time,temperature_2m_mean,temperature_2m_max,temperature_2m_min,apparent_temperature_mean,apparent_temperature_max,relative_humidity_2m_mean,precipitation_sum,rain_sum,snowfall_sum,precipitation_hours,wind_speed_10m_max,wind_gusts_10m_max
2020-01-01,-8.3,-1.7,-13.3,-12.9,-6.3,41,0.0,0.0,0.0,0.0,2.61,5.0
2020-01-02,-5.6,2.3,-11.7,-9.8,-1.5,49,0.0,0.0,0.0,0.0,2.63,3.8
2020-01-03,-3.0,5.2,-9.5,-7.0,1.8,55,0.0,0.0,0.0,0.0,3.1,4.2
2020-01-04,-1.2,7.1,-7.5,-5.4,3.1,51,0.0,0.0,0.0,0.0,2.47,5.1
2020-01-05,-2.7,2.4,-8.2,-6.4,-0.9,71,1.1,0.0,0.84,5.0,2.31,3.6
2020-01-06,-2.1,0.7,-3.7,-5.3,-1.8,94,1.2,0.0,0.84,5.0,2.73,5.0
2020-01-07,-1.0,2.4,-4.2,-5.8,-1.9,50,0.0,0.0,0.0,0.0,4.0,7.5
2020-01-08,-3.4,3.5,-8.5,-7.9,-0.4,52,0.0,0.0,0.0,0.0,2.98,5.2
2020-01-09,-5.2,1.4,-11.3,-9.3,-2.7,61,0.0,0.0,0.0,0.0,2.64,5.3
2020-01-10,-3.4,4.8,-9.1,-7.9,-0.1,55,0.0,0.0,0.0,0.0,3.28,7.3
2020-01-11,-4.3,-1.1,-7.7,-8.7,-5.3,48,0.0,0.0,0.0,0.0,2.63,5.0
2020-01-12,-4.5,1.1,-9.2,-8.7,-2.8,55,0.0,0.0,0.0,0.0,2.42,4.8
2020-01-13,-5.8,0.7,-10.1,-10.7,-3.3,45,0.0,0.0,0.0,0.0,4.16,8.8
2020-01-14,-6.9,-0.7,-11.3,-11.5,-4.9,47,0.0,0.0,0.0,0.0,2.58,5.3
2020-01-15,-7.0,0.0,-13.7,-11.1,-3.9,61,0.0,0.0,0.0,0.0,2.64,5.2
2020-01-16,-5.3,1.0,-10.7,-9.6,-3.2,54,0.0,0.0,0.0,0.0,2.21,5.5
2020-01-17,-4.5,1.5,-9.6,-8.5,-2.5,58,0.0,0.0,0.0,0.0,2.82,4.3
2020-01-18,-5.4,-0.2,-10.3,-9.4,-4.3,73,0.0,0.0,0.0,0.0,2.58,5.3
2020-01-19,-2.6,5.2,-10.1,-7.2,0.5,48,0.0,0.0,0.0,0.0,3.13,7.0
2020-01-20,-1.6,4.6,-6.0,-6.4,0.7,36,0.0,0.0,0.0,0.0,2.95,6.6
2020-01-21,-3.7,3.0,-9.8,-7.9,-1.4,54,0.0,0.0,0.0,0.0,2.06,5.1
2020-01-22,-3.7,4.0,-10.4,-7.6,0.3,64,0.0,0.0,0.0,0.0,1.92,4.8
2020-01-23,-1.9,7.6,-8.8,-6.2,3.2,59,0.0,0.0,0.0,0.0,3.32,7.4
2020-01-24,-2.7,2.8,-6.5,-6.9,-2.2,61,0.0,0.0,0.0,0.0,2.91,7.1
2020-01-25,-4.0,3.8,-10.2,-7.8,0.3,70,0.0,0.0,0.0,0.0,2.42,4.5
2020-01-26,-3.1,3.4,-8.8,-6.8,-0.1,70,0.0,0.0,0.0,0.0,2.1,4.5
2020-01-27,-1.4,4.3,-6.1,-4.9,1.0,71,0.0,0.0,0.0,0.0,1.75,4.1
2020-01-28,0.2,5.6,-3.2,-3.2,2.6,68,0.0,0.0,0.0,0.0,1.98,3.6
2020-01-29,0.8,7.7,-3.8,-2.8,3.9,62,0.0,0.0,0.0,0.0,2.8,5.1
2020-01-30,-1.2,5.8,-6.5,-5.2,1.3,59,0.0,0.0,0.0,0.0,2.96,7.3
2020-01-31,-0.9,8.6,-8.5,-5.0,4.6,55,0.0,0.0,0.0,0.0,2.97,6.1
2020-02-01,0.2,5.0,-3.6,-4.6,0.5,34,0.0,0.0,0.0,0.0,3.72,8.3
2020-02-02,-1.1,2.6,-6.6,-5.1,-1.4,68,1.8,0.0,1.47,8.0,2.88,8.8
2020-02-03,-4.0,1.8,-8.9,-8.9,-2.8,47,0.0,0.0,0.0,0.0,5.02,11.4
2020-02-04,-3.6,0.7,-7.4,-8.6,-4.0,40,0.0,0.0,0.0,0.0,3.97,9.1
2020-02-05,-6.2,-3.1,-9.6,-10.9,-7.6,51,0.4,0.0,0.35,4.0,2.97,6.9
2020-02-06,-5.8,-3.7,-8.3,-10.0,-7.3,76,1.5,0.0,1.26,10.0,2.66,5.1
2020-02-07,-5.1,1.6,-11.3,-8.9,-2.0,74,0.0,0.0,0.0,0.0,2.56,5.1
2020-02-08,-2.6,6.1,-9.3,-6.7,2.8,56,0.0,0.0,0.0,0.0,3.16,5.0
2020-02-09,-0.4,8.4,-6.8,-4.0,4.5,63,0.0,0.0,0.0,0.0,2.69,5.5
2020-02-10,1.5,12.0,-6.3,-2.2,8.8,64,0.0,0.0,0.0,0.0,3.14,5.2
2020-02-11,2.2,11.5,-4.3,-1.0,8.3,71,0.0,0.0,0.0,0.0,2.02,5.0
2020-02-12,2.6,11.5,-4.6,-0.4,8.8,78,0.0,0.0,0.0,0.0,2.18,5.3
2020-02-13,3.3,8.5,-2.2,0.5,6.0,87,0.5,0.5,0.0,2.0,2.69,5.7
2020-02-14,0.9,6.3,-4.9,-3.1,3.0,84,16.2,9.3,4.9,16.0,6.21,11.8
2020-02-15,-3.9,-0.2,-7.6,-10.0,-6.7,46,0.0,0.0,0.0,0.0,6.85,13.5
2020-02-16,-1.0,3.9,-4.6,-6.8,-2.3,34,0.0,0.0,0.0,0.0,6.22,12.5
2020-02-17,1.0,9.2,-4.8,-3.6,5.6,42,0.0,0.0,0.0,0.0,4.17,9.1
2020-02-18,1.9,10.2,-5.0,-1.8,7.6,58,0.0,0.0,0.0,0.0,3.2,5.3
2020-02-19,2.1,8.6,-2.4,-1.4,5.0,70,0.0,0.0,0.0,0.0,2.75,6.5
2020-02-20,0.3,3.3,-3.6,-2.8,0.5,84,0.0,0.0,0.0,0.0,2.33,5.9
2020-02-21,2.6,9.6,-2.4,-1.2,4.5,65,0.0,0.0,0.0,0.0,5.55,11.0
2020-02-22,3.1,9.8,-2.3,-1.6,5.2,37,0.0,0.0,0.0,0.0,3.54,8.6
2020-02-23,1.5,9.4,-4.6,-2.2,6.0,56,0.0,0.0,0.0,0.0,2.16,5.7
2020-02-24,4.3,10.9,-2.2,0.8,6.8,60,0.0,0.0,0.0,0.0,3.65,7.3
2020-02-25,5.1,8.5,2.3,1.7,4.7,59,0.0,0.0,0.0,0.0,2.95,5.8
2020-02-26,3.8,8.8,-0.3,0.2,5.7,59,0.0,0.0,0.0,0.0,3.06,6.6
2020-02-27,2.2,6.0,-1.1,-2.0,1.2,55,0.0,0.0,0.0,0.0,4.3,9.2
2020-02-28,2.3,7.1,-1.9,-1.1,3.9,69,0.0,0.0,0.0,0.0,2.35,6.4
2020-02-29,2.5,3.9,1.0,-0.2,1.8,93,1.5,1.5,0.0,10.0,1.93,4.4
2020-03-01,4.1,10.2,-3.2,-0.1,4.3,62,0.1,0.1,0.0,1.0,7.05,14.4
2020-03-02,2.7,10.2,-5.0,-1.5,5.3,56,3.6,2.8,0.56,6.0,5.69,11.6
2020-03-03,2.0,7.4,-3.5,-3.0,1.5,50,0.1,0.0,0.07,1.0,6.35,13.7
2020-03-04,1.0,6.9,-3.7,-3.5,3.2,37,0.0,0.0,0.0,0.0,3.52,7.2
2020-03-05,1.5,8.9,-5.2,-2.7,4.8,50,0.0,0.0,0.0,0.0,4.41,9.7
2020-03-06,3.3,9.3,-3.1,0.2,6.9,69,1.5,1.5,0.0,6.0,2.73,5.2
2020-03-07,5.9,13.3,-0.8,2.7,11.6,68,0.0,0.0,0.0,0.0,3.0,6.0
2020-03-08,4.1,8.3,0.4,1.7,6.5,89,1.4,1.4,0.0,5.0,1.8,5.5
2020-03-09,7.5,11.7,3.0,4.8,9.2,75,2.1,2.1,0.0,6.0,3.2,6.5
2020-03-10,4.9,11.4,-2.1,0.6,7.4,42,0.0,0.0,0.0,0.0,5.19,10.5
2020-03-11,4.7,15.2,-4.0,1.5,12.3,54,0.0,0.0,0.0,0.0,3.03,7.1
2020-03-12,7.3,13.6,0.9,3.0,8.6,46,0.0,0.0,0.0,0.0,5.41,11.7
2020-03-13,4.8,11.9,-3.1,0.0,6.6,32,0.0,0.0,0.0,0.0,4.64,10.4
2020-03-14,7.5,15.5,-1.6,2.7,9.9,33,0.0,0.0,0.0,0.0,6.29,12.7
2020-03-15,9.4,17.0,3.6,5.4,14.1,39,0.0,0.0,0.0,0.0,4.22,8.8
2020-03-16,5.1,13.0,-1.4,1.7,9.1,59,0.0,0.0,0.0,0.0,3.51,7.8
2020-03-17,10.9,22.2,0.4,7.7,19.0,47,0.0,0.0,0.0,0.0,3.2,6.3
2020-03-18,12.0,24.2,2.1,8.0,20.7,45,0.0,0.0,0.0,0.0,10.7,21.1
2020-03-19,10.7,17.0,4.6,5.7,12.3,21,0.0,0.0,0.0,0.0,6.2,13.0
2020-03-20,12.0,22.4,3.8,9.2,20.2,41,0.0,0.0,0.0,0.0,2.92,5.0
2020-03-21,11.8,16.6,5.8,8.5,14.8,39,0.0,0.0,0.0,0.0,2.82,6.4
2020-03-22,11.7,22.1,1.5,8.4,17.7,45,0.0,0.0,0.0,0.0,4.38,9.1
2020-03-23,12.7,22.3,3.6,9.1,19.3,37,0.0,0.0,0.0,0.0,4.24,7.9
2020-03-24,11.9,18.1,5.8,8.7,14.7,42,0.0,0.0,0.0,0.0,3.2,7.6
2020-03-25,15.4,21.9,9.6,13.4,20.1,54,0.1,0.1,0.0,1.0,3.09,7.1
2020-03-26,8.9,13.3,3.3,4.0,10.5,46,2.9,2.9,0.0,6.0,7.5,15.4
2020-03-27,6.8,13.4,0.2,1.7,8.1,24,0.0,0.0,0.0,0.0,6.16,12.7
2020-03-28,5.9,13.4,-2.8,1.8,9.7,34,0.0,0.0,0.0,0.0,3.58,8.6
2020-03-29,8.4,16.7,-0.7,4.7,12.6,40,0.0,0.0,0.0,0.0,3.96,9.2
2020-03-30,11.3,18.5,3.7,8.2,15.2,47,0.0,0.0,0.0,0.0,4.56,9.4
2020-03-31,12.9,18.9,7.0,10.5,16.8,51,0.0,0.0,0.0,0.0,4.15,8.7
2020-04-01,11.7,15.7,6.6,7.1,12.1,20,0.0,0.0,0.0,0.0,4.85,9.3
2020-04-02,11.4,20.5,1.0,7.6,16.5,34,0.0,0.0,0.0,0.0,3.41,7.6
2020-04-03,14.3,24.5,3.2,10.4,20.7,31,0.0,0.0,0.0,0.0,3.49,8.1
2020-04-04,13.6,17.7,7.6,9.3,15.1,23,0.0,0.0,0.0,0.0,5.28,9.7
2020-04-05,11.2,18.7,3.0,7.4,14.7,31,0.0,0.0,0.0,0.0,3.16,8.0
2020-04-06,14.9,23.3,6.2,12.2,21.1,35,0.0,0.0,0.0,0.0,2.91,6.8
2020-04-07,14.4,18.7,8.0,10.5,15.6,24,0.0,0.0,0.0,0.0,3.08,6.8
2020-04-08,11.5,17.0,4.4,7.5,13.4,27,0.0,0.0,0.0,0.0,4.61,9.4
2020-04-09,10.6,13.9,7.2,7.1,10.6,36,0.2,0.2,0.0,1.0,2.86,6.9
2020-04-10,11.3,17.4,5.1,8.2,15.5,40,0.0,0.0,0.0,0.0,2.62,6.9
2020-04-11,14.7,23.3,3.6,10.4,19.1,29,0.0,0.0,0.0,0.0,4.63,10.6
2020-04-12,17.4,25.5,9.0,12.8,21.7,15,0.0,0.0,0.0,0.0,3.83,9.1
2020-04-13,17.0,27.4,6.4,13.6,25.8,25,0.0,0.0,0.0,0.0,3.0,5.6
2020-04-14,18.2,27.5,9.3,15.1,24.1,30,0.0,0.0,0.0,0.0,3.98,9.0
2020-04-15,18.9,25.5,12.7,16.2,22.6,36,0.4,0.4,0.0,1.0,3.86,9.3
2020-04-16,15.1,20.0,11.5,12.1,16.5,53,13.0,13.0,0.0,7.0,5.81,12.0
2020-04-17,16.7,21.5,11.2,12.8,18.1,38,0.0,0.0,0.0,0.0,6.87,14.3
2020-04-18,15.7,22.7,6.9,13.2,20.7,46,0.0,0.0,0.0,0.0,2.6,5.1
2020-04-19,16.9,21.1,12.4,14.1,17.8,46,0.4,0.4,0.0,2.0,6.4,14.5
2020-04-20,12.1,15.4,4.8,6.7,9.7,25,0.0,0.0,0.0,0.0,8.04,16.3
2020-04-21,8.4,12.8,3.1,2.4,5.3,20,0.0,0.0,0.0,0.0,9.83,19.7
2020-04-22,10.3,15.7,4.3,4.6,10.2,13,0.0,0.0,0.0,0.0,7.18,14.6
2020-04-23,13.3,19.9,6.2,8.0,14.4,12,0.0,0.0,0.0,0.0,5.94,12.4
2020-04-24,18.9,29.8,6.7,13.7,23.9,14,0.0,0.0,0.0,0.0,6.79,14.0
2020-04-25,18.2,22.2,14.8,13.6,18.8,16,0.0,0.0,0.0,0.0,6.07,13.6
2020-04-26,16.0,22.0,7.6,12.5,18.9,24,0.0,0.0,0.0,0.0,3.64,8.4
2020-04-27,17.1,26.3,6.5,13.9,23.4,28,0.0,0.0,0.0,0.0,4.04,8.4
2020-04-28,20.1,30.4,9.0,17.3,27.0,30,0.0,0.0,0.0,0.0,4.75,9.9
2020-04-29,22.7,30.6,13.8,20.5,28.7,32,0.0,0.0,0.0,0.0,3.73,8.0
2020-04-30,24.6,35.1,13.9,23.8,33.8,42,0.0,0.0,0.0,0.0,4.61,9.3
2020-05-01,26.5,35.9,16.4,26.5,35.9,45,0.0,0.0,0.0,0.0,4.15,8.9
2020-05-02,27.7,34.4,21.4,27.9,34.1,48,0.0,0.0,0.0,0.0,5.42,11.9
2020-05-03,23.1,28.6,19.6,23.6,28.2,61,0.7,0.7,0.0,2.0,3.86,8.4
2020-05-04,17.5,20.4,12.1,15.4,19.0,54,0.0,0.0,0.0,0.0,4.14,8.5
2020-05-05,18.2,27.0,9.8,17.5,26.1,63,0.0,0.0,0.0,0.0,4.68,9.7
2020-05-06,21.1,28.0,13.9,20.0,26.6,52,0.0,0.0,0.0,0.0,4.58,9.7
2020-05-07,18.9,21.0,16.7,17.7,20.3,52,1.3,1.3,0.0,4.0,2.64,5.9
2020-05-08,15.2,16.3,14.1,14.7,16.7,82,5.8,5.8,0.0,12.0,3.11,6.9
2020-05-09,17.6,23.1,11.4,17.3,22.1,70,0.0,0.0,0.0,0.0,4.21,8.6
2020-05-10,20.4,25.8,12.9,16.8,21.4,35,0.0,0.0,0.0,0.0,7.14,14.9
2020-05-11,22.4,30.1,15.1,18.0,24.6,19,0.0,0.0,0.0,0.0,6.71,13.6
2020-05-12,22.3,29.3,15.5,18.9,26.0,23,0.0,0.0,0.0,0.0,5.24,10.4
2020-05-13,22.9,31.7,12.7,21.7,29.8,44,0.0,0.0,0.0,0.0,5.58,11.3
2020-05-14,25.5,32.0,19.4,23.9,30.1,39,0.0,0.0,0.0,0.0,5.59,11.3
2020-05-15,20.0,23.1,17.8,19.7,23.3,65,0.3,0.3,0.0,1.0,3.61,7.5
2020-05-16,19.1,24.1,16.1,17.8,23.6,53,0.2,0.2,0.0,1.0,3.0,6.7
2020-05-17,17.6,22.3,12.3,14.0,18.5,28,0.5,0.5,0.0,2.0,4.39,11.7
2020-05-18,20.8,28.8,13.5,16.7,23.6,25,0.0,0.0,0.0,0.0,6.31,13.4
2020-05-19,22.8,30.5,13.1,20.8,29.7,30,0.0,0.0,0.0,0.0,3.45,8.8
2020-05-20,24.1,30.9,15.3,23.1,30.8,40,0.0,0.0,0.0,0.0,3.54,6.4
2020-05-21,20.1,23.6,16.5,20.2,23.9,66,6.4,6.4,0.0,6.0,3.2,9.0
2020-05-22,23.7,30.7,16.8,23.2,29.4,53,0.0,0.0,0.0,0.0,5.17,11.5
2020-05-23,21.8,26.4,16.2,20.9,26.3,51,2.7,2.7,0.0,8.0,3.8,9.3
2020-05-24,23.4,29.0,15.8,21.7,28.1,38,0.0,0.0,0.0,0.0,4.08,8.4
2020-05-25,21.4,26.1,15.8,20.0,24.4,45,0.0,0.0,0.0,0.0,3.56,7.8
2020-05-26,22.6,28.8,13.7,21.1,28.0,41,0.0,0.0,0.0,0.0,3.77,7.8
2020-05-27,23.1,28.9,17.5,21.1,26.8,35,0.0,0.0,0.0,0.0,4.08,10.8
2020-05-28,24.7,33.7,14.6,23.5,32.0,40,0.0,0.0,0.0,0.0,4.34,9.0
2020-05-29,25.0,33.0,17.7,24.7,32.4,50,1.3,1.3,0.0,1.0,3.54,9.5
2020-05-30,25.2,31.1,19.4,24.7,29.9,49,0.0,0.0,0.0,0.0,7.38,15.3
2020-05-31,21.8,28.1,15.6,20.5,23.7,50,7.7,7.7,0.0,8.0,6.77,13.0
2020-06-01,22.3,32.3,13.6,21.2,29.2,48,1.6,1.6,0.0,2.0,6.72,14.0
2020-06-02,25.6,34.3,15.0,25.2,33.5,49,0.0,0.0,0.0,0.0,5.21,10.6
2020-06-03,28.5,37.2,20.6,27.0,34.1,31,0.0,0.0,0.0,0.0,4.26,11.0
2020-06-04,26.3,32.4,21.2,24.2,31.8,28,0.0,0.0,0.0,0.0,4.02,9.0
2020-06-05,25.7,31.1,18.7,24.7,31.1,39,0.0,0.0,0.0,0.0,4.19,10.4
2020-06-06,26.0,32.1,17.9,25.4,32.3,39,0.0,0.0,0.0,0.0,3.64,8.9
2020-06-07,29.1,38.0,20.3,29.3,37.7,39,0.0,0.0,0.0,0.0,4.62,10.1
2020-06-08,31.8,38.1,24.1,30.5,34.7,30,0.0,0.0,0.0,0.0,7.22,14.6
2020-06-09,27.6,29.5,24.0,28.0,30.1,47,0.1,0.1,0.0,1.0,3.68,8.6
2020-06-10,27.7,37.0,21.2,28.9,35.9,51,1.8,1.8,0.0,2.0,2.8,7.7
2020-06-11,25.9,30.6,20.5,26.9,32.8,53,0.4,0.4,0.0,1.0,3.71,8.4
2020-06-12,27.6,34.5,20.8,28.7,36.6,48,0.0,0.0,0.0,0.0,2.91,7.0
2020-06-13,28.4,33.8,22.2,29.0,35.0,45,0.5,0.5,0.0,2.0,3.88,10.9
2020-06-14,29.2,35.9,21.9,27.0,34.7,24,0.0,0.0,0.0,0.0,5.26,10.4
2020-06-15,30.4,38.1,20.2,29.1,38.2,25,0.0,0.0,0.0,0.0,3.06,6.7
2020-06-16,29.7,37.6,22.5,28.5,36.7,31,0.0,0.0,0.0,0.0,5.13,10.8
2020-06-17,27.8,31.5,22.9,26.7,30.8,40,0.0,0.0,0.0,0.0,6.26,13.7
2020-06-18,25.9,32.1,21.4,27.3,33.9,55,1.9,1.9,0.0,2.0,3.42,9.3
2020-06-19,28.2,34.3,20.7,28.8,34.5,49,0.0,0.0,0.0,0.0,5.07,11.3
2020-06-20,29.4,34.5,23.0,30.1,35.8,45,0.0,0.0,0.0,0.0,4.13,10.4
2020-06-21,31.3,37.0,24.7,31.7,37.8,40,0.0,0.0,0.0,0.0,5.43,12.0
2020-06-22,29.8,33.8,25.8,30.2,33.7,44,0.0,0.0,0.0,0.0,5.19,11.4
2020-06-23,27.0,31.5,23.5,28.3,32.2,56,0.0,0.0,0.0,0.0,5.11,10.2
2020-06-24,26.1,31.3,21.7,27.8,33.8,56,0.0,0.0,0.0,0.0,3.28,6.8
2020-06-25,22.0,25.4,20.0,24.3,26.5,84,20.9,20.9,0.0,19.0,4.35,9.1
2020-06-26,24.3,29.5,18.8,27.0,32.3,73,0.0,0.0,0.0,0.0,1.87,4.5
2020-06-27,27.1,33.3,21.5,30.4,36.1,65,0.0,0.0,0.0,0.0,2.11,4.8
2020-06-28,27.4,31.6,22.0,29.6,33.3,59,0.0,0.0,0.0,0.0,2.53,5.8
2020-06-29,25.8,29.0,22.4,27.9,31.6,61,0.0,0.0,0.0,0.0,1.96,6.3
2020-06-30,28.4,34.6,22.8,29.4,36.0,49,0.0,0.0,0.0,0.0,3.28,7.4
2020-07-01,28.1,34.0,21.6,30.0,36.3,53,0.4,0.4,0.0,2.0,3.24,8.2
2020-07-02,26.0,30.6,22.6,28.2,32.2,64,2.9,2.9,0.0,4.0,2.98,7.5
2020-07-03,23.3,26.2,21.3,26.5,29.9,83,9.1,9.1,0.0,17.0,3.04,7.0
2020-07-04,25.0,28.7,20.0,27.7,31.1,74,0.0,0.0,0.0,0.0,3.32,6.9
2020-07-05,25.9,30.2,21.4,29.6,34.7,74,0.3,0.3,0.0,2.0,2.15,6.7
2020-07-06,26.1,31.7,20.9,29.7,36.6,71,0.0,0.0,0.0,0.0,1.75,5.9
2020-07-07,28.4,34.2,22.1,30.1,35.8,52,0.0,0.0,0.0,0.0,3.67,7.9
2020-07-08,27.6,33.6,20.6,29.1,34.9,54,0.0,0.0,0.0,0.0,3.23,7.6
2020-07-09,22.1,26.1,19.4,23.9,26.4,72,6.9,6.9,0.0,13.0,2.42,5.2
2020-07-10,22.7,25.5,18.8,24.8,27.9,73,0.0,0.0,0.0,0.0,1.94,4.0
2020-07-11,25.2,28.7,22.0,28.7,32.5,76,0.5,0.5,0.0,2.0,2.22,3.9
2020-07-12,24.2,26.1,22.6,28.5,30.1,89,17.5,17.5,0.0,15.0,2.84,4.8
2020-07-13,25.3,30.0,21.3,28.9,33.0,76,1.1,1.1,0.0,3.0,2.27,5.3
2020-07-14,27.1,32.5,21.4,30.6,36.5,68,0.0,0.0,0.0,0.0,2.2,6.0
2020-07-15,28.4,34.7,21.1,31.8,38.2,64,0.0,0.0,0.0,0.0,3.24,7.3
2020-07-16,28.5,33.8,21.5,31.7,36.6,64,0.0,0.0,0.0,0.0,4.59,10.1
2020-07-17,27.2,29.4,23.1,30.1,31.6,67,1.4,1.4,0.0,6.0,4.29,10.7
2020-07-18,24.4,28.5,22.4,28.0,31.3,82,4.5,4.5,0.0,10.0,2.11,5.9
2020-07-19,27.4,33.8,22.0,29.5,34.3,59,0.0,0.0,0.0,0.0,2.91,7.7
2020-07-20,27.9,35.5,19.0,30.4,37.9,59,0.0,0.0,0.0,0.0,3.58,7.9
2020-07-21,29.5,35.3,24.4,31.3,36.5,51,0.0,0.0,0.0,0.0,5.06,11.4
2020-07-22,29.4,35.1,22.9,31.0,36.6,50,0.0,0.0,0.0,0.0,3.36,7.6
2020-07-23,29.5,35.9,21.6,31.2,37.4,46,0.0,0.0,0.0,0.0,2.75,7.7
2020-07-24,32.0,39.4,23.8,33.3,41.1,41,0.0,0.0,0.0,0.0,3.31,6.4
2020-07-25,30.6,36.7,23.1,31.6,36.9,44,0.0,0.0,0.0,0.0,4.75,10.2
2020-07-26,24.2,27.8,22.1,26.0,29.6,69,4.0,4.0,0.0,8.0,5.4,10.1
2020-07-27,24.1,27.4,21.7,27.1,30.4,81,8.7,8.7,0.0,13.0,3.34,8.4
2020-07-28,25.3,30.1,21.8,28.8,32.3,78,0.3,0.3,0.0,1.0,2.92,6.7
2020-07-29,27.4,33.5,22.1,31.6,36.9,74,0.0,0.0,0.0,0.0,2.4,5.6
2020-07-30,30.1,35.6,24.1,34.3,38.6,66,0.0,0.0,0.0,0.0,3.61,8.3
2020-07-31,28.4,33.3,24.4,32.6,36.5,71,2.6,2.6,0.0,5.0,4.81,10.3
2020-08-01,27.1,32.1,23.8,31.6,37.3,78,0.1,0.1,0.0,1.0,2.0,5.5
2020-08-02,28.2,35.2,22.0,32.2,38.4,69,0.0,0.0,0.0,0.0,4.2,8.3
2020-08-03,30.7,37.6,23.5,34.1,39.2,57,0.0,0.0,0.0,0.0,3.04,7.1
2020-08-04,31.1,37.9,23.7,33.6,40.7,50,0.0,0.0,0.0,0.0,2.33,5.6
2020-08-05,26.6,27.9,24.3,31.5,33.7,82,34.9,34.9,0.0,17.0,2.83,5.6
2020-08-06,27.7,31.7,22.4,32.3,36.1,75,0.1,0.1,0.0,1.0,1.97,6.3
2020-08-07,27.9,31.9,24.1,32.2,35.8,72,0.0,0.0,0.0,0.0,1.99,5.1
2020-08-08,26.9,30.9,23.0,30.6,34.4,72,0.2,0.2,0.0,1.0,2.47,6.0
2020-08-09,27.4,32.7,23.2,31.8,37.7,73,0.0,0.0,0.0,0.0,3.34,7.4
2020-08-10,26.8,33.0,21.3,30.2,36.6,69,0.0,0.0,0.0,0.0,2.55,6.3
2020-08-11,29.0,35.8,22.7,33.7,40.8,70,0.0,0.0,0.0,0.0,3.49,6.1
2020-08-12,26.9,31.2,23.6,31.3,36.1,83,22.8,22.8,0.0,18.0,4.8,14.0
2020-08-13,27.1,31.9,23.4,31.9,37.8,82,14.6,14.6,0.0,11.0,4.11,12.9
2020-08-14,29.1,34.7,22.9,34.8,40.5,77,0.0,0.0,0.0,0.0,2.86,6.6
2020-08-15,26.9,28.5,22.2,30.8,34.3,76,0.0,0.0,0.0,0.0,5.41,8.6
2020-08-16,24.8,28.3,21.9,28.9,31.5,82,0.1,0.1,0.0,1.0,2.81,6.6
2020-08-17,25.8,28.8,23.7,30.5,33.7,84,3.4,3.4,0.0,6.0,2.44,5.6
2020-08-18,24.4,26.7,22.6,27.7,32.6,83,13.2,13.2,0.0,12.0,6.93,13.2
2020-08-19,22.8,25.6,20.7,25.3,28.0,78,0.0,0.0,0.0,0.0,2.72,6.8
2020-08-20,22.9,26.6,19.3,25.4,28.5,77,0.0,0.0,0.0,0.0,2.12,4.3
2020-08-21,23.6,28.4,18.3,25.6,31.4,70,0.0,0.0,0.0,0.0,2.5,5.7
2020-08-22,23.3,28.2,17.8,25.0,29.0,71,0.0,0.0,0.0,0.0,3.98,8.5
2020-08-23,24.1,28.3,20.5,27.0,31.1,78,5.8,5.8,0.0,7.0,3.13,6.8
2020-08-24,25.3,32.5,20.2,28.3,36.6,78,27.1,27.1,0.0,10.0,5.39,10.6
2020-08-25,26.6,33.2,20.6,31.4,39.3,78,0.0,0.0,0.0,0.0,2.1,4.0
2020-08-26,25.9,30.0,21.7,30.3,34.4,82,0.0,0.0,0.0,0.0,2.36,5.9
2020-08-27,26.4,31.9,22.5,30.7,35.9,78,0.2,0.2,0.0,1.0,2.27,5.5
2020-08-28,25.5,30.2,21.0,28.7,32.8,72,0.0,0.0,0.0,0.0,2.73,6.1
2020-08-29,26.5,31.3,21.4,30.8,36.4,77,0.0,0.0,0.0,0.0,2.56,5.7
2020-08-30,26.6,30.6,23.8,30.5,34.1,78,1.3,1.3,0.0,6.0,3.49,8.4
2020-08-31,23.9,26.9,20.1,26.7,28.0,78,0.2,0.2,0.0,2.0,3.28,7.6
2020-09-01,24.7,33.6,18.1,26.2,34.6,65,1.2,1.2,0.0,2.0,2.64,6.9
2020-09-02,23.2,29.0,18.8,22.6,28.7,52,0.3,0.3,0.0,1.0,3.69,8.8
2020-09-03,22.0,27.7,16.9,20.7,26.0,51,0.0,0.0,0.0,0.0,5.35,12.3
2020-09-04,22.6,30.1,15.3,22.2,30.3,53,0.0,0.0,0.0,0.0,2.86,6.9
2020-09-05,24.1,30.4,17.6,25.0,32.6,57,0.0,0.0,0.0,0.0,2.22,6.1
2020-09-06,24.9,31.0,18.9,27.3,33.7,69,0.0,0.0,0.0,0.0,2.81,6.4
2020-09-07,25.5,32.6,20.2,27.2,33.6,62,0.3,0.3,0.0,1.0,4.3,9.0
2020-09-08,24.8,30.6,19.1,24.9,29.2,55,0.0,0.0,0.0,0.0,4.4,9.5
2020-09-09,24.0,31.7,17.2,23.6,30.6,52,0.0,0.0,0.0,0.0,4.49,9.4
2020-09-10,21.6,25.5,19.5,20.9,22.9,59,0.2,0.2,0.0,2.0,5.39,11.8
2020-09-11,22.4,26.1,18.5,22.2,24.5,63,0.0,0.0,0.0,0.0,5.33,11.6
2020-09-12,22.3,26.1,19.2,22.9,26.7,64,0.2,0.2,0.0,2.0,2.94,7.4
2020-09-13,22.5,26.4,18.9,23.9,27.1,71,0.2,0.2,0.0,1.0,2.8,6.6
2020-09-14,21.6,24.2,19.5,24.3,27.1,83,3.2,3.2,0.0,10.0,2.16,4.2
2020-09-15,19.1,21.4,16.7,21.6,23.4,96,22.6,22.6,0.0,16.0,1.94,5.4
2020-09-16,20.1,25.3,14.8,17.3,22.2,42,0.0,0.0,0.0,0.0,5.69,12.0
2020-09-17,20.5,27.8,13.6,17.8,24.9,40,0.0,0.0,0.0,0.0,5.47,11.7
2020-09-18,18.9,27.4,11.0,17.4,24.8,54,0.0,0.0,0.0,0.0,3.33,8.0
2020-09-19,19.5,29.3,10.4,19.1,28.9,60,0.0,0.0,0.0,0.0,2.41,7.4
2020-09-20,20.5,27.3,13.7,19.3,26.1,50,0.0,0.0,0.0,0.0,2.72,5.5
2020-09-21,20.9,27.5,15.1,21.8,27.9,69,0.0,0.0,0.0,0.0,2.79,7.5
2020-09-22,21.6,26.8,17.2,21.5,25.8,60,0.0,0.0,0.0,0.0,3.62,8.1
2020-09-23,17.3,18.5,16.1,18.8,19.8,92,12.5,12.5,0.0,24.0,2.18,6.3
2020-09-24,19.3,23.9,16.2,20.6,25.3,80,0.3,0.3,0.0,3.0,1.98,5.7
2020-09-25,19.2,26.0,14.4,20.3,27.2,79,0.0,0.0,0.0,0.0,2.43,5.8
2020-09-26,19.6,27.0,13.3,20.3,27.3,74,0.0,0.0,0.0,0.0,2.72,6.7
2020-09-27,19.6,26.4,13.3,20.0,25.9,72,0.0,0.0,0.0,0.0,2.94,7.1
2020-09-28,19.9,26.3,14.0,21.2,26.8,77,2.3,2.3,0.0,2.0,2.67,6.8
2020-09-29,16.4,19.5,10.3,16.1,20.6,79,16.1,16.1,0.0,11.0,4.88,9.6
2020-09-30,15.1,21.2,9.0,14.2,19.7,72,0.0,0.0,0.0,0.0,3.23,7.6
2020-10-01,16.5,20.6,13.6,16.4,20.6,79,4.3,4.3,0.0,8.0,3.16,8.2
2020-10-02,15.6,21.3,7.3,12.1,17.5,39,0.0,0.0,0.0,0.0,4.89,10.6
2020-10-03,14.5,23.4,6.7,12.1,20.4,57,0.0,0.0,0.0,0.0,6.62,13.7
2020-10-04,13.3,18.4,9.7,8.4,14.0,30,0.0,0.0,0.0,0.0,6.31,13.3
2020-10-05,13.2,19.9,7.8,9.5,16.5,37,0.0,0.0,0.0,0.0,3.36,7.8
2020-10-06,12.8,21.2,4.8,10.7,18.9,56,0.0,0.0,0.0,0.0,3.0,6.3
2020-10-07,14.9,22.8,8.7,13.4,21.2,63,0.0,0.0,0.0,0.0,2.75,6.6
2020-10-08,14.2,20.9,7.0,12.4,18.3,64,0.0,0.0,0.0,0.0,3.1,6.9
2020-10-09,16.3,22.6,11.9,15.3,21.3,66,0.0,0.0,0.0,0.0,2.71,6.4
2020-10-10,16.2,23.4,9.4,15.6,22.3,72,0.0,0.0,0.0,0.0,3.01,6.7
2020-10-11,15.4,19.1,9.7,13.0,15.5,55,0.0,0.0,0.0,0.0,5.02,10.3
2020-10-12,11.3,19.0,2.6,7.7,15.2,42,0.0,0.0,0.0,0.0,4.1,8.3
2020-10-13,13.4,21.4,4.6,9.8,16.8,41,0.0,0.0,0.0,0.0,4.16,9.3
2020-10-14,11.8,16.2,8.6,8.2,12.4,37,0.0,0.0,0.0,0.0,4.1,8.8
2020-10-15,11.8,18.9,5.1,10.2,16.8,68,0.0,0.0,0.0,0.0,2.5,6.2
2020-10-16,13.9,20.1,6.5,10.2,15.6,40,0.0,0.0,0.0,0.0,4.61,10.2
2020-10-17,12.8,23.7,3.7,9.4,19.7,42,0.0,0.0,0.0,0.0,3.09,6.9
2020-10-18,12.8,22.5,5.1,10.0,19.6,48,0.0,0.0,0.0,0.0,2.91,5.8
2020-10-19,12.5,22.5,4.9,9.9,19.6,56,0.0,0.0,0.0,0.0,2.91,6.3
2020-10-20,12.7,19.5,6.9,10.7,16.7,65,0.0,0.0,0.0,0.0,3.31,7.3
2020-10-21,11.9,16.8,4.3,7.0,11.1,30,0.0,0.0,0.0,0.0,5.95,13.4
2020-10-22,9.0,15.9,2.6,4.5,10.1,33,0.0,0.0,0.0,0.0,5.16,11.2
2020-10-23,9.4,17.8,1.9,5.4,13.8,35,0.0,0.0,0.0,0.0,2.87,6.1
2020-10-24,10.1,20.2,1.7,6.8,16.4,45,0.0,0.0,0.0,0.0,3.01,6.5
2020-10-25,11.7,19.6,5.6,9.0,16.5,46,0.0,0.0,0.0,0.0,1.97,4.5
2020-10-26,14.5,24.4,6.8,11.4,20.8,43,0.0,0.0,0.0,0.0,4.58,9.5
2020-10-27,11.8,17.5,6.6,7.1,13.1,22,0.0,0.0,0.0,0.0,4.32,9.2
2020-10-28,9.6,19.9,2.2,5.8,15.8,36,0.0,0.0,0.0,0.0,2.58,5.2
2020-10-29,9.8,18.8,4.5,6.5,15.0,40,0.0,0.0,0.0,0.0,2.45,5.7
2020-10-30,10.1,18.7,1.9,6.8,14.4,49,0.0,0.0,0.0,0.0,3.41,7.7
2020-10-31,13.1,19.4,8.5,9.8,14.1,43,0.3,0.3,0.0,2.0,4.63,10.7
2020-11-01,11.6,18.1,6.9,7.1,12.8,26,0.0,0.0,0.0,0.0,4.56,9.8
2020-11-02,8.6,13.3,2.1,3.4,6.3,24,0.0,0.0,0.0,0.0,6.39,13.5
2020-11-03,5.7,14.5,-1.3,1.3,9.6,31,0.0,0.0,0.0,0.0,3.16,7.9
2020-11-04,6.0,15.1,-0.9,2.3,10.7,39,0.0,0.0,0.0,0.0,2.55,5.3
2020-11-05,7.8,17.4,0.5,4.5,13.6,52,0.0,0.0,0.0,0.0,2.57,5.6
2020-11-06,10.5,18.8,4.1,6.8,13.5,44,0.0,0.0,0.0,0.0,3.88,9.4
2020-11-07,11.1,19.0,4.9,6.2,12.9,25,0.0,0.0,0.0,0.0,6.33,13.1
2020-11-08,8.4,16.4,1.2,3.8,11.3,24,0.0,0.0,0.0,0.0,3.57,8.4
2020-11-09,7.7,17.6,0.2,3.6,13.0,35,0.0,0.0,0.0,0.0,2.7,6.5
2020-11-10,7.6,17.6,-0.3,3.9,13.3,42,0.0,0.0,0.0,0.0,2.55,5.8
2020-11-11,7.7,16.3,0.2,4.5,12.5,49,0.0,0.0,0.0,0.0,2.41,5.8
2020-11-12,10.2,20.0,3.8,6.5,14.7,46,0.0,0.0,0.0,0.0,4.57,9.8
2020-11-13,8.2,16.6,1.3,4.3,12.2,39,0.0,0.0,0.0,0.0,2.83,6.2
2020-11-14,8.2,14.2,4.0,5.7,11.5,63,0.0,0.0,0.0,0.0,1.8,5.2
2020-11-15,7.9,15.3,2.3,5.4,13.0,66,0.0,0.0,0.0,0.0,1.8,3.9
2020-11-16,9.2,13.3,3.7,6.4,10.3,55,0.0,0.0,0.0,0.0,2.24,3.3
2020-11-17,10.5,11.3,9.5,8.7,10.0,72,0.0,0.0,0.0,0.0,2.12,4.1
2020-11-18,9.7,11.4,6.7,7.3,9.0,86,15.7,15.7,0.0,17.0,4.98,9.5
2020-11-19,5.6,9.2,1.5,1.6,5.0,58,0.0,0.0,0.0,0.0,3.83,8.6
2020-11-20,1.7,7.1,-2.2,-2.2,3.5,54,0.0,0.0,0.0,0.0,2.62,4.5
2020-11-21,0.7,1.7,-0.4,-2.4,-1.5,81,3.0,0.3,1.89,9.0,2.1,5.8
2020-11-22,-0.6,3.6,-4.2,-5.5,-1.8,50,0.0,0.0,0.0,0.0,4.92,9.9
2020-11-23,-1.2,5.3,-5.5,-5.6,1.0,49,0.0,0.0,0.0,0.0,2.58,6.2
2020-11-24,-0.7,5.5,-4.4,-4.5,1.8,59,0.0,0.0,0.0,0.0,2.89,4.4
2020-11-25,0.4,6.5,-4.6,-3.6,2.2,57,0.0,0.0,0.0,0.0,3.1,6.2
2020-11-26,0.4,4.3,-2.8,-3.2,0.4,57,0.0,0.0,0.0,0.0,1.92,5.4
2020-11-27,0.1,5.2,-3.2,-4.5,0.3,49,0.0,0.0,0.0,0.0,4.11,8.9
2020-11-28,-2.6,1.2,-5.7,-6.9,-2.4,48,0.0,0.0,0.0,0.0,2.62,4.7
2020-11-29,-2.2,4.4,-5.8,-6.2,-0.1,53,0.0,0.0,0.0,0.0,2.77,6.2
2020-11-30,-3.1,2.4,-6.3,-7.5,-1.3,47,0.0,0.0,0.0,0.0,2.64,6.3
2020-12-01,-3.4,2.0,-7.0,-7.3,-1.6,59,0.0,0.0,0.0,0.0,2.16,4.4
2020-12-02,-2.6,2.5,-5.7,-7.1,-2.5,52,0.0,0.0,0.0,0.0,3.67,7.6
2020-12-03,-2.7,3.7,-7.2,-7.6,-1.5,39,0.0,0.0,0.0,0.0,3.62,8.0
2020-12-04,-2.6,3.2,-5.8,-7.4,-1.9,40,0.0,0.0,0.0,0.0,3.56,8.1
2020-12-05,-3.3,3.2,-7.5,-7.7,-0.8,45,0.0,0.0,0.0,0.0,2.79,4.7
2020-12-06,-1.0,5.7,-5.4,-5.5,1.0,43,0.0,0.0,0.0,0.0,3.79,8.3
2020-12-07,-3.7,0.9,-7.4,-9.0,-4.5,32,0.0,0.0,0.0,0.0,4.36,9.4
2020-12-08,-5.4,0.5,-10.6,-9.9,-3.5,39,0.0,0.0,0.0,0.0,2.53,5.4
2020-12-09,-2.4,3.3,-6.7,-6.4,-0.8,53,0.0,0.0,0.0,0.0,2.56,4.8
2020-12-10,-1.6,6.9,-7.1,-5.6,3.1,59,0.0,0.0,0.0,0.0,2.53,4.5
2020-12-11,-1.5,4.8,-5.4,-5.6,0.7,57,0.0,0.0,0.0,0.0,3.09,5.0
2020-12-12,-2.1,2.7,-5.0,-5.7,-1.0,77,1.0,0.4,0.42,4.0,2.84,6.3
2020-12-13,-4.7,-1.9,-7.5,-10.6,-7.5,31,0.0,0.0,0.0,0.0,5.75,11.3
2020-12-14,-6.4,-1.0,-11.4,-11.2,-6.1,33,0.0,0.0,0.0,0.0,2.94,7.0
2020-12-15,-7.4,-0.9,-12.7,-11.9,-5.2,39,0.0,0.0,0.0,0.0,2.42,4.7
2020-12-16,-5.3,0.8,-9.9,-9.9,-3.8,37,0.0,0.0,0.0,0.0,2.83,5.0
2020-12-17,-4.1,3.9,-9.6,-8.7,-0.4,42,0.0,0.0,0.0,0.0,2.78,4.9
2020-12-18,-4.0,0.7,-8.1,-9.1,-4.6,32,0.0,0.0,0.0,0.0,4.41,8.6
2020-12-19,-5.1,2.4,-11.6,-9.3,-1.9,41,0.0,0.0,0.0,0.0,2.42,5.1
2020-12-20,-3.5,4.0,-8.3,-8.0,-0.2,46,0.0,0.0,0.0,0.0,2.73,5.4
2020-12-21,-3.9,4.3,-9.6,-8.3,0.3,49,0.0,0.0,0.0,0.0,3.04,4.7
2020-12-22,-3.4,4.6,-9.7,-7.5,1.0,57,0.0,0.0,0.0,0.0,2.96,4.1
2020-12-23,0.6,6.9,-4.3,-4.4,1.4,36,0.0,0.0,0.0,0.0,5.05,11.1
2020-12-24,-1.5,4.2,-5.6,-6.7,-1.2,31,0.0,0.0,0.0,0.0,4.44,9.4
2020-12-25,-1.9,7.0,-7.2,-5.9,3.2,42,0.0,0.0,0.0,0.0,2.73,4.7
2020-12-26,-2.8,3.0,-6.8,-6.9,-0.5,56,0.0,0.0,0.0,0.0,2.11,4.4
2020-12-27,-2.3,5.3,-8.0,-6.3,1.4,57,0.0,0.0,0.0,0.0,2.5,4.4
2020-12-28,-2.7,-0.4,-4.9,-6.7,-4.1,62,0.0,0.0,0.0,0.0,5.79,11.3
2020-12-29,-9.9,-5.3,-13.5,-17.1,-12.5,19,0.0,0.0,0.0,0.0,7.18,13.9
2020-12-30,-9.9,-5.6,-13.8,-16.1,-11.6,24,0.0,0.0,0.0,0.0,5.81,12.3
2020-12-31,-5.9,1.3,-12.3,-11.0,-4.3,29,0.0,0.0,0.0,0.0,3.54,8.1
2021-01-01,-6.1,0.5,-11.8,-10.8,-4.2,33,0.0,0.0,0.0,0.0,2.56,5.1
2021-01-02,-5.7,0.5,-10.1,-9.9,-3.3,52,0.0,0.0,0.0,0.0,2.48,4.4
2021-01-03,-7.1,-1.8,-12.5,-11.7,-6.1,39,0.0,0.0,0.0,0.0,2.62,5.0
2021-01-04,-4.9,-0.7,-9.0,-10.2,-7.0,30,0.0,0.0,0.0,0.0,4.68,9.9
2021-01-05,-7.3,-2.0,-13.2,-12.4,-7.2,29,0.0,0.0,0.0,0.0,3.49,7.2
2021-01-06,-12.6,-8.4,-18.5,-20.0,-14.4,21,0.0,0.0,0.0,0.0,8.48,18.4
2021-01-07,-13.7,-6.9,-19.4,-19.4,-13.9,23,0.0,0.0,0.0,0.0,6.17,12.0
2021-01-08,-9.8,-3.4,-16.3,-15.1,-9.8,31,0.0,0.0,0.0,0.0,4.81,10.8
2021-01-09,-6.2,1.5,-13.3,-11.5,-4.3,35,0.0,0.0,0.0,0.0,3.98,8.8
2021-01-10,-3.6,2.0,-9.4,-8.6,-3.0,32,0.0,0.0,0.0,0.0,3.76,7.9
2021-01-11,-3.5,1.6,-7.6,-8.6,-3.9,34,0.0,0.0,0.0,0.0,3.98,9.0
2021-01-12,-3.6,3.9,-10.6,-8.1,-1.4,38,0.0,0.0,0.0,0.0,3.61,7.4
2021-01-13,-0.9,7.0,-6.8,-5.5,2.4,37,0.0,0.0,0.0,0.0,2.9,5.2
2021-01-14,-1.4,2.9,-5.2,-5.4,-0.9,70,0.0,0.0,0.0,0.0,2.52,6.8
2021-01-15,-1.6,3.0,-5.3,-6.7,-2.4,42,0.0,0.0,0.0,0.0,5.4,11.6
2021-01-16,-4.2,0.3,-7.9,-9.6,-5.9,26,0.0,0.0,0.0,0.0,5.4,11.5
2021-01-17,-3.0,2.9,-7.6,-8.0,-2.7,26,0.0,0.0,0.0,0.0,3.73,8.6
2021-01-18,-3.1,4.0,-8.9,-8.0,-0.6,35,0.0,0.0,0.0,0.0,4.76,8.1
2021-01-19,-6.6,-4.6,-9.1,-11.1,-8.5,61,0.0,0.0,0.0,0.0,3.01,6.2
2021-01-20,-5.9,-1.2,-10.0,-9.8,-5.1,67,0.0,0.0,0.0,0.0,2.41,4.5
2021-01-21,-2.6,4.5,-7.4,-6.3,0.6,64,0.0,0.0,0.0,0.0,2.75,4.9
2021-01-22,-2.4,4.2,-7.7,-6.5,0.1,57,0.0,0.0,0.0,0.0,2.55,6.0
2021-01-23,-3.2,2.6,-7.9,-7.0,-1.5,63,0.0,0.0,0.0,0.0,2.25,5.6
2021-01-24,-2.3,3.8,-8.8,-6.1,-0.3,61,0.0,0.0,0.0,0.0,2.01,4.8
2021-01-25,-1.7,2.2,-5.2,-5.0,-0.9,73,0.0,0.0,0.14,0.0,1.88,4.4
2021-01-26,-1.2,8.1,-8.2,-5.5,3.0,57,0.0,0.0,0.0,0.0,3.23,7.9
2021-01-27,-2.1,2.4,-7.3,-6.8,-1.5,40,0.0,0.0,0.0,0.0,4.74,10.5
2021-01-28,-4.3,-1.2,-8.9,-10.4,-7.2,17,0.0,0.0,0.0,0.0,6.49,13.6
2021-01-29,-6.1,-0.1,-12.0,-10.8,-4.9,30,0.0,0.0,0.0,0.0,3.06,6.8
2021-01-30,-2.5,7.4,-10.7,-7.0,1.8,45,0.0,0.0,0.0,0.0,3.98,8.3
2021-01-31,-3.5,1.0,-6.5,-7.3,-3.1,71,0.0,0.0,0.0,0.0,2.52,5.8
2021-02-01,-2.0,3.3,-6.8,-7.7,-3.4,36,0.0,0.0,0.0,0.0,5.64,11.7
2021-02-02,-4.2,2.3,-9.6,-9.2,-3.0,25,0.0,0.0,0.0,0.0,3.55,8.9
2021-02-03,-2.4,7.0,-9.6,-7.4,0.8,30,0.0,0.0,0.0,0.0,6.8,13.9
2021-02-04,0.3,8.8,-6.3,-4.3,3.9,33,0.0,0.0,0.0,0.0,3.29,7.0
2021-02-05,3.5,14.3,-4.2,-0.7,9.7,39,0.0,0.0,0.0,0.0,3.26,7.6
2021-02-06,5.4,15.3,-1.7,1.3,11.7,43,0.0,0.0,0.0,0.0,2.94,7.4
2021-02-07,0.8,6.1,-5.4,-3.8,0.7,42,0.0,0.0,0.0,0.0,3.59,9.1
2021-02-08,-0.9,7.0,-6.5,-5.0,3.3,47,0.0,0.0,0.0,0.0,2.84,6.3
2021-02-09,-0.2,7.3,-6.3,-3.8,3.7,59,0.0,0.0,0.0,0.0,2.75,5.2
2021-02-10,2.3,13.3,-5.6,-1.6,10.2,53,0.0,0.0,0.0,0.0,3.31,5.3
2021-02-11,2.9,11.6,-4.4,-0.4,9.2,65,0.0,0.0,0.0,0.0,2.6,6.4
2021-02-12,5.0,14.6,-2.9,1.8,11.6,61,0.0,0.0,0.0,0.0,2.12,5.2
2021-02-13,3.2,7.2,0.7,0.6,5.0,86,0.0,0.0,0.0,0.0,1.99,3.9
2021-02-14,1.4,3.5,-1.9,-1.5,0.9,88,2.8,2.8,0.0,10.0,3.57,8.1
2021-02-15,-0.5,4.7,-6.6,-5.3,-0.0,44,0.0,0.0,0.0,0.0,5.6,11.3
2021-02-16,-2.0,0.3,-5.9,-8.1,-4.6,29,0.0,0.0,0.0,0.0,7.39,15.0
2021-02-17,-3.7,3.0,-7.7,-9.1,-2.9,22,0.0,0.0,0.0,0.0,4.42,9.5
2021-02-18,-1.7,6.1,-8.1,-6.0,2.0,35,0.0,0.0,0.0,0.0,2.8,6.7
2021-02-19,3.4,15.1,-5.0,-0.3,11.4,52,0.0,0.0,0.0,0.0,3.36,6.9
2021-02-20,7.0,17.7,-1.4,3.8,14.3,55,0.0,0.0,0.0,0.0,2.62,5.5
2021-02-21,10.6,22.8,2.4,7.0,19.1,42,0.0,0.0,0.0,0.0,3.51,8.9
2021-02-22,6.4,11.7,0.2,2.4,8.2,43,0.0,0.0,0.0,0.0,2.96,6.8
2021-02-23,0.6,3.0,-1.7,-3.5,-1.2,64,1.1,0.0,1.05,7.0,2.83,7.4
2021-02-24,-1.1,4.1,-4.8,-4.6,0.7,71,0.0,0.0,0.0,0.0,1.91,5.1
2021-02-25,1.9,8.5,-3.6,-1.4,5.8,67,0.0,0.0,0.0,0.0,2.2,5.8
2021-02-26,2.5,11.1,-4.7,-0.8,8.0,72,0.0,0.0,0.0,0.0,3.03,6.2
2021-02-27,4.2,12.1,-3.1,0.3,8.1,57,0.0,0.0,0.0,0.0,4.02,8.5
2021-02-28,3.6,5.3,0.0,0.8,3.0,81,8.9,7.1,1.26,17.0,2.88,7.5
2021-03-01,1.1,4.3,-1.9,-2.0,1.4,83,2.7,0.4,1.61,5.0,4.2,8.7
2021-03-02,1.2,6.4,-2.1,-2.0,3.2,81,0.0,0.0,0.0,0.0,2.86,8.0
2021-03-03,2.7,8.7,-1.6,-0.2,5.9,82,0.0,0.0,0.0,0.0,2.93,7.4
2021-03-04,5.5,12.4,-0.7,3.0,10.2,83,0.0,0.0,0.0,0.0,3.01,6.8
2021-03-05,3.3,8.1,-0.6,-0.2,5.1,76,0.0,0.0,0.0,0.0,4.85,8.2
2021-03-06,0.1,3.8,-2.9,-4.3,0.1,42,0.0,0.0,0.0,0.0,2.9,7.5
2021-03-07,1.1,7.8,-4.8,-2.6,3.8,61,0.0,0.0,0.0,0.0,3.0,7.1
2021-03-08,3.2,10.1,-3.3,-0.1,6.8,63,0.0,0.0,0.0,0.0,2.92,7.3
2021-03-09,6.5,15.4,-2.2,3.9,13.5,68,0.0,0.0,0.0,0.0,2.62,5.4
2021-03-10,9.0,16.0,2.2,6.4,13.5,70,0.0,0.0,0.0,0.0,3.96,8.6
2021-03-11,11.3,16.5,6.0,9.4,14.5,69,0.5,0.5,0.0,2.0,2.75,6.3
2021-03-12,9.4,11.5,6.8,7.4,9.5,81,4.2,4.2,0.0,9.0,3.47,8.8
2021-03-13,9.2,13.7,5.6,7.4,12.6,78,0.0,0.0,0.0,0.0,2.64,5.7
2021-03-14,8.7,11.8,5.2,6.6,10.1,80,0.0,0.0,0.0,0.0,3.9,7.8
2021-03-15,9.8,12.2,5.4,5.3,9.6,42,0.0,0.0,0.0,0.0,7.58,15.3
2021-03-16,7.3,13.5,-1.2,3.3,11.3,30,0.0,0.0,0.0,0.0,3.36,6.3
2021-03-17,8.6,12.0,4.2,5.3,8.6,42,0.0,0.0,0.0,0.0,2.02,4.6
2021-03-18,6.9,8.6,5.3,4.5,5.9,71,2.9,2.9,0.0,7.0,1.84,6.3
2021-03-19,6.3,10.0,4.0,3.9,6.9,73,7.9,7.9,0.0,8.0,2.13,6.3
2021-03-20,7.7,12.9,4.2,3.5,7.5,56,0.1,0.1,0.0,1.0,7.27,14.7
2021-03-21,6.7,12.8,1.6,1.7,7.8,32,0.0,0.0,0.0,0.0,5.52,12.0
2021-03-22,9.6,18.6,-0.1,5.5,14.7,39,0.0,0.0,0.0,0.0,4.84,9.7
2021-03-23,11.6,21.1,1.5,8.8,19.6,48,0.0,0.0,0.0,0.0,3.44,7.2
2021-03-24,13.8,20.7,7.0,10.5,19.5,40,0.0,0.0,0.0,0.0,4.1,7.3
2021-03-25,12.6,21.2,3.9,9.9,18.2,49,0.0,0.0,0.0,0.0,3.86,8.3
2021-03-26,12.7,15.0,9.3,11.6,14.2,72,1.0,1.0,0.0,3.0,1.8,3.8
2021-03-27,13.4,18.0,9.4,12.3,16.3,79,0.0,0.0,0.0,0.0,4.1,8.5
2021-03-28,13.1,17.6,8.5,8.8,11.7,40,0.0,0.0,0.0,0.0,7.44,15.1
2021-03-29,12.7,19.0,7.0,8.9,16.4,27,0.0,0.0,0.0,0.0,2.83,6.2
2021-03-30,13.3,21.4,4.7,10.3,18.3,44,0.0,0.0,0.0,0.0,4.9,10.3
2021-03-31,16.1,23.7,7.2,13.6,21.3,43,0.0,0.0,0.0,0.0,3.67,8.3
2021-04-01,14.7,19.0,8.9,12.3,16.5,47,0.0,0.0,0.0,0.0,2.62,5.5
2021-04-02,14.3,17.1,11.3,12.4,15.7,58,0.0,0.0,0.0,0.0,2.95,6.3
2021-04-03,13.6,17.7,5.5,9.7,13.7,36,0.3,0.3,0.0,2.0,6.17,11.6
2021-04-04,12.0,19.7,4.6,8.3,17.5,33,0.0,0.0,0.0,0.0,2.97,6.3
2021-04-05,13.1,19.5,6.1,9.5,14.7,36,0.0,0.0,0.0,0.0,5.01,10.2
2021-04-06,14.7,21.5,6.2,12.2,20.2,42,0.0,0.0,0.0,0.0,2.92,5.7
2021-04-07,13.8,19.9,6.8,10.6,18.0,40,0.0,0.0,0.0,0.0,3.83,8.2
2021-04-08,12.5,20.0,4.6,9.4,16.8,36,0.0,0.0,0.0,0.0,2.45,7.1
2021-04-09,14.6,20.3,9.6,10.6,16.7,26,0.0,0.0,0.0,0.0,3.52,9.2
2021-04-10,14.4,22.4,7.6,11.2,17.8,36,0.8,0.8,0.0,2.0,4.92,10.2
2021-04-11,16.8,20.6,13.5,13.9,17.1,41,0.0,0.0,0.0,0.0,3.61,7.8
2021-04-12,13.3,17.6,8.5,10.3,16.1,55,0.0,0.0,0.0,0.0,6.18,12.7
2021-04-13,11.0,16.5,5.0,6.5,11.5,23,0.0,0.0,0.0,0.0,4.22,9.9
2021-04-14,14.0,22.6,2.5,9.8,19.0,26,0.0,0.0,0.0,0.0,4.15,9.1
2021-04-15,15.0,23.0,9.1,10.8,19.7,30,0.8,0.8,0.0,2.0,6.81,13.6
2021-04-16,12.5,16.9,7.0,7.4,11.6,24,0.0,0.0,0.0,0.0,7.72,16.2
2021-04-17,14.4,20.8,7.9,9.5,15.6,19,0.0,0.0,0.0,0.0,5.68,12.4
2021-04-18,15.8,25.5,3.9,12.3,21.9,28,0.0,0.0,0.0,0.0,5.1,10.7
2021-04-19,19.0,28.6,9.1,16.7,26.7,34,0.0,0.0,0.0,0.0,3.14,7.1
2021-04-20,21.0,28.3,14.0,18.5,26.1,37,0.0,0.0,0.0,0.0,5.41,11.2
2021-04-21,19.0,24.6,12.8,16.6,21.3,44,0.0,0.0,0.0,0.0,4.9,10.6
2021-04-22,15.0,18.8,11.8,13.3,17.7,59,1.3,1.3,0.0,6.0,3.42,8.0
2021-04-23,15.8,21.2,9.1,14.2,18.7,64,0.0,0.0,0.0,0.0,5.15,11.1
2021-04-24,17.1,21.1,9.6,15.7,19.6,60,0.0,0.0,0.0,0.0,3.18,7.8
2021-04-25,18.0,21.6,15.5,16.1,20.1,48,0.0,0.0,0.0,0.0,3.01,5.7
2021-04-26,17.2,23.1,12.5,14.6,21.2,43,0.0,0.0,0.0,0.0,4.9,11.5
2021-04-27,16.9,21.8,10.2,13.0,15.6,36,0.0,0.0,0.0,0.0,7.74,15.6
2021-04-28,17.8,22.8,9.8,13.7,19.5,19,0.0,0.0,0.0,0.0,4.26,11.2
2021-04-29,15.1,21.2,8.5,10.5,15.3,28,0.0,0.0,0.0,0.0,8.77,18.0
2021-04-30,11.1,15.8,7.8,7.7,12.4,41,0.0,0.0,0.0,0.0,3.62,7.4
2021-05-01,13.4,20.3,3.7,8.8,14.4,34,0.0,0.0,0.0,0.0,7.4,15.2
2021-05-02,15.0,22.1,3.8,11.0,18.5,29,0.0,0.0,0.0,0.0,6.04,12.6
2021-05-03,18.0,24.0,10.3,15.5,22.0,39,0.0,0.0,0.0,0.0,4.55,9.2
2021-05-04,18.0,23.0,12.9,13.4,18.5,26,0.0,0.0,0.0,0.0,8.99,17.4
2021-05-05,20.4,29.5,8.9,15.9,23.9,19,0.0,0.0,0.0,0.0,5.68,13.0
2021-05-06,20.8,28.0,14.9,16.2,25.3,22,0.0,0.0,0.0,0.0,8.63,17.9
2021-05-07,21.1,27.9,13.6,16.5,23.0,23,0.0,0.0,0.0,0.0,6.45,12.9
2021-05-08,20.9,26.3,13.8,16.4,22.2,20,0.0,0.0,0.0,0.0,7.05,14.4
2021-05-09,20.1,28.1,10.0,16.6,24.2,25,0.0,0.0,0.0,0.0,3.77,8.9
2021-05-10,20.4,25.8,15.2,17.9,24.9,34,0.3,0.3,0.0,1.0,4.49,9.0
2021-05-11,19.1,25.6,11.5,17.2,23.4,49,0.0,0.0,0.0,0.0,5.0,10.9
2021-05-12,21.0,27.4,13.8,19.9,26.2,45,0.0,0.0,0.0,0.0,2.75,6.5
2021-05-13,20.8,24.6,17.0,21.0,24.9,60,0.0,0.0,0.0,0.0,2.62,6.7
2021-05-14,22.3,27.9,17.6,22.6,27.9,64,0.0,0.0,0.0,0.0,4.12,8.3
2021-05-15,17.9,20.2,16.2,16.2,20.4,60,0.8,0.8,0.0,4.0,6.82,14.5
2021-05-16,20.4,27.3,15.8,17.8,24.9,38,0.0,0.0,0.0,0.0,3.96,9.2
2021-05-17,22.9,32.8,9.9,20.4,31.0,32,0.0,0.0,0.0,0.0,3.28,7.9
2021-05-18,24.2,33.1,14.1,22.3,31.2,33,0.0,0.0,0.0,0.0,4.83,10.9
2021-05-19,24.9,32.5,16.2,23.7,31.6,41,0.0,0.0,0.0,0.0,5.82,12.6
2021-05-20,24.1,28.9,19.6,23.8,28.6,51,0.1,0.1,0.0,1.0,3.73,9.0
2021-05-21,24.2,31.8,15.8,24.6,32.1,55,0.0,0.0,0.0,0.0,4.07,9.6
2021-05-22,26.3,34.0,18.1,27.0,35.0,54,1.3,1.3,0.0,1.0,7.93,12.6
2021-05-23,21.0,26.8,15.7,18.2,22.5,40,3.2,3.2,0.0,6.0,6.67,15.4
2021-05-24,19.2,24.2,12.7,15.8,21.6,29,0.0,0.0,0.0,0.0,5.77,11.9
2021-05-25,20.8,29.5,11.1,17.9,26.0,29,0.0,0.0,0.0,0.0,4.83,12.9
2021-05-26,20.6,25.8,14.4,19.0,25.1,45,0.3,0.3,0.0,1.0,4.87,12.3
2021-05-27,20.0,27.6,11.7,18.0,27.8,52,0.9,0.9,0.0,1.0,6.97,13.5
2021-05-28,23.0,29.3,18.3,20.0,26.1,33,0.0,0.0,0.0,0.0,6.91,13.0
2021-05-29,22.1,27.6,17.7,20.5,27.9,40,0.0,0.0,0.0,0.0,5.14,10.3
2021-05-30,22.2,28.7,16.6,21.1,27.9,44,0.0,0.0,0.0,0.0,3.88,7.6
2021-05-31,17.6,21.0,14.6,17.6,21.4,69,2.1,2.1,0.0,6.0,2.09,11.0
2021-06-01,21.2,29.0,12.7,21.1,28.2,58,2.5,2.5,0.0,2.0,4.36,9.9
2021-06-02,21.4,28.7,15.5,20.6,28.2,54,1.2,1.2,0.0,1.0,5.59,11.2
2021-06-03,21.9,29.4,13.7,18.7,25.4,30,0.0,0.0,0.0,0.0,5.46,11.5
2021-06-04,23.0,30.1,14.0,20.2,26.4,34,0.0,0.0,0.0,0.0,6.58,13.0
2021-06-05,25.4,33.5,14.9,23.3,31.0,32,0.0,0.0,0.0,0.0,4.38,10.4
2021-06-06,26.1,33.6,16.5,25.0,32.0,35,0.0,0.0,0.0,0.0,2.58,9.0
2021-06-07,24.7,28.4,21.3,24.2,28.3,48,0.0,0.0,0.0,0.0,4.97,10.7
2021-06-08,24.9,29.9,18.4,26.1,31.5,57,0.0,0.0,0.0,0.0,2.96,5.8
2021-06-09,23.3,26.9,19.1,25.6,29.3,75,8.1,8.1,0.0,9.0,2.31,7.1
2021-06-10,24.3,31.5,18.0,25.5,33.6,60,4.8,4.8,0.0,4.0,2.47,6.7
2021-06-11,26.7,35.7,16.1,27.4,36.2,51,0.0,0.0,0.0,0.0,3.76,7.9
2021-06-12,28.3,36.1,19.0,29.3,37.0,46,0.0,0.0,0.0,0.0,3.55,8.3
2021-06-13,27.7,34.9,22.7,30.5,36.6,65,1.9,1.9,0.0,3.0,4.56,10.3
2021-06-14,25.1,27.8,23.1,28.8,31.6,81,0.0,0.0,0.0,0.0,3.07,5.5
2021-06-15,25.5,30.9,21.6,27.8,33.3,68,0.0,0.0,0.0,0.0,4.35,9.4
2021-06-16,22.5,26.0,20.4,23.9,26.8,70,2.5,2.5,0.0,8.0,3.23,7.9
2021-06-17,26.3,33.1,20.1,26.2,31.8,49,0.0,0.0,0.0,0.0,5.54,11.4
2021-06-18,28.0,34.8,20.2,25.2,30.8,25,0.0,0.0,0.0,0.0,5.5,11.8
2021-06-19,28.3,37.3,16.5,25.2,33.7,22,0.0,0.0,0.0,0.0,6.27,13.2
2021-06-20,29.2,37.3,18.5,27.2,35.2,25,0.0,0.0,0.0,0.0,3.0,7.6
2021-06-21,29.5,36.7,20.7,28.2,36.1,30,0.0,0.0,0.0,0.0,4.34,9.7
2021-06-22,29.0,34.8,22.0,28.9,35.5,36,0.0,0.0,0.0,0.0,3.98,8.6
2021-06-23,25.6,29.6,22.7,25.8,30.1,47,0.0,0.0,0.0,0.0,3.35,8.8
2021-06-24,25.1,29.6,20.9,26.5,29.8,58,0.0,0.0,0.0,0.0,3.0,7.2
2021-06-25,24.0,27.9,21.1,27.0,30.6,81,13.0,13.0,0.0,13.0,3.0,8.2
2021-06-26,24.8,30.2,20.6,27.4,32.9,70,0.0,0.0,0.0,0.0,3.62,8.7
2021-06-27,27.5,33.5,21.6,30.9,38.3,66,0.0,0.0,0.0,0.0,2.69,5.5
2021-06-28,27.1,32.0,21.8,30.5,35.3,71,3.8,3.8,0.0,2.0,4.8,9.5
2021-06-29,25.2,27.9,22.7,28.4,32.0,78,2.8,2.8,0.0,4.0,4.08,8.5
2021-06-30,25.6,31.1,19.7,28.8,35.4,74,1.9,1.9,0.0,3.0,3.09,7.6
2021-07-01,24.2,31.4,17.9,26.7,33.0,76,19.8,19.8,0.0,4.0,4.0,11.4
2021-07-02,23.6,31.0,16.6,26.2,33.6,75,9.4,9.4,0.0,6.0,3.51,8.9
2021-07-03,23.1,26.7,20.8,26.2,29.8,85,36.9,36.9,0.0,13.0,2.42,7.6
2021-07-04,26.2,31.4,21.0,29.8,35.4,72,0.0,0.0,0.0,0.0,2.76,5.7
2021-07-05,26.5,31.4,22.3,30.7,35.7,76,2.6,2.6,0.0,4.0,1.92,8.3
2021-07-06,24.7,28.9,21.0,28.6,33.3,82,26.8,26.8,0.0,3.0,2.3,13.3
2021-07-07,26.8,32.0,22.2,32.1,38.8,81,0.0,0.0,0.0,0.0,2.02,5.5
2021-07-08,26.7,32.0,21.5,31.6,38.6,78,0.5,0.5,0.0,1.0,2.71,7.8
2021-07-09,27.1,31.7,22.5,32.0,38.1,78,0.0,0.0,0.0,0.0,2.06,6.9
2021-07-10,28.2,32.3,23.5,33.6,38.5,78,0.0,0.0,0.0,0.0,2.33,6.1
2021-07-11,27.6,32.3,23.3,32.7,38.1,81,14.0,14.0,0.0,8.0,3.21,8.3
2021-07-12,24.1,25.6,22.6,27.7,31.4,94,109.8,109.8,0.0,24.0,7.96,20.8
2021-07-13,26.4,30.6,23.7,31.9,36.5,88,16.2,16.2,0.0,15.0,1.63,7.4
2021-07-14,27.6,31.3,24.8,33.4,36.9,86,0.8,0.8,0.0,6.0,2.77,6.5
2021-07-15,28.5,31.7,25.8,33.6,36.8,78,0.1,0.1,0.0,1.0,3.11,6.4
2021-07-16,27.4,30.7,24.5,32.0,35.5,79,0.2,0.2,0.0,1.0,2.73,5.8
2021-07-17,26.7,29.4,24.7,31.5,33.8,84,12.5,12.5,0.0,21.0,3.86,8.9
2021-07-18,25.6,27.2,24.2,30.9,33.0,90,13.1,13.1,0.0,18.0,1.84,5.3
2021-07-19,26.7,30.5,23.8,32.1,36.5,86,8.9,8.9,0.0,15.0,2.69,6.4
2021-07-20,27.4,31.2,24.2,32.5,36.1,80,2.6,2.6,0.0,6.0,2.9,7.4
2021-07-21,26.5,29.5,23.3,31.5,35.2,84,2.5,2.5,0.0,12.0,3.24,6.2
2021-07-22,25.9,28.6,23.9,31.0,33.9,85,6.7,6.7,0.0,11.0,1.97,6.7
2021-07-23,26.9,31.3,21.8,31.4,36.2,77,0.0,0.0,0.0,0.0,3.31,7.0
2021-07-24,28.2,32.6,23.0,33.4,37.3,77,0.0,0.0,0.0,0.0,2.88,6.7
2021-07-25,29.3,33.1,25.4,34.2,37.6,75,0.4,0.4,0.0,3.0,4.4,9.6
2021-07-26,28.4,31.7,25.6,33.7,38.1,79,3.6,3.6,0.0,10.0,3.35,8.5
2021-07-27,25.6,27.7,24.0,30.1,31.9,85,10.0,10.0,0.0,19.0,3.44,9.4
2021-07-28,25.2,26.9,23.7,30.2,32.4,89,7.5,7.5,0.0,16.0,1.97,4.8
2021-07-29,23.9,25.6,22.1,27.9,31.2,89,28.4,28.4,0.0,23.0,3.61,7.5
2021-07-30,24.8,28.4,22.0,27.9,31.8,82,8.1,8.1,0.0,13.0,3.94,7.5
2021-07-31,27.7,33.2,21.8,33.6,40.5,82,0.0,0.0,0.0,0.0,1.96,5.3
2021-08-01,27.3,31.7,23.4,29.1,33.4,59,0.0,0.0,0.0,0.0,4.74,11.1
2021-08-02,27.3,31.6,22.7,29.8,36.0,60,0.0,0.0,0.0,0.0,2.94,6.5
2021-08-03,26.3,29.2,22.6,30.1,33.2,76,0.4,0.4,0.0,4.0,3.11,6.2
2021-08-04,27.1,30.8,23.7,31.9,35.7,80,10.8,10.8,0.0,6.0,2.91,6.7
2021-08-05,26.6,30.5,22.6,31.8,37.3,82,0.7,0.7,0.0,3.0,4.03,6.2
2021-08-06,25.8,31.7,20.4,30.0,37.3,79,0.0,0.0,0.0,0.0,2.4,5.3
2021-08-07,26.7,32.8,20.5,31.6,39.4,77,0.0,0.0,0.0,0.0,1.61,4.1
2021-08-08,26.9,31.1,22.1,31.7,36.2,80,0.8,0.8,0.0,3.0,2.75,6.1
2021-08-09,26.4,31.0,22.8,30.6,35.0,77,4.6,4.6,0.0,5.0,2.66,6.2
2021-08-10,26.5,32.8,21.4,30.6,37.9,74,0.0,0.0,0.0,0.0,2.28,5.3
2021-08-11,26.2,30.4,21.1,30.1,35.4,75,0.0,0.0,0.0,0.0,2.25,5.2
2021-08-12,25.4,29.7,22.3,29.6,34.1,82,4.3,4.3,0.0,6.0,2.12,5.4
2021-08-13,25.0,29.1,22.4,28.8,32.7,81,3.3,3.3,0.0,7.0,2.53,6.4
2021-08-14,24.5,27.8,21.8,28.3,31.5,84,3.9,3.9,0.0,13.0,2.88,6.6
2021-08-15,24.3,27.5,21.8,27.9,31.6,83,1.9,1.9,0.0,5.0,3.0,8.5
2021-08-16,24.4,28.2,21.6,28.3,32.4,85,6.8,6.8,0.0,11.0,2.56,5.5
2021-08-17,24.9,29.2,21.1,28.4,32.5,77,4.1,4.1,0.0,3.0,1.84,5.1
2021-08-18,24.9,29.3,19.5,28.1,32.6,75,0.0,0.0,0.0,0.0,3.0,6.1
2021-08-19,22.3,24.3,20.4,25.8,27.5,91,26.9,26.9,0.0,14.0,2.13,5.7
2021-08-20,23.0,28.0,18.9,26.4,31.5,85,0.0,0.0,0.0,0.0,2.13,6.8
2021-08-21,24.8,31.1,18.6,28.0,35.7,76,0.0,0.0,0.0,0.0,2.98,6.1
2021-08-22,25.8,30.5,21.1,29.9,35.4,81,0.0,0.0,0.0,0.0,2.92,7.1
2021-08-23,25.6,31.0,20.1,29.5,34.2,79,7.3,7.3,0.0,3.0,3.2,8.3
2021-08-24,22.7,28.6,18.1,23.9,28.7,68,8.4,8.4,0.0,3.0,3.14,6.8
2021-08-25,22.2,26.8,18.2,22.4,27.6,59,0.0,0.0,0.0,0.0,3.45,7.4
2021-08-26,23.3,28.9,18.7,23.8,30.2,60,0.0,0.0,0.0,0.0,3.4,8.1
2021-08-27,22.7,29.4,16.1,24.0,31.5,68,0.0,0.0,0.0,0.0,2.64,5.9
2021-08-28,21.1,25.5,17.6,22.6,26.5,76,0.4,0.4,0.0,2.0,3.12,8.2
2021-08-29,22.7,28.7,16.6,25.2,31.8,77,0.0,0.0,0.0,0.0,2.41,5.9
2021-08-30,23.3,27.6,18.3,26.5,30.7,81,0.0,0.0,0.0,0.0,2.01,4.6
2021-08-31,23.8,27.6,19.8,26.8,31.4,79,0.2,0.2,0.0,2.0,2.83,6.4
2021-09-01,23.3,29.3,17.9,25.9,32.2,76,0.0,0.0,0.0,0.0,3.01,6.9
2021-09-02,23.5,29.2,17.8,26.0,32.3,74,0.0,0.0,0.0,0.0,3.45,7.5
2021-09-03,24.6,29.7,19.5,28.2,33.3,77,0.0,0.0,0.0,0.0,1.68,4.9
2021-09-04,22.3,23.6,20.8,25.9,27.2,92,33.9,33.9,0.0,21.0,2.45,4.6
2021-09-05,22.0,24.4,20.0,25.3,27.2,88,2.9,2.9,0.0,8.0,1.63,4.3
2021-09-06,19.0,22.5,13.6,19.9,23.3,85,18.3,18.3,0.0,10.0,5.02,10.4
2021-09-07,20.2,27.1,12.9,21.7,29.1,79,0.0,0.0,0.0,0.0,3.4,8.3
2021-09-08,22.4,28.4,16.6,25.0,31.3,80,0.0,0.0,0.0,0.0,2.35,5.8
2021-09-09,22.6,27.5,18.8,25.3,30.8,83,0.5,0.5,0.0,2.0,3.1,8.0
2021-09-10,23.6,29.3,19.0,26.7,33.0,79,0.0,0.0,0.0,0.0,2.62,6.5
2021-09-11,24.9,30.5,19.8,28.8,35.6,80,0.0,0.0,0.0,0.0,2.06,5.1
2021-09-12,23.6,25.3,21.9,26.6,28.8,82,10.8,10.8,0.0,21.0,3.05,7.9
2021-09-13,23.4,28.5,20.2,26.7,31.9,82,5.9,5.9,0.0,5.0,1.91,5.1
2021-09-14,23.1,26.5,19.4,25.3,27.4,73,0.9,0.9,0.0,4.0,1.51,3.7
2021-09-15,21.5,24.5,19.3,23.5,26.0,77,0.0,0.0,0.0,0.0,2.09,5.2
2021-09-16,20.9,24.4,17.3,23.5,27.1,87,2.6,2.6,0.0,6.0,2.06,4.9
2021-09-17,20.5,26.9,15.1,21.8,28.9,75,0.0,0.0,0.0,0.0,2.19,4.5
2021-09-18,20.1,25.2,15.4,21.8,27.2,80,0.0,0.0,0.0,0.0,1.79,5.0
2021-09-19,18.2,19.1,17.3,20.2,21.4,94,13.5,13.5,0.0,14.0,1.73,5.6
2021-09-20,17.8,21.1,15.2,17.3,20.3,84,26.8,26.8,0.0,16.0,5.91,11.3
2021-09-21,19.9,26.7,13.4,19.9,27.0,69,0.0,0.0,0.0,0.0,3.91,8.1
2021-09-22,20.0,28.5,11.9,20.8,30.3,73,0.0,0.0,0.0,0.0,2.3,5.0
2021-09-23,21.3,28.2,15.2,22.8,29.4,77,0.1,0.1,0.0,1.0,3.18,7.6
2021-09-24,19.1,20.5,18.0,20.8,22.5,92,31.7,31.7,0.0,24.0,3.21,7.1
2021-09-25,20.7,23.6,18.9,22.8,25.4,85,3.5,3.5,0.0,8.0,2.85,7.3
2021-09-26,19.8,20.9,18.7,22.3,23.7,91,5.2,5.2,0.0,13.0,1.56,4.8
2021-09-27,21.5,27.4,17.0,23.4,29.8,78,0.1,0.1,0.0,1.0,2.38,5.5
2021-09-28,20.4,24.9,16.6,21.8,25.5,83,0.0,0.0,0.0,0.0,3.95,8.1
2021-09-29,21.5,27.6,17.0,22.1,27.3,68,0.0,0.0,0.0,0.0,3.19,7.4
2021-09-30,20.1,23.4,16.7,21.7,25.6,84,2.3,2.3,0.0,5.0,2.73,7.0
2021-10-01,18.7,23.3,14.4,17.6,21.7,57,0.0,0.0,0.0,0.0,2.88,7.6
2021-10-02,19.4,23.0,15.5,20.4,24.2,78,0.0,0.0,0.0,0.0,2.69,4.8
2021-10-03,20.1,21.6,18.3,21.4,24.6,81,12.1,12.1,0.0,10.0,5.3,10.1
2021-10-04,16.1,18.8,11.9,13.7,15.9,60,12.3,12.3,0.0,9.0,6.4,12.1
2021-10-05,13.8,16.6,12.0,13.0,15.4,80,7.8,7.8,0.0,11.0,2.33,7.1
2021-10-06,11.0,12.4,8.0,10.0,11.7,92,13.3,13.3,0.0,15.0,2.88,6.1
2021-10-07,12.3,19.1,7.0,11.5,19.3,81,0.0,0.0,0.0,0.0,2.61,4.6
2021-10-08,13.9,20.7,7.1,13.3,20.6,78,0.0,0.0,0.0,0.0,2.28,4.7
2021-10-09,13.7,14.7,12.3,13.9,15.0,93,3.1,3.1,0.0,8.0,2.97,3.7
2021-10-10,13.4,17.8,6.0,10.1,14.6,50,0.0,0.0,0.0,0.0,5.33,10.8
2021-10-11,10.5,19.6,4.2,7.8,17.5,61,0.0,0.0,0.0,0.0,2.52,6.0
2021-10-12,11.9,20.7,2.8,9.8,19.3,62,0.0,0.0,0.0,0.0,1.99,3.9
2021-10-13,13.7,18.5,9.5,12.6,16.9,69,0.3,0.3,0.0,1.0,2.12,5.4
2021-10-14,15.9,20.1,12.6,15.2,19.6,75,0.0,0.0,0.0,0.0,3.19,7.0
2021-10-15,14.4,19.9,8.3,11.0,15.1,49,0.0,0.0,0.0,0.0,5.82,11.9
2021-10-16,7.9,12.5,1.8,3.3,8.4,31,0.0,0.0,0.0,0.0,4.68,9.7
2021-10-17,6.9,15.6,-0.9,3.6,11.7,57,0.0,0.0,0.0,0.0,3.72,8.3
2021-10-18,8.9,17.1,2.4,6.1,14.8,61,0.0,0.0,0.0,0.0,4.42,7.7
2021-10-19,8.2,13.5,3.9,4.3,10.6,37,0.0,0.0,0.0,0.0,3.2,6.3
2021-10-20,6.8,14.2,0.5,4.1,11.2,63,0.0,0.0,0.0,0.0,1.96,5.7
2021-10-21,9.4,19.3,1.8,6.1,15.6,57,0.0,0.0,0.0,0.0,3.56,8.3
2021-10-22,9.1,17.8,2.6,5.9,15.0,54,0.0,0.0,0.0,0.0,2.91,5.6
2021-10-23,8.8,17.7,1.3,6.2,14.5,61,0.0,0.0,0.0,0.0,2.62,6.3
2021-10-24,9.1,17.5,2.3,7.0,15.0,70,0.0,0.0,0.0,0.0,2.42,5.6
2021-10-25,10.2,17.2,5.1,8.5,15.5,76,0.0,0.0,0.0,0.0,2.6,5.2
2021-10-26,12.6,22.0,6.1,9.6,18.0,59,0.0,0.0,0.0,0.0,5.07,10.1
2021-10-27,10.8,21.0,3.5,8.0,17.9,57,0.0,0.0,0.0,0.0,3.11,5.2
2021-10-28,10.9,18.7,4.0,8.5,16.5,60,0.0,0.0,0.0,0.0,2.04,3.6
2021-10-29,11.8,19.1,5.8,10.1,17.5,69,0.0,0.0,0.0,0.0,1.9,4.7
2021-10-30,11.3,20.5,5.4,9.5,18.7,72,0.0,0.0,0.0,0.0,2.77,4.2
2021-10-31,11.9,16.5,7.8,8.7,13.7,53,0.0,0.0,0.0,0.0,3.81,8.5
2021-11-01,9.4,13.1,6.3,7.7,10.8,78,0.0,0.0,0.0,0.0,2.43,5.7
2021-11-02,7.6,10.9,5.0,6.0,9.2,87,1.6,1.6,0.0,4.0,2.28,4.5
2021-11-03,8.4,14.1,4.7,6.7,12.3,88,0.0,0.0,0.0,0.0,2.55,6.2
2021-11-04,8.5,15.9,4.2,6.8,14.5,86,0.0,0.0,0.0,0.0,2.06,5.1
2021-11-05,9.7,16.3,3.9,8.3,15.3,83,0.5,0.5,0.0,3.0,1.8,4.5
2021-11-06,9.4,14.2,0.5,7.4,14.6,90,13.9,12.5,0.98,17.0,7.25,14.8
2021-11-07,-1.4,0.4,-2.7,-6.7,-4.7,70,10.7,0.0,7.56,15.0,6.26,12.0
2021-11-08,1.6,5.9,-1.4,-4.2,-0.3,41,0.0,0.0,0.0,0.0,7.14,14.5
2021-11-09,5.8,10.3,2.1,0.6,4.8,42,0.0,0.0,0.0,0.0,6.56,12.5
2021-11-10,8.1,13.7,4.3,3.5,8.3,43,0.0,0.0,0.0,0.0,6.47,12.4
2021-11-11,6.4,11.5,2.0,1.7,6.1,41,0.0,0.0,0.0,0.0,5.66,11.2
2021-11-12,5.7,14.4,-0.5,2.1,11.0,56,0.0,0.0,0.0,0.0,2.62,5.8
2021-11-13,6.0,16.2,-1.0,2.6,12.7,61,0.0,0.0,0.0,0.0,2.82,6.4
2021-11-14,5.9,15.7,-1.2,2.6,12.6,60,0.0,0.0,0.0,0.0,2.61,4.6
2021-11-15,4.8,10.4,-0.3,1.6,7.6,63,0.0,0.0,0.0,0.0,2.52,4.7
2021-11-16,4.2,11.3,-1.5,1.6,8.5,81,0.0,0.0,0.0,0.0,2.42,5.7
2021-11-17,4.2,12.3,-1.4,2.0,10.2,89,0.0,0.0,0.0,0.0,2.7,4.0
2021-11-18,3.6,9.7,-2.1,1.1,8.0,85,0.0,0.0,0.0,0.0,3.06,5.6
2021-11-19,5.3,9.2,0.6,1.5,5.6,48,0.0,0.0,0.0,0.0,3.21,5.9
2021-11-20,4.7,8.8,1.6,1.5,5.7,62,0.0,0.0,0.0,0.0,1.96,3.4
2021-11-21,3.5,7.2,0.5,-1.2,2.9,57,0.0,0.0,0.0,0.0,7.27,15.1
2021-11-22,-0.5,3.6,-4.9,-6.2,-2.3,32,0.0,0.0,0.0,0.0,5.74,12.4
2021-11-23,0.2,7.9,-5.3,-3.8,3.6,48,0.0,0.0,0.0,0.0,2.88,5.7
2021-11-24,2.0,11.6,-4.5,-1.6,8.4,60,0.0,0.0,0.0,0.0,2.86,4.2
2021-11-25,2.5,11.9,-3.5,-1.0,8.3,63,0.0,0.0,0.0,0.0,2.75,5.0
2021-11-26,3.4,12.1,-1.7,-0.4,8.7,58,0.0,0.0,0.0,0.0,2.77,5.7
2021-11-27,1.3,8.1,-4.2,-1.8,5.3,79,0.0,0.0,0.0,0.0,1.97,4.2
2021-11-28,3.2,9.4,-0.6,0.4,6.9,80,0.0,0.0,0.0,0.0,1.84,4.4
2021-11-29,2.5,5.7,-2.4,-0.8,1.9,80,0.4,0.4,0.0,2.0,3.5,6.0
2021-11-30,1.0,5.5,-2.7,-4.5,-0.6,44,0.0,0.0,0.0,0.0,6.6,13.4
2021-12-01,1.0,8.5,-4.7,-3.3,4.6,48,0.0,0.0,0.0,0.0,2.77,5.1
2021-12-02,2.4,12.1,-3.8,-1.9,7.7,53,0.0,0.0,0.0,0.0,3.91,8.1
2021-12-03,3.9,12.5,-2.1,-0.2,8.3,51,0.0,0.0,0.0,0.0,3.14,7.4
2021-12-04,2.6,11.5,-4.0,-1.0,8.0,59,0.0,0.0,0.0,0.0,2.18,3.8
2021-12-05,1.2,8.8,-4.7,-2.0,5.9,73,0.0,0.0,0.0,0.0,2.64,4.4
2021-12-06,4.8,11.9,-3.5,0.3,7.5,45,0.0,0.0,0.0,0.0,4.34,8.5
2021-12-07,-0.1,7.9,-5.7,-3.6,4.5,69,0.0,0.0,0.0,0.0,1.84,3.8
2021-12-08,-0.2,5.3,-3.4,-3.5,1.8,74,0.0,0.0,0.0,0.0,2.72,4.4
2021-12-09,1.8,4.2,-0.6,-0.7,1.9,91,2.2,1.3,0.63,8.0,2.34,3.5
2021-12-10,1.7,8.4,-1.6,-1.5,5.1,75,0.0,0.0,0.0,0.0,2.01,4.2
2021-12-11,1.9,9.7,-3.4,-1.9,4.9,60,0.0,0.0,0.0,0.0,4.28,8.5
2021-12-12,-1.0,3.4,-5.7,-6.3,-1.9,34,0.0,0.0,0.0,0.0,4.94,10.3
2021-12-13,-3.1,3.6,-7.7,-7.1,-0.9,57,0.0,0.0,0.0,0.0,2.6,5.9
2021-12-14,-1.8,7.0,-7.5,-5.5,3.8,68,0.0,0.0,0.0,0.0,2.77,4.0
2021-12-15,-1.6,5.0,-5.9,-5.3,1.5,70,0.0,0.0,0.0,0.0,2.59,4.1
2021-12-16,-0.5,3.5,-3.7,-5.6,-2.2,42,0.0,0.0,0.0,0.0,4.59,10.0
2021-12-17,-4.4,-0.3,-7.4,-10.2,-5.8,27,0.0,0.0,0.0,0.0,5.91,11.6
2021-12-18,-2.2,5.3,-7.4,-6.8,1.1,39,0.0,0.0,0.0,0.0,4.18,9.4
2021-12-19,-0.2,8.8,-6.0,-4.0,5.1,51,0.0,0.0,0.0,0.0,3.01,4.1
2021-12-20,1.3,11.9,-5.3,-2.6,8.2,59,0.0,0.0,0.0,0.0,3.0,4.4
2021-12-21,0.1,7.5,-5.8,-3.7,3.7,65,0.0,0.0,0.0,0.0,2.94,6.1
2021-12-22,-0.4,4.2,-3.4,-4.1,0.6,66,0.0,0.0,0.0,0.0,2.55,4.8
2021-12-23,-3.3,-1.5,-4.8,-7.1,-5.1,75,0.0,0.0,0.07,0.0,2.0,4.5
2021-12-24,-6.3,-4.1,-9.4,-12.1,-8.4,33,0.0,0.0,0.0,0.0,5.2,11.4
2021-12-25,-8.4,-4.6,-12.0,-14.3,-10.4,27,0.0,0.0,0.0,0.0,4.4,9.1
2021-12-26,-6.3,0.4,-11.4,-11.5,-5.1,29,0.0,0.0,0.0,0.0,3.76,8.3
2021-12-27,-3.8,4.9,-9.2,-8.3,0.8,43,0.0,0.0,0.0,0.0,2.94,4.3
2021-12-28,-2.9,5.2,-9.3,-7.0,0.9,53,0.0,0.0,0.0,0.0,2.62,4.6
2021-12-29,-0.2,5.3,-3.4,-5.4,-0.2,30,0.0,0.0,0.0,0.0,4.18,8.4
2021-12-30,-0.0,6.3,-4.8,-4.8,0.8,37,0.0,0.0,0.0,0.0,4.47,8.8
2021-12-31,-3.2,3.4,-6.8,-7.4,-0.9,50,0.0,0.0,0.0,0.0,2.52,5.2
2022-01-01,-1.9,7.3,-8.7,-6.7,1.1,47,0.0,0.0,0.0,0.0,5.54,10.6
2022-01-02,-3.5,1.7,-8.3,-8.2,-3.5,40,0.0,0.0,0.0,0.0,3.37,7.7
2022-01-03,-2.9,5.5,-10.1,-7.2,1.0,47,0.0,0.0,0.0,0.0,2.57,4.8
2022-01-04,-3.3,3.2,-7.8,-7.6,-0.7,51,0.0,0.0,0.0,0.0,2.15,5.1
2022-01-05,-3.7,2.3,-7.6,-7.4,-0.8,75,0.0,0.0,0.0,0.0,1.94,4.0
2022-01-06,-3.4,4.7,-9.5,-7.5,0.7,61,0.0,0.0,0.0,0.0,2.01,4.4
2022-01-07,-3.5,3.1,-8.8,-7.3,-1.0,68,0.0,0.0,0.0,0.0,2.82,5.1
2022-01-08,-0.8,8.3,-6.7,-5.0,3.9,57,0.0,0.0,0.0,0.0,3.64,7.0
2022-01-09,-2.0,2.1,-5.0,-5.7,-1.4,75,0.0,0.0,0.0,0.0,2.22,4.5
2022-01-10,-2.2,2.3,-6.8,-7.2,-4.3,47,0.0,0.0,0.0,0.0,5.63,11.2
2022-01-11,-5.3,-0.4,-8.5,-9.9,-4.8,33,0.0,0.0,0.0,0.0,2.51,5.5
2022-01-12,-3.5,1.6,-7.0,-8.5,-4.5,34,0.0,0.0,0.0,0.0,4.76,9.6
2022-01-13,-3.0,3.6,-8.2,-7.8,-1.2,34,0.0,0.0,0.0,0.0,2.86,5.8
2022-01-14,-4.0,1.1,-9.2,-8.0,-3.3,59,0.0,0.0,0.0,0.0,2.46,5.7
2022-01-15,-2.8,3.6,-7.7,-8.1,-2.9,45,0.0,0.0,0.0,0.0,6.37,12.4
2022-01-16,-5.1,-0.4,-8.9,-9.7,-5.1,36,0.0,0.0,0.0,0.0,2.79,6.3
2022-01-17,-3.6,4.2,-9.5,-8.2,-0.4,42,0.0,0.0,0.0,0.0,2.75,5.3
2022-01-18,-3.9,2.7,-10.0,-8.0,-1.2,57,0.0,0.0,0.0,0.0,2.52,4.5
2022-01-19,-3.8,-1.4,-5.9,-8.2,-6.1,56,0.0,0.0,0.0,0.0,2.27,6.2
2022-01-20,-4.2,-1.8,-6.8,-8.5,-6.4,59,0.0,0.0,0.0,0.0,2.96,7.3
2022-01-21,-4.0,-2.7,-5.2,-7.9,-6.4,69,1.1,0.0,0.77,9.0,2.4,5.4
2022-01-22,-3.5,-2.4,-4.4,-6.9,-5.7,84,2.6,0.0,1.82,10.0,1.35,4.0
2022-01-23,-2.5,-0.3,-4.4,-5.9,-3.3,81,0.0,0.0,0.0,0.0,1.94,4.3
2022-01-24,-1.8,1.3,-3.5,-5.0,-2.3,82,0.0,0.0,0.0,0.0,2.55,5.6
2022-01-25,-0.5,5.4,-4.2,-4.8,-0.5,59,0.0,0.0,0.0,0.0,5.03,10.1
2022-01-26,-3.1,1.9,-6.4,-7.7,-2.4,43,0.0,0.0,0.0,0.0,2.85,6.7
2022-01-27,-3.7,2.4,-7.9,-8.5,-2.1,42,0.0,0.0,0.0,0.0,3.08,6.9
2022-01-28,-4.2,2.0,-9.3,-8.7,-1.9,42,0.0,0.0,0.0,0.0,2.68,4.6
2022-01-29,-3.9,3.2,-10.4,-8.2,-1.0,43,0.0,0.0,0.0,0.0,2.35,5.1
2022-01-30,-3.0,3.4,-9.2,-7.1,-1.2,60,1.2,0.0,0.84,4.0,4.03,8.3
2022-01-31,-2.4,0.5,-6.0,-8.3,-6.2,35,0.0,0.0,0.0,0.0,7.34,14.9
2022-02-01,-5.0,1.4,-10.1,-9.6,-2.8,39,0.0,0.0,0.0,0.0,3.05,6.0
2022-02-02,-4.5,3.8,-11.1,-9.0,-0.5,42,0.0,0.0,0.0,0.0,2.57,6.0
2022-02-03,-3.7,2.6,-8.4,-8.5,-2.7,37,0.0,0.0,0.0,0.0,3.75,8.4
2022-02-04,-4.5,1.0,-8.4,-10.0,-4.8,29,0.0,0.0,0.0,0.0,4.85,10.7
2022-02-05,-3.4,4.4,-9.7,-8.5,-1.3,31,0.0,0.0,0.0,0.0,4.37,9.3
2022-02-06,-1.4,5.4,-6.3,-6.0,0.9,36,0.0,0.0,0.0,0.0,2.72,6.0
2022-02-07,-2.2,4.6,-6.7,-6.7,0.7,39,0.0,0.0,0.0,0.0,2.87,5.5
2022-02-08,-1.8,7.0,-8.4,-6.2,3.1,40,0.0,0.0,0.0,0.0,3.3,4.8
2022-02-09,-1.5,6.9,-8.3,-5.4,2.7,51,0.0,0.0,0.0,0.0,2.9,5.5
2022-02-10,0.0,9.4,-7.3,-4.0,5.2,55,0.0,0.0,0.0,0.0,3.5,7.6
2022-02-11,1.8,8.3,-5.6,-2.6,3.7,47,0.0,0.0,0.0,0.0,3.62,7.7
2022-02-12,-2.0,-0.8,-4.9,-5.9,-4.9,64,0.3,0.0,0.21,3.0,2.38,5.2
2022-02-13,-4.9,-3.7,-7.0,-8.8,-7.2,77,3.9,0.0,2.73,18.0,2.68,6.5
2022-02-14,-6.8,-2.8,-9.8,-12.1,-8.2,47,0.0,0.0,0.0,0.0,4.66,10.1
2022-02-15,-8.1,-3.4,-12.4,-12.9,-7.4,42,0.0,0.0,0.0,0.0,2.98,6.4
2022-02-16,-6.9,-1.3,-12.1,-11.7,-5.8,40,0.0,0.0,0.0,0.0,3.0,6.6
2022-02-17,-5.9,-0.9,-11.6,-10.7,-6.4,46,0.0,0.0,0.0,0.0,3.88,9.0
2022-02-18,-3.2,2.8,-7.9,-7.9,-2.3,48,0.0,0.0,0.0,0.0,4.14,8.6
2022-02-19,-3.9,1.3,-8.4,-9.6,-5.2,27,0.0,0.0,0.0,0.0,6.47,12.8
2022-02-20,-3.1,4.5,-10.4,-7.9,-1.2,33,0.0,0.0,0.0,0.0,5.26,10.8
2022-02-21,-1.7,4.6,-6.8,-6.8,-1.4,29,0.0,0.0,0.0,0.0,5.26,10.9
2022-02-22,-2.3,3.8,-6.7,-7.0,-1.2,33,0.0,0.0,0.0,0.0,3.5,8.5
2022-02-23,-1.6,6.2,-8.0,-5.8,2.3,39,0.0,0.0,0.0,0.0,3.23,5.1
2022-02-24,0.2,9.1,-6.3,-3.8,5.2,44,0.0,0.0,0.0,0.0,3.56,6.2
2022-02-25,2.3,11.5,-5.8,-1.3,8.0,58,0.0,0.0,0.0,0.0,3.3,6.8
2022-02-26,5.3,11.5,-1.4,0.2,6.5,29,0.0,0.0,0.0,0.0,5.31,10.5
2022-02-27,4.7,14.4,-3.3,0.9,11.5,44,0.0,0.0,0.0,0.0,3.41,5.9
2022-02-28,5.5,11.3,1.0,1.3,8.0,48,0.0,0.0,0.0,0.0,6.92,14.5
2022-03-01,4.7,11.3,-0.8,-0.2,6.2,34,0.0,0.0,0.0,0.0,4.83,8.6
2022-03-02,5.4,15.7,-3.8,1.3,11.9,40,0.0,0.0,0.0,0.0,3.37,8.0
2022-03-03,4.0,10.4,-1.9,0.2,7.2,42,0.0,0.0,0.0,0.0,2.75,5.6
2022-03-04,4.4,10.3,-1.2,-0.7,3.6,43,0.0,0.0,0.0,0.0,9.55,18.8
2022-03-05,3.3,10.4,-2.2,-1.4,6.5,27,0.0,0.0,0.0,0.0,3.94,9.1
2022-03-06,2.5,10.0,-5.1,-1.7,6.3,41,0.0,0.0,0.0,0.0,3.67,8.3
2022-03-07,6.2,16.2,-3.4,2.5,13.9,45,0.0,0.0,0.0,0.0,3.21,5.3
2022-03-08,6.5,16.6,-1.0,3.3,13.6,50,0.0,0.0,0.0,0.0,2.13,4.7
2022-03-09,8.3,16.5,0.0,5.4,13.6,61,0.0,0.0,0.0,0.0,2.77,6.3
2022-03-10,9.8,18.9,1.2,7.7,17.5,67,0.0,0.0,0.0,0.0,2.41,4.8
2022-03-11,10.2,13.4,6.5,7.5,11.4,59,0.4,0.4,0.0,2.0,2.7,4.9
2022-03-12,7.9,11.1,4.0,5.4,8.7,66,4.8,4.8,0.0,4.0,2.18,5.5
2022-03-13,8.2,12.8,3.8,5.5,10.1,74,1.1,1.1,0.0,2.0,3.88,8.8
2022-03-14,11.1,19.6,2.9,8.3,16.7,58,0.2,0.2,0.0,1.0,3.98,9.0
2022-03-15,9.5,16.2,3.4,6.9,13.4,61,0.0,0.0,0.0,0.0,4.2,8.1
2022-03-16,9.3,13.0,3.1,6.1,10.5,55,0.0,0.0,0.0,0.0,3.83,7.5
2022-03-17,1.3,4.5,-1.1,-2.5,0.9,60,2.6,0.0,1.82,15.0,3.44,6.0
2022-03-18,-1.3,0.4,-3.4,-4.7,-3.4,88,4.2,0.3,2.73,8.0,2.44,6.2
2022-03-19,0.5,6.1,-4.4,-3.3,3.3,65,0.0,0.0,0.0,0.0,2.77,5.5
2022-03-20,2.5,9.4,-3.8,-1.0,6.1,65,0.0,0.0,0.0,0.0,3.4,9.0
2022-03-21,4.8,11.1,-1.7,0.8,7.4,49,0.0,0.0,0.0,0.0,3.73,7.0
2022-03-22,2.6,9.7,-4.8,-1.4,4.5,52,0.2,0.2,0.0,2.0,4.18,9.7
2022-03-23,3.2,10.0,-3.2,0.5,7.1,81,2.3,2.3,0.0,3.0,3.04,6.0
2022-03-24,6.1,11.1,0.4,3.8,9.9,84,0.0,0.0,0.0,0.0,2.33,6.9
2022-03-25,9.4,14.8,3.6,5.9,11.7,57,0.0,0.0,0.0,0.0,5.42,9.3
2022-03-26,10.2,19.6,-0.6,5.9,15.2,38,0.0,0.0,0.0,0.0,6.52,13.5
2022-03-27,9.6,15.8,2.7,5.0,11.5,24,0.0,0.0,0.0,0.0,3.8,9.4
2022-03-28,10.4,17.4,2.0,6.2,12.7,37,0.0,0.0,0.0,0.0,5.69,11.8
2022-03-29,9.9,12.1,6.9,7.6,9.5,70,5.3,5.3,0.0,12.0,3.08,6.2
2022-03-30,9.1,11.5,6.4,6.8,8.4,68,0.2,0.2,0.0,1.0,2.28,5.9
2022-03-31,7.6,14.3,1.3,3.6,9.3,54,0.0,0.0,0.0,0.0,6.59,13.1
2022-04-01,7.0,14.7,-1.9,3.5,11.3,46,0.2,0.2,0.0,2.0,3.26,8.8
2022-04-02,10.8,18.7,3.0,7.3,16.0,42,0.0,0.0,0.0,0.0,3.28,7.2
2022-04-03,12.3,21.4,3.2,8.6,17.1,36,0.0,0.0,0.0,0.0,5.57,11.4
2022-04-04,13.5,21.5,5.5,11.0,18.9,51,0.0,0.0,0.0,0.0,4.07,8.5
2022-04-05,15.7,23.9,6.7,12.9,21.1,47,0.0,0.0,0.0,0.0,3.64,10.5
2022-04-06,10.4,13.6,5.3,6.4,9.8,31,0.0,0.0,0.0,0.0,3.85,8.0
2022-04-07,11.6,22.7,1.4,8.7,20.0,43,0.0,0.0,0.0,0.0,2.53,6.5
2022-04-08,15.5,24.9,6.2,13.8,23.3,53,0.0,0.0,0.0,0.0,3.11,7.4
2022-04-09,18.5,26.0,10.0,17.2,25.1,58,0.0,0.0,0.0,0.0,3.47,7.9
2022-04-10,18.9,27.2,11.7,18.7,26.9,63,0.0,0.0,0.0,0.0,2.14,6.0
2022-04-11,19.7,24.6,13.3,17.3,24.4,49,0.1,0.1,0.0,1.0,6.65,12.5
2022-04-12,16.6,19.8,11.7,12.9,17.7,27,0.0,0.0,0.0,0.0,4.74,10.4
2022-04-13,13.7,18.7,7.0,9.8,14.5,37,0.0,0.0,0.0,0.0,5.85,13.1
2022-04-14,13.6,19.6,6.6,9.5,15.9,33,0.0,0.0,0.0,0.0,5.71,11.8
2022-04-15,13.8,20.4,6.1,9.8,17.1,25,0.0,0.0,0.0,0.0,3.83,9.2
2022-04-16,14.6,23.9,3.3,10.5,20.1,27,0.0,0.0,0.0,0.0,4.62,7.9
2022-04-17,14.6,19.9,8.2,11.8,17.1,38,0.0,0.0,0.0,0.0,2.69,5.8
2022-04-18,17.4,24.1,10.0,14.9,23.1,40,0.0,0.0,0.0,0.0,3.48,8.7
2022-04-19,18.6,27.6,7.6,15.8,25.3,37,0.0,0.0,0.0,0.0,4.32,8.6
2022-04-20,20.6,28.6,11.5,17.6,25.4,34,0.0,0.0,0.0,0.0,6.8,13.6
2022-04-21,21.3,26.1,16.1,18.5,24.8,34,0.0,0.0,0.0,0.0,6.31,13.5
2022-04-22,17.4,22.3,10.5,13.8,20.5,29,0.0,0.0,0.0,0.0,5.92,11.5
2022-04-23,19.4,28.5,11.5,16.8,24.8,38,0.0,0.0,0.0,0.0,5.3,11.1
2022-04-24,21.3,28.3,13.7,20.2,27.3,51,0.0,0.0,0.0,0.0,4.08,8.8
2022-04-25,21.5,28.2,15.3,21.7,28.3,61,0.0,0.0,0.0,0.0,4.53,10.0
2022-04-26,19.6,23.3,14.4,14.9,21.0,23,0.0,0.0,0.0,0.0,7.45,14.6
2022-04-27,12.2,14.6,8.2,9.1,11.7,43,3.0,3.0,0.0,9.0,2.82,7.8
2022-04-28,11.4,16.0,8.2,9.8,14.1,73,4.9,4.9,0.0,8.0,2.56,5.3
2022-04-29,13.7,19.6,7.2,12.2,17.8,68,0.0,0.0,0.0,0.0,4.47,10.8
2022-04-30,16.9,22.5,11.1,12.2,17.4,19,0.0,0.0,0.0,0.0,5.49,11.3
2022-05-01,17.4,25.6,7.4,14.1,22.9,34,0.0,0.0,0.0,0.0,4.65,10.3
2022-05-02,18.2,26.6,8.4,15.9,24.2,44,0.0,0.0,0.0,0.0,3.79,8.1
2022-05-03,21.7,33.0,10.4,19.8,30.0,41,0.0,0.0,0.0,0.0,4.9,10.1
2022-05-04,24.2,33.8,12.9,22.2,31.5,36,0.0,0.0,0.0,0.0,6.38,12.7
2022-05-05,25.4,31.0,19.7,24.4,29.8,39,0.0,0.0,0.0,0.0,4.7,11.0
2022-05-06,16.1,23.2,9.8,12.9,22.1,50,1.7,1.7,0.0,8.0,7.88,15.5
2022-05-07,14.0,20.2,7.4,10.7,16.7,50,1.0,1.0,0.0,2.0,5.96,12.0
2022-05-08,11.1,14.1,7.7,9.8,12.7,79,5.5,5.5,0.0,9.0,2.06,6.8
2022-05-09,14.1,20.0,7.1,12.5,18.8,64,0.0,0.0,0.0,0.0,3.45,7.9
2022-05-10,13.4,17.8,9.4,12.0,16.4,71,0.6,0.6,0.0,4.0,3.3,8.8
2022-05-11,16.3,21.8,8.9,14.5,19.3,59,0.0,0.0,0.0,0.0,3.83,6.3
2022-05-12,16.4,20.6,13.0,14.6,18.3,55,0.0,0.0,0.0,0.0,5.09,9.2
2022-05-13,17.1,24.5,8.7,13.5,19.2,33,0.0,0.0,0.0,0.0,4.97,10.3
2022-05-14,17.8,24.6,8.2,15.0,21.5,37,0.0,0.0,0.0,0.0,3.83,8.3
2022-05-15,19.2,27.4,8.2,16.5,25.0,37,0.0,0.0,0.0,0.0,3.53,9.5
2022-05-16,21.0,29.6,9.9,18.1,27.3,32,0.0,0.0,0.0,0.0,3.4,7.8
2022-05-17,21.9,30.4,12.5,20.0,28.3,37,0.0,0.0,0.0,0.0,4.04,8.4
2022-05-18,23.8,31.0,15.2,21.8,30.6,31,0.0,0.0,0.0,0.0,3.06,7.4
2022-05-19,24.1,32.3,14.9,23.5,31.7,43,0.0,0.0,0.0,0.0,4.0,8.7
2022-05-20,25.4,33.4,16.0,25.3,34.4,46,0.0,0.0,0.0,0.0,3.6,7.4
2022-05-21,26.6,36.0,17.2,26.7,36.6,46,0.1,0.1,0.0,1.0,4.9,9.2
2022-05-22,27.0,35.1,17.6,27.4,35.7,43,0.6,0.6,0.0,1.0,2.57,7.1
2022-05-23,26.5,33.6,18.4,26.1,33.1,42,0.0,0.0,0.0,0.0,4.97,10.7
2022-05-24,26.1,33.4,16.8,25.9,32.4,46,0.0,0.0,0.0,0.0,5.97,13.1
2022-05-25,24.6,30.7,18.5,21.0,27.2,24,0.1,0.1,0.0,1.0,7.28,14.4
2022-05-26,24.8,33.9,12.8,22.2,31.2,28,0.0,0.0,0.0,0.0,4.11,10.7
2022-05-27,27.1,35.9,15.0,24.3,34.0,25,0.0,0.0,0.0,0.0,5.77,11.6
2022-05-28,29.9,37.2,20.4,28.5,36.2,29,0.0,0.0,0.0,0.0,5.72,11.3
2022-05-29,25.7,29.1,16.9,23.5,28.1,35,0.0,0.0,0.0,0.0,7.89,17.0
2022-05-30,23.2,31.8,12.5,20.2,27.9,26,0.0,0.0,0.0,0.0,5.49,12.7
2022-05-31,23.3,32.0,14.2,21.9,31.9,35,0.0,0.0,0.0,0.0,2.99,7.4
2022-06-01,26.0,35.2,15.7,24.7,33.3,35,0.0,0.0,0.0,0.0,4.11,8.3
2022-06-02,27.9,37.2,16.4,26.6,36.0,32,0.0,0.0,0.0,0.0,4.79,10.1
2022-06-03,28.8,37.0,21.2,29.2,37.6,41,0.0,0.0,0.0,0.0,4.04,9.5
2022-06-04,26.9,32.7,21.9,28.7,34.8,57,1.1,1.1,0.0,3.0,3.07,6.9
2022-06-05,27.3,34.1,18.4,25.2,30.4,33,0.0,0.0,0.0,0.0,5.88,12.1
2022-06-06,24.4,28.8,18.9,21.8,26.2,35,0.0,0.0,0.0,0.0,5.42,11.5
2022-06-07,22.6,28.1,15.7,21.3,27.5,44,0.1,0.1,0.0,1.0,4.67,8.1
2022-06-08,21.6,24.6,18.0,20.9,24.3,56,0.1,0.1,0.0,1.0,4.22,9.2
2022-06-09,21.8,27.7,16.1,21.8,26.6,59,0.1,0.1,0.0,1.0,3.65,8.9
2022-06-10,23.5,27.9,18.6,24.7,28.9,65,2.9,2.9,0.0,4.0,3.09,7.2
2022-06-11,23.6,28.6,19.2,25.1,30.1,69,4.9,4.9,0.0,8.0,4.7,10.0
2022-06-12,21.7,28.0,17.0,23.3,28.6,79,20.4,20.4,0.0,10.0,4.18,13.1
2022-06-13,20.2,24.9,16.6,21.7,26.6,80,4.4,4.4,0.0,5.0,3.22,8.8
2022-06-14,22.1,27.4,18.2,24.1,29.8,75,0.0,0.0,0.0,0.0,3.14,6.8
2022-06-15,22.5,27.3,18.6,24.2,28.1,74,0.6,0.6,0.0,6.0,2.98,6.5
2022-06-16,25.2,30.3,20.2,27.4,32.0,68,0.2,0.2,0.0,2.0,2.49,8.5
2022-06-17,27.0,32.7,21.3,29.9,35.9,65,0.0,0.0,0.0,0.0,3.22,7.5
2022-06-18,27.5,32.4,21.6,30.7,35.8,67,0.0,0.0,0.0,0.0,3.58,5.7
2022-06-19,28.1,33.7,23.3,31.5,36.7,66,0.0,0.0,0.0,0.0,3.71,7.0
2022-06-20,29.0,36.2,22.5,32.8,39.0,65,0.0,0.0,0.0,0.0,3.21,7.3
2022-06-21,30.3,37.1,24.9,34.0,39.4,62,0.0,0.0,0.0,0.0,4.23,9.5
2022-06-22,24.9,26.9,21.9,29.3,30.7,88,9.5,9.5,0.0,13.0,2.33,9.0
2022-06-23,28.4,35.9,21.5,30.3,38.2,59,0.0,0.0,0.0,0.0,4.28,7.2
2022-06-24,30.1,38.5,20.5,30.2,37.4,39,0.0,0.0,0.0,0.0,3.31,7.2
2022-06-25,31.2,40.9,21.0,33.2,42.0,44,0.0,0.0,0.0,0.0,3.2,7.2
2022-06-26,29.9,33.9,25.3,31.7,35.1,54,1.4,1.4,0.0,5.0,4.91,10.4
2022-06-27,26.2,30.5,23.8,30.0,34.1,77,27.3,27.3,0.0,15.0,2.81,6.4
2022-06-28,25.2,26.7,23.6,27.9,29.0,71,3.0,3.0,0.0,11.0,2.8,7.2
2022-06-29,25.3,29.5,22.5,28.5,32.3,75,5.7,5.7,0.0,21.0,2.61,5.7
2022-06-30,26.4,30.9,21.9,30.2,35.9,71,0.6,0.6,0.0,3.0,1.61,5.6
2022-07-01,26.0,30.7,22.7,30.1,34.6,77,9.9,9.9,0.0,14.0,2.47,5.1
2022-07-02,27.7,32.2,23.3,32.2,35.9,75,1.1,1.1,0.0,10.0,2.55,6.1
2022-07-03,25.0,26.9,23.6,29.7,32.6,89,17.1,17.1,0.0,20.0,2.62,6.1
2022-07-04,27.1,31.0,24.1,31.6,35.7,83,3.9,3.9,0.0,12.0,4.18,7.4
2022-07-05,27.4,32.8,24.0,32.9,37.9,84,16.8,16.8,0.0,15.0,3.02,7.4
2022-07-06,25.5,29.5,21.9,29.9,33.3,86,24.4,24.4,0.0,12.0,3.13,7.0
2022-07-07,28.1,35.3,20.0,32.5,40.9,71,0.0,0.0,0.0,0.0,2.3,4.8
2022-07-08,30.0,34.3,24.7,34.5,38.8,65,0.0,0.0,0.0,0.0,2.63,7.8
2022-07-09,29.3,35.4,23.6,32.0,36.8,58,0.0,0.0,0.0,0.0,4.03,6.2
2022-07-10,25.5,30.2,20.6,28.2,33.9,70,14.3,14.3,0.0,9.0,5.9,11.5
2022-07-11,24.8,28.3,19.8,28.4,31.9,78,0.9,0.9,0.0,5.0,2.15,4.6
2022-07-12,24.1,26.8,22.4,27.7,31.0,86,11.9,11.9,0.0,13.0,3.32,6.4
2022-07-13,28.0,34.3,21.0,32.9,40.5,76,0.0,0.0,0.0,0.0,3.97,8.3
2022-07-14,29.2,35.3,22.0,32.1,38.8,58,0.0,0.0,0.0,0.0,2.93,6.6
2022-07-15,29.6,36.7,21.1,32.5,40.1,56,0.0,0.0,0.0,0.0,3.28,5.0
2022-07-16,29.5,34.4,25.4,33.7,40.3,66,0.2,0.2,0.0,1.0,3.41,7.3
2022-07-17,30.6,37.7,23.5,33.5,39.6,54,0.0,0.0,0.0,0.0,4.11,8.8
2022-07-18,29.8,35.5,23.3,31.5,36.8,48,0.0,0.0,0.0,0.0,3.04,6.4
2022-07-19,28.2,34.5,21.5,30.9,36.2,59,0.0,0.0,0.0,0.0,3.67,6.1
2022-07-20,28.6,34.0,23.8,31.3,35.8,61,0.0,0.0,0.0,0.0,4.61,10.1
2022-07-21,28.5,34.4,22.0,31.9,38.3,60,0.0,0.0,0.0,0.0,2.02,5.0
2022-07-22,28.1,33.4,23.4,31.7,36.0,68,6.7,6.7,0.0,9.0,4.04,9.2
2022-07-23,28.1,34.2,22.7,30.7,36.6,61,1.0,1.0,0.0,4.0,3.4,6.6
2022-07-24,28.9,35.9,21.8,32.7,39.6,66,0.0,0.0,0.0,0.0,4.66,9.8
2022-07-25,29.7,34.5,24.8,32.9,38.1,61,0.1,0.1,0.0,1.0,4.25,11.0
2022-07-26,29.5,34.5,25.4,33.3,38.5,64,2.1,2.1,0.0,6.0,4.29,10.0
2022-07-27,24.7,27.5,22.5,29.2,32.1,90,28.0,28.0,0.0,24.0,3.09,4.8
2022-07-28,24.9,29.4,21.9,28.6,32.6,83,54.4,54.4,0.0,11.0,2.98,8.1
2022-07-29,26.7,31.6,20.7,31.1,36.9,76,0.0,0.0,0.0,0.0,2.98,6.5
2022-07-30,27.3,31.3,22.8,31.9,35.6,78,0.6,0.6,0.0,5.0,2.59,5.1
2022-07-31,28.4,32.5,24.5,33.8,37.9,79,0.8,0.8,0.0,7.0,2.66,4.4
2022-08-01,29.5,34.5,24.1,35.6,41.3,77,0.0,0.0,0.0,0.0,2.2,5.5
2022-08-02,30.3,34.2,25.0,36.5,40.4,76,0.8,0.8,0.0,4.0,2.67,6.6
2022-08-03,31.2,36.0,26.6,37.3,41.4,73,0.0,0.0,0.0,0.0,3.93,8.2
2022-08-04,30.7,35.0,26.7,37.4,42.4,78,0.0,0.0,0.0,0.0,4.18,8.9
2022-08-05,30.8,37.2,25.3,37.6,45.0,76,0.0,0.0,0.0,0.0,1.99,5.1
2022-08-06,29.4,34.3,26.5,35.7,41.3,81,7.0,7.0,0.0,12.0,2.55,7.1
2022-08-07,28.7,33.0,25.6,36.0,41.7,89,12.6,12.6,0.0,9.0,1.97,6.0
2022-08-08,27.2,29.0,23.7,31.2,35.5,73,0.5,0.5,0.0,4.0,2.83,5.1
2022-08-09,22.4,25.3,18.5,25.2,27.7,85,18.4,18.4,0.0,11.0,2.84,6.0
2022-08-10,23.8,30.5,17.2,27.1,35.2,81,0.0,0.0,0.0,0.0,2.75,6.9
2022-08-11,25.5,31.6,19.0,29.7,36.7,80,0.0,0.0,0.0,0.0,2.8,6.2
2022-08-12,26.8,30.7,23.0,31.7,35.2,81,0.4,0.4,0.0,4.0,2.16,4.6
2022-08-13,28.4,32.0,25.0,33.6,36.9,76,0.5,0.5,0.0,5.0,2.23,4.9
2022-08-14,24.9,27.0,23.7,29.8,32.1,91,21.1,21.1,0.0,14.0,2.17,4.2
2022-08-15,27.9,34.0,23.3,30.7,35.9,67,0.0,0.0,0.0,0.0,4.74,8.6
2022-08-16,26.0,30.8,19.4,28.2,34.2,62,0.0,0.0,0.0,0.0,2.77,5.9
2022-08-17,26.2,30.4,21.3,29.8,34.8,75,0.1,0.1,0.0,1.0,3.33,6.9
2022-08-18,24.5,25.8,23.5,29.1,30.8,92,49.9,49.9,0.0,20.0,3.43,7.2
2022-08-19,26.7,32.3,21.1,28.7,34.5,66,0.0,0.0,0.0,0.0,6.2,12.6
2022-08-20,25.5,30.8,20.1,28.0,33.1,72,2.7,2.7,0.0,9.0,4.16,8.3
2022-08-21,26.4,30.5,22.8,30.1,33.9,75,4.6,4.6,0.0,4.0,2.91,6.0
2022-08-22,26.6,32.1,21.4,28.5,32.7,65,19.9,19.9,0.0,8.0,5.88,11.1
2022-08-23,23.6,28.4,18.0,23.0,28.1,50,0.0,0.0,0.0,0.0,4.32,9.1
2022-08-24,22.4,26.5,19.6,23.6,27.4,67,0.0,0.0,0.0,0.0,2.9,5.6
2022-08-25,24.4,31.4,17.7,25.1,31.4,60,0.0,0.0,0.0,0.0,3.12,6.5
2022-08-26,21.8,27.2,15.7,21.0,25.1,56,0.0,0.0,0.0,0.0,5.08,10.9
2022-08-27,20.3,27.3,13.1,18.8,26.8,45,0.0,0.0,0.0,0.0,2.97,6.0
2022-08-28,17.6,22.9,14.5,17.8,23.2,75,1.9,1.9,0.0,7.0,3.3,9.7
2022-08-29,19.0,23.0,16.3,20.4,24.0,84,0.0,0.0,0.0,0.0,2.56,6.5
2022-08-30,21.5,28.5,15.9,23.9,31.5,79,0.0,0.0,0.0,0.0,2.8,5.8
2022-08-31,23.4,31.5,16.1,24.3,32.0,64,0.0,0.0,0.0,0.0,2.94,7.2
2022-09-01,22.5,28.7,16.8,22.5,29.8,56,0.0,0.0,0.0,0.0,3.4,6.5
2022-09-02,22.0,29.3,14.1,23.1,31.2,67,0.0,0.0,0.0,0.0,2.37,6.6
2022-09-03,22.4,27.5,16.3,23.8,27.9,71,0.3,0.3,0.0,3.0,3.61,7.0
2022-09-04,23.2,28.7,18.4,25.3,30.2,73,0.1,0.1,0.0,1.0,3.44,7.5
2022-09-05,23.6,29.4,18.6,21.8,27.4,40,0.0,0.0,0.0,0.0,5.21,11.0
2022-09-06,22.7,30.4,14.1,20.9,27.8,43,0.0,0.0,0.0,0.0,4.85,10.0
2022-09-07,22.9,32.8,13.9,22.0,32.3,48,0.0,0.0,0.0,0.0,2.78,5.2
2022-09-08,24.0,33.7,15.2,24.7,34.8,55,0.0,0.0,0.0,0.0,2.47,5.5
2022-09-09,25.2,33.4,17.3,27.4,36.3,64,0.0,0.0,0.0,0.0,1.55,5.3
2022-09-10,25.2,32.6,18.8,27.1,34.8,64,0.1,0.1,0.0,1.0,2.17,5.6
2022-09-11,24.6,30.7,19.0,26.5,31.7,66,0.0,0.0,0.0,0.0,2.5,5.8
2022-09-12,25.1,31.8,19.5,27.5,34.8,66,0.0,0.0,0.0,0.0,1.67,5.7
2022-09-13,25.5,31.9,19.6,27.8,34.0,66,0.0,0.0,0.0,0.0,3.15,7.2
2022-09-14,25.7,32.2,20.1,27.4,33.7,61,0.0,0.0,0.0,0.0,2.51,6.9
2022-09-15,24.4,31.0,18.5,26.1,33.7,64,0.0,0.0,0.0,0.0,2.65,5.4
2022-09-16,25.1,32.7,17.3,27.0,34.9,63,0.0,0.0,0.0,0.0,2.47,5.6
2022-09-17,26.0,33.2,19.7,28.3,35.5,62,0.0,0.0,0.0,0.0,2.5,5.4
2022-09-18,25.0,30.6,19.3,23.0,28.3,35,0.0,0.0,0.0,0.0,4.27,9.6
2022-09-19,22.2,26.7,17.9,19.0,23.3,27,0.0,0.0,0.0,0.0,4.93,10.4
2022-09-20,19.5,26.0,12.6,16.6,24.3,30,0.0,0.0,0.0,0.0,2.87,6.6
2022-09-21,19.8,28.3,11.3,17.9,26.3,44,0.0,0.0,0.0,0.0,4.91,10.5
2022-09-22,20.6,27.4,13.5,17.3,23.0,39,0.7,0.7,0.0,3.0,9.41,18.0
2022-09-23,18.5,26.1,12.3,14.1,22.3,25,0.0,0.0,0.0,0.0,5.88,12.4
2022-09-24,18.4,28.2,8.2,15.6,24.8,37,0.0,0.0,0.0,0.0,4.05,8.7
2022-09-25,18.8,28.6,10.7,17.1,26.6,45,0.0,0.0,0.0,0.0,3.1,7.1
2022-09-26,20.2,29.9,12.6,19.5,28.8,56,0.0,0.0,0.0,0.0,3.18,7.7
2022-09-27,21.4,30.7,13.4,20.9,29.7,55,0.0,0.0,0.0,0.0,3.64,8.2
2022-09-28,21.2,30.3,13.9,21.1,29.5,58,0.0,0.0,0.0,0.0,3.44,7.7
2022-09-29,22.5,31.2,14.9,22.8,31.0,59,0.0,0.0,0.0,0.0,3.36,7.7
2022-09-30,23.4,31.9,15.6,23.9,31.8,60,0.0,0.0,0.0,0.0,3.72,8.3
2022-10-01,22.6,27.0,18.4,23.4,27.4,65,0.1,0.1,0.0,1.0,3.98,7.5
2022-10-02,19.9,21.9,18.4,21.3,23.5,80,1.8,1.8,0.0,11.0,2.37,4.6
2022-10-03,16.1,19.7,9.9,14.6,22.0,72,7.1,7.1,0.0,13.0,6.2,13.9
2022-10-04,10.7,16.1,5.0,6.4,13.0,35,0.0,0.0,0.0,0.0,5.31,10.8
2022-10-05,9.0,15.6,2.2,5.8,12.3,49,0.0,0.0,0.0,0.0,2.66,4.6
2022-10-06,11.3,18.4,6.1,8.7,16.0,53,0.0,0.0,0.0,0.0,3.05,6.5
2022-10-07,12.3,20.7,3.9,10.5,18.2,69,0.0,0.0,0.0,0.0,3.73,8.2
2022-10-08,13.2,17.2,10.1,11.9,16.0,75,0.4,0.4,0.0,3.0,5.9,12.1
2022-10-09,11.9,15.4,8.4,5.9,8.2,31,0.0,0.0,0.0,0.0,9.71,18.4
2022-10-10,11.9,19.1,6.3,7.7,15.4,31,0.0,0.0,0.0,0.0,5.15,11.3
2022-10-11,10.7,20.7,1.9,7.7,17.7,48,0.0,0.0,0.0,0.0,2.45,6.1
2022-10-12,11.8,20.5,4.5,9.3,16.9,56,0.0,0.0,0.0,0.0,3.15,7.0
2022-10-13,14.0,20.6,8.7,12.3,18.7,58,0.0,0.0,0.0,0.0,2.21,5.1
2022-10-14,15.9,23.5,10.6,14.5,21.3,58,0.0,0.0,0.0,0.0,3.2,6.6
2022-10-15,16.2,25.1,8.3,14.9,23.2,63,0.0,0.0,0.0,0.0,4.26,8.3
2022-10-16,15.6,19.6,9.2,10.4,14.5,20,0.0,0.0,0.0,0.0,5.96,12.0
2022-10-17,10.8,17.7,3.3,6.0,12.4,24,0.0,0.0,0.0,0.0,4.86,10.3
2022-10-18,9.4,19.6,0.4,5.6,15.5,39,0.0,0.0,0.0,0.0,2.92,6.8
2022-10-19,11.8,22.2,2.7,8.7,18.0,42,0.0,0.0,0.0,0.0,3.59,8.0
2022-10-20,13.6,20.1,6.7,10.9,16.8,48,0.0,0.0,0.0,0.0,2.85,6.7
2022-10-21,14.7,22.9,9.0,12.9,21.0,56,0.0,0.0,0.0,0.0,2.79,5.6
2022-10-22,15.2,21.7,7.3,11.6,17.6,38,0.0,0.0,0.0,0.0,4.89,10.3
2022-10-23,12.3,21.7,4.2,8.9,17.8,40,0.0,0.0,0.0,0.0,3.3,8.6
2022-10-24,11.4,20.1,3.8,8.7,17.2,50,0.0,0.0,0.0,0.0,2.3,6.3
2022-10-25,12.5,20.8,4.9,10.2,17.9,60,0.0,0.0,0.0,0.0,3.5,7.3
2022-10-26,13.3,17.0,9.7,11.3,14.7,62,2.3,2.3,0.0,8.0,3.88,7.9
2022-10-27,11.2,12.9,10.0,8.0,9.6,38,0.0,0.0,0.0,0.0,1.9,3.8
2022-10-28,10.8,13.8,8.5,8.1,11.2,49,0.0,0.0,0.0,0.0,1.99,6.1
2022-10-29,11.8,14.2,9.2,10.0,12.5,65,0.0,0.0,0.0,0.0,2.69,5.9
2022-10-30,12.8,15.5,11.2,11.6,13.9,76,0.0,0.0,0.0,0.0,2.55,5.7
2022-10-31,11.8,17.8,4.8,7.9,12.6,42,0.0,0.0,0.0,0.0,5.95,11.7
2022-11-01,8.3,16.2,0.4,4.3,11.2,37,0.0,0.0,0.0,0.0,3.35,7.7
2022-11-02,11.1,15.3,6.9,8.1,12.3,48,0.0,0.0,0.0,0.0,2.69,6.0
2022-11-03,9.4,14.8,3.0,5.6,10.9,36,0.0,0.0,0.0,0.0,2.88,6.0
2022-11-04,6.5,15.4,-1.6,2.2,10.5,39,0.0,0.0,0.0,0.0,2.98,6.9
2022-11-05,6.6,17.2,-2.1,2.9,13.4,45,0.0,0.0,0.0,0.0,3.01,5.0
2022-11-06,7.9,13.6,2.7,5.3,11.5,61,0.3,0.3,0.0,2.0,1.5,4.5
2022-11-07,8.7,17.4,3.1,4.8,13.1,46,0.0,0.0,0.0,0.0,4.49,8.9
2022-11-08,6.7,16.7,-0.7,3.2,12.4,48,0.0,0.0,0.0,0.0,2.92,6.5
2022-11-09,8.0,14.2,1.6,5.4,11.5,62,1.8,1.8,0.0,4.0,1.77,4.2
2022-11-10,11.3,16.6,6.5,9.6,14.8,76,0.2,0.2,0.0,2.0,2.28,5.9
2022-11-11,12.3,13.1,11.3,12.1,13.3,92,10.7,10.7,0.0,17.0,1.42,4.8
2022-11-12,9.4,12.7,1.5,5.0,12.6,55,5.6,5.6,0.0,7.0,7.48,14.1
2022-11-13,2.5,8.5,-2.1,-1.3,4.7,55,0.0,0.0,0.0,0.0,2.66,7.1
2022-11-14,3.9,12.1,-2.0,1.0,8.7,70,0.0,0.0,0.0,0.0,2.74,5.4
2022-11-15,6.4,16.4,0.0,2.9,12.3,60,0.0,0.0,0.0,0.0,2.93,6.8
2022-11-16,4.8,13.3,-1.2,1.5,10.1,65,0.0,0.0,0.0,0.0,2.15,4.2
2022-11-17,5.2,15.0,-1.9,2.4,12.6,74,0.0,0.0,0.0,0.0,2.26,3.7
2022-11-18,7.3,13.2,1.2,4.4,9.8,66,0.0,0.0,0.0,0.0,2.04,5.3
2022-11-19,9.8,15.3,4.6,8.1,13.7,73,0.0,0.0,0.0,0.0,2.46,4.9
2022-11-20,6.7,9.6,2.9,4.5,7.8,82,0.5,0.5,0.0,5.0,1.74,4.3
2022-11-21,7.2,12.3,3.0,4.3,8.8,65,0.1,0.1,0.0,1.0,2.91,6.4
2022-11-22,5.0,11.5,0.5,2.1,8.3,74,0.0,0.0,0.0,0.0,2.66,6.3
2022-11-23,4.9,12.2,-0.8,2.4,9.8,79,0.0,0.0,0.0,0.0,2.39,4.6
2022-11-24,4.9,7.0,1.9,2.8,5.2,92,0.0,0.0,0.0,0.0,1.95,4.1
2022-11-25,7.5,13.1,1.5,3.1,9.0,50,0.0,0.0,0.0,0.0,6.2,12.2
2022-11-26,0.0,3.4,-3.2,-4.9,-1.5,27,0.0,0.0,0.0,0.0,3.25,6.6
2022-11-27,1.8,5.1,-2.5,-2.1,1.6,41,0.6,0.6,0.0,3.0,1.8,5.4
2022-11-28,4.4,11.4,-2.3,-0.1,6.7,51,0.4,0.4,0.0,2.0,7.26,12.1
2022-11-29,-5.9,-2.4,-9.0,-12.7,-9.5,20,0.0,0.0,0.0,0.0,7.06,14.5
2022-11-30,-6.3,-1.0,-9.2,-11.8,-7.2,22,0.0,0.0,0.0,0.0,4.35,9.4
2022-12-01,-5.5,1.4,-10.0,-10.6,-4.0,28,0.0,0.0,0.0,0.0,3.42,8.3
2022-12-02,-6.6,-1.7,-10.8,-11.1,-6.4,48,0.0,0.0,0.0,0.0,2.61,5.9
2022-12-03,-3.6,2.5,-8.0,-8.8,-3.4,31,0.0,0.0,0.0,0.0,3.91,8.8
2022-12-04,-4.7,2.0,-10.6,-9.3,-3.1,34,0.0,0.0,0.0,0.0,2.75,6.9
2022-12-05,-4.2,4.3,-10.3,-8.9,-0.7,39,0.0,0.0,0.0,0.0,3.11,6.6
2022-12-06,-2.6,6.8,-10.0,-7.2,2.2,39,0.0,0.0,0.0,0.0,2.97,5.4
2022-12-07,-1.6,7.1,-7.4,-6.0,3.3,37,0.0,0.0,0.0,0.0,2.86,4.4
2022-12-08,0.1,8.6,-4.2,-4.1,4.8,45,0.0,0.0,0.0,0.0,2.5,6.2
2022-12-09,-0.9,6.7,-7.1,-4.9,2.5,54,0.0,0.0,0.0,0.0,2.62,5.2
2022-12-10,-0.1,3.9,-4.7,-5.9,-2.0,32,0.0,0.0,0.0,0.0,6.52,12.6
2022-12-11,-2.3,2.6,-6.7,-6.8,-1.3,38,0.0,0.0,0.0,0.0,2.51,4.9
2022-12-12,-0.1,3.4,-3.4,-5.4,-2.6,31,0.0,0.0,0.0,0.0,6.05,12.3
2022-12-13,-3.9,-1.5,-6.1,-10.4,-7.9,19,0.0,0.0,0.0,0.0,6.35,12.3
2022-12-14,-5.1,-0.5,-9.3,-10.0,-6.1,25,0.0,0.0,0.0,0.0,3.2,7.3
2022-12-15,-4.6,-1.3,-7.9,-10.1,-7.2,27,0.0,0.0,0.0,0.0,5.71,11.6
2022-12-16,-6.5,-1.5,-11.2,-12.0,-7.7,26,0.0,0.0,0.0,0.0,6.97,14.2
2022-12-17,-7.4,-3.0,-11.2,-13.4,-9.5,23,0.0,0.0,0.0,0.0,7.09,13.5
2022-12-18,-6.2,-0.8,-10.3,-10.8,-5.6,33,0.0,0.0,0.0,0.0,2.55,5.9
2022-12-19,-5.5,1.7,-11.0,-9.9,-2.8,43,0.0,0.0,0.0,0.0,2.86,5.5
2022-12-20,-4.1,2.5,-9.5,-8.7,-2.0,52,0.0,0.0,0.0,0.0,5.27,10.7
2022-12-21,-3.4,-1.0,-7.3,-8.3,-5.1,33,0.0,0.0,0.0,0.0,4.55,8.6
2022-12-22,-5.3,-1.7,-8.9,-11.2,-8.9,26,0.0,0.0,0.0,0.0,7.23,13.6
2022-12-23,-6.2,1.0,-11.7,-11.3,-4.7,26,0.0,0.0,0.0,0.0,3.39,7.0
2022-12-24,-5.2,2.2,-10.0,-10.1,-2.2,31,0.0,0.0,0.0,0.0,2.47,5.9
2022-12-25,-5.4,-0.2,-9.7,-9.8,-4.6,37,0.0,0.0,0.0,0.0,1.9,4.1
2022-12-26,-4.9,3.3,-10.9,-9.5,-0.7,39,0.0,0.0,0.0,0.0,2.62,5.3
2022-12-27,-4.0,1.1,-7.5,-9.4,-4.9,31,0.0,0.0,0.0,0.0,5.03,10.1
2022-12-28,-4.0,3.5,-9.8,-8.7,-1.4,36,0.0,0.0,0.0,0.0,2.51,6.2
2022-12-29,-3.5,2.3,-6.8,-8.3,-2.6,30,0.0,0.0,0.0,0.0,2.84,6.8
2022-12-30,-5.5,2.7,-12.0,-10.0,-1.6,41,0.0,0.0,0.0,0.0,3.08,4.5
2022-12-31,-3.3,6.1,-10.8,-7.8,1.3,37,0.0,0.0,0.0,0.0,2.64,5.5
2023-01-01,-2.7,4.1,-7.6,-7.3,-0.5,39,0.0,0.0,0.0,0.0,2.51,5.9
2023-01-02,-3.1,2.6,-6.0,-7.8,-1.3,40,0.0,0.0,0.0,0.0,3.0,6.0
2023-01-03,-4.9,1.4,-10.5,-9.3,-2.7,42,0.0,0.0,0.0,0.0,2.69,4.8
2023-01-04,-3.9,4.1,-8.9,-8.1,0.1,47,0.0,0.0,0.0,0.0,2.88,4.1
2023-01-05,-3.7,3.2,-9.5,-7.7,-0.8,59,0.0,0.0,0.0,0.0,2.69,5.5
2023-01-06,-0.7,8.9,-6.7,-5.3,3.3,48,0.0,0.0,0.0,0.0,5.27,10.2
2023-01-07,-1.0,6.8,-6.9,-5.4,2.4,36,0.0,0.0,0.0,0.0,2.25,4.2
2023-01-08,1.8,11.4,-4.7,-2.9,6.8,35,0.0,0.0,0.0,0.0,3.76,6.3
2023-01-09,0.8,8.1,-4.1,-3.5,3.8,40,0.0,0.0,0.0,0.0,3.1,6.4
2023-01-10,-2.6,4.5,-8.6,-6.7,-0.1,51,0.0,0.0,0.0,0.0,2.31,5.6
2023-01-11,-2.3,3.8,-8.5,-6.3,-0.7,52,0.0,0.0,0.0,0.0,2.19,4.4
2023-01-12,-0.6,1.4,-3.7,-4.3,-2.2,66,2.9,2.0,0.63,10.0,2.42,4.1
2023-01-13,1.1,5.2,-2.2,-3.3,1.0,71,0.0,0.0,0.0,0.0,6.31,11.6
2023-01-14,-4.8,-2.4,-7.6,-11.2,-8.8,30,0.0,0.0,0.0,0.0,5.97,11.6
2023-01-15,-6.7,-0.6,-11.9,-11.7,-6.8,32,0.0,0.0,0.0,0.0,4.66,9.8
2023-01-16,-6.0,-0.1,-11.6,-10.6,-4.9,40,0.0,0.0,0.0,0.0,2.86,6.3
2023-01-17,-3.8,2.9,-9.4,-8.6,-2.5,39,0.0,0.0,0.0,0.0,3.58,8.7
2023-01-18,-4.2,3.5,-11.7,-8.5,-1.5,45,0.0,0.0,0.0,0.0,2.73,6.5
2023-01-19,-2.8,3.1,-7.1,-8.2,-2.8,35,0.0,0.0,0.0,0.0,6.72,14.7
2023-01-20,-5.6,-1.2,-9.9,-10.7,-6.2,23,0.0,0.0,0.0,0.0,3.62,7.5
2023-01-21,-6.0,0.9,-11.8,-10.5,-3.5,38,0.0,0.0,0.0,0.0,2.62,4.8
2023-01-22,-4.1,3.7,-10.1,-8.6,-0.5,47,0.0,0.0,0.0,0.0,4.05,7.4
2023-01-23,-7.0,-3.0,-13.3,-13.0,-7.4,39,0.8,0.0,0.56,4.0,6.26,12.7
2023-01-24,-11.4,-5.7,-15.5,-17.1,-11.0,23,0.0,0.0,0.0,0.0,5.92,11.2
2023-01-25,-11.1,-5.5,-16.3,-16.0,-10.2,33,0.0,0.0,0.0,0.0,2.86,6.9
2023-01-26,-6.7,0.4,-12.4,-12.0,-5.5,33,0.0,0.0,0.0,0.0,4.57,9.8
2023-01-27,-3.8,1.8,-7.7,-9.3,-4.2,24,0.0,0.0,0.0,0.0,5.06,10.9
2023-01-28,-1.9,5.9,-9.4,-7.0,0.9,26,0.0,0.0,0.0,0.0,3.72,8.7
2023-01-29,1.0,9.2,-4.3,-3.7,4.3,30,0.0,0.0,0.0,0.0,3.33,7.4
2023-01-30,-0.3,7.3,-6.2,-4.4,2.9,41,0.0,0.0,0.0,0.0,2.79,5.0
2023-01-31,2.6,13.7,-6.0,-2.2,8.5,31,0.0,0.0,0.0,0.0,5.34,9.9
2023-02-01,-0.4,3.8,-4.6,-6.1,-2.0,20,0.0,0.0,0.0,0.0,5.44,11.3
2023-02-02,-3.2,0.6,-6.6,-7.8,-3.9,27,0.0,0.0,0.0,0.0,2.32,5.3
2023-02-03,-2.8,4.8,-8.7,-7.3,0.1,32,0.0,0.0,0.0,0.0,3.04,5.2
2023-02-04,-1.2,8.3,-8.1,-5.8,3.8,37,0.0,0.0,0.0,0.0,3.16,7.0
2023-02-05,-1.5,5.5,-6.4,-5.5,1.6,52,0.0,0.0,0.0,0.0,2.28,4.7
2023-02-06,0.2,7.9,-4.4,-4.0,3.9,50,0.0,0.0,0.0,0.0,3.1,5.0
2023-02-07,-1.8,4.8,-6.9,-5.9,0.4,59,0.0,0.0,0.0,0.0,2.26,6.1
2023-02-08,0.2,6.7,-6.1,-4.2,3.1,43,0.0,0.0,0.0,0.0,2.43,5.8
2023-02-09,-0.5,1.1,-1.6,-4.1,-2.8,69,1.7,0.0,1.19,14.0,2.46,5.7
2023-02-10,-0.9,2.9,-4.9,-4.3,-0.8,83,0.0,0.0,0.0,0.0,3.2,7.3
2023-02-11,0.3,2.7,-2.4,-2.7,0.1,85,0.0,0.0,0.0,0.0,1.71,4.6
2023-02-12,0.9,1.9,-2.0,-2.2,-0.8,91,5.0,2.0,2.1,15.0,3.05,5.7
2023-02-13,-0.1,5.8,-4.5,-4.6,1.4,47,0.0,0.0,0.0,0.0,3.61,8.1
2023-02-14,-0.1,4.6,-3.8,-4.5,0.4,41,0.0,0.0,0.0,0.0,2.92,6.6
2023-02-15,-1.9,3.4,-6.5,-6.1,-1.2,68,0.0,0.0,0.0,0.0,3.09,7.5
2023-02-16,-1.2,6.0,-6.7,-4.9,1.9,69,0.0,0.0,0.0,0.0,2.83,6.6
2023-02-17,0.4,6.0,-5.2,-2.8,3.1,74,0.0,0.0,0.0,0.0,1.8,4.6
2023-02-18,-0.6,2.9,-3.4,-4.2,0.1,80,1.8,1.7,0.07,5.0,4.95,8.9
2023-02-19,2.3,10.3,-4.5,-2.5,5.2,40,0.0,0.0,0.0,0.0,4.51,9.8
2023-02-20,0.7,6.3,-2.7,-4.0,1.6,40,0.0,0.0,0.0,0.0,4.28,8.5
2023-02-21,-1.0,4.2,-5.7,-5.5,-0.5,46,0.0,0.0,0.0,0.0,3.2,7.3
2023-02-22,0.9,8.1,-4.0,-2.8,4.6,59,0.0,0.0,0.0,0.0,3.21,7.3
2023-02-23,3.0,10.7,-3.0,-0.4,7.2,66,0.0,0.0,0.0,0.0,2.12,5.3
2023-02-24,2.0,7.5,-3.9,-2.6,2.9,42,0.0,0.0,0.0,0.0,4.48,9.9
2023-02-25,0.7,9.1,-7.1,-3.8,5.4,39,0.0,0.0,0.0,0.0,3.26,5.1
2023-02-26,2.2,10.6,-5.1,-1.5,7.0,59,0.0,0.0,0.0,0.0,3.83,8.3
2023-02-27,3.8,11.6,-2.7,0.4,8.2,64,0.0,0.0,0.0,0.0,3.83,8.4
2023-02-28,6.8,13.8,0.1,2.6,9.5,48,0.0,0.0,0.0,0.0,5.59,11.3
2023-03-01,3.3,10.2,-3.3,-1.7,4.8,36,0.0,0.0,0.0,0.0,6.02,12.7
2023-03-02,4.3,14.3,-5.2,0.1,9.6,43,0.0,0.0,0.0,0.0,4.79,9.9
2023-03-03,7.3,19.0,-2.4,3.6,15.5,44,0.0,0.0,0.0,0.0,3.12,5.1
2023-03-04,7.0,16.0,0.2,3.8,13.0,56,0.0,0.0,0.0,0.0,2.92,6.6
2023-03-05,6.2,14.7,-0.7,3.5,12.2,70,0.0,0.0,0.0,0.0,3.11,7.3
2023-03-06,9.0,21.9,-0.4,5.7,18.9,58,0.0,0.0,0.0,0.0,3.33,5.1
2023-03-07,10.7,20.9,1.9,8.1,18.5,56,0.0,0.0,0.0,0.0,2.86,6.7
2023-03-08,12.5,18.3,6.1,8.8,15.0,39,0.0,0.0,0.0,0.0,5.1,10.3
2023-03-09,10.5,20.5,3.1,7.6,18.4,49,0.0,0.0,0.0,0.0,2.68,6.3
2023-03-10,14.3,26.2,3.7,10.8,22.0,46,0.0,0.0,0.0,0.0,6.1,12.1
2023-03-11,11.3,14.5,7.0,6.9,9.4,29,0.2,0.2,0.0,2.0,8.07,14.0
2023-03-12,6.1,13.1,0.9,0.7,7.9,19,0.0,0.0,0.0,0.0,5.99,13.9
2023-03-13,4.7,13.7,-3.6,0.9,10.5,44,0.0,0.0,0.0,0.0,2.43,6.2
2023-03-14,9.2,20.0,1.1,4.5,16.2,38,0.0,0.0,0.0,0.0,8.06,16.4
2023-03-15,5.8,11.1,0.6,0.2,5.0,15,0.0,0.0,0.0,0.0,5.6,11.8
2023-03-16,4.4,11.5,-2.8,-0.1,7.2,27,0.0,0.0,0.0,0.0,3.44,7.5
2023-03-17,4.2,9.6,-0.9,0.6,6.3,51,0.5,0.1,0.28,3.0,2.58,7.1
2023-03-18,7.1,16.5,-1.8,3.0,12.9,40,0.0,0.0,0.0,0.0,3.04,7.1
2023-03-19,8.4,16.0,-0.0,5.1,12.3,49,0.0,0.0,0.0,0.0,4.88,10.3
2023-03-20,9.9,15.5,4.7,7.7,13.3,68,0.2,0.2,0.0,1.0,2.8,5.9
2023-03-21,12.2,18.3,6.4,10.2,16.7,69,0.9,0.9,0.0,4.0,4.46,9.2
2023-03-22,12.1,15.9,8.7,7.2,11.4,26,0.0,0.0,0.0,0.0,6.87,11.8
2023-03-23,8.9,13.7,5.8,3.7,8.5,15,0.0,0.0,0.0,0.0,5.01,10.3
2023-03-24,6.4,11.5,0.7,1.8,6.8,21,0.0,0.0,0.0,0.0,3.19,6.8
2023-03-25,7.6,14.6,2.3,4.0,11.6,40,0.3,0.1,0.14,3.0,3.33,6.2
2023-03-26,7.3,15.3,-3.3,3.2,11.2,34,0.0,0.0,0.0,0.0,3.9,8.9
2023-03-27,11.1,20.3,0.9,7.0,16.4,32,0.0,0.0,0.0,0.0,3.54,8.7
2023-03-28,12.1,20.6,1.6,8.8,17.3,36,0.0,0.0,0.0,0.0,2.72,6.9
2023-03-29,15.0,25.0,5.5,12.6,23.1,48,0.0,0.0,0.0,0.0,3.47,7.4
2023-03-30,16.1,25.2,7.8,13.8,23.0,44,0.0,0.0,0.0,0.0,3.61,8.1
2023-03-31,16.7,24.4,7.8,13.3,20.3,35,0.0,0.0,0.0,0.0,6.07,12.3
2023-04-01,17.2,22.9,10.0,14.5,20.2,42,0.0,0.0,0.0,0.0,5.06,10.6
2023-04-02,17.1,22.6,11.7,14.6,20.5,41,0.0,0.0,0.0,0.0,3.1,9.1
2023-04-03,14.8,17.9,11.6,11.5,14.2,39,0.1,0.1,0.0,1.0,3.59,7.5
2023-04-04,10.8,13.8,7.9,7.1,10.6,62,8.8,8.8,0.0,14.0,5.55,11.1
2023-04-05,12.2,16.7,8.3,9.5,14.2,59,0.1,0.1,0.0,1.0,3.62,7.2
2023-04-06,13.1,17.9,9.1,9.5,14.3,46,0.9,0.9,0.0,3.0,5.02,10.5
2023-04-07,10.9,16.6,4.3,5.8,10.5,21,0.0,0.0,0.0,0.0,6.98,14.3
2023-04-08,13.4,21.8,3.2,9.0,17.9,27,0.0,0.0,0.0,0.0,5.59,11.5
2023-04-09,15.1,23.5,7.0,12.7,20.3,45,0.0,0.0,0.0,0.0,4.32,9.3
2023-04-10,18.0,26.2,8.9,15.5,23.8,46,0.1,0.1,0.0,1.0,5.61,9.5
2023-04-11,14.5,18.0,7.6,8.8,11.9,10,0.0,0.0,0.0,0.0,6.76,13.9
2023-04-12,13.9,22.3,3.4,10.0,17.6,30,0.0,0.0,0.0,0.0,5.69,11.8
2023-04-13,17.8,25.2,11.3,16.2,23.4,46,0.0,0.0,0.0,0.0,3.81,7.5
2023-04-14,17.3,22.2,9.9,13.0,16.2,25,0.0,0.0,0.0,0.0,5.39,11.5
2023-04-15,14.1,20.8,7.0,9.8,15.9,20,0.0,0.0,0.0,0.0,3.61,8.6
2023-04-16,14.6,22.0,4.2,10.6,18.4,24,0.0,0.0,0.0,0.0,4.68,10.1
2023-04-17,16.8,22.5,10.5,14.3,20.2,39,0.1,0.1,0.0,1.0,3.41,6.7
2023-04-18,19.5,27.9,9.7,17.0,25.8,38,0.0,0.0,0.0,0.0,4.62,9.6
2023-04-19,19.6,27.5,11.1,17.7,24.3,44,0.0,0.0,0.0,0.0,6.02,12.4
2023-04-20,17.8,20.9,12.9,13.0,18.9,24,0.2,0.2,0.0,2.0,7.42,15.0
2023-04-21,12.3,16.1,8.3,8.7,13.9,48,0.2,0.2,0.0,2.0,5.61,11.2
2023-04-22,10.9,16.5,7.4,8.6,13.6,65,0.2,0.2,0.0,2.0,3.45,7.1
2023-04-23,13.4,18.3,7.6,10.1,13.8,44,0.0,0.0,0.0,0.0,3.75,8.0
2023-04-24,12.7,18.0,5.9,9.2,14.3,47,0.0,0.0,0.0,0.0,6.94,13.9
2023-04-25,13.9,19.5,6.2,10.3,15.5,43,0.3,0.3,0.0,2.0,7.21,15.7
2023-04-26,13.0,20.5,1.4,8.7,15.9,28,1.1,1.1,0.0,5.0,5.91,12.1
2023-04-27,16.0,19.9,9.5,14.7,19.6,55,4.0,4.0,0.0,8.0,2.26,5.3
2023-04-28,15.6,22.5,10.0,14.1,21.4,69,7.6,7.6,0.0,11.0,6.6,15.7
2023-04-29,16.9,24.2,9.5,12.9,19.7,30,0.4,0.4,0.0,3.0,5.46,13.0
2023-04-30,17.6,25.4,8.8,14.5,22.5,32,0.0,0.0,0.0,0.0,4.84,10.3
2023-05-01,19.1,28.0,8.3,17.2,25.8,46,0.0,0.0,0.0,0.0,4.34,9.3
2023-05-02,23.1,29.7,17.1,21.6,28.0,40,0.1,0.1,0.0,1.0,5.02,10.6
2023-05-03,22.9,30.4,15.1,21.9,29.6,46,0.0,0.0,0.0,0.0,4.74,9.4
2023-05-04,18.4,21.2,16.6,18.9,22.0,79,4.0,4.0,0.0,18.0,2.83,6.1
2023-05-05,17.2,18.0,15.9,15.2,18.9,65,1.4,1.4,0.0,8.0,6.04,11.1
2023-05-06,19.7,25.5,14.3,16.5,22.4,33,0.0,0.0,0.0,0.0,5.12,10.0
2023-05-07,19.2,26.7,10.4,15.9,23.5,31,0.0,0.0,0.0,0.0,5.0,10.9
2023-05-08,20.7,29.0,11.1,18.5,27.9,32,0.0,0.0,0.0,0.0,3.18,7.5
2023-05-09,21.3,28.7,11.7,18.9,26.7,34,0.0,0.0,0.0,0.0,4.32,9.0
2023-05-10,22.7,29.8,15.6,20.4,28.0,29,0.0,0.0,0.0,0.0,4.03,8.6
2023-05-11,22.0,27.7,16.0,19.8,25.0,39,0.0,0.0,0.0,0.0,5.52,12.1
2023-05-12,20.0,27.4,14.1,19.3,27.6,52,1.3,1.3,0.0,1.0,4.47,10.2
2023-05-13,22.1,29.0,13.0,20.3,28.7,40,0.0,0.0,0.0,0.0,3.88,8.1
2023-05-14,24.0,31.1,15.7,23.4,30.8,45,0.0,0.0,0.0,0.0,3.71,7.7
2023-05-15,26.2,35.6,17.1,26.4,35.2,49,0.0,0.0,0.0,0.0,4.62,10.0
2023-05-16,28.1,36.8,19.4,28.5,36.3,43,0.0,0.0,0.0,0.0,5.0,11.1
2023-05-17,23.3,26.0,17.6,23.2,26.3,58,0.0,0.0,0.0,0.0,4.77,10.6
2023-05-18,22.2,28.7,14.4,20.8,27.2,45,0.1,0.1,0.0,1.0,5.4,11.6
2023-05-19,19.7,25.7,15.9,20.1,26.5,72,2.4,2.4,0.0,10.0,4.4,9.0
2023-05-20,21.0,25.6,14.2,16.6,21.1,24,0.0,0.0,0.0,0.0,7.0,12.8
2023-05-21,22.7,28.1,17.1,19.2,27.0,24,0.0,0.0,0.0,0.0,4.71,10.3
2023-05-22,22.9,29.8,15.0,20.3,28.2,30,0.0,0.0,0.0,0.0,4.85,10.6
2023-05-23,23.7,31.6,12.8,21.5,30.6,32,0.0,0.0,0.0,0.0,4.7,9.8
2023-05-24,24.7,30.0,18.8,22.1,27.3,35,0.0,0.0,0.0,0.0,7.63,16.3
2023-05-25,22.7,28.1,16.8,21.9,28.0,52,1.8,1.8,0.0,4.0,4.74,11.4
2023-05-26,23.2,30.5,14.4,23.9,31.5,63,0.0,0.0,0.0,0.0,4.21,9.5
2023-05-27,20.8,23.2,17.9,21.8,23.7,72,1.3,1.3,0.0,7.0,2.69,6.7
2023-05-28,23.4,29.4,16.5,24.6,31.6,61,0.0,0.0,0.0,0.0,3.24,7.5
2023-05-29,26.4,32.6,18.5,27.4,33.4,54,0.0,0.0,0.0,0.0,3.67,7.7
2023-05-30,23.2,25.5,20.7,24.0,26.4,59,0.6,0.6,0.0,4.0,2.2,4.0
2023-05-31,22.2,26.7,16.9,22.5,26.5,62,0.0,0.0,0.0,0.0,4.34,8.7
2023-06-01,24.1,30.9,15.3,22.7,28.9,47,0.0,0.0,0.0,0.0,5.81,12.9
2023-06-02,25.6,31.0,18.5,23.8,31.0,32,0.0,0.0,0.0,0.0,4.6,9.4
2023-06-03,26.2,33.8,15.9,25.4,33.9,36,0.0,0.0,0.0,0.0,2.3,7.8
2023-06-04,27.4,33.5,19.3,25.9,32.9,32,0.0,0.0,0.0,0.0,4.22,9.2
2023-06-05,28.2,36.6,17.8,27.1,35.3,33,0.0,0.0,0.0,0.0,4.19,9.4
2023-06-06,29.7,36.2,21.1,27.1,34.3,22,0.0,0.0,0.0,0.0,4.72,9.9
2023-06-07,30.2,38.5,21.3,28.5,36.4,26,0.0,0.0,0.0,0.0,6.74,11.6
2023-06-08,28.0,34.5,18.4,24.6,31.2,17,0.0,0.0,0.0,0.0,5.53,11.6
2023-06-09,27.6,33.7,19.1,24.3,29.9,20,0.0,0.0,0.0,0.0,5.47,12.0
2023-06-10,25.8,30.1,19.2,23.6,29.0,29,0.0,0.0,0.0,0.0,4.72,10.3
2023-06-11,24.6,30.3,18.8,24.5,30.8,43,0.4,0.4,0.0,1.0,2.51,5.6
2023-06-12,25.1,31.1,18.4,24.7,30.6,44,0.0,0.0,0.0,0.0,4.66,10.0
2023-06-13,27.4,34.0,18.3,27.4,34.5,40,0.0,0.0,0.0,0.0,2.97,7.9
2023-06-14,28.8,37.7,19.3,28.9,37.1,40,0.0,0.0,0.0,0.0,3.63,8.5
2023-06-15,30.4,39.6,20.9,31.0,39.8,40,0.0,0.0,0.0,0.0,3.45,7.9
2023-06-16,32.5,40.8,22.1,32.6,40.3,36,0.0,0.0,0.0,0.0,5.1,11.2
2023-06-17,32.8,40.2,25.5,33.1,41.0,34,0.0,0.0,0.0,0.0,5.28,10.9
2023-06-18,30.3,36.8,22.7,31.6,39.2,46,0.0,0.0,0.0,0.0,3.82,8.7
2023-06-19,24.6,28.5,20.3,27.0,29.5,71,2.4,2.4,0.0,9.0,2.77,6.2
2023-06-20,27.1,34.4,20.3,28.6,35.5,56,0.0,0.0,0.0,0.0,3.6,8.9
2023-06-21,30.4,39.9,18.5,29.5,39.3,31,0.0,0.0,0.0,0.0,3.26,8.0
2023-06-22,33.0,42.1,22.1,32.2,42.1,26,0.0,0.0,0.0,0.0,4.07,8.1
2023-06-23,33.1,41.4,24.3,32.8,41.1,30,0.1,0.1,0.0,1.0,4.62,10.8
2023-06-24,33.4,41.4,24.0,32.6,39.0,30,0.0,0.0,0.0,0.0,6.48,13.6
2023-06-25,31.1,37.0,25.1,32.1,38.5,43,0.4,0.4,0.0,1.0,5.16,10.9
2023-06-26,27.6,34.7,23.2,29.8,36.6,59,0.4,0.4,0.0,1.0,5.98,12.2
2023-06-27,30.3,38.5,21.9,32.2,39.8,50,0.0,0.0,0.0,0.0,4.16,9.8
2023-06-28,26.0,30.0,20.4,28.3,32.6,66,5.3,5.3,0.0,7.0,3.34,10.3
2023-06-29,28.2,36.9,18.2,30.0,39.3,54,0.0,0.0,0.0,0.0,3.0,5.6
2023-06-30,31.6,41.1,21.1,32.2,41.1,38,0.0,0.0,0.0,0.0,4.22,8.6
2023-07-01,33.0,41.1,23.5,32.3,39.4,31,0.0,0.0,0.0,0.0,6.13,12.8
2023-07-02,33.5,40.1,25.6,34.2,40.8,35,0.0,0.0,0.0,0.0,3.92,8.6
2023-07-03,30.5,35.9,26.4,33.6,39.1,56,0.1,0.1,0.0,1.0,2.83,7.2
2023-07-04,25.4,30.6,21.6,28.5,33.6,75,10.8,10.8,0.0,12.0,3.3,6.8
2023-07-05,30.5,39.9,19.8,31.2,37.6,46,0.0,0.0,0.0,0.0,4.63,10.3
2023-07-06,31.4,40.8,19.8,31.9,40.4,39,0.0,0.0,0.0,0.0,4.61,10.2
2023-07-07,30.9,36.1,24.7,32.3,37.3,45,0.4,0.4,0.0,2.0,4.78,10.8
2023-07-08,30.7,36.1,23.0,31.1,36.3,40,0.0,0.0,0.0,0.0,4.39,10.6
2023-07-09,31.9,38.5,24.8,32.8,38.8,39,0.0,0.0,0.0,0.0,3.22,8.6
2023-07-10,32.6,39.8,25.1,35.0,42.1,45,0.0,0.0,0.0,0.0,3.76,8.2
2023-07-11,30.3,36.2,25.6,34.2,41.0,64,5.9,5.9,0.0,5.0,5.02,9.4
2023-07-12,24.2,25.7,23.3,28.6,30.9,91,33.6,33.6,0.0,19.0,2.36,5.7
2023-07-13,23.7,24.7,22.6,28.5,30.3,94,12.0,12.0,0.0,17.0,1.75,3.0
2023-07-14,28.2,34.6,22.5,30.5,34.9,64,0.0,0.0,0.0,0.0,6.58,12.5
2023-07-15,28.3,31.8,23.0,28.3,31.4,47,0.0,0.0,0.0,0.0,5.8,13.4
2023-07-16,28.3,35.3,21.4,30.0,38.4,52,0.0,0.0,0.0,0.0,2.71,5.7
2023-07-17,29.1,35.9,21.4,32.0,39.0,58,0.0,0.0,0.0,0.0,3.52,7.3
2023-07-18,30.1,36.1,23.1,33.1,39.0,55,0.0,0.0,0.0,0.0,4.03,8.5
2023-07-19,30.8,37.8,23.3,33.4,40.4,51,0.0,0.0,0.0,0.0,3.67,7.9
2023-07-20,30.8,37.3,23.9,33.8,40.3,53,0.0,0.0,0.0,0.0,4.22,9.4
2023-07-21,26.0,28.4,24.2,29.1,32.5,74,14.4,14.4,0.0,17.0,5.18,8.5
2023-07-22,24.7,28.3,21.4,27.6,31.8,75,3.2,3.2,0.0,6.0,3.11,6.9
2023-07-23,27.8,34.0,21.5,31.8,38.9,70,0.0,0.0,0.0,0.0,2.45,5.7
2023-07-24,29.3,34.4,23.4,33.6,38.9,68,1.6,1.6,0.0,1.0,3.62,8.7
2023-07-25,28.0,33.1,21.3,32.4,38.0,73,14.0,14.0,0.0,4.0,2.88,10.8
2023-07-26,29.5,33.9,24.9,34.8,40.0,73,0.3,0.3,0.0,2.0,3.13,8.4
2023-07-27,29.2,34.5,24.4,34.2,39.9,72,3.2,3.2,0.0,5.0,3.54,9.2
2023-07-28,27.4,30.8,23.7,31.7,34.1,74,2.2,2.2,0.0,4.0,2.4,5.4
2023-07-29,26.4,29.1,24.5,31.6,35.0,88,22.3,22.3,0.0,16.0,3.18,6.9
2023-07-30,25.0,26.0,24.3,28.7,29.9,93,79.9,79.9,0.0,24.0,6.62,13.5
2023-07-31,25.8,26.9,24.8,29.6,31.7,94,76.3,76.3,0.0,24.0,6.31,11.2
2023-08-01,26.5,28.4,25.5,32.6,34.8,95,26.8,26.8,0.0,24.0,3.92,8.0
2023-08-02,29.0,32.3,25.7,34.9,37.8,85,1.1,1.1,0.0,4.0,4.7,9.0
2023-08-03,29.9,33.4,26.3,36.9,41.3,84,0.0,0.0,0.0,0.0,2.98,6.2
2023-08-04,30.4,34.0,27.8,38.5,42.2,87,9.3,9.3,0.0,5.0,2.06,4.6
2023-08-05,29.2,34.1,25.8,35.4,40.1,81,0.1,0.1,0.0,1.0,5.38,11.0
2023-08-06,26.9,29.4,24.1,30.9,33.0,73,0.0,0.0,0.0,0.0,2.96,5.3
2023-08-07,25.6,27.9,23.6,29.4,31.9,79,0.0,0.0,0.0,0.0,3.23,6.4
2023-08-08,27.6,31.1,23.9,32.8,36.6,79,0.1,0.1,0.0,1.0,2.12,5.4
2023-08-09,28.9,32.7,25.3,34.9,38.7,80,0.0,0.0,0.0,0.0,2.66,5.7
2023-08-10,27.7,29.3,25.7,33.5,35.1,85,2.4,2.4,0.0,13.0,2.33,5.3
2023-08-11,26.7,28.5,25.1,32.6,34.0,89,10.3,10.3,0.0,12.0,2.04,3.9
2023-08-12,26.7,30.2,23.5,31.7,36.0,83,20.6,20.6,0.0,7.0,2.97,7.2
2023-08-13,28.3,34.0,22.8,33.6,39.7,77,0.0,0.0,0.0,0.0,2.6,5.1
2023-08-14,28.5,34.4,22.5,34.0,40.9,77,0.0,0.0,0.0,0.0,2.47,5.4
2023-08-15,28.5,33.6,22.9,33.9,39.7,77,0.0,0.0,0.0,0.0,3.07,6.5
2023-08-16,29.2,34.4,24.7,35.8,42.9,80,0.0,0.0,0.0,0.0,2.5,5.7
2023-08-17,28.2,31.8,24.2,34.2,37.7,81,0.0,0.0,0.0,0.0,1.75,4.1
2023-08-18,29.5,34.6,25.6,34.6,39.7,69,0.0,0.0,0.0,0.0,2.47,4.0
2023-08-19,28.2,34.5,22.2,33.2,41.1,73,0.0,0.0,0.0,0.0,2.11,4.5
2023-08-20,26.5,30.7,23.1,31.7,37.8,84,7.8,7.8,0.0,11.0,3.04,7.5
2023-08-21,25.0,29.7,21.6,29.2,34.4,85,6.2,6.2,0.0,13.0,3.1,6.6
2023-08-22,24.8,30.6,20.4,26.2,32.7,63,0.0,0.0,0.0,0.0,3.54,8.6
2023-08-23,24.8,30.8,18.7,27.5,34.2,71,0.0,0.0,0.0,0.0,3.54,5.0
2023-08-24,22.0,24.0,18.9,25.1,27.1,85,1.8,1.8,0.0,10.0,2.53,6.2
2023-08-25,22.7,27.7,17.7,26.0,32.0,84,0.0,0.0,0.0,0.0,2.04,4.7
2023-08-26,23.8,27.7,20.7,26.8,30.5,79,0.0,0.0,0.0,0.0,1.82,4.8
2023-08-27,22.9,26.3,20.4,25.8,28.9,81,1.2,1.2,0.0,7.0,2.02,4.9
2023-08-28,24.0,29.8,19.3,25.9,31.0,68,0.0,0.0,0.0,0.0,3.2,7.9
2023-08-29,23.5,28.9,18.5,23.8,29.8,57,0.0,0.0,0.0,0.0,4.1,8.5
2023-08-30,23.6,30.1,16.4,25.5,32.8,67,0.0,0.0,0.0,0.0,3.04,6.8
2023-08-31,23.1,28.4,19.4,25.5,30.5,77,0.0,0.0,0.0,0.0,2.56,5.7
2023-09-01,23.5,30.6,17.5,26.2,33.8,77,0.0,0.0,0.0,0.0,2.6,5.3
2023-09-02,23.8,30.0,18.4,26.5,31.7,77,1.7,1.7,0.0,3.0,3.92,8.8
2023-09-03,23.9,29.4,19.7,27.3,32.9,80,8.7,8.7,0.0,5.0,2.02,6.9
2023-09-04,25.9,32.0,20.0,30.5,37.1,83,0.0,0.0,0.0,0.0,2.0,5.6
2023-09-05,27.1,31.2,23.2,32.0,35.9,81,0.2,0.2,0.0,2.0,2.26,4.9
2023-09-06,26.9,32.0,21.9,31.5,36.1,79,0.0,0.0,0.0,0.0,2.57,5.7
2023-09-07,26.7,31.9,21.7,30.6,34.8,77,0.0,0.0,0.0,0.0,4.22,8.8
2023-09-08,24.9,27.7,23.0,29.8,32.8,89,7.6,7.6,0.0,15.0,1.82,4.4
2023-09-09,21.4,23.1,20.0,24.6,27.2,95,52.6,52.6,0.0,21.0,2.52,4.4
2023-09-10,21.8,24.8,19.9,25.1,27.8,90,1.2,1.2,0.0,9.0,2.35,5.4
2023-09-11,23.8,29.0,20.1,27.3,32.6,83,0.0,0.0,0.0,0.0,2.15,4.8
2023-09-12,22.3,27.6,16.7,22.4,28.2,56,0.0,0.0,0.0,0.0,3.55,6.7
2023-09-13,20.6,27.2,13.3,21.6,28.5,73,0.0,0.0,0.0,0.0,3.49,7.3
2023-09-14,22.0,28.8,15.2,23.5,31.1,73,0.0,0.0,0.0,0.0,3.61,7.5
2023-09-15,22.3,29.3,15.7,23.9,30.9,72,0.0,0.0,0.0,0.0,3.54,7.4
2023-09-16,23.4,29.5,17.4,26.1,32.9,77,0.0,0.0,0.0,0.0,2.89,6.3
2023-09-17,23.5,27.3,19.3,26.2,30.1,79,0.6,0.6,0.0,3.0,3.79,8.6
2023-09-18,23.0,29.1,19.0,26.2,33.7,83,0.0,0.0,0.0,0.0,2.26,5.0
2023-09-19,20.5,24.4,13.9,20.2,24.3,64,0.0,0.0,0.0,0.0,4.39,7.3
2023-09-20,19.5,27.0,12.4,19.7,27.9,70,0.0,0.0,0.0,0.0,2.56,4.8
2023-09-21,20.0,28.0,13.3,20.8,29.1,72,0.0,0.0,0.0,0.0,3.26,6.9
2023-09-22,21.4,27.4,16.1,21.4,26.4,64,0.0,0.0,0.0,0.0,4.9,10.0
2023-09-23,20.1,25.5,16.0,19.9,25.4,63,0.0,0.0,0.0,0.0,2.76,6.1
2023-09-24,17.0,19.3,14.1,17.0,20.1,73,0.0,0.0,0.0,0.0,2.3,4.7
2023-09-25,16.8,22.2,12.1,17.2,23.0,80,0.0,0.0,0.0,0.0,2.4,5.3
2023-09-26,18.6,25.4,13.7,20.2,27.5,87,0.0,0.0,0.0,0.0,2.94,6.3
2023-09-27,19.9,26.7,13.2,19.9,25.7,68,0.0,0.0,0.0,0.0,3.57,6.6
2023-09-28,17.4,25.8,9.3,15.7,24.5,53,0.0,0.0,0.0,0.0,2.85,6.1
2023-09-29,19.1,27.4,12.2,17.9,26.8,51,0.0,0.0,0.0,0.0,3.54,6.3
2023-09-30,18.5,25.4,10.9,16.2,24.0,45,0.0,0.0,0.0,0.0,3.68,7.8
2023-10-01,16.3,25.5,8.6,14.6,24.7,56,0.0,0.0,0.0,0.0,3.14,5.9
2023-10-02,16.6,24.8,9.4,15.4,23.0,61,0.0,0.0,0.0,0.0,3.55,8.4
2023-10-03,18.0,25.9,11.0,17.7,25.4,67,0.0,0.0,0.0,0.0,2.94,6.5
2023-10-04,18.3,25.5,11.4,16.2,22.4,52,0.0,0.0,0.0,0.0,4.54,9.9
2023-10-05,14.0,21.8,6.3,11.4,19.6,46,0.0,0.0,0.0,0.0,2.75,5.5
2023-10-06,15.0,23.3,6.7,13.1,21.2,55,0.0,0.0,0.0,0.0,2.01,4.6
2023-10-07,15.6,23.7,9.0,14.1,22.0,62,0.0,0.0,0.0,0.0,3.61,8.4
2023-10-08,15.9,22.1,12.3,14.9,20.3,66,2.9,2.9,0.0,10.0,2.82,6.9
2023-10-09,16.7,22.9,11.1,14.6,20.7,56,0.0,0.0,0.0,0.0,5.59,10.0
2023-10-10,15.3,23.2,8.5,14.2,22.6,66,0.0,0.0,0.0,0.0,2.24,4.2
2023-10-11,15.6,23.7,9.2,14.8,22.5,69,0.0,0.0,0.0,0.0,2.35,6.6
2023-10-12,14.7,17.7,11.5,14.5,17.7,82,0.9,0.9,0.0,7.0,1.96,4.1
2023-10-13,15.4,21.9,10.2,14.3,20.0,71,0.0,0.0,0.0,0.0,3.22,7.8
2023-10-14,14.9,23.4,7.8,12.3,21.0,50,0.0,0.0,0.0,0.0,3.08,6.7
2023-10-15,15.2,23.7,7.3,12.4,20.6,49,0.0,0.0,0.0,0.0,3.6,8.8
2023-10-16,12.9,20.7,5.7,10.7,18.8,55,0.0,0.0,0.0,0.0,2.47,5.8
2023-10-17,14.1,21.8,5.7,12.8,19.7,66,0.2,0.2,0.0,1.0,2.72,6.1
2023-10-18,16.8,22.8,11.2,14.6,19.3,55,1.6,1.6,0.0,4.0,4.85,9.6
2023-10-19,14.1,20.5,8.5,9.8,14.7,34,0.0,0.0,0.0,0.0,5.41,10.9
2023-10-20,12.2,18.9,6.4,7.9,14.3,32,0.0,0.0,0.0,0.0,4.05,8.9
2023-10-21,12.6,22.3,4.2,9.3,19.2,44,0.0,0.0,0.0,0.0,2.83,6.7
2023-10-22,12.4,22.9,4.2,10.2,20.8,56,0.0,0.0,0.0,0.0,3.01,4.5
2023-10-23,12.6,21.4,5.7,11.0,19.3,66,0.0,0.0,0.0,0.0,2.43,5.6
2023-10-24,13.6,24.6,6.0,12.2,23.1,71,0.0,0.0,0.0,0.0,2.73,4.2
2023-10-25,15.8,27.8,6.4,13.7,25.0,56,0.0,0.0,0.0,0.0,3.7,7.4
2023-10-26,14.8,21.9,8.8,11.7,18.4,39,0.0,0.0,0.0,0.0,3.32,7.1
2023-10-27,12.6,22.4,5.7,10.6,19.9,59,0.0,0.0,0.0,0.0,2.81,5.3
2023-10-28,13.5,21.8,6.3,11.9,20.3,67,0.0,0.0,0.0,0.0,2.3,5.2
2023-10-29,14.1,20.5,9.4,13.6,20.5,80,0.0,0.0,0.0,0.0,1.88,4.5
2023-10-30,15.8,22.5,9.7,14.8,21.4,73,0.0,0.0,0.0,0.0,3.26,6.6
2023-10-31,16.0,21.6,13.0,15.5,21.8,73,0.0,0.0,0.0,0.0,2.62,5.5
2023-11-01,15.7,23.6,9.7,15.0,22.7,78,0.0,0.0,0.0,0.0,3.47,6.8
2023-11-02,15.8,20.9,11.5,14.4,20.8,62,0.1,0.1,0.0,1.0,4.27,7.8
2023-11-03,12.9,17.0,8.9,9.5,12.9,48,0.0,0.0,0.0,0.0,5.04,10.3
2023-11-04,11.6,16.1,7.4,9.9,14.7,66,0.0,0.0,0.0,0.0,1.65,4.8
2023-11-05,10.7,12.5,7.2,8.7,11.2,78,9.0,9.0,0.0,15.0,6.98,13.8
2023-11-06,5.4,8.5,1.7,-0.1,2.6,36,0.0,0.0,0.0,0.0,7.78,14.9
2023-11-07,4.4,12.1,-2.8,1.0,8.7,56,0.0,0.0,0.0,0.0,2.55,6.3
2023-11-08,7.0,13.7,2.6,3.7,10.7,60,0.0,0.0,0.0,0.0,2.96,8.1
2023-11-09,4.0,7.5,-2.0,-1.7,1.3,29,0.0,0.0,0.0,0.0,6.36,12.8
2023-11-10,0.2,4.8,-3.4,-4.4,0.7,35,0.0,0.0,0.0,0.0,3.31,7.3
2023-11-11,-0.2,6.1,-3.6,-4.7,1.7,44,0.0,0.0,0.0,0.0,2.92,6.3
2023-11-12,0.4,6.8,-4.0,-4.6,1.3,37,0.0,0.0,0.0,0.0,4.7,10.1
2023-11-13,0.1,6.7,-5.5,-3.9,2.7,53,0.0,0.0,0.0,0.0,2.61,5.0
2023-11-14,1.6,10.5,-5.1,-1.9,6.9,61,0.0,0.0,0.0,0.0,3.0,4.1
2023-11-15,1.4,6.5,-3.3,-1.8,3.7,73,0.0,0.0,0.0,0.0,2.24,4.0
2023-11-16,5.2,10.7,0.5,0.3,4.7,39,0.0,0.0,0.0,0.0,5.9,11.4
2023-11-17,2.8,9.2,-2.5,-2.5,3.0,28,0.0,0.0,0.0,0.0,5.3,11.3
2023-11-18,1.2,9.4,-5.6,-2.6,5.7,51,0.0,0.0,0.0,0.0,2.11,5.8
2023-11-19,5.5,16.2,-2.0,1.6,12.7,51,0.0,0.0,0.0,0.0,2.84,5.9
2023-11-20,4.6,13.6,-2.0,1.4,10.0,62,0.0,0.0,0.0,0.0,2.06,4.9
2023-11-21,4.8,13.4,-2.1,1.9,11.0,71,0.0,0.0,0.0,0.0,1.7,4.4
2023-11-22,8.1,15.2,2.9,4.5,10.4,55,0.0,0.0,0.0,0.0,4.97,11.0
2023-11-23,0.6,5.5,-6.5,-6.1,0.6,27,0.0,0.0,0.0,0.0,8.36,16.2
2023-11-24,-5.5,0.5,-8.9,-10.3,-3.5,34,0.0,0.0,0.0,0.0,2.69,5.4
2023-11-25,-5.5,-0.8,-8.9,-9.9,-5.4,47,0.0,0.0,0.0,0.0,2.16,4.7
2023-11-26,-4.1,1.1,-8.8,-8.1,-2.9,56,0.0,0.0,0.0,0.0,1.97,4.5
2023-11-27,0.6,9.4,-6.3,-3.9,4.6,48,0.0,0.0,0.0,0.0,4.46,9.4
2023-11-28,-2.2,2.4,-6.3,-7.0,-2.9,38,0.0,0.0,0.0,0.0,4.36,8.1
2023-11-29,-2.5,1.8,-5.7,-8.1,-4.4,27,0.0,0.0,0.0,0.0,5.06,9.8
2023-11-30,-3.8,2.6,-8.0,-8.8,-2.9,34,0.0,0.0,0.0,0.0,3.76,8.3
2023-12-01,-3.6,3.4,-7.8,-8.2,-1.3,41,0.0,0.0,0.0,0.0,3.01,6.0
2023-12-02,-1.1,8.5,-6.8,-5.3,5.1,45,0.0,0.0,0.0,0.0,2.72,4.7
2023-12-03,-1.1,7.0,-6.4,-4.9,2.7,54,0.0,0.0,0.0,0.0,2.59,5.6
2023-12-04,-0.2,8.2,-5.2,-3.7,4.9,58,0.0,0.0,0.0,0.0,1.77,3.5
2023-12-05,0.3,6.8,-5.8,-3.3,3.4,60,0.0,0.0,0.0,0.0,3.47,6.7
2023-12-06,3.7,9.9,-1.4,-1.0,5.1,37,0.0,0.0,0.0,0.0,4.32,7.8
2023-12-07,1.5,9.5,-3.4,-2.2,5.8,58,0.0,0.0,0.0,0.0,2.2,4.4
2023-12-08,3.1,12.1,-3.8,-0.2,9.4,63,0.0,0.0,0.0,0.0,2.6,6.5
2023-12-09,1.9,7.8,-2.2,-1.7,4.3,56,0.0,0.0,0.0,0.0,2.69,4.3
2023-12-10,-1.0,1.1,-3.3,-4.8,-3.0,48,0.0,0.0,0.0,0.0,2.21,4.3
2023-12-11,-2.6,-0.7,-5.8,-6.0,-4.1,78,2.3,0.0,1.61,10.0,1.89,4.4
2023-12-12,-5.0,-2.6,-8.4,-8.9,-6.2,83,0.0,0.0,0.0,0.0,2.77,6.7
2023-12-13,-3.1,-2.8,-3.4,-6.7,-6.1,86,5.2,0.0,3.64,18.0,2.42,4.9
2023-12-14,-3.8,-3.2,-4.9,-7.2,-6.0,93,5.3,0.0,3.71,24.0,2.28,4.0
2023-12-15,-7.0,-5.3,-10.2,-12.4,-9.0,55,0.0,0.0,0.0,0.0,5.6,12.7
2023-12-16,-10.8,-8.0,-14.8,-16.9,-14.4,32,0.0,0.0,0.0,0.0,5.59,12.0
2023-12-17,-11.8,-6.6,-15.9,-16.6,-11.2,43,0.0,0.0,0.0,0.0,2.98,5.9
2023-12-18,-11.9,-6.9,-15.9,-16.4,-11.6,61,0.0,0.0,0.0,0.0,2.12,5.7
2023-12-19,-9.9,-6.2,-13.1,-15.9,-12.9,42,0.0,0.0,0.0,0.0,6.49,13.1
2023-12-20,-12.3,-8.4,-15.7,-18.3,-15.2,35,0.0,0.0,0.0,0.0,6.42,12.8
2023-12-21,-11.5,-6.9,-15.1,-17.4,-13.2,34,0.0,0.0,0.0,0.0,5.0,11.2
2023-12-22,-10.3,-4.8,-14.9,-14.9,-9.2,46,0.0,0.0,0.0,0.0,2.44,4.1
2023-12-23,-8.9,-2.3,-14.1,-13.9,-7.8,50,0.0,0.0,0.0,0.0,3.94,8.3
2023-12-24,-8.5,-1.8,-14.1,-13.1,-6.6,53,0.0,0.0,0.0,0.0,3.06,5.4
2023-12-25,-8.1,-1.3,-14.6,-12.5,-6.0,64,0.0,0.0,0.0,0.0,2.9,6.1
2023-12-26,-3.6,3.4,-9.3,-7.9,-0.6,58,0.0,0.0,0.0,0.0,3.14,6.3
2023-12-27,-5.3,1.1,-9.9,-9.2,-3.0,66,0.0,0.0,0.0,0.0,2.32,5.1
2023-12-28,-5.2,3.0,-11.4,-9.1,-0.3,70,0.0,0.0,0.0,0.0,2.9,4.1
2023-12-29,-4.8,-0.5,-9.9,-8.4,-4.2,79,0.0,0.0,0.0,0.0,2.28,4.7
2023-12-30,-2.6,3.3,-7.8,-6.4,0.6,75,0.1,0.0,0.07,1.0,3.98,8.2
2023-12-31,-1.8,3.0,-7.0,-6.5,-1.0,48,0.0,0.0,0.0,0.0,4.2,8.4
2024-01-01,-5.9,-1.5,-9.5,-9.8,-5.6,78,0.0,0.0,0.0,0.0,2.33,5.5
2024-01-02,-4.8,2.9,-9.7,-8.8,-0.5,73,0.0,0.0,0.0,0.0,2.69,4.9
2024-01-03,-3.6,3.3,-9.0,-8.1,-0.5,55,0.0,0.0,0.0,0.0,2.83,5.8
2024-01-04,-3.2,6.1,-10.7,-7.4,2.5,60,0.0,0.0,0.0,0.0,2.98,4.7
2024-01-05,-2.3,4.7,-7.4,-6.6,0.3,55,0.0,0.0,0.0,0.0,2.73,5.5
2024-01-06,-1.2,2.5,-5.4,-6.9,-3.7,35,0.0,0.0,0.0,0.0,5.13,11.0
2024-01-07,-5.6,-0.9,-9.5,-10.2,-5.3,45,0.0,0.0,0.0,0.0,2.57,6.0
2024-01-08,-5.7,-1.7,-10.7,-9.8,-5.8,55,0.0,0.0,0.0,0.0,1.84,4.5
2024-01-09,-1.6,4.4,-6.5,-5.9,0.7,50,0.0,0.0,0.0,0.0,2.78,4.9
2024-01-10,-4.4,1.5,-9.5,-8.7,-3.0,61,0.0,0.0,0.0,0.0,3.63,7.6
2024-01-11,-1.1,8.2,-8.5,-4.8,4.6,64,0.0,0.0,0.0,0.0,3.01,4.7
2024-01-12,-1.8,4.5,-7.1,-5.4,1.0,71,0.0,0.0,0.0,0.0,2.31,4.7
2024-01-13,-3.1,0.0,-6.5,-7.0,-3.3,74,0.0,0.0,0.0,0.0,2.63,4.9
2024-01-14,-2.2,2.6,-7.5,-7.4,-2.0,35,0.0,0.0,0.0,0.0,4.49,8.1
2024-01-15,-6.3,1.1,-12.1,-10.7,-3.6,52,0.0,0.0,0.0,0.0,2.77,5.5
2024-01-16,-5.1,0.1,-10.9,-9.1,-4.1,69,0.0,0.0,0.0,0.0,2.43,5.3
2024-01-17,-2.3,0.2,-4.5,-5.5,-3.3,85,0.0,0.0,0.0,0.0,1.84,3.0
2024-01-18,-2.2,3.1,-5.7,-6.0,-1.3,64,0.0,0.0,0.0,0.0,2.18,6.2
2024-01-19,-2.8,-0.1,-5.3,-6.7,-3.9,52,0.0,0.0,0.0,0.0,1.75,3.6
2024-01-20,-3.4,-0.9,-6.9,-7.9,-4.8,45,0.0,0.0,0.0,0.0,5.66,7.8
2024-01-21,-7.8,-5.2,-10.8,-14.4,-11.9,28,0.0,0.0,0.0,0.0,5.88,12.3
2024-01-22,-8.7,-3.6,-13.5,-14.2,-9.7,33,0.0,0.0,0.0,0.0,4.47,9.8
2024-01-23,-6.1,-0.3,-11.7,-11.7,-6.3,31,0.0,0.0,0.0,0.0,5.44,11.1
2024-01-24,-3.9,2.4,-8.7,-8.6,-1.7,36,0.0,0.0,0.0,0.0,2.41,5.8
2024-01-25,-2.3,4.5,-7.5,-7.2,-1.2,37,0.0,0.0,0.0,0.0,3.78,8.3
2024-01-26,-2.8,3.8,-6.2,-7.5,-0.9,35,0.0,0.0,0.0,0.0,2.81,6.5
2024-01-27,-3.4,2.6,-7.2,-8.2,-1.7,37,0.0,0.0,0.0,0.0,2.73,6.8
2024-01-28,-3.5,5.3,-9.9,-7.9,1.1,47,0.0,0.0,0.0,0.0,2.84,4.8
2024-01-29,-3.5,2.8,-9.1,-8.0,-2.1,57,0.0,0.0,0.0,0.0,3.26,7.6
2024-01-30,-4.3,-1.1,-6.5,-8.1,-4.7,71,0.0,0.0,0.0,0.0,1.8,3.9
2024-01-31,-3.5,0.7,-7.2,-8.3,-3.9,55,0.0,0.0,0.0,0.0,4.08,8.7
2024-02-01,-5.7,-2.8,-9.3,-9.9,-7.1,46,0.0,0.0,0.0,0.0,1.84,4.7
2024-02-02,-6.4,-1.6,-11.3,-10.5,-5.9,52,0.0,0.0,0.0,0.0,2.4,5.3
2024-02-03,-3.9,2.4,-9.7,-7.8,-1.4,53,0.0,0.0,0.0,0.0,2.86,4.8
2024-02-04,-4.6,-0.5,-9.7,-8.6,-4.6,57,0.0,0.0,0.0,0.0,1.84,4.6
2024-02-05,-2.0,3.7,-5.2,-5.8,0.3,62,0.0,0.0,0.0,0.0,2.72,4.6
2024-02-06,-1.9,3.6,-6.6,-6.3,-1.1,50,0.0,0.0,0.0,0.0,3.49,8.0
2024-02-07,-2.7,3.7,-7.4,-7.4,-0.2,43,0.0,0.0,0.0,0.0,3.32,7.1
2024-02-08,-2.6,4.5,-7.5,-7.1,0.5,42,0.0,0.0,0.0,0.0,3.21,5.5
2024-02-09,-0.8,8.4,-8.7,-5.4,2.7,43,0.0,0.0,0.0,0.0,4.7,9.8
2024-02-10,-0.9,5.3,-5.6,-5.5,1.5,36,0.0,0.0,0.0,0.0,2.86,5.7
2024-02-11,1.8,10.7,-4.6,-2.3,7.0,45,0.0,0.0,0.0,0.0,3.28,5.3
2024-02-12,1.9,9.8,-4.5,-1.8,6.2,59,0.0,0.0,0.0,0.0,2.56,5.5
2024-02-13,3.7,13.3,-4.5,0.7,10.7,65,0.0,0.0,0.0,0.0,2.33,4.9
2024-02-14,4.2,10.5,-1.4,-0.4,4.8,50,0.0,0.0,0.0,0.0,5.25,11.2
2024-02-15,1.6,8.8,-5.0,-3.0,4.5,41,0.0,0.0,0.0,0.0,3.59,7.2
2024-02-16,0.8,8.3,-5.1,-2.9,4.7,65,0.0,0.0,0.0,0.0,3.11,7.1
2024-02-17,3.0,10.9,-3.4,-0.2,8.3,70,0.0,0.0,0.0,0.0,2.38,5.6
2024-02-18,4.9,6.4,4.0,1.5,3.3,71,0.6,0.6,0.0,4.0,5.75,10.5
2024-02-19,1.2,3.8,-2.5,-4.7,-2.7,26,0.0,0.0,0.0,0.0,5.81,10.5
2024-02-20,-3.5,-2.4,-4.8,-7.9,-6.9,40,0.4,0.0,0.28,4.0,3.02,5.5
2024-02-21,-4.1,-1.7,-7.6,-8.3,-5.9,57,0.6,0.0,0.42,5.0,2.69,4.7
2024-02-22,-2.0,2.4,-6.6,-6.9,-1.7,32,0.0,0.0,0.0,0.0,3.42,7.5
2024-02-23,-2.8,2.3,-7.2,-6.9,-1.1,44,0.0,0.0,0.0,0.0,2.72,5.2
2024-02-24,-0.6,4.5,-4.7,-4.5,0.5,51,0.0,0.0,0.0,0.0,2.71,6.5
2024-02-25,0.6,7.9,-5.2,-3.8,4.1,42,0.0,0.0,0.0,0.0,3.0,6.1
2024-02-26,-0.2,4.2,-5.0,-4.6,-0.6,50,0.0,0.0,0.0,0.0,3.42,8.2
2024-02-27,-0.0,4.7,-3.1,-3.9,1.0,59,0.0,0.0,0.0,0.0,2.45,7.4
2024-02-28,1.3,6.3,-2.4,-2.5,2.4,61,0.0,0.0,0.0,0.0,3.64,7.0
2024-02-29,-0.7,3.9,-5.3,-5.9,-1.9,43,0.0,0.0,0.0,0.0,5.3,10.7
2024-03-01,-0.9,5.6,-7.4,-5.9,0.5,33,0.0,0.0,0.0,0.0,4.71,10.4
2024-03-02,3.2,10.6,-2.7,-1.0,6.4,42,0.0,0.0,0.0,0.0,3.41,7.2
2024-03-03,2.1,8.5,-3.9,-2.3,4.9,43,0.0,0.0,0.0,0.0,3.76,7.2
2024-03-04,1.2,6.2,-5.1,-2.8,2.7,53,0.0,0.0,0.0,0.0,2.28,5.9
2024-03-05,2.4,4.1,0.1,-0.4,1.5,79,1.3,0.7,0.42,12.0,2.22,4.4
2024-03-06,2.1,7.4,-3.3,-1.8,5.0,55,0.0,0.0,0.0,0.0,3.47,7.2
2024-03-07,2.6,10.6,-4.8,-1.9,5.2,53,0.0,0.0,0.0,0.0,6.28,12.7
2024-03-08,3.1,10.5,-3.4,-1.0,7.4,38,0.0,0.0,0.0,0.0,3.61,7.3
2024-03-09,3.5,13.2,-4.8,-0.1,9.3,55,0.0,0.0,0.0,0.0,3.51,7.8
2024-03-10,5.3,12.0,-2.8,2.3,9.8,63,0.0,0.0,0.0,0.0,2.14,5.2
2024-03-11,7.4,15.7,-1.5,3.9,11.9,54,0.0,0.0,0.0,0.0,3.36,7.6
2024-03-12,6.5,14.1,-2.8,2.7,10.8,46,0.0,0.0,0.0,0.0,3.35,7.3
2024-03-13,8.6,18.3,-0.8,5.6,16.3,48,0.0,0.0,0.0,0.0,3.05,4.5
2024-03-14,9.1,20.0,-0.6,5.8,16.5,51,0.0,0.0,0.0,0.0,4.22,8.4
2024-03-15,11.8,20.9,3.2,9.4,18.6,58,0.0,0.0,0.0,0.0,3.62,7.8
2024-03-16,11.8,19.9,6.8,8.1,15.8,45,0.4,0.4,0.0,3.0,6.86,14.0
2024-03-17,8.6,13.1,4.0,4.0,10.5,27,0.0,0.0,0.0,0.0,4.72,9.7
2024-03-18,8.0,15.4,-0.6,4.0,12.4,40,0.0,0.0,0.0,0.0,7.43,13.7
2024-03-19,8.5,15.3,1.0,3.0,8.6,23,0.0,0.0,0.0,0.0,7.95,16.6
2024-03-20,6.4,14.6,-2.7,2.3,10.6,38,0.0,0.0,0.0,0.0,4.22,9.3
2024-03-21,7.2,13.5,-1.5,3.8,10.6,50,2.4,2.4,0.0,6.0,2.77,6.2
2024-03-22,11.5,22.7,1.9,8.5,18.7,52,0.1,0.1,0.0,1.0,4.49,9.5
2024-03-23,12.0,20.4,2.7,9.3,17.5,48,0.0,0.0,0.0,0.0,2.55,5.9
2024-03-24,10.1,13.1,7.0,7.5,9.7,59,1.4,1.4,0.0,8.0,3.23,5.2
2024-03-25,9.4,15.0,4.1,7.6,13.3,77,0.0,0.0,0.0,0.0,2.35,4.7
2024-03-26,10.2,16.6,4.3,8.2,13.9,76,0.0,0.0,0.0,0.0,4.44,9.4
2024-03-27,10.2,13.6,6.3,8.7,13.2,82,3.6,3.6,0.0,4.0,2.34,7.9
2024-03-28,11.5,16.1,7.8,6.9,12.7,23,0.0,0.0,0.0,0.0,5.88,12.7
2024-03-29,12.4,20.1,5.2,8.5,16.4,31,0.0,0.0,0.0,0.0,4.9,10.8
2024-03-30,14.1,21.5,6.5,10.2,17.6,28,0.0,0.0,0.0,0.0,3.98,8.5
2024-03-31,12.7,20.2,5.4,9.6,17.4,38,0.0,0.0,0.0,0.0,2.73,6.3
2024-04-01,11.8,15.1,7.9,8.3,10.6,37,0.0,0.0,0.0,0.0,3.28,9.0
2024-04-02,14.2,19.7,7.9,10.9,17.1,32,0.0,0.0,0.0,0.0,2.24,5.9
2024-04-03,15.2,19.6,11.2,12.3,17.7,38,0.0,0.0,0.0,0.0,4.22,8.8
2024-04-04,12.5,16.9,8.0,8.8,12.7,39,0.0,0.0,0.0,0.0,4.24,8.7
2024-04-05,13.6,20.8,6.5,11.1,18.6,44,0.3,0.3,0.0,3.0,3.61,7.4
2024-04-06,17.8,27.2,7.4,15.6,24.2,47,0.0,0.0,0.0,0.0,3.98,8.6
2024-04-07,18.9,27.3,10.1,15.8,25.5,31,0.0,0.0,0.0,0.0,3.66,7.1
2024-04-08,16.5,22.1,9.8,12.9,18.8,32,0.0,0.0,0.0,0.0,4.13,8.7
2024-04-09,12.6,16.4,9.5,8.9,12.8,36,0.9,0.9,0.0,4.0,4.61,10.0
2024-04-10,9.0,11.7,6.6,6.5,9.9,57,4.8,4.8,0.0,7.0,1.86,4.3
2024-04-11,14.5,24.5,5.5,13.3,22.7,68,0.0,0.0,0.0,0.0,3.44,8.2
2024-04-12,19.7,27.8,11.7,19.2,26.8,64,0.0,0.0,0.0,0.0,4.73,9.8
2024-04-13,22.0,28.3,14.3,21.1,26.1,56,0.0,0.0,0.0,0.0,5.59,11.6
2024-04-14,18.2,19.7,15.3,17.6,18.9,70,1.1,1.1,0.0,5.0,4.12,8.3
2024-04-15,18.7,23.9,14.5,15.4,18.7,39,0.0,0.0,0.0,0.0,6.59,13.2
2024-04-16,18.5,26.7,10.9,14.9,24.3,20,0.0,0.0,0.0,0.0,3.08,6.4
2024-04-17,19.1,28.5,9.1,16.7,26.2,36,0.0,0.0,0.0,0.0,4.11,8.4
2024-04-18,21.7,30.4,12.5,19.4,28.5,38,0.0,0.0,0.0,0.0,4.64,9.1
2024-04-19,18.6,21.0,15.6,14.7,16.0,26,0.0,0.0,0.0,0.0,5.05,10.4
2024-04-20,17.6,23.1,13.4,15.1,20.6,40,0.0,0.0,0.0,0.0,3.62,7.6
2024-04-21,18.1,25.6,9.2,16.1,23.6,49,0.0,0.0,0.0,0.0,4.26,9.3
2024-04-22,17.9,24.9,11.5,17.7,25.7,67,10.7,10.7,0.0,7.0,3.26,6.8
2024-04-23,15.8,22.1,10.4,13.5,18.5,62,15.8,15.8,0.0,10.0,5.3,14.0
2024-04-24,16.9,25.6,8.5,15.5,22.8,60,0.0,0.0,0.0,0.0,4.34,9.1
2024-04-25,19.8,27.9,11.4,19.6,27.3,61,0.0,0.0,0.0,0.0,3.92,8.3
2024-04-26,21.4,27.1,14.0,22.2,28.4,67,0.1,0.1,0.0,1.0,3.09,7.5
2024-04-27,19.2,22.8,15.5,18.4,21.2,63,2.0,2.0,0.0,9.0,5.22,10.2
2024-04-28,15.0,17.9,11.6,12.0,17.1,50,0.0,0.0,0.0,0.0,4.33,8.8
2024-04-29,11.7,14.3,8.7,10.5,12.9,77,6.0,6.0,0.0,8.0,2.28,4.4
2024-04-30,15.9,24.8,6.2,13.6,22.9,52,0.0,0.0,0.0,0.0,3.0,6.3
2024-05-01,18.6,27.3,7.6,16.1,25.4,41,0.0,0.0,0.0,0.0,4.12,8.6
2024-05-02,19.6,28.4,10.9,17.8,26.7,44,0.0,0.0,0.0,0.0,4.46,9.7
2024-05-03,20.0,27.8,10.6,17.9,25.2,43,0.0,0.0,0.0,0.0,5.44,11.0
2024-05-04,18.5,23.4,12.6,17.0,21.0,53,0.3,0.3,0.0,3.0,3.96,8.0
2024-05-05,17.9,20.2,14.4,17.9,20.2,68,0.0,0.0,0.0,0.0,2.28,4.5
2024-05-06,21.0,27.1,15.3,20.2,26.2,51,0.3,0.3,0.0,3.0,3.41,7.9
2024-05-07,21.5,29.3,14.1,19.9,27.9,39,0.0,0.0,0.0,0.0,2.44,6.1
2024-05-08,22.1,30.8,12.2,20.7,29.7,45,0.0,0.0,0.0,0.0,5.42,10.9
2024-05-09,23.6,29.9,14.6,22.4,28.7,43,0.0,0.0,0.0,0.0,4.8,9.9
2024-05-10,23.0,28.1,18.5,22.2,28.3,48,2.4,2.4,0.0,5.0,5.02,11.9
2024-05-11,20.5,26.0,14.4,16.1,21.1,20,0.0,0.0,0.0,0.0,6.93,14.7
2024-05-12,21.5,30.0,11.8,18.3,26.6,25,0.0,0.0,0.0,0.0,4.31,10.3
2024-05-13,23.9,33.2,11.4,21.5,30.5,33,0.0,0.0,0.0,0.0,5.86,11.9
2024-05-14,24.7,31.5,18.0,21.5,28.2,30,0.0,0.0,0.0,0.0,8.49,16.6
2024-05-15,22.1,28.9,14.3,17.6,25.2,13,0.0,0.0,0.0,0.0,5.49,10.5
2024-05-16,21.6,30.3,11.6,19.3,27.3,30,0.0,0.0,0.0,0.0,3.81,8.3
2024-05-17,25.8,34.1,15.5,25.4,34.8,42,0.0,0.0,0.0,0.0,3.34,6.7
2024-05-18,26.3,33.5,19.1,26.7,33.8,49,0.0,0.0,0.0,0.0,5.01,9.6
2024-05-19,22.9,27.5,19.0,23.4,28.1,62,0.8,0.8,0.0,2.0,5.11,10.4
2024-05-20,22.2,27.4,15.6,21.5,27.8,47,0.0,0.0,0.0,0.0,4.1,9.1
2024-05-21,22.9,29.1,16.5,22.4,29.2,48,0.0,0.0,0.0,0.0,3.08,7.7
2024-05-22,25.4,33.0,17.1,26.4,34.0,57,0.0,0.0,0.0,0.0,5.03,10.6
2024-05-23,25.6,30.6,20.8,26.1,31.7,57,0.0,0.0,0.0,0.0,7.14,14.1
2024-05-24,18.8,21.0,15.3,18.2,20.1,57,2.2,2.2,0.0,8.0,2.41,5.8
2024-05-25,14.3,15.6,13.4,14.3,15.6,83,13.4,13.4,0.0,12.0,1.7,3.3
2024-05-26,21.0,28.8,12.3,19.4,26.0,52,0.0,0.0,0.0,0.0,5.9,13.1
2024-05-27,21.9,29.5,12.3,20.4,29.9,43,0.0,0.0,0.0,0.0,3.31,6.4
2024-05-28,23.5,31.1,14.0,23.3,31.9,48,0.0,0.0,0.0,0.0,3.26,7.2
2024-05-29,26.1,32.8,20.6,25.1,31.2,43,0.0,0.0,0.0,0.0,6.38,12.7
2024-05-30,26.1,33.8,20.7,26.5,33.4,50,0.1,0.1,0.0,1.0,4.6,10.2
2024-05-31,24.2,29.7,18.2,21.6,27.4,32,0.0,0.0,0.0,0.0,6.07,12.8
2024-06-01,24.9,33.2,15.1,24.0,32.8,40,0.0,0.0,0.0,0.0,4.05,8.3
2024-06-02,25.8,32.4,18.9,24.7,31.7,36,0.0,0.0,0.0,0.0,3.3,7.3
2024-06-03,25.8,33.9,16.2,25.4,34.3,41,0.0,0.0,0.0,0.0,3.05,7.5
2024-06-04,26.0,32.6,18.4,25.6,31.1,44,0.0,0.0,0.0,0.0,4.97,10.8
2024-06-05,25.2,30.5,20.7,25.0,30.3,48,0.0,0.0,0.0,0.0,5.34,11.5
2024-06-06,25.5,31.4,18.8,25.4,31.8,49,0.0,0.0,0.0,0.0,4.94,10.5
2024-06-07,20.8,23.9,17.5,22.0,24.3,72,7.7,7.7,0.0,8.0,2.0,9.9
2024-06-08,23.5,32.3,14.5,25.8,33.9,73,0.0,0.0,0.0,0.0,3.7,8.2
2024-06-09,27.5,36.1,18.8,29.2,37.8,58,0.0,0.0,0.0,0.0,3.2,6.1
2024-06-10,26.5,35.2,19.2,28.4,36.5,60,0.0,0.0,0.0,0.0,3.99,8.8
2024-06-11,28.1,36.8,19.0,30.6,39.1,58,0.0,0.0,0.0,0.0,3.0,7.3
2024-06-12,29.5,38.5,19.4,31.7,40.4,54,0.0,0.0,0.0,0.0,3.64,7.1
2024-06-13,28.7,34.9,22.5,31.4,38.8,57,0.1,0.1,0.0,1.0,3.14,5.8
2024-06-14,28.3,34.9,22.4,29.8,36.1,51,0.6,0.6,0.0,3.0,2.59,7.6
2024-06-15,27.4,33.1,21.0,26.1,31.4,34,0.0,0.0,0.0,0.0,3.91,10.7
2024-06-16,28.0,36.2,17.9,28.1,35.2,45,0.0,0.0,0.0,0.0,4.99,9.8
2024-06-17,30.8,38.8,20.8,30.7,38.7,38,0.0,0.0,0.0,0.0,4.75,9.7
2024-06-18,31.4,39.0,21.6,31.6,39.6,36,0.0,0.0,0.0,0.0,5.1,10.7
2024-06-19,31.4,37.7,25.2,31.6,37.4,38,0.0,0.0,0.0,0.0,5.14,10.9
2024-06-20,30.0,37.2,25.1,31.7,38.8,49,0.0,0.0,0.0,0.0,4.19,8.9
2024-06-21,24.3,26.4,22.5,27.0,30.0,72,4.0,4.0,0.0,9.0,3.31,6.4
2024-06-22,28.3,34.8,22.6,29.1,34.8,49,0.1,0.1,0.0,1.0,4.44,10.3
2024-06-23,26.0,29.8,21.8,24.4,27.6,37,0.0,0.0,0.0,0.0,5.5,12.1
2024-06-24,27.1,33.8,18.8,26.1,32.8,36,0.0,0.0,0.0,0.0,3.92,8.7
2024-06-25,28.9,36.4,18.8,28.8,37.3,37,0.0,0.0,0.0,0.0,3.38,6.1
2024-06-26,29.9,37.6,20.2,30.0,37.4,41,0.0,0.0,0.0,0.0,5.1,10.8
2024-06-27,31.3,36.2,26.8,30.0,33.8,31,0.0,0.0,0.0,0.0,6.54,13.4
2024-06-28,30.9,37.7,22.4,30.8,37.2,37,0.0,0.0,0.0,0.0,5.88,12.3
2024-06-29,29.0,33.8,23.5,31.0,35.9,53,5.2,5.2,0.0,4.0,3.26,7.7
2024-06-30,27.7,34.0,22.1,32.0,39.0,72,4.8,4.8,0.0,2.0,2.78,6.9
2024-07-01,25.7,27.8,22.9,28.7,30.4,72,6.8,6.8,0.0,7.0,3.21,8.2
2024-07-02,22.4,24.7,19.0,24.0,27.7,73,2.8,2.8,0.0,16.0,3.32,6.4
2024-07-03,23.4,29.7,15.3,25.2,31.4,65,0.0,0.0,0.0,0.0,2.15,6.9
2024-07-04,26.0,30.7,20.8,28.8,34.1,67,0.2,0.2,0.0,2.0,2.5,6.5
2024-07-05,27.4,32.8,21.3,31.7,37.1,74,2.1,2.1,0.0,3.0,2.84,6.9
2024-07-06,28.8,34.5,24.0,32.9,38.0,68,1.0,1.0,0.0,4.0,3.65,7.8
2024-07-07,28.9,34.0,23.8,32.2,37.6,62,0.4,0.4,0.0,3.0,2.47,5.6
2024-07-08,28.7,34.2,23.0,32.0,37.0,62,0.0,0.0,0.0,0.0,2.52,7.1
2024-07-09,29.3,33.8,24.9,31.9,37.7,53,0.2,0.2,0.0,2.0,2.95,6.3
2024-07-10,29.5,35.7,22.7,32.1,39.1,53,0.0,0.0,0.0,0.0,3.15,6.8
2024-07-11,30.9,36.7,24.1,33.8,40.7,52,0.1,0.1,0.0,1.0,3.76,8.0
2024-07-12,28.6,33.6,23.2,32.2,37.7,65,7.8,7.8,0.0,5.0,2.72,10.7
2024-07-13,25.3,28.8,22.7,28.7,32.2,76,2.5,2.5,0.0,8.0,2.81,6.0
2024-07-14,27.5,32.4,22.3,30.7,35.7,65,0.1,0.1,0.0,1.0,2.02,5.3
2024-07-15,27.2,30.5,23.1,30.4,33.8,68,2.7,2.7,0.0,4.0,3.15,7.0
2024-07-16,26.4,30.3,23.5,31.3,35.6,84,4.7,4.7,0.0,12.0,2.32,7.7
2024-07-17,29.3,36.0,21.8,32.0,38.2,58,0.0,0.0,0.0,0.0,2.95,5.8
2024-07-18,30.7,37.7,22.8,32.5,38.0,49,0.0,0.0,0.0,0.0,4.21,9.0
2024-07-19,31.0,38.5,23.3,34.5,41.6,57,0.0,0.0,0.0,0.0,5.78,11.7
2024-07-20,31.7,38.1,26.0,35.8,41.5,58,0.0,0.0,0.0,0.0,4.0,9.2
2024-07-21,32.5,37.3,27.7,37.3,42.1,61,0.0,0.0,0.0,0.0,3.83,8.0
2024-07-22,30.9,34.8,25.8,36.2,40.4,69,5.2,5.2,0.0,8.0,2.97,6.3
2024-07-23,32.7,37.9,27.4,39.4,44.7,68,0.0,0.0,0.0,0.0,2.75,6.6
2024-07-24,30.4,36.4,24.0,37.2,44.4,79,15.6,15.6,0.0,11.0,3.54,8.8
2024-07-25,25.0,26.2,23.9,30.5,32.2,94,65.0,65.0,0.0,23.0,2.23,6.5
2024-07-26,27.9,32.9,23.7,33.4,38.3,82,0.1,0.1,0.0,1.0,2.43,5.0
2024-07-27,29.4,33.7,25.6,35.1,39.2,79,0.2,0.2,0.0,2.0,2.8,5.4
2024-07-28,30.7,34.8,26.2,37.5,42.2,78,0.0,0.0,0.0,0.0,2.56,5.6
2024-07-29,30.6,35.4,26.6,37.8,42.5,80,0.4,0.4,0.0,3.0,2.62,5.6
2024-07-30,27.3,29.4,25.4,33.2,35.4,92,81.5,81.5,0.0,24.0,4.15,14.2
2024-07-31,28.7,32.9,25.9,35.3,39.8,85,4.8,4.8,0.0,7.0,3.91,6.6
2024-08-01,29.3,33.4,24.8,35.5,40.7,77,0.0,0.0,0.0,0.0,1.9,4.0
2024-08-02,27.7,32.0,25.2,33.6,38.2,85,22.2,22.2,0.0,13.0,3.54,9.5
2024-08-03,27.1,30.3,25.1,32.9,37.5,88,12.4,12.4,0.0,21.0,2.41,7.8
2024-08-04,27.3,31.1,24.5,33.2,36.6,88,29.2,29.2,0.0,10.0,2.91,6.4
2024-08-05,28.2,33.6,24.0,33.7,39.8,77,0.0,0.0,0.0,0.0,1.98,4.1
2024-08-06,28.6,33.9,23.2,34.4,40.6,79,0.4,0.4,0.0,1.0,2.3,6.4
2024-08-07,27.4,29.5,23.9,33.4,36.1,86,1.7,1.7,0.0,7.0,2.16,6.2
2024-08-08,28.4,33.2,23.8,34.3,40.2,79,0.2,0.2,0.0,2.0,1.9,4.6
2024-08-09,26.3,29.1,24.9,31.3,34.1,89,44.9,44.9,0.0,12.0,5.27,14.4
2024-08-10,27.6,32.2,24.4,33.5,38.0,85,22.9,22.9,0.0,5.0,3.32,13.3
2024-08-11,28.2,32.0,23.5,31.4,35.0,65,0.0,0.0,0.0,0.0,4.02,9.1
2024-08-12,27.4,30.0,25.1,29.3,31.8,64,0.3,0.3,0.0,3.0,5.08,10.4
2024-08-13,25.5,28.5,23.6,28.1,32.1,71,1.2,1.2,0.0,8.0,3.2,6.4
2024-08-14,27.6,31.8,23.5,32.0,36.3,72,0.1,0.1,0.0,1.0,2.07,4.8
2024-08-15,27.3,31.2,23.5,32.8,37.0,82,1.2,1.2,0.0,4.0,2.32,5.6
2024-08-16,26.4,29.9,24.1,32.1,36.4,87,18.3,18.3,0.0,7.0,1.35,5.4
2024-08-17,27.2,31.1,23.5,33.1,37.8,85,5.2,5.2,0.0,13.0,1.96,6.3
2024-08-18,26.2,29.9,23.5,31.7,35.6,88,26.4,26.4,0.0,21.0,2.48,6.4
2024-08-19,25.3,28.7,23.2,29.9,33.3,86,5.1,5.1,0.0,13.0,2.44,6.0
2024-08-20,24.7,26.4,23.3,28.7,30.8,86,12.1,12.1,0.0,14.0,3.04,7.0
2024-08-21,26.5,30.8,23.0,31.3,36.0,81,0.1,0.1,0.0,1.0,2.02,5.1
2024-08-22,28.2,33.9,23.0,33.5,38.4,76,0.0,0.0,0.0,0.0,1.85,6.2
2024-08-23,26.5,30.5,21.8,31.9,37.8,86,5.3,5.3,0.0,9.0,1.99,7.3
2024-08-24,26.0,30.7,21.3,30.8,35.8,83,1.1,1.1,0.0,3.0,2.16,6.1
2024-08-25,26.8,29.8,24.2,32.4,35.4,86,6.4,6.4,0.0,9.0,1.69,4.9
2024-08-26,21.3,24.4,18.2,23.2,29.3,91,62.2,62.2,0.0,18.0,6.58,13.0
2024-08-27,23.3,30.7,17.4,25.1,32.5,73,0.0,0.0,0.0,0.0,3.02,6.3
2024-08-28,23.8,30.0,17.1,26.3,32.7,73,0.0,0.0,0.0,0.0,1.73,4.9
2024-08-29,24.2,29.6,18.5,27.1,32.8,74,0.0,0.0,0.0,0.0,2.91,6.5
2024-08-30,26.3,32.4,19.8,31.2,38.8,80,0.0,0.0,0.0,0.0,1.96,3.9
2024-08-31,27.0,29.8,24.8,30.9,32.5,76,3.7,3.7,0.0,15.0,4.54,8.0
2024-09-01,26.8,31.8,22.9,28.7,33.4,65,5.4,5.4,0.0,5.0,4.72,9.4
2024-09-02,23.7,27.5,20.1,24.1,29.5,53,0.0,0.0,0.0,0.0,3.61,5.9
2024-09-03,22.6,26.7,18.9,24.3,27.8,71,0.0,0.0,0.0,0.0,4.09,7.2
2024-09-04,22.6,23.9,21.3,25.6,27.5,83,7.2,7.2,0.0,12.0,1.77,7.3
2024-09-05,23.9,28.9,19.9,25.2,29.9,69,0.0,0.0,0.0,0.0,4.6,10.5
2024-09-06,23.0,28.3,17.4,25.4,31.2,75,0.0,0.0,0.0,0.0,1.45,3.8
2024-09-07,20.2,22.3,18.8,22.4,25.2,86,10.9,10.9,0.0,15.0,2.75,5.5
2024-09-08,21.0,22.6,19.0,23.9,25.6,87,1.6,1.6,0.0,4.0,1.49,3.6
2024-09-09,22.0,23.7,21.0,25.7,27.5,91,3.0,3.0,0.0,10.0,2.06,7.5
2024-09-10,20.6,23.2,16.1,21.8,24.7,79,1.3,1.3,0.0,5.0,4.45,9.8
2024-09-11,21.3,27.2,15.7,22.8,29.0,77,0.0,0.0,0.0,0.0,2.0,4.2
2024-09-12,21.8,28.4,14.9,23.1,30.3,69,0.0,0.0,0.0,0.0,1.75,3.7
2024-09-13,22.3,27.9,17.4,23.5,28.9,69,0.0,0.0,0.0,0.0,3.59,7.3
2024-09-14,20.9,23.4,17.7,21.6,23.5,70,1.5,1.5,0.0,7.0,4.66,7.6
2024-09-15,20.0,23.9,16.4,20.5,24.5,68,0.0,0.0,0.0,0.0,2.25,4.1
2024-09-16,21.2,25.6,16.8,22.8,27.5,73,0.0,0.0,0.0,0.0,1.49,3.9
2024-09-17,23.5,27.8,18.9,26.1,30.2,77,0.0,0.0,0.0,0.0,1.99,5.0
2024-09-18,24.2,27.9,20.9,27.0,30.8,75,0.0,0.0,0.0,0.0,2.0,4.3
2024-09-19,24.7,29.1,20.5,28.1,32.8,77,0.0,0.0,0.0,0.0,2.15,4.5
2024-09-20,17.6,24.0,13.9,17.6,28.1,85,30.6,30.6,0.0,16.0,5.99,10.2
2024-09-21,17.3,22.5,11.5,15.3,20.4,59,0.0,0.0,0.0,0.0,5.39,10.5
2024-09-22,16.4,22.5,11.6,14.8,22.0,58,0.0,0.0,0.0,0.0,3.56,6.7
2024-09-23,16.1,23.2,9.3,15.7,22.8,71,0.0,0.0,0.0,0.0,2.9,6.6
2024-09-24,17.7,24.4,10.8,17.8,23.8,74,0.1,0.1,0.0,1.0,3.92,8.0
2024-09-25,19.0,24.5,14.6,19.3,24.5,75,0.0,0.0,0.0,0.0,4.81,10.2
2024-09-26,18.8,23.9,13.4,19.5,24.0,78,0.0,0.0,0.0,0.0,2.11,5.4
2024-09-27,20.0,24.3,16.8,20.7,24.4,73,0.0,0.0,0.0,0.0,3.05,6.2
2024-09-28,21.4,24.3,18.8,23.1,26.6,77,0.0,0.0,0.0,0.0,2.59,5.3
2024-09-29,22.0,25.9,15.9,23.6,27.2,77,6.5,6.5,0.0,7.0,6.55,11.5
2024-09-30,15.9,19.6,12.4,14.1,19.2,64,2.0,2.0,0.0,5.0,5.37,9.7
2024-10-01,13.3,16.4,7.5,9.8,12.2,48,0.0,0.0,0.0,0.0,6.4,13.5
2024-10-02,11.8,20.2,4.5,9.4,17.7,61,0.0,0.0,0.0,0.0,2.56,6.1
2024-10-03,13.7,22.6,6.3,11.9,20.7,64,0.0,0.0,0.0,0.0,3.66,7.6
2024-10-04,14.0,22.3,6.5,12.5,20.7,67,0.0,0.0,0.0,0.0,3.05,6.5
2024-10-05,15.0,22.1,8.4,14.2,21.2,70,0.0,0.0,0.0,0.0,2.25,5.3
2024-10-06,15.1,16.6,13.4,15.1,16.9,83,2.1,2.1,0.0,8.0,1.86,4.7
2024-10-07,15.1,21.1,10.7,13.8,19.0,67,0.0,0.0,0.0,0.0,3.04,5.9
2024-10-08,14.3,22.9,6.8,12.8,22.2,66,0.0,0.0,0.0,0.0,2.61,5.1
2024-10-09,14.1,19.9,9.4,13.8,19.8,80,0.0,0.0,0.0,0.0,1.88,5.1
2024-10-10,14.5,20.6,8.5,11.4,18.7,42,0.0,0.0,0.0,0.0,4.38,8.6
2024-10-11,13.5,22.8,6.1,12.0,21.5,64,0.0,0.0,0.0,0.0,2.17,5.2
2024-10-12,15.8,24.5,7.6,15.1,23.6,72,0.0,0.0,0.0,0.0,2.08,4.9
2024-10-13,16.7,20.1,14.3,17.5,20.8,87,0.5,0.5,0.0,3.0,2.08,6.3
2024-10-14,17.6,22.4,14.4,18.6,23.4,86,0.1,0.1,0.0,1.0,2.35,4.7
2024-10-15,16.3,20.6,11.2,14.1,18.6,55,0.0,0.0,0.0,0.0,4.18,9.0
2024-10-16,13.8,17.8,9.6,12.7,16.8,72,0.0,0.0,0.0,0.0,2.82,6.0
2024-10-17,15.3,17.6,12.9,15.3,18.0,83,2.4,2.4,0.0,9.0,1.98,4.1
2024-10-18,15.3,17.8,10.1,14.5,18.4,79,7.3,7.3,0.0,15.0,5.55,11.4
2024-10-19,8.5,12.5,2.6,3.9,9.0,31,0.0,0.0,0.0,0.0,5.11,10.7
2024-10-20,6.4,11.1,1.8,2.6,6.3,46,0.1,0.1,0.0,1.0,3.05,6.1
2024-10-21,7.4,12.8,2.5,5.0,10.6,71,0.0,0.0,0.0,0.0,2.2,4.9
2024-10-22,10.5,15.8,4.2,7.3,12.9,62,1.2,1.2,0.0,5.0,5.05,9.2
2024-10-23,9.6,18.1,2.7,7.5,15.3,70,0.0,0.0,0.0,0.0,3.07,6.6
2024-10-24,11.7,20.6,4.3,9.8,19.0,70,0.0,0.0,0.0,0.0,2.21,4.3
2024-10-25,12.5,20.5,5.4,11.4,19.5,77,0.0,0.0,0.0,0.0,2.28,5.1
2024-10-26,12.9,16.6,9.7,12.5,16.6,86,0.2,0.2,0.0,1.0,2.2,3.8
2024-10-27,11.6,17.7,5.8,8.8,15.1,59,0.0,0.0,0.0,0.0,2.98,5.9
2024-10-28,10.2,18.5,3.6,8.2,15.9,68,0.0,0.0,0.0,0.0,2.5,5.7
2024-10-29,11.4,20.2,6.4,9.9,18.9,75,0.0,0.0,0.0,0.0,2.65,4.0
2024-10-30,12.0,17.0,6.3,10.3,15.5,71,0.0,0.0,0.0,0.0,2.18,5.4
2024-10-31,13.5,17.3,10.4,13.1,17.5,84,0.6,0.6,0.0,3.0,2.07,2.9
2024-11-01,13.0,20.3,7.5,12.4,20.3,83,0.0,0.0,0.0,0.0,2.43,4.4
2024-11-02,11.8,18.5,7.4,11.0,17.7,87,0.0,0.0,0.0,0.0,2.37,5.6
2024-11-03,13.2,19.8,8.7,10.2,16.3,58,0.0,0.0,0.0,0.0,5.26,11.2
2024-11-04,7.3,12.3,1.4,2.4,8.6,33,0.0,0.0,0.0,0.0,5.27,9.9
2024-11-05,6.7,16.5,0.2,3.4,12.7,54,0.0,0.0,0.0,0.0,2.34,5.7
2024-11-06,6.0,15.1,-1.3,3.0,12.1,63,0.0,0.0,0.0,0.0,1.88,4.5
2024-11-07,6.8,15.1,0.3,4.0,12.7,68,0.0,0.0,0.0,0.0,2.12,4.4
2024-11-08,8.0,15.3,2.3,5.7,12.8,74,0.0,0.0,0.0,0.0,1.97,4.7
2024-11-09,9.5,16.2,4.0,7.6,13.9,77,0.0,0.0,0.0,0.0,2.89,5.9
2024-11-10,12.5,19.9,8.4,11.1,17.7,75,1.6,1.6,0.0,5.0,2.44,5.5
2024-11-11,9.4,13.0,5.9,7.8,12.0,82,0.0,0.0,0.0,0.0,2.19,3.2
2024-11-12,9.1,16.3,3.7,7.1,14.4,77,0.0,0.0,0.0,0.0,1.91,5.0
2024-11-13,9.5,10.1,8.5,8.3,9.4,88,10.0,10.0,0.0,21.0,1.45,2.6
2024-11-14,11.7,16.7,8.4,10.9,16.4,87,4.4,4.4,0.0,5.0,1.81,4.0
2024-11-15,9.3,13.7,4.7,8.1,12.6,92,0.0,0.0,0.0,0.0,2.45,5.1
2024-11-16,10.0,14.5,2.7,6.2,10.0,47,0.1,0.1,0.0,1.0,4.59,9.0
2024-11-17,5.0,11.2,0.2,0.8,7.2,40,0.0,0.0,0.0,0.0,2.84,7.0
2024-11-18,1.9,8.4,-3.8,-1.8,4.5,62,0.0,0.0,0.0,0.0,2.56,5.7
2024-11-19,2.9,9.4,-2.0,-0.0,6.0,75,0.0,0.0,0.0,0.0,2.19,5.1
2024-11-20,5.0,14.8,-2.2,1.8,11.7,71,0.0,0.0,0.0,0.0,2.59,5.4
2024-11-21,6.5,15.3,0.4,2.7,11.7,54,0.0,0.0,0.0,0.0,3.51,7.0
2024-11-22,5.2,12.6,-1.2,1.8,9.3,60,0.0,0.0,0.0,0.0,2.87,5.1
2024-11-23,4.8,10.0,2.1,1.8,7.1,70,0.0,0.0,0.0,0.0,2.15,4.8
2024-11-24,5.2,9.1,1.0,2.6,6.6,78,0.0,0.0,0.0,0.0,2.06,4.5
2024-11-25,4.5,6.4,-1.6,0.3,4.6,60,5.1,5.1,0.0,10.0,6.03,11.8
2024-11-26,-1.3,2.5,-3.7,-7.3,-4.5,33,0.0,0.0,0.0,0.0,6.97,12.2
2024-11-27,-1.3,4.1,-5.0,-7.0,-1.5,32,0.0,0.0,0.0,0.0,5.55,10.6
2024-11-28,1.6,7.0,-1.4,-3.7,1.2,38,0.0,0.0,0.0,0.0,5.73,11.5
2024-11-29,4.9,14.5,-1.4,1.0,11.1,57,0.0,0.0,0.0,0.0,3.97,8.4
2024-11-30,5.9,15.1,-0.4,2.8,12.7,63,0.0,0.0,0.0,0.0,2.3,4.1
2024-12-01,5.0,13.6,-2.7,1.3,10.7,61,0.0,0.0,0.0,0.0,5.53,10.5
2024-12-02,0.6,4.6,-4.6,-4.8,-0.6,30,0.0,0.0,0.0,0.0,5.89,10.7
2024-12-03,-1.1,7.5,-6.0,-5.1,4.0,52,0.0,0.0,0.0,0.0,2.51,4.6
2024-12-04,0.1,7.8,-5.0,-4.0,3.8,55,0.0,0.0,0.0,0.0,2.75,5.3
2024-12-05,1.7,9.0,-3.2,-2.9,3.4,48,0.0,0.0,0.0,0.0,5.45,10.4
2024-12-06,-0.1,6.1,-4.6,-4.4,1.3,50,0.0,0.0,0.0,0.0,3.98,7.7
2024-12-07,-1.1,3.6,-5.2,-6.6,-2.5,33,0.0,0.0,0.0,0.0,5.46,10.9
2024-12-08,-2.5,5.1,-6.8,-7.1,1.3,42,0.0,0.0,0.0,0.0,2.83,4.4
2024-12-09,-2.9,5.9,-9.6,-7.1,2.3,49,0.0,0.0,0.0,0.0,2.75,3.6
2024-12-10,-1.2,5.4,-6.5,-5.4,1.3,54,0.0,0.0,0.0,0.0,2.51,5.4
2024-12-11,-0.5,5.1,-4.6,-4.5,0.9,53,0.0,0.0,0.0,0.0,3.0,5.3
2024-12-12,-2.5,2.1,-6.3,-6.1,-1.1,73,0.1,0.1,0.0,1.0,2.36,3.7
2024-12-13,-0.6,3.6,-4.2,-5.8,-2.0,39,0.1,0.1,0.0,1.0,5.06,10.7
2024-12-14,-1.4,5.2,-6.0,-6.4,-0.1,41,0.0,0.0,0.0,0.0,4.44,9.2
2024-12-15,-0.1,7.4,-4.7,-4.6,3.4,44,0.0,0.0,0.0,0.0,2.89,6.3
2024-12-16,0.2,7.8,-4.2,-4.0,4.0,51,0.0,0.0,0.0,0.0,2.64,5.0
2024-12-17,-0.3,4.7,-3.9,-5.3,-0.5,41,0.0,0.0,0.0,0.0,4.0,8.8
2024-12-18,-2.6,3.7,-7.2,-7.3,-0.6,39,0.0,0.0,0.0,0.0,3.35,7.3
2024-12-19,-4.6,0.1,-8.5,-8.7,-4.8,56,0.0,0.0,0.0,0.0,2.9,6.1
2024-12-20,-2.8,2.7,-7.9,-8.1,-3.5,42,0.0,0.0,0.0,0.0,5.2,11.2
2024-12-21,-2.7,3.0,-6.0,-8.3,-2.9,32,0.0,0.0,0.0,0.0,4.67,9.5
2024-12-22,-3.3,3.7,-8.2,-7.7,-0.3,44,0.0,0.0,0.0,0.0,2.52,4.3
2024-12-23,-2.3,5.3,-7.9,-6.5,1.1,46,0.0,0.0,0.0,0.0,2.44,5.5
2024-12-24,-3.2,3.1,-8.1,-7.2,-1.2,56,0.0,0.0,0.0,0.0,2.52,5.9
2024-12-25,-2.0,5.1,-7.8,-6.7,-1.1,45,0.0,0.0,0.0,0.0,5.4,11.2
2024-12-26,-2.8,2.3,-5.4,-7.8,-2.9,32,0.0,0.0,0.0,0.0,3.25,8.4
2024-12-27,-2.8,1.2,-5.5,-8.5,-5.5,29,0.0,0.0,0.0,0.0,6.02,12.0
2024-12-28,-1.7,5.7,-6.1,-6.4,0.8,36,0.0,0.0,0.0,0.0,3.12,7.6
2024-12-29,-2.3,4.7,-6.7,-6.4,0.4,48,0.0,0.0,0.0,0.0,2.67,4.8
2024-12-30,0.8,7.1,-4.6,-4.4,1.3,35,0.0,0.0,0.0,0.0,5.36,11.1
2024-12-31,-2.0,5.8,-7.8,-6.3,1.0,50,0.0,0.0,0.0,0.0,3.0,6.2
