time,temperature_2m_mean,temperature_2m_max,temperature_2m_min,apparent_temperature_mean,apparent_temperature_max,relative_humidity_2m_mean,precipitation_sum,rain_sum,snowfall_sum,precipitation_hours,wind_speed_10m_max,wind_gusts_10m_max
2005-01-01,-7.1,1.4,-12.7,-11.9,-3.6,43,0.0,0.0,0.0,0.0,2.75,6.4
2005-01-02,-6.5,0.1,-12.9,-10.9,-4.4,49,0.0,0.0,0.0,0.0,2.8,6.2
2005-01-03,-1.9,2.3,-7.8,-7.3,-4.3,30,0.0,0.0,0.0,0.0,5.81,11.9
2005-01-04,-7.1,-0.8,-12.1,-11.9,-5.3,37,0.0,0.0,0.0,0.0,2.93,5.8
2005-01-05,-8.4,-5.1,-11.8,-12.7,-9.3,56,0.5,0.0,0.49,3.0,2.01,5.0
2005-01-06,-5.4,2.0,-11.3,-10.2,-3.7,57,0.0,0.0,0.0,0.0,4.66,9.9
2005-01-07,-4.7,2.2,-10.4,-9.7,-3.3,37,0.0,0.0,0.0,0.0,3.62,8.3
2005-01-08,-5.0,1.1,-9.6,-9.9,-4.3,34,0.0,0.0,0.0,0.0,3.71,8.5
2005-01-09,-7.7,-2.4,-12.5,-12.4,-7.1,38,0.0,0.0,0.0,0.0,2.5,6.2
2005-01-10,-6.1,2.5,-13.7,-10.6,-2.4,44,0.0,0.0,0.0,0.0,2.88,6.9
2005-01-11,-4.3,2.5,-11.0,-9.3,-3.3,33,0.0,0.0,0.0,0.0,4.04,8.6
2005-01-12,-3.3,3.6,-8.4,-7.9,-1.0,36,0.0,0.0,0.0,0.0,2.56,5.4
2005-01-13,-2.7,3.8,-6.9,-7.2,-0.8,38,0.0,0.0,0.0,0.0,2.68,5.4
2005-01-14,-2.3,2.1,-5.7,-7.0,-2.3,32,0.0,0.0,0.0,0.0,3.2,7.9
2005-01-15,-1.9,3.5,-5.7,-6.4,-0.3,36,0.0,0.0,0.0,0.0,2.64,6.9
2005-01-16,-2.3,2.9,-6.3,-6.7,-1.5,45,0.0,0.0,0.0,0.0,2.61,6.0
2005-01-17,-1.6,3.9,-5.4,-6.5,-1.6,40,0.0,0.0,0.0,0.0,5.08,10.1
2005-01-18,-2.1,4.7,-6.4,-7.1,-1.3,37,0.0,0.0,0.0,0.0,4.88,9.9
2005-01-19,-1.8,4.3,-5.9,-6.6,-1.2,35,0.0,0.0,0.0,0.0,4.53,9.5
2005-01-20,-2.7,2.4,-6.0,-7.4,-1.8,36,0.0,0.0,0.0,0.0,2.55,6.8
2005-01-21,-4.1,1.4,-8.0,-8.5,-3.5,47,0.0,0.0,0.0,0.0,3.06,7.8
2005-01-22,-4.3,0.8,-8.9,-8.5,-3.7,56,0.0,0.0,0.0,0.0,2.46,5.8
2005-01-23,-3.5,2.6,-9.0,-7.3,-1.5,69,0.0,0.0,0.0,0.0,2.78,5.2
2005-01-24,-2.4,2.5,-6.6,-7.2,-2.0,38,0.0,0.0,0.0,0.0,3.89,7.8
2005-01-25,-3.5,0.6,-5.9,-7.4,-3.3,70,0.0,0.0,0.0,0.0,2.34,5.4
2005-01-26,-4.2,0.3,-8.5,-8.2,-4.1,64,0.0,0.0,0.0,0.0,2.3,6.2
2005-01-27,-3.5,1.3,-7.6,-7.4,-3.1,67,0.0,0.0,0.0,0.0,2.95,6.9
2005-01-28,-2.7,2.9,-6.4,-7.4,-1.4,55,0.3,0.0,0.28,2.0,5.81,10.9
2005-01-29,-4.1,0.5,-7.5,-10.0,-5.1,22,0.0,0.0,0.0,0.0,6.04,11.6
2005-01-30,-3.1,2.0,-6.5,-8.0,-3.1,25,0.0,0.0,0.0,0.0,3.54,8.5
2005-01-31,-4.8,-2.8,-7.4,-11.3,-9.2,16,0.0,0.0,0.0,0.0,7.86,16.3
2005-02-01,-4.8,-0.0,-8.9,-10.7,-6.3,16,0.0,0.0,0.0,0.0,4.74,10.4
2005-02-02,-4.5,1.3,-8.7,-9.5,-3.3,22,0.0,0.0,0.0,0.0,3.18,8.4
2005-02-03,-3.3,0.9,-7.3,-8.0,-4.2,31,0.0,0.0,0.0,0.0,2.98,7.7
2005-02-04,-3.3,0.4,-6.1,-8.5,-4.7,34,0.0,0.0,0.0,0.0,4.92,11.1
2005-02-05,-5.7,-2.7,-9.6,-10.5,-7.2,42,0.0,0.0,0.21,0.0,3.47,6.3
2005-02-06,-4.0,-1.3,-6.6,-8.0,-5.7,62,0.2,0.0,0.21,2.0,2.31,6.7
2005-02-07,-4.7,-1.6,-7.3,-8.4,-5.2,73,0.0,0.0,0.0,0.0,1.75,6.2
2005-02-08,-6.5,-2.9,-10.6,-10.8,-7.2,58,0.0,0.0,0.07,0.0,2.4,6.3
2005-02-09,-5.0,-0.9,-8.0,-10.6,-7.1,36,0.0,0.0,0.0,0.0,5.28,10.6
2005-02-10,-6.3,-0.4,-12.3,-11.1,-4.5,32,0.0,0.0,0.0,0.0,2.53,6.4
2005-02-11,-6.1,1.1,-12.8,-10.6,-2.9,35,0.0,0.0,0.0,0.0,2.9,5.6
2005-02-12,-4.2,3.4,-11.6,-8.4,-1.2,45,0.0,0.0,0.0,0.0,2.61,6.3
2005-02-13,-2.0,4.3,-8.2,-6.0,-0.2,61,0.0,0.0,0.0,0.0,3.42,8.3
2005-02-14,0.7,3.9,-3.0,-2.5,0.9,76,0.0,0.0,0.21,0.0,2.01,5.7
2005-02-15,-0.2,0.7,-2.6,-3.3,-1.9,90,6.1,0.0,4.27,17.0,2.88,5.4
2005-02-16,-0.6,5.2,-3.8,-3.8,2.5,81,0.0,0.0,0.0,0.0,2.44,6.0
2005-02-17,-2.9,-0.1,-5.0,-6.7,-3.9,73,0.0,0.0,0.28,0.0,2.82,5.2
2005-02-18,-4.6,-2.8,-7.8,-10.2,-7.3,44,0.0,0.0,0.0,0.0,6.86,14.2
2005-02-19,-7.4,-3.8,-10.9,-13.3,-10.6,29,0.0,0.0,0.0,0.0,6.76,13.4
2005-02-20,-6.9,-0.2,-12.6,-11.9,-5.4,35,0.0,0.0,0.0,0.0,3.24,8.5
2005-02-21,-4.8,1.4,-11.2,-9.1,-2.7,42,0.0,0.0,0.0,0.0,2.91,6.5
2005-02-22,-0.8,3.0,-4.5,-5.8,-3.1,44,0.7,0.0,0.49,3.0,6.44,14.0
2005-02-23,-2.5,-0.6,-4.2,-7.1,-5.0,47,0.0,0.0,0.07,0.0,3.05,6.9
2005-02-24,-2.1,2.7,-5.3,-6.8,-2.6,52,0.0,0.0,0.56,0.0,4.07,9.6
2005-02-25,-3.1,0.8,-6.0,-8.4,-4.9,28,0.0,0.0,0.0,0.0,4.89,10.6
2005-02-26,-1.2,6.0,-7.6,-5.4,2.0,41,0.0,0.0,0.0,0.0,2.93,6.2
2005-02-27,2.2,9.9,-3.7,-2.0,5.3,42,0.0,0.0,0.0,0.0,3.47,8.1
2005-02-28,0.5,4.1,-2.1,-3.8,0.1,46,0.0,0.0,0.0,0.0,2.66,6.8
2005-03-01,0.1,4.5,-3.3,-3.8,0.6,59,0.0,0.0,0.0,0.0,3.11,7.7
2005-03-02,0.9,6.2,-3.8,-4.0,1.4,38,0.0,0.0,0.0,0.0,4.75,9.9
2005-03-03,0.7,5.1,-3.4,-4.0,0.9,41,0.0,0.0,0.0,0.0,6.32,13.0
2005-03-04,-0.8,2.8,-4.4,-6.9,-3.7,26,0.0,0.0,0.0,0.0,6.84,13.2
2005-03-05,0.7,7.7,-5.6,-3.4,4.0,40,0.0,0.0,0.0,0.0,3.71,8.0
2005-03-06,4.3,13.9,-4.2,0.8,10.6,55,0.0,0.0,0.0,0.0,3.41,7.6
2005-03-07,5.3,10.1,-1.6,0.8,7.6,40,0.0,0.0,0.0,0.0,4.81,10.1
2005-03-08,2.3,9.1,-3.5,-1.8,5.3,49,0.0,0.0,0.0,0.0,3.89,7.5
2005-03-09,1.2,7.1,-5.0,-2.6,3.4,57,0.0,0.0,0.0,0.0,2.28,6.5
2005-03-10,1.4,5.5,-3.1,-3.4,-0.0,48,0.0,0.0,0.0,0.0,5.69,13.6
2005-03-11,-1.6,2.1,-5.5,-7.9,-4.4,18,0.0,0.0,0.0,0.0,6.8,14.0
2005-03-12,0.7,5.6,-4.3,-5.0,-0.5,18,0.0,0.0,0.0,0.0,5.7,11.8
2005-03-13,4.3,12.4,-3.6,-0.7,8.4,21,0.0,0.0,0.0,0.0,3.91,9.0
2005-03-14,4.6,12.6,-3.2,0.6,7.7,39,0.0,0.0,0.0,0.0,3.01,7.3
2005-03-15,6.7,15.4,-1.2,2.9,11.7,41,0.0,0.0,0.0,0.0,3.45,7.0
2005-03-16,7.6,15.5,1.1,3.7,11.7,39,0.0,0.0,0.0,0.0,4.74,8.5
2005-03-17,6.3,10.2,2.2,0.4,3.3,29,0.0,0.0,0.0,0.0,7.5,15.9
2005-03-18,4.4,10.4,-1.8,-0.3,7.0,28,0.0,0.0,0.0,0.0,3.74,8.0
2005-03-19,4.9,13.3,-2.5,1.0,9.0,41,0.0,0.0,0.0,0.0,3.5,7.5
2005-03-20,7.5,15.1,0.2,3.4,12.1,34,0.0,0.0,0.0,0.0,3.3,7.1
2005-03-21,8.4,14.7,3.1,5.0,10.9,46,0.0,0.0,0.0,0.0,4.17,9.1
2005-03-22,9.6,16.4,3.3,5.9,13.8,44,0.0,0.0,0.0,0.0,5.98,10.3
2005-03-23,5.0,9.3,-0.2,-1.0,2.9,28,0.0,0.0,0.0,0.0,9.22,18.6
2005-03-24,4.9,13.5,-3.5,-0.2,8.2,23,0.0,0.0,0.0,0.0,5.26,9.7
2005-03-25,11.6,23.3,0.6,7.7,19.1,29,0.0,0.0,0.0,0.0,3.89,8.1
2005-03-26,11.1,20.3,2.5,8.1,17.1,44,0.0,0.0,0.0,0.0,2.7,6.6
2005-03-27,13.2,22.5,4.9,10.5,19.1,50,0.0,0.0,0.0,0.0,3.96,8.5
2005-03-28,12.1,16.6,8.0,7.4,11.9,25,0.0,0.0,0.0,0.0,5.23,11.4
2005-03-29,10.7,18.5,1.5,6.5,14.8,23,0.0,0.0,0.0,0.0,4.48,8.0
2005-03-30,13.7,25.4,2.8,10.1,22.3,29,0.0,0.0,0.0,0.0,3.59,6.6
2005-03-31,12.4,16.6,7.3,8.1,12.5,24,0.0,0.0,0.0,0.0,4.4,9.0
2005-04-01,10.6,15.3,5.9,6.7,10.7,30,0.0,0.0,0.0,0.0,3.96,8.3
2005-04-02,11.7,18.5,4.6,8.8,16.1,44,0.0,0.0,0.0,0.0,2.6,6.7
2005-04-03,12.4,19.8,3.0,8.9,16.7,37,0.0,0.0,0.0,0.0,4.9,10.2
2005-04-04,15.7,26.0,8.0,13.0,23.1,39,0.0,0.0,0.0,0.0,3.11,7.2
2005-04-05,17.3,26.8,7.2,15.9,26.6,50,0.0,0.0,0.0,0.0,2.18,6.9
2005-04-06,19.6,27.0,12.5,17.1,24.8,41,0.0,0.0,0.0,0.0,5.94,12.4
2005-04-07,15.9,18.3,12.9,11.4,14.4,20,1.9,1.9,0.0,6.0,4.85,11.6
2005-04-08,8.5,14.1,5.4,5.8,10.0,67,11.2,11.2,0.0,18.0,3.42,7.1
2005-04-09,9.3,14.9,4.9,5.7,8.8,54,1.6,1.6,0.0,3.0,7.68,15.5
2005-04-10,10.9,17.7,3.4,7.4,15.8,32,0.0,0.0,0.0,0.0,2.95,6.0
2005-04-11,13.3,20.2,6.1,10.5,17.7,41,0.0,0.0,0.0,0.0,3.8,8.2
2005-04-12,12.8,17.2,7.6,8.9,13.7,33,0.0,0.0,0.0,0.0,4.49,10.7
2005-04-13,14.7,25.0,4.4,10.9,20.2,32,0.0,0.0,0.0,0.0,5.25,11.1
2005-04-14,12.3,16.2,6.7,7.1,12.0,17,0.0,0.0,0.0,0.0,6.62,13.0
2005-04-15,13.7,21.7,5.2,9.8,17.5,29,0.0,0.0,0.0,0.0,5.69,11.4
2005-04-16,18.6,28.8,9.1,15.3,25.3,32,0.0,0.0,0.0,0.0,5.24,11.1
2005-04-17,17.9,23.4,12.3,15.5,21.6,39,0.0,0.0,0.0,0.0,4.31,8.2
2005-04-18,18.0,26.5,11.1,16.8,24.0,56,0.0,0.0,0.0,0.0,4.2,8.9
2005-04-19,15.4,17.9,11.3,11.4,15.8,37,0.3,0.3,0.0,1.0,8.36,17.3
2005-04-20,12.6,17.3,6.1,7.2,11.3,19,0.0,0.0,0.0,0.0,8.24,16.7
2005-04-21,15.1,20.2,8.6,9.7,14.7,13,0.0,0.0,0.0,0.0,6.93,15.4
2005-04-22,16.9,23.9,7.7,12.5,20.2,14,0.0,0.0,0.0,0.0,3.76,9.4
2005-04-23,17.5,25.2,10.0,15.2,23.5,36,0.6,0.6,0.0,1.0,3.81,10.2
2005-04-24,18.7,23.6,12.0,14.6,18.6,24,0.0,0.0,0.0,0.0,6.21,12.5
2005-04-25,19.0,27.2,10.3,15.3,22.6,23,0.0,0.0,0.0,0.0,4.44,11.7
2005-04-26,20.5,31.2,10.6,17.7,28.1,28,0.0,0.0,0.0,0.0,2.94,9.9
2005-04-27,24.9,34.6,13.6,21.4,30.1,24,0.0,0.0,0.0,0.0,5.87,12.4
2005-04-28,22.7,26.9,16.7,18.6,23.7,24,0.0,0.0,0.0,0.0,7.82,15.0
2005-04-29,20.4,27.2,12.7,17.6,23.8,31,0.0,0.0,0.0,0.0,3.73,8.7
2005-04-30,23.6,32.6,14.6,21.4,31.4,31,0.0,0.0,0.0,0.0,6.63,14.0
2005-05-01,21.4,26.5,15.5,16.5,23.9,9,0.0,0.0,0.0,0.0,6.82,13.9
2005-05-02,21.4,29.3,11.9,17.4,25.4,19,0.0,0.0,0.0,0.0,6.71,13.7
2005-05-03,23.2,29.2,16.6,20.8,27.4,29,0.0,0.0,0.0,0.0,3.55,8.2
2005-05-04,24.0,30.7,17.1,22.4,29.9,36,0.0,0.0,0.0,0.0,5.02,10.7
2005-05-05,16.2,20.8,11.1,12.5,19.3,45,6.5,6.5,0.0,9.0,7.24,16.5
2005-05-06,16.4,22.0,8.1,12.2,18.0,20,0.0,0.0,0.0,0.0,6.56,13.7
2005-05-07,17.3,25.1,11.3,13.2,20.9,29,0.1,0.1,0.0,1.0,9.59,19.1
2005-05-08,17.4,23.9,8.5,13.1,19.0,21,0.0,0.0,0.0,0.0,5.64,12.6
2005-05-09,17.2,21.9,11.0,13.7,20.2,26,0.0,0.0,0.0,0.0,3.83,10.3
2005-05-10,13.6,15.5,11.9,10.8,12.2,50,2.2,2.2,0.0,6.0,3.72,11.0
2005-05-11,18.5,26.7,9.3,16.9,25.9,50,0.0,0.0,0.0,0.0,5.21,10.5
2005-05-12,19.7,26.4,11.9,17.8,24.8,43,0.0,0.0,0.0,0.0,4.06,8.6
2005-05-13,17.1,18.5,14.4,15.6,17.6,57,0.2,0.2,0.0,1.0,3.13,6.7
2005-05-14,20.5,26.2,14.8,20.1,25.1,58,0.0,0.0,0.0,0.0,3.26,7.6
2005-05-15,22.9,29.5,15.5,21.8,27.2,49,0.0,0.0,0.0,0.0,6.87,14.0
2005-05-16,21.7,25.5,17.0,22.6,25.8,70,12.0,12.0,0.0,10.0,3.56,8.4
2005-05-17,15.5,18.4,11.7,13.2,17.5,72,21.5,21.5,0.0,15.0,7.23,15.2
2005-05-18,19.6,29.1,10.4,18.0,27.3,52,0.0,0.0,0.0,0.0,5.4,11.1
2005-05-19,21.6,28.0,14.1,19.3,27.3,33,0.0,0.0,0.0,0.0,3.76,6.7
2005-05-20,22.8,29.0,15.0,21.5,27.4,40,0.0,0.0,0.0,0.0,3.04,6.8
2005-05-21,19.4,22.4,16.9,19.3,22.3,66,4.1,4.1,0.0,6.0,5.01,10.3
2005-05-22,20.9,28.7,13.1,19.1,26.7,46,0.0,0.0,0.0,0.0,6.71,13.7
2005-05-23,22.4,31.6,12.4,19.8,28.8,34,0.0,0.0,0.0,0.0,4.52,8.9
2005-05-24,21.6,27.7,14.3,20.1,26.7,45,0.0,0.0,0.0,0.0,4.81,9.9
2005-05-25,22.3,31.0,15.8,21.5,28.4,50,1.6,1.6,0.0,1.0,4.96,12.8
2005-05-26,23.5,29.6,16.4,21.1,27.2,32,0.0,0.0,0.0,0.0,3.75,7.9
2005-05-27,20.7,23.8,16.4,19.1,22.4,43,0.2,0.2,0.0,1.0,3.04,10.2
2005-05-28,24.4,32.6,15.3,23.7,31.8,47,0.0,0.0,0.0,0.0,5.68,11.5
2005-05-29,23.4,29.0,17.6,23.2,26.8,61,3.3,3.3,0.0,7.0,7.75,15.5
2005-05-30,25.4,34.0,18.0,26.7,34.9,61,0.0,0.0,0.0,0.0,4.2,10.4
2005-05-31,25.1,32.8,19.0,26.5,34.4,61,4.6,4.6,0.0,6.0,4.69,14.1
2005-06-01,23.0,28.7,16.6,22.6,26.0,54,0.0,0.0,0.0,0.0,5.92,13.8
2005-06-02,25.5,32.3,17.4,23.9,30.1,34,0.0,0.0,0.0,0.0,3.86,9.4
2005-06-03,26.4,34.0,17.0,25.5,33.8,36,0.0,0.0,0.0,0.0,2.92,7.7
2005-06-04,26.5,33.5,17.3,26.2,32.6,46,0.0,0.0,0.0,0.0,4.26,9.8
2005-06-05,23.0,29.0,16.7,22.8,27.7,55,4.1,4.1,0.0,7.0,6.66,12.8
2005-06-06,23.0,30.3,14.6,23.6,30.8,62,0.0,0.0,0.0,0.0,5.0,10.3
2005-06-07,26.5,33.9,19.4,26.7,32.4,55,1.7,1.7,0.0,3.0,7.2,15.2
2005-06-08,20.9,22.5,18.9,23.0,24.6,84,22.9,22.9,0.0,13.0,3.16,9.8
2005-06-09,21.6,24.1,19.1,23.5,26.2,79,0.3,0.3,0.0,2.0,3.19,5.8
2005-06-10,24.2,30.1,19.2,26.6,33.6,72,0.0,0.0,0.0,0.0,3.96,8.5
2005-06-11,26.7,35.6,18.1,28.5,36.8,58,0.0,0.0,0.0,0.0,3.32,7.5
2005-06-12,26.6,35.6,19.1,28.3,37.2,57,1.5,1.5,0.0,3.0,3.45,10.9
2005-06-13,23.7,29.2,18.5,25.6,30.6,71,9.6,9.6,0.0,10.0,3.47,11.5
2005-06-14,24.4,31.8,17.1,25.9,33.1,63,0.8,0.8,0.0,1.0,2.25,7.5
2005-06-15,26.3,32.7,19.1,25.9,31.2,46,0.0,0.0,0.0,0.0,5.31,11.2
2005-06-16,26.1,33.3,18.1,27.3,34.5,55,0.0,0.0,0.0,0.0,3.35,8.2
2005-06-17,24.8,28.9,20.9,25.8,30.0,60,0.0,0.0,0.0,0.0,4.36,9.7
2005-06-18,26.0,32.0,20.0,27.9,35.3,60,0.0,0.0,0.0,0.0,4.38,6.9
2005-06-19,26.6,34.4,20.3,29.1,35.8,63,0.3,0.3,0.0,1.0,3.2,8.4
2005-06-20,29.6,37.1,20.9,31.1,38.8,47,0.0,0.0,0.0,0.0,2.51,8.3
2005-06-21,30.6,39.3,21.6,31.9,41.7,43,0.0,0.0,0.0,0.0,3.59,7.7
2005-06-22,30.7,37.3,22.6,33.0,40.2,50,0.0,0.0,0.0,0.0,2.98,7.3
2005-06-23,31.8,40.1,25.0,34.1,42.2,48,0.0,0.0,0.0,0.0,3.89,9.9
2005-06-24,29.1,35.6,24.1,31.6,38.1,57,1.4,1.4,0.0,3.0,3.16,9.3
2005-06-25,27.3,32.9,23.5,30.5,35.6,70,4.4,4.4,0.0,11.0,3.23,8.9
2005-06-26,23.5,25.9,21.7,26.9,29.0,85,14.0,14.0,0.0,9.0,3.04,6.6
2005-06-27,24.5,27.9,21.5,27.5,31.2,74,0.4,0.4,0.0,1.0,1.8,4.5
2005-06-28,25.3,31.3,19.8,28.4,34.2,71,7.4,7.4,0.0,6.0,2.38,6.2
2005-06-29,27.4,33.5,21.0,29.3,34.7,62,25.2,25.2,0.0,6.0,4.53,10.6
2005-06-30,28.7,34.6,20.5,31.8,39.0,57,0.0,0.0,0.0,0.0,2.51,10.7
2005-07-01,30.0,36.1,22.7,32.0,36.2,53,0.0,0.0,0.0,0.0,4.39,8.0
2005-07-02,28.4,33.0,23.4,30.8,36.4,57,0.0,0.0,0.0,0.0,2.53,4.8
2005-07-03,29.1,35.6,21.9,31.8,39.1,57,0.0,0.0,0.0,0.0,3.14,8.0
2005-07-04,30.3,36.7,22.9,32.1,37.4,47,0.0,0.0,0.0,0.0,2.66,7.2
2005-07-05,30.7,38.6,22.5,30.8,37.6,36,0.0,0.0,0.0,0.0,3.04,7.9
2005-07-06,30.2,37.7,21.4,30.7,38.8,41,0.0,0.0,0.0,0.0,4.48,9.2
2005-07-07,30.0,36.7,24.3,31.8,38.7,49,0.0,0.0,0.0,0.0,3.52,8.7
2005-07-08,28.5,34.1,24.2,31.6,36.6,62,2.3,2.3,0.0,4.0,2.79,7.9
2005-07-09,28.2,35.4,22.2,30.3,37.5,57,0.7,0.7,0.0,1.0,3.59,8.4
2005-07-10,27.4,33.9,21.7,29.6,36.0,56,0.0,0.0,0.0,0.0,2.19,7.4
2005-07-11,27.4,32.4,22.1,30.0,35.5,59,0.3,0.3,0.0,2.0,2.22,6.6
2005-07-12,26.8,32.6,21.8,29.8,35.0,67,1.0,1.0,0.0,2.0,3.28,7.4
2005-07-13,26.1,29.0,22.9,29.3,33.0,75,1.9,1.9,0.0,9.0,4.52,9.0
2005-07-14,27.6,33.4,22.7,31.6,37.6,73,1.2,1.2,0.0,7.0,3.06,5.6
2005-07-15,28.2,32.4,24.2,32.2,36.1,71,2.8,2.8,0.0,3.0,3.51,8.7
2005-07-16,28.3,33.8,23.0,32.7,38.8,72,2.6,2.6,0.0,5.0,3.24,9.2
2005-07-17,28.3,33.4,25.0,33.2,38.8,76,1.9,1.9,0.0,8.0,2.89,7.3
2005-07-18,28.6,32.9,24.9,33.4,37.4,73,1.5,1.5,0.0,8.0,2.44,8.3
2005-07-19,30.8,36.3,25.0,35.4,39.9,67,0.0,0.0,0.0,0.0,4.85,10.5
2005-07-20,32.2,39.2,26.5,37.4,43.9,62,0.5,0.5,0.0,2.0,3.38,9.8
2005-07-21,31.3,37.7,26.6,36.5,42.9,65,1.6,1.6,0.0,2.0,2.6,9.4
2005-07-22,29.2,32.6,26.7,33.2,36.6,68,0.0,0.0,0.0,0.0,4.0,8.4
2005-07-23,24.5,26.7,22.1,28.0,29.8,85,74.6,74.6,0.0,21.0,3.26,7.4
2005-07-24,25.9,29.3,22.7,29.7,34.1,77,9.1,9.1,0.0,8.0,2.7,6.9
2005-07-25,27.4,32.5,21.7,32.2,39.2,74,0.0,0.0,0.0,0.0,2.2,4.4
2005-07-26,27.7,32.6,22.7,32.6,38.0,75,0.0,0.0,0.0,0.0,2.3,6.0
2005-07-27,25.7,28.4,23.1,30.3,32.1,83,5.0,5.0,0.0,9.0,2.02,6.1
2005-07-28,27.4,33.6,21.7,30.7,36.4,68,0.0,0.0,0.0,0.0,2.61,7.6
2005-07-29,28.0,34.1,22.2,31.0,37.3,62,0.0,0.0,0.0,0.0,2.32,4.6
2005-07-30,26.9,32.2,22.9,31.3,37.9,75,10.3,10.3,0.0,6.0,3.11,9.5
2005-07-31,24.8,27.9,23.4,29.0,31.8,83,16.4,16.4,0.0,16.0,2.45,7.7
2005-08-01,26.2,30.7,21.7,30.5,35.1,78,0.8,0.8,0.0,4.0,3.1,7.8
2005-08-02,27.0,31.1,22.7,30.4,35.5,67,0.0,0.0,0.0,0.0,2.6,5.3
2005-08-03,23.0,24.8,20.6,26.8,28.8,88,13.4,13.4,0.0,9.0,1.63,5.2
2005-08-04,25.2,30.2,20.2,29.0,34.6,77,2.1,2.1,0.0,4.0,1.94,5.9
2005-08-05,25.7,30.5,21.7,29.7,34.7,77,4.3,4.3,0.0,8.0,1.84,6.6
2005-08-06,26.6,31.0,22.8,30.7,34.9,76,1.5,1.5,0.0,5.0,2.42,5.4
2005-08-07,26.9,30.7,23.9,31.8,36.1,81,1.0,1.0,0.0,4.0,2.26,5.8
2005-08-08,27.6,31.5,23.8,32.0,34.9,77,1.3,1.3,0.0,4.0,3.07,9.0
2005-08-09,24.4,26.1,22.4,28.8,30.1,88,8.1,8.1,0.0,14.0,2.47,6.7
2005-08-10,26.0,31.2,21.6,30.4,35.5,81,0.0,0.0,0.0,0.0,2.42,5.7
2005-08-11,28.5,33.4,24.0,34.8,39.9,84,0.1,0.1,0.0,1.0,2.11,6.4
2005-08-12,26.9,28.6,25.4,33.1,35.6,94,41.9,41.9,0.0,17.0,3.9,9.1
2005-08-13,28.5,31.7,25.7,35.1,39.1,87,6.9,6.9,0.0,10.0,2.55,6.0
2005-08-14,30.0,34.4,26.8,36.5,41.0,81,0.1,0.1,0.0,1.0,3.59,8.2
2005-08-15,29.7,34.6,25.8,36.0,41.0,79,3.1,3.1,0.0,4.0,3.2,7.1
2005-08-16,23.7,27.6,18.5,26.1,30.9,83,18.6,18.6,0.0,14.0,5.19,10.0
2005-08-17,22.4,27.4,18.2,23.7,29.3,69,0.5,0.5,0.0,2.0,2.61,7.2
2005-08-18,22.6,29.7,15.3,24.1,31.0,67,0.0,0.0,0.0,0.0,2.47,5.2
2005-08-19,23.3,30.4,15.6,24.4,31.8,63,0.0,0.0,0.0,0.0,3.04,5.9
2005-08-20,22.9,29.1,17.3,24.6,31.1,68,0.0,0.0,0.0,0.0,1.92,4.5
2005-08-21,23.9,29.5,18.2,26.4,33.6,71,0.0,0.0,0.0,0.0,2.06,4.7
2005-08-22,24.9,30.2,18.6,27.5,33.3,69,0.0,0.0,0.0,0.0,2.47,5.8
2005-08-23,23.8,28.2,21.1,26.1,30.2,74,0.4,0.4,0.0,2.0,2.91,6.4
2005-08-24,23.8,28.9,19.1,25.8,31.0,67,0.0,0.0,0.0,0.0,2.1,5.9
2005-08-25,23.8,29.6,17.0,25.6,32.1,66,0.0,0.0,0.0,0.0,2.73,6.5
2005-08-26,24.6,30.0,19.7,27.5,32.9,72,0.0,0.0,0.0,0.0,3.06,7.0
2005-08-27,25.9,32.1,20.9,29.4,35.5,73,0.0,0.0,0.0,0.0,2.3,5.5
2005-08-28,26.7,33.0,21.4,30.6,37.5,75,0.0,0.0,0.0,0.0,3.59,8.4
2005-08-29,27.4,33.7,22.6,31.4,37.8,71,0.0,0.0,0.0,0.0,2.12,5.9
2005-08-30,27.4,32.6,22.3,31.3,35.8,72,0.2,0.2,0.0,1.0,3.05,7.6
2005-08-31,27.2,31.7,23.1,29.9,32.7,67,0.0,0.0,0.0,0.0,4.54,9.4
2005-09-01,26.6,32.1,21.1,27.0,30.4,52,0.0,0.0,0.0,0.0,5.28,11.8
2005-09-02,22.8,28.4,17.8,21.7,27.4,40,0.0,0.0,0.0,0.0,2.66,8.2
2005-09-03,22.5,31.3,15.2,21.7,31.0,44,0.0,0.0,0.0,0.0,2.83,4.2
2005-09-04,23.0,31.9,15.6,22.2,31.2,45,0.0,0.0,0.0,0.0,3.07,7.7
2005-09-05,23.0,31.3,16.0,22.4,30.6,48,0.0,0.0,0.0,0.0,3.32,8.2
2005-09-06,23.2,31.3,14.6,23.0,31.6,49,0.0,0.0,0.0,0.0,2.28,5.5
2005-09-07,23.3,31.6,16.2,23.4,31.8,51,0.0,0.0,0.0,0.0,1.81,4.8
2005-09-08,24.1,32.2,17.0,24.9,33.0,60,0.0,0.0,0.0,0.0,2.71,6.9
2005-09-09,25.0,32.2,17.0,25.8,32.8,58,0.0,0.0,0.0,0.0,4.32,10.1
2005-09-10,25.9,31.9,20.4,28.5,34.2,67,1.2,1.2,0.0,4.0,2.66,8.0
2005-09-11,26.1,31.9,20.8,28.4,33.7,66,0.0,0.0,0.0,0.0,3.83,8.5
2005-09-12,25.6,30.5,22.3,25.4,29.2,49,0.0,0.0,0.0,0.0,4.33,9.6
2005-09-13,21.4,23.3,15.5,21.3,23.4,61,0.0,0.0,0.0,0.0,4.23,9.4
2005-09-14,21.4,30.8,13.8,21.1,30.7,59,0.0,0.0,0.0,0.0,2.64,5.0
2005-09-15,19.5,23.4,16.8,20.0,23.7,68,4.5,4.5,0.0,7.0,1.9,5.3
2005-09-16,20.7,26.0,16.5,22.5,28.2,78,2.9,2.9,0.0,4.0,3.52,8.4
2005-09-17,21.4,27.5,13.5,18.5,24.7,35,0.0,0.0,0.0,0.0,5.52,10.8
2005-09-18,19.7,28.2,11.1,18.6,27.2,52,0.0,0.0,0.0,0.0,2.93,7.2
2005-09-19,19.9,22.0,17.6,20.2,22.0,70,3.0,3.0,0.0,8.0,2.97,6.8
2005-09-20,18.2,19.4,15.9,19.1,20.7,83,3.4,3.4,0.0,14.0,2.0,5.8
2005-09-21,18.4,23.6,13.0,18.1,22.5,68,0.0,0.0,0.0,0.0,3.13,6.4
2005-09-22,17.8,25.2,10.2,16.6,24.4,57,0.0,0.0,0.0,0.0,3.04,5.9
2005-09-23,18.4,24.5,12.7,17.8,23.5,63,0.0,0.0,0.0,0.0,3.52,9.0
2005-09-24,20.0,27.0,14.4,20.6,28.3,69,0.0,0.0,0.0,0.0,2.22,5.2
2005-09-25,20.9,28.8,14.9,21.7,29.3,68,0.2,0.2,0.0,1.0,2.91,8.8
2005-09-26,21.4,28.4,15.7,21.9,28.3,67,0.0,0.0,0.0,0.0,4.03,9.0
2005-09-27,21.5,27.4,16.1,21.7,26.9,63,0.0,0.0,0.0,0.0,3.73,8.7
2005-09-28,21.5,26.0,17.2,22.3,26.4,67,0.0,0.0,0.0,0.0,2.45,6.1
2005-09-29,19.0,20.2,17.6,20.8,21.8,88,10.4,10.4,0.0,11.0,1.92,3.9
2005-09-30,20.3,25.0,16.2,21.7,26.8,77,0.0,0.0,0.0,0.0,2.34,7.4
2005-10-01,20.4,25.2,16.2,21.3,26.2,74,0.0,0.0,0.0,0.0,3.73,8.8
2005-10-02,17.9,22.0,14.6,14.5,18.5,29,0.0,0.0,0.0,0.0,4.12,9.4
2005-10-03,17.2,24.8,12.4,15.1,21.3,46,0.0,0.0,0.0,0.0,2.75,7.2
2005-10-04,17.5,27.0,9.9,15.4,24.7,48,0.0,0.0,0.0,0.0,3.18,6.8
2005-10-05,18.2,25.8,11.0,16.7,23.9,54,0.0,0.0,0.0,0.0,3.79,8.1
2005-10-06,17.4,21.6,13.9,17.4,21.7,70,0.6,0.6,0.0,3.0,1.9,5.0
2005-10-07,17.9,24.1,11.7,14.9,20.0,46,1.0,1.0,0.0,2.0,5.87,14.0
2005-10-08,16.3,24.6,10.0,13.4,22.5,39,0.0,0.0,0.0,0.0,3.0,5.9
2005-10-09,16.2,25.5,9.1,14.0,22.2,48,0.0,0.0,0.0,0.0,3.67,8.0
2005-10-10,17.1,25.8,9.3,15.4,22.9,56,0.0,0.0,0.0,0.0,4.26,9.3
2005-10-11,17.5,24.3,11.0,16.2,22.0,58,0.0,0.0,0.0,0.0,3.54,8.1
2005-10-12,16.9,20.5,14.0,16.8,20.3,72,1.9,1.9,0.0,6.0,2.24,6.2
2005-10-13,16.0,20.2,8.9,12.7,17.3,44,0.5,0.5,0.0,3.0,6.19,12.8
2005-10-14,13.4,21.3,5.1,9.2,16.3,29,0.0,0.0,0.0,0.0,4.7,9.6
2005-10-15,15.4,23.3,8.5,11.6,18.5,30,0.0,0.0,0.0,0.0,3.76,9.4
2005-10-16,16.9,27.0,8.5,13.4,22.4,32,0.0,0.0,0.0,0.0,4.0,9.5
2005-10-17,14.2,19.6,7.8,9.8,15.8,19,0.0,0.0,0.0,0.0,3.8,8.2
2005-10-18,12.1,20.5,4.6,8.8,16.7,40,0.0,0.0,0.0,0.0,2.84,8.0
2005-10-19,13.1,21.1,5.6,10.6,18.0,52,0.0,0.0,0.0,0.0,2.72,6.4
2005-10-20,13.4,18.7,9.6,12.2,17.6,67,0.0,0.0,0.0,0.0,2.15,5.5
2005-10-21,11.9,16.3,5.9,8.7,13.2,46,0.0,0.0,0.0,0.0,3.4,7.2
2005-10-22,9.2,17.0,2.4,6.1,13.6,46,0.0,0.0,0.0,0.0,2.8,6.2
2005-10-23,13.2,23.8,4.1,10.3,19.4,49,0.0,0.0,0.0,0.0,3.49,7.6
2005-10-24,14.6,24.8,6.7,11.2,21.3,41,0.0,0.0,0.0,0.0,3.0,6.6
2005-10-25,13.6,21.1,6.4,11.5,19.0,60,0.0,0.0,0.0,0.0,2.42,6.1
2005-10-26,13.8,20.5,8.9,12.7,18.9,74,0.0,0.0,0.0,0.0,2.84,7.2
2005-10-27,14.2,18.3,10.9,11.4,15.0,53,2.4,2.4,0.0,6.0,4.33,10.1
2005-10-28,11.2,16.3,5.0,6.6,10.5,32,0.0,0.0,0.0,0.0,5.17,11.4
2005-10-29,10.1,17.3,4.2,6.6,13.3,39,0.0,0.0,0.0,0.0,2.25,6.8
2005-10-30,11.5,18.8,5.3,7.7,14.4,38,0.0,0.0,0.0,0.0,2.91,7.3
2005-10-31,11.3,21.0,3.9,7.7,16.3,39,0.0,0.0,0.0,0.0,3.29,7.3
2005-11-01,11.1,19.8,5.1,7.9,15.8,41,0.0,0.0,0.0,0.0,2.56,5.6
2005-11-02,11.4,19.6,3.6,8.8,16.4,53,0.0,0.0,0.0,0.0,2.4,5.8
2005-11-03,12.3,21.8,5.5,10.1,19.1,60,0.0,0.0,0.0,0.0,2.91,6.2
2005-11-04,12.5,22.2,5.8,10.0,19.5,53,0.0,0.0,0.0,0.0,2.73,4.0
2005-11-05,12.3,19.1,7.6,9.3,17.8,48,0.9,0.9,0.0,3.0,5.91,13.3
2005-11-06,9.9,16.3,3.9,5.2,11.0,18,0.0,0.0,0.0,0.0,4.43,8.9
2005-11-07,9.1,17.1,3.2,4.5,11.5,28,0.0,0.0,0.0,0.0,6.53,13.2
2005-11-08,7.9,15.7,2.6,3.5,10.9,27,0.0,0.0,0.0,0.0,2.66,7.1
2005-11-09,8.2,18.0,0.2,4.3,13.9,33,0.0,0.0,0.0,0.0,2.92,6.5
2005-11-10,10.8,20.3,2.3,6.6,15.4,30,0.0,0.0,0.0,0.0,3.52,9.7
2005-11-11,8.3,14.1,3.0,3.8,9.7,26,0.0,0.0,0.0,0.0,3.04,6.8
2005-11-12,7.2,13.0,1.9,4.2,10.7,59,0.0,0.0,0.0,0.0,3.42,6.0
2005-11-13,7.6,12.3,1.1,3.0,8.6,25,0.0,0.0,0.0,0.0,3.98,7.9
2005-11-14,4.7,12.4,-2.4,0.2,7.3,31,0.0,0.0,0.0,0.0,3.75,8.0
2005-11-15,3.0,11.0,-2.9,-1.3,7.3,33,0.0,0.0,0.0,0.0,2.56,5.4
2005-11-16,2.5,10.4,-3.2,-1.5,6.5,40,0.0,0.0,0.0,0.0,2.15,4.6
2005-11-17,2.9,12.5,-3.4,-1.0,8.6,47,0.0,0.0,0.0,0.0,2.88,4.2
2005-11-18,2.6,9.1,-2.9,-1.2,6.0,52,0.0,0.0,0.0,0.0,2.02,5.4
2005-11-19,2.5,5.8,-0.3,-0.6,3.3,68,0.0,0.0,0.0,0.0,1.53,3.6
2005-11-20,3.5,11.7,-2.9,-0.6,6.4,54,0.0,0.0,0.0,0.0,3.79,8.3
2005-11-21,4.5,12.3,-1.4,-0.1,7.4,33,0.0,0.0,0.0,0.0,3.79,8.2
2005-11-22,4.8,15.2,-2.8,0.5,10.0,41,0.0,0.0,0.0,0.0,3.51,7.9
2005-11-23,4.9,14.5,-1.6,0.5,9.5,35,0.0,0.0,0.0,0.0,3.45,8.0
2005-11-24,4.4,15.2,-3.4,0.1,10.1,38,0.0,0.0,0.0,0.0,3.08,7.6
2005-11-25,4.8,15.5,-2.5,0.4,11.3,37,0.0,0.0,0.0,0.0,3.14,5.2
2005-11-26,5.2,15.2,-1.7,0.8,10.4,35,0.0,0.0,0.0,0.0,3.01,7.3
2005-11-27,4.1,11.0,-1.7,0.2,7.2,41,0.0,0.0,0.0,0.0,2.22,3.7
2005-11-28,5.9,9.9,1.0,0.3,4.5,31,0.0,0.0,0.0,0.0,7.22,13.9
2005-11-29,4.0,11.4,-1.3,-0.4,6.3,33,0.0,0.0,0.0,0.0,3.11,7.1
2005-11-30,2.6,10.7,-2.9,-1.3,6.3,41,0.0,0.0,0.0,0.0,2.92,5.3
2005-12-01,2.6,6.7,-4.6,-2.3,2.3,38,0.0,0.0,0.0,0.0,4.73,10.6
2005-12-02,-2.8,2.8,-6.5,-6.9,-0.8,64,0.1,0.0,0.14,1.0,2.13,5.5
2005-12-03,-2.3,1.4,-6.6,-7.5,-4.8,53,0.6,0.0,0.49,4.0,6.59,13.0
2005-12-04,-6.5,-3.7,-9.2,-13.4,-11.1,26,0.0,0.0,0.0,0.0,7.24,13.9
2005-12-05,-3.7,1.2,-7.0,-9.7,-5.1,31,0.0,0.0,0.0,0.0,5.35,11.3
2005-12-06,-4.6,-0.1,-7.2,-10.0,-5.9,31,0.0,0.0,0.0,0.0,4.69,10.0
2005-12-07,-5.9,-0.2,-10.0,-10.7,-4.8,34,0.0,0.0,0.0,0.0,2.38,6.5
2005-12-08,-6.3,0.1,-12.4,-10.7,-4.3,41,0.0,0.0,0.0,0.0,2.9,5.1
2005-12-09,-5.2,0.4,-10.9,-9.5,-3.7,45,0.0,0.0,0.0,0.0,2.06,5.0
2005-12-10,-4.3,-0.7,-7.5,-9.5,-6.8,35,0.0,0.0,0.0,0.0,4.59,9.4
2005-12-11,-5.7,-0.9,-9.2,-11.2,-7.0,26,0.0,0.0,0.0,0.0,4.75,10.5
2005-12-12,-5.0,-0.9,-8.8,-11.1,-7.6,26,0.0,0.0,0.0,0.0,5.6,11.5
2005-12-13,-4.3,0.0,-7.7,-10.2,-6.5,25,0.0,0.0,0.0,0.0,5.45,11.2
2005-12-14,-4.3,-0.4,-7.4,-10.0,-6.4,23,0.0,0.0,0.0,0.0,4.88,10.1
2005-12-15,-3.0,2.5,-6.5,-8.3,-3.5,23,0.0,0.0,0.0,0.0,4.69,10.2
2005-12-16,-2.0,2.6,-5.5,-7.5,-3.2,24,0.0,0.0,0.0,0.0,4.96,9.9
2005-12-17,-2.6,2.2,-6.1,-8.1,-3.3,24,0.0,0.0,0.0,0.0,4.38,9.1
2005-12-18,-3.6,3.9,-8.2,-8.1,-0.3,33,0.0,0.0,0.0,0.0,2.6,3.9
2005-12-19,-3.4,2.5,-7.7,-7.8,-1.6,44,0.0,0.0,0.0,0.0,2.25,4.9
2005-12-20,-3.1,-0.1,-7.0,-8.7,-7.2,36,0.0,0.0,0.0,0.0,6.46,13.0
2005-12-21,-5.4,-1.6,-9.0,-11.6,-7.1,21,0.0,0.0,0.0,0.0,5.95,12.9
2005-12-22,-0.7,8.3,-6.5,-5.4,3.2,32,0.0,0.0,0.0,0.0,4.1,8.1
2005-12-23,1.3,7.8,-3.7,-3.2,2.8,40,0.0,0.0,0.0,0.0,3.61,7.6
2005-12-24,-1.3,5.5,-6.0,-5.1,1.4,64,0.0,0.0,0.0,0.0,2.4,5.0
2005-12-25,-0.7,5.2,-4.7,-5.2,1.3,38,0.0,0.0,0.0,0.0,2.48,6.5
2005-12-26,-3.0,1.7,-6.2,-7.7,-2.5,32,0.0,0.0,0.0,0.0,2.55,5.1
2005-12-27,-4.1,-0.3,-7.6,-9.0,-5.5,23,0.0,0.0,0.0,0.0,2.66,5.9
2005-12-28,-3.1,-0.6,-5.4,-6.9,-4.2,59,0.0,0.0,0.07,0.0,1.71,4.5
2005-12-29,-2.9,1.1,-5.9,-6.5,-2.1,75,0.0,0.0,0.0,0.0,2.57,4.0
2005-12-30,-3.4,1.7,-7.7,-7.6,-2.9,56,0.0,0.0,0.0,0.0,2.77,5.7
2005-12-31,-3.6,-1.2,-5.5,-7.5,-5.4,68,0.0,0.0,0.0,0.0,2.26,6.2
2006-01-01,-2.1,6.1,-7.0,-6.0,1.9,68,0.0,0.0,0.0,0.0,2.78,5.5
2006-01-02,-2.6,4.5,-6.5,-6.7,0.5,50,0.0,0.0,0.0,0.0,2.37,5.6
2006-01-03,-4.0,-1.0,-7.8,-8.2,-5.2,56,0.0,0.0,0.0,0.0,2.6,6.2
2006-01-04,-5.8,-4.1,-9.7,-11.5,-7.9,27,0.0,0.0,0.0,0.0,5.35,10.5
2006-01-05,-7.5,-2.0,-12.0,-13.0,-7.8,24,0.0,0.0,0.0,0.0,4.67,9.7
2006-01-06,-4.8,1.7,-8.9,-10.1,-4.1,24,0.0,0.0,0.0,0.0,4.44,9.5
2006-01-07,-3.9,2.6,-8.6,-8.6,-2.0,31,0.0,0.0,0.0,0.0,2.55,5.1
2006-01-08,-3.4,2.5,-8.4,-7.8,-1.3,35,0.0,0.0,0.0,0.0,2.57,3.9
2006-01-09,-2.8,4.3,-8.5,-7.3,0.6,36,0.0,0.0,0.0,0.0,2.91,5.2
2006-01-10,-1.6,3.8,-5.3,-6.1,-0.6,44,0.0,0.0,0.0,0.0,2.79,6.0
2006-01-11,-3.1,-1.3,-5.8,-7.0,-4.7,72,0.0,0.0,0.14,0.0,2.2,4.7
2006-01-12,-0.9,0.5,-2.9,-4.2,-2.6,79,0.4,0.0,0.35,4.0,1.5,4.4
2006-01-13,-0.1,7.3,-4.5,-3.9,3.7,62,0.0,0.0,0.0,0.0,2.42,6.1
2006-01-14,-1.4,3.0,-5.7,-5.3,-1.2,62,0.0,0.0,0.0,0.0,3.3,7.1
2006-01-15,-1.2,5.0,-4.7,-5.1,1.1,55,0.0,0.0,0.0,0.0,2.82,6.5
2006-01-16,-2.2,0.7,-5.4,-6.3,-3.7,54,0.0,0.0,0.0,0.0,2.59,6.2
2006-01-17,-5.0,-2.5,-8.3,-9.4,-7.3,49,0.0,0.0,0.14,0.0,2.28,5.1
2006-01-18,-5.7,-0.7,-9.7,-9.7,-4.6,65,0.0,0.0,0.0,0.0,2.51,4.7
2006-01-19,-4.8,-0.5,-9.1,-8.8,-4.5,63,0.0,0.0,0.0,0.0,2.19,4.3
2006-01-20,-1.2,2.5,-4.2,-4.7,-1.1,57,0.0,0.0,0.0,0.0,1.53,3.9
2006-01-21,-1.1,4.5,-4.8,-4.8,1.2,64,0.0,0.0,0.0,0.0,2.83,4.6
2006-01-22,-1.1,4.9,-5.3,-5.4,1.0,42,0.0,0.0,0.0,0.0,2.63,4.9
2006-01-23,-3.5,1.2,-7.6,-7.5,-2.7,70,0.0,0.0,0.0,0.0,2.28,5.3
2006-01-24,-4.3,-0.0,-7.7,-8.1,-3.7,73,0.0,0.0,0.0,0.0,2.33,4.8
2006-01-25,-3.3,3.9,-8.3,-7.7,0.3,57,0.0,0.0,0.0,0.0,2.84,5.8
2006-01-26,-1.8,6.8,-8.9,-5.7,2.8,59,0.0,0.0,0.0,0.0,2.66,5.1
2006-01-27,-1.1,5.8,-6.2,-5.4,0.8,53,0.0,0.0,0.0,0.0,3.36,7.3
2006-01-28,-1.6,0.6,-4.6,-5.3,-2.6,60,0.1,0.0,0.07,1.0,1.6,7.3
2006-01-29,1.2,5.6,-2.2,-3.6,0.0,44,0.0,0.0,0.0,0.0,5.3,11.1
2006-01-30,-1.8,1.3,-4.7,-6.6,-3.8,33,0.0,0.0,0.0,0.0,3.51,7.7
2006-01-31,-1.6,2.7,-5.3,-5.4,-1.1,66,0.0,0.0,0.0,0.0,2.44,5.7
2006-02-01,-1.5,2.2,-4.4,-6.4,-2.4,40,0.0,0.0,0.0,0.0,3.8,8.1
2006-02-02,-5.7,-3.8,-10.6,-11.3,-8.1,35,0.0,0.0,0.0,0.0,7.15,13.6
2006-02-03,-9.2,-5.0,-12.7,-14.6,-9.4,17,0.0,0.0,0.0,0.0,5.0,8.9
2006-02-04,-7.3,-1.8,-12.7,-11.9,-6.6,29,0.0,0.0,0.0,0.0,2.4,6.9
2006-02-05,-4.5,-0.2,-9.2,-8.9,-5.1,41,0.0,0.0,0.0,0.0,2.63,6.6
2006-02-06,-2.9,-1.4,-5.8,-7.2,-5.6,71,4.3,0.0,3.22,13.0,5.91,12.4
2006-02-07,-5.1,-0.4,-8.2,-10.8,-6.4,31,0.0,0.0,0.0,0.0,5.07,10.9
2006-02-08,-6.5,-0.8,-11.4,-11.9,-6.3,32,0.0,0.0,0.0,0.0,3.96,8.6
2006-02-09,-7.0,0.5,-15.1,-11.9,-4.1,39,0.0,0.0,0.0,0.0,3.61,7.9
2006-02-10,-0.6,8.6,-8.4,-4.8,5.4,46,0.0,0.0,0.0,0.0,3.31,5.8
2006-02-11,0.4,5.1,-3.9,-3.9,0.9,50,0.0,0.0,0.0,0.0,3.26,7.5
2006-02-12,-1.0,5.4,-6.6,-4.8,1.0,71,0.0,0.0,0.0,0.0,3.31,7.4
2006-02-13,0.7,4.8,-2.7,-2.5,2.1,79,0.0,0.0,0.0,0.0,2.24,4.3
2006-02-14,4.5,12.9,-1.7,0.8,9.8,60,0.0,0.0,0.0,0.0,3.36,8.3
2006-02-15,-0.2,3.7,-3.9,-4.0,-0.1,66,0.0,0.0,0.0,0.0,4.33,6.3
2006-02-16,-0.6,2.7,-3.0,-6.5,-3.3,15,0.0,0.0,0.0,0.0,5.88,12.3
2006-02-17,0.6,7.3,-5.1,-4.7,1.7,21,0.0,0.0,0.0,0.0,3.82,8.8
2006-02-18,1.7,10.9,-4.8,-3.0,6.1,30,0.0,0.0,0.0,0.0,3.14,7.8
2006-02-19,2.9,12.2,-3.8,-1.4,7.5,36,0.0,0.0,0.0,0.0,3.75,7.9
2006-02-20,3.0,10.9,-4.2,-0.7,6.6,53,0.0,0.0,0.0,0.0,3.1,7.5
2006-02-21,2.7,7.3,-2.8,-2.2,1.0,46,0.0,0.0,0.0,0.0,6.89,13.3
2006-02-22,-0.2,5.7,-6.3,-5.1,0.7,29,0.0,0.0,0.0,0.0,4.53,10.4
2006-02-23,1.3,7.2,-3.5,-3.5,2.8,29,0.0,0.0,0.0,0.0,3.98,7.9
2006-02-24,-1.1,2.3,-4.3,-5.3,-2.1,54,1.5,0.4,0.84,5.0,2.64,7.0
2006-02-25,1.1,7.0,-3.3,-2.9,2.6,55,0.0,0.0,0.0,0.0,3.47,9.8
2006-02-26,-1.5,2.6,-5.3,-6.0,-1.1,36,0.0,0.0,0.0,0.0,3.14,8.1
2006-02-27,-1.7,1.7,-5.1,-5.9,-2.6,52,0.0,0.0,0.0,0.0,2.44,5.6
2006-02-28,-1.4,1.8,-4.1,-5.3,-2.2,75,0.0,0.0,0.14,0.0,3.63,7.8
2006-03-01,1.5,8.3,-3.2,-3.3,2.7,37,0.0,0.0,0.0,0.0,5.19,10.9
2006-03-02,2.6,9.1,-1.8,-2.0,4.4,30,0.0,0.0,0.0,0.0,2.98,6.5
2006-03-03,2.0,9.7,-4.6,-1.9,5.9,47,0.0,0.0,0.0,0.0,2.38,6.1
2006-03-04,7.2,16.6,0.1,3.5,12.4,46,0.0,0.0,0.0,0.0,3.3,8.8
2006-03-05,6.1,14.2,-2.0,2.2,10.8,47,0.0,0.0,0.0,0.0,3.18,7.5
2006-03-06,2.8,7.9,-3.2,-1.5,3.2,46,0.0,0.0,0.0,0.0,4.18,9.5
2006-03-07,5.8,15.6,-2.8,1.9,12.7,45,0.0,0.0,0.0,0.0,3.56,7.4
2006-03-08,5.6,11.5,-0.1,1.4,6.3,40,0.0,0.0,0.0,0.0,3.98,8.8
2006-03-09,5.5,10.6,0.1,1.9,5.9,46,0.0,0.0,0.0,0.0,4.26,9.1
2006-03-10,8.5,13.8,2.7,4.3,9.5,37,0.6,0.6,0.0,4.0,4.22,9.0
2006-03-11,2.5,6.9,-3.6,-2.1,2.5,43,0.6,0.1,0.35,4.0,6.51,13.2
2006-03-12,-0.5,4.2,-4.6,-6.8,-2.6,20,0.0,0.0,0.0,0.0,7.32,14.4
2006-03-13,3.8,9.9,-1.6,-1.5,3.8,27,0.0,0.0,0.0,0.0,6.12,12.6
2006-03-14,8.5,17.7,-0.5,4.3,13.7,33,0.0,0.0,0.0,0.0,3.83,8.0
2006-03-15,9.9,17.5,3.7,6.4,14.6,36,0.0,0.0,0.0,0.0,3.2,5.9
2006-03-16,11.4,21.6,1.9,7.5,18.3,34,0.0,0.0,0.0,0.0,3.86,8.2
2006-03-17,11.8,17.4,5.1,8.2,14.1,37,0.0,0.0,0.0,0.0,7.16,14.2
2006-03-18,10.0,14.8,2.9,4.8,10.1,15,0.0,0.0,0.0,0.0,6.84,14.7
2006-03-19,7.3,15.4,-1.5,3.3,11.4,29,0.0,0.0,0.0,0.0,3.55,8.2
2006-03-20,10.5,19.3,1.8,6.7,16.7,30,0.0,0.0,0.0,0.0,3.57,7.9
2006-03-21,10.2,18.5,2.2,6.9,14.8,41,0.0,0.0,0.0,0.0,3.72,8.1
2006-03-22,12.7,18.3,6.6,7.3,12.1,23,0.0,0.0,0.0,0.0,6.74,13.8
2006-03-23,8.8,15.2,0.2,4.3,11.6,22,0.0,0.0,0.0,0.0,4.88,9.9
2006-03-24,11.6,21.5,1.5,7.1,15.7,23,0.0,0.0,0.0,0.0,5.6,11.9
2006-03-25,10.2,14.6,3.8,5.0,10.0,14,0.0,0.0,0.0,0.0,5.51,13.3
2006-03-26,6.7,12.6,1.1,2.1,8.5,24,0.0,0.0,0.0,0.0,5.52,11.6
2006-03-27,6.0,10.3,1.8,0.2,2.4,23,0.0,0.0,0.0,0.0,8.13,16.6
2006-03-28,7.8,15.2,-0.4,2.6,9.6,17,0.0,0.0,0.0,0.0,5.39,11.8
2006-03-29,10.6,20.5,1.3,6.8,17.7,26,0.0,0.0,0.0,0.0,4.58,9.6
2006-03-30,8.9,16.9,0.2,4.8,11.9,36,0.0,0.0,0.0,0.0,4.41,9.9
2006-03-31,10.2,18.2,3.0,6.7,14.6,30,0.0,0.0,0.0,0.0,2.2,6.4
2006-04-01,13.0,17.8,8.7,10.2,14.9,54,0.9,0.9,0.0,2.0,4.36,11.0
2006-04-02,14.0,26.4,4.1,11.2,21.4,53,0.0,0.0,0.0,0.0,4.1,9.4
2006-04-03,16.3,24.9,6.7,13.8,23.2,37,0.0,0.0,0.0,0.0,2.26,6.3
2006-04-04,17.5,22.5,13.6,13.9,19.3,23,0.0,0.0,0.0,0.0,3.55,10.7
2006-04-05,11.3,15.4,7.2,6.3,10.9,22,0.0,0.0,0.0,0.0,5.66,11.7
2006-04-06,6.0,8.1,3.2,3.0,5.1,64,1.1,1.0,0.07,4.0,2.5,10.7
2006-04-07,13.5,21.8,5.3,9.0,16.1,30,0.0,0.0,0.0,0.0,6.16,14.1
2006-04-08,10.5,16.4,5.0,6.4,13.1,30,0.0,0.0,0.0,0.0,4.88,10.6
2006-04-09,11.6,17.7,5.2,8.7,14.7,42,0.0,0.0,0.0,0.0,2.5,6.7
2006-04-10,13.7,21.4,7.3,12.1,18.7,66,0.0,0.0,0.0,0.0,3.76,7.9
2006-04-11,12.9,18.8,5.0,9.0,13.6,52,0.0,0.0,0.0,0.0,7.92,15.8
2006-04-12,9.1,13.7,5.1,4.3,10.0,22,0.0,0.0,0.0,0.0,5.19,10.9
2006-04-13,11.3,18.3,1.9,7.1,15.7,25,0.0,0.0,0.0,0.0,4.63,9.5
2006-04-14,14.5,20.7,6.7,10.8,16.9,30,0.0,0.0,0.0,0.0,5.24,11.2
2006-04-15,12.2,16.2,4.7,8.1,12.3,34,0.0,0.0,0.0,0.0,6.67,14.2
2006-04-16,9.2,14.2,2.4,5.8,10.3,54,0.2,0.2,0.0,1.0,4.46,10.0
2006-04-17,13.7,20.5,7.4,11.1,17.4,43,0.0,0.0,0.0,0.0,3.62,8.2
2006-04-18,12.3,15.9,8.4,9.0,13.7,53,1.3,1.3,0.0,5.0,6.89,12.0
2006-04-19,12.2,16.7,7.2,6.0,9.9,19,0.0,0.0,0.0,0.0,9.61,19.1
2006-04-20,12.8,19.6,3.8,8.9,17.0,26,0.0,0.0,0.0,0.0,4.39,9.3
2006-04-21,14.4,21.8,6.1,11.2,17.9,39,0.0,0.0,0.0,0.0,4.46,10.4
2006-04-22,17.6,22.6,11.9,12.5,17.5,18,0.0,0.0,0.0,0.0,6.39,13.6
2006-04-23,14.4,19.8,9.4,8.6,13.6,8,0.0,0.0,0.0,0.0,6.55,13.8
2006-04-24,15.7,22.7,5.8,11.5,20.2,13,0.0,0.0,0.0,0.0,3.82,8.4
2006-04-25,14.8,19.1,9.3,11.4,16.0,32,0.0,0.0,0.0,0.0,3.0,6.7
2006-04-26,15.0,22.7,9.7,13.1,20.9,56,3.0,3.0,0.0,3.0,5.0,13.0
2006-04-27,15.5,23.4,6.3,12.7,20.0,45,0.0,0.0,0.0,0.0,5.1,11.1
2006-04-28,18.1,24.7,10.6,15.6,23.1,33,0.0,0.0,0.0,0.0,2.98,6.7
2006-04-29,19.7,28.1,12.0,17.7,24.9,41,0.0,0.0,0.0,0.0,2.83,7.2
2006-04-30,23.2,32.5,15.7,20.9,30.8,32,0.0,0.0,0.0,0.0,5.79,11.6
2006-05-01,21.1,27.6,13.1,17.7,25.6,21,0.0,0.0,0.0,0.0,5.17,11.8
2006-05-02,19.2,25.9,11.2,15.5,21.7,26,0.0,0.0,0.0,0.0,5.39,12.7
2006-05-03,20.8,28.3,11.9,18.7,25.8,34,0.0,0.0,0.0,0.0,4.32,10.2
2006-05-04,21.2,26.0,17.8,21.5,26.4,63,0.9,0.9,0.0,4.0,2.87,9.8
2006-05-05,21.8,27.5,15.3,19.6,25.5,39,0.0,0.0,0.0,0.0,5.64,11.1
2006-05-06,19.6,25.8,11.7,17.7,23.3,42,0.0,0.0,0.0,0.0,3.26,9.6
2006-05-07,22.9,29.9,14.6,21.4,27.9,40,0.0,0.0,0.0,0.0,4.8,11.9
2006-05-08,20.6,24.4,18.0,20.1,23.7,60,1.5,1.5,0.0,7.0,4.23,8.5
2006-05-09,16.4,17.8,14.0,17.0,18.6,86,14.4,14.4,0.0,16.0,2.77,6.5
2006-05-10,18.3,22.8,12.9,15.1,20.2,35,0.0,0.0,0.0,0.0,5.46,13.5
2006-05-11,17.2,24.3,9.1,15.0,20.9,43,0.7,0.7,0.0,4.0,2.33,6.7
2006-05-12,14.9,16.9,12.4,13.2,14.2,64,0.0,0.0,0.0,0.0,4.48,10.3
2006-05-13,20.5,26.9,13.0,16.7,23.0,29,0.0,0.0,0.0,0.0,5.86,14.1
2006-05-14,23.2,31.9,12.4,20.3,29.6,27,0.0,0.0,0.0,0.0,3.81,9.0
2006-05-15,25.0,34.7,14.5,22.2,31.7,25,0.0,0.0,0.0,0.0,4.74,9.5
2006-05-16,26.8,35.2,17.1,24.4,31.8,28,1.1,1.1,0.0,2.0,5.68,12.1
2006-05-17,24.2,30.4,19.1,20.9,27.4,24,1.0,1.0,0.0,1.0,5.73,12.2
2006-05-18,23.9,32.2,15.4,23.6,31.2,48,0.0,0.0,0.0,0.0,3.05,8.2
2006-05-19,23.4,28.1,20.2,22.6,27.1,45,0.0,0.0,0.0,0.0,5.69,12.1
2006-05-20,21.3,26.1,17.6,19.5,24.0,38,0.7,0.7,0.0,2.0,3.67,8.4
2006-05-21,18.7,23.0,15.4,18.4,21.8,66,1.3,1.3,0.0,6.0,2.86,6.1
2006-05-22,23.4,32.5,13.5,22.0,31.0,48,0.0,0.0,0.0,0.0,5.13,11.2
2006-05-23,25.7,35.5,15.5,23.2,32.8,28,0.0,0.0,0.0,0.0,6.75,14.3
2006-05-24,24.1,31.0,17.1,22.5,28.8,37,3.2,3.2,0.0,5.0,3.55,8.2
2006-05-25,19.1,22.6,17.0,19.4,22.4,75,17.7,17.7,0.0,14.0,3.04,7.4
2006-05-26,17.0,21.1,12.9,16.9,20.8,78,30.2,30.2,0.0,11.0,3.14,7.9
2006-05-27,17.3,22.3,13.5,16.2,20.9,77,34.0,34.0,0.0,14.0,5.81,11.2
2006-05-28,21.3,29.6,12.9,21.0,30.8,57,0.0,0.0,0.0,0.0,3.19,5.7
2006-05-29,23.2,30.3,14.8,23.5,30.4,56,0.0,0.0,0.0,0.0,4.5,9.3
2006-05-30,25.2,30.5,18.8,27.0,32.6,59,0.0,0.0,0.0,0.0,2.86,6.7
2006-05-31,25.6,30.6,20.6,27.2,31.1,61,0.0,0.0,0.0,0.0,3.06,7.0
2006-06-01,26.4,32.3,19.7,27.4,33.1,54,0.0,0.0,0.0,0.0,5.13,10.7
2006-06-02,23.2,25.6,20.8,24.8,27.0,67,1.6,1.6,0.0,5.0,2.6,4.8
2006-06-03,23.7,28.1,20.3,26.1,29.8,73,0.2,0.2,0.0,1.0,2.28,8.5
2006-06-04,25.1,30.5,19.1,27.3,32.1,65,0.0,0.0,0.0,0.0,2.12,5.7
2006-06-05,26.4,33.1,20.2,28.1,33.8,59,0.0,0.0,0.0,0.0,3.76,8.6
2006-06-06,26.8,33.3,19.6,26.9,32.7,48,0.0,0.0,0.0,0.0,5.55,12.1
2006-06-07,25.2,29.5,20.6,25.1,28.8,48,2.4,2.4,0.0,3.0,4.85,10.6
2006-06-08,24.6,31.7,15.1,21.9,28.2,33,0.0,0.0,0.0,0.0,6.04,13.4
2006-06-09,23.5,27.4,19.1,20.8,24.5,35,0.5,0.5,0.0,3.0,6.09,13.5
2006-06-10,23.8,29.8,16.1,22.9,29.2,42,0.0,0.0,0.0,0.0,4.1,9.1
2006-06-11,26.3,33.6,18.2,25.8,31.7,41,0.0,0.0,0.0,0.0,4.52,9.8
2006-06-12,25.9,32.4,19.8,25.9,31.6,49,4.8,4.8,0.0,4.0,4.64,12.3
2006-06-13,21.4,22.7,17.8,21.5,23.0,70,5.2,5.2,0.0,6.0,5.51,11.4
2006-06-14,22.6,30.2,15.1,23.6,31.2,63,0.2,0.2,0.0,1.0,2.75,8.0
2006-06-15,24.9,33.2,15.9,24.7,33.4,47,0.0,0.0,0.0,0.0,2.97,5.9
2006-06-16,27.2,34.0,19.8,26.1,33.6,37,0.0,0.0,0.0,0.0,3.84,11.5
2006-06-17,27.0,34.5,17.5,25.9,34.2,31,0.0,0.0,0.0,0.0,2.68,6.4
2006-06-18,30.4,37.9,21.1,29.3,36.8,30,0.0,0.0,0.0,0.0,4.0,10.4
2006-06-19,30.0,33.5,25.9,29.1,32.4,31,0.0,0.0,0.0,0.0,4.4,9.3
2006-06-20,27.8,31.6,22.4,27.7,30.9,40,0.0,0.0,0.0,0.0,2.13,6.3
2006-06-21,29.9,38.1,20.4,30.3,38.7,40,0.0,0.0,0.0,0.0,4.1,7.3
2006-06-22,30.3,37.2,22.7,30.6,36.8,40,0.0,0.0,0.0,0.0,5.37,12.2
2006-06-23,30.9,37.9,22.1,31.1,37.9,39,0.0,0.0,0.0,0.0,5.16,11.8
2006-06-24,29.6,35.3,25.1,30.0,36.0,40,0.3,0.3,0.0,2.0,5.68,12.2
2006-06-25,25.8,31.9,22.0,27.7,34.1,59,4.0,4.0,0.0,6.0,3.11,8.6
2006-06-26,27.3,33.1,21.3,30.0,36.6,61,0.0,0.0,0.0,0.0,2.92,7.9
2006-06-27,30.2,37.5,23.5,32.0,40.1,47,0.0,0.0,0.0,0.0,3.4,6.6
2006-06-28,26.3,30.2,21.6,29.0,31.8,70,21.6,21.6,0.0,17.0,3.78,8.9
2006-06-29,23.4,28.1,21.1,26.3,31.2,83,25.3,25.3,0.0,12.0,3.6,8.5
2006-06-30,24.7,28.6,21.0,28.0,31.8,78,10.2,10.2,0.0,6.0,2.83,6.9
2006-07-01,24.8,27.5,21.3,28.0,30.4,76,0.0,0.0,0.0,0.0,3.52,7.9
2006-07-02,26.7,32.1,19.6,29.6,35.5,65,0.0,0.0,0.0,0.0,2.02,5.9
2006-07-03,27.6,32.2,22.3,29.7,34.3,57,0.0,0.0,0.0,0.0,2.48,5.3
2006-07-04,28.1,33.0,22.3,32.0,37.1,66,0.0,0.0,0.0,0.0,2.26,5.8
2006-07-05,28.4,34.6,24.0,32.2,39.8,64,0.8,0.8,0.0,3.0,3.28,7.4
2006-07-06,28.6,33.7,21.9,31.4,36.7,59,0.0,0.0,0.0,0.0,2.73,7.6
2006-07-07,28.6,33.7,22.9,31.0,35.2,61,0.0,0.0,0.0,0.0,3.92,8.9
2006-07-08,28.8,33.6,23.5,31.1,35.3,59,0.2,0.2,0.0,1.0,3.77,9.5
2006-07-09,28.3,33.1,24.8,31.8,36.9,67,1.1,1.1,0.0,4.0,3.5,9.1
2006-07-10,25.8,30.3,23.1,30.2,34.9,83,14.8,14.8,0.0,15.0,2.95,10.4
2006-07-11,27.6,33.1,22.7,31.8,36.8,72,0.0,0.0,0.0,0.0,3.08,7.4
2006-07-12,27.6,32.3,22.4,31.4,36.2,74,23.6,23.6,0.0,11.0,4.98,10.7
2006-07-13,26.9,31.8,22.3,31.2,37.1,76,1.0,1.0,0.0,1.0,2.92,6.1
2006-07-14,26.5,28.3,24.0,31.3,33.7,83,13.3,13.3,0.0,7.0,3.1,6.9
2006-07-15,28.7,33.3,24.7,34.1,38.7,76,0.6,0.6,0.0,3.0,3.61,5.4
2006-07-16,28.8,32.8,25.3,33.5,37.9,73,1.3,1.3,0.0,6.0,3.75,7.9
2006-07-17,26.0,28.9,23.0,29.2,32.5,73,0.2,0.2,0.0,1.0,4.69,9.6
2006-07-18,21.1,22.7,19.9,23.6,25.3,91,9.3,9.3,0.0,17.0,2.91,6.6
2006-07-19,24.3,27.6,20.9,27.6,30.9,78,0.0,0.0,0.0,0.0,1.79,4.3
2006-07-20,27.6,32.2,22.6,32.0,36.1,76,0.0,0.0,0.0,0.0,4.65,9.4
2006-07-21,29.3,34.6,24.5,30.7,34.8,52,0.0,0.0,0.0,0.0,5.28,10.2
2006-07-22,27.6,31.6,24.1,27.8,33.5,44,0.0,0.0,0.0,0.0,3.82,7.6
2006-07-23,25.4,30.5,20.2,27.6,31.9,65,5.1,5.1,0.0,2.0,3.4,9.1
2006-07-24,22.7,25.4,20.6,25.0,27.4,80,9.4,9.4,0.0,13.0,2.76,6.4
2006-07-25,20.4,21.4,19.2,21.8,22.6,80,12.6,12.6,0.0,18.0,3.32,6.8
2006-07-26,20.9,23.0,19.4,23.1,25.4,83,13.1,13.1,0.0,14.0,1.84,9.0
2006-07-27,23.9,28.1,19.3,27.1,31.9,80,0.0,0.0,0.0,0.0,2.2,4.9
2006-07-28,25.8,30.0,22.0,29.8,34.3,79,0.7,0.7,0.0,3.0,2.1,7.8
2006-07-29,27.7,31.9,23.8,32.6,36.9,79,1.6,1.6,0.0,7.0,3.71,8.6
2006-07-30,28.3,32.9,24.2,33.9,38.5,80,20.9,20.9,0.0,5.0,2.16,5.2
2006-07-31,25.6,26.8,24.6,30.3,32.6,87,4.0,4.0,0.0,6.0,2.77,5.6
2006-08-01,27.0,33.8,22.1,30.6,37.0,68,0.6,0.6,0.0,1.0,1.84,4.8
2006-08-02,25.3,29.8,21.1,28.7,34.5,73,0.2,0.2,0.0,1.0,2.32,6.5
2006-08-03,25.8,30.6,21.7,29.5,34.5,77,9.6,9.6,0.0,7.0,2.61,8.3
2006-08-04,24.6,27.2,22.0,28.5,31.5,82,21.6,21.6,0.0,20.0,2.68,7.5
2006-08-05,26.4,30.3,22.4,30.7,34.6,80,0.4,0.4,0.0,4.0,3.55,7.2
2006-08-06,27.7,31.9,23.7,32.5,36.4,79,0.9,0.9,0.0,6.0,4.04,8.9
2006-08-07,28.4,32.6,24.6,33.5,36.9,77,0.0,0.0,0.0,0.0,3.01,7.0
2006-08-08,28.2,32.0,24.7,33.7,37.6,81,0.9,0.9,0.0,4.0,3.11,7.8
2006-08-09,27.0,30.3,24.1,32.6,35.9,86,10.5,10.5,0.0,16.0,2.94,7.3
2006-08-10,26.5,29.2,24.8,32.1,35.2,90,8.4,8.4,0.0,10.0,2.77,7.5
2006-08-11,28.1,31.8,24.6,33.7,37.1,83,1.3,1.3,0.0,7.0,3.1,7.0
2006-08-12,29.4,32.9,26.1,35.8,39.8,79,0.9,0.9,0.0,3.0,1.99,4.5
2006-08-13,25.0,27.4,22.1,28.9,33.3,85,13.6,13.6,0.0,14.0,4.6,9.2
2006-08-14,24.1,27.7,21.1,28.2,31.9,85,0.4,0.4,0.0,1.0,1.71,3.7
2006-08-15,26.5,33.1,20.5,30.4,37.8,75,0.0,0.0,0.0,0.0,2.4,5.1
2006-08-16,27.2,32.5,21.7,31.8,37.9,75,0.3,0.3,0.0,1.0,1.81,6.1
2006-08-17,27.1,31.3,22.9,31.5,36.5,76,0.3,0.3,0.0,1.0,2.62,6.1
2006-08-18,28.1,32.9,23.1,32.4,38.0,68,0.0,0.0,0.0,0.0,1.82,5.0
2006-08-19,28.2,34.0,22.3,32.1,37.7,67,0.0,0.0,0.0,0.0,2.21,5.6
2006-08-20,28.0,32.5,23.7,29.6,33.1,57,0.0,0.0,0.0,0.0,5.61,11.5
2006-08-21,25.4,31.7,19.4,26.4,33.2,54,0.0,0.0,0.0,0.0,2.55,4.9
2006-08-22,22.7,28.1,18.1,23.5,28.6,64,0.0,0.0,0.0,0.0,4.41,9.0
2006-08-23,24.3,31.5,17.3,26.4,33.9,66,0.0,0.0,0.0,0.0,2.6,6.8
2006-08-24,26.7,33.7,20.6,29.4,36.4,64,0.0,0.0,0.0,0.0,2.6,7.0
2006-08-25,25.1,30.7,22.0,28.8,35.1,79,14.3,14.3,0.0,13.0,2.13,7.1
2006-08-26,23.8,27.3,20.6,27.1,30.3,84,30.5,30.5,0.0,18.0,2.34,5.8
2006-08-27,25.7,32.4,19.4,29.9,37.8,79,0.0,0.0,0.0,0.0,2.5,6.0
2006-08-28,26.4,31.0,22.5,30.8,35.5,78,1.0,1.0,0.0,1.0,2.88,5.3
2006-08-29,25.0,28.8,21.4,27.6,31.2,72,8.5,8.5,0.0,8.0,3.26,6.9
2006-08-30,23.2,25.6,21.3,26.0,28.6,78,1.2,1.2,0.0,5.0,1.62,4.3
2006-08-31,24.5,30.0,18.8,27.6,34.3,72,0.0,0.0,0.0,0.0,2.22,5.1
2006-09-01,25.3,30.6,20.0,28.5,33.1,73,0.0,0.0,0.0,0.0,2.11,5.4
2006-09-02,25.7,29.5,21.1,28.7,32.4,73,0.0,0.0,0.0,0.0,3.08,6.8
2006-09-03,23.6,26.0,20.3,24.4,27.9,64,0.0,0.0,0.0,0.0,5.46,10.9
2006-09-04,21.1,25.7,15.4,19.0,24.5,42,0.0,0.0,0.0,0.0,4.4,9.4
2006-09-05,19.8,26.9,14.1,19.4,26.3,61,0.0,0.0,0.0,0.0,3.64,7.6
2006-09-06,21.8,30.6,13.0,22.2,30.5,63,0.0,0.0,0.0,0.0,3.91,8.2
2006-09-07,21.0,25.3,17.3,21.0,24.6,68,1.0,1.0,0.0,5.0,4.73,9.5
2006-09-08,17.4,21.1,14.0,14.8,20.3,54,1.5,1.5,0.0,5.0,7.46,15.2
2006-09-09,15.9,19.5,12.3,11.9,15.2,36,0.0,0.0,0.0,0.0,7.05,13.7
2006-09-10,19.6,28.7,11.2,18.2,27.1,47,0.0,0.0,0.0,0.0,3.47,7.9
2006-09-11,21.8,31.8,14.5,21.9,31.9,56,0.0,0.0,0.0,0.0,2.6,5.0
2006-09-12,22.4,31.2,15.8,22.8,31.6,58,0.1,0.1,0.0,1.0,2.82,7.0
2006-09-13,22.5,31.2,14.6,22.5,31.2,54,0.0,0.0,0.0,0.0,2.47,6.5
2006-09-14,21.6,27.2,17.3,22.0,27.3,61,0.2,0.2,0.0,1.0,3.81,8.3
2006-09-15,21.7,27.7,17.0,22.6,28.2,65,0.0,0.0,0.0,0.0,2.56,6.7
2006-09-16,22.0,29.3,16.0,22.6,30.4,63,0.0,0.0,0.0,0.0,2.09,5.3
2006-09-17,23.4,32.4,15.9,23.7,33.4,55,0.0,0.0,0.0,0.0,2.64,5.0
2006-09-18,24.4,35.1,16.6,24.0,34.7,49,0.0,0.0,0.0,0.0,2.44,5.9
2006-09-19,23.5,31.9,16.4,23.9,32.1,56,0.0,0.0,0.0,0.0,2.42,5.8
2006-09-20,23.3,30.2,17.4,22.9,29.8,49,0.0,0.0,0.0,0.0,2.1,6.2
2006-09-21,22.5,30.6,14.7,22.2,31.0,51,0.0,0.0,0.0,0.0,1.84,4.9
2006-09-22,22.5,30.9,14.5,22.5,31.3,54,0.0,0.0,0.0,0.0,2.4,6.3
2006-09-23,22.5,30.9,14.9,23.0,31.2,59,0.0,0.0,0.0,0.0,2.52,6.1
2006-09-24,23.0,29.6,17.0,23.1,28.8,59,0.9,0.9,0.0,3.0,4.92,10.5
2006-09-25,20.6,24.6,16.6,22.6,26.3,83,6.0,6.0,0.0,12.0,2.7,4.3
2006-09-26,20.0,27.2,15.2,18.9,25.6,54,0.0,0.0,0.0,0.0,3.3,7.3
2006-09-27,18.9,27.0,12.5,18.6,26.4,63,0.0,0.0,0.0,0.0,3.13,7.3
2006-09-28,21.0,28.8,14.5,19.7,26.5,51,0.0,0.0,0.0,0.0,3.99,9.2
2006-09-29,20.3,28.5,12.5,18.9,27.4,45,0.0,0.0,0.0,0.0,2.3,5.8
2006-09-30,19.5,25.5,13.5,18.8,23.7,58,0.0,0.0,0.0,0.0,3.54,7.5
2006-10-01,21.0,29.8,14.4,20.9,30.1,59,0.0,0.0,0.0,0.0,2.66,5.8
2006-10-02,22.0,32.1,15.3,21.8,30.6,55,0.0,0.0,0.0,0.0,3.0,6.8
2006-10-03,22.6,30.8,15.6,21.7,29.0,47,0.0,0.0,0.0,0.0,3.2,8.2
2006-10-04,21.4,31.2,13.2,19.8,29.8,44,0.0,0.0,0.0,0.0,2.19,4.8
2006-10-05,20.6,29.5,13.5,20.0,29.0,55,0.2,0.2,0.0,1.0,3.0,8.1
2006-10-06,21.0,29.7,14.6,20.8,28.2,60,0.0,0.0,0.0,0.0,4.52,9.4
2006-10-07,20.5,25.6,16.6,18.5,22.3,45,0.0,0.0,0.0,0.0,4.32,9.9
2006-10-08,14.1,16.8,11.5,13.3,15.7,78,11.0,11.0,0.0,9.0,2.72,8.1
2006-10-09,16.1,21.9,11.9,16.1,22.0,77,0.0,0.0,0.0,0.0,2.7,6.5
2006-10-10,18.2,25.8,11.9,17.5,23.7,70,11.7,11.7,0.0,5.0,3.41,8.3
2006-10-11,15.7,19.2,11.3,14.1,18.1,62,0.6,0.6,0.0,1.0,3.59,7.4
2006-10-12,15.2,21.3,9.5,14.5,20.8,71,0.0,0.0,0.0,0.0,2.31,5.3
2006-10-13,17.1,21.2,13.9,17.4,22.0,78,0.3,0.3,0.0,2.0,2.1,5.1
2006-10-14,17.2,22.6,13.4,16.7,22.2,75,0.2,0.2,0.0,2.0,4.3,8.7
2006-10-15,17.0,20.9,14.8,16.9,21.4,70,0.0,0.0,0.0,0.0,1.58,5.2
2006-10-16,17.8,23.7,13.7,17.2,24.0,69,0.2,0.2,0.0,1.0,5.38,11.1
2006-10-17,13.4,18.5,8.7,10.1,15.6,41,0.0,0.0,0.0,0.0,3.16,7.0
2006-10-18,13.0,18.5,7.2,11.5,16.6,69,0.0,0.0,0.0,0.0,3.07,7.2
2006-10-19,15.6,23.0,9.8,13.8,21.1,62,0.0,0.0,0.0,0.0,4.09,10.2
2006-10-20,14.3,16.8,11.6,11.8,13.4,44,0.0,0.0,0.0,0.0,2.47,5.1
2006-10-21,13.1,15.1,10.2,11.9,14.4,71,8.3,8.3,0.0,5.0,1.97,9.1
2006-10-22,12.6,16.7,7.9,9.3,12.2,56,0.0,0.0,0.0,0.0,6.04,12.7
2006-10-23,10.1,17.3,4.3,7.7,15.4,64,0.0,0.0,0.0,0.0,2.73,5.0
2006-10-24,9.1,13.3,4.8,6.6,10.8,60,0.2,0.2,0.0,1.0,2.02,5.1
2006-10-25,10.8,16.6,6.6,8.1,14.1,60,0.0,0.0,0.0,0.0,3.58,8.1
2006-10-26,8.0,13.4,4.0,4.7,10.5,50,0.0,0.0,0.0,0.0,2.66,7.0
2006-10-27,9.2,14.3,4.2,7.3,12.8,74,0.0,0.0,0.0,0.0,1.96,4.3
2006-10-28,12.5,22.5,5.6,10.2,20.8,63,0.0,0.0,0.0,0.0,2.83,6.4
2006-10-29,12.4,20.9,5.3,9.6,18.0,51,0.0,0.0,0.0,0.0,2.2,5.1
2006-10-30,11.9,19.8,5.5,10.2,17.9,67,0.0,0.0,0.0,0.0,2.53,5.4
2006-10-31,14.6,23.5,7.8,12.2,21.0,53,0.0,0.0,0.0,0.0,2.47,6.7
2006-11-01,12.2,19.7,6.1,10.5,18.1,66,0.0,0.0,0.0,0.0,2.31,4.9
2006-11-02,11.8,20.9,5.6,9.9,19.2,69,0.0,0.0,0.0,0.0,2.86,3.9
2006-11-03,12.5,21.7,5.0,10.4,18.9,64,0.0,0.0,0.0,0.0,2.88,5.9
2006-11-04,11.6,18.3,5.2,7.8,11.8,51,0.0,0.0,0.0,0.0,8.63,16.9
2006-11-05,6.5,10.2,2.2,0.9,3.9,26,0.0,0.0,0.0,0.0,8.38,16.9
2006-11-06,3.4,8.4,-0.5,-2.1,2.2,20,0.0,0.0,0.0,0.0,6.21,13.2
2006-11-07,7.5,18.1,-0.3,3.4,13.4,34,0.0,0.0,0.0,0.0,3.73,7.9
2006-11-08,10.9,19.7,2.6,6.7,14.5,38,0.0,0.0,0.0,0.0,4.44,10.7
2006-11-09,7.4,14.4,2.8,3.7,10.9,46,0.0,0.0,0.0,0.0,2.5,5.7
2006-11-10,5.5,11.7,1.2,2.4,8.9,61,0.0,0.0,0.0,0.0,2.22,5.4
2006-11-11,3.7,12.3,-3.6,-0.4,8.2,39,0.0,0.0,0.0,0.0,2.69,5.6
2006-11-12,5.6,13.9,-0.8,2.6,10.8,61,0.0,0.0,0.0,0.0,2.5,5.1
2006-11-13,9.3,14.3,5.4,4.7,9.8,34,0.0,0.0,0.0,0.0,4.47,9.4
2006-11-14,7.7,15.2,1.5,2.6,9.4,29,0.0,0.0,0.0,0.0,5.32,11.9
2006-11-15,7.6,16.6,0.9,3.8,12.5,40,0.0,0.0,0.0,0.0,2.57,6.7
2006-11-16,5.1,11.8,-1.2,1.4,8.0,50,0.0,0.0,0.0,0.0,2.18,4.8
2006-11-17,5.8,9.2,1.8,3.3,7.1,77,0.0,0.0,0.0,0.0,1.82,4.3
2006-11-18,5.5,12.2,0.3,2.5,9.0,67,0.0,0.0,0.0,0.0,2.5,5.1
2006-11-19,4.4,11.1,-0.8,1.6,8.4,72,0.0,0.0,0.0,0.0,2.73,4.5
2006-11-20,4.8,11.1,-0.7,2.3,8.5,81,0.0,0.0,0.0,0.0,2.6,6.2
2006-11-21,6.1,14.4,0.5,2.7,10.8,60,0.0,0.0,0.0,0.0,3.21,6.3
2006-11-22,2.0,3.9,-0.7,-2.4,-0.4,39,0.0,0.0,0.0,0.0,2.91,6.3
2006-11-23,0.4,3.7,-2.5,-3.3,-0.2,47,0.0,0.0,0.0,0.0,1.92,4.2
2006-11-24,1.0,5.7,-3.3,-2.7,1.2,48,0.0,0.0,0.0,0.0,1.91,5.2
2006-11-25,1.5,3.6,-0.3,-1.3,0.9,73,0.7,0.0,0.7,4.0,1.08,3.7
2006-11-26,3.4,8.8,-2.1,-0.2,4.7,73,0.0,0.0,0.0,0.0,4.5,9.5
2006-11-27,0.3,3.4,-3.1,-3.4,-0.3,65,0.0,0.0,0.0,0.0,2.25,4.6
2006-11-28,0.5,5.8,-3.6,-3.8,1.5,56,0.0,0.0,0.0,0.0,3.61,7.5
2006-11-29,-0.1,5.8,-4.5,-3.9,2.2,60,0.0,0.0,0.0,0.0,2.67,4.8
2006-11-30,-0.4,6.6,-4.7,-4.6,2.7,59,0.0,0.0,0.0,0.0,3.38,7.6
2006-12-01,-0.8,4.4,-5.7,-5.9,-2.1,42,0.0,0.0,0.0,0.0,5.84,11.9
2006-12-02,-2.5,3.2,-5.7,-7.5,-2.3,36,0.0,0.0,0.0,0.0,4.18,8.6
2006-12-03,-1.6,5.3,-6.0,-5.8,1.0,44,0.0,0.0,0.0,0.0,2.55,5.8
2006-12-04,-1.6,4.2,-5.8,-5.6,0.1,55,0.0,0.0,0.0,0.0,4.04,7.4
2006-12-05,-1.7,2.0,-5.4,-6.2,-2.5,44,0.0,0.0,0.0,0.0,3.72,7.7
2006-12-06,-0.2,1.8,-1.6,-3.5,-1.0,73,0.0,0.0,0.0,0.0,3.91,7.3
2006-12-07,-0.7,3.0,-4.2,-5.4,-1.2,41,0.0,0.0,0.0,0.0,4.32,8.4
2006-12-08,-2.1,1.0,-5.1,-6.2,-3.7,53,0.0,0.0,0.0,0.0,2.64,5.7
2006-12-09,-1.3,4.1,-4.8,-5.8,0.2,46,0.0,0.0,0.0,0.0,3.06,6.8
2006-12-10,-2.3,3.5,-6.4,-5.9,-0.2,68,0.0,0.0,0.0,0.0,2.94,4.5
2006-12-11,-2.3,3.0,-6.0,-5.9,-0.5,77,0.0,0.0,0.0,0.0,2.28,4.5
2006-12-12,-1.6,4.5,-5.2,-5.5,0.5,67,0.0,0.0,0.0,0.0,2.51,4.2
2006-12-13,-0.7,6.7,-4.6,-4.9,3.1,53,0.0,0.0,0.0,0.0,2.59,6.2
2006-12-14,-1.0,5.4,-6.0,-4.7,1.4,61,0.0,0.0,0.0,0.0,2.82,4.8
2006-12-15,0.2,5.9,-2.7,-4.1,1.9,50,0.0,0.0,0.0,0.0,2.56,6.0
2006-12-16,-4.0,-0.1,-7.9,-10.5,-5.3,28,0.0,0.0,0.0,0.0,7.94,16.2
2006-12-17,-7.0,-2.6,-10.8,-11.7,-7.6,32,0.0,0.0,0.0,0.0,3.01,6.8
2006-12-18,-4.4,0.3,-9.1,-8.7,-3.8,39,0.0,0.0,0.0,0.0,1.7,4.5
2006-12-19,-2.7,3.0,-7.1,-6.7,-1.0,48,0.0,0.0,0.0,0.0,2.3,4.7
2006-12-20,-1.1,4.8,-4.9,-5.1,1.5,54,0.0,0.0,0.0,0.0,2.76,4.0
2006-12-21,-1.1,5.6,-4.8,-4.9,1.9,63,0.0,0.0,0.0,0.0,2.73,4.2
2006-12-22,-1.6,4.6,-6.3,-5.7,0.1,54,0.0,0.0,0.0,0.0,2.6,5.7
2006-12-23,-0.6,5.5,-4.5,-4.8,1.5,53,0.0,0.0,0.0,0.0,2.55,4.7
2006-12-24,-2.6,2.8,-6.3,-6.3,-0.6,74,0.0,0.0,0.0,0.0,1.77,4.1
2006-12-25,-2.9,2.3,-7.4,-6.5,-0.6,79,0.0,0.0,0.0,0.0,1.92,3.8
2006-12-26,-1.1,3.9,-5.1,-4.9,0.2,79,0.0,0.0,0.0,0.0,3.0,5.8
2006-12-27,-2.7,1.9,-6.0,-7.7,-4.0,45,0.0,0.0,0.0,0.0,4.38,9.8
2006-12-28,-5.2,-0.5,-8.4,-9.8,-4.7,36,0.0,0.0,0.0,0.0,2.69,6.5
2006-12-29,-5.3,-1.8,-9.5,-9.3,-5.6,57,0.0,0.0,0.0,0.0,1.52,4.3
2006-12-30,-3.1,-2.4,-4.0,-6.8,-5.7,83,3.4,0.0,2.66,12.0,2.0,5.2
2006-12-31,-4.0,-2.1,-7.3,-7.4,-5.1,85,0.0,0.0,0.0,0.0,1.71,5.0
2007-01-01,-5.9,0.2,-10.5,-10.0,-3.5,74,0.0,0.0,0.0,0.0,2.75,4.1
2007-01-02,-6.1,0.2,-10.7,-10.3,-3.6,66,0.0,0.0,0.0,0.0,2.5,4.5
2007-01-03,-6.3,0.8,-10.5,-10.4,-2.9,71,0.0,0.0,0.0,0.0,2.51,4.0
2007-01-04,-6.0,-1.1,-11.8,-9.8,-5.0,80,0.0,0.0,0.0,0.0,2.42,5.1
2007-01-05,-2.7,2.4,-6.9,-7.5,-3.8,58,0.0,0.0,0.0,0.0,6.38,13.1
2007-01-06,-2.2,1.2,-5.3,-8.2,-5.6,28,0.0,0.0,0.0,0.0,6.84,13.6
2007-01-07,-2.7,3.9,-7.8,-7.7,-1.5,29,0.0,0.0,0.0,0.0,3.04,6.8
2007-01-08,-2.2,3.8,-6.1,-6.9,-0.8,38,0.0,0.0,0.0,0.0,2.96,6.2
2007-01-09,-2.4,2.9,-6.1,-6.5,-1.2,51,0.0,0.0,0.0,0.0,2.18,4.7
2007-01-10,-3.2,-0.2,-5.7,-7.2,-4.0,56,0.0,0.0,0.0,0.0,2.72,5.4
2007-01-11,-4.5,1.2,-8.5,-9.2,-3.7,43,0.0,0.0,0.0,0.0,2.88,6.8
2007-01-12,-4.7,2.1,-10.9,-9.0,-1.8,47,0.0,0.0,0.0,0.0,2.6,4.6
2007-01-13,-3.9,3.2,-9.9,-8.1,-0.6,47,0.0,0.0,0.0,0.0,2.92,4.1
2007-01-14,-3.5,2.0,-8.1,-7.4,-2.1,55,0.0,0.0,0.0,0.0,2.44,4.1
2007-01-15,-2.6,4.5,-8.9,-6.9,0.5,51,0.0,0.0,0.0,0.0,1.9,5.4
2007-01-16,-1.4,5.7,-6.4,-6.0,0.9,39,0.0,0.0,0.0,0.0,2.87,6.7
2007-01-17,0.5,8.9,-5.1,-4.1,3.8,37,0.0,0.0,0.0,0.0,3.38,7.2
2007-01-18,-0.9,5.3,-5.1,-5.3,1.8,46,0.0,0.0,0.0,0.0,3.01,5.6
2007-01-19,-3.3,1.9,-7.1,-7.2,-2.0,67,0.0,0.0,0.0,0.0,2.2,4.5
2007-01-20,-3.3,2.7,-8.8,-7.2,-0.7,69,0.0,0.0,0.0,0.0,2.24,4.4
2007-01-21,-1.5,5.0,-5.8,-6.1,0.1,42,0.0,0.0,0.0,0.0,3.86,9.3
2007-01-22,-3.4,1.3,-7.2,-7.8,-3.3,42,0.0,0.0,0.0,0.0,1.98,5.7
2007-01-23,-3.4,4.8,-9.9,-7.7,0.9,49,0.0,0.0,0.0,0.0,2.95,4.2
2007-01-24,-2.8,2.0,-6.8,-6.8,-2.3,55,0.0,0.0,0.0,0.0,2.67,5.4
2007-01-25,-3.5,1.5,-8.0,-7.8,-2.6,62,0.0,0.0,0.0,0.0,3.16,6.2
2007-01-26,-2.2,2.1,-6.2,-7.1,-1.6,38,0.0,0.0,0.0,0.0,3.45,7.2
2007-01-27,-2.2,4.3,-6.8,-7.1,-0.3,39,0.0,0.0,0.0,0.0,4.35,8.7
2007-01-28,-2.2,3.9,-7.7,-6.8,-0.9,42,0.0,0.0,0.0,0.0,3.3,7.2
2007-01-29,-0.1,7.6,-4.3,-5.0,2.6,35,0.0,0.0,0.0,0.0,7.43,15.9
2007-01-30,-0.5,5.9,-4.9,-5.5,1.0,23,0.0,0.0,0.0,0.0,3.35,8.3
2007-01-31,-1.6,1.6,-5.7,-7.6,-5.3,22,0.0,0.0,0.0,0.0,5.91,12.3
2007-02-01,-1.7,3.8,-6.2,-5.9,-0.1,29,0.0,0.0,0.0,0.0,2.81,5.9
2007-02-02,0.3,6.5,-5.0,-3.8,1.8,41,0.0,0.0,0.0,0.0,2.91,6.7
2007-02-03,3.8,12.3,-2.6,-0.8,8.5,37,0.0,0.0,0.0,0.0,4.44,9.0
2007-02-04,0.4,8.0,-6.3,-3.8,3.6,50,0.0,0.0,0.0,0.0,3.01,6.9
2007-02-05,3.0,13.0,-4.7,-0.9,10.3,48,0.0,0.0,0.0,0.0,3.03,6.1
2007-02-06,3.4,9.3,-3.8,-0.6,5.8,41,0.0,0.0,0.0,0.0,2.9,5.8
2007-02-07,1.4,6.5,-3.1,-1.9,3.4,64,0.1,0.1,0.0,1.0,1.71,5.7
2007-02-08,2.8,7.9,-2.7,-0.5,4.6,69,0.0,0.0,0.0,0.0,2.86,6.4
2007-02-09,3.2,13.2,-4.8,-1.4,7.9,48,0.0,0.0,0.0,0.0,5.46,11.1
2007-02-10,3.0,9.6,-1.8,-1.6,5.6,35,0.0,0.0,0.0,0.0,3.52,8.4
2007-02-11,1.6,9.4,-4.8,-2.3,5.6,51,0.0,0.0,0.0,0.0,3.26,5.5
2007-02-12,3.6,11.0,-3.1,0.3,7.5,57,0.0,0.0,0.0,0.0,2.34,5.0
2007-02-13,2.8,8.9,-1.9,-2.5,2.3,48,0.0,0.0,0.0,0.0,8.81,17.6
2007-02-14,0.9,7.3,-3.5,-4.0,2.3,30,0.0,0.0,0.0,0.0,3.23,8.4
2007-02-15,0.5,7.0,-5.2,-3.6,3.0,49,0.0,0.0,0.0,0.0,2.82,6.6
2007-02-16,1.8,7.8,-4.1,-1.9,3.9,53,0.0,0.0,0.0,0.0,2.22,6.1
2007-02-17,3.3,9.7,-3.2,-0.9,5.3,52,0.0,0.0,0.0,0.0,4.41,10.6
2007-02-18,1.6,7.8,-3.1,-1.9,3.7,69,0.0,0.0,0.0,0.0,3.34,7.6
2007-02-19,3.6,11.2,-3.5,0.5,7.7,66,0.0,0.0,0.0,0.0,2.41,6.3
2007-02-20,4.9,14.6,-2.4,1.9,11.9,68,0.0,0.0,0.0,0.0,2.94,5.0
2007-02-21,4.9,14.1,-1.1,2.1,10.9,76,0.0,0.0,0.0,0.0,3.1,6.6
2007-02-22,5.9,12.4,-2.1,1.2,6.1,40,0.0,0.0,0.0,0.0,6.18,12.9
2007-02-23,1.9,8.7,-4.3,-2.1,5.1,52,0.0,0.0,0.0,0.0,2.64,6.3
2007-02-24,2.3,8.0,-1.9,-1.4,5.2,56,0.0,0.0,0.0,0.0,2.14,5.8
2007-02-25,2.6,8.9,-1.7,-0.3,6.5,84,0.0,0.0,0.0,0.0,2.79,6.3
2007-02-26,5.7,9.5,2.7,3.3,7.5,82,0.0,0.0,0.0,0.0,1.94,5.5
2007-02-27,6.7,9.5,4.7,4.3,7.1,75,0.0,0.0,0.0,0.0,1.8,4.0
2007-02-28,7.1,11.7,0.4,4.3,8.6,62,0.0,0.0,0.0,0.0,1.77,5.5
2007-03-01,6.1,7.3,5.0,3.6,5.6,76,0.7,0.7,0.0,5.0,2.45,5.5
2007-03-02,8.6,13.4,4.4,6.7,12.2,77,0.0,0.0,0.0,0.0,2.0,5.6
2007-03-03,5.6,8.0,1.1,3.4,5.6,87,16.2,15.8,0.28,16.0,2.64,5.9
2007-03-04,1.2,4.3,-3.8,-4.1,-0.5,72,16.2,3.2,9.17,13.0,7.79,13.8
2007-03-05,-4.2,-1.3,-7.6,-10.7,-7.5,32,0.0,0.0,0.0,0.0,6.75,13.9
2007-03-06,-4.9,1.0,-11.2,-9.5,-2.7,46,0.0,0.0,0.0,0.0,4.9,10.6
2007-03-07,-0.4,6.2,-7.0,-4.8,1.7,50,0.0,0.0,0.0,0.0,4.33,9.3
2007-03-08,1.4,7.5,-3.9,-2.4,4.2,60,0.0,0.0,0.0,0.0,3.44,8.8
2007-03-09,2.8,9.4,-2.9,-0.5,6.5,73,0.1,0.1,0.0,1.0,4.53,10.8
2007-03-10,0.8,3.8,-2.3,-4.8,-2.1,32,0.0,0.0,0.0,0.0,6.65,13.8
2007-03-11,2.4,8.8,-4.2,-2.0,4.6,41,0.0,0.0,0.0,0.0,3.7,9.0
2007-03-12,3.8,9.9,-2.1,0.7,6.7,57,0.0,0.0,0.0,0.0,2.52,6.7
2007-03-13,4.4,10.9,-0.9,1.6,8.2,74,0.0,0.0,0.0,0.0,2.61,6.7
2007-03-14,5.8,11.5,0.4,3.2,9.6,75,0.0,0.0,0.0,0.0,2.24,5.0
2007-03-15,4.6,7.8,0.6,1.5,5.1,74,0.0,0.0,0.0,0.0,2.91,4.6
2007-03-16,5.1,9.9,1.0,1.8,7.5,59,0.0,0.0,0.0,0.0,2.63,5.7
2007-03-17,5.7,12.2,-0.4,3.0,10.1,67,0.0,0.0,0.0,0.0,3.19,7.1
2007-03-18,4.0,6.5,0.2,1.3,4.3,80,3.2,3.2,0.0,10.0,1.86,6.3
2007-03-19,4.9,6.1,3.2,2.3,4.1,88,1.7,1.7,0.0,6.0,2.56,6.8
2007-03-20,5.1,9.2,1.9,2.5,6.2,84,0.0,0.0,0.0,0.0,3.21,7.5
2007-03-21,7.5,14.2,1.1,5.1,13.0,76,0.0,0.0,0.0,0.0,2.55,6.0
2007-03-22,7.6,14.0,2.4,5.4,11.9,79,0.0,0.0,0.0,0.0,2.75,7.2
2007-03-23,9.1,13.6,4.8,7.6,12.2,82,0.6,0.6,0.0,2.0,1.89,4.1
2007-03-24,12.2,19.4,5.8,8.6,15.5,46,0.0,0.0,0.0,0.0,4.14,9.3
2007-03-25,10.5,17.5,2.8,6.5,13.2,41,0.0,0.0,0.0,0.0,4.1,8.4
2007-03-26,11.6,21.2,1.5,7.5,17.6,33,0.0,0.0,0.0,0.0,5.63,11.6
2007-03-27,9.1,15.1,2.7,5.1,11.2,37,0.0,0.0,0.0,0.0,4.12,9.2
2007-03-28,11.1,16.8,5.9,8.3,15.0,52,0.6,0.6,0.0,3.0,5.02,10.4
2007-03-29,10.5,14.7,7.2,7.9,11.7,74,3.8,3.8,0.0,7.0,5.22,11.1
2007-03-30,7.9,9.8,6.0,5.4,7.2,80,1.7,1.7,0.0,4.0,3.44,9.1
2007-03-31,11.5,16.3,5.1,7.6,11.6,45,0.0,0.0,0.0,0.0,7.06,15.9
2007-04-01,10.6,15.2,7.3,6.5,10.9,37,0.3,0.3,0.0,2.0,6.52,13.7
2007-04-02,8.6,12.4,5.0,3.3,6.4,29,0.0,0.0,0.0,0.0,6.73,13.3
2007-04-03,10.4,19.2,2.0,6.2,15.0,31,0.0,0.0,0.0,0.0,4.66,10.1
2007-04-04,9.1,15.8,2.9,5.4,12.3,40,0.0,0.0,0.0,0.0,3.31,7.4
2007-04-05,9.4,14.1,5.0,6.5,11.7,49,0.2,0.2,0.0,1.0,2.11,4.2
2007-04-06,11.5,19.5,3.8,8.4,16.0,52,0.0,0.0,0.0,0.0,2.83,8.5
2007-04-07,12.7,18.0,7.1,8.7,13.8,36,0.0,0.0,0.0,0.0,4.59,11.3
2007-04-08,12.4,19.6,4.3,8.8,17.3,34,0.0,0.0,0.0,0.0,3.55,7.1
2007-04-09,13.8,21.8,6.2,10.9,19.1,43,0.0,0.0,0.0,0.0,4.3,7.4
2007-04-10,13.8,18.7,8.6,10.5,14.7,38,0.0,0.0,0.0,0.0,4.33,9.2
2007-04-11,12.4,17.7,6.5,9.5,14.9,45,0.0,0.0,0.0,0.0,2.24,6.3
2007-04-12,10.8,12.0,7.9,8.5,10.3,74,3.5,3.5,0.0,10.0,5.38,11.4
2007-04-13,14.0,21.1,5.1,11.5,19.7,55,0.0,0.0,0.0,0.0,5.55,11.2
2007-04-14,14.6,19.2,10.1,10.9,16.2,33,0.0,0.0,0.0,0.0,4.67,11.0
2007-04-15,12.3,17.8,6.4,9.4,14.9,47,0.0,0.0,0.0,0.0,3.04,6.2
2007-04-16,12.3,17.6,7.6,9.6,15.9,48,0.0,0.0,0.0,0.0,3.02,7.4
2007-04-17,14.1,21.2,5.9,10.9,18.2,39,0.0,0.0,0.0,0.0,3.51,8.0
2007-04-18,16.3,24.5,9.4,13.6,21.5,40,0.0,0.0,0.0,0.0,3.71,8.1
2007-04-19,17.8,25.8,10.0,16.5,24.0,56,0.0,0.0,0.0,0.0,3.2,7.8
2007-04-20,19.0,25.0,12.7,15.3,21.0,32,0.0,0.0,0.0,0.0,6.08,13.8
2007-04-21,16.0,22.2,11.6,13.8,19.7,43,4.0,4.0,0.0,6.0,4.21,5.4
2007-04-22,15.6,20.3,10.8,12.3,18.3,32,0.0,0.0,0.0,0.0,3.85,10.6
2007-04-23,15.4,21.2,10.6,12.8,18.3,44,0.0,0.0,0.0,0.0,3.62,7.2
2007-04-24,16.6,25.0,7.9,13.5,20.9,42,0.0,0.0,0.0,0.0,4.33,9.5
2007-04-25,18.7,26.7,9.4,14.8,22.3,25,0.0,0.0,0.0,0.0,5.02,10.3
2007-04-26,17.1,24.0,8.9,13.9,21.3,30,0.0,0.0,0.0,0.0,3.77,9.5
2007-04-27,16.8,24.0,7.2,13.8,22.8,28,0.0,0.0,0.0,0.0,2.82,6.7
2007-04-28,20.9,28.9,11.4,18.2,26.0,31,0.0,0.0,0.0,0.0,5.46,11.2
2007-04-29,23.8,32.4,15.0,21.8,31.0,33,0.0,0.0,0.0,0.0,4.48,9.9
2007-04-30,21.1,27.9,14.5,19.6,24.8,50,2.8,2.8,0.0,6.0,5.2,11.4
2007-05-01,20.3,28.0,13.1,18.3,25.4,44,0.0,0.0,0.0,0.0,3.56,8.0
2007-05-02,22.1,30.2,13.7,19.8,28.9,29,0.0,0.0,0.0,0.0,2.9,6.7
2007-05-03,24.7,32.0,16.5,21.7,28.9,24,0.0,0.0,0.0,0.0,3.61,9.2
2007-05-04,24.1,33.8,13.8,21.1,31.9,22,0.0,0.0,0.0,0.0,5.09,13.1
2007-05-05,23.4,29.1,17.9,19.8,26.0,21,0.0,0.0,0.0,0.0,6.31,14.1
2007-05-06,24.7,33.4,14.5,21.5,31.4,24,0.0,0.0,0.0,0.0,4.47,8.9
2007-05-07,26.4,33.4,18.5,22.7,30.8,19,0.0,0.0,0.0,0.0,5.41,11.7
2007-05-08,20.9,24.8,15.3,16.7,20.5,18,0.5,0.5,0.0,2.0,5.19,12.5
2007-05-09,20.3,26.3,12.4,17.7,25.2,32,0.0,0.0,0.0,0.0,3.21,9.2
2007-05-10,22.1,28.4,13.0,19.4,25.3,34,0.0,0.0,0.0,0.0,5.72,12.0
2007-05-11,21.6,27.8,16.4,20.8,27.1,54,3.7,3.7,0.0,7.0,5.52,14.5
2007-05-12,22.5,27.8,17.4,17.7,21.6,19,0.0,0.0,0.0,0.0,8.7,18.7
2007-05-13,24.1,33.3,13.9,21.0,29.3,23,0.0,0.0,0.0,0.0,4.62,10.1
2007-05-14,24.9,33.2,14.9,22.2,32.0,25,0.0,0.0,0.0,0.0,5.19,11.0
2007-05-15,22.6,27.9,16.9,20.9,27.3,38,0.8,0.8,0.0,3.0,5.58,10.2
2007-05-16,23.8,30.0,17.7,20.7,26.0,35,0.1,0.1,0.0,1.0,7.16,15.4
2007-05-17,21.9,25.3,18.1,17.2,19.4,29,0.5,0.5,0.0,2.0,9.66,21.3
2007-05-18,21.8,26.8,15.7,17.8,23.2,21,0.0,0.0,0.0,0.0,5.29,14.0
2007-05-19,22.7,30.5,12.4,19.6,28.5,23,0.0,0.0,0.0,0.0,3.26,9.1
2007-05-20,22.3,29.0,17.0,20.2,26.3,38,0.4,0.4,0.0,2.0,7.16,13.9
2007-05-21,23.6,31.1,13.9,22.5,29.7,41,0.0,0.0,0.0,0.0,3.2,6.9
2007-05-22,19.4,22.5,17.2,20.3,23.7,81,36.4,36.4,0.0,15.0,3.75,7.0
2007-05-23,20.6,22.7,18.8,22.1,24.4,81,2.6,2.6,0.0,6.0,3.61,7.6
2007-05-24,23.3,29.6,18.0,23.1,27.8,52,0.0,0.0,0.0,0.0,4.37,9.0
2007-05-25,23.9,31.1,17.6,20.8,28.7,29,0.0,0.0,0.0,0.0,7.0,13.4
2007-05-26,25.9,36.2,15.8,25.5,36.3,42,0.0,0.0,0.0,0.0,5.29,10.8
2007-05-27,25.6,32.3,19.3,24.1,31.6,33,0.0,0.0,0.0,0.0,4.06,8.5
2007-05-28,24.2,32.1,15.6,23.0,30.3,45,0.0,0.0,0.0,0.0,4.7,10.0
2007-05-29,24.9,32.9,15.9,23.5,32.4,36,0.0,0.0,0.0,0.0,4.09,8.5
2007-05-30,25.7,31.9,18.6,25.9,32.5,48,0.0,0.0,0.0,0.0,3.42,8.7
2007-05-31,20.7,23.1,17.9,21.5,26.3,83,4.8,4.8,0.0,8.0,6.04,11.3
2007-06-01,21.3,24.7,18.0,21.5,25.0,70,0.1,0.1,0.0,1.0,4.0,8.8
2007-06-02,24.2,29.2,19.2,25.4,29.5,65,0.0,0.0,0.0,0.0,4.12,9.3
2007-06-03,24.8,29.7,19.3,26.9,31.8,68,0.0,0.0,0.0,0.0,3.79,10.2
2007-06-04,26.3,32.9,19.3,24.7,31.7,30,0.0,0.0,0.0,0.0,4.08,9.5
2007-06-05,27.9,37.3,16.9,27.4,36.5,36,0.0,0.0,0.0,0.0,3.24,6.9
2007-06-06,30.2,38.7,20.4,31.3,39.7,42,0.0,0.0,0.0,0.0,2.62,7.6
2007-06-07,30.1,37.4,22.3,31.4,39.3,45,0.1,0.1,0.0,1.0,3.54,7.1
2007-06-08,30.9,39.8,22.1,32.8,41.4,47,0.0,0.0,0.0,0.0,4.02,9.2
2007-06-09,30.3,37.1,21.9,30.3,36.6,36,0.0,0.0,0.0,0.0,3.3,9.3
2007-06-10,30.5,38.7,21.4,30.1,38.5,32,0.0,0.0,0.0,0.0,4.33,9.5
2007-06-11,30.8,37.5,23.0,30.6,37.1,36,0.0,0.0,0.0,0.0,5.54,12.1
2007-06-12,28.0,35.7,22.6,29.3,37.6,49,2.1,2.1,0.0,3.0,3.31,8.8
2007-06-13,24.6,27.6,21.9,25.4,27.5,63,2.9,2.9,0.0,7.0,4.71,11.0
2007-06-14,26.5,32.9,19.6,26.3,33.1,41,0.0,0.0,0.0,0.0,3.01,5.9
2007-06-15,27.3,34.3,18.6,26.2,33.7,33,0.0,0.0,0.0,0.0,3.89,8.5
2007-06-16,28.0,34.4,20.4,28.2,35.3,44,0.0,0.0,0.0,0.0,4.89,10.3
2007-06-17,28.8,35.2,21.6,29.3,35.8,43,0.0,0.0,0.0,0.0,4.11,9.4
2007-06-18,28.0,32.2,23.3,27.7,32.4,38,0.0,0.0,0.0,0.0,2.56,6.3
2007-06-19,25.4,28.6,21.0,26.2,29.3,50,0.0,0.0,0.0,0.0,1.9,5.5
2007-06-20,26.2,32.0,21.7,27.7,32.8,56,0.0,0.0,0.0,0.0,2.96,6.9
2007-06-21,29.1,35.3,22.4,30.1,36.8,47,0.0,0.0,0.0,0.0,4.39,8.4
2007-06-22,29.5,35.4,22.8,30.2,36.1,43,0.0,0.0,0.0,0.0,4.16,9.7
2007-06-23,29.1,34.8,23.8,30.2,35.8,44,0.0,0.0,0.0,0.0,2.8,7.4
2007-06-24,29.2,36.4,22.0,31.9,39.5,56,0.4,0.4,0.0,2.0,3.13,7.4
2007-06-25,31.0,37.7,23.6,32.6,39.0,45,0.0,0.0,0.0,0.0,5.0,11.3
2007-06-26,31.6,38.4,23.6,33.8,41.6,47,1.1,1.1,0.0,4.0,4.43,9.8
2007-06-27,26.4,30.2,22.2,30.1,33.7,77,41.4,41.4,0.0,13.0,3.96,9.2
2007-06-28,26.4,31.6,21.7,30.2,36.0,75,0.0,0.0,0.0,0.0,2.69,6.5
2007-06-29,25.0,27.1,22.7,29.1,30.7,83,4.7,4.7,0.0,12.0,2.56,6.1
2007-06-30,23.1,25.1,21.4,26.9,29.1,90,11.7,11.7,0.0,20.0,2.69,7.4
2007-07-01,26.3,31.3,21.4,29.2,34.7,71,1.2,1.2,0.0,5.0,4.2,13.0
2007-07-02,27.9,33.5,21.0,31.8,38.3,72,0.0,0.0,0.0,0.0,4.61,9.6
2007-07-03,27.1,31.7,20.6,31.0,36.3,73,7.2,7.2,0.0,2.0,3.66,10.1
2007-07-04,26.0,31.7,20.6,29.6,34.9,74,1.4,1.4,0.0,1.0,1.93,7.5
2007-07-05,28.9,34.4,22.6,33.7,40.3,70,0.3,0.3,0.0,1.0,3.1,7.0
2007-07-06,29.8,34.3,25.0,33.4,37.7,62,0.0,0.0,0.0,0.0,4.18,9.0
2007-07-07,29.1,34.3,24.7,33.1,38.4,64,4.7,4.7,0.0,3.0,3.37,9.2
2007-07-08,27.3,32.3,22.8,31.5,36.9,75,3.0,3.0,0.0,1.0,2.8,7.1
2007-07-09,26.0,30.2,22.4,30.0,33.8,78,6.2,6.2,0.0,6.0,3.89,12.3
2007-07-10,27.8,33.9,21.2,30.8,36.8,63,0.0,0.0,0.0,0.0,3.27,9.5
2007-07-11,26.8,32.2,20.5,29.2,34.7,62,0.0,0.0,0.0,0.0,2.69,7.5
2007-07-12,26.8,31.1,21.6,29.7,34.1,70,0.3,0.3,0.0,2.0,3.39,8.1
2007-07-13,26.5,30.8,23.4,29.6,33.6,69,0.6,0.6,0.0,2.0,3.04,8.3
2007-07-14,26.6,31.7,22.6,30.0,34.9,71,0.0,0.0,0.0,0.0,2.2,7.5
2007-07-15,26.4,30.0,23.0,29.0,32.1,66,0.0,0.0,0.0,0.0,3.1,7.7
2007-07-16,28.6,33.9,22.7,32.0,36.9,64,0.0,0.0,0.0,0.0,2.31,7.4
2007-07-17,30.8,36.1,24.5,35.4,41.1,65,0.0,0.0,0.0,0.0,4.0,9.7
2007-07-18,27.4,29.5,24.1,31.7,34.2,78,17.5,17.5,0.0,8.0,4.27,9.4
2007-07-19,28.2,33.7,22.8,29.9,35.4,55,0.0,0.0,0.0,0.0,3.76,7.8
2007-07-20,25.5,29.8,21.3,27.7,32.7,63,0.0,0.0,0.0,0.0,2.61,6.6
2007-07-21,27.8,33.3,22.2,30.6,36.7,61,0.0,0.0,0.0,0.0,2.9,7.3
2007-07-22,27.2,32.0,23.0,29.7,34.5,61,0.0,0.0,0.0,0.0,2.06,6.1
2007-07-23,28.1,33.7,22.3,30.6,37.0,57,0.0,0.0,0.0,0.0,2.69,6.4
2007-07-24,27.5,33.4,20.7,29.6,35.9,56,0.0,0.0,0.0,0.0,1.9,6.0
2007-07-25,29.4,35.6,21.6,31.6,37.5,52,0.0,0.0,0.0,0.0,2.93,7.5
2007-07-26,29.3,34.5,23.0,32.5,38.1,60,0.0,0.0,0.0,0.0,2.83,6.3
2007-07-27,30.1,36.1,24.6,33.9,39.8,61,0.3,0.3,0.0,1.0,3.96,9.3
2007-07-28,26.2,28.6,23.1,30.7,32.9,81,12.8,12.8,0.0,15.0,2.19,7.0
2007-07-29,28.0,32.2,23.8,33.1,37.4,77,1.7,1.7,0.0,5.0,2.2,5.6
2007-07-30,27.9,32.6,24.2,33.3,37.8,80,17.7,17.7,0.0,11.0,2.38,9.2
2007-07-31,26.7,30.9,22.9,31.3,35.7,83,17.9,17.9,0.0,6.0,4.65,11.2
2007-08-01,27.6,32.2,23.9,32.5,38.2,77,6.2,6.2,0.0,5.0,2.7,6.3
2007-08-02,26.4,30.4,23.3,29.9,33.3,71,7.4,7.4,0.0,5.0,1.89,5.1
2007-08-03,26.5,31.3,21.1,29.6,34.2,68,0.0,0.0,0.0,0.0,2.75,5.8
2007-08-04,26.2,29.1,22.5,29.6,32.5,71,0.1,0.1,0.0,1.0,3.73,8.8
2007-08-05,25.5,28.4,22.9,29.5,32.3,80,3.9,3.9,0.0,9.0,2.64,7.3
2007-08-06,25.2,27.7,23.1,29.3,31.4,83,11.9,11.9,0.0,8.0,3.47,8.2
2007-08-07,24.0,25.9,22.0,28.3,31.2,89,4.2,4.2,0.0,9.0,2.96,5.3
2007-08-08,27.2,33.7,21.8,32.7,39.8,83,0.0,0.0,0.0,0.0,3.32,7.2
2007-08-09,29.8,37.1,23.7,34.2,39.9,68,0.0,0.0,0.0,0.0,2.69,5.0
2007-08-10,26.6,31.6,22.7,29.6,33.7,67,0.0,0.0,0.0,0.0,2.93,5.3
2007-08-11,27.1,33.5,21.2,30.5,37.0,66,0.0,0.0,0.0,0.0,1.9,5.4
2007-08-12,26.9,31.8,22.3,29.5,35.2,60,0.0,0.0,0.0,0.0,2.02,7.8
2007-08-13,27.1,32.0,22.4,30.4,36.0,67,0.1,0.1,0.0,1.0,2.58,6.7
2007-08-14,28.2,34.7,22.0,30.9,37.2,59,0.0,0.0,0.0,0.0,2.42,4.8
2007-08-15,28.3,34.3,21.7,31.4,38.5,61,0.0,0.0,0.0,0.0,2.33,4.7
2007-08-16,26.8,30.5,23.8,30.4,34.1,72,0.9,0.9,0.0,3.0,3.33,7.3
2007-08-17,27.6,33.2,21.3,31.2,37.7,66,0.0,0.0,0.0,0.0,2.1,5.2
2007-08-18,28.7,34.6,22.4,32.2,38.6,62,0.0,0.0,0.0,0.0,2.41,6.3
2007-08-19,29.3,34.5,23.4,32.8,38.4,62,0.0,0.0,0.0,0.0,3.21,8.0
2007-08-20,30.3,36.1,24.4,34.2,41.0,60,0.0,0.0,0.0,0.0,2.92,8.3
2007-08-21,31.8,38.2,26.7,34.3,39.3,50,0.0,0.0,0.0,0.0,4.19,10.4
2007-08-22,29.9,35.2,22.9,31.0,36.5,43,0.0,0.0,0.0,0.0,2.83,8.0
2007-08-23,29.1,34.6,23.1,29.5,35.2,44,0.0,0.0,0.0,0.0,4.98,11.9
2007-08-24,30.6,37.7,24.4,31.3,37.1,38,0.0,0.0,0.0,0.0,3.05,7.5
2007-08-25,29.8,36.1,24.0,29.7,35.8,36,0.0,0.0,0.0,0.0,3.09,7.5
2007-08-26,21.6,27.2,19.1,23.4,31.1,83,22.9,22.9,0.0,15.0,5.61,11.1
2007-08-27,23.4,29.7,19.6,26.1,31.4,79,0.0,0.0,0.0,0.0,2.75,6.2
2007-08-28,24.3,30.4,18.7,26.8,32.7,74,0.0,0.0,0.0,0.0,2.42,3.7
2007-08-29,24.4,31.2,17.8,25.7,32.3,64,0.0,0.0,0.0,0.0,3.33,7.1
2007-08-30,25.7,32.3,19.6,27.5,34.4,60,0.0,0.0,0.0,0.0,1.84,5.1
2007-08-31,26.3,32.8,19.4,28.2,34.8,60,0.0,0.0,0.0,0.0,3.11,6.8
2007-09-01,26.2,33.2,20.1,28.2,34.2,61,0.0,0.0,0.0,0.0,2.92,7.1
2007-09-02,25.5,31.9,21.3,27.1,34.3,60,1.0,1.0,0.0,3.0,2.51,7.1
2007-09-03,24.3,30.5,19.3,25.1,30.2,58,0.3,0.3,0.0,1.0,2.62,6.4
2007-09-04,24.6,32.5,18.0,25.4,33.6,55,0.0,0.0,0.0,0.0,2.31,5.7
2007-09-05,25.4,33.1,17.4,26.1,34.1,53,0.0,0.0,0.0,0.0,2.36,5.9
2007-09-06,25.5,33.3,18.0,25.3,33.5,45,0.0,0.0,0.0,0.0,2.19,6.0
2007-09-07,26.0,34.0,19.2,25.8,34.2,42,0.0,0.0,0.0,0.0,2.39,5.0
2007-09-08,26.0,33.9,18.0,25.8,34.0,43,0.0,0.0,0.0,0.0,2.58,5.2
2007-09-09,26.6,35.5,18.8,26.8,35.9,44,0.0,0.0,0.0,0.0,2.97,6.4
2007-09-10,26.4,35.5,19.1,27.5,36.3,52,0.0,0.0,0.0,0.0,2.71,6.7
2007-09-11,26.1,32.7,20.4,26.8,32.2,55,0.0,0.0,0.0,0.0,4.79,9.9
2007-09-12,25.7,32.2,20.0,26.6,32.5,52,0.0,0.0,0.0,0.0,3.22,7.7
2007-09-13,22.7,26.4,18.7,24.6,28.1,71,7.6,7.6,0.0,10.0,1.8,11.2
2007-09-14,19.9,23.1,18.4,21.7,23.8,85,5.3,5.3,0.0,13.0,2.78,8.5
2007-09-15,21.0,26.1,17.7,22.8,27.7,77,0.0,0.0,0.0,0.0,1.91,5.8
2007-09-16,22.5,29.0,17.0,24.7,30.6,76,0.0,0.0,0.0,0.0,2.24,5.2
2007-09-17,22.0,27.4,18.5,24.6,29.9,83,17.5,17.5,0.0,8.0,2.38,8.5
2007-09-18,19.5,21.1,18.4,20.7,22.7,84,15.1,15.1,0.0,15.0,3.56,6.9
2007-09-19,21.4,26.0,16.3,21.2,27.1,58,0.0,0.0,0.0,0.0,3.2,8.0
2007-09-20,20.9,27.9,16.3,22.1,29.9,72,0.0,0.0,0.0,0.0,2.61,5.3
2007-09-21,22.2,30.3,15.2,23.6,32.7,69,0.0,0.0,0.0,0.0,2.52,4.6
2007-09-22,22.2,30.0,15.2,23.3,31.8,66,0.0,0.0,0.0,0.0,1.93,4.2
2007-09-23,21.5,28.9,13.7,22.2,29.9,65,0.0,0.0,0.0,0.0,2.21,5.0
2007-09-24,21.7,29.2,15.0,22.8,30.9,68,0.0,0.0,0.0,0.0,2.58,4.2
2007-09-25,21.1,25.0,18.0,21.6,24.4,66,0.1,0.1,0.0,1.0,2.43,5.4
2007-09-26,20.0,25.6,15.1,19.8,26.7,66,0.0,0.0,0.0,0.0,6.53,13.3
2007-09-27,19.6,25.5,15.6,18.6,23.7,54,0.0,0.0,0.0,0.0,4.6,10.3
2007-09-28,18.9,24.6,14.5,17.0,22.6,45,0.0,0.0,0.0,0.0,3.47,8.9
2007-09-29,16.8,22.1,12.8,15.6,20.1,64,0.0,0.0,0.0,0.0,5.05,10.9
2007-09-30,16.0,22.3,11.1,16.1,22.4,75,0.0,0.0,0.0,0.0,1.9,5.2
2007-10-01,16.8,20.8,14.5,16.9,20.6,75,4.0,4.0,0.0,8.0,1.75,5.1
2007-10-02,18.1,24.6,11.8,18.0,25.0,70,0.0,0.0,0.0,0.0,2.33,5.5
2007-10-03,20.0,26.4,15.6,20.7,27.0,71,0.0,0.0,0.0,0.0,2.62,6.5
2007-10-04,18.4,25.6,13.4,19.0,25.2,75,7.7,7.7,0.0,7.0,2.35,6.4
2007-10-05,16.2,17.5,14.7,16.8,18.7,87,7.9,7.9,0.0,10.0,2.44,4.8
2007-10-06,16.8,19.7,14.4,17.8,21.1,90,21.7,21.7,0.0,11.0,2.36,4.6
2007-10-07,15.2,17.5,11.7,11.3,14.6,43,0.0,0.0,0.0,0.0,6.09,12.0
2007-10-08,13.4,19.0,7.9,9.9,16.3,43,0.0,0.0,0.0,0.0,4.29,8.8
2007-10-09,12.6,18.8,8.2,9.9,16.3,52,0.0,0.0,0.0,0.0,2.79,6.5
2007-10-10,12.8,18.2,9.3,11.4,16.5,70,0.0,0.0,0.0,0.0,2.41,5.8
2007-10-11,12.8,18.3,8.6,12.3,18.1,85,0.0,0.0,0.0,0.0,2.02,4.0
2007-10-12,13.3,20.6,7.6,11.5,19.3,68,0.0,0.0,0.0,0.0,2.62,4.8
2007-10-13,12.4,17.1,8.4,10.9,16.1,73,3.2,3.2,0.0,5.0,4.72,8.9
2007-10-14,12.8,20.9,6.9,9.9,18.6,53,0.0,0.0,0.0,0.0,3.8,8.2
2007-10-15,13.2,22.1,6.4,10.6,19.2,56,0.0,0.0,0.0,0.0,2.82,5.7
2007-10-16,13.0,21.5,5.2,10.6,18.8,59,0.0,0.0,0.0,0.0,2.52,6.1
2007-10-17,13.2,20.4,6.9,12.0,18.9,76,0.0,0.0,0.0,0.0,2.83,6.4
2007-10-18,12.6,16.4,4.9,8.4,11.8,35,0.0,0.0,0.0,0.0,4.51,9.6
2007-10-19,9.0,17.5,1.6,4.9,12.1,43,0.0,0.0,0.0,0.0,5.67,11.6
2007-10-20,10.0,18.3,2.9,6.6,14.3,44,0.0,0.0,0.0,0.0,3.83,8.7
2007-10-21,11.7,21.2,4.5,9.6,18.5,60,0.0,0.0,0.0,0.0,2.73,5.8
2007-10-22,12.7,19.9,7.6,10.0,16.9,54,0.0,0.0,0.0,0.0,2.8,6.1
2007-10-23,11.9,18.3,4.6,9.9,16.0,67,0.0,0.0,0.0,0.0,3.11,6.9
2007-10-24,12.7,17.6,9.4,12.0,17.4,81,0.0,0.0,0.0,0.0,2.37,5.0
2007-10-25,12.2,19.3,7.1,11.3,18.4,84,0.0,0.0,0.0,0.0,2.8,6.3
2007-10-26,12.7,19.4,7.4,11.6,17.4,80,0.0,0.0,0.0,0.0,3.13,7.1
2007-10-27,12.7,17.3,8.1,11.8,16.4,83,14.6,14.6,0.0,15.0,3.05,7.9
2007-10-28,7.3,10.9,3.0,3.6,6.1,60,5.9,5.9,0.0,7.0,5.06,10.5
2007-10-29,6.0,12.6,0.3,2.8,8.5,64,0.0,0.0,0.0,0.0,4.08,9.6
2007-10-30,6.3,12.8,1.6,3.8,10.3,79,0.0,0.0,0.0,0.0,2.42,5.7
2007-10-31,7.4,12.2,2.5,2.5,6.4,33,0.0,0.0,0.0,0.0,5.78,12.1
2007-11-01,5.6,11.7,1.0,0.7,6.9,33,0.0,0.0,0.0,0.0,5.29,11.3
2007-11-02,7.3,16.2,-0.4,3.6,12.1,49,0.0,0.0,0.0,0.0,3.35,7.0
2007-11-03,7.8,14.8,3.6,4.1,11.8,49,0.0,0.0,0.0,0.0,3.04,6.7
2007-11-04,7.0,14.4,1.0,4.4,11.2,71,0.0,0.0,0.0,0.0,2.62,6.3
2007-11-05,8.5,15.1,2.8,6.2,12.8,71,0.0,0.0,0.0,0.0,1.92,5.0
2007-11-06,8.0,13.7,2.9,5.8,11.8,76,0.0,0.0,0.0,0.0,1.91,4.3
2007-11-07,8.5,14.1,3.0,6.6,12.6,80,0.2,0.2,0.0,1.0,1.91,6.2
2007-11-08,9.0,15.3,4.5,6.2,12.4,65,0.0,0.0,0.0,0.0,3.16,8.0
2007-11-09,6.5,13.9,1.3,3.1,10.6,58,0.0,0.0,0.0,0.0,2.33,6.7
2007-11-10,4.9,12.9,-0.3,1.6,10.2,62,0.0,0.0,0.0,0.0,2.73,4.3
2007-11-11,5.2,12.8,-1.0,2.4,9.8,65,0.0,0.0,0.0,0.0,2.21,5.5
2007-11-12,5.3,10.3,1.1,2.9,7.6,77,0.1,0.1,0.0,1.0,2.01,5.1
2007-11-13,7.1,9.6,4.6,3.7,6.0,53,0.0,0.0,0.0,0.0,2.96,6.4
2007-11-14,4.3,7.4,-0.3,1.1,4.4,75,2.5,2.5,0.0,9.0,3.85,9.2
2007-11-15,-1.1,2.5,-4.2,-5.2,-1.2,57,0.0,0.0,0.0,0.0,2.61,4.7
2007-11-16,-1.2,5.6,-5.7,-4.7,1.7,66,0.0,0.0,0.0,0.0,2.94,6.1
2007-11-17,1.0,9.8,-4.5,-3.5,4.1,51,0.0,0.0,0.0,0.0,5.14,10.3
2007-11-18,0.5,6.1,-4.4,-4.0,1.1,40,0.0,0.0,0.0,0.0,3.5,7.4
2007-11-19,2.4,9.2,-1.9,-2.2,2.7,42,0.0,0.0,0.0,0.0,7.57,15.2
2007-11-20,2.7,11.2,-2.5,-0.9,7.7,49,0.0,0.0,0.0,0.0,2.56,4.6
2007-11-21,2.4,10.2,-2.9,-1.1,6.4,65,0.0,0.0,0.0,0.0,2.75,6.1
2007-11-22,2.8,7.0,-1.4,-0.2,4.7,78,0.0,0.0,0.0,0.0,2.14,4.7
2007-11-23,3.6,11.6,-1.8,0.0,7.9,63,0.0,0.0,0.0,0.0,3.01,7.6
2007-11-24,1.0,8.2,-4.5,-2.5,4.4,75,0.0,0.0,0.0,0.0,2.93,6.9
2007-11-25,2.6,10.6,-2.7,-1.7,4.9,56,0.0,0.0,0.0,0.0,6.33,13.7
2007-11-26,1.1,8.7,-4.0,-3.5,4.2,38,0.0,0.0,0.0,0.0,2.94,6.4
2007-11-27,1.3,10.5,-4.5,-2.8,6.8,49,0.0,0.0,0.0,0.0,2.83,4.5
2007-11-28,0.8,8.1,-3.9,-3.0,4.4,59,0.0,0.0,0.0,0.0,2.5,4.2
2007-11-29,1.0,7.3,-3.7,-3.6,3.6,42,0.0,0.0,0.0,0.0,2.94,7.3
2007-11-30,-0.8,5.9,-5.7,-4.4,1.8,58,0.0,0.0,0.0,0.0,2.4,5.5
2007-12-01,-0.8,6.1,-5.6,-4.5,2.8,61,0.0,0.0,0.0,0.0,2.02,3.7
2007-12-02,1.1,8.7,-4.9,-3.1,4.1,49,0.0,0.0,0.0,0.0,3.31,6.3
2007-12-03,0.4,6.0,-2.8,-4.2,1.1,46,0.0,0.0,0.0,0.0,4.02,8.2
2007-12-04,-1.3,5.7,-5.2,-5.2,2.0,50,0.0,0.0,0.0,0.0,2.84,3.9
2007-12-05,-1.3,4.3,-6.3,-5.0,0.2,62,0.0,0.0,0.0,0.0,2.22,5.8
2007-12-06,0.5,5.8,-3.2,-4.4,-0.2,47,0.0,0.0,0.0,0.0,6.66,13.0
2007-12-07,-0.5,6.1,-4.6,-4.7,2.4,49,0.0,0.0,0.0,0.0,2.79,4.2
2007-12-08,-0.7,5.3,-5.4,-4.7,1.5,54,0.0,0.0,0.0,0.0,2.01,4.1
2007-12-09,-1.4,3.8,-5.1,-5.2,0.3,64,0.0,0.0,0.0,0.0,2.06,4.2
2007-12-10,-0.8,0.2,-2.2,-3.7,-2.1,90,2.2,0.1,1.54,8.0,1.58,2.9
2007-12-11,-0.9,4.0,-5.2,-5.3,-0.3,58,0.0,0.0,0.0,0.0,4.27,9.4
2007-12-12,-3.3,2.2,-7.3,-7.6,-1.7,55,0.0,0.0,0.0,0.0,2.69,5.7
2007-12-13,-1.7,5.3,-5.9,-6.3,0.9,43,0.0,0.0,0.0,0.0,3.31,6.6
2007-12-14,-0.6,6.8,-6.6,-5.1,2.3,43,0.0,0.0,0.0,0.0,3.75,8.3
2007-12-15,-1.2,5.1,-5.6,-5.5,1.3,47,0.0,0.0,0.0,0.0,2.82,4.8
2007-12-16,-0.2,7.4,-5.7,-3.9,3.3,54,0.0,0.0,0.0,0.0,1.8,6.3
2007-12-17,-1.2,3.8,-4.5,-5.1,-0.1,59,0.0,0.0,0.0,0.0,2.24,4.6
2007-12-18,-1.4,5.0,-6.3,-5.8,0.4,48,0.0,0.0,0.0,0.0,3.51,7.7
2007-12-19,-0.9,6.9,-5.3,-4.7,3.6,63,0.0,0.0,0.0,0.0,2.92,4.2
2007-12-20,-1.5,5.9,-7.0,-5.4,1.6,62,0.0,0.0,0.0,0.0,2.12,5.7
2007-12-21,-2.2,1.9,-5.6,-5.6,-1.3,77,0.0,0.0,0.0,0.0,2.33,4.1
2007-12-22,-1.1,3.0,-4.1,-4.4,-0.3,79,0.0,0.0,0.0,0.0,2.47,4.5
2007-12-23,-0.3,6.7,-3.6,-4.4,3.3,53,0.0,0.0,0.0,0.0,2.53,5.4
2007-12-24,-1.6,2.7,-4.9,-5.3,-1.1,68,0.0,0.0,0.0,0.0,1.77,4.2
2007-12-25,-0.6,4.5,-4.4,-4.0,1.2,69,0.0,0.0,0.0,0.0,1.71,4.1
2007-12-26,-2.3,2.0,-5.8,-5.9,-1.3,78,0.0,0.0,0.0,0.0,1.97,4.3
2007-12-27,-0.7,1.5,-3.4,-3.7,-1.5,84,0.1,0.0,0.14,1.0,1.51,3.1
2007-12-28,-0.2,1.9,-2.0,-4.7,-2.3,54,1.0,0.0,0.84,6.0,6.9,14.8
2007-12-29,-2.2,-0.5,-3.5,-8.6,-7.3,26,0.0,0.0,0.0,0.0,7.0,14.3
2007-12-30,-1.6,2.7,-5.0,-7.7,-3.0,23,0.0,0.0,0.0,0.0,5.81,12.2
2007-12-31,-1.5,1.6,-3.7,-7.9,-5.6,24,0.0,0.0,0.0,0.0,7.66,14.0
2008-01-01,-1.8,3.3,-4.7,-7.2,-2.1,31,0.0,0.0,0.0,0.0,4.74,9.3
2008-01-02,-1.3,5.7,-6.0,-5.8,1.4,42,0.0,0.0,0.0,0.0,2.33,5.3
2008-01-03,-0.4,6.3,-4.4,-5.0,1.9,33,0.0,0.0,0.0,0.0,3.19,7.0
2008-01-04,-2.6,3.6,-6.3,-6.6,-0.5,52,0.0,0.0,0.0,0.0,3.01,4.4
2008-01-05,-2.6,4.2,-7.2,-6.5,0.2,55,0.0,0.0,0.0,0.0,2.82,4.3
2008-01-06,-0.4,7.0,-5.7,-4.9,2.3,42,0.0,0.0,0.0,0.0,2.75,6.0
2008-01-07,-0.9,7.2,-6.1,-4.9,3.0,64,0.0,0.0,0.0,0.0,2.57,6.1
2008-01-08,-0.4,6.2,-4.6,-4.7,1.5,46,0.0,0.0,0.0,0.0,2.96,5.7
2008-01-09,-2.2,1.8,-6.3,-6.7,-2.4,39,0.0,0.0,0.0,0.0,2.69,5.6
2008-01-10,-5.5,-3.0,-8.9,-9.4,-6.6,67,0.0,0.0,0.0,0.0,2.02,4.2
2008-01-11,-1.9,3.9,-6.6,-6.5,-1.1,47,0.0,0.0,0.0,0.0,4.48,8.9
2008-01-12,-3.3,-0.7,-5.7,-8.6,-5.8,25,0.0,0.0,0.0,0.0,4.31,8.9
2008-01-13,-5.4,-3.0,-7.7,-10.2,-7.7,26,0.0,0.0,0.0,0.0,2.37,5.2
2008-01-14,-7.1,-3.8,-10.4,-11.4,-8.4,60,0.0,0.0,0.0,0.0,2.12,6.6
2008-01-15,-6.8,-1.0,-10.8,-11.1,-4.7,58,0.0,0.0,0.0,0.0,2.37,5.9
2008-01-16,-6.9,-1.4,-11.3,-11.8,-5.9,37,0.0,0.0,0.0,0.0,2.72,7.0
2008-01-17,-6.8,-4.1,-9.5,-11.1,-8.4,53,0.0,0.0,0.0,0.0,2.62,6.9
2008-01-18,-7.3,-2.1,-11.9,-11.3,-6.1,72,0.0,0.0,0.0,0.0,2.2,6.3
2008-01-19,-6.7,-3.3,-11.5,-10.6,-6.7,74,0.0,0.0,0.0,0.0,1.84,3.5
2008-01-20,-4.4,0.0,-8.7,-8.3,-4.0,58,0.0,0.0,0.0,0.0,1.68,5.0
2008-01-21,-4.8,-2.5,-7.5,-9.0,-6.6,48,0.0,0.0,0.0,0.0,2.39,5.7
2008-01-22,-5.2,-1.9,-8.6,-10.1,-7.7,47,0.0,0.0,0.0,0.0,5.16,10.6
2008-01-23,-7.2,-3.2,-10.4,-13.3,-9.7,28,0.0,0.0,0.0,0.0,5.44,11.4
2008-01-24,-7.0,-0.8,-11.6,-12.3,-6.0,30,0.0,0.0,0.0,0.0,4.53,9.0
2008-01-25,-6.0,-1.5,-9.5,-10.6,-5.5,37,0.0,0.0,0.0,0.0,2.51,5.4
2008-01-26,-5.3,1.6,-10.3,-10.0,-2.2,45,0.0,0.0,0.0,0.0,3.01,5.4
2008-01-27,-4.7,1.3,-11.5,-8.9,-2.8,47,0.0,0.0,0.0,0.0,2.73,5.1
2008-01-28,-3.9,0.4,-7.5,-9.0,-4.8,35,0.0,0.0,0.0,0.0,4.33,8.7
2008-01-29,-5.1,-0.9,-8.5,-11.2,-7.8,27,0.0,0.0,0.0,0.0,6.08,12.3
2008-01-30,-5.4,1.1,-10.1,-10.6,-4.3,29,0.0,0.0,0.0,0.0,3.64,8.2
2008-01-31,-5.1,2.5,-11.5,-10.0,-2.2,37,0.0,0.0,0.0,0.0,2.97,6.8
2008-02-01,-4.2,3.2,-10.4,-9.0,-1.5,36,0.0,0.0,0.0,0.0,2.77,7.0
2008-02-02,-4.0,3.1,-10.5,-9.0,-2.2,33,0.0,0.0,0.0,0.0,3.4,7.7
2008-02-03,-4.1,1.9,-8.9,-8.8,-1.9,33,0.0,0.0,0.0,0.0,2.83,6.3
2008-02-04,-4.6,0.6,-10.7,-9.1,-3.7,40,0.0,0.0,0.0,0.0,2.32,5.9
2008-02-05,-3.5,1.4,-6.5,-8.6,-4.0,38,0.0,0.0,0.0,0.0,5.46,11.1
2008-02-06,-5.0,2.3,-11.2,-9.9,-2.2,36,0.0,0.0,0.0,0.0,3.18,7.5
2008-02-07,-4.7,2.0,-10.5,-9.5,-2.1,34,0.0,0.0,0.0,0.0,3.54,7.0
2008-02-08,-3.3,1.2,-6.8,-9.0,-4.3,26,0.0,0.0,0.0,0.0,5.05,10.7
2008-02-09,-3.8,3.0,-10.0,-8.6,-1.8,36,0.0,0.0,0.0,0.0,3.05,6.4
2008-02-10,-1.8,5.6,-8.7,-7.0,-0.2,28,0.0,0.0,0.0,0.0,4.08,9.0
2008-02-11,-3.4,-0.5,-7.3,-9.4,-7.5,15,0.0,0.0,0.0,0.0,6.56,13.6
2008-02-12,-4.5,2.1,-9.4,-9.9,-3.6,18,0.0,0.0,0.0,0.0,4.19,9.4
2008-02-13,-2.4,5.6,-9.3,-7.4,0.2,25,0.0,0.0,0.0,0.0,3.47,8.5
2008-02-14,-0.8,6.0,-5.3,-5.5,1.9,28,0.0,0.0,0.0,0.0,2.82,6.9
2008-02-15,-1.8,3.8,-6.5,-6.2,-0.1,42,0.0,0.0,0.0,0.0,3.04,6.6
2008-02-16,-0.2,6.8,-6.3,-4.9,2.3,34,0.0,0.0,0.0,0.0,3.4,8.1
2008-02-17,-0.7,5.0,-5.6,-5.0,1.1,40,0.0,0.0,0.0,0.0,2.28,5.9
2008-02-18,-1.2,4.4,-6.1,-4.9,0.7,62,0.0,0.0,0.0,0.0,2.71,6.6
2008-02-19,2.3,12.0,-4.1,-1.7,7.9,49,0.0,0.0,0.0,0.0,2.88,6.8
2008-02-20,2.6,11.8,-4.6,-1.5,7.2,47,0.0,0.0,0.0,0.0,3.75,8.2
2008-02-21,2.9,12.1,-4.5,-0.5,8.4,61,0.0,0.0,0.0,0.0,3.21,5.7
2008-02-22,4.7,9.1,-2.5,0.4,5.8,44,0.1,0.0,0.21,1.0,3.92,8.6
2008-02-23,-1.1,2.2,-5.0,-6.6,-1.8,25,0.0,0.0,0.0,0.0,5.58,10.2
2008-02-24,-2.4,1.3,-6.4,-7.0,-3.8,48,0.0,0.0,0.0,0.0,4.18,10.0
2008-02-25,-0.7,3.7,-5.0,-4.6,0.0,65,0.0,0.0,0.0,0.0,3.42,6.9
2008-02-26,2.9,10.5,-2.8,-2.1,5.3,33,0.0,0.0,0.0,0.0,4.81,10.4
2008-02-27,6.1,15.5,-1.7,1.6,11.0,35,0.0,0.0,0.0,0.0,3.29,7.4
2008-02-28,6.4,15.8,-3.4,1.5,10.1,32,0.0,0.0,0.0,0.0,5.15,10.8
2008-02-29,6.5,12.8,1.5,2.0,9.0,30,0.0,0.0,0.0,0.0,4.46,8.3
2008-03-01,6.1,11.6,1.1,2.3,7.7,41,0.0,0.0,0.0,0.0,3.24,7.8
2008-03-02,6.7,10.3,2.9,1.9,5.0,39,0.0,0.0,0.0,0.0,5.43,12.0
2008-03-03,6.4,12.8,1.3,1.5,7.5,30,0.0,0.0,0.0,0.0,4.17,9.9
2008-03-04,4.5,12.7,-2.8,0.6,9.8,39,0.0,0.0,0.0,0.0,2.97,5.9
2008-03-05,5.4,13.9,-2.2,1.6,10.5,43,0.0,0.0,0.0,0.0,3.91,10.4
2008-03-06,5.8,12.3,-0.3,1.7,9.4,36,0.0,0.0,0.0,0.0,3.13,7.4
2008-03-07,5.7,15.2,-2.4,2.1,11.9,45,0.0,0.0,0.0,0.0,3.3,7.1
2008-03-08,5.7,12.3,-0.4,2.3,9.1,48,0.0,0.0,0.0,0.0,2.4,5.9
2008-03-09,9.0,17.2,1.7,6.1,14.2,57,0.0,0.0,0.0,0.0,3.77,7.6
2008-03-10,11.3,21.7,2.3,8.5,19.1,52,0.0,0.0,0.0,0.0,4.23,6.8
2008-03-11,10.5,16.2,4.8,7.3,12.9,49,0.0,0.0,0.0,0.0,4.4,8.9
2008-03-12,6.3,9.4,2.7,3.6,6.8,71,0.0,0.0,0.0,0.0,3.41,7.3
2008-03-13,8.6,13.3,2.9,4.1,11.1,24,0.0,0.0,0.0,0.0,4.12,10.6
2008-03-14,7.8,14.2,0.4,3.6,9.3,39,0.0,0.0,0.0,0.0,5.42,12.5
2008-03-15,10.2,17.2,3.3,5.9,12.2,34,0.0,0.0,0.0,0.0,5.1,11.8
2008-03-16,8.3,16.7,-0.8,4.1,11.0,33,0.4,0.4,0.0,1.0,5.3,10.9
2008-03-17,10.1,17.0,3.4,6.7,13.8,39,0.0,0.0,0.0,0.0,2.92,6.8
2008-03-18,8.7,14.0,1.4,4.4,8.3,44,1.1,1.1,0.0,4.0,6.01,13.7
2008-03-19,6.3,13.0,-1.1,2.3,9.3,45,0.0,0.0,0.0,0.0,4.36,9.9
2008-03-20,8.3,13.8,2.0,4.2,9.5,27,0.0,0.0,0.0,0.0,3.22,8.9
2008-03-21,7.5,12.5,2.9,4.9,9.1,71,4.0,4.0,0.0,8.0,3.65,8.0
2008-03-22,8.6,14.5,3.5,6.8,13.0,81,0.6,0.6,0.0,1.0,2.41,7.3
2008-03-23,12.3,19.7,5.8,7.9,14.8,34,0.0,0.0,0.0,0.0,7.37,15.6
2008-03-24,8.7,13.1,4.5,2.8,6.4,22,0.0,0.0,0.0,0.0,8.01,16.1
2008-03-25,7.9,14.2,2.6,3.1,8.2,30,0.0,0.0,0.0,0.0,5.56,11.5
2008-03-26,8.6,16.6,0.5,4.1,11.8,30,0.0,0.0,0.0,0.0,4.75,10.6
2008-03-27,9.3,14.0,3.1,5.5,11.0,36,0.0,0.0,0.0,0.0,3.39,7.1
2008-03-28,5.5,6.8,3.8,2.2,3.5,70,3.8,3.8,0.0,11.0,3.52,7.2
2008-03-29,5.6,8.8,3.4,3.1,6.2,84,0.5,0.5,0.0,2.0,2.28,5.8
2008-03-30,9.1,16.2,1.2,5.6,12.3,52,0.0,0.0,0.0,0.0,4.21,10.0
2008-03-31,9.8,16.6,2.5,6.7,15.3,45,0.0,0.0,0.0,0.0,2.47,5.6
2008-04-01,11.5,16.2,7.7,8.4,13.4,49,0.5,0.5,0.0,3.0,4.98,10.9
2008-04-02,11.7,16.7,4.5,6.9,11.3,33,0.0,0.0,0.0,0.0,7.23,15.2
2008-04-03,11.2,20.3,1.7,7.5,16.3,38,0.0,0.0,0.0,0.0,4.28,10.7
2008-04-04,13.5,22.9,3.7,10.5,21.8,41,0.0,0.0,0.0,0.0,3.6,6.6
2008-04-05,15.4,23.0,6.9,12.9,20.1,47,0.0,0.0,0.0,0.0,3.75,8.5
2008-04-06,15.3,20.2,11.6,14.0,19.3,64,0.0,0.0,0.0,0.0,2.97,6.1
2008-04-07,15.1,22.7,9.0,14.4,20.8,72,0.0,0.0,0.0,0.0,2.81,7.3
2008-04-08,13.8,16.7,11.6,12.3,15.1,70,1.9,1.9,0.0,5.0,2.9,10.0
2008-04-09,16.2,21.3,11.0,15.6,21.9,70,1.4,1.4,0.0,3.0,2.73,6.1
2008-04-10,13.9,17.0,8.3,11.4,14.4,60,1.8,1.8,0.0,5.0,4.67,10.6
2008-04-11,13.0,17.8,8.4,11.2,15.4,63,2.9,2.9,0.0,4.0,2.33,6.7
2008-04-12,11.5,14.6,8.4,8.6,11.6,57,0.3,0.3,0.0,3.0,4.32,8.5
2008-04-13,15.2,24.6,5.9,13.3,22.8,56,0.0,0.0,0.0,0.0,3.58,7.7
2008-04-14,18.0,26.9,9.7,15.9,25.1,45,0.0,0.0,0.0,0.0,3.98,8.4
2008-04-15,18.8,26.1,12.1,18.1,25.5,58,0.0,0.0,0.0,0.0,3.3,7.8
2008-04-16,19.7,27.8,11.4,18.3,26.1,51,0.0,0.0,0.0,0.0,3.99,8.8
2008-04-17,20.8,30.2,11.5,19.0,27.5,45,0.0,0.0,0.0,0.0,4.44,9.5
2008-04-18,21.2,28.9,14.2,19.1,26.2,39,0.0,0.0,0.0,0.0,4.96,11.0
2008-04-19,20.4,25.0,16.5,18.5,22.3,44,0.0,0.0,0.0,0.0,4.05,9.0
2008-04-20,14.5,17.5,12.7,12.7,15.2,72,23.8,23.8,0.0,16.0,4.27,8.6
2008-04-21,13.6,15.9,11.8,12.9,15.3,82,11.5,11.5,0.0,14.0,2.82,6.5
2008-04-22,12.6,16.1,8.3,8.9,13.4,56,1.3,1.3,0.0,4.0,7.57,15.5
2008-04-23,13.5,20.6,6.7,9.5,17.1,35,0.0,0.0,0.0,0.0,5.28,11.5
2008-04-24,13.0,19.5,6.6,10.3,16.2,48,0.0,0.0,0.0,0.0,3.11,6.8
2008-04-25,15.1,19.5,9.8,10.6,14.5,39,0.1,0.1,0.0,1.0,7.73,19.8
2008-04-26,15.4,21.7,8.1,12.2,18.4,37,0.0,0.0,0.0,0.0,5.19,11.2
2008-04-27,15.5,20.6,7.9,12.2,18.8,34,0.0,0.0,0.0,0.0,4.34,9.2
2008-04-28,17.8,25.0,12.5,15.6,22.9,42,0.0,0.0,0.0,0.0,3.45,8.7
2008-04-29,20.9,30.4,11.9,20.6,29.0,55,0.0,0.0,0.0,0.0,3.63,8.4
2008-04-30,22.8,30.6,15.1,21.4,29.6,40,0.0,0.0,0.0,0.0,4.07,9.3
2008-05-01,21.3,29.0,13.3,20.8,29.1,53,0.0,0.0,0.0,0.0,4.16,8.8
2008-05-02,22.7,30.6,17.4,24.0,30.8,66,1.1,1.1,0.0,2.0,2.51,9.5
2008-05-03,17.7,22.0,13.3,17.2,23.6,75,27.5,27.5,0.0,10.0,7.38,14.7
2008-05-04,15.9,23.6,8.3,14.0,21.7,51,0.0,0.0,0.0,0.0,4.39,9.5
2008-05-05,18.1,26.5,7.8,16.2,24.6,50,0.0,0.0,0.0,0.0,4.96,11.7
2008-05-06,22.5,28.9,13.7,21.9,28.7,51,0.0,0.0,0.0,0.0,4.07,10.5
2008-05-07,20.2,23.7,14.8,18.6,21.8,44,0.0,0.0,0.0,0.0,2.81,5.8
2008-05-08,19.8,26.1,13.1,17.1,24.9,31,0.0,0.0,0.0,0.0,2.7,7.3
2008-05-09,15.3,19.2,12.3,13.2,16.3,55,4.4,4.4,0.0,9.0,3.05,11.0
2008-05-10,16.5,21.6,10.0,13.6,18.9,43,0.0,0.0,0.0,0.0,4.22,9.0
2008-05-11,11.4,14.8,9.5,9.6,12.1,75,9.6,9.6,0.0,15.0,4.67,9.9
2008-05-12,13.3,16.7,9.4,10.5,13.3,67,0.9,0.9,0.0,6.0,6.74,14.4
2008-05-13,16.4,22.8,9.0,15.4,22.7,60,0.0,0.0,0.0,0.0,2.8,5.1
2008-05-14,17.0,22.0,12.2,16.2,21.2,64,0.0,0.0,0.0,0.0,2.69,7.7
2008-05-15,18.9,26.7,10.8,18.5,26.6,61,0.0,0.0,0.0,0.0,3.48,7.8
2008-05-16,20.9,27.6,13.7,20.8,27.9,59,0.0,0.0,0.0,0.0,3.19,8.1
2008-05-17,17.9,19.4,15.1,17.5,18.7,70,1.4,1.4,0.0,6.0,3.91,7.3
2008-05-18,19.3,26.1,11.5,16.3,21.6,44,0.0,0.0,0.0,0.0,7.3,15.1
2008-05-19,22.0,29.3,13.1,19.4,28.2,31,0.0,0.0,0.0,0.0,6.32,12.5
2008-05-20,21.4,28.4,14.0,18.8,25.3,36,0.0,0.0,0.0,0.0,6.11,12.1
2008-05-21,23.8,32.5,12.9,20.6,28.9,23,0.0,0.0,0.0,0.0,4.43,9.7
2008-05-22,24.6,32.2,16.1,23.2,31.5,35,0.0,0.0,0.0,0.0,3.54,7.6
2008-05-23,27.3,35.0,19.6,27.3,35.8,42,0.0,0.0,0.0,0.0,4.44,9.8
2008-05-24,28.4,34.9,20.6,27.6,34.0,35,0.0,0.0,0.0,0.0,3.28,10.3
2008-05-25,28.0,35.7,19.3,28.4,35.7,44,0.0,0.0,0.0,0.0,3.54,7.4
2008-05-26,28.6,35.3,21.6,29.2,35.4,46,0.0,0.0,0.0,0.0,6.22,13.7
2008-05-27,27.1,30.8,21.8,23.0,29.7,17,0.1,0.1,0.0,1.0,6.26,15.5
2008-05-28,25.5,31.6,17.2,21.6,29.9,13,0.0,0.0,0.0,0.0,6.04,12.4
2008-05-29,21.5,25.7,17.8,15.9,20.8,15,0.0,0.0,0.0,0.0,8.75,18.1
2008-05-30,23.7,29.7,16.0,19.1,26.0,13,0.0,0.0,0.0,0.0,5.33,12.5
2008-05-31,23.0,30.9,15.5,20.1,28.4,23,0.0,0.0,0.0,0.0,2.91,7.6
2008-06-01,22.4,26.8,16.2,19.2,23.6,36,0.1,0.1,0.0,1.0,6.76,14.8
2008-06-02,21.0,27.9,14.9,20.5,28.1,50,1.0,1.0,0.0,2.0,3.5,9.4
2008-06-03,18.9,22.8,14.9,18.1,22.4,59,1.9,1.9,0.0,7.0,3.01,7.8
2008-06-04,21.3,27.6,14.5,21.4,28.6,56,0.2,0.2,0.0,1.0,4.02,8.8
2008-06-05,23.0,29.8,14.9,23.4,30.8,54,0.0,0.0,0.0,0.0,3.34,7.6
2008-06-06,23.7,29.3,18.7,23.5,29.5,56,0.0,0.0,0.0,0.0,5.22,13.1
2008-06-07,24.1,31.5,18.0,25.0,31.2,61,0.0,0.0,0.0,0.0,3.82,8.1
2008-06-08,27.0,34.6,20.1,27.8,35.2,50,0.0,0.0,0.0,0.0,3.71,8.3
2008-06-09,26.6,34.4,17.8,27.4,34.9,51,0.0,0.0,0.0,0.0,3.65,9.2
2008-06-10,27.3,34.6,20.1,27.7,34.6,46,0.1,0.1,0.0,1.0,3.94,9.1
2008-06-11,27.8,33.9,20.3,27.8,34.0,42,0.0,0.0,0.0,0.0,4.3,9.6
2008-06-12,28.0,33.8,21.5,26.9,33.1,32,0.1,0.1,0.0,1.0,2.8,8.6
2008-06-13,26.7,33.0,22.2,27.5,33.8,51,17.5,17.5,0.0,6.0,4.77,11.1
2008-06-14,21.0,22.6,19.5,23.4,25.7,87,14.1,14.1,0.0,15.0,2.6,5.7
2008-06-15,23.2,27.8,19.0,24.5,28.7,65,0.0,0.0,0.0,0.0,2.27,4.9
2008-06-16,23.9,29.8,18.0,25.2,31.3,60,0.0,0.0,0.0,0.0,2.28,6.0
2008-06-17,21.5,23.3,18.4,22.1,25.0,65,1.0,1.0,0.0,7.0,3.0,6.8
2008-06-18,22.5,26.8,17.7,23.4,27.3,65,0.0,0.0,0.0,0.0,4.48,9.8
2008-06-19,26.0,32.5,18.5,28.4,34.9,62,0.0,0.0,0.0,0.0,2.52,8.5
2008-06-20,27.8,34.1,22.5,31.1,37.0,64,2.0,2.0,0.0,4.0,3.21,8.0
2008-06-21,28.4,34.3,22.5,31.8,37.4,63,0.7,0.7,0.0,2.0,3.67,8.1
2008-06-22,28.7,36.0,22.4,31.9,39.1,62,0.0,0.0,0.0,0.0,3.25,6.5
2008-06-23,25.8,31.7,20.5,27.8,33.1,66,13.6,13.6,0.0,15.0,4.8,10.8
2008-06-24,25.0,31.2,19.7,27.7,33.3,72,5.0,5.0,0.0,2.0,3.42,8.3
2008-06-25,24.8,29.5,21.1,27.6,32.6,75,0.4,0.4,0.0,2.0,5.51,13.2
2008-06-26,22.9,25.1,19.8,25.3,28.3,79,3.1,3.1,0.0,7.0,3.27,8.9
2008-06-27,22.3,24.3,19.9,24.6,26.2,84,28.8,28.8,0.0,14.0,3.67,7.8
2008-06-28,21.9,24.3,19.4,25.0,28.1,89,26.0,26.0,0.0,15.0,2.7,8.5
2008-06-29,22.8,25.1,20.5,26.3,28.9,88,18.3,18.3,0.0,13.0,2.1,10.0
2008-06-30,24.0,28.1,21.6,27.7,32.1,86,8.9,8.9,0.0,8.0,3.25,7.1
2008-07-01,23.2,26.1,20.9,26.7,29.6,86,9.9,9.9,0.0,15.0,2.21,8.9
2008-07-02,25.5,29.4,21.8,29.4,33.0,79,0.0,0.0,0.0,0.0,2.61,6.6
2008-07-03,28.0,33.7,21.6,33.0,40.9,75,0.0,0.0,0.0,0.0,2.71,5.5
2008-07-04,28.4,35.0,23.2,33.9,42.7,79,6.4,6.4,0.0,9.0,3.28,9.1
2008-07-05,24.2,25.8,22.6,28.0,29.2,85,16.1,16.1,0.0,13.0,3.05,8.0
2008-07-06,27.7,33.7,21.5,31.6,38.1,69,0.0,0.0,0.0,0.0,2.73,5.2
2008-07-07,27.8,32.5,22.1,32.3,37.3,72,0.2,0.2,0.0,1.0,2.55,5.8
2008-07-08,24.8,26.0,22.5,28.8,30.3,86,7.5,7.5,0.0,16.0,3.16,7.5
2008-07-09,25.5,29.1,21.3,29.5,33.1,80,0.0,0.0,0.0,0.0,2.33,4.8
2008-07-10,27.5,32.9,22.1,31.8,36.2,74,0.0,0.0,0.0,0.0,2.01,5.0
2008-07-11,27.2,31.2,24.4,32.3,37.5,81,1.7,1.7,0.0,4.0,2.64,5.8
2008-07-12,28.3,34.9,22.8,31.6,37.9,63,0.7,0.7,0.0,2.0,2.91,6.4
2008-07-13,27.8,34.2,20.9,31.2,37.9,64,0.0,0.0,0.0,0.0,2.69,6.7
2008-07-14,24.8,27.6,19.5,28.1,31.4,78,3.7,3.7,0.0,9.0,4.85,9.5
2008-07-15,23.1,28.0,18.4,25.4,33.2,79,30.2,30.2,0.0,8.0,5.2,7.7
2008-07-16,26.2,31.9,21.1,31.0,38.0,81,0.0,0.0,0.0,0.0,2.86,5.8
2008-07-17,27.4,32.7,22.6,31.3,36.2,70,0.0,0.0,0.0,0.0,2.1,6.8
2008-07-18,25.8,29.4,22.3,30.3,34.6,81,4.0,4.0,0.0,6.0,1.98,8.2
2008-07-19,26.3,31.7,21.1,30.1,36.5,74,0.9,0.9,0.0,2.0,2.04,6.8
2008-07-20,26.7,32.1,20.8,30.4,36.4,71,0.0,0.0,0.0,0.0,2.09,5.4
2008-07-21,27.2,32.7,21.6,31.4,38.1,70,0.0,0.0,0.0,0.0,2.24,4.6
2008-07-22,28.1,33.9,21.9,32.2,39.0,69,0.0,0.0,0.0,0.0,2.83,7.5
2008-07-23,28.6,34.2,22.1,32.8,38.5,68,0.0,0.0,0.0,0.0,2.94,6.7
2008-07-24,28.6,33.2,22.8,33.3,38.8,70,0.0,0.0,0.0,0.0,2.91,6.5
2008-07-25,29.8,34.7,24.8,34.2,38.9,65,0.0,0.0,0.0,0.0,2.94,7.5
2008-07-26,30.5,35.0,25.2,34.9,39.8,63,0.0,0.0,0.0,0.0,3.21,8.4
2008-07-27,30.4,35.1,26.0,34.6,39.6,65,0.0,0.0,0.0,0.0,3.41,8.8
2008-07-28,30.1,34.9,25.1,34.0,38.8,63,0.0,0.0,0.0,0.0,3.52,8.3
2008-07-29,28.4,32.6,24.7,31.2,33.6,64,1.6,1.6,0.0,7.0,4.82,9.0
2008-07-30,27.0,31.9,22.0,30.9,35.4,74,2.1,2.1,0.0,5.0,3.16,8.5
2008-07-31,26.0,27.5,23.8,30.5,32.2,86,10.0,10.0,0.0,16.0,3.45,7.8
2008-08-01,27.3,31.3,22.1,30.5,33.1,71,0.0,0.0,0.0,0.0,4.66,11.2
2008-08-02,27.9,34.7,21.6,31.2,37.6,64,0.0,0.0,0.0,0.0,2.2,5.5
2008-08-03,29.8,37.1,23.5,33.5,40.6,63,0.0,0.0,0.0,0.0,4.08,9.5
2008-08-04,30.4,36.1,24.7,34.7,40.1,65,0.0,0.0,0.0,0.0,3.81,8.9
2008-08-05,30.7,35.8,25.8,33.8,39.5,55,0.0,0.0,0.0,0.0,3.1,7.6
2008-08-06,29.9,34.8,24.5,32.7,38.0,55,0.0,0.0,0.0,0.0,3.45,7.8
2008-08-07,30.0,35.5,25.6,34.6,39.2,68,3.9,3.9,0.0,4.0,3.91,9.7
2008-08-08,30.8,36.1,26.0,35.7,40.0,68,0.0,0.0,0.0,0.0,3.47,9.4
2008-08-09,30.1,35.9,26.1,34.9,40.1,69,4.7,4.7,0.0,7.0,3.79,9.6
2008-08-10,27.2,30.6,25.0,31.7,35.5,78,4.2,4.2,0.0,12.0,2.98,9.6
2008-08-11,23.8,24.9,22.3,27.9,30.0,90,35.4,35.4,0.0,23.0,2.43,6.1
2008-08-12,26.1,29.6,23.1,30.2,33.7,79,2.0,2.0,0.0,6.0,1.9,6.1
2008-08-13,26.4,30.6,23.1,31.3,36.3,82,4.6,4.6,0.0,11.0,1.75,5.9
2008-08-14,25.2,28.8,22.5,29.4,33.1,83,3.3,3.3,0.0,9.0,2.98,7.6
2008-08-15,25.3,30.5,21.1,27.0,32.3,63,0.1,0.1,0.0,1.0,3.22,7.4
2008-08-16,24.6,30.6,18.4,26.3,32.6,64,0.0,0.0,0.0,0.0,2.3,4.9
2008-08-17,22.9,26.6,20.4,25.3,28.9,77,2.0,2.0,0.0,9.0,2.61,8.0
2008-08-18,24.5,28.7,19.7,27.4,32.7,72,0.0,0.0,0.0,0.0,1.78,5.0
2008-08-19,26.0,30.7,22.3,29.3,34.3,71,0.3,0.3,0.0,2.0,2.2,5.4
2008-08-20,27.0,32.4,21.9,30.0,35.6,67,0.0,0.0,0.0,0.0,3.55,7.7
2008-08-21,22.2,25.1,20.7,24.6,27.7,82,12.3,12.3,0.0,11.0,3.14,7.9
2008-08-22,25.1,33.1,18.4,27.6,34.9,70,0.0,0.0,0.0,0.0,2.4,5.3
2008-08-23,26.5,34.5,19.2,29.1,36.6,64,0.0,0.0,0.0,0.0,1.9,5.8
2008-08-24,27.1,33.4,21.6,29.5,36.8,61,0.3,0.3,0.0,1.0,4.44,10.3
2008-08-25,26.1,31.0,21.7,28.3,33.0,64,0.2,0.2,0.0,2.0,3.16,8.1
2008-08-26,23.9,29.2,20.1,26.0,31.2,72,7.8,7.8,0.0,7.0,3.4,10.0
2008-08-27,24.7,29.8,19.2,27.4,33.3,71,0.1,0.1,0.0,1.0,2.61,5.4
2008-08-28,25.7,31.4,20.2,28.6,34.6,70,0.0,0.0,0.0,0.0,2.64,5.5
2008-08-29,26.3,31.3,22.0,29.6,34.7,73,0.4,0.4,0.0,3.0,3.92,10.0
2008-08-30,21.7,24.1,19.3,24.1,27.1,83,7.4,7.4,0.0,8.0,3.05,7.9
2008-08-31,23.1,27.8,18.1,22.5,27.3,50,0.0,0.0,0.0,0.0,3.91,10.5
2008-09-01,23.2,31.3,15.7,23.2,31.6,54,0.0,0.0,0.0,0.0,2.62,5.5
2008-09-02,25.3,34.0,16.9,25.9,34.8,53,0.0,0.0,0.0,0.0,2.82,6.4
2008-09-03,25.3,31.8,20.4,25.8,31.7,54,0.0,0.0,0.0,0.0,4.12,9.7
2008-09-04,24.2,30.7,19.1,25.6,32.0,64,1.5,1.5,0.0,5.0,4.43,10.2
2008-09-05,23.5,30.6,18.6,24.9,32.9,64,0.0,0.0,0.0,0.0,2.57,6.7
2008-09-06,24.8,30.9,18.9,26.7,33.6,65,0.0,0.0,0.0,0.0,2.19,7.2
2008-09-07,22.0,24.6,19.9,24.6,27.3,84,8.9,8.9,0.0,11.0,3.41,7.7
2008-09-08,22.9,27.4,19.3,25.3,30.0,78,0.0,0.0,0.0,0.0,3.3,8.6
2008-09-09,21.4,23.7,19.1,23.9,25.2,86,8.4,8.4,0.0,12.0,2.97,7.3
2008-09-10,22.6,28.3,18.4,23.8,29.7,72,5.2,5.2,0.0,5.0,3.93,8.0
2008-09-11,22.7,31.2,15.7,23.1,31.5,61,0.0,0.0,0.0,0.0,3.96,8.2
2008-09-12,24.0,32.9,16.4,24.9,33.8,60,0.0,0.0,0.0,0.0,3.62,5.6
2008-09-13,22.9,29.0,17.1,23.8,29.8,66,0.0,0.0,0.0,0.0,3.0,6.3
2008-09-14,23.0,29.9,16.9,24.1,31.2,64,0.0,0.0,0.0,0.0,3.31,7.6
2008-09-15,23.8,31.4,18.1,25.7,33.9,66,0.0,0.0,0.0,0.0,2.44,5.5
2008-09-16,23.8,30.4,19.1,25.6,31.4,70,0.0,0.0,0.0,0.0,3.76,9.1
2008-09-17,23.9,30.5,18.4,25.9,31.5,70,0.0,0.0,0.0,0.0,3.67,9.6
2008-09-18,24.2,30.4,19.3,25.5,30.3,64,0.4,0.4,0.0,1.0,2.34,6.7
2008-09-19,21.5,25.5,17.6,23.4,27.4,78,1.0,1.0,0.0,5.0,2.91,7.6
2008-09-20,22.2,29.5,17.4,24.3,31.8,77,0.0,0.0,0.0,0.0,2.41,5.8
2008-09-21,21.6,26.4,18.1,23.7,27.7,80,15.9,15.9,0.0,8.0,3.51,7.9
2008-09-22,22.8,28.3,19.2,23.3,29.5,65,4.1,4.1,0.0,4.0,6.2,12.4
2008-09-23,17.8,19.9,14.2,14.7,17.8,37,0.1,0.1,0.0,1.0,4.8,9.2
2008-09-24,12.5,14.3,10.4,11.6,13.3,83,11.3,11.3,0.0,11.0,2.51,5.5
2008-09-25,16.5,23.1,10.0,14.6,20.8,59,0.0,0.0,0.0,0.0,5.1,12.4
2008-09-26,14.5,20.6,8.3,11.7,18.7,42,0.0,0.0,0.0,0.0,2.94,7.1
2008-09-27,14.3,20.1,10.0,12.5,18.5,58,0.0,0.0,0.0,0.0,2.63,6.0
2008-09-28,14.4,20.3,9.7,13.5,19.8,74,0.0,0.0,0.0,0.0,3.11,7.5
2008-09-29,14.7,21.0,10.1,14.3,20.3,79,0.0,0.0,0.0,0.0,3.1,7.4
2008-09-30,17.7,25.6,11.7,17.4,25.2,73,0.0,0.0,0.0,0.0,2.57,6.5
2008-10-01,18.2,25.2,12.5,18.5,25.3,74,0.0,0.0,0.0,0.0,2.62,6.8
2008-10-02,19.8,27.6,14.4,20.7,28.4,74,0.0,0.0,0.0,0.0,2.83,6.6
2008-10-03,19.2,23.7,13.8,17.8,21.9,56,0.0,0.0,0.0,0.0,4.52,8.7
2008-10-04,15.0,17.4,12.8,13.4,14.8,59,0.7,0.7,0.0,3.0,2.22,6.8
2008-10-05,10.8,14.1,6.7,8.9,12.5,83,9.4,9.4,0.0,15.0,4.3,9.1
2008-10-06,11.6,18.8,6.1,9.8,17.2,71,0.0,0.0,0.0,0.0,2.75,4.9
2008-10-07,13.2,20.4,6.9,11.3,17.8,64,0.2,0.2,0.0,1.0,4.02,9.1
2008-10-08,15.0,21.8,8.1,12.7,17.7,54,0.0,0.0,0.0,0.0,4.31,10.1
2008-10-09,11.8,19.7,6.5,10.5,20.0,76,2.4,2.4,0.0,3.0,2.3,7.5
2008-10-10,13.6,21.1,6.9,11.0,18.1,56,0.0,0.0,0.0,0.0,3.11,7.5
2008-10-11,13.0,22.2,6.5,10.8,20.6,58,0.0,0.0,0.0,0.0,2.66,4.8
2008-10-12,14.5,24.3,7.5,12.9,22.2,62,0.0,0.0,0.0,0.0,3.21,6.7
2008-10-13,15.5,23.6,9.7,14.6,22.2,68,0.0,0.0,0.0,0.0,2.12,5.8
2008-10-14,16.2,26.0,8.6,14.9,24.2,64,0.0,0.0,0.0,0.0,2.63,6.1
2008-10-15,17.6,27.5,9.9,15.5,24.2,53,0.0,0.0,0.0,0.0,3.67,7.3
2008-10-16,17.6,26.0,11.1,16.0,23.7,52,0.0,0.0,0.0,0.0,2.09,5.1
2008-10-17,17.6,26.6,11.4,16.6,25.3,61,0.0,0.0,0.0,0.0,3.31,7.2
2008-10-18,15.6,21.8,11.8,14.7,21.5,68,0.0,0.0,0.0,0.0,2.4,5.4
2008-10-19,15.4,25.4,8.6,13.7,23.3,62,0.0,0.0,0.0,0.0,2.92,5.9
2008-10-20,14.9,22.1,8.6,13.9,21.3,68,0.1,0.1,0.0,1.0,2.09,5.6
2008-10-21,16.1,21.5,12.3,15.9,21.3,78,0.9,0.9,0.0,4.0,2.47,6.0
2008-10-22,16.1,19.2,11.2,16.4,20.0,87,6.9,6.9,0.0,14.0,8.0,14.5
2008-10-23,11.3,14.3,6.9,6.1,8.6,35,0.3,0.3,0.0,2.0,6.88,15.3
2008-10-24,9.6,15.3,4.1,4.9,10.3,29,0.0,0.0,0.0,0.0,5.7,11.3
2008-10-25,10.1,16.8,3.3,5.8,11.6,38,0.0,0.0,0.0,0.0,5.66,12.8
2008-10-26,10.4,17.9,3.0,6.3,12.2,37,0.0,0.0,0.0,0.0,5.02,11.0
2008-10-27,11.1,19.4,4.9,7.4,15.2,38,0.0,0.0,0.0,0.0,3.07,7.0
2008-10-28,10.9,18.7,4.4,8.2,15.7,53,0.0,0.0,0.0,0.0,2.44,4.0
2008-10-29,8.8,11.2,5.9,5.5,7.9,50,0.3,0.3,0.0,2.0,5.2,10.2
2008-10-30,8.3,13.3,4.5,5.9,10.5,65,0.0,0.0,0.0,0.0,2.93,7.1
2008-10-31,10.7,17.7,5.8,7.1,13.9,44,0.0,0.0,0.0,0.0,2.97,7.5
2008-11-01,9.1,18.5,2.7,5.3,14.6,47,0.0,0.0,0.0,0.0,8.41,17.7
2008-11-02,9.5,18.8,1.7,5.7,14.6,48,0.0,0.0,0.0,0.0,4.48,9.2
2008-11-03,10.3,16.8,5.7,6.2,13.3,31,0.0,0.0,0.0,0.0,2.98,6.7
2008-11-04,8.0,15.6,3.0,4.7,12.1,47,0.0,0.0,0.0,0.0,2.28,4.8
2008-11-05,10.4,21.3,3.3,7.5,17.6,57,0.0,0.0,0.0,0.0,2.91,5.9
2008-11-06,12.5,22.1,5.1,8.7,17.3,39,0.0,0.0,0.0,0.0,3.61,7.8
2008-11-07,8.6,13.5,2.9,4.8,9.8,39,0.0,0.0,0.0,0.0,3.0,5.6
2008-11-08,4.0,8.7,0.6,0.3,4.4,45,0.0,0.0,0.0,0.0,2.34,6.0
2008-11-09,4.3,13.6,-1.2,1.1,10.7,60,0.0,0.0,0.0,0.0,2.55,4.3
2008-11-10,4.8,13.8,-1.4,1.5,10.0,61,0.0,0.0,0.0,0.0,2.73,6.2
2008-11-11,4.9,10.9,-0.3,2.0,8.0,62,0.0,0.0,0.0,0.0,1.9,5.5
2008-11-12,6.4,11.8,0.6,3.7,9.4,66,0.0,0.0,0.0,0.0,1.71,4.2
2008-11-13,8.6,14.9,2.7,5.2,10.3,52,0.1,0.1,0.0,1.0,3.7,9.3
2008-11-14,5.5,13.1,-1.4,2.0,9.5,55,0.0,0.0,0.0,0.0,2.77,6.3
2008-11-15,5.8,12.8,0.5,1.5,6.9,46,0.0,0.0,0.0,0.0,5.52,11.7
2008-11-16,3.6,11.5,-2.9,-0.8,7.0,35,0.0,0.0,0.0,0.0,4.1,9.5
2008-11-17,1.4,7.9,-4.1,-3.4,2.0,32,0.0,0.0,0.0,0.0,5.7,11.7
2008-11-18,-1.1,4.0,-5.0,-6.3,-1.2,30,0.0,0.0,0.0,0.0,6.64,13.4
2008-11-19,-1.5,5.4,-6.6,-6.1,0.4,36,0.0,0.0,0.0,0.0,3.37,7.2
2008-11-20,2.5,13.7,-4.3,-1.5,9.0,43,0.0,0.0,0.0,0.0,2.6,7.6
2008-11-21,2.6,12.0,-3.5,-1.5,7.5,45,0.0,0.0,0.0,0.0,2.91,6.3
2008-11-22,2.6,12.9,-4.4,-0.9,9.6,54,0.0,0.0,0.0,0.0,1.97,3.7
2008-11-23,1.2,6.5,-3.8,-2.4,2.8,59,0.0,0.0,0.0,0.0,2.06,4.5
2008-11-24,4.2,10.9,-0.7,0.8,7.8,59,0.0,0.0,0.0,0.0,2.62,5.9
2008-11-25,3.9,11.0,-2.0,-0.3,6.6,45,0.0,0.0,0.0,0.0,2.75,6.0
2008-11-26,2.7,9.4,-2.3,-2.2,2.8,48,0.0,0.0,0.0,0.0,6.69,13.2
2008-11-27,2.0,8.1,-2.3,-3.0,3.1,33,0.0,0.0,0.0,0.0,4.06,9.2
2008-11-28,3.5,12.7,-3.4,-1.0,6.7,43,0.0,0.0,0.0,0.0,5.73,11.5
2008-11-29,5.0,13.2,-1.0,0.8,8.8,41,0.0,0.0,0.0,0.0,3.09,6.7
2008-11-30,3.0,12.0,-3.4,-0.6,7.9,58,0.0,0.0,0.0,0.0,2.88,5.8
2008-12-01,4.3,13.4,-2.6,-0.3,7.3,46,0.0,0.0,0.0,0.0,5.97,11.8
2008-12-02,2.0,10.1,-4.7,-1.7,6.5,53,0.0,0.0,0.0,0.0,2.08,5.1
2008-12-03,2.6,9.6,-2.1,-1.3,6.3,58,0.0,0.0,0.0,0.0,3.5,7.4
2008-12-04,-3.4,0.6,-8.3,-9.9,-4.5,24,0.0,0.0,0.0,0.0,7.08,14.5
2008-12-05,-6.0,-1.7,-8.9,-11.5,-7.6,19,0.0,0.0,0.0,0.0,4.69,10.6
2008-12-06,-4.5,1.8,-9.3,-9.4,-3.7,28,0.0,0.0,0.0,0.0,3.35,7.3
2008-12-07,-1.1,5.8,-6.0,-5.3,1.5,37,0.0,0.0,0.0,0.0,2.85,5.4
2008-12-08,0.4,6.9,-4.0,-3.7,2.6,44,0.0,0.0,0.0,0.0,2.91,5.5
2008-12-09,2.0,8.7,-2.9,-1.9,5.1,51,0.0,0.0,0.0,0.0,2.67,4.5
2008-12-10,-0.9,2.3,-6.4,-4.7,-1.4,68,0.6,0.0,0.56,4.0,2.33,4.1
2008-12-11,-4.5,0.3,-7.1,-8.5,-3.5,77,0.0,0.0,0.0,0.0,2.38,5.1
2008-12-12,-2.1,3.6,-6.3,-6.0,-0.4,68,0.0,0.0,0.0,0.0,2.28,6.4
2008-12-13,-3.0,2.9,-7.1,-7.5,-2.2,49,0.0,0.0,0.0,0.0,3.36,7.5
2008-12-14,-1.6,6.5,-7.3,-5.7,2.3,47,0.0,0.0,0.0,0.0,2.77,4.5
2008-12-15,-0.4,8.5,-6.2,-4.4,4.9,55,0.0,0.0,0.0,0.0,2.75,4.3
2008-12-16,-1.0,4.6,-5.0,-4.7,1.1,68,0.0,0.0,0.0,0.0,3.96,6.4
2008-12-17,-0.1,3.9,-6.6,-5.6,-1.7,33,0.0,0.0,0.0,0.0,5.64,10.3
2008-12-18,-4.1,2.7,-9.4,-8.6,-2.4,42,0.0,0.0,0.0,0.0,2.92,6.8
2008-12-19,-1.7,5.5,-6.7,-6.7,0.1,37,0.0,0.0,0.0,0.0,5.08,10.8
2008-12-20,-3.4,0.0,-6.9,-8.3,-4.9,27,0.0,0.0,0.0,0.0,3.05,7.9
2008-12-21,-9.1,-4.0,-13.0,-15.9,-9.6,31,0.2,0.0,0.21,2.0,8.62,17.3
2008-12-22,-8.1,-0.9,-14.6,-13.2,-6.6,29,0.0,0.0,0.0,0.0,3.58,7.9
2008-12-23,-5.1,2.6,-10.0,-9.8,-1.5,35,0.0,0.0,0.0,0.0,2.57,4.1
2008-12-24,-2.0,4.3,-7.4,-7.2,-1.6,31,0.0,0.0,0.0,0.0,4.88,10.5
2008-12-25,-1.6,3.3,-5.3,-6.7,-1.5,32,0.0,0.0,0.0,0.0,4.08,8.9
2008-12-26,-3.3,2.0,-8.2,-7.6,-3.2,45,0.0,0.0,0.0,0.0,3.21,7.1
2008-12-27,-1.9,1.7,-4.9,-5.7,-1.8,47,0.0,0.0,0.0,0.0,1.8,3.6
2008-12-28,-2.7,0.9,-5.7,-6.6,-2.7,67,0.0,0.0,0.0,0.0,2.41,4.6
2008-12-29,-2.8,1.2,-5.5,-8.3,-5.2,31,0.0,0.0,0.0,0.0,6.11,12.7
2008-12-30,-3.4,1.3,-6.4,-9.0,-4.7,31,0.0,0.0,0.0,0.0,5.14,9.8
2008-12-31,-4.1,0.8,-6.6,-9.3,-4.9,32,0.0,0.0,0.0,0.0,4.48,9.5
2009-01-01,-5.9,-0.2,-10.7,-10.4,-4.1,41,0.0,0.0,0.0,0.0,2.82,4.3
2009-01-02,-4.9,1.1,-10.3,-8.8,-2.9,50,0.0,0.0,0.0,0.0,2.47,3.8
2009-01-03,-3.5,2.2,-9.1,-7.8,-2.0,48,0.0,0.0,0.0,0.0,2.14,5.2
2009-01-04,-5.2,-0.3,-9.0,-9.5,-3.9,54,0.0,0.0,0.0,0.0,2.56,5.6
2009-01-05,-5.9,0.3,-10.9,-10.3,-3.5,47,0.0,0.0,0.0,0.0,2.87,4.7
2009-01-06,-2.8,3.4,-6.8,-7.3,-0.8,40,0.0,0.0,0.0,0.0,3.24,7.5
2009-01-07,-4.3,2.4,-10.5,-8.6,-1.4,50,0.0,0.0,0.0,0.0,3.16,4.7
2009-01-08,-2.8,0.3,-6.5,-8.1,-4.6,39,0.0,0.0,0.0,0.0,5.02,10.1
2009-01-09,-5.4,0.1,-9.2,-10.9,-5.7,30,0.0,0.0,0.0,0.0,4.75,10.0
2009-01-10,-4.7,2.3,-12.1,-9.5,-2.2,38,0.0,0.0,0.0,0.0,4.49,9.7
2009-01-11,-4.7,-0.6,-8.1,-10.8,-6.9,26,0.0,0.0,0.0,0.0,5.07,11.0
2009-01-12,-4.9,1.2,-8.8,-10.3,-4.4,29,0.0,0.0,0.0,0.0,4.88,10.0
2009-01-13,-3.7,4.6,-11.5,-8.8,-0.7,36,0.0,0.0,0.0,0.0,5.23,11.4
2009-01-14,-5.4,-0.8,-9.5,-10.4,-5.2,27,0.0,0.0,0.0,0.0,4.5,9.7
2009-01-15,-5.4,0.6,-10.7,-9.7,-3.6,37,0.0,0.0,0.0,0.0,2.66,4.1
2009-01-16,-4.7,1.3,-10.1,-9.2,-3.2,48,0.0,0.0,0.0,0.0,2.48,6.0
2009-01-17,-5.0,-1.7,-7.1,-8.6,-5.6,82,0.0,0.0,0.0,0.0,1.84,4.3
2009-01-18,-1.7,7.6,-8.5,-6.1,2.1,51,0.0,0.0,0.0,0.0,3.71,8.3
2009-01-19,-0.8,5.5,-5.7,-4.9,0.9,44,0.0,0.0,0.0,0.0,2.34,5.7
2009-01-20,0.5,8.3,-4.4,-3.7,3.4,47,0.0,0.0,0.0,0.0,4.32,8.9
2009-01-21,-1.5,4.0,-5.3,-5.6,0.5,62,0.0,0.0,0.0,0.0,4.3,8.4
2009-01-22,-6.1,0.3,-11.4,-13.6,-5.9,17,0.0,0.0,0.0,0.0,8.43,16.8
2009-01-23,-9.4,-6.4,-12.2,-16.1,-12.9,17,0.0,0.0,0.0,0.0,6.65,13.5
2009-01-24,-5.5,0.2,-10.4,-11.2,-6.0,22,0.0,0.0,0.0,0.0,5.55,12.2
2009-01-25,-3.0,1.6,-7.3,-8.4,-4.8,22,0.0,0.0,0.0,0.0,5.36,11.2
2009-01-26,-3.1,4.1,-7.9,-7.9,-1.1,30,0.0,0.0,0.0,0.0,2.89,6.5
2009-01-27,-2.6,3.9,-8.4,-7.1,-0.8,34,0.0,0.0,0.0,0.0,2.42,6.1
2009-01-28,-0.9,6.5,-7.5,-5.1,2.5,37,0.0,0.0,0.0,0.0,1.91,4.7
2009-01-29,-0.2,7.5,-6.3,-4.3,3.8,51,0.0,0.0,0.0,0.0,3.21,4.6
2009-01-30,-1.0,4.4,-6.4,-4.7,0.5,71,0.0,0.0,0.0,0.0,2.56,5.7
2009-01-31,-1.7,3.1,-6.0,-5.4,-0.6,62,0.0,0.0,0.0,0.0,1.72,4.7
2009-02-01,-2.5,1.4,-6.2,-6.3,-2.3,58,0.0,0.0,0.0,0.0,2.21,4.8
2009-02-02,-0.2,8.1,-6.1,-4.5,3.5,57,0.0,0.0,0.0,0.0,3.58,8.0
2009-02-03,-2.1,2.8,-6.3,-6.6,-2.5,57,0.0,0.0,0.0,0.0,3.41,8.7
2009-02-04,-3.1,2.3,-7.3,-7.1,-1.6,63,0.1,0.1,0.0,1.0,2.12,5.2
2009-02-05,0.3,8.4,-5.6,-3.7,4.1,61,0.0,0.0,0.0,0.0,3.31,6.6
2009-02-06,-0.6,5.0,-5.2,-4.2,1.2,65,0.0,0.0,0.0,0.0,2.22,5.4
2009-02-07,2.7,11.1,-3.4,-1.6,7.0,52,0.0,0.0,0.0,0.0,3.79,7.3
2009-02-08,-0.1,5.9,-4.6,-3.9,1.6,59,0.0,0.0,0.0,0.0,2.72,6.2
2009-02-09,3.4,13.1,-4.1,0.0,9.7,61,0.0,0.0,0.0,0.0,2.77,5.9
2009-02-10,5.2,16.8,-2.8,1.5,12.2,54,0.0,0.0,0.0,0.0,3.91,8.5
2009-02-11,4.4,13.6,-3.3,0.4,9.2,48,0.0,0.0,0.0,0.0,3.67,7.8
2009-02-12,2.5,5.3,0.3,-0.9,2.3,67,10.6,10.6,0.0,10.0,3.91,7.9
2009-02-13,5.2,8.4,0.6,1.6,4.8,69,0.2,0.2,0.0,1.0,5.01,9.3
2009-02-14,1.6,7.3,-2.8,-2.7,3.3,54,0.0,0.0,0.0,0.0,4.4,11.5
2009-02-15,-2.7,2.5,-6.7,-7.9,-2.2,24,0.0,0.0,0.0,0.0,4.6,10.3
2009-02-16,-2.8,1.9,-6.4,-7.5,-2.0,42,0.0,0.0,0.0,0.0,3.48,7.5
2009-02-17,-3.7,-0.5,-7.5,-8.0,-4.9,72,0.0,0.0,0.49,0.0,2.72,7.1
2009-02-18,-2.9,-1.7,-4.6,-6.9,-5.1,80,2.5,0.0,1.96,17.0,2.61,6.6
2009-02-19,-2.6,2.7,-5.6,-7.0,-1.2,66,2.3,0.0,1.68,8.0,5.56,13.3
2009-02-20,-2.2,2.0,-5.6,-7.4,-2.3,32,0.0,0.0,0.0,0.0,5.52,10.9
2009-02-21,-1.7,2.5,-6.2,-5.8,-1.4,53,0.0,0.0,0.0,0.0,3.83,8.0
2009-02-22,0.9,3.4,-3.4,-4.2,-0.5,37,0.0,0.0,0.0,0.0,5.3,10.3
2009-02-23,-2.0,1.3,-5.5,-5.8,-2.0,69,0.0,0.0,0.0,0.0,2.1,6.1
2009-02-24,0.6,6.5,-4.0,-3.7,1.5,52,0.0,0.0,0.0,0.0,4.01,8.6
2009-02-25,-0.3,4.9,-4.7,-4.8,0.7,34,0.0,0.0,0.0,0.0,2.83,6.8
2009-02-26,0.5,7.3,-5.0,-3.5,3.6,50,0.0,0.0,0.0,0.0,2.82,5.1
2009-02-27,1.5,9.2,-3.7,-2.3,6.1,55,0.0,0.0,0.0,0.0,3.84,7.1
2009-02-28,0.6,7.7,-4.7,-3.0,3.4,68,0.0,0.0,0.0,0.0,3.6,7.7
2009-03-01,2.0,7.3,-2.3,-2.5,4.2,41,0.0,0.0,0.0,0.0,3.5,8.4
2009-03-02,-0.7,3.8,-5.8,-4.7,-0.6,64,0.0,0.0,0.0,0.0,3.36,7.6
2009-03-03,2.5,8.6,-2.3,-0.8,4.8,64,0.0,0.0,0.0,0.0,3.03,7.5
2009-03-04,2.4,6.9,-1.9,-0.7,4.0,79,0.5,0.2,0.28,2.0,3.32,7.1
2009-03-05,5.2,10.3,0.6,0.7,4.0,57,1.7,1.6,0.07,4.0,8.31,16.6
2009-03-06,3.7,9.8,-3.4,-1.3,4.4,32,0.0,0.0,0.0,0.0,4.55,11.0
2009-03-07,4.4,12.0,-2.8,1.0,8.8,52,0.0,0.0,0.0,0.0,2.86,7.2
2009-03-08,8.0,18.2,-1.6,4.2,14.1,48,0.0,0.0,0.0,0.0,4.41,10.1
2009-03-09,6.0,10.2,0.8,1.6,7.3,32,0.0,0.0,0.0,0.0,3.91,9.7
2009-03-10,3.3,10.1,-3.2,-0.4,6.8,53,0.0,0.0,0.0,0.0,2.72,7.3
2009-03-11,4.9,10.9,-1.6,1.3,7.0,52,0.0,0.0,0.0,0.0,2.97,7.2
2009-03-12,6.1,11.6,1.5,2.2,6.9,59,2.7,2.7,0.0,8.0,6.44,13.3
2009-03-13,0.9,5.7,-3.8,-5.1,-0.2,26,0.0,0.0,0.0,0.0,6.55,14.1
2009-03-14,4.4,12.2,-3.4,0.3,7.9,39,0.0,0.0,0.0,0.0,4.18,9.3
2009-03-15,10.0,20.2,0.7,6.3,15.6,40,0.0,0.0,0.0,0.0,5.23,10.6
2009-03-16,9.5,18.4,0.6,6.0,14.4,46,0.0,0.0,0.0,0.0,4.34,9.4
2009-03-17,11.9,22.4,3.6,9.6,20.7,57,0.0,0.0,0.0,0.0,3.11,7.1
2009-03-18,15.9,26.6,5.5,13.9,25.2,54,0.0,0.0,0.0,0.0,4.27,9.3
2009-03-19,12.9,17.6,7.4,9.3,13.6,37,0.0,0.0,0.0,0.0,4.24,9.4
2009-03-20,9.4,15.6,2.3,5.5,11.0,38,0.0,0.0,0.0,0.0,4.04,8.9
2009-03-21,10.7,14.5,6.4,7.4,12.0,45,0.2,0.2,0.0,1.0,6.7,13.3
2009-03-22,7.3,11.4,2.6,2.5,7.7,26,0.0,0.0,0.0,0.0,6.62,12.8
2009-03-23,5.8,11.3,0.3,1.9,8.3,42,0.0,0.0,0.0,0.0,3.31,7.1
2009-03-24,4.5,8.7,0.4,0.1,3.2,40,0.9,0.0,0.7,4.0,5.14,13.3
2009-03-25,7.9,17.1,-1.3,2.9,11.3,26,0.0,0.0,0.0,0.0,5.72,11.8
2009-03-26,7.9,15.7,-0.8,3.9,12.0,31,0.0,0.0,0.0,0.0,4.2,8.4
2009-03-27,6.7,12.4,0.1,2.7,9.2,42,0.0,0.0,0.0,0.0,4.12,8.9
2009-03-28,5.8,12.9,-0.3,1.9,10.5,47,0.0,0.0,0.0,0.0,4.74,10.5
2009-03-29,3.0,5.6,-1.0,-0.7,1.6,58,0.6,0.2,0.35,4.0,2.7,6.4
2009-03-30,4.4,8.7,-0.3,1.4,7.2,58,0.0,0.0,0.0,0.0,2.24,5.1
2009-03-31,4.4,9.6,-1.5,0.4,5.6,54,0.0,0.0,0.0,0.0,3.72,10.2
2009-04-01,7.7,15.1,0.1,3.6,11.5,35,0.0,0.0,0.0,0.0,3.41,8.3
2009-04-02,9.4,16.9,1.4,5.7,13.1,40,0.0,0.0,0.0,0.0,4.02,9.0
2009-04-03,11.6,15.1,8.0,8.4,12.7,42,0.0,0.0,0.0,0.0,3.03,7.1
2009-04-04,12.8,20.2,5.2,10.4,19.1,51,0.0,0.0,0.0,0.0,3.2,7.4
2009-04-05,13.5,22.4,5.3,10.0,18.9,37,0.0,0.0,0.0,0.0,3.75,10.2
2009-04-06,16.8,27.6,6.4,13.0,24.0,29,0.0,0.0,0.0,0.0,3.81,7.8
2009-04-07,17.9,26.2,10.3,15.1,23.7,29,0.0,0.0,0.0,0.0,2.98,6.7
2009-04-08,18.3,27.4,10.0,15.9,24.7,38,0.0,0.0,0.0,0.0,3.51,8.3
2009-04-09,19.3,27.4,11.0,16.3,24.1,35,0.0,0.0,0.0,0.0,5.25,11.7
2009-04-10,19.0,24.5,13.6,15.8,20.3,33,0.0,0.0,0.0,0.0,5.15,10.8
2009-04-11,17.7,21.5,13.8,16.9,20.3,62,0.0,0.0,0.0,0.0,2.66,5.7
2009-04-12,18.5,26.1,12.1,18.1,25.4,63,0.0,0.0,0.0,0.0,2.62,6.7
2009-04-13,20.1,26.8,14.0,18.6,24.2,50,0.1,0.1,0.0,1.0,4.66,14.3
2009-04-14,17.2,23.0,11.2,14.8,19.8,46,0.0,0.0,0.0,0.0,4.87,10.8
2009-04-15,12.5,16.4,6.2,8.9,14.0,46,5.0,5.0,0.0,6.0,6.71,14.1
2009-04-16,13.3,19.6,6.2,10.2,17.2,42,0.0,0.0,0.0,0.0,4.06,9.2
2009-04-17,16.1,24.1,7.6,13.2,20.4,38,0.0,0.0,0.0,0.0,4.41,9.8
2009-04-18,17.9,22.5,13.1,16.5,21.6,53,0.0,0.0,0.0,0.0,3.55,7.9
2009-04-19,13.8,15.7,11.9,13.1,14.5,76,4.0,4.0,0.0,12.0,1.6,6.1
2009-04-20,15.4,21.3,12.1,12.6,17.3,58,0.2,0.2,0.0,1.0,8.61,16.9
2009-04-21,17.5,22.8,12.1,12.7,18.2,24,0.0,0.0,0.0,0.0,6.04,14.1
2009-04-22,14.4,22.4,6.3,11.2,19.1,45,0.0,0.0,0.0,0.0,5.8,12.0
2009-04-23,11.8,14.8,8.8,9.7,12.5,75,10.5,10.5,0.0,10.0,4.38,10.1
2009-04-24,13.8,19.0,9.4,10.4,13.5,57,5.3,5.3,0.0,5.0,8.07,15.9
2009-04-25,15.0,19.5,10.4,10.1,14.4,25,0.0,0.0,0.0,0.0,7.69,16.1
2009-04-26,16.1,22.2,8.3,12.5,19.8,28,0.0,0.0,0.0,0.0,3.22,8.5
2009-04-27,18.1,25.6,8.0,15.2,23.5,32,0.0,0.0,0.0,0.0,3.91,8.6
2009-04-28,18.5,23.8,13.1,16.2,23.0,39,0.0,0.0,0.0,0.0,3.12,8.7
2009-04-29,17.8,23.9,10.4,16.0,21.1,49,0.6,0.6,0.0,2.0,4.22,8.9
2009-04-30,21.4,28.5,12.2,20.9,29.1,53,0.0,0.0,0.0,0.0,2.75,6.5
2009-05-01,19.4,21.8,13.8,18.9,21.5,63,0.3,0.3,0.0,2.0,5.55,13.2
2009-05-02,20.0,29.9,9.6,17.9,27.7,43,0.0,0.0,0.0,0.0,3.05,9.1
2009-05-03,23.1,33.3,12.3,20.1,30.5,25,0.0,0.0,0.0,0.0,3.32,7.4
2009-05-04,23.8,32.1,14.2,21.8,30.3,32,0.0,0.0,0.0,0.0,3.92,9.0
2009-05-05,25.2,31.6,18.6,22.9,29.5,29,0.0,0.0,0.0,0.0,5.22,11.0
2009-05-06,25.7,32.2,17.8,23.6,30.0,31,0.0,0.0,0.0,0.0,5.65,12.4
2009-05-07,26.7,34.2,18.0,25.8,33.3,36,0.0,0.0,0.0,0.0,3.54,8.8
2009-05-08,27.4,33.9,18.5,26.9,32.1,42,0.1,0.1,0.0,1.0,6.99,13.9
2009-05-09,22.4,28.6,17.5,22.6,30.6,61,2.2,2.2,0.0,5.0,7.46,15.8
2009-05-10,19.4,23.2,15.5,17.9,22.6,44,0.0,0.0,0.0,0.0,3.51,7.8
2009-05-11,21.5,28.2,15.0,20.9,28.1,48,0.0,0.0,0.0,0.0,3.77,8.3
2009-05-12,24.3,30.1,17.6,21.4,28.0,26,0.0,0.0,0.0,0.0,4.95,12.9
2009-05-13,23.5,31.3,13.0,20.7,27.8,26,0.0,0.0,0.0,0.0,2.88,8.0
2009-05-14,22.1,26.6,15.8,20.2,24.1,46,1.0,1.0,0.0,4.0,5.69,12.8
2009-05-15,18.8,22.9,15.6,17.4,21.0,57,0.0,0.0,0.0,0.0,3.61,9.3
2009-05-16,20.8,27.2,14.6,19.5,26.7,49,0.1,0.1,0.0,1.0,6.85,13.3
2009-05-17,23.6,31.4,12.5,19.0,27.3,13,0.0,0.0,0.0,0.0,5.81,12.4
2009-05-18,26.4,36.5,14.1,22.6,32.6,18,0.0,0.0,0.0,0.0,4.6,11.1
2009-05-19,27.8,37.3,15.6,25.2,35.6,22,0.0,0.0,0.0,0.0,4.02,8.8
2009-05-20,28.1,34.6,20.6,26.0,31.9,29,0.0,0.0,0.0,0.0,5.41,11.7
2009-05-21,22.3,26.2,15.0,21.1,25.1,51,8.2,8.2,0.0,7.0,4.92,10.2
2009-05-22,22.1,29.2,13.6,20.3,28.0,38,0.0,0.0,0.0,0.0,3.81,9.6
2009-05-23,26.0,35.3,13.7,23.5,33.4,27,0.0,0.0,0.0,0.0,4.22,8.9
2009-05-24,26.2,34.5,17.2,24.5,31.7,31,0.0,0.0,0.0,0.0,3.22,7.3
2009-05-25,26.8,33.1,19.3,26.1,32.7,39,0.0,0.0,0.0,0.0,3.14,9.6
2009-05-26,26.9,33.3,18.4,25.7,31.8,37,0.0,0.0,0.0,0.0,4.94,11.2
2009-05-27,27.3,32.2,20.4,26.4,30.8,39,0.0,0.0,0.0,0.0,5.35,11.9
2009-05-28,23.3,25.7,18.5,22.5,25.3,51,0.1,0.1,0.0,1.0,5.28,10.8
2009-05-29,22.3,27.8,17.2,20.2,23.4,42,0.0,0.0,0.0,0.0,7.32,16.5
2009-05-30,22.9,30.0,12.8,18.4,24.4,19,0.0,0.0,0.0,0.0,7.08,14.7
2009-05-31,25.9,35.1,13.2,22.5,31.6,19,0.0,0.0,0.0,0.0,5.5,10.3
2009-06-01,29.6,39.6,17.8,26.6,36.2,17,0.0,0.0,0.0,0.0,4.53,12.9
2009-06-02,27.8,32.2,20.0,25.3,32.1,21,0.0,0.0,0.0,0.0,5.16,12.8
2009-06-03,26.8,32.8,17.7,24.8,32.4,26,0.0,0.0,0.0,0.0,3.81,8.9
2009-06-04,27.5,36.4,20.4,25.4,34.9,25,0.0,0.0,0.0,0.0,5.68,13.1
2009-06-05,26.4,32.3,19.3,25.2,31.8,35,0.0,0.0,0.0,0.0,5.28,11.1
2009-06-06,19.7,22.4,17.8,20.0,22.3,70,5.1,5.1,0.0,8.0,2.55,9.5
2009-06-07,23.6,30.2,18.3,24.0,29.5,59,0.0,0.0,0.0,0.0,3.41,8.2
2009-06-08,20.0,22.7,18.7,21.1,23.2,81,35.8,35.8,0.0,12.0,4.18,9.1
2009-06-09,23.4,29.0,17.9,23.9,28.4,62,2.7,2.7,0.0,3.0,3.68,8.9
2009-06-10,26.5,32.1,20.8,24.2,30.3,34,0.0,0.0,0.0,0.0,7.47,14.7
2009-06-11,25.0,32.8,17.1,24.3,32.9,42,0.0,0.0,0.0,0.0,4.1,9.4
2009-06-12,24.6,31.3,16.4,23.9,31.0,40,0.0,0.0,0.0,0.0,3.01,7.6
2009-06-13,24.7,30.3,19.1,25.4,32.0,54,0.3,0.3,0.0,1.0,3.1,10.3
2009-06-14,25.2,30.8,18.3,26.6,33.3,57,0.0,0.0,0.0,0.0,2.91,5.3
2009-06-15,26.0,32.3,18.9,26.6,33.9,50,0.8,0.8,0.0,2.0,4.34,8.2
2009-06-16,21.2,23.1,19.7,22.2,23.5,73,17.8,17.8,0.0,8.0,2.69,9.5
2009-06-17,23.4,28.1,19.1,25.8,29.8,75,0.1,0.1,0.0,1.0,2.72,6.4
2009-06-18,24.7,28.3,21.9,28.1,32.2,80,17.1,17.1,0.0,11.0,3.05,11.2
2009-06-19,25.2,28.8,19.1,27.8,31.3,73,2.2,2.2,0.0,4.0,4.67,8.5
2009-06-20,26.2,34.1,17.5,26.5,34.8,49,0.0,0.0,0.0,0.0,4.71,9.5
2009-06-21,26.5,32.9,20.6,25.3,31.0,40,0.0,0.0,0.0,0.0,6.18,10.1
2009-06-22,27.1,33.8,20.3,26.0,34.2,33,0.0,0.0,0.0,0.0,4.08,8.1
2009-06-23,27.0,35.5,19.2,27.5,37.0,45,0.0,0.0,0.0,0.0,2.83,6.8
2009-06-24,29.7,39.7,19.6,29.7,38.3,39,0.0,0.0,0.0,0.0,4.81,10.9
2009-06-25,30.2,37.5,21.8,30.5,37.6,40,0.0,0.0,0.0,0.0,4.34,9.4
2009-06-26,30.8,37.7,23.8,31.3,39.0,38,0.0,0.0,0.0,0.0,4.9,10.7
2009-06-27,30.3,35.6,25.9,32.2,38.0,47,0.2,0.2,0.0,1.0,4.61,10.3
2009-06-28,30.9,37.5,21.3,31.0,36.4,39,0.0,0.0,0.0,0.0,5.43,12.5
2009-06-29,29.6,36.4,20.5,28.3,33.0,31,0.0,0.0,0.0,0.0,5.48,11.6
2009-06-30,29.2,33.7,23.7,27.7,33.1,30,0.0,0.0,0.0,0.0,4.31,12.1
2009-07-01,28.7,33.9,22.3,27.6,32.6,33,0.0,0.0,0.0,0.0,4.3,12.2
2009-07-02,29.9,36.3,21.8,29.8,37.7,35,0.0,0.0,0.0,0.0,2.9,8.4
2009-07-03,31.5,38.9,22.7,32.2,40.3,38,0.0,0.0,0.0,0.0,3.55,6.4
2009-07-04,31.1,38.1,25.4,32.3,38.8,44,0.0,0.0,0.0,0.0,4.5,10.8
2009-07-05,28.2,34.1,23.7,30.9,37.1,61,2.5,2.5,0.0,6.0,2.9,10.2
2009-07-06,27.2,31.9,23.1,30.6,35.7,70,1.5,1.5,0.0,4.0,3.89,6.4
2009-07-07,29.0,34.8,22.4,32.3,38.8,60,0.0,0.0,0.0,0.0,2.56,5.7
2009-07-08,25.5,28.6,20.5,27.4,31.1,64,2.0,2.0,0.0,6.0,3.9,9.7
2009-07-09,26.7,34.2,17.6,28.6,37.2,58,0.0,0.0,0.0,0.0,3.5,7.2
2009-07-10,29.4,36.1,22.3,32.4,40.5,57,0.0,0.0,0.0,0.0,4.44,8.5
2009-07-11,28.8,33.2,25.4,32.3,37.8,63,0.2,0.2,0.0,1.0,3.77,8.4
2009-07-12,29.1,33.6,22.9,30.7,35.7,52,0.0,0.0,0.0,0.0,4.54,10.8
2009-07-13,27.4,32.5,23.3,31.4,36.7,72,16.4,16.4,0.0,8.0,2.2,6.8
2009-07-14,27.7,33.2,23.4,31.6,37.9,69,0.6,0.6,0.0,2.0,3.61,8.1
2009-07-15,29.3,35.1,21.9,32.5,39.0,60,0.0,0.0,0.0,0.0,2.79,7.1
2009-07-16,28.6,32.5,25.4,31.6,35.4,64,0.0,0.0,0.0,0.0,5.44,14.1
2009-07-17,23.8,25.8,22.5,27.5,29.9,86,46.4,46.4,0.0,12.0,2.61,5.9
2009-07-18,27.1,31.8,22.0,31.0,37.5,72,0.0,0.0,0.0,0.0,2.91,6.2
2009-07-19,27.8,32.0,23.0,32.4,36.5,76,0.0,0.0,0.0,0.0,3.07,7.1
2009-07-20,28.8,34.4,24.6,33.4,40.4,69,6.7,6.7,0.0,5.0,2.8,6.4
2009-07-21,28.7,34.3,24.2,34.0,40.7,73,2.1,2.1,0.0,3.0,3.49,6.9
2009-07-22,27.3,32.6,23.0,32.0,37.7,79,1.9,1.9,0.0,5.0,3.94,7.6
2009-07-23,24.1,30.4,18.6,27.5,34.6,83,16.1,16.1,0.0,7.0,3.34,9.3
2009-07-24,23.1,27.2,20.0,25.8,30.4,81,20.7,20.7,0.0,14.0,3.3,9.6
2009-07-25,24.7,29.9,18.8,27.3,32.6,72,0.0,0.0,0.0,0.0,2.4,7.2
2009-07-26,26.0,31.4,20.3,29.6,35.5,72,0.0,0.0,0.0,0.0,2.42,5.4
2009-07-27,25.6,29.2,21.9,29.2,32.8,76,0.0,0.0,0.0,0.0,2.71,6.6
2009-07-28,26.0,30.0,21.2,29.2,32.4,73,0.1,0.1,0.0,1.0,2.55,5.7
2009-07-29,26.1,30.3,22.6,30.1,34.1,79,3.4,3.4,0.0,4.0,3.04,7.0
2009-07-30,26.2,30.9,23.1,30.7,36.2,81,6.2,6.2,0.0,8.0,2.46,7.1
2009-07-31,26.1,30.9,21.4,30.6,35.9,80,1.2,1.2,0.0,4.0,2.5,6.8
2009-08-01,26.2,30.7,23.2,30.9,35.3,83,5.9,5.9,0.0,7.0,2.81,8.1
2009-08-02,26.6,31.6,22.8,31.2,36.9,79,0.0,0.0,0.0,0.0,2.82,7.6
2009-08-03,27.4,33.1,21.5,31.7,37.6,74,0.4,0.4,0.0,1.0,2.51,7.2
2009-08-04,25.8,29.1,23.1,30.0,33.5,80,2.2,2.2,0.0,7.0,2.66,5.9
2009-08-05,24.3,27.8,21.9,28.2,32.2,83,17.9,17.9,0.0,15.0,2.42,6.7
2009-08-06,24.4,29.5,20.8,28.5,34.2,84,27.4,27.4,0.0,17.0,1.66,6.1
2009-08-07,25.7,30.2,22.4,30.2,35.8,83,7.5,7.5,0.0,14.0,2.06,5.6
2009-08-08,27.0,31.3,22.9,31.7,37.0,78,0.1,0.1,0.0,1.0,2.35,6.2
2009-08-09,26.2,29.5,23.1,30.9,33.9,82,6.1,6.1,0.0,7.0,2.51,7.2
2009-08-10,27.0,31.9,22.7,32.0,38.5,79,0.0,0.0,0.0,0.0,2.47,4.9
2009-08-11,27.4,35.0,21.5,30.9,39.7,68,0.0,0.0,0.0,0.0,2.97,4.3
2009-08-12,27.1,34.6,20.5,30.5,38.9,66,0.0,0.0,0.0,0.0,2.19,5.4
2009-08-13,28.3,35.3,20.4,32.8,41.5,70,0.0,0.0,0.0,0.0,2.63,4.3
2009-08-14,28.5,35.6,22.8,32.8,39.7,70,0.0,0.0,0.0,0.0,3.95,8.3
2009-08-15,28.3,34.2,22.9,32.7,38.3,70,0.0,0.0,0.0,0.0,2.21,7.2
2009-08-16,26.4,30.0,22.7,31.2,36.1,83,21.2,21.2,0.0,15.0,2.8,8.5
2009-08-17,23.4,25.0,22.3,26.9,29.1,88,20.6,20.6,0.0,19.0,3.31,8.2
2009-08-18,24.9,28.5,19.6,28.5,32.7,77,0.0,0.0,0.0,0.0,1.43,3.9
2009-08-19,24.4,27.8,21.3,28.4,31.0,85,5.6,5.6,0.0,12.0,2.19,4.5
2009-08-20,25.5,32.7,17.8,27.7,35.9,65,0.0,0.0,0.0,0.0,3.76,7.6
2009-08-21,25.2,29.6,20.5,27.4,32.5,66,0.0,0.0,0.0,0.0,2.64,5.9
2009-08-22,23.1,29.0,18.2,24.8,31.8,69,0.0,0.0,0.0,0.0,3.23,6.4
2009-08-23,24.1,31.7,17.9,27.0,35.9,75,0.0,0.0,0.0,0.0,3.48,6.9
2009-08-24,24.0,27.8,19.8,27.2,31.0,79,0.0,0.0,0.0,0.0,1.87,4.5
2009-08-25,23.0,24.3,21.9,26.9,28.9,89,11.3,11.3,0.0,13.0,1.49,3.4
2009-08-26,25.4,29.6,21.9,29.4,34.3,81,1.7,1.7,0.0,4.0,3.47,7.5
2009-08-27,23.7,29.3,19.3,26.9,32.5,80,0.3,0.3,0.0,1.0,4.53,9.3
2009-08-28,22.2,27.4,18.5,21.3,26.7,51,0.0,0.0,0.0,0.0,4.74,10.3
2009-08-29,20.5,25.8,16.4,20.5,25.9,61,0.0,0.0,0.0,0.0,2.58,7.9
2009-08-30,20.1,27.0,13.8,20.2,27.3,64,0.0,0.0,0.0,0.0,3.93,8.7
2009-08-31,22.5,28.3,16.2,23.2,29.2,64,0.0,0.0,0.0,0.0,4.02,9.0
2009-09-01,23.3,28.5,17.7,24.4,29.6,65,0.0,0.0,0.0,0.0,3.6,7.9
2009-09-02,22.8,25.8,19.9,24.8,27.5,73,0.0,0.0,0.0,0.0,2.14,5.5
2009-09-03,23.8,28.0,19.6,26.3,30.7,73,0.2,0.2,0.0,1.0,1.82,4.4
2009-09-04,22.8,23.8,21.9,26.6,28.2,90,2.8,2.8,0.0,11.0,2.69,6.5
2009-09-05,24.1,27.9,20.6,28.0,31.4,86,1.4,1.4,0.0,5.0,2.77,6.9
2009-09-06,16.9,21.0,14.4,16.7,23.2,78,2.7,2.7,0.0,11.0,4.01,9.4
2009-09-07,17.5,21.7,15.0,17.2,20.7,72,2.0,2.0,0.0,4.0,2.69,5.5
2009-09-08,18.1,23.8,14.0,18.1,23.4,70,0.0,0.0,0.0,0.0,2.38,5.8
2009-09-09,19.5,28.6,10.4,19.0,27.6,64,0.0,0.0,0.0,0.0,2.52,5.2
2009-09-10,20.8,27.1,16.8,20.8,26.9,60,0.0,0.0,0.0,0.0,2.83,7.8
2009-09-11,21.5,28.5,15.2,19.7,25.8,48,0.0,0.0,0.0,0.0,6.72,13.6
2009-09-12,22.5,29.4,16.0,20.3,28.1,36,0.0,0.0,0.0,0.0,3.41,7.9
2009-09-13,21.1,29.2,13.7,20.6,28.9,52,0.0,0.0,0.0,0.0,3.77,7.8
2009-09-14,22.7,30.5,17.8,22.9,31.0,55,0.0,0.0,0.0,0.0,2.34,6.1
2009-09-15,22.2,31.4,13.7,20.4,29.4,39,0.0,0.0,0.0,0.0,3.51,7.4
2009-09-16,23.0,30.1,15.6,23.4,30.1,61,0.0,0.0,0.0,0.0,5.12,10.7
2009-09-17,24.1,30.0,18.7,25.8,32.2,64,0.0,0.0,0.0,0.0,2.13,7.2
2009-09-18,22.9,26.9,19.2,23.7,27.2,67,0.0,0.0,0.0,0.0,4.53,9.0
2009-09-19,22.5,27.9,18.8,23.2,27.8,64,0.0,0.0,0.0,0.0,4.55,10.2
2009-09-20,18.3,24.3,13.2,16.0,22.0,47,3.2,3.2,0.0,5.0,6.96,14.1
2009-09-21,19.1,27.2,11.7,16.4,23.7,40,0.0,0.0,0.0,0.0,3.72,8.2
2009-09-22,19.6,28.5,11.3,17.7,25.8,46,0.0,0.0,0.0,0.0,4.9,9.8
2009-09-23,20.3,26.8,13.8,19.2,25.5,52,0.0,0.0,0.0,0.0,3.2,8.0
2009-09-24,21.6,27.6,15.3,22.0,28.4,60,0.0,0.0,0.0,0.0,2.21,5.6
2009-09-25,22.7,28.8,17.7,24.0,30.1,69,5.3,5.3,0.0,4.0,2.22,6.7
2009-09-26,21.2,25.1,18.8,23.4,27.1,85,7.2,7.2,0.0,18.0,2.5,7.5
2009-09-27,20.5,25.1,17.3,22.0,26.0,79,0.4,0.4,0.0,3.0,2.69,5.3
2009-09-28,20.3,27.4,14.3,19.9,25.8,63,0.0,0.0,0.0,0.0,2.69,6.5
2009-09-29,20.3,25.8,16.7,21.5,26.8,79,0.1,0.1,0.0,1.0,3.19,7.0
2009-09-30,21.1,27.3,16.7,22.8,28.9,78,1.1,1.1,0.0,2.0,2.47,7.2
2009-10-01,21.7,27.9,14.4,22.1,26.2,65,3.9,3.9,0.0,3.0,3.96,10.4
2009-10-02,18.9,28.0,10.7,16.3,24.2,40,0.0,0.0,0.0,0.0,3.38,10.0
2009-10-03,17.5,23.9,11.8,14.5,21.3,34,0.0,0.0,0.0,0.0,3.57,8.5
2009-10-04,16.8,23.3,11.4,13.5,20.0,34,0.0,0.0,0.0,0.0,3.22,9.5
2009-10-05,17.2,27.4,8.5,14.5,23.8,39,0.0,0.0,0.0,0.0,3.69,8.0
2009-10-06,17.1,23.6,11.3,13.9,20.9,37,0.0,0.0,0.0,0.0,4.14,9.8
2009-10-07,15.1,20.7,9.1,12.3,16.7,41,0.0,0.0,0.0,0.0,2.7,6.4
2009-10-08,14.0,17.0,11.6,12.2,15.1,60,1.8,1.8,0.0,4.0,2.42,6.4
2009-10-09,14.9,20.3,9.7,13.3,18.8,56,0.0,0.0,0.0,0.0,1.92,6.0
2009-10-10,14.3,21.8,7.3,12.7,19.7,64,0.0,0.0,0.0,0.0,2.12,4.3
2009-10-11,15.4,20.8,10.9,14.3,18.2,63,0.2,0.2,0.0,1.0,2.77,6.9
2009-10-12,15.9,23.7,11.3,14.7,21.3,66,0.4,0.4,0.0,3.0,3.22,8.5
2009-10-13,17.0,23.7,12.4,12.9,19.3,32,0.0,0.0,0.0,0.0,5.19,12.1
2009-10-14,16.1,25.3,8.2,12.6,21.7,33,0.0,0.0,0.0,0.0,2.91,6.4
2009-10-15,16.7,26.7,8.0,14.1,24.0,40,0.0,0.0,0.0,0.0,2.86,6.3
2009-10-16,14.9,19.4,9.4,10.9,13.2,42,0.0,0.0,0.0,0.0,7.93,16.3
2009-10-17,15.3,22.8,9.4,11.6,19.0,30,0.0,0.0,0.0,0.0,2.89,8.8
2009-10-18,11.7,19.9,7.3,7.2,15.9,37,0.2,0.2,0.0,1.0,9.7,19.7
2009-10-19,9.7,15.7,5.0,4.9,11.5,24,0.0,0.0,0.0,0.0,5.22,11.6
2009-10-20,10.5,21.2,3.4,6.6,16.1,35,0.0,0.0,0.0,0.0,5.91,12.3
2009-10-21,11.9,20.9,3.4,8.4,15.8,45,0.0,0.0,0.0,0.0,4.71,10.3
2009-10-22,14.6,24.4,7.6,11.8,21.4,45,0.0,0.0,0.0,0.0,2.75,5.6
2009-10-23,14.2,23.1,7.6,11.6,19.7,46,0.0,0.0,0.0,0.0,2.28,6.0
2009-10-24,14.3,22.7,7.8,12.2,20.8,56,0.0,0.0,0.0,0.0,2.4,4.8
2009-10-25,14.1,20.0,8.1,12.6,18.7,67,0.0,0.0,0.0,0.0,2.41,6.1
2009-10-26,14.0,20.4,9.4,10.8,16.4,45,0.0,0.0,0.0,0.0,4.32,10.3
2009-10-27,11.7,18.7,6.2,9.5,16.6,66,0.0,0.0,0.0,0.0,2.88,6.2
2009-10-28,12.7,20.3,7.1,11.4,18.8,73,0.0,0.0,0.0,0.0,2.3,5.6
2009-10-29,13.6,23.7,7.3,11.7,21.7,61,0.0,0.0,0.0,0.0,2.45,4.9
2009-10-30,10.5,13.3,7.5,6.8,9.5,41,0.0,0.0,0.0,0.0,3.52,6.9
2009-10-31,8.6,13.6,5.0,5.7,10.7,60,0.0,0.0,0.0,0.0,4.6,8.6
2009-11-01,1.2,5.1,-3.1,-3.2,0.6,63,6.5,0.7,4.06,17.0,6.31,11.9
2009-11-02,-0.1,5.1,-4.1,-5.2,-0.1,37,0.0,0.0,0.0,0.0,4.58,8.5
2009-11-03,1.2,8.4,-3.8,-2.5,3.8,52,0.0,0.0,0.0,0.0,2.81,6.5
2009-11-04,4.6,15.0,-3.2,1.4,11.7,60,0.0,0.0,0.0,0.0,2.89,4.9
2009-11-05,6.8,16.8,-0.1,3.9,13.5,64,0.0,0.0,0.0,0.0,2.6,5.2
2009-11-06,7.6,14.9,0.8,5.2,12.6,71,0.0,0.0,0.0,0.0,1.94,4.2
2009-11-07,8.0,16.7,2.4,5.8,15.1,76,0.0,0.0,0.0,0.0,2.2,4.4
2009-11-08,9.0,12.0,4.6,6.7,9.6,66,0.0,0.0,0.0,0.0,2.02,5.1
2009-11-09,4.2,8.9,0.5,0.4,5.1,54,0.0,0.0,0.0,0.0,2.72,7.0
2009-11-10,1.3,3.6,-0.5,-2.7,-0.6,46,0.0,0.0,0.0,0.0,3.22,7.8
2009-11-11,1.8,4.0,-0.2,-2.3,-0.0,36,0.0,0.0,0.0,0.0,2.19,5.5
2009-11-12,0.5,2.0,-2.1,-2.7,-1.2,69,1.7,0.0,1.26,5.0,1.8,4.1
2009-11-13,-0.4,5.8,-4.5,-3.9,2.2,77,0.0,0.0,0.0,0.0,2.81,5.9
2009-11-14,-0.5,3.8,-4.1,-5.9,-2.3,42,0.0,0.0,0.0,0.0,5.2,11.6
2009-11-15,-2.9,1.0,-5.1,-8.5,-4.5,39,0.0,0.0,0.0,0.0,4.88,10.0
2009-11-16,-3.8,0.4,-6.6,-9.1,-4.7,39,0.0,0.0,0.0,0.0,4.7,10.0
2009-11-17,-3.3,3.2,-7.6,-8.2,-1.8,45,0.0,0.0,0.0,0.0,3.69,7.7
2009-11-18,-2.7,4.4,-7.4,-7.1,-0.3,51,0.0,0.0,0.0,0.0,3.01,6.8
2009-11-19,-3.2,2.3,-7.3,-7.7,-2.9,49,0.0,0.0,0.0,0.0,3.45,7.8
2009-11-20,-1.5,4.7,-5.3,-6.3,-1.2,45,0.0,0.0,0.0,0.0,4.83,10.7
2009-11-21,-2.0,3.9,-6.0,-6.0,-0.4,51,0.0,0.0,0.0,0.0,3.03,6.1
2009-11-22,-0.6,6.7,-5.4,-4.2,3.0,66,0.0,0.0,0.0,0.0,2.87,5.5
2009-11-23,0.3,7.8,-5.0,-3.3,4.6,68,0.0,0.0,0.0,0.0,1.99,3.7
2009-11-24,3.1,8.7,-1.7,-0.3,5.7,64,0.0,0.0,0.0,0.0,3.06,6.2
2009-11-25,1.7,4.9,-3.6,-2.0,1.3,71,0.0,0.0,0.0,0.0,2.92,6.3
2009-11-26,2.9,5.0,-1.3,0.3,2.6,83,0.0,0.0,0.0,0.0,2.25,4.8
2009-11-27,0.5,5.3,-4.3,-3.0,1.9,73,0.0,0.0,0.0,0.0,2.62,5.8
2009-11-28,-2.2,2.3,-5.4,-5.5,-1.3,83,0.0,0.0,0.0,0.0,2.45,5.6
2009-11-29,-0.0,6.0,-4.0,-3.3,2.8,80,0.0,0.0,0.0,0.0,2.84,4.1
2009-11-30,1.1,8.7,-3.3,-2.5,6.1,72,0.0,0.0,0.0,0.0,2.44,4.4
2009-12-01,0.3,6.1,-3.5,-3.2,2.7,74,0.0,0.0,0.0,0.0,2.56,5.1
2009-12-02,1.7,6.7,-2.4,-2.6,1.4,60,0.0,0.0,0.0,0.0,5.01,10.4
2009-12-03,-1.5,3.3,-5.5,-5.5,-1.3,67,0.0,0.0,0.0,0.0,3.51,8.2
2009-12-04,-1.4,4.3,-4.6,-6.3,-1.7,58,0.0,0.0,0.0,0.0,7.09,13.7
2009-12-05,-2.8,3.7,-7.2,-7.3,-0.8,43,0.0,0.0,0.0,0.0,2.86,8.4
2009-12-06,-2.6,3.6,-6.2,-6.6,-0.4,55,0.0,0.0,0.0,0.0,2.01,4.4
2009-12-07,-2.5,2.4,-6.9,-6.2,-1.4,68,0.0,0.0,0.0,0.0,1.99,4.0
2009-12-08,-1.1,7.3,-6.4,-4.8,4.2,64,0.0,0.0,0.0,0.0,1.92,4.6
2009-12-09,-1.4,3.3,-5.0,-4.8,0.2,76,0.0,0.0,0.0,0.0,2.0,4.7
2009-12-10,-0.8,1.4,-2.5,-3.8,-1.2,90,0.0,0.0,0.0,0.0,1.62,3.4
2009-12-11,-0.2,3.9,-3.7,-5.1,-1.6,49,0.0,0.0,0.0,0.0,5.5,11.0
2009-12-12,-3.2,0.8,-6.9,-7.5,-3.6,41,0.0,0.0,0.0,0.0,2.24,4.7
2009-12-13,-1.3,3.5,-4.2,-5.2,-0.8,54,0.0,0.0,0.0,0.0,2.27,5.1
2009-12-14,-2.2,1.7,-4.8,-6.6,-2.2,43,0.0,0.0,0.0,0.0,3.32,6.8
2009-12-15,-3.9,-0.1,-6.4,-8.7,-4.3,33,0.0,0.0,0.0,0.0,2.75,6.1
2009-12-16,-5.2,-0.1,-9.2,-9.7,-4.6,37,0.0,0.0,0.0,0.0,2.53,5.6
2009-12-17,-5.7,-2.6,-7.7,-11.4,-8.9,27,0.0,0.0,0.0,0.0,4.89,9.9
2009-12-18,-6.4,-2.4,-9.2,-12.2,-8.7,28,0.0,0.0,0.0,0.0,4.84,10.2
2009-12-19,-5.6,-1.1,-9.4,-11.5,-7.7,27,0.0,0.0,0.0,0.0,5.3,11.1
2009-12-20,-2.8,3.4,-6.5,-8.3,-2.2,25,0.0,0.0,0.0,0.0,4.46,8.9
2009-12-21,-4.1,3.3,-8.7,-8.6,-1.1,36,0.0,0.0,0.0,0.0,2.75,4.5
2009-12-22,-2.7,5.4,-7.8,-7.0,1.8,43,0.0,0.0,0.0,0.0,2.51,5.0
2009-12-23,-2.5,2.6,-7.0,-6.5,-1.5,59,0.0,0.0,0.0,0.0,2.06,4.8
2009-12-24,-2.1,1.4,-5.4,-6.2,-3.4,73,0.0,0.0,0.0,0.0,7.15,14.5
2009-12-25,-7.5,-4.0,-9.8,-13.9,-11.7,19,0.0,0.0,0.0,0.0,8.03,17.9
2009-12-26,-9.3,-6.4,-13.3,-14.0,-11.1,29,0.0,0.0,0.0,0.0,2.06,5.7
2009-12-27,-7.0,-2.7,-9.7,-12.0,-7.5,29,0.0,0.0,0.0,0.0,4.38,8.8
2009-12-28,-8.2,-2.1,-13.1,-12.8,-6.0,46,0.0,0.0,0.0,0.0,2.69,6.3
2009-12-29,-5.0,0.8,-9.7,-10.2,-5.6,40,0.0,0.0,0.0,0.0,5.74,12.7
2009-12-30,-6.6,-2.6,-10.4,-12.1,-9.3,32,0.0,0.0,0.0,0.0,6.53,12.9
2009-12-31,-8.9,-4.2,-13.7,-13.8,-9.6,33,0.0,0.0,0.0,0.0,3.81,9.0
