time,temperature_2m_mean,temperature_2m_max,temperature_2m_min,apparent_temperature_mean,apparent_temperature_max,relative_humidity_2m_mean,precipitation_sum,rain_sum,snowfall_sum,precipitation_hours,wind_speed_10m_max,wind_gusts_10m_max
2005-01-01,3.2,6.0,-0.4,0.2,3.1,72,0.0,0.0,0.0,0.0,1.84,4.7
2005-01-02,3.6,9.6,-1.3,0.6,6.7,77,0.0,0.0,0.0,0.0,2.7,4.9
2005-01-03,5.5,7.9,2.3,2.6,5.3,71,0.0,0.0,0.0,0.0,2.69,6.9
2005-01-04,7.1,11.3,3.0,4.3,8.3,66,0.0,0.0,0.0,0.0,2.71,5.6
2005-01-05,7.9,12.0,2.2,4.9,9.7,60,0.0,0.0,0.0,0.0,2.77,5.1
2005-01-06,5.7,11.3,-0.4,3.3,9.5,79,0.0,0.0,0.0,0.0,1.92,5.1
2005-01-07,8.8,9.5,7.8,7.0,8.2,80,0.7,0.7,0.0,4.0,2.1,4.7
2005-01-08,8.1,9.0,6.8,6.1,6.8,77,1.0,1.0,0.0,9.0,1.62,4.5
2005-01-09,7.3,9.5,5.7,5.0,7.4,75,0.3,0.3,0.0,3.0,2.24,4.8
2005-01-10,5.6,6.6,4.3,3.2,4.1,79,1.1,1.1,0.0,5.0,2.47,4.2
2005-01-11,6.1,8.3,4.4,4.0,6.3,81,0.2,0.2,0.0,2.0,1.89,3.9
2005-01-12,5.9,9.2,3.6,3.5,6.8,75,0.0,0.0,0.0,0.0,1.61,4.7
2005-01-13,5.9,9.5,2.4,3.3,7.2,72,0.0,0.0,0.0,0.0,1.71,4.7
2005-01-14,5.2,9.3,2.6,2.5,6.9,78,0.0,0.0,0.0,0.0,2.24,5.4
2005-01-15,5.1,10.5,-0.4,2.4,7.8,78,0.0,0.0,0.0,0.0,2.34,5.6
2005-01-16,8.1,12.2,2.6,5.6,9.6,69,0.0,0.0,0.0,0.0,1.73,5.2
2005-01-17,8.1,9.2,7.3,6.2,7.6,78,1.6,1.6,0.0,9.0,1.84,3.2
2005-01-18,7.4,8.3,6.2,5.8,6.7,86,2.5,2.5,0.0,12.0,1.14,3.6
2005-01-19,7.3,8.9,5.7,5.1,6.1,78,0.4,0.4,0.0,4.0,2.16,4.8
2005-01-20,6.7,7.6,5.7,4.4,4.9,76,1.0,1.0,0.0,7.0,2.15,4.7
2005-01-21,5.7,6.8,4.4,3.4,4.4,81,1.6,1.6,0.0,9.0,1.7,4.7
2005-01-22,7.0,12.0,3.9,4.6,9.3,78,0.0,0.0,0.0,0.0,2.55,6.1
2005-01-23,6.0,8.0,3.5,3.8,6.1,84,0.9,0.9,0.0,5.0,2.55,6.4
2005-01-24,6.5,8.2,4.9,4.2,5.9,86,0.1,0.1,0.0,1.0,2.78,6.0
2005-01-25,7.7,9.1,6.5,6.0,7.3,82,0.1,0.1,0.0,1.0,1.58,4.2
2005-01-26,7.4,8.3,6.4,5.3,6.3,76,0.0,0.0,0.0,0.0,1.53,4.5
2005-01-27,7.7,10.8,5.0,5.6,8.8,78,0.5,0.5,0.0,2.0,1.78,3.8
2005-01-28,8.1,12.5,4.0,6.0,10.9,76,0.0,0.0,0.0,0.0,2.84,5.7
2005-01-29,8.1,9.9,4.9,6.0,8.1,78,0.4,0.4,0.0,3.0,2.68,5.3
2005-01-30,8.2,9.9,6.5,5.9,7.2,71,0.0,0.0,0.0,0.0,2.41,5.0
2005-01-31,7.9,10.6,5.3,5.6,8.3,72,0.0,0.0,0.0,0.0,1.84,4.2
2005-02-01,8.2,10.5,6.6,5.3,7.0,62,0.0,0.0,0.0,0.0,2.72,5.2
2005-02-02,7.2,10.5,4.4,4.0,7.6,57,0.0,0.0,0.0,0.0,2.86,6.1
2005-02-03,7.0,11.9,4.0,4.2,9.3,66,0.0,0.0,0.0,0.0,3.0,4.9
2005-02-04,7.8,13.5,2.6,5.5,11.3,75,0.0,0.0,0.0,0.0,2.42,5.6
2005-02-05,10.6,15.0,6.9,8.9,13.0,73,0.3,0.3,0.0,2.0,2.01,5.0
2005-02-06,10.6,12.8,8.6,8.8,11.1,72,1.4,1.4,0.0,8.0,1.91,4.4
2005-02-07,11.0,13.8,8.9,9.1,12.0,70,0.3,0.3,0.0,2.0,2.34,5.0
2005-02-08,10.3,13.5,8.6,7.9,10.9,67,0.2,0.2,0.0,2.0,3.4,8.2
2005-02-09,9.8,11.0,8.6,8.5,9.8,80,3.1,3.1,0.0,13.0,1.53,4.3
2005-02-10,9.0,12.8,6.1,6.6,10.0,72,4.7,4.7,0.0,8.0,2.5,5.8
2005-02-11,6.6,9.0,5.2,4.0,6.6,75,1.1,1.1,0.0,5.0,2.6,5.3
2005-02-12,6.3,8.5,3.3,3.9,6.3,76,0.1,0.1,0.0,1.0,1.57,4.4
2005-02-13,7.5,10.2,4.8,4.9,7.1,72,1.5,1.5,0.0,7.0,3.28,7.2
2005-02-14,8.4,9.8,6.7,6.2,7.9,71,0.6,0.6,0.0,5.0,2.44,5.9
2005-02-15,9.8,11.2,8.6,8.4,9.6,80,0.5,0.5,0.0,3.0,1.7,4.5
2005-02-16,10.0,12.0,8.5,8.6,10.5,77,3.3,3.3,0.0,14.0,1.71,4.8
2005-02-17,7.8,8.9,6.3,5.4,6.4,71,0.1,0.1,0.0,1.0,1.84,4.7
2005-02-18,7.7,8.6,6.6,5.4,6.0,75,0.0,0.0,0.0,0.0,2.28,4.9
2005-02-19,5.9,6.8,5.1,3.2,4.5,70,0.1,0.1,0.0,1.0,2.14,5.3
2005-02-20,6.0,8.5,4.2,3.3,5.4,68,0.0,0.0,0.0,0.0,1.84,5.0
2005-02-21,7.0,9.6,4.4,4.5,7.3,66,0.4,0.4,0.0,2.0,1.44,4.4
2005-02-22,7.0,13.3,1.7,4.6,11.6,72,0.0,0.0,0.0,0.0,2.64,5.6
2005-02-23,8.1,11.7,4.5,5.9,9.1,73,0.0,0.0,0.0,0.0,2.12,5.4
2005-02-24,11.7,19.7,5.7,10.0,18.6,69,0.0,0.0,0.0,0.0,3.28,6.3
2005-02-25,10.8,12.2,9.1,9.3,11.7,78,2.8,2.8,0.0,13.0,3.33,6.5
2005-02-26,9.6,11.8,7.8,7.2,9.3,70,5.7,5.7,0.0,10.0,2.86,6.8
2005-02-27,8.4,10.1,6.9,6.6,8.4,80,2.7,2.7,0.0,11.0,1.58,4.6
2005-02-28,9.1,12.0,6.2,7.5,10.1,81,0.0,0.0,0.0,0.0,2.16,4.2
2005-03-01,10.0,11.8,8.5,8.5,10.2,80,1.7,1.7,0.0,5.0,2.34,3.8
2005-03-02,11.9,14.2,9.3,10.6,12.4,73,2.2,2.2,0.0,7.0,1.81,5.5
2005-03-03,11.8,15.6,8.9,10.7,15.2,80,4.6,4.6,0.0,19.0,2.41,6.6
2005-03-04,12.0,16.4,8.1,9.6,13.9,60,0.3,0.3,0.0,2.0,3.41,8.3
2005-03-05,10.3,18.1,2.9,7.5,16.9,51,0.0,0.0,0.0,0.0,3.45,5.6
2005-03-06,12.2,20.3,4.4,9.9,19.3,59,0.0,0.0,0.0,0.0,2.69,5.5
2005-03-07,14.3,20.0,7.9,12.7,19.1,59,0.0,0.0,0.0,0.0,2.5,5.8
2005-03-08,16.5,22.3,11.4,15.7,21.6,67,0.2,0.2,0.0,1.0,2.85,5.1
2005-03-09,15.7,19.3,11.4,15.4,19.0,76,1.7,1.7,0.0,3.0,2.21,5.0
2005-03-10,17.0,22.9,12.1,17.0,23.7,76,0.1,0.1,0.0,1.0,2.9,6.1
2005-03-11,17.1,21.7,12.5,17.6,23.6,83,12.5,12.5,0.0,17.0,3.86,11.1
2005-03-12,8.5,12.6,7.4,6.0,10.6,75,18.2,18.2,0.0,17.0,3.52,8.3
2005-03-13,9.6,13.5,6.7,7.1,12.1,63,0.0,0.0,0.0,0.0,2.77,7.0
2005-03-14,10.2,15.6,5.9,8.0,14.2,63,0.0,0.0,0.0,0.0,2.9,4.7
2005-03-15,11.4,15.3,7.7,9.7,13.1,72,0.0,0.0,0.0,0.0,3.2,7.4
2005-03-16,12.6,14.5,10.6,11.6,13.9,77,0.3,0.3,0.0,3.0,2.0,4.8
2005-03-17,12.8,17.1,8.4,11.6,15.6,78,3.6,3.6,0.0,6.0,2.91,7.6
2005-03-18,13.4,16.1,11.6,12.1,14.0,73,5.4,5.4,0.0,6.0,2.69,6.8
2005-03-19,11.8,13.7,10.3,10.2,12.7,68,0.2,0.2,0.0,2.0,2.2,5.5
2005-03-20,12.2,14.3,10.4,11.4,13.3,81,3.0,3.0,0.0,7.0,2.01,7.8
2005-03-21,13.3,15.4,11.5,12.7,14.7,84,2.4,2.4,0.0,10.0,2.88,6.4
2005-03-22,14.0,16.4,12.1,13.6,15.8,83,5.5,5.5,0.0,9.0,2.46,6.2
2005-03-23,12.3,14.1,10.5,11.2,13.0,82,3.1,3.1,0.0,13.0,2.19,5.9
2005-03-24,13.4,16.8,10.0,12.5,16.4,72,0.1,0.1,0.0,1.0,1.78,4.3
2005-03-25,12.6,14.0,11.1,11.0,12.1,76,1.0,1.0,0.0,4.0,3.2,7.4
2005-03-26,11.7,12.6,11.0,11.1,11.9,83,0.5,0.5,0.0,3.0,1.36,4.5
2005-03-27,13.8,18.0,10.6,13.1,17.3,76,0.0,0.0,0.0,0.0,2.27,3.9
2005-03-28,14.4,18.1,10.5,13.6,17.6,76,1.0,1.0,0.0,4.0,2.38,6.3
2005-03-29,13.7,14.6,13.4,13.7,14.6,89,3.9,3.9,0.0,14.0,1.7,4.8
2005-03-30,14.4,17.0,12.3,14.3,16.8,83,6.5,6.5,0.0,9.0,2.13,6.5
2005-03-31,15.2,18.5,12.1,15.0,18.0,77,2.0,2.0,0.0,4.0,1.61,4.5
2005-04-01,15.3,17.3,12.9,15.3,17.1,80,7.1,7.1,0.0,13.0,2.32,6.0
2005-04-02,17.1,22.9,12.5,17.1,22.8,73,0.0,0.0,0.0,0.0,2.31,6.0
2005-04-03,18.8,25.7,12.4,18.9,26.8,67,0.0,0.0,0.0,0.0,2.08,6.4
2005-04-04,18.8,25.3,12.0,18.3,24.5,65,0.1,0.1,0.0,1.0,2.91,9.9
2005-04-05,19.8,25.0,15.2,20.1,26.2,68,4.3,4.3,0.0,7.0,2.62,8.1
2005-04-06,21.6,30.6,12.7,22.4,33.5,66,0.0,0.0,0.0,0.0,3.45,7.5
2005-04-07,24.2,31.8,16.0,24.5,32.2,59,0.0,0.0,0.0,0.0,4.44,10.2
2005-04-08,23.5,28.9,19.2,25.3,31.1,72,4.5,4.5,0.0,4.0,3.27,7.2
2005-04-09,15.8,20.5,13.4,15.2,22.3,81,26.6,26.6,0.0,15.0,4.37,9.7
2005-04-10,13.1,14.8,12.1,12.5,14.2,81,2.4,2.4,0.0,9.0,2.62,5.4
2005-04-11,12.6,14.1,11.0,11.7,13.1,78,0.3,0.3,0.0,2.0,2.24,4.6
2005-04-12,12.4,13.9,10.3,11.1,12.1,76,0.0,0.0,0.0,0.0,2.22,5.9
2005-04-13,14.7,21.2,9.7,13.3,20.4,62,0.0,0.0,0.0,0.0,3.02,5.4
2005-04-14,14.2,18.6,10.6,13.1,17.5,74,0.4,0.4,0.0,2.0,2.78,6.7
2005-04-15,15.1,19.8,11.2,14.5,18.7,78,1.5,1.5,0.0,6.0,3.48,7.7
2005-04-16,14.5,15.6,13.3,14.8,15.7,90,14.1,14.1,0.0,18.0,2.06,6.1
2005-04-17,16.4,18.8,14.1,17.1,19.3,86,0.3,0.3,0.0,3.0,1.75,5.6
2005-04-18,16.9,18.9,15.1,18.0,20.3,89,4.4,4.4,0.0,12.0,1.94,4.7
2005-04-19,19.9,24.6,15.6,20.9,25.1,77,3.0,3.0,0.0,7.0,2.44,6.4
2005-04-20,21.8,30.7,13.1,23.0,33.9,68,0.0,0.0,0.0,0.0,2.06,5.8
2005-04-21,22.0,29.8,14.4,23.5,32.3,73,23.5,23.5,0.0,7.0,2.33,7.0
2005-04-22,21.1,23.9,19.0,23.4,25.2,83,12.4,12.4,0.0,15.0,2.15,6.4
2005-04-23,22.4,26.6,18.3,24.3,29.7,73,0.3,0.3,0.0,1.0,1.94,5.3
2005-04-24,22.5,28.4,17.6,24.4,31.2,74,0.8,0.8,0.0,4.0,2.95,6.2
2005-04-25,22.5,26.4,19.0,24.7,29.6,77,5.2,5.2,0.0,12.0,2.51,6.5
2005-04-26,23.8,31.4,17.1,25.6,33.8,65,0.0,0.0,0.0,0.0,1.97,5.6
2005-04-27,23.6,31.5,16.2,25.4,33.3,69,0.0,0.0,0.0,0.0,2.08,6.7
2005-04-28,23.1,26.3,20.6,26.1,30.1,80,9.8,9.8,0.0,15.0,1.64,6.5
2005-04-29,24.0,28.8,19.2,27.5,34.3,80,1.5,1.5,0.0,7.0,2.25,7.0
2005-04-30,25.1,31.2,20.1,28.9,35.5,79,4.6,4.6,0.0,7.0,2.42,6.1
2005-05-01,23.2,26.1,20.2,26.3,28.6,83,12.4,12.4,0.0,16.0,3.1,7.2
2005-05-02,24.6,29.0,20.7,27.3,31.6,75,5.1,5.1,0.0,7.0,2.92,7.9
2005-05-03,23.3,26.9,20.5,26.2,30.3,80,9.2,9.2,0.0,13.0,2.25,10.5
2005-05-04,23.9,27.2,20.5,27.0,31.2,79,5.9,5.9,0.0,5.0,2.92,5.1
2005-05-05,22.1,24.3,18.7,24.3,26.7,79,15.4,15.4,0.0,9.0,2.84,9.4
2005-05-06,22.0,27.5,15.8,23.4,29.1,70,0.0,0.0,0.0,0.0,2.3,4.7
2005-05-07,21.5,26.3,17.9,22.6,27.2,73,0.7,0.7,0.0,1.0,3.11,7.7
2005-05-08,20.3,22.6,18.8,22.5,24.4,85,0.8,0.8,0.0,5.0,1.9,5.4
2005-05-09,20.6,25.0,17.0,22.5,26.4,82,1.7,1.7,0.0,5.0,2.06,4.4
2005-05-10,21.5,26.4,16.3,23.3,29.6,76,0.1,0.1,0.0,1.0,1.92,4.5
2005-05-11,21.2,23.4,19.4,23.7,25.2,85,7.0,7.0,0.0,14.0,2.64,7.6
2005-05-12,21.6,24.0,19.4,24.2,26.4,84,2.1,2.1,0.0,6.0,2.05,4.8
2005-05-13,22.8,26.1,20.2,25.5,28.3,80,0.3,0.3,0.0,3.0,2.31,6.1
2005-05-14,23.4,27.7,18.9,26.6,31.9,81,1.0,1.0,0.0,4.0,2.26,6.7
2005-05-15,24.8,29.3,21.3,27.4,31.9,75,13.2,13.2,0.0,10.0,3.42,9.8
2005-05-16,24.4,29.0,20.5,27.7,34.6,79,1.8,1.8,0.0,7.0,3.04,10.1
2005-05-17,24.5,27.9,20.8,26.4,29.5,66,0.2,0.2,0.0,1.0,3.2,9.0
2005-05-18,19.9,21.0,18.8,22.0,23.7,87,12.8,12.8,0.0,13.0,2.65,9.7
2005-05-19,19.1,20.1,18.1,21.6,22.6,94,1.4,1.4,0.0,5.0,1.66,4.9
2005-05-20,19.6,21.7,17.5,21.5,23.1,87,3.7,3.7,0.0,7.0,2.32,5.2
2005-05-21,21.7,25.1,18.1,23.9,27.5,79,0.5,0.5,0.0,3.0,2.53,6.3
2005-05-22,21.2,24.6,17.8,23.7,27.2,86,0.9,0.9,0.0,5.0,2.62,5.6
2005-05-23,20.8,22.1,19.1,23.6,24.7,89,22.8,22.8,0.0,18.0,1.7,4.2
2005-05-24,20.1,23.1,17.7,22.6,25.1,90,1.8,1.8,0.0,5.0,1.86,4.7
2005-05-25,20.7,22.7,18.4,23.5,25.8,91,3.8,3.8,0.0,6.0,1.7,4.5
2005-05-26,21.2,23.7,19.9,24.1,26.1,87,10.7,10.7,0.0,11.0,1.57,4.9
2005-05-27,23.4,28.9,19.0,26.7,33.5,81,0.0,0.0,0.0,0.0,2.1,4.6
2005-05-28,24.2,28.6,19.9,27.3,33.0,78,3.7,3.7,0.0,8.0,3.16,7.1
2005-05-29,22.5,23.8,21.8,26.1,27.8,91,23.0,23.0,0.0,24.0,2.84,7.9
2005-05-30,22.3,24.2,21.0,26.2,27.6,94,15.1,15.1,0.0,17.0,2.42,5.4
2005-05-31,23.5,25.9,21.4,27.3,29.7,88,0.9,0.9,0.0,3.0,2.75,6.3
2005-06-01,24.9,28.7,22.1,28.3,32.1,79,0.2,0.2,0.0,2.0,3.01,6.9
2005-06-02,25.8,30.9,21.1,30.0,36.5,80,0.0,0.0,0.0,0.0,2.19,6.6
2005-06-03,24.7,27.7,22.7,28.6,31.2,83,1.7,1.7,0.0,5.0,3.16,8.2
2005-06-04,22.0,23.3,20.5,25.4,27.0,90,38.4,38.4,0.0,19.0,1.8,8.4
2005-06-05,22.0,23.1,21.2,25.9,26.9,96,15.5,15.5,0.0,21.0,3.06,6.5
2005-06-06,22.8,25.1,20.2,25.2,27.8,80,0.6,0.6,0.0,4.0,2.83,5.7
2005-06-07,25.0,29.3,20.7,28.3,32.7,74,0.1,0.1,0.0,1.0,2.27,4.9
2005-06-08,26.3,32.0,20.3,29.9,36.3,73,0.0,0.0,0.0,0.0,2.9,6.7
2005-06-09,24.4,27.2,22.3,27.5,30.3,82,13.7,13.7,0.0,9.0,5.51,12.8
2005-06-10,23.7,26.2,21.9,26.9,30.0,80,0.0,0.0,0.0,0.0,2.42,5.6
2005-06-11,23.2,25.5,21.3,26.7,28.5,85,0.0,0.0,0.0,0.0,2.22,5.0
2005-06-12,25.5,29.8,21.1,29.9,35.2,79,0.2,0.2,0.0,1.0,1.41,4.4
2005-06-13,26.3,29.9,22.5,30.8,35.5,78,0.2,0.2,0.0,1.0,2.16,5.6
2005-06-14,27.6,32.7,22.9,32.8,39.0,77,0.6,0.6,0.0,2.0,2.1,5.8
2005-06-15,28.9,35.0,22.8,34.6,42.1,76,0.0,0.0,0.0,0.0,1.91,6.3
2005-06-16,28.1,32.9,22.7,32.5,39.6,69,0.2,0.2,0.0,1.0,2.44,6.0
2005-06-17,24.8,29.0,21.2,28.0,31.4,80,22.1,22.1,0.0,10.0,3.47,8.3
2005-06-18,23.4,26.1,20.9,26.5,29.1,81,10.4,10.4,0.0,6.0,2.1,6.0
2005-06-19,24.8,28.5,22.0,29.1,33.4,82,0.0,0.0,0.0,0.0,1.51,4.5
2005-06-20,26.0,30.0,22.5,30.5,35.7,80,3.7,3.7,0.0,4.0,1.96,5.3
2005-06-21,27.4,31.7,23.9,32.2,37.6,76,0.0,0.0,0.0,0.0,1.75,5.9
2005-06-22,28.3,33.4,23.4,33.2,40.3,71,0.0,0.0,0.0,0.0,1.48,5.7
2005-06-23,28.1,34.6,22.3,32.6,39.9,70,0.0,0.0,0.0,0.0,1.75,5.9
2005-06-24,27.5,32.8,23.0,32.2,39.2,76,2.2,2.2,0.0,3.0,3.07,8.7
2005-06-25,24.1,25.1,22.9,27.9,30.7,89,20.2,20.2,0.0,16.0,4.47,9.7
2005-06-26,26.9,32.2,22.2,31.5,39.0,76,0.0,0.0,0.0,0.0,2.66,5.2
2005-06-27,28.6,35.6,21.7,33.4,41.7,71,0.0,0.0,0.0,0.0,2.63,4.4
2005-06-28,29.6,35.3,23.4,34.7,41.2,69,0.1,0.1,0.0,1.0,2.31,5.4
2005-06-29,30.5,35.8,25.5,35.6,41.0,69,0.0,0.0,0.0,0.0,3.48,7.6
2005-06-30,31.4,36.4,26.5,35.4,40.3,61,0.0,0.0,0.0,0.0,4.37,10.3
2005-07-01,32.3,36.9,27.4,35.8,40.6,56,0.0,0.0,0.0,0.0,5.2,11.4
2005-07-02,32.3,35.9,28.6,35.3,39.6,55,0.0,0.0,0.0,0.0,5.46,12.0
2005-07-03,29.6,32.3,26.6,33.6,36.5,65,0.5,0.5,0.0,4.0,4.01,9.8
2005-07-04,29.6,34.0,24.9,34.5,37.8,70,0.0,0.0,0.0,0.0,3.67,9.4
2005-07-05,30.3,34.1,27.0,34.8,38.5,65,0.2,0.2,0.0,1.0,3.52,9.6
2005-07-06,30.8,35.8,26.2,36.8,42.0,71,0.0,0.0,0.0,0.0,1.94,7.8
2005-07-07,30.8,34.2,27.8,36.2,39.2,68,0.0,0.0,0.0,0.0,2.42,6.9
2005-07-08,27.6,30.4,25.2,33.3,36.4,82,41.5,41.5,0.0,20.0,1.66,8.4
2005-07-09,26.1,28.2,25.1,31.8,34.4,89,45.3,45.3,0.0,24.0,1.93,9.1
2005-07-10,24.7,26.3,23.3,28.5,30.1,83,6.2,6.2,0.0,13.0,2.93,7.3
2005-07-11,25.2,27.9,22.4,29.5,32.5,82,0.0,0.0,0.0,0.0,1.7,3.2
2005-07-12,27.1,31.4,23.4,31.3,36.6,73,0.0,0.0,0.0,0.0,2.02,5.4
2005-07-13,26.7,32.0,21.7,30.8,37.6,75,0.5,0.5,0.0,3.0,2.44,6.2
2005-07-14,28.7,34.8,23.7,33.5,40.6,73,1.8,1.8,0.0,2.0,2.61,7.2
2005-07-15,28.2,32.6,25.6,33.4,38.3,77,13.4,13.4,0.0,15.0,1.96,8.6
2005-07-16,28.7,33.6,24.9,32.9,37.7,71,0.8,0.8,0.0,3.0,3.1,11.6
2005-07-17,29.7,34.6,25.9,33.9,38.9,67,0.0,0.0,0.0,0.0,4.24,11.2
2005-07-18,30.6,35.8,25.6,35.4,40.9,67,0.2,0.2,0.0,1.0,3.89,10.9
2005-07-19,29.9,35.6,24.4,35.0,42.5,69,0.3,0.3,0.0,1.0,2.78,7.4
2005-07-20,28.0,31.1,24.8,33.5,37.3,82,2.1,2.1,0.0,7.0,2.56,6.4
2005-07-21,27.6,31.3,25.0,32.8,38.0,79,2.1,2.1,0.0,7.0,2.01,6.4
2005-07-22,28.0,31.5,24.6,32.9,37.9,76,1.5,1.5,0.0,8.0,2.16,6.5
2005-07-23,27.9,31.6,24.9,33.3,37.8,80,19.1,19.1,0.0,14.0,1.82,6.1
2005-07-24,27.8,31.5,25.0,33.9,38.0,83,22.4,22.4,0.0,17.0,1.36,6.8
2005-07-25,28.4,33.5,25.3,34.7,41.5,80,8.0,8.0,0.0,6.0,1.5,7.2
2005-07-26,30.2,36.2,25.2,35.6,41.4,71,0.0,0.0,0.0,0.0,2.56,9.0
2005-07-27,31.2,36.9,25.7,36.6,43.4,66,0.0,0.0,0.0,0.0,2.83,6.5
2005-07-28,29.4,32.8,26.2,35.0,39.3,74,0.0,0.0,0.0,0.0,2.22,6.2
2005-07-29,29.2,33.3,26.1,35.5,39.2,79,0.0,0.0,0.0,0.0,1.8,6.1
2005-07-30,29.9,36.0,25.0,36.1,41.7,77,0.0,0.0,0.0,0.0,2.72,4.1
2005-07-31,30.4,35.1,26.6,35.9,41.6,71,0.0,0.0,0.0,0.0,2.92,9.6
2005-08-01,30.8,36.0,25.5,35.0,40.4,64,0.0,0.0,0.0,0.0,4.14,9.9
2005-08-02,30.2,34.7,26.5,34.5,40.4,66,0.3,0.3,0.0,1.0,3.89,9.3
2005-08-03,27.1,29.3,25.1,32.8,34.7,85,9.5,9.5,0.0,15.0,2.2,5.7
2005-08-04,28.7,33.9,24.2,34.2,41.8,75,0.0,0.0,0.0,0.0,2.16,5.5
2005-08-05,28.3,33.8,23.3,32.1,37.8,68,0.0,0.0,0.0,0.0,2.84,6.4
2005-08-06,26.8,30.7,23.8,31.3,36.3,77,3.9,3.9,0.0,4.0,3.31,8.0
2005-08-07,26.6,31.0,23.8,32.2,37.1,85,10.4,10.4,0.0,7.0,2.06,7.5
2005-08-08,26.2,29.2,24.5,30.7,32.9,82,0.7,0.7,0.0,2.0,2.24,7.5
2005-08-09,26.3,29.7,23.9,31.0,34.4,83,1.3,1.3,0.0,6.0,2.92,10.2
2005-08-10,28.5,33.1,24.4,33.7,38.5,76,0.1,0.1,0.0,1.0,2.42,10.7
2005-08-11,30.0,36.5,25.0,34.7,41.1,69,0.0,0.0,0.0,0.0,3.62,9.9
2005-08-12,30.6,36.7,24.8,35.3,42.0,66,0.0,0.0,0.0,0.0,3.4,8.5
2005-08-13,30.3,36.1,25.7,36.0,43.6,71,0.3,0.3,0.0,1.0,2.66,6.1
2005-08-14,28.4,32.4,26.2,33.9,38.5,77,0.0,0.0,0.0,0.0,3.0,6.6
2005-08-15,26.6,31.8,23.9,31.5,36.9,83,20.2,20.2,0.0,18.0,3.36,9.2
2005-08-16,23.7,25.3,22.5,27.9,30.7,92,46.9,46.9,0.0,22.0,3.34,7.8
2005-08-17,24.3,25.8,23.0,28.0,29.4,84,0.3,0.3,0.0,1.0,3.31,7.6
2005-08-18,25.3,28.8,22.7,29.4,33.5,80,9.1,9.1,0.0,12.0,2.69,6.7
2005-08-19,25.6,27.7,23.5,28.6,30.3,74,0.0,0.0,0.0,0.0,4.22,9.3
2005-08-20,20.4,23.6,18.6,22.9,26.5,90,19.2,19.2,0.0,19.0,2.1,9.1
2005-08-21,20.2,21.8,18.6,22.9,24.9,89,10.3,10.3,0.0,15.0,1.39,3.6
2005-08-22,22.1,24.1,20.4,25.5,27.3,88,0.1,0.1,0.0,1.0,1.75,4.3
2005-08-23,22.6,23.9,21.2,26.4,27.4,90,3.8,3.8,0.0,12.0,1.78,4.5
2005-08-24,24.1,28.7,19.8,27.8,32.9,81,0.6,0.6,0.0,4.0,1.33,4.3
2005-08-25,25.6,30.8,20.9,29.0,34.4,75,0.0,0.0,0.0,0.0,2.06,5.9
2005-08-26,24.7,28.8,21.6,28.1,31.5,78,1.6,1.6,0.0,5.0,1.79,5.4
2005-08-27,21.5,23.0,20.6,24.5,26.3,90,30.7,30.7,0.0,24.0,2.1,10.4
2005-08-28,21.1,22.0,20.2,24.1,25.2,93,21.9,21.9,0.0,19.0,3.18,10.6
2005-08-29,21.8,23.7,19.9,25.2,27.3,92,19.6,19.6,0.0,17.0,1.58,9.7
2005-08-30,24.6,27.5,22.0,28.7,31.4,83,0.1,0.1,0.0,1.0,1.77,4.4
2005-08-31,26.3,30.7,22.6,31.1,37.1,81,0.6,0.6,0.0,4.0,1.46,4.7
2005-09-01,26.8,32.0,22.6,31.7,37.7,80,1.3,1.3,0.0,5.0,2.1,7.0
2005-09-02,26.7,31.4,23.1,31.1,36.2,77,0.2,0.2,0.0,2.0,2.24,5.8
2005-09-03,27.3,32.3,23.0,31.4,37.6,71,0.0,0.0,0.0,0.0,2.34,6.1
2005-09-04,26.9,31.6,22.9,30.3,35.8,69,0.0,0.0,0.0,0.0,2.69,5.1
2005-09-05,25.0,28.8,21.1,28.5,32.8,76,0.7,0.7,0.0,3.0,1.8,5.0
2005-09-06,23.2,24.7,21.8,26.9,28.2,87,3.7,3.7,0.0,16.0,1.84,4.7
2005-09-07,23.9,27.2,21.3,27.4,30.4,82,0.0,0.0,0.0,0.0,2.2,5.6
2005-09-08,24.5,30.1,20.0,27.9,34.5,78,0.0,0.0,0.0,0.0,2.0,5.4
2005-09-09,25.4,33.1,19.8,28.6,37.8,73,0.0,0.0,0.0,0.0,3.05,4.4
2005-09-10,26.0,34.0,19.8,28.7,37.6,70,0.0,0.0,0.0,0.0,2.72,6.8
2005-09-11,25.6,33.7,19.6,27.7,36.6,65,0.0,0.0,0.0,0.0,3.12,5.5
2005-09-12,25.0,33.0,18.7,26.8,35.4,65,0.0,0.0,0.0,0.0,3.02,5.6
2005-09-13,24.8,32.9,17.6,26.7,36.3,65,0.0,0.0,0.0,0.0,2.73,5.1
2005-09-14,26.7,33.8,21.1,29.2,36.8,65,0.0,0.0,0.0,0.0,3.94,8.9
2005-09-15,29.1,35.3,23.8,32.0,39.1,62,0.0,0.0,0.0,0.0,4.62,11.1
2005-09-16,27.6,32.6,23.5,31.2,37.5,68,6.6,6.6,0.0,7.0,2.47,7.7
2005-09-17,23.3,26.2,20.3,25.5,28.8,77,9.0,9.0,0.0,9.0,3.91,9.7
2005-09-18,26.5,32.6,21.5,30.2,37.6,74,0.0,0.0,0.0,0.0,2.51,7.3
2005-09-19,28.6,33.6,24.4,32.2,37.3,68,0.0,0.0,0.0,0.0,4.52,11.1
2005-09-20,29.5,35.8,24.9,32.5,38.8,62,0.0,0.0,0.0,0.0,5.05,10.2
2005-09-21,25.1,28.3,21.7,27.7,31.3,75,5.2,5.2,0.0,6.0,4.97,11.9
2005-09-22,22.2,23.7,20.3,24.7,26.9,81,10.5,10.5,0.0,10.0,2.42,6.0
2005-09-23,20.7,22.6,19.8,22.9,24.7,83,0.8,0.8,0.0,3.0,1.91,4.4
2005-09-24,22.0,24.8,20.6,24.7,27.7,83,0.4,0.4,0.0,2.0,1.8,4.3
2005-09-25,21.6,22.7,20.1,24.7,25.8,87,7.2,7.2,0.0,9.0,1.6,4.2
2005-09-26,23.4,26.6,21.0,26.3,29.2,81,0.8,0.8,0.0,4.0,3.58,8.0
2005-09-27,23.9,28.0,20.5,26.3,30.0,76,0.0,0.0,0.0,0.0,3.35,7.7
2005-09-28,25.1,30.1,20.4,27.6,32.6,75,0.0,0.0,0.0,0.0,5.56,11.4
2005-09-29,26.5,31.2,22.4,29.7,34.3,72,0.0,0.0,0.0,0.0,3.81,9.5
2005-09-30,27.0,31.8,22.7,30.6,35.7,71,0.0,0.0,0.0,0.0,2.86,7.6
2005-10-01,25.7,30.2,23.2,30.2,34.9,83,7.5,7.5,0.0,9.0,2.51,9.9
2005-10-02,20.9,23.0,19.5,23.3,27.7,90,15.4,15.4,0.0,24.0,3.47,7.9
2005-10-03,18.6,19.8,17.5,19.8,22.1,90,4.3,4.3,0.0,10.0,3.4,8.0
2005-10-04,18.8,20.4,17.7,20.5,21.8,85,0.0,0.0,0.0,0.0,1.63,4.6
2005-10-05,20.8,23.6,18.9,23.0,25.3,85,0.0,0.0,0.0,0.0,2.44,5.6
2005-10-06,20.3,22.0,19.0,22.9,24.5,89,5.4,5.4,0.0,12.0,2.66,6.1
2005-10-07,19.7,21.7,18.1,22.0,23.6,90,9.9,9.9,0.0,16.0,1.49,5.2
2005-10-08,20.3,25.1,16.5,22.1,27.8,83,0.0,0.0,0.0,0.0,2.3,4.8
2005-10-09,20.7,23.8,17.9,22.5,25.8,79,0.0,0.0,0.0,0.0,2.0,4.5
2005-10-10,20.4,26.9,15.3,21.3,28.5,72,0.0,0.0,0.0,0.0,2.72,4.9
2005-10-11,20.8,25.8,16.7,21.5,27.0,70,0.0,0.0,0.0,0.0,2.13,5.2
2005-10-12,20.9,23.4,19.2,22.9,25.6,80,2.1,2.1,0.0,7.0,2.42,5.7
2005-10-13,19.8,20.6,18.5,22.4,23.4,93,15.6,15.6,0.0,24.0,2.1,6.6
2005-10-14,15.1,18.3,13.9,15.0,19.3,92,11.6,11.6,0.0,19.0,3.49,9.2
2005-10-15,14.4,15.7,13.1,14.6,16.3,90,4.4,4.4,0.0,15.0,2.16,5.3
2005-10-16,17.7,21.6,14.6,18.5,22.2,80,0.0,0.0,0.0,0.0,1.71,4.8
2005-10-17,18.2,20.5,15.9,19.5,21.9,84,5.6,5.6,0.0,4.0,1.43,4.8
2005-10-18,16.6,18.4,15.2,17.7,20.1,90,10.3,10.3,0.0,16.0,1.84,4.9
2005-10-19,16.1,17.2,15.5,17.3,18.4,94,11.1,11.1,0.0,16.0,1.3,4.9
2005-10-20,16.4,16.6,15.9,17.8,18.3,96,5.9,5.9,0.0,12.0,1.41,3.8
2005-10-21,15.5,16.6,13.9,16.3,17.9,96,7.8,7.8,0.0,22.0,2.47,5.8
2005-10-22,14.0,14.6,13.5,14.5,15.3,94,9.8,9.8,0.0,23.0,1.25,4.0
2005-10-23,14.6,16.4,13.5,14.8,16.1,88,2.0,2.0,0.0,6.0,2.3,5.3
2005-10-24,15.3,18.3,12.4,15.5,18.6,83,0.4,0.4,0.0,3.0,2.1,4.9
2005-10-25,15.3,22.2,10.0,15.0,22.8,78,0.0,0.0,0.0,0.0,2.97,4.6
2005-10-26,15.4,18.8,12.1,15.9,19.7,90,8.4,8.4,0.0,16.0,2.12,7.6
2005-10-27,14.8,15.9,13.3,14.9,17.3,95,7.4,7.4,0.0,13.0,3.23,7.5
2005-10-28,13.6,14.8,12.5,13.0,15.3,89,10.1,10.1,0.0,15.0,3.45,6.4
2005-10-29,14.8,17.8,11.3,14.7,17.4,84,0.1,0.1,0.0,1.0,2.62,6.0
2005-10-30,14.4,19.2,10.9,14.1,18.9,85,0.0,0.0,0.0,0.0,2.22,5.6
2005-10-31,15.5,19.5,11.9,14.8,17.5,77,0.1,0.1,0.0,1.0,3.06,7.3
2005-11-01,16.4,18.6,14.8,16.3,18.6,74,0.0,0.0,0.0,0.0,2.64,6.1
2005-11-02,16.0,18.5,14.3,16.2,18.8,80,0.2,0.2,0.0,1.0,2.02,4.6
2005-11-03,16.4,17.5,15.3,17.1,18.0,84,1.2,1.2,0.0,6.0,1.33,3.7
2005-11-04,17.3,19.6,15.6,18.1,20.5,83,1.1,1.1,0.0,4.0,2.39,4.3
2005-11-05,19.1,22.2,17.0,19.7,22.2,77,0.2,0.2,0.0,2.0,3.57,8.2
2005-11-06,19.9,23.4,17.7,20.9,23.9,77,0.2,0.2,0.0,2.0,3.69,8.2
2005-11-07,18.6,21.7,16.4,19.7,22.4,82,0.0,0.0,0.0,0.0,2.0,4.4
2005-11-08,17.9,20.5,15.2,19.2,22.1,85,0.0,0.0,0.0,0.0,1.63,2.9
2005-11-09,18.0,19.0,17.3,19.4,20.5,85,0.0,0.0,0.0,0.0,2.02,3.2
2005-11-10,18.8,21.1,17.1,20.3,22.9,85,0.0,0.0,0.0,0.0,2.2,4.3
2005-11-11,18.2,22.0,15.3,19.4,23.6,85,0.0,0.0,0.0,0.0,2.67,4.4
2005-11-12,17.9,23.8,13.1,17.9,23.8,78,0.0,0.0,0.0,0.0,3.13,7.0
2005-11-13,18.5,20.4,16.5,19.8,22.1,83,10.0,10.0,0.0,15.0,1.65,5.7
2005-11-14,13.9,18.5,11.8,13.2,20.1,91,10.8,10.8,0.0,14.0,3.44,9.1
2005-11-15,12.9,13.8,12.1,12.3,13.8,87,0.9,0.9,0.0,5.0,2.82,6.1
2005-11-16,11.9,13.1,11.0,11.0,12.1,81,5.6,5.6,0.0,19.0,1.71,4.2
2005-11-17,11.0,11.9,10.2,9.4,10.2,77,0.8,0.8,0.0,6.0,2.16,4.8
2005-11-18,10.0,10.7,9.5,8.3,8.9,76,1.2,1.2,0.0,7.0,2.11,5.0
2005-11-19,10.3,12.6,8.0,9.1,11.0,81,0.8,0.8,0.0,3.0,1.72,4.6
2005-11-20,10.4,15.1,5.3,8.6,13.3,76,0.0,0.0,0.0,0.0,2.05,4.8
2005-11-21,11.8,13.4,10.4,10.6,11.8,76,0.0,0.0,0.0,0.0,2.16,5.1
2005-11-22,10.9,12.1,10.2,10.1,11.5,86,2.0,2.0,0.0,9.0,1.94,5.3
2005-11-23,10.6,11.8,9.5,9.9,10.8,89,0.8,0.8,0.0,7.0,1.72,4.7
2005-11-24,10.7,13.2,8.1,9.9,12.1,89,0.0,0.0,0.0,0.0,1.62,4.6
2005-11-25,12.0,15.0,8.1,11.1,13.8,80,0.0,0.0,0.0,0.0,1.84,4.4
2005-11-26,10.9,15.1,8.0,9.6,13.9,83,0.0,0.0,0.0,0.0,2.5,5.3
2005-11-27,11.5,13.8,9.3,10.6,13.1,87,1.0,1.0,0.0,5.0,2.38,4.7
2005-11-28,11.5,12.1,10.4,10.1,11.3,85,2.5,2.5,0.0,12.0,3.13,6.6
2005-11-29,11.1,12.6,10.3,10.0,11.6,82,0.8,0.8,0.0,5.0,2.01,4.2
2005-11-30,10.4,11.1,9.5,9.6,10.3,91,0.1,0.1,0.0,1.0,1.68,4.1
2005-12-01,10.5,11.0,9.9,9.7,10.3,92,1.9,1.9,0.0,10.0,1.86,3.9
2005-12-02,10.9,11.8,10.0,10.1,11.2,88,0.4,0.4,0.0,4.0,1.56,3.6
2005-12-03,11.1,12.4,9.9,10.2,11.5,82,1.6,1.6,0.0,7.0,1.46,4.3
2005-12-04,10.5,12.8,7.8,8.0,12.2,65,1.8,1.8,0.0,6.0,3.38,8.1
2005-12-05,6.4,7.7,5.1,3.4,4.6,68,1.9,1.9,0.0,8.0,2.83,6.0
2005-12-06,6.8,9.3,4.9,4.2,7.1,67,0.0,0.0,0.0,0.0,1.86,4.8
2005-12-07,7.7,11.1,5.0,5.5,8.7,74,0.0,0.0,0.0,0.0,2.2,4.4
2005-12-08,7.8,11.6,3.3,5.7,9.5,77,0.0,0.0,0.0,0.0,2.81,6.4
2005-12-09,9.6,10.8,7.6,7.8,9.1,74,0.0,0.0,0.0,0.0,1.7,3.8
2005-12-10,9.2,9.8,8.5,7.6,8.1,81,1.0,1.0,0.0,6.0,2.47,5.9
2005-12-11,8.9,9.9,7.7,7.3,8.6,82,6.5,6.5,0.0,23.0,2.61,7.0
2005-12-12,8.3,10.6,6.6,6.2,8.6,76,0.0,0.0,0.0,0.0,2.82,5.9
2005-12-13,8.7,9.9,7.9,6.3,7.0,65,0.0,0.0,0.0,0.0,2.0,4.9
2005-12-14,7.9,8.7,6.6,5.5,6.4,68,0.0,0.0,0.0,0.0,1.8,3.2
2005-12-15,7.1,8.9,4.8,4.8,6.5,73,0.0,0.0,0.0,0.0,2.22,5.1
2005-12-16,8.1,9.2,6.8,6.0,7.3,72,0.0,0.0,0.0,0.0,2.31,5.5
2005-12-17,7.6,9.1,5.5,5.7,7.2,82,0.0,0.0,0.0,0.0,1.75,5.2
2005-12-18,8.0,9.5,7.1,5.6,6.7,71,0.0,0.0,0.0,0.0,2.28,5.0
2005-12-19,7.9,10.4,5.4,5.5,8.1,70,0.0,0.0,0.0,0.0,2.57,4.6
2005-12-20,9.0,9.8,7.8,7.2,8.8,79,1.9,1.9,0.0,10.0,2.35,5.3
2005-12-21,8.5,10.6,4.4,6.4,9.1,78,6.6,6.6,0.0,13.0,2.47,6.2
2005-12-22,5.5,10.8,1.3,2.3,7.1,70,0.0,0.0,0.0,0.0,2.73,6.4
2005-12-23,6.0,9.6,3.0,3.2,6.0,69,0.0,0.0,0.0,0.0,3.18,7.4
2005-12-24,7.5,9.5,5.4,5.4,7.3,72,0.0,0.0,0.0,0.0,1.71,3.4
2005-12-25,8.4,11.2,5.4,6.2,8.8,70,0.0,0.0,0.0,0.0,1.7,5.0
2005-12-26,8.9,10.1,7.8,7.3,8.4,79,0.4,0.4,0.0,3.0,1.63,3.9
2005-12-27,9.5,11.5,8.1,8.2,9.8,84,1.0,1.0,0.0,3.0,1.4,4.3
2005-12-28,9.9,14.1,5.7,8.2,13.1,79,0.0,0.0,0.0,0.0,2.2,4.1
2005-12-29,9.7,12.0,7.5,8.0,10.5,80,0.1,0.1,0.0,1.0,1.94,4.4
2005-12-30,10.1,11.2,9.3,8.7,10.0,81,2.0,2.0,0.0,7.0,1.42,3.7
2005-12-31,10.2,11.3,8.7,9.0,10.3,83,0.0,0.0,0.0,0.0,1.93,4.2
2006-01-01,10.6,11.2,10.2,9.5,10.0,84,0.1,0.1,0.0,1.0,1.43,3.5
2006-01-02,10.9,12.7,9.0,9.6,11.2,80,0.0,0.0,0.0,0.0,1.7,4.7
2006-01-03,10.3,11.6,9.8,8.9,9.7,79,0.8,0.8,0.0,6.0,2.56,4.6
2006-01-04,10.2,11.6,9.0,9.2,10.7,89,7.3,7.3,0.0,23.0,1.66,4.5
2006-01-05,7.2,9.4,5.7,4.3,8.0,68,2.9,2.9,0.0,8.0,3.29,7.0
2006-01-06,4.8,5.8,3.7,2.3,3.3,82,1.8,1.8,0.0,13.0,2.66,6.7
2006-01-07,5.3,6.6,3.9,3.0,3.8,81,0.0,0.0,0.0,0.0,1.77,4.0
2006-01-08,6.1,8.4,3.8,3.5,5.1,75,0.0,0.0,0.0,0.0,2.61,6.3
2006-01-09,5.4,10.1,1.4,3.0,7.2,81,0.0,0.0,0.0,0.0,2.4,6.1
2006-01-10,5.0,9.9,1.6,2.3,7.6,81,0.0,0.0,0.0,0.0,2.73,4.8
2006-01-11,5.7,8.4,2.4,3.5,6.5,81,0.0,0.0,0.0,0.0,2.12,5.0
2006-01-12,7.3,8.0,6.4,5.3,6.5,81,0.0,0.0,0.0,0.0,2.06,5.6
2006-01-13,7.0,7.7,6.3,5.2,6.3,88,3.7,3.7,0.0,20.0,2.24,4.7
2006-01-14,8.3,10.1,6.9,6.5,8.2,84,1.4,1.4,0.0,7.0,2.53,5.3
2006-01-15,8.3,9.7,6.3,6.5,8.2,85,1.5,1.5,0.0,6.0,2.67,5.2
2006-01-16,7.3,9.8,3.9,5.3,8.1,83,0.0,0.0,0.0,0.0,2.3,5.6
2006-01-17,8.7,9.1,8.3,7.3,7.7,89,1.3,1.3,0.0,8.0,1.61,3.8
2006-01-18,8.6,9.3,8.2,7.4,8.3,89,7.3,7.3,0.0,20.0,1.94,4.6
2006-01-19,8.0,9.3,6.9,6.0,7.0,79,0.6,0.6,0.0,2.0,1.66,4.5
2006-01-20,7.1,7.7,6.4,5.0,5.7,77,0.0,0.0,0.0,0.0,1.56,3.8
2006-01-21,6.7,7.4,6.2,4.9,5.9,86,0.3,0.3,0.0,2.0,2.1,4.8
2006-01-22,7.1,8.5,5.5,4.9,6.2,76,0.2,0.2,0.0,1.0,1.99,5.5
2006-01-23,6.3,9.1,2.7,3.4,6.2,69,0.0,0.0,0.0,0.0,2.04,4.9
2006-01-24,7.1,9.6,4.3,4.5,7.2,66,0.0,0.0,0.0,0.0,1.97,4.3
2006-01-25,7.9,11.4,4.4,5.5,8.8,67,0.0,0.0,0.0,0.0,2.0,4.3
2006-01-26,6.9,11.5,2.1,4.4,9.4,75,0.0,0.0,0.0,0.0,2.15,4.7
2006-01-27,7.2,14.0,0.2,4.8,12.4,75,0.0,0.0,0.0,0.0,2.06,5.0
2006-01-28,10.2,17.4,5.4,8.1,15.4,72,0.0,0.0,0.0,0.0,3.23,5.7
2006-01-29,10.3,18.4,3.9,8.7,17.0,77,0.0,0.0,0.0,0.0,2.88,5.6
2006-01-30,11.3,12.6,10.2,9.2,10.8,76,2.4,2.4,0.0,13.0,3.7,8.5
2006-01-31,12.2,17.0,7.7,11.0,16.4,76,0.0,0.0,0.0,0.0,1.71,4.7
2006-02-01,11.6,14.7,7.3,10.2,13.4,79,0.0,0.0,0.0,0.0,2.57,5.9
2006-02-02,11.7,12.4,11.0,11.1,12.1,85,1.6,1.6,0.0,11.0,1.49,2.8
2006-02-03,10.4,12.1,8.4,8.4,11.5,76,2.1,2.1,0.0,10.0,2.68,6.0
2006-02-04,7.2,8.2,5.7,4.4,5.5,73,1.8,1.8,0.0,11.0,2.67,6.2
2006-02-05,6.7,9.0,4.2,4.4,6.7,81,2.4,2.4,0.0,8.0,3.16,7.0
2006-02-06,7.5,11.4,3.1,5.2,9.3,77,0.0,0.0,0.0,0.0,2.6,6.6
2006-02-07,10.2,13.0,7.5,8.6,11.3,74,0.0,0.0,0.0,0.0,1.84,5.3
2006-02-08,8.9,10.2,7.5,7.2,8.8,81,3.5,3.5,0.0,15.0,2.2,5.1
2006-02-09,7.6,9.2,6.4,5.3,6.8,74,1.5,1.5,0.0,7.0,2.02,4.9
2006-02-10,8.0,11.5,5.8,6.0,9.4,77,0.0,0.0,0.0,0.0,2.38,5.5
2006-02-11,8.9,15.0,4.5,7.0,13.2,75,0.0,0.0,0.0,0.0,2.62,5.0
2006-02-12,10.1,14.9,4.6,8.5,13.8,78,0.0,0.0,0.0,0.0,2.31,4.9
2006-02-13,9.4,10.0,8.9,8.0,9.0,87,0.3,0.3,0.0,3.0,2.68,6.4
2006-02-14,9.8,11.7,8.6,8.8,10.9,88,1.5,1.5,0.0,5.0,1.34,3.3
2006-02-15,12.1,14.6,10.5,11.2,13.7,86,4.1,4.1,0.0,10.0,2.62,6.5
2006-02-16,7.1,11.2,5.3,4.8,9.8,92,13.5,13.5,0.0,24.0,3.42,7.7
2006-02-17,4.3,5.6,3.0,2.1,3.5,93,10.8,10.6,0.14,23.0,1.75,4.1
2006-02-18,4.9,8.1,1.4,2.4,5.7,79,0.0,0.0,0.0,0.0,1.9,5.1
2006-02-19,7.6,9.2,5.9,5.3,6.9,73,0.0,0.0,0.0,0.0,2.55,6.0
2006-02-20,8.9,14.5,4.3,6.8,12.2,73,0.0,0.0,0.0,0.0,3.23,7.7
2006-02-21,8.7,9.5,7.6,6.7,7.9,78,0.8,0.8,0.0,6.0,2.96,7.2
2006-02-22,9.5,11.0,7.7,7.7,9.3,79,3.8,3.8,0.0,9.0,2.51,6.6
2006-02-23,8.9,11.0,7.5,7.0,9.0,75,0.0,0.0,0.0,0.0,1.66,5.0
2006-02-24,9.0,10.5,7.6,7.4,8.8,79,2.6,2.6,0.0,7.0,1.56,4.0
2006-02-25,9.5,14.2,5.6,7.7,12.1,76,0.0,0.0,0.0,0.0,1.8,4.9
2006-02-26,10.2,13.1,7.8,8.0,10.6,75,2.0,2.0,0.0,3.0,3.94,8.5
2006-02-27,9.2,10.2,8.0,7.4,8.2,80,12.6,12.6,0.0,21.0,2.43,5.8
2006-02-28,6.4,8.1,5.0,4.3,6.5,87,11.6,11.6,0.0,22.0,2.42,5.8
2006-03-01,6.3,9.4,3.8,4.0,6.5,80,0.0,0.0,0.0,0.0,2.33,5.4
2006-03-02,8.1,15.8,2.2,6.1,14.7,72,0.0,0.0,0.0,0.0,3.18,4.8
2006-03-03,10.4,16.4,3.1,8.4,14.3,70,0.0,0.0,0.0,0.0,2.75,6.7
2006-03-04,13.7,18.0,10.4,12.0,16.6,64,0.0,0.0,0.0,0.0,2.42,6.0
2006-03-05,14.7,18.6,11.1,13.6,16.8,67,0.1,0.1,0.0,1.0,3.14,7.1
2006-03-06,13.9,15.8,12.2,13.2,15.1,78,3.3,3.3,0.0,9.0,1.94,5.1
2006-03-07,13.4,14.8,11.6,13.3,14.9,88,6.8,6.8,0.0,15.0,1.84,7.5
2006-03-08,14.8,19.3,11.0,14.7,19.7,84,0.2,0.2,0.0,2.0,2.47,5.7
2006-03-09,15.9,23.0,8.9,15.6,24.1,76,0.0,0.0,0.0,0.0,2.52,5.3
2006-03-10,16.4,19.0,13.6,17.0,19.9,82,3.1,3.1,0.0,8.0,1.75,4.0
2006-03-11,15.9,17.0,14.9,16.7,17.8,90,7.4,7.4,0.0,17.0,1.92,4.7
2006-03-12,10.9,16.0,5.8,9.1,16.6,78,11.0,11.0,0.0,24.0,2.85,7.3
2006-03-13,6.3,8.2,4.5,3.8,5.8,71,0.7,0.7,0.0,3.0,1.77,4.4
2006-03-14,7.0,9.2,4.6,4.7,6.8,78,0.0,0.0,0.0,0.0,3.04,6.9
2006-03-15,8.6,10.5,6.1,6.4,7.9,73,0.0,0.0,0.0,0.0,2.55,6.1
2006-03-16,10.3,18.9,3.2,8.6,17.3,70,0.0,0.0,0.0,0.0,2.41,5.1
2006-03-17,13.3,16.5,9.5,11.8,14.9,70,0.0,0.0,0.0,0.0,3.1,7.6
2006-03-18,15.2,20.4,11.0,14.2,19.4,68,0.0,0.0,0.0,0.0,2.55,4.6
2006-03-19,14.2,16.6,9.6,12.9,14.6,66,1.3,1.3,0.0,4.0,1.94,4.6
2006-03-20,13.2,18.7,8.8,11.7,17.0,70,0.0,0.0,0.0,0.0,2.33,5.9
2006-03-21,15.4,20.9,9.3,14.7,20.9,72,0.0,0.0,0.0,0.0,2.33,4.2
2006-03-22,13.6,14.8,11.7,13.3,15.0,89,7.9,7.9,0.0,20.0,3.0,6.8
2006-03-23,11.3,12.3,10.4,10.2,11.3,90,4.7,4.7,0.0,12.0,3.04,7.4
2006-03-24,13.8,17.6,10.1,12.9,16.7,76,0.0,0.0,0.0,0.0,3.12,6.9
2006-03-25,14.8,17.4,12.7,14.5,16.8,76,6.1,6.1,0.0,9.0,1.84,5.1
2006-03-26,14.7,18.0,11.5,14.4,17.4,79,3.0,3.0,0.0,7.0,2.33,5.1
2006-03-27,16.2,20.0,11.9,15.7,19.2,68,5.0,5.0,0.0,7.0,1.49,4.5
2006-03-28,17.9,24.1,13.0,17.7,24.3,68,0.0,0.0,0.0,0.0,2.62,6.6
2006-03-29,15.7,18.5,11.9,15.2,18.3,76,0.8,0.8,0.0,2.0,2.25,6.2
2006-03-30,15.7,20.8,11.4,15.7,21.9,78,3.3,3.3,0.0,7.0,2.2,4.2
2006-03-31,17.4,21.3,14.5,18.0,22.0,80,3.7,3.7,0.0,7.0,2.58,5.0
2006-04-01,20.0,26.6,13.7,20.9,28.8,74,0.0,0.0,0.0,0.0,2.39,6.2
2006-04-02,22.0,28.7,15.8,22.8,29.0,69,0.0,0.0,0.0,0.0,4.63,10.3
2006-04-03,23.8,30.3,16.6,25.4,31.6,67,0.1,0.1,0.0,1.0,3.14,8.1
2006-04-04,20.1,25.2,16.3,20.9,27.8,75,6.0,6.0,0.0,10.0,4.81,11.0
2006-04-05,16.1,18.4,13.8,16.0,17.8,78,2.2,2.2,0.0,5.0,2.4,5.8
2006-04-06,17.8,22.7,13.7,18.3,23.5,75,0.0,0.0,0.0,0.0,2.31,4.8
2006-04-07,21.0,28.5,14.7,21.6,29.9,65,0.0,0.0,0.0,0.0,2.98,5.5
2006-04-08,19.6,23.9,16.9,20.7,24.8,79,18.3,18.3,0.0,12.0,2.53,7.1
2006-04-09,19.7,24.4,16.0,20.8,25.7,77,0.1,0.1,0.0,1.0,2.9,5.4
2006-04-10,22.6,31.4,15.1,23.7,33.2,67,0.0,0.0,0.0,0.0,3.29,7.4
2006-04-11,23.1,31.0,16.1,25.1,34.5,75,11.5,11.5,0.0,9.0,3.36,9.8
2006-04-12,11.3,15.1,8.3,9.0,14.0,80,20.2,20.2,0.0,21.0,4.98,11.3
2006-04-13,8.5,9.5,7.1,6.5,8.0,81,0.5,0.5,0.0,5.0,2.55,6.0
2006-04-14,10.4,12.0,8.8,9.1,10.4,81,0.8,0.8,0.0,5.0,1.92,5.2
2006-04-15,11.7,13.4,9.7,10.5,12.0,76,0.1,0.1,0.0,1.0,1.92,3.7
2006-04-16,14.5,21.6,8.4,13.7,20.8,70,0.0,0.0,0.0,0.0,2.72,6.9
2006-04-17,16.3,22.5,10.2,15.5,21.3,68,0.0,0.0,0.0,0.0,2.48,6.1
2006-04-18,18.5,22.9,14.3,18.4,22.9,69,2.5,2.5,0.0,6.0,2.05,5.6
2006-04-19,19.2,26.4,12.7,19.9,27.3,74,0.0,0.0,0.0,0.0,2.12,5.8
2006-04-20,21.4,25.8,18.8,22.5,26.9,75,4.7,4.7,0.0,9.0,4.34,10.5
2006-04-21,20.2,23.3,17.6,21.8,25.4,78,2.3,2.3,0.0,5.0,1.66,7.1
2006-04-22,22.1,26.3,18.3,24.2,29.5,76,0.5,0.5,0.0,4.0,2.56,5.7
2006-04-23,20.6,24.8,17.7,22.1,26.0,78,4.1,4.1,0.0,8.0,2.11,5.4
2006-04-24,22.4,27.8,16.7,23.4,29.9,67,0.0,0.0,0.0,0.0,2.97,5.8
2006-04-25,22.4,26.6,19.2,24.6,28.7,77,32.0,32.0,0.0,16.0,2.64,7.1
2006-04-26,21.6,25.7,17.6,23.6,28.3,81,10.9,10.9,0.0,13.0,2.6,7.2
2006-04-27,19.2,23.0,16.7,20.2,23.9,78,12.1,12.1,0.0,14.0,2.3,6.2
2006-04-28,19.7,23.7,16.6,20.7,24.8,77,0.0,0.0,0.0,0.0,2.58,5.9
2006-04-29,21.5,29.5,13.5,22.4,31.1,65,0.0,0.0,0.0,0.0,1.92,4.1
2006-04-30,22.9,30.1,15.2,24.1,32.3,67,0.0,0.0,0.0,0.0,2.38,5.6
2006-05-01,24.1,31.4,16.3,26.0,35.2,64,0.0,0.0,0.0,0.0,2.13,4.4
2006-05-02,25.8,35.0,16.0,27.6,38.1,61,0.0,0.0,0.0,0.0,3.36,7.0
2006-05-03,27.5,34.1,19.5,28.9,35.6,58,0.0,0.0,0.0,0.0,4.96,10.5
2006-05-04,25.9,30.3,22.0,28.6,33.8,70,14.3,14.3,0.0,4.0,3.69,10.5
2006-05-05,23.8,27.8,20.9,26.8,30.4,79,6.7,6.7,0.0,10.0,2.6,6.8
2006-05-06,24.0,28.3,19.4,27.1,31.5,76,0.8,0.8,0.0,2.0,2.01,4.9
2006-05-07,22.4,24.2,20.6,24.8,28.0,81,3.6,3.6,0.0,7.0,3.37,7.0
2006-05-08,24.0,28.3,20.5,27.2,32.7,79,15.4,15.4,0.0,6.0,2.41,5.9
2006-05-09,24.5,27.6,22.0,28.4,31.7,83,25.2,25.2,0.0,21.0,2.12,5.9
2006-05-10,19.2,23.0,16.4,21.0,27.0,89,10.9,10.9,0.0,12.0,5.42,12.8
2006-05-11,20.0,23.7,16.6,21.3,24.8,80,6.8,6.8,0.0,5.0,3.26,11.4
2006-05-12,17.9,19.5,16.0,19.4,21.7,92,28.1,28.1,0.0,24.0,2.8,7.2
2006-05-13,15.5,16.9,13.8,15.3,16.9,86,15.9,15.9,0.0,17.0,3.54,7.4
2006-05-14,18.2,22.5,14.5,18.7,24.1,72,0.0,0.0,0.0,0.0,1.75,5.1
2006-05-15,19.2,25.8,12.3,19.9,27.9,69,0.0,0.0,0.0,0.0,1.7,5.5
2006-05-16,21.9,28.9,14.9,22.8,31.1,61,0.0,0.0,0.0,0.0,2.19,5.9
2006-05-17,22.4,30.5,13.9,23.4,32.3,62,0.0,0.0,0.0,0.0,1.97,5.5
2006-05-18,24.0,31.9,15.8,25.7,35.7,63,0.0,0.0,0.0,0.0,2.48,4.8
2006-05-19,25.2,33.1,16.8,26.0,34.3,58,0.0,0.0,0.0,0.0,3.64,8.5
2006-05-20,26.7,33.0,20.5,28.0,34.9,56,0.0,0.0,0.0,0.0,4.91,10.3
2006-05-21,19.6,24.9,16.4,19.8,27.5,77,1.9,1.9,0.0,5.0,5.33,11.7
2006-05-22,21.2,25.5,17.2,23.1,28.0,76,0.0,0.0,0.0,0.0,2.01,5.1
2006-05-23,23.9,30.4,17.1,26.2,33.6,73,0.0,0.0,0.0,0.0,2.64,7.7
2006-05-24,23.4,25.6,21.4,25.9,27.7,78,5.6,5.6,0.0,9.0,3.13,9.4
2006-05-25,24.2,28.5,21.5,27.1,31.7,74,0.1,0.1,0.0,1.0,2.69,4.8
2006-05-26,25.7,30.7,20.2,28.6,34.5,72,0.2,0.2,0.0,2.0,3.3,8.4
2006-05-27,22.0,24.8,18.1,24.2,27.5,80,3.8,3.8,0.0,9.0,3.62,9.1
2006-05-28,19.4,22.1,17.3,20.9,23.5,83,8.0,8.0,0.0,15.0,2.33,4.4
2006-05-29,20.9,25.1,16.2,23.0,28.6,78,0.0,0.0,0.0,0.0,2.27,5.6
2006-05-30,22.9,27.4,18.9,25.1,30.0,74,0.0,0.0,0.0,0.0,2.02,4.8
2006-05-31,23.8,29.7,17.0,26.0,34.1,67,0.0,0.0,0.0,0.0,1.84,4.2
2006-06-01,25.4,32.1,18.1,27.7,35.3,67,0.0,0.0,0.0,0.0,2.97,6.5
2006-06-02,23.2,25.9,21.4,26.2,29.7,81,4.4,4.4,0.0,9.0,2.59,6.2
2006-06-03,20.9,21.9,20.4,23.8,24.6,91,10.3,10.3,0.0,20.0,2.11,8.2
2006-06-04,22.8,25.8,20.7,26.1,29.4,85,1.5,1.5,0.0,7.0,1.97,4.7
2006-06-05,21.7,23.2,20.3,24.2,25.6,83,0.1,0.1,0.0,1.0,1.91,4.4
2006-06-06,21.4,23.0,20.2,24.1,25.4,84,0.0,0.0,0.0,0.0,1.2,2.6
2006-06-07,22.6,25.4,20.2,25.9,28.9,84,0.5,0.5,0.0,3.0,1.7,5.3
2006-06-08,23.8,27.6,20.7,27.2,31.9,82,0.0,0.0,0.0,0.0,2.11,5.5
2006-06-09,22.1,24.0,20.0,25.3,27.4,89,0.7,0.7,0.0,3.0,2.84,5.4
2006-06-10,24.3,32.0,17.2,26.9,35.8,70,0.0,0.0,0.0,0.0,2.38,4.8
2006-06-11,24.0,29.1,19.0,27.1,32.3,79,0.0,0.0,0.0,0.0,1.75,4.9
2006-06-12,22.7,24.8,21.4,26.1,27.7,86,0.5,0.5,0.0,3.0,1.39,4.3
2006-06-13,22.6,25.4,20.7,25.8,28.5,85,1.2,1.2,0.0,4.0,2.2,5.2
2006-06-14,23.3,26.3,20.7,26.3,29.3,81,0.2,0.2,0.0,2.0,1.7,5.4
2006-06-15,23.8,27.1,20.6,27.1,31.9,79,0.0,0.0,0.0,0.0,2.22,5.3
2006-06-16,24.9,29.1,21.1,28.5,33.7,76,0.1,0.1,0.0,1.0,1.39,5.5
2006-06-17,26.2,31.9,21.3,30.1,37.2,71,0.0,0.0,0.0,0.0,1.71,5.1
2006-06-18,28.2,35.9,20.7,31.7,40.1,64,0.0,0.0,0.0,0.0,2.39,4.9
2006-06-19,28.8,34.9,22.7,32.9,40.2,68,0.2,0.2,0.0,1.0,3.26,7.8
2006-06-20,29.5,34.1,25.3,34.5,40.5,70,5.4,5.4,0.0,4.0,2.55,7.6
2006-06-21,26.8,29.9,24.2,32.0,35.0,83,13.3,13.3,0.0,17.0,2.42,9.2
2006-06-22,24.4,25.7,22.6,28.3,30.7,86,10.4,10.4,0.0,13.0,3.9,8.7
2006-06-23,25.4,29.1,22.2,28.1,32.9,69,0.0,0.0,0.0,0.0,2.32,7.1
2006-06-24,26.7,30.3,22.8,30.7,34.9,71,0.0,0.0,0.0,0.0,1.56,4.5
2006-06-25,28.7,33.8,22.6,33.5,40.3,70,0.0,0.0,0.0,0.0,2.35,5.2
2006-06-26,29.3,34.9,23.2,33.9,41.1,68,0.0,0.0,0.0,0.0,2.64,6.2
2006-06-27,28.1,31.9,24.6,33.1,38.2,73,1.8,1.8,0.0,3.0,1.91,6.9
2006-06-28,28.5,33.1,24.2,33.5,38.8,75,1.8,1.8,0.0,4.0,2.83,8.8
2006-06-29,27.6,32.6,24.4,32.9,37.8,80,29.2,29.2,0.0,19.0,2.3,9.2
2006-06-30,27.8,31.9,24.9,33.0,38.4,78,4.8,4.8,0.0,2.0,1.97,9.7
2006-07-01,29.4,33.7,24.6,33.6,38.2,69,0.0,0.0,0.0,0.0,4.11,11.3
2006-07-02,31.3,35.5,27.3,34.3,39.2,58,0.0,0.0,0.0,0.0,5.89,12.6
2006-07-03,31.7,35.6,28.5,35.1,40.1,57,0.0,0.0,0.0,0.0,4.75,11.4
2006-07-04,29.7,33.5,26.2,34.9,39.5,70,7.4,7.4,0.0,6.0,2.72,8.5
2006-07-05,29.5,33.5,26.4,36.0,40.7,78,10.1,10.1,0.0,13.0,2.02,7.0
2006-07-06,29.3,33.3,25.8,35.6,41.1,78,1.5,1.5,0.0,7.0,1.84,6.0
2006-07-07,26.8,28.7,25.7,32.4,35.1,83,15.2,15.2,0.0,20.0,1.3,5.4
2006-07-08,26.2,29.3,24.6,31.6,35.4,86,23.1,23.1,0.0,22.0,1.84,5.3
2006-07-09,27.5,31.5,24.0,33.2,38.3,82,4.8,4.8,0.0,8.0,1.46,7.8
2006-07-10,29.4,34.3,24.6,35.3,40.3,75,0.3,0.3,0.0,1.0,2.01,5.6
2006-07-11,30.6,35.8,25.6,36.4,42.0,70,0.0,0.0,0.0,0.0,2.33,5.8
2006-07-12,31.3,36.0,26.5,37.6,43.3,70,0.1,0.1,0.0,1.0,2.12,5.3
2006-07-13,31.3,36.3,27.4,37.7,43.3,71,0.7,0.7,0.0,3.0,2.02,5.5
2006-07-14,32.4,37.5,27.3,38.9,45.7,68,0.3,0.3,0.0,2.0,2.12,5.1
2006-07-15,31.2,35.8,27.4,38.0,42.9,76,4.8,4.8,0.0,9.0,2.48,7.0
2006-07-16,31.3,36.0,27.2,37.8,43.8,72,1.1,1.1,0.0,5.0,2.45,6.8
2006-07-17,31.2,36.0,27.3,37.4,43.3,70,1.1,1.1,0.0,2.0,2.64,7.1
2006-07-18,30.4,33.6,27.2,35.6,38.4,69,1.1,1.1,0.0,6.0,2.9,7.8
2006-07-19,31.1,36.3,25.9,35.7,39.9,63,0.0,0.0,0.0,0.0,2.78,6.5
2006-07-20,32.3,37.4,26.7,37.4,43.8,61,0.0,0.0,0.0,0.0,2.56,6.7
2006-07-21,33.4,38.6,28.4,38.5,44.6,58,0.0,0.0,0.0,0.0,3.06,8.0
2006-07-22,33.0,37.4,28.5,37.4,42.7,55,0.0,0.0,0.0,0.0,3.42,7.8
2006-07-23,28.2,31.7,24.7,31.9,34.9,72,1.8,1.8,0.0,5.0,4.57,10.6
2006-07-24,25.4,27.1,23.6,28.6,30.6,75,1.7,1.7,0.0,6.0,3.34,7.8
2006-07-25,28.4,35.7,21.5,31.6,39.0,63,0.0,0.0,0.0,0.0,2.62,6.3
2006-07-26,30.7,38.1,23.5,32.6,40.3,47,0.0,0.0,0.0,0.0,2.77,7.5
2006-07-27,31.5,38.9,23.8,32.6,39.7,38,0.0,0.0,0.0,0.0,2.44,6.5
2006-07-28,32.6,39.5,24.5,33.4,40.9,35,0.0,0.0,0.0,0.0,2.5,6.6
2006-07-29,32.5,37.5,27.8,34.9,40.2,47,0.6,0.6,0.0,1.0,3.97,8.6
2006-07-30,33.1,37.9,28.3,35.4,39.5,46,0.0,0.0,0.0,0.0,3.67,9.5
2006-07-31,33.0,38.2,28.7,35.4,40.5,44,0.1,0.1,0.0,1.0,3.93,9.9
2006-08-01,29.6,32.9,26.8,33.3,36.4,62,4.3,4.3,0.0,10.0,2.33,6.4
2006-08-02,31.2,37.1,26.0,34.7,41.1,54,0.3,0.3,0.0,1.0,2.59,8.0
2006-08-03,31.2,36.7,25.4,33.2,39.2,47,0.0,0.0,0.0,0.0,4.27,9.0
2006-08-04,30.8,36.1,26.0,32.8,38.5,48,0.0,0.0,0.0,0.0,3.75,9.1
2006-08-05,29.9,33.7,26.9,32.3,35.1,52,0.1,0.1,0.0,1.0,2.94,10.0
2006-08-06,30.0,36.0,24.9,32.8,37.9,56,0.0,0.0,0.0,0.0,3.55,8.3
2006-08-07,31.5,37.8,25.3,34.2,39.8,51,0.0,0.0,0.0,0.0,2.7,7.5
2006-08-08,32.4,39.1,26.6,34.9,42.1,47,0.4,0.4,0.0,2.0,3.44,7.7
2006-08-09,32.8,39.3,26.6,35.7,42.6,48,0.0,0.0,0.0,0.0,2.69,7.1
2006-08-10,33.5,39.6,27.9,36.2,42.8,45,0.0,0.0,0.0,0.0,2.83,7.3
2006-08-11,34.2,40.7,27.7,36.9,43.9,43,0.0,0.0,0.0,0.0,2.78,7.4
2006-08-12,34.5,40.8,29.8,37.5,44.4,44,2.6,2.6,0.0,1.0,3.72,9.0
2006-08-13,32.9,37.6,28.7,37.0,42.4,54,0.6,0.6,0.0,3.0,3.1,6.7
2006-08-14,34.4,41.8,28.5,38.0,45.2,47,1.1,1.1,0.0,1.0,2.48,7.5
2006-08-15,35.1,42.4,29.3,38.1,45.3,42,2.5,2.5,0.0,3.0,3.42,9.1
2006-08-16,33.4,39.2,28.8,36.1,41.8,46,0.0,0.0,0.0,0.0,3.98,8.5
2006-08-17,32.8,39.3,27.6,35.6,42.6,47,0.0,0.0,0.0,0.0,3.36,8.9
2006-08-18,33.3,39.0,28.2,36.0,42.5,47,0.0,0.0,0.0,0.0,3.31,8.2
2006-08-19,33.6,38.9,29.3,36.8,43.7,47,0.0,0.0,0.0,0.0,3.4,8.1
2006-08-20,31.1,34.9,27.9,35.0,38.9,58,6.8,6.8,0.0,5.0,2.66,7.8
2006-08-21,27.8,31.2,25.0,32.2,33.6,72,10.2,10.2,0.0,7.0,2.91,7.8
2006-08-22,25.0,27.4,22.7,28.8,30.3,78,6.2,6.2,0.0,11.0,1.89,5.1
2006-08-23,26.7,32.7,20.8,29.6,35.5,65,0.0,0.0,0.0,0.0,2.06,6.4
2006-08-24,27.9,32.7,23.5,31.1,36.9,62,0.4,0.4,0.0,1.0,2.15,6.1
2006-08-25,29.6,34.6,25.7,33.3,37.8,61,0.1,0.1,0.0,1.0,2.06,6.1
2006-08-26,30.6,36.3,25.8,34.7,41.3,58,0.0,0.0,0.0,0.0,1.7,5.4
2006-08-27,32.4,38.2,27.3,35.5,41.5,53,0.0,0.0,0.0,0.0,4.62,11.0
2006-08-28,33.4,38.7,29.2,35.4,41.2,45,0.0,0.0,0.0,0.0,5.0,11.1
2006-08-29,34.9,41.0,29.2,36.7,43.0,39,0.0,0.0,0.0,0.0,4.33,10.0
2006-08-30,35.0,41.1,29.5,36.2,41.7,38,0.0,0.0,0.0,0.0,5.2,12.1
2006-08-31,35.7,41.5,30.4,37.6,44.3,38,0.0,0.0,0.0,0.0,4.41,10.3
2006-09-01,36.3,41.7,31.4,38.8,44.9,38,0.0,0.0,0.0,0.0,3.36,9.4
2006-09-02,34.5,38.9,31.6,38.2,44.3,47,1.0,1.0,0.0,2.0,3.75,9.1
2006-09-03,34.8,39.3,30.2,37.4,42.8,42,0.0,0.0,0.0,0.0,4.43,11.1
2006-09-04,33.1,37.7,29.6,36.4,42.4,50,1.3,1.3,0.0,2.0,4.05,9.8
2006-09-05,25.1,30.5,21.4,28.3,36.1,79,14.5,14.5,0.0,14.0,4.79,11.0
2006-09-06,24.6,29.2,21.3,26.6,31.2,67,0.6,0.6,0.0,1.0,3.67,8.0
2006-09-07,22.8,24.0,21.7,25.5,27.2,80,17.8,17.8,0.0,21.0,2.2,8.1
2006-09-08,22.6,24.8,21.6,26.3,28.9,90,58.6,58.6,0.0,18.0,2.31,6.1
2006-09-09,23.1,26.6,19.2,25.7,29.4,79,0.2,0.2,0.0,2.0,2.85,6.2
2006-09-10,21.1,24.1,17.9,22.4,24.8,77,3.1,3.1,0.0,8.0,4.08,9.2
2006-09-11,21.0,25.8,17.0,22.7,27.5,76,0.1,0.1,0.0,1.0,1.61,5.1
2006-09-12,23.3,27.5,19.2,25.5,29.3,74,0.0,0.0,0.0,0.0,2.31,5.7
2006-09-13,23.9,28.7,20.2,25.7,30.6,67,0.0,0.0,0.0,0.0,2.42,4.7
2006-09-14,21.8,24.2,20.0,23.3,25.4,72,0.0,0.0,0.0,0.0,2.26,4.9
2006-09-15,22.8,26.8,20.0,25.3,28.0,77,0.0,0.0,0.0,0.0,2.47,5.6
2006-09-16,23.7,29.0,19.0,26.2,32.4,73,0.1,0.1,0.0,1.0,2.01,4.7
2006-09-17,24.8,30.1,19.6,26.7,32.0,66,0.0,0.0,0.0,0.0,2.78,7.4
2006-09-18,21.2,24.2,18.0,22.5,25.4,74,5.0,5.0,0.0,10.0,2.44,5.4
2006-09-19,20.3,25.3,16.6,22.0,27.0,80,0.0,0.0,0.0,0.0,1.68,4.8
2006-09-20,22.5,30.9,15.7,24.5,33.9,73,0.0,0.0,0.0,0.0,2.82,4.7
2006-09-21,24.5,31.8,18.2,25.6,33.5,62,0.0,0.0,0.0,0.0,3.5,8.3
2006-09-22,25.9,31.9,20.9,26.1,31.9,52,0.0,0.0,0.0,0.0,4.86,10.5
2006-09-23,25.7,30.9,22.2,25.7,31.5,51,0.0,0.0,0.0,0.0,5.39,11.1
2006-09-24,25.4,31.3,20.3,25.9,32.4,54,0.0,0.0,0.0,0.0,4.39,9.6
2006-09-25,25.3,30.3,20.9,27.3,33.6,63,0.0,0.0,0.0,0.0,2.91,6.3
2006-09-26,25.9,30.3,21.8,28.8,34.0,68,0.3,0.3,0.0,2.0,2.19,8.5
2006-09-27,23.9,25.7,22.1,27.0,29.0,81,7.7,7.7,0.0,11.0,3.4,9.7
2006-09-28,22.3,24.0,20.6,24.5,25.8,81,8.2,8.2,0.0,14.0,3.19,7.1
2006-09-29,21.9,22.6,21.1,25.1,25.8,88,10.1,10.1,0.0,24.0,1.36,6.1
2006-09-30,22.5,25.3,20.5,25.3,27.9,82,3.1,3.1,0.0,6.0,2.38,5.9
2006-10-01,21.7,23.0,20.5,25.2,26.3,89,9.3,9.3,0.0,9.0,1.13,3.9
2006-10-02,22.0,25.4,19.9,25.0,27.6,85,1.0,1.0,0.0,3.0,1.5,3.8
2006-10-03,20.6,22.3,19.6,23.1,24.4,85,3.0,3.0,0.0,9.0,1.36,3.8
2006-10-04,19.8,22.0,17.7,22.2,23.9,88,2.4,2.4,0.0,9.0,1.04,3.0
2006-10-05,19.5,20.9,18.7,22.1,23.7,91,8.1,8.1,0.0,14.0,1.22,3.1
2006-10-06,18.3,19.1,17.7,20.2,21.0,89,9.2,9.2,0.0,17.0,0.98,2.2
2006-10-07,19.1,20.9,17.4,21.2,22.7,87,2.9,2.9,0.0,11.0,1.5,3.8
2006-10-08,20.9,24.7,18.6,22.4,25.7,78,0.4,0.4,0.0,2.0,2.5,6.1
2006-10-09,21.3,27.2,16.8,23.2,30.8,78,0.0,0.0,0.0,0.0,2.47,4.7
2006-10-10,21.5,27.9,15.8,23.4,31.1,76,0.0,0.0,0.0,0.0,1.7,4.2
2006-10-11,21.7,28.7,15.8,23.1,30.7,72,0.0,0.0,0.0,0.0,2.86,4.6
2006-10-12,20.7,23.2,18.5,23.0,25.9,84,5.9,5.9,0.0,10.0,1.75,7.5
2006-10-13,22.0,26.5,17.3,24.4,28.8,79,0.1,0.1,0.0,1.0,1.6,4.6
2006-10-14,22.4,28.5,17.8,24.6,31.6,77,0.0,0.0,0.0,0.0,2.56,4.5
2006-10-15,23.1,28.3,19.5,25.6,30.9,78,1.6,1.6,0.0,4.0,2.09,8.5
2006-10-16,21.7,23.0,21.1,24.9,26.5,89,10.8,10.8,0.0,20.0,1.61,7.3
2006-10-17,22.0,23.8,20.8,24.9,26.0,86,4.8,4.8,0.0,12.0,2.77,8.6
2006-10-18,21.6,24.3,19.8,24.0,26.6,83,2.1,2.1,0.0,11.0,3.11,9.9
2006-10-19,21.5,23.8,19.1,24.1,25.6,83,3.7,3.7,0.0,14.0,2.3,5.8
2006-10-20,22.2,27.0,18.8,24.9,29.9,82,0.8,0.8,0.0,3.0,1.9,6.5
2006-10-21,22.0,24.6,20.5,25.1,27.9,87,22.4,22.4,0.0,20.0,1.8,9.8
2006-10-22,22.0,24.4,21.1,25.3,27.6,87,8.9,8.9,0.0,14.0,1.93,5.7
2006-10-23,21.1,23.5,19.0,22.5,24.5,80,8.4,8.4,0.0,15.0,4.6,10.3
2006-10-24,19.3,21.3,17.8,20.2,22.6,77,6.7,6.7,0.0,15.0,2.02,8.9
2006-10-25,17.7,18.9,16.5,18.9,21.2,88,11.4,11.4,0.0,13.0,2.77,6.3
2006-10-26,18.3,21.0,16.1,19.4,22.0,79,0.0,0.0,0.0,0.0,2.1,4.6
2006-10-27,18.8,22.0,16.4,19.2,22.5,73,0.6,0.6,0.0,3.0,2.46,5.9
2006-10-28,19.1,20.8,17.6,20.3,21.1,80,1.5,1.5,0.0,9.0,2.43,6.1
2006-10-29,18.6,20.5,16.8,20.1,21.8,85,2.5,2.5,0.0,7.0,1.79,4.8
2006-10-30,19.3,22.3,17.3,20.7,23.3,81,0.0,0.0,0.0,0.0,2.02,5.0
2006-10-31,17.6,19.2,16.3,19.3,21.2,92,13.6,13.6,0.0,10.0,1.51,3.4
2006-11-01,18.1,22.5,14.0,18.9,23.4,83,0.0,0.0,0.0,0.0,3.0,5.3
2006-11-02,16.9,23.5,11.3,17.1,24.8,78,0.0,0.0,0.0,0.0,1.99,4.2
2006-11-03,16.4,22.8,12.2,16.8,24.0,84,0.0,0.0,0.0,0.0,2.77,4.9
2006-11-04,17.6,23.6,11.9,18.1,24.7,81,0.9,0.9,0.0,3.0,2.65,5.7
2006-11-05,16.7,17.6,15.6,18.2,19.1,94,25.9,25.9,0.0,19.0,1.63,4.1
2006-11-06,17.4,21.0,13.4,18.3,21.9,86,0.0,0.0,0.0,0.0,1.8,3.9
2006-11-07,15.6,23.1,10.6,15.4,23.6,81,0.0,0.0,0.0,0.0,2.91,6.1
2006-11-08,16.1,22.7,11.4,15.8,23.9,76,0.0,0.0,0.0,0.0,2.71,5.5
2006-11-09,18.0,22.4,14.6,18.7,23.4,81,0.0,0.0,0.0,0.0,2.39,4.9
2006-11-10,19.5,22.6,17.1,20.4,22.9,77,0.3,0.3,0.0,2.0,2.6,6.2
2006-11-11,18.7,25.3,12.9,19.5,26.4,79,0.0,0.0,0.0,0.0,2.47,4.9
2006-11-12,19.2,24.6,15.3,19.0,23.5,70,0.0,0.0,0.0,0.0,3.89,8.7
2006-11-13,19.2,21.9,17.4,20.4,23.0,79,2.0,2.0,0.0,5.0,2.1,5.4
2006-11-14,16.4,19.9,13.8,16.2,20.6,76,10.4,10.4,0.0,9.0,3.18,8.6
2006-11-15,13.3,13.8,12.8,11.9,12.4,68,0.2,0.2,0.0,2.0,1.8,4.3
2006-11-16,13.1,14.8,11.8,12.3,14.0,79,0.0,0.0,0.0,0.0,2.15,4.6
2006-11-17,13.4,14.1,12.9,13.3,14.7,89,4.6,4.6,0.0,13.0,2.42,5.6
2006-11-18,14.8,18.4,12.0,14.6,18.1,81,1.1,1.1,0.0,6.0,2.24,4.7
2006-11-19,14.0,18.9,9.5,12.9,17.6,76,0.0,0.0,0.0,0.0,2.64,5.8
2006-11-20,14.6,16.0,12.9,14.2,15.8,75,0.7,0.7,0.0,3.0,1.58,3.6
2006-11-21,14.1,14.9,13.2,14.3,15.0,85,6.9,6.9,0.0,14.0,0.81,3.0
2006-11-22,14.0,16.4,11.6,13.8,16.3,84,2.4,2.4,0.0,9.0,2.38,5.1
2006-11-23,13.2,14.8,11.3,12.0,13.7,76,0.0,0.0,0.0,0.0,3.08,6.5
2006-11-24,12.2,13.4,11.4,10.6,11.3,76,3.5,3.5,0.0,11.0,3.19,7.9
2006-11-25,11.8,13.4,10.4,10.7,12.3,78,2.4,2.4,0.0,8.0,1.58,3.9
2006-11-26,11.6,12.7,10.5,11.0,12.0,89,5.1,5.1,0.0,15.0,2.51,6.2
2006-11-27,11.4,11.8,11.1,10.7,11.4,86,4.7,4.7,0.0,11.0,1.71,4.6
2006-11-28,11.2,12.0,10.5,10.3,11.3,86,3.3,3.3,0.0,11.0,2.47,5.2
2006-11-29,11.0,12.4,10.0,10.0,11.2,82,3.4,3.4,0.0,11.0,1.66,4.1
2006-11-30,11.1,12.1,10.4,10.0,11.1,81,0.0,0.0,0.0,0.0,1.8,3.8
2006-12-01,10.2,12.9,8.2,8.9,11.6,84,0.0,0.0,0.0,0.0,1.98,4.1
2006-12-02,11.1,13.6,9.4,9.4,11.1,76,0.0,0.0,0.0,0.0,2.72,6.2
2006-12-03,10.9,12.5,9.8,8.6,10.6,65,0.0,0.0,0.0,0.0,2.86,5.8
2006-12-04,10.6,12.6,8.6,8.3,10.0,64,0.0,0.0,0.0,0.0,2.41,6.0
2006-12-05,10.4,11.6,9.2,8.7,10.1,71,0.0,0.0,0.0,0.0,1.88,3.7
2006-12-06,9.9,10.8,9.3,8.4,9.3,81,0.6,0.6,0.0,4.0,2.02,4.5
2006-12-07,10.7,11.4,9.8,9.9,10.8,86,0.1,0.1,0.0,1.0,1.44,3.6
2006-12-08,10.4,11.2,9.9,9.3,10.3,83,1.6,1.6,0.0,9.0,1.44,2.8
2006-12-09,9.0,10.2,7.5,7.9,9.9,89,5.7,5.7,0.0,21.0,1.88,5.8
2006-12-10,8.0,8.6,7.2,6.2,6.8,82,1.2,1.2,0.0,9.0,1.53,4.4
2006-12-11,8.5,9.8,7.5,6.8,7.7,79,0.0,0.0,0.0,0.0,1.53,4.2
2006-12-12,8.9,9.7,8.1,7.2,8.1,83,0.7,0.7,0.0,6.0,2.15,4.9
2006-12-13,8.5,9.9,5.6,6.3,7.8,81,1.3,1.3,0.0,8.0,3.45,7.9
2006-12-14,7.3,12.3,3.1,5.0,9.9,79,0.0,0.0,0.0,0.0,2.69,5.9
2006-12-15,7.8,10.2,4.9,5.9,8.7,80,0.5,0.5,0.0,2.0,2.0,5.6
2006-12-16,7.7,12.9,4.0,5.6,11.0,83,0.0,0.0,0.0,0.0,2.73,5.2
2006-12-17,7.7,12.0,2.9,5.3,9.8,80,0.0,0.0,0.0,0.0,2.77,6.0
2006-12-18,9.2,11.6,7.9,7.2,9.0,76,0.0,0.0,0.0,0.0,2.7,6.3
2006-12-19,9.4,11.9,8.0,7.9,10.5,79,0.0,0.0,0.0,0.0,1.98,3.8
2006-12-20,8.7,13.1,4.7,7.0,11.2,80,0.0,0.0,0.0,0.0,2.51,5.8
2006-12-21,7.6,12.1,2.9,5.4,9.6,84,0.0,0.0,0.0,0.0,2.92,5.9
2006-12-22,8.2,13.8,3.9,6.3,11.8,81,0.0,0.0,0.0,0.0,2.81,5.3
2006-12-23,8.6,11.4,5.7,7.0,10.0,82,0.0,0.0,0.0,0.0,1.79,4.7
2006-12-24,9.4,13.8,4.9,7.4,11.7,78,0.0,0.0,0.0,0.0,2.94,5.4
2006-12-25,9.1,14.2,4.2,7.2,12.7,79,0.0,0.0,0.0,0.0,3.49,8.3
2006-12-26,9.5,11.9,7.6,7.7,10.7,82,0.1,0.1,0.0,1.0,2.46,5.5
2006-12-27,8.6,9.8,6.9,7.5,8.8,91,4.1,4.1,0.0,14.0,1.2,2.4
2006-12-28,9.7,11.1,8.4,8.6,10.5,86,3.4,3.4,0.0,13.0,2.11,4.2
2006-12-29,8.0,8.7,7.5,5.9,6.8,82,2.6,2.6,0.0,10.0,2.44,5.6
2006-12-30,8.7,10.5,7.7,6.8,8.3,79,0.0,0.0,0.0,0.0,3.16,7.1
2006-12-31,9.0,9.9,8.4,7.6,8.2,84,6.8,6.8,0.0,14.0,1.61,4.2
2007-01-01,8.5,9.2,8.1,7.2,7.5,89,6.8,6.8,0.0,24.0,1.58,3.4
2007-01-02,7.9,8.4,7.1,6.0,7.0,84,4.7,4.7,0.0,15.0,2.14,5.2
2007-01-03,7.1,8.5,6.1,4.9,6.0,78,0.0,0.0,0.0,0.0,1.84,4.4
2007-01-04,7.2,8.7,6.2,5.1,6.8,78,0.0,0.0,0.0,0.0,1.77,4.7
2007-01-05,7.3,7.8,6.7,5.9,6.4,91,0.5,0.5,0.0,4.0,1.91,4.4
2007-01-06,7.8,9.3,6.6,6.1,7.9,90,0.8,0.8,0.0,5.0,2.51,7.0
2007-01-07,7.5,8.5,6.2,6.1,7.4,90,2.2,2.2,0.0,12.0,1.17,5.4
2007-01-08,6.3,6.8,4.4,4.3,5.1,86,1.3,1.3,0.0,8.0,2.12,6.0
2007-01-09,5.2,10.6,1.8,2.8,7.8,84,0.0,0.0,0.0,0.0,2.33,5.1
2007-01-10,4.8,7.1,2.2,2.4,4.6,86,0.5,0.5,0.0,4.0,2.33,4.8
2007-01-11,4.6,6.4,3.5,2.5,4.5,92,9.8,9.8,0.0,22.0,1.58,3.8
2007-01-12,6.1,7.2,5.1,4.2,5.2,86,0.8,0.8,0.0,5.0,1.5,4.0
2007-01-13,6.1,7.4,5.1,3.8,5.2,80,0.0,0.0,0.0,0.0,1.84,4.1
2007-01-14,6.1,7.2,4.9,3.8,5.2,77,0.0,0.0,0.0,0.0,1.75,3.7
2007-01-15,6.6,7.3,5.7,4.7,5.4,82,0.9,0.9,0.0,4.0,2.09,4.5
2007-01-16,7.2,8.9,5.3,5.1,6.8,79,1.7,1.7,0.0,8.0,1.4,4.3
2007-01-17,6.9,9.6,5.3,4.9,7.0,80,0.5,0.5,0.0,3.0,1.77,5.5
2007-01-18,5.3,7.3,2.9,3.2,4.9,88,0.0,0.0,0.0,0.0,2.2,5.2
2007-01-19,6.1,11.0,1.3,3.6,8.2,81,0.0,0.0,0.0,0.0,2.16,5.3
2007-01-20,7.8,9.7,6.4,5.9,7.8,80,0.1,0.1,0.0,1.0,1.63,5.5
2007-01-21,7.6,8.9,6.3,5.9,7.3,87,0.2,0.2,0.0,2.0,1.84,3.8
2007-01-22,6.8,7.7,5.9,5.0,5.9,86,1.0,1.0,0.0,9.0,1.97,4.4
2007-01-23,8.1,10.6,6.5,6.1,8.1,78,0.0,0.0,0.0,0.0,2.39,5.0
2007-01-24,8.7,12.9,4.3,6.6,10.7,74,0.0,0.0,0.0,0.0,2.34,4.5
2007-01-25,8.5,11.2,6.4,6.5,9.2,76,0.0,0.0,0.0,0.0,2.1,4.7
2007-01-26,8.2,12.5,4.1,6.0,9.9,80,0.9,0.9,0.0,4.0,2.86,6.7
2007-01-27,8.4,15.2,1.6,6.1,13.3,76,0.0,0.0,0.0,0.0,2.7,7.6
2007-01-28,9.2,16.9,4.0,6.8,15.0,72,0.0,0.0,0.0,0.0,3.26,5.6
2007-01-29,9.3,16.9,1.4,7.0,15.4,72,0.0,0.0,0.0,0.0,2.44,6.3
2007-01-30,11.9,17.6,7.3,9.9,16.2,70,0.0,0.0,0.0,0.0,2.6,6.2
2007-01-31,11.2,17.2,5.2,9.3,15.2,73,0.0,0.0,0.0,0.0,2.86,7.6
2007-02-01,11.0,16.5,5.2,8.7,13.2,71,0.0,0.0,0.0,0.0,3.3,7.8
2007-02-02,8.8,16.5,2.5,6.2,14.1,66,0.0,0.0,0.0,0.0,2.76,4.6
2007-02-03,10.2,17.2,4.0,8.2,16.3,70,0.0,0.0,0.0,0.0,2.2,4.8
2007-02-04,11.9,19.3,5.7,10.6,19.1,75,0.0,0.0,0.0,0.0,2.34,5.6
2007-02-05,13.1,17.7,8.0,11.9,16.4,71,0.6,0.6,0.0,3.0,1.97,4.5
2007-02-06,12.8,15.0,10.4,12.3,14.9,84,5.4,5.4,0.0,16.0,2.1,8.8
2007-02-07,13.4,15.8,11.4,12.9,15.9,85,3.6,3.6,0.0,5.0,2.34,6.0
2007-02-08,13.1,15.7,9.9,13.0,16.1,88,3.7,3.7,0.0,14.0,1.6,4.3
2007-02-09,13.2,14.7,12.0,13.4,14.8,92,7.8,7.8,0.0,19.0,1.3,4.2
2007-02-10,12.8,15.3,10.1,12.2,14.6,85,0.3,0.3,0.0,2.0,1.99,4.7
2007-02-11,11.7,16.3,6.3,10.6,15.1,81,0.0,0.0,0.0,0.0,1.8,5.2
2007-02-12,14.1,18.4,11.6,13.6,18.1,79,1.6,1.6,0.0,2.0,3.14,7.3
2007-02-13,11.9,13.3,11.0,10.5,12.9,87,11.0,11.0,0.0,15.0,3.84,7.8
2007-02-14,11.4,13.0,9.8,10.1,11.7,79,0.8,0.8,0.0,4.0,2.0,5.6
2007-02-15,11.3,12.9,10.0,9.6,11.2,73,0.8,0.8,0.0,4.0,2.42,5.4
2007-02-16,11.8,13.4,10.1,10.5,12.2,74,0.8,0.8,0.0,3.0,2.7,6.8
2007-02-17,11.4,13.4,9.0,9.8,11.3,75,1.7,1.7,0.0,7.0,3.16,7.8
2007-02-18,10.6,14.0,6.5,9.2,12.8,77,0.1,0.1,0.0,1.0,1.99,4.3
2007-02-19,11.0,14.7,8.0,9.6,13.2,79,0.2,0.2,0.0,1.0,2.2,4.3
2007-02-20,12.0,19.8,6.2,10.5,19.5,74,0.0,0.0,0.0,0.0,3.3,7.7
2007-02-21,13.0,16.7,10.7,12.2,16.2,81,7.0,7.0,0.0,10.0,2.46,5.8
2007-02-22,13.8,19.7,10.1,13.1,19.0,77,0.5,0.5,0.0,3.0,3.04,4.8
2007-02-23,14.9,21.3,9.2,13.9,20.9,73,0.0,0.0,0.0,0.0,3.63,7.7
2007-02-24,14.3,17.3,11.9,13.5,15.8,76,2.1,2.1,0.0,6.0,3.55,8.3
2007-02-25,13.7,19.1,8.3,12.3,17.5,73,0.0,0.0,0.0,0.0,2.97,7.0
2007-02-26,14.5,17.8,11.6,13.2,16.1,69,0.3,0.3,0.0,2.0,2.79,6.3
2007-02-27,14.3,17.2,12.5,13.1,15.7,72,8.4,8.4,0.0,14.0,3.42,7.3
2007-02-28,14.2,18.2,11.5,13.3,17.9,75,2.1,2.1,0.0,7.0,2.41,5.3
2007-03-01,15.3,20.2,10.9,14.7,20.1,76,1.5,1.5,0.0,7.0,2.45,5.9
2007-03-02,15.8,17.9,14.3,15.8,18.1,78,9.6,9.6,0.0,16.0,1.66,9.0
2007-03-03,14.8,17.7,13.0,14.4,17.1,82,4.8,4.8,0.0,14.0,3.18,8.2
2007-03-04,13.9,17.6,9.6,11.9,16.9,60,1.1,1.1,0.0,3.0,3.14,7.6
2007-03-05,11.3,15.5,9.8,10.2,13.3,83,7.9,7.9,0.0,21.0,1.9,5.9
2007-03-06,8.2,9.5,6.8,5.7,7.7,73,2.9,2.9,0.0,11.0,2.77,6.9
2007-03-07,8.1,10.7,5.6,5.8,8.8,71,0.0,0.0,0.0,0.0,2.79,5.9
2007-03-08,9.6,12.5,7.4,7.6,10.2,75,0.0,0.0,0.0,0.0,2.41,6.5
2007-03-09,10.7,15.2,6.5,8.8,13.5,70,0.0,0.0,0.0,0.0,2.51,5.3
2007-03-10,12.2,14.2,10.3,10.7,12.8,72,0.0,0.0,0.0,0.0,1.88,4.4
2007-03-11,12.4,14.1,10.3,10.3,11.5,63,0.0,0.0,0.0,0.0,2.98,6.4
2007-03-12,12.0,14.9,10.3,10.5,13.2,70,0.2,0.2,0.0,2.0,2.37,5.9
2007-03-13,13.4,19.8,5.6,12.2,19.1,74,0.0,0.0,0.0,0.0,2.44,7.1
2007-03-14,14.7,16.2,13.5,14.1,16.0,76,0.7,0.7,0.0,6.0,2.55,5.2
2007-03-15,14.2,15.7,12.6,13.8,15.2,80,3.8,3.8,0.0,15.0,2.47,5.8
2007-03-16,12.4,13.8,11.1,11.8,13.2,83,2.2,2.2,0.0,10.0,1.5,4.5
2007-03-17,10.9,11.4,10.3,9.8,11.0,82,3.0,3.0,0.0,12.0,1.77,5.0
2007-03-18,10.4,13.1,7.8,8.8,11.7,76,0.1,0.1,0.0,1.0,2.14,3.9
2007-03-19,11.9,15.7,7.6,10.2,14.0,70,0.2,0.2,0.0,1.0,2.92,6.6
2007-03-20,13.3,21.4,6.4,11.6,19.8,66,0.0,0.0,0.0,0.0,3.16,7.5
2007-03-21,15.0,19.7,11.5,13.8,18.9,66,0.0,0.0,0.0,0.0,2.63,5.4
2007-03-22,15.3,21.1,10.5,14.1,19.9,69,0.0,0.0,0.0,0.0,3.09,7.2
2007-03-23,15.4,17.2,12.8,15.3,17.0,79,3.5,3.5,0.0,13.0,2.51,5.8
2007-03-24,16.2,21.7,11.5,15.8,21.8,76,0.2,0.2,0.0,1.0,2.48,5.8
2007-03-25,16.2,18.7,13.3,16.6,19.3,82,2.7,2.7,0.0,5.0,1.64,4.5
2007-03-26,15.2,16.3,14.2,15.7,16.4,88,4.5,4.5,0.0,11.0,1.68,4.5
2007-03-27,17.1,21.8,14.0,17.3,22.0,79,0.0,0.0,0.0,0.0,2.51,4.5
2007-03-28,18.9,25.3,13.5,19.7,27.1,74,0.0,0.0,0.0,0.0,1.9,4.6
2007-03-29,21.1,30.9,11.9,22.8,34.3,74,0.0,0.0,0.0,0.0,2.47,4.7
2007-03-30,24.0,32.6,17.0,26.5,35.9,71,0.0,0.0,0.0,0.0,2.84,5.4
2007-03-31,25.0,30.7,19.7,27.6,33.2,71,0.2,0.2,0.0,2.0,3.22,7.2
2007-04-01,22.3,25.8,18.9,24.8,29.9,82,23.7,23.7,0.0,15.0,3.89,9.0
2007-04-02,13.7,17.5,12.4,12.6,16.6,81,14.7,14.7,0.0,15.0,3.04,8.2
2007-04-03,10.0,12.8,8.6,8.0,12.2,76,6.6,6.6,0.0,14.0,3.18,7.5
2007-04-04,10.8,14.4,7.6,9.1,12.9,69,0.0,0.0,0.0,0.0,2.06,4.1
2007-04-05,12.5,16.5,8.3,11.3,15.7,72,0.0,0.0,0.0,0.0,2.65,5.7
2007-04-06,13.2,15.9,10.9,12.4,14.8,79,3.2,3.2,0.0,5.0,1.86,5.0
2007-04-07,12.6,14.0,9.8,12.5,14.2,90,7.5,7.5,0.0,15.0,1.52,5.9
2007-04-08,13.7,18.7,8.5,13.2,19.6,80,0.0,0.0,0.0,0.0,3.22,7.8
2007-04-09,14.4,16.0,12.9,14.1,15.7,81,5.2,5.2,0.0,13.0,1.61,4.2
2007-04-10,15.9,21.4,12.0,15.7,22.1,75,0.0,0.0,0.0,0.0,1.99,5.8
2007-04-11,18.6,27.6,11.3,18.6,28.7,68,0.0,0.0,0.0,0.0,2.33,5.6
2007-04-12,18.6,24.6,13.3,18.7,25.2,70,0.1,0.1,0.0,1.0,2.31,5.8
2007-04-13,19.9,27.4,13.2,20.7,28.2,72,0.0,0.0,0.0,0.0,2.1,4.6
2007-04-14,22.0,28.8,14.5,22.9,31.6,65,0.0,0.0,0.0,0.0,3.09,7.2
2007-04-15,23.5,28.7,18.6,24.7,31.9,63,0.6,0.6,0.0,1.0,3.12,7.7
2007-04-16,24.1,28.7,19.6,25.7,31.7,65,0.8,0.8,0.0,4.0,3.0,7.4
2007-04-17,20.7,24.0,16.3,20.4,24.2,65,30.8,30.8,0.0,9.0,5.66,12.3
2007-04-18,20.8,29.7,12.9,20.6,29.1,60,0.0,0.0,0.0,0.0,3.04,6.6
2007-04-19,23.2,32.2,14.9,24.5,34.9,64,0.0,0.0,0.0,0.0,3.08,5.6
2007-04-20,24.0,29.7,19.8,26.4,32.5,72,0.9,0.9,0.0,2.0,2.12,6.6
2007-04-21,21.1,23.7,19.5,23.1,25.4,84,4.6,4.6,0.0,10.0,2.75,7.7
2007-04-22,20.5,23.4,18.5,22.6,25.6,85,0.6,0.6,0.0,5.0,1.93,5.9
2007-04-23,18.4,20.2,17.2,19.5,21.9,83,4.6,4.6,0.0,14.0,2.09,5.7
2007-04-24,17.7,18.8,16.2,19.1,20.4,86,2.4,2.4,0.0,9.0,1.84,5.6
2007-04-25,17.3,19.7,15.4,18.3,20.3,86,0.5,0.5,0.0,2.0,1.92,5.9
2007-04-26,15.2,16.9,14.3,15.5,18.1,85,1.6,1.6,0.0,5.0,1.58,4.1
2007-04-27,16.1,18.4,14.2,16.7,19.0,84,0.3,0.3,0.0,2.0,1.58,3.8
2007-04-28,16.0,17.7,14.5,16.8,18.1,88,7.9,7.9,0.0,18.0,1.7,3.9
2007-04-29,16.6,20.2,13.8,17.1,20.7,82,1.0,1.0,0.0,3.0,1.86,5.4
2007-04-30,18.3,25.2,11.9,18.8,27.6,76,0.0,0.0,0.0,0.0,2.97,6.8
2007-05-01,21.2,28.4,14.1,22.6,30.4,69,0.0,0.0,0.0,0.0,2.2,5.1
2007-05-02,24.6,33.4,16.8,26.7,36.6,66,0.0,0.0,0.0,0.0,2.71,5.5
2007-05-03,19.6,22.4,15.9,20.5,23.7,83,11.0,11.0,0.0,8.0,6.74,13.2
2007-05-04,20.4,26.2,14.5,21.6,28.4,72,0.0,0.0,0.0,0.0,2.02,5.6
2007-05-05,21.6,29.6,13.8,22.6,32.0,66,0.0,0.0,0.0,0.0,2.35,6.4
2007-05-06,23.8,33.5,14.8,24.8,35.4,61,0.0,0.0,0.0,0.0,2.57,6.0
2007-05-07,22.7,29.8,17.5,23.7,31.9,66,0.0,0.0,0.0,0.0,4.44,10.0
2007-05-08,25.3,31.2,19.9,28.1,36.0,67,0.0,0.0,0.0,0.0,2.73,7.0
2007-05-09,25.0,28.0,21.9,28.4,31.5,77,0.9,0.9,0.0,4.0,2.51,5.5
2007-05-10,27.1,32.7,22.2,28.5,33.3,60,0.0,0.0,0.0,0.0,6.07,12.8
2007-05-11,18.8,26.1,14.5,19.2,27.2,85,14.1,14.1,0.0,18.0,4.46,13.6
2007-05-12,19.6,24.0,15.6,20.7,26.7,71,0.0,0.0,0.0,0.0,1.8,5.1
2007-05-13,22.5,28.4,16.5,23.5,30.6,63,0.0,0.0,0.0,0.0,1.64,4.2
2007-05-14,20.8,23.0,19.2,22.1,24.0,77,2.5,2.5,0.0,4.0,2.33,9.6
2007-05-15,20.4,22.3,19.0,22.2,23.4,85,6.4,6.4,0.0,15.0,3.21,6.9
2007-05-16,22.1,25.4,19.2,23.7,26.0,76,1.6,1.6,0.0,5.0,3.0,6.9
2007-05-17,23.0,27.5,18.3,25.4,30.7,75,0.0,0.0,0.0,0.0,1.72,4.2
2007-05-18,24.3,29.6,18.3,26.9,34.4,69,0.0,0.0,0.0,0.0,1.88,4.4
2007-05-19,25.5,33.3,18.0,27.5,36.5,65,0.0,0.0,0.0,0.0,3.61,8.1
2007-05-20,25.7,33.0,18.4,27.4,36.0,63,0.0,0.0,0.0,0.0,3.58,8.6
2007-05-21,26.9,31.9,21.5,29.3,34.8,65,0.4,0.4,0.0,1.0,4.47,12.2
2007-05-22,27.8,32.0,24.1,32.0,37.6,71,0.0,0.0,0.0,0.0,2.68,7.7
2007-05-23,26.7,30.5,24.5,31.8,36.6,83,20.6,20.6,0.0,13.0,2.46,6.3
2007-05-24,20.6,25.7,19.1,23.1,31.3,91,41.1,41.1,0.0,17.0,3.09,8.1
2007-05-25,21.0,23.9,18.8,23.4,26.1,85,0.0,0.0,0.0,0.0,2.3,4.6
2007-05-26,23.5,27.4,19.7,26.4,31.2,78,0.0,0.0,0.0,0.0,2.14,5.4
2007-05-27,23.7,27.8,19.9,26.6,31.2,77,0.0,0.0,0.0,0.0,2.3,5.4
2007-05-28,25.2,30.2,20.5,29.0,35.5,75,0.0,0.0,0.0,0.0,2.56,3.9
2007-05-29,27.7,33.8,22.0,31.8,38.7,73,0.3,0.3,0.0,1.0,2.86,7.1
2007-05-30,28.3,32.3,25.3,32.8,37.0,73,1.7,1.7,0.0,3.0,3.92,10.2
2007-05-31,23.8,26.6,22.3,27.8,32.0,91,19.6,19.6,0.0,16.0,4.36,9.7
2007-06-01,23.4,26.5,21.2,26.0,29.1,77,0.0,0.0,0.0,0.0,1.98,6.0
2007-06-02,25.2,29.8,20.1,28.7,34.6,74,0.0,0.0,0.0,0.0,2.36,4.9
2007-06-03,23.5,26.1,22.0,26.8,29.6,84,10.7,10.7,0.0,10.0,1.96,5.3
2007-06-04,24.1,27.3,21.4,27.8,31.6,81,1.4,1.4,0.0,5.0,1.8,4.9
2007-06-05,26.0,30.9,21.1,29.8,36.0,75,0.3,0.3,0.0,1.0,2.36,4.7
2007-06-06,23.7,25.8,22.4,27.6,29.1,87,5.2,5.2,0.0,11.0,2.55,6.3
2007-06-07,23.7,25.7,22.3,27.8,29.7,88,1.6,1.6,0.0,6.0,1.73,7.3
2007-06-08,21.5,22.8,20.0,24.7,26.0,91,11.2,11.2,0.0,14.0,1.68,7.8
2007-06-09,20.0,21.2,19.1,22.9,23.7,97,7.7,7.7,0.0,12.0,2.16,5.2
2007-06-10,19.7,21.3,18.3,22.3,23.8,93,0.3,0.3,0.0,2.0,1.6,5.5
2007-06-11,20.5,22.9,18.8,23.6,26.1,93,3.5,3.5,0.0,9.0,1.27,2.9
2007-06-12,20.9,22.5,19.6,24.1,25.4,92,5.1,5.1,0.0,16.0,1.46,3.8
2007-06-13,22.9,27.3,19.2,26.0,30.7,82,0.0,0.0,0.0,0.0,1.52,5.5
2007-06-14,24.6,30.8,18.8,28.3,35.5,78,0.2,0.2,0.0,1.0,2.22,5.8
2007-06-15,25.8,31.2,20.5,28.4,34.0,72,0.3,0.3,0.0,1.0,4.7,10.4
2007-06-16,24.6,26.2,22.7,27.0,28.4,74,5.1,5.1,0.0,15.0,2.92,14.0
2007-06-17,23.5,26.6,21.6,27.1,30.3,86,27.6,27.6,0.0,21.0,2.58,11.8
2007-06-18,23.2,24.9,22.1,27.3,28.9,92,23.3,23.3,0.0,17.0,2.44,8.8
2007-06-19,23.3,24.7,22.0,27.0,28.2,90,12.0,12.0,0.0,14.0,3.77,8.4
2007-06-20,22.6,24.7,21.0,25.3,27.4,81,5.1,5.1,0.0,11.0,2.38,5.8
2007-06-21,23.7,26.4,21.4,26.9,29.8,81,10.8,10.8,0.0,15.0,2.02,4.9
2007-06-22,24.3,26.7,22.5,28.0,30.0,81,15.2,15.2,0.0,12.0,2.1,5.8
2007-06-23,24.0,27.0,20.8,27.9,30.9,84,0.6,0.6,0.0,3.0,2.11,5.5
2007-06-24,26.1,30.8,21.9,31.0,36.6,82,0.0,0.0,0.0,0.0,1.9,4.9
2007-06-25,27.4,32.4,23.1,32.7,39.1,77,1.8,1.8,0.0,3.0,1.6,5.3
2007-06-26,25.4,29.4,21.9,29.8,35.2,83,9.9,9.9,0.0,10.0,3.52,7.0
2007-06-27,26.8,33.6,20.8,31.3,39.5,75,0.0,0.0,0.0,0.0,2.76,4.4
2007-06-28,29.5,35.9,23.0,34.9,43.7,73,0.3,0.3,0.0,1.0,2.43,6.1
2007-06-29,26.6,29.5,23.5,31.7,34.5,82,10.4,10.4,0.0,13.0,2.27,7.9
2007-06-30,27.1,31.6,23.7,32.6,38.2,81,3.2,3.2,0.0,8.0,1.53,5.3
2007-07-01,28.4,33.5,23.8,34.1,40.9,78,0.7,0.7,0.0,4.0,2.19,6.3
2007-07-02,29.3,33.5,24.8,34.1,38.8,72,0.0,0.0,0.0,0.0,3.62,10.3
2007-07-03,29.1,31.8,26.8,33.6,36.7,70,0.0,0.0,0.0,0.0,3.18,9.3
2007-07-04,29.6,33.7,25.4,33.9,38.3,70,0.0,0.0,0.0,0.0,4.61,10.7
2007-07-05,29.9,32.3,27.4,34.3,37.7,68,0.0,0.0,0.0,0.0,4.14,10.9
2007-07-06,28.0,32.2,25.1,33.2,37.0,79,2.5,2.5,0.0,7.0,3.0,8.4
2007-07-07,29.6,34.8,25.1,35.5,41.0,76,0.8,0.8,0.0,2.0,2.52,9.2
2007-07-08,30.7,34.0,27.6,35.6,39.0,68,0.0,0.0,0.0,0.0,3.67,8.3
2007-07-09,27.7,30.3,25.7,33.3,36.0,81,12.9,12.9,0.0,14.0,1.9,6.4
2007-07-10,26.5,28.9,24.8,32.6,35.3,90,45.2,45.2,0.0,24.0,2.12,6.4
2007-07-11,25.8,26.8,24.2,31.7,32.9,92,22.2,22.2,0.0,18.0,1.62,4.9
2007-07-12,25.4,27.6,24.0,30.8,33.6,90,30.0,30.0,0.0,21.0,1.41,4.7
2007-07-13,26.4,30.3,23.4,31.2,36.0,82,5.9,5.9,0.0,7.0,2.51,6.9
2007-07-14,28.1,32.7,23.3,33.2,38.6,73,0.0,0.0,0.0,0.0,1.46,4.4
2007-07-15,29.6,35.5,23.9,34.7,41.1,72,0.0,0.0,0.0,0.0,2.8,7.1
2007-07-16,28.6,31.2,26.7,33.7,36.5,77,2.0,2.0,0.0,5.0,3.11,9.1
2007-07-17,27.6,29.6,25.6,33.1,35.3,83,12.5,12.5,0.0,18.0,2.25,10.7
2007-07-18,27.6,30.1,25.4,33.8,36.5,86,13.4,13.4,0.0,21.0,1.66,11.4
2007-07-19,25.2,27.7,22.7,30.3,34.1,91,24.3,24.3,0.0,17.0,4.4,10.5
2007-07-20,23.9,25.9,22.3,27.0,28.6,84,0.0,0.0,0.0,0.0,3.85,10.2
2007-07-21,24.5,26.7,22.4,28.5,30.5,85,2.1,2.1,0.0,6.0,2.86,6.3
2007-07-22,25.2,28.1,23.0,30.0,33.0,86,0.3,0.3,0.0,3.0,1.3,4.4
2007-07-23,24.5,26.7,22.5,29.4,31.7,90,45.9,45.9,0.0,19.0,1.32,4.2
2007-07-24,25.1,29.0,22.1,29.2,33.8,79,27.2,27.2,0.0,8.0,1.46,4.6
2007-07-25,26.2,31.0,22.6,30.7,36.1,79,1.0,1.0,0.0,2.0,1.7,5.0
2007-07-26,26.5,31.9,22.9,30.4,35.5,77,1.6,1.6,0.0,6.0,3.5,7.4
2007-07-27,27.5,32.5,22.2,30.6,35.2,70,0.0,0.0,0.0,0.0,4.78,10.7
2007-07-28,26.4,28.2,24.4,29.8,32.0,74,2.9,2.9,0.0,6.0,3.74,12.1
2007-07-29,25.3,28.3,23.6,30.2,32.6,88,32.0,32.0,0.0,21.0,2.52,10.0
2007-07-30,26.7,31.3,23.6,31.8,36.9,83,14.6,14.6,0.0,8.0,1.86,7.1
2007-07-31,27.1,31.1,24.1,32.7,37.9,83,9.3,9.3,0.0,15.0,1.5,7.8
2007-08-01,25.2,28.1,23.1,30.3,33.9,89,14.3,14.3,0.0,18.0,2.3,7.3
2007-08-02,25.7,28.9,23.5,30.8,34.2,85,3.1,3.1,0.0,13.0,1.44,5.1
2007-08-03,27.4,32.5,23.4,32.8,38.8,79,0.1,0.1,0.0,1.0,2.06,4.6
2007-08-04,28.4,33.8,23.4,33.7,40.1,77,0.4,0.4,0.0,2.0,2.5,7.1
2007-08-05,29.6,35.4,24.5,34.8,40.8,73,0.0,0.0,0.0,0.0,3.64,9.9
2007-08-06,29.6,34.4,25.7,34.9,40.3,73,0.0,0.0,0.0,0.0,3.22,8.3
2007-08-07,29.9,36.1,24.6,35.7,42.3,72,0.0,0.0,0.0,0.0,2.08,7.2
2007-08-08,30.7,36.8,25.8,36.8,43.9,72,0.0,0.0,0.0,0.0,2.9,3.9
2007-08-09,30.7,35.5,25.9,36.9,43.6,73,0.0,0.0,0.0,0.0,2.48,4.5
2007-08-10,29.7,33.3,26.6,36.7,42.8,81,1.2,1.2,0.0,6.0,1.91,6.2
2007-08-11,27.9,30.7,25.4,32.7,35.2,77,6.2,6.2,0.0,9.0,2.62,7.3
2007-08-12,27.2,31.9,23.9,32.3,38.8,77,4.6,4.6,0.0,7.0,1.44,5.8
2007-08-13,27.3,32.5,22.9,32.4,39.4,77,1.0,1.0,0.0,2.0,1.7,5.1
2007-08-14,28.0,34.1,23.4,32.7,39.6,72,0.0,0.0,0.0,0.0,2.77,5.2
2007-08-15,28.3,34.4,23.0,32.3,38.5,70,0.0,0.0,0.0,0.0,2.64,6.1
2007-08-16,27.8,33.4,22.0,31.6,38.7,69,0.0,0.0,0.0,0.0,2.52,4.6
2007-08-17,27.7,32.8,22.5,31.7,37.1,69,0.0,0.0,0.0,0.0,2.42,4.2
2007-08-18,28.9,34.1,24.1,33.7,39.9,70,0.0,0.0,0.0,0.0,2.47,5.3
2007-08-19,29.3,35.7,24.2,34.1,42.2,69,0.0,0.0,0.0,0.0,1.58,4.3
2007-08-20,28.6,33.9,25.2,33.9,40.3,74,3.4,3.4,0.0,4.0,2.47,7.6
2007-08-21,28.6,33.1,25.0,34.1,40.7,77,7.8,7.8,0.0,10.0,2.21,6.2
2007-08-22,28.7,34.1,24.9,34.4,41.8,78,0.4,0.4,0.0,4.0,2.12,7.5
2007-08-23,27.4,30.7,25.3,33.0,36.8,83,10.0,10.0,0.0,13.0,2.46,7.8
2007-08-24,28.0,31.5,25.3,33.6,36.5,81,4.6,4.6,0.0,9.0,3.0,8.9
2007-08-25,28.2,33.6,24.3,33.5,39.6,77,7.2,7.2,0.0,3.0,1.71,6.5
2007-08-26,28.5,33.6,24.3,33.7,39.4,74,1.4,1.4,0.0,4.0,1.84,5.3
2007-08-27,28.3,32.8,24.2,33.3,38.5,75,0.9,0.9,0.0,3.0,2.02,5.9
2007-08-28,29.4,34.9,25.1,34.4,40.4,72,0.3,0.3,0.0,1.0,2.79,8.8
2007-08-29,29.9,35.7,24.7,34.2,39.5,67,0.0,0.0,0.0,0.0,3.74,9.6
2007-08-30,30.1,35.6,24.6,34.8,41.3,66,0.0,0.0,0.0,0.0,2.84,7.3
2007-08-31,26.9,31.3,22.1,31.0,36.0,77,21.0,21.0,0.0,9.0,4.17,10.4
2007-09-01,22.2,23.2,21.2,25.1,27.1,88,11.7,11.7,0.0,19.0,4.38,11.0
2007-09-02,23.7,26.2,22.3,27.3,29.8,84,0.1,0.1,0.0,1.0,1.61,3.9
2007-09-03,22.9,25.0,21.4,26.3,28.2,85,0.1,0.1,0.0,1.0,1.53,6.7
2007-09-04,23.9,28.0,20.5,27.3,31.4,80,0.1,0.1,0.0,1.0,1.7,5.3
2007-09-05,24.6,29.4,20.2,27.5,32.1,75,0.0,0.0,0.0,0.0,2.44,6.1
2007-09-06,24.7,29.6,21.1,26.8,31.8,71,0.0,0.0,0.0,0.0,4.16,9.3
2007-09-07,21.7,22.8,20.2,24.4,25.2,87,3.8,3.8,0.0,10.0,2.15,5.4
2007-09-08,20.6,21.5,19.7,23.7,25.0,94,44.8,44.8,0.0,23.0,2.44,9.1
2007-09-09,21.4,22.7,20.4,24.7,26.1,91,10.2,10.2,0.0,16.0,1.25,3.2
2007-09-10,22.1,24.8,20.2,25.2,27.4,84,0.0,0.0,0.0,0.0,1.84,4.3
2007-09-11,22.5,25.0,20.6,25.9,28.3,86,1.1,1.1,0.0,6.0,1.92,3.6
2007-09-12,23.0,26.5,20.8,26.3,30.3,86,2.8,2.8,0.0,9.0,2.66,5.8
2007-09-13,21.6,22.8,20.1,25.0,26.6,95,36.4,36.4,0.0,21.0,2.51,5.3
2007-09-14,22.9,27.1,20.1,25.4,29.6,79,0.4,0.4,0.0,3.0,2.22,5.3
2007-09-15,23.0,30.9,17.0,25.5,34.8,76,0.0,0.0,0.0,0.0,3.14,4.6
2007-09-16,21.9,26.3,17.9,24.7,30.0,85,0.1,0.1,0.0,1.0,1.93,4.7
2007-09-17,21.1,23.3,19.1,23.6,25.6,86,18.9,18.9,0.0,13.0,1.86,4.4
2007-09-18,22.0,27.1,17.4,24.2,29.8,77,0.0,0.0,0.0,0.0,2.38,6.0
2007-09-19,21.4,28.1,15.9,23.0,30.8,75,0.0,0.0,0.0,0.0,2.82,6.8
2007-09-20,23.6,29.8,19.2,25.7,33.3,70,0.0,0.0,0.0,0.0,2.22,4.9
2007-09-21,23.3,31.1,17.3,25.1,33.6,71,0.0,0.0,0.0,0.0,2.34,4.9
2007-09-22,22.0,28.9,16.0,22.8,30.4,68,0.0,0.0,0.0,0.0,3.05,5.9
2007-09-23,21.9,28.7,15.7,23.1,31.5,70,0.0,0.0,0.0,0.0,2.98,5.1
2007-09-24,22.3,28.6,15.8,24.3,32.5,74,0.0,0.0,0.0,0.0,2.11,4.5
2007-09-25,23.9,26.9,21.5,27.1,30.3,78,0.0,0.0,0.0,0.0,1.99,4.6
2007-09-26,25.7,30.6,22.2,29.1,33.3,76,0.0,0.0,0.0,0.0,3.85,8.6
2007-09-27,26.4,31.7,21.7,30.0,35.3,75,0.0,0.0,0.0,0.0,3.81,8.3
2007-09-28,27.4,32.8,22.8,30.4,35.5,68,0.0,0.0,0.0,0.0,4.08,11.0
2007-09-29,27.0,31.3,23.6,29.5,33.9,67,0.0,0.0,0.0,0.0,4.74,10.4
2007-09-30,25.3,30.6,21.1,27.4,33.1,69,0.0,0.0,0.0,0.0,4.27,9.5
2007-10-01,24.6,30.0,19.8,26.7,33.2,70,0.0,0.0,0.0,0.0,2.97,7.3
2007-10-02,23.8,28.9,19.0,26.2,31.5,75,0.6,0.6,0.0,5.0,2.42,6.2
2007-10-03,24.8,30.4,20.1,27.2,32.2,74,0.0,0.0,0.0,0.0,4.16,8.2
2007-10-04,26.5,32.3,21.6,29.3,34.3,71,0.0,0.0,0.0,0.0,4.11,10.0
2007-10-05,26.7,33.6,21.7,29.6,36.1,70,0.0,0.0,0.0,0.0,3.61,8.5
2007-10-06,27.0,33.9,21.4,30.2,36.9,70,0.0,0.0,0.0,0.0,2.92,7.2
2007-10-07,25.6,29.3,22.6,29.1,33.0,76,0.5,0.5,0.0,2.0,2.48,8.7
2007-10-08,22.7,26.2,19.6,23.5,26.3,66,0.0,0.0,0.0,0.0,3.98,8.7
2007-10-09,20.1,22.4,17.4,20.4,22.3,67,0.0,0.0,0.0,0.0,2.94,6.5
2007-10-10,17.5,20.6,16.1,18.0,20.9,77,3.7,3.7,0.0,9.0,1.57,4.4
2007-10-11,16.7,17.2,16.1,18.0,18.5,89,2.8,2.8,0.0,11.0,1.61,4.0
2007-10-12,15.7,16.5,14.5,16.8,18.0,95,13.7,13.7,0.0,24.0,1.7,4.5
2007-10-13,15.2,15.7,14.8,16.0,16.2,97,10.6,10.6,0.0,24.0,2.1,5.0
2007-10-14,14.9,15.4,14.3,15.5,16.0,95,6.7,6.7,0.0,20.0,1.86,4.2
2007-10-15,15.0,16.0,14.1,15.6,17.0,92,4.9,4.9,0.0,15.0,1.66,3.8
2007-10-16,16.7,19.0,15.1,17.6,19.6,85,0.0,0.0,0.0,0.0,1.71,4.7
2007-10-17,17.0,18.9,15.5,18.2,20.4,89,0.7,0.7,0.0,6.0,1.33,4.7
2007-10-18,16.6,17.8,15.2,17.7,18.7,89,1.1,1.1,0.0,4.0,1.53,2.5
2007-10-19,17.4,20.7,15.2,18.2,21.2,83,1.0,1.0,0.0,7.0,1.61,4.5
2007-10-20,17.8,21.9,15.0,18.8,23.1,86,0.0,0.0,0.0,0.0,2.01,4.9
2007-10-21,17.2,18.9,15.9,18.2,19.5,88,0.3,0.3,0.0,2.0,2.22,5.3
2007-10-22,17.4,19.2,15.5,18.3,19.9,83,1.2,1.2,0.0,6.0,1.4,4.7
2007-10-23,16.6,18.0,15.1,17.7,19.1,90,5.8,5.8,0.0,12.0,1.8,6.0
2007-10-24,17.7,19.5,16.8,19.1,20.1,89,4.3,4.3,0.0,14.0,2.65,6.2
2007-10-25,18.8,24.0,14.8,20.0,25.6,84,0.0,0.0,0.0,0.0,2.16,5.0
2007-10-26,19.8,22.8,17.6,21.6,25.2,84,0.1,0.1,0.0,1.0,1.64,6.2
2007-10-27,19.8,22.8,17.4,21.9,25.3,86,0.0,0.0,0.0,0.0,1.86,5.2
2007-10-28,17.6,21.2,12.5,18.8,24.2,94,25.7,25.7,0.0,20.0,4.04,9.9
2007-10-29,12.4,13.0,11.7,11.8,12.7,93,5.8,5.8,0.0,16.0,3.22,7.9
2007-10-30,12.9,13.8,11.6,12.7,13.5,89,0.1,0.1,0.0,1.0,1.43,3.6
2007-10-31,13.5,14.0,13.0,13.7,14.4,92,1.4,1.4,0.0,9.0,1.7,4.3
2007-11-01,13.5,14.2,12.1,13.9,14.6,96,5.1,5.1,0.0,13.0,1.41,3.9
2007-11-02,14.1,19.4,10.1,13.4,18.4,80,0.0,0.0,0.0,0.0,2.82,5.3
2007-11-03,13.8,18.8,10.0,12.8,17.7,74,0.0,0.0,0.0,0.0,2.21,4.5
2007-11-04,15.4,21.3,10.3,14.6,21.1,70,0.0,0.0,0.0,0.0,2.56,4.1
2007-11-05,14.2,22.4,8.0,13.1,22.0,75,0.0,0.0,0.0,0.0,2.97,4.8
2007-11-06,15.6,21.8,10.2,15.1,21.2,75,0.0,0.0,0.0,0.0,2.24,5.7
2007-11-07,15.2,19.5,11.6,14.9,19.3,81,0.0,0.0,0.0,0.0,2.11,5.4
2007-11-08,16.2,19.6,12.3,16.5,19.2,81,0.0,0.0,0.0,0.0,2.2,5.2
2007-11-09,14.6,22.2,10.3,14.3,22.4,83,0.0,0.0,0.0,0.0,2.42,5.1
2007-11-10,14.6,18.4,11.3,13.7,17.2,74,0.0,0.0,0.0,0.0,2.06,5.0
2007-11-11,16.0,18.4,14.2,15.3,17.3,70,0.0,0.0,0.0,0.0,2.69,6.0
2007-11-12,15.0,16.0,13.7,14.9,16.1,80,0.4,0.4,0.0,2.0,1.44,4.1
2007-11-13,14.3,15.9,13.3,14.3,15.5,85,0.0,0.0,0.0,0.0,1.8,4.4
2007-11-14,14.6,16.3,13.6,14.9,16.8,87,0.0,0.0,0.0,0.0,1.71,3.5
2007-11-15,14.8,15.7,14.1,15.5,16.2,93,10.2,10.2,0.0,22.0,1.35,4.2
2007-11-16,15.3,15.8,14.9,16.1,16.8,93,14.4,14.4,0.0,18.0,1.53,3.1
2007-11-17,15.0,15.3,14.2,16.0,16.5,94,13.4,13.4,0.0,22.0,0.85,2.4
2007-11-18,14.0,15.1,12.7,13.6,15.4,83,16.0,16.0,0.0,11.0,2.31,5.9
2007-11-19,12.7,14.3,11.5,11.7,13.0,75,0.0,0.0,0.0,0.0,1.73,3.4
2007-11-20,12.3,15.8,8.8,11.4,14.9,81,0.0,0.0,0.0,0.0,2.14,5.3
2007-11-21,14.2,16.5,12.6,14.1,16.0,80,0.0,0.0,0.0,0.0,0.95,3.6
2007-11-22,14.2,17.0,11.5,14.1,16.1,83,0.0,0.0,0.0,0.0,2.16,5.9
2007-11-23,12.3,16.1,9.1,11.9,15.7,86,0.0,0.0,0.0,0.0,1.7,3.9
2007-11-24,11.5,16.9,7.5,10.7,16.2,90,0.0,0.0,0.0,0.0,2.69,5.5
2007-11-25,12.3,18.2,7.3,11.5,17.5,86,0.0,0.0,0.0,0.0,2.34,5.6
2007-11-26,12.7,14.9,10.9,11.5,13.6,82,0.0,0.0,0.0,0.0,3.7,8.7
2007-11-27,11.2,16.7,7.6,9.5,16.0,75,0.0,0.0,0.0,0.0,3.06,4.5
2007-11-28,10.5,18.0,3.6,8.9,17.3,79,0.0,0.0,0.0,0.0,3.09,4.8
2007-11-29,12.1,16.9,9.0,10.5,15.2,72,0.0,0.0,0.0,0.0,2.93,4.7
2007-11-30,13.3,18.0,9.4,11.2,15.2,62,0.0,0.0,0.0,0.0,2.86,6.6
2007-12-01,13.2,16.6,10.0,11.5,15.0,63,0.1,0.1,0.0,1.0,1.98,5.1
2007-12-02,12.6,15.6,8.7,11.1,13.4,73,2.0,2.0,0.0,5.0,3.23,8.1
2007-12-03,10.9,13.2,8.7,9.6,11.9,83,0.1,0.1,0.0,1.0,1.9,4.0
2007-12-04,10.5,11.7,8.0,9.2,10.9,82,4.3,4.3,0.0,21.0,2.33,5.4
2007-12-05,7.6,8.5,6.8,5.8,7.3,85,5.3,5.3,0.0,17.0,1.75,4.9
2007-12-06,8.9,10.7,5.6,7.3,9.4,83,0.0,0.0,0.0,0.0,2.48,5.2
2007-12-07,7.8,10.5,4.3,6.0,8.9,87,0.0,0.0,0.0,0.0,2.4,5.1
2007-12-08,9.3,9.9,8.4,8.1,8.7,88,0.9,0.9,0.0,5.0,1.39,3.7
2007-12-09,9.1,9.9,8.2,7.9,8.5,90,0.6,0.6,0.0,3.0,1.91,4.3
2007-12-10,10.7,13.7,8.6,9.4,12.4,82,0.0,0.0,0.0,0.0,2.62,5.8
2007-12-11,10.5,11.7,8.3,9.1,10.6,83,1.9,1.9,0.0,7.0,2.91,6.4
2007-12-12,11.5,14.0,9.0,10.1,12.3,76,0.0,0.0,0.0,0.0,2.12,5.3
2007-12-13,10.8,14.0,7.7,9.4,12.8,78,0.0,0.0,0.0,0.0,1.82,4.7
2007-12-14,10.9,12.4,9.9,9.8,11.4,82,0.0,0.0,0.0,0.0,1.51,3.1
2007-12-15,10.8,11.6,9.7,9.9,10.9,82,0.0,0.0,0.0,0.0,1.3,3.3
2007-12-16,9.5,10.3,8.9,7.6,8.7,69,0.0,0.0,0.0,0.0,1.34,3.2
2007-12-17,9.5,11.5,7.9,8.2,10.0,83,0.0,0.0,0.0,0.0,1.43,3.9
2007-12-18,9.7,11.2,7.8,8.8,10.4,90,0.4,0.4,0.0,4.0,2.0,3.4
2007-12-19,9.0,13.3,6.2,7.3,11.6,85,0.0,0.0,0.0,0.0,2.67,6.3
2007-12-20,9.6,11.0,8.3,8.2,9.5,82,0.2,0.2,0.0,1.0,1.64,4.1
2007-12-21,10.8,13.7,8.4,9.5,12.4,79,0.0,0.0,0.0,0.0,2.0,4.1
2007-12-22,10.6,13.8,8.3,9.5,12.5,83,0.1,0.1,0.0,1.0,1.75,4.0
2007-12-23,10.7,11.5,10.0,10.0,10.9,90,6.1,6.1,0.0,14.0,1.62,5.7
2007-12-24,10.9,13.9,8.6,9.4,12.1,80,0.0,0.0,0.0,0.0,2.45,5.1
2007-12-25,10.0,11.4,8.1,8.0,9.1,74,0.0,0.0,0.0,0.0,2.39,5.3
2007-12-26,9.3,9.7,8.9,7.6,7.8,78,0.6,0.6,0.0,5.0,1.92,4.3
2007-12-27,9.8,11.1,8.8,8.2,9.6,77,0.7,0.7,0.0,3.0,1.88,4.2
2007-12-28,8.7,10.1,6.4,6.9,8.9,87,3.4,3.4,0.0,14.0,3.45,7.6
2007-12-29,8.5,10.1,7.2,6.5,8.3,75,0.0,0.0,0.0,0.0,1.63,4.9
2007-12-30,8.4,9.1,7.9,7.0,7.7,93,4.8,4.8,0.0,16.0,2.33,5.8
2007-12-31,7.3,8.6,6.2,5.4,7.4,86,2.0,2.0,0.0,11.0,3.0,7.6
2008-01-01,7.3,8.7,5.4,5.5,6.7,84,0.0,0.0,0.0,0.0,1.94,4.5
2008-01-02,7.7,11.0,5.4,5.5,8.5,74,0.0,0.0,0.0,0.0,2.64,4.4
2008-01-03,7.6,9.9,5.8,5.1,7.5,72,0.0,0.0,0.0,0.0,2.47,6.0
2008-01-04,8.0,10.8,5.6,5.8,8.0,75,0.0,0.0,0.0,0.0,2.31,5.7
2008-01-05,7.6,13.2,3.1,5.5,11.1,82,0.0,0.0,0.0,0.0,2.64,5.3
2008-01-06,9.2,14.0,5.7,7.0,11.8,76,0.0,0.0,0.0,0.0,2.64,6.5
2008-01-07,8.0,11.1,4.3,6.2,9.6,82,0.1,0.1,0.0,1.0,1.71,4.7
2008-01-08,10.2,14.0,4.4,8.3,12.4,78,0.7,0.7,0.0,4.0,3.06,6.8
2008-01-09,8.0,15.5,2.3,6.2,14.1,85,0.0,0.0,0.0,0.0,3.06,5.0
2008-01-10,10.6,13.4,6.7,9.3,12.1,82,0.0,0.0,0.0,0.0,2.2,4.7
2008-01-11,11.5,12.6,10.2,10.0,12.2,84,3.4,3.4,0.0,12.0,3.3,7.0
2008-01-12,9.9,11.8,7.1,8.1,11.6,80,2.5,2.5,0.0,15.0,2.55,6.2
2008-01-13,6.3,7.1,5.4,3.3,4.5,68,0.6,0.6,0.0,5.0,2.48,5.9
2008-01-14,4.6,5.9,3.6,1.4,2.5,70,0.4,0.4,0.0,3.0,2.56,5.7
2008-01-15,4.7,6.0,3.2,2.0,3.6,68,0.0,0.0,0.0,0.0,1.77,4.2
2008-01-16,5.1,7.4,1.8,2.5,4.5,75,0.0,0.0,0.0,0.0,1.92,4.4
2008-01-17,5.8,8.0,2.8,2.7,5.2,66,0.0,0.0,0.0,0.0,2.32,7.0
2008-01-18,4.5,5.8,3.6,1.3,2.6,70,0.0,0.0,0.0,0.0,2.34,5.2
2008-01-19,3.9,4.7,3.2,0.6,1.5,67,0.0,0.0,0.0,0.0,2.15,5.2
2008-01-20,4.3,5.6,3.2,1.5,2.9,74,0.0,0.0,0.0,0.0,1.57,4.1
2008-01-21,4.3,5.6,3.3,1.4,2.4,72,0.0,0.0,0.0,0.0,2.21,5.6
2008-01-22,3.7,5.0,2.5,0.9,2.6,73,0.0,0.0,0.0,0.0,2.31,5.1
2008-01-23,4.1,5.5,2.4,1.6,2.5,77,0.0,0.0,0.0,0.0,2.28,5.3
2008-01-24,3.7,4.9,2.2,0.1,2.4,66,0.0,0.0,0.0,0.0,2.83,6.2
2008-01-25,2.6,3.6,1.6,-0.7,0.7,66,0.0,0.0,0.14,0.0,2.08,5.0
2008-01-26,2.8,3.8,2.0,-0.2,1.0,70,0.0,0.0,0.07,0.0,2.53,4.5
2008-01-27,1.6,2.3,0.9,-1.8,-1.0,70,3.5,0.0,2.73,14.0,2.38,5.2
2008-01-28,1.7,2.8,0.5,-1.3,-0.4,76,0.0,0.0,0.14,0.0,2.19,5.4
2008-01-29,2.0,4.0,-0.5,-1.1,0.8,82,1.0,0.8,0.14,3.0,2.85,6.6
2008-01-30,2.5,3.4,1.4,0.0,1.4,89,2.1,0.5,1.26,13.0,1.86,5.6
2008-01-31,2.6,3.3,1.7,0.4,1.0,93,0.9,0.7,0.63,7.0,1.13,3.8
2008-02-01,2.5,4.2,1.4,-0.1,1.2,89,1.9,0.5,1.05,8.0,1.84,5.1
2008-02-02,3.3,5.1,1.9,0.5,2.2,83,0.0,0.0,0.0,0.0,2.42,5.0
2008-02-03,4.2,7.4,1.9,1.5,4.7,78,0.0,0.0,0.0,0.0,2.46,5.4
2008-02-04,4.3,6.7,1.3,1.5,3.4,77,0.0,0.0,0.0,0.0,2.06,5.4
2008-02-05,5.9,7.7,4.4,3.4,5.1,81,0.5,0.5,0.0,5.0,2.64,6.4
2008-02-06,6.2,9.2,3.8,3.3,6.8,70,0.0,0.0,0.0,0.0,2.52,6.3
2008-02-07,5.9,10.6,1.0,3.0,8.5,66,0.0,0.0,0.0,0.0,2.02,5.1
2008-02-08,7.4,10.7,4.6,4.8,8.0,65,0.0,0.0,0.0,0.0,1.97,4.9
2008-02-09,5.3,6.7,3.8,1.8,2.5,60,0.0,0.0,0.0,0.0,3.54,7.0
2008-02-10,4.8,7.5,2.5,1.8,4.8,60,0.0,0.0,0.0,0.0,1.48,4.0
2008-02-11,5.5,7.3,3.7,2.8,4.7,69,0.0,0.0,0.0,0.0,2.12,4.5
2008-02-12,6.6,9.5,4.4,3.7,6.1,64,0.0,0.0,0.0,0.0,2.75,7.4
2008-02-13,6.5,9.8,4.2,2.9,7.0,46,0.0,0.0,0.0,0.0,2.44,5.4
2008-02-14,5.9,10.3,2.1,2.8,7.3,64,0.0,0.0,0.0,0.0,2.86,7.4
2008-02-15,6.9,15.5,-1.7,4.1,13.1,65,0.0,0.0,0.0,0.0,2.83,6.3
2008-02-16,8.8,10.4,7.2,6.5,8.3,69,0.2,0.2,0.0,2.0,2.5,4.6
2008-02-17,7.8,9.6,5.6,5.6,7.4,75,0.0,0.0,0.0,0.0,2.55,6.2
2008-02-18,7.8,11.1,5.1,5.6,8.7,74,1.8,1.8,0.0,5.0,1.75,5.3
2008-02-19,7.3,8.1,6.4,5.5,6.3,85,3.1,3.1,0.0,13.0,2.24,5.4
2008-02-20,7.9,10.7,5.9,6.2,9.2,82,0.0,0.0,0.0,0.0,1.8,4.5
2008-02-21,9.3,12.5,7.0,7.6,10.9,78,0.0,0.0,0.0,0.0,2.56,5.4
2008-02-22,9.9,16.2,4.7,8.2,15.2,74,0.0,0.0,0.0,0.0,2.15,6.0
2008-02-23,12.5,17.2,8.0,11.2,16.4,76,0.0,0.0,0.0,0.0,2.22,6.0
2008-02-24,11.0,12.8,10.3,9.9,11.8,87,3.6,3.6,0.0,14.0,2.06,6.7
2008-02-25,9.4,11.5,6.9,8.3,11.4,93,10.3,10.3,0.0,22.0,2.69,6.2
2008-02-26,6.4,7.5,5.0,4.6,6.1,89,8.6,8.6,0.0,16.0,1.41,5.2
2008-02-27,8.2,10.6,5.9,6.4,8.6,80,0.0,0.0,0.0,0.0,1.71,4.4
2008-02-28,9.5,13.7,6.5,7.1,10.7,69,0.0,0.0,0.0,0.0,2.76,6.0
2008-02-29,10.2,19.6,2.2,7.9,17.9,65,0.0,0.0,0.0,0.0,3.47,5.0
2008-03-01,10.7,18.0,3.7,8.6,16.6,69,0.0,0.0,0.0,0.0,2.56,7.4
2008-03-02,12.9,21.1,5.4,11.1,20.1,66,0.0,0.0,0.0,0.0,3.42,6.6
2008-03-03,14.2,16.4,12.1,13.0,15.5,67,0.0,0.0,0.0,0.0,2.1,4.3
2008-03-04,12.5,16.0,9.9,10.8,14.1,70,0.0,0.0,0.0,0.0,2.69,5.6
2008-03-05,12.9,16.8,10.6,11.5,15.7,70,0.8,0.8,0.0,4.0,2.64,7.6
2008-03-06,11.7,12.5,10.7,10.8,11.9,84,1.4,1.4,0.0,8.0,2.79,6.5
2008-03-07,11.5,12.5,9.5,11.0,12.0,89,0.4,0.4,0.0,3.0,1.73,4.6
2008-03-08,11.5,16.5,6.6,10.1,16.0,79,0.0,0.0,0.0,0.0,3.75,8.4
2008-03-09,11.3,12.7,9.4,10.3,11.8,85,1.1,1.1,0.0,5.0,1.89,3.9
2008-03-10,12.4,18.8,8.5,11.8,17.7,84,0.0,0.0,0.0,0.0,2.51,5.4
2008-03-11,14.8,20.5,8.6,14.3,21.6,75,0.0,0.0,0.0,0.0,2.53,6.2
2008-03-12,13.8,15.8,12.5,14.0,15.9,91,7.9,7.9,0.0,21.0,1.4,6.1
2008-03-13,16.3,19.7,12.8,16.7,20.0,83,0.7,0.7,0.0,3.0,1.79,4.3
2008-03-14,16.2,22.3,10.8,15.7,21.9,75,0.0,0.0,0.0,0.0,3.48,7.5
2008-03-15,15.2,18.1,12.4,15.2,18.2,82,0.9,0.9,0.0,4.0,1.77,4.0
2008-03-16,14.9,16.0,14.1,15.6,16.7,90,3.9,3.9,0.0,12.0,1.51,4.2
2008-03-17,15.8,17.9,13.5,16.2,18.5,83,0.9,0.9,0.0,3.0,1.66,4.7
2008-03-18,15.7,22.3,9.6,15.6,23.6,78,0.0,0.0,0.0,0.0,2.35,6.4
2008-03-19,18.0,25.1,11.0,16.9,23.3,68,0.0,0.0,0.0,0.0,6.26,12.9
2008-03-20,19.0,22.5,15.9,19.1,23.4,71,5.9,5.9,0.0,14.0,3.19,11.6
2008-03-21,14.0,15.8,11.8,14.0,16.6,92,11.4,11.4,0.0,21.0,3.42,8.0
2008-03-22,15.5,20.4,11.9,15.1,20.8,72,0.4,0.4,0.0,3.0,1.84,5.2
2008-03-23,16.5,25.1,7.9,15.4,25.0,62,0.0,0.0,0.0,0.0,2.94,5.8
2008-03-24,18.3,24.4,12.0,17.9,25.7,60,0.0,0.0,0.0,0.0,2.67,4.9
2008-03-25,17.6,21.3,14.8,17.8,21.4,74,5.5,5.5,0.0,10.0,2.33,6.2
2008-03-26,18.5,27.1,11.0,18.0,27.0,63,0.0,0.0,0.0,0.0,2.91,5.2
2008-03-27,17.5,21.7,14.6,16.8,21.0,69,2.1,2.1,0.0,7.0,3.45,8.0
2008-03-28,18.1,22.9,14.5,18.7,24.0,76,11.2,11.2,0.0,6.0,2.92,4.6
2008-03-29,15.3,18.3,11.8,15.4,20.2,89,18.8,18.8,0.0,21.0,4.83,11.0
2008-03-30,12.0,13.5,10.9,10.9,12.8,86,1.2,1.2,0.0,5.0,3.26,7.6
2008-03-31,13.7,16.5,11.2,12.8,15.0,75,0.0,0.0,0.0,0.0,2.16,5.1
2008-04-01,14.5,18.0,11.5,13.5,16.7,71,0.0,0.0,0.0,0.0,2.1,5.7
2008-04-02,13.9,15.7,12.6,13.7,15.3,80,0.0,0.0,0.0,0.0,1.22,3.6
2008-04-03,13.6,15.9,12.1,13.2,15.2,82,0.0,0.0,0.0,0.0,2.63,6.1
2008-04-04,14.5,18.0,11.6,13.9,17.6,76,0.3,0.3,0.0,1.0,2.37,3.5
2008-04-05,16.5,21.4,12.6,16.2,21.6,74,0.0,0.0,0.0,0.0,2.83,4.8
2008-04-06,17.3,23.9,11.3,17.4,24.1,76,0.9,0.9,0.0,3.0,2.15,5.3
2008-04-07,21.0,27.4,14.1,22.4,30.1,75,0.0,0.0,0.0,0.0,2.32,6.2
2008-04-08,23.6,27.9,19.7,25.4,29.2,70,1.0,1.0,0.0,5.0,2.93,8.9
2008-04-09,24.0,29.4,18.6,26.7,34.0,71,0.0,0.0,0.0,0.0,2.25,5.6
2008-04-10,21.3,22.9,17.7,22.1,24.2,72,37.0,37.0,0.0,12.0,3.3,13.8
2008-04-11,18.3,19.7,16.5,19.4,21.4,82,2.7,2.7,0.0,7.0,1.62,4.4
2008-04-12,17.4,18.1,16.6,17.9,19.0,79,1.3,1.3,0.0,9.0,1.65,4.0
2008-04-13,15.6,16.6,14.0,15.8,17.0,86,2.6,2.6,0.0,9.0,3.3,6.7
2008-04-14,15.9,18.2,14.2,16.3,18.8,84,1.1,1.1,0.0,7.0,2.18,5.3
2008-04-15,18.1,22.6,15.0,18.7,23.1,76,0.8,0.8,0.0,3.0,2.2,4.2
2008-04-16,20.1,27.0,14.7,21.0,28.6,70,0.0,0.0,0.0,0.0,2.86,6.5
2008-04-17,21.4,27.7,14.9,21.7,28.5,68,0.0,0.0,0.0,0.0,4.9,10.7
2008-04-18,22.7,26.1,19.3,24.1,28.6,71,2.3,2.3,0.0,6.0,3.24,14.0
2008-04-19,21.1,23.6,19.4,23.3,26.4,86,6.1,6.1,0.0,10.0,3.6,7.2
2008-04-20,22.6,26.8,19.1,25.0,29.0,78,1.6,1.6,0.0,4.0,2.31,5.3
2008-04-21,19.1,22.2,13.7,20.8,24.6,88,19.6,19.6,0.0,19.0,2.62,10.2
2008-04-22,15.2,17.8,13.0,14.4,17.5,80,9.8,9.8,0.0,13.0,3.72,9.0
2008-04-23,15.1,16.7,12.4,15.2,16.6,88,14.8,14.8,0.0,15.0,2.42,6.2
2008-04-24,15.1,19.0,10.9,15.2,20.6,84,1.8,1.8,0.0,4.0,1.84,5.3
2008-04-25,17.6,24.6,12.1,18.2,26.8,76,0.0,0.0,0.0,0.0,2.94,5.4
2008-04-26,18.4,24.0,12.4,18.9,24.8,75,0.0,0.0,0.0,0.0,1.92,5.6
2008-04-27,19.2,21.9,16.6,19.4,21.9,76,0.5,0.5,0.0,3.0,3.85,9.0
2008-04-28,21.7,28.7,14.6,22.7,31.5,67,0.0,0.0,0.0,0.0,2.1,5.8
2008-04-29,22.2,27.0,18.2,23.0,27.9,66,0.0,0.0,0.0,0.0,3.55,9.4
2008-04-30,22.6,30.0,15.4,24.4,33.5,70,0.0,0.0,0.0,0.0,2.19,4.6
2008-05-01,25.1,33.9,16.2,26.5,36.2,62,0.0,0.0,0.0,0.0,3.35,7.9
2008-05-02,24.3,28.5,21.7,27.4,33.1,75,9.6,9.6,0.0,12.0,2.64,7.6
2008-05-03,22.6,26.6,19.8,25.5,29.8,85,15.0,15.0,0.0,16.0,4.14,9.9
2008-05-04,20.8,23.2,18.2,21.2,24.1,64,0.0,0.0,0.0,0.0,2.0,5.6
2008-05-05,22.1,28.1,16.8,24.0,31.5,73,0.0,0.0,0.0,0.0,2.48,4.6
2008-05-06,23.4,31.1,15.8,25.3,34.5,69,0.0,0.0,0.0,0.0,2.73,5.8
2008-05-07,24.1,28.7,20.2,27.2,33.5,77,5.1,5.1,0.0,10.0,2.22,4.9
2008-05-08,22.2,23.6,20.5,24.4,27.3,81,1.3,1.3,0.0,7.0,3.3,7.7
2008-05-09,21.4,24.1,19.1,23.5,25.8,80,8.4,8.4,0.0,11.0,2.02,5.2
2008-05-10,22.5,27.3,18.6,24.1,29.0,72,0.0,0.0,0.0,0.0,2.22,4.9
2008-05-11,22.9,30.4,15.4,24.3,33.6,66,0.0,0.0,0.0,0.0,3.11,5.0
2008-05-12,24.5,31.3,17.2,25.9,33.7,61,0.0,0.0,0.0,0.0,3.19,4.9
2008-05-13,23.3,27.4,20.1,24.5,28.9,65,0.2,0.2,0.0,1.0,2.87,6.8
2008-05-14,18.2,20.4,17.1,19.6,22.2,87,14.1,14.1,0.0,15.0,2.32,6.8
2008-05-15,21.3,24.9,18.1,23.2,26.7,76,0.1,0.1,0.0,1.0,1.21,3.9
2008-05-16,21.4,26.1,16.5,23.2,28.4,77,0.0,0.0,0.0,0.0,1.81,5.1
2008-05-17,23.2,29.5,16.5,25.6,34.4,73,0.0,0.0,0.0,0.0,3.11,5.5
2008-05-18,24.4,28.0,20.8,26.5,30.6,69,0.1,0.1,0.0,1.0,3.86,9.0
2008-05-19,24.5,30.5,18.6,26.3,32.3,64,0.0,0.0,0.0,0.0,2.16,5.7
2008-05-20,23.9,30.3,17.5,24.6,30.2,63,0.0,0.0,0.0,0.0,3.52,8.4
2008-05-21,22.8,26.6,20.4,24.7,28.1,74,0.0,0.0,0.0,0.0,3.01,7.1
2008-05-22,19.7,20.5,18.8,22.3,23.3,91,11.9,11.9,0.0,16.0,1.49,5.1
2008-05-23,21.5,24.6,19.0,24.0,26.9,82,0.0,0.0,0.0,0.0,1.53,4.9
2008-05-24,22.9,29.3,17.8,26.0,33.4,80,0.0,0.0,0.0,0.0,2.7,5.5
2008-05-25,26.4,33.3,19.2,29.9,37.8,73,1.4,1.4,0.0,2.0,3.61,9.9
2008-05-26,25.1,26.6,23.5,29.7,31.4,85,18.6,18.6,0.0,17.0,1.82,8.1
2008-05-27,25.1,28.5,22.6,29.5,32.5,85,8.0,8.0,0.0,16.0,2.5,6.5
2008-05-28,24.3,26.1,22.8,28.6,30.7,87,8.0,8.0,0.0,14.0,1.97,5.7
2008-05-29,23.4,26.4,20.2,27.1,31.1,88,9.3,9.3,0.0,12.0,2.44,6.0
2008-05-30,19.7,20.6,18.6,22.0,22.7,93,10.1,10.1,0.0,14.0,2.73,6.0
2008-05-31,22.3,28.0,17.1,24.4,30.4,77,0.0,0.0,0.0,0.0,2.66,5.5
2008-06-01,23.2,27.4,19.6,25.6,30.9,72,0.0,0.0,0.0,0.0,2.22,4.7
2008-06-02,24.7,30.7,17.7,27.6,35.1,70,0.0,0.0,0.0,0.0,1.61,4.4
2008-06-03,26.0,33.4,19.1,29.0,37.6,67,0.0,0.0,0.0,0.0,2.24,4.5
2008-06-04,26.5,32.9,20.4,30.4,38.5,73,0.0,0.0,0.0,0.0,1.75,4.1
2008-06-05,27.9,35.0,22.2,30.8,37.6,64,0.7,0.7,0.0,1.0,3.72,9.9
2008-06-06,27.0,33.7,19.8,29.5,36.3,64,0.0,0.0,0.0,0.0,3.86,11.1
2008-06-07,21.5,23.8,19.9,23.9,27.5,87,4.1,4.1,0.0,11.0,3.85,10.8
2008-06-08,21.7,23.9,19.6,24.0,26.1,81,0.0,0.0,0.0,0.0,2.56,5.8
2008-06-09,22.8,26.3,18.8,26.2,30.6,84,0.5,0.5,0.0,3.0,1.61,5.3
2008-06-10,25.7,30.7,20.2,29.5,35.0,75,0.0,0.0,0.0,0.0,1.7,5.9
2008-06-11,25.2,28.1,22.6,29.1,31.9,79,3.9,3.9,0.0,6.0,2.33,6.1
2008-06-12,24.7,29.2,20.9,28.5,34.0,79,1.3,1.3,0.0,6.0,1.8,5.4
2008-06-13,26.1,31.9,20.5,29.9,36.0,73,0.0,0.0,0.0,0.0,2.45,5.6
2008-06-14,26.1,30.9,21.3,29.3,35.1,72,0.9,0.9,0.0,3.0,3.0,7.6
2008-06-15,22.3,23.8,21.0,25.6,26.9,89,45.4,45.4,0.0,21.0,2.51,10.2
2008-06-16,23.3,27.0,20.5,27.0,30.5,84,2.3,2.3,0.0,9.0,1.39,4.3
2008-06-17,25.4,30.9,20.2,28.4,34.3,72,0.0,0.0,0.0,0.0,2.72,5.5
2008-06-18,25.5,31.2,19.2,27.2,33.6,66,0.0,0.0,0.0,0.0,5.05,10.9
2008-06-19,23.3,25.1,21.7,26.4,27.4,83,7.7,7.7,0.0,11.0,2.94,8.8
2008-06-20,22.8,25.1,21.8,27.1,30.1,95,8.9,8.9,0.0,21.0,1.61,11.2
2008-06-21,24.5,27.0,22.3,28.6,30.9,83,5.0,5.0,0.0,8.0,1.36,5.1
2008-06-22,25.4,28.0,23.9,30.0,32.7,84,1.9,1.9,0.0,8.0,1.61,6.4
2008-06-23,24.7,27.4,21.7,27.4,30.7,76,1.5,1.5,0.0,5.0,3.5,8.1
2008-06-24,25.5,29.3,22.6,29.9,34.0,83,3.4,3.4,0.0,7.0,2.22,5.5
2008-06-25,27.1,32.3,23.4,31.8,38.9,77,0.0,0.0,0.0,0.0,1.75,4.6
2008-06-26,24.7,30.2,22.1,28.7,34.9,83,4.5,4.5,0.0,6.0,2.8,6.2
2008-06-27,25.5,29.8,22.1,28.9,34.8,70,0.0,0.0,0.0,0.0,1.3,4.0
2008-06-28,26.8,33.4,20.3,31.0,39.3,72,0.0,0.0,0.0,0.0,2.44,4.3
2008-06-29,28.0,35.7,20.3,31.4,39.5,66,0.0,0.0,0.0,0.0,2.64,6.2
2008-06-30,28.0,33.6,21.9,31.1,37.4,66,0.0,0.0,0.0,0.0,4.56,10.1
2008-07-01,24.9,28.2,22.9,28.6,30.7,82,2.6,2.6,0.0,11.0,2.97,10.2
2008-07-02,25.0,28.4,22.3,29.7,33.9,86,1.2,1.2,0.0,5.0,2.06,7.6
2008-07-03,26.2,29.4,23.2,31.0,34.3,83,2.2,2.2,0.0,10.0,2.7,9.4
2008-07-04,24.6,25.7,22.7,29.0,30.2,90,20.8,20.8,0.0,21.0,2.41,9.0
2008-07-05,24.6,27.4,22.6,27.5,30.4,79,0.6,0.6,0.0,4.0,3.05,7.0
2008-07-06,27.5,33.7,21.5,31.6,39.8,70,0.0,0.0,0.0,0.0,1.84,5.0
2008-07-07,27.9,34.4,21.7,31.8,39.2,68,0.0,0.0,0.0,0.0,2.33,5.3
2008-07-08,27.8,34.1,21.1,31.7,39.5,67,0.0,0.0,0.0,0.0,2.51,5.0
2008-07-09,28.9,34.6,23.2,33.1,39.4,67,0.3,0.3,0.0,1.0,2.5,5.7
2008-07-10,29.3,35.5,23.8,34.0,40.6,69,0.6,0.6,0.0,1.0,2.2,5.7
2008-07-11,28.3,33.3,24.3,33.0,39.1,70,0.9,0.9,0.0,4.0,2.22,6.7
2008-07-12,27.1,32.1,23.2,32.1,38.4,77,4.3,4.3,0.0,7.0,2.13,6.3
2008-07-13,28.6,34.2,23.0,33.2,39.3,70,0.0,0.0,0.0,0.0,2.63,6.2
2008-07-14,29.6,34.2,25.0,34.6,39.8,71,0.5,0.5,0.0,1.0,2.59,6.6
2008-07-15,26.9,28.4,24.8,30.4,34.1,74,2.2,2.2,0.0,3.0,4.65,10.4
2008-07-16,26.8,31.0,23.3,30.6,35.5,71,0.2,0.2,0.0,1.0,2.0,5.3
2008-07-17,28.0,32.1,25.0,33.5,38.9,79,4.6,4.6,0.0,8.0,1.98,6.8
2008-07-18,28.0,32.4,24.9,33.7,39.3,80,9.1,9.1,0.0,9.0,1.5,4.8
2008-07-19,28.9,34.1,25.0,34.6,42.0,76,5.3,5.3,0.0,9.0,2.1,7.2
2008-07-20,30.9,36.5,25.5,35.7,42.1,66,0.0,0.0,0.0,0.0,3.58,9.3
2008-07-21,29.6,31.1,27.5,33.3,35.0,65,0.3,0.3,0.0,2.0,3.96,12.2
2008-07-22,26.7,29.3,24.4,30.9,32.5,81,9.5,9.5,0.0,18.0,4.46,10.8
2008-07-23,28.3,32.7,24.1,33.3,38.2,74,0.4,0.4,0.0,2.0,2.02,5.6
2008-07-24,28.7,33.5,24.9,33.6,39.5,73,1.8,1.8,0.0,4.0,3.68,7.9
2008-07-25,29.1,34.0,25.1,33.1,38.3,67,0.3,0.3,0.0,1.0,3.19,8.3
2008-07-26,29.4,35.3,24.2,33.5,39.5,66,0.0,0.0,0.0,0.0,3.47,8.8
2008-07-27,30.5,36.1,25.8,34.9,40.9,63,1.2,1.2,0.0,1.0,2.33,7.4
2008-07-28,29.7,34.8,26.1,34.4,40.3,67,1.8,1.8,0.0,4.0,2.46,7.3
2008-07-29,28.7,33.4,24.4,33.4,39.4,70,7.3,7.3,0.0,5.0,2.02,6.1
2008-07-30,30.1,34.9,25.9,35.1,41.2,67,0.3,0.3,0.0,1.0,1.8,5.1
2008-07-31,30.5,37.1,25.7,36.0,43.2,69,1.5,1.5,0.0,3.0,1.94,6.5
2008-08-01,28.2,31.5,26.3,34.1,38.3,81,24.0,24.0,0.0,15.0,2.32,6.9
2008-08-02,25.9,27.7,24.7,31.1,32.8,87,15.0,15.0,0.0,13.0,2.21,5.8
2008-08-03,26.5,30.5,24.2,31.3,35.3,82,4.9,4.9,0.0,9.0,1.88,4.9
2008-08-04,27.1,30.7,23.8,32.3,36.5,81,3.1,3.1,0.0,13.0,1.56,5.6
2008-08-05,28.0,32.8,24.6,33.0,37.9,76,0.5,0.5,0.0,4.0,1.91,6.3
2008-08-06,28.3,33.3,24.5,33.2,39.6,75,0.1,0.1,0.0,1.0,2.73,8.0
2008-08-07,28.6,33.1,25.1,33.8,38.3,74,4.2,4.2,0.0,6.0,2.53,8.5
2008-08-08,28.1,31.5,24.8,33.4,37.3,76,2.1,2.1,0.0,5.0,1.75,7.3
2008-08-09,27.5,32.1,24.9,33.1,37.7,81,11.3,11.3,0.0,9.0,1.7,5.4
2008-08-10,25.0,26.2,24.0,29.8,31.0,90,13.3,13.3,0.0,15.0,2.6,8.4
2008-08-11,24.5,26.6,22.6,28.2,30.5,83,3.0,3.0,0.0,9.0,2.02,5.6
2008-08-12,25.6,30.1,22.8,30.8,36.8,87,5.4,5.4,0.0,9.0,1.86,8.4
2008-08-13,25.2,28.3,22.7,30.4,33.2,90,6.9,6.9,0.0,12.0,2.06,8.3
2008-08-14,25.0,28.0,23.2,30.2,33.2,91,10.6,10.6,0.0,11.0,1.94,7.4
2008-08-15,23.8,25.3,22.3,28.0,29.4,91,15.6,15.6,0.0,17.0,2.56,6.2
2008-08-16,23.9,25.9,22.1,28.1,30.3,90,2.1,2.1,0.0,10.0,2.51,6.4
2008-08-17,26.7,31.8,23.3,31.9,37.4,82,0.3,0.3,0.0,2.0,1.56,4.6
2008-08-18,28.2,33.8,23.7,33.1,39.2,75,0.0,0.0,0.0,0.0,2.73,6.3
2008-08-19,29.5,35.8,24.6,33.6,39.6,69,0.0,0.0,0.0,0.0,4.2,9.7
2008-08-20,30.3,36.4,25.2,34.4,41.1,65,0.0,0.0,0.0,0.0,4.0,9.0
2008-08-21,28.0,33.5,25.0,32.3,37.7,76,3.2,3.2,0.0,5.0,3.79,8.8
2008-08-22,25.7,28.3,23.9,29.0,31.8,74,0.0,0.0,0.0,0.0,3.18,7.6
2008-08-23,26.9,32.7,21.9,31.3,37.9,75,0.0,0.0,0.0,0.0,2.62,4.5
2008-08-24,27.2,32.2,22.7,30.7,36.7,69,0.0,0.0,0.0,0.0,2.91,7.0
2008-08-25,22.8,24.1,21.7,26.8,28.3,90,18.6,18.6,0.0,18.0,1.42,4.2
2008-08-26,23.4,26.6,22.0,26.8,29.4,82,1.8,1.8,0.0,4.0,1.36,4.3
2008-08-27,22.7,24.6,21.4,26.3,28.5,87,5.9,5.9,0.0,11.0,1.46,4.4
2008-08-28,22.4,23.7,21.2,26.0,27.3,91,36.9,36.9,0.0,24.0,2.34,10.0
2008-08-29,22.6,23.9,21.7,26.8,27.7,94,13.4,13.4,0.0,20.0,1.49,8.5
2008-08-30,21.4,22.1,20.7,23.8,25.7,87,8.3,8.3,0.0,14.0,4.34,9.7
2008-08-31,22.5,24.7,20.5,25.3,27.6,80,1.1,1.1,0.0,6.0,1.5,4.0
2008-09-01,23.1,28.5,18.9,25.7,31.6,79,0.3,0.3,0.0,1.0,2.41,5.4
2008-09-02,22.0,25.5,20.3,24.4,27.7,83,5.7,5.7,0.0,8.0,3.41,8.7
2008-09-03,21.4,23.2,19.5,23.9,25.8,88,17.6,17.6,0.0,16.0,3.3,7.2
2008-09-04,23.7,27.1,21.1,26.8,31.0,78,0.0,0.0,0.0,0.0,1.8,5.3
2008-09-05,24.2,30.1,19.7,27.4,34.4,78,0.0,0.0,0.0,0.0,2.42,4.3
2008-09-06,24.8,31.2,19.3,27.2,34.2,71,0.0,0.0,0.0,0.0,3.2,7.2
2008-09-07,25.9,31.4,20.7,28.7,35.0,71,0.0,0.0,0.0,0.0,3.14,7.1
2008-09-08,26.8,31.9,22.1,30.5,36.6,73,0.0,0.0,0.0,0.0,3.38,9.1
2008-09-09,28.2,34.1,23.1,32.0,38.1,69,0.0,0.0,0.0,0.0,3.55,9.9
2008-09-10,23.8,28.5,20.0,26.2,31.9,78,4.7,4.7,0.0,3.0,5.46,13.7
2008-09-11,22.8,26.4,19.8,24.7,28.8,72,0.0,0.0,0.0,0.0,2.66,6.9
2008-09-12,24.0,27.8,20.5,27.0,30.4,77,0.0,0.0,0.0,0.0,2.16,5.1
2008-09-13,23.7,26.4,21.1,27.3,29.9,83,0.4,0.4,0.0,2.0,2.44,6.3
2008-09-14,23.5,26.3,21.2,27.3,29.3,85,0.7,0.7,0.0,3.0,1.56,4.7
2008-09-15,25.2,29.2,21.9,29.1,33.0,79,0.5,0.5,0.0,3.0,2.3,5.4
2008-09-16,25.0,29.3,22.5,29.5,35.5,84,3.6,3.6,0.0,4.0,1.84,8.2
2008-09-17,23.1,25.0,22.0,27.2,28.6,93,9.3,9.3,0.0,17.0,2.98,7.6
2008-09-18,24.4,28.2,21.7,28.2,32.1,82,11.4,11.4,0.0,9.0,2.11,7.0
2008-09-19,26.2,31.3,22.1,31.0,37.6,83,0.1,0.1,0.0,1.0,2.11,8.4
2008-09-20,28.0,34.1,23.2,32.4,39.1,72,0.0,0.0,0.0,0.0,3.0,6.7
2008-09-21,28.8,34.8,23.6,32.4,38.8,67,0.0,0.0,0.0,0.0,4.48,9.8
2008-09-22,29.5,35.4,24.1,34.2,41.1,69,0.0,0.0,0.0,0.0,2.68,6.4
2008-09-23,30.6,36.1,25.8,35.4,41.6,67,0.1,0.1,0.0,1.0,3.09,7.0
2008-09-24,28.8,34.1,23.7,32.5,37.1,68,0.5,0.5,0.0,1.0,3.52,7.9
2008-09-25,25.9,28.3,23.8,30.4,32.3,82,7.6,7.6,0.0,18.0,1.92,6.1
2008-09-26,25.1,29.0,22.8,28.2,31.1,78,1.0,1.0,0.0,4.0,3.98,10.8
2008-09-27,23.9,27.6,21.7,25.5,30.7,68,0.0,0.0,0.0,0.0,3.75,8.5
2008-09-28,21.5,25.0,19.2,22.9,26.6,76,0.1,0.1,0.0,1.0,3.81,8.6
2008-09-29,19.7,21.0,18.6,21.1,22.5,79,0.0,0.0,0.0,0.0,2.25,6.1
2008-09-30,21.5,24.1,19.7,23.6,25.7,78,0.0,0.0,0.0,0.0,1.61,5.2
2008-10-01,23.2,27.1,19.8,25.7,29.0,75,0.0,0.0,0.0,0.0,2.1,5.0
2008-10-02,23.2,26.5,20.3,26.0,29.3,78,0.0,0.0,0.0,0.0,1.73,4.1
2008-10-03,21.4,22.7,20.5,24.9,26.1,92,16.9,16.9,0.0,15.0,1.26,3.9
2008-10-04,22.6,26.0,20.5,25.0,27.8,81,3.4,3.4,0.0,13.0,3.09,6.6
2008-10-05,22.1,27.0,18.0,24.4,29.2,78,0.1,0.1,0.0,1.0,1.53,4.6
2008-10-06,22.1,28.6,16.8,23.5,30.5,73,0.0,0.0,0.0,0.0,3.19,7.1
2008-10-07,22.5,28.5,17.4,22.4,27.5,63,0.0,0.0,0.0,0.0,6.28,13.7
2008-10-08,19.0,20.8,17.7,19.8,20.9,76,0.4,0.4,0.0,2.0,2.12,5.7
2008-10-09,18.2,19.0,17.1,19.8,20.8,90,2.5,2.5,0.0,6.0,1.58,4.1
2008-10-10,18.3,19.3,17.6,20.3,21.0,91,1.8,1.8,0.0,6.0,1.28,2.9
2008-10-11,18.0,18.9,17.1,19.6,20.2,89,3.7,3.7,0.0,13.0,1.46,3.5
2008-10-12,17.9,19.7,16.9,19.2,20.7,83,1.0,1.0,0.0,2.0,0.99,3.5
2008-10-13,18.6,22.4,15.3,19.8,23.4,81,0.0,0.0,0.0,0.0,2.12,4.6
2008-10-14,19.1,26.9,13.8,20.1,29.1,79,0.0,0.0,0.0,0.0,2.44,4.3
2008-10-15,20.8,27.5,15.5,21.9,29.5,73,0.0,0.0,0.0,0.0,1.96,4.7
2008-10-16,21.9,27.4,17.3,23.9,29.4,76,0.0,0.0,0.0,0.0,2.33,4.5
2008-10-17,22.5,28.1,18.7,23.9,28.4,72,0.0,0.0,0.0,0.0,2.26,5.2
2008-10-18,21.8,26.9,17.2,23.3,28.2,71,0.0,0.0,0.0,0.0,1.7,4.6
2008-10-19,20.6,23.6,18.2,22.4,25.2,80,1.4,1.4,0.0,7.0,2.11,6.0
2008-10-20,18.7,20.3,17.9,20.5,22.4,88,1.7,1.7,0.0,4.0,1.8,4.8
2008-10-21,19.4,21.4,18.1,21.2,23.5,86,6.5,6.5,0.0,8.0,2.06,6.1
2008-10-22,20.0,22.7,18.3,21.8,24.1,86,16.2,16.2,0.0,15.0,3.42,7.0
2008-10-23,19.4,22.6,17.2,19.9,22.6,71,0.0,0.0,0.0,0.0,2.44,4.8
2008-10-24,18.2,19.2,17.1,19.0,20.2,78,0.4,0.4,0.0,1.0,2.1,3.7
2008-10-25,14.9,16.9,14.1,15.0,17.3,84,3.4,3.4,0.0,12.0,1.56,4.3
2008-10-26,15.6,16.5,14.6,16.5,17.7,90,13.2,13.2,0.0,21.0,1.21,3.3
2008-10-27,16.1,17.4,15.4,17.2,18.4,91,1.7,1.7,0.0,9.0,1.41,3.4
2008-10-28,15.9,18.3,14.5,16.1,18.2,83,3.3,3.3,0.0,7.0,2.4,5.9
2008-10-29,15.2,15.6,14.7,15.9,16.2,92,21.5,21.5,0.0,24.0,1.42,3.7
2008-10-30,16.1,16.8,15.0,17.6,18.9,97,26.9,26.9,0.0,24.0,1.26,3.2
2008-10-31,17.4,18.4,16.6,19.3,20.5,96,15.9,15.9,0.0,22.0,1.5,2.7
2008-11-01,17.2,18.2,16.2,18.7,19.9,90,13.8,13.8,0.0,16.0,1.46,3.9
2008-11-02,17.5,21.2,14.6,18.6,22.5,87,0.0,0.0,0.0,0.0,2.28,4.5
2008-11-03,19.2,24.0,15.2,20.4,25.9,81,0.0,0.0,0.0,0.0,2.6,4.7
2008-11-04,19.4,22.2,17.3,20.5,23.4,81,2.2,2.2,0.0,4.0,2.02,5.1
2008-11-05,18.3,19.6,16.7,20.1,21.5,94,18.3,18.3,0.0,22.0,2.57,5.7
2008-11-06,13.9,16.1,12.9,13.2,16.7,92,16.0,16.0,0.0,16.0,3.64,8.1
2008-11-07,14.2,19.6,9.9,13.2,19.1,74,0.0,0.0,0.0,0.0,2.25,5.1
2008-11-08,14.6,22.0,8.6,13.9,22.3,76,0.0,0.0,0.0,0.0,3.13,4.7
2008-11-09,15.7,21.0,11.4,15.2,20.9,75,0.0,0.0,0.0,0.0,2.44,4.1
2008-11-10,15.2,19.8,11.2,13.9,18.1,68,0.0,0.0,0.0,0.0,2.56,6.0
2008-11-11,14.8,18.1,12.2,13.6,16.8,70,0.0,0.0,0.0,0.0,2.32,5.1
2008-11-12,15.4,20.2,11.6,14.6,19.6,72,0.0,0.0,0.0,0.0,2.28,5.8
2008-11-13,16.0,18.4,14.3,16.1,18.1,81,0.4,0.4,0.0,2.0,2.5,5.9
2008-11-14,16.2,19.2,13.9,16.3,19.0,76,0.0,0.0,0.0,0.0,1.66,5.0
2008-11-15,14.7,15.6,13.7,14.8,16.0,89,1.6,1.6,0.0,10.0,2.64,5.0
2008-11-16,14.5,15.5,13.7,15.1,16.2,91,1.9,1.9,0.0,8.0,1.39,3.0
2008-11-17,13.7,14.9,12.1,13.9,15.5,93,9.8,9.8,0.0,21.0,2.62,5.7
2008-11-18,11.7,12.9,10.8,10.8,13.1,84,6.7,6.7,0.0,17.0,2.27,5.5
2008-11-19,11.5,14.1,9.9,10.2,12.3,76,0.2,0.2,0.0,2.0,1.36,4.3
2008-11-20,10.9,12.9,9.5,9.5,10.9,81,0.0,0.0,0.0,0.0,2.06,4.7
2008-11-21,10.8,12.5,8.9,9.1,10.4,71,0.0,0.0,0.0,0.0,1.6,3.8
2008-11-22,10.7,11.6,10.0,9.1,9.9,73,0.0,0.0,0.0,0.0,1.57,4.4
2008-11-23,11.8,14.9,10.2,10.5,13.7,77,0.0,0.0,0.0,0.0,2.34,4.7
2008-11-24,11.1,15.3,6.2,9.4,13.7,77,0.0,0.0,0.0,0.0,3.95,8.8
2008-11-25,12.1,14.0,10.6,11.1,13.0,80,0.0,0.0,0.0,0.0,2.16,5.8
2008-11-26,12.6,15.5,9.9,11.5,13.4,79,0.0,0.0,0.0,0.0,3.23,8.0
2008-11-27,10.6,16.5,5.7,8.1,14.2,60,0.0,0.0,0.0,0.0,3.19,5.9
2008-11-28,9.7,15.4,4.8,7.3,12.6,67,0.0,0.0,0.0,0.0,2.75,6.7
2008-11-29,10.1,15.6,6.2,7.9,13.7,70,0.0,0.0,0.0,0.0,2.43,5.0
2008-11-30,9.3,16.8,3.9,7.5,15.6,81,0.0,0.0,0.0,0.0,2.97,5.0
2008-12-01,11.0,15.2,7.9,9.7,14.0,78,0.3,0.3,0.0,2.0,1.53,5.3
2008-12-02,12.8,17.4,8.9,11.9,16.9,80,0.0,0.0,0.0,0.0,2.24,5.7
2008-12-03,12.6,15.5,9.6,11.6,14.5,79,0.0,0.0,0.0,0.0,2.25,5.5
2008-12-04,11.1,14.4,8.0,10.1,14.3,90,16.2,16.2,0.0,23.0,2.96,6.7
2008-12-05,8.6,10.3,6.5,6.7,8.2,81,3.2,3.2,0.0,7.0,2.78,6.7
2008-12-06,9.3,10.9,7.5,7.4,9.2,76,0.0,0.0,0.0,0.0,2.32,5.6
2008-12-07,8.5,9.7,7.1,6.9,8.1,80,1.6,1.6,0.0,8.0,1.66,4.4
2008-12-08,8.5,13.6,4.7,6.5,11.6,81,0.0,0.0,0.0,0.0,2.78,4.4
2008-12-09,7.5,12.8,2.6,5.6,11.2,84,0.0,0.0,0.0,0.0,2.56,5.6
2008-12-10,7.3,10.3,4.8,5.4,7.9,88,0.0,0.0,0.0,0.0,2.44,5.1
2008-12-11,10.6,16.2,7.6,8.9,14.7,78,0.0,0.0,0.0,0.0,2.67,5.3
2008-12-12,9.3,10.4,8.2,7.7,9.2,86,0.3,0.3,0.0,2.0,2.79,6.2
2008-12-13,11.2,13.1,9.8,10.4,12.2,85,1.2,1.2,0.0,7.0,1.49,3.7
2008-12-14,10.7,12.4,7.6,9.7,11.4,86,0.9,0.9,0.0,3.0,2.44,3.8
2008-12-15,10.4,14.2,7.1,8.8,12.8,76,0.0,0.0,0.0,0.0,1.71,3.3
2008-12-16,10.0,14.9,6.4,8.2,13.7,78,0.0,0.0,0.0,0.0,2.97,4.8
2008-12-17,10.4,14.7,6.8,8.7,13.4,80,0.0,0.0,0.0,0.0,2.72,5.2
2008-12-18,12.1,14.5,9.2,11.1,13.7,80,0.0,0.0,0.0,0.0,1.92,4.1
2008-12-19,13.2,17.1,10.5,12.4,15.8,81,0.0,0.0,0.0,0.0,2.75,6.4
2008-12-20,12.7,18.2,6.9,11.9,18.2,84,0.1,0.1,0.0,1.0,2.47,6.8
2008-12-21,11.6,14.4,8.5,10.4,14.3,88,21.5,21.5,0.0,24.0,2.97,7.4
2008-12-22,5.5,8.4,4.0,2.1,6.3,66,0.2,0.2,0.0,2.0,3.47,7.2
2008-12-23,4.2,4.9,3.6,1.5,2.2,71,0.0,0.0,0.0,0.0,1.61,4.6
2008-12-24,5.3,7.4,3.9,2.7,4.6,77,0.0,0.0,0.0,0.0,2.52,6.3
2008-12-25,6.3,10.9,2.7,3.8,8.5,78,0.0,0.0,0.0,0.0,2.43,5.6
2008-12-26,7.9,9.1,6.1,5.7,7.1,74,0.0,0.0,0.0,0.0,1.92,4.8
2008-12-27,7.4,8.3,5.9,5.4,6.8,79,0.0,0.0,0.0,0.0,1.9,4.7
2008-12-28,7.5,8.2,7.0,5.6,6.9,83,0.4,0.4,0.0,4.0,2.11,5.3
2008-12-29,8.1,9.5,6.6,6.5,7.6,87,0.3,0.3,0.0,2.0,1.92,4.2
2008-12-30,7.3,8.4,5.1,5.6,6.8,86,2.9,2.9,0.0,15.0,1.7,3.9
2008-12-31,7.2,9.9,5.3,5.0,7.8,79,0.0,0.0,0.0,0.0,2.16,4.0
2009-01-01,6.7,8.2,5.7,3.8,4.9,66,0.0,0.0,0.0,0.0,2.55,5.3
2009-01-02,6.2,8.1,4.8,3.3,5.3,64,0.0,0.0,0.0,0.0,2.41,4.6
2009-01-03,6.2,8.0,5.1,3.7,5.3,76,0.0,0.0,0.0,0.0,2.06,5.1
2009-01-04,7.5,8.8,5.8,5.4,6.5,75,0.0,0.0,0.0,0.0,1.98,4.6
2009-01-05,6.3,7.2,6.0,4.3,5.3,83,5.7,5.7,0.0,16.0,1.43,4.1
2009-01-06,6.6,7.7,5.7,4.7,5.9,86,1.8,1.8,0.0,14.0,1.96,5.1
2009-01-07,6.5,7.3,3.8,4.6,5.8,88,1.8,1.8,0.0,11.0,1.94,3.9
2009-01-08,5.8,9.3,3.1,3.5,6.5,84,0.0,0.0,0.0,0.0,2.62,6.6
2009-01-09,5.3,10.4,2.0,2.6,8.0,81,0.0,0.0,0.0,0.0,2.98,5.3
2009-01-10,6.1,12.5,0.5,3.5,10.5,77,0.0,0.0,0.0,0.0,3.05,4.7
2009-01-11,7.8,12.5,2.9,5.5,10.6,73,0.0,0.0,0.0,0.0,2.8,6.7
2009-01-12,9.0,10.5,7.3,6.7,9.2,68,2.7,2.7,0.0,12.0,2.46,8.1
2009-01-13,7.6,10.5,5.2,5.2,8.4,71,0.0,0.0,0.0,0.0,2.77,4.6
2009-01-14,7.0,9.2,4.7,4.9,6.8,76,0.0,0.0,0.0,0.0,1.98,4.6
2009-01-15,8.9,14.6,4.1,6.7,12.8,74,0.0,0.0,0.0,0.0,2.94,5.5
2009-01-16,8.6,12.6,3.9,6.7,10.8,74,0.0,0.0,0.0,0.0,2.82,5.8
2009-01-17,9.4,11.5,8.0,7.8,9.8,79,0.0,0.0,0.0,0.0,1.71,5.2
2009-01-18,8.5,9.5,7.9,6.9,8.0,85,0.5,0.5,0.0,4.0,2.14,3.3
2009-01-19,9.1,10.0,8.1,7.7,8.7,84,1.3,1.3,0.0,5.0,2.4,5.7
2009-01-20,8.7,9.5,8.0,7.4,8.8,93,6.7,6.7,0.0,21.0,2.41,5.1
2009-01-21,8.9,10.1,6.5,7.5,9.0,86,0.2,0.2,0.0,2.0,2.51,5.6
2009-01-22,8.1,12.7,3.5,5.8,11.4,82,0.0,0.0,0.0,0.0,3.8,8.4
2009-01-23,9.2,11.5,6.4,7.1,10.3,73,4.1,4.1,0.0,12.0,2.94,8.9
2009-01-24,5.9,6.6,4.9,3.1,4.2,69,0.3,0.3,0.0,2.0,2.22,6.6
2009-01-25,5.5,6.3,4.5,3.1,3.5,77,0.9,0.9,0.0,3.0,1.8,4.9
2009-01-26,4.6,5.7,3.1,2.3,3.5,88,4.0,3.9,0.07,11.0,1.94,5.2
2009-01-27,5.6,11.1,0.8,3.3,8.9,80,0.0,0.0,0.0,0.0,1.91,5.2
2009-01-28,7.1,8.0,5.9,5.1,5.7,78,0.0,0.0,0.0,0.0,1.61,4.5
2009-01-29,8.5,13.3,3.7,6.4,11.1,76,0.0,0.0,0.0,0.0,2.78,4.5
2009-01-30,9.5,17.9,2.5,7.5,16.2,74,0.0,0.0,0.0,0.0,2.97,5.4
2009-01-31,10.7,12.3,9.4,9.2,11.2,77,0.0,0.0,0.0,0.0,1.8,4.6
2009-02-01,9.9,10.3,9.4,8.9,9.5,85,0.8,0.8,0.0,7.0,1.43,3.2
2009-02-02,10.4,12.1,9.2,9.3,11.0,88,2.4,2.4,0.0,9.0,2.28,4.9
2009-02-03,10.9,12.2,9.6,10.1,11.4,89,0.3,0.3,0.0,2.0,1.49,3.5
2009-02-04,12.1,16.8,9.6,11.0,15.3,80,0.0,0.0,0.0,0.0,2.61,5.3
2009-02-05,12.2,15.6,9.1,11.4,15.1,80,0.0,0.0,0.0,0.0,1.52,3.3
2009-02-06,14.3,18.3,11.6,13.9,18.5,80,0.0,0.0,0.0,0.0,2.34,5.8
2009-02-07,12.6,14.0,11.1,12.1,13.3,88,1.1,1.1,0.0,4.0,2.47,5.5
2009-02-08,13.0,13.9,12.3,12.7,14.0,90,3.1,3.1,0.0,9.0,2.77,8.5
2009-02-09,13.4,14.9,12.6,13.4,15.0,89,0.1,0.1,0.0,1.0,1.84,4.9
2009-02-10,14.5,19.6,10.5,13.9,19.1,81,0.0,0.0,0.0,0.0,2.92,5.9
2009-02-11,14.8,24.4,8.8,14.5,25.0,78,0.0,0.0,0.0,0.0,3.07,4.8
2009-02-12,17.3,26.2,10.1,17.3,26.5,75,0.0,0.0,0.0,0.0,3.01,7.7
2009-02-13,18.5,23.8,14.8,17.2,23.0,60,0.0,0.0,0.0,0.0,3.47,9.3
2009-02-14,17.5,21.6,14.0,16.8,20.5,67,0.0,0.0,0.0,0.0,2.8,6.3
2009-02-15,15.5,16.7,14.0,15.4,17.4,77,5.4,5.4,0.0,19.0,2.11,3.8
2009-02-16,13.2,14.2,12.1,11.8,14.0,70,1.4,1.4,0.0,3.0,2.41,5.3
2009-02-17,11.3,12.0,10.5,9.5,10.1,71,0.0,0.0,0.0,0.0,2.22,5.2
2009-02-18,11.3,13.0,9.8,9.3,10.7,69,0.0,0.0,0.0,0.0,3.1,6.7
2009-02-19,11.7,13.2,10.4,10.3,11.3,79,0.3,0.3,0.0,3.0,2.94,7.2
2009-02-20,12.4,16.2,10.5,10.9,14.5,72,1.9,1.9,0.0,9.0,2.58,5.8
2009-02-21,12.4,17.0,8.6,10.7,16.7,67,0.1,0.1,0.0,1.0,3.03,7.3
2009-02-22,12.5,14.4,10.8,10.7,13.2,69,1.6,1.6,0.0,4.0,3.18,7.4
2009-02-23,13.6,19.0,10.0,12.4,17.7,71,2.1,2.1,0.0,3.0,2.79,5.4
2009-02-24,14.2,19.5,9.4,13.2,18.7,73,0.2,0.2,0.0,2.0,3.36,7.3
2009-02-25,14.8,17.3,12.7,13.5,15.6,69,0.5,0.5,0.0,5.0,3.55,7.4
2009-02-26,10.8,12.8,9.9,8.9,10.6,71,1.5,1.5,0.0,10.0,2.33,5.4
2009-02-27,9.6,10.2,9.1,8.2,9.2,81,2.6,2.6,0.0,13.0,1.75,4.2
2009-02-28,9.4,10.5,8.7,8.1,8.9,82,3.0,3.0,0.0,14.0,1.8,4.6
2009-03-01,8.9,9.9,8.2,7.1,7.7,77,0.1,0.1,0.0,1.0,1.92,5.4
2009-03-02,8.9,12.0,6.8,6.5,9.3,72,0.1,0.1,0.0,1.0,3.18,7.4
2009-03-03,9.2,12.3,7.8,7.4,10.9,75,0.8,0.8,0.0,5.0,2.0,4.8
2009-03-04,9.9,13.0,6.7,7.7,10.4,73,0.2,0.2,0.0,1.0,3.67,8.5
2009-03-05,11.2,13.6,8.8,9.6,11.7,75,2.0,2.0,0.0,5.0,2.36,6.2
2009-03-06,12.2,16.8,8.7,9.8,14.5,60,0.0,0.0,0.0,0.0,3.41,8.3
2009-03-07,12.3,17.1,5.8,9.7,15.5,49,0.0,0.0,0.0,0.0,2.69,6.0
2009-03-08,10.8,12.3,8.1,9.3,10.0,78,2.9,2.9,0.0,10.0,2.12,5.2
2009-03-09,12.6,20.9,6.0,11.3,19.3,73,0.0,0.0,0.0,0.0,2.76,6.7
2009-03-10,13.6,17.7,10.2,12.3,16.5,70,0.0,0.0,0.0,0.0,2.58,5.4
2009-03-11,13.8,16.0,12.0,12.9,15.0,73,1.2,1.2,0.0,5.0,2.19,5.2
2009-03-12,12.1,13.0,9.7,11.0,13.0,84,5.4,5.4,0.0,10.0,3.11,7.8
2009-03-13,7.8,10.7,4.8,5.3,8.7,78,10.2,10.2,0.0,11.0,3.62,7.9
2009-03-14,10.2,20.1,2.0,8.1,18.0,69,0.0,0.0,0.0,0.0,3.14,5.4
2009-03-15,12.5,18.7,6.3,10.8,18.1,64,0.0,0.0,0.0,0.0,2.41,7.1
2009-03-16,14.0,21.0,8.0,12.8,19.8,64,0.0,0.0,0.0,0.0,2.31,5.9
2009-03-17,15.4,22.6,8.2,14.8,23.5,70,0.0,0.0,0.0,0.0,2.47,5.7
2009-03-18,17.1,23.4,12.2,17.1,24.0,72,0.0,0.0,0.0,0.0,2.28,4.3
2009-03-19,18.8,25.7,12.2,19.2,27.1,70,0.0,0.0,0.0,0.0,2.1,5.3
2009-03-20,21.9,29.7,15.6,22.3,29.9,67,0.0,0.0,0.0,0.0,4.9,12.3
2009-03-21,20.7,25.5,16.0,21.8,27.9,77,2.9,2.9,0.0,4.0,3.79,8.5
2009-03-22,20.2,23.5,17.3,21.0,24.4,75,5.1,5.1,0.0,6.0,3.0,8.7
2009-03-23,17.3,19.3,15.5,17.5,19.3,75,13.7,13.7,0.0,9.0,2.58,9.4
2009-03-24,18.5,23.3,14.7,18.7,23.7,71,1.6,1.6,0.0,3.0,3.22,7.1
2009-03-25,18.1,23.1,14.5,16.8,21.0,63,0.2,0.2,0.0,1.0,4.47,9.5
2009-03-26,18.5,24.1,14.3,18.0,24.0,67,0.0,0.0,0.0,0.0,3.01,6.7
2009-03-27,18.2,20.5,16.6,18.8,21.4,77,11.4,11.4,0.0,18.0,2.44,6.4
2009-03-28,13.3,17.0,10.8,12.4,17.7,86,10.1,10.1,0.0,17.0,4.03,9.5
2009-03-29,13.4,16.2,10.4,12.7,15.3,78,0.6,0.6,0.0,2.0,2.06,4.9
2009-03-30,13.7,16.5,11.4,13.2,15.5,83,6.8,6.8,0.0,12.0,2.13,5.9
2009-03-31,13.2,16.6,10.1,12.1,15.2,76,0.9,0.9,0.0,2.0,1.91,5.7
2009-04-01,12.2,13.6,10.4,10.7,12.1,72,1.8,1.8,0.0,6.0,2.38,6.0
2009-04-02,11.8,15.1,9.2,10.3,14.2,77,6.6,6.6,0.0,10.0,2.65,6.2
2009-04-03,12.1,13.8,10.9,11.1,13.5,80,1.1,1.1,0.0,5.0,2.02,4.6
2009-04-04,14.2,17.3,12.4,13.9,16.7,81,0.8,0.8,0.0,5.0,2.2,4.7
2009-04-05,15.5,19.5,12.0,15.1,19.2,74,0.0,0.0,0.0,0.0,2.1,5.1
2009-04-06,15.3,19.0,12.3,14.8,18.3,77,0.0,0.0,0.0,0.0,2.1,4.7
2009-04-07,16.3,24.9,8.7,15.8,25.2,69,0.0,0.0,0.0,0.0,3.34,5.1
2009-04-08,17.1,20.4,13.2,16.8,20.5,73,0.8,0.8,0.0,5.0,2.4,6.4
2009-04-09,16.6,18.6,14.9,17.4,20.2,86,11.1,11.1,0.0,17.0,1.63,10.0
2009-04-10,15.9,18.3,14.3,16.6,19.3,88,1.2,1.2,0.0,8.0,1.36,3.7
2009-04-11,17.0,18.8,15.3,18.0,20.2,89,5.3,5.3,0.0,5.0,2.04,5.0
2009-04-12,17.7,19.7,15.6,18.8,20.8,86,0.7,0.7,0.0,4.0,3.13,7.9
2009-04-13,19.7,23.5,16.0,20.9,24.5,78,0.2,0.2,0.0,2.0,2.0,5.4
2009-04-14,20.9,30.2,13.3,22.2,32.5,72,0.0,0.0,0.0,0.0,2.4,5.0
2009-04-15,21.8,30.7,14.3,23.5,34.9,73,6.6,6.6,0.0,9.0,2.33,6.3
2009-04-16,23.5,30.6,16.7,25.3,33.0,69,0.3,0.3,0.0,1.0,3.18,7.7
2009-04-17,21.5,23.7,18.6,21.5,23.8,67,7.5,7.5,0.0,12.0,4.52,9.1
2009-04-18,17.9,19.2,16.8,19.4,21.2,89,29.3,29.3,0.0,22.0,2.09,10.3
2009-04-19,19.3,23.9,16.4,20.1,24.0,81,7.5,7.5,0.0,10.0,4.09,9.8
2009-04-20,21.4,28.6,15.0,22.5,31.5,68,0.0,0.0,0.0,0.0,3.31,4.3
2009-04-21,20.2,24.2,16.9,21.2,25.4,75,0.0,0.0,0.0,0.0,1.97,7.1
2009-04-22,21.2,27.2,16.5,22.3,28.2,76,0.8,0.8,0.0,4.0,4.72,8.7
2009-04-23,19.0,19.9,17.5,20.8,22.0,90,12.6,12.6,0.0,17.0,3.2,7.0
2009-04-24,18.2,19.3,17.3,19.7,20.8,89,9.2,9.2,0.0,12.0,2.28,8.3
2009-04-25,18.6,20.2,16.5,20.1,21.7,83,0.0,0.0,0.0,0.0,1.36,4.0
2009-04-26,18.7,21.1,16.9,19.6,21.2,78,0.0,0.0,0.0,0.0,1.89,4.1
2009-04-27,16.6,17.3,15.4,16.9,17.7,81,0.3,0.3,0.0,3.0,2.19,4.8
2009-04-28,16.9,20.9,14.3,17.2,21.4,77,0.6,0.6,0.0,4.0,1.36,4.5
2009-04-29,18.1,24.5,12.2,18.4,25.6,75,0.0,0.0,0.0,0.0,2.55,4.8
2009-04-30,18.8,23.0,13.5,20.1,24.8,83,1.8,1.8,0.0,7.0,2.19,5.2
2009-05-01,17.6,19.9,15.9,18.4,22.1,88,11.9,11.9,0.0,11.0,4.14,9.2
2009-05-02,19.5,24.3,15.8,20.2,25.4,72,9.2,9.2,0.0,8.0,3.14,6.9
2009-05-03,20.8,27.5,13.8,22.0,30.8,70,0.0,0.0,0.0,0.0,2.75,4.8
2009-05-04,22.5,30.1,14.3,22.9,31.5,64,0.0,0.0,0.0,0.0,4.5,9.9
2009-05-05,20.0,23.3,17.8,22.0,23.5,85,9.2,9.2,0.0,15.0,2.62,7.8
2009-05-06,19.6,21.1,18.6,21.7,23.2,87,4.1,4.1,0.0,10.0,1.84,3.9
2009-05-07,20.7,24.8,17.1,21.9,26.1,79,0.5,0.5,0.0,3.0,3.62,8.0
2009-05-08,22.1,26.1,18.7,24.0,28.2,78,2.1,2.1,0.0,10.0,3.4,8.6
2009-05-09,23.5,27.3,20.2,25.5,28.8,76,0.0,0.0,0.0,0.0,4.61,10.9
2009-05-10,23.8,27.7,20.5,26.9,31.3,81,0.7,0.7,0.0,5.0,2.91,10.0
2009-05-11,24.5,27.4,21.4,28.2,30.9,83,1.0,1.0,0.0,4.0,3.37,9.0
2009-05-12,23.2,25.0,22.1,26.8,29.1,86,33.1,33.1,0.0,16.0,3.06,6.9
2009-05-13,22.3,24.4,19.7,24.9,26.4,81,2.6,2.6,0.0,5.0,2.39,6.8
2009-05-14,20.7,23.3,18.7,23.0,25.8,85,10.0,10.0,0.0,9.0,2.2,6.2
2009-05-15,20.4,21.7,19.4,22.3,23.3,85,5.6,5.6,0.0,10.0,2.68,6.5
2009-05-16,22.6,26.8,19.7,24.4,28.1,73,2.8,2.8,0.0,7.0,2.52,5.9
2009-05-17,21.7,24.8,17.6,23.8,27.2,78,1.7,1.7,0.0,3.0,2.39,6.6
2009-05-18,21.4,25.2,19.0,23.6,27.7,80,0.4,0.4,0.0,3.0,1.7,4.7
2009-05-19,19.9,22.1,17.9,22.2,24.1,86,12.3,12.3,0.0,15.0,1.41,4.2
2009-05-20,22.3,29.1,16.5,24.5,32.3,75,0.0,0.0,0.0,0.0,2.83,4.6
2009-05-21,24.8,33.0,16.5,27.0,36.0,69,0.0,0.0,0.0,0.0,2.92,6.9
2009-05-22,22.8,28.1,18.9,24.5,31.0,77,7.0,7.0,0.0,11.0,4.32,10.0
2009-05-23,19.9,22.6,17.6,20.9,23.1,76,0.3,0.3,0.0,1.0,2.55,7.9
2009-05-24,20.9,23.6,19.2,23.0,25.6,83,0.1,0.1,0.0,1.0,2.84,6.4
2009-05-25,20.3,21.9,18.5,22.6,24.3,88,3.6,3.6,0.0,9.0,2.08,4.4
2009-05-26,21.1,22.9,19.7,24.1,26.2,91,4.5,4.5,0.0,19.0,1.64,5.6
2009-05-27,21.6,25.4,18.9,23.5,28.0,80,8.9,8.9,0.0,12.0,3.23,10.0
2009-05-28,19.9,20.5,19.2,22.1,23.6,88,14.9,14.9,0.0,16.0,2.42,6.8
2009-05-29,21.4,24.2,18.8,23.4,25.9,78,0.0,0.0,0.0,0.0,1.41,4.4
2009-05-30,21.8,25.0,18.3,24.0,27.0,79,2.2,2.2,0.0,5.0,1.61,5.1
2009-05-31,22.5,27.0,19.0,24.7,29.5,75,0.0,0.0,0.0,0.0,1.43,4.1
2009-06-01,19.8,21.4,18.8,21.8,23.2,85,0.4,0.4,0.0,2.0,2.2,4.8
2009-06-02,22.0,26.2,18.5,23.9,28.2,74,4.9,4.9,0.0,6.0,1.94,5.5
2009-06-03,23.3,30.5,16.5,25.8,34.6,71,0.0,0.0,0.0,0.0,1.73,5.4
2009-06-04,25.1,32.9,17.4,27.8,37.4,67,0.0,0.0,0.0,0.0,1.64,4.1
2009-06-05,26.4,34.0,18.6,29.3,39.0,64,0.0,0.0,0.0,0.0,2.64,4.4
2009-06-06,27.9,34.7,20.7,30.8,38.4,62,0.0,0.0,0.0,0.0,2.51,6.9
2009-06-07,24.9,27.5,22.5,28.5,31.0,80,11.1,11.1,0.0,14.0,2.52,10.1
2009-06-08,21.9,22.8,20.9,25.2,26.6,93,41.1,41.1,0.0,19.0,3.24,8.9
2009-06-09,22.2,23.7,20.9,25.9,27.3,90,5.9,5.9,0.0,16.0,1.22,4.3
2009-06-10,21.4,22.1,20.4,24.6,25.7,91,7.1,7.1,0.0,13.0,1.82,3.5
2009-06-11,21.1,23.7,19.4,24.2,27.1,91,0.0,0.0,0.0,0.0,2.15,5.0
2009-06-12,22.9,26.5,18.3,25.5,29.5,77,0.0,0.0,0.0,0.0,2.02,5.6
2009-06-13,24.7,32.0,18.0,28.1,37.3,75,0.0,0.0,0.0,0.0,2.69,5.1
2009-06-14,26.3,31.9,21.3,29.8,35.5,71,0.0,0.0,0.0,0.0,1.44,3.8
2009-06-15,26.4,31.6,22.2,30.2,36.2,72,0.0,0.0,0.0,0.0,2.39,5.2
2009-06-16,24.1,25.8,22.3,28.5,30.5,91,2.5,2.5,0.0,11.0,2.62,9.6
2009-06-17,27.0,32.0,22.0,31.8,37.9,78,0.5,0.5,0.0,4.0,2.42,8.4
2009-06-18,29.3,33.8,24.9,33.3,37.7,67,0.0,0.0,0.0,0.0,4.18,9.3
2009-06-19,27.6,31.3,24.5,33.0,38.2,80,20.0,20.0,0.0,11.0,2.06,6.9
2009-06-20,23.8,25.1,22.1,27.1,30.0,87,13.1,13.1,0.0,8.0,4.16,8.7
2009-06-21,24.5,27.8,22.3,28.4,31.8,82,2.7,2.7,0.0,3.0,1.56,5.2
2009-06-22,24.3,26.1,22.1,28.4,30.3,86,4.2,4.2,0.0,14.0,2.22,5.8
2009-06-23,25.8,30.3,23.2,31.2,37.6,87,3.1,3.1,0.0,7.0,1.9,6.9
2009-06-24,27.7,33.0,23.9,33.0,38.8,77,0.0,0.0,0.0,0.0,1.6,5.0
2009-06-25,27.1,30.6,23.6,31.8,35.6,78,1.6,1.6,0.0,4.0,2.84,6.5
2009-06-26,28.3,33.0,25.2,34.2,40.0,80,6.1,6.1,0.0,9.0,1.97,6.7
2009-06-27,28.9,34.1,24.6,35.1,41.9,79,3.8,3.8,0.0,6.0,1.84,5.7
2009-06-28,27.5,31.1,25.2,33.4,38.0,86,20.6,20.6,0.0,11.0,1.9,6.6
2009-06-29,23.1,26.2,21.7,26.7,32.7,92,75.5,75.5,0.0,18.0,3.86,8.6
2009-06-30,24.7,28.1,21.8,28.7,31.7,80,2.1,2.1,0.0,10.0,1.49,5.1
2009-07-01,26.1,28.7,23.5,30.7,33.3,80,0.0,0.0,0.0,0.0,2.05,2.9
2009-07-02,23.3,24.7,20.6,26.6,28.5,83,8.1,8.1,0.0,17.0,2.51,6.1
2009-07-03,21.7,24.3,20.2,24.9,27.4,89,2.1,2.1,0.0,7.0,1.58,4.5
2009-07-04,22.2,23.9,20.0,25.9,27.6,90,0.0,0.0,0.0,0.0,1.84,4.4
2009-07-05,24.2,26.8,21.9,28.2,30.9,84,0.4,0.4,0.0,1.0,1.84,4.6
2009-07-06,26.2,29.7,23.1,31.5,36.1,83,0.0,0.0,0.0,0.0,1.5,5.8
2009-07-07,28.8,33.6,24.2,33.3,37.4,73,0.1,0.1,0.0,1.0,3.37,7.5
2009-07-08,29.3,33.8,25.3,33.1,37.7,67,0.0,0.0,0.0,0.0,4.63,10.7
2009-07-09,27.0,30.0,24.3,31.5,34.1,80,0.9,0.9,0.0,6.0,3.51,8.6
2009-07-10,26.6,30.0,23.2,31.9,37.3,83,4.0,4.0,0.0,13.0,2.25,9.5
2009-07-11,25.8,27.4,24.3,31.1,33.2,90,6.2,6.2,0.0,15.0,2.43,7.9
2009-07-12,27.7,32.2,24.3,33.0,38.4,79,0.5,0.5,0.0,2.0,2.37,8.9
2009-07-13,29.4,34.4,24.9,34.5,40.2,73,0.0,0.0,0.0,0.0,2.66,7.6
2009-07-14,30.1,35.9,25.0,35.6,41.7,70,0.0,0.0,0.0,0.0,2.41,4.5
2009-07-15,30.8,35.7,26.2,35.5,41.0,67,0.0,0.0,0.0,0.0,4.7,10.5
2009-07-16,31.5,36.4,27.1,35.1,40.3,59,0.0,0.0,0.0,0.0,5.64,12.3
2009-07-17,31.8,36.7,27.7,35.7,41.6,59,0.0,0.0,0.0,0.0,5.24,11.1
2009-07-18,30.7,35.3,26.3,36.4,42.2,69,0.0,0.0,0.0,0.0,1.92,5.0
2009-07-19,32.1,38.5,25.8,38.1,44.0,66,0.0,0.0,0.0,0.0,2.62,5.2
2009-07-20,31.5,36.0,27.7,35.9,41.4,62,0.0,0.0,0.0,0.0,3.73,8.6
2009-07-21,30.8,35.9,26.1,34.7,39.7,61,0.0,0.0,0.0,0.0,3.28,8.5
2009-07-22,30.8,35.8,26.2,35.7,41.6,65,0.0,0.0,0.0,0.0,2.95,7.1
2009-07-23,29.0,32.5,25.6,34.0,37.5,74,8.5,8.5,0.0,6.0,3.45,6.4
2009-07-24,26.8,28.6,24.7,32.4,34.8,84,15.6,15.6,0.0,15.0,1.34,4.9
2009-07-25,29.0,33.7,25.0,34.3,40.2,74,0.0,0.0,0.0,0.0,2.3,6.2
2009-07-26,25.8,29.5,22.8,29.7,32.9,79,1.7,1.7,0.0,5.0,2.56,6.6
2009-07-27,23.2,25.0,21.3,26.8,28.9,87,6.5,6.5,0.0,12.0,2.42,5.2
2009-07-28,25.5,31.1,20.7,29.5,36.2,79,0.0,0.0,0.0,0.0,1.84,4.8
2009-07-29,27.3,33.6,20.8,30.9,37.8,69,0.0,0.0,0.0,0.0,2.83,6.4
2009-07-30,28.0,33.0,23.7,31.5,36.6,69,0.0,0.0,0.0,0.0,4.03,8.9
2009-07-31,28.8,33.7,26.0,33.7,38.5,72,2.2,2.2,0.0,3.0,2.28,9.5
2009-08-01,28.2,31.7,25.3,34.0,37.4,81,1.9,1.9,0.0,5.0,1.75,7.6
2009-08-02,28.7,32.8,25.7,35.0,39.6,81,3.3,3.3,0.0,8.0,2.12,7.9
2009-08-03,28.3,33.2,25.8,34.2,40.2,81,4.5,4.5,0.0,9.0,1.65,9.6
2009-08-04,26.0,27.1,24.2,31.9,33.6,91,45.1,45.1,0.0,24.0,1.87,11.0
2009-08-05,26.2,29.0,24.2,31.6,34.9,86,56.9,56.9,0.0,16.0,1.58,6.9
2009-08-06,27.4,32.5,23.2,32.7,39.2,80,0.0,0.0,0.0,0.0,1.84,5.4
2009-08-07,28.5,33.4,24.1,34.0,40.3,75,0.7,0.7,0.0,3.0,1.61,5.0
2009-08-08,28.8,32.8,24.1,33.5,37.6,70,0.0,0.0,0.0,0.0,2.35,6.1
2009-08-09,27.3,32.0,24.7,32.2,38.4,79,6.2,6.2,0.0,9.0,2.76,7.8
2009-08-10,24.3,25.7,23.1,27.6,29.8,83,1.0,1.0,0.0,6.0,3.55,7.8
2009-08-11,24.0,26.1,22.8,27.7,29.7,83,2.3,2.3,0.0,8.0,2.04,4.9
2009-08-12,24.8,27.3,23.1,28.9,30.7,83,1.5,1.5,0.0,6.0,1.77,4.6
2009-08-13,26.8,30.5,23.7,31.7,36.1,78,2.5,2.5,0.0,6.0,1.4,4.3
2009-08-14,28.2,34.0,23.6,33.3,39.9,74,0.0,0.0,0.0,0.0,1.91,4.4
2009-08-15,29.5,35.4,24.6,34.7,40.3,71,0.0,0.0,0.0,0.0,2.37,5.2
2009-08-16,29.4,34.1,25.8,34.3,39.3,71,0.0,0.0,0.0,0.0,2.91,8.0
2009-08-17,28.9,33.0,25.5,33.8,37.8,72,1.8,1.8,0.0,2.0,2.42,7.1
2009-08-18,29.9,35.4,25.1,34.3,39.4,68,0.0,0.0,0.0,0.0,4.46,11.1
2009-08-19,29.3,33.9,25.5,33.9,39.4,70,0.1,0.1,0.0,1.0,2.53,7.4
2009-08-20,27.4,31.6,23.9,32.2,36.9,76,0.8,0.8,0.0,2.0,2.3,10.2
2009-08-21,29.4,34.8,25.4,34.5,39.7,71,0.2,0.2,0.0,2.0,2.82,9.5
2009-08-22,29.3,34.0,25.2,35.3,41.8,74,1.0,1.0,0.0,3.0,1.35,7.8
2009-08-23,29.7,35.4,25.2,35.3,42.2,73,0.0,0.0,0.0,0.0,2.15,8.7
2009-08-24,30.1,37.2,25.0,34.3,41.8,64,0.3,0.3,0.0,1.0,2.91,8.8
2009-08-25,30.4,36.9,25.2,34.0,39.3,63,0.0,0.0,0.0,0.0,4.83,10.3
2009-08-26,28.8,34.1,24.9,33.2,40.1,68,2.4,2.4,0.0,2.0,2.31,8.2
2009-08-27,25.5,28.0,23.0,30.0,32.2,84,9.9,9.9,0.0,10.0,1.96,7.0
2009-08-28,28.2,33.1,23.9,33.4,39.1,76,0.3,0.3,0.0,2.0,1.94,9.0
2009-08-29,25.9,28.5,22.8,30.4,33.1,84,61.6,61.6,0.0,17.0,3.51,9.1
2009-08-30,25.5,29.4,22.0,29.1,32.6,75,0.9,0.9,0.0,4.0,1.78,4.7
2009-08-31,25.4,31.9,19.6,28.2,35.6,70,0.0,0.0,0.0,0.0,2.26,5.5
2009-09-01,25.0,32.0,19.0,26.9,34.7,67,0.0,0.0,0.0,0.0,3.68,7.9
2009-09-02,25.6,32.8,19.7,27.6,35.5,66,0.0,0.0,0.0,0.0,3.83,8.5
2009-09-03,26.9,33.0,22.0,29.3,35.9,65,0.0,0.0,0.0,0.0,4.05,9.0
2009-09-04,27.7,33.5,23.2,31.1,37.2,68,0.0,0.0,0.0,0.0,4.25,8.6
2009-09-05,29.2,35.7,23.9,33.1,39.8,66,0.0,0.0,0.0,0.0,4.03,8.9
2009-09-06,30.5,36.9,25.3,34.3,40.6,61,0.0,0.0,0.0,0.0,3.81,8.5
2009-09-07,30.7,38.0,24.4,34.4,41.3,61,0.0,0.0,0.0,0.0,4.25,9.3
2009-09-08,31.0,37.4,26.1,34.7,41.0,60,0.0,0.0,0.0,0.0,3.89,9.1
2009-09-09,31.2,36.3,26.9,34.8,40.0,60,0.0,0.0,0.0,0.0,4.8,10.1
2009-09-10,30.1,34.9,26.5,33.1,38.3,58,0.0,0.0,0.0,0.0,4.03,9.5
2009-09-11,29.3,34.8,24.3,32.5,39.1,60,0.0,0.0,0.0,0.0,3.62,8.8
2009-09-12,29.5,33.5,25.9,32.2,36.5,58,0.0,0.0,0.0,0.0,4.55,9.3
2009-09-13,29.1,32.3,27.0,31.5,34.0,59,0.0,0.0,0.0,0.0,5.12,11.8
2009-09-14,22.9,28.1,20.2,24.2,30.7,75,1.2,1.2,0.0,5.0,4.34,8.9
2009-09-15,22.2,24.9,19.9,23.2,26.1,65,0.0,0.0,0.0,0.0,3.1,7.0
2009-09-16,24.2,27.0,22.2,27.0,29.2,72,0.0,0.0,0.0,0.0,1.41,4.1
2009-09-17,24.5,26.3,23.0,28.0,29.7,77,0.4,0.4,0.0,2.0,1.36,3.5
2009-09-18,25.9,30.6,21.9,29.8,35.6,76,0.0,0.0,0.0,0.0,1.75,4.5
2009-09-19,25.5,27.6,24.1,30.1,31.9,83,23.6,23.6,0.0,16.0,2.21,8.8
2009-09-20,20.8,25.0,18.0,23.4,30.5,92,47.2,47.2,0.0,24.0,3.67,9.7
2009-09-21,21.0,23.4,18.7,23.2,25.5,82,4.4,4.4,0.0,7.0,1.68,5.0
2009-09-22,23.0,29.7,18.7,25.6,33.5,77,0.0,0.0,0.0,0.0,2.55,4.3
2009-09-23,23.1,30.7,16.6,24.6,31.9,69,0.0,0.0,0.0,0.0,3.01,5.8
2009-09-24,21.4,23.8,19.7,23.3,26.2,77,0.0,0.0,0.0,0.0,1.88,5.3
2009-09-25,21.9,25.4,19.6,24.1,27.2,81,0.3,0.3,0.0,2.0,2.97,7.2
2009-09-26,20.1,21.2,19.1,22.2,24.0,90,9.4,9.4,0.0,20.0,3.16,7.2
2009-09-27,21.4,24.0,19.0,23.9,26.2,83,5.3,5.3,0.0,7.0,1.2,3.9
2009-09-28,21.7,27.5,17.3,24.0,30.5,80,0.0,0.0,0.0,0.0,2.56,5.4
2009-09-29,23.0,29.7,16.8,25.2,33.2,73,0.0,0.0,0.0,0.0,2.58,4.3
2009-09-30,22.9,29.5,17.3,24.7,32.7,71,0.0,0.0,0.0,0.0,2.91,4.7
2009-10-01,23.1,29.9,17.1,25.2,32.8,71,0.0,0.0,0.0,0.0,1.56,5.0
2009-10-02,23.0,28.9,17.7,25.3,32.5,75,0.0,0.0,0.0,0.0,2.6,5.9
2009-10-03,23.0,27.1,20.4,26.0,30.4,82,7.9,7.9,0.0,9.0,2.51,7.9
2009-10-04,21.0,24.2,18.7,23.1,26.7,85,12.5,12.5,0.0,12.0,2.41,5.8
2009-10-05,21.8,29.4,17.3,23.8,31.7,78,0.0,0.0,0.0,0.0,2.7,5.3
2009-10-06,21.5,26.8,16.6,23.2,28.2,77,0.0,0.0,0.0,0.0,2.01,4.8
2009-10-07,21.8,24.9,20.0,23.7,26.5,75,0.0,0.0,0.0,0.0,1.64,4.1
2009-10-08,19.5,20.6,18.2,21.1,22.1,83,0.0,0.0,0.0,0.0,1.72,4.6
2009-10-09,17.8,18.4,17.0,19.5,20.1,91,1.3,1.3,0.0,8.0,1.72,4.2
2009-10-10,16.7,17.3,15.9,17.7,18.4,91,1.1,1.1,0.0,6.0,1.7,4.0
2009-10-11,17.5,18.9,16.7,18.7,20.0,86,0.0,0.0,0.0,0.0,1.34,2.9
2009-10-12,17.2,18.0,16.5,18.6,19.3,88,0.5,0.5,0.0,3.0,0.81,2.6
2009-10-13,17.1,17.8,16.7,18.7,19.2,91,0.7,0.7,0.0,6.0,1.3,4.0
2009-10-14,18.0,21.1,16.3,19.5,22.3,87,1.5,1.5,0.0,6.0,1.53,3.9
2009-10-15,18.8,22.3,16.7,20.3,23.4,84,0.0,0.0,0.0,0.0,1.46,3.7
2009-10-16,18.5,20.6,15.5,20.1,22.4,88,5.0,5.0,0.0,9.0,1.75,4.3
2009-10-17,18.6,24.3,14.2,20.0,26.3,85,0.0,0.0,0.0,0.0,1.87,4.4
2009-10-18,19.7,20.7,18.2,21.9,22.8,87,2.0,2.0,0.0,8.0,1.43,3.8
2009-10-19,17.5,18.5,17.0,18.5,20.0,87,3.8,3.8,0.0,9.0,2.83,6.8
2009-10-20,16.7,18.8,15.4,16.9,18.3,76,0.5,0.5,0.0,3.0,1.44,5.4
2009-10-21,16.5,18.4,15.0,17.0,18.8,80,2.5,2.5,0.0,8.0,1.58,3.8
2009-10-22,16.9,21.8,13.3,17.1,21.7,76,0.0,0.0,0.0,0.0,1.79,4.8
2009-10-23,17.7,24.0,12.6,18.1,24.8,77,0.0,0.0,0.0,0.0,2.3,5.3
2009-10-24,18.7,20.6,17.5,20.1,21.7,82,0.3,0.3,0.0,2.0,1.52,3.4
2009-10-25,19.0,22.3,17.7,21.0,23.6,89,1.4,1.4,0.0,8.0,2.47,5.9
2009-10-26,17.8,19.0,17.2,20.0,21.2,96,3.6,3.6,0.0,13.0,1.1,5.4
2009-10-27,17.6,18.8,16.5,19.2,20.1,89,0.3,0.3,0.0,2.0,2.05,3.4
2009-10-28,18.5,20.6,16.6,19.8,22.1,83,0.0,0.0,0.0,0.0,1.94,4.6
2009-10-29,18.6,19.7,17.6,20.3,21.8,88,5.1,5.1,0.0,9.0,2.13,4.8
2009-10-30,20.3,24.0,17.7,22.5,27.0,86,0.0,0.0,0.0,0.0,2.01,8.2
2009-10-31,18.1,20.3,15.3,19.6,23.0,94,9.3,9.3,0.0,19.0,3.79,10.3
2009-11-01,16.9,19.4,15.5,18.0,20.4,88,2.6,2.6,0.0,8.0,2.06,4.3
2009-11-02,17.1,20.9,13.9,17.4,22.2,81,1.4,1.4,0.0,3.0,2.51,7.3
2009-11-03,15.4,21.4,11.3,13.8,20.0,64,0.0,0.0,0.0,0.0,3.11,7.1
2009-11-04,15.1,21.0,10.5,14.2,20.2,69,0.0,0.0,0.0,0.0,2.0,5.3
2009-11-05,15.0,22.3,9.8,14.6,22.7,77,0.0,0.0,0.0,0.0,2.77,4.3
2009-11-06,17.4,22.0,13.0,18.0,23.8,80,0.0,0.0,0.0,0.0,2.06,5.3
2009-11-07,17.9,23.0,14.5,18.9,24.1,81,0.0,0.0,0.0,0.0,1.63,4.6
2009-11-08,17.5,22.1,13.1,18.5,23.2,84,0.0,0.0,0.0,0.0,2.06,5.3
2009-11-09,18.7,22.8,15.9,20.0,24.5,85,1.7,1.7,0.0,5.0,2.66,4.7
2009-11-10,19.4,22.9,16.4,19.5,22.4,74,0.0,0.0,0.0,0.0,4.18,10.1
2009-11-11,17.0,19.2,15.6,15.8,17.1,67,2.3,2.3,0.0,6.0,5.22,11.5
2009-11-12,11.7,15.3,8.9,10.3,14.7,83,6.0,6.0,0.0,16.0,3.21,7.6
2009-11-13,12.1,15.3,9.6,10.8,13.7,74,0.0,0.0,0.0,0.0,2.15,5.0
2009-11-14,11.6,13.7,9.4,10.5,12.8,79,0.0,0.0,0.0,0.0,2.01,4.5
2009-11-15,10.6,12.3,8.8,8.1,11.1,65,0.2,0.2,0.0,2.0,2.97,6.3
2009-11-16,8.1,8.8,7.8,5.5,6.0,69,0.4,0.4,0.0,4.0,3.07,5.6
2009-11-17,5.8,7.8,4.5,3.4,5.1,85,1.7,1.7,0.0,11.0,2.68,6.0
2009-11-18,5.4,6.3,4.4,3.6,4.5,88,2.8,2.8,0.0,16.0,1.36,3.8
2009-11-19,6.5,7.3,5.8,4.7,5.5,86,0.6,0.6,0.0,5.0,2.28,5.2
2009-11-20,7.6,9.3,5.9,5.5,6.4,77,0.0,0.0,0.0,0.0,2.33,5.9
2009-11-21,7.9,11.8,4.6,5.5,9.3,75,0.0,0.0,0.0,0.0,2.2,5.4
2009-11-22,7.1,14.9,1.9,4.6,12.4,77,0.0,0.0,0.0,0.0,2.61,6.2
2009-11-23,8.5,15.5,2.5,6.5,14.0,76,0.0,0.0,0.0,0.0,1.99,5.1
2009-11-24,9.9,15.4,4.9,8.1,13.7,76,0.0,0.0,0.0,0.0,2.42,5.9
2009-11-25,11.2,15.8,8.1,9.7,14.4,78,0.0,0.0,0.0,0.0,2.27,5.1
2009-11-26,10.6,11.4,9.8,9.5,10.2,87,2.2,2.2,0.0,12.0,2.42,5.6
2009-11-27,11.3,11.8,11.0,10.7,11.5,89,3.6,3.6,0.0,11.0,1.4,4.1
2009-11-28,11.8,12.7,10.8,11.3,11.8,90,2.1,2.1,0.0,5.0,1.7,4.9
2009-11-29,11.4,12.2,10.7,10.5,11.3,84,0.1,0.1,0.0,1.0,1.84,3.3
2009-11-30,11.2,12.2,10.7,10.6,11.4,86,0.5,0.5,0.0,3.0,1.63,3.8
2009-12-01,11.9,13.6,10.8,11.0,12.0,81,0.8,0.8,0.0,3.0,2.5,5.6
2009-12-02,11.8,13.0,10.7,10.8,11.5,85,1.3,1.3,0.0,5.0,2.42,6.3
2009-12-03,12.1,15.5,9.9,10.4,12.8,74,0.0,0.0,0.0,0.0,3.67,7.6
2009-12-04,10.8,14.6,8.2,8.9,13.0,72,0.0,0.0,0.0,0.0,2.55,6.1
2009-12-05,9.4,13.4,6.6,7.4,10.9,76,0.0,0.0,0.0,0.0,2.9,6.6
2009-12-06,10.8,11.8,10.2,9.2,10.2,71,0.0,0.0,0.0,0.0,1.5,4.3
2009-12-07,10.3,10.6,10.2,9.6,9.9,87,4.7,4.7,0.0,20.0,1.2,2.2
2009-12-08,11.0,12.2,10.5,10.0,10.9,89,1.1,1.1,0.0,6.0,2.42,5.7
2009-12-09,10.7,11.5,10.3,9.8,10.4,85,0.0,0.0,0.0,0.0,1.14,2.9
2009-12-10,10.9,15.3,7.4,9.3,13.7,79,0.0,0.0,0.0,0.0,3.55,7.7
2009-12-11,11.5,11.9,10.9,10.6,11.2,83,0.3,0.3,0.0,3.0,2.56,4.9
2009-12-12,11.5,12.2,10.9,10.7,11.5,84,2.6,2.6,0.0,6.0,1.49,3.5
2009-12-13,11.4,12.8,10.4,10.2,11.7,76,0.0,0.0,0.0,0.0,1.44,3.7
2009-12-14,9.9,10.8,9.3,8.3,9.5,75,0.6,0.6,0.0,4.0,1.53,4.0
2009-12-15,10.2,10.9,8.9,8.8,10.0,81,3.3,3.3,0.0,7.0,2.56,6.2
2009-12-16,8.2,9.3,7.0,6.1,7.4,78,0.4,0.4,0.0,4.0,1.82,4.5
2009-12-17,7.7,11.5,4.4,5.3,9.1,76,0.0,0.0,0.0,0.0,2.6,6.0
2009-12-18,6.7,8.3,3.8,4.5,6.3,79,1.1,1.1,0.0,6.0,1.82,4.0
2009-12-19,7.9,9.2,6.9,5.6,7.3,69,0.1,0.1,0.0,1.0,1.91,5.8
2009-12-20,7.3,12.8,3.7,4.9,10.3,75,0.0,0.0,0.0,0.0,3.04,4.9
2009-12-21,7.3,12.9,3.2,4.7,10.5,73,0.0,0.0,0.0,0.0,2.33,5.1
2009-12-22,6.8,11.4,2.6,4.6,9.6,78,0.0,0.0,0.0,0.0,1.61,4.7
2009-12-23,8.6,10.3,6.6,6.7,8.2,77,0.0,0.0,0.0,0.0,2.01,4.8
2009-12-24,9.8,12.0,7.6,8.2,10.4,76,0.0,0.0,0.0,0.0,2.22,5.9
2009-12-25,9.1,11.1,7.8,7.5,9.8,84,2.1,2.1,0.0,8.0,2.11,5.2
2009-12-26,9.3,12.1,6.3,6.9,9.3,70,0.1,0.1,0.0,1.0,3.03,6.6
2009-12-27,7.1,11.3,3.6,4.3,10.3,76,2.5,2.5,0.0,7.0,3.72,9.0
2009-12-28,6.8,11.3,3.4,4.2,8.7,76,0.0,0.0,0.0,0.0,2.51,5.9
2009-12-29,7.4,9.5,5.6,5.1,7.1,75,0.0,0.0,0.0,0.0,2.02,4.7
2009-12-30,7.0,10.1,3.4,4.8,7.7,80,0.0,0.0,0.0,0.0,2.67,6.2
2009-12-31,8.2,9.7,7.0,6.2,7.4,73,0.0,0.0,0.0,0.0,2.01,4.8
