time,temperature_2m_mean,temperature_2m_max,temperature_2m_min,apparent_temperature_mean,apparent_temperature_max,relative_humidity_2m_mean,precipitation_sum,rain_sum,snowfall_sum,precipitation_hours,wind_speed_10m_max,wind_gusts_10m_max
2020-01-01,-0.5,0.9,-1.4,-6.0,-4.3,61,0.0,0.0,0.0,0.0,8.41,13.5
2020-01-02,-0.1,2.1,-1.8,-4.6,-3.0,71,0.0,0.0,0.0,0.0,4.65,7.6
2020-01-03,1.0,4.2,-1.6,-3.3,-0.6,66,0.0,0.0,0.0,0.0,4.59,6.9
2020-01-04,1.5,3.8,-0.3,-3.2,-1.3,71,0.0,0.0,0.0,0.0,5.04,7.6
2020-01-05,1.4,3.6,-0.9,-3.1,-0.3,67,0.0,0.0,0.0,0.0,4.27,6.4
2020-01-06,4.2,5.0,2.9,0.3,1.6,88,1.8,1.8,0.0,7.0,6.36,8.9
2020-01-07,0.3,2.5,-1.7,-7.6,-2.4,77,0.4,0.0,0.49,2.0,14.67,21.6
2020-01-08,-1.5,-0.4,-2.5,-10.3,-6.9,67,0.0,0.0,0.0,0.0,14.32,21.9
2020-01-09,-0.9,1.0,-2.3,-5.8,-4.3,61,0.0,0.0,0.0,0.0,5.36,8.3
2020-01-10,1.1,3.5,-1.1,-3.0,-1.0,72,0.0,0.0,0.0,0.0,5.46,8.8
2020-01-11,-2.2,-0.5,-3.8,-9.0,-5.1,60,0.0,0.0,0.0,0.0,8.4,12.4
2020-01-12,-3.5,-2.5,-4.3,-10.4,-9.3,62,0.0,0.0,0.0,0.0,8.12,12.5
2020-01-13,-2.3,-0.2,-4.3,-7.3,-3.9,60,0.0,0.0,0.0,0.0,6.48,9.8
2020-01-14,-4.9,-3.2,-6.9,-11.6,-9.9,58,0.0,0.0,0.0,0.0,7.51,11.5
2020-01-15,-2.5,1.1,-5.5,-7.2,-3.4,65,0.0,0.0,0.0,0.0,4.53,7.2
2020-01-16,-2.1,-0.2,-3.6,-7.7,-6.1,63,0.0,0.0,0.0,0.0,5.51,8.7
2020-01-17,-2.0,0.2,-3.6,-7.7,-5.8,58,0.0,0.0,0.0,0.0,5.9,9.3
2020-01-18,0.1,2.8,-3.1,-4.9,-3.1,76,0.0,0.0,0.0,0.0,7.06,9.0
2020-01-19,1.1,2.7,-0.4,-4.2,-3.3,64,0.0,0.0,0.0,0.0,7.63,10.9
2020-01-20,0.2,1.8,-1.0,-5.7,-3.9,54,0.0,0.0,0.0,0.0,7.53,11.5
2020-01-21,2.1,4.7,-1.0,-3.2,-0.4,60,0.0,0.0,0.0,0.0,7.1,10.7
2020-01-22,4.0,5.4,3.0,0.4,2.2,88,0.0,0.0,0.0,0.0,5.79,9.2
2020-01-23,2.3,3.7,-0.9,-2.5,0.1,78,0.0,0.0,0.0,0.0,8.0,11.5
2020-01-24,-0.8,1.2,-2.0,-7.2,-5.4,42,0.0,0.0,0.0,0.0,6.8,10.4
2020-01-25,-0.5,2.1,-2.3,-5.6,-2.8,61,0.0,0.0,0.0,0.0,5.4,7.7
2020-01-26,0.5,3.7,-1.6,-5.3,-1.9,54,0.0,0.0,0.0,0.0,5.99,8.9
2020-01-27,2.6,4.3,0.8,-2.1,-0.3,76,0.7,0.5,0.14,4.0,5.37,8.2
2020-01-28,2.1,3.6,1.0,-2.5,-0.2,80,1.9,0.8,0.91,11.0,7.21,9.6
2020-01-29,-1.9,0.6,-3.5,-10.0,-6.6,63,0.0,0.0,0.0,0.0,10.31,15.3
2020-01-30,-3.3,-1.8,-5.1,-11.9,-10.2,62,0.0,0.0,0.0,0.0,11.42,17.4
2020-01-31,-1.1,1.9,-4.2,-6.8,-2.4,63,0.0,0.0,0.0,0.0,8.52,12.5
2020-02-01,-0.7,0.9,-2.5,-6.9,-3.1,65,0.0,0.0,0.0,0.0,8.11,11.7
2020-02-02,-1.3,-0.5,-2.5,-6.2,-4.7,60,0.3,0.0,0.42,3.0,6.14,8.2
2020-02-03,-2.0,-0.0,-4.3,-7.4,-5.4,60,0.0,0.0,0.0,0.0,6.09,8.7
2020-02-04,-3.6,0.6,-7.4,-10.5,-3.4,56,0.1,0.0,0.21,1.0,9.88,14.6
2020-02-05,-8.9,-7.6,-10.6,-16.1,-14.5,50,0.0,0.0,0.0,0.0,7.26,11.2
2020-02-06,-6.1,-1.7,-9.4,-11.3,-7.3,54,0.0,0.0,0.0,0.0,5.78,9.7
2020-02-07,-0.5,0.9,-1.9,-6.1,-5.2,73,0.0,0.0,0.0,0.0,7.27,10.9
2020-02-08,-0.9,1.8,-2.9,-6.2,-4.1,66,0.0,0.0,0.0,0.0,6.61,10.1
2020-02-09,0.7,4.2,-3.1,-4.2,-1.4,74,0.0,0.0,0.0,0.0,7.62,11.4
2020-02-10,3.3,5.5,0.8,-0.8,1.7,88,0.0,0.0,0.0,0.0,6.2,8.5
2020-02-11,5.5,7.2,3.9,0.6,2.5,86,0.0,0.0,0.0,0.0,7.23,10.2
2020-02-12,5.1,6.9,4.1,1.6,3.7,93,0.0,0.0,0.0,0.0,6.48,9.8
2020-02-13,5.4,6.8,4.2,1.2,2.7,92,0.0,0.0,0.0,0.0,6.11,8.1
2020-02-14,2.1,4.4,-2.8,-2.9,1.0,94,3.4,1.9,1.05,10.0,10.1,14.4
2020-02-15,-4.0,-2.7,-5.5,-12.6,-10.6,78,9.8,0.2,6.79,12.0,11.74,18.1
2020-02-16,-3.3,-2.3,-4.2,-12.8,-10.9,57,0.0,0.0,0.0,0.0,13.48,20.6
2020-02-17,-3.1,-1.4,-4.8,-11.2,-7.5,53,0.0,0.0,0.0,0.0,11.67,18.5
2020-02-18,1.2,4.0,-2.0,-2.8,0.3,72,0.0,0.0,0.0,0.0,4.47,6.3
2020-02-19,2.1,3.8,0.3,-2.3,-0.5,91,0.0,0.0,0.0,0.0,5.98,7.9
2020-02-20,3.1,4.5,1.5,-1.1,1.1,93,0.0,0.0,0.0,0.0,6.22,8.8
2020-02-21,3.5,4.4,2.6,-1.1,-0.0,90,4.5,4.5,0.0,9.0,7.71,10.0
2020-02-22,2.0,3.4,0.7,-3.9,-3.0,61,0.0,0.0,0.0,0.0,8.29,12.5
2020-02-23,4.2,6.1,1.9,-1.6,0.1,70,0.0,0.0,0.0,0.0,8.52,12.1
2020-02-24,4.3,5.5,3.4,0.1,1.8,88,0.0,0.0,0.0,0.0,6.67,9.8
2020-02-25,4.3,6.0,2.3,-0.4,2.7,81,0.2,0.2,0.0,1.0,6.91,9.1
2020-02-26,1.2,2.7,-0.7,-6.2,-4.6,56,0.0,0.0,0.0,0.0,9.73,14.1
2020-02-27,1.5,3.7,-0.4,-3.1,0.2,53,0.0,0.0,0.0,0.0,6.22,8.8
2020-02-28,2.7,3.1,1.7,-1.3,0.6,84,1.1,0.9,0.14,5.0,5.27,8.5
2020-02-29,2.8,3.3,2.2,-0.4,0.9,88,0.0,0.0,0.0,0.0,3.67,5.5
2020-03-01,1.7,3.1,0.5,-3.8,-1.1,74,0.0,0.0,0.0,0.0,7.39,10.9
2020-03-02,1.6,3.4,0.4,-3.1,-0.9,60,0.0,0.0,0.0,0.0,5.87,7.6
2020-03-03,2.6,4.5,0.8,-2.7,-0.6,77,0.5,0.5,0.0,3.0,7.89,12.6
2020-03-04,-0.2,0.7,-1.4,-7.5,-5.9,60,0.0,0.0,0.0,0.0,9.63,14.8
2020-03-05,1.8,3.4,-0.2,-3.5,-2.0,63,0.0,0.0,0.0,0.0,7.32,10.1
2020-03-06,4.7,5.7,3.3,-0.9,1.0,78,0.0,0.0,0.0,0.0,7.83,11.0
2020-03-07,4.8,5.9,4.0,1.3,3.2,91,0.7,0.7,0.0,4.0,6.8,9.6
2020-03-08,4.5,5.0,4.0,1.0,1.6,96,0.0,0.0,0.0,0.0,5.16,6.8
2020-03-09,4.2,5.0,3.4,0.5,1.9,93,0.0,0.0,0.0,0.0,6.67,8.3
2020-03-10,3.6,5.6,2.2,-2.4,-0.1,59,0.0,0.0,0.0,0.0,8.35,11.9
2020-03-11,4.3,7.0,1.8,-0.4,1.3,66,0.0,0.0,0.0,0.0,9.51,13.8
2020-03-12,6.4,7.0,4.4,1.1,4.1,65,0.2,0.2,0.0,2.0,9.39,13.7
2020-03-13,2.9,4.2,1.0,-2.5,-0.4,44,0.0,0.0,0.0,0.0,6.55,8.6
2020-03-14,5.2,6.9,3.5,0.4,2.9,65,0.0,0.0,0.0,0.0,7.82,11.0
2020-03-15,3.3,5.5,-0.4,-3.6,0.6,51,0.0,0.0,0.0,0.0,11.94,18.7
2020-03-16,2.8,6.2,-1.5,-2.1,2.6,54,0.0,0.0,0.0,0.0,7.21,10.5
2020-03-17,7.4,9.8,5.1,3.7,6.7,65,0.0,0.0,0.0,0.0,5.87,9.4
2020-03-18,9.5,11.6,7.1,3.5,6.3,63,0.0,0.0,0.0,0.0,12.1,14.2
2020-03-19,6.8,8.2,5.1,-0.1,2.0,55,0.0,0.0,0.0,0.0,13.46,19.8
2020-03-20,7.8,10.6,5.3,2.9,6.1,62,0.1,0.1,0.0,1.0,9.44,13.9
2020-03-21,7.1,9.1,5.1,2.5,4.7,65,0.0,0.0,0.0,0.0,7.52,11.1
2020-03-22,6.9,9.0,4.1,3.1,6.0,67,0.0,0.0,0.0,0.0,7.49,10.0
2020-03-23,8.5,11.0,6.4,4.5,7.8,61,0.0,0.0,0.0,0.0,7.0,9.6
2020-03-24,7.8,10.1,5.9,3.6,5.4,66,0.0,0.0,0.0,0.0,7.8,10.8
2020-03-25,9.0,9.7,8.3,3.8,5.5,70,0.0,0.0,0.0,0.0,8.2,11.4
2020-03-26,7.0,8.1,4.9,1.8,5.1,82,2.6,2.6,0.0,8.0,11.53,17.1
2020-03-27,5.6,6.8,4.4,-1.0,0.6,46,0.0,0.0,0.0,0.0,9.71,13.7
2020-03-28,5.4,7.4,3.0,0.6,2.6,47,0.0,0.0,0.0,0.0,6.64,9.6
2020-03-29,5.8,7.5,3.4,1.8,4.1,59,0.0,0.0,0.0,0.0,4.85,7.4
2020-03-30,7.4,9.5,5.6,4.0,7.6,77,0.0,0.0,0.0,0.0,5.35,7.5
2020-03-31,9.0,11.4,7.4,5.1,9.1,67,0.0,0.0,0.0,0.0,7.65,11.0
2020-04-01,8.0,9.3,6.7,1.6,4.0,41,0.0,0.0,0.0,0.0,10.0,14.4
2020-04-02,8.2,10.0,6.5,3.3,5.7,64,0.0,0.0,0.0,0.0,7.62,12.0
2020-04-03,9.4,11.0,7.8,4.6,7.5,62,0.0,0.0,0.0,0.0,7.91,12.3
2020-04-04,6.8,10.4,5.0,0.1,3.9,40,0.0,0.0,0.0,0.0,9.85,15.0
2020-04-05,6.7,9.5,4.0,2.7,6.2,60,0.0,0.0,0.0,0.0,5.39,7.5
2020-04-06,8.6,11.5,6.1,5.5,9.1,69,0.0,0.0,0.0,0.0,4.46,6.3
2020-04-07,9.0,10.7,7.0,4.2,6.3,53,0.0,0.0,0.0,0.0,7.61,10.9
2020-04-08,8.0,9.3,5.9,4.8,8.6,55,0.0,0.0,0.0,0.0,4.33,5.7
2020-04-09,8.3,10.2,6.3,4.2,6.6,57,0.0,0.0,0.0,0.0,6.49,9.7
2020-04-10,8.8,11.2,6.6,5.2,8.9,61,0.0,0.0,0.0,0.0,5.15,8.0
2020-04-11,9.6,12.6,7.5,6.1,11.5,59,0.0,0.0,0.0,0.0,6.01,8.1
2020-04-12,9.3,11.4,8.0,4.8,7.3,62,0.0,0.0,0.0,0.0,8.55,12.6
2020-04-13,10.6,13.8,8.4,7.2,13.1,59,0.0,0.0,0.0,0.0,5.99,8.1
2020-04-14,10.8,13.6,7.9,7.3,11.1,61,0.0,0.0,0.0,0.0,4.94,7.1
2020-04-15,10.1,11.3,9.0,7.1,9.3,79,0.0,0.0,0.0,0.0,5.46,7.7
2020-04-16,9.9,10.9,9.0,5.2,6.2,82,10.5,10.5,0.0,9.0,9.55,15.2
2020-04-17,9.6,10.9,7.9,6.1,7.2,87,0.6,0.6,0.0,3.0,6.8,10.6
2020-04-18,11.6,15.5,9.1,9.2,14.0,73,0.0,0.0,0.0,0.0,5.66,8.1
2020-04-19,9.3,11.0,8.5,6.7,9.3,86,2.0,2.0,0.0,6.0,6.0,8.1
2020-04-20,9.9,11.3,8.6,4.7,7.3,62,0.6,0.6,0.0,2.0,11.39,18.0
2020-04-21,7.7,9.1,6.3,-0.1,3.7,41,0.0,0.0,0.0,0.0,12.71,19.0
2020-04-22,7.1,8.4,5.9,0.8,3.7,43,0.0,0.0,0.0,0.0,9.06,14.6
2020-04-23,8.9,10.4,7.1,3.4,5.0,47,0.0,0.0,0.0,0.0,8.9,12.6
2020-04-24,12.4,14.7,9.3,5.9,8.8,49,0.0,0.0,0.0,0.0,11.41,17.5
2020-04-25,10.9,12.5,9.2,5.9,9.5,56,0.0,0.0,0.0,0.0,9.03,13.0
2020-04-26,11.0,12.9,9.2,7.1,10.9,59,0.3,0.3,0.0,2.0,6.04,8.9
2020-04-27,11.2,13.4,8.5,7.8,10.6,62,0.0,0.0,0.0,0.0,5.9,8.6
2020-04-28,13.9,16.4,11.4,9.2,11.4,54,0.0,0.0,0.0,0.0,8.46,12.3
2020-04-29,13.9,14.7,12.2,9.5,12.7,62,0.0,0.0,0.0,0.0,9.26,13.2
2020-04-30,12.5,14.3,11.4,9.7,13.3,82,0.0,0.0,0.0,0.0,7.31,10.9
2020-05-01,15.3,17.1,12.9,13.7,16.6,76,0.0,0.0,0.0,0.0,7.43,12.5
2020-05-02,14.6,16.5,12.5,11.7,14.6,84,0.0,0.0,0.0,0.0,8.3,13.4
2020-05-03,12.5,15.0,11.4,9.8,12.8,86,0.0,0.0,0.0,0.0,9.91,13.8
2020-05-04,10.9,13.1,8.7,5.9,9.1,64,0.0,0.0,0.0,0.0,10.25,15.1
2020-05-05,12.6,15.5,10.1,10.6,15.2,71,0.0,0.0,0.0,0.0,4.9,6.8
2020-05-06,13.3,15.9,10.1,11.8,14.7,73,0.0,0.0,0.0,0.0,5.17,7.9
2020-05-07,13.4,14.6,12.4,10.9,12.3,71,0.0,0.0,0.0,0.0,6.61,8.5
2020-05-08,11.9,13.3,11.2,8.2,11.3,84,30.2,30.2,0.0,20.0,9.8,14.8
2020-05-09,12.9,14.5,11.7,9.6,12.6,87,1.8,1.8,0.0,9.0,9.74,13.9
2020-05-10,15.0,17.3,12.8,11.6,14.7,73,0.4,0.4,0.0,3.0,8.54,12.0
2020-05-11,14.1,15.4,12.5,9.7,12.2,64,0.0,0.0,0.0,0.0,10.02,16.1
2020-05-12,14.4,15.9,13.4,10.3,12.4,55,0.0,0.0,0.0,0.0,8.63,13.3
2020-05-13,15.5,17.3,13.0,11.8,15.9,64,0.0,0.0,0.0,0.0,8.81,12.2
2020-05-14,15.4,16.6,13.7,11.5,12.2,71,1.6,1.6,0.0,2.0,9.48,14.3
2020-05-15,12.6,13.4,11.8,9.5,12.0,87,2.2,2.2,0.0,10.0,8.63,12.0
2020-05-16,13.0,14.2,11.9,11.5,12.8,91,17.9,17.9,0.0,4.0,7.5,11.9
2020-05-17,14.0,16.1,12.7,12.7,16.1,92,4.6,4.6,0.0,1.0,8.38,14.1
2020-05-18,13.0,13.9,12.3,8.9,12.6,92,36.6,36.6,0.0,24.0,14.85,22.5
2020-05-19,14.2,15.7,13.2,12.4,15.9,82,0.1,0.1,0.0,1.0,8.34,13.4
2020-05-20,14.0,15.0,12.5,12.5,14.0,82,0.0,0.0,0.0,0.0,6.26,8.1
2020-05-21,13.9,14.9,13.3,10.8,12.6,86,4.9,4.9,0.0,13.0,9.27,15.4
2020-05-22,14.7,16.1,13.9,12.3,14.8,90,18.6,18.6,0.0,10.0,9.73,14.0
2020-05-23,13.8,14.8,13.0,12.9,14.5,95,1.9,1.9,0.0,4.0,7.01,10.9
2020-05-24,15.9,18.0,13.7,14.7,18.1,83,0.0,0.0,0.0,0.0,5.3,7.5
2020-05-25,16.6,18.8,14.2,16.3,20.7,79,0.0,0.0,0.0,0.0,3.83,7.9
2020-05-26,15.3,16.7,14.1,14.3,16.6,85,12.9,12.9,0.0,8.0,5.52,8.2
2020-05-27,15.6,17.0,14.6,15.3,18.1,87,0.9,0.9,0.0,3.0,4.57,7.0
2020-05-28,15.2,16.7,13.7,14.6,16.4,87,0.2,0.2,0.0,1.0,6.37,9.2
2020-05-29,17.1,18.0,16.1,14.0,15.2,72,0.0,0.0,0.0,0.0,8.73,12.9
2020-05-30,17.0,18.7,15.7,16.4,19.1,84,0.0,0.0,0.0,0.0,6.89,10.1
2020-05-31,16.3,17.2,15.2,15.1,16.5,86,4.5,4.5,0.0,6.0,7.68,10.4
2020-06-01,18.1,20.2,15.1,17.1,21.6,72,0.0,0.0,0.0,0.0,7.42,11.9
2020-06-02,17.2,19.9,15.9,17.3,22.3,87,8.0,8.0,0.0,4.0,7.81,15.5
2020-06-03,18.6,21.0,16.3,18.3,22.5,82,0.0,0.0,0.0,0.0,6.72,9.8
2020-06-04,18.5,19.7,17.2,18.4,22.2,75,0.0,0.0,0.0,0.0,7.43,10.1
2020-06-05,18.6,20.3,17.1,18.6,21.0,74,0.0,0.0,0.0,0.0,5.06,6.9
2020-06-06,19.4,22.3,16.9,20.5,24.3,76,0.0,0.0,0.0,0.0,4.2,6.9
2020-06-07,19.3,20.4,18.2,19.2,21.3,84,0.0,0.0,0.0,0.0,6.37,9.1
2020-06-08,20.5,22.0,19.5,21.5,24.6,83,0.0,0.0,0.0,0.0,5.97,8.3
2020-06-09,19.4,20.2,18.8,19.4,20.7,83,0.0,0.0,0.0,0.0,5.9,8.4
2020-06-10,18.5,19.3,17.7,19.1,19.7,90,4.9,4.9,0.0,6.0,6.36,9.2
2020-06-11,19.2,20.7,17.5,21.2,24.0,92,0.0,0.0,0.0,0.0,3.12,5.3
2020-06-12,19.2,21.3,17.3,20.8,23.6,94,0.0,0.0,0.0,0.0,4.02,5.9
2020-06-13,19.1,19.9,17.8,20.4,21.4,92,0.0,0.0,0.0,0.0,5.16,7.9
2020-06-14,21.8,23.8,19.5,21.4,23.0,70,0.0,0.0,0.0,0.0,7.02,9.6
2020-06-15,22.8,24.9,20.9,22.1,26.1,63,0.0,0.0,0.0,0.0,7.12,10.2
2020-06-16,21.3,22.4,19.6,22.0,23.8,73,0.0,0.0,0.0,0.0,4.09,6.0
2020-06-17,22.6,25.2,20.3,23.8,27.3,74,0.0,0.0,0.0,0.0,4.53,8.9
2020-06-18,22.2,24.1,21.2,23.8,27.5,80,0.4,0.4,0.0,1.0,5.01,9.0
2020-06-19,23.2,25.7,21.0,24.6,28.9,73,0.4,0.4,0.0,2.0,5.08,6.8
2020-06-20,22.5,24.4,20.5,24.3,27.8,81,0.0,0.0,0.0,0.0,5.88,8.2
2020-06-21,22.5,23.5,21.3,23.2,25.9,78,0.0,0.0,0.0,0.0,6.32,9.3
2020-06-22,22.3,23.1,20.9,23.2,25.5,78,0.0,0.0,0.0,0.0,5.46,9.3
2020-06-23,21.1,22.2,19.8,21.4,23.3,84,13.8,13.8,0.0,12.0,9.1,11.7
2020-06-24,20.7,21.7,19.8,19.0,20.2,85,8.3,8.3,0.0,10.0,11.4,16.8
2020-06-25,21.7,23.8,20.3,22.4,25.8,81,0.0,0.0,0.0,0.0,6.36,8.9
2020-06-26,21.2,22.8,20.0,22.9,26.1,86,0.0,0.0,0.0,0.0,5.01,6.9
2020-06-27,21.8,24.5,20.0,25.0,28.2,89,0.0,0.0,0.0,0.0,3.07,4.9
2020-06-28,22.7,25.8,21.0,25.7,30.2,83,0.0,0.0,0.0,0.0,3.4,5.1
2020-06-29,21.0,21.4,19.9,22.6,24.1,87,0.0,0.0,0.0,0.0,5.32,8.0
2020-06-30,22.7,24.7,21.7,24.0,27.6,81,0.1,0.1,0.0,1.0,6.28,8.5
2020-07-01,24.0,26.3,22.0,25.5,28.8,76,0.0,0.0,0.0,0.0,5.44,7.4
2020-07-02,22.8,25.7,20.9,24.9,29.2,85,0.1,0.1,0.0,1.0,5.07,6.7
2020-07-03,21.6,22.9,20.8,23.4,24.6,88,0.0,0.0,0.0,0.0,4.81,7.1
2020-07-04,22.0,23.5,20.6,23.6,25.4,82,0.0,0.0,0.0,0.0,5.95,8.0
2020-07-05,22.2,23.3,21.2,22.8,24.5,84,13.7,13.7,0.0,9.0,6.8,10.0
2020-07-06,21.6,22.3,21.1,23.6,24.8,93,6.6,6.6,0.0,9.0,5.82,8.9
2020-07-07,23.1,25.2,20.9,26.4,30.8,86,0.0,0.0,0.0,0.0,4.32,5.6
2020-07-08,23.4,26.3,21.4,25.6,29.9,73,0.0,0.0,0.0,0.0,3.81,5.7
2020-07-09,22.0,23.6,20.8,24.3,27.1,83,0.0,0.0,0.0,0.0,3.86,5.8
2020-07-10,22.9,25.7,20.5,25.4,30.1,77,0.0,0.0,0.0,0.0,2.83,4.6
2020-07-11,23.2,24.9,21.8,26.2,29.0,83,0.0,0.0,0.0,0.0,3.75,5.4
2020-07-12,22.2,23.1,21.6,23.9,24.9,88,0.6,0.6,0.0,2.0,5.2,8.2
2020-07-13,22.3,23.7,20.9,23.4,25.1,80,0.9,0.9,0.0,4.0,6.44,9.2
2020-07-14,22.3,24.4,20.7,23.9,26.1,77,1.4,1.4,0.0,4.0,4.96,7.7
2020-07-15,23.2,24.9,22.0,26.3,28.6,87,0.0,0.0,0.0,0.0,4.24,6.2
2020-07-16,23.9,25.3,22.6,26.7,28.9,86,0.0,0.0,0.0,0.0,5.16,7.6
2020-07-17,23.7,24.3,22.7,25.6,26.6,85,0.0,0.0,0.0,0.0,5.95,8.6
2020-07-18,22.9,23.8,22.1,23.8,24.8,84,0.2,0.2,0.0,1.0,7.38,11.1
2020-07-19,21.8,22.2,21.4,21.2,22.2,90,27.0,27.0,0.0,24.0,10.41,14.7
2020-07-20,24.1,26.3,22.2,25.3,28.4,76,0.0,0.0,0.0,0.0,7.96,12.1
2020-07-21,23.8,25.4,22.1,27.0,30.1,86,0.0,0.0,0.0,0.0,4.6,6.6
2020-07-22,23.1,24.3,21.9,26.1,27.9,89,0.0,0.0,0.0,0.0,4.26,6.3
2020-07-23,23.0,24.0,21.9,24.2,26.0,88,7.7,7.7,0.0,9.0,9.23,17.1
2020-07-24,24.8,26.9,23.0,27.5,30.2,72,0.0,0.0,0.0,0.0,3.71,5.0
2020-07-25,25.4,27.9,23.4,27.7,31.2,71,0.0,0.0,0.0,0.0,4.4,6.1
2020-07-26,23.7,24.3,23.0,26.0,26.5,83,0.0,0.0,0.0,0.0,4.86,7.4
2020-07-27,23.3,24.3,22.7,25.5,26.8,85,1.5,1.5,0.0,4.0,4.88,6.8
2020-07-28,23.6,24.6,23.0,26.0,27.3,88,0.0,0.0,0.0,0.0,5.28,7.6
2020-07-29,24.0,25.6,22.7,27.0,29.4,85,0.0,0.0,0.0,0.0,4.72,6.1
2020-07-30,25.1,26.6,23.8,28.3,30.5,85,0.0,0.0,0.0,0.0,5.84,8.5
2020-07-31,25.2,26.2,24.0,28.5,30.0,89,0.0,0.0,0.0,0.0,5.89,8.8
2020-08-01,25.1,26.3,23.8,29.6,31.6,91,6.7,6.7,0.0,5.0,4.36,7.8
2020-08-02,24.8,25.4,24.3,28.8,29.9,93,13.2,13.2,0.0,8.0,5.51,12.0
2020-08-03,25.6,26.9,24.0,29.7,31.1,91,8.1,8.1,0.0,4.0,4.78,8.6
2020-08-04,25.6,27.2,23.0,29.1,33.1,90,14.4,14.4,0.0,7.0,7.8,11.0
2020-08-05,25.0,25.7,24.2,28.6,29.8,93,0.3,0.3,0.0,2.0,6.42,7.5
2020-08-06,25.8,28.1,23.6,29.8,33.0,87,0.1,0.1,0.0,1.0,6.3,8.1
2020-08-07,25.1,26.2,24.0,29.8,31.5,88,0.0,0.0,0.0,0.0,3.28,5.9
2020-08-08,24.6,25.8,23.7,27.5,28.6,86,0.0,0.0,0.0,0.0,5.98,8.3
2020-08-09,25.3,27.2,24.4,29.7,31.4,89,0.9,0.9,0.0,5.0,4.16,6.1
2020-08-10,25.1,26.3,24.0,29.8,31.7,88,0.0,0.0,0.0,0.0,4.74,6.5
2020-08-11,25.7,27.4,24.4,29.9,32.4,87,0.0,0.0,0.0,0.0,4.8,7.0
2020-08-12,25.6,26.4,24.9,29.1,30.2,92,0.0,0.0,0.0,0.0,8.01,10.0
2020-08-13,25.7,26.4,25.1,28.3,29.9,94,31.9,31.9,0.0,15.0,8.72,15.9
2020-08-14,26.4,27.9,25.5,30.5,32.8,89,0.0,0.0,0.0,0.0,6.55,9.8
2020-08-15,26.1,26.9,25.2,30.6,32.7,92,15.1,15.1,0.0,11.0,9.28,23.0
2020-08-16,25.4,26.3,23.8,30.3,32.0,93,31.8,31.8,0.0,12.0,5.01,19.1
2020-08-17,26.4,27.5,24.9,31.0,32.9,92,4.2,4.2,0.0,10.0,5.6,9.0
2020-08-18,27.2,27.9,26.4,31.4,32.8,89,0.0,0.0,0.0,0.0,6.74,10.5
2020-08-19,25.6,27.3,23.2,29.1,32.6,90,3.0,3.0,0.0,5.0,8.4,12.6
2020-08-20,22.5,23.4,21.6,21.4,23.4,75,0.1,0.1,0.0,1.0,8.77,12.9
2020-08-21,22.9,24.7,21.5,23.6,27.1,70,0.0,0.0,0.0,0.0,6.74,9.8
2020-08-22,23.6,25.6,21.6,26.1,29.6,75,0.0,0.0,0.0,0.0,2.94,4.5
2020-08-23,24.0,25.4,22.2,26.3,28.5,81,0.0,0.0,0.0,0.0,5.02,7.6
2020-08-24,24.9,26.5,23.1,27.1,28.9,91,32.9,32.9,0.0,12.0,9.61,13.3
2020-08-25,24.8,27.1,22.6,27.7,31.2,82,0.0,0.0,0.0,0.0,6.08,8.1
2020-08-26,24.3,25.5,23.2,26.7,29.3,89,12.1,12.1,0.0,15.0,9.0,13.2
2020-08-27,24.5,26.2,23.5,27.0,29.4,89,16.6,16.6,0.0,11.0,8.59,12.8
2020-08-28,24.2,25.6,23.2,27.3,28.5,82,0.0,0.0,0.0,0.0,4.24,6.8
2020-08-29,24.6,26.8,22.5,27.7,30.4,82,0.0,0.0,0.0,0.0,4.34,6.2
2020-08-30,24.8,26.6,23.4,29.1,32.1,88,0.0,0.0,0.0,0.0,3.7,5.0
2020-08-31,24.5,25.6,22.8,27.6,29.5,89,19.1,19.1,0.0,14.0,8.07,13.3
2020-09-01,24.4,26.5,22.7,27.5,30.1,83,0.0,0.0,0.0,0.0,4.61,6.2
2020-09-02,24.2,26.0,22.6,27.3,30.4,83,0.0,0.0,0.0,0.0,7.42,10.8
2020-09-03,22.2,23.6,20.2,20.4,22.7,74,5.5,5.5,0.0,9.0,10.0,15.4
2020-09-04,23.3,25.1,20.8,23.1,25.1,72,0.4,0.4,0.0,2.0,7.82,11.5
2020-09-05,24.3,25.3,22.7,25.6,28.2,82,0.4,0.4,0.0,1.0,7.5,10.8
2020-09-06,24.2,25.4,22.9,27.3,29.6,90,0.0,0.0,0.0,0.0,5.28,7.5
2020-09-07,23.7,25.1,22.4,23.6,25.0,79,0.0,0.0,0.0,0.0,10.08,14.8
2020-09-08,23.5,24.8,22.4,23.8,25.2,71,0.0,0.0,0.0,0.0,7.22,10.7
2020-09-09,23.5,25.7,22.2,25.0,27.3,75,0.0,0.0,0.0,0.0,4.35,6.5
2020-09-10,21.7,23.2,20.5,22.7,25.1,74,0.0,0.0,0.0,0.0,4.34,6.6
2020-09-11,21.8,23.5,20.5,22.4,24.7,83,5.5,5.5,0.0,12.0,8.1,12.0
2020-09-12,21.9,23.1,20.3,22.3,23.9,80,8.3,8.3,0.0,11.0,7.42,11.2
2020-09-13,21.8,23.4,20.6,22.6,24.4,79,0.0,0.0,0.0,0.0,5.27,8.2
2020-09-14,22.4,23.8,21.2,24.0,26.1,75,0.4,0.4,0.0,2.0,4.24,6.0
2020-09-15,22.5,23.3,21.3,22.9,24.9,80,1.5,1.5,0.0,5.0,10.23,14.7
2020-09-16,22.0,23.1,21.3,20.4,22.8,69,4.4,4.4,0.0,4.0,10.56,16.4
2020-09-17,21.8,22.3,21.2,19.6,21.3,56,0.0,0.0,0.0,0.0,7.56,11.2
2020-09-18,21.7,23.6,19.8,21.2,22.5,64,0.0,0.0,0.0,0.0,5.7,9.6
2020-09-19,21.8,24.2,19.9,21.5,23.5,61,0.0,0.0,0.0,0.0,4.25,6.5
2020-09-20,20.7,22.4,18.8,18.8,21.2,51,0.0,0.0,0.0,0.0,4.75,7.9
2020-09-21,20.2,21.9,18.6,19.2,21.9,59,0.0,0.0,0.0,0.0,3.94,5.6
2020-09-22,21.0,22.6,19.8,21.3,23.3,71,0.0,0.0,0.0,0.0,3.89,5.7
2020-09-23,20.8,22.1,19.5,21.4,22.6,73,0.0,0.0,0.0,0.0,3.42,5.2
2020-09-24,20.3,21.4,19.1,20.5,21.4,71,1.3,1.3,0.0,5.0,3.74,5.6
2020-09-25,20.3,22.1,18.5,20.5,22.6,72,0.1,0.1,0.0,1.0,4.22,6.8
2020-09-26,20.7,23.0,18.9,21.6,25.1,75,0.0,0.0,0.0,0.0,4.6,6.8
2020-09-27,21.0,23.0,19.6,22.4,24.4,75,0.0,0.0,0.0,0.0,3.35,4.7
2020-09-28,21.3,23.0,19.9,21.9,23.3,77,0.0,0.0,0.0,0.0,4.02,6.1
2020-09-29,17.4,21.3,15.5,14.6,22.4,72,1.7,1.7,0.0,6.0,8.76,12.9
2020-09-30,16.9,18.8,15.4,12.5,14.7,52,0.0,0.0,0.0,0.0,7.95,12.6
2020-10-01,17.5,19.6,15.7,15.5,17.9,62,11.9,11.9,0.0,6.0,6.72,12.3
2020-10-02,18.8,20.0,17.2,17.1,18.7,65,8.3,8.3,0.0,3.0,6.76,11.9
2020-10-03,18.7,20.4,17.1,17.1,19.1,53,0.0,0.0,0.0,0.0,4.47,6.0
2020-10-04,15.3,18.9,12.9,10.1,16.7,54,0.3,0.3,0.0,1.0,10.54,16.0
2020-10-05,15.0,16.2,14.0,10.7,11.9,55,0.0,0.0,0.0,0.0,8.3,12.9
2020-10-06,16.9,18.9,14.1,14.1,16.1,51,0.0,0.0,0.0,0.0,4.83,7.4
2020-10-07,18.1,19.9,16.5,16.4,17.8,60,0.0,0.0,0.0,0.0,4.3,7.2
2020-10-08,18.0,19.6,16.7,18.0,20.1,71,0.0,0.0,0.0,0.0,2.6,5.6
2020-10-09,18.3,19.9,16.9,18.1,19.2,74,0.0,0.0,0.0,0.0,4.98,6.8
2020-10-10,17.9,19.5,16.2,17.3,18.6,67,0.0,0.0,0.0,0.0,3.22,5.1
2020-10-11,17.7,20.4,14.1,15.9,19.7,71,0.0,0.0,0.0,0.0,8.66,11.5
2020-10-12,14.0,15.5,12.7,9.3,11.2,49,0.0,0.0,0.0,0.0,8.96,13.0
2020-10-13,15.9,19.2,11.6,11.7,14.9,51,0.0,0.0,0.0,0.0,9.71,14.6
2020-10-14,11.2,12.2,10.3,6.4,9.2,37,0.0,0.0,0.0,0.0,7.96,13.4
2020-10-15,14.5,15.9,11.8,11.9,13.7,68,2.3,2.3,0.0,7.0,5.8,10.1
2020-10-16,14.7,16.3,13.2,12.2,14.2,62,2.1,2.1,0.0,6.0,5.64,8.1
2020-10-17,16.2,18.3,12.8,12.4,14.0,54,0.0,0.0,0.0,0.0,7.32,10.6
2020-10-18,16.8,19.0,15.3,14.9,17.2,68,0.0,0.0,0.0,0.0,6.35,8.9
2020-10-19,16.9,19.2,14.6,15.8,17.6,77,0.0,0.0,0.0,0.0,4.88,7.4
2020-10-20,17.6,18.7,16.4,15.0,16.1,68,0.0,0.0,0.0,0.0,8.3,11.9
2020-10-21,16.6,18.2,13.1,13.2,14.8,71,0.4,0.4,0.0,2.0,8.44,12.6
2020-10-22,11.2,12.9,9.9,5.5,8.2,48,0.0,0.0,0.0,0.0,8.77,13.2
2020-10-23,9.9,10.6,9.3,3.6,5.7,49,0.0,0.0,0.0,0.0,9.59,14.8
2020-10-24,13.4,16.2,9.4,10.3,12.3,57,0.0,0.0,0.0,0.0,5.24,7.8
2020-10-25,15.7,17.9,14.1,13.2,15.0,66,0.0,0.0,0.0,0.0,5.89,8.7
2020-10-26,15.6,17.7,13.8,14.4,16.4,79,0.0,0.0,0.0,0.0,4.14,6.1
2020-10-27,13.5,15.9,11.2,9.2,14.7,56,0.0,0.0,0.0,0.0,8.95,13.2
2020-10-28,12.8,15.2,11.2,9.3,11.6,48,0.0,0.0,0.0,0.0,4.9,7.6
2020-10-29,13.5,15.6,11.6,10.7,12.0,53,0.0,0.0,0.0,0.0,5.01,7.5
2020-10-30,13.5,15.7,11.9,11.7,13.9,67,0.0,0.0,0.0,0.0,4.2,5.9
2020-10-31,14.9,15.6,13.6,11.4,12.8,77,1.4,1.4,0.0,5.0,8.85,13.0
2020-11-01,14.1,15.4,12.2,10.4,13.1,51,0.0,0.0,0.0,0.0,6.72,10.1
2020-11-02,10.6,12.8,8.3,5.5,8.5,46,0.0,0.0,0.0,0.0,8.61,13.1
2020-11-03,7.2,8.5,6.3,1.2,2.6,44,0.0,0.0,0.0,0.0,8.32,13.2
2020-11-04,11.6,14.4,7.4,6.5,9.2,49,0.0,0.0,0.0,0.0,8.54,12.9
2020-11-05,14.6,15.5,13.7,10.9,12.6,67,0.0,0.0,0.0,0.0,8.4,12.9
2020-11-06,14.8,15.9,13.8,11.9,13.0,77,0.0,0.0,0.0,0.0,6.85,9.7
2020-11-07,14.2,15.4,11.9,9.9,11.7,59,0.0,0.0,0.0,0.0,10.3,14.8
2020-11-08,8.1,10.5,6.7,1.6,5.1,41,0.0,0.0,0.0,0.0,10.69,15.9
2020-11-09,10.0,11.5,7.8,6.0,7.9,49,0.0,0.0,0.0,0.0,5.57,8.3
2020-11-10,12.1,15.1,9.2,9.8,12.7,63,0.0,0.0,0.0,0.0,4.13,6.2
2020-11-11,13.8,15.3,12.0,10.6,11.7,70,0.0,0.0,0.0,0.0,8.02,10.9
2020-11-12,13.9,15.2,12.3,11.0,12.5,80,0.0,0.0,0.0,0.0,7.64,11.1
2020-11-13,10.7,12.7,8.4,6.3,8.8,54,0.0,0.0,0.0,0.0,7.15,10.3
2020-11-14,11.1,13.4,8.1,8.5,10.4,64,0.0,0.0,0.0,0.0,4.55,5.8
2020-11-15,13.5,15.1,11.8,11.7,13.2,85,0.0,0.0,0.0,0.0,5.45,8.4
2020-11-16,11.5,13.1,9.1,9.8,11.7,89,0.0,0.0,0.0,0.0,4.81,7.5
2020-11-17,13.7,14.8,12.7,12.0,13.3,87,2.2,2.2,0.0,4.0,5.31,8.4
2020-11-18,15.0,16.3,10.9,12.3,14.7,94,61.6,61.6,0.0,23.0,10.2,16.1
2020-11-19,4.4,8.7,2.4,-3.3,2.7,80,0.0,0.0,0.0,0.0,11.95,18.7
2020-11-20,2.9,4.1,2.2,-4.1,-2.8,61,0.0,0.0,0.0,0.0,10.21,16.6
2020-11-21,3.4,4.8,1.9,-2.5,-0.1,61,0.0,0.0,0.0,0.0,10.2,14.6
2020-11-22,1.3,1.8,0.4,-6.6,-4.9,64,0.0,0.0,0.0,0.0,10.9,16.5
2020-11-23,4.0,6.1,1.8,-0.6,1.4,60,0.0,0.0,0.0,0.0,6.75,9.7
2020-11-24,5.8,7.6,3.6,2.1,3.6,63,0.0,0.0,0.0,0.0,5.02,7.3
2020-11-25,6.8,8.4,3.8,1.4,3.1,59,0.0,0.0,0.0,0.0,7.71,11.4
2020-11-26,3.3,4.5,2.0,-3.3,-1.5,60,0.0,0.0,0.0,0.0,8.3,12.4
2020-11-27,1.1,1.8,0.2,-6.6,-5.2,61,0.0,0.0,0.0,0.0,10.12,15.8
2020-11-28,0.3,1.6,-0.8,-6.4,-5.6,59,0.0,0.0,0.0,0.0,8.91,13.7
2020-11-29,1.3,3.8,-0.1,-4.2,-2.1,58,0.0,0.0,0.0,0.0,5.85,10.0
2020-11-30,0.4,1.8,-0.6,-4.8,-3.4,61,0.0,0.0,0.0,0.0,5.68,8.5
2020-12-01,1.1,2.7,-0.6,-3.5,-1.3,55,0.0,0.0,0.0,0.0,4.96,8.2
2020-12-02,1.6,2.2,0.7,-3.3,-1.8,67,0.8,0.2,0.49,5.0,7.2,10.2
2020-12-03,0.6,1.8,-0.7,-5.5,-3.2,61,0.0,0.0,0.0,0.0,7.52,11.6
2020-12-04,2.5,3.7,1.6,-3.1,-1.3,60,0.0,0.0,0.0,0.0,7.4,11.7
2020-12-05,3.3,4.7,1.4,-2.8,-1.5,57,0.0,0.0,0.0,0.0,7.52,11.5
2020-12-06,5.2,7.0,3.1,0.2,2.3,66,1.0,1.0,0.0,4.0,6.81,10.0
2020-12-07,-0.3,2.6,-1.7,-6.6,-3.5,59,0.0,0.0,0.0,0.0,7.43,11.4
2020-12-08,1.8,3.4,-0.5,-3.2,-1.9,55,0.0,0.0,0.0,0.0,6.99,10.0
2020-12-09,5.4,6.7,3.4,-0.3,1.4,64,0.0,0.0,0.0,0.0,7.94,12.0
2020-12-10,5.7,7.1,4.1,0.5,2.0,66,0.0,0.0,0.0,0.0,7.77,10.6
2020-12-11,2.9,5.5,0.5,-2.0,0.9,64,0.0,0.0,0.0,0.0,5.55,8.6
2020-12-12,1.7,4.1,-0.3,-2.4,0.4,67,0.3,0.3,0.0,2.0,5.52,9.1
2020-12-13,-3.1,1.8,-4.7,-11.8,-4.2,66,2.4,0.0,1.96,6.0,12.08,18.9
2020-12-14,-4.2,-3.3,-5.0,-11.4,-9.9,55,0.2,0.0,0.56,2.0,9.24,14.6
2020-12-15,-5.8,-4.4,-7.6,-11.9,-10.3,62,0.0,0.0,0.0,0.0,6.08,10.1
2020-12-16,-4.4,-2.1,-6.1,-9.9,-5.9,59,0.0,0.0,0.0,0.0,6.05,10.4
2020-12-17,1.1,3.4,-1.3,-5.1,-3.8,57,0.0,0.0,0.0,0.0,8.86,13.9
2020-12-18,-3.1,-0.6,-4.5,-10.3,-6.0,56,0.0,0.0,0.0,0.0,9.08,14.2
2020-12-19,-1.1,1.2,-4.9,-7.1,-4.9,54,0.0,0.0,0.0,0.0,7.63,12.7
2020-12-20,0.2,2.8,-1.6,-4.1,-1.7,58,0.0,0.0,0.0,0.0,3.9,6.3
2020-12-21,2.7,4.6,0.1,-3.1,-1.6,57,0.0,0.0,0.0,0.0,7.33,11.1
2020-12-22,4.8,5.9,3.7,-0.6,0.7,66,0.0,0.0,0.0,0.0,6.76,10.2
2020-12-23,5.3,6.4,3.3,-0.5,0.9,70,0.0,0.0,0.0,0.0,8.25,11.6
2020-12-24,0.2,2.6,-1.4,-6.2,-4.5,53,0.0,0.0,0.0,0.0,7.94,11.3
2020-12-25,2.5,5.7,-0.2,-3.3,-0.8,55,0.0,0.0,0.0,0.0,8.51,12.5
2020-12-26,3.4,6.6,-0.8,-1.5,2.1,67,0.0,0.0,0.0,0.0,6.35,9.3
2020-12-27,3.2,5.9,-0.9,-0.9,2.6,87,0.0,0.0,0.0,0.0,6.97,9.9
2020-12-28,-2.0,0.2,-4.0,-8.5,-5.1,64,0.0,0.0,0.0,0.0,10.61,15.6
2020-12-29,-7.9,-4.5,-9.7,-17.6,-13.6,69,0.0,0.0,0.49,0.0,13.0,19.8
2020-12-30,-8.4,-4.8,-10.5,-17.0,-12.0,65,1.4,0.0,1.54,9.0,11.12,17.6
2020-12-31,-3.9,-1.7,-6.3,-10.5,-8.3,56,0.0,0.0,0.0,0.0,6.92,11.4
2021-01-01,-3.8,-1.7,-6.2,-10.0,-8.3,51,0.0,0.0,0.0,0.0,7.13,10.2
2021-01-02,-5.4,-3.0,-7.7,-10.7,-6.6,56,0.0,0.0,0.0,0.0,5.97,9.9
2021-01-03,-3.5,-1.1,-5.6,-8.6,-4.7,64,0.0,0.0,0.0,0.0,5.64,7.9
2021-01-04,-2.0,-0.1,-5.7,-7.2,-4.4,75,0.7,0.0,0.7,4.0,6.91,10.8
2021-01-05,-7.5,-6.1,-9.1,-13.8,-12.3,55,0.0,0.0,0.0,0.0,6.71,10.5
2021-01-06,-7.7,-3.6,-12.4,-15.8,-10.1,62,5.4,0.0,3.92,15.0,12.69,20.8
2021-01-07,-12.4,-9.7,-14.2,-20.7,-16.9,68,1.1,0.0,1.61,9.0,12.48,20.2
2021-01-08,-9.4,-7.5,-11.0,-16.5,-13.9,58,0.0,0.0,0.35,0.0,7.86,13.1
2021-01-09,-5.7,-3.3,-8.0,-12.4,-7.6,55,0.0,0.0,0.0,0.0,8.14,13.0
2021-01-10,-3.6,-2.6,-5.0,-9.9,-7.7,56,0.0,0.0,0.0,0.0,8.55,12.7
2021-01-11,-1.5,0.2,-3.5,-7.4,-6.3,55,0.1,0.0,0.28,1.0,7.41,10.3
2021-01-12,0.7,2.2,-1.2,-6.1,-3.6,57,0.0,0.0,0.0,0.0,9.58,13.5
2021-01-13,1.3,3.8,-1.8,-4.7,-1.9,61,0.0,0.0,0.0,0.0,7.48,11.8
2021-01-14,1.7,4.8,-1.3,-4.7,0.3,68,0.0,0.0,0.0,0.0,9.76,14.9
2021-01-15,-2.5,4.7,-8.2,-10.0,1.5,76,0.0,0.0,0.0,0.0,12.42,19.0
2021-01-16,-7.1,-5.2,-9.0,-14.0,-11.3,59,0.0,0.0,0.0,0.0,9.5,13.8
2021-01-17,-2.3,0.5,-4.7,-9.4,-5.6,50,0.0,0.0,0.0,0.0,9.12,12.9
2021-01-18,-4.5,0.4,-10.4,-11.6,-5.5,53,0.0,0.0,0.0,0.0,9.68,15.5
2021-01-19,-4.3,2.1,-10.4,-10.6,-4.8,65,0.0,0.0,0.0,0.0,8.41,11.9
2021-01-20,3.5,4.6,2.2,-1.8,0.6,86,0.0,0.0,0.0,0.0,8.75,12.2
2021-01-21,3.3,4.5,1.7,0.3,2.3,96,0.0,0.0,0.0,0.0,4.96,7.1
2021-01-22,-0.1,1.5,-1.7,-5.8,-3.1,78,0.0,0.0,0.0,0.0,7.61,11.1
2021-01-23,-0.0,3.3,-2.7,-4.5,-0.6,72,0.0,0.0,0.0,0.0,4.8,7.2
2021-01-24,1.4,4.5,-1.3,-1.9,1.4,80,0.0,0.0,0.0,0.0,3.72,4.2
2021-01-25,2.8,4.5,1.3,-0.4,1.5,96,2.7,2.7,0.0,5.0,4.31,5.2
2021-01-26,1.5,2.9,0.1,-3.1,-1.1,84,0.9,0.9,0.0,3.0,5.78,8.6
2021-01-27,1.7,4.1,-1.1,-3.9,-2.4,67,0.7,0.7,0.0,3.0,8.61,15.6
2021-01-28,-3.5,3.3,-5.6,-12.0,-2.7,56,4.4,1.3,2.24,7.0,12.62,20.3
2021-01-29,-3.7,1.2,-8.3,-9.1,-3.8,56,0.0,0.0,0.0,0.0,6.87,10.5
2021-01-30,-0.4,0.8,-1.3,-5.7,-4.1,70,0.0,0.0,0.0,0.0,6.82,10.1
2021-01-31,2.8,4.2,0.4,-1.8,-0.0,88,0.0,0.0,0.0,0.0,6.93,9.9
2021-02-01,-2.5,1.3,-6.9,-9.6,-3.5,68,0.0,0.0,0.0,0.0,11.72,17.1
2021-02-02,-5.9,-2.8,-9.2,-11.5,-8.3,54,0.0,0.0,0.07,0.0,7.07,11.0
2021-02-03,-0.9,2.6,-3.6,-6.5,-2.6,67,0.0,0.0,0.0,0.0,8.19,11.5
2021-02-04,0.2,3.9,-4.9,-6.0,-2.7,56,0.0,0.0,0.0,0.0,8.41,12.5
2021-02-05,3.9,5.3,3.0,-2.1,-0.6,69,0.0,0.0,0.0,0.0,8.73,12.4
2021-02-06,3.4,6.4,-0.2,-1.3,3.3,71,0.0,0.0,0.0,0.0,8.35,11.7
2021-02-07,-1.9,-0.7,-3.5,-9.4,-8.2,51,0.0,0.0,0.0,0.0,9.41,14.4
2021-02-08,-2.0,0.2,-4.1,-7.2,-5.3,50,0.0,0.0,0.0,0.0,5.96,9.5
2021-02-09,2.1,4.3,-1.1,-3.2,-1.2,72,0.0,0.0,0.0,0.0,6.47,10.2
2021-02-10,2.9,5.1,1.0,-1.6,0.3,78,0.0,0.0,0.0,0.0,6.62,9.6
2021-02-11,3.3,5.3,0.6,-1.1,1.5,86,0.0,0.0,0.0,0.0,7.52,10.6
2021-02-12,4.0,5.9,3.2,-0.1,2.4,90,0.0,0.0,0.0,0.0,6.67,10.3
2021-02-13,4.5,7.1,3.4,1.2,4.2,92,0.0,0.0,0.0,0.0,5.57,7.4
2021-02-14,1.3,4.2,-3.2,-3.7,1.7,90,3.1,2.0,0.77,9.0,12.18,17.2
2021-02-15,-3.8,-1.6,-5.0,-11.6,-7.0,55,0.0,0.0,0.0,0.0,12.02,18.4
2021-02-16,-3.9,-1.0,-6.1,-11.2,-5.7,56,1.4,0.0,0.98,5.0,10.12,15.5
2021-02-17,-6.5,-3.3,-8.9,-15.5,-11.7,51,0.0,0.0,0.0,0.0,11.13,17.5
2021-02-18,-2.5,1.1,-5.3,-9.2,-5.1,52,0.0,0.0,0.0,0.0,8.76,13.5
2021-02-19,4.3,5.8,1.6,-1.8,0.5,69,0.0,0.0,0.0,0.0,8.9,13.0
2021-02-20,5.2,7.9,2.2,0.2,2.7,66,0.0,0.0,0.0,0.0,6.51,10.1
2021-02-21,5.9,8.1,4.1,1.7,5.3,71,0.0,0.0,0.0,0.0,8.86,13.1
2021-02-22,0.9,3.6,-1.3,-6.8,-3.8,47,0.0,0.0,0.0,0.0,11.07,16.7
2021-02-23,-2.4,-1.2,-4.1,-8.6,-6.3,37,0.0,0.0,0.0,0.0,6.74,10.7
2021-02-24,-0.4,1.3,-2.4,-4.7,-2.3,56,0.0,0.0,0.0,0.0,3.42,6.1
2021-02-25,1.4,3.7,-0.2,-2.4,0.9,71,0.0,0.0,0.0,0.0,4.08,6.5
2021-02-26,2.3,6.1,-0.4,-1.8,3.4,63,0.0,0.0,0.0,0.0,4.53,6.0
2021-02-27,3.6,5.8,1.2,-0.1,2.5,76,0.0,0.0,0.0,0.0,5.74,8.2
2021-02-28,4.0,4.9,1.6,-0.1,2.0,90,9.0,8.9,0.07,14.0,8.52,10.7
2021-03-01,-1.4,0.7,-2.8,-9.7,-6.3,70,12.0,0.3,8.19,11.0,11.3,17.2
2021-03-02,-1.1,1.1,-3.7,-6.9,-3.0,58,0.0,0.0,0.0,0.0,8.8,12.4
2021-03-03,4.2,5.9,1.6,-1.7,0.9,75,0.0,0.0,0.0,0.0,9.01,13.5
2021-03-04,4.6,5.7,3.6,0.1,2.2,83,0.0,0.0,0.0,0.0,7.91,11.7
2021-03-05,2.4,5.2,-2.8,-4.2,1.3,72,0.0,0.0,0.0,0.0,10.92,16.1
2021-03-06,-2.6,0.1,-4.9,-10.7,-7.2,44,0.0,0.0,0.0,0.0,11.43,17.5
2021-03-07,-0.6,2.1,-3.2,-5.7,-2.6,54,0.0,0.0,0.0,0.0,6.5,8.8
2021-03-08,2.0,4.1,-0.5,-1.7,1.1,79,0.0,0.0,0.0,0.0,4.2,5.5
2021-03-09,4.5,7.0,2.2,0.6,3.9,81,0.0,0.0,0.0,0.0,4.84,6.8
2021-03-10,4.2,6.9,1.6,1.1,3.7,88,0.0,0.0,0.0,0.0,4.22,6.1
2021-03-11,5.6,6.6,4.5,2.4,4.1,79,0.0,0.0,0.0,0.0,4.92,6.9
2021-03-12,5.3,7.7,3.6,1.6,4.7,80,1.0,1.0,0.0,5.0,5.46,8.0
2021-03-13,5.1,7.5,2.8,1.9,5.2,83,0.8,0.8,0.0,3.0,5.28,7.0
2021-03-14,3.6,6.8,0.5,0.2,1.6,93,0.0,0.0,0.0,0.0,7.68,10.5
2021-03-15,5.9,6.6,4.6,1.2,2.7,85,6.3,6.3,0.0,10.0,9.33,13.2
2021-03-16,4.0,5.0,2.6,-1.7,-0.3,48,0.0,0.0,0.0,0.0,7.81,11.1
2021-03-17,4.7,7.4,1.9,0.7,5.2,60,0.0,0.0,0.0,0.0,4.79,6.4
2021-03-18,4.4,5.2,3.5,-0.2,0.8,64,0.2,0.2,0.0,1.0,7.01,9.6
2021-03-19,4.7,8.3,2.4,1.5,7.0,72,0.0,0.0,0.0,0.0,4.46,5.5
2021-03-20,3.5,5.5,1.5,-1.2,0.8,88,5.2,2.0,2.24,6.0,6.77,10.9
2021-03-21,4.4,5.8,3.6,-2.6,-0.2,54,0.0,0.0,0.0,0.0,10.91,16.2
2021-03-22,6.1,8.4,3.9,1.0,4.8,63,0.0,0.0,0.0,0.0,7.43,10.3
2021-03-23,8.3,9.7,7.3,3.0,5.3,61,0.0,0.0,0.0,0.0,8.32,11.9
2021-03-24,7.4,9.0,4.9,4.0,6.9,79,0.0,0.0,0.0,0.0,7.57,10.8
2021-03-25,6.7,9.2,4.6,3.8,7.0,82,0.0,0.0,0.0,0.0,4.26,6.5
2021-03-26,6.9,8.3,5.3,2.8,4.3,81,0.0,0.0,0.0,0.0,6.65,8.5
2021-03-27,6.3,7.4,5.8,2.6,3.8,91,5.3,5.3,0.0,11.0,6.58,9.6
2021-03-28,6.6,8.5,4.6,2.6,4.0,84,0.2,0.2,0.0,1.0,6.75,10.1
2021-03-29,7.1,9.0,5.9,3.1,4.9,61,0.0,0.0,0.0,0.0,4.69,8.7
2021-03-30,7.6,10.0,5.4,4.4,9.3,68,0.0,0.0,0.0,0.0,4.34,6.1
2021-03-31,7.9,10.0,6.3,4.7,8.1,69,0.0,0.0,0.0,0.0,4.75,6.4
2021-04-01,8.3,10.5,6.3,5.0,8.0,71,0.0,0.0,0.0,0.0,5.46,8.9
2021-04-02,8.4,9.1,7.7,5.4,6.4,81,5.1,5.1,0.0,6.0,4.69,7.7
2021-04-03,8.2,10.0,6.6,1.9,4.3,67,12.9,12.9,0.0,12.0,10.41,14.9
2021-04-04,7.9,9.7,6.5,2.2,5.1,51,0.0,0.0,0.0,0.0,9.06,13.8
2021-04-05,8.7,11.2,6.4,5.5,9.4,69,0.0,0.0,0.0,0.0,5.38,7.1
2021-04-06,10.4,13.3,7.9,6.5,9.8,61,0.0,0.0,0.0,0.0,6.0,8.1
2021-04-07,9.1,11.1,7.2,4.6,7.0,57,0.0,0.0,0.0,0.0,7.43,10.0
2021-04-08,8.8,11.2,5.9,4.8,7.8,55,0.0,0.0,0.0,0.0,6.26,9.0
2021-04-09,8.0,9.0,7.3,4.2,6.2,57,0.1,0.1,0.0,1.0,4.95,6.9
2021-04-10,9.4,11.3,7.4,5.4,7.3,67,0.1,0.1,0.0,1.0,7.37,10.3
2021-04-11,9.8,10.8,9.3,5.5,6.4,78,0.0,0.0,0.0,0.0,8.1,11.4
2021-04-12,8.4,9.3,7.6,4.3,6.0,88,11.5,11.5,0.0,12.0,9.9,11.6
2021-04-13,6.4,8.2,5.3,-0.1,1.6,51,0.0,0.0,0.0,0.0,11.4,15.8
2021-04-14,8.7,10.7,5.7,4.5,8.2,67,0.0,0.0,0.0,0.0,7.02,11.2
2021-04-15,9.9,11.2,8.7,4.1,7.2,65,1.7,1.7,0.0,2.0,10.69,19.9
2021-04-16,10.0,11.5,8.7,4.6,7.2,57,0.0,0.0,0.0,0.0,9.51,15.7
2021-04-17,9.2,10.5,7.7,4.0,5.3,57,0.0,0.0,0.0,0.0,9.76,13.6
2021-04-18,10.0,12.4,7.0,6.8,10.2,65,0.0,0.0,0.0,0.0,6.31,9.1
2021-04-19,12.2,13.4,11.0,8.2,10.0,62,0.0,0.0,0.0,0.0,7.61,10.9
2021-04-20,10.7,12.2,9.2,8.5,10.3,78,0.0,0.0,0.0,0.0,4.33,6.4
2021-04-21,10.6,12.1,9.0,8.1,9.9,76,0.0,0.0,0.0,0.0,5.33,9.6
2021-04-22,10.4,11.4,9.8,6.7,7.3,81,10.2,10.2,0.0,13.0,8.53,14.2
2021-04-23,10.6,11.2,10.3,5.5,7.8,87,20.1,20.1,0.0,18.0,11.6,17.0
2021-04-24,12.4,14.4,10.8,9.9,15.3,80,1.6,1.6,0.0,5.0,8.11,12.0
2021-04-25,11.7,13.3,9.4,8.8,12.9,65,0.0,0.0,0.0,0.0,7.75,10.0
2021-04-26,10.5,12.6,8.8,8.5,11.6,77,2.8,2.8,0.0,6.0,4.39,6.4
2021-04-27,11.0,12.0,9.9,8.3,10.2,88,2.1,2.1,0.0,7.0,7.35,7.7
2021-04-28,12.3,14.4,10.9,8.7,12.1,60,0.0,0.0,0.0,0.0,7.13,9.5
2021-04-29,10.3,11.3,9.8,6.6,7.7,87,1.7,1.7,0.0,3.0,7.96,11.8
2021-04-30,9.6,11.4,8.4,5.8,9.2,73,0.0,0.0,0.0,0.0,7.71,10.2
2021-05-01,10.3,11.6,8.5,6.6,9.8,73,0.2,0.2,0.0,1.0,7.55,9.8
2021-05-02,11.6,13.9,10.0,8.2,12.6,65,0.0,0.0,0.0,0.0,7.43,9.9
2021-05-03,11.8,13.3,10.5,7.9,10.2,67,1.0,1.0,0.0,2.0,8.05,12.2
2021-05-04,11.9,14.2,10.4,10.6,15.7,85,5.4,5.4,0.0,6.0,6.08,7.3
2021-05-05,13.9,15.4,11.9,8.6,11.2,53,0.0,0.0,0.0,0.0,9.66,13.0
2021-05-06,15.2,16.1,14.2,10.0,12.2,63,0.2,0.2,0.0,1.0,11.6,18.8
2021-05-07,13.7,15.6,11.6,8.6,11.0,60,0.0,0.0,0.0,0.0,10.53,14.9
2021-05-08,14.1,15.2,11.8,9.2,11.0,56,0.0,0.0,0.0,0.0,10.44,15.4
2021-05-09,13.8,16.9,11.4,11.9,17.6,64,0.1,0.1,0.0,1.0,4.93,7.2
2021-05-10,12.6,13.7,10.9,10.3,12.8,78,2.9,2.9,0.0,5.0,6.87,9.9
2021-05-11,13.0,15.0,10.5,11.6,14.7,80,0.0,0.0,0.0,0.0,4.41,6.8
2021-05-12,13.7,14.8,12.9,12.6,13.8,88,0.0,0.0,0.0,0.0,4.56,6.8
2021-05-13,14.3,15.7,13.5,13.2,15.5,87,0.0,0.0,0.0,0.0,4.2,6.0
2021-05-14,15.2,16.4,13.8,14.0,15.4,85,0.0,0.0,0.0,0.0,6.05,8.6
2021-05-15,14.6,15.6,13.4,12.4,13.9,87,1.5,1.5,0.0,5.0,8.44,11.9
2021-05-16,15.8,16.9,14.6,11.9,13.9,61,0.0,0.0,0.0,0.0,7.91,11.2
2021-05-17,16.7,19.5,14.5,14.6,19.2,64,0.0,0.0,0.0,0.0,6.19,8.5
2021-05-18,17.5,19.3,15.6,15.0,17.4,62,0.0,0.0,0.0,0.0,7.1,9.7
2021-05-19,17.7,19.2,16.1,15.5,19.7,70,0.0,0.0,0.0,0.0,7.39,10.5
2021-05-20,16.1,16.8,15.3,13.7,14.6,70,0.2,0.2,0.0,1.0,6.94,9.2
2021-05-21,16.2,18.7,14.3,15.0,18.8,80,2.2,2.2,0.0,3.0,5.64,10.0
2021-05-22,17.9,19.4,16.2,16.9,20.5,79,0.0,0.0,0.0,0.0,7.27,10.3
2021-05-23,15.8,18.3,13.4,13.5,15.7,79,8.0,8.0,0.0,9.0,11.07,15.7
2021-05-24,16.1,19.2,13.6,14.0,18.3,69,0.1,0.1,0.0,1.0,10.65,7.3
2021-05-25,15.9,17.5,14.5,12.2,15.2,58,0.1,0.1,0.0,1.0,10.03,13.3
2021-05-26,17.4,20.0,15.8,15.6,20.1,72,1.6,1.6,0.0,3.0,9.01,14.2
2021-05-27,16.1,18.0,14.1,14.3,17.9,80,1.6,1.6,0.0,2.0,8.96,13.8
2021-05-28,16.7,19.2,15.0,13.9,15.8,75,0.0,0.0,0.0,0.0,10.46,15.5
2021-05-29,15.4,16.8,13.5,13.7,15.5,77,1.7,1.7,0.0,4.0,7.14,9.3
2021-05-30,14.4,15.6,13.1,12.9,14.5,86,0.1,0.1,0.0,1.0,6.4,9.1
2021-05-31,15.4,16.6,13.8,14.2,16.2,86,3.7,3.7,0.0,4.0,7.17,10.6
2021-06-01,17.0,18.2,16.1,17.0,19.9,91,1.6,1.6,0.0,4.0,6.02,8.6
2021-06-02,17.7,19.5,16.0,15.2,17.6,85,1.5,1.5,0.0,2.0,10.4,15.4
2021-06-03,17.3,18.7,16.2,16.3,17.9,82,12.9,12.9,0.0,4.0,6.61,9.4
2021-06-04,18.0,19.2,17.0,15.7,18.0,67,0.0,0.0,0.0,0.0,8.59,12.1
2021-06-05,18.8,20.5,16.7,17.5,21.2,66,0.0,0.0,0.0,0.0,6.45,9.2
2021-06-06,19.4,23.7,17.0,19.6,25.7,72,0.0,0.0,0.0,0.0,4.5,6.5
2021-06-07,16.8,17.4,15.7,15.1,16.5,88,8.3,8.3,0.0,7.0,8.14,13.6
2021-06-08,17.1,17.8,16.5,15.7,17.1,90,1.0,1.0,0.0,3.0,8.13,14.8
2021-06-09,17.6,18.3,16.9,16.7,17.5,93,15.2,15.2,0.0,4.0,6.69,9.6
2021-06-10,17.9,18.5,17.6,18.8,19.8,96,3.4,3.4,0.0,6.0,4.99,7.5
2021-06-11,18.5,20.4,17.1,19.9,23.5,92,0.0,0.0,0.0,0.0,4.43,6.2
2021-06-12,18.2,19.1,17.1,18.3,20.6,90,0.0,0.0,0.0,0.0,5.34,7.3
2021-06-13,18.2,19.0,17.3,18.1,20.1,86,0.0,0.0,0.0,0.0,5.59,8.1
2021-06-14,18.0,18.8,17.5,17.4,18.4,89,0.0,0.0,0.0,0.0,6.69,9.1
2021-06-15,18.3,19.2,17.2,18.6,20.2,90,0.1,0.1,0.0,1.0,7.35,9.9
2021-06-16,19.1,20.3,18.0,19.9,23.3,88,0.0,0.0,0.0,0.0,5.47,8.6
2021-06-17,18.8,19.3,18.0,19.6,21.0,92,7.2,7.2,0.0,13.0,4.79,5.7
2021-06-18,20.9,23.5,18.1,21.7,26.5,77,0.0,0.0,0.0,0.0,5.74,8.5
2021-06-19,22.2,24.2,19.9,21.8,25.3,65,0.0,0.0,0.0,0.0,7.8,10.9
2021-06-20,22.1,24.4,20.1,22.6,26.7,65,0.0,0.0,0.0,0.0,7.35,9.9
2021-06-21,21.2,22.4,19.7,22.3,24.0,74,0.0,0.0,0.0,0.0,4.33,5.8
2021-06-22,21.9,24.4,19.7,23.0,27.4,74,0.0,0.0,0.0,0.0,4.74,6.4
2021-06-23,21.9,24.5,20.2,23.5,28.8,77,0.0,0.0,0.0,0.0,4.81,6.4
2021-06-24,21.3,23.3,19.6,23.1,25.2,82,0.0,0.0,0.0,0.0,4.57,6.5
2021-06-25,20.7,21.5,20.3,20.8,22.5,89,7.7,7.7,0.0,14.0,8.77,12.8
2021-06-26,22.0,22.7,21.3,22.0,23.8,85,0.0,0.0,0.0,0.0,9.04,13.1
2021-06-27,21.3,21.7,20.8,22.2,23.4,92,12.9,12.9,0.0,20.0,7.43,10.0
2021-06-28,21.3,22.4,20.3,24.2,25.9,92,4.1,4.1,0.0,6.0,3.93,5.9
2021-06-29,21.4,22.6,20.4,24.4,26.3,93,0.0,0.0,0.0,0.0,3.83,5.9
2021-06-30,21.6,22.5,20.6,23.9,24.7,91,24.9,24.9,0.0,10.0,5.46,7.5
2021-07-01,22.4,23.6,21.4,24.9,27.8,89,0.2,0.2,0.0,1.0,5.55,7.5
2021-07-02,22.4,23.5,21.8,24.6,27.1,89,0.3,0.3,0.0,1.0,5.73,8.3
2021-07-03,21.4,22.0,21.0,22.1,23.9,92,26.1,26.1,0.0,12.0,8.59,11.6
2021-07-04,22.1,24.2,20.5,24.1,27.3,83,0.0,0.0,0.0,0.0,7.84,9.8
2021-07-05,22.6,24.1,21.2,25.7,28.1,90,0.0,0.0,0.0,0.0,4.03,5.9
2021-07-06,22.4,23.1,21.7,24.8,26.1,90,0.0,0.0,0.0,0.0,4.58,7.4
2021-07-07,22.7,24.2,21.9,25.4,27.9,90,0.0,0.0,0.0,0.0,4.88,7.1
2021-07-08,22.7,24.3,21.8,25.8,28.1,92,0.0,0.0,0.0,0.0,4.66,6.3
2021-07-09,23.1,24.4,22.1,26.5,28.7,91,0.9,0.9,0.0,2.0,4.8,7.8
2021-07-10,23.5,24.7,22.3,26.8,29.3,89,0.4,0.4,0.0,2.0,5.12,8.1
2021-07-11,23.7,24.8,23.1,26.8,29.2,93,8.1,8.1,0.0,3.0,6.16,8.1
2021-07-12,23.8,24.1,23.2,24.7,25.9,92,0.3,0.3,0.0,1.0,10.04,14.0
2021-07-13,24.4,24.8,23.9,25.2,26.2,91,40.6,40.6,0.0,18.0,10.18,14.4
2021-07-14,24.3,25.0,23.6,26.5,28.1,92,46.0,46.0,0.0,18.0,11.65,15.7
2021-07-15,24.1,24.8,23.4,26.9,28.9,92,2.0,2.0,0.0,4.0,6.86,9.7
2021-07-16,24.2,25.1,23.5,26.1,27.3,91,0.2,0.2,0.0,1.0,8.16,11.2
2021-07-17,24.0,25.4,23.1,27.3,29.7,92,0.0,0.0,0.0,0.0,5.84,8.2
2021-07-18,24.1,25.4,22.9,28.2,30.6,91,0.0,0.0,0.0,0.0,3.26,5.5
2021-07-19,24.5,25.6,23.7,28.2,29.7,91,0.0,0.0,0.0,0.0,5.28,6.6
2021-07-20,25.2,26.2,24.1,29.0,31.1,91,0.0,0.0,0.0,0.0,5.45,7.7
2021-07-21,25.6,26.8,24.6,30.3,32.5,90,0.0,0.0,0.0,0.0,3.96,5.7
2021-07-22,26.2,28.2,24.3,31.7,34.8,86,0.0,0.0,0.0,0.0,1.84,4.2
2021-07-23,26.6,28.2,25.2,32.2,34.3,87,0.0,0.0,0.0,0.0,2.46,3.7
2021-07-24,26.7,28.8,24.9,32.0,35.0,85,0.0,0.0,0.0,0.0,3.54,5.1
2021-07-25,27.1,28.7,25.6,32.3,35.4,87,0.0,0.0,0.0,0.0,5.08,6.5
2021-07-26,27.3,28.4,26.2,32.1,34.4,86,0.0,0.0,0.0,0.0,5.68,7.3
2021-07-27,27.4,28.9,26.0,32.8,34.5,85,0.0,0.0,0.0,0.0,3.51,6.4
2021-07-28,27.9,29.8,25.9,33.8,36.3,84,0.0,0.0,0.0,0.0,3.18,4.0
2021-07-29,27.3,28.2,26.5,31.8,33.7,85,0.4,0.4,0.0,2.0,9.72,12.7
2021-07-30,26.3,27.4,25.3,28.6,30.2,85,9.4,9.4,0.0,15.0,10.12,15.1
2021-07-31,26.0,27.1,25.2,29.2,31.2,86,4.9,4.9,0.0,12.0,7.44,10.4
2021-08-01,25.7,27.2,24.5,30.5,33.9,89,1.4,1.4,0.0,6.0,3.88,9.3
2021-08-02,25.1,26.4,24.0,29.4,32.2,87,2.5,2.5,0.0,9.0,4.04,6.8
2021-08-03,25.4,27.0,24.1,29.4,31.7,81,1.2,1.2,0.0,3.0,3.23,4.9
2021-08-04,26.1,27.5,24.8,30.3,32.4,86,0.0,0.0,0.0,0.0,4.46,5.8
2021-08-05,26.3,26.9,25.5,30.6,31.8,88,0.6,0.6,0.0,1.0,4.79,8.0
2021-08-06,25.4,26.9,23.2,28.9,31.4,86,6.1,6.1,0.0,7.0,5.2,9.0
2021-08-07,25.9,27.7,24.5,30.9,33.4,84,0.0,0.0,0.0,0.0,2.56,4.5
2021-08-08,26.6,28.9,25.0,31.0,35.0,82,0.0,0.0,0.0,0.0,4.18,6.1
2021-08-09,26.2,27.9,25.2,30.8,32.8,84,0.0,0.0,0.0,0.0,3.06,4.5
2021-08-10,26.5,28.5,24.8,30.5,33.4,78,0.0,0.0,0.0,0.0,3.67,5.7
2021-08-11,25.8,27.7,24.4,29.3,32.8,81,0.5,0.5,0.0,1.0,4.7,7.1
2021-08-12,24.7,26.2,23.6,26.0,28.7,71,0.0,0.0,0.0,0.0,5.24,8.4
2021-08-13,24.5,26.7,22.6,25.5,29.0,71,0.0,0.0,0.0,0.0,5.49,8.7
2021-08-14,24.6,27.1,22.2,26.1,30.1,71,0.0,0.0,0.0,0.0,6.38,9.4
2021-08-15,25.2,26.7,23.7,28.4,30.0,78,0.0,0.0,0.0,0.0,3.69,5.9
2021-08-16,25.1,26.0,23.9,28.9,30.1,82,4.1,4.1,0.0,13.0,2.78,5.7
2021-08-17,24.1,25.3,23.0,26.1,28.5,80,3.2,3.2,0.0,10.0,6.36,8.9
2021-08-18,24.1,25.3,22.3,26.2,28.4,81,0.1,0.1,0.0,1.0,4.93,7.5
2021-08-19,25.2,25.8,24.4,27.3,28.1,81,0.9,0.9,0.0,5.0,7.18,10.1
2021-08-20,24.3,25.3,23.7,27.3,28.0,86,7.3,7.3,0.0,23.0,6.71,9.6
2021-08-21,24.4,26.2,22.9,26.1,28.2,79,0.0,0.0,0.0,0.0,6.79,10.4
2021-08-22,25.6,26.9,23.9,27.9,29.6,79,0.0,0.0,0.0,0.0,7.19,10.2
2021-08-23,25.6,26.2,24.7,28.0,29.2,87,0.1,0.1,0.0,1.0,7.62,11.0
2021-08-24,24.3,25.3,23.6,26.1,28.1,84,2.2,2.2,0.0,10.0,7.65,11.9
2021-08-25,25.0,26.5,23.8,26.6,28.3,78,0.0,0.0,0.0,0.0,7.92,10.5
2021-08-26,25.0,26.7,23.5,26.6,29.0,73,0.0,0.0,0.0,0.0,5.91,9.2
2021-08-27,25.1,26.8,23.9,26.1,27.5,74,0.0,0.0,0.0,0.0,6.89,9.8
2021-08-28,25.2,27.1,23.8,27.4,29.2,76,0.0,0.0,0.0,0.0,6.37,8.6
2021-08-29,24.5,26.4,23.1,26.9,28.9,81,0.3,0.3,0.0,2.0,5.85,7.5
2021-08-30,23.9,25.4,22.2,26.7,27.9,79,0.0,0.0,0.0,0.0,3.57,6.1
2021-08-31,22.6,23.7,21.1,23.6,27.4,79,18.0,18.0,0.0,12.0,7.05,11.1
2021-09-01,23.9,26.5,21.3,25.7,28.7,74,0.0,0.0,0.0,0.0,4.7,7.9
2021-09-02,23.9,25.7,22.4,26.9,29.2,79,0.0,0.0,0.0,0.0,3.04,4.6
2021-09-03,23.6,24.9,22.3,26.5,28.0,80,0.0,0.0,0.0,0.0,3.44,5.9
2021-09-04,24.1,24.9,23.5,26.3,27.6,83,0.5,0.5,0.0,4.0,5.6,7.9
2021-09-05,24.0,24.7,23.4,24.3,25.1,77,0.0,0.0,0.0,0.0,8.2,12.4
2021-09-06,22.3,23.6,21.1,21.1,23.9,83,25.1,25.1,0.0,21.0,11.52,16.7
2021-09-07,21.7,23.8,20.2,20.9,23.7,76,0.6,0.6,0.0,3.0,9.65,15.8
2021-09-08,22.6,24.3,20.1,23.2,25.6,75,0.0,0.0,0.0,0.0,6.1,8.5
2021-09-09,23.7,24.4,22.5,24.8,27.0,82,0.0,0.0,0.0,0.0,6.93,10.9
2021-09-10,23.9,25.7,22.2,26.7,29.6,87,1.3,1.3,0.0,3.0,6.5,10.9
2021-09-11,23.2,24.7,21.5,25.1,28.3,89,7.3,7.3,0.0,4.0,8.01,10.1
2021-09-12,22.6,23.3,21.5,22.9,25.2,75,0.0,0.0,0.0,0.0,6.7,9.9
2021-09-13,23.0,24.5,21.5,24.8,26.4,75,0.0,0.0,0.0,0.0,3.69,5.8
2021-09-14,23.3,25.6,21.7,23.4,26.0,71,0.0,0.0,0.0,0.0,6.94,10.6
2021-09-15,22.7,24.9,20.2,23.6,27.8,76,0.0,0.0,0.0,0.0,5.82,8.2
2021-09-16,23.2,24.5,22.1,25.4,27.5,78,0.0,0.0,0.0,0.0,4.48,6.7
2021-09-17,22.2,24.3,20.3,22.8,25.5,77,2.7,2.7,0.0,4.0,6.09,9.0
2021-09-18,22.5,24.4,20.3,24.4,27.4,74,0.0,0.0,0.0,0.0,4.2,6.3
2021-09-19,21.7,22.8,20.7,22.9,26.1,80,13.9,13.9,0.0,18.0,9.77,12.9
2021-09-20,22.3,23.5,21.0,20.1,22.3,88,87.1,87.1,0.0,20.0,16.09,24.3
2021-09-21,20.9,22.1,19.8,18.3,20.5,72,0.1,0.1,0.0,1.0,12.73,19.8
2021-09-22,21.3,23.6,19.5,20.7,23.0,69,0.0,0.0,0.0,0.0,6.21,10.0
2021-09-23,21.1,23.1,19.5,22.0,23.4,72,0.0,0.0,0.0,0.0,3.93,6.2
2021-09-24,21.3,22.3,19.7,21.9,23.3,82,0.0,0.0,0.0,0.0,7.1,9.9
2021-09-25,21.9,22.6,21.0,22.5,23.4,84,0.9,0.9,0.0,6.0,7.13,9.9
2021-09-26,21.7,22.2,21.3,22.7,23.7,87,1.1,1.1,0.0,8.0,5.73,8.9
2021-09-27,20.9,21.7,20.2,21.9,23.3,88,17.5,17.5,0.0,13.0,6.72,8.7
2021-09-28,21.0,22.0,20.2,21.9,23.5,84,0.0,0.0,0.0,0.0,6.07,9.0
2021-09-29,20.9,22.7,19.3,21.8,22.8,83,0.0,0.0,0.0,0.0,5.73,8.1
2021-09-30,20.5,22.6,18.1,21.9,24.6,81,1.9,1.9,0.0,1.0,4.53,6.1
2021-10-01,19.7,21.3,17.4,19.0,21.3,77,3.5,3.5,0.0,6.0,6.7,10.0
2021-10-02,19.9,22.6,16.8,19.1,23.1,73,0.0,0.0,0.0,0.0,7.8,11.0
2021-10-03,22.6,23.8,21.8,23.2,24.8,89,9.4,9.4,0.0,7.0,9.43,12.8
2021-10-04,18.2,22.3,15.6,15.1,25.8,74,10.9,10.9,0.0,7.0,11.52,18.5
2021-10-05,15.4,16.8,13.7,10.8,11.8,67,3.5,3.5,0.0,8.0,9.85,14.5
2021-10-06,14.2,16.2,13.1,11.0,11.7,76,8.9,8.9,0.0,17.0,7.93,11.8
2021-10-07,15.5,17.4,13.9,12.1,14.2,71,2.1,2.1,0.0,5.0,8.25,12.2
2021-10-08,17.1,19.1,15.5,16.0,18.9,70,0.0,0.0,0.0,0.0,5.28,7.9
2021-10-09,19.0,20.6,17.0,19.3,21.4,89,11.7,11.7,0.0,19.0,6.82,11.0
2021-10-10,16.3,18.2,15.0,11.8,17.1,61,0.1,0.1,0.0,1.0,9.7,14.3
2021-10-11,15.1,16.4,13.3,10.7,12.3,50,0.0,0.0,0.0,0.0,7.01,9.7
2021-10-12,16.2,19.5,12.7,14.6,18.5,69,0.0,0.0,0.0,0.0,4.56,7.7
2021-10-13,18.8,20.5,17.3,18.9,20.1,77,0.2,0.2,0.0,1.0,4.7,7.2
2021-10-14,17.7,18.7,16.4,16.9,18.9,77,0.0,0.0,0.0,0.0,5.42,8.0
2021-10-15,16.4,19.1,11.4,12.6,16.3,59,0.0,0.0,0.0,0.0,12.54,19.3
2021-10-16,8.1,10.7,7.0,-0.3,1.8,49,0.0,0.0,0.0,0.0,12.96,20.3
2021-10-17,10.6,13.6,6.6,5.4,8.1,47,0.0,0.0,0.0,0.0,8.05,12.0
2021-10-18,14.0,15.4,10.3,9.3,12.3,57,0.3,0.3,0.0,1.0,10.14,15.0
2021-10-19,8.6,9.8,7.4,1.7,3.4,54,0.4,0.4,0.0,2.0,11.18,17.2
2021-10-20,10.6,13.6,7.4,7.1,9.9,53,0.0,0.0,0.0,0.0,4.27,6.9
2021-10-21,13.2,15.0,11.2,10.0,11.6,53,0.0,0.0,0.0,0.0,4.25,7.1
2021-10-22,12.1,13.9,11.0,7.8,9.6,60,0.2,0.2,0.0,1.0,8.22,11.6
2021-10-23,12.6,15.2,10.4,9.9,12.6,55,0.0,0.0,0.0,0.0,3.9,6.5
2021-10-24,13.5,15.4,12.1,11.1,12.8,63,0.0,0.0,0.0,0.0,3.48,5.9
2021-10-25,15.2,17.1,12.6,12.6,14.2,70,0.0,0.0,0.0,0.0,5.97,8.4
2021-10-26,15.7,17.2,13.8,12.7,14.5,72,0.0,0.0,0.0,0.0,6.95,10.0
2021-10-27,14.2,16.7,11.8,11.1,13.7,65,0.0,0.0,0.0,0.0,5.7,8.8
2021-10-28,14.9,17.1,12.8,14.0,16.1,79,0.0,0.0,0.0,0.0,4.0,5.7
2021-10-29,15.1,17.1,14.1,14.5,16.1,80,0.0,0.0,0.0,0.0,3.2,4.8
2021-10-30,15.1,16.8,13.9,14.9,16.3,83,1.4,1.4,0.0,4.0,3.13,5.3
2021-10-31,11.7,14.6,8.5,8.6,15.5,88,0.2,0.2,0.0,1.0,8.7,12.6
2021-11-01,8.7,10.4,7.5,2.7,4.1,58,0.0,0.0,0.0,0.0,8.4,12.3
2021-11-02,10.7,13.2,7.9,7.4,11.2,61,0.8,0.8,0.0,2.0,6.2,8.5
2021-11-03,14.3,15.5,12.9,11.8,13.2,79,0.2,0.2,0.0,2.0,6.09,8.8
2021-11-04,15.1,16.8,13.4,13.8,15.2,85,0.0,0.0,0.0,0.0,5.66,7.8
2021-11-05,15.7,16.9,14.6,14.5,16.1,87,0.0,0.0,0.0,0.0,6.31,9.2
2021-11-06,13.5,16.4,6.8,11.2,16.2,85,0.4,0.4,0.0,1.0,10.16,14.4
2021-11-07,5.3,6.7,2.6,-1.3,0.4,82,16.2,14.4,1.26,9.0,13.9,22.2
2021-11-08,3.8,6.1,2.2,-4.4,-0.9,76,9.7,3.4,4.41,21.0,13.8,21.8
2021-11-09,6.8,7.9,6.0,-0.2,1.7,56,1.1,1.1,0.0,8.0,10.44,15.9
2021-11-10,8.6,10.0,7.1,2.5,6.0,58,0.1,0.1,0.0,1.0,10.13,16.0
2021-11-11,8.0,9.3,7.3,1.2,2.8,51,0.0,0.0,0.0,0.0,9.95,15.5
2021-11-12,8.5,10.4,6.7,3.2,6.6,51,0.0,0.0,0.0,0.0,7.98,12.5
2021-11-13,11.7,13.4,9.6,7.6,8.5,70,0.0,0.0,0.0,0.0,8.27,11.7
2021-11-14,10.1,12.5,8.2,7.2,9.0,66,0.0,0.0,0.0,0.0,4.59,6.3
2021-11-15,8.2,9.8,6.5,3.8,6.3,62,0.0,0.0,0.0,0.0,6.17,9.3
2021-11-16,7.8,10.0,5.9,4.2,6.9,56,0.0,0.0,0.0,0.0,4.24,6.2
2021-11-17,10.9,12.9,8.2,7.5,9.1,78,0.0,0.0,0.0,0.0,7.28,11.0
2021-11-18,11.6,13.2,9.6,9.2,11.0,85,0.0,0.0,0.0,0.0,5.68,8.0
2021-11-19,7.0,11.2,5.4,1.5,7.6,52,0.0,0.0,0.0,0.0,9.77,14.6
2021-11-20,6.8,8.0,6.1,3.1,4.6,69,3.0,3.0,0.0,12.0,5.19,8.1
2021-11-21,6.3,8.6,5.1,1.1,5.2,80,10.3,10.3,0.0,15.0,9.2,14.0
2021-11-22,3.0,5.6,1.7,-4.9,-2.5,56,1.6,1.3,0.21,8.0,12.1,18.6
2021-11-23,3.3,5.4,1.7,-3.2,-0.3,51,0.0,0.0,0.0,0.0,9.04,13.8
2021-11-24,7.4,10.0,5.2,2.8,5.1,66,0.0,0.0,0.0,0.0,7.84,11.1
2021-11-25,4.7,6.0,2.6,0.6,2.6,55,0.0,0.0,0.0,0.0,6.54,9.8
2021-11-26,4.8,6.8,2.5,-0.1,2.9,62,0.0,0.0,0.0,0.0,7.34,12.1
2021-11-27,6.2,9.4,2.4,2.0,5.0,61,0.0,0.0,0.0,0.0,5.61,8.5
2021-11-28,10.2,11.2,9.2,6.4,8.2,79,0.0,0.0,0.0,0.0,7.38,10.5
2021-11-29,8.0,10.7,4.0,4.5,8.2,84,1.4,1.4,0.0,5.0,7.37,10.8
2021-11-30,2.8,3.4,2.1,-5.2,-2.8,72,2.9,1.5,0.98,8.0,12.59,19.6
2021-12-01,3.1,4.3,2.1,-4.1,-1.0,51,0.0,0.0,0.0,0.0,11.58,17.5
2021-12-02,7.0,8.3,5.2,0.0,1.7,57,0.0,0.0,0.0,0.0,10.88,16.5
2021-12-03,4.4,6.4,1.8,-1.3,2.9,52,0.0,0.0,0.0,0.0,11.6,18.1
2021-12-04,6.0,7.8,3.7,1.4,3.1,61,0.0,0.0,0.0,0.0,6.72,9.7
2021-12-05,9.7,11.1,8.1,4.8,6.3,73,0.0,0.0,0.0,0.0,8.16,11.8
2021-12-06,7.3,10.0,3.6,1.7,6.2,67,0.0,0.0,0.0,0.0,9.37,13.8
2021-12-07,4.4,6.8,2.2,-0.8,2.5,56,0.0,0.0,0.0,0.0,7.18,11.0
2021-12-08,7.5,9.2,6.1,4.3,6.0,73,0.0,0.0,0.0,0.0,3.45,5.6
2021-12-09,8.7,9.9,7.1,5.6,7.2,81,0.9,0.9,0.0,6.0,5.46,8.3
2021-12-10,6.2,7.6,4.0,1.9,4.0,76,0.0,0.0,0.0,0.0,5.73,9.0
2021-12-11,5.4,7.6,3.2,1.3,3.8,72,0.0,0.0,0.0,0.0,6.8,9.0
2021-12-12,0.7,5.2,-0.6,-6.8,-1.8,52,0.0,0.0,0.0,0.0,10.25,15.5
2021-12-13,2.9,5.1,0.4,-3.2,-1.6,53,0.0,0.0,0.0,0.0,8.25,12.2
2021-12-14,6.7,7.9,5.2,1.2,3.0,67,0.0,0.0,0.0,0.0,8.25,12.0
2021-12-15,5.0,6.8,2.3,1.3,4.0,70,0.0,0.0,0.0,0.0,5.37,7.9
2021-12-16,3.2,7.1,-3.6,-3.2,3.6,70,0.0,0.0,0.0,0.0,11.72,17.6
2021-12-17,-4.0,-1.1,-6.0,-12.2,-8.1,57,1.0,0.0,0.7,7.0,11.94,19.3
2021-12-18,1.4,3.0,-0.9,-6.8,-5.6,53,0.1,0.1,0.0,1.0,12.77,19.5
2021-12-19,4.4,6.9,0.2,-1.6,1.1,59,0.0,0.0,0.0,0.0,10.25,14.6
2021-12-20,6.9,8.6,5.5,2.4,4.0,75,0.0,0.0,0.0,0.0,6.8,10.9
2021-12-21,2.9,6.3,0.7,-3.1,1.3,50,0.0,0.0,0.0,0.0,7.84,11.6
2021-12-22,1.0,2.3,-0.2,-4.4,-2.3,54,0.0,0.0,0.0,0.0,5.92,8.6
2021-12-23,-0.9,0.8,-4.9,-7.7,-4.7,59,0.0,0.0,0.35,0.0,11.77,17.9
2021-12-24,-8.9,-5.4,-10.1,-18.7,-15.2,69,0.0,0.0,0.0,0.0,12.98,20.5
2021-12-25,-9.5,-7.3,-11.4,-17.9,-14.4,68,0.0,0.0,0.77,0.0,10.36,16.2
2021-12-26,-5.4,-2.4,-8.3,-12.2,-9.1,56,0.0,0.0,0.0,0.0,8.63,13.5
2021-12-27,-0.2,1.6,-2.1,-6.3,-4.5,57,0.0,0.0,0.0,0.0,8.45,12.2
2021-12-28,2.3,4.3,-1.6,-3.2,-2.1,62,0.0,0.0,0.0,0.0,7.94,12.1
2021-12-29,-1.3,3.5,-3.3,-8.3,-2.7,60,0.0,0.0,0.0,0.0,10.1,15.8
2021-12-30,-1.2,0.1,-3.9,-7.6,-3.8,52,0.0,0.0,0.0,0.0,9.06,14.0
2021-12-31,-2.0,2.1,-5.7,-7.2,-3.1,52,0.0,0.0,0.0,0.0,5.89,9.5
2022-01-01,3.6,5.7,-1.1,-2.5,-0.8,71,0.0,0.0,0.0,0.0,12.46,17.9
2022-01-02,-3.2,-1.7,-5.1,-9.6,-6.9,49,0.0,0.0,0.0,0.0,10.8,16.2
2022-01-03,0.7,3.5,-2.1,-5.2,-2.3,60,0.0,0.0,0.0,0.0,7.32,10.9
2022-01-04,-2.6,-0.9,-4.4,-8.5,-6.3,45,0.0,0.0,0.0,0.0,6.82,9.6
2022-01-05,-0.9,1.2,-2.9,-5.4,-2.8,53,0.0,0.0,0.0,0.0,5.08,6.8
2022-01-06,-0.3,1.4,-2.2,-5.9,-4.0,67,0.0,0.0,0.0,0.0,6.09,9.3
2022-01-07,1.1,3.8,-2.4,-4.0,-1.7,69,0.0,0.0,0.0,0.0,6.87,9.4
2022-01-08,1.9,3.6,-2.3,-4.5,-1.8,68,0.0,0.0,0.0,0.0,8.24,12.2
2022-01-09,-1.5,0.9,-3.4,-7.2,-4.5,60,0.0,0.0,0.0,0.0,7.27,11.0
2022-01-10,-2.8,-1.1,-6.1,-9.7,-5.7,63,0.1,0.0,0.07,1.0,10.61,15.9
2022-01-11,-6.3,-4.9,-7.6,-13.3,-10.9,58,0.0,0.0,0.0,0.0,9.31,13.4
2022-01-12,-3.2,-0.1,-6.1,-8.3,-4.7,63,1.0,0.0,0.7,6.0,7.88,11.8
2022-01-13,-3.3,-2.3,-4.7,-10.3,-7.3,49,0.0,0.0,0.0,0.0,9.2,14.0
2022-01-14,1.1,3.1,-2.4,-4.7,-2.9,55,0.0,0.0,0.0,0.0,7.66,10.8
2022-01-15,1.1,3.1,-2.8,-5.6,-2.7,62,0.0,0.0,0.0,0.0,10.05,14.7
2022-01-16,-4.4,-3.0,-6.0,-10.6,-8.9,52,0.0,0.0,0.0,0.0,8.87,12.9
2022-01-17,-2.7,-0.9,-4.8,-9.3,-7.6,53,0.0,0.0,0.0,0.0,9.55,14.4
2022-01-18,-1.0,1.8,-5.4,-5.7,-1.3,60,0.0,0.0,0.0,0.0,5.74,9.1
2022-01-19,-6.1,-1.3,-8.6,-14.4,-7.7,65,0.0,0.0,0.0,0.0,10.18,16.0
2022-01-20,-6.6,-3.4,-9.2,-13.2,-9.7,57,0.0,0.0,0.0,0.0,7.88,12.2
2022-01-21,-4.0,-1.3,-6.6,-8.8,-5.3,50,0.0,0.0,0.0,0.0,4.58,7.5
2022-01-22,-1.8,-0.3,-3.0,-6.6,-4.3,66,0.4,0.0,0.28,4.0,6.6,9.7
2022-01-23,-3.5,-1.4,-5.5,-10.9,-8.5,60,0.0,0.0,0.0,0.0,8.97,13.4
2022-01-24,-2.9,-0.6,-4.7,-8.8,-5.6,57,0.0,0.0,0.0,0.0,6.88,10.3
2022-01-25,-1.1,1.3,-3.0,-6.6,-3.9,66,0.0,0.0,0.0,0.0,5.84,9.3
2022-01-26,-2.4,-1.1,-3.7,-8.6,-6.7,60,0.0,0.0,0.0,0.0,6.85,10.7
2022-01-27,-3.2,-2.1,-4.5,-10.2,-9.2,56,0.0,0.0,0.0,0.0,7.7,11.7
2022-01-28,-3.4,-2.0,-5.0,-9.6,-8.3,56,0.0,0.0,0.0,0.0,6.62,11.0
2022-01-29,-2.9,-1.6,-4.7,-9.0,-7.5,56,0.0,0.0,0.0,0.0,6.33,9.7
2022-01-30,-1.5,1.4,-4.1,-6.3,-3.5,65,0.0,0.0,0.0,0.0,4.58,7.7
2022-01-31,0.2,2.0,-2.7,-6.3,-3.7,73,2.8,0.5,1.61,9.0,10.93,16.1
2022-02-01,-4.2,-2.7,-5.5,-11.4,-9.7,65,0.0,0.0,0.0,0.0,9.95,15.2
2022-02-02,-2.7,-1.0,-4.5,-8.3,-6.7,56,0.0,0.0,0.0,0.0,5.25,8.5
2022-02-03,-2.6,-0.2,-4.4,-7.3,-4.0,53,0.0,0.0,0.0,0.0,6.24,9.2
2022-02-04,-4.8,-3.6,-6.3,-11.9,-10.4,50,0.0,0.0,0.0,0.0,9.06,13.7
2022-02-05,-3.0,0.1,-5.7,-10.5,-7.1,50,0.0,0.0,0.0,0.0,9.0,14.2
2022-02-06,-1.1,0.1,-3.2,-7.4,-5.3,51,0.0,0.0,0.0,0.0,8.86,13.1
2022-02-07,0.3,2.3,-1.3,-3.9,-1.0,68,0.0,0.0,0.0,0.0,4.38,6.4
2022-02-08,0.2,3.2,-2.4,-4.0,-1.3,62,0.0,0.0,0.0,0.0,3.89,6.1
2022-02-09,2.1,5.0,-0.4,-1.8,0.8,73,0.0,0.0,0.0,0.0,3.25,5.7
2022-02-10,2.6,5.6,0.8,-1.2,1.9,80,0.0,0.0,0.0,0.0,3.62,5.2
2022-02-11,2.4,4.4,-0.0,-2.7,0.1,68,0.0,0.0,0.0,0.0,6.58,9.5
2022-02-12,0.2,1.9,-1.3,-4.7,-1.9,58,0.0,0.0,0.0,0.0,7.05,10.3
2022-02-13,-0.8,1.1,-2.8,-6.4,-3.0,58,0.6,0.0,0.42,6.0,7.51,10.9
2022-02-14,-4.4,-1.4,-6.1,-12.1,-6.8,70,1.6,0.0,1.12,4.0,10.23,15.7
2022-02-15,-7.2,-6.5,-8.1,-14.3,-13.2,57,0.0,0.0,0.0,0.0,8.22,12.2
2022-02-16,-6.3,-4.8,-7.6,-13.8,-13.0,50,0.0,0.0,0.0,0.0,10.32,15.9
2022-02-17,-5.5,-3.3,-7.5,-11.5,-8.8,52,0.0,0.0,0.0,0.0,7.01,10.2
2022-02-18,-1.4,0.6,-5.1,-6.6,-4.7,64,0.1,0.0,0.07,1.0,5.7,8.1
2022-02-19,-3.7,0.4,-5.4,-11.5,-5.2,51,0.0,0.0,0.0,0.0,11.56,16.8
2022-02-20,-3.2,-0.1,-5.9,-9.7,-7.1,49,0.0,0.0,0.0,0.0,7.71,11.0
2022-02-21,-2.7,0.3,-4.2,-8.9,-6.6,50,0.1,0.1,0.0,1.0,8.93,12.5
2022-02-22,-4.2,-3.1,-5.5,-10.5,-7.4,47,0.4,0.0,0.28,4.0,7.94,12.1
2022-02-23,-2.4,0.9,-5.3,-7.9,-5.7,51,0.0,0.0,0.0,0.0,6.71,10.1
2022-02-24,1.5,4.5,-2.5,-3.7,-1.3,65,0.0,0.0,0.0,0.0,7.06,10.8
2022-02-25,4.4,6.4,2.0,-0.5,1.6,74,0.0,0.0,0.0,0.0,8.85,13.0
2022-02-26,3.6,5.7,1.7,-2.2,-0.7,64,0.8,0.8,0.0,4.0,9.53,12.7
2022-02-27,4.1,6.3,2.2,-1.1,1.3,66,0.0,0.0,0.0,0.0,8.76,12.4
2022-02-28,4.7,6.1,3.0,0.1,1.7,79,0.0,0.0,0.0,0.0,6.86,12.2
2022-03-01,2.1,3.6,0.5,-4.6,-2.3,63,0.0,0.0,0.0,0.0,10.86,16.1
2022-03-02,4.1,5.9,3.0,-1.5,-0.0,66,0.0,0.0,0.0,0.0,8.86,12.7
2022-03-03,3.6,6.1,1.2,-1.6,0.4,66,0.0,0.0,0.0,0.0,7.47,10.8
2022-03-04,5.6,7.8,2.1,-0.8,1.9,61,0.0,0.0,0.0,0.0,10.01,14.3
2022-03-05,2.0,2.8,1.0,-4.7,-3.5,44,0.0,0.0,0.0,0.0,10.65,15.5
2022-03-06,2.2,3.9,0.6,-2.2,0.9,47,0.0,0.0,0.0,0.0,5.82,8.4
2022-03-07,4.7,6.6,2.9,-0.0,3.1,69,0.2,0.2,0.0,2.0,6.83,10.3
2022-03-08,4.1,6.5,1.9,0.6,2.9,81,0.0,0.0,0.0,0.0,5.11,7.3
2022-03-09,3.5,6.9,0.5,-1.0,2.1,89,0.0,0.0,0.0,0.0,6.69,9.4
2022-03-10,7.0,8.3,6.0,3.0,5.1,80,0.0,0.0,0.0,0.0,6.33,8.6
2022-03-11,5.5,6.8,4.3,2.2,4.6,88,0.0,0.0,0.0,0.0,5.89,8.8
2022-03-12,5.4,6.1,4.3,2.2,3.5,86,9.0,9.0,0.0,5.0,5.55,7.7
2022-03-13,6.0,8.5,3.9,3.3,6.6,91,0.3,0.3,0.0,2.0,5.29,6.7
2022-03-14,4.6,5.8,2.6,0.1,3.6,84,8.2,8.2,0.0,5.0,8.95,12.9
2022-03-15,5.0,8.0,2.3,0.5,3.5,79,0.0,0.0,0.0,0.0,7.93,11.6
2022-03-16,4.2,5.5,1.9,-2.0,1.5,67,0.0,0.0,0.0,0.0,10.17,13.0
2022-03-17,1.6,3.6,-0.4,-5.7,-3.1,44,0.0,0.0,0.0,0.0,9.91,14.5
2022-03-18,2.1,3.8,0.6,-3.3,-0.8,64,2.5,0.2,1.61,3.0,7.22,10.4
2022-03-19,0.7,2.5,-1.7,-7.3,-4.0,61,3.2,0.0,2.24,6.0,13.33,20.3
2022-03-20,2.8,4.9,1.1,-1.6,2.0,60,0.0,0.0,0.0,0.0,5.59,8.1
2022-03-21,4.1,6.3,2.3,0.2,3.2,75,0.0,0.0,0.0,0.0,4.73,7.4
2022-03-22,4.3,6.6,2.5,0.8,4.3,67,0.0,0.0,0.0,0.0,4.14,5.1
2022-03-23,5.7,7.5,4.3,1.6,3.5,74,0.2,0.2,0.0,2.0,6.34,9.7
2022-03-24,7.0,8.8,4.9,2.9,5.5,81,0.0,0.0,0.0,0.0,9.41,13.6
2022-03-25,6.5,7.6,5.6,1.5,3.2,89,30.4,30.4,0.0,18.0,10.21,14.3
2022-03-26,7.5,8.8,5.9,2.2,4.1,69,4.0,4.0,0.0,5.0,10.89,15.6
2022-03-27,6.3,7.6,5.1,1.0,4.6,57,0.6,0.6,0.0,4.0,11.39,17.0
2022-03-28,6.8,8.2,5.1,1.7,4.0,60,0.0,0.0,0.0,0.0,9.3,12.4
2022-03-29,6.9,8.1,5.7,1.8,4.0,73,1.5,1.5,0.0,3.0,8.54,12.6
2022-03-30,6.8,7.9,5.8,2.3,4.9,78,4.9,4.9,0.0,7.0,8.01,11.2
2022-03-31,6.2,8.1,4.5,0.5,3.2,53,0.0,0.0,0.0,0.0,8.02,11.5
2022-04-01,6.0,8.1,4.2,1.5,4.6,58,0.0,0.0,0.0,0.0,6.3,8.5
2022-04-02,6.9,9.2,5.0,3.5,6.5,68,0.0,0.0,0.0,0.0,4.26,6.0
2022-04-03,8.0,10.2,5.9,4.6,8.0,80,0.0,0.0,0.0,0.0,6.36,8.6
2022-04-04,9.4,11.1,7.9,4.8,8.1,72,0.0,0.0,0.0,0.0,9.42,13.9
2022-04-05,10.3,12.8,8.4,5.6,10.0,62,0.0,0.0,0.0,0.0,9.0,12.7
2022-04-06,6.2,8.2,5.1,1.2,2.6,44,0.9,0.9,0.0,4.0,7.16,10.8
2022-04-07,7.3,9.7,4.8,3.5,6.3,69,0.0,0.0,0.0,0.0,6.15,9.9
2022-04-08,9.7,11.7,7.0,5.4,8.5,81,0.0,0.0,0.0,0.0,9.0,12.3
2022-04-09,10.8,12.1,8.9,8.0,10.9,83,0.0,0.0,0.0,0.0,7.24,10.2
2022-04-10,13.0,14.2,11.1,8.6,10.8,72,0.0,0.0,0.0,0.0,10.05,14.2
2022-04-11,10.7,11.9,9.3,7.3,10.3,88,0.0,0.0,0.0,0.0,8.01,11.1
2022-04-12,10.1,11.5,8.3,4.8,6.8,72,4.9,4.9,0.0,10.0,9.77,14.1
2022-04-13,9.9,11.6,8.6,5.8,8.5,58,0.0,0.0,0.0,0.0,7.29,10.0
2022-04-14,9.3,10.7,7.5,6.5,8.8,77,0.0,0.0,0.0,0.0,6.35,7.6
2022-04-15,10.0,11.4,8.6,4.8,6.8,58,0.0,0.0,0.0,0.0,8.36,11.8
2022-04-16,11.0,13.3,8.9,7.0,10.8,59,0.0,0.0,0.0,0.0,6.1,8.2
2022-04-17,11.7,13.0,10.3,7.4,9.2,60,0.0,0.0,0.0,0.0,6.7,9.2
2022-04-18,12.6,15.2,10.1,9.5,13.8,60,0.0,0.0,0.0,0.0,6.42,8.2
2022-04-19,12.3,14.2,9.6,8.8,11.8,64,0.0,0.0,0.0,0.0,7.65,10.4
2022-04-20,13.6,15.0,12.1,8.9,12.0,63,0.0,0.0,0.0,0.0,10.21,15.2
2022-04-21,13.6,15.1,12.2,9.3,11.3,73,2.4,2.4,0.0,2.0,10.1,14.8
2022-04-22,11.4,13.2,9.6,7.6,10.9,71,2.9,2.9,0.0,2.0,10.1,14.6
2022-04-23,11.7,14.1,8.5,7.5,9.7,63,0.0,0.0,0.0,0.0,8.85,13.2
2022-04-24,12.5,14.0,11.0,10.0,13.1,83,0.0,0.0,0.0,0.0,8.39,12.3
2022-04-25,12.2,12.6,11.5,9.4,10.5,90,0.0,0.0,0.0,0.0,8.59,11.9
2022-04-26,13.4,16.5,11.4,10.6,13.3,72,0.1,0.1,0.0,1.0,8.89,12.7
2022-04-27,12.0,13.4,10.8,7.8,10.7,51,0.0,0.0,0.0,0.0,8.25,10.5
2022-04-28,9.9,11.5,8.7,6.5,7.7,70,3.7,3.7,0.0,11.0,6.71,8.9
2022-04-29,10.7,13.6,8.4,7.9,12.8,74,0.0,0.0,0.0,0.0,5.72,7.4
2022-04-30,11.7,13.1,10.0,7.3,9.1,58,0.0,0.0,0.0,0.0,7.54,10.4
2022-05-01,12.8,15.1,10.5,8.6,11.8,59,0.0,0.0,0.0,0.0,9.01,13.7
2022-05-02,12.3,14.2,9.8,9.5,14.8,58,0.0,0.0,0.0,0.0,4.86,7.0
2022-05-03,14.9,17.5,12.1,10.1,14.0,61,0.0,0.0,0.0,0.0,9.32,13.9
2022-05-04,16.8,18.2,15.1,12.7,16.5,64,0.0,0.0,0.0,0.0,10.59,15.5
2022-05-05,16.2,18.0,14.4,11.4,13.7,64,0.0,0.0,0.0,0.0,10.47,14.9
2022-05-06,13.1,14.7,11.5,9.8,12.1,79,3.0,3.0,0.0,12.0,8.9,12.2
2022-05-07,13.1,14.9,11.1,8.6,10.8,55,0.0,0.0,0.0,0.0,9.86,14.3
2022-05-08,11.4,12.9,10.0,8.3,9.8,71,2.7,2.7,0.0,9.0,7.19,8.2
2022-05-09,12.3,15.2,9.6,10.4,14.7,76,0.0,0.0,0.0,0.0,4.2,5.4
2022-05-10,11.8,12.7,10.7,10.2,10.9,83,0.0,0.0,0.0,0.0,3.68,6.2
2022-05-11,13.1,15.2,11.3,11.7,14.4,80,0.0,0.0,0.0,0.0,4.43,6.5
2022-05-12,13.2,14.6,12.4,10.8,12.7,76,0.9,0.9,0.0,4.0,7.12,7.6
2022-05-13,14.0,15.9,12.2,10.8,13.9,61,0.0,0.0,0.0,0.0,6.57,10.2
2022-05-14,13.7,15.3,11.9,10.1,11.2,53,0.0,0.0,0.0,0.0,7.82,10.4
2022-05-15,14.7,17.1,12.1,11.9,15.9,63,0.0,0.0,0.0,0.0,6.86,9.5
2022-05-16,16.3,18.7,14.4,14.1,18.2,63,0.0,0.0,0.0,0.0,7.45,10.6
2022-05-17,15.5,17.8,13.2,13.1,15.5,71,0.0,0.0,0.0,0.0,7.95,11.1
2022-05-18,16.3,18.9,14.0,16.1,19.2,77,0.1,0.1,0.0,1.0,4.38,7.5
2022-05-19,15.8,17.5,14.1,15.2,18.1,79,0.0,0.0,0.0,0.0,4.54,6.9
2022-05-20,16.2,17.8,14.2,15.5,17.8,78,0.0,0.0,0.0,0.0,5.34,6.2
2022-05-21,18.9,20.9,16.6,17.0,19.8,69,0.0,0.0,0.0,0.0,7.11,9.8
2022-05-22,18.9,21.5,16.2,17.9,23.4,70,0.0,0.0,0.0,0.0,8.82,12.2
2022-05-23,18.6,21.9,16.1,18.4,23.0,75,0.0,0.0,0.0,0.0,6.55,9.1
2022-05-24,19.0,20.6,16.9,17.7,21.2,73,0.0,0.0,0.0,0.0,9.19,12.8
2022-05-25,16.7,19.3,14.5,14.0,16.4,75,9.3,9.3,0.0,8.0,9.33,12.9
2022-05-26,17.6,19.6,15.4,15.1,18.5,68,0.0,0.0,0.0,0.0,9.0,12.8
2022-05-27,18.4,21.2,15.1,17.5,22.0,70,0.0,0.0,0.0,0.0,6.65,8.7
2022-05-28,20.4,22.0,19.2,17.8,21.3,61,0.0,0.0,0.0,0.0,9.86,14.2
2022-05-29,18.6,19.8,16.3,16.8,18.3,82,4.7,4.7,0.0,5.0,9.9,12.5
2022-05-30,17.2,19.1,15.3,15.8,18.6,74,0.7,0.7,0.0,1.0,6.93,9.8
2022-05-31,18.6,21.1,16.3,17.9,22.6,73,1.0,1.0,0.0,4.0,5.88,9.7
2022-06-01,18.1,20.4,16.0,18.4,23.0,84,0.8,0.8,0.0,2.0,6.44,12.3
2022-06-02,19.2,22.3,17.3,19.5,23.7,79,0.0,0.0,0.0,0.0,6.07,7.1
2022-06-03,18.5,20.3,17.1,17.7,19.3,89,0.0,0.0,0.0,0.0,7.39,11.7
2022-06-04,18.6,19.2,18.2,17.4,18.1,87,0.6,0.6,0.0,2.0,7.56,11.7
2022-06-05,18.3,19.0,17.4,18.3,19.5,90,0.3,0.3,0.0,1.0,5.91,10.3
2022-06-06,17.5,18.6,16.8,16.8,19.1,89,6.3,6.3,0.0,18.0,8.73,10.5
2022-06-07,17.3,18.9,16.2,16.5,20.5,87,4.1,4.1,0.0,12.0,8.29,10.6
2022-06-08,16.9,17.6,16.3,16.4,17.3,88,0.9,0.9,0.0,7.0,6.01,7.3
2022-06-09,17.9,18.7,16.6,18.2,20.2,91,2.1,2.1,0.0,5.0,6.0,8.4
2022-06-10,17.9,18.4,17.5,17.7,19.3,94,26.0,26.0,0.0,16.0,6.94,9.1
2022-06-11,18.5,19.8,17.3,19.1,21.8,90,0.0,0.0,0.0,0.0,5.33,8.1
2022-06-12,19.0,20.2,18.0,18.5,20.5,87,1.5,1.5,0.0,3.0,7.83,10.8
2022-06-13,19.1,19.8,18.3,18.2,19.8,85,0.6,0.6,0.0,2.0,9.35,12.2
2022-06-14,18.4,18.8,17.8,17.3,18.4,91,10.4,10.4,0.0,15.0,9.33,12.1
2022-06-15,18.3,19.2,17.5,18.8,21.1,88,4.8,4.8,0.0,12.0,5.88,10.1
2022-06-16,18.9,20.1,17.5,19.4,21.8,87,0.0,0.0,0.0,0.0,5.52,8.1
2022-06-17,19.8,20.9,18.7,20.5,22.5,91,0.0,0.0,0.0,0.0,6.06,8.5
2022-06-18,19.7,20.2,19.1,20.1,21.7,93,0.3,0.3,0.0,1.0,6.17,8.5
2022-06-19,19.9,20.7,19.0,20.6,22.3,94,0.0,0.0,0.0,0.0,5.7,8.5
2022-06-20,20.8,22.2,19.4,22.5,25.1,92,0.0,0.0,0.0,0.0,5.23,6.7
2022-06-21,21.8,23.2,21.2,23.8,26.4,89,0.0,0.0,0.0,0.0,4.89,6.6
2022-06-22,22.0,23.0,21.1,23.6,26.3,89,0.4,0.4,0.0,1.0,8.44,10.9
2022-06-23,22.1,24.3,21.0,23.4,26.1,92,28.4,28.4,0.0,13.0,7.42,10.9
2022-06-24,23.3,25.0,21.1,23.6,26.6,72,0.0,0.0,0.0,0.0,7.52,10.0
2022-06-25,24.5,26.1,22.7,24.7,27.9,71,0.0,0.0,0.0,0.0,10.43,13.9
2022-06-26,23.0,25.3,22.1,24.9,28.1,90,6.5,6.5,0.0,4.0,9.3,12.5
2022-06-27,22.6,23.5,22.1,23.1,24.6,92,35.8,35.8,0.0,17.0,11.25,22.8
2022-06-28,23.3,24.8,21.7,26.6,28.6,88,1.8,1.8,0.0,6.0,3.84,6.1
2022-06-29,23.6,25.2,21.7,27.4,30.1,89,0.1,0.1,0.0,1.0,3.54,4.2
2022-06-30,22.2,23.0,21.8,25.1,26.9,95,6.0,6.0,0.0,13.0,4.97,8.1
2022-07-01,22.6,23.6,21.7,25.2,26.8,93,22.0,22.0,0.0,12.0,5.57,7.9
2022-07-02,22.9,23.8,21.9,24.9,25.9,92,20.4,20.4,0.0,8.0,5.93,10.7
2022-07-03,22.6,23.6,22.0,24.7,26.2,92,0.0,0.0,0.0,0.0,5.99,8.5
2022-07-04,22.6,23.2,22.2,24.9,25.6,92,1.7,1.7,0.0,8.0,5.15,7.4
2022-07-05,23.3,24.3,22.4,26.5,28.3,92,0.2,0.2,0.0,1.0,4.77,6.3
2022-07-06,23.3,23.8,22.7,25.0,25.7,94,31.5,31.5,0.0,24.0,9.56,10.2
2022-07-07,24.1,25.5,23.1,26.8,29.1,92,31.0,31.0,0.0,8.0,10.13,12.0
2022-07-08,24.7,26.3,22.9,28.1,31.4,86,0.0,0.0,0.0,0.0,4.81,6.6
2022-07-09,26.2,28.0,24.6,31.0,35.2,85,0.0,0.0,0.0,0.0,5.43,7.2
2022-07-10,23.7,24.8,23.0,26.6,29.4,93,1.5,1.5,0.0,4.0,6.46,9.4
2022-07-11,23.6,25.0,22.5,26.8,29.7,92,0.0,0.0,0.0,0.0,5.3,8.2
2022-07-12,23.4,24.0,22.9,25.2,27.1,94,37.9,37.9,0.0,19.0,9.12,13.6
2022-07-13,24.5,26.1,23.2,27.2,28.4,92,13.4,13.4,0.0,4.0,7.92,13.7
2022-07-14,25.1,28.0,22.8,29.7,34.9,88,0.0,0.0,0.0,0.0,3.51,5.2
2022-07-15,25.2,27.2,23.1,28.0,30.2,80,0.0,0.0,0.0,0.0,5.62,8.5
2022-07-16,25.5,26.8,24.3,28.5,30.4,80,0.0,0.0,0.0,0.0,5.1,7.1
2022-07-17,25.3,27.5,23.7,29.5,32.5,86,0.0,0.0,0.0,0.0,4.52,6.1
2022-07-18,25.1,27.2,23.5,28.5,32.1,84,0.0,0.0,0.0,0.0,5.63,8.0
2022-07-19,25.5,27.2,24.1,28.8,31.6,81,0.0,0.0,0.0,0.0,5.17,7.2
2022-07-20,24.9,25.9,23.6,28.0,30.4,84,0.0,0.0,0.0,0.0,6.39,7.7
2022-07-21,24.5,26.1,23.1,27.2,28.8,80,0.1,0.1,0.0,1.0,5.5,7.5
2022-07-22,25.4,27.4,23.5,29.0,32.8,85,0.2,0.2,0.0,2.0,5.52,7.0
2022-07-23,24.1,25.0,23.1,28.0,30.3,90,8.9,8.9,0.0,10.0,4.57,4.6
2022-07-24,24.7,27.0,22.6,28.8,31.8,86,0.0,0.0,0.0,0.0,4.22,6.0
2022-07-25,26.1,27.3,25.0,29.7,32.4,85,0.0,0.0,0.0,0.0,5.74,7.7
2022-07-26,25.3,25.9,24.3,28.3,29.2,84,0.0,0.0,0.0,0.0,5.23,7.8
2022-07-27,25.8,26.5,24.7,29.2,30.5,88,1.2,1.2,0.0,7.0,6.42,9.0
2022-07-28,25.8,26.5,25.0,28.6,30.1,90,1.8,1.8,0.0,10.0,8.19,11.6
2022-07-29,25.8,26.4,25.4,29.9,31.7,92,9.2,9.2,0.0,20.0,7.1,10.1
2022-07-30,25.9,26.6,25.4,31.1,32.0,93,0.8,0.8,0.0,5.0,4.34,6.6
2022-07-31,26.2,26.9,25.6,30.8,31.4,91,0.1,0.1,0.0,1.0,4.6,6.6
2022-08-01,27.0,29.0,25.5,32.2,35.0,87,0.0,0.0,0.0,0.0,3.89,5.8
2022-08-02,27.5,29.6,25.7,33.1,36.7,86,0.1,0.1,0.0,1.0,4.22,5.8
2022-08-03,27.8,29.3,26.4,33.3,35.9,87,0.0,0.0,0.0,0.0,4.27,6.0
2022-08-04,28.1,28.8,27.5,33.1,34.8,88,0.0,0.0,0.0,0.0,6.38,8.2
2022-08-05,28.2,29.6,27.3,33.7,36.5,90,16.3,16.3,0.0,10.0,6.22,8.2
2022-08-06,28.4,29.9,26.8,34.8,37.0,90,0.0,0.0,0.0,0.0,5.4,5.6
2022-08-07,28.1,29.3,26.7,33.6,34.6,91,36.6,36.6,0.0,16.0,6.05,9.0
2022-08-08,27.1,28.6,24.7,29.3,33.1,76,1.8,1.8,0.0,3.0,7.71,10.7
2022-08-09,22.7,24.6,20.0,22.9,24.4,66,7.2,7.2,0.0,9.0,6.13,8.1
2022-08-10,24.4,26.5,22.6,27.1,30.7,73,0.0,0.0,0.0,0.0,3.68,5.5
2022-08-11,25.2,27.3,23.5,28.5,31.5,78,0.0,0.0,0.0,0.0,3.31,6.0
2022-08-12,25.6,26.4,24.3,29.3,30.6,86,0.4,0.4,0.0,4.0,6.22,7.3
2022-08-13,25.9,26.9,25.0,30.3,31.6,93,8.0,8.0,0.0,13.0,5.97,6.5
2022-08-14,26.1,28.3,24.8,29.3,32.5,92,10.0,10.0,0.0,11.0,8.39,11.2
2022-08-15,26.3,27.9,24.6,28.4,30.3,85,22.1,22.1,0.0,10.0,9.37,11.6
2022-08-16,24.9,26.8,23.1,26.0,29.0,73,0.0,0.0,0.0,0.0,7.13,10.1
2022-08-17,25.5,27.8,23.7,28.0,31.4,75,0.0,0.0,0.0,0.0,5.12,7.0
2022-08-18,25.6,26.7,24.2,27.8,28.7,80,0.2,0.2,0.0,2.0,9.3,12.3
2022-08-19,25.9,27.3,24.1,26.6,29.0,82,16.0,16.0,0.0,8.0,10.11,16.7
2022-08-20,24.5,26.5,22.9,24.4,26.6,67,0.0,0.0,0.0,0.0,7.67,10.4
2022-08-21,24.4,26.2,22.1,25.9,28.3,72,0.0,0.0,0.0,0.0,6.12,6.7
2022-08-22,24.4,25.0,23.5,26.8,29.3,88,18.2,18.2,0.0,10.0,6.92,13.7
2022-08-23,23.6,25.2,21.8,21.9,23.7,58,0.0,0.0,0.0,0.0,7.93,11.3
2022-08-24,24.0,26.1,22.2,24.0,26.5,61,0.0,0.0,0.0,0.0,4.9,6.6
2022-08-25,24.0,25.3,22.6,24.7,26.1,73,0.0,0.0,0.0,0.0,8.05,11.3
2022-08-26,23.1,25.3,21.0,23.0,26.5,73,1.4,1.4,0.0,2.0,9.27,13.3
2022-08-27,22.3,23.8,20.6,20.1,22.1,51,0.0,0.0,0.0,0.0,6.84,9.9
2022-08-28,22.5,23.7,21.4,22.2,23.6,59,0.1,0.1,0.0,1.0,6.5,6.8
2022-08-29,20.8,22.3,19.5,21.1,23.1,81,15.0,15.0,0.0,17.0,6.77,9.8
2022-08-30,21.9,23.1,21.0,23.2,25.2,76,0.5,0.5,0.0,5.0,4.28,5.1
2022-08-31,22.3,24.7,20.4,24.1,27.2,79,0.0,0.0,0.0,0.0,4.09,6.0
2022-09-01,22.1,24.3,19.8,21.7,24.1,69,0.0,0.0,0.0,0.0,7.6,10.7
2022-09-02,21.2,24.0,18.5,21.3,24.8,64,0.0,0.0,0.0,0.0,4.84,7.6
2022-09-03,22.8,24.2,21.4,24.4,26.1,86,0.0,0.0,0.0,0.0,6.28,8.7
2022-09-04,22.4,23.4,21.7,24.2,25.9,86,14.4,14.4,0.0,10.0,6.17,11.7
2022-09-05,22.9,24.2,21.7,25.1,27.7,86,1.0,1.0,0.0,9.0,5.59,7.5
2022-09-06,22.6,24.9,20.6,23.4,24.9,74,0.0,0.0,0.0,0.0,7.67,11.1
2022-09-07,23.3,26.1,21.5,25.4,28.8,76,0.0,0.0,0.0,0.0,3.92,5.4
2022-09-08,23.2,25.6,21.2,26.3,29.4,85,0.0,0.0,0.0,0.0,3.54,5.1
2022-09-09,23.3,25.1,22.0,26.7,29.7,87,0.0,0.0,0.0,0.0,2.98,4.7
2022-09-10,23.0,24.6,21.8,25.2,27.3,85,0.0,0.0,0.0,0.0,5.35,7.9
2022-09-11,22.8,24.2,21.5,24.0,25.9,72,0.0,0.0,0.0,0.0,3.94,5.7
2022-09-12,23.1,24.6,22.0,26.0,27.7,78,0.0,0.0,0.0,0.0,2.62,4.3
2022-09-13,23.5,25.8,21.4,26.3,29.2,81,0.0,0.0,0.0,0.0,4.15,5.6
2022-09-14,22.3,23.8,20.9,22.5,25.5,85,25.1,25.1,0.0,18.0,8.39,13.6
2022-09-15,21.1,21.6,20.6,20.8,21.8,90,79.1,79.1,0.0,24.0,8.06,13.3
2022-09-16,21.4,22.7,20.2,20.2,22.8,91,95.5,95.5,0.0,15.0,12.33,17.5
2022-09-17,21.8,23.7,19.7,23.2,25.9,80,0.0,0.0,0.0,0.0,4.88,7.4
2022-09-18,22.3,24.4,20.2,20.9,25.2,70,0.0,0.0,0.0,0.0,10.05,13.8
2022-09-19,19.6,20.3,18.5,13.6,15.1,47,0.0,0.0,0.0,0.0,12.42,18.1
2022-09-20,17.9,19.6,16.2,14.8,17.4,47,0.0,0.0,0.0,0.0,7.17,10.3
2022-09-21,19.5,21.0,17.2,17.6,19.6,57,0.0,0.0,0.0,0.0,8.6,11.9
2022-09-22,20.7,22.2,18.2,19.2,22.2,75,5.1,5.1,0.0,5.0,9.08,12.9
2022-09-23,17.5,19.8,14.9,12.9,16.8,58,6.5,6.5,0.0,6.0,13.05,18.2
2022-09-24,20.3,22.2,18.8,18.6,20.5,67,0.0,0.0,0.0,0.0,7.01,9.7
2022-09-25,20.2,21.8,19.0,19.3,21.4,69,0.0,0.0,0.0,0.0,5.73,8.3
2022-09-26,20.2,22.2,18.7,21.2,24.6,83,0.0,0.0,0.0,0.0,3.76,5.4
2022-09-27,20.2,22.3,18.6,21.8,25.1,86,0.0,0.0,0.0,0.0,3.27,4.7
2022-09-28,20.6,22.5,18.7,21.9,24.5,85,0.0,0.0,0.0,0.0,3.87,5.6
2022-09-29,21.1,22.4,19.8,22.2,24.0,86,0.0,0.0,0.0,0.0,5.57,7.8
2022-09-30,21.6,22.6,20.7,22.4,23.6,87,0.0,0.0,0.0,0.0,6.0,8.9
2022-10-01,20.8,21.4,20.2,21.3,22.1,87,0.3,0.3,0.0,2.0,6.79,8.3
2022-10-02,18.6,20.0,17.3,15.8,18.4,83,41.6,41.6,0.0,13.0,12.69,19.9
2022-10-03,15.9,19.0,11.6,12.0,17.7,85,17.7,17.7,0.0,13.0,15.56,23.4
2022-10-04,11.1,12.3,9.6,2.7,4.3,54,0.0,0.0,0.0,0.0,14.96,22.6
2022-10-05,11.3,13.3,9.2,5.1,8.0,49,0.0,0.0,0.0,0.0,9.54,14.2
2022-10-06,13.1,15.2,10.8,9.2,11.5,47,0.0,0.0,0.0,0.0,5.37,7.8
2022-10-07,15.2,17.0,13.7,12.8,14.4,59,0.0,0.0,0.0,0.0,4.6,6.0
2022-10-08,16.8,18.0,14.8,13.5,14.5,63,0.0,0.0,0.0,0.0,8.41,12.8
2022-10-09,12.8,17.3,9.2,7.6,13.1,78,18.1,18.1,0.0,18.0,12.74,18.1
2022-10-10,11.1,12.6,9.4,4.0,6.8,62,2.0,2.0,0.0,14.0,13.21,21.5
2022-10-11,13.9,15.8,11.8,10.5,12.9,51,0.0,0.0,0.0,0.0,7.04,10.4
2022-10-12,15.7,17.7,13.5,13.9,15.8,68,0.0,0.0,0.0,0.0,4.53,6.9
2022-10-13,16.3,17.8,15.0,15.2,16.6,77,0.0,0.0,0.0,0.0,4.64,6.2
2022-10-14,15.9,17.2,15.1,15.6,16.8,82,0.1,0.1,0.0,1.0,3.28,4.5
2022-10-15,16.2,18.2,14.7,16.2,18.4,89,0.0,0.0,0.0,0.0,3.7,4.7
2022-10-16,13.9,16.2,11.9,8.5,15.9,58,0.0,0.0,0.0,0.0,10.07,14.8
2022-10-17,11.4,12.5,10.2,5.7,8.3,45,0.0,0.0,0.0,0.0,9.45,14.1
2022-10-18,12.1,13.8,10.4,8.6,10.7,44,0.0,0.0,0.0,0.0,3.95,5.8
2022-10-19,15.1,17.2,12.1,12.0,13.8,63,0.0,0.0,0.0,0.0,6.72,9.5
2022-10-20,15.7,16.7,14.6,12.7,14.5,70,0.0,0.0,0.0,0.0,7.33,10.3
2022-10-21,16.1,17.4,14.8,14.3,15.9,82,0.1,0.1,0.0,1.0,7.15,10.4
2022-10-22,14.7,15.9,11.7,11.5,15.2,72,0.0,0.0,0.0,0.0,8.54,12.3
2022-10-23,13.1,16.1,10.5,9.3,11.9,55,0.7,0.7,0.0,2.0,7.29,10.0
2022-10-24,12.4,14.4,9.7,9.4,12.6,50,0.0,0.0,0.0,0.0,4.11,6.1
2022-10-25,15.0,16.4,12.5,11.2,12.5,68,0.0,0.0,0.0,0.0,9.09,13.1
2022-10-26,15.1,16.0,12.7,12.8,15.4,81,0.0,0.0,0.0,0.0,8.39,11.1
2022-10-27,11.8,13.2,9.6,6.9,8.8,63,0.0,0.0,0.0,0.0,7.94,11.6
2022-10-28,10.0,12.4,8.5,4.9,7.3,59,0.0,0.0,0.0,0.0,7.21,10.6
2022-10-29,10.7,13.1,8.6,7.4,10.2,60,0.0,0.0,0.0,0.0,5.22,8.0
2022-10-30,12.7,14.2,11.2,10.9,12.1,68,0.6,0.6,0.0,4.0,3.8,4.9
2022-10-31,14.1,15.2,12.9,12.7,13.8,84,2.0,2.0,0.0,7.0,4.62,6.8
2022-11-01,10.6,12.8,8.8,6.2,10.7,50,0.0,0.0,0.0,0.0,8.82,12.7
2022-11-02,11.8,14.0,8.6,8.7,12.6,61,1.6,1.6,0.0,3.0,9.15,12.8
2022-11-03,5.8,8.0,4.5,-0.9,1.9,60,6.0,5.7,0.21,9.0,9.93,15.6
2022-11-04,8.4,10.5,5.3,3.5,5.6,49,0.0,0.0,0.0,0.0,6.36,9.6
2022-11-05,11.5,13.4,9.8,7.7,10.0,59,0.0,0.0,0.0,0.0,5.93,9.1
2022-11-06,13.2,14.6,11.1,10.5,12.5,73,0.0,0.0,0.0,0.0,7.34,10.4
2022-11-07,12.7,14.1,10.1,10.0,12.6,79,2.5,2.5,0.0,10.0,7.45,9.7
2022-11-08,11.1,13.3,8.7,8.5,11.1,69,0.0,0.0,0.0,0.0,4.5,6.8
2022-11-09,13.4,14.9,11.8,11.9,13.5,88,0.7,0.7,0.0,1.0,4.74,6.9
2022-11-10,14.2,14.8,13.5,13.5,14.3,94,3.7,3.7,0.0,10.0,5.19,7.4
2022-11-11,14.8,15.6,14.1,12.9,13.8,90,3.7,3.7,0.0,11.0,7.47,10.1
2022-11-12,10.0,16.1,4.3,4.2,14.7,89,7.8,7.8,0.0,13.0,15.05,23.1
2022-11-13,4.5,5.8,3.1,-3.2,-1.0,63,0.0,0.0,0.0,0.0,13.85,19.9
2022-11-14,8.6,10.9,5.0,3.9,6.6,69,0.0,0.0,0.0,0.0,7.88,11.7
2022-11-15,10.3,12.1,7.8,6.6,7.8,72,0.0,0.0,0.0,0.0,7.25,9.2
2022-11-16,11.2,12.9,9.0,8.6,10.5,67,0.0,0.0,0.0,0.0,5.27,8.0
2022-11-17,12.6,14.0,11.7,9.8,11.5,84,0.0,0.0,0.0,0.0,6.76,9.8
2022-11-18,10.9,11.8,9.0,8.9,10.5,93,0.0,0.0,0.0,0.0,6.47,9.2
2022-11-19,12.3,13.5,11.0,10.2,11.7,88,0.0,0.0,0.0,0.0,6.11,8.9
2022-11-20,11.1,12.1,9.6,9.8,11.4,89,0.0,0.0,0.0,0.0,3.21,6.1
2022-11-21,8.6,11.0,5.9,4.3,10.9,70,0.0,0.0,0.0,0.0,6.88,10.1
2022-11-22,6.4,7.7,5.1,2.3,3.8,56,0.0,0.0,0.0,0.0,6.14,8.7
2022-11-23,9.5,12.0,7.0,6.1,8.8,71,0.0,0.0,0.0,0.0,6.06,9.1
2022-11-24,12.0,13.4,10.4,9.2,10.1,86,0.0,0.0,0.0,0.0,8.1,11.8
2022-11-25,12.3,13.3,9.3,7.2,9.0,72,0.2,0.2,0.0,2.0,9.84,14.5
2022-11-26,3.8,8.3,1.9,-2.0,1.0,50,0.0,0.0,0.0,0.0,8.98,12.8
2022-11-27,10.4,13.0,3.8,6.2,11.8,82,24.1,24.1,0.0,17.0,9.63,14.6
2022-11-28,8.4,13.0,4.4,3.9,10.9,91,18.2,18.2,0.0,18.0,11.7,15.3
2022-11-29,-0.8,4.5,-4.7,-10.1,-3.9,63,0.8,0.0,0.56,4.0,13.33,20.7
2022-11-30,-3.7,-0.7,-5.7,-11.3,-7.4,61,1.6,0.0,1.12,13.0,11.24,17.0
2022-12-01,-0.8,0.0,-2.3,-7.6,-6.6,55,0.9,0.0,0.63,9.0,8.46,14.2
2022-12-02,2.3,5.0,-0.7,-3.8,-2.0,51,0.2,0.2,0.0,2.0,8.56,13.0
2022-12-03,-0.0,5.2,-3.7,-6.9,-1.7,56,0.1,0.1,0.0,1.0,9.72,14.5
2022-12-04,-2.5,-0.8,-4.7,-7.6,-5.1,56,0.0,0.0,0.0,0.0,6.38,9.8
2022-12-05,1.6,3.0,-0.6,-3.8,-2.8,53,0.0,0.0,0.0,0.0,7.12,10.4
2022-12-06,3.2,4.8,1.3,-4.1,-3.0,49,0.0,0.0,0.0,0.0,10.14,15.5
2022-12-07,4.0,5.2,2.6,-1.5,1.6,53,0.0,0.0,0.0,0.0,8.4,12.3
2022-12-08,5.3,7.9,3.6,2.0,4.5,66,0.0,0.0,0.0,0.0,4.16,5.8
2022-12-09,4.0,5.4,2.9,0.3,1.7,64,0.0,0.0,0.0,0.0,3.62,6.0
2022-12-10,1.2,4.3,-1.1,-5.3,0.5,74,11.3,4.0,5.11,12.0,11.31,16.3
2022-12-11,-0.1,1.4,-1.4,-5.8,-3.6,61,0.0,0.0,0.0,0.0,7.99,10.9
2022-12-12,3.8,4.9,2.5,-3.1,-1.6,57,0.0,0.0,0.0,0.0,10.07,14.2
2022-12-13,-1.1,2.7,-5.6,-9.8,-4.1,53,2.1,0.2,1.33,14.0,13.16,21.3
2022-12-14,-3.0,1.4,-5.8,-10.1,-5.9,52,0.1,0.0,0.07,1.0,10.57,16.5
2022-12-15,-3.1,2.6,-6.8,-10.7,-3.9,61,0.8,0.1,0.49,4.0,10.37,17.4
2022-12-16,-5.0,-2.2,-7.4,-10.4,-6.1,57,0.1,0.0,0.07,1.0,7.96,14.1
2022-12-17,-5.6,-2.5,-7.9,-13.5,-10.5,62,3.3,0.0,2.31,16.0,9.71,16.8
2022-12-18,-6.0,-4.2,-7.9,-12.6,-9.6,59,1.0,0.0,0.7,9.0,7.93,13.1
2022-12-19,-2.3,-0.2,-5.0,-6.6,-4.1,62,0.0,0.0,0.0,0.0,3.8,5.3
2022-12-20,3.3,6.3,-0.5,-2.3,0.9,67,0.0,0.0,0.0,0.0,9.11,13.4
2022-12-21,-1.4,2.8,-4.2,-8.6,-3.3,59,0.0,0.0,0.0,0.0,9.35,13.8
2022-12-22,-6.3,-4.2,-7.6,-15.3,-12.4,63,1.1,0.0,0.77,10.0,12.18,19.5
2022-12-23,-6.8,-4.7,-8.8,-15.9,-14.0,67,0.6,0.0,0.42,6.0,11.58,18.1
2022-12-24,-3.8,-2.4,-5.4,-12.3,-10.3,65,0.0,0.0,0.0,0.0,11.87,18.2
2022-12-25,-3.4,-1.8,-5.5,-10.1,-8.0,56,0.0,0.0,0.0,0.0,7.96,12.6
2022-12-26,-2.6,-0.6,-4.0,-8.6,-6.5,55,0.0,0.0,0.0,0.0,5.75,8.5
2022-12-27,-1.3,2.1,-3.9,-6.9,-4.0,58,0.1,0.1,0.0,1.0,7.4,10.8
2022-12-28,-2.5,-1.1,-4.2,-7.7,-6.0,53,0.0,0.0,0.0,0.0,5.08,7.9
2022-12-29,-2.0,-0.9,-3.8,-7.2,-5.7,58,0.0,0.0,0.0,0.0,5.17,8.1
2022-12-30,-0.2,1.8,-3.4,-5.4,-4.0,55,0.0,0.0,0.0,0.0,6.57,9.8
2022-12-31,1.6,3.9,-1.2,-4.4,-2.8,62,0.0,0.0,0.0,0.0,7.72,11.3
2023-01-01,-2.0,-0.1,-3.7,-7.9,-6.5,49,0.0,0.0,0.0,0.0,5.72,8.9
2023-01-02,-3.3,-1.6,-5.7,-9.1,-7.1,52,0.0,0.0,0.0,0.0,5.57,8.5
2023-01-03,-1.3,0.7,-3.0,-6.2,-4.4,56,0.0,0.0,0.0,0.0,4.25,6.7
2023-01-04,-1.3,1.0,-3.7,-5.9,-2.9,54,0.0,0.0,0.0,0.0,3.81,6.1
2023-01-05,1.7,3.7,-0.5,-2.2,-0.8,73,0.0,0.0,0.0,0.0,5.02,7.0
2023-01-06,2.9,4.5,-0.4,-2.1,0.3,80,0.3,0.3,0.0,2.0,7.55,10.5
2023-01-07,-0.0,2.3,-2.5,-4.4,-1.2,67,0.0,0.0,0.0,0.0,5.48,8.5
2023-01-08,3.8,6.1,2.0,-1.0,3.1,80,0.0,0.0,0.0,0.0,8.13,12.3
2023-01-09,0.3,1.6,-1.2,-6.8,-5.7,46,0.0,0.0,0.0,0.0,8.25,12.4
2023-01-10,0.8,3.4,-1.8,-3.7,-0.8,59,0.0,0.0,0.0,0.0,4.41,6.4
2023-01-11,4.0,5.6,2.4,-0.4,1.0,81,0.0,0.0,0.0,0.0,6.1,7.6
2023-01-12,6.3,7.4,4.9,2.1,2.9,93,3.5,3.5,0.0,5.0,7.63,10.6
2023-01-13,2.6,6.8,-2.2,-4.3,3.3,83,4.7,4.7,0.0,6.0,13.44,20.0
2023-01-14,-6.1,-2.5,-8.9,-16.9,-13.0,57,0.0,0.0,0.0,0.0,14.9,22.5
2023-01-15,-7.4,-5.0,-9.4,-16.0,-11.5,58,0.0,0.0,0.0,0.0,12.48,19.2
2023-01-16,-4.9,-1.3,-8.1,-11.1,-8.0,51,0.0,0.0,0.0,0.0,7.33,10.6
2023-01-17,-0.6,1.4,-2.8,-6.7,-5.2,55,0.0,0.0,0.0,0.0,7.12,10.2
2023-01-18,-0.8,2.1,-4.1,-6.7,-4.4,51,0.0,0.0,0.0,0.0,7.29,10.8
2023-01-19,1.7,3.2,-1.8,-4.1,-1.4,67,0.2,0.1,0.07,1.0,10.83,17.3
2023-01-20,-5.5,-2.1,-7.3,-12.2,-10.5,46,0.0,0.0,0.0,0.0,9.37,14.5
2023-01-21,-0.5,2.4,-5.1,-5.9,-1.7,61,0.0,0.0,0.0,0.0,7.33,12.1
2023-01-22,-0.4,1.9,-6.5,-5.2,-1.7,84,0.0,0.0,0.0,0.0,9.15,13.6
2023-01-23,-10.5,-6.9,-12.1,-19.7,-14.0,69,0.0,0.0,0.0,0.0,12.67,19.1
2023-01-24,-11.7,-9.6,-13.3,-20.2,-16.0,62,1.3,0.0,0.91,11.0,10.85,17.8
2023-01-25,-5.3,-2.7,-9.2,-12.1,-9.1,51,0.0,0.0,0.0,0.0,7.93,13.3
2023-01-26,-3.9,-2.3,-6.9,-10.5,-7.9,52,0.0,0.0,0.0,0.0,8.02,12.4
2023-01-27,-5.0,-3.1,-7.0,-12.2,-10.3,49,0.0,0.0,0.0,0.0,9.89,15.5
2023-01-28,-2.1,-0.3,-3.8,-8.8,-6.8,51,0.0,0.0,0.0,0.0,8.08,10.6
2023-01-29,0.8,2.1,-1.0,-5.4,-3.7,58,0.0,0.0,0.0,0.0,8.99,12.8
2023-01-30,1.6,3.7,-1.6,-3.1,-0.9,71,0.0,0.0,0.0,0.0,7.73,11.2
2023-01-31,2.4,4.5,0.4,-2.4,-0.0,74,0.0,0.0,0.0,0.0,7.84,11.2
2023-02-01,-1.0,1.5,-2.6,-9.0,-3.2,49,0.0,0.0,0.0,0.0,12.17,17.3
2023-02-02,-3.4,-2.0,-5.1,-9.7,-8.1,45,0.0,0.0,0.0,0.0,7.37,10.5
2023-02-03,-0.8,1.8,-3.5,-5.6,-3.8,60,0.0,0.0,0.0,0.0,5.66,8.3
2023-02-04,0.3,2.7,-1.8,-3.7,-1.0,74,0.0,0.0,0.0,0.0,3.42,5.5
2023-02-05,2.6,5.0,0.1,-2.2,0.0,74,0.0,0.0,0.0,0.0,6.11,9.2
2023-02-06,1.4,3.7,-0.7,-3.2,-0.7,75,0.0,0.0,0.0,0.0,5.77,8.3
2023-02-07,0.0,2.4,-1.4,-5.2,-1.6,52,0.0,0.0,0.0,0.0,5.52,8.1
2023-02-08,-0.4,2.2,-2.1,-5.9,-3.2,55,0.0,0.0,0.0,0.0,6.51,9.2
2023-02-09,0.6,2.1,-1.4,-4.2,-1.8,64,0.0,0.0,0.0,0.0,6.05,8.1
2023-02-10,1.4,2.8,0.1,-2.7,-1.5,83,0.1,0.1,0.0,1.0,4.97,7.3
2023-02-11,2.4,4.6,0.2,-1.2,0.8,88,0.0,0.0,0.0,0.0,4.55,6.9
2023-02-12,1.2,2.8,-0.7,-4.2,-0.7,83,0.4,0.1,0.21,4.0,10.8,15.0
2023-02-13,-1.6,-0.8,-3.2,-10.1,-8.0,52,0.0,0.0,0.0,0.0,11.44,17.0
2023-02-14,-1.6,-0.7,-2.8,-9.2,-7.8,50,0.0,0.0,0.0,0.0,9.31,13.9
2023-02-15,-3.1,-1.1,-4.8,-9.4,-6.3,45,0.0,0.0,0.0,0.0,8.45,11.7
2023-02-16,0.5,3.4,-3.4,-4.7,-1.7,66,0.0,0.0,0.0,0.0,6.58,9.6
2023-02-17,3.1,4.5,2.3,-1.2,0.5,83,0.0,0.0,0.0,0.0,5.79,9.0
2023-02-18,2.7,4.0,-1.2,-1.1,1.7,92,2.6,1.7,0.63,13.0,10.49,15.4
2023-02-19,0.7,2.7,-2.0,-5.8,-2.3,66,0.0,0.0,0.0,0.0,10.75,15.1
2023-02-20,-1.6,0.4,-2.3,-9.0,-7.0,43,0.0,0.0,0.0,0.0,9.46,15.3
2023-02-21,-2.3,-1.0,-3.7,-8.0,-6.2,46,0.0,0.0,0.0,0.0,6.22,9.6
2023-02-22,1.5,3.4,-1.7,-3.8,-1.8,67,0.0,0.0,0.0,0.0,6.24,9.5
2023-02-23,3.0,4.9,1.7,-1.7,0.8,74,0.0,0.0,0.0,0.0,6.26,8.7
2023-02-24,-0.2,1.6,-1.1,-7.5,-3.3,49,0.0,0.0,0.0,0.0,9.56,14.3
2023-02-25,0.6,2.8,-1.6,-5.2,-3.2,55,0.0,0.0,0.0,0.0,7.03,10.4
2023-02-26,2.7,5.3,0.8,-1.7,1.5,70,0.0,0.0,0.0,0.0,4.41,6.5
2023-02-27,3.8,5.5,2.2,-1.3,1.0,72,0.0,0.0,0.0,0.0,7.81,11.5
2023-02-28,4.6,5.7,3.7,-0.2,1.8,72,0.0,0.0,0.0,0.0,7.61,11.1
2023-03-01,2.8,5.0,1.1,-2.3,0.2,58,0.0,0.0,0.0,0.0,7.71,10.9
2023-03-02,2.6,4.8,-0.5,-2.7,-1.0,57,0.0,0.0,0.0,0.0,7.34,11.3
2023-03-03,5.0,7.3,3.4,0.8,4.8,73,0.0,0.0,0.0,0.0,6.62,9.5
2023-03-04,3.8,5.6,2.4,-0.3,1.9,90,0.0,0.0,0.0,0.0,5.6,7.7
2023-03-05,5.2,6.9,3.4,0.9,2.7,83,0.0,0.0,0.0,0.0,8.3,11.6
2023-03-06,6.7,8.7,4.3,2.7,6.7,83,0.0,0.0,0.0,0.0,8.26,11.5
2023-03-07,4.3,7.0,2.0,0.4,3.1,92,0.0,0.0,0.0,0.0,4.9,7.1
2023-03-08,5.3,7.3,3.2,1.6,4.8,86,0.2,0.2,0.0,2.0,6.65,9.2
2023-03-09,5.3,7.4,3.4,1.5,4.7,80,0.0,0.0,0.0,0.0,5.39,7.3
2023-03-10,6.3,8.5,4.7,2.3,5.7,84,0.0,0.0,0.0,0.0,8.32,13.0
2023-03-11,6.1,7.7,4.9,-0.4,2.1,54,1.0,1.0,0.0,7.0,10.48,14.7
2023-03-12,2.0,4.7,1.1,-5.1,-1.1,44,0.0,0.0,0.0,0.0,12.07,18.4
2023-03-13,4.5,7.8,0.9,-0.8,1.9,66,0.0,0.0,0.0,0.0,8.56,12.9
2023-03-14,7.4,8.5,6.3,2.5,4.3,68,0.0,0.0,0.0,0.0,8.73,13.7
2023-03-15,4.4,6.0,3.3,-1.9,-0.3,46,0.0,0.0,0.0,0.0,11.99,16.6
2023-03-16,3.5,5.5,1.7,-0.9,0.9,57,0.0,0.0,0.0,0.0,4.61,8.6
2023-03-17,3.1,4.8,1.4,-0.6,2.2,67,0.0,0.0,0.0,0.0,4.74,5.1
2023-03-18,5.3,7.3,3.8,0.8,3.9,69,0.0,0.0,0.0,0.0,5.48,8.5
2023-03-19,5.8,8.3,4.0,2.1,5.7,73,0.0,0.0,0.0,0.0,4.59,6.5
2023-03-20,6.5,7.3,5.6,2.3,4.3,74,0.1,0.1,0.0,1.0,6.31,9.0
2023-03-21,6.6,7.6,5.5,2.5,4.8,77,0.0,0.0,0.0,0.0,6.04,9.0
2023-03-22,7.1,8.8,5.7,4.0,7.2,79,0.0,0.0,0.0,0.0,6.02,9.2
2023-03-23,6.5,7.7,5.0,-0.0,2.7,48,0.0,0.0,0.0,0.0,9.9,14.1
2023-03-24,3.8,4.8,2.6,-2.9,-1.3,42,0.0,0.0,0.0,0.0,8.54,11.4
2023-03-25,4.0,6.0,2.2,-1.1,1.1,58,0.0,0.0,0.0,0.0,5.66,7.9
2023-03-26,4.5,7.1,2.2,0.6,4.3,63,0.0,0.0,0.0,0.0,5.3,6.1
2023-03-27,6.1,8.1,3.9,2.3,5.8,76,0.6,0.6,0.0,3.0,6.79,9.6
2023-03-28,5.4,7.2,3.8,2.0,5.0,89,0.0,0.0,0.0,0.0,6.17,8.7
2023-03-29,9.0,11.1,6.8,4.8,7.7,69,0.0,0.0,0.0,0.0,6.62,10.1
2023-03-30,9.8,12.0,8.1,5.7,8.8,64,0.0,0.0,0.0,0.0,7.08,10.5
2023-03-31,9.0,10.9,7.0,6.0,9.0,71,0.0,0.0,0.0,0.0,5.17,6.9
2023-04-01,9.0,11.7,6.9,6.2,9.8,70,0.0,0.0,0.0,0.0,3.64,4.7
2023-04-02,9.3,11.3,7.4,6.2,9.4,70,0.0,0.0,0.0,0.0,5.61,7.8
2023-04-03,9.4,11.0,7.8,5.8,7.7,74,0.0,0.0,0.0,0.0,5.6,7.9
2023-04-04,8.8,9.9,8.2,3.8,5.6,79,30.1,30.1,0.0,14.0,13.73,20.7
2023-04-05,8.4,9.0,7.7,1.7,2.9,81,9.3,9.3,0.0,12.0,13.53,20.1
2023-04-06,8.1,9.8,7.0,3.5,5.7,64,0.0,0.0,0.0,0.0,7.8,10.7
2023-04-07,6.8,8.1,5.5,0.1,3.8,48,0.0,0.0,0.0,0.0,10.89,15.8
2023-04-08,9.0,10.8,7.3,4.5,8.5,59,0.0,0.0,0.0,0.0,8.14,11.5
2023-04-09,10.4,11.5,9.3,5.7,8.6,67,0.0,0.0,0.0,0.0,9.01,14.0
2023-04-10,11.7,13.5,10.4,7.3,10.0,75,0.1,0.1,0.0,1.0,11.78,16.7
2023-04-11,10.6,13.4,8.2,5.7,8.1,55,0.6,0.6,0.0,2.0,10.83,16.0
2023-04-12,10.4,12.2,8.7,6.0,8.8,53,0.0,0.0,0.0,0.0,7.82,10.8
2023-04-13,10.8,11.9,9.5,5.9,7.8,61,0.0,0.0,0.0,0.0,9.4,13.2
2023-04-14,8.9,10.1,7.9,6.1,8.1,82,0.0,0.0,0.0,0.0,5.86,8.9
2023-04-15,10.6,12.3,8.8,7.4,9.8,57,0.0,0.0,0.0,0.0,6.01,8.2
2023-04-16,9.7,11.6,7.8,6.2,8.3,68,0.0,0.0,0.0,0.0,6.74,9.0
2023-04-17,9.6,11.2,7.6,5.0,7.4,73,1.1,1.1,0.0,4.0,9.4,13.8
2023-04-18,10.3,12.0,8.7,8.2,12.3,82,0.0,0.0,0.0,0.0,5.73,7.8
2023-04-19,10.8,12.3,8.8,8.5,11.0,81,0.0,0.0,0.0,0.0,7.61,10.2
2023-04-20,12.2,14.5,10.2,7.6,9.5,60,0.0,0.0,0.0,0.0,9.71,12.7
2023-04-21,11.9,13.1,10.7,6.2,8.2,38,0.0,0.0,0.0,0.0,7.2,10.1
2023-04-22,11.1,12.8,10.0,6.4,8.3,54,0.0,0.0,0.0,0.0,7.52,9.5
2023-04-23,11.9,13.8,9.4,7.8,10.0,54,0.0,0.0,0.0,0.0,6.12,8.9
2023-04-24,11.4,13.5,10.1,7.8,12.6,45,0.0,0.0,0.0,0.0,5.38,8.2
2023-04-25,9.8,11.1,7.7,5.5,7.2,71,2.3,2.3,0.0,8.0,9.31,13.7
2023-04-26,9.3,11.3,7.1,4.8,7.3,59,0.0,0.0,0.0,0.0,7.69,9.3
2023-04-27,12.1,13.9,9.9,7.2,10.4,69,0.0,0.0,0.0,0.0,9.19,13.7
2023-04-28,11.2,12.2,10.2,8.7,10.7,85,0.6,0.6,0.0,4.0,8.5,12.2
2023-04-29,10.4,11.5,9.5,6.4,9.5,80,0.8,0.8,0.0,4.0,12.35,19.0
2023-04-30,12.0,14.9,9.1,9.3,13.5,67,0.0,0.0,0.0,0.0,6.01,8.4
2023-05-01,12.8,14.7,11.1,9.7,13.4,66,0.1,0.1,0.0,1.0,8.11,10.4
2023-05-02,14.4,16.4,13.0,9.4,10.7,64,0.0,0.0,0.0,0.0,9.75,14.0
2023-05-03,12.7,13.5,11.8,9.3,10.8,83,0.0,0.0,0.0,0.0,8.29,11.8
2023-05-04,12.1,12.5,11.7,8.1,9.2,91,20.7,20.7,0.0,19.0,10.0,14.8
2023-05-05,13.7,16.2,11.5,9.4,11.2,83,15.5,15.5,0.0,15.0,9.67,14.6
2023-05-06,14.3,16.1,12.7,10.4,14.1,62,0.0,0.0,0.0,0.0,9.61,13.5
2023-05-07,14.3,17.0,11.7,11.0,14.2,65,0.0,0.0,0.0,0.0,7.37,10.4
2023-05-08,14.4,17.1,12.1,12.1,17.0,68,0.0,0.0,0.0,0.0,5.49,6.8
2023-05-09,15.5,18.0,13.6,12.8,17.3,60,0.0,0.0,0.0,0.0,6.46,8.4
2023-05-10,15.2,19.8,12.5,13.3,17.4,61,0.0,0.0,0.0,0.0,3.96,5.4
2023-05-11,14.1,15.4,12.1,12.7,15.3,70,0.0,0.0,0.0,0.0,4.25,5.8
2023-05-12,15.9,16.9,14.8,13.3,15.4,65,0.0,0.0,0.0,0.0,6.83,13.0
2023-05-13,14.9,16.1,13.1,13.9,16.3,84,1.0,1.0,0.0,5.0,7.8,11.4
2023-05-14,14.6,16.2,12.8,13.1,14.8,86,0.0,0.0,0.0,0.0,6.64,10.5
2023-05-15,16.5,19.0,14.5,15.2,17.4,82,0.3,0.3,0.0,2.0,6.54,11.0
2023-05-16,19.5,21.4,17.8,16.9,19.5,66,0.0,0.0,0.0,0.0,11.08,15.6
2023-05-17,16.8,19.3,15.1,15.4,20.1,82,1.2,1.2,0.0,3.0,9.08,12.9
2023-05-18,16.0,17.6,14.7,16.1,20.0,89,4.7,4.7,0.0,3.0,5.46,5.9
2023-05-19,15.7,16.8,14.7,14.6,17.3,82,0.0,0.0,0.0,0.0,8.27,12.7
2023-05-20,17.1,19.1,15.0,14.7,18.6,72,3.5,3.5,0.0,6.0,9.3,12.8
2023-05-21,17.0,17.8,15.8,14.0,15.7,61,0.0,0.0,0.0,0.0,6.69,9.5
2023-05-22,17.0,19.6,14.6,15.4,19.7,69,0.0,0.0,0.0,0.0,5.55,7.5
2023-05-23,17.3,20.3,14.4,16.9,22.2,73,0.0,0.0,0.0,0.0,4.92,5.7
2023-05-24,18.1,19.9,16.1,16.5,19.2,69,0.0,0.0,0.0,0.0,6.57,9.7
2023-05-25,17.4,18.6,16.5,13.9,15.0,69,0.2,0.2,0.0,2.0,9.51,13.3
2023-05-26,16.8,17.9,15.8,16.0,18.2,88,0.0,0.0,0.0,0.0,7.32,10.0
2023-05-27,15.6,16.5,15.2,14.1,15.1,94,4.4,4.4,0.0,12.0,7.5,10.4
2023-05-28,17.3,19.6,15.3,17.8,22.1,88,0.0,0.0,0.0,0.0,3.85,5.5
2023-05-29,20.0,23.2,16.8,19.1,23.4,70,0.0,0.0,0.0,0.0,6.07,8.5
2023-05-30,19.2,20.6,17.8,18.3,21.2,64,0.0,0.0,0.0,0.0,6.28,8.6
2023-05-31,19.1,20.7,17.1,18.4,21.8,69,0.0,0.0,0.0,0.0,7.16,9.8
2023-06-01,18.8,19.8,18.1,19.0,20.7,87,9.3,9.3,0.0,6.0,7.0,9.8
2023-06-02,19.6,21.8,17.5,18.2,20.8,69,0.0,0.0,0.0,0.0,7.34,10.5
2023-06-03,20.0,22.4,17.9,18.9,22.6,64,0.0,0.0,0.0,0.0,5.7,9.5
2023-06-04,20.6,23.1,19.1,19.8,23.0,68,0.4,0.4,0.0,2.0,7.69,7.9
2023-06-05,20.5,22.3,19.1,19.5,21.5,74,0.0,0.0,0.0,0.0,7.6,11.8
2023-06-06,20.8,23.5,19.0,20.0,24.6,70,0.1,0.1,0.0,1.0,7.43,11.5
2023-06-07,21.0,22.5,19.5,20.0,23.7,69,0.5,0.5,0.0,2.0,8.21,11.3
2023-06-08,20.3,23.1,18.0,20.2,23.8,71,0.0,0.0,0.0,0.0,6.09,8.6
2023-06-09,20.1,21.9,18.0,19.2,22.6,67,0.0,0.0,0.0,0.0,9.67,13.1
2023-06-10,18.9,20.3,17.3,19.7,22.0,84,0.0,0.0,0.0,0.0,6.53,8.0
2023-06-11,18.6,20.7,16.8,19.5,22.4,88,0.0,0.0,0.0,0.0,5.06,7.4
2023-06-12,19.5,21.9,17.2,21.5,24.8,82,0.1,0.1,0.0,1.0,1.8,3.9
2023-06-13,20.1,21.9,18.2,21.7,24.6,78,0.0,0.0,0.0,0.0,2.84,3.7
2023-06-14,20.7,23.2,18.8,22.2,25.5,77,0.0,0.0,0.0,0.0,3.45,5.3
2023-06-15,21.1,22.2,19.6,21.5,24.2,79,0.0,0.0,0.0,0.0,6.65,9.5
2023-06-16,22.5,23.6,21.0,22.4,24.6,74,0.0,0.0,0.0,0.0,7.22,10.4
2023-06-17,21.5,22.2,20.6,22.2,23.3,81,0.0,0.0,0.0,0.0,7.2,10.2
2023-06-18,22.1,24.8,19.9,24.9,29.2,85,0.0,0.0,0.0,0.0,3.26,5.4
2023-06-19,21.0,22.4,19.5,23.0,24.6,88,4.2,4.2,0.0,8.0,4.34,6.4
2023-06-20,20.2,20.9,19.3,21.1,22.7,90,8.4,8.4,0.0,10.0,7.18,9.6
2023-06-21,21.7,24.6,19.2,23.6,26.7,85,0.0,0.0,0.0,0.0,5.48,7.5
2023-06-22,23.2,25.0,21.1,25.6,28.1,76,0.0,0.0,0.0,0.0,3.83,6.2
2023-06-23,23.2,24.2,21.3,25.0,27.1,79,0.0,0.0,0.0,0.0,5.63,7.2
2023-06-24,23.1,24.2,22.1,23.6,25.5,81,0.0,0.0,0.0,0.0,7.67,10.8
2023-06-25,22.0,23.1,21.0,23.7,25.3,89,0.0,0.0,0.0,0.0,6.81,9.2
2023-06-26,22.0,23.2,21.2,23.6,24.7,89,15.1,15.1,0.0,18.0,6.24,7.8
2023-06-27,23.2,25.0,21.1,24.3,27.5,83,0.0,0.0,0.0,0.0,7.21,11.5
2023-06-28,22.3,22.8,21.8,24.0,25.0,91,1.7,1.7,0.0,3.0,5.95,9.5
2023-06-29,22.7,25.3,21.4,24.6,27.2,88,10.1,10.1,0.0,9.0,7.07,10.1
2023-06-30,23.1,25.2,20.8,26.4,29.9,89,0.0,0.0,0.0,0.0,5.92,7.5
2023-07-01,24.6,26.7,22.8,27.2,31.3,84,0.0,0.0,0.0,0.0,6.18,7.6
2023-07-02,23.7,24.3,23.0,26.1,28.7,89,0.0,0.0,0.0,0.0,6.66,9.3
2023-07-03,23.4,24.2,22.5,25.9,27.4,92,0.3,0.3,0.0,3.0,5.86,7.6
2023-07-04,23.0,23.6,22.5,24.9,27.1,95,31.6,31.6,0.0,14.0,11.61,14.0
2023-07-05,24.7,27.1,21.9,25.2,27.7,76,0.0,0.0,0.0,0.0,9.68,11.9
2023-07-06,25.8,26.5,25.0,27.0,29.8,75,0.0,0.0,0.0,0.0,8.2,11.1
2023-07-07,24.2,25.3,22.9,24.9,27.6,82,0.0,0.0,0.0,0.0,9.04,15.2
2023-07-08,22.8,23.9,22.0,24.3,26.5,91,16.9,16.9,0.0,4.0,8.59,13.1
2023-07-09,23.8,24.8,22.7,27.5,29.5,92,0.0,0.0,0.0,0.0,5.14,7.0
2023-07-10,24.0,24.8,22.8,28.0,30.0,90,0.0,0.0,0.0,0.0,5.19,8.0
2023-07-11,25.2,27.1,24.1,29.5,32.2,89,0.1,0.1,0.0,1.0,5.82,6.8
2023-07-12,24.2,24.8,23.6,28.7,30.5,94,0.8,0.8,0.0,4.0,4.75,5.8
2023-07-13,24.3,25.3,23.2,26.6,29.2,92,5.5,5.5,0.0,11.0,8.59,12.7
2023-07-14,25.8,27.2,24.2,28.4,30.0,86,0.1,0.1,0.0,1.0,7.79,10.8
2023-07-15,25.1,26.7,23.8,25.6,27.7,73,0.0,0.0,0.0,0.0,8.66,11.6
2023-07-16,24.6,26.2,23.1,26.6,29.1,75,0.0,0.0,0.0,0.0,5.98,7.3
2023-07-17,24.8,26.8,23.0,27.9,30.3,79,0.0,0.0,0.0,0.0,4.55,5.6
2023-07-18,25.0,26.8,22.7,28.5,32.3,79,0.0,0.0,0.0,0.0,4.03,4.6
2023-07-19,26.0,28.5,24.1,29.1,32.5,75,0.0,0.0,0.0,0.0,4.48,6.2
2023-07-20,26.2,28.2,24.6,29.5,33.2,78,0.0,0.0,0.0,0.0,4.74,6.3
2023-07-21,25.5,26.4,24.2,28.5,29.9,83,0.0,0.0,0.0,0.0,6.46,8.5
2023-07-22,24.8,25.6,23.5,26.4,27.8,92,52.1,52.1,0.0,17.0,10.34,15.8
2023-07-23,24.6,26.3,23.1,27.9,30.3,86,0.0,0.0,0.0,0.0,5.95,7.1
2023-07-24,24.9,26.3,23.2,29.5,31.5,90,0.0,0.0,0.0,0.0,4.5,5.5
2023-07-25,25.3,26.2,24.6,29.8,30.6,92,0.0,0.0,0.0,0.0,4.04,5.9
2023-07-26,25.8,26.8,24.7,30.5,32.4,92,0.1,0.1,0.0,1.0,5.28,6.4
2023-07-27,26.2,27.1,25.6,29.9,31.4,90,4.7,4.7,0.0,10.0,6.6,9.3
2023-07-28,26.6,27.7,25.7,30.6,32.8,91,1.0,1.0,0.0,8.0,6.33,9.0
2023-07-29,26.0,26.3,25.6,30.0,30.7,92,32.8,32.8,0.0,24.0,5.9,7.2
2023-07-30,26.2,26.8,25.8,29.9,30.8,93,1.0,1.0,0.0,10.0,6.74,8.9
2023-07-31,26.2,26.8,25.6,30.4,31.2,93,0.4,0.4,0.0,4.0,5.66,7.8
2023-08-01,26.6,27.7,25.7,31.7,33.3,90,0.0,0.0,0.0,0.0,4.71,6.6
2023-08-02,27.3,28.3,26.2,31.4,32.8,84,0.0,0.0,0.0,0.0,5.82,8.5
2023-08-03,28.1,29.2,27.1,31.9,34.3,84,0.0,0.0,0.0,0.0,7.52,10.5
2023-08-04,28.3,29.7,27.5,32.8,36.0,85,0.0,0.0,0.0,0.0,7.47,10.5
2023-08-05,27.1,28.1,25.4,31.4,33.9,87,31.9,31.9,0.0,15.0,7.75,11.3
2023-08-06,24.1,25.7,22.5,23.3,25.8,71,0.0,0.0,0.0,0.0,8.51,13.2
2023-08-07,24.8,27.4,22.1,25.2,29.5,75,0.0,0.0,0.0,0.0,8.4,11.8
2023-08-08,26.1,28.3,24.0,29.5,34.2,77,0.0,0.0,0.0,0.0,5.52,7.4
2023-08-09,27.1,29.2,24.9,30.9,35.1,80,0.0,0.0,0.0,0.0,6.71,8.6
2023-08-10,26.4,28.1,25.0,26.6,28.8,71,0.0,0.0,0.0,0.0,10.02,14.1
2023-08-11,25.5,27.0,24.4,25.8,28.3,76,0.0,0.0,0.0,0.0,10.91,15.6
2023-08-12,25.3,26.2,24.4,28.4,29.6,86,24.2,24.2,0.0,12.0,8.71,9.7
2023-08-13,25.4,26.0,24.5,27.4,29.3,89,11.5,11.5,0.0,5.0,12.08,15.1
2023-08-14,25.6,27.2,24.2,28.6,31.1,85,0.0,0.0,0.0,0.0,6.53,9.1
2023-08-15,26.2,28.3,24.4,31.1,34.2,86,0.0,0.0,0.0,0.0,3.45,4.1
2023-08-16,26.8,29.0,25.4,32.2,35.3,86,0.0,0.0,0.0,0.0,2.92,3.9
2023-08-17,26.9,28.8,25.1,32.7,35.5,88,0.1,0.1,0.0,1.0,3.21,4.2
2023-08-18,26.9,28.4,25.6,32.1,34.1,87,0.0,0.0,0.0,0.0,3.83,5.3
2023-08-19,27.5,29.2,26.4,33.3,35.4,88,0.0,0.0,0.0,0.0,3.7,4.7
2023-08-20,26.8,27.7,26.1,31.6,32.7,88,0.6,0.6,0.0,3.0,4.78,6.3
2023-08-21,25.4,26.7,24.1,28.7,30.8,90,25.0,25.0,0.0,17.0,7.72,9.6
2023-08-22,25.6,28.1,23.7,29.3,34.6,83,0.0,0.0,0.0,0.0,5.53,6.6
2023-08-23,25.7,28.4,23.6,26.8,29.6,68,0.0,0.0,0.0,0.0,5.84,8.3
2023-08-24,25.9,28.2,23.7,28.1,32.2,71,0.0,0.0,0.0,0.0,6.32,7.1
2023-08-25,25.1,26.5,23.9,26.5,28.3,75,0.0,0.0,0.0,0.0,6.39,9.0
2023-08-26,24.3,25.8,23.4,25.1,27.1,70,0.0,0.0,0.0,0.0,5.9,8.0
2023-08-27,24.1,25.8,23.0,25.1,27.5,70,0.6,0.6,0.0,5.0,5.53,7.7
2023-08-28,22.3,23.2,21.6,22.0,24.9,83,34.7,34.7,0.0,20.0,10.54,15.4
2023-08-29,23.0,24.4,21.7,21.8,23.7,77,0.0,0.0,0.0,0.0,10.55,16.6
2023-08-30,23.0,25.0,21.3,23.5,25.8,70,0.0,0.0,0.0,0.0,5.39,7.9
2023-08-31,23.5,25.1,21.8,25.9,28.1,79,0.8,0.8,0.0,5.0,5.46,5.9
2023-09-01,23.7,26.1,22.2,26.3,29.2,79,0.2,0.2,0.0,1.0,3.49,4.9
2023-09-02,24.2,26.8,21.7,27.7,30.8,80,0.0,0.0,0.0,0.0,2.47,3.4
2023-09-03,24.1,25.5,22.8,26.7,28.4,79,0.0,0.0,0.0,0.0,4.18,6.2
2023-09-04,24.2,25.5,23.0,27.8,29.5,83,0.0,0.0,0.0,0.0,3.28,5.1
2023-09-05,25.2,27.5,23.5,27.9,31.8,81,0.0,0.0,0.0,0.0,5.61,7.4
2023-09-06,24.9,27.4,22.9,27.3,30.8,78,0.0,0.0,0.0,0.0,5.16,6.7
2023-09-07,25.2,27.4,23.1,29.1,32.1,82,0.0,0.0,0.0,0.0,3.67,5.5
2023-09-08,25.5,27.1,24.6,29.5,31.6,84,0.0,0.0,0.0,0.0,5.12,6.7
2023-09-09,25.2,26.7,24.0,28.9,30.8,80,0.5,0.5,0.0,2.0,3.31,7.1
2023-09-10,23.8,24.8,22.9,26.1,27.9,77,0.0,0.0,0.0,0.0,4.62,6.7
2023-09-11,24.6,26.3,23.3,27.6,29.2,78,0.1,0.1,0.0,1.0,3.8,5.3
2023-09-12,24.1,25.9,22.0,23.0,27.6,58,0.1,0.1,0.0,1.0,7.19,10.8
2023-09-13,22.7,25.5,20.5,20.9,23.6,51,0.0,0.0,0.0,0.0,6.71,9.2
2023-09-14,22.8,24.9,20.5,23.4,26.6,63,0.0,0.0,0.0,0.0,5.2,7.2
2023-09-15,23.1,24.9,20.7,25.5,27.6,80,0.0,0.0,0.0,0.0,3.58,4.9
2023-09-16,23.3,24.5,22.1,26.2,27.5,84,0.0,0.0,0.0,0.0,4.02,6.0
2023-09-17,23.4,25.6,21.4,26.1,28.8,80,0.0,0.0,0.0,0.0,4.2,5.7
2023-09-18,24.8,26.7,23.2,27.3,29.8,82,0.9,0.9,0.0,2.0,5.68,8.0
2023-09-19,23.4,24.9,22.1,23.8,26.7,71,1.1,1.1,0.0,3.0,6.26,8.6
2023-09-20,21.7,23.4,20.4,18.5,20.8,55,0.0,0.0,0.0,0.0,8.82,13.2
2023-09-21,21.4,23.6,19.1,19.5,22.8,54,0.0,0.0,0.0,0.0,7.67,10.8
2023-09-22,22.4,24.9,19.7,22.1,25.8,73,0.5,0.5,0.0,2.0,7.7,11.8
2023-09-23,20.9,23.3,19.1,19.7,21.9,67,0.0,0.0,0.0,0.0,7.35,11.1
2023-09-24,21.8,23.3,20.1,21.9,23.0,76,6.2,6.2,0.0,17.0,7.34,9.7
2023-09-25,21.1,21.8,20.1,21.8,23.8,84,10.5,10.5,0.0,24.0,6.22,8.4
2023-09-26,21.5,22.0,20.8,22.5,23.4,81,3.9,3.9,0.0,17.0,7.01,9.3
2023-09-27,21.7,23.7,20.4,22.5,23.6,82,0.0,0.0,0.0,0.0,6.48,8.2
2023-09-28,21.4,23.5,19.9,20.2,22.0,60,0.0,0.0,0.0,0.0,6.6,9.3
2023-09-29,21.5,23.3,19.2,21.2,22.9,67,0.2,0.2,0.0,1.0,6.31,9.7
2023-09-30,19.8,21.7,18.6,17.1,20.7,61,0.6,0.6,0.0,3.0,8.11,12.7
2023-10-01,20.1,22.4,18.5,19.0,21.9,58,0.0,0.0,0.0,0.0,4.55,6.3
2023-10-02,20.7,22.9,18.0,19.8,21.9,61,0.0,0.0,0.0,0.0,6.24,8.0
2023-10-03,21.1,22.1,20.3,20.6,21.8,70,0.0,0.0,0.0,0.0,6.76,9.3
2023-10-04,19.5,20.7,17.2,16.0,20.6,56,0.1,0.1,0.0,1.0,11.14,16.0
2023-10-05,16.5,17.9,14.6,11.7,14.7,44,0.0,0.0,0.0,0.0,10.82,15.6
2023-10-06,19.8,22.4,18.0,18.6,21.8,59,0.0,0.0,0.0,0.0,4.97,6.4
2023-10-07,18.8,20.4,17.7,17.7,18.9,64,0.0,0.0,0.0,0.0,4.3,5.7
2023-10-08,19.1,20.5,17.2,18.2,19.5,70,1.9,1.9,0.0,6.0,4.83,7.4
2023-10-09,17.2,18.3,16.6,15.8,17.9,75,2.6,2.6,0.0,5.0,6.92,10.3
2023-10-10,17.6,20.6,15.3,15.8,19.1,70,0.0,0.0,0.0,0.0,6.83,10.2
2023-10-11,18.5,21.1,16.4,17.6,20.4,63,0.0,0.0,0.0,0.0,3.47,5.4
2023-10-12,18.7,21.1,16.7,18.8,21.3,72,0.0,0.0,0.0,0.0,3.05,4.5
2023-10-13,17.5,18.7,14.8,17.3,19.3,77,5.7,5.7,0.0,12.0,5.63,6.3
2023-10-14,16.5,18.5,14.5,15.3,16.6,77,5.0,5.0,0.0,7.0,5.24,9.0
2023-10-15,16.8,18.8,14.7,12.5,17.1,55,0.0,0.0,0.0,0.0,9.31,14.5
2023-10-16,14.6,16.1,13.4,10.1,11.4,47,0.0,0.0,0.0,0.0,7.09,9.8
2023-10-17,17.4,19.2,14.5,15.1,17.6,61,0.0,0.0,0.0,0.0,6.77,10.6
2023-10-18,17.5,19.5,15.2,16.5,19.8,83,4.5,4.5,0.0,6.0,8.46,12.0
2023-10-19,16.2,17.9,14.2,12.7,15.7,57,0.0,0.0,0.0,0.0,9.02,12.2
2023-10-20,13.1,15.3,11.7,6.7,9.6,45,0.0,0.0,0.0,0.0,9.62,13.8
2023-10-21,14.5,16.0,12.5,10.4,12.9,49,0.0,0.0,0.0,0.0,9.14,13.4
2023-10-22,17.1,19.4,15.2,15.1,17.1,71,0.0,0.0,0.0,0.0,6.07,9.1
2023-10-23,17.5,19.3,15.5,15.9,17.7,75,0.0,0.0,0.0,0.0,7.82,10.8
2023-10-24,17.9,19.3,17.1,16.7,18.4,77,0.0,0.0,0.0,0.0,7.34,10.3
2023-10-25,18.1,20.2,16.0,17.5,19.4,82,0.0,0.0,0.0,0.0,5.2,7.7
2023-10-26,14.8,17.7,12.8,8.9,17.0,45,0.0,0.0,0.0,0.0,10.2,14.7
2023-10-27,14.7,18.0,11.5,12.3,15.8,59,0.0,0.0,0.0,0.0,5.0,6.6
2023-10-28,15.1,17.2,12.9,14.0,15.7,79,0.0,0.0,0.0,0.0,4.02,6.4
2023-10-29,17.2,18.7,15.5,16.4,17.9,85,0.0,0.0,0.0,0.0,6.09,8.6
2023-10-30,18.0,19.2,17.3,17.4,19.4,83,0.0,0.0,0.0,0.0,6.34,8.5
2023-10-31,17.9,19.5,15.9,17.0,18.2,85,0.0,0.0,0.0,0.0,7.06,9.8
2023-11-01,17.3,19.3,15.6,17.7,20.0,90,0.0,0.0,0.0,0.0,5.46,7.0
2023-11-02,18.9,21.0,16.7,17.4,19.2,77,0.0,0.0,0.0,0.0,7.72,15.4
2023-11-03,11.9,16.4,9.7,6.7,11.0,54,0.0,0.0,0.0,0.0,10.65,15.4
2023-11-04,12.7,14.8,10.8,10.0,12.5,58,0.0,0.0,0.0,0.0,3.83,5.6
2023-11-05,14.5,16.4,11.5,11.6,14.5,89,26.1,26.1,0.0,14.0,10.07,18.7
2023-11-06,7.7,11.3,5.7,0.4,5.8,79,5.8,5.8,0.0,19.0,13.52,21.3
2023-11-07,7.8,12.3,4.7,3.5,7.6,64,0.0,0.0,0.0,0.0,8.32,12.4
2023-11-08,13.6,15.4,11.5,10.5,13.6,76,1.0,1.0,0.0,4.0,8.58,12.8
2023-11-09,7.1,11.2,3.8,0.9,9.5,71,0.8,0.8,0.0,2.0,11.16,17.1
2023-11-10,2.4,3.7,0.3,-4.6,-3.0,57,0.0,0.0,0.0,0.0,9.41,14.2
2023-11-11,1.6,3.2,0.1,-4.7,-2.9,63,0.0,0.0,0.0,0.0,7.45,11.3
2023-11-12,1.2,2.2,0.2,-5.9,-4.3,66,0.0,0.0,0.0,0.0,11.02,15.9
2023-11-13,4.2,6.8,0.7,-1.2,2.2,61,0.0,0.0,0.0,0.0,9.02,12.2
2023-11-14,8.6,10.5,6.4,4.0,5.8,60,0.0,0.0,0.0,0.0,5.8,9.0
2023-11-15,10.4,11.6,9.3,6.1,7.9,60,0.0,0.0,0.0,0.0,6.19,8.8
2023-11-16,7.8,10.9,4.6,2.6,6.3,61,3.1,3.1,0.0,8.0,10.0,14.9
2023-11-17,2.4,5.6,1.0,-5.7,-0.2,63,2.2,1.4,0.56,14.0,12.33,20.1
2023-11-18,5.7,10.3,0.9,-0.6,4.6,62,0.0,0.0,0.0,0.0,9.72,15.1
2023-11-19,9.0,10.6,7.3,4.2,6.3,59,0.0,0.0,0.0,0.0,7.73,11.0
2023-11-20,10.1,12.2,6.5,5.9,7.2,62,0.0,0.0,0.0,0.0,8.0,11.0
2023-11-21,12.2,13.2,11.3,9.2,11.2,85,0.0,0.0,0.0,0.0,7.56,10.7
2023-11-22,12.4,13.3,11.1,9.0,10.6,84,0.1,0.1,0.0,1.0,8.49,11.4
2023-11-23,3.4,9.8,-0.8,-3.8,4.9,69,0.8,0.6,0.14,7.0,12.3,17.6
2023-11-24,-2.1,-1.1,-2.9,-9.3,-7.8,59,0.0,0.0,0.0,0.0,10.42,16.3
2023-11-25,1.0,5.7,-2.8,-4.5,-0.4,59,1.2,0.8,0.28,6.0,8.2,11.8
2023-11-26,6.1,6.9,5.2,2.6,4.5,77,1.1,1.1,0.0,4.0,7.94,11.7
2023-11-27,3.9,6.8,0.4,-2.2,1.9,73,0.0,0.0,0.0,0.0,9.21,13.2
2023-11-28,0.2,3.4,-2.6,-5.6,-2.3,55,0.0,0.0,0.0,0.0,8.22,12.4
2023-11-29,-0.2,2.4,-2.2,-7.4,-3.5,58,0.1,0.1,0.0,1.0,10.68,14.6
2023-11-30,-1.3,0.1,-2.9,-7.5,-5.7,57,0.0,0.0,0.0,0.0,7.01,11.5
2023-12-01,1.4,3.9,-0.8,-4.3,-2.3,58,0.0,0.0,0.0,0.0,7.54,11.4
2023-12-02,3.8,6.2,0.8,-2.4,-0.7,56,0.0,0.0,0.0,0.0,8.62,12.8
2023-12-03,4.6,7.7,0.3,-0.5,2.1,61,0.0,0.0,0.0,0.0,7.74,10.3
2023-12-04,8.0,9.1,6.9,3.7,6.2,69,0.0,0.0,0.0,0.0,7.78,10.9
2023-12-05,7.9,10.0,5.6,4.9,6.4,79,0.0,0.0,0.0,0.0,4.19,6.0
2023-12-06,6.5,8.4,4.9,1.0,5.5,58,0.0,0.0,0.0,0.0,9.21,14.1
2023-12-07,9.1,10.8,5.7,4.4,6.3,70,0.0,0.0,0.0,0.0,8.21,11.4
2023-12-08,9.8,11.5,5.7,6.3,8.5,79,0.0,0.0,0.0,0.0,9.18,15.5
2023-12-09,2.7,4.7,0.4,-4.9,-2.8,47,0.0,0.0,0.0,0.0,9.4,15.6
2023-12-10,-1.8,0.1,-3.0,-10.5,-7.9,47,0.0,0.0,0.0,0.0,10.72,16.6
2023-12-11,-3.6,-3.1,-4.7,-12.6,-11.7,66,2.9,0.0,2.03,11.0,11.6,17.8
2023-12-12,-3.8,-1.6,-5.8,-11.2,-8.0,65,0.0,0.0,0.0,0.0,11.51,16.9
2023-12-13,-1.4,-0.1,-2.8,-7.2,-5.3,60,0.0,0.0,0.0,0.0,7.09,9.7
2023-12-14,-2.3,-1.2,-4.1,-10.0,-8.1,76,7.9,0.0,5.53,13.0,12.11,18.1
2023-12-15,-6.3,-4.3,-7.5,-16.3,-13.4,85,1.6,0.0,1.12,8.0,15.74,23.1
2023-12-16,-7.8,-7.3,-8.6,-16.7,-15.2,74,3.8,0.0,2.66,20.0,12.59,18.5
2023-12-17,-7.3,-5.6,-8.4,-13.5,-11.6,61,0.9,0.0,0.63,9.0,8.97,14.2
2023-12-18,-3.5,0.2,-8.0,-7.8,-4.0,62,0.7,0.0,0.49,6.0,5.91,8.5
2023-12-19,-3.8,-0.0,-8.3,-11.0,-5.8,72,2.0,0.0,1.4,13.0,10.69,15.6
2023-12-20,-9.5,-8.6,-10.6,-17.5,-16.7,69,2.6,0.0,1.82,22.0,9.51,15.2
2023-12-21,-8.6,-6.5,-10.2,-16.6,-13.9,67,2.0,0.0,1.4,20.0,9.21,14.8
2023-12-22,-5.6,-2.9,-8.2,-12.0,-8.6,63,0.0,0.0,0.0,0.0,7.44,12.3
2023-12-23,-1.9,-0.3,-3.0,-7.1,-5.3,62,0.7,0.0,0.49,6.0,5.16,8.5
2023-12-24,-1.8,-0.7,-3.2,-7.9,-6.0,61,0.0,0.0,0.0,0.0,8.45,12.3
2023-12-25,-0.3,2.3,-3.2,-5.9,-4.1,62,0.0,0.0,0.0,0.0,8.06,11.0
2023-12-26,1.1,2.7,-1.2,-4.9,-2.7,64,0.0,0.0,0.0,0.0,7.18,10.4
2023-12-27,-0.4,1.1,-1.8,-5.0,-2.1,58,0.0,0.0,0.0,0.0,5.64,8.2
2023-12-28,0.9,2.5,-0.9,-3.4,-2.4,78,0.0,0.0,0.0,0.0,5.44,8.7
2023-12-29,1.7,3.6,-0.9,-2.1,-0.5,78,0.0,0.0,0.0,0.0,4.94,7.5
2023-12-30,3.0,4.4,1.2,-1.0,2.0,93,7.8,7.1,0.49,21.0,9.18,12.1
2023-12-31,-3.6,0.6,-5.6,-12.3,-7.3,78,0.0,0.0,0.0,0.0,12.46,18.2
2024-01-01,-2.6,1.5,-6.2,-8.0,-4.1,71,0.0,0.0,0.0,0.0,7.32,10.7
2024-01-02,1.2,2.4,0.1,-3.3,-2.1,78,0.0,0.0,0.0,0.0,5.82,8.1
2024-01-03,-0.6,0.5,-1.6,-5.4,-4.5,80,0.0,0.0,0.0,0.0,5.67,8.8
2024-01-04,3.1,5.0,0.4,-2.5,-0.6,76,0.0,0.0,0.0,0.0,8.35,12.0
2024-01-05,-0.4,2.7,-2.2,-5.8,-2.4,59,0.0,0.0,0.0,0.0,7.61,10.8
2024-01-06,-1.6,-0.3,-3.3,-7.6,-4.7,69,0.0,0.0,0.0,0.0,8.57,12.7
2024-01-07,-5.7,-3.2,-7.5,-12.0,-8.5,54,0.0,0.0,0.0,0.0,8.66,13.0
2024-01-08,-1.0,2.0,-6.7,-6.3,-2.8,61,0.0,0.0,0.0,0.0,7.52,11.3
2024-01-09,-1.6,1.1,-4.2,-7.9,-2.5,71,0.0,0.0,0.0,0.0,9.6,14.0
2024-01-10,-1.7,2.3,-5.5,-8.2,-4.5,64,0.0,0.0,0.0,0.0,8.5,12.3
2024-01-11,2.4,3.7,-0.3,-3.3,-1.2,68,0.0,0.0,0.0,0.0,8.15,11.6
2024-01-12,0.8,3.7,-1.9,-3.5,-0.5,65,0.0,0.0,0.0,0.0,4.62,6.9
2024-01-13,0.7,4.2,-2.3,-5.1,-0.9,69,0.0,0.0,0.0,0.0,6.82,9.5
2024-01-14,-2.0,4.0,-3.9,-10.1,-0.2,60,1.3,1.2,0.07,4.0,12.73,19.1
2024-01-15,-1.7,1.6,-4.3,-7.1,-4.2,54,0.0,0.0,0.0,0.0,7.85,11.5
2024-01-16,1.1,3.1,-1.1,-2.9,-1.3,70,0.0,0.0,0.0,0.0,4.12,6.0
2024-01-17,1.7,2.8,1.1,-1.9,-1.0,84,4.2,1.2,2.1,13.0,4.38,6.5
2024-01-18,-1.3,1.2,-3.2,-8.6,-3.5,66,0.0,0.0,0.0,0.0,9.46,14.0
2024-01-19,-2.2,0.6,-4.8,-9.5,-6.2,55,0.0,0.0,0.0,0.0,8.85,13.4
2024-01-20,-2.9,-1.3,-5.3,-10.2,-8.5,69,1.3,0.0,0.91,11.0,10.54,14.9
2024-01-21,-8.5,-5.5,-9.7,-17.8,-14.2,73,0.3,0.0,0.21,3.0,12.0,17.8
2024-01-22,-9.5,-8.8,-10.7,-18.9,-17.8,65,0.7,0.0,0.49,7.0,11.74,18.2
2024-01-23,-7.0,-3.0,-10.2,-14.9,-10.4,59,0.0,0.0,0.0,0.0,9.76,15.1
2024-01-24,-4.2,-3.0,-5.9,-10.7,-8.7,61,0.0,0.0,0.0,0.0,7.61,11.5
2024-01-25,-0.9,1.7,-3.8,-5.8,-3.3,69,0.0,0.0,0.0,0.0,5.52,8.8
2024-01-26,-1.1,1.0,-2.7,-5.9,-3.7,68,0.0,0.0,0.0,0.0,5.1,8.0
2024-01-27,-2.8,-0.9,-4.3,-8.9,-6.7,56,0.0,0.0,0.0,0.0,5.93,8.7
2024-01-28,-1.1,1.9,-4.0,-6.0,-3.8,68,0.0,0.0,0.0,0.0,5.39,8.1
2024-01-29,0.2,1.6,-1.8,-4.0,-2.5,81,0.0,0.0,0.0,0.0,4.66,6.7
2024-01-30,2.6,3.9,1.1,-2.3,-1.0,84,0.0,0.0,0.0,0.0,6.62,9.7
2024-01-31,-3.0,3.4,-8.1,-10.6,-0.5,72,0.1,0.1,0.0,1.0,10.93,16.3
2024-02-01,-8.6,-7.4,-10.2,-17.4,-15.9,58,0.0,0.0,0.0,0.0,11.6,17.8
2024-02-02,-6.0,-2.1,-9.1,-13.4,-8.6,56,0.0,0.0,0.0,0.0,9.21,14.1
2024-02-03,-3.7,-0.6,-5.5,-11.1,-8.0,51,0.0,0.0,0.0,0.0,8.73,12.7
2024-02-04,-3.4,-0.6,-6.2,-10.6,-7.1,47,0.0,0.0,0.0,0.0,8.65,12.5
2024-02-05,-3.2,-2.2,-4.2,-10.3,-8.7,64,4.5,0.0,3.15,17.0,8.49,12.3
2024-02-06,-4.2,-2.6,-6.1,-11.9,-10.2,59,0.0,0.0,0.0,0.0,8.89,13.1
2024-02-07,-3.3,-1.3,-5.1,-10.4,-8.4,59,0.0,0.0,0.0,0.0,8.6,12.3
2024-02-08,-2.0,0.6,-3.8,-7.7,-4.9,65,0.0,0.0,0.0,0.0,6.58,8.8
2024-02-09,-0.5,3.1,-3.7,-5.1,-1.9,73,0.0,0.0,0.0,0.0,5.02,6.7
2024-02-10,-1.1,1.1,-2.7,-5.8,-3.3,68,0.0,0.0,0.0,0.0,4.6,6.6
2024-02-11,1.0,3.5,-1.1,-4.1,-1.3,70,0.0,0.0,0.0,0.0,6.93,9.6
2024-02-12,4.2,6.3,0.5,-1.1,1.0,77,0.0,0.0,0.0,0.0,8.13,11.9
2024-02-13,5.6,7.3,4.1,1.1,3.5,80,0.0,0.0,0.0,0.0,7.92,11.0
2024-02-14,3.0,4.9,0.4,-2.6,1.5,75,0.0,0.0,0.0,0.0,9.41,13.9
2024-02-15,-0.3,1.0,-1.6,-7.4,-5.7,47,0.0,0.0,0.0,0.0,9.9,14.7
2024-02-16,1.9,4.0,-1.5,-4.4,-3.0,65,0.0,0.0,0.0,0.0,9.14,13.3
2024-02-17,4.2,5.7,3.1,-1.8,0.0,80,0.0,0.0,0.0,0.0,8.54,12.7
2024-02-18,5.3,6.1,4.1,0.7,3.5,95,6.5,6.5,0.0,14.0,9.0,11.5
2024-02-19,-1.7,3.2,-4.2,-11.4,-4.5,64,4.1,3.6,0.35,8.0,14.12,21.8
2024-02-20,-6.1,-4.6,-7.9,-15.5,-14.3,48,0.3,0.0,0.21,2.0,12.76,17.9
2024-02-21,-6.1,-4.3,-8.0,-15.6,-13.7,61,6.7,0.0,4.69,11.0,12.75,19.1
2024-02-22,-4.4,-2.4,-6.0,-13.1,-10.5,44,0.0,0.0,0.0,0.0,11.18,17.0
2024-02-23,-3.4,0.1,-6.6,-10.1,-5.5,46,0.0,0.0,0.0,0.0,9.64,12.8
2024-02-24,-1.1,1.1,-2.9,-5.8,-2.7,56,0.0,0.0,0.0,0.0,5.13,7.3
2024-02-25,-0.5,1.5,-2.1,-7.1,-5.1,55,0.0,0.0,0.0,0.0,8.04,11.8
2024-02-26,-1.0,0.9,-2.6,-8.1,-5.8,47,0.0,0.0,0.0,0.0,9.42,13.2
2024-02-27,-0.4,1.9,-2.4,-4.6,-2.4,56,0.0,0.0,0.0,0.0,4.08,5.2
2024-02-28,0.9,3.2,-0.4,-3.2,-0.6,71,0.0,0.0,0.0,0.0,6.96,9.1
2024-02-29,-1.7,-0.5,-3.5,-9.4,-7.0,49,0.0,0.0,0.0,0.0,9.91,13.8
2024-03-01,-4.7,-2.0,-6.1,-12.0,-9.6,43,0.0,0.0,0.0,0.0,9.6,13.5
2024-03-02,0.6,2.3,-1.6,-5.5,-2.5,61,0.0,0.0,0.0,0.0,9.54,13.8
2024-03-03,0.7,2.9,-0.6,-3.8,-1.0,57,0.0,0.0,0.0,0.0,3.69,6.8
2024-03-04,1.8,3.4,-0.5,-3.9,-2.5,72,0.0,0.0,0.0,0.0,7.32,10.8
2024-03-05,2.9,5.3,1.3,-2.8,0.6,54,0.0,0.0,0.0,0.0,7.8,11.2
2024-03-06,1.0,2.4,-0.8,-5.7,-3.6,48,0.0,0.0,0.0,0.0,8.13,10.9
2024-03-07,0.9,3.9,-1.5,-3.9,-0.5,69,0.0,0.0,0.0,0.0,5.94,7.6
2024-03-08,0.7,1.9,-0.6,-5.4,-4.6,56,0.0,0.0,0.0,0.0,8.86,12.8
2024-03-09,1.4,3.2,-1.3,-3.2,-1.5,65,0.0,0.0,0.0,0.0,6.02,8.3
2024-03-10,4.5,6.3,2.5,-0.7,2.2,73,0.0,0.0,0.0,0.0,8.05,11.5
2024-03-11,5.0,6.1,3.9,0.9,4.1,83,2.1,2.1,0.0,9.0,7.88,10.9
2024-03-12,3.8,5.9,1.8,-1.6,1.0,63,0.0,0.0,0.0,0.0,6.71,10.1
2024-03-13,5.0,7.3,3.0,0.5,3.3,68,0.0,0.0,0.0,0.0,6.8,9.6
2024-03-14,6.0,8.4,2.5,1.6,4.3,71,0.0,0.0,0.0,0.0,7.67,10.4
2024-03-15,7.2,8.7,5.0,2.7,5.3,74,0.0,0.0,0.0,0.0,9.28,13.0
2024-03-16,6.1,7.4,5.0,2.0,3.9,82,0.0,0.0,0.0,0.0,8.54,12.8
2024-03-17,4.0,7.2,2.4,-2.6,0.0,57,0.0,0.0,0.0,0.0,11.97,17.7
2024-03-18,4.0,7.2,1.1,0.2,4.9,72,0.5,0.5,0.0,3.0,5.56,8.2
2024-03-19,3.6,5.2,2.1,-2.1,0.3,67,0.0,0.0,0.0,0.0,9.63,14.0
2024-03-20,3.6,5.1,2.3,-2.3,0.1,52,0.0,0.0,0.0,0.0,7.82,11.2
2024-03-21,5.3,6.8,3.8,0.0,2.0,68,3.0,3.0,0.0,6.0,10.02,15.1
2024-03-22,6.6,8.6,5.1,2.7,7.3,85,6.2,6.2,0.0,9.0,9.7,15.9
2024-03-23,4.2,5.0,3.1,1.0,2.4,97,0.0,0.0,0.0,0.0,4.27,6.6
2024-03-24,6.2,9.4,3.4,1.5,5.8,77,0.0,0.0,0.0,0.0,8.4,11.0
2024-03-25,4.9,6.0,3.6,-0.3,2.0,82,8.6,8.6,0.0,24.0,9.4,13.5
2024-03-26,5.7,8.1,4.4,1.9,5.7,74,0.2,0.2,0.0,2.0,6.48,8.2
2024-03-27,7.5,9.0,5.0,2.1,4.2,74,0.0,0.0,0.0,0.0,9.04,14.3
2024-03-28,7.4,8.6,6.4,2.4,4.5,70,2.3,2.3,0.0,3.0,8.81,13.6
2024-03-29,6.8,7.9,5.1,2.5,3.8,62,2.0,2.0,0.0,5.0,6.45,10.5
2024-03-30,7.4,8.7,5.9,4.0,6.4,60,0.4,0.4,0.0,1.0,5.78,9.6
2024-03-31,6.3,7.4,5.3,2.4,4.1,73,0.0,0.0,0.0,0.0,5.19,7.4
2024-04-01,6.6,8.0,4.9,2.0,4.2,68,0.0,0.0,0.0,0.0,7.4,10.3
2024-04-02,7.3,8.0,6.7,2.1,3.2,71,0.0,0.0,0.0,0.0,7.65,10.7
2024-04-03,9.6,10.7,8.2,3.2,5.2,49,0.3,0.3,0.0,3.0,9.84,13.3
2024-04-04,8.5,10.0,7.0,3.1,5.6,52,0.0,0.0,0.0,0.0,8.1,11.2
2024-04-05,8.1,10.9,5.8,4.2,8.7,61,0.0,0.0,0.0,0.0,6.24,8.3
2024-04-06,10.2,12.2,8.2,6.1,9.0,66,0.0,0.0,0.0,0.0,6.9,9.7
2024-04-07,10.6,14.1,8.4,8.0,14.3,74,0.0,0.0,0.0,0.0,7.36,9.9
2024-04-08,10.0,12.4,7.8,5.3,7.6,62,0.0,0.0,0.0,0.0,8.49,11.7
2024-04-09,8.0,9.8,5.8,4.0,7.9,55,0.2,0.2,0.0,2.0,7.35,9.8
2024-04-10,9.3,11.0,7.4,5.7,7.9,69,0.1,0.1,0.0,1.0,6.43,9.2
2024-04-11,11.0,12.3,9.7,7.3,9.4,76,1.4,1.4,0.0,3.0,7.91,11.5
2024-04-12,11.4,12.7,10.2,7.7,10.6,76,0.0,0.0,0.0,0.0,7.2,11.0
2024-04-13,10.1,11.1,8.5,7.0,8.3,93,0.0,0.0,0.0,0.0,7.09,9.8
2024-04-14,9.1,10.1,7.7,5.4,6.8,92,6.7,6.7,0.0,5.0,7.08,10.5
2024-04-15,10.4,11.9,9.3,7.6,9.9,87,11.3,11.3,0.0,5.0,7.42,10.3
2024-04-16,11.3,13.3,9.4,8.1,10.6,64,0.0,0.0,0.0,0.0,5.55,7.8
2024-04-17,11.1,13.2,8.7,8.9,12.5,66,0.0,0.0,0.0,0.0,3.81,5.3
2024-04-18,13.1,15.7,9.9,10.0,13.1,64,0.0,0.0,0.0,0.0,5.88,8.8
2024-04-19,12.3,13.8,10.9,9.8,11.8,74,0.0,0.0,0.0,0.0,5.14,7.6
2024-04-20,11.4,12.9,10.1,9.3,12.5,82,0.0,0.0,0.0,0.0,5.45,7.1
2024-04-21,11.1,12.8,9.6,9.7,12.8,84,0.0,0.0,0.0,0.0,3.4,5.6
2024-04-22,11.8,13.1,10.6,9.6,12.0,85,0.0,0.0,0.0,0.0,5.68,8.9
2024-04-23,11.2,12.2,9.8,8.0,8.9,93,7.7,7.7,0.0,10.0,9.68,13.9
2024-04-24,11.1,13.1,9.7,9.2,13.1,91,0.0,0.0,0.0,0.0,6.72,8.7
2024-04-25,13.9,15.3,11.3,10.7,13.8,72,0.0,0.0,0.0,0.0,8.34,12.3
2024-04-26,13.7,15.0,12.9,11.1,14.7,72,0.0,0.0,0.0,0.0,7.79,11.6
2024-04-27,13.2,15.0,11.8,11.9,14.1,80,0.2,0.2,0.0,2.0,5.02,8.0
2024-04-28,13.4,16.1,11.5,11.1,15.0,72,0.0,0.0,0.0,0.0,7.41,8.9
2024-04-29,11.3,13.8,9.8,6.9,11.3,75,0.0,0.0,0.0,0.0,10.1,14.8
2024-04-30,12.3,14.9,9.7,8.4,11.6,65,0.0,0.0,0.0,0.0,7.89,10.5
2024-05-01,14.2,16.0,12.4,11.9,15.6,66,0.0,0.0,0.0,0.0,4.66,6.6
2024-05-02,14.9,18.2,12.2,12.8,16.7,64,0.0,0.0,0.0,0.0,4.79,6.3
2024-05-03,15.6,18.8,13.0,13.7,17.9,62,0.0,0.0,0.0,0.0,5.02,6.6
2024-05-04,14.1,15.8,12.2,12.1,14.7,71,0.8,0.8,0.0,5.0,4.4,6.4
2024-05-05,12.4,13.3,11.5,10.0,11.5,90,16.7,16.7,0.0,22.0,6.82,10.9
2024-05-06,13.7,14.9,12.6,9.7,10.9,79,3.9,3.9,0.0,14.0,9.18,13.2
2024-05-07,15.5,16.8,14.2,12.3,14.7,64,0.0,0.0,0.0,0.0,7.71,10.6
2024-05-08,15.4,19.0,13.0,13.4,20.2,66,0.0,0.0,0.0,0.0,7.15,9.4
2024-05-09,16.4,18.2,15.1,13.9,18.5,66,0.0,0.0,0.0,0.0,8.89,12.2
2024-05-10,16.1,17.5,15.0,11.9,13.7,70,0.0,0.0,0.0,0.0,10.41,15.9
2024-05-11,15.2,17.1,13.2,12.3,14.1,67,2.0,2.0,0.0,4.0,8.82,12.1
2024-05-12,15.8,17.4,14.2,13.3,15.4,59,0.0,0.0,0.0,0.0,5.91,9.5
2024-05-13,17.0,19.0,14.3,13.6,16.6,58,0.0,0.0,0.0,0.0,9.81,13.0
2024-05-14,18.1,20.8,16.2,15.0,21.6,61,0.0,0.0,0.0,0.0,11.67,16.3
2024-05-15,15.9,17.5,14.2,10.8,12.2,45,0.3,0.3,0.0,2.0,10.89,15.5
2024-05-16,15.8,18.1,14.0,13.9,18.5,63,0.0,0.0,0.0,0.0,6.2,8.5
2024-05-17,15.5,16.9,13.7,13.7,16.2,78,0.0,0.0,0.0,0.0,6.51,8.3
2024-05-18,16.4,17.3,15.4,14.8,16.5,83,0.0,0.0,0.0,0.0,6.71,9.2
2024-05-19,16.0,17.2,14.5,14.6,17.8,89,25.0,25.0,0.0,14.0,6.8,10.5
2024-05-20,15.2,17.9,12.9,14.0,18.5,82,0.0,0.0,0.0,0.0,7.7,11.4
2024-05-21,14.9,15.8,13.6,14.3,15.6,90,0.0,0.0,0.0,0.0,5.68,8.8
2024-05-22,16.5,17.9,15.2,15.3,16.9,88,0.0,0.0,0.0,0.0,6.77,10.4
2024-05-23,17.9,20.2,16.3,18.0,23.6,87,0.1,0.1,0.0,1.0,6.43,10.3
2024-05-24,17.1,18.1,15.8,16.2,17.6,76,0.1,0.1,0.0,1.0,5.12,7.4
2024-05-25,16.8,17.4,15.9,15.2,16.2,81,0.2,0.2,0.0,2.0,8.12,11.7
2024-05-26,16.9,18.7,15.9,14.8,16.3,82,12.9,12.9,0.0,10.0,8.21,12.0
2024-05-27,18.0,20.2,16.2,15.7,18.9,64,0.0,0.0,0.0,0.0,7.34,10.3
2024-05-28,17.7,19.8,14.9,17.5,21.6,74,0.0,0.0,0.0,0.0,4.39,5.2
2024-05-29,19.5,21.3,17.1,17.2,20.3,64,0.0,0.0,0.0,0.0,9.34,13.7
2024-05-30,18.5,19.5,17.8,16.6,19.0,75,0.0,0.0,0.0,0.0,8.54,12.5
2024-05-31,18.2,19.5,16.8,16.6,18.4,74,0.4,0.4,0.0,3.0,8.82,12.3
2024-06-01,18.5,20.8,16.3,17.5,21.1,74,0.0,0.0,0.0,0.0,6.46,8.8
2024-06-02,18.9,20.8,16.7,19.8,23.3,80,0.0,0.0,0.0,0.0,3.28,5.4
2024-06-03,19.1,20.9,16.7,19.8,23.5,79,0.0,0.0,0.0,0.0,4.77,6.3
2024-06-04,19.4,21.4,17.5,20.2,22.8,78,0.0,0.0,0.0,0.0,4.29,6.2
2024-06-05,19.6,20.6,18.6,19.0,20.1,74,0.0,0.0,0.0,0.0,5.2,8.2
2024-06-06,19.7,20.8,18.2,19.3,21.1,77,0.0,0.0,0.0,0.0,7.18,10.6
2024-06-07,19.2,20.0,18.3,18.0,19.6,83,0.5,0.5,0.0,3.0,7.3,10.4
2024-06-08,19.6,21.4,18.2,20.5,24.2,87,1.7,1.7,0.0,4.0,5.9,8.8
2024-06-09,20.3,22.1,18.8,21.5,24.5,86,0.0,0.0,0.0,0.0,4.96,6.5
2024-06-10,19.4,20.9,18.1,19.8,21.2,91,0.0,0.0,0.0,0.0,6.17,8.6
2024-06-11,23.2,24.7,21.6,23.1,26.0,70,0.6,0.6,0.0,3.0,11.06,13.4
2024-06-12,21.5,22.6,20.6,21.8,24.0,78,3.8,3.8,0.0,5.0,6.58,9.6
2024-06-13,21.0,22.2,19.8,21.3,23.9,87,0.4,0.4,0.0,1.0,8.22,12.4
2024-06-14,20.5,21.0,20.0,21.8,23.4,91,13.2,13.2,0.0,15.0,6.91,11.9
2024-06-15,21.1,23.3,18.6,22.1,25.6,83,0.2,0.2,0.0,2.0,5.25,8.0
2024-06-16,22.0,23.9,19.4,22.5,25.0,73,0.0,0.0,0.0,0.0,6.89,8.6
2024-06-17,23.6,25.2,22.2,23.2,26.1,68,0.0,0.0,0.0,0.0,7.88,10.9
2024-06-18,24.2,25.8,22.5,24.4,27.7,68,0.0,0.0,0.0,0.0,7.8,11.0
2024-06-19,23.1,24.3,21.9,22.4,25.2,66,0.0,0.0,0.0,0.0,6.95,10.4
2024-06-20,21.9,23.2,20.4,23.6,26.0,86,0.0,0.0,0.0,0.0,5.22,7.6
2024-06-21,21.5,22.4,20.7,23.7,24.9,92,0.0,0.0,0.0,0.0,4.63,7.4
2024-06-22,22.4,24.0,20.9,25.4,28.1,92,0.0,0.0,0.0,0.0,3.89,5.4
2024-06-23,22.0,23.7,20.6,23.8,26.4,86,21.5,21.5,0.0,7.0,6.74,8.7
2024-06-24,22.0,23.7,20.4,20.9,23.2,69,0.0,0.0,0.0,0.0,7.57,11.0
2024-06-25,22.4,24.4,20.6,24.4,28.6,77,0.0,0.0,0.0,0.0,4.46,5.9
2024-06-26,23.0,24.9,21.0,24.5,27.4,77,0.0,0.0,0.0,0.0,5.28,7.6
2024-06-27,23.5,25.0,22.1,23.7,27.1,69,0.0,0.0,0.0,0.0,6.32,8.4
2024-06-28,22.6,23.6,21.3,23.6,25.6,78,0.0,0.0,0.0,0.0,6.51,8.5
2024-06-29,22.1,22.9,21.4,23.5,24.3,91,0.2,0.2,0.0,2.0,6.51,9.5
2024-06-30,23.3,25.5,20.8,25.8,28.6,83,0.0,0.0,0.0,0.0,4.85,6.5
2024-07-01,24.5,26.8,22.4,28.0,31.8,84,0.1,0.1,0.0,1.0,4.1,6.8
2024-07-02,22.4,23.5,21.1,22.5,26.0,92,65.1,65.1,0.0,20.0,15.99,23.1
2024-07-03,21.8,22.8,21.2,21.4,23.0,82,0.6,0.6,0.0,2.0,11.66,22.3
2024-07-04,21.4,22.1,20.8,23.0,24.6,91,24.3,24.3,0.0,14.0,6.87,8.7
2024-07-05,22.4,24.5,20.6,24.2,27.3,90,0.7,0.7,0.0,3.0,6.18,8.7
2024-07-06,22.9,24.2,21.8,23.6,25.4,87,42.3,42.3,0.0,10.0,11.88,18.2
2024-07-07,23.9,26.3,22.5,27.4,32.7,89,0.1,0.1,0.0,1.0,5.03,8.0
2024-07-08,23.8,26.5,21.7,27.3,32.4,90,0.2,0.2,0.0,2.0,5.76,5.8
2024-07-09,23.9,25.8,22.6,27.4,30.2,88,0.2,0.2,0.0,2.0,5.34,6.2
2024-07-10,24.0,25.8,22.8,26.0,29.0,80,0.0,0.0,0.0,0.0,5.8,8.2
2024-07-11,24.3,26.7,22.5,27.3,31.8,79,0.0,0.0,0.0,0.0,4.71,6.2
2024-07-12,23.6,25.2,22.1,26.5,29.1,84,0.0,0.0,0.0,0.0,4.49,6.3
2024-07-13,23.3,24.2,22.3,26.1,27.5,89,0.0,0.0,0.0,0.0,4.94,8.2
2024-07-14,24.5,26.1,22.8,28.9,31.2,90,0.1,0.1,0.0,1.0,3.87,5.4
2024-07-15,24.8,25.9,23.9,28.8,30.1,92,0.0,0.0,0.0,0.0,5.63,7.9
2024-07-16,24.8,25.4,24.1,27.8,29.3,93,1.0,1.0,0.0,7.0,6.95,9.3
2024-07-17,25.3,27.0,23.8,29.5,32.0,91,4.5,4.5,0.0,5.0,7.58,9.6
2024-07-18,25.7,27.9,23.1,29.2,31.5,82,0.0,0.0,0.0,0.0,5.79,8.0
2024-07-19,26.6,28.2,25.5,30.8,34.4,88,0.0,0.0,0.0,0.0,6.07,7.7
2024-07-20,25.2,25.9,24.2,28.1,30.2,91,23.0,23.0,0.0,11.0,9.11,10.7
2024-07-21,26.0,27.0,24.0,29.7,33.0,88,1.0,1.0,0.0,3.0,6.33,8.5
2024-07-22,25.7,26.6,24.9,29.4,31.5,91,1.2,1.2,0.0,7.0,7.51,10.7
2024-07-23,25.6,26.7,24.7,29.5,32.2,92,0.0,0.0,0.0,0.0,6.57,9.8
2024-07-24,25.7,27.3,24.8,30.0,32.4,92,2.2,2.2,0.0,3.0,5.0,7.4
2024-07-25,25.6,26.3,24.7,29.3,30.5,93,23.3,23.3,0.0,16.0,8.64,10.1
2024-07-26,25.7,26.2,25.4,29.6,31.1,94,8.0,8.0,0.0,19.0,7.78,9.9
2024-07-27,25.7,26.2,25.2,29.0,30.3,93,54.4,54.4,0.0,24.0,7.53,12.3
2024-07-28,26.1,26.8,25.8,28.5,30.6,92,36.3,36.3,0.0,15.0,10.77,18.3
2024-07-29,25.8,26.2,25.3,30.2,31.4,94,11.8,11.8,0.0,14.0,6.04,8.4
2024-07-30,26.2,27.7,25.1,30.9,31.6,93,11.0,11.0,0.0,6.0,7.96,11.9
2024-07-31,28.1,29.2,27.0,31.5,33.9,87,0.0,0.0,0.0,0.0,8.91,11.8
2024-08-01,27.8,28.8,26.4,32.9,34.4,90,4.7,4.7,0.0,7.0,5.85,9.5
2024-08-02,27.7,29.6,25.5,34.2,37.3,91,6.8,6.8,0.0,8.0,3.95,6.3
2024-08-03,27.8,29.1,27.1,34.0,36.6,94,0.0,0.0,0.0,0.0,5.51,7.1
2024-08-04,27.0,27.6,25.5,31.7,33.8,94,52.9,52.9,0.0,12.0,7.73,10.3
2024-08-05,26.3,27.2,25.5,30.7,32.4,93,20.8,20.8,0.0,13.0,7.24,9.5
2024-08-06,26.6,27.8,25.6,32.2,33.1,90,0.0,0.0,0.0,0.0,3.7,5.3
2024-08-07,26.9,28.6,25.5,32.8,35.0,89,0.0,0.0,0.0,0.0,3.61,3.7
2024-08-08,27.5,29.4,26.0,34.2,37.2,89,0.0,0.0,0.0,0.0,2.26,3.5
2024-08-09,27.2,28.2,26.1,32.3,33.8,89,0.2,0.2,0.0,2.0,6.26,8.2
2024-08-10,27.8,29.3,26.9,31.1,32.5,90,15.9,15.9,0.0,11.0,9.27,13.4
2024-08-11,28.1,29.2,27.1,33.4,35.8,91,0.1,0.1,0.0,1.0,6.08,8.7
2024-08-12,28.1,29.4,27.1,34.3,36.7,93,0.8,0.8,0.0,6.0,4.89,5.7
2024-08-13,27.8,29.3,27.0,34.0,36.0,91,1.0,1.0,0.0,7.0,4.44,7.1
2024-08-14,28.0,29.6,27.0,33.5,35.1,86,0.5,0.5,0.0,2.0,3.95,5.2
2024-08-15,28.0,29.8,26.6,32.8,35.8,83,0.0,0.0,0.0,0.0,4.57,6.6
2024-08-16,28.6,30.6,26.6,34.3,37.3,81,0.0,0.0,0.0,0.0,4.21,5.7
2024-08-17,29.0,30.7,27.7,35.1,36.9,80,0.0,0.0,0.0,0.0,2.96,4.2
2024-08-18,28.7,29.8,27.6,34.1,36.0,82,0.4,0.4,0.0,3.0,4.35,6.1
2024-08-19,27.5,28.4,26.4,31.9,33.5,87,14.6,14.6,0.0,21.0,6.33,9.3
2024-08-20,26.8,28.2,25.9,31.0,33.3,90,40.0,40.0,0.0,24.0,6.98,10.0
2024-08-21,27.1,27.6,26.6,32.8,33.6,89,24.8,24.8,0.0,20.0,4.84,8.1
2024-08-22,27.0,28.3,25.8,31.7,33.8,87,4.5,4.5,0.0,12.0,6.5,10.3
2024-08-23,27.1,29.1,25.3,31.6,34.6,80,0.2,0.2,0.0,2.0,4.01,5.2
2024-08-24,27.4,29.3,25.8,32.4,35.0,77,0.0,0.0,0.0,0.0,1.91,3.7
2024-08-25,27.5,29.0,26.2,33.0,34.3,82,0.2,0.2,0.0,1.0,2.96,3.7
2024-08-26,24.6,26.6,21.9,26.2,32.4,83,23.1,23.1,0.0,18.0,10.43,14.3
2024-08-27,25.3,28.4,22.6,26.6,29.6,71,1.4,1.4,0.0,3.0,6.2,9.9
2024-08-28,25.9,28.1,23.6,28.9,32.2,72,0.0,0.0,0.0,0.0,5.41,7.8
2024-08-29,25.6,27.4,23.8,29.6,32.6,78,0.0,0.0,0.0,0.0,2.34,3.7
2024-08-30,25.8,28.0,23.5,28.8,31.5,78,0.0,0.0,0.0,0.0,5.58,8.8
2024-08-31,26.2,28.2,23.9,27.4,30.6,60,0.0,0.0,0.0,0.0,6.13,8.9
2024-09-01,25.7,27.2,23.8,27.6,31.3,80,4.1,4.1,0.0,6.0,8.22,13.0
2024-09-02,22.9,25.6,20.3,20.9,23.9,64,0.0,0.0,0.0,0.0,9.34,13.6
2024-09-03,24.3,26.3,22.0,26.8,30.8,79,0.2,0.2,0.0,2.0,4.75,7.8
2024-09-04,25.4,26.5,23.9,29.4,31.1,87,0.5,0.5,0.0,2.0,5.2,8.9
2024-09-05,23.7,25.5,21.9,24.1,30.6,79,5.8,5.8,0.0,11.0,9.5,13.6
2024-09-06,23.0,25.7,20.9,22.2,25.6,61,0.0,0.0,0.0,0.0,6.92,9.8
2024-09-07,23.8,26.4,21.5,24.9,28.1,69,0.0,0.0,0.0,0.0,4.12,6.0
2024-09-08,23.9,25.4,22.3,26.2,28.0,71,0.5,0.5,0.0,4.0,2.52,5.0
2024-09-09,25.3,26.2,24.2,27.9,29.0,82,0.0,0.0,0.0,0.0,5.36,7.7
2024-09-10,23.9,25.5,21.8,25.1,30.5,80,0.3,0.3,0.0,3.0,8.9,12.4
2024-09-11,22.9,25.6,20.8,22.7,25.4,66,2.2,2.2,0.0,6.0,6.63,9.1
2024-09-12,23.9,25.7,22.2,25.8,28.6,77,0.0,0.0,0.0,0.0,5.08,6.8
2024-09-13,24.8,26.6,22.2,27.3,30.6,82,0.5,0.5,0.0,4.0,5.84,9.0
2024-09-14,19.4,21.7,17.9,16.3,21.9,74,3.1,3.1,0.0,7.0,10.2,14.9
2024-09-15,20.1,23.5,17.2,19.2,24.1,69,0.0,0.0,0.0,0.0,7.84,11.4
2024-09-16,22.7,24.6,21.4,24.3,27.3,75,0.0,0.0,0.0,0.0,3.83,5.6
2024-09-17,23.7,25.8,21.5,26.3,29.9,76,0.0,0.0,0.0,0.0,3.51,5.3
2024-09-18,24.2,25.4,23.0,28.5,30.5,89,1.3,1.3,0.0,5.0,2.93,5.0
2024-09-19,24.7,26.3,23.1,29.1,30.9,88,1.7,1.7,0.0,3.0,3.47,4.6
2024-09-20,19.4,24.2,15.6,17.9,29.0,88,7.6,7.6,0.0,12.0,12.21,17.0
2024-09-21,16.7,18.7,15.1,11.0,13.9,67,0.1,0.1,0.0,1.0,11.98,18.7
2024-09-22,17.2,19.4,15.0,12.4,15.0,56,0.0,0.0,0.0,0.0,10.08,14.3
2024-09-23,18.8,21.3,15.9,18.0,21.9,62,0.0,0.0,0.0,0.0,5.95,8.4
2024-09-24,20.2,21.8,18.4,20.4,22.2,69,0.0,0.0,0.0,0.0,4.22,6.3
2024-09-25,21.0,22.7,19.1,22.1,24.8,80,0.0,0.0,0.0,0.0,5.58,8.0
2024-09-26,19.6,22.0,17.9,17.7,20.0,68,0.0,0.0,0.0,0.0,6.8,10.4
2024-09-27,20.0,23.1,17.8,19.0,22.6,65,0.0,0.0,0.0,0.0,5.3,7.6
2024-09-28,20.8,23.2,18.0,21.4,24.2,75,0.0,0.0,0.0,0.0,3.86,5.3
2024-09-29,22.4,23.7,20.8,24.0,25.4,86,0.0,0.0,0.0,0.0,6.2,8.9
2024-09-30,18.4,22.8,13.4,17.6,26.1,92,14.1,14.1,0.0,15.0,10.39,15.6
2024-10-01,15.0,17.0,13.4,10.6,12.9,62,1.3,1.3,0.0,5.0,9.5,14.5
2024-10-02,15.7,17.6,14.1,12.1,14.6,48,0.0,0.0,0.0,0.0,6.52,9.0
2024-10-03,17.0,18.9,15.6,15.4,18.1,51,0.0,0.0,0.0,0.0,3.02,4.1
2024-10-04,18.4,20.1,16.7,16.4,18.5,57,0.0,0.0,0.0,0.0,4.99,7.5
2024-10-05,19.6,21.4,18.1,18.5,20.3,66,0.0,0.0,0.0,0.0,5.04,7.6
2024-10-06,18.5,20.5,14.2,17.0,19.8,74,0.1,0.1,0.0,1.0,8.72,13.2
2024-10-07,14.8,16.7,13.3,10.2,12.1,69,0.0,0.0,0.0,0.0,9.56,14.1
2024-10-08,16.7,19.5,14.5,13.8,16.6,56,0.0,0.0,0.0,0.0,5.76,8.3
2024-10-09,17.7,19.5,16.2,16.4,17.4,59,0.0,0.0,0.0,0.0,3.91,6.0
2024-10-10,17.1,18.5,14.5,15.0,16.6,65,0.6,0.6,0.0,3.0,7.58,12.6
2024-10-11,17.1,19.4,14.3,14.9,17.3,63,0.0,0.0,0.0,0.0,5.53,7.8
2024-10-12,19.0,21.4,17.1,19.5,22.8,79,0.0,0.0,0.0,0.0,3.73,5.3
2024-10-13,19.1,20.3,17.8,18.6,19.3,78,0.0,0.0,0.0,0.0,5.76,8.2
2024-10-14,19.3,20.3,18.1,19.3,21.1,83,0.5,0.5,0.0,3.0,6.82,9.4
2024-10-15,15.0,18.1,11.4,11.0,19.7,66,0.0,0.0,0.0,0.0,10.28,15.1
2024-10-16,13.8,16.5,10.5,11.0,14.7,56,0.0,0.0,0.0,0.0,6.63,9.4
2024-10-17,18.5,20.0,16.5,17.9,19.4,78,0.0,0.0,0.0,0.0,5.48,7.7
2024-10-18,15.4,18.6,10.5,11.7,19.1,84,27.7,27.7,0.0,21.0,15.49,23.7
2024-10-19,6.9,10.1,4.9,-2.4,-0.3,52,0.0,0.0,0.0,0.0,16.0,25.1
2024-10-20,11.7,16.7,5.3,7.9,14.2,70,4.4,4.4,0.0,11.0,9.98,13.5
2024-10-21,13.5,14.6,12.6,11.3,11.9,75,8.7,8.7,0.0,6.0,6.53,11.5
2024-10-22,10.9,13.3,8.2,6.1,11.9,84,15.5,15.5,0.0,21.0,13.0,19.9
2024-10-23,12.4,14.8,9.1,8.3,12.3,65,0.0,0.0,0.0,0.0,11.0,15.7
2024-10-24,15.8,17.6,14.5,14.5,16.9,79,0.0,0.0,0.0,0.0,5.48,8.5
2024-10-25,15.8,17.9,14.2,15.5,17.6,84,0.0,0.0,0.0,0.0,3.3,5.5
2024-10-26,14.4,16.0,13.0,13.8,16.2,90,0.0,0.0,0.0,0.0,5.77,8.3
2024-10-27,10.3,13.0,9.0,4.8,10.6,76,0.0,0.0,0.0,0.0,10.02,14.7
2024-10-28,11.5,14.8,9.0,7.4,11.1,66,0.0,0.0,0.0,0.0,7.72,11.3
2024-10-29,13.8,16.5,10.5,11.8,14.1,74,0.0,0.0,0.0,0.0,5.39,7.6
2024-10-30,14.2,16.1,12.0,12.2,15.3,71,0.0,0.0,0.0,0.0,6.29,9.1
2024-10-31,15.5,17.2,14.0,15.2,17.2,86,0.2,0.2,0.0,1.0,4.13,6.1
2024-11-01,16.0,17.8,14.9,15.2,18.9,83,1.4,1.4,0.0,6.0,6.65,10.0
2024-11-02,15.3,18.0,13.8,13.4,16.1,66,0.0,0.0,0.0,0.0,5.1,7.1
2024-11-03,16.3,17.9,14.7,14.3,15.5,81,0.0,0.0,0.0,0.0,7.29,10.5
2024-11-04,10.2,14.6,8.3,3.7,13.1,55,0.0,0.0,0.0,0.0,11.36,16.6
2024-11-05,9.9,12.4,7.2,4.9,6.7,51,0.0,0.0,0.0,0.0,9.08,12.9
2024-11-06,8.4,10.7,6.1,4.3,7.8,53,0.0,0.0,0.0,0.0,5.93,9.2
2024-11-07,13.6,15.4,11.2,10.3,11.6,64,0.0,0.0,0.0,0.0,5.71,8.6
2024-11-08,14.5,15.4,13.8,11.7,12.9,74,0.0,0.0,0.0,0.0,5.93,9.3
2024-11-09,14.8,15.9,13.5,12.3,13.4,75,0.0,0.0,0.0,0.0,6.19,8.7
2024-11-10,14.8,15.8,12.3,12.8,14.6,82,0.5,0.5,0.0,3.0,6.2,8.7
2024-11-11,12.2,13.9,10.2,9.5,12.3,67,0.0,0.0,0.0,0.0,5.85,7.9
2024-11-12,13.1,14.4,11.5,10.4,12.1,65,0.0,0.0,0.0,0.0,4.89,7.5
2024-11-13,13.8,15.0,12.1,10.9,12.3,65,0.8,0.8,0.0,3.0,5.4,7.7
2024-11-14,14.7,15.1,14.2,13.2,14.0,86,0.0,0.0,0.0,0.0,5.76,8.9
2024-11-15,14.3,14.7,13.2,13.0,14.3,91,0.1,0.1,0.0,1.0,5.61,8.7
2024-11-16,12.5,14.8,7.6,8.4,14.9,73,0.9,0.9,0.0,6.0,11.01,14.6
2024-11-17,6.1,7.3,5.0,-0.4,0.6,44,0.0,0.0,0.0,0.0,8.85,12.5
2024-11-18,2.6,5.3,1.2,-3.9,-1.2,47,0.0,0.0,0.0,0.0,8.49,13.1
2024-11-19,7.1,11.3,1.5,2.5,6.2,57,0.1,0.1,0.0,1.0,7.16,10.4
2024-11-20,11.3,12.5,10.5,7.2,8.1,69,0.0,0.0,0.0,0.0,6.95,9.7
2024-11-21,10.2,12.0,8.0,5.1,7.7,59,0.0,0.0,0.0,0.0,7.91,11.7
2024-11-22,6.7,8.2,4.0,0.6,2.3,52,0.0,0.0,0.0,0.0,8.18,11.9
2024-11-23,5.2,7.4,3.0,0.7,4.7,49,0.0,0.0,0.0,0.0,6.28,9.6
2024-11-24,9.8,11.3,7.4,6.1,7.4,63,0.0,0.0,0.0,0.0,5.74,8.1
2024-11-25,10.2,11.9,5.8,6.0,8.0,75,11.7,11.7,0.0,13.0,10.16,14.3
2024-11-26,2.8,5.5,1.6,-4.2,-1.4,69,3.1,2.4,0.49,17.0,10.35,17.7
2024-11-27,1.2,3.9,-0.9,-7.2,-5.1,58,2.2,0.5,1.19,18.0,12.72,19.4
2024-11-28,3.4,4.4,2.5,-3.3,-0.6,53,1.1,1.1,0.0,9.0,10.63,14.6
2024-11-29,6.7,9.2,3.4,1.4,3.9,54,0.0,0.0,0.0,0.0,10.25,15.2
2024-11-30,9.4,11.0,7.7,6.2,7.8,71,0.0,0.0,0.0,0.0,5.61,8.1
2024-12-01,10.6,12.3,8.7,7.4,9.0,79,0.0,0.0,0.0,0.0,7.15,10.6
2024-12-02,1.1,10.0,-0.4,-6.7,6.2,58,0.0,0.0,0.0,0.0,13.6,19.8
2024-12-03,3.4,6.1,-0.8,-2.1,-0.6,55,0.0,0.0,0.0,0.0,9.39,13.9
2024-12-04,3.2,5.4,1.0,-1.8,0.9,51,0.0,0.0,0.0,0.0,6.76,11.2
2024-12-05,4.9,6.4,2.2,-0.8,1.7,53,0.0,0.0,0.0,0.0,8.51,12.3
2024-12-06,1.2,2.3,-0.6,-4.4,-2.4,50,0.0,0.0,0.0,0.0,7.08,10.6
2024-12-07,0.0,1.9,-1.9,-6.7,-4.3,59,0.0,0.0,0.0,0.0,9.55,14.7
2024-12-08,2.2,3.7,0.9,-3.0,-1.5,52,0.0,0.0,0.0,0.0,5.98,8.5
2024-12-09,3.6,6.1,0.8,-0.8,0.7,57,0.0,0.0,0.0,0.0,6.15,9.4
2024-12-10,2.8,4.6,1.8,-2.6,-0.7,65,0.0,0.0,0.0,0.0,8.95,13.7
2024-12-11,0.2,1.6,-1.0,-7.0,-5.7,56,0.0,0.0,0.0,0.0,8.76,13.3
2024-12-12,1.5,4.8,-1.1,-3.5,0.4,62,0.5,0.5,0.0,5.0,7.14,9.6
2024-12-13,1.3,3.5,-0.3,-5.1,-1.3,61,0.1,0.1,0.0,1.0,8.84,13.2
2024-12-14,1.4,3.2,-0.6,-4.9,-2.6,54,0.0,0.0,0.0,0.0,7.83,12.2
2024-12-15,2.6,3.2,1.4,-3.6,-1.3,50,0.0,0.0,0.0,0.0,8.8,12.8
2024-12-16,2.7,4.0,1.3,-2.2,-0.7,53,0.0,0.0,0.0,0.0,5.77,8.2
2024-12-17,-1.2,1.1,-3.4,-8.4,-4.9,54,0.0,0.0,0.0,0.0,9.35,13.7
2024-12-18,-3.1,-2.1,-4.1,-11.0,-10.0,58,0.0,0.0,0.0,0.0,9.72,14.6
2024-12-19,-1.1,2.2,-3.5,-6.5,-2.9,58,0.0,0.0,0.0,0.0,6.78,10.1
2024-12-20,2.1,3.7,-2.4,-4.0,-1.9,64,0.3,0.3,0.0,3.0,10.0,15.2
2024-12-21,-1.6,0.1,-3.6,-9.7,-7.2,60,0.0,0.0,0.0,0.0,10.64,16.5
2024-12-22,1.4,3.8,-0.9,-4.4,-1.9,57,0.0,0.0,0.0,0.0,7.05,9.8
2024-12-23,0.9,2.8,-1.3,-5.2,-3.0,57,0.0,0.0,0.0,0.0,6.77,10.6
2024-12-24,0.6,3.8,-2.2,-4.3,-1.1,56,0.0,0.0,0.0,0.0,5.84,8.6
2024-12-25,3.8,5.1,0.7,-2.3,-1.2,62,0.0,0.0,0.0,0.0,9.65,13.3
2024-12-26,-1.6,-0.0,-4.0,-8.9,-5.8,54,0.0,0.0,0.0,0.0,10.55,15.8
2024-12-27,-1.8,-0.7,-3.5,-8.3,-6.5,54,0.0,0.0,0.0,0.0,7.75,11.5
2024-12-28,0.1,2.1,-1.8,-6.3,-4.3,52,0.0,0.0,0.0,0.0,8.13,11.9
2024-12-29,3.4,5.6,0.3,-2.0,-0.6,55,0.0,0.0,0.0,0.0,7.47,11.0
2024-12-30,3.7,5.5,2.0,-1.8,0.3,60,0.0,0.0,0.0,0.0,6.86,10.0
2024-12-31,2.1,4.6,-0.7,-3.4,-1.6,54,0.0,0.0,0.0,0.0,6.86,10.0
