time,temperature_2m_mean,temperature_2m_max,temperature_2m_min,apparent_temperature_mean,apparent_temperature_max,relative_humidity_2m_mean,precipitation_sum,rain_sum,snowfall_sum,precipitation_hours,wind_speed_10m_max,wind_gusts_10m_max
2005-01-01,-1.2,1.5,-3.7,-7.3,-5.8,59,0.0,0.0,0.0,0.0,8.67,12.4
2005-01-02,1.6,3.3,0.4,-5.5,-3.5,65,0.0,0.0,0.0,0.0,9.15,13.6
2005-01-03,0.6,3.2,-2.7,-6.8,-3.2,55,0.0,0.0,0.0,0.0,10.28,15.8
2005-01-04,-4.9,-3.0,-6.8,-12.0,-11.2,55,0.0,0.0,0.0,0.0,10.04,15.6
2005-01-05,-2.9,0.3,-7.1,-8.2,-5.5,57,0.5,0.0,0.42,2.0,6.47,9.8
2005-01-06,0.0,2.0,-2.9,-6.6,-4.5,68,0.5,0.0,0.42,3.0,9.22,13.8
2005-01-07,-2.2,-1.3,-3.2,-8.4,-7.2,52,0.0,0.0,0.0,0.0,7.18,10.7
2005-01-08,-3.0,-1.0,-5.9,-10.2,-7.3,51,0.0,0.0,0.0,0.0,9.19,14.1
2005-01-09,-6.4,-4.1,-8.5,-12.3,-9.5,59,0.0,0.0,0.0,0.0,7.09,10.6
2005-01-10,-3.8,-1.2,-7.9,-10.5,-8.4,57,0.0,0.0,0.0,0.0,7.92,12.0
2005-01-11,-4.8,-2.9,-7.9,-11.3,-8.9,53,0.0,0.0,0.0,0.0,7.28,11.8
2005-01-12,-4.7,-3.5,-6.6,-10.8,-8.0,54,0.0,0.0,0.0,0.0,7.01,10.6
2005-01-13,-3.8,-2.5,-5.9,-9.2,-7.7,58,0.0,0.0,0.0,0.0,5.25,9.1
2005-01-14,-4.7,-2.4,-6.6,-10.4,-7.7,59,0.0,0.0,0.0,0.0,5.41,7.5
2005-01-15,-5.1,-4.1,-6.3,-12.4,-10.9,69,0.0,0.0,0.0,0.0,9.7,13.8
2005-01-16,-4.7,-2.7,-6.7,-11.7,-8.9,74,0.0,0.0,0.0,0.0,9.4,14.3
2005-01-17,0.3,3.3,-3.7,-4.6,-2.5,72,0.0,0.0,0.0,0.0,6.36,9.2
2005-01-18,-2.9,-0.8,-4.3,-9.2,-5.6,57,0.0,0.0,0.0,0.0,7.51,11.8
2005-01-19,-3.4,-2.1,-5.2,-8.6,-6.6,57,0.0,0.0,0.0,0.0,5.98,9.6
2005-01-20,-5.3,-4.6,-6.2,-11.7,-9.7,60,0.0,0.0,0.0,0.0,8.33,12.6
2005-01-21,-2.4,0.0,-6.1,-7.6,-5.7,62,0.0,0.0,0.0,0.0,6.05,9.2
2005-01-22,0.3,1.8,-1.4,-4.4,-2.6,70,0.0,0.0,0.0,0.0,6.14,8.5
2005-01-23,1.8,3.2,0.5,-2.6,-1.3,80,0.0,0.0,0.0,0.0,5.53,8.7
2005-01-24,-2.1,1.9,-5.2,-8.9,-2.7,64,0.0,0.0,0.0,0.0,8.57,12.8
2005-01-25,-5.2,-4.2,-6.1,-13.0,-12.3,59,0.0,0.0,0.0,0.0,9.21,14.1
2005-01-26,-3.8,-0.7,-6.5,-10.1,-6.1,66,0.0,0.0,0.0,0.0,8.14,12.1
2005-01-27,-0.1,1.4,-1.9,-4.2,-2.2,78,0.0,0.0,0.0,0.0,4.63,6.0
2005-01-28,1.7,3.4,-0.3,-3.3,-1.3,79,0.0,0.0,0.0,0.0,11.4,14.1
2005-01-29,-6.1,-1.8,-8.1,-14.5,-11.6,56,0.0,0.0,0.0,0.0,12.79,18.7
2005-01-30,-5.5,-4.0,-6.8,-11.3,-9.1,52,0.0,0.0,0.0,0.0,6.27,10.8
2005-01-31,-5.9,-3.8,-7.7,-13.3,-9.9,53,0.0,0.0,0.07,0.0,11.36,17.8
2005-02-01,-7.2,-5.3,-9.0,-15.9,-12.0,53,0.0,0.0,0.0,0.0,11.47,17.9
2005-02-02,-6.2,-5.3,-7.4,-13.3,-12.0,56,0.0,0.0,0.0,0.0,8.46,13.4
2005-02-03,-3.2,0.3,-6.1,-8.4,-5.6,56,0.0,0.0,0.0,0.0,5.7,8.3
2005-02-04,-1.7,1.0,-6.3,-7.9,-3.3,69,0.0,0.0,0.0,0.0,9.18,13.5
2005-02-05,-6.9,-5.4,-8.7,-14.4,-11.9,55,0.0,0.0,0.0,0.0,8.52,13.3
2005-02-06,-5.4,-2.8,-7.6,-11.9,-8.6,51,0.0,0.0,0.0,0.0,7.49,11.7
2005-02-07,-4.5,-3.0,-5.8,-11.7,-10.4,61,0.0,0.0,0.14,0.0,8.51,12.7
2005-02-08,-5.0,-2.8,-6.8,-11.8,-9.2,50,0.0,0.0,0.0,0.0,8.34,12.5
2005-02-09,-5.3,-4.0,-7.4,-12.3,-10.9,55,0.0,0.0,0.21,0.0,8.71,13.2
2005-02-10,-6.4,-5.0,-7.5,-12.6,-11.3,50,0.0,0.0,0.0,0.0,6.4,10.5
2005-02-11,-3.9,-0.8,-6.7,-9.4,-7.5,54,0.0,0.0,0.0,0.0,6.4,9.3
2005-02-12,-2.0,0.5,-5.2,-6.7,-4.8,56,0.0,0.0,0.0,0.0,4.44,6.7
2005-02-13,0.1,2.4,-2.2,-4.4,-1.6,76,0.0,0.0,0.0,0.0,5.21,5.8
2005-02-14,1.8,3.2,0.7,-2.6,-1.1,86,0.0,0.0,0.0,0.0,5.32,8.0
2005-02-15,0.5,1.3,-0.3,-4.8,-3.1,91,11.7,0.0,8.19,13.0,7.81,10.7
2005-02-16,-2.3,-0.2,-3.7,-9.5,-6.4,80,4.5,0.0,3.15,8.0,9.53,14.5
2005-02-17,-2.7,0.1,-5.4,-10.0,-6.4,57,0.0,0.0,0.0,0.0,9.14,14.1
2005-02-18,-2.2,-0.8,-3.2,-8.8,-7.5,62,0.0,0.0,0.0,0.0,8.12,12.4
2005-02-19,-5.7,-3.5,-7.0,-13.5,-11.5,44,0.0,0.0,0.0,0.0,9.32,14.4
2005-02-20,-7.2,-5.6,-7.8,-13.7,-12.3,47,0.0,0.0,0.0,0.0,7.54,12.3
2005-02-21,-2.7,-0.3,-6.5,-8.4,-5.7,53,0.0,0.0,0.0,0.0,6.66,9.5
2005-02-22,-1.9,0.9,-6.5,-8.7,-4.4,81,1.9,0.0,1.4,5.0,11.94,18.1
2005-02-23,-6.5,-4.7,-8.3,-12.2,-9.3,46,0.0,0.0,0.0,0.0,6.81,10.1
2005-02-24,-4.0,-2.9,-4.8,-9.1,-6.9,55,0.0,0.0,0.0,0.0,4.93,8.6
2005-02-25,-4.5,-3.6,-5.3,-10.6,-9.8,52,0.1,0.0,0.14,1.0,7.62,11.9
2005-02-26,-2.7,-0.9,-4.8,-7.8,-6.0,54,0.0,0.0,0.0,0.0,4.6,7.5
2005-02-27,0.2,2.8,-2.1,-4.7,-2.0,75,0.0,0.0,0.0,0.0,6.09,8.6
2005-02-28,-1.4,0.5,-2.8,-7.2,-5.2,49,0.0,0.0,0.0,0.0,6.66,9.2
2005-03-01,-1.9,-0.8,-2.9,-7.0,-5.5,63,1.9,0.0,1.61,8.0,5.1,8.0
2005-03-02,-1.9,-0.1,-3.1,-7.6,-5.2,60,0.0,0.0,0.0,0.0,6.77,10.4
2005-03-03,-0.8,1.7,-3.3,-5.7,-2.1,67,0.0,0.0,0.0,0.0,5.15,7.8
2005-03-04,-3.2,-1.9,-4.5,-10.5,-7.8,55,0.0,0.0,0.07,0.0,9.62,14.1
2005-03-05,-2.5,-0.2,-4.7,-7.8,-4.5,50,0.0,0.0,0.0,0.0,5.89,8.6
2005-03-06,2.0,4.5,-1.7,-4.3,-1.7,67,0.0,0.0,0.0,0.0,8.86,12.0
2005-03-07,1.9,3.8,-0.1,-3.7,-2.0,59,0.0,0.0,0.0,0.0,8.98,13.1
2005-03-08,0.6,2.4,-0.9,-4.0,-1.9,64,0.0,0.0,0.0,0.0,6.0,8.5
2005-03-09,1.6,2.7,0.1,-4.1,-2.1,76,0.0,0.0,0.0,0.0,8.39,11.5
2005-03-10,-1.3,1.5,-5.0,-9.3,-2.6,62,0.0,0.0,0.0,0.0,12.3,19.0
2005-03-11,-4.5,-2.1,-6.6,-13.7,-9.8,46,0.0,0.0,0.0,0.0,12.71,19.8
2005-03-12,-2.7,-1.0,-4.5,-10.4,-7.3,45,0.0,0.0,0.0,0.0,10.66,16.1
2005-03-13,-0.0,1.6,-2.2,-6.1,-4.6,51,0.0,0.0,0.0,0.0,7.71,11.5
2005-03-14,2.9,5.0,0.9,-2.1,1.0,64,0.0,0.0,0.0,0.0,7.92,11.2
2005-03-15,3.1,4.9,2.2,-1.4,1.9,84,0.0,0.0,0.0,0.0,7.4,10.5
2005-03-16,3.7,4.6,2.4,-1.6,-1.0,79,0.0,0.0,0.0,0.0,7.3,10.5
2005-03-17,2.8,4.1,1.6,-3.3,-1.2,68,0.0,0.0,0.0,0.0,9.67,13.9
2005-03-18,1.7,4.0,-0.4,-4.1,-0.8,54,0.0,0.0,0.0,0.0,9.49,12.1
2005-03-19,3.2,5.0,1.5,-2.0,0.6,65,0.0,0.0,0.0,0.0,7.39,10.5
2005-03-20,3.7,6.4,1.0,-1.0,2.4,69,0.0,0.0,0.0,0.0,7.36,10.5
2005-03-21,3.8,5.3,1.3,-1.1,1.1,74,0.0,0.0,0.0,0.0,7.25,9.7
2005-03-22,4.6,6.8,2.2,-0.7,2.1,60,0.0,0.0,0.0,0.0,6.77,9.8
2005-03-23,3.0,5.1,1.5,-2.1,2.7,63,0.0,0.0,0.0,0.0,10.85,14.5
2005-03-24,0.5,1.3,-0.5,-7.2,-4.6,52,0.0,0.0,0.0,0.0,11.61,17.2
2005-03-25,3.8,6.1,1.5,-1.0,3.1,67,0.0,0.0,0.0,0.0,9.3,13.0
2005-03-26,3.9,5.4,2.4,0.4,3.1,84,0.0,0.0,0.0,0.0,4.44,7.4
2005-03-27,5.3,7.3,3.3,1.4,4.8,81,0.0,0.0,0.0,0.0,5.96,8.6
2005-03-28,5.2,6.2,3.6,-1.2,2.0,51,0.0,0.0,0.0,0.0,9.24,12.9
2005-03-29,3.5,4.9,2.7,-2.4,-1.1,52,0.0,0.0,0.0,0.0,8.16,11.8
2005-03-30,6.5,8.0,3.7,0.9,3.7,58,0.0,0.0,0.0,0.0,10.04,14.3
2005-03-31,5.7,8.1,3.1,2.0,4.7,64,0.0,0.0,0.0,0.0,5.1,7.3
2005-04-01,5.1,6.4,4.3,1.0,3.5,65,0.0,0.0,0.0,0.0,4.95,6.9
2005-04-02,6.0,8.1,4.3,1.8,6.0,65,0.7,0.7,0.0,3.0,6.74,9.2
2005-04-03,6.4,9.0,4.1,1.5,5.0,56,0.0,0.0,0.0,0.0,6.28,8.7
2005-04-04,8.2,10.2,6.2,3.0,6.6,64,0.0,0.0,0.0,0.0,9.27,13.1
2005-04-05,10.5,11.9,9.0,5.4,8.8,67,0.0,0.0,0.0,0.0,11.28,15.6
2005-04-06,7.9,10.0,6.4,4.1,6.4,87,4.9,4.9,0.0,6.0,10.79,14.7
2005-04-07,8.2,9.5,6.8,3.4,5.0,55,0.6,0.6,0.0,3.0,7.16,10.6
2005-04-08,7.0,8.0,5.9,3.0,5.0,59,0.2,0.2,0.0,1.0,5.0,7.4
2005-04-09,4.7,6.1,3.9,0.8,3.0,86,17.7,17.7,0.0,13.0,7.03,12.8
2005-04-10,6.5,8.1,4.1,1.5,4.0,65,0.0,0.0,0.0,0.0,7.62,10.7
2005-04-11,6.7,10.1,4.8,3.6,8.9,69,0.0,0.0,0.0,0.0,4.43,6.0
2005-04-12,6.9,8.2,5.1,1.9,2.9,59,0.0,0.0,0.0,0.0,7.69,10.5
2005-04-13,8.3,11.4,4.8,2.6,5.5,58,0.0,0.0,0.0,0.0,10.48,14.6
2005-04-14,7.0,10.2,5.3,1.1,3.7,49,0.0,0.0,0.0,0.0,10.65,15.0
2005-04-15,7.6,9.1,5.4,1.9,4.4,53,0.0,0.0,0.0,0.0,8.22,11.3
2005-04-16,9.1,13.1,7.2,4.8,11.7,68,0.0,0.0,0.0,0.0,8.82,12.8
2005-04-17,7.3,8.2,5.8,3.6,5.4,82,0.7,0.7,0.0,2.0,5.89,8.0
2005-04-18,6.7,7.8,5.4,3.1,5.4,90,0.0,0.0,0.0,0.0,6.16,8.3
2005-04-19,7.9,9.7,5.7,4.3,7.5,91,12.2,12.2,0.0,12.0,10.05,12.2
2005-04-20,7.8,9.7,5.1,1.6,3.9,56,0.0,0.0,0.0,0.0,9.53,14.4
2005-04-21,8.5,10.0,6.8,2.6,4.5,55,0.0,0.0,0.0,0.0,8.92,12.3
2005-04-22,8.8,10.2,7.1,4.2,6.6,58,0.0,0.0,0.0,0.0,7.21,10.3
2005-04-23,9.8,11.5,7.8,4.3,7.4,56,0.1,0.1,0.0,1.0,10.4,14.7
2005-04-24,8.8,9.9,7.5,5.5,8.3,83,5.7,5.7,0.0,7.0,9.96,15.2
2005-04-25,10.2,12.1,7.8,7.1,10.6,77,0.0,0.0,0.0,0.0,6.76,10.0
2005-04-26,12.0,14.4,9.7,7.1,9.9,68,1.4,1.4,0.0,1.0,10.96,15.3
2005-04-27,11.8,13.7,8.9,8.7,11.8,81,7.3,7.3,0.0,2.0,9.28,13.4
2005-04-28,13.5,14.6,10.6,9.1,11.1,59,0.0,0.0,0.0,0.0,10.13,13.7
2005-04-29,11.2,12.3,9.3,7.6,9.6,64,0.0,0.0,0.0,0.0,7.02,9.7
2005-04-30,11.0,12.3,9.9,8.6,10.9,88,0.0,0.0,0.0,0.0,5.36,7.5
2005-05-01,12.3,13.7,10.0,7.0,8.8,52,1.4,1.4,0.0,2.0,11.28,17.0
2005-05-02,11.4,13.4,9.9,8.6,12.6,64,0.0,0.0,0.0,0.0,5.47,7.4
2005-05-03,13.0,15.3,10.9,9.4,13.5,56,0.0,0.0,0.0,0.0,7.78,10.6
2005-05-04,12.2,13.4,10.0,9.4,12.0,73,0.0,0.0,0.0,0.0,6.45,8.8
2005-05-05,11.2,12.1,10.0,7.4,8.8,87,11.7,11.7,0.0,14.0,12.16,18.0
2005-05-06,10.4,12.4,8.7,5.0,7.8,66,0.0,0.0,0.0,0.0,12.81,19.9
2005-05-07,10.8,12.4,8.9,6.9,10.1,71,1.0,1.0,0.0,3.0,9.76,14.4
2005-05-08,11.5,13.4,9.3,8.8,11.1,67,0.0,0.0,0.0,0.0,5.84,8.7
2005-05-09,11.0,12.6,9.4,8.1,10.1,71,0.0,0.0,0.0,0.0,5.9,9.2
2005-05-10,10.0,11.6,8.1,7.0,8.7,80,5.4,5.4,0.0,9.0,8.38,12.3
2005-05-11,10.2,12.0,8.9,7.9,11.5,87,5.2,5.2,0.0,6.0,7.49,12.1
2005-05-12,10.6,12.8,8.8,8.9,13.7,85,0.0,0.0,0.0,0.0,5.12,6.3
2005-05-13,11.0,11.5,10.5,7.7,8.4,79,0.3,0.3,0.0,2.0,5.67,8.0
2005-05-14,12.3,15.0,10.4,10.9,14.8,82,0.2,0.2,0.0,1.0,4.3,6.0
2005-05-15,10.9,11.4,10.2,8.8,10.2,91,0.0,0.0,0.0,0.0,4.97,7.3
2005-05-16,12.5,12.9,11.7,9.6,10.4,81,0.9,0.9,0.0,3.0,6.94,9.3
2005-05-17,12.2,12.8,11.8,7.6,9.3,93,66.5,66.5,0.0,21.0,11.67,17.9
2005-05-18,14.2,16.4,11.8,10.1,14.4,71,0.0,0.0,0.0,0.0,11.72,18.2
2005-05-19,15.1,16.7,13.7,12.8,15.6,67,0.0,0.0,0.0,0.0,5.06,9.9
2005-05-20,15.2,17.0,13.3,13.2,17.0,71,0.0,0.0,0.0,0.0,5.87,7.6
2005-05-21,14.8,16.7,13.0,12.2,14.7,76,1.4,1.4,0.0,6.0,7.11,10.9
2005-05-22,13.1,15.3,11.7,11.8,16.2,87,3.4,3.4,0.0,8.0,5.02,8.5
2005-05-23,14.3,16.2,12.1,13.1,16.5,74,0.0,0.0,0.0,0.0,5.76,7.7
2005-05-24,14.1,15.4,12.9,12.6,15.0,76,0.0,0.0,0.0,0.0,5.94,8.2
2005-05-25,16.1,18.5,13.0,14.4,17.9,79,0.0,0.0,0.0,0.0,7.68,10.6
2005-05-26,16.9,19.9,14.1,16.7,22.9,79,0.6,0.6,0.0,2.0,7.41,12.3
2005-05-27,15.6,17.5,13.4,14.4,16.9,78,0.0,0.0,0.0,0.0,6.71,9.7
2005-05-28,16.4,17.1,15.0,15.3,18.1,77,0.0,0.0,0.0,0.0,6.55,9.8
2005-05-29,17.4,19.1,15.3,15.4,17.4,75,0.0,0.0,0.0,0.0,8.51,12.1
2005-05-30,17.7,18.9,16.7,15.6,17.1,71,0.6,0.6,0.0,4.0,8.38,11.7
2005-05-31,17.6,18.4,16.6,16.2,19.4,82,0.0,0.0,0.0,0.0,9.12,13.1
2005-06-01,16.9,18.2,16.2,16.8,20.3,92,6.3,6.3,0.0,6.0,7.33,12.1
2005-06-02,17.0,19.4,14.8,17.3,21.5,88,0.0,0.0,0.0,0.0,5.66,8.1
2005-06-03,18.0,19.6,16.2,16.9,18.7,79,0.0,0.0,0.0,0.0,7.74,10.7
2005-06-04,19.3,21.6,17.0,19.1,22.4,77,0.0,0.0,0.0,0.0,5.32,7.4
2005-06-05,18.1,19.1,16.8,18.1,19.9,84,0.0,0.0,0.0,0.0,7.42,10.4
2005-06-06,17.8,19.1,16.7,17.7,20.5,87,2.3,2.3,0.0,4.0,7.3,10.5
2005-06-07,17.8,19.1,16.5,17.0,18.8,84,0.0,0.0,0.0,0.0,8.07,11.4
2005-06-08,17.8,18.8,16.9,17.5,19.8,91,0.0,0.0,0.0,0.0,7.1,9.9
2005-06-09,18.1,18.6,17.3,17.7,18.7,91,0.0,0.0,0.0,0.0,6.48,8.6
2005-06-10,17.8,19.1,16.3,18.4,21.4,89,0.0,0.0,0.0,0.0,5.14,7.0
2005-06-11,19.9,23.1,16.1,21.0,27.1,84,0.0,0.0,0.0,0.0,5.23,7.6
2005-06-12,18.6,19.9,17.5,18.2,19.6,87,0.0,0.0,0.0,0.0,7.07,10.3
2005-06-13,21.6,23.4,20.0,21.8,25.3,70,0.0,0.0,0.0,0.0,5.83,13.0
2005-06-14,19.4,21.2,18.0,18.3,20.2,79,11.6,11.6,0.0,7.0,8.22,12.3
2005-06-15,18.3,19.5,17.2,18.6,20.5,90,2.0,2.0,0.0,4.0,6.74,10.0
2005-06-16,18.7,21.2,16.8,20.1,25.2,89,0.0,0.0,0.0,0.0,4.4,6.6
2005-06-17,17.1,18.0,16.1,16.1,17.0,94,5.0,5.0,0.0,11.0,8.71,16.4
2005-06-18,18.5,20.0,17.5,18.7,21.2,91,0.8,0.8,0.0,2.0,7.41,12.7
2005-06-19,18.7,19.5,17.4,19.9,22.3,92,0.0,0.0,0.0,0.0,5.28,6.9
2005-06-20,19.8,21.7,18.6,21.4,25.5,91,9.3,9.3,0.0,3.0,7.76,9.2
2005-06-21,19.9,22.4,17.8,22.2,24.9,92,0.0,0.0,0.0,0.0,3.31,5.4
2005-06-22,21.1,23.2,19.7,22.8,25.9,86,0.0,0.0,0.0,0.0,4.92,6.6
2005-06-23,20.3,21.5,19.1,21.4,23.2,92,0.0,0.0,0.0,0.0,6.39,7.8
2005-06-24,22.3,24.5,21.0,24.3,28.7,85,0.0,0.0,0.0,0.0,5.26,7.2
2005-06-25,23.2,24.0,21.1,23.5,25.5,73,0.0,0.0,0.0,0.0,6.52,9.5
2005-06-26,20.2,20.8,19.5,20.2,21.5,95,67.8,67.8,0.0,15.0,9.11,18.2
2005-06-27,20.6,22.0,19.7,19.9,23.1,86,12.4,12.4,0.0,7.0,11.03,17.1
2005-06-28,21.2,23.0,19.8,22.7,26.8,87,0.0,0.0,0.0,0.0,5.99,8.3
2005-06-29,21.4,23.0,20.2,21.6,24.2,88,8.2,8.2,0.0,8.0,7.47,12.8
2005-06-30,22.4,24.0,21.2,22.7,24.6,80,0.2,0.2,0.0,2.0,8.7,14.6
2005-07-01,23.3,24.4,22.0,25.8,28.0,91,0.0,0.0,0.0,0.0,6.32,9.1
2005-07-02,23.6,25.3,22.6,26.8,29.3,87,3.0,3.0,0.0,4.0,5.16,8.3
2005-07-03,22.0,22.9,21.1,24.2,26.1,91,5.9,5.9,0.0,8.0,4.89,8.5
2005-07-04,23.3,24.5,21.5,25.0,27.2,85,0.0,0.0,0.0,0.0,6.46,9.0
2005-07-05,24.5,26.6,22.7,26.6,30.7,75,0.0,0.0,0.0,0.0,5.71,8.1
2005-07-06,24.1,25.2,22.8,25.8,28.3,75,0.0,0.0,0.0,0.0,5.61,8.0
2005-07-07,22.5,23.0,21.8,24.6,26.6,88,0.0,0.0,0.0,0.0,6.16,8.0
2005-07-08,22.4,23.2,21.4,24.5,26.4,93,0.0,0.0,0.0,0.0,6.08,8.6
2005-07-09,22.4,23.1,21.6,25.3,28.0,91,0.0,0.0,0.0,0.0,5.28,9.1
2005-07-10,22.2,23.2,21.1,24.6,26.4,92,7.2,7.2,0.0,6.0,5.04,8.9
2005-07-11,22.8,24.0,21.4,26.2,28.3,90,6.0,6.0,0.0,10.0,4.3,6.8
2005-07-12,23.5,25.2,22.4,27.4,29.4,87,0.7,0.7,0.0,2.0,4.3,6.5
2005-07-13,23.5,24.6,22.3,26.9,29.4,92,0.0,0.0,0.0,0.0,4.97,6.4
2005-07-14,24.3,25.8,23.5,27.0,29.1,89,6.7,6.7,0.0,7.0,6.71,10.0
2005-07-15,23.9,24.9,22.4,26.9,28.4,91,5.1,5.1,0.0,4.0,6.8,10.0
2005-07-16,24.0,24.8,23.4,27.1,28.4,93,0.0,0.0,0.0,0.0,5.78,8.5
2005-07-17,24.2,25.4,23.2,27.6,30.2,93,0.0,0.0,0.0,0.0,5.37,6.8
2005-07-18,24.8,25.8,23.9,29.1,31.2,92,0.0,0.0,0.0,0.0,4.22,6.9
2005-07-19,25.6,26.8,24.6,30.0,32.8,89,0.0,0.0,0.0,0.0,5.0,6.2
2005-07-20,26.8,28.0,25.4,30.8,34.0,85,0.0,0.0,0.0,0.0,5.61,7.7
2005-07-21,27.0,28.2,25.9,31.1,33.8,81,0.0,0.0,0.0,0.0,5.24,7.6
2005-07-22,26.7,28.4,25.3,32.4,35.8,87,0.0,0.0,0.0,0.0,3.32,4.5
2005-07-23,26.9,28.5,25.5,32.5,35.3,86,0.0,0.0,0.0,0.0,3.11,4.8
2005-07-24,25.4,26.1,23.7,29.5,31.4,89,26.2,26.2,0.0,9.0,7.3,11.7
2005-07-25,23.7,24.3,22.9,24.9,27.6,88,57.2,57.2,0.0,16.0,9.39,16.8
2005-07-26,24.5,26.1,23.4,28.5,31.4,87,0.0,0.0,0.0,0.0,3.36,5.6
2005-07-27,24.2,24.7,23.5,28.0,29.3,93,2.2,2.2,0.0,6.0,5.17,6.6
2005-07-28,24.6,26.5,23.1,28.2,31.6,88,0.0,0.0,0.0,0.0,5.4,7.1
2005-07-29,25.1,27.3,23.4,29.0,32.8,87,0.0,0.0,0.0,0.0,4.65,6.3
2005-07-30,24.8,26.1,23.3,29.1,31.3,89,0.0,0.0,0.0,0.0,4.3,5.7
2005-07-31,24.2,24.7,23.2,26.8,28.9,88,41.2,41.2,0.0,12.0,8.73,19.1
2005-08-01,24.3,26.3,22.6,27.1,30.3,84,6.2,6.2,0.0,4.0,8.42,13.7
2005-08-02,24.8,26.6,23.2,28.3,31.5,85,1.8,1.8,0.0,2.0,5.23,8.2
2005-08-03,24.7,25.7,23.6,28.2,29.4,85,9.9,9.9,0.0,4.0,4.42,7.1
2005-08-04,24.5,25.2,23.9,28.3,29.1,87,6.9,6.9,0.0,8.0,3.71,6.9
2005-08-05,24.7,25.1,24.0,28.7,30.4,91,12.5,12.5,0.0,14.0,4.74,7.9
2005-08-06,25.2,26.9,23.9,30.1,32.3,91,7.7,7.7,0.0,6.0,3.19,7.0
2005-08-07,25.7,27.5,24.0,30.6,33.0,90,0.0,0.0,0.0,0.0,3.83,5.8
2005-08-08,24.9,25.6,24.5,26.0,28.9,92,84.8,84.8,0.0,17.0,14.14,23.5
2005-08-09,24.5,25.4,23.4,27.1,30.2,89,2.1,2.1,0.0,7.0,7.8,13.3
2005-08-10,24.9,26.3,23.2,27.4,29.7,90,11.0,11.0,0.0,6.0,7.16,10.9
2005-08-11,25.2,26.3,24.3,28.7,30.3,91,8.3,8.3,0.0,7.0,6.76,8.6
2005-08-12,26.0,27.0,25.0,29.6,30.7,91,2.8,2.8,0.0,2.0,8.07,11.3
2005-08-13,26.4,27.1,25.9,30.0,32.8,89,0.0,0.0,0.0,0.0,8.3,11.4
2005-08-14,26.3,27.4,25.4,30.8,33.9,91,0.0,0.0,0.0,0.0,5.92,7.3
2005-08-15,26.0,26.4,25.5,30.3,31.1,91,0.0,0.0,0.0,0.0,5.14,7.8
2005-08-16,26.1,27.7,25.0,31.0,33.5,90,0.2,0.2,0.0,2.0,4.97,7.0
2005-08-17,22.4,25.3,19.4,22.6,28.9,85,12.6,12.6,0.0,15.0,9.71,14.4
2005-08-18,21.8,24.5,19.1,19.8,23.4,72,8.9,8.9,0.0,6.0,9.45,14.6
2005-08-19,22.8,26.1,20.1,21.7,25.5,64,0.0,0.0,0.0,0.0,8.57,12.6
2005-08-20,22.8,24.5,21.1,23.9,26.6,73,0.0,0.0,0.0,0.0,5.29,7.8
2005-08-21,23.4,24.8,22.0,25.7,28.5,80,0.0,0.0,0.0,0.0,5.15,6.5
2005-08-22,23.5,25.5,21.8,26.1,29.6,82,0.0,0.0,0.0,0.0,4.9,6.7
2005-08-23,22.8,24.4,21.3,26.0,28.9,88,0.0,0.0,0.0,0.0,3.16,4.8
2005-08-24,22.2,22.9,21.7,23.1,24.7,79,0.9,0.9,0.0,4.0,6.96,9.8
2005-08-25,21.8,23.0,20.5,23.3,25.7,76,0.0,0.0,0.0,0.0,3.86,6.0
2005-08-26,23.5,25.4,21.8,25.4,28.0,82,0.0,0.0,0.0,0.0,5.2,7.4
2005-08-27,23.6,24.9,22.8,25.9,28.3,85,0.0,0.0,0.0,0.0,4.98,7.4
2005-08-28,23.7,25.4,22.3,27.0,30.2,88,0.0,0.0,0.0,0.0,4.41,5.7
2005-08-29,24.1,24.9,23.4,27.0,28.9,89,0.0,0.0,0.0,0.0,5.19,7.8
2005-08-30,23.8,25.6,22.4,27.8,30.8,90,0.0,0.0,0.0,0.0,4.03,5.9
2005-08-31,23.3,24.9,22.3,25.9,28.4,87,0.4,0.4,0.0,2.0,7.43,11.1
2005-09-01,23.5,25.9,20.1,25.4,30.3,85,0.2,0.2,0.0,1.0,8.45,12.1
2005-09-02,20.7,22.6,19.0,17.9,20.4,56,0.0,0.0,0.0,0.0,8.03,11.7
2005-09-03,22.2,25.1,19.6,22.2,25.6,62,0.0,0.0,0.0,0.0,4.9,7.5
2005-09-04,22.3,24.5,20.3,23.4,26.9,71,0.0,0.0,0.0,0.0,4.66,7.1
2005-09-05,21.9,23.6,20.7,23.2,25.6,79,0.0,0.0,0.0,0.0,4.79,7.8
2005-09-06,22.2,24.4,20.6,22.8,26.3,72,0.0,0.0,0.0,0.0,5.38,9.0
2005-09-07,23.2,26.0,21.1,24.6,27.8,78,0.0,0.0,0.0,0.0,5.03,7.0
2005-09-08,22.6,24.8,20.9,25.1,27.9,83,0.0,0.0,0.0,0.0,3.31,5.1
2005-09-09,22.5,23.6,21.6,24.5,26.2,87,0.0,0.0,0.0,0.0,4.85,7.4
2005-09-10,22.9,24.0,22.0,25.0,27.0,86,0.0,0.0,0.0,0.0,5.82,7.9
2005-09-11,22.9,23.8,22.1,25.3,26.4,90,0.0,0.0,0.0,0.0,5.08,7.5
2005-09-12,23.5,24.8,21.8,26.6,28.6,84,0.0,0.0,0.0,0.0,4.58,6.8
2005-09-13,22.2,23.9,20.0,21.9,26.1,74,14.3,14.3,0.0,9.0,8.08,11.5
2005-09-14,22.3,24.9,20.6,21.6,24.4,64,0.0,0.0,0.0,0.0,6.48,9.5
2005-09-15,21.7,22.9,20.2,22.6,23.5,79,0.1,0.1,0.0,1.0,5.82,9.6
2005-09-16,21.1,22.0,19.8,21.5,24.5,87,44.4,44.4,0.0,16.0,7.94,13.3
2005-09-17,22.5,24.5,21.0,23.8,27.3,80,0.0,0.0,0.0,0.0,4.78,7.1
2005-09-18,22.0,23.9,20.6,22.0,24.5,60,0.0,0.0,0.0,0.0,5.0,7.2
2005-09-19,21.0,21.7,20.1,21.9,23.3,78,0.0,0.0,0.0,0.0,4.03,8.5
2005-09-20,20.8,22.5,19.4,20.2,21.8,69,0.0,0.0,0.0,0.0,8.01,10.8
2005-09-21,18.8,19.8,17.3,15.3,16.5,58,2.3,2.3,0.0,7.0,8.08,12.2
2005-09-22,19.0,21.0,17.0,15.8,18.1,52,0.0,0.0,0.0,0.0,7.69,12.0
2005-09-23,19.6,22.1,17.4,18.7,21.9,58,0.0,0.0,0.0,0.0,4.22,6.6
2005-09-24,20.1,21.9,18.3,19.9,21.9,62,0.0,0.0,0.0,0.0,3.08,4.7
2005-09-25,20.5,22.1,19.2,21.2,22.6,76,0.0,0.0,0.0,0.0,3.55,6.7
2005-09-26,20.4,22.0,19.2,21.9,24.0,82,0.0,0.0,0.0,0.0,3.2,4.8
2005-09-27,20.2,21.8,19.1,21.5,23.3,86,0.0,0.0,0.0,0.0,3.88,5.9
2005-09-28,20.2,21.4,18.9,21.2,23.0,86,0.0,0.0,0.0,0.0,5.16,7.0
2005-09-29,19.9,20.6,18.8,18.5,20.6,83,10.0,10.0,0.0,12.0,9.95,14.2
2005-09-30,19.6,21.8,16.8,19.1,22.9,86,3.1,3.1,0.0,3.0,8.85,12.8
2005-10-01,18.5,21.0,16.2,17.3,21.0,79,0.0,0.0,0.0,0.0,6.84,10.0
2005-10-02,17.4,21.4,15.6,11.9,19.3,46,0.0,0.0,0.0,0.0,11.59,17.2
2005-10-03,16.6,18.4,14.7,13.8,16.3,49,0.0,0.0,0.0,0.0,6.04,9.5
2005-10-04,19.2,21.8,17.4,17.9,19.9,59,0.0,0.0,0.0,0.0,4.21,6.2
2005-10-05,19.3,21.4,17.5,18.7,21.3,76,0.0,0.0,0.0,0.0,5.0,7.7
2005-10-06,19.5,20.7,18.7,18.8,19.9,73,0.2,0.2,0.0,1.0,5.58,8.3
2005-10-07,16.7,18.8,15.6,14.7,18.9,76,13.9,13.9,0.0,15.0,9.36,14.3
2005-10-08,16.8,18.5,15.5,13.9,15.7,55,0.0,0.0,0.0,0.0,5.36,8.9
2005-10-09,17.3,19.2,15.2,15.5,17.4,58,0.0,0.0,0.0,0.0,4.36,6.3
2005-10-10,18.3,19.6,17.2,16.0,17.8,64,0.0,0.0,0.0,0.0,6.18,9.5
2005-10-11,18.2,19.7,17.2,17.3,19.5,74,0.0,0.0,0.0,0.0,5.21,7.6
2005-10-12,17.9,18.7,17.2,16.9,17.6,77,0.0,0.0,0.0,0.0,4.71,7.3
2005-10-13,16.7,19.1,12.5,14.8,18.8,78,2.0,2.0,0.0,5.0,9.39,14.2
2005-10-14,15.1,17.0,12.4,10.5,11.3,47,0.0,0.0,0.0,0.0,8.85,12.6
2005-10-15,16.4,17.8,15.1,11.9,13.4,48,0.0,0.0,0.0,0.0,8.79,13.4
2005-10-16,17.5,19.2,16.0,14.4,16.5,65,0.0,0.0,0.0,0.0,8.65,12.7
2005-10-17,14.0,16.0,11.4,8.7,15.3,45,0.0,0.0,0.0,0.0,8.52,12.4
2005-10-18,13.1,15.3,10.4,9.5,12.6,41,0.0,0.0,0.0,0.0,5.55,8.9
2005-10-19,15.9,17.9,13.5,13.6,15.8,63,0.0,0.0,0.0,0.0,5.25,9.2
2005-10-20,17.2,18.6,16.2,16.5,18.1,82,0.9,0.9,0.0,1.0,7.11,8.1
2005-10-21,7.5,13.6,4.8,-1.1,8.7,62,4.6,4.6,0.0,5.0,13.96,21.4
2005-10-22,8.1,11.6,4.5,2.7,7.7,56,0.0,0.0,0.0,0.0,10.08,16.3
2005-10-23,14.1,16.4,11.6,10.7,12.6,68,0.0,0.0,0.0,0.0,7.54,11.4
2005-10-24,15.4,17.8,13.5,14.1,16.6,77,0.0,0.0,0.0,0.0,5.6,7.6
2005-10-25,15.2,16.5,13.8,12.7,14.0,80,0.0,0.0,0.0,0.0,6.69,9.7
2005-10-26,15.8,17.0,14.9,14.9,16.0,87,0.0,0.0,0.0,0.0,5.61,7.6
2005-10-27,15.5,16.3,12.4,14.1,15.4,88,3.4,3.4,0.0,3.0,9.04,13.2
2005-10-28,11.2,12.4,9.7,6.1,8.0,63,0.0,0.0,0.0,0.0,9.12,13.7
2005-10-29,10.8,12.3,9.7,6.7,8.0,59,0.0,0.0,0.0,0.0,5.87,8.8
2005-10-30,11.4,13.5,9.1,7.7,9.9,54,0.0,0.0,0.0,0.0,5.68,8.5
2005-10-31,14.6,16.1,12.5,10.7,11.3,62,0.0,0.0,0.0,0.0,7.38,10.6
2005-11-01,15.2,16.2,14.3,11.5,12.9,69,0.0,0.0,0.0,0.0,7.77,11.3
2005-11-02,15.2,16.2,14.2,12.9,14.3,79,0.0,0.0,0.0,0.0,6.22,9.0
2005-11-03,15.1,16.3,13.7,14.0,15.3,89,0.0,0.0,0.0,0.0,5.5,8.7
2005-11-04,14.5,15.4,13.1,13.7,14.6,93,0.0,0.0,0.0,0.0,4.61,7.4
2005-11-05,14.5,15.3,13.8,13.5,14.6,94,1.3,1.3,0.0,3.0,5.74,8.2
2005-11-06,10.8,14.2,8.9,5.1,11.7,48,0.5,0.5,0.0,2.0,9.8,14.5
2005-11-07,12.0,14.4,8.5,7.5,10.2,57,0.1,0.1,0.0,1.0,8.78,13.1
2005-11-08,10.3,11.3,9.3,5.9,7.8,45,0.0,0.0,0.0,0.0,7.25,12.0
2005-11-09,12.5,14.6,9.8,9.3,12.3,70,0.0,0.0,0.0,0.0,7.31,10.8
2005-11-10,13.3,15.6,9.7,10.1,12.5,70,0.0,0.0,0.0,0.0,6.24,9.3
2005-11-11,9.3,10.9,8.0,4.5,6.5,50,0.0,0.0,0.0,0.0,6.44,10.0
2005-11-12,11.0,13.2,8.1,7.4,12.8,65,0.5,0.5,0.0,3.0,6.59,10.0
2005-11-13,7.0,11.3,4.8,0.9,6.4,53,1.6,1.6,0.0,4.0,9.02,14.7
2005-11-14,6.6,9.3,4.5,1.5,4.0,50,0.0,0.0,0.0,0.0,7.22,11.3
2005-11-15,4.5,5.7,3.2,-1.1,-0.2,52,0.0,0.0,0.0,0.0,6.51,10.2
2005-11-16,5.3,8.4,3.0,1.4,4.7,56,0.0,0.0,0.0,0.0,4.59,7.2
2005-11-17,7.5,8.6,6.2,4.1,5.8,62,0.0,0.0,0.0,0.0,4.04,6.6
2005-11-18,5.7,7.2,4.3,0.7,2.7,51,0.0,0.0,0.0,0.0,5.95,8.9
2005-11-19,4.8,6.4,3.2,0.3,3.5,55,0.0,0.0,0.0,0.0,5.44,8.3
2005-11-20,8.3,9.6,6.0,4.0,5.2,70,3.5,3.5,0.0,11.0,7.45,11.5
2005-11-21,6.8,8.6,4.6,1.8,4.1,54,0.0,0.0,0.0,0.0,7.47,11.1
2005-11-22,9.3,11.3,7.1,4.1,5.8,53,0.0,0.0,0.0,0.0,8.23,11.7
2005-11-23,10.0,11.7,6.7,5.2,6.1,60,0.0,0.0,0.0,0.0,7.4,10.7
2005-11-24,9.3,12.2,6.0,4.9,6.9,59,0.0,0.0,0.0,0.0,7.04,10.2
2005-11-25,10.5,12.7,8.7,6.8,8.4,65,0.0,0.0,0.0,0.0,6.26,9.2
2005-11-26,10.1,11.5,6.9,6.5,8.1,74,0.0,0.0,0.0,0.0,7.35,11.2
2005-11-27,8.2,11.7,4.5,4.2,7.7,65,0.0,0.0,0.0,0.0,6.39,10.8
2005-11-28,7.0,11.5,3.3,1.4,7.8,73,0.8,0.8,0.0,3.0,12.21,18.5
2005-11-29,5.3,8.1,3.1,-0.2,1.0,51,0.2,0.2,0.0,1.0,9.8,15.5
2005-11-30,7.6,9.9,3.4,2.6,6.1,62,0.0,0.0,0.0,0.0,7.59,11.6
2005-12-01,3.5,9.6,-0.3,-3.0,5.9,76,0.0,0.0,0.0,0.0,9.91,15.6
2005-12-02,-0.2,1.0,-1.7,-5.7,-3.2,57,0.0,0.0,0.0,0.0,7.73,12.6
2005-12-03,-1.0,1.7,-2.7,-7.8,-3.7,71,9.2,0.0,6.65,12.0,9.18,14.7
2005-12-04,-3.3,-0.7,-4.9,-11.6,-9.4,73,3.4,0.0,2.66,16.0,11.59,18.4
2005-12-05,-0.2,0.7,-1.2,-8.5,-7.3,72,1.0,0.0,0.98,8.0,11.71,18.3
2005-12-06,-1.4,-0.9,-2.1,-8.2,-7.9,63,0.0,0.0,0.0,0.0,7.95,12.5
2005-12-07,-2.5,-1.9,-3.3,-9.0,-8.5,61,0.0,0.0,0.0,0.0,7.19,11.7
2005-12-08,-1.3,0.9,-3.4,-6.4,-4.5,57,0.0,0.0,0.07,0.0,6.71,10.5
2005-12-09,-1.1,0.6,-3.1,-6.7,-4.4,67,0.0,0.0,0.0,0.0,7.58,12.2
2005-12-10,-4.4,-3.4,-5.4,-11.9,-10.4,61,0.0,0.0,0.0,0.0,8.6,13.4
2005-12-11,-3.5,-2.3,-4.8,-10.2,-9.1,56,0.0,0.0,0.0,0.0,7.46,12.5
2005-12-12,-4.1,-3.1,-4.9,-11.9,-10.3,58,0.1,0.0,1.12,1.0,9.54,15.1
2005-12-13,-2.7,-0.8,-4.1,-10.1,-7.6,57,0.0,0.0,0.07,0.0,8.67,13.6
2005-12-14,-3.1,-1.7,-4.6,-9.9,-8.2,57,0.0,0.0,0.0,0.0,7.84,11.9
2005-12-15,-1.2,-0.2,-2.2,-7.1,-6.1,55,0.0,0.0,0.07,0.0,6.49,10.6
2005-12-16,-2.4,-0.8,-4.0,-8.9,-6.2,54,0.1,0.0,0.28,1.0,8.21,13.2
2005-12-17,-5.8,-1.9,-7.2,-14.2,-9.6,60,0.0,0.0,0.42,0.0,12.92,19.6
2005-12-18,-0.8,0.2,-2.1,-6.4,-4.0,53,0.0,0.0,0.0,0.0,9.53,14.1
2005-12-19,-1.9,-0.4,-3.3,-7.4,-5.6,52,0.0,0.0,0.0,0.0,5.33,8.1
2005-12-20,-3.3,-1.4,-4.7,-9.2,-6.7,62,1.0,0.0,0.84,5.0,7.51,11.3
2005-12-21,-5.1,-3.4,-6.4,-13.3,-10.9,62,2.9,0.0,2.38,14.0,11.81,18.2
2005-12-22,-0.4,3.2,-4.7,-7.0,-1.9,57,0.0,0.0,0.0,0.0,10.1,14.7
2005-12-23,-1.2,1.9,-4.2,-7.0,-1.2,62,0.0,0.0,0.0,0.0,7.22,11.5
2005-12-24,1.3,4.8,-4.6,-4.5,-0.8,64,0.0,0.0,0.0,0.0,9.25,13.7
2005-12-25,-2.3,3.3,-5.9,-9.2,-1.3,55,0.0,0.0,0.0,0.0,8.83,13.0
2005-12-26,-4.8,-3.2,-6.2,-10.4,-8.9,55,0.0,0.0,0.0,0.0,4.92,9.3
2005-12-27,-4.4,-2.8,-5.5,-9.9,-8.5,52,0.0,0.0,0.0,0.0,5.03,8.5
2005-12-28,-1.9,2.4,-5.1,-7.0,-2.3,66,0.5,0.2,0.49,3.0,5.28,7.8
2005-12-29,2.8,3.6,2.1,-0.9,0.4,87,5.4,3.9,1.05,16.0,4.81,7.8
2005-12-30,-1.1,2.2,-4.5,-7.2,-2.1,64,0.0,0.0,0.0,0.0,8.64,13.1
2005-12-31,-2.8,0.0,-4.9,-7.5,-5.0,61,0.0,0.0,0.0,0.0,5.64,8.9
2006-01-01,2.0,3.0,0.3,-3.6,-2.6,78,0.0,0.0,0.0,0.0,7.81,11.6
2006-01-02,0.6,2.6,-1.1,-4.6,-2.7,62,0.0,0.0,0.0,0.0,6.55,9.6
2006-01-03,-2.8,1.1,-5.0,-9.2,-3.7,57,0.0,0.0,0.0,0.0,7.08,10.7
2006-01-04,-6.0,-5.1,-7.2,-13.8,-12.3,59,0.0,0.0,0.0,0.0,9.14,14.3
2006-01-05,-6.0,-4.8,-7.7,-12.5,-10.3,56,0.0,0.0,0.0,0.0,8.52,12.5
2006-01-06,-4.4,-3.4,-6.4,-11.0,-9.2,52,0.0,0.0,0.0,0.0,8.26,12.6
2006-01-07,-2.5,-0.7,-4.1,-7.7,-6.1,52,0.0,0.0,0.0,0.0,4.69,7.7
2006-01-08,0.0,2.1,-2.0,-4.9,-3.9,56,0.0,0.0,0.0,0.0,5.87,9.0
2006-01-09,-0.1,1.8,-2.5,-5.2,-4.0,60,0.0,0.0,0.0,0.0,5.97,8.8
2006-01-10,-2.8,-0.8,-4.4,-8.1,-6.3,52,0.0,0.0,0.0,0.0,4.77,7.5
2006-01-11,-0.6,3.0,-4.6,-5.8,-2.8,69,0.0,0.0,0.0,0.0,7.06,9.1
2006-01-12,3.0,3.5,2.8,-2.8,-1.6,85,4.2,3.6,0.42,10.0,9.0,12.0
2006-01-13,1.0,2.9,-1.4,-4.2,-2.1,85,0.6,0.6,0.0,2.0,6.94,11.1
2006-01-14,-0.6,1.4,-2.0,-6.1,-3.8,63,0.0,0.0,0.0,0.0,6.51,9.7
2006-01-15,1.1,2.9,-0.3,-3.2,-1.9,77,0.0,0.0,0.0,0.0,4.88,8.7
2006-01-16,-0.4,1.3,-3.9,-6.0,-4.0,58,0.0,0.0,0.0,0.0,6.43,9.7
2006-01-17,-4.7,-3.1,-5.9,-11.0,-8.6,56,0.0,0.0,0.07,0.0,6.74,10.5
2006-01-18,-4.2,-0.8,-6.8,-10.7,-6.9,55,0.0,0.0,0.0,0.0,7.21,11.0
2006-01-19,-2.7,0.2,-4.9,-8.9,-6.0,53,0.0,0.0,0.0,0.0,6.66,10.2
2006-01-20,-1.6,0.5,-2.7,-7.4,-5.7,58,0.0,0.0,0.0,0.0,6.21,9.8
2006-01-21,-1.1,1.4,-3.2,-6.5,-3.9,60,0.0,0.0,0.0,0.0,5.81,9.2
2006-01-22,-5.0,-1.8,-6.8,-12.6,-7.9,57,0.0,0.0,0.0,0.0,9.58,14.1
2006-01-23,-4.6,-2.0,-7.5,-10.2,-7.0,59,0.0,0.0,0.0,0.0,5.74,10.4
2006-01-24,-0.9,1.7,-4.1,-5.4,-3.0,71,0.0,0.0,0.0,0.0,4.78,7.0
2006-01-25,-0.1,1.7,-2.7,-5.2,-2.7,73,0.0,0.0,0.0,0.0,5.91,9.9
2006-01-26,0.2,2.7,-2.8,-4.8,-3.0,73,0.0,0.0,0.0,0.0,6.4,9.1
2006-01-27,-0.7,1.1,-2.5,-6.1,-3.4,63,0.0,0.0,0.0,0.0,7.07,10.8
2006-01-28,1.5,3.4,-2.1,-3.6,-2.0,75,0.0,0.0,0.0,0.0,7.02,10.3
2006-01-29,1.0,3.6,-3.2,-4.5,0.7,83,0.0,0.0,0.0,0.0,9.58,14.0
2006-01-30,-4.0,-3.0,-5.4,-11.1,-9.2,43,0.0,0.0,0.0,0.0,9.3,14.0
2006-01-31,-2.6,-0.5,-5.1,-8.1,-6.1,65,0.0,0.0,0.0,0.0,5.73,8.8
2006-02-01,-5.5,-2.8,-7.7,-13.0,-9.2,54,0.0,0.0,0.0,0.0,10.14,15.6
2006-02-02,-7.7,-1.8,-12.4,-15.6,-9.1,59,0.3,0.0,0.28,1.0,13.6,22.0
2006-02-03,-12.1,-10.2,-13.9,-19.9,-16.1,65,0.0,0.0,0.21,0.0,11.1,17.1
2006-02-04,-6.3,-3.6,-9.8,-12.0,-9.8,54,0.0,0.0,0.0,0.0,5.54,8.8
2006-02-05,-3.3,-0.1,-7.4,-8.3,-5.0,60,0.0,0.0,0.07,0.0,5.18,7.8
2006-02-06,-0.2,0.7,-0.9,-4.5,-2.6,90,13.8,0.1,9.73,22.0,6.33,7.0
2006-02-07,-6.1,-0.9,-7.7,-15.4,-7.7,76,8.3,0.0,5.88,8.0,12.56,19.6
2006-02-08,-7.2,-3.4,-9.4,-15.1,-10.9,61,0.0,0.0,0.0,0.0,10.26,15.7
2006-02-09,-1.8,0.3,-3.8,-9.1,-6.3,66,0.0,0.0,0.0,0.0,9.64,14.2
2006-02-10,0.0,1.3,-1.7,-5.1,-3.4,80,0.0,0.0,0.0,0.0,7.13,10.5
2006-02-11,-2.3,-0.3,-3.9,-7.3,-5.5,61,0.0,0.0,0.0,0.0,5.17,7.8
2006-02-12,0.6,3.7,-2.9,-4.9,-2.7,74,0.0,0.0,0.0,0.0,10.22,14.6
2006-02-13,3.6,4.2,3.1,-1.5,-0.1,84,6.6,6.6,0.0,7.0,9.54,14.3
2006-02-14,1.7,3.1,0.1,-3.5,-1.0,81,0.0,0.0,0.0,0.0,8.33,11.8
2006-02-15,0.5,1.5,-0.5,-3.9,-1.5,68,0.0,0.0,0.0,0.0,5.12,8.6
2006-02-16,-2.2,0.9,-5.6,-8.5,-3.0,54,0.0,0.0,0.0,0.0,10.03,14.9
2006-02-17,-1.9,0.4,-6.0,-7.7,-5.7,46,0.0,0.0,0.0,0.0,7.72,12.1
2006-02-18,1.8,3.2,0.2,-4.0,-2.6,69,0.0,0.0,0.0,0.0,7.41,11.0
2006-02-19,2.9,4.2,1.8,-2.2,-0.2,77,0.0,0.0,0.0,0.0,7.37,10.8
2006-02-20,3.4,4.5,2.4,-2.2,-0.7,81,0.0,0.0,0.0,0.0,8.51,12.3
2006-02-21,2.8,3.9,1.5,-2.0,0.6,85,0.0,0.0,0.0,0.0,9.88,14.0
2006-02-22,-1.7,0.8,-3.2,-8.2,-6.6,43,0.0,0.0,0.0,0.0,9.0,13.9
2006-02-23,-0.2,1.7,-1.9,-5.4,-3.1,58,0.0,0.0,0.0,0.0,5.22,8.1
2006-02-24,0.6,2.9,-1.7,-5.3,-2.3,69,0.0,0.0,0.0,0.0,7.1,11.0
2006-02-25,-0.1,3.0,-4.8,-6.1,0.2,83,2.5,0.0,1.82,5.0,11.4,17.1
2006-02-26,-4.8,-4.1,-5.8,-12.4,-10.7,49,0.0,0.0,0.0,0.0,9.83,15.8
2006-02-27,-2.9,-0.5,-5.4,-8.2,-5.9,51,0.0,0.0,0.0,0.0,4.56,7.2
2006-02-28,-1.9,-0.8,-3.1,-6.7,-5.2,63,0.1,0.0,0.28,1.0,5.49,7.8
2006-03-01,-1.1,-0.4,-2.0,-6.9,-6.0,74,0.0,0.0,0.0,0.0,8.4,12.8
2006-03-02,-0.6,0.9,-2.0,-5.4,-3.7,61,0.0,0.0,0.0,0.0,5.81,10.6
2006-03-03,0.7,2.7,-1.9,-4.5,-2.3,64,0.0,0.0,0.0,0.0,8.78,12.5
2006-03-04,1.9,3.4,-0.3,-3.6,-1.1,87,5.2,5.2,0.0,7.0,8.6,11.5
2006-03-05,1.6,4.2,-0.6,-2.2,1.0,88,0.0,0.0,0.0,0.0,5.95,9.7
2006-03-06,0.6,2.1,-0.9,-4.3,-1.3,59,0.0,0.0,0.0,0.0,6.11,9.9
2006-03-07,3.0,5.2,1.0,-1.2,1.6,71,0.0,0.0,0.0,0.0,5.87,8.9
2006-03-08,2.2,3.6,1.2,-2.0,-0.6,67,0.0,0.0,0.0,0.0,4.32,8.0
2006-03-09,3.1,5.4,1.8,-1.0,-0.0,82,0.0,0.0,0.0,0.0,7.3,10.2
2006-03-10,5.3,6.6,3.3,0.4,2.3,76,2.5,2.5,0.0,3.0,8.42,11.7
2006-03-11,-0.5,3.2,-2.3,-8.2,-3.0,50,0.0,0.0,0.07,0.0,10.57,14.8
2006-03-12,-2.9,-0.3,-5.0,-11.3,-7.0,40,0.0,0.0,0.0,0.0,12.37,19.0
2006-03-13,0.0,1.1,-1.2,-5.4,-3.1,50,0.0,0.0,0.0,0.0,8.23,11.8
2006-03-14,2.5,4.9,-1.2,-2.1,1.3,66,0.0,0.0,0.0,0.0,5.64,7.4
2006-03-15,4.6,5.5,3.9,-0.6,0.8,72,0.0,0.0,0.0,0.0,6.48,9.4
2006-03-16,4.5,6.9,2.9,0.9,4.4,83,0.2,0.2,0.0,1.0,5.73,8.7
2006-03-17,5.5,7.6,2.8,1.0,3.4,73,0.0,0.0,0.0,0.0,8.08,11.6
2006-03-18,3.8,6.0,1.6,-2.6,0.7,56,0.0,0.0,0.0,0.0,12.09,17.6
2006-03-19,3.3,5.3,0.9,-1.2,1.2,64,0.0,0.0,0.0,0.0,6.48,8.1
2006-03-20,4.8,5.9,2.8,0.2,3.0,76,0.0,0.0,0.0,0.0,8.21,11.4
2006-03-21,3.9,5.0,2.4,0.1,1.8,89,0.0,0.0,0.0,0.0,6.48,9.1
2006-03-22,4.6,6.2,3.0,-0.1,2.4,81,1.6,1.6,0.0,5.0,8.91,13.9
2006-03-23,3.5,5.1,2.0,-1.2,1.9,58,0.0,0.0,0.0,0.0,7.16,10.2
2006-03-24,5.8,8.0,4.0,-0.0,2.4,67,0.0,0.0,0.0,0.0,9.69,12.8
2006-03-25,5.2,8.4,3.1,-0.8,1.3,51,0.0,0.0,0.0,0.0,10.31,13.7
2006-03-26,3.0,4.3,1.4,-1.2,1.4,64,0.0,0.0,0.0,0.0,6.26,10.2
2006-03-27,4.2,5.5,2.5,-2.0,-1.1,62,0.0,0.0,0.0,0.0,10.12,13.7
2006-03-28,2.2,3.3,1.4,-4.7,-1.8,47,0.0,0.0,0.0,0.0,11.72,17.2
2006-03-29,4.1,6.7,1.8,-0.6,3.6,70,0.0,0.0,0.0,0.0,8.08,12.2
2006-03-30,4.0,6.3,1.7,0.6,4.3,72,0.0,0.0,0.0,0.0,6.44,8.6
2006-03-31,6.0,7.7,4.4,0.5,3.2,72,0.0,0.0,0.0,0.0,8.8,13.4
2006-04-01,5.6,6.4,4.0,0.9,2.5,92,2.3,2.3,0.0,7.0,9.95,13.6
2006-04-02,7.1,10.1,4.1,1.9,4.6,76,0.0,0.0,0.0,0.0,9.01,12.7
2006-04-03,9.0,10.6,7.1,5.2,6.4,71,0.0,0.0,0.0,0.0,8.05,11.2
2006-04-04,8.3,10.4,6.2,4.7,8.2,74,0.0,0.0,0.0,0.0,8.3,11.3
2006-04-05,5.5,8.1,4.0,-0.6,0.9,45,0.0,0.0,0.0,0.0,8.87,12.5
2006-04-06,4.9,6.4,4.0,1.1,3.4,73,4.2,4.2,0.0,5.0,5.8,10.1
2006-04-07,6.4,8.3,4.4,2.6,4.3,76,0.3,0.3,0.0,2.0,7.05,9.2
2006-04-08,5.1,6.2,4.2,0.3,2.8,69,2.6,2.6,0.0,9.0,7.42,12.9
2006-04-09,7.0,8.9,5.3,1.6,3.7,82,0.3,0.3,0.0,2.0,9.49,14.0
2006-04-10,7.3,8.0,6.6,3.7,5.0,91,0.0,0.0,0.0,0.0,7.53,10.4
2006-04-11,7.9,11.1,5.7,3.6,10.2,75,0.0,0.0,0.0,0.0,11.33,15.5
2006-04-12,5.6,6.5,4.4,-2.6,-0.6,38,0.0,0.0,0.0,0.0,11.95,17.8
2006-04-13,5.9,7.9,4.5,1.6,4.8,52,0.0,0.0,0.0,0.0,6.4,10.5
2006-04-14,6.3,8.2,4.9,3.3,6.3,68,0.0,0.0,0.0,0.0,3.7,6.7
2006-04-15,6.2,8.0,4.1,1.9,4.4,67,0.0,0.0,0.0,0.0,8.64,11.9
2006-04-16,5.4,7.1,3.4,0.9,4.9,61,1.2,1.2,0.0,3.0,9.92,14.3
2006-04-17,7.7,10.3,5.5,3.6,10.0,83,6.3,6.3,0.0,8.0,10.11,16.1
2006-04-18,6.8,9.6,5.3,3.6,9.2,89,7.5,7.5,0.0,9.0,7.98,13.9
2006-04-19,6.1,7.9,5.1,0.3,4.9,79,5.4,5.4,0.0,7.0,13.46,20.9
2006-04-20,7.5,9.0,6.3,1.0,3.3,59,0.0,0.0,0.0,0.0,12.03,18.6
2006-04-21,8.1,10.2,5.3,4.5,7.3,69,0.0,0.0,0.0,0.0,7.82,11.1
2006-04-22,9.3,11.7,7.6,6.1,11.3,74,0.0,0.0,0.0,0.0,6.64,9.2
2006-04-23,8.4,9.8,6.2,3.5,5.2,60,1.6,1.6,0.0,3.0,8.22,12.8
2006-04-24,9.5,10.9,7.1,5.6,7.7,55,0.0,0.0,0.0,0.0,7.23,11.0
2006-04-25,8.8,9.8,7.0,4.2,5.6,63,1.7,1.7,0.0,4.0,8.41,12.0
2006-04-26,8.0,8.9,7.1,4.8,7.1,87,8.9,8.9,0.0,17.0,5.6,9.6
2006-04-27,7.6,10.6,6.0,4.9,9.0,90,0.0,0.0,0.0,0.0,5.12,8.8
2006-04-28,8.2,9.2,7.6,4.3,5.0,84,3.1,3.1,0.0,7.0,6.91,9.9
2006-04-29,8.6,12.0,6.3,4.5,7.3,88,0.0,0.0,0.0,0.0,10.77,16.3
2006-04-30,10.4,11.6,9.0,7.8,9.9,84,0.0,0.0,0.0,0.0,7.13,9.8
2006-05-01,12.0,14.2,9.2,8.1,11.1,62,0.0,0.0,0.0,0.0,7.37,9.0
2006-05-02,10.2,12.4,8.0,7.4,12.7,67,0.0,0.0,0.0,0.0,6.32,8.2
2006-05-03,10.2,12.1,7.7,6.6,8.4,77,0.0,0.0,0.0,0.0,8.42,11.9
2006-05-04,11.2,12.3,10.5,7.1,8.5,76,0.0,0.0,0.0,0.0,7.75,11.4
2006-05-05,10.0,11.0,9.3,6.4,8.4,93,17.1,17.1,0.0,16.0,8.02,12.3
2006-05-06,12.0,13.8,10.1,9.2,11.8,86,0.2,0.2,0.0,1.0,6.9,10.7
2006-05-07,10.6,12.2,9.3,9.1,11.7,86,0.0,0.0,0.0,0.0,4.44,6.5
2006-05-08,10.9,11.9,9.7,8.3,10.6,86,0.0,0.0,0.0,0.0,6.17,9.0
2006-05-09,10.7,11.8,9.8,9.1,11.3,93,0.0,0.0,0.0,0.0,4.46,8.3
2006-05-10,12.4,14.4,10.3,8.7,9.9,75,0.0,0.0,0.0,0.0,10.6,12.7
2006-05-11,13.0,16.6,9.9,11.0,15.4,64,0.0,0.0,0.0,0.0,4.89,6.4
2006-05-12,13.1,15.0,11.7,10.5,12.5,63,0.0,0.0,0.0,0.0,4.48,7.6
2006-05-13,12.8,14.4,10.9,9.9,12.7,73,0.0,0.0,0.0,0.0,7.51,10.7
2006-05-14,14.5,16.7,11.3,11.6,15.2,65,0.0,0.0,0.0,0.0,7.43,9.9
2006-05-15,15.5,16.9,13.9,12.0,15.0,66,0.0,0.0,0.0,0.0,8.95,12.5
2006-05-16,15.6,16.9,14.2,11.8,14.6,69,0.0,0.0,0.0,0.0,10.2,14.2
2006-05-17,14.7,17.2,13.1,12.3,19.3,75,0.0,0.0,0.0,0.0,9.24,13.4
2006-05-18,13.8,15.0,12.6,10.6,12.7,83,0.0,0.0,0.0,0.0,8.7,12.4
2006-05-19,13.6,15.0,12.6,12.4,13.9,87,0.0,0.0,0.0,0.0,5.3,8.6
2006-05-20,14.0,15.6,12.5,12.4,13.6,75,0.3,0.3,0.0,1.0,4.74,7.2
2006-05-21,12.5,13.2,11.8,9.7,11.8,86,17.0,17.0,0.0,15.0,7.44,11.1
2006-05-22,14.0,15.8,12.6,12.3,16.3,89,0.0,0.0,0.0,0.0,6.63,9.1
2006-05-23,16.1,18.4,14.7,15.6,19.7,82,0.0,0.0,0.0,0.0,7.5,10.3
2006-05-24,13.6,14.6,12.9,11.6,13.9,87,0.0,0.0,0.0,0.0,7.32,10.2
2006-05-25,14.1,14.8,13.6,11.7,12.3,88,0.0,0.0,0.0,0.0,6.79,9.5
2006-05-26,14.3,15.2,13.6,13.0,14.7,88,0.0,0.0,0.0,0.0,5.69,7.9
2006-05-27,15.3,18.8,13.4,13.9,17.4,83,1.9,1.9,0.0,6.0,6.86,8.7
2006-05-28,17.1,20.0,13.6,15.2,18.3,71,0.0,0.0,0.0,0.0,6.87,9.9
2006-05-29,17.7,20.6,15.0,16.9,22.4,70,0.0,0.0,0.0,0.0,5.89,7.9
2006-05-30,18.0,19.6,15.2,16.4,20.1,71,0.0,0.0,0.0,0.0,7.37,11.1
2006-05-31,19.1,22.7,17.5,18.4,25.4,73,0.0,0.0,0.0,0.0,7.52,10.3
2006-06-01,17.3,18.0,15.9,16.6,18.5,83,0.0,0.0,0.0,0.0,5.7,8.2
2006-06-02,17.1,18.9,15.5,17.7,20.7,88,0.0,0.0,0.0,0.0,4.31,6.0
2006-06-03,18.0,19.6,16.7,18.0,20.9,80,0.0,0.0,0.0,0.0,4.23,5.6
2006-06-04,18.0,19.4,16.7,18.5,20.9,84,0.0,0.0,0.0,0.0,4.67,5.8
2006-06-05,18.7,19.8,17.5,19.0,21.3,83,0.0,0.0,0.0,0.0,5.01,8.4
2006-06-06,19.8,21.4,18.6,20.3,23.9,80,0.0,0.0,0.0,0.0,6.2,9.0
2006-06-07,19.1,20.3,17.5,17.7,19.6,81,14.1,14.1,0.0,7.0,8.16,11.7
2006-06-08,19.3,21.1,17.3,18.8,22.6,78,0.0,0.0,0.0,0.0,7.79,11.8
2006-06-09,19.2,21.9,17.1,19.3,24.0,76,0.0,0.0,0.0,0.0,7.39,10.2
2006-06-10,18.3,20.3,16.5,19.0,23.4,83,0.0,0.0,0.0,0.0,5.1,6.7
2006-06-11,19.1,21.6,17.1,19.0,23.7,77,0.0,0.0,0.0,0.0,7.2,9.1
2006-06-12,20.2,21.4,19.3,18.0,21.0,70,0.0,0.0,0.0,0.0,9.9,14.9
2006-06-13,18.1,19.1,17.2,16.6,17.7,88,0.6,0.6,0.0,2.0,8.41,12.7
2006-06-14,17.6,19.4,16.4,18.5,20.8,95,11.4,11.4,0.0,13.0,5.93,8.1
2006-06-15,18.2,21.1,16.0,18.8,22.8,87,0.0,0.0,0.0,0.0,5.54,7.8
2006-06-16,19.1,21.1,17.7,19.1,23.2,83,1.8,1.8,0.0,6.0,7.67,12.0
2006-06-17,19.1,21.7,16.4,20.5,25.6,87,0.0,0.0,0.0,0.0,5.03,6.4
2006-06-18,20.7,23.6,18.2,21.7,26.2,81,0.0,0.0,0.0,0.0,5.41,7.6
2006-06-19,20.7,21.6,19.6,20.9,22.8,80,0.0,0.0,0.0,0.0,6.91,10.6
2006-06-20,20.3,22.4,19.3,21.6,25.1,92,12.5,12.5,0.0,11.0,6.87,10.1
2006-06-21,19.9,20.3,19.2,21.4,22.2,96,1.7,1.7,0.0,3.0,6.42,6.7
2006-06-22,20.5,21.2,19.7,22.9,23.8,94,0.0,0.0,0.0,0.0,5.1,7.2
2006-06-23,21.5,24.2,19.9,24.3,28.8,89,0.0,0.0,0.0,0.0,4.74,6.9
2006-06-24,21.2,22.9,20.3,22.8,25.8,89,0.0,0.0,0.0,0.0,6.16,8.5
2006-06-25,20.2,21.0,19.5,21.4,23.6,91,0.0,0.0,0.0,0.0,5.86,7.9
2006-06-26,20.5,22.1,19.0,22.5,25.1,91,0.0,0.0,0.0,0.0,3.83,7.1
2006-06-27,22.3,24.8,20.2,25.0,29.5,88,0.0,0.0,0.0,0.0,4.46,6.0
2006-06-28,20.6,21.5,19.9,21.7,23.1,93,0.0,0.0,0.0,0.0,6.5,10.3
2006-06-29,20.5,21.1,20.0,20.8,23.9,97,43.5,43.5,0.0,9.0,10.23,16.1
2006-06-30,21.7,23.2,20.5,23.0,26.2,87,0.0,0.0,0.0,0.0,7.53,10.5
2006-07-01,21.9,23.6,20.0,24.0,27.4,83,0.0,0.0,0.0,0.0,4.17,6.1
2006-07-02,22.8,24.2,20.8,25.6,28.7,84,0.1,0.1,0.0,1.0,4.19,6.2
2006-07-03,21.4,22.1,20.5,23.1,25.2,90,0.0,0.0,0.0,0.0,6.18,8.8
2006-07-04,20.9,21.7,19.9,22.1,24.0,92,0.0,0.0,0.0,0.0,6.75,10.0
2006-07-05,21.3,21.9,20.7,24.0,25.1,92,0.0,0.0,0.0,0.0,4.03,6.2
2006-07-06,20.9,21.7,20.2,22.6,23.5,94,1.6,1.6,0.0,5.0,5.72,8.1
2006-07-07,21.5,23.7,19.7,24.0,28.1,84,0.0,0.0,0.0,0.0,3.55,5.5
2006-07-08,21.9,22.9,20.8,23.9,26.3,92,0.0,0.0,0.0,0.0,5.68,8.2
2006-07-09,22.5,23.3,21.5,24.3,25.4,94,0.0,0.0,0.0,0.0,6.17,9.1
2006-07-10,23.1,24.3,22.3,26.1,27.7,94,10.3,10.3,0.0,14.0,5.59,7.4
2006-07-11,23.6,24.6,22.9,26.1,28.1,91,11.3,11.3,0.0,11.0,7.03,9.0
2006-07-12,23.3,24.5,22.2,26.5,28.3,94,0.0,0.0,0.0,0.0,5.82,8.6
2006-07-13,24.8,25.9,23.0,28.3,31.3,91,0.0,0.0,0.0,0.0,7.23,8.9
2006-07-14,24.5,24.9,23.7,27.1,28.4,90,0.0,0.0,0.0,0.0,7.32,9.1
2006-07-15,24.1,25.3,23.1,27.4,29.9,93,0.3,0.3,0.0,2.0,5.53,8.4
2006-07-16,22.3,23.3,21.2,24.0,25.8,93,16.7,16.7,0.0,10.0,7.46,9.9
2006-07-17,21.4,22.0,20.8,21.6,22.7,88,3.1,3.1,0.0,7.0,8.35,12.2
2006-07-18,20.6,21.0,20.3,21.6,24.2,89,10.9,10.9,0.0,21.0,6.46,12.4
2006-07-19,21.6,23.1,20.4,24.4,26.7,89,0.0,0.0,0.0,0.0,3.95,5.6
2006-07-20,21.7,22.8,20.4,24.5,26.4,91,0.0,0.0,0.0,0.0,4.32,5.8
2006-07-21,23.5,25.5,21.4,25.1,29.0,83,0.3,0.3,0.0,1.0,6.17,9.4
2006-07-22,23.2,24.2,20.9,23.3,24.8,71,0.0,0.0,0.0,0.0,7.3,10.0
2006-07-23,22.2,23.7,20.8,23.8,27.1,77,0.0,0.0,0.0,0.0,4.6,6.5
2006-07-24,22.2,23.4,21.1,23.6,26.3,78,0.0,0.0,0.0,0.0,5.19,7.4
2006-07-25,21.7,22.6,20.7,23.5,24.9,87,0.4,0.4,0.0,2.0,4.74,7.4
2006-07-26,21.9,23.2,20.7,23.8,26.9,89,0.0,0.0,0.0,0.0,6.74,8.7
2006-07-27,21.6,21.9,21.2,22.9,24.6,94,0.0,0.0,0.0,0.0,7.74,10.4
2006-07-28,22.6,23.7,21.7,25.6,26.7,94,0.2,0.2,0.0,2.0,4.37,6.6
2006-07-29,23.5,24.7,22.2,26.5,29.0,93,0.0,0.0,0.0,0.0,5.32,7.0
2006-07-30,23.8,24.5,23.4,26.9,27.8,93,27.8,27.8,0.0,17.0,7.0,9.9
2006-07-31,23.7,24.3,23.4,27.0,28.4,94,25.5,25.5,0.0,18.0,5.94,8.3
2006-08-01,23.4,24.0,22.8,26.7,28.3,94,62.0,62.0,0.0,24.0,5.46,10.5
2006-08-02,23.6,24.9,22.7,27.0,28.1,93,5.0,5.0,0.0,8.0,4.71,6.5
2006-08-03,24.5,25.3,23.3,28.4,30.4,93,0.0,0.0,0.0,0.0,5.41,7.2
2006-08-04,24.9,25.6,23.9,28.6,30.3,92,0.0,0.0,0.0,0.0,5.6,7.6
2006-08-05,24.8,25.6,24.0,28.3,29.6,92,0.0,0.0,0.0,0.0,5.5,8.5
2006-08-06,25.0,25.9,24.1,28.7,30.7,91,0.0,0.0,0.0,0.0,5.2,7.6
2006-08-07,25.3,26.2,24.3,29.1,31.0,91,0.0,0.0,0.0,0.0,5.04,7.4
2006-08-08,25.4,26.3,24.3,29.7,32.1,93,0.0,0.0,0.0,0.0,4.94,7.2
2006-08-09,25.6,26.5,24.8,29.9,31.7,90,0.0,0.0,0.0,0.0,4.44,6.5
2006-08-10,25.8,26.7,25.1,30.0,31.9,89,0.0,0.0,0.0,0.0,4.43,6.6
2006-08-11,25.8,26.7,25.1,29.8,32.0,88,0.0,0.0,0.0,0.0,4.96,6.9
2006-08-12,26.4,27.5,25.3,31.1,33.3,91,0.3,0.3,0.0,2.0,4.6,6.7
2006-08-13,26.6,27.9,25.7,32.2,33.6,91,0.4,0.4,0.0,2.0,3.72,4.8
2006-08-14,26.1,28.1,24.9,31.4,33.9,90,8.6,8.6,0.0,8.0,3.81,6.7
2006-08-15,25.1,26.5,23.8,29.0,31.3,89,22.5,22.5,0.0,15.0,7.17,10.9
2006-08-16,25.3,27.2,23.5,27.7,31.6,78,0.0,0.0,0.0,0.0,6.61,9.1
2006-08-17,24.6,26.7,23.1,23.6,26.0,67,0.0,0.0,0.0,0.0,8.91,12.8
2006-08-18,24.5,26.8,22.0,24.8,28.4,69,0.0,0.0,0.0,0.0,7.52,10.0
2006-08-19,24.7,26.2,22.9,26.8,29.3,72,0.0,0.0,0.0,0.0,4.88,6.9
2006-08-20,24.7,26.4,22.7,27.5,30.0,75,0.0,0.0,0.0,0.0,5.63,6.3
2006-08-21,23.8,25.9,22.1,24.8,28.2,76,0.0,0.0,0.0,0.0,6.36,8.9
2006-08-22,23.5,25.6,22.2,25.4,28.3,77,0.0,0.0,0.0,0.0,4.56,5.8
2006-08-23,23.7,25.2,22.1,25.6,27.1,73,0.0,0.0,0.0,0.0,3.16,5.4
2006-08-24,24.5,25.7,23.1,28.4,30.2,89,0.0,0.0,0.0,0.0,3.41,4.7
2006-08-25,24.8,25.5,24.2,28.4,30.1,94,1.0,1.0,0.0,2.0,6.08,7.9
2006-08-26,24.0,24.6,23.2,26.2,26.8,94,42.0,42.0,0.0,23.0,7.51,11.2
2006-08-27,24.0,25.6,22.9,26.8,28.6,86,0.7,0.7,0.0,3.0,4.83,8.0
2006-08-28,24.3,26.3,22.4,28.3,31.3,86,0.0,0.0,0.0,0.0,2.84,4.6
2006-08-29,23.6,24.2,22.9,25.5,28.0,83,7.5,7.5,0.0,8.0,7.02,9.6
2006-08-30,23.7,24.9,22.5,26.8,28.4,84,0.1,0.1,0.0,1.0,4.78,7.1
2006-08-31,23.9,25.9,22.2,27.8,29.3,88,0.0,0.0,0.0,0.0,2.53,3.9
2006-09-01,23.8,25.3,22.7,27.5,29.5,90,0.0,0.0,0.0,0.0,3.64,5.3
2006-09-02,24.0,25.9,22.3,27.1,29.5,84,0.0,0.0,0.0,0.0,4.4,5.8
2006-09-03,23.3,25.2,19.9,25.7,28.8,82,0.9,0.9,0.0,2.0,9.85,13.7
2006-09-04,18.3,19.0,17.7,14.7,16.1,64,6.4,6.4,0.0,7.0,9.35,14.6
2006-09-05,19.9,21.9,17.9,17.9,20.2,52,0.0,0.0,0.0,0.0,5.38,7.3
2006-09-06,21.8,23.6,19.3,21.4,23.8,70,0.0,0.0,0.0,0.0,6.54,9.4
2006-09-07,22.5,24.0,21.3,24.5,28.3,81,0.0,0.0,0.0,0.0,6.49,9.1
2006-09-08,20.8,22.5,14.4,20.9,24.3,80,1.0,1.0,0.0,4.0,11.02,15.9
2006-09-09,15.5,17.0,13.7,10.9,13.2,62,1.5,1.5,0.0,2.0,10.67,16.7
2006-09-10,18.9,21.0,15.7,16.3,19.1,57,0.0,0.0,0.0,0.0,7.83,11.5
2006-09-11,21.2,23.1,19.3,22.1,25.1,80,0.0,0.0,0.0,0.0,4.66,6.7
2006-09-12,20.8,22.3,19.5,22.3,24.3,84,0.0,0.0,0.0,0.0,3.98,6.1
2006-09-13,20.9,23.3,19.5,22.7,25.6,83,0.0,0.0,0.0,0.0,3.2,4.6
2006-09-14,20.8,22.2,19.5,22.8,24.1,86,0.0,0.0,0.0,0.0,3.06,4.9
2006-09-15,21.3,22.5,20.3,23.1,24.1,88,0.0,0.0,0.0,0.0,3.77,5.8
2006-09-16,20.9,22.4,19.6,23.0,24.9,84,0.0,0.0,0.0,0.0,3.35,5.6
2006-09-17,21.5,24.1,19.4,22.6,25.9,79,0.0,0.0,0.0,0.0,5.32,7.5
2006-09-18,22.2,24.7,20.5,22.2,25.5,72,0.0,0.0,0.0,0.0,6.38,8.9
2006-09-19,22.1,25.2,19.5,23.3,27.9,74,0.0,0.0,0.0,0.0,3.61,5.4
2006-09-20,21.6,23.5,20.0,22.8,24.8,76,0.0,0.0,0.0,0.0,4.02,6.3
2006-09-21,21.1,22.6,19.9,22.8,24.8,86,0.0,0.0,0.0,0.0,5.12,7.2
2006-09-22,21.4,23.9,19.1,24.1,27.7,86,0.0,0.0,0.0,0.0,2.6,3.8
2006-09-23,20.8,22.9,19.3,22.7,24.4,82,0.0,0.0,0.0,0.0,3.23,5.1
2006-09-24,20.2,22.0,18.7,21.2,23.7,82,0.0,0.0,0.0,0.0,4.57,6.7
2006-09-25,21.0,21.5,20.0,21.9,23.4,85,0.0,0.0,0.0,0.0,5.91,9.1
2006-09-26,21.0,21.5,20.4,22.4,23.4,84,1.5,1.5,0.0,9.0,4.5,6.9
2006-09-27,20.6,21.9,19.3,22.1,23.4,82,0.1,0.1,0.0,1.0,3.09,5.6
2006-09-28,20.7,22.8,18.9,20.5,23.7,72,0.0,0.0,0.0,0.0,5.96,8.7
2006-09-29,20.6,22.7,19.1,19.8,21.1,67,0.0,0.0,0.0,0.0,5.94,8.8
2006-09-30,20.1,22.1,17.9,20.8,23.0,74,0.0,0.0,0.0,0.0,3.76,6.8
2006-10-01,20.6,22.3,19.3,21.7,23.5,76,0.0,0.0,0.0,0.0,4.2,5.3
2006-10-02,21.4,23.0,20.2,21.4,23.3,77,0.0,0.0,0.0,0.0,5.7,8.4
2006-10-03,21.8,23.8,19.7,23.0,25.4,80,0.0,0.0,0.0,0.0,5.22,7.0
2006-10-04,20.5,22.6,19.2,22.8,25.4,89,0.0,0.0,0.0,0.0,2.51,4.4
2006-10-05,20.3,22.6,18.8,21.8,24.6,86,0.0,0.0,0.0,0.0,3.54,5.0
2006-10-06,19.9,21.7,18.6,21.6,24.2,89,0.0,0.0,0.0,0.0,3.49,5.4
2006-10-07,20.8,23.1,18.7,20.4,24.2,70,0.0,0.0,0.0,0.0,6.43,8.8
2006-10-08,18.4,20.1,16.6,16.7,20.2,54,0.2,0.2,0.0,1.0,5.99,8.5
2006-10-09,19.1,20.9,16.9,19.4,21.6,76,0.0,0.0,0.0,0.0,4.91,6.8
2006-10-10,20.1,22.4,16.3,19.6,22.9,81,1.2,1.2,0.0,2.0,6.44,10.8
2006-10-11,14.8,16.3,13.2,10.3,13.2,53,1.7,1.7,0.0,2.0,10.72,16.3
2006-10-12,16.9,19.6,13.6,15.2,17.8,62,0.0,0.0,0.0,0.0,4.75,7.7
2006-10-13,18.8,20.2,16.5,17.7,19.9,81,0.8,0.8,0.0,1.0,8.6,11.3
2006-10-14,19.3,20.1,18.5,19.8,21.2,87,1.1,1.1,0.0,3.0,8.41,11.0
2006-10-15,19.4,20.7,18.4,20.8,22.5,90,0.0,0.0,0.0,0.0,4.23,5.8
2006-10-16,19.3,21.0,15.9,18.2,21.1,82,0.5,0.5,0.0,2.0,10.42,14.7
2006-10-17,14.1,15.6,12.4,9.7,11.9,52,0.0,0.0,0.0,0.0,9.36,14.0
2006-10-18,16.2,18.8,12.4,14.6,18.0,70,0.0,0.0,0.0,0.0,5.95,8.7
2006-10-19,18.0,19.6,14.6,16.4,19.5,78,8.3,8.3,0.0,3.0,7.96,11.8
2006-10-20,14.6,16.5,12.8,11.0,13.9,50,0.0,0.0,0.0,0.0,7.79,11.6
2006-10-21,17.0,18.3,15.0,14.6,15.7,62,0.0,0.0,0.0,0.0,7.89,11.6
2006-10-22,13.8,17.9,8.7,8.8,17.1,86,13.1,13.1,0.0,7.0,15.25,24.2
2006-10-23,10.1,12.2,8.0,4.2,8.1,68,0.0,0.0,0.0,0.0,14.15,23.1
2006-10-24,13.9,16.2,10.9,13.0,15.6,76,0.5,0.5,0.0,2.0,2.68,5.0
2006-10-25,12.6,15.5,8.8,8.6,15.5,73,1.7,1.7,0.0,8.0,9.36,13.8
2006-10-26,8.7,9.9,7.2,2.9,5.4,60,0.0,0.0,0.0,0.0,8.97,13.8
2006-10-27,14.7,17.0,9.9,11.3,14.2,71,0.0,0.0,0.0,0.0,8.5,11.5
2006-10-28,16.2,17.7,13.9,13.7,15.7,76,0.0,0.0,0.0,0.0,8.56,11.8
2006-10-29,14.4,16.1,12.8,12.3,14.4,65,0.0,0.0,0.0,0.0,4.12,7.2
2006-10-30,16.4,17.8,14.7,13.5,14.5,71,0.0,0.0,0.0,0.0,7.21,11.2
2006-10-31,16.3,17.9,13.6,14.1,16.9,76,0.0,0.0,0.0,0.0,7.37,10.1
2006-11-01,13.3,15.6,11.8,9.7,12.4,56,0.0,0.0,0.0,0.0,6.15,9.1
2006-11-02,14.7,17.2,12.3,13.1,15.7,76,0.0,0.0,0.0,0.0,3.97,6.4
2006-11-03,15.6,17.2,13.9,14.9,16.7,85,0.0,0.0,0.0,0.0,4.78,6.1
2006-11-04,15.5,18.0,10.2,12.2,15.4,77,0.0,0.0,0.0,0.0,11.51,17.2
2006-11-05,9.6,12.4,6.5,3.2,6.2,46,0.7,0.7,0.0,2.0,11.99,19.7
2006-11-06,4.7,6.0,4.0,-2.2,-0.1,53,0.6,0.6,0.0,3.0,10.33,16.9
2006-11-07,10.2,13.9,4.9,4.0,8.2,54,0.0,0.0,0.0,0.0,10.6,15.8
2006-11-08,13.5,15.3,9.5,9.5,12.0,73,0.0,0.0,0.0,0.0,8.85,13.0
2006-11-09,7.1,8.7,5.3,1.8,4.0,52,0.0,0.0,0.0,0.0,8.29,12.3
2006-11-10,7.0,8.3,6.0,2.6,4.2,65,3.1,3.1,0.0,6.0,5.87,9.2
2006-11-11,5.7,7.4,3.8,0.8,3.7,51,0.0,0.0,0.0,0.0,6.2,10.8
2006-11-12,11.0,13.6,6.9,6.2,8.7,60,0.0,0.0,0.0,0.0,8.19,12.7
2006-11-13,9.1,13.2,7.0,2.6,9.1,56,0.0,0.0,0.0,0.0,9.75,15.3
2006-11-14,8.6,11.6,6.2,2.0,5.1,47,0.0,0.0,0.0,0.0,10.14,15.5
2006-11-15,7.0,11.4,4.7,1.7,5.6,57,0.9,0.9,0.0,3.0,9.18,15.9
2006-11-16,7.8,10.5,5.8,3.8,6.6,61,0.1,0.1,0.0,1.0,5.6,7.4
2006-11-17,10.4,11.6,9.0,7.8,9.0,81,2.2,2.2,0.0,10.0,6.44,6.8
2006-11-18,10.3,11.7,9.2,8.5,10.1,84,0.9,0.9,0.0,5.0,3.61,5.3
2006-11-19,9.8,11.5,7.8,8.2,9.6,82,0.0,0.0,0.0,0.0,2.24,4.3
2006-11-20,10.7,12.1,9.1,7.8,9.1,85,0.1,0.1,0.0,1.0,6.59,9.4
2006-11-21,8.8,12.0,3.9,4.0,9.1,73,0.0,0.0,0.0,0.0,8.91,13.1
2006-11-22,1.1,3.5,-0.3,-6.3,-3.8,51,0.0,0.0,0.0,0.0,10.29,15.8
2006-11-23,2.7,5.1,0.2,-3.6,-0.5,54,0.0,0.0,0.0,0.0,7.94,12.0
2006-11-24,7.7,10.6,4.0,3.2,6.7,68,0.0,0.0,0.0,0.0,5.66,9.3
2006-11-25,10.5,11.7,9.5,7.1,8.5,69,0.0,0.0,0.0,0.0,4.88,7.6
2006-11-26,6.9,10.5,1.5,2.1,8.1,83,0.8,0.8,0.0,4.0,11.87,17.3
2006-11-27,1.5,3.1,0.2,-6.2,-3.8,68,0.0,0.0,0.0,0.0,11.84,18.2
2006-11-28,2.1,3.5,0.4,-4.2,-2.6,66,0.0,0.0,0.0,0.0,8.08,12.2
2006-11-29,3.5,5.8,0.3,-1.4,0.3,60,0.5,0.5,0.0,2.0,6.78,11.3
2006-11-30,3.4,5.4,1.5,-1.1,0.0,63,0.8,0.8,0.0,4.0,6.93,11.2
2006-12-01,3.3,5.6,-1.1,-3.0,0.3,57,0.0,0.0,0.0,0.0,10.27,14.7
2006-12-02,-1.7,-0.6,-2.7,-9.0,-6.8,56,0.0,0.0,0.0,0.0,9.43,14.5
2006-12-03,-0.8,1.4,-2.7,-5.9,-3.3,60,0.0,0.0,0.0,0.0,5.99,9.5
2006-12-04,4.1,6.2,0.9,-1.2,-0.1,56,0.0,0.0,0.0,0.0,7.97,11.6
2006-12-05,0.1,5.7,-2.0,-5.9,-0.5,57,0.0,0.0,0.0,0.0,10.09,15.2
2006-12-06,4.2,6.4,0.3,0.3,3.2,68,0.0,0.0,0.0,0.0,5.19,7.9
2006-12-07,0.5,5.1,-1.5,-7.4,1.1,62,0.0,0.0,0.0,0.0,11.08,17.5
2006-12-08,-0.7,0.7,-1.8,-8.0,-5.9,58,0.0,0.0,0.0,0.0,9.24,14.1
2006-12-09,-0.9,0.1,-2.0,-7.8,-6.2,63,0.0,0.0,0.0,0.0,9.22,14.1
2006-12-10,2.8,4.8,-1.1,-2.8,-1.3,59,0.0,0.0,0.0,0.0,7.31,10.9
2006-12-11,5.0,5.8,4.0,-0.2,0.6,63,0.0,0.0,0.0,0.0,6.72,9.5
2006-12-12,6.4,7.4,5.6,1.9,2.5,77,0.0,0.0,0.0,0.0,6.26,9.5
2006-12-13,4.5,6.4,2.1,-0.3,1.2,58,0.0,0.0,0.0,0.0,6.23,8.8
2006-12-14,4.5,6.9,2.0,0.3,1.8,63,0.0,0.0,0.0,0.0,5.82,8.7
2006-12-15,2.3,5.2,-1.5,-3.5,0.6,69,0.0,0.0,0.0,0.0,7.68,11.2
2006-12-16,-0.5,2.8,-4.3,-7.2,-2.4,75,6.4,1.5,3.43,15.0,13.19,20.7
2006-12-17,-4.6,-3.8,-6.0,-12.5,-9.2,73,0.9,0.0,0.7,5.0,13.25,20.8
2006-12-18,1.3,3.2,-2.9,-4.2,-1.7,57,0.0,0.0,0.0,0.0,6.65,9.8
2006-12-19,3.4,5.2,1.9,-0.5,0.9,60,0.0,0.0,0.0,0.0,3.77,6.6
2006-12-20,3.9,5.9,2.2,-0.0,1.6,67,0.0,0.0,0.0,0.0,5.1,7.2
2006-12-21,4.0,5.4,2.4,-0.7,0.5,74,0.0,0.0,0.0,0.0,6.17,8.5
2006-12-22,2.0,4.2,-1.1,-3.1,-0.7,67,0.0,0.0,0.0,0.0,7.21,10.7
2006-12-23,2.1,4.2,0.3,-3.3,-0.8,59,0.0,0.0,0.0,0.0,7.01,10.2
2006-12-24,4.0,6.3,0.7,-0.6,1.7,65,0.0,0.0,0.0,0.0,5.9,7.4
2006-12-25,6.6,7.5,5.8,2.9,4.4,87,0.0,0.0,0.0,0.0,5.92,8.1
2006-12-26,3.1,6.3,-1.9,-1.6,3.6,89,0.0,0.0,0.0,0.0,11.02,16.2
2006-12-27,-2.7,-2.0,-4.2,-11.5,-10.7,57,0.0,0.0,0.14,0.0,11.21,17.3
2006-12-28,-5.7,-4.5,-6.8,-13.8,-12.0,61,0.0,0.0,0.0,0.0,10.81,16.4
2006-12-29,-2.6,1.1,-6.8,-7.5,-4.8,63,0.0,0.0,0.0,0.0,5.97,9.0
2006-12-30,-1.3,-0.2,-2.3,-5.7,-4.4,69,0.0,0.0,0.0,0.0,4.42,7.1
2006-12-31,0.7,2.7,-1.6,-3.2,-0.6,75,1.1,1.1,0.0,7.0,3.23,5.2
2007-01-01,0.8,1.8,-0.7,-4.4,-1.4,80,1.9,1.2,0.49,7.0,7.58,10.8
2007-01-02,-1.1,0.6,-2.7,-7.8,-5.7,72,0.0,0.0,0.0,0.0,8.57,13.0
2007-01-03,-0.7,2.0,-2.3,-6.4,-3.2,71,0.0,0.0,0.0,0.0,7.2,10.8
2007-01-04,-0.2,2.5,-2.1,-4.5,-1.3,74,0.0,0.0,0.0,0.0,4.75,7.4
2007-01-05,1.7,3.0,-0.1,-3.7,-2.5,73,0.0,0.0,0.0,0.0,9.59,13.6
2007-01-06,-1.8,0.5,-2.7,-10.9,-8.1,55,0.7,0.0,0.77,5.0,12.76,19.7
2007-01-07,-2.4,-1.3,-4.1,-9.4,-7.2,58,0.0,0.0,0.0,0.0,9.87,15.0
2007-01-08,-1.3,-0.4,-3.0,-7.1,-6.1,58,0.0,0.0,0.0,0.0,7.17,10.8
2007-01-09,0.7,2.7,-2.3,-4.2,-2.0,64,0.0,0.0,0.0,0.0,5.36,8.3
2007-01-10,-3.7,-1.5,-5.8,-9.8,-7.3,56,0.0,0.0,0.0,0.0,6.51,10.3
2007-01-11,-2.7,-0.4,-4.9,-8.1,-5.5,54,0.0,0.0,0.0,0.0,4.78,7.7
2007-01-12,-3.3,-2.3,-4.3,-8.8,-7.4,60,0.0,0.0,0.0,0.0,5.91,10.1
2007-01-13,-1.4,0.5,-3.8,-6.2,-4.2,56,0.0,0.0,0.0,0.0,3.98,6.5
2007-01-14,1.9,4.2,-0.9,-2.5,-0.5,69,0.0,0.0,0.0,0.0,4.66,7.5
2007-01-15,2.7,4.3,1.5,-0.9,0.6,76,0.0,0.0,0.0,0.0,3.71,6.0
2007-01-16,0.6,2.2,-0.7,-3.4,-2.1,78,0.0,0.0,0.0,0.0,4.16,6.3
2007-01-17,1.4,3.5,0.1,-3.8,-2.3,69,0.0,0.0,0.0,0.0,6.12,8.7
2007-01-18,-0.6,0.9,-2.5,-6.3,-4.9,63,0.0,0.0,0.0,0.0,6.7,9.9
2007-01-19,0.5,2.8,-2.5,-3.5,-0.9,62,0.0,0.0,0.0,0.0,2.94,5.0
2007-01-20,2.6,4.6,1.2,-1.0,1.2,83,0.0,0.0,0.0,0.0,3.81,5.3
2007-01-21,0.7,3.2,-2.3,-4.6,-0.1,82,0.0,0.0,0.0,0.0,9.17,13.4
2007-01-22,-2.1,0.0,-3.8,-8.6,-6.2,61,0.0,0.0,0.0,0.0,8.74,13.2
2007-01-23,-1.1,1.5,-2.9,-7.0,-4.6,61,0.0,0.0,0.0,0.0,7.26,10.0
2007-01-24,-1.3,0.6,-3.4,-7.7,-5.7,60,0.0,0.0,0.0,0.0,7.43,11.1
2007-01-25,1.1,3.0,-0.6,-2.7,-0.8,77,1.7,0.3,0.98,5.0,3.83,6.0
2007-01-26,-0.9,0.7,-2.0,-7.6,-3.8,73,3.5,0.3,2.31,8.0,9.53,14.5
2007-01-27,-1.5,-0.5,-3.0,-7.8,-6.5,62,0.0,0.0,0.0,0.0,7.97,12.0
2007-01-28,-1.3,0.4,-3.1,-6.6,-4.5,61,0.0,0.0,0.0,0.0,5.32,7.7
2007-01-29,2.1,4.0,-0.0,-3.5,-1.0,73,0.0,0.0,0.0,0.0,10.53,12.3
2007-01-30,-2.3,-0.5,-4.4,-9.2,-6.7,45,0.0,0.0,0.0,0.0,10.71,15.7
2007-01-31,-4.1,-3.2,-5.6,-11.1,-6.9,52,0.0,0.0,0.0,0.0,8.68,13.3
2007-02-01,-5.3,-4.3,-6.7,-12.8,-11.0,54,0.0,0.0,0.0,0.0,9.18,14.2
2007-02-02,-2.0,3.5,-6.7,-7.7,-3.8,52,0.0,0.0,0.0,0.0,9.29,13.1
2007-02-03,3.3,5.0,1.3,-2.8,-1.2,62,0.0,0.0,0.0,0.0,9.84,14.2
2007-02-04,3.5,5.1,1.6,-1.8,-0.6,71,0.0,0.0,0.0,0.0,7.73,11.3
2007-02-05,4.4,6.3,2.1,0.9,3.7,86,0.0,0.0,0.0,0.0,6.0,8.8
2007-02-06,2.8,5.5,1.1,-1.2,1.9,80,0.0,0.0,0.0,0.0,4.33,6.1
2007-02-07,2.6,5.1,0.5,-1.9,0.9,62,0.0,0.0,0.0,0.0,5.15,7.4
2007-02-08,2.7,4.6,1.7,-1.9,0.2,69,0.0,0.0,0.0,0.0,5.45,7.8
2007-02-09,3.2,4.7,2.1,-1.1,0.2,81,0.0,0.0,0.0,0.0,5.4,7.5
2007-02-10,1.7,3.3,0.9,-5.3,-1.6,59,0.0,0.0,0.0,0.0,10.57,16.5
2007-02-11,2.8,4.7,0.6,-2.2,-0.8,72,0.0,0.0,0.0,0.0,6.74,9.8
2007-02-12,4.4,6.0,2.8,-0.2,1.5,82,0.0,0.0,0.0,0.0,7.3,10.0
2007-02-13,5.3,6.8,1.0,0.4,3.1,86,3.1,3.1,0.0,5.0,14.05,20.0
2007-02-14,-1.0,0.3,-2.4,-9.9,-5.6,43,0.0,0.0,0.0,0.0,14.1,21.7
2007-02-15,2.1,4.4,0.0,-2.5,0.4,66,0.0,0.0,0.0,0.0,6.45,9.0
2007-02-16,3.4,4.6,1.7,-1.6,-0.6,73,0.0,0.0,0.0,0.0,6.33,9.2
2007-02-17,3.2,5.0,0.0,-1.5,2.4,76,0.0,0.0,0.0,0.0,8.12,11.4
2007-02-18,0.4,2.4,-1.4,-5.7,-3.4,56,0.0,0.0,0.0,0.0,7.54,11.0
2007-02-19,3.7,6.0,1.4,-0.5,2.0,76,0.0,0.0,0.0,0.0,5.02,7.2
2007-02-20,5.0,6.7,3.9,1.7,4.0,86,0.0,0.0,0.0,0.0,5.23,7.0
2007-02-21,3.9,6.7,1.7,0.5,2.0,94,0.0,0.0,0.0,0.0,6.99,10.9
2007-02-22,4.9,6.6,0.7,-1.1,1.7,70,0.2,0.2,0.0,1.0,9.31,14.5
2007-02-23,2.0,4.0,-0.2,-2.0,0.1,49,0.0,0.0,0.0,0.0,3.81,5.9
2007-02-24,3.3,4.5,1.4,-2.1,-1.0,73,2.4,2.4,0.0,10.0,7.71,11.3
2007-02-25,4.6,5.4,3.9,-0.0,0.8,82,0.1,0.1,0.0,1.0,7.36,11.1
2007-02-26,5.0,6.1,4.2,1.0,3.0,86,0.0,0.0,0.0,0.0,7.02,10.6
2007-02-27,4.8,7.5,2.6,1.8,5.3,85,0.0,0.0,0.0,0.0,5.24,6.9
2007-02-28,4.1,5.8,2.0,0.3,2.2,85,0.0,0.0,0.0,0.0,5.56,7.7
2007-03-01,5.2,5.9,4.7,0.9,1.6,89,4.5,4.5,0.0,12.0,6.15,9.3
2007-03-02,5.3,6.9,4.4,1.1,3.2,87,0.8,0.8,0.0,3.0,6.3,9.8
2007-03-03,4.9,6.2,2.8,0.3,2.4,80,0.0,0.0,0.0,0.0,7.5,9.5
2007-03-04,1.5,5.3,-2.6,-7.5,0.5,89,60.2,53.5,4.69,23.0,20.46,31.8
2007-03-05,-4.4,-2.1,-6.1,-15.4,-13.1,57,0.5,0.0,0.35,2.0,19.04,31.7
2007-03-06,-3.4,-0.3,-5.2,-10.5,-7.0,47,0.0,0.0,0.0,0.0,10.5,15.4
2007-03-07,0.3,1.8,-1.3,-5.6,-4.5,54,0.0,0.0,0.0,0.0,7.62,10.5
2007-03-08,2.0,3.4,0.6,-2.7,-0.3,70,0.0,0.0,0.0,0.0,7.92,10.6
2007-03-09,4.4,6.1,1.7,-1.0,0.7,78,1.1,1.1,0.0,2.0,9.69,14.1
2007-03-10,1.0,5.1,-0.9,-6.9,-0.7,54,4.5,4.4,0.14,5.0,12.04,18.1
2007-03-11,2.4,3.3,1.4,-4.4,-2.0,58,0.0,0.0,0.0,0.0,9.49,13.8
2007-03-12,3.7,5.7,2.1,0.0,2.4,73,0.0,0.0,0.0,0.0,4.7,8.0
2007-03-13,3.2,4.3,2.2,-0.1,1.1,87,0.0,0.0,0.0,0.0,4.66,7.7
2007-03-14,4.1,5.9,2.8,1.4,4.2,93,0.0,0.0,0.0,0.0,3.32,4.9
2007-03-15,4.3,7.0,2.1,0.1,4.5,70,0.0,0.0,0.0,0.0,6.7,9.2
2007-03-16,3.3,5.3,1.6,-2.1,0.8,53,0.0,0.0,0.0,0.0,6.98,10.0
2007-03-17,3.2,5.6,1.1,-0.5,2.6,71,0.0,0.0,0.0,0.0,4.12,5.9
2007-03-18,3.3,5.4,1.3,0.1,3.4,73,0.0,0.0,0.0,0.0,3.11,4.6
2007-03-19,3.4,4.9,2.0,0.1,1.4,72,0.9,0.9,0.0,3.0,3.98,5.8
2007-03-20,4.3,5.9,3.4,1.5,4.2,84,0.0,0.0,0.0,0.0,3.0,4.3
2007-03-21,5.0,7.0,3.0,1.7,4.2,88,1.0,1.0,0.0,5.0,4.72,11.1
2007-03-22,4.6,6.2,2.6,1.4,3.3,89,0.0,0.0,0.0,0.0,4.7,6.9
2007-03-23,6.2,6.7,5.6,1.9,2.6,88,2.6,2.6,0.0,9.0,6.84,9.5
2007-03-24,6.6,9.0,5.4,3.4,6.2,84,0.3,0.3,0.0,2.0,5.95,8.5
2007-03-25,6.9,9.8,5.3,3.0,7.6,55,0.0,0.0,0.0,0.0,5.83,8.7
2007-03-26,6.8,9.1,5.3,2.8,6.7,79,0.0,0.0,0.0,0.0,7.7,10.5
2007-03-27,5.7,7.6,4.2,1.8,4.3,73,0.0,0.0,0.0,0.0,7.18,11.0
2007-03-28,4.1,5.2,2.2,0.3,2.6,88,10.8,10.8,0.0,10.0,6.46,10.9
2007-03-29,4.5,5.1,3.5,-0.1,1.3,91,4.4,4.4,0.0,9.0,8.1,11.3
2007-03-30,4.7,6.0,2.9,1.1,3.3,90,4.1,4.1,0.0,6.0,10.69,16.1
2007-03-31,6.8,8.4,5.5,2.0,3.4,75,0.1,0.1,0.0,1.0,9.63,15.1
2007-04-01,5.6,7.0,4.4,2.0,4.3,74,0.0,0.0,0.0,0.0,5.03,6.9
2007-04-02,4.5,5.5,3.5,-0.4,0.9,64,0.4,0.4,0.0,2.0,7.36,10.8
2007-04-03,6.3,7.9,4.6,0.8,3.3,60,0.0,0.0,0.0,0.0,9.0,12.3
2007-04-04,5.3,7.1,3.6,1.4,5.4,59,0.0,0.0,0.0,0.0,6.94,9.5
2007-04-05,6.8,8.1,5.3,1.4,3.0,74,0.0,0.0,0.0,0.0,8.12,11.2
2007-04-06,7.6,9.0,5.9,4.3,7.6,83,0.4,0.4,0.0,2.0,7.65,10.5
2007-04-07,7.0,9.0,4.8,4.8,7.7,83,0.1,0.1,0.0,1.0,3.68,4.9
2007-04-08,7.7,10.0,5.9,4.2,7.2,71,0.0,0.0,0.0,0.0,5.22,7.2
2007-04-09,8.5,10.2,6.9,4.4,6.7,70,0.7,0.7,0.0,2.0,7.7,11.6
2007-04-10,7.9,10.2,6.7,4.2,8.2,76,0.0,0.0,0.0,0.0,8.28,11.5
2007-04-11,7.3,8.1,6.0,3.3,4.1,88,5.7,5.7,0.0,14.0,7.05,9.5
2007-04-12,7.8,9.6,6.8,4.3,8.0,94,23.0,23.0,0.0,21.0,7.03,12.7
2007-04-13,8.3,10.1,6.8,3.1,5.4,72,0.0,0.0,0.0,0.0,9.12,13.3
2007-04-14,8.6,9.9,6.9,4.4,5.5,72,0.0,0.0,0.0,0.0,8.23,12.2
2007-04-15,7.4,8.4,5.9,4.3,6.3,78,0.0,0.0,0.0,0.0,5.67,6.6
2007-04-16,8.4,10.3,6.5,4.2,8.2,62,0.0,0.0,0.0,0.0,6.45,8.4
2007-04-17,8.0,9.8,6.0,4.6,8.0,69,0.0,0.0,0.0,0.0,6.61,9.7
2007-04-18,10.1,11.2,8.4,5.3,8.0,75,0.0,0.0,0.0,0.0,11.16,15.3
2007-04-19,11.2,12.2,10.3,6.7,9.2,77,0.0,0.0,0.0,0.0,11.16,16.3
2007-04-20,11.7,13.6,9.1,8.4,11.3,72,5.8,5.8,0.0,6.0,9.03,14.9
2007-04-21,9.2,10.7,7.1,6.3,7.5,79,1.1,1.1,0.0,6.0,5.92,11.8
2007-04-22,9.3,10.3,7.8,5.0,6.3,65,0.0,0.0,0.0,0.0,8.05,11.5
2007-04-23,10.0,12.5,7.9,6.8,10.7,69,0.0,0.0,0.0,0.0,5.7,7.7
2007-04-24,10.5,11.4,9.5,6.2,8.2,73,0.0,0.0,0.0,0.0,8.45,11.2
2007-04-25,11.9,14.7,9.3,8.8,13.0,65,0.0,0.0,0.0,0.0,6.67,9.2
2007-04-26,10.7,12.3,8.6,7.8,10.9,67,0.0,0.0,0.0,0.0,5.82,8.2
2007-04-27,10.8,13.2,7.5,7.2,11.3,55,0.0,0.0,0.0,0.0,6.91,8.2
2007-04-28,12.9,14.6,10.3,8.8,11.8,56,0.0,0.0,0.0,0.0,8.68,11.4
2007-04-29,14.4,16.0,12.4,10.0,13.0,63,0.0,0.0,0.0,0.0,9.28,12.3
2007-04-30,12.7,14.8,10.9,10.1,13.0,80,5.1,5.1,0.0,10.0,7.46,10.5
2007-05-01,12.5,14.2,10.5,9.5,11.7,79,0.5,0.5,0.0,3.0,7.05,9.8
2007-05-02,13.7,15.5,12.3,10.5,12.8,70,0.0,0.0,0.0,0.0,7.52,10.3
2007-05-03,14.6,16.8,12.6,12.3,15.5,70,0.0,0.0,0.0,0.0,7.87,10.1
2007-05-04,14.8,17.2,12.2,12.7,17.7,70,0.0,0.0,0.0,0.0,9.49,13.3
2007-05-05,12.8,14.7,10.7,10.6,12.1,78,0.4,0.4,0.0,2.0,6.42,11.4
2007-05-06,14.3,17.2,11.2,11.8,16.4,69,0.0,0.0,0.0,0.0,6.93,8.7
2007-05-07,16.1,18.1,14.5,12.4,14.9,62,0.0,0.0,0.0,0.0,8.99,11.7
2007-05-08,14.7,15.9,12.8,10.5,13.6,48,1.0,1.0,0.0,2.0,8.95,11.7
2007-05-09,12.1,14.4,10.0,8.4,11.5,70,14.7,14.7,0.0,8.0,7.67,10.7
2007-05-10,14.1,16.2,12.3,11.2,15.1,66,0.0,0.0,0.0,0.0,7.57,11.3
2007-05-11,12.7,13.4,11.4,9.6,11.8,78,12.1,12.1,0.0,9.0,7.45,11.5
2007-05-12,13.4,16.0,11.4,10.9,13.5,75,1.2,1.2,0.0,2.0,9.88,15.2
2007-05-13,15.8,17.5,13.4,12.2,14.4,61,0.0,0.0,0.0,0.0,7.92,11.0
2007-05-14,15.8,18.4,12.0,14.2,17.3,65,0.0,0.0,0.0,0.0,5.12,7.5
2007-05-15,16.0,18.7,13.9,12.4,14.5,69,0.2,0.2,0.0,1.0,10.58,15.1
2007-05-16,15.5,17.6,14.0,13.7,17.6,83,5.9,5.9,0.0,6.0,8.84,17.4
2007-05-17,15.2,17.0,13.1,13.3,16.7,76,0.0,0.0,0.0,0.0,6.89,10.9
2007-05-18,15.3,17.7,12.7,12.1,14.8,72,0.0,0.0,0.0,0.0,8.37,11.9
2007-05-19,15.3,17.6,13.4,13.5,17.2,75,0.0,0.0,0.0,0.0,6.48,8.7
2007-05-20,15.7,17.2,13.4,13.0,15.7,72,0.0,0.0,0.0,0.0,8.57,11.8
2007-05-21,14.7,15.8,13.1,13.8,16.1,86,0.0,0.0,0.0,0.0,5.0,8.0
2007-05-22,14.5,15.3,13.5,12.0,13.2,91,0.4,0.4,0.0,3.0,8.43,10.7
2007-05-23,14.6,15.1,14.3,11.2,12.5,93,18.4,18.4,0.0,22.0,11.84,18.2
2007-05-24,15.4,17.6,14.0,14.7,18.5,92,4.5,4.5,0.0,7.0,7.5,9.3
2007-05-25,16.9,18.1,15.4,14.6,17.4,68,0.0,0.0,0.0,0.0,8.16,11.7
2007-05-26,18.6,21.8,16.2,17.4,23.4,66,0.0,0.0,0.0,0.0,7.87,11.7
2007-05-27,16.3,17.2,15.3,13.8,15.4,76,0.0,0.0,0.0,0.0,8.1,11.4
2007-05-28,15.8,17.5,14.6,15.5,18.9,90,0.0,0.0,0.0,0.0,5.64,11.3
2007-05-29,16.8,18.8,14.9,16.0,18.2,82,0.0,0.0,0.0,0.0,5.72,9.0
2007-05-30,17.4,19.3,15.1,16.9,20.2,75,0.0,0.0,0.0,0.0,5.91,8.1
2007-05-31,17.7,18.6,16.3,17.4,18.6,80,0.0,0.0,0.0,0.0,5.25,7.6
2007-06-01,16.6,17.5,15.9,15.8,17.4,87,4.3,4.3,0.0,9.0,6.95,10.3
2007-06-02,16.8,17.6,15.5,16.4,18.8,87,0.0,0.0,0.0,0.0,6.56,10.1
2007-06-03,17.6,18.9,16.2,16.8,18.3,83,0.0,0.0,0.0,0.0,7.02,10.4
2007-06-04,18.5,20.0,17.1,18.7,21.5,87,0.0,0.0,0.0,0.0,6.49,10.3
2007-06-05,19.7,22.0,17.9,20.3,24.5,84,0.0,0.0,0.0,0.0,6.51,8.7
2007-06-06,18.5,19.7,17.1,19.4,21.0,90,0.9,0.9,0.0,3.0,5.65,14.6
2007-06-07,18.0,19.3,17.0,18.1,20.1,92,0.0,0.0,0.0,0.0,6.52,9.0
2007-06-08,19.7,24.1,16.3,21.2,26.7,84,0.0,0.0,0.0,0.0,5.22,7.4
2007-06-09,19.2,20.4,17.8,20.5,22.9,88,0.0,0.0,0.0,0.0,4.2,7.2
2007-06-10,19.8,21.2,18.2,20.2,23.8,80,0.0,0.0,0.0,0.0,5.69,7.8
2007-06-11,20.4,21.5,19.0,19.6,22.3,72,0.0,0.0,0.0,0.0,6.4,9.1
2007-06-12,19.9,21.0,18.5,19.9,23.1,79,0.0,0.0,0.0,0.0,6.09,8.9
2007-06-13,20.9,22.7,18.4,22.0,26.6,77,0.0,0.0,0.0,0.0,6.61,6.7
2007-06-14,21.2,22.8,19.3,21.9,26.0,75,0.0,0.0,0.0,0.0,6.3,8.1
2007-06-15,20.5,22.1,18.8,21.8,24.4,82,0.0,0.0,0.0,0.0,4.56,6.7
2007-06-16,20.6,22.5,18.8,21.4,24.8,77,0.0,0.0,0.0,0.0,5.02,7.2
2007-06-17,20.5,22.5,18.5,21.0,24.4,74,0.0,0.0,0.0,0.0,4.67,6.8
2007-06-18,20.7,21.9,19.0,21.5,23.7,84,0.0,0.0,0.0,0.0,5.83,8.5
2007-06-19,20.8,22.0,19.9,22.1,23.4,90,0.0,0.0,0.0,0.0,5.12,7.4
2007-06-20,20.4,20.9,19.9,22.7,23.3,93,8.7,8.7,0.0,20.0,3.62,4.9
2007-06-21,19.9,20.6,19.0,21.7,22.7,92,13.7,13.7,0.0,13.0,3.24,5.0
2007-06-22,21.2,23.5,19.1,23.1,27.1,87,0.0,0.0,0.0,0.0,4.6,6.6
2007-06-23,21.4,22.8,20.1,23.1,25.9,88,0.0,0.0,0.0,0.0,4.74,6.8
2007-06-24,20.7,21.6,19.4,22.7,24.8,89,0.7,0.7,0.0,4.0,4.03,6.1
2007-06-25,21.6,23.9,20.1,23.6,27.3,86,0.0,0.0,0.0,0.0,5.36,7.6
2007-06-26,22.8,23.7,21.5,23.9,26.1,84,0.0,0.0,0.0,0.0,7.2,9.9
2007-06-27,22.1,22.7,21.2,22.5,23.7,89,21.9,21.9,0.0,8.0,10.99,17.4
2007-06-28,21.9,22.8,21.1,23.2,25.8,91,16.3,16.3,0.0,7.0,10.53,17.3
2007-06-29,22.5,24.3,21.1,24.3,27.2,84,0.0,0.0,0.0,0.0,5.49,7.1
2007-06-30,21.6,22.1,21.1,23.3,25.8,92,3.0,3.0,0.0,8.0,8.03,11.3
2007-07-01,20.9,21.1,20.4,21.4,23.1,95,11.4,11.4,0.0,14.0,8.77,12.7
2007-07-02,20.7,22.0,19.6,22.2,24.3,88,0.0,0.0,0.0,0.0,5.86,8.5
2007-07-03,21.0,22.2,19.6,23.0,24.2,91,0.0,0.0,0.0,0.0,4.8,6.9
2007-07-04,22.0,23.9,20.4,24.9,27.5,91,0.1,0.1,0.0,1.0,4.1,8.1
2007-07-05,22.9,25.1,20.7,26.2,29.4,91,0.0,0.0,0.0,0.0,4.53,6.2
2007-07-06,23.2,24.4,21.9,26.0,28.4,87,0.0,0.0,0.0,0.0,4.54,7.1
2007-07-07,23.7,24.8,22.6,26.3,28.9,85,0.0,0.0,0.0,0.0,4.84,7.1
2007-07-08,23.4,24.3,22.5,25.5,27.9,86,0.0,0.0,0.0,0.0,7.48,10.4
2007-07-09,22.7,23.6,21.8,23.6,24.6,90,0.1,0.1,0.0,1.0,8.54,11.7
2007-07-10,21.8,22.5,20.7,22.4,24.5,90,16.1,16.1,0.0,19.0,8.28,12.0
2007-07-11,21.1,22.0,20.1,22.4,24.7,90,1.7,1.7,0.0,7.0,6.31,10.7
2007-07-12,20.9,21.9,19.9,22.3,24.2,86,0.0,0.0,0.0,0.0,4.33,6.8
2007-07-13,21.4,22.7,20.1,23.3,25.1,89,0.0,0.0,0.0,0.0,4.95,7.3
2007-07-14,21.8,22.8,20.9,23.7,24.6,89,0.0,0.0,0.0,0.0,5.76,8.8
2007-07-15,21.7,22.6,20.8,23.8,24.9,90,7.4,7.4,0.0,10.0,4.2,6.4
2007-07-16,21.9,23.7,20.6,23.7,27.1,83,3.7,3.7,0.0,5.0,4.59,7.4
2007-07-17,23.8,24.8,22.1,26.3,29.0,89,0.0,0.0,0.0,0.0,6.11,8.1
2007-07-18,24.1,24.9,23.2,26.7,28.9,93,31.1,31.1,0.0,15.0,7.42,10.8
2007-07-19,23.2,24.3,21.7,22.7,28.2,73,0.2,0.2,0.0,1.0,10.24,14.2
2007-07-20,23.2,25.6,21.3,23.5,27.7,68,0.0,0.0,0.0,0.0,6.31,8.4
2007-07-21,24.2,26.4,22.7,27.1,30.8,81,0.0,0.0,0.0,0.0,3.96,5.1
2007-07-22,24.3,26.5,22.4,28.0,31.5,82,0.0,0.0,0.0,0.0,3.5,5.5
2007-07-23,23.6,24.5,22.5,27.5,28.9,91,0.0,0.0,0.0,0.0,3.94,5.8
2007-07-24,23.3,24.7,21.9,26.6,28.4,86,0.0,0.0,0.0,0.0,3.81,5.3
2007-07-25,24.0,25.1,22.8,27.8,29.4,88,0.0,0.0,0.0,0.0,3.98,5.5
2007-07-26,23.9,24.2,23.4,27.7,28.5,94,12.6,12.6,0.0,14.0,5.39,8.4
2007-07-27,25.4,26.5,24.3,29.3,30.8,89,0.0,0.0,0.0,0.0,5.06,7.7
2007-07-28,26.3,27.8,25.1,31.2,34.0,89,0.0,0.0,0.0,0.0,4.53,5.9
2007-07-29,25.3,27.0,23.6,30.2,32.9,91,12.4,12.4,0.0,5.0,4.26,10.2
2007-07-30,25.5,26.8,24.6,30.4,32.5,92,0.0,0.0,0.0,0.0,5.47,6.5
2007-07-31,25.4,26.8,24.2,28.4,29.4,89,19.2,19.2,0.0,4.0,6.66,10.7
2007-08-01,24.6,25.4,23.9,26.7,28.5,88,4.7,4.7,0.0,6.0,6.98,10.7
2007-08-02,25.1,27.1,23.1,26.8,30.7,71,0.0,0.0,0.0,0.0,6.3,8.7
2007-08-03,24.5,26.4,23.3,27.3,30.1,80,0.0,0.0,0.0,0.0,4.87,7.7
2007-08-04,24.7,26.8,22.8,27.7,31.1,81,0.0,0.0,0.0,0.0,4.43,6.0
2007-08-05,24.7,26.8,23.1,28.1,30.9,78,0.0,0.0,0.0,0.0,3.64,4.6
2007-08-06,24.7,25.7,23.7,28.1,29.7,91,0.0,0.0,0.0,0.0,6.34,8.5
2007-08-07,24.9,25.9,23.8,27.2,27.9,91,21.9,21.9,0.0,13.0,8.18,13.4
2007-08-08,25.4,26.9,24.0,27.5,29.4,88,4.8,4.8,0.0,2.0,8.39,15.6
2007-08-09,26.5,27.7,25.5,30.1,32.8,90,0.0,0.0,0.0,0.0,6.56,9.9
2007-08-10,25.1,26.1,23.5,28.6,29.4,92,9.4,9.4,0.0,11.0,6.8,10.0
2007-08-11,23.8,24.4,23.4,27.3,28.1,92,29.4,29.4,0.0,24.0,5.77,9.0
2007-08-12,23.5,24.6,22.8,24.9,28.2,92,118.3,118.3,0.0,17.0,9.22,20.1
2007-08-13,24.2,26.0,22.9,26.7,30.1,83,0.0,0.0,0.0,0.0,6.41,8.4
2007-08-14,24.8,26.6,23.0,28.1,31.3,85,0.0,0.0,0.0,0.0,5.85,8.8
2007-08-15,24.5,25.4,23.7,29.2,30.3,92,0.1,0.1,0.0,1.0,4.85,6.7
2007-08-16,24.0,24.8,23.5,27.3,28.7,92,14.0,14.0,0.0,11.0,6.33,11.1
2007-08-17,23.9,24.5,23.3,27.8,29.0,95,30.2,30.2,0.0,20.0,5.64,9.8
2007-08-18,24.0,25.1,23.1,28.5,29.4,93,26.8,26.8,0.0,17.0,2.2,5.5
2007-08-19,24.6,26.0,23.4,29.2,31.0,91,0.2,0.2,0.0,1.0,3.97,6.0
2007-08-20,25.1,26.2,24.0,29.4,30.8,93,0.0,0.0,0.0,0.0,5.74,8.0
2007-08-21,26.5,28.7,24.9,29.3,34.0,80,0.0,0.0,0.0,0.0,6.58,9.1
2007-08-22,25.2,27.2,23.4,27.1,30.0,72,0.0,0.0,0.0,0.0,4.9,6.5
2007-08-23,24.7,26.1,22.8,27.5,30.9,78,0.0,0.0,0.0,0.0,5.12,7.5
2007-08-24,25.5,26.6,24.5,29.2,31.1,89,0.0,0.0,0.0,0.0,5.97,8.3
2007-08-25,26.0,27.5,24.9,31.5,34.9,92,0.0,0.0,0.0,0.0,3.67,5.0
2007-08-26,24.8,26.4,22.9,28.7,31.2,93,10.9,10.9,0.0,10.0,6.71,9.9
2007-08-27,22.9,24.4,21.7,24.6,27.0,84,1.4,1.4,0.0,6.0,5.74,8.6
2007-08-28,24.3,27.0,22.0,26.3,30.1,75,0.0,0.0,0.0,0.0,4.78,6.7
2007-08-29,24.9,27.3,23.3,27.9,31.8,76,0.0,0.0,0.0,0.0,4.24,6.3
2007-08-30,24.2,25.5,23.1,26.2,27.2,76,0.0,0.0,0.0,0.0,5.81,8.0
2007-08-31,24.5,26.4,22.7,27.3,29.2,75,0.0,0.0,0.0,0.0,2.92,4.3
2007-09-01,24.0,25.6,22.9,27.5,29.5,82,0.9,0.9,0.0,2.0,2.92,5.7
2007-09-02,23.6,25.4,22.3,27.0,29.2,82,0.7,0.7,0.0,3.0,2.48,4.3
2007-09-03,23.6,25.2,22.1,23.2,25.8,67,0.0,0.0,0.0,0.0,6.81,10.4
2007-09-04,23.3,25.9,20.9,22.9,25.9,61,0.0,0.0,0.0,0.0,6.14,9.1
2007-09-05,23.2,25.4,21.6,23.5,26.2,67,0.0,0.0,0.0,0.0,5.58,9.1
2007-09-06,23.3,25.5,21.5,25.4,28.3,75,0.0,0.0,0.0,0.0,4.18,6.9
2007-09-07,23.1,24.8,20.9,25.0,27.5,75,0.0,0.0,0.0,0.0,3.89,5.9
2007-09-08,23.4,25.6,21.3,23.8,26.3,67,0.0,0.0,0.0,0.0,5.84,9.3
2007-09-09,24.1,26.4,21.9,25.0,28.5,72,0.0,0.0,0.0,0.0,6.93,9.0
2007-09-10,24.2,25.8,22.2,24.9,27.7,74,0.0,0.0,0.0,0.0,7.86,10.8
2007-09-11,23.0,24.7,21.2,24.9,27.3,75,0.0,0.0,0.0,0.0,3.4,5.0
2007-09-12,24.1,26.2,22.6,27.0,29.6,82,0.0,0.0,0.0,0.0,3.78,5.5
2007-09-13,23.7,24.8,22.7,26.8,27.8,88,0.0,0.0,0.0,0.0,6.04,7.5
2007-09-14,22.2,23.5,20.9,22.9,27.4,86,9.5,9.5,0.0,17.0,8.6,12.1
2007-09-15,22.1,23.0,20.8,24.2,25.8,81,0.4,0.4,0.0,3.0,4.9,6.9
2007-09-16,22.3,23.7,21.2,24.3,25.5,82,0.0,0.0,0.0,0.0,4.64,7.0
2007-09-17,22.6,24.4,21.2,24.7,28.0,83,0.0,0.0,0.0,0.0,4.22,6.2
2007-09-18,22.7,23.6,22.0,25.2,26.9,85,1.5,1.5,0.0,4.0,5.2,7.4
2007-09-19,21.6,22.2,21.2,22.3,24.8,87,5.9,5.9,0.0,8.0,7.6,10.0
2007-09-20,20.0,21.2,19.2,18.9,21.9,87,59.1,59.1,0.0,17.0,9.96,14.9
2007-09-21,21.0,23.3,19.2,19.8,22.7,72,0.0,0.0,0.0,0.0,8.02,12.6
2007-09-22,21.9,23.4,20.3,21.4,23.3,73,0.0,0.0,0.0,0.0,6.69,10.5
2007-09-23,21.5,22.1,20.8,21.4,22.4,81,0.3,0.3,0.0,3.0,7.48,11.4
2007-09-24,21.7,23.3,20.1,23.5,25.1,87,0.4,0.4,0.0,3.0,5.75,7.3
2007-09-25,21.2,22.5,19.5,22.6,24.0,82,0.2,0.2,0.0,1.0,3.71,5.5
2007-09-26,22.1,23.5,21.0,24.9,26.6,88,2.2,2.2,0.0,7.0,3.38,5.7
2007-09-27,17.1,21.8,15.1,14.3,23.2,70,16.3,16.3,0.0,11.0,10.12,14.5
2007-09-28,18.9,19.8,17.6,15.3,18.7,50,0.0,0.0,0.0,0.0,7.52,10.9
2007-09-29,18.3,20.0,16.9,16.1,18.3,51,0.0,0.0,0.0,0.0,5.14,8.0
2007-09-30,18.8,20.6,17.4,17.9,19.8,73,0.0,0.0,0.0,0.0,4.91,7.0
2007-10-01,17.7,18.3,17.2,17.1,18.4,77,5.8,5.8,0.0,14.0,5.02,7.7
2007-10-02,18.0,19.5,16.7,16.9,19.3,81,7.8,7.8,0.0,22.0,6.36,9.6
2007-10-03,19.8,21.1,18.9,21.1,22.4,84,0.0,0.0,0.0,0.0,4.52,7.0
2007-10-04,19.2,21.1,17.7,20.6,22.9,86,0.0,0.0,0.0,0.0,2.86,4.5
2007-10-05,19.6,20.7,18.6,20.4,22.3,88,18.9,18.9,0.0,10.0,7.32,10.6
2007-10-06,20.3,21.0,19.4,19.9,21.7,91,17.9,17.9,0.0,21.0,8.01,11.3
2007-10-07,16.7,19.7,14.1,12.9,19.9,71,6.1,6.1,0.0,10.0,10.55,15.2
2007-10-08,13.7,14.5,12.4,8.0,9.6,49,0.0,0.0,0.0,0.0,9.67,14.1
2007-10-09,15.5,17.2,13.9,11.7,13.8,51,0.0,0.0,0.0,0.0,6.02,9.2
2007-10-10,16.5,17.5,15.0,14.4,15.9,57,0.0,0.0,0.0,0.0,4.59,6.5
2007-10-11,16.5,17.9,15.5,14.7,16.1,69,0.0,0.0,0.0,0.0,5.51,7.1
2007-10-12,14.0,15.6,12.0,8.9,12.3,49,0.0,0.0,0.0,0.0,7.52,11.0
2007-10-13,13.5,15.6,11.1,10.1,13.7,48,0.0,0.0,0.0,0.0,6.11,9.1
2007-10-14,14.5,15.6,13.2,10.8,12.3,69,0.9,0.9,0.0,2.0,8.37,12.7
2007-10-15,15.3,17.4,12.9,13.0,15.5,54,0.0,0.0,0.0,0.0,4.91,7.9
2007-10-16,15.9,17.7,14.0,14.4,16.0,62,0.0,0.0,0.0,0.0,3.2,5.3
2007-10-17,16.9,18.6,14.9,14.9,15.6,64,0.0,0.0,0.0,0.0,7.12,10.4
2007-10-18,13.2,17.5,10.4,9.1,15.1,74,6.5,6.5,0.0,11.0,8.49,13.0
2007-10-19,10.3,13.7,8.1,4.8,8.3,48,0.4,0.4,0.0,2.0,11.67,17.8
2007-10-20,10.4,14.1,8.1,4.3,9.0,47,0.0,0.0,0.0,0.0,9.35,14.8
2007-10-21,16.2,17.5,14.4,12.6,14.7,70,0.0,0.0,0.0,0.0,8.75,12.7
2007-10-22,14.4,16.1,11.5,10.6,14.8,61,0.0,0.0,0.0,0.0,8.39,12.3
2007-10-23,12.7,14.9,10.2,9.7,12.6,54,0.0,0.0,0.0,0.0,4.76,7.5
2007-10-24,15.7,16.9,13.9,13.8,15.7,82,0.0,0.0,0.0,0.0,6.59,9.9
2007-10-25,16.2,17.8,14.4,16.5,19.1,88,1.2,1.2,0.0,6.0,5.02,7.1
2007-10-26,14.1,15.8,12.7,13.9,15.9,92,0.0,0.0,0.0,0.0,2.89,4.2
2007-10-27,15.2,16.5,13.3,14.3,16.7,88,2.8,2.8,0.0,6.0,5.9,8.4
2007-10-28,6.9,12.5,4.6,0.3,9.2,82,17.9,17.7,0.14,14.0,12.61,19.3
2007-10-29,8.3,10.8,5.9,3.5,6.8,56,0.0,0.0,0.0,0.0,8.71,13.2
2007-10-30,13.0,14.8,10.9,8.3,11.7,60,0.0,0.0,0.0,0.0,8.51,12.7
2007-10-31,12.3,14.5,9.7,7.9,11.8,60,0.0,0.0,0.0,0.0,7.57,11.1
2007-11-01,8.7,11.0,7.7,2.9,5.5,47,0.0,0.0,0.0,0.0,8.88,14.7
2007-11-02,11.8,13.0,9.4,6.5,10.4,52,0.0,0.0,0.0,0.0,8.51,12.7
2007-11-03,10.1,11.4,7.5,5.8,9.8,53,0.0,0.0,0.0,0.0,7.26,10.4
2007-11-04,10.4,12.4,8.0,7.1,9.1,48,0.0,0.0,0.0,0.0,3.51,5.3
2007-11-05,12.6,14.6,10.7,10.1,12.8,74,0.0,0.0,0.0,0.0,5.14,7.4
2007-11-06,13.3,15.4,11.7,11.8,13.9,84,0.0,0.0,0.0,0.0,3.91,5.7
2007-11-07,13.6,14.9,12.5,12.1,13.7,85,0.0,0.0,0.0,0.0,4.67,6.5
2007-11-08,12.3,14.1,10.1,10.4,14.0,88,1.4,1.4,0.0,6.0,7.45,11.1
2007-11-09,9.7,10.2,9.0,4.6,5.8,73,0.0,0.0,0.0,0.0,8.32,12.5
2007-11-10,9.3,10.1,8.5,3.7,4.3,62,0.0,0.0,0.0,0.0,8.7,13.2
2007-11-11,8.8,10.3,7.7,3.8,4.9,62,0.0,0.0,0.0,0.0,6.87,10.5
2007-11-12,10.8,12.6,8.2,7.2,8.7,65,0.0,0.0,0.0,0.0,5.69,8.7
2007-11-13,9.6,12.4,7.1,5.2,9.0,64,0.0,0.0,0.0,0.0,6.36,9.9
2007-11-14,6.3,8.3,1.4,0.9,4.2,60,0.3,0.1,0.21,2.0,10.75,16.5
2007-11-15,1.1,2.6,-0.5,-6.4,-4.3,58,0.0,0.0,0.0,0.0,10.89,17.0
2007-11-16,4.6,7.1,1.6,-0.5,1.9,58,0.0,0.0,0.0,0.0,8.08,11.7
2007-11-17,6.2,8.3,1.8,-0.9,2.6,56,0.0,0.0,0.0,0.0,11.4,15.5
2007-11-18,0.9,1.8,-0.4,-5.9,-3.8,49,0.0,0.0,0.0,0.0,10.0,15.2
2007-11-19,5.2,7.8,0.8,-2.2,-0.2,56,0.3,0.3,0.0,2.0,12.31,19.1
2007-11-20,6.2,9.3,2.0,1.1,4.4,51,0.7,0.7,0.0,2.0,8.21,13.4
2007-11-21,5.8,8.0,3.3,1.6,4.9,60,0.0,0.0,0.0,0.0,6.67,8.8
2007-11-22,9.3,10.9,7.2,6.5,8.5,83,0.0,0.0,0.0,0.0,7.07,10.6
2007-11-23,5.6,8.3,1.1,1.4,7.3,85,0.0,0.0,0.0,0.0,7.58,11.6
2007-11-24,4.4,9.4,0.7,-0.2,3.9,71,0.0,0.0,0.0,0.0,7.91,11.6
2007-11-25,10.0,11.5,7.1,6.0,8.0,85,0.0,0.0,0.0,0.0,9.8,14.8
2007-11-26,3.4,6.1,1.7,-3.5,-1.5,51,0.0,0.0,0.0,0.0,10.02,15.5
2007-11-27,5.2,6.6,3.3,0.3,1.6,50,0.0,0.0,0.0,0.0,5.42,8.1
2007-11-28,5.7,8.0,3.1,2.2,4.9,52,0.0,0.0,0.0,0.0,3.47,5.1
2007-11-29,3.1,5.6,0.5,-3.3,0.9,58,0.0,0.0,0.0,0.0,8.3,12.4
2007-11-30,4.8,7.5,0.2,-0.2,1.5,58,0.0,0.0,0.0,0.0,7.79,11.5
2007-12-01,6.0,7.4,3.8,1.3,2.8,63,0.0,0.0,0.0,0.0,7.79,11.0
2007-12-02,4.1,6.4,2.3,-1.1,0.3,54,0.0,0.0,0.0,0.0,7.69,10.9
2007-12-03,0.5,6.5,-0.9,-6.7,-0.1,62,0.0,0.0,0.0,0.0,9.41,14.2
2007-12-04,0.2,1.8,-1.0,-5.6,-4.5,54,0.0,0.0,0.0,0.0,7.26,11.2
2007-12-05,3.7,5.9,0.2,-1.6,0.5,57,0.0,0.0,0.0,0.0,7.06,10.1
2007-12-06,4.4,6.3,1.5,-2.0,0.9,72,3.6,3.2,0.28,9.0,11.56,18.0
2007-12-07,0.9,1.8,-0.3,-5.4,-3.7,64,0.0,0.0,0.0,0.0,11.48,18.1
2007-12-08,1.9,3.3,0.1,-2.5,-1.1,64,0.0,0.0,0.0,0.0,3.6,6.5
2007-12-09,2.3,4.6,0.0,-2.0,0.7,63,0.0,0.0,0.0,0.0,4.24,5.9
2007-12-10,5.5,6.0,5.0,0.7,2.4,76,5.2,5.2,0.0,13.0,7.18,9.8
2007-12-11,3.2,6.3,-0.9,-1.6,3.4,83,0.7,0.7,0.0,4.0,7.82,11.7
2007-12-12,-0.2,1.3,-2.1,-6.0,-3.1,66,0.0,0.0,0.0,0.0,7.9,11.7
2007-12-13,0.5,1.4,-0.7,-5.2,-4.2,66,0.0,0.0,0.0,0.0,7.58,11.6
2007-12-14,3.9,5.9,1.2,-2.0,-0.8,58,0.0,0.0,0.0,0.0,8.2,12.1
2007-12-15,1.2,4.0,0.0,-4.9,-2.7,61,0.0,0.0,0.0,0.0,8.73,12.9
2007-12-16,3.8,5.8,1.1,-1.9,-0.2,61,0.0,0.0,0.0,0.0,7.92,11.9
2007-12-17,0.9,3.6,-1.4,-3.7,-0.4,58,0.0,0.0,0.0,0.0,6.26,9.6
2007-12-18,1.2,3.5,-1.0,-4.1,-1.7,64,0.0,0.0,0.0,0.0,8.11,12.0
2007-12-19,4.3,6.5,2.0,-0.6,0.9,74,0.5,0.5,0.0,4.0,8.0,11.5
2007-12-20,2.6,4.5,1.2,-1.6,0.5,67,0.0,0.0,0.0,0.0,3.96,6.3
2007-12-21,3.3,5.2,1.1,-0.9,1.2,72,0.0,0.0,0.0,0.0,4.37,6.2
2007-12-22,5.2,7.0,3.6,1.4,3.3,78,0.0,0.0,0.0,0.0,6.99,9.4
2007-12-23,1.7,4.4,0.3,-4.9,-1.4,66,0.0,0.0,0.0,0.0,9.46,14.0
2007-12-24,2.9,4.9,0.0,-0.9,1.8,62,0.0,0.0,0.0,0.0,3.94,5.9
2007-12-25,4.9,6.3,3.8,1.4,3.3,72,0.0,0.0,0.0,0.0,3.71,5.4
2007-12-26,4.2,5.2,2.9,1.4,2.5,74,0.0,0.0,0.0,0.0,2.01,3.4
2007-12-27,3.9,5.1,0.4,0.5,2.2,79,0.0,0.0,0.0,0.0,6.3,9.0
2007-12-28,0.1,3.2,-1.4,-5.1,-1.5,82,0.2,0.0,0.49,2.0,6.84,10.1
2007-12-29,-0.7,1.0,-2.2,-8.5,-5.2,53,0.1,0.0,0.14,1.0,10.74,17.3
2007-12-30,-1.6,1.1,-3.7,-10.9,-7.7,52,0.0,0.0,0.0,0.0,12.38,19.1
2007-12-31,-1.8,0.1,-2.6,-10.9,-9.0,53,0.0,0.0,0.07,0.0,11.82,18.3
2008-01-01,-2.5,-0.4,-4.0,-10.2,-6.6,56,0.0,0.0,0.0,0.0,10.03,15.8
2008-01-02,1.9,3.6,-0.0,-3.9,-2.5,58,0.0,0.0,0.0,0.0,7.94,11.3
2008-01-03,1.4,3.3,-1.0,-4.5,-3.4,55,0.0,0.0,0.0,0.0,8.31,11.9
2008-01-04,0.7,3.1,-1.6,-3.6,-1.3,58,0.0,0.0,0.0,0.0,3.96,6.3
2008-01-05,3.8,5.4,2.0,-1.3,0.3,70,0.0,0.0,0.0,0.0,6.89,10.6
2008-01-06,3.4,4.7,1.9,-1.4,0.4,66,0.0,0.0,0.0,0.0,5.9,9.8
2008-01-07,2.9,5.6,1.6,-1.2,1.3,72,0.0,0.0,0.0,0.0,5.69,8.2
2008-01-08,2.4,4.3,0.6,-2.2,-0.5,65,0.0,0.0,0.0,0.0,6.91,9.8
2008-01-09,-1.9,0.4,-3.8,-8.5,-6.5,49,0.7,0.0,0.56,3.0,8.75,13.3
2008-01-10,-1.9,0.5,-4.1,-6.2,-3.3,46,0.0,0.0,0.0,0.0,2.64,6.0
2008-01-11,-0.1,1.7,-2.6,-6.2,-3.7,56,0.0,0.0,0.0,0.0,12.05,18.0
2008-01-12,-6.6,-2.9,-8.6,-16.1,-12.7,57,0.0,0.0,0.0,0.0,12.19,18.9
2008-01-13,-9.0,-7.9,-10.6,-17.4,-16.0,62,0.0,0.0,0.0,0.0,10.28,16.1
2008-01-14,-7.6,-5.5,-9.5,-15.3,-13.1,57,0.0,0.0,0.0,0.0,8.81,13.7
2008-01-15,-7.3,-5.9,-8.6,-14.6,-13.2,55,0.0,0.0,0.0,0.0,7.42,11.7
2008-01-16,-7.6,-6.1,-9.0,-14.7,-13.6,58,0.0,0.0,0.0,0.0,8.44,13.4
2008-01-17,-7.2,-5.0,-9.6,-12.6,-9.9,51,0.0,0.0,0.0,0.0,5.41,10.2
2008-01-18,-2.7,-1.2,-5.2,-7.3,-5.9,62,0.4,0.0,0.42,2.0,3.81,6.6
2008-01-19,-3.0,-1.3,-5.0,-8.2,-6.0,61,0.0,0.0,0.0,0.0,6.11,9.0
2008-01-20,-4.0,-1.6,-6.9,-12.3,-9.4,55,0.0,0.0,0.0,0.0,10.95,16.7
2008-01-21,-5.5,-2.9,-7.6,-12.8,-8.8,56,0.0,0.0,0.0,0.0,10.38,15.8
2008-01-22,-4.7,-3.2,-6.1,-11.7,-10.6,64,0.0,0.0,0.0,0.0,8.1,12.5
2008-01-23,-5.3,-4.3,-6.5,-12.9,-11.3,53,0.0,0.0,0.0,0.0,9.17,14.4
2008-01-24,-4.8,-3.7,-5.9,-11.7,-11.1,49,0.0,0.0,0.0,0.0,8.17,12.8
2008-01-25,-4.1,-2.3,-5.5,-10.0,-8.3,55,0.0,0.0,0.0,0.0,5.95,9.2
2008-01-26,-3.2,-1.6,-4.8,-9.9,-8.4,59,0.0,0.0,0.0,0.0,7.82,11.9
2008-01-27,-2.8,-0.4,-5.3,-8.6,-5.7,60,0.0,0.0,0.0,0.0,6.76,10.6
2008-01-28,-0.7,1.1,-2.4,-5.9,-3.7,61,0.0,0.0,0.0,0.0,6.72,9.5
2008-01-29,-3.5,-2.4,-4.8,-10.6,-9.1,58,0.0,0.0,0.07,0.0,8.41,12.9
2008-01-30,-4.2,-3.2,-5.3,-11.4,-8.9,55,0.3,0.0,0.21,2.0,8.81,13.4
2008-01-31,-3.0,-1.4,-4.6,-8.7,-7.7,52,0.0,0.0,0.0,0.0,5.95,9.5
2008-02-01,-0.6,2.2,-2.9,-5.7,-3.0,55,0.0,0.0,0.0,0.0,5.77,9.0
2008-02-02,-0.5,1.8,-2.0,-5.2,-3.0,56,0.0,0.0,0.0,0.0,4.71,7.6
2008-02-03,-2.8,-1.9,-4.2,-9.5,-7.2,60,0.0,0.0,0.0,0.0,8.21,12.9
2008-02-04,-3.7,-1.6,-5.4,-9.5,-7.7,58,0.0,0.0,0.0,0.0,5.33,8.6
2008-02-05,-3.5,-1.1,-5.3,-9.2,-7.5,56,0.0,0.0,0.0,0.0,6.21,9.4
2008-02-06,-4.4,-3.8,-6.1,-10.8,-9.7,58,0.0,0.0,0.0,0.0,6.88,10.9
2008-02-07,-3.6,-2.3,-5.1,-9.5,-8.3,57,0.0,0.0,0.0,0.0,5.81,9.3
2008-02-08,-4.0,-2.4,-5.4,-10.6,-8.9,50,0.0,0.0,0.0,0.0,6.62,10.5
2008-02-09,-2.4,-0.8,-3.7,-8.0,-6.3,57,0.0,0.0,0.0,0.0,6.19,8.8
2008-02-10,0.0,2.1,-2.3,-5.4,-3.9,67,0.0,0.0,0.0,0.0,6.48,10.2
2008-02-11,-2.0,0.5,-5.0,-9.3,-5.4,40,0.0,0.0,0.0,0.0,9.37,14.2
2008-02-12,-5.6,-5.0,-6.8,-13.2,-11.2,43,0.0,0.0,0.0,0.0,8.85,13.6
2008-02-13,-1.7,0.2,-4.9,-7.9,-5.5,46,0.0,0.0,0.0,0.0,7.35,11.3
2008-02-14,-0.4,0.7,-2.7,-6.5,-5.2,54,0.0,0.0,0.0,0.0,7.06,10.4
2008-02-15,-2.4,-1.1,-3.9,-7.7,-5.0,42,0.0,0.0,0.0,0.0,4.9,7.9
2008-02-16,-0.9,1.3,-2.7,-5.8,-4.0,54,0.0,0.0,0.0,0.0,6.62,10.2
2008-02-17,-2.2,0.0,-4.5,-7.9,-5.5,43,0.0,0.0,0.0,0.0,4.97,7.9
2008-02-18,-1.1,1.1,-3.7,-6.0,-3.5,50,0.0,0.0,0.0,0.0,5.44,7.1
2008-02-19,1.8,3.7,0.1,-3.3,-1.8,78,0.0,0.0,0.0,0.0,8.2,11.9
2008-02-20,2.2,4.4,0.3,-1.3,2.0,84,0.0,0.0,0.0,0.0,4.1,5.4
2008-02-21,4.2,6.0,2.4,-1.0,1.2,80,0.0,0.0,0.0,0.0,7.52,10.7
2008-02-22,-0.3,2.5,-2.0,-6.8,-1.1,58,1.5,0.0,1.05,4.0,9.27,13.2
2008-02-23,-3.1,-1.3,-4.5,-11.6,-8.7,48,0.0,0.0,0.0,0.0,11.88,17.9
2008-02-24,-3.2,-0.7,-5.6,-9.0,-5.5,42,0.0,0.0,0.0,0.0,7.55,10.7
2008-02-25,-1.2,0.1,-2.6,-6.1,-5.2,61,0.0,0.0,0.28,0.0,5.19,8.5
2008-02-26,0.2,2.0,-1.3,-6.7,-4.6,60,0.0,0.0,0.0,0.0,9.9,14.8
2008-02-27,2.9,5.4,1.1,-2.1,1.7,66,0.0,0.0,0.0,0.0,9.28,14.0
2008-02-28,4.0,5.7,2.2,-1.9,-0.2,65,0.0,0.0,0.0,0.0,8.17,11.2
2008-02-29,3.1,4.2,1.4,-3.1,-1.3,54,0.0,0.0,0.0,0.0,8.68,12.9
2008-03-01,3.8,5.7,1.0,-1.8,-0.7,69,0.0,0.0,0.0,0.0,8.87,12.7
2008-03-02,3.1,4.7,1.3,-2.2,-0.8,72,0.0,0.0,0.0,0.0,7.68,11.4
2008-03-03,2.1,3.8,0.6,-3.6,-1.9,60,0.0,0.0,0.0,0.0,7.44,11.0
2008-03-04,2.3,4.7,0.3,-2.6,0.5,61,0.0,0.0,0.0,0.0,5.26,7.5
2008-03-05,3.7,5.7,0.8,-1.0,1.0,70,0.0,0.0,0.0,0.0,8.33,12.9
2008-03-06,3.3,4.9,1.8,-2.3,-0.5,67,0.0,0.0,0.0,0.0,7.91,12.7
2008-03-07,3.8,6.1,2.3,-0.6,2.6,71,0.0,0.0,0.0,0.0,5.06,7.3
2008-03-08,5.2,6.8,3.8,0.5,3.2,66,0.0,0.0,0.0,0.0,6.3,8.6
2008-03-09,5.0,6.2,3.7,-0.0,2.0,74,0.0,0.0,0.0,0.0,6.69,9.0
2008-03-10,6.2,9.3,4.3,2.0,7.5,80,0.0,0.0,0.0,0.0,7.34,10.4
2008-03-11,4.0,4.9,2.7,-0.7,0.9,95,0.0,0.0,0.0,0.0,7.68,11.1
2008-03-12,5.9,6.9,4.6,2.1,3.6,88,7.8,7.8,0.0,5.0,5.85,8.6
2008-03-13,5.1,6.8,2.4,-0.1,2.0,70,2.2,2.2,0.0,4.0,8.02,11.1
2008-03-14,3.7,5.4,1.1,-0.7,2.8,68,0.0,0.0,0.0,0.0,8.9,12.2
2008-03-15,5.4,7.5,3.1,0.3,2.4,67,1.5,1.5,0.0,4.0,8.3,11.6
2008-03-16,4.3,6.4,2.0,0.9,4.8,69,0.0,0.0,0.0,0.0,5.41,7.0
2008-03-17,5.4,6.4,4.1,0.2,2.4,70,0.1,0.1,0.0,1.0,7.89,10.9
2008-03-18,4.4,7.6,1.7,-1.4,6.5,72,0.0,0.0,0.0,0.0,11.8,17.9
2008-03-19,3.9,7.0,1.9,-2.5,2.3,46,0.0,0.0,0.0,0.0,9.11,13.0
2008-03-20,4.3,6.7,1.8,0.8,5.2,76,0.0,0.0,0.0,0.0,5.91,8.3
2008-03-21,5.9,7.1,4.6,1.8,2.9,89,0.0,0.0,0.0,0.0,6.3,8.8
2008-03-22,6.2,7.5,4.5,3.3,5.5,92,0.0,0.0,0.0,0.0,5.0,7.0
2008-03-23,5.0,7.5,3.0,1.3,5.1,89,0.0,0.0,0.0,0.0,7.02,8.9
2008-03-24,5.3,6.7,4.4,-0.4,1.2,55,0.0,0.0,0.0,0.0,9.14,13.6
2008-03-25,5.2,6.1,4.3,-0.5,0.5,64,0.0,0.0,0.0,0.0,8.05,11.8
2008-03-26,5.3,7.1,3.5,1.2,4.1,67,0.0,0.0,0.0,0.0,6.31,8.7
2008-03-27,4.3,5.4,3.1,-0.4,0.7,74,0.0,0.0,0.0,0.0,7.14,10.6
2008-03-28,4.9,6.7,3.3,1.8,4.9,79,0.1,0.1,0.0,1.0,3.82,5.4
2008-03-29,5.0,6.5,3.6,1.8,4.4,82,0.0,0.0,0.0,0.0,3.83,5.9
2008-03-30,4.7,6.2,2.7,0.7,2.3,83,0.0,0.0,0.0,0.0,6.51,9.7
2008-03-31,6.6,8.6,4.9,2.5,5.2,73,0.0,0.0,0.0,0.0,5.89,8.6
2008-04-01,7.1,8.6,4.6,2.7,4.5,69,0.0,0.0,0.0,0.0,7.34,11.8
2008-04-02,7.8,8.9,6.8,2.3,3.4,67,0.0,0.0,0.0,0.0,9.76,14.1
2008-04-03,7.3,9.1,5.0,2.6,4.5,58,0.0,0.0,0.0,0.0,7.28,10.3
2008-04-04,9.3,12.8,7.1,6.1,10.5,66,0.0,0.0,0.0,0.0,6.22,8.5
2008-04-05,10.0,11.5,8.2,6.0,9.6,67,0.0,0.0,0.0,0.0,8.58,11.7
2008-04-06,7.8,9.1,6.8,3.2,4.2,84,2.1,2.1,0.0,9.0,7.96,11.2
2008-04-07,7.3,8.8,5.8,4.7,7.0,90,0.0,0.0,0.0,0.0,4.12,6.7
2008-04-08,7.4,9.1,5.3,3.7,5.0,90,0.0,0.0,0.0,0.0,6.72,9.5
2008-04-09,8.6,10.5,6.2,4.9,7.3,84,2.8,2.8,0.0,7.0,8.32,10.4
2008-04-10,8.5,10.5,6.3,3.2,7.4,67,0.0,0.0,0.0,0.0,9.44,12.9
2008-04-11,9.0,11.2,6.6,3.7,7.3,59,0.3,0.3,0.0,3.0,8.08,11.4
2008-04-12,8.5,10.2,7.5,4.8,7.5,54,0.4,0.4,0.0,1.0,5.19,7.4
2008-04-13,9.0,11.2,6.4,5.6,9.0,72,0.0,0.0,0.0,0.0,5.46,7.5
2008-04-14,10.8,13.0,8.5,7.5,11.4,77,0.0,0.0,0.0,0.0,6.91,9.3
2008-04-15,11.0,12.3,9.9,7.9,11.0,72,0.0,0.0,0.0,0.0,7.02,9.5
2008-04-16,10.3,12.2,8.1,8.3,11.5,75,0.0,0.0,0.0,0.0,4.31,6.0
2008-04-17,11.5,14.7,8.9,9.6,14.4,67,0.0,0.0,0.0,0.0,3.64,4.5
2008-04-18,11.7,13.9,9.4,9.1,12.8,69,0.0,0.0,0.0,0.0,5.2,6.4
2008-04-19,11.7,13.4,9.6,9.2,12.2,70,0.0,0.0,0.0,0.0,5.16,6.4
2008-04-20,11.4,13.0,9.7,9.4,11.4,76,1.3,1.3,0.0,3.0,3.96,5.5
2008-04-21,10.8,11.6,9.9,7.4,8.0,81,7.2,7.2,0.0,21.0,8.06,11.6
2008-04-22,9.7,10.9,8.8,7.1,8.4,90,3.4,3.4,0.0,10.0,5.58,8.4
2008-04-23,8.1,9.9,7.0,3.2,5.8,71,0.0,0.0,0.0,0.0,8.79,13.5
2008-04-24,9.1,10.9,7.3,6.1,10.0,78,0.0,0.0,0.0,0.0,5.26,7.8
2008-04-25,9.4,10.9,8.4,4.9,7.0,81,2.0,2.0,0.0,3.0,11.33,16.9
2008-04-26,10.2,12.2,8.5,6.2,9.9,69,0.0,0.0,0.0,0.0,11.27,17.3
2008-04-27,10.4,12.5,8.9,7.6,12.5,70,0.7,0.7,0.0,3.0,6.46,9.1
2008-04-28,10.6,12.4,8.4,5.8,7.8,69,0.0,0.0,0.0,0.0,8.85,12.1
2008-04-29,13.0,14.7,11.2,9.0,12.3,72,0.0,0.0,0.0,0.0,9.16,13.4
2008-04-30,13.1,14.5,11.6,9.0,11.4,83,0.1,0.1,0.0,1.0,9.67,13.9
2008-05-01,12.3,13.4,11.0,10.4,12.5,92,0.0,0.0,0.0,0.0,7.85,11.3
2008-05-02,14.4,15.7,12.8,11.0,13.1,81,0.0,0.0,0.0,0.0,8.54,11.9
2008-05-03,12.8,14.7,12.1,10.5,11.8,84,0.0,0.0,0.0,0.0,6.22,10.0
2008-05-04,12.8,14.7,11.4,9.6,12.1,78,22.9,22.9,0.0,9.0,9.0,13.7
2008-05-05,14.3,16.0,12.3,10.6,14.2,63,0.0,0.0,0.0,0.0,9.86,13.5
2008-05-06,14.7,16.7,12.1,12.2,16.4,76,0.0,0.0,0.0,0.0,10.74,14.9
2008-05-07,11.1,12.2,10.2,8.5,10.8,89,5.3,5.3,0.0,11.0,6.67,10.2
2008-05-08,13.2,16.1,10.0,11.5,16.3,73,0.0,0.0,0.0,0.0,5.32,7.8
2008-05-09,13.0,14.1,11.4,10.1,12.4,65,0.0,0.0,0.0,0.0,5.4,7.7
2008-05-10,12.0,13.0,10.3,9.2,11.0,80,0.0,0.0,0.0,0.0,7.34,10.5
2008-05-11,10.9,11.7,9.8,8.9,9.7,89,3.4,3.4,0.0,6.0,4.96,9.4
2008-05-12,10.7,11.2,9.7,6.4,8.5,86,11.2,11.2,0.0,20.0,9.27,13.4
2008-05-13,11.2,12.5,10.3,8.9,12.6,83,0.0,0.0,0.0,0.0,7.33,11.6
2008-05-14,12.4,14.0,10.6,9.8,12.0,79,0.3,0.3,0.0,1.0,6.06,8.5
2008-05-15,12.9,13.9,11.9,11.3,14.2,87,0.0,0.0,0.0,0.0,5.51,8.3
2008-05-16,12.7,13.6,11.5,11.2,13.1,92,0.0,0.0,0.0,0.0,5.17,7.4
2008-05-17,12.5,13.2,11.5,11.0,12.3,90,0.0,0.0,0.0,0.0,5.52,7.9
2008-05-18,13.1,15.2,11.9,10.5,13.5,76,0.0,0.0,0.0,0.0,8.53,12.1
2008-05-19,13.1,14.3,11.9,8.6,10.8,63,0.0,0.0,0.0,0.0,11.76,17.6
2008-05-20,14.4,17.0,11.5,10.8,13.3,71,0.1,0.1,0.0,1.0,10.42,16.1
2008-05-21,15.3,17.7,13.3,13.0,15.6,70,0.0,0.0,0.0,0.0,7.08,11.5
2008-05-22,14.4,15.8,13.0,12.8,14.7,81,0.0,0.0,0.0,0.0,5.71,7.3
2008-05-23,14.9,15.7,13.5,12.9,13.8,92,0.0,0.0,0.0,0.0,7.53,10.7
2008-05-24,15.0,16.3,14.2,14.1,17.1,94,0.0,0.0,0.0,0.0,6.83,9.1
2008-05-25,16.2,19.2,14.1,17.1,20.9,90,0.0,0.0,0.0,0.0,3.19,4.7
2008-05-26,15.0,17.0,13.2,13.5,16.4,92,0.4,0.4,0.0,2.0,8.22,12.2
2008-05-27,15.8,17.2,14.3,14.6,17.4,92,5.6,5.6,0.0,6.0,8.55,12.5
2008-05-28,16.9,18.6,13.4,15.4,17.9,63,0.0,0.0,0.0,0.0,4.94,6.9
2008-05-29,16.2,17.5,14.4,14.1,16.6,69,0.0,0.0,0.0,0.0,8.05,9.6
2008-05-30,16.2,17.5,14.9,13.4,15.1,60,0.0,0.0,0.0,0.0,7.66,9.9
2008-05-31,17.6,19.1,15.2,14.3,17.6,61,0.0,0.0,0.0,0.0,10.9,15.0
2008-06-01,16.7,17.8,15.1,14.8,17.6,77,1.0,1.0,0.0,4.0,9.87,14.7
2008-06-02,14.6,15.2,14.1,13.1,13.9,91,5.8,5.8,0.0,11.0,6.6,9.8
2008-06-03,14.8,15.5,13.9,13.2,13.9,91,0.4,0.4,0.0,2.0,6.3,10.2
2008-06-04,14.4,15.0,13.7,12.9,13.7,94,9.2,9.2,0.0,18.0,6.46,9.7
2008-06-05,15.8,17.9,14.1,15.5,18.1,88,0.1,0.1,0.0,1.0,4.66,6.5
2008-06-06,16.7,18.6,14.8,15.6,17.6,83,0.0,0.0,0.0,0.0,6.04,9.8
2008-06-07,16.5,17.0,15.9,15.6,17.0,87,1.4,1.4,0.0,3.0,6.52,9.3
2008-06-08,16.5,18.3,15.3,16.3,18.8,92,0.0,0.0,0.0,0.0,6.6,10.3
2008-06-09,16.5,17.8,15.1,16.3,17.7,93,0.0,0.0,0.0,0.0,5.5,7.8
2008-06-10,17.5,19.1,16.1,17.9,20.7,90,0.0,0.0,0.0,0.0,5.51,7.7
2008-06-11,19.0,20.9,17.1,19.7,23.4,83,0.0,0.0,0.0,0.0,4.1,6.3
2008-06-12,18.8,20.4,17.1,20.0,22.9,87,0.0,0.0,0.0,0.0,4.17,6.5
2008-06-13,18.9,19.8,17.9,19.5,21.4,89,0.0,0.0,0.0,0.0,5.28,7.5
2008-06-14,18.6,19.6,17.8,19.0,20.8,90,0.0,0.0,0.0,0.0,6.09,8.5
2008-06-15,19.2,20.7,17.9,20.6,23.6,88,0.0,0.0,0.0,0.0,3.81,6.7
2008-06-16,19.3,21.0,17.9,20.2,23.0,85,0.0,0.0,0.0,0.0,4.64,6.7
2008-06-17,17.6,18.3,16.8,16.7,18.5,89,25.6,25.6,0.0,23.0,7.49,10.0
2008-06-18,18.8,20.3,17.9,18.5,20.4,89,16.4,16.4,0.0,8.0,6.4,9.1
2008-06-19,20.4,21.5,19.1,20.7,23.4,85,0.0,0.0,0.0,0.0,7.41,10.8
2008-06-20,19.6,20.3,19.0,20.1,22.1,91,0.0,0.0,0.0,0.0,6.82,10.5
2008-06-21,19.0,20.7,16.9,19.9,22.8,91,0.0,0.0,0.0,0.0,5.26,6.9
2008-06-22,17.4,18.3,16.4,17.5,19.0,92,0.0,0.0,0.0,0.0,6.87,9.3
2008-06-23,17.9,18.4,17.2,16.6,17.6,89,1.1,1.1,0.0,3.0,8.19,11.3
2008-06-24,18.7,19.8,18.1,19.5,21.6,94,3.5,3.5,0.0,6.0,6.44,8.2
2008-06-25,19.1,20.4,18.0,20.0,22.3,92,3.0,3.0,0.0,5.0,5.26,8.4
2008-06-26,19.1,19.6,18.6,20.7,22.0,92,11.6,11.6,0.0,14.0,3.51,7.0
2008-06-27,19.9,20.9,18.9,20.8,22.9,89,0.5,0.5,0.0,2.0,6.32,8.7
2008-06-28,20.3,21.1,19.0,21.0,23.6,87,0.0,0.0,0.0,0.0,5.58,8.0
2008-06-29,21.4,22.4,19.9,22.3,25.5,84,0.0,0.0,0.0,0.0,7.08,10.7
2008-06-30,21.5,22.2,21.0,20.9,21.8,84,0.8,0.8,0.0,3.0,8.37,12.2
2008-07-01,20.5,21.0,19.8,20.0,21.2,92,26.4,26.4,0.0,12.0,9.26,13.5
2008-07-02,20.6,22.4,19.5,22.8,25.8,93,5.3,5.3,0.0,6.0,5.88,9.3
2008-07-03,21.5,23.9,19.5,23.4,27.7,89,1.6,1.6,0.0,3.0,4.89,6.7
2008-07-04,22.3,24.0,20.8,25.1,28.0,92,0.0,0.0,0.0,0.0,4.55,6.3
2008-07-05,22.9,23.9,22.0,23.3,24.7,90,16.9,16.9,0.0,14.0,11.05,16.9
2008-07-06,22.2,23.3,21.3,23.7,26.9,87,0.0,0.0,0.0,0.0,10.68,16.6
2008-07-07,22.1,23.5,21.3,24.1,27.3,92,0.0,0.0,0.0,0.0,6.04,8.6
2008-07-08,21.5,22.2,20.8,23.2,24.4,95,2.9,2.9,0.0,6.0,5.96,9.3
2008-07-09,22.4,23.0,21.6,24.6,25.5,92,0.0,0.0,0.0,0.0,5.4,7.7
2008-07-10,22.5,23.6,21.9,25.3,27.1,94,2.2,2.2,0.0,3.0,5.55,7.8
2008-07-11,21.8,22.4,21.3,23.2,24.5,93,0.1,0.1,0.0,1.0,7.2,9.8
2008-07-12,22.3,24.6,21.0,24.8,27.8,90,0.1,0.1,0.0,1.0,5.87,7.3
2008-07-13,23.4,26.2,20.8,27.2,31.7,89,0.0,0.0,0.0,0.0,3.96,5.4
2008-07-14,23.4,24.7,22.2,26.9,29.0,90,0.0,0.0,0.0,0.0,5.04,7.3
2008-07-15,23.0,24.3,22.2,24.5,25.6,94,9.5,9.5,0.0,18.0,8.63,13.3
2008-07-16,23.2,24.9,22.2,25.9,28.7,87,0.4,0.4,0.0,2.0,5.12,7.0
2008-07-17,24.1,26.0,22.3,27.6,31.5,87,0.0,0.0,0.0,0.0,4.29,6.1
2008-07-18,22.7,24.1,21.5,25.8,28.2,88,2.1,2.1,0.0,10.0,3.23,5.0
2008-07-19,21.5,22.2,21.0,22.9,23.6,86,8.7,8.7,0.0,15.0,5.14,10.4
2008-07-20,22.1,22.6,21.4,23.5,24.8,87,0.6,0.6,0.0,4.0,6.08,10.2
2008-07-21,23.3,24.4,22.1,25.2,27.1,86,0.1,0.1,0.0,1.0,5.69,7.8
2008-07-22,23.8,25.4,22.2,26.9,29.0,87,0.0,0.0,0.0,0.0,4.42,6.5
2008-07-23,23.0,24.0,22.3,25.7,27.0,88,0.0,0.0,0.0,0.0,5.0,7.8
2008-07-24,23.1,24.2,22.1,24.7,27.1,87,9.5,9.5,0.0,12.0,7.18,11.1
2008-07-25,24.2,26.0,22.9,26.5,29.9,80,0.0,0.0,0.0,0.0,5.81,7.7
2008-07-26,23.6,24.7,22.4,26.1,28.4,84,0.0,0.0,0.0,0.0,4.95,7.8
2008-07-27,24.3,25.4,23.4,27.5,29.4,89,0.0,0.0,0.0,0.0,4.84,7.3
2008-07-28,24.8,25.6,23.9,27.7,28.8,90,0.0,0.0,0.0,0.0,6.73,9.0
2008-07-29,25.0,26.1,24.0,28.9,30.5,91,11.7,11.7,0.0,4.0,6.09,8.8
2008-07-30,24.3,25.3,23.4,28.7,31.0,93,7.7,7.7,0.0,3.0,4.71,6.8
2008-07-31,25.1,26.0,24.2,27.0,27.8,92,6.9,6.9,0.0,12.0,10.03,14.0
2008-08-01,24.6,25.7,22.8,27.0,30.2,91,4.1,4.1,0.0,11.0,10.12,13.1
2008-08-02,24.4,26.5,22.5,25.8,29.6,77,0.0,0.0,0.0,0.0,6.71,9.1
2008-08-03,25.0,27.3,23.0,28.2,31.7,81,0.0,0.0,0.0,0.0,4.13,5.6
2008-08-04,25.4,27.3,23.8,29.3,32.4,86,0.0,0.0,0.0,0.0,4.02,5.5
2008-08-05,25.6,27.7,24.0,30.1,34.3,86,0.0,0.0,0.0,0.0,3.61,4.9
2008-08-06,24.5,25.5,23.5,28.3,30.1,88,0.0,0.0,0.0,0.0,4.19,6.4
2008-08-07,24.8,26.1,23.9,28.3,30.5,86,0.0,0.0,0.0,0.0,4.18,6.4
2008-08-08,25.3,26.5,24.2,28.5,30.0,83,0.0,0.0,0.0,0.0,4.72,7.5
2008-08-09,26.2,27.6,24.8,29.9,32.5,81,0.0,0.0,0.0,0.0,4.58,6.7
2008-08-10,26.8,28.0,25.7,31.1,32.7,86,0.0,0.0,0.0,0.0,5.02,7.5
2008-08-11,25.7,26.4,25.1,30.4,31.1,91,20.8,20.8,0.0,13.0,4.76,8.6
2008-08-12,26.2,27.6,24.5,31.7,33.9,88,0.5,0.5,0.0,3.0,2.95,4.3
2008-08-13,26.5,28.3,24.9,31.1,33.4,84,0.0,0.0,0.0,0.0,3.9,5.8
2008-08-14,26.0,26.7,25.4,30.2,31.3,85,0.0,0.0,0.0,0.0,3.47,4.9
2008-08-15,25.4,27.6,23.6,26.6,29.8,72,0.0,0.0,0.0,0.0,6.22,8.9
2008-08-16,24.5,25.8,23.1,26.6,29.0,79,0.4,0.4,0.0,2.0,5.83,7.3
2008-08-17,24.3,25.1,23.5,25.7,27.5,81,12.6,12.6,0.0,11.0,7.98,13.5
2008-08-18,23.4,24.3,22.8,24.2,25.7,87,76.6,76.6,0.0,13.0,8.42,25.2
2008-08-19,24.1,25.9,22.4,25.6,28.1,79,0.0,0.0,0.0,0.0,6.12,8.9
2008-08-20,23.8,25.6,22.4,25.9,28.9,78,0.0,0.0,0.0,0.0,6.56,9.2
2008-08-21,23.2,23.5,22.5,24.2,27.3,81,2.5,2.5,0.0,6.0,7.22,10.5
2008-08-22,21.6,22.2,20.6,21.3,23.4,84,10.5,10.5,0.0,9.0,9.93,16.1
2008-08-23,22.6,24.3,20.3,24.6,27.4,84,0.0,0.0,0.0,0.0,5.47,7.9
2008-08-24,23.9,24.8,23.4,26.3,27.2,92,0.0,0.0,0.0,0.0,6.74,10.0
2008-08-25,23.8,24.9,23.0,27.6,29.4,93,0.0,0.0,0.0,0.0,4.56,6.7
2008-08-26,23.2,24.7,21.7,26.3,27.9,88,4.0,4.0,0.0,6.0,4.3,7.4
2008-08-27,23.6,25.0,21.9,26.8,28.7,86,0.7,0.7,0.0,4.0,3.71,5.1
2008-08-28,24.4,25.9,23.2,28.5,31.0,89,0.1,0.1,0.0,1.0,3.34,5.7
2008-08-29,23.5,24.6,22.5,27.3,29.0,92,0.0,0.0,0.0,0.0,4.49,7.0
2008-08-30,23.2,24.1,22.1,26.0,26.9,88,0.0,0.0,0.0,0.0,4.81,7.0
2008-08-31,20.8,23.7,19.3,20.5,25.6,83,22.3,22.3,0.0,17.0,6.5,10.0
2008-09-01,21.7,23.8,19.9,22.4,25.6,78,0.0,0.0,0.0,0.0,5.87,8.4
2008-09-02,23.1,25.8,21.1,25.1,28.6,77,0.0,0.0,0.0,0.0,4.6,6.2
2008-09-03,22.9,24.4,21.6,24.4,26.3,72,0.0,0.0,0.0,0.0,4.33,6.0
2008-09-04,23.3,24.5,22.1,24.5,26.8,78,0.0,0.0,0.0,0.0,6.71,10.3
2008-09-05,23.2,24.2,22.1,24.6,26.9,81,0.0,0.0,0.0,0.0,5.85,9.3
2008-09-06,23.6,25.0,22.4,26.4,29.1,86,0.0,0.0,0.0,0.0,4.95,7.8
2008-09-07,23.1,24.4,22.2,26.4,28.1,88,0.0,0.0,0.0,0.0,3.11,5.4
2008-09-08,22.6,24.1,21.5,24.7,27.4,79,0.0,0.0,0.0,0.0,4.07,5.6
2008-09-09,22.8,24.2,21.1,24.5,26.0,86,0.0,0.0,0.0,0.0,6.94,9.9
2008-09-10,22.5,24.0,20.7,23.2,25.0,86,6.6,6.6,0.0,7.0,9.31,13.3
2008-09-11,22.6,24.7,20.8,24.5,27.8,82,0.0,0.0,0.0,0.0,4.47,6.5
2008-09-12,23.2,25.5,21.1,24.9,28.2,82,0.0,0.0,0.0,0.0,6.31,8.8
2008-09-13,22.8,25.2,20.9,22.1,24.6,60,0.0,0.0,0.0,0.0,6.44,9.2
2008-09-14,22.1,24.0,20.2,23.2,26.0,71,0.0,0.0,0.0,0.0,3.7,5.5
2008-09-15,22.9,24.5,21.7,24.3,26.1,80,0.0,0.0,0.0,0.0,5.28,8.3
2008-09-16,23.4,25.7,21.9,26.3,30.1,83,0.0,0.0,0.0,0.0,3.61,5.2
2008-09-17,23.1,24.1,21.7,25.9,27.3,91,0.0,0.0,0.0,0.0,5.2,7.1
2008-09-18,24.2,26.1,23.0,27.7,32.0,87,0.0,0.0,0.0,0.0,3.82,5.8
2008-09-19,23.6,25.2,22.6,27.5,29.0,92,0.0,0.0,0.0,0.0,3.83,5.4
2008-09-20,23.1,25.1,22.0,25.8,26.9,81,0.0,0.0,0.0,0.0,4.24,6.4
2008-09-21,22.7,24.5,20.7,25.5,27.7,86,0.0,0.0,0.0,0.0,3.1,4.7
2008-09-22,22.9,23.5,20.9,24.2,26.7,81,2.8,2.8,0.0,5.0,10.15,14.5
2008-09-23,18.0,20.9,16.5,11.9,14.4,42,0.0,0.0,0.0,0.0,11.45,17.1
2008-09-24,16.6,17.9,15.2,13.1,15.0,51,8.5,8.5,0.0,6.0,7.75,11.3
2008-09-25,18.3,19.5,16.6,13.9,15.8,58,1.9,1.9,0.0,5.0,9.76,14.8
2008-09-26,15.8,17.3,14.8,9.9,12.5,41,0.0,0.0,0.0,0.0,11.62,17.7
2008-09-27,18.4,20.4,16.4,16.0,18.9,49,0.0,0.0,0.0,0.0,4.88,7.3
2008-09-28,18.1,19.5,16.4,16.8,18.8,61,0.0,0.0,0.0,0.0,3.74,5.6
2008-09-29,17.8,19.4,16.4,15.9,16.7,69,0.0,0.0,0.0,0.0,6.27,9.2
2008-09-30,19.3,21.6,17.7,18.7,22.7,72,0.0,0.0,0.0,0.0,5.69,8.5
2008-10-01,18.7,21.2,16.2,17.5,21.3,61,0.0,0.0,0.0,0.0,4.96,7.6
2008-10-02,19.9,22.0,18.1,20.1,23.0,79,0.0,0.0,0.0,0.0,4.46,6.8
2008-10-03,18.4,19.9,16.5,16.5,21.3,65,0.0,0.0,0.0,0.0,8.23,11.7
2008-10-04,16.2,17.7,15.2,12.3,13.7,47,0.0,0.0,0.0,0.0,6.08,9.0
2008-10-05,15.1,17.5,12.7,11.3,14.4,55,1.1,1.1,0.0,5.0,9.71,14.3
2008-10-06,14.1,16.2,12.2,8.8,11.0,57,0.0,0.0,0.0,0.0,9.4,14.8
2008-10-07,14.9,17.6,12.3,11.3,14.2,48,0.0,0.0,0.0,0.0,6.61,9.9
2008-10-08,17.3,19.0,14.6,14.5,16.9,68,0.0,0.0,0.0,0.0,8.43,12.8
2008-10-09,17.9,19.7,16.0,17.2,18.2,72,0.0,0.0,0.0,0.0,3.96,5.5
2008-10-10,16.1,17.8,14.3,11.8,17.1,55,1.5,1.5,0.0,3.0,8.86,13.4
2008-10-11,15.7,18.0,13.9,12.6,14.4,51,0.0,0.0,0.0,0.0,4.89,7.9
2008-10-12,17.4,19.9,15.2,15.4,17.3,67,0.0,0.0,0.0,0.0,5.52,7.9
2008-10-13,18.3,19.9,17.0,16.3,17.9,69,0.0,0.0,0.0,0.0,6.15,9.2
2008-10-14,18.3,20.4,16.7,17.7,20.4,80,0.0,0.0,0.0,0.0,6.58,9.3
2008-10-15,18.1,20.2,16.0,18.3,20.1,88,0.0,0.0,0.0,0.0,5.53,7.2
2008-10-16,17.6,19.2,16.6,18.7,20.0,90,0.2,0.2,0.0,1.0,3.51,4.7
2008-10-17,18.6,20.8,17.4,19.3,21.6,85,0.0,0.0,0.0,0.0,3.62,4.8
2008-10-18,18.3,20.0,17.2,18.7,19.8,84,0.0,0.0,0.0,0.0,3.32,5.9
2008-10-19,18.1,19.8,17.1,19.6,21.6,92,0.1,0.1,0.0,1.0,2.2,4.0
2008-10-20,17.1,18.7,15.6,17.9,18.9,92,0.0,0.0,0.0,0.0,3.88,5.3
2008-10-21,18.1,18.8,17.7,18.5,19.6,91,0.4,0.4,0.0,2.0,4.44,7.2
2008-10-22,17.7,18.4,16.8,16.1,17.3,80,2.7,2.7,0.0,10.0,7.47,11.0
2008-10-23,15.4,17.5,13.4,11.7,16.5,74,4.8,4.8,0.0,12.0,11.27,15.9
2008-10-24,11.8,14.1,9.6,4.5,7.4,43,0.0,0.0,0.0,0.0,12.0,18.1
2008-10-25,15.2,16.7,13.0,9.2,11.5,52,0.4,0.4,0.0,2.0,10.87,16.4
2008-10-26,11.9,13.0,10.5,7.5,8.9,47,0.0,0.0,0.0,0.0,7.36,11.3
2008-10-27,12.1,13.3,11.0,7.7,8.9,54,0.0,0.0,0.0,0.0,6.87,10.2
2008-10-28,14.3,16.7,11.3,10.6,12.9,60,0.0,0.0,0.0,0.0,8.2,12.0
2008-10-29,9.9,11.1,8.7,5.0,6.8,49,0.6,0.6,0.0,2.0,8.27,12.2
2008-10-30,11.2,13.4,8.4,8.3,10.5,62,0.0,0.0,0.0,0.0,5.15,6.8
2008-10-31,12.1,13.7,10.6,8.2,11.6,67,2.8,2.8,0.0,5.0,8.39,12.9
2008-11-01,13.6,16.2,10.4,8.8,11.3,60,0.0,0.0,0.0,0.0,10.8,15.3
2008-11-02,12.1,14.7,8.8,7.5,11.1,55,0.0,0.0,0.0,0.0,8.82,14.7
2008-11-03,11.1,13.5,7.8,6.8,11.1,52,0.0,0.0,0.0,0.0,7.11,10.9
2008-11-04,12.8,15.4,8.1,8.7,11.9,64,0.0,0.0,0.0,0.0,7.89,11.6
2008-11-05,14.8,16.0,13.8,12.8,14.0,87,0.0,0.0,0.0,0.0,7.67,11.2
2008-11-06,14.4,16.7,10.7,12.8,16.3,79,0.0,0.0,0.0,0.0,9.25,14.6
2008-11-07,6.1,10.1,4.2,-1.2,3.0,45,0.0,0.0,0.0,0.0,9.94,14.8
2008-11-08,5.2,7.6,3.0,-2.0,0.8,51,0.0,0.0,0.0,0.0,9.24,14.2
2008-11-09,4.8,6.3,3.7,-2.9,-1.4,53,0.0,0.0,0.0,0.0,10.61,16.3
2008-11-10,5.9,8.9,3.4,0.6,4.4,50,0.0,0.0,0.0,0.0,7.7,11.6
2008-11-11,9.6,12.1,7.2,6.8,9.2,64,0.0,0.0,0.0,0.0,3.54,5.5
2008-11-12,10.9,12.5,9.6,8.0,9.8,68,0.0,0.0,0.0,0.0,4.19,6.8
2008-11-13,11.5,12.6,10.7,9.0,10.4,73,0.0,0.0,0.0,0.0,5.1,9.0
2008-11-14,10.3,11.5,8.0,7.6,9.2,81,0.0,0.0,0.0,0.0,4.74,6.3
2008-11-15,10.8,12.4,7.1,6.6,9.2,69,0.2,0.2,0.0,2.0,9.04,12.6
2008-11-16,6.8,9.3,4.4,2.0,5.3,48,1.7,1.7,0.0,3.0,9.73,12.6
2008-11-17,1.4,7.9,-0.7,-6.1,-0.2,55,0.1,0.1,0.07,1.0,11.62,18.4
2008-11-18,-1.0,0.1,-2.0,-7.9,-6.9,51,0.9,0.0,0.84,7.0,9.93,16.1
2008-11-19,0.0,2.6,-1.8,-6.8,-3.5,52,0.0,0.0,0.07,0.0,8.61,14.5
2008-11-20,7.7,9.7,3.4,1.0,3.1,56,0.0,0.0,0.0,0.0,11.42,16.9
2008-11-21,6.5,9.3,4.4,2.3,4.8,52,0.0,0.0,0.0,0.0,5.49,7.6
2008-11-22,9.0,11.5,7.3,5.4,7.9,72,0.0,0.0,0.0,0.0,5.6,9.5
2008-11-23,6.2,7.9,5.0,1.6,4.2,54,0.0,0.0,0.0,0.0,6.31,9.1
2008-11-24,6.6,8.7,5.3,3.3,5.5,58,0.5,0.5,0.0,3.0,2.84,4.5
2008-11-25,6.4,7.8,4.7,2.5,5.0,65,0.0,0.0,0.0,0.0,4.83,7.4
2008-11-26,8.2,10.0,4.2,3.8,7.2,64,0.2,0.2,0.0,2.0,9.9,14.5
2008-11-27,3.2,3.9,2.0,-4.4,-2.2,66,0.9,0.3,0.42,5.0,10.8,16.8
2008-11-28,6.9,9.3,3.2,0.8,3.4,59,0.0,0.0,0.0,0.0,11.32,17.1
2008-11-29,4.7,5.8,3.2,-2.5,-0.3,49,0.0,0.0,0.0,0.0,10.84,17.1
2008-11-30,8.8,10.5,5.1,3.7,5.3,68,0.0,0.0,0.0,0.0,8.83,12.3
2008-12-01,9.6,10.4,8.2,4.0,5.0,66,0.0,0.0,0.0,0.0,8.99,14.5
2008-12-02,7.3,9.1,5.0,2.4,3.5,55,0.0,0.0,0.0,0.0,8.44,12.1
2008-12-03,9.5,11.1,4.5,4.7,8.4,81,7.8,7.8,0.0,8.0,9.9,15.2
2008-12-04,-1.1,3.7,-5.9,-9.6,-3.1,63,0.4,0.4,0.07,1.0,11.52,18.1
2008-12-05,-6.2,-4.2,-7.9,-14.8,-12.8,64,4.5,0.0,3.29,19.0,10.62,18.5
2008-12-06,-2.6,2.8,-6.5,-9.2,-4.7,55,0.1,0.0,0.28,1.0,8.56,15.4
2008-12-07,4.2,5.3,2.9,-2.3,-0.3,57,0.0,0.0,0.0,0.0,8.86,13.1
2008-12-08,6.4,7.5,5.5,1.4,2.5,64,0.0,0.0,0.0,0.0,6.29,9.7
2008-12-09,7.6,9.6,3.3,3.5,7.6,78,0.0,0.0,0.0,0.0,8.59,12.5
2008-12-10,0.1,2.7,-2.5,-7.2,-4.5,60,0.5,0.0,0.42,3.0,9.27,14.2
2008-12-11,1.8,5.0,-2.5,-4.2,0.6,68,0.0,0.0,0.0,0.0,8.86,12.7
2008-12-12,2.0,4.9,-2.2,-4.0,1.0,67,0.0,0.0,0.0,0.0,9.63,14.9
2008-12-13,-1.2,1.1,-3.3,-7.9,-5.0,52,0.0,0.0,0.0,0.0,9.34,14.9
2008-12-14,2.4,3.5,1.0,-3.7,-2.2,56,0.0,0.0,0.0,0.0,7.48,10.8
2008-12-15,5.4,7.2,2.9,0.2,1.5,68,0.0,0.0,0.0,0.0,7.43,11.1
2008-12-16,6.9,8.1,5.5,1.5,2.9,74,0.0,0.0,0.0,0.0,7.75,11.9
2008-12-17,1.6,7.2,-1.4,-6.0,2.1,58,0.0,0.0,0.0,0.0,10.63,16.4
2008-12-18,0.0,3.5,-3.2,-5.9,-2.4,51,0.0,0.0,0.0,0.0,8.08,12.4
2008-12-19,4.1,6.1,-0.2,-2.6,0.3,61,0.0,0.0,0.0,0.0,9.51,14.2
2008-12-20,-1.6,-0.4,-3.4,-8.0,-6.8,39,0.0,0.0,0.0,0.0,7.16,11.1
2008-12-21,-6.8,-3.6,-8.4,-16.0,-11.2,61,0.2,0.0,0.49,2.0,13.14,21.6
2008-12-22,-3.8,-0.4,-8.4,-11.7,-7.2,59,0.0,0.0,0.0,0.0,11.83,17.9
2008-12-23,1.8,3.4,-0.7,-4.3,-2.7,59,0.0,0.0,0.0,0.0,7.67,11.8
2008-12-24,2.4,3.5,0.9,-3.9,-2.3,59,0.0,0.0,0.0,0.0,9.1,13.2
2008-12-25,-1.0,0.8,-3.4,-8.4,-7.0,49,0.0,0.0,0.0,0.0,9.49,14.7
2008-12-26,-0.4,2.6,-4.0,-5.0,-2.5,51,0.0,0.0,0.0,0.0,5.17,9.5
2008-12-27,2.0,3.3,0.6,-3.5,-2.4,67,0.0,0.0,0.0,0.0,6.98,10.8
2008-12-28,0.2,1.9,-1.6,-4.1,-1.3,73,0.0,0.0,0.0,0.0,5.05,7.3
2008-12-29,0.0,1.4,-0.9,-7.3,-5.0,59,0.0,0.0,0.0,0.0,10.38,15.8
2008-12-30,-3.2,-1.4,-4.5,-10.5,-9.1,53,0.0,0.0,0.0,0.0,8.91,13.3
2008-12-31,-4.5,-3.6,-5.2,-12.1,-9.6,59,0.0,0.0,0.0,0.0,9.92,15.6
2009-01-01,-3.5,-1.9,-5.4,-11.0,-9.4,64,0.0,0.0,0.0,0.0,9.23,14.2
2009-01-02,-1.4,0.7,-3.2,-6.7,-4.6,60,0.0,0.0,0.0,0.0,6.46,9.9
2009-01-03,-0.3,1.7,-1.8,-4.7,-2.3,54,0.0,0.0,0.0,0.0,5.23,7.4
2009-01-04,-2.8,-1.0,-4.1,-9.6,-7.0,59,0.0,0.0,0.0,0.0,7.57,11.8
2009-01-05,-3.5,-1.8,-4.4,-10.2,-8.9,62,0.0,0.0,0.0,0.0,7.52,11.4
2009-01-06,-1.3,1.1,-3.5,-6.0,-3.5,62,0.0,0.0,0.0,0.0,4.61,7.5
2009-01-07,-1.9,0.2,-3.9,-7.0,-4.2,54,0.0,0.0,0.0,0.0,5.4,8.1
2009-01-08,-2.1,-0.2,-6.4,-8.1,-3.8,59,0.0,0.0,0.0,0.0,8.83,13.7
2009-01-09,-6.4,-5.3,-7.8,-14.7,-13.7,62,0.0,0.0,0.0,0.0,10.57,16.4
2009-01-10,-5.0,-1.6,-7.7,-11.0,-6.5,60,0.0,0.0,0.0,0.0,8.24,13.7
2009-01-11,-6.2,-3.9,-8.8,-14.3,-11.6,61,0.0,0.0,0.14,0.0,11.05,16.6
2009-01-12,-3.8,-2.8,-4.8,-11.4,-9.1,56,0.0,0.0,0.0,0.0,9.62,15.3
2009-01-13,-1.8,0.7,-4.4,-7.7,-4.9,56,0.0,0.0,0.0,0.0,11.41,17.8
2009-01-14,-6.4,-5.0,-8.2,-14.1,-11.7,60,0.0,0.0,0.0,0.0,11.1,17.7
2009-01-15,-1.1,0.4,-4.9,-7.6,-5.1,59,0.0,0.0,0.0,0.0,8.32,12.7
2009-01-16,-1.2,0.1,-3.0,-6.0,-4.5,60,0.0,0.0,0.0,0.0,5.95,9.6
2009-01-17,1.8,4.0,-1.6,-3.2,-0.8,73,0.0,0.0,0.0,0.0,7.22,10.7
2009-01-18,1.4,3.4,-0.5,-4.2,-0.8,71,0.0,0.0,0.0,0.0,8.23,12.8
2009-01-19,1.7,4.2,-1.3,-3.7,-1.9,57,0.0,0.0,0.0,0.0,7.24,10.7
2009-01-20,3.3,4.7,1.2,-2.0,-1.2,75,0.0,0.0,0.0,0.0,8.03,11.2
2009-01-21,3.0,5.9,-0.6,-1.6,0.1,78,0.0,0.0,0.0,0.0,8.85,11.9
2009-01-22,-1.4,5.3,-6.5,-9.2,-0.2,63,0.0,0.0,0.14,0.0,14.01,21.2
2009-01-23,-7.4,-5.4,-8.6,-16.1,-14.1,58,1.2,0.0,1.12,9.0,11.95,18.5
2009-01-24,-5.6,-2.5,-8.3,-14.5,-12.0,49,0.0,0.0,0.0,0.0,12.57,18.8
2009-01-25,-2.7,-1.4,-4.9,-9.5,-7.4,46,0.0,0.0,0.0,0.0,10.56,16.2
2009-01-26,-3.0,-0.9,-6.3,-8.8,-6.9,47,0.0,0.0,0.0,0.0,6.66,10.2
2009-01-27,2.1,4.2,-1.2,-3.9,-1.6,66,0.0,0.0,0.0,0.0,9.02,13.7
2009-01-28,4.1,5.2,3.3,-1.5,0.7,77,0.0,0.0,0.0,0.0,8.96,13.6
2009-01-29,3.2,4.6,2.1,-0.3,0.9,91,0.0,0.0,0.0,0.0,4.56,6.6
2009-01-30,2.0,4.8,-0.0,-2.7,0.5,73,0.0,0.0,0.0,0.0,5.38,7.5
2009-01-31,1.4,4.1,-0.8,-2.4,1.4,77,0.0,0.0,0.0,0.0,3.81,5.5
2009-02-01,2.0,2.6,1.4,-1.2,-0.7,95,0.0,0.0,0.0,0.0,3.05,4.8
2009-02-02,0.5,2.2,-2.7,-5.0,-1.7,71,0.0,0.0,0.0,0.0,8.47,12.6
2009-02-03,-2.0,0.8,-4.4,-7.6,-4.4,52,0.0,0.0,0.0,0.0,8.32,12.0
2009-02-04,2.0,4.2,-1.1,-2.1,0.1,77,0.0,0.0,0.0,0.0,4.34,6.6
2009-02-05,1.6,3.4,-0.4,-3.8,-0.2,68,0.0,0.0,0.0,0.0,6.9,10.8
2009-02-06,1.7,4.2,-1.3,-2.5,-0.2,69,0.0,0.0,0.0,0.0,4.39,6.2
2009-02-07,3.0,5.2,0.6,-2.0,-0.3,65,0.0,0.0,0.0,0.0,6.68,9.5
2009-02-08,2.4,4.6,-0.4,-1.7,0.4,66,0.0,0.0,0.0,0.0,4.58,7.0
2009-02-09,3.0,4.5,1.5,-1.9,-0.8,86,0.0,0.0,0.0,0.0,7.22,10.1
2009-02-10,4.2,5.6,1.7,-0.6,0.8,81,0.0,0.0,0.0,0.0,6.82,9.2
2009-02-11,3.6,6.1,1.4,-0.9,2.7,70,0.0,0.0,0.0,0.0,7.46,12.4
2009-02-12,5.4,6.5,4.4,-0.1,3.0,85,6.5,6.5,0.0,10.0,9.89,13.4
2009-02-13,-0.4,5.9,-2.9,-8.7,3.3,78,10.3,10.3,0.0,7.0,15.21,23.0
2009-02-14,-0.8,0.8,-2.9,-6.4,-4.2,57,0.0,0.0,0.0,0.0,7.27,10.8
2009-02-15,-4.2,-1.4,-5.7,-10.8,-7.8,42,0.0,0.0,0.0,0.0,8.7,13.1
2009-02-16,-6.1,-4.5,-7.3,-12.8,-9.9,44,0.0,0.0,0.0,0.0,7.3,11.7
2009-02-17,-5.6,-3.6,-7.8,-10.9,-7.8,48,0.1,0.0,0.14,1.0,5.87,9.2
2009-02-18,-2.8,-1.2,-4.1,-7.8,-5.8,63,1.4,0.0,1.05,9.0,5.29,8.4
2009-02-19,0.7,2.0,-1.4,-5.1,-3.2,82,3.3,1.7,1.19,13.0,8.54,12.0
2009-02-20,-4.0,0.7,-5.5,-11.2,-6.0,53,0.0,0.0,0.0,0.0,11.25,17.3
2009-02-21,1.7,4.4,-3.4,-4.9,-1.5,70,0.0,0.0,0.0,0.0,10.18,14.8
2009-02-22,-1.8,3.3,-4.3,-9.1,-1.3,52,0.0,0.0,0.0,0.0,10.43,15.2
2009-02-23,-1.5,1.3,-4.1,-6.0,-3.0,50,0.0,0.0,0.0,0.0,4.37,7.6
2009-02-24,1.4,2.6,-1.9,-4.0,-0.3,72,0.0,0.0,0.0,0.0,9.87,14.3
2009-02-25,-2.1,-0.7,-3.8,-8.8,-6.6,40,0.0,0.0,0.0,0.0,8.73,12.8
2009-02-26,0.6,2.7,-1.1,-4.1,-1.8,63,0.0,0.0,0.0,0.0,4.24,6.7
2009-02-27,1.5,3.7,-0.3,-3.1,0.1,67,0.0,0.0,0.0,0.0,5.63,7.9
2009-02-28,0.6,3.4,-1.7,-3.7,-0.5,61,0.0,0.0,0.0,0.0,4.33,6.4
2009-03-01,-0.8,0.8,-2.9,-7.7,-3.2,55,0.0,0.0,0.0,0.0,10.1,15.1
2009-03-02,-1.0,1.2,-3.6,-6.2,-2.6,45,0.0,0.0,0.0,0.0,5.01,7.7
2009-03-03,2.1,3.9,0.4,-2.8,-0.8,72,0.0,0.0,0.0,0.0,6.76,10.0
2009-03-04,3.9,5.3,2.6,0.0,2.4,83,0.0,0.0,0.0,0.0,6.03,7.9
2009-03-05,3.6,4.5,2.8,-1.9,-0.7,83,4.4,4.4,0.0,10.0,10.64,16.0
2009-03-06,1.4,2.8,-0.2,-5.7,-4.2,50,0.0,0.0,0.0,0.0,9.33,14.8
2009-03-07,4.2,5.9,2.3,-1.4,1.8,67,0.0,0.0,0.0,0.0,8.88,12.7
2009-03-08,4.8,5.7,3.8,-0.2,2.1,76,0.0,0.0,0.0,0.0,8.73,11.9
2009-03-09,2.3,3.8,1.0,-3.4,-0.4,55,0.0,0.0,0.0,0.0,8.86,12.2
2009-03-10,1.7,4.3,-0.6,-2.1,1.6,63,0.0,0.0,0.0,0.0,3.3,4.7
2009-03-11,3.4,5.6,1.1,-0.7,2.5,72,0.0,0.0,0.0,0.0,6.65,9.1
2009-03-12,3.9,4.6,3.2,-0.6,0.9,80,0.4,0.4,0.0,3.0,6.91,9.2
2009-03-13,0.1,3.3,-1.3,-7.6,0.3,48,0.0,0.0,0.0,0.0,11.3,17.2
2009-03-14,2.7,5.1,-0.2,-3.1,-1.2,56,0.0,0.0,0.0,0.0,8.26,11.3
2009-03-15,5.6,7.0,4.8,0.5,3.2,71,0.0,0.0,0.0,0.0,8.56,11.6
2009-03-16,5.2,6.9,3.7,1.5,4.7,80,0.0,0.0,0.0,0.0,7.12,10.4
2009-03-17,9.2,11.0,7.2,4.1,7.2,70,0.0,0.0,0.0,0.0,8.34,11.5
2009-03-18,8.4,10.3,5.9,4.9,8.9,82,0.0,0.0,0.0,0.0,7.47,10.4
2009-03-19,4.4,6.4,1.6,-2.3,0.6,66,0.1,0.1,0.0,1.0,11.61,16.1
2009-03-20,4.3,6.5,1.9,0.4,3.7,71,0.0,0.0,0.0,0.0,7.1,9.9
2009-03-21,6.4,7.4,5.4,2.0,4.3,91,7.8,7.8,0.0,8.0,8.71,13.0
2009-03-22,3.4,6.2,1.6,-4.7,0.4,59,0.0,0.0,0.0,0.0,13.13,20.4
2009-03-23,2.7,4.7,0.9,-1.7,1.3,51,0.0,0.0,0.0,0.0,4.85,7.2
2009-03-24,1.0,2.4,-0.3,-4.1,-1.5,57,1.9,0.0,1.47,7.0,6.91,11.6
2009-03-25,4.1,6.4,0.6,-2.2,2.2,64,0.0,0.0,0.0,0.0,9.87,14.3
2009-03-26,4.0,5.8,2.2,-0.3,1.1,60,0.0,0.0,0.0,0.0,6.31,9.2
2009-03-27,3.9,6.0,2.3,0.2,4.6,60,0.0,0.0,0.0,0.0,4.24,6.6
2009-03-28,2.5,3.1,1.7,-3.1,-1.2,58,0.2,0.0,0.21,2.0,7.24,12.3
2009-03-29,3.3,5.1,1.5,-1.0,1.6,54,0.0,0.0,0.0,0.0,4.48,7.3
2009-03-30,4.1,6.4,2.1,-0.3,3.9,61,0.0,0.0,0.0,0.0,5.82,8.0
2009-03-31,4.0,5.7,2.6,-1.0,1.4,66,0.0,0.0,0.0,0.0,6.06,8.9
2009-04-01,4.6,6.6,3.0,0.1,2.8,66,0.0,0.0,0.0,0.0,5.48,7.8
2009-04-02,6.4,8.4,4.7,2.1,5.3,65,0.0,0.0,0.0,0.0,5.67,7.9
2009-04-03,6.6,8.2,5.7,3.0,7.0,75,0.0,0.0,0.0,0.0,5.61,7.6
2009-04-04,7.1,9.0,5.3,3.7,7.2,74,0.0,0.0,0.0,0.0,5.46,7.6
2009-04-05,7.7,10.4,5.6,4.0,8.0,69,0.0,0.0,0.0,0.0,5.08,6.9
2009-04-06,9.5,12.4,6.5,5.7,8.7,61,0.0,0.0,0.0,0.0,6.4,8.8
2009-04-07,8.9,11.5,6.8,6.2,10.6,69,0.0,0.0,0.0,0.0,3.77,5.4
2009-04-08,10.4,15.2,7.2,8.6,15.8,71,0.0,0.0,0.0,0.0,4.08,4.5
2009-04-09,11.8,14.4,9.4,8.6,12.6,65,0.0,0.0,0.0,0.0,5.17,7.0
2009-04-10,12.1,14.6,10.2,8.7,13.0,60,0.0,0.0,0.0,0.0,6.45,8.9
2009-04-11,10.5,11.6,9.3,7.4,9.9,74,0.3,0.3,0.0,2.0,6.31,9.2
2009-04-12,10.2,12.2,9.1,8.3,12.0,87,0.0,0.0,0.0,0.0,4.25,5.9
2009-04-13,10.8,12.5,9.1,7.9,10.9,81,0.8,0.8,0.0,5.0,7.43,9.5
2009-04-14,9.2,12.0,7.3,6.1,10.4,68,0.0,0.0,0.0,0.0,5.64,7.1
2009-04-15,6.4,8.6,2.6,0.3,6.0,59,7.9,6.3,1.12,11.0,12.3,17.8
2009-04-16,7.0,9.1,4.5,3.1,5.9,59,0.0,0.0,0.0,0.0,5.41,8.0
2009-04-17,8.8,10.4,6.9,4.3,6.4,64,0.0,0.0,0.0,0.0,8.32,11.7
2009-04-18,9.8,10.7,8.7,6.2,8.8,68,0.0,0.0,0.0,0.0,8.25,11.3
2009-04-19,8.8,9.9,7.5,5.0,6.6,81,16.3,16.3,0.0,7.0,8.01,12.7
2009-04-20,8.2,8.9,7.5,4.2,5.3,94,48.5,48.5,0.0,23.0,8.0,12.9
2009-04-21,9.5,11.2,7.8,4.3,6.7,72,0.0,0.0,0.0,0.0,9.9,14.3
2009-04-22,8.6,10.5,6.9,5.2,8.1,74,0.0,0.0,0.0,0.0,6.99,10.5
2009-04-23,8.5,9.2,7.7,5.2,6.3,78,0.0,0.0,0.0,0.0,5.82,8.7
2009-04-24,8.4,9.2,7.3,3.6,5.8,84,10.2,10.2,0.0,5.0,10.51,14.9
2009-04-25,8.4,9.4,7.2,1.6,4.3,74,0.0,0.0,0.0,0.0,13.62,20.7
2009-04-26,9.4,10.7,7.9,4.4,6.5,69,0.0,0.0,0.0,0.0,8.73,12.9
2009-04-27,10.7,12.8,9.0,7.5,11.5,68,0.0,0.0,0.0,0.0,6.49,8.8
2009-04-28,11.6,15.8,9.0,9.4,16.3,70,0.0,0.0,0.0,0.0,6.11,7.9
2009-04-29,11.8,13.1,9.9,7.7,9.6,68,0.0,0.0,0.0,0.0,9.53,12.6
2009-04-30,12.5,13.0,11.8,8.5,10.9,74,0.0,0.0,0.0,0.0,8.66,12.1
2009-05-01,12.1,13.7,10.8,8.7,10.5,86,7.8,7.8,0.0,7.0,8.55,12.7
2009-05-02,10.9,12.2,9.6,8.9,11.9,96,4.3,4.3,0.0,3.0,6.19,11.6
2009-05-03,13.9,15.4,10.2,10.5,13.8,69,0.0,0.0,0.0,0.0,7.14,9.9
2009-05-04,14.5,16.1,13.1,12.0,15.8,70,0.0,0.0,0.0,0.0,7.45,10.8
2009-05-05,15.2,17.0,13.2,12.6,16.1,63,0.0,0.0,0.0,0.0,6.76,9.0
2009-05-06,15.2,17.4,12.8,12.7,16.9,67,0.0,0.0,0.0,0.0,6.87,8.9
2009-05-07,16.3,18.0,14.5,13.2,15.7,62,0.0,0.0,0.0,0.0,8.01,11.0
2009-05-08,15.6,17.6,13.8,14.4,17.7,72,0.0,0.0,0.0,0.0,8.6,10.7
2009-05-09,14.4,17.4,11.8,11.2,13.3,78,23.1,23.1,0.0,15.0,8.51,11.6
2009-05-10,12.1,12.7,11.8,10.0,10.8,93,53.4,53.4,0.0,22.0,5.19,10.6
2009-05-11,13.7,15.6,12.1,13.2,15.8,93,0.8,0.8,0.0,5.0,4.27,5.7
2009-05-12,14.7,17.6,12.6,12.0,14.0,69,0.0,0.0,0.0,0.0,8.21,10.9
2009-05-13,14.8,17.1,11.5,11.6,14.6,62,0.0,0.0,0.0,0.0,7.14,9.8
2009-05-14,15.6,17.3,14.3,13.1,16.1,74,0.0,0.0,0.0,0.0,8.32,11.3
2009-05-15,13.5,14.2,12.6,11.6,13.1,83,0.1,0.1,0.0,1.0,6.83,11.2
2009-05-16,12.3,12.8,11.7,10.9,12.3,90,0.0,0.0,0.0,0.0,5.52,7.4
2009-05-17,14.8,17.0,11.8,11.0,12.9,66,1.4,1.4,0.0,3.0,9.71,14.2
2009-05-18,16.6,17.9,15.4,13.1,15.8,65,0.0,0.0,0.0,0.0,10.02,14.3
2009-05-19,16.9,18.4,15.4,15.2,18.4,73,0.0,0.0,0.0,0.0,8.18,11.2
2009-05-20,16.5,17.5,15.2,14.0,15.4,75,0.0,0.0,0.0,0.0,7.96,11.1
2009-05-21,15.5,17.6,14.4,12.8,16.6,77,0.0,0.0,0.0,0.0,10.35,13.3
2009-05-22,14.5,15.3,13.6,11.7,12.9,78,0.3,0.3,0.0,2.0,7.38,10.5
2009-05-23,15.1,18.6,12.9,14.5,20.9,84,0.0,0.0,0.0,0.0,6.48,9.0
2009-05-24,15.7,17.1,13.5,15.0,17.4,79,0.0,0.0,0.0,0.0,5.58,7.6
2009-05-25,16.2,17.1,15.3,15.0,16.7,80,0.0,0.0,0.0,0.0,5.91,8.0
2009-05-26,17.8,20.0,15.1,18.8,23.1,81,0.0,0.0,0.0,0.0,3.18,4.4
2009-05-27,18.0,20.3,15.7,18.7,22.1,79,0.0,0.0,0.0,0.0,3.64,5.4
2009-05-28,18.2,21.8,15.8,18.8,22.6,79,0.0,0.0,0.0,0.0,3.44,5.4
2009-05-29,18.8,20.3,17.5,18.1,20.7,72,0.0,0.0,0.0,0.0,6.79,6.9
2009-05-30,18.7,21.0,16.6,17.0,20.3,63,0.0,0.0,0.0,0.0,7.19,8.8
2009-05-31,18.7,21.3,15.7,16.7,20.6,59,0.0,0.0,0.0,0.0,7.13,11.1
2009-06-01,20.3,22.1,18.5,18.3,21.6,59,0.0,0.0,0.0,0.0,7.66,11.3
2009-06-02,18.4,19.5,16.4,17.9,20.0,78,0.0,0.0,0.0,0.0,8.6,14.9
2009-06-03,18.2,20.8,15.4,17.4,20.9,69,0.0,0.0,0.0,0.0,4.92,6.7
2009-06-04,18.8,20.4,16.3,17.9,20.9,71,0.0,0.0,0.0,0.0,5.93,8.3
2009-06-05,17.4,18.7,16.2,17.4,19.7,86,1.4,1.4,0.0,4.0,6.76,14.3
2009-06-06,17.2,18.5,15.8,17.5,19.8,85,0.0,0.0,0.0,0.0,5.64,7.3
2009-06-07,17.9,19.1,16.4,18.3,20.5,91,0.0,0.0,0.0,0.0,5.73,7.9
2009-06-08,18.1,18.8,17.5,16.6,18.1,90,4.3,4.3,0.0,3.0,9.49,12.1
2009-06-09,18.0,19.2,17.1,17.2,20.0,93,20.2,20.2,0.0,10.0,10.03,14.3
2009-06-10,19.2,21.1,17.3,18.4,20.6,74,0.0,0.0,0.0,0.0,6.54,10.3
2009-06-11,18.1,19.2,15.8,17.1,19.7,70,0.0,0.0,0.0,0.0,7.16,10.2
2009-06-12,18.2,20.1,16.0,17.2,19.8,76,0.0,0.0,0.0,0.0,5.82,8.3
2009-06-13,19.3,20.6,17.5,18.8,20.6,78,0.0,0.0,0.0,0.0,6.2,8.9
2009-06-14,20.3,22.7,18.2,21.3,24.9,79,0.0,0.0,0.0,0.0,3.83,5.6
2009-06-15,20.1,21.5,18.7,21.7,24.6,82,0.0,0.0,0.0,0.0,4.79,7.2
2009-06-16,19.9,20.8,19.0,21.1,23.7,90,0.6,0.6,0.0,1.0,7.72,9.3
2009-06-17,20.4,21.2,20.0,21.4,22.8,92,6.1,6.1,0.0,3.0,7.4,9.1
2009-06-18,20.4,21.0,19.7,20.9,22.2,92,0.0,0.0,0.0,0.0,8.3,11.8
2009-06-19,20.6,21.3,20.2,19.6,20.3,93,49.0,49.0,0.0,19.0,10.13,18.8
2009-06-20,21.3,23.5,20.0,23.3,27.8,87,0.4,0.4,0.0,2.0,5.88,9.5
2009-06-21,22.1,23.7,20.1,22.2,24.2,76,0.0,0.0,0.0,0.0,8.39,10.0
2009-06-22,21.5,23.8,20.0,23.1,28.2,80,0.0,0.0,0.0,0.0,5.55,10.0
2009-06-23,22.3,23.9,20.6,22.4,25.4,71,0.0,0.0,0.0,0.0,6.31,8.5
2009-06-24,23.3,25.3,20.8,23.9,28.2,74,0.0,0.0,0.0,0.0,9.3,13.3
2009-06-25,23.4,24.6,22.2,25.4,29.7,82,0.0,0.0,0.0,0.0,9.29,13.7
2009-06-26,24.3,25.4,23.0,25.7,28.7,78,0.0,0.0,0.0,0.0,8.63,11.8
2009-06-27,21.9,22.8,21.0,22.4,24.7,90,0.0,0.0,0.0,0.0,8.63,11.8
2009-06-28,21.7,23.2,20.5,23.4,26.9,92,3.0,3.0,0.0,4.0,7.86,11.9
2009-06-29,22.4,23.7,21.1,24.6,26.5,92,0.0,0.0,0.0,0.0,6.17,8.9
2009-06-30,22.5,24.8,21.3,24.7,28.1,83,0.0,0.0,0.0,0.0,5.9,8.8
2009-07-01,22.0,23.4,21.0,22.9,26.3,77,0.0,0.0,0.0,0.0,6.0,8.5
2009-07-02,22.0,23.5,20.3,22.8,24.7,81,0.0,0.0,0.0,0.0,6.18,9.4
2009-07-03,23.2,25.2,21.4,26.1,30.0,85,0.0,0.0,0.0,0.0,4.62,6.0
2009-07-04,23.0,23.7,21.8,25.3,27.3,85,0.0,0.0,0.0,0.0,6.1,8.6
2009-07-05,23.6,24.3,22.7,24.7,26.0,82,0.5,0.5,0.0,2.0,7.18,10.1
2009-07-06,22.7,23.5,22.1,24.0,25.5,88,0.0,0.0,0.0,0.0,6.94,10.5
2009-07-07,22.8,24.1,21.4,26.0,28.6,91,0.0,0.0,0.0,0.0,4.49,6.8
2009-07-08,22.8,23.8,22.0,24.9,26.7,88,2.7,2.7,0.0,6.0,6.01,8.0
2009-07-09,22.1,24.9,19.4,22.2,28.6,77,18.9,18.9,0.0,8.0,7.67,12.1
2009-07-10,23.3,24.9,21.5,25.1,27.6,84,0.0,0.0,0.0,0.0,6.5,9.2
2009-07-11,22.3,22.8,21.4,23.6,24.9,87,0.0,0.0,0.0,0.0,7.65,10.6
2009-07-12,21.9,24.4,20.3,22.4,28.6,81,0.0,0.0,0.0,0.0,9.06,13.8
2009-07-13,22.2,22.9,21.1,23.0,23.9,89,9.7,9.7,0.0,4.0,7.24,11.4
2009-07-14,22.4,23.9,20.6,22.5,24.7,87,52.3,52.3,0.0,8.0,14.21,25.4
2009-07-15,23.7,25.8,22.1,26.5,32.1,88,0.0,0.0,0.0,0.0,5.82,7.9
2009-07-16,23.2,24.0,22.1,25.3,26.7,86,0.0,0.0,0.0,0.0,5.5,7.9
2009-07-17,21.7,23.0,20.3,23.1,27.4,92,67.6,67.6,0.0,19.0,7.52,12.6
2009-07-18,23.0,25.2,21.2,24.5,27.0,87,21.0,21.0,0.0,12.0,7.26,10.3
2009-07-19,24.0,26.2,21.9,27.6,32.6,87,0.0,0.0,0.0,0.0,5.2,7.0
2009-07-20,23.0,23.7,22.3,25.1,26.2,86,0.0,0.0,0.0,0.0,6.76,9.0
2009-07-21,24.4,26.7,22.5,26.8,29.6,82,0.0,0.0,0.0,0.0,5.41,8.3
2009-07-22,23.9,25.2,22.1,26.1,28.6,79,0.3,0.3,0.0,1.0,7.84,11.6
2009-07-23,23.1,24.2,22.2,25.9,28.0,90,47.8,47.8,0.0,14.0,6.81,10.6
2009-07-24,22.8,23.7,22.1,25.4,26.1,92,0.0,0.0,0.0,0.0,5.18,6.7
2009-07-25,22.9,23.8,22.0,26.1,27.9,86,6.0,6.0,0.0,10.0,3.0,5.2
2009-07-26,23.2,24.5,21.9,26.6,28.4,85,0.5,0.5,0.0,4.0,2.9,5.2
2009-07-27,23.2,24.0,22.1,26.2,27.2,89,0.0,0.0,0.0,0.0,4.37,6.4
2009-07-28,23.8,24.6,22.8,26.7,28.1,85,0.0,0.0,0.0,0.0,4.33,6.7
2009-07-29,24.7,26.2,23.2,28.4,31.0,83,0.0,0.0,0.0,0.0,4.5,6.6
2009-07-30,25.3,27.1,23.8,29.1,31.6,85,0.1,0.1,0.0,1.0,4.13,5.5
2009-07-31,25.0,26.3,23.6,29.3,31.7,86,0.0,0.0,0.0,0.0,3.71,5.9
2009-08-01,25.1,26.7,23.2,29.3,32.4,86,0.0,0.0,0.0,0.0,3.42,5.2
2009-08-02,25.1,26.1,24.3,29.2,30.3,88,0.0,0.0,0.0,0.0,3.81,5.8
2009-08-03,25.4,26.7,24.2,30.6,32.9,90,0.0,0.0,0.0,0.0,2.28,4.4
2009-08-04,25.5,26.8,24.4,30.2,31.5,87,0.0,0.0,0.0,0.0,3.28,5.0
2009-08-05,25.6,26.9,24.6,30.1,31.3,86,0.0,0.0,0.0,0.0,3.61,6.2
2009-08-06,25.7,27.7,24.9,29.9,31.5,84,0.4,0.4,0.0,3.0,4.71,7.2
2009-08-07,25.6,27.0,24.5,29.8,32.5,83,0.0,0.0,0.0,0.0,3.75,5.6
2009-08-08,25.6,27.0,24.3,30.0,32.4,84,0.0,0.0,0.0,0.0,2.86,5.5
2009-08-09,26.2,27.6,24.9,30.9,32.4,84,0.0,0.0,0.0,0.0,3.47,6.0
2009-08-10,26.7,28.1,25.7,32.0,34.4,87,0.1,0.1,0.0,1.0,4.02,5.6
2009-08-11,26.1,27.3,25.0,30.6,31.4,88,0.4,0.4,0.0,2.0,4.94,8.2
2009-08-12,26.4,28.9,24.0,31.1,35.2,84,0.0,0.0,0.0,0.0,3.79,6.9
2009-08-13,27.4,29.8,25.4,31.9,35.0,80,0.0,0.0,0.0,0.0,4.84,6.2
2009-08-14,27.8,29.3,26.3,31.5,34.0,79,0.0,0.0,0.0,0.0,5.53,7.9
2009-08-15,27.5,29.5,26.1,32.5,36.6,83,0.0,0.0,0.0,0.0,4.74,6.7
2009-08-16,26.8,28.1,25.6,31.5,33.6,86,0.0,0.0,0.0,0.0,4.46,6.5
2009-08-17,26.5,27.7,24.9,30.1,31.5,81,10.2,10.2,0.0,6.0,5.08,7.4
2009-08-18,25.9,26.8,24.7,29.5,31.3,87,11.1,11.1,0.0,10.0,5.98,8.9
2009-08-19,26.4,27.6,25.4,29.7,31.2,89,10.2,10.2,0.0,15.0,7.27,11.4
2009-08-20,25.9,27.9,24.7,27.3,29.2,71,0.0,0.0,0.0,0.0,7.47,10.7
2009-08-21,25.9,27.7,24.8,28.1,30.2,70,0.1,0.1,0.0,1.0,5.08,6.8
2009-08-22,24.3,25.4,22.7,24.4,27.3,74,0.0,0.0,0.0,0.0,8.78,12.8
2009-08-23,24.5,26.4,22.7,26.0,28.9,80,0.0,0.0,0.0,0.0,6.51,9.3
2009-08-24,24.1,25.7,22.2,26.0,29.5,69,0.0,0.0,0.0,0.0,5.1,7.3
2009-08-25,24.4,25.1,23.4,27.0,28.3,83,2.8,2.8,0.0,4.0,4.95,7.2
2009-08-26,23.5,24.5,21.9,25.7,28.9,90,66.3,66.3,0.0,21.0,9.77,14.0
2009-08-27,23.6,25.7,22.1,25.7,28.8,81,0.0,0.0,0.0,0.0,6.06,11.6
2009-08-28,21.4,24.0,19.3,18.5,26.0,61,0.0,0.0,0.0,0.0,10.11,16.0
2009-08-29,20.4,22.6,18.5,18.5,21.4,49,0.0,0.0,0.0,0.0,5.3,7.7
2009-08-30,20.6,23.2,17.8,20.0,23.8,54,0.0,0.0,0.0,0.0,3.35,5.3
2009-08-31,21.8,23.2,19.8,22.0,24.7,63,0.0,0.0,0.0,0.0,4.65,6.3
2009-09-01,22.6,23.5,21.2,23.9,25.4,80,0.0,0.0,0.0,0.0,4.87,7.2
2009-09-02,23.3,24.4,22.2,25.7,27.7,86,0.0,0.0,0.0,0.0,4.49,6.3
2009-09-03,23.3,24.3,22.2,25.7,26.9,86,0.1,0.1,0.0,1.0,5.0,6.9
2009-09-04,22.5,23.4,21.1,23.8,25.7,83,6.0,6.0,0.0,18.0,6.45,9.5
2009-09-05,22.5,23.3,21.4,23.7,25.9,87,33.4,33.4,0.0,20.0,7.47,10.5
2009-09-06,18.7,21.0,17.9,15.3,21.0,66,4.6,4.6,0.0,5.0,9.6,14.3
2009-09-07,19.1,20.7,17.9,15.5,17.2,53,0.0,0.0,0.0,0.0,7.72,11.1
2009-09-08,19.7,21.0,18.6,17.2,18.4,61,0.0,0.0,0.0,0.0,7.13,10.3
2009-09-09,21.1,23.5,19.0,20.9,23.3,69,0.0,0.0,0.0,0.0,5.19,8.1
2009-09-10,21.3,22.7,19.4,22.2,23.4,77,0.0,0.0,0.0,0.0,4.43,5.8
2009-09-11,21.2,22.6,19.8,21.5,22.7,81,0.0,0.0,0.0,0.0,6.67,9.9
2009-09-12,20.4,22.0,18.8,18.0,20.2,66,0.0,0.0,0.0,0.0,9.44,13.2
2009-09-13,21.3,23.4,19.5,21.8,24.3,75,0.0,0.0,0.0,0.0,5.02,7.5
2009-09-14,21.2,21.9,20.3,20.4,21.3,77,0.0,0.0,0.0,0.0,7.54,10.6
2009-09-15,21.2,23.5,19.7,23.2,27.3,87,0.0,0.0,0.0,0.0,5.24,7.9
2009-09-16,20.8,22.2,19.2,22.5,24.6,91,0.0,0.0,0.0,0.0,5.38,7.9
2009-09-17,22.0,23.7,20.9,24.0,26.3,85,0.0,0.0,0.0,0.0,5.39,8.0
2009-09-18,20.7,21.6,19.6,21.1,23.3,74,0.0,0.0,0.0,0.0,6.74,10.4
2009-09-19,21.0,22.3,19.5,22.4,23.5,77,0.0,0.0,0.0,0.0,4.18,6.2
2009-09-20,20.1,21.3,18.1,20.5,22.8,85,5.2,5.2,0.0,11.0,6.94,11.1
2009-09-21,19.3,21.1,17.4,17.2,19.2,62,0.0,0.0,0.0,0.0,7.1,10.2
2009-09-22,20.2,22.0,18.2,19.2,22.0,65,0.0,0.0,0.0,0.0,6.36,9.0
2009-09-23,20.9,22.4,19.9,20.5,22.9,73,0.0,0.0,0.0,0.0,6.8,9.5
2009-09-24,20.8,21.7,20.1,21.7,22.8,85,0.0,0.0,0.0,0.0,4.96,7.2
2009-09-25,20.9,22.3,20.1,23.1,24.7,89,2.4,2.4,0.0,6.0,4.18,6.2
2009-09-26,20.3,22.0,19.0,23.3,25.1,92,0.0,0.0,0.0,0.0,1.39,3.5
2009-09-27,20.3,21.6,19.2,22.4,23.3,88,0.0,0.0,0.0,0.0,2.63,5.3
2009-09-28,20.3,22.8,18.3,20.7,23.1,78,0.0,0.0,0.0,0.0,5.0,6.9
2009-09-29,20.0,21.8,18.6,20.0,22.9,68,0.0,0.0,0.0,0.0,4.11,6.0
2009-09-30,20.2,21.7,18.4,20.8,23.3,82,0.0,0.0,0.0,0.0,5.67,7.3
2009-10-01,20.8,22.4,18.8,20.9,22.8,82,0.0,0.0,0.0,0.0,5.92,8.8
2009-10-02,18.9,20.5,17.6,17.0,18.5,58,0.0,0.0,0.0,0.0,5.83,8.8
2009-10-03,17.7,19.3,16.1,15.3,18.1,54,0.3,0.3,0.0,1.0,6.66,10.4
2009-10-04,17.8,19.0,16.5,15.6,17.1,54,0.4,0.4,0.0,3.0,4.83,8.5
2009-10-05,18.2,20.2,15.7,16.1,18.5,60,0.0,0.0,0.0,0.0,5.14,7.9
2009-10-06,18.8,20.6,16.5,17.6,20.1,68,0.0,0.0,0.0,0.0,7.15,10.3
2009-10-07,16.6,18.9,14.8,13.0,15.3,51,0.0,0.0,0.0,0.0,6.48,10.1
2009-10-08,16.8,19.0,15.0,14.8,19.0,64,0.0,0.0,0.0,0.0,6.68,9.7
2009-10-09,16.3,18.0,15.0,12.5,14.1,54,0.0,0.0,0.0,0.0,7.55,11.2
2009-10-10,16.8,18.9,15.1,13.1,14.9,46,0.0,0.0,0.0,0.0,6.22,9.4
2009-10-11,16.8,19.2,15.0,13.7,16.4,50,0.0,0.0,0.0,0.0,5.14,7.9
2009-10-12,17.4,19.8,14.6,15.4,16.8,64,0.0,0.0,0.0,0.0,6.24,10.1
2009-10-13,17.2,18.3,14.5,15.4,17.4,72,1.1,1.1,0.0,3.0,5.87,9.4
2009-10-14,17.6,20.4,15.7,16.0,18.4,61,0.0,0.0,0.0,0.0,4.64,5.9
2009-10-15,18.2,20.4,16.4,17.0,18.8,74,0.0,0.0,0.0,0.0,5.86,9.0
2009-10-16,18.1,19.4,16.6,14.8,16.6,65,0.1,0.1,0.0,1.0,8.86,13.4
2009-10-17,14.9,16.6,13.8,9.9,12.8,51,0.0,0.0,0.0,0.0,9.93,13.5
2009-10-18,17.0,19.6,14.0,13.3,15.7,63,0.2,0.2,0.0,1.0,13.88,19.7
2009-10-19,11.1,12.8,10.2,4.3,7.2,49,0.0,0.0,0.0,0.0,12.76,19.9
2009-10-20,14.0,17.8,10.7,10.0,13.1,54,0.0,0.0,0.0,0.0,10.09,15.7
2009-10-21,12.8,15.5,9.9,9.5,12.2,62,0.0,0.0,0.0,0.0,6.91,10.7
2009-10-22,16.1,17.7,13.4,14.7,17.8,86,0.5,0.5,0.0,2.0,7.36,10.8
2009-10-23,14.7,16.0,12.9,12.9,14.6,85,0.0,0.0,0.0,0.0,5.38,8.5
2009-10-24,16.1,17.0,15.1,14.0,14.7,85,0.0,0.0,0.0,0.0,7.27,10.7
2009-10-25,17.0,18.3,16.2,16.0,18.1,86,0.0,0.0,0.0,0.0,6.89,9.9
2009-10-26,15.6,17.4,11.9,13.3,16.5,79,0.0,0.0,0.0,0.0,7.92,11.1
2009-10-27,12.6,15.8,9.9,9.2,12.4,61,0.0,0.0,0.0,0.0,7.45,11.1
2009-10-28,17.3,18.5,16.1,15.3,17.8,82,0.0,0.0,0.0,0.0,8.42,11.6
2009-10-29,17.0,18.8,14.7,16.1,18.0,85,0.0,0.0,0.0,0.0,7.47,10.8
2009-10-30,13.4,14.7,12.1,9.4,12.8,63,0.4,0.4,0.0,2.0,7.8,13.3
2009-10-31,6.9,11.4,4.1,-0.4,7.4,79,23.2,23.2,0.0,12.0,12.82,20.1
2009-11-01,3.3,4.7,1.2,-5.2,-3.6,58,0.0,0.0,0.0,0.0,12.41,18.8
2009-11-02,1.9,5.6,-0.5,-5.9,-1.2,59,0.0,0.0,0.07,0.0,11.91,18.5
2009-11-03,9.0,11.2,6.0,2.3,4.7,58,0.0,0.0,0.0,0.0,10.42,15.6
2009-11-04,11.6,12.5,10.8,6.7,8.4,66,0.0,0.0,0.0,0.0,8.84,13.2
2009-11-05,13.0,14.7,11.7,10.3,12.2,78,0.0,0.0,0.0,0.0,6.43,8.9
2009-11-06,13.7,15.0,12.3,11.2,12.5,82,0.0,0.0,0.0,0.0,6.62,9.4
2009-11-07,14.8,15.6,14.0,12.9,14.6,82,0.0,0.0,0.0,0.0,6.16,9.0
2009-11-08,11.4,14.6,6.7,7.1,14.5,74,0.0,0.0,0.0,0.0,11.12,15.9
2009-11-09,3.8,6.2,2.1,-4.5,-1.7,64,0.0,0.0,0.0,0.0,11.72,18.1
2009-11-10,1.7,2.8,0.7,-7.5,-6.2,60,0.0,0.0,0.0,0.0,12.81,19.7
2009-11-11,1.5,3.5,-0.4,-7.0,-4.1,53,0.0,0.0,0.0,0.0,12.5,19.2
2009-11-12,5.5,9.7,2.6,0.2,6.5,76,18.4,18.4,0.0,16.0,8.88,13.8
2009-11-13,3.1,4.2,1.6,-3.8,-1.0,82,3.3,3.3,0.0,5.0,10.57,16.1
2009-11-14,0.8,1.6,-0.2,-6.0,-5.2,70,0.2,0.2,0.0,1.0,9.32,14.4
2009-11-15,-0.3,0.6,-1.3,-7.0,-6.2,63,0.0,0.0,0.0,0.0,7.71,12.1
2009-11-16,-0.7,0.1,-1.8,-7.5,-5.7,59,0.0,0.0,0.0,0.0,7.5,11.7
2009-11-17,0.4,1.4,-0.3,-4.7,-3.5,56,0.0,0.0,0.0,0.0,6.75,10.5
2009-11-18,3.5,4.9,1.2,-2.6,-1.8,53,0.1,0.1,0.0,1.0,8.33,12.4
2009-11-19,1.2,4.0,-1.1,-4.4,-2.2,53,0.0,0.0,0.0,0.0,8.73,13.0
2009-11-20,3.4,5.7,1.0,-2.7,-1.0,56,0.0,0.0,0.0,0.0,8.59,13.7
2009-11-21,3.8,5.4,1.4,-2.1,-1.0,50,0.0,0.0,0.0,0.0,8.27,11.4
2009-11-22,6.3,7.1,5.4,0.6,2.3,65,0.0,0.0,0.0,0.0,8.07,11.4
2009-11-23,7.9,9.5,6.4,4.3,6.0,74,0.0,0.0,0.0,0.0,5.26,8.0
2009-11-24,9.3,10.6,6.8,6.1,8.6,89,0.0,0.0,0.0,0.0,7.13,9.9
2009-11-25,0.4,5.1,-1.2,-6.2,-0.7,80,0.0,0.0,0.0,0.0,11.04,17.0
2009-11-26,2.5,4.4,0.3,-1.6,0.6,74,0.0,0.0,0.0,0.0,8.21,12.3
2009-11-27,-1.4,0.7,-2.8,-9.7,-6.7,71,0.0,0.0,0.0,0.0,11.1,17.0
2009-11-28,-0.2,2.1,-2.9,-6.8,-3.4,66,0.0,0.0,0.0,0.0,9.23,14.3
2009-11-29,4.3,6.3,1.7,-0.0,1.5,76,0.0,0.0,0.0,0.0,6.57,10.2
2009-11-30,5.6,7.5,4.3,1.8,3.6,79,0.0,0.0,0.0,0.0,5.4,7.8
2009-12-01,4.4,6.2,2.6,1.0,3.6,76,0.0,0.0,0.0,0.0,4.11,5.6
2009-12-02,5.1,7.3,-0.8,0.5,4.2,85,1.8,1.8,0.0,7.0,10.71,16.4
2009-12-03,-0.8,2.1,-2.8,-7.3,-3.0,74,0.0,0.0,0.0,0.0,10.55,16.3
2009-12-04,4.4,7.0,-1.1,-1.8,0.8,76,4.3,3.9,0.35,8.0,15.15,22.3
2009-12-05,-1.0,2.0,-3.3,-8.7,-4.3,57,0.0,0.0,0.0,0.0,14.14,22.9
2009-12-06,0.6,3.7,-2.4,-4.2,-1.1,60,0.0,0.0,0.0,0.0,4.97,7.9
2009-12-07,5.3,7.4,3.3,0.5,2.5,68,0.0,0.0,0.0,0.0,6.48,9.7
2009-12-08,5.9,7.3,4.7,2.2,3.2,83,1.5,1.5,0.0,6.0,6.54,9.3
2009-12-09,5.1,6.3,3.6,1.9,3.8,81,0.0,0.0,0.0,0.0,3.71,5.5
2009-12-10,6.3,7.2,5.5,2.9,3.5,87,0.0,0.0,0.0,0.0,5.67,8.7
2009-12-11,4.6,7.5,-0.9,-0.7,4.5,79,1.1,1.1,0.0,4.0,10.51,16.1
2009-12-12,-1.6,-0.3,-3.4,-8.5,-6.5,53,0.0,0.0,0.0,0.0,10.12,15.9
2009-12-13,-0.1,1.3,-1.7,-5.9,-4.2,50,0.0,0.0,0.0,0.0,5.59,8.5
2009-12-14,-2.1,-0.9,-3.6,-8.0,-5.0,49,0.0,0.0,0.0,0.0,6.84,10.3
2009-12-15,-2.6,0.9,-4.7,-9.2,-3.3,51,0.0,0.0,0.0,0.0,9.85,14.7
2009-12-16,-4.4,-2.9,-5.8,-10.5,-9.0,52,0.0,0.0,0.0,0.0,6.72,10.2
2009-12-17,-6.8,-4.3,-8.2,-14.2,-9.4,61,0.0,0.0,0.07,0.0,9.17,14.5
2009-12-18,-6.7,-3.5,-8.5,-14.3,-10.7,64,0.0,0.0,0.0,0.0,8.88,14.1
2009-12-19,-3.1,-0.5,-5.5,-10.0,-7.3,57,0.0,0.0,0.0,0.0,7.88,13.7
2009-12-20,-2.0,-0.9,-3.3,-8.7,-7.1,49,0.0,0.0,0.0,0.0,8.3,13.4
2009-12-21,1.6,3.5,-2.7,-4.7,-2.4,55,0.0,0.0,0.0,0.0,9.17,13.3
2009-12-22,2.6,3.9,1.6,-2.2,-0.3,70,0.0,0.0,0.0,0.0,6.41,9.3
2009-12-23,0.3,2.0,-2.5,-4.6,-1.9,66,0.0,0.0,0.0,0.0,6.4,10.0
2009-12-24,3.9,5.4,2.0,-0.3,1.9,78,0.0,0.0,0.0,0.0,5.44,8.3
2009-12-25,-2.1,4.5,-6.5,-9.8,-0.1,62,0.0,0.0,0.0,0.0,10.29,16.2
2009-12-26,-8.4,-6.8,-10.4,-14.4,-12.2,55,0.0,0.0,0.0,0.0,8.01,12.5
2009-12-27,-5.7,-2.8,-8.6,-11.1,-7.8,66,0.8,0.0,0.63,6.0,7.26,11.1
2009-12-28,-2.8,1.2,-8.4,-9.1,-6.8,54,0.0,0.0,0.0,0.0,10.21,15.1
2009-12-29,-0.9,2.8,-8.5,-8.3,-3.3,75,0.0,0.0,0.0,0.0,11.09,16.9
2009-12-30,-9.6,-8.4,-10.7,-17.3,-15.8,72,0.0,0.0,0.0,0.0,10.08,16.0
2009-12-31,-7.2,-5.1,-10.3,-12.8,-10.4,57,0.0,0.0,0.0,0.0,5.26,9.8
