time,temperature_2m_mean,temperature_2m_max,temperature_2m_min,apparent_temperature_mean,apparent_temperature_max,relative_humidity_2m_mean,precipitation_sum,rain_sum,snowfall_sum,precipitation_hours,wind_speed_10m_max,wind_gusts_10m_max
2000-01-01,16.9,24.6,9.9,16.8,25.8,74,0.0,0.0,0.0,0.0,2.56,4.5
2000-01-02,19.1,26.4,13.1,18.9,25.7,68,0.0,0.0,0.0,0.0,3.81,9.2
2000-01-03,17.8,24.7,12.6,17.1,23.7,70,0.0,0.0,0.0,0.0,3.14,6.9
2000-01-04,18.9,24.4,13.8,18.9,24.0,75,0.0,0.0,0.0,0.0,4.11,8.4
2000-01-05,20.7,26.8,16.0,21.8,27.7,77,0.3,0.3,0.0,3.0,2.82,6.9
2000-01-06,20.5,25.1,17.1,22.0,27.0,80,0.2,0.2,0.0,2.0,5.0,9.4
2000-01-07,17.0,18.3,15.7,15.9,17.6,67,0.0,0.0,0.0,0.0,5.0,9.6
2000-01-08,17.7,20.6,14.8,17.4,19.8,75,0.0,0.0,0.0,0.0,4.14,8.6
2000-01-09,19.0,23.1,16.5,20.3,24.6,81,0.0,0.0,0.0,0.0,1.84,4.0
2000-01-10,20.3,25.4,16.1,21.1,25.9,78,0.0,0.0,0.0,0.0,4.7,9.5
2000-01-11,20.0,21.5,18.1,21.4,23.6,85,1.3,1.3,0.0,8.0,3.34,7.2
2000-01-12,20.2,23.0,17.4,21.0,25.3,78,0.8,0.8,0.0,6.0,4.34,9.6
2000-01-13,15.9,18.5,13.9,14.0,17.1,70,0.0,0.0,0.0,0.0,4.34,9.0
2000-01-14,14.7,16.8,12.8,13.7,16.0,81,0.8,0.8,0.0,3.0,3.27,6.5
2000-01-15,18.6,22.6,14.9,18.8,23.4,76,0.0,0.0,0.0,0.0,3.72,8.6
2000-01-16,15.0,18.9,12.7,13.3,20.4,77,0.2,0.2,0.0,2.0,4.81,9.9
2000-01-17,10.9,12.7,9.9,7.5,9.8,72,0.2,0.2,0.0,1.0,5.06,10.4
2000-01-18,10.8,13.1,9.1,7.0,9.7,63,0.0,0.0,0.0,0.0,4.96,10.9
2000-01-19,10.9,14.7,7.3,6.8,10.8,52,0.0,0.0,0.0,0.0,5.82,12.0
2000-01-20,11.9,18.0,6.9,8.7,15.4,51,0.0,0.0,0.0,0.0,3.72,8.3
2000-01-21,12.8,16.5,8.1,10.3,13.8,57,0.2,0.2,0.0,1.0,3.06,6.6
2000-01-22,16.4,19.7,13.9,15.7,18.6,68,3.1,3.1,0.0,7.0,2.6,9.6
2000-01-23,17.8,19.6,15.9,18.9,21.2,89,5.3,5.3,0.0,16.0,2.14,6.5
2000-01-24,17.5,18.8,13.0,17.5,20.6,90,10.1,10.1,0.0,22.0,6.43,12.4
2000-01-25,11.1,12.8,8.4,6.8,9.1,63,1.9,1.9,0.0,8.0,6.5,12.7
2000-01-26,8.4,10.8,6.5,3.0,5.4,52,0.0,0.0,0.0,0.0,6.75,13.5
2000-01-27,8.7,12.9,5.2,3.6,8.1,37,0.0,0.0,0.0,0.0,5.96,12.0
2000-01-28,9.8,14.8,5.2,6.1,11.7,42,0.0,0.0,0.0,0.0,3.4,7.6
2000-01-29,12.8,17.8,8.9,8.9,14.4,45,0.0,0.0,0.0,0.0,5.26,10.0
2000-01-30,12.0,16.0,8.7,7.3,12.1,47,0.0,0.0,0.0,0.0,6.37,12.3
2000-01-31,9.7,12.5,7.1,5.4,8.0,53,1.5,1.5,0.0,5.0,5.22,11.1
2000-02-01,8.8,12.9,6.0,4.9,8.8,64,2.2,2.2,0.0,6.0,4.9,10.7
2000-02-02,9.5,12.7,6.8,6.2,10.4,60,0.0,0.0,0.0,0.0,3.64,7.0
2000-02-03,13.0,15.6,9.6,10.7,14.4,66,0.0,0.0,0.0,0.0,3.35,7.5
2000-02-04,14.6,16.9,12.4,13.3,16.3,71,0.1,0.1,0.0,1.0,2.73,6.8
2000-02-05,15.6,19.0,12.5,13.5,16.9,68,0.0,0.0,0.0,0.0,5.1,10.9
2000-02-06,14.4,19.7,9.8,11.8,17.3,61,0.0,0.0,0.0,0.0,4.5,10.2
2000-02-07,14.5,18.8,11.8,11.5,15.9,56,0.0,0.0,0.0,0.0,5.79,12.0
2000-02-08,13.6,18.5,9.7,10.4,16.1,46,0.0,0.0,0.0,0.0,4.49,9.7
2000-02-09,14.2,17.5,11.0,12.0,15.2,51,0.0,0.0,0.0,0.0,2.02,5.2
2000-02-10,16.4,19.8,12.5,15.5,19.2,66,0.0,0.0,0.0,0.0,2.51,5.5
2000-02-11,18.8,23.3,14.8,19.5,24.2,75,0.0,0.0,0.0,0.0,1.78,5.2
2000-02-12,19.5,24.1,15.3,20.0,24.3,75,0.0,0.0,0.0,0.0,3.26,7.2
2000-02-13,19.4,23.7,15.5,20.0,24.2,77,0.0,0.0,0.0,0.0,3.26,7.0
2000-02-14,18.5,20.9,16.6,18.3,20.4,76,0.0,0.0,0.0,0.0,5.22,10.8
2000-02-15,17.0,19.7,14.9,14.8,18.4,53,0.0,0.0,0.0,0.0,4.61,9.3
2000-02-16,17.5,20.8,14.0,16.8,19.4,64,0.0,0.0,0.0,0.0,3.26,8.3
2000-02-17,16.7,19.3,14.8,16.1,18.5,69,0.0,0.0,0.0,0.0,2.48,6.0
2000-02-18,18.9,22.0,16.0,18.6,21.7,73,0.0,0.0,0.0,0.0,4.59,9.5
2000-02-19,20.6,23.0,18.4,23.0,26.2,90,6.9,6.9,0.0,12.0,2.69,7.0
2000-02-20,15.3,22.2,12.2,14.1,26.1,85,5.4,5.4,0.0,16.0,5.42,12.2
2000-02-21,11.3,12.0,10.5,9.7,10.9,90,11.5,11.5,0.0,19.0,3.76,11.5
2000-02-22,12.3,13.4,11.5,11.2,12.2,92,7.7,7.7,0.0,24.0,3.54,7.5
2000-02-23,12.5,13.1,12.0,10.9,11.5,89,10.4,10.4,0.0,19.0,4.46,9.0
2000-02-24,11.3,12.4,10.1,9.0,10.2,82,3.5,3.5,0.0,14.0,4.3,8.4
2000-02-25,10.9,11.9,9.5,8.0,9.1,81,4.0,4.0,0.0,16.0,5.1,9.6
2000-02-26,11.1,12.5,9.4,7.3,8.4,61,1.0,1.0,0.0,4.0,5.95,11.2
2000-02-27,10.7,12.5,9.0,7.9,9.8,68,1.9,1.9,0.0,5.0,3.49,7.2
2000-02-28,9.6,11.0,8.4,7.6,9.0,91,13.5,13.5,0.0,18.0,4.15,7.7
2000-02-29,10.6,11.8,9.3,7.7,8.7,78,1.3,1.3,0.0,7.0,4.48,9.3
2000-03-01,10.7,11.9,9.1,9.0,10.2,89,7.7,7.7,0.0,21.0,3.3,7.1
2000-03-02,13.1,15.9,10.9,12.5,15.8,89,12.3,12.3,0.0,15.0,2.42,5.7
2000-03-03,17.7,22.2,13.8,18.7,23.2,84,0.2,0.2,0.0,1.0,2.22,5.3
2000-03-04,20.9,25.4,17.0,22.7,27.8,81,0.0,0.0,0.0,0.0,2.53,5.8
2000-03-05,21.8,27.2,18.0,23.8,30.1,80,0.1,0.1,0.0,1.0,3.67,7.5
2000-03-06,19.6,21.6,17.9,20.3,22.4,80,1.3,1.3,0.0,7.0,3.1,6.5
2000-03-07,19.1,21.8,17.2,19.7,23.3,77,0.5,0.5,0.0,4.0,3.64,6.7
2000-03-08,17.7,20.2,16.2,17.6,20.5,78,1.5,1.5,0.0,4.0,3.55,7.0
2000-03-09,18.1,21.3,15.2,18.3,21.6,76,0.0,0.0,0.0,0.0,2.7,7.1
2000-03-10,18.7,22.1,14.9,18.8,22.5,76,0.0,0.0,0.0,0.0,4.69,8.3
2000-03-11,18.1,20.9,16.1,18.9,22.6,85,5.7,5.7,0.0,7.0,4.26,8.9
2000-03-12,15.3,16.4,14.5,14.4,15.5,80,3.0,3.0,0.0,9.0,3.23,8.8
2000-03-13,15.3,17.4,13.9,15.3,17.8,87,4.0,4.0,0.0,12.0,2.87,6.6
2000-03-14,18.7,22.0,16.0,20.0,23.5,86,1.3,1.3,0.0,5.0,2.77,6.0
2000-03-15,21.7,25.9,18.1,22.6,26.9,80,0.3,0.3,0.0,2.0,5.22,10.2
2000-03-16,18.2,21.5,15.2,17.8,24.6,79,5.9,5.9,0.0,11.0,5.06,9.7
2000-03-17,16.8,19.0,14.7,16.4,18.7,79,1.2,1.2,0.0,3.0,3.31,9.4
2000-03-18,18.4,20.9,15.8,18.9,22.9,82,0.4,0.4,0.0,4.0,3.58,8.9
2000-03-19,19.7,22.2,17.7,21.0,23.3,84,1.0,1.0,0.0,6.0,3.14,6.5
2000-03-20,20.9,24.1,18.5,21.8,24.6,76,2.1,2.1,0.0,6.0,4.27,9.0
2000-03-21,22.5,26.6,19.3,23.8,28.0,75,0.1,0.1,0.0,1.0,4.01,8.5
2000-03-22,23.9,28.5,20.2,26.6,30.9,78,0.2,0.2,0.0,2.0,3.28,5.8
2000-03-23,22.0,25.5,18.3,23.3,29.1,78,2.2,2.2,0.0,7.0,6.51,12.4
2000-03-24,20.2,24.1,16.3,19.3,24.9,59,0.0,0.0,0.0,0.0,5.25,10.3
2000-03-25,20.8,23.2,18.6,21.2,24.1,65,0.0,0.0,0.0,0.0,3.83,6.2
2000-03-26,20.5,24.2,16.9,19.9,24.8,57,0.0,0.0,0.0,0.0,3.7,8.2
2000-03-27,21.0,27.9,14.3,21.5,29.5,61,0.0,0.0,0.0,0.0,2.02,4.9
2000-03-28,23.6,31.2,17.0,25.0,33.4,62,0.0,0.0,0.0,0.0,2.2,6.2
2000-03-29,25.1,32.6,19.7,25.4,33.1,54,0.0,0.0,0.0,0.0,4.39,8.2
2000-03-30,23.5,29.3,19.2,24.2,30.0,63,0.0,0.0,0.0,0.0,4.39,9.0
2000-03-31,23.4,27.6,20.2,25.9,29.9,83,9.8,9.8,0.0,11.0,4.47,10.0
2000-04-01,24.4,28.3,21.0,28.0,31.9,87,24.2,24.2,0.0,19.0,4.13,9.1
2000-04-02,23.4,26.3,22.1,26.7,29.8,90,20.3,20.3,0.0,23.0,3.32,11.1
2000-04-03,21.7,23.0,19.9,24.6,27.1,94,69.8,69.8,0.0,23.0,4.62,12.1
2000-04-04,22.2,26.6,18.3,23.4,29.0,72,0.0,0.0,0.0,0.0,3.54,7.8
2000-04-05,21.1,22.3,20.2,22.1,22.8,76,1.8,1.8,0.0,9.0,3.89,8.6
2000-04-06,20.7,22.5,19.4,22.3,24.3,78,4.0,4.0,0.0,9.0,2.7,6.1
2000-04-07,19.7,21.6,18.4,21.7,23.3,88,6.0,6.0,0.0,12.0,3.0,8.2
2000-04-08,21.8,24.5,19.6,23.7,26.3,84,1.3,1.3,0.0,5.0,3.66,7.4
2000-04-09,23.3,26.8,20.2,26.1,29.8,83,0.4,0.4,0.0,3.0,3.22,7.0
2000-04-10,22.8,24.1,21.5,25.5,27.7,86,3.3,3.3,0.0,11.0,5.02,11.1
2000-04-11,22.4,25.0,20.2,24.6,27.5,78,0.8,0.8,0.0,3.0,2.42,6.9
2000-04-12,21.7,23.6,20.1,24.3,26.9,86,16.0,16.0,0.0,14.0,2.52,5.9
2000-04-13,22.7,25.2,20.7,26.1,29.3,94,20.8,20.8,0.0,24.0,4.3,8.6
2000-04-14,24.1,26.5,22.3,27.9,31.5,92,55.0,55.0,0.0,24.0,4.1,10.8
2000-04-15,21.3,24.3,18.7,20.5,23.8,64,4.6,4.6,0.0,8.0,5.98,12.6
2000-04-16,21.0,26.9,15.5,20.5,27.1,55,0.0,0.0,0.0,0.0,3.91,8.8
2000-04-17,21.9,26.9,17.0,22.4,27.3,68,0.0,0.0,0.0,0.0,3.85,8.5
2000-04-18,24.0,27.0,21.1,25.8,28.8,74,0.1,0.1,0.0,1.0,4.65,9.0
2000-04-19,26.0,30.2,23.2,29.9,34.6,82,2.9,2.9,0.0,9.0,3.51,9.1
2000-04-20,27.2,31.1,24.9,31.9,35.8,82,7.6,7.6,0.0,9.0,4.11,10.8
2000-04-21,26.8,29.7,24.8,31.6,34.1,81,14.3,14.3,0.0,12.0,3.13,6.4
2000-04-22,25.7,28.9,23.4,30.5,32.9,87,23.6,23.6,0.0,23.0,3.94,9.1
2000-04-23,23.6,25.1,22.7,27.5,29.1,91,31.9,31.9,0.0,16.0,2.97,8.2
2000-04-24,24.3,27.1,22.4,27.8,30.4,93,14.7,14.7,0.0,20.0,5.33,12.3
2000-04-25,28.3,32.5,25.1,33.1,36.8,82,12.0,12.0,0.0,19.0,5.71,15.8
2000-04-26,25.7,27.6,23.4,30.7,34.1,88,20.9,20.9,0.0,18.0,3.51,11.3
2000-04-27,22.3,24.1,20.6,24.5,26.3,83,10.2,10.2,0.0,14.0,3.52,7.0
2000-04-28,21.3,22.5,20.3,24.3,26.0,95,49.6,49.6,0.0,24.0,3.31,10.5
2000-04-29,24.0,27.3,21.7,28.1,32.0,93,23.4,23.4,0.0,19.0,3.35,10.1
2000-04-30,25.6,28.9,23.7,30.9,34.7,90,44.8,44.8,0.0,19.0,2.06,9.5
2000-05-01,26.4,31.2,23.8,31.8,36.9,86,23.2,23.2,0.0,12.0,3.59,9.2
2000-05-02,25.6,28.3,24.1,30.6,32.8,87,28.8,28.8,0.0,23.0,1.99,6.7
2000-05-03,23.8,25.1,22.5,27.5,28.8,88,14.1,14.1,0.0,19.0,2.56,6.2
2000-05-04,25.1,29.1,22.1,28.7,32.3,80,0.0,0.0,0.0,0.0,2.6,5.3
2000-05-05,26.3,31.2,22.2,29.8,35.3,72,0.0,0.0,0.0,0.0,2.64,5.4
2000-05-06,26.9,30.4,22.9,31.2,34.8,76,0.0,0.0,0.0,0.0,2.31,5.0
2000-05-07,26.9,31.3,24.4,31.8,37.2,82,2.5,2.5,0.0,6.0,3.13,6.6
2000-05-08,25.0,27.2,23.2,27.8,29.4,78,0.0,0.0,0.0,0.0,4.14,8.4
2000-05-09,25.6,28.4,23.9,28.9,32.2,80,4.5,4.5,0.0,10.0,4.46,9.7
2000-05-10,23.8,24.7,23.1,28.0,28.8,94,64.0,64.0,0.0,24.0,3.38,6.6
2000-05-11,26.0,30.7,22.3,29.8,35.2,80,2.0,2.0,0.0,7.0,3.54,8.7
2000-05-12,25.9,29.8,22.0,29.3,33.4,74,0.0,0.0,0.0,0.0,2.32,6.5
2000-05-13,27.7,33.4,23.2,31.9,37.3,73,0.1,0.1,0.0,1.0,3.23,6.1
2000-05-14,27.9,32.2,23.9,31.4,36.0,70,0.0,0.0,0.0,0.0,3.98,8.3
2000-05-15,28.4,32.9,24.6,32.0,36.7,67,0.6,0.6,0.0,3.0,2.91,8.0
2000-05-16,29.2,34.9,24.2,34.1,41.0,69,0.0,0.0,0.0,0.0,2.42,4.8
2000-05-17,28.4,33.2,25.5,34.1,40.3,79,8.6,8.6,0.0,11.0,2.55,5.7
2000-05-18,25.7,28.5,21.5,29.5,33.2,81,17.8,17.8,0.0,17.0,4.55,8.9
2000-05-19,21.9,23.3,20.5,23.8,25.6,84,9.8,9.8,0.0,19.0,3.74,7.1
2000-05-20,25.5,30.3,21.6,28.6,33.8,72,0.0,0.0,0.0,0.0,3.0,7.6
2000-05-21,25.8,30.6,22.7,29.0,32.5,72,0.0,0.0,0.0,0.0,2.6,6.4
2000-05-22,25.2,29.4,20.1,28.1,32.1,72,0.0,0.0,0.0,0.0,2.12,3.9
2000-05-23,25.8,29.1,23.4,29.8,32.8,80,6.3,6.3,0.0,11.0,3.16,7.0
2000-05-24,26.1,29.7,23.6,30.4,33.8,86,10.4,10.4,0.0,19.0,3.96,9.5
2000-05-25,28.1,31.8,24.9,33.4,38.4,85,13.1,13.1,0.0,17.0,4.93,10.4
2000-05-26,30.1,34.5,27.3,36.0,40.1,79,3.0,3.0,0.0,12.0,4.63,11.2
2000-05-27,28.9,31.7,27.2,35.1,37.2,85,10.4,10.4,0.0,14.0,3.93,8.4
2000-05-28,28.7,32.1,25.8,34.9,38.4,84,9.2,9.2,0.0,13.0,3.86,8.9
2000-05-29,28.7,32.1,25.7,34.4,37.8,83,7.5,7.5,0.0,16.0,4.4,9.9
2000-05-30,30.1,34.1,26.0,35.5,39.8,75,1.8,1.8,0.0,10.0,4.06,8.3
2000-05-31,30.3,34.2,26.8,36.4,40.3,77,5.7,5.7,0.0,7.0,4.71,10.5
2000-06-01,29.5,33.9,26.6,35.1,40.2,80,4.6,4.6,0.0,9.0,4.88,11.3
2000-06-02,30.3,34.8,26.5,35.8,40.2,76,0.9,0.9,0.0,8.0,4.75,10.8
2000-06-03,30.6,34.6,26.8,36.9,42.5,76,1.7,1.7,0.0,9.0,3.0,7.3
2000-06-04,31.3,35.8,27.0,37.5,42.5,72,0.0,0.0,0.0,0.0,2.92,6.6
2000-06-05,31.8,36.2,27.2,37.7,42.8,69,0.1,0.1,0.0,1.0,3.01,7.3
2000-06-06,31.1,35.3,27.8,37.1,41.9,74,3.3,3.3,0.0,8.0,4.36,10.2
2000-06-07,30.7,34.9,27.3,36.3,41.2,74,2.8,2.8,0.0,5.0,4.46,10.0
2000-06-08,30.2,33.7,27.4,35.8,39.8,78,9.6,9.6,0.0,9.0,4.49,12.9
2000-06-09,29.2,32.3,27.4,34.7,38.4,82,15.2,15.2,0.0,15.0,4.69,13.7
2000-06-10,30.6,34.2,27.1,36.8,40.0,79,9.3,9.3,0.0,13.0,4.68,12.5
2000-06-11,29.4,32.3,26.5,35.5,37.7,83,17.6,17.6,0.0,15.0,4.08,12.3
2000-06-12,23.7,26.4,21.9,27.0,32.2,88,38.8,38.8,0.0,24.0,3.72,12.7
2000-06-13,23.8,27.1,21.0,25.9,28.9,75,4.9,4.9,0.0,9.0,3.52,7.4
2000-06-14,25.5,29.7,22.0,28.4,32.1,68,0.0,0.0,0.0,0.0,2.06,5.0
2000-06-15,26.5,31.1,22.2,29.8,35.3,69,0.0,0.0,0.0,0.0,2.4,5.3
2000-06-16,28.1,32.8,23.3,32.6,38.2,69,0.0,0.0,0.0,0.0,1.84,4.1
2000-06-17,28.6,33.8,24.5,33.1,38.9,73,0.8,0.8,0.0,3.0,3.11,7.5
2000-06-18,26.0,26.8,24.8,30.1,31.6,87,48.6,48.6,0.0,21.0,3.82,7.3
2000-06-19,28.5,33.3,25.2,33.8,39.1,81,20.7,20.7,0.0,12.0,3.24,7.5
2000-06-20,27.2,30.2,25.9,32.9,35.5,89,18.3,18.3,0.0,22.0,4.3,8.5
2000-06-21,28.0,31.0,25.5,33.1,35.8,86,13.1,13.1,0.0,17.0,5.14,13.1
2000-06-22,29.0,33.2,26.5,34.0,38.4,82,10.2,10.2,0.0,9.0,5.57,12.6
2000-06-23,29.1,32.5,27.1,33.9,37.5,80,6.5,6.5,0.0,11.0,5.08,12.3
2000-06-24,29.6,33.3,26.9,34.2,38.3,77,5.0,5.0,0.0,15.0,6.59,14.2
2000-06-25,29.2,32.3,26.3,34.1,37.3,79,7.9,7.9,0.0,16.0,5.25,13.1
2000-06-26,29.4,32.3,26.5,34.8,37.9,79,5.6,5.6,0.0,16.0,4.54,10.9
2000-06-27,30.0,34.0,26.8,35.6,39.2,77,2.1,2.1,0.0,7.0,4.82,11.1
2000-06-28,30.5,34.7,26.5,36.6,41.1,75,0.5,0.5,0.0,5.0,2.96,6.4
2000-06-29,31.2,35.6,26.5,37.3,43.0,72,0.0,0.0,0.0,0.0,2.53,6.1
2000-06-30,31.6,36.1,26.8,38.0,43.2,71,0.1,0.1,0.0,1.0,2.67,5.4
2000-07-01,31.1,35.6,26.8,37.0,42.3,71,0.2,0.2,0.0,2.0,2.53,6.1
2000-07-02,29.7,33.9,26.3,35.1,39.2,75,2.8,2.8,0.0,6.0,4.34,9.4
2000-07-03,29.6,33.4,26.4,35.2,39.8,75,2.0,2.0,0.0,4.0,2.41,8.9
2000-07-04,29.3,34.1,25.9,35.8,41.9,80,8.5,8.5,0.0,14.0,2.2,5.7
2000-07-05,29.7,35.3,26.6,36.5,42.9,80,6.1,6.1,0.0,15.0,2.7,7.2
2000-07-06,28.7,33.9,25.7,34.9,41.7,81,16.0,16.0,0.0,17.0,2.46,6.4
2000-07-07,27.9,32.2,26.0,34.2,39.4,84,17.6,17.6,0.0,22.0,1.75,5.9
2000-07-08,29.5,34.6,25.5,36.2,43.5,81,5.4,5.4,0.0,9.0,3.13,6.2
2000-07-09,30.0,34.9,26.7,36.9,43.5,78,3.5,3.5,0.0,11.0,2.38,6.3
2000-07-10,29.9,34.8,26.5,36.0,41.5,77,3.2,3.2,0.0,7.0,3.68,8.3
2000-07-11,28.2,30.8,26.5,33.1,35.2,84,9.6,9.6,0.0,19.0,6.76,14.1
2000-07-12,29.2,32.2,26.5,34.6,37.6,80,4.7,4.7,0.0,15.0,4.86,12.9
2000-07-13,30.0,33.8,25.8,35.7,39.6,76,3.5,3.5,0.0,5.0,3.92,9.6
2000-07-14,30.4,34.8,26.7,36.2,41.3,74,1.6,1.6,0.0,9.0,4.04,8.7
2000-07-15,30.6,35.3,25.9,36.0,40.4,71,0.5,0.5,0.0,2.0,4.7,9.2
2000-07-16,30.7,34.6,27.2,35.3,39.9,71,2.1,2.1,0.0,7.0,6.3,15.4
2000-07-17,26.6,28.6,25.3,30.6,32.3,90,28.7,28.7,0.0,24.0,6.57,13.5
2000-07-18,26.7,28.6,25.6,32.0,33.9,92,26.2,26.2,0.0,24.0,4.47,9.7
2000-07-19,27.3,30.9,25.0,32.5,36.1,89,28.7,28.7,0.0,24.0,4.34,9.1
2000-07-20,26.9,29.4,25.6,31.8,34.0,89,9.8,9.8,0.0,19.0,4.53,9.6
2000-07-21,26.4,28.8,24.9,31.6,34.0,90,13.2,13.2,0.0,20.0,3.55,7.6
2000-07-22,27.3,31.1,24.8,33.1,37.1,88,3.9,3.9,0.0,9.0,2.51,6.1
2000-07-23,28.9,33.2,24.9,35.0,40.6,80,1.0,1.0,0.0,6.0,3.16,7.1
2000-07-24,30.2,34.2,25.9,36.3,40.9,75,0.0,0.0,0.0,0.0,2.71,5.3
2000-07-25,31.1,34.9,27.0,37.4,41.2,74,0.0,0.0,0.0,0.0,3.2,6.4
2000-07-26,31.6,35.4,27.8,38.4,44.2,75,0.7,0.7,0.0,5.0,3.31,7.0
2000-07-27,31.6,35.2,28.4,38.4,43.2,76,0.6,0.6,0.0,3.0,2.91,7.2
2000-07-28,31.8,35.8,27.6,38.1,42.3,72,0.1,0.1,0.0,1.0,3.47,7.2
2000-07-29,31.6,35.4,27.9,38.1,43.3,74,1.0,1.0,0.0,6.0,3.76,7.8
2000-07-30,31.6,36.0,28.6,38.0,41.7,75,1.3,1.3,0.0,1.0,3.48,9.5
2000-07-31,29.0,32.2,26.9,35.6,39.0,82,12.9,12.9,0.0,13.0,3.37,7.6
2000-08-01,27.4,28.9,25.8,33.5,35.1,89,22.4,22.4,0.0,20.0,2.93,6.7
2000-08-02,27.6,30.7,25.8,33.5,36.3,88,18.7,18.7,0.0,23.0,4.2,9.4
2000-08-03,27.7,30.5,26.0,33.5,37.0,88,25.2,25.2,0.0,22.0,4.12,9.1
2000-08-04,26.7,28.6,25.2,32.3,34.5,91,23.6,23.6,0.0,23.0,3.11,8.5
2000-08-05,26.6,28.5,25.2,32.0,34.0,91,19.1,19.1,0.0,23.0,3.64,8.4
2000-08-06,27.1,30.7,25.1,32.7,36.4,88,27.4,27.4,0.0,20.0,3.54,7.4
2000-08-07,28.6,32.7,24.9,34.4,38.8,81,5.8,5.8,0.0,11.0,2.9,6.6
2000-08-08,29.5,33.7,25.9,36.0,41.2,79,6.4,6.4,0.0,11.0,3.44,7.2
2000-08-09,30.1,34.1,25.9,36.6,41.1,76,0.0,0.0,0.0,0.0,2.16,5.7
2000-08-10,31.0,35.3,26.7,37.9,42.4,76,2.0,2.0,0.0,2.0,3.13,7.4
2000-08-11,31.9,35.9,28.0,38.6,43.7,73,1.1,1.1,0.0,3.0,2.83,6.7
2000-08-12,29.8,32.9,27.8,36.3,39.5,79,3.3,3.3,0.0,5.0,2.7,7.1
2000-08-13,29.2,32.2,27.2,35.8,39.2,83,4.9,4.9,0.0,12.0,3.37,6.7
2000-08-14,29.2,33.9,25.9,35.8,40.3,83,7.8,7.8,0.0,12.0,2.41,6.2
2000-08-15,29.7,33.8,26.8,36.3,40.9,81,9.3,9.3,0.0,15.0,2.56,7.5
2000-08-16,28.5,31.2,26.8,34.9,37.1,87,7.8,7.8,0.0,15.0,3.71,7.2
2000-08-17,28.5,32.1,26.1,34.2,38.3,82,0.9,0.9,0.0,4.0,3.37,7.9
2000-08-18,28.7,32.7,25.8,35.0,39.4,83,6.8,6.8,0.0,6.0,3.04,7.6
2000-08-19,30.1,34.3,25.9,37.3,43.2,81,2.5,2.5,0.0,9.0,1.91,5.3
2000-08-20,30.6,35.1,26.3,37.4,42.1,76,1.9,1.9,0.0,5.0,1.78,4.3
2000-08-21,30.6,35.4,27.1,36.3,41.1,73,0.6,0.6,0.0,3.0,3.83,10.2
2000-08-22,31.1,35.6,26.9,37.0,41.0,71,0.0,0.0,0.0,0.0,3.61,8.1
2000-08-23,31.5,35.3,28.2,37.5,41.8,72,10.9,10.9,0.0,6.0,4.53,10.6
2000-08-24,29.4,32.6,27.4,35.7,39.1,81,16.8,16.8,0.0,15.0,2.76,6.6
2000-08-25,27.8,29.0,26.9,34.7,36.4,91,49.9,49.9,0.0,24.0,2.66,5.6
2000-08-26,28.0,31.4,25.8,34.6,38.3,87,27.0,27.0,0.0,22.0,1.92,5.6
2000-08-27,28.7,32.8,25.4,35.1,40.2,85,16.0,16.0,0.0,19.0,2.95,7.5
2000-08-28,29.8,32.9,26.9,35.5,38.5,77,3.1,3.1,0.0,7.0,4.41,9.8
2000-08-29,30.6,34.2,27.2,35.7,39.3,71,0.0,0.0,0.0,0.0,5.0,9.8
2000-08-30,30.6,33.5,27.6,35.6,39.5,70,0.2,0.2,0.0,2.0,5.0,10.6
2000-08-31,30.3,33.8,27.6,35.6,39.3,74,1.3,1.3,0.0,3.0,4.27,9.3
2000-09-01,28.9,30.6,27.5,33.7,36.5,81,7.8,7.8,0.0,15.0,5.08,10.5
2000-09-02,27.8,30.1,25.6,34.0,37.0,91,27.7,27.7,0.0,19.0,3.26,6.7
2000-09-03,28.5,32.0,26.0,34.8,38.8,85,11.9,11.9,0.0,16.0,3.0,6.3
2000-09-04,29.4,34.3,25.6,36.5,43.4,82,2.3,2.3,0.0,7.0,1.66,6.2
2000-09-05,29.4,35.0,26.1,36.2,42.8,82,10.2,10.2,0.0,10.0,2.6,7.1
2000-09-06,28.0,33.1,24.4,33.1,39.9,80,5.8,5.8,0.0,13.0,3.2,6.8
2000-09-07,27.5,30.7,24.9,30.7,34.6,75,0.7,0.7,0.0,4.0,5.43,11.2
2000-09-08,26.2,28.0,23.5,28.0,30.3,73,5.2,5.2,0.0,9.0,5.67,10.9
2000-09-09,27.1,29.6,24.5,29.6,33.0,69,0.0,0.0,0.0,0.0,4.7,9.7
2000-09-10,27.1,30.6,23.3,29.5,34.4,66,0.0,0.0,0.0,0.0,4.38,8.8
2000-09-11,27.2,30.6,23.3,29.6,34.3,64,0.0,0.0,0.0,0.0,4.21,8.6
2000-09-12,27.1,30.5,23.9,28.9,33.2,62,0.0,0.0,0.0,0.0,5.3,10.6
2000-09-13,26.5,29.9,23.0,27.2,30.9,58,0.0,0.0,0.0,0.0,6.42,12.6
2000-09-14,26.5,30.8,21.7,27.0,31.5,54,0.0,0.0,0.0,0.0,5.9,11.5
2000-09-15,26.2,30.9,21.4,27.1,31.6,56,0.0,0.0,0.0,0.0,5.57,10.8
2000-09-16,25.5,30.9,19.9,27.2,32.8,62,0.0,0.0,0.0,0.0,4.34,8.8
2000-09-17,25.4,31.4,19.8,28.2,34.9,69,0.0,0.0,0.0,0.0,2.05,4.9
2000-09-18,25.6,30.2,22.2,29.8,34.4,81,0.0,0.0,0.0,0.0,2.69,4.5
2000-09-19,26.7,31.5,23.1,30.6,34.9,74,0.0,0.0,0.0,0.0,2.61,6.6
2000-09-20,26.3,29.7,23.4,30.0,33.5,75,1.1,1.1,0.0,6.0,2.75,7.3
2000-09-21,27.3,31.4,23.5,32.2,36.5,78,0.1,0.1,0.0,1.0,2.02,6.9
2000-09-22,28.4,33.3,23.8,33.5,38.4,76,0.3,0.3,0.0,3.0,2.53,6.5
2000-09-23,27.6,32.3,24.6,32.9,37.9,81,3.9,3.9,0.0,6.0,3.5,8.2
2000-09-24,28.0,32.3,24.5,33.2,36.7,80,4.2,4.2,0.0,8.0,3.24,7.3
2000-09-25,28.3,32.2,25.6,33.3,37.1,78,0.3,0.3,0.0,2.0,3.51,7.3
2000-09-26,27.8,31.7,25.0,32.7,37.3,80,1.3,1.3,0.0,4.0,3.3,7.1
2000-09-27,27.6,31.6,24.6,32.6,37.3,81,1.3,1.3,0.0,7.0,2.79,7.8
2000-09-28,27.5,31.8,23.9,32.4,36.3,81,2.2,2.2,0.0,4.0,2.79,6.6
2000-09-29,28.3,32.5,25.1,33.8,37.5,79,0.4,0.4,0.0,4.0,2.12,5.5
2000-09-30,28.5,32.7,24.8,34.5,40.9,81,1.2,1.2,0.0,7.0,2.06,5.7
2000-10-01,28.4,32.7,25.1,34.3,39.2,80,3.3,3.3,0.0,7.0,2.2,6.2
2000-10-02,28.5,32.4,25.4,33.9,38.3,78,0.1,0.1,0.0,1.0,2.61,6.2
2000-10-03,28.3,32.0,24.6,33.7,38.2,79,0.4,0.4,0.0,3.0,3.0,5.8
2000-10-04,27.3,29.8,25.3,31.8,35.2,79,1.3,1.3,0.0,8.0,3.51,7.2
2000-10-05,27.3,30.9,24.5,32.4,36.5,81,3.0,3.0,0.0,10.0,2.3,5.1
2000-10-06,27.5,31.3,24.3,32.8,37.4,81,3.2,3.2,0.0,7.0,2.14,5.6
2000-10-07,27.6,31.8,24.8,32.9,37.4,81,0.6,0.6,0.0,5.0,2.13,5.7
2000-10-08,28.4,33.5,24.5,33.9,39.9,79,1.7,1.7,0.0,2.0,2.28,6.0
2000-10-09,28.7,33.2,25.4,33.9,37.4,76,0.7,0.7,0.0,3.0,2.73,6.6
2000-10-10,28.5,33.6,24.5,32.8,37.0,71,0.0,0.0,0.0,0.0,2.94,6.9
2000-10-11,28.7,33.9,25.2,32.9,37.4,70,0.1,0.1,0.0,1.0,4.42,12.8
2000-10-12,27.6,30.8,25.6,30.3,32.0,72,1.5,1.5,0.0,5.0,6.44,12.7
2000-10-13,22.4,25.9,19.1,21.8,26.1,75,6.8,6.8,0.0,16.0,6.82,13.0
2000-10-14,18.4,19.3,17.8,17.6,18.5,88,9.5,9.5,0.0,24.0,6.37,12.2
2000-10-15,19.0,20.8,17.1,18.6,20.4,84,10.5,10.5,0.0,15.0,5.22,10.0
2000-10-16,23.0,26.7,19.1,23.4,28.5,68,0.0,0.0,0.0,0.0,5.28,10.4
2000-10-17,24.2,28.1,20.3,24.8,29.3,64,0.0,0.0,0.0,0.0,4.97,10.2
2000-10-18,24.1,26.5,22.2,24.4,27.4,65,0.0,0.0,0.0,0.0,4.92,10.3
2000-10-19,23.2,25.4,21.5,25.7,28.2,80,4.8,4.8,0.0,13.0,3.4,7.5
2000-10-20,23.0,23.5,22.5,26.5,27.2,94,51.6,51.6,0.0,24.0,3.52,7.6
2000-10-21,23.2,24.3,21.6,26.7,28.4,93,40.0,40.0,0.0,23.0,3.26,9.5
2000-10-22,24.6,27.1,23.2,29.8,33.3,96,12.7,12.7,0.0,21.0,2.28,6.7
2000-10-23,26.3,29.9,23.7,32.2,36.0,90,4.1,4.1,0.0,13.0,1.49,5.4
2000-10-24,27.6,31.7,24.4,33.5,38.1,84,0.7,0.7,0.0,4.0,1.61,3.6
2000-10-25,28.0,33.4,25.2,34.0,39.5,84,8.2,8.2,0.0,12.0,2.3,6.2
2000-10-26,27.3,29.7,24.8,31.9,33.8,80,2.4,2.4,0.0,11.0,3.83,7.6
2000-10-27,25.6,28.2,23.4,28.1,31.1,74,0.5,0.5,0.0,2.0,3.7,8.0
2000-10-28,24.3,26.6,21.1,26.0,28.8,72,0.0,0.0,0.0,0.0,3.98,6.9
2000-10-29,22.0,24.3,19.2,20.6,23.8,64,0.0,0.0,0.0,0.0,8.17,15.9
2000-10-30,20.1,23.7,17.3,18.0,21.7,53,0.0,0.0,0.0,0.0,5.89,11.9
2000-10-31,20.0,23.1,16.8,16.7,19.5,47,0.0,0.0,0.0,0.0,7.7,15.2
2000-11-01,20.1,23.7,16.8,16.9,20.3,46,0.0,0.0,0.0,0.0,7.32,14.2
2000-11-02,17.6,22.5,13.2,15.1,19.9,49,0.0,0.0,0.0,0.0,5.54,11.0
2000-11-03,18.1,24.1,12.4,16.9,23.9,59,0.0,0.0,0.0,0.0,3.61,8.1
2000-11-04,21.0,26.3,15.6,19.8,25.5,55,0.0,0.0,0.0,0.0,4.1,9.0
2000-11-05,21.6,26.8,17.8,21.3,27.6,58,0.0,0.0,0.0,0.0,3.52,7.6
2000-11-06,22.9,28.4,18.1,24.8,31.0,73,0.0,0.0,0.0,0.0,2.51,6.0
2000-11-07,23.9,26.3,22.7,26.7,29.4,81,6.3,6.3,0.0,12.0,3.93,8.1
2000-11-08,21.5,22.7,20.7,23.0,25.0,90,17.7,17.7,0.0,24.0,4.4,11.2
2000-11-09,20.7,22.3,19.0,22.1,24.0,85,3.3,3.3,0.0,11.0,4.16,7.3
2000-11-10,21.3,25.6,17.9,21.7,26.7,77,0.0,0.0,0.0,0.0,5.77,11.0
2000-11-11,17.6,20.3,15.0,15.9,18.8,72,4.9,4.9,0.0,7.0,5.04,10.5
2000-11-12,14.0,14.9,12.6,11.4,12.6,75,9.7,9.7,0.0,15.0,5.58,11.2
2000-11-13,15.7,19.0,12.9,14.1,18.3,70,1.0,1.0,0.0,3.0,4.79,9.1
2000-11-14,19.7,24.8,15.5,19.8,25.6,71,0.0,0.0,0.0,0.0,3.28,7.1
2000-11-15,21.8,25.3,18.7,21.9,26.2,69,0.0,0.0,0.0,0.0,5.12,9.8
2000-11-16,18.8,20.1,17.2,17.1,18.6,68,1.1,1.1,0.0,6.0,5.39,11.1
2000-11-17,16.3,18.5,14.2,13.9,16.1,71,5.0,5.0,0.0,11.0,6.23,12.4
2000-11-18,16.5,18.8,13.8,15.3,18.1,73,0.8,0.8,0.0,4.0,4.12,8.1
2000-11-19,17.8,20.2,15.5,17.7,21.0,82,3.9,3.9,0.0,12.0,6.51,11.9
2000-11-20,15.2,17.3,12.9,11.4,13.7,61,0.3,0.3,0.0,3.0,7.84,15.3
2000-11-21,14.4,18.4,10.9,10.9,15.6,48,0.0,0.0,0.0,0.0,5.28,10.5
2000-11-22,15.2,20.9,10.4,13.1,19.5,56,0.0,0.0,0.0,0.0,3.48,7.6
2000-11-23,17.0,23.4,11.4,16.4,23.7,67,0.0,0.0,0.0,0.0,2.34,6.1
2000-11-24,19.4,23.3,15.9,20.3,24.2,76,1.2,1.2,0.0,6.0,2.02,5.9
2000-11-25,21.0,26.7,17.1,23.1,29.7,80,0.0,0.0,0.0,0.0,2.02,4.3
2000-11-26,22.5,27.4,18.5,25.0,30.7,80,0.0,0.0,0.0,0.0,1.94,3.7
2000-11-27,24.0,27.5,21.3,26.2,30.4,75,0.0,0.0,0.0,0.0,3.94,7.5
2000-11-28,22.4,24.7,20.6,23.8,26.6,72,0.0,0.0,0.0,0.0,2.9,6.4
2000-11-29,22.2,25.2,20.0,24.5,27.1,77,0.0,0.0,0.0,0.0,2.34,6.1
2000-11-30,22.3,26.7,18.7,24.5,28.7,76,0.0,0.0,0.0,0.0,2.53,5.3
2000-12-01,20.7,24.2,18.2,20.9,24.9,72,0.0,0.0,0.0,0.0,3.83,8.5
2000-12-02,19.8,23.2,16.9,19.1,22.5,68,0.0,0.0,0.0,0.0,5.06,9.3
2000-12-03,16.8,19.7,14.7,14.0,16.9,63,0.0,0.0,0.0,0.0,6.49,12.7
2000-12-04,16.7,20.4,14.0,14.7,19.6,60,0.0,0.0,0.0,0.0,4.33,9.0
2000-12-05,17.4,22.8,13.5,16.3,22.3,64,0.0,0.0,0.0,0.0,3.48,7.6
2000-12-06,18.3,24.2,13.7,18.1,24.8,69,0.0,0.0,0.0,0.0,2.57,6.3
2000-12-07,20.5,26.7,15.8,20.5,27.4,66,0.0,0.0,0.0,0.0,3.0,6.4
2000-12-08,19.8,25.1,16.3,20.0,26.0,68,0.0,0.0,0.0,0.0,2.73,6.2
2000-12-09,19.1,25.4,15.4,20.2,26.7,82,0.0,0.0,0.0,0.0,2.33,5.9
2000-12-10,21.1,27.2,15.0,22.3,28.9,74,0.0,0.0,0.0,0.0,4.16,8.9
2000-12-11,20.8,23.2,18.3,19.8,22.5,64,0.1,0.1,0.0,1.0,4.73,9.9
2000-12-12,14.4,18.2,10.5,12.7,16.9,86,16.9,16.9,0.0,23.0,5.36,10.1
2000-12-13,10.1,11.0,8.9,7.2,8.5,86,20.6,20.6,0.0,15.0,5.26,10.2
2000-12-14,12.0,15.8,9.0,9.4,13.9,71,0.0,0.0,0.0,0.0,4.71,9.4
2000-12-15,13.9,17.8,10.6,12.6,17.3,75,0.0,0.0,0.0,0.0,2.88,6.4
2000-12-16,18.6,24.6,14.5,18.5,25.0,72,0.0,0.0,0.0,0.0,2.81,7.1
2000-12-17,19.2,23.5,16.0,19.0,23.6,71,0.0,0.0,0.0,0.0,3.85,8.2
2000-12-18,19.5,23.2,15.3,20.4,24.3,75,0.0,0.0,0.0,0.0,1.99,5.3
2000-12-19,20.9,23.7,19.1,23.0,26.2,83,3.2,3.2,0.0,9.0,2.02,5.8
2000-12-20,18.0,20.5,13.1,17.2,23.1,78,2.9,2.9,0.0,9.0,6.41,12.6
2000-12-21,12.8,15.7,10.1,9.6,13.0,64,0.0,0.0,0.0,0.0,5.28,11.1
2000-12-22,12.6,17.2,8.5,10.3,15.3,64,0.0,0.0,0.0,0.0,3.35,7.5
2000-12-23,14.0,21.0,9.2,11.6,18.7,58,0.0,0.0,0.0,0.0,3.26,7.6
2000-12-24,14.6,22.2,8.4,12.8,21.2,63,0.0,0.0,0.0,0.0,2.6,6.1
2000-12-25,15.2,22.8,9.4,13.9,21.9,69,0.0,0.0,0.0,0.0,2.82,6.0
2000-12-26,16.6,23.3,10.2,15.8,22.6,71,0.0,0.0,0.0,0.0,3.18,7.0
2000-12-27,17.9,20.8,14.7,17.9,20.4,73,0.0,0.0,0.0,0.0,2.71,6.1
2000-12-28,19.7,24.0,16.9,18.8,22.6,65,0.0,0.0,0.0,0.0,4.95,10.3
2000-12-29,16.6,20.1,13.8,15.4,19.8,69,0.0,0.0,0.0,0.0,3.73,7.8
2000-12-30,16.6,20.5,13.1,15.1,19.2,68,0.0,0.0,0.0,0.0,4.44,9.3
2000-12-31,15.3,18.6,12.5,12.7,16.1,63,0.0,0.0,0.0,0.0,5.76,11.9
2001-01-01,14.0,19.9,8.9,12.6,19.2,70,0.0,0.0,0.0,0.0,2.72,6.2
2001-01-02,15.3,21.0,10.4,15.2,21.6,80,0.0,0.0,0.0,0.0,1.7,5.0
2001-01-03,17.8,21.8,15.3,17.8,22.1,77,0.0,0.0,0.0,0.0,4.0,7.1
2001-01-04,17.0,19.4,15.1,16.1,19.9,68,0.0,0.0,0.0,0.0,3.35,6.2
2001-01-05,17.8,21.8,14.8,18.2,22.6,75,0.0,0.0,0.0,0.0,1.99,5.2
2001-01-06,17.7,21.0,14.9,18.5,22.6,85,0.0,0.0,0.0,0.0,4.0,9.3
2001-01-07,19.1,24.0,15.1,20.6,26.3,83,0.0,0.0,0.0,0.0,1.92,4.5
2001-01-08,19.6,25.1,15.7,20.3,25.3,81,0.0,0.0,0.0,0.0,4.61,10.4
2001-01-09,14.7,17.9,10.6,12.2,18.8,73,0.0,0.0,0.0,0.0,6.91,14.3
2001-01-10,10.7,13.0,9.1,7.6,9.9,65,0.0,0.0,0.0,0.0,4.59,8.9
2001-01-11,12.8,15.3,10.4,11.8,15.0,81,2.3,2.3,0.0,4.0,3.14,6.8
2001-01-12,15.3,16.7,13.8,15.0,17.0,83,2.1,2.1,0.0,7.0,4.0,6.5
2001-01-13,15.2,18.8,11.9,12.8,16.8,67,2.6,2.6,0.0,6.0,5.15,10.0
2001-01-14,13.6,17.6,9.8,10.2,14.7,54,0.0,0.0,0.0,0.0,4.74,9.8
2001-01-15,11.9,13.5,9.9,7.9,9.9,50,0.0,0.0,0.0,0.0,5.03,10.5
2001-01-16,11.8,13.6,9.8,9.1,11.7,62,0.6,0.6,0.0,4.0,3.89,7.6
2001-01-17,15.4,20.8,11.0,14.2,19.7,65,0.0,0.0,0.0,0.0,2.13,5.9
2001-01-18,17.8,23.1,13.8,18.1,23.5,77,0.0,0.0,0.0,0.0,2.24,5.2
2001-01-19,19.2,23.8,15.2,20.3,25.1,80,0.0,0.0,0.0,0.0,2.83,7.4
2001-01-20,20.9,26.6,15.4,22.0,27.6,74,0.0,0.0,0.0,0.0,2.31,6.1
2001-01-21,19.8,23.8,16.9,20.3,24.1,77,0.0,0.0,0.0,0.0,4.35,9.0
2001-01-22,20.6,23.7,18.1,22.0,25.5,85,1.8,1.8,0.0,9.0,4.8,9.6
2001-01-23,21.9,25.0,20.1,23.1,25.7,80,0.0,0.0,0.0,0.0,4.74,10.7
2001-01-24,20.5,22.0,19.3,22.0,24.1,89,6.7,6.7,0.0,20.0,3.98,10.8
2001-01-25,16.0,20.2,10.6,15.9,23.3,92,17.0,17.0,0.0,22.0,6.03,17.3
2001-01-26,10.3,11.7,8.4,6.6,8.1,76,18.5,18.5,0.0,15.0,6.12,11.9
2001-01-27,9.6,11.7,7.6,6.2,8.1,67,6.6,6.6,0.0,7.0,4.36,8.8
2001-01-28,10.6,13.4,8.1,6.9,9.7,68,1.4,1.4,0.0,5.0,5.53,10.6
2001-01-29,11.5,14.2,9.7,8.5,11.8,61,0.0,0.0,0.0,0.0,4.05,8.0
2001-01-30,13.2,14.7,12.1,11.7,12.6,72,0.0,0.0,0.0,0.0,3.13,7.3
2001-01-31,15.1,18.6,12.6,14.9,19.1,81,1.3,1.3,0.0,6.0,2.24,5.0
2001-02-01,13.3,15.7,10.0,11.5,15.2,83,2.7,2.7,0.0,10.0,4.66,9.7
2001-02-02,9.1,9.9,8.0,6.7,7.6,85,2.7,2.7,0.0,10.0,3.86,7.3
2001-02-03,9.9,10.9,9.0,8.4,9.7,94,6.6,6.6,0.0,17.0,2.91,5.7
2001-02-04,12.0,13.5,11.0,10.6,12.0,88,3.0,3.0,0.0,10.0,3.34,7.6
2001-02-05,14.4,17.1,12.0,14.6,18.0,87,0.0,0.0,0.0,0.0,1.5,3.6
2001-02-06,18.9,22.5,14.8,19.9,23.6,86,0.2,0.2,0.0,1.0,3.73,7.7
2001-02-07,16.1,19.6,13.0,14.6,21.7,79,1.9,1.9,0.0,4.0,5.87,12.4
2001-02-08,13.1,15.6,11.0,10.4,13.6,67,0.2,0.2,0.0,2.0,4.96,9.8
2001-02-09,12.6,13.8,11.6,10.0,11.1,71,0.1,0.1,0.0,1.0,4.08,8.9
2001-02-10,12.3,15.7,9.7,10.3,13.9,79,3.6,3.6,0.0,9.0,4.54,9.1
2001-02-11,16.7,20.7,12.0,16.7,21.4,73,0.0,0.0,0.0,0.0,2.24,5.8
2001-02-12,20.5,25.5,16.4,21.2,26.7,73,0.0,0.0,0.0,0.0,4.11,8.3
2001-02-13,14.7,18.6,10.8,11.5,17.6,65,0.0,0.0,0.0,0.0,6.52,13.0
2001-02-14,12.0,16.5,8.4,8.3,12.7,55,0.0,0.0,0.0,0.0,5.81,11.7
2001-02-15,13.5,19.8,8.1,11.2,18.4,57,0.0,0.0,0.0,0.0,3.22,7.4
2001-02-16,16.2,22.1,11.7,14.2,20.5,56,0.0,0.0,0.0,0.0,3.89,8.1
2001-02-17,16.5,22.6,10.4,15.9,22.3,72,0.0,0.0,0.0,0.0,3.2,6.7
2001-02-18,19.5,25.1,15.5,20.3,26.2,75,0.0,0.0,0.0,0.0,2.08,4.8
2001-02-19,20.2,27.2,14.8,21.8,30.3,79,0.0,0.0,0.0,0.0,2.61,4.8
2001-02-20,20.8,27.6,15.8,21.8,29.6,71,0.0,0.0,0.0,0.0,3.41,6.3
2001-02-21,20.6,26.1,16.1,22.2,28.0,78,0.0,0.0,0.0,0.0,1.92,4.9
2001-02-22,22.2,28.0,17.2,24.3,31.4,79,0.0,0.0,0.0,0.0,3.04,6.3
2001-02-23,23.2,28.9,18.2,25.3,31.5,76,0.0,0.0,0.0,0.0,3.61,7.8
2001-02-24,20.0,22.7,13.7,19.8,23.9,76,8.3,8.3,0.0,6.0,7.11,14.7
2001-02-25,11.4,13.5,9.8,8.6,11.0,81,8.3,8.3,0.0,12.0,5.14,11.5
2001-02-26,11.5,13.8,9.3,9.8,12.7,87,11.8,11.8,0.0,20.0,3.85,10.8
2001-02-27,15.6,20.4,12.3,15.6,21.3,85,2.8,2.8,0.0,8.0,2.86,9.6
2001-02-28,15.2,16.4,13.8,13.9,15.8,81,0.2,0.2,0.0,2.0,4.5,9.9
2001-03-01,15.9,21.5,11.5,13.8,19.8,61,0.0,0.0,0.0,0.0,4.53,9.5
2001-03-02,17.5,23.0,11.8,16.8,22.9,65,0.0,0.0,0.0,0.0,3.47,7.9
2001-03-03,19.2,23.1,16.8,19.5,24.0,75,1.1,1.1,0.0,5.0,5.23,10.3
2001-03-04,18.8,24.7,14.2,17.1,23.0,53,0.0,0.0,0.0,0.0,4.55,10.2
2001-03-05,18.4,25.1,11.8,17.7,23.9,70,0.0,0.0,0.0,0.0,5.36,11.0
2001-03-06,21.6,25.2,18.9,22.6,25.7,74,0.2,0.2,0.0,1.0,4.46,9.6
2001-03-07,19.4,24.8,15.7,20.2,27.6,82,1.6,1.6,0.0,9.0,6.02,12.2
2001-03-08,14.1,15.6,13.4,11.7,14.1,72,1.8,1.8,0.0,8.0,5.5,11.0
2001-03-09,15.3,19.1,12.7,13.3,17.6,54,0.3,0.3,0.0,2.0,3.28,7.2
2001-03-10,13.9,14.7,12.8,13.6,14.9,87,6.1,6.1,0.0,20.0,2.38,5.2
2001-03-11,15.8,17.7,14.2,16.2,18.4,92,11.8,11.8,0.0,21.0,3.38,6.7
2001-03-12,18.0,22.8,14.7,17.2,21.8,70,1.3,1.3,0.0,6.0,4.88,10.3
2001-03-13,19.0,24.2,14.2,18.8,24.1,69,0.0,0.0,0.0,0.0,4.23,9.0
2001-03-14,20.5,23.5,17.8,21.5,24.6,78,0.7,0.7,0.0,4.0,3.89,7.7
2001-03-15,22.1,26.5,18.6,24.3,29.2,80,3.0,3.0,0.0,7.0,3.59,7.2
2001-03-16,22.8,25.7,19.4,24.8,27.4,83,0.5,0.5,0.0,3.0,4.4,9.4
2001-03-17,23.9,27.7,19.6,26.4,31.0,81,1.4,1.4,0.0,8.0,5.63,11.6
2001-03-18,22.4,27.2,18.7,23.2,29.3,65,0.0,0.0,0.0,0.0,4.08,8.3
2001-03-19,22.8,25.4,20.5,25.2,28.2,81,0.5,0.5,0.0,3.0,2.88,6.8
2001-03-20,22.2,25.6,18.9,24.7,29.1,88,18.2,18.2,0.0,13.0,4.39,10.0
2001-03-21,21.3,27.0,16.4,22.4,29.2,67,0.0,0.0,0.0,0.0,2.73,5.8
2001-03-22,22.8,27.6,18.0,24.3,29.7,78,1.0,1.0,0.0,5.0,4.95,10.2
2001-03-23,24.9,27.7,22.4,27.6,30.1,82,0.9,0.9,0.0,4.0,5.2,11.3
2001-03-24,26.3,29.7,23.3,29.3,31.7,78,0.3,0.3,0.0,2.0,5.55,11.3
2001-03-25,22.4,25.6,19.1,24.5,30.1,86,21.7,21.7,0.0,13.0,5.73,13.3
2001-03-26,20.1,23.0,17.2,20.9,24.5,74,4.1,4.1,0.0,4.0,3.91,8.0
2001-03-27,19.6,20.4,18.6,21.9,23.1,91,6.1,6.1,0.0,16.0,2.7,5.9
2001-03-28,21.2,25.5,17.8,22.8,27.2,78,0.3,0.3,0.0,2.0,2.75,6.8
2001-03-29,19.0,23.5,15.2,18.0,23.2,64,2.3,2.3,0.0,3.0,6.65,13.1
2001-03-30,19.7,25.4,13.2,20.2,26.3,71,0.0,0.0,0.0,0.0,2.64,7.0
2001-03-31,22.1,26.1,17.7,24.0,28.5,75,0.2,0.2,0.0,1.0,2.16,6.2
2001-04-01,22.3,25.1,20.4,23.4,26.0,75,1.0,1.0,0.0,3.0,4.3,8.6
2001-04-02,23.1,26.3,20.1,24.7,27.9,77,0.1,0.1,0.0,1.0,4.3,9.5
2001-04-03,24.4,27.3,21.1,27.3,30.2,81,1.3,1.3,0.0,5.0,4.2,9.2
2001-04-04,21.4,23.5,19.8,24.3,27.5,94,87.2,87.2,0.0,24.0,3.76,9.2
2001-04-05,21.2,22.8,19.2,23.5,25.3,86,38.1,38.1,0.0,16.0,2.56,6.6
2001-04-06,20.7,21.5,20.2,23.6,24.6,96,12.6,12.6,0.0,22.0,2.64,8.1
2001-04-07,21.2,22.3,20.1,23.9,25.2,94,8.1,8.1,0.0,19.0,3.55,7.3
2001-04-08,24.8,28.1,22.4,28.6,32.8,91,6.6,6.6,0.0,12.0,5.53,14.5
2001-04-09,25.0,26.8,23.5,29.2,30.7,91,11.4,11.4,0.0,21.0,4.36,8.0
2001-04-10,23.7,25.2,20.7,26.6,29.7,87,16.3,16.3,0.0,18.0,5.67,11.5
2001-04-11,14.8,18.6,13.6,12.1,17.1,76,17.2,17.2,0.0,18.0,6.61,13.2
2001-04-12,17.0,22.3,12.0,15.6,21.7,59,0.0,0.0,0.0,0.0,4.57,9.6
2001-04-13,19.0,23.6,14.2,19.5,24.8,74,0.0,0.0,0.0,0.0,2.67,6.6
2001-04-14,20.4,22.3,18.5,22.3,24.5,80,1.5,1.5,0.0,6.0,1.43,4.3
2001-04-15,22.1,24.8,20.1,24.2,25.9,78,1.1,1.1,0.0,4.0,2.91,6.1
2001-04-16,22.2,25.1,19.5,24.9,28.3,83,0.7,0.7,0.0,5.0,2.25,5.7
2001-04-17,23.5,26.7,21.7,27.5,31.3,89,9.2,9.2,0.0,16.0,2.4,7.2
2001-04-18,23.8,25.4,22.7,27.4,29.0,92,11.3,11.3,0.0,21.0,4.67,8.4
2001-04-19,25.2,28.3,23.1,28.3,31.4,89,3.6,3.6,0.0,15.0,5.82,13.5
2001-04-20,26.9,29.7,25.0,30.5,32.0,83,8.0,8.0,0.0,15.0,7.92,15.3
2001-04-21,23.6,25.3,20.1,26.8,30.2,89,38.9,38.9,0.0,21.0,4.79,11.0
2001-04-22,17.8,19.9,16.7,17.8,20.2,88,19.4,19.4,0.0,19.0,4.71,11.6
2001-04-23,19.7,21.8,17.2,21.8,25.5,91,3.4,3.4,0.0,15.0,2.53,6.8
2001-04-24,20.2,21.0,19.0,22.3,24.6,94,22.9,22.9,0.0,24.0,4.18,9.9
2001-04-25,18.8,19.8,17.5,19.5,21.5,87,10.9,10.9,0.0,17.0,4.21,8.5
2001-04-26,21.8,25.8,18.3,23.8,28.9,79,0.3,0.3,0.0,2.0,3.13,6.0
2001-04-27,24.2,28.0,20.6,26.5,30.3,81,0.5,0.5,0.0,4.0,4.96,9.7
2001-04-28,26.6,30.1,23.7,30.1,33.7,81,1.9,1.9,0.0,7.0,5.5,11.5
2001-04-29,28.3,32.0,25.8,33.2,37.7,82,14.1,14.1,0.0,16.0,5.38,12.0
2001-04-30,27.9,31.2,24.8,33.6,37.4,84,20.7,20.7,0.0,17.0,2.6,7.1
2001-05-01,25.0,27.0,23.3,28.9,30.8,84,7.4,7.4,0.0,18.0,3.31,9.4
2001-05-02,24.8,27.7,22.7,28.3,31.3,79,2.1,2.1,0.0,6.0,1.9,4.3
2001-05-03,25.4,27.6,23.5,30.2,32.5,88,26.7,26.7,0.0,22.0,2.95,7.2
2001-05-04,25.7,28.0,24.2,30.4,32.9,90,11.5,11.5,0.0,11.0,3.28,7.7
2001-05-05,27.7,31.7,24.8,32.7,36.8,82,3.8,3.8,0.0,12.0,4.15,10.3
2001-05-06,28.6,32.4,25.4,34.3,37.8,83,11.3,11.3,0.0,12.0,3.81,11.0
2001-05-07,29.2,33.6,26.4,35.4,39.9,83,11.7,11.7,0.0,13.0,3.98,12.4
2001-05-08,26.3,28.4,24.8,31.6,34.6,89,16.3,16.3,0.0,19.0,2.69,9.3
2001-05-09,24.6,25.9,22.2,28.8,32.0,89,30.1,30.1,0.0,16.0,4.93,11.8
2001-05-10,24.0,27.5,20.4,25.0,29.9,67,0.0,0.0,0.0,0.0,4.93,10.3
2001-05-11,25.3,29.8,22.0,27.7,32.8,69,0.0,0.0,0.0,0.0,2.77,6.5
2001-05-12,26.7,31.6,21.8,29.7,35.2,69,0.0,0.0,0.0,0.0,3.1,7.0
2001-05-13,27.6,33.0,22.4,32.0,37.8,71,0.0,0.0,0.0,0.0,1.99,5.2
2001-05-14,27.9,32.8,23.4,32.6,37.8,75,0.4,0.4,0.0,3.0,2.11,4.6
2001-05-15,28.0,32.5,24.3,33.3,39.4,78,0.3,0.3,0.0,2.0,2.4,5.7
2001-05-16,25.7,26.8,24.1,30.5,32.3,88,10.5,10.5,0.0,17.0,3.01,6.3
2001-05-17,25.5,28.3,23.4,30.1,33.0,89,12.3,12.3,0.0,23.0,3.89,9.8
2001-05-18,26.7,29.7,24.5,32.7,36.2,92,40.8,40.8,0.0,24.0,2.69,6.6
2001-05-19,27.7,31.3,25.1,33.4,37.8,85,1.9,1.9,0.0,11.0,2.82,6.9
2001-05-20,29.9,34.7,26.0,35.9,40.9,77,0.1,0.1,0.0,1.0,3.23,7.1
2001-05-21,27.3,29.5,25.6,33.3,34.8,89,26.8,26.8,0.0,17.0,4.06,9.5
2001-05-22,27.7,32.1,24.5,33.3,37.8,84,19.7,19.7,0.0,14.0,2.86,8.4
2001-05-23,28.9,34.2,24.7,34.9,41.3,80,1.4,1.4,0.0,7.0,2.97,7.1
2001-05-24,29.5,33.9,25.9,35.1,40.2,77,0.3,0.3,0.0,3.0,3.72,8.1
2001-05-25,28.4,31.4,25.7,33.3,35.3,79,0.5,0.5,0.0,1.0,4.18,8.4
2001-05-26,29.1,33.5,24.9,34.0,37.9,75,0.0,0.0,0.0,0.0,3.2,6.8
2001-05-27,29.6,33.4,25.5,34.9,38.5,71,0.3,0.3,0.0,2.0,1.91,5.2
2001-05-28,28.1,31.0,25.7,33.4,37.1,78,3.7,3.7,0.0,11.0,3.02,7.0
2001-05-29,26.9,29.5,25.0,32.3,35.4,85,13.2,13.2,0.0,10.0,2.86,6.2
2001-05-30,27.5,30.0,25.1,33.0,34.9,83,2.9,2.9,0.0,6.0,2.57,6.2
2001-05-31,28.0,31.2,24.8,32.0,35.9,70,0.0,0.0,0.0,0.0,3.67,7.7
2001-06-01,26.0,27.2,24.8,29.7,31.3,78,1.7,1.7,0.0,7.0,3.67,6.8
2001-06-02,25.3,27.3,23.7,29.7,32.0,86,12.0,12.0,0.0,24.0,3.28,6.9
2001-06-03,26.1,29.1,24.1,31.0,33.5,89,12.0,12.0,0.0,20.0,4.13,9.4
2001-06-04,27.1,30.2,25.7,32.7,34.8,89,19.6,19.6,0.0,24.0,4.79,11.1
2001-06-05,26.7,29.6,24.6,32.2,35.2,87,28.4,28.4,0.0,22.0,3.04,8.0
2001-06-06,26.1,28.5,24.5,31.3,34.1,90,19.5,19.5,0.0,16.0,3.54,8.0
2001-06-07,26.1,28.4,24.7,31.1,33.5,91,15.9,15.9,0.0,21.0,4.2,9.3
2001-06-08,25.9,28.6,24.6,31.1,34.2,93,35.7,35.7,0.0,24.0,3.41,8.5
2001-06-09,26.4,28.6,25.1,31.6,33.7,92,38.8,38.8,0.0,22.0,3.76,8.7
2001-06-10,27.2,29.3,25.7,33.0,35.4,89,28.7,28.7,0.0,19.0,4.13,10.1
2001-06-11,26.9,30.0,24.9,32.6,36.1,90,21.3,21.3,0.0,18.0,4.25,10.1
2001-06-12,27.5,30.5,25.5,33.1,35.6,87,13.6,13.6,0.0,16.0,4.28,11.4
2001-06-13,26.8,29.8,24.5,31.8,34.2,89,44.3,44.3,0.0,20.0,5.97,11.8
2001-06-14,26.7,31.6,21.4,31.0,38.6,74,1.5,1.5,0.0,1.0,3.11,8.4
2001-06-15,27.6,32.9,22.9,32.5,38.1,80,1.3,1.3,0.0,5.0,3.2,7.1
2001-06-16,29.5,32.7,26.5,34.9,39.8,79,3.8,3.8,0.0,15.0,4.27,10.0
2001-06-17,29.9,33.1,27.0,35.7,40.4,79,6.4,6.4,0.0,11.0,4.11,9.1
2001-06-18,30.4,34.2,27.0,36.2,39.4,76,2.9,2.9,0.0,15.0,3.69,8.8
2001-06-19,30.0,33.2,27.3,36.4,40.1,80,9.5,9.5,0.0,7.0,4.08,7.9
2001-06-20,29.8,33.6,27.4,36.3,39.7,81,12.1,12.1,0.0,15.0,3.95,8.9
2001-06-21,29.4,33.0,26.5,35.7,40.3,81,11.1,11.1,0.0,14.0,2.82,6.8
2001-06-22,30.0,34.9,26.3,36.6,41.6,79,7.5,7.5,0.0,12.0,2.09,6.3
2001-06-23,30.6,34.2,26.8,37.4,42.6,78,8.1,8.1,0.0,7.0,3.26,7.6
2001-06-24,28.9,33.9,26.0,35.1,41.3,82,13.0,13.0,0.0,14.0,3.36,7.8
2001-06-25,27.6,30.8,26.0,32.8,36.0,86,14.1,14.1,0.0,16.0,4.3,8.9
2001-06-26,27.0,29.2,25.6,31.6,33.4,88,14.4,14.4,0.0,21.0,5.19,12.5
2001-06-27,26.3,28.2,25.1,30.8,33.1,92,15.4,15.4,0.0,22.0,6.49,12.8
2001-06-28,28.0,31.2,25.2,33.0,35.9,84,8.5,8.5,0.0,18.0,4.36,10.9
2001-06-29,29.6,33.5,26.1,35.0,38.9,78,2.3,2.3,0.0,11.0,4.25,9.2
2001-06-30,29.4,33.8,26.7,35.1,39.9,78,6.5,6.5,0.0,11.0,4.3,11.0
2001-07-01,28.6,30.8,27.1,32.4,35.1,80,10.1,10.1,0.0,18.0,6.91,16.7
2001-07-02,27.4,29.1,26.4,31.1,33.6,86,19.0,19.0,0.0,23.0,6.45,16.1
2001-07-03,28.5,32.8,25.5,33.3,37.4,81,6.6,6.6,0.0,13.0,5.13,12.7
2001-07-04,30.4,36.0,24.6,35.8,41.7,72,0.0,0.0,0.0,0.0,4.0,8.4
2001-07-05,32.4,36.0,28.5,37.0,40.7,63,5.9,5.9,0.0,4.0,5.06,13.6
2001-07-06,27.4,29.0,25.8,30.8,33.0,84,59.6,59.6,0.0,21.0,8.68,19.0
2001-07-07,28.2,30.2,26.3,31.5,34.0,87,39.9,39.9,0.0,19.0,9.85,21.0
2001-07-08,29.4,32.7,26.5,35.1,38.2,82,10.4,10.4,0.0,16.0,4.62,10.3
2001-07-09,30.0,34.2,26.8,36.9,41.1,81,9.4,9.4,0.0,15.0,3.0,5.9
2001-07-10,31.0,35.2,27.3,37.4,40.7,74,0.0,0.0,0.0,0.0,2.72,6.4
2001-07-11,31.6,35.6,27.8,38.1,42.3,74,0.2,0.2,0.0,2.0,3.55,7.5
2001-07-12,31.7,35.1,28.7,38.2,41.0,74,0.1,0.1,0.0,1.0,3.49,8.1
2001-07-13,28.3,31.4,26.1,33.9,36.1,82,10.6,10.6,0.0,12.0,3.59,7.2
2001-07-14,27.3,29.8,26.0,32.5,35.3,87,17.7,17.7,0.0,18.0,5.12,9.7
2001-07-15,26.4,29.0,24.5,31.8,35.1,91,35.0,35.0,0.0,24.0,4.2,9.1
2001-07-16,26.1,28.5,24.9,31.8,34.1,93,32.1,32.1,0.0,23.0,4.33,8.8
2001-07-17,26.1,28.5,24.6,31.0,33.9,93,47.2,47.2,0.0,24.0,5.04,10.6
2001-07-18,27.2,29.5,25.5,32.1,34.0,88,11.5,11.5,0.0,12.0,4.2,9.5
2001-07-19,28.5,32.4,25.7,34.3,38.5,83,2.8,2.8,0.0,10.0,3.96,8.1
2001-07-20,29.0,32.7,26.1,34.8,38.0,82,13.7,13.7,0.0,10.0,4.52,9.3
2001-07-21,27.6,29.4,26.2,33.0,34.6,86,13.6,13.6,0.0,16.0,3.79,9.2
2001-07-22,28.3,31.5,25.5,33.7,36.9,84,11.1,11.1,0.0,15.0,4.28,11.3
2001-07-23,30.1,34.1,26.1,36.5,40.7,77,1.8,1.8,0.0,9.0,2.4,5.3
2001-07-24,29.9,35.5,26.4,36.5,44.7,78,5.7,5.7,0.0,6.0,3.99,9.5
2001-07-25,28.5,31.2,26.5,32.3,34.4,78,7.9,7.9,0.0,6.0,6.36,14.5
2001-07-26,27.5,29.7,26.5,31.7,33.8,85,14.1,14.1,0.0,21.0,6.44,12.4
2001-07-27,28.4,31.8,25.8,34.1,37.5,85,7.3,7.3,0.0,16.0,4.29,9.8
2001-07-28,30.2,34.5,26.9,37.0,41.9,80,0.9,0.9,0.0,5.0,3.21,6.6
2001-07-29,30.5,34.3,26.5,37.1,40.9,77,0.6,0.6,0.0,4.0,2.91,6.5
2001-07-30,30.9,34.8,27.3,37.8,42.1,78,0.6,0.6,0.0,2.0,3.86,7.9
2001-07-31,31.3,35.1,28.0,38.2,41.9,77,1.7,1.7,0.0,6.0,3.59,8.4
2001-08-01,27.9,29.4,26.2,34.1,36.5,87,21.3,21.3,0.0,13.0,3.04,6.8
2001-08-02,26.6,29.5,25.0,31.8,34.4,88,20.3,20.3,0.0,22.0,3.88,7.5
2001-08-03,27.6,31.7,24.9,33.3,37.5,84,10.8,10.8,0.0,9.0,2.5,6.6
2001-08-04,29.3,35.1,24.8,36.2,42.7,81,5.0,5.0,0.0,5.0,2.1,6.2
2001-08-05,30.5,34.8,27.0,37.1,41.6,78,7.2,7.2,0.0,6.0,3.22,8.4
2001-08-06,30.9,35.1,27.6,38.0,42.9,78,3.0,3.0,0.0,3.0,2.79,6.2
2001-08-07,31.7,35.1,27.7,38.6,42.6,75,0.3,0.3,0.0,3.0,2.52,5.6
2001-08-08,31.5,35.4,28.4,38.9,44.5,76,5.3,5.3,0.0,18.0,2.0,5.2
2001-08-09,31.0,35.6,27.3,37.8,43.5,76,4.6,4.6,0.0,8.0,2.66,5.8
2001-08-10,29.7,32.9,27.5,35.3,38.1,80,6.1,6.1,0.0,11.0,4.53,10.5
2001-08-11,28.6,31.3,26.1,34.4,36.8,83,8.1,8.1,0.0,18.0,3.36,7.7
2001-08-12,29.0,33.6,25.9,35.7,41.4,82,17.8,17.8,0.0,15.0,1.51,5.3
2001-08-13,29.0,33.6,25.5,35.3,41.3,80,6.2,6.2,0.0,11.0,2.3,5.4
2001-08-14,28.8,32.8,25.8,35.4,40.9,82,9.9,9.9,0.0,15.0,1.66,5.4
2001-08-15,28.9,33.4,25.7,35.9,42.5,83,8.4,8.4,0.0,14.0,1.94,5.3
2001-08-16,28.5,32.8,25.9,34.9,40.4,82,9.7,9.7,0.0,11.0,2.13,5.3
2001-08-17,29.0,33.6,25.5,35.4,40.9,81,7.9,7.9,0.0,15.0,2.06,6.1
2001-08-18,29.7,35.0,26.0,36.2,42.5,77,2.8,2.8,0.0,9.0,1.89,6.6
2001-08-19,29.4,33.9,26.2,35.9,41.7,79,1.7,1.7,0.0,9.0,2.0,5.5
2001-08-20,30.6,35.1,26.5,37.8,43.7,78,0.4,0.4,0.0,3.0,1.9,6.3
2001-08-21,31.2,35.8,27.8,38.7,44.9,76,0.6,0.6,0.0,2.0,2.44,4.4
2001-08-22,31.7,35.9,27.8,39.2,44.4,77,0.7,0.7,0.0,4.0,2.4,4.5
2001-08-23,32.0,36.3,28.6,39.6,45.1,76,0.4,0.4,0.0,2.0,2.4,5.6
2001-08-24,31.3,35.2,28.2,38.9,43.8,79,6.6,6.6,0.0,13.0,2.06,4.9
2001-08-25,29.9,33.2,27.6,37.1,41.5,82,8.3,8.3,0.0,15.0,2.22,4.9
2001-08-26,29.5,34.2,26.7,36.2,42.2,81,9.6,9.6,0.0,21.0,2.33,5.6
2001-08-27,29.0,33.0,26.1,34.8,39.3,80,4.4,4.4,0.0,12.0,3.64,8.4
2001-08-28,28.9,31.7,26.8,33.9,37.0,79,13.5,13.5,0.0,8.0,4.8,13.1
2001-08-29,28.2,31.4,26.3,32.6,35.6,83,15.1,15.1,0.0,14.0,6.17,13.5
2001-08-30,27.4,29.5,26.0,32.4,34.5,89,14.2,14.2,0.0,19.0,4.85,10.9
2001-08-31,27.3,29.5,25.8,32.8,35.0,91,9.2,9.2,0.0,18.0,4.25,10.1
2001-09-01,26.8,29.3,25.5,32.6,35.2,93,38.2,38.2,0.0,22.0,3.5,7.7
2001-09-02,25.6,26.2,24.7,30.3,30.9,92,42.0,42.0,0.0,24.0,3.32,7.1
2001-09-03,25.7,26.4,24.9,30.4,31.5,91,15.9,15.9,0.0,23.0,4.1,7.0
2001-09-04,27.0,30.8,24.7,32.5,35.6,87,9.2,9.2,0.0,14.0,2.94,6.1
2001-09-05,26.1,28.2,24.8,32.0,35.2,93,11.2,11.2,0.0,22.0,2.24,5.6
2001-09-06,27.7,31.9,24.9,34.1,38.9,87,6.2,6.2,0.0,13.0,2.06,4.8
2001-09-07,28.1,32.3,25.3,34.4,39.3,86,5.2,5.2,0.0,8.0,2.69,5.7
2001-09-08,29.3,33.8,25.4,34.6,39.3,73,0.1,0.1,0.0,1.0,3.0,7.0
2001-09-09,29.0,33.2,25.6,33.4,37.2,70,0.0,0.0,0.0,0.0,3.83,8.3
2001-09-10,28.3,32.8,24.2,32.4,37.0,70,0.0,0.0,0.0,0.0,3.58,8.2
2001-09-11,28.8,32.7,25.4,33.2,37.1,70,0.0,0.0,0.0,0.0,3.4,7.3
2001-09-12,29.2,33.9,26.1,34.1,39.0,71,0.0,0.0,0.0,0.0,2.59,5.7
2001-09-13,28.9,33.2,25.6,34.2,38.6,73,0.5,0.5,0.0,3.0,1.7,4.4
2001-09-14,29.3,34.0,25.7,34.7,39.0,75,0.0,0.0,0.0,0.0,2.2,5.2
2001-09-15,29.7,34.6,25.0,34.9,39.3,70,0.0,0.0,0.0,0.0,2.7,6.1
2001-09-16,29.3,34.1,25.0,33.9,39.2,67,0.0,0.0,0.0,0.0,2.15,5.2
2001-09-17,29.5,35.1,24.9,34.4,39.8,70,0.0,0.0,0.0,0.0,2.16,4.9
2001-09-18,29.6,34.0,25.8,34.9,39.6,72,0.1,0.1,0.0,1.0,2.26,5.7
2001-09-19,29.8,34.6,25.4,34.6,39.0,70,0.7,0.7,0.0,1.0,3.38,7.1
2001-09-20,28.6,31.2,25.8,32.0,34.3,72,11.0,11.0,0.0,8.0,5.5,10.8
2001-09-21,25.9,28.0,24.9,30.2,32.2,89,32.9,32.9,0.0,22.0,5.03,12.6
2001-09-22,27.8,31.5,24.5,32.4,36.1,78,1.1,1.1,0.0,8.0,4.13,8.6
2001-09-23,28.3,31.9,24.8,31.6,35.7,67,0.0,0.0,0.0,0.0,4.54,9.4
2001-09-24,28.6,32.8,24.4,31.5,37.1,62,0.0,0.0,0.0,0.0,4.24,9.2
2001-09-25,29.0,32.2,25.5,31.0,34.6,58,0.0,0.0,0.0,0.0,5.71,11.6
2001-09-26,28.7,31.9,25.9,30.9,34.2,60,0.0,0.0,0.0,0.0,4.44,9.1
2001-09-27,28.1,31.5,23.9,30.6,34.3,63,0.0,0.0,0.0,0.0,5.5,11.2
2001-09-28,28.5,31.6,25.3,31.0,34.8,60,0.0,0.0,0.0,0.0,4.54,9.3
2001-09-29,28.3,31.4,24.8,31.3,35.5,64,0.0,0.0,0.0,0.0,3.93,8.4
2001-09-30,29.4,33.4,25.2,32.9,37.5,63,0.0,0.0,0.0,0.0,3.82,9.0
2001-10-01,29.1,33.3,25.8,32.1,36.7,61,0.0,0.0,0.0,0.0,4.22,9.0
2001-10-02,27.8,32.6,24.0,32.0,36.2,74,0.1,0.1,0.0,1.0,3.11,7.9
2001-10-03,27.5,31.5,24.2,32.0,36.9,74,0.0,0.0,0.0,0.0,2.77,5.5
2001-10-04,25.8,28.6,23.8,27.9,30.8,71,0.1,0.1,0.0,1.0,4.56,9.2
2001-10-05,25.2,28.2,22.3,27.7,31.3,71,0.0,0.0,0.0,0.0,3.2,6.3
2001-10-06,26.9,30.9,23.0,30.6,33.9,73,0.0,0.0,0.0,0.0,2.91,6.9
2001-10-07,27.5,31.4,23.7,32.0,35.5,77,0.0,0.0,0.0,0.0,2.9,6.4
2001-10-08,27.4,30.5,25.2,32.6,35.9,81,11.6,11.6,0.0,16.0,4.2,7.0
2001-10-09,24.5,27.3,22.6,26.0,27.9,70,0.5,0.5,0.0,3.0,4.88,10.4
2001-10-10,25.1,29.1,21.8,27.0,31.9,63,0.3,0.3,0.0,1.0,3.35,7.4
2001-10-11,26.2,31.1,23.1,29.5,34.4,71,0.0,0.0,0.0,0.0,2.42,5.7
2001-10-12,26.1,31.2,22.2,29.6,35.1,72,0.0,0.0,0.0,0.0,2.91,5.4
2001-10-13,25.9,30.1,22.2,29.6,33.9,76,0.0,0.0,0.0,0.0,2.73,5.2
2001-10-14,25.9,30.2,22.7,29.4,34.1,75,0.0,0.0,0.0,0.0,2.82,5.2
2001-10-15,26.4,31.5,22.4,29.9,35.4,73,0.0,0.0,0.0,0.0,4.5,8.3
2001-10-16,26.6,30.5,22.8,27.7,32.4,61,0.0,0.0,0.0,0.0,5.14,10.6
2001-10-17,25.5,29.3,21.5,26.1,30.9,60,0.0,0.0,0.0,0.0,5.07,11.1
2001-10-18,25.2,29.2,21.7,27.0,32.1,64,0.0,0.0,0.0,0.0,4.08,8.0
2001-10-19,26.5,30.9,23.4,29.8,33.9,71,0.0,0.0,0.0,0.0,2.84,5.7
2001-10-20,25.8,30.8,22.2,28.9,33.9,73,0.0,0.0,0.0,0.0,3.11,6.1
2001-10-21,26.0,32.1,21.3,29.3,34.5,73,0.0,0.0,0.0,0.0,3.01,6.7
2001-10-22,26.5,32.0,22.0,30.0,35.2,72,0.0,0.0,0.0,0.0,3.36,7.9
2001-10-23,26.5,31.4,21.7,29.9,34.9,71,0.0,0.0,0.0,0.0,2.66,7.2
2001-10-24,26.7,32.2,22.2,30.7,36.4,75,0.0,0.0,0.0,0.0,3.0,6.8
2001-10-25,26.4,32.0,22.4,29.7,35.5,73,0.0,0.0,0.0,0.0,3.76,6.9
2001-10-26,25.8,30.7,21.4,29.2,34.0,75,0.0,0.0,0.0,0.0,2.42,6.4
2001-10-27,26.2,31.1,22.1,29.5,34.2,75,0.0,0.0,0.0,0.0,4.7,8.9
2001-10-28,24.7,28.1,21.9,25.1,28.4,64,0.1,0.1,0.0,1.0,5.25,9.8
2001-10-29,21.8,23.9,20.3,22.5,24.1,72,2.5,2.5,0.0,8.0,4.12,7.8
2001-10-30,23.1,27.4,20.3,24.7,29.4,71,0.1,0.1,0.0,1.0,2.9,6.7
2001-10-31,24.3,28.6,20.6,27.4,32.3,76,0.6,0.6,0.0,2.0,1.9,5.9
2001-11-01,25.8,30.4,21.2,29.6,34.3,76,0.0,0.0,0.0,0.0,1.84,5.1
2001-11-02,26.3,30.0,22.6,29.6,32.5,76,0.3,0.3,0.0,3.0,3.96,8.6
2001-11-03,25.3,29.9,23.3,29.1,35.7,82,3.3,3.3,0.0,3.0,4.79,10.1
2001-11-04,24.4,27.8,20.9,26.9,30.3,76,2.0,2.0,0.0,7.0,3.8,8.0
2001-11-05,23.7,27.6,20.2,25.3,29.3,76,0.5,0.5,0.0,3.0,6.73,13.2
2001-11-06,20.6,23.4,18.6,18.7,21.8,57,0.0,0.0,0.0,0.0,5.98,11.4
2001-11-07,21.3,25.8,17.8,20.5,25.9,54,0.0,0.0,0.0,0.0,3.55,7.7
2001-11-08,22.6,26.9,18.6,22.0,26.4,54,0.0,0.0,0.0,0.0,4.08,8.3
2001-11-09,21.7,25.5,18.9,19.2,23.1,48,0.0,0.0,0.0,0.0,6.24,12.3
2001-11-10,20.8,24.8,16.9,18.5,22.8,51,0.0,0.0,0.0,0.0,5.92,11.7
2001-11-11,21.1,25.2,17.3,18.5,22.7,45,0.0,0.0,0.0,0.0,5.58,11.2
2001-11-12,21.6,27.1,16.2,20.0,25.3,44,0.6,0.6,0.0,2.0,4.44,9.5
2001-11-13,20.8,22.7,18.1,20.5,22.5,61,2.1,2.1,0.0,7.0,4.9,10.0
2001-11-14,16.3,21.7,14.0,14.1,17.7,62,6.5,6.5,0.0,19.0,5.58,11.4
2001-11-15,16.6,20.5,13.6,13.7,16.8,44,0.0,0.0,0.0,0.0,4.81,9.7
2001-11-16,16.6,23.6,10.9,13.4,20.3,41,0.0,0.0,0.0,0.0,4.17,9.0
2001-11-17,18.2,25.6,11.8,15.4,22.6,42,0.0,0.0,0.0,0.0,3.94,8.7
2001-11-18,19.5,25.8,14.3,16.7,23.0,40,0.0,0.0,0.0,0.0,3.9,8.9
2001-11-19,18.9,24.9,13.0,16.2,21.6,40,0.0,0.0,0.0,0.0,4.09,9.1
2001-11-20,18.2,24.4,13.7,15.1,20.7,37,0.0,0.0,0.0,0.0,4.02,9.0
2001-11-21,17.3,24.4,11.8,14.5,21.7,41,0.0,0.0,0.0,0.0,3.86,8.3
2001-11-22,17.0,25.1,10.8,14.9,23.1,48,0.0,0.0,0.0,0.0,3.01,7.1
2001-11-23,16.7,25.0,10.0,15.3,23.5,60,0.0,0.0,0.0,0.0,2.47,6.0
2001-11-24,17.2,25.6,9.7,15.6,23.9,58,0.0,0.0,0.0,0.0,2.62,6.4
2001-11-25,18.6,26.1,12.5,16.7,24.4,50,0.0,0.0,0.0,0.0,3.1,7.4
2001-11-26,19.3,25.8,13.9,18.1,25.2,52,0.0,0.0,0.0,0.0,2.97,7.0
2001-11-27,18.9,25.8,13.0,18.4,24.9,67,0.0,0.0,0.0,0.0,2.97,7.3
2001-11-28,20.5,24.2,16.0,20.7,24.0,77,0.2,0.2,0.0,2.0,5.67,11.7
2001-11-29,22.2,25.1,20.4,25.0,28.2,87,4.2,4.2,0.0,18.0,3.47,7.7
2001-11-30,23.2,27.5,20.5,26.3,30.2,81,2.5,2.5,0.0,9.0,1.61,4.4
2001-12-01,22.4,25.8,20.1,25.3,28.9,83,2.1,2.1,0.0,6.0,1.72,4.6
2001-12-02,22.8,27.0,19.8,24.7,28.3,77,0.5,0.5,0.0,4.0,3.49,8.6
2001-12-03,21.5,25.3,17.7,23.6,27.4,81,0.0,0.0,0.0,0.0,1.98,6.9
2001-12-04,23.8,28.7,19.5,26.1,30.6,73,0.0,0.0,0.0,0.0,2.79,6.6
2001-12-05,23.3,26.8,20.1,25.2,28.1,72,0.0,0.0,0.0,0.0,3.61,7.6
2001-12-06,16.8,22.4,13.4,13.9,25.3,62,0.0,0.0,0.0,0.0,6.53,13.1
2001-12-07,16.2,20.3,12.7,14.1,18.8,61,0.0,0.0,0.0,0.0,5.02,9.6
2001-12-08,18.2,20.5,15.6,17.0,19.4,67,1.6,1.6,0.0,6.0,4.4,9.5
2001-12-09,16.3,17.4,15.5,15.6,16.9,90,48.1,48.1,0.0,24.0,4.92,9.3
2001-12-10,14.7,15.8,13.7,13.0,14.3,86,10.2,10.2,0.0,18.0,5.14,10.0
2001-12-11,15.6,17.6,13.5,14.8,18.0,79,0.0,0.0,0.0,0.0,3.94,7.4
2001-12-12,18.6,22.3,16.1,18.5,23.2,76,0.0,0.0,0.0,0.0,5.12,10.1
2001-12-13,13.8,16.0,11.5,10.2,13.6,68,0.0,0.0,0.0,0.0,6.89,13.1
2001-12-14,12.5,14.3,10.5,8.3,10.7,49,0.0,0.0,0.0,0.0,5.98,11.6
2001-12-15,15.1,18.6,11.3,13.2,17.6,55,0.0,0.0,0.0,0.0,2.82,5.9
2001-12-16,17.0,18.6,16.0,16.7,18.6,73,0.0,0.0,0.0,0.0,2.42,5.4
2001-12-17,15.6,16.7,12.8,15.0,16.9,87,6.1,6.1,0.0,17.0,4.34,8.5
2001-12-18,11.7,12.7,11.2,9.5,10.9,90,12.6,12.6,0.0,20.0,4.87,9.0
2001-12-19,13.9,16.9,11.5,11.9,15.3,75,0.0,0.0,0.0,0.0,4.24,8.7
2001-12-20,14.5,17.8,12.4,12.4,16.4,75,0.0,0.0,0.0,0.0,6.11,11.1
2001-12-21,11.9,14.4,9.2,7.3,9.0,57,0.0,0.0,0.0,0.0,7.4,14.6
2001-12-22,10.1,14.8,6.5,5.9,10.2,46,0.0,0.0,0.0,0.0,4.85,10.4
2001-12-23,11.4,18.4,6.0,8.6,15.5,54,0.0,0.0,0.0,0.0,2.82,6.5
2001-12-24,11.3,20.1,4.3,9.0,18.1,66,0.0,0.0,0.0,0.0,2.33,5.4
2001-12-25,12.9,19.4,7.5,9.8,15.8,57,0.0,0.0,0.0,0.0,4.72,10.0
2001-12-26,12.4,17.8,8.1,9.5,15.2,56,0.0,0.0,0.0,0.0,3.67,7.7
2001-12-27,13.4,18.8,8.5,10.7,16.1,55,0.0,0.0,0.0,0.0,3.18,7.4
2001-12-28,13.3,17.7,9.2,9.9,14.2,48,0.0,0.0,0.0,0.0,4.25,9.5
2001-12-29,12.7,18.3,8.6,10.0,15.8,57,0.0,0.0,0.0,0.0,3.2,7.6
2001-12-30,12.5,19.8,7.0,10.3,18.0,60,0.0,0.0,0.0,0.0,2.64,5.6
2001-12-31,14.0,21.3,7.8,13.0,21.4,75,0.0,0.0,0.0,0.0,1.91,4.9
2002-01-01,16.4,22.9,10.9,15.0,21.3,66,0.0,0.0,0.0,0.0,3.31,7.6
2002-01-02,16.5,21.8,12.5,13.3,17.8,42,0.0,0.0,0.0,0.0,4.83,10.7
2002-01-03,14.9,21.0,9.1,12.4,18.7,46,0.0,0.0,0.0,0.0,2.83,6.5
2002-01-04,13.7,21.9,7.1,11.9,20.0,62,0.0,0.0,0.0,0.0,2.11,5.3
2002-01-05,15.1,23.1,7.7,13.7,22.1,61,0.0,0.0,0.0,0.0,1.89,4.6
2002-01-06,15.5,23.4,8.4,14.6,23.8,67,0.0,0.0,0.0,0.0,2.51,4.4
2002-01-07,17.4,24.3,10.5,16.1,23.2,61,0.0,0.0,0.0,0.0,4.05,9.1
2002-01-08,16.6,22.4,11.2,15.0,21.6,56,0.0,0.0,0.0,0.0,2.76,6.8
2002-01-09,15.3,21.9,10.1,14.5,21.9,73,0.0,0.0,0.0,0.0,3.01,5.4
2002-01-10,15.6,22.1,9.9,15.7,23.5,82,0.0,0.0,0.0,0.0,2.12,4.9
2002-01-11,17.7,23.1,13.6,18.7,25.4,85,0.0,0.0,0.0,0.0,2.25,4.7
2002-01-12,19.1,24.1,15.1,20.2,25.6,83,0.0,0.0,0.0,0.0,2.82,5.7
2002-01-13,20.3,25.3,16.3,21.9,26.6,82,0.4,0.4,0.0,2.0,2.82,6.4
2002-01-14,19.7,21.8,17.1,22.0,24.3,89,0.3,0.3,0.0,1.0,1.88,3.7
2002-01-15,21.0,22.8,19.4,23.3,25.3,90,2.4,2.4,0.0,12.0,3.58,8.7
2002-01-16,22.6,27.0,19.1,25.0,28.7,83,0.7,0.7,0.0,4.0,3.0,6.4
2002-01-17,21.0,24.0,18.1,22.7,25.3,85,0.1,0.1,0.0,1.0,4.7,9.0
2002-01-18,17.8,21.9,12.4,17.6,23.6,86,11.3,11.3,0.0,22.0,6.4,12.9
2002-01-19,12.6,14.3,11.1,10.2,12.0,73,0.6,0.6,0.0,3.0,4.92,9.2
2002-01-20,11.0,11.9,9.3,7.9,9.8,77,0.9,0.9,0.0,4.0,5.26,10.5
2002-01-21,11.5,15.7,7.8,7.6,11.8,55,0.0,0.0,0.0,0.0,5.72,11.6
2002-01-22,12.2,16.0,9.1,8.8,13.2,45,0.0,0.0,0.0,0.0,4.0,9.1
2002-01-23,12.7,16.1,9.7,9.4,13.6,49,0.0,0.0,0.0,0.0,3.44,7.8
2002-01-24,13.4,15.7,11.8,11.3,13.6,64,2.4,2.4,0.0,4.0,3.5,8.3
2002-01-25,11.7,12.7,10.7,10.2,11.1,88,4.6,4.6,0.0,12.0,4.0,12.2
2002-01-26,11.2,12.5,10.1,8.7,10.2,78,1.0,1.0,0.0,6.0,4.64,9.6
2002-01-27,9.0,10.5,8.1,6.3,8.0,87,6.6,6.6,0.0,18.0,3.96,7.7
2002-01-28,9.9,12.0,8.2,7.6,10.1,84,2.5,2.5,0.0,12.0,3.59,7.1
2002-01-29,13.4,16.5,11.1,10.5,13.9,58,0.0,0.0,0.0,0.0,4.43,9.2
2002-01-30,14.7,17.9,11.7,12.6,16.8,57,0.0,0.0,0.0,0.0,2.86,7.2
2002-01-31,15.4,19.2,11.6,13.8,18.5,61,0.0,0.0,0.0,0.0,3.0,6.2
2002-02-01,11.9,15.3,9.3,8.9,13.1,71,3.9,3.9,0.0,8.0,5.22,10.3
2002-02-02,11.9,16.5,8.4,9.1,13.8,64,0.4,0.4,0.0,1.0,4.35,9.8
2002-02-03,12.7,14.2,10.7,10.5,12.6,65,0.0,0.0,0.0,0.0,2.62,6.0
2002-02-04,13.6,16.5,11.8,12.2,16.3,75,0.1,0.1,0.0,1.0,3.81,7.4
2002-02-05,14.1,17.2,11.9,12.8,16.1,79,2.8,2.8,0.0,9.0,3.63,7.6
2002-02-06,13.5,15.7,11.8,12.6,15.0,77,0.4,0.4,0.0,3.0,2.28,5.3
2002-02-07,14.7,15.9,13.4,14.5,16.6,88,2.0,2.0,0.0,11.0,2.55,5.7
2002-02-08,17.0,19.4,15.1,17.8,20.8,86,0.3,0.3,0.0,3.0,2.92,5.7
2002-02-09,18.3,20.7,16.2,19.1,22.0,82,0.8,0.8,0.0,3.0,2.33,5.3
2002-02-10,16.0,17.9,14.8,14.2,19.3,72,3.1,3.1,0.0,3.0,5.19,10.3
2002-02-11,16.0,20.4,12.0,14.0,19.5,56,0.0,0.0,0.0,0.0,3.55,7.7
2002-02-12,16.5,20.9,13.1,16.4,21.3,72,0.0,0.0,0.0,0.0,1.65,4.3
2002-02-13,18.4,24.0,13.6,18.4,23.9,73,0.0,0.0,0.0,0.0,3.04,7.9
2002-02-14,19.7,26.4,15.2,20.5,27.6,73,0.0,0.0,0.0,0.0,2.5,5.7
2002-02-15,19.2,23.5,15.1,19.9,24.0,76,0.0,0.0,0.0,0.0,2.28,5.9
2002-02-16,19.2,24.3,15.5,19.8,24.4,76,0.0,0.0,0.0,0.0,2.51,6.4
2002-02-17,21.0,27.4,15.3,22.2,29.6,71,0.0,0.0,0.0,0.0,1.86,4.9
2002-02-18,21.4,26.3,18.0,22.1,26.5,69,0.0,0.0,0.0,0.0,4.09,8.1
2002-02-19,21.0,26.4,16.8,21.4,27.3,64,0.0,0.0,0.0,0.0,3.71,6.7
2002-02-20,19.2,23.0,16.8,18.9,22.6,66,0.0,0.0,0.0,0.0,3.81,8.0
2002-02-21,20.5,25.6,15.9,21.0,25.7,72,0.0,0.0,0.0,0.0,3.45,8.2
2002-02-22,21.5,26.5,16.5,22.5,27.2,74,0.0,0.0,0.0,0.0,3.73,6.2
2002-02-23,21.1,25.5,16.9,22.1,26.4,75,0.1,0.1,0.0,1.0,4.81,9.3
2002-02-24,20.4,24.4,17.8,19.9,24.3,64,0.0,0.0,0.0,0.0,4.51,9.2
2002-02-25,20.5,23.8,17.8,20.7,23.7,72,0.0,0.0,0.0,0.0,3.54,7.7
2002-02-26,21.8,26.9,17.1,22.8,27.2,74,0.0,0.0,0.0,0.0,4.47,8.7
2002-02-27,22.0,25.2,19.4,23.2,25.6,76,0.9,0.9,0.0,5.0,3.64,8.4
2002-02-28,21.8,27.6,17.1,23.1,28.8,74,0.0,0.0,0.0,0.0,2.9,7.1
2002-03-01,22.2,26.7,18.6,23.6,26.9,78,0.2,0.2,0.0,2.0,4.4,9.6
2002-03-02,22.6,27.4,18.2,24.2,28.2,74,0.3,0.3,0.0,2.0,3.48,7.5
2002-03-03,22.6,27.8,18.6,23.9,29.0,73,0.0,0.0,0.0,0.0,3.76,9.0
2002-03-04,21.9,24.5,19.0,22.7,25.4,74,0.0,0.0,0.0,0.0,3.93,8.3
2002-03-05,18.9,24.2,13.0,18.1,26.5,70,0.1,0.1,0.0,1.0,7.71,15.9
2002-03-06,15.3,19.7,11.4,11.2,15.0,46,0.0,0.0,0.0,0.0,6.53,12.9
2002-03-07,17.0,22.7,11.6,14.5,20.7,41,0.0,0.0,0.0,0.0,3.35,7.8
2002-03-08,19.4,26.9,11.6,17.8,24.7,52,0.0,0.0,0.0,0.0,3.89,9.3
2002-03-09,20.3,23.0,18.4,19.6,21.7,58,0.0,0.0,0.0,0.0,4.68,10.0
2002-03-10,21.7,26.9,17.2,22.4,28.7,69,0.3,0.3,0.0,1.0,3.96,8.9
2002-03-11,22.0,25.8,18.6,23.5,27.0,76,0.3,0.3,0.0,2.0,3.26,8.7
2002-03-12,22.7,27.2,18.7,23.9,28.2,75,0.0,0.0,0.0,0.0,4.81,9.8
2002-03-13,22.5,24.6,20.6,24.0,25.6,81,5.2,5.2,0.0,7.0,5.6,11.3
2002-03-14,22.5,24.4,20.8,25.0,27.0,86,4.6,4.6,0.0,7.0,4.4,9.5
2002-03-15,24.0,26.8,22.0,27.0,29.8,84,1.7,1.7,0.0,10.0,4.57,10.1
2002-03-16,21.4,23.8,19.8,22.6,28.1,78,7.2,7.2,0.0,13.0,4.96,10.0
2002-03-17,19.2,19.7,18.1,19.7,21.5,83,3.6,3.6,0.0,11.0,4.12,8.9
2002-03-18,18.6,20.9,17.0,19.0,21.5,76,5.3,5.3,0.0,8.0,3.32,6.5
2002-03-19,21.5,25.9,17.8,23.2,28.2,74,0.0,0.0,0.0,0.0,2.47,5.6
2002-03-20,23.3,28.7,18.8,24.8,29.4,76,0.2,0.2,0.0,2.0,4.62,9.6
2002-03-21,23.7,29.6,18.5,25.3,30.1,75,0.4,0.4,0.0,2.0,4.75,9.8
2002-03-22,23.8,25.9,22.3,26.7,29.1,83,7.7,7.7,0.0,15.0,4.14,8.0
2002-03-23,18.0,20.5,17.1,17.4,20.4,76,3.5,3.5,0.0,8.0,6.02,13.1
2002-03-24,18.3,19.9,16.1,19.3,22.3,94,51.1,51.1,0.0,23.0,3.92,9.9
2002-03-25,18.2,21.5,15.2,18.9,23.3,84,4.9,4.9,0.0,10.0,3.69,10.1
2002-03-26,21.9,24.2,19.8,24.0,26.1,86,3.2,3.2,0.0,16.0,5.07,11.5
2002-03-27,25.0,29.3,21.6,28.6,34.5,83,2.1,2.1,0.0,12.0,3.63,8.2
2002-03-28,25.2,27.1,23.7,28.7,30.4,87,3.3,3.3,0.0,16.0,5.07,11.9
2002-03-29,23.2,24.7,20.1,26.0,28.5,85,8.4,8.4,0.0,12.0,3.59,9.7
2002-03-30,23.2,27.6,20.1,25.4,30.5,76,0.1,0.1,0.0,1.0,2.38,6.2
2002-03-31,22.7,26.0,20.2,25.7,28.8,83,1.5,1.5,0.0,5.0,2.55,5.8
2002-04-01,24.1,27.4,21.2,26.2,29.3,76,0.6,0.6,0.0,5.0,4.2,9.0
2002-04-02,26.3,30.6,22.9,29.7,33.7,78,1.0,1.0,0.0,6.0,4.49,9.8
2002-04-03,27.8,31.8,24.9,31.5,34.8,76,0.4,0.4,0.0,3.0,4.53,9.3
2002-04-04,27.1,29.7,25.3,29.8,31.2,76,0.2,0.2,0.0,1.0,6.86,13.7
2002-04-05,27.0,29.5,25.1,28.7,30.7,72,0.1,0.1,0.0,1.0,7.72,15.0
2002-04-06,26.2,30.0,23.5,29.5,33.9,79,7.4,7.4,0.0,14.0,5.71,11.2
2002-04-07,27.3,31.9,24.1,30.4,34.0,75,0.0,0.0,0.0,0.0,5.18,10.5
2002-04-08,27.3,31.4,24.3,31.2,35.5,75,1.4,1.4,0.0,9.0,3.71,9.1
2002-04-09,21.9,24.9,19.9,22.9,29.3,80,2.5,2.5,0.0,9.0,5.02,9.7
2002-04-10,17.5,20.4,14.9,17.3,20.8,89,9.2,9.2,0.0,18.0,5.47,13.7
2002-04-11,15.2,16.3,14.3,14.0,16.0,83,6.1,6.1,0.0,14.0,4.46,9.6
2002-04-12,18.9,24.7,13.2,18.8,25.2,66,0.0,0.0,0.0,0.0,3.5,7.6
2002-04-13,21.2,27.3,14.3,22.1,28.6,70,0.0,0.0,0.0,0.0,3.13,6.7
2002-04-14,23.0,27.2,17.4,24.6,29.3,76,0.1,0.1,0.0,1.0,4.2,8.1
2002-04-15,26.3,30.0,23.6,28.9,32.0,77,0.6,0.6,0.0,4.0,6.24,12.4
2002-04-16,26.9,29.9,24.1,30.2,32.7,78,1.0,1.0,0.0,6.0,5.52,10.9
2002-04-17,27.4,31.5,23.6,31.5,35.1,76,0.8,0.8,0.0,4.0,3.64,7.7
2002-04-18,23.4,25.2,20.9,26.0,29.9,83,4.3,4.3,0.0,14.0,4.72,8.9
2002-04-19,22.9,26.3,19.7,24.7,28.8,77,0.0,0.0,0.0,0.0,3.64,7.6
2002-04-20,25.1,29.0,21.2,28.1,32.0,81,0.2,0.2,0.0,2.0,3.71,7.5
2002-04-21,26.5,30.1,22.5,30.3,33.4,80,0.4,0.4,0.0,3.0,3.91,8.4
2002-04-22,27.6,31.6,24.1,31.1,34.1,76,0.2,0.2,0.0,2.0,4.32,9.0
2002-04-23,28.4,32.3,25.3,32.8,36.6,76,0.9,0.9,0.0,6.0,3.45,8.2
2002-04-24,28.3,32.8,25.0,33.2,37.7,75,0.2,0.2,0.0,2.0,2.7,6.1
2002-04-25,25.0,26.5,22.1,28.8,32.1,81,6.9,6.9,0.0,16.0,2.56,7.3
2002-04-26,22.7,25.3,21.0,25.0,27.0,81,2.3,2.3,0.0,5.0,3.89,7.2
2002-04-27,24.4,28.3,21.5,26.5,30.8,76,0.2,0.2,0.0,2.0,4.27,8.6
2002-04-28,25.8,30.8,21.1,28.3,33.7,75,0.1,0.1,0.0,1.0,4.83,9.9
2002-04-29,27.0,30.6,24.2,30.5,35.2,75,0.6,0.6,0.0,4.0,4.3,9.7
2002-04-30,27.8,31.3,24.8,31.7,35.6,75,1.1,1.1,0.0,7.0,3.53,8.2
2002-05-01,28.1,32.4,24.3,31.9,35.7,73,0.0,0.0,0.0,0.0,3.64,7.5
2002-05-02,28.4,32.5,24.5,32.5,36.0,72,0.3,0.3,0.0,2.0,3.04,6.4
2002-05-03,28.5,32.7,24.7,32.6,37.2,72,1.0,1.0,0.0,5.0,3.23,6.7
2002-05-04,28.2,32.5,23.6,31.7,35.5,70,0.0,0.0,0.0,0.0,4.02,8.3
2002-05-05,28.1,32.5,23.8,31.5,35.2,71,0.1,0.1,0.0,1.0,5.11,11.1
2002-05-06,28.2,31.9,24.5,32.4,35.6,72,0.9,0.9,0.0,5.0,3.11,8.2
2002-05-07,28.2,32.1,24.6,33.5,38.3,77,1.0,1.0,0.0,7.0,1.96,5.1
2002-05-08,28.2,32.3,24.5,31.9,35.5,71,0.3,0.3,0.0,2.0,4.63,9.7
2002-05-09,26.8,29.1,25.2,31.2,32.7,82,2.4,2.4,0.0,11.0,4.2,8.6
2002-05-10,24.8,26.0,23.8,29.6,31.5,91,13.2,13.2,0.0,21.0,2.97,9.4
2002-05-11,25.8,29.2,22.5,29.3,32.5,78,2.5,2.5,0.0,8.0,3.6,8.3
2002-05-12,27.4,32.0,24.6,31.7,36.9,77,4.8,4.8,0.0,8.0,3.2,7.1
2002-05-13,27.9,31.0,25.3,31.8,33.9,81,2.1,2.1,0.0,13.0,6.51,13.5
2002-05-14,26.5,29.0,22.1,30.5,33.1,86,33.7,33.7,0.0,19.0,6.48,15.6
2002-05-15,26.2,30.9,21.8,30.1,36.4,72,0.0,0.0,0.0,0.0,2.02,5.6
2002-05-16,27.0,31.2,24.2,31.2,34.5,78,1.6,1.6,0.0,5.0,3.3,6.0
2002-05-17,26.2,29.7,22.9,30.5,34.1,81,10.9,10.9,0.0,13.0,3.1,5.9
2002-05-18,26.1,30.0,23.1,30.5,33.4,84,16.9,16.9,0.0,13.0,3.94,9.1
2002-05-19,26.4,28.8,24.7,31.8,34.7,89,64.4,64.4,0.0,23.0,3.01,9.1
2002-05-20,26.9,29.2,24.8,32.1,34.5,91,27.8,27.8,0.0,19.0,5.25,10.1
2002-05-21,29.1,32.5,26.6,35.0,37.9,84,20.9,20.9,0.0,20.0,4.3,11.1
2002-05-22,28.3,31.2,26.3,33.8,35.6,81,15.7,15.7,0.0,10.0,3.51,8.3
2002-05-23,27.2,31.1,23.7,29.8,34.4,67,2.2,2.2,0.0,7.0,3.86,8.2
2002-05-24,27.3,30.4,24.3,29.4,35.0,60,0.0,0.0,0.0,0.0,3.74,7.6
2002-05-25,26.4,29.2,24.2,29.9,32.6,71,2.2,2.2,0.0,7.0,2.56,6.8
2002-05-26,27.8,32.5,23.8,31.5,36.0,68,0.0,0.0,0.0,0.0,2.64,6.4
2002-05-27,28.2,33.7,22.5,30.9,36.7,60,0.0,0.0,0.0,0.0,3.31,6.4
2002-05-28,28.4,32.8,23.8,32.1,36.2,69,0.0,0.0,0.0,0.0,3.62,6.4
2002-05-29,29.3,33.2,24.9,34.2,38.7,71,0.1,0.1,0.0,1.0,3.28,6.6
2002-05-30,28.6,33.0,26.3,34.1,38.3,79,8.7,8.7,0.0,9.0,2.9,10.1
2002-05-31,28.7,33.9,25.2,34.0,39.2,77,5.7,5.7,0.0,14.0,2.64,8.5
2002-06-01,29.1,34.1,25.5,34.6,40.3,76,1.4,1.4,0.0,6.0,3.26,7.0
2002-06-02,28.0,32.3,25.9,33.0,36.7,80,16.9,16.9,0.0,16.0,3.94,7.9
2002-06-03,27.7,31.3,25.3,32.2,35.0,78,4.8,4.8,0.0,9.0,3.95,9.1
2002-06-04,28.8,33.1,25.4,32.9,37.3,71,0.0,0.0,0.0,0.0,3.74,7.9
2002-06-05,29.4,33.8,26.1,34.2,38.6,74,1.0,1.0,0.0,5.0,4.12,8.5
2002-06-06,29.9,34.3,26.5,34.9,39.9,71,0.7,0.7,0.0,3.0,3.57,6.9
2002-06-07,29.8,34.0,26.2,35.8,42.0,74,0.6,0.6,0.0,3.0,2.72,6.6
2002-06-08,29.4,32.7,26.5,34.9,39.8,77,2.6,2.6,0.0,5.0,3.96,8.1
2002-06-09,27.7,30.3,25.8,32.9,35.2,85,18.9,18.9,0.0,20.0,5.22,10.0
2002-06-10,27.9,32.0,25.7,33.5,37.5,86,15.7,15.7,0.0,20.0,4.14,11.0
2002-06-11,26.7,27.7,25.7,32.6,33.3,92,35.1,35.1,0.0,19.0,4.29,10.4
2002-06-12,26.8,29.8,24.4,32.8,36.1,90,28.1,28.1,0.0,23.0,2.26,9.2
2002-06-13,28.3,32.3,25.8,34.2,39.0,85,20.0,20.0,0.0,17.0,4.12,9.5
2002-06-14,29.6,33.5,26.1,34.6,37.9,76,0.2,0.2,0.0,2.0,5.26,11.1
2002-06-15,29.9,33.3,26.8,34.9,38.5,76,0.6,0.6,0.0,3.0,4.66,11.4
2002-06-16,29.7,32.9,27.3,35.4,38.0,80,3.0,3.0,0.0,11.0,4.75,11.9
2002-06-17,28.6,31.7,27.0,34.1,36.2,83,9.2,9.2,0.0,13.0,4.42,11.8
2002-06-18,29.3,32.7,26.7,34.6,38.1,81,5.3,5.3,0.0,12.0,5.32,13.2
2002-06-19,29.7,33.2,26.7,34.6,38.0,78,4.3,4.3,0.0,13.0,6.1,12.3
2002-06-20,29.7,32.8,26.9,35.0,38.4,79,6.4,6.4,0.0,12.0,5.07,11.2
2002-06-21,30.5,34.1,27.3,36.0,40.1,77,4.4,4.4,0.0,14.0,5.19,10.6
2002-06-22,30.3,33.7,27.2,35.8,40.0,76,5.4,5.4,0.0,14.0,4.7,10.4
2002-06-23,29.4,31.8,27.4,35.1,37.9,82,4.9,4.9,0.0,14.0,4.27,9.2
2002-06-24,30.8,34.2,27.5,36.7,40.5,77,1.5,1.5,0.0,6.0,3.86,10.2
2002-06-25,31.2,34.9,27.6,37.2,41.6,75,0.7,0.7,0.0,3.0,4.44,10.1
2002-06-26,31.2,35.8,27.0,37.6,43.0,74,1.6,1.6,0.0,6.0,3.91,7.6
2002-06-27,31.3,35.3,27.8,37.3,41.5,74,2.0,2.0,0.0,9.0,4.3,9.8
2002-06-28,31.2,34.7,27.9,36.9,40.6,73,1.7,1.7,0.0,9.0,4.3,10.3
2002-06-29,30.8,34.6,27.2,36.4,40.5,74,0.8,0.8,0.0,5.0,4.18,10.7
2002-06-30,28.9,31.2,27.1,34.6,37.0,82,9.1,9.1,0.0,12.0,3.62,10.4
2002-07-01,27.8,30.9,26.4,33.4,36.1,87,13.8,13.8,0.0,19.0,4.18,12.2
2002-07-02,27.1,29.3,25.8,32.7,35.1,91,25.1,25.1,0.0,20.0,3.96,9.1
2002-07-03,27.7,31.2,25.3,34.1,37.9,88,22.2,22.2,0.0,16.0,2.36,7.0
2002-07-04,29.7,33.9,25.8,36.4,42.2,79,4.4,4.4,0.0,12.0,2.12,4.6
2002-07-05,30.7,35.7,26.9,38.1,44.8,79,15.6,15.6,0.0,12.0,1.96,5.7
2002-07-06,29.3,33.8,27.0,35.7,40.6,82,16.9,16.9,0.0,23.0,2.64,6.8
2002-07-07,28.2,30.4,26.7,34.4,37.5,86,36.2,36.2,0.0,21.0,2.79,6.0
2002-07-08,29.0,31.7,26.5,34.2,37.3,78,0.0,0.0,0.0,0.0,3.37,9.0
2002-07-09,29.8,34.3,26.0,34.9,39.2,72,4.0,4.0,0.0,2.0,4.4,9.8
2002-07-10,30.1,33.8,26.2,36.3,41.1,73,0.9,0.9,0.0,4.0,1.84,7.2
2002-07-11,30.7,35.1,26.8,37.2,42.7,73,0.8,0.8,0.0,3.0,2.86,5.6
2002-07-12,31.3,35.3,27.0,37.9,42.3,73,0.1,0.1,0.0,1.0,2.92,5.3
2002-07-13,31.6,36.4,27.6,38.8,44.4,75,2.1,2.1,0.0,3.0,3.01,5.5
2002-07-14,31.4,36.1,28.1,38.5,44.4,76,3.8,3.8,0.0,7.0,3.01,6.7
2002-07-15,31.5,35.5,28.3,38.1,43.3,74,1.5,1.5,0.0,7.0,3.34,6.8
2002-07-16,29.1,31.3,27.7,35.4,38.6,83,38.6,38.6,0.0,17.0,3.61,7.0
2002-07-17,28.8,31.9,26.9,34.4,37.6,85,14.2,14.2,0.0,18.0,4.56,12.9
2002-07-18,29.1,30.5,28.0,35.1,36.0,84,13.5,13.5,0.0,20.0,3.98,11.3
2002-07-19,28.6,30.5,27.5,35.3,36.7,88,31.3,31.3,0.0,23.0,3.05,7.9
2002-07-20,27.5,29.4,26.7,33.6,35.9,92,49.2,49.2,0.0,20.0,3.11,8.9
2002-07-21,28.4,31.6,26.1,34.0,36.9,85,19.5,19.5,0.0,21.0,5.18,11.0
2002-07-22,28.6,31.5,26.2,33.7,35.9,82,8.7,8.7,0.0,15.0,5.33,11.3
2002-07-23,29.1,32.0,26.6,34.3,37.0,80,3.3,3.3,0.0,9.0,4.96,9.8
2002-07-24,29.7,32.7,26.9,35.6,39.0,80,5.9,5.9,0.0,9.0,3.98,8.5
2002-07-25,29.0,32.4,26.7,35.3,38.9,84,18.1,18.1,0.0,17.0,3.81,8.3
2002-07-26,27.3,30.4,25.7,33.3,36.6,90,33.1,33.1,0.0,23.0,3.75,7.5
2002-07-27,27.4,29.2,26.1,33.7,36.0,91,18.5,18.5,0.0,23.0,2.26,5.7
2002-07-28,28.3,31.5,25.9,34.0,36.7,84,15.6,15.6,0.0,15.0,3.94,10.1
2002-07-29,27.1,30.3,25.2,31.8,34.7,86,21.7,21.7,0.0,15.0,4.53,10.2
2002-07-30,27.5,30.7,25.4,32.8,35.5,86,10.9,10.9,0.0,20.0,3.96,8.4
2002-07-31,27.9,31.3,25.8,34.0,37.2,87,9.2,9.2,0.0,13.0,2.55,6.0
2002-08-01,29.9,34.6,25.8,36.7,42.3,78,3.1,3.1,0.0,6.0,1.51,4.8
2002-08-02,29.9,34.9,25.8,36.8,43.3,79,12.5,12.5,0.0,11.0,1.68,5.8
2002-08-03,29.2,33.3,27.4,35.9,40.1,84,16.9,16.9,0.0,13.0,3.58,8.0
2002-08-04,29.9,33.7,27.6,34.6,38.2,76,4.9,4.9,0.0,3.0,6.11,13.6
2002-08-05,29.4,32.9,26.4,34.1,39.3,75,32.4,32.4,0.0,11.0,5.24,11.7
2002-08-06,26.8,27.9,25.5,32.1,34.6,92,57.4,57.4,0.0,22.0,4.25,8.5
2002-08-07,28.7,32.6,26.7,34.5,38.4,85,5.8,5.8,0.0,14.0,3.8,10.9
2002-08-08,27.4,29.3,26.2,33.8,35.7,90,21.3,21.3,0.0,20.0,2.86,6.8
2002-08-09,25.9,28.3,24.8,32.2,35.2,94,23.6,23.6,0.0,23.0,1.5,7.0
2002-08-10,26.2,28.3,24.8,31.6,33.8,91,9.9,9.9,0.0,21.0,3.29,9.0
2002-08-11,27.1,30.6,24.3,32.3,35.8,84,9.8,9.8,0.0,10.0,2.55,7.3
2002-08-12,28.7,33.4,25.5,34.9,40.0,82,11.8,11.8,0.0,9.0,4.06,8.2
2002-08-13,29.6,34.1,25.7,36.3,41.8,80,4.4,4.4,0.0,6.0,2.01,6.6
2002-08-14,29.5,33.7,25.6,35.9,41.0,78,1.8,1.8,0.0,9.0,2.11,4.7
2002-08-15,29.7,33.8,26.3,35.7,41.2,77,2.5,2.5,0.0,7.0,2.28,5.5
2002-08-16,30.0,34.4,26.5,36.1,41.0,76,1.3,1.3,0.0,7.0,2.93,9.3
2002-08-17,29.6,33.4,26.5,34.7,38.6,74,0.9,0.9,0.0,6.0,4.22,10.7
2002-08-18,27.6,29.1,25.4,31.7,33.1,82,19.2,19.2,0.0,18.0,5.32,13.1
2002-08-19,26.7,28.5,25.1,30.6,32.7,89,29.9,29.9,0.0,23.0,6.71,15.8
2002-08-20,27.6,30.0,26.8,32.1,35.3,88,18.7,18.7,0.0,16.0,7.13,16.1
2002-08-21,28.7,32.0,25.8,35.0,38.3,84,14.4,14.4,0.0,19.0,2.31,6.4
2002-08-22,29.8,34.0,25.7,37.0,42.8,82,0.8,0.8,0.0,2.0,2.32,5.2
2002-08-23,30.5,34.9,26.5,36.7,41.2,75,0.1,0.1,0.0,1.0,3.0,5.4
2002-08-24,30.1,34.5,25.5,35.9,41.4,74,0.0,0.0,0.0,0.0,2.91,5.6
2002-08-25,30.5,34.5,26.4,36.5,41.2,75,0.0,0.0,0.0,0.0,2.7,6.3
2002-08-26,30.9,35.4,27.1,37.6,43.1,77,0.1,0.1,0.0,1.0,3.22,8.2
2002-08-27,29.6,32.8,26.6,36.2,39.9,81,2.0,2.0,0.0,10.0,2.41,7.2
2002-08-28,29.4,34.5,25.8,35.7,42.1,77,1.7,1.7,0.0,5.0,2.1,7.2
2002-08-29,29.8,34.4,25.9,35.9,41.6,75,0.5,0.5,0.0,1.0,2.41,6.5
2002-08-30,29.8,33.4,26.4,35.8,40.0,76,0.1,0.1,0.0,1.0,2.41,6.0
2002-08-31,29.7,34.1,25.2,35.0,39.6,72,0.8,0.8,0.0,4.0,2.34,5.7
2002-09-01,30.0,34.5,26.1,36.0,41.5,73,0.1,0.1,0.0,1.0,2.18,4.4
2002-09-02,30.1,34.6,26.9,36.2,40.6,74,2.2,2.2,0.0,7.0,2.38,5.3
2002-09-03,27.6,31.8,24.9,33.1,38.7,80,10.8,10.8,0.0,16.0,3.04,5.7
2002-09-04,28.4,34.3,24.5,33.7,40.6,74,1.0,1.0,0.0,6.0,1.58,6.0
2002-09-05,29.2,34.1,25.1,34.8,40.6,73,0.3,0.3,0.0,1.0,1.94,5.7
2002-09-06,29.9,34.1,26.2,34.5,38.6,69,0.1,0.1,0.0,1.0,4.28,9.2
2002-09-07,29.2,32.8,25.8,31.1,35.2,55,0.0,0.0,0.0,0.0,5.38,10.7
2002-09-08,27.9,31.8,24.2,29.7,34.4,57,0.0,0.0,0.0,0.0,4.1,8.7
2002-09-09,28.5,32.9,24.2,32.1,38.8,64,0.0,0.0,0.0,0.0,3.01,6.1
2002-09-10,29.4,33.8,26.5,34.2,38.7,72,2.5,2.5,0.0,7.0,3.89,8.0
2002-09-11,28.1,30.8,26.3,31.2,34.0,75,6.6,6.6,0.0,10.0,6.7,18.6
2002-09-12,26.1,27.6,25.2,29.6,32.3,87,18.2,18.2,0.0,24.0,6.58,15.0
2002-09-13,26.0,28.3,24.4,30.9,33.5,90,20.3,20.3,0.0,22.0,3.84,7.8
2002-09-14,26.4,29.0,24.5,31.6,34.1,90,15.8,15.8,0.0,19.0,3.76,7.5
2002-09-15,24.6,25.4,23.6,27.9,30.3,92,36.4,36.4,0.0,24.0,6.02,10.7
2002-09-16,23.1,24.1,22.2,24.4,25.8,85,15.0,15.0,0.0,23.0,6.09,11.9
2002-09-17,23.5,25.4,21.7,25.9,28.4,87,11.1,11.1,0.0,20.0,4.65,11.5
2002-09-18,27.0,31.1,23.2,31.0,35.8,79,1.3,1.3,0.0,6.0,4.44,8.7
2002-09-19,28.7,32.6,25.0,33.0,36.5,73,0.0,0.0,0.0,0.0,4.7,9.3
2002-09-20,28.8,32.8,25.4,34.7,39.5,79,0.4,0.4,0.0,3.0,3.42,7.9
2002-09-21,28.6,32.7,25.6,34.8,40.2,80,1.7,1.7,0.0,5.0,2.38,6.9
2002-09-22,27.9,30.9,25.9,31.8,34.0,72,2.1,2.1,0.0,5.0,4.36,8.9
2002-09-23,26.0,28.9,23.3,28.0,32.4,66,0.4,0.4,0.0,1.0,4.21,8.5
2002-09-24,25.9,28.7,23.8,28.9,31.5,72,0.2,0.2,0.0,1.0,3.06,6.9
2002-09-25,25.0,26.5,24.0,29.0,30.0,84,11.2,11.2,0.0,16.0,3.11,6.4
2002-09-26,25.7,27.6,24.1,29.8,31.7,83,6.9,6.9,0.0,14.0,3.13,6.9
2002-09-27,25.9,28.8,24.3,31.2,34.5,90,12.1,12.1,0.0,21.0,2.6,8.5
2002-09-28,24.1,25.9,22.4,27.8,29.5,90,9.2,9.2,0.0,23.0,4.11,9.0
2002-09-29,23.4,25.8,21.7,25.8,29.0,84,1.1,1.1,0.0,5.0,3.76,8.1
2002-09-30,23.3,25.2,22.1,26.3,28.5,86,4.1,4.1,0.0,11.0,3.05,7.9
2002-10-01,23.6,25.7,22.2,27.1,29.3,87,1.9,1.9,0.0,10.0,2.31,5.3
2002-10-02,25.4,30.9,21.6,29.3,35.7,80,0.0,0.0,0.0,0.0,2.44,5.8
2002-10-03,26.4,31.8,22.7,30.3,36.4,75,0.0,0.0,0.0,0.0,2.08,5.5
2002-10-04,26.7,31.9,22.9,31.3,37.0,78,1.8,1.8,0.0,2.0,1.71,5.1
2002-10-05,26.8,31.0,24.5,32.2,37.4,84,4.2,4.2,0.0,7.0,2.14,6.8
2002-10-06,23.6,25.2,21.1,24.6,30.3,72,12.3,12.3,0.0,14.0,6.32,12.2
2002-10-07,23.1,27.4,19.7,22.6,27.1,54,0.0,0.0,0.0,0.0,5.05,10.4
2002-10-08,22.6,28.0,17.8,21.3,26.4,48,0.0,0.0,0.0,0.0,5.44,10.4
2002-10-09,22.3,28.1,18.0,21.7,28.2,53,0.0,0.0,0.0,0.0,4.18,8.3
2002-10-10,22.3,28.8,16.7,22.3,30.0,60,0.0,0.0,0.0,0.0,3.61,7.7
2002-10-11,23.1,29.7,17.6,24.7,32.7,68,0.0,0.0,0.0,0.0,2.45,6.1
2002-10-12,25.5,31.7,20.1,28.5,36.1,70,0.0,0.0,0.0,0.0,1.9,5.2
2002-10-13,26.5,29.9,23.7,29.8,33.6,72,0.1,0.1,0.0,1.0,3.35,7.2
2002-10-14,26.9,32.1,22.3,31.3,37.1,76,0.1,0.1,0.0,1.0,1.97,6.3
2002-10-15,27.2,32.6,23.1,31.9,38.0,77,0.0,0.0,0.0,0.0,2.24,5.2
2002-10-16,26.9,30.8,23.0,30.9,34.6,77,0.1,0.1,0.0,1.0,3.55,8.3
2002-10-17,26.8,29.0,25.0,30.9,32.2,82,4.4,4.4,0.0,13.0,5.16,10.2
2002-10-18,27.3,31.1,25.0,32.9,36.6,84,9.9,9.9,0.0,14.0,2.33,7.1
2002-10-19,26.6,30.3,23.9,32.0,35.2,86,6.4,6.4,0.0,8.0,2.1,7.0
2002-10-20,26.7,30.3,24.7,31.7,35.2,85,7.4,7.4,0.0,12.0,3.8,8.0
2002-10-21,21.7,24.3,20.1,22.5,26.3,79,13.1,13.1,0.0,16.0,5.46,10.5
2002-10-22,18.9,19.6,18.2,19.8,20.6,91,8.4,8.4,0.0,20.0,3.7,7.7
2002-10-23,18.7,20.2,16.9,18.4,19.8,83,8.4,8.4,0.0,16.0,5.57,10.7
2002-10-24,19.9,24.0,16.5,20.0,25.0,70,0.0,0.0,0.0,0.0,4.02,8.3
2002-10-25,22.9,28.2,18.8,24.7,31.1,73,0.0,0.0,0.0,0.0,2.83,6.2
2002-10-26,23.2,26.7,19.5,23.3,26.9,64,0.0,0.0,0.0,0.0,5.01,9.8
2002-10-27,21.9,25.5,18.6,22.9,27.6,68,0.0,0.0,0.0,0.0,3.16,6.3
2002-10-28,22.9,24.8,20.6,25.5,27.8,80,2.9,2.9,0.0,13.0,2.44,5.9
2002-10-29,22.8,24.1,20.7,26.0,28.3,89,9.4,9.4,0.0,24.0,3.37,8.0
2002-10-30,19.4,20.8,18.2,20.6,23.8,93,24.6,24.6,0.0,24.0,4.43,11.6
2002-10-31,20.4,22.5,18.2,21.5,23.6,85,4.8,4.8,0.0,9.0,3.83,7.9
2002-11-01,22.0,25.7,19.5,21.9,25.9,69,0.0,0.0,0.0,0.0,5.29,10.8
2002-11-02,20.1,23.6,17.5,18.9,22.5,65,0.0,0.0,0.0,0.0,5.96,11.5
2002-11-03,19.7,24.4,15.7,17.4,21.6,52,0.0,0.0,0.0,0.0,5.79,11.8
2002-11-04,18.5,23.0,15.4,15.9,19.9,45,0.0,0.0,0.0,0.0,5.16,10.7
2002-11-05,18.2,24.6,11.9,17.2,24.1,56,0.0,0.0,0.0,0.0,2.66,6.0
2002-11-06,19.0,26.0,13.8,18.9,26.3,69,0.0,0.0,0.0,0.0,2.56,6.6
2002-11-07,20.5,27.9,14.1,20.6,28.3,67,0.0,0.0,0.0,0.0,3.06,6.6
2002-11-08,21.5,27.4,15.9,20.5,26.2,55,0.0,0.0,0.0,0.0,4.49,9.3
2002-11-09,20.9,26.8,16.0,21.1,28.1,65,0.0,0.0,0.0,0.0,2.89,6.3
2002-11-10,21.4,27.2,16.2,22.6,29.8,75,0.0,0.0,0.0,0.0,3.0,6.0
2002-11-11,23.9,29.2,19.2,26.8,33.4,78,0.0,0.0,0.0,0.0,1.94,4.4
2002-11-12,24.4,29.9,20.2,28.1,34.9,80,0.0,0.0,0.0,0.0,1.73,3.8
2002-11-13,24.5,30.0,19.9,27.4,33.2,77,0.0,0.0,0.0,0.0,3.4,7.1
2002-11-14,25.4,28.8,22.7,28.4,31.5,79,0.0,0.0,0.0,0.0,4.22,8.4
2002-11-15,24.0,29.4,17.2,26.7,34.3,84,7.6,7.6,0.0,12.0,6.6,12.8
2002-11-16,18.2,20.4,16.3,17.1,19.4,74,2.6,2.6,0.0,6.0,5.05,10.3
2002-11-17,17.9,21.7,14.7,16.9,20.5,67,0.6,0.6,0.0,4.0,4.52,9.0
2002-11-18,18.2,20.6,16.5,18.0,20.3,74,5.4,5.4,0.0,12.0,2.8,6.0
2002-11-19,17.4,18.2,16.2,17.7,18.9,83,13.9,13.9,0.0,18.0,3.12,6.2
2002-11-20,19.1,21.8,16.3,19.5,22.4,82,1.7,1.7,0.0,5.0,4.3,8.2
2002-11-21,19.6,22.1,17.9,18.2,20.6,69,0.0,0.0,0.0,0.0,5.51,11.4
2002-11-22,17.0,18.5,15.1,15.9,18.0,72,0.4,0.4,0.0,1.0,4.04,8.2
2002-11-23,17.9,21.5,14.0,17.5,21.2,73,0.0,0.0,0.0,0.0,3.71,7.9
2002-11-24,18.2,20.5,16.0,16.4,18.2,66,0.0,0.0,0.0,0.0,5.48,11.0
2002-11-25,16.7,19.8,14.2,14.2,17.4,58,0.0,0.0,0.0,0.0,5.37,10.5
2002-11-26,16.3,19.6,13.0,13.7,16.8,52,0.0,0.0,0.0,0.0,4.21,8.3
2002-11-27,16.2,17.3,13.8,15.0,16.6,63,0.6,0.6,0.0,4.0,2.56,4.8
2002-11-28,14.0,15.5,12.3,14.0,16.0,94,19.1,19.1,0.0,16.0,2.35,4.7
2002-11-29,18.0,20.7,15.3,19.4,22.9,90,9.1,9.1,0.0,13.0,1.88,6.1
2002-11-30,19.3,20.1,18.7,21.2,21.9,92,17.1,17.1,0.0,24.0,2.7,6.6
2002-12-01,19.0,19.7,18.3,21.1,22.6,93,13.4,13.4,0.0,20.0,2.38,6.3
2002-12-02,21.0,23.6,18.5,23.3,26.2,91,5.5,5.5,0.0,20.0,4.42,9.2
2002-12-03,23.4,27.1,20.7,26.7,30.8,86,2.0,2.0,0.0,11.0,3.13,6.2
2002-12-04,23.5,26.4,21.1,26.9,29.5,87,0.1,0.1,0.0,1.0,2.96,6.2
2002-12-05,24.5,28.3,21.7,27.7,31.3,85,1.3,1.3,0.0,8.0,4.03,8.2
2002-12-06,25.1,28.5,22.7,28.7,32.1,84,2.2,2.2,0.0,12.0,3.34,8.2
2002-12-07,23.2,27.9,16.7,25.9,32.2,84,3.6,3.6,0.0,13.0,6.36,11.6
2002-12-08,13.1,16.6,11.2,9.1,14.1,70,2.7,2.7,0.0,10.0,7.5,15.5
2002-12-09,11.9,15.2,9.4,7.7,11.2,53,0.0,0.0,0.0,0.0,5.88,11.5
2002-12-10,12.5,15.8,8.9,9.8,13.8,58,0.0,0.0,0.0,0.0,3.68,6.9
2002-12-11,12.4,14.1,11.3,10.8,13.0,82,12.1,12.1,0.0,18.0,4.26,8.3
2002-12-12,13.3,17.9,9.9,11.2,15.5,74,0.0,0.0,0.0,0.0,5.06,9.8
2002-12-13,13.3,18.5,8.6,11.5,17.1,70,0.0,0.0,0.0,0.0,3.1,6.8
2002-12-14,15.8,19.4,13.7,14.7,17.9,67,0.7,0.7,0.0,3.0,2.94,7.0
2002-12-15,17.5,22.8,12.5,17.8,23.6,77,0.0,0.0,0.0,0.0,1.99,4.5
2002-12-16,20.4,26.3,16.1,21.8,28.4,78,0.3,0.3,0.0,2.0,1.8,4.8
2002-12-17,19.9,24.1,16.4,21.3,24.6,84,1.6,1.6,0.0,6.0,3.34,7.6
2002-12-18,21.4,24.5,19.0,23.8,26.6,85,3.7,3.7,0.0,13.0,3.07,6.5
2002-12-19,19.7,21.4,16.1,20.6,23.5,85,7.1,7.1,0.0,10.0,4.49,9.1
2002-12-20,15.0,15.8,14.0,14.2,15.3,88,31.2,31.2,0.0,24.0,4.12,7.9
2002-12-21,16.4,18.0,14.4,15.2,16.7,78,0.3,0.3,0.0,2.0,4.15,9.1
2002-12-22,16.7,19.5,14.4,15.4,18.8,73,0.0,0.0,0.0,0.0,4.03,8.1
2002-12-23,17.0,20.6,14.4,15.7,19.4,70,0.0,0.0,0.0,0.0,4.21,8.5
2002-12-24,16.0,18.7,13.1,14.8,18.1,72,0.0,0.0,0.0,0.0,3.86,7.6
2002-12-25,15.1,17.5,11.8,12.4,14.5,68,0.0,0.0,0.0,0.0,6.02,12.0
2002-12-26,8.0,11.4,5.0,3.4,7.1,75,21.3,21.3,0.0,13.0,6.78,13.1
2002-12-27,5.4,6.5,4.1,1.3,2.6,85,20.3,20.3,0.0,24.0,6.01,11.5
2002-12-28,8.1,10.4,5.6,4.7,7.4,74,1.0,1.0,0.0,5.0,3.95,8.2
2002-12-29,9.8,10.6,9.1,7.0,8.0,75,0.5,0.5,0.0,3.0,3.61,7.5
2002-12-30,11.2,12.7,9.2,8.9,10.5,78,0.0,0.0,0.0,0.0,3.65,7.9
2002-12-31,12.8,14.8,10.2,10.7,13.3,74,0.7,0.7,0.0,5.0,3.8,8.6
2003-01-01,13.1,14.6,11.0,11.0,12.5,69,0.5,0.5,0.0,2.0,3.51,7.1
2003-01-02,13.5,15.8,11.6,11.8,14.2,77,4.0,4.0,0.0,5.0,5.59,9.2
2003-01-03,12.6,17.4,9.1,9.2,13.6,67,1.9,1.9,0.0,7.0,5.63,11.5
2003-01-04,11.6,16.8,6.2,8.9,14.8,64,0.0,0.0,0.0,0.0,4.47,8.3
2003-01-05,12.5,13.9,11.0,8.4,9.8,51,0.0,0.0,0.0,0.0,5.26,10.9
2003-01-06,7.7,10.8,5.9,3.8,6.4,77,27.8,27.8,0.0,17.0,5.39,10.4
2003-01-07,8.7,11.9,6.6,4.7,8.4,70,0.0,0.0,0.0,0.0,5.79,11.9
2003-01-08,8.4,11.4,6.0,5.2,8.9,70,0.0,0.0,0.0,0.0,3.88,7.8
2003-01-09,12.8,17.1,8.9,11.0,15.5,70,0.0,0.0,0.0,0.0,2.85,6.7
2003-01-10,13.0,17.0,8.9,10.1,13.8,62,0.0,0.0,0.0,0.0,5.05,10.6
2003-01-11,12.6,18.4,7.8,9.6,15.3,57,0.0,0.0,0.0,0.0,4.14,9.1
2003-01-12,12.2,19.5,7.1,9.7,17.5,61,0.0,0.0,0.0,0.0,2.95,6.7
2003-01-13,12.5,21.1,6.0,10.7,20.1,70,0.0,0.0,0.0,0.0,2.55,5.1
2003-01-14,14.1,22.3,7.6,12.6,21.0,68,0.0,0.0,0.0,0.0,2.42,5.5
2003-01-15,14.8,21.6,8.9,13.5,21.0,66,0.0,0.0,0.0,0.0,2.38,5.7
2003-01-16,15.3,21.1,10.1,15.2,21.8,76,0.0,0.0,0.0,0.0,2.02,4.3
2003-01-17,15.4,23.5,8.6,15.3,24.2,79,0.0,0.0,0.0,0.0,1.97,4.5
2003-01-18,16.7,24.3,9.7,16.6,25.8,76,0.0,0.0,0.0,0.0,2.28,5.2
2003-01-19,17.4,24.0,11.4,17.3,24.4,73,0.0,0.0,0.0,0.0,2.64,6.9
2003-01-20,17.3,22.4,12.0,17.1,22.7,70,0.0,0.0,0.0,0.0,2.34,5.5
2003-01-21,16.2,21.8,11.9,15.8,20.6,79,0.0,0.0,0.0,0.0,3.36,7.3
2003-01-22,17.2,23.0,11.3,17.3,22.8,79,0.0,0.0,0.0,0.0,3.54,7.7
2003-01-23,17.3,20.0,14.9,15.3,17.6,56,0.2,0.2,0.0,1.0,4.98,9.9
2003-01-24,16.6,18.9,14.3,14.9,16.7,72,0.7,0.7,0.0,3.0,6.69,13.7
2003-01-25,19.2,22.2,16.8,19.2,22.3,81,2.3,2.3,0.0,9.0,5.24,13.5
2003-01-26,19.3,23.2,14.9,20.4,25.8,87,5.2,5.2,0.0,16.0,6.4,11.9
2003-01-27,12.5,14.3,10.4,8.4,10.9,64,2.1,2.1,0.0,6.0,7.34,14.4
2003-01-28,12.1,16.6,9.0,8.8,13.5,51,0.0,0.0,0.0,0.0,4.12,8.4
2003-01-29,13.8,18.8,9.1,11.7,17.4,56,0.0,0.0,0.0,0.0,2.5,5.8
2003-01-30,16.5,21.1,12.6,15.5,19.1,68,0.0,0.0,0.0,0.0,4.94,9.6
2003-01-31,18.8,22.8,15.8,19.6,24.3,80,0.8,0.8,0.0,6.0,2.92,5.6
2003-02-01,15.3,17.6,12.8,13.8,18.8,81,0.3,0.3,0.0,2.0,5.73,12.1
2003-02-02,12.3,13.1,11.2,9.6,11.3,70,0.0,0.0,0.0,0.0,4.74,9.3
2003-02-03,11.9,12.9,11.3,9.8,11.1,78,0.2,0.2,0.0,2.0,3.55,7.4
2003-02-04,13.0,16.1,10.8,10.2,13.6,67,0.0,0.0,0.0,0.0,5.36,11.2
2003-02-05,13.5,17.9,9.8,10.5,15.3,53,0.0,0.0,0.0,0.0,5.28,10.5
2003-02-06,13.9,19.0,8.5,12.1,18.7,57,0.0,0.0,0.0,0.0,2.82,6.6
2003-02-07,15.2,17.4,13.8,14.7,17.1,75,0.0,0.0,0.0,0.0,2.04,5.1
2003-02-08,17.3,21.2,14.3,18.1,23.0,85,3.5,3.5,0.0,8.0,2.33,4.7
2003-02-09,19.8,23.9,16.0,20.3,24.6,81,0.4,0.4,0.0,3.0,4.51,8.6
2003-02-10,19.7,23.9,15.7,21.0,25.8,83,0.1,0.1,0.0,1.0,2.83,5.8
2003-02-11,18.5,24.1,14.6,18.6,25.7,79,0.0,0.0,0.0,0.0,5.38,10.8
2003-02-12,12.3,14.5,10.3,9.3,11.6,71,0.0,0.0,0.0,0.0,5.22,10.5
2003-02-13,12.3,15.5,9.4,10.6,14.7,73,1.0,1.0,0.0,3.0,3.13,6.9
2003-02-14,15.7,18.3,12.9,15.7,19.4,81,5.4,5.4,0.0,8.0,2.5,5.4
2003-02-15,19.0,21.8,16.2,20.0,22.9,86,0.1,0.1,0.0,1.0,4.1,8.4
2003-02-16,20.4,24.3,17.7,21.5,26.6,84,0.3,0.3,0.0,1.0,5.2,11.4
2003-02-17,17.2,18.2,15.7,16.8,18.3,77,0.6,0.6,0.0,2.0,3.79,7.4
2003-02-18,19.7,23.3,16.8,21.1,25.8,80,0.1,0.1,0.0,1.0,1.84,5.2
2003-02-19,20.3,24.5,17.7,22.2,27.1,85,1.4,1.4,0.0,4.0,3.74,7.4
2003-02-20,17.6,19.8,16.2,16.9,18.4,74,0.0,0.0,0.0,0.0,4.03,9.4
2003-02-21,19.2,21.9,17.2,18.9,21.8,79,1.1,1.1,0.0,4.0,6.55,12.1
2003-02-22,21.6,25.9,18.0,22.9,27.8,80,0.3,0.3,0.0,3.0,4.42,8.8
2003-02-23,21.8,26.9,16.8,23.9,29.5,82,0.0,0.0,0.0,0.0,3.0,7.3
2003-02-24,22.6,26.6,19.9,24.8,29.2,80,1.7,1.7,0.0,10.0,4.5,8.0
2003-02-25,21.7,24.9,19.3,22.2,25.3,76,0.1,0.1,0.0,1.0,4.72,9.6
2003-02-26,22.5,26.1,20.0,23.8,27.2,74,0.2,0.2,0.0,2.0,4.05,8.3
2003-02-27,22.9,28.2,18.7,24.8,29.4,76,0.0,0.0,0.0,0.0,3.86,6.5
2003-02-28,23.3,26.0,21.0,24.7,27.0,76,0.4,0.4,0.0,4.0,5.11,10.2
2003-03-01,23.2,27.5,20.0,25.7,29.9,78,0.3,0.3,0.0,3.0,2.98,5.3
2003-03-02,22.8,25.5,20.8,24.0,25.1,80,0.2,0.2,0.0,2.0,6.59,13.3
2003-03-03,22.6,24.7,21.1,24.7,26.6,85,5.0,5.0,0.0,13.0,5.15,9.5
2003-03-04,19.6,22.5,16.8,20.8,26.1,92,44.1,44.1,0.0,24.0,4.53,12.7
2003-03-05,18.1,20.0,15.7,18.5,22.1,93,29.8,29.8,0.0,24.0,6.0,14.3
2003-03-06,12.0,14.9,9.6,8.3,12.4,76,2.1,2.1,0.0,10.0,6.77,13.1
2003-03-07,11.6,15.6,7.8,7.9,12.0,59,0.0,0.0,0.0,0.0,5.68,11.4
2003-03-08,12.9,16.7,10.0,9.9,14.4,56,0.0,0.0,0.0,0.0,4.53,8.5
2003-03-09,14.0,15.9,12.4,12.4,14.2,72,2.1,2.1,0.0,6.0,3.24,6.0
2003-03-10,15.6,19.8,12.5,14.7,18.7,74,2.2,2.2,0.0,5.0,3.47,7.3
2003-03-11,17.2,21.0,14.3,15.9,19.7,64,0.0,0.0,0.0,0.0,3.26,7.5
2003-03-12,18.2,21.3,14.9,18.5,22.6,76,0.0,0.0,0.0,0.0,2.42,7.4
2003-03-13,20.1,24.7,16.4,21.2,25.8,76,0.0,0.0,0.0,0.0,2.82,6.3
2003-03-14,19.5,23.1,15.9,19.7,23.8,78,0.0,0.0,0.0,0.0,4.62,10.0
2003-03-15,21.1,24.2,18.5,22.3,24.9,80,1.3,1.3,0.0,5.0,4.41,9.6
2003-03-16,23.4,27.8,19.8,25.3,29.5,81,0.5,0.5,0.0,3.0,5.31,10.9
2003-03-17,24.6,28.7,21.8,27.1,31.9,79,0.9,0.9,0.0,3.0,5.0,11.9
2003-03-18,17.3,22.7,14.3,16.3,26.7,78,1.7,1.7,0.0,5.0,5.76,11.5
2003-03-19,12.9,14.2,12.3,11.0,12.4,82,1.1,1.1,0.0,4.0,4.25,8.1
2003-03-20,12.0,13.1,11.2,10.5,12.2,87,1.2,1.2,0.0,3.0,3.4,6.6
2003-03-21,15.1,18.6,12.4,14.3,19.1,78,0.0,0.0,0.0,0.0,3.36,7.1
2003-03-22,17.2,21.2,14.0,17.2,22.1,75,3.8,3.8,0.0,8.0,2.78,6.7
2003-03-23,17.0,17.9,16.2,18.5,19.5,91,11.4,11.4,0.0,16.0,1.39,5.5
2003-03-24,18.8,21.9,16.3,20.6,24.1,88,16.6,16.6,0.0,13.0,1.58,4.3
2003-03-25,21.1,25.9,16.1,22.5,27.3,79,0.0,0.0,0.0,0.0,3.09,5.9
2003-03-26,22.6,27.4,17.2,23.8,28.0,73,0.0,0.0,0.0,0.0,4.13,8.3
2003-03-27,23.8,28.1,20.1,26.9,31.3,80,0.2,0.2,0.0,2.0,2.12,6.0
2003-03-28,22.8,25.8,21.2,25.8,29.1,83,11.5,11.5,0.0,16.0,2.4,6.2
2003-03-29,21.8,24.3,19.9,23.6,26.2,85,3.1,3.1,0.0,16.0,3.86,7.8
2003-03-30,22.5,24.4,20.8,24.2,25.9,86,1.1,1.1,0.0,6.0,5.51,10.6
2003-03-31,24.7,27.3,22.7,27.1,29.6,83,1.9,1.9,0.0,7.0,5.61,10.9
2003-04-01,26.7,30.1,24.2,29.8,32.7,80,1.2,1.2,0.0,6.0,6.91,13.7
2003-04-02,27.5,32.1,25.0,32.3,36.7,81,5.2,5.2,0.0,12.0,3.65,10.6
2003-04-03,24.3,25.7,23.1,28.1,31.0,88,10.0,10.0,0.0,20.0,2.78,10.1
2003-04-04,21.4,23.4,19.3,21.6,26.2,78,3.7,3.7,0.0,11.0,5.77,11.5
2003-04-05,20.2,23.1,17.2,19.5,23.1,63,0.0,0.0,0.0,0.0,4.96,9.7
2003-04-06,19.2,20.5,18.1,19.9,22.1,81,2.4,2.4,0.0,10.0,4.18,8.1
2003-04-07,19.8,21.2,18.9,22.2,25.0,95,45.8,45.8,0.0,24.0,4.11,13.3
2003-04-08,22.5,26.1,20.3,24.9,28.5,86,11.3,11.3,0.0,12.0,3.94,7.8
2003-04-09,20.6,21.6,19.5,22.1,23.9,87,8.1,8.1,0.0,19.0,4.79,11.1
2003-04-10,20.5,22.0,18.8,21.8,23.9,90,2.6,2.6,0.0,13.0,4.84,12.4
2003-04-11,23.8,26.6,21.6,26.6,29.3,90,7.9,7.9,0.0,15.0,5.25,12.1
2003-04-12,26.2,29.4,23.5,29.6,32.5,84,2.0,2.0,0.0,13.0,6.46,12.8
2003-04-13,25.8,28.5,22.6,29.4,32.1,85,25.5,25.5,0.0,22.0,5.81,11.8
2003-04-14,21.6,24.0,19.6,21.6,24.4,71,4.1,4.1,0.0,9.0,5.93,11.2
2003-04-15,21.8,25.7,18.2,23.0,28.0,70,0.0,0.0,0.0,0.0,2.94,5.7
2003-04-16,22.8,25.1,21.4,24.6,26.9,81,1.7,1.7,0.0,5.0,4.88,10.2
2003-04-17,25.2,28.8,21.9,27.4,30.8,80,0.9,0.9,0.0,5.0,6.46,12.9
2003-04-18,26.8,30.4,24.4,29.7,33.2,77,0.6,0.6,0.0,4.0,5.56,11.5
2003-04-19,26.7,29.8,24.6,29.8,32.6,77,0.2,0.2,0.0,2.0,5.22,10.5
2003-04-20,26.1,30.0,23.7,29.5,32.8,77,0.0,0.0,0.0,0.0,3.18,7.8
2003-04-21,26.2,30.5,21.5,29.8,34.4,77,0.7,0.7,0.0,5.0,3.58,7.0
2003-04-22,26.3,30.2,22.4,30.1,33.9,77,0.0,0.0,0.0,0.0,2.63,5.6
2003-04-23,26.8,31.3,22.6,31.2,37.0,77,0.0,0.0,0.0,0.0,2.32,5.1
2003-04-24,27.1,31.7,23.0,31.8,36.8,79,7.4,7.4,0.0,7.0,3.58,8.8
2003-04-25,26.0,30.0,22.7,29.1,33.8,71,0.7,0.7,0.0,2.0,4.02,7.8
2003-04-26,26.5,31.8,21.0,29.8,37.3,69,0.0,0.0,0.0,0.0,3.8,7.8
2003-04-27,27.2,31.6,24.3,30.5,34.9,72,0.0,0.0,0.0,0.0,3.69,7.9
2003-04-28,27.3,31.9,23.7,30.7,35.3,72,0.6,0.6,0.0,4.0,3.94,8.2
2003-04-29,27.3,31.5,24.3,31.8,36.5,75,1.8,1.8,0.0,7.0,3.83,7.2
2003-04-30,25.8,28.4,23.3,26.5,29.2,60,0.2,0.2,0.0,1.0,5.66,11.8
2003-05-01,24.6,29.1,19.9,26.3,32.5,64,0.1,0.1,0.0,1.0,3.4,5.7
2003-05-02,24.7,27.6,22.1,27.3,30.3,77,1.4,1.4,0.0,7.0,3.72,8.3
2003-05-03,25.1,27.1,24.2,28.9,31.8,89,21.3,21.3,0.0,23.0,4.57,10.9
2003-05-04,24.9,27.8,23.4,28.4,30.9,90,36.0,36.0,0.0,23.0,5.69,12.1
2003-05-05,25.5,29.0,23.0,29.6,34.2,90,34.2,34.2,0.0,22.0,4.22,11.7
2003-05-06,29.4,33.5,25.4,34.2,37.9,80,6.0,6.0,0.0,14.0,6.55,15.5
2003-05-07,30.0,33.0,27.4,35.3,37.8,78,4.8,4.8,0.0,10.0,5.28,13.0
2003-05-08,27.6,30.4,25.6,32.7,35.5,81,19.7,19.7,0.0,15.0,3.32,7.7
2003-05-09,26.8,29.1,24.6,31.0,33.8,77,0.2,0.2,0.0,1.0,2.69,5.2
2003-05-10,26.6,30.0,24.4,31.0,34.2,79,0.5,0.5,0.0,2.0,2.47,5.4
2003-05-11,26.9,30.4,22.8,30.6,33.9,75,0.0,0.0,0.0,0.0,3.04,6.0
2003-05-12,27.9,31.5,24.7,32.1,35.4,77,1.2,1.2,0.0,7.0,4.79,8.9
2003-05-13,28.4,32.4,26.1,33.7,38.5,81,1.1,1.1,0.0,6.0,3.91,9.1
2003-05-14,27.9,31.9,26.0,33.7,37.8,86,16.0,16.0,0.0,14.0,4.33,8.9
2003-05-15,27.7,30.9,25.7,33.6,36.6,87,14.6,14.6,0.0,17.0,3.52,9.5
2003-05-16,29.4,32.1,26.8,34.8,37.1,81,2.6,2.6,0.0,13.0,5.32,12.9
2003-05-17,28.1,30.1,26.9,34.5,37.6,86,20.7,20.7,0.0,20.0,2.79,8.2
2003-05-18,25.4,26.8,24.4,29.1,32.6,83,21.5,21.5,0.0,17.0,3.62,7.6
2003-05-19,27.1,31.2,23.3,30.7,35.0,71,0.0,0.0,0.0,0.0,3.01,7.3
2003-05-20,28.3,32.3,24.3,33.1,36.2,75,0.1,0.1,0.0,1.0,3.01,6.4
2003-05-21,28.8,33.3,24.6,32.7,38.2,68,0.0,0.0,0.0,0.0,3.8,7.2
2003-05-22,28.0,32.0,24.0,32.5,37.5,76,2.8,2.8,0.0,7.0,3.2,7.5
2003-05-23,28.2,32.5,25.6,33.6,37.3,81,16.4,16.4,0.0,16.0,3.64,8.4
2003-05-24,28.2,32.3,25.9,34.4,39.1,82,12.9,12.9,0.0,20.0,1.78,7.8
2003-05-25,27.5,30.8,24.7,32.6,36.5,81,12.9,12.9,0.0,11.0,2.92,6.9
2003-05-26,27.8,30.7,25.0,32.6,36.2,77,6.0,6.0,0.0,14.0,3.05,7.3
2003-05-27,27.9,31.5,24.6,31.6,35.9,70,0.0,0.0,0.0,0.0,3.55,7.6
2003-05-28,27.5,31.2,24.0,32.4,36.3,77,0.4,0.4,0.0,3.0,2.4,5.3
2003-05-29,27.9,31.8,25.1,33.5,38.4,80,16.5,16.5,0.0,11.0,2.02,5.5
2003-05-30,29.4,34.1,25.9,33.5,38.6,68,0.0,0.0,0.0,0.0,4.24,8.7
2003-05-31,29.1,34.5,24.4,33.3,38.3,67,0.0,0.0,0.0,0.0,2.88,6.4
2003-06-01,28.4,33.6,24.2,32.1,38.2,64,0.0,0.0,0.0,0.0,3.5,6.7
2003-06-02,28.5,33.3,24.4,32.8,39.8,68,0.0,0.0,0.0,0.0,3.2,5.7
2003-06-03,28.0,31.0,25.6,32.5,36.8,75,0.0,0.0,0.0,0.0,3.21,7.6
2003-06-04,28.8,32.9,25.7,33.8,39.3,74,0.2,0.2,0.0,1.0,2.67,6.0
2003-06-05,28.6,31.6,25.1,33.0,36.4,73,0.0,0.0,0.0,0.0,3.71,7.8
2003-06-06,27.6,31.7,25.6,33.0,37.3,87,24.0,24.0,0.0,23.0,3.62,9.9
2003-06-07,26.1,26.8,25.1,31.5,32.6,90,45.6,45.6,0.0,20.0,3.03,8.0
2003-06-08,27.5,31.9,24.4,33.3,38.8,84,4.6,4.6,0.0,4.0,2.79,5.9
2003-06-09,26.1,26.6,24.9,31.2,32.0,92,18.1,18.1,0.0,22.0,3.64,8.4
2003-06-10,25.8,26.9,24.6,31.1,32.5,94,40.8,40.8,0.0,24.0,3.16,8.3
2003-06-11,26.1,28.3,24.7,31.5,33.5,92,34.8,34.8,0.0,21.0,3.86,11.5
2003-06-12,26.3,29.2,24.5,31.9,34.5,87,10.1,10.1,0.0,17.0,1.79,7.9
2003-06-13,26.0,27.4,24.9,31.6,32.9,93,33.7,33.7,0.0,24.0,2.69,9.3
2003-06-14,25.3,27.1,24.2,30.6,32.9,93,36.7,36.7,0.0,24.0,3.62,7.2
2003-06-15,25.5,28.4,23.1,29.3,32.2,82,13.9,13.9,0.0,12.0,3.3,7.1
2003-06-16,27.1,30.6,24.3,31.9,35.1,81,9.1,9.1,0.0,13.0,3.05,7.6
2003-06-17,28.3,32.6,24.4,33.4,38.4,76,2.2,2.2,0.0,5.0,2.31,5.7
2003-06-18,29.5,34.5,24.6,34.7,40.2,72,0.0,0.0,0.0,0.0,2.56,4.9
2003-06-19,29.9,34.9,25.3,35.7,41.7,75,0.5,0.5,0.0,3.0,3.38,6.4
2003-06-20,29.4,33.0,27.1,35.1,39.5,81,6.7,6.7,0.0,15.0,4.55,8.7
2003-06-21,27.9,30.7,26.0,33.3,36.1,86,7.5,7.5,0.0,19.0,3.91,8.1
2003-06-22,27.7,29.7,25.8,32.6,34.5,86,19.7,19.7,0.0,16.0,4.92,11.7
2003-06-23,29.1,32.6,26.4,34.3,38.3,81,3.4,3.4,0.0,10.0,4.84,11.7
2003-06-24,30.2,33.5,26.3,35.1,38.4,75,0.6,0.6,0.0,3.0,5.35,12.4
2003-06-25,30.5,32.9,27.9,35.1,38.0,74,0.6,0.6,0.0,4.0,5.81,12.9
2003-06-26,29.9,32.1,28.3,35.0,36.6,79,23.1,23.1,0.0,16.0,5.69,14.3
2003-06-27,28.3,29.6,26.6,33.5,35.0,86,29.4,29.4,0.0,23.0,6.12,13.0
2003-06-28,27.6,31.2,25.1,32.9,36.7,86,24.6,24.6,0.0,21.0,4.81,12.3
2003-06-29,28.9,32.2,26.2,33.5,36.5,79,16.3,16.3,0.0,18.0,5.6,13.6
2003-06-30,29.9,34.1,26.6,35.1,40.3,76,1.4,1.4,0.0,8.0,5.2,10.7
2003-07-01,30.2,34.2,25.9,35.6,39.8,74,0.8,0.8,0.0,5.0,4.03,8.4
2003-07-02,30.6,34.3,27.0,36.1,39.8,73,1.2,1.2,0.0,7.0,3.98,8.4
2003-07-03,30.8,35.0,26.0,36.2,41.0,71,0.0,0.0,0.0,0.0,3.59,8.0
2003-07-04,31.1,34.9,27.3,36.7,41.0,71,0.0,0.0,0.0,0.0,3.55,6.7
2003-07-05,31.2,35.4,27.7,36.6,40.7,70,0.0,0.0,0.0,0.0,3.96,7.6
2003-07-06,30.9,34.8,26.7,35.9,40.0,70,0.3,0.3,0.0,3.0,3.92,9.0
2003-07-07,31.1,35.1,27.0,36.5,40.5,71,0.0,0.0,0.0,0.0,4.18,8.6
2003-07-08,30.9,35.4,26.6,36.4,40.8,72,0.1,0.1,0.0,1.0,4.52,9.8
2003-07-09,30.9,34.7,27.8,36.3,40.3,72,1.4,1.4,0.0,7.0,4.42,9.6
2003-07-10,30.5,34.3,26.8,36.0,39.6,74,3.4,3.4,0.0,14.0,4.34,9.3
2003-07-11,29.4,33.3,27.1,34.8,38.2,80,15.9,15.9,0.0,17.0,4.85,10.8
2003-07-12,29.6,33.2,26.6,35.5,38.6,80,5.0,5.0,0.0,11.0,4.08,10.3
2003-07-13,31.1,35.1,27.5,37.2,41.0,74,0.9,0.9,0.0,6.0,3.07,7.6
2003-07-14,31.7,36.1,26.9,38.0,42.6,72,0.0,0.0,0.0,0.0,2.92,8.5
2003-07-15,32.1,36.6,27.6,38.4,44.1,70,0.0,0.0,0.0,0.0,3.65,6.4
2003-07-16,31.9,36.5,27.4,38.2,43.8,71,0.0,0.0,0.0,0.0,3.45,6.7
2003-07-17,31.5,35.8,27.0,37.4,42.0,72,0.1,0.1,0.0,1.0,3.67,7.1
2003-07-18,30.9,34.7,27.2,36.8,41.8,74,0.5,0.5,0.0,3.0,3.57,6.8
2003-07-19,31.0,35.0,26.9,36.7,41.1,72,0.0,0.0,0.0,0.0,3.23,6.5
2003-07-20,30.3,34.0,28.1,36.4,39.7,78,8.0,8.0,0.0,8.0,3.48,8.4
2003-07-21,29.1,31.4,27.2,34.0,36.0,79,1.5,1.5,0.0,6.0,5.75,13.4
2003-07-22,30.8,35.2,26.6,36.5,41.7,74,0.4,0.4,0.0,3.0,4.65,9.7
2003-07-23,31.1,36.7,27.4,36.6,43.8,72,5.2,5.2,0.0,3.0,6.84,13.4
2003-07-24,27.9,29.0,27.0,30.3,31.8,84,27.0,27.0,0.0,23.0,10.17,22.9
2003-07-25,28.6,31.2,26.4,33.2,35.5,83,8.9,8.9,0.0,22.0,6.26,12.6
2003-07-26,29.8,33.4,26.4,35.7,39.2,79,2.6,2.6,0.0,12.0,3.54,8.2
2003-07-27,30.4,34.6,25.8,36.3,39.7,76,0.0,0.0,0.0,0.0,2.92,6.5
2003-07-28,30.5,34.7,26.9,36.4,41.9,73,0.0,0.0,0.0,0.0,3.95,7.0
2003-07-29,30.4,34.5,26.1,36.0,41.2,73,0.0,0.0,0.0,0.0,3.62,6.2
2003-07-30,30.7,34.5,26.8,37.4,42.7,75,0.0,0.0,0.0,0.0,3.01,5.6
2003-07-31,30.9,34.9,27.2,37.9,43.4,78,0.6,0.6,0.0,3.0,3.11,6.5
2003-08-01,31.2,34.9,27.7,38.0,43.3,76,1.0,1.0,0.0,5.0,2.94,5.4
2003-08-02,31.4,35.2,27.1,38.2,42.7,73,0.0,0.0,0.0,0.0,3.51,6.3
2003-08-03,31.3,35.5,27.1,38.5,44.0,75,0.5,0.5,0.0,4.0,2.62,5.6
2003-08-04,30.9,36.7,25.5,37.6,44.7,76,13.5,13.5,0.0,6.0,3.42,8.1
2003-08-05,28.8,34.0,25.6,35.8,43.5,85,14.8,14.8,0.0,16.0,2.91,7.6
2003-08-06,26.6,27.2,26.0,32.9,34.0,94,65.0,65.0,0.0,22.0,1.93,6.4
2003-08-07,28.5,30.9,26.2,34.7,36.7,86,10.5,10.5,0.0,12.0,3.41,7.5
2003-08-08,29.8,32.5,27.1,36.5,39.8,82,5.5,5.5,0.0,3.0,3.21,7.5
2003-08-09,31.0,35.5,27.5,37.9,42.4,77,2.2,2.2,0.0,5.0,3.13,6.5
2003-08-10,31.6,36.0,28.0,39.0,43.2,77,1.5,1.5,0.0,7.0,3.1,6.4
2003-08-11,31.5,36.3,28.1,38.9,45.0,78,2.6,2.6,0.0,9.0,2.72,5.4
2003-08-12,28.9,31.3,27.4,35.0,37.6,84,23.5,23.5,0.0,18.0,4.08,8.4
2003-08-13,29.0,31.7,26.3,35.3,38.4,86,6.3,6.3,0.0,14.0,3.23,8.3
2003-08-14,29.3,31.9,27.1,36.3,39.6,85,6.4,6.4,0.0,13.0,3.22,7.9
2003-08-15,29.9,34.8,27.3,37.1,41.6,84,5.3,5.3,0.0,11.0,1.84,7.7
2003-08-16,27.9,29.9,26.7,34.7,36.8,90,25.6,25.6,0.0,17.0,2.55,6.4
2003-08-17,28.4,31.9,26.3,35.0,38.8,86,19.0,19.0,0.0,18.0,2.88,6.4
2003-08-18,29.3,33.0,26.3,35.4,39.7,80,4.2,4.2,0.0,5.0,3.21,6.8
2003-08-19,29.1,34.1,26.0,35.4,42.2,81,9.5,9.5,0.0,18.0,3.0,6.2
2003-08-20,28.6,33.4,25.7,34.7,41.2,81,37.5,37.5,0.0,10.0,2.6,8.1
2003-08-21,27.8,30.9,25.7,33.9,37.7,87,21.4,21.4,0.0,19.0,2.55,5.9
2003-08-22,27.9,31.9,25.4,33.6,37.2,87,9.9,9.9,0.0,18.0,3.61,8.2
2003-08-23,29.8,33.7,26.4,36.5,42.4,80,2.3,2.3,0.0,11.0,2.79,7.1
2003-08-24,29.5,33.8,27.0,33.4,36.8,74,7.7,7.7,0.0,7.0,7.11,17.0
2003-08-25,27.7,29.3,26.6,31.1,32.5,84,21.7,21.7,0.0,23.0,7.43,16.5
2003-08-26,28.2,31.0,26.5,33.1,35.6,85,11.1,11.1,0.0,19.0,5.47,13.0
2003-08-27,29.0,32.4,25.9,35.0,38.7,82,1.9,1.9,0.0,7.0,3.51,8.4
2003-08-28,29.9,33.7,26.9,36.0,40.4,78,1.1,1.1,0.0,6.0,3.08,6.5
2003-08-29,30.0,33.9,26.1,35.7,40.0,75,0.0,0.0,0.0,0.0,2.63,5.3
2003-08-30,29.9,34.2,25.9,35.7,40.2,75,0.3,0.3,0.0,2.0,2.14,5.5
2003-08-31,30.5,35.1,25.7,37.1,43.2,74,0.0,0.0,0.0,0.0,2.0,4.3
2003-09-01,30.4,34.5,27.2,37.2,42.9,77,2.0,2.0,0.0,6.0,2.51,6.0
2003-09-02,28.7,32.1,25.7,31.0,34.9,73,13.2,13.2,0.0,11.0,13.85,26.5
2003-09-03,26.6,28.3,25.9,29.6,33.2,88,35.5,35.5,0.0,21.0,13.97,27.3
2003-09-04,27.1,29.3,25.3,32.4,35.1,87,14.1,14.1,0.0,12.0,3.3,8.9
2003-09-05,28.1,32.8,25.0,33.6,38.0,82,6.5,6.5,0.0,6.0,3.98,12.5
2003-09-06,27.9,33.2,25.5,33.5,39.5,85,10.5,10.5,0.0,12.0,4.04,10.4
2003-09-07,27.5,31.3,25.3,32.4,35.8,84,13.0,13.0,0.0,17.0,4.6,11.7
2003-09-08,27.7,31.0,25.3,33.0,36.0,85,12.1,12.1,0.0,9.0,3.84,10.1
2003-09-09,29.0,33.9,25.2,34.9,40.1,79,0.1,0.1,0.0,1.0,2.19,6.6
2003-09-10,29.4,33.2,25.3,35.1,40.0,78,0.5,0.5,0.0,3.0,4.08,7.7
2003-09-11,28.7,32.5,25.6,32.7,37.7,69,0.0,0.0,0.0,0.0,3.94,7.9
2003-09-12,28.6,33.0,24.4,32.9,38.4,69,0.0,0.0,0.0,0.0,2.91,6.3
2003-09-13,28.8,33.5,24.2,34.3,39.4,77,0.0,0.0,0.0,0.0,2.83,5.6
2003-09-14,27.2,30.2,25.3,32.2,35.2,86,18.5,18.5,0.0,13.0,4.15,10.9
2003-09-15,25.7,27.3,24.9,29.9,32.4,93,35.0,35.0,0.0,24.0,5.16,9.8
2003-09-16,26.7,28.4,25.3,31.1,33.3,90,16.5,16.5,0.0,20.0,5.11,13.0
2003-09-17,28.1,31.8,25.9,33.6,37.2,84,2.6,2.6,0.0,9.0,3.49,9.0
2003-09-18,28.9,33.0,25.3,35.1,39.8,80,0.0,0.0,0.0,0.0,1.61,4.4
2003-09-19,29.5,34.5,25.2,35.6,40.7,79,0.0,0.0,0.0,0.0,2.4,6.1
2003-09-20,29.5,34.2,26.6,35.9,40.9,80,6.5,6.5,0.0,8.0,2.71,7.3
2003-09-21,27.5,29.9,25.5,31.0,33.7,74,1.7,1.7,0.0,5.0,4.14,9.5
2003-09-22,25.5,27.9,23.5,27.6,31.9,69,0.0,0.0,0.0,0.0,3.86,8.9
2003-09-23,25.4,28.1,23.2,27.8,31.8,68,0.0,0.0,0.0,0.0,3.01,7.1
2003-09-24,26.3,31.0,22.2,29.8,35.5,73,0.0,0.0,0.0,0.0,2.92,7.1
2003-09-25,27.4,32.2,23.1,31.4,35.9,73,0.0,0.0,0.0,0.0,3.11,7.1
2003-09-26,27.6,32.6,23.3,32.1,37.7,75,0.0,0.0,0.0,0.0,2.05,5.4
2003-09-27,28.2,32.5,24.3,33.7,39.2,79,0.0,0.0,0.0,0.0,2.06,6.0
2003-09-28,28.5,32.7,25.2,34.9,40.9,81,0.6,0.6,0.0,3.0,1.9,4.9
2003-09-29,28.6,32.9,25.8,34.8,41.0,80,4.0,4.0,0.0,12.0,2.02,4.9
2003-09-30,27.7,31.4,24.7,33.2,38.4,81,2.5,2.5,0.0,8.0,2.56,5.1
2003-10-01,28.2,32.7,24.3,33.3,38.3,76,0.0,0.0,0.0,0.0,2.28,5.8
2003-10-02,28.2,32.6,24.4,34.1,39.4,81,0.3,0.3,0.0,3.0,1.9,7.1
2003-10-03,27.1,29.5,24.8,30.5,32.8,75,0.5,0.5,0.0,3.0,5.16,9.5
2003-10-04,25.6,28.7,22.7,27.1,32.2,67,0.0,0.0,0.0,0.0,5.19,10.1
2003-10-05,26.0,29.5,22.9,27.4,32.4,64,0.0,0.0,0.0,0.0,4.44,9.2
2003-10-06,24.6,27.8,22.3,25.3,30.0,64,0.0,0.0,0.0,0.0,4.96,10.1
2003-10-07,23.6,26.8,20.3,24.9,29.7,68,0.0,0.0,0.0,0.0,3.98,8.6
2003-10-08,24.7,29.5,20.7,27.6,34.8,72,0.0,0.0,0.0,0.0,2.5,5.7
2003-10-09,27.4,32.2,23.7,31.8,37.2,75,0.0,0.0,0.0,0.0,2.44,7.1
2003-10-10,27.6,30.9,24.8,32.1,35.1,80,1.0,1.0,0.0,4.0,4.34,8.7
2003-10-11,27.3,30.2,26.0,32.5,36.3,86,4.0,4.0,0.0,7.0,3.3,7.6
2003-10-12,28.5,32.1,25.6,33.8,37.0,80,0.7,0.7,0.0,6.0,3.18,7.1
2003-10-13,24.5,26.8,20.7,26.8,32.7,79,1.2,1.2,0.0,5.0,6.28,12.6
2003-10-14,20.1,21.8,18.3,18.5,20.8,66,4.5,4.5,0.0,12.0,5.92,11.8
2003-10-15,21.6,25.2,18.3,20.5,24.7,58,0.0,0.0,0.0,0.0,5.29,9.9
2003-10-16,23.0,27.4,20.2,22.4,27.3,52,0.0,0.0,0.0,0.0,4.37,9.0
2003-10-17,22.5,27.7,17.9,22.0,27.9,52,0.0,0.0,0.0,0.0,3.94,7.8
2003-10-18,22.8,27.8,18.1,22.5,28.3,54,0.0,0.0,0.0,0.0,4.12,8.2
2003-10-19,22.4,27.6,17.9,23.3,29.6,64,0.0,0.0,0.0,0.0,3.26,7.0
2003-10-20,22.5,27.8,18.0,23.6,29.1,69,0.0,0.0,0.0,0.0,3.0,6.9
2003-10-21,22.7,28.2,17.7,23.2,29.1,63,0.0,0.0,0.0,0.0,3.5,7.8
2003-10-22,22.9,28.5,18.4,23.6,29.8,64,0.0,0.0,0.0,0.0,3.33,7.9
2003-10-23,22.8,28.8,18.0,22.8,29.2,55,0.0,0.0,0.0,0.0,3.5,7.7
2003-10-24,21.6,27.8,16.0,22.3,29.2,63,0.0,0.0,0.0,0.0,2.02,5.3
2003-10-25,22.7,29.4,15.8,23.2,29.1,61,0.0,0.0,0.0,0.0,2.62,6.0
2003-10-26,22.5,29.2,16.7,24.0,31.9,70,0.0,0.0,0.0,0.0,2.59,5.0
2003-10-27,22.8,27.1,18.3,24.9,30.5,75,0.0,0.0,0.0,0.0,2.53,5.1
2003-10-28,23.8,29.3,18.9,25.5,31.2,68,0.0,0.0,0.0,0.0,2.44,6.1
2003-10-29,23.7,30.1,18.6,25.2,31.7,68,0.0,0.0,0.0,0.0,2.72,6.0
2003-10-30,23.1,28.6,18.0,25.6,32.3,76,0.0,0.0,0.0,0.0,2.28,4.6
2003-10-31,23.4,28.5,18.6,26.2,32.5,77,0.0,0.0,0.0,0.0,2.56,5.1
2003-11-01,23.4,29.7,19.1,26.7,34.2,82,0.0,0.0,0.0,0.0,1.66,4.2
2003-11-02,23.9,31.2,18.6,26.8,34.6,77,0.0,0.0,0.0,0.0,2.48,6.1
2003-11-03,25.0,32.3,19.5,25.8,32.3,62,0.0,0.0,0.0,0.0,4.65,10.1
2003-11-04,24.1,29.2,20.0,26.5,33.3,70,0.0,0.0,0.0,0.0,2.6,4.7
2003-11-05,24.0,29.1,19.7,27.2,32.5,78,0.0,0.0,0.0,0.0,2.18,4.5
2003-11-06,24.0,29.6,19.2,26.6,32.7,79,0.0,0.0,0.0,0.0,3.07,7.3
2003-11-07,24.4,29.1,20.2,28.0,33.4,83,0.8,0.8,0.0,4.0,2.71,7.6
2003-11-08,24.7,27.4,22.6,28.5,31.5,85,3.7,3.7,0.0,13.0,4.88,8.3
2003-11-09,19.5,22.4,17.1,19.0,23.1,77,2.2,2.2,0.0,9.0,5.26,10.4
2003-11-10,15.4,17.2,14.0,13.3,16.2,81,8.2,8.2,0.0,19.0,5.73,11.1
2003-11-11,15.8,18.8,13.6,12.4,15.7,60,0.0,0.0,0.0,0.0,6.23,12.0
2003-11-12,15.4,19.1,12.4,12.1,16.0,55,0.0,0.0,0.0,0.0,5.98,12.1
2003-11-13,17.0,22.7,11.5,15.5,22.0,57,0.0,0.0,0.0,0.0,3.48,7.3
2003-11-14,19.7,25.5,14.2,20.3,27.2,71,0.0,0.0,0.0,0.0,2.52,5.7
2003-11-15,22.7,29.5,17.0,24.0,30.6,70,0.0,0.0,0.0,0.0,3.22,7.6
2003-11-16,23.8,28.0,19.4,24.5,28.5,61,0.0,0.0,0.0,0.0,4.22,8.9
2003-11-17,22.5,24.1,20.5,23.8,26.3,71,2.8,2.8,0.0,7.0,3.05,6.1
2003-11-18,23.0,26.0,20.1,25.3,28.3,79,0.0,0.0,0.0,0.0,3.42,6.9
2003-11-19,24.4,27.7,21.9,27.1,30.5,83,2.1,2.1,0.0,6.0,4.47,8.4
2003-11-20,24.8,28.0,22.2,28.8,33.3,89,3.4,3.4,0.0,14.0,4.12,8.9
2003-11-21,20.4,23.7,17.3,18.9,22.2,67,0.0,0.0,0.0,0.0,6.59,13.3
2003-11-22,18.1,21.5,15.0,16.2,20.1,57,0.0,0.0,0.0,0.0,5.28,10.1
2003-11-23,19.2,23.8,15.6,19.1,24.4,66,0.0,0.0,0.0,0.0,2.55,6.6
2003-11-24,20.1,26.9,14.9,20.9,28.4,75,0.0,0.0,0.0,0.0,2.42,5.8
2003-11-25,22.3,27.3,18.2,22.4,28.1,64,0.0,0.0,0.0,0.0,3.66,8.2
2003-11-26,21.5,25.8,18.2,21.4,26.3,64,0.0,0.0,0.0,0.0,5.32,9.9
2003-11-27,18.6,21.8,16.2,16.6,20.0,62,0.0,0.0,0.0,0.0,5.69,11.6
2003-11-28,17.3,21.2,14.0,14.9,19.3,61,0.0,0.0,0.0,0.0,5.33,10.9
2003-11-29,15.9,19.2,12.9,13.1,16.7,60,0.0,0.0,0.0,0.0,5.52,11.5
2003-11-30,14.3,19.7,10.5,11.9,17.5,59,0.0,0.0,0.0,0.0,4.18,8.7
2003-12-01,14.5,21.5,8.8,12.7,20.7,64,0.0,0.0,0.0,0.0,2.86,6.1
2003-12-02,15.6,22.4,10.5,13.6,20.8,55,0.0,0.0,0.0,0.0,2.76,6.6
2003-12-03,16.2,22.6,10.9,14.6,21.5,57,0.0,0.0,0.0,0.0,2.92,7.0
2003-12-04,16.2,23.4,10.8,15.6,23.0,73,0.0,0.0,0.0,0.0,2.81,7.6
2003-12-05,18.2,24.4,13.0,18.5,25.7,74,0.0,0.0,0.0,0.0,2.09,5.1
2003-12-06,20.6,25.9,16.5,19.7,25.0,63,0.0,0.0,0.0,0.0,5.26,10.6
2003-12-07,17.1,20.2,14.2,14.8,18.4,61,0.0,0.0,0.0,0.0,5.16,10.3
2003-12-08,15.5,17.7,13.7,13.8,15.9,71,2.6,2.6,0.0,10.0,4.11,8.5
2003-12-09,15.5,16.8,13.7,13.6,14.4,76,2.5,2.5,0.0,10.0,5.14,10.5
2003-12-10,14.4,17.3,11.8,11.9,15.2,67,0.0,0.0,0.0,0.0,4.41,9.4
2003-12-11,14.7,18.8,12.2,11.5,15.4,63,0.0,0.0,0.0,0.0,5.82,11.9
2003-12-12,13.8,17.9,10.6,9.5,13.1,43,0.0,0.0,0.0,0.0,5.54,11.6
2003-12-13,13.2,18.2,9.0,9.4,14.2,45,0.0,0.0,0.0,0.0,4.59,10.3
2003-12-14,13.5,19.4,8.5,10.0,15.8,45,0.0,0.0,0.0,0.0,4.44,9.5
2003-12-15,13.3,19.2,8.3,10.2,16.5,50,0.0,0.0,0.0,0.0,3.58,8.2
2003-12-16,13.3,19.6,8.6,10.7,17.4,57,0.0,0.0,0.0,0.0,3.05,7.2
2003-12-17,14.2,20.3,9.5,11.7,18.2,56,0.0,0.0,0.0,0.0,3.53,7.7
2003-12-18,15.1,20.7,10.7,12.0,17.6,53,0.0,0.0,0.0,0.0,5.52,10.4
2003-12-19,13.2,16.3,10.3,7.9,10.6,38,0.0,0.0,0.0,0.0,7.43,14.7
2003-12-20,11.1,15.5,7.2,6.4,11.2,33,0.0,0.0,0.0,0.0,4.88,10.4
2003-12-21,11.5,18.0,6.7,7.9,15.0,43,0.0,0.0,0.0,0.0,3.16,7.6
2003-12-22,12.8,20.5,6.9,10.3,18.5,55,0.0,0.0,0.0,0.0,2.66,6.3
2003-12-23,14.6,22.1,7.8,13.4,21.7,64,0.0,0.0,0.0,0.0,2.04,4.8
2003-12-24,15.6,23.3,8.7,15.3,24.4,74,0.0,0.0,0.0,0.0,2.01,4.0
2003-12-25,17.3,25.1,11.0,16.8,25.1,70,0.0,0.0,0.0,0.0,4.3,8.9
2003-12-26,17.5,19.9,14.2,13.7,15.7,44,0.0,0.0,0.0,0.0,6.55,13.1
2003-12-27,13.2,17.9,8.6,9.3,14.4,38,0.0,0.0,0.0,0.0,4.72,9.2
2003-12-28,12.9,20.0,7.0,10.8,17.9,61,0.0,0.0,0.0,0.0,2.21,6.2
2003-12-29,15.6,23.3,9.8,14.6,23.1,65,0.0,0.0,0.0,0.0,2.31,5.5
2003-12-30,17.0,23.9,11.1,16.7,24.2,70,0.0,0.0,0.0,0.0,1.98,4.2
2003-12-31,18.3,23.5,14.8,16.8,22.3,59,0.0,0.0,0.0,0.0,4.12,8.9
2004-01-01,17.3,23.2,12.7,16.7,23.5,64,0.0,0.0,0.0,0.0,2.41,5.0
2004-01-02,16.9,21.5,13.1,15.5,20.3,65,0.0,0.0,0.0,0.0,4.12,8.4
2004-01-03,16.6,22.7,12.2,15.5,22.0,64,0.0,0.0,0.0,0.0,2.51,6.0
2004-01-04,18.3,23.5,14.6,18.4,24.0,71,0.1,0.1,0.0,1.0,2.01,4.3
2004-01-05,19.4,25.8,14.9,20.2,27.7,73,0.0,0.0,0.0,0.0,1.78,4.0
2004-01-06,19.4,25.4,14.3,19.5,25.8,70,0.0,0.0,0.0,0.0,2.97,7.5
2004-01-07,18.9,23.7,15.6,18.6,23.9,65,0.0,0.0,0.0,0.0,2.42,6.3
2004-01-08,18.5,24.2,14.1,19.1,25.2,77,0.0,0.0,0.0,0.0,2.44,5.7
2004-01-09,18.6,23.8,15.0,19.1,24.3,76,0.0,0.0,0.0,0.0,2.06,5.8
2004-01-10,18.6,22.4,14.9,18.9,22.7,80,0.0,0.0,0.0,0.0,5.06,9.9
2004-01-11,16.1,19.3,12.7,14.0,21.1,70,1.7,1.7,0.0,5.0,5.73,11.3
2004-01-12,13.4,16.6,11.1,10.3,13.7,60,0.0,0.0,0.0,0.0,4.87,10.0
2004-01-13,12.2,16.0,9.2,9.0,13.1,55,0.8,0.8,0.0,2.0,4.58,9.8
2004-01-14,14.1,19.8,9.2,12.2,17.7,64,0.0,0.0,0.0,0.0,3.11,7.9
2004-01-15,17.4,21.6,13.0,16.7,21.2,74,0.0,0.0,0.0,0.0,3.95,7.8
2004-01-16,15.9,17.7,12.4,14.5,18.4,77,5.7,5.7,0.0,5.0,6.07,12.4
2004-01-17,13.1,16.7,9.9,10.8,14.9,65,0.0,0.0,0.0,0.0,3.98,8.0
2004-01-18,12.2,14.0,10.1,10.1,12.5,82,10.0,10.0,0.0,16.0,5.48,10.8
2004-01-19,9.0,9.8,8.2,5.7,6.6,81,16.5,16.5,0.0,16.0,5.5,10.3
2004-01-20,7.4,8.6,6.4,4.0,5.4,82,4.2,4.2,0.0,11.0,4.73,8.9
2004-01-21,8.7,12.1,5.5,4.4,7.8,56,0.0,0.0,0.0,0.0,5.89,12.0
2004-01-22,9.4,14.1,4.5,6.0,11.6,52,0.0,0.0,0.0,0.0,4.1,9.0
2004-01-23,9.2,11.5,7.5,5.8,8.9,67,0.4,0.4,0.0,3.0,4.88,9.4
2004-01-24,9.7,13.1,7.0,4.9,8.2,44,0.0,0.0,0.0,0.0,6.35,13.6
2004-01-25,9.3,14.0,5.4,5.4,10.7,38,0.0,0.0,0.0,0.0,3.62,8.3
2004-01-26,9.8,11.3,7.5,6.3,8.1,47,0.0,0.0,0.0,0.0,2.77,6.1
2004-01-27,10.2,11.3,9.1,6.3,8.1,55,0.0,0.0,0.0,0.0,4.98,10.0
2004-01-28,8.7,10.0,7.7,5.8,7.5,65,1.1,1.1,0.0,2.0,3.08,5.8
2004-01-29,9.6,11.3,8.0,8.0,10.8,86,3.4,3.4,0.0,10.0,2.47,5.4
2004-01-30,14.9,20.4,11.5,14.8,21.0,84,0.2,0.2,0.0,1.0,2.28,5.7
2004-01-31,16.6,19.4,14.4,16.3,18.2,84,0.0,0.0,0.0,0.0,4.59,9.0
2004-02-01,18.0,21.6,14.6,18.7,22.8,84,0.6,0.6,0.0,1.0,3.32,7.5
2004-02-02,15.9,19.8,11.9,15.5,22.0,89,3.8,3.8,0.0,14.0,5.51,11.4
2004-02-03,9.2,11.9,7.6,5.9,9.2,84,7.3,7.3,0.0,20.0,5.39,10.2
2004-02-04,6.5,7.5,6.0,3.1,4.0,85,14.2,14.2,0.0,21.0,4.49,8.9
2004-02-05,9.6,13.5,6.0,6.3,10.5,70,7.6,7.6,0.0,7.0,4.56,9.6
2004-02-06,12.4,14.0,11.3,9.6,11.7,55,0.0,0.0,0.0,0.0,3.66,6.9
2004-02-07,8.5,12.0,7.2,5.5,10.3,85,13.9,13.9,0.0,21.0,4.59,8.5
2004-02-08,7.5,8.5,6.4,4.4,5.5,85,9.8,9.8,0.0,18.0,4.32,8.3
2004-02-09,10.5,16.9,5.7,8.0,14.8,70,0.0,0.0,0.0,0.0,3.94,9.1
2004-02-10,12.2,20.0,5.9,10.5,19.5,71,0.0,0.0,0.0,0.0,2.6,6.0
2004-02-11,15.7,22.5,9.7,14.8,21.9,69,0.0,0.0,0.0,0.0,2.42,5.6
2004-02-12,18.4,24.4,12.6,17.7,23.8,65,0.0,0.0,0.0,0.0,3.93,8.3
2004-02-13,17.6,23.4,13.3,16.1,22.6,58,0.0,0.0,0.0,0.0,3.63,8.5
2004-02-14,17.5,25.2,10.7,16.6,25.1,60,0.0,0.0,0.0,0.0,2.3,5.7
2004-02-15,17.2,25.6,10.2,16.0,25.1,64,0.0,0.0,0.0,0.0,3.3,6.9
2004-02-16,18.8,24.4,13.9,18.7,24.0,70,0.0,0.0,0.0,0.0,3.31,7.5
2004-02-17,18.8,21.9,16.5,20.1,23.0,83,1.7,1.7,0.0,9.0,2.33,5.4
2004-02-18,19.5,24.6,15.2,20.7,26.7,80,0.0,0.0,0.0,0.0,3.01,7.3
2004-02-19,19.6,25.1,14.3,20.5,25.5,79,0.0,0.0,0.0,0.0,2.82,6.6
2004-02-20,20.5,25.6,15.8,21.5,25.8,80,1.3,1.3,0.0,6.0,4.08,8.8
2004-02-21,22.1,26.4,18.7,23.6,27.1,78,0.1,0.1,0.0,1.0,3.81,7.9
2004-02-22,22.2,27.0,18.2,22.8,27.9,69,0.0,0.0,0.0,0.0,4.67,11.0
2004-02-23,19.9,24.2,16.0,18.5,23.9,57,0.0,0.0,0.0,0.0,4.56,8.4
2004-02-24,18.6,19.8,17.3,18.6,21.1,75,3.0,3.0,0.0,8.0,3.47,8.2
2004-02-25,18.7,21.7,16.4,18.9,22.5,78,3.4,3.4,0.0,11.0,3.45,7.6
2004-02-26,20.4,24.1,16.8,21.4,25.7,70,0.0,0.0,0.0,0.0,2.3,5.2
2004-02-27,21.1,25.5,17.8,21.7,26.6,73,0.0,0.0,0.0,0.0,4.57,9.9
2004-02-28,22.3,25.4,19.8,22.9,24.9,74,0.4,0.4,0.0,2.0,6.71,12.9
2004-02-29,23.4,27.2,20.2,24.9,28.1,78,0.1,0.1,0.0,1.0,5.71,11.0
2004-03-01,21.8,25.3,16.1,23.7,29.0,86,11.3,11.3,0.0,21.0,5.68,14.8
2004-03-02,14.0,16.7,12.0,12.0,14.9,78,4.0,4.0,0.0,13.0,5.35,10.2
2004-03-03,14.0,17.1,12.0,10.7,12.8,61,0.5,0.5,0.0,3.0,6.71,13.4
2004-03-04,14.7,19.3,10.5,12.5,18.1,50,0.0,0.0,0.0,0.0,3.06,7.7
2004-03-05,15.1,19.4,9.7,13.7,18.7,64,0.0,0.0,0.0,0.0,2.35,5.2
2004-03-06,20.2,24.3,17.0,18.1,23.5,43,0.0,0.0,0.0,0.0,4.3,9.7
2004-03-07,18.9,23.0,15.9,15.9,20.3,38,0.0,0.0,0.0,0.0,4.48,9.9
2004-03-08,18.0,22.9,13.3,15.9,21.5,41,0.0,0.0,0.0,0.0,2.51,6.5
2004-03-09,18.3,25.3,11.8,17.8,25.8,67,0.0,0.0,0.0,0.0,4.56,9.0
2004-03-10,20.5,27.0,14.5,20.6,27.7,71,0.0,0.0,0.0,0.0,4.82,9.8
2004-03-11,22.5,26.8,18.8,23.8,27.7,73,0.0,0.0,0.0,0.0,4.1,8.5
2004-03-12,21.9,25.2,18.5,23.7,27.6,76,0.0,0.0,0.0,0.0,3.77,6.3
2004-03-13,19.4,20.9,18.3,19.4,21.8,68,1.3,1.3,0.0,4.0,3.29,6.1
2004-03-14,19.8,21.9,18.2,20.3,22.2,74,0.2,0.2,0.0,1.0,3.21,7.1
2004-03-15,21.3,25.2,18.4,21.7,25.7,67,0.0,0.0,0.0,0.0,3.8,8.2
2004-03-16,21.0,23.3,18.6,22.3,25.2,81,0.5,0.5,0.0,2.0,3.62,7.6
2004-03-17,22.9,26.7,20.3,25.6,29.4,83,0.8,0.8,0.0,6.0,3.31,6.8
2004-03-18,22.5,25.1,19.9,25.7,27.9,87,11.3,11.3,0.0,20.0,3.45,8.2
2004-03-19,19.7,21.5,17.5,21.2,22.8,83,0.1,0.1,0.0,1.0,2.62,5.8
2004-03-20,20.4,22.8,18.5,22.0,23.9,78,0.1,0.1,0.0,1.0,2.31,5.4
2004-03-21,18.8,20.5,17.4,19.1,21.9,80,0.0,0.0,0.0,0.0,4.78,9.7
2004-03-22,18.8,21.7,15.7,18.1,23.3,63,0.0,0.0,0.0,0.0,4.63,9.0
2004-03-23,17.6,19.3,16.4,18.0,20.1,79,1.7,1.7,0.0,7.0,3.4,6.3
2004-03-24,17.2,18.3,15.8,17.4,19.7,83,2.5,2.5,0.0,10.0,3.4,7.5
2004-03-25,15.6,16.8,13.7,15.4,17.9,93,15.1,15.1,0.0,24.0,4.74,13.9
2004-03-26,14.6,16.2,13.4,13.6,15.2,84,5.8,5.8,0.0,14.0,4.22,8.5
2004-03-27,14.4,15.6,13.8,14.3,15.2,89,3.6,3.6,0.0,10.0,2.02,5.4
2004-03-28,15.4,16.4,14.4,16.2,17.4,90,1.3,1.3,0.0,8.0,1.39,3.3
2004-03-29,16.7,18.5,15.9,17.8,19.6,94,27.4,27.4,0.0,24.0,2.61,11.5
2004-03-30,19.7,23.3,17.4,21.2,24.7,84,6.2,6.2,0.0,10.0,3.14,6.3
2004-03-31,19.5,21.1,18.2,20.9,22.4,92,13.3,13.3,0.0,15.0,5.23,9.7
2004-04-01,20.3,22.1,17.4,21.9,24.8,90,10.8,10.8,0.0,5.0,5.03,12.1
2004-04-02,20.4,25.0,16.0,21.1,25.7,74,2.1,2.1,0.0,2.0,3.89,8.7
2004-04-03,21.6,26.5,18.7,23.6,28.1,78,5.1,5.1,0.0,9.0,2.2,5.0
2004-04-04,22.8,29.3,16.8,24.4,31.1,73,0.2,0.2,0.0,1.0,3.92,7.8
2004-04-05,21.5,25.0,18.3,22.3,26.2,73,0.0,0.0,0.0,0.0,4.1,8.3
2004-04-06,21.7,24.1,19.6,23.7,26.6,84,12.0,12.0,0.0,20.0,4.1,10.0
2004-04-07,22.2,26.3,18.0,23.7,28.2,84,24.6,24.6,0.0,22.0,7.21,14.9
2004-04-08,19.1,21.3,17.6,17.3,19.3,63,0.0,0.0,0.0,0.0,6.33,13.0
2004-04-09,19.6,22.9,15.5,20.2,23.5,72,0.1,0.1,0.0,1.0,2.28,5.7
2004-04-10,21.5,24.5,18.8,23.2,27.4,77,0.1,0.1,0.0,1.0,2.83,6.3
2004-04-11,24.0,27.4,20.7,26.4,29.8,79,0.4,0.4,0.0,2.0,4.8,9.3
2004-04-12,25.0,27.9,22.6,29.0,31.9,85,9.2,9.2,0.0,17.0,3.0,8.0
2004-04-13,25.0,28.0,23.0,29.7,33.1,87,7.5,7.5,0.0,21.0,2.24,7.1
2004-04-14,24.0,26.2,22.4,27.6,30.2,86,11.7,11.7,0.0,24.0,3.62,7.5
2004-04-15,22.7,24.4,21.3,25.7,27.2,87,2.0,2.0,0.0,9.0,2.62,6.3
2004-04-16,22.9,24.8,21.9,26.2,28.3,84,6.7,6.7,0.0,11.0,1.92,5.8
2004-04-17,22.7,25.8,21.4,26.3,29.4,92,40.8,40.8,0.0,24.0,2.55,11.0
2004-04-18,23.9,28.9,19.5,26.0,31.6,73,0.7,0.7,0.0,1.0,3.11,7.2
2004-04-19,25.5,31.7,20.3,28.1,35.0,67,0.0,0.0,0.0,0.0,2.38,4.3
2004-04-20,26.4,32.1,20.2,29.6,37.0,70,0.0,0.0,0.0,0.0,3.3,7.1
2004-04-21,27.7,31.3,24.5,31.5,34.7,76,2.0,2.0,0.0,2.0,4.63,11.7
2004-04-22,28.9,32.8,25.5,33.0,36.2,73,0.2,0.2,0.0,2.0,4.05,9.0
2004-04-23,29.0,33.4,25.7,34.0,39.2,75,0.1,0.1,0.0,1.0,3.26,6.9
2004-04-24,26.9,29.8,24.1,30.6,33.8,79,7.4,7.4,0.0,13.0,5.13,10.8
2004-04-25,25.1,28.0,22.5,26.9,29.9,77,0.3,0.3,0.0,2.0,5.5,11.2
2004-04-26,26.8,29.9,24.4,30.1,33.2,79,2.4,2.4,0.0,9.0,5.88,12.4
2004-04-27,27.2,31.5,23.2,30.2,33.9,67,1.4,1.4,0.0,5.0,4.61,9.6
2004-04-28,25.6,29.3,22.6,27.8,31.4,72,0.0,0.0,0.0,0.0,4.25,8.9
2004-04-29,25.8,28.3,23.3,28.4,31.1,78,1.1,1.1,0.0,6.0,5.47,11.0
2004-04-30,27.6,31.0,24.8,31.3,35.2,74,0.1,0.1,0.0,1.0,3.71,8.0
2004-05-01,28.0,32.1,24.7,32.0,36.1,75,0.0,0.0,0.0,0.0,3.69,7.7
2004-05-02,28.2,32.3,25.1,32.1,36.0,74,0.4,0.4,0.0,3.0,4.5,9.4
2004-05-03,28.8,32.4,25.9,32.9,35.4,73,2.9,2.9,0.0,2.0,4.3,9.2
2004-05-04,21.9,25.2,19.7,22.0,28.5,75,12.1,12.1,0.0,9.0,5.53,10.9
2004-05-05,21.9,26.8,17.8,22.4,28.0,64,0.0,0.0,0.0,0.0,4.11,8.6
2004-05-06,22.3,25.1,20.6,23.4,25.9,70,1.0,1.0,0.0,4.0,3.4,7.5
2004-05-07,21.5,23.0,19.7,23.9,26.2,85,10.3,10.3,0.0,20.0,2.53,5.6
2004-05-08,23.8,26.8,21.3,26.9,29.9,88,38.2,38.2,0.0,12.0,4.7,13.3
2004-05-09,25.3,31.8,19.0,28.9,35.5,77,0.0,0.0,0.0,0.0,2.87,6.2
2004-05-10,27.7,32.9,23.2,32.2,38.9,78,2.0,2.0,0.0,8.0,4.26,9.2
2004-05-11,28.8,32.9,25.4,33.4,37.5,76,12.9,12.9,0.0,19.0,5.26,11.6
2004-05-12,28.8,31.3,26.6,33.2,34.6,79,4.5,4.5,0.0,16.0,5.88,11.2
2004-05-13,26.2,27.5,25.0,31.5,32.6,89,16.6,16.6,0.0,24.0,3.3,9.9
2004-05-14,26.2,29.0,24.4,31.3,33.5,88,21.9,21.9,0.0,21.0,3.94,8.8
2004-05-15,27.8,31.3,24.9,32.6,36.4,82,5.2,5.2,0.0,12.0,4.4,9.5
2004-05-16,27.4,32.7,23.3,32.4,39.4,82,6.3,6.3,0.0,12.0,5.95,11.7
2004-05-17,23.2,25.1,21.9,24.4,26.1,75,5.1,5.1,0.0,14.0,4.96,9.1
2004-05-18,24.6,27.8,21.8,27.8,31.9,75,0.0,0.0,0.0,0.0,1.9,4.7
2004-05-19,23.5,24.6,22.2,27.2,28.6,89,12.0,12.0,0.0,20.0,2.9,7.2
2004-05-20,24.6,28.7,21.7,27.9,32.9,78,9.9,9.9,0.0,6.0,3.06,7.4
2004-05-21,22.7,24.3,19.8,25.8,28.4,83,19.7,19.7,0.0,18.0,3.06,6.7
2004-05-22,25.0,30.3,20.8,28.5,35.3,77,0.0,0.0,0.0,0.0,2.42,4.6
2004-05-23,27.3,33.4,21.4,31.5,39.4,73,0.0,0.0,0.0,0.0,3.81,6.8
2004-05-24,28.2,33.4,23.5,32.6,39.0,70,0.1,0.1,0.0,1.0,3.89,7.2
2004-05-25,27.9,32.4,23.8,32.4,37.6,73,0.7,0.7,0.0,4.0,2.97,6.7
2004-05-26,28.8,32.8,25.1,34.3,39.4,79,2.4,2.4,0.0,7.0,3.3,6.9
2004-05-27,28.6,32.3,26.5,34.0,38.3,80,10.5,10.5,0.0,13.0,3.51,8.4
2004-05-28,28.6,32.8,26.1,34.4,39.9,82,13.7,13.7,0.0,15.0,3.95,8.8
2004-05-29,27.3,30.0,25.4,32.8,36.5,86,20.2,20.2,0.0,19.0,3.8,8.4
2004-05-30,26.8,29.3,25.5,31.9,34.5,86,42.7,42.7,0.0,22.0,3.61,9.4
2004-05-31,27.1,30.4,25.0,32.6,35.6,85,25.3,25.3,0.0,21.0,3.38,9.1
2004-06-01,27.7,32.1,24.2,32.8,38.0,78,2.3,2.3,0.0,7.0,2.77,5.8
2004-06-02,29.0,33.4,25.0,34.8,40.7,77,1.5,1.5,0.0,7.0,2.18,5.1
2004-06-03,28.8,32.4,25.3,34.7,39.0,79,2.6,2.6,0.0,6.0,2.69,6.2
2004-06-04,29.5,33.5,26.1,34.5,38.8,71,0.0,0.0,0.0,0.0,2.66,6.0
2004-06-05,28.5,31.9,26.0,33.6,37.7,75,0.4,0.4,0.0,3.0,2.51,5.6
2004-06-06,26.4,27.2,25.2,30.9,32.3,82,1.9,1.9,0.0,8.0,3.44,7.2
2004-06-07,26.7,30.0,24.1,29.6,33.5,69,0.0,0.0,0.0,0.0,3.4,7.7
2004-06-08,28.1,32.8,24.5,31.0,35.7,63,0.0,0.0,0.0,0.0,3.83,8.5
2004-06-09,28.2,33.8,22.9,31.9,38.0,65,0.0,0.0,0.0,0.0,2.51,6.1
2004-06-10,28.5,33.1,24.0,32.9,38.3,70,0.3,0.3,0.0,3.0,2.31,5.8
2004-06-11,28.7,32.8,24.3,33.3,37.3,72,0.6,0.6,0.0,4.0,3.36,5.7
2004-06-12,29.5,35.0,24.6,33.3,40.2,64,0.0,0.0,0.0,0.0,3.53,6.9
2004-06-13,29.3,34.7,24.1,32.1,37.4,59,0.0,0.0,0.0,0.0,3.55,7.0
2004-06-14,28.5,33.8,24.0,32.1,37.7,67,0.0,0.0,0.0,0.0,4.33,8.7
2004-06-15,28.3,30.9,26.2,33.5,35.9,81,13.4,13.4,0.0,10.0,4.11,9.7
2004-06-16,27.7,32.0,24.9,33.0,37.4,84,22.2,22.2,0.0,15.0,3.49,9.2
2004-06-17,28.1,32.2,24.7,34.1,39.6,83,8.4,8.4,0.0,13.0,2.6,7.5
2004-06-18,30.1,33.9,26.4,35.9,39.6,77,0.8,0.8,0.0,4.0,3.96,8.8
2004-06-19,30.9,34.4,27.6,37.1,41.1,74,0.8,0.8,0.0,3.0,3.22,9.4
2004-06-20,29.8,33.6,26.4,36.7,40.3,81,19.6,19.6,0.0,13.0,2.75,8.5
2004-06-21,28.4,32.2,26.0,35.0,39.7,86,23.4,23.4,0.0,18.0,3.51,8.2
2004-06-22,29.2,33.2,26.6,35.5,40.0,84,14.4,14.4,0.0,15.0,3.13,9.2
2004-06-23,30.4,33.6,27.6,36.4,40.6,79,2.0,2.0,0.0,8.0,4.54,9.5
2004-06-24,30.2,32.9,28.5,35.9,39.0,79,3.5,3.5,0.0,13.0,4.62,9.4
2004-06-25,30.3,33.7,27.5,36.9,42.0,80,5.8,5.8,0.0,12.0,2.97,6.3
2004-06-26,30.4,34.0,27.2,36.6,40.2,78,9.1,9.1,0.0,16.0,3.27,7.6
2004-06-27,30.4,34.5,27.0,36.8,40.9,78,5.9,5.9,0.0,11.0,3.26,7.5
2004-06-28,31.1,35.3,27.0,37.9,42.7,73,0.4,0.4,0.0,4.0,2.02,4.1
2004-06-29,31.8,36.6,27.6,38.5,44.8,72,0.0,0.0,0.0,0.0,2.33,6.3
2004-06-30,32.7,38.1,28.4,39.7,46.4,70,1.6,1.6,0.0,3.0,2.87,6.5
2004-07-01,33.4,38.3,29.2,40.8,45.2,70,0.4,0.4,0.0,2.0,3.18,7.2
2004-07-02,32.7,36.8,29.2,40.1,44.9,74,7.8,7.8,0.0,7.0,2.75,7.7
2004-07-03,31.2,35.9,26.7,37.7,42.6,78,19.7,19.7,0.0,7.0,3.91,8.5
2004-07-04,29.4,33.7,27.4,35.4,39.9,81,7.1,7.1,0.0,11.0,4.13,9.3
2004-07-05,29.5,32.7,27.2,36.0,39.5,82,12.8,12.8,0.0,12.0,3.71,9.3
2004-07-06,29.4,32.6,27.0,35.3,37.2,82,29.1,29.1,0.0,18.0,5.41,14.0
2004-07-07,29.4,32.1,27.7,35.4,37.9,83,17.3,17.3,0.0,16.0,4.97,11.1
2004-07-08,28.9,32.7,26.3,35.0,39.4,83,6.5,6.5,0.0,10.0,3.41,8.6
2004-07-09,28.9,32.4,26.1,33.9,37.3,77,0.4,0.4,0.0,3.0,3.32,9.0
2004-07-10,29.2,32.3,26.8,33.7,36.1,76,4.5,4.5,0.0,12.0,5.61,12.5
2004-07-11,28.4,31.0,27.0,32.9,35.0,81,9.9,9.9,0.0,13.0,6.26,13.7
2004-07-12,27.4,30.3,25.2,32.4,35.0,84,16.5,16.5,0.0,19.0,4.84,12.6
2004-07-13,26.7,28.8,24.2,31.8,34.0,85,14.7,14.7,0.0,15.0,3.86,9.3
2004-07-14,28.2,33.0,24.8,33.6,38.8,80,1.8,1.8,0.0,4.0,3.4,8.2
2004-07-15,29.4,34.1,25.2,35.2,40.7,75,0.0,0.0,0.0,0.0,2.52,4.9
2004-07-16,28.9,32.6,26.2,34.3,37.2,76,3.0,3.0,0.0,4.0,3.14,7.1
2004-07-17,27.9,30.3,26.2,32.4,34.8,82,10.7,10.7,0.0,17.0,5.8,11.9
2004-07-18,29.0,32.1,26.0,33.3,36.6,77,6.4,6.4,0.0,15.0,5.47,11.8
2004-07-19,28.8,31.0,26.9,33.4,35.6,81,9.9,9.9,0.0,22.0,6.01,12.5
2004-07-20,27.9,30.5,26.5,32.4,34.8,84,7.3,7.3,0.0,21.0,5.36,11.0
2004-07-21,27.4,30.6,25.6,32.0,35.1,85,10.7,10.7,0.0,15.0,5.5,12.9
2004-07-22,28.7,33.1,25.7,33.9,38.2,79,10.3,10.3,0.0,8.0,5.14,12.4
2004-07-23,29.4,33.3,25.5,34.5,38.7,74,1.9,1.9,0.0,10.0,3.2,8.8
2004-07-24,29.7,34.2,25.6,35.1,40.4,73,0.0,0.0,0.0,0.0,3.04,6.3
2004-07-25,29.7,34.7,25.0,35.1,40.2,73,0.0,0.0,0.0,0.0,3.26,6.5
2004-07-26,29.6,33.6,26.1,35.2,39.9,75,4.3,4.3,0.0,5.0,3.22,10.0
2004-07-27,29.2,33.6,26.2,35.1,39.6,79,3.0,3.0,0.0,4.0,3.69,8.5
2004-07-28,28.1,31.8,26.5,34.1,38.5,85,24.9,24.9,0.0,18.0,3.77,7.6
2004-07-29,26.6,28.5,25.3,31.9,33.9,91,23.9,23.9,0.0,23.0,3.61,8.2
2004-07-30,26.5,28.6,24.9,32.1,34.2,91,21.0,21.0,0.0,19.0,3.97,8.6
2004-07-31,28.5,32.2,25.5,34.7,40.2,83,2.0,2.0,0.0,13.0,1.86,6.3
2004-08-01,29.9,34.3,25.9,36.3,41.7,75,0.0,0.0,0.0,0.0,2.02,4.2
2004-08-02,30.3,34.4,25.9,36.6,41.8,75,0.0,0.0,0.0,0.0,2.93,5.8
2004-08-03,31.1,35.0,27.6,37.3,41.7,72,0.0,0.0,0.0,0.0,2.81,6.2
2004-08-04,29.5,32.7,27.1,35.8,39.8,80,7.5,7.5,0.0,12.0,2.69,6.0
2004-08-05,27.8,31.8,25.8,33.6,39.0,86,20.4,20.4,0.0,17.0,4.02,8.6
2004-08-06,27.9,32.2,25.3,33.4,38.2,83,9.0,9.0,0.0,15.0,3.24,7.3
2004-08-07,29.5,33.8,26.0,35.5,40.1,78,1.8,1.8,0.0,7.0,1.91,6.5
2004-08-08,30.4,35.1,25.7,36.6,42.2,73,0.3,0.3,0.0,1.0,1.75,4.8
2004-08-09,31.3,36.0,27.2,38.1,44.1,74,0.0,0.0,0.0,0.0,2.25,5.8
2004-08-10,32.0,36.8,27.7,38.3,44.0,70,0.2,0.2,0.0,1.0,3.02,6.9
2004-08-11,29.8,35.3,26.3,36.3,43.4,77,22.6,22.6,0.0,8.0,3.61,7.8
2004-08-12,27.9,32.1,25.0,33.9,39.7,84,26.6,26.6,0.0,18.0,3.4,8.1
2004-08-13,29.7,34.4,25.9,36.1,42.0,79,1.2,1.2,0.0,8.0,2.26,8.2
2004-08-14,29.8,33.3,27.8,36.3,39.5,81,10.6,10.6,0.0,9.0,3.59,8.0
2004-08-15,29.2,32.2,27.0,35.1,37.4,81,3.7,3.7,0.0,16.0,4.3,9.7
2004-08-16,29.6,33.9,26.0,35.9,40.9,78,0.7,0.7,0.0,6.0,2.2,5.6
2004-08-17,31.2,36.4,26.3,37.7,43.0,74,0.0,0.0,0.0,0.0,2.82,6.5
2004-08-18,31.8,34.7,29.1,38.5,43.5,71,0.2,0.2,0.0,1.0,2.91,7.1
2004-08-19,31.2,34.8,28.4,37.6,41.5,73,0.5,0.5,0.0,4.0,2.92,6.2
2004-08-20,27.7,30.5,26.1,33.5,37.1,86,23.2,23.2,0.0,17.0,3.64,7.5
2004-08-21,27.3,30.5,25.6,32.8,36.1,87,9.8,9.8,0.0,16.0,3.49,7.5
2004-08-22,27.5,30.7,25.7,33.6,36.9,88,16.6,16.6,0.0,15.0,2.55,6.4
2004-08-23,29.0,32.9,25.7,35.8,41.1,83,2.2,2.2,0.0,12.0,1.58,5.0
2004-08-24,30.4,34.3,27.1,37.1,42.4,78,2.7,2.7,0.0,8.0,3.08,6.5
2004-08-25,31.0,34.6,27.8,36.7,40.7,73,0.0,0.0,0.0,0.0,4.47,9.4
2004-08-26,29.4,32.0,27.2,33.2,35.9,69,5.9,5.9,0.0,9.0,4.84,9.2
2004-08-27,26.7,27.3,25.9,31.5,32.4,89,36.5,36.5,0.0,22.0,4.31,8.1
2004-08-28,27.6,29.9,26.1,31.9,34.1,85,4.1,4.1,0.0,10.0,6.44,13.6
2004-08-29,26.7,28.4,25.1,31.3,33.6,93,23.1,23.1,0.0,24.0,6.31,12.7
2004-08-30,28.4,31.5,26.5,33.5,37.9,85,13.3,13.3,0.0,16.0,4.99,14.3
2004-08-31,29.0,31.7,26.2,34.8,37.3,83,5.4,5.4,0.0,9.0,3.82,9.1
2004-09-01,29.6,33.7,26.8,36.1,41.1,82,7.2,7.2,0.0,12.0,3.94,8.0
2004-09-02,30.2,34.8,26.9,36.9,41.4,79,0.9,0.9,0.0,5.0,2.55,7.3
2004-09-03,29.9,33.6,26.6,36.2,40.0,79,3.5,3.5,0.0,5.0,3.47,8.9
2004-09-04,29.9,34.0,26.4,36.8,42.9,80,0.5,0.5,0.0,1.0,1.75,5.2
2004-09-05,29.9,34.3,26.8,37.0,43.2,80,2.8,2.8,0.0,6.0,2.28,5.6
2004-09-06,30.3,35.0,26.9,37.0,42.1,77,2.1,2.1,0.0,11.0,3.0,6.1
2004-09-07,30.4,34.3,27.6,36.6,40.6,76,16.1,16.1,0.0,7.0,3.36,7.6
2004-09-08,28.0,29.5,23.9,32.2,35.2,80,16.7,16.7,0.0,12.0,5.09,10.4
2004-09-09,24.1,24.9,22.5,26.6,28.1,82,7.7,7.7,0.0,14.0,4.33,9.4
2004-09-10,26.1,28.5,22.9,28.9,31.9,73,0.0,0.0,0.0,0.0,4.49,9.6
2004-09-11,26.5,29.2,24.4,28.9,32.1,67,0.0,0.0,0.0,0.0,4.47,8.4
2004-09-12,27.0,30.3,24.2,29.7,33.7,64,0.0,0.0,0.0,0.0,4.33,8.9
2004-09-13,27.1,31.4,23.5,29.0,34.3,59,0.0,0.0,0.0,0.0,3.79,7.8
2004-09-14,26.6,31.4,22.9,29.1,35.4,63,0.0,0.0,0.0,0.0,3.09,6.6
2004-09-15,27.8,32.1,23.5,31.5,37.0,68,0.3,0.3,0.0,2.0,2.94,6.2
2004-09-16,28.3,33.0,24.4,33.4,38.7,74,0.0,0.0,0.0,0.0,1.66,4.5
2004-09-17,28.0,31.9,24.5,33.4,38.2,82,2.2,2.2,0.0,6.0,2.94,6.8
2004-09-18,28.1,32.2,25.3,34.0,40.5,83,6.2,6.2,0.0,8.0,3.77,8.1
2004-09-19,27.9,31.6,25.1,33.4,37.3,82,3.6,3.6,0.0,4.0,4.02,8.4
2004-09-20,28.6,32.9,24.8,34.1,38.6,77,0.4,0.4,0.0,4.0,1.73,5.4
2004-09-21,27.7,32.7,24.8,33.5,39.4,83,9.8,9.8,0.0,8.0,2.63,6.1
2004-09-22,26.5,29.7,23.7,29.7,34.0,74,0.2,0.2,0.0,1.0,3.7,7.5
2004-09-23,26.6,30.8,22.2,29.7,34.2,70,0.0,0.0,0.0,0.0,3.58,7.6
2004-09-24,26.9,31.4,22.5,30.3,36.4,68,0.0,0.0,0.0,0.0,2.86,6.4
2004-09-25,27.2,32.1,23.4,31.9,36.7,77,0.0,0.0,0.0,0.0,2.47,5.8
2004-09-26,26.8,32.1,23.0,30.1,35.3,70,0.0,0.0,0.0,0.0,3.11,6.7
2004-09-27,26.3,31.2,22.1,28.6,34.7,64,0.0,0.0,0.0,0.0,4.12,9.1
2004-09-28,27.8,32.6,24.0,31.7,37.7,68,0.0,0.0,0.0,0.0,2.82,6.6
2004-09-29,28.8,33.4,24.7,33.8,39.4,73,0.1,0.1,0.0,1.0,2.86,5.0
2004-09-30,28.3,32.6,24.9,34.2,39.8,81,2.2,2.2,0.0,10.0,2.95,5.8
2004-10-01,27.7,33.4,22.4,31.4,39.4,74,0.4,0.4,0.0,2.0,7.61,14.7
2004-10-02,23.3,26.1,21.2,21.1,23.5,48,0.0,0.0,0.0,0.0,6.68,12.7
2004-10-03,21.8,26.4,18.4,19.8,25.7,41,0.0,0.0,0.0,0.0,4.88,9.5
2004-10-04,21.9,27.5,17.2,21.0,27.8,51,0.0,0.0,0.0,0.0,4.12,8.2
2004-10-05,22.5,28.9,17.4,22.4,29.8,54,0.0,0.0,0.0,0.0,3.09,6.8
2004-10-06,23.4,28.9,19.2,23.3,29.5,51,0.0,0.0,0.0,0.0,3.13,7.5
2004-10-07,23.7,28.7,19.2,24.5,30.5,59,0.0,0.0,0.0,0.0,3.4,7.4
2004-10-08,23.7,29.0,19.5,24.3,29.4,59,0.0,0.0,0.0,0.0,3.58,7.7
2004-10-09,23.4,29.8,18.9,23.6,30.1,54,0.0,0.0,0.0,0.0,3.64,8.1
2004-10-10,22.9,29.9,17.3,24.8,33.6,70,0.0,0.0,0.0,0.0,2.33,4.0
2004-10-11,23.8,30.1,19.1,25.8,32.7,69,0.0,0.0,0.0,0.0,2.65,5.6
2004-10-12,24.7,30.5,20.0,25.7,32.1,57,0.0,0.0,0.0,0.0,3.26,7.2
2004-10-13,24.2,30.0,19.5,26.6,33.2,71,0.0,0.0,0.0,0.0,1.98,4.9
2004-10-14,24.9,30.0,20.5,27.4,32.0,70,0.0,0.0,0.0,0.0,2.83,6.6
2004-10-15,24.6,29.4,21.1,27.0,31.2,71,0.0,0.0,0.0,0.0,2.92,6.7
2004-10-16,24.3,29.9,19.2,26.3,31.9,67,0.0,0.0,0.0,0.0,3.11,7.0
2004-10-17,23.9,30.1,19.0,25.8,32.1,69,0.0,0.0,0.0,0.0,2.8,6.2
2004-10-18,25.1,29.8,20.5,24.3,28.8,45,0.0,0.0,0.0,0.0,4.92,10.3
2004-10-19,24.4,27.8,21.3,23.6,27.5,51,0.0,0.0,0.0,0.0,5.33,11.1
2004-10-20,23.7,28.2,19.7,23.8,29.2,56,0.0,0.0,0.0,0.0,4.59,9.7
2004-10-21,23.8,29.4,20.3,24.1,30.2,56,0.0,0.0,0.0,0.0,3.62,8.0
2004-10-22,23.5,29.3,19.4,24.1,30.4,59,0.0,0.0,0.0,0.0,3.42,7.7
2004-10-23,23.5,29.0,19.2,25.1,30.6,67,0.0,0.0,0.0,0.0,2.69,6.8
2004-10-24,23.1,29.3,18.4,23.9,29.4,64,0.0,0.0,0.0,0.0,3.55,8.0
2004-10-25,25.0,29.1,20.3,24.2,28.2,50,0.0,0.0,0.0,0.0,4.85,10.6
2004-10-26,25.4,28.2,23.2,23.5,26.1,44,0.0,0.0,0.0,0.0,6.64,13.2
2004-10-27,23.1,27.1,19.8,22.3,27.7,51,0.0,0.0,0.0,0.0,5.16,9.6
2004-10-28,22.3,28.2,17.5,24.1,31.3,72,0.0,0.0,0.0,0.0,2.48,5.6
2004-10-29,22.9,28.9,18.3,24.6,31.4,71,0.0,0.0,0.0,0.0,2.69,5.5
2004-10-30,23.0,29.0,18.1,25.1,32.1,73,0.0,0.0,0.0,0.0,2.44,5.6
2004-10-31,23.2,29.2,18.5,25.9,33.0,77,0.0,0.0,0.0,0.0,2.8,4.7
2004-11-01,24.1,28.6,20.5,25.2,30.8,65,0.0,0.0,0.0,0.0,4.37,9.2
2004-11-02,22.9,28.3,19.0,23.1,28.6,57,0.0,0.0,0.0,0.0,3.74,8.6
2004-11-03,23.0,28.8,17.9,25.3,31.5,75,0.0,0.0,0.0,0.0,2.75,5.9
2004-11-04,23.2,28.7,18.8,24.4,29.9,67,0.0,0.0,0.0,0.0,3.49,6.5
2004-11-05,22.2,26.0,18.8,24.2,27.7,79,0.4,0.4,0.0,1.0,3.4,7.5
2004-11-06,23.2,27.4,20.0,24.3,29.7,66,0.0,0.0,0.0,0.0,3.18,7.2
2004-11-07,23.5,27.6,21.1,25.8,30.2,73,0.1,0.1,0.0,1.0,2.2,5.7
2004-11-08,23.9,29.0,20.1,25.9,31.7,72,0.0,0.0,0.0,0.0,3.49,6.4
2004-11-09,24.0,27.3,20.8,26.6,29.6,80,0.3,0.3,0.0,3.0,4.02,8.6
2004-11-10,25.8,30.7,22.6,29.5,34.5,80,0.2,0.2,0.0,2.0,3.0,8.0
2004-11-11,26.9,30.8,24.1,30.8,35.2,75,1.2,1.2,0.0,10.0,2.8,5.5
2004-11-12,26.0,29.2,24.0,28.7,31.6,71,0.0,0.0,0.0,0.0,4.41,9.2
2004-11-13,25.1,28.7,22.3,28.3,31.8,76,0.2,0.2,0.0,1.0,2.53,8.4
2004-11-14,24.8,29.7,21.0,27.9,32.9,76,0.2,0.2,0.0,1.0,4.65,8.6
2004-11-15,19.0,21.7,16.6,17.1,20.5,70,4.3,4.3,0.0,12.0,6.49,12.9
2004-11-16,17.0,18.6,15.2,15.7,17.7,74,2.3,2.3,0.0,6.0,4.97,10.5
2004-11-17,18.6,23.4,15.2,17.5,22.2,68,3.7,3.7,0.0,8.0,4.22,9.9
2004-11-18,17.8,23.6,13.7,15.6,21.2,52,0.0,0.0,0.0,0.0,3.76,8.6
2004-11-19,17.4,24.4,12.9,15.2,22.9,51,0.0,0.0,0.0,0.0,3.41,7.9
2004-11-20,17.5,25.0,11.2,16.1,24.2,59,0.0,0.0,0.0,0.0,2.72,6.4
2004-11-21,19.2,25.2,14.1,17.5,23.5,50,0.0,0.0,0.0,0.0,4.16,9.1
2004-11-22,19.2,25.9,14.5,18.1,24.7,56,0.0,0.0,0.0,0.0,3.22,7.6
2004-11-23,20.4,26.0,14.6,20.3,26.2,61,0.0,0.0,0.0,0.0,3.3,8.1
2004-11-24,22.1,25.3,19.5,22.9,25.7,69,0.6,0.6,0.0,1.0,3.45,7.6
2004-11-25,23.4,27.6,20.1,23.3,27.9,63,0.0,0.0,0.0,0.0,5.64,11.0
2004-11-26,19.0,21.3,15.4,15.8,18.9,57,0.0,0.0,0.0,0.0,7.52,14.9
2004-11-27,17.2,21.6,13.8,14.5,19.3,52,0.0,0.0,0.0,0.0,5.04,10.3
2004-11-28,18.6,24.7,13.9,17.0,23.4,53,0.0,0.0,0.0,0.0,3.04,7.1
2004-11-29,20.5,26.9,15.4,18.9,25.0,48,0.0,0.0,0.0,0.0,3.86,8.9
2004-11-30,20.4,26.4,15.9,19.2,26.0,50,0.0,0.0,0.0,0.0,2.69,7.1
2004-12-01,19.9,26.8,14.6,19.5,25.8,64,0.0,0.0,0.0,0.0,3.04,7.0
2004-12-02,20.7,27.2,14.7,20.3,27.0,60,0.0,0.0,0.0,0.0,3.58,8.2
2004-12-03,22.5,27.5,18.6,21.0,25.4,54,0.0,0.0,0.0,0.0,5.91,11.9
2004-12-04,20.2,23.1,16.6,17.6,20.2,53,0.0,0.0,0.0,0.0,7.0,13.8
2004-12-05,16.9,21.9,13.7,13.7,18.6,44,0.0,0.0,0.0,0.0,5.51,11.2
2004-12-06,17.0,23.2,11.7,14.6,21.1,46,0.0,0.0,0.0,0.0,3.1,7.3
2004-12-07,17.4,21.3,14.3,13.6,17.4,38,0.0,0.0,0.0,0.0,5.66,11.5
2004-12-08,15.3,21.4,11.0,12.3,19.0,44,0.0,0.0,0.0,0.0,3.98,8.9
2004-12-09,14.7,22.5,8.1,12.3,20.9,49,0.0,0.0,0.0,0.0,2.53,5.8
2004-12-10,15.7,23.9,9.1,13.3,21.8,51,0.0,0.0,0.0,0.0,3.58,8.3
2004-12-11,17.5,23.6,13.4,15.7,22.7,48,0.0,0.0,0.0,0.0,2.21,5.2
2004-12-12,17.4,23.7,12.8,14.7,20.6,48,0.0,0.0,0.0,0.0,4.71,10.5
2004-12-13,16.9,23.7,10.4,14.7,22.0,49,0.0,0.0,0.0,0.0,3.42,8.2
2004-12-14,16.4,23.4,9.2,15.3,21.4,66,0.0,0.0,0.0,0.0,3.41,7.4
2004-12-15,19.1,26.1,14.0,19.1,26.2,65,0.0,0.0,0.0,0.0,1.6,4.6
2004-12-16,19.3,26.3,13.4,19.3,26.1,67,0.0,0.0,0.0,0.0,2.25,6.1
2004-12-17,19.1,25.3,13.7,20.0,26.7,76,0.0,0.0,0.0,0.0,2.15,4.8
2004-12-18,19.1,25.4,14.1,20.0,27.1,77,0.0,0.0,0.0,0.0,2.59,4.2
2004-12-19,20.0,24.1,16.9,20.7,25.6,69,0.2,0.2,0.0,2.0,2.19,6.3
2004-12-20,19.8,24.2,16.1,20.3,24.9,71,0.0,0.0,0.0,0.0,2.84,5.8
2004-12-21,20.3,25.0,16.8,20.3,24.1,73,0.0,0.0,0.0,0.0,4.38,9.8
2004-12-22,20.6,24.2,18.0,21.4,24.8,74,0.3,0.3,0.0,2.0,3.3,8.0
2004-12-23,18.2,20.7,14.7,17.4,21.8,72,0.0,0.0,0.0,0.0,5.33,10.8
2004-12-24,14.1,16.2,12.5,11.3,13.8,65,0.0,0.0,0.0,0.0,4.92,9.7
2004-12-25,15.5,19.0,13.5,13.7,18.0,65,0.0,0.0,0.0,0.0,3.7,7.0
2004-12-26,16.7,20.1,14.0,15.2,19.9,63,0.0,0.0,0.0,0.0,4.13,8.1
2004-12-27,13.9,16.1,11.6,10.6,12.9,64,0.0,0.0,0.0,0.0,5.64,11.9
2004-12-28,9.7,11.8,8.0,6.0,8.1,67,0.0,0.0,0.0,0.0,6.4,12.7
2004-12-29,9.7,13.6,5.3,6.6,10.9,59,0.0,0.0,0.0,0.0,4.3,8.0
2004-12-30,10.0,12.3,7.1,5.8,9.4,64,0.0,0.0,0.0,0.0,6.81,13.2
2004-12-31,7.9,11.2,5.9,2.2,4.9,47,0.0,0.0,0.0,0.0,7.04,14.2
