time,temperature_2m_mean,temperature_2m_max,temperature_2m_min,apparent_temperature_mean,apparent_temperature_max,relative_humidity_2m_mean,precipitation_sum,rain_sum,snowfall_sum,precipitation_hours,wind_speed_10m_max,wind_gusts_10m_max
2005-01-01,7.5,11.8,3.2,2.4,6.6,32,0.0,0.0,0.0,0.0,4.92,10.9
2005-01-02,10.1,13.0,7.7,6.2,9.7,28,0.0,0.0,0.0,0.0,2.92,6.3
2005-01-03,10.6,14.0,5.8,7.2,10.6,48,0.0,0.0,0.0,0.0,3.3,6.9
2005-01-04,14.4,16.9,12.6,11.6,14.1,55,0.0,0.0,0.0,0.0,3.63,7.6
2005-01-05,14.7,16.5,13.2,12.4,14.2,52,0.0,0.0,0.0,0.0,2.72,5.9
2005-01-06,16.0,21.3,12.5,14.4,20.6,59,0.0,0.0,0.0,0.0,3.23,7.4
2005-01-07,16.9,22.0,12.6,15.6,21.1,61,0.0,0.0,0.0,0.0,3.18,6.4
2005-01-08,16.3,20.5,13.2,13.4,18.3,51,0.0,0.0,0.0,0.0,4.22,9.8
2005-01-09,13.0,16.6,10.1,9.3,13.0,53,0.0,0.0,0.0,0.0,4.69,10.0
2005-01-10,12.8,17.3,9.4,9.7,14.6,53,0.0,0.0,0.0,0.0,4.05,8.5
2005-01-11,13.7,17.0,10.6,10.8,14.0,55,0.0,0.0,0.0,0.0,4.43,8.8
2005-01-12,12.2,15.3,9.5,8.6,12.0,58,0.0,0.0,0.0,0.0,5.0,10.1
2005-01-13,8.3,10.0,6.9,4.7,6.3,78,8.6,8.6,0.0,15.0,5.05,10.2
2005-01-14,9.4,13.9,5.7,5.4,9.5,55,0.0,0.0,0.0,0.0,5.18,10.8
2005-01-15,10.3,15.4,6.0,6.3,11.5,43,0.0,0.0,0.0,0.0,4.38,9.7
2005-01-16,11.7,17.5,7.7,7.9,14.1,38,0.0,0.0,0.0,0.0,3.35,8.2
2005-01-17,12.7,17.9,7.8,9.9,15.6,46,0.0,0.0,0.0,0.0,2.48,5.4
2005-01-18,14.8,19.1,10.4,13.3,18.2,60,0.0,0.0,0.0,0.0,1.82,4.9
2005-01-19,14.9,17.0,13.1,12.4,14.3,55,0.4,0.4,0.0,2.0,3.81,7.6
2005-01-20,14.2,18.1,12.4,12.2,17.0,62,0.0,0.0,0.0,0.0,3.57,6.3
2005-01-21,15.3,19.8,10.6,13.8,18.0,66,0.0,0.0,0.0,0.0,3.41,7.3
2005-01-22,17.6,21.3,15.5,17.5,21.5,75,0.0,0.0,0.0,0.0,3.29,7.4
2005-01-23,18.1,23.4,13.2,17.7,23.7,71,0.0,0.0,0.0,0.0,4.63,9.5
2005-01-24,18.7,21.5,16.2,18.4,21.0,75,0.0,0.0,0.0,0.0,5.32,10.1
2005-01-25,20.0,23.3,17.4,20.7,24.4,77,0.1,0.1,0.0,1.0,3.3,6.9
2005-01-26,18.7,21.4,16.7,19.0,21.4,78,0.0,0.0,0.0,0.0,4.11,9.6
2005-01-27,17.9,20.7,16.3,18.1,21.9,79,1.5,1.5,0.0,12.0,4.0,7.7
2005-01-28,12.2,15.5,10.6,10.6,14.7,85,3.7,3.7,0.0,14.0,3.83,7.9
2005-01-29,13.8,14.9,12.6,13.5,14.8,91,5.2,5.2,0.0,15.0,2.56,5.0
2005-01-30,13.1,14.7,12.1,11.1,14.3,84,5.0,5.0,0.0,15.0,5.1,10.2
2005-01-31,11.0,11.9,10.5,8.0,8.9,68,0.3,0.3,0.0,2.0,4.29,8.3
2005-02-01,10.2,11.5,9.4,6.6,8.6,54,0.0,0.0,0.0,0.0,3.94,7.8
2005-02-02,8.9,9.6,8.2,6.5,7.1,83,4.1,4.1,0.0,18.0,3.35,6.8
2005-02-03,9.2,10.6,7.9,7.6,9.7,89,3.1,3.1,0.0,12.0,2.61,5.3
2005-02-04,13.6,17.8,10.8,13.4,18.8,89,0.1,0.1,0.0,1.0,2.21,4.6
2005-02-05,18.3,21.6,15.9,19.0,22.3,87,0.1,0.1,0.0,1.0,3.68,8.6
2005-02-06,20.4,23.8,18.1,21.5,24.7,82,0.5,0.5,0.0,3.0,4.03,7.9
2005-02-07,21.2,26.4,17.5,23.1,27.8,79,0.4,0.4,0.0,3.0,2.51,5.6
2005-02-08,19.6,23.9,16.1,21.1,25.5,83,0.2,0.2,0.0,2.0,2.16,5.8
2005-02-09,21.3,24.8,18.5,22.5,25.5,77,0.9,0.9,0.0,6.0,3.59,9.2
2005-02-10,15.1,19.9,12.7,12.8,21.5,72,1.1,1.1,0.0,2.0,5.97,12.1
2005-02-11,12.7,15.8,10.5,10.0,13.9,64,0.1,0.1,0.0,1.0,4.03,8.3
2005-02-12,14.5,17.3,12.5,12.6,15.7,66,0.0,0.0,0.0,0.0,3.38,8.2
2005-02-13,16.0,21.1,11.9,14.9,20.2,66,0.0,0.0,0.0,0.0,2.68,6.0
2005-02-14,18.4,22.3,15.9,18.1,22.0,76,1.2,1.2,0.0,3.0,4.84,10.5
2005-02-15,21.2,25.3,17.8,22.1,26.2,82,1.7,1.7,0.0,10.0,4.79,12.2
2005-02-16,23.6,27.9,18.5,24.9,27.4,78,5.6,5.6,0.0,13.0,6.6,14.3
2005-02-17,13.9,16.3,12.7,11.9,15.5,81,2.4,2.4,0.0,8.0,4.93,15.5
2005-02-18,11.4,12.8,10.5,7.6,10.1,72,1.1,1.1,0.0,7.0,6.04,11.8
2005-02-19,10.4,12.4,8.6,5.6,7.8,54,0.0,0.0,0.0,0.0,6.26,13.1
2005-02-20,8.8,10.3,6.9,4.0,5.9,47,0.0,0.0,0.0,0.0,6.0,11.1
2005-02-21,7.6,9.5,6.9,4.1,5.1,61,0.4,0.4,0.0,3.0,3.86,6.2
2005-02-22,7.8,9.5,7.0,6.1,9.0,88,2.4,2.4,0.0,15.0,1.9,3.9
2005-02-23,12.9,17.9,9.4,12.4,17.7,88,0.2,0.2,0.0,2.0,3.32,7.1
2005-02-24,18.1,22.2,14.9,19.4,24.2,86,0.3,0.3,0.0,2.0,2.21,4.5
2005-02-25,20.2,24.5,17.6,21.9,26.4,86,8.2,8.2,0.0,12.0,3.18,8.1
2005-02-26,15.0,19.2,12.5,14.0,20.6,87,14.7,14.7,0.0,21.0,4.3,11.8
2005-02-27,11.5,12.5,10.4,9.7,11.0,90,10.0,10.0,0.0,23.0,4.27,13.4
2005-02-28,12.4,16.0,9.7,9.8,13.2,74,8.3,8.3,0.0,11.0,5.01,10.2
2005-03-01,10.9,13.4,10.0,8.9,11.0,82,6.7,6.7,0.0,18.0,3.19,6.3
2005-03-02,11.0,11.8,9.9,9.2,9.7,91,19.1,19.1,0.0,21.0,4.46,8.6
2005-03-03,12.5,15.5,11.0,9.3,11.9,66,0.0,0.0,0.0,0.0,5.22,11.6
2005-03-04,11.7,14.3,9.4,8.9,10.5,61,0.0,0.0,0.0,0.0,4.03,8.9
2005-03-05,12.1,18.7,7.0,9.7,16.0,62,0.0,0.0,0.0,0.0,3.84,9.5
2005-03-06,13.4,20.9,6.7,10.8,19.5,50,0.0,0.0,0.0,0.0,3.35,7.1
2005-03-07,15.8,22.5,10.4,14.7,22.7,60,0.0,0.0,0.0,0.0,2.79,4.9
2005-03-08,17.5,23.0,11.6,16.9,22.3,72,0.0,0.0,0.0,0.0,3.23,7.0
2005-03-09,19.6,23.4,16.1,20.5,23.9,78,0.1,0.1,0.0,1.0,3.11,6.9
2005-03-10,20.3,23.0,17.9,21.5,24.2,84,3.7,3.7,0.0,7.0,4.77,10.8
2005-03-11,22.2,25.3,20.1,24.8,28.3,87,1.3,1.3,0.0,5.0,3.61,8.0
2005-03-12,14.3,22.6,7.3,12.4,26.3,83,17.0,17.0,0.0,21.0,7.32,14.4
2005-03-13,8.9,10.5,6.8,4.7,7.2,56,0.9,0.9,0.0,4.0,5.46,11.5
2005-03-14,10.3,11.2,9.4,7.3,8.5,53,0.0,0.0,0.0,0.0,2.44,5.0
2005-03-15,11.6,15.0,8.8,10.5,15.4,78,0.0,0.0,0.0,0.0,1.49,4.7
2005-03-16,17.4,20.8,14.7,18.3,22.7,87,2.6,2.6,0.0,7.0,3.68,7.8
2005-03-17,21.3,25.6,17.5,23.6,28.1,83,0.0,0.0,0.0,0.0,3.75,8.5
2005-03-18,21.1,23.6,18.5,20.3,22.8,62,0.1,0.1,0.0,1.0,5.09,9.7
2005-03-19,20.1,24.2,16.6,19.9,24.1,61,0.0,0.0,0.0,0.0,3.41,7.6
2005-03-20,20.2,26.0,13.9,20.1,26.4,63,0.0,0.0,0.0,0.0,3.54,7.4
2005-03-21,21.2,24.0,18.6,21.5,23.7,75,0.1,0.1,0.0,1.0,6.17,11.0
2005-03-22,22.3,26.0,20.1,23.9,27.2,81,1.8,1.8,0.0,10.0,5.51,11.4
2005-03-23,18.1,21.0,15.6,16.1,22.6,65,4.3,4.3,0.0,10.0,6.28,12.8
2005-03-24,17.7,21.2,14.7,15.2,18.9,52,0.3,0.3,0.0,2.0,4.81,10.0
2005-03-25,18.3,22.2,15.1,16.8,21.9,53,0.0,0.0,0.0,0.0,3.86,7.9
2005-03-26,17.8,20.0,15.6,17.5,20.1,79,9.5,9.5,0.0,19.0,4.4,7.8
2005-03-27,21.2,24.8,18.1,22.5,26.6,84,15.6,15.6,0.0,13.0,5.07,11.6
2005-03-28,23.2,26.6,20.6,26.8,30.1,87,14.2,14.2,0.0,19.0,2.37,8.9
2005-03-29,23.6,26.7,21.3,27.0,30.6,86,18.4,18.4,0.0,24.0,3.21,10.9
2005-03-30,19.9,21.9,18.0,21.6,25.0,89,41.8,41.8,0.0,24.0,3.84,12.5
2005-03-31,18.0,18.4,17.5,19.1,19.5,89,18.7,18.7,0.0,22.0,2.66,9.8
2005-04-01,17.3,17.7,16.8,18.6,19.1,92,19.8,19.8,0.0,22.0,2.08,9.7
2005-04-02,20.7,25.1,17.6,21.3,26.0,73,1.1,1.1,0.0,2.0,3.75,8.0
2005-04-03,22.4,27.8,16.8,23.0,28.6,62,0.0,0.0,0.0,0.0,3.41,8.5
2005-04-04,22.0,27.6,17.0,22.6,29.5,63,0.2,0.2,0.0,1.0,3.77,7.6
2005-04-05,21.2,24.1,18.5,21.6,24.4,68,0.8,0.8,0.0,4.0,3.77,7.2
2005-04-06,21.4,24.5,19.3,23.0,26.1,82,2.4,2.4,0.0,7.0,4.0,9.6
2005-04-07,23.6,28.4,19.4,25.6,30.9,79,0.9,0.9,0.0,4.0,4.64,10.5
2005-04-08,26.5,30.7,23.4,28.6,32.7,75,1.9,1.9,0.0,8.0,6.69,14.0
2005-04-09,26.8,29.2,24.8,29.1,30.7,76,2.8,2.8,0.0,10.0,7.27,14.2
2005-04-10,22.1,24.9,20.4,24.7,29.4,86,9.4,9.4,0.0,20.0,3.4,9.4
2005-04-11,23.2,26.0,21.1,25.7,28.0,86,6.0,6.0,0.0,21.0,5.43,12.8
2005-04-12,17.1,22.9,14.1,16.8,26.0,88,16.0,16.0,0.0,24.0,6.45,12.1
2005-04-13,16.9,20.4,14.0,16.3,21.0,72,3.9,3.9,0.0,4.0,4.41,9.5
2005-04-14,20.5,26.8,15.2,21.2,27.5,66,0.0,0.0,0.0,0.0,2.88,5.5
2005-04-15,21.9,26.8,18.1,23.1,28.0,70,1.1,1.1,0.0,4.0,2.97,5.2
2005-04-16,19.8,21.9,18.5,21.2,23.9,87,24.4,24.4,0.0,20.0,3.29,9.0
2005-04-17,21.0,23.2,18.7,22.9,25.9,83,4.2,4.2,0.0,14.0,4.18,9.2
2005-04-18,23.0,26.4,20.2,26.0,29.5,81,5.7,5.7,0.0,9.0,1.82,4.9
2005-04-19,24.4,28.0,20.7,27.5,31.3,79,0.0,0.0,0.0,0.0,2.82,6.8
2005-04-20,25.6,29.9,22.5,28.2,32.5,70,0.0,0.0,0.0,0.0,3.38,7.4
2005-04-21,25.0,28.8,21.1,27.8,32.1,77,1.3,1.3,0.0,6.0,3.9,8.4
2005-04-22,25.5,28.4,22.9,28.4,30.9,77,0.5,0.5,0.0,3.0,4.43,9.9
2005-04-23,25.8,29.0,23.6,30.0,33.6,81,2.4,2.4,0.0,8.0,3.4,7.4
2005-04-24,25.0,27.1,23.3,29.3,30.9,86,14.7,14.7,0.0,19.0,3.58,6.8
2005-04-25,23.7,25.4,22.7,27.9,29.4,89,33.3,33.3,0.0,24.0,2.51,6.4
2005-04-26,24.1,27.2,22.0,27.6,31.0,84,17.8,17.8,0.0,21.0,3.62,10.3
2005-04-27,23.0,24.1,21.8,25.8,27.3,89,6.7,6.7,0.0,22.0,3.56,7.9
2005-04-28,25.2,28.8,22.3,28.4,32.4,82,9.2,9.2,0.0,11.0,5.18,11.4
2005-04-29,28.0,32.0,24.7,31.3,35.4,76,3.9,3.9,0.0,11.0,5.76,14.5
2005-04-30,29.0,31.8,26.4,32.4,34.9,73,0.6,0.6,0.0,4.0,6.59,12.9
2005-05-01,29.5,33.9,26.9,33.9,37.7,75,6.2,6.2,0.0,6.0,5.24,11.3
2005-05-02,27.7,32.3,25.0,32.5,36.9,80,21.2,21.2,0.0,14.0,3.67,9.4
2005-05-03,28.2,31.8,25.6,32.9,37.3,78,14.7,14.7,0.0,10.0,6.08,11.7
2005-05-04,27.7,30.4,25.6,31.1,33.8,77,0.9,0.9,0.0,4.0,6.4,13.1
2005-05-05,27.9,31.4,24.0,31.1,34.2,75,14.4,14.4,0.0,9.0,6.75,15.6
2005-05-06,25.4,29.1,20.2,27.9,31.4,72,7.4,7.4,0.0,5.0,4.39,9.3
2005-05-07,24.9,28.0,21.9,27.3,31.2,69,0.5,0.5,0.0,2.0,3.29,7.3
2005-05-08,25.0,26.9,23.6,29.3,32.1,88,21.7,21.7,0.0,21.0,2.97,9.9
2005-05-09,24.5,25.4,23.4,28.2,29.2,88,57.0,57.0,0.0,22.0,3.55,13.1
2005-05-10,25.2,27.5,22.9,29.7,32.5,87,28.3,28.3,0.0,22.0,3.38,9.2
2005-05-11,26.2,28.3,23.8,30.5,32.4,85,11.7,11.7,0.0,21.0,3.92,8.8
2005-05-12,28.2,32.1,24.6,33.2,37.0,82,6.9,6.9,0.0,14.0,4.08,9.3
2005-05-13,29.9,33.5,27.7,35.0,38.0,76,6.5,6.5,0.0,10.0,5.0,13.8
2005-05-14,30.0,33.2,28.1,35.4,39.5,76,3.5,3.5,0.0,10.0,4.94,11.0
2005-05-15,30.1,34.0,27.4,35.4,39.4,77,3.3,3.3,0.0,12.0,4.55,9.8
2005-05-16,29.5,32.8,26.9,34.2,36.5,77,7.2,7.2,0.0,15.0,5.5,13.7
2005-05-17,29.9,33.6,27.4,34.9,39.1,76,5.8,5.8,0.0,16.0,4.85,11.3
2005-05-18,28.1,31.4,26.0,34.0,38.1,82,13.7,13.7,0.0,17.0,2.5,8.0
2005-05-19,26.7,29.7,25.2,31.7,34.7,85,24.1,24.1,0.0,16.0,3.45,8.9
2005-05-20,27.0,29.9,24.9,31.8,34.3,84,17.9,17.9,0.0,21.0,3.85,8.6
2005-05-21,28.7,32.9,25.6,33.7,39.2,78,1.0,1.0,0.0,6.0,4.2,9.1
2005-05-22,29.0,33.5,26.0,34.4,39.6,77,4.8,4.8,0.0,7.0,3.91,8.6
2005-05-23,28.8,32.7,25.9,34.0,37.8,78,7.0,7.0,0.0,13.0,3.88,9.1
2005-05-24,27.9,31.4,24.6,33.2,36.0,79,10.9,10.9,0.0,14.0,1.61,7.9
2005-05-25,28.1,32.6,24.8,33.1,38.6,79,8.4,8.4,0.0,9.0,3.53,8.2
2005-05-26,27.0,30.3,24.9,31.4,34.3,83,14.9,14.9,0.0,21.0,4.66,10.0
2005-05-27,26.0,27.6,24.4,31.5,34.1,89,31.8,31.8,0.0,21.0,2.48,8.2
2005-05-28,27.6,31.0,24.6,32.8,36.6,82,20.1,20.1,0.0,19.0,3.61,7.7
2005-05-29,27.7,30.5,25.2,31.9,34.6,75,1.8,1.8,0.0,7.0,3.24,8.1
2005-05-30,28.6,32.9,24.7,32.5,36.3,69,0.0,0.0,0.0,0.0,3.04,6.9
2005-05-31,28.1,31.6,24.9,32.7,36.5,76,1.6,1.6,0.0,7.0,3.32,6.7
2005-06-01,28.6,31.6,26.6,33.9,37.6,80,8.7,8.7,0.0,8.0,5.12,10.3
2005-06-02,28.7,31.6,26.9,34.5,37.6,83,15.9,15.9,0.0,19.0,3.48,11.4
2005-06-03,28.3,32.8,25.9,34.5,39.2,85,18.6,18.6,0.0,14.0,3.1,6.8
2005-06-04,27.7,31.1,25.6,33.5,37.9,86,20.5,20.5,0.0,22.0,3.26,8.0
2005-06-05,25.6,28.3,24.6,29.7,32.9,86,39.0,39.0,0.0,24.0,3.47,6.8
2005-06-06,26.0,28.1,24.0,29.2,32.7,75,15.3,15.3,0.0,8.0,3.21,6.4
2005-06-07,25.5,27.0,23.9,29.0,31.8,79,3.7,3.7,0.0,9.0,3.3,6.3
2005-06-08,27.2,30.5,24.5,31.0,34.8,75,2.1,2.1,0.0,7.0,4.04,9.5
2005-06-09,28.1,32.9,23.1,32.4,38.6,70,0.0,0.0,0.0,0.0,3.38,6.1
2005-06-10,29.4,34.2,24.9,35.1,41.0,75,0.0,0.0,0.0,0.0,2.91,6.7
2005-06-11,30.7,35.3,27.1,37.1,41.8,76,8.5,8.5,0.0,13.0,2.42,7.8
2005-06-12,28.6,31.8,26.6,34.7,38.1,82,28.4,28.4,0.0,19.0,3.63,8.5
2005-06-13,28.7,32.3,25.8,34.9,38.8,83,32.5,32.5,0.0,24.0,2.82,7.3
2005-06-14,29.1,33.4,27.1,35.8,40.2,83,23.8,23.8,0.0,19.0,2.26,7.6
2005-06-15,27.8,31.1,26.3,34.1,37.6,86,23.9,23.9,0.0,19.0,3.45,7.1
2005-06-16,26.7,28.5,25.7,32.5,34.8,90,18.0,18.0,0.0,24.0,2.47,7.0
2005-06-17,27.1,30.7,25.4,32.3,37.1,89,14.2,14.2,0.0,21.0,4.3,8.4
2005-06-18,28.6,31.4,26.6,33.9,36.4,83,20.3,20.3,0.0,18.0,4.78,10.6
2005-06-19,29.9,33.9,28.0,35.5,38.9,79,8.5,8.5,0.0,15.0,4.58,12.1
2005-06-20,28.5,30.7,27.3,34.6,36.9,86,28.6,28.6,0.0,20.0,4.22,9.6
2005-06-21,27.6,29.3,26.2,33.9,35.4,89,59.0,59.0,0.0,21.0,3.96,9.7
2005-06-22,26.8,27.8,25.8,32.1,33.3,89,40.1,40.1,0.0,24.0,4.24,10.8
2005-06-23,26.2,26.6,25.7,31.3,32.1,93,64.9,64.9,0.0,23.0,4.24,10.8
2005-06-24,27.1,29.7,25.2,32.3,35.5,88,27.6,27.6,0.0,18.0,3.95,8.8
2005-06-25,29.5,33.2,25.9,35.0,38.8,79,17.5,17.5,0.0,17.0,4.18,10.5
2005-06-26,29.4,32.7,27.3,34.5,37.6,79,16.0,16.0,0.0,10.0,4.7,11.1
2005-06-27,29.1,31.9,27.3,34.1,36.8,80,10.6,10.6,0.0,18.0,5.06,10.7
2005-06-28,28.9,31.5,26.3,34.4,36.4,80,12.5,12.5,0.0,17.0,4.44,9.5
2005-06-29,29.3,33.8,25.9,35.1,40.4,79,6.5,6.5,0.0,18.0,3.4,7.2
2005-06-30,26.9,28.0,25.9,31.2,32.8,86,15.0,15.0,0.0,16.0,5.47,11.3
2005-07-01,27.1,30.2,24.8,31.1,34.2,83,14.6,14.6,0.0,21.0,5.46,12.5
2005-07-02,28.3,31.8,25.5,32.9,36.2,79,7.3,7.3,0.0,12.0,5.61,12.0
2005-07-03,29.7,33.9,25.6,34.8,39.3,74,1.3,1.3,0.0,7.0,3.91,10.2
2005-07-04,30.2,34.1,27.2,35.9,40.4,75,0.6,0.6,0.0,5.0,3.92,9.6
2005-07-05,30.5,34.2,26.8,36.6,41.6,75,0.9,0.9,0.0,4.0,3.11,6.9
2005-07-06,30.8,35.5,26.8,36.5,41.3,69,0.0,0.0,0.0,0.0,2.55,5.1
2005-07-07,30.4,34.4,27.1,36.2,40.6,72,0.6,0.6,0.0,2.0,3.28,5.9
2005-07-08,28.1,29.9,26.7,32.9,34.8,82,16.7,16.7,0.0,16.0,4.83,10.2
2005-07-09,28.1,31.2,26.0,32.8,36.3,79,7.8,7.8,0.0,13.0,5.12,11.9
2005-07-10,29.9,33.6,27.0,34.6,38.9,75,2.4,2.4,0.0,9.0,5.1,13.6
2005-07-11,30.7,34.6,27.1,35.7,39.5,70,1.3,1.3,0.0,9.0,4.22,9.7
2005-07-12,30.5,34.7,26.9,36.3,40.6,74,0.6,0.6,0.0,5.0,3.98,9.1
2005-07-13,30.6,34.7,27.2,36.2,40.3,73,1.0,1.0,0.0,7.0,2.89,7.4
2005-07-14,31.3,35.2,27.3,36.9,41.3,69,0.5,0.5,0.0,4.0,3.2,8.2
2005-07-15,31.3,35.1,27.7,37.2,41.5,70,0.6,0.6,0.0,1.0,2.94,5.8
2005-07-16,31.1,35.0,26.8,37.0,41.8,68,0.0,0.0,0.0,0.0,2.09,4.8
2005-07-17,31.4,36.0,26.9,37.4,42.3,68,0.0,0.0,0.0,0.0,2.06,5.7
2005-07-18,32.9,37.7,28.1,38.7,45.1,65,0.0,0.0,0.0,0.0,3.94,9.0
2005-07-19,33.5,37.6,29.8,38.4,42.0,59,0.0,0.0,0.0,0.0,5.0,12.0
2005-07-20,32.3,36.9,28.9,37.3,42.1,62,0.6,0.6,0.0,3.0,4.4,9.9
2005-07-21,30.0,35.5,27.6,35.9,42.9,74,2.5,2.5,0.0,5.0,3.6,7.8
2005-07-22,27.3,30.7,24.9,32.4,35.4,84,25.5,25.5,0.0,19.0,3.83,8.1
2005-07-23,27.5,30.6,24.9,32.8,36.4,82,17.4,17.4,0.0,17.0,3.81,7.8
2005-07-24,29.3,34.8,25.5,35.0,40.5,75,2.2,2.2,0.0,11.0,2.42,5.4
2005-07-25,30.1,35.0,26.1,36.4,42.3,73,0.3,0.3,0.0,1.0,2.72,5.2
2005-07-26,30.2,34.8,26.2,35.9,41.7,72,0.5,0.5,0.0,1.0,3.26,6.9
2005-07-27,30.2,34.4,26.3,35.7,40.8,72,0.2,0.2,0.0,2.0,3.47,7.2
2005-07-28,30.3,34.8,26.0,35.3,40.5,69,0.6,0.6,0.0,4.0,2.93,6.5
2005-07-29,28.8,31.2,27.6,33.3,35.4,79,21.2,21.2,0.0,8.0,6.3,12.6
2005-07-30,27.7,30.2,26.1,31.7,34.1,83,16.4,16.4,0.0,19.0,5.74,13.0
2005-07-31,27.5,30.0,26.5,32.3,35.4,87,9.7,9.7,0.0,16.0,4.81,12.1
2005-08-01,29.5,33.9,26.0,35.5,41.3,79,1.5,1.5,0.0,7.0,3.28,9.0
2005-08-02,30.2,33.9,27.0,36.3,40.3,76,2.1,2.1,0.0,10.0,2.92,7.3
2005-08-03,30.6,34.6,26.2,36.4,40.3,73,0.0,0.0,0.0,0.0,2.84,6.9
2005-08-04,30.4,34.6,27.0,37.2,42.6,78,4.3,4.3,0.0,5.0,2.73,7.9
2005-08-05,30.3,34.3,26.5,36.8,41.6,76,5.8,5.8,0.0,10.0,2.58,7.6
2005-08-06,30.9,35.4,27.3,37.1,43.0,73,6.2,6.2,0.0,7.0,2.91,6.6
2005-08-07,30.7,36.4,27.6,37.4,44.0,75,4.0,4.0,0.0,5.0,3.22,7.0
2005-08-08,30.1,34.2,27.4,36.3,43.0,77,3.6,3.6,0.0,9.0,3.33,7.5
2005-08-09,29.4,32.5,26.5,35.0,38.9,79,8.1,8.1,0.0,11.0,3.78,9.7
2005-08-10,28.8,31.2,27.1,33.0,35.7,78,7.5,7.5,0.0,8.0,6.24,14.8
2005-08-11,28.9,31.9,26.1,33.8,36.5,80,9.5,9.5,0.0,9.0,5.7,14.3
2005-08-12,30.7,35.6,26.0,36.5,41.1,73,0.5,0.5,0.0,1.0,3.86,8.1
2005-08-13,29.8,34.4,26.3,35.7,39.4,78,25.8,25.8,0.0,10.0,3.86,10.7
2005-08-14,29.1,33.1,26.0,34.3,38.6,79,26.8,26.8,0.0,16.0,3.8,8.2
2005-08-15,27.8,30.7,26.4,33.0,35.9,84,19.6,19.6,0.0,22.0,4.07,7.6
2005-08-16,27.7,31.9,25.5,32.8,37.7,84,6.2,6.2,0.0,15.0,3.77,9.2
2005-08-17,27.4,30.4,25.7,31.7,34.7,81,8.3,8.3,0.0,8.0,4.73,9.9
2005-08-18,26.9,29.8,25.4,31.9,35.7,86,20.7,20.7,0.0,16.0,3.31,7.7
2005-08-19,26.1,27.8,24.9,31.7,33.8,91,14.0,14.0,0.0,17.0,2.62,7.1
2005-08-20,26.7,29.4,24.7,31.7,34.9,88,19.4,19.4,0.0,20.0,3.54,8.0
2005-08-21,27.4,30.3,25.5,33.4,37.1,89,11.7,11.7,0.0,16.0,3.92,8.1
2005-08-22,27.2,30.2,25.2,32.9,36.5,88,14.5,14.5,0.0,19.0,2.84,9.0
2005-08-23,28.5,33.1,25.2,34.6,39.6,83,2.5,2.5,0.0,4.0,3.2,7.6
2005-08-24,27.5,29.1,25.7,33.5,35.1,85,11.9,11.9,0.0,18.0,2.13,6.9
2005-08-25,27.8,30.5,25.6,32.3,34.7,75,0.7,0.7,0.0,4.0,2.97,7.0
2005-08-26,27.5,29.9,24.9,32.9,35.7,82,3.2,3.2,0.0,8.0,2.34,6.2
2005-08-27,27.7,30.8,25.9,33.2,36.8,84,5.8,5.8,0.0,9.0,3.56,7.5
2005-08-28,29.1,33.2,26.0,34.5,38.3,78,5.8,5.8,0.0,8.0,3.81,10.6
2005-08-29,29.0,32.8,26.6,34.3,37.8,79,6.2,6.2,0.0,2.0,3.42,9.1
2005-08-30,29.8,33.7,25.8,35.8,40.3,76,1.0,1.0,0.0,5.0,2.34,5.3
2005-08-31,30.3,35.4,25.7,36.7,43.1,76,0.1,0.1,0.0,1.0,2.25,5.5
2005-09-01,30.5,33.4,27.7,34.5,37.2,65,0.0,0.0,0.0,0.0,5.32,10.5
2005-09-02,28.5,30.6,26.9,32.6,35.4,68,2.4,2.4,0.0,7.0,2.51,6.1
2005-09-03,27.2,30.0,25.7,32.7,36.1,86,19.4,19.4,0.0,21.0,2.22,5.7
2005-09-04,26.6,29.4,25.3,32.1,34.7,89,20.8,20.8,0.0,22.0,3.54,8.4
2005-09-05,28.3,32.2,24.7,33.5,38.4,76,0.5,0.5,0.0,3.0,2.31,5.6
2005-09-06,29.0,33.1,26.3,33.7,38.8,72,0.0,0.0,0.0,0.0,3.28,7.6
2005-09-07,29.0,32.8,25.9,33.6,38.6,71,0.0,0.0,0.0,0.0,3.55,7.8
2005-09-08,28.8,33.2,26.0,34.6,40.2,77,6.4,6.4,0.0,10.0,2.14,5.2
2005-09-09,27.5,30.4,25.3,33.4,36.4,84,8.9,8.9,0.0,17.0,1.48,4.2
2005-09-10,27.9,32.5,24.0,33.5,38.8,80,1.7,1.7,0.0,5.0,1.94,6.2
2005-09-11,29.2,33.8,24.9,34.4,38.9,73,0.0,0.0,0.0,0.0,3.3,7.1
2005-09-12,30.0,34.3,26.4,34.8,40.1,69,0.0,0.0,0.0,0.0,3.11,7.4
2005-09-13,29.0,32.3,27.0,34.9,38.9,81,17.6,17.6,0.0,14.0,4.63,9.3
2005-09-14,29.6,34.6,25.8,36.1,41.6,78,4.0,4.0,0.0,9.0,2.22,7.5
2005-09-15,29.9,34.2,26.0,35.9,40.4,76,4.1,4.1,0.0,8.0,2.04,6.2
2005-09-16,30.2,34.5,26.9,36.3,41.2,73,0.0,0.0,0.0,0.0,2.34,4.7
2005-09-17,29.3,35.1,25.8,34.2,39.7,75,2.8,2.8,0.0,3.0,4.61,11.6
2005-09-18,28.1,31.1,26.8,32.8,36.0,82,12.4,12.4,0.0,11.0,5.85,14.9
2005-09-19,28.4,31.4,26.3,34.2,38.1,83,6.4,6.4,0.0,12.0,3.16,8.0
2005-09-20,29.1,33.6,25.4,35.6,40.4,80,0.0,0.0,0.0,0.0,2.01,5.8
2005-09-21,29.9,34.6,25.8,36.0,41.0,77,0.2,0.2,0.0,1.0,2.59,6.2
2005-09-22,30.3,34.1,27.1,34.8,39.5,69,0.0,0.0,0.0,0.0,5.23,10.5
2005-09-23,27.7,30.4,25.4,29.5,33.2,65,0.0,0.0,0.0,0.0,5.23,11.3
2005-09-24,27.7,31.2,25.2,30.1,34.6,69,0.0,0.0,0.0,0.0,5.63,15.0
2005-09-25,27.6,29.8,26.4,30.1,32.5,73,1.1,1.1,0.0,3.0,6.77,17.2
2005-09-26,27.0,28.4,25.9,30.7,32.7,82,9.3,9.3,0.0,17.0,5.0,11.1
2005-09-27,26.3,28.1,25.3,30.7,32.5,86,25.6,25.6,0.0,13.0,4.28,10.8
2005-09-28,28.0,32.4,24.6,33.5,37.9,79,0.1,0.1,0.0,1.0,1.99,6.3
2005-09-29,28.5,33.0,25.2,34.5,39.7,81,0.5,0.5,0.0,2.0,2.15,5.0
2005-09-30,28.7,33.3,25.4,34.8,39.3,81,0.5,0.5,0.0,2.0,2.28,4.5
2005-10-01,29.3,33.9,25.4,36.0,41.7,80,0.3,0.3,0.0,1.0,1.91,4.9
2005-10-02,30.0,35.3,26.7,35.3,40.9,73,0.0,0.0,0.0,0.0,3.85,9.1
2005-10-03,28.9,31.9,25.4,31.6,34.8,64,0.2,0.2,0.0,1.0,4.11,9.1
2005-10-04,25.9,28.9,22.8,27.4,31.8,63,0.0,0.0,0.0,0.0,4.16,8.9
2005-10-05,25.4,29.3,22.0,27.8,33.1,69,0.0,0.0,0.0,0.0,4.06,8.7
2005-10-06,27.0,31.3,23.3,31.0,36.9,73,0.0,0.0,0.0,0.0,2.79,6.6
2005-10-07,27.8,31.2,25.1,31.2,34.6,70,0.0,0.0,0.0,0.0,5.0,9.5
2005-10-08,26.9,30.2,24.2,27.3,31.4,56,0.0,0.0,0.0,0.0,6.02,12.1
2005-10-09,25.8,29.1,23.1,25.8,30.7,52,0.0,0.0,0.0,0.0,4.68,9.3
2005-10-10,26.2,30.9,22.2,28.0,33.8,60,0.0,0.0,0.0,0.0,3.16,7.5
2005-10-11,26.4,31.4,22.7,30.2,35.1,74,0.0,0.0,0.0,0.0,2.37,6.5
2005-10-12,26.6,30.6,23.4,31.3,35.6,80,0.0,0.0,0.0,0.0,2.5,4.3
2005-10-13,26.7,31.1,23.7,31.5,36.3,80,0.0,0.0,0.0,0.0,2.16,4.1
2005-10-14,27.7,32.2,24.4,32.1,36.2,73,0.0,0.0,0.0,0.0,3.38,7.4
2005-10-15,26.0,28.7,23.7,28.0,31.6,66,0.0,0.0,0.0,0.0,4.21,9.4
2005-10-16,24.7,28.2,21.1,26.9,31.8,67,0.0,0.0,0.0,0.0,3.2,7.2
2005-10-17,25.8,29.2,23.0,29.8,33.3,76,0.1,0.1,0.0,1.0,1.62,4.9
2005-10-18,26.3,30.2,23.4,30.2,34.0,75,0.1,0.1,0.0,1.0,2.55,6.5
2005-10-19,26.2,30.4,23.1,29.2,33.0,69,0.0,0.0,0.0,0.0,2.42,6.3
2005-10-20,25.0,30.2,20.9,27.8,33.1,72,0.0,0.0,0.0,0.0,2.31,6.6
2005-10-21,25.2,30.2,21.1,27.0,31.6,66,0.0,0.0,0.0,0.0,4.71,8.9
2005-10-22,24.0,27.5,21.3,23.6,28.1,56,0.0,0.0,0.0,0.0,4.83,10.8
2005-10-23,21.9,25.7,18.5,21.5,25.6,59,0.0,0.0,0.0,0.0,4.23,9.6
2005-10-24,21.7,26.4,17.5,21.4,26.9,56,0.0,0.0,0.0,0.0,3.77,8.8
2005-10-25,22.0,26.4,18.1,23.3,27.9,70,0.0,0.0,0.0,0.0,2.3,5.3
2005-10-26,23.5,29.3,18.3,25.1,31.5,66,0.0,0.0,0.0,0.0,2.13,5.8
2005-10-27,25.1,31.0,20.8,28.5,33.9,76,0.0,0.0,0.0,0.0,1.84,5.9
2005-10-28,26.5,31.5,21.4,30.0,35.7,71,0.0,0.0,0.0,0.0,2.35,6.0
2005-10-29,22.3,25.4,19.9,21.4,26.9,63,0.0,0.0,0.0,0.0,6.04,12.6
2005-10-30,20.3,21.8,18.7,18.8,20.7,60,0.0,0.0,0.0,0.0,5.19,10.2
2005-10-31,20.9,25.5,17.9,19.1,23.7,47,0.0,0.0,0.0,0.0,4.52,9.7
2005-11-01,20.4,22.2,17.8,19.5,22.3,54,1.9,1.9,0.0,4.0,3.37,6.5
2005-11-02,23.2,28.0,19.4,24.7,30.1,67,2.0,2.0,0.0,4.0,2.24,6.1
2005-11-03,25.2,31.1,20.7,28.0,34.4,70,0.0,0.0,0.0,0.0,2.18,5.9
2005-11-04,25.3,31.1,20.4,28.2,33.9,73,0.0,0.0,0.0,0.0,2.47,6.3
2005-11-05,26.5,30.5,23.6,30.1,34.4,75,0.0,0.0,0.0,0.0,2.82,6.7
2005-11-06,27.1,31.5,24.5,31.7,36.5,78,0.0,0.0,0.0,0.0,1.91,5.0
2005-11-07,27.7,32.1,23.7,32.4,37.3,76,0.0,0.0,0.0,0.0,3.89,7.6
2005-11-08,27.1,30.4,25.0,31.6,34.8,78,0.0,0.0,0.0,0.0,2.78,6.3
2005-11-09,26.9,30.7,24.5,31.0,33.9,79,0.1,0.1,0.0,1.0,3.01,7.1
2005-11-10,26.4,29.8,23.8,30.4,33.7,80,0.0,0.0,0.0,0.0,3.69,7.8
2005-11-11,26.8,30.5,24.3,31.1,34.3,78,0.1,0.1,0.0,1.0,2.55,5.7
2005-11-12,25.8,28.0,23.9,29.2,32.3,74,0.0,0.0,0.0,0.0,2.91,6.5
2005-11-13,25.6,29.1,22.9,29.3,33.7,75,0.2,0.2,0.0,1.0,1.88,5.6
2005-11-14,24.9,28.1,21.7,28.0,31.0,80,3.2,3.2,0.0,6.0,4.68,8.6
2005-11-15,20.1,21.5,18.7,19.3,22.2,72,6.2,6.2,0.0,12.0,5.26,10.2
2005-11-16,19.5,23.4,16.7,17.9,22.6,61,0.0,0.0,0.0,0.0,5.06,9.8
2005-11-17,19.3,23.7,16.1,17.9,22.6,62,0.0,0.0,0.0,0.0,4.37,9.8
2005-11-18,18.8,22.1,16.5,17.1,20.8,62,0.0,0.0,0.0,0.0,4.74,9.7
2005-11-19,17.6,19.9,15.7,15.3,17.6,61,0.0,0.0,0.0,0.0,5.36,10.9
2005-11-20,16.9,21.3,13.8,14.1,18.5,57,0.0,0.0,0.0,0.0,5.55,11.5
2005-11-21,17.5,21.3,15.3,14.9,18.9,54,0.0,0.0,0.0,0.0,5.13,10.9
2005-11-22,17.3,22.4,13.3,15.2,20.8,56,0.0,0.0,0.0,0.0,4.12,9.4
2005-11-23,18.6,23.9,13.8,17.0,22.7,56,0.0,0.0,0.0,0.0,4.28,9.4
2005-11-24,19.1,24.3,15.6,17.9,23.0,57,0.0,0.0,0.0,0.0,3.81,8.8
2005-11-25,19.3,24.9,14.5,18.6,24.6,60,0.0,0.0,0.0,0.0,2.88,7.4
2005-11-26,19.6,26.1,14.2,19.6,26.6,65,0.0,0.0,0.0,0.0,2.0,5.7
2005-11-27,20.0,27.3,13.9,20.4,28.3,71,0.0,0.0,0.0,0.0,2.77,5.7
2005-11-28,22.4,29.0,17.6,24.0,31.1,71,0.0,0.0,0.0,0.0,2.2,5.3
2005-11-29,21.8,24.9,19.3,20.8,23.9,57,0.0,0.0,0.0,0.0,5.02,10.8
2005-11-30,19.5,23.5,16.9,18.9,23.8,59,0.0,0.0,0.0,0.0,2.95,5.8
2005-12-01,20.5,26.3,16.7,21.4,27.7,73,0.0,0.0,0.0,0.0,2.55,6.5
2005-12-02,20.7,25.8,16.4,22.0,27.6,77,0.0,0.0,0.0,0.0,2.19,7.1
2005-12-03,21.2,25.3,17.4,22.0,27.3,69,0.0,0.0,0.0,0.0,7.33,14.6
2005-12-04,17.1,20.0,14.5,13.2,16.6,50,0.0,0.0,0.0,0.0,7.12,14.0
2005-12-05,12.4,14.3,9.5,7.2,9.9,42,0.0,0.0,0.0,0.0,6.56,12.9
2005-12-06,8.4,9.9,7.5,3.2,5.7,41,0.0,0.0,0.0,0.0,5.69,11.1
2005-12-07,12.6,16.5,9.8,8.4,12.5,35,0.0,0.0,0.0,0.0,4.57,9.9
2005-12-08,15.1,19.5,11.2,12.0,16.6,40,0.0,0.0,0.0,0.0,3.54,8.1
2005-12-09,16.9,20.9,13.7,15.2,18.7,53,0.0,0.0,0.0,0.0,2.79,7.8
2005-12-10,19.2,21.9,16.9,18.1,21.5,55,0.0,0.0,0.0,0.0,4.73,8.6
2005-12-11,17.6,20.2,14.5,14.5,17.0,59,0.0,0.0,0.0,0.0,6.3,12.4
2005-12-12,14.5,17.1,12.4,10.7,13.8,53,0.0,0.0,0.0,0.0,6.16,12.0
2005-12-13,14.2,17.5,11.2,10.2,13.9,41,0.0,0.0,0.0,0.0,5.63,10.9
2005-12-14,14.3,18.6,10.5,9.3,13.7,30,0.0,0.0,0.0,0.0,5.39,11.8
2005-12-15,13.1,17.2,9.8,8.1,12.3,28,0.0,0.0,0.0,0.0,5.38,11.9
2005-12-16,13.1,19.0,8.2,9.0,15.1,30,0.0,0.0,0.0,0.0,4.14,8.9
2005-12-17,14.7,19.5,11.1,9.4,13.7,24,0.0,0.0,0.0,0.0,6.02,12.7
2005-12-18,12.5,17.3,9.4,7.9,12.7,27,0.0,0.0,0.0,0.0,4.75,10.1
2005-12-19,12.0,18.6,7.2,8.3,15.2,37,0.0,0.0,0.0,0.0,3.14,8.0
2005-12-20,14.0,20.6,8.4,10.7,17.8,43,0.0,0.0,0.0,0.0,4.54,9.5
2005-12-21,14.7,17.8,12.1,8.9,11.5,28,0.0,0.0,0.0,0.0,8.07,16.6
2005-12-22,12.0,16.7,8.4,7.3,11.7,25,0.0,0.0,0.0,0.0,4.81,11.7
2005-12-23,11.9,19.2,5.0,8.8,16.5,37,0.0,0.0,0.0,0.0,2.08,5.6
2005-12-24,14.9,21.6,7.7,13.3,21.0,55,0.0,0.0,0.0,0.0,1.84,4.5
2005-12-25,18.3,21.4,15.4,17.5,20.0,58,0.0,0.0,0.0,0.0,2.52,5.5
2005-12-26,19.0,23.3,15.6,16.7,21.1,43,1.8,1.8,0.0,5.0,3.63,9.0
2005-12-27,16.5,18.2,14.3,15.0,16.5,63,1.8,1.8,0.0,5.0,3.34,8.7
2005-12-28,14.5,15.4,13.5,13.8,14.9,85,3.3,3.3,0.0,10.0,3.37,6.7
2005-12-29,17.4,20.8,14.4,16.2,19.7,68,0.0,0.0,0.0,0.0,3.74,8.5
2005-12-30,17.3,19.5,15.3,16.8,19.0,70,0.0,0.0,0.0,0.0,2.79,5.9
2005-12-31,19.8,23.9,17.1,20.0,24.1,74,2.3,2.3,0.0,5.0,3.7,9.9
2006-01-01,19.5,23.0,16.9,19.0,22.9,65,0.0,0.0,0.0,0.0,4.03,7.9
2006-01-02,18.7,22.8,15.5,18.2,22.6,63,0.0,0.0,0.0,0.0,3.41,7.7
2006-01-03,18.3,21.4,15.4,18.4,21.0,76,0.0,0.0,0.0,0.0,3.28,8.0
2006-01-04,19.9,22.7,17.4,20.9,23.6,79,2.0,2.0,0.0,12.0,3.11,7.7
2006-01-05,12.9,19.6,9.2,9.5,21.9,72,1.7,1.7,0.0,4.0,7.51,14.4
2006-01-06,8.6,9.4,7.2,3.9,4.7,62,0.7,0.7,0.0,5.0,6.57,13.0
2006-01-07,8.5,12.6,5.4,4.0,8.0,43,0.0,0.0,0.0,0.0,5.22,10.7
2006-01-08,9.2,10.7,7.3,5.1,6.9,41,0.0,0.0,0.0,0.0,3.45,8.2
2006-01-09,10.9,15.7,7.3,7.4,12.2,46,0.0,0.0,0.0,0.0,3.63,8.5
2006-01-10,12.4,16.2,9.3,10.1,14.1,54,0.0,0.0,0.0,0.0,2.4,5.0
2006-01-11,16.7,21.9,12.0,15.8,21.7,59,0.0,0.0,0.0,0.0,1.71,4.8
2006-01-12,19.6,23.9,16.4,20.2,25.0,68,0.0,0.0,0.0,0.0,1.84,5.1
2006-01-13,21.2,27.0,16.9,22.5,28.0,72,0.0,0.0,0.0,0.0,2.47,5.8
2006-01-14,20.6,25.5,16.7,21.5,26.1,75,0.0,0.0,0.0,0.0,3.1,6.2
2006-01-15,19.0,24.8,14.0,19.4,24.7,75,0.0,0.0,0.0,0.0,2.51,6.6
2006-01-16,19.4,24.3,14.5,20.4,24.8,80,0.0,0.0,0.0,0.0,3.01,6.6
2006-01-17,20.5,24.2,18.0,21.8,25.4,83,0.6,0.6,0.0,5.0,3.54,7.7
2006-01-18,22.2,25.8,19.5,23.3,26.9,80,1.7,1.7,0.0,9.0,5.88,11.2
2006-01-19,20.6,25.2,13.7,21.6,26.8,85,6.1,6.1,0.0,20.0,5.79,11.8
2006-01-20,12.0,12.9,10.0,9.2,10.2,82,6.5,6.5,0.0,14.0,5.97,11.6
2006-01-21,10.3,11.3,9.1,6.6,7.9,72,0.6,0.6,0.0,3.0,5.45,11.5
2006-01-22,10.7,11.6,9.5,7.3,8.2,64,0.0,0.0,0.0,0.0,4.18,9.6
2006-01-23,11.3,13.9,9.2,7.7,11.0,57,0.0,0.0,0.0,0.0,5.22,10.5
2006-01-24,12.3,16.4,8.9,9.4,14.1,59,0.0,0.0,0.0,0.0,3.96,8.9
2006-01-25,14.0,18.6,10.6,11.0,15.7,57,0.0,0.0,0.0,0.0,4.42,9.7
2006-01-26,14.0,18.3,10.5,10.8,14.8,53,0.0,0.0,0.0,0.0,5.28,11.0
2006-01-27,14.7,19.6,9.5,12.6,18.6,55,0.0,0.0,0.0,0.0,3.64,8.2
2006-01-28,15.4,17.3,13.4,15.4,17.2,80,1.6,1.6,0.0,7.0,1.91,5.2
2006-01-29,17.8,23.4,13.1,18.5,25.0,81,0.0,0.0,0.0,0.0,1.92,5.3
2006-01-30,20.2,25.8,15.2,21.7,27.7,78,0.0,0.0,0.0,0.0,1.5,5.0
2006-01-31,22.0,27.0,17.4,23.2,28.3,70,0.0,0.0,0.0,0.0,3.22,7.8
2006-02-01,20.4,23.9,17.4,20.0,24.2,62,0.0,0.0,0.0,0.0,3.93,9.1
2006-02-02,20.0,24.5,16.8,20.4,25.4,68,0.0,0.0,0.0,0.0,2.56,6.9
2006-02-03,19.5,25.9,15.0,19.1,26.5,68,0.0,0.0,0.0,0.0,5.92,12.1
2006-02-04,15.2,17.9,13.8,12.6,15.5,59,0.0,0.0,0.0,0.0,5.11,10.6
2006-02-05,16.0,19.4,13.2,14.7,18.8,60,0.0,0.0,0.0,0.0,3.0,6.3
2006-02-06,18.8,23.9,14.4,19.0,25.5,67,0.0,0.0,0.0,0.0,2.21,5.5
2006-02-07,19.7,25.0,15.6,18.6,24.5,58,0.0,0.0,0.0,0.0,4.25,8.5
2006-02-08,19.6,24.5,14.5,18.9,25.1,56,0.0,0.0,0.0,0.0,2.79,7.5
2006-02-09,17.4,19.2,14.7,15.5,19.1,55,0.0,0.0,0.0,0.0,3.94,9.0
2006-02-10,15.2,18.6,12.0,13.1,17.0,57,0.0,0.0,0.0,0.0,3.45,7.6
2006-02-11,18.2,23.5,13.2,17.7,23.8,62,0.0,0.0,0.0,0.0,1.9,5.2
2006-02-12,20.8,25.7,17.6,20.9,25.9,60,0.0,0.0,0.0,0.0,3.04,8.1
2006-02-13,18.7,20.8,16.0,18.1,20.4,57,0.0,0.0,0.0,0.0,2.69,5.7
2006-02-14,21.0,25.0,17.9,21.7,25.5,72,0.8,0.8,0.0,3.0,4.34,9.1
2006-02-15,22.7,27.6,19.1,24.7,28.7,78,0.4,0.4,0.0,2.0,3.31,6.9
2006-02-16,20.5,25.0,17.0,21.4,26.5,79,0.8,0.8,0.0,6.0,6.26,12.7
2006-02-17,14.3,16.4,12.2,11.3,13.6,65,0.1,0.1,0.0,1.0,5.63,10.9
2006-02-18,10.8,11.9,9.8,8.2,9.3,81,2.7,2.7,0.0,11.0,4.79,9.6
2006-02-19,11.0,12.8,9.2,9.0,11.5,84,3.2,3.2,0.0,11.0,4.54,9.2
2006-02-20,14.3,17.2,11.9,12.9,16.1,72,0.0,0.0,0.0,0.0,3.52,7.1
2006-02-21,19.6,25.5,14.0,20.2,27.3,69,0.0,0.0,0.0,0.0,3.4,7.5
2006-02-22,21.0,25.9,17.3,21.2,26.6,69,0.0,0.0,0.0,0.0,6.44,12.8
2006-02-23,16.9,19.6,15.4,15.5,18.6,65,2.2,2.2,0.0,7.0,4.51,8.7
2006-02-24,16.7,17.8,15.5,15.5,17.1,68,0.2,0.2,0.0,1.0,3.83,7.4
2006-02-25,16.2,17.8,15.1,16.1,17.5,82,4.5,4.5,0.0,10.0,3.85,7.1
2006-02-26,18.4,23.1,14.9,17.7,22.7,71,0.5,0.5,0.0,2.0,3.91,9.5
2006-02-27,15.5,17.5,14.4,15.2,16.9,88,21.3,21.3,0.0,18.0,3.72,8.6
2006-02-28,11.8,14.5,8.1,8.9,13.3,84,15.5,15.5,0.0,17.0,6.36,12.8
2006-03-01,9.7,12.4,7.4,5.6,8.2,59,0.0,0.0,0.0,0.0,6.24,13.2
2006-03-02,12.3,17.3,9.2,9.4,15.7,46,0.0,0.0,0.0,0.0,3.45,8.6
2006-03-03,13.9,21.8,6.5,12.3,21.7,59,0.0,0.0,0.0,0.0,2.02,5.7
2006-03-04,13.6,16.2,9.6,12.3,15.6,71,2.6,2.6,0.0,4.0,2.56,9.9
2006-03-05,16.4,18.9,14.4,16.6,19.5,78,6.4,6.4,0.0,15.0,1.53,8.0
2006-03-06,18.3,20.2,16.0,20.0,22.5,92,5.9,5.9,0.0,14.0,1.71,5.9
2006-03-07,20.7,24.7,17.2,22.8,26.6,85,0.5,0.5,0.0,3.0,2.62,6.5
2006-03-08,21.9,25.1,19.2,24.0,27.4,80,0.9,0.9,0.0,7.0,2.27,5.7
2006-03-09,22.2,26.7,18.4,24.1,27.9,77,0.3,0.3,0.0,2.0,3.26,8.0
2006-03-10,22.2,27.7,17.5,23.5,29.6,73,0.0,0.0,0.0,0.0,3.47,7.7
2006-03-11,23.3,27.1,20.2,24.8,28.1,75,1.0,1.0,0.0,3.0,4.21,8.7
2006-03-12,19.6,24.5,10.9,19.9,27.9,82,6.1,6.1,0.0,15.0,7.58,15.4
2006-03-13,8.9,10.6,7.5,5.2,7.1,79,6.7,6.7,0.0,15.0,6.2,12.3
2006-03-14,10.1,12.9,7.5,7.3,10.6,69,0.2,0.2,0.0,2.0,4.3,8.4
2006-03-15,13.2,15.1,10.8,11.9,14.2,70,0.0,0.0,0.0,0.0,2.04,5.1
2006-03-16,16.4,19.5,13.8,16.7,20.3,81,0.8,0.8,0.0,3.0,1.8,4.7
2006-03-17,21.3,24.6,18.0,22.6,25.3,83,0.5,0.5,0.0,3.0,5.5,10.9
2006-03-18,24.3,28.2,21.0,27.4,31.6,81,1.5,1.5,0.0,6.0,2.62,6.2
2006-03-19,21.6,23.4,19.6,22.2,25.7,69,2.5,2.5,0.0,12.0,4.12,9.2
2006-03-20,19.0,20.5,17.7,19.4,21.2,82,2.5,2.5,0.0,11.0,4.43,8.9
2006-03-21,20.5,23.5,18.2,22.3,26.9,88,4.3,4.3,0.0,14.0,4.24,11.2
2006-03-22,22.3,24.6,20.6,25.0,27.3,91,4.8,4.8,0.0,9.0,4.81,10.7
2006-03-23,20.0,22.1,18.0,21.7,26.0,93,18.3,18.3,0.0,22.0,4.46,12.4
2006-03-24,16.7,18.2,15.9,16.7,18.3,88,16.7,16.7,0.0,19.0,4.21,8.6
2006-03-25,16.7,17.6,15.7,17.4,18.4,92,23.9,23.9,0.0,20.0,3.35,9.5
2006-03-26,16.8,17.8,16.0,17.5,18.6,93,18.1,18.1,0.0,24.0,3.42,10.8
2006-03-27,16.8,18.1,16.1,17.7,19.0,92,15.8,15.8,0.0,18.0,2.43,11.5
2006-03-28,20.0,26.4,15.2,19.9,26.3,67,0.0,0.0,0.0,0.0,4.07,9.1
2006-03-29,20.5,26.5,14.2,20.6,27.2,65,0.0,0.0,0.0,0.0,3.28,7.9
2006-03-30,21.5,25.1,18.7,22.7,26.4,72,1.9,1.9,0.0,5.0,2.51,7.5
2006-03-31,21.9,24.9,19.7,23.3,25.6,81,4.3,4.3,0.0,10.0,5.1,10.2
2006-04-01,23.7,27.0,20.6,26.4,30.5,81,1.0,1.0,0.0,6.0,4.21,9.0
2006-04-02,24.2,27.5,22.1,28.4,31.6,87,4.0,4.0,0.0,12.0,2.5,6.1
2006-04-03,25.6,30.4,21.8,28.6,33.4,79,0.0,0.0,0.0,0.0,4.94,11.4
2006-04-04,27.2,31.3,24.2,30.0,33.5,74,1.2,1.2,0.0,5.0,6.23,13.1
2006-04-05,27.4,31.8,24.2,32.1,37.3,78,0.7,0.7,0.0,4.0,3.32,7.8
2006-04-06,24.6,26.4,21.7,28.1,30.7,85,16.8,16.8,0.0,15.0,3.83,10.8
2006-04-07,20.6,21.6,19.4,22.0,23.3,81,5.1,5.1,0.0,7.0,3.08,7.2
2006-04-08,22.5,26.0,19.2,24.2,27.3,78,1.2,1.2,0.0,2.0,3.94,9.1
2006-04-09,24.5,27.5,22.2,27.6,30.7,86,14.8,14.8,0.0,14.0,4.96,13.2
2006-04-10,28.1,32.3,24.0,32.2,36.1,77,7.0,7.0,0.0,15.0,4.13,13.7
2006-04-11,29.0,33.0,25.5,32.5,36.1,73,0.1,0.1,0.0,1.0,6.6,13.6
2006-04-12,28.7,32.2,23.6,32.1,35.2,73,15.5,15.5,0.0,16.0,7.18,14.5
2006-04-13,17.9,21.8,14.8,16.0,22.1,72,2.7,2.7,0.0,4.0,6.45,13.5
2006-04-14,14.0,14.6,12.9,12.4,13.6,83,1.1,1.1,0.0,6.0,4.21,8.4
2006-04-15,14.0,15.0,12.5,12.4,13.8,81,1.0,1.0,0.0,5.0,4.46,9.4
2006-04-16,17.7,22.3,12.4,17.3,23.4,66,0.0,0.0,0.0,0.0,3.04,8.1
2006-04-17,20.8,25.7,15.0,21.4,26.4,67,0.0,0.0,0.0,0.0,3.14,4.9
2006-04-18,23.2,25.9,20.7,25.4,28.6,74,0.0,0.0,0.0,0.0,2.87,5.7
2006-04-19,24.8,28.3,21.6,28.5,32.5,79,0.0,0.0,0.0,0.0,1.43,5.7
2006-04-20,25.5,30.2,22.5,29.6,36.3,81,4.7,4.7,0.0,8.0,4.4,7.8
2006-04-21,25.4,29.7,21.4,27.5,32.4,75,0.8,0.8,0.0,4.0,5.4,11.5
2006-04-22,27.3,31.2,24.1,30.9,35.1,76,0.7,0.7,0.0,4.0,4.66,11.2
2006-04-23,27.0,30.7,24.9,32.3,37.4,83,8.4,8.4,0.0,14.0,3.6,8.8
2006-04-24,26.3,29.7,23.6,30.8,34.8,83,13.5,13.5,0.0,16.0,3.7,8.8
2006-04-25,26.0,29.3,23.6,29.3,32.7,83,7.7,7.7,0.0,19.0,5.83,12.9
2006-04-26,26.7,30.3,24.7,31.3,34.9,84,14.6,14.6,0.0,23.0,5.28,11.8
2006-04-27,26.2,30.1,24.4,31.0,33.8,86,16.8,16.8,0.0,19.0,4.49,11.8
2006-04-28,24.1,26.0,21.5,27.2,29.5,84,19.1,19.1,0.0,15.0,3.96,8.6
2006-04-29,23.3,26.9,19.7,26.1,30.8,77,1.4,1.4,0.0,4.0,2.12,4.6
2006-04-30,25.8,30.7,21.5,29.6,33.8,79,0.9,0.9,0.0,5.0,3.48,8.7
2006-05-01,28.0,32.2,25.2,33.1,37.4,81,10.7,10.7,0.0,13.0,5.3,12.9
2006-05-02,26.0,29.3,23.5,31.3,34.8,90,41.3,41.3,0.0,23.0,2.78,8.8
2006-05-03,23.6,25.8,22.8,26.9,29.3,89,42.7,42.7,0.0,20.0,4.67,8.7
2006-05-04,24.8,28.2,22.3,27.8,31.3,84,9.0,9.0,0.0,12.0,5.44,10.6
2006-05-05,26.7,29.5,24.3,31.4,33.7,87,30.7,30.7,0.0,23.0,4.73,12.7
2006-05-06,27.9,31.7,25.2,33.5,37.1,83,16.9,16.9,0.0,20.0,3.96,9.7
2006-05-07,27.9,31.7,24.5,33.3,37.0,82,5.5,5.5,0.0,16.0,3.9,9.3
2006-05-08,29.4,33.6,26.2,34.0,37.9,74,0.0,0.0,0.0,0.0,5.05,10.3
2006-05-09,29.2,33.8,25.3,33.8,38.3,74,0.8,0.8,0.0,6.0,4.61,9.6
2006-05-10,28.9,32.3,26.3,34.8,39.3,79,4.4,4.4,0.0,13.0,2.67,6.2
2006-05-11,28.8,33.8,25.5,34.2,40.8,78,3.6,3.6,0.0,9.0,3.82,7.9
2006-05-12,28.4,32.8,24.4,32.9,37.6,72,0.0,0.0,0.0,0.0,2.62,6.2
2006-05-13,24.4,26.7,20.5,25.2,31.5,69,0.0,0.0,0.0,0.0,7.63,15.1
2006-05-14,23.5,27.9,19.5,21.9,26.8,48,0.0,0.0,0.0,0.0,6.14,12.8
2006-05-15,25.4,30.2,20.5,25.1,31.5,47,0.0,0.0,0.0,0.0,4.47,9.5
2006-05-16,23.8,25.4,21.9,23.6,25.8,62,2.7,2.7,0.0,10.0,6.14,11.6
2006-05-17,22.7,25.3,20.5,22.1,25.3,74,15.5,15.5,0.0,21.0,7.82,15.0
2006-05-18,25.7,29.7,21.9,27.5,33.0,63,0.7,0.7,0.0,4.0,4.39,7.7
2006-05-19,25.4,30.8,18.6,28.0,34.6,65,0.0,0.0,0.0,0.0,1.86,4.0
2006-05-20,25.8,29.3,23.2,28.5,32.0,73,0.1,0.1,0.0,1.0,3.86,7.5
2006-05-21,23.4,24.6,22.1,26.3,28.1,88,78.0,78.0,0.0,22.0,4.62,11.5
2006-05-22,25.2,26.9,23.8,30.3,32.4,90,34.9,34.9,0.0,14.0,1.75,6.8
2006-05-23,26.1,29.5,24.0,31.4,35.3,86,7.5,7.5,0.0,12.0,1.77,5.2
2006-05-24,26.3,29.5,24.4,31.9,35.2,90,23.9,23.9,0.0,20.0,3.54,7.6
2006-05-25,27.7,31.7,25.5,32.3,35.1,81,3.8,3.8,0.0,10.0,5.11,11.8
2006-05-26,27.3,30.5,25.8,32.6,36.2,86,15.1,15.1,0.0,19.0,3.77,9.6
2006-05-27,25.0,25.8,24.1,30.3,31.5,94,57.0,57.0,0.0,24.0,2.39,6.6
2006-05-28,24.3,27.1,21.7,27.8,30.3,85,89.0,89.0,0.0,19.0,3.91,8.5
2006-05-29,21.1,23.3,19.7,23.5,26.5,88,16.1,16.1,0.0,24.0,2.34,4.6
2006-05-30,21.2,22.4,20.1,23.8,25.3,92,7.9,7.9,0.0,18.0,3.05,12.8
2006-05-31,24.9,28.9,21.8,29.5,34.0,90,17.4,17.4,0.0,20.0,3.11,9.7
2006-06-01,26.1,29.2,24.5,31.7,34.5,91,41.3,41.3,0.0,24.0,3.04,7.6
2006-06-02,25.4,26.0,24.7,30.8,31.4,94,24.0,24.0,0.0,21.0,4.3,8.1
2006-06-03,26.6,29.3,25.1,32.2,34.1,91,19.0,19.0,0.0,19.0,4.12,9.8
2006-06-04,27.9,30.8,26.4,33.3,35.6,86,21.9,21.9,0.0,18.0,4.56,10.7
2006-06-05,28.6,31.9,26.2,34.6,38.4,85,36.8,36.8,0.0,19.0,3.73,10.7
2006-06-06,29.7,33.3,27.6,35.8,38.7,81,12.3,12.3,0.0,18.0,4.85,11.8
2006-06-07,29.0,30.9,27.1,34.9,36.7,83,12.0,12.0,0.0,16.0,4.88,11.8
2006-06-08,27.2,29.1,25.9,33.2,35.3,91,32.4,32.4,0.0,22.0,4.02,11.4
2006-06-09,25.5,26.6,23.9,31.1,33.0,93,31.1,31.1,0.0,23.0,2.04,6.9
2006-06-10,25.7,29.3,22.8,30.1,33.9,82,2.7,2.7,0.0,5.0,2.42,4.9
2006-06-11,26.1,29.9,22.0,30.2,35.2,79,0.0,0.0,0.0,0.0,3.36,5.9
2006-06-12,24.7,26.1,23.3,29.0,31.0,87,19.2,19.2,0.0,18.0,2.5,9.9
2006-06-13,27.4,31.9,24.3,32.6,36.4,87,10.0,10.0,0.0,16.0,5.19,11.0
2006-06-14,28.2,31.6,25.8,33.8,36.5,85,15.7,15.7,0.0,15.0,5.64,12.8
2006-06-15,26.9,29.8,24.9,32.6,35.7,89,27.9,27.9,0.0,23.0,3.4,8.2
2006-06-16,28.7,32.5,26.4,34.8,38.3,85,20.4,20.4,0.0,17.0,3.81,9.1
2006-06-17,29.5,33.0,26.2,35.7,39.6,81,3.1,3.1,0.0,13.0,3.31,7.9
2006-06-18,28.5,31.8,26.7,35.4,40.1,85,5.4,5.4,0.0,11.0,2.94,6.5
2006-06-19,28.0,31.3,25.9,34.2,37.8,83,2.5,2.5,0.0,7.0,3.1,6.3
2006-06-20,28.2,32.6,24.7,33.8,38.7,80,4.1,4.1,0.0,4.0,3.13,7.4
2006-06-21,29.1,33.7,25.6,34.8,40.9,77,3.1,3.1,0.0,6.0,2.82,7.0
2006-06-22,29.4,34.2,25.9,35.8,41.6,79,4.1,4.1,0.0,7.0,2.82,6.2
2006-06-23,30.4,34.8,26.2,36.8,42.5,76,3.8,3.8,0.0,5.0,2.86,5.8
2006-06-24,31.3,35.8,26.9,37.3,42.4,71,0.0,0.0,0.0,0.0,2.8,6.3
2006-06-25,31.0,35.5,27.6,36.9,40.9,72,1.3,1.3,0.0,3.0,3.54,7.5
2006-06-26,31.0,35.2,27.1,37.0,41.3,72,0.0,0.0,0.0,0.0,3.75,7.1
2006-06-27,30.7,34.8,27.1,36.8,42.5,74,2.6,2.6,0.0,5.0,3.75,8.6
2006-06-28,28.8,30.4,27.2,34.0,35.7,82,9.8,9.8,0.0,16.0,5.01,10.8
2006-06-29,29.0,31.9,27.0,33.7,36.1,80,10.8,10.8,0.0,15.0,6.54,13.6
2006-06-30,29.1,31.4,26.6,34.1,36.0,80,13.7,13.7,0.0,15.0,5.32,12.1
2006-07-01,30.4,34.4,27.0,36.4,41.1,77,1.4,1.4,0.0,8.0,4.05,8.9
2006-07-02,30.4,34.3,27.1,36.6,40.9,77,4.0,4.0,0.0,7.0,3.58,9.4
2006-07-03,30.5,34.4,27.5,36.1,40.1,76,4.0,4.0,0.0,8.0,5.52,11.9
2006-07-04,29.9,32.5,27.5,35.3,37.8,79,8.7,8.7,0.0,19.0,4.81,12.9
2006-07-05,30.2,34.0,27.5,36.0,39.8,77,1.2,1.2,0.0,6.0,3.69,10.5
2006-07-06,30.4,33.3,27.7,36.6,39.5,78,3.7,3.7,0.0,10.0,3.68,8.9
2006-07-07,30.8,34.6,28.1,37.5,41.6,78,4.8,4.8,0.0,13.0,3.4,8.9
2006-07-08,31.0,35.0,28.1,37.8,41.8,78,3.2,3.2,0.0,6.0,3.91,8.8
2006-07-09,29.9,32.7,28.1,36.5,37.8,82,14.1,14.1,0.0,10.0,3.91,9.1
2006-07-10,29.8,32.7,27.8,36.4,38.5,83,11.1,11.1,0.0,10.0,4.23,10.5
2006-07-11,29.9,33.9,28.0,36.8,41.6,84,17.6,17.6,0.0,18.0,3.07,7.5
2006-07-12,31.2,35.0,27.6,38.8,43.6,78,0.6,0.6,0.0,4.0,1.4,4.7
2006-07-13,32.2,37.2,28.8,38.6,43.9,72,0.4,0.4,0.0,2.0,3.86,9.0
2006-07-14,32.0,36.9,29.3,38.1,44.3,72,28.7,28.7,0.0,6.0,4.9,11.0
2006-07-15,28.6,30.3,27.5,34.2,36.1,89,59.6,59.6,0.0,24.0,4.74,10.4
2006-07-16,27.2,28.2,26.3,31.6,32.6,90,30.4,30.4,0.0,24.0,6.35,14.3
2006-07-17,28.2,32.2,26.4,33.2,38.2,87,31.2,31.2,0.0,24.0,5.19,12.1
2006-07-18,29.8,33.8,26.8,35.4,39.5,79,9.3,9.3,0.0,13.0,4.05,10.7
2006-07-19,30.3,34.7,26.9,37.3,42.2,79,3.9,3.9,0.0,5.0,2.51,6.6
2006-07-20,31.1,35.2,27.1,37.3,41.8,73,0.0,0.0,0.0,0.0,2.79,6.2
2006-07-21,31.2,35.5,26.6,37.1,41.8,70,0.0,0.0,0.0,0.0,2.9,6.0
2006-07-22,30.8,34.9,26.8,37.0,41.9,72,0.4,0.4,0.0,3.0,2.81,5.0
2006-07-23,31.6,36.0,27.5,38.7,43.9,73,0.2,0.2,0.0,2.0,1.61,4.0
2006-07-24,32.3,37.0,28.1,39.3,44.6,71,0.0,0.0,0.0,0.0,2.3,5.4
2006-07-25,32.4,37.1,28.9,38.5,43.3,68,2.0,2.0,0.0,4.0,3.49,8.4
2006-07-26,28.5,30.4,26.3,33.7,36.0,81,5.8,5.8,0.0,12.0,3.49,7.4
2006-07-27,26.2,27.3,25.1,31.0,32.1,91,19.6,19.6,0.0,24.0,4.32,9.0
2006-07-28,26.8,29.2,25.2,31.1,33.7,87,16.1,16.1,0.0,21.0,5.59,11.1
2006-07-29,26.0,28.7,24.5,30.3,33.2,90,14.5,14.5,0.0,23.0,4.77,10.3
2006-07-30,28.3,32.9,24.9,33.1,38.0,80,1.7,1.7,0.0,8.0,4.05,11.4
2006-07-31,29.7,34.9,25.2,35.2,40.8,75,0.9,0.9,0.0,2.0,2.87,10.2
2006-08-01,30.3,35.8,25.3,36.4,42.1,73,2.7,2.7,0.0,4.0,2.88,7.1
2006-08-02,28.5,33.0,26.3,32.5,37.1,76,25.6,25.6,0.0,15.0,5.79,16.5
2006-08-03,26.2,27.0,25.4,28.0,29.2,85,49.4,49.4,0.0,24.0,9.82,23.1
2006-08-04,26.7,28.5,25.4,30.3,33.0,89,60.7,60.7,0.0,24.0,8.55,19.7
2006-08-05,28.0,32.5,25.8,33.2,37.9,83,6.9,6.9,0.0,13.0,3.86,9.1
2006-08-06,28.0,32.4,25.4,33.7,38.7,83,6.5,6.5,0.0,11.0,2.59,5.9
2006-08-07,29.0,33.1,25.3,34.9,39.6,78,2.2,2.2,0.0,10.0,1.82,4.7
2006-08-08,29.4,35.0,25.9,35.8,41.5,78,6.7,6.7,0.0,10.0,1.89,5.1
2006-08-09,29.3,34.3,25.1,35.8,42.2,80,8.8,8.8,0.0,10.0,1.92,6.7
2006-08-10,29.9,35.4,26.0,36.8,43.0,80,9.3,9.3,0.0,8.0,1.53,9.9
2006-08-11,29.4,32.9,26.8,35.3,37.8,81,7.9,7.9,0.0,6.0,4.87,9.9
2006-08-12,30.0,33.9,26.9,35.7,39.0,76,1.4,1.4,0.0,5.0,3.45,8.7
2006-08-13,31.0,35.6,26.0,37.3,42.5,71,0.1,0.1,0.0,1.0,1.94,6.4
2006-08-14,30.1,34.0,27.4,36.7,40.3,77,2.5,2.5,0.0,9.0,2.06,7.2
2006-08-15,30.2,34.4,26.1,36.0,40.1,73,0.0,0.0,0.0,0.0,2.72,5.8
2006-08-16,30.0,33.7,26.7,36.3,40.3,77,1.3,1.3,0.0,6.0,2.94,6.1
2006-08-17,30.8,35.6,27.4,37.7,43.4,75,0.0,0.0,0.0,0.0,2.15,4.5
2006-08-18,30.6,35.3,27.0,37.6,43.4,77,3.7,3.7,0.0,11.0,2.01,5.6
2006-08-19,29.6,33.9,26.0,36.3,41.9,79,5.9,5.9,0.0,14.0,2.02,5.4
2006-08-20,30.0,33.3,27.3,36.9,41.7,79,0.5,0.5,0.0,1.0,2.2,5.5
2006-08-21,30.1,35.3,25.8,34.9,38.7,68,0.0,0.0,0.0,0.0,3.14,6.0
2006-08-22,29.4,33.8,25.8,35.3,40.0,77,1.9,1.9,0.0,6.0,2.36,6.8
2006-08-23,30.0,34.4,25.7,35.8,39.7,73,0.5,0.5,0.0,4.0,2.12,5.9
2006-08-24,29.4,33.8,27.0,35.3,39.9,79,5.6,5.6,0.0,11.0,3.09,8.0
2006-08-25,27.8,30.7,26.4,32.9,35.5,87,20.0,20.0,0.0,19.0,4.85,9.9
2006-08-26,27.5,29.6,25.9,33.0,34.6,88,14.3,14.3,0.0,17.0,3.73,7.7
2006-08-27,28.6,32.7,25.6,34.9,39.8,84,9.3,9.3,0.0,12.0,2.61,6.0
2006-08-28,28.5,32.4,26.5,34.7,38.8,84,21.1,21.1,0.0,11.0,3.08,8.8
2006-08-29,29.2,32.5,26.5,35.2,38.9,80,5.8,5.8,0.0,7.0,2.78,7.9
2006-08-30,30.0,34.1,26.7,36.4,40.0,78,1.0,1.0,0.0,6.0,2.5,6.1
2006-08-31,30.4,34.3,26.6,35.8,39.1,74,0.0,0.0,0.0,0.0,3.2,7.6
2006-09-01,31.0,35.6,27.0,36.8,41.3,73,0.0,0.0,0.0,0.0,4.08,8.7
2006-09-02,31.0,34.8,27.3,37.5,41.8,75,0.1,0.1,0.0,1.0,3.0,6.6
2006-09-03,29.8,34.0,27.1,36.9,41.9,81,5.4,5.4,0.0,10.0,2.06,5.3
2006-09-04,29.2,33.7,26.8,35.6,40.1,82,2.2,2.2,0.0,9.0,2.75,6.1
2006-09-05,29.2,33.2,26.8,35.6,39.5,82,13.5,13.5,0.0,18.0,2.56,6.3
2006-09-06,28.6,32.0,26.1,34.8,39.9,81,4.8,4.8,0.0,11.0,1.79,5.7
2006-09-07,28.2,31.3,25.4,34.6,38.0,85,12.0,12.0,0.0,13.0,2.15,6.7
2006-09-08,28.7,32.7,25.8,35.2,39.9,83,11.7,11.7,0.0,14.0,2.72,6.7
2006-09-09,25.8,27.3,23.6,29.3,33.6,83,20.6,20.6,0.0,16.0,6.74,12.5
2006-09-10,22.8,25.1,20.7,23.1,26.2,74,3.5,3.5,0.0,7.0,5.38,11.2
2006-09-11,23.9,26.5,21.2,24.0,27.7,64,0.0,0.0,0.0,0.0,5.71,11.4
2006-09-12,22.5,25.0,20.7,23.5,27.0,79,12.7,12.7,0.0,16.0,5.07,12.1
2006-09-13,22.7,25.1,21.0,23.9,26.8,85,6.5,6.5,0.0,17.0,5.95,15.0
2006-09-14,23.5,25.8,21.8,26.7,29.7,91,9.7,9.7,0.0,18.0,4.05,8.5
2006-09-15,26.1,29.3,23.5,29.8,33.1,81,1.0,1.0,0.0,5.0,3.7,7.4
2006-09-16,26.6,29.7,23.8,29.6,33.1,72,0.0,0.0,0.0,0.0,4.13,9.1
2006-09-17,26.1,30.3,23.0,28.3,32.8,65,0.0,0.0,0.0,0.0,4.13,9.3
2006-09-18,25.9,30.9,21.1,28.1,34.4,64,0.0,0.0,0.0,0.0,3.58,7.9
2006-09-19,25.9,31.2,21.1,29.0,34.5,70,0.0,0.0,0.0,0.0,2.64,6.3
2006-09-20,25.5,30.1,21.6,29.1,34.0,74,0.5,0.5,0.0,5.0,2.02,4.6
2006-09-21,26.2,31.5,21.8,29.5,34.4,72,0.0,0.0,0.0,0.0,2.68,6.3
2006-09-22,26.6,32.2,21.3,30.0,34.9,71,0.0,0.0,0.0,0.0,3.18,7.8
2006-09-23,27.6,32.9,22.5,31.0,35.5,69,0.0,0.0,0.0,0.0,3.82,8.5
2006-09-24,27.4,30.6,24.8,30.6,33.2,70,0.1,0.1,0.0,1.0,4.28,9.7
2006-09-25,27.7,31.7,24.4,31.4,35.5,71,0.0,0.0,0.0,0.0,2.97,6.8
2006-09-26,27.3,32.9,22.3,31.5,38.7,73,0.0,0.0,0.0,0.0,3.67,7.0
2006-09-27,27.3,32.6,22.9,31.5,38.1,72,0.0,0.0,0.0,0.0,3.36,6.8
2006-09-28,27.0,31.4,22.1,31.5,36.4,75,0.0,0.0,0.0,0.0,2.78,5.8
2006-09-29,27.8,33.3,23.1,32.3,37.6,75,0.0,0.0,0.0,0.0,3.0,7.0
2006-09-30,28.8,32.9,25.8,33.5,36.7,72,0.0,0.0,0.0,0.0,3.22,7.9
2006-10-01,27.0,28.4,25.8,30.9,32.3,76,0.6,0.6,0.0,4.0,4.32,9.1
2006-10-02,27.2,30.2,24.3,29.3,33.2,63,0.0,0.0,0.0,0.0,4.59,8.9
2006-10-03,27.8,32.2,24.6,30.5,35.9,62,0.0,0.0,0.0,0.0,3.26,7.6
2006-10-04,27.3,31.5,24.2,29.8,34.7,62,0.0,0.0,0.0,0.0,3.09,7.9
2006-10-05,26.7,31.9,23.4,29.0,34.6,61,0.0,0.0,0.0,0.0,2.83,6.9
2006-10-06,26.3,31.2,21.6,29.9,36.4,70,0.0,0.0,0.0,0.0,2.21,5.1
2006-10-07,26.7,31.3,22.5,30.5,35.4,75,0.0,0.0,0.0,0.0,2.7,5.9
2006-10-08,27.1,30.3,23.8,31.1,33.8,73,0.0,0.0,0.0,0.0,2.31,6.1
2006-10-09,25.9,27.7,24.6,30.3,32.3,82,3.8,3.8,0.0,6.0,3.05,6.6
2006-10-10,26.7,30.6,22.8,31.3,34.6,78,0.0,0.0,0.0,0.0,1.94,4.5
2006-10-11,27.3,32.1,23.8,31.9,36.4,77,0.0,0.0,0.0,0.0,2.06,5.2
2006-10-12,27.1,31.6,23.8,32.2,37.8,81,0.4,0.4,0.0,2.0,2.3,5.7
2006-10-13,27.2,31.5,23.6,32.1,36.1,78,0.1,0.1,0.0,1.0,2.12,5.4
2006-10-14,27.5,32.2,24.7,32.7,37.5,80,1.4,1.4,0.0,4.0,2.06,5.3
2006-10-15,27.3,31.7,24.5,32.5,37.7,81,7.4,7.4,0.0,11.0,3.04,7.0
2006-10-16,26.7,30.2,24.8,31.8,35.6,83,8.4,8.4,0.0,11.0,2.26,6.2
2006-10-17,27.0,30.2,24.6,31.5,34.5,79,0.5,0.5,0.0,3.0,2.41,6.1
2006-10-18,26.3,29.3,24.3,31.2,33.8,83,3.4,3.4,0.0,13.0,2.04,5.4
2006-10-19,26.9,30.0,24.6,31.5,34.8,78,0.2,0.2,0.0,2.0,1.8,5.8
2006-10-20,27.1,31.8,23.2,32.1,36.6,79,0.1,0.1,0.0,1.0,1.4,5.0
2006-10-21,27.4,31.0,24.6,32.4,35.9,79,0.6,0.6,0.0,2.0,2.55,5.9
2006-10-22,27.3,31.6,23.8,32.6,37.2,79,0.2,0.2,0.0,1.0,1.28,4.7
2006-10-23,27.9,32.3,24.4,32.5,36.8,75,0.1,0.1,0.0,1.0,3.02,8.0
2006-10-24,27.2,30.2,25.1,31.3,34.0,74,0.3,0.3,0.0,2.0,2.72,7.1
2006-10-25,26.7,30.4,23.8,30.2,32.8,73,0.0,0.0,0.0,0.0,3.55,7.8
2006-10-26,25.6,28.9,22.9,26.5,29.6,61,0.0,0.0,0.0,0.0,4.88,10.1
2006-10-27,23.9,27.3,20.9,24.8,29.2,64,0.0,0.0,0.0,0.0,4.31,9.1
2006-10-28,24.0,29.1,19.2,25.6,30.8,68,0.0,0.0,0.0,0.0,3.38,7.8
2006-10-29,25.6,29.7,21.8,26.7,31.4,59,0.0,0.0,0.0,0.0,3.98,9.0
2006-10-30,25.8,30.2,22.2,26.3,31.3,55,0.0,0.0,0.0,0.0,4.14,9.0
2006-10-31,25.8,29.7,22.2,25.0,29.7,48,0.0,0.0,0.0,0.0,5.07,10.7
2006-11-01,25.0,28.1,22.7,22.5,25.4,41,0.0,0.0,0.0,0.0,7.38,14.5
2006-11-02,24.0,28.8,20.4,21.4,26.2,37,0.0,0.0,0.0,0.0,5.88,12.1
2006-11-03,22.4,28.7,18.3,20.7,27.7,42,0.0,0.0,0.0,0.0,3.75,8.8
2006-11-04,21.1,29.7,14.1,20.6,29.3,56,0.0,0.0,0.0,0.0,2.28,6.4
2006-11-05,21.5,29.3,15.5,22.4,30.8,68,0.0,0.0,0.0,0.0,2.35,4.7
2006-11-06,23.4,29.8,17.0,21.8,28.2,47,0.0,0.0,0.0,0.0,4.65,10.0
2006-11-07,23.4,28.3,19.2,22.2,27.7,42,0.0,0.0,0.0,0.0,3.94,8.9
2006-11-08,22.3,29.3,16.4,23.5,30.7,68,0.0,0.0,0.0,0.0,2.63,4.9
2006-11-09,24.0,30.4,18.4,26.5,33.3,73,0.0,0.0,0.0,0.0,2.2,4.8
2006-11-10,25.0,31.8,19.6,28.1,35.3,75,0.0,0.0,0.0,0.0,2.2,4.5
2006-11-11,26.6,30.8,23.2,26.2,29.6,50,0.0,0.0,0.0,0.0,6.18,12.8
2006-11-12,22.4,28.0,17.5,20.9,27.0,43,0.0,0.0,0.0,0.0,3.83,8.4
2006-11-13,21.3,27.7,15.5,22.7,29.1,73,0.0,0.0,0.0,0.0,2.51,5.3
2006-11-14,24.1,29.6,19.4,25.3,30.6,65,0.0,0.0,0.0,0.0,3.54,7.3
2006-11-15,22.9,25.5,20.7,22.6,25.9,56,0.5,0.5,0.0,3.0,4.11,7.8
2006-11-16,22.6,24.6,20.6,25.2,27.2,77,1.1,1.1,0.0,3.0,1.26,4.8
2006-11-17,24.3,27.1,21.1,27.3,29.4,78,0.3,0.3,0.0,2.0,3.42,7.6
2006-11-18,24.2,28.6,22.0,27.7,32.1,83,3.8,3.8,0.0,11.0,2.02,6.8
2006-11-19,21.9,24.3,20.3,22.9,25.5,77,0.0,0.0,0.0,0.0,4.2,8.5
2006-11-20,21.4,24.4,19.6,21.9,25.7,71,0.2,0.2,0.0,2.0,3.51,6.6
2006-11-21,19.7,20.8,17.4,20.9,22.8,87,30.9,30.9,0.0,21.0,4.4,9.7
2006-11-22,19.8,23.2,17.3,20.7,24.4,79,0.1,0.1,0.0,1.0,2.81,7.8
2006-11-23,19.6,21.5,17.6,19.9,21.6,77,0.8,0.8,0.0,2.0,3.59,8.0
2006-11-24,19.8,21.4,18.0,20.5,22.8,76,1.3,1.3,0.0,6.0,3.32,6.7
2006-11-25,22.0,24.2,20.0,24.8,27.0,86,6.2,6.2,0.0,22.0,2.75,7.6
2006-11-26,23.8,28.4,20.9,27.1,31.4,86,14.5,14.5,0.0,17.0,3.27,10.3
2006-11-27,18.9,20.1,17.2,18.6,21.1,80,3.6,3.6,0.0,12.0,4.77,9.4
2006-11-28,17.8,21.2,15.1,16.5,20.0,73,7.4,7.4,0.0,7.0,5.03,10.5
2006-11-29,16.9,18.4,15.1,16.4,17.9,80,13.4,13.4,0.0,13.0,4.31,9.0
2006-11-30,18.0,20.7,15.7,16.7,19.3,69,1.2,1.2,0.0,5.0,4.18,9.7
2006-12-01,17.0,19.6,15.3,15.1,17.7,65,0.0,0.0,0.0,0.0,4.65,9.8
2006-12-02,16.5,19.7,13.7,14.3,17.5,61,0.0,0.0,0.0,0.0,4.75,11.1
2006-12-03,17.6,20.9,15.2,15.8,19.4,61,0.0,0.0,0.0,0.0,4.0,8.3
2006-12-04,17.8,22.4,14.3,16.2,20.8,60,0.0,0.0,0.0,0.0,4.37,9.0
2006-12-05,19.2,24.5,14.7,18.8,24.0,66,0.0,0.0,0.0,0.0,3.09,7.6
2006-12-06,20.3,24.6,16.7,20.7,24.9,69,0.0,0.0,0.0,0.0,2.28,5.7
2006-12-07,21.2,24.9,18.4,23.2,26.8,80,0.0,0.0,0.0,0.0,1.7,4.7
2006-12-08,22.7,26.8,19.5,23.6,28.2,73,0.0,0.0,0.0,0.0,5.47,10.5
2006-12-09,17.0,18.8,14.3,14.3,16.8,64,0.0,0.0,0.0,0.0,6.17,12.4
2006-12-10,14.8,17.7,12.9,12.1,15.2,63,0.0,0.0,0.0,0.0,5.25,10.1
2006-12-11,16.0,20.2,11.7,14.4,19.1,66,0.0,0.0,0.0,0.0,3.32,7.4
2006-12-12,19.3,24.2,15.0,19.0,24.3,66,0.0,0.0,0.0,0.0,2.94,7.3
2006-12-13,17.3,21.6,14.8,16.6,21.7,86,13.4,13.4,0.0,23.0,5.26,10.1
2006-12-14,14.6,15.3,13.6,13.0,13.9,84,7.1,7.1,0.0,17.0,5.15,10.3
2006-12-15,16.5,19.6,13.0,14.1,17.1,57,0.0,0.0,0.0,0.0,4.37,9.0
2006-12-16,17.5,20.7,14.5,13.2,15.8,34,0.1,0.1,0.0,1.0,5.98,12.8
2006-12-17,14.2,19.0,10.3,10.1,14.1,36,0.0,0.0,0.0,0.0,5.37,12.0
2006-12-18,12.5,18.8,7.5,9.1,15.1,46,0.0,0.0,0.0,0.0,3.66,8.1
2006-12-19,13.7,20.1,8.3,10.1,16.0,47,0.0,0.0,0.0,0.0,4.95,10.6
2006-12-20,15.4,20.9,10.4,12.0,17.4,45,0.0,0.0,0.0,0.0,4.59,10.4
2006-12-21,15.7,20.8,11.4,12.2,17.3,44,0.0,0.0,0.0,0.0,4.71,10.8
2006-12-22,15.4,21.6,11.0,12.4,18.5,47,0.0,0.0,0.0,0.0,3.89,8.8
2006-12-23,14.4,21.6,8.9,12.0,18.9,55,0.0,0.0,0.0,0.0,2.8,7.0
2006-12-24,15.3,22.4,9.8,13.4,20.7,60,0.0,0.0,0.0,0.0,3.13,7.1
2006-12-25,14.5,22.4,9.1,12.1,19.7,57,0.0,0.0,0.0,0.0,3.22,7.3
2006-12-26,14.5,22.2,9.1,13.1,21.4,65,0.0,0.0,0.0,0.0,2.31,5.8
2006-12-27,15.6,22.6,10.1,13.7,20.5,61,0.0,0.0,0.0,0.0,2.83,7.0
2006-12-28,16.1,20.6,12.6,13.0,17.1,50,0.0,0.0,0.0,0.0,5.55,11.7
2006-12-29,13.0,17.2,9.9,10.2,14.6,60,0.0,0.0,0.0,0.0,4.66,9.1
2006-12-30,13.2,19.8,7.9,11.3,17.3,66,0.0,0.0,0.0,0.0,2.61,6.6
2006-12-31,15.5,21.6,9.5,13.9,20.0,64,0.0,0.0,0.0,0.0,3.47,7.1
2007-01-01,18.1,23.1,14.2,17.4,22.2,63,0.0,0.0,0.0,0.0,3.09,7.3
2007-01-02,19.2,22.9,15.7,19.4,23.1,68,0.0,0.0,0.0,0.0,2.1,5.8
2007-01-03,16.9,18.6,14.5,15.2,19.0,68,0.0,0.0,0.0,0.0,4.95,9.8
2007-01-04,14.0,16.4,12.2,10.7,12.9,64,0.0,0.0,0.0,0.0,5.66,11.5
2007-01-05,13.6,16.9,10.9,10.1,13.2,58,0.0,0.0,0.0,0.0,5.31,10.8
2007-01-06,12.8,14.8,11.2,8.3,9.7,49,0.0,0.0,0.0,0.0,6.28,12.3
2007-01-07,12.5,16.5,9.5,7.9,11.8,34,0.0,0.0,0.0,0.0,5.01,11.2
2007-01-08,12.2,16.9,8.9,7.5,12.1,30,0.0,0.0,0.0,0.0,4.96,11.0
2007-01-09,12.7,18.1,8.2,8.8,14.1,36,0.0,0.0,0.0,0.0,3.53,8.4
2007-01-10,14.2,20.0,8.4,11.1,16.9,40,0.0,0.0,0.0,0.0,2.69,6.8
2007-01-11,15.5,17.8,12.9,14.6,16.7,73,3.0,3.0,0.0,13.0,3.16,7.5
2007-01-12,15.2,16.2,14.0,13.0,15.5,73,1.5,1.5,0.0,7.0,4.96,11.4
2007-01-13,15.0,18.5,12.3,12.4,16.0,60,0.0,0.0,0.0,0.0,4.22,9.0
2007-01-14,15.4,20.3,11.9,13.9,19.7,65,0.0,0.0,0.0,0.0,3.99,7.6
2007-01-15,17.1,22.7,12.9,16.7,22.6,71,0.0,0.0,0.0,0.0,2.15,6.5
2007-01-16,17.5,19.3,15.1,17.3,19.1,75,1.0,1.0,0.0,8.0,3.54,7.8
2007-01-17,15.1,17.9,13.3,13.2,16.9,73,2.3,2.3,0.0,10.0,5.19,10.2
2007-01-18,14.2,17.2,10.9,11.4,14.6,59,0.0,0.0,0.0,0.0,4.41,9.7
2007-01-19,14.0,15.3,11.8,11.5,13.1,63,0.3,0.3,0.0,2.0,4.05,7.7
2007-01-20,13.4,15.5,12.0,12.0,14.1,78,2.3,2.3,0.0,9.0,3.45,9.4
2007-01-21,11.7,12.7,11.2,9.6,10.9,87,2.2,2.2,0.0,13.0,4.8,9.6
2007-01-22,11.8,12.6,10.9,10.3,12.0,87,3.1,3.1,0.0,12.0,3.53,7.5
2007-01-23,13.5,16.7,11.8,11.3,13.7,79,1.8,1.8,0.0,9.0,5.41,11.1
2007-01-24,12.8,16.2,10.6,9.9,13.7,60,0.0,0.0,0.0,0.0,4.66,10.6
2007-01-25,12.4,16.8,8.8,10.0,14.8,59,0.0,0.0,0.0,0.0,2.73,7.0
2007-01-26,13.3,17.6,9.8,10.4,15.0,58,0.0,0.0,0.0,0.0,4.37,9.8
2007-01-27,13.4,19.2,8.4,9.6,15.2,46,0.0,0.0,0.0,0.0,5.32,12.3
2007-01-28,13.8,19.1,9.7,10.1,15.4,39,0.0,0.0,0.0,0.0,4.68,11.3
2007-01-29,12.2,19.8,5.3,9.3,17.5,46,0.0,0.0,0.0,0.0,2.42,6.0
2007-01-30,12.8,22.1,5.4,10.7,20.0,60,0.0,0.0,0.0,0.0,2.39,6.0
2007-01-31,14.5,22.9,7.1,12.3,21.4,54,0.0,0.0,0.0,0.0,2.38,5.8
2007-02-01,15.9,20.3,12.1,11.8,15.7,36,0.0,0.0,0.0,0.0,6.3,12.9
2007-02-02,13.7,21.5,8.2,9.7,17.5,33,0.0,0.0,0.0,0.0,3.91,9.1
2007-02-03,13.4,21.5,5.9,11.1,20.2,51,0.0,0.0,0.0,0.0,2.41,5.8
2007-02-04,14.7,22.9,7.1,13.3,22.0,65,0.0,0.0,0.0,0.0,2.61,5.5
2007-02-05,16.7,24.8,9.3,16.3,25.1,70,0.0,0.0,0.0,0.0,2.22,6.6
2007-02-06,18.4,25.9,11.9,18.5,26.6,74,0.0,0.0,0.0,0.0,3.22,6.5
2007-02-07,20.1,26.8,14.2,20.5,26.6,72,0.2,0.2,0.0,2.0,3.28,7.7
2007-02-08,20.8,27.5,14.8,21.8,28.2,74,0.0,0.0,0.0,0.0,2.84,6.8
2007-02-09,21.5,27.6,16.2,23.2,29.8,76,0.0,0.0,0.0,0.0,2.01,5.7
2007-02-10,20.2,23.3,17.7,20.7,24.1,73,0.0,0.0,0.0,0.0,4.43,9.1
2007-02-11,19.2,21.7,16.5,18.8,21.9,64,0.0,0.0,0.0,0.0,3.86,7.7
2007-02-12,20.8,24.2,18.6,20.7,23.7,73,0.1,0.1,0.0,1.0,5.0,9.8
2007-02-13,22.9,27.2,19.8,23.8,26.6,73,0.9,0.9,0.0,4.0,5.56,11.9
2007-02-14,21.6,24.5,19.2,22.9,26.2,77,0.0,0.0,0.0,0.0,4.4,8.1
2007-02-15,19.1,20.9,17.9,18.5,19.9,70,1.2,1.2,0.0,4.0,5.08,10.2
2007-02-16,21.0,24.4,18.6,21.9,24.4,84,2.7,2.7,0.0,13.0,6.11,15.3
2007-02-17,23.1,26.2,21.2,25.6,29.2,85,2.7,2.7,0.0,5.0,4.02,8.6
2007-02-18,19.9,22.4,17.9,21.0,25.8,85,2.2,2.2,0.0,11.0,4.78,10.1
2007-02-19,16.9,18.0,15.9,16.9,18.3,86,2.6,2.6,0.0,8.0,3.86,7.6
2007-02-20,17.7,19.9,16.2,18.7,20.9,89,1.6,1.6,0.0,8.0,2.93,6.4
2007-02-21,19.5,22.3,18.1,20.9,23.8,84,4.4,4.4,0.0,9.0,2.69,6.1
2007-02-22,18.5,19.5,17.6,20.2,21.6,90,18.8,18.8,0.0,17.0,1.93,5.3
2007-02-23,20.3,25.0,15.7,20.6,25.7,74,0.0,0.0,0.0,0.0,3.67,8.0
2007-02-24,18.8,20.6,17.8,19.3,20.7,81,10.3,10.3,0.0,21.0,3.47,10.7
2007-02-25,19.9,23.1,17.9,19.9,22.6,72,2.1,2.1,0.0,3.0,4.34,8.0
2007-02-26,20.8,23.7,18.7,21.4,24.3,70,0.0,0.0,0.0,0.0,3.08,7.1
2007-02-27,19.5,22.8,16.6,19.4,22.3,69,0.0,0.0,0.0,0.0,3.8,9.0
2007-02-28,20.9,23.6,18.6,21.0,23.6,70,0.4,0.4,0.0,2.0,4.5,9.7
2007-03-01,19.7,21.9,18.4,21.2,23.8,84,7.1,7.1,0.0,14.0,2.4,8.1
2007-03-02,21.8,26.3,17.3,23.4,27.3,80,0.3,0.3,0.0,2.0,3.79,8.6
2007-03-03,22.7,26.8,18.6,24.2,27.5,78,0.2,0.2,0.0,2.0,5.2,9.7
2007-03-04,22.9,26.3,20.4,25.3,28.4,84,3.5,3.5,0.0,12.0,4.74,10.7
2007-03-05,19.3,22.5,14.3,17.9,21.8,67,4.5,4.5,0.0,15.0,5.76,11.7
2007-03-06,12.4,14.0,9.5,9.1,11.0,69,4.5,4.5,0.0,8.0,5.42,11.3
2007-03-07,9.7,10.5,8.5,7.0,8.1,84,10.5,10.5,0.0,20.0,5.15,9.9
2007-03-08,10.2,11.7,8.4,8.2,10.3,88,5.4,5.4,0.0,15.0,3.79,8.1
2007-03-09,12.0,13.7,10.7,10.9,12.7,87,1.3,1.3,0.0,6.0,3.01,5.9
2007-03-10,14.4,16.3,12.5,14.0,16.0,89,1.3,1.3,0.0,6.0,3.11,7.5
2007-03-11,14.9,16.0,13.7,13.8,15.3,83,1.3,1.3,0.0,7.0,4.56,9.2
2007-03-12,16.1,18.9,13.6,16.0,19.1,86,0.1,0.1,0.0,1.0,3.96,8.8
2007-03-13,19.0,22.3,16.5,20.1,23.9,85,0.1,0.1,0.0,1.0,3.77,7.8
2007-03-14,21.9,25.5,19.3,22.6,25.3,83,0.4,0.4,0.0,2.0,7.24,14.0
2007-03-15,23.2,26.4,20.7,24.8,27.6,82,0.8,0.8,0.0,5.0,5.82,12.1
2007-03-16,23.7,26.4,21.7,26.4,28.6,85,3.6,3.6,0.0,13.0,5.0,9.7
2007-03-17,17.1,21.1,15.3,16.2,22.6,81,2.1,2.1,0.0,7.0,5.37,10.9
2007-03-18,15.2,16.4,13.9,14.0,15.6,80,0.6,0.6,0.0,3.0,3.92,7.9
2007-03-19,14.7,18.2,11.9,12.7,15.9,77,2.9,2.9,0.0,7.0,5.26,10.8
2007-03-20,15.5,19.8,12.4,13.2,17.9,58,0.0,0.0,0.0,0.0,4.56,10.4
2007-03-21,17.2,21.7,13.0,16.6,22.2,65,0.0,0.0,0.0,0.0,2.34,6.2
2007-03-22,20.0,25.2,14.4,20.9,26.4,74,0.0,0.0,0.0,0.0,2.79,6.9
2007-03-23,22.5,25.6,19.2,23.8,26.4,75,0.0,0.0,0.0,0.0,4.53,9.3
2007-03-24,22.7,25.4,21.0,26.0,29.0,88,12.1,12.1,0.0,15.0,3.22,8.4
2007-03-25,22.9,25.8,20.5,26.7,29.6,89,11.5,11.5,0.0,17.0,1.87,7.4
2007-03-26,24.2,26.2,22.0,27.3,30.0,90,5.0,5.0,0.0,20.0,5.28,12.3
2007-03-27,23.7,24.9,22.0,26.7,30.0,84,8.1,8.1,0.0,15.0,4.05,9.2
2007-03-28,22.1,24.1,20.9,24.7,27.5,81,4.2,4.2,0.0,14.0,2.56,7.8
2007-03-29,24.4,28.0,21.2,27.9,31.7,85,5.2,5.2,0.0,12.0,3.22,8.0
2007-03-30,25.7,29.4,23.1,29.1,32.4,83,0.4,0.4,0.0,3.0,5.21,10.4
2007-03-31,26.6,29.2,24.6,29.4,31.0,77,0.0,0.0,0.0,0.0,5.71,11.0
2007-04-01,26.7,28.8,25.0,29.7,30.9,77,0.0,0.0,0.0,0.0,6.1,11.6
2007-04-02,21.9,25.2,16.3,23.1,30.1,82,17.9,17.9,0.0,7.0,7.37,14.5
2007-04-03,14.7,16.3,12.4,11.8,13.2,67,0.5,0.5,0.0,4.0,5.85,12.1
2007-04-04,11.6,12.6,10.6,9.3,10.6,76,3.2,3.2,0.0,8.0,4.33,8.5
2007-04-05,12.4,13.7,11.4,11.6,13.8,89,1.1,1.1,0.0,8.0,2.6,5.5
2007-04-06,14.9,16.9,13.3,14.7,16.7,89,2.5,2.5,0.0,9.0,2.73,6.1
2007-04-07,16.9,20.3,14.7,17.3,22.1,82,0.3,0.3,0.0,3.0,2.73,5.5
2007-04-08,18.5,21.4,16.0,18.7,21.3,76,0.0,0.0,0.0,0.0,3.28,7.8
2007-04-09,19.7,24.1,15.9,20.3,24.5,73,0.0,0.0,0.0,0.0,2.62,6.5
2007-04-10,18.2,19.6,17.1,19.4,20.4,84,5.2,5.2,0.0,9.0,2.69,5.9
2007-04-11,20.3,25.4,15.3,21.2,26.0,74,0.0,0.0,0.0,0.0,2.91,6.9
2007-04-12,21.3,26.6,16.7,21.5,26.9,63,0.0,0.0,0.0,0.0,2.78,7.8
2007-04-13,22.6,28.4,16.5,24.2,31.1,68,0.0,0.0,0.0,0.0,2.91,5.5
2007-04-14,23.8,28.5,20.0,25.8,30.5,75,0.6,0.6,0.0,4.0,4.78,9.9
2007-04-15,25.6,31.0,20.8,29.1,35.4,75,0.2,0.2,0.0,1.0,2.47,7.6
2007-04-16,26.9,32.1,22.0,31.0,37.0,76,0.0,0.0,0.0,0.0,3.47,7.2
2007-04-17,25.1,29.1,17.8,27.6,31.5,80,31.7,31.7,0.0,13.0,7.57,13.9
2007-04-18,21.0,26.8,16.6,19.9,26.4,55,0.0,0.0,0.0,0.0,6.12,11.5
2007-04-19,21.7,27.9,15.6,22.0,29.5,65,0.0,0.0,0.0,0.0,4.61,8.7
2007-04-20,23.7,28.2,19.5,25.6,30.1,73,0.8,0.8,0.0,3.0,3.92,9.0
2007-04-21,24.4,26.4,22.5,28.1,29.9,88,9.5,9.5,0.0,14.0,4.52,11.2
2007-04-22,27.1,29.4,25.3,30.9,32.4,81,3.4,3.4,0.0,11.0,6.06,12.4
2007-04-23,25.1,26.5,22.9,29.6,30.6,88,16.7,16.7,0.0,17.0,3.35,10.8
2007-04-24,22.5,25.0,20.4,25.1,30.0,90,75.1,75.1,0.0,23.0,4.7,13.0
2007-04-25,20.3,20.9,19.7,20.7,22.6,75,2.6,2.6,0.0,3.0,4.53,8.6
2007-04-26,23.4,27.6,19.5,25.9,30.6,74,0.0,0.0,0.0,0.0,2.82,5.8
2007-04-27,25.3,29.3,20.9,28.2,32.7,70,0.0,0.0,0.0,0.0,2.21,5.1
2007-04-28,25.2,28.6,21.7,28.6,32.0,75,0.0,0.0,0.0,0.0,2.33,6.1
2007-04-29,24.1,26.0,22.6,27.5,28.8,81,3.1,3.1,0.0,7.0,2.55,6.5
2007-04-30,24.2,27.5,22.5,27.7,30.5,80,7.2,7.2,0.0,10.0,2.63,6.1
2007-05-01,25.4,31.8,19.2,28.2,35.3,67,0.0,0.0,0.0,0.0,1.94,4.5
2007-05-02,26.2,32.6,20.3,29.1,37.3,64,0.0,0.0,0.0,0.0,2.94,5.0
2007-05-03,26.0,31.2,20.1,28.7,34.9,68,0.3,0.3,0.0,1.0,3.54,7.1
2007-05-04,23.6,24.8,22.8,27.1,27.9,85,18.4,18.4,0.0,21.0,2.42,7.1
2007-05-05,24.7,28.4,22.6,28.6,32.5,85,11.4,11.4,0.0,15.0,2.65,7.6
2007-05-06,26.4,31.7,22.2,29.5,34.2,69,0.0,0.0,0.0,0.0,2.91,7.1
2007-05-07,26.9,34.2,20.9,28.8,35.8,57,0.0,0.0,0.0,0.0,3.74,6.3
2007-05-08,25.7,32.1,19.5,28.0,35.0,64,0.0,0.0,0.0,0.0,2.79,6.2
2007-05-09,26.3,31.8,21.3,28.8,34.8,68,0.0,0.0,0.0,0.0,3.22,7.2
2007-05-10,27.5,32.0,22.6,30.3,34.8,65,0.0,0.0,0.0,0.0,3.82,7.9
2007-05-11,28.1,32.0,25.3,29.9,33.7,60,0.1,0.1,0.0,1.0,4.79,9.9
2007-05-12,27.7,33.0,22.7,30.9,37.5,67,0.0,0.0,0.0,0.0,5.38,9.2
2007-05-13,26.8,30.4,23.2,28.8,34.2,59,0.0,0.0,0.0,0.0,4.12,8.7
2007-05-14,27.6,31.8,23.8,31.6,35.9,69,0.0,0.0,0.0,0.0,2.8,5.5
2007-05-15,28.4,33.0,24.2,32.4,37.7,72,0.0,0.0,0.0,0.0,3.93,8.6
2007-05-16,28.8,33.5,25.4,33.1,37.4,73,0.3,0.3,0.0,1.0,4.4,9.1
2007-05-17,27.8,32.3,22.9,31.1,37.2,63,0.0,0.0,0.0,0.0,2.02,5.4
2007-05-18,27.5,32.0,25.0,32.3,37.3,79,9.3,9.3,0.0,9.0,5.1,11.4
2007-05-19,23.8,25.0,22.5,27.5,30.1,87,28.6,28.6,0.0,24.0,2.83,6.8
2007-05-20,23.4,26.4,21.3,26.5,29.3,87,130.2,130.2,0.0,14.0,3.89,9.4
2007-05-21,24.0,25.7,22.6,27.8,29.9,91,13.4,13.4,0.0,16.0,3.8,8.9
2007-05-22,26.4,29.2,24.1,30.8,34.0,89,12.0,12.0,0.0,15.0,4.9,13.0
2007-05-23,29.9,33.8,26.1,34.7,39.6,77,0.3,0.3,0.0,2.0,5.47,12.8
2007-05-24,30.1,33.8,26.6,36.0,39.7,78,3.9,3.9,0.0,11.0,4.13,11.6
2007-05-25,28.7,33.0,25.8,34.8,40.6,82,16.1,16.1,0.0,16.0,3.04,9.4
2007-05-26,26.7,28.6,25.3,32.3,34.7,87,17.5,17.5,0.0,17.0,3.61,10.5
2007-05-27,26.5,28.6,24.8,31.9,33.7,88,34.2,34.2,0.0,21.0,3.83,8.0
2007-05-28,27.6,31.7,24.6,33.2,38.1,84,15.8,15.8,0.0,17.0,3.04,7.4
2007-05-29,29.1,33.2,25.6,35.6,41.3,81,0.6,0.6,0.0,3.0,2.65,6.7
2007-05-30,30.2,34.3,26.3,36.0,40.9,75,0.3,0.3,0.0,2.0,3.21,6.9
2007-05-31,29.6,32.7,26.9,35.6,39.3,79,3.0,3.0,0.0,12.0,3.4,7.8
2007-06-01,30.3,35.4,27.5,36.8,41.5,79,6.7,6.7,0.0,7.0,3.57,9.0
2007-06-02,28.8,32.3,26.5,35.3,39.2,83,17.6,17.6,0.0,17.0,2.69,8.5
2007-06-03,29.2,34.1,26.5,35.5,39.9,82,11.2,11.2,0.0,16.0,3.2,8.5
2007-06-04,29.2,34.3,26.3,35.4,41.6,81,6.4,6.4,0.0,12.0,3.05,7.7
2007-06-05,29.1,33.9,26.5,35.5,41.3,81,3.6,3.6,0.0,5.0,2.48,8.5
2007-06-06,28.8,33.3,26.4,35.3,40.0,83,8.5,8.5,0.0,13.0,2.3,8.1
2007-06-07,28.0,31.5,26.3,34.2,38.1,87,28.4,28.4,0.0,19.0,3.04,10.3
2007-06-08,25.9,26.9,24.7,31.7,33.3,92,62.7,62.7,0.0,19.0,2.91,8.0
2007-06-09,25.9,26.7,24.8,31.2,32.6,92,33.4,33.4,0.0,22.0,3.88,8.0
2007-06-10,26.7,29.0,24.4,32.2,34.3,89,54.8,54.8,0.0,19.0,3.57,11.0
2007-06-11,28.4,32.3,25.1,34.8,39.2,83,5.9,5.9,0.0,7.0,1.87,5.2
2007-06-12,27.7,31.0,26.0,34.0,38.5,87,15.9,15.9,0.0,18.0,2.86,6.9
2007-06-13,27.8,31.0,26.0,33.3,36.2,88,24.7,24.7,0.0,24.0,5.1,13.3
2007-06-14,26.2,27.9,24.2,31.4,33.7,90,27.3,27.3,0.0,17.0,3.04,8.2
2007-06-15,28.0,32.5,24.1,33.0,37.7,78,0.0,0.0,0.0,0.0,2.77,5.6
2007-06-16,27.9,32.1,25.0,33.6,38.9,84,5.7,5.7,0.0,8.0,3.1,7.8
2007-06-17,27.1,29.9,25.8,32.7,34.7,88,24.8,24.8,0.0,21.0,4.75,9.5
2007-06-18,28.6,33.6,25.3,34.2,40.1,81,2.2,2.2,0.0,9.0,3.29,8.9
2007-06-19,29.8,34.2,26.3,35.9,39.9,77,0.6,0.6,0.0,4.0,2.51,6.7
2007-06-20,30.4,34.5,26.6,36.6,40.8,75,0.5,0.5,0.0,3.0,2.4,5.7
2007-06-21,30.8,34.5,26.5,36.8,40.6,73,0.5,0.5,0.0,3.0,2.6,5.6
2007-06-22,31.1,34.7,27.7,37.5,42.3,73,0.2,0.2,0.0,1.0,2.79,5.6
2007-06-23,31.5,35.1,27.9,37.7,42.2,72,0.4,0.4,0.0,3.0,3.01,5.7
2007-06-24,31.8,35.6,28.2,38.0,42.1,71,0.7,0.7,0.0,5.0,3.0,6.4
2007-06-25,31.5,35.4,28.3,37.7,42.5,72,0.2,0.2,0.0,2.0,4.12,8.0
2007-06-26,30.7,34.7,28.0,36.8,41.5,77,8.4,8.4,0.0,14.0,5.04,10.8
2007-06-27,29.5,33.4,27.1,35.5,39.8,81,21.6,21.6,0.0,17.0,3.88,8.5
2007-06-28,27.8,31.0,26.1,33.5,37.5,86,19.0,19.0,0.0,22.0,4.1,8.3
2007-06-29,26.9,28.1,25.6,32.1,33.7,89,15.5,15.5,0.0,22.0,4.17,8.8
2007-06-30,26.7,28.9,25.3,31.4,33.5,89,16.5,16.5,0.0,21.0,5.15,11.0
2007-07-01,27.3,29.4,25.6,32.1,34.5,87,19.0,19.0,0.0,18.0,5.06,11.9
2007-07-02,28.3,32.1,25.8,33.8,37.8,84,10.7,10.7,0.0,19.0,4.11,10.4
2007-07-03,29.3,32.5,26.3,34.7,37.8,80,2.9,2.9,0.0,8.0,5.03,10.7
2007-07-04,29.4,32.1,26.9,34.5,37.2,80,12.0,12.0,0.0,7.0,5.08,10.8
2007-07-05,29.2,32.7,27.2,34.3,38.8,81,5.1,5.1,0.0,13.0,4.97,14.4
2007-07-06,29.4,32.4,27.0,35.3,38.7,82,4.3,4.3,0.0,15.0,4.12,9.6
2007-07-07,30.4,34.6,27.0,36.2,40.5,77,0.9,0.9,0.0,4.0,3.65,8.5
2007-07-08,30.6,34.2,27.3,36.4,39.6,74,1.3,1.3,0.0,11.0,3.9,8.1
2007-07-09,30.6,34.1,27.2,36.4,39.7,74,1.1,1.1,0.0,8.0,3.68,8.9
2007-07-10,30.9,34.7,26.9,36.7,40.5,71,0.0,0.0,0.0,0.0,2.83,7.4
2007-07-11,31.2,35.4,26.9,38.0,43.5,75,0.3,0.3,0.0,2.0,2.53,6.4
2007-07-12,31.6,35.5,27.7,38.3,42.6,73,0.0,0.0,0.0,0.0,2.41,6.2
2007-07-13,31.6,35.5,27.6,38.3,42.9,73,0.1,0.1,0.0,1.0,2.96,6.0
2007-07-14,31.7,36.5,27.9,38.6,44.0,75,0.6,0.6,0.0,2.0,3.41,6.8
2007-07-15,31.6,35.9,28.4,38.5,44.3,76,2.1,2.1,0.0,6.0,4.18,8.8
2007-07-16,31.5,35.1,28.5,37.6,41.1,75,2.0,2.0,0.0,6.0,4.91,10.5
2007-07-17,31.2,34.0,29.0,36.8,39.9,75,3.0,3.0,0.0,7.0,5.21,12.1
2007-07-18,31.0,33.6,28.4,36.0,38.9,74,0.8,0.8,0.0,5.0,5.7,13.5
2007-07-19,31.5,35.0,28.5,36.3,39.1,70,0.5,0.5,0.0,2.0,5.76,12.7
2007-07-20,30.5,34.1,28.2,36.4,41.0,75,5.3,5.3,0.0,2.0,4.0,9.3
2007-07-21,30.2,34.8,27.4,36.5,41.8,77,1.8,1.8,0.0,5.0,3.7,8.0
2007-07-22,30.8,35.3,26.6,37.0,42.3,73,0.0,0.0,0.0,0.0,2.72,7.5
2007-07-23,31.3,35.8,26.6,37.4,42.8,71,0.0,0.0,0.0,0.0,2.75,7.5
2007-07-24,31.1,35.1,26.9,37.2,42.4,72,0.1,0.1,0.0,1.0,3.64,7.7
2007-07-25,30.9,34.8,27.1,36.9,42.3,71,0.0,0.0,0.0,0.0,3.1,6.7
2007-07-26,30.4,34.6,26.0,36.1,41.0,71,0.0,0.0,0.0,0.0,2.91,6.5
2007-07-27,30.2,34.4,25.9,36.0,40.8,73,1.1,1.1,0.0,2.0,3.3,7.3
2007-07-28,30.4,35.1,26.9,36.6,42.4,76,1.2,1.2,0.0,4.0,5.1,10.5
2007-07-29,30.5,35.2,27.0,36.5,42.7,74,1.1,1.1,0.0,5.0,3.26,8.5
2007-07-30,30.5,34.2,27.2,36.3,40.4,72,0.6,0.6,0.0,3.0,2.79,5.9
2007-07-31,30.0,34.5,26.9,36.1,40.7,75,1.3,1.3,0.0,1.0,4.3,8.8
2007-08-01,30.1,34.1,26.3,35.9,40.4,73,0.5,0.5,0.0,1.0,3.52,8.6
2007-08-02,31.2,36.0,26.6,37.1,42.1,70,0.0,0.0,0.0,0.0,2.73,6.4
2007-08-03,31.6,36.3,27.4,37.3,42.1,69,0.0,0.0,0.0,0.0,3.83,8.5
2007-08-04,31.0,34.6,27.2,36.9,41.3,72,1.2,1.2,0.0,5.0,3.34,8.4
2007-08-05,30.4,34.6,26.8,35.8,40.8,74,3.0,3.0,0.0,7.0,4.97,9.3
2007-08-06,29.0,33.2,25.5,34.1,37.2,79,5.9,5.9,0.0,13.0,4.46,10.9
2007-08-07,30.0,34.0,27.0,35.4,39.4,75,0.3,0.3,0.0,2.0,3.51,8.8
2007-08-08,30.0,36.1,26.7,36.1,43.0,76,4.5,4.5,0.0,6.0,3.89,10.2
2007-08-09,28.8,31.9,26.6,34.1,36.8,82,12.5,12.5,0.0,15.0,5.16,12.6
2007-08-10,27.9,30.0,26.2,31.8,34.0,82,4.7,4.7,0.0,11.0,6.08,13.8
2007-08-11,26.9,28.2,25.4,31.9,34.2,88,11.9,11.9,0.0,15.0,4.79,8.7
2007-08-12,29.2,32.7,26.8,35.4,39.9,82,8.7,8.7,0.0,16.0,2.8,6.7
2007-08-13,28.1,32.2,25.9,34.3,37.9,86,18.6,18.6,0.0,16.0,3.8,8.6
2007-08-14,27.0,28.7,25.7,33.1,34.8,90,56.4,56.4,0.0,21.0,2.19,5.8
2007-08-15,28.9,33.0,25.4,33.6,37.2,74,0.0,0.0,0.0,0.0,4.03,9.5
2007-08-16,26.9,30.6,25.0,31.4,34.6,82,8.2,8.2,0.0,11.0,4.0,10.4
2007-08-17,28.4,32.9,25.8,33.4,38.3,81,7.9,7.9,0.0,10.0,4.6,11.1
2007-08-18,30.2,36.1,26.2,36.0,41.2,74,0.0,0.0,0.0,0.0,3.76,9.5
2007-08-19,30.9,36.2,26.7,36.2,41.8,69,0.0,0.0,0.0,0.0,3.51,7.8
2007-08-20,29.9,33.9,27.8,35.7,40.2,76,1.8,1.8,0.0,5.0,2.75,9.9
2007-08-21,27.7,30.3,26.1,33.4,36.3,87,21.1,21.1,0.0,19.0,3.06,9.5
2007-08-22,27.4,29.3,26.5,33.1,35.3,89,9.3,9.3,0.0,18.0,2.94,7.2
2007-08-23,28.2,30.5,26.6,33.7,35.2,83,9.0,9.0,0.0,18.0,4.12,9.5
2007-08-24,28.6,32.7,26.1,34.8,39.1,83,14.2,14.2,0.0,13.0,2.2,6.5
2007-08-25,28.3,33.4,25.7,34.6,40.5,84,6.5,6.5,0.0,11.0,2.1,5.6
2007-08-26,28.7,33.9,25.2,34.7,40.7,78,0.5,0.5,0.0,4.0,2.11,5.9
2007-08-27,27.6,31.6,26.4,33.1,38.0,85,11.6,11.6,0.0,15.0,3.98,9.2
2007-08-28,28.6,33.2,25.8,34.2,38.5,80,3.0,3.0,0.0,7.0,2.67,7.2
2007-08-29,29.2,33.5,26.0,35.1,40.5,78,2.2,2.2,0.0,8.0,2.73,7.1
2007-08-30,29.6,33.8,26.4,35.9,40.6,78,1.7,1.7,0.0,9.0,2.14,6.1
2007-08-31,29.9,34.0,26.1,35.8,40.0,76,0.5,0.5,0.0,3.0,2.28,6.1
2007-09-01,29.2,32.7,26.5,35.1,38.0,79,3.5,3.5,0.0,12.0,2.61,6.2
2007-09-02,28.0,31.3,26.3,34.2,38.7,83,21.8,21.8,0.0,23.0,2.34,6.6
2007-09-03,27.5,32.0,24.8,33.2,38.2,84,19.7,19.7,0.0,21.0,2.36,7.0
2007-09-04,26.7,28.8,25.4,31.7,33.4,85,11.4,11.4,0.0,15.0,3.1,6.3
2007-09-05,25.2,27.0,23.6,27.5,29.4,74,1.8,1.8,0.0,7.0,4.34,8.8
2007-09-06,26.3,30.5,22.7,29.4,34.0,71,0.0,0.0,0.0,0.0,3.01,6.9
2007-09-07,27.4,30.5,23.9,31.3,35.3,71,1.7,1.7,0.0,3.0,2.28,5.8
2007-09-08,28.1,31.7,25.0,33.0,36.3,77,0.7,0.7,0.0,5.0,2.41,6.4
2007-09-09,28.7,32.7,25.1,33.8,37.4,75,0.4,0.4,0.0,1.0,2.28,5.9
2007-09-10,28.7,32.3,25.8,34.0,37.8,75,0.2,0.2,0.0,1.0,2.6,6.4
2007-09-11,28.2,31.5,25.8,33.6,37.1,78,0.2,0.2,0.0,2.0,1.92,6.0
2007-09-12,28.5,32.0,25.8,34.1,37.7,78,2.3,2.3,0.0,8.0,2.01,6.5
2007-09-13,29.1,32.7,25.8,34.6,38.6,73,0.1,0.1,0.0,1.0,1.57,4.6
2007-09-14,29.5,33.9,25.8,34.9,40.3,73,0.6,0.6,0.0,2.0,2.16,5.4
2007-09-15,29.7,33.5,26.6,34.9,39.5,72,1.5,1.5,0.0,3.0,3.32,7.3
2007-09-16,29.0,32.5,26.2,33.6,38.1,71,0.0,0.0,0.0,0.0,3.16,7.0
2007-09-17,28.9,33.5,25.2,32.8,37.0,68,0.0,0.0,0.0,0.0,3.62,7.8
2007-09-18,28.6,32.0,24.9,29.3,33.0,50,0.0,0.0,0.0,0.0,5.94,11.9
2007-09-19,28.0,31.6,24.7,27.9,31.6,46,0.0,0.0,0.0,0.0,5.15,10.6
2007-09-20,27.4,30.3,24.8,26.8,29.7,45,0.0,0.0,0.0,0.0,5.22,10.6
2007-09-21,27.9,31.4,24.8,28.9,33.2,54,0.0,0.0,0.0,0.0,5.0,10.1
2007-09-22,28.7,32.5,25.3,30.1,34.5,57,0.0,0.0,0.0,0.0,5.7,11.7
2007-09-23,26.0,27.7,24.1,27.6,28.9,72,12.5,12.5,0.0,17.0,5.25,11.1
2007-09-24,25.7,28.5,24.1,29.2,32.0,85,16.4,16.4,0.0,19.0,5.33,14.7
2007-09-25,27.1,30.7,25.0,31.7,34.8,82,13.8,13.8,0.0,16.0,4.05,9.2
2007-09-26,28.2,32.3,24.9,33.3,37.0,77,0.4,0.4,0.0,3.0,2.71,6.7
2007-09-27,28.7,33.0,24.6,34.1,38.8,74,0.0,0.0,0.0,0.0,1.68,4.7
2007-09-28,28.7,33.4,25.0,34.3,39.0,77,0.5,0.5,0.0,4.0,1.53,5.5
2007-09-29,29.5,33.9,25.5,34.8,38.5,74,0.2,0.2,0.0,1.0,3.18,7.8
2007-09-30,29.5,33.5,26.5,33.2,37.2,67,0.0,0.0,0.0,0.0,5.01,10.9
2007-10-01,29.5,32.7,26.7,32.4,35.2,64,0.0,0.0,0.0,0.0,5.37,10.9
2007-10-02,28.5,30.2,26.9,31.7,33.4,71,9.4,9.4,0.0,17.0,6.1,13.6
2007-10-03,27.1,29.3,25.7,31.9,34.6,82,9.5,9.5,0.0,21.0,3.69,13.2
2007-10-04,28.5,32.7,24.2,33.7,37.9,76,0.0,0.0,0.0,0.0,2.25,5.9
2007-10-05,28.7,34.1,24.6,33.3,38.4,72,0.0,0.0,0.0,0.0,2.89,7.2
2007-10-06,29.3,34.6,24.3,33.3,38.5,67,0.0,0.0,0.0,0.0,3.28,7.4
2007-10-07,29.7,34.5,25.8,33.3,38.1,62,0.0,0.0,0.0,0.0,3.24,7.6
2007-10-08,28.7,31.1,26.1,31.0,34.3,61,0.0,0.0,0.0,0.0,4.54,9.6
2007-10-09,25.6,28.6,23.4,26.1,29.6,56,0.0,0.0,0.0,0.0,5.15,10.8
2007-10-10,25.3,28.9,21.6,25.9,30.5,54,0.0,0.0,0.0,0.0,3.94,8.8
2007-10-11,26.6,29.9,23.4,28.6,32.6,60,0.0,0.0,0.0,0.0,3.26,7.1
2007-10-12,26.9,30.4,24.3,30.3,33.7,69,0.2,0.2,0.0,1.0,3.68,8.1
2007-10-13,27.1,29.9,25.0,28.9,30.7,61,0.0,0.0,0.0,0.0,5.01,9.4
2007-10-14,26.1,29.1,24.1,26.0,29.5,55,0.0,0.0,0.0,0.0,5.54,11.2
2007-10-15,24.3,27.2,22.4,23.6,26.9,56,0.0,0.0,0.0,0.0,5.25,10.9
2007-10-16,23.8,27.4,21.0,23.1,27.5,56,0.0,0.0,0.0,0.0,5.31,10.8
2007-10-17,23.3,27.5,20.2,22.6,27.6,50,0.0,0.0,0.0,0.0,4.25,9.1
2007-10-18,23.4,28.4,19.1,23.0,29.2,49,0.0,0.0,0.0,0.0,3.28,7.8
2007-10-19,23.9,28.5,19.9,22.7,27.5,46,0.0,0.0,0.0,0.0,4.75,10.5
2007-10-20,23.4,28.8,18.6,22.4,28.2,44,0.0,0.0,0.0,0.0,3.76,8.4
2007-10-21,23.1,28.8,18.2,24.7,31.2,68,0.0,0.0,0.0,0.0,2.11,5.2
2007-10-22,23.2,29.3,18.0,25.3,32.0,72,0.0,0.0,0.0,0.0,2.06,4.8
2007-10-23,24.4,31.0,19.2,26.6,32.8,70,0.0,0.0,0.0,0.0,2.34,6.2
2007-10-24,24.7,31.2,20.0,27.1,33.4,71,0.0,0.0,0.0,0.0,2.47,6.4
2007-10-25,26.1,33.1,20.7,28.0,34.0,65,0.0,0.0,0.0,0.0,3.42,7.9
2007-10-26,26.2,32.0,22.0,27.6,33.8,58,0.0,0.0,0.0,0.0,2.95,7.9
2007-10-27,25.4,30.5,21.9,28.6,34.0,73,0.0,0.0,0.0,0.0,2.3,5.3
2007-10-28,25.2,30.5,20.9,28.9,34.8,76,0.0,0.0,0.0,0.0,2.31,4.8
2007-10-29,25.3,29.2,22.2,26.7,30.2,63,0.0,0.0,0.0,0.0,4.3,9.3
2007-10-30,23.3,26.5,20.3,22.7,26.8,57,0.0,0.0,0.0,0.0,5.41,10.8
2007-10-31,20.5,22.7,19.1,21.0,22.7,79,47.2,47.2,0.0,21.0,4.46,9.2
2007-11-01,19.3,20.3,17.3,18.6,20.9,79,13.6,13.6,0.0,16.0,5.76,11.7
2007-11-02,18.8,21.3,16.7,16.5,18.8,57,0.1,0.1,0.0,1.0,5.39,11.3
2007-11-03,20.1,23.9,16.9,18.3,22.2,50,0.0,0.0,0.0,0.0,4.52,9.4
2007-11-04,20.8,25.1,16.8,19.0,23.6,47,0.0,0.0,0.0,0.0,4.08,9.0
2007-11-05,21.4,26.1,17.5,19.2,23.9,44,0.0,0.0,0.0,0.0,4.59,10.5
2007-11-06,22.9,27.7,18.8,20.7,25.9,44,0.0,0.0,0.0,0.0,5.38,11.6
2007-11-07,23.1,26.5,19.5,20.7,24.4,39,0.0,0.0,0.0,0.0,5.53,12.3
2007-11-08,22.3,24.9,19.3,21.1,23.8,49,0.0,0.0,0.0,0.0,3.9,9.4
2007-11-09,23.2,28.0,20.2,21.7,26.5,44,0.0,0.0,0.0,0.0,4.75,10.3
2007-11-10,21.6,27.9,16.9,20.5,26.9,50,0.0,0.0,0.0,0.0,3.44,8.1
2007-11-11,20.5,26.4,16.4,20.0,26.3,57,0.0,0.0,0.0,0.0,2.86,7.6
2007-11-12,19.6,26.0,14.5,20.0,26.6,69,0.0,0.0,0.0,0.0,2.13,6.0
2007-11-13,20.2,26.4,15.4,21.2,27.8,75,0.0,0.0,0.0,0.0,2.48,5.1
2007-11-14,21.2,27.7,16.9,22.9,29.6,76,0.0,0.0,0.0,0.0,2.19,5.4
2007-11-15,21.6,28.5,16.5,23.6,31.1,79,0.0,0.0,0.0,0.0,2.72,6.0
2007-11-16,22.6,29.4,16.9,24.6,31.5,74,0.0,0.0,0.0,0.0,1.9,5.1
2007-11-17,22.7,27.1,18.0,24.3,29.6,71,0.0,0.0,0.0,0.0,3.55,7.2
2007-11-18,20.7,23.1,18.2,19.2,21.5,60,0.1,0.1,0.0,1.0,5.58,11.6
2007-11-19,19.1,22.4,17.1,17.4,21.1,59,0.0,0.0,0.0,0.0,4.55,8.9
2007-11-20,19.1,23.7,15.2,16.6,21.1,48,0.0,0.0,0.0,0.0,4.56,10.3
2007-11-21,19.6,25.4,14.7,17.7,24.1,47,0.0,0.0,0.0,0.0,3.41,8.4
2007-11-22,19.9,25.5,15.5,18.3,23.8,52,0.0,0.0,0.0,0.0,4.07,9.3
2007-11-23,19.8,24.9,15.9,18.0,23.2,51,0.0,0.0,0.0,0.0,4.25,9.5
2007-11-24,20.5,25.9,16.8,19.0,24.4,52,0.0,0.0,0.0,0.0,4.48,9.3
2007-11-25,20.5,24.9,17.5,19.8,23.7,56,1.2,1.2,0.0,4.0,3.13,7.1
2007-11-26,21.1,22.7,19.3,18.3,20.1,49,0.0,0.0,0.0,0.0,7.37,14.3
2007-11-27,18.7,21.9,15.1,14.2,17.4,36,0.0,0.0,0.0,0.0,6.93,14.6
2007-11-28,15.1,20.1,11.5,10.8,15.5,28,0.0,0.0,0.0,0.0,4.9,11.0
2007-11-29,14.3,21.7,8.2,10.9,17.8,37,0.0,0.0,0.0,0.0,3.44,8.9
2007-11-30,14.4,22.3,7.8,11.9,20.5,46,0.0,0.0,0.0,0.0,2.42,6.1
2007-12-01,15.7,23.3,8.6,14.8,22.7,68,0.0,0.0,0.0,0.0,2.06,6.3
2007-12-02,20.2,25.6,16.1,20.0,26.1,62,0.0,0.0,0.0,0.0,4.73,9.1
2007-12-03,18.3,22.3,15.5,15.8,19.9,48,0.0,0.0,0.0,0.0,4.75,10.1
2007-12-04,17.1,22.7,12.2,14.0,19.6,41,0.0,0.0,0.0,0.0,3.9,8.4
2007-12-05,17.0,21.4,14.0,14.6,19.3,50,0.0,0.0,0.0,0.0,3.92,8.7
2007-12-06,17.9,22.2,14.6,16.0,20.3,52,0.0,0.0,0.0,0.0,3.61,8.8
2007-12-07,17.0,21.4,13.8,14.4,18.9,53,0.0,0.0,0.0,0.0,4.62,10.1
2007-12-08,15.5,21.9,10.7,13.7,20.8,57,0.0,0.0,0.0,0.0,2.86,6.7
2007-12-09,17.6,23.1,12.5,17.7,23.3,75,0.0,0.0,0.0,0.0,1.8,5.5
2007-12-10,19.9,24.9,16.9,20.7,25.6,72,0.0,0.0,0.0,0.0,2.18,5.2
2007-12-11,20.4,27.0,14.5,21.2,28.2,75,0.0,0.0,0.0,0.0,3.18,7.1
2007-12-12,21.8,26.1,19.2,23.8,28.1,77,0.5,0.5,0.0,3.0,2.2,4.2
2007-12-13,19.8,22.9,16.8,18.3,21.5,61,0.0,0.0,0.0,0.0,5.39,11.1
2007-12-14,18.0,22.3,14.6,16.9,22.2,59,0.0,0.0,0.0,0.0,3.53,7.2
2007-12-15,19.1,24.6,13.9,19.3,24.9,68,0.0,0.0,0.0,0.0,1.86,6.1
2007-12-16,19.1,25.0,14.3,19.5,25.3,75,0.0,0.0,0.0,0.0,2.52,6.4
2007-12-17,21.1,24.4,18.5,22.2,25.5,71,0.0,0.0,0.0,0.0,2.01,5.4
2007-12-18,19.9,22.8,17.7,19.0,22.5,62,0.0,0.0,0.0,0.0,4.11,8.2
2007-12-19,17.3,18.4,16.0,16.0,17.6,65,0.0,0.0,0.0,0.0,3.95,7.6
2007-12-20,18.3,21.0,15.7,18.1,21.3,70,0.0,0.0,0.0,0.0,3.38,8.6
2007-12-21,21.4,26.4,17.8,22.4,27.3,72,0.0,0.0,0.0,0.0,3.16,8.2
2007-12-22,19.2,20.6,17.3,19.8,23.1,83,1.3,1.3,0.0,7.0,4.14,8.3
2007-12-23,14.9,17.1,13.7,13.8,16.1,89,19.2,19.2,0.0,23.0,4.37,9.3
2007-12-24,15.5,18.5,13.5,14.1,16.5,76,6.6,6.6,0.0,8.0,4.21,8.6
2007-12-25,15.8,18.9,13.4,13.8,17.2,65,0.0,0.0,0.0,0.0,4.03,9.0
2007-12-26,16.8,21.8,12.4,15.4,21.2,63,0.0,0.0,0.0,0.0,3.81,8.3
2007-12-27,18.2,22.4,14.8,17.9,22.9,66,0.0,0.0,0.0,0.0,2.21,5.8
2007-12-28,18.7,23.4,16.0,17.9,22.7,66,0.0,0.0,0.0,0.0,5.41,11.3
2007-12-29,16.1,18.3,14.4,13.4,15.6,62,0.0,0.0,0.0,0.0,5.23,11.4
2007-12-30,14.5,17.1,12.3,10.4,12.3,44,0.0,0.0,0.0,0.0,6.13,13.3
2007-12-31,13.0,16.2,10.6,8.0,11.0,31,0.0,0.0,0.0,0.0,5.59,11.9
2008-01-01,12.5,16.2,9.7,7.2,10.7,24,0.0,0.0,0.0,0.0,5.57,12.0
2008-01-02,11.4,16.7,7.4,6.8,12.0,30,0.0,0.0,0.0,0.0,4.48,10.3
2008-01-03,11.8,18.7,6.0,8.2,15.5,41,0.0,0.0,0.0,0.0,2.82,7.2
2008-01-04,12.9,20.3,6.5,10.4,18.9,51,0.0,0.0,0.0,0.0,2.64,6.2
2008-01-05,14.2,21.8,8.9,11.7,19.7,51,0.0,0.0,0.0,0.0,3.24,8.0
2008-01-06,15.1,22.6,8.5,14.2,22.5,69,0.0,0.0,0.0,0.0,2.25,5.7
2008-01-07,17.7,25.6,10.8,17.5,26.2,69,0.0,0.0,0.0,0.0,1.94,5.7
2008-01-08,19.2,23.3,15.7,20.1,24.9,75,0.0,0.0,0.0,0.0,1.88,3.8
2008-01-09,20.5,25.6,16.6,21.9,26.8,79,0.6,0.6,0.0,4.0,3.14,6.0
2008-01-10,21.6,25.4,18.7,23.0,26.0,81,2.7,2.7,0.0,10.0,5.17,9.8
2008-01-11,23.4,27.7,20.9,24.6,27.8,77,2.3,2.3,0.0,11.0,5.84,11.2
2008-01-12,22.2,26.2,17.9,23.4,27.1,71,0.0,0.0,0.0,0.0,5.64,10.8
2008-01-13,15.5,17.7,11.8,12.1,15.4,62,0.6,0.6,0.0,4.0,6.04,11.8
2008-01-14,12.7,17.0,9.4,8.8,13.6,55,0.0,0.0,0.0,0.0,6.02,11.7
2008-01-15,12.2,15.7,8.8,8.2,11.9,57,0.0,0.0,0.0,0.0,5.92,11.9
2008-01-16,11.1,14.2,8.7,6.4,9.6,53,0.0,0.0,0.0,0.0,6.08,12.2
2008-01-17,9.1,10.4,7.5,5.1,6.8,62,0.3,0.3,0.0,2.0,5.0,10.7
2008-01-18,11.5,14.5,8.7,8.8,12.3,64,0.0,0.0,0.0,0.0,3.57,7.5
2008-01-19,15.2,19.2,12.1,14.1,18.6,67,0.0,0.0,0.0,0.0,2.86,5.8
2008-01-20,16.8,21.5,12.5,15.9,21.8,72,0.0,0.0,0.0,0.0,4.7,9.9
2008-01-21,12.9,17.2,10.7,9.8,14.9,64,0.0,0.0,0.0,0.0,5.23,10.3
2008-01-22,12.9,17.7,10.0,9.7,14.9,60,0.0,0.0,0.0,0.0,4.6,9.7
2008-01-23,13.2,17.4,9.6,9.5,14.0,55,0.0,0.0,0.0,0.0,5.7,10.8
2008-01-24,11.5,13.9,9.6,7.3,9.5,56,0.0,0.0,0.0,0.0,5.94,11.6
2008-01-25,8.2,10.7,7.3,5.5,7.4,90,23.9,23.9,0.0,23.0,3.98,9.1
2008-01-26,7.8,8.4,6.7,4.5,6.0,90,7.1,7.1,0.0,19.0,5.36,10.9
2008-01-27,6.4,7.0,5.7,2.8,3.8,85,0.6,0.6,0.0,4.0,4.96,10.0
2008-01-28,7.1,8.3,6.0,4.6,5.8,87,0.0,0.0,0.0,0.0,3.21,6.7
2008-01-29,7.5,8.4,6.8,4.6,5.3,90,8.7,8.7,0.0,16.0,4.71,9.8
2008-01-30,6.5,6.9,6.0,3.3,4.1,92,23.2,23.2,0.0,24.0,5.44,10.0
2008-01-31,6.1,7.2,5.1,2.3,3.2,85,8.7,8.7,0.0,14.0,5.15,10.4
2008-02-01,5.8,6.4,5.1,2.3,3.1,88,2.3,2.3,0.0,12.0,4.57,9.6
2008-02-02,6.3,6.9,5.5,2.7,3.5,89,19.7,19.7,0.0,18.0,5.32,10.9
2008-02-03,8.0,12.6,4.3,4.3,9.5,64,0.0,0.0,0.0,0.0,4.83,10.4
2008-02-04,7.7,8.4,6.1,4.9,6.7,72,1.6,1.6,0.0,8.0,3.23,6.1
2008-02-05,8.7,10.1,7.7,6.1,7.3,86,4.4,4.4,0.0,15.0,4.73,9.6
2008-02-06,9.3,11.9,7.6,5.3,8.8,62,0.0,0.0,0.0,0.0,5.19,12.1
2008-02-07,8.7,11.6,5.8,5.1,8.9,59,0.0,0.0,0.0,0.0,4.09,9.9
2008-02-08,10.1,12.5,7.2,6.1,8.4,53,0.0,0.0,0.0,0.0,4.97,11.3
2008-02-09,10.2,13.7,7.4,5.8,9.3,42,0.0,0.0,0.0,0.0,5.22,11.7
2008-02-10,9.9,11.2,8.6,5.7,7.0,43,0.0,0.0,0.0,0.0,3.77,8.3
2008-02-11,7.9,9.5,7.0,3.7,5.9,60,0.0,0.0,0.0,0.0,4.82,9.7
2008-02-12,9.8,13.5,6.6,4.8,8.7,36,0.0,0.0,0.0,0.0,5.57,12.5
2008-02-13,10.6,12.8,8.6,6.3,9.2,37,0.0,0.0,0.0,0.0,4.35,9.9
2008-02-14,11.4,13.1,10.0,7.5,9.5,42,0.0,0.0,0.0,0.0,3.83,9.0
2008-02-15,11.8,17.7,7.7,8.5,15.0,42,0.0,0.0,0.0,0.0,3.72,9.5
2008-02-16,10.4,14.0,6.5,7.9,11.7,63,0.0,0.0,0.0,0.0,2.72,6.4
2008-02-17,12.6,14.9,11.4,10.6,12.2,66,0.2,0.2,0.0,1.0,3.67,7.8
2008-02-18,14.5,18.8,11.5,12.3,16.6,67,0.0,0.0,0.0,0.0,4.9,10.2
2008-02-19,14.7,18.9,11.4,12.4,17.1,64,0.0,0.0,0.0,0.0,4.36,10.0
2008-02-20,15.3,21.0,10.9,13.6,20.2,63,0.0,0.0,0.0,0.0,3.65,8.3
2008-02-21,16.5,23.4,10.1,15.8,23.7,65,0.0,0.0,0.0,0.0,2.34,5.7
2008-02-22,18.5,25.0,13.3,18.7,25.4,71,1.0,1.0,0.0,3.0,3.01,4.7
2008-02-23,20.1,25.3,16.9,20.9,26.9,74,0.6,0.6,0.0,3.0,3.47,7.5
2008-02-24,17.7,19.5,16.0,18.0,19.2,81,4.9,4.9,0.0,12.0,3.61,8.0
2008-02-25,17.0,19.3,15.2,17.5,19.5,81,3.9,3.9,0.0,15.0,2.62,8.4
2008-02-26,13.3,16.9,10.9,10.2,17.1,74,1.0,1.0,0.0,4.0,7.27,14.4
2008-02-27,13.3,17.7,10.0,9.2,13.9,44,0.0,0.0,0.0,0.0,6.02,12.4
2008-02-28,14.4,19.2,9.6,11.8,17.7,46,0.0,0.0,0.0,0.0,3.01,8.2
2008-02-29,13.7,15.2,10.4,11.6,13.0,60,0.4,0.4,0.0,2.0,3.13,6.8
2008-03-01,14.9,22.6,7.6,13.0,21.9,57,0.0,0.0,0.0,0.0,2.97,7.8
2008-03-02,16.7,25.4,8.9,14.9,24.1,54,0.0,0.0,0.0,0.0,3.11,7.9
2008-03-03,18.7,27.4,11.2,16.0,25.0,38,0.0,0.0,0.0,0.0,3.61,9.5
2008-03-04,18.4,25.3,11.9,15.9,23.4,40,0.0,0.0,0.0,0.0,3.08,7.9
2008-03-05,17.5,25.2,10.9,15.8,23.4,55,0.0,0.0,0.0,0.0,3.22,7.5
2008-03-06,18.6,25.6,11.7,17.8,25.0,62,0.0,0.0,0.0,0.0,3.1,6.6
2008-03-07,19.9,25.7,14.0,20.2,26.1,67,0.1,0.1,0.0,1.0,2.72,4.6
2008-03-08,18.9,21.9,16.6,18.4,21.4,66,0.0,0.0,0.0,0.0,3.41,8.0
2008-03-09,20.0,25.3,14.9,20.2,26.9,62,0.0,0.0,0.0,0.0,2.3,6.2
2008-03-10,21.1,25.6,16.7,22.3,28.1,71,0.0,0.0,0.0,0.0,2.44,5.1
2008-03-11,21.3,25.8,16.9,22.9,28.9,71,0.0,0.0,0.0,0.0,2.33,5.2
2008-03-12,22.0,28.4,16.6,22.6,29.2,67,0.0,0.0,0.0,0.0,3.93,8.8
2008-03-13,21.4,23.6,19.0,23.1,25.3,78,0.3,0.3,0.0,1.0,2.66,5.4
2008-03-14,21.6,24.1,19.7,22.3,25.0,69,0.0,0.0,0.0,0.0,3.45,6.8
2008-03-15,22.0,25.4,18.5,22.4,26.1,64,0.0,0.0,0.0,0.0,3.11,7.8
2008-03-16,21.9,25.7,17.6,23.0,26.8,73,0.3,0.3,0.0,3.0,3.21,7.4
2008-03-17,22.5,25.4,20.2,24.5,26.9,80,0.5,0.5,0.0,4.0,3.54,9.1
2008-03-18,22.1,24.7,21.0,25.0,27.4,88,8.6,8.6,0.0,19.0,3.14,9.2
2008-03-19,23.3,27.6,20.1,25.6,29.4,77,3.9,3.9,0.0,10.0,3.08,7.7
2008-03-20,22.2,24.4,20.5,22.7,24.3,72,0.9,0.9,0.0,3.0,5.22,10.4
2008-03-21,21.8,24.1,19.7,22.4,24.6,75,0.4,0.4,0.0,2.0,5.24,11.2
2008-03-22,20.0,22.6,17.1,21.4,25.1,87,16.2,16.2,0.0,18.0,5.14,9.8
2008-03-23,20.1,24.4,17.3,18.8,22.7,57,0.1,0.1,0.0,1.0,4.71,11.0
2008-03-24,20.7,27.3,15.4,19.7,27.0,49,0.0,0.0,0.0,0.0,3.32,6.5
2008-03-25,18.4,20.3,17.2,18.8,19.9,76,0.0,0.0,0.0,0.0,3.67,7.6
2008-03-26,18.3,22.1,15.8,18.9,22.2,76,0.7,0.7,0.0,5.0,2.32,4.5
2008-03-27,20.0,26.0,13.4,20.5,26.9,73,1.6,1.6,0.0,3.0,3.61,8.0
2008-03-28,22.3,24.9,20.2,23.7,25.5,86,14.3,14.3,0.0,23.0,6.82,13.2
2008-03-29,24.7,27.7,22.3,27.0,29.9,80,2.2,2.2,0.0,6.0,5.1,11.5
2008-03-30,21.7,24.2,17.5,23.2,28.7,82,7.1,7.1,0.0,13.0,4.37,9.7
2008-03-31,16.5,17.4,15.5,16.3,17.4,89,8.4,8.4,0.0,20.0,3.74,10.4
2008-04-01,15.7,16.7,14.8,15.5,16.7,90,6.8,6.8,0.0,16.0,3.5,8.8
2008-04-02,16.1,16.8,15.3,16.0,17.0,90,5.2,5.2,0.0,16.0,3.72,7.6
2008-04-03,15.9,17.5,14.0,16.4,18.8,90,1.0,1.0,0.0,7.0,2.28,4.9
2008-04-04,20.9,24.8,17.4,22.4,25.8,86,2.1,2.1,0.0,12.0,5.6,10.7
2008-04-05,23.9,28.2,20.8,26.3,29.8,80,0.3,0.3,0.0,3.0,4.63,9.5
2008-04-06,25.4,30.6,21.2,28.6,34.1,76,0.0,0.0,0.0,0.0,3.51,7.0
2008-04-07,26.3,30.9,21.4,29.4,33.1,76,0.0,0.0,0.0,0.0,4.68,9.1
2008-04-08,28.3,32.1,25.6,30.7,33.8,70,0.0,0.0,0.0,0.0,7.12,14.2
2008-04-09,27.4,31.3,24.2,31.5,34.7,78,2.3,2.3,0.0,7.0,4.0,8.9
2008-04-10,26.9,29.9,24.5,31.5,34.3,82,4.0,4.0,0.0,13.0,3.91,8.8
2008-04-11,26.5,28.9,24.7,29.4,30.6,78,4.8,4.8,0.0,19.0,6.24,13.9
2008-04-12,24.7,26.6,23.3,27.7,29.4,84,4.6,4.6,0.0,15.0,5.63,10.7
2008-04-13,24.2,26.6,22.7,27.7,30.1,83,3.1,3.1,0.0,15.0,2.21,7.6
2008-04-14,24.9,28.4,21.9,28.0,31.0,76,2.2,2.2,0.0,10.0,3.26,6.8
2008-04-15,25.2,28.8,21.2,28.0,31.1,74,0.0,0.0,0.0,0.0,3.27,7.1
2008-04-16,26.1,30.4,21.1,29.6,34.1,74,0.2,0.2,0.0,1.0,2.62,6.0
2008-04-17,27.2,31.1,23.1,30.3,34.7,68,0.0,0.0,0.0,0.0,3.35,8.0
2008-04-18,26.6,29.6,24.2,28.9,31.3,70,0.4,0.4,0.0,3.0,5.17,11.4
2008-04-19,24.1,25.6,22.5,25.4,27.4,82,81.5,81.5,0.0,20.0,9.44,20.8
2008-04-20,26.0,29.0,23.5,30.1,33.9,84,11.5,11.5,0.0,11.0,5.31,12.7
2008-04-21,26.3,29.1,24.4,30.9,33.6,83,18.0,18.0,0.0,18.0,2.55,7.6
2008-04-22,24.1,25.5,22.3,26.4,28.9,80,7.9,7.9,0.0,12.0,4.84,9.8
2008-04-23,21.0,22.4,20.0,20.1,22.2,66,0.0,0.0,0.0,0.0,5.04,11.0
2008-04-24,21.6,25.3,19.0,21.4,26.1,61,0.0,0.0,0.0,0.0,3.93,8.0
2008-04-25,21.0,22.9,19.5,22.9,24.8,77,1.3,1.3,0.0,5.0,2.48,6.3
2008-04-26,23.2,27.9,19.4,25.0,31.0,68,0.0,0.0,0.0,0.0,2.4,4.9
2008-04-27,22.1,24.1,19.9,24.4,26.2,82,28.2,28.2,0.0,16.0,4.4,7.5
2008-04-28,22.0,25.6,18.5,23.7,28.5,76,21.5,21.5,0.0,4.0,3.14,7.7
2008-04-29,23.4,27.3,19.6,25.9,29.1,76,0.1,0.1,0.0,1.0,2.37,4.7
2008-04-30,23.9,27.3,20.4,26.8,30.2,80,0.0,0.0,0.0,0.0,2.62,5.6
2008-05-01,25.5,29.0,22.8,29.8,33.4,83,7.0,7.0,0.0,3.0,3.11,7.5
2008-05-02,24.9,26.7,23.4,28.7,30.2,85,2.3,2.3,0.0,6.0,3.13,7.3
2008-05-03,26.0,29.2,23.2,29.9,33.3,84,4.1,4.1,0.0,8.0,4.62,10.7
2008-05-04,27.5,30.8,24.9,32.9,37.9,83,4.9,4.9,0.0,14.0,3.09,6.5
2008-05-05,25.5,26.7,23.3,29.3,31.7,82,6.0,6.0,0.0,9.0,4.34,9.0
2008-05-06,23.3,25.7,21.2,26.4,29.1,84,14.0,14.0,0.0,12.0,2.83,6.6
2008-05-07,26.1,29.6,22.6,29.6,34.0,81,1.4,1.4,0.0,6.0,4.14,10.0
2008-05-08,28.3,32.7,25.0,33.5,39.4,80,1.0,1.0,0.0,7.0,2.91,7.7
2008-05-09,28.0,33.7,23.7,32.6,39.9,77,4.5,4.5,0.0,7.0,5.56,9.3
2008-05-10,24.4,27.3,22.8,24.7,28.2,65,0.0,0.0,0.0,0.0,6.04,12.2
2008-05-11,23.1,25.5,21.4,24.3,27.3,65,0.7,0.7,0.0,2.0,2.73,6.2
2008-05-12,25.5,31.7,20.2,28.1,33.2,67,0.0,0.0,0.0,0.0,2.92,6.5
2008-05-13,26.5,32.1,20.3,28.8,34.7,63,0.0,0.0,0.0,0.0,3.75,8.1
2008-05-14,26.2,31.2,22.2,28.1,33.4,57,0.0,0.0,0.0,0.0,2.56,6.7
2008-05-15,25.8,30.9,21.3,28.9,35.4,67,0.0,0.0,0.0,0.0,2.37,5.4
2008-05-16,26.9,31.1,22.5,30.4,36.5,68,0.0,0.0,0.0,0.0,3.55,7.2
2008-05-17,26.3,29.1,24.1,29.5,33.2,71,0.0,0.0,0.0,0.0,3.57,7.4
2008-05-18,25.0,27.0,23.3,28.4,31.1,77,7.0,7.0,0.0,16.0,2.82,6.0
2008-05-19,22.9,24.7,21.8,26.1,27.7,87,31.2,31.2,0.0,20.0,3.68,7.9
2008-05-20,22.9,24.0,21.5,25.7,26.8,84,3.8,3.8,0.0,11.0,3.51,6.9
2008-05-21,23.8,26.3,21.5,26.9,30.2,79,0.4,0.4,0.0,2.0,2.21,5.0
2008-05-22,25.5,28.5,23.4,29.9,33.0,87,19.7,19.7,0.0,17.0,3.09,7.0
2008-05-23,27.3,30.6,24.5,32.4,35.8,83,13.5,13.5,0.0,13.0,3.63,8.3
2008-05-24,27.9,31.5,25.7,33.4,37.4,83,6.1,6.1,0.0,15.0,3.16,8.6
2008-05-25,27.4,30.2,25.7,33.0,36.2,85,10.6,10.6,0.0,13.0,3.79,7.5
2008-05-26,27.2,30.9,25.6,32.7,35.7,88,12.8,12.8,0.0,16.0,3.5,8.5
2008-05-27,28.5,32.5,26.0,33.6,37.4,82,10.9,10.9,0.0,17.0,4.5,11.4
2008-05-28,28.1,30.5,25.4,33.5,36.3,84,22.7,22.7,0.0,16.0,4.68,13.9
2008-05-29,26.9,30.5,24.9,32.6,36.5,87,18.5,18.5,0.0,16.0,4.38,10.1
2008-05-30,26.5,28.8,25.2,32.2,34.7,88,16.1,16.1,0.0,19.0,1.55,5.6
2008-05-31,25.6,27.0,24.4,30.5,31.9,87,8.1,8.1,0.0,12.0,2.47,7.4
2008-06-01,25.8,28.7,23.4,30.7,33.6,87,14.6,14.6,0.0,15.0,2.56,7.3
2008-06-02,27.3,32.1,24.3,33.0,37.7,83,3.7,3.7,0.0,8.0,1.7,4.5
2008-06-03,26.3,28.8,24.7,31.6,34.8,87,18.7,18.7,0.0,16.0,2.02,4.8
2008-06-04,27.3,31.6,24.5,32.5,38.4,83,9.7,9.7,0.0,12.0,2.6,6.1
2008-06-05,27.0,32.1,24.1,32.1,38.3,82,3.5,3.5,0.0,11.0,4.36,8.8
2008-06-06,23.9,25.1,22.8,27.7,30.0,94,149.7,149.7,0.0,24.0,4.7,13.6
2008-06-07,25.9,29.5,24.0,30.3,34.1,89,39.0,39.0,0.0,24.0,5.89,12.1
2008-06-08,27.0,30.3,24.7,32.1,35.4,87,10.9,10.9,0.0,11.0,5.25,10.9
2008-06-09,28.0,31.7,25.6,33.2,37.0,83,9.3,9.3,0.0,15.0,3.72,11.7
2008-06-10,28.2,31.8,26.3,32.9,36.2,81,20.5,20.5,0.0,20.0,5.1,15.1
2008-06-11,28.1,32.5,25.3,33.4,38.0,82,30.8,30.8,0.0,16.0,3.36,9.0
2008-06-12,26.8,29.0,25.4,32.1,34.6,89,31.4,31.4,0.0,22.0,3.98,9.7
2008-06-13,25.9,28.0,24.9,30.2,32.7,92,52.1,52.1,0.0,23.0,4.74,10.9
2008-06-14,27.3,31.9,24.6,32.7,38.0,85,18.9,18.9,0.0,20.0,3.54,9.3
2008-06-15,27.5,32.1,25.0,33.6,39.6,87,29.4,29.4,0.0,23.0,3.09,7.7
2008-06-16,27.0,30.5,25.3,33.1,37.9,90,14.0,14.0,0.0,20.0,3.14,7.3
2008-06-17,26.5,29.1,25.3,31.6,34.3,90,27.7,27.7,0.0,23.0,5.06,9.0
2008-06-18,25.6,26.3,24.6,30.2,31.7,93,25.3,25.3,0.0,24.0,3.63,8.6
2008-06-19,27.9,31.0,24.9,32.6,35.9,84,8.6,8.6,0.0,15.0,5.0,11.6
2008-06-20,29.5,33.4,25.7,34.7,39.9,78,1.7,1.7,0.0,8.0,5.12,11.9
2008-06-21,29.8,33.2,26.5,35.2,38.2,74,0.6,0.6,0.0,5.0,3.13,8.1
2008-06-22,30.4,34.9,26.3,36.3,41.2,72,0.0,0.0,0.0,0.0,2.73,5.9
2008-06-23,31.1,35.3,26.6,37.5,42.4,73,0.3,0.3,0.0,2.0,2.73,5.3
2008-06-24,31.4,36.1,26.6,37.4,42.3,69,0.5,0.5,0.0,3.0,2.82,6.0
2008-06-25,28.1,30.0,26.3,31.9,36.4,82,217.5,217.5,0.0,22.0,8.06,16.3
2008-06-26,26.4,27.0,25.8,30.6,31.7,91,88.1,88.1,0.0,24.0,6.44,15.8
2008-06-27,27.4,30.8,25.3,33.1,37.2,86,5.9,5.9,0.0,15.0,3.1,9.4
2008-06-28,26.1,27.0,25.1,31.3,32.4,91,19.0,19.0,0.0,19.0,3.35,8.7
2008-06-29,26.0,28.4,24.8,30.9,33.7,92,32.4,32.4,0.0,23.0,4.46,10.4
2008-06-30,27.2,30.7,24.4,32.2,35.6,86,17.1,17.1,0.0,18.0,4.8,11.1
2008-07-01,28.0,31.5,26.3,32.9,37.0,84,11.5,11.5,0.0,17.0,4.9,12.4
2008-07-02,29.2,32.8,25.8,34.3,37.9,76,1.5,1.5,0.0,10.0,3.88,9.7
2008-07-03,30.0,33.4,27.0,35.1,38.7,74,2.0,2.0,0.0,9.0,4.3,9.9
2008-07-04,30.3,34.1,26.9,35.7,39.5,73,0.4,0.4,0.0,3.0,3.54,8.3
2008-07-05,30.1,34.5,26.8,35.6,40.2,74,1.3,1.3,0.0,6.0,2.82,7.4
2008-07-06,27.4,30.2,25.0,32.5,35.3,84,19.5,19.5,0.0,17.0,4.83,9.4
2008-07-07,26.7,29.1,24.7,31.6,34.3,86,22.5,22.5,0.0,21.0,3.26,8.8
2008-07-08,27.3,30.2,25.5,32.5,35.0,86,17.9,17.9,0.0,20.0,3.77,7.8
2008-07-09,27.5,30.3,25.4,32.7,35.1,86,7.6,7.6,0.0,10.0,4.06,9.0
2008-07-10,27.2,29.8,25.5,32.8,35.6,88,14.1,14.1,0.0,16.0,3.83,9.2
2008-07-11,27.8,31.5,25.6,33.5,36.9,85,9.1,9.1,0.0,14.0,3.31,7.3
2008-07-12,27.6,30.5,25.4,33.2,35.6,86,17.1,17.1,0.0,13.0,3.11,8.3
2008-07-13,26.8,30.4,25.1,32.2,34.9,88,24.1,24.1,0.0,20.0,4.83,7.0
2008-07-14,27.6,31.2,25.1,33.2,37.7,86,13.7,13.7,0.0,12.0,4.32,8.9
2008-07-15,27.8,32.1,25.2,33.5,38.8,85,20.4,20.4,0.0,14.0,3.32,7.5
2008-07-16,28.6,32.3,25.8,34.4,38.7,80,13.0,13.0,0.0,14.0,3.0,6.5
2008-07-17,29.8,35.0,26.0,36.1,42.1,77,1.6,1.6,0.0,2.0,3.36,6.2
2008-07-18,30.4,34.7,26.4,36.1,40.2,73,0.1,0.1,0.0,1.0,3.05,7.5
2008-07-19,29.8,34.4,26.9,35.3,40.3,74,0.8,0.8,0.0,1.0,3.51,8.8
2008-07-20,28.9,34.3,26.5,34.8,40.7,81,3.3,3.3,0.0,5.0,2.86,9.6
2008-07-21,29.8,33.9,26.3,35.2,39.7,76,0.1,0.1,0.0,1.0,4.41,11.9
2008-07-22,30.9,34.6,28.0,35.7,39.1,71,0.4,0.4,0.0,4.0,5.46,11.2
2008-07-23,30.8,34.2,28.1,35.9,39.8,73,1.5,1.5,0.0,9.0,4.4,10.7
2008-07-24,31.0,34.9,26.9,36.6,40.5,70,0.0,0.0,0.0,0.0,2.71,7.0
2008-07-25,31.1,35.8,26.4,37.3,43.0,70,0.0,0.0,0.0,0.0,2.52,5.0
2008-07-26,31.4,36.6,27.1,37.8,44.5,68,0.0,0.0,0.0,0.0,2.06,4.7
2008-07-27,31.3,36.8,26.8,37.6,44.3,69,0.0,0.0,0.0,0.0,1.94,5.9
2008-07-28,32.3,37.8,27.2,37.7,43.2,64,0.0,0.0,0.0,0.0,4.18,9.0
2008-07-29,32.3,36.2,29.6,37.5,42.1,64,2.6,2.6,0.0,3.0,4.0,9.2
2008-07-30,30.7,33.2,28.5,36.4,38.8,75,0.7,0.7,0.0,2.0,3.57,6.9
2008-07-31,28.6,32.4,26.8,33.7,38.2,82,7.4,7.4,0.0,15.0,5.1,10.3
2008-08-01,28.4,32.4,25.3,33.8,37.8,81,6.1,6.1,0.0,11.0,3.01,7.3
2008-08-02,29.4,33.1,26.1,35.2,39.0,76,0.3,0.3,0.0,1.0,2.14,4.4
2008-08-03,30.4,34.5,26.3,36.4,40.4,71,0.0,0.0,0.0,0.0,2.1,6.1
2008-08-04,31.0,36.3,26.9,37.1,43.3,71,0.4,0.4,0.0,2.0,4.0,7.0
2008-08-05,28.8,33.6,26.2,34.4,39.4,79,13.7,13.7,0.0,16.0,3.77,11.5
2008-08-06,27.3,28.9,26.3,29.5,31.6,82,13.2,13.2,0.0,23.0,9.28,24.6
2008-08-07,27.0,29.2,25.4,30.9,33.9,87,22.6,22.6,0.0,22.0,7.37,18.7
2008-08-08,27.3,29.9,25.7,32.6,35.5,86,12.9,12.9,0.0,11.0,3.47,8.5
2008-08-09,28.8,33.4,25.1,34.7,39.3,79,0.4,0.4,0.0,2.0,2.28,5.1
2008-08-10,28.7,33.2,25.6,34.8,40.1,80,5.9,5.9,0.0,7.0,2.62,6.6
2008-08-11,27.2,30.8,25.4,32.2,36.2,83,5.3,5.3,0.0,13.0,4.57,11.2
2008-08-12,28.0,32.1,25.2,33.5,37.2,83,7.8,7.8,0.0,13.0,4.0,10.1
2008-08-13,29.7,33.2,26.5,35.8,38.7,78,0.2,0.2,0.0,2.0,2.4,5.2
2008-08-14,30.2,34.4,25.8,36.0,40.6,74,0.0,0.0,0.0,0.0,2.77,7.1
2008-08-15,30.6,34.7,26.5,36.4,40.6,74,0.1,0.1,0.0,1.0,2.98,7.5
2008-08-16,30.4,34.0,26.9,36.0,39.2,75,0.5,0.5,0.0,4.0,4.16,9.1
2008-08-17,30.6,33.7,27.8,36.2,40.2,74,1.0,1.0,0.0,5.0,3.71,9.5
2008-08-18,30.5,34.4,27.0,36.8,42.1,76,0.9,0.9,0.0,6.0,2.76,7.2
2008-08-19,30.4,34.0,26.7,36.3,39.5,74,1.5,1.5,0.0,8.0,3.35,8.2
2008-08-20,31.0,35.7,26.5,37.2,42.6,72,0.0,0.0,0.0,0.0,2.32,5.6
2008-08-21,31.7,36.7,28.0,38.0,44.6,68,0.2,0.2,0.0,1.0,2.7,6.3
2008-08-22,30.7,34.0,26.4,33.1,36.3,66,3.0,3.0,0.0,2.0,10.22,19.8
2008-08-23,25.9,27.3,24.8,28.6,30.1,83,36.7,36.7,0.0,18.0,7.93,20.4
2008-08-24,27.4,30.7,25.3,32.4,36.3,84,20.6,20.6,0.0,13.0,4.24,11.4
2008-08-25,28.4,31.8,25.7,34.1,37.5,83,10.2,10.2,0.0,10.0,3.1,8.3
2008-08-26,29.2,32.8,25.8,35.6,39.2,80,0.5,0.5,0.0,3.0,2.31,6.9
2008-08-27,29.6,33.8,26.3,35.5,39.9,76,0.0,0.0,0.0,0.0,2.67,5.7
2008-08-28,29.4,33.8,24.5,35.0,40.1,76,0.0,0.0,0.0,0.0,2.8,5.8
2008-08-29,30.3,34.0,26.8,36.1,39.8,74,0.4,0.4,0.0,2.0,3.1,7.6
2008-08-30,30.4,34.2,27.2,36.2,39.8,73,0.1,0.1,0.0,1.0,2.81,6.3
2008-08-31,30.0,33.8,26.5,36.5,41.0,77,0.4,0.4,0.0,3.0,1.9,6.2
2008-09-01,29.5,33.5,27.0,36.0,40.8,78,3.2,3.2,0.0,8.0,1.75,6.0
2008-09-02,27.7,31.5,25.2,33.9,39.7,84,8.4,8.4,0.0,13.0,1.84,6.3
2008-09-03,27.8,31.6,25.5,33.6,37.3,85,5.7,5.7,0.0,11.0,3.35,6.6
2008-09-04,27.6,31.7,25.3,33.1,37.2,82,3.5,3.5,0.0,7.0,3.32,7.5
2008-09-05,26.9,31.4,24.9,32.5,37.3,86,19.6,19.6,0.0,11.0,2.44,6.6
2008-09-06,26.4,28.9,24.4,32.1,35.3,88,8.7,8.7,0.0,18.0,2.2,4.7
2008-09-07,27.7,33.3,24.0,33.4,40.3,81,0.3,0.3,0.0,2.0,2.27,5.7
2008-09-08,27.7,31.9,24.0,33.5,39.9,81,5.5,5.5,0.0,13.0,2.19,6.0
2008-09-09,29.3,33.6,25.2,34.8,39.6,74,0.7,0.7,0.0,1.0,2.62,5.8
2008-09-10,29.6,34.2,26.0,35.5,40.3,75,0.1,0.1,0.0,1.0,2.69,5.4
2008-09-11,30.2,34.8,27.1,36.3,40.7,74,0.0,0.0,0.0,0.0,2.43,8.3
2008-09-12,30.4,34.1,27.7,35.1,40.1,67,0.0,0.0,0.0,0.0,3.57,7.9
2008-09-13,30.3,34.0,27.6,34.3,39.0,63,0.0,0.0,0.0,0.0,3.9,8.4
2008-09-14,30.3,34.2,26.7,33.9,38.4,60,0.0,0.0,0.0,0.0,3.92,8.5
2008-09-15,30.3,34.2,26.7,34.5,39.0,62,0.0,0.0,0.0,0.0,3.55,7.0
2008-09-16,30.5,34.6,27.2,35.7,40.6,67,0.0,0.0,0.0,0.0,2.95,7.1
2008-09-17,30.2,34.2,27.1,36.5,41.9,74,0.8,0.8,0.0,2.0,2.76,5.7
2008-09-18,28.9,33.5,26.1,35.2,41.6,82,3.8,3.8,0.0,11.0,3.74,7.5
2008-09-19,28.0,31.1,26.2,34.0,36.8,85,13.4,13.4,0.0,12.0,3.26,8.1
2008-09-20,29.3,34.1,26.2,35.9,40.9,81,1.5,1.5,0.0,6.0,1.81,5.3
2008-09-21,29.8,34.1,26.5,36.9,41.9,81,0.0,0.0,0.0,0.0,1.9,5.0
2008-09-22,31.5,37.1,26.7,37.5,43.0,71,0.0,0.0,0.0,0.0,3.18,8.0
2008-09-23,31.0,35.4,27.7,34.1,37.8,64,5.5,5.5,0.0,8.0,8.12,20.2
2008-09-24,27.2,28.3,26.0,29.6,31.7,83,25.3,25.3,0.0,23.0,10.06,24.1
2008-09-25,28.3,32.6,26.3,33.1,37.6,81,2.4,2.4,0.0,6.0,4.92,11.4
2008-09-26,28.2,34.5,24.3,33.7,40.9,81,12.1,12.1,0.0,8.0,2.4,9.1
2008-09-27,27.5,31.6,24.0,31.9,36.7,79,1.6,1.6,0.0,4.0,4.18,10.6
2008-09-28,28.0,31.3,25.2,30.2,34.4,64,0.0,0.0,0.0,0.0,4.93,11.1
2008-09-29,26.9,30.4,23.6,28.5,33.2,63,0.0,0.0,0.0,0.0,4.85,11.3
2008-09-30,26.8,30.8,23.2,28.6,33.6,62,0.0,0.0,0.0,0.0,4.98,10.3
2008-10-01,26.9,29.9,23.6,29.0,33.9,61,0.0,0.0,0.0,0.0,4.07,9.0
2008-10-02,27.0,31.1,23.9,30.0,35.5,65,0.0,0.0,0.0,0.0,2.87,7.1
2008-10-03,26.6,31.3,22.4,30.7,35.4,78,0.9,0.9,0.0,3.0,3.2,7.9
2008-10-04,26.9,31.1,24.8,31.1,35.2,84,13.0,13.0,0.0,18.0,5.39,13.3
2008-10-05,24.8,25.9,22.9,28.2,30.2,91,87.3,87.3,0.0,24.0,5.43,17.2
2008-10-06,24.1,27.2,21.2,24.7,27.7,68,6.3,6.3,0.0,6.0,6.41,12.1
2008-10-07,23.7,24.9,22.1,24.6,26.9,63,0.0,0.0,0.0,0.0,3.21,7.4
2008-10-08,25.5,29.6,22.1,28.9,33.1,73,0.0,0.0,0.0,0.0,1.58,5.2
2008-10-09,26.6,31.4,22.7,30.9,35.6,77,0.0,0.0,0.0,0.0,2.01,6.4
2008-10-10,27.5,32.9,23.8,32.1,37.4,75,0.0,0.0,0.0,0.0,2.68,6.5
2008-10-11,27.5,31.3,23.5,31.0,35.1,71,0.1,0.1,0.0,1.0,4.05,9.1
2008-10-12,26.5,29.3,24.3,28.8,31.5,68,0.0,0.0,0.0,0.0,4.81,9.6
2008-10-13,23.1,25.7,21.6,25.3,28.3,81,11.4,11.4,0.0,15.0,3.62,7.1
2008-10-14,24.6,28.5,21.8,27.2,31.1,75,2.3,2.3,0.0,6.0,3.23,7.8
2008-10-15,26.2,30.2,22.3,29.5,34.2,71,0.0,0.0,0.0,0.0,2.52,6.9
2008-10-16,27.1,32.1,22.4,30.7,35.9,71,0.0,0.0,0.0,0.0,2.61,6.6
2008-10-17,27.7,32.2,23.9,31.4,35.8,70,0.0,0.0,0.0,0.0,3.31,8.3
2008-10-18,27.9,31.1,25.1,32.3,35.1,72,0.0,0.0,0.0,0.0,2.28,6.7
2008-10-19,27.7,31.4,24.9,32.0,35.8,73,0.0,0.0,0.0,0.0,2.78,7.6
2008-10-20,27.3,31.6,23.6,31.9,36.7,76,0.1,0.1,0.0,1.0,2.79,5.0
2008-10-21,27.2,31.3,23.6,31.4,35.4,75,0.0,0.0,0.0,0.0,2.92,5.6
2008-10-22,26.8,30.6,22.9,31.3,34.4,79,0.0,0.0,0.0,0.0,2.19,5.4
2008-10-23,27.4,31.3,23.8,31.7,36.4,76,0.1,0.1,0.0,1.0,3.73,8.0
2008-10-24,26.6,29.3,24.3,29.0,32.6,67,0.1,0.1,0.0,1.0,4.56,9.1
2008-10-25,26.1,28.8,23.5,29.0,32.1,68,0.0,0.0,0.0,0.0,3.01,6.3
2008-10-26,26.9,31.4,23.0,31.0,35.4,73,0.0,0.0,0.0,0.0,2.34,6.7
2008-10-27,26.4,29.2,23.6,28.6,32.4,65,0.0,0.0,0.0,0.0,3.77,9.0
2008-10-28,25.2,29.7,21.4,27.6,33.5,67,0.0,0.0,0.0,0.0,2.73,5.9
2008-10-29,26.1,30.6,22.3,30.2,34.6,78,0.0,0.0,0.0,0.0,2.06,5.5
2008-10-30,26.9,31.5,22.9,31.2,35.1,78,1.4,1.4,0.0,3.0,2.64,7.4
2008-10-31,27.2,30.9,24.0,31.3,34.5,75,0.1,0.1,0.0,1.0,2.61,7.5
2008-11-01,26.2,28.8,24.1,29.8,32.1,75,0.1,0.1,0.0,1.0,3.44,8.2
2008-11-02,25.8,29.5,24.1,30.4,33.9,84,8.5,8.5,0.0,11.0,2.92,7.8
2008-11-03,22.9,23.9,21.9,25.2,28.4,81,7.6,7.6,0.0,9.0,3.83,8.1
2008-11-04,23.6,27.0,21.7,25.8,30.3,77,2.4,2.4,0.0,5.0,3.0,7.0
2008-11-05,24.4,27.8,21.7,28.5,32.1,84,0.6,0.6,0.0,3.0,2.04,5.3
2008-11-06,25.7,29.8,22.7,30.3,33.7,84,0.4,0.4,0.0,2.0,2.37,7.8
2008-11-07,26.1,31.7,22.7,30.4,36.5,80,1.5,1.5,0.0,4.0,4.63,9.8
2008-11-08,21.1,22.6,19.3,19.7,22.6,66,0.0,0.0,0.0,0.0,6.33,12.7
2008-11-09,20.4,23.8,17.9,17.6,20.8,52,0.0,0.0,0.0,0.0,6.58,14.3
2008-11-10,19.2,23.6,15.9,16.0,20.4,43,0.0,0.0,0.0,0.0,5.51,11.9
2008-11-11,18.6,23.5,14.7,15.6,20.5,42,0.0,0.0,0.0,0.0,4.44,9.7
2008-11-12,17.7,23.8,12.8,15.9,22.3,51,0.0,0.0,0.0,0.0,3.2,7.5
2008-11-13,18.5,26.1,12.1,17.3,25.8,59,0.0,0.0,0.0,0.0,2.93,7.6
2008-11-14,20.6,27.5,14.9,20.7,28.8,63,0.0,0.0,0.0,0.0,2.68,6.8
2008-11-15,21.8,29.1,16.5,23.1,30.7,71,0.0,0.0,0.0,0.0,1.84,6.2
2008-11-16,22.9,29.7,18.1,23.9,31.3,63,0.0,0.0,0.0,0.0,2.59,7.7
2008-11-17,22.7,27.8,18.0,23.9,29.3,67,0.0,0.0,0.0,0.0,4.11,8.3
2008-11-18,20.6,23.2,17.4,18.5,21.2,57,0.0,0.0,0.0,0.0,5.95,12.4
2008-11-19,17.9,21.7,15.0,13.9,17.7,41,0.0,0.0,0.0,0.0,5.78,12.8
2008-11-20,15.9,20.9,12.3,12.5,17.8,38,0.0,0.0,0.0,0.0,4.3,9.3
2008-11-21,17.7,23.4,12.1,16.0,22.0,48,0.0,0.0,0.0,0.0,2.59,7.1
2008-11-22,18.7,22.9,14.1,18.0,22.2,60,0.0,0.0,0.0,0.0,1.84,5.9
2008-11-23,21.4,25.8,17.3,21.1,26.0,59,0.0,0.0,0.0,0.0,4.9,9.2
2008-11-24,20.7,24.2,17.9,18.5,22.2,51,0.0,0.0,0.0,0.0,5.34,11.0
2008-11-25,20.3,24.8,17.1,18.0,22.5,46,0.0,0.0,0.0,0.0,4.33,9.7
2008-11-26,20.1,24.9,16.4,18.3,23.2,50,0.0,0.0,0.0,0.0,4.51,8.6
2008-11-27,19.0,22.6,14.9,15.2,18.1,40,0.0,0.0,0.0,0.0,6.97,14.3
2008-11-28,14.2,19.7,10.7,10.2,15.4,33,0.0,0.0,0.0,0.0,4.27,9.6
2008-11-29,14.8,22.4,8.3,11.1,18.1,36,0.0,0.0,0.0,0.0,4.57,9.8
2008-11-30,15.7,22.6,9.4,12.8,19.6,39,0.0,0.0,0.0,0.0,3.47,8.7
2008-12-01,14.9,23.5,8.2,12.6,21.2,53,0.0,0.0,0.0,0.0,2.25,6.0
2008-12-02,15.3,24.1,7.7,13.5,23.0,56,0.0,0.0,0.0,0.0,2.51,4.6
2008-12-03,17.3,24.3,9.6,16.6,23.9,68,0.0,0.0,0.0,0.0,3.01,6.5
2008-12-04,20.3,23.7,17.2,19.0,23.2,60,0.0,0.0,0.0,0.0,6.75,14.0
2008-12-05,16.3,18.7,13.9,11.5,13.6,40,0.0,0.0,0.0,0.0,7.23,14.3
2008-12-06,14.2,19.2,11.1,9.4,14.3,24,0.0,0.0,0.0,0.0,5.09,10.6
2008-12-07,13.7,20.3,7.1,10.6,17.0,38,0.0,0.0,0.0,0.0,3.28,6.6
2008-12-08,15.3,22.1,10.9,12.0,18.2,42,0.0,0.0,0.0,0.0,4.21,9.1
2008-12-09,15.4,23.0,8.2,13.3,21.3,50,0.0,0.0,0.0,0.0,2.67,6.9
2008-12-10,15.0,24.2,7.2,13.4,23.5,61,0.0,0.0,0.0,0.0,2.45,4.7
2008-12-11,17.1,25.6,10.0,15.4,23.6,54,0.0,0.0,0.0,0.0,2.82,7.8
2008-12-12,18.1,22.9,12.9,17.3,22.1,61,0.0,0.0,0.0,0.0,1.99,6.0
2008-12-13,20.7,27.0,16.3,19.6,25.4,54,0.0,0.0,0.0,0.0,5.07,10.1
2008-12-14,17.8,20.5,14.6,14.6,17.1,47,0.0,0.0,0.0,0.0,5.6,11.5
2008-12-15,14.6,19.6,11.1,11.9,16.9,53,0.0,0.0,0.0,0.0,3.89,9.3
2008-12-16,14.3,21.2,9.2,12.0,18.9,53,0.0,0.0,0.0,0.0,2.24,5.7
2008-12-17,14.9,23.8,8.3,13.0,21.6,57,0.0,0.0,0.0,0.0,2.21,6.1
2008-12-18,16.4,25.0,8.8,14.5,22.9,55,0.0,0.0,0.0,0.0,2.78,7.2
2008-12-19,17.1,24.6,12.0,16.3,24.2,63,0.0,0.0,0.0,0.0,2.38,4.8
2008-12-20,17.1,26.6,9.2,16.1,26.0,66,0.0,0.0,0.0,0.0,2.89,5.6
2008-12-21,19.3,27.4,12.0,18.6,27.7,62,0.0,0.0,0.0,0.0,7.47,15.3
2008-12-22,13.4,17.3,8.9,8.5,13.2,49,0.0,0.0,0.0,0.0,7.43,14.8
2008-12-23,11.0,15.7,6.3,7.2,11.9,47,0.0,0.0,0.0,0.0,4.79,9.6
2008-12-24,15.3,20.5,12.1,12.9,18.5,49,0.0,0.0,0.0,0.0,3.31,7.2
2008-12-25,17.3,22.8,13.2,15.3,20.7,55,0.0,0.0,0.0,0.0,4.15,10.0
2008-12-26,17.2,20.4,14.7,15.5,19.1,56,0.0,0.0,0.0,0.0,2.85,7.7
2008-12-27,16.5,17.8,15.9,16.1,17.0,70,0.9,0.9,0.0,6.0,2.4,5.2
2008-12-28,16.5,17.4,15.5,17.2,18.2,90,4.0,4.0,0.0,17.0,2.31,5.6
2008-12-29,17.0,18.3,15.6,16.0,17.8,80,2.0,2.0,0.0,8.0,4.81,10.2
2008-12-30,15.4,17.9,13.4,12.9,15.1,66,0.8,0.8,0.0,5.0,5.44,10.7
2008-12-31,13.1,15.0,10.9,9.4,10.8,61,1.4,1.4,0.0,5.0,5.69,11.5
2009-01-01,12.9,18.2,8.6,8.2,13.0,35,0.0,0.0,0.0,0.0,5.0,11.5
2009-01-02,12.1,17.6,7.5,7.9,13.4,33,0.0,0.0,0.0,0.0,4.03,9.4
2009-01-03,12.7,18.8,7.2,9.9,15.9,45,0.0,0.0,0.0,0.0,2.64,6.8
2009-01-04,15.2,22.7,9.6,13.2,20.7,53,0.0,0.0,0.0,0.0,2.26,6.9
2009-01-05,15.6,22.5,9.4,14.0,21.3,63,0.0,0.0,0.0,0.0,2.55,7.5
2009-01-06,16.5,22.8,11.6,15.4,22.0,64,0.0,0.0,0.0,0.0,4.69,9.2
2009-01-07,14.0,17.9,11.1,10.5,14.7,58,0.0,0.0,0.0,0.0,5.41,11.5
2009-01-08,12.5,16.3,9.1,8.7,12.9,55,0.0,0.0,0.0,0.0,5.14,10.9
2009-01-09,12.1,16.4,8.5,7.2,10.6,40,0.0,0.0,0.0,0.0,6.45,13.8
2009-01-10,11.1,16.0,7.3,6.2,10.8,27,0.0,0.0,0.0,0.0,4.98,12.0
2009-01-11,9.8,17.5,3.3,6.1,14.0,38,0.0,0.0,0.0,0.0,2.62,6.9
2009-01-12,12.6,18.4,6.9,7.9,13.4,32,0.0,0.0,0.0,0.0,5.55,12.0
2009-01-13,11.7,16.0,8.2,6.7,11.1,25,0.0,0.0,0.0,0.0,5.05,11.7
2009-01-14,11.0,17.4,5.3,6.6,12.7,29,0.0,0.0,0.0,0.0,3.99,9.8
2009-01-15,11.6,18.3,6.3,7.8,14.9,32,0.0,0.0,0.0,0.0,2.97,7.6
2009-01-16,12.0,20.6,4.0,9.4,18.8,54,0.0,0.0,0.0,0.0,2.2,5.5
2009-01-17,13.7,23.2,5.2,11.7,21.7,62,0.0,0.0,0.0,0.0,2.85,5.6
2009-01-18,16.0,24.6,8.9,15.4,25.7,68,0.0,0.0,0.0,0.0,2.1,4.3
2009-01-19,18.3,26.3,12.1,17.7,26.6,65,0.0,0.0,0.0,0.0,3.09,6.6
2009-01-20,18.4,24.0,13.3,18.2,23.6,66,0.0,0.0,0.0,0.0,2.36,5.9
2009-01-21,19.1,22.4,16.0,18.4,21.0,64,0.0,0.0,0.0,0.0,4.1,10.1
2009-01-22,17.7,22.3,13.4,16.8,22.2,60,0.0,0.0,0.0,0.0,3.3,6.4
2009-01-23,15.1,17.1,10.2,11.8,15.9,59,0.0,0.0,0.0,0.0,7.47,14.3
2009-01-24,8.4,10.0,7.2,2.7,4.0,36,0.0,0.0,0.0,0.0,6.93,13.6
2009-01-25,9.2,10.5,7.9,4.9,6.4,33,0.0,0.0,0.0,0.0,3.61,6.9
2009-01-26,8.6,10.3,7.4,5.1,6.5,70,5.4,5.4,0.0,16.0,4.51,8.8
2009-01-27,7.8,9.0,7.1,5.1,7.0,86,1.5,1.5,0.0,7.0,3.55,7.3
2009-01-28,9.9,10.8,8.7,8.2,9.7,82,0.2,0.2,0.0,2.0,2.06,5.2
2009-01-29,12.1,13.4,10.7,11.4,13.0,92,3.2,3.2,0.0,9.0,2.19,5.0
2009-01-30,14.6,18.9,10.9,12.8,17.5,70,0.0,0.0,0.0,0.0,4.49,10.5
2009-01-31,15.2,21.4,9.2,13.8,21.0,65,0.0,0.0,0.0,0.0,3.02,6.6
2009-02-01,17.4,24.3,10.8,17.0,24.4,71,0.0,0.0,0.0,0.0,2.97,6.1
2009-02-02,19.2,24.8,14.6,19.4,24.8,69,0.0,0.0,0.0,0.0,2.12,5.6
2009-02-03,19.8,26.2,14.1,20.4,27.9,68,0.0,0.0,0.0,0.0,1.9,5.4
2009-02-04,19.5,25.4,14.4,19.8,26.4,70,0.0,0.0,0.0,0.0,2.88,4.9
2009-02-05,20.0,25.9,14.1,20.7,27.5,70,0.0,0.0,0.0,0.0,2.2,5.6
2009-02-06,20.0,24.5,16.6,21.4,26.4,76,0.1,0.1,0.0,1.0,2.2,6.2
2009-02-07,19.7,25.0,16.0,21.0,26.8,78,0.2,0.2,0.0,2.0,2.28,6.9
2009-02-08,20.3,27.6,14.3,20.9,28.1,70,0.0,0.0,0.0,0.0,2.67,5.1
2009-02-09,20.5,27.7,13.8,21.2,29.1,70,0.0,0.0,0.0,0.0,2.28,5.9
2009-02-10,21.4,27.7,16.7,21.7,29.5,60,0.0,0.0,0.0,0.0,2.94,6.5
2009-02-11,20.8,27.3,16.0,21.7,29.0,75,0.0,0.0,0.0,0.0,4.3,8.4
2009-02-12,22.7,27.5,19.3,22.6,26.1,70,0.0,0.0,0.0,0.0,6.81,14.5
2009-02-13,25.6,30.0,22.0,27.1,31.0,70,0.1,0.1,0.0,1.0,6.45,14.0
2009-02-14,24.7,27.8,22.6,28.0,31.2,84,1.3,1.3,0.0,7.0,3.32,7.5
2009-02-15,24.7,27.7,22.6,27.7,30.1,82,1.3,1.3,0.0,8.0,4.88,10.8
2009-02-16,24.1,27.4,20.4,25.8,29.0,75,0.4,0.4,0.0,3.0,4.47,9.0
2009-02-17,20.5,23.8,18.0,21.1,24.6,73,0.0,0.0,0.0,0.0,3.28,6.9
2009-02-18,21.1,26.1,16.7,22.0,27.0,72,0.0,0.0,0.0,0.0,4.05,8.0
2009-02-19,21.3,24.1,19.1,23.2,26.3,80,0.5,0.5,0.0,3.0,3.35,6.5
2009-02-20,18.0,21.5,16.4,16.2,23.2,63,0.0,0.0,0.0,0.0,7.22,13.9
2009-02-21,19.7,23.6,16.9,18.7,21.9,64,0.6,0.6,0.0,4.0,6.77,12.9
2009-02-22,22.7,26.1,19.8,23.9,27.1,83,2.0,2.0,0.0,10.0,5.92,12.5
2009-02-23,24.9,29.3,22.4,27.3,30.7,80,0.3,0.3,0.0,2.0,5.31,10.7
2009-02-24,25.9,30.9,23.1,28.1,31.9,76,0.9,0.9,0.0,7.0,5.73,12.2
2009-02-25,25.2,29.2,22.1,27.6,31.4,74,0.0,0.0,0.0,0.0,3.58,9.4
2009-02-26,24.2,29.3,21.2,26.3,30.5,76,0.0,0.0,0.0,0.0,4.33,9.3
2009-02-27,23.6,28.5,20.1,25.3,30.2,69,0.2,0.2,0.0,1.0,3.45,7.0
2009-02-28,17.9,19.4,16.0,16.6,18.5,68,0.5,0.5,0.0,4.0,4.65,9.3
2009-03-01,14.2,18.5,12.7,12.2,17.1,77,0.4,0.4,0.0,4.0,4.79,9.5
2009-03-02,13.6,16.7,12.1,11.8,15.0,77,0.0,0.0,0.0,0.0,4.1,8.1
2009-03-03,14.4,17.2,13.4,12.7,15.9,74,0.0,0.0,0.0,0.0,4.4,9.1
2009-03-04,15.9,20.0,13.2,15.5,21.2,81,3.1,3.1,0.0,8.0,3.45,8.9
2009-03-05,16.8,20.3,13.7,16.3,22.7,89,38.4,38.4,0.0,23.0,5.9,12.2
2009-03-06,13.0,14.4,12.1,10.8,12.5,82,22.0,22.0,0.0,16.0,5.22,10.8
2009-03-07,12.1,14.0,10.4,10.4,12.6,83,6.1,6.1,0.0,15.0,3.74,7.7
2009-03-08,12.2,12.8,11.6,11.4,12.1,91,8.3,8.3,0.0,20.0,2.4,7.2
2009-03-09,16.5,21.2,13.2,15.8,20.5,70,0.4,0.4,0.0,1.0,4.05,9.0
2009-03-10,16.0,17.4,13.5,15.6,17.2,80,0.1,0.1,0.0,1.0,3.12,6.9
2009-03-11,19.5,23.6,16.1,20.0,23.9,80,2.6,2.6,0.0,10.0,4.48,11.3
2009-03-12,21.3,23.9,19.1,21.9,24.6,80,0.0,0.0,0.0,0.0,5.69,12.3
2009-03-13,17.8,24.0,11.5,17.4,28.1,82,5.4,5.4,0.0,9.0,9.0,18.3
2009-03-14,14.4,19.9,10.7,11.1,17.0,52,0.0,0.0,0.0,0.0,6.05,12.1
2009-03-15,15.9,23.5,7.9,15.0,24.4,62,0.0,0.0,0.0,0.0,2.4,5.1
2009-03-16,19.1,26.2,11.3,19.4,27.2,70,0.0,0.0,0.0,0.0,2.44,6.6
2009-03-17,21.6,27.6,16.2,22.7,29.6,75,0.0,0.0,0.0,0.0,4.16,8.4
2009-03-18,23.9,28.0,19.9,25.9,29.1,74,0.0,0.0,0.0,0.0,3.45,7.5
2009-03-19,23.8,27.1,20.3,27.0,30.6,82,0.0,0.0,0.0,0.0,2.76,6.5
2009-03-20,24.5,28.7,21.1,28.3,32.3,83,0.0,0.0,0.0,0.0,3.04,5.8
2009-03-21,25.3,28.2,23.2,28.1,30.8,83,2.8,2.8,0.0,7.0,5.22,13.4
2009-03-22,27.0,31.0,24.5,30.9,34.6,79,0.9,0.9,0.0,5.0,3.28,10.2
2009-03-23,26.2,29.7,23.4,30.2,33.8,83,8.8,8.8,0.0,13.0,5.41,11.3
2009-03-24,20.8,23.9,18.6,21.5,28.3,76,20.0,20.0,0.0,14.0,6.04,11.9
2009-03-25,18.6,20.4,16.6,18.3,21.0,69,2.2,2.2,0.0,7.0,4.12,8.3
2009-03-26,18.4,20.0,17.4,18.7,20.1,77,2.4,2.4,0.0,4.0,3.41,7.4
2009-03-27,19.5,21.1,18.0,21.5,24.0,93,20.2,20.2,0.0,15.0,2.88,6.9
2009-03-28,22.6,26.2,20.5,26.1,30.2,91,41.1,41.1,0.0,18.0,2.85,8.8
2009-03-29,19.1,22.3,16.6,18.6,26.1,78,17.3,17.3,0.0,13.0,5.2,10.2
2009-03-30,16.7,18.6,15.7,15.5,17.1,71,3.1,3.1,0.0,9.0,3.58,7.4
2009-03-31,17.7,20.4,15.4,17.0,21.6,71,0.3,0.3,0.0,1.0,3.88,8.2
2009-04-01,19.2,22.8,17.1,18.3,23.8,65,0.0,0.0,0.0,0.0,4.26,9.1
2009-04-02,18.7,20.6,16.9,18.4,20.4,70,3.2,3.2,0.0,3.0,3.51,7.6
2009-04-03,19.9,22.7,17.5,20.0,22.9,74,0.0,0.0,0.0,0.0,3.98,9.5
2009-04-04,21.8,25.4,19.5,23.8,27.2,83,13.0,13.0,0.0,15.0,4.16,8.1
2009-04-05,20.8,21.7,19.6,21.8,25.1,81,1.6,1.6,0.0,7.0,4.93,10.0
2009-04-06,18.3,20.6,15.5,18.3,21.0,75,3.1,3.1,0.0,7.0,3.68,7.6
2009-04-07,19.6,22.9,17.1,21.0,24.2,78,2.9,2.9,0.0,6.0,2.15,4.6
2009-04-08,21.3,25.2,17.1,22.9,26.7,75,0.0,0.0,0.0,0.0,2.06,5.9
2009-04-09,20.7,23.9,18.2,21.8,24.9,74,5.3,5.3,0.0,17.0,2.97,7.9
2009-04-10,20.8,24.9,17.2,21.8,26.1,71,0.2,0.2,0.0,1.0,2.48,6.9
2009-04-11,22.7,28.0,18.3,23.9,30.0,68,0.0,0.0,0.0,0.0,3.92,8.7
2009-04-12,22.5,25.6,19.7,25.0,27.8,82,0.7,0.7,0.0,5.0,2.8,6.8
2009-04-13,23.7,27.0,21.2,27.1,30.7,86,12.3,12.3,0.0,5.0,3.28,9.9
2009-04-14,25.0,30.0,20.4,28.9,36.1,79,0.0,0.0,0.0,0.0,1.72,5.2
2009-04-15,24.8,28.9,22.2,27.9,32.2,81,0.6,0.6,0.0,3.0,4.24,9.0
2009-04-16,23.7,26.5,21.8,27.2,29.7,84,12.1,12.1,0.0,19.0,2.43,6.0
2009-04-17,24.8,29.8,20.4,27.6,32.0,76,0.0,0.0,0.0,0.0,4.16,8.8
2009-04-18,22.8,25.0,21.5,24.2,26.1,80,5.3,5.3,0.0,8.0,5.27,11.0
2009-04-19,25.7,29.7,21.9,29.4,33.9,88,22.3,22.3,0.0,21.0,6.1,14.0
2009-04-20,27.0,30.2,24.6,29.4,32.3,66,4.2,4.2,0.0,4.0,4.54,10.6
2009-04-21,26.5,31.1,21.6,27.8,33.8,56,0.0,0.0,0.0,0.0,3.89,8.5
2009-04-22,25.3,28.2,22.8,27.4,29.9,70,0.1,0.1,0.0,1.0,4.24,8.6
2009-04-23,24.5,26.4,22.7,26.4,28.6,74,0.4,0.4,0.0,3.0,4.52,9.4
2009-04-24,24.7,27.2,23.1,27.9,30.8,85,8.8,8.8,0.0,13.0,4.94,9.4
2009-04-25,22.3,24.3,20.9,23.6,29.4,81,27.2,27.2,0.0,17.0,6.26,12.1
2009-04-26,21.4,23.2,20.1,21.3,24.0,63,0.0,0.0,0.0,0.0,3.83,8.3
2009-04-27,23.3,27.9,19.3,25.0,29.4,68,0.0,0.0,0.0,0.0,3.04,6.7
2009-04-28,23.5,28.3,19.5,24.2,29.5,58,0.0,0.0,0.0,0.0,3.34,7.2
2009-04-29,22.8,27.0,19.2,23.6,28.6,59,0.5,0.5,0.0,2.0,2.75,7.4
2009-04-30,24.1,29.0,19.3,25.9,31.7,64,0.0,0.0,0.0,0.0,2.94,7.6
2009-05-01,24.8,30.2,19.0,26.4,32.7,62,0.0,0.0,0.0,0.0,2.95,6.6
2009-05-02,25.7,31.1,20.0,27.9,34.6,61,0.0,0.0,0.0,0.0,2.51,5.5
2009-05-03,24.5,27.1,21.9,26.4,28.4,70,0.0,0.0,0.0,0.0,4.4,9.4
2009-05-04,25.0,29.5,20.8,26.9,30.6,66,0.0,0.0,0.0,0.0,2.92,6.7
2009-05-05,25.5,30.7,20.0,27.5,32.8,65,0.0,0.0,0.0,0.0,3.45,6.6
2009-05-06,24.9,30.2,20.9,26.6,32.6,63,0.0,0.0,0.0,0.0,3.4,6.5
2009-05-07,25.0,29.9,20.1,25.6,30.1,53,0.0,0.0,0.0,0.0,3.26,6.3
2009-05-08,25.0,30.4,19.6,26.3,32.3,61,0.0,0.0,0.0,0.0,3.44,7.3
2009-05-09,25.7,30.5,21.0,27.4,31.5,64,0.0,0.0,0.0,0.0,4.2,9.3
2009-05-10,26.5,29.8,22.9,29.5,32.6,72,0.0,0.0,0.0,0.0,3.39,8.2
2009-05-11,28.0,31.6,24.4,31.8,36.1,71,0.5,0.5,0.0,3.0,3.13,6.4
2009-05-12,28.7,32.9,24.9,33.4,38.5,70,0.0,0.0,0.0,0.0,3.03,4.6
2009-05-13,28.1,32.3,24.2,33.3,39.0,75,1.6,1.6,0.0,5.0,3.1,5.8
2009-05-14,27.6,31.4,24.4,30.5,34.1,69,2.0,2.0,0.0,6.0,3.54,8.5
2009-05-15,27.1,31.0,23.7,30.1,32.8,70,0.0,0.0,0.0,0.0,3.85,8.6
2009-05-16,26.5,29.3,23.8,30.6,33.2,78,0.0,0.0,0.0,0.0,2.82,6.6
2009-05-17,26.9,31.0,24.9,32.5,36.7,85,10.0,10.0,0.0,19.0,1.96,7.3
2009-05-18,26.1,28.7,24.2,31.7,33.9,88,18.9,18.9,0.0,16.0,2.19,7.6
2009-05-19,26.7,29.7,24.3,31.9,36.2,84,10.8,10.8,0.0,13.0,2.82,9.6
2009-05-20,26.2,28.9,24.4,30.9,33.0,88,25.8,25.8,0.0,24.0,4.09,13.9
2009-05-21,26.6,29.5,24.6,32.1,35.4,87,8.9,8.9,0.0,15.0,1.77,6.5
2009-05-22,27.0,30.0,25.0,32.7,36.3,86,13.4,13.4,0.0,19.0,2.2,7.3
2009-05-23,25.4,26.3,24.7,29.9,31.4,91,54.7,54.7,0.0,24.0,3.58,10.1
2009-05-24,25.1,25.9,24.6,28.9,29.9,92,49.7,49.7,0.0,24.0,5.7,11.2
2009-05-25,25.3,26.5,23.9,29.3,30.6,91,17.9,17.9,0.0,23.0,4.8,10.1
2009-05-26,27.1,30.9,23.8,31.6,35.2,81,3.5,3.5,0.0,10.0,4.19,8.4
2009-05-27,26.3,29.4,24.7,30.3,33.6,85,24.5,24.5,0.0,13.0,5.05,10.3
2009-05-28,24.9,27.3,23.8,28.5,30.7,84,17.6,17.6,0.0,19.0,4.34,8.9
2009-05-29,23.6,25.1,22.5,26.9,28.0,84,2.1,2.1,0.0,11.0,3.11,7.3
2009-05-30,25.1,30.2,21.1,27.4,32.5,69,0.0,0.0,0.0,0.0,2.3,6.1
2009-05-31,27.1,31.1,23.1,30.7,35.9,67,0.0,0.0,0.0,0.0,2.02,5.4
2009-06-01,27.3,32.0,22.7,30.2,35.9,64,0.0,0.0,0.0,0.0,3.57,7.3
2009-06-02,27.5,30.4,24.2,31.2,33.9,76,1.5,1.5,0.0,7.0,4.96,11.6
2009-06-03,27.6,31.2,25.6,33.0,35.9,84,30.6,30.6,0.0,17.0,3.88,11.0
2009-06-04,27.7,31.5,24.9,31.7,34.7,73,12.2,12.2,0.0,4.0,3.44,7.9
2009-06-05,28.2,33.8,22.5,32.2,39.0,66,0.0,0.0,0.0,0.0,3.0,5.7
2009-06-06,28.9,35.0,23.4,33.2,40.1,69,0.0,0.0,0.0,0.0,3.13,6.4
2009-06-07,27.6,31.7,24.8,31.3,35.3,72,1.5,1.5,0.0,3.0,5.56,10.7
2009-06-08,27.2,29.3,26.0,31.1,32.7,81,10.9,10.9,0.0,22.0,5.28,10.9
2009-06-09,27.2,29.8,26.0,32.5,35.4,87,16.1,16.1,0.0,18.0,3.58,9.9
2009-06-10,27.5,30.4,25.5,33.3,37.1,88,37.2,37.2,0.0,24.0,3.13,7.6
2009-06-11,27.0,29.6,24.8,32.8,35.8,88,9.6,9.6,0.0,20.0,2.44,8.9
2009-06-12,27.0,31.2,24.9,32.5,36.4,87,21.4,21.4,0.0,21.0,2.32,9.7
2009-06-13,28.0,31.9,25.7,34.3,40.0,84,16.2,16.2,0.0,17.0,2.9,6.9
2009-06-14,27.5,31.9,25.5,33.3,38.8,85,19.1,19.1,0.0,19.0,2.83,7.0
2009-06-15,27.4,31.7,25.1,32.7,38.1,84,18.9,18.9,0.0,18.0,3.19,7.2
2009-06-16,27.4,30.3,25.1,32.8,35.4,85,9.8,9.8,0.0,16.0,3.5,8.5
2009-06-17,28.9,32.5,25.5,34.5,37.6,78,2.9,2.9,0.0,5.0,2.86,7.3
2009-06-18,30.0,33.6,26.0,35.9,40.1,74,0.0,0.0,0.0,0.0,2.42,6.1
2009-06-19,31.0,35.2,26.7,37.2,41.5,72,0.0,0.0,0.0,0.0,2.51,5.5
2009-06-20,31.1,35.3,27.6,37.9,42.1,74,0.3,0.3,0.0,2.0,2.26,4.8
2009-06-21,31.5,35.4,27.8,38.1,41.9,74,3.5,3.5,0.0,10.0,3.48,7.8
2009-06-22,30.0,32.4,27.9,36.2,39.0,80,7.2,7.2,0.0,13.0,3.44,8.5
2009-06-23,29.1,32.5,26.7,35.3,38.5,82,11.5,11.5,0.0,17.0,2.52,7.6
2009-06-24,28.7,32.8,26.4,35.0,40.0,84,16.1,16.1,0.0,18.0,4.1,9.0
2009-06-25,28.1,31.0,26.7,34.1,36.3,86,15.9,15.9,0.0,19.0,3.35,6.7
2009-06-26,28.8,33.1,26.5,34.6,39.6,80,7.0,7.0,0.0,4.0,3.36,9.2
2009-06-27,28.1,32.0,26.2,33.3,37.9,83,18.0,18.0,0.0,16.0,4.7,9.8
2009-06-28,26.9,29.6,25.3,31.7,34.7,88,29.5,29.5,0.0,20.0,4.4,11.9
2009-06-29,28.7,32.3,25.8,34.0,37.9,83,13.5,13.5,0.0,17.0,5.32,12.6
2009-06-30,30.1,33.3,28.0,35.5,38.3,77,2.7,2.7,0.0,10.0,4.9,12.0
2009-07-01,30.4,34.7,27.6,36.0,40.3,76,3.5,3.5,0.0,8.0,3.55,9.9
2009-07-02,30.5,34.2,27.2,36.3,40.1,75,3.8,3.8,0.0,7.0,3.96,10.7
2009-07-03,29.1,32.0,27.5,34.3,36.8,79,9.0,9.0,0.0,15.0,4.46,11.9
2009-07-04,27.4,30.2,25.3,32.5,36.3,88,20.1,20.1,0.0,20.0,4.72,10.9
2009-07-05,27.0,30.7,24.7,31.8,35.8,86,19.9,19.9,0.0,12.0,5.12,10.0
2009-07-06,28.0,32.4,25.0,33.3,39.1,83,12.7,12.7,0.0,9.0,3.89,8.7
2009-07-07,29.8,34.0,26.7,35.7,39.7,76,0.1,0.1,0.0,1.0,2.8,7.1
2009-07-08,30.4,34.4,26.6,36.0,39.9,71,0.0,0.0,0.0,0.0,2.62,7.6
2009-07-09,30.8,35.4,26.0,36.6,41.9,70,0.0,0.0,0.0,0.0,2.4,6.4
2009-07-10,31.4,36.3,26.5,37.6,43.1,69,0.0,0.0,0.0,0.0,2.33,4.8
2009-07-11,29.5,34.0,27.3,34.9,41.1,76,13.1,13.1,0.0,9.0,3.82,10.8
2009-07-12,29.8,32.8,27.2,34.3,38.0,71,0.2,0.2,0.0,2.0,4.74,10.5
2009-07-13,30.4,34.8,26.5,36.7,42.3,74,0.1,0.1,0.0,1.0,2.28,4.9
2009-07-14,30.9,35.7,26.8,37.0,42.8,73,0.4,0.4,0.0,2.0,3.47,6.6
2009-07-15,29.5,33.0,27.2,35.2,39.1,79,11.9,11.9,0.0,10.0,3.75,9.2
2009-07-16,30.2,33.9,27.3,35.6,40.3,75,0.1,0.1,0.0,1.0,4.18,11.5
2009-07-17,30.8,34.9,26.7,37.0,41.9,71,0.3,0.3,0.0,3.0,2.19,7.1
2009-07-18,31.8,37.3,27.7,37.2,42.9,68,0.9,0.9,0.0,3.0,4.29,8.9
2009-07-19,27.3,28.9,26.3,30.2,33.1,83,42.3,42.3,0.0,17.0,8.85,18.9
2009-07-20,28.7,32.0,25.7,33.8,37.3,81,4.6,4.6,0.0,12.0,4.4,10.7
2009-07-21,30.1,33.9,26.6,36.1,41.6,78,1.4,1.4,0.0,8.0,3.36,8.2
2009-07-22,29.8,33.1,26.9,35.7,39.3,77,1.7,1.7,0.0,7.0,3.05,7.9
2009-07-23,29.8,33.9,26.7,36.2,41.1,79,1.7,1.7,0.0,7.0,3.26,7.4
2009-07-24,30.4,34.5,27.5,36.5,40.3,77,5.5,5.5,0.0,6.0,3.16,7.7
2009-07-25,30.1,33.2,28.3,36.6,39.5,80,6.2,6.2,0.0,12.0,3.92,8.7
2009-07-26,29.4,32.4,27.5,36.0,39.3,84,10.6,10.6,0.0,14.0,2.94,8.2
2009-07-27,29.6,33.4,27.6,36.2,39.8,84,11.4,11.4,0.0,17.0,3.86,8.7
2009-07-28,29.4,32.8,27.0,35.6,39.5,83,13.1,13.1,0.0,19.0,4.03,8.6
2009-07-29,29.2,31.7,27.0,35.5,37.9,83,13.4,13.4,0.0,17.0,3.85,8.3
2009-07-30,29.1,32.8,26.4,34.9,39.2,82,2.3,2.3,0.0,7.0,4.27,10.0
2009-07-31,29.6,33.0,27.2,35.0,38.6,78,1.1,1.1,0.0,5.0,4.22,12.6
2009-08-01,30.3,35.1,25.9,36.5,41.4,75,0.0,0.0,0.0,0.0,2.11,5.3
2009-08-02,32.0,36.6,28.0,38.2,43.3,69,0.0,0.0,0.0,0.0,2.92,6.9
2009-08-03,31.9,35.7,28.8,38.9,44.2,74,0.1,0.1,0.0,1.0,2.91,7.1
2009-08-04,29.9,33.4,28.1,35.7,39.4,79,4.6,4.6,0.0,9.0,4.76,13.7
2009-08-05,27.6,28.6,26.6,31.8,33.2,87,17.3,17.3,0.0,24.0,6.1,14.2
2009-08-06,28.1,31.6,26.0,33.1,37.5,87,21.2,21.2,0.0,14.0,5.9,12.3
2009-08-07,30.5,34.9,25.8,37.3,42.3,78,0.4,0.4,0.0,3.0,3.31,7.6
2009-08-08,31.3,33.7,28.8,36.8,39.5,71,0.9,0.9,0.0,3.0,4.98,9.5
2009-08-09,31.3,34.2,28.7,37.3,41.1,70,0.4,0.4,0.0,3.0,3.93,9.7
2009-08-10,31.3,34.6,28.1,38.2,42.1,73,0.1,0.1,0.0,1.0,2.3,6.8
2009-08-11,29.4,32.9,27.1,36.6,40.5,84,15.7,15.7,0.0,17.0,2.43,6.0
2009-08-12,27.4,28.7,26.3,33.5,34.7,89,21.3,21.3,0.0,20.0,2.63,7.2
2009-08-13,27.5,30.1,25.9,33.5,36.1,88,8.2,8.2,0.0,17.0,3.86,8.1
2009-08-14,28.2,31.9,25.5,34.5,38.2,86,9.5,9.5,0.0,10.0,3.01,8.3
2009-08-15,29.8,34.1,27.2,36.7,42.0,82,9.6,9.6,0.0,9.0,3.47,7.9
2009-08-16,30.2,34.5,27.8,36.8,41.2,78,1.7,1.7,0.0,8.0,2.19,5.4
2009-08-17,29.6,33.9,26.8,36.0,40.8,79,4.2,4.2,0.0,9.0,2.28,6.3
2009-08-18,30.0,34.0,26.7,36.1,41.0,76,1.9,1.9,0.0,3.0,3.14,5.9
2009-08-19,30.5,34.3,26.9,36.9,40.9,74,0.4,0.4,0.0,2.0,2.88,5.6
2009-08-20,30.8,34.8,26.9,37.1,41.0,74,0.0,0.0,0.0,0.0,2.53,6.0
2009-08-21,30.9,35.2,27.1,37.0,41.7,72,0.0,0.0,0.0,0.0,2.79,5.1
2009-08-22,30.8,35.4,26.4,37.1,41.6,72,0.0,0.0,0.0,0.0,2.24,4.6
2009-08-23,30.5,35.7,26.9,37.1,43.4,75,0.9,0.9,0.0,2.0,2.9,4.7
2009-08-24,29.7,34.4,25.7,35.6,41.3,75,6.3,6.3,0.0,7.0,2.42,5.9
2009-08-25,29.3,33.7,26.3,35.7,42.3,78,6.9,6.9,0.0,8.0,2.58,6.2
2009-08-26,29.8,34.0,26.5,36.8,43.6,81,2.4,2.4,0.0,6.0,2.52,6.4
2009-08-27,30.3,34.8,27.0,37.6,43.0,80,2.4,2.4,0.0,5.0,2.11,6.2
2009-08-28,31.0,35.9,26.8,38.0,42.7,75,0.0,0.0,0.0,0.0,2.04,4.6
2009-08-29,30.7,35.5,26.9,37.5,43.4,76,2.1,2.1,0.0,2.0,2.56,6.3
2009-08-30,29.0,32.5,26.9,35.0,38.9,80,2.7,2.7,0.0,6.0,3.16,7.2
2009-08-31,28.7,33.0,25.8,33.3,38.7,74,0.4,0.4,0.0,2.0,3.83,8.9
2009-09-01,29.5,33.5,26.1,34.5,39.3,71,0.2,0.2,0.0,1.0,3.45,7.4
2009-09-02,29.5,33.3,26.0,35.4,39.0,76,0.0,0.0,0.0,0.0,2.88,7.5
2009-09-03,30.1,34.3,26.3,35.5,39.5,72,0.0,0.0,0.0,0.0,3.01,7.2
2009-09-04,30.3,35.4,26.3,36.5,42.3,74,0.0,0.0,0.0,0.0,3.21,6.5
2009-09-05,30.0,34.3,26.2,36.0,41.5,74,2.1,2.1,0.0,4.0,2.89,7.3
2009-09-06,30.2,34.0,27.1,36.5,41.2,75,1.1,1.1,0.0,4.0,2.52,5.3
2009-09-07,30.5,34.8,26.9,36.6,42.1,73,0.0,0.0,0.0,0.0,2.83,6.0
2009-09-08,30.0,34.4,26.8,36.6,43.3,77,3.0,3.0,0.0,4.0,3.11,5.4
2009-09-09,28.4,31.9,25.3,34.5,39.6,81,7.6,7.6,0.0,12.0,2.64,6.6
2009-09-10,29.5,33.4,26.5,34.3,37.0,72,1.9,1.9,0.0,5.0,3.81,8.3
2009-09-11,29.0,32.7,27.2,33.7,37.0,74,8.7,8.7,0.0,7.0,4.4,10.7
2009-09-12,29.3,33.2,26.7,35.2,38.3,78,5.3,5.3,0.0,4.0,3.01,11.1
2009-09-13,30.7,35.2,26.6,37.3,42.1,76,1.5,1.5,0.0,3.0,2.55,8.4
2009-09-14,29.3,31.8,27.0,34.0,37.1,77,0.8,0.8,0.0,4.0,8.08,15.4
2009-09-15,27.4,29.5,26.4,29.6,31.9,83,30.6,30.6,0.0,20.0,11.25,23.8
2009-09-16,27.8,30.5,26.2,33.2,36.8,88,8.7,8.7,0.0,16.0,4.28,11.4
2009-09-17,29.1,33.3,26.3,35.6,39.9,84,2.0,2.0,0.0,8.0,2.83,7.4
2009-09-18,29.9,34.3,26.2,36.7,41.1,81,0.0,0.0,0.0,0.0,1.97,5.6
2009-09-19,30.6,34.9,27.0,37.5,41.8,78,0.0,0.0,0.0,0.0,2.33,6.2
2009-09-20,30.6,34.1,27.8,37.5,41.7,80,0.7,0.7,0.0,3.0,3.18,6.7
2009-09-21,29.2,33.5,27.2,34.8,39.6,79,4.2,4.2,0.0,10.0,3.8,7.0
2009-09-22,27.5,30.2,25.1,30.5,34.2,67,0.0,0.0,0.0,0.0,4.39,8.9
2009-09-23,28.1,32.1,24.6,31.8,37.5,68,0.0,0.0,0.0,0.0,3.52,7.2
2009-09-24,29.7,33.4,26.3,34.6,38.1,71,0.0,0.0,0.0,0.0,3.28,8.5
2009-09-25,29.8,33.5,26.5,35.4,39.8,73,0.0,0.0,0.0,0.0,2.15,5.4
2009-09-26,30.4,35.1,26.5,35.2,39.7,68,0.1,0.1,0.0,1.0,3.47,7.8
2009-09-27,30.6,33.9,27.7,33.3,36.8,59,0.0,0.0,0.0,0.0,5.8,11.0
2009-09-28,27.7,30.6,24.8,29.7,31.6,67,11.6,11.6,0.0,10.0,5.7,12.5
2009-09-29,25.1,25.7,24.7,28.0,28.6,86,33.6,33.6,0.0,23.0,5.5,12.2
2009-09-30,25.7,27.1,24.5,28.6,30.5,80,5.4,5.4,0.0,13.0,4.96,9.7
2009-10-01,27.6,31.1,24.9,31.2,35.4,72,0.0,0.0,0.0,0.0,3.64,7.1
2009-10-02,28.2,32.6,24.5,31.3,35.8,65,0.0,0.0,0.0,0.0,4.27,8.9
2009-10-03,27.4,32.1,24.6,29.4,34.4,59,0.0,0.0,0.0,0.0,3.64,7.9
2009-10-04,26.6,32.0,22.1,27.8,33.8,56,0.0,0.0,0.0,0.0,4.2,8.7
2009-10-05,27.1,32.4,23.2,27.0,32.5,45,0.0,0.0,0.0,0.0,4.6,9.9
2009-10-06,27.7,32.0,24.6,28.4,34.4,49,0.0,0.0,0.0,0.0,3.88,9.5
2009-10-07,27.3,32.1,24.5,28.3,33.9,49,0.0,0.0,0.0,0.0,3.61,7.3
2009-10-08,25.3,30.1,21.7,26.3,31.3,54,0.0,0.0,0.0,0.0,2.95,6.2
2009-10-09,25.4,29.6,20.6,26.7,31.8,58,0.0,0.0,0.0,0.0,2.91,6.7
2009-10-10,26.6,30.8,23.1,27.4,32.6,50,0.0,0.0,0.0,0.0,3.44,7.9
2009-10-11,26.8,31.5,23.8,28.6,34.0,59,0.0,0.0,0.0,0.0,4.56,9.5
2009-10-12,27.5,30.9,25.3,31.3,33.6,71,0.5,0.5,0.0,2.0,3.51,8.4
2009-10-13,27.6,30.5,25.2,31.9,34.3,75,0.4,0.4,0.0,4.0,2.6,7.0
2009-10-14,26.7,29.4,24.3,27.6,30.8,58,0.0,0.0,0.0,0.0,4.61,9.5
2009-10-15,25.9,30.3,22.7,27.6,33.0,61,0.0,0.0,0.0,0.0,3.76,7.4
2009-10-16,26.9,31.4,23.2,30.2,35.2,67,0.0,0.0,0.0,0.0,1.92,6.0
2009-10-17,27.2,32.5,23.0,29.1,33.2,58,0.0,0.0,0.0,0.0,3.52,8.6
2009-10-18,26.1,32.0,21.9,28.4,33.6,66,0.0,0.0,0.0,0.0,2.77,6.9
2009-10-19,26.1,31.1,22.2,29.3,33.4,73,0.4,0.4,0.0,2.0,3.62,8.0
2009-10-20,24.8,26.5,23.3,27.5,31.4,74,4.3,4.3,0.0,13.0,3.98,9.0
2009-10-21,24.5,26.6,23.1,26.8,29.0,69,0.0,0.0,0.0,0.0,3.2,6.0
2009-10-22,26.6,31.1,22.5,28.6,32.8,62,0.0,0.0,0.0,0.0,3.23,7.4
2009-10-23,26.5,31.3,22.7,28.0,33.0,57,0.0,0.0,0.0,0.0,3.01,6.9
2009-10-24,25.8,31.1,22.4,27.0,32.4,55,0.0,0.0,0.0,0.0,2.28,5.9
2009-10-25,25.3,31.1,21.0,26.5,32.7,56,0.0,0.0,0.0,0.0,2.34,6.3
2009-10-26,24.5,30.7,19.9,26.6,33.3,66,0.0,0.0,0.0,0.0,2.47,5.9
2009-10-27,24.6,30.1,21.1,26.8,33.0,70,0.0,0.0,0.0,0.0,3.26,6.4
2009-10-28,24.4,29.6,20.5,26.8,32.3,70,0.0,0.0,0.0,0.0,2.51,6.4
2009-10-29,24.4,30.6,19.8,27.0,33.8,72,0.0,0.0,0.0,0.0,2.1,5.1
2009-10-30,24.3,30.2,19.9,27.1,33.5,76,0.0,0.0,0.0,0.0,2.16,5.7
2009-10-31,25.2,30.6,21.4,28.3,34.2,74,0.0,0.0,0.0,0.0,2.28,4.6
2009-11-01,25.8,30.3,21.9,26.0,30.4,60,0.0,0.0,0.0,0.0,6.68,14.1
2009-11-02,22.8,27.0,17.5,18.4,21.8,35,0.0,0.0,0.0,0.0,8.5,17.1
2009-11-03,16.7,21.4,13.4,12.7,18.4,32,0.0,0.0,0.0,0.0,5.91,12.0
2009-11-04,17.8,25.2,11.5,15.6,23.6,43,0.0,0.0,0.0,0.0,2.97,7.7
2009-11-05,20.8,28.4,14.3,19.7,28.2,48,0.0,0.0,0.0,0.0,2.62,7.3
2009-11-06,22.4,29.8,15.1,23.0,31.5,59,0.0,0.0,0.0,0.0,2.1,4.7
2009-11-07,25.5,29.9,21.8,28.3,33.0,72,0.0,0.0,0.0,0.0,2.89,7.8
2009-11-08,25.7,29.0,23.1,29.7,33.5,78,1.6,1.6,0.0,6.0,2.72,5.9
2009-11-09,26.3,29.6,23.7,30.2,32.6,78,2.4,2.4,0.0,9.0,2.92,8.0
2009-11-10,26.2,29.6,23.3,30.1,33.2,75,1.9,1.9,0.0,6.0,2.6,6.9
2009-11-11,25.3,29.4,23.1,28.1,31.7,80,8.0,8.0,0.0,18.0,4.82,11.9
2009-11-12,19.7,23.8,15.2,20.2,27.5,87,31.1,31.1,0.0,24.0,5.84,11.9
2009-11-13,14.3,17.4,11.7,11.3,14.2,72,9.9,9.9,0.0,7.0,6.24,12.8
2009-11-14,12.9,13.7,11.7,10.2,11.8,67,0.0,0.0,0.0,0.0,4.51,9.2
2009-11-15,12.1,12.9,11.2,10.4,11.0,90,9.9,9.9,0.0,19.0,4.43,9.0
2009-11-16,11.8,12.8,10.0,8.8,10.5,86,5.9,5.9,0.0,21.0,6.51,12.4
2009-11-17,10.0,12.4,7.9,4.8,7.1,58,0.0,0.0,0.0,0.0,7.86,15.5
2009-11-18,9.6,12.4,7.1,5.4,8.5,58,0.0,0.0,0.0,0.0,5.41,10.6
2009-11-19,11.3,14.2,8.9,7.2,10.0,54,0.0,0.0,0.0,0.0,5.45,11.4
2009-11-20,12.3,14.9,10.4,7.9,10.9,55,0.0,0.0,0.0,0.0,6.63,13.4
2009-11-21,13.1,17.1,10.7,8.9,13.1,45,0.0,0.0,0.0,0.0,6.0,12.1
2009-11-22,14.2,19.6,9.8,11.1,16.3,50,0.0,0.0,0.0,0.0,4.2,9.4
2009-11-23,15.5,22.5,11.0,13.9,21.9,60,0.0,0.0,0.0,0.0,2.69,6.6
2009-11-24,17.0,25.1,11.2,16.9,25.6,74,0.0,0.0,0.0,0.0,1.91,5.6
2009-11-25,19.1,26.8,12.8,19.8,28.1,73,0.0,0.0,0.0,0.0,1.87,4.9
2009-11-26,19.6,26.0,14.5,20.8,27.5,79,0.0,0.0,0.0,0.0,2.1,4.4
2009-11-27,21.4,27.6,17.0,23.2,29.8,76,0.0,0.0,0.0,0.0,1.94,4.4
2009-11-28,21.0,25.8,17.6,22.6,27.8,77,0.2,0.2,0.0,1.0,2.12,4.8
2009-11-29,19.3,22.5,17.2,18.0,21.3,63,0.0,0.0,0.0,0.0,4.62,9.8
2009-11-30,17.5,21.1,15.0,16.1,20.6,65,0.0,0.0,0.0,0.0,3.9,9.0
2009-12-01,16.2,21.1,12.9,14.9,20.2,68,0.0,0.0,0.0,0.0,3.54,8.2
2009-12-02,17.1,22.0,12.9,15.9,21.0,67,0.0,0.0,0.0,0.0,5.31,10.2
2009-12-03,16.2,19.2,13.2,13.6,16.3,56,0.0,0.0,0.0,0.0,5.11,11.6
2009-12-04,15.3,20.7,11.0,13.4,19.6,57,0.0,0.0,0.0,0.0,2.67,6.0
2009-12-05,15.4,20.8,11.5,13.0,17.7,52,0.0,0.0,0.0,0.0,3.85,9.3
2009-12-06,15.5,22.3,10.3,14.3,21.0,64,0.0,0.0,0.0,0.0,2.06,6.0
2009-12-07,15.8,17.6,14.2,16.0,17.2,84,6.7,6.7,0.0,13.0,2.16,4.5
2009-12-08,16.5,17.7,15.4,17.0,18.5,90,7.3,7.3,0.0,17.0,2.43,9.3
2009-12-09,18.2,19.1,17.3,18.8,20.4,83,0.7,0.7,0.0,4.0,3.14,6.8
2009-12-10,18.9,22.4,15.7,19.8,23.9,81,0.0,0.0,0.0,0.0,2.21,5.9
2009-12-11,18.8,24.4,14.5,19.8,25.7,82,0.0,0.0,0.0,0.0,2.42,6.6
2009-12-12,20.1,25.6,16.0,21.6,26.6,81,0.1,0.1,0.0,1.0,3.31,7.8
2009-12-13,20.1,24.5,16.8,21.1,25.6,78,0.0,0.0,0.0,0.0,3.9,7.7
2009-12-14,19.5,23.1,16.9,19.4,22.9,71,0.0,0.0,0.0,0.0,3.83,7.5
2009-12-15,16.7,20.1,12.2,16.3,22.0,84,13.1,13.1,0.0,15.0,6.79,13.6
2009-12-16,12.0,13.7,10.4,8.6,10.4,65,0.0,0.0,0.0,0.0,5.39,10.8
2009-12-17,10.4,12.1,8.6,6.9,8.3,67,1.2,1.2,0.0,4.0,5.03,10.2
2009-12-18,10.8,13.2,9.0,7.3,10.1,58,0.0,0.0,0.0,0.0,4.48,10.2
2009-12-19,11.6,15.6,8.3,7.8,12.0,49,0.0,0.0,0.0,0.0,4.57,10.6
2009-12-20,12.2,15.2,9.3,8.2,11.0,40,0.0,0.0,0.0,0.0,4.25,9.9
2009-12-21,13.2,17.6,9.6,10.1,14.8,44,0.0,0.0,0.0,0.0,3.72,8.1
2009-12-22,14.0,20.1,8.4,12.6,19.1,65,0.0,0.0,0.0,0.0,1.97,6.2
2009-12-23,17.7,22.9,13.6,17.5,22.8,74,0.0,0.0,0.0,0.0,3.13,6.9
2009-12-24,19.0,24.9,15.0,20.2,26.3,82,0.5,0.5,0.0,3.0,1.87,4.8
2009-12-25,18.1,20.8,15.8,17.9,21.0,77,0.0,0.0,0.0,0.0,5.39,12.0
2009-12-26,16.2,18.2,14.8,15.2,18.0,69,0.0,0.0,0.0,0.0,3.62,7.2
2009-12-27,13.1,15.7,9.0,11.1,15.7,83,8.8,8.8,0.0,13.0,7.41,13.8
2009-12-28,10.5,13.7,7.7,7.4,11.0,62,0.8,0.8,0.0,2.0,4.63,9.2
2009-12-29,11.4,12.3,10.5,10.0,11.0,86,11.9,11.9,0.0,19.0,3.0,10.3
2009-12-30,14.8,16.3,12.3,14.1,16.1,84,10.3,10.3,0.0,12.0,3.51,8.3
2009-12-31,14.8,16.2,13.7,12.9,14.4,65,0.0,0.0,0.0,0.0,3.67,7.9
