time,temperature_2m_mean,temperature_2m_max,temperature_2m_min,apparent_temperature_mean,apparent_temperature_max,relative_humidity_2m_mean,precipitation_sum,rain_sum,snowfall_sum,precipitation_hours,wind_speed_10m_max,wind_gusts_10m_max
2010-01-01,3.2,5.6,1.2,0.6,3.5,86,2.2,2.2,0.0,7.0,2.69,5.3
2010-01-02,5.4,12.6,1.4,2.7,10.2,80,2.3,2.3,0.0,3.0,2.51,4.7
2010-01-03,7.1,15.6,0.8,4.1,11.9,79,0.0,0.0,0.0,0.0,5.06,11.7
2010-01-04,7.8,10.0,5.6,6.1,8.3,92,3.3,3.3,0.0,11.0,2.73,6.0
2010-01-05,3.2,7.2,2.0,-0.7,4.5,89,9.0,8.9,0.07,14.0,4.83,9.4
2010-01-06,4.6,9.6,1.5,1.8,6.8,79,0.0,0.0,0.0,0.0,2.69,5.5
2010-01-07,3.2,7.0,1.3,0.1,3.8,83,0.0,0.0,0.0,0.0,2.6,6.4
2010-01-08,6.6,13.8,0.0,3.2,10.0,75,0.0,0.0,0.0,0.0,5.9,12.2
2010-01-09,6.2,7.5,4.5,3.6,4.8,89,0.8,0.8,0.0,5.0,3.37,8.1
2010-01-10,4.7,6.3,3.6,1.6,3.6,87,0.0,0.0,0.0,0.0,3.62,6.5
2010-01-11,2.6,3.7,1.0,-1.3,-0.1,79,0.0,0.0,0.0,0.0,4.1,7.4
2010-01-12,1.7,5.0,-0.0,-2.2,1.6,63,0.0,0.0,0.0,0.0,3.89,7.7
2010-01-13,2.4,5.8,-0.2,-1.0,2.4,65,0.0,0.0,0.0,0.0,2.56,4.8
2010-01-14,4.7,9.1,1.2,0.4,3.8,65,0.0,0.0,0.0,0.0,6.55,13.5
2010-01-15,4.3,7.8,2.2,0.9,3.5,81,0.0,0.0,0.0,0.0,4.84,10.1
2010-01-16,5.1,11.9,0.8,2.5,8.7,80,0.0,0.0,0.0,0.0,3.44,7.0
2010-01-17,6.2,12.1,2.6,4.0,10.0,85,0.0,0.0,0.0,0.0,2.31,6.2
2010-01-18,7.6,11.3,4.0,4.2,7.1,88,0.0,0.0,0.0,0.0,6.4,13.1
2010-01-19,11.8,17.4,8.4,8.1,13.9,79,0.0,0.0,0.0,0.0,7.24,14.8
2010-01-20,12.2,17.1,9.3,9.9,15.1,80,0.0,0.0,0.0,0.0,7.24,13.9
2010-01-21,8.4,10.4,5.4,5.5,8.0,84,1.6,1.6,0.0,8.0,4.95,9.4
2010-01-22,2.9,5.5,0.2,-0.9,2.6,89,0.9,0.9,0.0,6.0,4.59,8.9
2010-01-23,0.5,2.4,-1.4,-3.0,-0.6,86,0.0,0.0,0.0,0.0,3.19,6.4
2010-01-24,4.1,10.0,0.4,0.9,8.2,89,0.4,0.4,0.0,2.0,5.04,10.4
2010-01-25,4.5,8.3,1.5,0.7,4.9,78,0.0,0.0,0.0,0.0,4.31,8.6
2010-01-26,6.5,12.5,1.0,2.1,6.7,72,0.0,0.0,0.0,0.0,8.44,17.0
2010-01-27,8.7,11.4,6.2,5.8,9.6,80,0.1,0.1,0.0,1.0,8.42,16.6
2010-01-28,12.0,17.8,7.9,10.1,14.9,76,0.2,0.2,0.0,2.0,3.62,7.8
2010-01-29,9.1,10.9,7.1,6.9,9.4,85,3.7,3.7,0.0,13.0,5.1,9.1
2010-01-30,9.3,13.7,5.9,7.2,12.9,84,3.9,3.9,0.0,12.0,4.65,9.5
2010-01-31,9.7,16.0,6.5,7.3,13.5,79,2.6,2.6,0.0,8.0,3.47,8.1
2010-02-01,6.3,8.4,4.4,3.8,6.0,92,4.0,4.0,0.0,17.0,3.16,6.3
2010-02-02,4.9,7.9,2.3,1.8,4.6,87,4.4,4.4,0.0,15.0,3.91,7.1
2010-02-03,2.7,4.4,1.1,-0.7,0.9,92,3.9,3.9,0.0,17.0,3.61,7.0
2010-02-04,2.0,3.6,0.6,-1.2,0.7,93,2.8,2.8,0.0,13.0,3.11,6.0
2010-02-05,3.3,5.1,1.6,0.6,2.8,95,3.0,3.0,0.0,16.0,3.22,6.7
2010-02-06,4.0,6.0,2.3,1.3,3.8,94,3.1,3.1,0.0,14.0,3.02,5.7
2010-02-07,10.8,17.9,5.3,8.5,14.5,81,0.0,0.0,0.0,0.0,6.71,13.6
2010-02-08,15.8,21.5,12.1,12.5,17.8,69,0.0,0.0,0.0,0.0,8.06,16.2
2010-02-09,17.4,24.2,11.3,14.0,20.3,57,0.0,0.0,0.0,0.0,8.14,16.3
2010-02-10,18.7,27.1,9.6,14.8,24.0,44,0.0,0.0,0.0,0.0,8.66,16.5
2010-02-11,6.0,9.3,0.7,2.3,6.5,82,0.0,0.0,0.0,0.0,4.76,9.6
2010-02-12,1.5,4.3,-0.9,-3.0,-0.1,70,0.0,0.0,0.0,0.0,4.24,8.9
2010-02-13,0.4,3.8,-1.3,-3.6,0.6,80,1.8,1.6,0.14,13.0,3.91,9.8
2010-02-14,0.9,3.7,-1.3,-3.1,-0.2,82,0.8,0.3,0.35,3.0,3.78,8.0
2010-02-15,-0.1,1.4,-1.5,-4.6,-3.0,76,0.0,0.0,0.07,0.0,4.28,8.8
2010-02-16,-0.6,1.5,-2.1,-4.9,-2.6,73,0.0,0.0,0.0,0.0,3.89,7.8
2010-02-17,0.7,2.2,-0.6,-3.5,-2.2,72,0.0,0.0,0.0,0.0,3.42,7.9
2010-02-18,1.0,3.1,-0.6,-3.4,-1.2,66,0.1,0.0,0.42,1.0,3.58,7.2
2010-02-19,3.7,10.8,-1.2,0.7,8.4,68,0.0,0.0,0.0,0.0,2.91,5.8
2010-02-20,5.5,11.8,1.8,2.4,8.8,69,0.0,0.0,0.0,0.0,2.82,8.1
2010-02-21,6.0,12.9,0.6,3.1,10.9,75,0.0,0.0,0.0,0.0,3.73,9.9
2010-02-22,8.5,18.7,0.5,6.5,16.4,75,0.0,0.0,0.0,0.0,3.18,7.4
2010-02-23,11.9,17.5,6.5,8.3,13.2,76,0.0,0.0,0.0,0.0,8.63,15.8
2010-02-24,17.0,27.1,11.0,13.5,23.8,52,0.0,0.0,0.0,0.0,8.85,17.6
2010-02-25,12.2,18.7,7.0,9.5,15.4,61,0.0,0.0,0.0,0.0,4.48,10.8
2010-02-26,13.2,22.1,7.7,11.2,19.9,68,0.5,0.5,0.0,3.0,4.19,9.9
2010-02-27,15.3,22.4,8.9,13.4,19.8,73,0.0,0.0,0.0,0.0,6.99,13.8
2010-02-28,20.1,29.1,14.4,16.2,22.4,51,0.0,0.0,0.0,0.0,9.4,18.6
2010-03-01,18.9,28.8,11.4,17.0,24.6,55,0.0,0.0,0.0,0.0,6.08,12.5
2010-03-02,16.5,24.0,7.6,14.9,23.4,67,0.9,0.9,0.0,4.0,6.1,13.2
2010-03-03,6.5,10.2,3.7,3.4,6.8,85,3.4,3.4,0.0,15.0,4.14,8.4
2010-03-04,9.0,13.8,5.6,6.6,11.1,83,0.1,0.1,0.0,1.0,5.11,11.6
2010-03-05,7.0,9.3,4.1,4.2,6.9,87,3.1,3.1,0.0,13.0,4.44,8.1
2010-03-06,5.2,8.4,3.3,1.4,4.8,82,2.3,2.3,0.0,6.0,4.61,9.1
2010-03-07,3.7,7.6,1.9,0.0,3.7,78,0.0,0.0,0.0,0.0,4.1,9.2
2010-03-08,2.8,5.4,0.5,-1.4,1.0,83,1.7,1.6,0.07,9.0,4.85,10.4
2010-03-09,1.7,4.3,0.0,-2.7,-0.3,73,0.0,0.0,0.21,0.0,4.8,9.5
2010-03-10,4.0,9.8,0.0,1.0,6.9,69,0.8,0.0,0.56,3.0,2.69,5.9
2010-03-11,9.3,17.5,2.5,5.5,13.6,53,1.7,1.7,0.0,4.0,5.3,12.2
2010-03-12,11.5,20.0,4.4,8.5,17.7,57,0.0,0.0,0.0,0.0,4.03,9.8
2010-03-13,12.1,16.7,8.5,9.9,13.6,80,0.2,0.2,0.0,2.0,5.36,11.0
2010-03-14,16.4,22.4,12.9,14.8,21.8,74,0.9,0.9,0.0,5.0,5.64,12.5
2010-03-15,10.3,13.8,7.4,7.3,11.1,82,2.4,2.4,0.0,11.0,5.1,11.2
2010-03-16,10.5,16.7,5.7,7.8,14.1,67,0.0,0.0,0.0,0.0,4.68,9.3
2010-03-17,13.0,19.6,8.8,10.4,16.2,60,0.0,0.0,0.0,0.0,6.58,12.0
2010-03-18,16.2,26.9,6.9,14.1,25.3,55,0.0,0.0,0.0,0.0,4.3,8.3
2010-03-19,18.8,27.5,12.3,16.2,24.3,58,0.3,0.3,0.0,2.0,6.56,14.2
2010-03-20,19.2,27.9,12.8,18.6,29.1,64,0.8,0.8,0.0,2.0,5.05,9.9
2010-03-21,19.8,25.2,15.7,18.2,22.1,68,0.0,0.0,0.0,0.0,8.11,16.1
2010-03-22,20.5,26.5,16.7,18.4,23.9,65,14.9,14.9,0.0,4.0,8.83,17.7
2010-03-23,10.7,16.2,6.1,7.8,15.1,80,22.0,22.0,0.0,17.0,5.5,10.8
2010-03-24,6.7,7.5,5.9,2.9,3.4,87,4.9,4.9,0.0,16.0,6.0,13.1
2010-03-25,6.0,7.6,4.1,1.7,3.8,78,1.6,1.6,0.0,8.0,6.1,12.3
2010-03-26,9.5,16.4,2.9,6.2,11.6,59,0.0,0.0,0.0,0.0,6.21,14.0
2010-03-27,11.2,16.9,6.9,8.3,14.3,60,0.0,0.0,0.0,0.0,4.52,8.5
2010-03-28,12.3,17.3,7.1,9.1,13.3,64,0.9,0.9,0.0,3.0,6.34,12.5
2010-03-29,13.9,17.7,10.7,10.5,14.6,66,4.3,4.3,0.0,6.0,8.41,17.0
2010-03-30,11.3,13.3,9.6,9.8,12.8,85,8.8,8.8,0.0,11.0,3.77,10.6
2010-03-31,15.3,22.4,10.0,13.6,19.9,81,12.4,12.4,0.0,20.0,9.17,19.6
2010-04-01,10.4,12.6,7.8,7.3,9.6,81,4.3,4.3,0.0,9.0,5.65,13.0
2010-04-02,8.0,9.1,7.1,5.2,6.2,83,1.5,1.5,0.0,7.0,3.36,7.2
2010-04-03,8.8,11.6,6.4,6.8,9.8,88,0.7,0.7,0.0,3.0,2.64,6.4
2010-04-04,11.6,16.0,8.6,10.6,15.1,86,0.9,0.9,0.0,5.0,2.01,5.3
2010-04-05,14.1,19.5,10.0,13.7,19.6,85,4.7,4.7,0.0,9.0,3.36,7.8
2010-04-06,12.5,14.1,10.6,10.3,13.2,85,5.5,5.5,0.0,12.0,5.41,10.7
2010-04-07,9.4,11.7,7.2,6.8,9.7,86,3.6,3.6,0.0,11.0,4.29,8.1
2010-04-08,13.6,23.0,7.1,12.1,21.2,71,2.9,2.9,0.0,4.0,4.24,9.0
2010-04-09,16.0,23.2,11.2,14.5,21.5,77,0.0,0.0,0.0,0.0,5.89,13.4
2010-04-10,16.3,20.5,14.6,16.7,21.0,85,1.8,1.8,0.0,11.0,3.05,6.9
2010-04-11,17.9,23.7,15.0,18.0,24.4,83,5.9,5.9,0.0,13.0,5.48,11.6
2010-04-12,15.1,18.5,12.3,14.4,18.9,86,4.4,4.4,0.0,8.0,5.4,10.7
2010-04-13,7.4,12.5,4.3,4.3,9.7,90,35.7,35.7,0.0,19.0,5.99,12.3
2010-04-14,4.8,6.1,3.6,1.7,3.7,94,13.0,13.0,0.0,24.0,4.31,9.0
2010-04-15,8.0,13.7,4.1,5.6,11.5,82,4.6,4.6,0.0,9.0,3.42,7.3
2010-04-16,10.7,16.5,5.5,9.0,14.9,76,0.0,0.0,0.0,0.0,4.2,9.2
2010-04-17,12.6,16.8,9.2,10.7,14.5,82,0.0,0.0,0.0,0.0,5.7,11.7
2010-04-18,14.2,17.5,11.8,14.0,17.4,86,2.4,2.4,0.0,9.0,2.38,6.0
2010-04-19,16.7,21.3,13.4,16.8,21.0,86,7.5,7.5,0.0,15.0,3.86,8.4
2010-04-20,20.1,25.4,17.2,20.4,24.9,80,3.1,3.1,0.0,17.0,6.38,14.7
2010-04-21,17.6,20.4,14.7,16.3,22.1,76,8.3,8.3,0.0,6.0,6.4,13.7
2010-04-22,11.6,15.2,9.6,9.2,13.5,81,1.7,1.7,0.0,9.0,4.4,9.1
2010-04-23,12.0,16.5,8.6,9.8,14.0,73,4.0,4.0,0.0,7.0,3.14,7.0
2010-04-24,13.8,17.1,10.5,11.1,14.1,67,0.2,0.2,0.0,1.0,5.74,11.9
2010-04-25,13.2,14.8,11.0,11.3,14.9,87,18.5,18.5,0.0,22.0,5.66,11.8
2010-04-26,12.0,16.1,9.8,9.7,13.6,78,7.2,7.2,0.0,9.0,4.4,9.9
2010-04-27,15.2,23.4,8.6,14.3,24.0,68,0.0,0.0,0.0,0.0,3.1,6.4
2010-04-28,17.0,22.4,12.7,16.4,21.9,71,0.0,0.0,0.0,0.0,3.09,6.9
2010-04-29,18.1,23.8,12.5,17.5,22.3,67,0.1,0.1,0.0,1.0,3.55,7.5
2010-04-30,18.7,23.2,15.1,18.6,22.9,73,0.9,0.9,0.0,3.0,3.19,7.2
2010-05-01,17.4,21.1,14.7,17.7,20.8,80,17.2,17.2,0.0,16.0,3.27,7.5
2010-05-02,19.1,24.9,13.5,18.6,24.3,73,0.0,0.0,0.0,0.0,5.2,10.7
2010-05-03,20.0,23.3,17.7,18.8,21.4,80,1.2,1.2,0.0,5.0,9.01,18.4
2010-05-04,21.9,26.5,19.4,22.2,28.0,80,2.0,2.0,0.0,9.0,7.5,14.9
2010-05-05,23.1,27.3,20.4,25.1,29.6,78,3.5,3.5,0.0,10.0,4.41,8.4
2010-05-06,18.4,20.6,14.7,18.3,23.3,82,17.5,17.5,0.0,11.0,6.89,14.0
2010-05-07,14.4,16.0,13.0,13.8,16.0,86,0.1,0.1,0.0,1.0,3.72,7.8
2010-05-08,14.9,17.0,13.0,14.7,17.3,88,3.1,3.1,0.0,14.0,3.71,7.5
2010-05-09,16.9,19.6,14.2,16.3,18.8,82,7.4,7.4,0.0,15.0,4.21,8.8
2010-05-10,15.7,18.7,13.2,14.4,16.9,73,0.9,0.9,0.0,2.0,3.89,9.5
2010-05-11,16.2,19.2,12.9,15.9,18.5,77,0.6,0.6,0.0,3.0,3.26,6.8
2010-05-12,18.1,21.1,15.4,17.5,20.8,86,0.6,0.6,0.0,4.0,7.54,14.3
2010-05-13,18.4,19.7,16.4,18.7,21.5,85,9.8,9.8,0.0,14.0,5.09,10.3
2010-05-14,16.8,19.2,14.8,16.5,19.0,85,3.2,3.2,0.0,8.0,3.91,7.7
2010-05-15,15.9,19.4,13.1,15.5,18.5,86,0.5,0.5,0.0,3.0,5.12,9.9
2010-05-16,20.0,25.8,15.8,20.4,27.7,84,11.3,11.3,0.0,20.0,6.41,12.4
2010-05-17,20.0,26.4,16.1,21.1,28.5,82,13.3,13.3,0.0,12.0,3.83,12.0
2010-05-18,20.3,24.0,17.6,21.3,25.8,83,10.1,10.1,0.0,13.0,4.46,11.5
2010-05-19,17.1,19.3,15.6,17.3,19.4,88,5.7,5.7,0.0,8.0,3.72,7.1
2010-05-20,16.1,18.4,14.4,16.8,19.4,93,6.3,6.3,0.0,17.0,3.09,6.6
2010-05-21,16.0,19.4,13.1,15.4,18.7,87,9.4,9.4,0.0,16.0,4.41,9.2
2010-05-22,17.2,21.1,13.8,16.0,19.4,76,3.8,3.8,0.0,5.0,5.76,12.5
2010-05-23,19.3,27.5,12.6,19.9,28.7,68,0.0,0.0,0.0,0.0,2.92,5.1
2010-05-24,21.6,28.5,15.2,21.5,29.2,66,0.0,0.0,0.0,0.0,5.42,11.3
2010-05-25,20.9,24.4,17.2,19.8,23.5,66,1.2,1.2,0.0,4.0,7.01,13.6
2010-05-26,19.9,21.3,18.7,20.3,23.3,89,15.2,15.2,0.0,20.0,6.48,13.0
2010-05-27,19.4,21.5,17.0,19.8,22.4,86,47.3,47.3,0.0,15.0,5.24,10.2
2010-05-28,17.6,19.4,16.1,17.7,19.3,85,0.2,0.2,0.0,1.0,4.3,8.3
2010-05-29,18.9,21.4,16.8,20.0,22.2,85,2.9,2.9,0.0,8.0,2.64,6.3
2010-05-30,19.8,23.9,15.7,21.2,25.2,82,0.4,0.4,0.0,3.0,3.14,6.0
2010-05-31,20.8,24.5,18.0,22.1,26.4,87,26.6,26.6,0.0,19.0,5.0,11.0
2010-06-01,16.3,17.9,15.2,15.8,18.1,94,24.5,24.5,0.0,24.0,5.2,11.0
2010-06-02,14.4,15.2,13.3,14.0,15.1,91,2.1,2.1,0.0,8.0,3.55,7.3
2010-06-03,16.2,20.5,11.8,15.6,19.8,79,0.0,0.0,0.0,0.0,3.67,7.7
2010-06-04,17.8,23.1,12.9,18.1,22.9,74,0.0,0.0,0.0,0.0,2.33,6.1
2010-06-05,16.9,18.2,15.8,17.2,18.1,84,1.9,1.9,0.0,7.0,3.45,7.0
2010-06-06,17.2,19.1,15.8,16.8,18.8,90,4.2,4.2,0.0,6.0,6.84,12.8
2010-06-07,21.6,24.7,18.6,21.4,24.2,83,2.4,2.4,0.0,7.0,8.9,17.8
2010-06-08,19.9,21.6,16.9,20.1,24.6,80,19.0,19.0,0.0,11.0,4.8,11.0
2010-06-09,18.4,21.2,15.4,19.1,22.0,82,1.0,1.0,0.0,4.0,3.04,6.9
2010-06-10,17.0,18.5,15.9,17.9,19.8,94,8.0,8.0,0.0,12.0,2.9,5.9
2010-06-11,16.1,17.1,15.3,16.6,17.4,92,5.5,5.5,0.0,13.0,3.01,7.1
2010-06-12,15.9,17.8,14.5,16.8,18.5,93,7.5,7.5,0.0,12.0,2.77,6.2
2010-06-13,16.8,19.5,14.9,17.7,20.6,88,8.6,8.6,0.0,15.0,2.65,6.2
2010-06-14,19.4,24.0,16.1,20.6,24.9,80,9.4,9.4,0.0,13.0,2.77,6.8
2010-06-15,21.1,25.4,16.8,22.7,26.5,77,0.8,0.8,0.0,3.0,2.44,5.6
2010-06-16,20.8,24.3,18.4,23.1,26.7,91,35.2,35.2,0.0,22.0,4.05,8.1
2010-06-17,22.1,26.4,19.1,24.7,28.9,82,19.9,19.9,0.0,12.0,2.21,5.5
2010-06-18,24.1,29.0,20.0,26.7,31.8,80,6.2,6.2,0.0,10.0,5.15,10.3
2010-06-19,23.2,25.4,20.1,25.1,27.7,83,14.7,14.7,0.0,16.0,4.76,12.2
2010-06-20,19.8,21.1,18.8,21.3,22.7,89,7.2,7.2,0.0,17.0,4.62,8.8
2010-06-21,20.3,22.5,18.3,22.4,24.4,84,0.4,0.4,0.0,3.0,1.84,5.8
2010-06-22,21.3,25.1,17.2,23.3,26.6,84,3.2,3.2,0.0,12.0,3.36,8.4
2010-06-23,22.0,26.3,20.1,23.9,28.3,89,48.9,48.9,0.0,23.0,6.4,12.2
2010-06-24,18.3,20.1,17.2,19.5,22.2,94,40.6,40.6,0.0,21.0,3.44,8.8
2010-06-25,20.3,24.5,17.4,21.6,25.0,82,1.1,1.1,0.0,3.0,3.4,7.5
2010-06-26,19.3,21.0,17.7,20.6,21.8,89,8.7,8.7,0.0,16.0,4.13,9.0
2010-06-27,20.0,22.8,18.0,21.8,24.6,90,8.4,8.4,0.0,13.0,4.19,8.6
2010-06-28,21.0,22.4,20.0,24.2,26.2,95,62.1,62.1,0.0,24.0,2.64,6.3
2010-06-29,21.3,22.4,20.2,23.7,24.7,95,21.1,21.1,0.0,19.0,5.79,10.9
2010-06-30,23.4,27.3,20.8,24.2,27.1,82,1.0,1.0,0.0,5.0,8.37,16.0
2010-07-01,24.8,28.8,21.4,25.2,29.2,75,0.0,0.0,0.0,0.0,8.84,17.0
2010-07-02,25.6,29.5,22.4,26.1,29.8,73,0.0,0.0,0.0,0.0,8.52,16.9
2010-07-03,26.1,30.4,22.8,27.5,31.7,74,0.0,0.0,0.0,0.0,7.37,14.4
2010-07-04,26.6,31.0,23.3,28.3,32.6,72,0.1,0.1,0.0,1.0,6.84,14.1
2010-07-05,24.5,26.7,21.7,28.2,30.2,82,8.8,8.8,0.0,11.0,3.5,7.4
2010-07-06,23.6,27.1,21.3,26.1,28.6,76,4.7,4.7,0.0,16.0,2.52,8.0
2010-07-07,25.4,30.2,21.1,27.5,32.1,77,1.3,1.3,0.0,9.0,6.48,13.8
2010-07-08,25.9,29.6,23.4,28.2,32.0,76,1.4,1.4,0.0,4.0,5.79,12.4
2010-07-09,24.7,26.8,22.9,26.8,29.1,82,2.6,2.6,0.0,8.0,6.11,12.3
2010-07-10,22.3,24.7,20.1,24.5,27.4,86,23.5,23.5,0.0,23.0,5.1,10.7
2010-07-11,21.7,24.5,20.0,23.8,27.0,85,16.1,16.1,0.0,21.0,3.98,8.8
2010-07-12,23.4,26.8,21.3,26.1,29.5,88,13.8,13.8,0.0,18.0,4.59,10.3
2010-07-13,24.2,27.0,22.1,26.1,28.5,82,2.7,2.7,0.0,8.0,5.71,12.3
2010-07-14,24.9,28.8,22.0,26.4,30.2,76,0.0,0.0,0.0,0.0,6.57,13.3
2010-07-15,25.2,29.6,21.8,26.6,30.6,75,0.0,0.0,0.0,0.0,7.02,13.8
2010-07-16,25.2,29.0,22.6,26.5,30.2,75,0.0,0.0,0.0,0.0,7.54,15.4
2010-07-17,23.6,25.6,21.5,24.5,26.1,78,0.1,0.1,0.0,1.0,6.9,13.9
2010-07-18,22.2,24.6,20.3,23.4,26.5,81,1.5,1.5,0.0,8.0,5.47,11.7
2010-07-19,21.8,24.9,20.2,24.1,27.7,89,13.6,13.6,0.0,17.0,4.9,9.8
2010-07-20,22.3,26.9,20.5,25.0,29.3,91,16.8,16.8,0.0,17.0,4.94,10.2
2010-07-21,22.7,26.0,20.9,25.2,29.5,90,6.6,6.6,0.0,12.0,4.25,10.1
2010-07-22,23.2,27.4,20.1,25.1,30.7,80,1.5,1.5,0.0,7.0,4.84,10.1
2010-07-23,22.9,26.8,19.4,24.7,28.6,81,2.1,2.1,0.0,10.0,5.46,11.5
2010-07-24,21.5,24.2,19.9,23.4,25.5,91,15.6,15.6,0.0,19.0,5.46,10.2
2010-07-25,21.9,26.0,20.3,23.5,27.4,88,6.2,6.2,0.0,22.0,5.79,12.6
2010-07-26,23.5,28.8,19.6,26.2,32.2,79,0.9,0.9,0.0,5.0,2.79,7.0
2010-07-27,24.4,29.8,20.5,26.8,32.3,78,3.5,3.5,0.0,3.0,4.9,10.7
2010-07-28,24.6,28.9,21.5,26.4,31.4,77,0.1,0.1,0.0,1.0,5.91,12.5
2010-07-29,25.0,29.5,21.8,26.8,32.5,75,0.4,0.4,0.0,2.0,5.98,11.7
2010-07-30,25.3,30.2,22.3,27.5,33.8,77,0.4,0.4,0.0,3.0,5.15,10.9
2010-07-31,24.4,28.7,22.2,26.8,32.4,82,3.3,3.3,0.0,6.0,5.11,10.2
2010-08-01,23.7,27.1,21.3,24.7,27.4,79,2.0,2.0,0.0,8.0,7.4,14.9
2010-08-02,23.9,27.7,20.8,24.7,28.2,76,0.0,0.0,0.0,0.0,6.79,13.6
2010-08-03,25.0,30.4,21.2,26.5,31.2,72,0.0,0.0,0.0,0.0,6.04,12.4
2010-08-04,25.1,30.5,21.3,27.6,32.5,72,0.0,0.0,0.0,0.0,3.62,7.4
2010-08-05,25.3,31.2,20.1,28.5,35.4,71,0.0,0.0,0.0,0.0,2.02,5.7
2010-08-06,23.5,27.4,20.5,26.5,32.5,79,0.2,0.2,0.0,1.0,2.75,6.7
2010-08-07,22.6,27.3,19.7,25.0,30.9,79,7.4,7.4,0.0,5.0,3.29,7.8
2010-08-08,24.0,29.8,19.2,26.7,33.6,76,0.1,0.1,0.0,1.0,2.93,6.9
2010-08-09,25.2,31.5,20.4,27.3,32.7,72,0.0,0.0,0.0,0.0,4.54,9.5
2010-08-10,26.3,32.2,21.8,28.4,34.3,71,0.0,0.0,0.0,0.0,4.88,10.5
2010-08-11,26.2,31.4,22.4,27.6,32.3,69,0.0,0.0,0.0,0.0,6.31,12.8
2010-08-12,26.1,30.7,22.5,27.0,31.1,71,0.0,0.0,0.0,0.0,7.84,14.9
2010-08-13,25.9,30.6,22.3,26.6,31.2,71,0.0,0.0,0.0,0.0,7.62,14.9
2010-08-14,25.5,29.7,22.7,26.3,30.2,71,0.0,0.0,0.0,0.0,7.75,16.1
2010-08-15,25.2,29.0,22.5,27.2,31.1,74,1.0,1.0,0.0,6.0,5.32,11.8
2010-08-16,22.9,25.6,21.0,24.7,27.6,82,8.4,8.4,0.0,15.0,4.63,9.7
2010-08-17,23.4,27.1,20.5,25.1,28.4,79,0.0,0.0,0.0,0.0,5.3,11.1
2010-08-18,22.8,26.9,20.5,23.8,27.1,80,1.4,1.4,0.0,9.0,6.64,13.4
2010-08-19,23.6,27.6,20.4,23.9,27.2,75,0.4,0.4,0.0,4.0,7.16,14.5
2010-08-20,24.2,28.1,20.8,24.7,28.5,74,0.3,0.3,0.0,2.0,6.65,13.5
2010-08-21,24.0,28.3,20.9,24.2,27.9,71,0.0,0.0,0.0,0.0,7.05,14.2
2010-08-22,22.6,26.6,19.6,24.5,28.4,75,0.1,0.1,0.0,1.0,3.13,7.1
2010-08-23,22.3,27.4,18.5,24.3,29.3,76,8.0,8.0,0.0,10.0,2.14,7.3
2010-08-24,21.9,25.9,19.8,24.5,28.0,84,9.2,9.2,0.0,16.0,2.64,7.7
2010-08-25,22.5,27.3,20.0,25.2,30.0,82,5.7,5.7,0.0,8.0,3.16,8.7
2010-08-26,20.1,21.8,17.1,21.9,24.3,89,14.0,14.0,0.0,21.0,4.68,9.3
2010-08-27,17.7,19.9,15.5,17.6,19.2,86,13.1,13.1,0.0,13.0,4.58,9.4
2010-08-28,18.7,25.6,12.7,18.9,27.0,73,0.0,0.0,0.0,0.0,3.03,7.6
2010-08-29,20.3,27.3,15.3,20.9,28.1,66,0.0,0.0,0.0,0.0,2.55,6.9
2010-08-30,21.5,28.3,15.4,22.3,29.9,71,0.0,0.0,0.0,0.0,3.82,8.4
2010-08-31,22.0,26.1,18.5,23.8,29.0,77,1.6,1.6,0.0,8.0,3.93,7.6
2010-09-01,20.3,24.2,17.9,21.5,24.8,82,0.3,0.3,0.0,2.0,4.01,8.6
2010-09-02,19.6,23.6,17.1,20.3,23.9,82,0.2,0.2,0.0,2.0,4.56,9.7
2010-09-03,20.2,25.0,16.5,20.7,25.4,74,0.0,0.0,0.0,0.0,4.21,8.9
2010-09-04,21.2,26.6,17.2,22.3,29.2,75,0.0,0.0,0.0,0.0,4.57,9.1
2010-09-05,21.8,26.6,17.0,22.9,27.2,77,0.0,0.0,0.0,0.0,4.31,9.9
2010-09-06,22.8,27.3,20.4,24.1,28.0,81,5.3,5.3,0.0,13.0,6.92,13.9
2010-09-07,21.1,23.8,19.3,23.6,26.2,88,18.1,18.1,0.0,15.0,2.91,6.7
2010-09-08,22.4,27.1,19.6,25.4,31.6,84,9.8,9.8,0.0,10.0,2.93,6.3
2010-09-09,22.7,26.0,20.3,25.5,28.4,86,10.7,10.7,0.0,18.0,4.2,9.1
2010-09-10,20.2,23.2,17.7,21.0,23.2,81,4.3,4.3,0.0,9.0,4.49,9.3
2010-09-11,20.4,24.5,16.8,21.9,26.0,80,0.0,0.0,0.0,0.0,2.72,5.9
2010-09-12,21.4,26.6,17.2,23.6,28.5,82,1.3,1.3,0.0,5.0,3.18,7.3
2010-09-13,21.8,25.3,19.4,24.0,27.1,84,2.8,2.8,0.0,9.0,3.01,7.5
2010-09-14,20.5,22.2,19.3,22.0,23.6,90,10.2,10.2,0.0,8.0,4.88,10.2
2010-09-15,21.5,25.2,18.5,22.0,25.0,79,0.2,0.2,0.0,1.0,5.82,11.3
2010-09-16,22.6,28.0,18.6,23.1,27.9,76,0.0,0.0,0.0,0.0,6.52,13.3
2010-09-17,23.9,29.7,19.8,24.9,31.2,74,0.0,0.0,0.0,0.0,6.16,12.4
2010-09-18,25.0,31.0,21.1,26.7,33.4,74,0.2,0.2,0.0,1.0,4.95,10.6
2010-09-19,25.0,31.4,20.6,27.1,34.0,72,0.0,0.0,0.0,0.0,3.44,7.7
2010-09-20,24.5,31.5,19.2,26.2,33.7,67,0.0,0.0,0.0,0.0,2.8,6.6
2010-09-21,24.3,30.4,20.0,25.9,33.0,70,0.1,0.1,0.0,1.0,5.65,11.7
2010-09-22,18.0,22.4,14.8,17.3,23.2,92,15.7,15.7,0.0,22.0,8.1,17.1
2010-09-23,13.1,14.6,12.3,12.1,13.1,95,11.6,11.6,0.0,19.0,4.88,9.7
2010-09-24,15.7,19.7,12.1,15.2,18.3,89,0.2,0.2,0.0,2.0,5.91,11.7
2010-09-25,16.7,18.8,14.3,17.4,20.9,94,5.8,5.8,0.0,18.0,3.67,7.7
2010-09-26,15.2,16.4,14.4,15.2,16.5,93,18.8,18.8,0.0,17.0,3.22,6.9
2010-09-27,15.6,17.1,14.7,16.6,18.2,96,4.1,4.1,0.0,12.0,1.97,8.4
2010-09-28,16.3,18.7,15.0,17.5,20.7,98,18.6,18.6,0.0,24.0,3.16,9.7
2010-09-29,14.5,15.4,13.4,14.2,15.7,96,34.5,34.5,0.0,20.0,3.81,10.2
2010-09-30,15.0,17.1,13.4,15.4,17.7,96,0.2,0.2,0.0,1.0,2.7,6.0
2010-10-01,17.2,21.6,15.0,18.2,22.9,95,20.3,20.3,0.0,23.0,4.33,10.9
2010-10-02,15.4,16.5,14.5,14.6,16.1,94,41.4,41.4,0.0,18.0,5.92,11.4
2010-10-03,16.2,20.4,13.0,15.5,18.8,81,0.0,0.0,0.0,0.0,4.44,9.0
2010-10-04,16.4,21.3,12.9,15.7,20.7,75,0.0,0.0,0.0,0.0,3.69,8.1
2010-10-05,16.4,21.9,12.4,15.9,21.7,72,0.0,0.0,0.0,0.0,3.1,7.4
2010-10-06,17.4,23.3,13.1,17.4,24.5,71,0.0,0.0,0.0,0.0,2.31,5.4
2010-10-07,15.5,16.8,13.6,15.9,17.7,87,9.4,9.4,0.0,15.0,2.38,4.9
2010-10-08,16.6,19.9,14.5,17.2,19.8,87,0.2,0.2,0.0,2.0,3.06,6.8
2010-10-09,15.5,16.5,14.9,15.6,16.5,96,9.5,9.5,0.0,23.0,4.75,9.3
2010-10-10,18.7,22.4,16.0,18.4,23.4,91,13.0,13.0,0.0,13.0,7.73,14.7
2010-10-11,16.1,17.8,13.4,15.7,18.5,87,23.0,23.0,0.0,11.0,5.01,10.5
2010-10-12,17.5,20.6,15.5,18.7,21.7,94,3.2,3.2,0.0,10.0,4.18,8.7
2010-10-13,15.5,17.4,14.0,15.7,19.4,94,12.6,12.6,0.0,17.0,3.01,12.4
2010-10-14,14.5,15.3,13.4,14.0,14.7,95,17.8,17.8,0.0,17.0,3.96,12.6
2010-10-15,14.2,16.0,12.4,13.6,14.8,89,0.2,0.2,0.0,1.0,3.84,8.5
2010-10-16,15.1,20.4,10.9,14.5,20.1,76,0.0,0.0,0.0,0.0,2.46,5.8
2010-10-17,15.8,21.2,12.3,15.3,21.3,75,0.0,0.0,0.0,0.0,3.08,6.4
2010-10-18,13.9,15.7,12.9,13.0,14.5,84,0.1,0.1,0.0,1.0,3.24,6.3
2010-10-19,14.9,19.5,11.7,13.8,17.8,78,0.9,0.9,0.0,4.0,3.49,7.6
2010-10-20,15.5,21.5,10.7,14.3,20.8,76,0.0,0.0,0.0,0.0,4.47,9.5
2010-10-21,14.1,19.8,9.3,13.0,19.4,79,0.0,0.0,0.0,0.0,3.45,8.5
2010-10-22,12.6,19.7,7.4,11.5,19.5,83,0.0,0.0,0.0,0.0,3.71,8.2
2010-10-23,13.5,19.6,8.5,12.8,19.5,82,0.0,0.0,0.0,0.0,2.93,5.5
2010-10-24,14.9,19.2,11.6,14.5,19.0,83,0.7,0.7,0.0,2.0,2.98,6.8
2010-10-25,13.5,14.3,11.8,12.8,13.7,95,8.1,8.1,0.0,20.0,3.36,7.0
2010-10-26,8.3,11.6,5.3,5.6,9.9,94,3.5,3.5,0.0,15.0,4.38,8.5
2010-10-27,5.2,6.4,3.8,1.9,3.4,93,1.1,1.1,0.0,7.0,4.33,8.6
2010-10-28,5.9,6.8,5.2,2.7,3.3,83,0.0,0.0,0.0,0.0,3.74,7.7
2010-10-29,8.0,11.9,5.3,4.7,9.0,70,0.0,0.0,0.0,0.0,4.52,9.3
2010-10-30,9.6,16.0,5.3,7.3,14.0,78,0.0,0.0,0.0,0.0,3.32,8.3
2010-10-31,11.1,19.5,5.3,8.9,17.2,68,0.0,0.0,0.0,0.0,4.62,9.4
2010-11-01,11.3,19.2,6.2,9.2,17.8,70,0.0,0.0,0.0,0.0,3.24,6.7
2010-11-02,10.1,12.7,7.1,8.0,10.2,89,0.1,0.1,0.0,1.0,4.2,9.5
2010-11-03,10.9,13.4,8.7,8.8,10.5,80,0.0,0.0,0.0,0.0,3.86,7.9
2010-11-04,11.0,15.3,7.6,9.4,13.3,82,0.4,0.4,0.0,2.0,3.03,6.5
2010-11-05,10.1,17.2,5.2,8.4,16.3,83,0.0,0.0,0.0,0.0,2.94,6.2
2010-11-06,11.7,20.3,5.0,9.8,18.7,79,0.0,0.0,0.0,0.0,4.61,9.2
2010-11-07,12.9,18.6,8.5,11.7,17.7,81,0.0,0.0,0.0,0.0,3.41,8.2
2010-11-08,12.6,16.4,9.0,11.6,15.1,86,0.0,0.0,0.0,0.0,3.52,7.1
2010-11-09,12.7,18.6,8.4,11.7,18.1,82,0.0,0.0,0.0,0.0,2.8,6.8
2010-11-10,13.3,20.8,8.3,11.4,19.1,79,0.0,0.0,0.0,0.0,5.2,10.9
2010-11-11,12.2,15.7,8.7,10.8,13.8,87,2.8,2.8,0.0,10.0,4.54,10.5
2010-11-12,12.2,17.4,8.0,9.9,13.9,83,0.0,0.0,0.0,0.0,7.41,14.4
2010-11-13,14.3,20.0,10.3,12.9,19.6,74,0.1,0.1,0.0,1.0,4.61,9.3
2010-11-14,14.6,20.1,10.9,12.8,18.1,73,5.0,5.0,0.0,5.0,4.8,9.9
2010-11-15,9.0,12.0,7.7,6.5,10.3,95,10.6,10.6,0.0,14.0,5.28,10.9
2010-11-16,8.4,9.6,7.2,6.4,7.9,86,1.5,1.5,0.0,5.0,2.64,5.5
2010-11-17,9.1,10.6,7.9,7.7,9.1,89,1.5,1.5,0.0,4.0,2.31,4.8
2010-11-18,10.0,12.1,8.1,8.4,11.0,87,1.7,1.7,0.0,6.0,4.2,9.2
2010-11-19,10.1,14.1,6.7,8.1,12.1,80,0.0,0.0,0.0,0.0,3.69,9.0
2010-11-20,12.4,16.6,8.3,10.2,13.4,82,0.1,0.1,0.0,1.0,6.74,13.6
2010-11-21,10.1,13.0,8.4,7.8,12.7,90,2.5,2.5,0.0,9.0,5.51,11.2
2010-11-22,10.1,13.2,7.7,8.0,11.2,78,0.2,0.2,0.0,1.0,3.42,6.7
2010-11-23,11.1,15.3,6.7,8.8,12.4,80,0.1,0.1,0.0,1.0,5.92,11.8
2010-11-24,9.8,12.3,8.6,7.7,11.6,92,7.1,7.1,0.0,13.0,4.2,9.3
2010-11-25,9.7,12.3,7.2,7.5,10.2,79,0.0,0.0,0.0,0.0,2.8,6.2
2010-11-26,7.9,8.7,7.0,6.2,7.1,88,1.2,1.2,0.0,10.0,1.96,5.0
2010-11-27,9.3,11.5,7.7,8.1,9.9,91,3.0,3.0,0.0,9.0,2.4,5.6
2010-11-28,8.4,9.3,8.0,6.5,7.8,95,3.7,3.7,0.0,13.0,2.84,6.0
2010-11-29,8.4,11.0,7.1,6.8,9.3,90,0.8,0.8,0.0,7.0,3.25,6.5
2010-11-30,8.5,11.0,6.8,6.1,8.4,87,1.2,1.2,0.0,6.0,4.21,8.1
2010-12-01,9.1,11.9,7.3,7.7,9.9,87,0.0,0.0,0.0,0.0,2.33,5.2
2010-12-02,8.4,15.0,4.9,6.4,13.8,84,0.0,0.0,0.0,0.0,2.86,6.0
2010-12-03,8.6,15.1,2.9,6.0,12.1,75,0.0,0.0,0.0,0.0,4.65,9.7
2010-12-04,10.8,16.9,6.5,8.0,14.2,73,0.0,0.0,0.0,0.0,5.63,11.9
2010-12-05,10.2,15.0,6.5,8.5,13.6,88,0.0,0.0,0.0,0.0,3.41,7.0
2010-12-06,9.4,10.7,7.3,6.8,8.2,87,1.1,1.1,0.0,5.0,4.63,10.4
2010-12-07,5.7,7.3,2.5,2.0,4.1,78,3.5,3.5,0.0,13.0,5.18,10.4
2010-12-08,5.8,13.3,0.0,3.0,11.6,70,0.0,0.0,0.0,0.0,2.92,4.5
2010-12-09,7.9,11.5,3.8,4.3,7.4,71,0.0,0.0,0.0,0.0,6.64,12.7
2010-12-10,7.8,8.5,6.7,6.0,7.1,89,4.4,4.4,0.0,18.0,2.55,5.4
2010-12-11,6.6,7.1,6.0,4.3,4.9,96,13.3,13.3,0.0,19.0,3.22,8.0
2010-12-12,5.6,6.3,4.6,3.7,4.6,99,12.1,12.1,0.0,24.0,2.67,7.3
2010-12-13,6.8,9.6,4.2,4.4,7.6,93,3.6,3.6,0.0,12.0,3.96,7.7
2010-12-14,6.3,7.2,5.3,3.8,5.3,95,1.5,1.5,0.0,9.0,3.22,6.4
2010-12-15,1.6,5.1,-1.7,-2.9,2.7,88,3.5,2.7,1.19,15.0,5.48,11.4
2010-12-16,0.1,5.4,-3.2,-4.5,1.6,74,0.8,0.0,0.7,5.0,5.85,12.2
2010-12-17,3.6,12.2,-2.5,-0.4,7.6,64,0.0,0.0,0.0,0.0,4.9,10.2
2010-12-18,6.5,11.0,2.6,3.4,9.1,69,0.0,0.0,0.0,0.0,3.85,8.2
2010-12-19,4.6,7.9,2.3,1.0,4.3,76,0.0,0.0,0.0,0.0,4.12,8.3
2010-12-20,6.2,10.3,2.8,3.6,8.3,79,0.0,0.0,0.0,0.0,3.53,7.7
2010-12-21,6.8,13.3,2.4,3.6,10.3,66,0.0,0.0,0.0,0.0,3.13,6.6
2010-12-22,7.6,14.4,1.2,4.5,11.3,73,0.0,0.0,0.0,0.0,5.11,10.3
2010-12-23,9.0,10.5,6.7,7.3,9.6,88,12.7,12.7,0.0,21.0,4.3,10.9
2010-12-24,4.2,6.7,1.5,0.6,3.4,90,11.6,7.9,2.59,24.0,4.24,9.6
2010-12-25,1.5,2.8,0.5,-2.4,-0.6,88,2.3,0.0,1.82,11.0,4.3,9.1
2010-12-26,2.8,8.7,-2.3,-0.8,4.3,73,0.0,0.0,0.0,0.0,4.01,8.8
2010-12-27,6.4,12.5,1.4,3.0,9.4,73,0.0,0.0,0.0,0.0,5.44,11.2
2010-12-28,6.8,11.5,2.7,4.1,8.3,81,0.0,0.0,0.0,0.0,4.13,8.4
2010-12-29,8.2,11.0,6.3,6.0,9.6,82,0.6,0.6,0.0,4.0,3.93,7.7
2010-12-30,4.7,6.6,3.1,1.4,3.2,80,2.2,2.2,0.0,8.0,4.22,8.3
2010-12-31,3.5,4.5,1.5,0.2,1.1,76,0.4,0.4,0.07,4.0,3.16,6.4
2011-01-01,-0.9,1.4,-3.5,-5.0,-2.5,88,6.3,0.7,3.92,24.0,3.76,7.9
2011-01-02,-4.2,-2.5,-5.5,-8.6,-6.7,93,6.7,2.6,2.94,18.0,3.54,7.9
2011-01-03,-1.8,0.7,-3.0,-5.4,-2.6,90,0.0,0.0,0.0,0.0,2.97,5.6
2011-01-04,-0.8,2.2,-3.4,-4.2,-1.1,87,0.0,0.0,0.0,0.0,2.75,5.4
2011-01-05,-0.4,0.7,-1.4,-3.9,-2.0,95,2.1,0.4,1.26,12.0,3.98,8.0
2011-01-06,-1.5,-0.3,-2.5,-5.9,-4.6,84,0.2,0.0,0.35,2.0,3.85,8.4
2011-01-07,-2.0,-0.5,-3.4,-6.0,-4.2,75,0.0,0.0,0.07,0.0,3.23,6.9
2011-01-08,-0.0,1.8,-0.9,-3.4,-1.4,85,0.0,0.0,0.21,0.0,3.16,6.0
2011-01-09,-0.1,1.0,-1.4,-4.6,-3.9,77,0.3,0.0,0.49,3.0,4.21,8.9
2011-01-10,-3.0,-1.6,-4.2,-7.8,-6.7,63,0.5,0.0,0.35,2.0,3.96,7.7
2011-01-11,-1.5,1.8,-4.2,-6.1,-2.6,78,0.1,0.0,0.35,1.0,4.6,9.7
2011-01-12,2.2,6.9,-1.9,-1.5,2.2,74,0.0,0.0,0.0,0.0,4.72,10.2
2011-01-13,2.4,4.6,0.5,-0.7,2.1,78,0.7,0.4,0.35,5.0,2.34,5.1
2011-01-14,1.0,1.7,0.2,-2.9,-1.5,85,3.1,0.2,2.1,15.0,4.11,8.0
2011-01-15,1.5,4.3,-0.9,-3.0,-0.2,63,1.1,0.0,0.77,6.0,4.61,10.1
2011-01-16,0.4,2.4,-1.4,-4.6,-3.0,53,0.0,0.0,0.0,0.0,4.49,9.9
2011-01-17,-3.0,-1.7,-3.9,-7.2,-6.8,78,1.3,0.0,1.75,8.0,3.6,7.7
2011-01-18,-2.7,-1.2,-3.8,-6.4,-4.9,86,3.8,0.0,2.87,6.0,2.69,7.8
2011-01-19,-4.2,-3.6,-4.6,-8.4,-7.6,91,5.8,0.0,4.2,22.0,3.18,6.7
2011-01-20,-2.4,-0.5,-4.6,-6.5,-4.4,86,0.2,0.0,0.28,1.0,4.01,8.3
2011-01-21,-0.6,4.1,-4.7,-3.9,0.8,81,0.0,0.0,0.0,0.0,2.67,6.6
2011-01-22,-1.2,-0.1,-2.0,-4.8,-3.4,90,0.9,0.0,0.91,8.0,3.01,6.0
2011-01-23,-0.7,-0.2,-1.1,-4.7,-4.0,91,0.3,0.0,0.7,3.0,3.77,7.9
2011-01-24,-1.1,-0.4,-2.1,-5.0,-4.2,81,0.0,0.0,0.0,0.0,2.69,5.8
2011-01-25,-0.7,0.2,-1.8,-4.2,-3.0,86,0.0,0.0,0.35,0.0,2.69,4.6
2011-01-26,-0.6,0.3,-1.6,-4.4,-3.6,81,0.2,0.0,0.14,2.0,3.11,6.2
2011-01-27,-1.6,-0.8,-2.7,-5.5,-4.4,90,0.3,0.0,1.05,3.0,3.13,6.4
2011-01-28,-0.6,0.8,-1.7,-4.8,-3.6,85,0.0,0.0,0.07,0.0,4.13,8.5
2011-01-29,-0.4,1.0,-1.6,-4.6,-3.4,74,0.0,0.0,0.0,0.0,3.75,7.8
2011-01-30,-1.4,-0.5,-2.6,-5.6,-4.5,82,0.9,0.0,0.91,5.0,3.26,6.6
2011-01-31,-1.7,-1.1,-2.8,-5.6,-4.6,79,0.1,0.0,0.42,1.0,3.07,5.9
2011-02-01,0.6,5.5,-2.7,-3.3,1.9,75,0.2,0.0,0.28,2.0,3.35,7.6
2011-02-02,3.8,11.2,-2.6,0.7,7.6,76,0.0,0.0,0.0,0.0,3.35,8.0
2011-02-03,5.7,10.7,1.6,3.2,8.7,81,0.0,0.0,0.0,0.0,2.22,5.5
2011-02-04,5.9,9.5,3.4,3.0,6.8,85,0.0,0.0,0.0,0.0,3.6,7.5
2011-02-05,8.6,15.5,2.9,5.5,11.3,78,0.0,0.0,0.0,0.0,7.25,14.5
2011-02-06,10.1,13.5,7.3,8.2,11.1,84,0.6,0.6,0.0,4.0,4.63,9.6
2011-02-07,12.5,17.6,9.8,9.5,14.0,76,0.5,0.5,0.0,3.0,6.45,13.1
2011-02-08,13.0,18.2,9.9,10.6,14.3,79,0.3,0.3,0.0,3.0,6.8,13.8
2011-02-09,13.0,16.6,11.2,11.7,15.3,79,1.3,1.3,0.0,7.0,5.46,10.9
2011-02-10,8.6,11.4,4.1,6.0,9.5,88,1.7,1.7,0.0,7.0,4.08,7.8
2011-02-11,2.3,3.9,1.2,-1.5,-0.0,85,2.8,2.8,0.0,9.0,3.83,7.6
2011-02-12,0.5,1.6,-0.5,-3.0,-1.3,90,2.1,0.9,0.91,11.0,3.18,6.5
2011-02-13,2.1,6.0,-0.8,-1.7,1.8,81,1.3,0.0,0.98,7.0,4.88,10.5
2011-02-14,2.5,5.2,0.2,-1.7,0.2,69,0.0,0.0,0.0,0.0,4.74,9.8
2011-02-15,1.9,3.1,0.8,-2.1,-1.0,84,0.1,0.1,0.0,1.0,4.49,9.8
2011-02-16,2.6,5.1,0.9,-0.1,2.8,91,0.0,0.0,0.0,0.0,2.79,5.1
2011-02-17,5.1,9.8,2.0,2.0,7.1,76,0.0,0.0,0.0,0.0,2.93,5.9
2011-02-18,4.0,6.0,1.6,0.5,2.8,85,2.2,2.2,0.0,12.0,3.7,7.6
2011-02-19,3.4,6.7,1.4,0.2,3.8,84,0.8,0.4,0.35,4.0,3.01,6.2
2011-02-20,5.4,9.3,1.4,2.7,6.9,80,0.0,0.0,0.0,0.0,2.61,6.7
2011-02-21,7.5,9.9,4.8,4.7,7.0,80,0.0,0.0,0.0,0.0,4.47,9.4
2011-02-22,7.8,9.6,6.3,5.7,7.6,88,2.2,2.2,0.0,12.0,3.35,6.9
2011-02-23,8.8,13.5,5.2,6.7,11.0,81,0.0,0.0,0.0,0.0,3.91,8.3
2011-02-24,12.0,18.2,7.1,9.5,15.4,80,0.0,0.0,0.0,0.0,5.6,12.5
2011-02-25,15.9,21.4,11.8,13.4,18.6,78,0.2,0.2,0.0,2.0,6.82,14.1
2011-02-26,17.8,23.7,12.6,14.5,19.5,72,0.0,0.0,0.0,0.0,9.9,19.8
2011-02-27,18.6,24.9,13.5,15.8,21.5,68,0.0,0.0,0.0,0.0,8.17,16.2
2011-02-28,15.7,22.5,7.2,13.9,20.5,77,2.0,2.0,0.0,5.0,6.11,12.1
2011-03-01,7.4,10.0,5.5,4.4,7.7,83,3.1,3.1,0.0,8.0,4.27,9.0
2011-03-02,5.5,7.7,3.5,2.8,5.1,85,0.5,0.5,0.0,4.0,3.12,6.3
2011-03-03,4.8,8.4,2.5,1.4,5.1,85,1.2,1.2,0.0,5.0,4.34,8.5
2011-03-04,4.1,6.3,2.5,0.9,2.7,85,0.1,0.1,0.0,1.0,4.26,9.0
2011-03-05,5.0,7.6,2.7,2.7,5.4,93,1.2,1.2,0.0,8.0,3.04,7.1
2011-03-06,7.5,11.7,4.1,4.2,8.0,80,1.9,1.9,0.0,7.0,4.63,9.8
2011-03-07,7.6,10.3,4.2,4.6,6.9,75,2.0,2.0,0.0,3.0,3.33,7.5
2011-03-08,9.0,13.8,4.7,6.8,12.9,71,0.3,0.3,0.0,2.0,3.83,8.3
2011-03-09,7.9,10.1,5.7,5.8,7.8,90,4.4,4.4,0.0,10.0,2.97,6.8
2011-03-10,5.2,6.1,4.1,2.6,3.6,90,0.5,0.5,0.0,4.0,2.98,6.1
2011-03-11,5.2,7.1,3.8,2.8,4.9,90,0.1,0.1,0.0,1.0,2.25,4.5
2011-03-12,9.5,14.8,4.9,7.1,12.1,81,0.0,0.0,0.0,0.0,4.71,10.0
2011-03-13,14.5,21.2,10.0,12.2,18.9,80,0.0,0.0,0.0,0.0,7.93,16.2
2011-03-14,11.9,13.9,7.5,9.5,13.6,84,0.8,0.8,0.0,5.0,6.57,13.1
2011-03-15,2.6,7.1,1.2,-2.6,1.6,83,10.4,1.2,6.44,14.0,7.27,14.9
2011-03-16,4.3,7.6,1.6,0.8,3.8,67,0.0,0.0,0.0,0.0,3.31,7.5
2011-03-17,5.4,8.3,2.8,2.1,4.7,75,1.0,1.0,0.0,6.0,4.6,9.5
2011-03-18,8.0,12.6,5.1,4.8,9.4,82,0.0,0.0,0.0,0.0,4.72,9.6
2011-03-19,9.5,12.3,7.3,6.8,9.7,86,0.0,0.0,0.0,0.0,5.84,12.4
2011-03-20,13.1,20.3,8.6,11.1,18.0,82,2.4,2.4,0.0,4.0,7.12,15.1
2011-03-21,6.1,8.5,4.0,2.1,4.7,87,6.0,6.0,0.0,24.0,5.73,11.6
2011-03-22,3.1,4.2,2.2,-1.2,-0.2,86,2.7,2.0,0.49,9.0,5.6,11.2
2011-03-23,2.6,4.3,1.6,-0.9,1.4,86,0.3,0.3,0.0,2.0,4.31,8.2
2011-03-24,3.1,4.7,1.7,-0.8,1.0,86,0.4,0.4,0.0,2.0,4.2,9.0
2011-03-25,4.0,5.2,2.5,0.6,1.5,82,0.2,0.2,0.0,2.0,3.64,7.8
2011-03-26,2.9,4.2,1.2,-0.7,0.9,82,1.7,1.2,0.7,8.0,3.64,7.8
2011-03-27,7.5,14.8,2.6,4.9,12.4,72,1.9,1.7,0.14,7.0,3.06,6.1
2011-03-28,9.8,16.8,4.1,7.4,15.6,65,0.0,0.0,0.0,0.0,3.32,7.7
2011-03-29,11.8,17.8,6.1,9.0,14.1,61,0.0,0.0,0.0,0.0,4.1,9.1
2011-03-30,10.3,12.2,8.4,6.8,8.0,71,2.3,2.3,0.0,4.0,6.21,12.6
2011-03-31,11.6,15.8,8.1,8.7,12.6,73,0.0,0.0,0.0,0.0,5.35,11.4
2011-04-01,13.1,15.7,10.6,11.4,14.0,79,0.2,0.2,0.0,1.0,4.61,9.6
2011-04-02,11.9,12.6,10.8,11.0,12.3,91,8.8,8.8,0.0,13.0,3.51,7.0
2011-04-03,8.5,12.1,4.8,6.5,11.5,95,6.1,6.1,0.0,14.0,3.94,7.6
2011-04-04,5.1,7.3,3.6,2.4,5.0,94,4.8,4.8,0.0,10.0,3.34,6.8
2011-04-05,7.5,9.8,4.9,5.1,7.6,95,1.6,1.6,0.0,10.0,4.85,10.7
2011-04-06,10.7,15.3,6.9,9.2,14.1,85,1.3,1.3,0.0,6.0,3.01,6.7
2011-04-07,10.3,11.2,9.3,8.8,10.2,94,7.6,7.6,0.0,23.0,3.77,7.7
2011-04-08,9.4,10.8,8.2,7.3,8.7,90,3.8,3.8,0.0,13.0,3.32,6.7
2011-04-09,10.6,13.7,7.8,9.4,12.9,86,0.3,0.3,0.0,2.0,2.31,4.7
2011-04-10,13.3,16.2,11.0,13.0,16.6,89,1.3,1.3,0.0,6.0,3.16,7.0
2011-04-11,14.4,18.1,12.8,14.2,17.9,91,5.7,5.7,0.0,20.0,3.2,7.3
2011-04-12,14.4,17.9,11.9,14.2,18.3,89,4.3,4.3,0.0,9.0,4.32,11.3
2011-04-13,16.7,20.8,13.5,16.5,20.4,82,2.6,2.6,0.0,10.0,4.15,11.0
2011-04-14,18.1,21.3,15.0,17.6,20.6,83,0.9,0.9,0.0,7.0,5.61,10.2
2011-04-15,17.8,20.9,15.7,18.1,21.0,84,2.0,2.0,0.0,7.0,4.0,8.8
2011-04-16,16.0,19.3,14.2,15.8,19.8,86,11.9,11.9,0.0,22.0,3.57,7.0
2011-04-17,15.4,18.6,13.0,13.6,15.4,78,1.3,1.3,0.0,6.0,6.45,12.8
2011-04-18,16.8,23.6,11.5,16.0,23.9,67,0.0,0.0,0.0,0.0,2.61,6.4
2011-04-19,17.2,21.5,13.3,15.3,19.0,62,0.2,0.2,0.0,1.0,6.06,12.3
2011-04-20,18.1,22.0,15.3,15.0,18.1,65,0.0,0.0,0.0,0.0,11.3,22.5
2011-04-21,16.5,18.6,13.8,15.0,17.7,80,2.6,2.6,0.0,9.0,6.3,14.5
2011-04-22,14.5,18.3,11.3,12.6,14.9,76,1.7,1.7,0.0,5.0,5.79,10.4
2011-04-23,14.3,18.4,11.1,13.5,17.3,77,0.0,0.0,0.0,0.0,2.5,4.9
2011-04-24,13.3,15.8,11.5,12.7,14.9,85,2.6,2.6,0.0,8.0,2.16,6.5
2011-04-25,16.2,22.6,10.3,15.7,23.6,73,0.0,0.0,0.0,0.0,2.45,7.1
2011-04-26,19.9,27.7,13.4,19.9,28.7,65,0.0,0.0,0.0,0.0,3.05,6.5
2011-04-27,21.0,29.3,12.9,20.9,30.8,60,0.0,0.0,0.0,0.0,2.77,5.8
2011-04-28,20.8,26.0,15.9,20.5,25.5,68,0.0,0.0,0.0,0.0,4.84,10.2
2011-04-29,20.4,24.3,17.4,19.2,22.8,76,0.2,0.2,0.0,1.0,8.6,16.9
2011-04-30,21.7,27.1,18.6,22.7,30.4,73,3.4,3.4,0.0,4.0,6.08,13.0
2011-05-01,20.4,26.1,17.0,21.7,28.9,83,11.1,11.1,0.0,9.0,4.03,9.7
2011-05-02,15.0,19.0,10.9,13.3,20.8,84,15.2,15.2,0.0,11.0,6.91,14.6
2011-05-03,13.2,17.9,10.1,11.3,17.7,75,0.0,0.0,0.0,0.0,4.97,9.0
2011-05-04,15.4,21.3,11.3,15.2,21.7,77,1.2,1.2,0.0,2.0,2.3,5.9
2011-05-05,18.6,23.0,14.6,17.8,22.0,76,0.0,0.0,0.0,0.0,6.24,14.4
2011-05-06,21.4,27.2,16.9,21.9,28.5,75,0.0,0.0,0.0,0.0,4.9,9.7
2011-05-07,23.3,29.0,18.9,24.0,29.6,74,0.0,0.0,0.0,0.0,6.17,12.8
2011-05-08,24.7,30.1,20.8,25.4,31.4,72,0.0,0.0,0.0,0.0,6.76,13.8
2011-05-09,25.7,30.7,22.2,25.2,29.6,68,0.0,0.0,0.0,0.0,9.46,18.2
2011-05-10,24.9,30.7,19.9,25.8,34.2,71,7.8,7.8,0.0,10.0,8.02,16.6
2011-05-11,19.1,22.0,17.0,19.7,22.9,85,15.5,15.5,0.0,20.0,4.3,9.6
2011-05-12,17.1,19.9,15.0,16.5,19.4,84,1.6,1.6,0.0,4.0,5.61,11.2
2011-05-13,16.2,19.1,13.2,15.5,18.0,80,0.0,0.0,0.0,0.0,4.5,10.1
2011-05-14,14.7,15.9,13.3,14.4,16.9,88,1.0,1.0,0.0,4.0,3.83,7.9
2011-05-15,13.0,13.7,12.2,12.0,12.9,88,2.8,2.8,0.0,10.0,4.11,8.1
2011-05-16,17.5,25.7,13.1,16.1,23.9,69,1.7,1.7,0.0,5.0,5.4,11.0
2011-05-17,19.6,28.2,12.9,19.3,28.8,56,0.0,0.0,0.0,0.0,2.92,5.0
2011-05-18,20.9,29.8,12.9,20.1,29.4,57,0.0,0.0,0.0,0.0,4.75,10.2
2011-05-19,22.1,28.9,15.7,22.0,30.2,66,0.0,0.0,0.0,0.0,5.71,11.5
2011-05-20,21.6,26.9,16.9,20.3,26.2,63,0.5,0.5,0.0,1.0,6.52,13.3
2011-05-21,18.7,24.5,11.7,18.0,26.8,85,32.6,32.6,0.0,19.0,6.51,13.5
2011-05-22,12.3,14.3,10.9,9.2,11.1,83,7.3,7.3,0.0,3.0,6.33,12.7
2011-05-23,13.8,16.7,11.8,12.1,15.0,76,0.0,0.0,0.0,0.0,4.33,8.5
2011-05-24,13.0,15.0,10.6,11.8,13.4,81,0.0,0.0,0.0,0.0,2.97,6.4
2011-05-25,15.7,21.3,12.5,15.0,20.2,74,0.0,0.0,0.0,0.0,3.1,7.5
2011-05-26,17.5,25.2,10.7,17.5,25.1,71,0.0,0.0,0.0,0.0,3.16,7.2
2011-05-27,19.8,27.5,12.6,19.8,28.7,63,0.0,0.0,0.0,0.0,3.19,6.7
2011-05-28,20.9,28.6,13.3,20.4,28.3,61,0.0,0.0,0.0,0.0,4.75,9.8
2011-05-29,22.3,28.8,17.0,21.5,28.2,60,0.0,0.0,0.0,0.0,6.38,12.8
2011-05-30,22.2,28.5,16.6,22.2,28.2,66,0.1,0.1,0.0,1.0,6.55,13.2
2011-05-31,15.5,18.7,14.4,14.0,18.2,83,3.2,3.2,0.0,14.0,6.04,10.5
2011-06-01,16.8,22.2,14.0,17.3,22.8,82,1.4,1.4,0.0,4.0,2.61,6.0
2011-06-02,16.6,19.1,14.6,17.6,21.2,94,9.5,9.5,0.0,18.0,3.54,8.8
2011-06-03,19.3,24.8,14.8,20.3,25.0,88,4.8,4.8,0.0,11.0,6.64,14.4
2011-06-04,20.8,24.2,17.4,23.1,27.1,86,12.4,12.4,0.0,22.0,2.86,9.0
2011-06-05,19.9,22.2,18.4,21.9,24.1,92,33.4,33.4,0.0,24.0,3.38,9.0
2011-06-06,19.3,22.4,17.3,20.5,23.4,86,28.7,28.7,0.0,14.0,3.18,10.0
2011-06-07,20.4,26.1,15.6,21.7,26.6,78,1.0,1.0,0.0,5.0,2.69,5.7
2011-06-08,22.1,28.9,15.6,23.8,31.8,74,0.0,0.0,0.0,0.0,3.93,8.4
2011-06-09,23.8,28.8,20.3,25.2,30.9,81,33.1,33.1,0.0,13.0,7.38,14.5
2011-06-10,20.0,21.8,17.1,21.0,23.4,84,11.1,11.1,0.0,11.0,4.57,10.0
2011-06-11,19.6,23.5,16.3,20.7,24.9,81,0.9,0.9,0.0,4.0,3.05,6.6
2011-06-12,21.2,25.2,17.2,23.4,27.5,81,1.7,1.7,0.0,6.0,2.08,5.6
2011-06-13,22.4,26.6,20.1,23.9,27.3,86,10.6,10.6,0.0,17.0,7.16,14.5
2011-06-14,21.3,23.3,18.7,23.4,25.6,89,39.9,39.9,0.0,22.0,5.32,11.7
2011-06-15,22.2,28.4,18.2,24.3,30.4,77,1.7,1.7,0.0,3.0,2.71,6.0
2011-06-16,23.5,27.7,20.3,25.1,28.3,80,0.7,0.7,0.0,4.0,5.58,10.9
2011-06-17,22.8,25.6,21.3,24.2,26.7,86,5.7,5.7,0.0,5.0,7.2,14.7
2011-06-18,20.9,23.3,18.8,23.6,26.3,90,53.5,53.5,0.0,17.0,2.77,10.0
2011-06-19,22.2,24.9,19.5,24.8,27.7,88,6.0,6.0,0.0,9.0,4.11,9.5
2011-06-20,23.6,27.2,21.2,24.8,27.8,81,0.7,0.7,0.0,4.0,6.92,13.9
2011-06-21,24.2,27.9,21.5,25.3,28.8,78,0.2,0.2,0.0,2.0,7.13,13.7
2011-06-22,24.7,29.0,21.8,27.0,31.3,77,0.0,0.0,0.0,0.0,4.95,11.2
2011-06-23,21.6,24.1,19.6,23.7,27.1,86,10.3,10.3,0.0,14.0,5.09,10.6
2011-06-24,22.9,27.4,19.6,24.1,28.4,74,0.3,0.3,0.0,2.0,4.12,8.9
2011-06-25,22.9,27.2,19.7,24.6,28.3,78,2.0,2.0,0.0,11.0,4.89,10.3
2011-06-26,21.9,26.1,18.0,23.5,27.8,78,2.3,2.3,0.0,7.0,3.11,6.9
2011-06-27,21.0,24.3,18.6,23.2,27.3,88,13.0,13.0,0.0,13.0,3.94,9.6
2011-06-28,21.9,27.2,18.6,24.5,29.6,82,10.7,10.7,0.0,19.0,2.16,5.5
2011-06-29,23.4,28.2,20.4,26.7,32.9,84,2.2,2.2,0.0,3.0,3.62,8.6
2011-06-30,23.4,27.7,21.4,26.5,32.0,83,2.4,2.4,0.0,5.0,4.05,8.2
2011-07-01,23.0,25.8,20.6,24.3,26.4,83,2.1,2.1,0.0,10.0,7.52,14.6
2011-07-02,22.9,25.7,20.9,22.8,25.1,80,1.3,1.3,0.0,7.0,9.65,18.3
2011-07-03,24.2,27.7,21.8,24.5,28.2,77,0.0,0.0,0.0,0.0,8.2,16.1
2011-07-04,25.1,29.0,22.1,26.1,30.3,75,0.0,0.0,0.0,0.0,7.0,14.4
2011-07-05,25.4,29.5,22.0,26.3,30.1,76,0.0,0.0,0.0,0.0,8.35,16.0
2011-07-06,25.6,29.9,22.6,26.8,31.2,75,0.0,0.0,0.0,0.0,8.1,16.1
2011-07-07,21.8,23.6,19.6,22.4,27.4,77,14.3,14.3,0.0,8.0,6.95,12.7
2011-07-08,21.8,25.7,18.6,23.4,27.3,77,0.0,0.0,0.0,0.0,3.55,7.1
2011-07-09,22.1,26.5,17.7,24.4,28.8,78,0.0,0.0,0.0,0.0,2.3,5.9
2011-07-10,23.0,26.8,20.1,25.0,30.5,73,0.9,0.9,0.0,5.0,3.24,6.6
2011-07-11,22.3,26.5,18.4,23.7,27.9,73,0.0,0.0,0.0,0.0,3.91,8.2
2011-07-12,21.0,24.4,18.3,22.1,25.3,79,0.0,0.0,0.0,0.0,3.8,7.4
2011-07-13,19.6,22.3,18.0,20.1,22.9,82,0.0,0.0,0.0,0.0,4.4,8.7
2011-07-14,19.1,21.4,17.6,19.4,21.1,79,0.2,0.2,0.0,1.0,4.03,8.2
2011-07-15,20.3,24.0,16.8,21.4,25.0,79,0.0,0.0,0.0,0.0,3.31,7.6
2011-07-16,21.6,26.6,16.9,23.3,29.4,75,0.0,0.0,0.0,0.0,2.26,6.2
2011-07-17,20.7,24.2,18.2,23.0,27.2,82,1.9,1.9,0.0,6.0,2.11,4.7
2011-07-18,21.8,27.3,17.9,24.0,29.9,78,0.7,0.7,0.0,3.0,3.45,8.2
2011-07-19,22.5,29.1,16.4,24.5,31.7,72,0.0,0.0,0.0,0.0,2.78,4.4
2011-07-20,23.4,29.3,17.2,25.0,32.1,71,0.0,0.0,0.0,0.0,3.64,8.1
2011-07-21,24.0,29.3,19.8,25.6,30.5,75,0.0,0.0,0.0,0.0,5.4,11.3
2011-07-22,24.0,28.5,20.6,26.0,31.6,79,3.5,3.5,0.0,7.0,5.5,11.7
2011-07-23,22.9,26.3,20.3,24.4,28.1,82,2.7,2.7,0.0,11.0,5.72,12.4
2011-07-24,23.6,29.0,19.5,24.5,29.7,77,0.3,0.3,0.0,3.0,6.89,14.0
2011-07-25,25.3,31.3,20.5,27.1,33.3,73,0.0,0.0,0.0,0.0,6.04,12.4
2011-07-26,26.4,31.7,21.4,28.2,34.4,72,0.0,0.0,0.0,0.0,6.55,13.4
2011-07-27,25.5,30.5,22.1,27.2,32.7,74,0.2,0.2,0.0,1.0,5.62,13.1
2011-07-28,25.2,30.5,20.9,25.9,31.4,71,0.0,0.0,0.0,0.0,7.6,15.0
2011-07-29,25.1,30.7,20.8,26.4,31.7,68,0.0,0.0,0.0,0.0,5.91,12.7
2011-07-30,24.6,29.2,19.7,26.5,32.0,69,0.0,0.0,0.0,0.0,3.41,8.5
2011-07-31,23.8,28.2,19.9,25.2,30.2,72,0.2,0.2,0.0,2.0,4.5,10.2
2011-08-01,23.4,27.5,19.8,24.8,29.1,73,0.1,0.1,0.0,1.0,4.94,10.5
2011-08-02,23.9,28.4,20.3,25.8,30.6,73,0.1,0.1,0.0,1.0,3.96,9.0
2011-08-03,24.2,28.9,20.1,25.7,30.9,71,0.0,0.0,0.0,0.0,4.92,10.7
2011-08-04,24.2,29.0,20.2,25.3,28.8,71,1.3,1.3,0.0,2.0,6.5,13.0
2011-08-05,19.5,22.0,17.2,21.2,25.0,93,27.2,27.2,0.0,21.0,4.33,9.1
2011-08-06,20.6,23.3,18.5,21.9,24.2,84,0.5,0.5,0.0,3.0,4.8,10.3
2011-08-07,21.1,24.6,18.8,23.8,27.3,88,3.3,3.3,0.0,11.0,2.09,5.7
2011-08-08,23.0,28.7,19.2,26.1,33.4,81,0.8,0.8,0.0,5.0,2.27,4.9
2011-08-09,24.0,30.1,18.9,26.4,32.8,74,0.0,0.0,0.0,0.0,2.62,4.9
2011-08-10,24.5,29.9,19.6,27.0,33.4,72,0.0,0.0,0.0,0.0,2.62,7.3
2011-08-11,24.2,28.1,21.2,26.4,30.7,76,0.4,0.4,0.0,3.0,4.33,8.9
2011-08-12,23.8,27.9,20.4,24.9,29.2,78,0.3,0.3,0.0,3.0,6.43,13.3
2011-08-13,24.3,28.6,20.6,24.4,27.9,74,0.0,0.0,0.0,0.0,8.25,15.9
2011-08-14,25.4,30.4,21.2,25.2,30.0,69,0.0,0.0,0.0,0.0,8.68,17.6
2011-08-15,25.7,30.7,21.7,25.3,30.3,67,0.0,0.0,0.0,0.0,9.06,18.7
2011-08-16,25.4,30.7,20.9,25.2,30.7,64,0.0,0.0,0.0,0.0,7.57,15.6
2011-08-17,25.2,30.7,21.0,25.4,31.5,65,0.0,0.0,0.0,0.0,6.67,14.6
2011-08-18,24.6,30.0,20.6,25.0,31.1,67,0.0,0.0,0.0,0.0,5.82,12.2
2011-08-19,22.4,26.0,19.9,22.6,25.8,77,1.1,1.1,0.0,6.0,6.8,14.0
2011-08-20,23.0,28.0,18.9,22.3,26.6,70,0.0,0.0,0.0,0.0,7.81,15.2
2011-08-21,23.9,29.4,19.5,23.6,28.8,67,0.0,0.0,0.0,0.0,7.5,14.9
2011-08-22,24.5,30.5,19.0,25.1,31.5,67,0.3,0.3,0.0,1.0,5.85,13.5
2011-08-23,21.2,25.0,17.8,21.2,24.3,74,3.2,3.2,0.0,8.0,5.95,12.8
2011-08-24,22.1,27.5,17.8,22.0,27.0,64,0.0,0.0,0.0,0.0,4.11,9.8
2011-08-25,21.6,28.2,16.4,21.7,29.4,58,0.0,0.0,0.0,0.0,3.36,7.6
2011-08-26,21.7,27.5,16.8,22.0,29.3,61,0.0,0.0,0.0,0.0,3.58,8.2
2011-08-27,22.2,28.2,17.4,23.3,31.2,62,0.0,0.0,0.0,0.0,2.55,5.2
2011-08-28,22.9,29.1,17.5,23.6,31.1,60,0.0,0.0,0.0,0.0,2.44,5.5
2011-08-29,23.2,30.9,16.5,23.6,33.0,57,0.0,0.0,0.0,0.0,2.73,6.4
2011-08-30,23.8,32.1,16.6,24.0,34.2,51,0.0,0.0,0.0,0.0,3.09,6.4
2011-08-31,24.5,32.0,18.1,24.3,32.5,48,0.0,0.0,0.0,0.0,4.34,9.6
2011-09-01,24.2,30.0,19.7,25.0,30.3,59,0.0,0.0,0.0,0.0,3.62,9.2
2011-09-02,24.1,29.9,19.5,25.3,31.2,64,0.0,0.0,0.0,0.0,4.32,8.7
2011-09-03,24.1,27.7,21.4,26.3,29.5,74,0.4,0.4,0.0,2.0,3.51,8.2
2011-09-04,23.5,27.3,20.9,26.1,29.6,78,1.9,1.9,0.0,8.0,2.64,6.6
2011-09-05,24.5,30.0,20.6,25.9,30.6,74,0.0,0.0,0.0,0.0,5.53,11.7
2011-09-06,25.0,30.5,20.8,25.2,30.3,68,0.0,0.0,0.0,0.0,7.98,16.4
2011-09-07,23.9,29.4,19.0,24.3,30.8,71,1.1,1.1,0.0,4.0,6.22,14.3
2011-09-08,19.6,21.8,17.9,19.7,21.5,75,2.5,2.5,0.0,8.0,3.9,8.6
2011-09-09,18.7,20.8,17.4,19.7,22.4,86,2.0,2.0,0.0,10.0,3.37,6.8
2011-09-10,19.8,24.1,17.0,20.9,25.1,85,3.8,3.8,0.0,13.0,3.49,6.9
2011-09-11,21.5,26.1,18.2,21.6,25.0,75,0.2,0.2,0.0,2.0,6.4,12.9
2011-09-12,21.9,26.5,18.8,23.2,28.4,80,0.3,0.3,0.0,2.0,4.6,10.6
2011-09-13,22.6,27.3,18.9,23.3,26.9,76,0.1,0.1,0.0,1.0,5.75,12.1
2011-09-14,23.5,29.5,18.8,23.6,29.0,69,0.0,0.0,0.0,0.0,7.03,13.7
2011-09-15,23.7,29.0,19.7,24.3,29.6,69,0.2,0.2,0.0,1.0,5.69,11.6
2011-09-16,23.9,29.4,19.5,24.3,29.4,66,0.0,0.0,0.0,0.0,5.42,11.9
2011-09-17,24.7,30.2,20.9,24.8,30.2,65,0.0,0.0,0.0,0.0,6.02,12.9
2011-09-18,23.7,27.4,19.5,24.5,27.0,73,2.3,2.3,0.0,5.0,6.0,12.5
2011-09-19,15.1,19.2,11.6,14.5,20.8,92,12.2,12.2,0.0,14.0,4.42,9.6
2011-09-20,11.1,11.6,10.5,9.5,10.3,91,0.2,0.2,0.0,2.0,3.58,6.9
2011-09-21,13.0,15.7,11.2,11.8,14.6,82,0.0,0.0,0.0,0.0,2.94,6.2
2011-09-22,12.7,13.9,11.6,11.4,12.8,85,1.2,1.2,0.0,5.0,3.22,6.7
2011-09-23,12.4,14.3,10.8,10.9,12.7,84,1.0,1.0,0.0,7.0,3.85,7.8
2011-09-24,15.7,20.2,11.8,14.4,18.9,69,0.5,0.5,0.0,3.0,3.44,7.5
2011-09-25,17.5,21.6,12.9,16.1,20.5,56,0.0,0.0,0.0,0.0,3.56,8.6
2011-09-26,18.5,23.4,15.0,17.6,22.8,59,0.0,0.0,0.0,0.0,3.06,7.3
2011-09-27,19.3,24.6,14.4,18.8,24.0,72,0.0,0.0,0.0,0.0,6.0,12.5
2011-09-28,19.3,23.7,14.9,19.8,25.3,83,4.1,4.1,0.0,9.0,5.15,10.3
2011-09-29,14.9,16.0,14.5,12.9,14.0,87,4.6,4.6,0.0,11.0,6.92,13.1
2011-09-30,13.7,15.2,11.9,12.1,13.6,93,16.1,16.1,0.0,24.0,5.2,11.2
2011-10-01,12.1,12.8,11.2,10.5,11.6,98,53.2,53.2,0.0,23.0,4.84,9.9
2011-10-02,12.0,13.0,11.3,10.2,11.1,96,36.3,36.3,0.0,24.0,5.23,10.3
2011-10-03,10.8,11.5,9.8,8.4,9.2,92,8.2,8.2,0.0,16.0,4.94,9.8
2011-10-04,10.7,12.1,9.7,8.7,9.9,91,2.2,2.2,0.0,7.0,4.25,8.7
2011-10-05,13.6,17.5,10.4,12.3,16.1,81,0.0,0.0,0.0,0.0,3.55,7.5
2011-10-06,15.1,19.4,12.2,15.1,19.9,85,0.0,0.0,0.0,0.0,2.52,6.4
2011-10-07,17.7,23.9,13.1,18.6,26.9,82,0.0,0.0,0.0,0.0,2.25,4.6
2011-10-08,18.8,24.5,14.1,18.9,23.8,82,0.0,0.0,0.0,0.0,5.23,10.5
2011-10-09,20.2,25.6,16.3,20.8,25.6,81,0.5,0.5,0.0,3.0,4.52,9.2
2011-10-10,20.9,26.1,17.5,21.6,26.5,78,0.0,0.0,0.0,0.0,4.61,9.6
2011-10-11,20.2,24.6,16.6,21.2,25.4,81,2.8,2.8,0.0,10.0,3.99,9.1
2011-10-12,19.6,23.9,16.3,20.7,25.2,83,2.2,2.2,0.0,7.0,3.65,8.3
2011-10-13,18.0,21.2,13.9,18.9,23.5,88,39.5,39.5,0.0,20.0,6.81,14.2
2011-10-14,15.8,21.3,11.4,14.9,21.6,73,0.0,0.0,0.0,0.0,3.47,7.5
2011-10-15,13.8,16.0,11.7,11.9,13.2,74,0.7,0.7,0.0,3.0,4.4,9.1
2011-10-16,13.8,17.7,10.9,12.1,15.5,73,0.0,0.0,0.0,0.0,3.5,8.3
2011-10-17,14.3,19.6,9.8,12.6,17.5,68,0.0,0.0,0.0,0.0,2.69,6.4
2011-10-18,15.7,21.0,11.1,14.4,20.3,68,0.0,0.0,0.0,0.0,3.47,7.5
2011-10-19,15.7,18.5,13.3,14.3,16.4,71,3.6,3.6,0.0,6.0,5.14,10.1
2011-10-20,14.7,16.7,13.4,14.7,16.9,88,1.6,1.6,0.0,4.0,1.84,5.8
2011-10-21,14.4,17.0,12.0,14.1,16.6,91,0.7,0.7,0.0,7.0,3.72,8.2
2011-10-22,17.0,19.0,15.6,15.7,17.5,89,0.6,0.6,0.0,4.0,7.8,15.1
2011-10-23,16.4,18.4,13.1,16.0,19.3,90,7.5,7.5,0.0,10.0,5.53,11.6
2011-10-24,12.8,14.0,11.3,11.8,13.0,95,16.8,16.8,0.0,14.0,3.81,7.5
2011-10-25,11.6,12.4,10.9,10.0,10.7,91,0.0,0.0,0.0,0.0,4.1,8.5
2011-10-26,12.3,14.4,11.2,11.2,13.3,94,0.9,0.9,0.0,6.0,3.83,8.1
2011-10-27,10.0,11.5,9.3,8.5,10.8,96,8.0,8.0,0.0,19.0,3.27,6.6
2011-10-28,10.9,13.3,9.1,9.3,12.0,89,4.6,4.6,0.0,8.0,3.4,7.0
2011-10-29,11.8,16.5,7.6,11.1,16.8,86,0.0,0.0,0.0,0.0,2.14,4.9
2011-10-30,11.9,13.5,10.3,10.5,12.3,92,6.0,6.0,0.0,10.0,4.68,9.2
2011-10-31,13.8,16.7,12.0,12.3,14.7,90,0.2,0.2,0.0,1.0,6.05,12.1
2011-11-01,15.4,19.0,13.6,14.8,18.4,90,1.5,1.5,0.0,8.0,4.9,9.1
2011-11-02,15.9,19.2,13.6,15.1,18.6,88,2.8,2.8,0.0,11.0,5.06,12.1
2011-11-03,16.1,19.5,13.8,14.5,17.1,83,0.0,0.0,0.0,0.0,6.84,14.4
2011-11-04,16.4,20.5,13.9,15.8,19.6,86,1.5,1.5,0.0,5.0,5.35,13.0
2011-11-05,16.7,20.6,14.1,17.3,20.7,88,4.7,4.7,0.0,17.0,2.97,8.0
2011-11-06,17.0,20.3,15.1,16.8,19.2,90,4.6,4.6,0.0,12.0,5.81,13.9
2011-11-07,16.3,19.6,14.1,16.1,20.4,92,11.5,11.5,0.0,12.0,4.61,10.5
2011-11-08,11.0,14.2,9.3,8.3,13.5,91,2.4,2.4,0.0,12.0,6.24,12.7
2011-11-09,9.8,11.6,7.2,7.4,9.8,84,0.0,0.0,0.0,0.0,4.3,9.2
2011-11-10,10.2,16.3,6.4,8.6,15.2,81,0.0,0.0,0.0,0.0,2.9,5.7
2011-11-11,10.6,18.7,4.3,8.2,16.4,76,0.0,0.0,0.0,0.0,4.9,10.5
2011-11-12,11.8,16.6,7.8,10.1,14.2,80,0.0,0.0,0.0,0.0,4.2,9.1
2011-11-13,12.1,14.0,9.6,11.4,13.9,88,0.2,0.2,0.0,1.0,2.69,5.0
2011-11-14,13.7,16.9,11.3,12.1,14.5,81,0.6,0.6,0.0,4.0,5.7,11.3
2011-11-15,14.7,19.0,12.7,12.7,16.0,79,0.0,0.0,0.0,0.0,6.84,14.5
2011-11-16,14.9,18.7,12.2,12.9,16.7,82,0.0,0.0,0.0,0.0,7.07,13.9
2011-11-17,16.1,21.2,12.4,14.2,18.6,79,0.0,0.0,0.0,0.0,6.68,13.1
2011-11-18,13.0,16.0,8.8,11.8,14.2,88,0.0,0.0,0.0,0.0,4.15,8.9
2011-11-19,12.0,17.7,8.2,10.3,16.9,82,0.0,0.0,0.0,0.0,4.11,9.3
2011-11-20,12.0,19.3,6.8,10.5,17.0,85,0.0,0.0,0.0,0.0,4.95,10.1
2011-11-21,13.5,18.4,10.2,11.7,15.6,78,0.0,0.0,0.0,0.0,5.98,11.6
2011-11-22,13.9,18.1,11.2,13.7,17.9,85,1.0,1.0,0.0,7.0,2.36,5.2
2011-11-23,13.3,17.0,11.1,12.6,16.2,88,2.8,2.8,0.0,10.0,2.56,6.1
2011-11-24,12.9,18.1,9.3,10.8,14.8,85,0.0,0.0,0.0,0.0,6.94,13.0
2011-11-25,12.8,16.2,10.6,11.1,13.9,85,0.0,0.0,0.0,0.0,4.91,10.9
2011-11-26,14.1,17.3,11.9,12.3,14.7,84,0.0,0.0,0.0,0.0,6.55,12.3
2011-11-27,14.9,17.9,13.0,13.9,16.0,85,0.1,0.1,0.0,1.0,5.19,10.8
2011-11-28,15.8,19.9,12.9,14.2,17.3,82,0.3,0.3,0.0,2.0,5.42,11.1
2011-11-29,15.9,19.7,13.9,14.3,17.2,81,1.1,1.1,0.0,5.0,6.93,13.2
2011-11-30,9.7,14.6,4.2,7.2,15.0,91,16.6,16.6,0.0,15.0,5.41,10.3
2011-12-01,3.7,5.0,2.8,0.3,2.5,92,4.7,2.8,1.33,12.0,4.61,9.7
2011-12-02,7.1,12.5,3.5,4.5,9.8,83,0.0,0.0,0.0,0.0,4.73,9.7
2011-12-03,7.0,11.5,3.4,3.8,7.4,81,0.0,0.0,0.0,0.0,5.34,11.6
2011-12-04,8.4,10.5,6.6,5.6,7.3,75,0.3,0.3,0.0,2.0,4.75,9.6
2011-12-05,9.6,12.7,8.0,7.3,10.8,80,0.8,0.8,0.0,4.0,3.89,9.7
2011-12-06,9.0,11.0,7.1,7.5,10.4,95,5.2,5.2,0.0,20.0,3.69,7.8
2011-12-07,6.9,8.1,5.7,3.8,5.1,92,2.8,2.8,0.0,10.0,5.12,10.1
2011-12-08,3.9,5.9,1.9,0.1,2.3,88,1.2,1.2,0.0,6.0,4.47,10.0
2011-12-09,1.9,3.7,0.8,-2.6,-0.9,71,0.0,0.0,0.0,0.0,4.34,8.6
2011-12-10,1.4,4.0,-0.8,-3.0,-0.9,72,0.3,0.0,0.63,3.0,4.55,9.6
2011-12-11,2.7,4.8,0.2,-0.5,1.5,77,0.0,0.0,0.0,0.0,3.08,5.9
2011-12-12,4.6,6.2,3.1,1.6,3.4,76,0.0,0.0,0.0,0.0,2.5,5.7
2011-12-13,7.2,9.7,4.6,4.8,7.2,78,0.0,0.0,0.0,0.0,3.61,7.6
2011-12-14,4.4,7.8,2.4,1.3,5.8,90,2.5,2.5,0.0,10.0,3.8,8.3
2011-12-15,3.0,3.5,2.0,-0.6,-0.0,90,3.4,3.4,0.0,12.0,3.44,7.6
2011-12-16,2.6,4.5,1.3,-1.3,0.4,79,0.3,0.0,0.35,3.0,3.61,8.1
2011-12-17,3.1,6.4,1.2,-0.5,3.4,72,0.1,0.0,0.14,1.0,3.74,7.5
2011-12-18,4.0,7.7,1.3,1.2,4.8,79,0.5,0.0,0.49,3.0,2.67,5.9
2011-12-19,5.4,7.1,4.0,2.6,3.8,84,1.1,1.1,0.0,4.0,3.92,8.4
2011-12-20,3.5,4.8,2.4,0.8,2.1,93,0.1,0.1,0.0,1.0,2.3,4.7
2011-12-21,3.1,3.9,2.2,-0.0,1.6,93,1.9,1.9,0.0,11.0,3.28,7.2
2011-12-22,1.9,3.4,0.7,-1.7,-0.0,88,0.4,0.4,0.0,3.0,3.49,7.2
2011-12-23,0.5,1.6,-0.3,-3.6,-2.1,83,0.1,0.0,0.63,1.0,4.51,9.0
2011-12-24,2.6,5.5,0.2,-0.7,2.2,84,0.0,0.0,0.0,0.0,3.11,6.4
2011-12-25,3.1,4.5,2.0,-0.2,0.8,65,0.0,0.0,0.0,0.0,1.92,4.8
2011-12-26,4.3,6.1,2.0,0.8,2.1,64,0.0,0.0,0.0,0.0,3.26,7.4
2011-12-27,5.2,8.3,2.9,2.2,5.4,66,0.0,0.0,0.0,0.0,2.28,5.9
2011-12-28,4.8,7.0,2.1,1.9,4.4,75,0.0,0.0,0.0,0.0,2.5,5.0
2011-12-29,4.0,5.2,2.5,0.7,1.8,81,0.2,0.2,0.0,2.0,3.09,6.5
2011-12-30,2.7,3.8,1.6,-1.0,0.3,72,0.0,0.0,0.0,0.0,3.04,6.3
2011-12-31,4.3,8.5,1.0,1.4,6.1,77,0.2,0.1,0.14,2.0,2.93,6.1
2012-01-01,4.6,5.8,3.4,1.8,2.6,84,0.0,0.0,0.0,0.0,2.8,5.8
2012-01-02,3.1,3.9,2.2,0.4,0.9,96,1.3,1.3,0.0,10.0,2.48,4.8
2012-01-03,1.1,2.0,-1.3,-2.9,-1.2,91,4.2,2.2,1.54,15.0,4.1,8.9
2012-01-04,-2.2,-1.4,-3.3,-6.4,-5.8,86,0.9,0.0,0.7,3.0,3.61,7.5
2012-01-05,-1.5,0.4,-3.3,-4.9,-2.7,89,1.0,0.0,0.91,8.0,2.24,4.4
2012-01-06,0.4,2.2,-1.3,-2.9,-0.8,88,0.0,0.0,0.07,0.0,2.85,5.8
2012-01-07,0.2,1.9,-0.9,-3.2,-1.4,89,0.0,0.0,0.28,0.0,2.42,5.4
2012-01-08,1.2,3.9,-0.8,-1.9,0.7,88,0.0,0.0,0.07,0.0,2.48,5.3
2012-01-09,2.3,3.3,0.6,-0.7,0.4,87,0.0,0.0,0.14,0.0,2.36,4.7
2012-01-10,2.8,4.6,1.4,-0.2,1.9,89,0.8,0.7,0.07,6.0,3.28,6.7
2012-01-11,1.2,1.9,0.5,-2.3,-1.7,92,0.3,0.1,0.35,3.0,3.04,6.6
2012-01-12,3.9,7.0,0.6,0.8,4.1,90,0.0,0.0,0.0,0.0,3.71,8.6
2012-01-13,3.9,5.0,2.1,1.7,3.2,98,1.1,1.1,0.0,10.0,2.06,5.2
2012-01-14,2.5,4.0,1.2,-0.6,2.0,99,7.6,7.6,0.0,18.0,3.55,8.3
2012-01-15,1.8,2.8,0.4,-1.5,0.0,94,2.0,1.8,0.14,7.0,3.26,6.5
2012-01-16,3.6,10.4,-0.4,0.4,5.9,87,0.0,0.0,0.0,0.0,5.81,12.0
2012-01-17,1.7,4.6,0.2,-1.3,2.2,95,5.3,2.7,1.82,24.0,2.66,5.5
2012-01-18,0.8,2.2,-0.1,-2.4,-0.8,94,2.0,0.8,0.91,8.0,2.73,5.9
2012-01-19,0.7,1.8,-0.5,-2.7,-1.3,96,2.0,2.0,0.0,11.0,3.03,6.0
2012-01-20,0.1,1.6,-1.0,-3.4,-1.5,96,4.1,3.9,0.14,21.0,3.61,7.3
2012-01-21,-1.0,-0.1,-1.9,-5.1,-4.2,95,6.3,4.4,1.33,21.0,4.25,8.2
2012-01-22,-2.1,-1.4,-3.1,-6.6,-6.0,87,1.4,0.1,1.4,5.0,4.05,8.0
2012-01-23,-1.6,2.4,-3.4,-5.7,-2.0,85,0.0,0.0,0.0,0.0,3.89,8.5
2012-01-24,-2.1,-0.3,-3.5,-6.5,-5.0,86,0.5,0.0,0.42,4.0,3.86,8.4
2012-01-25,-1.0,2.2,-4.1,-4.8,-1.5,80,0.0,0.0,0.0,0.0,2.84,6.0
2012-01-26,0.6,2.9,-1.0,-2.5,-0.0,83,0.0,0.0,0.0,0.0,2.02,5.1
2012-01-27,1.6,3.8,-0.5,-1.4,1.0,92,0.2,0.2,0.35,2.0,2.97,7.1
2012-01-28,2.1,4.7,0.6,-1.5,1.5,86,0.4,0.2,0.35,3.0,3.54,7.7
2012-01-29,1.4,2.2,0.2,-2.0,-1.2,86,0.0,0.0,0.14,0.0,2.77,6.7
2012-01-30,1.6,3.8,0.0,-1.8,0.6,83,1.1,0.2,0.84,8.0,2.97,6.3
2012-01-31,3.2,8.3,0.1,0.3,4.5,81,0.0,0.0,0.0,0.0,3.31,7.5
2012-02-01,4.8,6.6,3.4,2.3,4.9,88,0.6,0.6,0.0,4.0,3.55,6.9
2012-02-02,1.7,3.9,-0.1,-2.1,0.5,91,4.0,1.6,1.89,20.0,3.67,8.0
2012-02-03,3.3,8.4,-0.3,-0.3,4.8,84,0.0,0.0,0.21,0.0,5.8,10.6
2012-02-04,5.8,9.8,3.7,3.4,7.1,93,0.4,0.4,0.0,2.0,3.73,9.0
2012-02-05,8.2,11.5,6.3,5.9,8.9,92,2.2,2.2,0.0,14.0,4.92,10.5
2012-02-06,5.1,6.6,3.5,1.3,3.1,88,2.0,2.0,0.0,8.0,4.93,10.0
2012-02-07,3.8,6.6,1.4,-0.4,2.5,66,0.1,0.1,0.0,1.0,4.36,9.0
2012-02-08,0.3,1.8,-1.8,-4.1,-2.7,65,0.0,0.0,0.0,0.0,3.95,7.2
2012-02-09,0.5,6.3,-2.7,-3.4,3.9,89,1.0,0.8,0.14,7.0,4.57,11.0
2012-02-10,-0.7,1.5,-2.4,-4.9,-2.9,85,0.1,0.1,0.07,1.0,3.51,8.5
2012-02-11,1.3,5.9,-2.2,-2.6,1.2,83,0.0,0.0,0.0,0.0,5.36,10.8
2012-02-12,6.9,13.0,3.1,3.5,9.6,89,0.6,0.6,0.0,3.0,5.51,13.5
2012-02-13,7.0,14.0,3.0,4.2,11.4,91,2.4,2.4,0.0,9.0,6.32,13.4
2012-02-14,3.2,5.2,1.9,0.2,2.3,96,3.7,3.7,0.0,22.0,3.41,8.3
2012-02-15,2.4,3.0,1.7,-1.1,-0.5,95,2.5,2.5,0.0,12.0,3.89,7.5
2012-02-16,2.6,4.7,1.2,-0.9,1.2,86,0.0,0.0,0.0,0.0,3.69,7.4
2012-02-17,0.7,2.2,-0.3,-3.5,-1.9,84,0.1,0.0,0.49,1.0,4.14,8.4
2012-02-18,-0.7,0.2,-1.4,-4.9,-4.0,85,0.4,0.0,0.91,3.0,3.61,7.8
2012-02-19,1.8,6.7,-2.3,-1.8,2.5,80,0.0,0.0,0.0,0.0,4.34,9.2
2012-02-20,4.6,6.6,2.6,1.6,4.7,92,0.1,0.1,0.0,1.0,5.66,11.7
2012-02-21,7.2,10.2,4.8,5.2,7.7,94,3.2,3.2,0.0,15.0,3.89,8.9
2012-02-22,7.1,9.8,4.0,5.1,8.2,97,6.0,6.0,0.0,22.0,3.92,8.0
2012-02-23,5.4,7.3,4.1,2.6,5.0,94,2.9,2.9,0.0,5.0,3.75,8.6
2012-02-24,4.6,6.3,3.5,1.7,3.8,96,1.2,1.2,0.0,8.0,4.12,7.2
2012-02-25,1.9,3.8,-1.0,-1.8,0.3,95,0.6,0.6,0.0,5.0,4.18,7.9
2012-02-26,-0.5,0.6,-1.3,-4.8,-3.6,86,0.3,0.0,0.63,2.0,4.05,8.1
2012-02-27,-0.3,2.2,-1.6,-4.0,-1.2,85,0.8,0.1,0.63,4.0,3.22,6.8
2012-02-28,1.7,6.1,-2.1,-1.7,2.1,87,0.4,0.4,0.0,2.0,5.22,12.0
2012-02-29,2.2,5.3,-0.3,-0.6,3.2,91,0.4,0.4,0.0,3.0,2.59,5.5
2012-03-01,6.0,13.8,2.7,2.9,13.2,88,1.2,1.2,0.0,7.0,4.73,11.3
2012-03-02,4.5,6.6,2.8,1.8,3.9,94,2.5,2.5,0.0,16.0,3.33,7.9
2012-03-03,7.6,10.8,5.8,5.6,9.5,98,17.3,17.3,0.0,23.0,3.98,12.7
2012-03-04,6.1,9.0,3.6,3.7,6.4,93,4.3,4.3,0.0,11.0,4.41,11.3
2012-03-05,8.2,17.5,2.5,5.9,14.4,83,5.9,5.9,0.0,7.0,5.29,13.9
2012-03-06,4.8,8.0,2.3,1.6,6.2,95,6.4,6.4,0.0,22.0,4.75,9.0
2012-03-07,2.7,5.0,1.5,-0.6,1.9,93,0.7,0.7,0.0,3.0,3.96,7.3
2012-03-08,1.5,2.3,0.6,-2.2,-1.6,94,2.3,2.3,0.0,12.0,3.76,7.7
2012-03-09,1.9,3.5,0.6,-2.1,-0.8,87,0.6,0.6,0.0,4.0,4.34,9.0
2012-03-10,3.9,7.9,1.1,0.5,4.9,78,0.0,0.0,0.0,0.0,3.05,6.8
2012-03-11,5.5,7.7,3.2,2.3,4.5,77,0.0,0.0,0.0,0.0,3.28,6.8
2012-03-12,5.1,7.2,3.2,2.2,4.5,81,0.1,0.1,0.0,1.0,3.11,6.6
2012-03-13,7.9,13.0,4.1,5.6,10.3,78,0.0,0.0,0.0,0.0,3.01,6.3
2012-03-14,9.4,12.8,7.1,6.8,9.7,88,1.1,1.1,0.0,6.0,5.22,10.8
2012-03-15,13.4,21.4,9.1,12.3,19.8,84,2.4,2.4,0.0,14.0,5.82,11.4
2012-03-16,12.4,15.8,8.8,11.4,14.8,86,2.0,2.0,0.0,8.0,3.49,7.8
2012-03-17,16.7,23.2,12.5,16.2,21.6,77,5.0,5.0,0.0,13.0,6.46,13.9
2012-03-18,15.7,22.9,10.3,15.1,21.3,80,0.7,0.7,0.0,1.0,5.49,12.7
2012-03-19,19.8,26.1,15.7,18.5,24.5,68,0.2,0.2,0.0,2.0,6.3,12.3
2012-03-20,17.2,20.3,14.1,16.8,20.2,81,1.7,1.7,0.0,8.0,5.45,11.1
2012-03-21,17.3,21.6,13.4,14.8,18.6,82,5.8,5.8,0.0,15.0,10.4,20.7
2012-03-22,14.9,18.7,7.6,13.4,18.2,86,18.1,18.1,0.0,21.0,8.1,17.6
2012-03-23,5.1,6.6,3.2,0.2,1.8,85,5.0,5.0,0.0,15.0,7.56,14.7
2012-03-24,9.6,16.3,3.8,7.0,14.1,61,0.0,0.0,0.0,0.0,4.63,8.0
2012-03-25,12.7,18.3,7.9,10.8,17.8,60,0.6,0.6,0.0,2.0,2.8,5.6
2012-03-26,13.7,18.2,10.0,11.2,16.1,60,0.1,0.1,0.0,1.0,4.9,10.0
2012-03-27,13.7,17.1,10.5,11.7,15.0,74,7.1,7.1,0.0,10.0,4.94,11.7
2012-03-28,12.6,13.8,11.4,11.2,13.0,91,3.6,3.6,0.0,9.0,4.91,12.5
2012-03-29,11.9,13.2,10.0,11.2,13.1,99,11.8,11.8,0.0,20.0,3.14,10.1
2012-03-30,11.0,12.4,9.8,8.4,9.7,90,11.3,11.3,0.0,14.0,6.2,11.8
2012-03-31,11.3,15.7,7.4,9.0,14.2,72,2.3,2.3,0.0,6.0,4.9,9.9
2012-04-01,13.6,21.9,6.6,10.9,18.4,69,0.0,0.0,0.0,0.0,7.64,15.5
2012-04-02,18.7,27.2,12.2,17.2,26.5,69,0.3,0.3,0.0,2.0,7.49,14.4
2012-04-03,18.0,19.9,15.3,16.8,18.3,71,1.3,1.3,0.0,7.0,5.42,10.6
2012-04-04,18.1,20.6,14.7,17.0,20.6,72,2.8,2.8,0.0,8.0,5.36,10.7
2012-04-05,15.1,17.8,12.0,13.6,16.3,71,1.2,1.2,0.0,3.0,4.04,7.3
2012-04-06,13.3,15.1,11.3,10.9,12.9,61,0.2,0.2,0.0,1.0,3.55,7.4
2012-04-07,11.4,13.2,9.5,9.1,11.7,69,1.1,1.1,0.0,5.0,3.42,7.1
2012-04-08,11.9,15.5,9.0,10.5,14.5,72,2.0,2.0,0.0,5.0,1.99,4.6
2012-04-09,15.1,19.8,12.1,14.0,18.0,85,2.3,2.3,0.0,10.0,6.36,13.2
2012-04-10,18.3,23.2,15.0,17.9,23.4,78,1.7,1.7,0.0,13.0,4.75,9.3
2012-04-11,18.2,22.7,15.0,19.1,24.5,80,3.6,3.6,0.0,14.0,3.09,8.2
2012-04-12,17.3,22.2,11.0,16.7,23.4,83,5.9,5.9,0.0,13.0,6.28,12.4
2012-04-13,11.3,14.4,8.9,8.6,13.5,74,0.0,0.0,0.0,0.0,5.55,11.4
2012-04-14,13.5,18.6,10.2,12.9,18.6,83,2.0,2.0,0.0,5.0,3.2,9.3
2012-04-15,14.5,18.9,11.1,13.2,16.8,80,10.3,10.3,0.0,9.0,4.79,11.3
2012-04-16,15.9,19.3,13.1,15.0,18.1,74,0.2,0.2,0.0,1.0,3.26,7.0
2012-04-17,13.8,15.1,12.1,12.5,14.2,79,3.0,3.0,0.0,14.0,4.11,8.8
2012-04-18,14.7,18.8,11.7,13.9,18.3,82,3.9,3.9,0.0,8.0,3.31,7.1
2012-04-19,16.7,21.2,13.7,16.6,21.1,79,0.4,0.4,0.0,4.0,3.2,8.0
2012-04-20,16.0,19.9,12.9,14.1,17.0,76,18.1,18.1,0.0,7.0,6.69,13.3
2012-04-21,17.4,25.0,9.8,16.8,25.6,63,0.0,0.0,0.0,0.0,3.79,7.5
2012-04-22,19.7,25.5,14.2,17.5,23.6,67,0.0,0.0,0.0,0.0,8.63,17.8
2012-04-23,22.4,28.1,18.5,20.5,26.2,69,4.3,4.3,0.0,6.0,10.34,19.7
2012-04-24,21.9,25.7,17.8,21.8,27.3,66,2.9,2.9,0.0,5.0,7.4,15.4
2012-04-25,15.0,18.7,10.8,13.2,18.4,81,5.7,5.7,0.0,10.0,6.33,14.1
2012-04-26,16.2,22.4,11.0,15.2,21.4,65,0.4,0.4,0.0,2.0,3.98,8.8
2012-04-27,18.4,24.5,13.8,18.3,24.6,74,2.4,2.4,0.0,7.0,3.86,9.3
2012-04-28,19.0,24.8,16.2,20.0,27.2,85,14.3,14.3,0.0,20.0,3.71,10.9
2012-04-29,19.2,23.4,15.9,20.6,24.0,85,8.1,8.1,0.0,17.0,2.95,8.0
2012-04-30,22.4,28.1,18.9,23.4,28.3,74,6.9,6.9,0.0,7.0,5.42,11.3
2012-05-01,18.9,21.1,16.6,19.5,22.2,86,3.8,3.8,0.0,15.0,5.7,11.6
2012-05-02,17.3,19.6,15.5,17.5,20.1,86,2.8,2.8,0.0,12.0,4.06,8.5
2012-05-03,17.1,19.8,15.4,17.4,19.9,91,8.1,8.1,0.0,15.0,4.25,10.0
2012-05-04,17.3,19.9,14.9,17.4,20.3,88,15.6,15.6,0.0,11.0,4.1,8.1
2012-05-05,19.5,24.2,15.7,20.8,25.5,82,1.1,1.1,0.0,5.0,2.66,6.0
2012-05-06,21.6,25.8,18.3,22.6,26.7,82,1.1,1.1,0.0,6.0,6.45,13.2
2012-05-07,23.8,27.6,20.5,23.2,27.1,71,0.2,0.2,0.0,1.0,9.04,18.2
2012-05-08,22.8,26.8,19.9,24.3,29.9,76,4.1,4.1,0.0,6.0,5.92,13.5
2012-05-09,22.2,25.7,19.1,24.6,29.0,84,11.3,11.3,0.0,17.0,3.72,9.0
2012-05-10,21.3,25.7,18.7,23.7,27.9,86,10.7,10.7,0.0,15.0,3.96,8.1
2012-05-11,22.5,25.9,20.0,24.1,27.5,83,7.4,7.4,0.0,12.0,6.1,12.9
2012-05-12,19.7,22.0,16.1,20.3,24.7,85,46.8,46.8,0.0,14.0,6.67,14.3
2012-05-13,18.2,20.8,16.4,18.5,21.1,85,3.1,3.1,0.0,9.0,4.49,10.0
2012-05-14,15.6,17.7,13.3,13.7,18.8,82,22.1,22.1,0.0,9.0,7.02,13.8
2012-05-15,15.3,18.8,12.9,14.5,18.3,80,2.1,2.1,0.0,5.0,3.61,8.0
2012-05-16,17.4,23.5,12.2,18.0,26.5,79,0.0,0.0,0.0,0.0,2.97,6.0
2012-05-17,19.8,24.3,16.3,20.4,24.4,74,0.6,0.6,0.0,3.0,3.63,7.9
2012-05-18,22.1,26.9,18.6,22.8,27.7,74,12.4,12.4,0.0,14.0,7.03,13.3
2012-05-19,22.2,27.4,18.6,24.4,29.9,77,6.1,6.1,0.0,8.0,2.28,5.9
2012-05-20,22.6,26.6,19.2,24.3,28.5,80,2.4,2.4,0.0,9.0,5.19,10.3
2012-05-21,21.0,22.0,19.8,22.0,23.1,88,7.9,7.9,0.0,20.0,6.37,13.8
2012-05-22,17.1,20.1,14.9,17.1,21.8,93,47.8,47.8,0.0,16.0,5.75,10.7
2012-05-23,15.8,17.1,14.3,15.9,17.5,92,1.7,1.7,0.0,11.0,3.08,6.6
2012-05-24,14.8,15.3,14.1,14.6,15.6,97,23.9,23.9,0.0,24.0,3.67,8.2
2012-05-25,14.6,15.6,13.4,14.2,15.4,96,10.3,10.3,0.0,19.0,3.55,7.3
2012-05-26,17.7,21.7,14.5,18.4,22.8,85,1.6,1.6,0.0,5.0,2.82,5.7
2012-05-27,19.5,24.0,15.5,20.9,25.9,85,2.8,2.8,0.0,9.0,2.6,7.0
2012-05-28,21.1,25.0,18.6,22.9,27.9,86,5.1,5.1,0.0,16.0,5.0,10.9
2012-05-29,19.2,20.9,16.8,19.7,22.7,88,19.8,19.8,0.0,15.0,5.3,13.3
2012-05-30,19.4,22.6,17.0,19.4,22.4,77,1.2,1.2,0.0,7.0,4.25,8.8
2012-05-31,17.1,18.1,15.6,17.2,19.1,83,0.8,0.8,0.0,3.0,3.37,7.1
2012-06-01,15.5,16.4,14.5,15.9,16.8,95,14.3,14.3,0.0,20.0,2.92,5.3
2012-06-02,16.5,19.2,14.7,17.2,19.4,89,3.5,3.5,0.0,13.0,2.06,5.1
2012-06-03,16.7,18.3,15.3,17.2,19.9,93,11.9,11.9,0.0,16.0,4.41,8.6
2012-06-04,16.0,17.4,14.4,16.1,17.6,93,9.8,9.8,0.0,15.0,3.74,7.3
2012-06-05,18.3,20.9,16.0,19.7,22.0,92,0.4,0.4,0.0,2.0,4.4,8.9
2012-06-06,19.4,20.9,18.2,21.5,23.2,95,11.8,11.8,0.0,21.0,3.31,9.4
2012-06-07,19.0,20.8,18.1,20.3,21.5,91,7.4,7.4,0.0,15.0,3.61,7.6
2012-06-08,20.4,23.5,18.0,22.7,26.0,87,10.0,10.0,0.0,17.0,2.4,7.6
2012-06-09,22.1,26.1,19.4,25.3,30.2,87,14.6,14.6,0.0,20.0,2.56,7.2
2012-06-10,21.6,26.0,19.2,24.0,28.3,88,9.0,9.0,0.0,14.0,4.9,10.3
2012-06-11,19.7,22.1,18.2,20.9,23.0,85,5.7,5.7,0.0,12.0,3.98,8.6
2012-06-12,18.4,19.7,17.4,19.8,21.0,88,1.7,1.7,0.0,8.0,2.33,5.4
2012-06-13,19.8,24.1,16.5,21.7,26.6,85,3.5,3.5,0.0,9.0,2.28,6.3
2012-06-14,19.7,22.9,17.6,20.7,24.8,83,0.5,0.5,0.0,4.0,4.9,10.0
2012-06-15,20.9,26.1,17.8,21.6,27.1,75,0.0,0.0,0.0,0.0,4.47,9.7
2012-06-16,20.7,24.9,16.8,21.3,26.3,73,0.0,0.0,0.0,0.0,4.03,9.3
2012-06-17,21.4,25.5,17.8,22.4,27.5,73,0.0,0.0,0.0,0.0,4.08,6.8
2012-06-18,20.8,24.3,18.1,22.3,25.3,78,2.4,2.4,0.0,8.0,2.44,5.6
2012-06-19,18.7,21.5,17.0,19.6,22.0,84,17.6,17.6,0.0,15.0,2.8,7.0
2012-06-20,21.2,27.2,15.6,22.5,30.0,70,0.0,0.0,0.0,0.0,2.91,6.5
2012-06-21,20.5,24.5,16.9,22.3,26.1,82,5.1,5.1,0.0,9.0,2.86,5.2
2012-06-22,18.3,20.2,16.9,19.7,21.8,88,10.8,10.8,0.0,22.0,2.82,5.7
2012-06-23,19.6,23.8,15.9,21.3,26.3,84,0.5,0.5,0.0,3.0,2.31,6.5
2012-06-24,21.9,26.3,17.6,24.3,29.5,82,0.2,0.2,0.0,2.0,3.14,7.9
2012-06-25,21.7,25.7,19.8,24.0,27.5,90,26.5,26.5,0.0,22.0,5.17,10.1
2012-06-26,21.2,23.3,20.0,23.6,25.7,92,25.2,25.2,0.0,23.0,3.34,8.0
2012-06-27,22.2,26.1,18.8,25.3,29.8,86,13.7,13.7,0.0,15.0,2.3,6.3
2012-06-28,22.3,24.4,20.9,24.9,27.0,90,15.7,15.7,0.0,13.0,5.02,10.8
2012-06-29,24.0,28.1,20.9,26.0,30.1,81,1.2,1.2,0.0,5.0,5.44,11.7
2012-06-30,25.1,30.1,21.1,27.8,32.6,75,0.0,0.0,0.0,0.0,3.67,8.4
2012-07-01,23.6,26.5,20.8,25.6,28.0,80,0.4,0.4,0.0,2.0,5.53,11.1
2012-07-02,22.7,26.0,20.1,22.9,25.6,79,0.2,0.2,0.0,1.0,7.78,15.7
2012-07-03,23.3,26.5,20.9,23.5,26.4,76,0.0,0.0,0.0,0.0,7.76,15.7
2012-07-04,23.0,26.0,20.4,23.0,25.6,77,0.0,0.0,0.0,0.0,8.59,16.5
2012-07-05,23.9,27.6,21.4,25.2,30.0,78,2.5,2.5,0.0,10.0,6.4,12.8
2012-07-06,24.7,29.5,20.9,25.5,29.8,74,0.0,0.0,0.0,0.0,7.67,15.2
2012-07-07,24.7,28.5,21.9,25.3,29.1,75,0.0,0.0,0.0,0.0,7.74,15.7
2012-07-08,24.3,27.6,21.8,24.6,27.4,75,0.0,0.0,0.0,0.0,8.15,16.1
2012-07-09,24.6,28.1,21.8,24.9,28.1,75,0.0,0.0,0.0,0.0,8.71,16.5
2012-07-10,25.1,28.8,22.1,26.2,29.5,74,0.0,0.0,0.0,0.0,7.39,14.4
2012-07-11,25.4,29.6,22.7,27.6,33.1,77,0.4,0.4,0.0,2.0,5.95,12.8
2012-07-12,23.7,26.2,22.1,25.6,28.5,84,9.4,9.4,0.0,9.0,5.69,13.4
2012-07-13,21.4,22.6,19.7,24.1,25.1,92,61.2,61.2,0.0,18.0,3.49,9.8
2012-07-14,23.9,29.6,19.6,26.4,31.9,79,2.7,2.7,0.0,9.0,3.55,7.7
2012-07-15,22.3,24.9,20.5,25.1,27.1,89,14.3,14.3,0.0,14.0,4.21,10.4
2012-07-16,22.2,23.6,21.2,25.3,26.7,94,28.7,28.7,0.0,24.0,4.61,9.8
2012-07-17,21.2,22.5,20.1,24.1,25.4,93,37.1,37.1,0.0,22.0,2.56,7.7
2012-07-18,21.8,24.1,20.5,24.8,26.6,93,20.8,20.8,0.0,21.0,4.13,8.9
2012-07-19,23.0,26.3,20.7,25.3,28.3,85,1.6,1.6,0.0,9.0,4.73,11.5
2012-07-20,24.5,29.2,21.2,26.0,30.5,77,0.2,0.2,0.0,2.0,5.99,12.7
2012-07-21,24.9,28.7,21.9,26.3,29.9,78,0.2,0.2,0.0,1.0,7.94,14.7
2012-07-22,23.9,28.9,20.2,26.6,32.3,83,9.7,9.7,0.0,9.0,4.43,8.8
2012-07-23,20.6,24.3,19.1,21.9,25.4,88,8.0,8.0,0.0,12.0,5.06,9.6
2012-07-24,20.2,22.6,18.5,21.0,23.2,90,5.9,5.9,0.0,15.0,5.8,12.8
2012-07-25,21.7,24.8,20.1,23.7,26.9,91,21.4,21.4,0.0,23.0,4.22,10.3
2012-07-26,22.6,27.1,19.6,25.4,30.5,85,4.3,4.3,0.0,7.0,3.61,7.4
2012-07-27,22.8,26.2,19.8,25.2,28.5,85,5.3,5.3,0.0,6.0,4.04,8.7
2012-07-28,22.0,25.6,19.7,24.7,28.2,86,8.0,8.0,0.0,11.0,3.53,8.7
2012-07-29,22.8,27.1,19.2,25.7,31.0,83,1.8,1.8,0.0,5.0,3.31,7.4
2012-07-30,23.8,28.2,20.4,25.9,30.5,79,0.1,0.1,0.0,1.0,4.52,9.4
2012-07-31,23.9,29.4,20.7,26.5,32.6,78,0.7,0.7,0.0,3.0,3.22,7.6
2012-08-01,23.0,28.8,19.0,25.9,33.5,81,5.1,5.1,0.0,13.0,3.28,8.0
2012-08-02,22.7,27.9,19.6,24.7,30.3,81,2.8,2.8,0.0,8.0,3.96,8.5
2012-08-03,23.2,29.2,18.2,25.9,33.4,77,0.4,0.4,0.0,2.0,2.75,5.1
2012-08-04,23.9,30.4,18.4,26.7,35.0,70,0.0,0.0,0.0,0.0,2.69,3.7
2012-08-05,23.4,28.2,20.4,25.8,31.8,81,5.2,5.2,0.0,9.0,4.65,11.8
2012-08-06,20.6,21.4,19.1,22.4,24.0,93,21.0,21.0,0.0,14.0,4.3,8.8
2012-08-07,21.3,25.6,18.7,23.5,27.7,89,7.6,7.6,0.0,15.0,3.49,8.9
2012-08-08,23.0,28.5,19.4,25.5,30.8,80,0.7,0.7,0.0,5.0,3.11,8.7
2012-08-09,23.4,29.2,19.0,26.1,32.9,77,0.5,0.5,0.0,4.0,2.94,5.8
2012-08-10,23.9,29.8,18.9,25.9,33.3,69,0.0,0.0,0.0,0.0,2.82,5.1
2012-08-11,24.5,30.8,18.7,26.6,33.3,69,0.0,0.0,0.0,0.0,3.61,8.4
2012-08-12,25.2,31.4,19.8,27.7,34.8,72,0.0,0.0,0.0,0.0,3.73,8.1
2012-08-13,24.8,29.4,21.6,27.7,32.3,76,1.1,1.1,0.0,2.0,3.14,7.0
2012-08-14,24.5,28.8,21.3,27.7,31.6,78,0.8,0.8,0.0,5.0,2.62,6.4
2012-08-15,24.6,28.0,21.5,27.7,31.0,77,2.7,2.7,0.0,9.0,2.77,7.1
2012-08-16,25.2,30.5,21.5,28.3,33.2,75,0.0,0.0,0.0,0.0,3.01,6.6
2012-08-17,24.5,29.1,21.3,27.3,33.0,78,1.4,1.4,0.0,7.0,4.53,10.2
2012-08-18,23.0,26.0,20.3,25.1,27.8,81,4.3,4.3,0.0,7.0,5.02,12.2
2012-08-19,23.2,26.9,20.0,25.1,29.2,80,0.8,0.8,0.0,4.0,4.3,10.1
2012-08-20,24.2,28.6,20.9,26.1,30.9,77,0.1,0.1,0.0,1.0,5.72,11.1
2012-08-21,22.4,25.2,20.3,23.6,25.7,77,2.7,2.7,0.0,7.0,5.57,11.2
2012-08-22,19.4,20.9,18.0,19.3,20.6,80,0.2,0.2,0.0,1.0,5.46,10.7
2012-08-23,19.5,23.9,16.1,19.6,24.5,69,0.0,0.0,0.0,0.0,3.75,7.9
2012-08-24,19.2,23.3,15.1,20.0,24.5,78,0.1,0.1,0.0,1.0,2.92,6.2
2012-08-25,20.3,24.8,16.2,22.0,26.4,82,0.0,0.0,0.0,0.0,3.11,6.3
2012-08-26,21.2,26.2,17.4,22.9,27.1,78,0.0,0.0,0.0,0.0,2.31,5.8
2012-08-27,22.1,27.6,18.3,24.2,29.8,77,0.9,0.9,0.0,6.0,1.84,5.7
2012-08-28,22.4,28.0,17.7,24.5,30.5,77,0.5,0.5,0.0,4.0,2.42,6.1
2012-08-29,23.2,27.0,20.6,25.3,29.4,80,2.8,2.8,0.0,7.0,4.54,10.2
2012-08-30,24.0,27.5,21.5,25.7,29.5,78,0.0,0.0,0.0,0.0,5.8,13.1
2012-08-31,24.1,28.2,21.2,24.9,28.0,75,0.0,0.0,0.0,0.0,6.22,13.1
2012-09-01,24.0,28.0,21.5,25.2,28.4,76,0.5,0.5,0.0,3.0,6.42,13.8
2012-09-02,19.9,22.5,16.5,20.0,24.9,79,4.4,4.4,0.0,6.0,6.08,12.3
2012-09-03,19.4,23.6,15.8,19.2,22.9,73,0.3,0.3,0.0,2.0,4.6,9.7
2012-09-04,19.4,24.9,15.1,19.3,25.2,67,0.0,0.0,0.0,0.0,3.34,7.5
2012-09-05,20.1,26.0,15.5,20.6,27.4,70,0.3,0.3,0.0,1.0,3.25,7.6
2012-09-06,22.0,27.6,17.9,22.6,27.3,76,0.0,0.0,0.0,0.0,5.69,12.1
2012-09-07,23.5,29.3,19.3,23.8,29.3,73,0.0,0.0,0.0,0.0,6.8,13.6
2012-09-08,23.9,28.9,20.2,24.1,28.5,71,0.0,0.0,0.0,0.0,7.49,15.5
2012-09-09,23.5,27.6,20.6,25.0,28.5,77,1.2,1.2,0.0,5.0,4.24,9.3
2012-09-10,23.5,27.2,21.1,23.7,25.8,75,0.0,0.0,0.0,0.0,7.81,16.1
2012-09-11,22.4,26.2,19.1,23.1,26.8,79,5.9,5.9,0.0,8.0,7.28,14.5
2012-09-12,18.3,20.7,15.3,18.9,22.5,92,32.2,32.2,0.0,19.0,5.97,11.9
2012-09-13,15.3,17.4,13.3,14.8,17.2,93,16.1,16.1,0.0,17.0,4.8,10.2
2012-09-14,16.0,22.4,10.4,15.4,22.5,71,0.0,0.0,0.0,0.0,3.11,7.6
2012-09-15,16.7,22.9,11.6,15.8,22.4,68,0.0,0.0,0.0,0.0,3.41,7.9
2012-09-16,14.3,16.1,11.7,13.2,15.1,84,3.8,3.8,0.0,9.0,4.11,8.1
2012-09-17,13.1,15.0,11.6,12.5,14.6,88,0.4,0.4,0.0,3.0,2.5,5.9
2012-09-18,13.6,15.3,12.2,13.9,15.5,94,7.6,7.6,0.0,15.0,1.91,3.5
2012-09-19,15.3,18.9,12.6,15.8,19.4,87,0.6,0.6,0.0,5.0,1.84,4.4
2012-09-20,14.9,15.9,13.9,14.9,16.3,98,14.6,14.6,0.0,18.0,5.02,10.7
2012-09-21,15.9,16.8,15.0,16.8,17.7,98,12.7,12.7,0.0,20.0,3.16,7.1
2012-09-22,16.0,16.7,15.3,17.1,17.5,96,11.4,11.4,0.0,14.0,2.12,8.4
2012-09-23,15.6,16.3,15.2,16.2,17.2,99,18.2,18.2,0.0,17.0,3.34,10.2
2012-09-24,15.2,15.9,14.2,15.5,16.4,97,9.2,9.2,0.0,19.0,3.29,7.2
2012-09-25,17.7,20.7,15.5,18.8,22.1,93,1.9,1.9,0.0,7.0,3.91,8.2
2012-09-26,18.6,21.1,17.5,20.2,22.4,93,0.4,0.4,0.0,4.0,3.45,7.0
2012-09-27,17.5,19.1,16.6,18.4,19.9,95,1.0,1.0,0.0,7.0,4.08,8.2
2012-09-28,18.1,21.6,14.5,18.2,20.8,84,0.1,0.1,0.0,1.0,5.19,10.5
2012-09-29,16.9,22.3,13.4,16.3,22.4,70,0.0,0.0,0.0,0.0,3.03,7.3
2012-09-30,17.0,21.7,13.5,16.5,22.2,68,0.2,0.2,0.0,1.0,2.69,7.1
2012-10-01,18.1,23.7,13.9,18.0,25.2,69,0.0,0.0,0.0,0.0,3.11,6.7
2012-10-02,19.0,22.8,15.8,18.2,21.8,67,0.3,0.3,0.0,2.0,5.3,10.8
2012-10-03,15.9,18.0,14.6,16.6,18.0,91,6.6,6.6,0.0,16.0,2.31,6.6
2012-10-04,13.8,14.7,13.2,13.9,15.3,98,11.7,11.7,0.0,15.0,2.48,9.3
2012-10-05,13.4,14.0,12.9,13.1,14.1,97,4.7,4.7,0.0,13.0,2.56,5.2
2012-10-06,13.8,14.9,13.2,13.5,14.8,94,0.1,0.1,0.0,1.0,2.9,5.6
2012-10-07,15.6,19.0,12.9,15.8,19.7,91,1.3,1.3,0.0,7.0,4.22,9.6
2012-10-08,16.4,20.6,13.4,17.3,22.6,94,4.0,4.0,0.0,20.0,3.2,8.2
2012-10-09,14.0,15.1,13.2,13.4,14.1,96,4.2,4.2,0.0,10.0,4.12,8.4
2012-10-10,15.0,17.3,13.5,14.7,16.8,86,0.0,0.0,0.0,0.0,2.73,6.4
2012-10-11,15.6,19.0,13.4,15.4,19.0,87,0.5,0.5,0.0,4.0,4.12,9.0
2012-10-12,15.2,18.5,12.6,15.5,19.8,91,4.5,4.5,0.0,11.0,3.13,8.2
2012-10-13,12.7,14.0,11.4,12.4,14.3,96,7.8,7.8,0.0,17.0,2.42,6.5
2012-10-14,15.2,18.1,13.2,15.7,18.7,97,4.8,4.8,0.0,15.0,3.85,8.0
2012-10-15,19.7,23.6,17.1,19.8,22.8,88,2.9,2.9,0.0,13.0,7.21,14.7
2012-10-16,17.4,19.4,15.1,17.0,21.6,87,9.2,9.2,0.0,12.0,6.33,12.2
2012-10-17,15.3,19.9,9.6,13.2,17.5,64,0.7,0.7,0.0,2.0,3.91,9.2
2012-10-18,15.0,22.0,8.4,12.6,19.8,66,0.0,0.0,0.0,0.0,7.0,14.0
2012-10-19,16.4,19.5,13.5,16.4,19.7,86,1.3,1.3,0.0,6.0,4.43,9.1
2012-10-20,19.6,23.6,17.4,20.1,24.3,83,1.9,1.9,0.0,13.0,4.9,9.7
2012-10-21,20.0,24.1,17.4,19.9,23.8,81,1.5,1.5,0.0,6.0,6.14,12.9
2012-10-22,16.4,17.6,14.9,16.1,18.7,88,15.1,15.1,0.0,15.0,4.66,9.1
2012-10-23,15.6,19.4,12.4,14.8,18.8,86,0.2,0.2,0.0,2.0,5.62,11.4
2012-10-24,12.7,15.8,11.0,11.7,17.0,90,8.2,8.2,0.0,17.0,4.04,8.7
2012-10-25,16.5,21.0,12.4,15.5,19.0,83,2.3,2.3,0.0,8.0,7.75,15.8
2012-10-26,17.0,19.6,14.1,17.1,20.0,86,5.1,5.1,0.0,13.0,3.83,8.9
2012-10-27,16.8,20.8,13.9,17.2,22.2,85,0.5,0.5,0.0,4.0,2.79,6.4
2012-10-28,16.9,20.0,14.4,17.1,20.2,88,0.8,0.8,0.0,3.0,4.34,8.8
2012-10-29,16.7,19.4,14.6,16.6,19.9,90,6.4,6.4,0.0,14.0,4.57,8.9
2012-10-30,12.9,14.6,9.0,11.2,13.2,86,3.7,3.7,0.0,14.0,4.66,9.0
2012-10-31,11.6,18.3,7.1,10.1,17.4,79,0.0,0.0,0.0,0.0,3.01,6.1
2012-11-01,13.0,19.8,7.4,10.8,17.3,75,0.0,0.0,0.0,0.0,5.52,11.4
2012-11-02,14.3,20.0,9.6,12.2,17.2,74,0.0,0.0,0.0,0.0,6.24,12.5
2012-11-03,14.6,18.3,12.9,13.2,16.7,83,3.7,3.7,0.0,7.0,5.53,12.3
2012-11-04,14.2,18.0,10.8,12.6,16.7,66,0.0,0.0,0.0,0.0,3.52,8.5
2012-11-05,11.8,13.5,9.0,11.0,12.9,93,3.6,3.6,0.0,14.0,3.22,8.1
2012-11-06,8.9,9.6,8.0,7.3,8.1,94,10.9,10.9,0.0,21.0,2.64,8.1
2012-11-07,8.6,9.2,8.0,7.1,7.9,99,8.6,8.6,0.0,21.0,2.73,10.2
2012-11-08,9.7,11.7,8.3,8.2,10.9,95,7.4,7.4,0.0,19.0,3.01,6.1
2012-11-09,10.1,11.4,7.7,8.8,10.7,97,12.6,12.6,0.0,24.0,4.13,16.0
2012-11-10,10.5,13.8,7.2,8.4,11.3,86,4.1,4.1,0.0,5.0,4.42,16.3
2012-11-11,11.1,14.3,8.5,8.8,12.1,76,0.0,0.0,0.0,0.0,4.15,8.7
2012-11-12,10.4,14.0,7.9,8.6,12.7,86,0.0,0.0,0.0,0.0,3.77,7.6
2012-11-13,11.1,16.7,6.2,9.6,14.7,87,0.0,0.0,0.0,0.0,4.71,10.5
2012-11-14,14.1,16.2,11.9,13.4,15.2,91,2.6,2.6,0.0,15.0,4.3,8.3
2012-11-15,15.2,20.0,10.5,14.6,20.4,91,11.3,11.3,0.0,24.0,4.88,13.0
2012-11-16,9.8,11.5,7.4,7.3,8.9,93,13.7,13.7,0.0,15.0,5.9,14.2
2012-11-17,9.1,16.6,3.9,7.0,14.4,76,0.0,0.0,0.0,0.0,2.42,5.5
2012-11-18,11.5,18.0,6.3,9.5,16.4,81,0.0,0.0,0.0,0.0,4.84,10.2
2012-11-19,12.2,14.0,10.4,10.9,11.9,87,0.5,0.5,0.0,1.0,4.24,8.8
2012-11-20,12.4,14.3,10.3,11.8,14.0,94,12.6,12.6,0.0,24.0,3.13,6.2
2012-11-21,10.4,12.9,7.5,8.9,12.0,91,3.5,3.5,0.0,10.0,3.54,8.2
2012-11-22,9.6,10.9,7.9,7.5,8.9,92,5.4,5.4,0.0,13.0,3.96,8.8
2012-11-23,7.3,9.5,5.4,4.4,6.9,85,0.0,0.0,0.0,0.0,4.2,8.2
2012-11-24,7.4,10.4,4.9,4.0,6.1,90,0.1,0.1,0.0,1.0,8.22,15.8
2012-11-25,8.3,12.4,4.6,5.0,12.1,91,6.0,6.0,0.0,17.0,7.67,16.1
2012-11-26,4.5,5.7,3.4,0.8,3.0,86,1.0,1.0,0.0,3.0,5.98,12.3
2012-11-27,7.1,11.1,3.9,4.3,8.3,77,0.4,0.4,0.0,3.0,4.57,9.9
2012-11-28,5.8,6.8,4.4,3.2,4.7,90,1.0,1.0,0.0,7.0,3.71,6.9
2012-11-29,7.0,9.8,4.6,4.9,8.3,95,4.4,4.4,0.0,14.0,4.16,7.7
2012-11-30,5.0,6.9,3.2,2.4,4.9,98,5.5,5.5,0.0,24.0,3.64,6.9
2012-12-01,4.3,6.4,2.9,0.8,3.2,94,3.7,3.7,0.0,13.0,5.11,10.1
2012-12-02,8.2,13.5,4.8,5.8,10.8,81,0.0,0.0,0.0,0.0,4.07,9.4
2012-12-03,7.3,8.9,5.7,4.7,6.1,85,0.0,0.0,0.0,0.0,3.8,7.9
2012-12-04,6.4,8.7,4.4,3.9,6.9,83,0.0,0.0,0.0,0.0,3.85,7.0
2012-12-05,6.3,11.3,1.7,2.8,8.6,75,0.0,0.0,0.0,0.0,4.64,9.2
2012-12-06,7.5,14.1,2.3,4.5,11.6,75,0.0,0.0,0.0,0.0,5.26,10.8
2012-12-07,7.3,10.4,4.4,5.4,8.6,87,0.0,0.0,0.0,0.0,2.61,5.5
2012-12-08,7.5,9.7,5.7,5.4,7.2,87,2.6,2.6,0.0,9.0,2.36,4.9
2012-12-09,5.9,7.7,3.8,3.6,5.8,95,3.8,3.8,0.0,14.0,2.66,5.9
2012-12-10,3.4,4.5,2.7,0.5,2.1,98,5.1,5.1,0.0,15.0,3.09,8.0
2012-12-11,5.5,8.2,3.6,2.8,5.5,88,0.0,0.0,0.0,0.0,3.4,7.1
2012-12-12,5.6,7.4,3.5,2.5,4.3,92,0.2,0.2,0.0,2.0,6.23,11.0
2012-12-13,11.9,18.0,7.2,7.5,13.8,84,0.0,0.0,0.0,0.0,10.79,22.2
2012-12-14,13.6,21.1,8.7,10.6,18.6,78,0.1,0.1,0.0,1.0,7.0,14.2
2012-12-15,11.6,18.5,8.1,10.2,17.2,82,0.5,0.5,0.0,3.0,3.04,6.1
2012-12-16,9.5,12.3,6.6,7.8,10.8,93,2.2,2.2,0.0,9.0,3.54,7.0
2012-12-17,5.8,9.4,4.4,2.8,7.7,94,7.3,7.3,0.0,17.0,4.88,8.5
2012-12-18,3.3,4.4,2.2,-0.4,0.9,85,0.0,0.0,0.0,0.0,4.78,9.6
2012-12-19,3.8,6.7,1.6,0.2,2.9,89,0.2,0.2,0.0,1.0,4.98,9.8
2012-12-20,3.6,7.1,0.9,0.7,5.1,97,5.9,5.9,0.0,22.0,4.55,8.6
2012-12-21,3.1,4.7,1.2,-0.4,1.1,90,1.4,1.4,0.0,6.0,3.8,8.1
2012-12-22,2.1,3.3,1.5,-2.0,-0.8,85,0.7,0.6,0.28,4.0,4.25,8.6
2012-12-23,1.6,5.2,-1.6,-2.4,1.9,72,0.4,0.0,0.42,4.0,4.04,8.4
2012-12-24,4.6,12.4,-1.2,0.6,8.2,75,0.0,0.0,0.0,0.0,5.41,11.9
2012-12-25,3.6,5.3,0.7,0.7,2.6,91,1.8,1.6,0.14,7.0,3.32,7.8
2012-12-26,0.2,0.9,-0.9,-3.3,-2.1,95,4.2,2.6,1.12,21.0,3.05,6.3
2012-12-27,1.6,4.7,-0.8,-1.3,2.0,93,0.8,0.7,0.07,4.0,2.32,5.6
2012-12-28,6.4,9.1,3.9,3.2,8.2,95,4.1,4.1,0.0,5.0,7.2,14.4
2012-12-29,0.8,3.1,-2.4,-4.6,-1.3,86,4.6,1.5,2.45,20.0,7.64,14.9
2012-12-30,-0.6,1.7,-2.6,-5.9,-3.3,60,0.3,0.0,0.35,3.0,5.41,11.3
2012-12-31,1.9,6.1,-0.2,-1.8,2.1,53,0.0,0.0,0.0,0.0,2.25,5.6
2013-01-01,3.9,11.1,-1.9,0.4,7.2,66,0.0,0.0,0.0,0.0,3.9,8.5
2013-01-02,3.6,6.8,-0.0,0.0,3.9,84,2.4,1.7,0.49,8.0,4.76,9.1
2013-01-03,-1.6,0.6,-4.6,-6.2,-4.1,85,2.0,0.1,1.82,9.0,4.55,9.0
2013-01-04,-4.1,-2.5,-5.2,-8.2,-6.3,88,1.0,0.4,0.56,4.0,3.5,6.6
2013-01-05,-2.9,-1.3,-4.4,-6.9,-5.3,87,0.0,0.0,0.42,0.0,2.95,6.1
2013-01-06,-0.8,0.8,-2.3,-4.3,-2.5,84,0.0,0.0,0.0,0.0,2.64,5.6
2013-01-07,0.4,2.5,-1.7,-3.1,-0.6,84,0.1,0.0,0.28,1.0,2.82,5.3
2013-01-08,0.7,2.3,-0.3,-3.1,-1.9,87,0.1,0.0,0.84,1.0,3.79,7.9
2013-01-09,2.0,5.3,0.2,-1.8,1.1,73,0.7,0.0,0.63,5.0,3.06,7.4
2013-01-10,0.7,3.1,-0.7,-3.0,-0.8,68,2.1,0.3,1.4,6.0,2.86,6.3
2013-01-11,1.9,5.7,-1.0,-1.8,1.4,76,0.2,0.0,0.28,1.0,3.91,9.1
2013-01-12,4.6,10.5,0.2,1.8,7.9,77,0.4,0.1,0.28,1.0,2.63,5.3
2013-01-13,4.9,12.6,-0.1,2.0,9.3,85,0.0,0.0,0.0,0.0,3.86,9.1
2013-01-14,5.7,9.2,3.1,2.6,4.9,81,0.2,0.2,0.0,2.0,5.46,10.8
2013-01-15,5.0,6.1,3.8,2.5,4.0,92,1.7,1.7,0.0,5.0,3.67,6.8
2013-01-16,5.3,6.4,4.1,2.9,4.4,95,2.3,2.3,0.0,9.0,3.91,8.2
2013-01-17,3.8,4.7,3.0,0.4,1.4,89,0.7,0.7,0.0,6.0,3.76,7.5
2013-01-18,4.3,6.5,2.1,0.8,2.9,73,0.0,0.0,0.0,0.0,3.91,8.1
2013-01-19,5.9,7.8,4.0,1.4,2.6,88,0.1,0.1,0.0,1.0,8.14,16.9
2013-01-20,9.1,13.4,6.9,6.5,10.6,87,0.6,0.6,0.0,3.0,6.26,10.3
2013-01-21,6.8,8.9,4.2,3.9,6.6,86,1.7,1.7,0.0,8.0,5.16,9.9
2013-01-22,4.1,6.6,2.2,1.1,4.1,90,3.6,3.6,0.0,12.0,4.02,7.2
2013-01-23,4.1,6.2,2.3,1.8,3.9,92,1.1,1.1,0.0,7.0,1.94,4.5
2013-01-24,5.5,7.7,3.3,2.0,4.4,82,0.5,0.5,0.0,3.0,6.32,11.9
2013-01-25,4.6,7.6,2.2,2.0,5.1,77,0.0,0.0,0.0,0.0,2.3,4.0
2013-01-26,6.8,12.5,2.7,3.6,9.0,71,0.7,0.7,0.0,5.0,5.12,8.7
2013-01-27,7.2,14.1,2.2,4.0,10.5,64,0.0,0.0,0.0,0.0,3.22,6.7
2013-01-28,8.9,12.8,6.3,5.3,9.8,67,0.1,0.1,0.0,1.0,5.44,12.1
2013-01-29,9.1,11.6,6.8,6.4,7.8,88,0.6,0.6,0.0,4.0,6.51,12.9
2013-01-30,12.6,16.3,10.0,9.9,13.7,82,1.8,1.8,0.0,10.0,6.9,13.9
2013-01-31,14.9,20.0,11.6,11.7,16.8,76,0.3,0.3,0.0,2.0,8.64,17.1
2013-02-01,13.9,19.6,10.6,12.1,15.5,78,1.5,1.5,0.0,10.0,6.71,13.7
2013-02-02,13.3,17.2,10.7,11.8,14.7,83,6.5,6.5,0.0,14.0,6.83,13.3
2013-02-03,16.8,22.3,12.4,12.9,18.0,66,0.0,0.0,0.0,0.0,9.55,18.8
2013-02-04,16.9,21.4,13.4,13.8,17.2,68,0.0,0.0,0.0,0.0,8.59,17.4
2013-02-05,16.1,23.0,9.8,14.9,20.9,74,0.0,0.0,0.0,0.0,5.92,13.0
2013-02-06,16.0,21.0,11.8,14.6,17.7,77,4.4,4.4,0.0,15.0,7.2,13.7
2013-02-07,7.2,11.2,1.4,4.2,9.4,91,7.4,7.4,0.0,23.0,5.41,10.1
2013-02-08,0.6,1.9,-0.5,-3.7,-2.4,85,4.2,4.0,0.21,11.0,4.85,9.6
2013-02-09,1.5,4.6,-1.1,-2.0,1.6,80,0.0,0.0,0.0,0.0,2.88,6.2
2013-02-10,5.5,10.1,2.0,2.7,7.0,81,0.0,0.0,0.0,0.0,3.71,9.5
2013-02-11,6.0,8.6,2.6,3.4,6.3,94,3.4,3.4,0.0,15.0,4.39,9.2
2013-02-12,3.2,5.1,1.5,-0.3,1.9,89,1.1,1.1,0.0,7.0,4.16,8.0
2013-02-13,2.9,6.1,0.6,-0.0,3.2,94,1.7,1.7,0.0,10.0,3.82,8.9
2013-02-14,3.1,6.1,1.3,0.1,3.1,95,0.4,0.4,0.0,3.0,4.52,8.3
2013-02-15,5.2,8.5,3.2,2.0,5.8,83,0.4,0.4,0.0,3.0,3.96,8.2
2013-02-16,8.4,12.8,4.1,5.2,8.9,84,0.0,0.0,0.0,0.0,7.48,15.7
2013-02-17,12.2,18.6,8.1,10.4,15.9,87,0.3,0.3,0.0,3.0,6.46,12.9
2013-02-18,12.2,18.0,5.0,10.1,17.6,92,17.8,17.8,0.0,13.0,6.48,17.1
2013-02-19,4.6,6.4,2.5,1.1,2.9,88,3.0,3.0,0.0,10.0,4.55,9.3
2013-02-20,3.4,5.9,1.0,0.4,3.5,88,0.5,0.5,0.0,4.0,2.77,5.3
2013-02-21,3.4,4.4,2.2,0.4,1.5,95,1.3,1.3,0.0,11.0,3.27,7.1
2013-02-22,6.4,10.1,4.3,3.6,7.4,84,0.0,0.0,0.0,0.0,3.5,7.6
2013-02-23,8.5,16.1,1.6,6.1,13.1,81,0.0,0.0,0.0,0.0,4.41,9.0
2013-02-24,10.9,13.8,8.4,8.8,11.5,85,0.0,0.0,0.0,0.0,4.13,9.5
2013-02-25,12.7,16.0,10.4,10.8,14.4,86,2.3,2.3,0.0,9.0,5.14,9.8
2013-02-26,10.2,13.5,7.8,8.4,12.6,88,2.8,2.8,0.0,8.0,3.26,6.5
2013-02-27,11.5,15.5,8.5,10.9,15.6,91,1.2,1.2,0.0,7.0,2.52,4.7
2013-02-28,17.5,23.7,13.2,15.5,21.5,78,2.4,2.4,0.0,7.0,9.34,16.6
2013-03-01,11.2,15.0,3.4,8.7,13.5,87,4.1,4.1,0.0,16.0,5.86,11.5
2013-03-02,4.0,6.4,1.5,-0.2,2.3,81,2.3,2.3,0.0,7.0,5.11,10.0
2013-03-03,7.3,11.8,4.3,3.8,8.3,69,0.0,0.0,0.0,0.0,5.28,10.0
2013-03-04,8.8,15.2,4.3,5.7,11.0,62,0.0,0.0,0.0,0.0,3.2,7.7
2013-03-05,11.2,19.4,5.3,8.0,16.5,54,0.0,0.0,0.0,0.0,4.4,9.3
2013-03-06,13.2,20.7,7.6,10.3,18.9,63,1.4,1.4,0.0,3.0,6.44,12.9
2013-03-07,14.1,20.8,9.0,12.7,20.2,66,3.7,3.7,0.0,10.0,2.6,5.4
2013-03-08,15.6,22.7,9.3,14.1,22.0,71,0.0,0.0,0.0,0.0,5.01,10.6
2013-03-09,17.9,24.3,12.8,15.9,21.8,71,1.1,1.1,0.0,3.0,7.75,15.6
2013-03-10,16.3,20.3,12.4,15.9,20.0,82,3.9,3.9,0.0,9.0,5.28,9.0
2013-03-11,17.9,21.6,15.7,15.3,17.6,74,0.2,0.2,0.0,2.0,8.91,17.8
2013-03-12,17.9,25.2,13.2,15.8,23.4,71,9.4,9.4,0.0,8.0,7.92,16.2
2013-03-13,12.0,15.1,7.5,9.7,12.7,77,4.0,4.0,0.0,7.0,4.66,9.5
2013-03-14,11.0,16.0,5.8,8.6,13.4,77,0.0,0.0,0.0,0.0,4.95,10.7
2013-03-15,12.8,14.0,11.5,10.7,11.6,89,1.0,1.0,0.0,7.0,6.25,12.5
2013-03-16,16.1,20.3,13.2,15.1,20.3,86,2.3,2.3,0.0,11.0,6.4,13.4
2013-03-17,15.9,18.7,12.9,14.5,17.8,79,7.9,7.9,0.0,9.0,6.67,11.9
2013-03-18,13.7,15.8,11.7,12.8,14.7,84,6.0,6.0,0.0,16.0,3.62,9.7
2013-03-19,16.0,22.2,12.4,14.1,20.0,79,6.8,6.8,0.0,6.0,8.01,15.8
2013-03-20,14.1,18.9,10.3,12.2,17.2,72,0.0,0.0,0.0,0.0,4.97,10.9
2013-03-21,16.1,22.3,11.4,13.9,19.3,79,0.3,0.3,0.0,2.0,9.43,18.0
2013-03-22,19.5,26.1,14.7,18.1,25.5,69,0.0,0.0,0.0,0.0,7.02,14.0
2013-03-23,15.3,17.4,11.6,14.6,16.8,83,2.0,2.0,0.0,11.0,5.2,10.8
2013-03-24,15.7,22.3,10.3,14.8,22.2,69,0.0,0.0,0.0,0.0,5.03,9.2
2013-03-25,16.2,21.3,12.3,14.4,21.5,82,8.8,8.8,0.0,12.0,7.51,14.7
2013-03-26,12.2,14.7,10.4,10.3,12.1,86,5.9,5.9,0.0,11.0,4.72,9.4
2013-03-27,13.7,18.8,9.2,12.6,17.6,78,3.3,3.3,0.0,11.0,3.57,10.2
2013-03-28,13.6,16.6,10.1,12.2,13.8,83,17.6,17.6,0.0,11.0,5.69,11.7
2013-03-29,13.1,17.7,7.6,11.4,16.1,72,0.9,0.9,0.0,4.0,4.85,10.4
2013-03-30,12.0,13.8,10.1,11.0,12.3,90,14.5,14.5,0.0,12.0,3.81,7.9
2013-03-31,12.6,16.1,9.4,11.3,14.3,83,1.1,1.1,0.0,2.0,3.41,7.5
2013-04-01,12.6,15.3,11.1,11.9,14.4,92,10.8,10.8,0.0,12.0,2.63,8.2
2013-04-02,12.8,14.8,10.8,11.9,13.5,90,16.7,16.7,0.0,19.0,3.67,9.9
2013-04-03,14.0,17.8,10.9,13.8,18.0,91,11.9,11.9,0.0,13.0,2.6,8.3
2013-04-04,17.5,23.8,14.4,17.4,23.9,85,2.8,2.8,0.0,12.0,5.74,12.7
2013-04-05,12.3,15.7,6.7,9.6,15.8,84,8.8,8.8,0.0,12.0,8.51,17.9
2013-04-06,7.0,10.3,4.7,3.5,8.6,84,1.9,1.9,0.0,6.0,6.69,12.9
2013-04-07,10.4,15.4,5.7,8.1,13.5,77,2.8,2.8,0.0,4.0,5.38,12.5
2013-04-08,13.8,18.4,10.2,12.2,17.5,74,0.0,0.0,0.0,0.0,5.37,10.6
2013-04-09,11.8,13.9,8.1,10.4,13.2,88,3.3,3.3,0.0,9.0,4.66,10.2
2013-04-10,8.0,9.4,6.8,5.5,7.7,85,5.1,5.1,0.0,9.0,3.8,7.8
2013-04-11,8.2,9.5,7.2,5.9,7.0,91,8.5,8.5,0.0,12.0,3.62,7.4
2013-04-12,8.4,10.0,7.3,6.4,7.8,88,0.2,0.2,0.0,1.0,2.92,6.3
2013-04-13,11.2,16.6,7.4,9.7,15.7,80,0.0,0.0,0.0,0.0,3.58,7.8
2013-04-14,14.3,23.3,7.6,13.2,23.3,67,0.0,0.0,0.0,0.0,3.44,6.3
2013-04-15,17.4,23.8,11.8,15.4,21.9,71,0.0,0.0,0.0,0.0,8.64,17.1
2013-04-16,18.4,23.3,15.3,18.2,23.6,70,0.0,0.0,0.0,0.0,3.79,11.7
2013-04-17,19.2,25.9,13.4,19.4,25.5,73,2.5,2.5,0.0,4.0,5.22,12.7
2013-04-18,22.4,28.6,17.4,22.0,27.9,66,0.0,0.0,0.0,0.0,6.11,12.8
2013-04-19,23.6,28.3,19.7,23.3,27.9,67,2.8,2.8,0.0,1.0,8.32,16.2
2013-04-20,15.8,19.5,9.8,14.9,20.6,82,4.7,4.7,0.0,9.0,4.71,10.1
2013-04-21,11.2,15.3,7.3,9.4,13.7,85,2.6,2.6,0.0,7.0,4.34,8.6
2013-04-22,17.3,23.0,12.9,15.8,22.6,87,4.3,4.3,0.0,10.0,10.12,18.3
2013-04-23,15.6,20.6,12.9,15.8,21.8,91,28.7,28.7,0.0,20.0,3.19,11.1
2013-04-24,17.0,21.3,13.7,16.6,21.0,80,22.5,22.5,0.0,6.0,3.64,9.0
2013-04-25,15.6,19.4,11.4,14.7,17.4,80,5.8,5.8,0.0,7.0,4.9,9.9
2013-04-26,17.0,23.7,11.0,16.6,24.4,67,0.0,0.0,0.0,0.0,3.05,6.7
2013-04-27,18.4,22.7,15.0,17.7,21.8,81,0.2,0.2,0.0,2.0,5.51,11.9
2013-04-28,20.6,24.1,18.5,21.2,24.3,82,1.8,1.8,0.0,7.0,5.11,10.9
2013-04-29,19.9,25.0,17.2,20.0,26.4,84,14.1,14.1,0.0,8.0,6.3,12.2
2013-04-30,15.9,17.8,14.5,15.8,17.2,92,2.4,2.4,0.0,6.0,4.03,9.9
2013-05-01,15.8,19.5,12.6,15.3,19.5,82,0.7,0.7,0.0,2.0,3.68,8.1
2013-05-02,14.2,15.3,12.7,14.1,15.3,93,11.2,11.2,0.0,20.0,2.97,6.5
2013-05-03,13.4,14.9,12.3,12.8,14.2,94,11.4,11.4,0.0,15.0,3.79,7.5
2013-05-04,15.7,20.5,10.7,15.9,21.1,85,0.0,0.0,0.0,0.0,3.4,7.2
2013-05-05,18.2,22.4,15.9,17.3,20.7,85,0.9,0.9,0.0,5.0,7.48,14.6
2013-05-06,20.0,24.5,17.3,20.2,25.5,83,25.6,25.6,0.0,16.0,6.67,14.3
2013-05-07,17.3,19.7,15.5,18.4,21.1,91,26.4,26.4,0.0,17.0,2.98,11.1
2013-05-08,18.1,22.3,15.5,19.5,24.0,88,21.6,21.6,0.0,21.0,2.11,7.0
2013-05-09,16.4,22.7,12.5,16.0,23.3,84,6.7,6.7,0.0,7.0,6.71,14.1
2013-05-10,13.8,17.5,11.3,11.7,15.7,80,4.1,4.1,0.0,8.0,5.97,12.2
2013-05-11,15.9,23.7,10.0,15.3,23.7,71,0.0,0.0,0.0,0.0,3.14,6.6
2013-05-12,18.6,26.0,11.9,18.5,27.7,64,0.0,0.0,0.0,0.0,2.97,6.6
2013-05-13,20.4,25.9,15.6,20.6,27.6,77,2.0,2.0,0.0,4.0,6.14,13.9
2013-05-14,23.0,28.2,19.8,24.0,29.9,77,2.3,2.3,0.0,14.0,6.36,14.2
2013-05-15,20.3,22.0,18.7,22.1,24.5,89,9.1,9.1,0.0,18.0,3.67,8.8
2013-05-16,17.8,18.9,16.6,18.2,20.3,92,16.4,16.4,0.0,18.0,4.72,8.5
2013-05-17,17.1,19.2,15.5,17.9,21.1,93,13.5,13.5,0.0,21.0,4.0,12.0
2013-05-18,17.4,21.6,14.5,17.3,22.3,83,10.4,10.4,0.0,10.0,4.21,12.5
2013-05-19,18.3,22.4,15.6,18.7,22.7,79,2.1,2.1,0.0,7.0,2.92,6.3
2013-05-20,18.1,23.3,15.5,18.4,23.1,77,3.2,3.2,0.0,10.0,2.93,7.5
2013-05-21,19.8,27.0,14.0,20.8,30.1,72,0.0,0.0,0.0,0.0,3.11,5.5
2013-05-22,21.8,29.9,15.0,23.0,32.9,70,0.0,0.0,0.0,0.0,3.2,6.3
2013-05-23,22.7,29.0,17.2,23.8,31.4,71,0.3,0.3,0.0,1.0,4.15,7.9
2013-05-24,22.7,26.4,20.0,23.8,27.6,74,1.3,1.3,0.0,4.0,5.93,13.3
2013-05-25,21.8,25.1,19.6,23.2,25.5,89,22.6,22.6,0.0,21.0,7.3,14.8
2013-05-26,23.0,30.0,18.0,24.8,31.8,70,20.4,20.4,0.0,6.0,4.34,8.3
2013-05-27,24.6,30.1,19.7,26.7,33.5,76,0.0,0.0,0.0,0.0,5.17,10.3
2013-05-28,26.2,31.0,22.4,27.9,33.3,74,0.4,0.4,0.0,2.0,7.3,15.0
2013-05-29,18.0,24.5,12.8,17.7,29.2,84,13.1,13.1,0.0,15.0,5.92,11.8
2013-05-30,15.4,19.1,12.5,15.2,20.0,82,0.0,0.0,0.0,0.0,4.1,8.2
2013-05-31,17.9,21.8,15.4,18.3,24.2,87,5.6,5.6,0.0,10.0,4.78,10.4
2013-06-01,16.6,19.5,14.3,16.2,19.5,79,18.2,18.2,0.0,11.0,3.32,9.2
2013-06-02,18.2,20.8,15.0,18.3,21.2,74,3.1,3.1,0.0,8.0,2.57,6.7
2013-06-03,20.3,27.8,13.5,21.2,29.5,72,0.0,0.0,0.0,0.0,3.18,6.6
2013-06-04,21.1,25.6,17.2,22.8,27.9,83,3.7,3.7,0.0,5.0,3.62,7.8
2013-06-05,22.6,25.9,20.0,23.9,27.2,84,5.5,5.5,0.0,14.0,6.6,13.5
2013-06-06,21.9,24.2,20.5,23.5,25.8,88,16.4,16.4,0.0,15.0,5.82,11.7
2013-06-07,23.4,28.2,19.9,26.0,30.7,77,1.7,1.7,0.0,5.0,3.18,7.3
2013-06-08,22.8,25.9,20.6,25.6,29.0,88,9.1,9.1,0.0,12.0,4.66,10.1
2013-06-09,18.4,22.0,14.7,18.5,24.4,90,37.2,37.2,0.0,21.0,6.62,12.9
2013-06-10,16.6,19.1,14.9,15.6,18.0,89,5.4,5.4,0.0,13.0,6.72,12.7
2013-06-11,19.2,24.9,14.3,19.2,25.5,66,0.0,0.0,0.0,0.0,3.0,7.5
2013-06-12,19.5,26.5,12.7,19.3,26.3,67,0.0,0.0,0.0,0.0,4.44,9.4
2013-06-13,20.9,27.5,14.2,21.0,28.2,68,0.0,0.0,0.0,0.0,5.43,11.3
2013-06-14,21.9,28.5,16.5,22.2,29.0,68,0.0,0.0,0.0,0.0,5.1,10.5
2013-06-15,22.5,28.8,16.1,23.2,29.6,68,0.0,0.0,0.0,0.0,4.81,10.1
2013-06-16,23.6,29.0,18.9,25.7,31.5,78,0.8,0.8,0.0,5.0,4.38,9.6
2013-06-17,24.7,29.2,21.6,26.2,30.8,76,0.6,0.6,0.0,5.0,6.01,12.2
2013-06-18,25.3,29.3,22.2,26.6,30.5,75,0.0,0.0,0.0,0.0,6.62,13.2
2013-06-19,25.7,29.6,22.4,27.3,31.1,77,0.0,0.0,0.0,0.0,7.27,14.2
2013-06-20,26.4,30.8,23.5,28.5,33.4,74,0.1,0.1,0.0,1.0,6.2,12.0
2013-06-21,25.9,30.6,22.4,28.5,33.3,72,1.0,1.0,0.0,6.0,4.52,9.2
2013-06-22,24.7,29.4,20.8,28.1,32.4,77,1.9,1.9,0.0,6.0,2.51,6.9
2013-06-23,23.4,26.2,21.6,26.6,28.7,83,7.4,7.4,0.0,11.0,3.1,7.4
2013-06-24,23.8,28.6,20.8,26.7,32.0,80,1.9,1.9,0.0,9.0,4.4,8.9
2013-06-25,23.1,26.9,20.7,26.2,29.7,83,10.6,10.6,0.0,14.0,2.33,6.6
2013-06-26,21.5,24.4,18.0,24.0,27.1,88,25.9,25.9,0.0,16.0,3.81,8.4
2013-06-27,20.8,24.6,18.1,22.9,27.1,82,21.1,21.1,0.0,15.0,1.9,6.4
2013-06-28,23.6,28.7,18.4,25.7,31.5,75,0.0,0.0,0.0,0.0,3.71,8.0
2013-06-29,24.2,27.7,21.7,26.0,29.5,82,1.1,1.1,0.0,5.0,6.42,13.9
2013-06-30,24.5,27.5,22.2,25.2,27.2,80,0.2,0.2,0.0,1.0,9.53,18.1
2013-07-01,24.2,26.5,22.5,24.4,26.3,78,0.3,0.3,0.0,2.0,8.87,17.7
2013-07-02,24.0,27.9,21.2,24.7,28.1,74,0.1,0.1,0.0,1.0,6.91,13.7
2013-07-03,23.6,26.7,21.2,24.6,26.7,78,0.6,0.6,0.0,5.0,8.06,15.9
2013-07-04,24.4,27.5,21.7,24.2,27.0,74,0.0,0.0,0.0,0.0,9.93,19.1
2013-07-05,24.7,27.5,22.3,25.9,28.9,76,0.3,0.3,0.0,2.0,7.37,14.6
2013-07-06,23.9,27.5,21.7,25.7,29.5,82,6.2,6.2,0.0,8.0,6.22,12.3
2013-07-07,24.5,27.6,22.1,25.5,29.5,80,0.5,0.5,0.0,5.0,8.28,16.7
2013-07-08,23.5,26.6,21.6,23.5,26.1,80,2.2,2.2,0.0,9.0,8.75,17.9
2013-07-09,23.6,25.9,21.7,23.1,25.9,77,0.7,0.7,0.0,4.0,10.23,20.0
2013-07-10,23.1,25.7,21.4,23.1,25.7,78,0.5,0.5,0.0,5.0,8.87,17.1
2013-07-11,23.6,27.9,21.0,24.1,27.9,75,0.3,0.3,0.0,2.0,7.31,14.1
2013-07-12,24.3,29.0,20.4,25.4,30.5,72,0.0,0.0,0.0,0.0,5.69,11.2
2013-07-13,24.8,29.9,20.1,27.4,33.4,71,0.0,0.0,0.0,0.0,2.88,7.5
2013-07-14,25.5,31.2,19.8,27.9,33.9,69,0.1,0.1,0.0,1.0,4.5,8.7
2013-07-15,25.6,30.6,21.4,26.9,31.8,71,0.0,0.0,0.0,0.0,6.13,13.8
2013-07-16,24.9,28.7,22.6,26.5,31.1,76,0.0,0.0,0.0,0.0,5.79,12.5
2013-07-17,24.0,27.4,21.4,25.3,28.9,78,0.9,0.9,0.0,4.0,6.01,12.8
2013-07-18,22.9,25.8,21.0,23.8,27.1,81,1.5,1.5,0.0,7.0,7.1,14.5
2013-07-19,22.5,25.3,20.1,23.7,26.1,82,1.1,1.1,0.0,5.0,5.74,12.8
2013-07-20,24.0,29.6,20.3,25.3,30.6,76,0.5,0.5,0.0,3.0,5.94,12.3
2013-07-21,24.0,28.5,20.8,25.0,29.8,78,0.7,0.7,0.0,4.0,7.03,14.6
2013-07-22,23.7,27.4,21.1,23.5,26.9,75,0.0,0.0,0.0,0.0,8.51,17.5
2013-07-23,23.7,27.5,20.5,23.6,27.2,73,0.0,0.0,0.0,0.0,8.22,16.1
2013-07-24,24.6,29.3,20.2,24.5,28.7,69,0.0,0.0,0.0,0.0,8.01,16.1
2013-07-25,25.6,31.9,20.4,26.5,32.4,66,0.3,0.3,0.0,2.0,5.77,12.7
2013-07-26,25.6,30.5,21.4,28.0,33.5,70,0.2,0.2,0.0,2.0,3.55,8.0
2013-07-27,25.4,30.1,21.2,27.8,32.6,72,0.1,0.1,0.0,1.0,4.24,10.1
2013-07-28,24.5,29.0,21.4,26.0,30.3,71,0.9,0.9,0.0,5.0,4.52,10.2
2013-07-29,23.7,27.3,20.8,24.9,28.2,74,0.9,0.9,0.0,5.0,5.21,12.2
2013-07-30,24.5,29.6,20.2,24.8,29.7,68,0.1,0.1,0.0,1.0,6.52,12.9
2013-07-31,25.2,30.7,20.7,25.3,30.3,66,0.0,0.0,0.0,0.0,7.02,14.3
2013-08-01,24.8,29.7,20.6,25.2,29.6,67,0.1,0.1,0.0,1.0,6.78,14.2
2013-08-02,24.1,29.3,20.7,26.2,31.8,72,5.2,5.2,0.0,9.0,4.0,9.2
2013-08-03,22.4,26.6,19.3,24.5,28.2,82,8.9,8.9,0.0,7.0,4.9,10.3
2013-08-04,22.7,26.7,19.5,22.8,25.9,78,0.1,0.1,0.0,1.0,8.1,16.0
2013-08-05,24.6,29.3,20.6,24.1,27.9,72,0.0,0.0,0.0,0.0,9.49,18.7
2013-08-06,25.0,29.5,21.5,24.9,29.1,71,0.0,0.0,0.0,0.0,8.65,17.5
2013-08-07,25.8,31.0,22.4,25.5,30.0,65,0.0,0.0,0.0,0.0,8.22,17.0
2013-08-08,23.9,28.4,20.7,24.7,28.6,71,0.9,0.9,0.0,5.0,5.26,12.1
2013-08-09,23.7,28.7,19.6,24.1,29.0,71,0.4,0.4,0.0,2.0,6.31,12.5
2013-08-10,24.3,29.5,19.9,24.4,29.2,69,0.3,0.3,0.0,1.0,7.5,16.5
2013-08-11,24.8,30.8,20.6,25.1,30.8,67,0.5,0.5,0.0,2.0,6.8,16.2
2013-08-12,25.0,30.5,20.4,25.5,30.6,62,0.0,0.0,0.0,0.0,5.95,13.4
2013-08-13,26.0,33.4,19.7,26.5,34.1,55,0.0,0.0,0.0,0.0,3.61,9.2
2013-08-14,25.1,31.8,20.1,26.1,33.6,56,0.0,0.0,0.0,0.0,3.67,7.7
2013-08-15,24.9,30.4,20.5,26.0,31.7,62,0.0,0.0,0.0,0.0,4.88,11.9
2013-08-16,23.1,27.2,20.3,24.4,27.9,75,6.6,6.6,0.0,17.0,5.32,13.5
2013-08-17,23.0,28.5,19.6,23.2,27.2,73,2.9,2.9,0.0,13.0,7.29,17.0
2013-08-18,20.5,22.7,19.1,21.5,23.8,88,11.0,11.0,0.0,20.0,5.92,13.8
2013-08-19,20.7,23.2,19.1,21.4,23.6,82,3.1,3.1,0.0,8.0,5.37,13.1
2013-08-20,21.1,24.3,18.7,22.9,26.6,87,16.9,16.9,0.0,21.0,3.92,10.2
2013-08-21,22.1,26.0,19.2,24.0,27.3,82,1.1,1.1,0.0,4.0,4.11,10.4
2013-08-22,24.1,30.7,19.5,25.5,31.7,70,0.0,0.0,0.0,0.0,4.17,9.4
2013-08-23,24.1,30.7,20.9,25.7,31.0,76,2.3,2.3,0.0,6.0,6.91,16.4
2013-08-24,21.0,22.8,19.9,22.7,25.2,93,29.8,29.8,0.0,24.0,5.92,13.6
2013-08-25,21.4,24.2,19.2,23.2,26.3,88,32.5,32.5,0.0,12.0,5.13,10.5
2013-08-26,23.3,27.3,20.3,25.1,29.6,81,0.7,0.7,0.0,4.0,4.62,10.0
2013-08-27,24.6,29.7,20.9,25.6,30.7,76,0.0,0.0,0.0,0.0,6.93,14.3
2013-08-28,25.5,30.8,21.8,27.0,32.5,73,0.0,0.0,0.0,0.0,6.89,13.0
2013-08-29,22.9,26.1,19.1,24.7,28.3,80,1.1,1.1,0.0,6.0,4.24,9.1
2013-08-30,21.2,25.3,18.5,22.4,26.3,75,0.7,0.7,0.0,4.0,3.04,8.2
2013-08-31,20.3,23.0,18.3,22.1,25.0,83,15.4,15.4,0.0,8.0,3.32,7.7
2013-09-01,20.8,24.8,17.4,22.2,25.9,83,2.6,2.6,0.0,7.0,4.41,9.4
2013-09-02,21.4,25.3,18.9,23.1,27.0,85,17.8,17.8,0.0,19.0,4.61,9.6
2013-09-03,16.8,18.9,15.4,17.4,20.1,96,45.1,45.1,0.0,24.0,4.23,8.3
2013-09-04,15.3,16.2,14.6,15.3,16.2,96,8.6,8.6,0.0,23.0,3.53,7.3
2013-09-05,15.1,16.1,14.2,14.7,15.5,94,2.2,2.2,0.0,13.0,4.24,8.4
2013-09-06,16.5,19.6,14.4,16.3,19.0,85,0.0,0.0,0.0,0.0,3.52,7.2
2013-09-07,17.8,21.4,14.6,18.0,21.3,83,0.0,0.0,0.0,0.0,4.61,9.1
2013-09-08,20.9,25.4,17.7,20.8,25.2,79,0.4,0.4,0.0,4.0,7.4,14.3
2013-09-09,22.3,27.1,18.8,22.5,27.2,76,0.0,0.0,0.0,0.0,6.76,13.6
2013-09-10,22.6,27.7,19.3,24.4,30.0,77,0.6,0.6,0.0,4.0,3.86,11.0
2013-09-11,20.7,25.0,18.5,22.4,25.7,83,5.4,5.4,0.0,15.0,4.26,10.3
2013-09-12,20.7,25.2,18.0,22.7,28.2,84,3.1,3.1,0.0,11.0,3.5,8.6
2013-09-13,22.0,26.9,19.0,24.6,29.4,83,1.4,1.4,0.0,8.0,2.42,6.5
2013-09-14,22.7,29.8,18.2,24.6,32.3,74,0.0,0.0,0.0,0.0,3.11,5.4
2013-09-15,22.0,28.5,16.4,22.9,30.0,70,0.0,0.0,0.0,0.0,2.69,6.7
2013-09-16,22.3,27.4,17.7,23.1,27.7,74,0.0,0.0,0.0,0.0,5.91,12.7
2013-09-17,23.5,27.9,20.9,24.4,28.2,75,0.2,0.2,0.0,2.0,6.63,13.0
2013-09-18,23.3,28.3,19.1,24.9,29.8,75,0.0,0.0,0.0,0.0,4.62,9.9
2013-09-19,22.1,26.1,18.4,23.7,28.6,75,1.5,1.5,0.0,7.0,3.49,6.8
2013-09-20,21.6,28.0,17.1,22.4,28.7,65,0.0,0.0,0.0,0.0,2.48,6.1
2013-09-21,21.6,27.6,17.3,22.8,29.4,70,0.0,0.0,0.0,0.0,3.18,6.6
2013-09-22,20.9,26.5,16.3,21.6,27.8,72,0.0,0.0,0.0,0.0,3.31,8.2
2013-09-23,20.6,23.1,18.8,20.7,22.6,78,1.6,1.6,0.0,6.0,6.65,13.8
2013-09-24,18.3,19.7,16.1,17.6,19.8,91,30.9,30.9,0.0,24.0,6.74,14.4
2013-09-25,13.8,16.0,11.3,12.4,15.5,91,21.6,21.6,0.0,15.0,4.53,11.5
2013-09-26,12.6,15.5,10.3,11.1,14.2,84,0.0,0.0,0.0,0.0,3.56,7.8
2013-09-27,12.3,13.3,11.5,11.7,13.0,89,5.9,5.9,0.0,13.0,2.81,9.2
2013-09-28,15.2,22.7,10.7,14.6,22.1,80,0.0,0.0,0.0,0.0,4.01,9.0
2013-09-29,16.7,25.0,10.9,15.9,24.8,72,0.0,0.0,0.0,0.0,3.18,7.4
2013-09-30,17.4,23.9,12.3,16.7,24.0,67,0.0,0.0,0.0,0.0,3.45,7.3
2013-10-01,17.4,21.6,14.9,17.5,22.3,76,3.9,3.9,0.0,9.0,2.92,6.5
2013-10-02,18.3,23.6,14.3,18.1,24.2,70,1.0,1.0,0.0,5.0,2.84,7.0
2013-10-03,17.0,20.6,14.6,16.8,20.6,78,0.0,0.0,0.0,0.0,3.51,7.0
2013-10-04,15.2,16.1,13.9,15.3,16.2,82,1.0,1.0,0.0,5.0,1.8,4.6
2013-10-05,13.8,15.0,12.3,13.6,15.9,93,6.3,6.3,0.0,13.0,2.86,8.0
2013-10-06,14.9,20.7,11.2,13.4,19.6,72,0.0,0.0,0.0,0.0,4.63,10.1
2013-10-07,16.4,22.6,11.8,15.1,21.5,72,0.0,0.0,0.0,0.0,5.63,11.7
2013-10-08,17.4,22.9,12.7,16.4,21.8,73,0.0,0.0,0.0,0.0,4.88,10.9
2013-10-09,16.7,24.6,11.1,15.7,24.3,61,0.0,0.0,0.0,0.0,2.85,5.3
2013-10-10,16.7,25.6,9.4,15.5,25.7,62,0.0,0.0,0.0,0.0,3.77,8.1
2013-10-11,17.1,25.7,10.4,16.0,25.2,59,0.0,0.0,0.0,0.0,3.1,5.3
2013-10-12,17.7,26.0,10.8,16.3,25.0,62,0.0,0.0,0.0,0.0,4.74,10.0
2013-10-13,18.4,26.0,12.3,17.5,25.8,66,0.0,0.0,0.0,0.0,4.24,8.8
2013-10-14,18.9,26.2,13.4,18.8,26.5,72,0.0,0.0,0.0,0.0,3.4,6.9
2013-10-15,15.4,16.8,12.0,14.6,16.9,83,5.6,5.6,0.0,11.0,3.75,8.4
2013-10-16,12.2,16.2,9.6,10.2,14.7,80,0.0,0.0,0.0,0.0,3.96,8.3
2013-10-17,10.5,12.4,9.1,9.0,10.8,87,0.3,0.3,0.0,3.0,2.68,6.8
2013-10-18,10.7,11.7,9.9,9.5,10.6,91,0.9,0.9,0.0,5.0,2.66,5.6
2013-10-19,11.6,13.2,10.3,10.5,11.9,91,1.5,1.5,0.0,7.0,2.67,5.8
2013-10-20,11.4,12.5,10.2,10.2,11.1,86,4.6,4.6,0.0,8.0,2.55,5.7
2013-10-21,11.1,12.6,9.4,10.1,11.8,91,9.3,9.3,0.0,14.0,2.16,5.0
2013-10-22,12.0,13.6,10.3,10.8,11.9,89,0.0,0.0,0.0,0.0,3.69,7.1
2013-10-23,12.4,13.8,11.0,11.7,12.7,93,7.4,7.4,0.0,15.0,3.11,6.8
2013-10-24,13.0,18.7,9.1,11.6,17.3,79,0.0,0.0,0.0,0.0,3.42,7.8
2013-10-25,13.0,19.9,8.3,11.0,18.0,65,0.0,0.0,0.0,0.0,3.61,8.0
2013-10-26,12.7,19.1,7.0,10.5,17.1,73,0.0,0.0,0.0,0.0,4.77,10.1
2013-10-27,12.4,13.5,11.2,10.5,11.4,78,1.1,1.1,0.0,5.0,4.11,8.1
2013-10-28,12.2,14.3,10.8,10.5,11.7,88,5.6,5.6,0.0,8.0,5.91,11.5
2013-10-29,13.1,14.6,11.9,11.3,12.8,93,0.4,0.4,0.0,2.0,6.4,13.2
2013-10-30,14.1,16.9,12.6,13.6,17.5,98,18.8,18.8,0.0,19.0,4.2,9.0
2013-10-31,13.0,14.9,11.9,12.7,15.2,97,16.9,16.9,0.0,24.0,3.34,7.0
2013-11-01,12.5,14.1,10.8,11.2,12.8,91,20.8,20.8,0.0,15.0,4.39,11.3
2013-11-02,12.5,14.6,11.6,11.6,13.9,90,0.8,0.8,0.0,3.0,2.66,5.9
2013-11-03,12.3,14.0,11.0,11.0,12.7,87,0.2,0.2,0.0,2.0,3.5,7.9
2013-11-04,12.7,15.4,10.4,11.1,13.7,80,0.0,0.0,0.0,0.0,3.35,6.9
2013-11-05,13.0,18.3,9.5,12.0,17.7,84,0.2,0.2,0.0,1.0,3.36,6.9
2013-11-06,15.2,20.7,11.5,14.6,19.8,82,0.0,0.0,0.0,0.0,4.34,8.9
2013-11-07,16.0,20.3,11.7,14.4,17.9,84,0.2,0.2,0.0,1.0,8.08,15.9
2013-11-08,18.5,23.0,14.8,16.2,20.1,76,0.0,0.0,0.0,0.0,8.13,17.4
2013-11-09,19.0,23.3,16.1,17.7,21.3,76,0.0,0.0,0.0,0.0,6.9,13.5
2013-11-10,16.3,19.3,12.9,16.7,20.0,89,3.5,3.5,0.0,9.0,3.64,7.2
2013-11-11,10.4,12.6,8.4,8.2,11.6,95,10.4,10.4,0.0,16.0,4.7,9.5
2013-11-12,8.6,9.4,7.6,6.3,7.3,92,0.1,0.1,0.0,1.0,3.86,8.8
2013-11-13,8.8,11.4,7.0,6.6,9.6,84,0.0,0.0,0.0,0.0,3.19,6.2
2013-11-14,9.3,11.5,7.6,7.1,8.8,86,1.1,1.1,0.0,8.0,3.53,7.3
2013-11-15,11.4,15.6,8.3,9.9,14.0,77,0.0,0.0,0.0,0.0,2.06,5.4
2013-11-16,11.5,14.9,8.9,9.6,12.7,79,0.4,0.4,0.0,3.0,3.59,7.7
2013-11-17,11.4,14.3,8.6,10.0,12.3,83,0.4,0.4,0.0,3.0,2.48,5.7
2013-11-18,11.0,12.2,9.4,9.8,10.6,85,7.8,7.8,0.0,15.0,2.24,6.5
2013-11-19,10.6,13.8,7.9,9.2,11.9,88,3.4,3.4,0.0,7.0,3.35,6.7
2013-11-20,10.0,11.3,8.8,8.3,9.9,89,5.6,5.6,0.0,15.0,3.71,7.9
2013-11-21,11.8,14.0,10.2,10.2,11.6,90,1.9,1.9,0.0,3.0,4.94,10.0
2013-11-22,12.6,15.0,11.2,10.9,12.8,89,1.1,1.1,0.0,5.0,5.18,10.3
2013-11-23,14.5,18.5,11.8,12.5,16.1,83,6.8,6.8,0.0,11.0,6.63,13.3
2013-11-24,8.1,12.3,5.2,4.0,8.5,71,6.5,6.5,0.0,6.0,8.49,16.7
2013-11-25,8.7,14.4,3.8,5.9,10.8,66,0.0,0.0,0.0,0.0,3.64,8.1
2013-11-26,11.5,15.2,8.8,9.1,12.2,69,0.6,0.6,0.0,1.0,5.28,10.9
2013-11-27,6.8,9.9,5.5,3.4,6.9,85,3.1,3.1,0.0,14.0,5.08,10.5
2013-11-28,6.8,9.6,4.9,4.1,6.1,76,0.0,0.0,0.0,0.0,3.31,7.3
2013-11-29,7.4,10.1,5.1,4.9,6.3,77,0.0,0.0,0.0,0.0,3.54,7.9
2013-11-30,8.1,11.2,6.2,6.1,8.9,77,0.0,0.0,0.0,0.0,2.47,5.5
2013-12-01,8.9,13.9,4.7,6.8,12.1,77,0.0,0.0,0.0,0.0,2.28,5.8
2013-12-02,8.7,16.4,2.8,5.8,13.2,80,0.0,0.0,0.0,0.0,5.65,11.9
2013-12-03,8.4,12.8,4.2,6.1,9.9,86,0.0,0.0,0.0,0.0,4.05,8.5
2013-12-04,11.0,15.6,7.5,8.7,11.9,80,0.0,0.0,0.0,0.0,6.33,12.4
2013-12-05,9.3,10.4,6.8,7.1,9.1,86,0.3,0.3,0.0,2.0,4.75,9.9
2013-12-06,8.2,13.2,4.0,6.1,11.1,81,0.0,0.0,0.0,0.0,2.33,5.1
2013-12-07,10.1,14.9,6.5,7.8,11.8,83,0.0,0.0,0.0,0.0,5.22,10.2
2013-12-08,10.1,13.2,7.4,7.1,11.6,88,0.3,0.3,0.0,2.0,6.51,12.0
2013-12-09,8.1,9.6,7.0,5.2,6.1,82,0.0,0.0,0.0,0.0,4.65,10.1
2013-12-10,6.7,7.9,5.4,4.2,6.4,91,0.5,0.5,0.0,3.0,4.24,9.2
2013-12-11,4.8,5.6,3.5,1.7,2.4,87,2.5,2.5,0.0,14.0,3.71,7.7
2013-12-12,4.7,7.5,2.8,2.2,5.8,83,1.1,0.9,0.14,3.0,2.51,5.7
2013-12-13,6.4,9.1,4.4,3.9,6.6,81,1.1,1.1,0.0,3.0,2.05,5.3
2013-12-14,5.2,6.5,4.5,2.6,4.4,92,7.9,7.9,0.0,17.0,3.34,6.2
2013-12-15,2.6,4.5,1.6,-1.1,1.1,98,22.5,8.7,9.66,24.0,4.3,8.5
2013-12-16,2.1,3.2,1.1,-1.7,0.6,94,4.4,0.1,3.08,13.0,4.44,9.8
2013-12-17,2.1,7.1,-1.3,-1.1,3.5,86,0.0,0.0,0.0,0.0,3.09,7.5
2013-12-18,1.2,6.0,-2.3,-2.2,2.7,81,0.0,0.0,0.0,0.0,2.87,6.8
2013-12-19,1.2,7.8,-2.4,-2.1,4.2,74,0.0,0.0,0.0,0.0,2.83,6.2
2013-12-20,0.2,4.5,-3.0,-3.6,0.8,80,0.0,0.0,0.0,0.0,3.04,6.3
2013-12-21,0.8,4.3,-1.7,-2.8,0.5,78,0.0,0.0,0.0,0.0,2.83,7.1
2013-12-22,1.3,5.1,-1.8,-2.1,1.2,77,0.0,0.0,0.0,0.0,2.8,6.4
2013-12-23,1.9,3.7,0.5,-1.5,0.3,77,0.0,0.0,0.0,0.0,2.42,4.9
2013-12-24,2.9,6.0,0.0,-0.5,2.5,68,0.0,0.0,0.0,0.0,2.47,5.9
2013-12-25,3.6,6.9,1.6,0.1,3.5,62,0.0,0.0,0.0,0.0,3.64,6.6
2013-12-26,2.0,2.4,1.3,-1.8,-1.4,79,0.3,0.0,0.35,3.0,3.4,7.2
2013-12-27,1.4,3.3,0.0,-2.4,-0.4,67,0.0,0.0,0.0,0.0,2.87,6.2
2013-12-28,2.0,3.7,0.0,-1.5,0.3,64,0.0,0.0,0.0,0.0,2.38,5.7
2013-12-29,2.4,3.4,1.3,-1.1,0.0,65,0.0,0.0,0.0,0.0,2.05,5.2
2013-12-30,3.8,7.8,0.8,0.3,4.5,63,0.0,0.0,0.0,0.0,2.44,7.1
2013-12-31,4.8,10.6,1.1,1.9,8.0,75,0.0,0.0,0.0,0.0,2.34,5.7
2014-01-01,6.3,11.9,2.2,3.1,7.7,78,0.0,0.0,0.0,0.0,5.41,11.3
2014-01-02,5.7,10.6,2.4,2.9,8.8,80,0.0,0.0,0.0,0.0,4.75,8.3
2014-01-03,6.2,10.3,3.6,2.3,6.2,68,0.0,0.0,0.0,0.0,4.87,10.0
2014-01-04,6.7,12.4,2.7,3.7,10.0,66,0.0,0.0,0.0,0.0,3.04,5.6
2014-01-05,7.7,11.1,4.1,3.8,7.1,73,0.5,0.5,0.0,2.0,6.96,13.6
2014-01-06,6.9,8.6,4.6,4.8,7.2,87,10.5,10.5,0.0,22.0,3.41,7.7
2014-01-07,4.5,5.8,3.2,0.8,2.2,86,3.8,3.8,0.0,12.0,4.22,8.3
2014-01-08,3.7,5.1,1.7,0.2,1.4,88,1.3,1.3,0.0,8.0,4.12,9.1
2014-01-09,2.3,4.1,0.9,-1.2,0.4,83,0.1,0.0,0.35,1.0,3.89,7.1
2014-01-10,2.5,4.1,0.6,-0.7,1.4,96,4.3,4.3,0.0,16.0,3.57,7.3
2014-01-11,1.3,2.3,0.4,-2.3,-1.4,91,1.7,0.5,1.05,11.0,3.14,6.8
2014-01-12,2.1,3.4,0.5,-1.4,-0.4,89,0.4,0.0,0.35,2.0,3.61,8.0
2014-01-13,1.5,5.2,-1.7,-1.7,2.4,86,3.0,0.1,2.03,9.0,2.56,6.4
2014-01-14,2.4,10.2,-2.4,-1.0,5.8,80,0.0,0.0,0.0,0.0,4.12,8.9
2014-01-15,2.8,7.5,-0.8,-1.0,2.8,72,0.0,0.0,0.0,0.0,4.44,9.4
2014-01-16,4.3,6.0,2.6,1.5,3.8,75,0.0,0.0,0.0,0.0,2.83,5.1
2014-01-17,5.0,10.5,1.4,1.7,6.6,76,0.0,0.0,0.0,0.0,3.64,7.9
2014-01-18,5.1,13.1,-0.6,1.6,8.8,73,0.0,0.0,0.0,0.0,4.63,9.4
2014-01-19,6.1,12.8,3.4,1.8,9.5,75,0.4,0.4,0.0,3.0,5.87,12.2
2014-01-20,4.8,9.7,2.3,0.6,5.1,73,1.3,1.3,0.0,8.0,5.83,11.0
2014-01-21,4.6,13.0,-2.0,1.1,9.1,61,0.0,0.0,0.0,0.0,3.54,7.0
2014-01-22,5.6,14.0,-1.7,0.9,8.7,55,0.0,0.0,0.0,0.0,6.4,13.3
2014-01-23,7.8,14.7,1.7,2.6,9.6,50,0.0,0.0,0.0,0.0,7.11,14.4
2014-01-24,8.3,14.3,3.4,4.4,12.3,61,0.0,0.0,0.0,0.0,7.0,14.0
2014-01-25,7.8,14.1,1.9,5.2,11.7,74,0.0,0.0,0.0,0.0,3.35,6.1
2014-01-26,7.5,8.7,6.5,5.3,6.2,87,0.6,0.6,0.0,4.0,2.89,5.9
2014-01-27,9.4,11.4,7.5,7.0,9.8,88,0.7,0.7,0.0,5.0,5.77,11.5
2014-01-28,8.7,10.7,6.6,7.0,10.0,90,4.6,4.6,0.0,14.0,3.32,6.5
2014-01-29,8.6,12.1,6.2,6.8,10.6,91,3.4,3.4,0.0,9.0,2.9,5.4
2014-01-30,11.6,17.5,7.5,9.2,14.6,85,0.0,0.0,0.0,0.0,5.56,11.3
2014-01-31,14.1,20.3,9.5,11.0,16.9,79,0.0,0.0,0.0,0.0,8.1,15.9
2014-02-01,11.5,17.0,7.1,10.4,16.8,86,0.0,0.0,0.0,0.0,4.02,8.2
2014-02-02,12.2,18.3,7.8,11.2,17.7,80,0.0,0.0,0.0,0.0,2.28,5.0
2014-02-03,10.7,15.7,5.8,9.6,15.5,86,0.5,0.5,0.0,3.0,2.7,5.7
2014-02-04,12.8,15.7,9.8,9.7,11.8,79,0.3,0.3,0.0,2.0,8.79,16.7
2014-02-05,15.0,20.0,11.7,12.1,17.3,74,2.4,2.4,0.0,7.0,8.26,15.9
2014-02-06,4.2,10.1,0.4,1.0,8.7,91,7.2,7.2,0.0,17.0,4.65,9.1
2014-02-07,2.6,6.6,0.1,-1.3,3.3,84,2.1,2.1,0.0,4.0,4.46,9.6
2014-02-08,0.1,2.2,-1.4,-3.7,-0.9,92,1.6,1.5,0.07,8.0,4.39,8.2
2014-02-09,-1.6,-0.6,-3.5,-6.3,-5.3,86,0.8,0.3,0.49,3.0,4.41,8.9
2014-02-10,-3.4,-2.3,-4.4,-8.2,-7.0,81,0.0,0.0,0.28,0.0,4.08,8.2
2014-02-11,-3.2,-1.1,-4.3,-7.3,-5.0,78,0.0,0.0,0.0,0.0,3.34,6.2
2014-02-12,-3.6,-2.8,-4.6,-7.9,-7.5,82,0.1,0.0,0.21,1.0,3.66,6.5
2014-02-13,-1.7,1.2,-3.7,-6.0,-3.3,77,0.0,0.0,0.0,0.0,3.53,8.0
2014-02-14,-0.9,2.0,-3.2,-4.5,-1.9,74,0.0,0.0,0.0,0.0,2.06,5.3
2014-02-15,0.8,2.4,-0.7,-2.9,-1.7,77,0.0,0.0,0.0,0.0,3.83,9.6
2014-02-16,2.2,6.2,0.4,-0.7,2.8,91,1.4,0.7,0.49,10.0,3.54,8.0
2014-02-17,1.0,2.4,-0.5,-2.6,-0.2,97,5.6,5.4,0.14,15.0,3.86,9.7
2014-02-18,0.5,1.6,-0.5,-3.7,-2.1,92,13.1,2.5,7.56,16.0,4.7,10.3
2014-02-19,3.3,10.1,-1.0,0.4,7.7,79,0.0,0.0,0.0,0.0,2.81,5.8
2014-02-20,5.1,13.2,-2.3,0.7,7.5,68,0.9,0.9,0.0,2.0,7.37,15.1
2014-02-21,7.5,9.5,5.6,3.3,5.6,71,0.8,0.8,0.0,2.0,6.54,13.2
2014-02-22,6.6,8.8,4.9,4.6,6.4,93,0.8,0.8,0.0,6.0,2.92,6.3
2014-02-23,6.4,7.4,5.2,4.5,5.6,96,1.6,1.6,0.0,9.0,2.09,4.5
2014-02-24,6.6,8.3,5.2,4.7,6.9,96,5.2,5.2,0.0,17.0,3.56,6.3
2014-02-25,7.6,12.1,4.6,5.5,11.0,89,2.5,2.5,0.0,5.0,3.11,6.5
2014-02-26,7.9,9.8,6.1,6.0,7.8,95,4.7,4.7,0.0,15.0,4.25,8.8
2014-02-27,6.7,7.7,5.6,4.7,6.4,98,7.9,7.9,0.0,24.0,2.83,5.5
2014-02-28,6.4,7.7,4.7,3.9,5.2,96,8.2,8.2,0.0,20.0,3.68,7.5
2014-03-01,6.9,9.0,5.4,4.0,6.3,91,2.9,2.9,0.0,8.0,3.77,7.6
2014-03-02,3.6,5.3,2.4,0.3,2.0,92,1.3,1.3,0.0,9.0,3.31,6.7
2014-03-03,4.6,9.7,1.9,1.7,7.3,91,1.2,1.2,0.0,8.0,3.96,9.4
2014-03-04,6.3,10.0,3.5,3.4,7.2,82,0.4,0.4,0.0,3.0,4.0,8.0
2014-03-05,6.6,9.1,4.4,4.0,5.7,89,1.6,1.6,0.0,9.0,4.36,10.1
2014-03-06,5.8,7.7,4.2,3.0,4.6,94,2.5,2.5,0.0,12.0,3.64,7.7
2014-03-07,4.7,6.5,3.2,1.8,3.7,98,6.0,6.0,0.0,21.0,3.61,7.2
2014-03-08,5.7,10.1,2.5,2.5,7.1,85,2.0,2.0,0.0,5.0,3.7,8.4
2014-03-09,8.2,12.5,4.9,5.6,10.0,78,0.1,0.1,0.0,1.0,3.04,6.3
2014-03-10,9.5,13.8,6.2,7.1,10.7,82,0.2,0.2,0.0,1.0,4.82,10.4
2014-03-11,10.5,13.2,8.1,8.2,11.3,90,0.8,0.8,0.0,5.0,5.6,11.0
2014-03-12,12.5,16.6,9.5,10.8,14.2,80,0.9,0.9,0.0,4.0,4.0,9.3
2014-03-13,9.3,11.4,6.4,6.9,9.5,82,2.0,2.0,0.0,12.0,4.08,8.3
2014-03-14,7.1,10.2,4.8,4.5,8.1,80,0.9,0.9,0.0,6.0,2.8,6.3
2014-03-15,8.4,11.5,5.4,6.3,10.1,84,0.0,0.0,0.0,0.0,3.01,7.9
2014-03-16,12.8,22.6,5.5,11.2,21.6,74,0.0,0.0,0.0,0.0,4.41,8.6
2014-03-17,14.9,21.1,9.9,12.9,19.6,81,0.0,0.0,0.0,0.0,6.73,13.7
2014-03-18,18.1,24.5,13.6,17.3,24.2,79,0.1,0.1,0.0,1.0,6.99,13.5
2014-03-19,19.1,25.2,15.2,19.3,25.1,75,2.3,2.3,0.0,2.0,4.3,8.4
2014-03-20,9.6,17.0,5.0,6.5,17.1,86,33.2,33.2,0.0,17.0,5.46,11.9
2014-03-21,6.5,10.0,3.8,3.2,7.1,71,0.0,0.0,0.0,0.0,3.55,7.2
2014-03-22,7.9,9.9,5.9,5.6,7.5,86,1.2,1.2,0.0,5.0,3.31,8.2
2014-03-23,9.7,12.2,7.6,8.1,10.2,91,0.9,0.9,0.0,2.0,3.8,9.5
2014-03-24,11.6,14.3,9.8,10.3,13.2,92,8.0,8.0,0.0,12.0,5.76,14.4
2014-03-25,12.8,18.4,8.8,12.3,18.3,87,2.0,2.0,0.0,13.0,2.42,6.0
2014-03-26,14.6,20.2,10.8,14.6,21.0,87,6.4,6.4,0.0,12.0,1.92,8.7
2014-03-27,17.3,22.5,13.9,16.6,21.9,81,1.0,1.0,0.0,6.0,5.92,13.9
2014-03-28,16.8,21.8,12.6,15.9,19.6,80,7.2,7.2,0.0,12.0,5.34,11.3
2014-03-29,16.5,22.1,11.3,16.0,20.8,73,2.8,2.8,0.0,11.0,3.61,8.4
2014-03-30,15.7,19.3,13.5,16.1,21.4,93,25.5,25.5,0.0,19.0,4.24,8.6
2014-03-31,13.3,15.4,11.7,12.2,13.7,91,10.7,10.7,0.0,19.0,5.06,8.5
2014-04-01,11.3,12.4,10.2,10.1,11.2,91,7.1,7.1,0.0,13.0,3.49,6.4
2014-04-02,12.7,16.7,9.9,11.8,16.2,84,0.9,0.9,0.0,7.0,3.49,7.4
2014-04-03,13.3,17.2,9.6,11.7,14.9,77,1.8,1.8,0.0,6.0,4.1,8.8
2014-04-04,14.3,18.6,9.6,13.0,16.8,74,2.6,2.6,0.0,5.0,3.52,7.4
2014-04-05,13.8,16.7,11.3,13.0,16.6,90,30.3,30.3,0.0,21.0,4.3,10.2
2014-04-06,12.6,15.5,11.0,11.3,14.9,89,9.1,9.1,0.0,13.0,4.1,9.0
2014-04-07,12.9,14.8,11.7,12.7,14.6,94,6.3,6.3,0.0,11.0,2.65,9.0
2014-04-08,13.1,15.2,12.3,13.0,14.9,96,16.4,16.4,0.0,21.0,2.94,9.3
2014-04-09,15.0,17.1,13.2,15.3,18.0,96,15.9,15.9,0.0,15.0,3.69,7.4
2014-04-10,18.8,22.8,16.2,19.2,23.6,89,2.7,2.7,0.0,14.0,5.36,12.6
2014-04-11,21.6,26.1,18.8,21.4,25.9,79,2.5,2.5,0.0,11.0,8.48,17.1
2014-04-12,20.6,25.0,17.1,21.7,26.3,79,7.1,7.1,0.0,12.0,3.55,8.5
2014-04-13,18.2,22.9,14.7,18.8,23.3,86,5.6,5.6,0.0,16.0,4.58,10.8
2014-04-14,18.8,22.3,15.8,18.3,21.5,86,1.5,1.5,0.0,10.0,7.64,15.1
2014-04-15,22.2,26.8,19.3,20.9,25.7,75,0.0,0.0,0.0,0.0,9.75,18.7
2014-04-16,22.7,27.6,19.6,22.5,28.0,73,0.6,0.6,0.0,2.0,7.82,15.2
2014-04-17,22.8,27.3,19.9,23.2,27.7,74,1.8,1.8,0.0,5.0,7.3,14.5
2014-04-18,24.0,29.5,20.1,23.9,30.1,72,0.1,0.1,0.0,1.0,8.32,17.2
2014-04-19,20.8,22.6,17.1,21.3,24.2,79,3.0,3.0,0.0,9.0,5.76,12.6
2014-04-20,16.0,18.3,13.1,15.2,17.4,89,4.8,4.8,0.0,14.0,5.37,11.1
2014-04-21,14.8,16.7,11.2,14.1,17.6,90,12.5,12.5,0.0,18.0,5.1,9.8
2014-04-22,14.9,17.4,12.6,14.2,16.6,85,2.4,2.4,0.0,7.0,3.83,8.1
2014-04-23,14.2,17.2,12.5,14.0,17.3,93,2.0,2.0,0.0,8.0,3.59,6.9
2014-04-24,14.4,17.6,12.0,14.2,17.7,93,5.2,5.2,0.0,15.0,3.71,7.7
2014-04-25,15.3,18.0,12.8,15.0,18.2,90,5.6,5.6,0.0,16.0,4.95,9.6
2014-04-26,13.0,15.3,11.9,11.4,15.1,87,11.9,11.9,0.0,12.0,4.3,10.1
2014-04-27,14.2,18.0,11.4,12.9,17.3,79,0.1,0.1,0.0,1.0,3.51,7.4
2014-04-28,12.6,13.3,11.4,11.5,12.8,88,2.6,2.6,0.0,10.0,3.22,6.8
2014-04-29,11.0,13.2,8.6,9.3,11.1,86,12.2,12.2,0.0,12.0,3.51,7.6
2014-04-30,14.3,22.3,8.0,13.5,22.4,70,0.6,0.6,0.0,2.0,3.32,5.5
2014-05-01,17.2,26.3,9.4,16.5,26.7,69,0.0,0.0,0.0,0.0,3.4,8.2
2014-05-02,17.0,21.7,12.0,16.9,22.2,78,0.4,0.4,0.0,2.0,3.8,8.6
2014-05-03,17.1,20.6,14.3,16.7,19.7,81,9.3,9.3,0.0,13.0,7.0,14.3
2014-05-04,11.9,14.5,11.0,9.5,12.5,92,26.9,26.9,0.0,17.0,6.6,12.6
2014-05-05,12.0,15.4,9.9,10.3,13.4,81,0.7,0.7,0.0,2.0,3.14,7.4
2014-05-06,13.8,18.8,8.6,12.7,17.5,79,0.0,0.0,0.0,0.0,4.41,9.3
2014-05-07,16.0,20.6,13.1,16.2,21.2,83,5.5,5.5,0.0,13.0,2.57,6.6
2014-05-08,15.8,19.0,13.7,15.9,19.7,93,12.3,12.3,0.0,15.0,4.34,11.7
2014-05-09,19.4,25.0,16.0,20.7,27.6,85,29.4,29.4,0.0,22.0,4.49,11.1
2014-05-10,19.4,22.1,16.9,20.0,21.9,83,7.2,7.2,0.0,12.0,5.05,10.2
2014-05-11,16.9,19.7,14.7,15.6,18.9,79,2.5,2.5,0.0,4.0,6.65,12.5
2014-05-12,18.1,21.5,14.7,17.9,20.9,83,0.0,0.0,0.0,0.0,5.5,11.1
2014-05-13,21.1,27.5,18.1,21.3,29.4,79,0.9,0.9,0.0,5.0,7.08,14.5
2014-05-14,18.4,20.1,16.9,18.2,19.3,80,2.0,2.0,0.0,10.0,5.22,10.6
2014-05-15,17.0,18.5,15.9,17.0,19.0,84,0.2,0.2,0.0,2.0,3.1,6.7
2014-05-16,15.2,16.7,12.7,15.0,17.6,90,7.1,7.1,0.0,16.0,4.41,8.4
2014-05-17,16.2,20.5,12.5,15.8,21.3,82,5.9,5.9,0.0,7.0,3.13,11.6
2014-05-18,19.2,24.4,15.9,19.9,25.7,80,9.0,9.0,0.0,6.0,3.09,6.3
2014-05-19,18.8,22.5,16.6,19.5,22.5,85,9.2,9.2,0.0,8.0,4.59,9.5
2014-05-20,20.1,24.9,15.1,21.2,25.5,82,1.2,1.2,0.0,4.0,4.47,9.1
2014-05-21,20.4,23.5,18.6,21.8,26.1,88,14.0,14.0,0.0,15.0,4.11,10.4
2014-05-22,17.8,18.6,16.8,18.5,19.6,94,3.3,3.3,0.0,6.0,4.06,8.0
2014-05-23,21.1,26.4,16.8,22.7,27.9,88,4.9,4.9,0.0,13.0,6.24,12.5
2014-05-24,21.9,24.4,19.7,25.2,28.2,90,15.8,15.8,0.0,21.0,1.97,9.3
2014-05-25,20.2,22.4,15.9,21.9,24.9,90,39.2,39.2,0.0,18.0,4.88,10.6
2014-05-26,15.6,16.6,14.2,14.8,17.1,87,0.6,0.6,0.0,2.0,4.71,9.5
2014-05-27,17.0,20.7,14.5,16.4,19.6,75,0.6,0.6,0.0,3.0,4.35,7.9
2014-05-28,19.2,24.4,13.9,19.7,26.1,70,0.0,0.0,0.0,0.0,2.34,3.8
2014-05-29,18.2,19.0,16.9,19.1,19.7,84,5.4,5.4,0.0,13.0,2.52,9.9
2014-05-30,20.3,24.6,17.3,22.3,27.0,85,0.9,0.9,0.0,5.0,2.8,6.7
2014-05-31,24.1,29.0,20.4,25.8,30.4,78,2.0,2.0,0.0,10.0,6.4,13.4
2014-06-01,25.4,30.2,21.9,27.4,32.1,76,0.8,0.8,0.0,6.0,5.59,12.0
2014-06-02,24.9,28.6,22.3,27.7,31.6,80,7.9,7.9,0.0,9.0,4.59,9.7
2014-06-03,22.7,24.5,21.0,25.3,27.3,89,8.8,8.8,0.0,16.0,4.52,10.9
2014-06-04,21.2,23.9,19.5,23.9,27.2,92,18.9,18.9,0.0,17.0,3.0,6.6
2014-06-05,19.3,20.9,18.1,21.0,22.7,93,2.6,2.6,0.0,10.0,3.18,6.6
2014-06-06,19.7,23.1,17.9,20.8,23.7,88,1.9,1.9,0.0,11.0,5.02,10.6
2014-06-07,20.3,23.6,17.6,21.9,25.8,81,1.6,1.6,0.0,5.0,2.77,7.5
2014-06-08,20.9,24.3,19.1,23.6,27.6,89,9.3,9.3,0.0,16.0,2.69,5.5
2014-06-09,20.8,23.8,19.3,23.3,26.3,89,23.3,23.3,0.0,16.0,2.96,8.4
2014-06-10,18.1,19.3,17.1,18.8,21.5,95,19.9,19.9,0.0,21.0,4.65,9.1
2014-06-11,18.4,21.0,16.7,18.9,21.1,86,0.6,0.6,0.0,3.0,4.03,9.2
2014-06-12,19.5,23.0,16.8,20.7,24.1,83,0.5,0.5,0.0,1.0,3.06,6.8
2014-06-13,21.4,24.9,18.5,23.0,26.0,81,2.2,2.2,0.0,7.0,4.73,10.1
2014-06-14,23.4,28.0,20.2,25.3,29.3,75,1.1,1.1,0.0,3.0,5.48,12.2
2014-06-15,22.0,27.0,18.1,24.5,30.1,81,1.8,1.8,0.0,9.0,3.04,7.8
2014-06-16,19.6,21.5,17.4,20.6,22.0,84,3.8,3.8,0.0,12.0,4.64,9.2
2014-06-17,21.7,27.5,16.8,23.8,30.7,79,1.7,1.7,0.0,7.0,2.5,5.8
2014-06-18,22.9,27.8,19.1,25.3,30.8,83,7.4,7.4,0.0,8.0,4.11,11.0
2014-06-19,23.7,27.2,21.1,26.6,29.8,85,36.7,36.7,0.0,19.0,5.07,11.2
2014-06-20,20.7,22.5,18.9,22.2,23.8,89,12.5,12.5,0.0,15.0,5.06,10.2
2014-06-21,18.6,19.7,17.8,18.6,19.7,86,0.4,0.4,0.0,2.0,5.19,10.0
2014-06-22,19.2,21.7,17.6,20.2,22.4,86,0.5,0.5,0.0,3.0,3.69,7.7
2014-06-23,19.0,22.2,16.0,20.1,23.5,86,0.1,0.1,0.0,1.0,3.36,7.1
2014-06-24,21.3,25.5,17.2,22.6,26.3,85,0.8,0.8,0.0,4.0,5.46,11.3
2014-06-25,24.1,28.7,20.5,26.3,30.8,81,6.2,6.2,0.0,13.0,6.02,12.3
2014-06-26,22.4,24.7,20.2,25.9,27.4,88,13.8,13.8,0.0,17.0,2.71,9.2
2014-06-27,21.5,22.8,20.4,24.4,25.5,89,5.6,5.6,0.0,18.0,2.11,6.0
2014-06-28,21.3,23.7,19.9,24.2,26.6,91,22.4,22.4,0.0,20.0,2.75,7.1
2014-06-29,20.8,24.4,19.1,23.3,27.4,92,17.1,17.1,0.0,14.0,4.1,8.8
2014-06-30,21.4,25.4,18.9,24.4,29.7,88,14.2,14.2,0.0,12.0,2.5,6.4
2014-07-01,21.8,25.3,19.8,25.0,28.9,88,1.7,1.7,0.0,9.0,2.5,7.5
2014-07-02,22.7,25.4,20.5,26.2,29.0,87,4.9,4.9,0.0,17.0,1.9,5.7
2014-07-03,22.3,24.3,20.4,25.3,27.6,92,15.2,15.2,0.0,19.0,4.42,9.1
2014-07-04,21.0,24.7,18.4,22.5,26.2,82,11.3,11.3,0.0,15.0,4.13,6.8
2014-07-05,23.5,29.4,19.0,26.2,32.0,76,0.0,0.0,0.0,0.0,2.6,5.3
2014-07-06,24.2,28.5,20.7,26.8,30.2,77,0.4,0.4,0.0,3.0,3.77,9.1
2014-07-07,24.6,29.5,21.2,27.7,33.1,78,1.2,1.2,0.0,5.0,2.88,6.6
2014-07-08,25.4,30.4,21.1,28.5,33.9,75,0.0,0.0,0.0,0.0,2.56,6.6
2014-07-09,25.9,30.5,22.6,28.6,33.7,77,0.5,0.5,0.0,3.0,5.04,10.9
2014-07-10,26.0,30.2,23.0,28.5,33.1,75,1.3,1.3,0.0,6.0,4.88,10.5
2014-07-11,25.7,30.4,22.4,28.5,32.6,74,1.9,1.9,0.0,9.0,4.64,10.0
2014-07-12,23.1,26.7,20.1,25.7,30.3,83,7.4,7.4,0.0,11.0,5.07,10.9
2014-07-13,21.8,25.5,19.2,24.2,28.4,82,6.5,6.5,0.0,15.0,2.35,5.6
2014-07-14,22.7,25.6,20.7,24.8,27.6,87,3.5,3.5,0.0,14.0,5.54,12.7
2014-07-15,21.2,23.4,20.1,23.0,25.3,92,16.4,16.4,0.0,23.0,4.9,14.1
2014-07-16,20.7,22.0,19.6,22.1,23.6,94,23.3,23.3,0.0,24.0,5.69,12.7
2014-07-17,20.8,22.2,19.3,22.8,24.1,92,23.6,23.6,0.0,24.0,5.08,10.8
2014-07-18,22.1,26.0,19.8,24.5,28.0,86,7.5,7.5,0.0,17.0,3.93,8.7
2014-07-19,22.3,26.3,19.6,24.5,28.4,86,2.0,2.0,0.0,7.0,5.32,11.7
2014-07-20,22.4,25.2,20.4,24.4,27.1,85,7.1,7.1,0.0,15.0,4.44,11.7
2014-07-21,23.0,26.2,20.4,25.3,28.9,84,0.8,0.8,0.0,5.0,4.77,10.5
2014-07-22,23.7,29.2,19.4,26.4,32.8,79,0.0,0.0,0.0,0.0,2.98,7.5
2014-07-23,25.3,31.5,19.2,28.3,35.5,70,0.0,0.0,0.0,0.0,1.97,4.9
2014-07-24,23.9,29.4,20.5,26.7,34.3,78,3.2,3.2,0.0,5.0,3.5,8.1
2014-07-25,23.4,29.2,19.4,26.6,33.4,81,9.4,9.4,0.0,14.0,1.92,6.3
2014-07-26,22.6,26.7,19.9,25.3,29.5,83,16.3,16.3,0.0,20.0,3.54,7.6
2014-07-27,22.9,27.4,20.2,25.7,30.0,82,8.2,8.2,0.0,11.0,2.69,7.6
2014-07-28,23.6,27.8,20.1,25.6,31.2,78,0.3,0.3,0.0,3.0,4.75,9.2
2014-07-29,23.9,28.6,20.2,25.2,29.9,76,0.3,0.3,0.0,2.0,5.66,11.2
2014-07-30,24.8,29.6,20.7,26.0,30.9,74,0.0,0.0,0.0,0.0,6.24,12.9
2014-07-31,25.3,30.7,21.3,27.5,33.3,75,0.0,0.0,0.0,0.0,5.79,10.3
2014-08-01,24.8,29.4,21.0,28.2,33.4,77,0.7,0.7,0.0,3.0,2.7,6.3
2014-08-02,23.6,27.8,20.7,27.1,32.9,83,7.3,7.3,0.0,11.0,1.99,5.0
2014-08-03,24.4,30.1,19.3,27.2,33.3,77,0.1,0.1,0.0,1.0,3.24,7.0
2014-08-04,24.9,30.1,21.7,28.1,34.3,77,0.7,0.7,0.0,2.0,3.05,7.3
2014-08-05,24.9,29.7,20.7,27.9,33.9,76,0.0,0.0,0.0,0.0,3.18,7.1
2014-08-06,25.6,30.3,21.5,27.8,32.6,74,0.0,0.0,0.0,0.0,4.83,9.9
2014-08-07,25.6,30.4,21.9,28.1,33.7,75,0.0,0.0,0.0,0.0,4.61,10.1
2014-08-08,25.6,29.9,22.0,28.3,32.8,77,0.8,0.8,0.0,5.0,4.94,10.4
2014-08-09,25.1,28.7,22.2,27.6,31.5,78,0.1,0.1,0.0,1.0,5.2,10.9
2014-08-10,25.2,29.3,22.6,28.1,32.7,79,2.6,2.6,0.0,9.0,3.79,8.1
2014-08-11,24.0,28.6,21.1,27.0,32.9,84,5.0,5.0,0.0,15.0,4.46,9.7
2014-08-12,20.4,22.8,18.7,20.5,23.0,81,3.6,3.6,0.0,12.0,6.09,11.6
2014-08-13,19.8,22.0,18.3,19.5,21.9,77,0.3,0.3,0.0,1.0,6.0,12.5
2014-08-14,21.2,25.5,18.1,22.0,25.4,75,0.0,0.0,0.0,0.0,4.4,9.5
2014-08-15,21.5,25.9,17.6,23.1,28.5,73,0.0,0.0,0.0,0.0,2.82,5.8
2014-08-16,22.0,25.8,19.0,23.1,26.8,81,2.0,2.0,0.0,5.0,5.95,11.4
2014-08-17,22.5,25.5,20.9,24.6,27.7,87,23.3,23.3,0.0,23.0,4.95,11.8
2014-08-18,20.0,21.6,18.5,22.0,24.6,96,41.6,41.6,0.0,20.0,4.11,8.9
2014-08-19,20.3,25.2,16.0,20.6,25.5,78,0.0,0.0,0.0,0.0,5.38,11.5
2014-08-20,20.5,26.8,16.1,21.8,29.5,73,0.0,0.0,0.0,0.0,2.41,6.1
2014-08-21,20.5,26.3,14.9,20.7,26.2,75,0.0,0.0,0.0,0.0,5.83,12.3
2014-08-22,22.1,26.5,18.8,23.9,29.1,82,3.1,3.1,0.0,8.0,4.9,10.4
2014-08-23,20.5,22.6,18.2,22.9,24.7,90,9.9,9.9,0.0,19.0,3.58,10.4
2014-08-24,18.5,19.8,17.6,19.9,21.3,88,12.3,12.3,0.0,23.0,2.82,6.5
2014-08-25,20.4,23.9,17.5,22.6,26.2,85,3.6,3.6,0.0,13.0,1.72,5.1
2014-08-26,21.8,25.7,18.9,23.7,26.9,84,2.4,2.4,0.0,9.0,5.14,12.5
2014-08-27,22.5,26.5,19.9,24.3,27.6,80,1.4,1.4,0.0,6.0,4.55,10.5
2014-08-28,21.4,25.6,18.0,23.6,28.3,84,3.9,3.9,0.0,10.0,3.2,8.6
2014-08-29,22.1,25.9,19.9,23.4,25.8,81,0.4,0.4,0.0,2.0,6.1,12.5
2014-08-30,22.8,27.7,19.5,23.0,27.0,76,0.0,0.0,0.0,0.0,7.75,15.0
2014-08-31,23.7,29.3,19.4,24.9,31.1,75,0.0,0.0,0.0,0.0,6.01,11.7
2014-09-01,23.6,28.2,20.6,24.5,28.4,76,0.0,0.0,0.0,0.0,6.48,13.1
2014-09-02,21.9,25.4,19.3,23.2,27.2,81,5.9,5.9,0.0,5.0,4.16,9.7
2014-09-03,20.7,25.0,17.3,22.6,27.9,79,1.3,1.3,0.0,8.0,2.04,5.0
2014-09-04,20.9,24.6,18.9,23.2,26.6,90,11.7,11.7,0.0,17.0,4.9,11.1
2014-09-05,21.2,25.4,18.8,23.6,27.8,87,6.7,6.7,0.0,11.0,3.2,8.7
2014-09-06,22.7,26.9,20.0,24.0,27.7,81,0.6,0.6,0.0,4.0,6.22,12.7
2014-09-07,23.5,28.7,20.1,24.8,29.2,77,0.0,0.0,0.0,0.0,6.2,12.4
2014-09-08,24.0,29.8,19.6,25.8,31.9,76,0.0,0.0,0.0,0.0,5.41,11.0
2014-09-09,23.7,29.0,20.4,26.0,32.0,80,0.4,0.4,0.0,3.0,4.79,9.2
2014-09-10,24.5,28.9,21.6,26.4,31.9,79,0.9,0.9,0.0,3.0,5.31,11.0
2014-09-11,24.8,28.6,21.9,25.6,28.4,77,0.0,0.0,0.0,0.0,8.12,15.5
2014-09-12,24.8,28.8,22.1,26.5,30.6,79,0.5,0.5,0.0,3.0,6.12,13.2
2014-09-13,24.8,29.0,22.0,26.6,31.1,76,0.1,0.1,0.0,1.0,5.51,11.6
2014-09-14,23.3,26.9,20.9,25.7,29.9,83,1.6,1.6,0.0,7.0,4.66,9.9
2014-09-15,22.9,26.7,20.3,25.6,29.9,84,4.5,4.5,0.0,10.0,3.67,7.5
2014-09-16,20.7,23.3,19.1,21.7,23.7,88,2.3,2.3,0.0,4.0,5.33,12.6
2014-09-17,19.6,20.4,18.9,20.4,22.0,97,28.2,28.2,0.0,24.0,6.19,14.9
2014-09-18,19.7,22.0,17.5,22.1,24.4,94,27.8,27.8,0.0,21.0,3.16,11.6
2014-09-19,19.0,21.2,17.3,20.1,21.9,86,1.6,1.6,0.0,6.0,3.38,7.0
2014-09-20,19.4,23.1,16.2,20.1,23.6,80,0.0,0.0,0.0,0.0,3.67,8.2
2014-09-21,18.4,25.7,13.9,18.8,27.1,75,0.0,0.0,0.0,0.0,3.71,7.9
2014-09-22,17.5,24.2,12.2,16.9,24.7,67,0.0,0.0,0.0,0.0,3.13,7.1
2014-09-23,17.5,22.6,12.9,17.4,22.9,74,0.0,0.0,0.0,0.0,2.69,5.7
2014-09-24,17.8,20.9,15.1,18.2,21.8,80,0.1,0.1,0.0,1.0,2.68,5.7
2014-09-25,19.8,24.2,16.5,19.9,23.5,78,0.0,0.0,0.0,0.0,5.63,11.8
2014-09-26,20.5,23.9,17.4,20.4,24.3,82,0.1,0.1,0.0,1.0,6.51,12.9
2014-09-27,21.9,25.7,19.2,22.2,25.9,81,0.3,0.3,0.0,3.0,6.61,13.1
2014-09-28,22.5,27.0,20.2,24.1,28.5,82,3.5,3.5,0.0,15.0,5.88,11.2
2014-09-29,20.7,23.6,18.6,22.8,25.7,84,13.0,13.0,0.0,17.0,2.63,6.4
2014-09-30,18.6,19.8,17.2,20.2,21.8,94,6.4,6.4,0.0,16.0,3.16,6.8
2014-10-01,20.2,24.3,17.9,21.3,25.1,88,8.6,8.6,0.0,15.0,6.75,13.6
2014-10-02,20.1,24.0,16.9,21.2,24.6,82,11.5,11.5,0.0,9.0,3.59,7.8
2014-10-03,19.3,24.0,16.2,20.5,24.5,86,2.2,2.2,0.0,6.0,3.98,8.7
2014-10-04,17.7,18.9,15.7,18.7,20.9,94,16.3,16.3,0.0,17.0,5.08,11.5
2014-10-05,16.8,20.9,12.6,15.5,18.6,75,0.0,0.0,0.0,0.0,5.52,11.3
2014-10-06,16.3,22.4,11.3,15.4,22.2,72,0.0,0.0,0.0,0.0,3.72,8.6
2014-10-07,16.5,23.4,11.1,16.3,24.4,76,0.0,0.0,0.0,0.0,2.69,6.8
2014-10-08,17.3,24.8,11.5,17.4,26.3,78,0.0,0.0,0.0,0.0,2.47,6.4
2014-10-09,17.9,24.5,12.8,18.1,24.9,79,0.0,0.0,0.0,0.0,3.08,6.8
2014-10-10,17.5,22.9,13.6,17.5,24.2,78,0.0,0.0,0.0,0.0,2.77,6.2
2014-10-11,15.6,22.1,10.8,15.2,23.5,79,0.0,0.0,0.0,0.0,3.3,6.6
2014-10-12,14.7,19.1,12.0,13.5,17.1,80,0.0,0.0,0.0,0.0,4.48,9.2
2014-10-13,14.0,16.5,12.1,12.6,14.6,76,0.0,0.0,0.0,0.0,3.57,8.1
2014-10-14,14.5,18.2,12.2,13.5,18.3,72,0.0,0.0,0.0,0.0,2.08,4.8
2014-10-15,16.4,20.6,13.4,15.9,20.4,72,0.0,0.0,0.0,0.0,3.7,7.5
2014-10-16,16.7,19.6,14.8,16.7,19.6,77,0.0,0.0,0.0,0.0,3.23,9.8
2014-10-17,15.5,17.6,13.4,15.7,18.2,87,2.2,2.2,0.0,13.0,2.83,7.1
2014-10-18,17.5,21.7,13.8,16.7,20.0,85,0.5,0.5,0.0,3.0,7.84,15.3
2014-10-19,19.1,22.6,17.1,18.5,21.8,82,0.3,0.3,0.0,3.0,6.68,13.0
2014-10-20,19.0,22.9,16.5,18.6,24.4,83,8.4,8.4,0.0,11.0,6.76,14.0
2014-10-21,17.3,22.0,13.3,16.5,21.0,76,9.7,9.7,0.0,6.0,4.91,9.9
2014-10-22,15.3,21.2,11.2,14.8,21.7,80,0.0,0.0,0.0,0.0,2.95,6.6
2014-10-23,14.0,19.0,10.3,13.6,19.5,82,1.7,1.7,0.0,7.0,2.21,4.4
2014-10-24,15.2,20.1,11.2,15.0,20.0,86,2.7,2.7,0.0,8.0,3.47,10.1
2014-10-25,17.2,22.7,13.1,17.2,23.1,83,0.2,0.2,0.0,2.0,4.39,9.5
2014-10-26,18.9,23.8,15.8,19.5,24.4,82,0.4,0.4,0.0,3.0,3.84,8.6
2014-10-27,18.2,21.3,15.7,18.3,20.6,88,0.1,0.1,0.0,1.0,5.8,13.9
2014-10-28,18.6,21.0,17.0,17.4,19.5,86,2.8,2.8,0.0,13.0,8.25,18.6
2014-10-29,18.1,20.0,17.0,18.0,20.6,93,18.2,18.2,0.0,24.0,6.28,13.2
2014-10-30,19.5,23.3,17.1,20.0,24.1,88,7.6,7.6,0.0,23.0,5.55,11.8
2014-10-31,16.2,19.0,13.0,16.8,20.9,95,18.1,18.1,0.0,24.0,3.55,10.1
2014-11-01,12.7,13.8,12.0,11.6,12.8,94,10.2,10.2,0.0,23.0,4.5,12.0
2014-11-02,9.1,11.8,7.9,5.9,9.5,89,0.5,0.5,0.0,3.0,6.15,12.3
2014-11-03,9.8,12.5,7.6,8.1,10.8,83,0.0,0.0,0.0,0.0,2.71,6.0
2014-11-04,11.8,14.9,8.4,10.0,12.0,83,0.1,0.1,0.0,1.0,5.3,11.5
2014-11-05,11.5,13.1,9.5,9.9,12.2,87,0.7,0.7,0.0,3.0,4.08,7.5
2014-11-06,11.7,14.0,9.2,10.3,12.0,87,1.0,1.0,0.0,5.0,3.94,7.5
2014-11-07,8.8,11.0,8.1,6.9,9.8,96,26.0,26.0,0.0,18.0,3.44,7.5
2014-11-08,9.6,12.0,8.0,7.5,9.6,90,0.0,0.0,0.0,0.0,4.42,8.8
2014-11-09,9.7,11.5,8.4,8.2,10.4,95,0.4,0.4,0.0,4.0,3.62,7.5
2014-11-10,8.5,9.7,7.5,6.9,8.6,98,1.0,1.0,0.0,5.0,2.86,5.6
2014-11-11,9.8,11.9,8.0,7.8,10.1,91,0.2,0.2,0.0,1.0,4.12,8.2
2014-11-12,9.2,10.0,7.4,6.9,8.7,89,1.1,1.1,0.0,5.0,3.8,7.6
2014-11-13,7.7,10.9,5.5,5.0,8.0,78,1.6,1.6,0.0,7.0,3.56,6.7
2014-11-14,9.6,13.4,4.8,6.9,9.9,78,0.0,0.0,0.0,0.0,5.6,11.3
2014-11-15,9.9,11.6,9.0,8.4,10.3,91,2.2,2.2,0.0,7.0,3.26,7.4
2014-11-16,8.0,9.0,6.7,5.9,7.3,92,3.2,3.2,0.0,10.0,3.3,6.3
2014-11-17,6.0,6.6,5.6,3.1,3.9,91,5.3,5.3,0.0,15.0,3.61,7.2
2014-11-18,6.4,8.7,4.5,3.7,6.1,79,0.3,0.3,0.0,2.0,3.05,5.9
2014-11-19,8.5,12.5,5.7,6.9,11.4,82,0.5,0.5,0.0,3.0,1.92,4.2
2014-11-20,10.9,13.7,8.3,9.2,12.2,88,2.6,2.6,0.0,9.0,5.34,11.0
2014-11-21,12.2,14.6,10.7,11.2,13.1,92,1.7,1.7,0.0,10.0,4.54,9.2
2014-11-22,13.6,15.1,12.8,12.5,14.2,95,1.8,1.8,0.0,9.0,4.91,10.4
2014-11-23,13.6,15.7,10.8,13.5,16.1,95,10.1,10.1,0.0,24.0,2.93,8.7
2014-11-24,10.4,12.0,9.3,8.6,10.4,94,8.4,8.4,0.0,23.0,3.98,7.1
2014-11-25,10.3,12.8,8.5,8.8,11.5,88,4.7,4.7,0.0,8.0,3.4,6.6
2014-11-26,12.3,15.3,9.4,9.9,12.2,89,0.4,0.4,0.0,3.0,7.65,14.7
2014-11-27,13.6,16.8,10.3,12.4,16.0,85,6.5,6.5,0.0,10.0,6.9,13.9
2014-11-28,12.6,15.8,9.9,11.3,14.7,89,7.2,7.2,0.0,10.0,5.95,11.3
2014-11-29,15.8,21.3,11.5,14.0,18.8,76,0.2,0.2,0.0,2.0,6.9,14.2
2014-11-30,11.1,14.6,7.6,8.7,11.4,86,3.9,3.9,0.0,11.0,5.66,12.4
2014-12-01,7.2,10.1,4.8,3.9,7.0,72,0.0,0.0,0.0,0.0,3.92,8.1
2014-12-02,7.1,11.1,4.0,4.2,8.4,70,0.0,0.0,0.0,0.0,3.22,6.9
2014-12-03,7.2,8.5,5.3,4.4,7.2,90,2.2,2.2,0.0,10.0,5.04,10.5
2014-12-04,5.9,9.8,2.9,2.2,5.7,66,0.3,0.3,0.0,3.0,5.0,9.3
2014-12-05,6.4,8.6,4.4,3.5,5.7,66,0.0,0.0,0.0,0.0,2.2,4.6
2014-12-06,7.0,7.7,5.3,4.2,5.0,73,0.0,0.0,0.0,0.0,4.21,7.2
2014-12-07,6.6,8.2,5.1,3.3,5.4,80,0.0,0.0,0.0,0.0,5.23,10.8
2014-12-08,7.6,12.0,2.6,4.4,8.0,70,0.0,0.0,0.0,0.0,4.74,9.6
2014-12-09,7.8,9.2,4.1,4.6,5.8,83,2.3,2.3,0.0,10.0,5.15,9.5
2014-12-10,4.3,6.2,2.7,1.0,2.7,91,3.0,3.0,0.0,18.0,3.86,8.2
2014-12-11,1.8,2.9,1.0,-2.4,-0.6,79,0.6,0.2,0.7,5.0,3.94,8.2
2014-12-12,2.1,3.5,1.0,-2.0,-0.1,77,0.0,0.0,0.14,0.0,4.4,8.5
2014-12-13,3.2,5.5,0.7,0.2,2.2,71,0.0,0.0,0.0,0.0,2.13,5.1
2014-12-14,5.5,7.3,3.9,2.3,3.8,71,0.0,0.0,0.0,0.0,4.34,9.2
2014-12-15,5.0,6.3,3.6,1.5,4.0,84,1.0,1.0,0.0,7.0,4.67,9.4
2014-12-16,3.3,4.8,1.9,-0.9,-0.1,80,2.2,1.2,0.7,8.0,4.9,10.3
2014-12-17,3.3,7.2,0.8,-0.4,3.8,67,0.0,0.0,0.0,0.0,3.68,7.5
2014-12-18,3.3,5.8,1.2,0.1,2.3,76,3.5,0.6,2.03,6.0,3.32,6.8
2014-12-19,3.4,10.3,0.3,0.9,7.9,87,0.0,0.0,0.07,0.0,2.5,4.3
2014-12-20,5.3,12.3,-0.4,1.7,8.8,85,1.0,1.0,0.0,2.0,7.03,14.2
2014-12-21,3.7,6.4,-0.5,-0.4,1.9,86,2.4,2.4,0.0,7.0,6.24,12.7
2014-12-22,2.8,8.9,-2.4,-1.4,3.5,74,0.0,0.0,0.0,0.0,6.51,13.6
2014-12-23,4.3,9.0,0.9,1.8,6.9,80,0.0,0.0,0.0,0.0,2.64,5.9
2014-12-24,6.3,11.6,1.0,3.7,8.4,82,0.0,0.0,0.0,0.0,3.61,7.6
2014-12-25,7.1,8.6,5.5,4.6,6.8,82,1.7,1.7,0.0,8.0,3.03,5.8
2014-12-26,5.5,8.6,2.9,2.2,5.4,75,0.5,0.5,0.0,3.0,4.22,8.0
2014-12-27,3.0,4.1,1.8,-0.6,0.4,89,3.7,2.8,0.7,11.0,4.1,8.5
2014-12-28,5.6,10.8,2.2,1.6,6.4,74,0.0,0.0,0.0,0.0,5.14,10.4
2014-12-29,5.7,14.2,-0.9,2.0,9.3,65,0.0,0.0,0.0,0.0,4.6,9.7
2014-12-30,8.1,15.8,2.1,5.3,13.8,71,0.0,0.0,0.0,0.0,3.4,7.0
2014-12-31,7.8,10.2,6.0,5.0,7.3,74,0.0,0.0,0.0,0.0,2.97,6.8
