time,temperature_2m_mean,temperature_2m_max,temperature_2m_min,apparent_temperature_mean,apparent_temperature_max,relative_humidity_2m_mean,precipitation_sum,rain_sum,snowfall_sum,precipitation_hours,wind_speed_10m_max,wind_gusts_10m_max
2020-01-01,11.3,15.5,7.9,8.5,12.8,91,1.0,1.0,0.0,6.0,7.85,15.4
2020-01-02,11.2,15.7,8.0,10.5,15.2,92,3.8,3.8,0.0,21.0,2.2,5.6
2020-01-03,6.7,8.0,5.6,4.4,6.0,95,5.1,5.1,0.0,19.0,3.31,5.9
2020-01-04,7.7,10.7,5.5,5.7,8.1,98,3.5,3.5,0.0,15.0,6.87,13.6
2020-01-05,13.3,16.7,10.7,9.6,13.0,90,1.2,1.2,0.0,5.0,10.36,19.4
2020-01-06,13.3,15.9,6.6,10.2,14.7,90,12.8,12.8,0.0,7.0,10.77,21.1
2020-01-07,10.0,16.9,4.1,7.4,14.4,73,1.4,1.4,0.0,2.0,5.69,13.3
2020-01-08,12.5,15.4,7.9,10.8,14.0,92,30.0,30.0,0.0,22.0,6.82,15.0
2020-01-09,4.4,6.5,2.3,1.4,4.6,94,9.6,9.6,0.0,23.0,3.42,7.9
2020-01-10,3.3,4.0,2.4,-0.0,0.9,95,6.7,6.7,0.0,24.0,3.98,8.6
2020-01-11,4.3,7.1,2.3,0.8,3.4,87,1.9,1.9,0.0,8.0,3.81,8.6
2020-01-12,6.1,13.2,0.4,3.4,10.1,80,0.0,0.0,0.0,0.0,4.27,9.4
2020-01-13,5.9,9.3,3.4,3.2,7.2,91,1.4,1.4,0.0,7.0,3.65,9.2
2020-01-14,2.3,3.3,1.2,-0.9,0.1,97,5.0,5.0,0.0,20.0,3.47,7.5
2020-01-15,1.6,2.9,0.7,-1.6,0.1,98,6.4,6.4,0.0,23.0,4.2,7.6
2020-01-16,3.1,5.6,0.8,-0.3,2.1,89,0.8,0.8,0.0,3.0,4.06,7.6
2020-01-17,2.7,5.5,1.1,-0.6,2.4,82,0.0,0.0,0.0,0.0,3.13,5.9
2020-01-18,2.1,3.7,0.8,-1.0,0.9,87,0.0,0.0,0.0,0.0,3.23,6.4
2020-01-19,4.5,7.2,1.9,1.7,4.4,81,0.0,0.0,0.0,0.0,2.34,5.6
2020-01-20,5.8,7.8,3.8,3.3,5.2,92,1.1,1.1,0.0,8.0,3.81,8.2
2020-01-21,11.0,15.9,7.2,8.4,13.0,90,1.2,1.2,0.0,9.0,8.01,15.9
2020-01-22,9.0,12.5,5.6,7.4,12.4,93,11.7,11.7,0.0,17.0,4.2,15.1
2020-01-23,6.2,8.3,4.8,3.3,5.9,95,14.2,14.2,0.0,19.0,4.19,11.0
2020-01-24,3.9,4.9,1.2,0.5,1.8,96,11.3,9.4,1.33,21.0,4.17,8.8
2020-01-25,0.7,1.4,-0.4,-3.1,-2.4,98,12.3,0.4,8.33,18.0,3.94,9.4
2020-01-26,1.4,4.0,-1.4,-1.9,0.8,88,0.0,0.0,0.0,0.0,3.63,8.3
2020-01-27,0.8,2.8,-0.4,-2.6,-0.5,86,0.0,0.0,0.0,0.0,2.88,6.2
2020-01-28,1.0,3.5,-0.9,-2.4,0.0,84,0.3,0.0,0.35,2.0,2.64,5.8
2020-01-29,3.2,9.3,-1.0,0.1,6.4,78,0.0,0.0,0.0,0.0,2.56,6.2
2020-01-30,4.9,9.5,0.5,1.7,6.4,71,0.0,0.0,0.0,0.0,3.94,8.1
2020-01-31,5.8,6.9,4.3,1.8,3.5,67,0.0,0.0,0.0,0.0,4.72,10.4
2020-02-01,6.1,7.0,4.9,3.0,4.9,87,1.1,1.1,0.0,6.0,4.56,9.5
2020-02-02,4.5,6.0,3.0,1.7,4.1,96,4.8,4.8,0.0,16.0,3.61,7.3
2020-02-03,3.9,5.7,2.7,0.8,2.3,92,5.4,4.5,0.63,12.0,3.2,7.3
2020-02-04,5.0,9.6,2.1,2.8,8.0,89,1.2,0.8,0.28,3.0,2.04,4.4
2020-02-05,5.5,8.4,2.5,2.6,4.5,95,2.4,2.4,0.0,9.0,5.41,10.6
2020-02-06,6.1,8.1,4.0,3.3,6.2,90,6.7,6.7,0.0,10.0,4.36,12.5
2020-02-07,4.7,6.2,2.8,1.8,3.8,94,1.6,1.6,0.0,9.0,3.34,6.4
2020-02-08,3.5,4.5,2.9,0.4,1.5,96,1.9,1.9,0.0,11.0,3.0,6.1
2020-02-09,5.1,8.0,2.5,2.2,5.1,86,0.3,0.3,0.0,3.0,3.14,6.5
2020-02-10,6.5,8.5,4.7,4.2,5.5,91,0.9,0.9,0.0,4.0,3.9,8.6
2020-02-11,8.2,11.7,6.0,6.9,10.9,95,2.0,2.0,0.0,8.0,2.33,5.2
2020-02-12,11.3,16.7,8.2,9.7,14.4,85,0.5,0.5,0.0,3.0,4.74,9.4
2020-02-13,14.4,21.6,9.0,12.6,18.5,75,0.1,0.1,0.0,1.0,5.41,10.8
2020-02-14,15.8,21.5,11.3,14.5,19.6,78,1.0,1.0,0.0,4.0,5.41,9.1
2020-02-15,5.6,13.0,-0.0,0.7,11.1,84,8.7,7.9,0.84,14.0,7.38,15.4
2020-02-16,1.8,5.4,-1.0,-2.6,1.8,74,0.6,0.0,0.49,4.0,5.73,11.1
2020-02-17,4.6,7.7,2.2,1.1,3.7,68,0.0,0.0,0.0,0.0,3.4,7.1
2020-02-18,7.0,10.8,3.4,3.6,6.7,61,0.0,0.0,0.0,0.0,4.84,9.8
2020-02-19,8.6,14.2,4.0,5.9,11.3,64,0.0,0.0,0.0,0.0,3.28,7.7
2020-02-20,8.0,10.8,5.6,5.3,8.9,91,4.2,4.2,0.0,13.0,5.33,10.7
2020-02-21,6.1,8.1,4.0,3.1,5.7,88,1.2,1.2,0.0,7.0,4.96,9.8
2020-02-22,8.1,9.9,6.6,6.6,8.7,92,0.7,0.7,0.0,6.0,2.47,5.5
2020-02-23,12.0,15.7,9.0,9.1,11.2,85,2.3,2.3,0.0,12.0,8.83,17.2
2020-02-24,14.2,19.2,10.4,11.0,15.8,78,0.0,0.0,0.0,0.0,7.75,16.2
2020-02-25,14.0,18.0,10.4,13.6,18.1,83,1.0,1.0,0.0,7.0,2.86,5.8
2020-02-26,15.9,19.3,13.1,14.9,17.5,83,1.2,1.2,0.0,7.0,5.14,10.2
2020-02-27,16.8,19.4,14.8,14.4,16.2,78,0.6,0.6,0.0,4.0,8.33,16.9
2020-02-28,14.3,16.1,12.2,13.5,16.1,89,26.8,26.8,0.0,16.0,6.2,12.1
2020-02-29,14.1,19.6,10.8,13.6,19.0,90,19.3,19.3,0.0,18.0,3.48,12.7
2020-03-01,11.4,13.4,9.4,10.1,12.1,94,5.5,5.5,0.0,17.0,3.81,7.9
2020-03-02,9.3,12.6,5.8,7.2,12.1,93,21.3,21.3,0.0,23.0,4.89,13.5
2020-03-03,6.1,7.0,5.2,3.4,4.5,94,13.5,13.5,0.0,17.0,3.47,10.8
2020-03-04,6.5,9.0,4.4,3.5,6.0,85,1.1,1.1,0.0,2.0,3.4,7.1
2020-03-05,8.0,11.5,5.0,5.2,7.8,83,1.3,1.3,0.0,2.0,5.64,11.2
2020-03-06,11.8,16.1,9.2,10.2,16.1,88,1.2,1.2,0.0,10.0,4.43,9.7
2020-03-07,12.8,17.8,8.9,12.1,17.6,88,3.2,3.2,0.0,12.0,2.86,5.4
2020-03-08,17.2,25.3,13.1,15.5,23.3,75,2.6,2.6,0.0,8.0,6.06,12.6
2020-03-09,12.6,14.4,9.3,9.7,11.9,78,0.8,0.8,0.0,4.0,6.39,12.8
2020-03-10,8.7,9.9,6.8,5.5,7.5,77,3.1,3.1,0.0,7.0,5.22,10.9
2020-03-11,10.4,13.1,7.9,7.8,10.8,80,1.6,1.6,0.0,7.0,6.3,13.5
2020-03-12,11.6,14.9,8.4,10.7,14.9,88,1.6,1.6,0.0,9.0,3.0,8.0
2020-03-13,12.2,14.6,10.5,10.2,11.7,81,2.5,2.5,0.0,7.0,4.67,9.4
2020-03-14,11.0,14.4,8.4,8.6,12.1,72,0.0,0.0,0.0,0.0,3.49,7.3
2020-03-15,11.3,14.9,8.8,9.0,12.0,78,0.0,0.0,0.0,0.0,4.92,10.1
2020-03-16,10.6,12.7,8.9,9.2,12.5,93,6.2,6.2,0.0,24.0,4.56,9.1
2020-03-17,9.1,10.2,8.2,6.7,8.2,90,5.5,5.5,0.0,15.0,4.46,8.4
2020-03-18,11.3,15.2,8.1,10.2,14.5,78,2.0,2.0,0.0,6.0,2.28,4.7
2020-03-19,13.9,19.6,9.9,12.0,19.2,63,0.0,0.0,0.0,0.0,3.42,7.8
2020-03-20,15.6,23.0,9.2,13.5,20.9,73,0.0,0.0,0.0,0.0,6.9,14.1
2020-03-21,20.6,28.2,14.7,18.2,24.7,62,0.0,0.0,0.0,0.0,8.54,17.8
2020-03-22,18.4,24.2,13.2,18.5,26.0,69,4.9,4.9,0.0,6.0,2.77,7.3
2020-03-23,16.5,20.9,13.3,16.3,21.1,84,14.9,14.9,0.0,17.0,4.4,8.9
2020-03-24,17.3,23.2,13.1,16.3,22.2,80,5.9,5.9,0.0,5.0,6.84,15.8
2020-03-25,18.9,24.7,16.0,17.0,23.0,76,2.1,2.1,0.0,3.0,9.04,18.8
2020-03-26,20.0,26.0,15.5,18.6,24.4,70,0.0,0.0,0.0,0.0,7.71,15.0
2020-03-27,15.5,18.7,12.1,14.5,19.5,86,15.8,15.8,0.0,8.0,6.15,12.4
2020-03-28,8.2,11.9,5.8,5.4,10.3,86,0.7,0.7,0.0,3.0,3.91,8.4
2020-03-29,4.9,5.9,3.2,2.0,3.3,96,6.1,6.1,0.0,20.0,3.61,7.9
2020-03-30,7.6,11.9,4.9,5.2,10.0,87,0.9,0.9,0.0,4.0,3.96,7.9
2020-03-31,10.6,17.6,5.5,8.7,17.4,79,0.5,0.5,0.0,3.0,3.4,8.3
2020-04-01,11.6,14.6,8.9,9.9,13.0,82,0.7,0.7,0.0,6.0,3.77,7.6
2020-04-02,10.1,12.2,7.3,8.4,10.8,94,4.1,4.1,0.0,17.0,4.41,9.7
2020-04-03,7.9,10.0,6.7,5.6,8.0,93,8.8,8.8,0.0,20.0,3.75,7.3
2020-04-04,7.9,9.1,7.1,5.6,6.7,94,9.5,9.5,0.0,12.0,3.89,7.7
2020-04-05,8.8,10.9,7.1,6.6,8.2,85,2.0,2.0,0.0,3.0,3.26,7.0
2020-04-06,9.2,12.2,6.5,7.2,9.9,82,4.4,4.4,0.0,5.0,2.84,6.0
2020-04-07,11.9,16.4,7.8,10.5,14.9,75,0.0,0.0,0.0,0.0,1.92,4.9
2020-04-08,10.6,12.4,6.8,9.6,12.1,89,4.8,4.8,0.0,13.0,2.35,5.0
2020-04-09,13.0,18.9,6.7,11.3,16.4,85,0.1,0.1,0.0,1.0,5.95,11.6
2020-04-10,16.7,20.9,14.5,15.8,20.5,84,30.3,30.3,0.0,17.0,6.22,14.4
2020-04-11,12.9,15.4,7.4,11.2,14.2,88,13.5,13.5,0.0,5.0,5.2,10.7
2020-04-12,10.1,14.9,5.9,7.6,12.0,69,1.0,1.0,0.0,4.0,3.8,8.4
2020-04-13,11.4,15.2,8.1,8.9,12.6,63,0.4,0.4,0.0,1.0,4.0,8.9
2020-04-14,14.2,22.8,7.7,12.6,21.7,64,0.5,0.5,0.0,3.0,3.8,8.6
2020-04-15,17.6,25.7,10.4,15.9,24.3,70,0.0,0.0,0.0,0.0,6.68,13.9
2020-04-16,19.6,25.6,15.0,18.8,26.7,75,0.0,0.0,0.0,0.0,5.91,12.4
2020-04-17,20.1,24.6,18.0,20.1,25.4,81,12.9,12.9,0.0,18.0,6.31,12.1
2020-04-18,19.2,24.1,14.6,18.8,24.5,86,26.7,26.7,0.0,19.0,7.86,16.3
2020-04-19,15.7,18.6,13.7,15.5,18.8,88,0.7,0.7,0.0,4.0,3.77,7.6
2020-04-20,15.1,16.5,13.3,14.8,17.0,92,12.9,12.9,0.0,20.0,4.74,11.2
2020-04-21,11.6,13.1,9.7,9.7,11.9,92,10.6,10.6,0.0,14.0,4.46,9.0
2020-04-22,9.1,10.5,7.8,6.7,8.4,89,2.8,2.8,0.0,9.0,4.1,8.3
2020-04-23,7.7,9.2,6.8,4.9,6.1,87,2.7,2.7,0.0,9.0,4.12,8.4
2020-04-24,9.6,13.3,7.2,7.1,10.7,80,1.9,1.9,0.0,3.0,4.56,8.8
2020-04-25,10.1,13.4,7.7,8.5,10.7,86,2.6,2.6,0.0,9.0,4.23,7.9
2020-04-26,12.7,20.0,6.4,10.8,17.8,70,0.0,0.0,0.0,0.0,4.55,9.5
2020-04-27,15.7,24.2,8.8,14.2,24.0,58,0.0,0.0,0.0,0.0,3.2,5.8
2020-04-28,18.2,25.4,9.7,16.0,24.3,49,0.0,0.0,0.0,0.0,4.9,9.9
2020-04-29,19.2,25.0,13.8,17.1,24.1,61,1.8,1.8,0.0,4.0,6.89,14.3
2020-04-30,18.7,23.0,16.1,18.7,24.4,77,16.8,16.8,0.0,15.0,5.2,11.9
2020-05-01,19.5,24.8,16.1,20.8,26.1,79,19.5,19.5,0.0,11.0,2.25,8.0
2020-05-02,20.0,25.7,16.5,21.4,27.2,83,11.3,11.3,0.0,11.0,2.56,7.6
2020-05-03,22.5,28.8,17.2,23.6,31.3,74,0.4,0.4,0.0,1.0,4.4,10.1
2020-05-04,24.9,30.5,20.6,25.6,31.6,72,1.2,1.2,0.0,2.0,7.65,16.9
2020-05-05,24.2,30.9,18.9,26.1,32.6,70,0.0,0.0,0.0,0.0,4.6,11.3
2020-05-06,26.0,31.7,22.1,27.0,31.8,68,0.0,0.0,0.0,0.0,6.71,14.1
2020-05-07,27.1,33.5,22.7,27.2,33.2,61,0.0,0.0,0.0,0.0,7.93,15.9
2020-05-08,25.4,29.8,21.2,27.4,33.0,66,0.2,0.2,0.0,1.0,6.58,14.6
2020-05-09,23.2,26.0,17.3,24.6,29.2,77,1.1,1.1,0.0,3.0,6.45,13.7
2020-05-10,19.0,22.9,15.3,19.1,24.3,75,1.8,1.8,0.0,5.0,4.39,10.4
2020-05-11,17.7,19.3,16.1,17.6,21.0,86,21.2,21.2,0.0,9.0,5.61,12.0
2020-05-12,18.1,21.7,15.1,17.9,21.6,75,0.0,0.0,0.0,0.0,3.28,7.2
2020-05-13,20.7,24.3,18.1,20.4,24.7,79,2.9,2.9,0.0,9.0,7.82,15.1
2020-05-14,20.4,25.1,16.3,21.3,25.7,78,5.4,5.4,0.0,11.0,3.68,12.6
2020-05-15,20.7,25.2,16.9,22.4,28.0,80,6.7,6.7,0.0,10.0,3.1,9.3
2020-05-16,19.9,23.8,17.0,21.2,24.8,85,12.1,12.1,0.0,12.0,3.68,8.2
2020-05-17,18.5,21.2,15.9,19.7,22.3,87,6.2,6.2,0.0,12.0,3.0,7.7
2020-05-18,20.6,27.9,15.4,21.7,29.2,74,0.0,0.0,0.0,0.0,3.13,7.4
2020-05-19,21.9,27.0,16.5,22.5,27.4,75,0.5,0.5,0.0,2.0,6.46,14.0
2020-05-20,22.2,25.9,20.1,24.3,29.2,88,17.9,17.9,0.0,15.0,5.32,11.7
2020-05-21,19.2,20.2,17.5,20.8,22.2,95,3.9,3.9,0.0,12.0,3.58,7.4
2020-05-22,19.4,22.5,17.1,20.1,22.8,85,2.3,2.3,0.0,8.0,4.5,8.5
2020-05-23,19.8,24.0,16.7,21.0,24.3,77,0.0,0.0,0.0,0.0,2.14,4.9
2020-05-24,17.5,19.2,15.4,18.2,20.7,85,12.1,12.1,0.0,16.0,3.0,10.6
2020-05-25,15.4,17.2,14.3,14.2,15.8,90,28.9,28.9,0.0,9.0,5.47,10.8
2020-05-26,15.7,17.7,13.4,15.0,17.1,83,0.6,0.6,0.0,4.0,4.11,8.1
2020-05-27,16.1,18.4,14.3,15.7,17.7,83,0.0,0.0,0.0,0.0,4.21,8.3
2020-05-28,16.1,19.0,14.0,16.6,18.7,88,9.3,9.3,0.0,13.0,2.52,5.4
2020-05-29,17.9,23.3,14.8,19.3,25.1,88,16.6,16.6,0.0,16.0,2.22,8.8
2020-05-30,20.8,26.6,15.1,22.4,28.8,85,1.4,1.4,0.0,5.0,4.43,9.4
2020-05-31,21.7,27.0,18.5,23.7,30.5,86,16.0,16.0,0.0,10.0,4.44,11.0
2020-06-01,20.8,25.4,17.1,22.9,27.6,86,11.9,11.9,0.0,16.0,3.33,7.3
2020-06-02,19.7,23.3,14.9,20.3,25.3,87,22.6,22.6,0.0,16.0,6.05,12.3
2020-06-03,18.0,23.7,14.2,18.4,24.5,77,5.4,5.4,0.0,11.0,3.14,6.7
2020-06-04,19.8,24.3,16.7,21.9,27.3,89,22.2,22.2,0.0,12.0,2.56,8.3
2020-06-05,21.8,26.6,18.4,23.4,28.0,70,7.2,7.2,0.0,7.0,2.28,7.1
2020-06-06,20.6,26.0,16.5,22.2,28.8,83,13.8,13.8,0.0,11.0,3.42,8.0
2020-06-07,21.3,25.5,19.2,24.4,28.4,92,46.2,46.2,0.0,23.0,2.38,6.7
2020-06-08,21.4,24.5,19.9,24.0,26.9,91,24.6,24.6,0.0,16.0,3.82,8.5
2020-06-09,21.5,25.0,19.0,23.0,27.0,80,0.0,0.0,0.0,0.0,4.92,10.8
2020-06-10,21.8,25.0,19.0,24.5,28.1,85,18.6,18.6,0.0,13.0,3.35,8.3
2020-06-11,24.3,28.1,21.5,25.8,28.9,82,2.0,2.0,0.0,9.0,6.73,13.7
2020-06-12,24.0,27.3,22.2,26.6,30.5,83,13.0,13.0,0.0,15.0,5.85,12.2
2020-06-13,22.5,25.4,20.8,25.9,29.6,92,34.9,34.9,0.0,24.0,2.84,7.5
2020-06-14,23.1,27.9,20.8,26.9,31.4,88,11.3,11.3,0.0,18.0,2.18,7.3
2020-06-15,22.8,25.9,20.8,25.4,28.6,88,4.5,4.5,0.0,10.0,5.74,11.9
2020-06-16,23.7,27.0,21.1,23.8,27.0,81,0.7,0.7,0.0,6.0,9.28,17.8
2020-06-17,24.2,26.9,22.1,25.6,29.2,81,16.8,16.8,0.0,14.0,8.54,16.6
2020-06-18,19.5,21.5,18.0,21.0,23.9,90,16.9,16.9,0.0,18.0,3.81,8.8
2020-06-19,22.4,26.2,18.9,24.1,27.7,85,2.5,2.5,0.0,7.0,6.67,14.0
2020-06-20,24.0,27.3,21.0,25.0,28.1,81,0.7,0.7,0.0,5.0,7.57,15.7
2020-06-21,24.0,26.8,22.4,25.7,27.9,84,6.0,6.0,0.0,10.0,7.15,14.6
2020-06-22,23.7,27.6,21.0,26.1,31.0,84,5.9,5.9,0.0,14.0,5.63,12.5
2020-06-23,21.6,24.0,19.9,24.7,27.5,89,22.0,22.0,0.0,16.0,2.75,8.2
2020-06-24,21.5,23.6,20.2,24.7,27.0,92,20.2,20.2,0.0,19.0,2.24,5.9
2020-06-25,23.3,29.2,19.3,26.1,30.9,80,0.0,0.0,0.0,0.0,3.42,7.2
2020-06-26,24.6,28.6,20.5,26.3,29.9,81,2.0,2.0,0.0,12.0,7.28,14.4
2020-06-27,24.8,27.0,23.5,25.6,27.4,79,1.3,1.3,0.0,8.0,8.63,16.8
2020-06-28,25.1,28.3,23.0,26.7,30.2,77,2.3,2.3,0.0,11.0,7.53,15.0
2020-06-29,25.0,28.5,23.0,27.8,31.5,82,5.5,5.5,0.0,8.0,4.98,10.6
2020-06-30,23.7,25.6,22.1,27.3,29.3,88,21.8,21.8,0.0,15.0,3.86,8.5
2020-07-01,22.9,25.6,21.1,25.7,28.1,89,6.7,6.7,0.0,13.0,4.63,11.2
2020-07-02,21.2,22.7,19.4,23.8,25.3,90,46.2,46.2,0.0,24.0,2.85,6.2
2020-07-03,22.9,26.9,19.5,25.8,29.9,85,3.3,3.3,0.0,10.0,3.73,8.4
2020-07-04,24.2,27.6,21.9,26.1,29.3,81,0.5,0.5,0.0,3.0,5.95,12.0
2020-07-05,24.6,28.8,21.7,26.0,29.8,80,0.1,0.1,0.0,1.0,6.82,13.3
2020-07-06,24.7,28.2,22.5,26.5,30.1,81,0.9,0.9,0.0,6.0,7.13,14.3
2020-07-07,24.4,26.9,23.0,26.4,28.6,83,3.8,3.8,0.0,5.0,7.35,14.4
2020-07-08,23.0,25.8,21.1,26.0,29.2,89,22.2,22.2,0.0,21.0,4.25,9.4
2020-07-09,22.2,24.9,20.5,26.0,28.3,92,23.0,23.0,0.0,19.0,2.25,6.1
2020-07-10,22.9,25.4,21.3,25.7,27.6,91,9.0,9.0,0.0,19.0,5.42,11.5
2020-07-11,22.8,24.8,21.5,23.8,25.7,88,2.7,2.7,0.0,11.0,7.76,16.5
2020-07-12,21.5,23.7,20.2,23.6,26.1,92,5.7,5.7,0.0,14.0,5.3,10.9
2020-07-13,22.5,25.7,20.1,24.9,27.7,88,2.6,2.6,0.0,9.0,5.57,11.6
2020-07-14,24.7,29.0,21.2,25.8,29.5,77,0.0,0.0,0.0,0.0,7.6,14.5
2020-07-15,25.2,28.9,22.1,26.9,30.4,77,0.3,0.3,0.0,2.0,7.21,15.2
2020-07-16,25.3,28.8,22.8,26.6,30.1,79,2.0,2.0,0.0,2.0,7.98,16.2
2020-07-17,24.2,26.7,22.2,25.5,28.4,83,8.2,8.2,0.0,11.0,8.35,15.6
2020-07-18,24.0,28.2,21.6,25.4,29.4,83,8.2,8.2,0.0,13.0,8.23,16.1
2020-07-19,22.1,24.4,19.9,23.9,25.7,85,40.6,40.6,0.0,11.0,4.87,10.2
2020-07-20,20.5,22.1,19.6,22.5,23.8,92,10.9,10.9,0.0,11.0,3.59,7.6
2020-07-21,22.7,26.4,20.4,23.0,26.3,86,1.1,1.1,0.0,6.0,9.63,18.8
2020-07-22,24.1,27.3,21.9,24.0,26.7,78,0.4,0.4,0.0,4.0,9.24,17.8
2020-07-23,24.8,28.4,21.7,25.3,29.2,77,0.0,0.0,0.0,0.0,8.05,15.8
2020-07-24,25.5,29.7,22.3,26.8,31.0,76,0.0,0.0,0.0,0.0,7.2,14.3
2020-07-25,26.1,30.1,22.8,27.9,31.8,76,0.0,0.0,0.0,0.0,6.94,13.9
2020-07-26,22.8,24.4,20.6,25.1,26.8,86,6.4,6.4,0.0,5.0,4.53,10.4
2020-07-27,23.8,29.2,20.2,25.7,30.7,72,0.0,0.0,0.0,0.0,4.56,9.6
2020-07-28,23.9,30.2,17.7,26.1,33.5,72,0.0,0.0,0.0,0.0,2.71,5.9
2020-07-29,24.4,29.7,19.5,26.5,31.8,74,0.0,0.0,0.0,0.0,4.18,9.3
2020-07-30,25.3,29.4,22.4,27.7,32.0,77,0.9,0.9,0.0,6.0,5.32,11.1
2020-07-31,24.2,29.1,21.8,27.3,32.4,81,4.2,4.2,0.0,10.0,3.49,7.6
2020-08-01,24.0,29.3,20.4,27.0,31.7,80,2.6,2.6,0.0,9.0,3.45,9.2
2020-08-02,24.3,29.1,20.7,27.2,30.8,80,1.2,1.2,0.0,8.0,3.63,8.0
2020-08-03,24.4,28.5,21.3,27.6,32.2,79,0.3,0.3,0.0,3.0,3.54,8.2
2020-08-04,25.0,30.4,21.2,27.7,31.9,75,0.4,0.4,0.0,3.0,3.84,8.0
2020-08-05,25.3,29.6,22.2,27.9,31.5,77,0.7,0.7,0.0,5.0,4.25,9.3
2020-08-06,24.6,28.4,22.0,26.0,30.1,78,1.2,1.2,0.0,6.0,6.21,12.6
2020-08-07,24.2,28.4,21.9,25.2,28.8,79,0.7,0.7,0.0,4.0,7.84,14.8
2020-08-08,24.6,28.5,21.5,26.2,29.9,79,0.6,0.6,0.0,3.0,6.54,13.5
2020-08-09,24.3,27.8,22.1,26.7,30.4,83,9.6,9.6,0.0,11.0,4.72,10.4
2020-08-10,25.6,31.1,22.2,28.8,35.6,80,0.7,0.7,0.0,5.0,4.42,9.3
2020-08-11,25.1,28.7,22.6,27.3,30.5,82,0.5,0.5,0.0,2.0,6.21,13.3
2020-08-12,24.6,27.5,22.4,25.5,27.9,79,1.5,1.5,0.0,7.0,8.2,16.8
2020-08-13,24.0,27.1,22.1,25.1,28.1,81,1.6,1.6,0.0,6.0,7.84,14.3
2020-08-14,23.6,27.3,21.1,24.3,27.0,79,0.4,0.4,0.0,3.0,7.16,14.5
2020-08-15,23.6,26.6,21.7,23.7,26.0,77,0.5,0.5,0.0,4.0,8.02,15.4
2020-08-16,23.1,26.6,20.9,23.2,26.0,78,1.0,1.0,0.0,8.0,7.92,15.4
2020-08-17,22.2,25.4,20.2,22.7,26.7,81,7.1,7.1,0.0,8.0,7.18,14.4
2020-08-18,21.5,25.6,17.8,23.4,28.2,85,6.5,6.5,0.0,10.0,3.92,9.1
2020-08-19,21.3,26.4,17.3,23.4,29.9,82,0.4,0.4,0.0,4.0,3.61,7.6
2020-08-20,22.5,26.8,19.8,24.9,29.4,83,2.7,2.7,0.0,12.0,3.04,7.1
2020-08-21,22.2,25.8,20.2,24.7,27.9,85,4.2,4.2,0.0,9.0,5.01,11.0
2020-08-22,23.7,28.7,19.9,24.7,29.2,77,0.7,0.7,0.0,4.0,6.14,11.8
2020-08-23,25.0,29.9,21.3,25.5,29.4,72,0.0,0.0,0.0,0.0,7.98,15.9
2020-08-24,23.7,26.8,19.9,25.2,29.2,76,1.5,1.5,0.0,4.0,5.22,11.3
2020-08-25,22.9,29.0,19.1,23.5,27.8,66,2.7,2.7,0.0,5.0,5.63,11.6
2020-08-26,23.3,31.3,17.3,24.7,32.6,66,0.0,0.0,0.0,0.0,2.72,6.5
2020-08-27,24.5,31.8,18.1,25.2,32.4,63,0.0,0.0,0.0,0.0,5.15,10.8
2020-08-28,24.6,29.8,20.4,26.0,31.9,69,1.7,1.7,0.0,7.0,5.4,12.3
2020-08-29,24.7,30.3,20.5,26.0,31.9,69,1.1,1.1,0.0,3.0,4.94,11.4
2020-08-30,25.0,30.4,20.3,26.1,31.1,64,0.0,0.0,0.0,0.0,4.81,10.6
2020-08-31,24.3,30.2,19.5,26.1,32.2,66,0.1,0.1,0.0,1.0,2.06,5.6
2020-09-01,24.6,31.3,19.0,25.9,32.6,62,0.1,0.1,0.0,1.0,2.36,6.0
2020-09-02,24.3,29.7,20.1,26.2,32.1,66,3.0,3.0,0.0,8.0,2.33,5.7
2020-09-03,21.3,23.4,19.4,24.3,26.3,89,33.8,33.8,0.0,21.0,1.84,8.5
2020-09-04,22.2,27.1,19.4,24.4,29.3,84,3.3,3.3,0.0,5.0,5.37,12.4
2020-09-05,22.6,25.3,20.2,25.0,27.5,85,13.9,13.9,0.0,18.0,4.52,9.9
2020-09-06,19.7,21.8,17.8,21.3,23.7,96,114.1,114.1,0.0,24.0,6.26,12.6
2020-09-07,18.9,21.7,17.0,19.9,22.3,90,3.4,3.4,0.0,5.0,3.67,8.4
2020-09-08,20.9,25.3,17.5,22.9,27.1,84,0.7,0.7,0.0,5.0,2.5,5.7
2020-09-09,23.1,27.5,20.1,25.8,30.1,82,1.0,1.0,0.0,7.0,3.11,7.4
2020-09-10,21.8,24.2,19.8,24.4,27.2,89,16.9,16.9,0.0,15.0,4.36,9.4
2020-09-11,18.7,19.7,16.9,20.3,22.1,95,4.8,4.8,0.0,17.0,3.19,7.1
2020-09-12,17.5,18.6,16.8,18.6,20.3,98,6.0,6.0,0.0,17.0,3.71,7.1
2020-09-13,17.2,18.3,16.0,18.3,19.8,98,17.1,17.1,0.0,23.0,3.55,8.6
2020-09-14,16.6,17.5,15.5,17.5,18.9,99,30.4,30.4,0.0,24.0,3.0,11.1
2020-09-15,17.8,19.5,16.9,19.5,21.7,98,15.0,15.0,0.0,24.0,2.89,9.9
2020-09-16,18.2,20.3,17.2,19.9,22.9,98,17.3,17.3,0.0,24.0,2.96,8.0
2020-09-17,16.4,17.8,14.0,16.6,19.0,98,39.7,39.7,0.0,24.0,4.85,9.3
2020-09-18,15.3,17.9,13.4,14.6,16.6,84,2.0,2.0,0.0,3.0,3.83,7.8
2020-09-19,16.1,18.3,14.3,16.3,18.6,86,0.6,0.6,0.0,3.0,2.55,5.9
2020-09-20,18.1,21.1,15.6,19.3,22.0,95,0.1,0.1,0.0,1.0,5.1,10.3
2020-09-21,21.2,25.2,18.4,22.6,25.6,88,1.5,1.5,0.0,9.0,6.21,12.3
2020-09-22,17.8,20.9,16.2,18.3,24.3,92,16.0,16.0,0.0,20.0,4.56,9.4
2020-09-23,16.0,17.5,15.1,16.1,17.4,93,9.1,9.1,0.0,19.0,3.59,8.0
2020-09-24,17.4,21.1,14.2,18.0,22.0,86,0.2,0.2,0.0,2.0,3.39,6.5
2020-09-25,16.5,17.9,14.5,16.9,19.3,94,6.0,6.0,0.0,12.0,3.58,7.4
2020-09-26,14.9,16.4,13.9,14.7,16.4,95,10.2,10.2,0.0,15.0,3.5,7.1
2020-09-27,13.9,14.7,13.1,13.7,14.5,94,0.0,0.0,0.0,0.0,2.92,6.2
2020-09-28,16.5,19.1,14.1,17.2,19.9,97,1.5,1.5,0.0,10.0,4.51,8.8
2020-09-29,16.6,17.7,14.8,17.3,20.2,95,7.9,7.9,0.0,13.0,4.1,8.7
2020-09-30,17.2,19.2,15.5,17.9,19.6,91,0.0,0.0,0.0,0.0,3.52,6.8
2020-10-01,17.8,19.5,16.2,18.9,20.4,95,0.9,0.9,0.0,5.0,4.05,8.4
2020-10-02,20.9,24.3,18.5,21.6,24.8,90,0.5,0.5,0.0,4.0,7.43,14.2
2020-10-03,21.9,26.0,19.4,23.9,28.9,89,16.1,16.1,0.0,14.0,5.41,11.2
2020-10-04,16.9,19.4,13.0,17.2,22.1,95,13.8,13.8,0.0,21.0,4.26,8.9
2020-10-05,11.5,12.8,8.8,10.0,11.5,96,3.7,3.7,0.0,17.0,4.0,7.9
2020-10-06,9.4,11.3,7.8,7.8,10.3,96,0.3,0.3,0.0,2.0,2.77,6.1
2020-10-07,11.2,14.5,9.0,10.0,13.3,93,0.3,0.3,0.0,3.0,3.04,7.0
2020-10-08,11.7,14.5,9.7,10.5,14.3,91,0.0,0.0,0.0,0.0,3.82,7.8
2020-10-09,12.8,15.7,10.7,12.2,15.6,89,0.0,0.0,0.0,0.0,2.44,5.8
2020-10-10,14.3,18.1,11.1,14.3,18.2,88,0.0,0.0,0.0,0.0,2.22,4.8
2020-10-11,16.5,20.7,12.9,16.8,22.1,83,0.0,0.0,0.0,0.0,2.98,5.9
2020-10-12,16.0,20.3,12.8,15.8,20.1,84,0.0,0.0,0.0,0.0,3.42,7.0
2020-10-13,15.0,18.3,11.9,14.8,18.4,88,0.0,0.0,0.0,0.0,3.51,7.5
2020-10-14,14.4,15.2,13.7,14.0,14.8,98,9.0,9.0,0.0,17.0,4.21,8.1
2020-10-15,13.2,14.1,12.0,12.5,13.4,99,16.9,16.9,0.0,23.0,3.72,7.6
2020-10-16,11.3,11.9,10.4,9.2,10.6,96,9.4,9.4,0.0,24.0,5.61,10.3
2020-10-17,9.8,10.3,9.0,7.7,8.5,92,6.5,6.5,0.0,11.0,3.58,8.0
2020-10-18,10.4,12.7,8.7,8.6,10.8,88,0.0,0.0,0.0,0.0,3.54,7.6
2020-10-19,12.1,15.4,10.0,10.1,12.9,78,0.1,0.1,0.0,1.0,3.76,8.5
2020-10-20,9.7,10.9,8.4,7.4,9.9,82,3.5,3.5,0.0,7.0,3.83,8.4
2020-10-21,12.3,17.5,9.4,9.6,13.7,78,1.6,1.6,0.0,4.0,6.17,12.3
2020-10-22,13.7,20.3,9.1,11.3,17.4,64,0.0,0.0,0.0,0.0,4.75,10.2
2020-10-23,13.2,19.8,8.6,11.1,17.4,66,0.0,0.0,0.0,0.0,3.85,8.4
2020-10-24,13.9,20.1,9.3,12.2,18.6,69,0.0,0.0,0.0,0.0,3.69,7.7
2020-10-25,15.4,22.5,10.1,14.1,20.6,69,0.0,0.0,0.0,0.0,3.61,8.5
2020-10-26,14.8,16.6,13.1,14.4,15.9,85,0.0,0.0,0.0,0.0,3.14,6.9
2020-10-27,15.5,18.3,13.7,15.7,18.8,89,1.9,1.9,0.0,8.0,2.58,6.2
2020-10-28,13.0,14.0,12.1,11.7,13.4,92,2.7,2.7,0.0,11.0,4.03,8.7
2020-10-29,13.3,16.6,11.2,12.4,16.0,87,0.0,0.0,0.0,0.0,3.4,6.7
2020-10-30,14.9,19.0,11.6,14.1,17.8,88,0.0,0.0,0.0,0.0,6.04,12.0
2020-10-31,14.5,15.6,13.1,14.5,16.2,95,1.9,1.9,0.0,8.0,3.47,7.3
2020-11-01,12.0,13.2,9.4,10.6,13.1,96,7.8,7.8,0.0,20.0,4.83,9.7
2020-11-02,9.7,11.0,8.9,7.5,8.6,93,5.9,5.9,0.0,14.0,4.16,8.2
2020-11-03,9.4,10.7,8.5,6.9,7.9,73,0.0,0.0,0.0,0.0,2.78,6.1
2020-11-04,9.8,11.8,8.0,8.0,10.0,81,0.0,0.0,0.0,0.0,2.28,5.0
2020-11-05,11.3,13.3,9.9,10.7,12.9,92,0.9,0.9,0.0,4.0,2.06,5.1
2020-11-06,11.3,13.0,9.7,9.3,10.8,88,1.8,1.8,0.0,6.0,5.08,9.1
2020-11-07,12.8,17.4,10.0,10.9,14.4,75,0.0,0.0,0.0,0.0,5.4,11.2
2020-11-08,12.1,18.4,7.7,10.1,16.3,76,0.0,0.0,0.0,0.0,3.83,8.7
2020-11-09,11.6,18.6,7.1,9.1,16.5,64,0.0,0.0,0.0,0.0,3.21,7.2
2020-11-10,11.7,19.8,6.4,9.5,17.8,60,0.0,0.0,0.0,0.0,2.67,6.2
2020-11-11,11.5,20.0,5.2,9.4,18.2,63,0.0,0.0,0.0,0.0,3.36,5.8
2020-11-12,11.6,20.0,6.0,9.8,18.9,68,0.0,0.0,0.0,0.0,3.14,5.0
2020-11-13,12.0,20.0,6.6,9.8,18.0,66,0.0,0.0,0.0,0.0,3.2,6.9
2020-11-14,11.1,19.3,5.4,8.8,17.4,69,0.0,0.0,0.0,0.0,3.26,6.0
2020-11-15,13.2,21.5,5.5,10.7,18.9,71,0.0,0.0,0.0,0.0,5.32,11.1
2020-11-16,17.3,22.5,14.0,15.2,19.3,82,0.0,0.0,0.0,0.0,8.77,17.2
2020-11-17,18.8,22.5,16.4,15.7,18.5,82,0.3,0.3,0.0,3.0,11.52,22.8
2020-11-18,19.1,24.9,15.3,17.4,23.4,69,0.0,0.0,0.0,0.0,9.34,17.8
2020-11-19,15.8,20.0,12.0,14.9,19.5,72,0.2,0.2,0.0,1.0,3.01,7.3
2020-11-20,17.2,22.6,13.1,15.5,19.1,78,4.0,4.0,0.0,15.0,8.05,15.1
2020-11-21,14.0,17.7,10.3,13.5,18.4,90,8.1,8.1,0.0,15.0,4.83,11.9
2020-11-22,7.8,10.5,4.0,5.2,8.4,93,10.7,10.7,0.0,24.0,4.27,8.4
2020-11-23,4.6,5.9,3.5,1.6,3.0,96,4.8,4.8,0.0,12.0,3.49,7.0
2020-11-24,5.9,8.0,3.9,3.7,6.5,98,6.6,6.6,0.0,21.0,2.72,6.1
2020-11-25,5.6,6.8,3.9,3.0,4.4,95,4.6,4.6,0.0,17.0,3.38,6.3
2020-11-26,5.4,6.7,4.5,2.6,4.1,96,4.8,4.8,0.0,13.0,3.91,7.7
2020-11-27,4.3,5.4,3.4,1.3,2.5,97,0.9,0.9,0.0,6.0,3.26,6.7
2020-11-28,3.4,5.2,2.1,0.2,2.1,93,1.0,1.0,0.0,7.0,3.73,7.7
2020-11-29,5.5,9.3,3.2,3.0,6.7,87,0.0,0.0,0.0,0.0,2.92,6.0
2020-11-30,5.5,9.4,3.1,2.5,6.6,80,0.0,0.0,0.0,0.0,3.71,8.0
2020-12-01,4.5,7.5,2.5,1.8,5.3,88,0.0,0.0,0.0,0.0,3.08,6.2
2020-12-02,3.6,4.5,2.8,0.5,1.5,96,1.5,1.5,0.0,8.0,3.4,7.1
2020-12-03,2.0,2.8,0.7,-1.7,-0.6,90,1.5,0.7,0.7,7.0,3.75,7.4
2020-12-04,1.2,2.6,0.5,-2.5,-1.0,87,0.0,0.0,0.14,0.0,3.5,7.0
2020-12-05,3.4,7.4,0.5,0.4,4.7,85,0.0,0.0,0.0,0.0,2.91,6.8
2020-12-06,4.1,5.8,3.0,1.6,4.1,92,0.0,0.0,0.0,0.0,3.19,6.7
2020-12-07,3.7,4.4,3.2,0.7,1.4,92,0.0,0.0,0.0,0.0,2.8,6.4
2020-12-08,5.2,8.9,2.7,2.2,5.4,88,0.1,0.1,0.0,1.0,4.54,8.9
2020-12-09,5.9,7.2,4.2,3.8,5.1,95,0.4,0.4,0.0,3.0,2.94,6.0
2020-12-10,5.5,7.6,3.8,3.2,5.2,94,1.7,1.7,0.0,8.0,3.06,6.3
2020-12-11,4.7,5.9,4.0,2.2,3.8,99,0.5,0.5,0.0,4.0,2.77,5.4
2020-12-12,5.3,7.0,4.2,3.1,5.3,97,0.3,0.3,0.0,3.0,2.88,5.2
2020-12-13,4.0,5.0,2.3,1.0,2.5,99,5.5,5.5,0.0,24.0,4.69,8.7
2020-12-14,0.1,2.4,-2.0,-4.3,-1.7,90,2.6,1.3,1.12,10.0,4.72,9.4
2020-12-15,-2.4,-2.0,-2.9,-6.5,-5.9,94,0.5,0.4,0.07,3.0,3.56,7.0
2020-12-16,-1.5,-0.2,-2.3,-5.5,-4.2,90,0.0,0.0,0.21,0.0,3.3,6.4
2020-12-17,-2.2,-1.2,-3.3,-6.3,-5.1,84,1.1,0.7,0.28,9.0,3.29,6.0
2020-12-18,0.1,2.1,-1.6,-4.5,-2.8,75,0.0,0.0,0.14,0.0,4.51,9.7
2020-12-19,0.7,2.3,-0.7,-3.9,-2.5,75,0.0,0.0,0.0,0.0,4.29,8.9
2020-12-20,2.2,5.3,-0.2,-1.8,1.3,72,0.0,0.0,0.0,0.0,3.47,8.4
2020-12-21,3.5,8.8,-1.9,0.3,5.7,75,0.0,0.0,0.0,0.0,2.65,7.5
2020-12-22,5.2,9.9,1.8,2.2,5.9,73,0.0,0.0,0.0,0.0,4.8,10.0
2020-12-23,4.8,6.9,2.6,1.7,4.8,80,0.0,0.0,0.0,0.0,3.57,7.3
2020-12-24,3.9,7.5,0.2,1.0,4.4,84,0.0,0.0,0.0,0.0,2.66,6.1
2020-12-25,6.0,9.4,3.2,3.1,6.5,80,0.0,0.0,0.0,0.0,4.91,10.1
2020-12-26,5.1,7.2,3.4,2.7,5.0,90,1.5,1.5,0.0,9.0,2.19,4.8
2020-12-27,7.1,11.8,3.2,4.6,8.5,86,0.0,0.0,0.0,0.0,4.9,9.9
2020-12-28,8.6,12.0,4.3,6.9,11.8,94,8.4,8.4,0.0,20.0,4.34,8.2
2020-12-29,3.9,4.9,2.5,-0.8,0.3,87,5.2,4.9,0.21,17.0,6.58,13.2
2020-12-30,0.9,2.4,-0.7,-3.5,-1.9,72,0.6,0.0,0.49,4.0,4.3,9.3
2020-12-31,-0.8,0.2,-1.7,-5.0,-4.1,63,0.0,0.0,0.0,0.0,3.23,6.6
2021-01-01,1.7,5.2,-1.5,-1.7,2.5,67,0.0,0.0,0.0,0.0,2.06,5.6
2021-01-02,4.2,6.6,1.6,0.8,3.0,75,0.0,0.0,0.0,0.0,4.31,9.7
2021-01-03,3.3,4.1,2.0,0.2,1.2,88,1.0,1.0,0.0,9.0,3.42,7.2
2021-01-04,4.1,6.6,1.4,1.4,3.9,87,0.0,0.0,0.0,0.0,2.9,7.1
2021-01-05,2.3,4.0,0.7,-1.2,0.7,90,1.8,1.8,0.0,13.0,3.33,6.8
2021-01-06,0.1,1.2,-1.9,-3.8,-2.3,82,0.7,0.1,0.42,4.0,3.98,7.7
2021-01-07,-3.1,-1.9,-4.9,-8.0,-6.5,85,0.4,0.0,1.33,3.0,4.41,9.1
2021-01-08,-3.1,-1.3,-4.8,-7.8,-5.7,76,0.1,0.0,0.42,1.0,4.22,9.0
2021-01-09,-1.3,0.1,-2.5,-5.5,-4.1,63,0.0,0.0,0.0,0.0,3.11,5.4
2021-01-10,-1.2,-0.2,-2.0,-5.9,-4.9,52,0.0,0.0,0.0,0.0,3.64,7.4
2021-01-11,-0.4,1.7,-2.2,-5.4,-3.7,74,1.4,0.0,1.4,7.0,6.04,11.9
2021-01-12,1.8,10.4,-4.3,-2.4,4.7,60,0.0,0.0,0.0,0.0,4.59,9.9
2021-01-13,4.2,12.2,-1.9,0.5,8.8,58,0.0,0.0,0.0,0.0,2.83,6.8
2021-01-14,5.6,15.0,-1.0,2.5,11.6,68,0.0,0.0,0.0,0.0,3.08,7.9
2021-01-15,7.5,16.1,0.3,4.9,13.8,73,0.0,0.0,0.0,0.0,2.46,5.3
2021-01-16,5.5,8.7,1.6,2.4,6.4,84,5.8,3.5,1.61,18.0,4.12,8.7
2021-01-17,0.5,2.0,-0.8,-3.9,-2.6,84,3.8,0.0,2.73,10.0,4.94,10.2
2021-01-18,2.5,11.2,-3.5,-0.8,7.3,72,0.0,0.0,0.0,0.0,3.26,5.8
2021-01-19,6.1,13.0,0.0,1.6,8.1,65,0.0,0.0,0.0,0.0,7.14,15.0
2021-01-20,6.6,9.6,4.6,4.1,7.8,81,1.5,1.5,0.0,3.0,3.4,8.7
2021-01-21,4.6,6.2,3.2,1.5,3.7,91,3.7,3.7,0.0,12.0,3.41,6.8
2021-01-22,7.2,12.9,4.2,4.6,9.9,77,1.1,1.1,0.0,3.0,2.92,7.7
2021-01-23,7.8,13.8,2.2,4.1,9.0,83,0.0,0.0,0.0,0.0,8.55,17.1
2021-01-24,11.4,13.7,9.9,9.1,12.4,90,5.7,5.7,0.0,17.0,6.43,12.9
2021-01-25,7.1,9.1,5.5,3.7,7.4,88,5.9,5.9,0.0,12.0,5.45,11.0
2021-01-26,5.3,6.3,3.0,2.6,3.7,90,1.1,1.1,0.0,9.0,2.92,6.1
2021-01-27,2.8,4.7,1.4,-0.5,1.3,96,3.6,3.6,0.0,16.0,3.91,7.8
2021-01-28,5.9,8.7,3.5,2.6,5.2,76,0.0,0.0,0.0,0.0,3.75,8.3
2021-01-29,6.0,8.2,4.0,2.9,5.8,75,0.6,0.6,0.0,4.0,5.04,10.6
2021-01-30,4.7,6.2,3.3,2.3,4.1,93,1.9,1.9,0.0,14.0,2.42,4.4
2021-01-31,4.5,5.1,3.7,2.2,3.3,99,7.2,7.2,0.0,23.0,2.52,3.9
2021-02-01,6.5,10.2,3.7,4.3,8.6,90,3.1,3.1,0.0,8.0,2.94,6.1
2021-02-02,6.8,7.6,5.8,4.7,5.6,95,6.9,6.9,0.0,13.0,2.83,5.8
2021-02-03,7.8,11.8,5.5,6.3,11.0,96,3.5,3.5,0.0,14.0,2.5,6.3
2021-02-04,10.3,15.3,6.9,8.7,13.4,92,10.8,10.8,0.0,21.0,6.22,13.0
2021-02-05,8.2,10.1,6.2,5.5,8.2,88,4.0,4.0,0.0,10.0,4.5,8.1
2021-02-06,10.5,15.5,7.5,8.9,13.7,89,2.1,2.1,0.0,13.0,5.54,11.6
2021-02-07,9.0,11.7,7.6,7.5,11.5,93,3.8,3.8,0.0,16.0,3.2,9.4
2021-02-08,8.2,8.9,7.3,6.2,7.4,92,10.0,10.0,0.0,24.0,3.45,6.7
2021-02-09,6.5,7.3,5.5,4.4,5.3,96,8.9,8.9,0.0,23.0,2.91,5.5
2021-02-10,7.7,10.2,5.7,5.5,8.1,88,3.7,3.7,0.0,8.0,4.08,8.2
2021-02-11,7.3,10.5,4.9,5.3,8.8,88,0.0,0.0,0.0,0.0,2.48,5.6
2021-02-12,9.7,15.0,6.6,8.2,13.2,80,0.0,0.0,0.0,0.0,2.27,5.4
2021-02-13,9.3,12.5,6.6,7.4,11.5,89,1.6,1.6,0.0,5.0,3.73,8.1
2021-02-14,11.3,18.6,5.9,9.5,15.6,81,0.0,0.0,0.0,0.0,4.9,10.3
2021-02-15,11.3,12.9,8.9,9.4,11.8,88,7.4,7.4,0.0,9.0,4.52,9.1
2021-02-16,8.3,9.9,6.3,5.4,6.9,84,3.7,3.7,0.0,8.0,5.25,9.7
2021-02-17,8.6,12.5,6.5,5.9,8.7,70,0.0,0.0,0.0,0.0,2.83,6.9
2021-02-18,7.8,10.4,6.3,5.3,7.6,66,0.3,0.3,0.0,2.0,1.91,4.8
2021-02-19,9.4,13.7,6.6,7.6,12.0,70,0.0,0.0,0.0,0.0,1.6,5.0
2021-02-20,11.0,17.0,6.2,8.9,14.6,77,0.1,0.1,0.0,1.0,4.43,9.1
2021-02-21,12.6,17.3,9.4,11.3,16.2,83,0.0,0.0,0.0,0.0,3.67,8.6
2021-02-22,13.4,21.6,7.8,12.3,19.9,81,0.0,0.0,0.0,0.0,3.09,6.7
2021-02-23,15.4,21.2,10.5,13.8,18.6,78,0.6,0.6,0.0,4.0,5.95,12.1
2021-02-24,16.7,20.3,13.8,14.1,17.2,77,0.8,0.8,0.0,4.0,8.51,17.4
2021-02-25,15.1,20.0,7.0,14.3,20.7,88,13.5,13.5,0.0,22.0,5.81,11.6
2021-02-26,6.2,8.0,4.3,3.1,5.4,91,4.8,4.8,0.0,8.0,4.13,8.6
2021-02-27,5.7,8.4,3.2,2.8,5.6,91,0.1,0.1,0.0,1.0,4.92,10.2
2021-02-28,10.0,13.8,7.7,7.7,11.9,95,8.1,8.1,0.0,23.0,5.92,13.5
2021-03-01,6.3,7.6,4.9,2.0,3.6,83,2.0,2.0,0.0,6.0,6.43,13.0
2021-03-02,5.8,8.0,4.4,2.5,5.0,77,0.2,0.2,0.0,2.0,3.81,7.8
2021-03-03,6.0,9.1,3.4,3.7,7.5,85,0.9,0.9,0.0,6.0,2.95,6.9
2021-03-04,8.8,12.1,6.2,6.9,9.2,89,0.2,0.2,0.0,2.0,4.5,12.4
2021-03-05,9.0,10.6,7.1,7.4,9.0,93,2.5,2.5,0.0,9.0,2.66,5.7
2021-03-06,10.1,12.4,7.5,8.0,10.0,84,3.0,3.0,0.0,4.0,3.77,8.3
2021-03-07,8.4,10.7,6.7,6.0,8.3,87,0.3,0.3,0.0,2.0,3.89,8.0
2021-03-08,7.0,9.4,5.4,5.0,7.4,95,2.6,2.6,0.0,8.0,2.56,6.2
2021-03-09,6.7,8.1,5.7,4.6,6.4,98,9.0,9.0,0.0,19.0,2.83,10.8
2021-03-10,6.5,8.9,5.2,4.6,7.4,98,7.4,7.4,0.0,17.0,2.55,9.0
2021-03-11,9.1,12.4,6.2,7.8,11.7,91,0.8,0.8,0.0,3.0,1.96,3.9
2021-03-12,10.4,12.3,8.3,9.5,11.6,95,2.2,2.2,0.0,8.0,2.15,5.8
2021-03-13,12.7,17.3,9.4,12.3,17.4,90,0.0,0.0,0.0,0.0,2.33,4.7
2021-03-14,16.2,20.7,12.8,14.0,17.2,83,0.4,0.4,0.0,3.0,9.49,18.8
2021-03-15,18.2,23.2,14.7,17.4,22.7,75,0.8,0.8,0.0,6.0,5.54,10.3
2021-03-16,18.5,22.3,15.7,18.1,21.5,80,1.6,1.6,0.0,7.0,5.44,12.8
2021-03-17,20.4,25.8,17.1,19.6,24.9,77,1.9,1.9,0.0,9.0,6.77,14.3
2021-03-18,21.0,26.5,17.1,20.3,26.1,74,0.6,0.6,0.0,5.0,6.22,12.6
2021-03-19,20.2,26.5,12.7,19.8,26.4,76,7.5,7.5,0.0,7.0,6.62,13.2
2021-03-20,9.8,12.5,5.8,7.3,11.1,90,14.4,14.4,0.0,23.0,4.77,9.0
2021-03-21,5.3,6.0,4.6,1.3,2.3,85,3.9,3.9,0.0,14.0,4.92,10.0
2021-03-22,6.9,10.1,3.8,3.8,7.0,69,0.0,0.0,0.0,0.0,3.83,7.4
2021-03-23,10.0,17.0,6.0,8.0,15.4,68,0.0,0.0,0.0,0.0,2.9,7.2
2021-03-24,12.9,20.8,6.0,10.6,18.6,73,0.0,0.0,0.0,0.0,5.9,13.1
2021-03-25,13.6,15.9,12.5,11.7,12.9,86,2.2,2.2,0.0,10.0,6.34,14.8
2021-03-26,15.2,21.1,12.3,13.8,21.1,85,5.5,5.5,0.0,17.0,5.58,13.9
2021-03-27,13.6,19.5,10.6,12.2,18.8,79,2.3,2.3,0.0,12.0,3.81,7.7
2021-03-28,16.5,22.3,11.0,15.6,20.8,80,0.7,0.7,0.0,5.0,6.01,13.0
2021-03-29,21.7,28.1,16.6,21.4,27.7,70,0.0,0.0,0.0,0.0,6.18,12.2
2021-03-30,21.6,27.5,16.0,21.2,24.9,64,0.0,0.0,0.0,0.0,7.32,15.3
2021-03-31,21.3,27.6,15.2,20.7,26.4,60,0.0,0.0,0.0,0.0,6.13,13.7
2021-04-01,18.6,23.7,14.7,19.1,25.4,79,1.9,1.9,0.0,3.0,4.52,10.0
2021-04-02,13.7,16.8,10.7,12.8,17.0,91,8.8,8.8,0.0,20.0,5.25,10.9
2021-04-03,12.1,14.4,10.2,10.2,12.9,87,5.6,5.6,0.0,15.0,4.03,12.2
2021-04-04,8.5,10.0,7.3,6.4,7.8,94,2.8,2.8,0.0,14.0,3.61,7.1
2021-04-05,8.8,10.2,7.7,7.4,9.5,96,2.9,2.9,0.0,12.0,2.48,4.9
2021-04-06,11.8,13.0,10.1,11.3,13.3,99,20.5,20.5,0.0,21.0,2.77,8.7
2021-04-07,12.9,16.2,10.1,11.8,14.8,87,6.7,6.7,0.0,8.0,3.67,7.7
2021-04-08,10.4,11.5,8.5,8.9,10.8,93,2.5,2.5,0.0,9.0,3.22,6.3
2021-04-09,9.3,11.5,7.6,7.3,9.4,88,0.0,0.0,0.0,0.0,3.14,6.7
2021-04-10,10.0,12.6,8.1,8.8,11.7,96,2.7,2.7,0.0,10.0,2.66,6.0
2021-04-11,10.8,13.0,9.7,10.2,13.4,98,5.9,5.9,0.0,24.0,2.72,5.5
2021-04-12,11.5,14.0,9.0,10.3,13.4,92,4.3,4.3,0.0,12.0,3.21,5.6
2021-04-13,12.5,14.9,10.6,11.7,14.6,93,7.2,7.2,0.0,17.0,3.0,5.9
2021-04-14,11.9,13.6,10.5,10.7,12.6,94,17.8,17.8,0.0,17.0,3.31,10.8
2021-04-15,12.4,14.3,10.9,11.8,13.8,94,6.4,6.4,0.0,3.0,2.77,6.7
2021-04-16,13.0,15.0,11.7,12.0,13.5,92,6.9,6.9,0.0,8.0,4.04,8.3
2021-04-17,12.4,13.8,11.3,11.5,12.7,93,10.2,10.2,0.0,21.0,3.18,6.9
2021-04-18,12.0,13.6,11.0,11.6,13.4,98,8.9,8.9,0.0,16.0,2.79,7.0
2021-04-19,13.8,17.7,10.8,13.3,17.1,95,1.0,1.0,0.0,6.0,5.1,10.0
2021-04-20,16.1,18.9,14.5,16.5,20.2,93,8.3,8.3,0.0,16.0,3.36,7.3
2021-04-21,16.8,20.6,13.8,17.4,21.8,89,7.8,7.8,0.0,11.0,3.62,7.5
2021-04-22,21.0,27.7,15.6,21.4,27.3,78,0.9,0.9,0.0,7.0,6.65,13.4
2021-04-23,22.7,26.3,20.6,22.1,25.3,76,0.8,0.8,0.0,6.0,8.01,16.8
2021-04-24,20.9,23.5,16.5,22.0,24.5,85,5.7,5.7,0.0,17.0,5.26,12.1
2021-04-25,12.7,16.2,10.7,11.2,15.6,92,15.3,15.3,0.0,20.0,4.37,8.8
2021-04-26,13.3,16.3,10.6,12.4,16.3,89,5.0,5.0,0.0,9.0,4.06,8.0
2021-04-27,15.0,19.0,12.0,14.3,18.4,82,3.1,3.1,0.0,4.0,3.11,7.2
2021-04-28,13.9,16.2,12.3,13.2,14.5,86,3.5,3.5,0.0,7.0,4.22,8.5
2021-04-29,17.5,25.8,11.4,17.3,25.0,71,0.0,0.0,0.0,0.0,3.61,7.9
2021-04-30,19.6,27.7,12.3,18.7,27.9,63,0.0,0.0,0.0,0.0,5.1,11.3
2021-05-01,21.9,29.3,15.6,22.0,31.4,63,0.2,0.2,0.0,1.0,4.68,9.4
2021-05-02,22.2,27.3,18.4,22.4,28.7,74,1.8,1.8,0.0,7.0,6.32,14.8
2021-05-03,22.2,27.5,18.2,22.4,28.0,76,7.7,7.7,0.0,11.0,7.75,15.4
2021-05-04,18.0,20.6,15.4,18.5,21.3,87,12.4,12.4,0.0,16.0,3.57,10.6
2021-05-05,15.5,17.3,13.4,15.2,16.9,85,2.1,2.1,0.0,5.0,3.2,7.8
2021-05-06,16.5,19.9,14.7,17.1,21.2,90,3.9,3.9,0.0,13.0,3.0,8.2
2021-05-07,16.4,18.4,14.4,16.7,18.5,89,14.0,14.0,0.0,19.0,3.21,8.4
2021-05-08,19.2,25.8,14.2,20.1,26.4,76,1.6,1.6,0.0,4.0,2.47,6.6
2021-05-09,21.3,27.6,15.7,22.3,29.7,79,0.9,0.9,0.0,5.0,5.04,11.5
2021-05-10,22.6,28.2,18.5,23.0,28.7,76,0.2,0.2,0.0,2.0,7.26,14.9
2021-05-11,20.8,24.2,18.1,22.5,26.9,82,3.5,3.5,0.0,10.0,3.37,8.6
2021-05-12,21.1,26.8,17.7,22.9,29.0,83,38.7,38.7,0.0,17.0,3.85,8.6
2021-05-13,22.3,27.4,18.3,22.7,27.6,79,9.3,9.3,0.0,9.0,7.45,14.9
2021-05-14,24.1,28.9,20.2,23.2,27.3,72,0.0,0.0,0.0,0.0,10.18,20.1
2021-05-15,25.1,30.8,19.9,25.4,30.6,68,7.6,7.6,0.0,6.0,8.32,18.3
2021-05-16,19.0,22.4,16.8,18.4,21.5,76,5.2,5.2,0.0,5.0,5.68,11.9
2021-05-17,16.5,17.9,14.9,16.4,17.6,86,4.6,4.6,0.0,11.0,3.96,7.5
2021-05-18,15.9,18.7,13.7,15.9,18.9,87,4.7,4.7,0.0,7.0,3.13,6.2
2021-05-19,16.3,19.3,14.0,16.6,19.1,90,6.2,6.2,0.0,16.0,4.42,9.2
2021-05-20,17.3,20.1,15.7,18.1,20.5,86,4.2,4.2,0.0,6.0,2.41,5.1
2021-05-21,18.2,21.1,16.1,19.5,22.9,92,4.4,4.4,0.0,18.0,3.31,8.2
2021-05-22,16.8,18.2,15.0,17.6,19.9,97,9.9,9.9,0.0,17.0,3.01,8.3
2021-05-23,16.5,18.3,14.7,16.0,18.1,90,25.1,25.1,0.0,11.0,5.69,13.2
2021-05-24,14.9,16.4,13.8,14.5,16.6,90,1.0,1.0,0.0,4.0,3.6,7.8
2021-05-25,18.5,23.5,13.8,18.9,22.9,85,0.0,0.0,0.0,0.0,6.21,12.4
2021-05-26,18.2,20.3,16.1,18.1,22.2,87,5.7,5.7,0.0,13.0,5.63,12.5
2021-05-27,18.7,23.7,15.1,19.6,25.2,76,7.6,7.6,0.0,10.0,1.92,5.5
2021-05-28,19.2,22.3,17.3,20.7,24.7,88,5.5,5.5,0.0,15.0,3.72,9.1
2021-05-29,17.0,19.3,15.2,17.7,19.5,89,14.7,14.7,0.0,22.0,3.32,8.1
2021-05-30,19.7,25.6,16.4,20.4,26.3,74,11.2,11.2,0.0,13.0,2.82,6.2
2021-05-31,18.9,22.0,16.5,20.0,23.1,81,4.7,4.7,0.0,13.0,2.5,6.5
2021-06-01,18.4,21.2,16.0,20.2,22.9,90,13.7,13.7,0.0,15.0,1.91,7.1
2021-06-02,20.0,22.4,17.9,22.4,25.7,93,6.9,6.9,0.0,11.0,3.18,7.2
2021-06-03,18.4,20.8,14.8,18.5,24.0,88,8.7,8.7,0.0,10.0,7.79,16.2
2021-06-04,17.8,23.3,14.3,16.9,22.3,68,0.8,0.8,0.0,2.0,4.28,8.8
2021-06-05,19.9,28.8,12.3,20.1,29.3,61,0.0,0.0,0.0,0.0,2.73,4.3
2021-06-06,21.5,30.2,13.5,21.2,30.2,58,0.0,0.0,0.0,0.0,3.65,8.0
2021-06-07,21.6,27.4,16.3,22.2,30.6,63,0.0,0.0,0.0,0.0,3.4,7.1
2021-06-08,22.5,27.3,18.6,24.2,30.0,70,0.0,0.0,0.0,0.0,1.82,6.6
2021-06-09,22.3,26.5,18.9,24.2,28.6,77,5.9,5.9,0.0,7.0,3.21,8.6
2021-06-10,18.2,20.3,16.6,19.8,23.0,95,29.0,29.0,0.0,24.0,3.51,8.6
2021-06-11,19.4,21.7,17.6,22.1,25.1,96,9.2,9.2,0.0,14.0,1.86,5.5
2021-06-12,23.1,27.7,19.2,25.6,29.5,82,2.3,2.3,0.0,7.0,4.37,9.2
2021-06-13,23.6,27.7,20.9,24.8,28.5,80,0.3,0.3,0.0,2.0,7.03,13.8
2021-06-14,23.8,27.7,20.7,24.1,27.5,77,0.0,0.0,0.0,0.0,8.91,16.1
2021-06-15,24.2,27.3,21.7,25.3,28.3,78,0.0,0.0,0.0,0.0,6.77,12.6
2021-06-16,25.0,28.5,22.4,27.1,30.5,80,2.3,2.3,0.0,9.0,6.35,11.6
2021-06-17,26.1,30.5,22.9,28.6,33.8,78,1.9,1.9,0.0,6.0,6.22,12.7
2021-06-18,25.4,29.6,21.6,28.5,33.3,80,10.8,10.8,0.0,15.0,4.4,10.7
2021-06-19,21.5,25.1,18.3,23.4,27.8,82,8.7,8.7,0.0,11.0,2.85,12.4
2021-06-20,21.4,24.9,18.7,23.2,27.5,79,13.5,13.5,0.0,11.0,2.71,8.0
2021-06-21,21.3,23.6,18.2,22.5,24.2,76,2.2,2.2,0.0,6.0,4.01,8.6
2021-06-22,21.6,27.1,17.1,23.0,28.6,73,0.0,0.0,0.0,0.0,2.2,6.4
2021-06-23,22.6,26.7,18.3,24.9,30.3,81,1.1,1.1,0.0,4.0,4.2,8.7
2021-06-24,23.0,27.0,20.6,25.4,29.5,82,2.7,2.7,0.0,8.0,4.12,8.2
2021-06-25,23.3,26.8,20.9,26.1,29.4,84,2.1,2.1,0.0,10.0,3.67,8.5
2021-06-26,24.4,28.7,21.5,26.6,30.1,80,0.7,0.7,0.0,4.0,5.54,11.4
2021-06-27,24.5,28.1,22.2,27.8,32.5,83,12.3,12.3,0.0,12.0,4.22,8.9
2021-06-28,22.4,24.6,20.9,25.9,27.9,88,37.1,37.1,0.0,19.0,1.75,5.6
2021-06-29,21.5,23.0,20.6,24.9,26.1,94,22.0,22.0,0.0,23.0,3.11,6.4
2021-06-30,21.9,24.3,20.6,25.6,28.2,95,23.8,23.8,0.0,21.0,1.64,4.9
2021-07-01,22.4,25.8,20.9,26.1,30.1,91,32.6,32.6,0.0,23.0,2.34,7.3
2021-07-02,22.4,25.4,20.5,26.2,29.3,92,29.5,29.5,0.0,23.0,2.13,8.5
2021-07-03,22.5,25.4,20.0,25.3,28.4,85,3.8,3.8,0.0,7.0,3.52,6.5
2021-07-04,23.2,26.4,20.3,26.0,28.9,87,1.5,1.5,0.0,7.0,4.7,9.4
2021-07-05,23.4,25.8,21.5,25.9,28.4,87,3.8,3.8,0.0,10.0,5.63,13.0
2021-07-06,24.0,28.0,21.3,26.2,30.8,81,0.5,0.5,0.0,3.0,6.08,12.7
2021-07-07,25.0,30.7,20.7,27.3,32.8,75,0.0,0.0,0.0,0.0,4.74,10.7
2021-07-08,23.4,26.4,21.0,24.8,27.8,82,0.6,0.6,0.0,4.0,5.9,12.8
2021-07-09,23.5,27.2,20.3,24.3,27.6,80,0.2,0.2,0.0,1.0,7.62,14.9
2021-07-10,24.7,29.1,21.4,24.4,29.1,71,0.0,0.0,0.0,0.0,9.36,18.8
2021-07-11,24.9,28.9,21.5,24.4,28.8,70,0.0,0.0,0.0,0.0,9.6,18.4
2021-07-12,25.6,30.7,21.9,26.0,31.8,69,0.3,0.3,0.0,1.0,8.45,16.4
2021-07-13,25.5,29.8,22.5,26.6,31.6,73,1.0,1.0,0.0,5.0,6.93,14.5
2021-07-14,26.0,30.2,23.2,26.8,30.7,72,0.1,0.1,0.0,1.0,7.72,15.6
2021-07-15,25.7,29.0,23.3,26.0,29.2,70,0.0,0.0,0.0,0.0,8.79,17.3
2021-07-16,25.4,29.8,21.7,26.9,31.8,70,0.6,0.6,0.0,2.0,6.02,13.7
2021-07-17,23.3,27.6,20.2,26.5,31.2,82,11.3,11.3,0.0,10.0,2.2,9.9
2021-07-18,21.9,25.2,19.9,24.8,27.9,89,20.3,20.3,0.0,19.0,3.14,7.3
2021-07-19,22.7,26.5,19.1,25.4,30.0,81,0.0,0.0,0.0,0.0,2.86,7.0
2021-07-20,23.3,28.4,19.7,25.9,30.9,79,4.4,4.4,0.0,6.0,2.75,6.9
2021-07-21,23.9,29.1,20.1,27.1,33.6,80,9.8,9.8,0.0,14.0,3.26,7.5
2021-07-22,23.1,26.6,20.5,26.0,28.8,84,11.7,11.7,0.0,11.0,3.83,8.4
2021-07-23,22.6,25.7,21.0,25.6,28.2,85,4.4,4.4,0.0,7.0,2.4,8.3
2021-07-24,23.7,28.7,20.4,26.3,31.9,77,0.4,0.4,0.0,1.0,3.8,7.6
2021-07-25,22.7,27.1,20.0,25.3,29.6,81,9.7,9.7,0.0,13.0,3.55,7.4
2021-07-26,23.5,29.3,18.6,26.2,33.1,76,0.5,0.5,0.0,3.0,2.3,5.5
2021-07-27,24.0,29.2,19.8,26.6,31.0,73,0.6,0.6,0.0,4.0,3.36,6.8
2021-07-28,23.7,28.5,20.0,26.7,32.9,80,1.4,1.4,0.0,5.0,3.4,7.4
2021-07-29,24.6,28.9,20.7,27.8,32.9,78,4.9,4.9,0.0,9.0,2.89,6.7
2021-07-30,25.1,31.2,20.8,28.1,34.5,72,0.1,0.1,0.0,1.0,2.56,6.4
2021-07-31,24.6,29.4,20.8,27.1,32.4,73,0.0,0.0,0.0,0.0,3.71,7.5
2021-08-01,25.3,31.2,20.8,27.9,34.1,68,0.1,0.1,0.0,1.0,2.87,8.2
2021-08-02,26.1,33.3,20.6,28.3,34.2,64,0.0,0.0,0.0,0.0,3.62,9.3
2021-08-03,26.1,31.8,20.8,28.3,35.1,63,0.0,0.0,0.0,0.0,2.91,7.3
2021-08-04,25.9,32.1,20.8,28.4,34.6,69,0.0,0.0,0.0,0.0,3.76,9.7
2021-08-05,25.9,31.8,20.5,28.4,34.3,66,0.2,0.2,0.0,1.0,4.13,9.5
2021-08-06,26.4,31.9,21.6,29.6,36.0,70,0.7,0.7,0.0,5.0,2.69,5.6
2021-08-07,27.3,33.7,22.6,29.9,35.8,65,0.3,0.3,0.0,2.0,4.23,9.4
2021-08-08,26.6,31.5,23.3,29.5,33.6,73,5.8,5.8,0.0,8.0,5.05,10.9
2021-08-09,24.2,26.4,22.7,27.4,28.9,80,2.9,2.9,0.0,10.0,2.44,6.7
2021-08-10,25.5,30.7,21.4,28.4,33.2,70,0.3,0.3,0.0,2.0,1.77,5.6
2021-08-11,23.4,26.0,21.5,26.9,30.0,88,24.6,24.6,0.0,23.0,3.14,7.6
2021-08-12,24.0,27.4,21.7,26.9,30.2,83,7.4,7.4,0.0,15.0,3.82,9.8
2021-08-13,22.2,23.8,20.1,25.3,27.1,92,31.9,31.9,0.0,23.0,3.5,7.9
2021-08-14,19.5,20.2,18.1,21.4,22.2,96,33.5,33.5,0.0,20.0,3.58,7.6
2021-08-15,19.3,21.0,17.2,21.4,23.7,97,15.6,15.6,0.0,16.0,3.11,6.7
2021-08-16,22.5,26.4,19.7,24.5,27.4,88,2.6,2.6,0.0,11.0,6.0,12.1
2021-08-17,23.5,26.9,21.5,25.4,28.8,85,0.7,0.7,0.0,4.0,5.63,12.6
2021-08-18,23.9,29.1,21.3,26.0,31.5,81,5.0,5.0,0.0,13.0,4.85,10.0
2021-08-19,24.4,29.2,21.2,26.6,31.4,79,1.8,1.8,0.0,9.0,4.95,10.4
2021-08-20,25.2,29.4,21.9,27.3,31.3,77,0.0,0.0,0.0,0.0,5.7,11.4
2021-08-21,25.7,30.0,22.5,27.7,32.1,77,0.0,0.0,0.0,0.0,6.02,12.6
2021-08-22,25.8,29.8,23.3,27.2,30.3,75,0.0,0.0,0.0,0.0,7.67,15.1
2021-08-23,24.6,27.6,22.7,27.8,30.8,84,6.7,6.7,0.0,13.0,4.1,9.1
2021-08-24,21.9,23.7,20.5,25.0,27.0,88,75.6,75.6,0.0,22.0,1.88,6.6
2021-08-25,22.7,26.0,20.0,24.7,27.8,85,3.9,3.9,0.0,7.0,5.82,12.2
2021-08-26,21.3,24.8,17.8,22.6,27.3,84,3.7,3.7,0.0,14.0,5.02,10.4
2021-08-27,19.5,23.2,17.0,21.2,25.4,87,5.7,5.7,0.0,15.0,3.36,8.2
2021-08-28,22.8,26.7,20.1,23.3,26.5,79,0.2,0.2,0.0,2.0,7.42,14.6
2021-08-29,22.8,27.0,19.6,23.4,28.1,78,0.2,0.2,0.0,1.0,6.92,12.9
2021-08-30,23.3,27.6,20.1,23.6,27.6,75,0.0,0.0,0.0,0.0,7.67,13.8
2021-08-31,24.3,29.2,20.7,25.4,30.1,74,0.0,0.0,0.0,0.0,5.87,12.2
2021-09-01,24.2,28.3,20.7,26.4,30.2,74,0.8,0.8,0.0,6.0,3.96,8.4
2021-09-02,24.0,28.7,20.3,25.9,30.0,75,0.1,0.1,0.0,1.0,4.57,9.2
2021-09-03,24.3,28.9,21.2,25.2,28.8,75,0.1,0.1,0.0,1.0,7.09,13.8
2021-09-04,24.4,28.6,21.6,25.6,29.7,74,0.0,0.0,0.0,0.0,6.72,12.2
2021-09-05,24.4,29.5,21.1,26.2,30.3,74,0.8,0.8,0.0,4.0,5.42,11.5
2021-09-06,22.0,27.3,18.3,23.3,30.6,80,6.3,6.3,0.0,5.0,5.77,12.5
2021-09-07,20.3,24.0,17.8,20.4,23.9,75,0.0,0.0,0.0,0.0,4.71,10.1
2021-09-08,21.0,26.2,17.4,22.8,28.1,79,0.1,0.1,0.0,1.0,2.24,5.2
2021-09-09,21.6,26.8,18.0,24.2,29.5,82,2.9,2.9,0.0,7.0,2.69,5.9
2021-09-10,22.6,28.5,18.7,25.5,32.6,81,5.9,5.9,0.0,8.0,2.24,5.2
2021-09-11,24.0,30.5,18.6,26.2,32.5,77,0.0,0.0,0.0,0.0,4.61,9.6
2021-09-12,22.5,27.3,19.9,25.2,30.5,85,14.8,14.8,0.0,14.0,3.32,8.4
2021-09-13,21.5,25.6,19.2,24.0,27.6,87,13.2,13.2,0.0,17.0,3.3,7.5
2021-09-14,22.4,27.7,18.6,24.6,31.1,83,2.0,2.0,0.0,5.0,4.26,9.6
2021-09-15,22.9,27.3,19.7,24.5,28.8,80,0.5,0.5,0.0,3.0,5.43,11.5
2021-09-16,22.7,26.7,20.5,24.7,28.2,82,13.7,13.7,0.0,10.0,4.37,9.6
2021-09-17,21.1,24.3,18.9,24.2,27.0,92,18.0,18.0,0.0,19.0,3.1,7.5
2021-09-18,23.0,26.9,20.5,24.2,27.1,83,1.5,1.5,0.0,8.0,7.5,15.1
2021-09-19,19.5,21.9,17.1,20.5,23.4,88,31.7,31.7,0.0,15.0,5.16,10.9
2021-09-20,19.7,26.3,14.9,20.7,27.8,77,0.0,0.0,0.0,0.0,3.1,7.8
2021-09-21,21.6,29.2,15.7,22.8,30.7,74,0.0,0.0,0.0,0.0,3.9,9.0
2021-09-22,22.6,27.6,18.4,23.4,28.5,76,0.6,0.6,0.0,2.0,5.66,12.8
2021-09-23,23.1,27.3,19.9,23.4,27.0,76,0.1,0.1,0.0,1.0,7.12,14.6
2021-09-24,23.1,27.3,20.0,23.2,27.2,75,0.0,0.0,0.0,0.0,7.3,15.1
2021-09-25,23.1,27.6,20.1,22.8,26.8,74,0.0,0.0,0.0,0.0,7.98,15.5
2021-09-26,23.4,28.4,19.8,23.8,28.3,73,0.0,0.0,0.0,0.0,6.89,14.0
2021-09-27,22.8,28.6,17.9,24.0,30.3,74,0.0,0.0,0.0,0.0,4.92,10.3
2021-09-28,22.2,28.5,18.7,23.8,31.5,78,7.1,7.1,0.0,3.0,3.83,9.2
2021-09-29,20.7,27.4,16.0,21.5,28.6,72,0.0,0.0,0.0,0.0,2.75,6.5
2021-09-30,21.7,28.6,16.7,22.7,30.3,71,0.1,0.1,0.0,1.0,2.73,6.8
2021-10-01,23.0,30.0,17.3,24.4,31.7,73,0.0,0.0,0.0,0.0,3.58,7.3
2021-10-02,23.6,29.0,19.6,24.6,29.9,73,0.0,0.0,0.0,0.0,5.81,12.3
2021-10-03,22.8,26.5,19.9,21.8,25.1,71,0.0,0.0,0.0,0.0,9.09,18.3
2021-10-04,23.0,27.1,20.3,21.9,26.1,70,0.0,0.0,0.0,0.0,9.26,17.9
2021-10-05,23.0,28.2,19.2,23.1,27.8,72,0.0,0.0,0.0,0.0,6.13,13.5
2021-10-06,22.7,27.8,18.6,23.9,28.7,74,0.2,0.2,0.0,2.0,4.73,10.4
2021-10-07,19.1,20.4,17.1,20.3,21.7,89,4.9,4.9,0.0,15.0,4.1,8.8
2021-10-08,17.8,22.7,14.9,17.4,22.9,75,0.0,0.0,0.0,0.0,3.49,8.6
2021-10-09,17.2,19.8,15.0,16.8,18.9,88,3.3,3.3,0.0,7.0,5.37,10.9
2021-10-10,16.6,17.3,15.1,16.4,17.3,99,30.0,30.0,0.0,24.0,5.35,10.5
2021-10-11,13.5,15.1,11.8,12.2,14.5,95,2.3,2.3,0.0,5.0,4.86,10.8
2021-10-12,12.3,14.1,10.6,10.6,12.1,90,0.0,0.0,0.0,0.0,4.9,8.9
2021-10-13,14.1,15.3,13.1,11.9,13.1,89,0.0,0.0,0.0,0.0,6.31,12.9
2021-10-14,14.5,15.0,14.0,13.5,14.6,99,7.0,7.0,0.0,14.0,5.47,10.5
2021-10-15,14.1,15.4,11.9,13.1,14.3,96,2.6,2.6,0.0,14.0,5.02,10.1
2021-10-16,11.1,11.8,9.8,8.5,9.7,93,1.1,1.1,0.0,7.0,5.3,11.6
2021-10-17,9.6,10.6,8.5,7.3,8.5,89,0.0,0.0,0.0,0.0,4.43,9.4
2021-10-18,11.9,16.6,8.4,11.0,16.3,87,0.3,0.3,0.0,3.0,2.58,5.7
2021-10-19,14.5,17.3,11.8,14.3,17.4,95,5.2,5.2,0.0,16.0,4.8,10.8
2021-10-20,10.7,15.7,8.9,9.2,17.1,98,14.9,14.9,0.0,24.0,4.3,8.8
2021-10-21,9.6,10.9,8.8,7.8,9.2,97,4.8,4.8,0.0,11.0,3.5,7.9
2021-10-22,8.3,9.2,6.2,5.9,6.9,88,8.0,8.0,0.0,14.0,3.47,7.9
2021-10-23,9.9,14.8,6.3,8.1,13.4,74,0.0,0.0,0.0,0.0,2.34,5.7
2021-10-24,12.0,17.5,7.4,10.5,16.7,75,0.0,0.0,0.0,0.0,2.33,7.2
2021-10-25,13.5,17.0,10.6,11.8,14.8,66,0.0,0.0,0.0,0.0,3.4,7.2
2021-10-26,12.3,13.2,10.7,10.6,11.6,77,0.0,0.0,0.0,0.0,3.75,7.8
2021-10-27,12.6,14.8,11.1,11.3,13.6,81,0.0,0.0,0.0,0.0,2.56,5.9
2021-10-28,11.1,12.0,10.4,10.1,11.1,93,0.5,0.5,0.0,4.0,2.39,4.8
2021-10-29,10.9,12.4,9.7,9.7,11.5,96,4.2,4.2,0.0,10.0,3.6,9.7
2021-10-30,12.8,16.0,10.5,12.0,15.1,85,0.4,0.4,0.0,3.0,2.56,5.4
2021-10-31,11.6,12.3,10.7,10.8,11.6,97,11.1,11.1,0.0,16.0,2.83,8.0
2021-11-01,11.6,12.7,11.0,10.9,12.1,96,2.6,2.6,0.0,12.0,2.68,4.9
2021-11-02,12.1,14.1,10.7,11.2,13.3,93,1.4,1.4,0.0,7.0,3.11,5.6
2021-11-03,13.4,15.8,11.5,13.2,15.4,96,3.8,3.8,0.0,8.0,3.61,7.5
2021-11-04,15.9,19.9,12.3,15.8,18.8,92,7.1,7.1,0.0,16.0,6.15,12.7
2021-11-05,16.4,19.4,12.7,17.3,20.3,91,5.6,5.6,0.0,13.0,2.8,8.0
2021-11-06,15.4,17.0,13.1,15.6,17.9,94,8.9,8.9,0.0,19.0,4.43,8.0
2021-11-07,7.2,14.5,3.8,2.7,13.9,84,6.2,6.2,0.0,7.0,8.25,16.8
2021-11-08,6.9,11.9,3.3,3.1,8.9,62,0.0,0.0,0.0,0.0,5.47,10.6
2021-11-09,7.2,9.5,5.1,3.9,5.3,70,0.0,0.0,0.0,0.0,4.46,9.1
2021-11-10,8.4,15.0,3.7,5.8,12.9,68,0.0,0.0,0.0,0.0,2.56,6.1
2021-11-11,8.4,10.7,6.8,6.0,8.3,75,0.0,0.0,0.0,0.0,3.67,7.3
2021-11-12,6.7,8.3,5.1,3.6,5.4,81,3.3,3.3,0.0,12.0,4.13,9.1
2021-11-13,6.7,10.8,4.1,3.8,7.5,74,0.0,0.0,0.0,0.0,2.6,5.5
2021-11-14,7.9,11.9,4.9,5.8,9.6,76,0.0,0.0,0.0,0.0,2.56,5.8
2021-11-15,9.2,10.8,7.6,7.7,9.6,85,0.1,0.1,0.0,1.0,2.25,4.8
2021-11-16,8.0,9.8,5.8,5.9,8.7,97,8.2,8.2,0.0,24.0,3.71,6.8
2021-11-17,7.3,10.5,4.8,4.1,7.6,85,0.9,0.9,0.0,4.0,4.9,9.9
2021-11-18,8.9,16.2,3.1,6.8,13.7,85,0.0,0.0,0.0,0.0,4.71,9.8
2021-11-19,10.4,11.7,8.5,9.7,11.2,95,0.3,0.3,0.0,3.0,2.06,4.5
2021-11-20,10.4,11.6,9.2,9.2,10.6,98,7.0,7.0,0.0,16.0,4.34,7.2
2021-11-21,8.2,9.1,5.6,5.3,6.7,97,9.3,9.3,0.0,20.0,5.41,10.8
2021-11-22,4.6,5.8,3.2,1.4,2.8,93,6.1,5.9,0.14,12.0,5.53,11.0
2021-11-23,6.1,9.1,3.9,3.2,5.7,81,0.0,0.0,0.0,0.0,3.13,7.3
2021-11-24,7.5,12.1,4.1,5.5,9.7,83,0.5,0.5,0.0,2.0,2.09,4.8
2021-11-25,8.3,14.8,3.5,6.1,12.8,79,0.0,0.0,0.0,0.0,2.33,6.1
2021-11-26,9.7,15.1,5.0,7.2,12.3,72,0.0,0.0,0.0,0.0,3.26,7.7
2021-11-27,9.6,13.4,6.0,7.0,10.1,67,0.5,0.5,0.0,2.0,2.9,7.3
2021-11-28,10.0,13.3,7.0,8.1,11.0,80,2.1,2.1,0.0,6.0,3.23,6.9
2021-11-29,8.6,10.0,7.3,6.1,7.4,87,0.4,0.4,0.0,3.0,5.89,11.3
2021-11-30,7.2,11.8,4.1,3.5,8.1,73,0.0,0.0,0.0,0.0,5.67,11.3
2021-12-01,6.3,12.2,2.0,3.4,9.3,70,0.0,0.0,0.0,0.0,2.62,6.3
2021-12-02,6.5,10.7,4.2,3.8,7.6,76,0.0,0.0,0.0,0.0,2.63,6.0
2021-12-03,8.2,13.8,3.8,6.0,12.0,77,0.0,0.0,0.0,0.0,2.5,4.3
2021-12-04,10.0,14.9,7.0,8.3,13.1,74,0.0,0.0,0.0,0.0,2.33,4.9
2021-12-05,10.5,16.7,6.8,8.7,15.5,74,0.0,0.0,0.0,0.0,2.33,4.3
2021-12-06,10.3,17.0,5.5,8.1,14.9,75,0.0,0.0,0.0,0.0,3.49,7.2
2021-12-07,10.3,14.1,7.0,6.7,9.4,64,0.0,0.0,0.0,0.0,6.56,13.0
2021-12-08,9.3,10.6,7.6,6.9,8.7,70,0.0,0.0,0.0,0.0,2.91,7.6
2021-12-09,10.3,14.6,7.2,8.1,12.0,70,0.0,0.0,0.0,0.0,3.0,7.5
2021-12-10,11.5,13.7,8.9,9.3,12.0,81,2.3,2.3,0.0,6.0,5.61,11.2
2021-12-11,7.5,10.5,6.7,4.7,9.7,94,8.5,8.5,0.0,21.0,4.36,8.6
2021-12-12,6.0,6.8,4.9,2.6,3.8,91,6.3,6.3,0.0,13.0,5.39,10.6
2021-12-13,6.5,10.3,3.4,3.4,6.6,80,0.0,0.0,0.0,0.0,4.31,9.7
2021-12-14,8.0,9.4,6.3,5.8,7.1,90,0.0,0.0,0.0,0.0,3.4,7.7
2021-12-15,10.2,12.6,8.6,8.4,10.8,90,1.3,1.3,0.0,11.0,4.39,9.4
2021-12-16,8.1,9.8,7.0,5.2,8.3,92,3.7,3.7,0.0,15.0,4.9,9.5
2021-12-17,5.9,7.6,4.2,2.3,4.6,74,1.0,1.0,0.0,8.0,4.28,8.6
2021-12-18,3.5,4.2,2.6,-0.6,0.4,61,0.0,0.0,0.0,0.0,3.77,6.9
2021-12-19,5.6,10.9,2.5,2.7,7.5,72,0.0,0.0,0.0,0.0,3.11,7.0
2021-12-20,5.5,9.2,2.8,2.8,6.8,83,0.0,0.0,0.0,0.0,3.41,7.3
2021-12-21,5.6,12.8,1.3,2.5,9.2,78,0.0,0.0,0.0,0.0,3.72,8.3
2021-12-22,7.0,14.5,1.3,4.6,12.1,75,0.0,0.0,0.0,0.0,2.75,5.0
2021-12-23,9.9,16.0,4.6,6.9,12.1,79,0.0,0.0,0.0,0.0,7.72,15.1
2021-12-24,7.3,9.0,5.8,4.5,7.0,88,0.6,0.6,0.0,3.0,4.37,8.6
2021-12-25,4.2,7.0,1.1,1.2,4.7,95,2.6,2.6,0.0,7.0,3.31,7.1
2021-12-26,-1.2,1.0,-3.7,-5.8,-2.7,91,15.2,9.4,4.13,15.0,4.47,10.0
2021-12-27,-2.9,-1.7,-4.2,-6.8,-5.2,87,0.0,0.0,0.0,0.0,3.26,6.8
2021-12-28,-0.7,1.5,-2.2,-3.7,-1.4,92,0.0,0.0,0.0,0.0,2.4,5.1
2021-12-29,1.2,2.9,-0.0,-2.6,-1.5,87,0.0,0.0,0.0,0.0,4.1,8.1
2021-12-30,2.4,4.0,0.7,-0.7,0.9,82,0.0,0.0,0.0,0.0,2.36,5.7
2021-12-31,2.9,4.6,1.6,0.1,2.4,90,0.4,0.4,0.0,3.0,3.05,6.5
2022-01-01,3.2,7.8,1.4,-0.1,4.9,86,0.7,0.4,0.21,4.0,3.19,6.5
2022-01-02,5.0,8.1,0.7,2.6,5.6,86,0.0,0.0,0.0,0.0,2.21,5.9
2022-01-03,8.1,9.8,6.7,6.3,8.2,95,2.9,2.9,0.0,21.0,3.06,6.4
2022-01-04,7.8,9.5,4.8,6.3,8.6,96,17.3,17.3,0.0,24.0,3.8,12.8
2022-01-05,6.8,9.6,4.8,4.7,8.1,94,1.3,1.3,0.0,12.0,2.77,5.7
2022-01-06,4.3,6.5,3.3,1.2,4.1,96,7.1,7.1,0.0,13.0,4.43,11.5
2022-01-07,1.9,3.2,1.1,-1.2,-0.1,97,3.2,3.2,0.0,19.0,2.94,5.8
2022-01-08,2.1,3.3,1.2,-0.8,0.6,97,1.0,1.0,0.0,7.0,2.4,4.7
2022-01-09,4.8,7.9,2.2,2.1,4.8,89,0.2,0.2,0.0,2.0,3.56,6.5
2022-01-10,4.9,6.0,3.6,1.7,3.0,90,0.3,0.3,0.0,3.0,5.67,11.2
2022-01-11,6.0,8.7,3.7,2.8,4.9,77,0.0,0.0,0.0,0.0,3.74,8.3
2022-01-12,5.8,6.9,4.8,3.4,5.2,85,0.1,0.1,0.0,1.0,2.96,5.4
2022-01-13,4.8,5.4,4.1,1.5,2.4,88,1.8,1.8,0.0,17.0,4.98,9.3
2022-01-14,5.3,6.6,3.8,3.0,4.6,98,3.0,3.0,0.0,15.0,5.02,9.4
2022-01-15,4.3,5.3,3.3,1.7,3.0,98,2.4,2.4,0.0,17.0,2.95,6.2
2022-01-16,3.7,4.3,2.6,0.5,1.4,95,10.8,10.8,0.0,24.0,4.1,7.9
2022-01-17,4.1,8.1,1.8,1.1,4.6,89,3.8,2.6,0.84,10.0,3.56,7.8
2022-01-18,5.0,12.3,1.1,2.7,9.9,81,0.0,0.0,0.0,0.0,2.92,4.7
2022-01-19,7.1,13.4,1.2,4.3,10.1,81,0.0,0.0,0.0,0.0,4.56,9.4
2022-01-20,7.8,8.7,6.7,4.3,5.9,90,2.0,2.0,0.0,14.0,6.21,12.1
2022-01-21,8.6,10.1,7.3,5.6,7.5,94,1.3,1.3,0.0,12.0,5.74,10.8
2022-01-22,11.1,16.0,7.6,8.7,12.7,89,9.5,9.5,0.0,21.0,6.31,13.7
2022-01-23,6.2,9.1,4.2,3.4,6.6,91,5.7,5.7,0.0,7.0,4.14,12.6
2022-01-24,3.4,4.9,2.4,0.4,1.8,94,1.1,1.1,0.0,7.0,3.21,6.2
2022-01-25,3.0,4.1,2.0,0.5,1.9,99,2.6,2.6,0.0,24.0,2.38,5.1
2022-01-26,2.9,4.4,1.1,0.1,2.2,98,8.8,8.8,0.0,24.0,3.82,7.6
2022-01-27,1.6,2.6,0.6,-1.7,-0.4,98,5.9,5.8,0.07,24.0,3.37,6.8
2022-01-28,0.3,0.9,-0.4,-3.5,-2.8,96,8.5,8.0,0.35,23.0,3.83,7.3
2022-01-29,0.5,2.6,-1.3,-3.2,-1.3,91,2.0,0.3,1.19,9.0,3.26,7.7
2022-01-30,0.8,4.1,-1.0,-2.5,0.9,88,3.4,0.5,2.03,5.0,3.53,6.8
2022-01-31,0.6,3.3,-1.2,-2.9,0.2,88,3.4,0.0,2.38,7.0,3.01,6.9
2022-02-01,-0.4,0.3,-1.2,-4.3,-3.5,88,2.9,0.1,1.96,17.0,3.54,7.0
2022-02-02,0.0,2.0,-1.3,-4.2,-2.3,86,4.1,0.0,2.87,15.0,3.85,8.3
2022-02-03,0.9,4.7,-1.7,-2.3,2.0,83,0.3,0.0,0.21,3.0,2.88,5.5
2022-02-04,1.8,5.0,-0.8,-1.8,1.5,80,0.0,0.0,0.0,0.0,2.72,6.5
2022-02-05,3.2,6.4,0.3,-0.5,2.3,81,0.0,0.0,0.0,0.0,4.34,9.3
2022-02-06,4.0,4.9,2.5,0.6,2.4,97,15.5,15.4,0.07,19.0,5.19,14.7
2022-02-07,3.0,9.0,-0.3,-0.3,7.1,85,5.8,2.0,2.66,6.0,4.52,12.5
2022-02-08,-0.7,0.2,-1.5,-4.9,-3.8,90,6.1,0.1,4.2,24.0,4.01,7.6
2022-02-09,1.4,5.7,-1.8,-2.0,3.1,83,0.3,0.0,0.21,3.0,2.9,5.4
2022-02-10,1.4,2.8,-0.1,-1.7,0.2,95,1.9,1.9,0.0,19.0,3.11,6.0
2022-02-11,2.0,4.8,0.3,-1.3,1.6,89,1.3,1.3,0.0,12.0,3.31,7.2
2022-02-12,2.2,3.4,1.1,-1.1,0.1,93,6.0,5.4,0.42,19.0,3.7,8.2
2022-02-13,3.4,7.7,0.9,0.7,5.7,89,8.5,0.8,5.39,10.0,2.67,5.0
2022-02-14,6.2,13.6,1.4,3.5,9.5,81,0.0,0.0,0.0,0.0,5.04,11.0
2022-02-15,7.3,10.2,4.5,4.6,6.9,83,0.2,0.2,0.0,2.0,4.1,8.4
2022-02-16,6.5,7.9,4.2,4.1,5.6,95,5.8,5.8,0.0,24.0,3.71,6.8
2022-02-17,2.7,3.9,1.0,-0.7,1.1,95,8.3,8.3,0.0,24.0,4.14,12.6
2022-02-18,0.8,1.9,-0.0,-3.0,-1.8,93,6.8,6.6,0.14,24.0,3.97,7.4
2022-02-19,0.4,1.2,-0.7,-4.3,-3.4,84,2.3,1.0,0.91,9.0,5.32,10.0
2022-02-20,-0.8,0.6,-2.3,-5.5,-4.1,78,2.9,0.0,2.03,16.0,4.56,9.3
2022-02-21,-1.9,0.2,-3.1,-6.2,-4.2,86,3.0,0.0,2.1,17.0,4.23,8.1
2022-02-22,-1.5,0.6,-2.9,-6.1,-4.5,87,4.6,0.0,3.22,15.0,4.99,10.9
2022-02-23,-0.0,3.4,-3.0,-3.8,0.8,81,0.0,0.0,0.0,0.0,3.43,8.8
2022-02-24,1.2,5.8,-1.8,-2.0,2.9,77,0.0,0.0,0.0,0.0,2.57,6.0
2022-02-25,4.2,8.0,0.7,1.3,4.6,79,0.0,0.0,0.0,0.0,3.46,8.1
2022-02-26,5.9,9.9,3.0,3.2,7.3,82,0.7,0.7,0.0,6.0,3.49,7.2
2022-02-27,8.3,14.4,3.4,5.0,10.5,82,0.0,0.0,0.0,0.0,5.97,14.0
2022-02-28,11.3,16.4,8.3,9.8,15.2,82,2.9,2.9,0.0,18.0,3.95,8.8
2022-03-01,8.9,11.1,5.2,6.0,8.6,80,3.3,3.3,0.0,10.0,4.58,9.3
2022-03-02,9.9,15.0,4.2,7.7,12.9,85,1.6,1.6,0.0,8.0,5.2,11.6
2022-03-03,11.2,17.8,6.5,9.8,18.0,85,3.5,3.5,0.0,17.0,3.31,6.8
2022-03-04,11.3,13.5,9.1,9.2,11.3,82,6.6,6.6,0.0,17.0,4.34,9.3
2022-03-05,11.5,15.0,8.8,10.2,14.2,84,4.4,4.4,0.0,23.0,2.98,5.5
2022-03-06,10.7,14.1,8.2,8.3,11.1,85,5.2,5.2,0.0,13.0,5.51,10.9
2022-03-07,13.0,21.6,5.6,11.2,20.6,64,0.0,0.0,0.0,0.0,4.37,8.9
2022-03-08,15.8,23.2,10.1,12.3,19.9,62,0.0,0.0,0.0,0.0,7.93,16.4
2022-03-09,14.8,21.2,9.6,12.9,20.0,68,0.0,0.0,0.0,0.0,4.9,10.2
2022-03-10,14.8,19.0,11.8,13.5,17.9,78,0.3,0.3,0.0,3.0,4.36,9.0
2022-03-11,15.8,19.5,12.5,14.5,17.7,81,0.0,0.0,0.0,0.0,5.14,10.4
2022-03-12,17.9,22.4,14.6,16.8,21.5,76,1.3,1.3,0.0,10.0,5.65,10.7
2022-03-13,18.5,24.8,14.3,17.8,24.1,77,0.2,0.2,0.0,2.0,4.99,10.7
2022-03-14,17.9,23.1,15.1,18.5,24.1,83,6.3,6.3,0.0,13.0,3.91,7.1
2022-03-15,17.8,24.0,12.9,17.3,22.5,79,0.1,0.1,0.0,1.0,5.6,11.2
2022-03-16,18.7,24.7,15.4,17.8,24.0,82,22.3,22.3,0.0,17.0,8.19,18.7
2022-03-17,17.8,23.1,13.4,18.2,23.7,78,7.6,7.6,0.0,9.0,3.12,8.9
2022-03-18,18.6,24.1,14.6,18.4,22.9,80,0.2,0.2,0.0,2.0,6.42,12.8
2022-03-19,21.0,27.0,16.8,19.4,25.0,74,0.1,0.1,0.0,1.0,9.01,17.7
2022-03-20,21.7,26.2,17.2,20.8,24.7,74,6.2,6.2,0.0,22.0,9.08,17.1
2022-03-21,12.7,16.8,8.1,11.4,17.0,89,21.2,21.2,0.0,22.0,4.95,12.0
2022-03-22,7.7,9.0,6.5,5.0,6.3,89,4.4,4.4,0.0,19.0,4.11,8.8
2022-03-23,11.1,15.7,7.7,9.5,15.7,79,0.5,0.5,0.0,5.0,3.42,6.5
2022-03-24,12.3,15.6,9.7,9.3,12.2,90,2.0,2.0,0.0,11.0,8.96,18.6
2022-03-25,14.8,18.1,11.3,13.1,16.2,79,4.2,4.2,0.0,13.0,7.45,12.9
2022-03-26,10.7,13.8,8.1,8.7,12.7,85,3.4,3.4,0.0,15.0,3.73,7.9
2022-03-27,8.9,12.0,6.7,6.5,9.6,87,5.7,5.7,0.0,13.0,4.45,7.9
2022-03-28,12.0,20.3,5.6,9.6,16.9,73,0.0,0.0,0.0,0.0,6.44,12.8
2022-03-29,12.8,14.4,11.0,10.3,13.1,84,2.1,2.1,0.0,3.0,6.62,13.7
2022-03-30,12.6,14.1,11.9,12.3,13.8,96,14.0,14.0,0.0,18.0,3.68,6.1
2022-03-31,10.5,11.9,8.1,8.0,10.8,94,18.8,18.8,0.0,24.0,6.64,12.8
2022-04-01,7.0,8.1,6.2,3.8,5.4,94,12.2,12.2,0.0,24.0,4.9,10.7
2022-04-02,8.7,13.6,6.1,5.9,10.6,80,1.7,1.7,0.0,5.0,4.51,10.2
2022-04-03,11.2,18.7,5.3,8.8,15.7,63,0.0,0.0,0.0,0.0,5.35,11.0
2022-04-04,13.1,19.1,7.5,10.3,16.2,60,0.0,0.0,0.0,0.0,5.38,11.1
2022-04-05,12.2,15.5,9.1,10.1,13.1,77,2.8,2.8,0.0,12.0,4.51,8.0
2022-04-06,13.7,18.5,10.3,12.0,16.6,72,2.0,2.0,0.0,6.0,4.25,8.8
2022-04-07,15.3,23.9,8.6,13.5,22.9,57,0.0,0.0,0.0,0.0,2.84,5.8
2022-04-08,16.5,24.6,7.8,13.7,22.4,51,0.0,0.0,0.0,0.0,5.9,12.3
2022-04-09,16.4,19.7,13.9,15.1,19.0,69,7.5,7.5,0.0,16.0,4.49,11.3
2022-04-10,17.3,23.2,13.1,16.7,21.9,78,0.0,0.0,0.0,0.0,4.86,10.8
2022-04-11,19.4,25.8,14.6,18.3,24.9,71,0.0,0.0,0.0,0.0,6.46,13.7
2022-04-12,16.9,18.9,13.2,15.9,17.8,83,10.6,10.6,0.0,9.0,6.04,11.9
2022-04-13,15.7,20.1,12.2,14.7,19.2,78,0.1,0.1,0.0,1.0,4.7,8.2
2022-04-14,13.8,16.2,10.9,12.5,15.6,90,16.2,16.2,0.0,16.0,5.17,10.4
2022-04-15,8.7,10.8,6.4,6.2,9.4,97,25.1,25.1,0.0,24.0,4.73,9.2
2022-04-16,7.5,9.4,5.9,4.6,6.5,90,6.9,6.9,0.0,9.0,3.96,8.1
2022-04-17,7.3,8.9,5.9,4.9,6.4,91,2.7,2.7,0.0,21.0,3.69,7.7
2022-04-18,9.9,12.6,7.8,7.3,10.0,82,1.1,1.1,0.0,5.0,5.03,9.7
2022-04-19,13.4,18.1,9.3,11.9,16.1,70,0.5,0.5,0.0,2.0,2.42,6.2
2022-04-20,15.7,23.0,11.0,14.7,21.7,70,6.1,6.1,0.0,5.0,4.05,10.4
2022-04-21,16.6,21.9,12.4,14.2,19.4,78,0.0,0.0,0.0,0.0,8.46,16.9
2022-04-22,18.9,23.7,16.1,18.5,24.1,78,1.0,1.0,0.0,8.0,6.05,10.6
2022-04-23,19.8,25.3,15.4,20.8,26.3,81,3.3,3.3,0.0,9.0,4.61,9.3
2022-04-24,21.4,26.8,18.1,21.8,27.3,82,25.8,25.8,0.0,17.0,7.74,16.2
2022-04-25,19.9,24.7,16.5,21.1,26.6,79,7.5,7.5,0.0,9.0,2.95,7.2
2022-04-26,20.3,25.0,16.8,21.1,25.8,75,11.8,11.8,0.0,8.0,2.69,6.3
2022-04-27,20.4,25.2,16.4,22.0,27.2,86,3.9,3.9,0.0,16.0,4.36,10.9
2022-04-28,20.8,24.1,15.6,20.9,25.2,79,2.7,2.7,0.0,13.0,6.21,12.7
2022-04-29,14.3,16.0,11.7,13.5,16.4,85,1.3,1.3,0.0,8.0,3.38,7.2
2022-04-30,11.4,12.8,10.2,9.5,11.0,92,19.1,19.1,0.0,16.0,4.9,15.1
2022-05-01,10.0,11.7,9.1,7.2,8.5,85,3.3,3.3,0.0,16.0,5.04,10.6
2022-05-02,12.1,16.9,8.6,9.5,13.7,73,3.1,3.1,0.0,11.0,5.68,11.3
2022-05-03,14.6,21.1,8.6,13.3,21.9,63,0.0,0.0,0.0,0.0,2.91,6.8
2022-05-04,17.6,24.4,10.6,16.5,24.9,59,0.0,0.0,0.0,0.0,2.97,7.3
2022-05-05,19.3,26.0,13.3,18.1,26.8,61,0.2,0.2,0.0,2.0,4.96,10.6
2022-05-06,19.0,22.5,15.5,18.4,22.9,73,7.0,7.0,0.0,14.0,5.48,11.0
2022-05-07,18.5,22.6,15.8,18.7,23.5,83,4.8,4.8,0.0,16.0,4.1,7.3
2022-05-08,20.3,25.0,16.6,20.9,26.6,81,2.3,2.3,0.0,11.0,4.75,9.9
2022-05-09,18.3,20.8,16.0,18.4,21.7,90,17.9,17.9,0.0,10.0,6.15,12.1
2022-05-10,18.9,23.2,15.6,19.2,24.2,80,1.0,1.0,0.0,6.0,3.46,7.8
2022-05-11,14.9,16.2,13.9,15.1,16.4,96,9.7,9.7,0.0,18.0,3.66,9.3
2022-05-12,16.3,19.3,14.0,16.7,20.3,89,2.3,2.3,0.0,11.0,2.83,6.3
2022-05-13,16.4,19.4,14.8,16.0,18.5,87,0.7,0.7,0.0,7.0,4.62,8.9
2022-05-14,15.0,17.4,11.3,14.3,18.5,93,15.6,15.6,0.0,15.0,5.07,10.2
2022-05-15,10.7,11.5,9.9,8.8,9.8,97,6.6,6.6,0.0,19.0,4.71,9.4
2022-05-16,13.3,17.2,10.4,11.7,15.3,80,1.3,1.3,0.0,6.0,4.95,9.5
2022-05-17,14.7,19.7,10.4,13.9,18.3,79,0.0,0.0,0.0,0.0,4.18,8.8
2022-05-18,16.5,19.1,14.1,15.4,18.6,79,1.7,1.7,0.0,6.0,6.65,13.7
2022-05-19,13.7,16.2,11.7,13.1,17.2,92,7.1,7.1,0.0,17.0,3.51,6.2
2022-05-20,15.6,20.7,12.8,15.7,20.2,85,7.3,7.3,0.0,11.0,3.08,5.9
2022-05-21,15.5,18.4,13.4,15.6,18.0,85,1.1,1.1,0.0,4.0,3.42,6.9
2022-05-22,14.2,15.3,13.4,14.4,15.5,96,34.5,34.5,0.0,24.0,2.51,4.9
2022-05-23,15.4,17.6,13.1,16.1,18.6,95,3.9,3.9,0.0,18.0,2.25,4.8
2022-05-24,18.7,22.6,15.4,20.5,24.6,90,1.8,1.8,0.0,6.0,2.43,5.5
2022-05-25,21.1,25.4,17.7,22.6,26.4,86,1.6,1.6,0.0,8.0,5.39,10.5
2022-05-26,19.1,20.2,17.1,20.9,22.8,96,23.2,23.2,0.0,22.0,3.84,8.0
2022-05-27,17.2,19.2,16.2,18.5,20.6,97,11.4,11.4,0.0,18.0,2.89,5.4
2022-05-28,17.7,20.1,16.2,19.2,22.4,95,3.9,3.9,0.0,15.0,2.39,7.4
2022-05-29,21.6,27.4,18.4,23.6,31.3,89,21.9,21.9,0.0,15.0,4.37,10.7
2022-05-30,18.9,21.4,17.0,19.8,22.4,86,7.9,7.9,0.0,15.0,4.35,8.7
2022-05-31,21.7,25.8,17.7,23.3,26.6,80,0.6,0.6,0.0,6.0,4.66,9.7
2022-06-01,22.8,26.7,20.2,25.0,29.5,84,8.7,8.7,0.0,14.0,4.7,8.8
2022-06-02,23.1,26.7,21.0,25.5,28.8,85,15.4,15.4,0.0,15.0,5.84,12.1
2022-06-03,21.4,24.9,19.5,24.6,27.7,91,22.3,22.3,0.0,24.0,2.26,6.1
2022-06-04,22.5,26.6,19.3,25.6,31.4,86,15.5,15.5,0.0,18.0,3.67,8.0
2022-06-05,18.4,20.3,17.2,18.3,19.9,86,4.5,4.5,0.0,15.0,5.21,10.2
2022-06-06,19.6,22.8,17.0,20.2,23.4,79,0.6,0.6,0.0,6.0,3.86,8.0
2022-06-07,21.0,24.9,18.2,22.4,26.8,78,0.2,0.2,0.0,2.0,2.84,6.4
2022-06-08,21.2,24.0,18.6,22.9,25.5,79,3.0,3.0,0.0,8.0,3.26,7.3
2022-06-09,19.2,22.3,17.6,20.7,24.2,90,15.7,15.7,0.0,22.0,4.1,7.9
2022-06-10,18.0,19.2,17.0,19.2,19.9,95,10.2,10.2,0.0,23.0,3.99,8.6
2022-06-11,18.4,19.9,16.8,19.7,21.2,91,0.4,0.4,0.0,2.0,3.26,6.8
2022-06-12,19.4,22.5,17.8,21.3,25.1,92,11.9,11.9,0.0,12.0,4.7,8.8
2022-06-13,19.2,21.8,17.7,20.3,22.5,90,6.1,6.1,0.0,20.0,3.75,9.2
2022-06-14,21.3,27.1,16.5,22.7,29.8,73,0.0,0.0,0.0,0.0,2.82,5.5
2022-06-15,21.9,27.0,17.5,22.4,28.0,60,0.1,0.1,0.0,1.0,2.62,6.0
2022-06-16,19.3,20.6,17.3,20.6,22.2,85,7.9,7.9,0.0,19.0,3.37,6.5
2022-06-17,20.1,23.2,18.2,22.6,26.1,93,12.2,12.2,0.0,21.0,2.9,7.6
2022-06-18,21.7,25.9,19.4,24.7,29.3,90,23.6,23.6,0.0,24.0,2.62,7.6
2022-06-19,21.6,24.2,20.1,25.0,27.5,90,27.2,27.2,0.0,21.0,1.83,4.5
2022-06-20,22.9,27.5,20.1,25.7,30.1,85,5.9,5.9,0.0,11.0,4.05,7.9
2022-06-21,24.1,28.8,21.9,26.7,32.7,85,9.8,9.8,0.0,11.0,4.79,11.2
2022-06-22,24.3,28.2,22.3,25.7,29.5,82,2.5,2.5,0.0,11.0,7.83,14.3
2022-06-23,23.6,25.9,21.6,24.7,27.1,82,1.5,1.5,0.0,8.0,7.01,15.2
2022-06-24,23.9,27.9,21.3,25.4,30.1,79,2.2,2.2,0.0,6.0,5.77,12.3
2022-06-25,24.8,28.6,21.9,25.3,28.7,75,0.1,0.1,0.0,1.0,7.79,15.5
2022-06-26,24.8,27.8,22.3,24.6,27.6,74,0.2,0.2,0.0,2.0,9.55,18.7
2022-06-27,23.2,25.3,21.1,24.9,27.6,82,9.2,9.2,0.0,10.0,7.17,14.5
2022-06-28,23.2,27.9,19.3,26.1,30.8,79,0.5,0.5,0.0,5.0,2.79,6.5
2022-06-29,24.2,29.1,20.3,26.7,31.9,73,0.2,0.2,0.0,2.0,3.47,8.0
2022-06-30,23.2,28.0,18.8,25.7,31.0,76,5.5,5.5,0.0,6.0,3.06,7.3
2022-07-01,22.9,26.9,20.0,25.9,30.7,83,15.1,15.1,0.0,18.0,2.5,7.2
2022-07-02,22.7,26.7,19.5,24.8,29.6,83,2.6,2.6,0.0,16.0,4.68,9.8
2022-07-03,22.4,25.6,20.2,23.8,26.6,84,2.0,2.0,0.0,11.0,5.71,12.9
2022-07-04,24.3,29.7,20.6,27.5,32.6,79,2.2,2.2,0.0,12.0,3.1,7.3
2022-07-05,24.7,30.1,20.4,28.4,34.7,79,4.3,4.3,0.0,10.0,2.8,5.6
2022-07-06,25.1,31.2,20.2,27.5,33.9,72,0.7,0.7,0.0,4.0,3.68,8.6
2022-07-07,24.7,30.1,20.2,27.6,34.3,74,1.4,1.4,0.0,10.0,2.44,6.2
2022-07-08,24.7,29.3,21.3,26.7,31.7,74,0.8,0.8,0.0,7.0,4.57,9.2
2022-07-09,24.6,29.0,21.2,25.7,29.6,74,0.4,0.4,0.0,4.0,6.33,11.6
2022-07-10,25.5,30.2,21.9,26.2,30.5,71,0.0,0.0,0.0,0.0,7.64,14.4
2022-07-11,25.7,29.8,22.3,25.8,29.6,72,0.0,0.0,0.0,0.0,9.17,17.4
2022-07-12,26.3,30.7,23.0,26.4,30.3,68,0.0,0.0,0.0,0.0,9.28,18.1
2022-07-13,26.5,31.4,23.3,27.4,31.8,68,0.0,0.0,0.0,0.0,7.6,15.9
2022-07-14,26.4,31.4,22.8,27.4,32.9,68,0.0,0.0,0.0,0.0,7.15,13.6
2022-07-15,26.5,31.7,22.2,27.5,33.1,67,0.0,0.0,0.0,0.0,7.23,14.7
2022-07-16,27.4,32.5,23.5,29.1,35.3,69,0.0,0.0,0.0,0.0,7.03,13.8
2022-07-17,26.0,30.6,23.6,29.6,34.8,79,6.3,6.3,0.0,9.0,4.45,8.5
2022-07-18,22.7,24.3,21.4,26.5,28.4,90,34.6,34.6,0.0,24.0,2.28,5.9
2022-07-19,21.6,23.5,20.4,24.5,26.4,92,29.8,29.8,0.0,24.0,2.77,9.7
2022-07-20,22.3,26.6,19.7,25.1,29.4,88,12.4,12.4,0.0,17.0,4.1,9.9
2022-07-21,23.6,27.3,21.2,24.7,28.8,81,2.9,2.9,0.0,8.0,7.1,14.6
2022-07-22,24.4,28.4,21.3,25.4,29.3,75,0.5,0.5,0.0,4.0,7.65,15.3
2022-07-23,25.3,30.2,21.4,27.3,33.0,73,0.4,0.4,0.0,1.0,4.9,12.7
2022-07-24,25.8,30.8,21.7,27.8,33.7,72,0.6,0.6,0.0,2.0,5.0,11.8
2022-07-25,26.4,31.4,22.3,28.3,33.9,71,0.0,0.0,0.0,0.0,6.32,12.9
2022-07-26,27.1,32.4,22.7,28.9,34.5,69,0.8,0.8,0.0,1.0,6.59,14.8
2022-07-27,25.1,30.4,19.7,27.3,33.2,77,9.4,9.4,0.0,7.0,5.96,12.7
2022-07-28,21.8,26.6,18.8,24.3,28.5,85,35.3,35.3,0.0,16.0,3.46,7.4
2022-07-29,23.7,29.6,18.8,26.7,33.6,77,0.5,0.5,0.0,5.0,2.77,4.7
2022-07-30,24.5,29.3,21.2,27.8,34.4,78,1.3,1.3,0.0,9.0,1.9,5.8
2022-07-31,23.9,28.1,21.1,26.9,32.6,80,2.1,2.1,0.0,9.0,2.68,7.1
2022-08-01,24.1,28.7,20.5,26.0,31.8,75,1.3,1.3,0.0,6.0,5.3,10.5
2022-08-02,24.2,28.6,20.6,25.9,29.9,74,0.7,0.7,0.0,6.0,5.49,12.4
2022-08-03,25.2,30.9,20.6,27.5,33.7,73,0.1,0.1,0.0,1.0,4.73,10.5
2022-08-04,25.3,30.7,21.0,28.1,34.4,72,0.0,0.0,0.0,0.0,3.04,6.3
2022-08-05,22.6,25.8,20.2,25.4,29.5,86,22.9,22.9,0.0,21.0,4.0,11.0
2022-08-06,21.8,24.7,20.1,24.1,27.2,89,19.0,19.0,0.0,17.0,4.68,9.8
2022-08-07,23.3,27.9,20.0,24.8,28.9,80,0.4,0.4,0.0,4.0,5.44,10.2
2022-08-08,24.4,30.0,20.3,26.2,31.5,76,0.0,0.0,0.0,0.0,5.91,11.8
2022-08-09,24.8,29.4,20.8,27.2,33.0,75,0.7,0.7,0.0,2.0,4.96,10.3
2022-08-10,24.1,28.7,19.1,26.8,32.7,76,0.4,0.4,0.0,4.0,4.16,9.0
2022-08-11,24.0,28.1,20.3,26.4,29.9,79,1.8,1.8,0.0,7.0,4.35,10.1
2022-08-12,24.1,29.0,20.2,25.5,30.2,75,0.4,0.4,0.0,3.0,5.62,11.1
2022-08-13,24.3,28.9,20.9,25.5,30.9,75,0.1,0.1,0.0,1.0,5.36,10.7
2022-08-14,24.4,28.2,21.1,26.0,29.9,78,0.5,0.5,0.0,5.0,5.96,11.1
2022-08-15,25.6,30.6,21.4,28.4,34.4,75,0.5,0.5,0.0,5.0,3.89,9.0
2022-08-16,25.9,31.3,21.8,28.5,34.1,74,0.6,0.6,0.0,4.0,4.41,9.6
2022-08-17,25.9,30.8,21.9,27.8,32.3,73,0.7,0.7,0.0,5.0,6.21,12.5
2022-08-18,25.9,31.7,21.6,27.6,33.0,70,0.0,0.0,0.0,0.0,5.96,11.9
2022-08-19,26.7,32.7,21.5,29.1,36.5,67,0.1,0.1,0.0,1.0,3.62,7.6
2022-08-20,26.7,31.3,22.2,29.1,34.1,70,0.2,0.2,0.0,2.0,5.58,10.1
2022-08-21,24.4,28.2,21.5,25.3,28.2,72,0.5,0.5,0.0,4.0,6.11,12.4
2022-08-22,24.8,29.6,20.7,25.4,30.2,71,0.0,0.0,0.0,0.0,6.85,13.4
2022-08-23,26.1,32.0,21.5,28.2,34.9,70,0.0,0.0,0.0,0.0,4.57,9.1
2022-08-24,26.9,32.8,21.7,29.4,35.0,67,0.2,0.2,0.0,2.0,3.66,8.3
2022-08-25,26.6,32.5,22.3,28.4,34.1,65,1.0,1.0,0.0,4.0,5.54,11.5
2022-08-26,23.3,26.4,20.9,24.1,26.4,75,0.9,0.9,0.0,5.0,5.84,12.3
2022-08-27,23.6,28.0,20.0,24.1,27.9,75,0.7,0.7,0.0,7.0,6.58,13.0
2022-08-28,25.7,31.2,21.5,26.2,31.3,70,0.0,0.0,0.0,0.0,7.89,15.6
2022-08-29,26.5,31.9,22.8,27.6,32.5,68,0.5,0.5,0.0,2.0,6.91,14.8
2022-08-30,24.1,28.8,18.9,25.8,31.7,75,2.7,2.7,0.0,16.0,5.12,10.4
2022-08-31,18.0,19.5,16.3,17.5,18.6,81,5.2,5.2,0.0,14.0,4.29,8.9
2022-09-01,20.5,24.5,17.0,20.3,24.2,69,0.0,0.0,0.0,0.0,4.21,8.4
2022-09-02,20.9,24.0,18.4,21.6,24.5,71,0.1,0.1,0.0,1.0,3.69,7.9
2022-09-03,18.4,20.1,16.6,18.8,20.9,82,1.9,1.9,0.0,8.0,4.22,8.2
2022-09-04,18.3,21.8,15.6,17.5,20.4,78,0.1,0.1,0.0,1.0,5.43,11.4
2022-09-05,20.6,26.9,15.0,19.8,27.1,60,0.0,0.0,0.0,0.0,4.41,9.2
2022-09-06,22.2,29.7,15.6,21.4,29.5,53,0.0,0.0,0.0,0.0,4.05,8.9
2022-09-07,23.1,30.4,16.9,22.0,30.2,41,0.0,0.0,0.0,0.0,3.6,9.0
2022-09-08,23.3,30.3,17.5,23.0,31.2,49,0.0,0.0,0.0,0.0,4.03,8.2
2022-09-09,22.5,27.9,18.5,23.6,29.9,68,3.6,3.6,0.0,6.0,3.06,7.0
2022-09-10,19.9,23.3,17.7,21.6,24.9,84,11.7,11.7,0.0,20.0,2.73,6.9
2022-09-11,19.4,21.8,17.7,21.3,23.5,89,3.9,3.9,0.0,19.0,2.0,6.0
2022-09-12,19.6,23.0,17.3,21.2,23.8,86,4.4,4.4,0.0,17.0,3.04,8.5
2022-09-13,20.4,25.5,17.1,22.1,27.3,86,7.3,7.3,0.0,9.0,4.1,8.7
2022-09-14,21.1,25.2,17.9,22.5,26.2,82,0.6,0.6,0.0,5.0,4.32,8.5
2022-09-15,21.3,25.0,19.1,23.5,26.6,84,18.4,18.4,0.0,14.0,3.09,8.6
2022-09-16,21.5,25.8,18.9,23.6,27.8,85,3.7,3.7,0.0,16.0,3.9,9.0
2022-09-17,22.3,27.2,18.4,24.0,28.3,80,0.8,0.8,0.0,5.0,4.8,9.8
2022-09-18,23.6,29.9,18.0,25.7,32.7,76,0.0,0.0,0.0,0.0,3.95,8.4
2022-09-19,24.6,30.4,19.8,26.7,32.3,72,0.4,0.4,0.0,3.0,3.93,9.0
2022-09-20,21.6,26.8,17.9,23.9,29.3,85,17.5,17.5,0.0,23.0,3.27,8.2
2022-09-21,18.7,21.4,17.0,20.1,23.4,88,5.3,5.3,0.0,12.0,2.6,5.2
2022-09-22,18.1,20.0,16.4,19.1,21.7,89,11.4,11.4,0.0,22.0,4.03,9.5
2022-09-23,16.0,16.9,15.2,15.7,17.1,88,1.9,1.9,0.0,11.0,3.78,7.8
2022-09-24,16.4,19.2,13.9,16.5,19.8,83,0.0,0.0,0.0,0.0,2.62,5.2
2022-09-25,16.5,18.7,14.5,16.6,19.2,82,0.2,0.2,0.0,2.0,2.5,5.1
2022-09-26,18.8,23.2,15.5,19.9,24.4,83,0.9,0.9,0.0,6.0,3.29,6.8
2022-09-27,18.9,24.6,15.4,19.8,26.1,87,3.3,3.3,0.0,16.0,5.01,9.8
2022-09-28,17.3,21.2,14.8,16.9,22.0,79,0.0,0.0,0.0,0.0,3.81,8.3
2022-09-29,19.0,24.9,14.6,19.7,25.9,79,0.3,0.3,0.0,2.0,4.89,9.7
2022-09-30,20.6,26.9,16.8,21.7,29.1,82,1.3,1.3,0.0,5.0,4.92,12.8
2022-10-01,21.0,24.6,18.7,21.3,24.6,85,1.1,1.1,0.0,7.0,7.25,13.9
2022-10-02,22.2,26.3,19.6,22.1,25.5,80,0.0,0.0,0.0,0.0,7.83,16.2
2022-10-03,22.7,27.6,19.6,22.2,26.4,73,0.0,0.0,0.0,0.0,8.32,15.8
2022-10-04,22.8,28.0,18.8,23.5,28.2,75,0.4,0.4,0.0,4.0,5.63,11.6
2022-10-05,22.6,26.3,20.0,22.8,25.1,76,0.4,0.4,0.0,3.0,8.0,15.8
2022-10-06,18.8,23.0,12.8,19.2,25.4,85,9.6,9.6,0.0,18.0,5.49,11.7
2022-10-07,12.6,14.1,10.7,11.3,13.3,87,1.4,1.4,0.0,7.0,4.02,8.4
2022-10-08,11.7,15.0,10.1,10.6,14.8,88,2.3,2.3,0.0,7.0,4.17,8.3
2022-10-09,11.7,13.0,10.3,9.7,10.5,93,5.3,5.3,0.0,18.0,5.81,11.0
2022-10-10,12.0,14.3,10.2,10.5,12.9,83,0.3,0.3,0.0,3.0,3.16,6.0
2022-10-11,12.8,15.6,10.7,10.7,13.1,61,0.0,0.0,0.0,0.0,2.66,5.7
2022-10-12,14.0,17.4,11.4,11.3,14.8,47,0.0,0.0,0.0,0.0,2.95,6.1
2022-10-13,14.9,19.1,12.2,12.5,16.6,53,0.0,0.0,0.0,0.0,3.32,6.7
2022-10-14,15.1,19.7,11.9,12.8,16.9,66,0.0,0.0,0.0,0.0,4.79,9.5
2022-10-15,15.2,20.5,11.5,13.3,19.0,71,0.0,0.0,0.0,0.0,5.58,10.9
2022-10-16,15.0,18.1,12.6,12.3,14.6,69,0.0,0.0,0.0,0.0,6.78,13.3
2022-10-17,15.7,20.0,11.9,13.4,16.7,67,0.1,0.1,0.0,1.0,5.77,11.9
2022-10-18,14.5,20.9,9.5,11.3,17.2,49,0.0,0.0,0.0,0.0,4.94,10.8
2022-10-19,14.0,22.2,6.8,10.7,18.7,43,0.0,0.0,0.0,0.0,3.51,8.0
2022-10-20,14.7,20.3,11.5,12.0,17.0,61,2.5,2.5,0.0,10.0,6.29,12.7
2022-10-21,16.4,20.3,13.4,16.9,21.7,85,6.3,6.3,0.0,14.0,3.29,6.9
2022-10-22,18.1,22.9,15.0,18.6,23.5,79,5.1,5.1,0.0,16.0,2.46,6.9
2022-10-23,17.8,21.8,14.3,17.2,21.4,70,2.0,2.0,0.0,8.0,3.1,7.1
2022-10-24,17.3,21.9,13.9,15.6,20.3,56,0.0,0.0,0.0,0.0,3.26,7.4
2022-10-25,18.3,24.8,12.6,16.6,23.2,61,0.0,0.0,0.0,0.0,6.82,13.5
2022-10-26,17.7,22.2,14.9,17.2,23.3,81,2.4,2.4,0.0,8.0,5.42,10.8
2022-10-27,12.7,14.9,10.6,11.7,14.8,96,11.0,11.0,0.0,20.0,3.62,8.6
2022-10-28,9.9,10.5,9.1,8.5,9.3,97,4.9,4.9,0.0,15.0,3.15,7.9
2022-10-29,10.9,12.7,9.6,9.9,11.8,96,1.5,1.5,0.0,10.0,2.83,5.4
2022-10-30,12.4,13.8,11.0,11.0,12.7,92,1.1,1.1,0.0,9.0,4.25,8.1
2022-10-31,14.0,16.9,10.6,12.4,14.3,79,0.7,0.7,0.0,7.0,5.47,11.6
2022-11-01,13.3,19.6,9.0,11.8,18.7,76,0.0,0.0,0.0,0.0,3.07,8.4
2022-11-02,12.6,21.0,6.5,10.7,19.3,70,0.0,0.0,0.0,0.0,3.05,6.2
2022-11-03,13.1,20.3,7.3,11.3,19.1,70,0.0,0.0,0.0,0.0,3.2,7.1
2022-11-04,13.3,19.2,8.6,11.4,18.0,69,0.0,0.0,0.0,0.0,3.64,7.3
2022-11-05,12.9,18.4,9.7,11.5,17.7,72,0.0,0.0,0.0,0.0,3.15,6.8
2022-11-06,13.9,20.5,9.1,12.4,19.2,75,0.0,0.0,0.0,0.0,4.0,9.5
2022-11-07,15.0,20.8,10.7,13.8,19.1,76,0.1,0.1,0.0,1.0,4.09,9.4
2022-11-08,15.5,20.1,12.4,13.8,17.7,74,0.0,0.0,0.0,0.0,6.1,12.8
2022-11-09,16.5,22.2,12.6,14.9,19.8,72,0.0,0.0,0.0,0.0,5.81,12.1
2022-11-10,17.2,22.1,13.4,15.1,19.1,71,0.0,0.0,0.0,0.0,6.9,14.5
2022-11-11,18.5,23.1,14.9,16.4,20.2,71,0.2,0.2,0.0,2.0,7.44,15.0
2022-11-12,16.3,21.1,11.3,15.7,21.1,79,0.3,0.3,0.0,3.0,5.64,9.9
2022-11-13,11.0,13.2,8.9,8.9,11.1,82,4.9,4.9,0.0,24.0,3.81,7.4
2022-11-14,9.5,10.8,8.4,7.5,9.1,90,5.9,5.9,0.0,22.0,3.74,7.1
2022-11-15,10.4,13.0,8.2,9.1,11.9,90,5.8,5.8,0.0,20.0,3.13,5.9
2022-11-16,10.2,11.8,8.6,8.6,10.2,92,5.5,5.5,0.0,18.0,3.17,6.5
2022-11-17,13.2,17.3,9.7,11.9,15.8,89,4.5,4.5,0.0,20.0,6.61,12.9
2022-11-18,13.1,15.5,11.0,12.3,15.9,92,11.1,11.1,0.0,19.0,3.94,7.5
2022-11-19,12.8,16.6,10.0,11.6,16.2,84,2.0,2.0,0.0,11.0,3.35,6.6
2022-11-20,13.4,17.8,9.0,11.7,15.2,88,0.2,0.2,0.0,2.0,6.59,13.3
2022-11-21,14.8,16.0,13.5,14.4,16.2,89,9.6,9.6,0.0,20.0,5.17,10.6
2022-11-22,13.1,14.0,12.1,11.8,12.8,89,7.1,7.1,0.0,21.0,4.36,8.4
2022-11-23,12.1,13.8,10.9,11.2,13.2,93,3.5,3.5,0.0,11.0,3.34,5.8
2022-11-24,12.4,14.9,10.2,11.6,14.7,92,7.2,7.2,0.0,19.0,3.51,6.5
2022-11-25,13.7,18.5,10.6,13.0,18.1,88,3.6,3.6,0.0,10.0,2.69,5.6
2022-11-26,14.9,19.6,9.6,13.4,17.5,88,0.5,0.5,0.0,5.0,6.66,12.7
2022-11-27,19.8,24.7,15.6,17.5,21.9,74,0.0,0.0,0.0,0.0,8.46,16.8
2022-11-28,18.7,23.0,14.8,18.2,22.2,72,1.5,1.5,0.0,8.0,7.29,13.7
2022-11-29,11.7,16.0,6.4,9.5,15.2,86,4.8,4.8,0.0,22.0,5.09,10.2
2022-11-30,2.2,6.2,-1.1,-2.1,2.5,90,7.6,7.6,0.0,19.0,5.6,11.0
2022-12-01,-0.9,0.2,-1.6,-5.3,-4.2,89,1.2,1.1,0.07,11.0,4.32,8.4
2022-12-02,2.1,8.0,-1.3,-1.1,5.9,81,0.0,0.0,0.0,0.0,3.58,6.9
2022-12-03,3.1,5.4,2.0,0.2,2.8,89,0.1,0.1,0.0,1.0,3.64,7.6
2022-12-04,3.1,3.6,2.5,-0.6,0.2,93,1.9,1.9,0.0,15.0,3.86,7.9
2022-12-05,3.7,5.5,2.0,0.2,2.3,83,0.0,0.0,0.0,0.0,3.82,7.6
2022-12-06,3.3,4.9,2.0,0.2,2.4,82,0.0,0.0,0.0,0.0,3.4,6.8
2022-12-07,4.3,6.6,2.7,1.7,4.2,83,0.0,0.0,0.0,0.0,2.25,4.1
2022-12-08,5.1,7.7,3.4,2.5,5.3,87,0.2,0.2,0.0,2.0,2.33,5.2
2022-12-09,6.4,8.9,3.9,4.1,6.6,80,0.0,0.0,0.0,0.0,1.93,4.9
2022-12-10,7.4,9.5,6.0,4.8,6.7,77,0.1,0.1,0.0,1.0,2.94,7.0
2022-12-11,7.0,9.7,4.6,3.6,6.4,69,0.0,0.0,0.0,0.0,3.9,7.6
2022-12-12,6.8,10.0,4.5,3.3,6.9,63,0.0,0.0,0.0,0.0,3.96,6.9
2022-12-13,5.3,6.7,3.8,1.8,2.7,59,0.1,0.1,0.0,1.0,3.03,6.5
2022-12-14,5.2,7.3,3.0,1.1,3.4,46,0.0,0.0,0.0,0.0,2.94,6.3
2022-12-15,6.4,10.5,2.8,3.0,8.0,59,0.0,0.0,0.0,0.0,3.6,8.2
2022-12-16,4.7,6.0,2.6,0.6,2.0,67,0.7,0.4,0.21,5.0,4.71,8.6
2022-12-17,2.3,4.5,0.2,-2.5,-0.4,67,1.1,0.0,0.77,7.0,5.23,10.4
2022-12-18,2.5,6.2,-0.3,-0.8,2.8,72,0.0,0.0,0.0,0.0,3.01,6.9
2022-12-19,5.6,11.7,0.6,1.8,7.3,64,0.0,0.0,0.0,0.0,4.9,10.1
2022-12-20,4.0,5.2,2.4,0.0,2.0,75,0.1,0.1,0.0,1.0,5.86,12.0
2022-12-21,5.0,12.1,0.5,1.8,8.2,66,0.0,0.0,0.0,0.0,3.11,6.6
2022-12-22,5.6,8.2,3.5,2.7,5.3,63,0.2,0.2,0.0,2.0,1.93,4.7
2022-12-23,5.6,7.1,4.6,3.2,4.3,74,0.8,0.8,0.0,7.0,1.63,3.9
2022-12-24,7.8,13.0,3.5,4.8,9.3,70,0.0,0.0,0.0,0.0,4.45,9.3
2022-12-25,9.4,13.6,5.4,5.0,9.9,61,0.1,0.1,0.0,1.0,6.96,13.0
2022-12-26,4.4,5.4,3.3,1.3,2.4,86,2.1,2.1,0.0,12.0,4.45,8.2
2022-12-27,1.8,4.0,0.6,-1.6,0.9,93,8.2,3.9,3.01,24.0,3.31,6.6
2022-12-28,-0.4,0.6,-1.4,-4.2,-3.1,92,6.3,0.0,4.41,14.0,3.4,6.9
2022-12-29,0.2,2.4,-1.3,-3.5,-1.2,87,0.4,0.0,0.28,3.0,3.23,7.9
2022-12-30,2.1,7.1,-2.2,-0.8,4.1,81,0.1,0.1,0.0,1.0,2.15,5.7
2022-12-31,1.8,2.6,0.9,-1.4,-0.6,90,1.3,0.4,0.63,9.0,2.44,5.4
2023-01-01,2.7,4.5,1.6,0.1,2.2,94,0.1,0.1,0.0,1.0,2.94,5.4
2023-01-02,2.9,3.7,1.9,-0.3,0.5,94,1.2,0.9,0.21,6.0,3.04,6.4
2023-01-03,3.6,5.0,2.4,0.8,2.2,88,0.0,0.0,0.0,0.0,2.6,4.7
2023-01-04,5.3,8.0,3.6,2.9,6.2,88,1.0,1.0,0.0,8.0,2.06,5.8
2023-01-05,4.6,5.4,3.4,2.0,2.9,94,1.7,1.7,0.0,12.0,2.56,5.6
2023-01-06,6.7,12.8,3.2,3.3,8.9,76,0.0,0.0,0.0,0.0,4.57,9.7
2023-01-07,6.9,17.1,-0.1,3.6,12.9,64,0.0,0.0,0.0,0.0,3.62,7.5
2023-01-08,7.6,17.6,0.6,4.1,14.5,66,0.0,0.0,0.0,0.0,3.67,8.3
2023-01-09,10.0,18.2,4.1,8.1,16.1,71,0.0,0.0,0.0,0.0,3.04,5.2
2023-01-10,10.1,16.9,3.6,7.6,14.6,71,0.0,0.0,0.0,0.0,4.21,8.6
2023-01-11,12.3,17.9,8.3,8.7,13.4,75,0.2,0.2,0.0,2.0,8.35,16.4
2023-01-12,15.1,21.3,10.6,11.4,17.5,70,0.0,0.0,0.0,0.0,7.65,15.8
2023-01-13,14.1,21.8,9.7,11.1,19.8,71,0.0,0.0,0.0,0.0,6.72,13.1
2023-01-14,7.1,10.7,2.8,3.2,7.6,82,2.3,2.0,0.21,19.0,5.56,11.7
2023-01-15,-0.1,2.9,-1.9,-4.9,-1.7,87,7.2,0.0,5.04,19.0,5.1,10.5
2023-01-16,-1.9,-1.0,-2.8,-6.1,-5.2,79,0.2,0.0,0.14,2.0,3.72,7.3
2023-01-17,-1.8,-0.9,-2.8,-6.5,-5.4,77,0.0,0.0,0.0,0.0,4.2,9.1
2023-01-18,1.4,5.0,-1.5,-2.3,1.4,72,0.0,0.0,0.0,0.0,3.79,7.2
2023-01-19,2.0,4.4,-0.2,-1.6,1.3,72,0.2,0.0,0.14,2.0,3.31,6.6
2023-01-20,1.6,2.4,0.9,-1.8,-0.9,83,1.4,0.5,0.63,12.0,2.83,6.5
2023-01-21,3.4,6.7,1.1,-0.3,3.2,84,1.0,1.0,0.0,4.0,6.61,13.7
2023-01-22,1.5,3.1,-0.0,-2.1,0.1,91,2.5,2.1,0.28,16.0,4.4,8.7
2023-01-23,2.5,4.1,1.1,-1.5,-0.6,84,2.2,1.4,0.56,17.0,5.01,10.4
2023-01-24,2.0,5.8,-1.3,-2.2,1.4,65,1.3,0.4,0.63,4.0,4.33,9.1
2023-01-25,2.9,7.7,-0.2,-1.6,3.0,52,0.0,0.0,0.0,0.0,5.0,11.4
2023-01-26,2.4,4.3,1.0,-1.5,0.5,69,0.5,0.5,0.0,5.0,4.47,9.0
2023-01-27,2.6,5.2,1.0,-2.0,0.2,57,0.5,0.1,0.28,5.0,4.39,9.5
2023-01-28,2.6,6.6,0.3,-1.2,2.9,48,0.0,0.0,0.0,0.0,2.56,6.1
2023-01-29,4.6,12.7,-0.7,1.2,9.3,62,0.0,0.0,0.0,0.0,2.84,6.3
2023-01-30,7.4,17.6,-1.0,2.9,12.1,55,0.0,0.0,0.0,0.0,6.11,12.6
2023-01-31,10.0,17.8,4.1,5.8,13.7,49,0.0,0.0,0.0,0.0,5.0,11.2
2023-02-01,9.0,14.1,4.0,6.4,11.8,64,0.0,0.0,0.0,0.0,3.33,5.7
2023-02-02,5.3,9.4,3.5,2.6,7.4,95,4.9,4.9,0.0,22.0,3.47,7.9
2023-02-03,5.5,7.4,3.9,3.4,5.3,95,2.3,2.3,0.0,20.0,2.06,4.2
2023-02-04,4.7,6.3,3.1,2.1,3.7,94,4.4,4.4,0.0,14.0,2.9,5.6
2023-02-05,4.7,7.1,2.5,2.4,5.3,94,2.6,2.6,0.0,17.0,2.28,6.6
2023-02-06,7.1,11.3,4.3,5.2,9.9,88,1.2,1.2,0.0,10.0,2.47,5.0
2023-02-07,6.5,8.4,4.9,4.3,6.2,94,4.8,4.8,0.0,23.0,2.77,5.8
2023-02-08,5.5,7.6,4.3,3.1,5.4,98,9.2,9.2,0.0,24.0,3.42,6.9
2023-02-09,6.5,9.9,3.7,3.9,7.8,91,6.6,6.6,0.0,14.0,3.72,13.3
2023-02-10,7.1,9.4,4.8,5.2,7.7,97,4.2,4.2,0.0,21.0,3.13,5.9
2023-02-11,12.6,18.9,7.8,10.8,17.4,88,3.2,3.2,0.0,20.0,6.89,14.8
2023-02-12,8.9,14.5,5.8,6.9,14.8,91,4.6,4.6,0.0,16.0,4.66,9.4
2023-02-13,5.3,7.4,3.1,1.7,4.5,90,3.1,3.1,0.0,13.0,4.75,8.9
2023-02-14,4.2,8.1,2.1,0.7,4.9,80,0.5,0.2,0.21,5.0,4.06,8.2
2023-02-15,3.6,7.0,0.6,0.3,3.6,77,0.0,0.0,0.0,0.0,2.9,6.2
2023-02-16,5.9,9.5,2.4,2.7,6.2,80,0.0,0.0,0.0,0.0,4.63,10.0
2023-02-17,8.5,12.0,6.3,5.4,8.0,87,0.0,0.0,0.0,0.0,6.26,13.5
2023-02-18,9.0,11.3,6.2,6.5,10.4,91,1.9,1.9,0.0,16.0,5.4,11.7
2023-02-19,7.5,9.7,5.9,4.4,7.1,81,0.4,0.4,0.0,4.0,5.02,9.8
2023-02-20,8.2,11.6,5.8,5.6,8.5,79,0.2,0.2,0.0,2.0,4.57,9.2
2023-02-21,4.1,7.1,2.0,0.9,3.7,90,4.4,4.4,0.0,22.0,3.3,7.3
2023-02-22,1.9,2.6,1.2,-1.1,0.0,100,5.2,5.2,0.0,23.0,2.86,5.2
2023-02-23,2.5,3.4,1.9,-0.3,1.1,100,2.8,2.8,0.0,17.0,3.08,6.9
2023-02-24,5.2,7.8,3.5,1.5,4.0,88,2.3,2.3,0.0,10.0,5.12,10.0
2023-02-25,6.0,11.8,1.5,2.6,7.8,71,0.0,0.0,0.0,0.0,4.55,10.4
2023-02-26,6.9,14.8,0.4,3.9,12.0,66,0.0,0.0,0.0,0.0,3.26,7.6
2023-02-27,9.3,16.1,2.7,5.4,12.3,64,0.0,0.0,0.0,0.0,6.93,14.1
2023-02-28,10.7,15.0,7.4,8.3,12.6,67,0.0,0.0,0.0,0.0,3.31,8.1
2023-03-01,8.4,10.6,7.0,5.6,8.0,85,4.7,4.7,0.0,16.0,4.91,9.7
2023-03-02,7.0,8.6,5.0,4.8,6.2,85,0.5,0.5,0.0,3.0,2.56,5.5
2023-03-03,8.2,12.6,5.8,5.7,9.7,84,6.8,6.8,0.0,12.0,4.41,7.8
2023-03-04,10.3,17.1,4.0,8.3,14.7,75,0.0,0.0,0.0,0.0,2.96,7.0
2023-03-05,12.0,16.4,7.1,9.6,13.8,75,0.6,0.6,0.0,4.0,4.88,9.6
2023-03-06,12.7,13.8,11.8,11.0,12.5,86,5.6,5.6,0.0,16.0,5.11,10.3
2023-03-07,12.5,14.7,11.0,11.9,14.0,93,4.2,4.2,0.0,18.0,3.69,10.3
2023-03-08,13.0,17.9,10.0,11.1,14.9,81,7.1,7.1,0.0,10.0,5.61,9.8
2023-03-09,14.2,22.3,7.6,12.4,20.1,66,0.0,0.0,0.0,0.0,4.34,9.1
2023-03-10,15.9,19.7,12.9,14.3,19.9,72,2.7,2.7,0.0,7.0,6.1,13.2
2023-03-11,15.5,18.6,12.8,14.8,17.6,77,6.7,6.7,0.0,16.0,2.82,6.8
2023-03-12,8.8,14.6,4.9,6.2,14.4,92,18.7,18.7,0.0,23.0,6.0,13.2
2023-03-13,8.3,14.8,3.8,5.9,12.1,81,2.4,2.3,0.07,7.0,3.8,7.1
2023-03-14,12.4,20.3,6.3,10.1,18.8,74,0.0,0.0,0.0,0.0,5.79,12.8
2023-03-15,13.4,17.8,9.1,11.7,15.7,82,0.6,0.6,0.0,4.0,5.11,9.8
2023-03-16,16.6,21.3,13.1,14.8,19.3,82,26.4,26.4,0.0,22.0,8.27,16.4
2023-03-17,13.1,17.9,8.2,11.7,17.6,85,12.5,12.5,0.0,11.0,4.1,8.4
2023-03-18,6.9,8.3,5.6,4.7,6.1,96,6.8,6.8,0.0,22.0,2.92,6.9
2023-03-19,6.7,9.0,4.6,4.8,7.5,94,4.2,4.2,0.0,18.0,2.34,4.4
2023-03-20,14.4,21.6,8.4,13.1,20.3,85,2.0,2.0,0.0,9.0,6.63,14.0
2023-03-21,16.5,26.7,9.9,15.8,24.7,74,1.8,1.8,0.0,9.0,6.61,13.5
2023-03-22,15.6,20.5,11.8,14.9,20.6,79,0.1,0.1,0.0,1.0,4.18,7.6
2023-03-23,12.0,14.7,9.7,10.4,13.6,90,2.9,2.9,0.0,13.0,4.67,9.0
2023-03-24,11.5,14.2,8.4,9.6,12.9,88,3.8,3.8,0.0,13.0,4.12,8.1
2023-03-25,8.8,11.5,6.4,6.4,8.9,88,2.3,2.3,0.0,9.0,4.02,8.3
2023-03-26,8.6,10.4,6.7,6.1,8.1,85,1.3,1.3,0.0,5.0,3.8,7.5
2023-03-27,8.4,11.6,5.9,5.9,9.2,83,2.0,2.0,0.0,7.0,3.34,6.4
2023-03-28,8.7,11.0,7.0,6.9,9.6,87,2.8,2.8,0.0,16.0,2.91,6.7
2023-03-29,9.1,12.3,7.2,7.4,10.4,88,2.4,2.4,0.0,8.0,2.69,5.4
2023-03-30,12.8,17.6,8.7,11.7,16.5,80,1.0,1.0,0.0,8.0,3.18,7.1
2023-03-31,13.2,16.5,10.7,12.0,15.7,86,1.7,1.7,0.0,10.0,5.0,10.2
2023-04-01,15.6,20.1,11.7,14.3,18.2,84,0.6,0.6,0.0,5.0,6.17,12.6
2023-04-02,20.3,26.6,16.1,17.9,23.4,73,0.4,0.4,0.0,4.0,11.32,19.2
2023-04-03,22.9,29.8,18.4,20.2,25.8,50,0.0,0.0,0.0,0.0,9.73,20.5
2023-04-04,18.8,23.6,14.7,18.4,22.5,69,0.1,0.1,0.0,1.0,4.24,7.8
2023-04-05,12.8,16.4,9.3,11.1,15.7,86,5.1,5.1,0.0,16.0,4.2,8.2
2023-04-06,10.5,12.6,8.5,8.0,9.9,85,5.3,5.3,0.0,9.0,5.56,9.9
2023-04-07,11.3,15.3,7.8,9.1,13.7,77,0.1,0.1,0.0,1.0,4.34,9.7
2023-04-08,13.9,20.3,9.4,12.1,19.0,62,0.4,0.4,0.0,3.0,3.0,6.4
2023-04-09,14.9,19.0,12.6,12.8,16.4,70,0.0,0.0,0.0,0.0,6.28,12.5
2023-04-10,16.9,23.7,12.3,15.7,22.4,74,0.0,0.0,0.0,0.0,5.85,12.1
2023-04-11,18.7,24.1,14.9,19.0,24.7,76,1.0,1.0,0.0,8.0,3.42,6.4
2023-04-12,18.8,22.2,15.7,18.8,21.7,81,2.1,2.1,0.0,10.0,5.46,13.9
2023-04-13,22.0,28.1,18.2,22.2,28.0,73,7.7,7.7,0.0,16.0,7.15,15.7
2023-04-14,18.8,21.7,17.1,18.6,21.1,82,13.4,13.4,0.0,17.0,5.94,11.8
2023-04-15,18.5,25.0,13.6,18.5,25.0,72,4.9,4.9,0.0,9.0,3.06,7.0
2023-04-16,21.4,29.6,13.7,19.6,28.4,60,0.0,0.0,0.0,0.0,7.45,14.7
2023-04-17,21.5,24.7,19.0,19.9,23.3,69,0.0,0.0,0.0,0.0,9.24,17.9
2023-04-18,21.2,24.9,17.7,22.5,26.1,80,6.2,6.2,0.0,11.0,3.76,9.9
2023-04-19,20.1,26.6,14.5,20.5,27.7,73,0.0,0.0,0.0,0.0,3.85,7.5
2023-04-20,19.5,24.1,16.2,20.3,24.7,83,10.4,10.4,0.0,14.0,4.4,11.7
2023-04-21,21.0,26.4,17.6,21.9,27.7,84,8.3,8.3,0.0,20.0,6.11,13.0
2023-04-22,20.6,25.1,16.1,22.3,26.6,89,33.1,33.1,0.0,24.0,5.22,11.0
2023-04-23,11.6,15.4,8.6,9.9,15.7,93,42.0,42.0,0.0,24.0,4.66,15.7
2023-04-24,8.5,10.6,6.9,5.9,8.5,91,3.5,3.5,0.0,18.0,4.21,7.5
2023-04-25,10.8,16.1,6.9,8.1,13.0,78,1.0,1.0,0.0,3.0,6.09,10.7
2023-04-26,15.1,21.0,8.4,13.3,19.3,64,0.0,0.0,0.0,0.0,5.3,10.6
2023-04-27,17.7,23.0,14.3,15.7,21.0,69,0.2,0.2,0.0,2.0,6.6,13.3
2023-04-28,17.4,20.1,14.7,17.3,19.8,87,5.7,5.7,0.0,18.0,5.16,10.3
2023-04-29,13.1,16.4,10.5,10.9,14.2,78,5.4,5.4,0.0,9.0,7.28,14.8
2023-04-30,15.0,20.9,10.2,14.1,20.7,69,0.0,0.0,0.0,0.0,2.56,5.7
2023-05-01,17.2,22.4,12.1,15.0,19.5,66,0.0,0.0,0.0,0.0,8.04,14.7
2023-05-02,20.2,23.4,17.7,18.6,21.9,75,1.2,1.2,0.0,8.0,8.14,16.2
2023-05-03,24.4,30.8,20.0,22.4,29.4,64,0.1,0.1,0.0,1.0,10.98,20.8
2023-05-04,25.0,31.0,20.2,25.2,31.1,61,0.6,0.6,0.0,4.0,8.21,16.0
2023-05-05,24.3,28.9,20.5,26.7,31.5,73,9.8,9.8,0.0,18.0,3.81,10.1
2023-05-06,20.2,22.3,18.1,20.6,22.6,84,32.4,32.4,0.0,11.0,6.45,12.6
2023-05-07,15.4,18.9,12.6,14.9,19.9,91,5.2,5.2,0.0,11.0,4.07,8.7
2023-05-08,12.1,13.3,11.2,10.7,11.8,91,3.0,3.0,0.0,15.0,3.51,7.6
2023-05-09,13.8,16.2,11.7,13.2,15.4,96,2.8,2.8,0.0,15.0,4.85,10.4
2023-05-10,14.2,15.3,12.2,13.8,15.3,95,10.1,10.1,0.0,24.0,4.27,8.3
2023-05-11,14.6,16.8,13.3,14.0,15.3,91,9.3,9.3,0.0,15.0,4.52,8.7
2023-05-12,15.3,17.9,12.7,14.8,17.2,81,0.0,0.0,0.0,0.0,4.11,7.9
2023-05-13,15.9,19.9,12.8,15.8,20.0,80,1.1,1.1,0.0,5.0,2.46,5.3
2023-05-14,18.2,24.6,13.3,18.5,25.1,74,0.0,0.0,0.0,0.0,2.26,5.6
2023-05-15,19.1,23.9,14.8,19.0,24.4,77,0.9,0.9,0.0,1.0,4.81,10.8
2023-05-16,21.9,27.2,18.2,22.7,28.2,79,2.0,2.0,0.0,8.0,6.8,13.4
2023-05-17,22.6,28.2,18.7,24.5,30.5,75,1.1,1.1,0.0,5.0,3.57,7.8
2023-05-18,21.9,26.0,18.4,22.6,27.0,68,0.2,0.2,0.0,1.0,3.53,7.4
2023-05-19,19.1,21.3,17.4,20.8,23.1,90,8.1,8.1,0.0,20.0,2.66,9.2
2023-05-20,21.3,26.5,18.1,23.6,28.8,89,7.0,7.0,0.0,13.0,4.72,12.9
2023-05-21,24.7,29.8,22.2,26.6,32.3,76,2.4,2.4,0.0,16.0,6.45,13.4
2023-05-22,16.4,22.1,14.1,14.9,24.1,81,36.2,36.2,0.0,10.0,6.36,13.4
2023-05-23,15.0,17.5,12.8,14.5,17.6,83,0.3,0.3,0.0,3.0,2.64,5.6
2023-05-24,18.3,24.6,12.0,18.2,24.6,81,0.0,0.0,0.0,0.0,5.71,11.4
2023-05-25,22.0,26.7,18.8,22.8,28.2,80,6.4,6.4,0.0,13.0,7.22,14.0
2023-05-26,23.6,27.9,20.7,24.0,28.2,79,3.5,3.5,0.0,10.0,7.72,15.9
2023-05-27,24.4,28.2,21.9,24.0,27.3,72,0.7,0.7,0.0,7.0,8.83,17.4
2023-05-28,25.1,29.0,22.0,25.5,29.1,70,1.0,1.0,0.0,10.0,7.45,14.9
2023-05-29,25.7,29.9,22.4,26.7,31.2,69,0.2,0.2,0.0,2.0,6.91,13.2
2023-05-30,25.1,30.0,21.4,28.2,35.9,73,8.6,8.6,0.0,9.0,3.05,7.4
2023-05-31,26.1,31.4,21.2,28.2,34.0,69,2.7,2.7,0.0,4.0,6.31,13.3
2023-06-01,22.8,25.3,20.9,25.7,28.0,87,29.6,29.6,0.0,18.0,3.5,8.6
2023-06-02,23.5,27.3,20.8,26.2,30.1,84,9.9,9.9,0.0,18.0,5.12,10.5
2023-06-03,22.8,27.6,20.2,25.2,30.0,85,15.3,15.3,0.0,21.0,5.01,12.4
2023-06-04,22.8,26.7,19.4,24.4,27.9,82,22.1,22.1,0.0,20.0,6.2,12.4
2023-06-05,17.5,19.0,15.9,17.5,20.7,87,13.3,13.3,0.0,10.0,4.87,12.1
2023-06-06,19.7,23.9,16.2,20.4,25.4,74,0.6,0.6,0.0,6.0,2.7,6.2
2023-06-07,21.7,26.6,18.5,23.5,29.6,79,5.3,5.3,0.0,8.0,3.96,7.9
2023-06-08,19.3,21.8,17.5,19.2,21.4,78,2.9,2.9,0.0,14.0,5.36,10.8
2023-06-09,20.7,25.5,16.4,21.2,26.2,72,0.0,0.0,0.0,0.0,5.4,10.8
2023-06-10,22.0,27.3,17.8,22.3,27.7,63,0.0,0.0,0.0,0.0,4.49,9.0
2023-06-11,21.7,25.6,18.3,22.5,26.4,65,0.0,0.0,0.0,0.0,2.75,5.1
2023-06-12,18.7,20.3,16.8,19.7,21.4,81,8.0,8.0,0.0,15.0,2.8,5.7
2023-06-13,20.1,25.5,16.6,21.2,27.5,79,9.8,9.8,0.0,12.0,3.94,8.6
2023-06-14,20.7,23.8,18.1,22.3,25.0,80,7.1,7.1,0.0,12.0,2.51,6.2
2023-06-15,20.0,22.7,18.1,21.4,23.7,86,10.4,10.4,0.0,21.0,4.85,9.5
2023-06-16,21.8,25.8,19.3,23.0,27.6,86,4.4,4.4,0.0,15.0,6.41,13.6
2023-06-17,24.6,29.6,21.5,25.7,30.7,78,1.6,1.6,0.0,10.0,7.58,14.3
2023-06-18,24.3,28.7,21.4,26.5,32.2,81,25.6,25.6,0.0,16.0,6.73,12.8
2023-06-19,21.2,22.5,19.7,23.4,24.7,87,53.4,53.4,0.0,16.0,3.3,7.1
2023-06-20,22.7,27.9,18.2,25.6,31.4,80,2.4,2.4,0.0,10.0,1.58,5.2
2023-06-21,20.8,24.4,17.2,23.1,28.7,92,16.8,16.8,0.0,18.0,5.22,10.7
2023-06-22,18.1,19.4,16.8,18.9,21.1,90,4.3,4.3,0.0,12.0,3.44,7.0
2023-06-23,19.4,22.2,17.8,21.2,24.2,87,5.4,5.4,0.0,13.0,1.91,5.2
2023-06-24,20.5,24.8,17.0,22.5,27.0,85,2.9,2.9,0.0,15.0,2.66,7.3
2023-06-25,22.4,27.4,18.2,24.6,30.0,78,1.1,1.1,0.0,8.0,2.72,7.5
2023-06-26,23.7,29.6,18.1,25.6,32.5,73,0.4,0.4,0.0,4.0,3.42,7.8
2023-06-27,24.1,28.4,20.9,24.7,28.4,74,0.0,0.0,0.0,0.0,7.28,13.9
2023-06-28,24.6,27.6,22.1,24.6,27.7,74,0.0,0.0,0.0,0.0,8.98,17.9
2023-06-29,24.4,27.5,22.6,26.2,30.5,79,1.6,1.6,0.0,13.0,6.13,12.4
2023-06-30,24.3,27.9,22.1,27.5,31.8,83,6.3,6.3,0.0,14.0,4.0,8.7
2023-07-01,25.6,29.1,22.4,27.8,30.9,79,1.3,1.3,0.0,10.0,6.7,12.7
2023-07-02,26.4,29.9,23.9,28.5,31.7,78,0.8,0.8,0.0,7.0,6.48,13.1
2023-07-03,26.3,30.0,23.9,28.0,31.1,76,0.5,0.5,0.0,5.0,7.6,14.6
2023-07-04,21.2,24.9,18.3,22.1,27.5,80,19.2,19.2,0.0,12.0,5.63,10.7
2023-07-05,23.1,28.5,17.8,23.7,29.4,71,0.0,0.0,0.0,0.0,7.34,14.4
2023-07-06,26.1,30.0,23.2,26.5,30.1,72,0.5,0.5,0.0,4.0,8.86,16.6
2023-07-07,26.4,29.6,23.7,28.0,31.4,73,0.4,0.4,0.0,3.0,7.17,13.7
2023-07-08,24.9,26.7,23.3,27.3,29.6,82,2.5,2.5,0.0,10.0,6.53,12.6
2023-07-09,24.1,28.0,21.8,26.4,30.7,83,11.0,11.0,0.0,16.0,5.46,12.7
2023-07-10,25.3,29.3,22.1,26.2,30.0,75,0.0,0.0,0.0,0.0,7.88,14.4
2023-07-11,26.3,29.6,23.1,27.0,30.1,71,0.1,0.1,0.0,1.0,8.16,16.2
2023-07-12,26.5,30.3,23.7,27.6,31.6,71,0.3,0.3,0.0,3.0,8.29,16.5
2023-07-13,26.6,30.3,23.8,28.4,33.2,71,0.5,0.5,0.0,5.0,6.49,14.5
2023-07-14,21.0,24.1,18.2,21.3,27.9,79,12.5,12.5,0.0,14.0,6.26,12.3
2023-07-15,22.4,27.5,18.1,22.4,27.3,65,0.0,0.0,0.0,0.0,5.91,12.1
2023-07-16,23.5,28.5,18.4,24.2,29.6,64,0.0,0.0,0.0,0.0,5.0,10.2
2023-07-17,23.6,28.4,18.4,23.4,28.8,57,0.0,0.0,0.0,0.0,5.46,11.9
2023-07-18,19.7,22.5,18.1,20.0,22.1,86,36.4,36.4,0.0,22.0,6.42,11.1
2023-07-19,21.2,24.7,19.1,23.9,28.4,94,26.4,26.4,0.0,19.0,4.08,8.5
2023-07-20,22.9,26.6,20.4,25.6,29.2,87,1.6,1.6,0.0,9.0,4.16,9.5
2023-07-21,24.0,28.4,21.0,26.1,30.7,80,0.4,0.4,0.0,4.0,5.58,11.0
2023-07-22,24.2,28.5,20.7,27.6,32.4,83,17.2,17.2,0.0,20.0,3.45,9.3
2023-07-23,24.9,28.3,22.3,27.6,32.8,81,10.6,10.6,0.0,13.0,5.46,11.3
2023-07-24,24.9,28.2,22.2,26.7,29.9,77,0.2,0.2,0.0,2.0,6.4,12.4
2023-07-25,25.0,29.3,21.9,27.5,32.7,77,1.1,1.1,0.0,3.0,5.32,12.1
2023-07-26,23.8,27.3,21.8,26.9,31.6,84,21.8,21.8,0.0,20.0,3.81,7.9
2023-07-27,23.5,26.4,21.6,26.7,29.2,85,5.6,5.6,0.0,22.0,2.97,7.0
2023-07-28,22.1,25.8,19.9,25.2,29.7,90,26.2,26.2,0.0,24.0,3.2,6.6
2023-07-29,23.0,28.1,20.2,26.6,32.4,86,6.2,6.2,0.0,17.0,1.75,5.5
2023-07-30,23.8,28.8,20.9,26.9,32.9,85,17.5,17.5,0.0,21.0,4.41,8.6
2023-07-31,23.6,26.8,21.5,25.8,30.5,83,4.8,4.8,0.0,10.0,5.53,10.8
2023-08-01,23.4,27.4,21.1,26.6,31.7,85,10.9,10.9,0.0,20.0,3.11,7.2
2023-08-02,21.9,24.3,20.1,25.4,27.9,92,21.2,21.2,0.0,24.0,2.47,6.0
2023-08-03,22.8,27.4,20.0,26.1,31.1,88,2.7,2.7,0.0,11.0,3.48,7.7
2023-08-04,24.2,28.8,20.6,27.4,31.9,81,1.0,1.0,0.0,7.0,2.87,6.6
2023-08-05,24.8,29.1,20.8,28.2,33.4,80,0.0,0.0,0.0,0.0,2.62,6.5
2023-08-06,24.5,28.3,21.6,28.3,32.3,83,10.8,10.8,0.0,14.0,3.61,7.5
2023-08-07,23.7,27.8,20.8,27.0,30.2,86,10.6,10.6,0.0,14.0,4.14,9.4
2023-08-08,23.6,27.3,20.8,27.0,30.0,86,8.0,8.0,0.0,11.0,3.58,8.2
2023-08-09,24.7,29.4,21.3,27.9,32.0,80,1.4,1.4,0.0,8.0,3.54,7.3
2023-08-10,25.4,29.8,21.5,28.9,34.3,78,1.3,1.3,0.0,7.0,3.31,7.4
2023-08-11,25.3,30.4,21.4,28.8,33.4,78,10.1,10.1,0.0,8.0,3.94,7.9
2023-08-12,24.8,30.0,21.2,28.3,34.6,78,3.5,3.5,0.0,12.0,2.19,6.0
2023-08-13,24.1,28.4,21.1,27.5,32.2,81,4.2,4.2,0.0,11.0,2.5,6.1
2023-08-14,23.1,27.8,19.6,26.5,32.8,84,1.9,1.9,0.0,13.0,2.1,6.5
2023-08-15,24.1,28.5,21.0,27.1,31.0,78,1.4,1.4,0.0,8.0,2.72,6.2
2023-08-16,24.8,29.5,21.0,27.9,33.3,76,1.4,1.4,0.0,6.0,2.6,6.6
2023-08-17,25.8,31.3,21.8,29.6,36.0,77,1.1,1.1,0.0,7.0,2.2,5.2
2023-08-18,25.2,30.2,21.8,28.7,34.3,78,8.0,8.0,0.0,12.0,3.86,8.3
2023-08-19,24.7,30.6,19.8,27.2,33.6,73,0.3,0.3,0.0,3.0,3.21,7.1
2023-08-20,24.7,28.7,20.9,27.2,31.2,71,0.7,0.7,0.0,7.0,3.35,6.9
2023-08-21,23.2,27.0,21.2,26.4,30.2,84,18.3,18.3,0.0,14.0,2.79,6.3
2023-08-22,23.4,27.6,20.9,27.0,31.5,84,11.3,11.3,0.0,12.0,2.04,5.6
2023-08-23,22.8,27.4,20.6,25.6,30.1,85,1.7,1.7,0.0,7.0,4.61,10.0
2023-08-24,20.7,21.8,19.7,22.9,24.0,91,11.1,11.1,0.0,17.0,3.45,8.5
2023-08-25,22.0,25.0,19.6,24.2,26.3,87,1.2,1.2,0.0,8.0,4.96,10.5
2023-08-26,23.6,27.4,21.3,25.5,28.9,83,14.6,14.6,0.0,14.0,6.74,13.8
2023-08-27,19.2,21.5,16.8,19.3,23.6,86,38.4,38.4,0.0,13.0,5.85,11.3
2023-08-28,19.3,21.0,17.2,20.0,21.3,83,0.4,0.4,0.0,4.0,3.69,7.6
2023-08-29,19.6,24.0,16.4,20.2,24.2,79,0.1,0.1,0.0,1.0,4.14,8.4
2023-08-30,20.2,24.9,16.6,20.5,24.9,73,0.0,0.0,0.0,0.0,5.16,10.6
2023-08-31,19.8,25.6,14.8,19.8,25.9,70,0.0,0.0,0.0,0.0,3.92,8.9
2023-09-01,20.8,26.0,15.3,20.7,25.7,66,0.0,0.0,0.0,0.0,4.7,9.7
2023-09-02,22.4,27.2,17.9,22.7,27.3,67,0.0,0.0,0.0,0.0,5.28,11.0
2023-09-03,21.6,25.9,18.2,22.1,26.2,71,0.0,0.0,0.0,0.0,4.7,11.5
2023-09-04,21.4,26.3,17.7,21.9,27.1,69,0.3,0.3,0.0,3.0,4.67,9.7
2023-09-05,21.3,26.3,16.7,22.4,27.2,74,0.2,0.2,0.0,2.0,3.48,7.2
2023-09-06,22.6,28.4,18.2,23.8,29.9,71,0.0,0.0,0.0,0.0,2.88,6.9
2023-09-07,21.7,25.9,18.4,23.6,27.3,81,1.1,1.1,0.0,7.0,3.38,7.3
2023-09-08,22.8,26.9,19.9,25.1,28.8,81,1.6,1.6,0.0,8.0,3.64,7.8
2023-09-09,23.6,29.0,19.9,26.3,31.7,78,0.6,0.6,0.0,5.0,3.38,6.8
2023-09-10,23.6,28.7,19.7,26.2,32.2,77,0.6,0.6,0.0,4.0,3.31,6.9
2023-09-11,23.3,27.5,19.8,25.6,30.8,77,0.5,0.5,0.0,4.0,2.92,7.0
2023-09-12,19.4,21.2,17.0,19.4,24.5,84,3.8,3.8,0.0,12.0,6.48,12.6
2023-09-13,18.7,20.8,17.1,19.0,21.0,85,3.1,3.1,0.0,7.0,4.52,9.0
2023-09-14,19.8,24.1,16.6,20.1,24.0,74,0.0,0.0,0.0,0.0,4.11,8.2
2023-09-15,20.0,27.0,15.2,20.8,27.7,73,0.0,0.0,0.0,0.0,2.64,6.2
2023-09-16,21.0,27.7,14.8,21.5,28.3,72,0.0,0.0,0.0,0.0,4.14,8.3
2023-09-17,23.1,28.3,18.9,23.9,28.5,76,0.5,0.5,0.0,5.0,6.33,11.7
2023-09-18,23.7,28.4,20.4,24.3,28.6,76,0.3,0.3,0.0,3.0,6.46,13.2
2023-09-19,24.2,28.5,21.5,24.5,28.4,75,0.0,0.0,0.0,0.0,7.98,15.3
2023-09-20,24.4,29.8,21.7,26.5,32.0,79,6.5,6.5,0.0,12.0,4.83,10.7
2023-09-21,20.2,22.1,18.7,22.0,25.5,90,21.6,21.6,0.0,12.0,4.02,9.5
2023-09-22,20.6,24.7,17.1,22.1,26.3,91,4.7,4.7,0.0,21.0,6.0,11.6
2023-09-23,23.2,26.8,20.7,24.1,27.7,79,3.5,3.5,0.0,19.0,6.75,13.4
2023-09-24,22.6,25.6,20.2,23.4,26.0,77,1.0,1.0,0.0,10.0,6.11,12.8
2023-09-25,23.1,27.9,20.1,24.9,29.3,77,2.3,2.3,0.0,13.0,4.1,9.3
2023-09-26,22.9,27.4,20.1,25.0,30.2,80,3.0,3.0,0.0,17.0,4.02,8.7
2023-09-27,21.9,26.4,19.3,23.9,27.8,83,2.7,2.7,0.0,17.0,4.04,9.4
2023-09-28,21.4,26.0,18.8,23.6,27.5,86,3.4,3.4,0.0,13.0,4.51,10.9
2023-09-29,22.3,26.9,18.6,24.4,28.9,81,0.7,0.7,0.0,6.0,4.79,9.5
2023-09-30,23.1,28.0,19.3,25.5,30.6,79,3.8,3.8,0.0,11.0,3.9,9.6
2023-10-01,23.5,27.8,20.8,24.8,27.8,76,0.7,0.7,0.0,5.0,6.31,12.7
2023-10-02,23.9,28.4,21.0,24.6,28.3,74,0.0,0.0,0.0,0.0,6.71,13.8
2023-10-03,23.5,28.0,20.6,25.1,29.3,74,0.1,0.1,0.0,1.0,3.86,8.7
2023-10-04,23.6,28.1,20.9,25.2,29.6,76,2.0,2.0,0.0,9.0,4.73,10.2
2023-10-05,18.3,20.6,16.7,19.2,22.2,92,9.5,9.5,0.0,20.0,3.89,7.6
2023-10-06,15.5,16.6,14.5,15.4,17.0,94,9.6,9.6,0.0,20.0,4.2,8.1
2023-10-07,14.3,15.2,13.6,14.0,15.0,96,2.8,2.8,0.0,19.0,3.96,7.5
2023-10-08,14.7,16.7,13.5,13.9,15.3,86,0.7,0.7,0.0,5.0,3.88,8.8
2023-10-09,15.6,19.9,12.6,14.6,18.8,78,4.4,4.4,0.0,4.0,4.05,8.9
2023-10-10,13.5,15.2,11.9,12.3,13.5,86,7.5,7.5,0.0,16.0,3.75,8.7
2023-10-11,14.3,17.8,11.2,13.3,16.6,82,0.0,0.0,0.0,0.0,4.16,8.4
2023-10-12,14.7,17.5,13.3,14.6,18.4,90,2.3,2.3,0.0,9.0,3.26,6.5
2023-10-13,13.2,14.2,12.2,12.9,14.0,97,5.6,5.6,0.0,24.0,3.07,6.4
2023-10-14,14.8,18.9,10.8,14.4,18.2,86,2.3,2.3,0.0,11.0,2.82,6.1
2023-10-15,15.2,22.5,10.3,14.7,22.7,76,0.0,0.0,0.0,0.0,2.98,5.8
2023-10-16,17.2,23.6,12.1,16.2,23.3,68,0.0,0.0,0.0,0.0,3.7,8.3
2023-10-17,18.4,25.0,12.8,17.0,23.0,67,0.0,0.0,0.0,0.0,6.32,12.3
2023-10-18,19.5,24.2,15.9,18.1,22.2,73,0.0,0.0,0.0,0.0,7.61,14.1
2023-10-19,16.2,18.0,12.0,15.2,19.3,84,3.4,3.4,0.0,14.0,5.92,11.8
2023-10-20,12.2,14.3,9.5,9.5,11.9,78,0.4,0.4,0.0,4.0,5.89,11.6
2023-10-21,12.8,19.5,7.3,11.0,18.2,68,0.0,0.0,0.0,0.0,2.75,7.0
2023-10-22,15.4,21.9,10.0,14.1,21.3,63,0.0,0.0,0.0,0.0,2.73,6.4
2023-10-23,17.6,22.4,13.3,16.7,21.0,71,0.5,0.5,0.0,3.0,5.32,10.0
2023-10-24,19.4,22.7,17.1,19.8,23.5,80,1.6,1.6,0.0,11.0,5.14,10.3
2023-10-25,17.9,21.6,14.9,18.7,23.1,88,2.4,2.4,0.0,11.0,3.41,6.9
2023-10-26,14.3,15.0,13.5,14.0,15.3,94,11.9,11.9,0.0,23.0,3.24,5.8
2023-10-27,12.9,14.0,11.3,11.7,13.7,92,3.8,3.8,0.0,10.0,4.16,7.9
2023-10-28,14.8,18.6,12.1,14.2,18.9,80,0.0,0.0,0.0,0.0,2.97,6.0
2023-10-29,14.4,18.4,11.3,13.8,17.8,84,1.7,1.7,0.0,6.0,3.21,7.0
2023-10-30,14.7,21.9,9.7,14.4,22.5,81,0.0,0.0,0.0,0.0,3.0,5.6
2023-10-31,15.7,23.0,11.0,14.6,22.1,75,0.0,0.0,0.0,0.0,3.34,7.6
2023-11-01,16.4,23.7,10.8,15.4,22.8,75,0.0,0.0,0.0,0.0,4.24,9.0
2023-11-02,18.1,24.1,13.6,17.5,23.7,77,0.0,0.0,0.0,0.0,5.28,10.0
2023-11-03,18.3,21.5,16.4,18.6,22.0,83,2.2,2.2,0.0,13.0,4.54,9.3
2023-11-04,18.9,24.4,14.9,18.4,22.2,81,4.8,4.8,0.0,11.0,7.5,14.8
2023-11-05,18.4,22.9,14.3,17.4,21.7,75,2.1,2.1,0.0,5.0,7.41,14.1
2023-11-06,15.7,20.3,12.0,14.5,19.1,71,1.2,1.2,0.0,6.0,2.94,6.6
2023-11-07,15.0,19.4,10.1,13.4,16.9,79,0.3,0.3,0.0,2.0,6.68,12.3
2023-11-08,17.6,20.9,15.3,16.9,19.9,84,2.9,2.9,0.0,10.0,6.93,13.1
2023-11-09,17.1,20.2,14.2,17.9,21.3,86,11.6,11.6,0.0,16.0,2.69,9.9
2023-11-10,15.0,16.4,12.5,14.7,16.3,93,15.3,15.3,0.0,18.0,4.05,8.3
2023-11-11,11.6,12.7,9.7,10.3,11.6,95,13.4,13.4,0.0,23.0,4.03,10.3
2023-11-12,6.6,9.6,3.8,3.5,7.2,94,18.5,18.5,0.0,23.0,4.61,8.8
2023-11-13,4.5,6.8,2.8,1.3,4.0,89,4.0,4.0,0.0,8.0,4.25,8.4
2023-11-14,6.7,9.0,4.9,4.7,7.3,87,0.0,0.0,0.0,0.0,1.92,4.2
2023-11-15,6.8,7.6,6.0,4.3,5.5,95,2.1,2.1,0.0,10.0,5.47,11.4
2023-11-16,8.8,12.6,6.4,5.1,8.1,76,0.3,0.3,0.0,3.0,6.43,12.1
2023-11-17,8.7,14.6,3.3,5.9,11.3,67,0.0,0.0,0.0,0.0,3.44,7.7
2023-11-18,10.2,13.0,8.6,8.4,10.8,68,0.0,0.0,0.0,0.0,1.99,4.2
2023-11-19,11.7,18.3,7.7,10.2,16.6,74,0.0,0.0,0.0,0.0,2.72,5.6
2023-11-20,12.3,20.2,5.4,10.6,18.5,75,0.0,0.0,0.0,0.0,3.96,8.1
2023-11-21,13.8,19.9,9.0,11.4,17.4,73,0.0,0.0,0.0,0.0,5.71,11.9
2023-11-22,12.5,15.3,10.0,11.4,14.4,83,1.1,1.1,0.0,8.0,3.64,6.8
2023-11-23,11.6,15.9,7.8,10.7,14.5,88,0.2,0.2,0.0,2.0,2.87,6.5
2023-11-24,12.9,16.4,9.5,11.4,14.4,88,0.0,0.0,0.0,0.0,4.83,10.2
2023-11-25,15.4,18.4,13.5,13.5,16.9,81,3.5,3.5,0.0,12.0,7.91,14.3
2023-11-26,12.6,16.8,8.2,11.1,15.2,83,13.3,13.3,0.0,10.0,4.12,7.8
2023-11-27,12.3,20.5,6.8,11.1,19.8,81,0.0,0.0,0.0,0.0,2.69,6.3
2023-11-28,13.6,20.6,7.0,10.5,16.8,65,0.0,0.0,0.0,0.0,6.95,13.8
2023-11-29,13.0,17.1,9.9,10.9,15.7,75,0.2,0.2,0.0,2.0,6.44,12.7
2023-11-30,7.2,12.2,4.4,4.6,10.9,94,5.5,5.5,0.0,22.0,3.78,7.7
2023-12-01,4.8,6.4,3.3,1.8,3.5,85,0.6,0.6,0.0,6.0,3.14,6.5
2023-12-02,4.4,6.4,2.8,2.1,4.5,96,1.9,1.9,0.0,15.0,2.13,4.3
2023-12-03,6.3,8.1,4.8,4.3,6.6,93,1.7,1.7,0.0,14.0,2.39,4.5
2023-12-04,8.0,11.3,6.0,5.7,9.3,88,0.6,0.6,0.0,3.0,3.92,7.0
2023-12-05,8.3,12.0,4.4,6.5,10.9,91,1.1,1.1,0.0,6.0,3.59,7.6
2023-12-06,10.2,15.2,7.2,7.4,12.4,77,0.6,0.6,0.0,3.0,5.7,11.6
2023-12-07,10.2,17.7,3.1,6.8,13.5,67,0.0,0.0,0.0,0.0,5.36,10.8
2023-12-08,12.1,15.8,9.5,9.8,14.0,76,2.1,2.1,0.0,5.0,4.71,10.5
2023-12-09,14.1,19.7,9.3,13.1,19.2,83,0.1,0.1,0.0,1.0,5.07,10.6
2023-12-10,17.9,22.4,14.1,16.3,19.9,76,0.9,0.9,0.0,9.0,7.39,14.4
2023-12-11,14.2,17.2,10.8,13.0,18.3,83,3.6,3.6,0.0,17.0,4.75,8.6
2023-12-12,10.2,13.0,7.1,7.6,10.3,87,2.4,2.4,0.0,12.0,6.3,12.0
2023-12-13,14.4,17.7,11.5,11.3,14.5,91,0.0,0.0,0.0,0.0,8.9,17.6
2023-12-14,17.8,20.9,15.1,14.9,17.8,78,1.0,1.0,0.0,5.0,9.9,18.8
2023-12-15,11.5,17.0,2.5,9.1,14.8,86,5.3,5.1,0.14,18.0,7.57,14.0
2023-12-16,0.5,2.6,-1.9,-4.7,-2.1,68,0.7,0.1,0.42,6.0,6.0,11.7
2023-12-17,-2.0,0.1,-3.5,-6.5,-4.2,73,0.1,0.1,0.0,1.0,4.24,8.2
2023-12-18,-2.1,-0.6,-3.5,-6.3,-4.8,89,2.4,1.0,0.98,12.0,3.77,7.5
2023-12-19,0.5,2.4,-0.9,-3.7,-1.7,81,0.0,0.0,0.0,0.0,3.63,7.6
2023-12-20,1.4,4.7,-1.1,-2.5,0.9,78,0.0,0.0,0.0,0.0,3.67,7.9
2023-12-21,0.6,4.0,-1.9,-3.6,-0.5,74,0.0,0.0,0.0,0.0,4.33,10.0
2023-12-22,0.6,4.0,-2.6,-3.5,-0.0,67,0.0,0.0,0.0,0.0,3.91,7.2
2023-12-23,2.4,8.1,-2.5,-1.0,4.9,68,0.0,0.0,0.0,0.0,2.84,5.4
2023-12-24,3.5,7.4,0.2,-0.2,3.5,71,0.0,0.0,0.0,0.0,3.91,8.2
2023-12-25,4.5,11.1,-1.1,1.0,6.8,65,0.0,0.0,0.0,0.0,3.55,7.9
2023-12-26,6.6,10.9,3.4,3.8,8.8,61,0.0,0.0,0.0,0.0,2.4,3.7
2023-12-27,8.3,15.7,2.7,5.3,12.3,70,0.0,0.0,0.0,0.0,4.0,8.7
2023-12-28,9.7,14.2,6.4,6.7,11.3,77,0.0,0.0,0.0,0.0,6.31,11.8
2023-12-29,8.3,11.0,5.3,6.5,10.2,90,7.2,7.2,0.0,23.0,3.49,7.1
2023-12-30,9.8,17.9,4.7,8.0,16.4,81,0.4,0.4,0.0,2.0,3.26,8.2
2023-12-31,10.1,15.0,6.6,8.6,14.1,94,7.8,7.8,0.0,16.0,3.32,8.7
2024-01-01,8.7,10.6,4.5,6.6,9.2,95,24.8,24.8,0.0,24.0,4.5,11.0
2024-01-02,6.7,9.1,4.4,3.7,5.8,88,3.8,3.8,0.0,6.0,4.6,9.2
2024-01-03,7.9,11.2,6.2,5.0,7.7,71,1.0,1.0,0.0,7.0,3.05,7.0
2024-01-04,8.4,12.3,4.3,5.2,8.8,70,0.0,0.0,0.0,0.0,5.68,11.0
2024-01-05,8.5,9.8,6.6,6.6,7.9,86,1.5,1.5,0.0,13.0,2.83,6.3
2024-01-06,9.1,12.2,6.4,7.1,10.3,83,0.4,0.4,0.0,4.0,3.47,6.0
2024-01-07,8.2,9.3,6.1,6.2,8.1,97,13.8,13.8,0.0,23.0,4.04,10.3
2024-01-08,6.9,8.8,5.3,4.9,7.3,95,5.6,5.6,0.0,9.0,3.08,10.9
2024-01-09,8.6,12.6,6.0,6.7,10.0,89,1.6,1.6,0.0,8.0,3.14,7.5
2024-01-10,8.1,10.6,5.6,5.8,8.3,84,2.0,2.0,0.0,9.0,2.76,7.2
2024-01-11,7.8,10.3,5.8,6.2,8.9,94,1.6,1.6,0.0,9.0,2.38,4.9
2024-01-12,9.7,12.4,7.5,8.7,11.5,92,2.3,2.3,0.0,9.0,1.88,4.7
2024-01-13,12.2,15.7,9.9,10.7,13.5,88,0.3,0.3,0.0,2.0,4.3,9.2
2024-01-14,13.8,17.7,11.5,12.4,16.2,84,1.2,1.2,0.0,11.0,3.96,8.7
2024-01-15,14.2,16.6,12.3,11.7,13.3,86,1.6,1.6,0.0,12.0,7.81,15.0
2024-01-16,14.0,16.3,11.7,10.7,12.6,87,1.1,1.1,0.0,8.0,9.44,17.3
2024-01-17,12.4,14.2,11.3,9.9,11.4,91,3.6,3.6,0.0,13.0,7.13,13.5
2024-01-18,14.7,19.2,11.8,12.3,16.5,78,5.8,5.8,0.0,20.0,7.67,15.3
2024-01-19,6.4,11.4,4.1,3.8,11.1,94,11.8,11.8,0.0,18.0,3.83,12.1
2024-01-20,4.8,6.9,2.4,1.6,3.8,89,0.2,0.2,0.0,1.0,3.62,7.2
2024-01-21,1.2,2.5,-1.1,-2.5,-0.8,92,11.4,5.3,4.27,20.0,4.4,9.2
2024-01-22,-3.0,-0.9,-6.3,-7.7,-5.6,90,7.9,0.0,5.53,15.0,5.22,9.3
2024-01-23,-5.6,-4.7,-6.3,-10.2,-9.3,82,0.1,0.0,0.07,1.0,3.45,7.4
2024-01-24,-4.4,-2.3,-5.9,-8.8,-6.5,76,0.5,0.0,0.35,5.0,2.8,6.4
2024-01-25,-2.4,-1.3,-3.8,-6.3,-4.7,78,0.1,0.1,0.0,1.0,2.41,6.0
2024-01-26,-1.0,0.5,-2.5,-4.7,-2.9,80,0.3,0.0,0.21,3.0,3.24,6.2
2024-01-27,0.8,3.0,-0.9,-2.9,-0.8,85,1.1,0.1,0.7,10.0,3.26,6.6
2024-01-28,1.8,3.6,0.3,-1.2,0.7,90,0.3,0.0,0.21,3.0,2.31,4.6
2024-01-29,4.5,8.1,1.8,1.7,4.7,88,0.0,0.0,0.0,0.0,3.96,9.2
2024-01-30,7.9,14.2,4.9,5.2,12.7,89,1.2,1.2,0.0,6.0,6.65,14.2
2024-01-31,11.9,18.1,7.3,9.1,14.8,83,2.1,2.1,0.0,12.0,7.66,15.5
2024-02-01,7.6,11.7,4.7,5.3,11.9,92,6.4,6.4,0.0,21.0,3.58,13.9
2024-02-02,6.4,11.6,2.9,4.0,10.1,93,10.5,10.5,0.0,24.0,3.64,13.7
2024-02-03,1.3,3.1,-0.0,-2.2,-0.5,96,17.7,17.6,0.07,24.0,3.47,11.9
2024-02-04,3.3,9.5,-0.7,0.2,6.9,86,2.2,2.0,0.14,9.0,3.9,7.3
2024-02-05,0.1,1.7,-1.0,-3.5,-1.6,95,3.4,3.4,0.0,15.0,3.68,6.9
2024-02-06,0.3,2.2,-0.9,-3.2,-1.8,93,2.1,2.1,0.0,16.0,3.69,7.5
2024-02-07,-0.1,1.2,-1.1,-4.1,-2.8,89,0.6,0.4,0.14,6.0,3.91,7.8
2024-02-08,-0.1,2.1,-1.6,-3.9,-1.9,86,0.3,0.0,0.21,3.0,3.58,7.5
2024-02-09,2.9,7.3,0.1,-0.7,3.2,82,0.1,0.0,0.07,1.0,3.83,8.4
2024-02-10,5.3,15.7,-1.7,2.3,12.7,68,0.0,0.0,0.0,0.0,2.53,4.7
2024-02-11,8.2,17.3,-0.9,3.8,11.9,51,0.0,0.0,0.0,0.0,6.81,13.7
2024-02-12,11.5,17.9,6.2,7.2,14.1,54,0.0,0.0,0.0,0.0,6.75,13.9
2024-02-13,13.5,22.1,6.4,10.3,18.5,67,0.1,0.1,0.0,1.0,5.87,13.3
2024-02-14,15.1,21.8,10.6,12.4,20.4,74,2.2,2.2,0.0,5.0,7.68,14.6
2024-02-15,8.3,12.4,6.1,4.5,9.1,77,2.8,2.8,0.0,16.0,5.92,12.1
2024-02-16,8.5,13.3,4.9,5.7,9.7,74,0.0,0.0,0.0,0.0,5.82,11.7
2024-02-17,14.4,21.6,8.3,10.7,18.0,75,0.0,0.0,0.0,0.0,10.22,19.7
2024-02-18,18.9,26.7,13.1,14.9,21.7,57,0.0,0.0,0.0,0.0,8.49,16.3
2024-02-19,19.5,25.9,13.1,16.8,23.7,56,0.0,0.0,0.0,0.0,7.73,14.9
2024-02-20,20.7,26.7,15.2,16.3,20.1,51,0.0,0.0,0.0,0.0,10.75,21.0
2024-02-21,12.1,19.4,2.0,9.2,15.5,70,0.7,0.7,0.0,5.0,7.55,14.9
2024-02-22,-0.2,2.1,-2.9,-4.6,-2.3,90,3.0,3.0,0.0,19.0,4.82,9.0
2024-02-23,-3.0,-1.4,-3.6,-7.3,-5.5,95,2.8,2.8,0.0,22.0,3.71,7.6
2024-02-24,-1.6,0.5,-3.4,-5.8,-3.6,91,1.1,1.1,0.0,11.0,3.37,7.3
2024-02-25,0.2,3.7,-1.5,-3.3,0.2,92,0.5,0.5,0.0,5.0,3.68,6.8
2024-02-26,-0.1,2.0,-2.1,-4.0,-1.9,89,0.6,0.5,0.07,4.0,3.4,7.3
2024-02-27,2.4,6.7,-0.8,-1.1,3.1,83,0.3,0.2,0.07,3.0,4.03,8.3
2024-02-28,3.2,5.7,1.0,0.0,2.7,92,2.5,2.5,0.0,20.0,4.07,7.9
2024-02-29,3.6,6.5,1.8,-0.1,3.0,85,1.4,1.3,0.07,6.0,4.14,8.2
2024-03-01,2.8,6.8,0.5,-1.0,3.5,76,0.2,0.1,0.07,2.0,4.2,7.4
2024-03-02,5.7,11.7,1.0,2.5,8.4,69,0.1,0.1,0.0,1.0,4.04,8.5
2024-03-03,7.4,10.2,4.4,3.8,6.3,83,0.4,0.4,0.0,4.0,5.6,12.2
2024-03-04,11.7,19.1,7.0,9.8,17.5,84,1.4,1.4,0.0,10.0,4.74,11.5
2024-03-05,9.3,12.3,6.6,6.4,10.1,85,2.0,2.0,0.0,11.0,5.04,9.8
2024-03-06,8.6,12.5,5.8,5.4,9.6,75,1.4,1.4,0.0,5.0,4.44,8.3
2024-03-07,7.9,10.5,5.6,4.6,6.9,71,0.8,0.8,0.0,8.0,3.89,8.3
2024-03-08,8.9,11.9,6.3,6.1,9.0,71,0.6,0.6,0.0,6.0,4.1,9.0
2024-03-09,8.4,12.3,5.5,6.3,10.6,84,2.4,2.4,0.0,8.0,3.22,6.9
2024-03-10,9.7,13.4,6.8,7.5,12.1,85,1.5,1.5,0.0,12.0,4.32,8.7
2024-03-11,12.0,19.7,6.6,9.9,18.4,71,1.8,1.8,0.0,3.0,4.44,8.9
2024-03-12,13.5,20.2,8.2,10.4,16.4,67,2.2,2.2,0.0,6.0,7.61,15.6
2024-03-13,10.8,13.4,9.2,9.3,11.6,91,15.3,15.3,0.0,23.0,4.53,11.3
2024-03-14,11.6,15.3,8.9,10.3,14.0,85,3.1,3.1,0.0,9.0,3.51,7.4
2024-03-15,13.2,16.6,10.5,11.9,15.3,90,3.2,3.2,0.0,18.0,5.32,11.3
2024-03-16,14.6,18.2,11.3,14.5,18.5,88,2.5,2.5,0.0,17.0,3.54,6.2
2024-03-17,14.3,16.5,11.3,13.6,16.3,88,8.0,8.0,0.0,15.0,4.9,8.3
2024-03-18,11.0,12.2,9.4,8.1,10.7,87,8.8,8.8,0.0,15.0,6.5,12.9
2024-03-19,10.2,14.1,7.6,7.4,10.9,74,1.1,1.1,0.0,7.0,5.22,10.6
2024-03-20,10.9,15.4,7.1,8.7,12.9,65,0.0,0.0,0.0,0.0,2.8,6.1
2024-03-21,15.3,23.5,9.8,13.1,21.9,64,0.0,0.0,0.0,0.0,5.81,11.0
2024-03-22,18.1,24.4,13.6,15.5,22.8,77,0.2,0.2,0.0,1.0,8.8,17.1
2024-03-23,21.2,28.0,16.2,18.4,24.9,60,0.0,0.0,0.0,0.0,8.92,18.0
2024-03-24,22.8,30.2,17.4,20.2,25.5,57,0.9,0.9,0.0,1.0,9.44,18.4
2024-03-25,17.3,22.7,11.6,15.6,21.4,64,8.2,8.2,0.0,3.0,6.55,13.2
2024-03-26,14.5,17.8,11.0,12.6,15.3,79,0.6,0.6,0.0,3.0,6.53,14.1
2024-03-27,17.7,23.4,13.1,16.1,21.3,82,27.7,27.7,0.0,18.0,8.37,18.3
2024-03-28,15.2,21.3,11.4,13.6,20.7,72,0.3,0.3,0.0,3.0,5.13,9.6
2024-03-29,16.8,23.4,10.4,15.0,21.3,69,1.1,1.1,0.0,5.0,7.16,15.8
2024-03-30,18.8,25.3,15.1,18.1,27.0,73,8.1,8.1,0.0,4.0,5.83,12.1
2024-03-31,18.6,24.3,13.3,18.6,25.2,74,3.2,3.2,0.0,5.0,4.8,8.2
2024-04-01,22.5,30.5,17.5,21.4,28.2,68,0.4,0.4,0.0,4.0,7.78,16.7
2024-04-02,21.3,27.3,16.9,21.8,27.3,66,0.2,0.2,0.0,2.0,2.72,7.7
2024-04-03,19.2,23.2,15.2,19.4,23.7,79,2.0,2.0,0.0,11.0,4.49,8.2
2024-04-04,14.0,16.4,11.5,12.8,15.1,88,16.2,16.2,0.0,13.0,3.89,8.5
2024-04-05,11.5,13.2,10.2,10.2,12.7,93,5.0,5.0,0.0,8.0,3.51,7.2
2024-04-06,11.4,13.6,9.7,10.1,12.8,92,6.3,6.3,0.0,14.0,3.38,6.9
2024-04-07,11.2,12.9,9.5,9.9,12.0,92,3.2,3.2,0.0,15.0,3.58,7.4
2024-04-08,13.7,16.8,11.1,12.7,15.8,82,0.9,0.9,0.0,5.0,3.3,6.8
2024-04-09,15.5,18.9,12.6,14.7,17.5,76,0.7,0.7,0.0,6.0,4.05,8.2
2024-04-10,16.4,20.0,14.8,16.2,20.9,88,4.7,4.7,0.0,18.0,4.24,8.6
2024-04-11,15.4,17.5,13.4,15.8,18.2,94,18.2,18.2,0.0,22.0,3.58,9.3
2024-04-12,18.7,24.7,14.0,19.4,25.6,85,15.3,15.3,0.0,18.0,4.58,9.8
2024-04-13,23.6,30.1,19.6,23.7,30.4,71,0.7,0.7,0.0,4.0,7.08,13.5
2024-04-14,22.9,28.6,18.5,24.7,30.8,75,1.4,1.4,0.0,7.0,4.52,8.4
2024-04-15,23.5,28.3,19.8,24.1,29.0,76,0.5,0.5,0.0,3.0,6.62,12.8
2024-04-16,21.2,24.9,16.2,22.9,28.5,83,14.4,14.4,0.0,19.0,5.45,10.7
2024-04-17,19.1,23.0,16.3,19.8,24.4,80,3.4,3.4,0.0,9.0,4.22,8.7
2024-04-18,18.6,23.1,15.5,18.9,22.5,86,3.7,3.7,0.0,14.0,6.1,13.0
2024-04-19,19.4,25.2,15.2,19.7,25.0,79,3.0,3.0,0.0,11.0,5.06,9.7
2024-04-20,16.5,18.6,13.1,16.6,19.9,90,22.6,22.6,0.0,24.0,4.9,9.5
2024-04-21,14.5,16.4,12.8,13.8,15.7,87,6.0,6.0,0.0,7.0,3.83,8.3
2024-04-22,14.9,18.1,12.6,14.8,18.1,88,4.2,4.2,0.0,11.0,4.02,8.3
2024-04-23,15.9,19.4,13.2,15.2,18.6,81,4.9,4.9,0.0,10.0,4.8,9.3
2024-04-24,16.3,18.9,14.4,16.5,19.1,86,12.0,12.0,0.0,15.0,5.32,10.3
2024-04-25,16.1,20.3,13.1,16.2,20.2,89,19.4,19.4,0.0,18.0,3.2,10.5
2024-04-26,18.5,25.7,12.8,19.5,27.5,79,1.1,1.1,0.0,4.0,2.24,7.4
2024-04-27,19.2,24.4,15.7,20.4,26.1,82,22.6,22.6,0.0,13.0,2.5,10.5
2024-04-28,21.1,27.7,15.6,22.0,28.9,77,0.2,0.2,0.0,1.0,4.94,9.9
2024-04-29,23.0,30.0,18.6,23.7,30.4,79,31.7,31.7,0.0,12.0,7.96,18.1
2024-04-30,15.2,18.4,13.4,13.1,19.4,80,1.1,1.1,0.0,5.0,6.55,13.0
2024-05-01,12.1,13.6,10.2,10.6,11.9,89,6.6,6.6,0.0,20.0,3.76,7.2
2024-05-02,11.2,13.0,9.6,10.3,12.4,97,5.5,5.5,0.0,20.0,4.08,8.1
2024-05-03,13.1,15.0,11.3,12.6,15.3,98,30.7,30.7,0.0,24.0,4.7,12.5
2024-05-04,13.8,17.2,11.1,12.6,15.6,87,14.1,14.1,0.0,13.0,4.66,11.9
2024-05-05,16.5,24.5,9.5,16.7,25.8,75,0.5,0.5,0.0,1.0,2.63,4.8
2024-05-06,18.3,21.5,15.2,18.8,22.1,85,14.8,14.8,0.0,20.0,4.46,9.6
2024-05-07,17.5,20.7,15.1,18.9,22.8,92,16.1,16.1,0.0,20.0,3.68,8.0
2024-05-08,14.6,15.6,13.2,14.8,16.0,96,24.8,24.8,0.0,24.0,3.71,7.4
2024-05-09,17.0,20.3,14.1,17.5,20.5,91,4.9,4.9,0.0,15.0,4.73,9.7
2024-05-10,20.7,25.4,16.9,20.2,24.3,82,3.5,3.5,0.0,12.0,8.93,17.2
2024-05-11,18.7,21.4,15.3,19.1,22.0,86,15.1,15.1,0.0,16.0,5.86,11.7
2024-05-12,15.0,16.3,13.8,14.4,15.9,91,0.7,0.7,0.0,5.0,3.89,8.1
2024-05-13,17.7,23.7,13.5,17.9,23.3,76,0.2,0.2,0.0,2.0,2.28,5.7
2024-05-14,19.2,24.9,12.3,18.7,24.0,71,0.6,0.6,0.0,3.0,5.41,11.2
2024-05-15,17.4,19.2,14.8,18.4,19.8,92,38.2,38.2,0.0,21.0,3.78,7.3
2024-05-16,17.1,20.3,14.0,17.3,19.7,84,1.0,1.0,0.0,5.0,4.59,8.4
2024-05-17,18.0,21.0,16.3,18.9,22.1,93,16.2,16.2,0.0,19.0,3.42,7.2
2024-05-18,18.2,20.0,16.9,20.1,22.7,98,17.7,17.7,0.0,20.0,3.11,8.2
2024-05-19,19.6,24.1,17.3,20.9,25.2,86,3.8,3.8,0.0,9.0,4.11,9.4
2024-05-20,19.6,23.0,15.9,20.0,23.6,78,1.3,1.3,0.0,9.0,5.43,10.8
2024-05-21,18.7,22.0,16.5,19.9,23.2,88,1.8,1.8,0.0,11.0,3.62,8.0
2024-05-22,20.3,26.2,16.5,21.7,27.6,77,0.6,0.6,0.0,5.0,2.33,4.4
2024-05-23,21.8,28.4,15.2,23.4,31.4,74,0.7,0.7,0.0,5.0,3.35,7.6
2024-05-24,23.8,29.5,18.3,25.2,31.3,72,0.4,0.4,0.0,2.0,5.08,10.7
2024-05-25,24.3,29.0,20.7,25.1,30.4,74,0.2,0.2,0.0,1.0,6.77,13.8
2024-05-26,22.6,27.1,19.7,24.4,28.8,83,6.3,6.3,0.0,11.0,4.9,9.5
2024-05-27,21.6,25.5,18.2,23.5,27.1,82,1.2,1.2,0.0,2.0,3.3,6.4
2024-05-28,19.9,21.3,18.7,20.9,22.5,89,5.2,5.2,0.0,12.0,5.2,10.2
2024-05-29,19.8,22.4,15.5,20.3,24.5,93,33.3,33.3,0.0,22.0,6.26,12.7
2024-05-30,16.5,18.6,14.6,15.3,17.4,87,46.8,46.8,0.0,13.0,6.04,11.7
2024-05-31,19.2,22.8,15.3,19.4,23.2,75,0.0,0.0,0.0,0.0,3.95,8.4
2024-06-01,20.4,23.7,16.8,21.2,24.5,78,1.2,1.2,0.0,9.0,3.9,6.6
2024-06-02,18.4,20.7,16.1,19.5,22.7,90,12.1,12.1,0.0,11.0,4.18,8.4
2024-06-03,15.9,16.8,14.7,16.2,17.3,97,30.2,30.2,0.0,22.0,3.62,7.2
2024-06-04,15.1,16.7,13.7,15.3,17.1,96,7.6,7.6,0.0,13.0,3.35,7.9
2024-06-05,18.0,21.2,15.4,18.7,21.9,85,0.0,0.0,0.0,0.0,3.61,7.3
2024-06-06,20.1,24.1,15.8,21.0,24.9,83,0.9,0.9,0.0,8.0,4.44,9.2
2024-06-07,18.6,19.9,16.8,20.3,22.5,97,16.6,16.6,0.0,21.0,3.42,6.9
2024-06-08,17.3,18.6,16.2,18.7,20.6,100,18.1,18.1,0.0,24.0,3.57,8.6
2024-06-09,17.0,17.8,16.3,18.0,18.9,99,28.3,28.3,0.0,24.0,3.65,6.6
2024-06-10,19.8,22.9,16.7,22.1,25.6,89,5.2,5.2,0.0,13.0,1.94,4.7
2024-06-11,21.5,25.2,19.2,24.5,30.3,90,15.3,15.3,0.0,14.0,4.47,8.1
2024-06-12,22.5,27.6,19.1,25.0,29.9,78,2.7,2.7,0.0,6.0,1.87,5.2
2024-06-13,22.4,26.7,18.4,25.2,30.7,86,33.5,33.5,0.0,15.0,2.92,7.6
2024-06-14,23.5,28.0,20.4,25.6,30.5,76,3.9,3.9,0.0,6.0,4.15,8.4
2024-06-15,24.2,28.7,19.8,26.7,32.1,73,0.5,0.5,0.0,5.0,2.44,6.0
2024-06-16,24.3,29.6,20.9,27.6,33.0,81,14.0,14.0,0.0,14.0,3.02,7.4
2024-06-17,20.9,22.2,19.8,23.3,25.9,94,32.5,32.5,0.0,19.0,5.73,11.1
2024-06-18,21.1,23.8,19.4,23.9,26.2,93,6.6,6.6,0.0,16.0,3.68,7.5
2024-06-19,22.7,26.4,20.6,26.2,30.1,91,17.9,17.9,0.0,19.0,3.41,8.0
2024-06-20,24.1,28.2,21.0,26.5,30.5,86,11.5,11.5,0.0,15.0,6.07,12.7
2024-06-21,25.0,28.4,23.1,27.8,31.4,83,6.8,6.8,0.0,14.0,6.77,13.6
2024-06-22,21.7,23.4,20.3,25.1,27.5,94,21.5,21.5,0.0,23.0,3.01,6.9
2024-06-23,21.2,23.8,20.1,24.4,26.9,92,23.0,23.0,0.0,23.0,2.94,8.2
2024-06-24,19.7,20.7,18.3,21.7,23.5,94,15.2,15.2,0.0,21.0,4.42,8.9
2024-06-25,17.6,18.5,16.4,18.6,19.8,95,17.3,17.3,0.0,24.0,3.4,6.7
2024-06-26,17.6,19.4,16.0,19.5,21.6,98,20.5,20.5,0.0,18.0,2.31,7.3
2024-06-27,21.5,25.0,18.6,22.9,26.2,91,1.1,1.1,0.0,8.0,6.83,13.8
2024-06-28,22.4,24.0,20.7,23.3,26.5,88,4.0,4.0,0.0,14.0,8.61,16.0
2024-06-29,21.8,23.2,19.9,24.8,26.4,92,12.4,12.4,0.0,20.0,3.95,10.3
2024-06-30,21.8,24.9,19.2,24.8,27.8,94,29.7,29.7,0.0,23.0,3.77,8.0
2024-07-01,22.0,24.7,18.7,24.5,27.9,92,26.8,26.8,0.0,20.0,4.75,8.4
2024-07-02,22.5,29.0,16.6,24.5,31.3,77,0.0,0.0,0.0,0.0,4.25,7.3
2024-07-03,22.3,24.4,20.6,23.0,25.0,87,3.4,3.4,0.0,11.0,8.53,16.7
2024-07-04,23.5,26.9,20.9,23.7,26.8,81,0.3,0.3,0.0,3.0,8.68,17.4
2024-07-05,24.0,26.7,22.0,24.1,27.1,78,0.4,0.4,0.0,4.0,8.68,18.7
2024-07-06,24.7,27.9,22.3,25.1,28.2,77,0.8,0.8,0.0,8.0,8.22,16.3
2024-07-07,25.5,29.0,22.8,25.2,28.2,74,0.3,0.3,0.0,3.0,10.21,19.8
2024-07-08,25.6,28.4,23.5,25.8,28.6,75,0.5,0.5,0.0,5.0,9.72,18.4
2024-07-09,25.9,29.4,23.6,27.2,30.6,74,1.1,1.1,0.0,10.0,7.57,14.9
2024-07-10,25.5,29.6,23.0,27.2,31.6,78,1.6,1.6,0.0,9.0,7.18,14.1
2024-07-11,25.0,28.6,22.7,26.6,30.1,77,0.8,0.8,0.0,7.0,6.3,12.1
2024-07-12,25.2,29.5,22.6,27.2,31.3,79,3.6,3.6,0.0,6.0,5.98,12.7
2024-07-13,25.0,28.7,22.7,26.4,29.8,78,0.7,0.7,0.0,6.0,7.05,13.6
2024-07-14,25.0,28.3,22.9,25.8,28.5,76,0.4,0.4,0.0,4.0,7.95,15.3
2024-07-15,25.1,28.7,21.8,25.6,28.6,74,0.2,0.2,0.0,2.0,7.91,14.5
2024-07-16,25.6,29.7,22.0,26.1,29.6,71,0.2,0.2,0.0,2.0,8.32,15.8
2024-07-17,25.3,29.2,22.3,25.8,29.4,72,0.0,0.0,0.0,0.0,8.57,17.4
2024-07-18,25.0,29.1,22.0,25.8,29.7,75,0.3,0.3,0.0,3.0,7.49,14.5
2024-07-19,24.1,27.6,21.7,24.4,27.1,78,0.2,0.2,0.0,2.0,9.11,17.1
2024-07-20,24.6,27.9,22.5,25.0,27.6,77,0.4,0.4,0.0,4.0,8.43,17.3
2024-07-21,25.9,31.6,21.7,26.5,31.4,70,0.4,0.4,0.0,4.0,7.48,14.0
2024-07-22,26.4,31.9,21.9,27.5,32.8,68,0.0,0.0,0.0,0.0,6.7,12.8
2024-07-23,26.5,31.8,21.9,28.0,33.4,68,0.2,0.2,0.0,1.0,5.4,10.9
2024-07-24,26.0,30.6,22.1,27.8,32.0,69,0.0,0.0,0.0,0.0,4.51,9.6
2024-07-25,27.1,34.6,20.4,29.5,36.9,65,0.0,0.0,0.0,0.0,3.3,7.8
2024-07-26,27.4,32.5,22.4,30.2,35.9,66,0.2,0.2,0.0,2.0,3.35,8.0
2024-07-27,25.6,28.7,22.4,29.2,31.8,76,14.5,14.5,0.0,15.0,2.92,7.1
2024-07-28,24.1,28.0,22.3,28.0,31.7,87,32.6,32.6,0.0,20.0,2.89,7.7
2024-07-29,22.2,24.0,20.8,25.9,27.7,92,47.6,47.6,0.0,24.0,2.04,5.6
2024-07-30,22.2,25.0,20.3,25.2,27.5,87,11.0,11.0,0.0,24.0,2.74,6.6
2024-07-31,22.8,26.9,20.6,26.4,31.1,88,6.9,6.9,0.0,20.0,2.16,5.0
2024-08-01,22.9,25.7,20.8,26.0,29.1,88,5.9,5.9,0.0,18.0,3.62,8.3
2024-08-02,22.9,25.6,21.2,25.1,27.9,88,9.1,9.1,0.0,14.0,5.35,10.5
2024-08-03,23.6,27.0,21.3,25.4,28.1,82,2.1,2.1,0.0,16.0,5.86,12.0
2024-08-04,23.9,27.6,21.3,25.8,29.1,80,1.2,1.2,0.0,8.0,5.41,11.6
2024-08-05,24.9,29.9,21.3,26.9,32.4,77,1.4,1.4,0.0,5.0,5.87,11.5
2024-08-06,25.6,30.5,22.1,27.8,33.2,75,0.8,0.8,0.0,3.0,5.78,10.9
2024-08-07,26.4,30.9,22.6,27.9,32.4,71,0.2,0.2,0.0,1.0,6.64,13.9
2024-08-08,26.5,30.8,23.3,27.7,32.1,71,0.0,0.0,0.0,0.0,7.26,15.1
2024-08-09,26.3,30.0,23.4,27.9,31.4,73,0.0,0.0,0.0,0.0,7.01,13.9
2024-08-10,23.5,26.5,20.3,26.3,30.6,86,2.8,2.8,0.0,13.0,4.9,9.9
2024-08-11,22.2,25.9,19.8,24.0,27.7,85,4.6,4.6,0.0,16.0,4.62,9.7
2024-08-12,24.5,29.9,20.6,26.5,31.4,71,0.2,0.2,0.0,2.0,4.33,9.3
2024-08-13,24.6,30.3,20.2,26.4,32.1,65,0.1,0.1,0.0,1.0,3.82,9.6
2024-08-14,24.4,29.4,19.9,26.3,31.0,67,0.0,0.0,0.0,0.0,3.43,7.5
2024-08-15,23.8,29.9,20.1,26.1,33.3,72,0.9,0.9,0.0,5.0,3.99,8.2
2024-08-16,22.7,27.2,18.8,24.4,28.1,76,1.3,1.3,0.0,9.0,4.63,10.2
2024-08-17,23.0,27.7,20.0,25.0,29.2,78,0.7,0.7,0.0,5.0,4.11,9.2
2024-08-18,23.7,28.8,19.5,25.9,31.4,74,0.1,0.1,0.0,1.0,3.4,7.7
2024-08-19,24.5,30.7,20.0,27.5,34.4,75,2.3,2.3,0.0,6.0,2.29,6.0
2024-08-20,25.5,32.9,19.5,28.0,35.0,69,0.0,0.0,0.0,0.0,3.68,8.0
2024-08-21,26.6,33.2,21.3,28.5,34.8,67,0.1,0.1,0.0,1.0,4.87,9.7
2024-08-22,26.7,32.5,22.2,28.0,33.0,67,0.0,0.0,0.0,0.0,5.58,11.4
2024-08-23,26.5,32.5,22.4,28.0,33.7,66,0.0,0.0,0.0,0.0,4.54,10.1
2024-08-24,25.4,31.4,21.6,27.1,33.0,69,0.1,0.1,0.0,1.0,4.3,10.3
2024-08-25,25.5,31.3,21.4,27.0,32.3,68,0.1,0.1,0.0,1.0,4.6,10.2
2024-08-26,26.9,34.0,21.4,28.6,35.6,62,0.3,0.3,0.0,1.0,3.81,8.5
2024-08-27,27.8,34.9,21.7,29.5,36.1,58,0.2,0.2,0.0,2.0,3.81,7.9
2024-08-28,27.6,33.4,23.2,29.6,34.7,61,0.1,0.1,0.0,1.0,4.09,7.6
2024-08-29,25.6,30.7,21.6,28.8,33.8,77,6.2,6.2,0.0,16.0,3.47,9.0
2024-08-30,24.9,28.8,22.1,27.6,30.8,76,2.3,2.3,0.0,11.0,3.75,8.0
2024-08-31,26.2,31.7,22.3,28.2,33.5,68,1.2,1.2,0.0,9.0,4.52,9.5
2024-09-01,25.5,32.1,21.7,28.1,34.7,73,2.3,2.3,0.0,3.0,3.96,8.1
2024-09-02,24.7,30.2,21.3,27.0,32.6,75,1.7,1.7,0.0,7.0,4.17,9.4
2024-09-03,25.2,32.7,19.5,26.8,33.8,68,1.3,1.3,0.0,3.0,4.86,10.6
2024-09-04,26.0,33.0,20.4,27.5,33.6,63,0.1,0.1,0.0,1.0,4.39,9.6
2024-09-05,25.9,32.7,20.9,27.8,34.0,65,0.8,0.8,0.0,5.0,5.33,10.8
2024-09-06,23.6,27.9,20.8,25.5,29.5,80,5.2,5.2,0.0,15.0,5.19,11.4
2024-09-07,22.1,24.2,20.5,24.1,26.1,89,20.6,20.6,0.0,21.0,4.74,9.7
2024-09-08,22.3,26.2,20.5,25.1,28.5,90,11.1,11.1,0.0,22.0,3.82,9.8
2024-09-09,22.7,27.6,19.7,25.5,30.0,85,8.5,8.5,0.0,10.0,3.65,8.0
2024-09-10,22.9,28.3,19.8,25.3,29.6,82,4.2,4.2,0.0,15.0,4.92,10.5
2024-09-11,21.8,26.3,19.6,24.3,28.7,87,7.2,7.2,0.0,15.0,4.06,8.0
2024-09-12,22.5,27.5,18.8,25.1,29.8,82,2.6,2.6,0.0,17.0,2.8,7.1
2024-09-13,23.8,29.8,19.7,26.0,31.3,75,0.5,0.5,0.0,5.0,3.68,7.9
2024-09-14,24.5,29.9,20.2,26.9,33.2,72,1.0,1.0,0.0,8.0,2.73,5.5
2024-09-15,23.1,27.6,20.2,24.8,28.3,75,0.2,0.2,0.0,2.0,5.0,10.4
2024-09-16,21.8,24.5,20.0,23.6,25.6,83,1.9,1.9,0.0,13.0,4.94,10.2
2024-09-17,22.4,26.4,19.7,24.2,28.0,82,1.3,1.3,0.0,8.0,4.14,8.4
2024-09-18,22.4,27.2,18.6,23.9,27.7,79,0.3,0.3,0.0,3.0,4.61,9.1
2024-09-19,23.8,30.7,18.5,25.2,30.9,71,0.0,0.0,0.0,0.0,3.9,8.5
2024-09-20,24.1,30.3,18.9,25.7,31.5,72,0.9,0.9,0.0,6.0,5.33,11.3
2024-09-21,22.3,26.0,20.1,23.7,26.6,84,5.4,5.4,0.0,17.0,5.75,12.8
2024-09-22,20.5,24.4,17.3,20.3,24.8,70,0.0,0.0,0.0,0.0,5.22,11.7
2024-09-23,20.1,25.9,16.2,19.4,25.5,60,0.0,0.0,0.0,0.0,4.13,9.5
2024-09-24,20.8,28.2,15.0,20.8,28.8,62,0.0,0.0,0.0,0.0,3.36,7.7
2024-09-25,22.2,29.0,16.7,22.4,30.7,57,0.0,0.0,0.0,0.0,3.46,7.7
2024-09-26,22.4,27.4,18.0,22.9,28.0,60,0.6,0.6,0.0,2.0,3.23,6.3
2024-09-27,23.7,29.3,19.2,24.1,29.1,70,2.4,2.4,0.0,7.0,5.77,11.9
2024-09-28,24.0,28.4,21.1,24.7,28.6,76,1.0,1.0,0.0,7.0,6.76,13.6
2024-09-29,23.3,26.1,21.2,24.7,26.6,82,1.4,1.4,0.0,10.0,6.17,12.3
2024-09-30,17.1,22.5,12.4,16.4,24.9,88,14.1,14.1,0.0,20.0,6.85,13.8
2024-10-01,12.1,13.1,11.0,9.8,10.8,95,6.4,6.4,0.0,18.0,5.93,12.0
2024-10-02,12.9,17.6,9.9,11.1,15.1,78,0.4,0.4,0.0,4.0,3.95,8.7
2024-10-03,14.3,18.3,11.8,11.9,15.1,61,1.1,1.1,0.0,3.0,4.11,9.1
2024-10-04,15.9,23.2,10.5,14.3,22.6,56,0.0,0.0,0.0,0.0,3.48,8.4
2024-10-05,17.8,24.3,13.7,16.7,24.3,59,0.0,0.0,0.0,0.0,3.21,7.5
2024-10-06,16.0,20.1,13.0,14.5,19.0,71,0.0,0.0,0.0,0.0,4.89,10.1
2024-10-07,14.4,15.8,13.0,12.9,14.5,77,0.0,0.0,0.0,0.0,4.04,7.9
2024-10-08,14.2,17.0,12.4,13.1,15.4,78,0.2,0.2,0.0,2.0,2.89,6.9
2024-10-09,15.9,21.7,11.1,14.5,20.2,67,0.0,0.0,0.0,0.0,3.44,7.8
2024-10-10,15.8,19.6,12.7,15.0,18.2,72,1.6,1.6,0.0,4.0,3.31,7.0
2024-10-11,17.6,22.0,14.7,17.1,20.0,75,1.6,1.6,0.0,8.0,4.96,11.4
2024-10-12,18.0,21.2,15.8,18.1,21.9,81,6.5,6.5,0.0,17.0,5.86,12.9
2024-10-13,15.2,17.5,13.4,15.7,19.2,97,20.2,20.2,0.0,23.0,3.31,11.2
2024-10-14,15.3,17.9,13.4,15.5,18.1,91,17.0,17.0,0.0,16.0,2.8,5.1
2024-10-15,16.0,20.1,12.4,16.0,19.3,83,0.5,0.5,0.0,3.0,2.74,6.4
2024-10-16,15.5,19.7,12.4,15.4,18.8,91,1.2,1.2,0.0,5.0,4.5,9.2
2024-10-17,18.7,24.0,15.8,19.0,24.2,90,5.5,5.5,0.0,16.0,5.54,13.0
2024-10-18,20.2,24.8,17.7,21.8,26.5,87,3.3,3.3,0.0,15.0,3.45,8.1
2024-10-19,17.4,20.5,13.8,18.1,21.2,94,10.9,10.9,0.0,19.0,5.1,10.2
2024-10-20,16.7,20.1,13.6,16.3,19.6,92,1.6,1.6,0.0,14.0,6.38,12.2
2024-10-21,19.7,23.8,17.5,19.8,22.2,87,2.1,2.1,0.0,13.0,7.35,15.5
2024-10-22,16.2,18.9,13.5,15.9,21.8,94,14.1,14.1,0.0,17.0,6.17,12.4
2024-10-23,15.0,21.1,10.7,14.0,19.6,74,0.0,0.0,0.0,0.0,2.85,7.1
2024-10-24,15.1,23.2,9.7,13.6,21.9,65,0.0,0.0,0.0,0.0,3.56,7.5
2024-10-25,15.5,22.4,10.1,13.4,19.9,58,0.0,0.0,0.0,0.0,3.71,7.7
2024-10-26,15.7,21.6,11.2,13.1,17.9,59,0.0,0.0,0.0,0.0,5.6,11.3
2024-10-27,15.2,18.8,12.4,13.0,16.1,74,0.0,0.0,0.0,0.0,5.39,11.7
2024-10-28,15.2,20.3,11.2,13.8,19.3,70,0.0,0.0,0.0,0.0,3.37,8.0
2024-10-29,15.1,22.7,9.1,14.1,21.6,70,0.0,0.0,0.0,0.0,3.26,7.2
2024-10-30,16.4,23.7,10.8,15.9,23.9,75,0.0,0.0,0.0,0.0,3.63,7.2
2024-10-31,16.2,22.1,11.4,15.0,21.4,70,0.0,0.0,0.0,0.0,4.56,9.0
2024-11-01,15.1,17.6,13.4,13.6,15.5,81,1.0,1.0,0.0,7.0,5.41,10.7
2024-11-02,15.3,19.0,11.9,14.2,18.3,77,0.2,0.2,0.0,2.0,3.11,7.0
2024-11-03,16.0,22.5,11.2,15.7,23.6,75,0.0,0.0,0.0,0.0,3.27,6.3
2024-11-04,14.8,16.6,13.2,14.3,15.7,88,1.4,1.4,0.0,11.0,3.64,7.6
2024-11-05,14.5,17.1,11.9,13.6,15.7,82,0.0,0.0,0.0,0.0,3.2,7.0
2024-11-06,13.8,18.9,9.8,12.4,17.7,74,0.0,0.0,0.0,0.0,2.92,6.7
2024-11-07,14.6,19.3,10.8,13.6,18.8,70,0.5,0.5,0.0,4.0,2.31,6.1
2024-11-08,14.3,17.9,11.5,13.2,17.3,69,0.0,0.0,0.0,0.0,1.82,4.1
2024-11-09,15.0,20.9,11.0,14.4,21.3,76,2.1,2.1,0.0,9.0,3.18,6.6
2024-11-10,15.9,22.6,10.2,15.0,22.3,71,0.0,0.0,0.0,0.0,3.04,6.4
2024-11-11,17.4,23.2,12.5,16.5,22.0,67,1.1,1.1,0.0,4.0,3.35,8.2
2024-11-12,19.2,24.0,16.2,18.3,22.0,72,0.7,0.7,0.0,6.0,6.62,14.0
2024-11-13,20.4,25.5,17.2,19.4,23.2,70,0.6,0.6,0.0,6.0,6.29,13.1
2024-11-14,18.7,22.6,14.5,19.8,23.4,83,7.5,7.5,0.0,17.0,2.8,7.3
2024-11-15,19.4,24.4,16.0,19.8,23.5,79,2.6,2.6,0.0,14.0,4.75,9.7
2024-11-16,18.1,21.7,16.0,19.4,23.4,87,4.3,4.3,0.0,24.0,1.93,7.3
2024-11-17,12.8,16.6,9.1,11.8,18.2,91,13.5,13.5,0.0,24.0,4.44,9.8
2024-11-18,8.0,9.0,7.0,5.9,7.4,97,6.8,6.8,0.0,21.0,3.61,7.1
2024-11-19,7.0,7.6,6.3,4.5,5.5,97,5.5,5.5,0.0,18.0,4.05,7.8
2024-11-20,7.8,9.4,6.5,5.4,7.2,93,1.9,1.9,0.0,11.0,3.89,7.2
2024-11-21,7.5,8.0,6.8,5.4,6.1,94,1.3,1.3,0.0,6.0,2.73,6.0
2024-11-22,8.8,11.2,7.1,6.8,9.4,87,1.4,1.4,0.0,10.0,2.89,5.9
2024-11-23,9.6,12.0,7.4,7.5,9.3,88,0.1,0.1,0.0,1.0,4.76,9.9
2024-11-24,10.8,11.8,10.2,9.4,10.6,96,10.4,10.4,0.0,23.0,3.86,9.2
2024-11-25,7.8,10.2,5.0,4.7,9.2,92,8.0,8.0,0.0,17.0,5.77,11.5
2024-11-26,6.1,8.5,4.5,3.1,5.6,82,3.6,3.6,0.0,10.0,3.71,7.5
2024-11-27,6.0,7.7,4.0,2.4,4.3,83,1.5,1.5,0.0,9.0,5.5,10.2
2024-11-28,7.6,10.8,5.8,4.5,6.8,70,0.2,0.2,0.0,2.0,3.88,8.3
2024-11-29,8.3,13.4,4.6,5.5,9.7,65,0.0,0.0,0.0,0.0,2.86,6.7
2024-11-30,9.9,15.4,6.4,7.6,13.2,66,0.0,0.0,0.0,0.0,2.77,6.4
2024-12-01,9.6,14.5,6.4,7.6,12.7,80,0.0,0.0,0.0,0.0,2.72,5.6
2024-12-02,12.1,17.5,7.9,10.4,15.2,80,0.6,0.6,0.0,4.0,4.62,9.0
2024-12-03,10.6,13.2,9.0,9.3,12.1,89,5.2,5.2,0.0,16.0,2.54,5.3
2024-12-04,9.7,10.6,8.0,8.2,9.8,96,8.8,8.8,0.0,23.0,3.94,7.2
2024-12-05,6.8,8.1,4.4,4.3,5.6,97,10.5,10.5,0.0,24.0,3.96,7.1
2024-12-06,4.7,5.7,3.9,1.9,3.5,95,3.3,3.3,0.0,16.0,3.13,6.1
2024-12-07,3.5,4.0,3.0,-0.1,0.9,95,2.3,2.3,0.0,12.0,3.86,7.9
2024-12-08,2.7,3.7,1.8,-1.1,-0.2,82,0.7,0.5,0.14,6.0,3.68,7.2
2024-12-09,2.6,4.1,1.0,-0.2,1.4,97,2.0,2.0,0.0,14.0,2.26,5.2
2024-12-10,2.1,3.6,1.1,-1.3,1.1,100,9.1,9.1,0.0,24.0,3.85,7.3
2024-12-11,3.3,4.7,1.5,-0.3,1.3,91,1.2,1.2,0.0,5.0,4.0,8.2
2024-12-12,1.0,1.5,0.3,-2.8,-2.3,85,0.1,0.1,0.0,1.0,3.59,6.7
2024-12-13,2.3,4.0,1.2,-1.7,-0.3,81,0.2,0.1,0.07,2.0,4.1,8.5
2024-12-14,2.5,3.9,1.2,-1.7,-0.6,74,0.0,0.0,0.0,0.0,4.04,8.7
2024-12-15,4.4,7.9,1.8,1.4,5.3,75,0.0,0.0,0.0,0.0,2.71,5.5
2024-12-16,6.6,11.9,2.3,3.9,8.7,76,0.0,0.0,0.0,0.0,3.12,7.4
2024-12-17,6.4,7.8,4.7,4.1,6.1,88,1.2,1.2,0.0,10.0,3.05,5.9
2024-12-18,5.7,8.2,4.1,2.2,3.9,73,0.8,0.8,0.0,8.0,4.31,8.7
2024-12-19,4.4,7.0,1.6,0.7,3.6,63,0.3,0.0,0.21,3.0,4.14,7.3
2024-12-20,5.2,6.1,4.1,2.3,3.1,68,0.0,0.0,0.0,0.0,2.3,4.8
2024-12-21,3.2,4.7,1.5,-0.1,1.5,84,1.1,0.9,0.14,8.0,3.57,7.1
2024-12-22,0.5,1.8,-0.5,-3.3,-2.0,86,2.8,0.9,1.33,17.0,3.17,7.1
2024-12-23,2.5,5.3,-0.2,-0.4,2.6,82,0.0,0.0,0.0,0.0,2.43,5.6
2024-12-24,2.7,3.5,1.8,-0.5,0.7,85,1.2,0.8,0.28,10.0,2.76,5.6
2024-12-25,3.1,4.6,2.3,0.3,2.2,90,2.5,2.5,0.0,21.0,2.85,5.6
2024-12-26,3.7,5.5,2.5,0.7,2.5,88,1.3,1.3,0.0,6.0,2.97,6.2
2024-12-27,4.7,6.3,3.2,1.2,2.2,83,0.4,0.4,0.0,4.0,4.52,9.4
2024-12-28,5.0,7.7,1.8,2.0,4.7,73,0.0,0.0,0.0,0.0,3.08,6.6
2024-12-29,6.1,8.7,3.3,2.4,5.1,65,0.3,0.3,0.0,3.0,4.9,10.7
2024-12-30,4.5,6.2,2.7,1.3,3.1,82,1.0,1.0,0.0,9.0,3.68,7.3
2024-12-31,6.1,11.0,3.3,3.2,8.2,73,0.0,0.0,0.0,0.0,2.61,5.5
