time,temperature_2m_mean,temperature_2m_max,temperature_2m_min,apparent_temperature_mean,apparent_temperature_max,relative_humidity_2m_mean,precipitation_sum,rain_sum,snowfall_sum,precipitation_hours,wind_speed_10m_max,wind_gusts_10m_max
2000-01-01,6.4,8.5,4.9,3.6,5.4,88,0.0,0.0,0.0,0.0,4.34,8.7
2000-01-02,5.4,8.7,2.5,2.4,6.3,81,0.0,0.0,0.0,0.0,4.92,9.2
2000-01-03,5.9,10.1,2.0,2.8,7.8,84,0.0,0.0,0.0,0.0,3.57,7.8
2000-01-04,8.5,13.7,5.1,6.3,12.1,85,4.9,4.9,0.0,8.0,3.2,8.9
2000-01-05,4.8,7.7,2.8,1.6,5.0,95,3.3,3.3,0.0,7.0,5.03,9.7
2000-01-06,3.1,5.8,1.1,-0.7,2.7,86,3.6,3.6,0.0,11.0,4.67,10.2
2000-01-07,2.6,4.3,0.9,-1.3,0.3,84,1.8,1.8,0.0,6.0,5.05,10.6
2000-01-08,3.3,3.9,2.4,0.3,1.4,95,7.1,7.1,0.0,13.0,2.8,6.8
2000-01-09,4.5,5.9,3.3,1.5,3.1,89,0.0,0.0,0.0,0.0,3.56,8.1
2000-01-10,5.9,7.6,4.6,2.6,3.6,92,10.5,10.5,0.0,14.0,7.4,13.6
2000-01-11,6.0,7.2,3.3,2.3,3.8,94,17.1,17.1,0.0,15.0,7.51,13.6
2000-01-12,2.6,3.6,1.4,-1.3,-0.1,89,0.5,0.5,0.0,4.0,4.74,9.1
2000-01-13,1.0,2.6,-0.6,-2.8,-0.8,83,0.0,0.0,0.0,0.0,3.44,7.4
2000-01-14,2.1,3.6,0.7,-2.1,-0.8,73,0.2,0.2,0.0,1.0,4.98,8.5
2000-01-15,1.3,2.2,0.7,-2.7,-1.4,96,13.4,5.3,5.67,22.0,4.81,8.9
2000-01-16,2.1,2.8,1.7,-1.8,-1.1,90,1.6,1.6,0.0,9.0,4.36,8.5
2000-01-17,1.8,3.3,0.2,-1.7,-0.4,77,0.0,0.0,0.0,0.0,2.94,6.8
2000-01-18,2.2,4.5,-0.6,-0.8,1.7,81,0.0,0.0,0.0,0.0,2.42,5.9
2000-01-19,0.1,3.8,-2.5,-4.1,-0.4,70,0.0,0.0,0.0,0.0,3.35,7.8
2000-01-20,0.5,4.8,-2.7,-3.9,0.1,61,0.0,0.0,0.0,0.0,3.81,8.2
2000-01-21,2.1,4.1,-0.3,-3.0,-0.2,71,1.3,1.3,0.0,6.0,6.21,12.6
2000-01-22,2.3,3.3,0.9,-0.6,0.7,94,3.8,3.8,0.0,16.0,2.84,7.1
2000-01-23,1.5,2.0,0.5,-1.9,-1.3,95,8.8,8.1,0.49,19.0,3.8,7.1
2000-01-24,-1.2,1.4,-3.8,-6.3,-2.7,91,11.5,0.9,7.49,20.0,6.35,11.9
2000-01-25,-4.5,-2.2,-6.6,-9.1,-6.6,68,0.0,0.0,0.0,0.0,3.85,8.1
2000-01-26,-4.4,-1.2,-6.8,-9.0,-5.9,61,0.0,0.0,0.0,0.0,4.16,9.0
2000-01-27,-4.2,0.1,-7.9,-8.4,-3.4,63,0.0,0.0,0.0,0.0,2.3,5.4
2000-01-28,-1.9,1.3,-5.9,-5.9,-2.5,71,0.0,0.0,0.0,0.0,3.38,7.7
2000-01-29,1.3,4.3,-0.3,-2.2,0.7,73,0.0,0.0,0.0,0.0,3.25,7.5
2000-01-30,-0.0,2.6,-2.3,-4.9,-2.4,55,0.0,0.0,0.0,0.0,4.33,9.6
2000-01-31,-1.6,-0.1,-2.8,-6.8,-5.4,46,0.0,0.0,0.0,0.0,4.7,10.0
2000-02-01,-1.8,1.2,-4.8,-5.6,-1.9,57,0.0,0.0,0.0,0.0,2.27,5.5
2000-02-02,-1.5,0.9,-3.7,-5.4,-3.1,71,0.0,0.0,0.0,0.0,2.24,6.7
2000-02-03,0.6,4.5,-3.7,-3.0,0.6,71,0.0,0.0,0.0,0.0,2.82,6.9
2000-02-04,1.9,3.5,0.5,-2.2,-1.5,72,2.4,1.8,0.49,8.0,4.72,9.1
2000-02-05,1.7,3.0,0.8,-1.6,-0.2,86,0.1,0.1,0.0,1.0,3.91,7.8
2000-02-06,2.5,7.2,-1.4,-0.6,4.9,81,0.0,0.0,0.0,0.0,3.04,5.8
2000-02-07,2.7,6.9,-1.1,-2.1,0.7,67,0.0,0.0,0.0,0.0,8.5,16.4
2000-02-08,2.3,8.2,-3.3,-1.6,4.9,63,0.0,0.0,0.0,0.0,3.97,7.7
2000-02-09,1.3,4.9,-1.8,-3.0,0.8,66,0.0,0.0,0.0,0.0,4.0,8.5
2000-02-10,4.3,10.7,-0.6,1.5,9.2,72,0.0,0.0,0.0,0.0,2.84,4.7
2000-02-11,6.7,12.8,1.1,3.7,9.9,71,0.0,0.0,0.0,0.0,2.82,6.6
2000-02-12,7.6,12.7,3.1,4.5,10.2,72,0.0,0.0,0.0,0.0,3.32,7.1
2000-02-13,6.4,7.7,4.8,3.7,5.5,88,4.0,4.0,0.0,11.0,3.2,6.0
2000-02-14,5.2,7.3,3.9,2.1,4.0,87,0.0,0.0,0.0,0.0,4.55,8.5
2000-02-15,4.5,9.8,-0.4,1.4,7.2,72,0.0,0.0,0.0,0.0,2.64,6.1
2000-02-16,4.5,8.0,1.6,0.5,3.9,65,0.0,0.0,0.0,0.0,3.96,9.0
2000-02-17,6.4,11.0,1.7,3.0,7.7,74,0.6,0.6,0.0,2.0,4.98,8.6
2000-02-18,6.3,7.2,5.2,3.4,5.8,91,18.3,18.3,0.0,13.0,4.62,8.9
2000-02-19,4.8,6.8,3.7,1.4,4.1,94,1.8,1.8,0.0,6.0,4.53,8.9
2000-02-20,5.0,6.6,3.5,2.1,3.7,83,0.0,0.0,0.0,0.0,3.03,6.1
2000-02-21,4.1,6.6,1.5,0.0,2.3,67,0.0,0.0,0.0,0.0,4.83,10.5
2000-02-22,4.5,6.2,2.3,0.9,3.1,80,0.2,0.2,0.0,2.0,4.53,8.7
2000-02-23,6.2,8.7,3.9,2.9,5.4,76,0.6,0.6,0.0,3.0,4.02,8.6
2000-02-24,6.0,8.8,3.0,1.7,3.7,65,0.0,0.0,0.0,0.0,6.31,12.3
2000-02-25,5.1,9.0,1.1,1.4,5.9,60,0.0,0.0,0.0,0.0,4.32,7.1
2000-02-26,7.3,12.4,1.3,3.3,8.6,44,0.0,0.0,0.0,0.0,4.08,8.7
2000-02-27,8.0,13.1,2.7,4.8,11.2,55,0.0,0.0,0.0,0.0,3.22,6.2
2000-02-28,8.7,13.0,4.8,5.2,9.2,63,0.6,0.6,0.0,3.0,5.73,11.5
2000-02-29,5.7,11.1,1.1,1.9,7.6,61,0.0,0.0,0.0,0.0,4.6,9.1
2000-03-01,7.3,12.9,2.5,3.8,9.5,60,0.0,0.0,0.0,0.0,3.54,8.5
2000-03-02,9.3,15.0,3.2,6.5,12.4,68,1.0,1.0,0.0,2.0,3.22,7.5
2000-03-03,11.3,13.7,9.3,10.0,12.6,80,0.2,0.2,0.0,2.0,2.44,4.5
2000-03-04,11.7,14.3,9.8,10.8,12.7,84,1.2,1.2,0.0,5.0,1.87,5.0
2000-03-05,11.0,14.3,8.2,9.4,12.6,80,0.0,0.0,0.0,0.0,2.66,7.0
2000-03-06,11.7,17.8,6.8,9.0,15.6,65,0.0,0.0,0.0,0.0,5.6,9.9
2000-03-07,7.2,10.7,4.4,3.1,7.2,54,0.0,0.0,0.0,0.0,5.39,9.9
2000-03-08,8.5,13.9,3.1,5.6,11.9,61,0.0,0.0,0.0,0.0,2.94,7.2
2000-03-09,10.3,13.9,8.0,6.8,11.3,56,0.0,0.0,0.0,0.0,4.48,9.0
2000-03-10,6.7,7.8,5.9,3.0,4.4,86,10.7,10.7,0.0,15.0,5.89,10.3
2000-03-11,6.1,7.2,5.2,3.6,4.9,90,0.0,0.0,0.0,0.0,3.18,6.8
2000-03-12,7.9,9.6,6.0,5.8,7.1,85,0.0,0.0,0.0,0.0,3.06,6.4
2000-03-13,9.9,13.0,6.1,7.6,10.7,80,0.0,0.0,0.0,0.0,3.14,6.9
2000-03-14,11.0,14.6,7.8,8.3,11.5,78,0.2,0.2,0.0,1.0,5.15,10.1
2000-03-15,10.3,11.5,8.8,8.7,9.6,89,4.4,4.4,0.0,8.0,4.1,8.9
2000-03-16,10.4,15.9,5.0,8.7,15.0,77,0.0,0.0,0.0,0.0,3.1,5.0
2000-03-17,13.6,19.6,7.2,10.6,16.4,55,0.0,0.0,0.0,0.0,4.61,9.2
2000-03-18,14.2,18.8,10.3,12.5,17.9,68,0.0,0.0,0.0,0.0,3.45,7.2
2000-03-19,11.2,15.4,8.3,7.8,12.1,60,0.0,0.0,0.0,0.0,6.38,12.9
2000-03-20,9.8,14.4,5.2,6.2,11.3,60,0.0,0.0,0.0,0.0,5.15,10.2
2000-03-21,13.0,16.3,9.4,11.2,14.4,72,0.6,0.6,0.0,4.0,3.96,7.8
2000-03-22,12.5,15.3,9.4,10.4,13.6,73,0.7,0.7,0.0,3.0,4.33,8.3
2000-03-23,11.6,14.9,7.6,8.8,11.8,69,4.4,4.4,0.0,6.0,5.13,10.9
2000-03-24,12.3,18.7,6.4,9.9,17.7,50,0.0,0.0,0.0,0.0,3.08,5.8
2000-03-25,14.6,19.9,9.9,13.0,19.2,57,0.0,0.0,0.0,0.0,2.91,6.3
2000-03-26,15.3,23.0,8.0,12.7,19.9,53,0.0,0.0,0.0,0.0,5.21,10.6
2000-03-27,18.7,26.4,12.0,15.2,22.1,45,0.3,0.3,0.0,1.0,7.89,16.7
2000-03-28,15.2,18.2,11.3,10.4,13.8,26,0.0,0.0,0.0,0.0,5.95,13.0
2000-03-29,14.4,19.8,9.0,11.2,17.7,38,0.0,0.0,0.0,0.0,3.45,7.4
2000-03-30,18.4,24.8,12.6,15.0,21.4,47,0.0,0.0,0.0,0.0,7.02,12.7
2000-03-31,19.5,25.1,14.9,18.4,26.6,59,0.0,0.0,0.0,0.0,7.08,13.9
2000-04-01,15.9,18.6,13.9,11.6,14.1,49,0.0,0.0,0.0,0.0,7.92,15.1
2000-04-02,14.0,16.9,11.9,12.0,15.2,69,0.0,0.0,0.0,0.0,5.55,10.5
2000-04-03,13.0,14.5,10.6,11.4,13.4,82,1.1,1.1,0.0,6.0,3.64,7.3
2000-04-04,14.6,18.1,12.3,14.3,17.7,87,4.9,4.9,0.0,9.0,2.82,5.9
2000-04-05,13.6,17.0,10.8,11.0,14.1,61,0.7,0.7,0.0,3.0,5.71,10.7
2000-04-06,14.4,19.7,8.2,12.5,19.3,60,0.0,0.0,0.0,0.0,3.7,8.5
2000-04-07,17.8,23.5,12.7,17.6,23.5,67,0.0,0.0,0.0,0.0,2.67,4.5
2000-04-08,18.2,22.9,13.7,16.7,21.1,68,0.0,0.0,0.0,0.0,5.92,11.8
2000-04-09,20.2,24.8,16.1,19.9,24.4,66,0.7,0.7,0.0,2.0,6.19,9.2
2000-04-10,12.5,16.8,8.9,8.8,13.0,37,0.0,0.0,0.0,0.0,10.48,18.9
2000-04-11,14.8,20.4,9.1,12.1,18.6,45,0.1,0.1,0.0,1.0,3.78,8.4
2000-04-12,18.6,24.8,10.4,17.4,24.7,56,0.0,0.0,0.0,0.0,4.2,7.9
2000-04-13,21.0,27.2,15.5,20.3,26.5,61,0.2,0.2,0.0,1.0,5.41,11.1
2000-04-14,12.5,19.1,8.7,9.8,19.3,80,35.3,35.3,0.0,17.0,7.16,13.2
2000-04-15,12.3,16.6,7.3,10.0,14.7,64,0.0,0.0,0.0,0.0,3.55,7.6
2000-04-16,15.4,21.6,7.7,13.8,21.9,59,0.0,0.0,0.0,0.0,4.32,7.1
2000-04-17,18.9,24.6,12.7,16.9,23.4,53,0.0,0.0,0.0,0.0,5.54,11.2
2000-04-18,19.6,22.4,17.2,19.6,23.2,73,8.8,8.8,0.0,11.0,5.61,10.0
2000-04-19,19.4,23.3,15.3,20.4,25.3,80,0.0,0.0,0.0,0.0,2.82,6.3
2000-04-20,18.3,21.4,14.3,18.7,22.4,82,3.6,3.6,0.0,6.0,5.82,10.8
2000-04-21,19.5,26.7,11.8,18.4,26.4,56,0.0,0.0,0.0,0.0,3.98,8.1
2000-04-22,19.9,24.8,15.2,18.8,23.2,56,0.0,0.0,0.0,0.0,4.46,9.9
2000-04-23,19.0,24.3,13.9,17.8,23.0,60,0.0,0.0,0.0,0.0,3.71,8.8
2000-04-24,21.0,26.2,15.7,20.7,26.4,64,0.0,0.0,0.0,0.0,5.02,11.1
2000-04-25,22.1,25.7,17.6,23.2,26.6,74,0.2,0.2,0.0,1.0,4.11,8.4
2000-04-26,19.7,22.3,14.3,17.0,21.4,39,0.0,0.0,0.0,0.0,5.41,9.7
2000-04-27,19.1,25.0,11.8,17.6,25.4,45,0.0,0.0,0.0,0.0,2.6,4.9
2000-04-28,21.3,26.7,16.0,20.3,26.1,52,0.0,0.0,0.0,0.0,4.33,9.1
2000-04-29,20.3,23.6,18.0,20.9,25.0,75,0.0,0.0,0.0,0.0,3.51,7.8
2000-04-30,21.1,26.2,17.2,21.0,26.7,58,0.0,0.0,0.0,0.0,2.66,6.5
2000-05-01,21.4,26.6,15.5,21.0,27.0,55,0.0,0.0,0.0,0.0,2.4,5.1
2000-05-02,22.0,28.5,15.6,22.8,31.0,63,0.0,0.0,0.0,0.0,2.82,6.0
2000-05-03,24.1,31.2,16.2,23.4,29.6,53,0.0,0.0,0.0,0.0,5.84,11.6
2000-05-04,25.5,32.2,18.6,25.6,33.1,50,0.0,0.0,0.0,0.0,4.36,8.7
2000-05-05,26.8,34.0,20.5,27.0,34.9,48,0.0,0.0,0.0,0.0,7.08,10.8
2000-05-06,18.3,21.8,16.1,16.3,19.6,63,0.3,0.3,0.0,2.0,7.49,14.0
2000-05-07,19.6,25.2,13.6,19.0,24.6,63,0.0,0.0,0.0,0.0,3.71,8.5
2000-05-08,23.0,28.6,16.8,23.6,30.2,65,0.7,0.7,0.0,2.0,3.91,9.1
2000-05-09,20.2,23.0,16.5,21.8,25.3,88,10.3,10.3,0.0,13.0,4.6,8.9
2000-05-10,21.1,27.5,14.5,21.8,28.3,67,0.0,0.0,0.0,0.0,3.22,9.9
2000-05-11,21.1,25.8,15.9,20.8,24.6,60,0.0,0.0,0.0,0.0,3.69,9.5
2000-05-12,23.1,30.2,16.8,22.1,28.0,51,0.0,0.0,0.0,0.0,5.95,12.0
2000-05-13,20.9,26.7,14.4,20.8,27.9,61,0.0,0.0,0.0,0.0,4.53,7.7
2000-05-14,24.7,33.8,18.3,25.3,34.4,65,4.6,4.6,0.0,4.0,5.53,11.5
2000-05-15,24.8,29.2,20.8,27.5,33.0,73,2.1,2.1,0.0,4.0,4.3,9.1
2000-05-16,20.2,22.5,18.5,21.1,23.3,78,7.1,7.1,0.0,14.0,4.97,9.3
2000-05-17,21.5,26.8,15.1,22.2,27.5,65,0.0,0.0,0.0,0.0,2.72,7.3
2000-05-18,24.4,30.5,20.1,24.5,31.2,57,0.0,0.0,0.0,0.0,4.33,12.5
2000-05-19,24.6,31.2,18.7,24.3,29.6,52,0.0,0.0,0.0,0.0,5.44,11.7
2000-05-20,26.6,33.4,19.7,26.6,33.4,44,0.0,0.0,0.0,0.0,3.9,7.5
2000-05-21,28.4,34.9,22.0,28.0,34.4,43,0.0,0.0,0.0,0.0,5.4,11.3
2000-05-22,29.4,35.3,22.3,29.5,35.0,41,0.0,0.0,0.0,0.0,5.04,10.6
2000-05-23,29.0,33.4,25.1,29.6,32.4,47,0.0,0.0,0.0,0.0,4.73,10.6
2000-05-24,28.7,34.0,25.4,29.7,34.9,52,0.0,0.0,0.0,0.0,4.93,12.0
2000-05-25,21.4,25.3,20.5,22.7,25.5,90,98.7,98.7,0.0,23.0,6.06,13.3
2000-05-26,21.9,24.1,19.6,23.5,25.0,88,3.4,3.4,0.0,5.0,6.19,12.2
2000-05-27,22.4,26.7,18.0,24.0,28.8,75,0.0,0.0,0.0,0.0,3.86,9.7
2000-05-28,22.4,24.4,20.8,23.5,25.4,72,0.0,0.0,0.0,0.0,3.76,7.7
2000-05-29,21.3,23.3,19.4,21.1,22.9,70,2.2,2.2,0.0,5.0,5.31,10.7
2000-05-30,20.0,20.9,19.1,22.5,24.2,94,14.4,14.4,0.0,20.0,2.06,8.4
2000-05-31,23.7,28.8,19.2,26.8,32.3,81,0.0,0.0,0.0,0.0,3.79,7.7
2000-06-01,26.6,30.9,23.1,30.2,35.4,79,16.4,16.4,0.0,8.0,4.41,10.1
2000-06-02,26.2,29.5,23.7,30.5,34.0,85,23.6,23.6,0.0,17.0,4.31,14.3
2000-06-03,25.0,29.0,20.4,28.7,34.2,88,31.9,31.9,0.0,14.0,4.37,14.7
2000-06-04,21.7,23.7,20.0,23.4,25.8,86,6.3,6.3,0.0,5.0,4.55,9.2
2000-06-05,23.6,27.1,20.1,25.6,29.3,74,0.0,0.0,0.0,0.0,4.4,9.4
2000-06-06,25.4,29.2,21.3,27.0,30.9,66,0.0,0.0,0.0,0.0,4.85,9.9
2000-06-07,26.3,29.7,21.6,29.8,33.3,76,1.2,1.2,0.0,4.0,3.58,7.8
2000-06-08,24.4,26.7,21.1,27.2,30.6,81,0.7,0.7,0.0,5.0,5.22,8.7
2000-06-09,24.6,28.5,19.5,27.9,32.9,75,0.0,0.0,0.0,0.0,2.5,6.0
2000-06-10,23.5,25.7,20.9,26.9,28.7,84,4.5,4.5,0.0,10.0,2.69,7.9
2000-06-11,23.5,27.3,19.6,25.0,29.0,67,0.0,0.0,0.0,0.0,4.05,8.7
2000-06-12,23.3,27.3,19.5,24.3,27.7,63,0.0,0.0,0.0,0.0,3.55,8.0
2000-06-13,24.7,30.1,17.5,26.0,32.7,57,0.0,0.0,0.0,0.0,2.51,5.1
2000-06-14,26.1,31.4,20.1,27.5,33.5,56,0.0,0.0,0.0,0.0,3.96,8.1
2000-06-15,26.7,30.3,23.0,28.9,33.0,62,0.0,0.0,0.0,0.0,3.01,7.0
2000-06-16,26.8,31.2,21.6,29.3,34.9,63,0.6,0.6,0.0,2.0,3.77,7.4
2000-06-17,25.7,29.2,21.6,27.4,30.8,65,0.0,0.0,0.0,0.0,4.15,8.9
2000-06-18,26.9,31.4,21.7,29.6,34.3,63,0.0,0.0,0.0,0.0,2.73,6.8
2000-06-19,27.2,30.1,23.3,30.0,32.8,68,0.2,0.2,0.0,1.0,3.94,8.5
2000-06-20,27.6,31.4,24.3,31.9,36.7,74,2.3,2.3,0.0,5.0,2.73,5.4
2000-06-21,24.9,27.1,23.3,28.8,32.1,89,13.4,13.4,0.0,13.0,3.9,8.9
2000-06-22,25.2,28.9,22.8,29.0,32.2,86,1.5,1.5,0.0,7.0,4.42,8.8
2000-06-23,26.4,29.8,22.9,30.3,34.6,82,2.0,2.0,0.0,9.0,4.2,8.5
2000-06-24,27.4,29.7,24.2,32.0,34.2,83,2.0,2.0,0.0,10.0,3.72,8.4
2000-06-25,28.7,31.1,26.3,32.6,34.1,77,1.7,1.7,0.0,5.0,6.2,13.1
2000-06-26,29.6,31.7,28.1,33.3,36.2,72,0.0,0.0,0.0,0.0,5.98,12.8
2000-06-27,29.1,33.0,26.1,34.9,38.4,80,3.2,3.2,0.0,3.0,2.97,12.1
2000-06-28,30.6,34.7,26.3,36.1,40.7,76,0.5,0.5,0.0,1.0,5.12,10.8
2000-06-29,27.4,29.7,25.3,32.5,35.0,84,12.3,12.3,0.0,15.0,3.68,9.9
2000-06-30,28.4,32.7,24.0,34.0,40.1,78,0.0,0.0,0.0,0.0,2.33,5.6
2000-07-01,28.8,31.7,25.7,34.7,37.4,82,0.0,0.0,0.0,0.0,2.75,6.1
2000-07-02,27.7,29.8,24.2,32.9,35.6,85,9.2,9.2,0.0,7.0,4.54,10.4
2000-07-03,27.8,31.6,25.3,32.7,37.6,82,1.8,1.8,0.0,4.0,4.36,8.9
2000-07-04,29.6,33.5,26.1,34.0,38.0,75,0.0,0.0,0.0,0.0,6.06,10.8
2000-07-05,28.8,32.2,25.9,32.0,36.1,75,2.7,2.7,0.0,4.0,6.38,12.7
2000-07-06,28.2,31.1,25.9,31.5,35.2,75,2.1,2.1,0.0,4.0,5.41,9.8
2000-07-07,28.4,31.4,24.9,32.1,35.6,72,0.0,0.0,0.0,0.0,4.34,8.7
2000-07-08,29.1,33.0,25.3,33.1,36.8,67,0.0,0.0,0.0,0.0,3.4,7.9
2000-07-09,28.7,32.6,25.2,32.1,36.2,67,0.0,0.0,0.0,0.0,4.9,9.8
2000-07-10,27.3,30.6,25.1,30.3,34.1,68,0.0,0.0,0.0,0.0,3.82,9.7
2000-07-11,29.2,33.9,24.0,32.8,38.5,63,0.0,0.0,0.0,0.0,2.66,6.9
2000-07-12,29.3,32.1,27.1,34.7,39.5,76,20.5,20.5,0.0,12.0,3.47,8.3
2000-07-13,30.6,33.4,27.8,35.5,38.5,72,0.0,0.0,0.0,0.0,5.32,12.0
2000-07-14,30.7,34.3,27.1,35.8,40.5,69,0.7,0.7,0.0,1.0,3.26,9.7
2000-07-15,32.3,36.5,27.9,37.7,42.1,66,0.0,0.0,0.0,0.0,4.49,9.8
2000-07-16,32.5,36.1,27.9,37.2,41.5,64,0.0,0.0,0.0,0.0,4.68,10.1
2000-07-17,32.1,35.7,28.7,37.1,41.6,64,0.0,0.0,0.0,0.0,4.12,8.5
2000-07-18,31.3,34.2,29.3,35.4,38.1,66,0.7,0.7,0.0,2.0,6.11,12.3
2000-07-19,30.2,33.7,27.9,34.6,37.4,71,2.3,2.3,0.0,2.0,5.33,12.0
2000-07-20,30.6,33.9,27.6,33.6,36.3,66,0.0,0.0,0.0,0.0,6.99,14.1
2000-07-21,32.4,36.2,28.5,35.8,40.1,60,0.0,0.0,0.0,0.0,6.06,12.5
2000-07-22,33.1,37.4,29.0,37.1,41.8,58,0.4,0.4,0.0,1.0,5.79,11.9
2000-07-23,32.4,35.7,29.0,36.9,39.3,61,0.1,0.1,0.0,1.0,3.83,9.1
2000-07-24,32.0,36.7,29.3,38.1,42.7,66,1.2,1.2,0.0,3.0,2.24,8.8
2000-07-25,30.2,34.0,27.8,36.9,41.8,77,13.3,13.3,0.0,14.0,2.08,8.6
2000-07-26,30.2,34.5,26.9,35.6,40.0,75,0.0,0.0,0.0,0.0,3.85,8.2
2000-07-27,30.8,35.3,26.9,35.6,41.3,70,0.0,0.0,0.0,0.0,4.08,8.6
2000-07-28,29.9,33.3,27.3,35.9,40.4,77,17.3,17.3,0.0,10.0,3.35,6.6
2000-07-29,29.0,32.0,26.4,33.7,35.9,79,1.9,1.9,0.0,9.0,5.12,10.4
2000-07-30,28.7,33.5,24.7,31.5,37.6,63,0.0,0.0,0.0,0.0,3.98,7.8
2000-07-31,29.0,34.7,23.1,31.7,37.6,56,0.0,0.0,0.0,0.0,2.72,6.9
2000-08-01,30.3,35.1,25.3,33.3,38.1,56,0.0,0.0,0.0,0.0,3.57,7.2
2000-08-02,30.2,34.4,25.7,33.5,37.2,63,0.2,0.2,0.0,1.0,4.43,9.7
2000-08-03,29.1,31.7,27.3,32.7,34.6,69,0.3,0.3,0.0,1.0,4.14,8.7
2000-08-04,29.4,32.9,26.4,32.7,35.7,68,0.0,0.0,0.0,0.0,4.73,10.0
2000-08-05,30.2,34.4,27.1,33.5,37.2,65,0.1,0.1,0.0,1.0,4.31,9.0
2000-08-06,30.2,34.2,27.1,35.0,37.9,69,0.0,0.0,0.0,0.0,3.67,6.6
2000-08-07,30.7,35.7,27.7,36.1,41.3,68,1.2,1.2,0.0,3.0,2.94,7.6
2000-08-08,30.6,35.1,27.1,36.2,42.3,73,2.6,2.6,0.0,5.0,3.76,8.6
2000-08-09,30.9,35.2,27.7,36.2,41.3,71,1.0,1.0,0.0,2.0,3.7,8.1
2000-08-10,31.5,36.0,28.3,36.4,41.4,66,0.0,0.0,0.0,0.0,3.91,8.6
2000-08-11,29.6,33.5,26.7,33.5,36.7,72,0.3,0.3,0.0,3.0,5.15,10.3
2000-08-12,28.5,31.3,26.9,34.6,37.4,83,2.5,2.5,0.0,10.0,2.8,6.5
2000-08-13,29.1,32.2,26.8,35.6,38.6,83,3.6,3.6,0.0,9.0,2.38,6.9
2000-08-14,28.5,31.1,27.1,35.1,38.8,85,7.7,7.7,0.0,13.0,1.94,4.9
2000-08-15,29.8,35.0,26.3,36.2,42.1,78,6.7,6.7,0.0,9.0,2.83,5.9
2000-08-16,29.2,33.2,26.5,35.5,39.6,79,3.0,3.0,0.0,7.0,1.86,5.0
2000-08-17,29.3,33.4,26.2,35.4,39.1,79,1.4,1.4,0.0,3.0,2.36,5.6
2000-08-18,28.8,32.2,26.0,34.7,38.1,81,1.5,1.5,0.0,4.0,2.12,6.3
2000-08-19,26.0,27.8,24.1,31.8,34.3,92,33.3,33.3,0.0,19.0,2.14,4.7
2000-08-20,26.8,31.1,24.2,31.1,35.6,81,3.8,3.8,0.0,7.0,3.5,7.9
2000-08-21,27.0,31.2,22.2,31.0,36.4,73,0.0,0.0,0.0,0.0,2.16,5.2
2000-08-22,28.3,32.5,23.9,32.5,38.3,73,0.0,0.0,0.0,0.0,3.77,9.0
2000-08-23,29.3,33.3,26.0,33.9,37.8,78,0.4,0.4,0.0,1.0,5.6,11.0
2000-08-24,27.7,29.7,26.3,32.0,34.6,85,8.7,8.7,0.0,13.0,6.8,12.2
2000-08-25,26.0,27.5,24.9,30.3,31.4,88,4.0,4.0,0.0,10.0,4.03,9.4
2000-08-26,27.1,30.9,24.5,30.4,34.7,74,0.0,0.0,0.0,0.0,3.93,8.1
2000-08-27,26.9,30.8,24.2,30.7,33.2,76,24.8,24.8,0.0,8.0,4.38,8.4
2000-08-28,24.8,27.2,23.3,28.3,30.4,86,32.0,32.0,0.0,15.0,4.48,9.3
2000-08-29,25.7,29.6,23.2,30.2,34.7,89,6.6,6.6,0.0,9.0,4.06,8.7
2000-08-30,26.7,29.5,25.1,31.2,34.0,86,13.3,13.3,0.0,15.0,4.08,8.7
2000-08-31,25.8,28.5,23.8,29.5,31.8,85,1.1,1.1,0.0,7.0,5.19,10.2
2000-09-01,27.0,30.7,23.0,31.5,35.0,79,0.0,0.0,0.0,0.0,3.04,5.5
2000-09-02,29.1,32.2,26.7,34.4,37.9,81,1.3,1.3,0.0,2.0,4.8,8.4
2000-09-03,29.8,33.9,27.6,36.9,41.9,84,2.5,2.5,0.0,5.0,2.97,5.7
2000-09-04,29.0,32.6,26.8,35.6,39.5,84,6.4,6.4,0.0,8.0,2.55,5.5
2000-09-05,26.8,29.1,23.7,30.1,33.0,79,1.2,1.2,0.0,2.0,5.76,10.3
2000-09-06,21.0,23.3,19.6,21.5,25.0,83,3.6,3.6,0.0,10.0,5.64,10.4
2000-09-07,20.1,21.5,19.0,21.0,22.1,77,0.5,0.5,0.0,2.0,3.16,6.4
2000-09-08,21.3,24.5,18.2,22.4,25.4,70,0.0,0.0,0.0,0.0,2.02,6.5
2000-09-09,22.6,26.8,19.2,23.2,27.4,65,0.0,0.0,0.0,0.0,3.89,8.6
2000-09-10,22.5,25.5,20.9,23.5,25.6,72,1.0,1.0,0.0,3.0,3.75,8.0
2000-09-11,23.1,26.8,20.5,24.2,27.3,70,0.4,0.4,0.0,2.0,3.72,7.6
2000-09-12,23.5,28.5,20.1,24.0,28.7,65,0.0,0.0,0.0,0.0,5.03,10.0
2000-09-13,22.7,27.8,18.0,21.9,25.8,64,0.0,0.0,0.0,0.0,6.98,13.8
2000-09-14,23.2,29.2,18.2,22.3,27.8,60,0.0,0.0,0.0,0.0,6.79,13.6
2000-09-15,23.1,28.5,18.6,22.2,26.8,55,0.0,0.0,0.0,0.0,5.87,12.1
2000-09-16,24.3,30.5,18.2,24.2,31.6,53,0.0,0.0,0.0,0.0,3.57,6.9
2000-09-17,25.6,32.0,19.8,26.6,33.8,59,1.6,1.6,0.0,3.0,3.91,7.3
2000-09-18,26.4,33.2,21.2,27.8,34.7,59,0.0,0.0,0.0,0.0,3.47,7.3
2000-09-19,26.2,31.6,21.2,27.2,31.8,58,0.0,0.0,0.0,0.0,3.76,8.3
2000-09-20,25.6,29.4,22.9,25.6,29.5,54,0.0,0.0,0.0,0.0,3.89,8.2
2000-09-21,24.2,28.3,22.0,25.6,30.4,66,1.6,1.6,0.0,3.0,3.47,8.1
2000-09-22,25.2,30.4,20.9,27.9,34.3,69,0.2,0.2,0.0,1.0,1.98,4.9
2000-09-23,27.1,32.1,23.0,30.1,36.2,67,0.0,0.0,0.0,0.0,2.83,7.4
2000-09-24,27.1,30.6,24.7,30.0,32.8,71,0.5,0.5,0.0,3.0,4.36,8.9
2000-09-25,22.5,24.9,19.7,25.4,29.3,93,27.3,27.3,0.0,19.0,5.39,10.5
2000-09-26,20.5,21.5,19.3,21.2,22.8,93,22.9,22.9,0.0,22.0,6.72,11.9
2000-09-27,21.6,23.2,19.4,23.9,27.2,95,33.9,33.9,0.0,18.0,5.73,11.0
2000-09-28,19.7,21.5,18.4,20.5,22.2,87,2.5,2.5,0.0,4.0,4.78,9.2
2000-09-29,20.4,23.4,18.3,22.3,25.2,85,2.3,2.3,0.0,4.0,2.33,5.2
2000-09-30,21.7,24.3,19.3,24.2,26.7,82,0.7,0.7,0.0,3.0,1.4,4.7
2000-10-01,22.3,24.2,20.6,25.4,27.7,87,12.8,12.8,0.0,16.0,2.75,6.5
2000-10-02,20.7,22.2,19.7,22.6,24.4,89,15.4,15.4,0.0,13.0,3.55,7.3
2000-10-03,21.0,24.8,18.1,22.3,25.6,79,0.0,0.0,0.0,0.0,3.67,8.4
2000-10-04,21.0,25.8,17.2,21.9,26.6,76,0.0,0.0,0.0,0.0,3.79,8.1
2000-10-05,21.8,26.1,18.0,23.3,27.9,78,0.0,0.0,0.0,0.0,3.31,6.3
2000-10-06,22.1,26.1,19.5,23.5,27.7,78,0.0,0.0,0.0,0.0,4.02,8.5
2000-10-07,22.7,26.8,19.4,25.0,30.0,81,0.0,0.0,0.0,0.0,2.9,6.6
2000-10-08,23.0,27.5,19.2,25.9,30.7,80,0.0,0.0,0.0,0.0,2.06,4.6
2000-10-09,23.4,27.2,20.4,26.3,30.2,80,0.0,0.0,0.0,0.0,2.89,7.0
2000-10-10,24.5,29.3,20.5,27.1,32.4,76,0.0,0.0,0.0,0.0,3.05,8.1
2000-10-11,20.6,22.8,16.1,21.2,25.4,84,0.7,0.7,0.0,5.0,6.72,12.4
2000-10-12,13.0,15.8,11.7,10.4,13.3,86,3.5,3.5,0.0,18.0,6.78,12.8
2000-10-13,11.7,13.1,10.8,9.3,10.2,76,5.2,5.2,0.0,12.0,4.18,7.7
2000-10-14,12.5,14.8,9.5,10.7,13.1,69,0.2,0.2,0.0,1.0,2.94,5.5
2000-10-15,15.3,19.5,11.3,13.6,18.0,64,0.0,0.0,0.0,0.0,3.41,8.0
2000-10-16,15.4,17.5,14.1,14.3,15.5,78,6.4,6.4,0.0,14.0,4.3,8.5
2000-10-17,15.1,16.9,13.7,15.2,17.1,88,3.1,3.1,0.0,8.0,3.12,6.1
2000-10-18,16.7,18.7,14.3,15.8,17.8,78,0.0,0.0,0.0,0.0,4.2,9.1
2000-10-19,17.8,19.6,16.6,18.7,20.9,86,10.4,10.4,0.0,13.0,2.66,6.7
2000-10-20,18.6,21.2,16.0,19.7,22.6,85,0.1,0.1,0.0,1.0,2.44,6.0
2000-10-21,19.3,20.9,17.9,21.0,23.0,91,6.4,6.4,0.0,11.0,3.59,7.2
2000-10-22,20.0,21.3,18.6,22.1,24.8,93,1.0,1.0,0.0,8.0,3.94,7.9
2000-10-23,19.6,20.4,18.9,21.6,22.7,94,1.9,1.9,0.0,3.0,3.41,5.9
2000-10-24,20.3,22.7,18.1,22.3,24.6,90,0.5,0.5,0.0,3.0,4.27,7.2
2000-10-25,14.9,18.1,12.6,13.5,18.2,87,3.4,3.4,0.0,12.0,5.55,10.6
2000-10-26,12.9,14.1,12.3,11.6,12.6,91,7.9,7.9,0.0,17.0,4.25,7.6
2000-10-27,14.2,16.3,12.4,13.1,15.1,85,2.9,2.9,0.0,8.0,3.98,7.4
2000-10-28,14.1,14.9,12.4,13.4,14.5,89,2.8,2.8,0.0,9.0,3.51,6.2
2000-10-29,12.6,15.3,8.8,9.9,11.3,73,0.6,0.6,0.0,2.0,6.92,13.4
2000-10-30,11.3,15.4,6.4,9.7,14.1,78,0.0,0.0,0.0,0.0,2.96,6.8
2000-10-31,14.3,18.0,11.7,12.9,16.4,76,0.2,0.2,0.0,2.0,3.61,7.2
2000-11-01,13.0,16.9,9.2,10.4,13.4,69,0.0,0.0,0.0,0.0,5.08,10.3
2000-11-02,11.6,17.7,6.2,9.8,16.7,71,0.0,0.0,0.0,0.0,2.62,4.9
2000-11-03,13.4,19.2,8.4,11.4,17.1,69,0.0,0.0,0.0,0.0,4.11,8.7
2000-11-04,14.5,21.6,7.4,13.8,20.8,76,0.0,0.0,0.0,0.0,2.83,6.1
2000-11-05,15.9,21.8,10.4,14.8,20.2,73,0.0,0.0,0.0,0.0,3.52,7.6
2000-11-06,16.2,23.2,11.7,15.9,24.2,79,0.0,0.0,0.0,0.0,2.78,5.0
2000-11-07,14.9,17.8,12.7,13.0,16.4,82,0.4,0.4,0.0,1.0,7.04,13.4
2000-11-08,11.1,12.8,10.0,8.2,9.6,77,1.1,1.1,0.0,8.0,6.06,11.9
2000-11-09,12.3,14.1,10.4,10.4,13.3,80,0.0,0.0,0.0,0.0,4.02,10.2
2000-11-10,6.6,12.4,4.3,2.4,9.9,83,0.0,0.0,0.0,0.0,6.53,12.1
2000-11-11,3.5,5.4,2.0,-0.1,1.3,86,5.7,5.7,0.0,14.0,4.49,8.2
2000-11-12,4.8,8.4,1.9,1.9,6.3,77,0.0,0.0,0.0,0.0,3.61,7.0
2000-11-13,6.9,10.7,1.9,4.3,7.8,78,1.0,1.0,0.0,3.0,3.31,8.1
2000-11-14,9.6,11.4,8.2,8.0,9.7,92,3.5,3.5,0.0,6.0,3.98,7.2
2000-11-15,10.0,11.0,9.0,8.3,10.2,97,4.3,4.3,0.0,16.0,3.76,7.4
2000-11-16,6.1,10.5,4.4,2.8,9.3,91,4.7,4.7,0.0,8.0,5.28,9.9
2000-11-17,6.4,8.8,4.8,3.7,6.2,80,0.0,0.0,0.0,0.0,3.35,6.4
2000-11-18,7.7,10.8,4.0,4.3,7.7,80,0.0,0.0,0.0,0.0,6.02,12.8
2000-11-19,8.6,10.4,5.6,5.7,8.9,91,8.5,8.5,0.0,11.0,6.57,12.5
2000-11-20,6.7,11.1,3.5,2.9,6.6,72,0.0,0.0,0.0,0.0,6.01,11.4
2000-11-21,6.0,10.6,1.7,2.5,6.5,66,0.0,0.0,0.0,0.0,3.81,8.3
2000-11-22,7.3,13.2,3.6,4.1,10.0,72,0.0,0.0,0.0,0.0,3.28,7.4
2000-11-23,9.0,15.9,3.6,6.7,14.3,79,0.0,0.0,0.0,0.0,2.77,5.2
2000-11-24,10.7,14.6,7.0,9.5,14.2,86,0.0,0.0,0.0,0.0,2.32,3.4
2000-11-25,11.7,15.3,8.9,10.8,14.8,87,0.8,0.8,0.0,3.0,3.1,5.2
2000-11-26,10.3,11.5,9.4,8.2,10.3,87,0.9,0.9,0.0,5.0,4.2,7.7
2000-11-27,9.3,10.4,8.0,7.2,8.4,80,1.0,1.0,0.0,7.0,3.32,6.2
2000-11-28,9.9,13.2,6.2,6.9,9.3,71,0.0,0.0,0.0,0.0,4.6,9.9
2000-11-29,9.7,10.3,9.1,7.8,8.6,89,8.1,8.1,0.0,22.0,3.41,7.6
2000-11-30,8.3,9.2,7.6,5.7,7.7,93,14.8,14.8,0.0,12.0,4.83,9.0
2000-12-01,9.4,11.5,7.7,7.7,9.7,87,0.1,0.1,0.0,1.0,3.37,7.5
2000-12-02,9.7,10.4,8.8,8.2,9.1,92,0.6,0.6,0.0,4.0,3.11,5.3
2000-12-03,7.6,8.9,5.0,5.4,6.9,91,0.4,0.4,0.0,2.0,3.23,6.8
2000-12-04,6.6,12.0,2.2,4.1,9.3,88,0.0,0.0,0.0,0.0,3.1,7.2
2000-12-05,7.9,13.1,2.1,5.7,11.4,83,0.0,0.0,0.0,0.0,3.27,6.2
2000-12-06,9.1,13.1,5.0,6.9,11.5,80,0.0,0.0,0.0,0.0,3.07,7.2
2000-12-07,10.4,14.9,8.0,8.9,13.8,83,0.0,0.0,0.0,0.0,2.51,4.3
2000-12-08,10.0,14.0,6.9,8.1,12.1,87,0.0,0.0,0.0,0.0,3.16,7.3
2000-12-09,11.9,14.4,9.6,11.2,14.2,89,5.4,5.4,0.0,7.0,3.14,5.4
2000-12-10,8.4,11.5,5.7,4.7,9.8,79,1.8,1.8,0.0,6.0,5.6,11.1
2000-12-11,4.9,5.6,3.5,0.0,0.9,59,0.0,0.0,0.0,0.0,5.01,9.5
2000-12-12,3.0,5.0,1.2,-0.4,0.9,77,1.1,1.0,0.07,7.0,3.45,7.1
2000-12-13,2.6,6.2,0.4,-0.6,2.9,83,0.0,0.0,0.0,0.0,2.37,6.1
2000-12-14,4.0,9.1,-0.3,0.9,6.1,84,0.0,0.0,0.0,0.0,2.64,6.6
2000-12-15,6.4,11.1,2.9,3.5,8.7,78,0.0,0.0,0.0,0.0,3.31,5.2
2000-12-16,6.7,8.0,4.6,4.0,6.0,85,4.2,4.2,0.0,10.0,3.54,7.0
2000-12-17,8.3,9.4,7.1,6.3,7.7,89,0.2,0.2,0.0,1.0,3.13,6.4
2000-12-18,8.9,12.6,5.3,7.1,10.8,88,0.5,0.5,0.0,1.0,3.29,6.1
2000-12-19,8.3,9.5,6.5,4.7,5.7,80,3.4,3.4,0.0,9.0,5.76,11.2
2000-12-20,3.5,6.5,1.2,-0.0,2.6,89,11.3,9.7,1.12,10.0,5.2,10.1
2000-12-21,4.6,10.2,-0.2,1.4,7.0,80,0.0,0.0,0.0,0.0,3.61,6.7
2000-12-22,6.2,13.5,0.3,3.2,10.3,77,0.0,0.0,0.0,0.0,3.05,6.5
2000-12-23,7.2,13.0,2.6,4.3,10.3,73,0.0,0.0,0.0,0.0,2.56,6.3
2000-12-24,7.8,16.1,2.4,4.7,12.0,73,0.0,0.0,0.0,0.0,5.08,10.4
2000-12-25,7.4,13.4,2.9,4.1,10.2,69,0.0,0.0,0.0,0.0,4.52,7.8
2000-12-26,7.5,11.4,4.0,3.9,8.9,76,0.0,0.0,0.0,0.0,5.22,11.2
2000-12-27,7.0,9.8,4.7,4.4,6.7,85,0.0,0.0,0.0,0.0,3.88,7.7
2000-12-28,5.4,7.3,4.4,1.9,4.4,83,0.2,0.2,0.0,1.0,4.4,8.1
2000-12-29,6.5,8.2,5.2,4.0,6.4,83,0.0,0.0,0.0,0.0,2.6,7.3
2000-12-30,8.0,10.1,6.3,6.3,8.8,85,0.2,0.2,0.0,1.0,2.12,5.3
2000-12-31,6.5,9.3,3.9,3.0,5.6,69,0.0,0.0,0.0,0.0,3.52,8.1
2001-01-01,6.7,11.4,2.2,3.8,8.7,75,0.0,0.0,0.0,0.0,3.24,5.7
2001-01-02,8.1,10.3,5.9,5.9,7.9,78,0.0,0.0,0.0,0.0,2.44,5.0
2001-01-03,8.2,12.5,5.3,5.7,9.4,75,0.0,0.0,0.0,0.0,2.91,5.8
2001-01-04,5.9,7.8,4.3,2.5,4.6,84,0.0,0.0,0.0,0.0,4.9,10.2
2001-01-05,6.9,8.0,5.7,3.8,4.8,91,2.6,2.6,0.0,5.0,5.43,10.8
2001-01-06,8.0,9.5,4.7,5.1,8.3,97,29.0,29.0,0.0,22.0,6.24,12.2
2001-01-07,3.5,4.9,2.0,-0.8,1.5,82,0.0,0.0,0.0,0.0,6.65,12.5
2001-01-08,3.5,4.6,1.0,-0.4,1.7,89,13.8,12.8,0.7,13.0,5.74,11.5
2001-01-09,2.2,3.2,1.2,-1.8,0.2,86,0.6,0.4,0.14,2.0,5.88,11.1
2001-01-10,3.6,7.7,0.6,0.3,4.8,79,0.0,0.0,0.0,0.0,4.36,8.3
2001-01-11,4.2,10.3,-0.9,1.2,8.0,80,0.0,0.0,0.0,0.0,2.62,5.4
2001-01-12,3.6,6.3,1.4,0.4,3.4,92,1.3,1.3,0.0,7.0,4.11,7.9
2001-01-13,3.4,9.7,-0.7,-0.4,5.4,77,0.0,0.0,0.0,0.0,6.91,13.0
2001-01-14,0.1,1.7,-1.7,-3.9,-2.2,68,0.0,0.0,0.0,0.0,2.91,7.3
2001-01-15,-0.8,1.8,-3.7,-4.9,-1.9,65,0.0,0.0,0.0,0.0,2.62,6.4
2001-01-16,1.2,5.3,-2.8,-3.2,0.9,62,0.0,0.0,0.0,0.0,3.71,8.7
2001-01-17,4.2,8.6,-0.1,0.8,5.5,70,0.0,0.0,0.0,0.0,2.69,6.2
2001-01-18,7.7,11.6,4.6,5.5,9.8,81,1.0,1.0,0.0,6.0,2.47,5.1
2001-01-19,5.9,7.3,4.7,3.4,6.0,96,3.7,3.7,0.0,11.0,4.2,7.7
2001-01-20,4.2,5.0,3.3,1.2,2.3,88,0.0,0.0,0.0,0.0,4.19,8.1
2001-01-21,4.9,5.8,4.2,1.4,2.4,88,10.1,10.1,0.0,14.0,4.91,9.3
2001-01-22,4.2,5.0,2.9,0.6,1.7,92,0.5,0.5,0.0,4.0,4.54,8.8
2001-01-23,4.1,4.9,3.4,-0.3,0.9,91,14.0,11.8,1.54,14.0,5.82,12.1
2001-01-24,3.3,4.5,1.9,-0.4,1.6,97,4.5,4.5,0.0,18.0,4.53,9.6
2001-01-25,0.5,1.8,-0.5,-4.0,-2.5,98,14.5,2.2,8.61,24.0,4.9,9.2
2001-01-26,-1.4,-0.5,-2.3,-6.0,-4.7,91,1.3,0.0,1.05,6.0,5.38,10.9
2001-01-27,-0.1,3.4,-3.5,-3.2,1.3,85,0.0,0.0,0.0,0.0,2.52,4.6
2001-01-28,1.8,4.4,-0.6,-2.8,-0.2,56,0.0,0.0,0.0,0.0,5.55,10.1
2001-01-29,2.8,7.8,-1.3,-1.0,4.7,59,0.0,0.0,0.0,0.0,2.96,5.6
2001-01-30,5.4,10.4,1.1,1.8,7.1,62,0.0,0.0,0.0,0.0,3.48,7.1
2001-01-31,5.5,9.3,2.4,1.5,4.1,67,0.0,0.0,0.0,0.0,6.02,11.4
2001-02-01,3.1,6.0,-0.0,-0.7,1.8,61,0.0,0.0,0.0,0.0,3.01,6.6
2001-02-02,4.0,7.9,0.7,0.0,4.2,63,0.0,0.0,0.0,0.0,3.86,8.4
2001-02-03,5.7,8.3,3.6,3.1,5.9,77,0.2,0.2,0.0,2.0,2.57,5.8
2001-02-04,6.4,6.8,5.5,3.7,4.3,92,0.6,0.6,0.0,3.0,3.74,7.2
2001-02-05,6.7,7.0,6.1,4.0,5.3,88,0.0,0.0,0.0,0.0,3.91,7.5
2001-02-06,4.7,6.0,2.6,1.4,3.6,96,5.1,5.1,0.0,11.0,4.65,8.4
2001-02-07,1.3,2.4,0.3,-2.6,-1.5,88,2.2,1.3,0.7,9.0,4.24,8.4
2001-02-08,2.1,4.0,0.6,-0.9,1.2,82,0.0,0.0,0.0,0.0,2.34,6.6
2001-02-09,4.6,8.3,1.4,2.1,6.3,81,0.0,0.0,0.0,0.0,2.06,4.6
2001-02-10,6.4,11.7,1.4,3.8,9.7,77,0.0,0.0,0.0,0.0,3.28,7.5
2001-02-11,5.8,7.7,4.3,1.9,4.0,88,9.8,9.8,0.0,9.0,6.33,11.8
2001-02-12,4.3,5.5,2.5,-0.0,1.1,94,13.2,13.2,0.0,24.0,6.14,11.9
2001-02-13,3.3,5.0,1.7,-0.1,2.0,86,1.0,1.0,0.0,4.0,4.3,8.6
2001-02-14,5.2,10.0,-0.1,2.0,7.7,72,0.0,0.0,0.0,0.0,3.81,6.9
2001-02-15,6.9,13.6,0.0,3.5,10.2,68,0.0,0.0,0.0,0.0,4.6,10.0
2001-02-16,5.5,9.2,2.1,1.2,5.2,57,0.0,0.0,0.0,0.0,4.66,10.1
2001-02-17,5.0,7.8,2.0,1.5,5.3,73,0.0,0.0,0.0,0.0,4.55,8.2
2001-02-18,7.4,15.0,0.1,5.1,14.4,75,0.0,0.0,0.0,0.0,2.92,4.5
2001-02-19,9.9,16.5,4.0,7.3,14.7,74,0.0,0.0,0.0,0.0,4.14,7.7
2001-02-20,7.8,9.5,6.3,5.4,7.1,90,7.4,7.4,0.0,12.0,4.08,7.6
2001-02-21,9.0,11.3,7.6,7.4,9.8,90,2.3,2.3,0.0,5.0,3.14,5.8
2001-02-22,11.7,15.0,8.0,10.4,13.6,92,0.2,0.2,0.0,1.0,3.64,7.6
2001-02-23,9.0,12.9,4.2,6.5,12.6,97,6.4,6.4,0.0,17.0,5.82,11.2
2001-02-24,3.5,5.6,1.6,-1.0,1.1,73,0.2,0.2,0.0,1.0,5.48,11.1
2001-02-25,3.4,6.1,-0.2,-0.9,2.0,63,0.0,0.0,0.0,0.0,4.75,10.0
2001-02-26,6.6,8.8,4.0,2.7,5.2,77,0.2,0.2,0.0,1.0,5.75,11.4
2001-02-27,6.4,7.5,5.4,4.0,5.8,96,7.0,7.0,0.0,17.0,4.03,8.1
2001-02-28,6.6,9.2,4.7,4.0,6.5,86,0.0,0.0,0.0,0.0,3.2,6.8
2001-03-01,9.5,16.8,4.1,6.7,14.2,69,0.0,0.0,0.0,0.0,4.47,8.9
2001-03-02,11.7,17.2,7.1,8.8,14.5,59,0.0,0.0,0.0,0.0,3.68,7.8
2001-03-03,10.8,12.3,8.2,6.4,10.2,46,0.0,0.0,0.0,0.0,8.19,15.6
2001-03-04,9.0,13.5,5.0,4.7,9.9,34,0.0,0.0,0.0,0.0,5.64,11.9
2001-03-05,12.0,16.2,8.0,8.1,12.1,47,0.0,0.0,0.0,0.0,4.42,8.5
2001-03-06,11.7,16.2,6.8,8.5,15.1,60,0.0,0.0,0.0,0.0,4.78,11.5
2001-03-07,7.4,9.5,4.3,2.7,5.6,36,0.0,0.0,0.0,0.0,5.22,10.2
2001-03-08,5.1,8.7,0.8,0.6,3.7,44,0.0,0.0,0.0,0.0,6.13,13.4
2001-03-09,7.7,14.4,0.4,3.8,10.5,48,0.0,0.0,0.0,0.0,4.1,9.2
2001-03-10,11.4,18.6,4.8,9.1,17.6,60,0.0,0.0,0.0,0.0,4.52,8.1
2001-03-11,9.2,14.4,5.8,6.9,12.1,77,0.0,0.0,0.0,0.0,4.65,9.6
2001-03-12,11.8,18.2,4.8,9.6,17.1,68,0.0,0.0,0.0,0.0,3.36,8.7
2001-03-13,15.5,22.1,8.5,12.4,18.6,55,0.0,0.0,0.0,0.0,6.81,13.4
2001-03-14,18.9,26.4,11.5,16.7,26.0,55,0.0,0.0,0.0,0.0,7.44,13.8
2001-03-15,8.3,11.0,6.8,4.2,6.1,67,5.1,5.1,0.0,13.0,5.67,12.5
2001-03-16,6.5,7.3,5.9,3.1,3.9,86,7.0,7.0,0.0,8.0,5.92,11.4
2001-03-17,8.9,13.4,6.4,6.3,10.8,78,0.0,0.0,0.0,0.0,4.07,8.9
2001-03-18,12.6,19.0,5.9,11.0,18.8,73,0.0,0.0,0.0,0.0,3.22,6.6
2001-03-19,15.7,21.2,10.3,14.7,21.4,66,0.0,0.0,0.0,0.0,3.45,5.9
2001-03-20,16.5,22.4,11.4,14.9,21.0,60,0.0,0.0,0.0,0.0,3.86,8.1
2001-03-21,18.2,25.1,12.2,16.4,23.5,60,0.0,0.0,0.0,0.0,5.12,10.0
2001-03-22,15.5,18.7,12.7,13.2,16.1,65,0.0,0.0,0.0,0.0,5.74,11.4
2001-03-23,13.5,17.6,9.1,11.9,16.9,71,0.0,0.0,0.0,0.0,3.48,7.8
2001-03-24,14.0,15.2,12.5,13.5,15.3,89,1.7,1.7,0.0,5.0,2.97,5.8
2001-03-25,14.6,18.1,11.0,13.9,17.5,82,0.6,0.6,0.0,2.0,3.91,8.9
2001-03-26,14.9,18.8,10.8,13.7,18.2,73,0.0,0.0,0.0,0.0,3.42,8.1
2001-03-27,13.2,17.2,6.5,11.1,16.2,77,0.1,0.1,0.0,1.0,7.52,14.7
2001-03-28,6.8,10.1,3.7,3.8,7.3,69,0.0,0.0,0.0,0.0,3.55,6.8
2001-03-29,10.6,18.8,3.1,7.6,15.3,61,0.0,0.0,0.0,0.0,5.22,10.5
2001-03-30,14.8,22.6,9.9,12.6,21.5,62,0.0,0.0,0.0,0.0,5.64,9.9
2001-03-31,11.4,15.0,8.0,7.6,12.0,49,0.0,0.0,0.0,0.0,5.22,10.6
2001-04-01,13.4,19.2,7.3,11.1,18.0,61,0.0,0.0,0.0,0.0,3.85,8.4
2001-04-02,17.5,22.7,13.0,17.4,24.1,76,0.0,0.0,0.0,0.0,3.31,8.1
2001-04-03,14.4,17.0,10.2,11.4,14.5,64,0.0,0.0,0.0,0.0,6.22,12.3
2001-04-04,12.5,18.4,6.7,9.3,15.4,50,0.0,0.0,0.0,0.0,4.5,9.8
2001-04-05,15.7,21.5,10.5,14.7,22.4,64,0.0,0.0,0.0,0.0,2.71,5.6
2001-04-06,16.0,20.1,12.3,15.2,20.5,75,0.3,0.3,0.0,3.0,3.41,6.9
2001-04-07,17.4,22.4,12.9,17.3,23.2,74,0.0,0.0,0.0,0.0,3.36,7.7
2001-04-08,16.8,18.3,15.6,16.8,18.4,86,0.4,0.4,0.0,2.0,4.74,9.2
2001-04-09,17.2,20.2,14.8,16.9,20.0,83,0.0,0.0,0.0,0.0,4.1,8.4
2001-04-10,12.5,17.2,7.9,10.3,16.7,88,10.7,10.7,0.0,14.0,6.08,11.6
2001-04-11,10.9,15.8,7.2,7.5,12.4,64,3.6,3.6,0.0,7.0,6.49,12.9
2001-04-12,14.3,20.3,8.3,11.0,17.1,46,0.0,0.0,0.0,0.0,5.41,10.4
2001-04-13,17.3,23.6,11.4,15.4,22.4,55,0.0,0.0,0.0,0.0,4.28,10.6
2001-04-14,15.7,20.6,11.0,14.2,20.2,53,0.0,0.0,0.0,0.0,4.05,8.1
2001-04-15,18.0,23.7,10.7,16.1,23.5,50,0.0,0.0,0.0,0.0,3.32,7.0
2001-04-16,19.5,25.6,13.1,18.7,25.8,58,0.0,0.0,0.0,0.0,2.97,7.1
2001-04-17,21.2,27.3,16.5,21.6,28.8,61,0.0,0.0,0.0,0.0,3.47,6.2
2001-04-18,22.9,29.0,16.8,23.1,29.6,62,0.0,0.0,0.0,0.0,3.83,8.4
2001-04-19,22.4,26.3,18.3,23.6,28.8,77,17.2,17.2,0.0,13.0,6.77,11.8
2001-04-20,12.1,17.0,10.4,9.1,15.0,83,12.1,12.1,0.0,22.0,6.83,13.6
2001-04-21,12.6,16.5,8.5,10.4,14.2,76,3.5,3.5,0.0,4.0,5.1,9.9
2001-04-22,15.7,19.8,11.4,13.5,17.6,54,0.0,0.0,0.0,0.0,4.03,9.2
2001-04-23,14.6,16.0,13.2,13.7,15.2,79,5.5,5.5,0.0,15.0,3.51,6.6
2001-04-24,14.1,16.6,12.2,12.5,14.4,73,0.2,0.2,0.0,1.0,3.11,7.0
2001-04-25,15.4,19.3,11.5,13.7,18.1,55,0.0,0.0,0.0,0.0,3.3,7.4
2001-04-26,16.7,21.3,11.5,15.0,21.1,57,0.0,0.0,0.0,0.0,3.69,8.6
2001-04-27,15.2,16.2,14.6,14.2,16.4,83,17.1,17.1,0.0,16.0,3.79,8.8
2001-04-28,15.9,16.8,15.0,16.9,18.2,99,19.6,19.6,0.0,20.0,2.56,7.3
2001-04-29,17.6,19.4,16.0,18.4,20.3,90,0.0,0.0,0.0,0.0,3.52,6.9
2001-04-30,17.2,19.5,15.2,16.5,18.7,80,0.0,0.0,0.0,0.0,4.97,10.2
2001-05-01,18.8,23.1,15.6,19.4,24.4,75,0.0,0.0,0.0,0.0,2.42,5.1
2001-05-02,20.6,26.3,14.9,20.9,26.8,68,0.0,0.0,0.0,0.0,4.54,9.4
2001-05-03,22.5,28.8,16.5,23.4,31.1,65,0.0,0.0,0.0,0.0,3.11,6.9
2001-05-04,22.9,28.4,18.5,24.1,29.5,72,15.0,15.0,0.0,5.0,5.47,12.3
2001-05-05,19.3,21.2,17.8,19.4,22.3,86,24.1,24.1,0.0,9.0,6.61,15.1
2001-05-06,18.7,19.4,17.4,19.4,20.4,85,0.0,0.0,0.0,0.0,3.01,6.5
2001-05-07,19.8,21.8,18.0,21.3,23.4,84,0.2,0.2,0.0,1.0,3.13,6.2
2001-05-08,22.1,27.1,16.8,23.8,29.6,74,0.0,0.0,0.0,0.0,3.1,5.8
2001-05-09,20.2,22.6,16.6,20.6,23.9,72,0.0,0.0,0.0,0.0,3.96,7.0
2001-05-10,20.2,25.4,13.6,20.3,26.5,66,0.0,0.0,0.0,0.0,3.7,8.0
2001-05-11,22.8,28.5,17.0,24.4,32.0,65,0.0,0.0,0.0,0.0,2.84,4.6
2001-05-12,24.2,29.4,18.1,25.2,31.4,63,0.0,0.0,0.0,0.0,3.64,7.5
2001-05-13,23.5,28.8,18.0,23.6,29.1,59,0.0,0.0,0.0,0.0,4.24,8.6
2001-05-14,24.7,31.0,18.7,26.6,34.3,66,0.0,0.0,0.0,0.0,3.11,6.5
2001-05-15,24.7,28.4,21.7,26.8,29.8,69,0.3,0.3,0.0,2.0,3.64,10.3
2001-05-16,24.1,28.6,18.3,26.2,31.8,65,0.0,0.0,0.0,0.0,2.15,5.9
2001-05-17,24.1,27.8,21.0,25.6,30.2,64,0.1,0.1,0.0,1.0,3.33,6.0
2001-05-18,24.7,29.6,19.7,27.0,32.4,66,0.0,0.0,0.0,0.0,1.96,5.0
2001-05-19,26.1,31.1,20.8,28.2,33.9,63,0.0,0.0,0.0,0.0,2.92,7.3
2001-05-20,26.1,30.2,21.0,28.7,33.6,66,0.0,0.0,0.0,0.0,2.77,4.8
2001-05-21,26.4,31.6,21.9,29.3,36.0,68,0.0,0.0,0.0,0.0,4.3,8.2
2001-05-22,24.4,28.2,20.9,26.0,30.2,71,0.1,0.1,0.0,1.0,4.24,8.9
2001-05-23,26.3,32.2,19.3,28.4,36.2,58,0.0,0.0,0.0,0.0,2.79,4.6
2001-05-24,28.0,33.3,23.0,30.2,37.1,55,0.0,0.0,0.0,0.0,3.11,6.2
2001-05-25,27.9,32.7,24.1,30.9,36.5,61,0.0,0.0,0.0,0.0,3.57,6.8
2001-05-26,23.7,27.0,21.9,25.2,28.5,74,0.8,0.8,0.0,5.0,4.54,8.5
2001-05-27,22.1,25.1,20.1,23.7,26.1,77,1.6,1.6,0.0,7.0,3.01,6.4
2001-05-28,23.5,28.6,17.9,24.7,30.6,66,0.0,0.0,0.0,0.0,4.33,9.1
2001-05-29,21.1,23.2,17.7,21.9,24.8,75,5.2,5.2,0.0,11.0,4.83,9.4
2001-05-30,20.7,24.9,17.2,21.0,26.4,70,0.0,0.0,0.0,0.0,4.42,8.1
2001-05-31,23.7,29.5,16.5,23.8,29.5,53,0.0,0.0,0.0,0.0,3.04,7.8
2001-06-01,25.4,30.0,20.9,26.3,30.7,57,0.0,0.0,0.0,0.0,2.91,7.7
2001-06-02,24.8,28.9,20.9,26.2,30.9,66,0.0,0.0,0.0,0.0,4.34,8.8
2001-06-03,20.8,22.3,19.1,21.3,22.8,78,8.5,8.5,0.0,13.0,5.65,10.7
2001-06-04,19.9,21.6,18.7,21.9,23.6,90,14.1,14.1,0.0,12.0,2.9,5.0
2001-06-05,20.9,23.8,17.9,22.6,25.1,85,0.0,0.0,0.0,0.0,4.32,8.7
2001-06-06,22.5,27.5,18.2,24.5,29.5,76,0.0,0.0,0.0,0.0,2.61,5.3
2001-06-07,25.0,29.0,20.4,27.4,31.9,72,0.0,0.0,0.0,0.0,3.11,6.5
2001-06-08,25.8,29.4,22.4,29.0,32.4,80,1.2,1.2,0.0,8.0,4.68,9.8
2001-06-09,23.9,25.3,22.5,26.6,28.3,91,36.1,36.1,0.0,18.0,5.02,9.6
2001-06-10,22.1,23.5,19.6,23.5,26.4,87,35.0,35.0,0.0,12.0,6.32,11.2
2001-06-11,24.2,27.8,21.0,26.4,30.0,80,0.2,0.2,0.0,2.0,4.36,9.2
2001-06-12,23.4,25.3,21.2,25.7,27.8,82,13.4,13.4,0.0,11.0,3.51,7.3
2001-06-13,21.3,23.0,20.2,23.4,24.8,88,4.0,4.0,0.0,14.0,3.4,8.0
2001-06-14,22.6,26.3,19.3,24.9,28.3,80,0.4,0.4,0.0,2.0,2.55,5.4
2001-06-15,25.4,29.6,21.2,28.1,32.9,77,0.0,0.0,0.0,0.0,5.54,11.0
2001-06-16,28.4,32.7,24.4,32.5,37.1,73,0.0,0.0,0.0,0.0,4.84,11.1
2001-06-17,27.9,30.8,26.4,32.8,36.6,81,4.1,4.1,0.0,8.0,4.11,10.6
2001-06-18,25.2,26.8,23.4,29.9,31.9,91,19.0,19.0,0.0,17.0,3.16,9.2
2001-06-19,26.0,29.9,23.1,29.9,34.2,78,1.4,1.4,0.0,3.0,3.01,7.4
2001-06-20,26.4,29.4,23.7,30.0,34.2,76,0.0,0.0,0.0,0.0,3.92,8.7
2001-06-21,25.6,27.5,23.9,29.1,31.6,79,0.3,0.3,0.0,1.0,3.5,5.8
2001-06-22,22.7,25.0,21.1,24.7,27.7,81,4.4,4.4,0.0,11.0,4.14,6.0
2001-06-23,22.9,24.5,21.1,25.1,26.3,85,0.2,0.2,0.0,1.0,4.79,9.5
2001-06-24,24.6,28.3,22.1,27.3,31.0,76,0.0,0.0,0.0,0.0,3.47,7.5
2001-06-25,25.2,27.7,22.2,28.5,30.8,80,0.0,0.0,0.0,0.0,3.82,7.6
2001-06-26,27.2,31.0,23.6,31.3,35.7,77,0.0,0.0,0.0,0.0,3.75,6.7
2001-06-27,29.1,32.9,25.8,33.2,37.2,76,1.3,1.3,0.0,5.0,5.06,10.2
2001-06-28,30.4,33.4,27.7,34.1,37.7,70,0.0,0.0,0.0,0.0,5.87,11.4
2001-06-29,30.7,34.2,28.4,34.7,38.2,69,0.0,0.0,0.0,0.0,6.04,12.1
2001-06-30,31.4,34.9,27.8,36.8,41.2,71,3.7,3.7,0.0,6.0,5.18,12.9
2001-07-01,32.3,35.7,29.1,36.6,41.0,64,0.0,0.0,0.0,0.0,5.24,11.4
2001-07-02,32.8,36.7,29.6,37.2,41.3,60,0.0,0.0,0.0,0.0,6.0,11.7
2001-07-03,32.4,37.0,26.9,37.1,42.4,60,0.1,0.1,0.0,1.0,3.4,8.1
2001-07-04,32.3,36.9,27.4,37.6,43.8,59,0.0,0.0,0.0,0.0,2.5,5.2
2001-07-05,31.4,35.7,28.3,36.4,40.4,70,0.0,0.0,0.0,0.0,5.7,10.3
2001-07-06,29.3,32.0,26.9,33.2,36.0,78,2.6,2.6,0.0,4.0,6.3,12.7
2001-07-07,27.7,29.7,25.9,32.1,34.5,83,3.7,3.7,0.0,10.0,4.79,10.3
2001-07-08,30.4,34.7,26.5,36.7,42.4,77,0.0,0.0,0.0,0.0,3.44,7.2
2001-07-09,33.0,37.0,28.5,38.8,43.3,67,0.0,0.0,0.0,0.0,4.39,9.6
2001-07-10,33.2,36.3,30.0,39.6,43.6,67,0.0,0.0,0.0,0.0,3.29,9.8
2001-07-11,32.5,36.8,28.8,38.6,43.2,67,2.9,2.9,0.0,4.0,3.1,8.1
2001-07-12,27.8,28.9,26.0,33.4,35.4,84,16.5,16.5,0.0,9.0,2.66,7.9
2001-07-13,27.3,30.7,24.9,32.7,36.4,86,27.3,27.3,0.0,20.0,3.22,6.8
2001-07-14,27.2,30.3,25.5,33.1,36.3,85,18.2,18.2,0.0,18.0,1.63,5.4
2001-07-15,26.6,29.3,24.4,31.4,34.5,85,3.5,3.5,0.0,7.0,3.57,7.6
2001-07-16,27.2,30.8,24.2,31.0,35.3,75,0.0,0.0,0.0,0.0,3.69,7.5
2001-07-17,27.4,31.1,23.6,30.7,34.4,71,0.0,0.0,0.0,0.0,4.61,9.4
2001-07-18,27.8,31.6,24.2,31.5,36.3,75,0.0,0.0,0.0,0.0,4.92,9.1
2001-07-19,29.4,33.0,26.1,34.7,39.4,78,0.1,0.1,0.0,1.0,4.14,8.6
2001-07-20,30.9,34.3,27.8,36.1,39.6,73,0.0,0.0,0.0,0.0,5.01,10.2
2001-07-21,32.2,35.8,28.6,37.2,41.5,67,0.2,0.2,0.0,1.0,5.22,12.7
2001-07-22,32.8,36.6,28.6,37.7,42.5,63,0.0,0.0,0.0,0.0,4.6,10.5
2001-07-23,32.2,36.7,28.2,37.3,43.4,63,0.0,0.0,0.0,0.0,3.64,7.3
2001-07-24,31.5,35.5,27.3,36.6,41.5,67,0.0,0.0,0.0,0.0,4.33,8.9
2001-07-25,32.4,35.9,29.6,37.9,41.7,66,0.0,0.0,0.0,0.0,4.23,9.5
2001-07-26,32.2,36.8,28.8,37.8,43.1,65,0.0,0.0,0.0,0.0,3.64,8.8
2001-07-27,31.9,34.9,28.7,36.9,40.4,66,0.9,0.9,0.0,1.0,4.94,11.3
2001-07-28,31.2,34.8,28.6,36.5,41.7,69,2.8,2.8,0.0,3.0,3.71,8.0
2001-07-29,31.8,36.1,28.2,38.0,42.8,71,1.6,1.6,0.0,6.0,3.72,7.8
2001-07-30,31.8,37.5,26.8,37.5,43.3,69,3.4,3.4,0.0,4.0,3.41,8.4
2001-07-31,25.7,26.8,24.3,30.1,33.5,87,11.9,11.9,0.0,13.0,3.74,9.7
2001-08-01,26.4,29.6,24.3,30.2,32.7,81,1.6,1.6,0.0,6.0,5.24,10.0
2001-08-02,28.0,31.8,23.4,32.9,36.8,74,0.0,0.0,0.0,0.0,2.21,5.5
2001-08-03,30.4,34.7,26.7,36.4,41.2,74,0.6,0.6,0.0,3.0,2.97,7.4
2001-08-04,30.3,35.4,27.1,35.7,40.8,75,3.9,3.9,0.0,4.0,4.2,9.4
2001-08-05,30.1,34.1,26.7,36.6,40.3,77,3.0,3.0,0.0,7.0,2.11,6.1
2001-08-06,31.1,35.5,27.4,37.4,41.9,73,1.0,1.0,0.0,2.0,3.81,8.8
2001-08-07,29.5,33.1,26.3,35.5,40.0,80,14.3,14.3,0.0,13.0,4.4,9.3
2001-08-08,27.6,30.5,26.0,33.1,36.2,85,15.5,15.5,0.0,18.0,3.69,8.4
2001-08-09,25.6,26.6,23.7,29.1,30.8,84,40.9,40.9,0.0,22.0,4.83,10.3
2001-08-10,21.6,23.5,19.9,23.3,26.3,84,14.4,14.4,0.0,22.0,4.3,9.1
2001-08-11,22.3,25.1,20.0,24.7,27.1,81,0.2,0.2,0.0,2.0,2.22,5.3
2001-08-12,25.6,29.9,22.0,28.7,33.7,71,0.0,0.0,0.0,0.0,2.41,6.0
2001-08-13,26.4,30.1,22.7,30.2,34.8,71,0.0,0.0,0.0,0.0,2.25,3.7
2001-08-14,26.8,30.9,22.5,30.5,34.8,76,0.0,0.0,0.0,0.0,4.37,9.0
2001-08-15,24.9,26.6,23.4,28.8,30.7,88,16.2,16.2,0.0,17.0,3.82,8.7
2001-08-16,26.3,30.8,23.5,31.3,36.2,86,4.8,4.8,0.0,10.0,2.47,5.6
2001-08-17,27.0,29.2,25.1,32.8,36.0,88,5.0,5.0,0.0,8.0,2.69,5.7
2001-08-18,28.0,31.6,24.7,32.6,36.9,81,0.3,0.3,0.0,1.0,4.85,9.8
2001-08-19,28.5,31.6,25.6,33.4,37.2,80,0.2,0.2,0.0,1.0,4.24,8.6
2001-08-20,28.7,32.0,25.5,33.6,36.9,75,0.0,0.0,0.0,0.0,3.26,6.5
2001-08-21,27.2,30.8,25.6,32.4,37.0,83,8.7,8.7,0.0,6.0,4.3,7.9
2001-08-22,28.3,31.8,25.1,34.1,39.3,79,0.5,0.5,0.0,3.0,1.93,4.5
2001-08-23,29.3,33.0,26.6,35.2,40.0,77,0.1,0.1,0.0,1.0,2.48,6.9
2001-08-24,27.5,29.3,26.1,32.0,34.0,80,1.8,1.8,0.0,6.0,4.42,11.3
2001-08-25,26.1,28.5,23.8,28.2,31.9,69,0.0,0.0,0.0,0.0,5.43,10.9
2001-08-26,25.6,29.1,21.3,28.5,31.8,75,0.0,0.0,0.0,0.0,3.88,8.3
2001-08-27,26.1,29.7,23.0,28.6,31.2,71,0.1,0.1,0.0,1.0,4.06,8.6
2001-08-28,26.1,29.9,22.6,28.6,32.6,69,0.0,0.0,0.0,0.0,3.63,8.1
2001-08-29,23.3,24.9,21.0,26.0,28.3,87,7.5,7.5,0.0,11.0,4.81,9.5
2001-08-30,23.2,26.3,20.1,24.7,27.7,76,0.0,0.0,0.0,0.0,4.84,9.9
2001-08-31,23.2,25.2,21.1,25.2,27.3,80,2.1,2.1,0.0,9.0,3.89,7.6
2001-09-01,24.2,28.4,20.3,26.6,30.1,75,0.0,0.0,0.0,0.0,3.42,7.7
2001-09-02,25.4,29.5,21.1,27.4,31.3,70,0.0,0.0,0.0,0.0,4.12,9.1
2001-09-03,25.3,29.0,21.6,27.6,31.1,72,0.0,0.0,0.0,0.0,3.81,8.5
2001-09-04,25.7,29.9,22.1,28.1,32.1,69,0.0,0.0,0.0,0.0,3.16,6.8
2001-09-05,26.6,31.0,21.7,30.0,35.5,67,0.0,0.0,0.0,0.0,1.97,5.4
2001-09-06,26.1,31.1,21.7,27.8,32.8,64,0.0,0.0,0.0,0.0,3.98,8.4
2001-09-07,24.4,29.1,19.9,25.1,30.0,58,0.0,0.0,0.0,0.0,3.73,8.0
2001-09-08,24.5,29.4,19.0,25.8,30.8,61,0.0,0.0,0.0,0.0,2.92,5.6
2001-09-09,25.3,30.2,21.1,25.7,30.0,57,0.0,0.0,0.0,0.0,4.63,9.9
2001-09-10,24.6,29.2,20.2,25.1,29.4,58,0.0,0.0,0.0,0.0,3.7,8.3
2001-09-11,24.9,29.2,20.8,26.4,30.0,63,0.1,0.1,0.0,1.0,2.73,6.9
2001-09-12,25.5,30.4,20.8,27.6,31.8,66,0.3,0.3,0.0,2.0,3.09,6.0
2001-09-13,25.8,30.6,21.2,28.0,32.2,66,0.0,0.0,0.0,0.0,3.2,7.0
2001-09-14,24.9,29.8,20.9,25.9,30.9,60,0.0,0.0,0.0,0.0,3.19,7.4
2001-09-15,25.2,29.9,20.8,26.9,32.0,64,0.0,0.0,0.0,0.0,3.0,7.2
2001-09-16,26.3,31.2,22.3,28.9,34.1,66,0.0,0.0,0.0,0.0,2.61,7.2
2001-09-17,26.9,32.1,21.7,29.5,34.3,63,0.0,0.0,0.0,0.0,2.18,6.0
2001-09-18,26.0,28.5,23.3,28.1,30.4,68,0.0,0.0,0.0,0.0,4.58,9.1
2001-09-19,24.6,27.3,22.4,24.9,27.2,65,0.0,0.0,0.0,0.0,6.04,12.8
2001-09-20,23.3,25.9,20.4,23.0,25.2,62,1.3,1.3,0.0,3.0,4.71,10.1
2001-09-21,22.6,24.8,20.8,22.5,25.2,64,1.7,1.7,0.0,3.0,5.13,11.8
2001-09-22,22.9,26.7,19.8,21.9,24.6,54,0.0,0.0,0.0,0.0,5.03,10.0
2001-09-23,23.4,28.2,19.8,23.6,28.1,62,0.0,0.0,0.0,0.0,4.53,10.1
2001-09-24,24.3,29.2,18.7,25.3,30.7,63,0.0,0.0,0.0,0.0,5.01,8.9
2001-09-25,23.6,26.9,21.1,23.1,26.2,60,0.0,0.0,0.0,0.0,5.71,11.1
2001-09-26,22.5,27.0,18.8,22.4,27.7,59,0.0,0.0,0.0,0.0,4.18,8.6
2001-09-27,23.0,27.8,18.3,22.0,25.5,54,0.0,0.0,0.0,0.0,5.46,11.4
2001-09-28,23.5,28.4,19.8,22.7,26.8,59,0.0,0.0,0.0,0.0,5.52,11.0
2001-09-29,23.4,27.1,20.8,24.2,27.6,67,0.0,0.0,0.0,0.0,3.99,8.0
2001-09-30,22.4,24.9,20.2,23.5,25.2,70,1.8,1.8,0.0,8.0,3.54,8.0
2001-10-01,21.2,27.7,15.7,20.5,27.2,52,0.0,0.0,0.0,0.0,2.38,5.7
2001-10-02,22.0,27.1,17.7,21.6,27.0,55,0.0,0.0,0.0,0.0,3.4,8.0
2001-10-03,20.1,23.1,17.8,19.7,21.4,64,0.0,0.0,0.0,0.0,4.26,9.3
2001-10-04,18.2,23.9,13.7,17.0,23.2,57,0.0,0.0,0.0,0.0,3.6,7.6
2001-10-05,18.5,22.8,14.1,16.6,21.1,55,0.0,0.0,0.0,0.0,4.0,9.5
2001-10-06,19.3,22.7,16.2,19.0,22.9,73,6.8,6.8,0.0,6.0,4.67,10.2
2001-10-07,18.2,19.7,17.2,18.8,20.3,90,13.0,13.0,0.0,15.0,4.74,9.5
2001-10-08,18.7,21.1,17.2,19.2,22.0,83,0.0,0.0,0.0,0.0,4.05,7.9
2001-10-09,19.5,25.4,14.8,17.4,21.8,55,0.0,0.0,0.0,0.0,6.26,12.8
2001-10-10,18.2,25.7,10.7,16.9,24.9,55,0.0,0.0,0.0,0.0,2.52,5.9
2001-10-11,19.6,25.7,13.6,19.2,25.0,63,0.0,0.0,0.0,0.0,3.38,7.8
2001-10-12,21.2,26.1,17.2,20.5,25.1,63,0.0,0.0,0.0,0.0,5.0,11.0
2001-10-13,20.5,23.4,18.0,19.8,21.5,64,0.8,0.8,0.0,3.0,4.27,9.4
2001-10-14,20.9,24.1,17.6,20.9,23.4,67,0.0,0.0,0.0,0.0,4.43,9.9
2001-10-15,20.1,21.7,17.9,20.8,22.2,76,1.0,1.0,0.0,3.0,3.08,6.0
2001-10-16,19.4,20.9,18.4,19.0,20.1,74,0.2,0.2,0.0,1.0,4.31,8.2
2001-10-17,18.9,22.6,15.2,17.1,20.5,58,0.0,0.0,0.0,0.0,4.6,9.9
2001-10-18,16.8,22.0,12.1,15.1,20.1,59,0.0,0.0,0.0,0.0,3.36,8.2
2001-10-19,17.9,22.8,13.7,15.8,19.7,57,0.0,0.0,0.0,0.0,5.0,10.4
2001-10-20,17.0,17.9,15.7,16.7,18.0,79,2.7,2.7,0.0,12.0,3.54,6.4
2001-10-21,16.9,18.5,15.6,17.8,19.6,89,2.6,2.6,0.0,7.0,2.38,4.9
2001-10-22,18.0,21.3,15.5,18.4,21.9,78,0.2,0.2,0.0,1.0,2.45,5.9
2001-10-23,17.9,18.7,16.9,19.2,20.4,92,7.1,7.1,0.0,14.0,2.41,5.9
2001-10-24,18.5,23.8,14.5,18.6,23.5,77,0.0,0.0,0.0,0.0,3.72,8.2
2001-10-25,19.7,23.7,16.3,19.2,23.3,71,0.5,0.5,0.0,1.0,4.8,10.1
2001-10-26,18.5,19.6,17.8,19.4,20.9,91,21.6,21.6,0.0,23.0,3.61,7.8
2001-10-27,18.2,20.2,16.7,18.1,19.5,87,8.5,8.5,0.0,6.0,5.1,9.8
2001-10-28,17.4,21.2,13.5,17.1,21.0,80,0.3,0.3,0.0,1.0,4.4,8.4
2001-10-29,13.5,17.3,11.0,11.9,16.8,69,0.0,0.0,0.0,0.0,3.52,6.5
2001-10-30,14.9,20.7,8.8,13.6,19.9,71,0.0,0.0,0.0,0.0,3.06,7.4
2001-10-31,15.5,18.3,12.1,15.4,18.4,83,0.8,0.8,0.0,2.0,2.5,5.3
2001-11-01,15.7,18.9,13.1,14.6,17.2,80,0.0,0.0,0.0,0.0,5.22,9.9
2001-11-02,13.5,15.6,12.1,11.3,13.1,84,9.6,9.6,0.0,18.0,5.3,10.1
2001-11-03,13.3,15.2,11.6,11.6,13.8,82,1.0,1.0,0.0,3.0,4.38,8.4
2001-11-04,14.3,17.7,11.1,13.3,17.5,81,3.4,3.4,0.0,4.0,4.34,9.8
2001-11-05,13.7,17.0,8.4,11.2,14.1,74,5.9,5.9,0.0,7.0,5.85,11.8
2001-11-06,9.4,14.3,5.0,6.3,11.4,57,0.0,0.0,0.0,0.0,2.6,6.7
2001-11-07,11.1,16.1,6.8,8.6,13.4,69,0.0,0.0,0.0,0.0,4.6,10.2
2001-11-08,12.3,17.8,8.3,10.9,16.3,75,0.0,0.0,0.0,0.0,2.4,4.7
2001-11-09,12.3,16.5,8.3,9.5,13.2,68,0.0,0.0,0.0,0.0,4.57,9.7
2001-11-10,10.7,15.9,5.3,8.4,14.0,63,0.0,0.0,0.0,0.0,2.21,5.6
2001-11-11,13.0,19.5,8.1,11.2,17.5,66,0.0,0.0,0.0,0.0,2.33,5.4
2001-11-12,12.6,18.7,7.0,10.9,17.2,75,0.0,0.0,0.0,0.0,2.64,6.9
2001-11-13,12.0,16.8,7.6,8.3,11.2,60,0.0,0.0,0.0,0.0,7.76,15.2
2001-11-14,8.1,12.5,4.3,5.1,9.3,66,0.0,0.0,0.0,0.0,3.72,7.7
2001-11-15,9.1,17.1,4.4,6.2,14.0,66,0.0,0.0,0.0,0.0,2.81,6.6
2001-11-16,8.7,16.7,2.2,6.0,14.0,65,0.0,0.0,0.0,0.0,2.83,4.2
2001-11-17,10.0,17.4,5.4,7.5,15.7,65,0.0,0.0,0.0,0.0,2.87,4.9
2001-11-18,9.6,17.1,2.9,6.9,14.0,62,0.0,0.0,0.0,0.0,1.92,5.1
2001-11-19,10.6,19.1,5.3,7.8,16.3,59,0.0,0.0,0.0,0.0,2.86,5.1
2001-11-20,10.6,18.8,5.8,7.8,15.4,62,0.0,0.0,0.0,0.0,3.09,7.2
2001-11-21,11.7,19.6,7.3,9.5,17.6,62,0.0,0.0,0.0,0.0,2.64,4.7
2001-11-22,11.8,20.2,5.8,9.0,17.0,63,0.0,0.0,0.0,0.0,2.94,6.7
2001-11-23,12.6,21.1,6.5,10.5,19.1,66,0.0,0.0,0.0,0.0,2.69,5.3
2001-11-24,12.8,20.1,8.1,10.2,16.2,63,0.0,0.0,0.0,0.0,4.55,9.3
2001-11-25,9.8,15.2,5.5,6.7,11.7,67,0.0,0.0,0.0,0.0,4.92,9.8
2001-11-26,8.8,12.3,4.8,5.4,8.9,51,0.0,0.0,0.0,0.0,2.73,6.6
2001-11-27,9.3,13.1,6.2,5.5,9.1,55,0.0,0.0,0.0,0.0,4.12,8.4
2001-11-28,13.3,20.0,6.9,10.7,16.5,72,1.8,1.8,0.0,4.0,6.17,11.8
2001-11-29,11.9,14.1,8.0,10.2,14.0,83,9.7,9.7,0.0,10.0,4.2,8.3
2001-11-30,9.8,12.5,6.4,7.6,10.3,81,0.0,0.0,0.0,0.0,3.42,7.7
2001-12-01,12.1,14.5,10.3,10.8,13.2,81,1.1,1.1,0.0,3.0,3.04,6.6
2001-12-02,11.9,13.3,10.0,10.6,12.1,84,1.3,1.3,0.0,3.0,3.19,6.3
2001-12-03,8.0,11.5,5.6,5.2,10.1,96,13.6,13.6,0.0,22.0,5.54,10.6
2001-12-04,7.6,9.1,5.5,5.2,6.9,92,1.1,1.1,0.0,6.0,4.02,9.1
2001-12-05,5.2,8.6,1.6,1.5,6.5,96,19.1,19.0,0.07,23.0,6.31,11.4
2001-12-06,3.7,6.4,1.8,0.1,2.7,79,1.1,1.1,0.0,3.0,4.12,8.2
2001-12-07,4.5,6.5,2.1,1.0,3.7,78,1.5,1.5,0.0,7.0,4.46,9.9
2001-12-08,6.7,7.7,5.4,4.1,5.3,93,2.8,2.8,0.0,10.0,3.26,6.7
2001-12-09,7.4,8.3,6.5,4.4,5.4,96,12.9,12.9,0.0,21.0,4.75,8.8
2001-12-10,7.0,7.7,6.2,3.8,4.9,92,1.8,1.8,0.0,7.0,4.58,8.4
2001-12-11,6.6,7.1,5.7,3.3,4.4,90,12.9,12.9,0.0,11.0,5.02,10.3
2001-12-12,5.8,7.0,4.7,2.5,4.9,92,4.4,4.4,0.0,8.0,5.37,10.0
2001-12-13,2.8,5.3,-1.3,-2.2,0.8,59,0.0,0.0,0.0,0.0,5.91,11.5
2001-12-14,1.5,6.2,-3.1,-2.5,2.6,59,0.0,0.0,0.0,0.0,2.76,6.9
2001-12-15,2.7,5.0,-0.3,-1.4,0.8,69,0.2,0.2,0.0,2.0,4.43,8.2
2001-12-16,4.4,5.4,3.5,1.9,3.1,86,0.2,0.2,0.0,2.0,2.08,4.8
2001-12-17,5.0,5.6,4.2,1.7,2.2,94,4.8,4.8,0.0,20.0,4.55,8.9
2001-12-18,4.9,6.6,3.4,1.2,2.9,87,1.9,1.9,0.0,9.0,4.83,9.8
2001-12-19,5.8,7.5,3.9,2.6,4.3,80,0.0,0.0,0.0,0.0,4.32,9.8
2001-12-20,4.5,6.4,2.2,0.9,2.9,90,4.2,4.2,0.0,15.0,5.25,8.9
2001-12-21,1.1,3.8,-1.4,-3.7,-1.3,67,0.0,0.0,0.0,0.0,5.3,10.8
2001-12-22,1.3,6.6,-3.9,-2.5,2.8,65,0.0,0.0,0.0,0.0,3.01,5.3
2001-12-23,2.6,8.8,-2.7,-0.7,5.4,77,0.0,0.0,0.0,0.0,2.73,6.5
2001-12-24,1.8,7.0,-2.5,-2.7,2.2,64,0.0,0.0,0.0,0.0,5.43,10.1
2001-12-25,-2.3,1.6,-5.7,-7.0,-2.9,50,0.0,0.0,0.0,0.0,4.3,9.1
2001-12-26,0.7,4.3,-3.5,-3.1,0.8,62,0.0,0.0,0.0,0.0,2.2,5.7
2001-12-27,1.5,6.2,-1.8,-2.2,2.0,67,0.0,0.0,0.0,0.0,2.87,6.9
2001-12-28,1.6,7.8,-3.3,-2.3,3.5,68,0.0,0.0,0.0,0.0,3.13,6.9
2001-12-29,4.5,12.5,-0.5,0.7,7.7,63,0.0,0.0,0.0,0.0,4.59,9.7
2001-12-30,6.7,13.6,-0.2,3.2,9.9,68,0.0,0.0,0.0,0.0,3.48,7.9
2001-12-31,7.2,14.3,1.8,3.8,11.1,68,0.4,0.4,0.0,2.0,4.74,8.6
2002-01-01,3.7,8.0,-0.2,0.4,5.2,67,0.0,0.0,0.0,0.0,3.25,5.8
2002-01-02,3.9,11.6,-2.0,0.5,8.3,67,0.0,0.0,0.0,0.0,2.82,5.6
2002-01-03,6.5,14.8,0.6,2.8,10.4,63,0.0,0.0,0.0,0.0,4.88,10.0
2002-01-04,7.7,16.8,1.3,3.9,11.9,56,0.0,0.0,0.0,0.0,4.81,9.9
2002-01-05,8.2,17.4,2.6,5.4,15.2,67,0.0,0.0,0.0,0.0,3.04,3.9
2002-01-06,9.1,16.8,3.1,6.0,13.3,68,0.0,0.0,0.0,0.0,5.02,9.5
2002-01-07,5.8,10.0,1.8,2.1,6.2,58,0.0,0.0,0.0,0.0,4.52,9.5
2002-01-08,4.8,10.8,0.1,0.6,6.4,52,0.0,0.0,0.0,0.0,3.22,7.8
2002-01-09,7.5,15.6,0.4,3.8,11.9,58,0.0,0.0,0.0,0.0,3.71,7.6
2002-01-10,10.8,18.4,5.6,7.8,14.9,61,0.0,0.0,0.0,0.0,3.95,8.2
2002-01-11,10.7,19.4,3.5,8.3,17.2,74,0.0,0.0,0.0,0.0,3.42,7.2
2002-01-12,12.7,16.3,9.4,11.2,15.7,83,3.8,3.8,0.0,8.0,4.0,8.6
2002-01-13,8.7,9.6,7.5,7.2,8.3,96,0.0,0.0,0.0,0.0,2.91,5.5
2002-01-14,11.6,16.9,6.9,10.5,16.0,92,0.0,0.0,0.0,0.0,3.56,7.7
2002-01-15,10.2,13.7,6.0,8.5,12.5,96,2.1,2.1,0.0,5.0,4.98,10.3
2002-01-16,3.6,6.2,1.4,-0.3,3.0,91,2.1,2.1,0.0,11.0,5.57,10.1
2002-01-17,0.7,1.4,-0.6,-3.3,-2.2,84,11.3,0.3,7.77,16.0,3.58,7.2
2002-01-18,0.7,2.7,-1.6,-2.9,-0.9,87,1.4,0.0,0.98,7.0,3.67,6.6
2002-01-19,1.9,6.6,-3.0,-1.1,3.8,71,0.0,0.0,0.0,0.0,1.7,4.8
2002-01-20,5.0,9.8,1.3,1.3,5.4,71,0.0,0.0,0.0,0.0,4.52,9.9
2002-01-21,3.4,8.9,-0.1,-0.8,4.6,58,0.0,0.0,0.0,0.0,3.64,8.1
2002-01-22,4.2,10.9,-1.6,0.3,7.0,56,0.0,0.0,0.0,0.0,3.5,7.5
2002-01-23,2.6,7.2,-2.2,-1.4,4.0,50,0.0,0.0,0.0,0.0,3.01,5.6
2002-01-24,3.6,7.1,0.6,-0.6,2.9,60,0.0,0.0,0.0,0.0,3.91,8.3
2002-01-25,2.9,3.6,2.3,-0.7,-0.2,91,12.1,12.1,0.0,17.0,4.43,8.2
2002-01-26,4.2,6.7,2.5,1.2,3.4,86,1.5,1.5,0.0,7.0,3.0,6.7
2002-01-27,4.6,8.7,1.6,1.9,5.8,77,0.0,0.0,0.0,0.0,2.52,6.4
2002-01-28,4.2,9.0,0.8,1.3,5.8,77,0.0,0.0,0.0,0.0,2.82,5.9
2002-01-29,4.4,10.6,-1.1,0.7,6.7,66,0.0,0.0,0.0,0.0,4.4,9.1
2002-01-30,4.8,10.7,0.0,1.6,8.6,58,0.0,0.0,0.0,0.0,2.48,4.9
2002-01-31,4.2,8.9,0.2,0.5,4.8,63,0.0,0.0,0.0,0.0,2.85,6.3
2002-02-01,5.8,12.3,0.5,2.0,7.5,57,0.0,0.0,0.0,0.0,4.74,10.3
2002-02-02,4.3,12.2,-2.0,0.8,10.0,57,0.0,0.0,0.0,0.0,3.06,3.8
2002-02-03,6.3,12.4,0.2,2.4,8.7,56,0.0,0.0,0.0,0.0,3.88,8.2
2002-02-04,7.7,11.2,5.5,5.1,9.2,66,0.0,0.0,0.0,0.0,2.94,6.7
2002-02-05,7.4,14.1,1.3,4.8,12.8,69,0.0,0.0,0.0,0.0,2.5,4.6
2002-02-06,8.8,16.1,2.8,6.4,14.9,70,0.0,0.0,0.0,0.0,2.8,4.4
2002-02-07,10.8,16.5,4.7,7.9,13.3,63,0.0,0.0,0.0,0.0,4.4,9.3
2002-02-08,10.2,14.8,6.4,6.9,11.0,64,0.0,0.0,0.0,0.0,5.5,11.4
2002-02-09,4.5,6.1,2.4,1.1,3.2,75,0.0,0.0,0.0,0.0,4.49,9.6
2002-02-10,6.3,12.8,0.9,2.6,9.1,60,0.0,0.0,0.0,0.0,4.0,8.8
2002-02-11,9.0,15.7,1.2,5.3,11.9,46,0.0,0.0,0.0,0.0,3.73,8.6
2002-02-12,11.6,19.0,5.5,8.6,16.5,48,0.0,0.0,0.0,0.0,2.5,6.5
2002-02-13,10.6,15.6,5.9,6.8,11.4,57,0.0,0.0,0.0,0.0,5.54,11.0
2002-02-14,8.4,9.7,7.2,4.2,5.4,65,0.0,0.0,0.0,0.0,5.58,11.0
2002-02-15,8.6,12.6,4.5,5.4,9.7,65,0.0,0.0,0.0,0.0,3.98,9.2
2002-02-16,10.4,14.5,7.4,8.6,12.7,78,1.2,1.2,0.0,4.0,2.66,6.3
2002-02-17,11.4,18.8,6.4,9.2,16.9,73,0.0,0.0,0.0,0.0,3.49,7.8
2002-02-18,9.0,13.0,5.6,5.2,9.3,72,1.9,1.9,0.0,4.0,5.33,10.9
2002-02-19,7.9,11.6,4.2,3.7,7.7,54,0.0,0.0,0.0,0.0,4.61,9.9
2002-02-20,7.8,11.8,3.2,4.9,8.9,74,4.0,4.0,0.0,9.0,3.58,7.9
2002-02-21,10.5,12.2,8.8,9.8,11.7,92,8.4,8.4,0.0,15.0,1.8,4.4
2002-02-22,10.7,12.9,8.7,8.5,10.0,87,1.1,1.1,0.0,5.0,5.2,11.0
2002-02-23,7.0,9.8,5.1,3.6,6.9,83,11.5,11.5,0.0,12.0,5.76,10.6
2002-02-24,7.6,11.7,2.6,4.7,8.8,73,0.0,0.0,0.0,0.0,4.19,9.1
2002-02-25,8.8,12.7,4.8,6.7,11.5,86,4.1,4.1,0.0,7.0,3.49,7.9
2002-02-26,9.6,12.4,6.8,8.2,10.7,89,3.3,3.3,0.0,6.0,2.15,5.7
2002-02-27,8.4,10.2,7.5,6.2,9.1,95,11.1,11.1,0.0,13.0,4.0,7.2
2002-02-28,8.9,10.8,7.2,7.1,8.8,88,0.0,0.0,0.0,0.0,2.95,6.7
2002-03-01,9.2,10.4,8.4,7.0,7.8,93,8.1,8.1,0.0,11.0,4.46,9.2
2002-03-02,7.6,8.4,6.8,4.2,6.1,88,3.6,3.6,0.0,7.0,5.23,10.3
2002-03-03,4.5,6.7,3.6,0.7,3.0,93,13.7,13.7,0.0,23.0,5.02,9.0
2002-03-04,4.7,5.1,3.2,1.2,2.8,96,20.0,20.0,0.0,22.0,5.22,9.8
2002-03-05,5.4,10.2,2.5,1.6,6.3,83,0.0,0.0,0.0,0.0,5.0,10.4
2002-03-06,9.0,15.8,3.0,5.6,12.5,59,0.0,0.0,0.0,0.0,5.05,10.5
2002-03-07,10.9,18.0,5.1,8.4,16.5,65,0.9,0.9,0.0,4.0,4.12,9.1
2002-03-08,12.1,18.2,5.6,9.9,16.5,63,0.0,0.0,0.0,0.0,3.61,7.8
2002-03-09,16.2,22.8,9.2,13.7,20.8,61,0.0,0.0,0.0,0.0,6.22,11.6
2002-03-10,16.3,21.7,11.8,15.5,21.6,70,0.2,0.2,0.0,1.0,4.06,7.6
2002-03-11,13.2,17.1,10.0,12.0,16.5,82,0.0,0.0,0.0,0.0,4.02,7.9
2002-03-12,14.6,19.3,10.7,14.6,20.6,88,0.0,0.0,0.0,0.0,3.32,6.9
2002-03-13,14.0,15.3,13.3,13.0,14.6,93,23.1,23.1,0.0,12.0,5.16,11.0
2002-03-14,15.1,18.4,12.9,14.4,18.0,87,0.0,0.0,0.0,0.0,4.53,10.4
2002-03-15,14.7,19.0,10.4,14.6,19.7,85,0.0,0.0,0.0,0.0,2.52,5.7
2002-03-16,16.2,21.4,9.7,15.5,21.4,69,0.0,0.0,0.0,0.0,3.6,6.1
2002-03-17,16.8,22.4,11.6,15.1,20.2,60,0.0,0.0,0.0,0.0,4.4,9.5
2002-03-18,15.2,20.5,9.3,12.4,17.8,49,0.0,0.0,0.0,0.0,4.61,9.9
2002-03-19,18.7,24.7,13.0,17.4,24.5,62,0.0,0.0,0.0,0.0,4.61,8.6
2002-03-20,17.4,22.8,10.9,16.3,24.9,77,16.9,16.9,0.0,9.0,10.57,19.1
2002-03-21,11.4,15.0,7.8,9.6,14.3,77,16.8,16.8,0.0,9.0,4.75,9.8
2002-03-22,11.1,15.4,8.9,8.9,12.5,75,3.3,3.3,0.0,6.0,5.08,10.2
2002-03-23,11.0,14.2,5.7,8.9,12.3,71,1.1,1.1,0.0,3.0,2.68,6.0
2002-03-24,10.6,12.9,8.0,8.0,10.2,74,0.0,0.0,0.0,0.0,4.75,10.6
2002-03-25,11.9,15.6,7.9,10.0,13.9,78,0.0,0.0,0.0,0.0,3.38,7.0
2002-03-26,11.6,12.4,9.6,11.0,12.3,94,4.7,4.7,0.0,13.0,2.86,4.3
2002-03-27,12.3,15.6,9.0,10.6,13.3,88,0.0,0.0,0.0,0.0,5.14,10.5
2002-03-28,13.9,15.7,11.1,13.7,16.1,89,1.1,1.1,0.0,3.0,3.11,6.3
2002-03-29,15.5,21.0,9.8,15.4,22.2,83,0.0,0.0,0.0,0.0,3.86,8.0
2002-03-30,17.1,23.1,11.9,15.5,20.9,66,0.0,0.0,0.0,0.0,6.78,14.9
2002-03-31,17.6,24.2,9.5,16.0,23.2,57,0.0,0.0,0.0,0.0,3.95,8.9
2002-04-01,21.7,27.8,14.6,21.6,28.6,62,0.0,0.0,0.0,0.0,4.3,9.6
2002-04-02,22.9,27.9,19.5,25.1,31.5,77,3.4,3.4,0.0,7.0,4.01,6.3
2002-04-03,22.2,26.7,18.7,23.3,27.9,80,0.0,0.0,0.0,0.0,6.17,11.6
2002-04-04,17.4,20.1,15.1,15.8,18.2,81,7.1,7.1,0.0,8.0,6.36,13.6
2002-04-05,19.4,24.1,16.6,19.4,25.0,91,13.9,13.9,0.0,16.0,9.59,17.5
2002-04-06,19.1,23.9,15.2,19.8,26.3,80,0.4,0.4,0.0,3.0,3.94,7.0
2002-04-07,17.7,24.5,9.7,17.4,25.4,75,7.6,7.6,0.0,5.0,7.3,14.2
2002-04-08,13.1,17.5,8.9,11.1,16.6,70,6.8,6.8,0.0,4.0,4.05,8.8
2002-04-09,14.1,17.9,9.2,12.4,17.7,53,0.0,0.0,0.0,0.0,2.77,5.9
2002-04-10,12.6,14.6,9.6,11.5,13.5,77,3.4,3.4,0.0,7.0,1.84,5.1
2002-04-11,13.5,18.8,8.1,12.4,18.0,75,0.0,0.0,0.0,0.0,4.32,8.0
2002-04-12,18.4,26.3,11.3,17.6,26.6,67,0.0,0.0,0.0,0.0,4.22,8.7
2002-04-13,21.6,28.6,14.1,19.6,27.2,56,0.0,0.0,0.0,0.0,6.96,13.3
2002-04-14,23.8,28.3,19.6,22.2,27.2,54,0.6,0.6,0.0,4.0,8.09,15.3
2002-04-15,24.3,28.5,20.7,24.9,29.5,70,2.7,2.7,0.0,7.0,5.83,12.6
2002-04-16,16.2,22.2,12.3,15.0,24.6,82,11.2,11.2,0.0,13.0,7.92,15.0
2002-04-17,13.4,15.5,11.2,12.7,14.8,89,2.2,2.2,0.0,6.0,3.2,6.8
2002-04-18,13.4,16.2,11.1,11.6,14.4,75,0.0,0.0,0.0,0.0,5.5,10.6
2002-04-19,12.5,14.5,10.2,11.7,14.0,91,7.4,7.4,0.0,16.0,3.01,6.2
2002-04-20,15.7,18.0,13.1,16.2,18.4,86,3.3,3.3,0.0,8.0,2.65,4.5
2002-04-21,19.3,23.3,14.1,19.9,24.9,80,0.0,0.0,0.0,0.0,4.4,9.8
2002-04-22,22.7,26.7,19.4,25.1,29.8,85,0.9,0.9,0.0,3.0,5.22,10.4
2002-04-23,17.9,21.7,13.0,18.0,25.0,93,11.8,11.8,0.0,13.0,5.6,11.0
2002-04-24,13.5,15.2,11.7,10.4,11.5,64,3.5,3.5,0.0,5.0,5.38,10.7
2002-04-25,11.7,12.6,10.3,8.4,9.7,63,0.0,0.0,0.0,0.0,4.37,8.8
2002-04-26,11.5,12.8,10.0,9.3,10.7,82,5.7,5.7,0.0,12.0,4.93,9.1
2002-04-27,13.3,14.5,11.8,12.3,13.7,94,11.5,11.5,0.0,18.0,4.75,9.0
2002-04-28,16.4,20.0,13.4,16.2,21.2,92,6.1,6.1,0.0,9.0,4.96,9.7
2002-04-29,18.0,20.2,15.1,18.7,21.4,92,11.4,11.4,0.0,9.0,4.26,10.8
2002-04-30,16.9,19.8,14.9,17.4,20.3,89,5.4,5.4,0.0,10.0,3.34,7.0
2002-05-01,18.5,22.2,15.4,18.9,23.6,82,0.6,0.6,0.0,3.0,3.74,7.6
2002-05-02,18.4,20.2,17.3,19.5,21.5,91,4.3,4.3,0.0,8.0,3.61,8.9
2002-05-03,18.7,21.4,16.4,20.0,23.2,88,0.6,0.6,0.0,2.0,2.51,5.1
2002-05-04,17.9,19.1,16.8,18.6,21.1,93,25.8,25.8,0.0,22.0,4.44,8.5
2002-05-05,16.5,17.1,15.7,16.3,17.3,96,7.9,7.9,0.0,19.0,4.85,9.1
2002-05-06,14.4,16.2,11.3,13.8,17.0,99,44.9,44.9,0.0,20.0,5.87,12.7
2002-05-07,14.9,17.8,12.0,14.3,18.7,83,0.0,0.0,0.0,0.0,4.83,9.4
2002-05-08,16.6,18.4,14.8,16.3,18.1,83,3.3,3.3,0.0,6.0,4.49,8.7
2002-05-09,16.2,17.4,15.3,16.1,17.0,91,11.7,11.7,0.0,10.0,4.02,8.5
2002-05-10,17.7,20.5,15.4,18.5,21.4,85,0.2,0.2,0.0,2.0,2.22,4.7
2002-05-11,19.9,23.8,16.1,20.9,24.7,81,0.0,0.0,0.0,0.0,3.09,6.3
2002-05-12,21.8,26.4,16.7,23.2,28.7,79,0.0,0.0,0.0,0.0,4.1,8.5
2002-05-13,19.7,21.9,18.6,20.5,23.5,95,59.0,59.0,0.0,21.0,6.14,12.0
2002-05-14,19.7,21.8,17.8,20.8,24.5,93,42.5,42.5,0.0,14.0,6.1,11.9
2002-05-15,17.8,19.9,16.2,15.5,17.6,79,0.7,0.7,0.0,5.0,8.99,16.9
2002-05-16,19.1,23.4,14.5,18.6,22.5,74,0.0,0.0,0.0,0.0,4.7,9.9
2002-05-17,18.1,20.3,14.9,17.9,19.2,78,0.0,0.0,0.0,0.0,4.38,9.1
2002-05-18,18.8,21.3,14.4,19.7,22.2,76,0.0,0.0,0.0,0.0,1.92,5.3
2002-05-19,20.1,23.1,17.6,21.2,23.4,77,5.2,5.2,0.0,7.0,2.86,6.8
2002-05-20,19.8,22.5,17.6,19.9,22.1,76,4.5,4.5,0.0,8.0,4.14,8.2
2002-05-21,16.9,17.8,15.6,17.2,18.4,97,12.2,12.2,0.0,18.0,3.86,7.3
2002-05-22,16.3,17.4,15.2,16.1,18.1,90,2.1,2.1,0.0,5.0,4.52,8.5
2002-05-23,20.4,25.6,16.0,21.9,27.9,76,0.0,0.0,0.0,0.0,2.31,5.7
2002-05-24,23.5,29.2,17.7,25.3,32.5,66,0.0,0.0,0.0,0.0,2.4,4.9
2002-05-25,24.5,30.7,20.0,26.2,33.6,64,0.7,0.7,0.0,2.0,2.33,6.1
2002-05-26,24.8,30.8,17.9,26.9,35.0,64,0.0,0.0,0.0,0.0,2.79,4.7
2002-05-27,25.2,31.1,19.9,27.1,34.7,65,0.0,0.0,0.0,0.0,3.47,7.3
2002-05-28,25.5,30.6,20.0,28.5,35.0,69,0.0,0.0,0.0,0.0,2.56,6.7
2002-05-29,21.9,24.4,20.3,24.5,27.1,87,17.0,17.0,0.0,16.0,3.11,5.9
2002-05-30,24.0,28.8,19.3,26.9,31.5,78,2.9,2.9,0.0,3.0,2.53,5.7
2002-05-31,26.5,31.2,20.9,29.9,36.3,70,0.0,0.0,0.0,0.0,2.82,5.8
2002-06-01,27.5,33.1,21.3,30.8,37.0,68,0.0,0.0,0.0,0.0,2.91,6.2
2002-06-02,27.6,32.7,22.1,30.3,34.9,64,0.0,0.0,0.0,0.0,3.13,6.5
2002-06-03,27.1,31.4,22.1,29.8,34.6,67,0.0,0.0,0.0,0.0,3.1,6.3
2002-06-04,28.8,33.9,23.6,32.0,38.1,63,0.0,0.0,0.0,0.0,4.27,6.4
2002-06-05,28.2,32.9,23.0,31.8,38.1,70,0.0,0.0,0.0,0.0,4.22,7.6
2002-06-06,29.0,33.8,23.8,33.2,39.3,70,0.0,0.0,0.0,0.0,3.81,7.3
2002-06-07,29.5,34.0,24.8,34.5,40.7,73,0.0,0.0,0.0,0.0,3.77,7.3
2002-06-08,28.2,31.6,25.2,31.9,36.0,75,0.0,0.0,0.0,0.0,5.81,11.4
2002-06-09,28.6,33.1,24.4,32.6,38.4,76,0.2,0.2,0.0,1.0,5.19,10.7
2002-06-10,26.1,28.1,21.8,29.3,32.1,80,2.7,2.7,0.0,5.0,5.2,12.3
2002-06-11,27.8,33.0,23.5,30.4,35.8,62,0.0,0.0,0.0,0.0,4.01,8.2
2002-06-12,28.3,33.8,22.6,30.1,36.1,55,0.0,0.0,0.0,0.0,4.66,9.0
2002-06-13,27.4,30.6,23.5,29.5,33.7,59,0.0,0.0,0.0,0.0,3.47,7.6
2002-06-14,28.5,33.1,23.4,32.2,39.7,65,0.2,0.2,0.0,1.0,3.41,6.3
2002-06-15,28.9,33.1,24.5,32.9,37.5,68,0.0,0.0,0.0,0.0,3.23,7.4
2002-06-16,28.1,31.8,24.3,31.5,35.4,70,0.0,0.0,0.0,0.0,4.11,9.2
2002-06-17,28.3,33.0,23.0,32.4,37.9,70,0.0,0.0,0.0,0.0,3.31,7.5
2002-06-18,30.0,34.7,25.2,33.3,38.1,62,0.0,0.0,0.0,0.0,4.92,9.3
2002-06-19,26.0,27.4,25.3,30.7,32.4,91,34.6,34.6,0.0,19.0,4.68,10.9
2002-06-20,26.0,27.2,25.1,32.0,33.2,95,47.0,47.0,0.0,19.0,2.42,5.5
2002-06-21,26.4,27.8,24.7,32.0,34.2,93,6.4,6.4,0.0,9.0,4.64,8.5
2002-06-22,29.0,33.5,24.8,34.3,40.5,84,1.4,1.4,0.0,3.0,4.79,9.4
2002-06-23,27.5,31.1,21.3,32.6,38.6,86,20.7,20.7,0.0,13.0,4.41,12.9
2002-06-24,21.3,22.3,20.6,24.0,25.4,94,15.2,15.2,0.0,16.0,3.76,10.4
2002-06-25,23.9,27.1,19.9,26.8,30.0,83,0.1,0.1,0.0,1.0,3.51,6.5
2002-06-26,25.4,28.6,21.5,28.2,31.5,78,0.0,0.0,0.0,0.0,4.47,8.2
2002-06-27,24.1,24.9,22.8,27.2,28.6,90,85.4,85.4,0.0,15.0,5.37,16.1
2002-06-28,23.1,24.9,21.7,24.9,27.1,86,0.8,0.8,0.0,2.0,7.04,12.5
2002-06-29,23.3,25.6,21.4,26.2,28.4,86,0.1,0.1,0.0,1.0,3.51,7.3
2002-06-30,25.8,29.2,23.5,29.7,33.3,82,0.0,0.0,0.0,0.0,3.42,6.9
2002-07-01,26.8,29.6,24.1,31.4,34.2,84,0.8,0.8,0.0,4.0,3.74,7.8
2002-07-02,27.8,31.6,23.5,32.6,38.2,78,0.0,0.0,0.0,0.0,3.76,8.2
2002-07-03,27.5,30.7,25.2,31.9,36.4,81,1.3,1.3,0.0,2.0,4.3,8.4
2002-07-04,27.0,29.4,24.9,31.1,33.8,86,1.7,1.7,0.0,5.0,5.0,10.4
2002-07-05,26.3,29.3,23.8,30.1,33.2,81,0.7,0.7,0.0,4.0,4.63,9.6
2002-07-06,27.4,31.3,24.0,32.8,38.1,83,6.8,6.8,0.0,8.0,2.37,6.1
2002-07-07,27.5,31.1,24.7,32.4,36.5,80,1.8,1.8,0.0,4.0,3.36,8.2
2002-07-08,27.6,31.4,22.0,30.9,34.6,67,0.0,0.0,0.0,0.0,3.7,7.5
2002-07-09,27.3,31.3,21.5,30.6,35.1,66,0.0,0.0,0.0,0.0,3.22,7.2
2002-07-10,28.2,32.3,22.9,32.7,37.7,70,0.0,0.0,0.0,0.0,2.28,5.0
2002-07-11,30.1,34.7,25.3,35.7,42.1,70,0.0,0.0,0.0,0.0,2.33,4.8
2002-07-12,31.9,35.6,27.0,37.6,42.0,69,0.0,0.0,0.0,0.0,3.4,7.2
2002-07-13,32.7,36.4,28.7,39.4,44.0,70,0.0,0.0,0.0,0.0,3.04,6.0
2002-07-14,33.2,37.2,28.8,40.6,45.5,70,0.0,0.0,0.0,0.0,2.33,5.3
2002-07-15,33.4,37.6,29.5,41.3,45.5,73,0.2,0.2,0.0,1.0,2.66,6.2
2002-07-16,32.1,34.3,30.2,39.9,42.7,79,3.0,3.0,0.0,2.0,3.5,7.9
2002-07-17,29.9,33.7,26.0,35.8,41.6,78,3.7,3.7,0.0,3.0,3.52,7.8
2002-07-18,27.4,31.3,25.1,33.0,37.8,84,10.5,10.5,0.0,8.0,3.26,7.9
2002-07-19,29.0,33.2,23.9,35.4,41.0,79,0.5,0.5,0.0,3.0,1.82,7.3
2002-07-20,29.1,32.8,26.7,34.9,39.1,79,2.2,2.2,0.0,7.0,3.66,7.2
2002-07-21,28.1,31.2,25.1,33.4,36.3,80,0.4,0.4,0.0,2.0,3.01,5.7
2002-07-22,27.2,29.2,24.7,32.5,35.2,86,1.7,1.7,0.0,7.0,3.4,7.2
2002-07-23,27.3,29.7,25.9,33.1,34.8,89,10.9,10.9,0.0,14.0,3.09,10.6
2002-07-24,28.0,32.0,25.3,33.2,37.6,84,10.6,10.6,0.0,3.0,5.57,15.8
2002-07-25,25.9,27.1,24.6,31.3,32.4,91,2.9,2.9,0.0,9.0,2.15,5.1
2002-07-26,26.2,28.7,25.0,32.3,35.5,95,17.8,17.8,0.0,21.0,2.91,5.7
2002-07-27,27.1,29.7,25.1,33.1,36.4,89,1.1,1.1,0.0,4.0,2.72,5.3
2002-07-28,28.2,32.6,24.5,34.8,40.5,87,1.4,1.4,0.0,4.0,2.34,6.2
2002-07-29,30.2,34.2,26.7,37.8,42.9,83,0.2,0.2,0.0,1.0,2.13,5.2
2002-07-30,31.7,36.2,28.4,38.6,43.7,74,0.0,0.0,0.0,0.0,2.92,5.7
2002-07-31,31.3,34.8,28.6,38.2,43.1,77,0.1,0.1,0.0,1.0,3.32,6.5
2002-08-01,30.5,33.6,27.9,35.9,39.4,74,0.8,0.8,0.0,2.0,4.58,9.4
2002-08-02,30.7,33.8,27.4,36.6,40.9,76,0.0,0.0,0.0,0.0,3.94,7.8
2002-08-03,31.6,34.9,28.2,37.8,42.3,74,0.0,0.0,0.0,0.0,3.83,7.5
2002-08-04,32.1,35.7,28.4,38.4,43.3,72,0.0,0.0,0.0,0.0,3.62,7.4
2002-08-05,31.8,34.9,28.6,37.8,42.0,71,0.0,0.0,0.0,0.0,3.72,8.2
2002-08-06,30.6,33.8,27.7,36.8,40.5,76,2.8,2.8,0.0,3.0,2.93,7.6
2002-08-07,27.3,29.7,25.5,30.7,34.1,78,4.5,4.5,0.0,10.0,5.81,11.7
2002-08-08,25.8,28.6,23.1,27.8,31.2,69,0.2,0.2,0.0,1.0,3.94,9.1
2002-08-09,24.2,26.8,22.2,26.0,28.2,73,0.8,0.8,0.0,3.0,3.77,9.3
2002-08-10,23.6,26.9,20.8,25.8,29.6,72,0.3,0.3,0.0,2.0,3.04,5.6
2002-08-11,25.4,29.5,20.2,28.0,31.9,69,0.1,0.1,0.0,1.0,2.64,6.9
2002-08-12,25.4,28.3,23.0,28.7,30.9,76,0.7,0.7,0.0,2.0,2.9,5.3
2002-08-13,21.7,23.6,19.9,23.8,26.8,89,13.5,13.5,0.0,24.0,4.08,7.8
2002-08-14,22.2,24.0,20.7,25.6,27.5,93,37.5,37.5,0.0,17.0,2.88,5.8
2002-08-15,22.4,22.9,21.8,25.7,26.5,96,31.8,31.8,0.0,21.0,3.36,6.2
2002-08-16,22.4,23.4,21.9,25.3,26.1,93,7.4,7.4,0.0,14.0,4.27,8.6
2002-08-17,22.3,23.2,21.1,25.6,27.2,92,8.6,8.6,0.0,19.0,3.08,6.5
2002-08-18,24.9,27.9,22.3,29.2,32.5,87,0.1,0.1,0.0,1.0,2.02,4.4
2002-08-19,26.4,29.8,23.1,31.0,34.0,84,0.0,0.0,0.0,0.0,3.3,7.0
2002-08-20,27.9,31.5,24.7,32.7,37.2,80,0.0,0.0,0.0,0.0,3.91,8.4
2002-08-21,29.4,33.7,25.2,35.4,40.9,80,0.0,0.0,0.0,0.0,3.2,7.4
2002-08-22,32.1,36.4,28.1,39.3,44.4,76,0.0,0.0,0.0,0.0,3.14,6.4
2002-08-23,32.3,37.1,27.1,39.0,44.5,72,0.3,0.3,0.0,1.0,3.54,9.1
2002-08-24,29.5,33.9,25.2,35.9,42.3,79,5.7,5.7,0.0,3.0,3.03,10.3
2002-08-25,27.5,32.1,24.8,33.5,40.1,86,13.0,13.0,0.0,12.0,2.95,7.4
2002-08-26,26.1,27.5,25.2,31.7,33.9,91,12.7,12.7,0.0,16.0,2.53,8.1
2002-08-27,27.3,31.0,24.4,32.7,37.2,82,0.0,0.0,0.0,0.0,2.14,5.4
2002-08-28,27.7,31.0,24.7,32.7,36.5,79,0.3,0.3,0.0,1.0,3.11,6.1
2002-08-29,27.4,30.8,24.2,31.8,35.3,78,0.2,0.2,0.0,2.0,3.32,7.1
2002-08-30,27.2,31.7,22.7,31.2,35.7,76,0.0,0.0,0.0,0.0,3.61,7.5
2002-08-31,28.4,33.4,23.9,33.4,39.3,77,0.0,0.0,0.0,0.0,2.75,6.1
2002-09-01,29.4,35.0,24.8,34.3,40.4,70,0.0,0.0,0.0,0.0,2.21,5.6
2002-09-02,29.1,34.7,24.1,33.4,39.4,68,0.0,0.0,0.0,0.0,2.88,6.5
2002-09-03,29.4,34.7,24.3,34.2,40.3,70,0.0,0.0,0.0,0.0,2.7,5.8
2002-09-04,28.6,32.3,25.4,33.4,37.7,78,0.0,0.0,0.0,0.0,3.75,8.4
2002-09-05,26.7,29.4,23.3,29.6,32.3,78,0.9,0.9,0.0,5.0,5.61,10.9
2002-09-06,23.7,27.4,20.3,24.2,28.1,64,0.0,0.0,0.0,0.0,4.75,9.6
2002-09-07,24.2,28.1,19.3,25.4,29.4,72,0.0,0.0,0.0,0.0,5.01,9.9
2002-09-08,26.8,29.9,24.2,29.6,33.0,82,0.6,0.6,0.0,4.0,7.84,15.1
2002-09-09,28.7,32.5,26.0,34.0,38.0,81,0.6,0.6,0.0,4.0,4.22,8.0
2002-09-10,29.1,32.7,25.7,34.3,38.8,79,0.1,0.1,0.0,1.0,4.34,8.0
2002-09-11,28.8,32.8,25.6,33.3,37.3,76,0.0,0.0,0.0,0.0,4.21,8.0
2002-09-12,26.0,28.6,23.7,28.7,31.3,76,0.0,0.0,0.0,0.0,4.7,9.6
2002-09-13,23.8,25.9,21.4,25.2,27.7,79,0.6,0.6,0.0,4.0,5.42,10.7
2002-09-14,20.4,21.7,18.8,21.1,22.5,88,17.8,17.8,0.0,18.0,4.84,10.0
2002-09-15,18.2,18.8,17.8,18.4,19.5,93,9.2,9.2,0.0,12.0,5.1,10.1
2002-09-16,20.2,23.8,17.4,21.0,24.8,80,0.0,0.0,0.0,0.0,3.57,8.1
2002-09-17,22.0,26.3,18.1,23.3,27.3,75,0.0,0.0,0.0,0.0,3.8,8.5
2002-09-18,22.9,26.5,19.3,24.4,27.7,73,0.0,0.0,0.0,0.0,3.92,8.6
2002-09-19,24.0,28.4,19.8,26.3,30.8,77,0.0,0.0,0.0,0.0,3.8,7.0
2002-09-20,23.8,27.7,20.8,25.3,29.5,71,0.0,0.0,0.0,0.0,3.65,8.1
2002-09-21,22.1,25.2,19.3,22.9,25.8,73,0.6,0.6,0.0,2.0,4.3,9.6
2002-09-22,20.2,25.2,16.6,20.4,25.1,72,1.6,1.6,0.0,4.0,3.45,7.6
2002-09-23,21.3,28.2,14.2,21.4,28.9,62,0.0,0.0,0.0,0.0,2.81,5.7
2002-09-24,21.4,25.9,17.3,21.5,25.7,65,0.0,0.0,0.0,0.0,3.31,6.3
2002-09-25,22.3,26.7,19.1,22.8,27.5,62,0.0,0.0,0.0,0.0,3.21,7.5
2002-09-26,22.3,27.2,17.4,23.0,28.0,66,0.0,0.0,0.0,0.0,3.22,7.4
2002-09-27,23.3,28.0,19.8,24.5,29.3,67,0.0,0.0,0.0,0.0,3.85,8.7
2002-09-28,22.7,28.0,17.7,22.1,26.3,54,0.0,0.0,0.0,0.0,4.66,9.8
2002-09-29,20.9,27.1,15.6,20.5,26.7,60,0.0,0.0,0.0,0.0,3.8,8.4
2002-09-30,21.5,28.1,14.9,22.2,29.4,64,0.0,0.0,0.0,0.0,2.16,4.4
2002-10-01,24.6,31.6,20.2,24.8,31.7,57,0.9,0.9,0.0,1.0,4.71,10.9
2002-10-02,23.1,29.9,16.3,22.3,28.9,52,0.0,0.0,0.0,0.0,4.81,9.8
2002-10-03,25.7,32.9,20.1,27.2,34.6,62,0.0,0.0,0.0,0.0,3.89,7.2
2002-10-04,25.7,33.5,20.1,27.3,34.7,65,0.0,0.0,0.0,0.0,3.41,7.3
2002-10-05,23.2,28.4,19.4,24.5,30.3,72,3.2,3.2,0.0,6.0,5.85,11.1
2002-10-06,19.0,24.0,13.9,16.6,21.2,45,0.0,0.0,0.0,0.0,5.08,10.5
2002-10-07,17.7,24.2,11.9,16.2,23.7,49,0.0,0.0,0.0,0.0,2.44,4.3
2002-10-08,18.6,25.0,12.8,17.4,24.4,52,0.0,0.0,0.0,0.0,2.5,5.1
2002-10-09,18.9,24.4,13.6,17.6,23.0,58,0.0,0.0,0.0,0.0,4.11,9.8
2002-10-10,19.5,24.8,15.0,18.8,24.6,67,0.0,0.0,0.0,0.0,4.92,10.5
2002-10-11,20.6,27.2,15.3,21.2,28.5,71,0.0,0.0,0.0,0.0,2.44,6.4
2002-10-12,22.4,28.3,17.6,23.4,29.9,65,0.0,0.0,0.0,0.0,2.38,5.3
2002-10-13,21.6,27.4,15.8,22.5,28.8,70,0.0,0.0,0.0,0.0,3.06,6.6
2002-10-14,23.1,29.9,18.4,24.5,30.4,72,0.0,0.0,0.0,0.0,3.41,7.5
2002-10-15,23.5,30.5,17.8,24.7,32.8,65,0.0,0.0,0.0,0.0,2.75,5.7
2002-10-16,24.5,30.5,19.5,25.4,30.7,64,0.0,0.0,0.0,0.0,4.24,9.0
2002-10-17,22.1,23.2,20.8,23.8,25.1,87,36.5,36.5,0.0,16.0,5.75,11.8
2002-10-18,19.6,20.9,17.0,19.7,23.9,82,2.8,2.8,0.0,6.0,7.41,13.2
2002-10-19,16.5,19.3,14.2,15.5,18.0,81,2.3,2.3,0.0,6.0,4.85,10.1
2002-10-20,12.5,14.4,11.7,10.6,13.5,92,5.3,5.3,0.0,14.0,5.41,9.7
2002-10-21,13.6,16.9,11.5,11.1,14.3,70,0.0,0.0,0.0,0.0,4.41,9.6
2002-10-22,12.4,15.5,10.0,9.6,13.3,64,0.1,0.1,0.0,1.0,4.55,9.4
2002-10-23,12.6,16.6,10.0,10.8,14.5,73,0.5,0.5,0.0,3.0,3.23,7.1
2002-10-24,14.4,20.8,8.7,13.0,19.3,72,0.0,0.0,0.0,0.0,3.13,7.0
2002-10-25,15.3,21.8,9.7,13.8,20.8,71,0.0,0.0,0.0,0.0,5.37,9.3
2002-10-26,12.4,17.3,8.4,10.5,16.0,70,0.0,0.0,0.0,0.0,4.11,8.5
2002-10-27,13.9,19.6,9.6,11.4,16.6,63,0.0,0.0,0.0,0.0,4.46,10.1
2002-10-28,13.1,16.4,9.9,11.3,14.3,72,0.0,0.0,0.0,0.0,3.79,8.0
2002-10-29,13.5,15.9,11.5,11.8,14.4,82,0.7,0.7,0.0,3.0,4.62,8.9
2002-10-30,13.6,14.0,13.0,12.3,13.3,91,0.7,0.7,0.0,5.0,4.7,9.0
2002-10-31,13.2,14.0,12.4,12.3,13.0,95,5.3,5.3,0.0,16.0,4.24,7.7
2002-11-01,12.2,14.7,8.6,10.2,12.3,75,0.0,0.0,0.0,0.0,4.05,8.6
2002-11-02,10.5,15.1,7.7,6.5,9.8,53,0.0,0.0,0.0,0.0,5.99,11.9
2002-11-03,10.1,15.1,5.9,6.1,9.7,51,0.1,0.1,0.0,1.0,6.66,14.6
2002-11-04,11.7,20.0,4.3,8.3,16.4,47,0.0,0.0,0.0,0.0,3.81,6.7
2002-11-05,13.7,22.0,6.6,11.0,19.5,57,0.0,0.0,0.0,0.0,3.35,6.9
2002-11-06,15.4,22.1,8.9,13.1,19.5,58,0.3,0.3,0.0,2.0,3.24,7.1
2002-11-07,15.4,23.2,9.0,13.7,21.2,66,0.0,0.0,0.0,0.0,4.11,8.4
2002-11-08,12.0,18.0,6.8,9.3,15.7,55,0.0,0.0,0.0,0.0,2.91,5.9
2002-11-09,11.3,16.8,5.5,8.1,12.5,55,0.0,0.0,0.0,0.0,4.12,9.0
2002-11-10,16.7,23.3,12.1,14.8,21.4,58,0.2,0.2,0.0,1.0,3.31,6.5
2002-11-11,16.6,24.4,11.0,15.5,22.3,68,0.0,0.0,0.0,0.0,3.86,8.8
2002-11-12,17.1,23.2,13.1,16.3,22.0,66,1.8,1.8,0.0,4.0,3.58,7.9
2002-11-13,14.9,16.9,13.1,13.1,14.8,74,3.7,3.7,0.0,3.0,4.41,9.2
2002-11-14,13.5,15.0,12.1,12.0,13.4,84,4.8,4.8,0.0,11.0,4.79,9.6
2002-11-15,11.3,13.0,8.4,8.9,10.2,73,0.3,0.3,0.0,2.0,4.17,8.5
2002-11-16,11.1,15.8,6.7,8.9,13.6,77,0.0,0.0,0.0,0.0,3.91,8.7
2002-11-17,8.9,11.9,6.2,6.1,8.7,78,0.0,0.0,0.0,0.0,4.5,8.3
2002-11-18,6.8,10.0,4.1,2.4,5.3,59,0.0,0.0,0.0,0.0,5.15,11.2
2002-11-19,8.8,12.7,5.3,6.1,10.9,72,1.1,1.1,0.0,3.0,3.92,8.3
2002-11-20,8.7,9.9,7.9,6.2,7.4,89,4.1,4.1,0.0,13.0,4.97,8.5
2002-11-21,9.2,11.2,7.1,7.2,10.4,86,1.2,1.2,0.0,3.0,3.68,7.4
2002-11-22,10.8,14.1,8.1,8.9,12.3,82,0.0,0.0,0.0,0.0,3.61,8.2
2002-11-23,10.0,13.6,6.6,8.5,11.9,86,0.0,0.0,0.0,0.0,2.85,5.7
2002-11-24,9.6,12.6,5.8,7.2,9.4,82,0.2,0.2,0.0,1.0,4.92,9.6
2002-11-25,9.4,16.3,4.0,6.5,12.7,67,0.0,0.0,0.0,0.0,3.6,7.5
2002-11-26,7.0,11.9,3.6,3.5,8.4,53,0.0,0.0,0.0,0.0,3.18,6.2
2002-11-27,9.2,16.0,3.5,5.4,11.7,58,0.0,0.0,0.0,0.0,4.53,9.6
2002-11-28,12.4,19.4,8.1,9.7,16.3,65,0.0,0.0,0.0,0.0,4.1,8.6
2002-11-29,10.9,16.7,6.8,8.8,14.4,74,0.0,0.0,0.0,0.0,3.14,6.7
2002-11-30,9.1,13.5,6.1,7.1,12.0,82,0.0,0.0,0.0,0.0,3.11,5.5
2002-12-01,10.4,14.1,6.3,8.5,12.6,84,0.0,0.0,0.0,0.0,3.04,7.6
2002-12-02,11.4,12.3,10.2,10.7,12.2,93,6.6,6.6,0.0,14.0,2.56,5.6
2002-12-03,10.7,12.0,8.4,8.7,11.6,91,3.7,3.7,0.0,5.0,5.2,10.7
2002-12-04,10.3,12.7,7.3,8.8,11.4,88,0.0,0.0,0.0,0.0,2.98,6.7
2002-12-05,10.7,11.3,8.9,8.5,9.6,93,2.7,2.7,0.0,7.0,5.44,10.2
2002-12-06,7.2,8.9,6.0,3.5,5.7,93,11.9,11.9,0.0,23.0,6.24,11.5
2002-12-07,3.4,6.1,1.2,-1.2,2.3,93,5.3,5.2,0.07,15.0,5.97,11.3
2002-12-08,1.1,3.3,-1.3,-3.4,-1.5,70,0.3,0.0,0.21,3.0,4.72,9.0
2002-12-09,1.5,6.2,-1.9,-1.7,3.2,77,0.0,0.0,0.0,0.0,2.26,4.8
2002-12-10,3.5,8.9,-1.1,0.0,5.4,73,0.0,0.0,0.0,0.0,2.93,6.9
2002-12-11,4.6,8.3,1.8,1.4,5.1,75,0.0,0.0,0.0,0.0,2.5,6.3
2002-12-12,4.6,8.8,1.9,1.8,6.2,79,0.0,0.0,0.0,0.0,2.3,5.9
2002-12-13,4.9,9.1,1.9,1.6,5.4,75,0.0,0.0,0.0,0.0,3.61,8.3
2002-12-14,7.6,13.3,2.6,4.5,9.8,78,0.0,0.0,0.0,0.0,4.18,8.7
2002-12-15,8.9,12.1,6.5,7.0,10.7,84,0.0,0.0,0.0,0.0,2.66,4.6
2002-12-16,7.4,9.6,4.3,4.5,7.3,79,0.0,0.0,0.0,0.0,4.0,6.9
2002-12-17,4.2,5.0,3.3,0.7,2.4,90,12.9,12.9,0.0,14.0,5.28,9.5
2002-12-18,5.6,6.5,4.7,2.5,3.2,96,18.6,18.6,0.0,17.0,4.47,8.3
2002-12-19,7.2,8.2,6.1,4.0,5.0,87,0.9,0.9,0.0,6.0,4.61,8.6
2002-12-20,7.2,8.3,5.8,4.5,6.0,94,11.1,11.1,0.0,23.0,4.21,8.5
2002-12-21,7.7,8.5,7.1,4.9,5.9,94,4.9,4.9,0.0,16.0,4.6,8.4
2002-12-22,6.5,7.0,5.9,3.4,4.1,91,8.6,8.6,0.0,18.0,4.52,8.5
2002-12-23,4.7,6.2,3.6,1.8,3.7,94,1.9,1.9,0.0,7.0,3.36,6.4
2002-12-24,2.4,3.7,0.5,-1.0,0.6,93,1.8,1.6,0.14,10.0,4.06,6.8
2002-12-25,-1.7,0.6,-3.8,-7.1,-4.0,69,0.9,0.1,0.63,4.0,5.69,10.9
2002-12-26,-3.5,-0.8,-6.1,-8.2,-5.5,59,0.0,0.0,0.0,0.0,3.63,8.0
2002-12-27,-1.9,2.3,-5.5,-5.8,-1.7,63,0.0,0.0,0.0,0.0,2.38,5.1
2002-12-28,0.4,4.0,-3.0,-3.1,0.9,67,0.0,0.0,0.0,0.0,1.92,5.0
2002-12-29,2.0,4.6,-0.9,-1.1,1.5,71,0.0,0.0,0.0,0.0,2.42,3.7
2002-12-30,2.3,7.7,-1.5,-1.3,3.9,72,0.0,0.0,0.0,0.0,3.38,6.0
2002-12-31,0.2,4.8,-3.1,-3.7,1.0,73,0.0,0.0,0.0,0.0,3.12,5.7
2003-01-01,0.7,5.0,-3.2,-3.3,0.7,71,0.0,0.0,0.0,0.0,3.42,7.5
2003-01-02,2.2,4.3,0.8,-1.7,0.5,74,0.0,0.0,0.0,0.0,3.72,7.3
2003-01-03,0.1,2.3,-3.4,-4.8,-2.7,59,0.0,0.0,0.0,0.0,5.46,10.3
2003-01-04,-1.3,2.9,-4.2,-6.0,-2.9,56,0.0,0.0,0.0,0.0,5.19,11.2
2003-01-05,-3.0,0.4,-6.7,-7.4,-3.8,47,0.0,0.0,0.0,0.0,2.3,5.3
2003-01-06,-1.0,1.7,-3.4,-5.1,-2.3,56,0.0,0.0,0.0,0.0,2.97,6.6
2003-01-07,-0.6,4.2,-4.6,-4.5,0.2,62,0.0,0.0,0.0,0.0,2.28,6.3
2003-01-08,0.4,6.1,-4.9,-3.6,2.4,64,0.0,0.0,0.0,0.0,2.55,6.4
2003-01-09,3.2,8.9,-1.8,-0.0,6.1,67,0.0,0.0,0.0,0.0,2.78,4.3
2003-01-10,3.8,9.4,0.0,-0.1,4.9,69,0.0,0.0,0.0,0.0,3.97,8.5
2003-01-11,3.7,10.5,-1.7,0.1,6.9,66,0.0,0.0,0.0,0.0,2.64,6.1
2003-01-12,5.7,13.8,-0.9,1.9,9.5,63,0.0,0.0,0.0,0.0,3.14,7.4
2003-01-13,7.7,17.8,1.1,4.1,14.2,61,0.0,0.0,0.0,0.0,4.06,9.3
2003-01-14,5.2,9.4,1.8,1.3,5.2,63,0.0,0.0,0.0,0.0,4.24,8.7
2003-01-15,2.9,5.4,-0.3,-1.5,1.3,66,0.0,0.0,0.0,0.0,4.24,8.9
2003-01-16,6.6,14.3,0.5,3.1,10.8,69,0.0,0.0,0.0,0.0,4.2,8.5
2003-01-17,7.1,13.8,1.4,4.2,10.8,76,0.0,0.0,0.0,0.0,3.45,7.6
2003-01-18,3.9,5.2,2.0,0.7,2.5,85,4.0,4.0,0.0,9.0,3.86,7.4
2003-01-19,2.8,7.2,-0.4,0.1,5.1,91,0.0,0.0,0.0,0.0,2.46,5.0
2003-01-20,2.8,7.1,0.1,-0.4,4.1,84,0.0,0.0,0.0,0.0,2.4,5.8
2003-01-21,4.3,8.9,-0.1,0.7,5.4,77,0.0,0.0,0.0,0.0,3.72,8.5
2003-01-22,6.8,10.4,2.6,2.9,5.4,73,4.9,4.9,0.0,8.0,6.62,13.0
2003-01-23,3.7,8.3,-0.5,0.5,6.4,71,0.0,0.0,0.0,0.0,2.6,4.4
2003-01-24,5.4,10.2,1.6,1.1,5.4,70,2.8,2.8,0.0,5.0,5.7,11.5
2003-01-25,5.8,6.5,5.0,2.8,4.4,95,10.4,10.4,0.0,18.0,4.54,8.9
2003-01-26,4.2,5.3,3.3,0.5,2.1,93,2.2,2.2,0.0,6.0,4.83,9.1
2003-01-27,2.5,4.0,-0.4,-2.4,-0.4,65,0.6,0.6,0.0,2.0,7.07,13.4
2003-01-28,3.2,10.4,-2.6,-0.9,5.9,60,0.0,0.0,0.0,0.0,5.05,9.8
2003-01-29,2.3,6.6,-1.7,-2.2,2.2,60,0.0,0.0,0.0,0.0,4.26,9.3
2003-01-30,2.3,3.6,0.7,-2.1,-0.2,72,3.7,3.7,0.0,8.0,4.28,8.3
2003-01-31,2.0,2.8,1.0,-1.9,-0.8,95,10.9,9.6,0.91,18.0,4.63,9.2
2003-02-01,2.9,4.7,1.5,-0.2,1.8,87,0.0,0.0,0.0,0.0,3.28,6.3
2003-02-02,3.8,7.7,0.6,1.0,5.4,76,0.0,0.0,0.0,0.0,2.43,5.4
2003-02-03,4.8,8.4,1.2,1.9,6.4,75,0.0,0.0,0.0,0.0,2.44,5.5
2003-02-04,5.4,10.5,1.8,1.4,6.5,65,0.0,0.0,0.0,0.0,4.64,9.5
2003-02-05,3.8,8.9,-1.5,0.0,5.7,52,0.0,0.0,0.0,0.0,2.61,5.8
2003-02-06,5.2,10.9,-0.9,1.2,7.1,57,0.0,0.0,0.0,0.0,3.77,8.6
2003-02-07,7.5,10.4,4.8,4.5,7.3,75,6.3,6.3,0.0,9.0,3.31,6.7
2003-02-08,8.5,13.8,2.4,6.5,13.4,86,0.3,0.3,0.0,1.0,4.27,7.0
2003-02-09,9.8,12.5,7.5,7.3,10.4,91,6.9,6.9,0.0,14.0,4.41,11.7
2003-02-10,2.9,9.2,-1.4,-1.3,6.6,96,16.9,7.2,6.79,17.0,5.22,10.2
2003-02-11,-2.1,-0.5,-3.9,-6.7,-4.7,80,4.3,0.0,3.01,3.0,4.3,8.3
2003-02-12,-0.6,3.2,-4.6,-4.1,1.1,67,0.0,0.0,0.0,0.0,2.06,5.2
2003-02-13,2.3,6.1,-2.1,-1.4,2.6,74,0.3,0.3,0.0,2.0,3.0,7.2
2003-02-14,4.2,5.2,2.8,1.4,3.5,94,4.8,4.8,0.0,16.0,3.71,7.3
2003-02-15,5.2,6.0,4.4,2.8,3.7,97,1.7,1.7,0.0,7.0,2.69,5.9
2003-02-16,5.6,7.2,4.3,3.3,5.7,93,0.2,0.2,0.0,2.0,2.8,5.8
2003-02-17,7.0,10.0,3.8,4.8,8.2,85,0.0,0.0,0.0,0.0,2.62,6.2
2003-02-18,8.9,12.8,5.0,7.0,10.8,80,0.0,0.0,0.0,0.0,2.24,5.2
2003-02-19,9.8,15.6,3.6,7.7,13.4,72,0.0,0.0,0.0,0.0,3.2,6.5
2003-02-20,9.6,14.0,4.4,5.3,10.0,62,0.0,0.0,0.0,0.0,6.3,12.7
2003-02-21,13.9,18.0,8.5,10.5,15.2,68,2.9,2.9,0.0,8.0,8.0,15.9
2003-02-22,6.6,8.0,5.1,3.5,5.0,87,8.1,8.1,0.0,12.0,5.23,10.7
2003-02-23,7.1,8.4,6.2,4.9,6.0,85,0.0,0.0,0.0,0.0,3.04,6.2
2003-02-24,9.2,12.4,5.6,7.0,10.9,76,0.0,0.0,0.0,0.0,3.91,8.2
2003-02-25,10.4,13.9,7.3,8.2,12.0,82,4.2,4.2,0.0,10.0,4.2,8.1
2003-02-26,9.6,10.7,8.6,7.3,9.8,91,0.8,0.8,0.0,4.0,4.79,9.0
2003-02-27,6.5,8.4,5.7,2.9,5.4,91,6.6,6.6,0.0,11.0,5.51,11.4
2003-02-28,5.9,6.5,5.6,3.3,4.6,93,5.8,5.8,0.0,11.0,3.49,7.3
2003-03-01,7.1,9.8,5.0,4.5,8.1,85,0.0,0.0,0.0,0.0,4.3,7.6
2003-03-02,8.9,14.6,5.9,6.3,12.9,91,8.9,8.9,0.0,11.0,5.63,13.0
2003-03-03,5.5,9.5,1.6,1.2,7.4,72,1.8,1.2,0.42,8.0,6.31,14.0
2003-03-04,2.6,4.7,1.2,-2.4,-0.8,69,5.7,4.4,0.91,7.0,6.42,12.3
2003-03-05,1.5,2.2,0.8,-2.9,-2.3,99,26.3,15.3,7.7,24.0,6.05,11.5
2003-03-06,1.7,2.8,0.9,-2.5,-1.2,89,1.0,0.8,0.14,5.0,4.46,9.5
2003-03-07,4.8,11.6,-1.5,1.7,8.6,76,0.0,0.0,0.0,0.0,3.96,8.8
2003-03-08,7.6,14.6,1.2,5.0,14.3,67,0.0,0.0,0.0,0.0,3.14,4.6
2003-03-09,9.2,13.4,5.3,6.4,10.6,61,0.0,0.0,0.0,0.0,2.93,6.9
2003-03-10,9.1,14.0,4.9,5.5,11.2,67,0.0,0.0,0.0,0.0,5.61,10.7
2003-03-11,8.9,12.1,5.8,5.7,9.1,75,1.6,1.6,0.0,6.0,5.57,10.5
2003-03-12,9.8,11.7,8.1,7.9,9.5,86,0.0,0.0,0.0,0.0,3.7,7.6
2003-03-13,10.1,11.5,8.1,7.3,8.3,82,0.0,0.0,0.0,0.0,4.96,10.0
2003-03-14,7.4,10.1,6.0,4.0,6.4,92,24.7,24.7,0.0,21.0,5.72,10.7
2003-03-15,5.6,6.4,4.9,2.4,4.3,96,1.3,1.3,0.0,7.0,4.2,8.2
2003-03-16,6.3,6.7,5.9,3.8,4.7,96,1.6,1.6,0.0,9.0,3.3,8.9
2003-03-17,5.2,6.1,4.3,2.0,3.5,91,13.9,13.9,0.0,18.0,4.48,8.9
2003-03-18,7.4,10.8,3.4,4.5,7.8,68,0.0,0.0,0.0,0.0,3.19,7.5
2003-03-19,9.4,12.4,6.4,6.6,9.7,58,0.0,0.0,0.0,0.0,2.22,6.3
2003-03-20,10.6,16.0,5.5,8.2,14.6,63,0.0,0.0,0.0,0.0,3.11,6.4
2003-03-21,10.2,14.7,6.4,6.7,11.1,60,0.0,0.0,0.0,0.0,5.74,11.8
2003-03-22,9.1,13.0,4.9,6.4,11.4,67,0.2,0.2,0.0,2.0,3.5,8.2
2003-03-23,13.0,17.4,8.5,11.6,17.3,68,0.0,0.0,0.0,0.0,2.7,5.8
2003-03-24,14.2,20.6,8.6,12.7,20.4,66,0.0,0.0,0.0,0.0,2.9,8.4
2003-03-25,17.4,23.8,11.1,15.4,22.6,60,0.0,0.0,0.0,0.0,5.02,10.3
2003-03-26,20.7,28.1,15.0,19.6,27.3,63,8.4,8.4,0.0,6.0,6.48,12.9
2003-03-27,14.9,17.9,11.2,12.5,16.2,60,4.0,4.0,0.0,4.0,6.4,12.1
2003-03-28,13.3,17.4,9.4,10.9,16.5,60,0.0,0.0,0.0,0.0,3.61,8.2
2003-03-29,17.8,24.1,10.9,15.7,22.9,65,0.0,0.0,0.0,0.0,7.0,13.6
2003-03-30,22.8,29.0,17.1,22.5,29.2,68,0.0,0.0,0.0,0.0,6.79,14.1
2003-03-31,22.2,24.6,18.1,23.7,26.2,82,17.2,17.2,0.0,14.0,4.7,10.0
2003-04-01,14.4,18.0,13.1,13.1,18.2,91,14.7,14.7,0.0,14.0,5.88,11.1
2003-04-02,12.4,13.5,11.1,10.7,12.1,92,1.7,1.7,0.0,10.0,5.02,9.2
2003-04-03,12.1,14.3,10.8,11.0,13.2,87,3.4,3.4,0.0,7.0,3.31,6.5
2003-04-04,12.6,15.2,10.3,10.8,13.3,79,1.2,1.2,0.0,5.0,3.82,7.9
2003-04-05,13.1,18.5,8.0,11.2,17.8,60,0.0,0.0,0.0,0.0,2.63,5.7
2003-04-06,16.5,21.0,11.4,15.1,19.9,61,0.2,0.2,0.0,1.0,3.5,7.4
2003-04-07,17.3,20.9,14.3,16.4,19.3,74,0.6,0.6,0.0,3.0,5.6,11.6
2003-04-08,17.7,23.3,9.8,16.9,24.1,64,0.0,0.0,0.0,0.0,4.46,7.6
2003-04-09,15.5,19.0,12.5,12.0,16.6,57,0.0,0.0,0.0,0.0,6.48,12.3
2003-04-10,11.9,13.9,10.7,9.9,12.3,89,13.4,13.4,0.0,14.0,6.36,11.4
2003-04-11,13.2,15.8,10.4,12.5,15.3,87,0.0,0.0,0.0,0.0,3.8,7.2
2003-04-12,16.2,20.6,11.8,16.4,23.0,80,0.3,0.3,0.0,1.0,2.72,5.6
2003-04-13,16.2,18.4,14.2,15.0,17.0,67,0.0,0.0,0.0,0.0,3.13,6.1
2003-04-14,16.4,21.3,10.4,15.0,20.9,62,0.0,0.0,0.0,0.0,4.32,7.8
2003-04-15,19.0,24.8,13.0,17.4,24.0,62,0.0,0.0,0.0,0.0,5.93,12.1
2003-04-16,23.4,29.1,17.0,22.5,29.0,58,0.0,0.0,0.0,0.0,7.32,14.1
2003-04-17,25.2,27.7,23.2,25.4,27.9,71,0.0,0.0,0.0,0.0,8.31,16.8
2003-04-18,16.2,24.9,11.3,14.6,24.6,82,11.4,11.4,0.0,13.0,7.26,12.5
2003-04-19,10.2,11.5,9.4,8.2,9.8,91,16.2,16.2,0.0,21.0,4.2,7.8
2003-04-20,13.1,16.6,9.7,12.1,15.5,80,0.0,0.0,0.0,0.0,3.13,6.5
2003-04-21,13.5,14.7,12.1,11.4,14.5,80,9.8,9.8,0.0,13.0,5.22,10.8
2003-04-22,15.5,21.4,12.4,14.8,23.0,82,2.5,2.5,0.0,8.0,5.73,11.2
2003-04-23,12.6,13.3,11.4,11.5,13.3,89,4.2,4.2,0.0,9.0,3.68,8.1
2003-04-24,13.3,14.1,12.7,13.1,13.6,92,16.3,16.3,0.0,17.0,2.24,5.1
2003-04-25,16.2,20.3,12.9,16.1,22.1,81,0.0,0.0,0.0,0.0,3.65,6.9
2003-04-26,18.9,23.8,13.5,19.3,24.8,77,0.0,0.0,0.0,0.0,3.19,8.3
2003-04-27,19.2,20.5,17.6,20.0,22.1,80,2.4,2.4,0.0,9.0,3.13,6.5
2003-04-28,18.2,20.0,17.1,19.5,22.4,95,47.8,47.8,0.0,23.0,3.89,10.9
2003-04-29,18.8,21.8,14.5,19.1,21.8,87,14.4,14.4,0.0,13.0,6.15,13.2
2003-04-30,18.8,24.7,11.9,19.5,27.7,73,0.0,0.0,0.0,0.0,3.55,5.9
2003-05-01,21.5,27.7,14.9,21.3,28.2,62,0.0,0.0,0.0,0.0,4.54,9.0
2003-05-02,22.8,28.0,16.6,22.8,27.8,62,0.0,0.0,0.0,0.0,5.63,11.2
2003-05-03,20.6,22.6,20.0,22.2,24.1,89,11.6,11.6,0.0,13.0,4.03,9.0
2003-05-04,20.9,22.5,19.6,23.0,24.6,91,0.5,0.5,0.0,1.0,3.7,7.6
2003-05-05,20.7,22.2,18.7,23.1,25.9,97,19.3,19.3,0.0,17.0,3.89,7.6
2003-05-06,22.2,25.2,19.3,24.7,28.6,94,30.0,30.0,0.0,15.0,4.88,11.2
2003-05-07,20.1,22.1,16.5,20.1,24.8,88,2.5,2.5,0.0,6.0,7.47,13.3
2003-05-08,16.1,19.7,13.0,14.1,18.8,60,0.1,0.1,0.0,1.0,4.94,9.3
2003-05-09,17.0,20.5,12.6,16.1,20.1,60,0.3,0.3,0.0,2.0,2.77,6.9
2003-05-10,18.2,20.9,16.3,18.1,20.9,71,0.0,0.0,0.0,0.0,2.28,5.6
2003-05-11,20.4,24.7,15.0,21.5,27.4,74,0.0,0.0,0.0,0.0,3.72,6.9
2003-05-12,20.1,21.7,18.8,21.3,22.9,91,4.0,4.0,0.0,10.0,4.71,8.6
2003-05-13,18.8,20.3,17.2,20.2,21.9,94,4.9,4.9,0.0,8.0,3.5,6.6
2003-05-14,19.8,21.4,18.7,21.7,23.5,91,3.5,3.5,0.0,8.0,3.0,6.2
2003-05-15,20.9,23.5,18.0,22.1,24.3,81,0.0,0.0,0.0,0.0,3.62,7.5
2003-05-16,20.6,22.7,18.7,21.6,23.3,82,2.4,2.4,0.0,7.0,4.27,8.5
2003-05-17,20.6,23.5,17.4,21.6,24.3,79,0.0,0.0,0.0,0.0,3.54,7.8
2003-05-18,22.8,26.4,19.3,25.3,30.0,72,0.0,0.0,0.0,0.0,1.7,4.9
2003-05-19,23.5,29.4,18.5,25.6,33.0,74,0.0,0.0,0.0,0.0,3.55,8.2
2003-05-20,22.9,27.6,17.3,23.6,28.8,63,0.0,0.0,0.0,0.0,3.2,7.1
2003-05-21,21.7,23.8,19.7,23.2,25.5,76,0.1,0.1,0.0,1.0,2.7,5.1
2003-05-22,21.5,25.0,17.7,22.7,26.0,72,0.0,0.0,0.0,0.0,2.72,7.4
2003-05-23,20.5,22.8,17.9,22.0,24.4,80,0.2,0.2,0.0,1.0,3.16,6.7
2003-05-24,22.2,25.7,19.4,23.7,27.0,77,0.0,0.0,0.0,0.0,4.28,9.2
2003-05-25,21.9,26.6,16.4,23.4,29.8,71,0.0,0.0,0.0,0.0,3.82,6.1
2003-05-26,23.3,27.9,17.7,24.2,29.2,64,0.0,0.0,0.0,0.0,4.2,8.8
2003-05-27,22.5,25.7,20.0,22.8,25.6,72,0.0,0.0,0.0,0.0,5.34,10.1
2003-05-28,22.3,25.4,19.2,24.0,28.2,76,0.0,0.0,0.0,0.0,4.3,8.3
2003-05-29,24.8,30.0,18.8,27.9,34.8,72,0.0,0.0,0.0,0.0,2.21,5.2
2003-05-30,25.8,30.3,21.6,27.9,31.7,66,0.0,0.0,0.0,0.0,3.49,7.7
2003-05-31,26.1,31.0,18.9,28.7,34.9,61,0.0,0.0,0.0,0.0,3.14,5.7
2003-06-01,27.7,32.2,22.3,29.0,33.4,51,0.0,0.0,0.0,0.0,3.67,7.9
2003-06-02,26.6,31.1,22.8,26.1,30.7,44,0.0,0.0,0.0,0.0,5.06,10.0
2003-06-03,24.8,28.6,21.9,24.3,28.6,54,0.0,0.0,0.0,0.0,5.33,10.6
2003-06-04,25.5,30.8,19.8,26.4,32.1,54,0.0,0.0,0.0,0.0,2.86,6.9
2003-06-05,26.8,31.9,22.0,29.5,35.7,65,4.1,4.1,0.0,3.0,3.5,7.6
2003-06-06,26.9,31.4,23.3,30.8,36.3,72,0.2,0.2,0.0,2.0,2.24,6.5
2003-06-07,27.3,31.9,22.6,30.8,35.8,71,0.0,0.0,0.0,0.0,3.52,7.0
2003-06-08,27.1,30.5,23.6,29.7,34.2,72,0.0,0.0,0.0,0.0,5.32,9.8
2003-06-09,27.0,31.3,22.7,30.1,37.1,71,0.2,0.2,0.0,1.0,4.71,9.1
2003-06-10,26.1,30.0,23.4,29.6,34.1,77,8.5,8.5,0.0,9.0,3.67,8.6
2003-06-11,21.1,23.5,19.3,22.6,27.3,87,25.3,25.3,0.0,14.0,5.59,11.4
2003-06-12,22.3,26.3,17.2,24.4,29.3,79,0.0,0.0,0.0,0.0,3.5,7.4
2003-06-13,25.1,30.2,21.9,26.9,31.3,71,0.3,0.3,0.0,2.0,5.3,10.4
2003-06-14,26.0,31.7,19.7,27.8,33.0,65,0.0,0.0,0.0,0.0,4.84,9.4
2003-06-15,26.5,31.0,20.9,29.1,34.5,63,0.0,0.0,0.0,0.0,3.26,6.1
2003-06-16,26.1,30.0,22.3,28.1,32.9,64,0.0,0.0,0.0,0.0,3.62,7.5
2003-06-17,25.9,30.2,21.8,28.2,33.1,65,0.0,0.0,0.0,0.0,3.2,7.6
2003-06-18,25.3,29.6,20.8,27.6,32.9,65,0.0,0.0,0.0,0.0,2.92,6.3
2003-06-19,26.4,31.6,20.5,28.5,35.8,60,0.0,0.0,0.0,0.0,3.05,6.4
2003-06-20,27.1,32.8,23.0,29.2,35.3,66,0.0,0.0,0.0,0.0,5.42,10.4
2003-06-21,24.6,26.7,22.5,28.0,30.6,88,16.4,16.4,0.0,13.0,4.1,9.6
2003-06-22,27.3,30.1,25.3,30.7,33.3,83,5.6,5.6,0.0,10.0,7.3,14.4
2003-06-23,25.5,28.4,23.4,29.8,32.2,88,70.8,70.8,0.0,14.0,4.55,11.9
2003-06-24,27.0,31.3,22.7,31.5,36.4,77,0.0,0.0,0.0,0.0,3.3,6.6
2003-06-25,27.8,32.3,23.0,31.6,36.1,72,0.0,0.0,0.0,0.0,4.8,10.1
2003-06-26,26.0,27.7,24.6,30.6,32.5,93,21.5,21.5,0.0,19.0,5.5,11.8
2003-06-27,22.7,26.5,19.4,25.5,29.9,88,29.5,29.5,0.0,13.0,4.41,12.8
2003-06-28,25.5,29.4,20.4,29.1,34.3,78,0.0,0.0,0.0,0.0,4.43,8.5
2003-06-29,25.7,26.6,24.7,30.9,32.6,93,49.4,49.4,0.0,20.0,4.4,11.8
2003-06-30,28.1,31.3,25.3,33.3,36.7,86,5.8,5.8,0.0,14.0,4.33,12.3
2003-07-01,23.9,25.7,22.9,27.9,31.6,94,15.5,15.5,0.0,18.0,3.78,13.5
2003-07-02,28.0,33.0,24.3,33.1,39.3,86,0.5,0.5,0.0,1.0,5.18,10.1
2003-07-03,28.3,32.6,24.4,34.4,40.4,83,0.7,0.7,0.0,3.0,3.3,10.7
2003-07-04,28.7,31.5,25.7,34.2,37.8,82,2.4,2.4,0.0,6.0,3.8,13.6
2003-07-05,26.1,27.7,25.0,31.6,32.6,89,31.1,31.1,0.0,20.0,2.65,8.7
2003-07-06,25.2,26.7,23.6,30.2,31.7,90,17.6,17.6,0.0,21.0,2.12,6.5
2003-07-07,27.1,30.6,23.9,32.4,36.1,84,0.9,0.9,0.0,5.0,2.55,5.2
2003-07-08,26.6,28.0,25.2,32.0,33.9,91,19.4,19.4,0.0,14.0,4.19,8.1
2003-07-09,25.1,26.3,23.9,30.4,32.9,94,27.4,27.4,0.0,20.0,2.88,11.8
2003-07-10,22.8,24.1,21.9,26.8,28.6,97,62.3,62.3,0.0,23.0,4.17,13.2
2003-07-11,23.8,27.6,21.8,28.0,32.6,94,16.4,16.4,0.0,17.0,3.76,10.4
2003-07-12,29.0,33.7,24.6,34.1,39.9,83,0.0,0.0,0.0,0.0,5.41,12.4
2003-07-13,29.5,33.3,26.6,36.7,42.0,83,5.2,5.2,0.0,5.0,2.82,11.5
2003-07-14,29.6,33.2,25.9,36.0,40.4,83,1.6,1.6,0.0,4.0,3.55,10.3
2003-07-15,25.5,27.7,23.9,29.4,32.4,84,0.0,0.0,0.0,0.0,3.56,6.5
2003-07-16,27.9,32.4,24.3,33.4,39.6,85,3.0,3.0,0.0,3.0,4.39,9.1
2003-07-17,25.4,27.3,21.9,30.2,34.8,93,8.9,8.9,0.0,9.0,4.75,11.3
2003-07-18,26.9,31.3,22.0,31.8,37.4,80,0.0,0.0,0.0,0.0,3.09,5.3
2003-07-19,30.1,35.7,26.3,36.3,43.0,79,0.2,0.2,0.0,1.0,3.35,7.7
2003-07-20,28.6,31.7,25.5,34.5,38.5,84,3.9,3.9,0.0,6.0,4.1,9.6
2003-07-21,29.3,32.2,27.8,35.1,37.6,81,3.8,3.8,0.0,9.0,5.41,10.4
2003-07-22,28.3,31.3,26.1,34.6,39.7,86,6.4,6.4,0.0,5.0,2.78,13.3
2003-07-23,30.0,34.0,25.8,37.2,42.9,82,0.0,0.0,0.0,0.0,2.62,6.1
2003-07-24,32.7,36.2,28.3,40.7,45.4,78,0.0,0.0,0.0,0.0,3.54,7.2
2003-07-25,32.8,35.1,30.5,38.6,42.0,69,0.0,0.0,0.0,0.0,4.77,9.3
2003-07-26,32.3,36.2,28.5,38.6,44.2,71,1.1,1.1,0.0,2.0,3.71,7.5
2003-07-27,33.0,36.4,29.1,39.4,44.0,70,0.0,0.0,0.0,0.0,4.04,8.3
2003-07-28,33.9,37.6,30.2,41.1,46.1,68,0.0,0.0,0.0,0.0,3.65,7.5
2003-07-29,33.7,37.7,29.3,41.1,46.0,68,0.0,0.0,0.0,0.0,2.14,4.3
2003-07-30,33.8,37.7,29.5,41.0,45.6,68,0.0,0.0,0.0,0.0,3.18,6.1
2003-07-31,34.4,38.1,30.5,41.7,46.4,67,0.0,0.0,0.0,0.0,3.51,7.1
2003-08-01,34.8,39.1,30.3,42.1,46.7,64,0.0,0.0,0.0,0.0,3.06,6.7
2003-08-02,33.6,38.0,30.2,41.7,47.7,71,0.0,0.0,0.0,0.0,2.21,4.0
2003-08-03,31.3,36.0,27.6,38.5,45.4,78,5.1,5.1,0.0,7.0,3.22,7.7
2003-08-04,29.7,32.5,26.9,36.1,39.1,84,1.0,1.0,0.0,4.0,3.61,6.7
2003-08-05,31.0,34.7,27.9,37.2,41.2,75,0.0,0.0,0.0,0.0,5.16,11.3
2003-08-06,31.4,35.7,27.7,37.3,43.2,71,0.3,0.3,0.0,1.0,3.52,6.9
2003-08-07,32.4,36.6,28.8,39.5,43.9,71,0.2,0.2,0.0,1.0,2.28,5.2
2003-08-08,31.4,35.2,28.2,38.9,45.1,78,2.7,2.7,0.0,7.0,2.42,6.1
2003-08-09,29.8,33.3,27.2,37.1,40.8,84,10.1,10.1,0.0,10.0,2.73,7.0
2003-08-10,28.4,30.0,27.1,34.9,36.9,87,13.4,13.4,0.0,8.0,3.11,8.2
2003-08-11,26.5,27.8,25.1,30.7,33.1,84,0.0,0.0,0.0,0.0,4.33,8.8
2003-08-12,23.9,25.2,22.3,27.5,29.6,91,10.7,10.7,0.0,18.0,4.17,6.9
2003-08-13,22.2,22.9,21.2,24.8,26.4,92,1.7,1.7,0.0,9.0,4.33,8.3
2003-08-14,22.5,23.7,21.3,25.0,26.0,91,1.7,1.7,0.0,8.0,4.44,10.1
2003-08-15,25.2,28.6,22.9,28.9,32.7,87,1.8,1.8,0.0,6.0,4.53,9.9
2003-08-16,24.6,26.0,23.4,28.7,30.3,89,9.6,9.6,0.0,15.0,3.11,6.7
2003-08-17,23.3,23.7,22.5,27.0,27.5,97,17.1,17.1,0.0,23.0,4.03,7.7
2003-08-18,23.4,24.5,22.3,26.7,27.8,94,24.3,24.3,0.0,23.0,4.47,9.4
2003-08-19,23.9,26.2,22.2,27.9,31.0,93,5.9,5.9,0.0,8.0,3.58,6.7
2003-08-20,26.2,30.6,23.6,30.4,34.9,88,3.4,3.4,0.0,1.0,5.33,11.2
2003-08-21,29.1,32.7,25.7,33.8,38.0,82,0.9,0.9,0.0,4.0,5.82,10.7
2003-08-22,30.8,34.2,27.5,36.4,40.2,74,0.0,0.0,0.0,0.0,4.54,9.3
2003-08-23,31.5,35.5,27.3,38.5,42.7,75,0.0,0.0,0.0,0.0,2.41,6.3
2003-08-24,29.8,33.6,27.3,36.8,41.4,83,0.4,0.4,0.0,1.0,2.34,6.0
2003-08-25,29.1,31.8,26.4,35.9,39.4,85,4.0,4.0,0.0,6.0,2.92,6.6
2003-08-26,30.5,34.0,27.0,35.1,39.6,71,0.0,0.0,0.0,0.0,5.24,10.4
2003-08-27,29.8,33.1,27.4,35.4,39.5,77,12.7,12.7,0.0,7.0,5.1,13.6
2003-08-28,29.2,34.1,25.8,35.5,42.4,84,11.9,11.9,0.0,8.0,4.9,8.3
2003-08-29,28.1,31.1,25.1,33.5,37.0,86,3.9,3.9,0.0,5.0,4.52,8.9
2003-08-30,23.3,27.0,18.8,26.3,31.5,91,4.8,4.8,0.0,4.0,5.28,10.8
2003-08-31,20.4,21.9,18.8,22.0,23.7,88,0.0,0.0,0.0,0.0,3.6,6.9
2003-09-01,23.7,27.0,21.3,27.1,31.7,88,0.0,0.0,0.0,0.0,3.86,6.1
2003-09-02,24.4,27.2,22.4,27.8,30.9,91,1.6,1.6,0.0,4.0,4.43,8.5
2003-09-03,27.4,30.6,24.3,32.4,36.5,87,1.0,1.0,0.0,3.0,6.14,9.1
2003-09-04,29.1,33.3,26.4,35.0,40.2,80,0.3,0.3,0.0,2.0,3.66,7.2
2003-09-05,28.2,31.9,25.5,34.8,39.5,88,0.8,0.8,0.0,3.0,2.65,6.8
2003-09-06,28.5,32.5,25.5,34.9,39.8,86,3.8,3.8,0.0,4.0,2.83,5.9
2003-09-07,24.8,26.4,23.7,29.3,31.6,91,1.1,1.1,0.0,3.0,3.71,7.5
2003-09-08,24.3,25.9,22.4,28.5,31.4,91,2.7,2.7,0.0,10.0,3.18,6.0
2003-09-09,22.1,23.1,21.2,25.5,26.4,93,4.1,4.1,0.0,8.0,2.64,6.2
2003-09-10,22.8,26.2,20.3,25.4,29.0,82,0.4,0.4,0.0,2.0,2.36,5.1
2003-09-11,23.5,28.1,19.5,26.5,30.9,81,0.0,0.0,0.0,0.0,2.01,5.7
2003-09-12,24.3,28.4,21.0,27.3,31.9,76,0.5,0.5,0.0,3.0,2.0,5.7
2003-09-13,25.6,30.5,21.4,28.6,34.8,71,0.0,0.0,0.0,0.0,2.33,5.5
2003-09-14,26.7,31.0,22.4,30.4,34.4,74,0.0,0.0,0.0,0.0,2.84,5.7
2003-09-15,27.2,30.3,24.7,31.9,34.7,82,0.5,0.5,0.0,1.0,3.85,7.5
2003-09-16,26.2,27.8,24.4,30.3,31.6,86,17.2,17.2,0.0,13.0,4.18,9.3
2003-09-17,27.0,28.6,25.2,31.4,33.0,84,2.7,2.7,0.0,9.0,4.15,8.1
2003-09-18,27.4,30.4,25.2,32.5,36.2,83,3.8,3.8,0.0,8.0,2.8,6.3
2003-09-19,23.3,25.1,21.3,25.7,29.9,89,3.3,3.3,0.0,14.0,6.38,12.7
2003-09-20,21.1,22.6,19.4,21.2,22.6,73,0.6,0.6,0.0,4.0,4.56,8.4
2003-09-21,21.2,25.3,17.7,21.4,24.7,64,0.0,0.0,0.0,0.0,2.37,5.7
2003-09-22,20.8,25.9,16.2,21.4,27.1,70,0.0,0.0,0.0,0.0,2.61,6.5
2003-09-23,22.0,27.8,16.8,23.0,29.4,70,0.0,0.0,0.0,0.0,3.08,7.1
2003-09-24,23.3,28.7,18.9,25.0,31.5,72,0.0,0.0,0.0,0.0,3.32,6.5
2003-09-25,23.8,29.2,19.0,25.2,31.2,69,0.0,0.0,0.0,0.0,3.93,7.6
2003-09-26,23.5,28.5,19.9,24.7,30.1,70,0.0,0.0,0.0,0.0,4.11,8.8
2003-09-27,24.1,30.2,19.0,26.7,34.5,72,0.0,0.0,0.0,0.0,2.75,5.4
2003-09-28,23.7,27.4,20.8,26.0,29.9,77,0.0,0.0,0.0,0.0,3.68,7.1
2003-09-29,23.0,26.6,19.9,24.5,27.7,77,0.0,0.0,0.0,0.0,4.56,9.2
2003-09-30,23.2,27.2,19.7,24.9,29.7,74,0.0,0.0,0.0,0.0,3.55,7.8
2003-10-01,22.4,26.0,20.1,24.4,28.4,79,0.5,0.5,0.0,2.0,3.85,7.4
2003-10-02,16.6,20.4,14.2,16.1,22.2,92,5.5,5.5,0.0,20.0,5.55,9.9
2003-10-03,14.9,16.0,13.8,13.8,15.0,88,1.1,1.1,0.0,5.0,4.61,9.1
2003-10-04,15.0,16.1,13.9,14.3,15.8,84,0.5,0.5,0.0,4.0,3.54,6.6
2003-10-05,15.3,15.6,15.0,16.0,16.8,98,8.5,8.5,0.0,22.0,2.67,5.6
2003-10-06,15.2,15.4,14.8,15.3,15.8,98,8.9,8.9,0.0,19.0,3.28,6.1
2003-10-07,16.2,17.3,15.1,16.7,18.5,93,0.0,0.0,0.0,0.0,3.24,6.3
2003-10-08,19.4,23.1,16.2,21.1,24.9,90,0.0,0.0,0.0,0.0,3.24,6.9
2003-10-09,22.9,28.0,18.7,25.4,30.4,84,0.0,0.0,0.0,0.0,2.98,6.9
2003-10-10,24.8,29.0,21.3,27.3,32.1,79,0.0,0.0,0.0,0.0,5.46,9.8
2003-10-11,22.2,25.0,14.2,24.0,26.6,91,37.6,37.6,0.0,22.0,5.82,14.7
2003-10-12,10.8,13.0,9.8,7.4,10.9,92,38.2,38.2,0.0,11.0,6.77,14.5
2003-10-13,11.4,12.7,10.5,8.8,11.3,83,0.0,0.0,0.0,0.0,5.52,10.5
2003-10-14,14.1,19.0,10.6,11.6,16.6,65,0.0,0.0,0.0,0.0,4.98,9.7
2003-10-15,13.4,20.2,7.3,11.7,18.9,66,0.0,0.0,0.0,0.0,2.82,5.7
2003-10-16,15.4,21.7,10.2,14.5,21.3,67,0.0,0.0,0.0,0.0,2.34,4.2
2003-10-17,15.4,22.0,9.7,15.0,22.4,69,0.0,0.0,0.0,0.0,1.43,4.4
2003-10-18,15.2,20.9,10.5,14.4,19.8,75,0.0,0.0,0.0,0.0,2.2,5.1
2003-10-19,16.0,21.4,11.5,15.2,21.0,72,0.0,0.0,0.0,0.0,3.08,7.7
2003-10-20,17.2,22.5,12.4,16.6,21.8,70,0.0,0.0,0.0,0.0,3.64,7.8
2003-10-21,17.0,24.7,10.6,15.8,23.5,67,0.0,0.0,0.0,0.0,2.94,6.7
2003-10-22,15.5,20.5,10.5,13.3,18.0,64,0.0,0.0,0.0,0.0,5.95,12.4
2003-10-23,12.3,17.4,6.4,10.2,16.3,62,0.0,0.0,0.0,0.0,2.52,6.2
2003-10-24,15.8,23.4,9.7,14.5,22.9,65,0.0,0.0,0.0,0.0,2.83,5.2
2003-10-25,16.5,22.8,12.3,15.5,22.3,67,0.0,0.0,0.0,0.0,2.82,5.2
2003-10-26,18.3,25.7,12.1,17.0,25.0,61,0.0,0.0,0.0,0.0,3.7,6.3
2003-10-27,20.4,28.1,14.6,19.0,26.2,57,0.0,0.0,0.0,0.0,5.59,11.1
2003-10-28,18.1,24.0,12.1,16.8,22.7,61,0.0,0.0,0.0,0.0,3.86,8.4
2003-10-29,18.2,23.5,13.9,17.0,22.4,64,0.0,0.0,0.0,0.0,3.57,7.6
2003-10-30,17.9,21.8,14.4,16.3,20.1,61,0.0,0.0,0.0,0.0,3.74,7.4
2003-10-31,17.4,24.1,12.7,17.4,24.5,76,0.0,0.0,0.0,0.0,2.4,4.8
2003-11-01,20.1,26.7,14.5,20.4,27.1,73,0.0,0.0,0.0,0.0,3.3,6.2
2003-11-02,20.9,28.8,15.7,21.2,29.3,69,0.0,0.0,0.0,0.0,3.8,6.6
2003-11-03,17.5,20.7,13.2,15.1,19.9,57,0.0,0.0,0.0,0.0,5.36,10.4
2003-11-04,15.8,21.1,10.7,13.6,19.4,65,0.0,0.0,0.0,0.0,4.66,9.8
2003-11-05,17.7,22.4,14.5,17.9,23.7,76,0.2,0.2,0.0,1.0,3.4,6.0
2003-11-06,20.2,25.6,16.2,20.8,26.4,77,0.0,0.0,0.0,0.0,3.33,7.9
2003-11-07,14.7,18.8,7.7,13.3,19.5,87,0.6,0.6,0.0,3.0,5.99,11.6
2003-11-08,5.8,7.6,5.1,2.0,3.4,91,16.2,16.2,0.0,15.0,6.45,12.4
2003-11-09,6.0,7.0,5.3,2.7,3.9,92,6.5,6.5,0.0,11.0,4.3,8.2
2003-11-10,4.8,6.6,3.5,1.3,3.2,90,2.2,2.2,0.0,8.0,4.57,8.7
2003-11-11,6.7,10.2,4.2,3.4,6.7,71,0.0,0.0,0.0,0.0,4.2,9.4
2003-11-12,7.2,12.3,3.2,4.2,8.7,74,0.0,0.0,0.0,0.0,4.16,8.0
2003-11-13,8.7,13.9,3.7,5.7,10.8,72,0.0,0.0,0.0,0.0,4.07,8.7
2003-11-14,12.0,17.6,8.3,10.2,16.5,72,0.0,0.0,0.0,0.0,3.45,6.3
2003-11-15,12.6,18.1,8.4,11.0,16.9,77,0.0,0.0,0.0,0.0,3.42,6.7
2003-11-16,11.6,15.3,8.7,8.2,11.5,63,0.0,0.0,0.0,0.0,4.77,10.0
2003-11-17,11.2,14.8,7.9,8.2,11.8,73,0.0,0.0,0.0,0.0,5.28,11.2
2003-11-18,11.2,12.6,9.6,10.1,12.5,91,11.9,11.9,0.0,11.0,3.04,5.6
2003-11-19,12.4,13.3,11.7,12.2,14.0,99,18.1,18.1,0.0,13.0,3.02,7.9
2003-11-20,10.8,11.7,9.7,8.8,10.7,97,10.5,10.5,0.0,12.0,5.04,10.2
2003-11-21,9.0,12.4,4.8,5.6,7.9,72,0.0,0.0,0.0,0.0,5.6,11.6
2003-11-22,6.5,10.6,2.4,2.8,6.8,62,0.0,0.0,0.0,0.0,3.67,8.6
2003-11-23,9.7,14.9,5.2,6.8,11.9,74,0.0,0.0,0.0,0.0,3.89,8.0
2003-11-24,10.8,15.0,8.1,9.1,13.1,82,0.2,0.2,0.0,1.0,2.69,6.0
2003-11-25,10.1,13.7,6.9,7.8,11.0,82,0.0,0.0,0.0,0.0,5.46,10.3
2003-11-26,9.2,10.2,7.7,6.5,7.8,84,2.6,2.6,0.0,9.0,4.24,8.3
2003-11-27,7.8,9.7,5.7,4.6,6.5,80,0.0,0.0,0.0,0.0,4.19,9.1
2003-11-28,6.3,8.4,4.6,3.2,5.0,75,0.0,0.0,0.0,0.0,3.5,7.5
2003-11-29,6.5,10.5,3.1,3.9,7.4,79,0.0,0.0,0.0,0.0,2.85,6.7
2003-11-30,5.1,10.4,1.2,1.9,7.5,75,0.0,0.0,0.0,0.0,3.05,5.9
2003-12-01,6.4,12.2,1.1,3.8,10.2,75,0.0,0.0,0.0,0.0,3.05,5.8
2003-12-02,6.1,10.1,1.5,3.8,8.3,82,0.0,0.0,0.0,0.0,2.02,4.5
2003-12-03,7.1,11.3,3.9,4.7,8.8,84,0.0,0.0,0.0,0.0,3.91,7.6
2003-12-04,9.4,12.3,6.8,7.1,11.6,86,0.9,0.9,0.0,4.0,4.35,9.0
2003-12-05,7.2,9.3,6.1,4.3,7.2,92,5.4,5.4,0.0,9.0,4.27,8.5
2003-12-06,6.2,8.7,4.0,2.6,5.3,82,0.4,0.4,0.0,1.0,4.57,8.8
2003-12-07,3.4,5.9,1.1,-0.7,2.3,58,0.0,0.0,0.0,0.0,3.93,7.5
2003-12-08,4.0,6.7,1.6,0.5,3.5,75,5.7,4.8,0.63,7.0,3.64,7.0
2003-12-09,3.2,4.8,1.2,-0.2,2.5,90,8.3,2.7,3.92,8.0,3.55,7.7
2003-12-10,4.9,5.0,4.4,2.4,3.0,93,2.8,2.8,0.0,9.0,2.78,5.4
2003-12-11,5.0,6.1,2.9,1.8,3.1,85,0.0,0.0,0.0,0.0,3.64,7.5
2003-12-12,2.3,6.0,-0.6,-1.2,2.4,76,0.0,0.0,0.0,0.0,2.53,5.3
2003-12-13,2.6,7.6,-1.0,-0.5,4.7,68,0.0,0.0,0.0,0.0,2.04,4.5
2003-12-14,2.5,8.1,-2.0,-0.6,5.5,73,0.0,0.0,0.0,0.0,2.02,4.1
2003-12-15,1.6,6.3,-1.9,-1.7,3.2,81,0.0,0.0,0.0,0.0,2.38,6.0
2003-12-16,1.8,5.1,-1.1,-1.4,1.8,86,0.0,0.0,0.0,0.0,2.91,6.7
2003-12-17,2.7,7.1,-1.1,-0.9,3.1,74,0.0,0.0,0.0,0.0,2.6,6.6
2003-12-18,4.2,7.5,1.0,0.4,3.2,63,0.0,0.0,0.0,0.0,6.72,11.0
2003-12-19,1.6,5.5,-1.5,-3.4,0.1,47,0.0,0.0,0.0,0.0,6.46,11.7
2003-12-20,1.9,7.8,-3.6,-1.9,4.5,53,0.0,0.0,0.0,0.0,2.65,3.8
2003-12-21,3.7,9.5,-1.5,-0.2,5.7,59,0.0,0.0,0.0,0.0,3.12,7.3
2003-12-22,7.2,12.5,4.2,4.0,9.1,60,0.0,0.0,0.0,0.0,2.83,5.3
2003-12-23,8.2,15.9,3.0,5.3,12.7,63,0.0,0.0,0.0,0.0,3.04,5.2
2003-12-24,8.5,16.1,3.0,5.8,14.2,67,0.0,0.0,0.0,0.0,3.28,6.1
2003-12-25,6.7,9.3,1.7,1.8,4.5,46,0.0,0.0,0.0,0.0,5.2,10.5
2003-12-26,1.7,7.2,-3.2,-2.8,2.1,46,0.0,0.0,0.0,0.0,3.45,7.7
2003-12-27,1.9,8.3,-3.8,-2.0,4.1,58,0.0,0.0,0.0,0.0,2.55,6.5
2003-12-28,5.0,10.2,-1.4,1.5,7.3,59,0.0,0.0,0.0,0.0,2.79,5.9
2003-12-29,7.9,10.1,6.4,4.7,6.8,53,0.0,0.0,0.0,0.0,2.11,5.5
2003-12-30,5.3,6.9,3.2,2.4,4.1,79,0.6,0.6,0.0,5.0,3.49,6.2
2003-12-31,5.3,11.0,1.8,2.2,8.8,77,0.0,0.0,0.0,0.0,4.07,7.5
2004-01-01,5.4,11.1,0.0,2.5,8.2,77,0.0,0.0,0.0,0.0,3.98,7.3
2004-01-02,6.0,11.7,1.9,2.2,7.9,56,0.0,0.0,0.0,0.0,3.22,6.7
2004-01-03,6.9,12.6,0.9,3.7,8.9,56,0.0,0.0,0.0,0.0,2.62,6.3
2004-01-04,7.8,11.8,4.8,4.8,8.9,63,0.6,0.6,0.0,3.0,2.61,5.9
2004-01-05,8.2,10.9,4.7,6.2,8.6,84,1.9,1.9,0.0,4.0,2.31,5.9
2004-01-06,8.6,10.4,5.5,7.1,9.0,87,0.0,0.0,0.0,0.0,1.92,3.8
2004-01-07,7.2,10.5,4.2,4.5,7.6,80,0.6,0.6,0.0,2.0,5.19,9.7
2004-01-08,5.1,6.3,3.3,1.7,3.9,86,2.3,2.3,0.0,8.0,5.59,10.5
2004-01-09,6.5,7.8,4.8,4.4,5.6,84,1.7,1.7,0.0,6.0,2.12,5.2
2004-01-10,3.4,6.7,0.5,-0.4,4.7,96,35.0,25.6,6.58,24.0,5.49,9.9
2004-01-11,2.5,4.9,1.6,-0.5,2.8,88,0.4,0.4,0.0,2.0,4.36,8.3
2004-01-12,3.6,8.0,0.9,-0.2,3.5,77,0.0,0.0,0.0,0.0,5.8,10.5
2004-01-13,1.9,6.4,-2.0,-2.0,2.5,58,0.0,0.0,0.0,0.0,2.94,6.5
2004-01-14,4.1,7.0,0.6,0.3,3.2,65,0.0,0.0,0.0,0.0,3.83,8.0
2004-01-15,4.7,5.3,4.2,1.8,2.6,88,7.6,7.6,0.0,23.0,3.45,5.9
2004-01-16,3.2,4.6,2.1,-0.2,1.2,97,6.0,6.0,0.0,17.0,3.98,8.3
2004-01-17,2.3,2.8,1.9,-0.7,0.2,92,0.0,0.0,0.0,0.0,2.72,5.4
2004-01-18,1.2,2.3,0.2,-2.9,-0.3,81,0.0,0.0,0.0,0.0,5.15,9.4
2004-01-19,1.1,4.2,-3.2,-2.3,1.4,68,0.0,0.0,0.0,0.0,2.53,5.0
2004-01-20,1.9,5.6,-1.7,-1.7,1.5,66,0.0,0.0,0.0,0.0,3.28,6.8
2004-01-21,-0.5,2.3,-3.1,-4.6,-1.8,65,0.0,0.0,0.0,0.0,3.54,7.8
2004-01-22,-1.1,3.1,-5.3,-5.3,-1.0,60,0.0,0.0,0.0,0.0,2.84,6.9
2004-01-23,0.1,4.7,-3.2,-4.8,-1.6,60,0.0,0.0,0.0,0.0,7.0,14.8
2004-01-24,-2.1,1.8,-4.7,-6.7,-3.2,52,0.0,0.0,0.0,0.0,4.34,9.8
2004-01-25,-1.6,1.5,-5.9,-5.6,-2.6,57,0.0,0.0,0.0,0.0,2.33,5.2
2004-01-26,0.9,3.5,-0.9,-3.1,-0.0,53,0.0,0.0,0.0,0.0,2.82,6.3
2004-01-27,0.6,7.1,-3.3,-3.4,3.3,64,0.0,0.0,0.0,0.0,3.06,7.3
2004-01-28,2.2,8.9,-3.1,-1.7,5.4,62,0.0,0.0,0.0,0.0,3.23,7.5
2004-01-29,4.9,10.4,0.1,1.5,7.4,62,0.0,0.0,0.0,0.0,2.83,5.3
2004-01-30,6.4,12.3,1.2,3.0,9.4,64,0.0,0.0,0.0,0.0,3.82,6.6
2004-01-31,7.4,11.9,2.7,4.5,9.4,74,0.3,0.3,0.0,3.0,3.81,7.9
2004-02-01,7.3,10.0,4.3,3.9,6.3,71,0.0,0.0,0.0,0.0,4.42,9.8
2004-02-02,4.8,6.9,2.6,0.5,2.7,52,0.2,0.2,0.0,2.0,3.89,9.0
2004-02-03,3.3,8.8,-1.4,-1.1,4.0,45,0.0,0.0,0.0,0.0,4.7,10.0
2004-02-04,4.2,11.2,-1.9,-0.4,5.6,48,0.0,0.0,0.0,0.0,5.92,12.4
2004-02-05,3.6,8.7,-1.0,-0.9,3.2,45,0.0,0.0,0.0,0.0,5.38,11.9
2004-02-06,3.1,10.0,-2.5,-1.2,5.4,44,0.0,0.0,0.0,0.0,3.98,8.5
2004-02-07,2.8,9.7,-2.5,-1.5,5.3,48,0.0,0.0,0.0,0.0,3.13,6.9
2004-02-08,6.2,13.2,0.1,2.2,9.3,43,0.0,0.0,0.0,0.0,3.06,7.3
2004-02-09,5.9,12.8,-0.6,2.5,10.5,50,0.0,0.0,0.0,0.0,2.78,4.9
2004-02-10,8.6,16.5,3.8,5.0,13.2,51,0.0,0.0,0.0,0.0,3.6,8.0
2004-02-11,10.2,17.6,4.0,7.1,14.7,56,0.0,0.0,0.0,0.0,2.82,6.8
2004-02-12,9.6,14.7,4.3,7.2,13.2,62,0.0,0.0,0.0,0.0,2.38,5.4
2004-02-13,11.6,20.9,4.0,7.7,16.4,53,0.0,0.0,0.0,0.0,5.86,11.6
2004-02-14,11.0,16.2,7.6,7.1,12.0,41,0.0,0.0,0.0,0.0,4.15,8.7
2004-02-15,11.0,18.0,4.9,7.3,15.1,50,0.0,0.0,0.0,0.0,4.3,8.3
2004-02-16,11.8,18.1,7.0,9.1,16.6,59,0.0,0.0,0.0,0.0,4.43,9.0
2004-02-17,11.0,14.2,7.8,8.7,11.3,67,1.1,1.1,0.0,4.0,3.04,6.7
2004-02-18,11.7,15.4,8.0,9.8,14.4,77,0.0,0.0,0.0,0.0,2.98,6.9
2004-02-19,12.9,17.6,9.2,11.6,17.5,84,0.0,0.0,0.0,0.0,4.37,8.0
2004-02-20,14.3,19.2,10.2,12.9,18.3,86,0.0,0.0,0.0,0.0,5.22,10.8
2004-02-21,12.8,16.9,10.1,10.8,16.1,86,5.9,5.9,0.0,13.0,5.57,10.1
2004-02-22,8.9,12.0,5.7,5.4,9.2,69,0.7,0.7,0.0,4.0,5.55,11.5
2004-02-23,7.7,11.3,3.2,4.5,7.8,67,0.0,0.0,0.0,0.0,3.55,8.0
2004-02-24,10.9,15.2,7.6,8.7,13.6,64,0.0,0.0,0.0,0.0,2.75,4.4
2004-02-25,12.4,20.0,7.5,9.5,16.5,62,0.0,0.0,0.0,0.0,5.77,12.0
2004-02-26,12.6,19.2,7.5,9.9,16.2,57,0.1,0.1,0.0,1.0,4.98,10.7
2004-02-27,12.2,17.9,6.7,9.1,14.8,58,4.6,4.6,0.0,4.0,5.17,10.8
2004-02-28,11.9,13.1,9.9,11.2,12.7,94,27.3,27.3,0.0,20.0,3.32,11.0
2004-02-29,8.1,12.1,4.4,3.9,10.7,76,7.7,7.7,0.0,9.0,6.62,12.6
2004-03-01,4.8,6.9,2.5,1.4,3.6,77,0.0,0.0,0.0,0.0,4.08,8.7
2004-03-02,6.6,9.4,4.2,3.4,5.8,68,0.0,0.0,0.0,0.0,3.67,8.6
2004-03-03,5.9,8.4,1.6,1.3,4.2,53,0.0,0.0,0.0,0.0,6.53,13.5
2004-03-04,8.3,15.3,1.8,4.1,11.1,53,0.0,0.0,0.0,0.0,5.39,11.2
2004-03-05,10.0,13.4,5.7,5.6,8.5,46,0.0,0.0,0.0,0.0,6.4,13.8
2004-03-06,6.3,9.8,3.4,1.8,6.4,37,0.0,0.0,0.0,0.0,4.55,9.9
2004-03-07,6.0,11.4,0.0,2.3,9.3,43,0.0,0.0,0.0,0.0,2.5,6.3
2004-03-08,10.6,19.0,3.8,7.0,14.8,50,0.0,0.0,0.0,0.0,4.81,9.8
2004-03-09,14.8,22.0,8.0,10.7,18.4,50,0.0,0.0,0.0,0.0,7.0,13.8
2004-03-10,18.4,26.6,12.3,15.8,26.8,49,0.0,0.0,0.0,0.0,8.05,14.9
2004-03-11,10.4,13.6,6.0,5.2,6.9,44,5.2,5.2,0.0,9.0,6.76,13.9
2004-03-12,7.9,11.0,4.9,5.6,9.2,80,4.8,4.8,0.0,4.0,4.1,10.5
2004-03-13,10.8,14.2,6.6,9.6,14.3,77,0.0,0.0,0.0,0.0,2.51,5.3
2004-03-14,12.9,17.4,8.4,11.4,16.7,73,0.0,0.0,0.0,0.0,2.86,7.0
2004-03-15,16.8,22.9,10.8,14.4,20.8,66,0.0,0.0,0.0,0.0,6.71,13.1
2004-03-16,19.5,24.3,16.2,18.6,23.6,74,0.0,0.0,0.0,0.0,7.47,14.2
2004-03-17,10.6,18.7,4.3,6.8,19.4,68,3.7,3.7,0.0,10.0,10.24,20.6
2004-03-18,6.8,10.2,4.1,2.8,6.2,62,0.0,0.0,0.0,0.0,4.48,10.0
2004-03-19,8.0,9.3,6.4,4.7,6.8,71,0.0,0.0,0.0,0.0,4.37,8.8
2004-03-20,6.8,8.0,5.5,3.6,5.3,89,20.3,20.3,0.0,19.0,5.15,9.2
2004-03-21,6.0,7.4,5.2,3.4,5.2,90,6.0,6.0,0.0,13.0,4.81,8.9
2004-03-22,8.0,10.6,5.4,5.8,7.7,79,0.0,0.0,0.0,0.0,3.24,7.0
2004-03-23,9.4,13.4,6.6,7.5,12.4,78,0.0,0.0,0.0,0.0,2.56,6.1
2004-03-24,9.8,11.8,7.2,7.1,9.3,81,1.3,1.3,0.0,3.0,4.75,9.6
2004-03-25,10.5,12.8,8.8,7.9,9.8,76,6.4,6.4,0.0,6.0,4.9,9.1
2004-03-26,11.7,15.5,7.8,9.3,13.0,63,0.0,0.0,0.0,0.0,3.65,8.2
2004-03-27,13.2,17.5,10.1,11.2,17.3,65,0.0,0.0,0.0,0.0,3.64,6.9
2004-03-28,15.0,20.6,9.3,14.0,21.3,73,0.0,0.0,0.0,0.0,3.4,7.0
2004-03-29,16.1,20.6,11.8,15.7,20.5,77,0.0,0.0,0.0,0.0,2.98,6.2
2004-03-30,15.7,19.6,12.9,14.0,18.1,66,0.0,0.0,0.0,0.0,4.93,10.1
2004-03-31,15.3,19.7,11.5,12.9,17.7,63,0.0,0.0,0.0,0.0,5.24,10.6
2004-04-01,15.7,19.7,13.1,13.3,16.1,63,1.9,1.9,0.0,4.0,7.72,15.7
2004-04-02,18.0,25.3,12.0,16.6,25.6,53,0.0,0.0,0.0,0.0,3.62,8.4
2004-04-03,11.0,15.0,6.1,7.1,15.0,62,0.0,0.0,0.0,0.0,7.07,14.0
2004-04-04,9.8,14.9,4.9,6.8,12.2,56,0.0,0.0,0.0,0.0,3.86,9.0
2004-04-05,16.4,23.4,8.0,13.8,22.1,57,0.0,0.0,0.0,0.0,5.81,11.5
2004-04-06,19.9,26.2,14.8,20.3,28.2,71,3.4,3.4,0.0,7.0,5.84,11.7
2004-04-07,11.1,14.7,7.1,8.3,11.9,75,3.4,3.4,0.0,12.0,5.88,11.6
2004-04-08,12.4,19.7,4.9,10.2,18.1,59,0.0,0.0,0.0,0.0,3.11,6.5
2004-04-09,16.5,23.1,8.1,14.4,21.4,55,0.0,0.0,0.0,0.0,4.11,9.0
2004-04-10,19.0,23.9,14.7,18.4,24.3,65,0.9,0.9,0.0,4.0,4.4,9.5
2004-04-11,20.6,26.9,14.5,21.3,28.5,67,0.0,0.0,0.0,0.0,2.53,4.1
2004-04-12,19.7,23.3,16.2,20.1,24.7,78,2.7,2.7,0.0,8.0,4.44,9.2
2004-04-13,18.2,22.7,14.6,17.9,22.7,72,0.0,0.0,0.0,0.0,3.91,8.5
2004-04-14,17.8,22.3,13.6,16.8,21.6,63,0.0,0.0,0.0,0.0,4.18,8.7
2004-04-15,18.5,22.9,15.4,18.2,23.2,61,0.4,0.4,0.0,2.0,2.34,6.2
2004-04-16,20.3,26.0,14.0,19.9,26.2,59,0.0,0.0,0.0,0.0,2.65,6.4
2004-04-17,20.8,24.6,16.6,21.2,24.2,69,0.0,0.0,0.0,0.0,3.66,7.4
2004-04-18,17.1,19.3,14.6,17.3,20.0,85,9.6,9.6,0.0,17.0,4.05,8.7
2004-04-19,21.4,30.1,13.3,22.4,32.1,73,0.0,0.0,0.0,0.0,3.31,7.9
2004-04-20,25.2,33.3,17.3,26.0,35.3,62,0.0,0.0,0.0,0.0,4.94,9.8
2004-04-21,26.6,32.7,20.3,27.7,33.1,61,0.0,0.0,0.0,0.0,6.28,12.6
2004-04-22,25.4,31.8,19.4,27.1,37.5,65,6.1,6.1,0.0,4.0,6.81,13.6
2004-04-23,17.8,20.0,14.9,13.4,15.6,42,0.0,0.0,0.0,0.0,7.3,13.9
2004-04-24,16.1,20.5,12.0,12.2,17.7,46,0.0,0.0,0.0,0.0,6.1,12.8
2004-04-25,17.2,21.8,12.3,15.2,19.8,67,3.1,3.1,0.0,3.0,5.52,11.1
2004-04-26,18.3,21.1,15.2,17.8,19.9,82,6.3,6.3,0.0,9.0,5.9,11.3
2004-04-27,15.3,20.3,10.3,13.8,20.1,63,0.0,0.0,0.0,0.0,5.41,9.7
2004-04-28,19.7,25.9,13.3,18.6,25.8,65,0.0,0.0,0.0,0.0,5.59,11.3
2004-04-29,19.9,20.5,19.0,20.6,22.6,84,42.8,42.8,0.0,15.0,4.62,8.7
2004-04-30,18.8,20.2,16.0,19.3,22.6,91,28.9,28.9,0.0,11.0,6.17,12.1
2004-05-01,17.2,19.4,15.0,17.1,19.9,82,0.0,0.0,0.0,0.0,4.2,7.3
2004-05-02,19.4,21.7,15.9,20.7,24.0,86,5.6,5.6,0.0,10.0,3.44,8.1
2004-05-03,13.8,20.1,9.5,12.1,22.8,93,31.6,31.6,0.0,20.0,7.38,13.5
2004-05-04,15.1,21.4,8.4,13.9,21.1,66,0.0,0.0,0.0,0.0,2.92,6.4
2004-05-05,19.6,26.2,12.2,18.7,25.7,60,0.0,0.0,0.0,0.0,4.05,8.3
2004-05-06,20.9,28.0,13.6,20.8,28.6,63,0.0,0.0,0.0,0.0,3.71,7.9
2004-05-07,21.1,24.0,18.7,20.9,23.8,68,0.5,0.5,0.0,1.0,5.31,10.4
2004-05-08,17.2,18.6,16.2,18.2,19.2,92,9.1,9.1,0.0,14.0,2.73,7.4
2004-05-09,19.6,24.9,16.8,20.8,26.2,82,10.3,10.3,0.0,9.0,3.2,6.7
2004-05-10,25.0,31.6,18.0,27.5,35.8,73,0.0,0.0,0.0,0.0,4.46,8.9
2004-05-11,25.3,29.0,22.9,28.1,32.1,79,3.7,3.7,0.0,7.0,4.89,10.6
2004-05-12,20.7,22.7,18.3,22.0,26.4,88,13.1,13.1,0.0,8.0,5.95,12.1
2004-05-13,22.2,26.5,18.1,23.5,28.4,70,0.0,0.0,0.0,0.0,3.11,6.6
2004-05-14,19.9,22.5,17.2,19.8,21.8,75,3.5,3.5,0.0,8.0,5.63,11.1
2004-05-15,18.0,19.8,16.0,19.6,21.6,89,7.0,7.0,0.0,13.0,1.8,4.2
2004-05-16,19.2,24.2,15.9,18.6,23.7,68,0.0,0.0,0.0,0.0,7.16,14.5
2004-05-17,22.0,28.8,13.1,21.1,28.5,54,0.0,0.0,0.0,0.0,4.67,9.2
2004-05-18,22.1,26.4,16.7,22.4,26.8,65,0.0,0.0,0.0,0.0,3.71,7.0
2004-05-19,23.5,28.8,18.3,23.8,30.0,60,0.0,0.0,0.0,0.0,4.81,8.5
2004-05-20,25.6,31.8,19.7,27.3,34.5,64,0.0,0.0,0.0,0.0,4.1,7.9
2004-05-21,23.4,27.7,20.8,24.4,30.6,69,3.1,3.1,0.0,9.0,6.1,9.5
2004-05-22,23.5,28.8,17.5,25.1,32.5,67,0.4,0.4,0.0,2.0,4.1,9.7
2004-05-23,24.7,29.4,19.5,26.6,32.8,65,0.0,0.0,0.0,0.0,3.67,6.3
2004-05-24,24.8,29.5,20.6,25.8,30.8,62,0.0,0.0,0.0,0.0,4.35,9.2
2004-05-25,24.9,29.9,19.2,27.5,34.7,70,0.0,0.0,0.0,0.0,3.52,6.1
2004-05-26,24.4,26.5,22.3,27.1,30.4,80,0.3,0.3,0.0,1.0,4.04,7.3
2004-05-27,26.4,31.8,21.8,30.6,38.4,78,2.3,2.3,0.0,4.0,4.14,9.7
2004-05-28,20.6,23.5,18.8,22.4,26.1,88,4.0,4.0,0.0,7.0,4.86,10.8
2004-05-29,23.9,27.0,19.7,26.8,30.1,82,0.4,0.4,0.0,3.0,3.7,7.2
2004-05-30,22.8,24.1,21.4,25.7,28.0,89,10.4,10.4,0.0,16.0,4.81,10.5
2004-05-31,22.2,26.0,19.4,21.8,25.2,57,0.1,0.1,0.0,1.0,4.47,9.1
2004-06-01,22.0,26.0,17.1,21.6,25.5,57,0.0,0.0,0.0,0.0,4.92,10.0
2004-06-02,21.6,23.9,19.3,21.5,23.9,67,3.2,3.2,0.0,4.0,4.31,9.0
2004-06-03,22.9,27.4,18.1,22.8,27.8,61,0.0,0.0,0.0,0.0,5.24,10.9
2004-06-04,22.0,23.1,20.3,23.2,24.8,81,35.3,35.3,0.0,19.0,5.1,9.0
2004-06-05,20.0,21.8,18.7,20.5,22.8,84,25.4,25.4,0.0,22.0,4.67,9.7
2004-06-06,19.7,21.6,17.6,20.4,21.9,78,1.1,1.1,0.0,3.0,2.84,5.7
2004-06-07,21.7,25.5,17.1,23.5,28.5,74,0.0,0.0,0.0,0.0,2.47,4.6
2004-06-08,21.7,25.1,18.9,23.0,25.6,76,1.2,1.2,0.0,10.0,3.98,8.5
2004-06-09,23.3,28.1,17.7,25.7,31.9,71,0.0,0.0,0.0,0.0,2.35,4.7
2004-06-10,25.3,30.0,20.3,27.2,32.1,64,0.0,0.0,0.0,0.0,3.42,7.6
2004-06-11,26.4,31.2,20.0,28.3,34.5,56,0.0,0.0,0.0,0.0,2.97,5.5
2004-06-12,27.1,33.1,19.3,29.9,37.2,60,0.0,0.0,0.0,0.0,2.4,4.2
2004-06-13,26.5,30.5,22.0,29.7,34.7,68,0.0,0.0,0.0,0.0,2.08,4.2
2004-06-14,23.6,26.5,21.3,26.2,30.3,86,34.2,34.2,0.0,15.0,5.39,13.5
2004-06-15,21.7,23.5,19.9,24.5,26.8,93,40.1,40.1,0.0,21.0,4.49,8.5
2004-06-16,22.4,25.1,19.4,24.7,28.1,83,1.8,1.8,0.0,5.0,4.08,8.8
2004-06-17,25.4,28.9,21.0,29.0,34.0,78,0.0,0.0,0.0,0.0,3.16,7.8
2004-06-18,23.2,25.1,21.1,26.3,29.1,88,63.8,63.8,0.0,15.0,4.03,12.1
2004-06-19,23.6,27.4,21.0,26.3,30.7,85,3.8,3.8,0.0,5.0,3.61,8.9
2004-06-20,26.8,31.6,21.5,31.2,37.3,75,0.0,0.0,0.0,0.0,2.21,6.1
2004-06-21,27.8,33.3,21.0,32.1,38.3,74,0.0,0.0,0.0,0.0,3.65,7.5
2004-06-22,29.6,33.6,25.5,34.1,39.3,69,0.0,0.0,0.0,0.0,4.54,8.8
2004-06-23,28.2,31.0,24.7,32.4,35.1,78,5.9,5.9,0.0,9.0,4.72,9.8
2004-06-24,23.6,24.8,21.9,27.3,29.6,91,29.8,29.8,0.0,20.0,3.71,8.9
2004-06-25,26.0,30.2,23.6,30.7,34.9,86,9.2,9.2,0.0,8.0,2.92,5.5
2004-06-26,27.5,31.0,24.1,32.3,36.9,81,0.0,0.0,0.0,0.0,3.42,7.2
2004-06-27,28.0,31.5,24.5,32.8,37.6,77,0.0,0.0,0.0,0.0,3.45,7.6
2004-06-28,28.5,32.5,25.0,33.8,39.0,79,0.0,0.0,0.0,0.0,3.14,6.8
2004-06-29,29.6,33.4,26.4,35.3,40.1,79,0.0,0.0,0.0,0.0,4.15,8.6
2004-06-30,29.6,33.6,26.0,35.3,40.9,79,0.0,0.0,0.0,0.0,4.39,8.4
2004-07-01,29.0,31.3,26.7,34.6,38.4,80,0.5,0.5,0.0,2.0,3.74,7.1
2004-07-02,29.6,33.4,25.9,34.6,38.6,72,0.0,0.0,0.0,0.0,3.22,5.8
2004-07-03,27.6,30.7,23.2,31.6,34.5,79,1.4,1.4,0.0,6.0,5.33,11.4
2004-07-04,27.7,32.5,22.3,31.9,37.7,71,0.0,0.0,0.0,0.0,3.62,6.6
2004-07-05,30.6,34.9,26.7,36.1,41.7,73,0.0,0.0,0.0,0.0,4.62,9.1
2004-07-06,26.2,30.3,24.0,29.5,34.5,77,2.0,2.0,0.0,5.0,4.12,9.6
2004-07-07,26.7,31.1,23.0,31.5,38.7,78,1.4,1.4,0.0,6.0,2.26,5.7
2004-07-08,27.8,32.3,24.0,32.2,38.2,70,0.0,0.0,0.0,0.0,2.72,4.4
2004-07-09,28.4,33.5,23.7,32.8,39.3,72,0.0,0.0,0.0,0.0,3.11,7.2
2004-07-10,29.0,32.7,26.4,33.7,38.3,75,3.5,3.5,0.0,3.0,4.06,9.4
2004-07-11,27.7,30.3,24.9,31.6,34.3,80,9.0,9.0,0.0,12.0,6.09,13.2
2004-07-12,24.9,26.0,23.9,29.5,31.1,91,28.0,28.0,0.0,18.0,3.4,9.8
2004-07-13,25.9,29.2,23.1,30.6,34.2,85,4.6,4.6,0.0,8.0,2.42,7.5
2004-07-14,26.9,29.6,24.7,31.9,34.7,84,1.5,1.5,0.0,6.0,3.28,6.7
2004-07-15,26.9,28.7,25.3,31.3,33.4,85,2.2,2.2,0.0,5.0,4.5,8.7
2004-07-16,28.9,32.5,26.0,33.4,37.4,79,0.0,0.0,0.0,0.0,5.91,11.5
2004-07-17,29.3,32.0,27.6,31.7,34.9,69,0.0,0.0,0.0,0.0,8.32,16.7
2004-07-18,28.9,31.3,26.8,31.9,35.0,72,0.4,0.4,0.0,1.0,6.81,13.1
2004-07-19,29.4,32.5,27.4,33.3,37.0,71,0.0,0.0,0.0,0.0,6.34,13.8
2004-07-20,30.3,33.5,26.9,34.3,37.8,68,0.0,0.0,0.0,0.0,6.7,13.1
2004-07-21,31.8,35.4,28.2,37.1,41.4,68,0.0,0.0,0.0,0.0,4.72,9.3
2004-07-22,32.4,36.6,28.1,38.9,44.2,69,0.0,0.0,0.0,0.0,2.44,5.8
2004-07-23,32.5,36.6,28.9,38.5,43.7,65,0.0,0.0,0.0,0.0,2.91,6.3
2004-07-24,32.1,36.8,26.9,38.2,44.2,67,0.3,0.3,0.0,1.0,2.62,5.8
2004-07-25,31.0,34.9,26.6,36.9,40.1,71,0.0,0.0,0.0,0.0,2.09,4.2
2004-07-26,31.5,35.9,27.9,37.2,42.0,69,0.0,0.0,0.0,0.0,4.16,8.8
2004-07-27,32.1,36.8,27.3,37.5,42.8,65,0.0,0.0,0.0,0.0,3.32,6.6
2004-07-28,32.4,36.6,27.3,38.3,43.8,67,0.0,0.0,0.0,0.0,2.64,6.4
2004-07-29,32.8,36.4,29.3,38.7,43.4,66,0.0,0.0,0.0,0.0,3.69,8.5
2004-07-30,31.9,36.7,28.6,36.9,42.3,62,0.4,0.4,0.0,2.0,2.84,7.4
2004-07-31,29.2,34.1,25.3,34.3,40.6,72,3.9,3.9,0.0,1.0,3.62,8.7
2004-08-01,28.4,32.5,24.6,34.0,39.6,77,0.0,0.0,0.0,0.0,2.12,5.5
2004-08-02,29.7,33.5,26.2,35.1,40.0,74,0.0,0.0,0.0,0.0,3.32,7.9
2004-08-03,30.3,33.8,27.8,35.8,40.0,73,0.7,0.7,0.0,4.0,3.13,7.2
2004-08-04,28.1,31.3,26.3,33.8,37.8,83,16.7,16.7,0.0,12.0,3.04,5.8
2004-08-05,27.7,31.5,25.4,33.5,37.7,86,11.0,11.0,0.0,14.0,3.11,8.3
2004-08-06,29.5,34.2,26.3,36.4,44.1,82,2.9,2.9,0.0,3.0,2.48,6.5
2004-08-07,30.9,34.9,26.9,37.9,43.6,77,0.0,0.0,0.0,0.0,2.26,5.3
2004-08-08,32.1,36.2,28.2,38.7,42.9,70,0.0,0.0,0.0,0.0,2.8,7.2
2004-08-09,32.3,36.5,28.3,39.3,43.9,72,0.0,0.0,0.0,0.0,3.24,6.0
2004-08-10,31.3,35.0,28.6,37.5,42.5,73,0.0,0.0,0.0,0.0,3.72,7.3
2004-08-11,30.2,34.0,27.8,34.3,38.5,70,0.0,0.0,0.0,0.0,5.4,10.6
2004-08-12,30.1,34.5,26.9,34.2,38.3,71,0.0,0.0,0.0,0.0,5.37,10.3
2004-08-13,28.7,31.8,27.1,31.6,35.0,81,6.2,6.2,0.0,8.0,9.05,19.6
2004-08-14,28.5,31.8,26.7,32.2,36.8,81,10.0,10.0,0.0,14.0,7.98,15.3
2004-08-15,28.7,32.5,25.3,34.5,40.3,84,9.4,9.4,0.0,9.0,4.46,8.6
2004-08-16,27.0,30.9,24.9,32.4,38.1,86,6.8,6.8,0.0,4.0,3.56,6.8
2004-08-17,24.1,25.1,23.1,27.2,29.3,87,0.9,0.9,0.0,4.0,4.56,9.2
2004-08-18,24.3,28.1,21.4,26.9,30.2,80,2.2,2.2,0.0,7.0,3.37,7.6
2004-08-19,25.8,30.7,21.2,28.8,34.2,71,0.0,0.0,0.0,0.0,2.66,6.0
2004-08-20,27.0,31.5,22.8,29.9,35.6,66,0.0,0.0,0.0,0.0,2.85,7.1
2004-08-21,25.5,27.8,23.9,29.6,32.4,83,5.0,5.0,0.0,11.0,2.97,5.9
2004-08-22,23.2,24.2,22.4,27.0,29.0,94,30.9,30.9,0.0,18.0,3.19,7.6
2004-08-23,25.1,28.0,22.5,28.3,31.4,82,0.9,0.9,0.0,6.0,3.86,7.7
2004-08-24,25.9,29.7,22.8,29.3,32.8,78,0.0,0.0,0.0,0.0,3.54,7.6
2004-08-25,26.7,30.0,24.0,30.2,33.5,79,0.1,0.1,0.0,1.0,4.34,8.2
2004-08-26,28.4,31.3,25.9,32.7,35.8,81,1.3,1.3,0.0,3.0,6.02,12.2
2004-08-27,28.5,31.2,25.9,33.1,36.5,78,0.1,0.1,0.0,1.0,4.37,9.0
2004-08-28,26.8,30.1,24.1,30.7,34.3,81,0.0,0.0,0.0,0.0,4.31,8.9
2004-08-29,26.7,30.3,23.5,29.5,33.4,73,0.0,0.0,0.0,0.0,4.91,10.3
2004-08-30,24.7,28.8,21.7,26.7,31.3,69,0.0,0.0,0.0,0.0,2.91,6.6
2004-08-31,25.0,29.1,20.9,27.4,32.5,71,0.0,0.0,0.0,0.0,3.5,7.4
2004-09-01,25.0,29.4,21.6,28.3,32.3,78,0.2,0.2,0.0,1.0,3.04,6.1
2004-09-02,26.4,30.5,22.4,29.2,33.8,74,0.0,0.0,0.0,0.0,4.68,9.3
2004-09-03,24.6,26.1,22.8,28.1,29.3,88,9.2,9.2,0.0,15.0,4.16,8.4
2004-09-04,22.2,23.2,20.9,24.8,26.7,91,18.6,18.6,0.0,14.0,3.86,8.2
2004-09-05,24.4,25.6,23.3,27.8,29.1,88,0.2,0.2,0.0,1.0,4.03,7.9
2004-09-06,24.5,28.0,22.6,27.8,30.9,83,0.9,0.9,0.0,3.0,3.13,6.2
2004-09-07,24.6,28.1,21.0,26.2,29.2,73,0.0,0.0,0.0,0.0,5.77,12.9
2004-09-08,21.1,22.6,18.9,22.3,24.1,72,0.0,0.0,0.0,0.0,2.89,5.7
2004-09-09,21.6,26.2,17.3,22.6,27.4,73,0.0,0.0,0.0,0.0,4.4,10.1
2004-09-10,23.3,28.8,18.6,24.3,29.0,69,0.0,0.0,0.0,0.0,4.71,10.5
2004-09-11,23.4,28.4,18.5,24.3,28.7,69,0.0,0.0,0.0,0.0,5.14,10.9
2004-09-12,23.0,28.6,18.3,24.4,30.7,67,0.0,0.0,0.0,0.0,3.21,7.0
2004-09-13,23.9,28.4,20.2,25.3,28.4,68,0.2,0.2,0.0,1.0,4.22,9.2
2004-09-14,21.9,24.3,19.9,23.7,26.1,85,26.1,26.1,0.0,14.0,4.74,10.1
2004-09-15,23.9,28.8,19.8,26.5,31.8,77,0.0,0.0,0.0,0.0,3.19,7.8
2004-09-16,25.5,31.5,20.7,28.6,35.6,74,0.0,0.0,0.0,0.0,2.72,6.3
2004-09-17,26.4,32.8,21.3,29.9,37.9,73,0.0,0.0,0.0,0.0,2.7,5.5
2004-09-18,26.6,30.8,22.8,30.2,34.6,74,0.0,0.0,0.0,0.0,4.13,8.2
2004-09-19,25.6,29.4,21.9,28.7,33.1,80,0.1,0.1,0.0,1.0,4.22,9.2
2004-09-20,21.6,24.7,19.0,23.0,28.3,85,2.6,2.6,0.0,7.0,5.91,11.6
2004-09-21,20.5,24.2,16.8,20.8,23.2,73,0.0,0.0,0.0,0.0,3.75,8.1
2004-09-22,20.0,24.7,14.9,20.3,26.0,65,0.0,0.0,0.0,0.0,2.45,6.3
2004-09-23,21.0,26.4,14.1,21.4,27.6,63,0.0,0.0,0.0,0.0,2.33,6.7
2004-09-24,21.9,27.2,16.8,21.9,27.1,63,0.0,0.0,0.0,0.0,4.56,9.4
2004-09-25,23.3,28.4,19.4,24.5,29.6,70,0.0,0.0,0.0,0.0,4.24,9.9
2004-09-26,22.9,25.3,21.5,25.2,26.5,76,0.0,0.0,0.0,0.0,2.32,5.5
2004-09-27,23.3,26.9,21.2,25.3,28.5,72,0.0,0.0,0.0,0.0,2.2,4.2
2004-09-28,23.6,28.3,20.2,25.4,29.4,69,0.0,0.0,0.0,0.0,2.3,5.9
2004-09-29,22.9,28.5,17.9,23.9,30.2,67,0.0,0.0,0.0,0.0,3.23,6.8
2004-09-30,24.3,30.2,20.0,25.8,32.4,69,0.0,0.0,0.0,0.0,5.81,9.4
2004-10-01,16.9,23.9,12.2,14.0,23.2,64,0.6,0.6,0.0,3.0,7.47,14.3
2004-10-02,15.1,20.7,10.6,12.8,18.4,51,0.0,0.0,0.0,0.0,3.0,8.3
2004-10-03,16.1,20.9,11.9,14.7,20.1,50,0.0,0.0,0.0,0.0,1.6,6.0
2004-10-04,16.8,23.2,10.7,15.3,22.7,57,0.0,0.0,0.0,0.0,2.51,7.3
2004-10-05,18.0,22.7,13.5,16.9,21.4,57,0.0,0.0,0.0,0.0,2.62,6.8
2004-10-06,19.1,23.1,16.4,18.6,23.0,61,0.0,0.0,0.0,0.0,2.65,6.1
2004-10-07,19.7,25.5,15.1,19.2,25.9,58,0.0,0.0,0.0,0.0,2.67,5.8
2004-10-08,19.1,26.2,12.7,18.4,25.9,60,0.0,0.0,0.0,0.0,2.67,6.6
2004-10-09,19.3,26.3,13.5,19.3,27.2,64,0.0,0.0,0.0,0.0,2.62,4.8
2004-10-10,20.2,27.4,12.7,19.8,26.9,56,0.0,0.0,0.0,0.0,1.9,5.8
2004-10-11,20.8,25.7,17.2,20.3,25.3,58,0.0,0.0,0.0,0.0,3.1,7.2
2004-10-12,19.3,25.3,15.9,19.2,25.9,67,0.0,0.0,0.0,0.0,2.86,6.2
2004-10-13,19.0,24.9,15.6,18.2,24.4,60,0.0,0.0,0.0,0.0,3.22,7.5
2004-10-14,18.5,23.4,14.2,18.0,23.5,64,0.0,0.0,0.0,0.0,3.16,7.8
2004-10-15,19.4,24.2,16.5,19.1,24.2,65,0.0,0.0,0.0,0.0,2.52,6.2
2004-10-16,19.3,24.1,14.3,18.0,22.5,56,0.0,0.0,0.0,0.0,3.51,8.3
2004-10-17,18.3,19.3,16.5,17.4,18.6,67,0.0,0.0,0.0,0.0,3.35,6.5
2004-10-18,18.7,21.6,16.4,18.4,21.6,72,0.0,0.0,0.0,0.0,3.51,8.4
2004-10-19,19.1,23.0,16.3,19.4,22.6,77,0.1,0.1,0.0,1.0,3.26,8.1
2004-10-20,18.2,24.9,13.7,17.5,23.9,67,0.0,0.0,0.0,0.0,2.87,6.8
2004-10-21,18.2,24.9,11.5,16.9,23.6,64,0.0,0.0,0.0,0.0,4.79,8.9
2004-10-22,16.9,20.1,15.0,15.0,18.2,57,0.0,0.0,0.0,0.0,3.81,7.4
2004-10-23,17.6,21.8,14.6,15.9,20.5,62,0.0,0.0,0.0,0.0,4.59,9.8
2004-10-24,17.4,22.8,13.2,17.3,24.1,73,0.0,0.0,0.0,0.0,2.56,6.0
2004-10-25,18.4,23.0,14.3,17.9,22.4,69,0.0,0.0,0.0,0.0,4.14,7.2
2004-10-26,15.7,19.2,10.3,13.2,17.5,61,0.0,0.0,0.0,0.0,5.49,12.4
2004-10-27,12.9,17.9,8.3,10.6,16.2,59,0.0,0.0,0.0,0.0,3.05,7.7
2004-10-28,14.8,20.8,9.7,13.0,19.3,63,0.0,0.0,0.0,0.0,2.55,6.7
2004-10-29,17.0,23.4,12.9,16.3,23.0,69,0.0,0.0,0.0,0.0,2.86,6.1
2004-10-30,18.9,23.5,15.6,18.7,23.3,73,0.0,0.0,0.0,0.0,3.71,8.1
2004-10-31,17.8,20.8,15.7,18.0,21.8,81,4.8,4.8,0.0,10.0,4.17,7.1
2004-11-01,15.5,20.9,9.7,12.9,16.7,61,0.0,0.0,0.0,0.0,5.2,10.9
2004-11-02,14.8,22.8,8.6,12.9,20.7,57,0.0,0.0,0.0,0.0,2.24,5.0
2004-11-03,17.5,25.0,12.3,15.9,23.1,54,0.0,0.0,0.0,0.0,2.98,6.6
2004-11-04,18.7,25.2,12.7,16.6,22.5,51,0.0,0.0,0.0,0.0,4.13,7.6
2004-11-05,18.7,23.7,13.8,17.9,22.7,66,0.0,0.0,0.0,0.0,4.44,8.7
2004-11-06,15.5,21.6,10.5,14.0,20.9,68,0.0,0.0,0.0,0.0,3.56,7.1
2004-11-07,18.8,26.0,13.5,17.8,24.5,66,0.0,0.0,0.0,0.0,4.2,8.7
2004-11-08,20.1,27.4,13.8,19.1,26.0,60,0.0,0.0,0.0,0.0,4.43,7.9
2004-11-09,18.1,21.7,16.4,17.6,20.6,76,14.4,14.4,0.0,11.0,4.24,11.4
2004-11-10,16.9,18.3,15.4,17.0,18.4,86,4.3,4.3,0.0,4.0,4.1,8.0
2004-11-11,14.5,15.8,12.7,13.9,16.4,91,4.5,4.5,0.0,6.0,3.9,7.8
2004-11-12,13.2,14.7,11.5,10.5,11.6,70,0.0,0.0,0.0,0.0,5.2,10.3
2004-11-13,10.5,13.4,9.8,8.1,10.2,89,11.3,11.3,0.0,13.0,4.87,10.0
2004-11-14,10.7,11.8,9.8,8.9,10.5,91,0.3,0.3,0.0,3.0,4.24,7.9
2004-11-15,10.6,15.2,7.3,9.0,13.8,80,0.0,0.0,0.0,0.0,2.92,5.5
2004-11-16,10.8,17.0,6.3,8.4,13.8,67,0.0,0.0,0.0,0.0,2.92,7.1
2004-11-17,12.6,19.6,8.5,10.4,17.0,62,0.0,0.0,0.0,0.0,2.59,5.6
2004-11-18,12.1,20.0,7.3,9.9,17.7,66,0.0,0.0,0.0,0.0,2.91,4.7
2004-11-19,13.0,20.6,7.8,10.9,18.2,64,0.0,0.0,0.0,0.0,2.95,4.4
2004-11-20,13.7,19.8,8.1,11.9,18.1,65,0.0,0.0,0.0,0.0,2.91,6.4
2004-11-21,12.4,16.5,9.4,9.8,13.8,60,0.0,0.0,0.0,0.0,2.94,7.2
2004-11-22,11.7,17.9,7.4,9.5,15.6,70,0.0,0.0,0.0,0.0,3.13,8.0
2004-11-23,12.7,18.6,9.1,11.7,18.0,80,0.0,0.0,0.0,0.0,2.24,3.9
2004-11-24,12.4,17.8,8.8,11.2,16.8,83,0.0,0.0,0.0,0.0,3.0,5.9
2004-11-25,7.5,12.9,3.1,3.8,11.8,91,2.2,2.2,0.0,8.0,7.0,13.2
2004-11-26,3.6,6.9,0.4,-0.7,2.7,67,0.0,0.0,0.0,0.0,6.3,12.0
2004-11-27,5.7,12.7,-0.3,2.2,9.4,63,0.0,0.0,0.0,0.0,2.7,6.5
2004-11-28,9.8,17.1,4.5,7.4,14.6,64,0.0,0.0,0.0,0.0,2.33,4.9
2004-11-29,9.9,19.1,4.4,7.4,16.4,72,0.0,0.0,0.0,0.0,2.71,5.9
2004-11-30,10.6,15.5,5.9,8.0,12.8,69,0.0,0.0,0.0,0.0,3.61,6.9
2004-12-01,13.5,17.7,11.2,11.1,15.5,70,0.0,0.0,0.0,0.0,4.55,9.4
2004-12-02,13.6,17.2,10.8,11.2,14.6,77,0.0,0.0,0.0,0.0,5.54,11.9
2004-12-03,13.4,17.2,10.5,12.3,16.6,82,0.0,0.0,0.0,0.0,4.24,7.9
2004-12-04,11.8,15.8,6.8,7.7,10.3,60,0.0,0.0,0.0,0.0,6.86,13.8
2004-12-05,7.3,13.0,2.6,4.0,9.6,55,0.0,0.0,0.0,0.0,2.64,5.0
2004-12-06,9.0,15.2,4.0,5.4,10.8,56,0.0,0.0,0.0,0.0,4.49,9.3
2004-12-07,8.3,13.7,4.0,4.7,9.8,45,0.0,0.0,0.0,0.0,2.9,5.1
2004-12-08,9.0,16.6,3.2,5.1,12.3,49,0.0,0.0,0.0,0.0,3.41,7.7
2004-12-09,10.7,18.9,5.6,7.1,15.2,50,0.0,0.0,0.0,0.0,3.92,7.9
2004-12-10,9.9,15.3,5.0,7.1,13.1,64,0.0,0.0,0.0,0.0,2.97,5.7
2004-12-11,10.2,14.8,6.8,8.0,13.0,77,0.0,0.0,0.0,0.0,3.01,6.9
2004-12-12,9.1,13.7,5.6,6.8,11.5,82,0.0,0.0,0.0,0.0,3.49,7.6
2004-12-13,8.4,13.6,4.5,5.6,10.4,79,0.0,0.0,0.0,0.0,3.68,8.3
2004-12-14,10.2,16.8,6.8,7.8,14.6,75,0.0,0.0,0.0,0.0,3.26,7.0
2004-12-15,9.4,15.2,5.8,7.1,12.6,80,0.0,0.0,0.0,0.0,3.96,8.3
2004-12-16,8.6,10.8,6.5,5.9,8.3,82,0.0,0.0,0.0,0.0,4.59,9.4
2004-12-17,9.1,11.6,6.9,7.0,9.1,81,0.0,0.0,0.0,0.0,3.36,6.4
2004-12-18,8.3,8.8,7.9,6.4,7.2,88,1.8,1.8,0.0,5.0,2.66,5.5
2004-12-19,9.3,11.9,7.2,7.7,10.3,85,0.0,0.0,0.0,0.0,3.13,5.1
2004-12-20,6.3,9.3,5.0,2.2,6.4,72,0.2,0.2,0.0,1.0,5.38,10.4
2004-12-21,6.2,7.7,4.2,1.9,4.1,78,2.8,2.8,0.0,8.0,6.18,13.0
2004-12-22,3.8,6.9,1.6,-0.2,3.2,95,24.3,22.9,0.98,23.0,5.02,10.1
2004-12-23,0.8,1.6,-0.2,-3.8,-2.9,82,1.1,0.5,0.49,7.0,5.06,9.5
2004-12-24,0.2,2.5,-1.2,-3.8,-1.4,72,0.0,0.0,0.0,0.0,3.1,6.9
2004-12-25,0.6,3.8,-2.4,-3.1,0.0,74,0.0,0.0,0.0,0.0,2.65,6.1
2004-12-26,2.0,3.0,0.8,-1.5,-0.3,87,3.9,3.6,0.21,12.0,3.64,7.2
2004-12-27,1.0,2.9,-0.8,-3.2,-1.7,79,1.1,0.2,0.7,7.0,4.0,8.5
2004-12-28,0.5,2.9,-1.2,-3.2,-1.0,73,0.0,0.0,0.0,0.0,2.62,5.8
2004-12-29,0.2,1.4,-1.3,-3.7,-2.4,75,0.0,0.0,0.28,0.0,3.98,8.9
2004-12-30,-1.9,-0.2,-4.7,-7.1,-4.7,74,0.8,0.0,0.91,5.0,6.49,12.4
2004-12-31,-3.5,0.1,-6.1,-8.8,-5.2,56,0.0,0.0,0.0,0.0,4.88,9.7
