time,temperature_2m_mean,temperature_2m_max,temperature_2m_min,apparent_temperature_mean,apparent_temperature_max,relative_humidity_2m_mean,precipitation_sum,rain_sum,snowfall_sum,precipitation_hours,wind_speed_10m_max,wind_gusts_10m_max
2005-01-01,-3.0,2.0,-7.2,-7.1,-1.8,59,0.0,0.0,0.0,0.0,2.9,5.7
2005-01-02,0.6,6.4,-4.6,-4.1,1.7,63,0.0,0.0,0.0,0.0,4.55,8.6
2005-01-03,3.2,8.8,-2.2,-0.5,5.5,67,0.0,0.0,0.0,0.0,4.03,7.1
2005-01-04,2.2,5.8,-0.7,-2.2,1.4,58,0.0,0.0,0.0,0.0,3.55,8.2
2005-01-05,0.9,2.5,-1.3,-3.0,-0.3,78,0.0,0.0,0.0,0.0,3.49,7.8
2005-01-06,2.2,8.2,-1.9,-1.1,5.4,79,0.0,0.0,0.0,0.0,2.42,5.1
2005-01-07,2.1,6.0,-0.4,-2.0,1.4,75,0.0,0.0,0.0,0.0,4.08,8.6
2005-01-08,2.1,5.7,-0.8,-1.8,1.9,63,0.0,0.0,0.0,0.0,2.6,6.0
2005-01-09,0.3,4.7,-3.0,-3.8,0.6,58,0.0,0.0,0.0,0.0,2.57,7.5
2005-01-10,1.0,6.5,-3.3,-2.8,3.0,62,0.0,0.0,0.0,0.0,2.3,6.4
2005-01-11,2.7,6.7,0.1,-0.9,3.0,63,0.0,0.0,0.0,0.0,2.41,5.3
2005-01-12,1.3,5.8,-2.7,-2.4,2.1,65,0.0,0.0,0.0,0.0,2.44,6.0
2005-01-13,2.1,6.2,-1.1,-1.9,2.7,54,0.0,0.0,0.0,0.0,2.28,6.4
2005-01-14,1.4,7.3,-2.8,-2.3,3.1,59,0.0,0.0,0.0,0.0,2.58,6.3
2005-01-15,0.1,5.8,-3.6,-4.2,1.1,65,0.0,0.0,0.0,0.0,3.61,8.2
2005-01-16,0.2,6.4,-4.6,-3.4,3.6,61,0.0,0.0,0.0,0.0,2.56,4.4
2005-01-17,2.1,9.0,-3.4,-2.2,4.7,58,0.0,0.0,0.0,0.0,3.19,7.3
2005-01-18,4.6,9.6,1.2,1.0,5.7,59,0.0,0.0,0.0,0.0,3.11,6.7
2005-01-19,3.0,7.6,-0.2,-0.9,4.0,54,0.0,0.0,0.0,0.0,2.73,6.7
2005-01-20,3.5,8.6,-1.3,-0.7,4.0,50,0.0,0.0,0.0,0.0,3.55,8.1
2005-01-21,2.8,5.0,1.5,-2.0,0.3,60,0.6,0.3,0.21,4.0,5.9,11.1
2005-01-22,2.2,3.9,1.1,-1.0,0.3,83,2.3,1.6,0.49,12.0,3.14,6.8
2005-01-23,2.3,4.3,-1.0,-1.4,1.2,81,0.0,0.0,0.0,0.0,4.78,8.2
2005-01-24,4.0,5.2,3.3,1.3,2.6,84,2.7,2.7,0.0,5.0,2.6,6.1
2005-01-25,2.3,3.6,0.1,-1.3,0.6,90,3.7,3.7,0.0,5.0,3.77,8.4
2005-01-26,0.6,2.5,-1.4,-3.1,-1.5,83,4.9,0.4,3.22,6.0,4.2,8.5
2005-01-27,2.1,3.6,0.6,-0.9,0.8,87,0.0,0.0,0.0,0.0,2.62,5.9
2005-01-28,4.4,6.2,2.5,1.6,3.1,84,0.0,0.0,0.0,0.0,3.09,6.8
2005-01-29,3.4,5.6,0.3,-0.3,1.9,79,0.0,0.0,0.0,0.0,4.79,8.9
2005-01-30,1.0,3.7,-0.9,-3.3,-0.4,63,0.0,0.0,0.0,0.0,3.51,7.9
2005-01-31,1.8,6.8,-2.5,-2.2,2.4,59,0.0,0.0,0.0,0.0,4.16,8.4
2005-02-01,1.1,4.7,-1.2,-3.4,-0.1,46,0.0,0.0,0.0,0.0,3.44,7.3
2005-02-02,1.3,4.9,-1.6,-3.0,0.6,45,0.0,0.0,0.0,0.0,2.45,6.2
2005-02-03,3.0,6.2,-0.4,-1.3,2.4,59,0.0,0.0,0.0,0.0,4.57,10.1
2005-02-04,4.8,8.5,0.8,1.7,5.8,77,0.0,0.0,0.0,0.0,3.31,7.5
2005-02-05,4.9,5.5,4.4,1.3,2.2,91,1.9,1.9,0.0,7.0,4.65,9.6
2005-02-06,3.1,4.4,2.7,-1.0,0.5,94,7.4,7.4,0.0,16.0,5.78,11.4
2005-02-07,1.6,2.7,0.7,-2.0,-0.8,95,0.4,0.4,0.0,2.0,3.72,7.2
2005-02-08,2.1,2.9,1.2,-1.4,0.1,90,4.1,4.0,0.07,8.0,3.77,9.0
2005-02-09,1.5,3.0,0.1,-2.4,0.2,96,12.5,6.9,3.92,12.0,4.95,9.6
2005-02-10,-0.2,0.9,-1.5,-4.5,-3.4,79,0.2,0.0,0.21,1.0,4.35,8.9
2005-02-11,0.5,2.8,-1.8,-3.7,-1.1,74,1.3,0.5,0.56,5.0,4.54,9.8
2005-02-12,0.7,1.4,-0.0,-2.8,-1.4,90,2.4,0.5,1.4,9.0,3.75,7.4
2005-02-13,2.6,4.9,-0.1,-1.3,0.8,88,2.8,2.8,0.0,7.0,5.25,10.6
2005-02-14,4.4,5.0,3.9,1.9,2.7,94,15.5,15.5,0.0,13.0,4.66,10.8
2005-02-15,3.9,4.4,2.9,0.5,2.1,93,7.9,7.9,0.0,12.0,5.33,10.0
2005-02-16,2.7,3.2,2.2,-1.0,-0.4,87,1.2,1.2,0.0,6.0,4.84,8.3
2005-02-17,2.0,2.9,0.3,-2.0,-0.7,89,3.2,1.8,0.98,14.0,4.71,8.8
2005-02-18,1.0,2.3,-0.2,-3.6,-2.6,81,0.9,0.0,0.63,4.0,4.96,10.3
2005-02-19,0.2,2.2,-2.7,-4.9,-3.0,57,0.0,0.0,0.0,0.0,5.7,11.6
2005-02-20,-1.0,3.0,-5.5,-4.9,0.1,52,0.0,0.0,0.0,0.0,2.2,5.9
2005-02-21,3.1,8.4,-2.1,-1.1,4.9,54,0.0,0.0,0.0,0.0,3.75,8.2
2005-02-22,7.3,14.9,0.6,3.8,12.1,57,0.0,0.0,0.0,0.0,3.49,8.3
2005-02-23,8.5,13.2,4.1,5.8,10.9,73,6.8,6.8,0.0,5.0,3.28,8.1
2005-02-24,7.4,8.7,6.1,4.9,6.4,84,1.5,1.5,0.0,3.0,3.61,7.1
2005-02-25,5.0,7.0,2.5,1.5,4.2,88,0.6,0.6,0.0,4.0,4.88,9.4
2005-02-26,3.3,6.3,1.0,-1.0,1.9,61,0.0,0.0,0.0,0.0,4.54,10.2
2005-02-27,3.8,6.8,1.3,-0.2,3.6,62,0.0,0.0,0.0,0.0,3.81,8.2
2005-02-28,5.5,10.6,1.7,2.4,8.6,65,0.0,0.0,0.0,0.0,2.28,6.4
2005-03-01,7.7,13.5,2.7,4.2,10.2,59,0.0,0.0,0.0,0.0,3.41,8.1
2005-03-02,7.9,10.9,4.1,4.4,8.0,67,0.0,0.0,0.0,0.0,5.01,10.7
2005-03-03,5.9,11.4,1.6,2.8,8.5,63,0.0,0.0,0.0,0.0,3.86,6.9
2005-03-04,4.3,7.2,-0.9,-1.2,1.8,38,0.0,0.0,0.0,0.0,8.13,15.7
2005-03-05,3.9,10.1,-2.4,-0.5,5.2,42,0.0,0.0,0.0,0.0,5.41,11.4
2005-03-06,9.0,16.8,0.3,4.8,13.5,45,0.0,0.0,0.0,0.0,4.44,9.0
2005-03-07,13.1,22.1,4.6,9.8,19.7,44,0.0,0.0,0.0,0.0,3.31,7.1
2005-03-08,15.5,23.4,7.5,12.7,21.4,51,0.0,0.0,0.0,0.0,4.13,8.8
2005-03-09,16.3,21.5,11.5,14.4,20.6,58,0.0,0.0,0.0,0.0,4.12,7.9
2005-03-10,16.8,23.8,12.8,15.9,23.7,73,4.6,4.6,0.0,3.0,6.58,7.3
2005-03-11,4.2,11.0,-0.1,-1.0,6.8,69,4.1,0.8,2.31,8.0,7.24,15.2
2005-03-12,1.3,3.6,-0.4,-3.7,-1.6,48,0.9,0.1,0.63,2.0,4.34,9.7
2005-03-13,3.6,9.4,-1.6,-0.3,6.1,47,0.0,0.0,0.0,0.0,3.51,6.5
2005-03-14,5.8,8.4,2.3,1.4,3.2,60,0.0,0.0,0.0,0.0,5.39,10.6
2005-03-15,10.3,17.3,4.1,7.6,15.6,60,0.0,0.0,0.0,0.0,3.22,7.0
2005-03-16,10.9,13.2,9.1,9.0,10.7,81,5.0,5.0,0.0,15.0,3.72,5.4
2005-03-17,12.0,17.7,8.0,8.8,14.3,62,0.0,0.0,0.0,0.0,5.73,11.7
2005-03-18,10.1,13.7,7.5,6.6,11.8,38,0.0,0.0,0.0,0.0,3.53,7.4
2005-03-19,10.0,14.3,5.7,7.0,11.6,58,0.0,0.0,0.0,0.0,4.16,8.7
2005-03-20,12.3,17.0,6.9,9.6,14.3,63,1.3,1.3,0.0,3.0,5.09,9.2
2005-03-21,9.7,12.1,7.3,6.9,11.5,88,11.5,11.5,0.0,21.0,6.06,13.5
2005-03-22,7.7,9.2,6.3,4.6,6.4,82,3.0,3.0,0.0,7.0,5.67,10.2
2005-03-23,10.7,16.6,5.6,8.7,14.2,76,0.8,0.8,0.0,3.0,3.32,7.2
2005-03-24,8.6,11.8,3.7,4.6,8.8,47,0.0,0.0,0.0,0.0,7.53,14.3
2005-03-25,9.8,15.4,2.5,6.6,13.2,51,0.0,0.0,0.0,0.0,3.36,8.0
2005-03-26,11.0,12.6,9.4,9.1,10.2,76,3.0,3.0,0.0,6.0,3.54,7.0
2005-03-27,12.8,15.4,10.3,12.0,14.5,80,0.0,0.0,0.0,0.0,1.62,4.5
2005-03-28,14.4,18.4,10.9,13.4,17.3,73,0.0,0.0,0.0,0.0,2.93,5.7
2005-03-29,11.4,14.4,8.9,7.7,10.9,53,0.0,0.0,0.0,0.0,6.17,11.4
2005-03-30,11.2,15.5,6.8,8.3,12.8,54,0.0,0.0,0.0,0.0,3.73,8.9
2005-03-31,13.1,19.8,7.0,10.9,18.7,56,0.0,0.0,0.0,0.0,2.68,6.3
2005-04-01,15.5,20.9,9.8,14.2,20.2,60,0.0,0.0,0.0,0.0,2.45,5.7
2005-04-02,16.7,23.7,9.3,15.9,24.3,63,0.0,0.0,0.0,0.0,2.65,5.7
2005-04-03,14.1,18.3,10.0,11.3,15.0,54,0.0,0.0,0.0,0.0,4.57,10.6
2005-04-04,16.4,24.2,7.4,13.8,22.1,52,0.0,0.0,0.0,0.0,4.36,9.2
2005-04-05,21.8,28.2,16.9,19.1,24.2,49,0.6,0.6,0.0,2.0,7.99,15.4
2005-04-06,23.5,28.4,20.4,21.4,27.3,52,0.0,0.0,0.0,0.0,7.52,14.5
2005-04-07,24.1,30.5,17.9,23.8,30.6,61,0.0,0.0,0.0,0.0,5.85,11.7
2005-04-08,23.8,29.6,18.4,23.8,29.2,60,0.0,0.0,0.0,0.0,5.52,12.2
2005-04-09,12.4,22.0,8.7,10.1,23.8,87,20.4,20.4,0.0,21.0,6.72,12.5
2005-04-10,11.4,14.6,8.9,9.4,12.1,69,0.1,0.1,0.0,1.0,4.87,9.5
2005-04-11,10.8,12.6,9.7,8.8,10.8,75,2.4,2.4,0.0,8.0,3.22,6.2
2005-04-12,13.4,19.6,8.1,12.1,18.1,70,0.0,0.0,0.0,0.0,2.51,6.7
2005-04-13,15.3,20.9,10.8,13.6,20.5,54,0.0,0.0,0.0,0.0,2.82,6.4
2005-04-14,17.3,24.7,9.9,15.5,23.9,52,0.0,0.0,0.0,0.0,2.82,7.2
2005-04-15,18.2,23.6,14.2,16.6,23.0,56,0.0,0.0,0.0,0.0,4.04,8.6
2005-04-16,18.6,24.9,12.7,18.2,25.1,65,0.0,0.0,0.0,0.0,3.5,6.0
2005-04-17,20.9,26.0,16.4,20.8,25.7,67,0.8,0.8,0.0,1.0,4.08,9.0
2005-04-18,22.3,27.6,15.9,23.0,28.5,67,0.0,0.0,0.0,0.0,4.42,9.2
2005-04-19,20.0,22.7,17.6,20.0,22.5,76,7.9,7.9,0.0,8.0,6.65,13.4
2005-04-20,21.4,29.0,12.1,20.1,26.9,56,0.1,0.1,0.0,1.0,7.47,14.5
2005-04-21,20.5,25.1,16.4,18.6,25.8,46,0.0,0.0,0.0,0.0,4.38,8.3
2005-04-22,18.0,21.2,15.1,15.4,17.9,56,9.7,9.7,0.0,9.0,5.14,11.7
2005-04-23,18.3,23.1,12.5,17.1,22.6,65,0.5,0.5,0.0,2.0,5.1,11.2
2005-04-24,20.9,27.4,14.7,21.9,30.4,70,4.9,4.9,0.0,3.0,3.58,6.7
2005-04-25,22.9,29.1,18.0,24.7,31.8,68,1.3,1.3,0.0,2.0,2.21,7.0
2005-04-26,23.8,30.6,17.3,23.6,30.5,56,0.0,0.0,0.0,0.0,4.49,10.2
2005-04-27,26.7,33.7,19.8,26.5,33.9,49,0.0,0.0,0.0,0.0,5.15,10.7
2005-04-28,27.7,33.0,22.3,28.7,34.1,58,0.0,0.0,0.0,0.0,5.04,11.4
2005-04-29,25.5,28.7,22.5,27.7,31.1,76,4.8,4.8,0.0,8.0,5.32,13.2
2005-04-30,24.5,28.3,21.8,27.8,31.6,82,21.3,21.3,0.0,15.0,3.77,11.7
2005-05-01,22.4,26.2,18.3,24.3,29.5,81,28.2,28.2,0.0,17.0,7.07,14.0
2005-05-02,18.7,22.2,15.2,16.8,21.2,48,0.0,0.0,0.0,0.0,3.61,7.8
2005-05-03,20.8,25.7,15.3,21.0,26.9,65,0.0,0.0,0.0,0.0,4.09,7.7
2005-05-04,22.0,23.0,21.0,23.7,25.5,85,15.3,15.3,0.0,12.0,5.15,10.4
2005-05-05,21.3,25.2,16.8,22.5,28.1,87,4.9,4.9,0.0,6.0,7.09,13.3
2005-05-06,18.4,22.9,14.9,16.4,21.9,51,0.0,0.0,0.0,0.0,6.45,13.2
2005-05-07,20.8,26.8,13.7,19.3,26.1,56,0.0,0.0,0.0,0.0,6.01,11.9
2005-05-08,21.9,26.1,17.7,21.9,26.3,63,0.1,0.1,0.0,1.0,4.6,9.6
2005-05-09,21.0,26.1,16.4,20.6,27.1,61,0.0,0.0,0.0,0.0,3.85,8.2
2005-05-10,21.5,26.6,15.9,21.2,27.5,60,0.0,0.0,0.0,0.0,4.44,9.3
2005-05-11,24.5,29.9,18.7,26.5,33.7,65,0.0,0.0,0.0,0.0,3.81,7.6
2005-05-12,24.9,29.9,20.5,25.3,31.6,62,0.0,0.0,0.0,0.0,5.74,10.9
2005-05-13,19.9,22.9,17.9,20.5,23.2,88,18.0,18.0,0.0,18.0,4.96,10.1
2005-05-14,18.5,19.9,17.6,18.5,19.3,89,1.1,1.1,0.0,4.0,5.49,10.6
2005-05-15,20.3,22.6,17.6,20.5,23.6,83,0.0,0.0,0.0,0.0,5.77,11.7
2005-05-16,23.4,26.6,20.1,25.5,29.8,85,4.2,4.2,0.0,7.0,5.42,10.8
2005-05-17,23.0,24.6,18.8,24.3,28.0,81,9.2,9.2,0.0,7.0,6.16,13.1
2005-05-18,19.2,22.7,14.9,18.9,23.8,66,0.0,0.0,0.0,0.0,5.86,10.1
2005-05-19,20.6,23.4,17.1,19.7,22.1,61,1.3,1.3,0.0,5.0,5.12,10.2
2005-05-20,21.8,25.9,17.6,21.3,25.6,58,1.5,1.5,0.0,4.0,4.59,9.7
2005-05-21,21.2,24.4,18.0,23.0,26.2,79,4.0,4.0,0.0,7.0,2.21,6.4
2005-05-22,24.1,29.4,17.4,26.7,33.6,72,0.0,0.0,0.0,0.0,2.42,4.7
2005-05-23,24.1,26.8,20.9,25.7,27.9,69,0.5,0.5,0.0,2.0,3.85,7.7
2005-05-24,22.4,26.6,18.9,22.1,26.9,61,0.0,0.0,0.0,0.0,5.46,11.5
2005-05-25,22.1,26.8,16.3,22.1,27.7,63,0.0,0.0,0.0,0.0,4.37,9.5
2005-05-26,23.7,27.9,19.1,24.9,30.6,67,0.0,0.0,0.0,0.0,3.41,7.4
2005-05-27,24.1,27.9,20.3,25.7,30.1,71,0.0,0.0,0.0,0.0,4.0,8.5
2005-05-28,22.9,26.0,20.0,24.1,26.9,74,0.0,0.0,0.0,0.0,5.38,10.5
2005-05-29,24.6,29.0,20.0,25.0,30.4,64,0.0,0.0,0.0,0.0,5.97,12.0
2005-05-30,26.1,31.1,20.2,27.4,34.1,59,0.0,0.0,0.0,0.0,4.18,7.6
2005-05-31,27.9,32.9,22.0,30.1,34.9,60,0.0,0.0,0.0,0.0,4.28,9.1
2005-06-01,28.2,33.1,23.4,31.6,37.5,68,0.1,0.1,0.0,1.0,4.3,8.8
2005-06-02,29.4,36.0,23.6,32.1,38.3,56,0.0,0.0,0.0,0.0,3.13,6.8
2005-06-03,29.3,35.8,23.6,29.7,36.0,41,0.0,0.0,0.0,0.0,3.3,8.0
2005-06-04,30.1,36.4,24.5,31.1,37.3,46,0.0,0.0,0.0,0.0,4.39,7.9
2005-06-05,27.9,33.0,22.8,27.9,33.8,48,0.0,0.0,0.0,0.0,5.12,10.4
2005-06-06,24.6,28.4,21.7,25.3,29.5,63,0.4,0.4,0.0,3.0,4.61,9.6
2005-06-07,23.1,25.3,21.0,24.3,27.0,70,0.6,0.6,0.0,3.0,4.16,8.7
2005-06-08,26.0,30.7,21.2,27.9,33.4,64,0.0,0.0,0.0,0.0,4.05,9.2
2005-06-09,27.0,30.2,25.2,30.6,34.1,75,4.6,4.6,0.0,14.0,3.54,9.8
2005-06-10,23.5,25.9,21.3,27.0,30.7,87,25.2,25.2,0.0,12.0,4.1,9.3
2005-06-11,25.1,28.6,21.4,28.3,32.5,73,0.0,0.0,0.0,0.0,2.62,7.3
2005-06-12,27.0,32.2,21.0,28.6,33.5,58,0.0,0.0,0.0,0.0,3.89,8.6
2005-06-13,26.7,31.8,21.6,28.5,34.7,57,0.0,0.0,0.0,0.0,3.73,7.2
2005-06-14,28.6,33.7,24.2,32.0,38.1,60,0.0,0.0,0.0,0.0,2.37,4.9
2005-06-15,28.3,33.5,23.8,30.9,36.7,60,0.0,0.0,0.0,0.0,3.06,8.5
2005-06-16,30.3,35.9,23.3,31.4,36.6,47,0.0,0.0,0.0,0.0,4.2,8.3
2005-06-17,31.0,35.7,26.3,32.5,37.1,46,0.0,0.0,0.0,0.0,3.49,7.8
2005-06-18,29.4,32.4,25.9,32.5,35.0,61,0.0,0.0,0.0,0.0,3.42,7.8
2005-06-19,28.6,33.2,23.2,31.8,37.4,63,0.0,0.0,0.0,0.0,2.77,6.4
2005-06-20,30.6,35.9,25.0,34.3,39.1,60,0.0,0.0,0.0,0.0,3.64,7.6
2005-06-21,29.9,34.1,26.2,33.8,38.9,61,0.0,0.0,0.0,0.0,2.32,6.1
2005-06-22,31.4,36.5,26.8,35.0,39.8,55,0.0,0.0,0.0,0.0,3.03,6.8
2005-06-23,31.7,37.3,26.5,35.2,40.1,57,0.0,0.0,0.0,0.0,3.96,8.8
2005-06-24,32.0,37.4,26.2,34.6,39.7,50,0.0,0.0,0.0,0.0,4.22,9.5
2005-06-25,31.8,36.5,28.0,35.5,40.9,62,0.5,0.5,0.0,2.0,6.1,10.6
2005-06-26,28.0,31.2,24.7,31.1,33.6,76,19.2,19.2,0.0,9.0,7.73,21.2
2005-06-27,24.7,25.5,23.0,28.8,30.3,88,54.5,54.5,0.0,19.0,3.21,7.1
2005-06-28,27.9,31.7,24.3,33.1,37.1,82,8.3,8.3,0.0,7.0,3.8,9.2
2005-06-29,30.2,34.2,26.3,35.8,41.5,76,0.1,0.1,0.0,1.0,4.39,7.9
2005-06-30,31.1,34.0,28.3,34.9,38.5,68,0.0,0.0,0.0,0.0,6.84,13.5
2005-07-01,31.1,33.5,29.2,33.6,36.6,62,0.0,0.0,0.0,0.0,6.91,13.4
2005-07-02,31.4,34.8,28.9,34.3,37.9,62,0.0,0.0,0.0,0.0,6.26,12.8
2005-07-03,31.5,35.4,28.4,35.0,39.0,62,0.0,0.0,0.0,0.0,5.88,12.4
2005-07-04,31.7,35.8,28.1,36.3,40.0,65,0.3,0.3,0.0,2.0,4.9,14.3
2005-07-05,30.5,34.8,26.9,35.4,39.5,70,0.3,0.3,0.0,1.0,4.12,13.2
2005-07-06,26.0,27.2,24.3,30.3,32.6,86,11.9,11.9,0.0,13.0,5.07,10.0
2005-07-07,27.8,30.3,24.4,33.4,36.5,85,1.7,1.7,0.0,7.0,3.63,6.5
2005-07-08,29.9,31.8,27.8,34.1,36.2,72,0.0,0.0,0.0,0.0,4.74,11.3
2005-07-09,28.1,29.6,26.2,33.3,35.0,81,4.4,4.4,0.0,9.0,3.8,11.8
2005-07-10,28.6,31.4,23.5,31.8,34.6,73,7.6,7.6,0.0,7.0,6.58,15.8
2005-07-11,23.9,26.2,21.9,27.1,30.5,87,34.1,34.1,0.0,12.0,3.64,15.3
2005-07-12,25.6,28.0,23.8,28.8,30.9,81,0.0,0.0,0.0,0.0,4.33,8.2
2005-07-13,26.8,29.8,24.0,30.1,34.3,75,0.0,0.0,0.0,0.0,4.57,9.5
2005-07-14,28.3,31.5,25.0,32.9,36.1,80,1.2,1.2,0.0,3.0,4.98,9.6
2005-07-15,29.5,32.9,27.3,35.1,39.3,79,7.9,7.9,0.0,12.0,4.07,9.0
2005-07-16,29.3,34.7,26.3,35.2,42.9,79,3.7,3.7,0.0,4.0,3.05,6.8
2005-07-17,30.4,34.5,26.9,36.2,42.0,76,0.1,0.1,0.0,1.0,5.08,9.6
2005-07-18,29.9,33.6,27.1,33.9,37.9,74,0.0,0.0,0.0,0.0,6.14,12.2
2005-07-19,28.5,33.0,25.5,32.0,37.4,78,4.7,4.7,0.0,5.0,6.74,15.8
2005-07-20,26.5,27.1,25.6,28.8,29.7,83,14.1,14.1,0.0,13.0,7.77,17.6
2005-07-21,27.8,30.5,25.7,31.7,35.1,83,9.5,9.5,0.0,13.0,6.76,11.9
2005-07-22,29.1,32.3,26.7,34.7,38.3,81,6.6,6.6,0.0,8.0,3.89,9.7
2005-07-23,30.1,33.6,27.4,36.4,41.0,78,0.3,0.3,0.0,1.0,3.08,7.6
2005-07-24,30.8,34.7,27.6,37.5,42.6,74,0.0,0.0,0.0,0.0,1.89,5.4
2005-07-25,28.3,31.3,26.3,34.4,37.5,84,12.6,12.6,0.0,13.0,3.0,6.6
2005-07-26,28.6,32.1,25.8,34.8,39.6,81,1.7,1.7,0.0,9.0,1.77,6.2
2005-07-27,30.0,33.9,27.5,36.5,42.2,79,11.7,11.7,0.0,8.0,3.62,8.6
2005-07-28,28.0,29.4,26.6,34.1,35.8,86,2.6,2.6,0.0,5.0,3.04,6.1
2005-07-29,28.7,32.7,24.7,35.4,41.0,85,5.2,5.2,0.0,7.0,2.26,7.2
2005-07-30,30.2,33.5,27.2,36.1,40.9,78,1.5,1.5,0.0,3.0,4.64,9.0
2005-07-31,30.7,33.4,28.4,35.1,39.0,71,0.0,0.0,0.0,0.0,5.26,11.3
2005-08-01,30.4,32.1,29.0,34.9,37.1,74,0.8,0.8,0.0,1.0,5.11,10.5
2005-08-02,30.3,32.3,28.8,35.6,38.0,75,1.3,1.3,0.0,2.0,4.66,10.5
2005-08-03,27.9,29.8,26.2,34.0,36.1,85,19.8,19.8,0.0,17.0,3.14,11.4
2005-08-04,27.0,30.1,25.5,32.6,35.8,86,14.4,14.4,0.0,14.0,2.4,6.1
2005-08-05,27.1,29.9,25.2,32.0,34.9,89,5.0,5.0,0.0,12.0,5.24,10.5
2005-08-06,26.7,28.5,24.3,28.5,30.4,80,8.4,8.4,0.0,11.0,9.57,21.6
2005-08-07,23.5,24.4,22.7,24.4,26.7,90,36.3,36.3,0.0,18.0,9.93,22.5
2005-08-08,26.4,29.7,23.7,29.3,33.7,79,0.2,0.2,0.0,2.0,6.26,12.6
2005-08-09,29.0,33.2,24.4,34.3,39.3,77,0.0,0.0,0.0,0.0,3.4,7.2
2005-08-10,31.3,35.0,28.7,37.1,42.9,75,0.0,0.0,0.0,0.0,4.7,9.3
2005-08-11,32.1,35.9,28.6,38.6,43.7,73,0.0,0.0,0.0,0.0,4.0,8.0
2005-08-12,32.6,36.3,29.1,39.1,43.9,71,0.0,0.0,0.0,0.0,4.39,8.3
2005-08-13,29.4,30.8,28.2,33.5,35.5,76,1.8,1.8,0.0,6.0,5.36,11.3
2005-08-14,30.7,34.5,27.5,35.5,39.6,73,0.0,0.0,0.0,0.0,5.63,11.5
2005-08-15,31.0,34.1,28.2,35.3,37.6,67,0.0,0.0,0.0,0.0,6.21,13.3
2005-08-16,31.7,35.8,28.0,37.6,42.1,68,0.0,0.0,0.0,0.0,2.86,7.1
2005-08-17,29.0,33.6,24.6,34.1,39.9,73,1.3,1.3,0.0,3.0,3.58,7.0
2005-08-18,22.3,24.1,21.3,24.2,28.0,86,5.4,5.4,0.0,12.0,4.25,9.0
2005-08-19,21.1,21.9,20.4,22.9,23.5,85,2.9,2.9,0.0,11.0,3.71,7.8
2005-08-20,22.4,25.0,19.9,24.1,26.4,77,0.0,0.0,0.0,0.0,3.03,6.6
2005-08-21,23.2,26.5,20.7,25.1,28.5,75,1.4,1.4,0.0,3.0,3.21,5.5
2005-08-22,21.3,22.8,19.4,24.0,26.4,91,25.6,25.6,0.0,24.0,2.91,5.7
2005-08-23,21.1,22.1,20.0,23.4,25.0,93,23.8,23.8,0.0,23.0,3.71,7.2
2005-08-24,21.8,24.1,20.1,24.1,26.7,90,0.5,0.5,0.0,4.0,4.68,11.0
2005-08-25,24.1,28.0,20.5,27.2,30.9,78,0.2,0.2,0.0,1.0,1.94,6.3
2005-08-26,24.6,28.6,21.0,27.4,32.4,75,0.0,0.0,0.0,0.0,2.69,6.7
2005-08-27,25.8,29.6,22.8,29.9,34.4,80,0.0,0.0,0.0,0.0,2.5,5.4
2005-08-28,24.7,25.3,24.0,28.9,29.8,89,8.2,8.2,0.0,12.0,3.8,6.2
2005-08-29,26.7,29.3,24.2,31.7,34.9,87,1.0,1.0,0.0,4.0,3.62,7.7
2005-08-30,23.9,26.8,22.4,26.5,32.8,87,7.7,7.7,0.0,6.0,5.52,13.0
2005-08-31,23.6,25.8,21.5,26.8,29.2,84,0.1,0.1,0.0,1.0,2.68,5.5
2005-09-01,26.3,30.2,23.1,29.9,34.4,81,0.3,0.3,0.0,2.0,5.46,10.0
2005-09-02,26.7,28.3,24.1,29.7,31.9,86,22.6,22.6,0.0,19.0,6.83,13.4
2005-09-03,23.0,24.0,22.0,24.9,26.2,95,53.4,53.4,0.0,24.0,7.47,12.7
2005-09-04,22.8,24.9,21.0,24.3,27.2,84,1.7,1.7,0.0,4.0,5.44,11.8
2005-09-05,22.6,25.7,20.2,23.8,26.9,77,0.0,0.0,0.0,0.0,4.38,8.7
2005-09-06,23.1,27.9,18.9,24.6,29.0,71,0.0,0.0,0.0,0.0,3.18,7.3
2005-09-07,23.6,28.7,19.7,25.7,31.3,71,0.0,0.0,0.0,0.0,2.57,6.2
2005-09-08,24.2,29.3,19.3,26.7,33.1,69,0.0,0.0,0.0,0.0,2.08,4.1
2005-09-09,24.8,30.1,19.9,27.7,34.1,71,0.0,0.0,0.0,0.0,2.12,4.5
2005-09-10,25.5,30.5,21.2,27.9,33.3,69,0.0,0.0,0.0,0.0,3.14,6.7
2005-09-11,24.3,27.9,20.3,26.7,30.5,79,0.2,0.2,0.0,2.0,4.53,8.7
2005-09-12,26.3,29.2,24.2,28.7,31.6,79,0.0,0.0,0.0,0.0,7.67,15.5
2005-09-13,27.6,32.4,23.0,32.3,37.9,77,0.0,0.0,0.0,0.0,2.04,5.2
2005-09-14,28.4,32.5,25.7,32.8,37.6,75,0.3,0.3,0.0,1.0,4.03,7.8
2005-09-15,27.7,31.2,24.9,32.3,36.9,80,1.0,1.0,0.0,1.0,3.89,7.6
2005-09-16,29.8,35.3,26.1,35.4,41.0,77,0.7,0.7,0.0,3.0,3.34,7.4
2005-09-17,27.0,30.2,25.4,31.6,34.8,83,0.5,0.5,0.0,1.0,3.96,8.1
2005-09-18,27.6,31.2,25.0,32.1,35.7,80,0.0,0.0,0.0,0.0,3.4,7.4
2005-09-19,29.1,33.8,25.8,35.0,40.5,78,0.0,0.0,0.0,0.0,2.35,5.3
2005-09-20,30.1,34.2,26.9,35.8,40.3,74,0.0,0.0,0.0,0.0,2.95,7.8
2005-09-21,23.0,28.7,18.7,25.1,34.5,87,0.6,0.6,0.0,3.0,5.61,11.1
2005-09-22,19.1,21.2,17.7,19.9,21.7,87,3.8,3.8,0.0,13.0,4.63,8.9
2005-09-23,20.9,22.5,19.7,21.9,23.6,76,0.0,0.0,0.0,0.0,3.26,8.0
2005-09-24,21.7,24.4,19.9,22.6,24.7,73,1.8,1.8,0.0,6.0,3.18,7.2
2005-09-25,20.7,22.0,19.1,21.0,22.1,79,4.5,4.5,0.0,9.0,5.42,10.6
2005-09-26,20.2,22.5,18.7,21.8,24.7,92,4.4,4.4,0.0,10.0,4.11,8.8
2005-09-27,21.9,24.2,20.1,24.9,27.6,90,0.6,0.6,0.0,2.0,2.63,5.6
2005-09-28,23.3,26.8,20.5,26.9,31.1,86,0.0,0.0,0.0,0.0,2.2,4.4
2005-09-29,26.4,31.7,22.1,31.0,36.7,82,0.0,0.0,0.0,0.0,3.01,6.3
2005-09-30,26.5,30.3,23.3,31.3,36.0,83,0.8,0.8,0.0,2.0,3.41,6.3
2005-10-01,23.9,25.2,22.7,27.3,29.0,90,4.4,4.4,0.0,7.0,4.24,7.7
2005-10-02,20.6,23.3,19.3,21.0,25.6,86,4.9,4.9,0.0,13.0,6.01,11.6
2005-10-03,18.4,19.9,16.9,17.2,19.9,75,1.5,1.5,0.0,3.0,5.66,10.7
2005-10-04,16.5,17.3,15.6,16.2,17.1,87,12.7,12.7,0.0,12.0,3.86,9.1
2005-10-05,17.2,18.0,16.4,18.0,19.2,90,0.7,0.7,0.0,5.0,2.81,6.0
2005-10-06,19.6,21.8,17.8,21.5,24.1,89,2.5,2.5,0.0,3.0,2.66,5.5
2005-10-07,20.5,23.6,17.3,20.7,22.7,75,0.0,0.0,0.0,0.0,5.51,10.7
2005-10-08,18.4,23.9,13.9,17.6,23.3,64,0.0,0.0,0.0,0.0,3.26,7.0
2005-10-09,18.6,23.1,15.6,18.0,22.4,65,0.0,0.0,0.0,0.0,2.98,7.6
2005-10-10,19.6,24.1,16.3,19.3,24.0,68,0.0,0.0,0.0,0.0,3.61,8.5
2005-10-11,19.8,24.2,16.0,19.7,24.5,72,0.0,0.0,0.0,0.0,3.8,9.1
2005-10-12,20.5,24.8,17.2,20.9,25.7,74,0.0,0.0,0.0,0.0,3.95,8.9
2005-10-13,20.5,24.8,17.5,21.2,25.2,73,0.4,0.4,0.0,1.0,3.83,7.9
2005-10-14,18.6,19.6,17.4,18.1,20.3,72,0.0,0.0,0.0,0.0,5.05,10.1
2005-10-15,17.0,21.9,12.4,15.5,20.2,61,0.0,0.0,0.0,0.0,3.14,7.1
2005-10-16,16.4,23.5,10.7,15.4,22.9,65,0.0,0.0,0.0,0.0,2.94,5.3
2005-10-17,18.8,25.5,13.5,18.8,25.6,67,0.0,0.0,0.0,0.0,2.77,5.2
2005-10-18,19.7,24.7,16.4,18.7,23.3,63,0.0,0.0,0.0,0.0,4.52,9.5
2005-10-19,19.0,23.5,15.3,17.8,21.8,69,0.0,0.0,0.0,0.0,4.9,10.3
2005-10-20,19.1,22.3,16.6,18.5,22.2,69,0.0,0.0,0.0,0.0,4.38,8.4
2005-10-21,15.5,17.6,12.8,14.3,16.8,85,4.0,4.0,0.0,7.0,5.41,10.3
2005-10-22,11.1,13.2,8.7,8.4,11.2,66,0.0,0.0,0.0,0.0,4.94,9.6
2005-10-23,12.3,16.9,7.4,10.7,15.6,65,0.0,0.0,0.0,0.0,2.19,5.1
2005-10-24,15.0,21.4,9.3,13.9,21.2,68,0.0,0.0,0.0,0.0,2.65,4.7
2005-10-25,16.9,22.9,12.5,15.7,21.4,65,0.0,0.0,0.0,0.0,2.66,6.4
2005-10-26,17.0,24.0,12.2,16.1,23.5,67,0.0,0.0,0.0,0.0,2.9,5.6
2005-10-27,17.5,22.0,12.6,17.4,22.9,74,2.4,2.4,0.0,4.0,3.1,5.2
2005-10-28,15.1,16.7,13.4,14.7,16.6,86,3.7,3.7,0.0,10.0,3.9,7.2
2005-10-29,14.5,18.9,10.2,12.6,16.7,56,0.0,0.0,0.0,0.0,2.51,5.7
2005-10-30,13.5,20.4,9.0,11.6,18.5,61,0.0,0.0,0.0,0.0,2.93,6.0
2005-10-31,13.2,19.7,7.3,11.0,17.6,62,0.0,0.0,0.0,0.0,3.16,7.2
2005-11-01,15.6,21.6,9.8,13.3,18.6,58,0.0,0.0,0.0,0.0,3.8,7.7
2005-11-02,17.7,21.5,15.4,16.8,19.9,65,0.4,0.4,0.0,1.0,3.16,6.6
2005-11-03,19.7,24.1,16.3,20.4,24.7,77,0.5,0.5,0.0,3.0,2.95,6.5
2005-11-04,20.1,21.3,18.5,22.3,24.1,92,21.1,21.1,0.0,20.0,2.52,6.6
2005-11-05,20.8,22.6,19.3,23.2,26.0,94,23.3,23.3,0.0,23.0,4.89,11.1
2005-11-06,18.2,22.0,13.9,18.3,21.8,81,1.5,1.5,0.0,4.0,4.95,8.9
2005-11-07,16.6,22.8,12.0,16.4,22.9,80,0.0,0.0,0.0,0.0,2.88,7.3
2005-11-08,17.6,22.4,12.9,17.8,22.2,77,0.0,0.0,0.0,0.0,3.0,6.0
2005-11-09,17.3,18.6,16.2,17.3,19.1,81,1.2,1.2,0.0,5.0,3.49,6.4
2005-11-10,17.4,18.4,16.1,19.1,20.8,96,15.8,15.8,0.0,24.0,1.84,6.2
2005-11-11,17.1,18.1,14.4,17.6,19.6,91,1.4,1.4,0.0,6.0,4.28,8.9
2005-11-12,16.6,19.4,13.5,16.3,20.0,86,0.0,0.0,0.0,0.0,5.23,10.0
2005-11-13,17.2,19.9,14.9,17.2,20.1,86,0.4,0.4,0.0,3.0,6.62,12.0
2005-11-14,11.3,14.3,9.7,8.4,11.1,84,7.8,7.8,0.0,15.0,7.16,12.5
2005-11-15,10.3,13.2,7.5,7.2,9.5,65,0.6,0.6,0.0,3.0,4.28,9.4
2005-11-16,9.7,13.4,6.5,6.8,10.4,66,0.0,0.0,0.0,0.0,3.12,8.1
2005-11-17,10.6,14.1,8.5,8.0,11.4,67,0.0,0.0,0.0,0.0,3.31,8.5
2005-11-18,10.6,13.5,7.8,8.2,10.7,69,0.0,0.0,0.0,0.0,3.28,8.5
2005-11-19,11.1,12.7,9.1,9.1,10.9,72,0.0,0.0,0.0,0.0,2.88,6.7
2005-11-20,10.3,14.2,7.2,8.6,12.3,77,0.0,0.0,0.0,0.0,1.98,6.2
2005-11-21,9.6,15.1,5.7,7.9,13.4,76,0.0,0.0,0.0,0.0,1.75,4.7
2005-11-22,9.9,14.4,6.7,8.3,13.1,76,0.0,0.0,0.0,0.0,2.05,3.9
2005-11-23,11.0,15.8,7.9,8.3,11.6,65,0.0,0.0,0.0,0.0,3.96,8.6
2005-11-24,10.2,17.0,5.1,7.3,13.5,61,0.0,0.0,0.0,0.0,2.94,7.0
2005-11-25,10.3,17.9,4.5,7.5,14.7,65,0.0,0.0,0.0,0.0,2.82,6.2
2005-11-26,11.7,20.8,5.5,9.2,17.6,69,0.0,0.0,0.0,0.0,3.83,8.3
2005-11-27,13.1,20.9,7.6,11.0,18.3,70,0.0,0.0,0.0,0.0,4.12,8.1
2005-11-28,12.4,15.4,9.4,8.4,10.6,50,0.0,0.0,0.0,0.0,7.59,14.8
2005-11-29,8.9,14.6,3.9,5.4,10.6,48,0.0,0.0,0.0,0.0,2.77,5.9
2005-11-30,9.6,17.0,4.1,6.4,13.6,58,0.0,0.0,0.0,0.0,3.0,5.8
2005-12-01,9.9,13.7,5.5,6.7,10.2,59,0.0,0.0,0.0,0.0,3.34,6.9
2005-12-02,9.9,12.4,6.7,6.8,9.4,64,0.0,0.0,0.0,0.0,4.34,9.2
2005-12-03,8.8,11.1,5.3,5.7,8.2,73,1.2,1.2,0.0,4.0,5.5,10.0
2005-12-04,2.7,5.3,-0.8,-2.7,-0.1,39,0.0,0.0,0.0,0.0,5.19,11.4
2005-12-05,-0.8,2.5,-3.4,-6.1,-3.5,35,0.0,0.0,0.0,0.0,4.48,9.9
2005-12-06,-0.6,4.7,-4.5,-4.9,0.3,55,0.0,0.0,0.0,0.0,2.36,6.4
2005-12-07,0.4,6.6,-4.4,-3.4,3.2,59,0.0,0.0,0.0,0.0,2.91,3.9
2005-12-08,4.1,10.9,-1.3,-0.2,6.5,55,0.0,0.0,0.0,0.0,3.36,6.9
2005-12-09,5.5,11.4,0.7,2.2,8.1,63,0.0,0.0,0.0,0.0,2.73,5.2
2005-12-10,6.9,8.6,5.3,3.4,4.8,76,0.0,0.0,0.0,0.0,6.04,10.9
2005-12-11,2.6,5.1,-0.5,-2.0,0.2,63,0.4,0.4,0.0,2.0,6.07,10.9
2005-12-12,0.7,5.6,-3.1,-2.9,2.1,63,0.0,0.0,0.0,0.0,2.22,5.0
2005-12-13,0.9,5.4,-2.3,-2.9,1.4,60,0.0,0.0,0.0,0.0,2.41,5.7
2005-12-14,0.5,6.1,-4.2,-3.9,1.2,54,0.0,0.0,0.0,0.0,4.4,9.1
2005-12-15,0.4,6.5,-3.0,-4.6,0.7,43,0.0,0.0,0.0,0.0,4.61,10.1
2005-12-16,1.8,10.0,-4.4,-2.7,4.6,50,0.0,0.0,0.0,0.0,3.77,8.7
2005-12-17,1.1,7.4,-3.5,-3.6,1.4,45,0.0,0.0,0.0,0.0,4.71,9.8
2005-12-18,-0.1,6.4,-4.4,-4.6,1.8,51,0.0,0.0,0.0,0.0,2.72,6.3
2005-12-19,2.5,10.1,-2.7,-1.6,6.3,55,0.0,0.0,0.0,0.0,3.16,4.5
2005-12-20,3.2,8.0,-2.1,-0.9,4.1,58,0.0,0.0,0.0,0.0,4.69,7.9
2005-12-21,0.3,3.2,-3.3,-5.8,-2.8,40,0.0,0.0,0.0,0.0,9.44,18.9
2005-12-22,1.6,9.6,-4.8,-3.4,3.9,35,0.0,0.0,0.0,0.0,4.36,9.3
2005-12-23,5.4,14.9,-1.6,1.5,10.7,52,0.0,0.0,0.0,0.0,2.88,6.4
2005-12-24,6.0,7.9,4.1,2.3,4.5,61,0.0,0.0,0.0,0.0,3.54,7.8
2005-12-25,5.9,14.2,0.7,2.4,10.1,64,0.0,0.0,0.0,0.0,3.23,7.6
2005-12-26,4.0,7.7,-0.1,0.8,5.0,78,0.0,0.0,0.0,0.0,2.73,7.1
2005-12-27,6.0,9.0,3.0,2.3,5.1,69,0.0,0.0,0.0,0.0,4.02,8.4
2005-12-28,6.2,8.0,4.8,3.2,5.4,78,0.3,0.3,0.0,2.0,3.9,7.6
2005-12-29,6.7,9.7,4.3,4.6,7.3,86,0.0,0.0,0.0,0.0,2.67,5.8
2005-12-30,8.2,9.2,7.2,5.8,6.7,88,3.8,3.8,0.0,9.0,4.03,7.6
2005-12-31,6.2,7.4,4.7,3.4,5.2,93,0.9,0.9,0.0,4.0,4.33,8.8
2006-01-01,4.7,6.2,3.0,1.8,3.2,86,0.0,0.0,0.0,0.0,3.32,6.9
2006-01-02,4.2,6.7,0.8,1.1,3.7,81,0.0,0.0,0.0,0.0,3.6,7.0
2006-01-03,5.4,5.6,5.0,1.7,2.4,83,2.7,2.7,0.0,8.0,4.44,9.4
2006-01-04,3.3,5.6,0.3,-1.4,2.5,92,10.8,10.4,0.28,22.0,6.64,12.3
2006-01-05,-1.1,1.1,-3.3,-6.2,-4.0,62,0.0,0.0,0.0,0.0,5.85,10.2
2006-01-06,-1.9,1.7,-4.4,-6.5,-3.5,56,0.0,0.0,0.0,0.0,4.03,9.1
2006-01-07,-1.7,2.4,-5.3,-5.5,-1.2,62,0.0,0.0,0.0,0.0,2.33,3.9
2006-01-08,-0.0,4.5,-3.8,-4.0,0.6,61,0.0,0.0,0.0,0.0,2.84,5.8
2006-01-09,1.8,9.1,-3.7,-2.0,5.6,67,0.0,0.0,0.0,0.0,2.94,5.6
2006-01-10,4.1,11.6,-1.1,0.7,8.7,67,0.0,0.0,0.0,0.0,2.66,5.2
2006-01-11,5.5,10.6,0.8,2.2,7.4,72,0.0,0.0,0.0,0.0,2.92,6.3
2006-01-12,7.6,10.6,5.2,5.2,8.0,83,0.0,0.0,0.0,0.0,4.05,8.0
2006-01-13,4.7,6.1,3.0,1.7,3.2,83,0.5,0.5,0.0,3.0,4.1,8.2
2006-01-14,5.1,5.8,4.1,2.9,3.9,88,0.1,0.1,0.0,1.0,2.08,5.2
2006-01-15,4.7,6.8,2.6,2.3,4.2,87,0.0,0.0,0.0,0.0,2.0,4.9
2006-01-16,6.8,8.6,5.5,4.4,6.7,86,1.0,1.0,0.0,2.0,4.4,8.3
2006-01-17,6.1,6.9,5.6,2.8,3.4,90,4.1,4.1,0.0,16.0,4.52,9.3
2006-01-18,4.5,5.8,3.0,0.2,2.2,91,19.5,19.4,0.07,21.0,5.7,11.4
2006-01-19,1.8,3.0,1.1,-2.7,-1.6,96,25.1,19.2,4.13,24.0,6.59,12.7
2006-01-20,0.8,1.3,0.2,-3.3,-2.7,98,6.9,4.9,1.4,24.0,4.51,9.6
2006-01-21,1.1,2.2,0.1,-2.6,-1.1,85,0.8,0.0,0.56,4.0,3.73,7.4
2006-01-22,1.8,5.7,-1.7,-1.8,1.7,75,0.0,0.0,0.0,0.0,3.26,7.7
2006-01-23,2.5,5.6,-0.0,-1.4,2.7,72,0.0,0.0,0.0,0.0,3.92,10.0
2006-01-24,2.3,4.9,-0.4,-1.4,1.3,75,0.0,0.0,0.0,0.0,3.41,8.5
2006-01-25,4.2,6.3,2.0,1.3,3.4,79,0.0,0.0,0.0,0.0,2.38,6.4
2006-01-26,4.4,8.4,1.2,1.8,5.9,78,0.0,0.0,0.0,0.0,2.0,5.2
2006-01-27,5.1,10.7,0.6,2.0,8.0,77,0.0,0.0,0.0,0.0,3.6,6.8
2006-01-28,6.0,11.0,2.3,3.3,9.5,77,0.0,0.0,0.0,0.0,3.41,6.1
2006-01-29,7.9,15.6,2.6,5.4,14.4,82,0.0,0.0,0.0,0.0,3.33,6.2
2006-01-30,6.3,8.0,4.3,3.4,4.9,91,0.0,0.0,0.0,0.0,4.6,7.9
2006-01-31,3.3,4.4,2.7,0.2,1.3,91,0.3,0.3,0.0,2.0,3.4,6.5
2006-02-01,4.0,5.4,2.3,0.9,2.2,83,0.0,0.0,0.0,0.0,3.61,7.2
2006-02-02,4.1,5.2,2.6,0.5,2.2,89,4.2,4.2,0.0,12.0,5.1,8.9
2006-02-03,1.1,3.2,-1.3,-4.2,-1.4,72,0.5,0.5,0.0,3.0,6.74,12.8
2006-02-04,-0.4,2.1,-3.2,-4.9,-2.1,66,0.0,0.0,0.0,0.0,3.6,8.3
2006-02-05,-0.2,0.8,-1.6,-4.0,-2.7,86,9.1,0.1,6.51,12.0,4.13,8.4
2006-02-06,1.2,4.2,-0.8,-2.5,0.8,81,0.0,0.0,0.0,0.0,3.49,8.0
2006-02-07,3.7,7.5,0.4,-0.2,4.5,64,0.0,0.0,0.0,0.0,3.76,8.4
2006-02-08,0.9,2.8,-1.3,-4.2,-2.4,49,0.0,0.0,0.0,0.0,4.85,10.4
2006-02-09,0.2,2.6,-2.5,-3.6,-0.4,58,0.0,0.0,0.0,0.0,2.75,6.0
2006-02-10,3.9,9.6,-0.6,0.3,6.7,73,0.0,0.0,0.0,0.0,3.71,8.0
2006-02-11,5.4,11.4,0.8,2.8,9.4,79,0.0,0.0,0.0,0.0,2.38,5.3
2006-02-12,6.9,12.2,2.4,3.7,9.1,81,0.0,0.0,0.0,0.0,4.61,9.4
2006-02-13,10.1,14.1,5.6,7.2,11.8,80,2.6,2.6,0.0,4.0,5.97,10.5
2006-02-14,12.9,16.8,9.9,12.2,16.7,87,9.4,9.4,0.0,13.0,3.72,7.7
2006-02-15,8.3,13.0,6.5,5.0,11.5,89,13.3,13.3,0.0,16.0,6.29,12.0
2006-02-16,6.8,8.3,4.6,3.5,4.4,78,3.3,3.3,0.0,10.0,5.22,9.4
2006-02-17,4.2,6.2,2.3,-0.1,2.0,48,0.0,0.0,0.0,0.0,3.94,8.4
2006-02-18,3.2,4.8,1.6,-0.0,1.4,73,0.2,0.0,0.35,2.0,3.2,8.3
2006-02-19,4.5,7.5,1.2,1.7,5.3,74,0.0,0.0,0.0,0.0,2.33,5.1
2006-02-20,5.9,10.8,0.9,2.6,8.0,76,0.0,0.0,0.0,0.0,4.14,8.9
2006-02-21,8.4,12.5,5.6,5.9,11.5,82,1.8,1.8,0.0,6.0,4.25,8.0
2006-02-22,8.4,10.8,5.0,4.9,7.0,68,1.2,1.2,0.0,3.0,4.7,10.7
2006-02-23,5.8,8.8,3.6,2.2,4.6,68,0.0,0.0,0.0,0.0,3.41,8.4
2006-02-24,6.3,9.3,2.4,2.8,5.6,72,0.0,0.0,0.0,0.0,4.05,9.2
2006-02-25,8.1,11.0,6.2,6.1,9.5,82,1.1,1.1,0.0,5.0,3.76,6.3
2006-02-26,6.6,9.2,3.0,2.0,6.8,69,0.0,0.0,0.0,0.0,7.07,13.6
2006-02-27,1.6,2.6,0.6,-3.8,-2.7,71,1.6,0.5,1.12,7.0,6.21,12.0
2006-02-28,0.8,1.9,-0.1,-3.4,-1.7,88,6.6,0.6,4.27,16.0,4.52,9.4
2006-03-01,3.2,9.3,-1.6,-0.3,6.3,71,0.0,0.0,0.0,0.0,3.51,8.2
2006-03-02,6.5,13.9,-0.4,3.2,11.1,61,0.0,0.0,0.0,0.0,3.18,8.2
2006-03-03,8.8,15.7,2.4,5.3,12.2,61,0.0,0.0,0.0,0.0,4.55,10.1
2006-03-04,12.8,18.9,8.2,9.6,16.5,51,0.0,0.0,0.0,0.0,3.79,7.1
2006-03-05,14.5,21.1,9.0,12.9,21.3,61,0.0,0.0,0.0,0.0,3.11,5.8
2006-03-06,15.0,20.5,10.6,13.8,20.3,68,0.0,0.0,0.0,0.0,2.67,5.7
2006-03-07,13.4,18.5,9.3,12.3,17.7,80,0.0,0.0,0.0,0.0,2.91,6.8
2006-03-08,13.4,17.8,9.3,12.4,18.3,82,0.9,0.9,0.0,3.0,2.92,6.5
2006-03-09,11.7,14.7,10.2,10.7,13.8,85,0.0,0.0,0.0,0.0,2.15,4.8
2006-03-10,13.1,19.0,8.3,12.4,19.1,84,1.7,1.7,0.0,4.0,2.24,7.5
2006-03-11,13.2,15.8,7.0,12.0,16.6,85,13.5,13.5,0.0,11.0,8.68,16.8
2006-03-12,5.2,7.0,3.1,-0.3,2.9,48,0.6,0.6,0.0,2.0,6.64,12.9
2006-03-13,4.5,9.4,1.4,0.3,4.9,40,0.0,0.0,0.0,0.0,3.63,8.3
2006-03-14,7.7,14.1,1.1,4.5,12.6,56,0.0,0.0,0.0,0.0,2.86,6.0
2006-03-15,10.0,11.8,7.4,6.9,8.6,61,0.0,0.0,0.0,0.0,3.92,6.9
2006-03-16,12.3,19.5,6.0,9.5,17.4,55,0.0,0.0,0.0,0.0,4.22,7.7
2006-03-17,11.8,14.4,9.3,9.7,11.8,72,0.4,0.4,0.0,2.0,3.61,7.5
2006-03-18,13.5,18.1,9.3,10.9,15.2,63,0.0,0.0,0.0,0.0,5.02,10.5
2006-03-19,10.7,14.9,6.9,6.9,11.5,50,0.0,0.0,0.0,0.0,4.52,10.1
2006-03-20,14.2,19.5,9.7,12.5,19.2,61,0.0,0.0,0.0,0.0,2.92,7.0
2006-03-21,15.6,19.6,11.2,14.5,17.8,72,0.1,0.1,0.0,1.0,4.2,9.4
2006-03-22,14.7,18.4,11.6,13.2,16.6,70,0.4,0.4,0.0,3.0,5.2,10.1
2006-03-23,13.2,17.3,9.5,10.1,13.8,51,0.0,0.0,0.0,0.0,4.3,9.7
2006-03-24,13.7,19.8,6.9,11.5,19.2,57,0.0,0.0,0.0,0.0,3.31,6.8
2006-03-25,15.7,21.6,10.8,14.5,21.4,60,0.0,0.0,0.0,0.0,2.92,5.6
2006-03-26,14.9,20.6,9.8,13.6,20.7,62,0.0,0.0,0.0,0.0,3.01,5.2
2006-03-27,16.8,22.9,10.7,15.3,21.4,58,0.0,0.0,0.0,0.0,3.16,6.6
2006-03-28,10.8,14.8,7.1,6.6,11.6,35,0.0,0.0,0.0,0.0,8.93,18.9
2006-03-29,13.0,21.4,4.6,10.0,18.7,47,0.0,0.0,0.0,0.0,3.83,8.6
2006-03-30,17.2,25.3,9.0,15.9,25.3,60,0.0,0.0,0.0,0.0,3.26,7.5
2006-03-31,17.7,21.7,13.7,16.1,19.1,73,3.8,3.8,0.0,7.0,6.61,12.8
2006-04-01,20.1,24.1,16.5,20.1,25.1,79,13.7,13.7,0.0,14.0,5.77,12.2
2006-04-02,19.4,24.8,12.9,18.0,25.1,48,0.0,0.0,0.0,0.0,3.58,10.0
2006-04-03,23.4,29.9,17.1,22.8,30.4,56,0.0,0.0,0.0,0.0,6.94,14.3
2006-04-04,19.0,23.4,13.5,19.5,24.0,87,37.0,37.0,0.0,21.0,7.12,13.0
2006-04-05,15.7,18.9,13.3,13.6,17.6,67,0.2,0.2,0.0,1.0,5.91,10.8
2006-04-06,15.9,21.3,12.2,14.4,20.4,62,0.0,0.0,0.0,0.0,4.61,8.6
2006-04-07,20.2,27.5,13.3,19.8,27.5,67,0.0,0.0,0.0,0.0,4.14,8.7
2006-04-08,20.7,25.4,16.8,20.3,24.5,67,9.3,9.3,0.0,7.0,5.17,10.4
2006-04-09,18.1,18.9,16.9,19.0,20.1,92,14.0,14.0,0.0,19.0,3.5,14.8
2006-04-10,18.4,21.8,15.9,19.5,23.6,85,0.0,0.0,0.0,0.0,2.83,5.9
2006-04-11,20.8,26.2,16.2,21.8,28.6,79,0.0,0.0,0.0,0.0,5.35,10.7
2006-04-12,11.7,19.9,6.1,8.4,18.9,81,23.3,23.3,0.0,23.0,8.82,16.5
2006-04-13,7.2,10.6,4.3,4.2,7.8,73,2.4,2.4,0.0,6.0,5.22,9.6
2006-04-14,9.2,11.1,6.9,6.7,8.0,64,0.0,0.0,0.0,0.0,2.27,6.2
2006-04-15,12.1,16.2,6.4,10.3,15.4,58,0.0,0.0,0.0,0.0,2.02,6.2
2006-04-16,15.4,20.7,9.4,13.7,19.8,63,0.0,0.0,0.0,0.0,4.15,8.9
2006-04-17,19.3,25.3,13.3,17.6,24.2,57,0.0,0.0,0.0,0.0,5.54,11.0
2006-04-18,20.9,25.8,15.3,20.6,27.0,60,0.0,0.0,0.0,0.0,4.15,9.0
2006-04-19,18.9,24.1,12.8,17.2,22.9,55,0.0,0.0,0.0,0.0,5.61,11.7
2006-04-20,15.7,20.5,9.2,12.9,18.3,41,0.0,0.0,0.0,0.0,3.95,8.6
2006-04-21,14.4,16.2,13.6,12.6,14.8,77,16.0,16.0,0.0,17.0,4.98,10.0
2006-04-22,14.8,17.9,12.2,14.1,18.5,83,0.0,0.0,0.0,0.0,4.06,8.2
2006-04-23,17.3,22.7,11.7,17.0,23.8,71,0.0,0.0,0.0,0.0,4.22,8.7
2006-04-24,18.5,24.2,13.0,17.2,23.4,60,0.0,0.0,0.0,0.0,4.43,9.4
2006-04-25,17.6,21.7,14.7,16.9,23.0,75,26.0,26.0,0.0,8.0,5.34,11.8
2006-04-26,17.2,22.4,12.8,17.6,24.2,79,0.0,0.0,0.0,0.0,3.38,7.5
2006-04-27,19.4,22.7,16.2,19.9,24.1,76,0.2,0.2,0.0,1.0,3.42,8.0
2006-04-28,20.2,25.8,14.9,21.1,27.3,75,0.0,0.0,0.0,0.0,4.28,9.2
2006-04-29,22.6,29.4,14.6,22.2,29.4,62,0.0,0.0,0.0,0.0,6.71,13.1
2006-04-30,24.8,30.6,20.0,24.4,31.5,58,0.0,0.0,0.0,0.0,6.17,12.0
2006-05-01,24.7,28.2,21.6,26.0,30.4,66,0.0,0.0,0.0,0.0,4.57,9.4
2006-05-02,20.6,23.1,17.9,20.7,25.7,68,0.0,0.0,0.0,0.0,4.5,8.5
2006-05-03,22.2,27.6,17.1,22.5,29.6,64,0.0,0.0,0.0,0.0,4.8,9.7
2006-05-04,26.5,31.9,20.5,27.9,34.2,64,0.0,0.0,0.0,0.0,6.49,13.5
2006-05-05,24.0,26.4,21.6,26.0,27.9,81,10.7,10.7,0.0,12.0,5.47,12.8
2006-05-06,20.7,23.1,18.7,21.6,24.3,79,0.0,0.0,0.0,0.0,5.04,9.6
2006-05-07,22.0,26.6,16.4,23.0,28.4,69,0.0,0.0,0.0,0.0,3.96,8.2
2006-05-08,21.4,23.0,20.2,22.0,23.6,79,6.6,6.6,0.0,8.0,5.41,10.9
2006-05-09,19.5,21.0,18.4,21.0,22.9,95,17.3,17.3,0.0,19.0,4.39,8.2
2006-05-10,19.8,22.8,18.1,19.5,22.2,76,0.3,0.3,0.0,1.0,5.38,10.3
2006-05-11,18.6,20.6,16.3,16.9,18.5,67,0.0,0.0,0.0,0.0,6.2,12.3
2006-05-12,13.3,16.1,11.7,11.1,13.3,82,16.3,16.3,0.0,13.0,5.37,9.8
2006-05-13,16.1,21.3,12.0,15.1,20.8,74,0.0,0.0,0.0,0.0,3.54,7.0
2006-05-14,19.7,25.0,14.2,19.1,25.3,59,0.0,0.0,0.0,0.0,3.1,5.7
2006-05-15,21.7,26.9,15.3,21.6,27.1,58,0.0,0.0,0.0,0.0,2.95,6.8
2006-05-16,21.1,24.7,18.4,20.6,24.0,60,0.0,0.0,0.0,0.0,3.72,7.2
2006-05-17,21.7,26.0,17.7,22.5,27.3,71,0.0,0.0,0.0,0.0,3.68,7.9
2006-05-18,19.0,20.6,16.1,18.8,20.4,77,0.0,0.0,0.0,0.0,5.43,10.3
2006-05-19,21.2,26.7,13.4,21.4,27.6,68,0.0,0.0,0.0,0.0,5.22,10.4
2006-05-20,25.7,32.2,18.8,26.2,33.6,57,0.0,0.0,0.0,0.0,5.53,11.2
2006-05-21,26.0,30.8,21.6,27.6,33.9,64,0.0,0.0,0.0,0.0,4.93,10.8
2006-05-22,22.2,26.3,18.7,23.0,27.6,71,1.8,1.8,0.0,3.0,4.97,9.0
2006-05-23,24.6,30.3,17.8,26.0,33.1,59,0.0,0.0,0.0,0.0,2.72,5.1
2006-05-24,25.5,30.7,19.9,26.1,31.2,57,0.0,0.0,0.0,0.0,4.54,8.8
2006-05-25,21.3,25.0,19.7,22.2,25.8,84,31.9,31.9,0.0,11.0,5.59,12.9
2006-05-26,20.9,23.1,19.4,21.9,24.3,79,0.1,0.1,0.0,1.0,3.75,7.8
2006-05-27,23.8,29.0,19.2,21.4,25.0,47,0.0,0.0,0.0,0.0,8.89,16.3
2006-05-28,22.1,26.8,16.3,23.0,28.4,61,0.0,0.0,0.0,0.0,2.06,5.2
2006-05-29,25.3,30.8,19.0,27.1,34.4,58,0.0,0.0,0.0,0.0,2.57,4.3
2006-05-30,26.2,31.2,21.0,27.2,32.2,57,0.0,0.0,0.0,0.0,4.41,9.1
2006-05-31,26.1,30.6,20.2,27.7,33.1,60,0.0,0.0,0.0,0.0,4.31,8.9
2006-06-01,23.3,25.6,20.2,23.9,26.0,72,0.0,0.0,0.0,0.0,6.75,13.3
2006-06-02,23.3,28.1,17.8,24.0,29.3,62,0.0,0.0,0.0,0.0,4.18,8.9
2006-06-03,23.4,25.9,21.6,24.3,26.6,67,0.0,0.0,0.0,0.0,5.0,11.2
2006-06-04,22.8,26.1,20.7,24.1,27.3,72,0.0,0.0,0.0,0.0,4.85,10.5
2006-06-05,21.6,23.7,19.4,22.6,24.7,80,3.5,3.5,0.0,7.0,5.57,10.0
2006-06-06,24.2,28.0,20.6,25.5,29.4,73,0.0,0.0,0.0,0.0,5.26,10.5
2006-06-07,25.2,28.7,21.8,28.0,32.9,72,0.0,0.0,0.0,0.0,4.12,7.2
2006-06-08,26.2,29.9,22.7,30.2,34.6,76,0.0,0.0,0.0,0.0,2.38,6.8
2006-06-09,26.9,32.9,20.4,28.1,32.9,61,0.2,0.2,0.0,1.0,6.22,11.4
2006-06-10,26.2,31.2,20.9,26.5,31.1,51,0.0,0.0,0.0,0.0,4.3,9.3
2006-06-11,26.5,32.7,19.5,26.6,33.7,44,0.0,0.0,0.0,0.0,4.02,8.1
2006-06-12,28.4,34.5,21.6,29.5,35.9,52,0.0,0.0,0.0,0.0,4.52,9.4
2006-06-13,28.5,32.6,25.3,31.8,36.1,65,0.2,0.2,0.0,1.0,4.1,8.6
2006-06-14,25.3,28.7,23.6,27.6,29.8,72,0.1,0.1,0.0,1.0,4.22,8.9
2006-06-15,26.4,31.1,21.5,28.5,32.9,64,0.0,0.0,0.0,0.0,4.11,8.3
2006-06-16,28.2,32.0,24.6,31.6,35.8,67,0.0,0.0,0.0,0.0,4.42,8.8
2006-06-17,29.9,34.4,24.3,34.4,38.5,66,0.0,0.0,0.0,0.0,2.47,6.1
2006-06-18,30.6,35.8,24.5,35.2,42.1,63,0.0,0.0,0.0,0.0,2.82,5.5
2006-06-19,31.9,36.8,27.1,35.9,40.4,59,0.0,0.0,0.0,0.0,4.31,9.1
2006-06-20,32.7,37.4,27.4,37.1,41.3,59,0.0,0.0,0.0,0.0,3.8,9.0
2006-06-21,31.7,36.5,27.6,37.1,43.6,66,7.1,7.1,0.0,5.0,3.47,7.7
2006-06-22,28.7,32.8,26.4,34.7,39.6,79,4.3,4.3,0.0,11.0,2.83,8.4
2006-06-23,26.4,28.7,25.2,31.0,33.5,84,4.3,4.3,0.0,12.0,4.2,10.6
2006-06-24,25.1,27.8,23.6,29.4,31.8,86,14.0,14.0,0.0,18.0,2.78,7.7
2006-06-25,27.8,32.1,23.3,32.3,38.0,72,0.0,0.0,0.0,0.0,4.05,7.7
2006-06-26,29.7,34.3,25.8,34.3,39.3,71,0.2,0.2,0.0,1.0,4.28,7.8
2006-06-27,29.0,31.6,26.9,33.4,36.5,74,5.9,5.9,0.0,6.0,4.42,9.7
2006-06-28,30.0,33.5,25.8,34.0,38.7,70,0.9,0.9,0.0,4.0,5.1,10.0
2006-06-29,29.0,31.4,27.6,32.5,36.2,72,0.0,0.0,0.0,0.0,6.04,14.5
2006-06-30,30.7,33.9,28.0,34.0,38.5,66,0.0,0.0,0.0,0.0,6.02,12.8
2006-07-01,28.8,30.6,27.9,33.1,35.4,77,7.8,7.8,0.0,13.0,5.13,13.0
2006-07-02,30.9,33.8,27.8,36.0,40.2,71,0.0,0.0,0.0,0.0,4.6,10.0
2006-07-03,32.3,35.9,29.2,36.2,40.1,64,0.0,0.0,0.0,0.0,6.96,13.6
2006-07-04,30.5,34.5,26.1,35.4,38.6,70,0.6,0.6,0.0,2.0,4.39,13.5
2006-07-05,24.7,26.1,23.6,28.8,30.6,89,48.1,48.1,0.0,17.0,4.16,11.3
2006-07-06,27.5,31.3,24.1,32.9,37.4,83,4.0,4.0,0.0,9.0,2.85,7.1
2006-07-07,28.5,31.1,26.0,34.2,36.7,82,0.6,0.6,0.0,4.0,3.89,6.7
2006-07-08,28.0,31.5,25.8,33.4,37.7,83,2.1,2.1,0.0,8.0,3.3,6.8
2006-07-09,28.1,30.8,26.5,33.7,36.8,85,8.2,8.2,0.0,8.0,3.37,6.0
2006-07-10,28.1,30.6,26.3,34.5,38.4,87,23.1,23.1,0.0,17.0,2.61,6.4
2006-07-11,29.0,31.2,27.2,35.4,37.4,85,2.6,2.6,0.0,9.0,3.0,7.1
2006-07-12,31.4,35.8,27.5,38.7,43.6,77,0.3,0.3,0.0,1.0,2.82,5.8
2006-07-13,31.5,34.7,29.0,37.4,41.3,75,0.0,0.0,0.0,0.0,5.94,10.6
2006-07-14,30.1,33.0,27.7,33.5,36.5,74,0.2,0.2,0.0,1.0,8.19,14.9
2006-07-15,29.3,30.7,27.9,33.1,35.3,78,2.5,2.5,0.0,7.0,6.67,13.9
2006-07-16,27.5,29.1,26.7,31.8,32.8,85,9.0,9.0,0.0,17.0,4.99,10.3
2006-07-17,29.0,31.8,26.3,32.9,35.9,76,2.0,2.0,0.0,7.0,5.75,12.7
2006-07-18,30.8,33.9,28.1,35.4,39.6,72,0.5,0.5,0.0,2.0,4.94,11.3
2006-07-19,31.4,34.5,29.0,37.9,42.1,75,2.2,2.2,0.0,6.0,3.98,11.4
2006-07-20,30.5,32.4,28.6,37.6,39.9,81,0.9,0.9,0.0,7.0,2.79,6.9
2006-07-21,31.1,34.1,29.1,38.3,42.1,78,3.1,3.1,0.0,3.0,2.51,8.0
2006-07-22,28.0,29.3,26.3,34.4,36.6,87,17.9,17.9,0.0,17.0,2.92,9.6
2006-07-23,24.3,26.2,23.3,27.9,32.0,88,7.0,7.0,0.0,11.0,4.62,9.0
2006-07-24,24.7,27.8,22.9,28.0,31.0,83,2.3,2.3,0.0,5.0,4.1,8.1
2006-07-25,26.3,29.5,24.5,30.2,33.7,83,2.5,2.5,0.0,1.0,4.35,9.6
2006-07-26,27.0,30.0,25.3,31.2,35.0,87,6.9,6.9,0.0,11.0,5.81,10.6
2006-07-27,28.4,32.3,25.6,34.0,38.7,82,3.3,3.3,0.0,6.0,3.41,7.7
2006-07-28,29.4,32.5,26.8,34.5,37.4,76,0.0,0.0,0.0,0.0,4.7,9.2
2006-07-29,30.4,34.4,27.1,35.2,39.4,70,0.1,0.1,0.0,1.0,4.8,10.2
2006-07-30,31.7,35.6,27.0,37.1,41.2,68,0.0,0.0,0.0,0.0,4.5,9.0
2006-07-31,31.9,35.9,28.6,36.5,41.1,64,0.0,0.0,0.0,0.0,4.7,9.4
2006-08-01,29.4,33.1,25.4,34.0,38.4,71,0.0,0.0,0.0,0.0,3.01,7.9
2006-08-02,28.9,32.6,25.2,34.6,39.2,77,1.8,1.8,0.0,9.0,2.56,6.6
2006-08-03,30.0,32.9,27.5,35.5,39.7,70,0.3,0.3,0.0,1.0,2.97,8.5
2006-08-04,29.7,33.5,26.5,34.1,39.2,69,0.2,0.2,0.0,1.0,3.91,8.3
2006-08-05,29.7,33.9,26.9,35.1,40.9,73,0.5,0.5,0.0,1.0,3.91,6.8
2006-08-06,28.1,32.1,25.5,33.8,39.3,79,7.7,7.7,0.0,11.0,2.9,8.3
2006-08-07,28.0,32.2,25.1,33.3,38.4,81,1.9,1.9,0.0,6.0,2.72,6.5
2006-08-08,29.2,33.2,25.6,34.4,40.1,75,0.5,0.5,0.0,2.0,3.3,7.4
2006-08-09,30.0,34.0,26.4,34.5,39.2,70,0.0,0.0,0.0,0.0,4.22,9.2
2006-08-10,30.1,34.0,26.7,34.4,38.0,71,0.0,0.0,0.0,0.0,4.84,10.1
2006-08-11,31.0,34.8,27.7,35.2,38.3,70,0.0,0.0,0.0,0.0,6.51,12.7
2006-08-12,31.9,36.3,27.8,36.6,40.6,65,0.0,0.0,0.0,0.0,5.41,12.2
2006-08-13,33.0,37.0,29.0,38.2,42.7,59,0.0,0.0,0.0,0.0,2.24,6.3
2006-08-14,34.1,38.3,29.7,39.7,44.3,56,0.0,0.0,0.0,0.0,1.84,6.2
2006-08-15,32.9,38.4,28.7,38.9,45.5,64,6.1,6.1,0.0,6.0,2.64,6.5
2006-08-16,29.8,33.5,27.6,36.0,40.4,78,9.7,9.7,0.0,7.0,3.18,7.8
2006-08-17,29.9,34.4,27.2,34.2,37.8,69,0.2,0.2,0.0,1.0,4.89,9.7
2006-08-18,27.9,32.7,24.0,30.1,33.6,60,0.0,0.0,0.0,0.0,4.43,9.5
2006-08-19,27.2,32.9,22.2,28.7,34.7,55,0.0,0.0,0.0,0.0,3.21,7.7
2006-08-20,27.3,32.3,22.0,29.3,33.4,59,0.0,0.0,0.0,0.0,3.82,8.6
2006-08-21,28.7,33.7,24.9,31.5,36.4,60,0.0,0.0,0.0,0.0,3.75,8.2
2006-08-22,28.6,32.8,24.9,32.3,36.2,70,0.5,0.5,0.0,3.0,4.0,8.3
2006-08-23,28.7,31.9,26.4,33.5,36.2,76,3.6,3.6,0.0,11.0,2.92,7.2
2006-08-24,29.0,32.7,26.4,34.1,37.1,76,1.1,1.1,0.0,4.0,3.31,8.5
2006-08-25,29.5,34.5,26.5,34.4,38.7,73,2.5,2.5,0.0,6.0,2.75,8.3
2006-08-26,29.4,33.7,27.1,34.4,38.4,76,10.3,10.3,0.0,7.0,4.49,11.1
2006-08-27,30.8,34.6,27.1,36.4,40.6,69,0.0,0.0,0.0,0.0,2.33,7.0
2006-08-28,32.3,37.0,28.4,37.1,41.3,63,0.1,0.1,0.0,1.0,3.93,8.6
2006-08-29,32.7,37.0,29.5,37.6,42.4,61,0.0,0.0,0.0,0.0,3.6,9.5
2006-08-30,30.0,34.6,27.0,36.2,42.0,76,1.2,1.2,0.0,4.0,2.69,7.3
2006-08-31,30.7,35.6,27.3,36.9,42.7,75,1.8,1.8,0.0,6.0,2.6,9.0
2006-09-01,28.5,31.8,26.3,34.1,38.2,81,1.9,1.9,0.0,4.0,3.24,8.5
2006-09-02,27.9,30.3,26.4,32.8,34.6,79,0.7,0.7,0.0,2.0,3.54,7.9
2006-09-03,28.4,31.3,25.7,32.8,35.4,75,0.0,0.0,0.0,0.0,3.34,7.1
2006-09-04,27.5,30.8,23.6,31.1,33.9,76,0.7,0.7,0.0,3.0,5.8,10.0
2006-09-05,18.4,23.6,15.9,18.2,25.3,88,7.7,7.7,0.0,14.0,6.02,10.5
2006-09-06,20.1,24.2,16.7,20.7,26.5,69,0.0,0.0,0.0,0.0,2.91,6.8
2006-09-07,22.6,27.1,18.1,23.9,28.7,72,0.0,0.0,0.0,0.0,3.38,7.4
2006-09-08,21.6,24.1,19.2,23.0,25.7,82,5.5,5.5,0.0,9.0,4.47,9.3
2006-09-09,20.4,24.6,17.4,19.2,22.6,62,8.3,8.3,0.0,7.0,5.26,10.8
2006-09-10,20.2,25.2,14.7,19.7,24.6,56,0.0,0.0,0.0,0.0,2.91,7.0
2006-09-11,19.5,21.5,17.4,19.1,19.8,69,0.0,0.0,0.0,0.0,4.55,8.9
2006-09-12,19.8,23.4,16.0,20.2,23.4,73,0.0,0.0,0.0,0.0,4.57,10.0
2006-09-13,22.9,26.9,19.6,23.9,27.3,67,0.2,0.2,0.0,1.0,3.72,8.3
2006-09-14,22.3,24.1,21.0,24.4,26.6,82,0.5,0.5,0.0,4.0,3.18,6.6
2006-09-15,19.7,20.8,18.5,20.9,23.4,91,30.5,30.5,0.0,18.0,4.61,8.4
2006-09-16,21.2,25.9,18.5,22.8,27.0,80,0.0,0.0,0.0,0.0,2.71,7.0
2006-09-17,21.9,27.9,17.4,23.5,30.1,77,0.4,0.4,0.0,2.0,3.4,9.9
2006-09-18,22.1,29.2,17.1,23.1,29.8,69,0.0,0.0,0.0,0.0,2.57,6.2
2006-09-19,22.4,28.0,17.9,23.6,29.1,67,0.0,0.0,0.0,0.0,2.42,4.5
2006-09-20,23.0,28.3,18.6,24.4,30.3,69,0.0,0.0,0.0,0.0,2.7,6.0
2006-09-21,23.3,28.4,18.8,24.8,30.1,70,0.0,0.0,0.0,0.0,3.11,7.1
2006-09-22,23.6,28.6,19.5,24.7,29.7,65,0.0,0.0,0.0,0.0,3.4,7.7
2006-09-23,23.4,27.8,20.3,24.2,27.8,69,0.0,0.0,0.0,0.0,4.13,8.9
2006-09-24,23.4,28.4,19.5,24.2,28.9,67,0.0,0.0,0.0,0.0,4.39,9.5
2006-09-25,23.6,29.2,19.2,23.7,29.3,59,0.0,0.0,0.0,0.0,3.44,8.6
2006-09-26,23.4,28.5,19.2,24.2,29.3,65,0.0,0.0,0.0,0.0,3.32,7.6
2006-09-27,23.6,28.6,20.0,24.4,29.2,66,0.0,0.0,0.0,0.0,3.71,8.8
2006-09-28,22.3,25.0,20.5,23.3,25.5,73,0.0,0.0,0.0,0.0,3.88,9.2
2006-09-29,20.0,21.8,18.5,20.8,22.8,84,9.8,9.8,0.0,15.0,4.18,8.5
2006-09-30,17.9,18.9,16.7,18.6,20.3,92,15.5,15.5,0.0,21.0,3.75,8.3
2006-10-01,19.7,23.6,17.3,20.2,24.1,76,0.1,0.1,0.0,1.0,3.32,7.5
2006-10-02,21.2,26.1,16.5,22.2,26.0,71,0.0,0.0,0.0,0.0,2.44,6.9
2006-10-03,21.2,26.1,16.4,22.5,27.2,75,0.0,0.0,0.0,0.0,2.14,6.6
2006-10-04,22.1,27.8,17.9,23.5,29.0,73,0.0,0.0,0.0,0.0,2.42,6.3
2006-10-05,22.1,28.8,16.8,23.2,29.7,66,0.0,0.0,0.0,0.0,1.72,4.8
2006-10-06,23.1,29.4,18.3,23.8,29.9,60,0.0,0.0,0.0,0.0,2.44,5.4
2006-10-07,23.1,27.2,18.5,23.6,27.1,60,0.0,0.0,0.0,0.0,2.88,7.3
2006-10-08,23.7,28.2,19.9,24.9,29.5,59,0.0,0.0,0.0,0.0,1.77,5.6
2006-10-09,22.8,29.4,18.4,23.5,30.5,61,0.0,0.0,0.0,0.0,2.73,4.8
2006-10-10,23.3,28.1,20.3,24.5,29.3,64,0.0,0.0,0.0,0.0,2.28,5.5
2006-10-11,24.0,29.1,20.5,25.8,31.2,66,0.0,0.0,0.0,0.0,2.32,5.8
2006-10-12,23.0,28.1,19.0,23.9,28.1,71,0.0,0.0,0.0,0.0,4.2,8.7
2006-10-13,23.1,27.3,20.5,24.5,28.8,71,0.0,0.0,0.0,0.0,3.56,7.4
2006-10-14,22.7,28.1,19.1,24.3,29.9,72,0.0,0.0,0.0,0.0,2.51,6.1
2006-10-15,22.8,28.5,18.0,23.5,29.1,67,0.0,0.0,0.0,0.0,3.55,7.8
2006-10-16,23.6,30.1,18.8,24.8,31.5,68,0.0,0.0,0.0,0.0,3.18,6.9
2006-10-17,21.6,22.8,20.2,24.1,25.1,87,15.8,15.8,0.0,14.0,2.94,6.4
2006-10-18,22.2,25.3,19.1,24.1,27.3,81,0.0,0.0,0.0,0.0,3.68,7.8
2006-10-19,22.0,24.2,20.4,24.4,26.4,85,0.5,0.5,0.0,2.0,2.82,7.5
2006-10-20,21.9,24.8,19.5,23.0,24.9,78,0.0,0.0,0.0,0.0,4.22,8.8
2006-10-21,21.5,23.6,19.3,23.2,26.3,82,4.8,4.8,0.0,9.0,4.49,8.8
2006-10-22,21.8,25.1,18.0,22.9,25.9,77,2.7,2.7,0.0,6.0,5.05,9.3
2006-10-23,16.4,20.4,13.2,14.1,18.6,57,0.0,0.0,0.0,0.0,4.75,8.8
2006-10-24,16.3,20.8,12.5,15.4,20.3,68,0.1,0.1,0.0,1.0,2.97,7.1
2006-10-25,17.1,19.0,15.9,16.5,18.5,72,0.4,0.4,0.0,2.0,3.72,7.2
2006-10-26,15.5,17.4,13.2,14.7,15.9,81,3.2,3.2,0.0,7.0,4.08,8.7
2006-10-27,15.8,19.9,11.8,15.3,19.6,77,0.0,0.0,0.0,0.0,2.91,7.2
2006-10-28,18.7,23.3,15.5,18.6,22.6,69,0.0,0.0,0.0,0.0,2.64,6.4
2006-10-29,17.8,23.9,12.6,17.4,23.5,70,0.0,0.0,0.0,0.0,2.73,6.3
2006-10-30,18.0,23.4,14.4,17.7,23.3,72,0.0,0.0,0.0,0.0,3.34,7.7
2006-10-31,18.2,23.6,13.5,18.4,24.2,71,0.0,0.0,0.0,0.0,1.81,4.1
2006-11-01,17.9,25.3,13.3,16.7,23.5,62,0.0,0.0,0.0,0.0,2.85,6.7
2006-11-02,16.3,24.7,10.1,15.2,23.7,62,0.0,0.0,0.0,0.0,2.66,4.1
2006-11-03,18.6,26.6,12.4,16.8,24.3,53,0.0,0.0,0.0,0.0,3.8,6.6
2006-11-04,19.2,28.7,12.3,17.7,25.9,57,0.0,0.0,0.0,0.0,4.02,8.6
2006-11-05,16.8,20.4,13.2,15.1,17.8,60,0.0,0.0,0.0,0.0,4.08,8.6
2006-11-06,14.6,20.5,9.9,11.5,16.8,45,0.0,0.0,0.0,0.0,3.74,8.4
2006-11-07,14.5,22.1,7.6,11.1,17.7,47,0.0,0.0,0.0,0.0,4.39,9.5
2006-11-08,18.3,26.2,12.9,15.2,22.7,46,0.0,0.0,0.0,0.0,4.97,10.0
2006-11-09,17.7,26.6,11.4,16.3,25.1,59,0.0,0.0,0.0,0.0,2.82,5.3
2006-11-10,19.3,24.3,16.2,18.4,23.9,57,0.0,0.0,0.0,0.0,4.2,8.1
2006-11-11,13.9,18.7,8.1,10.7,14.1,50,0.0,0.0,0.0,0.0,4.27,9.5
2006-11-12,12.6,18.3,7.1,9.2,14.1,51,0.0,0.0,0.0,0.0,3.69,8.3
2006-11-13,14.7,19.5,11.3,12.4,17.3,54,0.1,0.1,0.0,1.0,3.94,7.3
2006-11-14,11.6,16.5,7.0,8.3,12.7,54,0.0,0.0,0.0,0.0,4.3,8.2
2006-11-15,12.1,17.7,6.8,9.6,15.0,53,0.7,0.7,0.0,3.0,2.15,5.6
2006-11-16,12.6,14.3,11.5,11.4,13.1,74,0.7,0.7,0.0,2.0,1.97,5.4
2006-11-17,12.0,13.3,9.1,10.9,13.0,87,10.2,10.2,0.0,9.0,2.75,6.8
2006-11-18,13.0,13.3,12.7,12.1,13.0,95,3.9,3.9,0.0,18.0,4.43,8.9
2006-11-19,11.9,12.8,9.3,10.6,12.1,88,1.9,1.9,0.0,11.0,4.09,8.5
2006-11-20,11.7,14.9,8.4,10.4,13.9,86,0.0,0.0,0.0,0.0,3.22,7.6
2006-11-21,13.5,16.2,11.2,12.8,15.5,82,0.0,0.0,0.0,0.0,3.2,6.4
2006-11-22,13.1,13.8,10.9,10.6,12.6,91,26.6,26.6,0.0,21.0,7.71,16.6
2006-11-23,8.9,10.8,6.7,5.5,7.0,87,3.2,3.2,0.0,8.0,6.86,14.0
2006-11-24,8.1,10.3,6.2,5.9,9.4,92,6.3,6.3,0.0,14.0,3.41,7.0
2006-11-25,10.4,11.6,8.3,9.3,10.8,96,9.7,9.7,0.0,17.0,4.52,8.5
2006-11-26,7.3,8.7,6.7,4.7,6.7,94,6.1,6.1,0.0,9.0,4.33,8.8
2006-11-27,9.0,9.6,7.7,6.5,7.0,88,1.4,1.4,0.0,6.0,4.4,8.1
2006-11-28,7.7,10.7,5.6,5.1,8.6,73,0.0,0.0,0.0,0.0,3.16,5.4
2006-11-29,6.5,8.3,3.7,4.0,6.0,80,0.5,0.5,0.0,3.0,2.51,5.1
2006-11-30,6.2,10.5,1.9,4.2,8.7,86,0.0,0.0,0.0,0.0,2.06,4.5
2006-12-01,7.4,14.3,1.8,4.7,11.2,77,0.0,0.0,0.0,0.0,2.75,6.9
2006-12-02,6.2,10.2,3.3,2.3,5.9,60,0.0,0.0,0.0,0.0,3.33,7.7
2006-12-03,4.5,7.8,1.8,0.6,3.5,55,0.0,0.0,0.0,0.0,2.69,6.7
2006-12-04,4.9,7.7,1.8,1.2,4.3,60,0.0,0.0,0.0,0.0,3.24,7.6
2006-12-05,6.7,10.6,2.9,3.8,7.3,71,1.5,1.5,0.0,3.0,2.82,5.6
2006-12-06,8.9,10.8,7.2,7.2,9.7,88,6.3,6.3,0.0,11.0,2.62,5.7
2006-12-07,6.5,9.0,5.1,3.3,6.9,95,5.0,5.0,0.0,12.0,4.6,8.7
2006-12-08,3.0,4.9,1.2,-0.7,1.4,95,11.5,10.7,0.56,21.0,4.37,8.3
2006-12-09,2.7,3.8,1.4,-1.0,0.2,82,0.0,0.0,0.0,0.0,3.89,7.3
2006-12-10,2.1,6.0,-2.0,-1.1,2.9,81,0.0,0.0,0.0,0.0,2.56,5.3
2006-12-11,5.1,8.7,2.3,2.4,6.3,79,0.0,0.0,0.0,0.0,2.22,5.0
2006-12-12,5.3,9.0,1.2,2.8,6.2,84,0.0,0.0,0.0,0.0,2.56,5.7
2006-12-13,7.8,12.1,3.3,5.3,9.7,79,0.0,0.0,0.0,0.0,3.38,7.0
2006-12-14,7.0,12.9,2.7,4.2,10.0,71,0.0,0.0,0.0,0.0,2.61,5.1
2006-12-15,7.6,14.3,2.5,4.2,9.6,67,0.0,0.0,0.0,0.0,5.16,10.1
2006-12-16,6.5,10.0,1.4,1.6,3.3,46,0.0,0.0,0.0,0.0,7.45,14.8
2006-12-17,2.1,6.4,-0.3,-2.3,2.1,43,0.0,0.0,0.0,0.0,3.26,6.7
2006-12-18,2.8,8.2,-1.4,-1.5,3.7,55,0.0,0.0,0.0,0.0,3.61,7.6
2006-12-19,5.9,12.5,1.6,2.9,9.6,62,0.0,0.0,0.0,0.0,2.86,3.6
2006-12-20,6.4,13.2,2.4,3.4,10.5,64,0.0,0.0,0.0,0.0,2.58,3.8
2006-12-21,5.9,13.4,0.9,2.8,10.5,69,0.0,0.0,0.0,0.0,2.92,4.8
2006-12-22,6.8,14.8,1.3,3.4,11.0,65,0.0,0.0,0.0,0.0,3.18,5.6
2006-12-23,7.6,14.8,1.7,4.1,11.0,59,0.0,0.0,0.0,0.0,3.04,6.3
2006-12-24,6.6,10.9,2.8,3.8,8.6,71,0.0,0.0,0.0,0.0,2.45,5.0
2006-12-25,3.9,8.8,0.3,1.4,6.6,91,0.0,0.0,0.0,0.0,2.82,5.0
2006-12-26,5.3,7.6,2.9,3.4,6.3,95,0.0,0.0,0.0,0.0,2.88,3.7
2006-12-27,5.1,5.9,4.0,1.9,3.1,86,0.0,0.0,0.0,0.0,3.92,7.3
2006-12-28,3.0,6.0,-0.8,-1.3,1.1,56,0.0,0.0,0.0,0.0,3.89,8.1
2006-12-29,0.9,5.4,-2.9,-3.5,0.4,56,0.0,0.0,0.0,0.0,3.79,8.5
2006-12-30,2.8,5.1,0.1,-0.5,2.3,76,0.0,0.0,0.0,0.0,3.74,6.8
2006-12-31,4.2,6.1,2.7,1.2,3.8,81,3.4,3.4,0.0,5.0,3.62,6.5
2007-01-01,3.8,4.5,2.8,0.5,1.4,90,1.6,1.6,0.0,8.0,3.76,7.1
2007-01-02,3.0,3.9,1.9,-0.4,0.6,92,9.3,9.2,0.07,22.0,3.54,7.3
2007-01-03,3.1,4.5,0.9,-0.5,1.3,83,1.7,1.5,0.14,6.0,3.64,8.2
2007-01-04,3.1,5.2,0.3,-0.1,1.9,79,0.0,0.0,0.0,0.0,2.8,5.7
2007-01-05,3.0,8.2,-0.9,-0.5,3.9,75,0.0,0.0,0.0,0.0,3.86,7.6
2007-01-06,3.0,6.0,0.4,-2.6,-0.1,40,0.0,0.0,0.0,0.0,6.11,11.8
2007-01-07,1.5,6.4,-3.6,-2.6,2.0,46,0.0,0.0,0.0,0.0,2.39,5.7
2007-01-08,1.6,7.0,-3.0,-2.4,2.9,51,0.0,0.0,0.0,0.0,2.5,5.9
2007-01-09,2.5,9.5,-2.1,-1.4,5.7,59,0.0,0.0,0.0,0.0,2.67,6.9
2007-01-10,4.5,11.5,-0.8,0.4,7.0,59,0.0,0.0,0.0,0.0,3.61,7.8
2007-01-11,4.3,7.9,0.3,0.4,4.3,70,0.0,0.0,0.0,0.0,4.11,7.7
2007-01-12,3.3,4.8,2.0,-0.2,1.1,81,3.8,3.8,0.0,11.0,4.13,7.7
2007-01-13,2.4,5.2,0.4,-1.6,1.1,62,0.0,0.0,0.0,0.0,2.77,6.8
2007-01-14,2.2,4.6,0.1,-1.5,0.7,69,0.0,0.0,0.0,0.0,3.71,7.7
2007-01-15,2.6,3.1,2.0,0.1,0.7,89,0.5,0.5,0.0,3.0,1.61,4.1
2007-01-16,2.9,5.1,0.6,-0.1,2.4,87,2.5,2.0,0.35,7.0,2.41,5.6
2007-01-17,3.0,7.4,-0.5,-0.3,4.1,75,0.0,0.0,0.0,0.0,2.16,5.3
2007-01-18,3.0,8.4,-2.1,-0.2,5.6,71,0.0,0.0,0.0,0.0,2.72,4.6
2007-01-19,3.6,7.5,0.6,0.5,4.5,80,0.0,0.0,0.0,0.0,2.41,6.1
2007-01-20,4.2,7.5,0.2,1.1,4.4,85,0.0,0.0,0.0,0.0,3.13,7.0
2007-01-21,6.9,9.3,4.7,3.8,6.3,74,0.0,0.0,0.0,0.0,3.28,7.3
2007-01-22,4.2,5.8,2.3,0.5,2.2,78,0.9,0.9,0.0,6.0,4.62,9.5
2007-01-23,2.9,5.2,-0.4,-0.4,1.7,83,3.8,3.8,0.0,11.0,3.18,6.1
2007-01-24,2.1,7.7,-2.7,-1.1,5.4,75,0.0,0.0,0.0,0.0,2.78,3.9
2007-01-25,3.8,8.8,0.4,0.6,6.1,75,0.0,0.0,0.0,0.0,2.62,5.8
2007-01-26,3.7,6.8,-0.4,-0.4,2.8,60,0.0,0.0,0.0,0.0,4.48,8.2
2007-01-27,3.7,9.9,-1.2,-1.2,3.6,52,0.0,0.0,0.0,0.0,6.91,14.3
2007-01-28,3.0,8.8,-2.1,-1.0,5.3,50,0.0,0.0,0.0,0.0,2.55,5.8
2007-01-29,6.5,14.5,0.2,2.4,10.3,56,0.0,0.0,0.0,0.0,4.71,9.8
2007-01-30,5.9,11.6,1.9,2.2,8.2,58,0.0,0.0,0.0,0.0,2.86,7.3
2007-01-31,6.7,15.0,1.4,2.5,11.5,56,0.0,0.0,0.0,0.0,7.16,13.3
2007-02-01,2.8,8.8,-2.6,-1.0,5.7,48,0.0,0.0,0.0,0.0,2.92,8.1
2007-02-02,4.9,11.8,-1.4,0.7,8.2,50,0.0,0.0,0.0,0.0,3.45,6.8
2007-02-03,8.5,17.6,2.8,4.8,14.3,50,0.0,0.0,0.0,0.0,3.4,7.2
2007-02-04,9.9,17.3,4.5,6.3,13.4,53,0.0,0.0,0.0,0.0,3.99,8.9
2007-02-05,13.6,21.4,8.6,10.5,18.3,49,0.0,0.0,0.0,0.0,3.37,7.1
2007-02-06,13.3,20.8,8.0,11.3,18.7,63,0.0,0.0,0.0,0.0,3.05,6.8
2007-02-07,11.5,13.0,10.0,9.8,11.4,81,7.4,7.4,0.0,16.0,3.7,12.8
2007-02-08,7.7,10.3,6.3,5.2,8.9,93,3.5,3.5,0.0,8.0,4.31,7.7
2007-02-09,8.3,11.7,5.5,6.3,10.1,79,0.2,0.2,0.0,1.0,2.34,5.3
2007-02-10,8.6,14.8,3.1,5.9,12.9,70,0.0,0.0,0.0,0.0,2.72,6.8
2007-02-11,8.2,13.8,3.4,5.2,11.3,65,0.0,0.0,0.0,0.0,3.36,7.9
2007-02-12,12.2,18.1,6.0,9.5,14.9,67,0.0,0.0,0.0,0.0,4.37,9.1
2007-02-13,11.6,13.4,10.1,10.0,12.6,90,17.7,17.7,0.0,21.0,4.16,8.2
2007-02-14,8.6,10.5,4.2,4.9,9.0,57,0.0,0.0,0.0,0.0,5.59,11.4
2007-02-15,5.6,9.0,2.7,1.7,5.2,71,5.8,5.8,0.0,7.0,4.79,10.7
2007-02-16,6.9,7.6,6.2,4.5,5.8,93,4.1,4.1,0.0,11.0,3.49,7.2
2007-02-17,7.2,8.1,6.7,4.5,5.2,91,0.0,0.0,0.0,0.0,4.18,8.3
2007-02-18,7.3,8.7,6.4,5.0,6.7,87,0.0,0.0,0.0,0.0,3.36,6.3
2007-02-19,8.7,11.0,6.3,6.7,8.8,80,0.0,0.0,0.0,0.0,2.22,5.6
2007-02-20,9.7,15.4,6.0,7.8,14.7,76,0.0,0.0,0.0,0.0,3.04,4.7
2007-02-21,10.4,15.4,5.2,8.2,13.3,77,0.0,0.0,0.0,0.0,3.73,8.3
2007-02-22,13.3,18.7,8.4,11.8,17.4,71,1.2,1.2,0.0,4.0,3.26,7.7
2007-02-23,12.4,17.0,7.8,9.6,15.1,71,0.0,0.0,0.0,0.0,7.1,13.2
2007-02-24,10.1,11.8,8.2,7.3,10.2,70,0.0,0.0,0.0,0.0,5.83,12.8
2007-02-25,9.5,14.7,4.7,7.5,13.3,77,0.0,0.0,0.0,0.0,3.2,6.9
2007-02-26,11.0,15.4,7.3,8.2,12.7,71,0.0,0.0,0.0,0.0,4.75,10.4
2007-02-27,11.5,14.5,8.8,8.3,10.6,76,1.0,1.0,0.0,3.0,6.23,12.9
2007-02-28,11.4,13.0,9.8,8.3,10.4,87,13.7,13.7,0.0,16.0,6.62,13.5
2007-03-01,13.0,15.4,11.6,12.3,15.6,89,1.8,1.8,0.0,4.0,3.81,10.2
2007-03-02,13.9,16.7,10.8,13.2,16.0,86,0.0,0.0,0.0,0.0,4.21,8.0
2007-03-03,16.2,19.4,13.7,15.3,19.3,89,16.3,16.3,0.0,7.0,5.8,11.1
2007-03-04,8.8,12.7,6.4,3.9,9.3,73,10.1,10.1,0.0,6.0,7.96,17.2
2007-03-05,5.4,7.5,2.3,0.5,3.3,57,0.0,0.0,0.0,0.0,5.7,11.7
2007-03-06,3.0,5.8,0.1,-1.1,2.8,51,0.0,0.0,0.0,0.0,4.72,8.5
2007-03-07,4.9,9.5,-0.6,2.0,8.4,60,0.0,0.0,0.0,0.0,2.06,5.1
2007-03-08,6.3,9.9,2.3,3.0,6.3,60,0.0,0.0,0.0,0.0,2.53,6.7
2007-03-09,9.3,14.6,3.3,6.6,12.2,64,0.0,0.0,0.0,0.0,3.47,7.9
2007-03-10,9.7,13.8,5.5,6.2,10.6,63,0.0,0.0,0.0,0.0,6.41,12.4
2007-03-11,6.6,10.4,2.3,2.7,7.3,47,0.0,0.0,0.0,0.0,3.49,8.1
2007-03-12,7.8,10.8,4.6,4.6,8.1,62,0.0,0.0,0.0,0.0,3.42,7.5
2007-03-13,11.2,16.2,5.7,8.7,14.2,68,0.0,0.0,0.0,0.0,4.58,9.9
2007-03-14,10.3,12.7,9.3,8.1,9.8,90,9.2,9.2,0.0,19.0,4.37,8.8
2007-03-15,9.0,9.6,7.7,5.7,6.9,91,11.8,11.8,0.0,14.0,7.16,12.0
2007-03-16,7.2,8.0,6.3,3.3,5.3,83,5.7,5.7,0.0,17.0,6.84,13.4
2007-03-17,8.8,11.4,6.4,5.2,8.4,60,0.0,0.0,0.0,0.0,4.75,10.0
2007-03-18,7.8,9.3,5.4,4.4,6.1,64,0.0,0.0,0.0,0.0,4.2,9.5
2007-03-19,8.7,12.5,5.8,5.8,10.2,62,0.0,0.0,0.0,0.0,3.11,8.1
2007-03-20,9.8,15.1,4.5,7.1,12.7,59,0.0,0.0,0.0,0.0,3.44,7.9
2007-03-21,11.1,15.7,5.8,8.6,13.8,66,0.0,0.0,0.0,0.0,3.18,7.0
2007-03-22,13.7,20.2,7.0,11.9,18.7,68,0.0,0.0,0.0,0.0,4.03,8.7
2007-03-23,15.1,16.6,14.1,14.4,17.4,85,12.5,12.5,0.0,15.0,4.39,11.0
2007-03-24,15.9,20.5,12.3,15.7,20.7,82,0.4,0.4,0.0,2.0,3.3,7.2
2007-03-25,16.7,23.3,10.4,16.4,24.4,72,0.0,0.0,0.0,0.0,2.51,5.4
2007-03-26,17.4,21.1,14.4,16.8,20.5,71,1.5,1.5,0.0,6.0,3.25,6.1
2007-03-27,18.7,25.1,12.3,17.9,25.4,62,0.0,0.0,0.0,0.0,3.8,8.6
2007-03-28,20.6,28.0,15.4,19.6,27.0,59,0.0,0.0,0.0,0.0,4.74,9.9
2007-03-29,21.9,30.4,15.1,22.0,30.6,67,0.0,0.0,0.0,0.0,6.09,12.4
2007-03-30,23.4,29.1,18.3,23.2,29.9,67,0.0,0.0,0.0,0.0,6.9,13.4
2007-03-31,20.2,23.3,18.1,20.7,24.0,77,38.3,38.3,0.0,10.0,4.63,9.2
2007-04-01,12.7,19.3,10.3,9.8,17.7,78,26.6,26.6,0.0,14.0,7.85,13.0
2007-04-02,12.0,14.1,7.9,8.6,10.5,58,0.0,0.0,0.0,0.0,6.65,11.8
2007-04-03,9.9,14.8,3.2,7.0,13.2,48,0.0,0.0,0.0,0.0,3.45,6.7
2007-04-04,12.0,17.0,6.0,9.5,15.5,53,0.0,0.0,0.0,0.0,3.33,7.6
2007-04-05,13.4,16.7,11.1,11.4,15.2,67,0.2,0.2,0.0,2.0,3.22,6.9
2007-04-06,14.9,20.6,8.2,13.9,20.4,66,0.0,0.0,0.0,0.0,2.53,4.7
2007-04-07,16.7,21.8,12.4,15.6,20.8,58,0.0,0.0,0.0,0.0,2.16,5.1
2007-04-08,16.2,20.9,12.7,14.0,20.2,48,0.0,0.0,0.0,0.0,3.61,6.8
2007-04-09,15.9,20.2,10.8,13.5,17.2,53,0.0,0.0,0.0,0.0,4.0,8.5
2007-04-10,18.7,23.7,15.7,17.2,23.4,53,0.0,0.0,0.0,0.0,3.82,9.4
2007-04-11,19.6,25.5,13.4,18.3,24.4,59,0.0,0.0,0.0,0.0,5.23,10.4
2007-04-12,21.7,27.8,16.6,20.4,26.7,54,0.0,0.0,0.0,0.0,5.97,12.3
2007-04-13,20.5,25.3,17.3,19.9,25.6,60,0.0,0.0,0.0,0.0,4.12,8.0
2007-04-14,18.1,20.3,16.3,17.5,19.6,74,0.5,0.5,0.0,1.0,3.86,8.2
2007-04-15,17.5,22.5,14.7,17.3,23.1,81,9.1,9.1,0.0,11.0,5.95,12.2
2007-04-16,14.5,18.5,10.6,12.7,17.9,65,0.0,0.0,0.0,0.0,4.02,8.9
2007-04-17,10.3,13.3,6.8,8.0,10.9,80,14.6,14.6,0.0,15.0,4.57,8.3
2007-04-18,12.6,18.5,6.1,10.4,16.9,72,0.0,0.0,0.0,0.0,5.22,10.5
2007-04-19,19.4,25.1,13.1,16.6,22.8,55,0.0,0.0,0.0,0.0,7.2,14.3
2007-04-20,23.6,30.2,16.9,23.9,32.7,58,0.0,0.0,0.0,0.0,4.94,9.5
2007-04-21,23.9,27.7,20.9,26.0,31.2,73,4.7,4.7,0.0,8.0,4.22,9.1
2007-04-22,16.6,22.4,11.7,15.5,24.8,87,51.4,51.4,0.0,20.0,8.09,16.6
2007-04-23,14.4,18.4,9.0,12.4,16.9,62,0.0,0.0,0.0,0.0,4.12,8.3
2007-04-24,16.8,20.8,12.5,16.0,21.3,63,0.0,0.0,0.0,0.0,3.3,6.8
2007-04-25,18.9,24.9,12.3,17.9,23.8,59,0.0,0.0,0.0,0.0,4.24,9.6
2007-04-26,20.2,25.8,14.1,20.2,26.5,62,0.0,0.0,0.0,0.0,3.13,5.0
2007-04-27,20.5,24.4,17.0,21.0,26.5,64,0.0,0.0,0.0,0.0,2.28,6.5
2007-04-28,19.7,23.1,15.8,19.4,21.9,65,0.0,0.0,0.0,0.0,3.6,8.9
2007-04-29,16.9,18.8,15.4,16.4,18.9,86,9.9,9.9,0.0,16.0,4.9,10.1
2007-04-30,18.5,23.1,15.7,17.7,22.1,76,2.1,2.1,0.0,6.0,7.41,15.0
2007-05-01,19.7,23.8,15.7,19.9,25.0,69,0.0,0.0,0.0,0.0,3.96,9.0
2007-05-02,20.7,26.7,12.5,20.8,27.7,64,0.0,0.0,0.0,0.0,3.4,7.1
2007-05-03,22.7,26.9,19.6,23.8,28.2,69,0.7,0.7,0.0,4.0,3.44,8.4
2007-05-04,22.6,26.7,19.0,23.9,29.5,68,0.0,0.0,0.0,0.0,3.1,5.9
2007-05-05,24.0,30.4,17.6,25.2,32.3,64,0.0,0.0,0.0,0.0,5.28,10.0
2007-05-06,21.6,27.1,15.8,20.5,27.4,48,0.0,0.0,0.0,0.0,5.1,10.4
2007-05-07,22.9,29.0,16.8,22.3,28.8,52,0.0,0.0,0.0,0.0,4.69,10.5
2007-05-08,26.2,32.6,18.9,27.6,35.3,59,0.0,0.0,0.0,0.0,4.61,9.4
2007-05-09,22.8,25.9,19.3,24.1,27.9,74,0.4,0.4,0.0,2.0,5.28,11.6
2007-05-10,21.1,25.5,16.7,20.9,26.9,68,0.0,0.0,0.0,0.0,5.12,10.6
2007-05-11,22.4,29.5,17.6,24.0,35.0,76,7.9,7.9,0.0,8.0,6.36,12.9
2007-05-12,18.8,22.6,15.1,18.4,21.8,75,19.8,19.8,0.0,7.0,4.36,8.7
2007-05-13,20.1,25.8,12.7,18.9,25.4,56,0.0,0.0,0.0,0.0,5.01,9.7
2007-05-14,23.4,29.3,16.9,23.8,31.1,63,0.0,0.0,0.0,0.0,4.8,9.7
2007-05-15,21.7,24.5,18.8,22.0,25.2,69,1.2,1.2,0.0,5.0,4.52,8.0
2007-05-16,22.2,28.3,17.5,22.1,27.1,67,0.0,0.0,0.0,0.0,7.04,13.6
2007-05-17,24.8,31.5,18.3,25.0,31.9,59,0.0,0.0,0.0,0.0,6.74,13.3
2007-05-18,23.4,27.4,17.3,22.4,26.2,47,0.0,0.0,0.0,0.0,5.1,10.8
2007-05-19,21.2,27.0,13.6,20.2,27.4,48,0.0,0.0,0.0,0.0,3.05,6.7
2007-05-20,25.7,31.5,19.6,26.6,34.5,57,0.0,0.0,0.0,0.0,4.65,9.5
2007-05-21,27.1,31.7,22.1,29.7,35.3,66,0.0,0.0,0.0,0.0,4.54,10.2
2007-05-22,28.4,32.9,24.0,30.6,34.9,63,0.0,0.0,0.0,0.0,6.46,12.5
2007-05-23,27.0,28.5,24.8,30.6,32.1,78,3.7,3.7,0.0,10.0,5.32,10.5
2007-05-24,22.6,24.5,21.2,25.1,29.5,88,13.5,13.5,0.0,17.0,6.24,11.9
2007-05-25,26.1,31.8,20.1,28.5,35.4,64,0.0,0.0,0.0,0.0,1.96,4.5
2007-05-26,27.5,31.7,23.2,30.3,35.0,61,0.0,0.0,0.0,0.0,2.52,7.9
2007-05-27,28.4,33.4,23.2,31.8,38.0,63,0.0,0.0,0.0,0.0,2.31,5.2
2007-05-28,28.6,33.2,23.3,32.3,37.3,67,0.0,0.0,0.0,0.0,3.22,7.4
2007-05-29,28.7,33.6,24.2,32.2,37.6,65,0.0,0.0,0.0,0.0,3.53,7.7
2007-05-30,27.9,32.2,23.8,29.7,33.8,62,0.0,0.0,0.0,0.0,5.68,11.6
2007-05-31,23.3,25.8,21.6,25.7,29.2,88,62.3,62.3,0.0,20.0,5.74,14.4
2007-06-01,22.3,23.4,20.7,24.3,27.6,86,7.5,7.5,0.0,14.0,4.89,10.1
2007-06-02,20.9,21.8,20.2,22.3,23.4,85,0.6,0.6,0.0,3.0,4.28,8.2
2007-06-03,22.9,25.6,20.1,24.4,27.3,77,0.0,0.0,0.0,0.0,4.15,8.1
2007-06-04,23.5,26.5,21.4,25.3,28.3,79,0.1,0.1,0.0,1.0,5.4,10.4
2007-06-05,23.9,28.7,20.6,26.0,30.5,75,0.0,0.0,0.0,0.0,3.14,7.9
2007-06-06,25.4,29.8,21.1,28.1,33.7,73,0.0,0.0,0.0,0.0,3.45,8.1
2007-06-07,26.4,31.2,21.6,29.4,35.4,71,0.0,0.0,0.0,0.0,3.63,8.1
2007-06-08,27.4,32.3,22.8,30.5,35.5,69,0.0,0.0,0.0,0.0,4.1,8.8
2007-06-09,27.5,31.7,23.8,30.1,33.4,65,0.0,0.0,0.0,0.0,3.81,7.6
2007-06-10,24.5,26.3,22.9,25.6,27.3,70,0.0,0.0,0.0,0.0,4.92,10.1
2007-06-11,25.3,30.1,21.0,27.1,32.9,69,0.0,0.0,0.0,0.0,4.33,9.9
2007-06-12,22.9,24.4,21.2,24.8,26.2,81,9.2,9.2,0.0,13.0,4.39,9.3
2007-06-13,21.3,22.6,19.9,23.3,25.5,88,7.0,7.0,0.0,16.0,3.8,7.5
2007-06-14,21.9,24.5,20.0,23.6,26.1,83,0.3,0.3,0.0,1.0,4.25,9.2
2007-06-15,23.5,27.7,18.3,26.5,31.8,77,0.6,0.6,0.0,2.0,2.0,6.9
2007-06-16,24.3,27.7,21.2,26.6,30.9,76,0.0,0.0,0.0,0.0,3.9,7.1
2007-06-17,24.3,27.5,20.6,26.1,29.1,74,0.0,0.0,0.0,0.0,3.83,7.9
2007-06-18,25.4,29.0,21.6,27.4,31.4,73,0.0,0.0,0.0,0.0,4.44,9.8
2007-06-19,25.9,28.0,24.2,29.7,32.2,85,7.3,7.3,0.0,11.0,4.25,9.7
2007-06-20,25.1,26.3,23.9,29.9,31.4,92,28.7,28.7,0.0,22.0,3.41,6.3
2007-06-21,24.8,27.1,22.7,27.9,30.3,81,0.3,0.3,0.0,2.0,3.36,7.7
2007-06-22,26.7,29.8,23.5,31.6,35.3,81,5.7,5.7,0.0,5.0,2.0,5.1
2007-06-23,25.6,27.6,23.7,30.3,31.7,89,7.7,7.7,0.0,10.0,4.07,10.6
2007-06-24,27.5,32.5,22.8,32.3,38.0,79,0.0,0.0,0.0,0.0,3.54,7.0
2007-06-25,28.3,32.8,23.8,33.4,38.7,76,0.0,0.0,0.0,0.0,3.74,7.2
2007-06-26,27.6,29.3,26.4,32.1,35.0,84,21.5,21.5,0.0,15.0,4.71,8.6
2007-06-27,28.4,31.6,26.2,33.5,36.0,83,5.5,5.5,0.0,11.0,5.23,12.9
2007-06-28,27.0,29.0,25.3,32.1,34.3,88,13.1,13.1,0.0,12.0,3.18,8.4
2007-06-29,29.4,33.5,25.6,34.7,40.5,78,1.0,1.0,0.0,4.0,4.18,8.5
2007-06-30,28.8,30.8,28.1,32.7,34.3,76,0.1,0.1,0.0,1.0,5.66,13.0
2007-07-01,27.5,28.8,26.3,32.2,33.5,83,15.9,15.9,0.0,16.0,5.32,12.1
2007-07-02,26.6,28.7,24.7,32.2,34.4,88,14.1,14.1,0.0,15.0,2.64,7.7
2007-07-03,28.1,31.3,25.7,33.5,37.0,85,4.8,4.8,0.0,9.0,5.09,14.5
2007-07-04,27.0,29.4,24.8,32.2,35.0,86,4.8,4.8,0.0,11.0,3.55,9.6
2007-07-05,29.8,32.5,27.2,34.4,37.6,77,0.0,0.0,0.0,0.0,5.36,12.0
2007-07-06,29.4,32.0,27.6,35.0,38.7,77,7.1,7.1,0.0,4.0,4.25,10.8
2007-07-07,29.5,32.4,26.6,36.1,39.2,84,5.7,5.7,0.0,6.0,3.26,11.6
2007-07-08,28.2,30.5,26.4,34.4,37.2,87,10.3,10.3,0.0,7.0,3.7,10.0
2007-07-09,27.0,28.4,25.0,32.5,33.9,88,8.4,8.4,0.0,11.0,3.08,8.3
2007-07-10,27.5,31.8,24.5,33.2,39.4,83,0.2,0.2,0.0,1.0,2.06,5.9
2007-07-11,28.9,32.4,25.2,34.9,39.4,81,0.0,0.0,0.0,0.0,3.11,6.2
2007-07-12,29.1,31.8,26.6,34.5,37.6,81,0.0,0.0,0.0,0.0,4.65,8.9
2007-07-13,27.4,29.2,26.0,31.8,34.4,85,1.1,1.1,0.0,7.0,5.28,9.4
2007-07-14,25.8,26.8,25.1,30.2,31.4,90,11.1,11.1,0.0,14.0,4.4,10.5
2007-07-15,25.8,27.8,24.4,29.3,30.7,82,1.0,1.0,0.0,5.0,5.86,12.6
2007-07-16,27.9,32.5,23.5,32.7,38.4,79,0.9,0.9,0.0,2.0,4.22,8.5
2007-07-17,30.3,34.5,26.4,35.4,40.7,77,2.0,2.0,0.0,5.0,5.1,10.0
2007-07-18,31.7,35.0,29.1,36.4,40.1,71,0.0,0.0,0.0,0.0,6.48,12.3
2007-07-19,30.9,33.2,28.4,36.7,40.5,75,6.0,6.0,0.0,6.0,4.85,11.9
2007-07-20,29.5,33.1,25.4,36.5,40.7,84,18.5,18.5,0.0,8.0,2.91,10.9
2007-07-21,25.2,26.7,22.6,29.4,31.2,86,0.0,0.0,0.0,0.0,3.67,6.5
2007-07-22,26.3,29.9,24.3,31.6,37.7,86,9.7,9.7,0.0,10.0,2.75,8.6
2007-07-23,25.6,27.0,24.4,30.8,31.9,89,15.4,15.4,0.0,17.0,2.86,9.5
2007-07-24,26.6,29.5,23.5,32.3,35.9,87,11.0,11.0,0.0,15.0,2.19,9.8
2007-07-25,29.3,34.6,25.7,36.1,43.4,82,0.4,0.4,0.0,2.0,2.72,9.3
2007-07-26,29.1,33.4,25.3,35.3,41.8,79,0.6,0.6,0.0,1.0,2.94,6.9
2007-07-27,29.9,34.7,25.2,35.7,42.2,74,0.0,0.0,0.0,0.0,2.88,6.4
2007-07-28,31.2,35.9,27.9,37.5,43.8,73,0.0,0.0,0.0,0.0,3.3,7.5
2007-07-29,31.4,36.6,27.3,37.3,44.1,69,0.3,0.3,0.0,1.0,2.7,6.3
2007-07-30,31.1,36.2,26.6,37.2,44.1,71,0.0,0.0,0.0,0.0,2.41,6.3
2007-07-31,32.0,36.6,27.6,38.2,43.7,70,0.9,0.9,0.0,3.0,4.03,8.1
2007-08-01,32.5,36.4,28.5,38.9,43.3,70,0.0,0.0,0.0,0.0,3.42,9.3
2007-08-02,30.5,35.4,25.5,36.8,44.0,75,8.7,8.7,0.0,4.0,4.14,8.0
2007-08-03,26.9,28.6,25.5,32.7,34.4,87,14.8,14.8,0.0,7.0,2.16,9.7
2007-08-04,27.2,30.3,25.0,33.2,37.1,87,23.8,23.8,0.0,17.0,2.91,8.6
2007-08-05,29.2,32.9,25.6,35.5,39.9,81,1.0,1.0,0.0,5.0,2.66,5.9
2007-08-06,29.7,33.0,26.9,35.8,41.3,79,1.7,1.7,0.0,7.0,5.78,7.0
2007-08-07,30.7,34.4,27.9,37.1,42.0,77,0.2,0.2,0.0,1.0,3.0,7.0
2007-08-08,31.8,35.8,28.2,38.4,43.0,73,0.0,0.0,0.0,0.0,3.96,7.2
2007-08-09,31.7,34.3,29.0,37.6,41.6,74,0.0,0.0,0.0,0.0,4.79,9.7
2007-08-10,31.2,34.4,28.5,36.5,41.3,73,0.0,0.0,0.0,0.0,4.9,9.8
2007-08-11,29.2,32.2,26.8,33.8,37.3,75,0.2,0.2,0.0,2.0,4.81,8.7
2007-08-12,27.8,30.9,24.7,32.1,35.6,79,0.4,0.4,0.0,1.0,4.1,8.7
2007-08-13,27.0,31.3,23.0,31.1,36.2,73,0.0,0.0,0.0,0.0,2.06,6.7
2007-08-14,28.0,31.1,24.8,32.0,35.6,70,0.2,0.2,0.0,1.0,3.04,6.5
2007-08-15,24.4,27.3,21.9,27.1,30.4,85,37.5,37.5,0.0,15.0,5.6,10.5
2007-08-16,27.2,31.7,22.3,32.9,38.1,85,4.3,4.3,0.0,6.0,2.4,8.2
2007-08-17,29.2,32.4,26.6,35.4,39.0,80,0.0,0.0,0.0,0.0,2.9,6.9
2007-08-18,29.9,33.2,26.9,35.9,40.1,79,0.0,0.0,0.0,0.0,3.5,7.5
2007-08-19,28.8,32.3,26.0,33.5,38.3,81,1.3,1.3,0.0,1.0,5.85,11.8
2007-08-20,29.5,32.5,27.1,34.0,37.4,78,1.1,1.1,0.0,6.0,5.95,11.2
2007-08-21,28.4,30.8,27.0,33.9,36.8,83,9.0,9.0,0.0,8.0,3.73,7.7
2007-08-22,29.4,33.1,26.8,35.6,39.8,81,0.9,0.9,0.0,4.0,2.69,7.0
2007-08-23,29.6,33.1,26.8,35.9,40.4,80,0.4,0.4,0.0,3.0,3.01,7.1
2007-08-24,29.9,33.9,27.3,36.7,40.9,82,1.7,1.7,0.0,6.0,3.4,6.5
2007-08-25,29.8,34.0,26.2,35.3,39.0,77,0.2,0.2,0.0,1.0,4.74,9.2
2007-08-26,30.3,33.8,27.4,35.8,40.4,75,0.3,0.3,0.0,1.0,3.83,8.3
2007-08-27,27.5,29.7,25.6,33.0,35.4,85,12.8,12.8,0.0,18.0,2.64,6.0
2007-08-28,25.8,28.4,24.5,30.7,34.3,91,13.1,13.1,0.0,18.0,3.97,8.6
2007-08-29,27.7,31.4,24.1,33.3,38.1,81,0.0,0.0,0.0,0.0,2.53,5.3
2007-08-30,28.3,31.9,25.7,33.4,38.3,79,4.1,4.1,0.0,5.0,3.38,7.3
2007-08-31,25.5,28.5,22.3,30.1,34.0,90,23.5,23.5,0.0,23.0,4.39,7.4
2007-09-01,22.3,24.0,21.4,24.5,26.2,88,0.3,0.3,0.0,3.0,4.36,8.1
2007-09-02,24.7,28.0,22.6,27.8,31.1,76,0.0,0.0,0.0,0.0,2.59,6.5
2007-09-03,22.1,23.6,20.5,25.2,27.1,90,6.1,6.1,0.0,12.0,2.91,6.2
2007-09-04,22.5,25.7,19.9,24.9,27.8,82,0.0,0.0,0.0,0.0,2.73,7.0
2007-09-05,23.5,28.3,19.4,25.1,30.0,71,0.0,0.0,0.0,0.0,3.4,7.2
2007-09-06,22.9,28.5,17.6,24.5,30.2,71,0.0,0.0,0.0,0.0,2.48,5.7
2007-09-07,24.2,29.2,18.6,26.6,32.2,70,0.0,0.0,0.0,0.0,2.09,3.5
2007-09-08,24.4,27.7,21.2,27.2,30.6,75,0.1,0.1,0.0,1.0,2.02,4.5
2007-09-09,24.4,29.2,21.3,26.2,30.8,67,0.0,0.0,0.0,0.0,2.77,6.4
2007-09-10,24.7,29.2,19.8,26.9,31.3,70,0.0,0.0,0.0,0.0,3.16,6.9
2007-09-11,25.7,29.7,23.1,27.3,30.7,63,0.0,0.0,0.0,0.0,3.41,8.1
2007-09-12,25.6,30.3,21.5,27.0,31.1,64,0.0,0.0,0.0,0.0,4.31,9.0
2007-09-13,25.4,30.0,22.0,27.9,33.5,69,0.0,0.0,0.0,0.0,2.58,5.4
2007-09-14,22.7,23.9,20.6,25.2,27.1,85,0.5,0.5,0.0,2.0,3.82,7.7
2007-09-15,22.8,28.1,19.3,25.3,30.4,80,0.0,0.0,0.0,0.0,2.31,5.8
2007-09-16,24.4,30.1,19.5,26.9,33.1,72,0.0,0.0,0.0,0.0,2.19,5.6
2007-09-17,24.7,30.0,20.5,27.1,32.7,71,0.0,0.0,0.0,0.0,2.38,6.1
2007-09-18,23.2,27.7,19.0,25.2,29.4,78,14.9,14.9,0.0,9.0,3.81,9.7
2007-09-19,19.9,21.1,18.7,19.4,20.7,91,114.1,114.1,0.0,24.0,9.19,19.0
2007-09-20,22.2,26.0,19.8,22.8,26.9,78,0.1,0.1,0.0,1.0,7.7,13.4
2007-09-21,22.5,26.6,18.2,24.1,27.5,74,0.0,0.0,0.0,0.0,3.47,7.5
2007-09-22,23.1,26.9,20.5,24.4,27.8,71,0.0,0.0,0.0,0.0,3.61,8.0
2007-09-23,22.9,25.2,20.6,25.6,28.4,84,10.3,10.3,0.0,13.0,3.18,7.4
2007-09-24,25.0,27.7,22.5,28.4,31.7,82,0.3,0.3,0.0,1.0,3.08,6.6
2007-09-25,26.4,30.0,23.9,31.0,34.5,82,0.5,0.5,0.0,4.0,2.09,4.7
2007-09-26,27.2,31.5,23.6,32.2,36.3,81,0.1,0.1,0.0,1.0,2.31,5.6
2007-09-27,28.2,33.1,24.7,32.9,38.0,76,0.0,0.0,0.0,0.0,4.14,6.1
2007-09-28,21.3,25.3,19.3,22.8,28.6,89,0.1,0.1,0.0,1.0,4.97,10.1
2007-09-29,20.5,21.9,19.6,21.4,23.0,82,0.0,0.0,0.0,0.0,4.02,8.9
2007-09-30,21.9,24.1,20.2,23.4,25.7,80,0.0,0.0,0.0,0.0,3.49,8.0
2007-10-01,23.5,27.2,20.3,25.7,30.3,80,0.0,0.0,0.0,0.0,3.72,9.1
2007-10-02,24.3,27.0,22.3,27.6,31.0,83,0.6,0.6,0.0,2.0,3.07,6.6
2007-10-03,26.0,30.0,23.1,30.3,34.7,83,0.2,0.2,0.0,1.0,2.55,5.8
2007-10-04,26.7,31.0,23.9,30.1,35.2,74,0.0,0.0,0.0,0.0,3.81,7.2
2007-10-05,25.8,30.2,22.6,28.2,33.1,74,0.0,0.0,0.0,0.0,4.31,9.6
2007-10-06,25.1,28.9,22.3,27.6,31.1,76,0.0,0.0,0.0,0.0,4.32,9.3
2007-10-07,24.0,27.4,19.7,24.9,27.8,79,0.1,0.1,0.0,1.0,8.16,14.7
2007-10-08,18.3,20.5,15.4,15.5,17.5,64,0.1,0.1,0.0,1.0,7.58,15.2
2007-10-09,17.2,21.8,13.5,15.5,20.6,57,0.0,0.0,0.0,0.0,3.49,8.0
2007-10-10,18.0,23.1,13.6,17.5,23.2,64,0.0,0.0,0.0,0.0,2.3,5.9
2007-10-11,18.7,23.5,14.6,18.7,24.4,68,0.0,0.0,0.0,0.0,3.92,6.7
2007-10-12,17.5,19.8,16.0,17.1,20.2,76,0.3,0.3,0.0,2.0,3.4,7.0
2007-10-13,15.8,16.8,14.7,15.4,16.8,85,3.1,3.1,0.0,12.0,3.55,7.8
2007-10-14,15.5,16.4,14.5,15.2,16.3,87,0.4,0.4,0.0,3.0,2.84,5.7
2007-10-15,16.5,21.3,12.8,15.8,20.8,71,0.0,0.0,0.0,0.0,2.61,5.5
2007-10-16,16.2,22.0,11.5,15.5,21.5,65,0.0,0.0,0.0,0.0,2.37,4.7
2007-10-17,16.2,21.8,11.8,15.0,20.4,62,0.0,0.0,0.0,0.0,2.42,6.4
2007-10-18,16.9,21.7,12.0,15.5,19.7,61,0.0,0.0,0.0,0.0,3.32,8.2
2007-10-19,15.6,20.8,10.5,13.8,18.9,62,0.0,0.0,0.0,0.0,4.13,9.1
2007-10-20,14.6,20.9,8.9,12.6,18.5,60,0.0,0.0,0.0,0.0,2.81,6.7
2007-10-21,16.2,22.1,10.7,14.4,20.1,59,0.0,0.0,0.0,0.0,3.25,7.6
2007-10-22,18.0,24.0,14.3,17.6,23.9,67,0.0,0.0,0.0,0.0,2.79,4.9
2007-10-23,17.7,23.6,12.8,17.4,23.6,75,0.0,0.0,0.0,0.0,3.63,8.0
2007-10-24,19.4,23.7,16.2,20.3,25.2,81,2.3,2.3,0.0,3.0,3.64,6.5
2007-10-25,19.0,22.9,16.1,20.0,23.6,80,12.9,12.9,0.0,10.0,2.77,5.5
2007-10-26,17.5,22.6,13.5,17.9,22.7,83,0.0,0.0,0.0,0.0,3.28,7.3
2007-10-27,17.4,21.9,14.7,17.3,22.2,78,0.0,0.0,0.0,0.0,3.72,8.4
2007-10-28,15.6,16.9,13.0,14.0,17.2,73,0.3,0.3,0.0,2.0,6.11,10.6
2007-10-29,11.1,13.0,10.4,8.5,9.5,69,0.1,0.1,0.0,1.0,4.51,8.0
2007-10-30,12.1,13.9,9.7,11.0,13.5,84,1.6,1.6,0.0,4.0,2.64,7.9
2007-10-31,13.4,14.0,12.6,13.1,14.0,93,6.3,6.3,0.0,19.0,3.22,6.7
2007-11-01,13.3,17.1,8.3,11.5,14.5,75,1.1,1.1,0.0,3.0,3.98,8.4
2007-11-02,11.2,18.0,5.6,8.4,15.2,58,0.0,0.0,0.0,0.0,2.89,6.8
2007-11-03,12.4,19.7,6.5,10.1,18.2,62,0.0,0.0,0.0,0.0,2.91,5.1
2007-11-04,13.2,19.0,8.5,11.0,16.2,65,0.0,0.0,0.0,0.0,3.61,7.8
2007-11-05,14.2,19.2,10.0,12.4,16.9,71,0.0,0.0,0.0,0.0,3.73,8.1
2007-11-06,13.2,18.4,9.0,11.5,16.7,72,0.0,0.0,0.0,0.0,3.2,7.5
2007-11-07,13.0,19.1,7.8,11.8,18.3,76,0.0,0.0,0.0,0.0,2.48,4.7
2007-11-08,15.1,20.0,11.0,14.4,19.1,72,0.0,0.0,0.0,0.0,1.9,5.0
2007-11-09,13.4,18.2,9.5,12.1,17.0,81,0.0,0.0,0.0,0.0,3.55,7.6
2007-11-10,12.3,16.6,9.5,9.6,13.5,63,0.0,0.0,0.0,0.0,3.55,8.5
2007-11-11,11.2,15.9,7.7,8.0,12.4,57,0.0,0.0,0.0,0.0,4.02,9.1
2007-11-12,11.9,14.7,9.3,9.5,12.3,66,0.0,0.0,0.0,0.0,3.51,8.2
2007-11-13,13.2,16.4,10.7,12.0,15.6,74,0.0,0.0,0.0,0.0,2.33,5.6
2007-11-14,13.4,18.9,9.4,12.7,18.5,81,0.0,0.0,0.0,0.0,2.5,3.8
2007-11-15,13.5,15.4,11.9,12.5,14.3,88,6.7,6.7,0.0,9.0,4.74,8.8
2007-11-16,9.8,12.3,8.9,7.2,10.0,93,6.7,6.7,0.0,11.0,6.19,11.3
2007-11-17,9.8,10.8,9.2,8.4,9.2,91,0.2,0.2,0.0,2.0,2.62,5.2
2007-11-18,9.6,12.6,5.2,5.9,8.7,63,0.0,0.0,0.0,0.0,5.52,10.3
2007-11-19,7.8,13.6,3.9,5.0,11.1,73,0.0,0.0,0.0,0.0,2.86,7.0
2007-11-20,9.8,17.2,4.1,7.6,15.2,76,0.0,0.0,0.0,0.0,2.67,6.3
2007-11-21,11.3,18.6,6.4,8.9,15.7,67,0.0,0.0,0.0,0.0,3.2,5.8
2007-11-22,11.1,18.0,6.1,8.7,15.5,69,0.0,0.0,0.0,0.0,3.0,7.0
2007-11-23,12.2,19.3,8.0,10.7,17.4,71,0.0,0.0,0.0,0.0,2.4,3.8
2007-11-24,11.0,17.2,5.5,9.3,15.6,80,0.0,0.0,0.0,0.0,2.94,6.7
2007-11-25,12.2,17.4,8.5,11.0,16.9,82,0.0,0.0,0.0,0.0,2.95,6.4
2007-11-26,9.8,12.8,5.3,6.2,9.6,66,0.0,0.0,0.0,0.0,5.16,10.9
2007-11-27,5.4,11.8,1.3,1.4,7.3,47,0.0,0.0,0.0,0.0,3.03,6.6
2007-11-28,5.7,12.1,1.4,2.2,8.9,54,0.0,0.0,0.0,0.0,2.9,4.8
2007-11-29,7.0,13.3,2.5,3.7,9.9,55,0.0,0.0,0.0,0.0,2.72,6.1
2007-11-30,8.2,13.0,4.2,5.3,9.8,70,0.0,0.0,0.0,0.0,3.26,8.4
2007-12-01,9.6,14.3,6.2,7.1,11.9,75,0.0,0.0,0.0,0.0,3.26,6.9
2007-12-02,8.4,10.1,7.1,4.9,6.5,76,0.1,0.1,0.0,1.0,6.52,13.6
2007-12-03,6.5,11.8,1.8,3.8,9.4,73,0.0,0.0,0.0,0.0,2.42,4.1
2007-12-04,6.5,10.4,3.0,3.0,6.6,70,0.0,0.0,0.0,0.0,3.89,8.9
2007-12-05,6.4,8.5,4.3,3.0,5.2,69,0.0,0.0,0.0,0.0,3.71,8.4
2007-12-06,7.1,9.8,4.1,4.5,6.3,78,0.9,0.9,0.0,4.0,4.3,9.1
2007-12-07,5.1,10.2,2.0,2.2,7.2,78,0.0,0.0,0.0,0.0,2.53,6.1
2007-12-08,5.6,10.5,1.4,1.7,6.2,61,0.0,0.0,0.0,0.0,3.73,8.2
2007-12-09,7.1,9.4,4.7,4.3,6.9,75,0.6,0.6,0.0,2.0,3.71,7.6
2007-12-10,7.6,10.0,5.4,5.3,7.6,84,1.3,1.3,0.0,3.0,3.1,6.7
2007-12-11,7.1,9.5,3.9,4.6,6.8,86,2.9,2.9,0.0,5.0,4.2,7.3
2007-12-12,5.6,7.0,4.5,2.2,3.7,90,1.5,1.5,0.0,6.0,4.52,9.1
2007-12-13,3.8,9.3,-0.2,0.6,6.1,80,0.0,0.0,0.0,0.0,2.7,5.6
2007-12-14,3.7,10.6,-0.7,0.5,7.8,74,0.0,0.0,0.0,0.0,3.1,4.5
2007-12-15,6.2,12.2,1.3,3.2,9.3,72,0.0,0.0,0.0,0.0,3.07,5.9
2007-12-16,6.5,7.3,5.6,3.6,4.9,79,0.6,0.6,0.0,6.0,3.45,7.1
2007-12-17,6.5,8.5,5.3,4.5,7.0,89,0.0,0.0,0.0,0.0,2.28,4.2
2007-12-18,5.8,9.7,3.0,3.7,7.6,89,0.0,0.0,0.0,0.0,2.63,5.0
2007-12-19,6.9,12.1,2.0,4.1,9.7,84,0.0,0.0,0.0,0.0,3.59,6.9
2007-12-20,8.3,12.0,5.2,5.8,9.4,82,0.0,0.0,0.0,0.0,3.44,6.5
2007-12-21,8.4,9.4,7.5,6.2,6.9,87,0.5,0.5,0.0,4.0,3.06,7.2
2007-12-22,8.6,10.4,7.4,6.9,9.6,92,2.1,2.1,0.0,6.0,2.64,5.1
2007-12-23,9.2,11.7,7.4,6.5,8.4,78,0.0,0.0,0.0,0.0,4.48,9.0
2007-12-24,6.6,8.2,5.5,3.4,4.6,86,4.8,4.8,0.0,15.0,4.85,9.5
2007-12-25,7.8,10.0,6.3,5.5,7.5,81,0.0,0.0,0.0,0.0,3.08,5.6
2007-12-26,9.1,11.4,7.2,6.7,9.5,78,0.0,0.0,0.0,0.0,3.5,7.3
2007-12-27,8.2,8.8,7.6,6.3,7.0,89,3.6,3.6,0.0,6.0,2.61,5.4
2007-12-28,8.0,10.4,6.1,5.4,7.4,82,1.6,1.6,0.0,5.0,3.62,7.9
2007-12-29,4.7,8.3,1.2,0.5,3.8,54,0.0,0.0,0.0,0.0,3.64,7.4
2007-12-30,1.4,4.6,-1.2,-3.5,-1.6,46,0.0,0.0,0.0,0.0,5.25,10.8
2007-12-31,1.2,7.1,-3.1,-3.6,1.9,48,0.0,0.0,0.0,0.0,4.22,9.1
2008-01-01,0.8,6.6,-3.8,-3.6,1.6,51,0.0,0.0,0.0,0.0,3.62,8.0
2008-01-02,0.6,6.9,-4.0,-3.3,3.3,54,0.0,0.0,0.0,0.0,3.04,4.7
2008-01-03,2.3,10.5,-3.3,-1.5,7.5,60,0.0,0.0,0.0,0.0,3.14,3.9
2008-01-04,4.3,10.2,-1.0,0.7,6.9,57,0.0,0.0,0.0,0.0,2.89,5.2
2008-01-05,6.4,13.3,0.9,2.8,9.6,55,0.0,0.0,0.0,0.0,2.87,5.1
2008-01-06,6.6,12.0,3.0,3.2,8.9,63,0.0,0.0,0.0,0.0,2.84,5.7
2008-01-07,6.7,12.9,2.6,3.6,10.4,67,0.0,0.0,0.0,0.0,2.91,6.0
2008-01-08,5.3,10.2,2.2,2.5,8.2,79,0.0,0.0,0.0,0.0,2.93,4.0
2008-01-09,6.7,13.1,1.7,3.9,10.6,81,0.0,0.0,0.0,0.0,3.88,6.6
2008-01-10,6.0,6.7,5.1,3.2,4.7,89,1.7,1.7,0.0,2.0,3.98,7.7
2008-01-11,5.5,6.3,4.1,2.4,4.1,95,15.3,15.3,0.0,24.0,5.3,9.4
2008-01-12,1.5,3.9,-0.9,-3.7,-0.9,84,3.8,2.8,0.77,17.0,6.0,11.4
2008-01-13,-2.1,-0.9,-3.0,-7.2,-6.5,84,3.9,0.0,2.94,16.0,5.59,10.3
2008-01-14,-1.1,0.8,-2.9,-5.5,-3.3,72,0.0,0.0,0.0,0.0,3.64,7.9
2008-01-15,-1.0,-0.2,-1.8,-5.3,-4.7,83,3.3,0.0,2.45,11.0,4.09,8.2
2008-01-16,-0.4,1.2,-2.1,-4.9,-3.2,76,0.0,0.0,0.0,0.0,4.0,8.4
2008-01-17,0.5,1.8,-0.9,-3.7,-1.9,71,0.0,0.0,0.0,0.0,3.94,8.0
2008-01-18,1.0,1.8,0.4,-3.3,-2.6,81,1.4,0.2,0.84,7.0,4.44,8.8
2008-01-19,0.7,1.0,0.4,-3.5,-2.6,98,22.2,6.2,11.2,24.0,5.11,9.0
2008-01-20,0.4,0.6,0.1,-3.6,-2.8,97,9.9,4.5,3.78,24.0,4.74,8.5
2008-01-21,-0.3,0.9,-1.6,-4.5,-2.9,78,0.5,0.0,0.77,5.0,4.42,8.4
2008-01-22,-0.7,0.9,-1.8,-4.6,-3.2,79,0.0,0.0,0.0,0.0,2.72,6.2
2008-01-23,-0.9,0.7,-2.4,-5.1,-3.7,75,0.0,0.0,0.0,0.0,3.63,7.8
2008-01-24,-2.2,-0.9,-4.0,-6.8,-5.3,55,0.0,0.0,0.0,0.0,4.2,7.6
2008-01-25,-1.7,-1.1,-2.4,-6.1,-5.5,62,0.0,0.0,0.07,0.0,3.26,7.0
2008-01-26,-1.9,-0.5,-3.4,-6.2,-4.8,82,5.7,0.0,4.2,14.0,3.79,7.6
2008-01-27,-2.0,-1.6,-2.7,-5.8,-4.9,90,12.1,0.0,8.82,17.0,3.06,5.8
2008-01-28,-1.8,-1.3,-2.3,-5.2,-4.3,97,12.3,0.0,8.61,24.0,2.5,4.4
2008-01-29,-2.1,-0.2,-3.8,-6.0,-3.8,86,0.1,0.0,0.14,1.0,3.33,7.3
2008-01-30,-2.1,1.5,-5.6,-6.1,-2.2,74,0.0,0.0,0.0,0.0,2.91,7.3
2008-01-31,-2.9,2.1,-6.7,-7.0,-1.7,66,0.0,0.0,0.0,0.0,2.69,6.5
2008-02-01,-1.9,-0.8,-3.4,-5.9,-4.9,71,1.6,0.0,1.26,9.0,2.55,5.3
2008-02-02,-1.0,2.2,-3.7,-4.6,-1.4,77,0.5,0.0,0.35,3.0,2.01,5.2
2008-02-03,-1.8,3.8,-7.0,-5.4,0.7,77,0.0,0.0,0.0,0.0,2.19,5.2
2008-02-04,-0.5,4.2,-5.4,-4.4,0.4,78,0.0,0.0,0.0,0.0,3.27,7.6
2008-02-05,1.3,4.5,-0.9,-2.5,0.4,73,0.0,0.0,0.0,0.0,3.9,8.1
2008-02-06,-0.1,2.8,-2.5,-4.1,-0.6,72,0.0,0.0,0.0,0.0,3.54,7.2
2008-02-07,-0.7,3.1,-4.4,-4.5,0.1,70,0.0,0.0,0.0,0.0,2.38,5.9
2008-02-08,-1.0,3.6,-5.0,-5.4,-0.8,70,0.0,0.0,0.0,0.0,5.48,11.7
2008-02-09,-1.2,3.4,-5.5,-5.3,-0.7,55,0.0,0.0,0.0,0.0,3.08,7.5
2008-02-10,0.4,4.1,-3.7,-3.3,0.5,58,0.0,0.0,0.0,0.0,2.37,5.5
2008-02-11,1.3,5.5,-2.0,-2.6,1.7,61,0.0,0.0,0.0,0.0,3.5,7.4
2008-02-12,0.6,4.7,-3.0,-3.6,0.6,59,0.0,0.0,0.0,0.0,3.83,9.1
2008-02-13,-0.4,3.9,-5.2,-4.4,1.0,47,0.0,0.0,0.0,0.0,2.15,5.0
2008-02-14,1.1,7.5,-3.8,-2.6,4.6,56,0.0,0.0,0.0,0.0,2.42,5.4
2008-02-15,3.1,9.5,-2.4,-0.6,6.6,57,0.0,0.0,0.0,0.0,3.04,6.4
2008-02-16,4.7,11.4,-0.1,0.9,8.1,57,0.0,0.0,0.0,0.0,3.13,7.0
2008-02-17,5.6,10.8,1.0,1.3,6.4,59,0.0,0.0,0.0,0.0,5.77,11.2
2008-02-18,4.5,7.3,2.4,0.4,3.4,67,0.0,0.0,0.0,0.0,5.69,10.9
2008-02-19,4.4,9.2,0.0,1.3,7.0,68,0.0,0.0,0.0,0.0,2.42,6.4
2008-02-20,6.1,12.1,1.0,2.9,10.1,63,0.0,0.0,0.0,0.0,3.05,5.6
2008-02-21,9.1,16.0,2.3,6.0,13.7,61,0.0,0.0,0.0,0.0,3.05,6.7
2008-02-22,13.1,20.9,7.9,10.1,17.9,58,0.0,0.0,0.0,0.0,6.05,12.2
2008-02-23,7.2,11.8,3.2,2.7,6.6,61,0.0,0.0,0.0,0.0,7.0,14.1
2008-02-24,3.4,6.3,0.6,-1.9,1.5,66,4.8,4.8,0.0,7.0,7.0,13.9
2008-02-25,2.6,3.5,1.3,-1.2,-0.1,89,7.7,7.5,0.14,18.0,4.16,8.5
2008-02-26,3.8,8.2,0.8,-0.0,4.4,75,0.8,0.8,0.0,4.0,4.21,9.0
2008-02-27,4.5,11.6,-1.8,1.1,9.1,60,0.0,0.0,0.0,0.0,2.81,5.8
2008-02-28,8.0,15.0,1.4,4.3,11.6,53,0.0,0.0,0.0,0.0,3.83,8.2
2008-02-29,10.3,17.1,4.7,6.3,12.9,47,0.0,0.0,0.0,0.0,5.2,10.8
2008-03-01,11.8,21.4,3.8,8.4,18.0,53,0.0,0.0,0.0,0.0,4.07,9.3
2008-03-02,11.9,17.2,6.6,7.2,11.3,35,0.0,0.0,0.0,0.0,7.75,15.3
2008-03-03,8.7,15.3,3.4,5.0,11.8,44,0.0,0.0,0.0,0.0,4.39,9.5
2008-03-04,8.7,14.9,2.9,5.6,12.8,46,0.0,0.0,0.0,0.0,2.47,5.7
2008-03-05,10.4,16.3,4.2,6.7,13.1,47,0.0,0.0,0.0,0.0,3.91,9.0
2008-03-06,9.3,10.6,7.9,7.1,8.0,78,6.2,6.2,0.0,17.0,2.78,5.8
2008-03-07,8.7,12.1,6.3,5.6,9.2,67,0.7,0.7,0.0,5.0,3.98,9.1
2008-03-08,5.5,7.6,3.0,2.8,4.9,84,6.0,6.0,0.0,9.0,2.82,6.4
2008-03-09,8.6,15.9,2.4,6.6,14.8,81,0.0,0.0,0.0,0.0,2.42,6.8
2008-03-10,13.5,20.9,6.8,11.9,20.2,69,0.0,0.0,0.0,0.0,2.98,6.7
2008-03-11,15.7,23.0,9.2,14.2,22.3,64,0.0,0.0,0.0,0.0,3.22,7.0
2008-03-12,17.3,23.6,11.1,15.8,21.6,64,0.1,0.1,0.0,1.0,4.58,9.2
2008-03-13,15.4,17.9,12.1,14.1,16.6,77,8.0,8.0,0.0,6.0,5.3,11.4
2008-03-14,12.2,16.8,8.1,9.7,14.8,68,0.0,0.0,0.0,0.0,4.2,9.7
2008-03-15,14.7,21.4,7.2,13.6,22.2,68,0.0,0.0,0.0,0.0,3.41,6.0
2008-03-16,13.4,16.5,11.2,10.8,14.4,67,4.3,4.3,0.0,12.0,5.32,9.8
2008-03-17,14.2,19.3,9.6,12.6,18.5,70,0.0,0.0,0.0,0.0,3.83,8.3
2008-03-18,15.9,20.5,12.2,15.2,19.9,76,1.6,1.6,0.0,3.0,3.96,7.2
2008-03-19,13.4,15.7,11.3,11.7,14.0,75,0.0,0.0,0.0,0.0,4.39,8.8
2008-03-20,12.8,17.2,8.6,9.8,15.0,60,0.0,0.0,0.0,0.0,4.8,10.0
2008-03-21,10.6,12.8,9.5,8.6,9.3,83,12.9,12.9,0.0,20.0,4.03,8.0
2008-03-22,10.8,15.1,7.7,8.6,13.3,84,0.6,0.6,0.0,2.0,4.1,8.6
2008-03-23,12.4,17.5,7.7,9.2,14.2,56,0.0,0.0,0.0,0.0,5.78,12.1
2008-03-24,14.3,22.7,4.9,11.6,20.4,52,0.0,0.0,0.0,0.0,3.5,7.9
2008-03-25,13.1,17.3,9.5,10.5,15.3,50,0.0,0.0,0.0,0.0,3.49,6.7
2008-03-26,15.4,23.7,7.5,12.9,21.7,56,1.6,1.6,0.0,2.0,5.39,15.3
2008-03-27,16.2,21.2,12.0,14.1,19.8,54,0.0,0.0,0.0,0.0,4.22,8.3
2008-03-28,14.5,17.0,12.1,11.3,14.5,58,0.0,0.0,0.0,0.0,6.05,11.9
2008-03-29,10.9,13.2,8.3,8.2,10.4,81,5.0,5.0,0.0,9.0,5.35,10.6
2008-03-30,10.1,13.9,6.7,8.1,13.2,78,1.2,1.2,0.0,3.0,4.4,7.9
2008-03-31,11.9,14.2,9.4,9.8,11.6,71,0.0,0.0,0.0,0.0,4.1,8.5
2008-04-01,12.0,14.8,9.4,9.2,11.9,60,0.0,0.0,0.0,0.0,3.69,8.4
2008-04-02,14.0,19.4,9.5,11.2,16.7,53,0.0,0.0,0.0,0.0,4.22,9.4
2008-04-03,14.7,20.3,8.4,12.7,19.3,50,0.6,0.6,0.0,3.0,2.42,6.2
2008-04-04,16.6,20.4,14.0,14.9,18.5,57,0.0,0.0,0.0,0.0,3.76,8.9
2008-04-05,16.9,21.7,12.4,16.7,22.0,75,5.8,5.8,0.0,7.0,3.58,7.4
2008-04-06,17.5,21.5,14.2,18.2,22.2,84,0.8,0.8,0.0,1.0,2.95,5.8
2008-04-07,20.1,25.9,14.9,19.8,26.3,75,0.0,0.0,0.0,0.0,6.18,11.3
2008-04-08,18.1,20.3,17.2,17.6,20.3,89,27.3,27.3,0.0,18.0,6.68,14.0
2008-04-09,13.9,16.5,10.1,11.1,15.8,80,0.0,0.0,0.0,0.0,7.99,15.2
2008-04-10,14.0,18.4,8.1,12.7,18.3,70,0.2,0.2,0.0,1.0,3.54,8.0
2008-04-11,16.9,18.9,15.1,15.3,17.3,68,0.0,0.0,0.0,0.0,5.41,11.7
2008-04-12,16.1,19.0,13.5,14.8,19.1,68,0.0,0.0,0.0,0.0,4.08,7.7
2008-04-13,15.3,17.5,13.4,15.0,18.4,75,0.0,0.0,0.0,0.0,2.36,6.5
2008-04-14,16.0,19.5,13.2,15.5,19.2,76,2.3,2.3,0.0,3.0,3.31,8.2
2008-04-15,14.6,16.1,13.5,14.1,15.4,83,9.3,9.3,0.0,10.0,3.04,6.2
2008-04-16,14.8,17.7,12.6,14.6,17.4,83,0.1,0.1,0.0,1.0,2.37,5.2
2008-04-17,16.1,21.3,10.8,16.0,22.0,75,0.0,0.0,0.0,0.0,2.88,6.4
2008-04-18,19.0,24.3,13.9,17.5,23.8,65,0.0,0.0,0.0,0.0,5.96,11.8
2008-04-19,16.9,18.9,14.9,15.2,17.2,81,21.1,21.1,0.0,20.0,6.38,13.7
2008-04-20,17.0,20.4,14.0,16.8,22.8,91,9.3,9.3,0.0,17.0,5.15,14.6
2008-04-21,15.5,17.6,13.5,14.0,15.9,78,0.0,0.0,0.0,0.0,4.74,9.7
2008-04-22,15.7,18.5,12.8,14.1,16.9,74,0.8,0.8,0.0,3.0,5.81,10.7
2008-04-23,15.0,18.3,9.8,12.6,16.0,57,0.0,0.0,0.0,0.0,5.7,10.0
2008-04-24,15.9,22.1,8.5,13.3,20.6,47,0.0,0.0,0.0,0.0,4.32,8.2
2008-04-25,20.7,29.4,12.5,18.1,25.7,44,0.0,0.0,0.0,0.0,7.2,14.3
2008-04-26,20.1,25.7,13.1,18.1,24.5,43,0.0,0.0,0.0,0.0,4.05,8.5
2008-04-27,21.9,28.3,16.6,20.9,27.8,54,1.5,1.5,0.0,2.0,5.11,9.7
2008-04-28,18.7,24.1,12.7,18.4,25.7,59,0.0,0.0,0.0,0.0,2.7,4.8
2008-04-29,21.5,29.1,12.7,20.8,29.4,55,0.0,0.0,0.0,0.0,4.42,8.9
2008-04-30,23.1,27.1,19.1,23.4,27.5,65,0.0,0.0,0.0,0.0,5.31,9.9
2008-05-01,24.4,30.3,18.8,25.9,32.2,67,0.0,0.0,0.0,0.0,4.11,8.5
2008-05-02,26.0,32.2,19.7,27.4,34.4,61,0.0,0.0,0.0,0.0,4.43,9.0
2008-05-03,24.7,27.9,21.9,26.6,29.9,76,11.0,11.0,0.0,10.0,7.0,14.3
2008-05-04,21.7,24.7,17.2,21.4,25.9,67,12.6,12.6,0.0,8.0,6.55,14.2
2008-05-05,21.1,25.7,15.7,20.6,24.7,60,0.0,0.0,0.0,0.0,4.92,10.0
2008-05-06,24.2,29.2,19.5,24.1,31.1,58,0.0,0.0,0.0,0.0,6.1,11.7
2008-05-07,24.3,29.0,19.5,25.4,30.8,67,0.3,0.3,0.0,1.0,4.61,10.3
2008-05-08,21.3,23.0,17.7,22.4,25.7,83,3.9,3.9,0.0,9.0,5.94,13.5
2008-05-09,17.8,19.9,15.4,17.3,19.2,83,3.4,3.4,0.0,10.0,5.01,10.1
2008-05-10,18.7,24.2,12.9,18.1,24.7,64,0.0,0.0,0.0,0.0,3.52,8.0
2008-05-11,20.8,26.7,13.9,20.2,26.0,58,0.0,0.0,0.0,0.0,4.22,10.0
2008-05-12,18.8,22.5,14.8,17.0,20.6,56,0.0,0.0,0.0,0.0,5.46,11.4
2008-05-13,18.1,23.7,12.3,16.2,22.0,50,0.0,0.0,0.0,0.0,4.96,11.2
2008-05-14,20.0,25.4,12.7,18.8,25.0,53,0.0,0.0,0.0,0.0,3.77,8.2
2008-05-15,22.7,28.9,16.5,22.3,29.8,52,0.0,0.0,0.0,0.0,2.84,7.1
2008-05-16,25.3,31.9,18.6,25.9,34.1,53,0.0,0.0,0.0,0.0,3.76,7.7
2008-05-17,26.0,32.5,19.6,27.0,34.3,52,0.0,0.0,0.0,0.0,3.22,7.1
2008-05-18,21.8,24.8,19.8,22.9,25.6,76,8.2,8.2,0.0,9.0,4.0,9.5
2008-05-19,22.8,29.0,16.0,23.6,30.0,59,0.0,0.0,0.0,0.0,2.71,6.0
2008-05-20,24.9,31.0,17.5,23.0,28.9,40,0.0,0.0,0.0,0.0,6.36,12.9
2008-05-21,26.9,33.3,20.1,27.2,34.8,46,0.0,0.0,0.0,0.0,3.41,7.3
2008-05-22,28.3,33.9,22.7,29.8,36.7,52,0.0,0.0,0.0,0.0,3.89,7.9
2008-05-23,26.3,30.2,22.9,29.4,32.3,71,2.1,2.1,0.0,9.0,2.4,5.1
2008-05-24,25.6,29.2,22.1,29.3,34.7,77,0.7,0.7,0.0,4.0,2.6,5.8
2008-05-25,27.3,31.8,22.9,30.5,34.9,69,0.0,0.0,0.0,0.0,3.76,8.6
2008-05-26,28.9,34.0,24.4,32.2,37.4,65,0.0,0.0,0.0,0.0,3.68,8.7
2008-05-27,27.2,29.7,23.2,31.7,34.7,80,14.3,14.3,0.0,13.0,3.38,9.5
2008-05-28,24.3,28.7,20.0,25.5,28.7,70,18.9,18.9,0.0,11.0,5.5,13.4
2008-05-29,24.0,30.1,17.3,24.7,31.9,55,0.0,0.0,0.0,0.0,2.77,6.0
2008-05-30,23.4,27.1,19.3,22.5,25.9,49,0.0,0.0,0.0,0.0,5.67,11.8
2008-05-31,24.1,29.5,17.2,23.1,28.5,43,0.0,0.0,0.0,0.0,3.64,8.5
2008-06-01,25.6,29.6,22.2,26.0,29.5,57,0.0,0.0,0.0,0.0,5.3,10.6
2008-06-02,25.5,30.7,21.8,26.2,31.2,55,0.1,0.1,0.0,1.0,3.83,8.8
2008-06-03,24.9,32.2,19.4,25.3,31.7,61,2.9,2.9,0.0,2.0,5.25,11.4
2008-06-04,21.5,26.1,18.5,20.9,24.9,64,0.0,0.0,0.0,0.0,6.84,13.9
2008-06-05,23.1,28.3,15.0,23.6,29.9,54,0.0,0.0,0.0,0.0,3.06,6.7
2008-06-06,26.6,32.6,20.5,27.7,34.5,55,0.0,0.0,0.0,0.0,3.8,8.9
2008-06-07,27.0,31.1,23.6,30.3,34.6,66,0.3,0.3,0.0,1.0,2.63,5.9
2008-06-08,26.9,30.5,22.9,30.2,33.8,71,0.4,0.4,0.0,2.0,3.81,8.3
2008-06-09,24.0,25.3,23.0,27.4,29.6,84,17.1,17.1,0.0,13.0,4.0,8.4
2008-06-10,22.6,23.2,21.7,25.3,25.9,91,9.2,9.2,0.0,18.0,4.91,9.0
2008-06-11,24.0,26.8,21.4,26.7,30.8,76,0.5,0.5,0.0,3.0,3.0,6.5
2008-06-12,25.5,29.6,21.5,28.5,33.4,72,0.0,0.0,0.0,0.0,3.26,7.7
2008-06-13,24.0,25.6,22.5,26.3,27.5,82,4.5,4.5,0.0,8.0,4.9,9.3
2008-06-14,22.6,25.0,20.0,23.9,25.5,85,10.5,10.5,0.0,9.0,6.11,11.9
2008-06-15,20.6,22.8,19.3,21.6,24.0,85,0.3,0.3,0.0,2.0,4.56,8.4
2008-06-16,21.0,22.6,19.8,23.1,25.1,85,0.5,0.5,0.0,2.0,2.55,4.9
2008-06-17,20.6,21.7,19.7,22.8,24.4,94,38.0,38.0,0.0,15.0,4.52,8.1
2008-06-18,22.3,25.1,19.7,24.7,27.4,85,2.5,2.5,0.0,3.0,3.14,6.3
2008-06-19,25.3,29.0,21.8,28.8,32.7,85,2.4,2.4,0.0,6.0,4.66,9.3
2008-06-20,28.8,33.5,25.5,33.1,37.8,79,0.8,0.8,0.0,4.0,5.63,13.6
2008-06-21,27.0,29.2,25.0,32.6,35.5,87,16.9,16.9,0.0,22.0,3.14,6.8
2008-06-22,25.3,26.9,23.8,30.3,32.4,93,64.9,64.9,0.0,18.0,3.52,9.4
2008-06-23,25.2,26.2,23.9,30.1,31.6,93,17.0,17.0,0.0,16.0,3.37,7.5
2008-06-24,24.9,27.7,23.2,28.2,30.6,82,0.0,0.0,0.0,0.0,3.4,7.1
2008-06-25,23.0,25.0,21.7,25.3,27.2,83,0.0,0.0,0.0,0.0,4.06,7.9
2008-06-26,23.9,26.5,21.3,26.3,30.3,81,0.0,0.0,0.0,0.0,5.21,9.4
2008-06-27,23.2,24.3,20.9,25.3,26.5,85,0.0,0.0,0.0,0.0,5.24,9.8
2008-06-28,23.5,27.0,20.1,26.3,31.3,80,0.0,0.0,0.0,0.0,3.26,6.7
2008-06-29,26.6,31.4,21.6,30.3,36.3,78,0.0,0.0,0.0,0.0,4.39,9.1
2008-06-30,27.9,30.4,25.8,32.0,35.2,78,1.6,1.6,0.0,2.0,5.41,11.2
2008-07-01,29.6,32.9,26.3,33.9,37.8,75,2.0,2.0,0.0,2.0,5.92,11.9
2008-07-02,26.7,28.5,25.5,30.1,32.7,81,9.5,9.5,0.0,9.0,6.37,13.3
2008-07-03,30.0,34.2,25.7,35.1,40.0,77,2.4,2.4,0.0,6.0,4.84,11.1
2008-07-04,31.5,34.8,28.2,36.0,40.4,68,0.0,0.0,0.0,0.0,5.66,11.4
2008-07-05,31.5,34.3,28.8,34.9,37.8,64,0.0,0.0,0.0,0.0,7.12,13.6
2008-07-06,29.6,34.3,25.5,34.5,40.3,71,0.1,0.1,0.0,1.0,4.7,10.8
2008-07-07,28.8,32.7,24.7,34.8,40.1,78,16.7,16.7,0.0,12.0,2.77,6.6
2008-07-08,29.3,33.8,25.4,35.3,40.0,78,4.4,4.4,0.0,4.0,3.18,8.0
2008-07-09,27.4,28.6,25.6,32.0,34.2,84,12.4,12.4,0.0,12.0,5.57,12.8
2008-07-10,28.1,31.4,25.8,33.6,38.3,83,3.1,3.1,0.0,7.0,4.1,8.8
2008-07-11,28.1,30.5,26.9,33.9,36.8,85,15.8,15.8,0.0,17.0,3.04,6.1
2008-07-12,29.0,31.8,26.2,35.7,39.6,83,6.0,6.0,0.0,16.0,2.33,4.4
2008-07-13,28.9,32.3,26.4,35.1,39.7,84,4.1,4.1,0.0,8.0,3.48,7.3
2008-07-14,29.2,33.0,27.0,35.6,40.8,83,2.8,2.8,0.0,5.0,3.16,7.5
2008-07-15,30.6,35.2,27.3,37.2,42.4,78,0.5,0.5,0.0,2.0,2.82,7.2
2008-07-16,29.7,33.5,27.3,36.5,42.3,82,2.8,2.8,0.0,4.0,2.48,5.7
2008-07-17,30.7,35.2,26.9,37.7,43.4,79,2.4,2.4,0.0,5.0,3.19,6.1
2008-07-18,29.6,33.5,26.8,36.3,43.1,83,1.6,1.6,0.0,4.0,4.25,8.9
2008-07-19,25.9,27.1,24.5,28.4,30.5,77,0.0,0.0,0.0,0.0,5.27,11.5
2008-07-20,26.4,29.7,23.5,29.4,32.4,76,0.0,0.0,0.0,0.0,4.84,10.6
2008-07-21,27.8,32.0,24.2,33.3,38.7,81,10.2,10.2,0.0,6.0,2.95,6.0
2008-07-22,29.0,32.3,26.7,34.3,38.1,82,2.0,2.0,0.0,5.0,4.83,9.3
2008-07-23,29.2,33.0,26.7,34.3,38.1,79,1.0,1.0,0.0,3.0,5.49,13.2
2008-07-24,27.8,31.7,24.4,32.9,37.1,82,0.4,0.4,0.0,2.0,4.2,13.0
2008-07-25,29.1,33.4,26.2,35.6,41.7,80,1.6,1.6,0.0,4.0,2.06,9.3
2008-07-26,29.7,35.1,26.1,36.4,43.6,79,2.4,2.4,0.0,3.0,2.22,7.2
2008-07-27,30.7,35.6,26.6,36.7,42.9,72,0.3,0.3,0.0,1.0,2.69,6.0
2008-07-28,30.6,34.1,26.9,35.3,39.7,72,0.0,0.0,0.0,0.0,5.67,10.4
2008-07-29,28.4,29.9,25.6,31.2,32.6,80,4.8,4.8,0.0,7.0,8.63,17.3
2008-07-30,26.2,27.9,25.2,30.1,32.4,90,8.9,8.9,0.0,17.0,7.54,15.7
2008-07-31,26.7,27.8,25.7,31.1,32.2,91,10.2,10.2,0.0,19.0,5.79,11.3
2008-08-01,26.6,27.5,25.7,31.7,33.2,91,28.3,28.3,0.0,24.0,4.44,9.0
2008-08-02,26.4,29.0,25.2,32.3,35.7,92,16.7,16.7,0.0,19.0,2.42,6.5
2008-08-03,27.4,30.7,24.8,33.2,36.4,85,6.4,6.4,0.0,13.0,1.93,5.2
2008-08-04,28.8,32.5,25.3,34.9,39.6,81,0.2,0.2,0.0,1.0,2.36,6.3
2008-08-05,30.2,34.2,27.1,36.4,41.6,79,0.1,0.1,0.0,1.0,4.08,8.1
2008-08-06,29.9,33.3,27.3,35.2,39.9,78,0.0,0.0,0.0,0.0,4.64,9.4
2008-08-07,29.7,33.0,27.3,34.5,38.8,75,0.0,0.0,0.0,0.0,4.44,9.0
2008-08-08,29.3,33.0,26.5,34.3,39.0,74,0.0,0.0,0.0,0.0,3.09,6.3
2008-08-09,28.4,32.1,25.3,33.0,37.0,72,0.0,0.0,0.0,0.0,2.62,6.5
2008-08-10,29.3,32.6,26.4,35.1,39.6,78,0.7,0.7,0.0,2.0,3.06,6.3
2008-08-11,29.3,32.6,26.1,35.5,39.8,78,0.3,0.3,0.0,2.0,1.7,4.6
2008-08-12,29.9,33.9,26.9,36.2,41.5,76,2.4,2.4,0.0,3.0,2.02,5.6
2008-08-13,30.0,34.8,26.9,36.5,42.9,77,2.0,2.0,0.0,3.0,2.82,5.9
2008-08-14,27.0,28.4,25.3,33.1,35.6,89,19.6,19.6,0.0,12.0,2.45,6.7
2008-08-15,26.0,27.6,24.7,31.8,33.8,92,13.4,13.4,0.0,18.0,2.5,5.6
2008-08-16,26.1,28.3,24.7,31.0,33.5,90,17.2,17.2,0.0,17.0,3.47,7.4
2008-08-17,25.1,26.9,22.4,29.3,33.0,91,20.7,20.7,0.0,17.0,4.82,14.9
2008-08-18,25.5,29.5,22.2,29.8,34.1,81,0.0,0.0,0.0,0.0,2.32,5.6
2008-08-19,28.6,33.1,24.0,35.1,41.7,82,0.2,0.2,0.0,2.0,2.06,6.3
2008-08-20,30.3,33.3,27.0,37.1,41.5,81,0.2,0.2,0.0,1.0,4.52,6.5
2008-08-21,30.5,33.9,27.7,37.4,41.6,83,0.1,0.1,0.0,1.0,3.67,8.0
2008-08-22,26.3,28.6,23.7,30.5,33.9,84,3.7,3.7,0.0,10.0,4.16,8.2
2008-08-23,26.0,30.8,21.6,30.3,35.5,79,0.0,0.0,0.0,0.0,2.28,3.8
2008-08-24,26.8,30.5,22.7,30.5,33.8,77,2.6,2.6,0.0,7.0,4.26,9.0
2008-08-25,25.3,27.1,23.4,29.5,31.1,85,8.9,8.9,0.0,11.0,3.33,9.1
2008-08-26,25.4,29.4,21.3,29.0,33.8,75,0.0,0.0,0.0,0.0,2.24,5.6
2008-08-27,26.4,30.5,21.7,30.2,35.7,73,0.0,0.0,0.0,0.0,2.12,4.8
2008-08-28,26.9,30.7,23.7,30.7,34.8,79,3.2,3.2,0.0,8.0,4.57,9.2
2008-08-29,22.7,25.1,21.0,24.5,28.1,91,64.7,64.7,0.0,22.0,6.2,11.8
2008-08-30,22.5,25.9,20.4,25.3,30.9,94,30.3,30.3,0.0,18.0,5.0,12.2
2008-08-31,23.4,27.3,20.6,25.0,29.2,79,0.0,0.0,0.0,0.0,6.01,11.9
2008-09-01,23.4,28.0,19.6,25.3,30.0,73,0.0,0.0,0.0,0.0,3.19,7.8
2008-09-02,23.1,28.4,17.3,24.9,31.5,68,0.0,0.0,0.0,0.0,2.14,4.7
2008-09-03,24.0,28.5,18.7,26.3,31.3,72,0.0,0.0,0.0,0.0,2.95,7.4
2008-09-04,22.6,23.9,20.8,25.2,27.0,80,4.8,4.8,0.0,12.0,2.24,4.4
2008-09-05,23.5,26.9,20.8,26.2,29.5,80,0.0,0.0,0.0,0.0,3.23,7.7
2008-09-06,24.2,27.5,20.5,26.7,30.1,81,0.0,0.0,0.0,0.0,4.53,8.6
2008-09-07,25.5,28.4,22.6,28.3,31.5,80,0.2,0.2,0.0,1.0,4.61,9.3
2008-09-08,25.4,28.2,23.5,28.2,31.0,79,1.7,1.7,0.0,5.0,4.41,10.8
2008-09-09,26.7,30.6,23.0,30.5,34.6,79,0.0,0.0,0.0,0.0,3.96,7.7
2008-09-10,26.3,30.6,23.5,30.8,36.8,83,3.1,3.1,0.0,2.0,3.58,6.4
2008-09-11,23.6,26.6,21.4,25.6,28.5,78,0.0,0.0,0.0,0.0,4.24,8.0
2008-09-12,23.8,27.0,21.1,26.6,29.9,78,0.0,0.0,0.0,0.0,2.35,5.6
2008-09-13,25.5,29.4,22.5,28.8,32.3,82,0.2,0.2,0.0,2.0,3.97,8.8
2008-09-14,25.6,28.6,23.5,28.3,31.2,78,0.1,0.1,0.0,1.0,4.62,8.9
2008-09-15,26.0,29.6,23.1,29.2,32.4,76,0.0,0.0,0.0,0.0,3.44,8.0
2008-09-16,26.3,30.2,22.7,30.1,33.6,77,0.0,0.0,0.0,0.0,2.76,6.5
2008-09-17,26.6,31.0,23.8,30.9,35.5,79,0.2,0.2,0.0,2.0,2.82,5.9
2008-09-18,26.8,31.0,22.5,30.5,34.7,73,0.0,0.0,0.0,0.0,2.67,6.6
2008-09-19,27.4,31.3,24.5,32.3,37.7,80,2.3,2.3,0.0,2.0,2.78,7.3
2008-09-20,26.2,29.2,24.3,31.0,33.9,85,2.4,2.4,0.0,5.0,3.67,8.0
2008-09-21,26.7,29.8,24.6,31.1,34.3,82,0.0,0.0,0.0,0.0,2.95,5.9
2008-09-22,28.8,34.1,24.4,34.5,41.7,80,0.0,0.0,0.0,0.0,2.5,6.0
2008-09-23,27.4,29.8,24.3,32.1,34.5,87,1.2,1.2,0.0,6.0,5.66,10.2
2008-09-24,24.1,26.1,22.4,26.6,29.3,86,0.0,0.0,0.0,0.0,5.54,11.1
2008-09-25,22.2,24.9,19.3,24.5,26.9,88,4.5,4.5,0.0,8.0,3.75,7.3
2008-09-26,18.9,20.4,17.2,18.0,21.0,78,2.8,2.8,0.0,9.0,6.13,11.5
2008-09-27,19.7,22.9,16.5,18.4,21.5,64,0.0,0.0,0.0,0.0,4.81,10.2
2008-09-28,20.3,22.8,18.7,19.9,22.4,69,0.0,0.0,0.0,0.0,4.44,10.5
2008-09-29,20.2,23.3,17.3,20.2,23.4,71,0.0,0.0,0.0,0.0,4.03,9.4
2008-09-30,20.5,23.4,17.9,21.4,23.7,74,0.0,0.0,0.0,0.0,2.6,6.4
2008-10-01,21.0,25.5,18.4,22.0,26.1,71,0.0,0.0,0.0,0.0,2.28,5.8
2008-10-02,21.5,26.5,17.0,22.6,27.5,70,0.0,0.0,0.0,0.0,2.5,6.4
2008-10-03,22.3,26.3,18.7,24.1,28.1,76,2.1,2.1,0.0,9.0,2.79,6.7
2008-10-04,19.4,21.1,17.8,20.8,23.4,87,13.4,13.4,0.0,16.0,2.62,5.8
2008-10-05,20.0,24.0,17.1,20.9,25.2,79,0.2,0.2,0.0,1.0,4.52,7.9
2008-10-06,16.2,18.6,14.5,15.1,17.7,76,0.0,0.0,0.0,0.0,4.39,8.8
2008-10-07,17.7,21.8,14.8,17.4,20.8,75,0.0,0.0,0.0,0.0,3.8,8.2
2008-10-08,19.2,24.3,15.1,20.0,26.7,77,0.0,0.0,0.0,0.0,2.75,5.9
2008-10-09,20.8,23.2,19.2,23.3,26.4,86,0.8,0.8,0.0,2.0,1.8,3.9
2008-10-10,20.2,21.4,18.9,21.8,23.0,84,0.0,0.0,0.0,0.0,2.5,5.9
2008-10-11,18.0,19.7,16.7,17.2,19.0,63,0.0,0.0,0.0,0.0,3.72,7.8
2008-10-12,18.5,22.7,15.5,18.4,23.3,65,0.0,0.0,0.0,0.0,2.21,5.6
2008-10-13,18.5,24.3,14.0,18.3,24.6,67,0.0,0.0,0.0,0.0,2.31,5.5
2008-10-14,19.8,27.1,15.2,19.9,27.7,68,0.0,0.0,0.0,0.0,2.91,5.2
2008-10-15,20.2,27.3,13.8,19.4,25.7,63,0.0,0.0,0.0,0.0,4.15,8.7
2008-10-16,20.6,26.3,15.9,20.4,26.2,69,0.0,0.0,0.0,0.0,3.96,9.8
2008-10-17,20.8,25.7,16.8,21.0,25.4,70,0.0,0.0,0.0,0.0,4.1,9.0
2008-10-18,21.8,26.9,18.2,23.9,29.9,80,0.0,0.0,0.0,0.0,2.44,5.6
2008-10-19,22.1,27.5,18.5,24.0,29.7,78,0.0,0.0,0.0,0.0,2.51,5.0
2008-10-20,22.2,25.0,19.4,24.6,27.4,86,3.2,3.2,0.0,6.0,3.32,7.6
2008-10-21,21.2,22.9,19.7,24.1,25.8,94,15.2,15.2,0.0,15.0,3.13,10.0
2008-10-22,20.7,22.8,18.3,22.7,25.3,88,5.1,5.1,0.0,8.0,3.61,8.0
2008-10-23,16.7,19.3,11.0,14.5,18.9,66,0.4,0.4,0.0,1.0,6.26,12.9
2008-10-24,14.2,19.5,8.1,12.8,18.5,63,0.0,0.0,0.0,0.0,2.06,4.7
2008-10-25,14.5,16.0,13.4,13.5,14.9,75,1.0,1.0,0.0,5.0,2.91,5.3
2008-10-26,15.7,20.3,12.2,15.3,19.5,78,0.0,0.0,0.0,0.0,2.12,5.5
2008-10-27,16.4,21.9,10.9,15.6,20.9,66,0.0,0.0,0.0,0.0,2.24,4.4
2008-10-28,17.5,20.4,15.5,16.7,19.4,67,0.0,0.0,0.0,0.0,3.04,6.1
2008-10-29,14.7,16.8,13.6,14.7,16.5,91,9.8,9.8,0.0,22.0,3.33,6.4
2008-10-30,15.7,17.9,13.3,16.1,18.4,86,0.5,0.5,0.0,3.0,2.15,6.0
2008-10-31,16.5,18.8,14.8,16.8,19.5,84,0.2,0.2,0.0,1.0,2.78,5.6
2008-11-01,16.2,18.4,14.7,16.5,18.7,86,0.0,0.0,0.0,0.0,2.82,5.3
2008-11-02,16.8,20.3,14.2,17.2,20.7,84,0.0,0.0,0.0,0.0,2.62,4.8
2008-11-03,17.2,22.9,14.0,17.5,23.5,80,0.0,0.0,0.0,0.0,2.71,5.1
2008-11-04,16.9,22.6,12.7,16.7,22.4,81,0.0,0.0,0.0,0.0,3.11,7.5
2008-11-05,18.6,24.5,15.0,19.9,26.2,84,0.2,0.2,0.0,1.0,2.14,4.1
2008-11-06,18.0,19.1,16.8,19.8,20.8,96,27.9,27.9,0.0,19.0,2.33,4.8
2008-11-07,14.5,17.0,13.2,13.9,18.8,93,19.9,19.9,0.0,23.0,4.97,9.5
2008-11-08,12.5,15.4,8.2,10.1,12.6,71,0.9,0.9,0.0,4.0,5.46,10.8
2008-11-09,10.5,14.7,6.8,7.6,11.5,64,0.0,0.0,0.0,0.0,3.28,8.1
2008-11-10,9.8,14.5,5.7,7.1,11.8,65,0.0,0.0,0.0,0.0,2.83,7.9
2008-11-11,8.6,14.4,4.1,5.9,12.2,66,0.0,0.0,0.0,0.0,2.69,5.8
2008-11-12,10.5,16.7,5.8,8.1,14.0,70,0.0,0.0,0.0,0.0,3.26,7.8
2008-11-13,13.2,19.4,8.1,12.2,18.4,76,0.0,0.0,0.0,0.0,2.22,4.8
2008-11-14,13.6,19.8,8.2,12.7,19.5,75,0.0,0.0,0.0,0.0,2.34,4.5
2008-11-15,12.8,17.3,9.6,11.3,15.4,80,0.0,0.0,0.0,0.0,4.12,8.4
2008-11-16,12.5,14.7,10.1,11.7,13.9,83,0.4,0.4,0.0,2.0,2.19,5.1
2008-11-17,12.0,14.3,8.7,10.1,11.7,75,1.9,1.9,0.0,8.0,3.7,6.7
2008-11-18,8.3,12.5,4.6,4.9,9.1,65,0.0,0.0,0.0,0.0,5.54,10.8
2008-11-19,6.0,12.4,1.8,2.2,7.6,53,0.0,0.0,0.0,0.0,4.4,9.2
2008-11-20,7.0,14.5,1.0,3.4,10.7,56,0.0,0.0,0.0,0.0,2.88,6.1
2008-11-21,9.9,15.4,4.7,6.6,11.7,55,0.0,0.0,0.0,0.0,3.22,6.7
2008-11-22,10.5,11.4,9.4,8.1,9.6,62,0.3,0.3,0.0,1.0,2.81,5.5
2008-11-23,10.3,12.5,8.7,8.6,10.5,80,0.0,0.0,0.0,0.0,3.55,6.0
2008-11-24,10.2,15.4,6.7,8.1,13.5,78,0.0,0.0,0.0,0.0,3.64,6.4
2008-11-25,9.2,15.0,5.7,6.2,11.6,61,0.0,0.0,0.0,0.0,3.34,6.2
2008-11-26,9.8,15.6,5.5,6.7,12.9,58,0.0,0.0,0.0,0.0,5.22,9.8
2008-11-27,7.2,11.1,1.7,1.7,5.6,37,0.0,0.0,0.0,0.0,6.49,13.5
2008-11-28,5.6,13.0,-0.9,1.6,8.2,51,0.0,0.0,0.0,0.0,3.0,6.9
2008-11-29,8.1,14.5,3.7,4.7,11.2,52,0.0,0.0,0.0,0.0,3.34,6.6
2008-11-30,8.7,16.3,2.2,5.3,12.5,61,0.0,0.0,0.0,0.0,3.32,7.1
2008-12-01,10.2,20.2,3.5,6.8,16.3,60,0.0,0.0,0.0,0.0,3.61,8.4
2008-12-02,10.9,18.5,5.0,7.9,15.0,63,0.0,0.0,0.0,0.0,3.72,7.7
2008-12-03,12.2,18.4,7.8,9.3,14.7,62,0.0,0.0,0.0,0.0,4.22,8.5
2008-12-04,9.1,11.7,4.7,4.1,8.0,47,0.0,0.0,0.0,0.0,6.89,14.8
2008-12-05,1.7,5.0,-1.9,-3.2,0.6,30,0.0,0.0,0.0,0.0,4.78,11.3
2008-12-06,1.5,7.2,-3.8,-3.0,2.8,44,0.0,0.0,0.0,0.0,3.02,6.4
2008-12-07,5.8,12.9,-0.0,1.8,8.7,48,0.0,0.0,0.0,0.0,3.19,5.7
2008-12-08,8.8,16.2,1.8,5.0,11.5,56,0.0,0.0,0.0,0.0,5.05,9.5
2008-12-09,12.4,20.4,7.6,8.9,17.0,52,0.0,0.0,0.0,0.0,3.81,7.5
2008-12-10,12.6,22.2,5.5,9.4,18.8,56,0.0,0.0,0.0,0.0,5.08,8.6
2008-12-11,7.1,11.1,3.8,4.2,8.7,73,0.0,0.0,0.0,0.0,4.96,8.9
2008-12-12,6.9,13.0,3.0,4.2,10.4,80,0.0,0.0,0.0,0.0,3.01,6.9
2008-12-13,6.9,9.9,4.9,3.4,6.0,76,0.0,0.0,0.0,0.0,4.57,9.3
2008-12-14,5.4,9.4,1.8,2.3,6.7,65,0.0,0.0,0.0,0.0,2.73,5.2
2008-12-15,5.5,12.4,0.1,2.1,8.9,68,0.0,0.0,0.0,0.0,2.59,5.9
2008-12-16,8.1,15.5,3.2,4.7,11.5,63,0.0,0.0,0.0,0.0,3.54,7.8
2008-12-17,8.1,16.4,2.6,4.9,12.5,67,0.0,0.0,0.0,0.0,3.76,8.4
2008-12-18,6.7,11.5,3.4,3.0,7.3,58,0.0,0.0,0.0,0.0,3.11,7.4
2008-12-19,8.8,16.6,3.2,5.7,13.4,68,0.0,0.0,0.0,0.0,4.54,8.4
2008-12-20,7.4,9.6,5.0,4.8,7.2,81,0.4,0.4,0.0,2.0,3.44,7.8
2008-12-21,3.0,8.1,-4.2,-2.4,5.3,59,4.0,4.0,0.0,7.0,8.64,16.3
2008-12-22,-4.7,-2.2,-7.2,-9.9,-6.6,37,0.0,0.0,0.0,0.0,6.63,12.1
2008-12-23,0.5,3.8,-4.1,-3.8,-0.9,43,0.0,0.0,0.0,0.0,2.91,5.8
2008-12-24,4.0,9.8,-0.7,0.1,5.5,48,0.0,0.0,0.0,0.0,2.69,6.1
2008-12-25,3.1,9.2,-1.9,-1.2,4.3,53,0.0,0.0,0.0,0.0,3.47,7.5
2008-12-26,2.8,5.0,-0.2,-1.7,1.4,58,0.0,0.0,0.0,0.0,4.3,8.9
2008-12-27,4.5,7.1,1.6,1.6,4.3,77,0.5,0.5,0.0,1.0,2.04,4.9
2008-12-28,5.7,6.1,4.9,2.7,4.0,94,5.2,5.2,0.0,8.0,4.6,8.9
2008-12-29,4.3,5.6,2.8,0.6,2.0,81,0.0,0.0,0.0,0.0,4.74,8.7
2008-12-30,2.8,7.0,-1.6,-1.2,3.0,51,0.0,0.0,0.0,0.0,2.32,5.5
2008-12-31,0.8,5.8,-3.1,-3.7,1.0,46,0.0,0.0,0.0,0.0,3.21,6.8
2009-01-01,-0.8,3.7,-3.5,-5.3,-1.1,49,0.0,0.0,0.0,0.0,3.11,7.4
2009-01-02,-1.0,3.7,-5.4,-5.1,-0.3,62,0.0,0.0,0.0,0.0,2.3,6.0
2009-01-03,1.9,4.1,-0.9,-1.8,0.7,66,0.2,0.1,0.07,2.0,2.82,6.8
2009-01-04,2.7,4.1,1.2,-0.3,0.9,81,1.0,0.3,0.56,6.0,2.25,5.4
2009-01-05,3.8,4.8,2.4,0.6,1.7,82,1.9,1.9,0.0,7.0,3.64,7.4
2009-01-06,1.7,4.1,0.7,-2.0,1.0,97,9.7,9.1,0.42,24.0,4.04,8.5
2009-01-07,1.9,3.6,0.7,-1.4,0.1,83,0.3,0.1,0.14,2.0,2.91,5.8
2009-01-08,1.1,3.7,-1.5,-2.2,0.2,85,0.0,0.0,0.0,0.0,2.94,5.6
2009-01-09,0.8,4.0,-2.5,-4.2,-1.4,56,0.0,0.0,0.0,0.0,5.52,11.3
2009-01-10,-1.1,4.1,-6.0,-5.3,0.4,57,0.0,0.0,0.0,0.0,3.41,5.7
2009-01-11,1.3,8.2,-4.6,-3.0,4.1,63,0.0,0.0,0.0,0.0,5.08,10.1
2009-01-12,-1.7,2.2,-4.6,-6.6,-3.0,48,0.0,0.0,0.0,0.0,4.3,8.6
2009-01-13,-0.6,6.1,-6.3,-5.0,1.7,50,0.0,0.0,0.0,0.0,2.81,6.0
2009-01-14,0.4,7.4,-5.9,-3.9,3.1,59,0.0,0.0,0.0,0.0,3.05,6.7
2009-01-15,1.1,6.9,-3.6,-3.2,2.3,62,0.0,0.0,0.0,0.0,4.03,8.8
2009-01-16,3.9,11.4,-1.0,0.5,8.7,61,0.0,0.0,0.0,0.0,2.97,4.8
2009-01-17,5.6,10.0,1.6,2.4,7.4,66,0.2,0.2,0.0,1.0,2.73,5.4
2009-01-18,6.9,12.6,3.0,3.1,8.3,59,0.0,0.0,0.0,0.0,4.55,9.9
2009-01-19,5.6,9.1,2.1,1.7,5.1,56,0.4,0.4,0.0,3.0,4.46,8.4
2009-01-20,6.3,9.2,3.0,3.8,6.9,80,2.7,2.7,0.0,8.0,2.83,4.8
2009-01-21,7.6,11.5,4.0,4.9,9.0,80,3.8,3.8,0.0,6.0,4.13,6.7
2009-01-22,8.2,14.5,3.1,5.0,12.3,72,0.0,0.0,0.0,0.0,8.52,17.6
2009-01-23,-1.4,3.2,-6.0,-7.8,-3.1,26,0.0,0.0,0.0,0.0,6.55,13.1
2009-01-24,-3.4,1.9,-7.7,-8.9,-3.6,34,0.0,0.0,0.0,0.0,5.75,11.3
2009-01-25,0.6,8.4,-4.6,-3.7,3.8,50,0.0,0.0,0.0,0.0,2.69,6.6
2009-01-26,3.0,8.5,-0.5,-0.7,5.0,57,0.0,0.0,0.0,0.0,2.51,6.3
2009-01-27,3.7,11.0,-2.3,-0.4,6.7,61,0.0,0.0,0.0,0.0,3.85,8.5
2009-01-28,6.4,12.5,-0.2,2.6,8.7,58,0.0,0.0,0.0,0.0,3.44,7.4
2009-01-29,8.4,10.1,6.4,6.6,8.3,79,0.4,0.4,0.0,3.0,1.87,4.3
2009-01-30,8.6,11.1,3.7,6.7,9.1,83,0.0,0.0,0.0,0.0,2.28,5.1
2009-01-31,5.0,9.9,1.7,2.0,6.5,84,0.0,0.0,0.0,0.0,3.42,7.8
2009-02-01,5.4,8.4,2.5,2.7,6.3,80,0.0,0.0,0.0,0.0,3.01,6.4
2009-02-02,6.1,9.2,4.4,3.7,6.7,86,2.0,2.0,0.0,8.0,2.64,5.0
2009-02-03,6.7,8.8,4.8,4.3,6.3,84,0.0,0.0,0.0,0.0,3.0,6.0
2009-02-04,8.2,11.7,5.3,6.4,10.5,83,0.0,0.0,0.0,0.0,2.75,5.3
2009-02-05,7.8,11.9,4.1,5.5,9.4,85,0.0,0.0,0.0,0.0,3.08,7.0
2009-02-06,9.6,11.2,7.9,7.6,9.6,83,0.0,0.0,0.0,0.0,2.52,5.7
2009-02-07,9.3,11.0,7.5,7.5,9.4,89,2.1,2.1,0.0,8.0,3.2,6.1
2009-02-08,9.8,12.3,8.3,7.1,9.0,77,5.5,5.5,0.0,9.0,4.57,8.7
2009-02-09,9.1,13.2,4.9,6.5,11.6,79,1.3,1.3,0.0,3.0,4.44,8.3
2009-02-10,10.3,18.7,3.6,7.7,16.1,71,0.0,0.0,0.0,0.0,3.22,6.8
2009-02-11,13.7,21.4,6.3,11.7,19.5,72,0.0,0.0,0.0,0.0,4.93,10.1
2009-02-12,20.2,26.2,13.9,17.0,22.0,55,0.0,0.0,0.0,0.0,8.91,17.0
2009-02-13,14.3,21.1,9.8,11.7,17.7,70,0.3,0.3,0.0,2.0,5.73,12.1
2009-02-14,9.3,11.1,6.7,6.5,8.8,70,0.3,0.3,0.0,1.0,3.35,7.7
2009-02-15,8.0,9.5,5.0,4.9,7.6,83,5.7,5.7,0.0,15.0,5.58,10.5
2009-02-16,3.9,4.8,3.2,-0.4,0.6,89,5.1,5.1,0.0,19.0,5.33,10.5
2009-02-17,4.5,6.0,3.6,-0.3,1.2,82,6.7,6.7,0.0,13.0,7.11,13.7
2009-02-18,4.5,5.8,3.1,1.0,2.7,91,5.5,5.5,0.0,11.0,4.8,9.5
2009-02-19,5.0,5.8,4.0,1.8,3.8,93,8.8,8.8,0.0,16.0,4.88,9.4
2009-02-20,5.7,9.8,2.6,2.1,6.8,63,0.0,0.0,0.0,0.0,3.91,8.5
2009-02-21,7.6,12.0,2.9,4.0,8.1,66,0.7,0.7,0.0,1.0,4.57,9.3
2009-02-22,8.2,8.9,6.4,6.0,8.0,91,4.8,4.8,0.0,12.0,4.43,8.3
2009-02-23,5.9,6.4,5.2,2.5,3.9,87,3.1,3.1,0.0,6.0,4.53,8.9
2009-02-24,6.2,6.8,5.3,3.7,4.5,94,12.6,12.6,0.0,11.0,4.12,8.9
2009-02-25,4.8,6.4,2.5,0.6,2.8,86,5.1,5.1,0.0,9.0,6.38,12.5
2009-02-26,1.7,2.3,1.1,-2.6,-2.0,90,11.5,11.3,0.14,15.0,5.55,10.2
2009-02-27,2.5,3.3,1.4,-0.7,0.7,92,3.7,3.2,0.35,12.0,3.5,6.5
2009-02-28,4.7,7.0,2.7,1.7,4.0,76,0.0,0.0,0.0,0.0,2.52,6.3
2009-03-01,6.1,8.6,2.8,2.6,4.4,65,0.0,0.0,0.0,0.0,4.34,9.3
2009-03-02,3.5,6.7,2.1,-0.5,2.6,85,15.4,14.5,0.63,19.0,4.9,9.7
2009-03-03,3.2,4.2,2.3,0.3,1.4,85,0.0,0.0,0.0,0.0,2.75,6.4
2009-03-04,4.6,7.1,1.8,1.6,4.4,87,2.0,2.0,0.0,5.0,4.25,9.3
2009-03-05,6.8,9.9,4.2,4.0,6.6,85,0.8,0.8,0.0,4.0,4.61,9.4
2009-03-06,7.8,12.8,2.7,4.7,10.1,67,0.0,0.0,0.0,0.0,3.36,8.6
2009-03-07,6.9,10.2,4.2,3.3,6.2,62,0.0,0.0,0.0,0.0,3.96,8.6
2009-03-08,9.0,13.4,4.6,6.6,11.9,72,0.0,0.0,0.0,0.0,2.88,5.8
2009-03-09,12.9,20.0,6.8,11.1,19.1,64,0.0,0.0,0.0,0.0,2.86,6.2
2009-03-10,13.4,18.6,9.4,10.6,16.4,63,0.0,0.0,0.0,0.0,5.57,11.3
2009-03-11,11.0,13.5,8.5,7.1,9.7,69,0.4,0.4,0.0,2.0,6.51,12.7
2009-03-12,8.7,10.9,7.2,5.8,8.1,89,6.5,6.5,0.0,17.0,5.53,10.3
2009-03-13,7.7,10.8,4.9,3.3,5.8,68,4.3,4.3,0.0,7.0,6.58,13.2
2009-03-14,8.2,14.2,0.4,4.7,11.5,48,0.0,0.0,0.0,0.0,4.1,8.2
2009-03-15,12.3,19.9,5.6,9.8,18.3,59,0.0,0.0,0.0,0.0,3.44,7.5
2009-03-16,14.5,22.1,6.9,12.9,21.3,64,0.0,0.0,0.0,0.0,2.73,5.6
2009-03-17,17.6,24.5,9.9,16.0,23.6,62,0.0,0.0,0.0,0.0,3.96,8.4
2009-03-18,19.7,25.4,14.9,19.4,25.6,67,0.0,0.0,0.0,0.0,4.18,8.5
2009-03-19,20.1,24.8,14.1,20.5,25.3,74,0.1,0.1,0.0,1.0,5.66,10.7
2009-03-20,13.8,17.1,10.4,11.0,14.8,67,1.4,1.4,0.0,3.0,5.22,11.5
2009-03-21,17.0,20.4,13.1,16.6,22.2,84,11.6,11.6,0.0,10.0,5.16,12.3
2009-03-22,14.9,17.6,11.1,13.1,16.7,75,2.4,2.4,0.0,2.0,4.84,10.6
2009-03-23,7.3,10.6,5.0,3.8,6.9,68,0.7,0.7,0.0,3.0,5.11,9.6
2009-03-24,8.7,13.9,3.0,6.2,13.3,75,0.0,0.0,0.0,0.0,6.31,11.3
2009-03-25,9.1,13.9,4.2,6.6,12.5,60,0.0,0.0,0.0,0.0,4.94,10.6
2009-03-26,14.2,20.9,7.9,11.3,18.4,55,1.1,1.1,0.0,2.0,5.07,9.4
2009-03-27,9.9,12.6,7.8,6.4,9.7,87,9.3,9.3,0.0,16.0,6.58,12.5
2009-03-28,7.9,9.2,7.1,4.6,6.3,80,5.7,5.7,0.0,16.0,5.06,9.9
2009-03-29,9.8,13.4,7.4,7.0,10.0,65,0.3,0.3,0.0,3.0,4.77,10.7
2009-03-30,10.8,15.2,6.0,8.5,13.1,63,0.0,0.0,0.0,0.0,3.2,8.0
2009-03-31,9.5,14.3,5.7,7.0,13.6,76,0.0,0.0,0.0,0.0,5.32,10.3
2009-04-01,9.0,13.3,4.4,6.0,11.4,59,0.0,0.0,0.0,0.0,3.36,7.7
2009-04-02,9.4,11.6,6.6,5.7,7.4,56,0.0,0.0,0.0,0.0,5.97,12.7
2009-04-03,12.2,15.8,8.0,10.9,15.9,65,1.9,1.9,0.0,5.0,1.63,4.8
2009-04-04,11.4,12.3,10.3,10.6,11.6,90,12.7,12.7,0.0,19.0,2.67,5.0
2009-04-05,13.2,18.6,8.2,12.3,19.4,73,0.0,0.0,0.0,0.0,2.82,5.4
2009-04-06,15.9,22.3,11.0,14.6,22.6,62,0.0,0.0,0.0,0.0,3.01,6.6
2009-04-07,16.8,22.4,12.0,15.0,21.6,57,0.0,0.0,0.0,0.0,3.16,7.4
2009-04-08,17.7,23.6,11.7,16.1,22.9,53,0.0,0.0,0.0,0.0,3.49,7.3
2009-04-09,18.5,24.0,12.1,15.4,21.1,43,0.0,0.0,0.0,0.0,5.83,11.6
2009-04-10,19.1,25.2,13.1,17.1,23.9,50,0.0,0.0,0.0,0.0,4.62,8.9
2009-04-11,19.8,25.2,15.2,19.6,25.8,66,0.0,0.0,0.0,0.0,3.89,7.9
2009-04-12,20.5,24.8,16.5,21.6,27.2,75,3.2,3.2,0.0,6.0,2.69,6.8
2009-04-13,20.0,23.4,17.2,20.8,24.1,77,7.6,7.6,0.0,10.0,2.65,6.1
2009-04-14,20.4,26.1,14.9,21.4,29.0,73,0.0,0.0,0.0,0.0,3.29,6.1
2009-04-15,22.1,29.6,14.4,22.2,31.7,65,0.2,0.2,0.0,1.0,6.96,13.2
2009-04-16,12.8,14.6,11.1,10.5,12.0,75,0.6,0.6,0.0,2.0,4.83,11.1
2009-04-17,15.6,20.4,11.2,14.1,19.3,72,0.0,0.0,0.0,0.0,4.36,9.5
2009-04-18,20.8,26.5,15.1,21.2,27.5,72,0.0,0.0,0.0,0.0,4.61,9.9
2009-04-19,19.8,21.3,18.7,21.2,22.9,89,14.3,14.3,0.0,11.0,4.03,7.6
2009-04-20,17.2,19.5,14.1,16.0,19.5,83,2.0,2.0,0.0,5.0,7.18,15.3
2009-04-21,18.6,24.9,11.3,18.6,26.3,68,0.0,0.0,0.0,0.0,2.8,7.1
2009-04-22,21.1,25.7,16.9,19.8,25.1,56,0.0,0.0,0.0,0.0,5.77,10.1
2009-04-23,18.5,21.1,16.5,17.7,20.3,74,20.6,20.6,0.0,12.0,5.48,9.8
2009-04-24,17.3,19.0,15.7,16.9,18.3,83,10.3,10.3,0.0,7.0,4.83,10.4
2009-04-25,16.8,21.6,12.6,14.8,19.8,55,0.0,0.0,0.0,0.0,5.13,11.0
2009-04-26,15.8,22.0,10.7,14.1,21.3,54,0.0,0.0,0.0,0.0,2.97,7.0
2009-04-27,17.8,22.8,11.8,16.5,23.2,50,0.0,0.0,0.0,0.0,2.67,5.2
2009-04-28,20.4,26.8,13.2,19.2,25.8,52,0.0,0.0,0.0,0.0,4.12,8.6
2009-04-29,20.8,25.5,15.4,20.7,26.5,59,0.0,0.0,0.0,0.0,3.81,8.4
2009-04-30,21.3,25.2,16.5,21.0,25.1,62,0.0,0.0,0.0,0.0,5.1,10.4
2009-05-01,22.4,25.7,19.0,23.3,26.4,68,2.0,2.0,0.0,4.0,4.01,8.8
2009-05-02,19.4,21.4,16.2,20.6,22.5,85,12.3,12.3,0.0,13.0,3.05,8.0
2009-05-03,18.6,24.7,11.2,18.5,25.0,65,0.0,0.0,0.0,0.0,2.82,6.0
2009-05-04,20.0,26.1,12.8,18.8,25.5,52,0.0,0.0,0.0,0.0,3.74,8.1
2009-05-05,20.7,25.5,15.4,19.6,24.9,55,0.0,0.0,0.0,0.0,4.39,9.5
2009-05-06,22.2,27.8,16.2,20.6,26.6,48,0.0,0.0,0.0,0.0,4.69,10.2
2009-05-07,23.2,30.0,16.3,22.5,30.7,49,0.0,0.0,0.0,0.0,3.83,7.6
2009-05-08,25.1,31.7,17.6,25.2,32.6,52,0.0,0.0,0.0,0.0,4.2,8.8
2009-05-09,26.9,32.3,20.9,26.1,32.1,44,0.0,0.0,0.0,0.0,6.11,12.2
2009-05-10,27.9,32.9,23.3,28.0,34.2,47,0.0,0.0,0.0,0.0,5.25,10.9
2009-05-11,25.6,30.6,21.7,27.9,35.2,65,0.0,0.0,0.0,0.0,3.61,6.4
2009-05-12,20.3,23.7,18.4,21.6,25.3,85,10.3,10.3,0.0,16.0,3.89,8.3
2009-05-13,21.6,25.5,18.6,21.0,24.7,61,0.0,0.0,0.0,0.0,5.17,11.0
2009-05-14,19.5,21.1,18.2,17.3,18.4,54,1.2,1.2,0.0,2.0,4.9,10.3
2009-05-15,21.8,29.6,17.3,23.0,33.2,70,2.1,2.1,0.0,4.0,4.68,12.6
2009-05-16,15.4,17.5,13.7,15.2,17.3,92,22.4,22.4,0.0,14.0,3.97,10.9
2009-05-17,19.5,25.0,12.9,20.4,26.2,76,0.0,0.0,0.0,0.0,2.02,5.7
2009-05-18,21.9,26.2,17.9,23.3,29.1,69,0.1,0.1,0.0,1.0,2.61,6.4
2009-05-19,23.3,28.1,19.1,24.3,29.8,61,0.0,0.0,0.0,0.0,2.61,5.3
2009-05-20,18.8,22.0,16.9,19.8,23.4,87,15.1,15.1,0.0,19.0,4.5,10.6
2009-05-21,20.4,26.6,14.9,21.4,29.3,74,0.0,0.0,0.0,0.0,3.26,6.8
2009-05-22,24.3,30.6,18.5,25.6,33.4,65,0.0,0.0,0.0,0.0,4.77,7.9
2009-05-23,19.1,21.9,15.9,19.1,22.6,72,4.7,4.7,0.0,8.0,4.44,7.9
2009-05-24,21.4,27.0,14.8,22.3,29.1,69,0.0,0.0,0.0,0.0,3.34,7.6
2009-05-25,18.1,22.8,15.8,17.3,22.9,80,23.4,23.4,0.0,17.0,7.79,15.5
2009-05-26,19.9,24.0,15.6,19.3,23.3,72,0.0,0.0,0.0,0.0,6.41,12.9
2009-05-27,21.5,25.2,16.4,21.5,24.6,68,0.0,0.0,0.0,0.0,4.84,9.9
2009-05-28,24.1,28.2,20.0,24.9,30.1,61,0.0,0.0,0.0,0.0,3.91,7.8
2009-05-29,23.5,27.3,20.2,24.5,27.8,67,0.0,0.0,0.0,0.0,3.76,7.0
2009-05-30,24.4,29.5,19.6,25.5,31.4,59,0.0,0.0,0.0,0.0,2.87,6.3
2009-05-31,24.9,30.3,19.1,25.4,30.4,53,0.0,0.0,0.0,0.0,2.79,6.3
2009-06-01,24.7,29.7,17.0,25.2,31.4,57,0.0,0.0,0.0,0.0,3.6,7.6
2009-06-02,22.2,24.5,19.6,22.8,24.8,70,0.0,0.0,0.0,0.0,5.43,11.0
2009-06-03,23.8,30.3,16.5,25.6,33.3,66,0.0,0.0,0.0,0.0,2.9,5.6
2009-06-04,26.1,32.3,19.5,28.2,35.7,60,0.0,0.0,0.0,0.0,2.9,5.8
2009-06-05,27.4,33.3,22.1,29.6,36.9,58,0.0,0.0,0.0,0.0,6.15,8.0
2009-06-06,26.5,31.1,21.4,28.7,33.8,63,0.0,0.0,0.0,0.0,3.86,9.3
2009-06-07,27.5,31.2,22.9,30.9,34.8,66,0.2,0.2,0.0,1.0,2.69,6.7
2009-06-08,23.1,25.6,20.4,25.6,28.5,84,26.9,26.9,0.0,16.0,3.76,11.1
2009-06-09,22.4,25.5,20.4,25.3,28.6,88,31.3,31.3,0.0,10.0,4.33,12.2
2009-06-10,25.9,30.2,22.4,29.4,35.6,73,0.4,0.4,0.0,1.0,2.6,5.1
2009-06-11,26.6,30.3,22.7,29.9,33.8,73,0.2,0.2,0.0,1.0,3.42,6.1
2009-06-12,25.6,28.0,23.0,28.9,31.6,78,0.0,0.0,0.0,0.0,3.04,6.4
2009-06-13,26.3,31.9,20.3,29.5,36.1,68,0.4,0.4,0.0,1.0,2.42,5.1
2009-06-14,27.2,32.6,23.9,30.2,37.3,66,0.0,0.0,0.0,0.0,4.84,6.4
2009-06-15,26.5,31.2,21.7,29.1,34.7,65,0.0,0.0,0.0,0.0,3.24,6.8
2009-06-16,27.9,32.0,23.6,31.7,36.3,71,0.0,0.0,0.0,0.0,3.41,7.8
2009-06-17,28.0,31.3,24.9,32.7,36.4,76,0.5,0.5,0.0,1.0,3.09,7.1
2009-06-18,29.1,33.1,25.3,32.5,36.8,65,0.0,0.0,0.0,0.0,4.48,9.2
2009-06-19,31.0,35.6,26.5,36.3,42.4,69,0.4,0.4,0.0,2.0,4.21,7.9
2009-06-20,28.4,31.1,26.3,34.1,37.2,81,10.2,10.2,0.0,12.0,3.47,9.7
2009-06-21,28.2,32.3,25.2,34.5,40.7,83,8.5,8.5,0.0,9.0,3.14,10.6
2009-06-22,29.6,33.8,26.0,34.9,39.2,73,0.0,0.0,0.0,0.0,3.04,7.0
2009-06-23,28.9,32.4,25.0,32.6,37.4,64,0.0,0.0,0.0,0.0,3.55,6.6
2009-06-24,30.7,35.1,25.9,35.0,41.3,62,0.0,0.0,0.0,0.0,4.1,8.3
2009-06-25,30.9,35.0,26.5,35.0,39.3,62,0.0,0.0,0.0,0.0,4.4,9.2
2009-06-26,28.1,30.4,26.6,31.7,33.8,74,1.1,1.1,0.0,3.0,6.54,12.5
2009-06-27,31.0,36.0,25.9,35.7,42.0,68,0.5,0.5,0.0,2.0,3.83,8.7
2009-06-28,29.4,32.8,25.8,34.1,38.4,73,8.2,8.2,0.0,8.0,4.48,10.6
2009-06-29,25.9,26.5,25.4,31.3,32.0,91,33.2,33.2,0.0,23.0,3.3,9.4
2009-06-30,22.9,26.3,19.1,25.9,31.1,91,43.1,43.1,0.0,18.0,5.3,13.2
2009-07-01,24.6,29.5,18.4,27.9,34.6,77,0.0,0.0,0.0,0.0,2.59,7.6
2009-07-02,27.2,31.4,22.8,31.6,36.6,75,0.3,0.3,0.0,1.0,2.25,5.7
2009-07-03,27.4,31.8,23.2,31.6,37.5,72,0.0,0.0,0.0,0.0,2.3,5.9
2009-07-04,28.2,32.1,24.0,32.0,36.4,69,0.0,0.0,0.0,0.0,3.16,7.1
2009-07-05,28.6,32.2,25.7,33.0,37.3,75,2.9,2.9,0.0,9.0,4.43,10.0
2009-07-06,28.4,31.3,26.6,33.8,36.7,82,13.1,13.1,0.0,18.0,3.96,8.3
2009-07-07,28.4,29.9,26.9,34.3,37.4,83,4.3,4.3,0.0,8.0,2.78,8.3
2009-07-08,30.8,34.2,27.3,35.3,39.0,71,0.0,0.0,0.0,0.0,5.69,11.3
2009-07-09,30.3,33.6,27.7,35.0,37.7,71,0.4,0.4,0.0,1.0,5.1,9.8
2009-07-10,28.8,32.8,26.2,34.7,40.3,81,1.6,1.6,0.0,2.0,3.32,7.0
2009-07-11,29.9,34.4,26.8,36.6,43.0,81,0.3,0.3,0.0,2.0,3.47,7.4
2009-07-12,28.2,31.9,25.3,33.1,38.0,78,0.0,0.0,0.0,0.0,3.47,6.8
2009-07-13,31.2,35.8,27.3,37.0,42.0,73,0.0,0.0,0.0,0.0,4.48,9.9
2009-07-14,30.2,32.7,28.4,36.4,40.0,76,1.1,1.1,0.0,4.0,3.7,7.5
2009-07-15,29.5,32.4,26.9,35.8,39.5,79,1.6,1.6,0.0,9.0,2.2,7.1
2009-07-16,31.5,35.0,27.8,37.1,42.4,72,0.0,0.0,0.0,0.0,4.02,8.5
2009-07-17,33.0,36.1,29.4,37.3,40.6,62,0.0,0.0,0.0,0.0,5.56,11.0
2009-07-18,33.3,37.2,29.5,39.2,44.9,62,0.0,0.0,0.0,0.0,3.2,7.1
2009-07-19,32.8,37.1,28.0,39.1,44.2,66,0.0,0.0,0.0,0.0,2.33,5.7
2009-07-20,33.5,36.7,31.0,37.3,41.1,57,0.0,0.0,0.0,0.0,5.07,11.4
2009-07-21,33.1,37.5,29.5,37.7,42.7,60,0.6,0.6,0.0,3.0,5.31,14.8
2009-07-22,29.5,32.1,27.6,35.4,37.9,84,12.3,12.3,0.0,11.0,5.22,12.0
2009-07-23,27.9,31.0,25.1,33.7,37.3,85,19.8,19.8,0.0,15.0,3.47,11.6
2009-07-24,26.2,29.4,23.9,30.0,33.1,79,6.4,6.4,0.0,5.0,4.01,7.9
2009-07-25,27.5,30.6,24.8,31.4,35.6,75,0.3,0.3,0.0,3.0,3.8,7.9
2009-07-26,27.5,30.7,23.9,31.7,34.7,74,0.0,0.0,0.0,0.0,2.47,7.0
2009-07-27,25.1,27.0,22.4,28.4,31.0,82,20.3,20.3,0.0,12.0,3.81,9.5
2009-07-28,24.5,27.3,22.1,28.0,30.9,82,5.6,5.6,0.0,8.0,3.31,6.5
2009-07-29,25.1,27.1,22.8,28.5,30.1,83,0.0,0.0,0.0,0.0,4.43,9.4
2009-07-30,24.6,25.5,23.5,29.0,30.0,93,11.4,11.4,0.0,12.0,3.0,7.3
2009-07-31,25.6,27.1,23.9,30.7,32.5,91,12.1,12.1,0.0,21.0,2.62,6.2
2009-08-01,26.6,29.0,24.8,31.5,34.4,83,10.8,10.8,0.0,11.0,3.04,6.7
2009-08-02,26.9,29.9,24.7,31.5,35.0,83,0.4,0.4,0.0,3.0,3.24,6.6
2009-08-03,25.5,27.3,23.5,28.9,30.1,83,0.0,0.0,0.0,0.0,4.48,9.1
2009-08-04,26.3,29.0,24.1,30.5,33.6,83,1.2,1.2,0.0,7.0,3.52,7.0
2009-08-05,26.8,29.4,25.4,31.9,35.1,88,4.3,4.3,0.0,10.0,4.11,9.0
2009-08-06,27.2,28.9,25.9,31.4,32.4,84,0.0,0.0,0.0,0.0,5.04,10.1
2009-08-07,26.7,30.0,25.1,30.5,34.1,85,1.6,1.6,0.0,9.0,5.73,11.0
2009-08-08,27.6,29.6,26.2,31.3,33.5,83,1.8,1.8,0.0,7.0,6.02,13.5
2009-08-09,28.0,30.7,26.0,30.9,33.7,77,0.0,0.0,0.0,0.0,6.88,14.8
2009-08-10,25.5,26.2,24.4,28.0,28.8,88,50.1,50.1,0.0,21.0,7.24,17.1
2009-08-11,27.0,30.4,24.2,30.2,34.6,80,3.4,3.4,0.0,6.0,6.41,12.5
2009-08-12,28.7,32.6,25.5,34.1,38.4,78,0.7,0.7,0.0,5.0,3.01,5.5
2009-08-13,28.8,31.7,26.8,34.9,37.9,81,0.3,0.3,0.0,3.0,1.78,5.0
2009-08-14,28.6,31.3,26.7,34.3,36.8,81,3.7,3.7,0.0,8.0,3.1,5.9
2009-08-15,29.0,32.4,26.4,35.2,40.0,82,2.4,2.4,0.0,6.0,3.41,6.6
2009-08-16,29.2,32.4,26.3,34.8,39.3,79,1.7,1.7,0.0,3.0,3.45,7.9
2009-08-17,29.5,33.0,26.7,34.9,39.4,79,1.0,1.0,0.0,2.0,4.5,9.8
2009-08-18,30.0,33.0,27.3,36.1,40.7,78,1.6,1.6,0.0,4.0,3.83,7.2
2009-08-19,31.4,35.4,27.6,37.5,42.6,73,0.5,0.5,0.0,1.0,3.32,7.7
2009-08-20,30.6,35.1,28.0,37.0,43.2,74,2.5,2.5,0.0,2.0,2.73,5.5
2009-08-21,30.4,34.2,27.2,36.8,41.7,77,0.8,0.8,0.0,4.0,4.22,7.1
2009-08-22,29.1,33.7,25.4,35.3,42.2,81,7.1,7.1,0.0,5.0,3.55,6.9
2009-08-23,26.9,29.7,24.7,31.8,34.9,85,0.7,0.7,0.0,4.0,2.92,6.3
2009-08-24,28.0,31.1,25.3,34.0,37.7,84,0.5,0.5,0.0,2.0,2.7,6.5
2009-08-25,29.8,33.9,26.2,36.1,41.3,78,0.0,0.0,0.0,0.0,2.27,5.6
2009-08-26,31.4,35.9,28.0,37.9,42.8,74,0.6,0.6,0.0,2.0,2.78,8.4
2009-08-27,29.6,34.7,26.6,35.5,41.5,76,0.3,0.3,0.0,2.0,2.56,9.5
2009-08-28,27.6,30.3,25.2,32.1,35.6,79,18.7,18.7,0.0,17.0,4.43,8.9
2009-08-29,22.3,25.1,17.7,23.1,27.8,87,36.4,36.4,0.0,24.0,7.71,14.4
2009-08-30,18.0,19.4,16.7,18.6,20.9,90,7.7,7.7,0.0,14.0,5.28,11.6
2009-08-31,20.5,22.6,18.2,22.5,24.3,85,0.7,0.7,0.0,5.0,2.21,5.9
2009-09-01,23.1,25.4,20.8,26.1,28.4,81,0.0,0.0,0.0,0.0,2.5,5.9
2009-09-02,25.7,29.9,22.3,29.8,34.8,84,0.6,0.6,0.0,2.0,3.7,7.0
2009-09-03,27.0,30.6,24.0,30.4,33.7,78,0.0,0.0,0.0,0.0,4.79,9.4
2009-09-04,27.5,31.4,24.4,31.1,35.2,78,0.0,0.0,0.0,0.0,5.37,10.9
2009-09-05,28.3,32.7,24.6,33.1,39.1,77,0.0,0.0,0.0,0.0,3.37,6.8
2009-09-06,28.8,33.3,25.3,34.0,39.9,76,0.0,0.0,0.0,0.0,3.18,5.6
2009-09-07,27.1,30.3,24.3,30.9,34.6,77,0.0,0.0,0.0,0.0,3.56,7.5
2009-09-08,23.2,25.1,21.7,25.2,27.4,81,0.1,0.1,0.0,1.0,3.81,8.4
2009-09-09,22.1,24.0,20.9,23.0,24.6,72,0.0,0.0,0.0,0.0,3.18,7.1
2009-09-10,23.9,28.0,20.4,26.3,31.4,72,0.0,0.0,0.0,0.0,2.97,6.2
2009-09-11,25.4,29.6,21.5,28.8,34.4,74,0.0,0.0,0.0,0.0,2.61,5.0
2009-09-12,22.7,24.9,20.4,24.1,27.0,73,0.1,0.1,0.0,1.0,3.55,6.6
2009-09-13,23.4,28.3,19.3,24.5,29.7,65,0.0,0.0,0.0,0.0,3.11,7.6
2009-09-14,22.7,25.8,20.5,24.6,28.0,78,0.4,0.4,0.0,2.0,4.07,8.2
2009-09-15,21.0,21.4,20.5,22.9,23.6,88,1.5,1.5,0.0,6.0,3.19,7.0
2009-09-16,22.2,24.1,20.8,24.8,26.5,88,5.0,5.0,0.0,7.0,3.86,7.7
2009-09-17,23.2,24.6,22.0,27.5,29.4,94,22.9,22.9,0.0,23.0,2.0,8.3
2009-09-18,22.5,23.3,21.8,25.4,27.6,94,27.1,27.1,0.0,24.0,4.32,8.2
2009-09-19,23.4,26.1,21.2,24.4,26.8,75,1.1,1.1,0.0,7.0,5.23,10.0
2009-09-20,22.5,25.0,18.8,24.4,28.2,83,7.1,7.1,0.0,13.0,5.36,8.8
2009-09-21,19.2,23.0,17.4,19.4,23.8,83,12.1,12.1,0.0,8.0,5.32,10.0
2009-09-22,21.0,25.0,17.0,21.7,25.2,69,0.0,0.0,0.0,0.0,2.25,6.1
2009-09-23,22.6,25.7,18.6,24.9,28.5,80,0.0,0.0,0.0,0.0,2.97,7.3
2009-09-24,24.7,28.0,22.0,28.1,32.0,84,1.7,1.7,0.0,7.0,3.57,7.7
2009-09-25,24.1,26.7,21.2,26.6,28.6,80,0.3,0.3,0.0,2.0,3.94,8.9
2009-09-26,22.9,26.5,20.0,24.9,28.0,76,0.1,0.1,0.0,1.0,3.07,6.9
2009-09-27,22.4,24.1,21.1,25.1,26.8,85,5.0,5.0,0.0,10.0,3.31,6.5
2009-09-28,22.5,25.9,20.3,24.5,27.2,80,1.5,1.5,0.0,3.0,3.61,7.6
2009-09-29,22.3,25.4,20.3,23.4,25.8,77,0.0,0.0,0.0,0.0,4.55,9.3
2009-09-30,22.7,26.6,18.7,24.3,28.0,77,0.0,0.0,0.0,0.0,3.76,8.7
2009-10-01,23.4,28.3,19.5,26.0,30.6,78,0.0,0.0,0.0,0.0,2.12,4.7
2009-10-02,22.8,29.4,18.4,24.6,31.4,74,0.0,0.0,0.0,0.0,2.72,5.8
2009-10-03,22.4,29.0,17.3,23.4,29.6,67,0.0,0.0,0.0,0.0,2.83,6.0
2009-10-04,22.4,29.1,16.9,22.5,28.8,60,0.0,0.0,0.0,0.0,2.85,5.7
2009-10-05,22.1,28.7,17.3,22.5,29.1,64,0.0,0.0,0.0,0.0,2.6,6.5
2009-10-06,22.3,28.7,16.3,22.4,28.1,61,0.0,0.0,0.0,0.0,3.8,7.6
2009-10-07,21.4,25.3,19.0,21.0,24.0,62,0.0,0.0,0.0,0.0,4.59,9.8
2009-10-08,20.8,23.5,18.7,21.0,23.6,64,0.0,0.0,0.0,0.0,2.9,7.4
2009-10-09,19.6,21.2,17.8,19.9,21.3,70,0.1,0.1,0.0,1.0,2.55,5.8
2009-10-10,20.1,23.1,17.3,19.4,22.0,68,0.0,0.0,0.0,0.0,5.2,10.3
2009-10-11,19.8,23.0,17.6,19.0,22.1,65,0.2,0.2,0.0,1.0,4.09,8.0
2009-10-12,18.6,20.1,16.9,19.3,21.0,77,0.2,0.2,0.0,1.0,2.19,4.9
2009-10-13,19.2,23.5,16.3,19.6,23.5,76,0.2,0.2,0.0,2.0,3.26,6.2
2009-10-14,18.0,23.0,14.1,16.6,21.4,51,0.0,0.0,0.0,0.0,3.71,7.1
2009-10-15,17.5,24.3,12.5,16.5,23.7,57,0.0,0.0,0.0,0.0,2.86,5.2
2009-10-16,19.9,26.8,13.5,18.9,25.8,59,0.0,0.0,0.0,0.0,4.04,8.9
2009-10-17,18.7,25.3,13.5,16.6,22.8,44,0.0,0.0,0.0,0.0,3.39,7.2
2009-10-18,18.7,24.9,11.9,17.2,23.4,55,0.0,0.0,0.0,0.0,3.24,6.9
2009-10-19,18.2,22.8,14.6,16.1,19.3,47,0.0,0.0,0.0,0.0,3.82,7.1
2009-10-20,18.2,25.3,11.9,16.3,22.9,52,0.0,0.0,0.0,0.0,3.51,8.2
2009-10-21,21.0,27.3,16.3,20.7,27.2,55,0.0,0.0,0.0,0.0,2.55,4.5
2009-10-22,21.2,27.7,16.7,21.3,27.7,58,0.0,0.0,0.0,0.0,2.82,3.6
2009-10-23,20.4,26.9,15.2,19.7,25.5,59,0.0,0.0,0.0,0.0,3.4,7.0
2009-10-24,19.9,25.8,15.5,18.7,23.5,61,0.0,0.0,0.0,0.0,4.44,9.1
2009-10-25,18.9,25.9,14.8,17.9,24.5,61,0.0,0.0,0.0,0.0,2.86,6.9
2009-10-26,18.9,25.8,13.7,18.3,25.1,64,0.0,0.0,0.0,0.0,2.53,6.0
2009-10-27,18.6,21.8,15.6,17.7,20.2,63,0.1,0.1,0.0,1.0,3.58,7.7
2009-10-28,18.7,24.4,13.4,18.2,24.1,67,0.0,0.0,0.0,0.0,2.69,7.2
2009-10-29,18.6,21.6,15.9,19.7,23.0,82,6.1,6.1,0.0,8.0,2.26,7.5
2009-10-30,21.3,25.9,18.0,23.2,27.7,82,0.8,0.8,0.0,3.0,2.53,6.7
2009-10-31,19.0,24.4,13.8,19.2,26.0,85,4.5,4.5,0.0,9.0,6.72,13.6
2009-11-01,14.4,18.0,11.0,13.1,16.2,78,1.7,1.7,0.0,5.0,4.34,9.2
2009-11-02,7.5,12.6,1.5,2.6,9.6,54,0.1,0.1,0.0,1.0,8.25,15.5
2009-11-03,6.1,11.9,-0.2,2.5,8.3,58,0.0,0.0,0.0,0.0,3.31,7.9
2009-11-04,12.1,19.5,6.7,9.4,16.8,57,0.0,0.0,0.0,0.0,2.91,5.4
2009-11-05,14.2,21.7,8.4,12.4,19.8,62,0.0,0.0,0.0,0.0,3.27,5.5
2009-11-06,16.5,23.9,9.9,14.8,21.9,61,0.0,0.0,0.0,0.0,3.54,5.9
2009-11-07,20.1,24.4,17.7,19.1,23.1,60,0.0,0.0,0.0,0.0,4.61,9.3
2009-11-08,20.3,26.4,16.0,20.9,27.5,71,0.0,0.0,0.0,0.0,2.6,4.8
2009-11-09,17.3,19.0,14.1,17.0,20.0,91,12.0,12.0,0.0,12.0,7.24,13.6
2009-11-10,9.6,13.8,8.0,6.2,10.9,82,4.2,4.2,0.0,6.0,7.28,13.5
2009-11-11,7.1,8.1,5.9,3.6,5.2,82,1.2,1.2,0.0,3.0,4.84,9.3
2009-11-12,4.8,7.9,1.8,0.5,5.1,90,6.7,6.7,0.0,13.0,6.53,12.8
2009-11-13,2.6,4.7,1.3,-1.7,0.5,84,0.0,0.0,0.0,0.0,6.06,11.3
2009-11-14,3.1,6.3,0.9,0.2,3.6,81,0.0,0.0,0.0,0.0,2.8,5.8
2009-11-15,3.7,5.8,0.3,-0.5,1.6,81,8.4,5.0,2.38,10.0,4.95,10.7
2009-11-16,-0.6,0.4,-1.6,-5.7,-4.2,97,19.3,0.2,13.37,24.0,6.32,11.9
2009-11-17,-1.5,0.3,-3.0,-6.2,-4.5,79,0.7,0.0,0.49,3.0,5.55,9.6
2009-11-18,0.3,2.9,-3.3,-2.9,-0.4,73,0.0,0.0,0.0,0.0,1.84,4.8
2009-11-19,2.7,6.5,-0.4,-0.5,2.9,72,0.0,0.0,0.0,0.0,2.25,6.3
2009-11-20,4.0,8.3,0.8,0.6,4.3,71,0.0,0.0,0.0,0.0,3.26,7.4
2009-11-21,4.1,8.7,0.3,1.0,6.3,69,0.0,0.0,0.0,0.0,2.62,4.7
2009-11-22,6.9,13.8,2.2,3.7,10.4,68,0.0,0.0,0.0,0.0,3.54,5.9
2009-11-23,8.6,16.1,2.7,5.3,12.1,67,0.0,0.0,0.0,0.0,4.26,8.8
2009-11-24,10.4,18.5,4.5,8.1,16.5,65,0.0,0.0,0.0,0.0,2.92,4.5
2009-11-25,10.0,15.6,5.8,7.9,13.3,76,0.0,0.0,0.0,0.0,2.94,6.1
2009-11-26,9.6,12.5,7.4,7.8,11.5,88,0.0,0.0,0.0,0.0,3.22,5.7
2009-11-27,8.9,10.0,6.2,6.0,8.0,87,0.3,0.3,0.0,3.0,5.38,10.6
2009-11-28,4.6,6.4,2.3,0.8,2.5,92,13.8,13.8,0.0,20.0,4.88,10.0
2009-11-29,3.5,4.7,2.3,0.4,2.2,84,0.0,0.0,0.0,0.0,3.93,7.1
2009-11-30,4.7,8.7,2.1,2.1,6.8,81,0.0,0.0,0.0,0.0,1.8,4.7
2009-12-01,5.2,10.6,1.4,2.8,8.6,85,0.0,0.0,0.0,0.0,2.82,4.7
2009-12-02,5.2,7.2,3.5,2.7,4.6,91,0.0,0.0,0.0,0.0,3.11,5.6
2009-12-03,5.0,10.8,1.3,2.1,7.9,74,0.0,0.0,0.0,0.0,2.75,5.3
2009-12-04,6.9,12.2,1.6,3.1,8.5,62,0.0,0.0,0.0,0.0,5.01,9.8
2009-12-05,5.3,9.8,1.1,1.5,6.3,49,0.0,0.0,0.0,0.0,4.26,9.2
2009-12-06,6.2,10.5,2.5,2.1,6.0,58,0.0,0.0,0.0,0.0,4.22,8.5
2009-12-07,7.3,9.7,5.4,4.7,7.3,77,0.5,0.5,0.0,2.0,3.51,7.2
2009-12-08,7.1,7.9,6.6,4.6,6.0,93,3.4,3.4,0.0,10.0,3.72,6.8
2009-12-09,8.0,9.6,6.8,5.8,7.3,85,0.7,0.7,0.0,2.0,3.14,6.8
2009-12-10,7.8,9.9,6.5,6.2,8.3,91,6.1,6.1,0.0,10.0,2.05,5.0
2009-12-11,8.4,10.8,5.5,6.7,9.6,89,0.0,0.0,0.0,0.0,3.41,5.8
2009-12-12,7.1,9.0,5.3,4.2,6.7,93,9.2,9.2,0.0,16.0,4.53,8.4
2009-12-13,4.4,5.2,3.6,1.2,2.6,89,0.6,0.6,0.0,2.0,4.32,7.9
2009-12-14,5.4,6.6,4.0,1.9,2.8,83,9.3,9.3,0.0,9.0,5.33,9.7
2009-12-15,2.8,3.7,1.7,-1.1,-0.1,94,15.1,12.4,1.89,18.0,5.02,9.9
2009-12-16,3.3,5.0,1.1,0.4,2.2,79,0.0,0.0,0.0,0.0,2.15,4.6
2009-12-17,3.4,7.1,0.6,-0.3,2.2,73,0.0,0.0,0.0,0.0,4.44,9.3
2009-12-18,0.5,4.0,-2.3,-3.5,-0.1,62,0.0,0.0,0.0,0.0,2.77,5.8
2009-12-19,-0.3,4.5,-4.3,-4.2,0.3,63,0.0,0.0,0.0,0.0,2.7,5.0
2009-12-20,-0.1,4.1,-3.2,-4.8,-2.0,60,0.0,0.0,0.0,0.0,5.64,11.5
2009-12-21,0.8,6.3,-4.5,-3.6,1.6,60,0.0,0.0,0.0,0.0,3.59,7.4
2009-12-22,5.4,12.8,0.3,1.7,9.3,65,0.0,0.0,0.0,0.0,3.82,7.4
2009-12-23,7.1,11.6,2.4,4.4,8.5,72,0.0,0.0,0.0,0.0,2.77,6.2
2009-12-24,9.4,13.5,6.1,7.4,12.0,75,0.0,0.0,0.0,0.0,3.14,5.5
2009-12-25,5.2,7.3,1.0,0.7,4.2,55,0.0,0.0,0.0,0.0,5.63,11.9
2009-12-26,1.4,4.2,-1.4,-3.4,-1.0,52,0.0,0.0,0.0,0.0,4.61,9.7
2009-12-27,0.5,3.5,-2.6,-4.0,-1.6,62,0.5,0.0,0.42,2.0,4.48,10.3
2009-12-28,0.9,5.8,-4.6,-3.6,0.8,67,0.0,0.0,0.0,0.0,4.2,8.7
2009-12-29,3.1,7.6,-0.9,-0.4,4.2,68,0.0,0.0,0.0,0.0,3.45,6.0
2009-12-30,3.3,9.3,-0.8,-0.5,5.4,66,0.0,0.0,0.0,0.0,3.32,7.2
2009-12-31,1.5,5.6,-1.8,-2.9,0.7,50,0.0,0.0,0.0,0.0,3.3,7.5
