time,temperature_2m_mean,temperature_2m_max,temperature_2m_min,apparent_temperature_mean,apparent_temperature_max,relative_humidity_2m_mean,precipitation_sum,rain_sum,snowfall_sum,precipitation_hours,wind_speed_10m_max,wind_gusts_10m_max
2010-01-01,0.4,6.5,-2.9,-4.4,2.6,50,0.0,0.0,0.0,0.0,5.39,11.6
2010-01-02,-3.3,-1.6,-5.4,-8.2,-6.8,77,0.0,0.0,0.0,0.0,5.25,11.3
2010-01-03,-3.9,-1.9,-5.7,-8.3,-5.7,76,0.0,0.0,0.14,0.0,3.51,8.9
2010-01-04,-8.2,-4.6,-12.1,-14.1,-9.5,51,0.0,0.0,0.0,0.0,6.21,13.3
2010-01-05,-10.8,-6.4,-14.2,-15.7,-11.7,37,0.0,0.0,0.0,0.0,3.14,7.3
2010-01-06,-8.3,-3.8,-11.9,-13.2,-8.9,34,0.0,0.0,0.0,0.0,2.64,6.6
2010-01-07,-7.5,-3.0,-10.9,-12.2,-7.7,38,0.0,0.0,0.0,0.0,2.08,5.4
2010-01-08,-5.6,-0.7,-10.9,-10.0,-5.7,49,0.0,0.0,0.0,0.0,2.82,6.5
2010-01-09,-4.7,-1.6,-7.4,-9.3,-6.8,54,0.0,0.0,0.0,0.0,3.31,7.7
2010-01-10,-5.3,-0.7,-9.0,-9.7,-5.1,68,0.0,0.0,0.0,0.0,2.73,6.7
2010-01-11,-5.2,-1.2,-7.8,-10.2,-6.9,44,0.0,0.0,0.0,0.0,4.22,9.4
2010-01-12,-7.3,-4.1,-11.3,-12.9,-10.1,34,0.0,0.0,0.0,0.0,5.46,11.5
2010-01-13,-7.7,-2.1,-13.8,-13.0,-7.7,27,0.0,0.0,0.0,0.0,3.8,7.9
2010-01-14,-2.4,4.2,-6.0,-8.1,-1.6,36,0.0,0.0,0.0,0.0,5.3,10.5
2010-01-15,-4.2,0.8,-7.5,-8.9,-3.8,44,0.0,0.0,0.0,0.0,2.88,5.5
2010-01-16,-2.5,4.9,-8.2,-7.3,-0.8,54,0.0,0.0,0.0,0.0,4.46,10.0
2010-01-17,1.7,8.2,-2.1,-2.7,3.6,63,0.0,0.0,0.0,0.0,4.4,9.5
2010-01-18,3.8,10.5,-1.0,0.5,7.6,74,0.0,0.0,0.0,0.0,2.6,5.8
2010-01-19,4.6,7.3,1.4,1.8,5.5,80,0.0,0.0,0.0,0.0,2.98,6.0
2010-01-20,-0.2,4.1,-4.7,-4.8,1.9,84,3.6,2.1,1.12,15.0,7.76,14.7
2010-01-21,-4.1,-1.1,-6.3,-9.0,-6.3,44,0.0,0.0,0.0,0.0,4.41,8.8
2010-01-22,-3.3,1.0,-6.4,-8.1,-4.3,41,0.0,0.0,0.0,0.0,3.52,7.9
2010-01-23,-2.2,3.6,-6.8,-7.0,-1.5,39,0.0,0.0,0.0,0.0,3.61,7.7
2010-01-24,1.5,7.6,-1.8,-3.6,2.4,43,0.0,0.0,0.0,0.0,5.02,10.2
2010-01-25,-2.4,1.9,-6.0,-7.6,-2.4,23,0.0,0.0,0.0,0.0,5.51,11.6
2010-01-26,0.7,6.1,-4.8,-5.0,-0.3,28,0.0,0.0,0.0,0.0,5.87,11.9
2010-01-27,3.3,7.5,-1.2,-1.5,2.9,48,0.0,0.0,0.0,0.0,4.92,10.5
2010-01-28,1.1,6.5,-3.4,-2.9,2.7,56,0.0,0.0,0.0,0.0,3.47,7.0
2010-01-29,0.5,7.3,-5.2,-3.8,2.5,52,0.0,0.0,0.0,0.0,3.06,7.7
2010-01-30,4.2,9.4,0.2,0.7,5.7,59,0.0,0.0,0.0,0.0,2.5,7.0
2010-01-31,2.8,8.3,-1.7,-1.6,3.1,44,0.0,0.0,0.0,0.0,3.82,9.2
2010-02-01,-0.4,5.1,-4.8,-5.1,1.1,54,0.0,0.0,0.0,0.0,4.24,8.5
2010-02-02,-2.8,1.3,-5.5,-7.5,-3.5,64,0.0,0.0,0.0,0.0,3.73,8.1
2010-02-03,-2.3,2.2,-6.1,-6.0,-1.2,73,0.0,0.0,0.0,0.0,2.31,4.9
2010-02-04,-0.9,4.7,-5.4,-4.4,1.3,79,0.0,0.0,0.0,0.0,2.55,5.7
2010-02-05,-0.4,1.7,-2.1,-4.6,-2.1,78,0.0,0.0,0.0,0.0,4.46,8.8
2010-02-06,0.2,3.7,-2.4,-3.5,0.4,79,0.0,0.0,0.0,0.0,3.45,7.2
2010-02-07,2.0,4.1,0.4,-1.1,1.5,85,0.0,0.0,0.0,0.0,3.22,7.8
2010-02-08,2.3,3.4,1.0,-0.7,0.6,90,0.0,0.0,0.0,0.0,3.6,7.0
2010-02-09,0.4,2.0,-1.3,-4.2,-1.2,88,1.5,0.9,0.49,8.0,5.74,11.4
2010-02-10,-2.5,-0.9,-5.8,-8.9,-6.8,58,3.7,0.0,2.73,8.0,7.5,16.0
2010-02-11,-4.8,-2.4,-8.2,-10.5,-8.6,57,1.5,0.0,1.05,6.0,6.69,12.8
2010-02-12,-5.5,-1.0,-9.5,-9.8,-4.7,49,0.0,0.0,0.0,0.0,2.02,6.8
2010-02-13,-3.0,2.6,-8.3,-7.3,-1.6,50,0.0,0.0,0.0,0.0,2.26,6.1
2010-02-14,-0.3,3.6,-2.8,-4.7,-1.3,50,0.0,0.0,0.0,0.0,3.81,7.7
2010-02-15,-2.8,0.6,-5.4,-7.4,-4.5,52,0.0,0.0,0.0,0.0,4.03,8.7
2010-02-16,-1.7,2.9,-6.7,-6.5,-2.1,47,0.0,0.0,0.0,0.0,4.81,9.4
2010-02-17,0.4,3.5,-3.6,-5.2,-2.9,45,0.0,0.0,0.0,0.0,6.73,13.7
2010-02-18,0.5,5.9,-3.8,-4.6,1.0,29,0.0,0.0,0.0,0.0,4.63,8.9
2010-02-19,4.1,10.4,-1.4,-0.9,5.4,32,0.0,0.0,0.0,0.0,4.84,11.1
2010-02-20,8.4,14.6,2.7,3.8,10.2,46,0.0,0.0,0.0,0.0,5.36,10.6
2010-02-21,9.6,15.0,5.1,5.8,12.3,52,0.0,0.0,0.0,0.0,5.66,10.9
2010-02-22,7.5,14.0,1.9,4.3,12.3,63,0.0,0.0,0.0,0.0,3.91,7.1
2010-02-23,12.9,18.4,7.9,8.7,14.0,59,0.0,0.0,0.0,0.0,7.23,14.8
2010-02-24,13.7,16.4,10.8,11.5,14.8,66,1.3,1.3,0.0,4.0,5.3,11.6
2010-02-25,4.5,10.9,-1.3,-0.3,8.7,70,1.5,1.5,0.0,5.0,6.32,13.3
2010-02-26,3.4,10.1,-2.0,-1.4,6.1,55,0.0,0.0,0.0,0.0,4.49,9.4
2010-02-27,4.8,9.8,1.1,1.8,6.9,65,1.4,1.4,0.0,4.0,3.1,7.2
2010-02-28,0.4,2.8,-3.6,-3.9,0.2,87,9.7,2.5,5.04,12.0,6.44,13.2
2010-03-01,-3.2,-1.2,-4.8,-7.8,-5.4,81,0.3,0.0,0.28,2.0,6.64,12.3
2010-03-02,1.1,6.7,-3.5,-2.3,4.0,68,0.0,0.0,0.0,0.0,3.22,7.6
2010-03-03,3.0,6.6,-0.7,-0.5,3.6,55,0.0,0.0,0.0,0.0,2.4,5.0
2010-03-04,5.5,9.3,2.0,2.4,6.9,64,0.0,0.0,0.0,0.0,2.42,6.4
2010-03-05,2.2,5.4,-1.5,-2.7,2.5,63,0.0,0.0,0.14,0.0,7.44,14.6
2010-03-06,-0.7,2.1,-2.5,-6.0,-3.0,49,0.0,0.0,0.0,0.0,5.42,11.2
2010-03-07,-1.0,3.0,-3.7,-6.5,-2.3,46,0.0,0.0,0.0,0.0,5.65,11.6
2010-03-08,-2.1,0.1,-4.1,-7.6,-5.3,60,0.0,0.0,0.0,0.0,5.11,10.4
2010-03-09,-3.5,-0.3,-6.3,-9.0,-7.3,45,0.0,0.0,0.0,0.0,7.2,15.3
2010-03-10,2.0,8.0,-4.2,-3.4,2.9,30,0.0,0.0,0.0,0.0,5.02,10.4
2010-03-11,9.0,14.2,2.9,3.5,9.7,47,0.0,0.0,0.0,0.0,8.19,15.9
2010-03-12,9.5,12.3,5.0,4.5,7.0,39,0.0,0.0,0.0,0.0,7.34,15.5
2010-03-13,7.6,13.3,2.4,3.5,9.9,36,0.0,0.0,0.0,0.0,4.21,8.2
2010-03-14,3.9,5.9,2.0,0.4,3.1,66,4.8,4.8,0.0,7.0,3.7,7.3
2010-03-15,4.2,9.1,0.4,0.1,3.1,59,0.0,0.0,0.0,0.0,7.4,14.9
2010-03-16,7.1,13.7,0.1,2.9,9.4,41,0.1,0.1,0.0,1.0,5.44,13.0
2010-03-17,5.3,8.6,2.5,1.1,5.8,66,0.0,0.0,0.0,0.0,5.89,12.7
2010-03-18,4.3,7.4,-0.3,0.5,3.4,70,0.0,0.0,0.0,0.0,5.0,10.1
2010-03-19,11.2,19.1,5.4,8.4,17.8,74,0.0,0.0,0.0,0.0,5.95,14.5
2010-03-20,10.0,13.3,3.8,4.0,6.8,34,0.0,0.0,0.0,0.0,10.62,21.0
2010-03-21,9.2,15.3,2.9,4.7,10.3,36,0.0,0.0,0.0,0.0,5.48,12.3
2010-03-22,10.9,13.1,8.4,7.5,9.5,46,0.0,0.0,0.0,0.0,3.64,9.5
2010-03-23,8.8,12.4,5.4,4.3,8.2,32,0.0,0.0,0.0,0.0,4.3,9.8
2010-03-24,8.3,13.7,3.2,4.6,11.8,45,0.0,0.0,0.0,0.0,5.63,11.1
2010-03-25,3.7,7.5,0.2,-1.2,3.4,52,2.2,1.7,0.49,4.0,5.9,13.3
2010-03-26,9.6,15.4,4.2,4.1,10.4,31,0.0,0.0,0.0,0.0,6.54,13.0
2010-03-27,9.8,14.0,3.8,5.5,9.9,48,0.0,0.0,0.0,0.0,5.86,12.1
2010-03-28,8.4,15.4,1.4,5.3,14.0,53,0.0,0.0,0.0,0.0,3.14,6.8
2010-03-29,11.8,16.3,6.6,8.4,12.1,52,0.0,0.0,0.0,0.0,4.49,9.3
2010-03-30,12.3,15.8,9.4,8.9,13.6,52,0.0,0.0,0.0,0.0,5.22,10.8
2010-03-31,13.2,17.5,9.2,11.2,16.6,68,0.0,0.0,0.0,0.0,3.86,9.0
2010-04-01,10.8,13.4,6.5,6.0,11.5,26,0.1,0.1,0.0,1.0,6.42,12.3
2010-04-02,10.8,15.5,6.9,5.9,11.1,22,0.0,0.0,0.0,0.0,6.06,11.9
2010-04-03,12.8,18.5,6.2,7.1,13.2,29,0.0,0.0,0.0,0.0,7.94,16.9
2010-04-04,15.7,21.1,10.5,11.4,18.2,41,0.0,0.0,0.0,0.0,7.93,15.2
2010-04-05,16.1,20.9,6.6,13.8,20.3,58,0.0,0.0,0.0,0.0,6.89,14.4
2010-04-06,9.0,14.0,4.6,4.8,10.3,43,0.0,0.0,0.0,0.0,6.92,14.8
2010-04-07,11.7,17.2,5.3,6.7,12.6,31,0.0,0.0,0.0,0.0,7.31,14.0
2010-04-08,13.6,19.3,8.4,7.2,13.7,34,0.0,0.0,0.0,0.0,9.15,18.6
2010-04-09,14.5,19.1,10.8,10.6,15.2,49,0.0,0.0,0.0,0.0,8.53,15.7
2010-04-10,9.8,13.3,6.3,6.3,11.4,63,0.6,0.6,0.0,2.0,6.04,13.7
2010-04-11,7.8,9.7,5.7,4.5,6.0,57,0.0,0.0,0.0,0.0,3.78,7.8
2010-04-12,6.4,8.5,3.3,2.7,5.7,60,2.6,2.6,0.0,7.0,5.1,9.9
2010-04-13,6.5,10.3,0.3,2.1,6.6,26,0.0,0.0,0.0,0.0,4.12,9.6
2010-04-14,6.2,7.8,4.1,2.2,4.4,53,0.1,0.1,0.0,1.0,4.37,9.6
2010-04-15,7.3,11.8,2.6,2.7,8.3,61,0.0,0.0,0.0,0.0,6.14,13.2
2010-04-16,11.0,16.9,5.7,7.6,14.9,62,0.1,0.1,0.0,1.0,6.15,12.9
2010-04-17,13.7,18.8,7.7,11.8,17.4,62,0.0,0.0,0.0,0.0,3.4,9.7
2010-04-18,17.2,21.9,13.3,14.8,20.4,60,0.0,0.0,0.0,0.0,5.69,12.0
2010-04-19,16.7,21.5,12.4,16.1,22.7,70,0.0,0.0,0.0,0.0,4.57,9.8
2010-04-20,13.3,17.1,10.6,10.5,14.3,70,0.0,0.0,0.0,0.0,5.33,11.2
2010-04-21,9.7,11.1,8.9,6.3,7.5,71,5.6,5.6,0.0,15.0,5.61,10.8
2010-04-22,12.4,17.5,7.2,10.0,16.3,52,0.8,0.8,0.0,1.0,4.08,8.9
2010-04-23,12.7,18.4,7.1,10.5,16.4,55,0.0,0.0,0.0,0.0,3.04,7.8
2010-04-24,15.1,20.7,8.4,11.5,17.6,46,0.0,0.0,0.0,0.0,6.36,12.7
2010-04-25,15.7,18.0,13.2,11.8,13.6,49,0.7,0.7,0.0,3.0,6.34,13.2
2010-04-26,11.9,17.3,5.1,8.4,13.8,56,1.5,1.5,0.0,3.0,9.46,16.9
2010-04-27,11.0,17.9,4.3,6.5,13.3,38,0.6,0.6,0.0,4.0,8.75,17.6
2010-04-28,9.9,14.0,5.4,4.3,8.0,33,0.0,0.0,0.0,0.0,8.58,16.2
2010-04-29,13.9,20.1,7.4,9.3,15.5,27,0.0,0.0,0.0,0.0,6.95,14.7
2010-04-30,15.4,21.3,6.9,12.0,18.7,31,0.0,0.0,0.0,0.0,4.2,9.2
2010-05-01,20.5,27.5,13.2,17.4,25.1,40,0.0,0.0,0.0,0.0,6.22,13.0
2010-05-02,25.3,31.5,18.6,24.1,30.6,55,0.0,0.0,0.0,0.0,8.38,16.9
2010-05-03,27.3,31.2,22.9,27.5,32.2,55,0.1,0.1,0.0,1.0,7.18,14.5
2010-05-04,24.7,29.4,20.8,24.9,30.2,57,4.1,4.1,0.0,6.0,5.59,12.0
2010-05-05,21.7,26.0,18.3,21.2,25.2,64,2.2,2.2,0.0,4.0,5.92,11.9
2010-05-06,19.1,23.7,14.3,15.9,21.4,35,0.0,0.0,0.0,0.0,5.59,10.0
2010-05-07,21.6,27.6,15.1,18.2,25.0,40,0.0,0.0,0.0,0.0,7.52,15.1
2010-05-08,22.5,26.9,18.2,20.8,25.6,45,0.0,0.0,0.0,0.0,5.0,10.0
2010-05-09,18.8,23.5,13.2,16.1,21.2,46,0.0,0.0,0.0,0.0,6.76,14.0
2010-05-10,18.7,25.1,10.8,14.9,21.2,30,0.0,0.0,0.0,0.0,6.26,13.1
2010-05-11,17.9,22.4,12.1,15.0,21.0,34,0.0,0.0,0.0,0.0,4.22,8.6
2010-05-12,18.3,23.4,11.9,16.1,22.7,43,0.0,0.0,0.0,0.0,3.75,7.9
2010-05-13,19.6,24.8,13.6,18.5,25.3,48,0.0,0.0,0.0,0.0,2.51,6.4
2010-05-14,18.4,22.7,13.4,16.4,21.2,46,0.0,0.0,0.0,0.0,3.67,9.2
2010-05-15,19.1,24.6,13.3,18.0,25.4,53,0.0,0.0,0.0,0.0,3.35,8.0
2010-05-16,15.9,16.7,14.5,16.3,17.8,87,4.9,4.9,0.0,13.0,2.72,6.5
2010-05-17,16.0,17.3,15.3,17.1,18.5,97,7.0,7.0,0.0,10.0,2.75,6.0
2010-05-18,18.9,23.0,15.0,17.9,22.0,68,0.0,0.0,0.0,0.0,5.1,11.5
2010-05-19,22.7,29.2,14.7,20.4,27.1,41,0.0,0.0,0.0,0.0,5.19,11.1
2010-05-20,24.9,30.5,19.3,23.5,29.3,42,0.0,0.0,0.0,0.0,5.22,11.1
2010-05-21,21.9,25.2,17.8,22.3,25.4,64,0.1,0.1,0.0,1.0,3.11,6.1
2010-05-22,19.8,23.9,14.8,19.8,24.0,68,0.0,0.0,0.0,0.0,5.2,11.0
2010-05-23,21.2,28.4,12.5,20.5,27.4,59,0.0,0.0,0.0,0.0,5.22,10.6
2010-05-24,23.3,27.5,18.3,22.3,26.4,52,0.0,0.0,0.0,0.0,6.36,13.6
2010-05-25,23.3,28.7,17.7,22.5,28.3,47,0.0,0.0,0.0,0.0,3.83,9.0
2010-05-26,24.2,30.1,16.4,23.7,29.7,49,0.0,0.0,0.0,0.0,3.69,8.6
2010-05-27,21.6,25.0,17.7,21.9,25.8,64,4.2,4.2,0.0,7.0,3.82,7.9
2010-05-28,21.1,25.1,17.5,22.0,25.9,75,0.2,0.2,0.0,1.0,4.6,10.2
2010-05-29,24.4,29.3,19.3,25.0,31.1,62,0.0,0.0,0.0,0.0,4.63,10.2
2010-05-30,24.1,29.3,17.8,24.1,29.9,59,0.0,0.0,0.0,0.0,5.6,11.8
2010-05-31,19.8,24.8,15.2,19.4,24.2,67,0.0,0.0,0.0,0.0,4.78,10.7
2010-06-01,20.2,25.4,14.0,20.3,26.0,64,0.0,0.0,0.0,0.0,3.47,8.0
2010-06-02,22.4,26.7,17.2,22.9,29.0,60,0.0,0.0,0.0,0.0,3.81,8.3
2010-06-03,20.5,24.0,18.2,22.6,27.5,81,7.3,7.3,0.0,9.0,2.1,5.8
2010-06-04,21.6,25.8,17.5,23.4,28.6,74,0.8,0.8,0.0,2.0,2.53,5.4
2010-06-05,22.7,26.6,18.9,23.9,28.5,68,0.3,0.3,0.0,3.0,3.18,8.1
2010-06-06,23.8,27.9,19.9,25.1,29.6,65,0.2,0.2,0.0,1.0,3.2,8.1
2010-06-07,24.2,29.1,19.1,24.2,30.1,51,0.0,0.0,0.0,0.0,3.1,7.7
2010-06-08,24.6,29.9,17.8,24.4,30.1,46,0.0,0.0,0.0,0.0,3.49,7.5
2010-06-09,22.1,24.0,20.0,22.6,24.1,61,0.3,0.3,0.0,2.0,2.7,6.2
2010-06-10,18.7,20.4,17.8,19.8,21.2,87,11.0,11.0,0.0,13.0,3.07,7.0
2010-06-11,19.8,22.8,17.2,20.7,23.3,80,0.3,0.3,0.0,1.0,3.33,8.6
2010-06-12,22.4,28.2,15.9,24.3,31.7,70,0.0,0.0,0.0,0.0,2.44,5.1
2010-06-13,26.1,31.6,20.0,28.3,36.0,64,0.0,0.0,0.0,0.0,3.4,7.7
2010-06-14,28.1,33.4,22.9,29.6,35.7,55,0.0,0.0,0.0,0.0,4.13,8.3
2010-06-15,29.6,35.3,23.6,30.3,36.6,49,0.0,0.0,0.0,0.0,4.66,11.0
2010-06-16,29.8,34.6,25.7,29.7,34.3,45,0.0,0.0,0.0,0.0,7.0,14.0
2010-06-17,26.7,32.7,21.1,28.7,35.9,63,9.3,9.3,0.0,4.0,4.01,9.5
2010-06-18,22.4,25.5,19.5,24.7,28.2,81,12.2,12.2,0.0,5.0,3.32,9.3
2010-06-19,23.8,28.9,18.9,26.1,31.7,72,0.0,0.0,0.0,0.0,3.01,10.2
2010-06-20,26.0,30.6,19.8,28.5,32.8,67,0.0,0.0,0.0,0.0,3.96,8.9
2010-06-21,27.7,33.6,20.4,28.8,34.3,56,0.0,0.0,0.0,0.0,6.32,10.3
2010-06-22,27.0,32.1,21.5,28.0,35.1,59,5.1,5.1,0.0,4.0,6.33,12.3
2010-06-23,22.8,25.8,20.5,25.4,28.5,83,11.0,11.0,0.0,8.0,4.3,9.0
2010-06-24,24.5,28.5,20.5,27.2,31.9,72,4.5,4.5,0.0,6.0,2.92,8.0
2010-06-25,24.6,29.5,19.1,26.9,32.9,67,0.0,0.0,0.0,0.0,2.64,5.8
2010-06-26,26.0,30.9,19.9,28.8,34.4,65,0.0,0.0,0.0,0.0,1.92,5.4
2010-06-27,28.0,32.8,22.5,30.6,36.3,62,0.0,0.0,0.0,0.0,3.82,9.2
2010-06-28,29.1,33.5,24.7,30.4,35.2,53,0.0,0.0,0.0,0.0,5.69,11.8
2010-06-29,30.2,34.8,25.9,33.4,38.5,59,0.0,0.0,0.0,0.0,4.63,10.2
2010-06-30,30.3,34.0,26.6,35.1,39.8,68,0.8,0.8,0.0,3.0,3.67,6.8
2010-07-01,26.0,27.0,25.2,31.1,32.9,91,30.7,30.7,0.0,22.0,5.08,8.5
2010-07-02,24.9,26.4,23.5,28.9,30.7,88,0.2,0.2,0.0,2.0,3.26,7.6
2010-07-03,27.7,32.6,22.7,31.7,35.6,71,0.0,0.0,0.0,0.0,2.97,8.5
2010-07-04,29.6,34.6,23.6,34.0,40.0,64,0.0,0.0,0.0,0.0,2.53,4.5
2010-07-05,30.6,35.8,25.8,34.8,40.7,60,0.3,0.3,0.0,1.0,2.22,4.9
2010-07-06,30.7,37.6,25.1,34.0,40.6,57,0.0,0.0,0.0,0.0,2.94,7.0
2010-07-07,29.4,33.2,25.2,32.8,36.8,64,0.0,0.0,0.0,0.0,3.71,7.9
2010-07-08,25.9,30.2,21.7,29.9,35.1,79,23.1,23.1,0.0,11.0,3.0,9.7
2010-07-09,27.2,31.3,23.0,31.3,34.7,73,0.0,0.0,0.0,0.0,2.43,6.9
2010-07-10,24.6,27.1,21.5,27.5,28.8,74,1.3,1.3,0.0,4.0,2.7,6.6
2010-07-11,25.7,30.8,19.9,29.2,35.1,73,0.0,0.0,0.0,0.0,2.79,5.9
2010-07-12,27.7,32.1,24.2,31.4,36.3,69,0.0,0.0,0.0,0.0,3.2,7.4
2010-07-13,27.7,31.2,23.9,31.8,36.9,70,0.0,0.0,0.0,0.0,2.82,5.7
2010-07-14,27.6,31.1,24.9,33.1,37.2,79,0.6,0.6,0.0,2.0,1.5,5.7
2010-07-15,27.6,29.8,25.7,31.7,33.8,76,0.0,0.0,0.0,0.0,3.89,9.8
2010-07-16,27.5,30.8,24.0,31.6,35.5,73,0.0,0.0,0.0,0.0,2.42,6.5
2010-07-17,26.4,29.7,23.9,31.1,33.9,81,2.2,2.2,0.0,5.0,2.12,5.5
2010-07-18,26.7,30.4,22.6,30.7,34.5,75,0.0,0.0,0.0,0.0,2.5,6.6
2010-07-19,24.6,27.3,21.3,28.2,31.9,89,60.7,60.7,0.0,17.0,5.61,14.2
2010-07-20,23.7,27.1,20.2,26.4,30.4,82,0.1,0.1,0.0,1.0,4.61,9.7
2010-07-21,26.6,29.8,23.7,30.9,34.4,76,0.2,0.2,0.0,1.0,1.64,5.6
2010-07-22,28.3,32.5,24.1,33.4,38.5,76,0.1,0.1,0.0,1.0,2.24,5.8
2010-07-23,28.3,32.0,25.2,33.5,37.2,77,0.5,0.5,0.0,2.0,2.48,6.6
2010-07-24,28.3,32.0,25.0,34.0,38.5,78,0.1,0.1,0.0,1.0,2.12,5.2
2010-07-25,28.5,32.4,24.7,34.2,39.2,78,0.7,0.7,0.0,4.0,2.8,4.8
2010-07-26,29.0,32.1,25.9,34.4,38.5,77,0.7,0.7,0.0,3.0,3.1,6.6
2010-07-27,28.9,33.2,25.4,34.0,38.7,74,0.0,0.0,0.0,0.0,3.21,6.2
2010-07-28,29.0,32.9,25.4,33.7,38.4,73,0.0,0.0,0.0,0.0,3.12,6.9
2010-07-29,30.4,34.3,26.7,35.4,40.3,72,0.0,0.0,0.0,0.0,4.79,9.7
2010-07-30,32.0,35.6,28.5,38.2,43.0,73,0.0,0.0,0.0,0.0,3.71,8.9
2010-07-31,32.1,34.9,29.5,38.3,41.1,72,0.3,0.3,0.0,1.0,4.25,10.8
2010-08-01,26.5,29.0,24.2,30.8,35.5,83,3.6,3.6,0.0,16.0,4.7,9.7
2010-08-02,25.9,29.5,22.6,29.9,34.3,79,4.7,4.7,0.0,10.0,2.55,5.8
2010-08-03,28.9,33.0,24.5,34.3,38.6,78,0.0,0.0,0.0,0.0,2.59,7.0
2010-08-04,29.7,33.8,25.6,36.4,42.5,82,52.0,52.0,0.0,13.0,3.18,7.1
2010-08-05,25.8,28.4,22.7,29.7,32.2,83,4.3,4.3,0.0,8.0,4.36,9.6
2010-08-06,25.5,29.9,21.7,28.1,33.2,70,0.0,0.0,0.0,0.0,3.89,8.4
2010-08-07,26.2,30.5,21.9,30.4,36.8,78,0.7,0.7,0.0,3.0,3.03,7.0
2010-08-08,27.5,30.9,25.4,32.7,37.2,85,11.2,11.2,0.0,13.0,3.55,9.2
2010-08-09,26.3,29.2,24.6,31.7,35.4,89,22.7,22.7,0.0,19.0,3.26,7.1
2010-08-10,26.2,28.2,24.7,31.8,34.4,91,4.3,4.3,0.0,10.0,2.76,6.9
2010-08-11,26.8,29.9,25.1,32.7,36.6,88,16.6,16.6,0.0,12.0,2.24,7.9
2010-08-12,26.4,29.3,24.2,32.2,35.2,90,10.0,10.0,0.0,12.0,2.15,5.8
2010-08-13,26.6,30.1,23.9,32.6,37.0,89,7.0,7.0,0.0,6.0,2.2,6.4
2010-08-14,26.0,29.3,23.9,30.4,34.1,88,31.8,31.8,0.0,10.0,4.0,9.0
2010-08-15,26.4,30.4,22.1,30.8,35.6,78,0.0,0.0,0.0,0.0,2.39,4.8
2010-08-16,26.6,31.6,23.6,31.5,37.0,80,0.0,0.0,0.0,0.0,1.77,4.6
2010-08-17,26.9,31.0,23.8,30.9,35.4,75,0.0,0.0,0.0,0.0,2.72,5.9
2010-08-18,27.2,31.4,22.8,31.6,36.1,78,0.0,0.0,0.0,0.0,2.69,5.8
2010-08-19,26.5,31.2,24.5,31.8,37.9,88,14.2,14.2,0.0,17.0,4.22,9.8
2010-08-20,26.0,29.9,23.8,31.4,36.2,91,9.3,9.3,0.0,11.0,3.6,9.6
2010-08-21,27.4,31.4,24.5,32.7,36.9,84,3.6,3.6,0.0,7.0,3.89,11.7
2010-08-22,21.6,25.3,20.0,24.5,30.9,94,12.8,12.8,0.0,17.0,3.96,12.3
2010-08-23,21.4,23.4,19.9,23.9,25.2,88,2.9,2.9,0.0,8.0,3.36,7.2
2010-08-24,19.1,21.1,18.0,20.8,24.2,91,23.2,23.2,0.0,20.0,2.46,6.5
2010-08-25,20.4,23.4,17.8,21.9,24.7,86,0.0,0.0,0.0,0.0,3.54,7.9
2010-08-26,21.8,25.5,19.4,24.0,28.0,86,6.8,6.8,0.0,17.0,4.08,9.8
2010-08-27,22.6,26.0,19.9,25.2,28.0,85,0.2,0.2,0.0,1.0,4.13,9.9
2010-08-28,22.5,27.1,18.1,25.0,29.1,83,0.3,0.3,0.0,2.0,3.81,9.5
2010-08-29,24.2,29.2,20.0,27.1,32.5,77,0.0,0.0,0.0,0.0,2.31,5.5
2010-08-30,24.3,28.7,20.8,27.5,32.1,79,0.0,0.0,0.0,0.0,2.52,6.0
2010-08-31,24.5,28.3,21.6,28.4,32.1,82,0.2,0.2,0.0,1.0,1.52,4.8
2010-09-01,24.9,29.1,21.5,28.2,32.2,79,0.3,0.3,0.0,2.0,3.53,7.4
2010-09-02,23.4,26.2,21.4,26.3,28.8,84,0.2,0.2,0.0,1.0,3.36,7.5
2010-09-03,23.4,26.5,21.4,26.1,29.0,80,3.0,3.0,0.0,7.0,2.94,6.7
2010-09-04,23.9,28.0,20.7,27.4,31.3,80,0.2,0.2,0.0,1.0,1.46,4.6
2010-09-05,24.2,28.1,21.0,28.2,32.1,83,0.9,0.9,0.0,3.0,1.39,4.3
2010-09-06,24.5,27.6,22.8,28.3,31.1,83,7.2,7.2,0.0,14.0,2.92,7.0
2010-09-07,21.6,22.9,20.1,23.5,26.9,90,40.5,40.5,0.0,24.0,4.92,9.5
2010-09-08,20.8,23.2,18.7,21.9,24.8,86,8.4,8.4,0.0,14.0,4.8,9.9
2010-09-09,21.5,24.9,19.0,24.2,28.0,85,0.1,0.1,0.0,1.0,1.86,4.6
2010-09-10,22.1,26.5,18.6,24.6,29.7,78,5.8,5.8,0.0,7.0,1.79,5.2
2010-09-11,23.5,29.5,19.3,25.8,32.6,72,0.0,0.0,0.0,0.0,2.15,3.6
2010-09-12,24.5,30.4,19.5,27.1,33.6,71,0.0,0.0,0.0,0.0,1.99,3.9
2010-09-13,24.9,30.2,19.9,28.1,33.6,76,0.0,0.0,0.0,0.0,2.26,4.2
2010-09-14,25.2,29.6,21.3,28.9,33.6,78,0.0,0.0,0.0,0.0,1.71,4.6
2010-09-15,24.8,29.1,22.1,28.0,31.8,78,0.3,0.3,0.0,3.0,2.51,5.6
2010-09-16,24.9,29.4,21.3,27.5,32.4,74,0.0,0.0,0.0,0.0,3.81,8.0
2010-09-17,26.0,29.5,23.5,28.9,33.3,75,0.0,0.0,0.0,0.0,4.1,8.8
2010-09-18,21.7,25.2,16.5,23.6,28.2,85,2.0,2.0,0.0,8.0,4.22,8.9
2010-09-19,17.9,18.9,16.7,19.0,21.1,95,1.7,1.7,0.0,8.0,3.68,8.7
2010-09-20,22.2,26.6,19.0,25.1,30.8,87,0.0,0.0,0.0,0.0,3.08,5.7
2010-09-21,17.4,21.5,13.5,17.2,25.3,92,2.1,2.1,0.0,9.0,8.27,15.7
2010-09-22,15.6,19.9,13.0,14.0,18.6,64,0.0,0.0,0.0,0.0,3.76,8.0
2010-09-23,16.3,24.0,8.7,15.1,23.8,60,0.0,0.0,0.0,0.0,2.4,3.6
2010-09-24,16.5,21.4,10.9,15.7,20.4,70,0.0,0.0,0.0,0.0,2.11,5.6
2010-09-25,17.2,21.4,14.3,16.5,20.3,73,0.0,0.0,0.0,0.0,3.76,7.7
2010-09-26,17.4,21.6,13.8,17.8,22.1,78,0.0,0.0,0.0,0.0,2.01,4.6
2010-09-27,19.0,24.9,15.5,18.9,25.8,71,0.0,0.0,0.0,0.0,3.9,8.0
2010-09-28,16.1,20.8,12.3,13.6,18.6,51,0.0,0.0,0.0,0.0,4.88,9.9
2010-09-29,16.9,22.5,12.5,16.3,21.9,67,0.0,0.0,0.0,0.0,2.33,7.0
2010-09-30,19.0,24.8,13.8,18.6,24.7,68,0.0,0.0,0.0,0.0,3.22,8.0
2010-10-01,21.0,25.6,17.7,20.9,25.6,65,0.0,0.0,0.0,0.0,3.61,8.4
2010-10-02,19.6,23.2,14.9,18.2,21.8,60,1.0,1.0,0.0,2.0,5.26,10.5
2010-10-03,16.4,21.8,11.9,13.6,18.1,51,0.0,0.0,0.0,0.0,5.58,11.4
2010-10-04,16.3,22.9,10.2,14.3,20.7,50,0.0,0.0,0.0,0.0,2.66,6.2
2010-10-05,18.5,26.6,10.5,16.3,24.0,52,0.0,0.0,0.0,0.0,4.48,9.6
2010-10-06,20.8,26.7,16.9,18.3,24.2,44,0.0,0.0,0.0,0.0,5.15,10.9
2010-10-07,19.1,24.5,14.3,17.2,22.3,52,0.0,0.0,0.0,0.0,3.79,8.0
2010-10-08,16.6,23.7,10.8,15.8,23.6,66,0.0,0.0,0.0,0.0,2.18,4.2
2010-10-09,17.3,24.5,11.3,16.1,23.7,63,0.0,0.0,0.0,0.0,2.79,6.9
2010-10-10,19.0,24.2,14.4,18.0,23.2,63,0.0,0.0,0.0,0.0,3.81,8.9
2010-10-11,17.9,21.0,12.5,16.4,19.3,66,0.0,0.0,0.0,0.0,5.36,10.6
2010-10-12,14.4,18.5,11.4,12.4,15.2,64,0.0,0.0,0.0,0.0,3.62,8.1
2010-10-13,15.3,21.8,9.8,14.1,20.7,65,0.0,0.0,0.0,0.0,2.12,4.6
2010-10-14,16.0,21.4,13.2,13.8,18.3,53,0.0,0.0,0.0,0.0,4.53,9.3
2010-10-15,16.1,21.8,10.7,13.4,19.1,45,0.0,0.0,0.0,0.0,3.95,8.3
2010-10-16,17.7,24.8,13.0,15.0,22.8,46,0.0,0.0,0.0,0.0,4.34,9.0
2010-10-17,12.6,13.9,11.1,10.1,11.8,81,6.9,6.9,0.0,10.0,5.48,11.6
2010-10-18,13.5,17.7,11.1,12.6,16.8,83,3.5,3.5,0.0,7.0,3.45,7.6
2010-10-19,11.1,12.4,9.1,9.8,11.0,89,0.0,0.0,0.0,0.0,3.8,7.3
2010-10-20,12.0,13.0,10.7,10.2,11.7,82,0.0,0.0,0.0,0.0,4.33,8.8
2010-10-21,13.5,17.7,10.7,12.6,17.2,78,0.0,0.0,0.0,0.0,2.78,5.8
2010-10-22,14.2,21.2,8.6,13.3,20.9,78,0.0,0.0,0.0,0.0,2.4,5.6
2010-10-23,14.9,21.6,9.4,14.1,21.4,73,0.0,0.0,0.0,0.0,2.16,5.5
2010-10-24,13.7,20.2,8.7,11.8,18.6,76,0.3,0.3,0.0,2.0,8.18,15.7
2010-10-25,8.6,12.1,5.5,4.1,6.8,47,0.5,0.5,0.0,3.0,5.82,11.6
2010-10-26,5.8,8.4,2.5,1.0,3.6,43,0.0,0.0,0.0,0.0,5.25,11.6
2010-10-27,6.2,11.7,2.2,2.8,8.1,60,0.0,0.0,0.0,0.0,2.69,7.1
2010-10-28,8.5,15.5,2.5,5.4,12.1,57,0.0,0.0,0.0,0.0,2.5,6.8
2010-10-29,9.2,17.1,3.0,6.1,13.8,57,0.0,0.0,0.0,0.0,2.2,6.0
2010-10-30,10.5,18.3,4.7,7.6,15.2,59,0.0,0.0,0.0,0.0,2.83,7.1
2010-10-31,11.2,19.0,6.1,8.7,16.0,59,0.0,0.0,0.0,0.0,2.41,5.7
2010-11-01,11.0,17.5,6.5,8.2,14.3,64,0.0,0.0,0.0,0.0,5.1,10.0
2010-11-02,9.2,13.3,6.2,6.0,10.6,53,0.0,0.0,0.0,0.0,3.54,7.8
2010-11-03,10.1,16.5,5.7,6.9,13.3,65,0.0,0.0,0.0,0.0,4.84,10.5
2010-11-04,11.4,20.0,5.7,8.8,16.9,65,0.0,0.0,0.0,0.0,2.68,5.6
2010-11-05,12.8,20.9,6.9,9.9,17.3,55,0.0,0.0,0.0,0.0,3.24,7.7
2010-11-06,14.5,19.9,10.3,11.2,16.1,52,0.0,0.0,0.0,0.0,5.0,10.3
2010-11-07,13.7,18.1,7.7,9.3,12.6,43,0.3,0.3,0.0,1.0,6.17,12.5
2010-11-08,7.8,13.9,2.9,3.6,9.1,38,0.0,0.0,0.0,0.0,4.24,10.0
2010-11-09,7.3,15.0,0.6,3.8,10.7,57,0.0,0.0,0.0,0.0,3.81,8.3
2010-11-10,10.8,17.9,4.9,8.1,14.9,56,0.0,0.0,0.0,0.0,4.48,7.9
2010-11-11,11.9,14.3,4.9,6.5,10.3,30,0.0,0.0,0.0,0.0,9.24,17.3
2010-11-12,10.9,16.7,3.3,5.7,10.4,34,0.0,0.0,0.0,0.0,6.95,14.9
2010-11-13,8.9,14.2,3.1,3.4,8.7,30,0.0,0.0,0.0,0.0,6.61,13.3
2010-11-14,5.1,8.8,2.3,0.9,4.5,45,0.0,0.0,0.0,0.0,4.13,8.6
2010-11-15,3.6,8.5,-0.3,-0.4,4.1,50,0.0,0.0,0.0,0.0,3.74,6.8
2010-11-16,5.8,11.6,1.7,1.9,8.0,57,0.0,0.0,0.0,0.0,3.97,8.6
2010-11-17,6.8,14.6,0.2,3.4,10.7,68,0.0,0.0,0.0,0.0,3.41,7.8
2010-11-18,10.2,14.6,6.8,6.3,10.3,62,0.0,0.0,0.0,0.0,5.36,11.9
2010-11-19,10.3,14.9,5.7,6.8,10.9,54,0.0,0.0,0.0,0.0,4.61,9.3
2010-11-20,12.5,18.2,8.9,9.0,15.1,54,0.0,0.0,0.0,0.0,5.05,9.8
2010-11-21,10.5,14.2,1.8,5.9,9.5,43,0.0,0.0,0.0,0.0,7.32,14.2
2010-11-22,4.3,10.5,0.8,0.2,6.6,37,0.0,0.0,0.0,0.0,2.91,4.2
2010-11-23,6.7,11.8,1.5,2.1,6.8,37,0.0,0.0,0.0,0.0,4.11,9.4
2010-11-24,6.7,11.3,1.5,1.9,5.8,40,0.0,0.0,0.0,0.0,4.9,10.2
2010-11-25,3.4,10.3,-1.7,-0.8,5.5,43,0.0,0.0,0.0,0.0,2.92,6.8
2010-11-26,6.7,12.6,1.2,2.3,7.1,55,0.0,0.0,0.0,0.0,6.4,12.8
2010-11-27,3.7,8.3,-0.4,-0.8,2.9,44,0.0,0.0,0.0,0.0,4.1,8.8
2010-11-28,4.4,11.3,-0.6,-0.4,6.7,49,0.0,0.0,0.0,0.0,6.63,13.3
2010-11-29,7.6,14.8,2.4,3.6,10.1,60,0.0,0.0,0.0,0.0,5.55,12.3
2010-11-30,5.1,11.6,1.9,2.4,8.5,77,0.0,0.0,0.0,0.0,2.55,5.7
2010-12-01,9.0,15.5,3.6,4.8,10.6,56,0.0,0.0,0.0,0.0,4.98,10.5
2010-12-02,6.2,11.5,-0.0,1.6,4.9,43,0.0,0.0,0.0,0.0,6.44,13.1
2010-12-03,4.0,10.5,-2.8,-1.3,4.5,32,0.0,0.0,0.0,0.0,6.69,13.3
2010-12-04,9.7,14.8,6.3,4.6,10.0,43,0.0,0.0,0.0,0.0,6.89,13.8
2010-12-05,8.5,14.0,3.5,4.7,10.6,62,0.0,0.0,0.0,0.0,6.69,13.3
2010-12-06,1.7,4.1,-2.9,-3.4,-1.1,41,0.0,0.0,0.0,0.0,5.64,11.4
2010-12-07,2.0,7.6,-2.8,-3.3,1.3,34,0.0,0.0,0.0,0.0,5.1,10.4
2010-12-08,2.5,7.9,-0.9,-1.9,3.9,42,0.0,0.0,0.0,0.0,3.27,7.8
2010-12-09,5.9,11.1,-1.2,-0.0,4.3,39,0.0,0.0,0.0,0.0,7.42,15.1
2010-12-10,7.4,12.7,0.8,1.6,5.4,34,0.0,0.0,0.0,0.0,8.01,14.9
2010-12-11,1.7,6.6,-2.6,-3.3,1.6,30,0.0,0.0,0.0,0.0,5.14,9.5
2010-12-12,5.9,10.2,2.2,1.5,6.5,60,0.0,0.0,0.0,0.0,5.81,11.8
2010-12-13,-1.1,6.8,-5.0,-6.6,4.3,82,1.8,0.5,1.26,9.0,7.57,15.2
2010-12-14,-4.8,-1.7,-6.8,-9.3,-6.4,59,0.0,0.0,0.0,0.0,3.47,8.6
2010-12-15,-6.6,-4.8,-8.3,-11.6,-9.7,39,0.0,0.0,0.0,0.0,3.3,7.5
2010-12-16,-3.0,2.2,-7.5,-8.9,-4.2,31,0.0,0.0,0.0,0.0,5.68,10.5
2010-12-17,1.0,8.3,-5.0,-4.1,3.2,34,0.0,0.0,0.0,0.0,4.4,8.3
2010-12-18,4.4,9.2,1.5,-0.6,4.2,54,0.0,0.0,0.0,0.0,6.01,12.2
2010-12-19,4.5,11.2,-0.6,0.5,6.0,53,0.0,0.0,0.0,0.0,3.96,10.4
2010-12-20,5.1,12.1,-1.3,0.2,6.5,36,0.0,0.0,0.0,0.0,4.7,10.0
2010-12-21,5.5,11.4,2.0,1.2,6.8,48,0.0,0.0,0.0,0.0,3.61,8.0
2010-12-22,4.0,8.8,1.0,-0.3,3.8,56,0.0,0.0,0.0,0.0,4.6,9.3
2010-12-23,-1.8,1.9,-7.4,-7.6,-2.2,67,0.0,0.0,0.0,0.0,7.88,15.8
2010-12-24,-6.9,-3.6,-8.9,-12.0,-9.3,41,0.0,0.0,0.0,0.0,3.89,8.5
2010-12-25,-5.4,-0.9,-9.2,-10.0,-5.7,40,0.0,0.0,0.0,0.0,2.28,5.7
2010-12-26,-3.1,2.6,-7.5,-8.1,-3.2,46,0.0,0.0,0.0,0.0,4.22,8.5
2010-12-27,1.3,7.8,-3.5,-3.5,2.7,42,0.0,0.0,0.0,0.0,4.3,10.0
2010-12-28,-0.3,4.0,-5.2,-5.5,-1.9,29,0.0,0.0,0.0,0.0,5.11,10.1
2010-12-29,-0.6,4.2,-4.8,-6.8,-3.2,26,0.0,0.0,0.0,0.0,8.06,16.1
2010-12-30,-4.7,-2.6,-6.9,-11.3,-9.2,21,0.0,0.0,0.0,0.0,7.86,15.4
2010-12-31,-6.4,-2.1,-10.0,-11.8,-8.2,26,0.0,0.0,0.0,0.0,4.33,9.6
2011-01-01,-5.8,-0.6,-9.5,-10.7,-5.7,40,0.0,0.0,0.0,0.0,3.23,8.0
2011-01-02,-5.4,-0.6,-10.5,-9.8,-5.0,53,0.0,0.0,0.0,0.0,2.15,5.5
2011-01-03,-3.8,0.1,-6.2,-7.9,-4.1,59,0.0,0.0,0.0,0.0,2.55,5.3
2011-01-04,-3.1,3.3,-7.4,-7.5,-1.4,54,0.0,0.0,0.0,0.0,2.69,6.8
2011-01-05,-4.7,-1.6,-7.4,-9.7,-7.3,41,0.0,0.0,0.0,0.0,4.0,9.2
2011-01-06,-5.7,-1.0,-9.6,-10.8,-6.4,33,0.0,0.0,0.0,0.0,4.02,8.0
2011-01-07,-4.5,1.5,-10.5,-9.3,-3.2,37,0.0,0.0,0.0,0.0,3.69,6.2
2011-01-08,-2.6,1.0,-5.5,-8.0,-4.1,35,0.0,0.0,0.0,0.0,4.3,8.2
2011-01-09,-5.6,-2.8,-9.6,-11.3,-8.9,26,0.0,0.0,0.0,0.0,5.51,10.8
2011-01-10,-6.0,-0.5,-11.1,-11.1,-6.0,30,0.0,0.0,0.0,0.0,3.58,7.4
2011-01-11,-4.2,0.9,-7.6,-9.6,-5.2,30,0.0,0.0,0.0,0.0,4.14,9.4
2011-01-12,-3.8,2.6,-10.3,-8.8,-2.6,29,0.0,0.0,0.0,0.0,4.34,8.5
2011-01-13,-0.3,5.5,-4.7,-5.7,0.4,30,0.0,0.0,0.0,0.0,5.26,10.3
2011-01-14,-3.2,1.5,-6.9,-8.1,-4.6,52,0.0,0.0,0.0,0.0,5.48,11.3
2011-01-15,-7.5,-4.0,-10.9,-12.9,-9.8,30,0.0,0.0,0.0,0.0,4.78,9.8
2011-01-16,-8.1,-1.5,-13.6,-12.9,-6.0,29,0.0,0.0,0.0,0.0,2.37,4.9
2011-01-17,-6.2,-0.0,-11.9,-10.9,-4.6,33,0.0,0.0,0.0,0.0,1.94,5.3
2011-01-18,-6.4,-0.5,-10.6,-11.0,-4.9,38,0.0,0.0,0.0,0.0,2.87,6.9
2011-01-19,-5.4,0.7,-10.5,-9.8,-3.8,40,0.0,0.0,0.0,0.0,2.21,5.5
2011-01-20,-3.8,0.8,-7.0,-8.4,-3.6,30,0.0,0.0,0.0,0.0,2.28,5.6
2011-01-21,-4.0,2.3,-9.2,-8.2,-2.0,47,0.0,0.0,0.0,0.0,2.1,5.7
2011-01-22,-2.7,4.3,-8.7,-7.0,-0.7,67,0.0,0.0,0.0,0.0,3.94,8.8
2011-01-23,-5.1,-1.4,-8.7,-10.0,-7.0,39,0.0,0.0,0.0,0.0,3.53,8.9
2011-01-24,-5.2,2.0,-11.3,-9.7,-2.5,32,0.0,0.0,0.0,0.0,2.12,4.8
2011-01-25,-2.8,2.2,-7.4,-8.0,-3.2,28,0.0,0.0,0.0,0.0,3.96,8.8
2011-01-26,-4.2,1.8,-9.5,-9.0,-2.8,32,0.0,0.0,0.0,0.0,2.9,6.6
2011-01-27,-2.3,2.0,-5.9,-6.9,-2.7,37,0.0,0.0,0.0,0.0,2.92,6.1
2011-01-28,-3.9,-0.8,-7.4,-8.0,-5.4,63,0.0,0.0,0.0,0.0,2.9,7.3
2011-01-29,-5.9,-1.4,-9.2,-10.8,-6.7,44,0.0,0.0,0.0,0.0,3.26,8.0
2011-01-30,-5.1,1.5,-10.6,-10.3,-3.5,30,0.0,0.0,0.0,0.0,3.54,7.7
2011-01-31,-0.2,7.4,-5.8,-5.4,2.2,23,0.0,0.0,0.0,0.0,3.58,8.2
2011-02-01,1.0,7.7,-3.2,-3.8,3.2,27,0.0,0.0,0.0,0.0,2.66,6.8
2011-02-02,1.8,10.4,-3.9,-3.3,4.3,29,0.0,0.0,0.0,0.0,5.19,10.7
2011-02-03,0.7,6.8,-5.2,-3.6,2.9,29,0.0,0.0,0.0,0.0,2.11,4.6
2011-02-04,0.3,8.6,-5.8,-4.2,4.2,36,0.0,0.0,0.0,0.0,3.54,6.0
2011-02-05,2.2,9.3,-6.0,-2.6,3.3,42,0.0,0.0,0.0,0.0,5.69,12.4
2011-02-06,2.5,9.5,-3.0,-1.7,5.0,50,0.0,0.0,0.0,0.0,3.11,8.1
2011-02-07,3.1,8.0,-1.3,-0.7,3.8,47,0.0,0.0,0.0,0.0,2.4,6.7
2011-02-08,1.3,6.4,-1.8,-3.0,1.8,65,0.0,0.0,0.0,0.0,5.23,9.6
2011-02-09,-0.6,3.2,-3.1,-5.8,-2.3,57,0.0,0.0,0.0,0.0,4.93,10.7
2011-02-10,-0.8,2.1,-2.8,-4.7,-0.9,62,0.1,0.0,0.21,1.0,3.1,6.3
2011-02-11,-0.7,2.8,-5.2,-5.3,-2.9,56,0.2,0.2,0.0,1.0,5.37,11.9
2011-02-12,-3.6,0.6,-8.0,-7.7,-3.1,54,0.0,0.0,0.0,0.0,2.39,7.1
2011-02-13,-3.5,-2.2,-7.6,-7.7,-5.6,74,2.7,0.0,2.24,11.0,3.89,8.2
2011-02-14,-5.9,-1.0,-10.2,-9.8,-4.6,70,0.0,0.0,0.0,0.0,2.47,6.1
2011-02-15,-3.2,2.8,-8.9,-7.9,-1.7,56,0.0,0.0,0.0,0.0,3.76,9.5
2011-02-16,0.7,4.3,-1.9,-3.6,0.1,60,0.0,0.0,0.0,0.0,3.42,8.5
2011-02-17,1.0,7.0,-2.5,-2.8,2.5,65,0.0,0.0,0.0,0.0,3.38,7.5
2011-02-18,1.0,7.2,-5.0,-2.9,4.2,51,0.0,0.0,0.0,0.0,2.38,5.1
2011-02-19,2.6,8.4,-3.4,-1.5,4.5,46,0.0,0.0,0.0,0.0,2.62,7.0
2011-02-20,3.7,10.6,-2.4,0.1,7.8,48,0.0,0.0,0.0,0.0,1.99,4.3
2011-02-21,4.7,11.8,-0.9,1.0,8.8,46,0.0,0.0,0.0,0.0,1.9,6.2
2011-02-22,6.1,11.8,0.1,1.8,7.7,44,0.0,0.0,0.0,0.0,3.58,8.9
2011-02-23,9.0,14.8,3.7,4.5,10.3,45,0.0,0.0,0.0,0.0,5.5,11.7
2011-02-24,7.5,12.4,1.7,2.9,8.3,55,0.0,0.0,0.0,0.0,7.24,14.9
2011-02-25,4.4,9.1,1.7,-0.9,3.6,43,0.0,0.0,0.0,0.0,5.61,10.4
2011-02-26,1.5,2.4,-0.0,-2.4,-1.6,61,3.6,2.2,1.05,9.0,3.32,7.5
2011-02-27,-1.6,-0.3,-2.8,-6.7,-4.9,92,7.8,0.6,5.11,13.0,6.83,13.5
2011-02-28,-2.1,0.3,-4.2,-6.3,-4.6,74,1.9,0.0,1.33,6.0,4.33,8.9
2011-03-01,-0.9,3.6,-4.9,-4.8,0.3,70,0.0,0.0,0.0,0.0,2.77,7.3
2011-03-02,1.4,6.4,-2.3,-2.0,4.0,65,0.0,0.0,0.0,0.0,2.41,5.3
2011-03-03,1.9,6.4,-1.9,-2.2,2.2,51,0.6,0.5,0.14,2.0,3.6,9.1
2011-03-04,3.7,9.7,-1.9,-0.8,5.7,41,0.0,0.0,0.0,0.0,3.94,9.2
2011-03-05,7.1,11.1,4.1,2.7,7.7,52,0.0,0.0,0.0,0.0,5.96,13.2
2011-03-06,5.8,9.6,0.5,1.8,4.5,52,0.0,0.0,0.0,0.0,5.02,11.1
2011-03-07,4.5,10.2,-1.9,0.7,7.2,46,0.0,0.0,0.0,0.0,3.2,6.7
2011-03-08,5.2,11.0,-0.3,1.0,7.6,35,0.0,0.0,0.0,0.0,3.1,7.6
2011-03-09,4.9,9.7,0.6,0.3,5.6,28,0.0,0.0,0.0,0.0,3.7,8.4
2011-03-10,8.6,15.0,3.3,3.8,11.6,26,0.0,0.0,0.0,0.0,4.38,8.7
2011-03-11,11.5,16.6,6.7,6.1,10.7,28,0.0,0.0,0.0,0.0,7.16,14.6
2011-03-12,14.6,20.4,9.3,9.9,16.1,36,0.0,0.0,0.0,0.0,6.14,12.8
2011-03-13,15.9,21.4,11.6,12.0,16.8,46,0.0,0.0,0.0,0.0,7.29,14.4
2011-03-14,5.5,9.1,3.4,-0.6,2.5,33,0.0,0.0,0.0,0.0,9.01,17.5
2011-03-15,5.3,8.7,1.6,0.0,2.2,26,0.0,0.0,0.0,0.0,7.38,14.7
2011-03-16,6.7,12.4,0.2,2.3,8.5,25,0.0,0.0,0.0,0.0,3.98,9.7
2011-03-17,11.7,17.3,6.0,5.8,11.4,23,0.0,0.0,0.0,0.0,7.63,15.3
2011-03-18,12.2,16.6,9.5,6.3,11.8,25,0.0,0.0,0.0,0.0,7.43,15.8
2011-03-19,11.3,15.0,6.6,7.0,10.7,23,0.0,0.0,0.0,0.0,3.86,8.3
2011-03-20,9.6,12.4,5.3,6.3,10.2,46,0.0,0.0,0.0,0.0,2.98,7.0
2011-03-21,7.6,10.0,4.1,3.0,5.6,43,0.0,0.0,0.0,0.0,6.94,14.4
2011-03-22,5.0,9.2,1.8,0.5,5.2,26,0.0,0.0,0.0,0.0,4.44,10.2
2011-03-23,8.3,13.7,2.3,3.4,9.6,22,0.0,0.0,0.0,0.0,4.67,9.9
2011-03-24,7.1,9.7,4.2,1.3,4.5,21,0.0,0.0,0.0,0.0,6.69,13.8
2011-03-25,8.0,14.0,2.1,3.5,10.1,23,0.0,0.0,0.0,0.0,4.12,9.7
2011-03-26,9.1,16.1,2.5,4.4,11.3,26,0.0,0.0,0.0,0.0,5.57,11.7
2011-03-27,9.5,15.5,4.3,5.3,11.5,24,0.0,0.0,0.0,0.0,4.18,9.6
2011-03-28,9.5,14.9,4.4,4.9,11.0,28,0.0,0.0,0.0,0.0,5.02,10.8
2011-03-29,9.8,17.0,1.4,5.9,13.7,37,0.0,0.0,0.0,0.0,3.81,9.0
2011-03-30,14.0,19.8,8.5,10.1,17.0,32,0.0,0.0,0.0,0.0,4.03,9.9
2011-03-31,15.3,20.8,10.1,11.3,17.6,32,0.0,0.0,0.0,0.0,4.98,11.6
2011-04-01,9.7,14.0,4.9,4.4,10.1,40,0.0,0.0,0.0,0.0,8.49,17.8
2011-04-02,5.6,8.6,1.9,0.5,4.1,43,1.2,0.3,0.63,5.0,6.47,12.4
2011-04-03,7.9,14.3,2.4,4.4,11.5,40,0.0,0.0,0.0,0.0,3.0,7.7
2011-04-04,10.2,17.0,3.0,6.8,15.6,36,0.0,0.0,0.0,0.0,3.0,5.0
2011-04-05,11.3,17.8,3.8,7.5,14.5,36,0.0,0.0,0.0,0.0,4.34,10.0
2011-04-06,10.8,12.6,8.6,8.0,10.0,63,0.5,0.5,0.0,4.0,4.05,9.9
2011-04-07,12.3,17.5,7.7,9.6,15.5,58,0.0,0.0,0.0,0.0,3.55,8.5
2011-04-08,14.1,19.5,6.5,10.3,16.7,27,0.0,0.0,0.0,0.0,4.92,10.3
2011-04-09,18.2,24.1,12.1,14.2,20.5,34,0.0,0.0,0.0,0.0,5.94,12.6
2011-04-10,11.1,18.4,3.1,6.4,14.1,44,0.0,0.0,0.0,0.0,9.27,18.0
2011-04-11,11.0,18.3,2.5,7.1,15.1,36,0.0,0.0,0.0,0.0,4.24,9.5
2011-04-12,15.3,21.0,9.3,10.9,17.3,30,0.0,0.0,0.0,0.0,6.17,13.5
2011-04-13,18.9,24.4,12.5,16.4,23.4,46,0.0,0.0,0.0,0.0,5.09,11.0
2011-04-14,20.5,25.0,16.8,19.5,25.5,57,0.1,0.1,0.0,1.0,4.67,10.6
2011-04-15,18.2,22.8,11.5,14.6,19.3,41,0.0,0.0,0.0,0.0,7.99,17.6
2011-04-16,15.5,21.5,7.8,11.7,19.4,33,0.0,0.0,0.0,0.0,6.55,13.0
2011-04-17,16.1,20.2,12.9,10.6,15.1,28,0.0,0.0,0.0,0.0,7.76,17.0
2011-04-18,13.2,17.5,8.0,8.2,12.8,21,0.0,0.0,0.0,0.0,7.35,15.0
2011-04-19,14.0,20.0,5.5,10.8,17.9,40,0.0,0.0,0.0,0.0,4.34,9.1
2011-04-20,18.7,23.6,12.8,14.1,19.7,34,0.0,0.0,0.0,0.0,7.4,15.5
2011-04-21,12.9,19.8,8.4,11.0,15.2,84,12.5,12.5,0.0,12.0,5.94,13.4
2011-04-22,11.2,16.1,6.8,9.4,15.3,70,0.1,0.1,0.0,1.0,3.18,6.9
2011-04-23,11.8,18.0,6.7,9.0,13.7,64,0.2,0.2,0.0,1.0,6.01,12.9
2011-04-24,13.1,19.0,6.2,10.2,16.2,51,0.0,0.0,0.0,0.0,4.34,10.4
2011-04-25,17.6,22.6,13.2,14.6,21.9,48,0.0,0.0,0.0,0.0,7.08,13.9
2011-04-26,16.9,22.4,12.0,14.8,20.5,50,0.0,0.0,0.0,0.0,5.38,11.9
2011-04-27,14.4,20.2,8.2,12.0,17.8,52,0.0,0.0,0.0,0.0,4.46,10.1
2011-04-28,17.9,23.4,10.9,14.1,19.7,42,0.0,0.0,0.0,0.0,7.85,15.1
2011-04-29,22.0,28.1,15.9,20.2,28.3,55,12.8,12.8,0.0,3.0,7.72,15.6
2011-04-30,18.7,23.8,14.5,16.4,19.6,52,0.0,0.0,0.0,0.0,6.98,14.2
2011-05-01,18.1,23.9,11.7,15.3,22.2,36,0.0,0.0,0.0,0.0,3.48,7.4
2011-05-02,18.0,22.4,13.6,15.5,20.0,48,0.0,0.0,0.0,0.0,4.55,9.6
2011-05-03,17.5,23.1,10.4,16.2,22.7,53,0.0,0.0,0.0,0.0,3.14,7.0
2011-05-04,19.7,23.6,15.6,17.0,21.0,48,0.0,0.0,0.0,0.0,7.22,14.9
2011-05-05,20.5,23.6,16.7,17.6,23.4,50,0.0,0.0,0.0,0.0,8.15,16.8
2011-05-06,20.9,24.8,17.2,20.5,24.9,55,1.4,1.4,0.0,3.0,6.04,13.4
2011-05-07,20.6,25.6,16.0,18.4,23.2,45,0.3,0.3,0.0,1.0,4.94,10.2
2011-05-08,16.6,19.1,14.1,16.8,20.7,85,27.6,27.6,0.0,12.0,4.26,12.1
2011-05-09,14.9,16.7,12.8,14.7,16.3,93,6.0,6.0,0.0,15.0,4.5,9.1
2011-05-10,13.4,15.8,10.4,11.7,15.6,91,23.5,23.5,0.0,21.0,5.88,12.0
2011-05-11,16.8,22.9,9.2,17.4,25.7,77,0.0,0.0,0.0,0.0,2.86,5.3
2011-05-12,18.4,22.7,12.7,15.4,18.8,39,0.0,0.0,0.0,0.0,7.36,15.2
2011-05-13,19.4,25.6,12.3,16.6,22.7,38,0.0,0.0,0.0,0.0,5.29,10.7
2011-05-14,20.5,26.9,11.5,18.9,25.1,46,0.0,0.0,0.0,0.0,4.14,8.5
2011-05-15,22.3,28.2,18.3,20.6,30.5,46,0.0,0.0,0.0,0.0,5.41,10.6
2011-05-16,20.3,25.9,14.6,19.6,26.4,54,4.8,4.8,0.0,4.0,5.07,13.3
2011-05-17,23.7,28.3,18.6,21.6,26.7,54,0.0,0.0,0.0,0.0,9.01,17.2
2011-05-18,24.7,29.7,20.4,25.7,32.1,63,0.0,0.0,0.0,0.0,5.1,12.5
2011-05-19,20.8,23.5,17.7,20.1,25.0,62,1.5,1.5,0.0,2.0,5.74,11.3
2011-05-20,16.0,17.4,13.2,14.9,18.0,67,1.4,1.4,0.0,5.0,5.59,12.2
2011-05-21,15.7,19.6,12.9,14.3,17.7,60,0.0,0.0,0.0,0.0,2.19,6.1
2011-05-22,16.6,21.0,11.9,15.1,19.3,64,0.0,0.0,0.0,0.0,3.85,6.8
2011-05-23,17.5,23.2,11.1,15.5,21.9,58,0.0,0.0,0.0,0.0,5.14,11.0
2011-05-24,19.0,23.3,14.6,17.6,22.1,57,0.0,0.0,0.0,0.0,4.4,9.6
2011-05-25,20.4,25.8,15.4,20.2,26.6,56,0.0,0.0,0.0,0.0,2.16,4.7
2011-05-26,20.6,26.1,13.9,20.2,26.4,59,0.0,0.0,0.0,0.0,4.04,8.9
2011-05-27,21.3,26.2,15.5,22.0,28.2,66,0.0,0.0,0.0,0.0,2.55,6.4
2011-05-28,23.7,28.3,18.6,23.3,29.3,55,0.0,0.0,0.0,0.0,4.68,9.9
2011-05-29,23.6,26.9,19.8,21.1,24.6,46,0.0,0.0,0.0,0.0,7.12,13.8
2011-05-30,24.2,26.5,21.8,23.1,26.7,53,0.0,0.0,0.0,0.0,5.76,11.2
2011-05-31,23.8,30.3,18.0,23.4,28.9,50,0.0,0.0,0.0,0.0,5.7,12.0
2011-06-01,22.9,28.8,16.3,22.9,29.9,50,0.0,0.0,0.0,0.0,2.32,6.4
2011-06-02,25.5,31.2,17.6,24.1,30.4,45,0.0,0.0,0.0,0.0,6.57,12.4
2011-06-03,27.6,33.1,22.2,26.7,34.9,42,0.0,0.0,0.0,0.0,7.31,13.8
2011-06-04,26.5,32.8,19.6,26.5,34.8,45,0.0,0.0,0.0,0.0,4.88,10.1
2011-06-05,26.8,32.0,20.5,27.6,34.3,47,0.1,0.1,0.0,1.0,3.31,6.3
2011-06-06,26.3,29.9,23.1,26.4,30.1,55,0.2,0.2,0.0,1.0,6.5,13.4
2011-06-07,26.9,32.8,21.3,27.6,34.5,54,0.7,0.7,0.0,2.0,4.8,10.0
2011-06-08,28.4,33.3,23.7,28.5,34.0,49,0.0,0.0,0.0,0.0,6.34,12.9
2011-06-09,26.5,32.3,21.0,27.3,32.5,51,0.0,0.0,0.0,0.0,3.18,6.2
2011-06-10,26.8,32.4,22.1,26.1,32.2,38,0.0,0.0,0.0,0.0,3.36,8.3
2011-06-11,26.1,31.9,19.8,26.0,32.3,48,0.5,0.5,0.0,3.0,4.39,9.4
2011-06-12,25.8,31.4,20.3,25.7,30.9,48,0.0,0.0,0.0,0.0,4.03,9.6
2011-06-13,27.7,34.5,18.4,26.8,34.8,35,0.0,0.0,0.0,0.0,4.0,7.3
2011-06-14,28.3,33.8,22.8,26.2,32.4,30,0.0,0.0,0.0,0.0,5.1,11.3
2011-06-15,26.6,31.9,21.1,26.2,32.7,44,0.0,0.0,0.0,0.0,3.81,8.4
2011-06-16,26.1,30.3,21.8,26.0,31.3,51,0.0,0.0,0.0,0.0,5.11,10.6
2011-06-17,24.7,26.3,22.9,26.9,29.3,68,6.6,6.6,0.0,12.0,4.02,8.5
2011-06-18,25.5,30.5,21.3,27.7,31.8,66,0.0,0.0,0.0,0.0,2.87,6.6
2011-06-19,26.6,32.5,19.8,28.8,35.5,58,0.0,0.0,0.0,0.0,3.63,5.1
2011-06-20,27.9,32.5,24.0,28.8,34.4,53,0.0,0.0,0.0,0.0,4.53,10.4
2011-06-21,28.3,33.5,23.2,28.9,34.7,47,0.0,0.0,0.0,0.0,4.36,9.8
2011-06-22,27.7,30.4,25.2,30.1,33.4,66,2.2,2.2,0.0,4.0,5.06,10.9
2011-06-23,24.4,26.6,21.9,28.1,30.7,85,14.9,14.9,0.0,9.0,3.42,7.9
2011-06-24,23.2,26.7,20.6,23.6,27.3,70,0.0,0.0,0.0,0.0,5.32,12.3
2011-06-25,22.8,27.0,18.6,22.2,25.3,60,0.0,0.0,0.0,0.0,6.01,12.5
2011-06-26,21.3,24.2,18.5,21.0,24.1,73,1.3,1.3,0.0,5.0,7.23,14.8
2011-06-27,25.9,31.8,17.8,26.3,31.6,56,0.0,0.0,0.0,0.0,4.74,9.5
2011-06-28,26.4,30.9,23.0,28.2,33.3,63,2.6,2.6,0.0,5.0,3.73,9.4
2011-06-29,27.9,33.0,22.9,30.5,36.1,62,0.0,0.0,0.0,0.0,3.14,6.0
2011-06-30,30.0,34.7,25.0,32.9,36.5,60,0.0,0.0,0.0,0.0,3.98,9.0
2011-07-01,30.2,33.9,27.1,33.8,37.6,63,0.3,0.3,0.0,1.0,4.2,9.0
2011-07-02,26.9,29.1,23.0,31.3,33.4,81,11.5,11.5,0.0,15.0,4.02,10.3
2011-07-03,23.8,27.1,21.4,26.5,29.3,86,17.8,17.8,0.0,15.0,5.14,10.4
2011-07-04,26.8,32.9,20.2,29.4,35.4,62,0.0,0.0,0.0,0.0,2.27,4.8
2011-07-05,26.6,29.9,23.2,28.9,32.2,65,0.0,0.0,0.0,0.0,4.24,9.6
2011-07-06,25.8,29.3,23.4,29.4,33.4,76,0.3,0.3,0.0,3.0,3.03,6.2
2011-07-07,26.1,30.9,21.2,27.3,32.3,60,0.0,0.0,0.0,0.0,4.82,11.2
2011-07-08,28.2,34.3,22.8,27.8,33.9,40,0.0,0.0,0.0,0.0,4.39,8.6
2011-07-09,30.2,36.8,23.5,31.4,37.8,42,0.0,0.0,0.0,0.0,2.33,4.9
2011-07-10,29.4,34.5,25.6,31.1,36.0,50,0.3,0.3,0.0,1.0,3.28,7.9
2011-07-11,28.7,34.1,23.2,30.8,36.1,55,0.0,0.0,0.0,0.0,3.67,7.5
2011-07-12,27.8,32.0,23.3,29.9,32.5,59,0.0,0.0,0.0,0.0,4.7,10.2
2011-07-13,27.3,31.3,21.8,30.5,34.9,65,0.0,0.0,0.0,0.0,1.75,6.2
2011-07-14,28.5,33.9,23.8,31.8,38.3,60,0.0,0.0,0.0,0.0,2.02,6.7
2011-07-15,28.4,33.6,25.0,31.2,37.6,60,0.3,0.3,0.0,2.0,3.41,8.3
2011-07-16,27.7,33.2,23.2,30.9,37.4,65,4.0,4.0,0.0,3.0,2.97,8.5
2011-07-17,28.1,32.9,23.8,31.2,37.4,63,0.0,0.0,0.0,0.0,2.83,7.2
2011-07-18,26.2,29.6,22.5,28.3,31.0,68,0.0,0.0,0.0,0.0,4.16,9.3
2011-07-19,24.6,28.1,22.2,27.8,31.1,79,1.2,1.2,0.0,5.0,3.22,7.2
2011-07-20,25.9,31.0,22.5,29.7,33.9,75,7.0,7.0,0.0,5.0,1.81,5.9
2011-07-21,27.3,31.9,22.4,31.1,36.1,70,0.0,0.0,0.0,0.0,1.93,6.6
2011-07-22,29.2,33.3,25.5,32.9,37.3,66,0.3,0.3,0.0,1.0,3.34,7.8
2011-07-23,31.3,35.8,27.2,35.3,41.1,61,0.0,0.0,0.0,0.0,3.7,9.0
2011-07-24,31.2,35.7,27.5,35.4,40.2,65,0.4,0.4,0.0,2.0,4.9,11.2
2011-07-25,27.6,31.7,23.5,32.1,37.1,79,18.9,18.9,0.0,12.0,5.1,12.2
2011-07-26,29.9,35.0,25.4,34.6,40.0,69,1.4,1.4,0.0,3.0,2.62,6.2
2011-07-27,26.8,29.7,23.9,30.1,32.6,72,0.0,0.0,0.0,0.0,4.88,10.0
2011-07-28,28.4,33.0,23.3,33.2,39.4,73,0.0,0.0,0.0,0.0,2.52,5.9
2011-07-29,29.3,32.4,26.7,34.1,37.6,71,0.0,0.0,0.0,0.0,4.46,9.0
2011-07-30,26.3,30.7,22.6,29.0,32.6,74,8.3,8.3,0.0,9.0,6.4,12.3
2011-07-31,27.9,33.5,22.5,30.9,36.3,66,0.0,0.0,0.0,0.0,2.65,5.9
2011-08-01,26.7,28.4,24.8,29.3,30.4,66,0.0,0.0,0.0,0.0,3.96,8.8
2011-08-02,22.1,25.0,20.0,24.5,26.9,80,5.2,5.2,0.0,14.0,2.25,6.3
2011-08-03,22.3,26.5,19.9,24.7,28.4,82,0.7,0.7,0.0,4.0,2.41,6.8
2011-08-04,25.3,30.6,19.7,28.5,34.8,72,0.0,0.0,0.0,0.0,2.02,4.3
2011-08-05,26.0,29.8,23.0,30.0,33.1,78,3.0,3.0,0.0,8.0,1.82,5.7
2011-08-06,23.6,24.6,22.7,28.0,29.2,92,32.8,32.8,0.0,24.0,2.25,5.3
2011-08-07,24.8,28.5,22.9,29.0,32.7,89,5.1,5.1,0.0,11.0,3.97,9.0
2011-08-08,26.2,30.1,22.9,30.7,34.3,82,0.0,0.0,0.0,0.0,2.24,6.4
2011-08-09,28.4,32.3,25.0,33.1,36.8,74,0.1,0.1,0.0,1.0,2.72,5.9
2011-08-10,27.7,32.4,24.0,32.6,38.0,76,2.6,2.6,0.0,2.0,2.28,6.1
2011-08-11,26.0,30.1,24.0,31.0,35.6,85,25.1,25.1,0.0,10.0,2.18,6.7
2011-08-12,25.8,29.4,23.7,30.9,33.8,87,4.9,4.9,0.0,9.0,2.56,5.7
2011-08-13,26.8,30.9,23.4,31.9,35.9,81,0.1,0.1,0.0,1.0,2.06,4.6
2011-08-14,29.2,33.4,24.9,34.6,39.0,76,0.0,0.0,0.0,0.0,2.77,5.9
2011-08-15,29.2,32.4,27.2,35.1,39.0,82,4.0,4.0,0.0,8.0,3.71,9.0
2011-08-16,25.3,27.4,22.7,29.6,34.2,90,18.0,18.0,0.0,8.0,4.85,9.9
2011-08-17,24.0,26.6,21.8,26.6,29.0,80,0.6,0.6,0.0,1.0,3.28,7.8
2011-08-18,21.2,22.9,19.3,23.0,25.8,88,3.9,3.9,0.0,11.0,4.55,9.2
2011-08-19,19.6,20.7,18.6,21.6,22.6,93,10.4,10.4,0.0,16.0,2.56,4.8
2011-08-20,21.9,27.0,18.0,23.9,29.3,81,0.0,0.0,0.0,0.0,3.61,7.9
2011-08-21,22.9,27.6,18.1,25.6,30.8,78,0.0,0.0,0.0,0.0,1.65,3.9
2011-08-22,23.7,28.3,20.1,26.3,30.3,76,0.0,0.0,0.0,0.0,3.13,8.0
2011-08-23,24.1,29.1,18.9,26.4,31.9,71,0.0,0.0,0.0,0.0,2.37,5.9
2011-08-24,24.3,29.7,19.7,26.4,32.2,68,0.0,0.0,0.0,0.0,2.39,6.5
2011-08-25,24.4,29.0,19.7,26.9,32.3,70,0.0,0.0,0.0,0.0,1.99,5.1
2011-08-26,24.4,28.5,19.4,26.8,31.1,72,11.5,11.5,0.0,3.0,2.89,7.0
2011-08-27,23.3,26.2,21.9,26.8,30.0,86,56.8,56.8,0.0,17.0,2.5,6.7
2011-08-28,23.6,26.7,21.8,27.6,31.1,89,6.5,6.5,0.0,15.0,2.22,5.3
2011-08-29,25.0,29.5,21.6,29.0,34.3,81,1.3,1.3,0.0,7.0,2.73,4.4
2011-08-30,25.5,30.4,21.4,29.7,36.1,80,0.0,0.0,0.0,0.0,1.88,4.1
2011-08-31,26.5,31.0,23.3,30.5,35.4,78,0.0,0.0,0.0,0.0,3.67,7.9
2011-09-01,23.4,26.0,20.3,25.5,28.1,81,0.2,0.2,0.0,1.0,5.34,11.6
2011-09-02,22.2,26.3,18.8,23.5,27.9,71,0.0,0.0,0.0,0.0,2.77,6.6
2011-09-03,22.2,25.4,20.1,24.1,26.6,78,0.0,0.0,0.0,0.0,2.96,6.2
2011-09-04,22.8,27.1,20.3,24.9,28.9,74,1.4,1.4,0.0,4.0,2.22,5.2
2011-09-05,23.2,28.5,18.7,25.2,30.9,71,0.0,0.0,0.0,0.0,2.46,6.3
2011-09-06,22.9,28.9,16.3,23.4,29.5,61,0.0,0.0,0.0,0.0,3.26,6.7
2011-09-07,19.4,21.3,17.7,20.5,21.9,79,1.5,1.5,0.0,6.0,2.98,6.3
2011-09-08,19.9,22.7,17.6,21.4,23.7,81,0.0,0.0,0.0,0.0,2.2,7.1
2011-09-09,20.7,24.5,17.1,22.0,25.2,78,0.0,0.0,0.0,0.0,3.26,7.9
2011-09-10,19.8,24.6,15.7,21.0,26.9,81,2.0,2.0,0.0,4.0,3.36,6.3
2011-09-11,17.4,20.7,15.1,18.6,21.6,87,5.3,5.3,0.0,9.0,1.58,5.2
2011-09-12,18.0,19.1,17.2,19.8,21.5,96,12.3,12.3,0.0,21.0,2.42,4.4
2011-09-13,20.2,22.0,18.9,23.1,24.9,93,9.5,9.5,0.0,6.0,2.26,5.3
2011-09-14,18.9,20.4,17.7,20.6,23.3,97,51.8,51.8,0.0,17.0,3.61,7.5
2011-09-15,20.8,22.6,19.4,23.2,24.8,92,12.2,12.2,0.0,16.0,3.0,6.1
2011-09-16,21.0,24.9,17.6,21.4,24.4,82,0.0,0.0,0.0,0.0,6.07,11.6
2011-09-17,15.4,17.8,14.3,13.4,16.5,82,15.6,15.6,0.0,12.0,6.51,12.5
2011-09-18,14.4,16.8,12.1,12.0,14.5,63,0.0,0.0,0.0,0.0,5.33,10.2
2011-09-19,14.7,20.5,10.9,12.7,17.9,60,0.0,0.0,0.0,0.0,4.71,10.0
2011-09-20,15.8,22.0,10.9,14.3,19.8,57,0.0,0.0,0.0,0.0,2.85,6.8
2011-09-21,16.9,24.5,10.3,15.3,23.4,58,0.0,0.0,0.0,0.0,2.61,5.6
2011-09-22,18.5,27.0,12.0,17.5,26.0,62,0.0,0.0,0.0,0.0,2.85,6.5
2011-09-23,18.8,27.2,11.7,18.3,27.3,61,0.0,0.0,0.0,0.0,2.27,3.6
2011-09-24,19.4,27.2,12.6,18.4,25.8,60,0.0,0.0,0.0,0.0,3.76,8.6
2011-09-25,20.3,26.9,15.4,19.0,25.8,55,0.0,0.0,0.0,0.0,4.12,9.0
2011-09-26,18.6,25.5,12.2,18.2,25.7,65,0.0,0.0,0.0,0.0,2.6,5.0
2011-09-27,19.6,24.4,14.0,20.4,25.5,76,0.7,0.7,0.0,3.0,2.91,6.5
2011-09-28,16.5,19.3,15.4,16.9,19.2,84,9.2,9.2,0.0,17.0,1.91,4.5
2011-09-29,16.5,21.4,12.2,16.8,20.8,84,0.0,0.0,0.0,0.0,3.77,9.2
2011-09-30,16.1,22.2,11.5,15.5,22.6,70,0.0,0.0,0.0,0.0,2.88,6.6
2011-10-01,15.2,18.6,13.3,14.6,18.2,79,0.0,0.0,0.0,0.0,3.33,7.2
2011-10-02,14.3,19.3,10.3,12.6,17.0,65,0.0,0.0,0.0,0.0,2.66,5.3
2011-10-03,13.3,20.2,7.3,11.5,18.9,62,0.0,0.0,0.0,0.0,2.33,5.0
2011-10-04,14.3,18.6,9.5,11.6,15.4,61,0.0,0.0,0.0,0.0,4.68,9.4
2011-10-05,17.3,22.5,13.4,15.1,20.9,61,0.2,0.2,0.0,1.0,5.22,11.0
2011-10-06,17.3,24.5,12.4,16.5,23.6,69,0.0,0.0,0.0,0.0,3.23,7.4
2011-10-07,17.7,26.0,11.4,17.1,25.7,70,0.0,0.0,0.0,0.0,2.96,7.0
2011-10-08,19.7,25.3,16.0,18.5,24.2,58,0.0,0.0,0.0,0.0,4.33,9.5
2011-10-09,18.4,20.3,15.6,18.1,20.7,69,0.5,0.5,0.0,2.0,3.35,6.8
2011-10-10,16.5,18.9,14.2,16.7,18.7,84,0.5,0.5,0.0,2.0,3.14,6.5
2011-10-11,16.9,22.2,12.3,17.3,22.4,81,0.0,0.0,0.0,0.0,2.53,5.5
2011-10-12,17.1,20.9,14.4,16.4,19.3,71,0.0,0.0,0.0,0.0,3.22,8.1
2011-10-13,15.9,19.6,14.0,14.6,18.6,74,0.0,0.0,0.0,0.0,4.46,10.5
2011-10-14,15.9,20.8,12.5,13.5,17.4,57,0.1,0.1,0.0,1.0,4.22,9.0
2011-10-15,14.7,19.3,10.8,11.2,15.1,47,0.0,0.0,0.0,0.0,5.82,12.1
2011-10-16,16.2,23.9,9.7,14.1,22.6,51,0.0,0.0,0.0,0.0,3.54,6.8
2011-10-17,15.4,22.9,9.7,13.1,20.2,55,0.0,0.0,0.0,0.0,3.67,8.0
2011-10-18,16.3,22.9,10.9,14.2,20.7,61,0.0,0.0,0.0,0.0,4.32,10.3
2011-10-19,17.3,21.9,14.5,15.2,19.8,60,0.0,0.0,0.0,0.0,4.56,10.5
2011-10-20,15.5,21.2,10.7,13.9,20.2,63,0.0,0.0,0.0,0.0,2.96,6.7
2011-10-21,14.5,21.5,9.8,13.9,21.4,78,0.2,0.2,0.0,2.0,1.94,3.7
2011-10-22,15.6,21.2,9.9,15.4,21.1,77,0.0,0.0,0.0,0.0,1.62,4.9
2011-10-23,14.7,17.1,9.7,14.6,17.7,89,9.8,9.8,0.0,12.0,7.04,12.6
2011-10-24,9.1,13.2,6.0,5.1,8.4,61,0.5,0.5,0.0,3.0,7.31,13.9
2011-10-25,9.3,15.1,4.4,6.5,12.3,52,0.0,0.0,0.0,0.0,1.91,4.8
2011-10-26,9.4,13.8,3.7,6.9,11.2,70,0.0,0.0,0.0,0.0,3.67,9.0
2011-10-27,12.2,16.8,8.9,10.3,14.9,71,0.0,0.0,0.0,0.0,2.51,7.0
2011-10-28,11.6,17.3,6.9,10.1,15.8,76,0.0,0.0,0.0,0.0,2.18,4.3
2011-10-29,10.9,17.8,5.9,9.2,16.3,78,0.0,0.0,0.0,0.0,2.4,5.6
2011-10-30,12.4,17.1,7.4,10.6,14.4,80,0.0,0.0,0.0,0.0,5.11,10.3
2011-10-31,13.8,19.7,10.5,12.1,17.5,75,0.0,0.0,0.0,0.0,4.03,8.9
2011-11-01,12.3,18.6,7.5,10.9,17.7,74,0.0,0.0,0.0,0.0,2.5,5.4
2011-11-02,13.1,19.0,8.4,11.2,16.7,70,0.0,0.0,0.0,0.0,4.05,8.4
2011-11-03,13.4,17.8,9.5,12.5,16.7,79,1.5,1.5,0.0,4.0,2.22,6.0
2011-11-04,13.2,14.2,12.1,12.9,13.9,94,7.6,7.6,0.0,10.0,2.47,4.9
2011-11-05,12.2,13.5,10.2,10.6,12.9,93,5.0,5.0,0.0,8.0,5.23,10.2
2011-11-06,11.3,14.8,9.3,8.6,11.5,73,0.0,0.0,0.0,0.0,4.55,9.4
2011-11-07,10.7,13.2,8.6,7.9,9.7,64,0.0,0.0,0.0,0.0,4.24,8.0
2011-11-08,10.1,11.9,8.5,7.9,9.4,70,0.0,0.0,0.0,0.0,2.55,5.5
2011-11-09,9.9,14.4,6.4,7.8,11.4,70,0.0,0.0,0.0,0.0,2.68,6.3
2011-11-10,8.3,14.4,3.6,5.7,11.6,68,0.0,0.0,0.0,0.0,2.42,5.4
2011-11-11,10.3,15.5,5.2,7.0,11.8,65,0.0,0.0,0.0,0.0,5.35,11.3
2011-11-12,10.4,13.3,7.6,7.9,10.7,68,0.0,0.0,0.0,0.0,4.11,8.9
2011-11-13,8.2,13.7,3.8,4.4,9.2,51,0.0,0.0,0.0,0.0,4.21,9.3
2011-11-14,8.9,15.9,2.4,5.4,11.7,60,0.0,0.0,0.0,0.0,4.8,10.9
2011-11-15,11.1,16.4,8.2,8.5,13.5,64,0.0,0.0,0.0,0.0,2.88,7.9
2011-11-16,9.9,11.3,8.3,8.4,10.2,87,7.1,7.1,0.0,13.0,2.68,5.0
2011-11-17,11.5,12.1,10.7,10.9,12.0,94,8.4,8.4,0.0,17.0,1.8,3.9
2011-11-18,9.4,11.0,8.0,7.7,10.3,96,14.6,14.6,0.0,10.0,3.62,7.5
2011-11-19,6.3,9.0,0.9,3.0,6.4,70,0.0,0.0,0.0,0.0,4.63,10.4
2011-11-20,3.5,9.6,-0.9,-0.1,5.4,65,0.0,0.0,0.0,0.0,2.65,6.7
2011-11-21,5.9,10.6,2.2,2.3,6.8,62,0.0,0.0,0.0,0.0,3.2,7.2
2011-11-22,8.5,12.0,4.3,4.3,8.1,61,0.0,0.0,0.0,0.0,6.51,12.4
2011-11-23,1.7,4.4,-3.0,-3.2,-0.5,41,0.0,0.0,0.0,0.0,4.83,9.6
2011-11-24,1.5,7.2,-3.8,-2.5,2.7,65,0.0,0.0,0.0,0.0,4.28,9.9
2011-11-25,4.6,9.6,-0.1,1.6,6.9,69,0.0,0.0,0.0,0.0,2.11,5.1
2011-11-26,8.1,11.8,5.5,5.9,9.3,76,0.0,0.0,0.0,0.0,2.33,7.0
2011-11-27,6.2,10.6,3.1,3.7,8.2,81,0.0,0.0,0.0,0.0,2.25,6.0
2011-11-28,6.7,9.5,4.9,3.5,6.2,83,9.3,9.3,0.0,7.0,5.49,10.9
2011-11-29,3.3,5.5,0.1,-1.5,1.3,87,18.4,5.3,9.17,13.0,6.38,13.1
2011-11-30,-0.1,1.6,-4.1,-4.9,-3.2,86,3.1,0.2,2.1,5.0,6.08,11.5
2011-12-01,-3.4,2.0,-8.1,-7.2,-1.3,79,0.0,0.0,0.0,0.0,2.79,4.6
2011-12-02,-1.9,3.3,-8.1,-5.4,0.1,82,0.0,0.0,0.0,0.0,2.47,4.1
2011-12-03,-0.6,2.2,-2.9,-3.6,-0.8,85,0.0,0.0,0.0,0.0,1.88,3.7
2011-12-04,1.2,4.2,-1.6,-2.0,1.4,82,0.0,0.0,0.0,0.0,2.06,6.4
2011-12-05,1.9,3.2,-0.7,-0.9,0.9,90,4.7,4.7,0.0,12.0,2.2,4.6
2011-12-06,3.8,4.3,3.2,1.4,2.1,96,1.8,1.8,0.0,7.0,2.28,4.9
2011-12-07,3.8,4.6,0.9,0.4,2.2,95,4.7,4.7,0.0,15.0,5.63,10.7
2011-12-08,-3.0,0.7,-5.4,-8.1,-3.7,54,0.0,0.0,0.0,0.0,4.81,9.7
2011-12-09,-4.6,-1.1,-7.1,-9.0,-5.7,56,0.0,0.0,0.0,0.0,2.65,6.7
2011-12-10,-1.8,3.0,-5.3,-6.4,-2.3,57,0.0,0.0,0.0,0.0,3.81,8.4
2011-12-11,2.0,8.3,-2.1,-2.5,3.3,51,0.0,0.0,0.0,0.0,3.75,8.1
2011-12-12,1.5,8.4,-2.3,-1.9,5.0,69,0.0,0.0,0.0,0.0,2.95,4.2
2011-12-13,2.6,7.7,-1.9,-1.6,2.7,67,0.0,0.0,0.0,0.0,4.74,10.7
2011-12-14,-0.7,2.2,-4.5,-5.4,-1.7,57,0.0,0.0,0.0,0.0,4.88,10.3
2011-12-15,-2.7,0.9,-5.6,-6.9,-3.5,45,0.0,0.0,0.0,0.0,1.96,4.6
2011-12-16,-5.3,-1.5,-8.2,-10.1,-5.7,37,0.0,0.0,0.0,0.0,4.36,9.5
2011-12-17,-3.8,2.6,-7.9,-8.4,-2.2,56,0.0,0.0,0.0,0.0,3.42,8.3
2011-12-18,-1.7,4.3,-5.1,-5.2,0.9,70,0.0,0.0,0.0,0.0,1.71,3.8
2011-12-19,-1.0,5.1,-5.1,-4.8,1.7,70,0.0,0.0,0.0,0.0,2.2,5.4
2011-12-20,-0.3,3.9,-3.6,-3.7,0.3,71,0.0,0.0,0.0,0.0,1.49,4.3
2011-12-21,-1.2,5.0,-4.6,-5.3,0.4,68,0.0,0.0,0.0,0.0,3.62,7.4
2011-12-22,-2.6,2.8,-6.3,-6.8,-1.0,46,0.0,0.0,0.0,0.0,2.5,4.9
2011-12-23,-1.3,4.1,-4.7,-5.9,-0.8,53,0.0,0.0,0.0,0.0,4.03,8.9
2011-12-24,-1.2,5.2,-4.7,-5.3,1.1,53,0.0,0.0,0.0,0.0,2.27,4.5
2011-12-25,-0.4,7.1,-5.1,-4.4,3.6,54,0.0,0.0,0.0,0.0,2.97,4.9
2011-12-26,-0.3,5.2,-5.1,-4.4,1.3,58,0.0,0.0,0.0,0.0,2.5,4.9
2011-12-27,1.4,6.3,-1.2,-2.7,1.9,69,0.0,0.0,0.0,0.0,3.81,8.8
2011-12-28,1.3,6.6,-1.6,-2.0,4.0,74,0.0,0.0,0.0,0.0,2.89,4.7
2011-12-29,-0.8,1.3,-3.4,-5.5,-3.6,74,0.0,0.0,0.0,0.0,4.66,10.0
2011-12-30,-0.8,2.6,-4.3,-4.7,-1.3,71,0.0,0.0,0.0,0.0,3.47,7.7
2011-12-31,1.0,3.3,-1.0,-2.5,0.1,78,0.0,0.0,0.0,0.0,3.49,6.9
2012-01-01,-2.0,1.7,-5.3,-5.7,-2.4,78,0.0,0.0,0.0,0.0,2.6,7.5
2012-01-02,-3.3,-0.1,-5.5,-7.6,-4.9,78,0.0,0.0,0.0,0.0,4.69,11.4
2012-01-03,-4.7,0.0,-8.0,-9.5,-5.9,52,0.0,0.0,0.0,0.0,4.1,8.8
2012-01-04,-5.2,-0.1,-8.9,-9.8,-4.3,38,0.0,0.0,0.0,0.0,2.98,6.8
2012-01-05,-4.0,3.0,-8.0,-8.9,-2.2,47,0.0,0.0,0.0,0.0,4.19,9.3
2012-01-06,-3.5,3.0,-7.9,-7.8,-1.8,60,0.0,0.0,0.0,0.0,3.2,6.5
2012-01-07,-2.7,2.9,-6.9,-6.6,-0.7,67,0.0,0.0,0.0,0.0,2.52,6.2
2012-01-08,-1.4,3.0,-5.3,-5.2,-1.0,69,0.0,0.0,0.0,0.0,2.4,6.6
2012-01-09,-2.7,2.9,-7.2,-6.2,-0.1,81,0.0,0.0,0.0,0.0,2.47,6.3
2012-01-10,-2.7,2.1,-5.1,-6.3,-1.5,85,0.0,0.0,0.0,0.0,3.01,6.0
2012-01-11,-3.5,1.0,-8.2,-7.9,-2.6,52,0.0,0.0,0.0,0.0,3.88,7.8
2012-01-12,-1.2,3.9,-4.5,-6.5,-1.9,55,0.0,0.0,0.0,0.0,5.95,12.3
2012-01-13,-1.5,6.0,-6.6,-5.1,2.5,62,0.0,0.0,0.0,0.0,1.63,3.8
2012-01-14,-1.3,5.1,-6.6,-5.1,1.5,57,0.0,0.0,0.0,0.0,2.45,3.9
2012-01-15,-0.1,5.7,-4.2,-3.8,2.0,55,0.0,0.0,0.0,0.0,1.79,5.0
2012-01-16,-0.2,4.9,-4.7,-4.0,0.6,69,0.1,0.0,0.14,1.0,3.26,7.2
2012-01-17,1.7,5.1,-1.4,-1.2,2.1,81,0.0,0.0,0.0,0.0,1.9,5.4
2012-01-18,1.8,4.1,0.2,-1.2,0.8,84,0.0,0.0,0.0,0.0,2.16,4.9
2012-01-19,1.1,4.4,-0.7,-2.3,1.2,81,0.0,0.0,0.0,0.0,2.34,5.6
2012-01-20,-1.4,0.3,-4.7,-6.6,-4.0,71,0.0,0.0,0.14,0.0,6.11,12.5
2012-01-21,-5.5,-3.7,-8.6,-11.4,-10.1,54,0.0,0.0,0.0,0.0,6.23,11.9
2012-01-22,-7.3,-3.0,-10.8,-11.8,-7.5,44,0.0,0.0,0.0,0.0,2.04,6.3
2012-01-23,-6.1,0.1,-10.5,-10.8,-5.4,47,0.0,0.0,0.0,0.0,3.75,8.7
2012-01-24,-5.7,-0.4,-9.3,-10.4,-5.3,45,0.0,0.0,0.0,0.0,2.62,7.1
2012-01-25,-3.0,3.1,-8.4,-8.4,-2.2,32,0.0,0.0,0.0,0.0,5.12,11.0
2012-01-26,0.4,6.7,-4.9,-4.7,0.9,46,0.0,0.0,0.0,0.0,4.96,10.4
2012-01-27,-0.2,5.4,-5.2,-4.5,0.7,64,0.0,0.0,0.0,0.0,4.05,8.3
2012-01-28,-1.0,4.8,-5.3,-4.7,1.2,75,0.0,0.0,0.0,0.0,2.25,5.2
2012-01-29,-2.1,0.0,-4.1,-6.2,-4.6,81,0.0,0.0,0.0,0.0,3.62,7.9
2012-01-30,-1.6,1.0,-3.3,-5.3,-2.3,78,0.0,0.0,0.0,0.0,2.9,5.7
2012-01-31,-0.9,2.6,-5.2,-6.0,-1.6,80,0.0,0.0,0.0,0.0,6.11,11.7
2012-02-01,-5.7,-2.2,-8.4,-11.0,-8.0,48,0.0,0.0,0.0,0.0,4.35,10.0
2012-02-02,-6.0,-1.4,-9.9,-10.5,-5.4,34,0.0,0.0,0.0,0.0,2.31,6.3
2012-02-03,-2.3,4.1,-6.3,-7.5,-1.5,43,0.0,0.0,0.0,0.0,5.66,11.8
2012-02-04,-1.1,4.9,-6.4,-5.4,0.6,50,0.0,0.0,0.0,0.0,2.93,6.3
2012-02-05,1.5,6.4,-1.7,-3.0,1.5,60,0.0,0.0,0.0,0.0,5.2,11.3
2012-02-06,-0.8,2.8,-6.3,-6.2,-3.2,46,0.0,0.0,0.0,0.0,7.35,15.6
2012-02-07,-6.5,-2.7,-9.8,-12.0,-8.0,21,0.0,0.0,0.0,0.0,4.72,9.5
2012-02-08,-4.1,0.8,-9.3,-9.4,-4.9,25,0.0,0.0,0.0,0.0,4.42,9.7
2012-02-09,-1.7,3.8,-5.8,-6.5,-1.4,28,0.0,0.0,0.0,0.0,2.97,7.3
2012-02-10,-2.1,3.8,-6.1,-6.7,-0.7,36,0.0,0.0,0.0,0.0,3.55,8.3
2012-02-11,-0.1,7.7,-6.7,-5.1,2.4,33,0.0,0.0,0.0,0.0,4.89,10.7
2012-02-12,1.3,5.2,-2.4,-3.0,0.7,50,0.0,0.0,0.0,0.0,3.41,7.8
2012-02-13,0.8,5.0,-3.1,-2.3,2.4,77,0.0,0.0,0.0,0.0,1.92,4.8
2012-02-14,1.3,5.2,-2.3,-2.5,1.2,76,0.0,0.0,0.0,0.0,4.24,8.6
2012-02-15,0.5,6.0,-3.4,-3.7,2.4,53,0.0,0.0,0.0,0.0,3.18,6.0
2012-02-16,-0.5,3.6,-5.9,-5.1,-1.2,41,0.7,0.5,0.14,4.0,3.64,8.7
2012-02-17,-3.2,1.7,-6.4,-8.4,-4.3,32,0.0,0.0,0.0,0.0,5.51,11.3
2012-02-18,-2.9,3.3,-8.1,-7.3,-0.5,34,0.0,0.0,0.0,0.0,2.71,6.5
2012-02-19,1.2,8.2,-5.5,-3.9,2.7,33,0.0,0.0,0.0,0.0,5.33,11.1
2012-02-20,5.2,11.0,1.1,0.0,5.9,35,0.0,0.0,0.0,0.0,4.94,11.1
2012-02-21,5.2,10.2,1.2,1.5,7.1,49,0.0,0.0,0.0,0.0,3.31,5.5
2012-02-22,5.7,9.6,2.2,2.2,7.0,72,0.0,0.0,0.0,0.0,4.3,9.6
2012-02-23,1.0,4.4,-2.5,-4.5,-0.5,47,0.0,0.0,0.0,0.0,5.85,11.8
2012-02-24,-0.5,4.1,-4.6,-4.8,-0.2,45,0.0,0.0,0.0,0.0,3.4,7.5
2012-02-25,-0.4,2.7,-3.1,-4.8,-1.6,52,0.0,0.0,0.0,0.0,3.64,7.8
2012-02-26,0.3,5.5,-3.1,-3.8,2.3,43,0.0,0.0,0.0,0.0,2.42,5.3
2012-02-27,1.6,7.1,-3.6,-3.1,2.6,40,0.0,0.0,0.0,0.0,4.05,9.7
2012-02-28,3.2,8.5,-0.7,-1.0,4.9,46,0.0,0.0,0.0,0.0,3.51,9.6
2012-02-29,5.1,9.2,1.1,1.4,5.5,50,0.0,0.0,0.0,0.0,3.06,7.7
2012-03-01,3.2,7.4,0.2,-0.4,3.7,71,2.9,2.9,0.0,8.0,4.61,9.2
2012-03-02,1.3,5.1,-1.2,-3.4,0.7,60,0.0,0.0,0.0,0.0,4.97,11.3
2012-03-03,1.2,5.1,-1.9,-3.8,0.0,47,0.0,0.0,0.0,0.0,4.62,9.4
2012-03-04,2.2,5.6,-0.4,-1.5,2.7,58,0.0,0.0,0.0,0.0,3.08,6.2
2012-03-05,1.9,5.6,-1.3,-1.5,2.9,68,0.0,0.0,0.0,0.0,3.05,7.9
2012-03-06,3.9,9.0,0.0,-0.5,5.0,37,0.0,0.0,0.0,0.0,4.55,9.5
2012-03-07,5.6,12.6,-1.2,1.7,9.9,39,0.0,0.0,0.0,0.0,3.51,6.4
2012-03-08,3.7,7.0,0.4,-1.3,2.5,41,0.0,0.0,0.0,0.0,4.67,10.3
2012-03-09,2.2,6.8,-1.1,-1.8,4.0,45,0.0,0.0,0.0,0.0,3.69,6.8
2012-03-10,4.8,10.2,0.4,0.1,6.8,45,0.0,0.0,0.0,0.0,5.28,10.4
2012-03-11,-0.5,3.4,-4.2,-5.6,-0.8,23,0.0,0.0,0.0,0.0,5.06,10.3
2012-03-12,2.1,7.8,-4.3,-2.6,2.7,37,0.0,0.0,0.0,0.0,3.83,8.9
2012-03-13,7.9,13.9,2.5,3.3,10.2,41,0.0,0.0,0.0,0.0,5.11,11.4
2012-03-14,8.2,12.9,3.9,4.1,9.8,51,0.2,0.2,0.0,1.0,5.75,11.9
2012-03-15,7.9,14.5,2.7,4.3,11.2,54,1.7,1.7,0.0,5.0,4.18,8.7
2012-03-16,8.0,12.0,5.4,5.8,9.6,76,0.4,0.4,0.0,2.0,2.34,5.9
2012-03-17,9.4,16.4,4.2,6.6,14.1,69,0.0,0.0,0.0,0.0,4.01,8.8
2012-03-18,2.2,6.0,-1.2,-2.7,3.7,67,0.6,0.6,0.0,2.0,7.0,13.6
2012-03-19,1.9,5.7,-2.0,-2.1,3.6,51,0.0,0.0,0.21,0.0,3.06,7.4
2012-03-20,4.1,8.2,0.9,0.9,4.7,64,0.0,0.0,0.0,0.0,2.33,6.2
2012-03-21,3.9,9.7,0.0,0.4,5.4,72,7.5,7.5,0.0,9.0,4.25,10.7
2012-03-22,4.1,5.4,3.3,1.2,2.5,90,5.0,5.0,0.0,11.0,4.05,8.5
2012-03-23,6.8,12.1,2.8,2.1,5.7,58,0.0,0.0,0.0,0.0,10.04,19.8
2012-03-24,9.6,16.6,3.6,5.5,14.1,32,0.0,0.0,0.0,0.0,3.58,7.7
2012-03-25,8.4,14.6,2.8,4.6,11.2,40,0.0,0.0,0.0,0.0,3.86,9.5
2012-03-26,12.0,18.4,6.2,8.1,15.4,45,0.0,0.0,0.0,0.0,6.21,12.9
2012-03-27,15.5,22.5,7.8,13.6,22.3,54,0.0,0.0,0.0,0.0,2.8,6.6
2012-03-28,16.5,23.4,10.4,13.5,20.7,38,0.0,0.0,0.0,0.0,4.39,8.5
2012-03-29,16.3,20.0,14.0,12.8,17.5,47,0.0,0.0,0.0,0.0,5.39,11.9
2012-03-30,11.9,14.3,8.0,7.0,12.8,28,1.3,1.3,0.0,2.0,6.36,12.8
2012-03-31,11.7,15.5,9.1,6.9,13.0,22,0.0,0.0,0.0,0.0,6.34,12.2
2012-04-01,13.7,18.9,8.2,9.7,16.1,42,0.0,0.0,0.0,0.0,6.55,13.5
2012-04-02,7.7,14.3,1.2,4.5,12.3,76,6.1,6.1,0.0,9.0,6.82,13.8
2012-04-03,8.8,15.5,0.7,4.6,10.6,53,0.0,0.0,0.0,0.0,6.52,13.4
2012-04-04,14.7,23.6,8.8,10.5,19.5,33,0.0,0.0,0.0,0.0,5.72,13.1
2012-04-05,13.0,18.4,5.5,9.2,15.7,29,0.0,0.0,0.0,0.0,3.9,10.7
2012-04-06,14.5,20.9,8.1,11.1,17.9,32,0.0,0.0,0.0,0.0,3.55,9.6
2012-04-07,17.5,23.2,11.2,13.6,20.3,34,0.0,0.0,0.0,0.0,5.66,12.3
2012-04-08,18.7,23.7,14.0,16.0,22.7,38,0.0,0.0,0.0,0.0,5.29,10.3
2012-04-09,19.0,25.6,12.0,16.5,23.1,43,0.0,0.0,0.0,0.0,5.0,10.4
2012-04-10,14.0,17.5,10.3,13.3,15.7,84,3.3,3.3,0.0,6.0,3.36,7.0
2012-04-11,11.3,14.5,9.0,9.2,12.8,71,0.0,0.0,0.0,0.0,6.02,12.1
2012-04-12,11.5,14.3,8.8,9.9,12.3,77,6.7,6.7,0.0,8.0,3.51,7.4
2012-04-13,14.6,21.0,8.8,12.9,20.2,67,0.0,0.0,0.0,0.0,3.3,7.8
2012-04-14,18.2,23.4,13.1,15.2,20.6,51,0.0,0.0,0.0,0.0,6.36,12.7
2012-04-15,18.4,23.5,14.1,15.7,21.3,51,0.0,0.0,0.0,0.0,6.04,12.8
2012-04-16,13.9,18.4,10.2,11.0,16.0,57,0.0,0.0,0.0,0.0,5.19,10.8
2012-04-17,16.7,22.1,10.0,13.8,20.3,49,0.0,0.0,0.0,0.0,5.31,11.0
2012-04-18,18.8,22.9,15.3,16.8,21.8,58,0.0,0.0,0.0,0.0,5.5,12.1
2012-04-19,18.0,22.6,14.7,16.0,21.8,59,0.0,0.0,0.0,0.0,5.52,10.6
2012-04-20,16.2,18.3,14.3,15.5,18.3,74,0.6,0.6,0.0,2.0,4.9,9.9
2012-04-21,15.5,20.4,12.7,15.0,19.8,78,0.7,0.7,0.0,2.0,3.2,8.5
2012-04-22,17.9,23.7,10.4,17.5,24.2,74,0.0,0.0,0.0,0.0,5.23,12.1
2012-04-23,23.3,28.8,18.1,22.8,29.1,56,0.0,0.0,0.0,0.0,5.1,10.8
2012-04-24,18.4,22.5,12.2,18.1,23.1,81,44.2,44.2,0.0,16.0,9.73,19.1
2012-04-25,15.1,19.6,11.8,11.7,16.1,52,0.1,0.1,0.0,1.0,5.92,11.9
2012-04-26,17.9,22.7,11.3,14.1,19.3,46,0.0,0.0,0.0,0.0,7.95,15.9
2012-04-27,22.0,27.8,17.4,20.4,27.5,53,0.1,0.1,0.0,1.0,7.73,14.6
2012-04-28,18.2,22.4,13.7,15.1,21.4,42,0.0,0.0,0.0,0.0,5.28,11.8
2012-04-29,16.6,21.9,10.9,15.8,22.6,65,0.0,0.0,0.0,0.0,3.24,8.2
2012-04-30,19.7,24.6,14.8,20.4,26.3,73,0.0,0.0,0.0,0.0,3.29,7.2
2012-05-01,20.3,26.0,14.0,20.8,25.9,70,0.0,0.0,0.0,0.0,4.74,10.0
2012-05-02,21.2,27.6,13.8,22.4,29.8,70,0.0,0.0,0.0,0.0,2.46,6.9
2012-05-03,23.0,28.9,17.1,24.4,31.7,64,0.0,0.0,0.0,0.0,2.51,4.8
2012-05-04,23.8,29.2,17.4,24.3,30.4,59,0.0,0.0,0.0,0.0,3.86,8.3
2012-05-05,22.9,27.0,15.6,23.1,29.5,57,0.0,0.0,0.0,0.0,4.22,8.5
2012-05-06,22.9,29.7,14.1,22.2,29.1,56,0.0,0.0,0.0,0.0,6.08,12.1
2012-05-07,24.6,27.2,20.6,25.2,28.1,65,0.0,0.0,0.0,0.0,6.09,12.5
2012-05-08,22.6,27.9,17.8,24.2,30.9,68,0.0,0.0,0.0,0.0,2.77,6.4
2012-05-09,22.1,28.8,15.2,22.2,29.8,56,0.0,0.0,0.0,0.0,2.72,6.0
2012-05-10,23.0,27.9,19.2,23.6,30.2,63,0.0,0.0,0.0,0.0,3.83,9.3
2012-05-11,21.8,25.4,18.8,21.9,25.4,61,0.0,0.0,0.0,0.0,3.14,9.0
2012-05-12,18.6,19.8,14.8,19.0,20.7,77,0.9,0.9,0.0,2.0,3.0,6.5
2012-05-13,18.8,23.7,13.3,19.3,24.9,73,0.0,0.0,0.0,0.0,3.28,6.4
2012-05-14,21.3,25.2,16.5,20.7,25.9,54,0.0,0.0,0.0,0.0,3.71,8.1
2012-05-15,20.3,24.4,15.6,18.1,22.7,38,0.0,0.0,0.0,0.0,4.48,9.3
2012-05-16,20.9,25.1,16.0,17.8,22.6,35,0.0,0.0,0.0,0.0,5.56,12.2
2012-05-17,22.1,29.0,15.7,20.8,29.4,41,0.0,0.0,0.0,0.0,4.28,8.0
2012-05-18,24.0,29.6,18.5,22.9,29.1,47,0.0,0.0,0.0,0.0,5.29,11.0
2012-05-19,24.7,29.3,20.7,24.9,30.7,53,0.0,0.0,0.0,0.0,4.73,9.4
2012-05-20,23.5,27.1,20.4,24.5,30.6,62,0.0,0.0,0.0,0.0,4.18,8.8
2012-05-21,22.0,25.8,17.8,22.8,28.0,64,0.0,0.0,0.0,0.0,3.18,7.7
2012-05-22,20.8,23.1,17.7,20.4,22.7,62,0.4,0.4,0.0,2.0,3.67,8.2
2012-05-23,22.1,26.8,15.9,22.7,29.4,60,0.0,0.0,0.0,0.0,2.34,6.4
2012-05-24,22.5,26.4,18.1,23.5,27.8,62,0.2,0.2,0.0,1.0,1.56,5.5
2012-05-25,22.4,28.9,15.6,22.7,29.2,60,0.0,0.0,0.0,0.0,3.72,7.9
2012-05-26,24.1,29.0,19.0,24.4,29.9,59,0.0,0.0,0.0,0.0,4.39,10.0
2012-05-27,25.7,30.9,20.4,25.5,31.5,50,0.0,0.0,0.0,0.0,5.71,11.8
2012-05-28,26.2,31.6,21.7,27.1,33.5,54,0.0,0.0,0.0,0.0,3.88,8.6
2012-05-29,21.8,23.9,18.5,21.7,23.6,63,0.8,0.8,0.0,3.0,4.72,10.4
2012-05-30,21.5,26.1,16.9,21.7,26.9,62,2.6,2.6,0.0,2.0,3.86,8.6
2012-05-31,22.3,28.1,14.3,21.9,27.6,53,0.0,0.0,0.0,0.0,3.57,7.0
2012-06-01,22.3,24.8,19.7,22.0,24.2,63,0.0,0.0,0.0,0.0,5.32,11.1
2012-06-02,23.6,28.3,19.5,24.3,30.1,62,0.5,0.5,0.0,3.0,3.88,9.4
2012-06-03,24.9,29.4,20.6,24.1,28.9,52,0.0,0.0,0.0,0.0,5.85,12.6
2012-06-04,25.4,30.7,20.3,25.6,32.1,52,0.0,0.0,0.0,0.0,4.61,9.8
2012-06-05,26.0,31.7,19.9,26.6,33.4,52,0.0,0.0,0.0,0.0,4.02,8.7
2012-06-06,25.2,29.2,22.0,26.1,30.9,59,0.0,0.0,0.0,0.0,5.0,10.1
2012-06-07,24.8,29.1,20.8,27.1,31.5,69,0.2,0.2,0.0,1.0,2.94,6.2
2012-06-08,24.7,29.2,20.6,27.4,33.1,72,8.4,8.4,0.0,9.0,3.01,9.6
2012-06-09,26.9,33.4,20.2,28.7,35.6,59,0.0,0.0,0.0,0.0,3.16,6.9
2012-06-10,21.3,24.5,16.6,21.7,27.5,70,0.0,0.0,0.0,0.0,5.79,15.6
2012-06-11,23.3,31.2,12.6,21.9,29.5,43,0.0,0.0,0.0,0.0,4.25,9.4
2012-06-12,27.2,33.4,21.9,25.6,32.6,35,0.0,0.0,0.0,0.0,5.38,11.3
2012-06-13,29.0,35.9,20.1,28.5,35.8,41,0.0,0.0,0.0,0.0,5.66,11.8
2012-06-14,24.7,29.4,19.9,24.5,28.9,54,1.2,1.2,0.0,5.0,6.36,16.3
2012-06-15,24.2,29.6,17.2,23.9,29.3,51,0.0,0.0,0.0,0.0,4.18,9.1
2012-06-16,26.7,33.6,18.4,26.3,33.6,40,0.0,0.0,0.0,0.0,2.5,6.3
2012-06-17,28.8,34.5,23.2,28.1,34.6,41,0.0,0.0,0.0,0.0,6.11,12.3
2012-06-18,28.3,33.8,22.9,28.7,35.5,46,0.0,0.0,0.0,0.0,4.26,8.9
2012-06-19,28.6,34.2,22.8,30.1,37.3,51,0.0,0.0,0.0,0.0,3.79,8.1
2012-06-20,29.3,34.9,24.3,29.9,36.2,46,1.0,1.0,0.0,1.0,4.25,9.5
2012-06-21,29.3,35.5,25.5,30.4,37.9,48,0.3,0.3,0.0,1.0,3.77,8.7
2012-06-22,29.1,33.4,25.4,30.4,35.5,51,0.6,0.6,0.0,1.0,4.3,10.6
2012-06-23,28.8,32.9,24.9,30.5,36.7,54,0.2,0.2,0.0,1.0,4.68,8.9
2012-06-24,28.4,33.1,23.7,28.8,34.7,46,0.0,0.0,0.0,0.0,5.22,9.7
2012-06-25,27.1,31.0,23.1,28.7,33.5,57,0.0,0.0,0.0,0.0,4.43,7.8
2012-06-26,25.7,28.8,22.9,27.7,30.1,69,0.9,0.9,0.0,3.0,4.49,9.4
2012-06-27,24.5,27.6,19.7,25.6,28.7,63,0.0,0.0,0.0,0.0,3.98,8.2
2012-06-28,24.2,26.6,21.5,26.8,29.8,73,0.7,0.7,0.0,3.0,2.52,6.5
2012-06-29,21.7,22.7,20.8,24.9,25.4,91,14.3,14.3,0.0,20.0,2.0,4.7
2012-06-30,24.5,29.8,20.6,28.0,33.3,78,0.0,0.0,0.0,0.0,1.77,4.7
2012-07-01,28.0,33.5,22.7,30.0,35.7,65,0.0,0.0,0.0,0.0,5.91,10.7
2012-07-02,28.2,32.3,24.6,31.7,36.5,69,0.0,0.0,0.0,0.0,5.74,10.1
2012-07-03,30.2,35.8,25.0,32.9,38.6,57,0.0,0.0,0.0,0.0,3.99,7.6
2012-07-04,28.2,32.3,23.3,31.9,36.6,70,0.3,0.3,0.0,3.0,3.54,8.2
2012-07-05,23.5,26.6,20.9,25.6,28.4,79,8.7,8.7,0.0,10.0,4.6,14.9
2012-07-06,26.2,31.8,20.7,29.6,35.7,72,0.0,0.0,0.0,0.0,3.05,7.9
2012-07-07,27.4,32.1,23.2,31.2,35.7,72,1.6,1.6,0.0,2.0,4.06,8.8
2012-07-08,26.1,29.3,24.1,31.2,34.4,86,17.7,17.7,0.0,13.0,2.53,6.1
2012-07-09,26.6,28.5,25.2,32.3,34.8,90,13.5,13.5,0.0,20.0,2.91,7.3
2012-07-10,26.1,29.5,23.7,30.3,33.3,88,16.8,16.8,0.0,14.0,5.51,10.6
2012-07-11,28.5,33.7,23.1,33.4,39.9,75,0.0,0.0,0.0,0.0,3.29,8.1
2012-07-12,29.5,34.3,25.1,35.3,41.7,79,3.2,3.2,0.0,5.0,4.32,8.7
2012-07-13,25.3,27.7,22.2,27.3,29.5,73,0.0,0.0,0.0,0.0,4.89,11.5
2012-07-14,24.0,27.2,20.8,25.6,28.3,72,0.0,0.0,0.0,0.0,5.15,10.4
2012-07-15,24.1,28.3,19.1,26.2,30.2,71,0.0,0.0,0.0,0.0,3.66,8.3
2012-07-16,26.2,30.9,21.2,29.2,33.9,67,0.0,0.0,0.0,0.0,2.31,6.1
2012-07-17,26.8,31.0,22.2,30.3,34.4,70,0.2,0.2,0.0,1.0,2.75,7.0
2012-07-18,26.9,31.3,22.8,30.5,35.1,71,0.0,0.0,0.0,0.0,2.76,7.4
2012-07-19,27.4,31.8,22.3,31.3,36.1,71,0.0,0.0,0.0,0.0,2.0,4.8
2012-07-20,28.5,32.3,25.0,32.4,35.7,68,0.0,0.0,0.0,0.0,3.54,8.3
2012-07-21,29.7,33.6,26.1,33.3,37.0,68,0.0,0.0,0.0,0.0,5.82,10.3
2012-07-22,27.7,29.1,24.4,32.0,34.2,81,13.4,13.4,0.0,10.0,6.34,12.1
2012-07-23,27.1,30.9,23.6,31.5,35.4,80,0.6,0.6,0.0,3.0,4.1,7.3
2012-07-24,28.1,32.3,25.2,33.9,38.6,81,1.5,1.5,0.0,6.0,2.14,7.9
2012-07-25,30.2,34.0,26.6,35.6,39.8,74,0.0,0.0,0.0,0.0,4.0,8.6
2012-07-26,30.5,33.5,27.9,34.6,38.6,67,0.0,0.0,0.0,0.0,5.01,11.1
2012-07-27,30.4,35.4,27.2,35.3,41.7,68,1.8,1.8,0.0,2.0,3.21,9.6
2012-07-28,30.9,34.5,27.6,35.5,39.0,70,0.3,0.3,0.0,2.0,5.41,11.7
2012-07-29,31.6,36.0,27.1,36.3,41.2,69,3.6,3.6,0.0,4.0,6.23,12.7
2012-07-30,28.1,31.5,25.5,33.5,37.5,82,20.4,20.4,0.0,13.0,3.83,8.1
2012-07-31,26.9,30.9,24.7,32.9,38.3,90,42.3,42.3,0.0,16.0,2.33,9.6
2012-08-01,24.4,25.5,23.1,28.9,31.1,93,2.7,2.7,0.0,7.0,3.67,8.2
2012-08-02,24.9,28.3,22.3,28.6,32.4,83,0.3,0.3,0.0,2.0,3.41,6.4
2012-08-03,24.2,26.2,22.9,27.4,30.3,95,21.7,21.7,0.0,13.0,8.15,15.0
2012-08-04,25.2,29.3,22.5,29.7,34.2,90,10.9,10.9,0.0,12.0,3.28,8.7
2012-08-05,27.1,30.9,24.4,32.2,36.8,81,0.0,0.0,0.0,0.0,2.83,5.4
2012-08-06,26.7,30.2,23.6,31.5,35.2,83,0.4,0.4,0.0,3.0,2.7,6.1
2012-08-07,27.5,31.6,23.4,32.5,37.2,78,0.0,0.0,0.0,0.0,1.92,5.3
2012-08-08,28.4,33.3,24.4,33.8,39.8,76,0.0,0.0,0.0,0.0,2.1,5.1
2012-08-09,27.2,30.6,24.3,31.5,34.2,82,0.3,0.3,0.0,1.0,5.45,12.1
2012-08-10,26.6,30.5,24.0,30.3,33.9,81,0.1,0.1,0.0,1.0,5.32,10.3
2012-08-11,28.0,32.4,23.7,32.7,37.2,75,0.0,0.0,0.0,0.0,2.6,6.4
2012-08-12,25.4,28.1,22.5,29.8,32.6,87,9.6,9.6,0.0,13.0,5.16,9.2
2012-08-13,23.0,26.8,20.7,24.0,27.5,78,10.7,10.7,0.0,6.0,5.74,11.9
2012-08-14,20.1,21.0,19.3,22.4,23.2,90,12.6,12.6,0.0,20.0,2.05,4.5
2012-08-15,21.2,25.8,17.9,23.5,29.5,84,0.2,0.2,0.0,1.0,2.06,4.8
2012-08-16,23.7,28.7,17.7,26.4,31.4,76,0.0,0.0,0.0,0.0,2.22,5.1
2012-08-17,25.6,29.7,21.6,29.0,33.6,74,0.0,0.0,0.0,0.0,2.31,5.1
2012-08-18,25.8,29.8,23.7,30.5,34.8,85,23.5,23.5,0.0,14.0,2.95,8.0
2012-08-19,25.0,29.0,22.8,28.9,32.8,84,6.8,6.8,0.0,4.0,3.34,8.2
2012-08-20,25.5,28.0,23.3,29.4,32.3,82,0.8,0.8,0.0,3.0,2.83,6.5
2012-08-21,21.2,23.1,17.4,23.6,26.2,86,8.5,8.5,0.0,15.0,3.49,8.1
2012-08-22,21.2,27.2,16.1,22.8,29.0,74,0.0,0.0,0.0,0.0,2.04,5.4
2012-08-23,21.9,27.8,16.0,22.8,29.2,65,0.0,0.0,0.0,0.0,2.19,5.6
2012-08-24,22.1,28.5,15.1,23.3,30.8,67,0.0,0.0,0.0,0.0,2.33,5.1
2012-08-25,24.8,29.9,19.4,27.5,32.7,70,0.0,0.0,0.0,0.0,1.73,4.7
2012-08-26,24.2,26.6,22.5,28.4,30.6,87,12.1,12.1,0.0,15.0,2.1,6.5
2012-08-27,23.8,26.3,22.0,28.3,30.6,91,30.6,30.6,0.0,19.0,1.94,7.2
2012-08-28,24.8,28.6,22.2,28.5,31.8,86,0.7,0.7,0.0,5.0,3.86,8.0
2012-08-29,27.2,32.5,23.1,31.5,37.8,77,0.0,0.0,0.0,0.0,3.2,7.1
2012-08-30,27.2,32.4,23.0,32.3,38.2,78,0.0,0.0,0.0,0.0,1.43,4.1
2012-08-31,27.0,31.0,23.6,31.2,34.9,75,0.0,0.0,0.0,0.0,2.24,5.6
2012-09-01,27.2,30.6,24.9,30.6,33.3,72,0.0,0.0,0.0,0.0,3.93,7.9
2012-09-02,23.1,25.7,18.4,25.2,27.5,84,19.8,19.8,0.0,10.0,5.16,10.2
2012-09-03,20.6,25.2,16.9,21.2,25.7,73,0.0,0.0,0.0,0.0,4.4,9.1
2012-09-04,19.6,24.7,15.1,19.8,24.6,65,0.0,0.0,0.0,0.0,2.72,6.8
2012-09-05,20.3,26.1,13.7,20.7,27.5,66,0.0,0.0,0.0,0.0,2.28,5.5
2012-09-06,23.1,26.7,20.0,24.6,28.8,70,0.0,0.0,0.0,0.0,3.0,6.6
2012-09-07,21.6,25.2,19.7,23.8,27.7,81,2.9,2.9,0.0,9.0,3.57,5.8
2012-09-08,21.5,24.8,19.3,24.1,27.5,83,0.5,0.5,0.0,3.0,1.61,3.9
2012-09-09,21.8,26.9,17.4,23.9,28.8,80,0.0,0.0,0.0,0.0,2.62,6.2
2012-09-10,22.1,26.9,17.4,24.6,29.5,80,0.2,0.2,0.0,2.0,1.8,4.4
2012-09-11,20.6,21.8,18.0,22.8,24.2,87,8.1,8.1,0.0,15.0,2.72,6.5
2012-09-12,19.3,22.4,16.5,19.9,23.2,81,0.0,0.0,0.0,0.0,4.14,8.2
2012-09-13,18.3,24.4,13.5,17.8,23.7,63,0.0,0.0,0.0,0.0,2.95,6.7
2012-09-14,19.1,24.9,14.9,18.3,25.2,61,0.0,0.0,0.0,0.0,3.2,7.1
2012-09-15,19.4,24.7,14.6,19.4,24.0,68,0.0,0.0,0.0,0.0,3.2,7.0
2012-09-16,19.6,25.4,14.4,19.1,23.5,65,0.0,0.0,0.0,0.0,4.37,9.0
2012-09-17,19.9,25.8,14.9,19.4,24.5,60,0.0,0.0,0.0,0.0,3.91,8.5
2012-09-18,20.2,27.4,14.7,19.8,26.5,58,0.0,0.0,0.0,0.0,2.5,5.7
2012-09-19,20.5,27.5,14.4,20.6,28.5,64,0.0,0.0,0.0,0.0,2.81,8.0
2012-09-20,20.3,26.3,14.7,21.4,27.5,74,0.0,0.0,0.0,0.0,2.02,5.4
2012-09-21,21.0,24.8,18.4,22.7,26.2,78,1.8,1.8,0.0,4.0,2.01,5.3
2012-09-22,21.0,24.8,17.9,23.2,27.8,82,2.8,2.8,0.0,12.0,2.7,7.2
2012-09-23,20.7,25.7,17.0,22.4,26.6,82,0.6,0.6,0.0,3.0,2.97,6.9
2012-09-24,20.7,26.3,16.5,21.3,26.8,74,0.0,0.0,0.0,0.0,4.02,8.3
2012-09-25,21.0,25.7,16.3,22.4,26.9,77,0.2,0.2,0.0,1.0,2.77,6.9
2012-09-26,19.3,20.6,17.1,21.8,23.2,92,4.4,4.4,0.0,15.0,1.17,5.1
2012-09-27,19.8,25.5,13.3,20.6,25.3,82,7.5,7.5,0.0,3.0,6.03,12.1
2012-09-28,15.5,21.3,10.6,12.4,17.2,51,0.0,0.0,0.0,0.0,6.71,14.0
2012-09-29,15.1,22.3,7.5,12.8,19.2,52,0.0,0.0,0.0,0.0,4.07,8.9
2012-09-30,16.8,24.8,8.9,14.9,22.3,52,0.0,0.0,0.0,0.0,3.26,7.2
2012-10-01,17.1,25.6,10.4,15.7,24.7,54,0.0,0.0,0.0,0.0,2.69,4.1
2012-10-02,19.0,27.4,10.9,17.3,26.1,54,0.0,0.0,0.0,0.0,3.31,6.9
2012-10-03,20.3,26.3,14.7,18.1,23.7,51,0.0,0.0,0.0,0.0,5.32,10.2
2012-10-04,18.4,24.6,13.8,17.2,22.9,54,0.0,0.0,0.0,0.0,2.38,6.7
2012-10-05,16.8,20.8,13.2,16.4,20.4,69,0.7,0.7,0.0,5.0,2.38,7.7
2012-10-06,17.4,24.3,12.0,16.9,23.4,70,0.0,0.0,0.0,0.0,3.41,7.9
2012-10-07,18.2,23.9,12.4,18.3,24.0,70,0.0,0.0,0.0,0.0,1.79,4.3
2012-10-08,19.1,24.4,13.9,18.7,23.6,67,0.0,0.0,0.0,0.0,3.05,7.3
2012-10-09,19.6,24.7,13.5,17.3,22.2,51,0.0,0.0,0.0,0.0,5.46,11.5
2012-10-10,14.8,20.5,9.4,11.9,18.0,43,0.0,0.0,0.0,0.0,3.54,6.6
2012-10-11,16.2,23.2,7.5,12.9,19.3,51,0.0,0.0,0.0,0.0,6.21,12.0
2012-10-12,20.3,24.8,16.6,17.0,21.7,46,0.0,0.0,0.0,0.0,6.17,13.2
2012-10-13,18.9,23.8,13.8,16.4,22.9,49,0.0,0.0,0.0,0.0,5.07,9.8
2012-10-14,17.2,23.7,11.9,14.4,20.5,46,0.0,0.0,0.0,0.0,4.0,9.1
2012-10-15,17.9,23.5,12.5,16.5,22.2,55,0.4,0.4,0.0,1.0,2.61,6.3
2012-10-16,14.8,17.8,8.0,13.1,15.9,75,1.4,1.4,0.0,3.0,5.09,10.7
2012-10-17,10.9,16.9,4.7,7.6,12.8,51,0.0,0.0,0.0,0.0,4.06,9.1
2012-10-18,14.5,21.6,8.1,10.7,17.6,39,0.0,0.0,0.0,0.0,4.65,10.6
2012-10-19,16.6,20.6,13.9,13.6,17.2,43,0.1,0.1,0.0,1.0,3.65,9.0
2012-10-20,16.8,24.2,12.2,15.3,23.4,58,0.0,0.0,0.0,0.0,3.2,6.3
2012-10-21,15.4,22.4,11.3,14.5,21.5,77,5.3,5.3,0.0,7.0,4.16,9.0
2012-10-22,12.7,18.3,7.1,9.6,14.1,57,0.2,0.2,0.0,1.0,4.66,10.9
2012-10-23,13.8,20.2,6.9,10.0,15.0,45,0.0,0.0,0.0,0.0,5.95,12.0
2012-10-24,16.1,22.7,12.1,13.1,19.8,47,0.0,0.0,0.0,0.0,4.16,9.4
2012-10-25,15.6,23.6,9.5,13.9,21.8,63,0.0,0.0,0.0,0.0,2.77,6.1
2012-10-26,14.9,20.6,9.3,13.7,19.4,68,0.0,0.0,0.0,0.0,2.38,4.9
2012-10-27,14.3,20.4,10.5,13.0,18.7,74,0.0,0.0,0.0,0.0,3.18,7.7
2012-10-28,14.1,19.5,9.6,11.7,16.9,62,0.0,0.0,0.0,0.0,4.24,10.1
2012-10-29,15.0,19.0,11.1,13.0,16.6,66,0.4,0.4,0.0,2.0,4.62,9.9
2012-10-30,9.9,13.8,6.7,6.9,10.5,64,0.3,0.3,0.0,2.0,4.58,9.0
2012-10-31,8.5,13.5,5.5,4.9,9.4,48,0.0,0.0,0.0,0.0,3.11,8.5
2012-11-01,11.1,17.8,5.0,6.5,12.6,37,0.0,0.0,0.0,0.0,5.19,11.2
2012-11-02,13.1,18.4,10.1,9.2,14.1,49,0.0,0.0,0.0,0.0,5.22,11.5
2012-11-03,10.7,15.4,5.6,8.0,12.7,77,10.0,10.0,0.0,9.0,5.73,13.0
2012-11-04,3.7,5.4,1.7,-1.5,0.1,65,0.2,0.0,0.28,2.0,6.85,14.4
2012-11-05,6.4,10.4,4.3,2.4,5.4,57,0.0,0.0,0.0,0.0,4.9,10.5
2012-11-06,7.2,14.4,1.4,4.0,11.1,65,0.0,0.0,0.0,0.0,2.9,6.2
2012-11-07,9.9,15.0,6.0,6.8,11.5,58,0.0,0.0,0.0,0.0,3.7,8.9
2012-11-08,10.1,15.8,5.6,7.0,11.8,57,0.0,0.0,0.0,0.0,2.72,6.4
2012-11-09,10.0,15.8,4.1,7.5,13.2,68,0.0,0.0,0.0,0.0,3.2,6.9
2012-11-10,8.7,11.0,4.5,6.3,8.8,82,5.1,5.1,0.0,10.0,7.02,13.4
2012-11-11,5.2,8.9,2.8,-1.3,2.5,33,0.0,0.0,0.0,0.0,9.88,18.2
2012-11-12,4.8,10.5,-0.1,0.5,5.6,43,0.0,0.0,0.0,0.0,3.09,7.1
2012-11-13,4.3,8.4,1.0,0.0,3.2,41,0.0,0.0,0.0,0.0,3.77,8.6
2012-11-14,2.2,8.1,-1.9,-2.1,3.7,44,0.0,0.0,0.0,0.0,2.64,6.2
2012-11-15,4.3,10.8,-1.7,0.3,6.9,47,0.0,0.0,0.0,0.0,3.11,5.2
2012-11-16,6.0,9.8,0.7,2.4,5.8,64,0.4,0.4,0.0,2.0,3.61,8.7
2012-11-17,5.6,13.3,0.2,2.0,9.6,57,0.0,0.0,0.0,0.0,2.53,5.7
2012-11-18,8.3,14.1,4.3,4.8,10.2,63,0.0,0.0,0.0,0.0,5.06,11.1
2012-11-19,4.7,10.2,1.5,0.7,6.0,50,0.0,0.0,0.0,0.0,3.36,7.9
2012-11-20,5.8,11.5,1.8,2.4,8.1,54,0.0,0.0,0.0,0.0,2.02,4.4
2012-11-21,7.2,12.7,3.8,4.5,10.2,70,0.0,0.0,0.0,0.0,2.06,5.4
2012-11-22,6.5,10.7,3.1,3.3,8.7,83,1.0,1.0,0.0,5.0,5.24,11.7
2012-11-23,2.2,5.5,-0.6,-1.5,1.8,62,0.0,0.0,0.0,0.0,3.49,8.5
2012-11-24,4.0,9.6,-0.8,-0.6,4.2,53,0.0,0.0,0.0,0.0,5.24,11.3
2012-11-25,4.4,5.9,1.7,0.6,1.9,69,0.8,0.8,0.0,5.0,4.1,8.7
2012-11-26,2.6,7.9,-1.3,-1.4,3.0,59,0.0,0.0,0.0,0.0,3.61,6.6
2012-11-27,6.7,11.0,2.7,0.7,4.4,45,0.0,0.0,0.0,0.0,7.37,14.8
2012-11-28,4.5,7.9,0.0,-0.6,3.6,29,0.0,0.0,0.0,0.0,5.24,11.2
2012-11-29,2.0,8.2,-2.9,-2.2,3.8,48,0.0,0.0,0.0,0.0,2.5,6.6
2012-11-30,1.0,6.0,-2.5,-3.6,0.7,63,0.0,0.0,0.0,0.0,6.31,11.9
2012-12-01,0.0,2.8,-3.3,-4.5,-1.5,56,0.0,0.0,0.0,0.0,4.1,7.9
2012-12-02,3.2,5.5,0.7,-1.2,0.9,76,0.3,0.3,0.0,1.0,5.61,12.2
2012-12-03,3.0,5.9,-2.8,-2.4,-0.2,40,0.0,0.0,0.0,0.0,6.18,12.9
2012-12-04,1.7,6.9,-4.1,-3.0,1.9,42,0.0,0.0,0.0,0.0,5.14,11.6
2012-12-05,-0.9,3.0,-5.1,-6.2,-2.8,40,0.0,0.0,0.0,0.0,8.21,15.7
2012-12-06,-1.2,4.0,-5.5,-6.1,-1.9,39,0.0,0.0,0.0,0.0,4.9,11.2
2012-12-07,-2.2,3.0,-5.9,-6.2,-0.9,55,0.0,0.0,0.0,0.0,2.51,5.6
2012-12-08,-4.0,-1.4,-6.8,-8.8,-6.2,38,0.0,0.0,0.0,0.0,3.38,7.1
2012-12-09,-4.1,1.9,-8.1,-8.7,-2.6,38,0.0,0.0,0.0,0.0,2.75,6.4
2012-12-10,-2.5,4.1,-7.2,-7.1,-0.3,41,0.0,0.0,0.0,0.0,2.91,5.5
2012-12-11,-2.8,2.1,-5.9,-7.0,-2.4,65,0.0,0.0,0.0,0.0,2.44,6.1
2012-12-12,-1.6,3.7,-5.1,-5.7,-1.0,73,0.0,0.0,0.0,0.0,3.76,8.6
2012-12-13,0.9,3.7,-1.1,-2.8,0.3,82,12.9,7.9,3.5,10.0,3.61,6.6
2012-12-14,1.9,3.0,1.3,-1.3,0.3,99,2.3,2.3,0.0,7.0,3.28,6.4
2012-12-15,3.2,4.1,2.1,0.4,1.4,90,0.0,0.0,0.0,0.0,2.16,5.4
2012-12-16,1.9,3.3,-0.1,-1.2,0.4,88,0.1,0.1,0.0,1.0,3.45,6.9
2012-12-17,-0.7,2.2,-4.9,-5.2,-2.7,69,0.0,0.0,0.07,0.0,5.15,10.9
2012-12-18,-3.9,-0.5,-6.5,-8.4,-5.2,48,0.0,0.0,0.0,0.0,3.11,7.5
2012-12-19,-2.2,1.4,-5.5,-6.4,-3.3,54,0.0,0.0,0.0,0.0,3.13,7.6
2012-12-20,-0.7,2.0,-2.9,-4.1,-1.4,70,3.2,0.0,2.31,5.0,1.7,4.2
2012-12-21,-1.5,-0.1,-3.1,-5.4,-4.2,86,2.9,0.0,2.24,6.0,3.3,8.3
2012-12-22,-3.2,-0.2,-5.8,-7.3,-4.2,64,0.0,0.0,0.0,0.0,4.25,13.7
2012-12-23,-8.3,-5.8,-10.8,-13.4,-11.0,40,0.0,0.0,0.0,0.0,5.88,13.6
2012-12-24,-6.7,-1.3,-10.9,-11.7,-6.7,54,0.0,0.0,0.0,0.0,4.38,10.3
2012-12-25,-6.7,-3.4,-9.3,-11.8,-9.0,54,0.0,0.0,0.0,0.0,4.7,9.7
2012-12-26,-6.1,-1.0,-10.4,-10.2,-4.8,64,0.0,0.0,0.0,0.0,2.08,5.2
2012-12-27,-2.5,1.2,-5.9,-6.3,-2.3,78,0.0,0.0,0.0,0.0,2.11,5.5
2012-12-28,-0.5,0.8,-1.8,-3.2,-1.6,94,0.2,0.0,0.91,1.0,1.84,3.4
2012-12-29,-3.8,-0.9,-7.9,-8.8,-4.3,69,3.5,0.0,2.52,8.0,5.95,11.3
2012-12-30,-5.1,0.3,-9.6,-10.4,-5.3,41,0.0,0.0,0.0,0.0,4.4,9.3
2012-12-31,-3.9,2.3,-7.7,-8.8,-2.6,49,0.0,0.0,0.0,0.0,3.35,8.0
2013-01-01,-3.8,-0.2,-7.3,-8.8,-5.5,45,0.0,0.0,0.0,0.0,3.81,10.0
2013-01-02,-9.1,-6.6,-12.3,-14.5,-12.2,34,0.0,0.0,0.0,0.0,3.52,8.5
2013-01-03,-10.3,-5.6,-14.1,-15.1,-10.6,39,0.0,0.0,0.0,0.0,2.5,6.3
2013-01-04,-9.6,-3.1,-15.4,-14.4,-7.8,47,0.0,0.0,0.0,0.0,2.77,6.3
2013-01-05,-6.7,-0.4,-11.1,-11.3,-4.4,51,0.0,0.0,0.0,0.0,2.61,5.4
2013-01-06,-5.0,1.0,-10.9,-9.0,-3.0,54,0.0,0.0,0.0,0.0,2.12,5.1
2013-01-07,-2.3,2.4,-5.8,-6.5,-1.5,56,0.0,0.0,0.0,0.0,2.22,5.9
2013-01-08,-4.1,1.1,-7.2,-8.2,-3.4,68,0.0,0.0,0.0,0.0,2.91,6.3
2013-01-09,-6.2,-0.9,-10.2,-10.5,-4.8,66,0.0,0.0,0.0,0.0,2.55,4.5
2013-01-10,-4.2,0.9,-8.8,-8.9,-4.3,67,0.0,0.0,0.0,0.0,4.33,9.7
2013-01-11,-1.1,3.1,-5.7,-6.0,-2.1,75,0.0,0.0,0.0,0.0,5.46,12.0
2013-01-12,-1.8,5.3,-8.7,-6.5,-0.6,66,0.0,0.0,0.0,0.0,5.22,11.4
2013-01-13,-1.3,3.4,-4.1,-4.9,0.5,75,0.0,0.0,0.0,0.0,3.23,5.5
2013-01-14,-2.8,1.3,-4.8,-6.5,-3.1,87,0.0,0.0,0.0,0.0,3.45,7.7
2013-01-15,-2.2,-0.5,-5.3,-5.8,-3.8,87,0.0,0.0,0.0,0.0,2.89,6.3
2013-01-16,-4.1,-0.6,-6.6,-8.0,-4.8,85,0.0,0.0,0.0,0.0,3.34,7.1
2013-01-17,-3.3,2.3,-6.5,-7.3,-1.3,69,0.0,0.0,0.0,0.0,2.42,5.6
2013-01-18,-1.1,3.5,-5.0,-6.6,-1.8,59,0.0,0.0,0.0,0.0,6.89,14.1
2013-01-19,0.4,5.8,-4.1,-3.5,2.5,69,0.0,0.0,0.0,0.0,3.83,7.7
2013-01-20,-0.1,1.7,-1.0,-3.7,-1.9,86,5.0,0.2,3.43,16.0,2.97,6.3
2013-01-21,-1.4,-0.7,-3.1,-5.3,-4.5,97,3.0,0.0,2.24,10.0,3.86,7.4
2013-01-22,-4.2,-1.2,-6.8,-8.0,-5.0,88,0.0,0.0,0.0,0.0,2.92,6.7
2013-01-23,-2.0,0.9,-6.5,-6.2,-3.3,86,0.0,0.0,0.0,0.0,4.74,10.5
2013-01-24,-1.3,2.2,-4.3,-5.3,-1.9,72,0.0,0.0,0.0,0.0,3.42,7.4
2013-01-25,-1.2,4.3,-5.2,-5.1,0.7,75,0.0,0.0,0.0,0.0,3.05,6.1
2013-01-26,-2.5,2.0,-5.2,-6.5,-1.5,82,0.0,0.0,0.0,0.0,2.66,6.3
2013-01-27,-1.2,2.7,-5.2,-5.0,-1.3,85,0.0,0.0,0.0,0.0,3.57,7.3
2013-01-28,1.4,5.9,-2.0,-2.7,2.3,86,0.0,0.0,0.0,0.0,4.81,10.4
2013-01-29,-1.6,0.7,-3.2,-5.1,-2.6,92,0.0,0.0,0.0,0.0,2.5,6.0
2013-01-30,0.3,5.5,-3.3,-2.7,3.2,92,0.0,0.0,0.0,0.0,2.06,4.7
2013-01-31,-0.1,1.8,-2.6,-3.0,-0.9,94,0.0,0.0,0.0,0.0,1.63,4.0
2013-02-01,1.2,5.7,-1.2,-2.5,1.3,78,0.0,0.0,0.0,0.0,4.18,8.8
2013-02-02,0.8,6.1,-2.9,-2.9,2.9,66,0.0,0.0,0.0,0.0,2.72,4.8
2013-02-03,0.3,1.7,-0.5,-3.0,-2.2,86,11.8,0.7,7.91,17.0,3.08,5.9
2013-02-04,-1.2,0.4,-4.5,-5.5,-2.4,86,0.0,0.0,0.0,0.0,5.24,10.8
2013-02-05,-2.9,-1.4,-4.5,-6.1,-4.0,91,2.8,0.0,2.1,8.0,2.0,5.1
2013-02-06,-1.7,0.2,-5.1,-5.2,-3.1,86,0.0,0.0,0.0,0.0,6.19,15.2
2013-02-07,-8.0,-5.7,-9.7,-14.0,-12.8,47,0.0,0.0,0.0,0.0,6.51,14.8
2013-02-08,-7.2,-3.9,-10.7,-11.7,-8.1,47,0.0,0.0,0.0,0.0,2.63,5.9
2013-02-09,-3.3,1.7,-7.2,-8.4,-2.5,67,0.0,0.0,0.0,0.0,6.1,13.2
2013-02-10,-2.2,2.2,-6.1,-6.7,-2.6,77,0.0,0.0,0.0,0.0,4.44,9.8
2013-02-11,-1.5,0.2,-3.0,-5.0,-2.7,81,2.0,0.0,1.4,7.0,3.79,7.7
2013-02-12,-1.1,2.2,-3.7,-5.1,-1.6,74,1.0,0.0,0.77,5.0,3.41,6.9
2013-02-13,2.2,6.0,-1.5,-2.5,2.4,63,0.0,0.0,0.0,0.0,5.37,11.3
2013-02-14,2.2,6.4,-1.7,-1.4,3.3,76,0.0,0.0,0.0,0.0,3.54,6.8
2013-02-15,-0.5,4.0,-3.6,-4.3,0.7,73,0.0,0.0,0.0,0.0,3.05,7.4
2013-02-16,2.7,7.0,-1.5,-1.2,2.9,78,0.0,0.0,0.0,0.0,5.53,12.8
2013-02-17,2.7,6.6,-0.2,-0.8,3.8,77,0.1,0.1,0.0,1.0,4.62,9.5
2013-02-18,0.6,2.8,-2.2,-4.0,-1.8,54,0.0,0.0,0.0,0.0,3.9,8.2
2013-02-19,0.1,4.5,-3.8,-3.5,0.9,65,0.0,0.0,0.0,0.0,2.28,5.9
2013-02-20,3.2,8.0,-0.4,-0.6,4.8,70,0.0,0.0,0.0,0.0,4.94,11.8
2013-02-21,3.3,8.3,-1.6,-0.2,4.8,73,0.0,0.0,0.0,0.0,3.98,8.5
2013-02-22,2.7,7.4,-1.4,-1.5,2.8,57,0.0,0.0,0.0,0.0,4.94,10.9
2013-02-23,3.9,11.0,-2.4,0.2,7.7,62,0.0,0.0,0.0,0.0,3.73,8.8
2013-02-24,7.1,13.6,2.5,3.8,10.2,66,0.0,0.0,0.0,0.0,3.71,9.0
2013-02-25,3.6,7.4,-0.5,0.8,4.8,78,0.0,0.0,0.0,0.0,2.55,5.3
2013-02-26,2.7,6.7,-0.2,0.1,4.2,86,0.0,0.0,0.0,0.0,2.52,4.8
2013-02-27,5.4,11.2,-0.5,2.1,8.1,83,0.0,0.0,0.0,0.0,4.3,9.1
2013-02-28,7.0,11.6,2.9,2.3,8.0,68,1.3,1.3,0.0,3.0,6.82,14.6
2013-03-01,1.3,4.1,-1.9,-4.7,-1.7,27,0.0,0.0,0.0,0.0,6.69,13.8
2013-03-02,1.9,6.9,-3.6,-2.3,3.1,37,0.0,0.0,0.0,0.0,3.45,6.9
2013-03-03,6.7,14.5,1.2,1.8,9.9,33,0.0,0.0,0.0,0.0,4.55,9.0
2013-03-04,8.4,14.5,2.6,4.3,11.0,33,0.0,0.0,0.0,0.0,3.5,8.1
2013-03-05,12.5,18.8,3.5,7.4,14.1,35,0.0,0.0,0.0,0.0,7.02,14.2
2013-03-06,14.4,19.2,7.9,10.5,15.8,46,0.0,0.0,0.0,0.0,6.0,12.3
2013-03-07,14.4,22.1,5.5,10.4,17.6,45,0.0,0.0,0.0,0.0,6.53,13.1
2013-03-08,19.2,27.1,11.0,15.6,23.7,33,0.0,0.0,0.0,0.0,6.6,12.9
2013-03-09,17.2,25.2,6.2,11.8,22.3,35,0.0,0.0,0.0,0.0,9.98,19.3
2013-03-10,5.7,10.3,1.2,1.2,7.0,36,0.0,0.0,0.0,0.0,5.8,12.9
2013-03-11,8.1,12.9,3.2,3.6,8.3,37,0.0,0.0,0.0,0.0,4.54,9.9
2013-03-12,7.7,9.5,3.6,4.2,6.1,74,0.5,0.5,0.0,3.0,6.3,12.4
2013-03-13,3.4,7.4,-0.4,-1.7,2.8,49,0.0,0.0,0.0,0.0,6.01,12.7
2013-03-14,4.5,9.9,-2.0,0.3,6.9,41,0.0,0.0,0.0,0.0,3.62,7.8
2013-03-15,8.6,13.5,3.7,4.4,9.6,45,0.0,0.0,0.0,0.0,5.14,11.5
2013-03-16,11.0,17.7,5.3,8.5,15.8,58,0.0,0.0,0.0,0.0,3.4,8.8
2013-03-17,12.4,16.5,9.5,9.3,13.4,59,0.0,0.0,0.0,0.0,5.55,10.2
2013-03-18,8.6,12.3,2.9,4.0,8.5,61,0.0,0.0,0.0,0.0,8.82,17.0
2013-03-19,5.0,11.3,0.7,0.9,8.0,63,0.0,0.0,0.0,0.0,7.02,13.9
2013-03-20,1.9,5.8,-1.2,-2.6,2.4,58,0.0,0.0,0.0,0.0,6.22,12.6
2013-03-21,8.3,13.8,2.5,2.9,8.0,48,0.0,0.0,0.0,0.0,8.23,17.0
2013-03-22,7.3,10.6,2.9,2.9,8.0,47,0.0,0.0,0.0,0.0,7.41,15.5
2013-03-23,8.9,15.3,1.9,4.1,12.0,46,0.0,0.0,0.0,0.0,9.66,18.9
2013-03-24,4.1,7.7,0.5,-1.0,3.7,39,0.0,0.0,0.0,0.0,6.65,12.8
2013-03-25,5.3,10.9,-1.5,1.3,7.4,39,0.0,0.0,0.0,0.0,3.1,7.7
2013-03-26,7.7,12.2,3.5,2.3,7.2,45,0.0,0.0,0.0,0.0,7.52,15.3
2013-03-27,12.0,19.1,6.5,7.6,16.2,55,0.0,0.0,0.0,0.0,8.04,15.4
2013-03-28,7.9,11.0,4.3,2.4,7.2,42,0.0,0.0,0.0,0.0,6.95,13.6
2013-03-29,7.7,12.5,1.6,3.8,8.3,35,1.1,1.1,0.0,1.0,3.31,7.8
2013-03-30,6.7,9.1,3.1,3.8,5.7,71,5.0,5.0,0.0,9.0,3.11,7.4
2013-03-31,9.0,15.0,2.5,5.1,11.5,64,0.0,0.0,0.0,0.0,7.22,14.0
2013-04-01,11.8,16.8,4.5,7.4,13.9,57,2.8,2.8,0.0,5.0,8.18,15.9
2013-04-02,10.3,17.0,2.2,6.6,14.0,45,0.0,0.0,0.0,0.0,5.44,10.7
2013-04-03,13.2,18.2,7.9,8.9,14.2,43,0.0,0.0,0.0,0.0,5.99,11.6
2013-04-04,13.0,19.6,5.2,11.1,18.8,56,0.0,0.0,0.0,0.0,2.94,4.9
2013-04-05,7.6,11.6,5.0,4.6,10.2,80,1.6,1.6,0.0,7.0,5.24,10.6
2013-04-06,7.0,11.5,2.4,2.8,7.0,47,0.0,0.0,0.0,0.0,5.72,13.5
2013-04-07,12.3,18.4,4.1,7.1,13.7,35,0.0,0.0,0.0,0.0,8.13,16.5
2013-04-08,11.4,14.7,7.2,6.7,11.3,35,0.0,0.0,0.0,0.0,7.88,16.4
2013-04-09,9.2,13.1,4.9,3.9,8.5,19,0.0,0.0,0.0,0.0,6.03,13.5
2013-04-10,8.8,13.3,3.8,4.4,8.4,30,0.0,0.0,0.0,0.0,6.77,13.7
2013-04-11,10.3,15.2,4.2,6.2,11.7,30,0.0,0.0,0.0,0.0,4.33,11.1
2013-04-12,14.8,21.7,6.1,10.6,18.3,30,0.0,0.0,0.0,0.0,6.16,12.7
2013-04-13,21.0,30.0,13.7,16.7,25.3,31,0.0,0.0,0.0,0.0,7.46,15.0
2013-04-14,15.1,20.5,9.0,11.9,17.5,44,0.0,0.0,0.0,0.0,5.7,12.3
2013-04-15,19.8,25.7,14.8,18.1,26.7,50,0.0,0.0,0.0,0.0,7.22,15.1
2013-04-16,14.2,21.7,7.3,10.4,20.3,52,0.0,0.0,0.0,0.0,7.12,14.8
2013-04-17,11.8,18.6,5.2,9.0,16.8,48,0.0,0.0,0.0,0.0,3.47,8.8
2013-04-18,9.3,12.3,6.1,3.7,8.1,37,0.0,0.0,0.0,0.0,8.09,16.0
2013-04-19,4.8,6.9,-0.1,-0.1,1.6,55,10.9,2.2,6.09,8.0,5.38,10.8
2013-04-20,2.8,7.8,-0.1,-0.1,5.3,85,1.9,0.3,1.12,3.0,2.5,5.6
2013-04-21,8.8,14.9,1.7,5.7,12.9,63,0.0,0.0,0.0,0.0,3.99,9.2
2013-04-22,11.5,15.8,7.7,8.5,12.6,65,0.0,0.0,0.0,0.0,4.37,10.5
2013-04-23,11.9,16.2,7.1,10.0,14.4,71,0.0,0.0,0.0,0.0,4.48,10.0
2013-04-24,16.4,23.4,8.1,14.6,21.5,62,0.0,0.0,0.0,0.0,5.01,10.5
2013-04-25,16.0,20.6,10.1,12.3,16.4,33,0.1,0.1,0.0,1.0,6.17,13.4
2013-04-26,18.8,25.0,9.5,15.5,22.5,36,0.0,0.0,0.0,0.0,5.95,13.0
2013-04-27,21.6,25.7,17.4,20.9,27.2,54,0.0,0.0,0.0,0.0,5.47,11.8
2013-04-28,19.7,26.0,15.6,19.9,27.9,65,0.0,0.0,0.0,0.0,3.26,8.2
2013-04-29,18.8,23.9,13.2,16.6,23.0,39,0.0,0.0,0.0,0.0,3.36,7.6
2013-04-30,19.2,26.0,12.0,16.5,23.8,33,0.0,0.0,0.0,0.0,3.47,9.2
2013-05-01,17.4,22.8,11.1,14.1,20.9,34,0.0,0.0,0.0,0.0,4.82,10.1
2013-05-02,18.6,24.2,12.7,16.2,22.8,42,0.5,0.5,0.0,1.0,3.88,8.7
2013-05-03,16.2,19.7,11.5,14.7,18.4,66,5.2,5.2,0.0,5.0,5.48,11.8
2013-05-04,16.6,23.2,8.8,15.3,23.0,60,0.0,0.0,0.0,0.0,3.79,8.0
2013-05-05,20.0,25.8,14.6,19.1,26.6,57,0.0,0.0,0.0,0.0,3.5,8.3
2013-05-06,21.3,26.9,14.5,21.4,27.1,60,0.0,0.0,0.0,0.0,2.14,6.6
2013-05-07,22.0,28.2,15.0,21.6,27.5,53,0.0,0.0,0.0,0.0,2.83,6.4
2013-05-08,15.3,19.8,13.9,15.0,19.0,81,15.7,15.7,0.0,21.0,2.61,7.5
2013-05-09,15.8,18.7,14.2,16.2,18.6,88,0.0,0.0,0.0,0.0,3.13,7.1
2013-05-10,19.9,26.5,13.3,18.2,24.1,55,0.0,0.0,0.0,0.0,5.22,11.1
2013-05-11,23.6,29.7,16.7,20.9,28.1,42,0.0,0.0,0.0,0.0,6.72,13.3
2013-05-12,26.4,31.7,21.1,25.1,31.3,47,0.0,0.0,0.0,0.0,6.45,13.5
2013-05-13,26.4,29.6,22.8,27.1,31.1,60,0.0,0.0,0.0,0.0,6.23,12.8
2013-05-14,24.5,27.8,19.1,23.4,27.2,46,0.0,0.0,0.0,0.0,4.92,10.5
2013-05-15,21.3,26.9,16.2,18.5,25.0,40,0.0,0.0,0.0,0.0,6.36,13.2
2013-05-16,19.8,24.7,12.8,18.6,24.1,56,0.0,0.0,0.0,0.0,4.48,9.5
2013-05-17,21.6,25.6,18.3,21.6,26.5,59,0.2,0.2,0.0,1.0,3.18,7.2
2013-05-18,17.7,21.0,13.9,17.9,21.0,83,9.3,9.3,0.0,11.0,4.72,10.0
2013-05-19,20.9,28.7,13.1,20.8,28.7,69,1.1,1.1,0.0,2.0,6.55,13.2
2013-05-20,21.8,26.7,16.0,19.2,25.4,35,0.0,0.0,0.0,0.0,5.72,10.3
2013-05-21,25.9,31.6,19.9,25.2,31.5,55,0.0,0.0,0.0,0.0,7.63,15.2
2013-05-22,26.8,31.5,22.4,28.9,34.4,58,0.0,0.0,0.0,0.0,3.62,10.7
2013-05-23,25.3,30.4,19.3,26.7,33.0,57,0.0,0.0,0.0,0.0,2.43,5.5
2013-05-24,24.9,29.3,20.4,26.9,31.3,66,0.0,0.0,0.0,0.0,3.01,6.9
2013-05-25,24.0,27.9,21.2,27.2,31.3,75,8.4,8.4,0.0,5.0,1.49,6.0
2013-05-26,19.8,22.3,16.4,21.2,26.2,92,31.6,31.6,0.0,21.0,5.81,13.4
2013-05-27,17.2,19.5,15.7,16.0,18.0,87,3.3,3.3,0.0,4.0,6.8,13.4
2013-05-28,19.1,23.1,15.5,20.8,24.8,86,1.3,1.3,0.0,3.0,2.93,6.4
2013-05-29,20.8,25.8,18.0,20.4,24.0,64,0.0,0.0,0.0,0.0,4.07,7.0
2013-05-30,22.2,27.8,16.2,21.0,27.5,52,0.0,0.0,0.0,0.0,4.56,9.6
2013-05-31,20.6,23.5,17.8,19.5,23.1,65,0.0,0.0,0.0,0.0,5.34,11.7
2013-06-01,22.8,27.6,17.3,24.6,30.6,68,0.0,0.0,0.0,0.0,3.92,7.7
2013-06-02,24.4,28.2,19.7,25.0,29.4,64,0.0,0.0,0.0,0.0,5.87,12.0
2013-06-03,26.8,31.0,22.6,27.5,32.8,57,0.0,0.0,0.0,0.0,6.07,12.3
2013-06-04,27.7,32.3,23.8,28.3,34.1,50,0.0,0.0,0.0,0.0,4.96,9.5
2013-06-05,25.5,29.7,21.5,26.3,31.3,57,0.0,0.0,0.0,0.0,4.8,9.4
2013-06-06,25.1,29.5,20.7,27.0,32.3,71,0.0,0.0,0.0,0.0,4.28,8.7
2013-06-07,24.0,28.3,20.6,26.7,33.2,75,0.8,0.8,0.0,4.0,3.22,7.6
2013-06-08,24.2,29.2,19.5,26.3,31.7,68,0.0,0.0,0.0,0.0,2.44,5.7
2013-06-09,24.5,30.2,20.1,25.7,32.4,61,0.0,0.0,0.0,0.0,5.26,10.8
2013-06-10,16.7,19.6,15.1,16.9,20.1,95,13.9,13.9,0.0,23.0,4.37,9.1
2013-06-11,18.1,22.9,15.0,18.3,23.0,77,5.9,5.9,0.0,8.0,4.3,12.7
2013-06-12,22.5,29.1,14.0,21.9,28.9,58,0.0,0.0,0.0,0.0,5.13,10.2
2013-06-13,25.2,30.4,20.5,24.1,29.5,45,0.0,0.0,0.0,0.0,5.19,11.0
2013-06-14,24.8,30.1,19.9,24.0,30.0,43,0.0,0.0,0.0,0.0,3.96,7.7
2013-06-15,25.8,30.9,20.8,26.8,33.9,57,0.0,0.0,0.0,0.0,3.6,8.8
2013-06-16,28.0,32.9,22.9,29.9,35.6,63,0.0,0.0,0.0,0.0,5.51,10.8
2013-06-17,28.3,32.6,23.3,31.9,38.8,69,0.6,0.6,0.0,1.0,4.94,9.5
2013-06-18,22.3,25.0,19.8,24.7,27.7,85,4.9,4.9,0.0,10.0,3.61,7.2
2013-06-19,24.9,30.0,19.3,26.9,31.9,67,0.0,0.0,0.0,0.0,3.0,6.5
2013-06-20,28.1,33.2,23.3,30.0,35.2,54,0.0,0.0,0.0,0.0,3.66,7.1
2013-06-21,22.9,25.5,20.7,24.2,25.8,71,1.3,1.3,0.0,6.0,4.58,9.5
2013-06-22,21.1,22.1,20.2,23.2,25.0,86,2.9,2.9,0.0,8.0,2.89,6.0
2013-06-23,23.0,26.3,20.6,25.3,28.3,78,2.3,2.3,0.0,3.0,3.75,7.3
2013-06-24,26.0,30.9,21.1,28.7,34.5,71,0.0,0.0,0.0,0.0,4.34,8.4
2013-06-25,27.7,31.5,24.5,29.0,33.0,61,0.0,0.0,0.0,0.0,6.28,12.7
2013-06-26,26.4,30.3,22.5,26.4,30.9,61,0.0,0.0,0.0,0.0,7.0,14.1
2013-06-27,28.6,33.8,23.8,31.0,37.6,62,0.1,0.1,0.0,1.0,5.75,11.2
2013-06-28,30.6,35.0,26.3,33.1,38.6,57,0.0,0.0,0.0,0.0,4.6,10.2
2013-06-29,28.8,33.3,24.4,30.3,36.4,56,0.0,0.0,0.0,0.0,5.3,10.9
2013-06-30,28.3,32.6,24.0,30.3,36.2,62,0.0,0.0,0.0,0.0,4.74,9.8
2013-07-01,28.7,31.0,26.6,31.4,34.2,72,0.5,0.5,0.0,3.0,6.99,15.0
2013-07-02,28.6,31.8,24.7,31.4,35.0,66,12.6,12.6,0.0,5.0,8.24,15.9
2013-07-03,29.8,35.1,23.7,33.8,39.5,69,0.0,0.0,0.0,0.0,4.41,10.0
2013-07-04,26.2,29.8,22.3,29.9,35.4,79,2.3,2.3,0.0,5.0,4.08,8.3
2013-07-05,28.0,34.3,20.6,31.2,36.7,64,0.0,0.0,0.0,0.0,2.56,7.1
2013-07-06,30.2,35.6,23.9,33.8,39.3,59,0.0,0.0,0.0,0.0,2.7,5.3
2013-07-07,30.1,34.7,26.0,34.2,39.1,64,0.0,0.0,0.0,0.0,3.21,7.2
2013-07-08,30.6,35.0,26.0,34.6,38.8,62,0.0,0.0,0.0,0.0,4.57,8.6
2013-07-09,27.8,31.5,25.3,32.7,36.2,82,10.3,10.3,0.0,16.0,4.73,10.8
2013-07-10,27.0,30.7,24.9,33.1,36.6,90,34.1,34.1,0.0,14.0,2.69,10.1
2013-07-11,24.4,26.4,23.2,28.9,30.7,91,10.9,10.9,0.0,10.0,2.52,8.3
2013-07-12,24.8,26.8,23.6,29.6,31.0,93,20.0,20.0,0.0,23.0,3.09,7.6
2013-07-13,24.0,25.1,23.0,28.8,30.6,98,33.4,33.4,0.0,22.0,2.92,8.3
2013-07-14,26.9,30.7,24.2,32.0,35.4,88,6.9,6.9,0.0,11.0,4.79,10.0
2013-07-15,27.8,30.6,25.5,32.5,35.6,80,0.2,0.2,0.0,1.0,4.27,9.4
2013-07-16,26.7,31.1,22.8,30.1,35.1,76,19.7,19.7,0.0,12.0,5.2,9.6
2013-07-17,27.4,32.7,21.4,31.3,36.5,70,0.0,0.0,0.0,0.0,2.24,4.1
2013-07-18,26.0,28.7,24.5,31.3,34.4,88,32.7,32.7,0.0,14.0,1.84,4.6
2013-07-19,24.1,25.0,22.9,29.1,30.6,96,18.4,18.4,0.0,19.0,2.44,7.1
2013-07-20,26.0,29.1,23.2,30.5,33.0,85,2.3,2.3,0.0,9.0,2.95,7.2
2013-07-21,25.9,30.3,22.4,29.3,34.3,76,0.0,0.0,0.0,0.0,3.94,9.0
2013-07-22,26.5,30.3,23.0,31.0,35.8,78,0.0,0.0,0.0,0.0,2.3,4.6
2013-07-23,23.3,25.2,19.8,26.4,30.2,88,14.7,14.7,0.0,10.0,4.52,16.0
2013-07-24,27.2,33.3,21.2,31.0,38.1,74,0.0,0.0,0.0,0.0,4.2,8.8
2013-07-25,29.3,33.5,25.4,35.6,40.6,80,0.8,0.8,0.0,2.0,2.15,5.6
2013-07-26,27.4,29.8,25.1,33.5,36.7,88,10.6,10.6,0.0,12.0,2.6,7.3
2013-07-27,29.7,33.0,26.0,35.4,38.9,80,1.9,1.9,0.0,2.0,5.24,11.5
2013-07-28,29.0,32.9,25.9,34.9,38.4,80,12.4,12.4,0.0,8.0,3.22,7.9
2013-07-29,27.9,33.3,23.6,33.7,40.7,84,19.0,19.0,0.0,7.0,3.21,6.9
2013-07-30,28.1,32.4,24.7,33.3,38.1,77,3.0,3.0,0.0,2.0,2.69,6.3
2013-07-31,29.1,33.5,25.1,34.4,40.2,74,0.0,0.0,0.0,0.0,2.73,6.0
2013-08-01,26.9,30.0,25.0,31.7,36.4,81,1.1,1.1,0.0,6.0,4.18,6.5
2013-08-02,26.9,30.4,23.3,31.5,35.2,81,3.8,3.8,0.0,4.0,3.16,6.7
2013-08-03,27.0,30.5,23.6,31.3,35.0,82,21.0,21.0,0.0,10.0,4.88,13.1
2013-08-04,29.6,32.9,26.4,34.2,38.5,77,0.0,0.0,0.0,0.0,5.66,11.9
2013-08-05,28.6,32.6,24.2,32.8,38.4,76,0.0,0.0,0.0,0.0,5.28,11.5
2013-08-06,31.3,34.9,28.4,37.1,41.6,74,0.0,0.0,0.0,0.0,4.27,10.8
2013-08-07,30.8,34.4,27.0,36.1,40.2,73,0.2,0.2,0.0,1.0,4.75,10.1
2013-08-08,27.9,31.5,24.4,33.3,36.8,83,3.6,3.6,0.0,5.0,4.14,10.5
2013-08-09,29.9,33.3,27.4,34.8,38.3,72,0.0,0.0,0.0,0.0,4.03,8.7
2013-08-10,29.6,33.5,25.9,36.0,41.3,78,1.1,1.1,0.0,4.0,2.81,5.9
2013-08-11,31.1,35.8,27.3,37.1,41.8,72,0.1,0.1,0.0,1.0,4.0,10.0
2013-08-12,27.9,31.9,23.7,32.6,37.4,75,15.6,15.6,0.0,5.0,3.54,12.0
2013-08-13,28.9,34.1,24.0,34.2,40.8,78,2.9,2.9,0.0,6.0,3.29,8.3
2013-08-14,30.1,34.1,27.4,35.6,40.8,72,0.0,0.0,0.0,0.0,2.82,6.1
2013-08-15,31.3,35.9,27.1,37.4,42.4,73,0.0,0.0,0.0,0.0,3.64,7.9
2013-08-16,32.2,35.5,29.6,36.9,40.6,68,0.0,0.0,0.0,0.0,6.04,11.7
2013-08-17,31.5,34.4,28.8,36.9,40.7,70,0.2,0.2,0.0,2.0,5.32,10.3
2013-08-18,28.2,32.4,23.9,31.1,36.0,65,0.0,0.0,0.0,0.0,4.07,9.1
2013-08-19,26.5,31.7,21.3,28.7,34.2,64,0.0,0.0,0.0,0.0,3.5,8.2
2013-08-20,26.1,31.9,19.8,27.7,33.4,59,0.0,0.0,0.0,0.0,3.06,7.0
2013-08-21,26.6,32.2,20.7,29.5,36.4,65,0.0,0.0,0.0,0.0,2.47,4.2
2013-08-22,27.6,32.8,22.5,30.2,35.6,63,0.0,0.0,0.0,0.0,3.67,7.9
2013-08-23,28.0,33.3,23.7,30.1,34.9,60,0.0,0.0,0.0,0.0,4.53,9.3
2013-08-24,27.5,32.5,22.9,30.0,35.2,64,0.0,0.0,0.0,0.0,4.53,9.6
2013-08-25,27.5,32.3,23.4,30.9,36.5,64,0.7,0.7,0.0,2.0,2.33,5.7
2013-08-26,27.7,32.9,23.5,31.0,36.4,65,0.0,0.0,0.0,0.0,2.67,5.6
2013-08-27,27.5,32.8,22.4,30.3,35.9,62,0.0,0.0,0.0,0.0,2.51,6.7
2013-08-28,27.1,31.3,25.0,30.0,34.7,74,12.8,12.8,0.0,4.0,5.98,16.4
2013-08-29,26.9,31.9,22.0,29.5,34.5,66,0.0,0.0,0.0,0.0,3.45,8.6
2013-08-30,20.8,24.2,16.4,20.5,23.6,66,0.0,0.0,0.0,0.0,5.95,12.1
2013-08-31,21.3,27.7,14.3,21.2,28.6,56,0.0,0.0,0.0,0.0,2.28,5.1
2013-09-01,22.3,28.8,15.9,22.5,29.4,58,0.0,0.0,0.0,0.0,2.48,6.4
2013-09-02,23.3,29.4,18.5,24.0,30.2,59,0.0,0.0,0.0,0.0,2.37,7.0
2013-09-03,23.6,30.0,17.9,24.3,32.0,56,0.0,0.0,0.0,0.0,2.51,4.6
2013-09-04,23.2,27.7,20.1,24.3,29.3,62,0.0,0.0,0.0,0.0,1.91,4.2
2013-09-05,21.1,23.7,18.1,22.4,24.8,78,2.3,2.3,0.0,3.0,3.74,9.4
2013-09-06,22.0,28.2,16.5,23.1,29.8,71,0.0,0.0,0.0,0.0,2.9,6.1
2013-09-07,23.9,29.3,20.0,24.4,29.9,60,0.0,0.0,0.0,0.0,3.28,7.5
2013-09-08,23.3,26.8,20.6,24.8,28.7,67,0.1,0.1,0.0,1.0,2.52,6.5
2013-09-09,20.9,23.1,19.0,23.3,25.9,85,1.6,1.6,0.0,6.0,2.14,4.6
2013-09-10,21.7,25.9,18.7,23.8,27.1,80,0.0,0.0,0.0,0.0,2.51,6.3
2013-09-11,23.2,29.0,19.1,24.8,30.9,67,0.0,0.0,0.0,0.0,2.46,6.1
2013-09-12,23.1,27.0,19.5,24.7,28.8,75,0.0,0.0,0.0,0.0,4.2,8.3
2013-09-13,23.0,27.4,19.4,23.6,28.7,74,0.0,0.0,0.0,0.0,5.49,11.4
2013-09-14,25.6,31.1,21.9,27.8,35.1,70,0.2,0.2,0.0,1.0,5.79,9.7
2013-09-15,25.0,30.1,21.9,27.2,32.1,69,1.0,1.0,0.0,3.0,2.94,7.2
2013-09-16,25.5,30.8,21.7,27.1,32.5,63,0.6,0.6,0.0,3.0,3.93,8.4
2013-09-17,26.6,32.4,22.2,26.8,33.2,51,0.0,0.0,0.0,0.0,4.6,9.6
2013-09-18,24.8,31.3,19.5,25.0,32.0,51,0.0,0.0,0.0,0.0,4.16,8.6
2013-09-19,23.9,28.9,19.4,25.1,29.8,66,0.0,0.0,0.0,0.0,3.7,8.8
2013-09-20,24.7,29.0,21.2,26.8,30.4,67,0.0,0.0,0.0,0.0,2.7,5.9
2013-09-21,23.0,25.8,21.2,25.7,28.1,83,7.6,7.6,0.0,11.0,3.24,7.1
2013-09-22,23.6,28.0,20.4,26.6,30.5,78,0.2,0.2,0.0,1.0,2.53,4.6
2013-09-23,20.2,26.4,14.6,21.0,28.1,83,0.7,0.7,0.0,1.0,7.31,14.7
2013-09-24,16.5,20.4,11.6,13.5,16.5,57,0.0,0.0,0.0,0.0,6.24,13.2
2013-09-25,16.1,22.6,9.7,13.4,19.2,47,0.0,0.0,0.0,0.0,4.02,9.0
2013-09-26,18.4,26.5,10.0,15.4,23.7,39,0.0,0.0,0.0,0.0,3.81,8.3
2013-09-27,19.0,22.6,15.6,15.4,18.0,43,0.0,0.0,0.0,0.0,6.09,13.0
2013-09-28,19.5,25.4,15.0,18.0,25.1,59,0.0,0.0,0.0,0.0,5.71,11.6
2013-09-29,20.0,26.7,14.3,19.8,27.2,62,0.0,0.0,0.0,0.0,3.01,5.0
2013-09-30,20.8,26.9,15.1,21.3,27.9,67,0.0,0.0,0.0,0.0,2.3,5.3
2013-10-01,21.5,26.0,16.7,21.1,24.9,65,0.0,0.0,0.0,0.0,4.65,11.5
2013-10-02,17.5,23.2,12.8,16.3,21.3,62,0.0,0.0,0.0,0.0,3.41,8.7
2013-10-03,18.4,26.0,11.0,16.2,24.0,49,0.0,0.0,0.0,0.0,3.8,7.7
2013-10-04,20.7,26.3,15.8,17.7,23.4,44,0.0,0.0,0.0,0.0,5.95,12.3
2013-10-05,20.8,27.7,15.4,19.4,26.9,48,0.0,0.0,0.0,0.0,4.31,9.1
2013-10-06,18.6,27.4,11.1,17.3,25.6,53,0.0,0.0,0.0,0.0,2.38,5.8
2013-10-07,19.4,27.7,11.5,17.5,25.3,46,0.0,0.0,0.0,0.0,3.82,9.2
2013-10-08,18.2,24.0,14.1,17.5,22.7,70,0.0,0.0,0.0,0.0,4.39,9.5
2013-10-09,20.7,27.6,13.4,18.9,25.4,57,0.0,0.0,0.0,0.0,6.64,12.9
2013-10-10,21.7,28.4,16.3,18.7,24.1,45,0.0,0.0,0.0,0.0,6.61,12.9
2013-10-11,19.8,27.6,12.2,16.9,24.5,37,0.0,0.0,0.0,0.0,4.34,9.2
2013-10-12,23.0,29.7,18.2,21.7,29.1,48,0.0,0.0,0.0,0.0,5.15,10.1
2013-10-13,21.5,27.3,15.8,20.2,26.3,53,0.0,0.0,0.0,0.0,4.9,10.3
2013-10-14,13.5,16.4,9.5,11.7,16.2,91,10.0,10.0,0.0,11.0,7.58,15.7
2013-10-15,9.9,14.7,5.3,6.3,10.6,56,0.0,0.0,0.0,0.0,4.83,10.7
2013-10-16,10.3,17.1,3.6,7.5,14.4,53,0.0,0.0,0.0,0.0,2.36,5.4
2013-10-17,12.0,19.3,6.5,9.1,16.3,51,0.0,0.0,0.0,0.0,2.63,7.4
2013-10-18,13.4,20.2,6.9,11.1,17.5,60,0.0,0.0,0.0,0.0,3.32,8.1
2013-10-19,14.8,20.7,10.0,13.0,18.5,66,0.0,0.0,0.0,0.0,3.58,8.5
2013-10-20,12.0,17.4,7.1,8.9,13.0,54,0.0,0.0,0.0,0.0,4.46,9.2
2013-10-21,11.8,19.1,6.2,9.6,17.5,63,0.0,0.0,0.0,0.0,2.7,5.3
2013-10-22,13.8,20.6,6.8,11.4,18.3,61,0.0,0.0,0.0,0.0,4.79,9.0
2013-10-23,13.4,19.2,7.8,10.3,16.3,51,0.0,0.0,0.0,0.0,5.14,9.4
2013-10-24,9.1,14.3,6.0,5.0,9.7,44,0.0,0.0,0.0,0.0,4.33,8.8
2013-10-25,9.6,16.2,4.3,6.5,12.9,52,0.0,0.0,0.0,0.0,2.72,7.2
2013-10-26,10.5,17.4,5.2,7.8,14.6,52,0.0,0.0,0.0,0.0,2.91,5.6
2013-10-27,13.3,18.8,8.2,9.6,14.4,49,0.0,0.0,0.0,0.0,5.54,11.9
2013-10-28,14.7,19.2,11.0,12.6,17.7,61,0.3,0.3,0.0,2.0,4.01,9.1
2013-10-29,12.1,15.9,9.1,10.0,13.2,79,0.1,0.1,0.0,1.0,5.02,10.9
2013-10-30,10.2,15.3,6.1,7.7,12.7,68,0.0,0.0,0.0,0.0,2.73,6.4
2013-10-31,9.0,13.1,4.9,7.3,11.8,80,0.0,0.0,0.0,0.0,1.75,3.6
2013-11-01,9.8,13.1,6.3,8.7,12.0,89,3.3,3.3,0.0,9.0,1.8,4.2
2013-11-02,10.8,13.6,8.3,10.0,12.4,89,0.0,0.0,0.0,0.0,1.84,5.5
2013-11-03,12.0,17.5,8.9,9.5,13.5,67,0.0,0.0,0.0,0.0,4.25,9.2
2013-11-04,11.2,18.2,6.8,8.6,15.2,51,0.0,0.0,0.0,0.0,2.1,4.4
2013-11-05,12.9,16.8,7.6,9.3,13.0,55,1.1,1.1,0.0,2.0,6.2,12.6
2013-11-06,13.7,20.6,8.6,10.5,16.5,57,0.0,0.0,0.0,0.0,6.11,12.2
2013-11-07,9.5,16.5,4.1,5.7,12.4,39,0.0,0.0,0.0,0.0,3.04,5.1
2013-11-08,11.6,16.1,6.7,9.0,13.3,58,0.0,0.0,0.0,0.0,3.92,8.0
2013-11-09,11.7,13.2,9.3,10.5,12.7,92,1.3,1.3,0.0,5.0,4.06,8.3
2013-11-10,6.6,9.2,3.6,2.7,7.7,52,0.3,0.3,0.0,1.0,4.32,8.5
2013-11-11,6.5,12.2,2.5,3.1,8.7,49,0.0,0.0,0.0,0.0,2.32,6.0
2013-11-12,6.7,13.9,0.9,3.5,10.4,55,0.0,0.0,0.0,0.0,1.82,5.4
2013-11-13,8.1,13.8,2.1,4.5,9.7,58,0.0,0.0,0.0,0.0,4.22,9.4
2013-11-14,9.2,14.1,6.0,5.6,10.6,52,0.0,0.0,0.0,0.0,4.84,9.7
2013-11-15,10.2,16.5,5.7,5.7,11.2,39,0.0,0.0,0.0,0.0,4.6,9.5
2013-11-16,9.1,13.7,3.5,4.1,7.5,39,0.0,0.0,0.0,0.0,7.17,14.8
2013-11-17,5.7,11.7,0.5,1.2,6.3,34,0.0,0.0,0.0,0.0,4.3,10.0
2013-11-18,3.7,9.9,-0.3,-0.5,5.1,38,0.0,0.0,0.0,0.0,2.89,6.5
2013-11-19,2.5,8.5,-1.0,-1.9,3.9,40,0.0,0.0,0.0,0.0,2.64,5.6
2013-11-20,4.0,11.6,-1.4,0.2,8.0,49,0.0,0.0,0.0,0.0,2.72,4.0
2013-11-21,4.2,11.5,0.1,0.9,8.2,61,0.0,0.0,0.0,0.0,2.79,4.9
2013-11-22,5.7,13.0,-0.1,2.6,9.7,69,0.0,0.0,0.0,0.0,2.83,7.3
2013-11-23,8.5,11.2,6.0,5.9,8.7,82,0.9,0.9,0.0,5.0,4.34,8.2
2013-11-24,6.4,9.0,3.6,3.9,8.4,96,16.2,16.2,0.0,18.0,4.92,9.8
2013-11-25,3.1,7.6,-0.1,-0.9,2.6,65,0.0,0.0,0.0,0.0,4.52,9.7
2013-11-26,4.2,10.2,-0.2,0.1,6.3,53,0.0,0.0,0.0,0.0,3.4,6.4
2013-11-27,-0.5,2.5,-4.5,-5.9,-1.7,32,0.1,0.0,0.14,1.0,5.75,13.6
2013-11-28,-1.1,4.1,-5.6,-6.2,-1.7,34,0.0,0.0,0.0,0.0,3.83,8.3
2013-11-29,4.1,11.1,-1.7,-1.0,5.7,34,0.0,0.0,0.0,0.0,4.54,8.8
2013-11-30,4.1,9.8,-0.4,0.2,5.6,58,0.0,0.0,0.0,0.0,3.88,7.9
2013-12-01,3.5,10.5,-1.8,-0.2,6.3,65,0.0,0.0,0.0,0.0,3.0,6.5
2013-12-02,5.6,13.2,2.1,1.8,8.9,59,0.0,0.0,0.0,0.0,3.67,7.9
2013-12-03,5.7,12.8,1.2,2.7,9.2,62,0.0,0.0,0.0,0.0,2.7,6.1
2013-12-04,7.2,15.2,0.2,3.0,10.1,50,0.0,0.0,0.0,0.0,4.47,9.1
2013-12-05,5.9,9.4,0.2,1.9,4.6,63,0.0,0.0,0.0,0.0,6.38,13.0
2013-12-06,3.4,10.1,-2.2,-0.4,5.5,67,0.0,0.0,0.0,0.0,3.76,8.7
2013-12-07,4.6,9.7,1.5,1.2,6.1,80,0.0,0.0,0.0,0.0,3.48,7.9
2013-12-08,4.5,6.0,3.1,1.8,4.0,87,0.5,0.5,0.0,3.0,2.97,6.1
2013-12-09,2.1,5.3,-1.8,-2.8,-0.2,43,0.0,0.0,0.0,0.0,5.72,11.1
2013-12-10,1.8,7.9,-2.8,-2.9,2.3,50,0.0,0.0,0.0,0.0,4.89,10.2
2013-12-11,1.3,6.6,-3.5,-3.7,1.0,34,0.0,0.0,0.0,0.0,4.96,9.9
2013-12-12,1.3,5.9,-3.6,-4.0,0.9,37,0.0,0.0,0.0,0.0,4.81,10.3
2013-12-13,-0.9,5.5,-5.7,-5.3,0.7,45,0.0,0.0,0.0,0.0,2.6,6.1
2013-12-14,-0.0,6.3,-4.2,-3.8,3.1,66,0.0,0.0,0.0,0.0,2.72,5.5
2013-12-15,1.1,7.6,-3.5,-2.5,4.2,59,0.0,0.0,0.0,0.0,1.75,5.5
2013-12-16,1.5,7.1,-2.5,-2.0,3.6,63,0.0,0.0,0.0,0.0,2.05,5.9
2013-12-17,0.9,5.0,-2.3,-2.7,1.1,73,0.4,0.3,0.07,3.0,3.81,7.1
2013-12-18,-2.3,0.2,-5.7,-6.8,-4.1,71,0.7,0.0,0.56,4.0,4.89,9.4
2013-12-19,-4.4,0.5,-7.3,-8.6,-3.8,67,0.0,0.0,0.0,0.0,2.6,6.4
2013-12-20,-3.7,2.0,-7.6,-8.0,-2.7,55,0.0,0.0,0.0,0.0,3.14,6.2
2013-12-21,-3.6,2.0,-7.3,-7.6,-1.9,56,0.0,0.0,0.0,0.0,2.47,4.6
2013-12-22,-3.1,2.8,-7.2,-6.9,-1.0,65,0.0,0.0,0.0,0.0,1.8,5.1
2013-12-23,-2.4,3.6,-6.6,-6.2,-0.2,66,0.0,0.0,0.0,0.0,1.82,4.8
2013-12-24,-1.9,4.0,-6.5,-5.7,0.5,66,0.0,0.0,0.0,0.0,2.55,4.3
2013-12-25,-1.5,4.3,-4.4,-5.7,-0.3,70,0.0,0.0,0.0,0.0,3.72,8.7
2013-12-26,-3.5,-0.6,-6.8,-9.2,-6.9,37,0.0,0.0,0.0,0.0,6.52,12.3
2013-12-27,-3.8,3.0,-8.8,-8.5,-2.1,38,0.0,0.0,0.0,0.0,2.69,6.7
2013-12-28,-3.9,2.0,-7.9,-8.7,-3.2,42,0.0,0.0,0.0,0.0,3.14,6.9
2013-12-29,-0.4,6.2,-5.4,-6.0,-0.1,31,0.0,0.0,0.0,0.0,5.52,11.0
2013-12-30,1.6,8.7,-4.0,-3.6,3.1,30,0.0,0.0,0.0,0.0,3.95,8.7
2013-12-31,3.7,11.2,-0.7,-1.7,5.6,28,0.0,0.0,0.0,0.0,5.07,10.5
2014-01-01,4.1,12.6,-0.7,-0.4,7.7,34,0.0,0.0,0.0,0.0,3.36,7.9
2014-01-02,4.3,12.9,-1.9,0.2,8.3,44,0.0,0.0,0.0,0.0,2.72,6.6
2014-01-03,3.1,7.9,-1.1,-1.1,3.0,55,0.0,0.0,0.0,0.0,4.39,9.4
2014-01-04,1.8,8.2,-4.3,-2.6,2.9,59,0.0,0.0,0.0,0.0,4.3,9.1
2014-01-05,1.3,6.5,-3.3,-2.4,2.4,69,0.0,0.0,0.0,0.0,3.7,7.6
2014-01-06,0.3,5.7,-4.0,-3.1,3.1,77,0.0,0.0,0.0,0.0,2.22,4.4
2014-01-07,2.4,6.7,0.2,-1.2,2.3,75,0.0,0.0,0.0,0.0,4.24,8.6
2014-01-08,-0.8,2.1,-4.9,-5.2,-2.3,67,0.0,0.0,0.0,0.0,3.81,9.0
2014-01-09,-3.3,2.4,-7.1,-7.5,-2.5,63,0.0,0.0,0.0,0.0,2.84,7.8
2014-01-10,-1.8,4.5,-5.7,-5.8,-0.1,74,0.0,0.0,0.0,0.0,3.72,9.0
2014-01-11,-0.5,5.9,-5.1,-4.5,1.1,72,0.0,0.0,0.0,0.0,3.64,8.5
2014-01-12,-2.0,2.5,-6.2,-6.4,-2.4,67,0.0,0.0,0.0,0.0,4.75,9.3
2014-01-13,-2.5,4.1,-7.2,-6.8,-0.7,64,0.0,0.0,0.0,0.0,3.36,7.9
2014-01-14,-1.6,3.7,-5.0,-5.3,0.0,72,0.0,0.0,0.0,0.0,2.18,5.1
2014-01-15,-0.9,5.3,-5.9,-5.1,0.6,72,0.0,0.0,0.0,0.0,3.69,8.8
2014-01-16,1.6,5.1,-2.5,-3.1,0.3,60,0.0,0.0,0.0,0.0,4.6,10.3
2014-01-17,-1.8,1.3,-4.1,-5.8,-2.6,81,0.0,0.0,0.0,0.0,4.11,8.3
2014-01-18,-1.2,5.9,-5.8,-5.3,2.3,65,0.0,0.0,0.0,0.0,2.62,4.9
2014-01-19,1.9,5.5,-0.8,-3.2,0.6,53,0.0,0.0,0.0,0.0,6.12,13.3
2014-01-20,0.4,4.2,-3.9,-5.1,-2.4,28,0.0,0.0,0.0,0.0,5.75,11.9
2014-01-21,-2.3,3.2,-7.1,-7.0,-1.5,33,0.0,0.0,0.0,0.0,3.11,6.0
2014-01-22,2.8,8.6,-2.1,-3.1,3.3,28,0.0,0.0,0.0,0.0,5.57,11.7
2014-01-23,5.9,11.3,2.0,0.1,5.2,31,0.0,0.0,0.0,0.0,6.74,14.2
2014-01-24,5.3,9.1,2.1,1.3,5.2,48,0.0,0.0,0.0,0.0,3.4,7.0
2014-01-25,2.6,8.4,-2.1,-2.2,2.9,58,0.0,0.0,0.0,0.0,4.83,10.2
2014-01-26,1.3,8.0,-5.3,-3.7,3.0,47,0.0,0.0,0.0,0.0,6.71,12.7
2014-01-27,5.0,9.8,1.7,-0.6,5.0,48,0.0,0.0,0.0,0.0,7.31,14.2
2014-01-28,3.1,8.7,-1.1,-1.6,4.4,48,0.0,0.0,0.0,0.0,4.42,9.2
2014-01-29,5.2,9.2,1.4,-0.2,4.5,59,0.0,0.0,0.0,0.0,7.96,15.4
2014-01-30,5.3,10.8,0.5,1.7,6.1,67,0.0,0.0,0.0,0.0,4.57,11.1
2014-01-31,5.6,7.7,3.5,3.2,5.9,81,0.6,0.6,0.0,2.0,2.46,4.9
2014-02-01,3.5,5.0,2.0,0.9,2.4,95,1.3,1.3,0.0,5.0,2.58,5.2
2014-02-02,4.1,6.9,1.2,0.6,3.6,82,0.0,0.0,0.0,0.0,5.87,11.7
2014-02-03,-0.4,2.5,-3.1,-5.7,-2.8,51,0.0,0.0,0.0,0.0,6.17,11.9
2014-02-04,-2.2,1.3,-5.9,-7.0,-3.7,35,0.0,0.0,0.0,0.0,3.55,7.4
2014-02-05,-1.3,1.0,-3.2,-5.1,-2.7,62,3.7,0.0,2.8,8.0,1.94,5.9
2014-02-06,-1.2,0.8,-2.7,-5.5,-4.0,82,0.7,0.0,0.56,3.0,4.2,8.8
2014-02-07,-1.9,-0.7,-3.9,-5.9,-4.9,76,0.9,0.0,0.98,6.0,2.92,7.4
2014-02-08,-2.8,0.5,-6.2,-6.9,-3.5,73,0.0,0.0,0.0,0.0,3.54,7.8
2014-02-09,-4.6,-2.6,-7.6,-9.7,-6.9,60,0.0,0.0,0.0,0.0,4.98,10.7
2014-02-10,-5.5,-1.4,-9.8,-9.9,-5.7,52,0.0,0.0,0.0,0.0,2.85,7.1
2014-02-11,-4.5,0.3,-9.1,-8.7,-3.4,58,0.0,0.0,0.0,0.0,2.33,6.1
2014-02-12,-2.9,1.6,-7.6,-7.2,-3.3,56,0.0,0.0,0.0,0.0,2.94,6.9
2014-02-13,-0.3,4.2,-2.8,-4.5,0.3,52,0.0,0.0,0.0,0.0,2.72,6.6
2014-02-14,0.7,5.8,-3.8,-3.9,0.8,54,0.0,0.0,0.0,0.0,5.02,10.3
2014-02-15,2.9,7.7,-0.7,-1.4,3.4,63,0.0,0.0,0.0,0.0,4.72,10.7
2014-02-16,4.2,7.6,1.1,0.3,2.7,63,0.2,0.2,0.0,2.0,4.79,9.5
2014-02-17,1.7,4.3,-1.5,-3.5,-1.8,61,0.6,0.0,0.63,6.0,6.61,13.3
2014-02-18,0.2,4.6,-2.4,-4.5,0.2,47,0.0,0.0,0.0,0.0,4.05,9.0
2014-02-19,0.8,4.7,-2.5,-3.1,0.3,59,0.0,0.0,0.0,0.0,2.56,6.7
2014-02-20,1.4,7.3,-3.9,-2.3,4.5,64,0.0,0.0,0.0,0.0,2.34,5.5
2014-02-21,5.5,10.0,2.0,1.3,5.4,54,0.0,0.0,0.0,0.0,4.56,10.5
2014-02-22,5.4,11.1,0.6,2.0,8.5,60,0.0,0.0,0.0,0.0,2.57,6.1
2014-02-23,6.2,11.3,0.7,3.4,9.2,62,0.0,0.0,0.0,0.0,2.16,5.2
2014-02-24,7.7,11.9,3.1,5.3,10.0,67,0.0,0.0,0.0,0.0,1.63,4.6
2014-02-25,9.1,14.1,5.3,6.6,11.9,58,0.0,0.0,0.0,0.0,2.2,4.3
2014-02-26,9.4,13.1,5.0,6.4,10.0,67,0.0,0.0,0.0,0.0,4.52,9.2
2014-02-27,6.9,9.8,1.9,2.5,7.5,61,3.6,3.6,0.0,6.0,6.19,13.5
2014-02-28,4.2,8.4,1.2,0.1,5.0,40,0.0,0.0,0.0,0.0,3.41,8.3
2014-03-01,5.4,9.1,1.8,2.0,5.7,49,0.0,0.0,0.0,0.0,1.9,5.9
2014-03-02,6.6,12.5,0.4,2.5,8.4,52,0.0,0.0,0.0,0.0,4.6,11.2
2014-03-03,9.2,13.6,4.7,4.1,8.1,42,0.0,0.0,0.0,0.0,6.82,14.4
2014-03-04,6.7,9.7,1.6,2.1,4.6,46,0.0,0.0,0.0,0.0,5.17,11.1
2014-03-05,3.8,8.5,-0.9,0.1,6.1,50,0.0,0.0,0.0,0.0,3.0,6.7
2014-03-06,4.2,8.3,1.3,0.2,3.7,45,0.0,0.0,0.0,0.0,3.76,7.6
2014-03-07,4.7,9.3,-0.1,0.7,4.8,53,0.0,0.0,0.0,0.0,3.64,9.3
2014-03-08,6.9,11.3,4.1,2.9,6.7,53,0.0,0.0,0.0,0.0,5.55,11.6
2014-03-09,7.2,13.3,2.2,3.7,10.6,56,0.0,0.0,0.0,0.0,4.0,8.0
2014-03-10,9.6,15.5,4.0,4.8,11.0,47,0.0,0.0,0.0,0.0,6.24,13.9
2014-03-11,12.5,17.5,8.4,7.9,13.2,42,0.0,0.0,0.0,0.0,6.24,13.4
2014-03-12,6.2,10.5,2.0,1.3,8.3,50,0.6,0.6,0.0,3.0,7.29,14.4
2014-03-13,6.1,12.6,-0.4,1.6,8.0,37,0.0,0.0,0.0,0.0,4.63,11.4
2014-03-14,9.7,15.4,2.7,5.0,11.1,24,0.0,0.0,0.0,0.0,5.04,9.4
2014-03-15,15.7,22.8,9.3,10.6,18.0,29,0.0,0.0,0.0,0.0,6.62,14.0
2014-03-16,17.9,23.6,13.2,14.0,20.8,36,0.0,0.0,0.0,0.0,6.08,11.5
2014-03-17,16.9,21.7,11.4,13.7,20.2,45,0.0,0.0,0.0,0.0,6.09,11.7
2014-03-18,11.7,14.9,8.2,7.0,10.3,35,0.0,0.0,0.0,0.0,6.36,13.8
2014-03-19,9.7,15.0,5.5,5.7,11.0,40,0.0,0.0,0.0,0.0,5.51,10.5
2014-03-20,9.1,14.4,3.8,4.6,9.9,37,0.0,0.0,0.0,0.0,6.03,12.5
2014-03-21,12.9,18.9,6.8,8.1,14.7,28,0.0,0.0,0.0,0.0,5.56,11.9
2014-03-22,15.4,21.6,9.8,10.8,17.3,33,0.0,0.0,0.0,0.0,6.17,13.3
2014-03-23,15.3,22.1,7.2,12.5,20.7,39,0.0,0.0,0.0,0.0,3.01,7.2
2014-03-24,16.8,20.7,12.6,13.9,18.4,43,0.0,0.0,0.0,0.0,4.55,10.9
2014-03-25,16.3,20.1,12.7,15.2,19.4,64,0.0,0.0,0.0,0.0,2.65,5.7
2014-03-26,17.1,23.0,11.3,15.7,21.8,69,0.0,0.0,0.0,0.0,5.25,10.8
2014-03-27,20.5,26.3,15.6,18.1,23.9,50,0.0,0.0,0.0,0.0,5.6,12.2
2014-03-28,17.7,20.2,14.9,16.2,19.3,67,2.8,2.8,0.0,5.0,5.73,11.9
2014-03-29,14.9,18.9,11.4,13.5,17.3,75,0.0,0.0,0.0,0.0,4.36,10.3
2014-03-30,16.5,23.2,8.5,15.1,22.8,54,0.0,0.0,0.0,0.0,1.9,4.5
2014-03-31,18.3,22.5,15.3,16.2,19.9,43,0.0,0.0,0.0,0.0,2.44,6.1
2014-04-01,18.1,23.1,13.5,15.4,20.5,40,0.0,0.0,0.0,0.0,4.14,9.7
2014-04-02,17.5,22.6,13.0,14.9,20.6,45,0.0,0.0,0.0,0.0,4.68,10.3
2014-04-03,12.6,17.5,8.0,8.4,13.2,42,0.0,0.0,0.0,0.0,5.95,12.1
2014-04-04,14.5,23.3,5.8,10.2,19.4,37,0.0,0.0,0.0,0.0,7.83,15.8
2014-04-05,11.9,15.5,8.5,7.8,12.8,32,0.0,0.0,0.0,0.0,7.51,15.6
2014-04-06,13.8,19.7,7.4,9.8,16.7,35,0.0,0.0,0.0,0.0,4.72,10.5
2014-04-07,15.6,21.3,10.3,12.4,19.4,42,0.0,0.0,0.0,0.0,4.71,10.6
2014-04-08,18.0,24.2,10.9,16.7,24.5,56,0.0,0.0,0.0,0.0,3.28,7.4
2014-04-09,20.0,25.7,15.1,18.1,23.7,56,0.0,0.0,0.0,0.0,7.11,14.9
2014-04-10,14.9,18.1,12.3,11.8,15.0,60,0.1,0.1,0.0,1.0,5.5,10.6
2014-04-11,13.4,17.1,10.9,11.5,15.4,68,0.6,0.6,0.0,4.0,3.54,7.5
2014-04-12,13.2,17.4,9.9,12.3,17.5,78,0.1,0.1,0.0,1.0,2.62,6.3
2014-04-13,16.5,22.2,10.1,16.1,22.7,72,0.0,0.0,0.0,0.0,3.04,6.6
2014-04-14,18.5,23.9,13.1,17.3,23.1,63,0.0,0.0,0.0,0.0,5.04,11.4
2014-04-15,17.4,22.2,14.0,16.1,21.2,60,0.0,0.0,0.0,0.0,3.82,8.6
2014-04-16,17.0,23.0,12.2,16.3,23.2,60,0.0,0.0,0.0,0.0,2.5,4.5
2014-04-17,14.4,15.9,13.0,14.1,15.4,83,3.6,3.6,0.0,5.0,3.06,6.5
2014-04-18,15.9,19.9,11.3,14.6,17.5,72,0.3,0.3,0.0,1.0,4.78,10.1
2014-04-19,14.5,18.3,11.1,12.8,18.4,60,1.9,1.9,0.0,3.0,3.53,7.2
2014-04-20,15.7,21.3,9.6,14.9,21.6,64,0.2,0.2,0.0,2.0,1.84,5.5
2014-04-21,17.1,20.5,14.8,17.4,20.7,76,0.1,0.1,0.0,1.0,1.93,4.5
2014-04-22,18.6,23.8,13.0,18.0,23.4,66,0.0,0.0,0.0,0.0,4.32,9.3
2014-04-23,18.7,22.5,15.5,16.2,19.9,57,0.0,0.0,0.0,0.0,6.55,14.2
2014-04-24,19.6,25.0,14.8,17.3,23.7,44,0.0,0.0,0.0,0.0,4.21,9.3
2014-04-25,19.3,25.9,13.4,18.6,23.9,64,11.7,11.7,0.0,7.0,4.88,10.6
2014-04-26,15.0,16.6,13.5,14.1,16.8,85,4.0,4.0,0.0,8.0,4.74,9.3
2014-04-27,14.7,17.7,12.5,12.6,14.3,78,0.1,0.1,0.0,1.0,7.66,15.0
2014-04-28,15.4,21.4,9.4,13.8,19.9,62,0.0,0.0,0.0,0.0,3.23,8.0
2014-04-29,17.9,23.3,11.1,16.6,23.2,45,0.0,0.0,0.0,0.0,2.32,5.6
2014-04-30,19.3,24.9,13.1,18.2,24.8,53,0.0,0.0,0.0,0.0,3.21,7.4
2014-05-01,22.5,27.6,15.8,22.2,28.3,58,0.1,0.1,0.0,1.0,5.2,10.7
2014-05-02,17.5,21.1,13.6,13.8,17.5,35,0.0,0.0,0.0,0.0,7.31,14.7
2014-05-03,18.9,23.6,13.3,14.0,18.9,31,0.0,0.0,0.0,0.0,9.3,18.1
2014-05-04,14.5,17.9,9.0,9.9,13.7,25,0.3,0.3,0.0,1.0,7.51,15.0
2014-05-05,15.3,21.4,7.7,11.8,19.5,33,0.0,0.0,0.0,0.0,6.26,14.3
2014-05-06,20.4,25.6,14.8,15.5,21.9,37,0.0,0.0,0.0,0.0,9.14,17.7
2014-05-07,21.6,26.1,16.6,18.4,24.2,41,0.0,0.0,0.0,0.0,9.0,17.6
2014-05-08,19.9,25.4,14.1,17.8,23.1,45,0.1,0.1,0.0,1.0,4.2,9.6
2014-05-09,21.3,27.5,15.6,18.4,25.0,37,0.0,0.0,0.0,0.0,5.73,11.6
2014-05-10,17.6,24.0,14.1,16.0,23.3,61,25.1,25.1,0.0,10.0,5.22,11.3
2014-05-11,14.2,15.9,12.8,12.6,13.4,85,12.6,12.6,0.0,7.0,7.06,14.3
2014-05-12,21.3,27.7,14.4,19.6,27.0,53,0.0,0.0,0.0,0.0,4.66,9.8
2014-05-13,22.6,26.6,18.0,21.1,24.3,53,0.0,0.0,0.0,0.0,6.69,14.0
2014-05-14,19.3,22.4,13.6,17.0,20.2,47,0.0,0.0,0.0,0.0,5.85,12.2
2014-05-15,20.8,27.7,12.7,17.8,26.0,38,0.0,0.0,0.0,0.0,5.71,12.5
2014-05-16,22.7,26.3,18.1,21.3,26.7,47,0.0,0.0,0.0,0.0,5.41,10.2
2014-05-17,22.7,28.1,17.6,21.2,26.9,44,0.0,0.0,0.0,0.0,4.6,9.5
2014-05-18,22.8,28.1,16.9,22.1,29.6,48,0.0,0.0,0.0,0.0,3.37,8.4
2014-05-19,22.7,25.4,20.4,22.2,26.3,65,1.1,1.1,0.0,2.0,6.2,12.7
2014-05-20,24.8,31.1,18.7,25.8,33.3,63,0.0,0.0,0.0,0.0,4.85,9.9
2014-05-21,26.0,32.0,20.0,26.5,32.6,54,0.0,0.0,0.0,0.0,5.05,11.5
2014-05-22,26.6,32.9,20.2,27.0,33.8,48,0.0,0.0,0.0,0.0,4.33,9.1
2014-05-23,26.9,31.8,20.9,25.8,30.0,41,0.0,0.0,0.0,0.0,6.75,13.5
2014-05-24,21.4,25.1,19.4,22.3,24.8,79,7.4,7.4,0.0,9.0,5.05,12.0
2014-05-25,22.9,28.1,18.6,22.5,26.6,58,0.0,0.0,0.0,0.0,5.46,11.2
2014-05-26,25.5,31.6,16.5,22.5,28.5,31,0.0,0.0,0.0,0.0,6.89,13.9
2014-05-27,27.4,35.6,20.7,24.3,31.9,27,0.0,0.0,0.0,0.0,8.51,16.5
2014-05-28,28.1,34.9,17.8,26.3,34.4,28,0.0,0.0,0.0,0.0,4.22,8.7
2014-05-29,31.0,37.1,24.4,29.0,36.0,30,0.0,0.0,0.0,0.0,6.08,13.6
2014-05-30,31.4,37.0,25.9,31.3,37.4,35,0.0,0.0,0.0,0.0,4.56,9.3
2014-05-31,29.2,34.5,24.9,30.3,35.8,46,0.0,0.0,0.0,0.0,3.73,8.2
2014-06-01,22.5,25.2,18.3,22.1,26.4,63,0.2,0.2,0.0,2.0,6.13,14.1
2014-06-02,18.5,20.0,16.3,17.6,19.1,76,0.2,0.2,0.0,1.0,5.52,10.5
2014-06-03,21.9,27.9,14.6,21.5,26.3,60,0.0,0.0,0.0,0.0,5.07,11.6
2014-06-04,22.8,27.4,16.9,23.4,27.6,62,0.0,0.0,0.0,0.0,2.83,7.1
2014-06-05,25.2,30.9,17.9,26.7,33.0,59,0.0,0.0,0.0,0.0,3.12,7.5
2014-06-06,26.2,33.0,19.9,27.7,35.1,60,3.8,3.8,0.0,4.0,5.73,9.2
2014-06-07,23.3,28.9,16.4,23.4,29.2,58,1.3,1.3,0.0,2.0,3.76,9.2
2014-06-08,26.2,31.7,20.0,24.8,29.8,43,0.0,0.0,0.0,0.0,6.59,13.7
2014-06-09,25.7,31.5,21.2,26.1,33.2,56,0.7,0.7,0.0,4.0,7.21,13.8
2014-06-10,24.6,30.2,19.5,26.4,34.0,63,0.3,0.3,0.0,1.0,3.2,7.3
2014-06-11,23.1,27.1,18.9,23.9,27.6,64,0.6,0.6,0.0,4.0,4.74,9.6
2014-06-12,25.5,32.0,16.8,26.0,32.8,52,0.0,0.0,0.0,0.0,3.02,7.7
2014-06-13,27.6,33.9,19.7,28.8,35.0,49,0.1,0.1,0.0,1.0,2.24,6.1
2014-06-14,28.2,34.0,23.1,29.3,36.1,49,0.0,0.0,0.0,0.0,4.52,8.3
2014-06-15,24.3,26.9,21.5,24.7,25.8,63,0.7,0.7,0.0,4.0,5.41,12.1
2014-06-16,22.8,25.4,21.1,24.7,26.7,77,0.8,0.8,0.0,4.0,3.6,8.2
2014-06-17,23.0,26.8,20.0,24.5,27.5,74,1.2,1.2,0.0,3.0,4.28,7.9
2014-06-18,24.4,29.8,20.6,26.8,32.5,73,0.7,0.7,0.0,3.0,3.31,7.4
2014-06-19,23.9,28.5,20.9,26.9,31.5,79,10.5,10.5,0.0,14.0,2.2,7.1
2014-06-20,20.7,21.5,18.5,22.7,24.4,89,23.1,23.1,0.0,12.0,4.66,10.7
2014-06-21,22.1,25.8,19.8,24.4,28.5,82,0.3,0.3,0.0,2.0,2.82,8.6
2014-06-22,23.8,29.5,18.5,26.7,33.0,75,0.3,0.3,0.0,1.0,1.65,6.4
2014-06-23,24.5,29.3,19.4,26.7,31.7,68,7.9,7.9,0.0,4.0,2.64,7.5
2014-06-24,26.7,31.3,20.4,29.0,35.1,58,0.0,0.0,0.0,0.0,1.72,4.8
2014-06-25,25.6,27.4,23.8,27.9,31.0,72,0.0,0.0,0.0,0.0,3.91,8.6
2014-06-26,26.6,31.2,22.1,29.1,34.3,66,0.0,0.0,0.0,0.0,3.38,7.7
2014-06-27,27.6,32.0,23.3,29.6,34.8,58,0.0,0.0,0.0,0.0,3.32,8.5
2014-06-28,28.3,34.5,20.4,29.5,35.5,50,0.0,0.0,0.0,0.0,3.28,7.2
2014-06-29,28.0,32.3,23.9,29.3,34.7,50,0.0,0.0,0.0,0.0,4.0,7.1
2014-06-30,27.5,32.3,23.1,29.6,34.2,58,0.2,0.2,0.0,1.0,3.18,8.3
2014-07-01,28.2,33.8,25.1,30.2,35.9,61,0.1,0.1,0.0,1.0,5.05,11.2
2014-07-02,26.2,29.3,23.6,28.4,32.9,66,0.5,0.5,0.0,2.0,4.75,11.2
2014-07-03,27.1,32.3,21.8,29.7,35.3,65,1.6,1.6,0.0,2.0,3.41,8.6
2014-07-04,25.5,29.1,23.5,29.5,32.5,81,22.0,22.0,0.0,9.0,2.69,7.4
2014-07-05,27.0,31.7,23.1,31.2,36.5,73,0.0,0.0,0.0,0.0,2.33,5.9
2014-07-06,27.7,32.3,23.2,31.0,36.4,64,0.0,0.0,0.0,0.0,2.22,5.4
2014-07-07,28.7,33.2,24.4,31.7,37.6,61,0.0,0.0,0.0,0.0,3.73,7.1
2014-07-08,29.7,33.7,25.9,33.1,38.4,61,0.0,0.0,0.0,0.0,4.3,8.5
2014-07-09,28.8,33.5,24.5,30.8,34.0,57,0.0,0.0,0.0,0.0,5.3,10.7
2014-07-10,24.2,25.7,21.8,25.7,27.5,66,0.0,0.0,0.0,0.0,4.37,6.6
2014-07-11,27.3,33.7,20.9,29.8,37.0,64,0.0,0.0,0.0,0.0,3.68,7.7
2014-07-12,26.7,32.4,23.5,30.4,36.9,72,9.1,9.1,0.0,3.0,4.25,10.0
2014-07-13,27.5,33.9,21.9,30.0,36.8,61,0.0,0.0,0.0,0.0,2.84,6.4
2014-07-14,28.3,34.2,22.6,30.3,37.4,57,1.5,1.5,0.0,2.0,3.55,8.8
2014-07-15,26.6,31.5,22.0,29.4,34.7,68,1.0,1.0,0.0,4.0,3.42,8.7
2014-07-16,29.2,33.0,25.1,32.2,36.8,62,0.0,0.0,0.0,0.0,4.69,10.1
2014-07-17,30.2,34.5,25.3,33.6,39.1,62,0.0,0.0,0.0,0.0,4.44,8.8
2014-07-18,30.5,34.6,26.3,34.2,39.3,62,0.0,0.0,0.0,0.0,3.61,8.7
2014-07-19,30.8,36.3,27.0,34.7,41.0,63,0.1,0.1,0.0,1.0,4.43,8.7
2014-07-20,31.0,35.6,26.5,35.0,39.7,65,1.3,1.3,0.0,2.0,5.37,12.8
2014-07-21,31.9,36.7,28.2,36.2,40.1,67,4.6,4.6,0.0,3.0,6.53,14.6
2014-07-22,27.1,29.4,24.5,31.6,34.7,82,22.6,22.6,0.0,12.0,5.54,10.9
2014-07-23,25.5,28.6,23.3,28.7,32.5,74,0.0,0.0,0.0,0.0,3.11,6.2
2014-07-24,23.8,26.1,20.4,26.5,29.1,85,9.9,9.9,0.0,15.0,6.21,11.4
2014-07-25,21.8,25.1,19.2,22.4,25.8,82,11.2,11.2,0.0,13.0,7.34,15.7
2014-07-26,25.0,31.1,18.6,27.2,33.8,66,0.0,0.0,0.0,0.0,2.4,5.8
2014-07-27,26.8,32.0,21.2,30.4,36.5,70,0.0,0.0,0.0,0.0,2.16,5.2
2014-07-28,27.3,31.8,22.5,30.5,35.6,68,0.0,0.0,0.0,0.0,2.6,5.9
2014-07-29,27.8,31.8,24.1,30.6,34.9,66,0.0,0.0,0.0,0.0,3.85,8.4
2014-07-30,24.9,27.5,23.1,28.4,31.4,82,11.6,11.6,0.0,12.0,4.24,7.9
2014-07-31,26.5,30.9,22.8,30.7,34.8,80,0.6,0.6,0.0,2.0,3.19,7.1
2014-08-01,27.7,32.1,23.9,33.0,38.5,80,1.9,1.9,0.0,5.0,3.14,7.2
2014-08-02,28.8,33.3,23.8,33.7,38.4,73,0.0,0.0,0.0,0.0,2.44,7.1
2014-08-03,29.7,34.4,24.7,34.6,40.5,67,0.0,0.0,0.0,0.0,1.88,4.5
2014-08-04,30.3,35.0,26.5,35.4,40.9,69,0.0,0.0,0.0,0.0,4.27,6.2
2014-08-05,24.1,27.0,22.7,27.0,30.7,85,9.7,9.7,0.0,12.0,4.07,8.9
2014-08-06,23.9,25.7,21.5,26.1,27.3,76,0.9,0.9,0.0,2.0,4.05,7.9
2014-08-07,24.4,29.5,19.9,27.1,34.0,71,0.0,0.0,0.0,0.0,2.47,5.1
2014-08-08,24.9,29.7,19.4,26.3,30.8,64,0.0,0.0,0.0,0.0,4.39,8.8
2014-08-09,24.6,28.9,21.5,26.4,31.1,66,0.3,0.3,0.0,3.0,2.77,6.1
2014-08-10,25.2,30.7,19.6,27.8,34.2,70,0.0,0.0,0.0,0.0,2.52,5.5
2014-08-11,27.0,32.8,22.8,30.2,36.8,69,0.3,0.3,0.0,1.0,2.88,7.1
2014-08-12,27.3,32.8,20.9,29.1,33.1,59,0.0,0.0,0.0,0.0,3.71,8.3
2014-08-13,25.4,29.2,22.9,27.5,31.4,66,0.0,0.0,0.0,0.0,3.5,8.2
2014-08-14,24.8,29.6,21.5,27.4,32.9,70,0.3,0.3,0.0,2.0,2.12,5.6
2014-08-15,26.9,32.5,21.2,28.8,34.1,64,0.3,0.3,0.0,2.0,4.0,8.9
2014-08-16,27.8,33.1,24.1,30.5,36.7,63,0.3,0.3,0.0,1.0,3.45,8.2
2014-08-17,24.4,27.8,21.5,27.4,31.0,75,11.5,11.5,0.0,10.0,2.56,6.5
2014-08-18,22.4,24.7,20.3,25.5,27.0,86,13.2,13.2,0.0,13.0,2.82,6.0
2014-08-19,23.7,28.6,19.8,27.1,33.5,81,0.7,0.7,0.0,3.0,1.97,6.1
2014-08-20,25.3,30.8,19.5,28.4,34.7,73,0.0,0.0,0.0,0.0,2.44,5.9
2014-08-21,27.0,31.7,22.9,29.7,34.7,67,0.0,0.0,0.0,0.0,3.88,8.8
2014-08-22,27.3,31.2,23.8,29.9,34.3,65,0.0,0.0,0.0,0.0,4.25,9.2
2014-08-23,27.9,31.5,25.4,31.0,34.9,68,0.0,0.0,0.0,0.0,3.75,9.3
2014-08-24,25.5,29.0,23.6,28.8,33.0,74,0.0,0.0,0.0,0.0,3.3,7.8
2014-08-25,25.6,30.3,21.4,28.2,31.7,69,0.0,0.0,0.0,0.0,2.81,7.8
2014-08-26,26.3,32.4,20.8,27.5,32.9,55,0.0,0.0,0.0,0.0,2.44,7.2
2014-08-27,26.8,31.8,22.5,27.9,32.7,54,0.0,0.0,0.0,0.0,3.62,6.8
2014-08-28,26.2,30.8,21.6,27.9,33.0,59,0.0,0.0,0.0,0.0,3.58,6.4
2014-08-29,25.8,30.5,21.3,28.1,33.9,61,0.0,0.0,0.0,0.0,2.15,5.1
2014-08-30,25.4,30.0,22.4,28.5,33.9,71,2.9,2.9,0.0,8.0,2.47,5.4
2014-08-31,23.6,27.1,21.0,26.8,29.8,81,3.9,3.9,0.0,8.0,2.0,6.7
2014-09-01,24.2,28.7,19.8,26.9,31.6,73,0.0,0.0,0.0,0.0,1.77,5.0
2014-09-02,22.0,23.7,19.7,24.0,25.6,79,7.2,7.2,0.0,9.0,2.73,8.0
2014-09-03,21.1,25.4,17.8,22.1,25.2,79,6.3,6.3,0.0,9.0,4.63,9.2
2014-09-04,22.7,29.7,15.2,22.6,29.8,60,0.0,0.0,0.0,0.0,3.91,8.9
2014-09-05,24.6,29.6,20.1,25.5,32.5,59,0.0,0.0,0.0,0.0,3.31,7.8
2014-09-06,24.8,28.9,20.7,26.9,30.3,67,0.0,0.0,0.0,0.0,2.52,6.3
2014-09-07,24.0,26.4,22.0,27.0,29.4,79,1.0,1.0,0.0,6.0,2.69,7.4
2014-09-08,24.4,29.0,20.6,27.4,31.9,76,0.1,0.1,0.0,1.0,3.45,7.5
2014-09-09,24.4,29.4,21.3,26.7,31.8,70,0.3,0.3,0.0,2.0,1.98,5.3
2014-09-10,24.6,30.6,19.8,26.0,31.7,62,0.0,0.0,0.0,0.0,2.83,6.9
2014-09-11,22.3,26.2,19.1,22.7,25.4,60,0.1,0.1,0.0,1.0,2.51,5.5
2014-09-12,19.0,22.8,15.9,19.8,22.9,79,2.2,2.2,0.0,5.0,2.67,6.2
2014-09-13,21.7,27.0,16.9,23.3,28.9,72,0.0,0.0,0.0,0.0,1.77,4.7
2014-09-14,20.4,22.8,18.3,22.6,25.3,88,13.7,13.7,0.0,14.0,3.05,6.3
2014-09-15,18.7,21.3,16.5,19.8,21.7,87,3.8,3.8,0.0,12.0,3.41,7.8
2014-09-16,16.3,18.7,13.6,16.9,18.8,90,12.8,12.8,0.0,10.0,3.11,6.9
2014-09-17,14.6,15.9,13.0,14.9,16.9,96,12.6,12.6,0.0,17.0,2.69,5.7
2014-09-18,17.6,21.7,14.4,18.3,22.7,83,0.0,0.0,0.0,0.0,2.06,5.2
2014-09-19,18.5,23.9,13.3,18.7,24.1,79,0.0,0.0,0.0,0.0,3.51,6.8
2014-09-20,21.6,26.2,17.3,22.1,27.1,72,0.0,0.0,0.0,0.0,4.92,10.7
2014-09-21,23.0,27.8,18.8,24.7,29.7,70,0.0,0.0,0.0,0.0,2.4,5.6
2014-09-22,23.3,28.1,18.6,25.1,30.1,70,0.0,0.0,0.0,0.0,2.5,5.4
2014-09-23,22.5,26.4,19.7,24.0,28.6,72,0.1,0.1,0.0,1.0,3.21,6.5
2014-09-24,20.8,24.3,17.8,21.9,25.1,79,0.1,0.1,0.0,1.0,4.06,8.1
2014-09-25,20.8,25.6,16.7,22.0,26.8,76,0.0,0.0,0.0,0.0,3.0,6.9
2014-09-26,22.5,26.9,18.9,23.3,27.0,73,1.2,1.2,0.0,3.0,4.81,10.1
2014-09-27,22.8,25.6,20.6,25.0,28.1,78,0.3,0.3,0.0,2.0,4.31,9.1
2014-09-28,19.7,21.7,17.9,21.1,24.0,89,10.2,10.2,0.0,18.0,4.17,8.4
2014-09-29,19.2,26.3,14.3,18.9,25.7,79,0.0,0.0,0.0,0.0,7.42,15.4
2014-09-30,15.1,19.3,12.2,12.7,17.5,62,0.0,0.0,0.0,0.0,5.91,12.1
2014-10-01,16.5,21.7,11.4,15.7,20.7,72,0.8,0.8,0.0,4.0,4.22,9.0
2014-10-02,16.4,20.8,14.0,16.4,20.9,80,0.0,0.0,0.0,0.0,2.83,6.7
2014-10-03,18.3,24.3,12.4,17.4,22.9,66,0.0,0.0,0.0,0.0,3.22,6.9
2014-10-04,18.5,22.0,15.1,17.8,22.2,67,1.2,1.2,0.0,5.0,3.76,9.4
2014-10-05,16.5,21.7,11.7,15.4,20.1,71,0.0,0.0,0.0,0.0,4.0,8.7
2014-10-06,14.6,20.9,9.4,12.7,18.7,59,0.0,0.0,0.0,0.0,2.79,7.4
2014-10-07,16.7,23.5,10.8,14.8,21.5,56,0.0,0.0,0.0,0.0,4.24,10.0
2014-10-08,18.2,23.5,14.4,17.1,22.7,60,0.0,0.0,0.0,0.0,3.35,8.2
2014-10-09,18.4,24.3,14.3,18.2,24.8,68,0.0,0.0,0.0,0.0,2.44,5.0
2014-10-10,18.1,25.3,12.8,17.8,24.4,68,0.0,0.0,0.0,0.0,2.24,5.6
2014-10-11,18.5,25.8,12.3,18.3,25.9,66,0.0,0.0,0.0,0.0,1.98,4.8
2014-10-12,14.8,17.7,12.8,11.8,16.9,64,0.0,0.0,0.0,0.0,6.84,15.1
2014-10-13,12.5,17.2,7.2,8.9,12.8,46,0.0,0.0,0.0,0.0,4.91,11.1
2014-10-14,12.7,20.1,4.8,9.6,17.0,45,0.0,0.0,0.0,0.0,3.11,6.5
2014-10-15,16.8,24.9,11.5,13.0,20.8,38,0.0,0.0,0.0,0.0,5.15,11.4
2014-10-16,16.4,22.7,9.9,12.4,19.4,27,0.0,0.0,0.0,0.0,4.71,8.9
2014-10-17,18.7,25.3,13.2,15.7,22.5,47,0.0,0.0,0.0,0.0,5.32,11.7
2014-10-18,20.7,27.2,15.3,18.8,25.0,51,0.0,0.0,0.0,0.0,4.54,8.9
2014-10-19,16.7,20.5,14.9,16.0,17.7,76,2.2,2.2,0.0,5.0,4.4,9.6
2014-10-20,16.1,17.6,14.7,16.0,16.6,84,0.0,0.0,0.0,0.0,4.13,8.9
2014-10-21,14.3,17.7,10.1,11.9,14.9,68,0.3,0.3,0.0,1.0,5.03,10.1
2014-10-22,13.9,20.3,7.3,12.0,18.5,65,0.0,0.0,0.0,0.0,3.31,6.6
2014-10-23,17.8,22.3,14.5,15.9,20.3,70,0.0,0.0,0.0,0.0,5.98,13.2
2014-10-24,19.9,25.2,16.1,17.4,22.4,63,0.0,0.0,0.0,0.0,6.65,14.2
2014-10-25,20.8,26.5,17.1,18.4,23.6,58,0.0,0.0,0.0,0.0,6.64,13.7
2014-10-26,15.6,21.3,9.2,12.9,20.4,64,0.0,0.0,0.0,0.0,8.17,16.8
2014-10-27,11.6,16.6,8.0,7.6,12.2,48,0.0,0.0,0.0,0.0,5.0,10.2
2014-10-28,11.2,17.5,5.4,9.0,15.6,61,0.0,0.0,0.0,0.0,2.06,4.4
2014-10-29,13.7,17.6,10.3,12.3,16.5,62,0.0,0.0,0.0,0.0,1.58,3.2
2014-10-30,14.6,16.2,13.0,13.8,15.3,77,0.0,0.0,0.0,0.0,3.42,6.9
2014-10-31,13.9,14.8,13.0,13.6,15.1,94,5.7,5.7,0.0,15.0,3.7,5.9
2014-11-01,12.8,15.2,9.5,12.1,14.2,85,0.3,0.3,0.0,2.0,3.24,7.0
2014-11-02,9.7,14.3,4.9,5.0,8.6,34,0.0,0.0,0.0,0.0,6.5,13.5
2014-11-03,10.5,17.4,5.0,6.4,13.1,36,0.0,0.0,0.0,0.0,3.32,7.9
2014-11-04,12.0,17.2,7.3,7.4,11.6,42,0.0,0.0,0.0,0.0,6.63,14.2
2014-11-05,12.1,16.1,10.1,9.2,13.7,55,0.0,0.0,0.0,0.0,4.68,9.3
2014-11-06,9.8,15.1,6.0,6.3,10.8,58,0.0,0.0,0.0,0.0,5.37,11.7
2014-11-07,8.2,12.9,5.0,4.7,9.3,57,0.0,0.0,0.0,0.0,3.21,7.6
2014-11-08,8.1,12.1,5.0,5.7,9.4,65,0.0,0.0,0.0,0.0,1.8,4.6
2014-11-09,8.3,15.0,3.4,5.8,12.3,71,0.0,0.0,0.0,0.0,2.11,6.5
2014-11-10,9.9,15.9,4.9,7.1,12.5,69,0.0,0.0,0.0,0.0,3.75,8.9
2014-11-11,11.4,16.1,6.7,8.3,12.6,59,0.0,0.0,0.0,0.0,4.39,9.3
2014-11-12,6.3,11.6,0.8,1.7,5.3,39,0.0,0.0,0.0,0.0,5.59,12.0
2014-11-13,5.1,12.0,0.7,0.8,6.8,40,0.0,0.0,0.0,0.0,3.61,8.9
2014-11-14,6.2,13.8,0.2,2.7,10.2,48,0.0,0.0,0.0,0.0,2.41,4.8
2014-11-15,7.8,11.7,5.0,4.9,8.3,56,0.0,0.0,0.0,0.0,2.06,4.6
2014-11-16,6.4,11.3,2.3,2.9,6.9,66,0.0,0.0,0.0,0.0,4.08,8.8
2014-11-17,5.6,11.9,0.2,1.9,7.8,48,0.0,0.0,0.0,0.0,2.42,6.7
2014-11-18,6.2,13.7,0.4,2.4,9.4,55,0.0,0.0,0.0,0.0,3.26,7.8
2014-11-19,8.8,12.9,4.9,4.3,7.7,45,0.0,0.0,0.0,0.0,5.32,11.4
2014-11-20,10.0,15.5,6.5,6.2,11.5,61,0.0,0.0,0.0,0.0,5.95,12.7
2014-11-21,9.7,16.4,4.8,7.4,14.5,70,0.0,0.0,0.0,0.0,2.94,4.7
2014-11-22,9.2,13.7,5.5,6.0,9.6,65,0.0,0.0,0.0,0.0,3.62,8.2
2014-11-23,8.1,9.5,7.0,6.0,7.3,78,1.4,1.4,0.0,6.0,2.2,5.4
2014-11-24,7.3,10.8,3.0,4.4,7.7,77,0.0,0.0,0.0,0.0,3.74,7.8
2014-11-25,6.0,11.0,2.2,2.8,7.6,65,0.0,0.0,0.0,0.0,2.32,4.6
2014-11-26,8.0,11.3,4.6,4.7,7.8,69,0.0,0.0,0.0,0.0,5.95,13.0
2014-11-27,8.6,9.3,7.9,7.3,8.2,93,6.2,6.2,0.0,17.0,2.01,4.6
2014-11-28,5.9,7.9,4.0,3.3,6.3,94,2.4,2.4,0.0,6.0,4.62,8.2
2014-11-29,5.7,8.4,2.9,3.5,6.2,89,3.3,3.3,0.0,7.0,2.33,5.5
2014-11-30,5.9,8.7,0.7,2.3,4.7,71,0.5,0.5,0.0,2.0,5.94,11.9
2014-12-01,-1.9,0.9,-4.5,-7.7,-4.7,28,0.0,0.0,0.0,0.0,6.44,12.4
2014-12-02,-2.2,2.3,-6.5,-6.5,-2.5,43,0.0,0.0,0.0,0.0,1.96,6.6
2014-12-03,-1.0,2.7,-2.9,-5.4,-2.1,51,0.0,0.0,0.0,0.0,3.68,8.1
2014-12-04,-2.0,3.2,-5.7,-7.0,-3.2,39,0.0,0.0,0.0,0.0,5.0,10.5
2014-12-05,-1.0,5.0,-5.2,-5.2,0.5,44,0.0,0.0,0.0,0.0,2.2,5.3
2014-12-06,1.8,8.9,-4.0,-2.7,4.0,43,0.0,0.0,0.0,0.0,3.2,6.3
2014-12-07,2.0,6.1,-3.0,-2.4,0.7,55,0.0,0.0,0.0,0.0,4.43,9.8
2014-12-08,0.1,6.1,-4.0,-4.0,1.8,51,0.0,0.0,0.0,0.0,2.55,5.1
2014-12-09,0.6,4.7,-3.7,-3.3,0.5,62,0.0,0.0,0.0,0.0,2.55,5.2
2014-12-10,2.5,5.7,-0.5,-1.7,0.8,63,0.6,0.6,0.0,3.0,4.16,9.1
2014-12-11,-1.3,1.8,-4.1,-5.9,-2.2,42,0.0,0.0,0.0,0.0,3.02,7.1
2014-12-12,-0.6,4.1,-4.4,-5.7,-1.9,37,0.0,0.0,0.0,0.0,4.49,9.5
2014-12-13,-0.3,6.2,-5.2,-4.7,1.6,41,0.0,0.0,0.0,0.0,2.73,4.9
2014-12-14,2.2,8.0,-2.3,-2.1,3.6,43,0.0,0.0,0.0,0.0,2.71,6.7
2014-12-15,1.4,4.8,-2.5,-3.6,-1.0,49,0.0,0.0,0.0,0.0,6.09,11.9
2014-12-16,-2.6,1.9,-6.3,-8.1,-5.2,31,0.0,0.0,0.0,0.0,6.69,13.0
2014-12-17,-0.2,6.9,-5.3,-5.1,1.5,32,0.0,0.0,0.0,0.0,3.4,8.0
2014-12-18,3.6,10.2,-2.3,-1.8,4.4,37,0.0,0.0,0.0,0.0,6.53,12.5
2014-12-19,3.3,7.5,-2.3,-2.2,2.4,39,0.0,0.0,0.0,0.0,6.53,12.7
2014-12-20,-2.8,1.0,-6.3,-7.6,-3.6,33,0.0,0.0,0.0,0.0,2.94,6.8
2014-12-21,-2.8,1.3,-7.5,-8.1,-4.8,30,0.0,0.0,0.0,0.0,4.52,9.3
2014-12-22,1.5,8.6,-3.6,-3.7,3.1,31,0.0,0.0,0.0,0.0,4.07,8.1
2014-12-23,3.7,9.3,-0.5,-1.3,3.8,40,0.0,0.0,0.0,0.0,5.25,10.8
2014-12-24,0.4,6.1,-2.5,-4.0,1.3,60,0.0,0.0,0.0,0.0,3.75,8.4
2014-12-25,-0.1,6.2,-4.7,-4.1,1.8,50,0.0,0.0,0.0,0.0,2.22,5.0
2014-12-26,-0.0,6.2,-4.7,-4.1,1.9,53,0.0,0.0,0.0,0.0,2.5,6.6
2014-12-27,2.0,6.9,-2.1,-2.3,2.0,56,0.0,0.0,0.0,0.0,3.61,8.7
2014-12-28,2.5,8.0,-0.9,-1.8,3.3,57,0.0,0.0,0.0,0.0,3.31,7.8
2014-12-29,4.9,13.0,0.8,0.2,8.0,38,0.0,0.0,0.0,0.0,4.18,8.4
2014-12-30,4.7,13.1,-1.0,0.5,8.4,50,0.0,0.0,0.0,0.0,3.08,8.7
2014-12-31,-1.1,1.5,-5.9,-6.7,-3.4,36,0.0,0.0,0.0,0.0,6.87,13.9
