time,temperature_2m_mean,temperature_2m_max,temperature_2m_min,apparent_temperature_mean,apparent_temperature_max,relative_humidity_2m_mean,precipitation_sum,rain_sum,snowfall_sum,precipitation_hours,wind_speed_10m_max,wind_gusts_10m_max
2005-01-01,-5.2,0.6,-10.0,-10.5,-5.1,48,0.0,0.0,0.0,0.0,4.46,8.9
2005-01-02,-1.9,2.0,-6.0,-7.6,-3.6,62,0.0,0.0,0.0,0.0,6.39,12.7
2005-01-03,-0.8,4.0,-5.2,-5.6,-2.3,53,0.0,0.0,0.0,0.0,5.07,12.3
2005-01-04,-4.1,0.5,-7.7,-8.9,-4.2,39,0.0,0.0,0.0,0.0,3.11,5.8
2005-01-05,-3.6,-0.3,-7.6,-8.2,-4.6,57,0.0,0.0,0.07,0.0,3.5,7.4
2005-01-06,-2.0,1.6,-5.2,-6.1,-2.1,76,0.0,0.0,0.0,0.0,3.23,6.7
2005-01-07,-3.9,1.4,-9.0,-8.4,-3.0,44,0.0,0.0,0.0,0.0,2.78,6.3
2005-01-08,-3.9,1.8,-7.7,-8.5,-3.3,41,0.0,0.0,0.0,0.0,3.01,6.7
2005-01-09,-4.6,0.9,-9.7,-8.9,-3.0,47,0.0,0.0,0.0,0.0,2.15,4.8
2005-01-10,-2.1,2.8,-4.9,-6.8,-1.4,53,0.0,0.0,0.0,0.0,3.72,8.3
2005-01-11,-2.7,2.7,-7.9,-7.0,-2.0,50,0.0,0.0,0.0,0.0,2.28,6.0
2005-01-12,-2.3,3.1,-7.5,-6.1,-1.2,40,0.0,0.0,0.0,0.0,1.2,5.2
2005-01-13,-2.3,4.0,-7.6,-6.3,-0.0,47,0.0,0.0,0.0,0.0,1.5,3.9
2005-01-14,-2.9,2.3,-6.8,-7.2,-2.2,54,0.0,0.0,0.0,0.0,2.78,5.9
2005-01-15,-2.6,2.9,-7.6,-6.9,-2.3,45,0.0,0.0,0.0,0.0,3.0,7.2
2005-01-16,-2.1,4.8,-7.7,-6.3,0.6,46,0.0,0.0,0.0,0.0,2.71,5.1
2005-01-17,-0.0,5.2,-3.6,-4.8,0.6,54,0.0,0.0,0.0,0.0,4.24,9.1
2005-01-18,-1.9,3.2,-6.6,-6.3,-1.5,45,0.0,0.0,0.0,0.0,2.77,6.5
2005-01-19,-0.9,5.6,-6.0,-5.5,0.3,46,0.0,0.0,0.0,0.0,4.2,9.4
2005-01-20,-2.1,4.6,-6.9,-6.5,-0.1,49,0.0,0.0,0.0,0.0,2.6,6.7
2005-01-21,-1.5,4.0,-6.8,-5.9,-0.7,50,0.0,0.0,0.0,0.0,2.73,7.5
2005-01-22,0.2,5.0,-2.9,-4.0,0.8,57,0.0,0.0,0.0,0.0,2.92,6.6
2005-01-23,0.4,5.1,-3.3,-3.7,0.4,65,0.0,0.0,0.0,0.0,4.13,9.4
2005-01-24,0.4,4.5,-2.9,-4.0,-0.8,64,0.0,0.0,0.0,0.0,4.52,10.1
2005-01-25,-2.0,1.2,-5.0,-6.8,-3.9,64,0.0,0.0,0.0,0.0,4.78,9.9
2005-01-26,-2.3,1.6,-6.8,-6.2,-2.1,59,0.0,0.0,0.0,0.0,2.02,4.3
2005-01-27,0.8,6.1,-3.3,-3.3,1.9,55,0.0,0.0,0.0,0.0,3.16,6.6
2005-01-28,2.4,7.0,-0.6,-2.4,2.1,67,0.3,0.3,0.0,2.0,6.96,13.5
2005-01-29,-3.0,1.4,-6.4,-8.9,-4.6,27,0.0,0.0,0.0,0.0,5.98,11.7
2005-01-30,-3.3,1.6,-6.8,-7.6,-2.7,40,0.0,0.0,0.0,0.0,2.91,6.9
2005-01-31,-3.4,1.4,-7.5,-8.6,-4.1,32,0.0,0.0,0.0,0.0,5.45,11.0
2005-02-01,-5.3,-0.5,-9.5,-10.3,-5.2,23,0.0,0.0,0.0,0.0,3.05,7.3
2005-02-02,-4.4,1.3,-8.5,-8.8,-2.6,30,0.0,0.0,0.0,0.0,2.52,6.4
2005-02-03,-1.0,5.6,-7.2,-6.2,-0.4,30,0.0,0.0,0.0,0.0,4.43,9.4
2005-02-04,0.1,3.5,-3.2,-4.9,-1.8,52,0.0,0.0,0.0,0.0,5.26,10.5
2005-02-05,-2.8,-0.5,-5.3,-8.7,-6.6,57,0.0,0.0,0.0,0.0,6.43,13.0
2005-02-06,-3.7,-1.3,-5.7,-8.7,-6.2,65,1.6,0.0,1.19,6.0,4.25,9.9
2005-02-07,-4.0,-2.4,-5.7,-8.1,-6.7,80,0.2,0.0,0.21,1.0,3.04,8.0
2005-02-08,-2.4,0.9,-5.2,-6.1,-1.8,73,0.0,0.0,0.0,0.0,2.9,7.5
2005-02-09,-3.1,-0.4,-7.6,-7.8,-5.8,63,0.2,0.0,0.28,2.0,5.44,11.0
2005-02-10,-4.9,-0.3,-8.5,-9.6,-4.9,44,0.0,0.0,0.0,0.0,3.19,8.5
2005-02-11,-2.1,2.0,-6.0,-6.2,-1.5,44,0.0,0.0,0.0,0.0,2.28,4.1
2005-02-12,-0.8,3.5,-4.3,-5.2,-1.4,59,0.0,0.0,0.0,0.0,4.2,9.5
2005-02-13,-0.3,5.3,-4.1,-4.3,1.0,74,0.0,0.0,0.0,0.0,4.03,8.5
2005-02-14,1.8,4.6,-0.1,-1.7,1.2,81,1.7,0.2,1.12,6.0,3.42,6.6
2005-02-15,-0.3,2.1,-2.6,-5.2,-1.6,95,17.3,2.7,10.29,22.0,6.77,12.2
2005-02-16,-2.3,-1.4,-3.5,-6.7,-5.8,86,0.0,0.0,0.0,0.0,4.25,8.2
2005-02-17,-2.8,-0.0,-4.7,-8.1,-5.5,71,0.2,0.0,0.35,2.0,6.85,13.3
2005-02-18,-3.4,-0.4,-6.3,-8.0,-5.5,68,0.0,0.0,0.0,0.0,4.92,11.1
2005-02-19,-6.6,-3.3,-9.8,-11.9,-8.6,34,0.0,0.0,0.0,0.0,5.57,11.8
2005-02-20,-5.3,0.0,-9.4,-9.9,-4.1,42,0.0,0.0,0.0,0.0,2.72,7.5
2005-02-21,0.1,5.4,-6.4,-4.9,0.7,54,0.0,0.0,0.0,0.0,6.77,13.4
2005-02-22,3.3,8.0,-0.3,-1.5,4.9,54,0.0,0.0,0.0,0.0,7.5,15.3
2005-02-23,-0.6,0.5,-1.6,-6.0,-4.7,58,0.0,0.0,0.14,0.0,5.38,11.9
2005-02-24,-1.1,-0.3,-3.3,-5.0,-3.8,77,0.0,0.0,0.35,0.0,3.86,7.2
2005-02-25,-2.5,0.9,-5.1,-7.2,-3.7,56,0.0,0.0,0.0,0.0,5.2,10.6
2005-02-26,-0.6,5.2,-6.0,-4.8,1.9,48,0.0,0.0,0.0,0.0,2.63,6.6
2005-02-27,3.3,8.7,-0.0,-0.9,5.4,51,0.0,0.0,0.0,0.0,3.79,8.6
2005-02-28,3.3,9.5,-1.1,-0.1,6.5,61,0.0,0.0,0.0,0.0,2.47,5.7
2005-03-01,3.8,9.2,-1.1,-0.1,4.8,65,0.5,0.5,0.0,2.0,4.83,10.3
2005-03-02,0.9,5.0,-1.9,-3.4,0.4,61,0.0,0.0,0.0,0.0,3.91,8.2
2005-03-03,1.9,7.6,-2.1,-2.5,3.6,52,0.5,0.4,0.07,2.0,4.1,11.1
2005-03-04,-1.1,1.7,-4.7,-6.4,-3.6,45,0.0,0.0,0.0,0.0,7.02,13.8
2005-03-05,0.7,7.2,-4.7,-3.8,2.4,38,0.0,0.0,0.0,0.0,3.42,8.1
2005-03-06,8.6,15.5,1.7,3.5,10.9,36,0.0,0.0,0.0,0.0,5.85,11.8
2005-03-07,7.6,12.2,0.9,3.4,8.2,50,0.0,0.0,0.0,0.0,5.5,11.6
2005-03-08,4.5,11.2,0.1,0.3,7.1,57,0.0,0.0,0.0,0.0,5.02,10.5
2005-03-09,6.6,13.4,0.5,3.7,10.7,68,0.0,0.0,0.0,0.0,4.1,10.4
2005-03-10,3.1,9.8,-3.2,-2.0,7.3,68,0.0,0.0,0.0,0.0,7.61,15.4
2005-03-11,-1.9,1.6,-5.0,-7.2,-3.8,38,0.0,0.0,0.0,0.0,5.56,12.1
2005-03-12,-1.2,3.5,-5.6,-6.4,-1.7,27,0.0,0.0,0.0,0.0,5.79,11.1
2005-03-13,2.1,8.8,-4.2,-2.8,4.0,27,0.0,0.0,0.0,0.0,4.52,10.0
2005-03-14,5.2,10.8,0.8,-0.0,4.8,38,0.1,0.1,0.0,1.0,6.25,12.0
2005-03-15,7.3,14.3,0.7,3.8,11.5,53,0.0,0.0,0.0,0.0,3.35,7.3
2005-03-16,9.5,13.8,4.9,5.9,9.8,57,0.0,0.0,0.0,0.0,4.1,9.9
2005-03-17,7.7,11.2,2.8,2.6,5.3,38,0.0,0.0,0.0,0.0,7.79,15.5
2005-03-18,4.7,9.7,0.0,0.5,7.0,28,0.0,0.0,0.0,0.0,3.09,6.5
2005-03-19,6.3,9.3,2.7,1.3,3.9,41,0.0,0.0,0.0,0.0,5.52,11.1
2005-03-20,9.0,15.4,4.5,6.0,13.4,53,0.0,0.0,0.0,0.0,3.42,6.3
2005-03-21,7.7,9.8,4.7,4.7,6.9,62,0.0,0.0,0.0,0.0,3.28,7.3
2005-03-22,7.4,12.5,2.0,4.7,9.6,68,0.0,0.0,0.0,0.0,2.79,7.7
2005-03-23,8.7,15.9,2.5,4.0,11.9,47,0.0,0.0,0.0,0.0,8.63,16.9
2005-03-24,4.1,8.7,-0.7,-1.3,4.0,21,0.0,0.0,0.0,0.0,6.0,12.5
2005-03-25,10.7,18.2,4.2,5.4,13.7,33,0.0,0.0,0.0,0.0,6.22,12.6
2005-03-26,13.8,19.6,9.0,10.1,17.0,42,0.0,0.0,0.0,0.0,4.54,10.1
2005-03-27,13.8,19.4,8.2,10.9,17.2,51,0.0,0.0,0.0,0.0,3.41,8.1
2005-03-28,10.6,13.9,3.6,6.5,9.0,46,0.0,0.0,0.0,0.0,6.54,14.9
2005-03-29,8.4,15.6,1.4,4.5,12.4,35,0.0,0.0,0.0,0.0,3.36,8.1
2005-03-30,12.5,19.7,6.1,8.2,15.9,36,0.0,0.0,0.0,0.0,5.76,12.1
2005-03-31,13.4,19.4,6.3,10.4,17.8,44,0.0,0.0,0.0,0.0,3.71,7.6
2005-04-01,10.1,16.9,4.1,7.4,14.4,53,0.0,0.0,0.0,0.0,2.28,5.9
2005-04-02,11.3,16.7,7.4,8.1,13.4,48,0.0,0.0,0.0,0.0,4.46,10.2
2005-04-03,13.0,18.9,5.8,9.7,16.7,40,0.0,0.0,0.0,0.0,5.38,9.6
2005-04-04,18.0,24.5,11.5,12.8,19.8,40,0.0,0.0,0.0,0.0,9.04,18.0
2005-04-05,21.2,26.6,15.9,17.7,23.2,50,0.0,0.0,0.0,0.0,9.44,17.3
2005-04-06,22.0,27.7,17.3,20.4,26.2,61,0.0,0.0,0.0,0.0,7.12,14.7
2005-04-07,18.3,22.0,13.0,13.8,21.2,35,0.4,0.4,0.0,2.0,7.65,15.7
2005-04-08,13.1,15.9,7.9,8.0,10.7,34,0.3,0.3,0.0,1.0,6.09,13.1
2005-04-09,8.2,13.3,4.7,4.5,9.0,67,6.0,6.0,0.0,11.0,4.9,12.3
2005-04-10,11.2,16.2,4.3,7.9,14.2,38,0.0,0.0,0.0,0.0,3.38,8.2
2005-04-11,12.6,17.4,6.2,10.2,16.7,47,0.0,0.0,0.0,0.0,3.18,5.8
2005-04-12,12.1,17.6,4.9,8.8,16.3,57,0.5,0.5,0.0,2.0,6.51,13.2
2005-04-13,13.2,19.9,4.9,9.0,15.4,46,0.0,0.0,0.0,0.0,7.16,14.4
2005-04-14,12.4,15.1,6.5,7.9,11.0,37,0.0,0.0,0.0,0.0,7.98,16.8
2005-04-15,11.8,18.4,4.1,8.5,16.7,38,0.0,0.0,0.0,0.0,3.79,7.3
2005-04-16,17.6,23.6,11.2,14.4,21.5,49,0.0,0.0,0.0,0.0,6.48,13.4
2005-04-17,20.3,25.8,16.5,18.3,24.7,52,0.4,0.4,0.0,2.0,6.45,13.9
2005-04-18,22.1,28.6,13.4,21.4,28.5,54,0.0,0.0,0.0,0.0,5.0,9.6
2005-04-19,18.1,22.7,10.5,14.9,20.6,44,3.4,3.4,0.0,7.0,7.92,15.8
2005-04-20,12.6,19.1,7.3,7.2,11.7,28,0.0,0.0,0.0,0.0,11.6,22.4
2005-04-21,14.1,20.8,7.5,10.1,17.1,30,0.0,0.0,0.0,0.0,4.87,10.5
2005-04-22,15.0,20.4,7.7,12.2,19.3,35,0.0,0.0,0.0,0.0,3.2,6.9
2005-04-23,17.5,22.6,10.2,13.5,18.3,42,0.0,0.0,0.0,0.0,7.67,16.3
2005-04-24,18.4,23.0,12.6,16.5,22.0,52,1.1,1.1,0.0,1.0,6.69,12.9
2005-04-25,17.3,23.6,10.8,15.2,22.1,52,0.9,0.9,0.0,2.0,4.38,15.8
2005-04-26,21.1,27.1,15.2,18.2,24.4,53,0.0,0.0,0.0,0.0,8.43,17.3
2005-04-27,24.6,30.5,17.9,23.7,30.8,51,0.0,0.0,0.0,0.0,6.79,12.5
2005-04-28,24.0,30.2,16.2,21.5,31.9,42,0.0,0.0,0.0,0.0,8.38,16.9
2005-04-29,23.2,30.1,16.4,23.4,32.1,54,0.0,0.0,0.0,0.0,4.11,9.0
2005-04-30,24.5,29.3,19.1,26.3,31.3,67,0.0,0.0,0.0,0.0,2.82,6.8
2005-05-01,19.1,23.7,10.7,15.6,26.5,37,2.7,2.7,0.0,3.0,9.13,18.3
2005-05-02,17.8,25.1,8.6,14.9,23.1,41,0.0,0.0,0.0,0.0,5.08,9.7
2005-05-03,20.8,25.7,16.1,17.3,23.0,36,0.0,0.0,0.0,0.0,5.92,12.3
2005-05-04,21.6,26.8,15.7,21.2,27.6,55,1.8,1.8,0.0,5.0,4.68,9.5
2005-05-05,15.1,19.2,8.4,13.9,20.4,79,12.3,12.3,0.0,14.0,8.8,18.3
2005-05-06,15.2,20.3,8.8,11.7,19.5,34,0.0,0.0,0.0,0.0,7.28,13.4
2005-05-07,19.5,24.0,14.8,16.4,24.2,46,0.1,0.1,0.0,1.0,8.97,18.3
2005-05-08,17.4,22.3,10.2,13.8,19.9,25,0.0,0.0,0.0,0.0,6.72,14.5
2005-05-09,16.6,21.1,10.9,13.2,18.9,38,0.0,0.0,0.0,0.0,5.77,11.8
2005-05-10,14.8,20.6,9.7,11.9,18.6,58,14.6,14.6,0.0,7.0,5.81,18.6
2005-05-11,16.3,20.9,12.2,15.4,20.1,69,0.0,0.0,0.0,0.0,4.11,8.8
2005-05-12,19.1,25.8,11.0,17.6,25.2,58,0.0,0.0,0.0,0.0,5.52,11.0
2005-05-13,20.0,23.8,16.4,19.5,24.8,60,0.0,0.0,0.0,0.0,4.54,8.9
2005-05-14,20.2,26.1,12.8,19.7,27.1,59,0.0,0.0,0.0,0.0,3.81,7.9
2005-05-15,20.7,26.2,14.1,20.8,26.1,65,0.0,0.0,0.0,0.0,5.55,11.5
2005-05-16,18.7,20.6,17.5,19.7,21.8,85,5.5,5.5,0.0,9.0,3.11,5.0
2005-05-17,14.8,17.5,11.0,13.7,19.0,88,22.2,22.2,0.0,17.0,5.85,11.4
2005-05-18,17.6,24.6,8.3,16.5,24.3,66,0.0,0.0,0.0,0.0,4.12,8.4
2005-05-19,21.8,27.2,16.5,21.9,28.4,56,0.0,0.0,0.0,0.0,3.51,6.9
2005-05-20,21.6,27.2,15.9,21.7,28.1,60,0.2,0.2,0.0,1.0,3.11,6.8
2005-05-21,21.2,25.7,15.8,20.4,24.7,59,1.9,1.9,0.0,3.0,5.22,11.1
2005-05-22,21.4,28.0,13.7,21.1,28.4,56,0.0,0.0,0.0,0.0,3.31,7.5
2005-05-23,22.9,28.3,16.6,22.0,28.5,40,0.0,0.0,0.0,0.0,2.65,5.8
2005-05-24,23.8,29.6,16.8,23.4,30.2,49,0.0,0.0,0.0,0.0,4.08,9.2
2005-05-25,23.3,28.0,19.8,21.7,27.1,48,0.0,0.0,0.0,0.0,5.91,12.8
2005-05-26,24.0,28.5,19.8,23.2,29.9,44,0.0,0.0,0.0,0.0,3.92,8.2
2005-05-27,21.9,27.0,17.0,21.4,28.5,52,0.3,0.3,0.0,1.0,3.31,8.8
2005-05-28,22.9,29.0,15.8,22.8,29.2,52,0.0,0.0,0.0,0.0,3.86,7.5
2005-05-29,22.9,27.2,18.5,22.5,26.9,60,0.3,0.3,0.0,1.0,6.55,13.1
2005-05-30,25.3,29.6,21.6,25.3,31.5,55,0.0,0.0,0.0,0.0,5.68,12.2
2005-05-31,25.9,29.8,22.1,26.3,31.0,57,0.0,0.0,0.0,0.0,5.33,12.3
2005-06-01,26.1,31.9,20.0,25.6,30.8,48,0.0,0.0,0.0,0.0,5.83,11.7
2005-06-02,25.1,31.4,18.4,23.8,30.3,40,0.0,0.0,0.0,0.0,4.75,10.3
2005-06-03,26.4,32.8,18.3,26.1,34.0,40,0.0,0.0,0.0,0.0,4.95,9.3
2005-06-04,26.6,32.3,19.8,25.5,32.7,37,0.0,0.0,0.0,0.0,4.04,9.0
2005-06-05,24.9,29.5,20.6,24.8,29.9,50,0.1,0.1,0.0,1.0,3.81,9.1
2005-06-06,23.9,28.5,19.2,25.3,31.0,64,2.2,2.2,0.0,4.0,4.04,7.2
2005-06-07,25.0,30.2,19.8,24.7,30.4,54,0.0,0.0,0.0,0.0,5.95,11.6
2005-06-08,25.7,30.5,21.4,25.9,32.2,52,0.0,0.0,0.0,0.0,4.44,9.8
2005-06-09,21.5,24.4,18.1,23.3,24.6,80,9.6,9.6,0.0,11.0,3.67,7.2
2005-06-10,22.8,29.4,18.3,25.1,32.1,74,0.0,0.0,0.0,0.0,3.04,6.0
2005-06-11,27.8,33.6,21.6,28.7,35.1,54,0.0,0.0,0.0,0.0,5.19,10.9
2005-06-12,29.9,36.0,24.2,28.8,34.0,41,0.0,0.0,0.0,0.0,6.77,14.0
2005-06-13,29.5,34.6,25.6,26.7,30.8,31,0.0,0.0,0.0,0.0,8.79,16.8
2005-06-14,27.2,33.9,20.4,28.2,37.0,51,0.8,0.8,0.0,4.0,4.62,10.1
2005-06-15,26.7,34.5,19.2,26.4,32.8,47,0.0,0.0,0.0,0.0,4.54,10.0
2005-06-16,28.3,35.5,20.7,29.0,38.1,48,0.0,0.0,0.0,0.0,5.02,13.4
2005-06-17,30.5,36.5,25.5,30.3,36.6,42,0.9,0.9,0.0,1.0,6.41,13.8
2005-06-18,28.2,33.3,23.3,31.0,38.9,57,0.1,0.1,0.0,1.0,3.82,9.5
2005-06-19,27.9,34.1,20.9,30.1,37.1,57,0.0,0.0,0.0,0.0,4.61,9.7
2005-06-20,28.5,32.9,24.2,30.7,37.0,59,9.0,9.0,0.0,2.0,5.6,12.3
2005-06-21,28.9,35.9,22.5,30.8,38.4,53,0.0,0.0,0.0,0.0,3.67,7.0
2005-06-22,30.6,36.0,25.0,31.6,37.8,46,0.0,0.0,0.0,0.0,4.93,11.3
2005-06-23,33.0,38.5,27.8,33.5,39.4,40,0.0,0.0,0.0,0.0,5.59,12.0
2005-06-24,32.5,37.1,27.7,32.5,37.2,38,0.0,0.0,0.0,0.0,6.36,13.3
2005-06-25,30.0,33.4,24.7,31.1,34.9,49,0.1,0.1,0.0,1.0,4.85,9.8
2005-06-26,20.6,24.2,18.4,21.8,27.7,89,33.4,33.4,0.0,15.0,6.19,14.1
2005-06-27,22.3,26.0,19.4,24.6,28.3,79,0.0,0.0,0.0,0.0,2.13,4.7
2005-06-28,25.3,30.5,20.6,29.0,35.1,76,7.8,7.8,0.0,5.0,2.0,6.6
2005-06-29,27.1,33.1,22.1,29.3,35.2,68,11.3,11.3,0.0,4.0,5.41,12.4
2005-06-30,28.1,32.1,23.3,31.9,37.2,75,15.5,15.5,0.0,10.0,6.3,12.0
2005-07-01,27.9,31.7,25.6,31.4,35.6,77,2.5,2.5,0.0,3.0,5.41,13.0
2005-07-02,26.3,29.0,23.9,31.2,34.8,88,55.7,55.7,0.0,22.0,3.93,8.4
2005-07-03,25.4,28.9,21.6,29.0,32.2,79,10.9,10.9,0.0,9.0,3.66,10.6
2005-07-04,27.5,32.4,22.8,30.3,37.3,69,0.0,0.0,0.0,0.0,4.97,10.6
2005-07-05,28.0,32.9,24.5,30.9,37.7,66,0.0,0.0,0.0,0.0,4.64,10.7
2005-07-06,28.7,33.8,24.5,32.1,37.6,69,0.0,0.0,0.0,0.0,4.75,9.1
2005-07-07,27.8,32.5,22.3,32.3,39.0,72,0.0,0.0,0.0,0.0,3.32,7.3
2005-07-08,27.7,31.2,24.3,32.2,36.1,75,0.1,0.1,0.0,1.0,2.92,6.9
2005-07-09,27.7,32.4,23.0,31.7,37.5,73,0.0,0.0,0.0,0.0,3.58,7.1
2005-07-10,26.1,29.7,23.5,29.5,33.5,77,3.2,3.2,0.0,3.0,4.63,9.3
2005-07-11,27.0,31.8,22.6,30.8,37.6,70,0.0,0.0,0.0,0.0,3.1,5.4
2005-07-12,25.8,30.0,21.0,29.2,34.8,77,17.6,17.6,0.0,5.0,3.45,8.2
2005-07-13,26.8,31.0,22.3,29.7,34.3,74,0.0,0.0,0.0,0.0,5.34,9.7
2005-07-14,28.2,31.9,25.3,31.3,35.9,71,0.0,0.0,0.0,0.0,6.51,12.5
2005-07-15,28.4,32.9,25.4,33.0,38.1,73,1.1,1.1,0.0,2.0,3.0,7.4
2005-07-16,27.0,31.0,24.5,31.8,36.4,79,9.6,9.6,0.0,9.0,2.88,8.9
2005-07-17,25.8,29.5,23.8,29.8,33.8,82,17.6,17.6,0.0,12.0,3.73,7.8
2005-07-18,27.9,31.4,24.4,33.0,36.7,77,0.3,0.3,0.0,2.0,2.0,5.9
2005-07-19,28.9,33.2,24.6,34.1,39.3,74,0.0,0.0,0.0,0.0,3.08,8.1
2005-07-20,29.5,33.9,25.5,34.3,39.7,71,0.0,0.0,0.0,0.0,2.86,7.1
2005-07-21,29.0,33.5,23.5,33.3,39.1,68,0.0,0.0,0.0,0.0,2.58,5.3
2005-07-22,28.8,31.9,26.3,33.4,37.6,71,1.2,1.2,0.0,4.0,2.84,7.2
2005-07-23,27.0,29.3,25.1,32.6,35.5,85,12.3,12.3,0.0,19.0,2.22,5.8
2005-07-24,24.8,26.6,23.0,29.2,30.6,89,14.3,14.3,0.0,15.0,3.22,8.1
2005-07-25,24.8,28.7,21.1,27.2,30.8,77,0.0,0.0,0.0,0.0,3.98,8.2
2005-07-26,25.4,29.4,21.5,29.3,34.0,76,0.0,0.0,0.0,0.0,1.84,4.8
2005-07-27,25.7,28.3,23.2,29.6,32.2,78,0.0,0.0,0.0,0.0,2.33,6.1
2005-07-28,27.1,32.0,22.9,31.4,36.8,72,0.0,0.0,0.0,0.0,2.11,5.3
2005-07-29,28.5,33.5,23.9,32.7,38.3,69,0.0,0.0,0.0,0.0,2.64,5.7
2005-07-30,28.0,31.8,26.0,31.5,34.1,71,1.7,1.7,0.0,5.0,4.1,9.7
2005-07-31,25.2,27.0,23.6,28.9,30.6,86,9.7,9.7,0.0,9.0,4.31,11.4
2005-08-01,27.7,32.0,24.1,32.3,37.1,80,6.7,6.7,0.0,3.0,4.24,9.6
2005-08-02,26.7,32.1,23.8,31.3,38.6,78,7.5,7.5,0.0,7.0,4.4,7.7
2005-08-03,24.4,28.5,22.0,28.5,33.7,87,11.1,11.1,0.0,11.0,3.72,8.9
2005-08-04,24.8,28.5,21.9,28.8,32.7,84,0.5,0.5,0.0,4.0,2.6,6.7
2005-08-05,25.3,29.4,21.5,29.4,33.0,83,1.4,1.4,0.0,3.0,2.22,5.7
2005-08-06,25.1,28.7,22.9,29.2,33.1,86,3.0,3.0,0.0,10.0,3.83,7.9
2005-08-07,25.6,29.2,22.2,28.6,31.7,82,5.7,5.7,0.0,6.0,5.88,14.5
2005-08-08,23.8,25.5,22.4,25.7,26.9,88,21.6,21.6,0.0,17.0,6.94,14.9
2005-08-09,26.5,30.0,22.2,29.5,33.7,79,1.0,1.0,0.0,1.0,5.32,12.2
2005-08-10,27.7,30.4,26.3,31.0,34.5,79,1.1,1.1,0.0,5.0,5.98,12.8
2005-08-11,29.8,33.6,25.7,34.7,39.5,77,0.0,0.0,0.0,0.0,5.81,11.4
2005-08-12,31.7,34.7,29.3,36.4,39.6,70,0.0,0.0,0.0,0.0,6.58,13.1
2005-08-13,31.4,34.9,28.6,36.9,41.2,72,0.0,0.0,0.0,0.0,4.9,10.3
2005-08-14,30.6,34.6,27.6,36.8,40.9,75,0.0,0.0,0.0,0.0,2.94,6.4
2005-08-15,30.2,34.4,26.6,36.4,41.1,76,0.0,0.0,0.0,0.0,2.02,4.6
2005-08-16,28.4,33.1,23.2,33.8,40.0,80,4.8,4.8,0.0,10.0,4.82,10.1
2005-08-17,18.8,22.7,17.1,19.3,25.3,94,13.5,13.5,0.0,23.0,5.75,11.3
2005-08-18,20.8,25.7,16.5,20.6,24.6,72,0.0,0.0,0.0,0.0,6.19,11.9
2005-08-19,21.5,27.5,17.0,21.6,27.4,67,0.0,0.0,0.0,0.0,4.34,9.1
2005-08-20,22.1,27.8,15.5,22.8,29.4,65,0.0,0.0,0.0,0.0,3.05,8.1
2005-08-21,23.0,27.1,19.1,24.3,27.7,67,0.0,0.0,0.0,0.0,2.64,6.4
2005-08-22,23.8,29.2,18.5,25.3,30.6,70,0.0,0.0,0.0,0.0,3.76,8.6
2005-08-23,21.6,25.0,18.1,23.5,26.7,83,1.5,1.5,0.0,4.0,3.5,7.5
2005-08-24,22.7,27.2,19.0,24.2,28.1,76,0.0,0.0,0.0,0.0,4.88,11.1
2005-08-25,22.7,28.5,15.8,24.3,30.5,70,0.0,0.0,0.0,0.0,2.22,5.6
2005-08-26,24.6,29.0,20.3,25.6,30.4,65,0.0,0.0,0.0,0.0,5.02,10.5
2005-08-27,25.9,30.5,22.4,27.7,33.4,66,0.0,0.0,0.0,0.0,4.03,8.8
2005-08-28,26.4,31.6,22.6,29.3,35.3,69,0.0,0.0,0.0,0.0,3.04,7.1
2005-08-29,23.9,26.4,20.1,26.7,29.6,76,0.7,0.7,0.0,3.0,2.11,6.6
2005-08-30,23.9,30.1,18.3,25.0,31.7,63,0.0,0.0,0.0,0.0,3.92,9.9
2005-08-31,25.1,31.2,19.0,27.4,33.6,67,0.0,0.0,0.0,0.0,2.42,7.0
2005-09-01,26.5,31.3,22.0,29.7,35.0,71,0.0,0.0,0.0,0.0,3.26,6.1
2005-09-02,23.1,25.5,18.9,22.8,27.2,64,0.9,0.9,0.0,4.0,5.91,12.8
2005-09-03,21.9,28.2,16.8,21.1,27.2,52,0.0,0.0,0.0,0.0,3.83,9.4
2005-09-04,21.8,29.1,13.9,20.3,26.9,46,0.0,0.0,0.0,0.0,3.86,8.7
2005-09-05,22.4,28.8,17.4,21.4,27.2,48,0.0,0.0,0.0,0.0,3.27,8.2
2005-09-06,22.4,29.8,15.1,22.1,29.3,56,0.0,0.0,0.0,0.0,3.69,8.7
2005-09-07,23.1,30.1,17.3,23.6,31.1,56,0.0,0.0,0.0,0.0,2.5,4.9
2005-09-08,23.7,30.4,18.0,24.6,31.8,58,0.0,0.0,0.0,0.0,2.18,4.9
2005-09-09,24.7,31.1,19.2,26.0,33.0,62,0.0,0.0,0.0,0.0,2.68,6.5
2005-09-10,25.5,31.7,21.0,26.7,33.6,61,0.0,0.0,0.0,0.0,3.63,8.3
2005-09-11,25.3,31.3,20.9,27.2,34.1,64,0.0,0.0,0.0,0.0,2.77,6.7
2005-09-12,24.0,30.5,18.9,25.9,32.4,73,3.3,3.3,0.0,3.0,3.67,9.8
2005-09-13,23.8,28.9,19.8,25.0,30.0,66,0.0,0.0,0.0,0.0,3.65,8.2
2005-09-14,22.5,27.5,19.3,22.5,27.9,53,0.0,0.0,0.0,0.0,1.84,5.3
2005-09-15,21.6,24.1,18.9,22.4,24.0,69,3.3,3.3,0.0,6.0,3.6,8.0
2005-09-16,21.8,24.5,20.1,24.1,26.6,84,38.9,38.9,0.0,8.0,3.38,9.6
2005-09-17,22.1,26.5,16.6,21.9,24.6,60,0.0,0.0,0.0,0.0,4.92,11.0
2005-09-18,22.3,28.7,16.3,23.4,30.9,68,0.9,0.9,0.0,1.0,3.6,7.0
2005-09-19,18.5,19.9,17.4,19.8,21.5,91,27.2,27.2,0.0,23.0,2.95,8.9
2005-09-20,16.3,18.8,14.3,15.2,20.2,91,45.0,45.0,0.0,24.0,6.45,12.5
2005-09-21,16.8,20.8,13.4,15.4,18.7,80,21.4,21.4,0.0,9.0,6.72,13.8
2005-09-22,17.2,23.0,12.1,16.6,22.4,68,0.0,0.0,0.0,0.0,2.78,7.3
2005-09-23,18.4,24.7,13.2,18.3,25.4,68,0.0,0.0,0.0,0.0,2.38,4.9
2005-09-24,19.4,25.3,14.0,19.4,25.9,69,0.0,0.0,0.0,0.0,2.91,6.2
2005-09-25,19.6,23.7,15.8,20.1,24.2,75,0.1,0.1,0.0,1.0,3.66,8.7
2005-09-26,18.4,23.0,13.7,19.2,23.6,79,0.0,0.0,0.0,0.0,1.79,4.0
2005-09-27,19.4,22.9,16.9,20.6,23.4,80,0.0,0.0,0.0,0.0,2.56,5.8
2005-09-28,18.8,21.1,17.3,20.3,22.4,88,5.5,5.5,0.0,11.0,3.72,7.6
2005-09-29,19.0,19.9,18.0,21.0,22.1,93,5.9,5.9,0.0,12.0,2.94,5.9
2005-09-30,19.4,21.7,17.5,21.0,22.6,88,3.3,3.3,0.0,4.0,3.23,6.5
2005-10-01,19.8,22.4,17.9,21.6,24.6,87,1.5,1.5,0.0,5.0,2.67,6.3
2005-10-02,17.6,20.5,14.1,17.0,20.0,73,0.9,0.9,0.0,5.0,6.94,13.3
2005-10-03,15.0,18.5,12.3,13.7,16.9,62,0.0,0.0,0.0,0.0,2.12,4.4
2005-10-04,16.3,23.4,10.1,15.3,22.5,67,0.0,0.0,0.0,0.0,2.48,6.0
2005-10-05,17.4,23.7,13.0,16.0,22.3,62,0.0,0.0,0.0,0.0,3.62,8.5
2005-10-06,16.6,20.7,14.3,16.5,20.2,81,14.9,14.9,0.0,10.0,3.94,9.6
2005-10-07,16.9,21.1,12.1,16.1,18.6,73,0.3,0.3,0.0,2.0,4.68,10.2
2005-10-08,16.2,23.0,10.7,14.9,21.0,63,0.0,0.0,0.0,0.0,3.16,7.4
2005-10-09,16.5,23.6,11.4,15.1,21.9,65,0.0,0.0,0.0,0.0,3.42,8.2
2005-10-10,16.4,23.1,12.0,14.9,21.4,63,0.0,0.0,0.0,0.0,3.79,8.6
2005-10-11,16.6,23.7,11.3,15.7,22.7,67,0.0,0.0,0.0,0.0,2.38,5.3
2005-10-12,16.8,20.2,13.7,16.7,20.2,75,1.2,1.2,0.0,5.0,2.41,5.1
2005-10-13,14.8,18.8,11.2,14.0,18.7,77,0.4,0.4,0.0,3.0,5.57,11.5
2005-10-14,12.8,17.7,8.5,9.6,13.9,51,0.0,0.0,0.0,0.0,4.36,8.4
2005-10-15,14.2,21.6,8.6,11.5,19.4,52,0.0,0.0,0.0,0.0,4.22,8.4
2005-10-16,16.8,23.7,12.4,14.0,20.8,49,0.0,0.0,0.0,0.0,5.02,10.8
2005-10-17,15.1,21.0,10.5,12.9,18.6,66,0.0,0.0,0.0,0.0,5.2,10.6
2005-10-18,15.1,20.3,10.7,13.7,19.9,63,0.0,0.0,0.0,0.0,3.71,6.8
2005-10-19,16.0,20.3,12.6,15.0,18.7,67,0.3,0.3,0.0,1.0,1.99,5.6
2005-10-20,15.9,19.1,13.5,14.6,16.8,68,0.3,0.3,0.0,2.0,4.05,8.2
2005-10-21,10.8,13.4,5.0,7.2,11.4,66,0.2,0.2,0.0,1.0,7.23,14.2
2005-10-22,8.4,14.4,3.4,5.6,12.4,60,0.0,0.0,0.0,0.0,2.39,5.6
2005-10-23,12.1,18.5,6.9,9.1,15.9,60,0.0,0.0,0.0,0.0,4.29,9.4
2005-10-24,15.3,23.1,10.9,13.4,20.9,67,0.0,0.0,0.0,0.0,3.83,7.6
2005-10-25,14.8,21.9,10.4,13.2,19.8,67,0.0,0.0,0.0,0.0,3.04,7.9
2005-10-26,15.1,21.4,10.8,13.0,19.1,58,0.0,0.0,0.0,0.0,3.07,7.7
2005-10-27,13.5,17.4,8.8,11.7,14.6,74,1.1,1.1,0.0,4.0,4.35,9.3
2005-10-28,9.9,14.5,6.1,6.7,10.6,56,0.0,0.0,0.0,0.0,3.83,9.2
2005-10-29,9.6,16.1,5.5,6.3,11.9,52,0.0,0.0,0.0,0.0,4.18,8.7
2005-10-30,9.5,17.2,4.2,6.2,13.7,54,0.0,0.0,0.0,0.0,3.0,7.2
2005-10-31,12.5,19.4,6.3,8.8,15.1,46,0.0,0.0,0.0,0.0,4.98,10.6
2005-11-01,14.7,19.4,11.1,11.0,15.7,48,0.0,0.0,0.0,0.0,5.22,11.0
2005-11-02,15.8,20.9,12.5,13.5,18.4,57,0.1,0.1,0.0,1.0,3.9,8.5
2005-11-03,16.0,22.9,11.6,14.7,21.6,68,0.0,0.0,0.0,0.0,2.64,7.1
2005-11-04,16.3,22.6,12.5,15.6,22.7,71,0.0,0.0,0.0,0.0,2.25,5.0
2005-11-05,14.9,18.9,11.9,14.4,18.8,81,2.7,2.7,0.0,7.0,5.16,9.8
2005-11-06,11.1,15.1,6.8,6.9,11.9,30,0.0,0.0,0.0,0.0,4.24,8.7
2005-11-07,13.3,19.2,8.9,9.1,14.8,38,0.0,0.0,0.0,0.0,5.12,10.1
2005-11-08,11.1,17.3,6.4,8.0,14.2,43,0.0,0.0,0.0,0.0,2.42,6.3
2005-11-09,13.6,19.6,8.4,11.0,17.2,63,0.0,0.0,0.0,0.0,4.8,10.5
2005-11-10,14.0,20.3,10.2,11.9,17.7,63,0.0,0.0,0.0,0.0,3.53,6.4
2005-11-11,12.3,19.3,7.8,9.6,16.3,54,0.0,0.0,0.0,0.0,2.7,5.9
2005-11-12,12.1,17.4,7.2,10.1,15.3,69,0.0,0.0,0.0,0.0,3.26,7.9
2005-11-13,8.5,11.5,4.4,5.1,9.2,81,1.6,1.6,0.0,6.0,6.22,12.4
2005-11-14,6.2,11.1,2.3,3.3,7.7,65,0.0,0.0,0.0,0.0,2.27,5.2
2005-11-15,6.0,11.5,2.3,3.0,8.1,63,0.0,0.0,0.0,0.0,2.02,5.5
2005-11-16,5.8,12.0,1.3,2.5,8.6,63,0.0,0.0,0.0,0.0,2.61,6.0
2005-11-17,6.7,12.4,4.0,3.3,8.9,63,0.0,0.0,0.0,0.0,2.98,8.1
2005-11-18,6.8,12.4,3.6,4.3,10.1,73,0.0,0.0,0.0,0.0,2.01,5.9
2005-11-19,6.4,10.5,3.2,4.2,8.2,78,1.9,1.9,0.0,5.0,1.84,6.0
2005-11-20,5.5,9.2,3.4,2.9,5.8,83,0.0,0.0,0.0,0.0,2.98,8.1
2005-11-21,4.0,7.9,0.2,1.3,4.9,81,0.0,0.0,0.0,0.0,2.0,5.5
2005-11-22,5.0,11.6,0.3,1.3,7.1,66,0.0,0.0,0.0,0.0,3.91,8.2
2005-11-23,6.6,12.5,3.2,2.9,8.4,59,0.0,0.0,0.0,0.0,3.42,6.8
2005-11-24,7.5,14.1,3.1,3.5,9.3,48,0.0,0.0,0.0,0.0,3.67,7.7
2005-11-25,8.3,15.3,3.1,4.6,11.1,53,0.0,0.0,0.0,0.0,3.34,7.3
2005-11-26,7.2,13.5,3.4,3.2,9.2,49,0.0,0.0,0.0,0.0,3.16,7.0
2005-11-27,9.2,14.7,3.9,5.3,10.3,50,0.0,0.0,0.0,0.0,4.49,9.0
2005-11-28,8.0,11.1,2.6,2.6,8.6,34,0.0,0.0,0.0,0.0,8.24,16.1
2005-11-29,5.7,11.6,2.3,1.0,7.2,36,0.0,0.0,0.0,0.0,4.98,9.2
2005-11-30,7.3,13.9,2.2,3.1,9.1,46,0.0,0.0,0.0,0.0,3.82,9.1
2005-12-01,5.0,8.7,1.7,0.5,3.4,49,0.0,0.0,0.0,0.0,4.57,10.3
2005-12-02,3.0,8.1,-1.9,-0.8,4.3,64,0.0,0.0,0.0,0.0,2.62,6.2
2005-12-03,2.0,4.9,-4.1,-2.8,0.9,59,0.3,0.0,0.21,1.0,5.94,12.5
2005-12-04,-5.2,-2.9,-7.0,-11.3,-9.6,29,0.0,0.0,0.0,0.0,6.86,13.6
2005-12-05,-4.6,-0.0,-7.8,-9.8,-5.3,36,0.0,0.0,0.0,0.0,4.27,9.0
2005-12-06,-3.6,0.1,-7.0,-7.8,-4.8,42,0.0,0.0,0.0,0.0,2.26,6.1
2005-12-07,-4.1,1.2,-7.5,-8.1,-2.9,51,0.0,0.0,0.0,0.0,2.15,4.3
2005-12-08,-2.3,4.8,-7.5,-6.5,0.5,56,0.0,0.0,0.0,0.0,2.05,5.4
2005-12-09,-0.6,5.5,-4.2,-4.5,1.5,62,0.0,0.0,0.0,0.0,2.69,5.2
2005-12-10,-1.4,1.3,-5.0,-6.4,-4.5,69,0.0,0.0,0.0,0.0,6.02,12.4
2005-12-11,-4.7,-1.4,-7.6,-9.4,-6.4,37,0.0,0.0,0.0,0.0,2.94,6.1
2005-12-12,-5.3,-1.2,-8.8,-10.1,-6.3,44,0.0,0.0,0.0,0.0,3.18,7.1
2005-12-13,-5.6,-0.8,-9.3,-10.3,-5.9,43,0.0,0.0,0.0,0.0,2.97,7.3
2005-12-14,-5.8,-0.8,-9.5,-10.6,-6.0,40,0.0,0.0,0.0,0.0,3.55,7.9
2005-12-15,-3.6,2.6,-7.8,-8.9,-3.1,30,0.0,0.0,0.0,0.0,3.92,8.7
2005-12-16,-2.4,3.0,-7.3,-7.0,-1.8,31,0.0,0.0,0.0,0.0,2.44,5.7
2005-12-17,-3.8,0.9,-7.6,-8.9,-3.6,29,0.0,0.0,0.0,0.0,4.27,9.5
2005-12-18,-1.9,4.7,-6.3,-7.3,-0.8,35,0.0,0.0,0.0,0.0,4.84,10.6
2005-12-19,-1.6,5.5,-7.3,-5.9,1.1,45,0.0,0.0,0.0,0.0,3.11,5.1
2005-12-20,-3.0,2.2,-6.9,-7.5,-3.1,48,0.0,0.0,0.0,0.0,4.51,9.3
2005-12-21,-5.6,-2.8,-7.8,-11.8,-9.3,23,0.0,0.0,0.0,0.0,7.86,14.8
2005-12-22,0.2,7.5,-6.7,-5.9,0.9,27,0.0,0.0,0.0,0.0,6.79,12.6
2005-12-23,1.8,9.0,-3.6,-2.7,4.1,47,0.0,0.0,0.0,0.0,3.55,8.2
2005-12-24,2.3,8.1,-3.8,-2.9,2.1,55,0.0,0.0,0.0,0.0,6.84,13.6
2005-12-25,0.6,6.9,-4.0,-3.3,2.6,67,0.0,0.0,0.0,0.0,3.14,7.5
2005-12-26,-0.6,5.5,-5.1,-4.2,2.4,69,0.0,0.0,0.0,0.0,2.0,4.6
2005-12-27,0.4,5.4,-2.3,-3.0,2.0,68,0.0,0.0,0.0,0.0,2.2,4.4
2005-12-28,1.4,5.6,-2.5,-2.0,2.6,69,0.0,0.0,0.0,0.0,2.12,5.2
2005-12-29,1.3,4.0,-1.4,-1.8,0.6,77,0.0,0.0,0.0,0.0,2.35,5.1
2005-12-30,-1.1,0.2,-2.1,-5.1,-4.3,88,1.4,0.0,0.98,4.0,4.3,8.8
2005-12-31,-1.4,0.3,-2.4,-4.9,-2.9,89,3.2,0.0,2.31,9.0,3.2,6.3
2006-01-01,-0.7,2.4,-2.7,-4.1,-1.1,89,0.0,0.0,0.0,0.0,2.42,6.4
2006-01-02,-0.7,3.3,-3.1,-4.2,-0.3,83,0.0,0.0,0.0,0.0,2.28,4.7
2006-01-03,-0.9,2.4,-4.5,-4.6,-1.0,79,0.2,0.0,0.21,2.0,3.58,7.4
2006-01-04,-2.7,-0.9,-7.4,-8.3,-5.3,62,0.2,0.0,0.56,2.0,6.28,13.1
2006-01-05,-6.9,-5.0,-9.3,-11.8,-10.0,32,0.0,0.0,0.0,0.0,2.73,6.5
2006-01-06,-5.2,-0.2,-8.7,-10.2,-5.8,38,0.0,0.0,0.0,0.0,3.28,7.7
2006-01-07,-3.2,3.0,-7.4,-7.8,-1.8,38,0.0,0.0,0.0,0.0,2.66,6.2
2006-01-08,-1.2,3.8,-4.1,-6.1,-1.5,49,0.0,0.0,0.0,0.0,4.49,9.7
2006-01-09,-0.8,6.1,-6.0,-4.9,2.0,57,0.0,0.0,0.0,0.0,2.82,5.3
2006-01-10,0.0,5.9,-5.2,-4.1,1.2,61,0.0,0.0,0.0,0.0,4.02,8.5
2006-01-11,-0.1,5.4,-3.8,-3.6,2.1,72,0.0,0.0,0.0,0.0,3.02,4.8
2006-01-12,-0.6,0.8,-2.5,-3.6,-2.2,82,0.0,0.0,0.0,0.0,1.92,4.2
2006-01-13,0.8,4.3,-2.3,-2.5,0.7,79,0.0,0.0,0.0,0.0,2.47,6.7
2006-01-14,1.1,5.9,-3.2,-2.5,2.7,66,0.0,0.0,0.0,0.0,2.28,4.9
2006-01-15,2.8,7.2,-0.4,-0.6,4.4,67,0.0,0.0,0.0,0.0,2.82,6.5
2006-01-16,2.2,7.1,-0.9,-0.8,4.7,74,0.0,0.0,0.0,0.0,2.83,5.7
2006-01-17,0.2,2.5,-1.9,-3.7,-1.1,86,0.0,0.0,0.07,0.0,4.0,7.4
2006-01-18,-1.8,0.0,-3.2,-6.4,-4.8,80,0.0,0.0,0.0,0.0,4.5,9.7
2006-01-19,-1.8,1.1,-4.4,-6.6,-4.0,70,0.0,0.0,0.0,0.0,4.47,10.4
2006-01-20,-0.5,2.8,-2.5,-4.4,-1.5,65,0.0,0.0,0.28,0.0,2.8,6.7
2006-01-21,0.6,4.4,-2.5,-3.1,0.3,60,0.0,0.0,0.0,0.0,2.53,6.4
2006-01-22,0.2,5.2,-3.6,-3.5,1.3,62,0.0,0.0,0.0,0.0,2.92,6.3
2006-01-23,-0.6,5.7,-4.9,-4.7,1.3,65,0.0,0.0,0.0,0.0,3.5,7.8
2006-01-24,1.5,6.1,-1.9,-3.1,0.9,58,0.0,0.0,0.0,0.0,4.56,10.0
2006-01-25,0.7,5.8,-2.8,-3.1,1.9,58,0.0,0.0,0.0,0.0,2.41,6.3
2006-01-26,2.1,7.8,-3.7,-2.2,3.5,61,0.0,0.0,0.0,0.0,4.55,9.8
2006-01-27,2.3,9.1,-3.1,-1.2,5.9,70,0.0,0.0,0.0,0.0,2.93,5.2
2006-01-28,2.3,8.2,-1.5,-1.6,3.9,71,0.0,0.0,0.0,0.0,3.79,9.0
2006-01-29,2.1,3.2,0.5,-1.6,-0.2,79,0.0,0.0,0.0,0.0,5.26,10.0
2006-01-30,-1.5,0.4,-5.1,-6.6,-4.6,68,0.8,0.0,0.77,3.0,5.66,11.4
2006-01-31,-3.6,-0.6,-6.4,-7.1,-4.2,85,0.1,0.0,0.14,1.0,1.77,4.7
2006-02-01,-2.2,1.3,-4.6,-6.3,-3.1,78,0.0,0.0,0.0,0.0,3.55,8.2
2006-02-02,-2.0,2.3,-8.1,-6.9,-3.0,60,0.1,0.0,0.28,1.0,7.03,13.2
2006-02-03,-7.6,-4.8,-9.9,-13.2,-10.0,37,0.0,0.0,0.0,0.0,4.97,10.3
2006-02-04,-5.4,0.4,-11.1,-9.6,-3.4,42,0.0,0.0,0.0,0.0,1.77,5.9
2006-02-05,-2.7,-0.9,-4.3,-6.9,-5.7,65,1.6,0.0,1.26,10.0,3.26,8.1
2006-02-06,-2.3,1.6,-5.6,-7.0,-2.9,83,1.3,0.6,0.56,4.0,7.16,13.7
2006-02-07,-4.9,-0.9,-8.1,-9.9,-6.3,51,0.0,0.0,0.0,0.0,4.75,10.8
2006-02-08,-6.2,-3.0,-9.1,-11.3,-7.7,38,0.0,0.0,0.0,0.0,4.2,8.9
2006-02-09,-2.9,2.8,-8.8,-8.4,-2.6,50,0.0,0.0,0.0,0.0,6.06,13.0
2006-02-10,2.0,9.6,-2.3,-2.3,5.8,68,0.0,0.0,0.0,0.0,5.1,10.0
2006-02-11,2.2,8.8,-1.9,-1.6,5.0,64,0.0,0.0,0.0,0.0,2.82,7.1
2006-02-12,4.1,9.8,-2.1,-0.8,4.7,65,0.0,0.0,0.0,0.0,7.32,14.2
2006-02-13,7.4,11.0,4.9,3.0,8.0,74,0.0,0.0,0.0,0.0,7.43,15.3
2006-02-14,6.7,12.4,2.9,3.6,8.7,72,0.0,0.0,0.0,0.0,3.51,8.7
2006-02-15,6.0,11.3,1.6,2.8,8.0,66,0.0,0.0,0.0,0.0,3.28,6.9
2006-02-16,0.9,3.1,-2.1,-4.3,-0.2,36,0.0,0.0,0.0,0.0,6.55,13.1
2006-02-17,1.1,6.4,-3.2,-4.1,1.2,29,0.0,0.0,0.0,0.0,5.19,10.8
2006-02-18,4.7,9.4,1.2,-0.6,4.2,41,0.0,0.0,0.0,0.0,5.63,12.5
2006-02-19,6.3,11.7,2.2,1.8,7.5,54,0.0,0.0,0.0,0.0,5.15,10.5
2006-02-20,8.1,13.4,3.5,2.9,8.1,58,0.0,0.0,0.0,0.0,7.21,14.9
2006-02-21,7.1,9.6,2.9,2.0,6.1,51,0.0,0.0,0.0,0.0,6.89,13.4
2006-02-22,2.6,7.1,-1.3,-2.0,3.6,32,0.0,0.0,0.0,0.0,3.94,7.9
2006-02-23,5.2,10.5,1.4,1.1,7.3,42,0.0,0.0,0.0,0.0,3.2,6.1
2006-02-24,6.3,10.8,3.1,1.2,6.0,44,0.0,0.0,0.0,0.0,5.87,12.6
2006-02-25,2.8,5.6,-2.6,-1.7,2.4,72,1.7,1.7,0.0,7.0,6.25,12.9
2006-02-26,-2.1,0.5,-4.0,-7.4,-5.1,54,0.0,0.0,0.0,0.0,5.47,11.4
2006-02-27,-1.5,1.5,-3.6,-5.9,-3.2,48,1.1,0.0,0.91,8.0,2.7,7.6
2006-02-28,-2.1,1.1,-4.4,-5.9,-3.1,79,0.2,0.0,0.14,2.0,4.12,9.0
2006-03-01,1.7,8.1,-3.0,-2.5,4.0,57,0.0,0.0,0.0,0.0,3.7,8.3
2006-03-02,2.9,7.9,-1.0,-1.5,4.1,37,0.0,0.0,0.0,0.0,3.26,8.4
2006-03-03,6.5,12.6,-0.8,1.5,8.2,41,0.0,0.0,0.0,0.0,6.02,11.8
2006-03-04,10.7,17.1,3.3,6.2,12.8,42,0.0,0.0,0.0,0.0,7.23,13.7
2006-03-05,11.2,19.4,2.6,7.6,16.4,46,0.0,0.0,0.0,0.0,3.76,8.7
2006-03-06,5.7,10.3,2.4,1.3,6.8,55,0.0,0.0,0.0,0.0,6.42,12.4
2006-03-07,9.8,15.4,4.9,6.9,14.7,65,0.0,0.0,0.0,0.0,4.52,8.8
2006-03-08,8.7,11.1,6.0,6.8,10.0,80,10.1,10.1,0.0,15.0,2.75,7.0
2006-03-09,9.3,13.4,4.9,6.0,10.1,73,0.0,0.0,0.0,0.0,7.12,13.3
2006-03-10,11.7,14.6,9.3,8.9,11.8,63,0.0,0.0,0.0,0.0,7.02,13.5
2006-03-11,4.3,10.6,-0.4,-0.3,8.6,55,0.0,0.0,0.0,0.0,6.75,13.9
2006-03-12,-1.1,1.1,-3.5,-6.9,-4.4,28,0.0,0.0,0.0,0.0,6.94,13.9
2006-03-13,2.5,8.4,-2.5,-2.8,3.9,26,0.0,0.0,0.0,0.0,4.82,11.3
2006-03-14,7.9,14.2,0.9,3.4,10.5,31,0.0,0.0,0.0,0.0,3.89,8.7
2006-03-15,10.0,13.2,7.7,5.0,8.0,36,0.0,0.0,0.0,0.0,5.68,12.7
2006-03-16,11.9,19.3,5.3,7.6,15.1,30,0.0,0.0,0.0,0.0,4.7,10.3
2006-03-17,14.2,19.2,10.5,9.9,14.8,35,0.0,0.0,0.0,0.0,5.95,12.9
2006-03-18,10.5,13.6,4.1,5.7,9.5,28,0.0,0.0,0.0,0.0,6.57,14.3
2006-03-19,9.9,15.3,3.3,5.0,10.9,33,0.0,0.0,0.0,0.0,6.26,12.6
2006-03-20,11.2,15.7,6.0,7.3,13.5,47,0.0,0.0,0.0,0.0,6.68,13.5
2006-03-21,11.4,17.4,5.0,9.1,15.1,61,0.0,0.0,0.0,0.0,2.82,5.2
2006-03-22,13.3,17.8,7.3,8.8,12.6,32,0.1,0.1,0.0,1.0,6.31,12.9
2006-03-23,10.6,15.3,7.1,6.8,13.1,28,0.0,0.0,0.0,0.0,3.26,6.4
2006-03-24,12.4,18.6,6.5,8.3,15.5,38,0.1,0.1,0.0,1.0,5.23,11.1
2006-03-25,13.1,19.6,5.9,8.2,15.7,29,0.0,0.0,0.0,0.0,6.33,12.6
2006-03-26,8.0,12.7,4.3,3.9,9.6,32,0.3,0.3,0.0,1.0,5.3,10.8
2006-03-27,9.4,16.0,3.9,5.2,15.0,43,0.3,0.3,0.0,1.0,9.62,18.8
2006-03-28,6.1,10.4,0.3,1.2,6.3,22,0.0,0.0,0.0,0.0,5.54,10.4
2006-03-29,13.0,21.9,6.6,7.7,18.7,31,0.0,0.0,0.0,0.0,7.92,15.0
2006-03-30,12.5,18.5,5.8,8.7,16.8,36,0.0,0.0,0.0,0.0,4.43,10.1
2006-03-31,16.9,22.8,11.2,13.8,20.2,50,0.0,0.0,0.0,0.0,5.91,12.9
2006-04-01,14.2,17.8,6.6,11.8,16.0,68,0.0,0.0,0.0,0.0,6.31,13.4
2006-04-02,15.0,22.6,5.8,11.5,18.3,52,0.0,0.0,0.0,0.0,6.86,14.1
2006-04-03,17.4,21.9,13.0,14.5,18.4,54,2.5,2.5,0.0,4.0,6.91,14.6
2006-04-04,13.1,16.2,9.5,10.3,13.2,62,0.0,0.0,0.0,0.0,6.67,14.5
2006-04-05,11.3,15.3,7.8,7.2,12.4,39,0.0,0.0,0.0,0.0,5.98,12.0
2006-04-06,13.8,18.6,9.7,9.7,14.8,51,0.6,0.6,0.0,1.0,8.6,18.2
2006-04-07,16.8,23.3,12.8,15.0,22.5,53,0.0,0.0,0.0,0.0,5.12,10.8
2006-04-08,18.2,24.5,12.5,16.6,23.9,55,0.0,0.0,0.0,0.0,3.71,9.2
2006-04-09,14.1,19.0,9.3,12.6,18.1,61,0.0,0.0,0.0,0.0,2.34,5.9
2006-04-10,16.8,22.8,9.8,16.5,23.6,68,0.0,0.0,0.0,0.0,2.33,6.4
2006-04-11,16.9,24.5,6.9,15.8,26.3,68,0.0,0.0,0.0,0.0,9.12,16.7
2006-04-12,4.2,7.1,1.6,-1.3,1.5,57,3.9,2.8,0.77,11.0,8.98,17.5
2006-04-13,8.9,14.8,3.0,5.8,13.1,47,0.0,0.0,0.0,0.0,2.72,6.8
2006-04-14,11.6,16.7,5.4,7.8,13.3,43,0.0,0.0,0.0,0.0,4.97,11.4
2006-04-15,12.7,18.5,7.4,8.9,17.2,48,0.0,0.0,0.0,0.0,6.16,12.1
2006-04-16,13.4,18.6,7.1,9.1,15.2,48,0.0,0.0,0.0,0.0,8.71,17.4
2006-04-17,19.2,23.9,14.8,15.6,21.9,49,0.0,0.0,0.0,0.0,8.66,17.5
2006-04-18,18.6,23.8,13.8,17.5,23.5,58,1.0,1.0,0.0,2.0,5.76,14.3
2006-04-19,12.7,16.1,7.8,7.5,11.5,26,0.0,0.0,0.0,0.0,8.14,16.3
2006-04-20,12.9,18.1,7.4,9.6,16.4,31,0.0,0.0,0.0,0.0,2.97,6.4
2006-04-21,12.6,15.2,10.5,9.2,11.8,55,0.6,0.6,0.0,3.0,5.66,12.7
2006-04-22,15.2,21.2,10.2,13.2,19.8,55,0.0,0.0,0.0,0.0,5.22,11.2
2006-04-23,14.7,19.2,9.3,10.8,14.7,33,0.0,0.0,0.0,0.0,6.16,13.0
2006-04-24,17.1,24.0,10.2,14.3,23.3,37,0.0,0.0,0.0,0.0,4.25,8.1
2006-04-25,17.1,21.8,12.9,14.0,17.5,47,1.7,1.7,0.0,3.0,5.63,12.0
2006-04-26,17.6,24.3,12.7,15.4,23.8,56,0.0,0.0,0.0,0.0,5.85,12.0
2006-04-27,15.2,20.6,10.4,13.4,19.2,61,0.0,0.0,0.0,0.0,3.68,7.9
2006-04-28,17.0,22.3,11.6,14.8,20.6,67,0.0,0.0,0.0,0.0,6.59,13.5
2006-04-29,20.2,27.5,11.0,17.6,24.9,53,0.0,0.0,0.0,0.0,8.06,16.5
2006-04-30,26.1,32.8,20.2,27.3,35.2,59,0.0,0.0,0.0,0.0,5.88,11.9
2006-05-01,18.7,20.8,14.1,15.6,21.3,49,0.0,0.0,0.0,0.0,8.01,16.0
2006-05-02,18.7,24.4,11.8,16.3,22.9,37,0.0,0.0,0.0,0.0,3.95,8.9
2006-05-03,20.6,24.3,16.2,18.3,22.8,46,0.0,0.0,0.0,0.0,5.51,11.5
2006-05-04,24.2,29.3,20.1,24.2,30.8,59,10.9,10.9,0.0,3.0,5.77,11.7
2006-05-05,15.9,20.8,11.3,15.5,22.9,92,40.9,40.9,0.0,16.0,6.28,13.4
2006-05-06,16.9,22.6,11.9,16.3,22.7,64,0.0,0.0,0.0,0.0,2.64,6.5
2006-05-07,20.0,26.4,12.8,19.6,27.1,62,0.0,0.0,0.0,0.0,4.43,8.8
2006-05-08,21.5,26.4,16.6,21.6,28.1,62,0.0,0.0,0.0,0.0,4.02,8.2
2006-05-09,19.7,22.9,16.4,20.2,23.9,76,0.0,0.0,0.0,0.0,3.86,6.4
2006-05-10,17.8,21.5,12.3,15.8,18.9,59,0.1,0.1,0.0,1.0,6.37,13.1
2006-05-11,15.6,20.5,10.9,13.5,17.7,54,3.3,3.3,0.0,5.0,4.46,9.9
2006-05-12,13.4,16.5,10.7,12.1,15.2,75,0.8,0.8,0.0,3.0,3.0,5.9
2006-05-13,17.6,23.0,11.7,14.9,20.6,48,0.0,0.0,0.0,0.0,4.7,10.1
2006-05-14,20.7,26.8,14.4,18.3,25.4,41,0.0,0.0,0.0,0.0,5.14,10.4
2006-05-15,22.2,26.9,17.0,20.3,26.0,48,0.0,0.0,0.0,0.0,5.47,11.3
2006-05-16,23.6,28.3,18.8,20.8,25.8,46,0.0,0.0,0.0,0.0,7.98,15.6
2006-05-17,23.1,27.0,19.7,22.4,29.2,51,0.0,0.0,0.0,0.0,7.34,15.8
2006-05-18,22.4,25.6,19.8,21.0,25.6,58,0.0,0.0,0.0,0.0,7.25,12.8
2006-05-19,22.2,26.6,19.2,21.7,28.0,61,0.0,0.0,0.0,0.0,7.06,13.3
2006-05-20,23.4,28.4,16.6,24.7,30.7,67,0.3,0.3,0.0,2.0,3.75,9.2
2006-05-21,14.3,16.4,12.5,13.5,15.8,91,8.1,8.1,0.0,11.0,3.89,9.1
2006-05-22,17.6,23.0,12.9,18.1,24.5,79,0.0,0.0,0.0,0.0,4.25,6.9
2006-05-23,23.3,30.0,17.0,22.6,30.3,54,0.0,0.0,0.0,0.0,4.75,10.2
2006-05-24,24.4,29.4,20.8,24.2,29.9,53,0.0,0.0,0.0,0.0,3.82,8.6
2006-05-25,20.3,22.9,15.5,21.0,23.7,70,2.5,2.5,0.0,9.0,2.69,8.6
2006-05-26,17.6,20.8,13.4,17.4,21.5,77,3.1,3.1,0.0,6.0,4.03,8.0
2006-05-27,15.4,17.8,13.6,15.0,17.0,93,9.3,9.3,0.0,16.0,5.17,10.8
2006-05-28,19.7,26.8,12.4,19.6,27.4,65,0.0,0.0,0.0,0.0,3.31,7.9
2006-05-29,23.1,28.9,15.5,22.3,29.1,50,0.0,0.0,0.0,0.0,4.59,9.1
2006-05-30,26.6,31.5,22.3,24.9,30.3,43,0.0,0.0,0.0,0.0,7.33,14.8
2006-05-31,26.3,31.0,20.9,26.0,31.5,48,0.0,0.0,0.0,0.0,4.74,10.2
2006-06-01,25.6,30.9,20.9,26.0,32.9,52,0.0,0.0,0.0,0.0,3.31,8.1
2006-06-02,24.2,28.9,20.4,24.3,29.5,56,0.0,0.0,0.0,0.0,4.55,10.0
2006-06-03,24.4,28.4,20.2,24.5,28.2,55,0.0,0.0,0.0,0.0,3.76,7.6
2006-06-04,24.9,30.6,19.4,25.3,32.0,51,0.0,0.0,0.0,0.0,3.42,8.8
2006-06-05,26.2,31.7,21.9,26.8,34.1,51,0.0,0.0,0.0,0.0,3.72,8.3
2006-06-06,26.4,31.1,21.6,26.3,31.3,50,0.0,0.0,0.0,0.0,4.72,11.1
2006-06-07,24.9,28.9,18.9,25.1,29.8,59,0.8,0.8,0.0,2.0,6.53,12.5
2006-06-08,24.3,30.8,18.3,23.4,28.6,48,0.0,0.0,0.0,0.0,5.54,12.1
2006-06-09,25.8,31.7,20.5,23.0,28.9,28,0.0,0.0,0.0,0.0,5.41,12.0
2006-06-10,22.5,27.4,17.5,21.1,25.8,44,0.0,0.0,0.0,0.0,4.96,11.2
2006-06-11,27.0,33.8,18.9,25.1,32.3,35,0.0,0.0,0.0,0.0,5.46,11.7
2006-06-12,28.7,33.8,24.0,25.9,31.6,32,0.0,0.0,0.0,0.0,6.92,14.2
2006-06-13,24.0,28.3,19.6,25.4,32.1,70,24.9,24.9,0.0,13.0,6.07,12.1
2006-06-14,22.3,27.7,19.3,23.7,29.1,74,8.5,8.5,0.0,8.0,4.34,10.2
2006-06-15,26.3,31.9,20.1,26.8,33.5,54,0.0,0.0,0.0,0.0,5.47,11.4
2006-06-16,29.1,34.3,24.4,28.9,35.2,48,0.0,0.0,0.0,0.0,6.99,14.6
2006-06-17,26.9,31.3,22.8,28.4,35.5,56,0.0,0.0,0.0,0.0,6.1,11.6
2006-06-18,27.5,34.1,20.1,28.4,34.3,49,0.0,0.0,0.0,0.0,3.64,6.7
2006-06-19,29.5,35.0,24.7,31.0,38.8,52,0.0,0.0,0.0,0.0,5.02,10.6
2006-06-20,28.6,31.8,24.8,31.5,38.1,59,0.2,0.2,0.0,1.0,4.13,8.7
2006-06-21,23.4,25.0,21.8,26.4,27.6,81,4.9,4.9,0.0,10.0,2.76,7.7
2006-06-22,25.2,29.1,21.0,28.5,32.4,76,0.0,0.0,0.0,0.0,2.76,6.5
2006-06-23,26.9,32.2,21.6,30.0,36.0,66,0.2,0.2,0.0,1.0,3.07,6.4
2006-06-24,26.3,31.8,20.9,28.7,34.5,64,0.0,0.0,0.0,0.0,3.55,7.1
2006-06-25,26.0,31.1,20.8,28.2,35.1,65,0.0,0.0,0.0,0.0,3.93,8.3
2006-06-26,26.6,31.0,21.7,29.8,36.2,71,23.0,23.0,0.0,12.0,3.42,10.2
2006-06-27,29.4,34.5,24.8,32.6,39.2,61,0.0,0.0,0.0,0.0,4.9,8.0
2006-06-28,27.0,32.6,20.7,30.3,36.4,72,7.5,7.5,0.0,6.0,4.4,8.4
2006-06-29,25.4,29.6,22.4,28.5,32.4,80,16.0,16.0,0.0,12.0,4.04,10.5
2006-06-30,27.3,32.5,23.9,31.0,36.6,78,7.9,7.9,0.0,5.0,5.77,12.0
2006-07-01,26.5,29.7,23.8,30.8,34.5,80,2.4,2.4,0.0,6.0,4.07,5.6
2006-07-02,26.8,31.8,23.8,31.2,36.4,79,2.6,2.6,0.0,6.0,3.2,7.2
2006-07-03,24.6,25.5,22.6,28.5,29.8,89,35.9,35.9,0.0,18.0,4.39,9.2
2006-07-04,25.7,29.8,21.6,29.3,33.7,74,0.0,0.0,0.0,0.0,2.52,7.3
2006-07-05,26.6,32.4,21.8,30.6,38.6,76,10.1,10.1,0.0,4.0,2.73,8.5
2006-07-06,25.8,30.0,22.2,28.8,33.7,73,9.7,9.7,0.0,3.0,3.67,10.1
2006-07-07,26.0,30.7,21.0,29.1,33.7,71,0.0,0.0,0.0,0.0,3.61,7.3
2006-07-08,27.0,31.3,22.9,30.9,36.8,71,0.0,0.0,0.0,0.0,2.42,5.3
2006-07-09,26.8,29.8,23.6,31.1,35.6,76,0.0,0.0,0.0,0.0,2.98,5.7
2006-07-10,27.2,30.9,24.2,32.0,36.3,79,4.1,4.1,0.0,8.0,2.34,5.7
2006-07-11,27.9,32.1,24.6,33.2,39.0,77,0.9,0.9,0.0,3.0,2.2,5.1
2006-07-12,29.1,33.3,25.9,34.6,38.3,76,0.1,0.1,0.0,1.0,2.33,6.3
2006-07-13,29.9,34.0,25.7,35.9,41.2,76,0.5,0.5,0.0,2.0,2.43,6.5
2006-07-14,30.3,34.2,27.3,35.7,39.7,72,0.0,0.0,0.0,0.0,3.72,7.3
2006-07-15,29.1,32.8,25.3,33.0,36.6,73,0.1,0.1,0.0,1.0,5.32,11.1
2006-07-16,27.9,30.3,26.0,31.9,34.1,79,2.2,2.2,0.0,10.0,5.44,10.5
2006-07-17,26.6,29.1,24.0,31.5,34.4,85,4.8,4.8,0.0,10.0,3.0,7.3
2006-07-18,25.9,29.2,23.9,30.7,34.5,85,0.0,0.0,0.0,0.0,3.0,6.3
2006-07-19,23.7,26.8,21.0,26.7,29.8,84,1.8,1.8,0.0,5.0,3.54,7.4
2006-07-20,25.5,29.8,21.2,29.4,33.6,77,0.0,0.0,0.0,0.0,1.91,4.5
2006-07-21,28.0,33.1,23.5,31.7,37.7,70,0.0,0.0,0.0,0.0,3.57,8.0
2006-07-22,26.6,31.6,21.8,29.2,35.1,62,0.0,0.0,0.0,0.0,2.11,5.4
2006-07-23,25.0,27.7,22.6,26.5,28.9,67,0.0,0.0,0.0,0.0,4.46,8.6
2006-07-24,25.6,29.0,22.7,27.5,32.0,69,0.4,0.4,0.0,2.0,5.28,11.2
2006-07-25,25.3,29.5,21.5,28.2,32.9,70,0.1,0.1,0.0,1.0,2.94,9.2
2006-07-26,25.5,30.6,20.1,28.9,34.5,72,0.0,0.0,0.0,0.0,1.9,5.9
2006-07-27,26.2,30.3,22.1,29.8,33.3,77,0.0,0.0,0.0,0.0,3.36,7.2
2006-07-28,27.7,31.4,24.0,32.1,36.1,75,0.3,0.3,0.0,1.0,3.55,8.2
2006-07-29,27.2,30.6,24.4,31.6,35.7,83,9.3,9.3,0.0,9.0,4.08,10.0
2006-07-30,29.9,33.3,26.4,34.0,37.2,73,0.2,0.2,0.0,2.0,6.02,14.2
2006-07-31,28.4,32.0,22.8,32.1,35.7,75,40.7,40.7,0.0,9.0,6.19,15.2
2006-08-01,25.3,28.0,22.9,29.4,31.7,84,8.0,8.0,0.0,14.0,3.16,9.7
2006-08-02,26.3,31.2,22.1,30.9,36.9,77,0.0,0.0,0.0,0.0,1.97,5.0
2006-08-03,26.4,31.0,22.8,31.5,37.3,83,8.4,8.4,0.0,9.0,1.84,5.1
2006-08-04,24.5,28.6,21.1,29.0,33.8,88,25.5,25.5,0.0,15.0,2.66,8.8
2006-08-05,26.1,29.9,24.1,31.3,35.9,87,7.0,7.0,0.0,13.0,3.19,7.2
2006-08-06,26.5,30.0,24.0,30.9,36.0,81,8.9,8.9,0.0,13.0,3.05,7.5
2006-08-07,26.8,30.6,23.8,31.7,36.6,81,2.0,2.0,0.0,1.0,1.81,6.1
2006-08-08,27.7,31.4,24.3,33.3,38.7,80,0.6,0.6,0.0,2.0,2.12,5.3
2006-08-09,28.4,32.2,25.2,33.3,37.0,76,0.3,0.3,0.0,1.0,2.62,6.4
2006-08-10,28.2,31.7,25.2,32.9,36.9,76,0.0,0.0,0.0,0.0,2.81,6.0
2006-08-11,28.5,32.6,24.8,33.7,37.9,77,0.1,0.1,0.0,1.0,2.25,6.2
2006-08-12,29.8,33.9,25.8,35.6,40.0,76,0.0,0.0,0.0,0.0,2.72,6.3
2006-08-13,30.3,34.0,27.4,36.6,41.1,76,0.5,0.5,0.0,2.0,2.52,6.8
2006-08-14,27.1,30.8,25.0,33.0,37.2,90,10.6,10.6,0.0,16.0,2.86,7.4
2006-08-15,26.0,29.0,23.9,30.4,33.2,86,9.0,9.0,0.0,11.0,3.16,5.9
2006-08-16,26.4,30.8,22.5,30.1,35.1,76,0.0,0.0,0.0,0.0,3.54,7.3
2006-08-17,25.6,30.4,20.0,27.8,33.0,68,0.0,0.0,0.0,0.0,4.33,9.1
2006-08-18,24.7,29.9,19.7,26.3,32.8,65,0.0,0.0,0.0,0.0,3.85,8.8
2006-08-19,24.6,30.3,17.3,26.2,32.8,63,0.0,0.0,0.0,0.0,2.9,6.8
2006-08-20,26.2,31.9,20.6,29.0,36.0,66,0.0,0.0,0.0,0.0,2.75,6.3
2006-08-21,24.3,27.5,21.7,25.6,28.5,71,0.0,0.0,0.0,0.0,5.17,10.3
2006-08-22,23.9,28.4,19.6,25.3,30.6,65,0.0,0.0,0.0,0.0,4.05,7.6
2006-08-23,25.1,30.3,19.9,28.1,33.7,71,0.0,0.0,0.0,0.0,2.21,6.3
2006-08-24,26.7,30.9,23.3,31.1,35.8,78,0.0,0.0,0.0,0.0,1.73,5.3
2006-08-25,26.2,30.4,23.3,31.1,35.6,83,18.8,18.8,0.0,15.0,2.39,6.8
2006-08-26,24.5,27.5,22.6,28.8,31.4,89,22.3,22.3,0.0,17.0,2.91,7.3
2006-08-27,26.3,31.1,22.4,31.1,37.1,81,0.0,0.0,0.0,0.0,1.84,4.4
2006-08-28,26.1,29.4,22.8,30.8,34.4,84,12.6,12.6,0.0,11.0,2.95,5.4
2006-08-29,22.1,23.0,21.0,24.4,26.9,91,31.6,31.6,0.0,14.0,6.55,14.6
2006-08-30,21.6,24.2,19.5,24.1,26.5,91,5.1,5.1,0.0,7.0,3.72,8.4
2006-08-31,21.8,23.5,20.7,25.0,26.5,92,9.6,9.6,0.0,8.0,2.24,5.6
2006-09-01,23.2,26.3,20.8,26.8,29.7,88,0.0,0.0,0.0,0.0,1.99,4.9
2006-09-02,24.9,28.9,22.0,28.3,32.1,81,0.0,0.0,0.0,0.0,3.94,7.6
2006-09-03,25.0,29.7,21.4,28.9,34.3,83,3.0,3.0,0.0,10.0,3.04,6.4
2006-09-04,17.1,21.9,14.9,16.7,24.2,90,12.6,12.6,0.0,21.0,5.64,11.5
2006-09-05,17.6,22.6,13.7,18.0,23.8,79,0.0,0.0,0.0,0.0,2.69,5.2
2006-09-06,20.9,27.5,14.8,20.6,28.4,68,0.0,0.0,0.0,0.0,4.72,10.3
2006-09-07,20.7,24.5,17.6,20.8,25.0,71,0.4,0.4,0.0,1.0,4.54,9.4
2006-09-08,17.6,22.0,11.7,17.3,22.6,76,1.2,1.2,0.0,5.0,6.02,13.2
2006-09-09,15.4,20.5,11.1,14.0,19.3,59,0.0,0.0,0.0,0.0,3.01,7.7
2006-09-10,19.0,25.6,11.8,17.0,24.9,54,0.0,0.0,0.0,0.0,5.22,10.8
2006-09-11,20.4,26.9,15.9,19.7,27.0,62,0.0,0.0,0.0,0.0,3.94,8.5
2006-09-12,20.3,27.0,15.1,20.6,29.0,64,0.0,0.0,0.0,0.0,2.56,4.2
2006-09-13,21.2,27.8,15.4,21.8,28.5,66,0.0,0.0,0.0,0.0,2.69,5.6
2006-09-14,21.3,24.5,18.8,22.5,25.6,72,0.0,0.0,0.0,0.0,2.21,4.9
2006-09-15,21.2,26.0,17.9,22.8,27.6,74,0.0,0.0,0.0,0.0,1.72,5.0
2006-09-16,21.3,26.7,17.7,22.9,28.9,74,0.0,0.0,0.0,0.0,2.25,5.4
2006-09-17,21.4,27.3,17.8,22.3,28.1,70,0.0,0.0,0.0,0.0,3.34,7.7
2006-09-18,22.9,30.1,16.6,24.1,31.1,66,0.0,0.0,0.0,0.0,2.92,7.0
2006-09-19,22.3,28.2,17.8,23.3,29.0,66,0.0,0.0,0.0,0.0,2.1,3.6
2006-09-20,22.3,27.4,18.0,23.2,29.5,64,0.0,0.0,0.0,0.0,2.4,5.0
2006-09-21,21.7,27.8,17.1,22.5,28.8,65,0.0,0.0,0.0,0.0,2.72,6.5
2006-09-22,21.3,28.3,15.3,22.2,29.6,70,0.0,0.0,0.0,0.0,2.72,6.7
2006-09-23,21.5,28.2,16.1,22.9,30.3,69,0.0,0.0,0.0,0.0,1.75,4.1
2006-09-24,22.0,28.9,16.5,22.7,30.2,66,0.0,0.0,0.0,0.0,2.72,6.0
2006-09-25,21.9,23.3,20.5,22.1,23.9,67,0.2,0.2,0.0,1.0,4.32,8.6
2006-09-26,22.0,25.0,20.0,23.8,26.6,73,0.0,0.0,0.0,0.0,2.39,4.6
2006-09-27,20.6,24.7,17.1,21.3,24.0,71,0.0,0.0,0.0,0.0,2.53,5.7
2006-09-28,21.4,26.8,16.9,22.0,28.1,61,0.0,0.0,0.0,0.0,1.77,4.3
2006-09-29,21.7,27.6,16.9,20.8,26.0,51,0.0,0.0,0.0,0.0,3.18,7.4
2006-09-30,19.5,25.1,14.4,18.4,23.7,53,0.0,0.0,0.0,0.0,2.04,3.9
2006-10-01,19.5,26.9,13.6,19.3,27.2,60,0.0,0.0,0.0,0.0,2.01,3.9
2006-10-02,21.1,27.9,15.5,20.5,27.3,59,0.0,0.0,0.0,0.0,3.77,8.2
2006-10-03,21.4,26.9,17.9,20.5,25.9,57,0.0,0.0,0.0,0.0,4.75,10.4
2006-10-04,20.8,27.9,16.6,21.5,29.8,66,0.0,0.0,0.0,0.0,2.3,4.9
2006-10-05,20.7,28.1,15.4,21.4,29.1,66,0.0,0.0,0.0,0.0,1.7,3.7
2006-10-06,21.0,28.4,15.1,21.3,28.7,64,0.0,0.0,0.0,0.0,2.16,5.4
2006-10-07,22.1,28.3,17.9,22.0,28.2,58,0.0,0.0,0.0,0.0,2.94,7.6
2006-10-08,20.2,25.5,15.6,20.3,24.9,70,1.0,1.0,0.0,2.0,4.75,12.7
2006-10-09,20.4,26.8,15.6,20.8,27.1,72,0.0,0.0,0.0,0.0,3.19,8.5
2006-10-10,22.8,28.9,18.6,21.7,27.2,56,0.0,0.0,0.0,0.0,5.77,12.8
2006-10-11,19.0,22.4,14.5,17.4,20.4,63,0.0,0.0,0.0,0.0,6.62,13.1
2006-10-12,19.4,25.1,14.1,19.7,26.5,69,0.0,0.0,0.0,0.0,2.95,7.6
2006-10-13,21.7,25.6,19.4,22.0,25.5,72,0.0,0.0,0.0,0.0,4.96,10.0
2006-10-14,21.4,26.4,18.8,21.9,27.4,72,0.0,0.0,0.0,0.0,4.12,8.6
2006-10-15,21.0,26.2,18.3,21.1,27.1,68,0.0,0.0,0.0,0.0,3.42,7.5
2006-10-16,21.2,25.4,18.1,20.9,25.0,67,0.0,0.0,0.0,0.0,5.17,11.7
2006-10-17,16.6,19.4,13.5,15.2,20.0,78,3.2,3.2,0.0,6.0,6.21,13.0
2006-10-18,17.7,22.8,13.3,18.0,22.7,78,0.0,0.0,0.0,0.0,3.5,8.5
2006-10-19,20.5,24.8,17.4,21.2,26.1,75,0.0,0.0,0.0,0.0,4.18,9.1
2006-10-20,19.0,22.7,16.3,18.7,22.9,71,0.0,0.0,0.0,0.0,4.44,9.0
2006-10-21,19.1,23.4,15.1,18.9,22.6,73,0.0,0.0,0.0,0.0,4.59,9.4
2006-10-22,16.8,19.9,8.8,14.0,18.9,59,0.1,0.1,0.0,1.0,5.95,13.2
2006-10-23,11.0,16.5,7.0,7.6,12.9,53,0.0,0.0,0.0,0.0,4.36,8.6
2006-10-24,11.5,14.7,7.6,9.6,13.0,68,0.7,0.7,0.0,2.0,2.06,5.5
2006-10-25,13.9,17.4,10.3,11.9,14.3,67,0.0,0.0,0.0,0.0,5.28,10.5
2006-10-26,11.8,17.0,8.3,9.6,15.3,67,0.0,0.0,0.0,0.0,3.72,7.5
2006-10-27,14.7,19.9,9.7,11.3,16.3,56,0.0,0.0,0.0,0.0,5.81,12.0
2006-10-28,15.7,21.0,11.4,14.1,19.9,64,0.0,0.0,0.0,0.0,4.32,8.6
2006-10-29,15.2,22.7,9.0,13.3,20.4,58,0.0,0.0,0.0,0.0,2.52,4.6
2006-10-30,16.3,21.7,12.1,13.3,18.6,49,0.0,0.0,0.0,0.0,5.1,11.1
2006-10-31,16.3,22.6,10.1,14.3,20.4,60,0.0,0.0,0.0,0.0,3.4,7.7
2006-11-01,14.0,22.0,8.7,12.4,20.6,66,0.0,0.0,0.0,0.0,2.43,5.2
2006-11-02,15.9,22.3,10.4,13.3,19.4,53,0.0,0.0,0.0,0.0,4.74,10.0
2006-11-03,16.4,22.2,11.4,14.0,19.1,51,0.0,0.0,0.0,0.0,3.52,7.7
2006-11-04,17.0,24.3,9.0,13.4,19.9,41,0.0,0.0,0.0,0.0,4.81,10.6
2006-11-05,11.2,17.1,6.1,6.8,11.4,33,0.0,0.0,0.0,0.0,5.54,11.7
2006-11-06,5.9,10.8,1.9,1.2,4.5,29,0.0,0.0,0.0,0.0,5.46,14.1
2006-11-07,10.3,17.5,1.7,5.4,12.3,37,0.0,0.0,0.0,0.0,5.76,12.1
2006-11-08,15.9,22.6,10.8,12.5,19.9,50,0.0,0.0,0.0,0.0,6.26,11.9
2006-11-09,13.9,20.7,9.5,11.0,18.9,51,0.0,0.0,0.0,0.0,3.61,6.8
2006-11-10,10.1,13.9,5.3,7.8,11.8,80,0.0,0.0,0.0,0.0,5.33,10.3
2006-11-11,7.0,13.1,1.9,4.1,9.7,67,0.0,0.0,0.0,0.0,2.73,5.8
2006-11-12,11.4,17.1,6.1,6.3,11.1,40,0.0,0.0,0.0,0.0,7.02,14.3
2006-11-13,9.3,13.9,3.8,5.2,8.7,55,0.0,0.0,0.0,0.0,7.14,14.5
2006-11-14,7.1,12.0,2.7,2.7,6.9,44,0.0,0.0,0.0,0.0,5.44,10.7
2006-11-15,8.7,15.7,4.1,5.0,12.3,43,0.0,0.0,0.0,0.0,5.41,10.7
2006-11-16,9.7,15.3,5.1,6.6,11.5,55,0.0,0.0,0.0,0.0,3.38,7.4
2006-11-17,8.8,14.7,4.4,6.3,12.0,68,0.0,0.0,0.0,0.0,2.35,5.9
2006-11-18,8.5,13.6,3.8,6.0,11.2,70,0.0,0.0,0.0,0.0,2.4,6.2
2006-11-19,8.5,12.3,5.1,6.6,10.1,78,0.0,0.0,0.0,0.0,2.4,4.9
2006-11-20,10.2,13.9,7.7,7.2,10.3,77,0.0,0.0,0.0,0.0,6.67,12.7
2006-11-21,9.5,14.2,7.1,7.8,12.8,82,0.0,0.0,0.0,0.0,2.62,5.7
2006-11-22,5.7,7.3,2.3,0.8,4.4,74,0.0,0.0,0.0,0.0,8.12,15.6
2006-11-23,3.9,5.8,2.5,-0.9,1.1,69,0.0,0.0,0.0,0.0,6.02,11.8
2006-11-24,4.8,6.8,2.4,1.3,3.6,74,0.0,0.0,0.0,0.0,3.68,7.8
2006-11-25,6.8,8.4,5.4,4.5,6.4,97,10.0,10.0,0.0,22.0,3.16,5.8
2006-11-26,5.7,6.8,4.4,2.5,4.3,99,4.5,4.5,0.0,18.0,5.81,11.1
2006-11-27,3.2,5.0,-0.1,-0.7,1.2,77,0.1,0.1,0.0,1.0,5.24,10.1
2006-11-28,2.4,6.7,-0.4,-0.9,3.2,77,0.0,0.0,0.0,0.0,2.25,5.9
2006-11-29,2.7,8.1,-1.2,-0.7,4.7,75,0.0,0.0,0.0,0.0,2.69,6.1
2006-11-30,2.9,6.3,0.0,-0.4,3.1,85,0.0,0.0,0.0,0.0,3.84,7.6
2006-12-01,1.7,5.0,-1.3,-2.2,0.2,73,0.0,0.0,0.0,0.0,3.76,8.6
2006-12-02,-1.6,1.7,-4.4,-5.9,-2.7,47,0.0,0.0,0.0,0.0,2.83,7.3
2006-12-03,-1.0,4.9,-5.1,-5.3,0.1,59,0.0,0.0,0.0,0.0,2.94,7.4
2006-12-04,0.8,5.6,-3.4,-3.8,0.2,60,0.0,0.0,0.0,0.0,4.88,10.2
2006-12-05,0.3,5.2,-2.5,-3.2,1.8,75,0.0,0.0,0.0,0.0,2.57,5.4
2006-12-06,1.8,4.3,-1.7,-1.4,1.7,79,1.5,1.5,0.0,6.0,3.28,5.3
2006-12-07,2.2,3.4,0.1,-2.8,-1.2,75,1.0,1.0,0.0,8.0,6.72,13.0
2006-12-08,0.4,1.7,-1.0,-3.7,-2.4,74,0.0,0.0,0.07,0.0,3.68,7.7
2006-12-09,-0.8,3.0,-3.9,-4.5,-1.3,69,0.0,0.0,0.0,0.0,2.22,5.9
2006-12-10,0.4,5.1,-4.3,-4.0,0.2,68,0.0,0.0,0.0,0.0,4.98,10.5
2006-12-11,3.1,7.3,0.7,-1.1,2.7,72,0.0,0.0,0.0,0.0,4.62,9.6
2006-12-12,3.2,8.4,-0.7,-0.1,5.3,81,0.0,0.0,0.0,0.0,3.61,6.9
2006-12-13,2.6,7.1,-1.6,-0.4,3.6,72,0.0,0.0,0.0,0.0,2.09,4.8
2006-12-14,1.9,7.7,-2.9,-2.1,3.0,68,0.0,0.0,0.0,0.0,3.64,8.5
2006-12-15,1.8,6.8,-2.3,-2.3,2.0,61,0.0,0.0,0.0,0.0,3.51,7.8
2006-12-16,-0.5,3.8,-6.6,-6.1,-2.7,40,0.0,0.0,0.0,0.0,7.72,15.5
2006-12-17,-5.0,-0.7,-9.0,-9.8,-4.8,33,0.0,0.0,0.0,0.0,3.81,7.2
2006-12-18,-0.5,4.5,-4.3,-5.7,-1.0,48,0.0,0.0,0.0,0.0,5.73,11.3
2006-12-19,-0.3,6.9,-5.6,-3.8,3.3,67,0.0,0.0,0.0,0.0,2.81,4.6
2006-12-20,1.7,6.0,-2.3,-2.1,2.0,72,0.0,0.0,0.0,0.0,3.22,7.2
2006-12-21,1.6,9.4,-3.4,-2.5,4.2,66,0.0,0.0,0.0,0.0,4.74,9.9
2006-12-22,2.5,10.5,-3.4,-1.2,6.6,62,0.0,0.0,0.0,0.0,2.5,4.3
2006-12-23,3.3,10.0,-2.1,-0.2,6.6,66,0.0,0.0,0.0,0.0,2.33,5.6
2006-12-24,3.8,9.2,0.1,0.6,5.6,73,0.0,0.0,0.0,0.0,2.64,6.4
2006-12-25,3.1,9.1,-0.5,-0.4,5.4,82,0.0,0.0,0.0,0.0,4.1,8.8
2006-12-26,4.0,6.9,0.6,0.9,4.4,87,0.2,0.2,0.0,2.0,5.08,9.9
2006-12-27,-0.9,1.9,-5.6,-5.4,-2.9,70,0.1,0.1,0.07,1.0,4.69,9.2
2006-12-28,-4.0,-0.0,-6.7,-8.4,-4.6,49,0.0,0.0,0.0,0.0,2.71,5.9
2006-12-29,-3.0,2.8,-7.1,-7.3,-1.9,60,0.0,0.0,0.0,0.0,3.2,7.2
2006-12-30,-1.2,0.5,-2.6,-4.7,-2.9,75,0.6,0.0,0.49,4.0,1.84,4.2
2006-12-31,-0.9,1.6,-2.7,-4.1,-1.4,91,0.0,0.0,0.0,0.0,2.08,4.4
2007-01-01,-1.5,0.0,-4.2,-4.7,-3.4,90,0.0,0.0,0.0,0.0,1.96,4.8
2007-01-02,-3.2,0.8,-5.5,-7.1,-3.8,82,0.0,0.0,0.0,0.0,2.95,6.5
2007-01-03,-4.3,0.2,-6.9,-8.4,-4.3,84,0.0,0.0,0.0,0.0,3.04,6.3
2007-01-04,-3.4,1.8,-7.2,-6.9,-1.3,78,0.0,0.0,0.0,0.0,2.01,3.8
2007-01-05,-1.0,3.5,-3.5,-5.8,-2.1,63,0.0,0.0,0.0,0.0,6.14,11.5
2007-01-06,-2.2,2.1,-4.8,-7.8,-4.8,37,0.0,0.0,0.0,0.0,6.01,12.6
2007-01-07,-3.0,1.9,-6.1,-7.5,-3.1,40,0.0,0.0,0.0,0.0,2.79,5.7
2007-01-08,-2.4,3.1,-6.3,-6.8,-0.8,43,0.0,0.0,0.0,0.0,2.64,6.1
2007-01-09,-0.4,5.8,-4.9,-5.4,0.6,46,0.0,0.0,0.0,0.0,4.84,11.0
2007-01-10,-1.7,4.6,-6.6,-5.8,0.4,69,0.0,0.0,0.0,0.0,3.61,6.6
2007-01-11,-2.9,1.1,-6.7,-7.4,-4.0,71,0.0,0.0,0.0,0.0,4.24,9.0
2007-01-12,-2.6,2.6,-7.2,-6.7,-1.2,46,0.0,0.0,0.0,0.0,2.22,4.7
2007-01-13,-2.1,5.3,-7.6,-6.5,0.9,49,0.0,0.0,0.0,0.0,2.69,5.2
2007-01-14,0.2,6.1,-3.9,-4.5,0.9,48,0.0,0.0,0.0,0.0,4.12,9.1
2007-01-15,1.3,5.7,-2.5,-2.6,2.0,52,0.0,0.0,0.0,0.0,2.4,6.1
2007-01-16,0.2,5.5,-3.8,-3.5,1.6,61,0.0,0.0,0.0,0.0,1.9,5.4
2007-01-17,0.3,7.7,-3.9,-4.0,3.3,62,0.0,0.0,0.0,0.0,3.01,6.9
2007-01-18,0.6,7.6,-3.9,-3.4,3.6,52,0.0,0.0,0.0,0.0,2.43,4.7
2007-01-19,0.5,7.0,-4.9,-3.6,2.5,58,0.0,0.0,0.0,0.0,3.14,7.8
2007-01-20,1.6,8.5,-2.2,-2.3,4.4,68,0.0,0.0,0.0,0.0,3.18,7.3
2007-01-21,-0.1,4.7,-3.3,-4.1,-0.0,66,0.0,0.0,0.0,0.0,3.44,8.7
2007-01-22,-1.4,3.6,-5.6,-5.8,-0.9,57,0.0,0.0,0.0,0.0,3.42,7.1
2007-01-23,-1.5,4.0,-5.5,-5.2,0.3,67,0.0,0.0,0.0,0.0,2.56,4.6
2007-01-24,-0.6,6.1,-6.1,-4.4,2.5,56,0.0,0.0,0.0,0.0,2.09,4.9
2007-01-25,0.7,5.5,-3.3,-3.4,0.7,70,0.2,0.2,0.0,2.0,5.04,10.5
2007-01-26,-1.6,2.6,-5.6,-5.9,-2.4,59,0.0,0.0,0.14,0.0,3.07,7.3
2007-01-27,-0.9,4.2,-4.9,-5.3,-0.8,49,0.0,0.0,0.0,0.0,4.03,8.6
2007-01-28,-0.0,6.0,-5.4,-4.8,0.9,41,0.0,0.0,0.0,0.0,4.11,8.5
2007-01-29,3.9,10.3,-0.3,-1.3,5.9,39,0.0,0.0,0.0,0.0,5.26,10.2
2007-01-30,0.6,6.4,-5.1,-4.2,1.7,25,0.0,0.0,0.0,0.0,3.26,7.6
2007-01-31,-0.2,3.3,-5.7,-5.7,-3.6,36,0.0,0.0,0.0,0.0,7.28,14.7
2007-02-01,-1.8,5.3,-7.7,-6.2,1.1,34,0.0,0.0,0.0,0.0,2.31,5.0
2007-02-02,3.3,10.8,-4.5,-2.2,4.9,35,0.0,0.0,0.0,0.0,6.68,12.7
2007-02-03,5.1,11.1,-2.2,-0.1,5.4,39,0.0,0.0,0.0,0.0,6.86,13.0
2007-02-04,4.6,12.3,-3.3,0.2,7.5,52,0.0,0.0,0.0,0.0,4.85,11.0
2007-02-05,8.0,14.4,2.7,4.2,10.8,57,0.0,0.0,0.0,0.0,4.42,9.0
2007-02-06,5.0,10.9,1.2,1.2,6.6,67,0.0,0.0,0.0,0.0,3.89,8.5
2007-02-07,3.6,8.2,0.3,0.0,3.8,74,2.1,2.1,0.0,7.0,3.35,7.1
2007-02-08,2.1,4.4,-0.3,-0.8,1.5,89,0.0,0.0,0.0,0.0,2.94,5.5
2007-02-09,4.9,11.6,0.1,1.0,7.7,67,0.0,0.0,0.0,0.0,4.61,9.8
2007-02-10,3.6,8.4,-1.3,-1.1,3.7,35,0.0,0.0,0.0,0.0,5.0,10.7
2007-02-11,4.4,11.2,-2.0,-0.2,6.2,41,0.0,0.0,0.0,0.0,4.36,9.5
2007-02-12,8.6,14.2,4.4,5.3,11.0,57,0.0,0.0,0.0,0.0,3.86,8.9
2007-02-13,9.5,14.4,2.2,5.4,10.8,54,0.0,0.0,0.0,0.0,6.48,12.7
2007-02-14,1.2,5.7,-2.9,-4.1,1.3,26,0.0,0.0,0.0,0.0,6.36,13.0
2007-02-15,3.5,8.7,-2.6,-1.2,3.9,35,0.0,0.0,0.0,0.0,4.21,10.2
2007-02-16,6.4,10.4,3.1,3.1,7.9,46,0.0,0.0,0.0,0.0,1.91,4.9
2007-02-17,6.1,10.9,2.8,2.4,6.5,62,0.0,0.0,0.0,0.0,4.24,9.3
2007-02-18,4.4,9.8,0.6,1.0,7.4,63,0.0,0.0,0.0,0.0,3.13,6.3
2007-02-19,6.6,12.2,1.4,2.7,8.4,65,0.0,0.0,0.0,0.0,4.72,10.4
2007-02-20,9.0,14.0,5.2,5.7,10.8,70,0.0,0.0,0.0,0.0,4.88,10.4
2007-02-21,10.7,15.7,7.0,7.2,12.1,64,0.0,0.0,0.0,0.0,5.73,12.3
2007-02-22,10.1,14.7,5.2,5.7,10.0,45,0.0,0.0,0.0,0.0,5.95,11.2
2007-02-23,7.4,13.4,1.6,3.3,9.3,36,1.0,1.0,0.0,3.0,3.11,5.9
2007-02-24,6.2,7.9,2.8,2.6,4.4,64,0.8,0.8,0.0,4.0,4.3,8.2
2007-02-25,7.5,13.1,1.8,4.1,10.3,69,0.0,0.0,0.0,0.0,4.82,9.8
2007-02-26,10.0,15.3,5.1,6.0,11.6,58,0.0,0.0,0.0,0.0,5.51,12.2
2007-02-27,8.3,15.1,2.8,5.3,12.2,68,0.0,0.0,0.0,0.0,3.96,8.7
2007-02-28,7.4,11.8,2.4,4.4,8.3,69,1.0,1.0,0.0,3.0,3.48,7.3
2007-03-01,7.9,9.6,6.4,5.9,8.3,91,5.7,5.7,0.0,8.0,2.91,6.1
2007-03-02,7.8,9.3,6.2,5.6,7.0,90,0.0,0.0,0.0,0.0,3.85,6.9
2007-03-03,4.8,7.5,2.9,0.8,4.3,93,29.9,29.9,0.0,19.0,6.99,13.8
2007-03-04,1.2,3.0,-0.2,-3.8,-1.1,90,13.4,9.9,2.52,19.0,6.46,13.3
2007-03-05,-2.8,0.4,-5.1,-8.6,-4.5,46,0.0,0.0,0.0,0.0,7.31,13.7
2007-03-06,-2.3,1.9,-7.8,-6.4,-1.1,47,0.0,0.0,0.0,0.0,2.62,6.0
2007-03-07,1.6,6.0,-2.5,-2.3,3.3,52,0.0,0.0,0.0,0.0,2.47,6.6
2007-03-08,4.2,9.8,-1.6,-0.2,5.7,54,0.0,0.0,0.0,0.0,4.78,10.6
2007-03-09,8.6,13.4,4.4,4.1,9.2,57,0.5,0.5,0.0,2.0,6.31,13.6
2007-03-10,4.1,8.4,-1.2,-1.0,5.4,40,0.2,0.2,0.0,1.0,7.26,15.1
2007-03-11,3.5,9.1,-2.4,-1.1,4.7,40,0.0,0.0,0.0,0.0,4.85,10.9
2007-03-12,5.9,10.4,2.4,1.4,5.4,47,0.0,0.0,0.0,0.0,4.71,10.6
2007-03-13,8.3,13.0,3.2,5.5,11.2,60,0.0,0.0,0.0,0.0,3.1,6.6
2007-03-14,9.5,13.8,6.2,7.4,12.1,71,0.0,0.0,0.0,0.0,2.72,6.9
2007-03-15,8.4,13.0,4.5,5.3,10.2,72,0.0,0.0,0.0,0.0,4.52,8.9
2007-03-16,6.4,9.0,4.2,2.9,5.6,60,0.0,0.0,0.0,0.0,2.95,6.9
2007-03-17,7.3,11.6,1.9,4.1,9.0,50,0.0,0.0,0.0,0.0,2.33,5.3
2007-03-18,8.4,11.9,5.4,5.0,8.4,57,0.0,0.0,0.0,0.0,3.94,9.4
2007-03-19,8.5,12.7,3.7,5.4,9.8,56,0.0,0.0,0.0,0.0,3.58,8.0
2007-03-20,9.2,13.0,4.7,5.9,9.4,62,0.0,0.0,0.0,0.0,6.22,13.2
2007-03-21,11.7,16.9,7.9,8.5,14.6,56,0.1,0.1,0.0,1.0,4.75,11.1
2007-03-22,12.7,18.4,8.2,9.8,15.8,56,0.0,0.0,0.0,0.0,4.68,10.1
2007-03-23,12.5,14.1,10.5,10.5,12.3,72,0.0,0.0,0.0,0.0,3.49,7.8
2007-03-24,12.3,17.9,8.1,10.1,15.7,62,0.0,0.0,0.0,0.0,2.89,8.2
2007-03-25,15.2,23.0,8.7,12.2,20.8,45,0.2,0.2,0.0,1.0,4.72,11.1
2007-03-26,17.6,23.3,11.9,15.1,22.0,49,0.0,0.0,0.0,0.0,5.07,9.8
2007-03-27,14.4,19.4,10.4,11.1,17.1,39,0.0,0.0,0.0,0.0,4.65,9.9
2007-03-28,12.4,16.0,7.7,10.2,14.0,65,3.0,3.0,0.0,4.0,4.85,11.3
2007-03-29,14.5,20.7,8.3,10.3,17.0,55,0.0,0.0,0.0,0.0,8.22,19.0
2007-03-30,10.6,15.0,6.9,8.8,13.1,77,1.1,1.1,0.0,5.0,3.29,6.5
2007-03-31,13.2,19.5,6.7,10.6,16.6,55,0.0,0.0,0.0,0.0,4.04,10.4
2007-04-01,13.3,17.9,9.4,9.8,14.3,45,0.0,0.0,0.0,0.0,6.77,13.4
2007-04-02,8.5,12.2,3.7,3.5,6.6,33,0.0,0.0,0.0,0.0,7.24,14.4
2007-04-03,9.6,15.4,3.4,5.0,11.2,29,0.0,0.0,0.0,0.0,5.35,11.6
2007-04-04,13.2,19.8,7.7,9.1,17.0,32,0.0,0.0,0.0,0.0,4.42,9.1
2007-04-05,13.2,16.5,10.3,8.7,11.8,48,0.0,0.0,0.0,0.0,6.33,13.5
2007-04-06,14.4,20.5,9.5,11.5,18.4,48,0.0,0.0,0.0,0.0,4.59,8.5
2007-04-07,13.3,18.4,7.2,9.9,14.6,42,0.1,0.1,0.0,1.0,5.03,11.1
2007-04-08,12.6,18.6,6.2,9.4,16.2,39,0.0,0.0,0.0,0.0,3.1,7.8
2007-04-09,16.9,22.6,11.1,12.4,18.2,40,0.0,0.0,0.0,0.0,8.11,16.5
2007-04-10,15.5,19.9,10.5,13.5,19.5,57,0.0,0.0,0.0,0.0,6.23,12.5
2007-04-11,16.9,22.9,10.3,15.5,21.5,65,7.0,7.0,0.0,4.0,5.75,14.5
2007-04-12,14.6,17.0,8.4,12.7,15.4,74,1.0,1.0,0.0,1.0,6.28,12.1
2007-04-13,12.4,17.9,7.5,10.7,17.6,65,0.0,0.0,0.0,0.0,3.35,6.5
2007-04-14,15.3,20.3,9.5,12.1,19.7,52,0.3,0.3,0.0,1.0,6.45,12.4
2007-04-15,6.3,9.3,4.5,2.6,4.6,82,24.0,24.0,0.0,16.0,6.0,12.2
2007-04-16,9.7,15.7,2.5,7.4,15.1,64,0.0,0.0,0.0,0.0,2.3,6.3
2007-04-17,13.1,18.2,8.1,10.7,17.2,58,0.0,0.0,0.0,0.0,4.32,9.6
2007-04-18,15.3,20.5,9.7,11.6,16.9,63,0.0,0.0,0.0,0.0,7.73,15.5
2007-04-19,19.7,23.4,14.9,17.0,20.9,63,0.0,0.0,0.0,0.0,8.15,16.5
2007-04-20,21.5,25.8,15.5,20.6,25.1,52,0.0,0.0,0.0,0.0,5.57,14.0
2007-04-21,18.3,22.6,14.3,16.6,23.0,57,0.0,0.0,0.0,0.0,5.56,11.3
2007-04-22,14.1,18.1,8.3,10.9,16.3,48,0.0,0.0,0.0,0.0,5.25,11.1
2007-04-23,13.5,18.5,7.1,10.7,16.3,47,0.0,0.0,0.0,0.0,3.7,8.7
2007-04-24,15.2,19.9,11.9,12.9,18.1,52,0.0,0.0,0.0,0.0,3.96,9.8
2007-04-25,18.7,25.9,11.8,15.6,23.1,37,0.0,0.0,0.0,0.0,4.93,10.2
2007-04-26,18.9,25.6,11.8,16.4,24.9,43,0.0,0.0,0.0,0.0,5.77,11.9
2007-04-27,15.9,21.6,10.2,13.2,20.4,47,0.0,0.0,0.0,0.0,4.75,9.8
2007-04-28,18.7,24.6,11.3,17.2,24.8,52,0.0,0.0,0.0,0.0,3.61,8.4
2007-04-29,20.7,26.2,16.0,19.0,25.1,52,0.0,0.0,0.0,0.0,5.41,11.5
2007-04-30,16.7,20.2,11.8,15.1,18.9,66,0.0,0.0,0.0,0.0,5.6,11.4
2007-05-01,15.8,21.6,11.1,14.7,20.2,68,0.0,0.0,0.0,0.0,3.22,7.8
2007-05-02,20.5,26.6,13.7,18.6,25.2,55,0.0,0.0,0.0,0.0,6.22,12.5
2007-05-03,20.6,24.5,16.1,19.8,24.5,58,3.8,3.8,0.0,6.0,5.78,9.4
2007-05-04,23.3,30.3,16.0,21.8,29.4,49,0.0,0.0,0.0,0.0,5.46,11.3
2007-05-05,20.9,24.5,13.4,18.8,21.8,49,0.0,0.0,0.0,0.0,7.07,13.9
2007-05-06,20.5,27.8,12.1,19.0,27.6,49,0.0,0.0,0.0,0.0,3.48,8.3
2007-05-07,23.7,29.4,18.5,22.3,28.8,48,0.0,0.0,0.0,0.0,6.26,13.6
2007-05-08,23.8,29.4,15.8,23.6,31.8,52,0.0,0.0,0.0,0.0,6.35,11.3
2007-05-09,14.7,19.5,10.1,11.9,18.0,62,11.1,11.1,0.0,6.0,6.93,14.5
2007-05-10,17.5,23.8,8.8,15.9,22.7,58,0.3,0.3,0.0,1.0,4.4,9.4
2007-05-11,18.3,20.0,16.4,18.2,22.0,83,3.9,3.9,0.0,11.0,5.36,10.8
2007-05-12,21.1,25.9,14.8,18.3,22.4,40,0.0,0.0,0.0,0.0,6.02,12.2
2007-05-13,22.7,28.4,17.1,19.4,25.7,36,0.0,0.0,0.0,0.0,6.88,14.0
2007-05-14,24.5,30.9,18.7,24.4,32.2,49,0.0,0.0,0.0,0.0,4.84,10.2
2007-05-15,24.9,29.4,21.7,23.3,27.4,53,0.0,0.0,0.0,0.0,9.02,19.1
2007-05-16,22.2,26.3,18.5,19.2,22.5,44,0.0,0.0,0.0,0.0,8.79,16.6
2007-05-17,23.0,28.3,17.9,19.0,24.3,31,0.0,0.0,0.0,0.0,7.99,15.7
2007-05-18,18.0,22.2,12.2,15.0,19.3,39,0.0,0.0,0.0,0.0,5.62,12.4
2007-05-19,19.7,26.2,12.0,17.5,25.5,40,0.0,0.0,0.0,0.0,3.66,8.5
2007-05-20,22.5,29.0,16.8,21.8,29.6,55,5.2,5.2,0.0,4.0,5.6,12.2
2007-05-21,20.2,22.7,17.3,22.0,24.7,84,4.6,4.6,0.0,7.0,3.01,6.8
2007-05-22,21.9,26.1,17.7,24.0,28.5,86,6.2,6.2,0.0,11.0,4.13,11.4
2007-05-23,19.3,21.5,17.4,21.0,22.8,90,4.8,4.8,0.0,6.0,2.69,7.5
2007-05-24,22.1,27.1,16.6,23.7,30.7,72,0.1,0.1,0.0,1.0,3.04,6.6
2007-05-25,26.2,31.6,19.7,24.8,29.9,41,0.0,0.0,0.0,0.0,5.63,12.9
2007-05-26,28.7,34.8,23.0,27.6,34.5,38,0.0,0.0,0.0,0.0,5.16,10.7
2007-05-27,28.6,33.7,22.6,28.8,35.8,45,0.0,0.0,0.0,0.0,4.74,10.6
2007-05-28,25.5,32.6,19.0,26.0,34.7,53,0.0,0.0,0.0,0.0,4.03,7.5
2007-05-29,25.0,30.9,19.1,24.2,30.3,46,0.0,0.0,0.0,0.0,4.41,10.2
2007-05-30,24.5,29.7,20.0,23.9,30.4,47,1.5,1.5,0.0,5.0,4.28,10.3
2007-05-31,20.1,22.3,16.4,19.4,21.3,67,3.9,3.9,0.0,7.0,5.94,10.5
2007-06-01,20.4,24.0,17.9,21.1,25.0,75,0.0,0.0,0.0,0.0,3.92,6.2
2007-06-02,21.9,27.2,16.5,23.0,28.6,70,0.0,0.0,0.0,0.0,3.18,7.5
2007-06-03,23.7,28.6,18.6,24.1,29.8,64,0.0,0.0,0.0,0.0,4.56,10.9
2007-06-04,25.7,30.5,20.5,27.2,34.1,59,0.0,0.0,0.0,0.0,3.69,8.4
2007-06-05,26.3,32.3,20.6,27.4,34.1,57,0.0,0.0,0.0,0.0,3.89,8.7
2007-06-06,28.6,34.3,23.8,28.6,34.4,47,0.0,0.0,0.0,0.0,5.37,11.7
2007-06-07,29.1,35.1,24.4,29.3,35.6,44,0.0,0.0,0.0,0.0,4.61,9.8
2007-06-08,30.1,37.3,24.3,30.9,39.1,43,0.0,0.0,0.0,0.0,3.7,7.2
2007-06-09,29.1,35.7,22.4,28.2,34.2,36,0.0,0.0,0.0,0.0,5.16,11.0
2007-06-10,27.3,33.1,20.9,27.1,34.8,40,0.0,0.0,0.0,0.0,3.92,7.5
2007-06-11,25.9,30.5,21.7,25.6,31.9,46,0.0,0.0,0.0,0.0,3.61,8.1
2007-06-12,26.1,31.3,21.2,27.2,33.9,54,0.0,0.0,0.0,0.0,3.83,8.2
2007-06-13,25.1,29.4,22.0,25.5,30.6,55,0.1,0.1,0.0,1.0,3.78,7.0
2007-06-14,25.4,31.6,19.3,24.9,30.9,46,0.0,0.0,0.0,0.0,4.53,9.7
2007-06-15,26.1,32.4,18.5,26.3,33.5,46,0.0,0.0,0.0,0.0,4.66,9.0
2007-06-16,27.0,32.4,20.9,27.7,35.1,46,0.0,0.0,0.0,0.0,3.54,7.6
2007-06-17,27.1,32.1,21.5,27.9,34.7,49,0.0,0.0,0.0,0.0,3.91,7.5
2007-06-18,27.5,32.7,21.9,27.2,32.1,39,0.0,0.0,0.0,0.0,3.21,6.8
2007-06-19,23.5,25.5,21.4,24.7,26.4,63,0.2,0.2,0.0,2.0,3.21,6.0
2007-06-20,20.8,22.6,19.4,22.8,25.6,91,7.5,7.5,0.0,13.0,3.82,7.9
2007-06-21,20.3,22.0,19.1,22.3,24.2,94,1.9,1.9,0.0,8.0,4.47,9.8
2007-06-22,22.7,26.8,19.0,26.0,30.3,85,2.0,2.0,0.0,5.0,1.39,4.8
2007-06-23,25.4,29.6,21.7,28.4,32.5,74,0.6,0.6,0.0,4.0,2.77,6.9
2007-06-24,26.3,29.9,22.4,29.0,33.4,68,0.0,0.0,0.0,0.0,3.54,9.0
2007-06-25,28.5,35.0,20.8,30.3,36.9,56,0.0,0.0,0.0,0.0,4.32,9.0
2007-06-26,30.0,33.8,26.6,32.8,36.9,61,0.0,0.0,0.0,0.0,4.56,10.9
2007-06-27,24.4,27.4,21.7,26.8,31.6,78,0.6,0.6,0.0,2.0,6.28,13.9
2007-06-28,25.8,31.1,20.5,29.4,35.7,72,0.0,0.0,0.0,0.0,1.92,5.5
2007-06-29,28.3,34.9,24.3,32.5,40.4,71,3.9,3.9,0.0,6.0,3.34,8.3
2007-06-30,24.1,27.6,22.4,28.4,32.4,91,49.4,49.4,0.0,21.0,3.18,8.1
2007-07-01,23.5,26.0,21.0,25.9,28.1,82,2.7,2.7,0.0,9.0,4.33,9.2
2007-07-02,24.7,29.0,19.6,28.0,33.0,78,0.0,0.0,0.0,0.0,3.14,7.1
2007-07-03,26.3,29.8,23.4,29.6,34.5,73,0.3,0.3,0.0,2.0,2.82,6.8
2007-07-04,26.5,30.9,22.0,29.2,34.8,71,0.0,0.0,0.0,0.0,4.1,8.5
2007-07-05,27.2,31.5,22.7,30.7,35.1,70,0.0,0.0,0.0,0.0,3.08,6.6
2007-07-06,27.1,32.5,22.1,30.9,37.1,73,0.0,0.0,0.0,0.0,3.26,6.0
2007-07-07,27.3,31.7,22.3,30.4,35.6,70,0.0,0.0,0.0,0.0,3.54,7.7
2007-07-08,26.4,31.1,22.5,29.5,35.4,74,0.0,0.0,0.0,0.0,5.03,10.0
2007-07-09,27.7,33.4,23.7,31.4,37.4,72,0.0,0.0,0.0,0.0,4.48,8.9
2007-07-10,28.2,32.9,23.9,31.7,37.3,66,2.4,2.4,0.0,2.0,3.18,8.2
2007-07-11,25.8,32.2,21.8,29.1,37.4,74,17.7,17.7,0.0,6.0,3.26,9.8
2007-07-12,26.1,30.7,21.6,29.4,34.8,72,0.0,0.0,0.0,0.0,2.78,6.3
2007-07-13,25.9,29.1,23.4,30.3,33.5,82,8.1,8.1,0.0,8.0,3.12,6.5
2007-07-14,26.1,29.9,22.2,30.1,33.3,77,0.2,0.2,0.0,1.0,2.86,6.7
2007-07-15,24.0,26.4,20.9,27.6,29.7,80,9.2,9.2,0.0,10.0,1.5,7.5
2007-07-16,25.8,30.3,20.5,29.1,34.1,76,0.0,0.0,0.0,0.0,4.02,8.7
2007-07-17,29.3,33.7,25.1,34.0,38.8,75,0.4,0.4,0.0,2.0,4.4,9.1
2007-07-18,29.4,32.8,24.8,34.5,39.0,80,27.2,27.2,0.0,13.0,6.46,15.1
2007-07-19,25.1,29.0,21.8,27.5,31.0,79,12.2,12.2,0.0,8.0,6.95,14.9
2007-07-20,23.3,27.6,21.0,24.5,29.0,67,0.0,0.0,0.0,0.0,3.33,6.4
2007-07-21,24.2,28.5,20.7,25.9,31.7,67,0.0,0.0,0.0,0.0,3.64,7.4
2007-07-22,25.2,28.7,22.5,28.9,32.3,77,0.2,0.2,0.0,1.0,1.72,5.3
2007-07-23,25.6,29.9,21.5,28.6,32.4,70,0.0,0.0,0.0,0.0,2.77,7.3
2007-07-24,25.4,28.4,21.2,29.5,32.6,78,0.0,0.0,0.0,0.0,1.9,3.5
2007-07-25,25.2,28.1,23.0,29.3,31.4,83,5.2,5.2,0.0,9.0,2.4,5.3
2007-07-26,25.8,29.2,23.7,29.6,32.2,81,0.3,0.3,0.0,2.0,4.18,8.9
2007-07-27,28.1,32.3,24.4,32.2,37.0,76,0.0,0.0,0.0,0.0,4.98,13.5
2007-07-28,29.8,33.7,26.2,34.3,39.1,69,0.2,0.2,0.0,1.0,4.08,12.6
2007-07-29,28.0,30.6,25.4,33.2,36.6,78,0.8,0.8,0.0,1.0,2.92,6.9
2007-07-30,29.1,33.1,24.8,34.2,38.4,76,1.3,1.3,0.0,1.0,3.92,8.1
2007-07-31,28.8,31.9,26.4,32.7,36.7,76,1.9,1.9,0.0,5.0,5.71,16.3
2007-08-01,29.7,34.7,25.7,35.3,42.5,77,10.4,10.4,0.0,4.0,4.53,9.3
2007-08-02,24.4,26.3,22.4,26.9,30.5,82,13.9,13.9,0.0,5.0,4.74,9.7
2007-08-03,24.9,29.2,21.8,27.4,32.5,71,0.0,0.0,0.0,0.0,3.69,8.5
2007-08-04,25.5,30.2,20.0,29.3,35.2,74,0.0,0.0,0.0,0.0,1.84,4.4
2007-08-05,27.1,31.7,22.9,31.4,36.1,75,0.0,0.0,0.0,0.0,2.19,5.4
2007-08-06,26.5,29.8,23.9,31.6,36.4,83,4.9,4.9,0.0,9.0,2.88,7.7
2007-08-07,25.3,27.5,24.0,30.2,32.6,89,10.5,10.5,0.0,15.0,2.3,6.1
2007-08-08,28.0,32.3,24.2,33.1,37.0,83,0.0,0.0,0.0,0.0,4.4,9.6
2007-08-09,30.0,33.9,26.3,36.3,40.7,80,1.3,1.3,0.0,2.0,2.88,7.3
2007-08-10,23.6,26.1,22.1,27.7,30.9,94,64.1,64.1,0.0,21.0,3.76,9.3
2007-08-11,24.7,28.8,21.5,28.0,31.7,83,0.0,0.0,0.0,0.0,4.83,11.1
2007-08-12,24.4,28.9,19.4,27.8,33.1,80,0.1,0.1,0.0,1.0,2.69,8.0
2007-08-13,26.2,31.0,21.4,30.3,36.2,74,0.0,0.0,0.0,0.0,2.0,4.8
2007-08-14,26.7,30.9,22.5,30.9,36.1,75,0.0,0.0,0.0,0.0,2.14,6.5
2007-08-15,26.1,29.2,22.9,30.3,32.5,80,0.0,0.0,0.0,0.0,2.87,6.5
2007-08-16,22.9,24.6,21.8,26.8,29.9,96,15.3,15.3,0.0,21.0,4.24,7.5
2007-08-17,23.2,24.7,22.1,27.7,29.7,97,16.6,16.6,0.0,16.0,2.56,7.8
2007-08-18,25.1,28.7,22.5,29.9,34.0,90,1.1,1.1,0.0,5.0,2.94,6.4
2007-08-19,25.9,29.8,22.8,30.8,35.2,87,1.0,1.0,0.0,4.0,2.27,5.6
2007-08-20,27.5,31.8,23.8,33.5,38.7,84,0.7,0.7,0.0,3.0,1.91,3.6
2007-08-21,28.5,32.3,24.8,34.1,38.1,82,0.0,0.0,0.0,0.0,3.99,8.7
2007-08-22,26.9,31.2,21.3,29.2,32.3,71,0.0,0.0,0.0,0.0,6.31,12.0
2007-08-23,25.5,30.4,19.7,29.0,35.4,74,0.0,0.0,0.0,0.0,2.33,5.6
2007-08-24,28.3,32.2,25.3,33.9,38.6,81,1.4,1.4,0.0,2.0,3.0,6.3
2007-08-25,27.3,29.3,25.5,33.0,34.7,86,6.2,6.2,0.0,7.0,3.14,6.5
2007-08-26,26.9,31.0,23.6,31.9,36.1,83,0.2,0.2,0.0,1.0,4.2,8.5
2007-08-27,23.4,25.3,21.9,25.9,28.1,86,0.0,0.0,0.0,0.0,4.24,8.5
2007-08-28,24.2,29.8,20.4,26.1,31.4,74,0.0,0.0,0.0,0.0,4.52,9.2
2007-08-29,22.4,26.4,19.3,24.3,27.9,76,1.1,1.1,0.0,3.0,3.1,6.5
2007-08-30,20.4,22.2,18.9,22.5,24.2,87,22.2,22.2,0.0,11.0,2.79,5.2
2007-08-31,20.2,22.0,18.2,22.9,24.9,92,5.5,5.5,0.0,14.0,1.9,6.0
2007-09-01,22.6,28.1,18.0,25.4,32.6,82,0.0,0.0,0.0,0.0,2.6,5.0
2007-09-02,24.0,29.8,20.3,26.9,33.8,76,0.1,0.1,0.0,1.0,2.55,6.7
2007-09-03,22.3,26.9,18.9,24.0,28.2,78,0.3,0.3,0.0,1.0,4.68,9.2
2007-09-04,21.8,27.7,16.4,22.8,28.6,71,0.0,0.0,0.0,0.0,3.5,8.4
2007-09-05,22.3,27.2,17.0,23.3,27.0,65,0.0,0.0,0.0,0.0,3.41,7.5
2007-09-06,21.7,28.0,15.7,22.2,28.1,70,0.0,0.0,0.0,0.0,3.89,8.8
2007-09-07,22.5,28.6,17.9,23.9,29.9,65,0.0,0.0,0.0,0.0,1.88,4.4
2007-09-08,23.3,29.2,19.7,24.6,31.3,63,0.0,0.0,0.0,0.0,2.58,4.2
2007-09-09,23.3,29.8,18.5,23.9,30.4,61,0.0,0.0,0.0,0.0,3.33,7.6
2007-09-10,23.8,29.6,19.4,24.2,29.5,59,0.0,0.0,0.0,0.0,4.33,8.8
2007-09-11,23.4,30.4,17.9,24.7,32.2,65,0.0,0.0,0.0,0.0,2.26,5.5
2007-09-12,23.7,29.5,18.6,25.1,31.5,66,0.0,0.0,0.0,0.0,2.86,7.2
2007-09-13,22.7,24.9,20.2,24.6,26.9,72,0.0,0.0,0.0,0.0,2.02,4.0
2007-09-14,20.3,24.7,17.5,22.0,27.1,83,6.1,6.1,0.0,11.0,3.24,7.8
2007-09-15,21.1,26.5,17.4,23.6,29.8,84,0.0,0.0,0.0,0.0,1.6,5.7
2007-09-16,23.2,29.3,18.8,25.4,31.9,75,0.0,0.0,0.0,0.0,2.32,5.1
2007-09-17,23.3,28.3,17.9,25.1,30.7,70,0.0,0.0,0.0,0.0,2.2,4.8
2007-09-18,22.6,26.3,18.3,24.3,28.9,71,0.3,0.3,0.0,2.0,2.64,8.8
2007-09-19,20.4,25.8,16.9,20.9,25.0,80,0.0,0.0,0.0,0.0,4.91,9.7
2007-09-20,20.6,25.7,16.3,20.5,25.2,74,7.7,7.7,0.0,10.0,5.76,13.4
2007-09-21,21.7,29.7,15.8,22.3,31.4,64,0.0,0.0,0.0,0.0,2.6,4.7
2007-09-22,21.8,28.4,16.4,22.0,27.9,66,0.0,0.0,0.0,0.0,4.52,9.6
2007-09-23,22.0,26.8,18.3,23.3,27.1,77,0.0,0.0,0.0,0.0,3.7,7.7
2007-09-24,21.5,27.4,17.2,23.1,28.8,77,0.0,0.0,0.0,0.0,2.28,6.1
2007-09-25,23.4,28.7,18.8,25.6,30.4,71,0.0,0.0,0.0,0.0,1.89,5.3
2007-09-26,23.8,28.6,19.9,26.4,30.9,75,0.0,0.0,0.0,0.0,2.44,6.2
2007-09-27,17.5,21.7,15.3,17.6,25.2,91,9.4,9.4,0.0,17.0,5.95,12.1
2007-09-28,16.8,19.8,14.8,16.6,19.5,74,1.1,1.1,0.0,2.0,2.52,5.5
2007-09-29,15.1,16.4,13.5,14.3,16.5,78,0.5,0.5,0.0,3.0,3.62,6.8
2007-09-30,13.8,14.5,13.2,14.2,15.6,96,7.9,7.9,0.0,11.0,2.14,3.6
2007-10-01,14.6,15.1,14.3,15.2,16.1,96,2.0,2.0,0.0,13.0,2.47,5.5
2007-10-02,17.1,21.2,13.2,17.6,21.5,83,0.0,0.0,0.0,0.0,2.33,6.0
2007-10-03,19.0,23.4,15.6,20.0,25.2,79,0.0,0.0,0.0,0.0,2.27,4.8
2007-10-04,19.1,22.0,17.2,20.5,23.3,86,4.5,4.5,0.0,7.0,2.53,6.1
2007-10-05,19.4,20.9,17.9,21.4,23.6,91,2.6,2.6,0.0,8.0,2.56,4.6
2007-10-06,20.2,24.2,18.5,22.2,25.6,88,0.5,0.5,0.0,4.0,4.07,9.9
2007-10-07,15.3,18.5,12.4,13.4,20.1,72,3.9,3.9,0.0,9.0,5.98,12.1
2007-10-08,14.1,18.2,10.3,10.9,15.5,48,0.0,0.0,0.0,0.0,3.98,9.3
2007-10-09,14.2,18.3,9.1,12.1,16.5,51,0.0,0.0,0.0,0.0,2.42,5.5
2007-10-10,12.7,13.9,10.8,11.0,12.7,64,0.0,0.0,0.0,0.0,2.19,5.1
2007-10-11,11.9,13.4,10.1,11.3,12.8,83,0.0,0.0,0.0,0.0,1.41,3.3
2007-10-12,13.5,18.2,9.4,12.1,16.7,78,0.0,0.0,0.0,0.0,4.46,9.2
2007-10-13,14.3,18.1,10.7,13.1,16.6,72,0.0,0.0,0.0,0.0,3.2,7.8
2007-10-14,14.4,19.7,10.4,12.2,16.2,56,0.0,0.0,0.0,0.0,3.8,8.9
2007-10-15,14.0,21.0,9.2,11.7,18.7,54,0.0,0.0,0.0,0.0,2.69,5.7
2007-10-16,14.4,22.3,8.6,12.2,20.0,55,0.0,0.0,0.0,0.0,2.21,4.3
2007-10-17,16.7,22.8,10.6,13.7,19.7,50,0.0,0.0,0.0,0.0,5.3,10.7
2007-10-18,15.2,19.7,8.8,12.6,17.9,64,1.2,1.2,0.0,3.0,5.82,11.6
2007-10-19,12.2,18.7,6.1,9.2,13.8,57,0.0,0.0,0.0,0.0,5.5,11.5
2007-10-20,13.2,19.5,6.8,10.0,17.2,46,0.0,0.0,0.0,0.0,3.81,7.4
2007-10-21,16.3,21.8,12.5,12.6,17.6,47,0.0,0.0,0.0,0.0,6.08,12.9
2007-10-22,16.2,22.6,11.5,14.3,21.3,58,0.0,0.0,0.0,0.0,3.54,7.4
2007-10-23,14.7,20.8,10.4,14.2,21.2,79,0.0,0.0,0.0,0.0,2.52,5.2
2007-10-24,15.1,19.6,11.4,14.2,18.6,80,0.0,0.0,0.0,0.0,4.25,10.1
2007-10-25,15.0,20.6,10.1,14.4,19.8,77,0.0,0.0,0.0,0.0,2.33,6.0
2007-10-26,14.6,21.6,9.3,13.1,19.3,71,0.0,0.0,0.0,0.0,3.0,7.0
2007-10-27,15.8,18.7,13.5,14.7,17.6,76,11.5,11.5,0.0,10.0,4.81,10.9
2007-10-28,8.9,14.2,4.1,6.1,14.6,81,2.9,2.9,0.0,4.0,6.69,14.7
2007-10-29,7.6,12.6,3.7,4.2,8.9,63,0.0,0.0,0.0,0.0,4.22,8.2
2007-10-30,10.6,15.6,6.3,6.2,10.7,58,0.0,0.0,0.0,0.0,6.8,13.7
2007-10-31,10.2,13.9,5.1,7.3,10.9,65,0.0,0.0,0.0,0.0,4.29,9.6
2007-11-01,7.0,12.4,3.7,3.0,7.6,46,0.0,0.0,0.0,0.0,4.61,9.7
2007-11-02,9.0,16.1,4.6,4.9,11.3,42,0.0,0.0,0.0,0.0,3.97,8.7
2007-11-03,9.8,16.6,3.6,6.9,13.5,51,0.0,0.0,0.0,0.0,2.85,5.1
2007-11-04,9.4,16.7,4.2,6.6,13.3,62,0.0,0.0,0.0,0.0,2.4,5.4
2007-11-05,10.7,18.5,5.8,8.1,15.6,68,0.0,0.0,0.0,0.0,3.34,7.7
2007-11-06,11.3,18.1,6.2,8.8,15.1,69,0.0,0.0,0.0,0.0,3.67,8.1
2007-11-07,13.0,18.4,9.7,10.2,15.5,61,0.0,0.0,0.0,0.0,4.18,8.9
2007-11-08,11.2,16.2,7.7,9.4,13.6,75,0.0,0.0,0.0,0.0,3.55,7.7
2007-11-09,8.7,12.9,5.5,6.4,10.0,76,0.0,0.0,0.0,0.0,2.25,5.6
2007-11-10,7.9,13.2,3.5,5.2,10.0,59,0.0,0.0,0.0,0.0,2.05,4.6
2007-11-11,7.1,14.6,2.6,4.4,12.2,66,0.0,0.0,0.0,0.0,2.5,4.3
2007-11-12,8.4,13.3,3.3,5.1,9.3,65,0.0,0.0,0.0,0.0,3.99,9.1
2007-11-13,10.1,15.2,7.1,7.7,13.1,61,0.0,0.0,0.0,0.0,2.4,4.6
2007-11-14,10.1,15.5,5.9,7.9,12.8,75,0.0,0.0,0.0,0.0,5.38,10.2
2007-11-15,4.4,8.6,1.6,-0.5,4.3,73,0.0,0.0,0.0,0.0,6.89,13.4
2007-11-16,3.5,7.9,-0.4,-0.0,4.9,63,0.0,0.0,0.0,0.0,3.31,6.2
2007-11-17,5.9,10.7,2.8,1.9,7.1,60,0.0,0.0,0.0,0.0,4.25,9.9
2007-11-18,3.4,7.2,0.4,-1.2,2.8,39,0.0,0.0,0.0,0.0,3.86,8.3
2007-11-19,5.9,12.5,1.4,0.2,6.8,40,0.0,0.0,0.0,0.0,7.84,16.3
2007-11-20,6.2,13.7,0.2,2.0,9.2,54,0.0,0.0,0.0,0.0,5.91,12.0
2007-11-21,7.6,15.8,2.3,4.9,13.1,69,0.0,0.0,0.0,0.0,2.51,6.4
2007-11-22,10.1,15.6,5.9,6.7,11.4,65,0.0,0.0,0.0,0.0,5.19,11.1
2007-11-23,6.5,11.3,2.6,3.7,8.1,73,0.0,0.0,0.0,0.0,3.36,8.1
2007-11-24,5.6,11.4,-0.3,2.3,8.3,76,0.0,0.0,0.0,0.0,5.3,10.2
2007-11-25,10.2,13.6,5.2,6.5,11.0,72,0.0,0.0,0.0,0.0,5.64,12.7
2007-11-26,3.6,7.6,-0.5,-1.3,2.9,29,0.0,0.0,0.0,0.0,4.21,8.3
2007-11-27,3.5,10.2,-0.2,-0.8,6.0,42,0.0,0.0,0.0,0.0,2.6,6.4
2007-11-28,3.6,11.4,-0.8,-0.4,7.1,58,0.0,0.0,0.0,0.0,3.28,7.3
2007-11-29,3.4,8.8,-1.1,-0.4,4.2,64,0.0,0.0,0.0,0.0,3.76,8.0
2007-11-30,2.8,8.2,-1.7,-0.8,4.0,70,0.0,0.0,0.0,0.0,3.41,8.1
2007-12-01,5.2,9.8,0.3,2.1,6.8,71,1.1,1.1,0.0,5.0,2.65,6.7
2007-12-02,4.5,7.1,1.6,1.2,3.7,71,3.5,3.5,0.0,8.0,3.96,8.7
2007-12-03,2.4,6.9,-1.3,-1.5,2.2,68,0.0,0.0,0.0,0.0,4.34,9.2
2007-12-04,0.6,6.6,-3.0,-3.3,2.7,63,0.0,0.0,0.0,0.0,2.6,4.6
2007-12-05,1.9,7.3,-3.0,-2.4,2.3,61,0.0,0.0,0.0,0.0,4.97,9.2
2007-12-06,3.7,6.3,0.5,-0.9,1.7,54,0.1,0.1,0.0,1.0,4.97,9.6
2007-12-07,0.7,6.1,-2.8,-3.2,2.3,50,0.0,0.0,0.0,0.0,2.59,4.2
2007-12-08,1.3,8.0,-3.3,-2.3,4.2,70,0.0,0.0,0.0,0.0,2.33,6.3
2007-12-09,3.3,8.6,-1.3,-0.1,5.3,65,0.0,0.0,0.0,0.0,2.37,4.7
2007-12-10,3.5,4.2,2.8,0.7,1.7,91,4.8,4.8,0.0,10.0,3.05,6.8
2007-12-11,2.9,3.8,0.8,-0.6,1.1,77,0.0,0.0,0.0,0.0,4.02,7.9
2007-12-12,0.7,3.1,-3.5,-2.7,-0.6,75,0.0,0.0,0.0,0.0,2.64,5.0
2007-12-13,-0.7,4.5,-4.0,-4.6,0.2,66,0.0,0.0,0.0,0.0,2.34,5.4
2007-12-14,2.3,8.6,-1.8,-2.0,3.7,58,0.0,0.0,0.0,0.0,4.14,9.6
2007-12-15,0.5,5.4,-2.7,-3.9,1.2,49,0.0,0.0,0.0,0.0,2.95,6.8
2007-12-16,2.2,7.8,-2.6,-2.0,3.4,53,0.0,0.0,0.0,0.0,3.77,8.7
2007-12-17,2.7,8.4,-1.6,-0.8,4.4,73,0.0,0.0,0.0,0.0,3.62,8.3
2007-12-18,2.6,7.9,-2.1,-1.1,3.9,66,0.0,0.0,0.0,0.0,3.81,7.4
2007-12-19,2.9,6.4,-1.5,-0.6,3.8,79,0.0,0.0,0.0,0.0,4.46,8.6
2007-12-20,1.2,6.0,-2.2,-2.1,2.4,86,0.0,0.0,0.0,0.0,3.11,6.5
2007-12-21,2.4,6.3,-1.0,-0.6,3.3,87,0.0,0.0,0.0,0.0,2.56,6.4
2007-12-22,3.7,5.6,1.5,1.4,3.7,92,0.0,0.0,0.0,0.0,1.96,5.1
2007-12-23,2.3,6.1,-0.8,-1.0,1.8,80,0.0,0.0,0.0,0.0,3.12,7.0
2007-12-24,2.1,6.6,-2.3,-1.3,3.2,66,0.0,0.0,0.0,0.0,2.33,5.3
2007-12-25,2.7,7.7,-1.2,-0.5,4.1,62,0.0,0.0,0.0,0.0,2.51,4.4
2007-12-26,2.3,7.6,-1.9,-0.8,5.0,71,0.0,0.0,0.0,0.0,2.43,4.2
2007-12-27,4.7,6.8,2.9,2.2,4.1,77,0.0,0.0,0.0,0.0,1.63,5.5
2007-12-28,2.8,5.3,-3.5,-1.0,2.6,64,0.0,0.0,0.0,0.0,7.01,13.7
2007-12-29,-1.5,3.3,-5.0,-6.5,-2.8,36,0.0,0.0,0.0,0.0,5.54,10.9
2007-12-30,-2.2,1.9,-4.9,-7.9,-4.2,28,0.0,0.0,0.0,0.0,5.81,11.2
2007-12-31,-1.8,3.0,-5.9,-7.0,-3.3,32,0.0,0.0,0.0,0.0,4.96,11.3
2008-01-01,-3.4,1.8,-7.7,-8.5,-3.9,35,0.0,0.0,0.0,0.0,4.47,9.3
2008-01-02,0.1,6.6,-4.9,-5.0,0.8,35,0.0,0.0,0.0,0.0,4.42,9.0
2008-01-03,0.3,7.2,-4.9,-4.1,2.4,45,0.0,0.0,0.0,0.0,3.76,7.7
2008-01-04,-0.3,6.7,-5.6,-4.2,3.4,56,0.0,0.0,0.0,0.0,1.82,5.5
2008-01-05,3.2,10.5,-3.0,-1.6,4.6,55,0.0,0.0,0.0,0.0,5.15,10.3
2008-01-06,4.6,9.6,0.6,0.7,5.1,57,0.0,0.0,0.0,0.0,3.72,7.9
2008-01-07,1.8,7.7,-2.1,-1.8,3.7,65,0.0,0.0,0.0,0.0,1.94,6.3
2008-01-08,3.6,10.0,-0.8,-0.3,5.4,55,0.0,0.0,0.0,0.0,3.02,8.1
2008-01-09,-0.5,1.0,-2.0,-5.0,-2.6,81,0.0,0.0,0.0,0.0,5.82,12.3
2008-01-10,-1.4,0.3,-3.6,-5.3,-3.4,85,0.4,0.0,0.7,3.0,3.39,6.2
2008-01-11,-0.4,1.3,-1.4,-5.1,-3.4,79,0.4,0.0,0.63,2.0,4.98,10.4
2008-01-12,-3.1,-0.6,-6.3,-9.2,-6.0,56,0.0,0.0,0.0,0.0,6.95,13.3
2008-01-13,-5.3,-3.6,-7.2,-10.5,-9.0,56,0.0,0.0,0.0,0.0,5.01,10.3
2008-01-14,-5.8,-2.0,-9.1,-10.0,-5.9,62,0.0,0.0,0.0,0.0,2.4,4.9
2008-01-15,-5.4,-1.8,-8.3,-9.7,-5.9,69,0.0,0.0,0.0,0.0,3.1,5.7
2008-01-16,-5.9,-1.1,-9.9,-10.4,-6.0,65,0.0,0.0,0.0,0.0,3.69,8.1
2008-01-17,-4.2,-1.9,-6.2,-8.3,-5.8,68,0.0,0.0,0.42,0.0,2.71,6.9
2008-01-18,-3.1,-1.2,-5.6,-6.6,-4.4,78,0.0,0.0,0.0,0.0,1.97,4.0
2008-01-19,-3.2,-1.2,-5.2,-7.6,-6.0,76,0.2,0.0,0.42,2.0,3.58,7.4
2008-01-20,-2.9,-0.7,-4.5,-8.1,-6.7,74,0.5,0.0,0.77,3.0,5.81,11.4
2008-01-21,-4.4,-1.9,-7.2,-9.4,-7.3,62,0.0,0.0,0.07,0.0,4.6,9.2
2008-01-22,-4.6,-2.3,-7.2,-8.7,-6.6,63,0.0,0.0,0.0,0.0,2.25,6.4
2008-01-23,-5.9,-3.4,-8.4,-11.1,-9.5,41,0.0,0.0,0.0,0.0,4.62,9.8
2008-01-24,-5.2,-1.9,-8.6,-9.7,-6.6,34,0.0,0.0,0.0,0.0,1.92,5.9
2008-01-25,-3.5,-1.1,-6.0,-8.0,-6.0,33,0.0,0.0,0.0,0.0,2.53,6.0
2008-01-26,-2.8,1.4,-7.1,-7.4,-3.7,45,0.0,0.0,0.0,0.0,3.33,7.4
2008-01-27,-1.9,2.9,-5.5,-5.9,-0.6,58,0.0,0.0,0.0,0.0,2.53,4.6
2008-01-28,-0.9,1.8,-3.1,-4.8,-2.4,61,0.0,0.0,0.0,0.0,2.15,5.8
2008-01-29,-2.6,0.9,-4.8,-7.0,-4.0,49,0.0,0.0,0.0,0.0,3.58,8.3
2008-01-30,-4.3,-0.4,-8.2,-8.8,-5.3,36,0.0,0.0,0.0,0.0,2.67,6.7
2008-01-31,-3.4,2.3,-7.6,-7.7,-2.0,39,0.0,0.0,0.0,0.0,1.73,5.3
2008-02-01,-2.4,2.6,-7.0,-6.6,-1.7,43,0.0,0.0,0.0,0.0,1.8,5.1
2008-02-02,-1.8,3.9,-5.9,-6.0,-0.3,51,0.0,0.0,0.0,0.0,2.38,6.2
2008-02-03,-2.3,3.0,-6.5,-6.6,-1.4,42,0.0,0.0,0.0,0.0,2.12,6.8
2008-02-04,-1.8,4.5,-7.0,-6.1,1.0,42,0.0,0.0,0.0,0.0,2.6,5.2
2008-02-05,-1.9,0.9,-4.8,-6.3,-4.1,60,0.7,0.0,0.63,4.0,4.7,10.0
2008-02-06,-3.1,2.0,-7.4,-7.3,-2.0,44,0.0,0.0,0.0,0.0,2.02,6.8
2008-02-07,-2.2,3.9,-7.3,-6.4,-0.1,46,0.0,0.0,0.0,0.0,1.78,4.6
2008-02-08,-3.4,-0.4,-6.9,-8.3,-5.9,47,1.3,0.0,0.98,7.0,4.66,10.2
2008-02-09,-2.7,2.9,-7.6,-7.4,-1.6,36,0.0,0.0,0.0,0.0,2.67,6.7
2008-02-10,0.7,5.8,-3.1,-3.7,1.8,33,0.0,0.0,0.0,0.0,2.62,7.5
2008-02-11,-0.9,3.6,-4.3,-6.1,-2.2,31,0.0,0.0,0.0,0.0,4.38,9.9
2008-02-12,-4.7,-0.7,-8.8,-10.0,-6.0,18,0.0,0.0,0.0,0.0,4.5,10.0
2008-02-13,-2.1,4.0,-7.6,-7.2,-1.3,26,0.0,0.0,0.0,0.0,4.21,9.9
2008-02-14,0.2,6.5,-4.5,-4.3,2.2,35,0.0,0.0,0.0,0.0,2.64,6.9
2008-02-15,0.8,8.5,-5.6,-3.6,4.4,41,0.0,0.0,0.0,0.0,3.19,7.3
2008-02-16,0.4,6.9,-3.6,-3.9,2.7,45,0.0,0.0,0.0,0.0,3.39,7.3
2008-02-17,1.4,8.0,-4.7,-3.1,3.7,34,0.0,0.0,0.0,0.0,2.56,6.4
2008-02-18,2.2,7.1,-1.6,-2.4,2.5,37,0.0,0.0,0.0,0.0,3.35,8.1
2008-02-19,4.0,10.0,0.3,-0.6,6.1,48,0.0,0.0,0.0,0.0,4.61,10.3
2008-02-20,4.9,12.2,-1.5,1.3,9.2,57,0.0,0.0,0.0,0.0,3.2,6.0
2008-02-21,8.7,15.8,3.7,3.8,11.0,49,0.0,0.0,0.0,0.0,6.69,13.7
2008-02-22,3.4,8.5,-2.3,-1.2,4.1,65,0.4,0.2,0.14,2.0,7.87,15.7
2008-02-23,-0.8,3.4,-4.5,-6.2,-2.6,53,0.0,0.0,0.0,0.0,7.02,14.9
2008-02-24,-1.9,1.1,-5.2,-6.1,-2.7,57,0.0,0.0,0.14,0.0,3.23,7.1
2008-02-25,-1.3,1.0,-2.4,-4.8,-2.9,81,1.9,0.0,1.47,8.0,2.97,7.5
2008-02-26,0.7,5.6,-4.7,-3.9,0.8,56,0.0,0.0,0.0,0.0,5.35,11.4
2008-02-27,5.7,12.7,-0.1,1.1,9.2,34,0.0,0.0,0.0,0.0,4.42,8.1
2008-02-28,9.0,15.4,4.9,3.9,10.1,28,0.0,0.0,0.0,0.0,5.52,11.6
2008-02-29,7.1,12.5,2.2,2.2,7.6,25,0.0,0.0,0.0,0.0,5.41,11.2
2008-03-01,9.9,15.1,4.0,4.1,9.3,22,0.0,0.0,0.0,0.0,7.64,15.2
2008-03-02,7.0,9.8,2.9,2.0,3.9,35,0.0,0.0,0.0,0.0,6.18,12.3
2008-03-03,5.4,10.4,0.6,0.5,4.9,32,0.0,0.0,0.0,0.0,5.79,12.2
2008-03-04,7.1,14.4,1.0,2.9,10.5,31,0.0,0.0,0.0,0.0,2.84,7.5
2008-03-05,10.1,16.3,2.6,5.3,11.2,33,0.0,0.0,0.0,0.0,6.07,12.7
2008-03-06,7.7,11.5,2.0,2.8,6.7,33,0.0,0.0,0.0,0.0,5.46,11.3
2008-03-07,6.5,13.5,-1.1,2.3,10.3,37,0.0,0.0,0.0,0.0,3.13,7.5
2008-03-08,8.4,12.6,5.8,3.5,7.3,35,0.0,0.0,0.0,0.0,5.32,11.5
2008-03-09,8.7,13.5,4.5,5.1,10.4,61,1.3,1.3,0.0,4.0,4.28,9.7
2008-03-10,14.1,21.5,7.6,10.3,17.7,47,0.0,0.0,0.0,0.0,5.38,11.4
2008-03-11,15.5,21.6,9.0,13.0,20.5,52,0.0,0.0,0.0,0.0,4.2,8.4
2008-03-12,11.8,20.2,6.3,10.0,18.3,74,2.3,2.3,0.0,5.0,4.24,12.7
2008-03-13,9.1,13.1,3.8,5.3,9.5,54,0.0,0.0,0.0,0.0,5.64,11.6
2008-03-14,9.6,15.1,2.9,5.2,10.8,45,0.0,0.0,0.0,0.0,6.82,13.7
2008-03-15,12.5,17.1,6.8,8.5,13.0,41,0.0,0.0,0.0,0.0,7.08,14.3
2008-03-16,11.2,17.8,4.5,7.1,14.4,34,0.0,0.0,0.0,0.0,4.85,9.0
2008-03-17,13.7,18.6,8.8,9.2,15.2,40,0.0,0.0,0.0,0.0,6.02,12.2
2008-03-18,12.3,20.8,3.8,8.4,20.7,58,0.6,0.6,0.0,3.0,9.36,20.0
2008-03-19,6.6,11.9,2.3,2.0,8.1,39,0.0,0.0,0.0,0.0,4.96,10.4
2008-03-20,10.1,16.3,2.6,6.9,14.2,39,0.0,0.0,0.0,0.0,2.14,6.4
2008-03-21,11.1,14.8,8.7,8.2,12.9,46,0.0,0.0,0.0,0.0,2.92,6.1
2008-03-22,12.0,18.5,7.6,9.8,17.4,62,2.8,2.8,0.0,3.0,4.03,7.0
2008-03-23,11.2,16.1,7.0,7.2,12.6,56,3.4,3.4,0.0,6.0,6.59,13.0
2008-03-24,10.0,13.3,7.5,5.4,9.2,29,0.0,0.0,0.0,0.0,5.39,10.6
2008-03-25,8.2,13.3,2.1,3.6,8.7,30,0.0,0.0,0.0,0.0,6.07,12.4
2008-03-26,10.5,16.0,5.1,6.7,13.3,30,0.0,0.0,0.0,0.0,3.31,7.9
2008-03-27,9.3,14.2,3.8,5.4,11.0,37,0.0,0.0,0.0,0.0,4.0,8.7
2008-03-28,8.6,12.4,5.1,4.7,8.6,48,1.6,1.6,0.0,6.0,3.52,11.2
2008-03-29,7.5,10.4,5.1,5.0,8.0,73,0.3,0.3,0.0,2.0,2.37,6.8
2008-03-30,9.0,14.2,3.7,6.4,12.1,61,0.0,0.0,0.0,0.0,3.41,8.6
2008-03-31,10.3,16.1,4.0,7.3,13.9,47,0.0,0.0,0.0,0.0,2.57,6.5
2008-04-01,12.4,16.7,8.5,7.8,11.6,47,0.0,0.0,0.0,0.0,8.18,16.4
2008-04-02,12.7,17.4,8.4,8.3,13.6,33,0.0,0.0,0.0,0.0,5.52,11.5
2008-04-03,12.7,19.4,5.2,9.2,16.4,35,0.0,0.0,0.0,0.0,4.27,9.6
2008-04-04,16.7,22.2,11.3,12.7,18.3,35,0.0,0.0,0.0,0.0,6.42,13.0
2008-04-05,16.7,21.6,12.9,13.4,18.4,42,0.0,0.0,0.0,0.0,5.14,10.8
2008-04-06,16.3,21.5,12.5,14.1,20.6,64,0.2,0.2,0.0,1.0,6.15,13.6
2008-04-07,17.8,25.6,10.7,16.1,24.8,54,0.0,0.0,0.0,0.0,3.19,7.2
2008-04-08,17.2,21.8,12.7,14.2,19.4,40,0.2,0.2,0.0,1.0,3.91,8.8
2008-04-09,12.0,15.5,8.8,9.6,12.6,78,6.2,6.2,0.0,11.0,5.63,13.1
2008-04-10,13.3,19.0,7.1,12.1,18.9,68,0.0,0.0,0.0,0.0,2.42,6.7
2008-04-11,12.2,16.0,9.1,8.7,13.0,53,0.0,0.0,0.0,0.0,5.72,11.7
2008-04-12,9.6,13.8,6.4,7.2,12.4,66,0.9,0.9,0.0,4.0,3.08,7.1
2008-04-13,14.6,21.9,7.0,12.8,21.3,64,0.0,0.0,0.0,0.0,3.62,8.9
2008-04-14,17.2,22.4,12.7,14.8,19.6,59,0.0,0.0,0.0,0.0,5.86,11.9
2008-04-15,18.3,23.6,14.4,16.8,22.7,58,0.0,0.0,0.0,0.0,4.03,9.5
2008-04-16,18.7,23.7,14.0,17.9,24.6,55,0.0,0.0,0.0,0.0,2.82,6.5
2008-04-17,19.1,25.9,13.1,18.3,26.1,58,0.0,0.0,0.0,0.0,2.94,5.8
2008-04-18,19.5,24.0,15.8,17.9,22.0,53,0.0,0.0,0.0,0.0,3.47,7.2
2008-04-19,19.1,23.5,13.2,16.8,21.1,44,1.4,1.4,0.0,2.0,4.07,9.3
2008-04-20,12.2,13.0,11.2,10.9,11.8,90,44.1,44.1,0.0,24.0,3.75,9.0
2008-04-21,11.1,11.9,10.3,9.4,10.2,96,3.9,3.9,0.0,12.0,4.6,9.0
2008-04-22,12.7,17.0,9.5,10.6,14.6,74,0.0,0.0,0.0,0.0,5.47,10.7
2008-04-23,11.4,16.4,6.0,7.8,13.6,41,0.0,0.0,0.0,0.0,4.33,9.7
2008-04-24,16.6,22.1,10.9,12.7,18.7,41,0.0,0.0,0.0,0.0,7.0,16.0
2008-04-25,15.5,18.7,9.7,10.9,12.8,39,0.0,0.0,0.0,0.0,9.14,18.8
2008-04-26,15.5,20.8,9.2,12.7,18.7,39,0.0,0.0,0.0,0.0,5.17,10.3
2008-04-27,14.1,17.9,8.4,11.3,15.0,52,0.0,0.0,0.0,0.0,5.95,12.7
2008-04-28,16.8,23.3,8.2,13.1,19.7,55,0.0,0.0,0.0,0.0,8.65,16.8
2008-04-29,22.2,27.4,17.9,19.1,25.0,49,0.0,0.0,0.0,0.0,7.4,15.0
2008-04-30,23.5,27.7,20.1,21.8,27.3,52,0.0,0.0,0.0,0.0,7.54,15.2
2008-05-01,25.4,29.6,21.3,25.6,31.1,61,0.0,0.0,0.0,0.0,6.79,13.4
2008-05-02,25.3,29.1,22.3,24.5,29.3,56,0.0,0.0,0.0,0.0,7.24,15.0
2008-05-03,23.0,29.5,12.4,23.5,30.9,70,26.0,26.0,0.0,7.0,7.41,14.6
2008-05-04,17.2,22.9,12.5,15.9,22.9,57,0.9,0.9,0.0,1.0,4.5,10.3
2008-05-05,20.5,25.0,12.9,19.0,24.4,58,0.0,0.0,0.0,0.0,7.32,14.0
2008-05-06,22.9,27.3,18.1,21.8,27.8,60,0.0,0.0,0.0,0.0,7.4,15.1
2008-05-07,22.5,26.1,17.9,23.1,28.0,71,6.2,6.2,0.0,9.0,5.25,10.5
2008-05-08,18.2,21.0,14.6,17.2,19.8,72,0.1,0.1,0.0,1.0,5.1,10.5
2008-05-09,17.9,23.2,12.7,16.9,21.7,62,1.8,1.8,0.0,3.0,4.39,7.9
2008-05-10,16.8,21.1,12.5,15.9,20.8,62,1.0,1.0,0.0,2.0,3.2,8.2
2008-05-11,13.6,16.4,9.8,12.3,16.7,78,5.8,5.8,0.0,11.0,4.37,13.6
2008-05-12,11.0,14.0,8.1,8.5,10.9,77,4.7,4.7,0.0,5.0,5.71,13.7
2008-05-13,13.8,19.4,8.2,12.3,17.5,70,0.0,0.0,0.0,0.0,3.81,9.3
2008-05-14,17.8,23.5,10.9,15.7,21.0,60,0.3,0.3,0.0,2.0,6.4,13.6
2008-05-15,20.2,25.5,13.5,20.4,27.8,61,2.2,2.2,0.0,2.0,4.37,7.8
2008-05-16,18.9,20.9,16.6,20.1,22.6,86,17.5,17.5,0.0,14.0,3.04,9.8
2008-05-17,19.2,24.2,15.5,20.3,25.5,82,4.0,4.0,0.0,4.0,3.13,7.0
2008-05-18,18.9,24.0,14.4,19.0,24.5,72,1.3,1.3,0.0,2.0,4.49,10.5
2008-05-19,21.0,27.0,14.8,19.6,26.9,49,0.0,0.0,0.0,0.0,4.52,9.4
2008-05-20,23.5,29.0,19.1,21.8,26.5,51,0.9,0.9,0.0,1.0,8.59,17.0
2008-05-21,24.1,30.6,17.1,24.0,29.9,49,0.0,0.0,0.0,0.0,2.75,6.0
2008-05-22,25.3,30.7,19.4,25.3,31.6,52,0.0,0.0,0.0,0.0,4.78,10.1
2008-05-23,26.7,32.0,22.8,28.3,34.7,57,1.2,1.2,0.0,1.0,3.51,8.3
2008-05-24,25.6,30.1,20.9,27.3,32.8,64,0.2,0.2,0.0,1.0,4.04,8.1
2008-05-25,25.4,30.4,20.7,27.1,33.3,63,0.0,0.0,0.0,0.0,3.33,8.0
2008-05-26,25.8,29.6,22.3,27.1,31.2,66,0.0,0.0,0.0,0.0,5.65,11.8
2008-05-27,25.0,28.9,18.6,24.7,29.1,55,2.4,2.4,0.0,3.0,5.17,11.4
2008-05-28,23.6,29.5,18.7,21.5,28.1,33,0.0,0.0,0.0,0.0,4.13,10.0
2008-05-29,21.8,24.2,16.0,18.6,21.7,32,0.0,0.0,0.0,0.0,6.55,13.8
2008-05-30,19.8,25.7,12.2,16.4,23.0,29,0.0,0.0,0.0,0.0,4.98,11.1
2008-05-31,24.3,30.6,17.3,19.9,26.7,30,0.0,0.0,0.0,0.0,8.36,16.8
2008-06-01,23.9,28.2,17.1,21.4,26.3,34,0.0,0.0,0.0,0.0,7.94,15.1
2008-06-02,20.4,25.2,15.0,19.3,24.9,51,0.0,0.0,0.0,0.0,3.64,9.4
2008-06-03,18.1,21.8,15.4,17.5,22.1,69,15.6,15.6,0.0,11.0,3.96,8.5
2008-06-04,18.4,22.8,15.3,17.5,21.4,76,9.0,9.0,0.0,11.0,5.7,11.6
2008-06-05,21.2,26.6,14.2,22.0,28.2,65,0.0,0.0,0.0,0.0,2.42,5.1
2008-06-06,19.8,21.5,17.9,20.9,22.4,79,8.0,8.0,0.0,13.0,3.06,7.5
2008-06-07,23.5,29.4,17.0,24.0,31.3,66,0.0,0.0,0.0,0.0,5.85,10.8
2008-06-08,25.6,30.5,21.1,27.1,34.2,63,0.0,0.0,0.0,0.0,5.75,10.5
2008-06-09,24.6,31.4,18.1,26.6,33.1,68,0.0,0.0,0.0,0.0,2.8,6.5
2008-06-10,24.9,29.3,19.3,26.5,30.5,68,0.0,0.0,0.0,0.0,5.09,10.1
2008-06-11,23.2,29.3,17.6,24.7,31.6,69,0.0,0.0,0.0,0.0,3.22,7.8
2008-06-12,25.8,30.5,21.3,28.0,33.4,65,0.1,0.1,0.0,1.0,3.11,7.2
2008-06-13,26.0,30.0,22.2,27.8,32.6,64,0.0,0.0,0.0,0.0,4.39,9.5
2008-06-14,24.7,29.4,19.7,26.1,31.2,61,0.0,0.0,0.0,0.0,3.1,7.7
2008-06-15,23.1,28.1,16.8,23.7,29.5,56,0.0,0.0,0.0,0.0,3.14,7.0
2008-06-16,20.3,23.4,18.0,22.0,24.3,81,4.5,4.5,0.0,8.0,2.1,5.7
2008-06-17,20.1,22.8,17.6,21.7,24.3,79,1.6,1.6,0.0,5.0,2.01,4.7
2008-06-18,22.8,27.7,17.6,23.8,28.8,67,0.0,0.0,0.0,0.0,3.47,7.7
2008-06-19,24.9,28.1,21.9,25.7,29.0,66,0.0,0.0,0.0,0.0,5.73,11.6
2008-06-20,25.5,29.2,22.8,28.6,33.3,76,0.9,0.9,0.0,3.0,3.4,7.3
2008-06-21,26.6,31.0,21.9,30.9,36.5,78,0.0,0.0,0.0,0.0,2.16,5.9
2008-06-22,29.0,34.3,23.4,32.6,38.4,64,0.0,0.0,0.0,0.0,3.65,6.9
2008-06-23,26.3,29.3,21.9,28.4,30.9,66,0.0,0.0,0.0,0.0,4.2,8.2
2008-06-24,24.7,29.0,20.3,26.3,32.0,65,0.0,0.0,0.0,0.0,4.12,6.9
2008-06-25,26.7,31.3,22.0,28.0,33.5,62,4.5,4.5,0.0,2.0,5.43,11.4
2008-06-26,27.0,32.6,22.7,28.3,34.4,58,2.6,2.6,0.0,3.0,5.26,13.4
2008-06-27,26.6,31.2,22.5,28.0,33.7,59,0.0,0.0,0.0,0.0,4.82,9.8
2008-06-28,26.6,31.8,21.2,27.0,32.5,56,0.0,0.0,0.0,0.0,5.36,11.4
2008-06-29,26.6,31.3,23.0,27.6,32.4,62,0.0,0.0,0.0,0.0,5.61,11.5
2008-06-30,28.2,32.1,25.3,30.9,34.5,66,0.2,0.2,0.0,2.0,6.04,12.3
2008-07-01,24.3,26.6,22.5,28.4,30.2,88,45.9,45.9,0.0,19.0,3.52,7.2
2008-07-02,25.1,29.6,21.6,28.9,33.5,80,0.7,0.7,0.0,2.0,3.11,7.5
2008-07-03,29.8,34.9,24.5,33.4,39.2,67,0.0,0.0,0.0,0.0,5.55,12.0
2008-07-04,29.5,32.7,25.8,33.3,36.5,72,0.6,0.6,0.0,4.0,5.22,11.9
2008-07-05,25.1,27.7,22.7,27.9,29.9,86,19.0,19.0,0.0,13.0,7.43,18.3
2008-07-06,27.1,31.9,21.6,30.3,36.7,71,0.0,0.0,0.0,0.0,4.03,8.6
2008-07-07,26.4,29.2,24.5,30.5,32.8,76,2.7,2.7,0.0,6.0,2.92,5.6
2008-07-08,23.8,25.5,22.6,27.8,29.8,89,10.2,10.2,0.0,15.0,2.98,7.5
2008-07-09,25.1,27.7,23.4,30.3,32.7,91,14.5,14.5,0.0,17.0,2.14,6.1
2008-07-10,26.6,30.6,24.0,31.9,36.1,86,12.3,12.3,0.0,8.0,2.42,6.7
2008-07-11,27.6,31.4,24.6,33.2,38.3,82,0.7,0.7,0.0,2.0,2.55,6.9
2008-07-12,26.7,30.2,23.7,31.1,35.0,79,0.1,0.1,0.0,1.0,3.08,7.5
2008-07-13,27.6,31.7,22.8,31.3,35.9,70,0.0,0.0,0.0,0.0,3.13,6.6
2008-07-14,27.0,29.8,25.2,31.1,33.8,76,2.6,2.6,0.0,7.0,3.42,7.3
2008-07-15,23.1,26.1,21.2,26.7,29.8,92,32.0,32.0,0.0,13.0,3.8,8.9
2008-07-16,26.5,31.6,21.1,30.5,36.5,76,0.0,0.0,0.0,0.0,2.92,7.0
2008-07-17,26.6,30.1,21.6,30.9,35.0,81,7.3,7.3,0.0,7.0,4.4,9.2
2008-07-18,21.1,23.2,19.2,22.3,25.5,91,70.3,70.3,0.0,18.0,6.76,14.4
2008-07-19,21.9,23.8,20.1,23.3,24.4,89,3.5,3.5,0.0,9.0,7.0,12.9
2008-07-20,22.3,25.3,20.4,24.8,28.4,91,44.7,44.7,0.0,15.0,4.98,8.6
2008-07-21,24.6,29.7,19.1,28.6,34.6,79,0.0,0.0,0.0,0.0,1.52,4.2
2008-07-22,24.9,27.9,22.5,28.8,31.7,81,0.0,0.0,0.0,0.0,2.21,3.9
2008-07-23,22.7,24.3,21.7,24.8,26.5,84,6.2,6.2,0.0,11.0,4.98,10.0
2008-07-24,24.9,29.5,21.2,27.9,32.5,80,0.1,0.1,0.0,1.0,5.37,10.0
2008-07-25,26.4,31.1,20.5,31.1,37.4,77,0.0,0.0,0.0,0.0,1.63,4.1
2008-07-26,27.4,31.9,22.7,32.2,37.6,76,0.0,0.0,0.0,0.0,2.31,5.0
2008-07-27,28.1,32.6,23.4,33.4,39.0,76,0.0,0.0,0.0,0.0,1.71,5.0
2008-07-28,28.3,31.8,25.3,33.9,38.2,81,2.8,2.8,0.0,6.0,3.5,8.6
2008-07-29,28.5,33.2,24.8,34.1,39.6,80,5.6,5.6,0.0,5.0,3.01,6.6
2008-07-30,26.5,31.4,24.3,30.2,37.4,84,3.1,3.1,0.0,3.0,6.03,14.6
2008-07-31,26.9,30.5,25.1,31.8,36.3,85,5.4,5.4,0.0,6.0,4.31,8.5
2008-08-01,27.4,30.9,25.1,32.4,35.6,83,0.3,0.3,0.0,2.0,3.23,6.8
2008-08-02,26.2,30.5,22.8,30.0,34.6,76,0.0,0.0,0.0,0.0,3.44,7.3
2008-08-03,27.0,32.2,21.7,30.4,35.6,71,0.0,0.0,0.0,0.0,3.67,7.3
2008-08-04,26.6,30.6,23.1,28.8,33.0,63,0.0,0.0,0.0,0.0,3.22,7.0
2008-08-05,26.6,30.5,22.6,30.4,36.3,71,0.1,0.1,0.0,1.0,1.93,4.7
2008-08-06,27.5,31.0,24.5,32.6,36.4,80,0.0,0.0,0.0,0.0,2.77,6.0
2008-08-07,28.4,32.1,24.7,34.1,38.4,79,0.4,0.4,0.0,2.0,1.77,4.6
2008-08-08,28.8,32.9,25.5,34.0,38.8,75,0.0,0.0,0.0,0.0,2.28,6.4
2008-08-09,28.2,32.1,24.3,32.8,37.4,74,0.0,0.0,0.0,0.0,2.94,6.6
2008-08-10,27.7,32.3,24.0,32.1,36.7,75,1.0,1.0,0.0,6.0,3.2,7.7
2008-08-11,27.3,30.8,24.6,32.1,36.2,78,5.6,5.6,0.0,6.0,2.73,5.2
2008-08-12,26.7,30.7,24.1,32.0,36.5,84,10.0,10.0,0.0,15.0,1.98,5.2
2008-08-13,25.4,28.9,23.3,30.5,34.3,89,23.5,23.5,0.0,14.0,2.33,6.7
2008-08-14,24.6,28.1,22.9,28.8,32.2,89,6.4,6.4,0.0,11.0,4.25,9.3
2008-08-15,23.8,27.6,19.7,25.5,29.1,79,0.7,0.7,0.0,5.0,6.3,12.4
2008-08-16,23.2,27.7,18.4,24.7,29.5,71,0.0,0.0,0.0,0.0,3.62,7.8
2008-08-17,21.1,22.7,19.3,23.6,25.5,92,16.6,16.6,0.0,13.0,4.03,10.7
2008-08-18,23.6,28.6,18.9,26.5,31.7,82,1.1,1.1,0.0,4.0,4.47,8.5
2008-08-19,25.8,30.6,22.0,30.6,37.5,84,1.5,1.5,0.0,5.0,2.56,5.1
2008-08-20,26.0,30.3,22.1,29.4,34.7,77,0.0,0.0,0.0,0.0,3.4,7.5
2008-08-21,21.7,24.5,18.9,23.7,26.6,87,61.5,61.5,0.0,17.0,4.7,10.4
2008-08-22,22.5,27.8,18.2,24.6,30.2,82,0.0,0.0,0.0,0.0,3.51,8.3
2008-08-23,26.1,31.9,20.9,28.8,35.3,72,0.0,0.0,0.0,0.0,3.86,8.1
2008-08-24,25.5,29.3,20.1,27.8,31.2,72,0.0,0.0,0.0,0.0,4.37,8.9
2008-08-25,24.5,29.6,20.4,26.9,32.6,72,0.0,0.0,0.0,0.0,3.79,5.1
2008-08-26,23.5,28.2,20.7,26.6,33.6,78,4.6,4.6,0.0,5.0,2.77,6.1
2008-08-27,24.8,29.7,20.6,28.2,33.7,80,2.6,2.6,0.0,4.0,3.18,7.3
2008-08-28,25.6,30.6,22.0,29.1,35.2,76,3.2,3.2,0.0,3.0,3.53,7.4
2008-08-29,25.6,30.9,20.6,28.4,33.3,71,0.0,0.0,0.0,0.0,2.91,6.2
2008-08-30,22.0,24.6,20.1,24.6,27.7,82,1.4,1.4,0.0,6.0,2.2,6.0
2008-08-31,21.8,25.5,18.7,23.0,27.0,76,0.0,0.0,0.0,0.0,4.85,10.6
2008-09-01,21.8,27.5,16.9,22.9,28.7,69,0.0,0.0,0.0,0.0,2.55,6.4
2008-09-02,23.2,29.2,17.8,24.5,31.6,63,0.0,0.0,0.0,0.0,2.02,4.9
2008-09-03,23.5,29.1,19.1,24.9,30.9,67,0.0,0.0,0.0,0.0,3.42,7.4
2008-09-04,23.3,28.4,18.8,24.2,30.3,67,0.0,0.0,0.0,0.0,4.41,9.5
2008-09-05,24.1,28.9,20.4,25.3,30.6,69,0.0,0.0,0.0,0.0,4.53,9.8
2008-09-06,24.9,29.8,20.3,27.1,32.5,69,0.0,0.0,0.0,0.0,2.79,7.0
2008-09-07,24.5,29.7,20.9,26.7,32.0,69,0.0,0.0,0.0,0.0,2.34,5.1
2008-09-08,24.2,29.6,19.7,26.4,32.0,70,0.0,0.0,0.0,0.0,2.21,6.5
2008-09-09,23.7,26.9,19.8,25.7,29.4,72,0.0,0.0,0.0,0.0,2.84,6.3
2008-09-10,20.3,24.5,15.7,22.0,27.0,88,22.0,22.0,0.0,14.0,4.55,9.2
2008-09-11,20.3,27.3,15.1,21.4,29.1,72,0.0,0.0,0.0,0.0,1.84,4.2
2008-09-12,22.3,30.0,14.6,23.1,31.3,63,0.0,0.0,0.0,0.0,2.01,4.4
2008-09-13,22.9,30.2,16.0,24.1,31.7,64,0.0,0.0,0.0,0.0,2.45,5.5
2008-09-14,23.5,29.4,18.7,25.4,32.2,70,0.0,0.0,0.0,0.0,2.28,4.6
2008-09-15,23.1,29.2,17.5,24.9,31.9,70,0.0,0.0,0.0,0.0,2.42,5.5
2008-09-16,24.1,29.6,18.3,26.5,32.7,70,0.0,0.0,0.0,0.0,2.32,5.1
2008-09-17,24.7,29.8,20.8,27.0,32.2,72,0.0,0.0,0.0,0.0,2.8,7.1
2008-09-18,24.7,28.6,21.9,27.4,31.3,74,0.3,0.3,0.0,2.0,2.5,5.5
2008-09-19,21.5,22.9,19.3,24.3,26.8,90,26.4,26.4,0.0,22.0,2.87,7.2
2008-09-20,21.1,25.5,18.1,23.3,27.5,84,0.0,0.0,0.0,0.0,2.26,6.8
2008-09-21,22.8,27.2,17.4,25.3,30.0,79,0.0,0.0,0.0,0.0,2.73,6.0
2008-09-22,22.6,24.4,20.8,25.2,27.1,84,1.6,1.6,0.0,4.0,4.86,9.5
2008-09-23,18.3,21.0,15.2,15.7,21.1,64,1.3,1.3,0.0,4.0,7.12,14.6
2008-09-24,16.3,18.6,15.1,15.1,17.8,69,0.0,0.0,0.0,0.0,3.68,7.8
2008-09-25,14.9,16.0,13.5,14.4,15.9,83,0.2,0.2,0.0,2.0,3.85,7.6
2008-09-26,16.1,19.7,13.4,13.9,16.1,58,0.0,0.0,0.0,0.0,5.87,12.3
2008-09-27,13.5,16.9,10.3,12.5,15.9,72,2.9,2.9,0.0,10.0,1.98,4.3
2008-09-28,12.5,14.7,10.5,11.7,13.6,84,0.3,0.3,0.0,2.0,2.08,4.9
2008-09-29,13.6,18.2,10.4,13.3,18.2,88,0.0,0.0,0.0,0.0,2.24,6.6
2008-09-30,17.0,24.3,11.6,17.1,25.1,75,0.0,0.0,0.0,0.0,2.34,4.8
2008-10-01,18.8,26.6,13.4,19.2,27.8,71,0.0,0.0,0.0,0.0,2.56,4.7
2008-10-02,20.4,27.8,14.5,20.3,27.8,68,0.0,0.0,0.0,0.0,3.72,8.3
2008-10-03,20.2,27.0,15.6,20.3,27.4,69,0.0,0.0,0.0,0.0,4.57,9.0
2008-10-04,18.0,21.6,15.2,17.9,21.7,81,0.3,0.3,0.0,2.0,4.26,8.5
2008-10-05,15.0,16.7,12.9,14.2,17.0,86,5.8,5.8,0.0,10.0,5.35,10.8
2008-10-06,13.4,17.9,8.7,11.3,15.2,72,0.2,0.2,0.0,1.0,5.11,10.8
2008-10-07,14.1,20.4,7.3,12.5,19.3,65,0.0,0.0,0.0,0.0,3.14,5.1
2008-10-08,17.2,21.2,13.1,15.5,19.8,65,0.0,0.0,0.0,0.0,5.11,11.0
2008-10-09,15.8,21.5,10.9,15.4,21.0,78,0.0,0.0,0.0,0.0,3.08,6.9
2008-10-10,16.1,21.6,10.7,13.6,18.1,51,0.0,0.0,0.0,0.0,3.98,9.1
2008-10-11,14.7,20.9,10.0,12.7,19.1,54,0.0,0.0,0.0,0.0,2.15,5.0
2008-10-12,15.9,23.2,9.5,13.5,20.5,52,0.0,0.0,0.0,0.0,3.45,7.6
2008-10-13,18.4,24.1,13.8,15.4,20.7,47,0.0,0.0,0.0,0.0,5.79,12.4
2008-10-14,20.0,27.8,15.1,19.4,27.9,61,0.0,0.0,0.0,0.0,3.41,7.4
2008-10-15,21.5,28.3,16.7,21.1,27.3,63,0.0,0.0,0.0,0.0,3.85,9.4
2008-10-16,21.3,27.4,13.8,20.3,26.1,53,0.0,0.0,0.0,0.0,3.38,8.5
2008-10-17,18.2,26.8,12.1,16.6,24.3,55,0.0,0.0,0.0,0.0,2.75,6.2
2008-10-18,18.8,23.3,15.0,18.5,22.8,71,0.0,0.0,0.0,0.0,4.24,9.5
2008-10-19,18.8,24.3,15.0,19.2,24.2,75,0.0,0.0,0.0,0.0,2.28,5.7
2008-10-20,18.5,23.1,14.4,19.4,23.8,81,0.5,0.5,0.0,2.0,2.02,6.3
2008-10-21,18.1,19.5,16.7,19.5,21.0,90,7.7,7.7,0.0,12.0,2.25,5.5
2008-10-22,17.4,20.2,15.4,18.1,21.0,86,0.3,0.3,0.0,1.0,3.3,7.7
2008-10-23,12.9,16.6,6.7,9.6,13.8,54,1.4,1.4,0.0,3.0,5.53,10.8
2008-10-24,11.0,16.0,5.5,7.3,11.4,45,0.0,0.0,0.0,0.0,4.88,9.8
2008-10-25,14.1,21.2,9.1,10.2,16.6,43,0.0,0.0,0.0,0.0,5.25,10.8
2008-10-26,12.6,19.1,7.2,9.4,14.8,46,0.0,0.0,0.0,0.0,3.64,8.4
2008-10-27,11.1,17.7,5.3,7.9,13.9,46,0.0,0.0,0.0,0.0,2.85,6.5
2008-10-28,12.5,18.2,7.3,9.9,15.3,59,0.0,0.0,0.0,0.0,3.2,6.8
2008-10-29,12.5,16.5,8.7,11.1,14.8,74,0.0,0.0,0.0,0.0,2.77,5.2
2008-10-30,11.7,15.9,8.2,10.2,13.6,78,0.0,0.0,0.0,0.0,3.62,8.5
2008-10-31,11.7,17.1,6.2,9.1,13.4,60,0.0,0.0,0.0,0.0,3.64,9.4
2008-11-01,12.9,20.8,6.1,9.1,16.9,50,0.0,0.0,0.0,0.0,7.1,14.9
2008-11-02,13.0,19.3,7.2,9.9,15.8,54,0.0,0.0,0.0,0.0,5.2,11.9
2008-11-03,11.8,18.0,6.9,8.5,13.6,52,0.0,0.0,0.0,0.0,4.55,9.8
2008-11-04,13.5,19.6,6.7,10.9,17.1,65,0.0,0.0,0.0,0.0,4.94,10.8
2008-11-05,14.2,18.8,10.8,12.6,16.9,74,0.0,0.0,0.0,0.0,4.98,9.5
2008-11-06,14.0,19.5,10.1,12.2,17.1,62,0.0,0.0,0.0,0.0,2.68,4.4
2008-11-07,11.3,14.2,6.3,7.4,9.4,58,0.0,0.0,0.0,0.0,6.4,12.8
2008-11-08,7.7,12.0,3.2,4.0,7.7,58,0.0,0.0,0.0,0.0,4.05,9.1
2008-11-09,7.0,11.8,2.6,3.8,8.1,56,0.0,0.0,0.0,0.0,2.39,6.4
2008-11-10,5.8,12.7,1.0,2.4,9.4,58,0.0,0.0,0.0,0.0,2.41,5.1
2008-11-11,6.5,13.7,0.2,2.9,9.5,61,0.0,0.0,0.0,0.0,3.25,7.7
2008-11-12,8.4,14.7,4.6,5.0,11.2,57,0.0,0.0,0.0,0.0,2.77,7.5
2008-11-13,9.6,15.0,6.0,6.8,12.5,63,0.0,0.0,0.0,0.0,2.9,6.9
2008-11-14,8.8,11.8,5.9,6.9,10.3,76,1.0,1.0,0.0,5.0,2.04,3.8
2008-11-15,8.1,12.4,3.8,5.5,9.1,75,0.2,0.2,0.0,2.0,3.47,9.8
2008-11-16,7.2,14.3,1.3,3.8,10.0,58,0.0,0.0,0.0,0.0,3.55,8.4
2008-11-17,5.1,8.6,-0.3,0.2,4.0,39,0.0,0.0,0.0,0.0,5.91,11.1
2008-11-18,2.7,6.6,-2.4,-1.8,2.3,40,0.0,0.0,0.0,0.0,4.1,8.8
2008-11-19,1.4,7.4,-3.1,-2.9,2.8,45,0.0,0.0,0.0,0.0,3.34,6.3
2008-11-20,6.4,13.4,1.9,1.3,8.1,36,0.0,0.0,0.0,0.0,4.97,10.9
2008-11-21,6.1,14.1,0.8,2.5,10.3,55,0.0,0.0,0.0,0.0,2.93,6.8
2008-11-22,8.7,14.7,4.0,4.9,10.6,50,0.0,0.0,0.0,0.0,3.83,9.0
2008-11-23,7.0,12.4,2.7,4.4,10.0,68,0.0,0.0,0.0,0.0,1.89,3.8
2008-11-24,6.8,10.8,4.3,3.8,7.4,74,1.2,1.2,0.0,4.0,3.31,8.4
2008-11-25,4.8,10.4,0.8,1.3,6.2,61,0.0,0.0,0.0,0.0,3.0,6.5
2008-11-26,6.6,11.5,3.0,1.6,5.7,41,0.0,0.0,0.0,0.0,5.3,11.4
2008-11-27,1.8,5.7,-0.9,-3.5,0.0,33,0.0,0.0,0.0,0.0,5.1,10.3
2008-11-28,4.9,11.4,-0.4,-0.2,5.6,36,0.0,0.0,0.0,0.0,5.02,11.1
2008-11-29,6.2,11.9,1.4,1.7,6.9,36,0.0,0.0,0.0,0.0,3.89,8.5
2008-11-30,8.6,15.0,3.0,3.6,9.5,40,0.0,0.0,0.0,0.0,5.59,11.1
2008-12-01,9.0,14.9,4.2,4.3,9.8,41,0.0,0.0,0.0,0.0,5.77,11.1
2008-12-02,8.5,15.3,1.1,3.8,9.8,40,0.0,0.0,0.0,0.0,5.51,11.2
2008-12-03,8.8,11.3,3.9,5.2,8.7,58,0.4,0.4,0.0,3.0,4.82,9.4
2008-12-04,1.4,3.8,-5.9,-4.1,0.3,38,0.0,0.0,0.0,0.0,5.73,12.2
2008-12-05,-5.7,-1.7,-9.2,-10.6,-7.2,27,0.0,0.0,0.0,0.0,3.8,8.6
2008-12-06,-1.4,4.3,-6.2,-6.9,-1.7,31,0.0,0.0,0.0,0.0,5.77,11.6
2008-12-07,3.1,8.7,-1.2,-2.4,3.4,32,0.0,0.0,0.0,0.0,6.11,12.0
2008-12-08,5.3,10.9,0.6,0.2,5.5,33,0.0,0.0,0.0,0.0,5.16,10.9
2008-12-09,7.4,14.0,2.3,3.8,10.9,54,0.0,0.0,0.0,0.0,3.81,7.2
2008-12-10,2.5,4.6,-1.4,-1.5,0.6,82,0.0,0.0,0.0,0.0,5.1,9.7
2008-12-11,1.6,6.7,-3.8,-2.8,1.4,74,0.0,0.0,0.0,0.0,5.73,12.0
2008-12-12,3.6,8.3,-0.4,-0.4,4.5,72,0.0,0.0,0.0,0.0,5.92,12.0
2008-12-13,0.5,3.3,-3.8,-3.9,-0.7,62,0.0,0.0,0.0,0.0,5.06,10.2
2008-12-14,0.8,6.8,-3.8,-3.8,2.1,57,0.0,0.0,0.0,0.0,4.38,9.4
2008-12-15,4.2,11.4,-1.3,-0.3,6.4,53,0.0,0.0,0.0,0.0,3.93,8.1
2008-12-16,6.4,11.7,2.9,1.9,6.6,63,0.0,0.0,0.0,0.0,6.17,12.6
2008-12-17,2.2,6.9,-4.1,-2.5,1.7,46,0.0,0.0,0.0,0.0,4.62,10.5
2008-12-18,0.6,6.6,-5.3,-3.8,1.7,49,0.0,0.0,0.0,0.0,5.77,10.2
2008-12-19,4.3,8.1,0.4,-1.3,4.1,44,0.0,0.0,0.0,0.0,7.28,13.9
2008-12-20,0.8,3.5,-1.8,-3.6,-0.6,50,0.0,0.0,0.0,0.0,3.47,7.6
2008-12-21,-6.7,-1.9,-12.4,-13.1,-5.7,48,0.1,0.0,0.21,1.0,9.44,18.4
2008-12-22,-7.2,-1.3,-12.7,-13.1,-7.9,28,0.0,0.0,0.0,0.0,5.31,11.1
2008-12-23,-1.3,4.8,-5.9,-7.1,-1.1,29,0.0,0.0,0.0,0.0,5.5,9.9
2008-12-24,0.2,5.6,-4.0,-4.8,1.0,37,0.0,0.0,0.0,0.0,5.31,10.0
2008-12-25,-1.6,2.8,-5.6,-6.6,-2.4,33,0.0,0.0,0.0,0.0,4.07,8.5
2008-12-26,-1.4,3.7,-4.5,-5.9,-1.1,41,0.0,0.0,0.0,0.0,2.71,5.5
2008-12-27,0.1,6.4,-4.3,-3.8,3.4,62,0.0,0.0,0.0,0.0,2.64,5.3
2008-12-28,0.4,3.1,-1.3,-2.8,0.4,78,0.0,0.0,0.0,0.0,1.8,4.1
2008-12-29,-1.4,2.7,-5.3,-5.9,-2.6,49,0.0,0.0,0.0,0.0,3.69,8.8
2008-12-30,-3.1,1.0,-6.7,-7.8,-4.0,36,0.0,0.0,0.0,0.0,2.56,6.3
2008-12-31,-4.4,0.9,-8.1,-9.1,-4.2,40,0.0,0.0,0.0,0.0,3.1,7.3
2009-01-01,-4.0,0.9,-8.0,-8.5,-3.8,35,0.0,0.0,0.0,0.0,2.14,5.3
2009-01-02,-3.4,3.8,-9.2,-7.6,-0.2,42,0.0,0.0,0.0,0.0,1.61,4.1
2009-01-03,-1.4,3.5,-5.4,-5.6,-0.3,42,0.0,0.0,0.0,0.0,2.59,3.9
2009-01-04,-2.0,2.8,-5.0,-6.5,-1.9,49,0.0,0.0,0.0,0.0,2.84,6.6
2009-01-05,-2.5,1.6,-5.6,-6.5,-2.6,68,0.0,0.0,0.0,0.0,2.33,6.3
2009-01-06,-1.5,2.7,-5.0,-5.2,-1.3,61,0.0,0.0,0.0,0.0,1.84,5.0
2009-01-07,-1.5,4.7,-6.8,-5.4,0.8,52,0.0,0.0,0.0,0.0,2.11,4.0
2009-01-08,-1.3,2.8,-3.9,-5.6,-0.8,66,0.0,0.0,0.0,0.0,4.26,7.6
2009-01-09,-5.5,-2.4,-8.6,-10.8,-7.4,45,0.0,0.0,0.0,0.0,5.19,10.9
2009-01-10,-2.9,4.0,-8.0,-8.0,-2.0,37,0.0,0.0,0.0,0.0,5.05,10.8
2009-01-11,-4.9,-1.7,-9.0,-10.4,-7.6,33,0.0,0.0,0.0,0.0,5.22,11.3
2009-01-12,-5.6,0.4,-10.3,-10.6,-5.1,32,0.0,0.0,0.0,0.0,3.64,7.9
2009-01-13,-2.5,5.0,-7.7,-7.7,-1.1,30,0.0,0.0,0.0,0.0,4.92,10.1
2009-01-14,-4.2,-0.5,-8.5,-9.4,-5.3,39,0.0,0.0,0.0,0.0,4.49,9.2
2009-01-15,-2.3,4.1,-8.2,-7.8,-1.8,37,0.0,0.0,0.0,0.0,6.22,13.3
2009-01-16,-1.3,5.6,-6.2,-5.1,2.2,57,0.0,0.0,0.0,0.0,2.44,4.5
2009-01-17,0.3,6.3,-5.5,-4.0,1.3,60,0.0,0.0,0.0,0.0,4.09,9.0
2009-01-18,1.3,8.2,-4.2,-3.2,3.2,46,0.0,0.0,0.0,0.0,3.64,8.2
2009-01-19,2.9,8.4,-2.2,-2.3,2.5,34,0.0,0.0,0.0,0.0,4.75,10.0
2009-01-20,3.2,6.0,0.7,-1.5,1.8,57,0.0,0.0,0.0,0.0,4.91,10.3
2009-01-21,6.6,13.4,0.4,1.4,7.6,46,0.0,0.0,0.0,0.0,6.24,12.3
2009-01-22,-1.0,7.0,-8.7,-7.6,1.0,30,0.0,0.0,0.0,0.0,8.84,17.2
2009-01-23,-9.1,-6.3,-11.8,-15.8,-12.8,15,0.0,0.0,0.0,0.0,6.73,13.3
2009-01-24,-5.7,0.0,-10.8,-11.7,-6.1,18,0.0,0.0,0.0,0.0,5.81,11.6
2009-01-25,-2.9,4.0,-7.8,-8.1,-1.2,23,0.0,0.0,0.0,0.0,3.75,9.1
2009-01-26,-1.9,6.3,-7.5,-7.1,0.2,24,0.0,0.0,0.0,0.0,4.72,11.2
2009-01-27,3.8,10.6,-3.6,-2.2,4.6,24,0.0,0.0,0.0,0.0,6.99,13.2
2009-01-28,6.2,11.8,1.1,0.4,5.9,34,0.0,0.0,0.0,0.0,6.91,13.3
2009-01-29,3.4,10.6,-1.7,-0.2,6.9,61,0.0,0.0,0.0,0.0,2.97,6.1
2009-01-30,0.5,3.6,-1.6,-3.1,0.0,83,0.0,0.0,0.0,0.0,2.7,6.6
2009-01-31,1.2,5.8,-3.5,-1.9,3.0,79,0.0,0.0,0.0,0.0,1.77,5.7
2009-02-01,2.4,6.0,-0.7,-0.5,3.4,78,0.0,0.0,0.0,0.0,2.38,3.9
2009-02-02,2.8,6.4,-0.8,-1.1,1.9,68,0.0,0.0,0.0,0.0,4.74,9.0
2009-02-03,1.6,5.5,-2.1,-2.4,2.3,65,0.0,0.0,0.0,0.0,3.92,7.5
2009-02-04,4.3,9.2,0.7,0.5,4.7,77,0.0,0.0,0.0,0.0,5.61,12.8
2009-02-05,4.7,10.7,-0.3,1.6,7.8,72,0.0,0.0,0.0,0.0,3.16,6.4
2009-02-06,5.1,9.5,1.1,2.0,6.2,75,0.0,0.0,0.0,0.0,3.94,8.6
2009-02-07,5.6,9.6,1.3,2.6,6.8,74,0.3,0.3,0.0,2.0,3.68,7.6
2009-02-08,3.6,7.2,-1.1,0.7,4.4,78,3.9,3.9,0.0,8.0,2.77,5.7
2009-02-09,6.3,10.2,3.9,3.0,7.4,79,0.0,0.0,0.0,0.0,3.64,8.0
2009-02-10,9.3,16.7,4.6,5.1,12.9,56,0.0,0.0,0.0,0.0,5.49,12.2
2009-02-11,11.4,19.2,4.1,8.2,15.6,53,0.0,0.0,0.0,0.0,4.3,8.6
2009-02-12,12.4,18.0,5.3,10.4,17.1,73,4.8,4.8,0.0,10.0,4.3,12.5
2009-02-13,4.4,6.5,2.4,0.6,3.4,79,0.9,0.9,0.0,2.0,5.87,11.4
2009-02-14,7.9,13.8,1.8,4.1,9.5,67,0.2,0.2,0.0,2.0,6.21,12.6
2009-02-15,0.8,3.7,-2.0,-4.5,-0.2,53,0.0,0.0,0.0,0.0,6.56,14.0
2009-02-16,0.9,5.2,-3.2,-3.7,1.5,42,0.0,0.0,0.0,0.0,4.49,8.8
2009-02-17,2.2,5.0,-0.4,-1.7,1.1,58,0.0,0.0,0.0,0.0,3.98,7.6
2009-02-18,3.2,5.9,0.3,-0.5,3.2,68,0.7,0.6,0.07,2.0,3.33,7.3
2009-02-19,1.6,3.9,0.2,-1.8,-0.0,86,3.7,1.8,1.33,6.0,4.15,9.2
2009-02-20,0.1,3.0,-3.7,-4.6,-0.1,33,0.0,0.0,0.0,0.0,4.56,12.1
2009-02-21,5.8,11.5,0.2,0.5,7.3,48,0.0,0.0,0.0,0.0,7.62,16.4
2009-02-22,3.4,5.7,-1.8,-1.9,2.1,52,0.0,0.0,0.0,0.0,7.35,15.5
2009-02-23,2.6,8.3,-3.1,-1.0,4.9,58,0.6,0.6,0.0,2.0,3.09,7.0
2009-02-24,3.0,6.0,0.1,-0.7,2.1,77,0.5,0.5,0.0,3.0,5.1,10.2
2009-02-25,0.5,3.1,-2.2,-4.3,-2.3,55,0.0,0.0,0.0,0.0,4.77,10.6
2009-02-26,1.9,5.6,-2.3,-1.8,2.1,48,0.0,0.0,0.0,0.0,1.94,5.1
2009-02-27,3.3,7.8,-1.3,0.3,5.2,66,0.0,0.0,0.0,0.0,1.98,5.3
2009-02-28,3.7,8.8,-1.0,0.7,6.2,67,0.0,0.0,0.0,0.0,2.01,4.9
2009-03-01,2.2,7.6,-2.1,-2.2,2.9,62,0.0,0.0,0.0,0.0,5.88,12.5
2009-03-02,0.9,4.7,-2.6,-3.5,0.9,41,0.0,0.0,0.0,0.0,3.61,7.2
2009-03-03,2.8,7.2,-1.7,-1.6,3.1,62,0.0,0.0,0.0,0.0,5.3,12.0
2009-03-04,4.6,7.3,1.3,0.7,3.8,68,0.5,0.5,0.0,2.0,4.98,11.6
2009-03-05,6.2,10.8,2.4,2.2,6.7,60,1.2,1.2,0.0,4.0,6.3,12.5
2009-03-06,3.4,7.6,0.0,-1.2,4.0,31,0.0,0.0,0.0,0.0,3.54,8.6
2009-03-07,7.8,13.5,1.6,2.0,8.1,30,0.0,0.0,0.0,0.0,6.62,13.2
2009-03-08,10.4,16.1,6.0,6.1,13.4,44,0.0,0.0,0.0,0.0,6.55,13.2
2009-03-09,7.7,11.5,2.6,3.0,7.0,51,0.0,0.0,0.0,0.0,7.07,14.6
2009-03-10,5.2,7.5,2.3,0.5,3.7,38,0.0,0.0,0.0,0.0,3.92,8.3
2009-03-11,8.8,13.1,5.0,5.9,11.2,53,0.0,0.0,0.0,0.0,2.84,7.6
2009-03-12,6.9,8.4,4.6,3.8,5.0,64,0.9,0.9,0.0,5.0,3.5,7.7
2009-03-13,2.9,5.9,0.5,-2.8,1.2,29,0.0,0.0,0.0,0.0,7.51,14.4
2009-03-14,6.8,12.5,0.6,1.2,6.4,28,0.0,0.0,0.0,0.0,6.74,13.7
2009-03-15,13.5,21.1,8.1,8.5,15.2,39,0.0,0.0,0.0,0.0,8.02,16.4
2009-03-16,15.4,22.8,6.2,11.4,18.6,35,0.0,0.0,0.0,0.0,6.93,13.9
2009-03-17,19.3,25.1,14.1,14.7,20.9,44,0.0,0.0,0.0,0.0,8.29,16.5
2009-03-18,21.9,28.6,16.5,19.5,26.4,49,0.0,0.0,0.0,0.0,6.09,11.8
2009-03-19,11.8,20.4,4.8,7.5,18.8,51,0.0,0.0,0.0,0.0,8.58,16.8
2009-03-20,11.6,20.5,2.7,8.0,17.4,36,0.0,0.0,0.0,0.0,3.61,7.8
2009-03-21,10.0,12.4,7.9,8.0,11.3,73,6.0,6.0,0.0,7.0,2.52,5.8
2009-03-22,9.2,12.8,4.5,4.1,9.7,35,0.0,0.0,0.0,0.0,6.51,13.8
2009-03-23,8.4,13.6,3.8,4.4,11.1,40,0.0,0.0,0.0,0.0,4.0,8.3
2009-03-24,3.7,7.2,-0.4,-0.7,2.6,74,4.6,4.6,0.0,11.0,7.06,14.7
2009-03-25,6.3,12.5,-0.4,1.5,7.2,56,0.0,0.0,0.0,0.0,6.95,14.7
2009-03-26,9.8,14.5,4.5,5.6,10.1,40,0.0,0.0,0.0,0.0,5.33,10.7
2009-03-27,9.6,15.4,2.5,6.4,13.5,39,0.0,0.0,0.0,0.0,2.28,5.5
2009-03-28,9.6,15.2,4.7,5.0,11.6,48,0.0,0.0,0.0,0.0,6.53,13.3
2009-03-29,7.6,13.4,2.2,4.0,11.5,63,1.1,1.1,0.0,3.0,4.78,10.6
2009-03-30,4.8,8.1,2.7,1.1,4.0,73,6.7,6.7,0.0,10.0,4.17,10.0
2009-03-31,5.3,9.5,1.7,2.1,6.0,63,0.5,0.5,0.0,2.0,3.38,7.9
2009-04-01,6.5,11.7,0.5,3.0,8.8,50,0.0,0.0,0.0,0.0,3.42,8.8
2009-04-02,8.4,12.9,2.7,4.4,9.3,44,0.0,0.0,0.0,0.0,4.22,9.2
2009-04-03,9.7,13.4,7.1,6.4,9.8,55,0.0,0.0,0.0,0.0,4.61,10.4
2009-04-04,12.2,18.8,6.4,10.1,18.3,59,0.0,0.0,0.0,0.0,2.7,6.2
2009-04-05,14.7,20.4,8.4,12.4,18.9,55,0.0,0.0,0.0,0.0,3.61,8.6
2009-04-06,17.4,23.9,11.5,14.4,21.3,41,0.0,0.0,0.0,0.0,3.91,9.0
2009-04-07,18.6,24.3,14.5,15.7,21.6,42,0.0,0.0,0.0,0.0,4.79,11.1
2009-04-08,18.9,25.0,14.2,16.6,23.7,40,0.0,0.0,0.0,0.0,2.91,7.2
2009-04-09,19.0,24.7,14.2,15.5,21.1,33,0.0,0.0,0.0,0.0,5.98,12.3
2009-04-10,19.1,24.2,14.2,15.6,20.0,33,0.0,0.0,0.0,0.0,6.25,13.1
2009-04-11,18.0,20.7,14.2,16.1,20.0,56,0.5,0.5,0.0,2.0,4.81,10.0
2009-04-12,18.5,24.0,11.7,18.5,25.6,65,0.0,0.0,0.0,0.0,2.18,5.4
2009-04-13,19.2,26.6,13.4,18.9,27.8,67,1.3,1.3,0.0,1.0,5.46,10.3
2009-04-14,17.3,23.0,11.6,16.3,21.4,70,1.4,1.4,0.0,3.0,4.94,10.5
2009-04-15,10.3,19.8,3.7,6.1,18.1,65,2.3,2.3,0.0,4.0,10.09,19.3
2009-04-16,10.5,17.7,1.5,7.5,15.5,40,0.0,0.0,0.0,0.0,2.42,5.7
2009-04-17,15.4,21.6,8.1,11.7,18.7,37,0.0,0.0,0.0,0.0,5.77,11.2
2009-04-18,19.4,25.1,14.4,17.8,25.5,56,0.3,0.3,0.0,2.0,5.53,11.2
2009-04-19,14.4,18.6,8.6,13.9,18.7,93,28.2,28.2,0.0,23.0,5.59,10.1
2009-04-20,12.5,18.1,7.6,9.6,15.4,72,0.0,0.0,0.0,0.0,5.48,11.5
2009-04-21,14.9,20.2,8.6,11.9,17.6,45,0.0,0.0,0.0,0.0,4.33,11.1
2009-04-22,16.0,22.4,9.1,14.6,21.0,54,1.2,1.2,0.0,2.0,2.82,6.5
2009-04-23,15.4,19.4,12.7,12.6,17.3,54,0.0,0.0,0.0,0.0,5.06,10.8
2009-04-24,15.2,17.7,13.0,12.6,15.7,57,0.0,0.0,0.0,0.0,6.02,12.0
2009-04-25,14.5,20.1,9.6,10.4,15.4,32,0.0,0.0,0.0,0.0,7.63,16.5
2009-04-26,14.0,19.9,7.0,11.0,17.1,38,0.0,0.0,0.0,0.0,4.08,9.4
2009-04-27,17.3,23.1,10.4,14.9,22.1,43,0.0,0.0,0.0,0.0,5.31,12.2
2009-04-28,19.1,24.2,13.1,17.8,24.0,53,0.0,0.0,0.0,0.0,3.81,8.2
2009-04-29,19.6,26.1,11.9,18.8,25.9,58,0.0,0.0,0.0,0.0,5.09,10.6
2009-04-30,21.4,25.8,17.1,20.2,25.2,55,0.0,0.0,0.0,0.0,5.92,12.6
2009-05-01,20.3,23.4,16.9,20.1,22.4,73,2.3,2.3,0.0,7.0,7.34,16.0
2009-05-02,19.9,26.5,15.1,19.5,26.9,59,0.0,0.0,0.0,0.0,3.09,5.4
2009-05-03,22.4,27.8,17.3,20.2,26.4,40,0.0,0.0,0.0,0.0,5.38,12.3
2009-05-04,22.9,27.5,18.7,19.7,23.9,37,0.0,0.0,0.0,0.0,6.78,14.0
2009-05-05,21.7,26.8,17.9,18.5,24.6,33,0.0,0.0,0.0,0.0,5.53,11.1
2009-05-06,22.5,27.3,17.8,19.7,25.4,36,0.0,0.0,0.0,0.0,5.75,12.5
2009-05-07,23.4,29.0,18.5,21.1,28.1,38,0.0,0.0,0.0,0.0,5.48,12.3
2009-05-08,25.9,31.2,19.3,24.2,30.1,39,0.0,0.0,0.0,0.0,6.39,12.9
2009-05-09,23.9,27.9,15.1,23.5,29.4,64,23.8,23.8,0.0,11.0,6.55,15.6
2009-05-10,10.8,13.7,9.7,8.4,11.8,97,44.0,44.0,0.0,17.0,6.18,15.0
2009-05-11,15.1,19.1,11.0,15.1,21.0,82,1.9,1.9,0.0,6.0,2.56,6.2
2009-05-12,18.7,24.3,13.4,18.5,25.5,69,0.0,0.0,0.0,0.0,4.69,11.4
2009-05-13,20.2,26.6,11.8,20.4,28.2,59,0.0,0.0,0.0,0.0,2.51,5.4
2009-05-14,18.3,20.5,15.5,17.5,19.9,64,1.3,1.3,0.0,4.0,4.63,8.5
2009-05-15,14.9,15.5,13.3,15.0,15.8,83,6.7,6.7,0.0,7.0,1.93,4.7
2009-05-16,16.2,20.3,11.3,16.6,21.1,80,0.0,0.0,0.0,0.0,2.14,4.9
2009-05-17,19.4,24.0,12.6,18.2,22.8,55,4.2,4.2,0.0,2.0,4.36,9.2
2009-05-18,22.2,28.2,16.8,20.5,27.8,51,0.0,0.0,0.0,0.0,5.22,10.9
2009-05-19,24.5,30.2,19.1,23.9,30.5,53,0.0,0.0,0.0,0.0,4.88,10.1
2009-05-20,22.2,25.8,16.2,21.7,26.0,61,0.3,0.3,0.0,2.0,4.83,9.9
2009-05-21,19.8,24.6,13.9,20.6,26.6,65,0.0,0.0,0.0,0.0,1.79,5.4
2009-05-22,17.7,20.1,13.0,17.5,20.7,80,13.0,13.0,0.0,7.0,5.1,10.9
2009-05-23,20.6,27.6,12.8,19.4,27.2,58,0.0,0.0,0.0,0.0,4.68,10.0
2009-05-24,22.5,27.7,18.0,20.8,26.7,46,0.0,0.0,0.0,0.0,4.88,10.3
2009-05-25,22.8,27.2,17.5,22.0,28.1,52,0.0,0.0,0.0,0.0,5.58,11.6
2009-05-26,21.6,27.3,15.0,22.8,29.5,63,0.0,0.0,0.0,0.0,2.52,5.2
2009-05-27,22.9,27.6,17.7,24.0,29.0,64,0.0,0.0,0.0,0.0,2.89,6.7
2009-05-28,22.0,26.0,19.0,23.0,26.6,69,0.0,0.0,0.0,0.0,3.74,7.4
2009-05-29,23.7,28.4,19.3,24.1,28.6,58,0.0,0.0,0.0,0.0,4.9,10.6
2009-05-30,23.4,28.0,16.7,21.1,26.0,32,0.0,0.0,0.0,0.0,4.9,9.8
2009-05-31,23.4,29.5,17.0,21.9,29.6,36,0.0,0.0,0.0,0.0,4.12,7.8
2009-06-01,27.0,33.9,18.5,24.3,32.4,33,0.0,0.0,0.0,0.0,6.8,13.2
2009-06-02,25.9,30.8,19.8,24.8,30.9,44,0.0,0.0,0.0,0.0,6.74,12.5
2009-06-03,25.2,31.0,19.2,24.4,31.5,37,0.0,0.0,0.0,0.0,3.35,9.1
2009-06-04,26.3,32.3,20.1,26.4,33.3,47,0.3,0.3,0.0,1.0,3.2,7.0
2009-06-05,26.2,32.3,20.4,26.5,34.6,48,0.5,0.5,0.0,1.0,5.3,10.2
2009-06-06,20.4,24.4,16.9,20.9,25.4,71,2.6,2.6,0.0,4.0,4.0,9.1
2009-06-07,23.4,29.9,15.8,25.2,32.7,67,0.0,0.0,0.0,0.0,2.82,5.4
2009-06-08,22.6,24.8,20.8,23.3,25.8,75,1.6,1.6,0.0,7.0,5.82,11.8
2009-06-09,23.4,27.5,19.7,24.5,28.8,68,0.1,0.1,0.0,1.0,3.75,8.4
2009-06-10,25.3,30.8,19.6,23.6,28.2,39,0.0,0.0,0.0,0.0,6.0,12.5
2009-06-11,28.5,35.1,21.7,25.5,32.6,27,0.0,0.0,0.0,0.0,7.08,15.2
2009-06-12,26.3,31.5,21.4,24.0,29.3,33,0.0,0.0,0.0,0.0,5.72,12.3
2009-06-13,26.8,32.7,18.0,25.7,33.4,30,0.2,0.2,0.0,1.0,3.11,6.5
2009-06-14,26.1,31.6,19.4,26.8,33.7,46,0.1,0.1,0.0,1.0,2.36,6.0
2009-06-15,27.1,32.6,20.7,27.7,33.8,48,0.0,0.0,0.0,0.0,4.03,7.2
2009-06-16,27.4,32.5,22.3,28.6,33.3,57,0.5,0.5,0.0,3.0,4.71,10.5
2009-06-17,26.0,32.0,21.9,28.8,36.2,70,3.6,3.6,0.0,9.0,3.28,10.2
2009-06-18,27.9,32.1,23.5,30.5,35.7,65,0.7,0.7,0.0,1.0,4.88,9.7
2009-06-19,26.8,30.7,23.8,29.5,34.6,76,19.8,19.8,0.0,6.0,6.74,14.7
2009-06-20,27.7,33.6,22.7,29.5,34.5,56,0.0,0.0,0.0,0.0,3.85,6.7
2009-06-21,28.4,33.8,24.9,29.3,34.2,53,0.0,0.0,0.0,0.0,5.16,10.8
2009-06-22,26.4,31.1,20.7,25.5,29.9,40,0.0,0.0,0.0,0.0,6.3,11.9
2009-06-23,27.9,33.9,20.1,27.0,33.1,39,0.0,0.0,0.0,0.0,5.52,11.4
2009-06-24,30.9,36.9,25.6,31.8,39.2,42,0.0,0.0,0.0,0.0,4.51,9.0
2009-06-25,33.1,39.3,27.3,33.4,39.3,41,0.0,0.0,0.0,0.0,6.24,12.0
2009-06-26,32.2,36.6,27.5,31.6,35.9,37,0.0,0.0,0.0,0.0,6.93,13.5
2009-06-27,29.4,34.7,25.6,31.3,38.2,56,1.0,1.0,0.0,1.0,4.82,9.6
2009-06-28,28.9,32.8,24.4,31.8,36.4,61,0.0,0.0,0.0,0.0,4.12,9.1
2009-06-29,30.2,36.5,24.5,30.9,36.9,44,0.0,0.0,0.0,0.0,3.47,8.0
2009-06-30,29.7,34.8,24.1,30.1,36.2,44,0.0,0.0,0.0,0.0,5.57,13.0
2009-07-01,27.4,33.1,21.0,26.9,31.7,41,0.0,0.0,0.0,0.0,5.65,11.7
2009-07-02,28.1,34.1,20.9,28.5,34.7,43,0.0,0.0,0.0,0.0,3.71,8.4
2009-07-03,29.8,35.6,21.9,30.6,37.1,42,0.0,0.0,0.0,0.0,4.27,8.0
2009-07-04,30.5,34.9,26.3,30.4,35.5,42,0.0,0.0,0.0,0.0,4.9,10.0
2009-07-05,29.4,33.5,26.0,30.5,34.6,53,0.6,0.6,0.0,3.0,4.88,10.6
2009-07-06,24.6,26.7,22.3,27.9,30.3,84,47.0,47.0,0.0,13.0,4.43,8.0
2009-07-07,26.6,30.7,22.9,30.8,35.6,77,0.0,0.0,0.0,0.0,3.0,7.4
2009-07-08,25.0,26.8,20.1,28.5,30.2,85,40.9,40.9,0.0,15.0,5.7,14.5
2009-07-09,23.8,28.9,19.3,26.4,32.6,78,2.9,2.9,0.0,7.0,6.02,12.6
2009-07-10,25.6,29.4,21.8,29.4,35.1,80,0.0,0.0,0.0,0.0,3.26,7.2
2009-07-11,24.2,26.4,20.9,26.6,28.7,76,0.2,0.2,0.0,1.0,4.54,9.9
2009-07-12,25.3,30.8,18.9,28.4,34.7,74,0.0,0.0,0.0,0.0,4.67,8.7
2009-07-13,23.6,26.0,20.3,26.1,29.4,87,96.4,96.4,0.0,13.0,5.34,10.9
2009-07-14,24.6,30.2,19.8,28.4,34.8,79,0.0,0.0,0.0,0.0,1.9,5.1
2009-07-15,27.8,32.8,22.1,31.8,37.2,71,0.0,0.0,0.0,0.0,2.5,5.9
2009-07-16,26.2,27.9,25.0,29.8,31.3,78,7.1,7.1,0.0,10.0,3.36,7.8
2009-07-17,28.5,31.8,25.2,34.0,37.4,84,7.2,7.2,0.0,12.0,5.42,13.5
2009-07-18,24.0,27.3,21.6,27.1,30.3,86,17.9,17.9,0.0,7.0,4.76,11.3
2009-07-19,26.7,31.8,20.6,31.0,37.2,77,0.0,0.0,0.0,0.0,2.65,6.0
2009-07-20,27.0,29.7,25.2,32.0,36.5,87,15.6,15.6,0.0,8.0,4.1,9.7
2009-07-21,27.7,31.2,24.9,33.8,39.0,85,0.4,0.4,0.0,1.0,2.55,6.2
2009-07-22,28.5,32.6,24.3,33.2,37.9,75,0.0,0.0,0.0,0.0,3.86,9.2
2009-07-23,26.6,31.2,22.3,30.0,35.3,71,0.0,0.0,0.0,0.0,3.64,9.2
2009-07-24,24.0,27.7,19.7,26.9,31.3,76,10.3,10.3,0.0,11.0,2.5,5.6
2009-07-25,23.5,26.9,20.7,26.1,29.4,81,0.7,0.7,0.0,4.0,4.0,8.3
2009-07-26,23.9,28.3,19.0,26.4,30.6,77,0.0,0.0,0.0,0.0,3.47,8.7
2009-07-27,24.5,28.6,21.4,28.3,33.7,81,2.4,2.4,0.0,4.0,3.14,6.8
2009-07-28,24.6,28.7,22.1,28.6,34.6,82,2.5,2.5,0.0,7.0,2.01,6.5
2009-07-29,25.8,30.0,22.2,29.9,35.4,80,1.0,1.0,0.0,4.0,3.2,7.2
2009-07-30,26.5,30.1,23.4,30.8,35.1,78,0.6,0.6,0.0,2.0,2.31,6.5
2009-07-31,26.0,29.9,22.5,29.8,34.8,74,0.0,0.0,0.0,0.0,2.16,5.4
2009-08-01,26.5,30.2,23.0,30.7,36.1,77,0.1,0.1,0.0,1.0,2.97,6.0
2009-08-02,25.2,27.1,22.5,29.4,32.6,84,4.1,4.1,0.0,8.0,2.8,6.2
2009-08-03,25.5,29.2,22.0,30.2,34.0,84,0.6,0.6,0.0,3.0,2.25,6.2
2009-08-04,25.8,29.0,22.9,29.7,33.1,76,0.0,0.0,0.0,0.0,1.84,6.2
2009-08-05,24.9,28.2,22.4,28.7,31.2,80,1.2,1.2,0.0,3.0,2.09,5.7
2009-08-06,25.1,28.8,21.6,29.1,32.9,82,0.8,0.8,0.0,4.0,2.43,6.8
2009-08-07,26.5,30.5,22.7,30.5,34.3,77,0.2,0.2,0.0,1.0,3.83,7.8
2009-08-08,26.7,30.8,22.8,30.7,35.1,77,0.0,0.0,0.0,0.0,3.03,8.6
2009-08-09,26.9,31.3,22.9,31.8,37.0,79,0.8,0.8,0.0,1.0,1.7,5.3
2009-08-10,27.1,30.9,24.2,32.2,36.4,82,0.8,0.8,0.0,2.0,3.2,8.3
2009-08-11,27.3,31.7,23.7,31.2,35.4,77,0.0,0.0,0.0,0.0,4.65,10.9
2009-08-12,28.4,34.4,21.8,31.9,37.9,64,0.0,0.0,0.0,0.0,3.16,5.5
2009-08-13,28.8,34.3,24.0,31.2,36.9,58,0.0,0.0,0.0,0.0,3.81,8.5
2009-08-14,29.3,34.0,25.8,32.8,37.6,65,0.0,0.0,0.0,0.0,3.91,8.1
2009-08-15,29.0,32.9,25.9,33.3,38.2,70,0.5,0.5,0.0,1.0,3.01,6.9
2009-08-16,28.2,31.9,25.1,32.9,37.8,75,0.2,0.2,0.0,1.0,3.68,7.3
2009-08-17,24.1,26.7,21.4,27.5,30.7,86,41.4,41.4,0.0,16.0,4.7,8.2
2009-08-18,25.0,29.3,21.5,29.0,33.1,88,5.1,5.1,0.0,9.0,4.52,9.6
2009-08-19,26.0,28.0,24.5,30.7,33.2,89,33.4,33.4,0.0,11.0,4.76,11.1
2009-08-20,25.8,29.7,22.7,29.6,32.7,77,0.0,0.0,0.0,0.0,2.72,6.4
2009-08-21,24.5,28.9,21.1,26.8,32.0,73,0.0,0.0,0.0,0.0,5.16,10.0
2009-08-22,19.3,21.1,18.1,20.7,22.0,91,5.5,5.5,0.0,12.0,3.72,8.5
2009-08-23,22.0,26.9,18.4,25.0,29.8,87,0.0,0.0,0.0,0.0,1.64,4.5
2009-08-24,24.1,28.1,19.9,27.8,32.0,84,0.0,0.0,0.0,0.0,2.28,5.4
2009-08-25,25.8,29.1,23.0,29.8,32.4,80,0.0,0.0,0.0,0.0,3.34,7.4
2009-08-26,24.0,25.9,19.5,27.6,30.2,90,6.5,6.5,0.0,9.0,4.46,11.6
2009-08-27,24.4,30.8,19.4,28.0,35.1,80,0.0,0.0,0.0,0.0,2.55,5.9
2009-08-28,24.1,28.2,19.1,25.2,29.0,71,0.0,0.0,0.0,0.0,5.86,11.8
2009-08-29,18.3,19.3,14.5,17.8,19.3,66,0.0,0.0,0.0,0.0,4.37,8.7
2009-08-30,18.8,25.3,12.7,19.5,26.8,74,0.0,0.0,0.0,0.0,1.84,4.9
2009-08-31,20.6,26.8,15.2,21.3,28.2,71,0.0,0.0,0.0,0.0,3.42,7.8
2009-09-01,21.8,28.0,16.3,23.0,29.9,72,0.0,0.0,0.0,0.0,2.82,6.4
2009-09-02,23.4,27.1,19.3,26.2,30.2,78,1.6,1.6,0.0,6.0,2.3,6.0
2009-09-03,24.6,27.3,22.6,28.0,30.6,82,0.3,0.3,0.0,1.0,3.11,8.2
2009-09-04,25.2,28.3,22.8,28.6,31.3,79,2.4,2.4,0.0,6.0,3.54,9.0
2009-09-05,25.2,28.5,23.1,29.0,32.6,84,3.8,3.8,0.0,10.0,3.5,8.2
2009-09-06,21.2,23.9,17.3,22.3,28.4,87,0.1,0.1,0.0,1.0,6.84,13.4
2009-09-07,15.6,17.6,14.7,14.9,16.7,90,1.9,1.9,0.0,9.0,4.75,9.7
2009-09-08,15.5,16.4,14.6,15.3,16.8,79,0.4,0.4,0.0,2.0,2.65,6.0
2009-09-09,19.2,25.9,13.2,19.6,26.8,65,0.0,0.0,0.0,0.0,1.46,4.6
2009-09-10,18.8,23.7,14.4,19.6,24.0,77,0.0,0.0,0.0,0.0,3.11,5.8
2009-09-11,18.3,21.7,16.5,19.5,22.1,87,0.6,0.6,0.0,3.0,2.98,6.9
2009-09-12,19.6,25.0,14.3,19.1,24.7,62,0.0,0.0,0.0,0.0,3.35,7.4
2009-09-13,20.3,27.0,12.8,20.2,27.3,66,0.0,0.0,0.0,0.0,3.32,7.5
2009-09-14,18.9,22.4,16.5,19.0,23.1,77,1.6,1.6,0.0,5.0,4.03,9.8
2009-09-15,20.6,26.7,15.6,22.0,29.1,77,0.0,0.0,0.0,0.0,2.5,5.5
2009-09-16,21.6,26.5,18.4,22.4,27.1,75,0.0,0.0,0.0,0.0,4.33,9.0
2009-09-17,22.2,27.0,18.5,23.5,28.3,74,0.0,0.0,0.0,0.0,3.74,8.3
2009-09-18,22.1,28.5,17.9,23.8,29.3,75,0.0,0.0,0.0,0.0,3.23,7.2
2009-09-19,20.3,23.4,16.8,21.9,24.9,80,1.1,1.1,0.0,2.0,1.64,5.4
2009-09-20,15.4,19.9,11.3,15.5,22.6,90,16.6,16.6,0.0,12.0,5.56,10.8
2009-09-21,16.3,24.3,10.5,15.2,23.4,66,0.0,0.0,0.0,0.0,2.47,5.9
2009-09-22,18.7,26.3,11.0,17.0,24.7,55,0.0,0.0,0.0,0.0,3.7,7.4
2009-09-23,21.1,27.7,15.7,19.8,26.9,53,0.0,0.0,0.0,0.0,4.11,9.2
2009-09-24,21.5,26.3,17.9,23.2,28.4,80,0.0,0.0,0.0,0.0,3.31,6.9
2009-09-25,22.8,28.3,17.5,25.1,30.9,75,0.0,0.0,0.0,0.0,1.63,5.9
2009-09-26,23.4,27.9,19.7,25.3,29.7,69,0.0,0.0,0.0,0.0,2.11,4.3
2009-09-27,21.8,26.6,18.4,24.2,30.1,80,0.9,0.9,0.0,3.0,1.94,4.9
2009-09-28,21.5,27.1,18.0,23.2,29.8,77,0.0,0.0,0.0,0.0,2.09,5.5
2009-09-29,21.6,27.7,16.4,23.3,30.5,75,0.0,0.0,0.0,0.0,2.16,4.4
2009-09-30,22.5,27.9,18.7,23.0,28.4,66,0.0,0.0,0.0,0.0,3.77,8.3
2009-10-01,21.6,27.0,17.5,21.1,26.6,61,0.0,0.0,0.0,0.0,4.14,9.1
2009-10-02,20.4,26.7,15.2,20.1,25.7,59,0.0,0.0,0.0,0.0,2.62,6.8
2009-10-03,19.6,25.9,12.7,18.0,23.6,49,0.0,0.0,0.0,0.0,3.58,7.7
2009-10-04,18.7,24.8,13.5,17.1,22.4,55,0.0,0.0,0.0,0.0,4.48,9.7
2009-10-05,18.7,26.9,11.6,17.8,26.5,57,0.0,0.0,0.0,0.0,2.04,5.4
2009-10-06,19.6,27.3,13.3,18.7,26.1,62,0.0,0.0,0.0,0.0,4.72,9.7
2009-10-07,18.4,22.7,15.2,16.4,19.5,61,0.0,0.0,0.0,0.0,4.88,10.1
2009-10-08,15.9,19.2,12.9,14.7,18.3,63,3.2,3.2,0.0,5.0,3.04,6.5
2009-10-09,16.1,21.7,12.1,14.3,19.7,62,0.0,0.0,0.0,0.0,3.58,8.6
2009-10-10,16.0,21.5,10.2,14.2,19.8,57,0.0,0.0,0.0,0.0,2.75,6.1
2009-10-11,16.3,21.0,11.9,15.0,20.1,57,0.0,0.0,0.0,0.0,2.38,4.9
2009-10-12,16.2,20.4,13.6,15.1,18.8,70,0.0,0.0,0.0,0.0,3.76,8.6
2009-10-13,15.2,20.6,11.1,12.9,16.1,59,0.6,0.6,0.0,2.0,5.55,11.5
2009-10-14,16.2,23.7,10.1,13.0,20.1,42,0.0,0.0,0.0,0.0,4.03,8.9
2009-10-15,18.0,24.8,12.0,14.9,21.9,42,0.0,0.0,0.0,0.0,4.4,9.7
2009-10-16,17.5,22.9,11.2,13.9,20.2,42,1.3,1.3,0.0,2.0,6.93,14.5
2009-10-17,14.4,21.6,6.8,10.8,17.7,35,0.0,0.0,0.0,0.0,3.44,7.6
2009-10-18,17.4,24.1,12.2,12.7,19.2,32,0.0,0.0,0.0,0.0,7.15,14.9
2009-10-19,11.6,16.8,6.9,7.3,12.4,27,0.0,0.0,0.0,0.0,3.68,10.3
2009-10-20,16.6,24.3,9.8,12.6,20.4,34,0.0,0.0,0.0,0.0,6.02,12.4
2009-10-21,16.6,24.6,10.7,13.9,22.4,40,0.0,0.0,0.0,0.0,3.3,6.1
2009-10-22,18.2,24.6,12.7,15.2,22.0,38,0.0,0.0,0.0,0.0,4.87,9.0
2009-10-23,18.3,26.7,10.5,15.7,23.5,46,0.0,0.0,0.0,0.0,4.51,9.3
2009-10-24,20.2,25.6,16.7,17.7,22.8,47,0.0,0.0,0.0,0.0,4.98,10.7
2009-10-25,19.3,25.7,14.7,16.8,22.4,48,0.0,0.0,0.0,0.0,5.02,10.8
2009-10-26,17.9,23.5,14.1,16.2,22.3,54,0.0,0.0,0.0,0.0,2.93,6.4
2009-10-27,17.5,23.8,13.4,16.0,22.2,62,0.0,0.0,0.0,0.0,4.41,8.6
2009-10-28,18.8,23.8,16.0,16.7,21.7,55,0.0,0.0,0.0,0.0,4.57,10.1
2009-10-29,18.3,25.0,13.6,17.0,23.8,61,0.0,0.0,0.0,0.0,3.32,8.1
2009-10-30,15.9,21.0,12.1,15.3,20.7,74,2.1,2.1,0.0,3.0,2.67,6.2
2009-10-31,8.7,12.3,6.6,5.7,10.1,89,7.4,7.4,0.0,11.0,5.53,11.8
2009-11-01,6.1,11.4,0.4,2.5,8.5,78,2.5,1.9,0.42,6.0,8.65,14.3
2009-11-02,0.0,3.4,-2.9,-5.2,-1.1,42,0.0,0.0,0.0,0.0,6.22,12.1
2009-11-03,5.0,10.1,-0.4,-0.9,3.9,42,0.0,0.0,0.0,0.0,6.76,14.0
2009-11-04,9.6,15.2,6.4,5.5,11.7,52,0.0,0.0,0.0,0.0,6.39,12.3
2009-11-05,11.5,20.2,4.8,8.7,17.0,63,0.0,0.0,0.0,0.0,3.5,7.1
2009-11-06,15.0,21.7,10.5,11.9,18.3,57,0.0,0.0,0.0,0.0,5.26,10.9
2009-11-07,16.4,21.0,14.0,14.0,18.7,61,0.0,0.0,0.0,0.0,6.06,11.3
2009-11-08,13.8,19.5,10.2,12.2,18.3,80,0.0,0.0,0.0,0.0,5.8,11.1
2009-11-09,6.5,10.6,2.7,1.5,7.2,83,0.0,0.0,0.0,0.0,7.87,14.9
2009-11-10,2.2,2.8,1.7,-3.8,-2.8,72,0.0,0.0,0.0,0.0,7.74,16.1
2009-11-11,1.5,2.5,-0.2,-3.9,-2.9,77,3.3,1.7,1.19,13.0,7.66,14.4
2009-11-12,-0.7,0.2,-2.2,-4.8,-3.5,99,17.9,0.6,12.18,19.0,4.43,8.7
2009-11-13,-1.9,1.2,-3.9,-5.1,-1.4,89,0.0,0.0,0.0,0.0,2.47,5.0
2009-11-14,-1.6,3.6,-3.9,-5.7,-1.3,74,0.0,0.0,0.0,0.0,3.35,8.4
2009-11-15,-2.0,0.7,-4.2,-6.6,-4.4,53,0.0,0.0,0.0,0.0,3.76,8.0
2009-11-16,-3.0,-1.6,-4.7,-7.9,-6.4,49,0.0,0.0,0.0,0.0,4.36,8.9
2009-11-17,-2.2,2.1,-5.2,-6.6,-3.0,55,0.0,0.0,0.0,0.0,3.55,8.0
2009-11-18,-0.8,4.1,-4.9,-5.2,-1.1,56,0.0,0.0,0.0,0.0,3.98,10.0
2009-11-19,0.5,5.6,-3.4,-3.0,2.2,62,0.0,0.0,0.0,0.0,1.92,5.1
2009-11-20,1.8,6.0,-1.8,-2.3,1.3,54,0.0,0.0,0.0,0.0,3.18,8.2
2009-11-21,1.5,6.3,-3.7,-3.4,0.1,57,0.0,0.0,0.0,0.0,5.87,12.1
2009-11-22,4.6,10.0,1.4,0.2,5.9,59,0.0,0.0,0.0,0.0,5.51,10.8
2009-11-23,6.4,13.5,1.5,3.2,10.5,73,0.0,0.0,0.0,0.0,2.96,6.4
2009-11-24,6.7,11.4,4.6,3.5,8.2,73,0.0,0.0,0.0,0.0,3.26,7.8
2009-11-25,3.1,6.7,-0.0,-0.0,3.2,84,0.0,0.0,0.0,0.0,3.67,7.4
2009-11-26,2.3,6.0,-0.6,-0.6,3.6,85,0.0,0.0,0.0,0.0,2.27,4.2
2009-11-27,2.2,5.1,-1.7,-2.2,-0.4,74,0.0,0.0,0.0,0.0,5.73,11.6
2009-11-28,0.2,2.8,-3.1,-3.2,-0.2,77,0.0,0.0,0.0,0.0,2.55,5.7
2009-11-29,2.0,6.4,-0.9,-1.9,2.3,74,0.0,0.0,0.0,0.0,3.56,7.8
2009-11-30,1.8,5.7,-0.2,-1.7,2.5,86,0.0,0.0,0.0,0.0,3.22,6.3
2009-12-01,2.0,8.1,-0.7,-1.2,5.1,88,0.0,0.0,0.0,0.0,2.72,6.0
2009-12-02,3.1,7.0,-0.5,-0.4,3.0,82,0.0,0.0,0.0,0.0,4.03,8.7
2009-12-03,2.5,8.0,-2.4,-1.7,3.6,57,0.0,0.0,0.0,0.0,5.46,10.2
2009-12-04,3.3,7.0,-0.7,-1.8,1.9,61,0.1,0.1,0.0,1.0,5.95,12.8
2009-12-05,-0.2,5.4,-5.0,-5.1,-0.4,35,0.0,0.0,0.0,0.0,4.1,9.0
2009-12-06,1.4,8.9,-3.3,-2.6,4.7,56,0.0,0.0,0.0,0.0,2.31,5.6
2009-12-07,3.1,9.3,-3.2,-0.7,4.9,60,0.0,0.0,0.0,0.0,3.2,8.1
2009-12-08,5.4,8.0,3.6,2.6,4.8,78,0.6,0.6,0.0,3.0,2.97,6.4
2009-12-09,5.0,6.9,3.4,2.8,5.0,90,0.0,0.0,0.0,0.0,1.99,4.7
2009-12-10,5.8,8.2,4.1,3.7,5.6,91,0.0,0.0,0.0,0.0,2.42,5.6
2009-12-11,4.6,6.6,1.0,1.2,4.9,75,0.0,0.0,0.0,0.0,4.46,9.7
2009-12-12,1.1,3.9,-1.6,-3.0,-0.5,62,0.0,0.0,0.0,0.0,3.76,6.9
2009-12-13,0.8,6.2,-3.4,-2.8,2.7,68,0.0,0.0,0.0,0.0,2.27,4.6
2009-12-14,0.3,3.3,-3.6,-3.4,-0.8,74,0.0,0.0,0.0,0.0,3.0,6.4
2009-12-15,-0.3,2.1,-1.8,-4.5,-2.6,65,0.0,0.0,0.0,0.0,4.39,9.1
2009-12-16,-1.9,-0.2,-2.9,-5.3,-3.9,74,0.1,0.0,0.49,1.0,2.06,5.3
2009-12-17,-3.8,-1.5,-7.6,-8.0,-6.0,69,0.0,0.0,0.0,0.0,3.32,7.8
2009-12-18,-6.0,-2.1,-8.9,-10.5,-7.3,43,0.0,0.0,0.0,0.0,2.66,7.1
2009-12-19,-5.6,-0.3,-8.9,-10.4,-5.9,48,0.0,0.0,0.0,0.0,3.45,7.7
2009-12-20,-3.7,2.3,-8.0,-8.8,-3.2,37,0.0,0.0,0.0,0.0,3.23,7.3
2009-12-21,0.4,6.1,-4.2,-5.6,-0.6,31,0.0,0.0,0.0,0.0,6.0,12.1
2009-12-22,1.1,6.8,-3.9,-3.4,2.6,60,0.0,0.0,0.0,0.0,5.68,10.5
2009-12-23,0.5,8.2,-4.2,-3.5,4.0,60,0.0,0.0,0.0,0.0,2.47,5.7
2009-12-24,1.8,8.1,-2.7,-2.0,4.7,68,0.0,0.0,0.0,0.0,5.06,11.4
2009-12-25,-3.2,2.1,-8.0,-9.1,-4.2,21,0.0,0.0,0.0,0.0,5.0,12.6
2009-12-26,-4.7,-0.3,-9.4,-9.4,-4.6,30,0.0,0.0,0.0,0.0,2.55,6.1
2009-12-27,-4.1,-1.5,-7.6,-8.8,-6.5,38,0.0,0.0,0.0,0.0,2.98,8.7
2009-12-28,-1.7,3.5,-7.5,-7.9,-3.2,38,0.0,0.0,0.0,0.0,7.1,14.9
2009-12-29,1.1,6.3,-2.5,-4.3,0.4,45,0.0,0.0,0.0,0.0,6.83,14.1
2009-12-30,-3.8,0.7,-7.1,-8.4,-4.7,46,0.0,0.0,0.0,0.0,4.3,9.3
2009-12-31,-3.9,1.2,-9.6,-9.3,-4.4,31,0.0,0.0,0.0,0.0,5.63,11.7
