time,temperature_2m_mean,temperature_2m_max,temperature_2m_min,apparent_temperature_mean,apparent_temperature_max,relative_humidity_2m_mean,precipitation_sum,rain_sum,snowfall_sum,precipitation_hours,wind_speed_10m_max,wind_gusts_10m_max
2000-01-01,9.6,17.7,2.9,6.4,13.9,61,0.0,0.0,0.0,0.0,4.36,9.5
2000-01-02,9.8,17.8,3.7,7.1,14.2,63,0.0,0.0,0.0,0.0,4.25,9.1
2000-01-03,11.3,18.3,5.8,7.9,13.8,58,0.0,0.0,0.0,0.0,5.88,12.1
2000-01-04,11.9,18.3,6.1,7.7,12.9,49,0.0,0.0,0.0,0.0,6.86,14.2
2000-01-05,11.3,18.2,5.4,7.0,12.8,44,0.0,0.0,0.0,0.0,6.33,13.2
2000-01-06,10.4,19.0,4.3,6.5,14.1,45,0.0,0.0,0.0,0.0,4.73,10.0
2000-01-07,11.2,16.8,7.2,7.4,12.1,53,0.0,0.0,0.0,0.0,7.61,15.7
2000-01-08,10.6,16.9,5.7,7.5,12.7,66,0.0,0.0,0.0,0.0,5.72,12.2
2000-01-09,10.8,17.5,4.4,7.3,12.8,60,0.0,0.0,0.0,0.0,6.45,13.3
2000-01-10,12.6,18.1,6.2,8.9,13.2,57,0.0,0.0,0.0,0.0,7.85,16.3
2000-01-11,13.6,19.0,9.1,9.9,13.6,54,0.0,0.0,0.0,0.0,8.38,17.2
2000-01-12,12.3,18.4,7.3,8.4,13.7,53,0.0,0.0,0.0,0.0,6.99,14.3
2000-01-13,11.8,17.1,6.2,7.9,12.5,50,0.0,0.0,0.0,0.0,6.14,12.8
2000-01-14,13.1,18.0,9.0,8.1,11.7,42,0.0,0.0,0.0,0.0,9.72,19.3
2000-01-15,12.6,17.8,7.6,8.3,12.7,49,0.0,0.0,0.0,0.0,7.75,15.9
2000-01-16,12.5,18.6,6.9,8.5,13.1,50,0.0,0.0,0.0,0.0,7.34,15.3
2000-01-17,11.9,18.4,6.2,7.9,13.3,53,0.0,0.0,0.0,0.0,7.16,15.1
2000-01-18,8.0,12.0,4.1,4.9,8.8,71,0.0,0.0,0.0,0.0,4.28,9.0
2000-01-19,6.5,12.3,2.7,3.4,8.7,80,0.1,0.1,0.0,1.0,4.08,8.7
2000-01-20,8.7,10.9,7.0,6.1,7.3,90,3.7,3.7,0.0,19.0,5.54,13.7
2000-01-21,11.0,15.0,8.4,8.2,11.2,79,1.5,1.5,0.0,5.0,7.11,16.9
2000-01-22,9.8,13.5,6.3,7.2,10.4,79,2.9,2.9,0.0,8.0,5.73,15.5
2000-01-23,10.2,14.8,6.6,7.2,10.1,74,1.0,1.0,0.0,4.0,6.6,15.1
2000-01-24,10.4,15.6,5.1,7.6,11.5,71,0.4,0.4,0.0,3.0,5.47,11.6
2000-01-25,9.0,11.8,6.4,6.8,9.3,84,1.4,1.4,0.0,9.0,4.58,12.0
2000-01-26,6.8,8.2,4.7,4.0,6.5,90,0.3,0.3,0.0,3.0,4.12,9.1
2000-01-27,5.4,7.8,3.5,2.3,5.0,90,0.3,0.3,0.07,3.0,4.73,8.3
2000-01-28,9.5,13.8,6.5,6.3,9.1,80,0.0,0.0,0.0,0.0,7.17,14.7
2000-01-29,7.9,12.3,3.4,5.2,9.5,89,6.4,3.9,1.75,13.0,5.52,11.6
2000-01-30,0.2,3.3,-1.0,-4.4,-1.3,92,24.9,0.0,17.64,21.0,5.92,12.5
2000-01-31,1.3,4.4,-1.1,-1.8,1.8,87,2.4,0.0,2.03,9.0,2.92,6.9
2000-02-01,5.7,11.1,1.6,2.6,7.1,83,0.0,0.0,0.0,0.0,6.44,13.3
2000-02-02,9.4,15.1,6.3,6.2,10.1,78,0.0,0.0,0.0,0.0,7.13,14.4
2000-02-03,9.6,15.7,4.4,6.3,11.0,77,0.9,0.9,0.0,2.0,8.26,19.0
2000-02-04,11.1,15.9,7.4,7.7,11.0,65,0.0,0.0,0.0,0.0,7.14,14.7
2000-02-05,10.8,16.3,5.5,7.7,11.8,69,0.6,0.6,0.0,4.0,7.56,15.5
2000-02-06,11.4,17.3,6.6,8.8,13.5,74,0.2,0.2,0.0,2.0,6.44,14.7
2000-02-07,9.0,13.3,5.5,6.5,11.6,86,10.9,10.6,0.21,15.0,4.75,12.3
2000-02-08,8.3,14.5,5.0,5.6,10.7,83,6.9,6.9,0.0,14.0,6.09,12.3
2000-02-09,10.8,15.6,6.9,7.5,10.8,73,0.0,0.0,0.0,0.0,7.43,15.7
2000-02-10,10.6,14.7,6.6,7.0,9.9,66,0.0,0.0,0.0,0.0,8.12,16.0
2000-02-11,10.9,17.8,5.0,7.4,13.4,56,0.0,0.0,0.0,0.0,6.09,12.6
2000-02-12,13.2,20.1,6.4,9.5,15.9,53,0.0,0.0,0.0,0.0,7.08,14.8
2000-02-13,15.1,21.8,8.7,11.9,17.7,53,0.0,0.0,0.0,0.0,6.6,13.8
2000-02-14,15.0,21.7,9.3,12.2,18.5,57,0.0,0.0,0.0,0.0,6.21,12.8
2000-02-15,14.4,20.7,9.1,11.5,16.5,64,0.2,0.2,0.0,2.0,8.04,16.5
2000-02-16,14.2,20.4,10.3,11.5,15.8,59,1.7,1.7,0.0,7.0,5.5,12.7
2000-02-17,13.9,19.8,8.5,11.0,15.9,66,0.2,0.2,0.0,2.0,7.45,17.3
2000-02-18,14.7,18.7,10.6,11.6,15.0,64,0.0,0.0,0.0,0.0,9.88,19.5
2000-02-19,14.9,19.7,9.9,10.7,15.3,45,0.0,0.0,0.0,0.0,9.65,19.3
2000-02-20,14.5,19.5,9.3,10.7,14.8,49,0.0,0.0,0.0,0.0,9.04,18.2
2000-02-21,16.0,20.5,11.8,11.8,14.9,44,0.0,0.0,0.0,0.0,10.03,21.0
2000-02-22,15.4,20.3,11.3,10.8,15.1,39,0.0,0.0,0.0,0.0,8.77,18.2
2000-02-23,15.4,21.0,9.5,11.1,15.5,39,0.0,0.0,0.0,0.0,8.56,17.6
2000-02-24,15.4,21.7,9.2,11.1,15.7,39,0.0,0.0,0.0,0.0,8.63,17.7
2000-02-25,8.3,14.3,5.1,4.6,11.2,71,2.7,2.4,0.21,9.0,6.66,12.9
2000-02-26,3.5,5.2,2.6,-0.6,1.2,87,15.8,7.5,5.81,24.0,5.81,10.9
2000-02-27,4.6,6.3,3.6,1.9,3.4,94,17.8,15.6,1.54,22.0,3.55,7.4
2000-02-28,8.4,15.0,3.3,5.5,10.9,73,0.0,0.0,0.0,0.0,5.55,11.7
2000-02-29,6.2,9.9,3.5,2.9,6.3,82,2.1,1.7,0.56,12.0,4.8,9.7
2000-03-01,7.2,10.7,4.8,4.6,7.6,85,1.6,1.6,0.0,10.0,4.25,9.4
2000-03-02,10.2,14.3,7.3,7.4,11.5,82,4.1,4.1,0.0,7.0,6.58,17.8
2000-03-03,11.1,15.2,8.3,8.6,12.7,80,3.1,3.1,0.0,11.0,8.01,21.0
2000-03-04,11.7,17.0,6.6,8.6,12.6,71,0.3,0.3,0.0,3.0,8.42,17.5
2000-03-05,12.7,18.6,7.1,9.5,14.3,65,0.0,0.0,0.0,0.0,7.81,16.0
2000-03-06,13.2,19.2,7.9,9.9,15.6,60,0.0,0.0,0.0,0.0,7.67,15.4
2000-03-07,14.2,20.4,8.3,10.9,16.4,57,0.0,0.0,0.0,0.0,6.99,14.4
2000-03-08,14.6,20.6,8.8,11.0,16.2,53,0.0,0.0,0.0,0.0,8.99,18.2
2000-03-09,13.3,17.9,10.2,11.1,15.9,73,10.5,10.5,0.0,9.0,6.31,16.1
2000-03-10,11.9,15.7,8.8,10.1,13.6,82,10.4,10.4,0.0,18.0,7.24,16.9
2000-03-11,11.9,16.9,6.5,8.7,12.3,68,0.7,0.7,0.0,3.0,9.49,18.9
2000-03-12,13.3,18.2,8.3,9.4,13.5,54,0.0,0.0,0.0,0.0,8.8,17.8
2000-03-13,14.5,20.3,9.6,10.9,15.9,53,0.0,0.0,0.0,0.0,8.41,16.9
2000-03-14,15.8,21.5,9.7,12.3,16.7,52,0.0,0.0,0.0,0.0,8.85,17.6
2000-03-15,16.6,20.4,13.1,13.4,16.0,51,0.3,0.3,0.0,2.0,8.08,16.8
2000-03-16,15.5,20.2,10.6,12.7,15.8,59,0.9,0.9,0.0,7.0,8.38,17.0
2000-03-17,15.8,20.8,10.9,12.9,15.8,59,1.1,1.1,0.0,7.0,9.1,18.3
2000-03-18,15.9,22.2,9.8,12.6,17.7,49,0.0,0.0,0.0,0.0,7.41,15.2
2000-03-19,16.1,22.9,9.8,12.0,17.6,40,0.0,0.0,0.0,0.0,8.14,16.6
2000-03-20,17.6,24.1,11.6,13.4,18.7,33,0.0,0.0,0.0,0.0,7.84,16.3
2000-03-21,18.1,25.2,11.7,14.0,19.0,35,0.0,0.0,0.0,0.0,7.86,16.2
2000-03-22,17.7,25.7,10.0,13.6,19.8,36,0.0,0.0,0.0,0.0,7.38,15.3
2000-03-23,19.3,27.2,13.2,16.3,23.5,35,0.0,0.0,0.0,0.0,5.5,11.8
2000-03-24,17.7,26.6,11.5,15.3,21.9,60,0.0,0.0,0.0,0.0,7.21,15.1
2000-03-25,17.7,25.2,12.3,15.7,21.9,60,0.4,0.4,0.0,4.0,5.9,13.0
2000-03-26,12.9,16.6,8.8,10.6,14.6,72,1.6,1.6,0.0,7.0,4.2,8.8
2000-03-27,17.7,23.5,12.6,16.4,21.0,58,0.0,0.0,0.0,0.0,4.2,9.5
2000-03-28,17.0,20.8,13.5,16.7,20.8,69,7.6,7.6,0.0,13.0,2.57,6.3
2000-03-29,15.2,17.0,13.7,15.1,16.9,86,17.2,17.2,0.0,24.0,3.85,10.2
2000-03-30,13.4,14.3,12.3,12.9,14.3,92,16.5,16.5,0.0,23.0,3.52,7.7
2000-03-31,15.6,22.5,10.4,14.2,20.4,75,0.0,0.0,0.0,0.0,5.94,12.6
2000-04-01,17.6,24.0,12.1,16.4,22.6,70,0.0,0.0,0.0,0.0,5.3,11.2
2000-04-02,17.4,21.1,14.1,17.1,22.6,73,4.5,4.5,0.0,13.0,4.12,8.8
2000-04-03,15.5,19.2,12.8,15.3,18.6,86,17.8,17.8,0.0,19.0,3.7,12.6
2000-04-04,17.4,23.2,12.7,15.6,19.8,69,0.0,0.0,0.0,0.0,8.39,17.1
2000-04-05,13.5,17.3,9.3,11.4,15.8,76,1.7,1.7,0.0,4.0,5.09,10.5
2000-04-06,15.9,21.3,11.9,15.1,20.5,80,12.9,12.9,0.0,17.0,6.51,16.3
2000-04-07,16.7,21.9,13.0,16.6,21.2,82,10.8,10.8,0.0,13.0,5.12,14.0
2000-04-08,18.1,23.8,13.6,16.6,21.5,68,0.0,0.0,0.0,0.0,7.98,16.2
2000-04-09,18.4,25.2,12.4,16.6,22.6,63,0.0,0.0,0.0,0.0,7.15,14.4
2000-04-10,15.7,19.0,12.2,14.8,17.7,83,0.9,0.9,0.0,5.0,5.95,11.9
2000-04-11,16.8,20.5,13.8,16.3,20.6,80,4.2,4.2,0.0,8.0,5.72,12.3
2000-04-12,16.7,21.1,12.7,15.3,19.5,71,0.3,0.3,0.0,2.0,5.64,12.4
2000-04-13,17.7,23.1,14.0,15.9,19.9,63,0.0,0.0,0.0,0.0,6.8,14.9
2000-04-14,17.3,23.6,11.9,16.5,22.2,67,0.9,0.9,0.0,3.0,3.96,8.3
2000-04-15,12.2,15.3,9.7,9.4,14.2,79,5.1,5.1,0.0,7.0,6.14,12.9
2000-04-16,15.1,20.1,10.4,14.1,19.4,71,0.2,0.2,0.0,1.0,4.82,9.5
2000-04-17,18.0,23.6,14.6,16.4,20.6,69,0.0,0.0,0.0,0.0,6.98,15.3
2000-04-18,19.1,25.3,13.7,17.6,22.9,63,0.0,0.0,0.0,0.0,6.45,14.0
2000-04-19,20.3,26.8,15.1,18.6,23.9,57,0.0,0.0,0.0,0.0,7.43,15.1
2000-04-20,20.5,26.1,15.5,19.5,26.3,53,0.0,0.0,0.0,0.0,3.9,9.3
2000-04-21,20.1,25.7,15.1,19.3,24.0,65,0.5,0.5,0.0,2.0,6.3,13.2
2000-04-22,20.9,26.6,15.9,20.0,24.1,62,0.2,0.2,0.0,2.0,5.19,11.7
2000-04-23,21.1,28.6,15.7,19.6,25.6,60,0.0,0.0,0.0,0.0,7.24,15.7
2000-04-24,22.4,28.5,17.4,19.5,24.7,46,0.0,0.0,0.0,0.0,8.93,18.8
2000-04-25,22.9,28.0,19.0,20.3,25.4,43,0.7,0.7,0.0,1.0,7.62,16.2
2000-04-26,21.1,26.3,15.4,20.2,25.4,55,6.8,6.8,0.0,7.0,4.36,10.6
2000-04-27,17.6,23.0,14.3,16.7,20.1,75,2.5,2.5,0.0,9.0,6.91,15.1
2000-04-28,19.7,24.2,15.6,18.3,21.6,65,0.2,0.2,0.0,2.0,7.56,16.7
2000-04-29,20.7,24.8,17.0,19.8,23.2,64,0.1,0.1,0.0,1.0,5.79,13.4
2000-04-30,21.1,26.8,17.1,20.1,25.6,63,0.6,0.6,0.0,3.0,7.2,15.5
2000-05-01,19.7,24.7,15.4,17.7,21.5,59,0.2,0.2,0.0,1.0,7.86,18.2
2000-05-02,18.5,23.6,14.5,17.9,22.4,66,6.0,6.0,0.0,5.0,4.06,9.5
2000-05-03,17.5,21.5,14.2,16.4,20.1,70,8.1,8.1,0.0,17.0,4.0,9.0
2000-05-04,16.9,19.9,14.4,17.1,20.2,81,7.0,7.0,0.0,10.0,3.29,8.6
2000-05-05,18.7,24.1,14.9,19.4,25.0,76,7.7,7.7,0.0,11.0,3.06,8.5
2000-05-06,18.9,23.5,15.8,20.4,26.4,82,9.4,9.4,0.0,12.0,2.89,7.7
2000-05-07,19.8,23.2,16.8,20.8,25.4,80,2.4,2.4,0.0,9.0,5.55,12.3
2000-05-08,21.8,26.7,17.6,21.7,25.9,68,0.0,0.0,0.0,0.0,5.9,12.0
2000-05-09,21.2,25.5,16.8,20.7,23.9,60,0.0,0.0,0.0,0.0,4.52,10.6
2000-05-10,21.0,26.1,16.3,20.7,24.9,60,0.0,0.0,0.0,0.0,3.23,7.5
2000-05-11,19.5,24.4,15.1,19.5,26.0,66,29.9,29.9,0.0,15.0,5.95,12.8
2000-05-12,17.5,21.9,14.2,16.7,21.0,67,4.2,4.2,0.0,8.0,4.43,10.9
2000-05-13,19.1,24.9,14.6,19.3,25.6,64,0.0,0.0,0.0,0.0,3.14,7.2
2000-05-14,20.3,26.4,15.8,20.5,26.2,66,0.0,0.0,0.0,0.0,3.21,7.0
2000-05-15,21.3,25.4,17.5,21.8,25.9,68,0.0,0.0,0.0,0.0,3.81,8.2
2000-05-16,20.1,22.8,17.7,20.7,24.0,77,7.4,7.4,0.0,14.0,6.03,12.8
2000-05-17,16.9,18.2,14.6,15.8,17.5,78,11.1,11.1,0.0,15.0,4.41,9.1
2000-05-18,13.4,16.2,12.1,11.3,15.1,85,23.8,23.8,0.0,23.0,5.8,11.9
2000-05-19,13.9,17.3,11.7,12.0,14.5,69,4.8,4.8,0.0,16.0,3.77,8.7
2000-05-20,13.8,16.7,12.2,11.8,13.9,64,1.2,1.2,0.0,4.0,3.13,7.0
2000-05-21,16.1,21.6,10.8,15.6,21.5,68,0.0,0.0,0.0,0.0,2.75,6.4
2000-05-22,18.3,22.3,15.4,18.2,21.1,74,0.2,0.2,0.0,2.0,3.89,8.2
2000-05-23,19.7,23.2,16.2,19.9,23.1,76,0.4,0.4,0.0,3.0,5.31,11.1
2000-05-24,19.3,22.3,17.5,20.1,23.4,85,11.3,11.3,0.0,14.0,5.24,14.4
2000-05-25,20.4,23.4,18.1,21.1,23.9,82,2.5,2.5,0.0,5.0,6.02,13.7
2000-05-26,20.6,24.4,18.0,22.2,27.2,82,18.1,18.1,0.0,16.0,3.65,8.9
2000-05-27,19.3,22.2,17.4,20.4,22.8,85,14.3,14.3,0.0,18.0,3.51,7.1
2000-05-28,21.6,25.5,17.9,22.7,26.5,76,1.7,1.7,0.0,10.0,4.42,9.6
2000-05-29,22.5,26.8,18.6,23.4,28.0,72,1.2,1.2,0.0,8.0,5.83,11.9
2000-05-30,22.1,26.2,17.9,23.2,26.6,72,8.6,8.6,0.0,9.0,4.3,9.1
2000-05-31,21.5,25.4,18.0,23.8,28.9,81,6.5,6.5,0.0,13.0,3.3,8.0
2000-06-01,22.7,26.2,19.4,23.9,27.9,73,0.9,0.9,0.0,7.0,4.65,11.0
2000-06-02,22.3,25.6,19.7,23.6,28.0,77,4.4,4.4,0.0,10.0,4.87,12.3
2000-06-03,22.0,24.7,19.5,23.7,26.7,78,3.1,3.1,0.0,9.0,4.36,9.4
2000-06-04,22.8,26.6,19.2,24.8,29.7,75,2.1,2.1,0.0,5.0,4.39,9.8
2000-06-05,23.3,26.6,19.8,23.8,26.9,67,0.2,0.2,0.0,2.0,6.47,13.1
2000-06-06,23.3,27.1,20.4,24.0,27.4,69,0.6,0.6,0.0,2.0,5.78,13.6
2000-06-07,22.9,27.0,19.9,23.7,27.0,71,2.7,2.7,0.0,4.0,5.48,11.6
2000-06-08,21.4,24.3,19.4,23.3,26.8,80,22.7,22.7,0.0,20.0,3.04,8.4
2000-06-09,20.6,23.6,18.6,22.5,24.8,85,17.8,17.8,0.0,18.0,4.37,9.1
2000-06-10,20.6,24.0,17.1,21.8,25.5,83,24.8,24.8,0.0,17.0,4.3,10.3
2000-06-11,19.0,21.7,16.5,19.9,23.2,86,15.2,15.2,0.0,16.0,3.9,9.0
2000-06-12,19.1,21.4,14.9,20.2,23.4,90,21.6,21.6,0.0,24.0,5.18,10.2
2000-06-13,14.3,15.3,13.1,13.0,14.1,90,18.1,18.1,0.0,20.0,4.94,9.9
2000-06-14,13.7,15.2,12.2,13.4,15.5,89,7.5,7.5,0.0,16.0,2.91,6.9
2000-06-15,16.9,20.2,14.5,17.8,21.1,83,2.1,2.1,0.0,12.0,1.58,4.6
2000-06-16,18.6,22.6,15.4,18.9,21.8,78,1.4,1.4,0.0,6.0,3.86,8.6
2000-06-17,19.2,23.1,15.7,19.3,23.9,70,0.0,0.0,0.0,0.0,4.28,8.9
2000-06-18,19.2,21.6,16.6,20.2,22.9,81,8.2,8.2,0.0,11.0,3.61,7.7
2000-06-19,20.3,23.4,17.4,22.1,26.0,84,12.5,12.5,0.0,20.0,3.11,7.9
2000-06-20,20.5,22.9,18.2,21.9,25.1,83,17.4,17.4,0.0,20.0,4.82,12.5
2000-06-21,21.4,24.5,18.9,22.9,25.8,81,8.6,8.6,0.0,19.0,5.11,11.7
2000-06-22,21.4,24.3,19.3,22.5,24.8,81,6.6,6.6,0.0,20.0,5.59,14.2
2000-06-23,21.6,23.6,19.2,21.9,23.7,78,2.9,2.9,0.0,9.0,7.09,15.6
2000-06-24,21.5,23.4,19.9,22.1,23.6,79,3.4,3.4,0.0,14.0,6.28,14.8
2000-06-25,21.4,24.3,19.1,22.7,25.1,81,11.7,11.7,0.0,20.0,4.92,12.6
2000-06-26,21.1,23.2,19.6,22.5,24.4,85,13.3,13.3,0.0,24.0,4.85,10.8
2000-06-27,20.8,23.6,19.1,22.3,26.4,85,14.2,14.2,0.0,15.0,4.69,12.0
2000-06-28,21.4,25.0,18.3,22.8,26.1,78,3.1,3.1,0.0,9.0,4.32,9.7
2000-06-29,20.9,25.1,18.9,22.7,26.6,81,8.3,8.3,0.0,10.0,3.72,8.3
2000-06-30,19.9,22.5,18.2,21.9,25.2,88,19.1,19.1,0.0,18.0,3.0,7.9
2000-07-01,21.3,24.8,18.2,23.1,27.9,83,2.9,2.9,0.0,8.0,3.94,10.0
2000-07-02,22.2,25.4,18.9,23.6,27.2,75,0.9,0.9,0.0,5.0,4.61,11.2
2000-07-03,21.7,24.7,19.4,23.3,25.9,79,10.7,10.7,0.0,10.0,4.92,11.0
2000-07-04,20.6,21.8,19.7,22.9,24.6,87,23.7,23.7,0.0,24.0,2.76,8.2
2000-07-05,21.3,24.6,18.9,23.4,26.5,84,15.7,15.7,0.0,20.0,3.2,8.2
2000-07-06,21.6,25.6,18.9,24.1,28.5,81,6.5,6.5,0.0,8.0,3.13,8.1
2000-07-07,21.7,26.1,18.9,24.7,29.6,85,10.1,10.1,0.0,10.0,2.42,5.9
2000-07-08,20.5,22.4,19.4,22.7,24.4,88,18.1,18.1,0.0,22.0,2.25,6.5
2000-07-09,21.0,24.3,19.1,22.1,26.0,81,15.2,15.2,0.0,14.0,4.3,10.6
2000-07-10,20.2,22.9,18.8,20.9,24.1,83,15.4,15.4,0.0,20.0,4.43,9.9
2000-07-11,20.7,23.9,18.7,22.3,25.3,83,10.2,10.2,0.0,13.0,4.64,10.5
2000-07-12,21.7,25.1,19.3,23.4,27.1,78,3.3,3.3,0.0,10.0,4.66,9.5
2000-07-13,21.6,24.8,19.3,23.3,26.1,82,3.8,3.8,0.0,14.0,4.57,9.2
2000-07-14,21.4,24.1,19.6,23.3,26.0,84,12.6,12.6,0.0,15.0,4.41,10.8
2000-07-15,20.1,21.7,18.8,22.2,24.1,89,36.6,36.6,0.0,23.0,2.55,6.6
2000-07-16,20.4,23.6,18.5,22.7,26.6,87,12.4,12.4,0.0,24.0,3.5,6.8
2000-07-17,21.2,24.9,18.2,23.4,28.3,82,5.9,5.9,0.0,16.0,2.94,7.5
2000-07-18,20.7,23.6,19.1,22.3,25.4,84,8.6,8.6,0.0,15.0,4.3,10.4
2000-07-19,20.8,25.3,18.3,22.7,29.0,83,16.3,16.3,0.0,14.0,3.67,8.6
2000-07-20,20.6,25.7,17.6,22.8,30.1,83,5.8,5.8,0.0,11.0,3.0,8.9
2000-07-21,20.7,24.4,19.0,22.5,26.4,83,13.2,13.2,0.0,15.0,4.05,10.4
2000-07-22,20.4,23.8,19.1,22.0,26.2,85,12.6,12.6,0.0,13.0,4.83,10.5
2000-07-23,20.5,23.6,18.7,22.4,26.9,84,10.2,10.2,0.0,16.0,4.12,9.2
2000-07-24,21.1,24.6,18.1,23.2,26.7,82,6.5,6.5,0.0,9.0,3.4,8.3
2000-07-25,21.8,25.5,19.2,24.3,29.7,82,4.5,4.5,0.0,13.0,3.14,6.5
2000-07-26,22.6,26.9,19.2,24.9,28.9,77,1.9,1.9,0.0,9.0,2.72,6.6
2000-07-27,22.9,27.8,18.9,25.4,30.6,76,0.5,0.5,0.0,5.0,2.69,6.8
2000-07-28,21.9,26.3,18.8,24.7,30.8,80,5.3,5.3,0.0,14.0,2.97,7.1
2000-07-29,22.6,27.6,18.2,25.1,30.5,77,3.8,3.8,0.0,10.0,2.76,7.0
2000-07-30,21.0,23.6,18.5,22.4,26.9,79,7.6,7.6,0.0,15.0,3.91,9.1
2000-07-31,20.2,24.3,17.4,22.0,26.3,81,19.5,19.5,0.0,16.0,2.3,7.0
2000-08-01,21.6,25.7,19.1,23.6,27.1,82,10.1,10.1,0.0,21.0,4.19,11.1
2000-08-02,22.1,26.4,19.1,23.6,27.0,79,3.0,3.0,0.0,11.0,5.46,12.0
2000-08-03,21.9,24.9,19.3,23.6,26.3,80,12.5,12.5,0.0,14.0,3.83,8.4
2000-08-04,20.9,24.2,19.0,23.1,27.0,87,19.0,19.0,0.0,24.0,3.86,7.9
2000-08-05,20.8,23.2,19.2,22.6,25.1,85,14.7,14.7,0.0,20.0,4.0,8.8
2000-08-06,21.3,24.5,19.4,23.6,26.9,84,16.3,16.3,0.0,23.0,2.62,7.5
2000-08-07,21.3,24.3,18.8,23.6,26.6,84,11.8,11.8,0.0,19.0,3.71,7.9
2000-08-08,21.3,25.0,19.1,23.4,27.4,82,8.2,8.2,0.0,20.0,3.22,7.1
2000-08-09,21.0,24.3,18.9,23.6,27.8,86,10.5,10.5,0.0,16.0,3.67,8.2
2000-08-10,21.0,24.7,18.5,22.7,27.0,83,4.7,4.7,0.0,9.0,3.68,8.7
2000-08-11,21.2,25.0,18.2,23.0,27.7,82,0.8,0.8,0.0,5.0,3.96,8.4
2000-08-12,21.5,26.5,18.3,24.4,29.2,84,4.2,4.2,0.0,12.0,2.75,7.6
2000-08-13,22.1,26.9,18.7,24.5,30.7,80,3.9,3.9,0.0,11.0,3.52,7.5
2000-08-14,21.6,25.9,19.1,24.0,28.1,81,12.6,12.6,0.0,14.0,3.23,8.2
2000-08-15,21.5,25.1,19.2,24.2,28.1,85,8.5,8.5,0.0,17.0,2.34,6.2
2000-08-16,21.8,25.9,19.3,24.7,28.9,85,8.8,8.8,0.0,15.0,3.1,7.9
2000-08-17,21.6,25.0,19.4,23.7,27.2,84,8.6,8.6,0.0,13.0,3.81,8.4
2000-08-18,21.0,24.0,19.3,22.9,25.8,83,12.7,12.7,0.0,20.0,3.54,8.4
2000-08-19,20.6,23.9,18.8,22.9,26.9,86,17.3,17.3,0.0,20.0,2.46,7.1
2000-08-20,20.4,23.1,18.1,22.5,25.1,84,15.4,15.4,0.0,22.0,2.83,7.7
2000-08-21,20.8,24.4,18.5,23.1,27.6,85,8.9,8.9,0.0,13.0,3.86,8.7
2000-08-22,21.6,24.8,18.9,23.4,27.4,77,1.6,1.6,0.0,5.0,3.51,7.1
2000-08-23,21.1,25.8,17.9,22.4,26.1,76,0.4,0.4,0.0,2.0,3.71,8.4
2000-08-24,21.4,25.8,17.1,23.2,28.6,76,2.0,2.0,0.0,9.0,2.7,6.3
2000-08-25,21.8,26.8,18.5,24.1,28.7,80,3.3,3.3,0.0,11.0,2.67,6.6
2000-08-26,21.3,24.1,19.2,23.8,27.3,84,15.8,15.8,0.0,21.0,2.59,6.9
2000-08-27,20.0,22.4,18.7,22.3,25.8,88,19.3,19.3,0.0,19.0,2.52,6.9
2000-08-28,19.4,22.3,17.7,21.1,25.1,89,17.7,17.7,0.0,24.0,3.0,7.6
2000-08-29,18.6,20.0,17.7,20.1,21.8,91,10.4,10.4,0.0,20.0,3.08,7.5
2000-08-30,18.0,19.5,16.3,19.4,21.2,91,13.8,13.8,0.0,21.0,2.21,5.8
2000-08-31,20.0,23.9,17.7,22.2,27.0,85,9.1,9.1,0.0,13.0,2.5,6.1
2000-09-01,20.6,23.7,18.0,22.6,26.1,84,17.2,17.2,0.0,19.0,3.55,8.1
2000-09-02,21.1,24.6,18.5,23.4,28.2,82,16.4,16.4,0.0,21.0,2.73,7.6
2000-09-03,21.1,24.8,18.6,23.0,27.2,82,10.5,10.5,0.0,16.0,4.24,8.7
2000-09-04,20.9,25.1,17.5,22.6,27.0,78,3.8,3.8,0.0,12.0,3.45,8.1
2000-09-05,20.9,24.6,18.0,22.3,26.3,78,4.9,4.9,0.0,18.0,3.62,9.2
2000-09-06,20.7,25.4,17.1,21.7,25.2,74,3.2,3.2,0.0,11.0,3.74,8.9
2000-09-07,19.6,23.0,17.8,20.3,24.9,83,6.8,6.8,0.0,12.0,5.41,11.6
2000-09-08,18.4,21.6,16.1,18.5,21.2,82,0.1,0.1,0.0,1.0,3.89,7.6
2000-09-09,18.7,21.5,16.3,19.1,21.7,82,0.3,0.3,0.0,2.0,4.16,8.4
2000-09-10,19.3,21.8,17.1,19.6,21.4,80,1.1,1.1,0.0,7.0,4.69,9.6
2000-09-11,19.1,21.5,17.0,19.5,20.9,82,0.2,0.2,0.0,2.0,4.31,9.4
2000-09-12,19.1,22.8,17.0,19.8,24.3,83,4.2,4.2,0.0,12.0,4.5,9.4
2000-09-13,17.7,19.7,16.2,17.0,18.9,78,0.6,0.6,0.0,5.0,4.83,9.8
2000-09-14,17.8,22.5,14.2,16.1,20.0,62,0.0,0.0,0.0,0.0,5.02,9.6
2000-09-15,17.1,23.3,11.5,16.2,22.4,64,0.0,0.0,0.0,0.0,3.42,7.4
2000-09-16,16.7,20.9,13.0,16.0,19.4,70,0.0,0.0,0.0,0.0,3.76,7.4
2000-09-17,16.9,20.7,13.6,16.9,19.8,76,2.9,2.9,0.0,11.0,3.41,7.5
2000-09-18,16.4,17.8,15.3,16.9,17.7,86,1.4,1.4,0.0,5.0,2.78,7.4
2000-09-19,16.1,17.7,14.9,17.0,18.6,90,10.5,10.5,0.0,19.0,2.1,5.6
2000-09-20,17.6,22.3,13.8,18.3,22.7,80,2.0,2.0,0.0,8.0,2.6,6.0
2000-09-21,18.8,23.6,15.5,19.7,24.3,81,2.1,2.1,0.0,11.0,3.18,7.4
2000-09-22,18.8,22.8,15.8,20.0,25.2,85,2.9,2.9,0.0,9.0,3.22,7.9
2000-09-23,19.6,23.2,16.7,20.1,23.7,79,2.7,2.7,0.0,11.0,4.83,12.3
2000-09-24,20.2,23.7,16.5,20.3,22.6,76,0.1,0.1,0.0,1.0,6.14,12.4
2000-09-25,20.2,25.0,16.0,20.5,24.7,77,0.0,0.0,0.0,0.0,5.24,10.5
2000-09-26,20.5,25.7,15.9,21.1,25.7,74,0.0,0.0,0.0,0.0,3.91,8.6
2000-09-27,20.9,26.3,16.5,21.7,26.5,75,0.2,0.2,0.0,2.0,4.1,8.8
2000-09-28,20.3,24.5,17.9,21.6,26.0,82,1.7,1.7,0.0,8.0,3.69,8.7
2000-09-29,19.9,24.1,17.2,21.3,25.8,84,9.4,9.4,0.0,11.0,3.61,8.6
2000-09-30,20.0,24.9,16.8,21.6,27.5,82,5.9,5.9,0.0,9.0,3.13,8.1
2000-10-01,19.9,23.7,17.3,20.9,24.6,83,6.4,6.4,0.0,8.0,4.38,11.9
2000-10-02,19.7,23.7,16.9,20.6,23.9,81,1.0,1.0,0.0,6.0,4.47,10.2
2000-10-03,18.9,21.6,16.9,20.7,23.6,89,16.7,16.7,0.0,13.0,3.0,9.7
2000-10-04,18.9,22.2,16.9,20.4,24.2,86,18.4,18.4,0.0,21.0,2.69,7.5
2000-10-05,16.5,18.6,14.6,16.3,17.8,85,14.8,14.8,0.0,17.0,3.71,8.2
2000-10-06,17.7,22.8,13.6,18.0,23.1,77,0.6,0.6,0.0,3.0,2.4,5.3
2000-10-07,18.7,24.1,14.0,19.1,23.6,77,0.0,0.0,0.0,0.0,3.01,6.7
2000-10-08,19.6,24.5,16.2,20.0,24.0,76,0.0,0.0,0.0,0.0,3.41,7.5
2000-10-09,19.6,24.0,16.6,20.0,23.9,78,1.3,1.3,0.0,7.0,4.75,10.0
2000-10-10,19.4,24.0,16.0,19.7,23.9,79,1.6,1.6,0.0,9.0,5.28,10.7
2000-10-11,19.7,25.0,15.6,20.3,24.9,76,0.4,0.4,0.0,3.0,3.58,7.2
2000-10-12,18.8,22.2,16.3,19.5,22.7,83,6.6,6.6,0.0,15.0,4.27,8.4
2000-10-13,16.4,19.1,14.2,15.9,18.8,84,0.6,0.6,0.0,3.0,4.19,8.4
2000-10-14,15.2,18.3,12.9,13.9,16.8,80,0.0,0.0,0.0,0.0,4.46,8.7
2000-10-15,14.3,16.7,12.7,13.1,15.4,82,2.0,2.0,0.0,7.0,4.0,8.3
2000-10-16,14.6,16.2,13.3,14.4,16.0,91,7.0,7.0,0.0,14.0,2.73,6.0
2000-10-17,16.0,18.8,14.0,16.3,18.7,87,0.0,0.0,0.0,0.0,2.83,6.2
2000-10-18,16.6,19.1,14.4,16.9,19.1,87,1.4,1.4,0.0,6.0,3.1,7.2
2000-10-19,18.0,21.8,15.5,18.9,23.0,86,9.2,9.2,0.0,18.0,3.1,7.6
2000-10-20,18.4,22.5,15.7,19.4,24.1,84,4.8,4.8,0.0,11.0,3.03,8.1
2000-10-21,18.7,22.9,16.0,19.3,23.3,81,1.4,1.4,0.0,8.0,3.72,9.1
2000-10-22,19.1,23.7,15.3,19.4,23.6,76,0.7,0.7,0.0,3.0,3.77,8.1
2000-10-23,18.7,24.2,14.4,18.3,23.0,74,0.3,0.3,0.0,2.0,5.14,11.0
2000-10-24,17.7,23.0,13.0,17.7,22.5,79,0.3,0.3,0.0,2.0,3.86,7.8
2000-10-25,18.1,21.7,15.4,18.9,22.2,87,9.6,9.6,0.0,17.0,3.54,10.6
2000-10-26,17.9,21.8,15.7,18.4,21.2,84,1.1,1.1,0.0,9.0,3.64,11.0
2000-10-27,18.0,21.9,14.7,17.8,20.3,77,0.0,0.0,0.0,0.0,4.92,10.0
2000-10-28,17.5,21.3,14.7,17.5,20.9,78,0.0,0.0,0.0,0.0,4.03,8.4
2000-10-29,11.1,16.1,8.2,8.7,16.4,88,10.5,10.5,0.0,21.0,6.06,12.9
2000-10-30,10.9,15.1,8.7,9.2,12.7,82,1.6,1.6,0.0,6.0,4.6,9.8
2000-10-31,11.7,15.0,8.7,9.4,12.2,76,0.7,0.7,0.0,3.0,5.52,11.6
2000-11-01,11.3,17.3,6.1,9.6,15.6,71,0.0,0.0,0.0,0.0,2.3,6.8
2000-11-02,12.2,19.8,5.4,10.5,17.0,69,0.0,0.0,0.0,0.0,3.4,7.4
2000-11-03,13.9,21.5,7.5,12.5,19.1,68,0.0,0.0,0.0,0.0,3.85,8.5
2000-11-04,13.5,18.7,9.1,12.0,16.5,75,0.3,0.3,0.0,3.0,4.32,9.5
2000-11-05,14.1,20.6,8.2,12.6,17.8,71,0.0,0.0,0.0,0.0,4.9,10.3
2000-11-06,14.1,20.0,9.2,12.8,19.0,71,0.0,0.0,0.0,0.0,3.12,6.9
2000-11-07,14.6,20.1,9.9,13.2,18.2,71,0.0,0.0,0.0,0.0,3.92,8.3
2000-11-08,15.0,19.9,10.8,14.3,19.4,73,0.0,0.0,0.0,0.0,2.34,5.2
2000-11-09,15.4,21.5,10.1,14.1,19.8,72,0.0,0.0,0.0,0.0,4.75,10.0
2000-11-10,14.8,19.1,11.3,13.3,16.5,73,0.1,0.1,0.0,1.0,4.62,9.4
2000-11-11,14.8,20.4,10.0,13.3,17.6,75,0.4,0.4,0.0,2.0,4.77,9.5
2000-11-12,11.9,13.4,10.2,10.8,12.7,91,1.8,1.8,0.0,11.0,2.97,7.7
2000-11-13,13.3,17.5,10.4,11.4,14.7,81,1.0,1.0,0.0,5.0,5.82,12.0
2000-11-14,13.9,18.5,10.7,11.9,15.2,78,0.0,0.0,0.0,0.0,6.31,12.5
2000-11-15,13.7,19.3,9.3,11.8,16.4,74,0.0,0.0,0.0,0.0,4.79,9.9
2000-11-16,12.4,16.7,9.2,11.1,15.4,80,0.0,0.0,0.0,0.0,2.44,5.7
2000-11-17,12.2,17.1,8.2,10.3,14.5,76,0.0,0.0,0.0,0.0,4.03,8.8
2000-11-18,14.1,18.6,10.2,11.9,14.6,73,0.0,0.0,0.0,0.0,6.64,13.9
2000-11-19,14.6,20.1,4.8,12.6,17.3,74,0.8,0.8,0.0,3.0,6.36,12.4
2000-11-20,4.1,5.9,2.4,-0.5,2.1,75,2.6,0.8,1.33,12.0,6.06,12.3
2000-11-21,7.9,13.5,4.0,5.5,10.8,76,0.0,0.0,0.0,0.0,3.61,7.8
2000-11-22,10.7,17.6,5.6,8.4,13.9,76,0.0,0.0,0.0,0.0,5.71,11.6
2000-11-23,12.0,17.9,6.8,9.6,14.6,75,0.0,0.0,0.0,0.0,5.68,11.7
2000-11-24,12.6,19.8,7.4,10.3,16.8,72,0.0,0.0,0.0,0.0,5.1,10.9
2000-11-25,12.8,20.2,7.2,10.5,17.2,72,0.0,0.0,0.0,0.0,5.32,11.2
2000-11-26,13.1,19.8,7.8,11.2,18.2,73,0.0,0.0,0.0,0.0,4.6,9.7
2000-11-27,13.5,20.3,8.5,11.3,17.8,69,0.0,0.0,0.0,0.0,5.22,11.0
2000-11-28,14.0,20.8,8.5,11.7,17.6,70,0.0,0.0,0.0,0.0,5.78,12.1
2000-11-29,12.9,14.1,12.0,11.9,13.4,86,7.7,7.7,0.0,12.0,3.61,11.8
2000-11-30,14.0,19.0,9.8,12.4,16.6,77,2.5,2.5,0.0,3.0,5.61,11.8
2000-12-01,14.0,20.4,9.9,11.5,16.7,74,0.0,0.0,0.0,0.0,7.35,15.1
2000-12-02,14.5,19.9,10.4,13.7,19.4,84,3.8,3.8,0.0,10.0,4.4,12.0
2000-12-03,8.5,12.1,6.1,6.1,11.8,87,2.9,2.9,0.0,10.0,4.34,9.2
2000-12-04,10.1,16.0,5.6,7.8,12.6,78,0.0,0.0,0.0,0.0,5.6,11.4
2000-12-05,11.6,16.8,7.4,9.2,13.7,74,0.0,0.0,0.0,0.0,4.44,9.5
2000-12-06,11.8,16.8,8.2,9.2,13.7,74,0.0,0.0,0.0,0.0,5.71,11.8
2000-12-07,11.4,16.6,7.6,9.3,13.6,75,0.0,0.0,0.0,0.0,4.48,9.1
2000-12-08,12.2,17.4,8.2,9.8,13.8,75,0.2,0.2,0.0,2.0,6.26,12.9
2000-12-09,11.8,17.6,6.5,9.0,14.0,73,0.0,0.0,0.0,0.0,5.86,12.4
2000-12-10,12.0,18.1,6.8,10.0,15.4,71,0.0,0.0,0.0,0.0,4.39,9.2
2000-12-11,12.1,17.5,7.4,9.8,14.3,75,0.6,0.6,0.0,3.0,5.45,11.3
2000-12-12,11.0,14.8,5.4,9.4,14.0,87,16.0,16.0,0.0,18.0,3.41,12.3
2000-12-13,6.2,10.9,2.2,3.4,8.1,84,0.3,0.3,0.0,1.0,4.03,10.1
2000-12-14,10.0,14.7,5.9,8.1,11.9,83,0.0,0.0,0.0,0.0,4.2,9.3
2000-12-15,11.5,16.3,7.7,9.0,12.9,76,0.0,0.0,0.0,0.0,5.98,12.4
2000-12-16,11.1,17.0,7.1,8.7,14.1,74,0.0,0.0,0.0,0.0,4.34,8.5
2000-12-17,11.2,17.4,6.0,8.8,14.3,74,0.0,0.0,0.0,0.0,5.13,10.9
2000-12-18,11.6,18.1,6.3,8.9,14.5,74,0.0,0.0,0.0,0.0,6.02,12.3
2000-12-19,11.9,17.9,7.5,9.7,15.1,75,0.0,0.0,0.0,0.0,5.02,10.7
2000-12-20,7.5,10.5,5.5,4.4,8.8,81,0.0,0.0,0.0,0.0,4.71,9.5
2000-12-21,8.1,9.5,6.7,6.1,8.0,83,0.0,0.0,0.0,0.0,2.43,5.2
2000-12-22,12.1,18.9,8.2,10.2,16.3,74,0.0,0.0,0.0,0.0,5.69,11.5
2000-12-23,10.5,17.7,6.0,8.4,14.5,77,0.0,0.0,0.0,0.0,4.25,9.2
2000-12-24,10.7,18.4,6.4,9.0,16.1,78,0.0,0.0,0.0,0.0,3.28,7.2
2000-12-25,10.4,18.0,5.9,8.1,15.0,77,0.0,0.0,0.0,0.0,3.97,8.5
2000-12-26,9.9,15.3,6.8,7.7,12.1,77,0.0,0.0,0.0,0.0,4.25,8.9
2000-12-27,9.4,16.0,5.5,6.9,12.7,75,0.0,0.0,0.0,0.0,3.85,8.5
2000-12-28,9.1,14.4,5.2,6.6,10.9,76,0.0,0.0,0.0,0.0,4.27,9.1
2000-12-29,9.7,15.9,5.4,6.4,11.2,71,0.0,0.0,0.0,0.0,6.77,13.1
2000-12-30,10.1,15.3,5.8,8.1,12.6,73,0.0,0.0,0.0,0.0,2.55,5.8
2000-12-31,9.0,12.8,6.6,6.9,10.4,85,0.0,0.0,0.0,0.0,3.45,7.3
2001-01-01,11.6,17.3,7.1,9.0,14.2,76,0.0,0.0,0.0,0.0,6.13,12.9
2001-01-02,12.7,19.4,6.8,9.9,16.3,69,0.0,0.0,0.0,0.0,6.67,13.7
2001-01-03,12.6,18.5,8.5,9.9,15.3,67,0.0,0.0,0.0,0.0,6.4,13.3
2001-01-04,12.1,17.6,7.0,9.1,13.9,68,0.2,0.2,0.0,1.0,6.63,13.6
2001-01-05,11.4,16.3,6.6,8.6,13.0,77,1.1,1.1,0.0,3.0,7.46,18.5
2001-01-06,11.5,17.0,7.1,8.6,12.7,68,0.2,0.2,0.0,1.0,5.64,11.7
2001-01-07,11.1,17.6,6.4,7.2,12.3,58,0.0,0.0,0.0,0.0,7.24,15.1
2001-01-08,11.4,17.1,6.6,7.2,11.7,50,0.0,0.0,0.0,0.0,7.08,14.7
2001-01-09,9.4,15.2,4.3,5.8,9.6,61,0.0,0.0,0.0,0.0,7.0,14.4
2001-01-10,9.9,16.1,5.8,6.1,10.1,59,0.0,0.0,0.0,0.0,7.45,15.4
2001-01-11,9.0,15.4,3.3,5.9,10.1,61,0.0,0.0,0.0,0.0,5.59,11.4
2001-01-12,9.9,17.2,3.7,6.4,13.3,55,0.0,0.0,0.0,0.0,4.32,9.2
2001-01-13,8.8,17.8,3.6,5.9,13.6,77,0.0,0.0,0.0,0.0,5.61,12.1
2001-01-14,10.6,17.1,5.5,7.6,12.9,74,0.4,0.4,0.0,2.0,6.53,12.9
2001-01-15,7.7,9.8,5.2,5.4,7.2,89,2.0,2.0,0.0,11.0,3.47,7.5
2001-01-16,9.5,15.3,6.1,7.1,12.1,82,0.2,0.2,0.0,2.0,4.88,10.1
2001-01-17,11.9,17.5,7.6,9.0,13.0,72,0.0,0.0,0.0,0.0,7.81,15.5
2001-01-18,11.5,18.3,6.6,8.4,13.6,67,0.0,0.0,0.0,0.0,5.77,12.1
2001-01-19,11.8,18.5,6.1,8.5,14.6,61,0.0,0.0,0.0,0.0,5.95,12.6
2001-01-20,12.2,19.2,7.0,9.3,14.7,62,0.0,0.0,0.0,0.0,6.32,13.1
2001-01-21,13.6,19.3,8.5,9.8,13.8,53,0.0,0.0,0.0,0.0,8.3,16.9
2001-01-22,13.5,19.1,7.3,8.5,12.4,35,0.0,0.0,0.0,0.0,8.35,17.1
2001-01-23,13.4,19.4,6.0,8.7,13.3,39,0.0,0.0,0.0,0.0,8.6,17.7
2001-01-24,14.4,18.3,10.5,10.0,12.5,47,0.0,0.0,0.0,0.0,10.42,20.9
2001-01-25,12.6,17.4,8.0,8.5,11.5,47,0.0,0.0,0.0,0.0,7.96,16.3
2001-01-26,10.0,17.2,5.4,6.8,11.4,61,0.0,0.0,0.0,0.0,6.01,12.4
2001-01-27,9.7,18.2,4.7,6.6,13.3,67,0.0,0.0,0.0,0.0,6.24,13.1
2001-01-28,5.8,11.0,3.2,2.0,8.0,74,0.0,0.0,0.0,0.0,5.77,12.4
2001-01-29,8.0,15.6,3.6,4.6,10.4,72,0.0,0.0,0.0,0.0,6.87,14.1
2001-01-30,9.5,16.8,5.1,6.7,12.6,77,0.0,0.0,0.0,0.0,5.38,10.9
2001-01-31,11.2,18.6,5.2,9.1,15.3,73,0.0,0.0,0.0,0.0,4.18,8.6
2001-02-01,10.7,19.1,7.1,8.1,15.1,77,0.0,0.0,0.0,0.0,5.68,11.1
2001-02-02,12.4,20.0,6.9,9.3,14.4,69,0.0,0.0,0.0,0.0,9.11,18.8
2001-02-03,15.9,22.4,11.1,12.4,17.1,51,0.0,0.0,0.0,0.0,8.02,16.5
2001-02-04,14.5,19.8,9.6,10.9,15.6,54,0.0,0.0,0.0,0.0,8.99,18.2
2001-02-05,15.8,20.7,12.1,11.3,13.9,42,0.0,0.0,0.0,0.0,9.36,19.5
2001-02-06,13.8,18.5,8.6,9.4,13.1,44,0.0,0.0,0.0,0.0,8.47,17.7
2001-02-07,10.7,16.0,8.0,7.9,12.7,60,0.0,0.0,0.0,0.0,4.4,9.9
2001-02-08,10.3,15.8,7.8,7.9,12.3,82,0.6,0.6,0.0,5.0,5.73,11.6
2001-02-09,7.8,10.9,5.9,4.7,9.8,87,1.9,1.9,0.0,12.0,5.31,10.4
2001-02-10,6.8,9.7,5.3,3.9,7.1,86,1.0,1.0,0.0,4.0,3.4,6.9
2001-02-11,11.5,16.0,7.9,8.7,12.1,75,0.2,0.2,0.0,2.0,7.56,15.7
2001-02-12,12.4,19.4,7.0,9.9,16.7,72,0.0,0.0,0.0,0.0,6.32,13.0
2001-02-13,8.6,11.2,4.8,5.9,9.2,87,0.2,0.2,0.0,2.0,5.82,11.4
2001-02-14,7.3,13.4,2.9,4.2,10.0,80,0.0,0.0,0.0,0.0,5.51,11.3
2001-02-15,11.8,18.4,8.3,10.0,15.7,77,0.0,0.0,0.0,0.0,3.72,8.3
2001-02-16,10.4,16.6,7.5,8.2,12.7,83,0.0,0.0,0.0,0.0,5.09,10.4
2001-02-17,13.7,20.6,9.0,11.2,16.3,66,0.0,0.0,0.0,0.0,5.95,12.7
2001-02-18,14.5,21.1,8.1,11.5,16.8,58,0.0,0.0,0.0,0.0,6.85,14.3
2001-02-19,15.1,22.0,8.7,11.7,17.3,51,0.0,0.0,0.0,0.0,6.81,14.1
2001-02-20,14.3,20.0,8.8,10.9,15.1,56,0.3,0.3,0.0,3.0,7.94,16.7
2001-02-21,14.1,21.4,7.6,10.5,16.2,49,0.0,0.0,0.0,0.0,6.72,14.1
2001-02-22,14.2,20.2,8.2,10.4,14.9,53,0.6,0.6,0.0,3.0,8.51,18.5
2001-02-23,14.4,19.9,10.6,10.6,14.1,52,0.5,0.5,0.0,1.0,8.25,18.2
2001-02-24,10.4,15.6,7.6,7.9,14.0,72,15.2,15.2,0.0,13.0,5.05,10.7
2001-02-25,10.8,14.1,8.0,8.9,13.1,89,11.0,11.0,0.0,22.0,4.79,13.3
2001-02-26,13.3,18.2,9.7,10.5,14.4,74,0.3,0.3,0.0,3.0,8.12,20.0
2001-02-27,13.7,18.5,8.9,11.7,17.1,73,5.0,5.0,0.0,5.0,6.8,16.3
2001-02-28,14.5,20.7,8.7,11.8,17.3,60,0.0,0.0,0.0,0.0,6.5,13.2
2001-03-01,13.9,20.5,8.5,11.2,15.5,65,0.0,0.0,0.0,0.0,7.29,14.7
2001-03-02,16.6,21.9,11.3,13.3,17.6,47,0.0,0.0,0.0,0.0,8.07,16.5
2001-03-03,12.3,15.4,7.9,9.3,12.4,67,0.0,0.0,0.0,0.0,6.0,12.0
2001-03-04,11.1,16.9,7.1,8.1,13.7,74,0.0,0.0,0.0,0.0,5.3,11.1
2001-03-05,15.6,22.6,10.0,13.1,17.8,64,0.0,0.0,0.0,0.0,7.52,15.6
2001-03-06,16.1,22.0,10.4,12.9,17.5,54,0.2,0.2,0.0,2.0,8.9,18.5
2001-03-07,15.8,22.9,9.5,12.5,18.1,47,0.0,0.0,0.0,0.0,7.65,15.6
2001-03-08,12.9,15.8,9.6,11.0,13.7,75,2.4,2.4,0.0,6.0,4.9,10.6
2001-03-09,13.2,17.1,10.2,11.7,15.3,81,2.6,2.6,0.0,5.0,5.52,12.5
2001-03-10,15.0,19.5,11.3,13.0,17.3,70,1.4,1.4,0.0,2.0,5.73,12.6
2001-03-11,12.9,18.5,9.4,11.3,19.0,80,11.4,11.4,0.0,12.0,5.3,11.5
2001-03-12,10.9,14.3,8.1,8.5,12.0,81,0.3,0.3,0.0,2.0,4.6,9.9
2001-03-13,14.2,19.3,10.5,12.2,15.6,72,0.1,0.1,0.0,1.0,6.11,12.7
2001-03-14,15.0,19.9,10.7,13.0,17.4,70,0.3,0.3,0.0,1.0,6.02,12.8
2001-03-15,15.9,21.4,10.8,13.5,17.5,66,0.1,0.1,0.0,1.0,7.67,17.2
2001-03-16,17.1,21.8,12.3,14.1,18.1,58,0.0,0.0,0.0,0.0,8.59,17.2
2001-03-17,17.3,23.8,10.8,14.7,20.5,51,0.0,0.0,0.0,0.0,6.77,13.9
2001-03-18,17.0,23.3,11.3,14.2,18.3,54,0.0,0.0,0.0,0.0,7.8,16.5
2001-03-19,16.8,23.4,9.9,14.0,19.0,55,0.0,0.0,0.0,0.0,7.48,15.5
2001-03-20,17.1,24.8,11.4,14.8,21.8,45,0.0,0.0,0.0,0.0,4.39,9.3
2001-03-21,18.7,25.4,12.3,15.7,20.5,48,0.0,0.0,0.0,0.0,8.17,18.1
2001-03-22,19.9,26.8,13.4,16.3,21.2,39,0.0,0.0,0.0,0.0,8.14,17.0
2001-03-23,21.6,27.0,15.6,17.2,22.1,29,0.0,0.0,0.0,0.0,8.41,17.6
2001-03-24,20.2,24.3,15.7,16.6,19.4,38,0.1,0.1,0.0,1.0,8.75,18.0
2001-03-25,16.4,20.7,13.2,14.8,18.1,55,1.2,1.2,0.0,8.0,3.0,9.2
2001-03-26,15.2,20.6,9.4,12.5,17.4,61,0.7,0.7,0.0,4.0,7.35,16.1
2001-03-27,16.2,22.0,9.6,13.9,19.7,45,0.6,0.6,0.0,2.0,4.3,9.5
2001-03-28,15.8,23.1,9.6,12.9,20.1,54,3.6,3.6,0.0,6.0,6.55,14.7
2001-03-29,14.4,22.6,7.5,11.2,19.2,52,0.8,0.8,0.0,3.0,5.89,13.1
2001-03-30,18.1,23.9,13.3,15.9,20.2,58,1.6,1.6,0.0,3.0,7.75,16.4
2001-03-31,18.6,26.3,12.6,17.9,25.5,65,5.6,5.6,0.0,6.0,4.93,11.6
2001-04-01,18.5,24.4,14.7,17.4,22.3,71,3.7,3.7,0.0,11.0,6.96,17.0
2001-04-02,19.1,23.2,14.9,16.8,20.2,61,0.1,0.1,0.0,1.0,8.1,18.3
2001-04-03,20.1,26.5,14.3,16.9,21.0,47,0.0,0.0,0.0,0.0,8.68,17.8
2001-04-04,20.1,27.1,13.5,16.7,22.4,34,0.0,0.0,0.0,0.0,6.14,13.2
2001-04-05,20.3,27.2,13.1,16.7,22.3,33,0.0,0.0,0.0,0.0,7.75,16.0
2001-04-06,21.9,28.6,15.5,18.4,25.1,28,0.0,0.0,0.0,0.0,6.77,14.3
2001-04-07,22.2,28.6,14.8,17.8,23.7,32,0.6,0.6,0.0,2.0,10.87,21.8
2001-04-08,22.7,29.1,16.3,18.4,24.1,28,0.0,0.0,0.0,0.0,7.25,15.6
2001-04-09,23.0,29.2,17.8,18.8,23.9,26,0.0,0.0,0.0,0.0,8.73,18.2
2001-04-10,22.2,27.3,15.6,19.5,23.7,39,0.8,0.8,0.0,3.0,7.71,15.7
2001-04-11,14.2,20.7,6.8,11.0,18.6,56,0.2,0.2,0.0,1.0,5.6,12.1
2001-04-12,16.5,23.3,10.3,14.1,20.9,54,6.4,6.4,0.0,7.0,6.66,15.2
2001-04-13,20.3,27.6,13.3,18.2,23.8,52,0.0,0.0,0.0,0.0,7.25,16.1
2001-04-14,17.1,20.1,13.2,16.3,19.3,73,4.8,4.8,0.0,11.0,4.11,12.3
2001-04-15,20.4,26.3,15.3,19.0,24.2,59,0.0,0.0,0.0,0.0,7.21,15.6
2001-04-16,21.2,26.8,15.6,18.6,24.7,41,0.0,0.0,0.0,0.0,7.02,15.3
2001-04-17,22.0,28.4,15.2,19.1,23.9,41,0.0,0.0,0.0,0.0,8.79,18.5
2001-04-18,23.0,28.3,17.7,19.5,25.1,36,0.0,0.0,0.0,0.0,8.37,18.0
2001-04-19,23.5,28.7,18.2,19.7,24.6,33,0.0,0.0,0.0,0.0,8.89,19.0
2001-04-20,23.0,28.1,17.7,18.7,23.3,30,0.0,0.0,0.0,0.0,8.73,18.0
2001-04-21,23.0,29.3,16.5,19.8,26.0,31,0.0,0.0,0.0,0.0,6.48,13.4
2001-04-22,21.1,27.9,14.3,18.4,23.9,47,0.0,0.0,0.0,0.0,9.05,18.5
2001-04-23,22.0,26.8,16.4,18.9,23.2,35,0.0,0.0,0.0,0.0,7.88,16.6
2001-04-24,19.3,24.7,14.0,18.5,22.3,67,8.2,8.2,0.0,15.0,6.26,13.6
2001-04-25,18.1,26.4,11.5,16.7,24.3,65,0.0,0.0,0.0,0.0,5.31,11.4
2001-04-26,20.5,26.1,15.9,19.1,23.2,63,0.1,0.1,0.0,1.0,8.06,16.8
2001-04-27,21.5,25.1,17.6,19.2,21.2,54,0.0,0.0,0.0,0.0,8.71,19.0
2001-04-28,21.9,27.0,17.8,18.5,23.7,39,1.1,1.1,0.0,1.0,8.54,18.9
2001-04-29,21.7,27.9,16.8,18.4,23.7,39,0.4,0.4,0.0,2.0,7.65,16.8
2001-04-30,20.7,27.8,11.8,18.4,25.0,46,3.6,3.6,0.0,6.0,6.24,12.9
2001-05-01,16.6,24.3,11.0,15.1,22.4,61,2.7,2.7,0.0,5.0,4.9,10.0
2001-05-02,19.5,25.3,15.2,18.6,22.8,66,4.7,4.7,0.0,11.0,5.7,12.3
2001-05-03,20.3,26.6,15.5,19.4,24.2,62,0.4,0.4,0.0,3.0,4.76,10.2
2001-05-04,21.2,25.7,17.1,20.2,23.8,63,0.4,0.4,0.0,3.0,6.68,14.0
2001-05-05,22.3,27.6,18.1,21.8,26.6,61,3.6,3.6,0.0,2.0,5.6,13.6
2001-05-06,22.6,27.5,17.6,21.3,26.0,55,0.0,0.0,0.0,0.0,6.94,15.0
2001-05-07,21.9,25.4,18.9,20.7,24.9,57,1.0,1.0,0.0,3.0,6.16,14.3
2001-05-08,19.3,25.0,13.9,19.3,24.6,71,20.2,20.2,0.0,17.0,4.96,11.3
2001-05-09,15.7,20.9,10.9,14.3,20.0,68,2.7,2.7,0.0,5.0,4.53,11.7
2001-05-10,12.7,16.7,11.2,10.4,14.2,83,19.9,19.9,0.0,19.0,5.7,11.8
2001-05-11,14.4,17.6,11.3,13.6,16.6,75,0.2,0.2,0.0,2.0,2.44,5.4
2001-05-12,15.9,17.7,13.0,15.6,17.6,78,7.5,7.5,0.0,16.0,3.01,5.9
2001-05-13,15.3,16.8,14.0,15.2,16.5,87,28.7,28.7,0.0,24.0,2.58,5.4
2001-05-14,13.6,14.8,12.9,13.0,14.3,88,21.0,21.0,0.0,23.0,3.08,6.9
2001-05-15,15.3,19.0,12.5,14.3,17.6,78,2.7,2.7,0.0,6.0,4.26,9.6
2001-05-16,16.0,18.4,13.8,16.2,18.8,87,2.4,2.4,0.0,12.0,2.51,6.0
2001-05-17,19.6,23.9,15.9,20.9,25.5,80,5.2,5.2,0.0,7.0,3.22,8.2
2001-05-18,16.9,19.1,13.4,16.1,20.0,77,14.7,14.7,0.0,12.0,4.32,9.2
2001-05-19,18.7,22.4,14.9,18.7,23.4,69,0.6,0.6,0.0,4.0,2.43,6.0
2001-05-20,20.8,25.8,16.4,21.7,26.1,75,4.7,4.7,0.0,8.0,3.76,9.4
2001-05-21,20.8,25.4,17.2,22.4,26.1,75,19.0,19.0,0.0,20.0,1.92,9.0
2001-05-22,20.6,24.6,17.3,22.6,26.8,83,13.5,13.5,0.0,20.0,2.77,7.2
2001-05-23,21.7,25.3,18.4,23.0,26.3,73,7.1,7.1,0.0,12.0,4.55,10.1
2001-05-24,21.6,25.5,18.5,22.8,26.2,72,7.3,7.3,0.0,11.0,3.42,8.9
2001-05-25,20.2,23.8,17.6,21.8,25.6,85,9.2,9.2,0.0,17.0,3.26,7.6
2001-05-26,17.8,19.5,15.9,17.4,20.4,83,8.4,8.4,0.0,19.0,5.36,11.4
2001-05-27,16.1,17.8,14.8,15.1,16.9,84,9.1,9.1,0.0,20.0,4.6,10.0
2001-05-28,16.2,18.6,14.4,16.6,19.7,91,11.1,11.1,0.0,15.0,3.91,7.1
2001-05-29,18.0,21.4,16.2,19.3,22.7,89,15.7,15.7,0.0,20.0,3.49,6.9
2001-05-30,18.7,21.9,15.4,18.8,22.7,78,3.5,3.5,0.0,13.0,4.18,8.8
2001-05-31,16.9,18.8,15.6,17.0,19.5,90,29.1,29.1,0.0,22.0,4.82,9.6
2001-06-01,16.9,18.8,15.6,17.8,20.7,94,41.5,41.5,0.0,24.0,2.83,9.7
2001-06-02,17.1,18.6,15.9,18.1,19.6,94,37.2,37.2,0.0,24.0,3.33,12.2
2001-06-03,18.9,22.3,16.6,19.9,22.9,84,8.3,8.3,0.0,20.0,3.89,10.6
2001-06-04,19.8,23.8,16.0,21.2,25.4,77,0.7,0.7,0.0,5.0,2.22,5.9
2001-06-05,18.6,20.3,17.1,20.4,22.7,90,14.8,14.8,0.0,23.0,1.92,7.5
2001-06-06,19.9,23.9,17.5,21.6,25.2,87,12.3,12.3,0.0,18.0,4.55,11.1
2001-06-07,21.2,25.3,17.1,22.3,25.2,77,0.9,0.9,0.0,5.0,5.38,11.9
2001-06-08,22.1,25.3,18.5,22.6,25.4,74,0.5,0.5,0.0,4.0,6.42,12.9
2001-06-09,22.5,26.2,19.2,23.5,26.3,74,1.0,1.0,0.0,6.0,6.2,12.8
2001-06-10,21.0,24.2,18.3,22.7,26.2,80,16.7,16.7,0.0,14.0,4.74,10.6
2001-06-11,20.5,23.3,18.1,22.3,25.6,84,11.4,11.4,0.0,18.0,3.11,7.3
2001-06-12,19.3,21.2,16.5,20.8,23.2,84,17.7,17.7,0.0,15.0,3.72,8.9
2001-06-13,19.8,26.5,14.6,20.8,27.6,70,0.0,0.0,0.0,0.0,2.39,5.4
2001-06-14,22.3,28.7,17.2,22.9,29.2,64,0.0,0.0,0.0,0.0,4.14,9.5
2001-06-15,22.7,27.8,18.3,23.1,28.7,62,0.0,0.0,0.0,0.0,5.12,10.7
2001-06-16,22.6,26.4,19.9,23.4,27.7,70,2.1,2.1,0.0,6.0,5.52,12.3
2001-06-17,22.6,26.1,19.2,23.9,27.9,75,5.3,5.3,0.0,10.0,4.88,11.9
2001-06-18,22.6,26.1,19.4,23.6,26.4,74,0.0,0.0,0.0,0.0,5.98,12.3
2001-06-19,22.5,25.9,19.6,23.8,26.2,75,2.1,2.1,0.0,5.0,5.54,11.1
2001-06-20,20.4,21.6,18.6,21.7,23.0,83,11.9,11.9,0.0,21.0,5.06,9.0
2001-06-21,18.6,20.2,16.8,17.8,19.4,77,0.8,0.8,0.0,4.0,5.63,10.9
2001-06-22,19.8,22.9,17.1,20.2,23.0,73,0.0,0.0,0.0,0.0,3.57,7.2
2001-06-23,21.5,25.0,18.6,23.6,27.8,77,3.7,3.7,0.0,10.0,2.16,5.6
2001-06-24,21.7,24.8,19.5,24.1,27.8,83,13.0,13.0,0.0,21.0,3.61,8.2
2001-06-25,21.7,24.9,19.0,24.1,27.8,84,19.0,19.0,0.0,20.0,3.86,7.8
2001-06-26,21.6,25.4,19.2,24.0,27.8,83,10.5,10.5,0.0,15.0,3.61,9.1
2001-06-27,21.7,24.7,19.9,24.7,28.5,88,19.2,19.2,0.0,23.0,2.06,6.4
2001-06-28,21.9,25.7,19.7,24.8,29.9,88,13.7,13.7,0.0,20.0,2.9,7.2
2001-06-29,20.6,24.0,18.3,22.5,27.3,86,19.9,19.9,0.0,22.0,3.7,7.5
2001-06-30,19.8,24.2,15.6,20.4,26.0,74,7.6,7.6,0.0,15.0,3.0,7.4
2001-07-01,21.6,25.9,19.1,24.5,30.4,83,15.7,15.7,0.0,13.0,2.57,6.8
2001-07-02,20.8,24.2,18.8,23.0,27.9,83,10.0,10.0,0.0,16.0,2.9,8.1
2001-07-03,20.8,24.3,18.4,21.6,26.0,79,6.5,6.5,0.0,14.0,6.41,14.3
2001-07-04,19.3,20.8,18.3,19.3,21.2,86,41.1,41.1,0.0,22.0,6.65,16.7
2001-07-05,21.5,25.4,18.7,23.2,26.8,80,0.3,0.3,0.0,2.0,3.3,7.8
2001-07-06,22.2,27.2,18.7,24.8,30.1,80,9.6,9.6,0.0,13.0,2.39,8.3
2001-07-07,20.9,24.4,18.2,22.7,25.8,80,6.6,6.6,0.0,10.0,2.7,10.4
2001-07-08,19.4,20.3,18.7,20.6,21.9,88,34.6,34.6,0.0,22.0,3.64,9.8
2001-07-09,21.0,24.6,18.4,22.6,26.5,82,4.3,4.3,0.0,14.0,3.28,8.1
2001-07-10,21.8,25.2,19.2,23.9,28.0,82,2.7,2.7,0.0,9.0,3.3,8.6
2001-07-11,22.1,25.7,19.0,23.6,26.9,77,0.0,0.0,0.0,0.0,3.42,7.7
2001-07-12,22.3,26.2,19.1,24.6,28.3,79,2.1,2.1,0.0,6.0,3.4,7.8
2001-07-13,21.2,24.4,19.3,23.9,27.8,86,9.1,9.1,0.0,16.0,2.91,7.2
2001-07-14,21.7,26.2,18.6,24.1,30.4,81,13.0,13.0,0.0,16.0,3.8,9.0
2001-07-15,21.7,25.7,18.8,23.3,27.3,76,0.3,0.3,0.0,2.0,3.31,7.3
2001-07-16,21.9,26.3,18.6,24.3,29.8,77,10.8,10.8,0.0,14.0,1.96,6.3
2001-07-17,22.2,26.9,18.4,24.9,31.0,80,6.9,6.9,0.0,10.0,2.73,7.0
2001-07-18,21.7,25.5,18.9,24.1,28.8,83,10.5,10.5,0.0,18.0,3.55,8.4
2001-07-19,19.9,22.5,17.0,21.7,24.8,85,20.7,20.7,0.0,21.0,3.06,7.0
2001-07-20,21.3,25.2,18.4,23.6,28.2,81,7.6,7.6,0.0,17.0,2.64,6.3
2001-07-21,21.5,24.9,18.7,22.5,25.2,76,1.7,1.7,0.0,8.0,5.03,10.8
2001-07-22,21.4,24.7,18.6,22.8,26.0,77,3.9,3.9,0.0,10.0,3.71,8.4
2001-07-23,21.7,25.7,19.1,24.0,29.4,80,5.2,5.2,0.0,11.0,3.64,8.0
2001-07-24,22.3,26.9,19.2,24.5,28.7,80,10.1,10.1,0.0,10.0,3.18,7.7
2001-07-25,21.6,25.1,19.5,24.1,27.7,84,12.0,12.0,0.0,20.0,2.62,7.8
2001-07-26,22.5,26.4,19.2,24.9,29.3,76,2.6,2.6,0.0,9.0,2.83,7.1
2001-07-27,23.1,27.9,20.0,25.8,31.2,77,7.6,7.6,0.0,10.0,2.82,6.7
2001-07-28,21.6,24.4,19.4,24.5,28.3,88,20.0,20.0,0.0,21.0,2.6,6.2
2001-07-29,21.8,25.0,19.7,24.3,27.7,84,15.8,15.8,0.0,22.0,3.42,7.9
2001-07-30,21.5,24.0,19.8,23.9,25.9,88,12.3,12.3,0.0,18.0,3.58,8.0
2001-07-31,20.9,23.4,19.7,23.7,26.7,90,22.8,22.8,0.0,23.0,2.87,8.0
2001-08-01,20.6,23.7,18.5,22.2,25.6,86,28.4,28.4,0.0,23.0,4.21,11.4
2001-08-02,21.8,26.1,18.3,21.6,25.3,68,0.4,0.4,0.0,2.0,6.04,12.4
2001-08-03,20.0,24.1,16.3,19.6,23.1,73,0.2,0.2,0.0,2.0,5.61,11.9
2001-08-04,20.0,24.1,16.9,21.0,25.6,80,0.7,0.7,0.0,4.0,4.03,8.3
2001-08-05,21.3,25.0,18.4,23.6,28.5,80,1.0,1.0,0.0,3.0,2.66,6.4
2001-08-06,22.4,26.7,18.8,24.6,29.3,76,0.9,0.9,0.0,6.0,2.56,6.1
2001-08-07,23.1,27.7,19.5,25.0,29.4,72,0.0,0.0,0.0,0.0,3.22,7.2
2001-08-08,23.1,27.9,19.2,25.4,30.3,72,0.0,0.0,0.0,0.0,2.46,6.2
2001-08-09,22.0,27.0,19.4,23.9,28.1,75,3.2,3.2,0.0,10.0,2.28,6.2
2001-08-10,21.3,24.4,19.1,23.7,28.1,80,13.0,13.0,0.0,10.0,2.1,7.0
2001-08-11,20.7,23.9,18.4,22.0,26.8,83,5.6,5.6,0.0,9.0,4.87,10.5
2001-08-12,20.2,23.5,18.5,21.4,25.1,83,18.3,18.3,0.0,14.0,3.31,8.0
2001-08-13,20.4,23.9,18.5,22.3,27.0,85,14.1,14.1,0.0,16.0,3.24,8.3
2001-08-14,19.8,22.5,17.8,22.1,25.7,89,19.8,19.8,0.0,22.0,2.2,5.0
2001-08-15,21.6,26.9,17.5,23.5,28.1,77,1.1,1.1,0.0,8.0,2.11,4.7
2001-08-16,22.2,26.7,18.0,24.2,28.8,78,1.2,1.2,0.0,9.0,3.61,7.7
2001-08-17,20.7,22.3,19.6,22.6,24.6,86,7.5,7.5,0.0,14.0,3.81,7.9
2001-08-18,20.4,23.5,18.5,22.4,25.7,86,3.5,3.5,0.0,17.0,3.06,7.0
2001-08-19,21.8,25.9,19.1,24.1,29.1,83,14.3,14.3,0.0,12.0,3.32,7.8
2001-08-20,20.9,23.8,19.2,23.2,26.4,89,18.2,18.2,0.0,22.0,3.14,7.9
2001-08-21,21.5,25.4,19.1,24.4,30.2,87,9.1,9.1,0.0,8.0,2.91,8.8
2001-08-22,22.0,25.5,19.4,24.2,27.4,81,2.9,2.9,0.0,12.0,3.98,9.7
2001-08-23,22.0,26.7,19.0,24.4,29.0,82,8.5,8.5,0.0,6.0,3.92,11.0
2001-08-24,22.3,26.4,19.2,24.1,27.2,80,4.0,4.0,0.0,8.0,4.9,10.6
2001-08-25,18.6,19.9,16.7,18.9,21.3,85,4.9,4.9,0.0,11.0,4.83,9.7
2001-08-26,19.6,22.4,17.3,20.4,23.2,78,1.0,1.0,0.0,4.0,3.44,7.5
2001-08-27,20.0,22.4,18.0,21.0,24.0,82,4.1,4.1,0.0,12.0,3.8,8.1
2001-08-28,20.0,22.9,17.6,21.0,23.6,79,1.2,1.2,0.0,6.0,2.91,6.5
2001-08-29,20.7,24.0,17.9,22.1,25.4,79,1.4,1.4,0.0,5.0,2.77,6.8
2001-08-30,21.0,24.2,18.2,22.5,25.6,78,0.6,0.6,0.0,4.0,2.77,6.1
2001-08-31,21.1,24.3,19.1,22.7,25.9,79,9.4,9.4,0.0,13.0,3.22,7.5
2001-09-01,20.5,23.7,18.3,22.1,25.1,82,8.1,8.1,0.0,19.0,2.55,6.2
2001-09-02,20.1,22.8,18.5,21.4,24.5,85,12.7,12.7,0.0,23.0,3.36,6.7
2001-09-03,19.5,21.7,17.5,20.0,21.7,83,8.5,8.5,0.0,14.0,4.26,8.3
2001-09-04,19.7,22.6,17.2,20.1,22.7,77,0.0,0.0,0.0,0.0,4.12,8.3
2001-09-05,19.9,23.6,17.1,20.8,23.7,77,0.0,0.0,0.0,0.0,2.87,6.7
2001-09-06,20.7,25.9,17.2,21.9,26.3,76,0.0,0.0,0.0,0.0,3.01,7.1
2001-09-07,22.4,27.1,19.1,23.9,27.7,78,4.1,4.1,0.0,9.0,5.17,10.5
2001-09-08,19.5,20.5,18.3,20.3,23.0,85,13.2,13.2,0.0,17.0,5.06,10.6
2001-09-09,17.7,18.9,16.6,17.4,18.3,83,1.7,1.7,0.0,5.0,4.41,9.2
2001-09-10,18.4,21.8,16.6,19.0,22.8,83,2.6,2.6,0.0,7.0,3.5,6.9
2001-09-11,19.6,23.2,16.2,20.4,24.0,80,2.8,2.8,0.0,9.0,2.82,6.7
2001-09-12,20.5,24.7,17.0,21.4,24.9,78,1.1,1.1,0.0,6.0,4.12,8.9
2001-09-13,21.0,25.0,17.8,22.0,25.5,77,0.9,0.9,0.0,6.0,4.33,9.5
2001-09-14,21.6,25.9,18.1,23.0,27.1,78,2.8,2.8,0.0,10.0,4.34,9.4
2001-09-15,21.1,24.6,18.9,23.5,27.8,85,10.5,10.5,0.0,14.0,2.65,7.2
2001-09-16,19.8,23.6,17.7,21.7,26.6,84,12.2,12.2,0.0,13.0,2.84,7.7
2001-09-17,19.8,24.9,16.5,22.0,27.1,86,3.8,3.8,0.0,11.0,2.33,6.5
2001-09-18,20.0,25.4,16.4,21.4,26.1,80,4.5,4.5,0.0,8.0,3.16,8.0
2001-09-19,20.3,25.0,17.0,21.8,27.5,82,10.3,10.3,0.0,14.0,3.49,8.8
2001-09-20,20.1,22.9,18.3,21.6,24.5,84,11.3,11.3,0.0,20.0,3.26,7.8
2001-09-21,19.7,23.5,17.4,21.0,26.3,81,8.0,8.0,0.0,16.0,2.91,7.3
2001-09-22,19.7,24.1,16.6,20.2,24.2,77,0.2,0.2,0.0,1.0,3.79,8.6
2001-09-23,19.4,22.6,17.3,20.3,22.8,80,3.2,3.2,0.0,7.0,3.22,7.0
2001-09-24,20.2,24.6,16.5,21.9,27.2,80,4.7,4.7,0.0,13.0,2.67,6.5
2001-09-25,19.4,22.0,17.7,21.1,24.1,86,14.0,14.0,0.0,16.0,2.57,7.5
2001-09-26,19.4,22.8,17.0,21.1,25.4,88,9.6,9.6,0.0,11.0,3.01,7.9
2001-09-27,19.3,21.8,17.4,20.6,23.2,86,6.6,6.6,0.0,13.0,3.62,8.1
2001-09-28,19.6,23.1,16.3,20.5,24.2,79,1.8,1.8,0.0,10.0,2.78,6.4
2001-09-29,19.9,24.0,16.8,20.9,25.1,78,1.5,1.5,0.0,7.0,2.75,6.2
2001-09-30,18.8,21.7,16.8,18.8,21.3,74,0.1,0.1,0.0,1.0,3.98,8.4
2001-10-01,18.1,20.8,15.3,18.2,20.5,81,1.3,1.3,0.0,8.0,4.37,8.7
2001-10-02,18.7,21.7,16.8,19.3,21.4,82,4.6,4.6,0.0,11.0,4.74,10.3
2001-10-03,14.4,17.5,12.8,13.6,19.1,89,14.6,14.6,0.0,22.0,4.41,9.8
2001-10-04,14.4,15.8,12.8,14.3,16.3,87,2.8,2.8,0.0,11.0,2.5,6.5
2001-10-05,17.4,20.5,15.2,17.3,19.5,86,0.2,0.2,0.0,2.0,6.05,12.6
2001-10-06,19.6,23.3,16.6,19.8,22.6,81,0.5,0.5,0.0,4.0,6.11,12.3
2001-10-07,19.7,23.9,16.5,20.3,23.8,81,1.2,1.2,0.0,7.0,4.57,9.5
2001-10-08,18.5,22.9,16.3,19.0,25.0,82,20.2,20.2,0.0,12.0,5.62,13.7
2001-10-09,17.0,20.2,13.9,15.9,18.1,70,0.0,0.0,0.0,0.0,4.23,9.4
2001-10-10,17.0,22.2,13.1,17.0,21.6,78,0.0,0.0,0.0,0.0,4.0,8.5
2001-10-11,18.8,22.9,15.9,19.2,22.8,82,1.1,1.1,0.0,6.0,4.97,10.4
2001-10-12,19.2,23.0,17.0,19.8,23.1,83,1.8,1.8,0.0,4.0,5.16,12.4
2001-10-13,19.7,23.7,16.7,20.2,23.2,81,0.5,0.5,0.0,3.0,5.59,11.9
2001-10-14,20.3,24.9,17.1,20.8,24.6,78,0.0,0.0,0.0,0.0,4.88,10.0
2001-10-15,19.8,25.1,16.4,21.0,26.6,82,7.2,7.2,0.0,7.0,3.79,8.8
2001-10-16,19.0,22.2,16.8,20.2,24.0,87,13.4,13.4,0.0,20.0,2.73,7.8
2001-10-17,17.3,19.4,15.5,17.9,20.1,88,10.4,10.4,0.0,22.0,2.77,7.9
2001-10-18,17.8,20.7,15.3,17.9,20.2,85,1.8,1.8,0.0,10.0,5.09,10.4
2001-10-19,18.6,21.9,17.0,19.2,22.8,85,6.9,6.9,0.0,10.0,3.97,10.7
2001-10-20,18.4,22.5,16.1,19.2,24.0,84,6.2,6.2,0.0,9.0,3.51,9.0
2001-10-21,17.8,21.0,15.2,18.9,22.6,86,12.8,12.8,0.0,14.0,2.3,6.4
2001-10-22,16.5,19.5,13.7,17.0,20.5,86,7.0,7.0,0.0,12.0,2.78,8.0
2001-10-23,16.5,20.2,13.6,16.9,20.3,85,2.4,2.4,0.0,7.0,3.64,7.4
2001-10-24,16.5,19.2,14.3,16.7,18.5,85,3.6,3.6,0.0,10.0,4.18,8.8
2001-10-25,15.6,16.7,14.1,16.1,17.6,94,14.4,14.4,0.0,17.0,2.92,8.2
2001-10-26,15.2,16.7,13.9,15.9,17.6,92,18.8,18.8,0.0,24.0,1.56,6.5
2001-10-27,15.9,18.0,14.3,15.7,17.2,84,3.6,3.6,0.0,9.0,4.2,7.9
2001-10-28,14.1,14.8,13.2,13.1,14.0,87,12.7,12.7,0.0,24.0,3.86,9.1
2001-10-29,13.5,15.1,12.1,12.9,14.2,88,3.0,3.0,0.0,14.0,3.01,6.3
2001-10-30,15.2,17.6,13.0,14.7,16.9,87,0.3,0.3,0.0,2.0,5.1,10.6
2001-10-31,16.2,18.5,15.1,16.3,18.2,88,7.1,7.1,0.0,14.0,3.61,10.8
2001-11-01,16.4,18.9,15.2,16.6,18.6,90,8.2,8.2,0.0,14.0,4.47,12.3
2001-11-02,17.9,21.9,14.1,17.4,20.5,80,2.5,2.5,0.0,7.0,5.85,12.3
2001-11-03,16.6,22.2,11.8,15.7,20.4,76,0.0,0.0,0.0,0.0,5.46,10.8
2001-11-04,16.2,22.6,11.2,15.0,20.4,74,0.0,0.0,0.0,0.0,4.96,10.7
2001-11-05,14.2,17.4,11.8,12.8,15.8,82,0.0,0.0,0.0,0.0,5.61,11.2
2001-11-06,14.0,18.7,10.8,13.2,18.1,84,0.1,0.1,0.0,1.0,3.65,7.2
2001-11-07,17.0,21.4,14.1,16.4,19.7,79,0.2,0.2,0.0,2.0,5.06,10.4
2001-11-08,16.5,19.7,14.2,16.1,18.6,83,4.3,4.3,0.0,9.0,4.6,10.4
2001-11-09,11.9,15.4,9.7,10.6,15.5,91,7.7,7.7,0.0,23.0,3.5,7.6
2001-11-10,10.9,12.4,9.3,9.8,11.7,92,1.9,1.9,0.0,10.0,2.65,5.7
2001-11-11,12.1,14.9,10.1,10.9,13.4,86,0.6,0.6,0.0,5.0,2.8,5.9
2001-11-12,13.3,18.4,9.3,12.3,17.3,83,0.0,0.0,0.0,0.0,3.98,8.2
2001-11-13,10.7,14.1,7.8,8.5,14.4,89,5.4,5.4,0.0,17.0,5.76,12.2
2001-11-14,8.7,11.2,6.5,5.6,8.5,77,4.2,4.2,0.0,10.0,4.74,9.5
2001-11-15,9.1,14.6,4.2,7.1,12.5,75,0.0,0.0,0.0,0.0,2.19,5.3
2001-11-16,10.8,16.8,5.9,8.6,14.5,71,0.0,0.0,0.0,0.0,3.94,8.1
2001-11-17,11.8,15.7,8.6,10.0,13.2,74,0.0,0.0,0.0,0.0,3.55,7.1
2001-11-18,10.8,14.1,6.8,8.4,11.2,73,0.2,0.2,0.0,2.0,4.1,8.0
2001-11-19,8.7,10.4,5.9,6.2,8.8,77,1.9,1.9,0.0,8.0,4.2,8.2
2001-11-20,10.3,15.7,6.0,8.5,13.0,71,0.0,0.0,0.0,0.0,2.14,5.3
2001-11-21,10.7,15.8,6.1,8.7,13.3,71,0.0,0.0,0.0,0.0,3.22,7.2
2001-11-22,11.0,16.1,6.1,8.9,14.0,73,0.0,0.0,0.0,0.0,3.27,7.5
2001-11-23,11.0,14.8,7.7,9.2,12.3,80,0.0,0.0,0.0,0.0,3.72,7.5
2001-11-24,9.9,12.9,7.3,8.2,10.4,84,1.1,1.1,0.0,5.0,4.34,9.1
2001-11-25,9.7,16.9,4.4,7.9,14.8,80,0.0,0.0,0.0,0.0,2.4,6.1
2001-11-26,10.3,16.5,5.0,8.1,13.6,77,0.0,0.0,0.0,0.0,3.4,7.4
2001-11-27,10.5,16.1,4.9,7.7,12.7,74,0.0,0.0,0.0,0.0,5.91,12.2
2001-11-28,11.3,16.8,7.1,8.4,13.2,70,0.0,0.0,0.0,0.0,6.33,13.2
2001-11-29,10.7,17.4,5.6,8.5,14.8,74,0.0,0.0,0.0,0.0,3.23,7.6
2001-11-30,10.3,17.4,4.0,8.6,14.7,83,0.0,0.0,0.0,0.0,4.43,9.5
2001-12-01,10.6,15.7,6.5,9.1,13.7,82,0.0,0.0,0.0,0.0,2.59,6.2
2001-12-02,12.0,18.1,7.2,9.5,14.9,73,0.0,0.0,0.0,0.0,5.77,12.3
2001-12-03,12.3,18.6,7.3,10.1,16.3,73,0.0,0.0,0.0,0.0,4.79,10.3
2001-12-04,12.8,18.8,7.0,10.6,15.8,73,0.0,0.0,0.0,0.0,6.0,12.6
2001-12-05,13.0,19.6,7.1,10.8,16.9,73,0.0,0.0,0.0,0.0,5.4,11.2
2001-12-06,12.7,18.2,9.3,10.5,15.0,76,0.1,0.1,0.0,1.0,5.46,11.4
2001-12-07,13.0,19.1,9.2,10.4,15.8,72,0.0,0.0,0.0,0.0,6.59,13.2
2001-12-08,12.3,18.6,7.3,9.7,15.3,71,0.0,0.0,0.0,0.0,6.09,12.6
2001-12-09,12.1,17.3,7.8,10.1,14.3,78,0.0,0.0,0.0,0.0,4.67,9.8
2001-12-10,11.9,17.6,8.1,10.0,14.6,79,0.0,0.0,0.0,0.0,4.42,9.1
2001-12-11,12.6,19.2,7.7,10.7,16.2,72,0.0,0.0,0.0,0.0,4.58,9.8
2001-12-12,12.7,19.4,7.5,11.0,17.3,73,0.0,0.0,0.0,0.0,4.53,9.6
2001-12-13,12.5,19.4,7.2,10.4,16.7,76,0.0,0.0,0.0,0.0,5.11,10.6
2001-12-14,11.0,17.0,7.3,9.4,14.4,88,0.1,0.1,0.0,1.0,4.74,9.8
2001-12-15,13.8,18.3,10.1,11.7,15.4,75,0.0,0.0,0.0,0.0,6.02,12.6
2001-12-16,12.7,18.0,8.6,10.0,14.4,70,0.0,0.0,0.0,0.0,7.13,14.5
2001-12-17,12.5,18.0,8.4,10.0,14.3,74,0.0,0.0,0.0,0.0,6.74,13.3
2001-12-18,11.9,17.8,6.6,9.5,14.8,74,0.0,0.0,0.0,0.0,4.77,10.2
2001-12-19,12.0,18.9,7.0,9.4,16.9,70,0.0,0.0,0.0,0.0,5.37,11.2
2001-12-20,11.9,18.7,5.8,9.4,15.5,73,0.0,0.0,0.0,0.0,6.1,11.2
2001-12-21,4.8,6.1,3.3,0.5,2.1,80,0.0,0.0,0.0,0.0,5.7,11.0
2001-12-22,5.7,8.8,3.3,2.3,5.8,64,1.1,0.0,0.91,6.0,4.5,8.5
2001-12-23,6.7,15.1,0.9,3.9,11.5,72,0.0,0.0,0.0,0.0,3.61,8.1
2001-12-24,8.3,15.9,2.6,5.5,11.8,73,0.0,0.0,0.0,0.0,4.52,9.7
2001-12-25,8.3,15.0,4.2,5.4,11.0,75,0.0,0.0,0.0,0.0,4.0,8.6
2001-12-26,8.6,15.2,3.0,5.5,11.5,75,0.0,0.0,0.0,0.0,5.38,11.7
2001-12-27,9.7,15.6,6.2,6.8,11.5,70,0.0,0.0,0.0,0.0,4.89,9.8
2001-12-28,8.0,11.5,5.7,5.8,10.2,85,1.7,1.7,0.0,6.0,3.55,7.4
2001-12-29,9.6,15.9,5.9,6.9,11.8,76,0.1,0.1,0.0,1.0,5.54,11.5
2001-12-30,9.8,16.0,4.5,6.4,11.3,71,0.0,0.0,0.0,0.0,6.67,13.9
2001-12-31,9.7,16.2,4.5,6.3,11.8,61,0.0,0.0,0.0,0.0,4.7,10.4
2002-01-01,10.3,17.2,5.8,7.9,13.5,64,0.0,0.0,0.0,0.0,3.36,7.3
2002-01-02,7.8,10.8,5.2,5.3,8.0,83,0.3,0.3,0.0,3.0,3.57,8.0
2002-01-03,10.1,15.4,5.7,7.8,12.2,74,0.0,0.0,0.0,0.0,4.9,10.2
2002-01-04,9.2,15.4,4.7,7.0,12.1,76,0.1,0.1,0.0,1.0,3.3,7.5
2002-01-05,9.7,16.6,4.0,7.1,12.7,73,0.0,0.0,0.0,0.0,4.49,9.5
2002-01-06,9.1,13.5,5.0,6.2,9.8,72,0.0,0.0,0.0,0.0,4.78,10.1
2002-01-07,7.9,14.5,2.1,5.1,11.1,69,0.0,0.0,0.0,0.0,3.3,6.4
2002-01-08,10.6,16.9,4.2,8.2,14.4,67,0.3,0.3,0.0,1.0,4.74,9.7
2002-01-09,11.2,15.0,9.1,9.1,12.1,76,4.6,4.6,0.0,13.0,5.46,12.8
2002-01-10,9.4,12.1,7.4,7.9,10.3,87,3.1,3.1,0.0,7.0,2.3,9.4
2002-01-11,9.2,13.8,5.5,7.0,11.6,80,1.7,1.7,0.0,11.0,4.72,12.2
2002-01-12,9.1,15.2,4.0,6.0,11.4,70,0.0,0.0,0.0,0.0,5.15,10.6
2002-01-13,9.6,16.8,4.3,6.7,12.5,65,0.0,0.0,0.0,0.0,4.46,9.5
2002-01-14,10.4,16.6,4.4,6.9,12.7,62,0.0,0.0,0.0,0.0,6.3,12.9
2002-01-15,11.3,16.1,7.6,7.5,10.8,60,0.0,0.0,0.0,0.0,8.63,17.2
2002-01-16,11.0,18.0,5.2,7.9,13.8,64,0.0,0.0,0.0,0.0,5.77,12.2
2002-01-17,12.9,18.6,7.5,9.0,13.5,57,0.0,0.0,0.0,0.0,8.59,17.6
2002-01-18,14.2,19.4,9.8,10.6,15.2,54,0.0,0.0,0.0,0.0,7.98,15.6
2002-01-19,13.5,19.6,7.8,10.0,15.1,56,0.0,0.0,0.0,0.0,7.53,15.6
2002-01-20,12.6,19.4,6.0,9.3,14.9,56,0.0,0.0,0.0,0.0,6.45,13.5
2002-01-21,8.0,14.9,4.0,4.8,10.1,77,0.0,0.0,0.0,0.0,6.55,13.2
2002-01-22,9.9,16.0,6.1,7.2,11.2,79,1.0,1.0,0.0,8.0,6.85,14.1
2002-01-23,11.1,15.3,8.6,8.1,10.5,79,3.5,3.5,0.0,5.0,7.52,18.0
2002-01-24,11.8,16.1,9.5,9.4,13.5,80,7.5,7.5,0.0,16.0,6.85,20.3
2002-01-25,10.7,15.0,6.5,7.5,10.3,70,0.0,0.0,0.0,0.0,7.38,15.1
2002-01-26,10.3,15.7,6.2,7.0,10.4,72,0.2,0.2,0.0,2.0,7.83,15.7
2002-01-27,11.0,16.6,8.2,8.4,11.7,77,1.2,1.2,0.0,7.0,7.25,14.3
2002-01-28,11.1,17.3,7.5,8.3,12.6,74,0.8,0.8,0.0,8.0,6.71,13.6
2002-01-29,9.5,15.2,6.4,7.0,11.7,84,1.2,1.2,0.0,8.0,6.2,13.0
2002-01-30,11.1,14.8,8.9,8.4,9.8,80,0.8,0.8,0.0,3.0,7.85,16.1
2002-01-31,10.6,13.4,7.6,8.4,10.8,83,7.4,7.4,0.0,13.0,4.79,14.6
2002-02-01,6.7,7.9,4.8,4.0,6.2,85,2.2,1.9,0.28,8.0,4.33,9.9
2002-02-02,7.0,9.8,4.6,4.3,6.9,86,0.3,0.3,0.0,2.0,4.72,10.1
2002-02-03,11.2,16.2,6.9,7.8,11.9,71,0.0,0.0,0.0,0.0,7.3,15.4
2002-02-04,11.5,18.2,7.0,8.7,14.5,64,0.0,0.0,0.0,0.0,5.37,11.3
2002-02-05,9.9,17.7,4.8,7.0,12.9,71,0.0,0.0,0.0,0.0,5.77,11.8
2002-02-06,12.9,18.9,8.1,8.9,14.0,53,0.0,0.0,0.0,0.0,7.96,16.3
2002-02-07,13.6,20.4,7.1,9.9,16.4,47,0.0,0.0,0.0,0.0,6.11,12.8
2002-02-08,14.7,22.4,9.2,12.0,18.6,52,0.0,0.0,0.0,0.0,4.92,10.3
2002-02-09,15.8,23.0,9.4,12.6,19.1,54,0.0,0.0,0.0,0.0,7.31,15.1
2002-02-10,11.3,17.1,6.5,8.9,14.1,72,0.0,0.0,0.0,0.0,4.06,8.7
2002-02-11,13.0,21.1,7.2,11.0,17.3,74,0.0,0.0,0.0,0.0,5.61,11.5
2002-02-12,13.5,20.9,7.7,11.4,17.0,70,0.0,0.0,0.0,0.0,5.45,11.0
2002-02-13,16.1,23.4,8.6,12.4,18.3,48,0.0,0.0,0.0,0.0,7.73,15.9
2002-02-14,15.9,22.7,9.0,12.4,19.1,40,0.0,0.0,0.0,0.0,4.42,10.4
2002-02-15,14.6,20.2,10.0,12.3,15.7,65,0.0,0.0,0.0,0.0,5.97,13.1
2002-02-16,16.0,21.5,11.8,13.7,18.3,60,0.0,0.0,0.0,0.0,6.0,13.3
2002-02-17,14.9,20.7,9.3,12.5,17.0,60,0.1,0.1,0.0,1.0,5.32,11.8
2002-02-18,15.0,21.4,9.6,12.5,17.5,62,0.3,0.3,0.0,1.0,6.42,14.7
2002-02-19,15.2,22.2,8.6,13.0,18.0,62,0.2,0.2,0.0,2.0,5.33,12.0
2002-02-20,14.2,18.9,10.5,11.8,16.1,73,4.2,4.2,0.0,9.0,6.6,16.5
2002-02-21,13.4,19.5,8.5,10.6,14.5,66,0.0,0.0,0.0,0.0,6.35,13.3
2002-02-22,13.9,19.9,8.5,10.7,15.3,61,0.0,0.0,0.0,0.0,8.01,16.2
2002-02-23,14.1,21.5,8.0,11.4,18.2,55,0.0,0.0,0.0,0.0,4.47,9.9
2002-02-24,15.2,22.4,8.3,11.7,17.1,50,0.0,0.0,0.0,0.0,7.34,15.1
2002-02-25,16.9,23.9,10.7,13.4,19.3,42,0.0,0.0,0.0,0.0,6.49,13.5
2002-02-26,16.8,22.5,11.2,12.9,17.7,44,0.0,0.0,0.0,0.0,8.5,17.5
2002-02-27,17.4,22.9,12.2,13.5,17.9,41,0.0,0.0,0.0,0.0,9.01,18.3
2002-02-28,16.3,22.1,11.1,12.5,16.0,46,0.0,0.0,0.0,0.0,8.67,17.7
2002-03-01,16.0,22.5,10.3,12.5,16.7,49,0.0,0.0,0.0,0.0,8.95,18.4
2002-03-02,16.8,23.9,10.2,13.2,19.0,43,0.0,0.0,0.0,0.0,7.11,15.3
2002-03-03,17.4,23.4,11.2,14.0,19.2,47,0.0,0.0,0.0,0.0,7.84,16.6
2002-03-04,17.3,21.6,12.7,13.3,16.0,42,0.0,0.0,0.0,0.0,9.74,19.5
2002-03-05,11.8,14.4,7.6,8.5,12.2,64,0.7,0.7,0.0,4.0,5.9,12.1
2002-03-06,5.6,7.7,3.9,1.3,3.9,80,9.4,7.8,1.12,23.0,5.46,10.9
2002-03-07,6.1,10.0,2.0,3.7,7.8,83,10.5,4.2,4.41,19.0,2.95,7.6
2002-03-08,9.6,13.1,7.3,7.3,9.7,77,1.0,1.0,0.0,6.0,5.46,11.2
2002-03-09,11.4,16.9,6.5,8.6,12.9,72,0.1,0.1,0.0,1.0,6.79,14.1
2002-03-10,13.3,19.7,7.5,11.3,16.5,70,0.5,0.5,0.0,3.0,4.8,10.8
2002-03-11,14.4,21.1,8.0,12.5,17.4,67,0.4,0.4,0.0,2.0,5.92,12.3
2002-03-12,16.9,22.5,11.9,13.8,18.9,54,0.4,0.4,0.0,2.0,7.98,17.3
2002-03-13,17.4,23.4,9.5,14.1,19.8,47,0.0,0.0,0.0,0.0,7.97,16.3
2002-03-14,18.5,24.4,12.5,15.5,21.4,44,0.0,0.0,0.0,0.0,5.87,12.2
2002-03-15,18.8,24.6,13.4,15.6,20.4,44,0.0,0.0,0.0,0.0,7.61,15.7
2002-03-16,18.7,24.5,13.2,15.1,19.5,40,0.0,0.0,0.0,0.0,8.14,17.3
2002-03-17,14.7,18.7,10.3,13.0,17.3,70,16.9,16.9,0.0,9.0,4.88,11.1
2002-03-18,13.2,18.5,9.3,12.1,17.9,83,2.4,2.4,0.0,4.0,5.04,11.4
2002-03-19,15.8,22.1,9.2,13.9,19.5,67,0.0,0.0,0.0,0.0,6.67,14.2
2002-03-20,17.4,24.8,12.0,15.0,20.4,57,0.0,0.0,0.0,0.0,7.73,15.8
2002-03-21,18.4,25.4,11.5,14.7,20.5,42,0.0,0.0,0.0,0.0,8.39,16.9
2002-03-22,19.2,25.4,14.1,15.4,20.7,34,0.0,0.0,0.0,0.0,6.89,14.5
2002-03-23,18.3,21.8,14.6,14.5,16.8,40,0.0,0.0,0.0,0.0,8.81,18.2
2002-03-24,17.8,22.5,12.3,14.9,19.5,44,0.0,0.0,0.0,0.0,6.32,14.5
2002-03-25,17.3,22.3,13.9,13.5,17.4,47,0.2,0.2,0.0,1.0,9.33,19.0
2002-03-26,17.7,23.9,11.3,14.1,19.1,45,0.0,0.0,0.0,0.0,7.88,17.1
2002-03-27,19.6,25.2,14.1,16.0,20.6,43,0.0,0.0,0.0,0.0,8.9,18.3
2002-03-28,20.7,27.3,14.6,17.5,22.7,39,0.0,0.0,0.0,0.0,7.47,16.3
2002-03-29,18.7,23.4,14.8,17.5,22.9,53,2.8,2.8,0.0,9.0,3.7,10.1
2002-03-30,16.8,21.6,13.7,15.0,19.1,57,1.3,1.3,0.0,4.0,4.52,9.6
2002-03-31,17.0,22.4,11.5,15.1,20.4,65,5.1,5.1,0.0,12.0,7.19,16.0
2002-04-01,17.9,23.2,13.0,14.8,19.0,50,0.0,0.0,0.0,0.0,8.26,17.7
2002-04-02,18.3,24.2,12.4,15.3,19.8,50,0.2,0.2,0.0,1.0,7.94,17.4
2002-04-03,19.8,25.0,14.6,15.8,19.7,38,0.0,0.0,0.0,0.0,8.76,18.4
2002-04-04,19.3,23.4,15.5,14.5,16.9,37,0.2,0.2,0.0,1.0,11.11,21.6
2002-04-05,18.1,23.9,12.9,14.1,19.1,38,0.0,0.0,0.0,0.0,6.96,14.6
2002-04-06,20.6,29.7,12.6,16.6,24.8,30,0.0,0.0,0.0,0.0,7.34,15.0
2002-04-07,22.3,28.5,17.2,18.7,24.6,30,0.0,0.0,0.0,0.0,7.3,15.1
2002-04-08,22.2,29.3,15.4,19.6,25.7,37,0.0,0.0,0.0,0.0,5.95,12.7
2002-04-09,21.9,27.7,17.5,18.9,24.3,41,1.1,1.1,0.0,4.0,8.41,18.3
2002-04-10,17.7,21.8,10.6,15.8,19.0,60,10.7,10.7,0.0,11.0,5.52,15.0
2002-04-11,12.4,17.2,7.7,10.2,15.5,74,5.1,5.1,0.0,10.0,4.24,12.7
2002-04-12,15.3,19.6,11.6,14.6,19.3,74,12.3,12.3,0.0,9.0,3.82,8.4
2002-04-13,16.3,20.6,12.9,14.9,18.2,71,6.3,6.3,0.0,9.0,6.27,13.1
2002-04-14,18.1,23.0,13.3,15.6,19.8,58,0.0,0.0,0.0,0.0,7.56,16.5
2002-04-15,19.2,24.1,14.2,16.4,19.8,55,0.0,0.0,0.0,0.0,8.52,17.3
2002-04-16,20.6,27.1,14.7,18.6,24.3,49,0.0,0.0,0.0,0.0,6.89,14.0
2002-04-17,19.2,23.6,15.2,18.4,21.2,67,12.6,12.6,0.0,10.0,6.02,13.4
2002-04-18,18.0,22.0,14.2,17.5,21.7,75,4.5,4.5,0.0,6.0,5.12,14.3
2002-04-19,20.9,25.6,17.2,19.2,22.1,57,0.0,0.0,0.0,0.0,8.01,16.4
2002-04-20,21.2,26.4,16.3,19.0,23.4,51,0.2,0.2,0.0,1.0,7.93,18.0
2002-04-21,20.9,27.8,14.7,19.1,25.6,50,0.4,0.4,0.0,1.0,6.02,13.6
2002-04-22,22.9,28.7,17.9,20.3,25.0,40,0.0,0.0,0.0,0.0,7.49,16.2
2002-04-23,22.4,28.0,17.4,20.4,24.9,42,0.0,0.0,0.0,0.0,6.08,13.3
2002-04-24,21.3,27.3,17.1,19.6,24.6,51,2.9,2.9,0.0,3.0,6.88,14.3
2002-04-25,20.4,26.0,15.4,18.7,23.2,57,0.7,0.7,0.0,4.0,7.17,15.2
2002-04-26,21.1,25.6,17.2,18.8,22.8,52,0.0,0.0,0.0,0.0,8.05,16.7
2002-04-27,21.7,26.9,16.8,18.9,23.6,50,0.0,0.0,0.0,0.0,8.57,17.2
2002-04-28,22.2,27.8,18.1,18.6,22.7,36,0.0,0.0,0.0,0.0,7.94,17.0
2002-04-29,22.3,28.3,17.8,18.8,23.5,35,0.0,0.0,0.0,0.0,8.23,17.3
2002-04-30,22.5,27.7,18.2,18.8,23.3,32,0.0,0.0,0.0,0.0,8.04,17.1
2002-05-01,22.4,28.1,17.7,18.7,23.0,33,0.0,0.0,0.0,0.0,8.04,17.3
2002-05-02,22.9,29.3,17.6,20.0,25.1,34,0.3,0.3,0.0,1.0,6.4,14.0
2002-05-03,22.3,28.4,17.8,19.5,24.7,38,0.7,0.7,0.0,2.0,6.87,15.2
2002-05-04,20.3,26.2,16.4,17.8,22.7,47,0.1,0.1,0.0,1.0,7.07,16.5
2002-05-05,19.8,26.2,15.0,17.8,22.2,56,0.0,0.0,0.0,0.0,6.96,14.9
2002-05-06,20.4,25.4,16.2,20.1,25.2,62,4.4,4.4,0.0,5.0,4.66,10.6
2002-05-07,19.1,22.3,17.0,18.8,22.2,70,4.6,4.6,0.0,8.0,5.2,13.2
2002-05-08,19.9,23.6,16.0,19.8,23.3,71,3.4,3.4,0.0,10.0,4.55,11.7
2002-05-09,18.2,21.2,15.4,18.7,22.7,79,22.3,22.3,0.0,18.0,4.64,9.9
2002-05-10,17.4,21.7,14.5,17.8,22.1,83,9.8,9.8,0.0,18.0,3.01,7.4
2002-05-11,17.1,20.8,15.6,17.2,21.5,84,18.0,18.0,0.0,19.0,4.05,9.5
2002-05-12,17.4,18.7,16.5,17.9,19.5,94,22.6,22.6,0.0,24.0,4.34,14.5
2002-05-13,18.1,19.4,17.0,19.4,20.9,91,24.6,24.6,0.0,22.0,3.54,9.8
2002-05-14,19.7,24.9,16.1,21.1,28.1,76,3.6,3.6,0.0,6.0,3.45,6.4
2002-05-15,20.0,25.2,16.5,20.9,25.9,75,7.0,7.0,0.0,8.0,2.97,6.8
2002-05-16,19.4,22.9,16.4,19.7,22.5,73,3.5,3.5,0.0,9.0,2.87,6.7
2002-05-17,19.8,25.0,14.9,20.2,24.3,72,0.0,0.0,0.0,0.0,4.2,8.7
2002-05-18,20.9,24.3,18.0,21.5,25.3,77,7.3,7.3,0.0,13.0,5.24,11.3
2002-05-19,18.5,19.3,17.4,19.8,20.9,91,24.9,24.9,0.0,24.0,2.98,11.0
2002-05-20,21.4,25.3,18.7,22.2,25.0,77,13.8,13.8,0.0,15.0,6.09,13.2
2002-05-21,21.8,26.1,17.9,21.8,25.4,68,0.0,0.0,0.0,0.0,6.71,15.4
2002-05-22,21.6,25.4,17.6,21.7,25.1,68,0.0,0.0,0.0,0.0,6.09,13.5
2002-05-23,20.9,25.7,17.3,21.8,27.6,74,33.7,33.7,0.0,15.0,4.01,9.1
2002-05-24,16.2,17.9,15.1,14.8,17.9,82,11.5,11.5,0.0,11.0,5.3,11.7
2002-05-25,15.7,17.7,13.8,14.8,17.9,78,0.3,0.3,0.0,2.0,4.14,7.6
2002-05-26,17.3,19.4,15.0,17.2,19.3,76,3.4,3.4,0.0,8.0,3.28,6.9
2002-05-27,17.9,20.9,15.9,18.6,22.0,86,12.1,12.1,0.0,17.0,3.01,8.1
2002-05-28,19.6,23.2,16.8,20.4,23.8,79,6.7,6.7,0.0,11.0,4.7,11.4
2002-05-29,21.5,25.4,17.2,22.0,26.0,72,1.2,1.2,0.0,5.0,5.28,11.7
2002-05-30,20.5,24.2,17.9,22.6,27.3,80,16.8,16.8,0.0,16.0,2.2,6.3
2002-05-31,21.5,26.1,17.4,23.0,27.2,74,3.2,3.2,0.0,12.0,3.76,8.7
2002-06-01,22.3,26.9,18.0,23.1,25.8,72,0.6,0.6,0.0,3.0,5.9,11.6
2002-06-02,20.2,22.8,17.5,20.8,22.8,76,2.6,2.6,0.0,6.0,4.12,9.1
2002-06-03,21.3,24.6,17.7,22.3,26.4,70,0.5,0.5,0.0,3.0,3.09,6.8
2002-06-04,21.2,24.6,18.6,22.7,26.8,74,7.8,7.8,0.0,6.0,3.3,7.9
2002-06-05,21.4,25.4,18.0,23.7,28.2,81,10.7,10.7,0.0,14.0,3.67,9.1
2002-06-06,22.0,25.3,19.3,24.3,28.1,79,7.2,7.2,0.0,15.0,3.55,8.9
2002-06-07,23.2,26.8,19.6,24.6,28.5,71,3.9,3.9,0.0,10.0,4.74,9.7
2002-06-08,23.5,27.2,19.5,24.7,28.1,70,0.5,0.5,0.0,3.0,4.65,10.0
2002-06-09,23.3,28.0,19.9,25.3,30.0,73,10.6,10.6,0.0,7.0,3.9,9.0
2002-06-10,22.4,27.7,18.4,23.4,28.0,66,5.9,5.9,0.0,8.0,3.14,6.7
2002-06-11,21.5,26.4,17.0,22.9,28.1,73,1.1,1.1,0.0,5.0,3.1,7.1
2002-06-12,22.7,27.1,18.8,24.5,29.6,73,4.1,4.1,0.0,7.0,3.0,7.2
2002-06-13,22.5,26.7,19.9,24.7,28.7,77,7.9,7.9,0.0,16.0,3.2,7.9
2002-06-14,20.8,22.9,19.3,23.4,25.7,88,17.8,17.8,0.0,21.0,1.97,6.7
2002-06-15,21.9,25.4,19.1,24.1,27.4,81,16.7,16.7,0.0,22.0,3.94,10.0
2002-06-16,21.4,24.9,18.9,23.9,28.0,83,18.3,18.3,0.0,20.0,2.79,9.6
2002-06-17,22.1,25.9,19.0,23.3,26.3,78,6.1,6.1,0.0,12.0,5.46,11.9
2002-06-18,23.0,26.4,20.0,24.1,26.9,75,2.9,2.9,0.0,11.0,6.07,12.7
2002-06-19,22.9,25.7,20.0,23.6,26.1,74,0.9,0.9,0.0,8.0,7.0,14.3
2002-06-20,22.9,26.0,20.0,23.6,26.7,73,0.5,0.5,0.0,2.0,6.04,12.2
2002-06-21,23.3,26.5,20.3,24.3,27.0,74,0.1,0.1,0.0,1.0,6.43,13.4
2002-06-22,23.4,27.2,20.7,25.1,29.7,74,4.5,4.5,0.0,6.0,5.24,10.8
2002-06-23,23.7,28.2,19.8,25.6,30.2,72,1.8,1.8,0.0,8.0,3.94,8.6
2002-06-24,23.7,28.6,20.7,26.4,31.1,73,18.3,18.3,0.0,12.0,2.47,8.0
2002-06-25,21.1,23.5,19.6,23.8,27.1,87,16.4,16.4,0.0,19.0,2.62,6.4
2002-06-26,21.5,24.7,19.1,24.1,28.5,86,13.9,13.9,0.0,13.0,3.18,7.6
2002-06-27,21.7,24.9,19.6,23.7,26.7,84,10.7,10.7,0.0,15.0,3.71,9.1
2002-06-28,21.1,23.5,19.4,23.6,26.2,85,15.3,15.3,0.0,19.0,2.51,6.8
2002-06-29,20.8,24.1,19.2,23.5,26.9,88,18.8,18.8,0.0,21.0,2.68,6.9
2002-06-30,20.9,23.7,18.5,22.5,24.9,80,13.3,13.3,0.0,20.0,2.92,7.6
2002-07-01,22.2,27.6,17.3,23.6,28.4,71,0.0,0.0,0.0,0.0,3.16,7.2
2002-07-02,22.7,27.1,18.7,23.9,27.5,68,0.0,0.0,0.0,0.0,3.19,6.8
2002-07-03,22.1,24.5,20.0,24.4,27.7,80,13.0,13.0,0.0,20.0,3.01,7.4
2002-07-04,21.8,24.4,20.0,24.4,26.9,86,20.4,20.4,0.0,19.0,2.79,7.8
2002-07-05,20.7,22.3,19.8,23.4,25.1,92,21.5,21.5,0.0,23.0,2.42,5.4
2002-07-06,21.6,24.5,19.4,23.6,26.8,83,3.1,3.1,0.0,14.0,3.84,8.6
2002-07-07,21.6,24.5,19.1,23.6,26.4,82,5.1,5.1,0.0,11.0,3.8,8.0
2002-07-08,20.5,22.4,18.9,22.5,24.3,86,17.8,17.8,0.0,22.0,2.48,6.5
2002-07-09,21.5,25.7,18.8,24.0,28.9,81,7.3,7.3,0.0,17.0,1.91,5.1
2002-07-10,21.0,24.8,18.7,23.6,28.0,85,14.6,14.6,0.0,18.0,2.13,5.5
2002-07-11,21.0,24.0,17.7,23.1,27.2,83,9.5,9.5,0.0,16.0,2.69,6.8
2002-07-12,21.9,26.6,18.3,24.1,30.2,77,2.2,2.2,0.0,4.0,2.66,6.7
2002-07-13,21.9,26.1,19.6,24.7,29.6,83,12.1,12.1,0.0,14.0,2.55,6.8
2002-07-14,21.9,26.4,19.5,24.2,29.6,80,11.8,11.8,0.0,11.0,3.24,9.4
2002-07-15,22.6,26.5,19.1,24.4,29.1,74,0.8,0.8,0.0,5.0,3.88,8.4
2002-07-16,23.1,27.3,19.6,25.8,30.7,76,3.2,3.2,0.0,8.0,2.43,6.3
2002-07-17,23.4,29.1,19.8,26.0,30.1,78,3.3,3.3,0.0,7.0,4.12,8.9
2002-07-18,21.3,23.8,19.2,23.5,25.6,86,11.0,11.0,0.0,13.0,3.71,8.6
2002-07-19,20.9,24.1,18.9,23.5,27.5,86,42.8,42.8,0.0,24.0,1.44,8.4
2002-07-20,20.3,23.3,18.6,21.8,24.4,80,12.9,12.9,0.0,16.0,3.36,8.6
2002-07-21,21.0,24.0,18.7,23.3,27.5,80,6.8,6.8,0.0,17.0,1.84,6.1
2002-07-22,21.0,23.7,19.1,23.1,25.7,86,9.5,9.5,0.0,18.0,4.11,11.7
2002-07-23,21.0,23.3,19.6,22.4,23.8,84,14.4,14.4,0.0,19.0,5.02,13.1
2002-07-24,19.8,21.1,18.8,21.9,23.9,87,18.9,18.9,0.0,24.0,1.94,7.3
2002-07-25,17.9,19.2,17.1,19.2,20.8,91,14.8,14.8,0.0,17.0,2.88,6.8
2002-07-26,18.9,22.1,16.0,19.5,23.0,75,5.3,5.3,0.0,12.0,2.51,8.1
2002-07-27,20.0,23.2,16.6,21.2,24.0,77,3.1,3.1,0.0,8.0,2.82,6.0
2002-07-28,20.9,23.8,17.9,22.2,25.4,77,5.0,5.0,0.0,12.0,3.64,7.6
2002-07-29,21.0,24.7,17.7,22.0,24.8,76,0.4,0.4,0.0,2.0,3.28,7.6
2002-07-30,21.7,25.8,18.1,23.9,29.9,77,5.6,5.6,0.0,9.0,2.77,6.8
2002-07-31,21.3,24.8,19.3,23.9,29.9,85,21.9,21.9,0.0,19.0,2.28,8.1
2002-08-01,20.4,22.4,19.2,21.6,23.4,85,14.0,14.0,0.0,21.0,4.93,10.6
2002-08-02,20.8,24.0,18.7,22.3,26.1,82,5.1,5.1,0.0,19.0,4.22,8.9
2002-08-03,20.9,24.7,18.3,23.4,28.2,81,10.5,10.5,0.0,12.0,1.5,5.8
2002-08-04,21.4,25.2,18.5,24.3,30.5,82,19.0,19.0,0.0,18.0,1.98,6.6
2002-08-05,21.9,27.1,18.8,24.2,30.2,77,15.4,15.4,0.0,11.0,2.66,7.7
2002-08-06,22.8,28.4,16.9,25.4,32.0,76,1.2,1.2,0.0,6.0,1.66,5.6
2002-08-07,21.8,25.1,19.1,24.5,28.6,83,17.0,17.0,0.0,19.0,3.41,8.5
2002-08-08,22.7,26.4,19.3,25.5,30.3,81,9.0,9.0,0.0,11.0,3.73,7.4
2002-08-09,21.2,24.7,18.0,23.1,26.8,83,25.9,25.9,0.0,16.0,4.79,7.9
2002-08-10,16.9,17.8,15.8,16.5,17.4,88,17.9,17.9,0.0,21.0,4.75,9.6
2002-08-11,18.3,19.9,16.5,19.4,21.8,88,9.7,9.7,0.0,24.0,2.94,6.6
2002-08-12,19.7,21.8,18.4,21.8,24.1,91,12.8,12.8,0.0,24.0,2.28,6.2
2002-08-13,20.0,23.8,18.4,22.4,27.2,89,22.6,22.6,0.0,24.0,1.92,6.7
2002-08-14,20.3,23.6,18.3,22.7,26.6,88,19.3,19.3,0.0,22.0,3.0,7.6
2002-08-15,20.5,23.4,18.6,22.7,26.3,88,16.0,16.0,0.0,18.0,3.04,8.9
2002-08-16,18.7,20.4,17.3,19.9,22.5,90,12.9,12.9,0.0,22.0,5.23,11.6
2002-08-17,17.6,19.9,16.0,17.2,18.8,85,6.2,6.2,0.0,18.0,5.28,11.3
2002-08-18,17.0,19.5,15.0,16.4,18.7,83,13.4,13.4,0.0,18.0,4.71,11.3
2002-08-19,17.4,21.9,13.9,17.0,20.4,74,0.2,0.2,0.0,2.0,5.49,11.6
2002-08-20,15.7,18.2,14.0,16.1,18.5,84,7.2,7.2,0.0,11.0,2.84,6.1
2002-08-21,18.0,21.4,15.1,18.7,22.1,80,3.6,3.6,0.0,12.0,3.48,7.2
2002-08-22,18.2,20.9,16.0,19.4,22.2,86,3.2,3.2,0.0,13.0,2.67,7.2
2002-08-23,20.3,25.3,16.5,21.7,25.9,80,1.0,1.0,0.0,4.0,2.86,6.8
2002-08-24,21.4,26.3,17.0,22.9,28.8,79,0.0,0.0,0.0,0.0,4.25,9.9
2002-08-25,21.2,25.7,17.9,23.0,28.3,81,3.5,3.5,0.0,5.0,3.98,9.8
2002-08-26,19.5,22.5,17.4,21.5,24.6,86,20.7,20.7,0.0,23.0,2.33,8.3
2002-08-27,20.6,25.2,17.2,22.6,28.3,80,6.4,6.4,0.0,14.0,2.25,6.8
2002-08-28,20.6,25.7,15.3,22.1,28.7,76,1.0,1.0,0.0,5.0,2.67,7.0
2002-08-29,20.7,25.8,16.5,20.9,25.8,68,0.2,0.2,0.0,2.0,3.93,8.5
2002-08-30,19.8,25.3,14.8,19.8,25.1,66,0.0,0.0,0.0,0.0,3.79,8.3
2002-08-31,20.5,26.2,15.2,20.9,27.8,62,0.4,0.4,0.0,2.0,2.27,5.1
2002-09-01,20.3,25.4,15.4,21.6,28.4,72,2.5,2.5,0.0,6.0,1.94,5.6
2002-09-02,19.9,25.9,15.5,21.7,29.6,80,11.0,11.0,0.0,17.0,2.6,7.0
2002-09-03,19.9,24.3,16.6,21.3,27.2,77,7.0,7.0,0.0,15.0,2.62,7.9
2002-09-04,19.6,23.6,16.3,20.0,25.0,73,0.5,0.5,0.0,3.0,4.02,8.8
2002-09-05,19.5,24.2,15.0,19.6,24.8,70,0.0,0.0,0.0,0.0,3.32,8.0
2002-09-06,19.0,24.4,14.6,19.4,25.0,72,0.2,0.2,0.0,1.0,2.52,6.0
2002-09-07,19.9,25.2,15.2,20.7,27.1,72,0.9,0.9,0.0,6.0,2.26,5.3
2002-09-08,19.9,24.2,16.6,20.9,27.2,75,4.8,4.8,0.0,9.0,2.91,8.2
2002-09-09,19.9,24.8,15.5,19.8,24.2,68,0.9,0.9,0.0,5.0,3.61,7.9
2002-09-10,19.8,25.5,14.7,20.1,26.5,65,0.0,0.0,0.0,0.0,2.2,6.2
2002-09-11,20.7,25.8,16.5,21.7,28.0,68,0.0,0.0,0.0,0.0,2.55,5.9
2002-09-12,20.8,25.5,16.6,22.1,28.4,76,1.7,1.7,0.0,8.0,2.83,6.3
2002-09-13,21.1,25.8,17.0,23.0,29.5,76,5.4,5.4,0.0,9.0,2.01,5.5
2002-09-14,20.6,24.4,18.3,22.5,27.1,83,10.8,10.8,0.0,18.0,2.47,6.0
2002-09-15,18.3,20.2,16.0,17.7,19.4,78,4.2,4.2,0.0,10.0,4.95,10.5
2002-09-16,18.9,23.9,15.2,18.3,22.5,61,0.0,0.0,0.0,0.0,3.13,7.2
2002-09-17,19.0,23.8,14.2,18.7,23.5,66,0.0,0.0,0.0,0.0,3.71,7.5
2002-09-18,18.6,22.4,15.0,18.0,22.0,71,0.2,0.2,0.0,2.0,4.25,9.1
2002-09-19,18.9,22.2,16.3,19.6,23.6,81,3.1,3.1,0.0,9.0,3.56,8.1
2002-09-20,19.3,24.3,15.1,19.8,23.6,77,0.0,0.0,0.0,0.0,3.47,7.2
2002-09-21,19.3,22.8,16.5,19.6,22.2,74,0.8,0.8,0.0,4.0,3.74,8.7
2002-09-22,14.3,17.6,12.3,11.8,16.6,75,4.5,4.5,0.0,4.0,5.46,11.2
2002-09-23,15.0,19.0,11.7,14.3,18.8,76,0.8,0.8,0.0,3.0,3.31,6.6
2002-09-24,16.4,18.6,14.7,16.8,19.3,86,8.9,8.9,0.0,23.0,2.41,7.1
2002-09-25,17.3,20.7,14.0,17.8,21.0,84,2.3,2.3,0.0,9.0,3.0,6.3
2002-09-26,19.3,23.9,15.3,19.8,23.5,78,0.0,0.0,0.0,0.0,4.55,9.4
2002-09-27,16.5,18.1,14.6,15.9,19.4,83,1.0,1.0,0.0,3.0,5.59,11.2
2002-09-28,15.5,17.8,13.8,14.9,17.4,80,2.3,2.3,0.0,7.0,3.41,7.9
2002-09-29,16.0,17.6,14.2,15.9,17.3,86,1.6,1.6,0.0,10.0,3.01,6.3
2002-09-30,16.8,20.7,14.9,17.3,21.1,88,4.2,4.2,0.0,15.0,3.08,7.2
2002-10-01,16.7,18.9,13.9,17.0,19.8,89,7.4,7.4,0.0,10.0,4.79,9.3
2002-10-02,16.6,20.5,13.4,17.0,21.3,85,2.5,2.5,0.0,8.0,2.22,5.7
2002-10-03,18.1,21.5,16.1,19.2,22.6,88,11.8,11.8,0.0,13.0,3.19,8.7
2002-10-04,18.2,21.0,16.3,19.3,22.8,88,13.8,13.8,0.0,16.0,2.72,8.3
2002-10-05,17.2,20.8,14.8,17.1,22.3,80,9.6,9.6,0.0,13.0,6.89,14.5
2002-10-06,16.0,20.5,10.7,13.9,18.6,63,0.0,0.0,0.0,0.0,5.16,11.0
2002-10-07,15.2,21.9,8.9,14.5,22.2,69,0.0,0.0,0.0,0.0,2.2,5.4
2002-10-08,15.4,22.0,9.1,14.0,20.7,61,0.0,0.0,0.0,0.0,2.97,7.1
2002-10-09,16.1,22.5,9.5,14.8,21.7,58,0.0,0.0,0.0,0.0,2.91,6.8
2002-10-10,16.7,22.9,10.0,16.1,23.0,64,0.0,0.0,0.0,0.0,2.72,5.8
2002-10-11,17.0,23.1,11.5,16.1,22.3,67,0.0,0.0,0.0,0.0,3.89,8.2
2002-10-12,16.6,21.0,12.8,16.7,22.0,77,12.8,12.8,0.0,13.0,2.19,6.6
2002-10-13,15.9,20.3,12.2,16.0,20.7,82,5.6,5.6,0.0,8.0,3.04,8.3
2002-10-14,17.4,21.9,13.4,17.4,21.0,80,0.7,0.7,0.0,4.0,3.89,8.1
2002-10-15,17.3,20.2,15.2,17.8,19.7,84,0.4,0.4,0.0,3.0,4.17,9.2
2002-10-16,17.4,20.3,15.1,17.6,20.6,85,3.2,3.2,0.0,13.0,5.78,15.6
2002-10-17,18.6,22.9,14.8,18.4,21.8,79,0.2,0.2,0.0,2.0,5.5,12.0
2002-10-18,18.3,23.3,14.3,18.2,22.5,75,0.0,0.0,0.0,0.0,4.65,9.6
2002-10-19,18.7,22.8,15.8,18.3,22.0,76,1.9,1.9,0.0,2.0,6.22,15.2
2002-10-20,19.3,24.2,14.9,19.7,23.4,79,1.0,1.0,0.0,3.0,4.97,10.4
2002-10-21,18.5,21.7,15.9,19.3,22.7,86,13.6,13.6,0.0,20.0,3.86,11.7
2002-10-22,18.2,23.4,13.5,17.6,21.8,73,0.0,0.0,0.0,0.0,5.05,10.4
2002-10-23,13.4,16.7,11.1,11.7,16.0,84,0.4,0.4,0.0,3.0,5.3,10.7
2002-10-24,16.0,21.2,11.7,15.3,20.4,79,0.4,0.4,0.0,3.0,4.75,10.1
2002-10-25,17.1,21.5,13.8,17.1,21.6,84,0.4,0.4,0.0,2.0,3.97,10.3
2002-10-26,16.3,18.5,15.2,16.8,19.3,90,11.0,11.0,0.0,22.0,2.83,7.2
2002-10-27,17.9,22.2,15.3,18.0,22.3,85,8.2,8.2,0.0,10.0,5.04,12.5
2002-10-28,18.5,22.6,15.5,18.2,21.0,78,0.9,0.9,0.0,7.0,5.37,10.9
2002-10-29,18.0,22.6,15.0,18.2,22.8,80,1.3,1.3,0.0,4.0,4.02,9.4
2002-10-30,18.0,23.3,14.4,17.4,21.4,73,0.8,0.8,0.0,4.0,4.61,9.7
2002-10-31,16.8,22.9,11.6,15.7,21.5,73,0.0,0.0,0.0,0.0,4.92,10.5
2002-11-01,16.9,22.8,12.6,15.8,21.1,69,0.0,0.0,0.0,0.0,4.03,8.4
2002-11-02,14.3,15.9,12.0,13.3,14.9,85,1.5,1.5,0.0,6.0,3.47,7.5
2002-11-03,11.4,14.5,8.1,8.5,14.1,80,1.8,1.8,0.0,10.0,7.32,14.7
2002-11-04,9.5,11.9,7.2,7.2,10.4,71,1.3,1.3,0.0,7.0,3.72,7.8
2002-11-05,12.5,16.4,9.0,11.1,14.5,76,0.0,0.0,0.0,0.0,3.05,6.8
2002-11-06,13.5,19.0,9.1,12.2,16.8,76,0.0,0.0,0.0,0.0,3.92,8.2
2002-11-07,14.2,19.3,10.5,13.2,18.1,76,0.0,0.0,0.0,0.0,2.83,6.8
2002-11-08,14.2,19.2,9.7,13.1,18.3,75,0.0,0.0,0.0,0.0,3.61,7.8
2002-11-09,14.9,20.4,10.0,13.3,18.8,71,0.0,0.0,0.0,0.0,5.22,10.7
2002-11-10,15.6,22.6,10.1,14.1,21.1,71,0.0,0.0,0.0,0.0,4.51,10.0
2002-11-11,16.5,23.4,11.0,15.7,22.6,74,0.0,0.0,0.0,0.0,4.52,9.7
2002-11-12,17.7,22.4,13.8,17.1,21.4,74,0.0,0.0,0.0,0.0,4.92,10.0
2002-11-13,17.3,21.7,12.9,16.2,20.2,76,0.0,0.0,0.0,0.0,6.74,13.8
2002-11-14,18.1,22.4,14.4,17.0,20.9,75,0.0,0.0,0.0,0.0,7.33,14.9
2002-11-15,16.1,22.1,11.0,14.9,19.4,71,0.0,0.0,0.0,0.0,4.52,9.4
2002-11-16,13.3,18.3,8.7,12.0,17.2,77,0.0,0.0,0.0,0.0,2.51,6.6
2002-11-17,13.5,18.1,9.1,12.1,16.3,77,0.9,0.9,0.0,5.0,4.19,9.7
2002-11-18,15.0,20.0,11.4,13.5,17.7,72,0.8,0.8,0.0,5.0,4.59,9.7
2002-11-19,14.7,18.6,12.2,12.7,15.4,77,0.5,0.5,0.0,4.0,6.85,13.9
2002-11-20,14.8,19.7,11.3,13.5,17.9,76,1.2,1.2,0.0,4.0,4.61,9.8
2002-11-21,12.5,14.7,9.7,12.0,14.4,92,9.5,9.5,0.0,22.0,2.4,7.7
2002-11-22,14.2,19.2,10.2,12.7,16.7,78,0.5,0.5,0.0,3.0,6.0,12.3
2002-11-23,13.4,18.3,9.4,11.3,15.2,75,0.0,0.0,0.0,0.0,5.79,11.8
2002-11-24,10.0,11.9,8.6,7.9,10.0,87,0.6,0.6,0.0,4.0,3.81,8.4
2002-11-25,9.0,10.2,7.7,7.0,8.6,92,3.3,3.3,0.0,11.0,3.18,6.0
2002-11-26,8.1,9.2,7.1,6.0,7.2,92,3.3,3.3,0.0,15.0,3.04,6.4
2002-11-27,11.1,14.3,8.4,9.9,13.2,90,4.5,4.5,0.0,10.0,3.18,6.8
2002-11-28,13.0,18.0,9.6,11.1,15.4,79,0.0,0.0,0.0,0.0,4.51,9.8
2002-11-29,12.8,19.2,7.0,11.1,16.7,80,0.0,0.0,0.0,0.0,5.0,10.4
2002-11-30,12.2,13.6,10.6,11.2,12.9,89,0.7,0.7,0.0,6.0,2.56,5.9
2002-12-01,16.1,21.4,12.6,14.3,18.1,76,0.0,0.0,0.0,0.0,6.82,13.9
2002-12-02,15.2,20.7,11.0,13.3,17.6,75,0.0,0.0,0.0,0.0,6.94,14.4
2002-12-03,13.7,19.5,8.8,12.2,17.8,74,0.0,0.0,0.0,0.0,3.77,7.8
2002-12-04,14.0,20.3,8.5,11.7,17.2,68,0.0,0.0,0.0,0.0,5.77,12.0
2002-12-05,14.2,20.7,8.2,11.7,17.2,65,0.0,0.0,0.0,0.0,6.0,12.5
2002-12-06,13.7,20.3,8.0,10.9,16.7,63,0.0,0.0,0.0,0.0,5.95,12.5
2002-12-07,13.6,20.5,8.4,10.8,17.4,61,0.0,0.0,0.0,0.0,5.22,11.0
2002-12-08,8.8,11.3,6.0,5.8,9.1,80,0.0,0.0,0.0,0.0,5.11,10.4
2002-12-09,8.7,13.3,5.4,6.4,11.2,83,0.0,0.0,0.0,0.0,3.52,7.1
2002-12-10,12.0,16.8,8.5,9.9,13.1,80,0.0,0.0,0.0,0.0,6.71,13.6
2002-12-11,11.0,16.9,6.5,9.3,14.9,76,0.9,0.9,0.0,4.0,2.82,7.6
2002-12-12,10.4,16.8,5.0,8.3,13.7,74,0.0,0.0,0.0,0.0,3.47,8.0
2002-12-13,11.0,16.6,7.0,8.3,13.0,73,0.0,0.0,0.0,0.0,6.05,12.9
2002-12-14,11.9,17.7,8.3,9.4,14.1,74,0.0,0.0,0.0,0.0,5.9,11.7
2002-12-15,11.6,17.6,5.9,9.0,14.3,73,0.0,0.0,0.0,0.0,4.88,10.3
2002-12-16,11.8,16.3,7.4,9.6,13.2,79,0.0,0.0,0.0,0.0,6.48,13.2
2002-12-17,12.6,16.0,9.7,10.4,12.4,78,0.0,0.0,0.0,0.0,6.04,12.4
2002-12-18,12.3,16.5,9.6,9.9,12.5,74,0.3,0.3,0.0,2.0,6.42,13.6
2002-12-19,11.1,15.3,8.2,8.4,11.5,75,0.7,0.7,0.0,2.0,6.65,13.7
2002-12-20,9.8,14.0,6.0,7.1,9.7,77,0.1,0.1,0.0,1.0,5.73,11.8
2002-12-21,10.3,15.7,6.0,7.5,12.1,68,0.0,0.0,0.0,0.0,4.9,10.4
2002-12-22,9.9,16.3,4.8,6.8,12.2,69,0.0,0.0,0.0,0.0,5.39,11.3
2002-12-23,10.0,16.3,5.7,7.4,12.5,72,0.0,0.0,0.0,0.0,4.47,9.7
2002-12-24,10.0,16.9,5.0,7.0,12.4,69,0.0,0.0,0.0,0.0,5.55,11.7
2002-12-25,10.0,13.9,7.0,8.0,12.0,82,10.2,10.2,0.0,10.0,3.61,11.1
2002-12-26,5.9,10.1,3.3,2.7,8.9,90,7.3,6.0,0.91,16.0,4.52,10.2
2002-12-27,6.1,11.1,3.2,3.3,8.0,87,0.2,0.2,0.0,1.0,4.33,9.7
2002-12-28,8.6,13.1,5.4,5.4,8.5,83,0.0,0.0,0.0,0.0,7.39,15.0
2002-12-29,8.9,14.0,5.0,5.7,9.4,79,0.2,0.2,0.0,2.0,7.11,14.3
2002-12-30,8.7,14.3,4.9,5.5,9.7,76,0.0,0.0,0.0,0.0,6.53,13.2
2002-12-31,9.2,15.3,5.0,5.9,11.3,73,0.0,0.0,0.0,0.0,5.75,11.9
2003-01-01,10.1,16.2,5.0,7.1,12.6,72,0.0,0.0,0.0,0.0,6.46,13.2
2003-01-02,11.9,18.4,4.8,9.5,15.6,71,0.0,0.0,0.0,0.0,5.87,11.9
2003-01-03,8.4,15.1,3.2,5.8,11.8,73,0.0,0.0,0.0,0.0,3.66,7.7
2003-01-04,10.6,16.6,6.3,7.9,13.0,74,0.0,0.0,0.0,0.0,4.92,11.0
2003-01-05,5.7,9.6,1.6,2.5,7.4,94,24.3,12.5,8.26,23.0,4.75,12.5
2003-01-06,2.7,6.1,0.1,-0.5,3.5,85,4.4,0.0,3.15,8.0,3.74,8.6
2003-01-07,5.1,11.5,1.0,2.4,7.7,86,0.0,0.0,0.0,0.0,4.7,9.8
2003-01-08,8.4,13.4,4.5,5.3,9.2,81,0.0,0.0,0.0,0.0,6.4,13.6
2003-01-09,9.0,14.4,4.5,6.4,10.9,78,0.0,0.0,0.0,0.0,4.9,10.6
2003-01-10,6.6,11.1,3.5,4.0,8.9,85,0.0,0.0,0.0,0.0,2.77,5.8
2003-01-11,8.0,13.0,5.7,5.8,10.0,86,0.2,0.2,0.0,2.0,3.41,8.2
2003-01-12,10.3,15.7,7.0,7.7,11.9,76,0.1,0.1,0.0,1.0,4.81,10.5
2003-01-13,10.7,16.6,5.7,7.8,13.0,71,0.0,0.0,0.0,0.0,5.64,11.8
2003-01-14,10.9,17.4,4.6,7.9,13.8,64,0.0,0.0,0.0,0.0,5.68,11.9
2003-01-15,11.2,17.6,6.8,8.8,14.3,64,0.2,0.2,0.0,1.0,4.22,8.7
2003-01-16,10.2,16.7,5.9,7.9,12.9,76,0.0,0.0,0.0,0.0,4.44,9.5
2003-01-17,10.0,17.5,3.9,7.3,14.0,74,0.0,0.0,0.0,0.0,4.94,10.7
2003-01-18,10.7,18.5,4.8,8.8,16.3,73,0.0,0.0,0.0,0.0,2.79,6.4
2003-01-19,11.9,18.0,8.3,9.8,14.7,74,0.0,0.0,0.0,0.0,4.65,9.9
2003-01-20,10.3,15.7,5.8,8.4,13.3,76,0.0,0.0,0.0,0.0,2.82,6.1
2003-01-21,11.7,18.2,6.4,8.4,13.2,67,0.0,0.0,0.0,0.0,7.29,15.1
2003-01-22,9.2,12.8,5.6,6.4,10.0,68,0.0,0.0,0.0,0.0,4.06,8.6
2003-01-23,9.8,14.0,5.7,6.6,9.2,72,0.2,0.2,0.0,1.0,6.93,14.3
2003-01-24,12.1,15.6,9.1,7.8,10.2,60,0.0,0.0,0.0,0.0,8.9,17.7
2003-01-25,11.6,16.5,6.3,7.7,11.2,55,0.0,0.0,0.0,0.0,6.99,14.6
2003-01-26,11.7,18.4,5.4,8.2,13.7,55,0.0,0.0,0.0,0.0,5.85,12.8
2003-01-27,5.2,9.3,2.4,1.0,6.3,74,0.0,0.0,0.0,0.0,6.43,12.8
2003-01-28,9.1,15.7,5.1,6.4,11.1,78,0.0,0.0,0.0,0.0,6.41,13.2
2003-01-29,11.9,18.1,7.6,9.1,13.1,74,0.0,0.0,0.0,0.0,7.17,14.8
2003-01-30,13.4,17.3,10.4,9.9,11.9,68,0.3,0.3,0.0,1.0,9.44,21.4
2003-01-31,11.9,16.5,8.0,9.0,12.1,73,2.3,2.3,0.0,2.0,7.47,18.1
2003-02-01,11.9,18.3,5.6,9.1,14.1,70,0.0,0.0,0.0,0.0,7.03,14.3
2003-02-02,13.7,20.4,9.1,10.5,16.1,59,0.0,0.0,0.0,0.0,6.99,14.5
2003-02-03,11.3,16.5,7.2,9.0,14.1,77,1.1,1.1,0.0,5.0,4.82,9.2
2003-02-04,6.6,8.5,4.4,3.3,5.5,81,0.1,0.1,0.0,1.0,4.41,8.6
2003-02-05,7.8,11.2,5.3,5.0,8.2,82,0.0,0.0,0.0,0.0,4.1,8.4
2003-02-06,10.3,13.9,8.0,7.5,10.2,80,2.9,2.9,0.0,4.0,6.05,14.9
2003-02-07,10.8,14.4,7.8,7.9,11.3,74,0.9,0.9,0.0,3.0,5.66,15.2
2003-02-08,10.6,17.2,3.2,7.0,12.4,67,0.0,0.0,0.0,0.0,8.42,17.4
2003-02-09,14.0,20.0,8.8,9.7,13.7,47,0.0,0.0,0.0,0.0,7.92,16.3
2003-02-10,13.3,19.4,6.4,9.6,14.7,53,0.0,0.0,0.0,0.0,8.0,16.1
2003-02-11,13.0,19.2,6.8,9.5,14.1,57,0.3,0.3,0.0,1.0,7.3,15.7
2003-02-12,13.2,19.1,8.3,10.1,14.4,56,1.2,1.2,0.0,3.0,6.4,14.0
2003-02-13,13.6,19.4,9.4,10.6,14.7,67,4.8,4.8,0.0,11.0,7.82,17.8
2003-02-14,12.1,15.3,10.2,9.9,12.9,79,11.1,11.1,0.0,19.0,6.66,18.5
2003-02-15,12.1,16.2,8.5,8.3,10.6,64,3.5,3.5,0.0,7.0,10.25,20.7
2003-02-16,11.9,19.2,5.3,8.6,14.6,53,0.0,0.0,0.0,0.0,5.56,11.5
2003-02-17,12.7,20.0,6.5,9.3,15.3,54,0.0,0.0,0.0,0.0,5.89,12.4
2003-02-18,13.6,21.2,7.2,10.2,15.8,51,0.0,0.0,0.0,0.0,6.48,13.4
2003-02-19,14.6,21.4,9.1,12.5,19.0,54,0.0,0.0,0.0,0.0,3.89,8.2
2003-02-20,15.7,21.5,10.7,12.0,17.0,55,0.0,0.0,0.0,0.0,9.35,19.1
2003-02-21,15.1,19.1,10.7,10.9,13.8,48,0.5,0.5,0.0,3.0,9.17,19.3
2003-02-22,13.6,19.8,7.6,9.8,14.2,54,1.5,1.5,0.0,7.0,7.83,16.3
2003-02-23,13.6,21.7,6.9,10.0,16.2,44,0.0,0.0,0.0,0.0,5.2,10.7
2003-02-24,14.0,21.3,7.5,10.3,16.1,45,0.0,0.0,0.0,0.0,6.66,13.7
2003-02-25,14.8,21.3,8.6,10.9,15.8,45,0.0,0.0,0.0,0.0,7.7,15.6
2003-02-26,14.8,20.5,8.4,11.0,15.5,49,0.0,0.0,0.0,0.0,7.74,16.2
2003-02-27,15.2,22.2,8.6,11.5,16.4,45,0.0,0.0,0.0,0.0,7.41,15.5
2003-02-28,15.8,22.5,9.9,11.9,16.6,41,0.0,0.0,0.0,0.0,6.8,14.5
2003-03-01,16.1,22.8,9.3,12.2,17.6,41,0.0,0.0,0.0,0.0,7.65,15.6
2003-03-02,17.2,23.6,11.8,12.8,17.7,36,0.0,0.0,0.0,0.0,7.52,15.8
2003-03-03,17.1,21.9,11.8,12.8,17.4,43,0.0,0.0,0.0,0.0,8.37,17.0
2003-03-04,18.6,23.2,14.1,13.5,16.6,42,0.0,0.0,0.0,0.0,10.82,21.6
2003-03-05,18.7,24.0,13.7,13.8,17.6,37,0.0,0.0,0.0,0.0,9.46,20.7
2003-03-06,16.6,22.4,10.8,12.7,16.6,38,0.0,0.0,0.0,0.0,6.86,14.5
2003-03-07,14.1,22.4,7.8,11.1,16.3,56,0.2,0.2,0.0,1.0,7.94,16.3
2003-03-08,8.3,11.5,5.7,4.7,8.1,79,3.2,3.2,0.0,12.0,5.77,11.4
2003-03-09,10.3,15.6,7.0,7.6,11.5,75,2.5,2.5,0.0,13.0,5.66,11.7
2003-03-10,11.3,18.4,6.7,8.5,14.0,72,0.5,0.5,0.0,3.0,6.64,15.0
2003-03-11,14.3,19.2,9.3,11.6,15.2,64,0.9,0.9,0.0,5.0,7.36,16.0
2003-03-12,14.9,21.4,8.6,12.3,17.2,63,0.3,0.3,0.0,2.0,7.16,15.6
2003-03-13,14.8,19.6,9.9,12.7,17.2,72,5.2,5.2,0.0,6.0,6.89,16.7
2003-03-14,15.6,20.0,11.9,12.7,15.1,60,1.0,1.0,0.0,5.0,7.54,16.0
2003-03-15,15.3,21.2,9.5,11.8,16.0,53,0.0,0.0,0.0,0.0,7.73,16.0
2003-03-16,17.4,21.4,12.7,13.0,16.3,43,0.0,0.0,0.0,0.0,9.44,19.1
2003-03-17,18.6,23.3,14.2,15.1,19.0,44,0.1,0.1,0.0,1.0,8.18,17.1
2003-03-18,17.1,21.9,12.1,14.7,18.4,58,1.2,1.2,0.0,6.0,7.43,16.4
2003-03-19,15.9,19.7,12.9,14.3,17.3,70,8.6,8.6,0.0,17.0,7.96,17.1
2003-03-20,14.6,19.5,10.6,13.5,19.0,73,14.6,14.6,0.0,13.0,2.77,10.8
2003-03-21,14.2,18.8,10.2,12.8,16.7,82,9.4,9.4,0.0,17.0,5.82,13.6
2003-03-22,14.2,19.7,9.6,12.7,17.7,74,3.8,3.8,0.0,8.0,4.11,11.4
2003-03-23,14.1,19.6,10.8,12.7,17.5,77,5.6,5.6,0.0,15.0,3.89,11.2
2003-03-24,14.0,18.6,9.4,13.0,19.2,72,6.0,6.0,0.0,9.0,3.5,8.4
2003-03-25,16.2,22.2,10.4,14.2,19.4,63,0.0,0.0,0.0,0.0,6.31,13.4
2003-03-26,17.7,22.1,13.4,15.7,18.8,61,0.0,0.0,0.0,0.0,7.47,19.5
2003-03-27,16.8,23.0,10.8,15.3,20.4,63,0.6,0.6,0.0,4.0,5.39,12.5
2003-03-28,17.6,24.2,11.2,16.9,23.6,63,1.4,1.4,0.0,1.0,3.81,9.6
2003-03-29,17.2,22.6,12.5,15.9,20.3,66,0.9,0.9,0.0,5.0,6.36,14.4
2003-03-30,17.9,22.9,13.3,15.4,18.6,63,0.0,0.0,0.0,0.0,8.17,17.1
2003-03-31,19.0,23.2,14.7,16.1,19.6,55,0.0,0.0,0.0,0.0,8.32,17.0
2003-04-01,19.6,23.5,16.1,16.0,18.8,46,0.0,0.0,0.0,0.0,9.03,18.2
2003-04-02,19.6,24.6,14.4,16.4,20.7,44,0.3,0.3,0.0,1.0,8.04,16.9
2003-04-03,19.8,25.7,15.0,16.0,20.6,40,0.2,0.2,0.0,1.0,8.38,17.1
2003-04-04,20.2,27.3,13.6,17.4,23.4,38,0.0,0.0,0.0,0.0,5.73,11.9
2003-04-05,20.4,27.9,12.3,18.1,25.0,47,0.0,0.0,0.0,0.0,7.65,15.3
2003-04-06,22.9,28.3,18.4,18.9,23.0,32,0.0,0.0,0.0,0.0,9.75,20.1
2003-04-07,23.3,29.5,17.1,20.0,25.3,33,0.0,0.0,0.0,0.0,7.89,16.0
2003-04-08,23.1,29.0,17.0,20.0,24.3,34,0.0,0.0,0.0,0.0,7.47,16.1
2003-04-09,22.3,28.0,15.8,18.9,24.2,36,0.0,0.0,0.0,0.0,8.98,18.9
2003-04-10,22.3,26.8,18.3,18.4,22.1,35,0.3,0.3,0.0,2.0,9.02,19.1
2003-04-11,21.8,27.6,16.6,17.2,21.7,29,0.0,0.0,0.0,0.0,9.22,19.3
2003-04-12,22.0,26.8,17.6,17.3,20.8,27,0.2,0.2,0.0,1.0,9.0,19.0
2003-04-13,20.9,25.5,14.1,17.3,20.9,36,2.7,2.7,0.0,5.0,7.32,15.1
2003-04-14,15.5,23.3,10.3,14.8,22.3,74,5.4,5.4,0.0,7.0,4.84,12.2
2003-04-15,19.2,25.8,12.8,17.9,24.2,60,0.0,0.0,0.0,0.0,6.18,13.2
2003-04-16,20.7,25.8,16.6,17.9,21.5,51,0.2,0.2,0.0,1.0,9.19,19.5
2003-04-17,21.1,26.6,17.6,16.8,21.5,39,0.0,0.0,0.0,0.0,10.37,20.5
2003-04-18,20.8,26.4,16.6,17.7,23.1,44,0.0,0.0,0.0,0.0,7.18,15.4
2003-04-19,18.2,22.2,13.8,17.4,21.3,62,1.2,1.2,0.0,5.0,3.54,8.6
2003-04-20,20.6,28.0,13.9,19.7,26.7,57,0.3,0.3,0.0,1.0,5.49,11.7
2003-04-21,22.2,26.9,18.0,20.3,24.1,54,0.2,0.2,0.0,1.0,7.75,16.4
2003-04-22,21.9,27.7,16.5,20.2,25.0,54,0.5,0.5,0.0,1.0,6.86,14.8
2003-04-23,21.5,27.5,16.6,19.5,24.3,48,0.6,0.6,0.0,2.0,7.07,14.9
2003-04-24,21.4,27.9,15.2,19.4,25.3,41,0.0,0.0,0.0,0.0,4.43,11.1
2003-04-25,22.7,30.8,15.6,20.6,25.8,43,0.0,0.0,0.0,0.0,6.35,14.0
2003-04-26,23.4,29.8,17.2,21.6,26.8,45,0.0,0.0,0.0,0.0,5.83,13.0
2003-04-27,22.3,27.2,18.2,21.7,26.1,56,1.3,1.3,0.0,3.0,4.89,12.0
2003-04-28,21.9,28.5,16.7,21.1,26.8,59,1.7,1.7,0.0,4.0,5.52,13.3
2003-04-29,16.6,19.4,14.2,13.8,19.6,63,1.8,1.8,0.0,4.0,7.27,15.5
2003-04-30,17.1,21.8,13.7,14.2,19.3,42,0.0,0.0,0.0,0.0,5.51,12.2
2003-05-01,18.3,23.2,14.4,15.9,21.1,53,0.0,0.0,0.0,0.0,6.09,12.7
2003-05-02,19.8,24.5,16.3,17.3,21.4,55,0.7,0.7,0.0,2.0,7.99,17.7
2003-05-03,20.6,25.2,16.4,18.0,23.0,49,0.5,0.5,0.0,2.0,6.89,15.2
2003-05-04,21.2,26.9,16.8,18.7,22.0,49,0.0,0.0,0.0,0.0,7.63,15.4
2003-05-05,22.3,26.9,18.0,19.2,22.3,47,0.0,0.0,0.0,0.0,9.9,19.7
2003-05-06,23.6,29.7,18.4,19.3,23.9,34,0.0,0.0,0.0,0.0,9.55,19.5
2003-05-07,23.7,30.4,18.0,20.6,27.0,32,0.0,0.0,0.0,0.0,6.73,14.3
2003-05-08,23.6,30.9,16.8,21.4,27.8,37,0.0,0.0,0.0,0.0,6.44,13.1
2003-05-09,23.2,30.6,16.8,20.9,26.3,35,0.4,0.4,0.0,1.0,6.17,13.5
2003-05-10,22.0,27.8,17.0,20.5,24.8,49,0.7,0.7,0.0,5.0,6.26,13.3
2003-05-11,20.8,25.3,17.4,19.4,23.2,56,0.0,0.0,0.0,0.0,6.08,14.4
2003-05-12,21.7,28.6,16.3,19.8,24.3,52,0.0,0.0,0.0,0.0,6.98,14.4
2003-05-13,21.7,25.5,17.8,20.1,21.8,55,0.0,0.0,0.0,0.0,6.59,14.0
2003-05-14,21.4,25.6,18.1,21.4,24.8,67,4.0,4.0,0.0,8.0,4.7,10.8
2003-05-15,23.6,28.4,19.8,23.6,28.0,63,0.2,0.2,0.0,2.0,6.54,14.1
2003-05-16,23.4,27.9,19.9,23.0,26.6,64,0.1,0.1,0.0,1.0,7.08,15.5
2003-05-17,21.6,26.0,19.2,22.2,24.6,73,1.7,1.7,0.0,4.0,5.89,14.0
2003-05-18,19.8,23.8,16.7,20.9,25.6,84,29.8,29.8,0.0,17.0,5.3,11.5
2003-05-19,16.3,17.8,14.8,16.2,17.8,95,26.1,26.1,0.0,24.0,5.0,10.4
2003-05-20,17.1,19.6,14.9,17.8,20.7,94,17.6,17.6,0.0,22.0,3.93,11.6
2003-05-21,19.4,22.0,17.6,20.3,24.0,86,12.9,12.9,0.0,18.0,4.38,12.1
2003-05-22,20.4,24.6,16.8,21.7,25.7,80,2.8,2.8,0.0,5.0,5.02,10.9
2003-05-23,21.7,26.1,17.4,22.5,26.0,72,0.9,0.9,0.0,3.0,4.74,10.2
2003-05-24,22.1,26.5,18.0,23.2,26.3,69,4.6,4.6,0.0,14.0,4.19,9.2
2003-05-25,21.5,24.8,18.7,23.5,29.0,82,13.4,13.4,0.0,22.0,3.35,9.6
2003-05-26,22.6,27.0,19.0,23.3,26.9,70,0.6,0.6,0.0,4.0,5.46,11.9
2003-05-27,22.8,26.9,18.0,23.5,27.5,64,0.0,0.0,0.0,0.0,3.91,7.8
2003-05-28,21.0,23.7,18.5,22.0,25.1,77,12.9,12.9,0.0,14.0,5.05,10.5
2003-05-29,20.3,23.6,17.1,20.5,23.3,73,2.0,2.0,0.0,8.0,3.96,8.2
2003-05-30,20.8,24.2,17.5,21.7,25.0,74,0.5,0.5,0.0,4.0,2.84,6.4
2003-05-31,21.5,24.9,18.5,23.2,27.1,77,6.3,6.3,0.0,17.0,4.31,9.1
2003-06-01,20.8,23.2,18.0,22.6,25.7,84,18.1,18.1,0.0,20.0,3.8,8.5
2003-06-02,20.4,23.5,17.8,22.5,26.9,85,23.5,23.5,0.0,21.0,3.47,8.8
2003-06-03,20.6,25.1,15.1,21.3,24.9,71,0.0,0.0,0.0,0.0,3.22,7.2
2003-06-04,19.4,21.8,17.2,20.6,24.3,82,8.6,8.6,0.0,14.0,3.22,8.7
2003-06-05,19.6,21.4,18.2,21.5,23.8,88,22.3,22.3,0.0,24.0,2.12,7.3
2003-06-06,17.9,19.8,16.7,19.3,21.7,89,18.6,18.6,0.0,19.0,2.02,9.8
2003-06-07,19.4,23.0,16.5,20.7,24.4,83,4.8,4.8,0.0,15.0,4.39,12.3
2003-06-08,20.8,24.2,17.4,22.0,26.0,79,5.2,5.2,0.0,7.0,4.77,12.8
2003-06-09,21.3,24.9,18.4,22.4,25.9,76,6.6,6.6,0.0,10.0,5.12,11.7
2003-06-10,20.4,23.5,17.9,22.6,27.4,85,31.4,31.4,0.0,20.0,2.85,7.6
2003-06-11,18.4,19.2,16.6,18.7,21.4,86,20.5,20.5,0.0,22.0,5.0,10.3
2003-06-12,18.6,21.9,16.7,20.0,24.2,91,14.7,14.7,0.0,23.0,3.14,9.7
2003-06-13,18.6,21.1,16.7,19.2,23.7,83,15.3,15.3,0.0,23.0,5.44,10.9
2003-06-14,19.6,22.7,16.1,19.4,22.9,63,0.0,0.0,0.0,0.0,2.63,6.2
2003-06-15,20.6,23.5,17.8,21.4,25.1,74,7.7,7.7,0.0,13.0,3.58,8.9
2003-06-16,19.4,22.9,17.1,20.6,24.1,86,17.2,17.2,0.0,22.0,3.86,9.3
2003-06-17,18.5,20.8,17.0,19.4,22.2,87,4.7,4.7,0.0,18.0,3.07,7.1
2003-06-18,20.1,23.8,16.9,22.3,27.0,86,10.2,10.2,0.0,18.0,3.86,10.6
2003-06-19,21.4,24.8,18.4,23.4,27.6,82,5.6,5.6,0.0,7.0,4.31,10.8
2003-06-20,21.6,25.0,19.4,23.4,28.1,82,9.1,9.1,0.0,7.0,4.62,11.7
2003-06-21,22.5,25.8,19.1,24.3,28.2,79,0.8,0.8,0.0,5.0,5.23,12.5
2003-06-22,22.5,26.1,20.1,24.4,27.5,77,8.0,8.0,0.0,8.0,3.61,8.6
2003-06-23,21.8,23.5,20.1,23.9,25.9,85,18.1,18.1,0.0,17.0,4.63,10.9
2003-06-24,22.4,24.8,19.9,22.9,25.0,77,1.7,1.7,0.0,10.0,7.13,14.2
2003-06-25,22.7,25.8,20.0,22.4,24.9,73,0.1,0.1,0.0,1.0,8.16,16.1
2003-06-26,21.7,24.1,20.1,23.1,24.8,79,16.7,16.7,0.0,13.0,5.6,11.3
2003-06-27,19.2,20.2,17.3,20.1,22.3,78,8.5,8.5,0.0,19.0,2.69,7.0
2003-06-28,20.4,24.5,16.9,22.3,26.5,81,9.1,9.1,0.0,9.0,3.05,8.0
2003-06-29,22.6,25.7,19.8,23.7,27.2,77,1.4,1.4,0.0,9.0,5.8,13.2
2003-06-30,22.4,25.7,20.1,24.0,27.3,79,10.6,10.6,0.0,16.0,4.52,10.1
2003-07-01,21.9,23.9,20.2,23.6,25.6,83,5.4,5.4,0.0,12.0,4.49,10.7
2003-07-02,21.5,24.3,19.8,22.8,27.1,82,9.9,9.9,0.0,9.0,4.74,11.8
2003-07-03,21.7,25.0,19.2,22.4,25.2,76,1.3,1.3,0.0,7.0,5.74,12.5
2003-07-04,22.3,25.9,19.4,23.4,26.3,75,0.2,0.2,0.0,2.0,5.05,11.0
2003-07-05,22.6,25.8,19.5,24.1,27.6,75,4.9,4.9,0.0,10.0,4.92,11.8
2003-07-06,20.6,23.2,19.5,22.7,24.9,87,12.6,12.6,0.0,21.0,3.45,8.4
2003-07-07,21.0,23.5,19.3,22.3,25.2,83,14.2,14.2,0.0,21.0,4.92,11.5
2003-07-08,21.1,24.6,18.8,22.2,26.1,81,11.5,11.5,0.0,13.0,4.99,11.8
2003-07-09,22.1,26.5,19.0,22.8,26.0,75,0.0,0.0,0.0,0.0,6.26,12.7
2003-07-10,22.7,26.1,19.3,23.3,26.4,74,0.1,0.1,0.0,1.0,6.14,12.4
2003-07-11,22.9,26.5,19.8,23.9,27.1,74,0.4,0.4,0.0,4.0,5.3,10.3
2003-07-12,22.4,25.9,20.1,24.1,27.6,79,5.3,5.3,0.0,9.0,4.22,8.8
2003-07-13,22.2,25.5,19.5,23.6,26.8,78,6.5,6.5,0.0,9.0,4.9,11.0
2003-07-14,22.3,25.8,19.5,23.4,27.1,75,1.2,1.2,0.0,6.0,5.25,11.8
2003-07-15,22.5,26.9,19.7,23.2,27.0,73,0.3,0.3,0.0,2.0,5.92,14.4
2003-07-16,22.8,27.3,19.6,23.7,27.3,72,0.0,0.0,0.0,0.0,5.37,10.8
2003-07-17,23.3,27.7,19.2,25.1,29.4,73,0.4,0.4,0.0,4.0,3.89,8.5
2003-07-18,23.8,27.9,19.9,25.6,30.3,71,0.0,0.0,0.0,0.0,3.98,8.7
2003-07-19,23.0,27.2,20.4,24.8,27.9,75,0.6,0.6,0.0,2.0,4.47,10.6
2003-07-20,21.0,23.8,19.2,23.7,27.4,87,29.2,29.2,0.0,20.0,2.28,8.8
2003-07-21,20.5,23.5,19.1,22.9,26.1,89,24.8,24.8,0.0,24.0,2.75,6.3
2003-07-22,20.5,24.2,18.3,21.6,25.9,84,18.0,18.0,0.0,21.0,4.59,9.8
2003-07-23,20.8,24.3,18.4,21.1,24.0,79,3.8,3.8,0.0,13.0,6.41,13.0
2003-07-24,22.4,27.9,17.9,24.3,29.6,73,0.0,0.0,0.0,0.0,2.69,5.7
2003-07-25,21.9,24.9,19.9,24.0,27.0,80,17.8,17.8,0.0,14.0,2.86,8.7
2003-07-26,19.9,20.8,19.2,21.7,22.5,90,20.7,20.7,0.0,23.0,3.61,8.1
2003-07-27,20.6,22.8,18.8,22.3,25.3,87,0.7,0.7,0.0,5.0,3.75,9.4
2003-07-28,20.6,23.0,19.3,22.3,24.8,87,13.3,13.3,0.0,13.0,4.18,11.1
2003-07-29,20.3,23.4,18.2,22.1,26.4,87,4.1,4.1,0.0,12.0,3.96,9.9
2003-07-30,20.8,25.3,17.3,22.1,25.5,79,0.2,0.2,0.0,2.0,4.02,8.6
2003-07-31,21.9,26.5,18.7,23.5,27.2,80,0.0,0.0,0.0,0.0,4.46,9.4
2003-08-01,23.1,27.8,19.3,25.2,29.0,78,0.1,0.1,0.0,1.0,4.26,8.3
2003-08-02,23.2,27.3,19.9,26.7,33.0,83,4.3,4.3,0.0,5.0,2.64,6.5
2003-08-03,22.9,26.1,20.1,24.7,27.8,74,0.7,0.7,0.0,5.0,3.72,8.1
2003-08-04,22.3,27.5,18.5,24.0,29.3,71,0.0,0.0,0.0,0.0,2.5,6.0
2003-08-05,23.2,28.8,18.3,25.1,31.3,70,0.0,0.0,0.0,0.0,2.6,6.8
2003-08-06,23.9,28.7,19.2,26.4,32.1,72,0.3,0.3,0.0,2.0,2.3,5.7
2003-08-07,23.3,27.0,20.3,26.4,31.5,77,7.4,7.4,0.0,14.0,1.7,5.4
2003-08-08,23.2,28.0,19.9,26.1,30.7,79,4.9,4.9,0.0,13.0,2.64,6.5
2003-08-09,23.7,27.5,21.0,27.2,32.9,82,8.0,8.0,0.0,11.0,2.31,5.8
2003-08-10,22.8,26.8,19.6,26.0,30.7,83,9.3,9.3,0.0,17.0,2.13,7.2
2003-08-11,21.3,24.1,19.5,23.1,25.5,84,7.0,7.0,0.0,16.0,3.98,9.3
2003-08-12,20.8,23.7,19.1,22.7,25.9,87,9.0,9.0,0.0,14.0,3.24,7.3
2003-08-13,22.5,26.4,19.5,24.4,27.5,77,2.2,2.2,0.0,12.0,3.49,8.0
2003-08-14,22.8,26.4,19.8,24.9,29.1,79,0.8,0.8,0.0,4.0,4.58,9.4
2003-08-15,22.0,26.8,17.7,23.8,29.0,80,13.7,13.7,0.0,11.0,5.46,11.3
2003-08-16,20.1,23.6,17.6,20.4,24.4,74,1.5,1.5,0.0,10.0,3.7,9.9
2003-08-17,20.0,21.8,18.2,20.2,21.1,76,0.2,0.2,0.0,1.0,4.55,9.0
2003-08-18,20.2,23.4,18.2,21.2,24.0,79,1.2,1.2,0.0,8.0,3.89,7.7
2003-08-19,20.9,24.5,18.1,22.8,25.6,79,1.1,1.1,0.0,8.0,2.24,5.4
2003-08-20,22.0,26.3,17.9,23.8,28.0,75,1.7,1.7,0.0,9.0,2.55,6.5
2003-08-21,22.7,26.7,19.2,25.2,30.2,78,7.4,7.4,0.0,12.0,3.04,6.8
2003-08-22,22.2,26.6,18.9,24.9,30.7,81,18.2,18.2,0.0,16.0,2.46,6.2
2003-08-23,21.3,25.2,18.9,23.6,30.2,83,6.4,6.4,0.0,14.0,3.38,8.0
2003-08-24,21.5,25.3,19.0,23.1,26.6,78,2.2,2.2,0.0,9.0,3.71,8.1
2003-08-25,22.3,27.6,17.7,24.2,29.8,73,1.2,1.2,0.0,3.0,2.67,6.1
2003-08-26,21.9,25.9,18.8,23.4,28.6,74,2.8,2.8,0.0,6.0,3.47,7.2
2003-08-27,20.5,23.1,18.9,22.3,25.2,85,14.1,14.1,0.0,16.0,4.57,8.8
2003-08-28,20.6,23.2,18.6,22.2,25.0,86,7.9,7.9,0.0,11.0,4.22,9.5
2003-08-29,21.1,24.0,18.9,22.6,25.6,83,4.4,4.4,0.0,11.0,4.44,10.6
2003-08-30,20.7,23.2,19.1,22.1,25.0,84,13.7,13.7,0.0,12.0,4.53,10.4
2003-08-31,20.5,22.7,18.7,22.0,24.6,86,9.1,9.1,0.0,20.0,4.0,10.8
2003-09-01,20.9,23.6,19.0,22.4,25.1,83,9.2,9.2,0.0,15.0,3.83,8.5
2003-09-02,17.8,19.3,15.7,17.0,20.5,80,17.7,17.7,0.0,11.0,5.19,11.1
2003-09-03,19.1,23.8,14.0,18.8,24.6,69,0.0,0.0,0.0,0.0,4.11,8.5
2003-09-04,17.5,18.4,15.9,17.7,19.0,86,10.5,10.5,0.0,13.0,4.3,8.9
2003-09-05,19.2,22.2,17.0,20.4,23.8,85,5.6,5.6,0.0,13.0,3.13,6.7
2003-09-06,20.1,24.0,17.6,22.2,27.5,85,10.3,10.3,0.0,16.0,3.06,6.9
2003-09-07,20.1,22.9,18.3,21.9,24.9,84,4.1,4.1,0.0,14.0,3.32,8.0
2003-09-08,19.0,23.1,16.7,19.3,23.8,81,7.4,7.4,0.0,12.0,4.77,9.1
2003-09-09,17.8,20.6,16.0,16.9,19.3,80,4.6,4.6,0.0,9.0,5.2,10.7
2003-09-10,17.5,20.5,15.1,17.0,19.6,78,0.2,0.2,0.0,1.0,4.28,9.0
2003-09-11,18.9,22.9,15.6,19.7,23.0,79,0.2,0.2,0.0,2.0,2.64,6.1
2003-09-12,19.6,23.0,16.9,20.7,23.8,80,5.0,5.0,0.0,9.0,3.64,8.1
2003-09-13,19.7,22.1,17.8,21.1,24.4,83,7.4,7.4,0.0,18.0,2.95,7.5
2003-09-14,20.1,23.6,17.0,21.4,23.9,79,2.3,2.3,0.0,9.0,3.76,7.8
2003-09-15,20.8,24.7,17.9,22.8,27.4,79,8.8,8.8,0.0,13.0,4.0,9.1
2003-09-16,21.2,25.1,18.1,23.0,26.8,79,11.0,11.0,0.0,9.0,4.29,10.0
2003-09-17,21.5,26.1,18.3,23.2,27.8,80,2.1,2.1,0.0,7.0,3.97,9.7
2003-09-18,21.1,24.8,18.6,23.2,27.1,84,5.1,5.1,0.0,13.0,3.2,8.3
2003-09-19,21.1,26.2,17.5,23.0,27.1,81,3.2,3.2,0.0,7.0,3.4,7.4
2003-09-20,20.1,23.8,17.9,22.0,27.2,85,10.7,10.7,0.0,16.0,2.47,6.8
2003-09-21,18.1,20.4,16.1,19.0,21.1,88,14.0,14.0,0.0,24.0,3.45,8.7
2003-09-22,16.1,17.3,14.9,16.9,18.5,93,10.1,10.1,0.0,19.0,2.56,6.6
2003-09-23,18.2,22.2,14.6,19.2,24.5,81,0.9,0.9,0.0,4.0,2.57,4.6
2003-09-24,19.6,25.1,15.8,20.4,25.0,76,0.0,0.0,0.0,0.0,2.83,6.4
2003-09-25,19.5,25.8,14.5,19.7,25.7,68,0.0,0.0,0.0,0.0,2.91,6.9
2003-09-26,19.5,25.2,14.6,19.4,25.7,67,0.1,0.1,0.0,1.0,3.98,8.6
2003-09-27,20.1,25.0,16.2,20.3,24.8,73,0.0,0.0,0.0,0.0,4.69,9.8
2003-09-28,20.8,24.8,17.8,21.8,25.1,78,0.0,0.0,0.0,0.0,4.31,8.9
2003-09-29,20.5,24.0,18.4,22.1,26.0,84,9.1,9.1,0.0,10.0,4.24,9.5
2003-09-30,20.8,24.7,17.7,22.1,25.5,81,4.2,4.2,0.0,14.0,4.04,9.3
2003-10-01,20.4,24.0,18.1,21.6,25.9,83,4.9,4.9,0.0,9.0,4.88,10.5
2003-10-02,19.7,23.8,17.3,20.7,25.1,82,3.5,3.5,0.0,11.0,4.9,11.0
2003-10-03,19.2,23.1,15.4,19.2,22.6,71,0.0,0.0,0.0,0.0,4.0,8.6
2003-10-04,18.4,21.9,14.7,18.0,20.5,74,0.0,0.0,0.0,0.0,4.43,9.7
2003-10-05,17.8,21.5,14.7,17.8,20.6,78,0.7,0.7,0.0,5.0,3.79,8.4
2003-10-06,17.6,22.5,15.0,17.5,21.7,78,0.4,0.4,0.0,3.0,3.91,8.6
2003-10-07,18.9,24.0,14.9,19.0,23.1,77,0.0,0.0,0.0,0.0,5.0,10.5
2003-10-08,20.7,25.6,16.9,20.6,24.5,73,0.0,0.0,0.0,0.0,6.24,12.5
2003-10-09,21.1,25.0,18.2,21.4,24.4,72,0.0,0.0,0.0,0.0,5.81,12.3
2003-10-10,21.0,24.6,18.4,21.0,23.6,74,0.0,0.0,0.0,0.0,6.94,14.6
2003-10-11,21.1,24.6,18.3,21.2,24.1,76,0.0,0.0,0.0,0.0,6.0,13.0
2003-10-12,20.5,25.4,16.3,21.1,25.4,76,0.3,0.3,0.0,3.0,4.52,9.1
2003-10-13,19.1,23.1,15.1,20.0,24.7,85,4.3,4.3,0.0,12.0,4.4,9.1
2003-10-14,14.6,15.8,13.4,12.9,13.8,85,2.6,2.6,0.0,7.0,5.22,9.8
2003-10-15,14.3,16.7,12.2,13.4,16.8,82,0.0,0.0,0.0,0.0,3.85,7.3
2003-10-16,16.4,19.6,13.9,16.0,19.3,80,0.1,0.1,0.0,1.0,3.2,6.9
2003-10-17,17.5,20.9,15.5,17.5,20.4,81,1.7,1.7,0.0,9.0,4.07,8.5
2003-10-18,17.3,20.4,15.4,17.4,20.0,87,6.5,6.5,0.0,18.0,4.03,8.7
2003-10-19,16.9,19.6,14.8,16.8,19.3,87,5.1,5.1,0.0,18.0,4.88,9.9
2003-10-20,14.4,16.8,12.4,13.6,17.2,87,6.9,6.9,0.0,9.0,4.61,9.7
2003-10-21,16.2,20.5,13.5,16.2,20.4,86,3.8,3.8,0.0,16.0,2.8,7.0
2003-10-22,17.5,21.4,15.0,17.9,21.7,83,5.0,5.0,0.0,19.0,2.7,8.4
2003-10-23,16.8,21.2,14.1,17.0,21.7,87,5.5,5.5,0.0,15.0,3.36,9.4
2003-10-24,17.8,22.2,15.0,18.3,23.4,84,5.1,5.1,0.0,15.0,3.7,9.8
2003-10-25,17.7,21.4,15.0,18.1,22.3,83,13.4,13.4,0.0,18.0,3.36,8.4
2003-10-26,15.4,17.1,14.1,15.7,17.5,94,7.9,7.9,0.0,23.0,3.18,7.5
2003-10-27,16.8,19.9,13.7,17.2,22.0,88,17.7,17.7,0.0,18.0,4.44,9.9
2003-10-28,15.4,19.8,13.1,15.3,19.3,87,0.9,0.9,0.0,6.0,3.81,7.9
2003-10-29,17.5,21.7,14.4,17.7,22.1,80,7.7,7.7,0.0,18.0,3.07,7.3
2003-10-30,14.3,16.3,12.5,13.4,15.0,85,4.5,4.5,0.0,11.0,3.31,7.9
2003-10-31,15.1,20.3,10.6,14.7,18.8,76,0.2,0.2,0.0,1.0,2.11,5.7
2003-11-01,15.4,19.9,11.7,14.9,18.1,79,1.5,1.5,0.0,6.0,4.24,10.3
2003-11-02,15.3,21.1,10.2,14.4,19.6,77,0.0,0.0,0.0,0.0,3.91,8.9
2003-11-03,14.9,18.6,11.3,14.3,17.7,80,2.1,2.1,0.0,7.0,3.06,7.9
2003-11-04,16.0,21.4,12.2,14.7,19.0,72,0.0,0.0,0.0,0.0,5.32,11.2
2003-11-05,15.4,21.5,10.2,14.2,20.3,73,0.0,0.0,0.0,0.0,4.6,9.5
2003-11-06,15.6,21.2,10.8,13.4,18.1,67,0.0,0.0,0.0,0.0,6.85,13.9
2003-11-07,15.7,20.4,11.6,13.3,17.7,63,0.0,0.0,0.0,0.0,6.48,13.2
2003-11-08,15.3,21.2,10.2,13.6,19.3,69,0.0,0.0,0.0,0.0,5.0,10.0
2003-11-09,15.0,20.9,10.4,13.3,18.5,71,0.0,0.0,0.0,0.0,5.22,11.2
2003-11-10,14.1,19.4,9.9,12.6,17.0,76,0.2,0.2,0.0,1.0,4.46,9.6
2003-11-11,13.0,18.5,9.9,11.7,17.1,83,0.1,0.1,0.0,1.0,3.37,7.5
2003-11-12,11.5,15.6,8.1,9.8,14.2,84,0.4,0.4,0.0,3.0,3.69,7.2
2003-11-13,13.3,19.4,8.9,11.3,16.7,71,0.0,0.0,0.0,0.0,5.06,10.6
2003-11-14,14.4,21.6,8.8,12.3,19.0,67,0.0,0.0,0.0,0.0,5.12,11.3
2003-11-15,13.6,20.7,8.3,12.3,19.0,71,0.0,0.0,0.0,0.0,3.08,6.9
2003-11-16,14.4,21.6,9.3,12.8,19.4,69,0.0,0.0,0.0,0.0,3.83,8.4
2003-11-17,14.2,21.3,9.0,12.3,18.4,70,0.0,0.0,0.0,0.0,4.6,9.9
2003-11-18,14.7,21.6,8.9,12.5,18.4,67,0.0,0.0,0.0,0.0,5.66,11.9
2003-11-19,15.1,22.5,8.9,12.3,18.3,60,0.0,0.0,0.0,0.0,6.61,13.6
2003-11-20,14.1,20.4,8.8,12.3,18.1,59,0.0,0.0,0.0,0.0,3.23,6.5
2003-11-21,12.5,16.6,8.6,10.8,14.6,80,1.2,1.2,0.0,7.0,4.51,9.7
2003-11-22,11.5,16.6,8.1,9.7,14.5,81,0.0,0.0,0.0,0.0,4.08,9.1
2003-11-23,13.6,18.2,10.0,11.3,14.8,74,0.1,0.1,0.0,1.0,6.84,13.7
2003-11-24,13.3,18.2,9.0,11.3,15.8,74,0.0,0.0,0.0,0.0,4.7,9.6
2003-11-25,13.8,17.8,9.9,12.0,14.9,76,0.7,0.7,0.0,5.0,5.87,11.6
2003-11-26,9.9,11.6,8.2,7.5,10.5,82,0.2,0.2,0.0,1.0,4.61,9.8
2003-11-27,11.3,15.9,8.1,9.4,13.0,82,0.1,0.1,0.0,1.0,5.17,11.0
2003-11-28,11.5,18.0,6.8,9.5,15.6,80,0.7,0.7,0.0,5.0,4.47,9.8
2003-11-29,7.7,10.5,5.1,5.2,8.8,87,0.0,0.0,0.0,0.0,4.47,8.2
2003-11-30,11.9,17.9,7.8,9.6,14.5,75,0.0,0.0,0.0,0.0,5.51,11.9
2003-12-01,11.5,17.1,7.1,9.5,14.6,76,0.0,0.0,0.0,0.0,3.09,7.6
2003-12-02,11.9,17.8,7.6,9.4,14.8,73,0.0,0.0,0.0,0.0,5.17,10.9
2003-12-03,12.1,18.6,7.1,9.5,14.9,72,0.1,0.1,0.0,1.0,5.92,12.3
2003-12-04,12.7,18.5,7.2,10.2,15.3,68,0.0,0.0,0.0,0.0,5.4,11.1
2003-12-05,12.4,17.6,8.5,9.8,14.6,67,0.0,0.0,0.0,0.0,4.66,9.9
2003-12-06,11.5,15.9,7.2,9.2,12.5,74,0.7,0.7,0.0,4.0,4.72,10.4
2003-12-07,11.3,13.5,9.5,10.0,11.9,89,21.1,21.1,0.0,23.0,4.0,12.8
2003-12-08,11.6,15.6,9.1,10.2,14.2,88,9.8,9.8,0.0,17.0,3.66,11.9
2003-12-09,11.0,14.5,7.8,9.2,12.5,86,4.2,4.2,0.0,10.0,4.65,12.7
2003-12-10,11.6,14.6,9.6,10.1,12.4,86,9.4,9.4,0.0,20.0,4.32,13.1
2003-12-11,10.7,13.2,8.9,9.6,12.7,92,9.4,9.4,0.0,19.0,3.19,9.6
2003-12-12,11.4,15.9,8.4,9.7,13.4,79,0.6,0.6,0.0,5.0,3.62,8.0
2003-12-13,10.7,16.4,7.1,8.9,13.9,79,0.0,0.0,0.0,0.0,2.92,6.4
2003-12-14,10.5,16.2,7.3,8.5,13.7,81,0.0,0.0,0.0,0.0,3.22,7.1
2003-12-15,9.8,14.9,6.8,7.9,12.7,83,0.0,0.0,0.0,0.0,2.72,5.9
2003-12-16,8.9,12.2,6.4,7.0,10.1,86,0.0,0.0,0.0,0.0,2.72,6.1
2003-12-17,11.2,16.5,7.5,9.1,13.8,81,0.0,0.0,0.0,0.0,5.1,11.0
2003-12-18,9.9,16.0,5.4,7.6,14.7,85,0.0,0.0,0.0,0.0,5.9,11.5
2003-12-19,4.6,6.6,3.2,0.7,3.9,79,0.0,0.0,0.0,0.0,5.8,11.5
2003-12-20,8.3,12.6,6.0,6.1,10.2,81,0.0,0.0,0.0,0.0,3.72,7.6
2003-12-21,10.9,15.6,7.9,9.2,13.2,84,0.1,0.1,0.0,1.0,4.34,9.3
2003-12-22,11.0,17.2,6.4,8.6,14.0,77,0.0,0.0,0.0,0.0,5.2,11.3
2003-12-23,11.5,18.2,6.2,8.8,14.4,70,0.0,0.0,0.0,0.0,5.38,11.4
2003-12-24,11.1,18.1,5.8,8.1,14.2,65,0.0,0.0,0.0,0.0,5.37,11.1
2003-12-25,11.3,17.5,6.5,8.8,14.1,64,0.0,0.0,0.0,0.0,4.56,9.6
2003-12-26,7.4,9.8,4.9,5.1,7.3,90,0.0,0.0,0.0,0.0,3.05,7.0
2003-12-27,10.3,15.5,7.4,8.1,12.7,84,0.1,0.1,0.0,1.0,5.51,11.2
2003-12-28,11.7,17.4,7.8,9.4,14.1,79,0.0,0.0,0.0,0.0,6.23,12.5
2003-12-29,11.7,15.0,8.8,9.3,11.5,82,0.4,0.4,0.0,3.0,7.64,15.0
2003-12-30,10.9,15.7,6.5,8.3,12.6,70,1.1,1.1,0.0,3.0,4.0,12.8
2003-12-31,10.5,17.0,5.3,7.6,12.8,66,0.0,0.0,0.0,0.0,6.0,12.4
2004-01-01,11.0,17.8,6.0,8.2,13.8,65,0.0,0.0,0.0,0.0,4.91,10.4
2004-01-02,10.8,16.4,6.5,7.8,11.8,70,0.0,0.0,0.0,0.0,6.54,13.5
2004-01-03,11.9,17.8,6.9,8.4,12.9,57,0.0,0.0,0.0,0.0,6.72,14.0
2004-01-04,11.3,18.2,6.2,7.8,13.4,58,0.0,0.0,0.0,0.0,5.92,12.4
2004-01-05,11.5,18.4,6.2,8.0,14.2,55,0.0,0.0,0.0,0.0,5.41,11.6
2004-01-06,11.3,19.4,4.5,8.1,15.0,57,0.0,0.0,0.0,0.0,4.89,10.2
2004-01-07,12.4,19.5,6.8,9.0,15.4,52,0.0,0.0,0.0,0.0,5.57,11.7
2004-01-08,12.3,18.2,8.1,9.3,14.8,60,0.0,0.0,0.0,0.0,5.6,11.6
2004-01-09,10.1,12.6,6.1,7.9,10.9,83,19.4,19.4,0.0,17.0,5.24,14.4
2004-01-10,8.5,15.6,3.4,5.7,12.7,74,0.0,0.0,0.0,0.0,3.91,9.6
2004-01-11,9.4,17.3,3.1,6.8,13.4,71,0.0,0.0,0.0,0.0,4.21,9.1
2004-01-12,10.7,17.4,5.7,8.2,13.8,67,0.7,0.7,0.0,2.0,4.84,10.4
2004-01-13,10.8,15.9,7.5,8.0,12.3,74,6.9,6.9,0.0,14.0,7.18,14.7
2004-01-14,10.9,15.4,7.2,7.7,11.1,72,0.0,0.0,0.0,0.0,7.55,15.7
2004-01-15,11.3,15.7,7.9,7.6,9.8,65,0.4,0.4,0.0,3.0,9.01,18.3
2004-01-16,10.2,16.3,5.0,7.0,13.0,60,0.0,0.0,0.0,0.0,4.83,9.8
2004-01-17,10.3,15.2,5.7,6.5,10.5,61,0.0,0.0,0.0,0.0,7.24,15.2
2004-01-18,10.7,14.6,7.1,7.4,10.3,59,0.0,0.0,0.0,0.0,5.51,11.4
2004-01-19,10.6,16.8,5.6,7.0,11.7,64,0.3,0.3,0.0,2.0,8.23,16.7
2004-01-20,11.3,16.2,7.5,8.0,11.7,60,0.3,0.3,0.0,1.0,5.16,10.5
2004-01-21,5.4,9.0,2.4,2.3,6.1,87,0.9,0.8,0.14,4.0,3.72,7.5
2004-01-22,9.7,14.4,5.1,6.4,10.4,77,0.0,0.0,0.0,0.0,8.05,15.9
2004-01-23,5.5,8.6,3.2,2.1,6.5,85,0.1,0.1,0.0,1.0,4.3,9.5
2004-01-24,4.2,7.5,1.9,0.6,4.1,83,0.0,0.0,0.07,0.0,4.22,8.2
2004-01-25,9.0,12.7,5.6,5.9,8.5,81,0.0,0.0,0.0,0.0,7.88,15.8
2004-01-26,11.0,15.5,7.4,8.1,11.3,74,0.1,0.1,0.0,1.0,6.56,15.8
2004-01-27,9.1,10.8,7.4,7.1,9.6,89,11.7,11.7,0.0,20.0,4.63,13.2
2004-01-28,9.8,14.5,6.0,5.9,9.3,67,1.6,1.6,0.0,4.0,8.52,17.7
2004-01-29,9.7,17.0,3.4,6.0,12.5,55,0.0,0.0,0.0,0.0,4.63,10.5
2004-01-30,10.8,17.6,4.0,6.9,12.5,52,0.0,0.0,0.0,0.0,7.02,14.4
2004-01-31,12.4,19.0,6.4,8.3,13.7,46,0.0,0.0,0.0,0.0,7.07,14.4
2004-02-01,13.1,19.6,5.5,8.7,14.3,46,0.0,0.0,0.0,0.0,8.25,16.8
2004-02-02,13.7,18.4,7.5,9.4,13.5,49,0.0,0.0,0.0,0.0,10.02,20.2
2004-02-03,13.3,17.8,9.1,9.4,11.9,57,0.9,0.9,0.0,4.0,8.92,17.8
2004-02-04,9.4,11.6,5.5,7.6,10.4,86,11.9,11.9,0.0,23.0,2.91,14.3
2004-02-05,5.7,9.2,3.0,2.5,5.8,85,0.0,0.0,0.07,0.0,3.91,9.1
2004-02-06,5.0,6.4,3.3,1.7,3.6,87,4.9,3.3,1.12,16.0,4.64,9.3
2004-02-07,2.7,4.2,1.5,-0.6,1.2,90,12.5,2.2,7.21,24.0,3.45,10.1
2004-02-08,4.5,9.8,0.6,1.5,6.7,77,0.7,0.0,0.63,7.0,3.88,9.2
2004-02-09,8.0,16.4,1.1,5.3,12.5,68,0.0,0.0,0.0,0.0,4.04,8.7
2004-02-10,9.8,15.5,3.9,7.0,12.5,73,0.0,0.0,0.0,0.0,6.17,12.8
2004-02-11,11.8,18.6,6.7,9.3,14.9,69,0.0,0.0,0.0,0.0,4.72,10.9
2004-02-12,8.0,9.9,5.5,5.1,6.9,83,0.0,0.0,0.0,0.0,5.0,9.6
2004-02-13,9.5,16.6,4.7,6.3,12.4,60,0.0,0.0,0.0,0.0,4.7,9.5
2004-02-14,11.1,18.9,3.6,8.2,16.4,61,0.0,0.0,0.0,0.0,5.01,10.5
2004-02-15,12.5,19.3,6.9,8.8,14.3,55,0.0,0.0,0.0,0.0,6.99,14.2
2004-02-16,13.2,19.6,7.3,9.9,16.7,52,0.0,0.0,0.0,0.0,4.83,10.0
2004-02-17,10.2,13.8,6.1,8.5,11.9,85,7.6,7.6,0.0,15.0,4.34,11.5
2004-02-18,11.2,18.2,5.8,9.1,15.4,71,0.0,0.0,0.0,0.0,4.46,9.8
2004-02-19,13.0,19.3,7.7,9.6,14.6,58,0.0,0.0,0.0,0.0,7.79,15.4
2004-02-20,13.6,18.9,8.9,9.9,14.2,54,0.0,0.0,0.0,0.0,8.57,17.1
2004-02-21,13.9,21.0,8.5,10.5,16.8,49,0.0,0.0,0.0,0.0,5.81,12.0
2004-02-22,13.1,19.3,5.5,10.2,14.9,59,0.0,0.0,0.0,0.0,6.38,13.4
2004-02-23,13.9,18.2,9.1,11.6,15.8,72,1.0,1.0,0.0,4.0,7.07,15.0
2004-02-24,14.5,21.6,8.6,12.3,19.5,58,0.0,0.0,0.0,0.0,4.15,9.0
2004-02-25,14.5,21.7,8.6,12.1,18.0,60,0.0,0.0,0.0,0.0,4.49,10.4
2004-02-26,15.3,23.1,9.0,12.7,19.8,54,0.0,0.0,0.0,0.0,6.03,12.1
2004-02-27,15.7,21.0,9.5,12.0,16.8,52,0.0,0.0,0.0,0.0,8.77,17.6
2004-02-28,18.0,22.1,13.4,13.9,18.0,43,0.0,0.0,0.0,0.0,8.86,18.0
2004-02-29,17.7,21.7,13.3,13.5,17.3,41,0.0,0.0,0.0,0.0,8.67,17.7
2004-03-01,17.4,23.0,11.4,13.0,17.6,37,0.0,0.0,0.0,0.0,8.3,17.7
2004-03-02,17.2,23.4,11.2,13.5,19.0,39,0.0,0.0,0.0,0.0,7.11,14.8
2004-03-03,9.1,16.5,6.1,4.6,13.4,63,0.0,0.0,0.0,0.0,7.24,15.6
2004-03-04,11.3,18.7,6.0,8.4,14.8,65,0.0,0.0,0.0,0.0,7.12,14.7
2004-03-05,11.0,16.1,7.4,8.8,13.6,81,1.0,1.0,0.0,4.0,4.7,10.0
2004-03-06,8.7,10.8,6.6,5.9,7.9,85,0.6,0.6,0.0,5.0,4.12,8.6
2004-03-07,8.7,10.0,7.3,6.1,7.6,87,1.6,1.6,0.0,12.0,3.83,8.2
2004-03-08,10.8,15.0,8.6,9.3,13.5,81,0.0,0.0,0.0,0.0,2.55,5.5
2004-03-09,15.4,24.6,7.6,13.5,20.7,66,0.0,0.0,0.0,0.0,5.84,13.0
2004-03-10,20.2,28.6,12.6,17.2,24.0,42,0.0,0.0,0.0,0.0,6.5,13.4
2004-03-11,19.8,24.7,15.3,16.2,19.3,42,0.0,0.0,0.0,0.0,9.18,18.8
2004-03-12,18.8,25.9,11.6,15.6,21.7,44,0.0,0.0,0.0,0.0,7.34,15.1
2004-03-13,18.6,25.7,11.8,14.8,20.9,37,0.0,0.0,0.0,0.0,7.62,15.9
2004-03-14,18.3,27.0,11.1,15.8,22.7,41,0.0,0.0,0.0,0.0,4.55,10.1
2004-03-15,19.2,25.4,13.5,17.0,21.4,59,0.3,0.3,0.0,2.0,8.57,17.6
2004-03-16,20.3,27.6,14.4,17.9,22.2,52,0.0,0.0,0.0,0.0,7.45,16.6
2004-03-17,18.0,23.7,13.0,16.3,21.5,56,0.5,0.5,0.0,3.0,5.47,11.3
2004-03-18,17.7,25.1,11.3,15.8,21.2,57,0.7,0.7,0.0,3.0,5.94,12.7
2004-03-19,19.6,26.2,13.0,17.0,22.5,52,0.0,0.0,0.0,0.0,7.58,16.2
2004-03-20,19.4,24.8,13.7,16.3,20.2,45,0.0,0.0,0.0,0.0,8.39,17.2
2004-03-21,19.1,24.1,14.6,17.0,20.1,51,0.3,0.3,0.0,3.0,6.18,13.1
2004-03-22,19.2,25.1,13.1,16.6,20.8,54,0.0,0.0,0.0,0.0,8.15,17.4
2004-03-23,20.3,26.2,14.3,17.4,21.4,47,0.0,0.0,0.0,0.0,7.89,16.1
2004-03-24,21.8,27.4,16.8,18.2,23.3,38,0.0,0.0,0.0,0.0,8.54,17.4
2004-03-25,21.3,27.7,15.6,18.4,23.9,37,0.0,0.0,0.0,0.0,7.71,16.1
2004-03-26,20.3,27.7,12.5,17.1,21.7,42,0.0,0.0,0.0,0.0,8.73,18.1
2004-03-27,22.2,28.1,16.7,17.9,22.8,25,0.0,0.0,0.0,0.0,7.75,16.5
2004-03-28,21.9,26.8,17.3,17.6,22.5,29,0.0,0.0,0.0,0.0,9.01,19.1
2004-03-29,20.4,26.2,15.6,17.0,20.5,37,0.2,0.2,0.0,1.0,8.56,18.0
2004-03-30,19.5,26.3,12.4,16.3,20.4,48,0.0,0.0,0.0,0.0,9.23,19.8
2004-03-31,19.2,24.3,15.2,15.0,19.1,36,0.2,0.2,0.0,1.0,9.44,21.5
2004-04-01,16.4,21.3,11.9,13.2,17.4,46,0.0,0.0,0.0,0.0,5.5,12.1
2004-04-02,14.6,18.7,11.1,13.0,15.9,72,8.7,8.7,0.0,16.0,4.63,12.0
2004-04-03,14.6,19.5,10.8,13.7,19.4,78,10.6,10.6,0.0,12.0,3.93,8.4
2004-04-04,14.8,19.4,11.5,13.7,18.9,81,15.7,15.7,0.0,17.0,4.53,13.6
2004-04-05,16.3,22.3,11.9,15.3,21.1,74,6.5,6.5,0.0,7.0,5.73,13.7
2004-04-06,16.5,22.5,10.9,15.7,21.3,72,2.6,2.6,0.0,7.0,5.56,12.0
2004-04-07,14.1,16.4,10.7,11.1,14.0,66,2.6,2.6,0.0,5.0,6.77,13.9
2004-04-08,10.2,11.0,8.8,7.8,9.4,86,7.6,7.6,0.0,15.0,5.39,12.0
2004-04-09,14.3,18.8,10.9,12.5,16.0,78,0.3,0.3,0.0,2.0,6.3,15.1
2004-04-10,16.7,21.6,12.9,14.7,18.4,68,0.2,0.2,0.0,1.0,7.56,15.4
2004-04-11,18.4,23.0,14.6,16.2,19.8,63,0.1,0.1,0.0,1.0,7.45,15.1
2004-04-12,18.6,24.4,14.3,17.4,22.3,61,2.7,2.7,0.0,4.0,5.65,12.9
2004-04-13,17.0,21.9,13.8,16.6,21.6,73,25.4,25.4,0.0,14.0,3.58,11.7
2004-04-14,16.0,20.3,12.4,15.2,19.5,79,17.7,17.7,0.0,13.0,5.66,14.4
2004-04-15,10.8,14.0,8.7,9.0,13.9,89,17.7,17.7,0.0,22.0,4.05,12.7
2004-04-16,11.4,14.9,9.6,10.3,14.4,90,16.8,16.8,0.0,21.0,2.2,11.5
2004-04-17,13.6,20.0,9.0,11.8,17.0,73,12.6,12.6,0.0,7.0,5.15,11.6
2004-04-18,14.7,17.4,12.2,14.8,18.0,82,11.5,11.5,0.0,20.0,1.63,9.7
2004-04-19,17.6,23.7,13.4,17.2,22.0,70,1.0,1.0,0.0,3.0,3.82,9.3
2004-04-20,18.5,23.7,14.3,17.3,22.5,64,0.0,0.0,0.0,0.0,6.05,13.0
2004-04-21,19.0,24.6,14.8,17.9,22.6,62,0.0,0.0,0.0,0.0,5.47,11.7
2004-04-22,19.7,25.2,15.5,18.8,24.8,61,0.0,0.0,0.0,0.0,5.06,10.8
2004-04-23,21.1,27.0,15.9,19.7,25.4,56,0.0,0.0,0.0,0.0,6.67,14.2
2004-04-24,21.4,27.0,16.5,20.1,25.7,53,0.5,0.5,0.0,2.0,6.45,13.7
2004-04-25,22.6,27.8,17.9,20.3,25.3,46,0.0,0.0,0.0,0.0,8.66,17.7
2004-04-26,21.2,25.7,17.4,20.0,25.7,48,0.7,0.7,0.0,3.0,5.32,10.5
2004-04-27,19.8,24.9,15.5,19.6,26.7,61,11.5,11.5,0.0,10.0,2.91,9.4
2004-04-28,19.4,22.7,17.0,18.3,20.7,67,1.6,1.6,0.0,3.0,6.69,14.3
2004-04-29,20.4,25.6,16.4,18.9,23.8,62,0.0,0.0,0.0,0.0,7.06,15.2
2004-04-30,21.0,27.0,16.0,19.8,25.0,59,0.0,0.0,0.0,0.0,7.05,14.9
2004-05-01,22.0,27.6,17.0,20.0,24.5,49,0.0,0.0,0.0,0.0,7.62,15.9
2004-05-02,23.3,28.7,19.2,20.6,24.6,41,0.0,0.0,0.0,0.0,8.01,16.7
2004-05-03,24.1,30.4,19.2,21.4,26.6,32,0.2,0.2,0.0,1.0,6.15,12.3
2004-05-04,16.8,20.7,12.3,14.2,19.2,59,0.4,0.4,0.0,2.0,5.38,12.6
2004-05-05,15.5,19.0,11.9,13.4,18.0,65,4.1,4.1,0.0,11.0,4.92,9.9
2004-05-06,18.9,23.0,15.6,17.6,20.7,64,0.2,0.2,0.0,1.0,6.25,12.4
2004-05-07,18.1,23.0,10.3,17.0,22.4,68,11.0,11.0,0.0,5.0,6.3,14.2
2004-05-08,18.4,28.2,10.6,17.5,25.7,61,0.2,0.2,0.0,1.0,4.9,10.8
2004-05-09,22.0,28.1,16.9,20.7,26.3,54,0.0,0.0,0.0,0.0,7.27,15.2
2004-05-10,23.5,28.3,19.4,21.6,25.6,47,0.0,0.0,0.0,0.0,7.67,15.9
2004-05-11,23.0,28.0,19.1,21.7,26.7,52,0.1,0.1,0.0,1.0,7.02,14.6
2004-05-12,20.2,25.8,17.3,21.4,29.4,73,19.0,19.0,0.0,12.0,2.48,8.0
2004-05-13,19.3,23.2,16.6,20.1,23.8,81,16.3,16.3,0.0,21.0,4.4,11.5
2004-05-14,21.3,25.5,18.1,21.5,25.1,72,1.3,1.3,0.0,8.0,5.6,12.6
2004-05-15,21.2,25.2,18.5,22.3,26.3,77,19.3,19.3,0.0,17.0,4.41,11.3
2004-05-16,16.5,19.0,14.4,15.0,19.8,79,10.5,10.5,0.0,15.0,6.75,13.7
2004-05-17,15.8,19.8,13.3,14.7,19.3,77,0.0,0.0,0.0,0.0,4.5,8.3
2004-05-18,16.8,21.2,12.2,16.5,22.5,83,24.0,24.0,0.0,17.0,6.32,12.9
2004-05-19,11.1,12.0,10.5,9.1,10.2,81,24.7,24.7,0.0,24.0,4.86,11.0
2004-05-20,12.4,14.8,10.6,11.3,13.9,85,20.7,20.7,0.0,21.0,4.38,9.6
2004-05-21,16.4,24.3,9.3,16.0,25.5,70,0.0,0.0,0.0,0.0,2.65,5.5
2004-05-22,19.1,24.0,14.9,19.4,24.8,71,5.6,5.6,0.0,6.0,3.8,8.4
2004-05-23,19.3,22.5,16.9,20.1,23.6,81,22.0,22.0,0.0,22.0,3.96,9.9
2004-05-24,19.5,22.1,16.5,20.3,22.8,82,6.6,6.6,0.0,23.0,4.4,10.0
2004-05-25,20.4,24.1,17.3,21.1,25.6,78,10.9,10.9,0.0,14.0,4.68,11.4
2004-05-26,21.8,26.3,17.7,22.0,26.4,69,0.1,0.1,0.0,1.0,6.24,13.4
2004-05-27,22.8,28.0,18.3,22.9,27.1,66,0.0,0.0,0.0,0.0,6.04,11.9
2004-05-28,22.6,26.9,18.1,23.9,28.5,70,1.9,1.9,0.0,8.0,3.86,8.6
2004-05-29,22.8,26.4,19.0,23.5,27.4,71,1.7,1.7,0.0,4.0,4.84,10.4
2004-05-30,20.0,24.2,15.4,20.1,27.1,74,10.8,10.8,0.0,8.0,6.69,13.5
2004-05-31,16.5,19.0,13.9,14.7,18.1,69,0.1,0.1,0.0,1.0,5.14,10.2
2004-06-01,17.7,21.3,14.6,17.6,21.0,79,0.0,0.0,0.0,0.0,3.91,8.1
2004-06-02,20.0,23.6,17.2,20.5,24.6,78,5.2,5.2,0.0,9.0,5.41,11.7
2004-06-03,21.4,25.1,18.2,22.1,26.7,76,6.0,6.0,0.0,10.0,5.24,12.7
2004-06-04,21.3,25.5,18.7,22.7,28.4,78,9.8,9.8,0.0,10.0,4.17,11.9
2004-06-05,19.4,22.0,17.4,20.5,23.1,84,13.2,13.2,0.0,19.0,4.32,9.5
2004-06-06,17.5,19.1,15.7,17.8,19.9,87,10.2,10.2,0.0,15.0,5.1,10.8
2004-06-07,15.2,16.5,14.0,14.3,15.8,84,12.8,12.8,0.0,17.0,4.2,8.2
2004-06-08,16.1,19.2,13.8,15.6,19.1,76,2.7,2.7,0.0,6.0,3.01,6.3
2004-06-09,18.7,21.3,16.2,19.1,21.6,78,0.5,0.5,0.0,4.0,3.91,8.2
2004-06-10,18.4,20.0,17.3,19.3,20.9,86,10.4,10.4,0.0,20.0,3.5,8.0
2004-06-11,18.9,22.0,17.4,20.1,23.7,85,21.2,21.2,0.0,18.0,4.08,10.1
2004-06-12,19.9,23.2,17.7,21.0,25.1,81,2.3,2.3,0.0,11.0,3.91,9.7
2004-06-13,20.9,25.6,17.7,22.2,26.6,77,6.2,6.2,0.0,11.0,3.49,8.9
2004-06-14,21.8,25.6,18.0,23.2,27.0,74,5.5,5.5,0.0,12.0,3.85,8.8
2004-06-15,20.5,24.0,17.4,22.1,27.2,82,19.7,19.7,0.0,15.0,3.71,8.5
2004-06-16,19.3,24.7,15.8,20.4,25.2,80,16.5,16.5,0.0,20.0,3.5,7.2
2004-06-17,20.9,24.1,18.6,22.4,26.8,79,8.5,8.5,0.0,12.0,4.26,9.5
2004-06-18,21.0,24.7,18.8,22.7,27.7,81,9.9,9.9,0.0,13.0,3.94,10.2
2004-06-19,19.8,23.0,17.6,21.8,26.3,88,25.3,25.3,0.0,21.0,3.89,10.5
2004-06-20,19.5,22.2,17.4,21.2,24.6,87,18.2,18.2,0.0,22.0,3.22,9.9
2004-06-21,20.5,23.7,17.2,22.0,26.3,83,3.3,3.3,0.0,9.0,5.24,13.4
2004-06-22,22.5,25.8,19.1,23.3,26.8,76,1.0,1.0,0.0,6.0,6.13,14.0
2004-06-23,22.5,24.9,20.2,22.5,25.2,71,0.0,0.0,0.0,0.0,6.81,13.7
2004-06-24,21.6,25.4,18.7,23.0,27.3,75,7.1,7.1,0.0,8.0,3.8,9.2
2004-06-25,22.0,26.3,18.9,24.5,30.2,79,36.6,36.6,0.0,21.0,2.38,7.1
2004-06-26,21.4,24.3,19.1,23.7,27.8,84,14.2,14.2,0.0,17.0,2.92,7.3
2004-06-27,21.8,25.5,19.4,23.9,28.1,81,10.1,10.1,0.0,18.0,3.44,7.6
2004-06-28,22.1,25.9,19.4,24.3,29.5,79,7.1,7.1,0.0,18.0,3.01,8.1
2004-06-29,23.2,27.2,18.9,25.3,29.7,72,0.5,0.5,0.0,5.0,2.77,6.1
2004-06-30,24.0,28.1,20.3,26.4,31.0,71,1.0,1.0,0.0,6.0,2.31,5.9
2004-07-01,23.4,27.7,20.1,26.2,31.2,76,2.1,2.1,0.0,9.0,2.52,6.3
2004-07-02,22.6,27.2,19.5,25.4,31.3,79,5.8,5.8,0.0,14.0,2.05,6.7
2004-07-03,22.7,27.7,19.0,25.0,31.1,76,3.9,3.9,0.0,9.0,2.28,7.1
2004-07-04,23.3,27.2,19.9,25.3,29.5,73,1.6,1.6,0.0,8.0,4.99,10.8
2004-07-05,20.9,23.8,17.8,22.7,25.0,77,49.8,49.8,0.0,15.0,2.25,6.6
2004-07-06,21.7,26.8,17.7,23.7,29.4,74,2.0,2.0,0.0,4.0,2.02,5.5
2004-07-07,20.6,22.0,19.0,22.9,24.5,84,13.6,13.6,0.0,16.0,1.92,6.6
2004-07-08,18.8,20.6,17.6,20.0,21.3,89,15.2,15.2,0.0,23.0,4.05,10.6
2004-07-09,18.9,20.3,17.8,19.8,21.1,87,14.1,14.1,0.0,24.0,3.64,9.3
2004-07-10,18.5,19.5,17.5,20.0,21.3,89,15.2,15.2,0.0,24.0,2.68,7.9
2004-07-11,19.8,23.5,16.0,20.6,24.4,69,5.8,5.8,0.0,10.0,2.47,5.6
2004-07-12,20.9,26.1,15.8,21.8,28.0,70,0.3,0.3,0.0,2.0,2.21,5.0
2004-07-13,21.8,25.4,18.7,22.8,26.9,66,0.2,0.2,0.0,1.0,3.36,7.7
2004-07-14,19.9,22.4,18.0,21.5,23.9,84,16.7,16.7,0.0,23.0,3.42,8.0
2004-07-15,20.0,23.5,18.1,21.6,24.9,86,11.0,11.0,0.0,18.0,3.4,10.0
2004-07-16,21.7,25.5,18.3,22.2,26.1,76,0.4,0.4,0.0,3.0,6.74,14.9
2004-07-17,21.8,25.5,19.4,22.3,24.8,75,1.4,1.4,0.0,6.0,6.36,13.7
2004-07-18,21.0,24.1,18.9,21.9,25.1,80,20.3,20.3,0.0,24.0,5.41,13.8
2004-07-19,20.5,23.8,18.6,22.0,25.9,81,17.1,17.1,0.0,23.0,3.63,9.0
2004-07-20,20.3,24.1,18.5,22.6,26.7,85,23.7,23.7,0.0,22.0,2.37,6.5
2004-07-21,19.6,22.5,18.5,21.3,24.5,88,19.1,19.1,0.0,24.0,3.72,8.4
2004-07-22,19.2,22.0,17.5,19.7,23.8,84,10.4,10.4,0.0,20.0,4.46,9.7
2004-07-23,19.7,23.3,17.6,20.4,23.8,81,2.9,2.9,0.0,15.0,4.1,9.0
2004-07-24,20.8,24.8,17.9,22.4,27.8,75,1.8,1.8,0.0,9.0,2.47,6.5
2004-07-25,21.5,26.1,17.9,23.8,30.6,78,4.3,4.3,0.0,11.0,2.57,6.9
2004-07-26,21.7,26.3,18.1,23.5,28.8,75,2.1,2.1,0.0,12.0,2.39,5.8
2004-07-27,21.6,26.2,18.0,23.1,27.2,71,1.1,1.1,0.0,8.0,2.48,6.2
2004-07-28,21.2,25.3,17.8,22.9,28.0,72,4.3,4.3,0.0,10.0,1.92,5.7
2004-07-29,21.6,26.0,17.8,23.5,28.9,74,3.7,3.7,0.0,11.0,2.42,6.2
2004-07-30,21.0,25.8,18.7,23.2,28.7,82,16.2,16.2,0.0,16.0,2.93,7.3
2004-07-31,20.1,22.5,18.6,21.8,23.8,85,12.0,12.0,0.0,20.0,3.21,7.5
2004-08-01,20.3,23.2,18.5,21.9,25.7,85,15.5,15.5,0.0,14.0,3.64,9.5
2004-08-02,21.0,24.4,18.2,22.5,26.9,80,1.8,1.8,0.0,9.0,3.48,8.9
2004-08-03,21.0,25.0,18.6,22.3,25.5,79,5.3,5.3,0.0,12.0,4.41,9.9
2004-08-04,20.0,22.0,18.6,21.8,23.9,85,10.3,10.3,0.0,21.0,3.76,9.0
2004-08-05,20.6,24.3,18.4,22.7,27.6,81,10.5,10.5,0.0,13.0,2.62,7.2
2004-08-06,20.3,23.8,17.6,21.3,26.5,78,2.6,2.6,0.0,11.0,4.5,9.0
2004-08-07,20.0,24.1,18.1,21.1,25.1,81,3.8,3.8,0.0,9.0,4.11,8.7
2004-08-08,21.0,25.6,18.4,22.9,27.3,81,3.9,3.9,0.0,10.0,3.1,7.0
2004-08-09,21.5,25.8,18.9,23.4,28.0,79,4.7,4.7,0.0,11.0,3.06,7.0
2004-08-10,21.9,26.5,18.6,23.8,27.7,75,1.6,1.6,0.0,9.0,3.1,7.2
2004-08-11,22.3,27.7,17.8,24.2,30.5,73,0.0,0.0,0.0,0.0,2.34,5.8
2004-08-12,23.1,28.6,19.0,25.1,30.1,70,1.9,1.9,0.0,5.0,2.21,5.9
2004-08-13,21.5,25.3,19.2,24.1,30.6,81,24.4,24.4,0.0,19.0,2.01,6.8
2004-08-14,20.8,24.6,18.1,22.4,27.2,80,10.4,10.4,0.0,14.0,3.76,9.7
2004-08-15,20.5,25.3,17.4,22.0,26.7,76,3.6,3.6,0.0,9.0,2.67,6.7
2004-08-16,20.3,24.2,18.3,21.4,26.1,80,12.8,12.8,0.0,18.0,4.46,11.8
2004-08-17,20.6,24.2,17.9,21.5,25.5,77,1.5,1.5,0.0,7.0,4.32,9.0
2004-08-18,21.3,24.7,18.3,23.3,28.2,80,1.9,1.9,0.0,7.0,3.14,8.3
2004-08-19,21.6,24.6,19.0,23.6,27.3,80,5.4,5.4,0.0,15.0,3.45,8.7
2004-08-20,21.9,25.4,19.3,23.8,27.4,78,3.3,3.3,0.0,19.0,3.85,8.4
2004-08-21,22.5,26.9,19.4,24.4,29.5,74,3.0,3.0,0.0,9.0,3.36,7.7
2004-08-22,22.1,25.6,19.6,24.4,28.3,80,4.4,4.4,0.0,7.0,3.54,8.3
2004-08-23,22.5,25.7,19.5,25.1,28.5,82,10.2,10.2,0.0,17.0,2.9,7.4
2004-08-24,22.9,26.6,20.3,25.7,30.6,82,9.0,9.0,0.0,19.0,2.55,6.5
2004-08-25,21.7,24.5,19.9,24.1,27.3,81,12.6,12.6,0.0,22.0,1.75,4.6
2004-08-26,21.7,26.7,19.6,24.7,32.0,85,25.7,25.7,0.0,21.0,1.88,6.0
2004-08-27,21.7,25.8,19.1,24.7,30.6,84,42.5,42.5,0.0,24.0,2.14,5.0
2004-08-28,21.8,24.9,19.3,22.7,25.8,74,5.0,5.0,0.0,10.0,4.7,11.3
2004-08-29,21.9,25.3,19.4,23.4,28.0,76,6.6,6.6,0.0,13.0,3.86,9.7
2004-08-30,22.1,26.6,18.7,23.4,27.5,71,0.9,0.9,0.0,3.0,2.68,6.6
2004-08-31,22.3,25.8,19.2,24.1,28.3,75,1.6,1.6,0.0,7.0,2.64,7.4
2004-09-01,21.4,24.9,18.9,23.2,27.1,81,14.6,14.6,0.0,23.0,3.11,7.3
2004-09-02,21.9,25.8,19.0,24.1,29.0,82,8.2,8.2,0.0,16.0,3.52,8.3
2004-09-03,22.3,26.3,20.0,24.3,28.4,78,3.5,3.5,0.0,13.0,3.54,8.0
2004-09-04,22.2,26.0,19.2,24.0,28.1,77,1.9,1.9,0.0,11.0,3.75,8.1
2004-09-05,22.2,26.2,19.5,24.3,28.7,79,4.9,4.9,0.0,12.0,3.14,7.9
2004-09-06,21.0,24.1,19.0,23.8,27.5,86,16.2,16.2,0.0,22.0,2.41,6.4
2004-09-07,18.6,20.2,17.6,18.4,21.0,83,26.6,26.6,0.0,20.0,5.6,10.3
2004-09-08,16.1,17.7,14.9,14.3,16.6,78,1.8,1.8,0.0,13.0,6.26,13.1
2004-09-09,17.0,19.9,14.5,15.5,17.9,63,0.3,0.3,0.0,3.0,3.94,8.4
2004-09-10,16.9,19.9,14.4,16.1,18.4,68,0.7,0.7,0.0,4.0,2.56,6.6
2004-09-11,16.0,18.6,14.0,15.6,18.1,75,1.0,1.0,0.0,5.0,2.12,4.8
2004-09-12,17.1,20.5,14.7,17.3,20.3,77,0.0,0.0,0.0,0.0,2.56,6.1
2004-09-13,16.6,19.0,14.6,17.2,19.8,82,7.3,7.3,0.0,18.0,2.9,7.7
2004-09-14,17.1,22.7,12.8,16.8,24.1,68,0.0,0.0,0.0,0.0,2.06,5.2
2004-09-15,18.0,23.9,13.0,18.3,24.5,73,0.0,0.0,0.0,0.0,2.31,6.1
2004-09-16,18.3,23.3,14.2,18.2,23.4,73,0.0,0.0,0.0,0.0,3.8,8.4
2004-09-17,18.8,23.4,15.4,19.2,23.3,76,3.6,3.6,0.0,10.0,3.94,8.7
2004-09-18,19.7,23.4,17.0,20.6,24.6,80,3.9,3.9,0.0,6.0,4.54,10.2
2004-09-19,19.6,23.3,16.8,20.4,24.2,78,6.7,6.7,0.0,13.0,4.22,10.2
2004-09-20,19.4,23.4,16.2,20.2,24.1,77,0.5,0.5,0.0,3.0,3.34,7.4
2004-09-21,19.0,22.0,16.4,19.5,22.7,77,2.5,2.5,0.0,14.0,3.54,8.6
2004-09-22,19.2,22.5,16.8,20.2,24.2,84,11.2,11.2,0.0,14.0,4.12,9.8
2004-09-23,19.5,23.5,16.8,20.2,23.8,81,3.7,3.7,0.0,10.0,4.25,10.3
2004-09-24,20.3,23.7,17.6,21.0,24.3,79,5.4,5.4,0.0,12.0,4.57,11.3
2004-09-25,19.9,24.1,17.2,21.2,25.4,81,10.3,10.3,0.0,15.0,3.32,8.0
2004-09-26,18.6,20.9,17.1,19.9,22.8,86,13.6,13.6,0.0,21.0,2.78,8.3
2004-09-27,19.3,23.0,17.2,20.7,25.6,84,12.4,12.4,0.0,12.0,4.11,8.3
2004-09-28,19.4,23.3,17.0,20.5,24.0,83,3.6,3.6,0.0,9.0,3.74,8.8
2004-09-29,19.8,24.1,16.2,20.3,24.5,78,0.9,0.9,0.0,6.0,4.6,9.7
2004-09-30,20.8,25.6,17.1,21.4,25.6,76,0.0,0.0,0.0,0.0,4.61,8.7
2004-10-01,16.5,19.5,12.1,15.5,21.2,80,1.5,1.5,0.0,7.0,6.33,12.7
2004-10-02,13.6,16.7,10.9,11.9,15.4,73,0.0,0.0,0.0,0.0,4.2,9.1
2004-10-03,15.5,19.6,11.9,14.8,19.0,78,0.1,0.1,0.0,1.0,3.28,7.2
2004-10-04,16.7,20.3,14.9,16.2,18.9,82,4.1,4.1,0.0,13.0,5.35,11.2
2004-10-05,15.7,17.9,13.0,15.4,17.8,90,10.1,10.1,0.0,20.0,3.61,9.6
2004-10-06,11.8,12.7,10.9,10.4,11.7,92,7.2,7.2,0.0,22.0,3.2,6.1
2004-10-07,13.3,17.3,10.2,12.4,16.7,80,3.4,3.4,0.0,11.0,2.4,5.1
2004-10-08,15.7,21.4,10.2,15.5,21.0,79,0.0,0.0,0.0,0.0,3.24,7.2
2004-10-09,17.9,22.1,14.5,17.8,21.8,81,1.7,1.7,0.0,8.0,4.58,9.7
2004-10-10,18.5,23.3,14.8,19.0,23.3,81,11.1,11.1,0.0,15.0,3.76,9.0
2004-10-11,14.6,15.8,13.7,13.6,14.9,85,2.1,2.1,0.0,12.0,3.51,7.9
2004-10-12,15.1,17.9,12.6,14.6,17.5,86,1.2,1.2,0.0,6.0,3.96,8.1
2004-10-13,18.1,22.5,14.7,17.8,21.8,78,1.0,1.0,0.0,5.0,4.44,9.2
2004-10-14,18.3,23.0,15.2,18.2,21.9,77,0.7,0.7,0.0,7.0,4.1,9.1
2004-10-15,17.3,19.7,16.1,17.4,19.9,86,4.3,4.3,0.0,16.0,4.4,11.3
2004-10-16,18.0,21.8,15.6,17.7,20.9,80,1.9,1.9,0.0,8.0,5.52,12.0
2004-10-17,18.1,22.2,14.8,18.5,22.0,79,0.4,0.4,0.0,2.0,2.52,5.9
2004-10-18,17.1,20.4,15.0,17.8,21.5,85,10.6,10.6,0.0,14.0,2.92,7.6
2004-10-19,18.0,22.9,14.6,17.8,22.2,74,0.5,0.5,0.0,4.0,3.7,7.9
2004-10-20,17.6,23.2,14.0,17.0,21.6,74,0.1,0.1,0.0,1.0,3.81,8.0
2004-10-21,16.7,22.1,10.7,15.9,20.3,71,0.0,0.0,0.0,0.0,3.44,7.7
2004-10-22,16.7,22.2,12.5,15.9,20.3,74,0.4,0.4,0.0,2.0,3.96,8.5
2004-10-23,16.4,21.9,12.3,15.3,20.1,72,0.0,0.0,0.0,0.0,4.16,9.0
2004-10-24,15.7,19.7,12.8,15.1,18.6,78,0.6,0.6,0.0,4.0,3.04,7.1
2004-10-25,15.2,19.4,12.0,14.6,18.8,78,1.0,1.0,0.0,6.0,3.16,6.8
2004-10-26,13.2,15.7,11.3,11.4,13.4,79,2.2,2.2,0.0,9.0,4.33,9.7
2004-10-27,12.9,18.0,8.6,11.3,15.8,79,0.0,0.0,0.0,0.0,4.19,8.7
2004-10-28,14.2,19.6,10.3,12.0,16.3,72,0.0,0.0,0.0,0.0,6.33,12.8
2004-10-29,14.7,20.8,9.7,12.7,18.7,71,0.0,0.0,0.0,0.0,5.57,11.6
2004-10-30,14.9,21.2,9.7,13.0,19.4,67,0.0,0.0,0.0,0.0,4.8,10.2
2004-10-31,15.5,20.4,11.7,14.3,19.3,69,0.0,0.0,0.0,0.0,3.72,6.9
2004-11-01,13.8,16.3,11.9,13.0,16.0,86,3.5,3.5,0.0,19.0,3.5,6.8
2004-11-02,15.3,19.8,11.8,14.1,17.6,76,1.3,1.3,0.0,5.0,4.78,10.2
2004-11-03,14.8,20.3,10.1,13.2,18.1,75,0.5,0.5,0.0,3.0,5.59,12.3
2004-11-04,15.3,20.8,10.5,13.3,18.5,68,0.0,0.0,0.0,0.0,5.49,12.1
2004-11-05,13.6,18.5,9.8,12.4,17.7,74,2.7,2.7,0.0,7.0,2.79,6.4
2004-11-06,13.9,20.1,9.8,12.3,17.4,71,0.6,0.6,0.0,3.0,4.65,9.6
2004-11-07,14.1,20.8,8.1,12.3,18.7,68,0.0,0.0,0.0,0.0,4.48,9.4
2004-11-08,14.6,20.0,9.8,12.5,17.2,71,0.0,0.0,0.0,0.0,5.92,12.1
2004-11-09,15.3,21.3,10.0,12.9,17.8,67,0.0,0.0,0.0,0.0,6.57,13.5
2004-11-10,15.3,21.5,10.0,12.7,18.1,61,0.0,0.0,0.0,0.0,6.29,12.9
2004-11-11,15.6,22.4,9.7,13.4,19.6,58,0.0,0.0,0.0,0.0,4.32,9.1
2004-11-12,16.0,21.9,10.5,14.1,19.2,66,0.2,0.2,0.0,1.0,6.33,12.9
2004-11-13,16.2,21.6,12.1,14.5,18.5,70,0.0,0.0,0.0,0.0,6.08,12.8
2004-11-14,15.4,20.8,10.4,13.1,17.3,65,0.0,0.0,0.0,0.0,6.0,12.7
2004-11-15,9.1,13.0,7.3,6.0,11.3,84,0.4,0.4,0.0,2.0,4.65,10.3
2004-11-16,8.1,9.4,6.5,5.6,7.0,88,2.6,2.6,0.0,7.0,3.34,6.9
2004-11-17,9.9,15.2,6.6,7.8,13.7,77,0.0,0.0,0.0,0.0,3.3,6.5
2004-11-18,11.4,16.5,7.9,9.5,14.0,75,0.0,0.0,0.0,0.0,3.77,7.5
2004-11-19,13.0,16.9,10.2,10.8,13.9,76,0.0,0.0,0.0,0.0,5.86,11.3
2004-11-20,12.9,18.8,9.0,11.1,16.1,76,0.5,0.5,0.0,3.0,3.77,7.8
2004-11-21,10.3,13.7,8.8,9.0,12.9,89,5.2,5.2,0.0,16.0,3.14,7.4
2004-11-22,12.1,16.9,8.9,10.7,14.6,78,0.6,0.6,0.0,4.0,3.09,7.3
2004-11-23,11.6,16.1,8.8,10.2,14.4,83,6.6,6.6,0.0,12.0,3.45,9.7
2004-11-24,11.4,16.3,8.2,9.7,13.9,80,0.0,0.0,0.0,0.0,3.81,8.0
2004-11-25,12.6,17.9,9.2,11.1,16.4,74,0.0,0.0,0.0,0.0,3.88,8.2
2004-11-26,11.9,14.9,9.4,10.7,13.6,89,1.8,1.8,0.0,6.0,3.92,8.5
2004-11-27,12.4,17.5,9.7,11.0,15.5,82,0.0,0.0,0.0,0.0,3.67,7.7
2004-11-28,12.6,17.9,8.7,11.0,15.7,77,0.0,0.0,0.0,0.0,4.12,9.0
2004-11-29,11.2,13.6,9.3,9.9,12.6,84,12.6,12.6,0.0,15.0,2.55,6.4
2004-11-30,10.6,14.7,7.5,8.4,11.5,79,2.0,2.0,0.0,8.0,4.61,10.3
2004-12-01,9.3,15.9,5.2,7.3,13.0,81,0.0,0.0,0.0,0.0,4.12,8.7
2004-12-02,10.1,15.8,5.7,8.0,13.0,78,0.0,0.0,0.0,0.0,4.3,9.3
2004-12-03,10.0,16.9,4.8,7.9,14.3,73,0.0,0.0,0.0,0.0,3.0,7.6
2004-12-04,8.3,14.2,2.9,5.3,11.0,61,0.0,0.0,0.0,0.0,2.93,7.9
2004-12-05,9.2,16.9,3.4,6.1,13.2,57,0.0,0.0,0.0,0.0,4.33,9.2
2004-12-06,8.0,11.5,4.9,5.2,8.9,79,1.8,1.8,0.0,9.0,4.55,8.9
2004-12-07,6.7,10.1,4.7,3.8,8.2,77,0.2,0.2,0.0,2.0,4.22,9.1
2004-12-08,8.7,14.7,4.0,6.6,11.7,73,0.0,0.0,0.0,0.0,3.18,7.4
2004-12-09,9.9,14.2,6.6,7.8,12.6,74,0.0,0.0,0.0,0.0,3.31,6.9
2004-12-10,9.1,12.5,6.1,6.6,9.4,73,0.0,0.0,0.0,0.0,3.03,7.2
2004-12-11,9.9,15.1,6.5,7.9,12.6,74,0.0,0.0,0.0,0.0,2.62,6.2
2004-12-12,10.2,15.3,6.4,8.3,12.7,74,0.0,0.0,0.0,0.0,2.82,6.6
2004-12-13,9.7,15.5,5.2,7.3,11.9,72,0.0,0.0,0.0,0.0,4.62,9.8
2004-12-14,9.7,16.6,4.5,7.6,14.9,74,0.0,0.0,0.0,0.0,2.5,6.0
2004-12-15,10.1,15.0,4.9,8.0,11.9,75,0.0,0.0,0.0,0.0,4.06,8.6
2004-12-16,10.7,14.4,6.9,8.2,11.3,70,0.0,0.0,0.0,0.0,3.94,8.7
2004-12-17,9.9,14.0,6.4,8.0,12.0,79,6.3,6.3,0.0,11.0,3.0,9.8
2004-12-18,8.9,15.6,4.2,6.8,13.9,81,0.0,0.0,0.0,0.0,3.3,7.0
2004-12-19,9.4,16.7,3.2,7.0,12.8,77,0.0,0.0,0.0,0.0,5.14,10.7
2004-12-20,10.5,17.6,4.0,7.3,13.2,67,0.0,0.0,0.0,0.0,6.52,13.5
2004-12-21,11.0,16.1,6.4,7.5,11.3,65,0.0,0.0,0.0,0.0,6.94,14.4
2004-12-22,11.2,16.8,6.6,7.7,12.1,61,0.0,0.0,0.0,0.0,6.99,14.2
2004-12-23,10.7,17.2,5.4,7.5,13.0,62,0.0,0.0,0.0,0.0,5.61,11.3
2004-12-24,11.3,17.8,5.7,7.8,13.7,61,0.0,0.0,0.0,0.0,6.76,13.9
2004-12-25,11.4,17.2,5.6,8.0,12.7,60,0.0,0.0,0.0,0.0,6.14,12.6
2004-12-26,11.6,16.6,6.9,8.1,12.1,61,0.0,0.0,0.0,0.0,7.56,15.3
2004-12-27,11.2,16.1,7.8,8.2,11.9,73,6.5,6.5,0.0,18.0,7.27,16.5
2004-12-28,8.7,16.5,3.1,5.8,12.2,71,0.0,0.0,0.0,0.0,4.86,9.7
2004-12-29,10.9,17.3,5.2,7.3,12.6,62,0.0,0.0,0.0,0.0,7.18,14.9
2004-12-30,5.2,8.4,1.3,1.9,5.9,89,1.8,1.4,0.42,10.0,5.51,10.1
2004-12-31,1.2,3.2,-0.4,-2.6,0.2,88,0.9,0.3,0.56,7.0,5.41,10.1
