time,temperature_2m_mean,temperature_2m_max,temperature_2m_min,apparent_temperature_mean,apparent_temperature_max,relative_humidity_2m_mean,precipitation_sum,rain_sum,snowfall_sum,precipitation_hours,wind_speed_10m_max,wind_gusts_10m_max
2000-01-01,1.7,9.0,-5.2,-2.5,5.3,46,0.0,0.0,0.0,0.0,2.95,5.9
2000-01-02,1.8,9.8,-4.5,-2.4,6.1,45,0.0,0.0,0.0,0.0,2.69,4.8
2000-01-03,2.9,11.3,-1.4,-1.5,7.3,30,0.0,0.0,0.0,0.0,3.54,5.5
2000-01-04,1.2,7.8,-3.9,-2.8,3.5,47,0.0,0.0,0.0,0.0,3.1,6.1
2000-01-05,-2.0,0.2,-6.7,-6.4,-4.1,63,0.0,0.0,0.07,0.0,4.31,9.3
2000-01-06,-3.3,3.5,-9.6,-7.3,-0.4,57,0.0,0.0,0.0,0.0,2.52,5.0
2000-01-07,-1.8,4.4,-7.8,-5.6,0.7,51,0.0,0.0,0.0,0.0,1.66,4.5
2000-01-08,-0.5,5.9,-6.0,-4.3,2.4,56,0.0,0.0,0.0,0.0,2.66,4.7
2000-01-09,0.3,7.9,-7.2,-3.3,3.8,60,0.0,0.0,0.0,0.0,2.0,5.4
2000-01-10,-0.2,4.6,-4.2,-3.9,0.7,69,0.0,0.0,0.0,0.0,3.44,8.0
2000-01-11,-1.8,1.8,-5.8,-5.8,-2.3,60,0.5,0.0,0.63,3.0,2.48,6.2
2000-01-12,-1.7,3.5,-6.7,-5.3,-0.2,59,0.0,0.0,0.0,0.0,1.35,4.5
2000-01-13,-1.8,2.3,-5.3,-5.7,-1.9,60,0.0,0.0,0.0,0.0,3.2,7.6
2000-01-14,-2.8,2.6,-7.4,-6.8,-2.3,63,0.1,0.0,0.42,1.0,4.22,9.4
2000-01-15,-2.9,0.6,-5.9,-7.0,-3.4,61,0.6,0.0,0.7,4.0,2.72,5.8
2000-01-16,-3.3,-0.6,-6.4,-7.4,-4.9,67,0.6,0.0,0.98,3.0,2.62,6.2
2000-01-17,-3.0,1.6,-7.9,-6.9,-1.7,63,0.0,0.0,0.0,0.0,2.73,4.7
2000-01-18,-3.1,2.1,-8.1,-7.1,-1.4,52,0.0,0.0,0.0,0.0,2.5,6.1
2000-01-19,-3.2,3.2,-9.7,-7.2,-0.6,53,0.0,0.0,0.0,0.0,2.09,4.4
2000-01-20,-1.7,3.8,-7.2,-5.7,-0.6,59,0.1,0.0,0.28,1.0,2.82,7.7
2000-01-21,-1.3,1.7,-4.9,-4.9,-1.5,72,1.8,0.0,1.4,6.0,2.3,5.1
2000-01-22,-2.7,0.2,-7.0,-6.6,-3.4,72,0.0,0.0,0.0,0.0,3.36,7.8
2000-01-23,-2.3,1.9,-5.7,-6.1,-2.1,70,0.2,0.0,0.35,2.0,3.67,8.4
2000-01-24,-2.1,2.4,-6.8,-5.8,-0.9,62,0.0,0.0,0.0,0.0,1.79,4.4
2000-01-25,-4.7,-1.7,-8.5,-8.9,-6.0,68,0.0,0.0,0.0,0.0,2.48,6.4
2000-01-26,-5.6,-0.4,-10.9,-9.4,-4.2,66,0.0,0.0,0.0,0.0,2.38,4.9
2000-01-27,-4.9,-0.4,-10.1,-8.7,-4.0,64,0.0,0.0,0.0,0.0,1.77,4.0
2000-01-28,-4.6,0.3,-8.7,-8.9,-4.5,56,0.0,0.0,0.0,0.0,3.22,7.5
2000-01-29,-5.9,-1.4,-9.8,-10.4,-5.4,47,0.0,0.0,0.0,0.0,2.52,5.2
2000-01-30,-6.7,-2.9,-10.0,-11.0,-7.3,51,0.4,0.0,0.35,4.0,2.62,6.4
2000-01-31,-6.9,-1.9,-12.2,-10.6,-5.5,65,0.0,0.0,0.0,0.0,1.89,4.4
2000-02-01,-6.4,-0.8,-12.7,-10.7,-5.0,62,0.0,0.0,0.0,0.0,2.64,5.6
2000-02-02,-5.2,0.8,-12.3,-9.1,-2.3,59,0.0,0.0,0.0,0.0,1.68,4.1
2000-02-03,-4.0,0.6,-9.5,-8.0,-2.8,58,0.0,0.0,0.0,0.0,2.79,5.6
2000-02-04,-1.3,2.9,-4.9,-5.0,-0.1,57,0.2,0.0,0.28,2.0,2.5,4.7
2000-02-05,-1.1,4.2,-7.5,-5.0,1.5,52,0.0,0.0,0.0,0.0,1.75,4.3
2000-02-06,-1.7,3.2,-7.0,-6.4,-2.1,54,0.0,0.0,0.0,0.0,4.84,11.0
2000-02-07,-2.3,4.2,-9.5,-6.4,1.0,39,0.0,0.0,0.0,0.0,2.6,4.0
2000-02-08,-1.1,4.6,-6.9,-5.0,1.4,41,0.0,0.0,0.0,0.0,1.66,4.2
2000-02-09,0.4,6.7,-5.1,-3.4,3.7,44,0.0,0.0,0.0,0.0,2.2,5.1
2000-02-10,1.4,8.9,-5.3,-2.5,5.3,43,0.0,0.0,0.0,0.0,2.06,5.0
2000-02-11,2.1,10.1,-5.3,-1.7,7.3,53,0.0,0.0,0.0,0.0,3.36,5.7
2000-02-12,0.3,6.4,-2.8,-4.2,1.4,53,0.8,0.0,0.77,3.0,5.66,12.5
2000-02-13,-0.3,3.4,-4.5,-4.6,-1.5,45,0.0,0.0,0.0,0.0,2.83,7.3
2000-02-14,0.6,5.1,-5.2,-3.5,1.0,38,0.0,0.0,0.0,0.0,2.37,5.2
2000-02-15,1.4,7.3,-4.0,-2.6,4.5,38,0.0,0.0,0.0,0.0,2.06,5.2
2000-02-16,3.0,11.4,-4.3,-1.1,8.6,41,0.0,0.0,0.0,0.0,3.1,5.0
2000-02-17,3.3,8.8,-1.7,-0.3,4.9,55,0.0,0.0,0.14,0.0,2.84,6.5
2000-02-18,2.3,5.2,-1.0,-1.7,0.6,56,1.8,0.0,1.33,11.0,4.67,9.9
2000-02-19,0.8,4.4,-2.6,-2.8,0.8,55,0.2,0.0,0.21,2.0,1.86,5.4
2000-02-20,2.4,8.1,-3.4,-1.2,5.4,54,0.0,0.0,0.0,0.0,2.9,6.5
2000-02-21,3.6,9.1,-2.5,0.2,7.2,55,0.0,0.0,0.0,0.0,2.89,6.6
2000-02-22,2.6,4.2,-0.9,-0.9,0.2,71,1.0,0.1,0.91,5.0,3.2,8.0
2000-02-23,1.5,4.1,-0.6,-2.1,-0.7,76,5.0,0.0,3.85,15.0,3.91,8.8
2000-02-24,-3.4,-0.8,-6.2,-8.4,-5.1,65,1.8,0.0,1.68,12.0,5.04,11.8
2000-02-25,-2.2,2.7,-8.0,-6.5,-1.0,34,0.0,0.0,0.0,0.0,3.31,8.4
2000-02-26,-0.4,6.1,-6.8,-4.5,3.4,26,0.0,0.0,0.0,0.0,1.73,5.5
2000-02-27,1.7,7.2,-5.1,-2.1,4.9,33,0.0,0.0,0.0,0.0,2.04,5.2
2000-02-28,2.6,9.2,-4.4,-1.0,6.9,48,0.0,0.0,0.0,0.0,1.99,5.7
2000-02-29,3.6,10.5,-3.4,0.1,7.7,41,0.0,0.0,0.0,0.0,2.25,6.5
2000-03-01,4.1,11.2,-3.6,0.6,9.1,48,0.0,0.0,0.0,0.0,2.82,5.3
2000-03-02,4.7,7.8,0.5,0.4,2.8,42,0.5,0.0,0.56,3.0,3.61,9.5
2000-03-03,4.1,10.0,-3.6,0.2,6.2,41,0.0,0.0,0.0,0.0,3.26,7.7
2000-03-04,5.0,8.5,0.5,1.5,6.1,43,0.6,0.3,0.49,5.0,2.15,6.6
2000-03-05,4.6,8.5,-0.8,0.6,4.3,43,0.0,0.0,0.0,0.0,3.26,8.0
2000-03-06,4.5,10.5,-1.6,0.8,8.6,38,0.0,0.0,0.0,0.0,2.73,6.2
2000-03-07,5.6,11.3,0.2,1.8,7.5,42,0.0,0.0,0.07,0.0,3.31,8.0
2000-03-08,5.9,12.2,-2.0,1.6,8.8,33,0.0,0.0,0.0,0.0,4.33,9.6
2000-03-09,6.5,12.1,0.0,2.6,8.4,32,0.0,0.0,0.07,0.0,3.74,8.7
2000-03-10,5.9,9.8,1.0,2.8,7.2,57,1.8,0.0,1.4,10.0,2.7,5.4
2000-03-11,6.6,13.3,-1.7,3.5,12.0,54,0.3,0.3,0.0,2.0,2.72,5.6
2000-03-12,7.2,13.7,-1.2,3.8,11.0,50,0.0,0.0,0.0,0.0,3.38,7.8
2000-03-13,8.0,14.2,1.0,5.0,11.9,49,0.0,0.0,0.0,0.0,2.5,5.5
2000-03-14,5.0,8.6,0.2,1.2,4.1,60,0.1,0.0,0.28,1.0,5.15,12.0
2000-03-15,7.3,13.9,-1.2,4.0,11.6,48,0.3,0.3,0.0,2.0,2.72,8.0
2000-03-16,8.7,14.7,0.9,4.8,11.9,24,0.0,0.0,0.0,0.0,2.91,6.2
2000-03-17,9.6,16.4,0.9,6.2,14.5,36,0.0,0.0,0.0,0.0,3.04,5.8
2000-03-18,10.1,17.4,1.9,7.5,15.5,56,0.7,0.7,0.0,1.0,3.66,9.3
2000-03-19,11.6,19.0,2.1,9.0,17.0,56,0.4,0.4,0.07,2.0,3.85,7.6
2000-03-20,9.3,12.8,3.4,5.6,9.1,43,0.5,0.2,0.28,3.0,3.89,8.8
2000-03-21,11.3,19.4,1.2,8.4,17.2,52,0.3,0.3,0.0,2.0,5.39,10.5
2000-03-22,5.0,8.4,1.0,-0.0,3.8,33,0.9,0.0,0.77,5.0,5.11,14.1
2000-03-23,5.6,12.3,-2.0,1.9,10.1,23,0.0,0.0,0.0,0.0,2.5,5.8
2000-03-24,7.1,12.9,-0.1,3.0,8.6,36,0.2,0.0,0.28,2.0,3.76,7.8
2000-03-25,8.7,14.1,1.1,5.0,11.5,25,0.0,0.0,0.0,0.0,2.62,7.2
2000-03-26,10.3,20.1,-0.2,5.6,14.7,25,0.0,0.0,0.0,0.0,5.8,13.0
2000-03-27,12.9,21.6,2.2,8.8,18.8,16,0.0,0.0,0.0,0.0,3.3,7.1
2000-03-28,14.4,24.7,2.6,10.8,21.8,24,0.0,0.0,0.0,0.0,3.55,5.9
2000-03-29,16.1,26.3,4.2,12.7,24.2,30,0.0,0.0,0.0,0.0,2.92,6.6
2000-03-30,16.8,24.9,6.2,13.3,22.3,26,0.0,0.0,0.0,0.0,3.55,8.8
2000-03-31,16.9,23.7,6.9,13.7,21.4,27,0.0,0.0,0.0,0.0,3.94,9.3
2000-04-01,15.1,18.2,9.3,11.9,15.3,39,0.0,0.0,0.0,0.0,4.33,9.5
2000-04-02,12.2,14.4,6.1,9.2,12.8,42,1.7,1.0,0.49,5.0,2.5,6.9
2000-04-03,12.8,17.9,6.5,9.6,13.5,45,0.1,0.1,0.0,1.0,3.96,9.2
2000-04-04,10.9,14.4,5.4,7.9,12.3,50,1.6,1.4,0.14,7.0,4.27,9.2
2000-04-05,10.9,17.2,4.2,7.7,14.7,36,0.2,0.2,0.0,1.0,3.1,7.2
2000-04-06,11.5,15.9,5.7,7.6,12.5,27,0.0,0.0,0.0,0.0,2.93,6.8
2000-04-07,13.0,20.5,3.8,9.6,18.9,31,0.0,0.0,0.0,0.0,3.25,7.2
2000-04-08,14.6,20.4,6.7,12.3,18.8,48,0.0,0.0,0.0,0.0,2.72,8.3
2000-04-09,10.8,13.9,4.9,6.3,10.7,32,0.3,0.3,0.0,1.0,5.38,12.4
2000-04-10,10.4,18.0,2.3,7.1,14.5,29,0.0,0.0,0.0,0.0,2.86,5.2
2000-04-11,13.8,20.7,4.6,10.9,18.0,39,0.0,0.0,0.0,0.0,3.47,9.3
2000-04-12,17.3,27.0,5.2,13.2,23.8,22,0.0,0.0,0.0,0.0,7.81,10.0
2000-04-13,10.1,15.5,4.9,5.9,9.9,46,0.0,0.0,0.0,0.0,7.17,20.0
2000-04-14,7.0,11.9,1.7,3.0,7.6,51,0.3,0.3,0.0,2.0,6.26,14.4
2000-04-15,11.0,20.7,-0.1,7.5,17.0,33,0.0,0.0,0.0,0.0,2.7,8.1
2000-04-16,16.6,26.3,4.7,13.7,23.8,32,0.0,0.0,0.0,0.0,3.81,8.6
2000-04-17,16.3,21.4,9.0,13.5,19.2,42,0.0,0.0,0.0,0.0,3.92,8.7
2000-04-18,17.8,25.5,7.4,14.9,24.4,28,0.0,0.0,0.0,0.0,3.39,10.5
2000-04-19,12.7,17.9,8.6,8.7,15.9,41,0.0,0.0,0.0,0.0,5.75,13.2
2000-04-20,13.3,19.1,5.8,9.7,16.5,28,0.0,0.0,0.0,0.0,3.5,9.2
2000-04-21,14.8,21.0,8.1,10.7,18.6,14,0.0,0.0,0.0,0.0,3.22,7.7
2000-04-22,15.8,23.4,7.3,12.2,21.8,18,0.0,0.0,0.0,0.0,3.16,6.9
2000-04-23,18.8,27.6,8.9,15.7,24.4,39,0.0,0.0,0.0,0.0,7.06,15.5
2000-04-24,16.1,20.3,10.5,12.0,16.7,29,0.0,0.0,0.0,0.0,5.33,12.4
2000-04-25,14.3,17.7,9.8,10.3,13.4,28,0.0,0.0,0.0,0.0,4.64,11.3
2000-04-26,15.5,22.9,6.1,12.1,20.5,17,0.0,0.0,0.0,0.0,3.32,8.6
2000-04-27,16.9,22.7,8.9,13.6,20.1,34,0.0,0.0,0.0,0.0,4.83,10.8
2000-04-28,15.2,23.4,7.2,12.0,21.1,45,1.8,1.6,0.14,4.0,9.53,21.1
2000-04-29,13.4,19.3,4.7,10.7,17.5,42,0.0,0.0,0.0,0.0,2.42,7.0
2000-04-30,16.6,23.7,7.4,13.5,22.2,27,0.0,0.0,0.0,0.0,3.04,8.6
2000-05-01,18.5,25.6,9.9,15.6,23.3,30,0.0,0.0,0.0,0.0,2.88,7.5
2000-05-02,19.8,26.3,9.5,16.2,23.9,20,0.0,0.0,0.0,0.0,3.04,9.1
2000-05-03,20.5,29.2,9.5,16.9,27.0,17,0.0,0.0,0.0,0.0,2.95,8.6
2000-05-04,21.9,29.3,11.1,18.3,26.8,19,0.0,0.0,0.0,0.0,4.48,9.1
2000-05-05,21.4,26.4,14.2,18.2,24.8,26,0.0,0.0,0.0,0.0,4.46,9.9
2000-05-06,20.9,26.7,13.8,19.4,25.4,42,0.0,0.0,0.0,0.0,3.41,8.7
2000-05-07,20.6,26.4,14.0,20.2,26.0,59,0.0,0.0,0.0,0.0,3.99,9.8
2000-05-08,15.6,18.1,13.2,13.7,16.7,56,2.8,2.8,0.0,11.0,4.3,9.8
2000-05-09,18.2,24.3,11.2,15.9,22.2,36,0.0,0.0,0.0,0.0,3.29,8.2
2000-05-10,19.7,27.4,10.1,17.6,26.0,37,4.4,4.4,0.0,7.0,5.14,14.3
2000-05-11,18.8,26.4,9.4,16.4,23.0,47,2.0,2.0,0.0,3.0,5.47,13.4
2000-05-12,21.6,29.3,10.1,19.2,29.1,27,0.0,0.0,0.0,0.0,3.01,6.8
2000-05-13,23.6,32.2,13.5,21.7,32.1,34,0.0,0.0,0.0,0.0,6.58,15.4
2000-05-14,21.7,26.8,15.0,20.2,26.7,38,2.1,2.1,0.0,9.0,3.7,11.7
2000-05-15,18.3,21.4,15.3,15.2,18.3,36,1.4,1.4,0.0,5.0,4.11,10.6
2000-05-16,18.9,25.2,9.1,17.2,25.9,40,0.1,0.1,0.0,1.0,2.9,6.5
2000-05-17,20.1,23.8,14.3,17.2,21.1,31,0.4,0.4,0.0,1.0,3.55,9.2
2000-05-18,19.6,26.2,12.0,15.9,24.1,13,0.0,0.0,0.0,0.0,3.47,8.6
2000-05-19,20.9,29.0,10.3,17.7,27.5,16,0.0,0.0,0.0,0.0,2.56,7.5
2000-05-20,23.1,30.7,12.3,21.1,30.1,33,0.0,0.0,0.0,0.0,3.62,10.1
2000-05-21,24.9,32.9,13.2,22.8,31.8,30,0.0,0.0,0.0,0.0,3.58,9.9
2000-05-22,25.3,31.3,17.4,23.2,30.1,30,0.0,0.0,0.0,0.0,4.61,11.7
2000-05-23,24.5,32.2,14.5,23.0,31.8,36,0.0,0.0,0.0,0.0,4.68,10.9
2000-05-24,24.7,30.8,17.3,23.8,29.5,42,0.0,0.0,0.0,0.0,3.42,9.2
2000-05-25,19.9,26.1,12.5,17.1,23.0,45,1.4,1.4,0.0,3.0,8.02,18.2
2000-05-26,17.3,22.5,11.2,15.0,19.6,48,0.3,0.3,0.0,2.0,5.24,12.5
2000-05-27,19.5,24.8,14.2,16.7,22.0,33,0.0,0.0,0.0,0.0,4.03,9.9
2000-05-28,19.7,25.9,12.0,17.4,23.9,39,0.0,0.0,0.0,0.0,4.42,9.9
2000-05-29,20.2,27.2,11.6,18.7,25.6,46,0.4,0.4,0.0,3.0,5.86,12.6
2000-05-30,23.6,31.1,13.0,22.1,29.7,38,0.0,0.0,0.0,0.0,3.3,9.3
2000-05-31,24.8,32.8,15.5,23.1,31.2,34,0.4,0.4,0.0,2.0,4.1,10.3
2000-06-01,20.9,24.4,17.3,21.7,24.1,72,9.4,9.4,0.0,20.0,4.44,10.1
2000-06-02,21.6,25.8,15.8,22.3,26.6,66,4.2,4.2,0.0,10.0,4.62,11.2
2000-06-03,22.8,29.6,16.5,23.8,31.2,61,1.7,1.7,0.0,3.0,4.22,8.7
2000-06-04,24.6,31.2,17.3,25.1,31.7,52,0.0,0.0,0.0,0.0,4.37,9.5
2000-06-05,24.9,30.4,18.6,26.1,31.6,61,0.9,0.9,0.0,4.0,4.43,9.4
2000-06-06,17.7,20.9,14.1,17.1,22.3,73,5.4,5.4,0.0,13.0,4.56,10.0
2000-06-07,18.0,22.5,13.4,17.7,22.1,64,6.2,6.2,0.0,13.0,1.77,5.3
2000-06-08,22.4,28.4,11.6,21.8,29.6,47,0.0,0.0,0.0,0.0,2.83,7.6
2000-06-09,22.4,27.7,17.3,21.2,25.9,46,0.4,0.4,0.0,2.0,4.14,8.5
2000-06-10,22.4,28.3,13.5,21.4,28.4,49,0.0,0.0,0.0,0.0,4.2,10.2
2000-06-11,22.1,27.5,15.0,20.4,26.4,50,0.0,0.0,0.0,0.0,6.4,14.3
2000-06-12,21.2,26.4,14.4,19.1,23.6,52,0.0,0.0,0.0,0.0,6.96,15.4
2000-06-13,19.3,23.5,15.8,18.6,22.8,56,1.8,1.8,0.0,6.0,3.41,8.8
2000-06-14,22.0,27.9,12.8,21.6,29.0,47,0.0,0.0,0.0,0.0,2.15,6.0
2000-06-15,24.0,32.0,14.8,22.0,31.4,27,0.1,0.1,0.0,1.0,3.76,10.4
2000-06-16,22.5,28.2,17.2,21.5,28.0,43,2.3,2.3,0.0,4.0,4.16,10.6
2000-06-17,18.3,22.2,14.6,18.3,21.3,72,5.7,5.7,0.0,11.0,3.26,8.1
2000-06-18,18.5,24.4,14.4,19.1,25.4,70,4.9,4.9,0.0,4.0,3.45,8.6
2000-06-19,20.0,24.7,13.2,20.1,24.9,63,0.1,0.1,0.0,1.0,3.0,8.4
2000-06-20,21.8,26.8,14.6,21.9,28.9,55,1.3,1.3,0.0,1.0,4.28,10.8
2000-06-21,23.2,29.6,15.0,23.5,31.8,52,0.6,0.6,0.0,1.0,3.26,7.6
2000-06-22,25.3,32.6,16.5,25.9,34.0,51,0.6,0.6,0.0,1.0,3.55,9.5
2000-06-23,22.9,26.3,19.4,23.5,26.1,67,11.2,11.2,0.0,17.0,6.01,13.7
2000-06-24,19.4,21.4,16.0,20.6,22.6,84,18.9,18.9,0.0,21.0,3.31,7.6
2000-06-25,15.4,17.3,13.8,15.7,17.9,88,8.9,8.9,0.0,18.0,2.34,6.2
2000-06-26,20.1,24.2,15.2,20.8,24.8,70,0.0,0.0,0.0,0.0,2.08,6.5
2000-06-27,19.8,24.5,16.1,20.8,26.0,75,5.3,5.3,0.0,11.0,2.55,6.8
2000-06-28,21.9,27.1,16.5,22.9,29.5,64,0.1,0.1,0.0,1.0,3.84,9.0
2000-06-29,23.1,28.8,15.7,23.7,30.1,56,2.4,2.4,0.0,3.0,2.62,7.6
2000-06-30,24.0,29.3,15.9,24.7,30.9,56,0.2,0.2,0.0,2.0,3.96,9.9
2000-07-01,25.0,31.1,16.7,25.9,32.9,58,0.0,0.0,0.0,0.0,4.13,9.8
2000-07-02,23.5,27.2,18.2,24.1,26.8,59,0.0,0.0,0.0,0.0,3.64,9.8
2000-07-03,25.2,30.7,18.1,26.0,33.0,52,0.0,0.0,0.0,0.0,3.38,7.0
2000-07-04,26.8,31.9,20.5,26.7,32.6,40,0.0,0.0,0.0,0.0,3.2,7.7
2000-07-05,27.6,33.0,20.0,26.9,33.9,30,0.0,0.0,0.0,0.0,2.42,5.9
2000-07-06,28.0,33.8,19.8,27.2,33.7,39,0.0,0.0,0.0,0.0,5.41,10.7
2000-07-07,21.9,24.9,17.7,21.8,23.7,58,1.0,1.0,0.0,5.0,4.05,9.0
2000-07-08,23.6,30.8,16.8,23.0,29.7,47,0.0,0.0,0.0,0.0,3.44,8.7
2000-07-09,25.2,32.3,16.6,23.8,32.2,31,0.0,0.0,0.0,0.0,2.87,7.9
2000-07-10,25.9,32.1,19.0,24.3,31.3,36,0.0,0.0,0.0,0.0,4.62,11.1
2000-07-11,24.6,28.3,18.3,23.6,26.3,47,0.0,0.0,0.0,0.0,5.69,13.3
2000-07-12,24.3,32.1,16.3,24.3,32.5,49,0.2,0.2,0.0,1.0,2.92,7.7
2000-07-13,25.3,32.5,19.4,26.2,33.3,52,4.3,4.3,0.0,5.0,2.8,7.9
2000-07-14,26.0,32.1,18.8,26.6,33.1,50,0.1,0.1,0.0,1.0,3.0,7.5
2000-07-15,27.8,35.2,19.3,27.6,36.3,37,0.0,0.0,0.0,0.0,3.11,8.1
2000-07-16,29.4,37.4,20.2,30.1,38.4,44,0.0,0.0,0.0,0.0,4.39,9.9
2000-07-17,29.4,37.3,21.8,30.7,38.3,51,0.0,0.0,0.0,0.0,4.55,11.8
2000-07-18,29.6,37.6,22.9,31.9,39.3,54,0.2,0.2,0.0,1.0,4.54,10.9
2000-07-19,30.7,37.0,24.1,32.4,38.1,49,0.0,0.0,0.0,0.0,5.19,12.2
2000-07-20,31.4,37.3,24.2,33.2,39.3,46,0.0,0.0,0.0,0.0,3.54,8.5
2000-07-21,31.7,38.7,24.1,32.2,39.2,39,0.0,0.0,0.0,0.0,4.94,11.7
2000-07-22,32.5,39.2,24.5,32.8,40.1,35,0.0,0.0,0.0,0.0,4.2,10.2
2000-07-23,32.6,39.5,25.5,33.4,41.8,37,0.3,0.3,0.0,1.0,5.59,9.9
2000-07-24,32.6,40.6,25.5,34.2,42.9,42,0.0,0.0,0.0,0.0,4.89,10.9
2000-07-25,31.6,38.8,25.1,33.8,41.3,47,2.7,2.7,0.0,2.0,4.84,12.3
2000-07-26,32.1,39.1,25.6,34.6,40.9,48,1.1,1.1,0.0,4.0,4.47,10.5
2000-07-27,24.9,27.7,21.1,24.8,28.9,58,1.4,1.4,0.0,6.0,5.09,10.7
2000-07-28,21.5,23.9,19.4,20.8,22.8,55,1.4,1.4,0.0,4.0,5.25,12.2
2000-07-29,22.8,28.4,17.4,20.5,25.7,37,0.1,0.1,0.0,1.0,5.18,12.2
2000-07-30,23.8,31.1,15.5,21.5,30.5,22,0.0,0.0,0.0,0.0,2.91,7.5
2000-07-31,24.7,33.2,19.8,23.7,33.2,35,4.5,4.5,0.0,5.0,4.24,9.0
2000-08-01,20.9,25.7,15.9,21.2,25.7,64,10.0,10.0,0.0,10.0,3.61,8.1
2000-08-02,21.0,24.0,18.0,21.0,23.6,59,0.1,0.1,0.0,1.0,3.47,8.0
2000-08-03,23.0,29.7,17.3,22.1,29.6,47,0.0,0.0,0.0,0.0,4.55,12.2
2000-08-04,24.1,29.5,18.1,24.8,32.0,56,0.6,0.6,0.0,2.0,3.18,9.3
2000-08-05,24.9,30.9,18.3,25.7,32.4,56,0.0,0.0,0.0,0.0,4.26,9.8
2000-08-06,23.0,26.3,19.2,23.7,26.3,63,2.1,2.1,0.0,5.0,3.61,10.7
2000-08-07,20.3,23.2,17.4,21.8,24.5,78,20.1,20.1,0.0,15.0,1.86,6.6
2000-08-08,22.9,29.9,16.2,24.4,32.2,64,0.2,0.2,0.0,1.0,2.32,6.4
2000-08-09,22.7,29.1,17.6,24.4,32.0,66,1.6,1.6,0.0,4.0,2.16,6.5
2000-08-10,23.2,30.9,17.4,25.0,33.2,66,6.8,6.8,0.0,5.0,2.82,7.7
2000-08-11,22.6,27.4,17.4,24.7,30.8,73,15.7,15.7,0.0,14.0,2.94,7.4
2000-08-12,24.8,31.3,16.7,25.9,33.9,56,0.0,0.0,0.0,0.0,2.7,6.4
2000-08-13,23.1,27.0,19.1,24.2,26.8,68,5.8,5.8,0.0,11.0,4.39,10.0
2000-08-14,20.9,24.5,17.2,22.3,25.1,75,11.4,11.4,0.0,14.0,2.48,6.6
2000-08-15,23.0,28.7,15.7,24.7,31.6,67,0.0,0.0,0.0,0.0,2.5,6.1
2000-08-16,19.2,22.6,15.8,20.0,23.2,80,21.6,21.6,0.0,11.0,5.8,10.8
2000-08-17,20.5,26.3,16.1,21.4,27.6,67,0.0,0.0,0.0,0.0,2.56,6.6
2000-08-18,22.4,29.5,14.5,23.2,31.6,61,0.0,0.0,0.0,0.0,2.81,7.4
2000-08-19,24.0,31.0,17.1,24.2,32.0,55,0.0,0.0,0.0,0.0,4.51,9.9
2000-08-20,22.9,27.3,18.6,23.5,28.1,61,0.1,0.1,0.0,1.0,2.56,6.8
2000-08-21,18.8,20.9,16.6,19.3,22.6,81,8.6,8.6,0.0,13.0,4.33,9.8
2000-08-22,20.8,26.8,15.3,21.5,28.8,65,1.8,1.8,0.0,5.0,2.75,6.8
2000-08-23,21.9,28.6,16.2,21.5,28.7,55,0.0,0.0,0.0,0.0,3.67,8.5
2000-08-24,22.7,28.9,16.3,22.8,30.1,53,0.0,0.0,0.0,0.0,2.76,6.6
2000-08-25,22.5,27.7,16.8,22.7,28.8,60,0.0,0.0,0.0,0.0,4.24,11.1
2000-08-26,23.0,29.8,17.7,23.6,31.6,54,2.4,2.4,0.0,5.0,2.06,6.4
2000-08-27,19.3,23.1,15.4,19.6,23.8,70,6.2,6.2,0.0,8.0,2.47,7.2
2000-08-28,19.1,25.3,13.4,19.5,27.4,68,2.4,2.4,0.0,6.0,2.52,6.9
2000-08-29,20.8,28.1,14.3,21.2,29.7,62,0.8,0.8,0.0,2.0,3.26,8.5
2000-08-30,22.2,29.4,15.1,22.4,30.8,56,0.0,0.0,0.0,0.0,3.06,7.2
2000-08-31,23.5,31.0,15.6,24.0,32.5,56,0.1,0.1,0.0,1.0,3.13,7.4
2000-09-01,24.2,32.2,17.2,24.9,33.3,62,0.0,0.0,0.0,0.0,5.87,13.2
2000-09-02,20.9,24.7,17.9,21.1,24.0,71,1.5,1.5,0.0,7.0,5.61,12.6
2000-09-03,17.2,18.3,14.3,18.2,19.4,89,16.0,16.0,0.0,24.0,2.31,7.2
2000-09-04,15.2,16.6,13.7,15.4,17.3,86,16.7,16.7,0.0,23.0,1.84,4.5
2000-09-05,16.9,19.8,14.1,16.6,19.2,75,0.1,0.1,0.0,1.0,3.8,7.4
2000-09-06,14.4,16.4,11.9,13.5,15.0,77,3.5,3.5,0.0,13.0,2.82,7.3
2000-09-07,15.7,21.9,8.5,15.0,22.7,70,0.0,0.0,0.0,0.0,3.05,8.0
2000-09-08,17.7,23.5,11.5,17.0,22.7,67,0.0,0.0,0.0,0.0,3.62,9.4
2000-09-09,17.3,20.3,13.7,16.7,20.1,70,0.6,0.6,0.0,4.0,3.58,8.3
2000-09-10,17.5,21.5,12.8,17.1,21.1,69,0.0,0.0,0.0,0.0,2.97,7.0
2000-09-11,16.9,20.2,13.4,16.2,18.9,68,0.3,0.3,0.0,2.0,3.48,8.3
2000-09-12,18.0,23.7,12.9,17.7,23.6,65,0.0,0.0,0.0,0.0,2.09,5.6
2000-09-13,17.9,22.2,13.8,17.4,21.9,61,0.3,0.3,0.0,2.0,1.84,6.5
2000-09-14,18.6,24.9,12.2,18.0,26.0,58,0.0,0.0,0.0,0.0,2.56,6.1
2000-09-15,18.9,25.8,12.2,18.0,26.7,56,0.0,0.0,0.0,0.0,2.34,5.9
2000-09-16,19.7,25.3,13.6,18.7,25.9,47,0.0,0.0,0.0,0.0,2.21,5.1
2000-09-17,19.7,26.7,12.9,18.7,26.3,49,0.0,0.0,0.0,0.0,2.2,5.7
2000-09-18,17.9,23.5,13.9,16.5,21.7,55,1.5,1.5,0.0,5.0,3.68,8.4
2000-09-19,16.8,23.2,11.5,16.1,22.4,61,1.8,1.8,0.0,5.0,1.62,6.5
2000-09-20,17.3,24.4,10.9,16.1,23.5,57,0.0,0.0,0.0,0.0,3.61,6.6
2000-09-21,18.6,27.6,10.4,17.7,26.4,60,0.0,0.0,0.0,0.0,3.22,7.6
2000-09-22,18.4,22.6,13.2,18.1,22.0,68,1.2,1.2,0.0,6.0,2.56,6.1
2000-09-23,18.4,25.9,11.8,17.6,25.0,63,0.9,0.9,0.0,2.0,3.09,7.0
2000-09-24,13.8,16.2,11.4,13.0,16.2,76,6.6,6.6,0.0,14.0,3.76,9.0
2000-09-25,15.9,18.7,12.9,15.5,18.3,77,2.2,2.2,0.0,7.0,3.76,8.7
2000-09-26,17.8,22.3,14.6,18.2,22.4,77,4.6,4.6,0.0,8.0,3.0,6.4
2000-09-27,18.8,23.4,15.5,18.9,22.2,72,1.0,1.0,0.0,3.0,3.77,8.3
2000-09-28,16.6,20.2,12.0,16.0,19.5,78,13.9,13.9,0.0,8.0,5.0,11.6
2000-09-29,12.1,13.3,10.8,11.4,13.3,86,21.5,21.5,0.0,24.0,2.42,7.7
2000-09-30,13.5,15.7,11.2,13.4,15.3,85,4.0,4.0,0.0,15.0,1.5,3.9
2000-10-01,15.6,22.0,10.6,15.2,22.2,73,0.0,0.0,0.0,0.0,2.28,5.8
2000-10-02,16.8,24.7,10.5,16.3,25.1,67,0.0,0.0,0.0,0.0,2.69,6.8
2000-10-03,17.0,24.6,10.7,17.2,24.6,77,7.6,7.6,0.0,6.0,3.35,7.9
2000-10-04,17.5,23.1,12.9,17.3,23.0,69,9.4,9.4,0.0,6.0,2.55,6.8
2000-10-05,17.3,24.2,11.3,16.7,24.2,62,0.0,0.0,0.0,0.0,3.42,6.3
2000-10-06,16.6,23.2,10.2,15.2,23.7,66,0.0,0.0,0.0,0.0,6.17,13.6
2000-10-07,14.8,16.5,11.7,12.2,13.7,45,0.0,0.0,0.0,0.0,3.0,7.0
2000-10-08,14.0,19.6,8.1,12.7,18.7,66,1.7,1.7,0.0,3.0,4.31,9.7
2000-10-09,13.7,16.3,11.2,12.4,14.7,73,5.2,5.2,0.0,8.0,4.24,9.4
2000-10-10,9.0,11.7,4.5,6.9,10.6,86,17.8,16.3,1.05,24.0,4.94,11.0
2000-10-11,7.5,10.6,3.7,5.2,8.3,77,0.7,0.0,0.49,4.0,2.8,7.4
2000-10-12,10.2,13.4,6.9,8.4,10.9,76,0.9,0.9,0.0,5.0,3.34,8.2
2000-10-13,8.8,12.0,6.3,7.0,9.5,82,4.1,4.0,0.07,14.0,2.2,6.3
2000-10-14,9.8,15.3,4.8,8.2,13.4,78,0.0,0.0,0.0,0.0,2.97,7.4
2000-10-15,9.1,10.8,6.4,7.5,8.9,82,4.0,4.0,0.0,12.0,3.37,7.6
2000-10-16,10.8,19.5,4.9,8.9,16.8,73,0.0,0.0,0.0,0.0,3.01,9.6
2000-10-17,13.3,21.9,5.8,11.3,20.1,58,0.0,0.0,0.0,0.0,2.51,5.0
2000-10-18,11.9,15.9,7.9,10.3,13.9,73,0.0,0.0,0.0,0.0,2.86,8.7
2000-10-19,9.5,13.4,5.7,6.9,11.3,59,0.0,0.0,0.0,0.0,2.94,7.9
2000-10-20,8.1,13.0,4.5,5.4,11.1,69,0.0,0.0,0.0,0.0,3.97,10.2
2000-10-21,9.4,18.0,3.2,7.2,15.7,69,6.1,6.1,0.0,5.0,3.75,8.6
2000-10-22,11.1,20.0,4.0,9.8,18.4,79,0.0,0.0,0.0,0.0,2.16,5.2
2000-10-23,10.7,14.8,4.3,7.8,12.5,64,1.1,1.1,0.07,5.0,6.04,13.6
2000-10-24,5.1,7.8,1.7,1.9,4.6,65,1.7,0.0,1.19,8.0,3.54,9.4
2000-10-25,8.6,15.8,1.2,6.5,14.1,70,0.0,0.0,0.0,0.0,2.2,4.5
2000-10-26,9.8,15.4,5.4,7.1,13.0,63,0.0,0.0,0.0,0.0,4.38,10.2
2000-10-27,8.3,12.8,3.8,6.3,10.5,74,2.1,0.7,0.98,6.0,2.06,5.9
2000-10-28,4.9,7.0,2.3,1.3,4.4,70,1.3,0.1,1.05,4.0,5.26,13.3
2000-10-29,6.4,15.3,-2.0,3.1,12.2,59,0.0,0.0,0.0,0.0,3.33,5.6
2000-10-30,6.2,10.9,1.6,2.9,6.8,67,1.2,0.8,0.35,6.0,5.25,11.8
2000-10-31,6.4,14.4,-0.9,3.6,11.5,65,0.0,0.0,0.07,0.0,2.2,5.1
2000-11-01,8.0,16.1,1.0,5.1,13.2,55,0.0,0.0,0.0,0.0,2.06,5.0
2000-11-02,9.8,18.3,1.5,7.3,16.1,62,0.0,0.0,0.0,0.0,2.95,4.7
2000-11-03,10.5,18.0,3.6,7.6,15.4,59,0.6,0.6,0.0,2.0,6.11,16.8
2000-11-04,8.6,18.0,-0.1,5.7,15.0,60,0.0,0.0,0.0,0.0,3.11,4.5
2000-11-05,8.5,15.3,1.5,5.7,11.7,64,0.0,0.0,0.0,0.0,2.9,6.7
2000-11-06,4.0,6.7,0.9,-0.0,2.3,54,0.0,0.0,0.0,0.0,3.61,8.6
2000-11-07,3.8,8.1,-0.2,0.4,4.5,55,0.0,0.0,0.0,0.0,2.09,6.0
2000-11-08,6.4,15.5,-1.6,3.7,13.2,68,0.0,0.0,0.0,0.0,2.92,4.8
2000-11-09,1.8,5.1,-2.5,-2.8,0.0,57,0.0,0.0,0.0,0.0,5.52,12.5
2000-11-10,-0.8,2.1,-4.3,-4.6,-1.6,60,0.0,0.0,0.35,0.0,2.91,6.7
2000-11-11,0.4,4.4,-3.1,-3.2,0.3,65,0.0,0.0,0.0,0.0,3.06,7.5
2000-11-12,2.2,8.7,-3.4,-1.1,5.7,65,0.0,0.0,0.0,0.0,2.42,5.0
2000-11-13,3.0,9.2,-2.2,-0.2,5.8,70,0.0,0.0,0.0,0.0,2.62,6.5
2000-11-14,4.9,9.1,-0.1,2.0,5.2,69,1.5,0.0,1.12,3.0,3.06,7.0
2000-11-15,4.4,7.9,1.1,1.6,5.2,79,3.6,0.0,2.59,8.0,2.8,6.6
2000-11-16,2.5,6.3,-0.8,-0.9,3.0,62,0.0,0.0,0.0,0.0,2.44,7.5
2000-11-17,2.7,8.2,-1.9,-0.4,5.2,70,0.0,0.0,0.0,0.0,2.22,4.9
2000-11-18,1.1,3.2,-1.9,-3.1,-0.3,71,1.2,0.0,0.98,5.0,5.97,13.3
2000-11-19,-0.6,2.3,-3.0,-4.5,-0.8,58,0.2,0.0,0.28,2.0,2.37,6.5
2000-11-20,1.5,8.3,-4.6,-2.4,4.3,50,0.0,0.0,0.0,0.0,2.02,5.7
2000-11-21,2.0,8.9,-3.5,-1.9,5.2,47,0.0,0.0,0.0,0.0,2.06,5.0
2000-11-22,2.7,8.1,-1.8,-0.7,4.8,53,0.0,0.0,0.0,0.0,1.79,4.8
2000-11-23,4.2,10.9,-0.8,0.8,7.8,51,0.0,0.0,0.0,0.0,2.33,4.2
2000-11-24,5.4,12.8,0.9,2.0,9.5,53,0.0,0.0,0.0,0.0,2.66,4.8
2000-11-25,2.0,5.5,-1.7,-2.2,1.0,50,0.0,0.0,0.0,0.0,3.69,8.5
2000-11-26,2.0,5.3,-3.3,-1.3,2.0,61,0.0,0.0,0.0,0.0,1.94,4.8
2000-11-27,3.2,8.1,-1.8,0.2,4.9,62,0.0,0.0,0.0,0.0,2.5,4.7
2000-11-28,2.6,4.9,-0.7,-0.6,2.0,65,0.0,0.0,0.0,0.0,2.83,6.8
2000-11-29,2.5,4.6,-1.7,-0.8,1.5,57,0.0,0.0,0.21,0.0,2.72,4.3
2000-11-30,3.6,10.1,-2.9,0.1,7.1,60,0.0,0.0,0.0,0.0,2.92,5.0
2000-12-01,0.9,2.7,-2.0,-3.3,-1.3,57,1.8,0.0,1.54,8.0,3.26,8.2
2000-12-02,0.0,2.5,-4.1,-3.7,-0.9,52,0.0,0.0,0.0,0.0,2.73,4.5
2000-12-03,1.7,9.3,-4.9,-2.5,4.8,49,0.0,0.0,0.0,0.0,2.26,6.4
2000-12-04,2.0,8.4,-4.2,-1.9,4.5,41,0.0,0.0,0.0,0.0,1.79,4.6
2000-12-05,3.5,9.7,-3.8,-0.6,5.8,36,0.0,0.0,0.0,0.0,2.42,5.2
2000-12-06,4.2,9.6,-0.8,0.5,6.2,40,0.0,0.0,0.0,0.0,2.38,4.6
2000-12-07,2.9,10.1,-3.0,-0.8,6.5,52,0.0,0.0,0.0,0.0,2.42,4.7
2000-12-08,3.2,10.5,-3.2,-0.8,6.8,48,0.0,0.0,0.0,0.0,3.52,5.6
2000-12-09,0.2,3.7,-2.0,-4.2,-0.8,44,0.0,0.0,0.14,0.0,3.19,6.6
2000-12-10,-0.2,3.3,-5.4,-4.0,-0.7,47,0.0,0.0,0.0,0.0,2.0,5.5
2000-12-11,0.7,3.3,-3.8,-3.1,-0.6,50,0.0,0.0,0.0,0.0,2.28,6.2
2000-12-12,0.9,4.5,-3.1,-2.8,0.7,54,0.0,0.0,0.0,0.0,3.0,6.0
2000-12-13,-0.9,4.2,-5.2,-5.2,-0.9,55,0.0,0.0,0.0,0.0,3.61,8.4
2000-12-14,0.6,6.8,-5.3,-3.3,3.0,50,0.0,0.0,0.0,0.0,1.87,4.9
2000-12-15,1.4,7.1,-3.4,-2.3,3.7,47,0.0,0.0,0.0,0.0,1.77,4.4
2000-12-16,1.2,6.7,-4.0,-3.0,2.5,45,0.0,0.0,0.0,0.0,2.34,5.5
2000-12-17,3.0,9.6,-3.4,-1.0,5.8,42,0.0,0.0,0.0,0.0,2.04,4.9
2000-12-18,3.8,7.5,-0.5,0.4,3.4,50,0.0,0.0,0.0,0.0,1.93,5.3
2000-12-19,1.1,2.1,-1.7,-2.9,-1.7,59,0.0,0.0,0.21,0.0,3.36,8.0
2000-12-20,1.1,5.9,-3.7,-2.5,2.0,59,0.0,0.0,0.0,0.0,1.92,5.2
2000-12-21,2.2,9.3,-3.8,-2.1,4.5,47,0.0,0.0,0.0,0.0,2.93,7.2
2000-12-22,2.7,11.0,-3.7,-1.7,6.3,36,0.0,0.0,0.0,0.0,2.77,6.2
2000-12-23,3.0,8.8,-1.8,-1.1,4.4,35,0.0,0.0,0.0,0.0,2.0,5.6
2000-12-24,3.8,10.7,-1.5,0.0,6.9,40,0.0,0.0,0.0,0.0,1.8,4.9
2000-12-25,4.1,9.8,-0.5,0.2,6.0,38,0.0,0.0,0.0,0.0,2.37,4.4
2000-12-26,3.2,8.1,-0.1,-0.6,3.6,40,0.0,0.0,0.0,0.0,2.76,6.9
2000-12-27,3.4,9.4,-2.1,-0.2,5.6,46,0.0,0.0,0.0,0.0,2.72,4.5
2000-12-28,2.7,8.3,-2.6,-1.1,4.6,49,0.0,0.0,0.0,0.0,2.26,4.5
2000-12-29,3.6,7.9,-0.3,0.1,4.2,47,0.0,0.0,0.0,0.0,2.13,4.7
2000-12-30,3.1,8.8,-1.3,-0.5,5.3,45,0.0,0.0,0.0,0.0,2.2,4.4
2000-12-31,1.7,6.1,-2.4,-2.6,0.5,50,0.0,0.0,0.0,0.0,4.53,9.6
2001-01-01,1.2,4.2,-3.3,-2.6,0.8,44,0.0,0.0,0.0,0.0,2.26,4.4
2001-01-02,1.5,5.0,-2.8,-2.6,0.7,42,0.0,0.0,0.0,0.0,2.6,5.4
2001-01-03,1.3,7.6,-5.1,-2.7,3.7,38,0.0,0.0,0.0,0.0,2.44,4.9
2001-01-04,1.3,6.8,-3.0,-2.5,3.0,40,0.0,0.0,0.0,0.0,1.86,4.7
2001-01-05,-0.1,1.9,-2.8,-3.6,-1.1,60,1.2,0.0,0.98,7.0,2.19,5.6
2001-01-06,0.5,5.2,-3.7,-3.1,1.6,61,0.0,0.0,0.0,0.0,1.97,4.4
2001-01-07,-0.3,3.6,-3.9,-4.8,-1.9,53,0.0,0.0,0.0,0.0,5.02,11.2
2001-01-08,-3.1,-1.5,-6.2,-7.7,-6.1,49,0.4,0.0,0.35,4.0,3.11,8.0
2001-01-09,-1.0,5.0,-7.8,-5.2,0.3,35,0.0,0.0,0.0,0.0,1.84,5.5
2001-01-10,-0.0,4.6,-5.1,-4.3,0.5,26,0.0,0.0,0.0,0.0,2.04,4.8
2001-01-11,0.9,7.7,-4.4,-3.6,3.6,30,0.0,0.0,0.0,0.0,4.96,12.3
2001-01-12,1.0,6.5,-5.2,-3.8,0.5,30,0.0,0.0,0.0,0.0,4.36,10.6
2001-01-13,-3.2,-0.4,-6.0,-7.7,-4.7,48,0.0,0.0,0.0,0.0,3.05,6.9
2001-01-14,-1.2,4.4,-6.7,-5.2,0.6,39,0.0,0.0,0.0,0.0,1.7,4.9
2001-01-15,1.2,6.7,-2.7,-3.0,2.6,31,0.0,0.0,0.0,0.0,2.45,4.8
2001-01-16,0.8,6.1,-3.4,-3.3,2.5,34,0.0,0.0,0.0,0.0,2.55,4.9
2001-01-17,2.3,11.2,-4.2,-2.2,6.3,34,0.0,0.0,0.0,0.0,3.22,5.7
2001-01-18,0.3,2.5,-3.3,-4.4,-2.3,35,0.0,0.0,0.0,0.0,2.86,7.0
2001-01-19,1.0,6.3,-4.2,-3.2,2.5,29,0.0,0.0,0.0,0.0,2.42,5.1
2001-01-20,2.6,9.6,-3.0,-1.7,5.5,29,0.1,0.0,0.14,1.0,2.7,5.0
2001-01-21,3.5,8.9,-2.3,-0.6,4.8,34,0.0,0.0,0.0,0.0,2.76,5.4
2001-01-22,3.3,7.2,-1.1,-0.1,3.7,53,1.3,0.0,0.91,4.0,1.84,5.3
2001-01-23,0.8,2.7,-2.0,-3.1,-0.9,52,0.8,0.0,1.05,2.0,2.33,6.8
2001-01-24,-0.9,1.8,-3.5,-4.8,-1.9,66,1.0,0.0,0.84,8.0,3.54,8.5
2001-01-25,-1.2,2.0,-4.4,-5.1,-1.5,68,0.8,0.0,0.91,5.0,2.69,6.8
2001-01-26,-2.4,1.4,-5.5,-6.8,-2.7,49,0.0,0.0,0.0,0.0,4.34,9.6
2001-01-27,-3.2,0.6,-7.2,-7.4,-3.6,54,0.0,0.0,0.0,0.0,3.34,7.5
2001-01-28,-3.4,1.1,-7.8,-7.4,-2.4,45,0.0,0.0,0.0,0.0,2.3,5.0
2001-01-29,-2.5,2.3,-6.9,-6.7,-1.5,47,0.0,0.0,0.0,0.0,3.47,7.9
2001-01-30,-1.5,4.0,-6.2,-6.3,-0.9,44,0.0,0.0,0.0,0.0,5.24,12.3
2001-01-31,-1.1,2.2,-5.9,-5.6,-2.6,29,0.0,0.0,0.0,0.0,2.38,5.5
2001-02-01,0.5,4.9,-5.0,-3.8,-0.3,33,0.0,0.0,0.0,0.0,3.54,8.2
2001-02-02,-0.2,4.0,-4.6,-4.6,-0.6,35,0.0,0.0,0.0,0.0,3.62,8.3
2001-02-03,0.9,5.2,-3.5,-3.1,1.0,35,0.0,0.0,0.0,0.0,1.88,4.9
2001-02-04,1.3,5.9,-4.6,-2.3,2.1,50,0.0,0.0,0.14,0.0,1.89,5.9
2001-02-05,4.6,9.7,0.2,1.3,5.9,60,0.7,0.0,0.56,5.0,3.18,6.7
2001-02-06,2.0,5.0,-0.2,-2.2,0.3,47,2.3,0.0,1.75,10.0,3.28,7.8
2001-02-07,0.5,6.2,-3.9,-3.3,1.9,42,0.0,0.0,0.0,0.0,2.08,5.2
2001-02-08,1.0,6.2,-3.9,-3.2,0.8,43,0.0,0.0,0.0,0.0,3.8,8.7
2001-02-09,2.1,8.7,-2.8,-1.9,4.8,35,0.0,0.0,0.0,0.0,2.58,4.9
2001-02-10,2.6,9.7,-3.8,-1.4,4.8,42,0.0,0.0,0.0,0.0,2.87,6.5
2001-02-11,1.6,3.5,-1.0,-2.3,0.2,63,3.9,0.0,2.94,15.0,3.97,8.8
2001-02-12,-1.4,-0.3,-2.7,-5.6,-4.3,63,1.7,0.0,1.47,9.0,3.55,8.8
2001-02-13,-0.2,5.2,-3.9,-4.0,1.3,45,0.0,0.0,0.0,0.0,3.09,6.0
2001-02-14,0.9,8.1,-4.4,-3.2,3.8,38,0.0,0.0,0.0,0.0,3.0,6.4
2001-02-15,1.4,8.6,-4.5,-2.6,4.8,36,0.0,0.0,0.0,0.0,2.52,4.5
2001-02-16,2.8,9.4,-2.8,-1.1,5.3,41,0.0,0.0,0.0,0.0,2.92,5.4
2001-02-17,5.4,15.1,-1.9,1.5,11.4,33,0.0,0.0,0.0,0.0,2.64,4.9
2001-02-18,5.3,11.7,0.6,1.7,7.6,52,0.0,0.0,0.0,0.0,2.76,7.6
2001-02-19,5.5,12.7,-1.6,1.8,8.6,35,0.0,0.0,0.0,0.0,2.11,5.9
2001-02-20,6.6,14.5,-0.6,3.0,11.0,36,0.0,0.0,0.0,0.0,2.83,5.2
2001-02-21,6.9,17.7,-0.9,3.1,13.9,40,0.0,0.0,0.0,0.0,3.22,6.1
2001-02-22,5.6,9.2,1.7,1.3,4.5,37,0.0,0.0,0.0,0.0,3.35,8.5
2001-02-23,2.4,6.2,-0.9,-2.2,0.7,43,0.0,0.0,0.0,0.0,4.76,11.2
2001-02-24,2.5,9.8,-3.5,-1.7,5.1,31,0.0,0.0,0.0,0.0,3.76,8.4
2001-02-25,3.8,10.5,-0.7,0.4,7.4,50,0.0,0.0,0.14,0.0,2.62,5.3
2001-02-26,4.0,7.9,0.2,0.1,2.5,54,0.0,0.0,0.0,0.0,4.27,9.8
2001-02-27,4.5,9.9,-0.1,0.6,5.3,38,0.0,0.0,0.0,0.0,3.23,7.4
2001-02-28,5.7,12.9,-0.6,1.5,8.3,31,0.1,0.1,0.0,1.0,3.45,8.9
2001-03-01,5.1,11.6,-0.2,0.3,4.8,30,0.0,0.0,0.0,0.0,5.75,13.2
2001-03-02,3.8,8.0,0.2,-1.1,3.4,24,0.0,0.0,0.0,0.0,7.36,16.3
2001-03-03,4.4,14.2,-3.0,-0.3,7.5,23,0.0,0.0,0.0,0.0,5.3,12.3
2001-03-04,4.2,10.7,-1.7,-0.9,4.9,19,0.0,0.0,0.0,0.0,6.83,15.6
2001-03-05,6.6,15.1,0.4,1.3,8.1,16,0.0,0.0,0.0,0.0,7.51,17.1
2001-03-06,0.2,6.6,-4.5,-4.6,1.9,32,0.0,0.0,0.0,0.0,4.9,9.0
2001-03-07,0.4,7.2,-5.1,-4.0,2.8,22,0.0,0.0,0.0,0.0,3.94,8.3
2001-03-08,3.3,13.2,-4.5,-0.7,9.7,17,0.0,0.0,0.0,0.0,2.15,5.0
2001-03-09,7.1,15.8,0.6,2.6,10.7,24,0.0,0.0,0.0,0.0,3.57,7.7
2001-03-10,7.6,14.9,1.6,2.9,10.2,12,0.0,0.0,0.0,0.0,3.77,8.4
2001-03-11,7.7,17.2,0.6,3.4,12.7,16,0.0,0.0,0.0,0.0,3.23,8.0
2001-03-12,9.1,20.8,-0.7,4.9,16.1,28,0.0,0.0,0.0,0.0,2.78,7.8
2001-03-13,10.0,19.9,3.0,5.7,16.1,28,0.0,0.0,0.0,0.0,6.79,15.0
2001-03-14,5.9,13.0,-0.3,1.4,8.4,16,0.0,0.0,0.0,0.0,2.85,7.6
2001-03-15,7.0,14.5,1.5,2.9,9.7,30,0.0,0.0,0.0,0.0,5.39,11.9
2001-03-16,5.9,11.1,2.2,1.9,6.8,34,0.0,0.0,0.0,0.0,2.8,8.2
2001-03-17,6.5,13.7,-0.2,2.4,9.8,24,0.0,0.0,0.0,0.0,3.47,7.2
2001-03-18,8.4,15.6,4.0,4.8,12.0,34,0.0,0.0,0.14,0.0,2.83,6.2
2001-03-19,9.1,14.4,4.3,5.4,10.6,32,0.4,0.0,0.56,2.0,3.22,7.9
2001-03-20,11.0,21.8,1.9,6.6,17.0,24,0.0,0.0,0.0,0.0,3.95,10.3
2001-03-21,10.8,18.5,4.3,6.1,12.9,18,0.0,0.0,0.0,0.0,4.71,10.8
2001-03-22,11.5,19.1,5.6,7.8,15.7,27,0.0,0.0,0.0,0.0,3.38,7.7
2001-03-23,11.1,17.7,5.7,7.7,13.4,34,0.0,0.0,0.0,0.0,3.04,7.5
2001-03-24,10.2,15.5,3.3,6.7,12.8,44,0.0,0.0,0.0,0.0,4.03,9.6
2001-03-25,10.9,17.8,4.4,7.1,14.0,27,0.0,0.0,0.0,0.0,2.84,7.5
2001-03-26,10.6,15.8,5.1,6.8,12.6,29,0.3,0.3,0.0,2.0,5.15,12.7
2001-03-27,8.0,13.3,1.7,3.9,9.3,30,0.2,0.0,0.14,2.0,5.52,12.7
2001-03-28,9.2,18.2,1.9,5.2,12.4,31,0.0,0.0,0.0,0.0,5.48,12.8
2001-03-29,11.9,22.3,2.6,7.8,18.5,20,0.0,0.0,0.0,0.0,3.28,7.8
2001-03-30,14.1,22.8,4.8,10.0,19.3,10,0.0,0.0,0.0,0.0,3.09,6.6
2001-03-31,15.1,24.7,5.3,11.1,20.9,14,0.0,0.0,0.0,0.0,3.64,9.1
2001-04-01,16.1,25.6,6.3,12.7,21.8,32,0.0,0.0,0.0,0.0,4.25,9.7
2001-04-02,17.1,24.7,8.5,13.8,22.0,28,0.0,0.0,0.0,0.0,3.55,8.5
2001-04-03,14.8,20.1,9.8,12.6,18.2,53,11.9,11.9,0.0,9.0,2.71,8.8
2001-04-04,14.5,22.0,6.7,12.3,18.7,56,0.0,0.0,0.0,0.0,5.54,9.4
2001-04-05,10.2,16.1,4.9,6.6,12.9,42,1.2,0.0,0.84,5.0,5.63,14.0
2001-04-06,12.1,21.7,3.6,8.3,19.7,39,0.0,0.0,0.0,0.0,8.2,18.1
2001-04-07,13.0,18.5,8.1,10.2,16.0,31,0.0,0.0,0.0,0.0,3.26,6.2
2001-04-08,11.0,23.7,1.5,6.7,20.8,43,0.3,0.0,0.21,2.0,10.45,23.1
2001-04-09,-0.7,1.9,-2.5,-5.9,-3.6,49,2.0,0.0,1.54,12.0,5.16,12.7
2001-04-10,0.7,4.6,-2.0,-3.4,0.2,36,0.0,0.0,0.0,0.0,2.13,6.7
2001-04-11,5.5,15.1,-2.8,1.6,11.1,32,0.0,0.0,0.0,0.0,3.19,7.9
2001-04-12,11.5,22.0,1.8,7.4,18.5,22,0.0,0.0,0.0,0.0,4.62,11.7
2001-04-13,11.8,15.8,7.4,7.4,12.3,18,0.0,0.0,0.0,0.0,5.13,10.8
2001-04-14,11.2,19.3,3.9,7.7,15.5,27,0.0,0.0,0.0,0.0,2.85,7.4
2001-04-15,14.9,24.9,5.2,11.0,20.6,24,0.0,0.0,0.0,0.0,3.8,8.5
2001-04-16,18.5,26.9,10.7,14.3,22.0,14,0.0,0.0,0.0,0.0,3.42,9.3
2001-04-17,19.5,28.8,10.2,16.7,24.9,34,0.4,0.4,0.0,2.0,4.25,8.9
2001-04-18,21.0,27.7,14.4,19.5,25.8,45,0.0,0.0,0.0,0.0,4.72,10.1
2001-04-19,18.0,22.2,13.9,15.4,18.5,43,0.8,0.8,0.0,3.0,4.74,10.9
2001-04-20,9.1,16.8,4.8,6.5,15.2,72,14.3,5.5,6.16,19.0,4.61,10.5
2001-04-21,10.3,17.5,3.1,8.2,15.8,72,0.2,0.2,0.0,1.0,4.58,11.6
2001-04-22,12.1,16.0,9.4,9.9,13.4,66,0.8,0.8,0.0,3.0,4.49,12.2
2001-04-23,11.5,15.9,8.7,8.7,11.9,57,0.0,0.0,0.0,0.0,3.76,8.9
2001-04-24,12.5,20.5,6.9,10.6,19.3,59,1.6,1.6,0.0,3.0,4.65,8.5
2001-04-25,12.5,17.9,9.1,10.8,15.6,70,0.5,0.5,0.0,2.0,3.4,7.6
2001-04-26,15.3,23.3,9.7,14.0,22.4,64,0.8,0.8,0.0,2.0,5.41,13.2
2001-04-27,12.6,16.1,10.1,11.0,15.3,75,5.9,5.9,0.0,13.0,5.87,13.1
2001-04-28,12.1,16.4,9.7,10.9,14.9,76,3.8,3.8,0.0,8.0,3.18,6.9
2001-04-29,8.5,11.4,5.3,5.1,9.2,67,0.0,0.0,0.0,0.0,6.86,15.3
2001-04-30,12.2,21.2,5.1,9.5,17.7,50,0.0,0.0,0.0,0.0,3.42,8.5
2001-05-01,17.4,27.6,7.2,14.2,23.4,32,0.0,0.0,0.0,0.0,3.82,10.3
2001-05-02,17.8,23.9,13.1,15.0,20.1,33,0.1,0.1,0.0,1.0,3.55,8.9
2001-05-03,16.6,22.0,11.3,13.9,19.8,42,0.0,0.0,0.0,0.0,3.79,9.7
2001-05-04,18.2,23.6,13.5,15.4,20.7,37,0.0,0.0,0.0,0.0,3.48,9.5
2001-05-05,21.0,30.7,11.8,18.3,27.6,30,0.0,0.0,0.0,0.0,3.94,9.1
2001-05-06,16.1,20.2,10.7,12.4,17.3,39,0.5,0.5,0.0,3.0,6.72,14.3
2001-05-07,13.8,18.4,9.4,11.9,15.4,57,0.2,0.2,0.0,2.0,2.73,7.0
2001-05-08,16.9,22.8,11.3,14.2,20.6,29,0.3,0.3,0.0,3.0,2.56,6.3
2001-05-09,17.5,24.4,10.3,14.8,21.4,32,0.0,0.0,0.0,0.0,2.73,7.0
2001-05-10,19.7,27.2,11.3,17.0,25.4,32,0.0,0.0,0.0,0.0,3.5,8.2
2001-05-11,20.0,26.7,13.8,17.9,24.4,37,0.2,0.2,0.0,1.0,3.22,6.6
2001-05-12,21.5,30.0,12.6,18.8,26.5,33,0.0,0.0,0.0,0.0,3.94,10.6
2001-05-13,21.4,29.1,14.1,18.0,26.1,27,0.0,0.0,0.0,0.0,6.16,13.4
2001-05-14,17.0,21.8,11.4,14.0,18.4,41,0.0,0.0,0.0,0.0,4.48,11.1
2001-05-15,17.1,20.2,14.1,14.1,19.0,32,0.0,0.0,0.0,0.0,3.8,9.3
2001-05-16,17.0,21.7,12.5,14.7,18.9,41,0.0,0.0,0.0,0.0,2.42,6.1
2001-05-17,18.5,23.8,12.6,15.4,20.0,33,0.0,0.0,0.0,0.0,3.97,9.8
2001-05-18,19.8,27.5,12.2,16.7,25.0,22,0.0,0.0,0.0,0.0,2.47,7.6
2001-05-19,21.6,28.1,14.7,18.6,25.8,24,0.0,0.0,0.0,0.0,2.6,7.4
2001-05-20,22.9,30.8,14.1,20.4,28.5,26,0.0,0.0,0.0,0.0,3.71,8.8
2001-05-21,25.0,34.1,15.6,22.1,31.7,20,0.0,0.0,0.0,0.0,2.84,8.0
2001-05-22,22.9,28.6,17.8,18.9,23.8,27,0.0,0.0,0.0,0.0,8.0,17.6
2001-05-23,15.8,20.0,12.6,12.8,16.4,52,0.7,0.7,0.0,3.0,5.45,12.5
2001-05-24,19.2,27.8,11.6,17.1,24.9,40,0.0,0.0,0.0,0.0,3.48,10.2
2001-05-25,15.4,18.2,12.9,13.7,16.0,61,3.2,3.2,0.0,12.0,3.52,9.0
2001-05-26,18.5,23.7,13.1,17.1,22.4,50,0.0,0.0,0.0,0.0,3.04,7.8
2001-05-27,20.9,26.9,14.6,19.8,27.1,42,1.1,1.1,0.0,4.0,3.44,8.2
2001-05-28,19.1,21.7,16.5,18.2,20.6,52,4.7,4.7,0.0,11.0,2.48,6.6
2001-05-29,19.3,25.8,14.0,18.4,25.1,54,1.0,1.0,0.0,2.0,5.43,13.5
2001-05-30,19.0,22.8,15.8,17.4,21.4,47,0.3,0.3,0.0,2.0,2.71,7.2
2001-05-31,19.7,24.4,13.9,18.4,25.0,44,0.3,0.3,0.0,3.0,2.83,7.4
2001-06-01,21.8,29.5,14.6,20.0,27.1,39,0.0,0.0,0.0,0.0,3.82,9.0
2001-06-02,22.3,29.0,15.3,21.1,28.4,44,0.0,0.0,0.0,0.0,4.53,10.6
2001-06-03,22.8,29.7,15.5,21.6,29.2,41,0.5,0.5,0.0,2.0,3.54,10.1
2001-06-04,24.4,32.3,15.9,21.8,29.5,27,0.0,0.0,0.0,0.0,4.33,10.7
2001-06-05,24.7,32.2,16.5,22.2,29.0,28,0.0,0.0,0.0,0.0,3.96,10.7
2001-06-06,22.5,28.0,17.4,21.3,27.0,41,2.1,2.1,0.0,8.0,3.14,9.6
2001-06-07,23.3,30.3,15.9,22.1,29.4,44,0.0,0.0,0.0,0.0,4.44,10.7
2001-06-08,22.9,27.4,18.7,22.8,27.8,54,0.1,0.1,0.0,1.0,3.88,9.3
2001-06-09,24.0,31.8,17.3,23.8,30.1,53,0.6,0.6,0.0,2.0,4.85,11.9
2001-06-10,23.0,26.6,18.4,22.3,24.8,50,3.3,3.3,0.0,6.0,4.1,9.8
2001-06-11,20.7,25.7,17.3,20.9,24.9,62,6.1,6.1,0.0,10.0,2.91,7.9
2001-06-12,21.8,28.9,14.9,20.7,26.9,46,0.8,0.8,0.0,2.0,4.7,11.0
2001-06-13,24.8,34.2,14.7,22.9,32.7,29,0.0,0.0,0.0,0.0,2.8,6.9
2001-06-14,25.7,31.4,20.2,23.3,28.6,27,0.0,0.0,0.0,0.0,5.14,10.0
2001-06-15,21.7,24.7,19.7,19.9,22.6,42,0.4,0.4,0.0,2.0,4.05,9.5
2001-06-16,22.2,29.4,15.4,21.3,29.1,42,1.4,1.4,0.0,2.0,2.81,9.1
2001-06-17,21.7,25.7,17.0,22.0,25.2,58,3.7,3.7,0.0,13.0,3.11,8.5
2001-06-18,24.2,32.1,15.7,23.6,31.3,43,0.9,0.9,0.0,2.0,3.2,8.6
2001-06-19,22.4,24.5,19.6,21.7,23.6,48,1.0,1.0,0.0,7.0,2.97,7.4
2001-06-20,21.0,25.1,17.7,20.1,23.7,52,0.0,0.0,0.0,0.0,4.1,9.0
2001-06-21,23.6,31.0,14.2,22.6,30.4,40,0.0,0.0,0.0,0.0,2.53,6.8
2001-06-22,25.7,32.2,18.2,24.3,32.4,27,0.0,0.0,0.0,0.0,2.24,6.1
2001-06-23,26.0,33.1,18.2,24.4,32.5,30,0.2,0.2,0.0,1.0,3.82,9.4
2001-06-24,26.8,34.8,17.9,25.9,33.9,35,0.0,0.0,0.0,0.0,3.33,10.5
2001-06-25,27.9,36.0,20.1,26.8,33.2,37,0.0,0.0,0.0,0.0,5.46,13.0
2001-06-26,25.5,30.2,20.9,25.7,29.1,52,0.0,0.0,0.0,0.0,4.05,9.3
2001-06-27,24.0,27.4,21.0,23.8,26.3,52,0.0,0.0,0.0,0.0,4.34,11.1
2001-06-28,18.7,22.1,17.0,19.2,22.2,78,26.0,26.0,0.0,16.0,4.0,11.0
2001-06-29,22.5,29.2,14.0,22.6,30.7,53,0.5,0.5,0.0,2.0,2.72,8.1
2001-06-30,24.4,32.1,16.7,24.3,34.0,47,0.0,0.0,0.0,0.0,4.44,9.3
2001-07-01,22.9,30.0,19.0,23.2,31.5,52,3.0,3.0,0.0,7.0,4.63,11.4
2001-07-02,22.4,28.7,17.6,22.3,28.1,55,0.0,0.0,0.0,0.0,4.05,10.4
2001-07-03,24.6,33.1,16.4,24.0,32.4,43,0.0,0.0,0.0,0.0,3.08,7.0
2001-07-04,27.5,37.0,18.4,27.7,37.1,44,0.0,0.0,0.0,0.0,4.44,10.3
2001-07-05,28.5,36.7,21.1,29.8,38.6,54,0.0,0.0,0.0,0.0,6.12,13.4
2001-07-06,28.4,35.1,23.0,29.7,35.8,51,0.1,0.1,0.0,1.0,4.33,11.1
2001-07-07,27.8,32.9,23.2,28.4,33.2,49,0.3,0.3,0.0,2.0,3.61,8.0
2001-07-08,29.3,36.3,23.6,30.5,37.8,47,1.3,1.3,0.0,3.0,6.47,14.3
2001-07-09,20.4,23.6,17.6,19.9,22.8,61,0.6,0.6,0.0,3.0,5.8,14.2
2001-07-10,20.2,23.1,17.9,21.0,24.2,67,5.8,5.8,0.0,11.0,1.8,5.2
2001-07-11,24.5,33.8,15.3,24.2,33.5,43,0.0,0.0,0.0,0.0,2.65,7.2
2001-07-12,27.2,34.1,19.4,27.0,35.7,34,0.0,0.0,0.0,0.0,1.75,6.7
2001-07-13,28.5,37.6,19.3,27.6,36.8,30,0.0,0.0,0.0,0.0,3.69,10.1
2001-07-14,30.0,38.2,21.9,29.2,37.8,33,0.0,0.0,0.0,0.0,5.11,13.0
2001-07-15,29.4,38.1,22.9,30.1,38.7,45,1.1,1.1,0.0,1.0,5.52,13.7
2001-07-16,28.5,35.9,22.3,30.2,37.6,54,0.8,0.8,0.0,1.0,3.83,10.4
2001-07-17,25.9,29.2,23.3,27.6,29.4,65,1.9,1.9,0.0,6.0,5.2,12.5
2001-07-18,22.3,24.2,19.4,24.4,27.5,80,6.7,6.7,0.0,18.0,4.29,10.4
2001-07-19,20.3,22.4,18.4,22.2,24.3,83,5.0,5.0,0.0,12.0,3.32,8.2
2001-07-20,23.5,28.7,19.6,25.6,31.4,72,2.1,2.1,0.0,10.0,4.49,9.8
2001-07-21,24.2,32.9,18.8,25.6,34.4,60,2.8,2.8,0.0,3.0,2.22,8.4
2001-07-22,26.1,34.9,18.7,27.5,36.2,54,0.0,0.0,0.0,0.0,2.76,6.0
2001-07-23,25.7,32.6,20.2,26.8,34.6,58,5.0,5.0,0.0,5.0,5.06,12.4
2001-07-24,23.0,27.9,18.4,23.7,28.3,61,1.8,1.8,0.0,4.0,3.2,7.1
2001-07-25,22.3,25.8,19.4,24.0,27.2,71,6.3,6.3,0.0,13.0,2.14,7.7
2001-07-26,21.4,23.5,19.3,23.2,25.0,80,4.6,4.6,0.0,12.0,4.24,9.6
2001-07-27,22.0,26.2,18.1,22.8,25.9,67,0.1,0.1,0.0,1.0,3.11,7.7
2001-07-28,21.9,26.2,18.1,23.2,27.3,66,4.4,4.4,0.0,7.0,2.14,5.9
2001-07-29,23.3,30.7,16.8,24.5,31.9,62,0.0,0.0,0.0,0.0,2.94,7.8
2001-07-30,25.4,32.6,18.7,26.0,33.3,52,0.0,0.0,0.0,0.0,3.44,8.3
2001-07-31,26.6,33.8,19.0,26.6,33.7,46,0.0,0.0,0.0,0.0,4.09,10.0
2001-08-01,26.8,34.5,19.4,27.2,34.6,46,0.0,0.0,0.0,0.0,3.4,10.3
2001-08-02,27.2,35.3,20.1,27.7,34.6,48,0.0,0.0,0.0,0.0,3.98,10.6
2001-08-03,27.5,34.9,20.5,28.5,35.3,52,0.0,0.0,0.0,0.0,4.95,12.6
2001-08-04,27.5,35.8,21.3,28.8,36.4,54,0.0,0.0,0.0,0.0,5.14,11.2
2001-08-05,25.9,31.4,21.7,27.2,33.2,59,5.0,5.0,0.0,3.0,4.81,12.5
2001-08-06,25.8,30.4,20.6,26.7,30.6,52,0.2,0.2,0.0,1.0,2.72,6.5
2001-08-07,23.2,25.9,20.2,23.7,27.1,60,3.6,3.6,0.0,17.0,4.9,10.4
2001-08-08,24.0,29.7,19.1,24.2,29.2,52,0.1,0.1,0.0,1.0,3.57,9.2
2001-08-09,25.4,34.0,17.8,25.5,34.3,46,0.0,0.0,0.0,0.0,4.38,10.2
2001-08-10,25.6,30.8,20.5,27.1,33.9,57,6.6,6.6,0.0,4.0,3.22,9.3
2001-08-11,26.2,33.6,19.7,26.9,34.9,52,0.0,0.0,0.0,0.0,4.5,9.6
2001-08-12,22.0,27.6,18.1,22.4,26.4,64,2.9,2.9,0.0,6.0,4.3,11.1
2001-08-13,23.7,31.4,17.0,23.8,30.4,52,0.0,0.0,0.0,0.0,2.31,6.6
2001-08-14,25.3,34.1,16.7,24.5,34.5,35,0.0,0.0,0.0,0.0,3.04,5.6
2001-08-15,26.1,34.4,18.7,26.1,35.1,47,0.7,0.7,0.0,4.0,5.96,13.9
2001-08-16,20.1,24.2,16.5,20.8,25.6,72,8.8,8.8,0.0,11.0,4.24,10.3
2001-08-17,21.2,24.4,18.8,22.4,25.0,72,1.3,1.3,0.0,6.0,3.72,8.2
2001-08-18,17.0,19.5,15.5,17.8,21.5,91,34.7,34.7,0.0,21.0,4.39,11.0
2001-08-19,19.0,25.7,13.4,19.2,25.4,64,0.0,0.0,0.0,0.0,2.48,5.9
2001-08-20,20.7,28.8,13.8,20.5,29.3,55,0.0,0.0,0.0,0.0,3.02,6.4
2001-08-21,22.4,30.9,15.1,22.4,32.3,54,0.0,0.0,0.0,0.0,3.0,7.6
2001-08-22,22.5,27.3,18.6,21.9,25.7,50,0.1,0.1,0.0,1.0,3.54,9.2
2001-08-23,20.8,25.8,16.3,21.3,26.1,64,3.0,3.0,0.0,11.0,2.26,6.3
2001-08-24,21.3,27.3,15.9,22.1,28.2,65,0.0,0.0,0.0,0.0,2.48,6.6
2001-08-25,22.0,29.5,16.6,22.7,30.3,62,0.7,0.7,0.0,3.0,2.85,7.3
2001-08-26,21.1,24.7,18.0,22.6,26.5,74,9.4,9.4,0.0,11.0,2.12,6.5
2001-08-27,20.8,26.9,15.9,22.0,27.6,71,0.9,0.9,0.0,6.0,3.21,7.5
2001-08-28,21.2,27.4,17.6,22.6,30.7,71,6.0,6.0,0.0,11.0,2.47,7.8
2001-08-29,20.5,26.5,15.7,21.1,27.3,70,0.6,0.6,0.0,3.0,3.47,8.2
2001-08-30,20.5,24.1,17.7,21.2,24.6,72,4.7,4.7,0.0,13.0,3.05,7.6
2001-08-31,20.8,27.0,16.4,21.4,26.5,68,0.5,0.5,0.0,3.0,2.46,6.8
2001-09-01,22.0,29.2,17.4,22.6,29.3,67,1.8,1.8,0.0,3.0,3.86,9.7
2001-09-02,17.4,20.5,15.6,17.8,21.1,84,32.3,32.3,0.0,18.0,3.47,10.3
2001-09-03,19.4,25.9,14.1,19.8,26.3,67,0.6,0.6,0.0,2.0,2.66,7.0
2001-09-04,20.1,27.2,14.6,20.1,28.7,61,0.0,0.0,0.0,0.0,4.55,11.1
2001-09-05,21.4,29.4,14.6,21.4,29.0,59,0.0,0.0,0.0,0.0,3.69,8.9
2001-09-06,19.6,24.6,15.3,19.9,25.1,73,15.9,15.9,0.0,8.0,4.22,10.6
2001-09-07,17.3,22.4,14.2,16.7,21.0,69,2.7,2.7,0.0,8.0,3.72,7.8
2001-09-08,19.4,27.2,12.7,18.8,27.5,56,0.0,0.0,0.0,0.0,3.14,7.3
2001-09-09,19.2,23.3,14.7,17.9,22.7,53,0.0,0.0,0.0,0.0,3.64,8.7
2001-09-10,18.8,27.9,12.4,18.5,28.2,65,0.0,0.0,0.0,0.0,3.96,9.3
2001-09-11,19.1,23.9,14.7,19.5,25.9,71,0.0,0.0,0.0,0.0,2.94,7.9
2001-09-12,20.5,26.8,15.2,21.1,27.2,68,0.0,0.0,0.0,0.0,3.0,7.1
2001-09-13,21.2,29.3,15.7,21.3,28.6,67,0.0,0.0,0.0,0.0,5.1,11.2
2001-09-14,20.9,24.1,17.8,22.1,24.2,73,3.6,3.6,0.0,7.0,3.07,9.3
2001-09-15,21.8,27.9,16.8,22.7,29.4,70,1.2,1.2,0.0,3.0,4.88,11.6
2001-09-16,15.1,17.8,13.5,14.7,16.6,80,11.3,11.3,0.0,21.0,3.29,9.4
2001-09-17,15.1,16.6,13.8,15.2,16.3,87,3.6,3.6,0.0,15.0,2.51,6.3
2001-09-18,13.9,15.0,12.4,14.0,15.5,94,11.3,11.3,0.0,23.0,2.47,6.1
2001-09-19,14.0,17.5,11.5,13.6,16.7,84,4.4,4.4,0.0,7.0,2.48,6.0
2001-09-20,16.3,20.9,13.5,16.2,20.3,78,0.0,0.0,0.0,0.0,2.89,7.2
2001-09-21,17.9,25.3,13.5,18.2,25.5,74,0.0,0.0,0.0,0.0,2.61,7.2
2001-09-22,16.8,19.1,15.3,16.9,19.3,81,0.4,0.4,0.0,4.0,4.19,8.6
2001-09-23,15.0,16.0,13.6,14.9,15.7,84,3.9,3.9,0.0,16.0,2.53,6.2
2001-09-24,15.0,19.5,12.0,14.6,18.0,80,0.9,0.9,0.0,5.0,3.18,7.1
2001-09-25,15.3,19.3,11.7,15.0,19.3,77,0.8,0.8,0.0,4.0,2.06,5.6
2001-09-26,15.9,21.1,12.1,15.7,20.3,78,0.2,0.2,0.0,2.0,2.9,7.3
2001-09-27,17.1,21.4,12.9,16.5,19.8,75,0.5,0.5,0.0,2.0,4.92,11.5
2001-09-28,15.9,17.4,15.0,16.5,18.1,87,8.8,8.8,0.0,14.0,2.21,6.9
2001-09-29,15.8,20.4,12.5,15.5,20.0,72,2.0,2.0,0.0,11.0,2.83,7.0
2001-09-30,16.1,23.9,10.4,15.6,22.7,67,0.0,0.0,0.0,0.0,2.9,4.8
2001-10-01,15.9,22.4,11.9,15.4,21.6,74,4.8,4.8,0.0,9.0,3.24,8.9
2001-10-02,12.1,17.4,8.0,10.2,14.8,71,5.3,5.3,0.0,11.0,7.05,15.8
2001-10-03,11.2,21.0,4.1,9.4,19.1,69,0.0,0.0,0.0,0.0,2.84,5.6
2001-10-04,13.7,21.5,7.0,12.6,20.7,69,0.0,0.0,0.0,0.0,2.42,6.4
2001-10-05,15.3,20.5,10.4,14.8,19.6,75,0.1,0.1,0.0,1.0,2.9,7.1
2001-10-06,15.5,19.6,13.1,15.1,18.1,75,2.0,2.0,0.0,8.0,2.47,5.9
2001-10-07,15.3,22.5,10.5,14.6,21.8,68,2.9,2.9,0.0,7.0,2.62,9.1
2001-10-08,12.8,18.7,8.3,10.7,16.4,57,0.4,0.4,0.0,2.0,3.39,8.8
2001-10-09,13.9,23.6,7.1,12.3,21.6,61,0.0,0.0,0.0,0.0,2.5,4.8
2001-10-10,13.4,19.4,7.9,12.4,18.3,77,0.1,0.1,0.0,1.0,2.31,5.7
2001-10-11,15.5,20.6,10.3,15.0,20.2,77,2.6,2.6,0.0,6.0,3.18,8.4
2001-10-12,15.5,18.0,13.9,15.4,17.3,79,0.4,0.4,0.0,1.0,2.83,6.4
2001-10-13,14.3,16.4,11.7,13.7,15.8,86,9.4,9.4,0.0,18.0,4.91,10.5
2001-10-14,12.0,17.5,9.6,10.1,15.1,63,0.2,0.2,0.0,1.0,3.38,9.5
2001-10-15,11.0,15.9,7.4,8.9,12.7,70,1.1,1.1,0.0,7.0,4.39,9.8
2001-10-16,11.7,19.3,6.4,9.8,17.3,68,0.6,0.6,0.0,3.0,2.3,5.0
2001-10-17,12.0,20.5,5.4,10.1,17.8,66,0.0,0.0,0.0,0.0,2.62,6.3
2001-10-18,13.2,17.8,9.7,11.8,15.8,69,0.0,0.0,0.0,0.0,2.19,5.4
2001-10-19,13.3,21.3,7.9,11.7,19.5,70,0.0,0.0,0.0,0.0,3.41,7.6
2001-10-20,14.0,21.0,9.4,13.1,19.7,72,4.1,4.1,0.0,7.0,2.83,6.2
2001-10-21,13.8,22.3,7.8,12.6,20.9,72,0.0,0.0,0.0,0.0,3.22,5.7
2001-10-22,13.8,20.7,8.1,12.6,20.1,72,0.0,0.0,0.0,0.0,2.55,5.5
2001-10-23,14.5,22.4,7.8,13.4,20.4,68,0.0,0.0,0.0,0.0,3.0,6.7
2001-10-24,14.2,17.4,11.5,13.4,16.1,75,3.6,3.6,0.0,11.0,2.66,6.9
2001-10-25,13.7,21.3,8.4,12.5,20.6,70,0.0,0.0,0.0,0.0,2.69,4.8
2001-10-26,12.8,19.3,6.8,11.0,18.6,69,1.4,1.4,0.0,4.0,4.1,8.8
2001-10-27,12.0,18.9,7.4,10.0,16.8,64,2.4,2.4,0.0,5.0,2.78,6.1
2001-10-28,11.8,20.8,5.5,9.6,18.5,60,0.0,0.0,0.0,0.0,2.55,4.7
2001-10-29,11.3,20.3,4.3,9.5,18.1,71,0.0,0.0,0.0,0.0,2.48,5.0
2001-10-30,8.2,9.3,6.7,5.7,7.6,80,1.9,1.8,0.07,6.0,4.06,9.3
2001-10-31,9.1,15.6,4.4,6.8,12.6,67,0.0,0.0,0.0,0.0,3.51,8.1
2001-11-01,10.0,17.3,4.2,8.0,14.8,70,0.1,0.1,0.0,1.0,3.35,7.7
2001-11-02,11.9,19.2,7.1,10.2,17.1,71,0.0,0.0,0.0,0.0,3.16,5.7
2001-11-03,8.0,9.6,5.8,5.7,7.8,83,3.0,2.5,0.35,15.0,3.53,8.6
2001-11-04,6.7,10.2,2.7,3.6,6.1,62,0.1,0.0,0.07,1.0,4.03,9.2
2001-11-05,7.7,15.4,0.6,4.7,11.5,60,0.0,0.0,0.0,0.0,3.47,8.1
2001-11-06,7.5,12.2,3.4,4.9,9.0,67,0.0,0.0,0.0,0.0,2.94,7.5
2001-11-07,7.1,12.3,3.8,4.1,8.6,58,0.0,0.0,0.0,0.0,2.62,6.7
2001-11-08,7.1,12.4,3.7,3.8,8.4,47,0.0,0.0,0.0,0.0,2.58,6.1
2001-11-09,6.7,12.1,1.1,3.6,8.8,56,0.0,0.0,0.0,0.0,2.21,5.0
2001-11-10,7.6,13.4,2.7,5.0,10.6,61,0.0,0.0,0.0,0.0,2.66,5.5
2001-11-11,7.1,16.7,0.8,4.2,13.3,67,0.0,0.0,0.0,0.0,2.91,5.6
2001-11-12,6.9,12.4,2.5,3.7,9.3,59,0.0,0.0,0.0,0.0,3.19,7.7
2001-11-13,5.3,12.7,-0.1,1.9,9.2,54,0.0,0.0,0.0,0.0,2.5,4.8
2001-11-14,6.1,14.5,0.1,2.5,10.9,53,0.0,0.0,0.0,0.0,3.16,6.9
2001-11-15,5.9,14.0,-0.6,2.3,10.4,47,0.0,0.0,0.0,0.0,2.36,4.4
2001-11-16,5.4,13.0,-0.6,2.1,9.4,54,0.0,0.0,0.0,0.0,2.47,4.4
2001-11-17,5.0,13.2,0.2,2.0,9.6,66,0.0,0.0,0.0,0.0,2.72,5.5
2001-11-18,4.7,13.5,-2.1,1.6,10.3,68,0.0,0.0,0.0,0.0,2.6,4.7
2001-11-19,5.4,13.4,-0.2,2.3,11.0,67,0.0,0.0,0.0,0.0,3.0,6.2
2001-11-20,6.0,14.6,-0.3,2.5,11.6,53,0.0,0.0,0.0,0.0,2.56,4.7
2001-11-21,6.2,15.6,-0.3,2.6,12.1,44,0.0,0.0,0.0,0.0,2.31,4.3
2001-11-22,6.2,14.3,1.2,3.0,11.4,56,0.0,0.0,0.0,0.0,2.7,4.6
2001-11-23,5.2,12.4,0.7,2.3,9.3,64,0.0,0.0,0.0,0.0,3.06,5.9
2001-11-24,4.4,12.3,-1.5,0.5,8.2,55,0.0,0.0,0.0,0.0,3.74,8.6
2001-11-25,2.1,6.1,-0.4,-1.5,3.1,60,0.1,0.0,0.35,1.0,3.0,7.1
2001-11-26,1.7,8.6,-4.3,-1.6,5.1,64,0.0,0.0,0.0,0.0,2.2,4.8
2001-11-27,3.6,12.1,-1.9,0.3,9.2,68,0.0,0.0,0.0,0.0,3.04,5.2
2001-11-28,3.5,10.0,0.1,0.3,6.9,63,0.1,0.0,0.14,1.0,2.55,5.3
2001-11-29,2.9,9.6,-2.2,-0.2,6.8,64,0.0,0.0,0.0,0.0,1.98,5.0
2001-11-30,4.3,10.8,0.2,1.2,8.6,63,0.0,0.0,0.0,0.0,3.11,6.5
2001-12-01,1.0,6.2,-3.5,-2.6,2.9,65,0.0,0.0,0.0,0.0,3.05,8.7
2001-12-02,0.7,2.7,-2.0,-3.2,-1.0,57,0.0,0.0,0.21,0.0,2.8,7.2
2001-12-03,0.4,7.4,-4.1,-3.0,3.7,66,0.0,0.0,0.0,0.0,3.91,10.1
2001-12-04,-2.5,-0.9,-4.6,-7.1,-5.2,57,0.0,0.0,0.35,0.0,3.52,9.7
2001-12-05,-3.8,-0.9,-5.3,-8.0,-5.2,60,0.0,0.0,0.0,0.0,2.11,5.7
2001-12-06,-3.4,1.5,-6.3,-7.1,-2.5,59,0.6,0.0,0.49,2.0,1.7,6.6
2001-12-07,-1.7,1.6,-5.2,-5.7,-2.7,60,0.0,0.0,0.0,0.0,2.28,5.9
2001-12-08,-1.2,1.1,-3.4,-4.8,-2.7,66,0.5,0.0,1.05,4.0,1.92,5.6
2001-12-09,0.0,5.8,-3.4,-3.5,2.1,68,0.0,0.0,0.0,0.0,2.58,4.8
2001-12-10,1.4,8.5,-3.9,-2.4,5.1,63,0.0,0.0,0.0,0.0,2.94,4.8
2001-12-11,-2.9,0.5,-8.1,-7.6,-3.0,68,0.0,0.0,0.35,0.0,5.05,11.5
2001-12-12,-7.5,-5.0,-10.3,-12.1,-9.2,49,0.3,0.0,0.49,3.0,3.11,7.2
2001-12-13,-5.2,-1.1,-8.0,-9.2,-4.9,46,0.0,0.0,0.0,0.0,1.61,4.2
2001-12-14,-3.4,1.7,-8.2,-7.3,-2.4,52,0.0,0.0,0.0,0.0,1.84,4.6
2001-12-15,-2.0,1.0,-5.2,-5.7,-2.8,57,0.0,0.0,0.0,0.0,1.42,4.9
2001-12-16,-0.4,3.7,-4.4,-3.9,0.1,55,0.0,0.0,0.0,0.0,1.21,4.5
2001-12-17,0.6,5.8,-3.4,-3.0,1.8,60,0.0,0.0,0.0,0.0,2.02,4.9
2001-12-18,0.9,8.1,-3.9,-2.8,4.4,61,0.0,0.0,0.0,0.0,2.55,4.4
2001-12-19,-1.3,1.8,-4.8,-5.8,-3.1,56,0.0,0.0,0.0,0.0,4.61,10.3
2001-12-20,-4.4,-0.0,-7.8,-8.9,-4.5,39,0.0,0.0,0.0,0.0,3.75,8.5
2001-12-21,-1.7,5.8,-7.0,-6.1,0.7,39,0.0,0.0,0.0,0.0,2.73,7.1
2001-12-22,0.5,8.7,-4.6,-4.4,3.1,30,0.0,0.0,0.0,0.0,3.26,8.1
2001-12-23,1.4,10.0,-3.6,-3.1,5.7,29,0.0,0.0,0.0,0.0,3.06,4.8
2001-12-24,1.4,6.7,-2.4,-2.7,2.0,34,0.0,0.0,0.0,0.0,2.42,5.4
2001-12-25,0.0,5.8,-3.8,-4.0,1.2,54,0.0,0.0,0.0,0.0,2.84,6.2
2001-12-26,0.1,6.4,-4.4,-3.9,2.5,47,0.0,0.0,0.0,0.0,2.98,5.1
2001-12-27,-0.6,4.4,-4.7,-4.5,0.4,50,0.0,0.0,0.14,0.0,2.76,6.1
2001-12-28,0.5,8.4,-4.2,-3.6,4.3,52,0.0,0.0,0.0,0.0,2.56,5.7
2001-12-29,0.9,9.1,-4.1,-3.4,5.1,33,0.0,0.0,0.0,0.0,2.06,4.9
2001-12-30,0.2,5.5,-3.7,-4.0,1.6,31,0.0,0.0,0.0,0.0,2.32,4.1
2001-12-31,0.6,6.0,-4.2,-3.6,2.3,36,0.0,0.0,0.0,0.0,2.92,4.6
2002-01-01,1.5,8.5,-4.1,-2.9,4.0,37,0.0,0.0,0.0,0.0,2.95,7.1
2002-01-02,2.1,11.3,-3.6,-2.5,7.3,26,0.0,0.0,0.0,0.0,3.42,5.4
2002-01-03,2.1,8.9,-3.1,-2.0,5.0,31,0.0,0.0,0.0,0.0,2.62,4.5
2002-01-04,2.7,10.8,-2.3,-1.5,6.9,34,0.0,0.0,0.0,0.0,2.12,4.8
2002-01-05,3.0,9.4,-2.3,-1.2,5.0,35,0.0,0.0,0.0,0.0,2.1,5.7
2002-01-06,4.0,12.1,-0.1,-0.5,7.6,25,0.0,0.0,0.0,0.0,3.04,5.1
2002-01-07,2.4,10.5,-1.8,-2.0,6.2,24,0.0,0.0,0.0,0.0,2.31,5.0
2002-01-08,2.6,10.9,-2.0,-1.8,7.0,22,0.0,0.0,0.0,0.0,2.11,4.3
2002-01-09,3.3,11.8,-1.8,-1.2,6.9,22,0.0,0.0,0.0,0.0,2.73,6.9
2002-01-10,3.8,14.2,-3.6,-1.2,9.2,19,0.0,0.0,0.0,0.0,3.35,8.0
2002-01-11,3.5,15.0,-3.1,-1.3,10.7,21,0.0,0.0,0.0,0.0,4.05,6.8
2002-01-12,3.2,11.9,-2.3,-1.3,8.2,21,0.0,0.0,0.0,0.0,2.7,5.3
2002-01-13,4.1,14.0,-4.2,-0.4,9.2,26,0.0,0.0,0.0,0.0,3.1,6.2
2002-01-14,2.3,6.7,-0.6,-2.2,1.4,46,0.0,0.0,0.0,0.0,5.73,13.0
2002-01-15,-1.9,0.3,-4.3,-5.7,-3.7,66,0.8,0.0,0.84,5.0,2.51,6.7
2002-01-16,-2.0,3.4,-5.5,-5.6,-1.2,70,0.0,0.0,0.0,0.0,3.22,7.9
2002-01-17,-1.4,2.0,-3.4,-5.1,-2.1,72,1.0,0.0,1.05,7.0,2.28,6.0
2002-01-18,-1.5,1.4,-3.6,-5.1,-2.3,71,0.1,0.0,0.07,1.0,2.69,6.2
2002-01-19,-2.5,-0.9,-6.0,-6.9,-5.8,66,1.7,0.0,1.54,8.0,4.05,9.3
2002-01-20,-4.0,-0.2,-7.2,-8.1,-4.2,56,0.0,0.0,0.0,0.0,2.4,6.2
2002-01-21,-3.6,2.5,-7.1,-7.9,-1.5,45,0.0,0.0,0.0,0.0,1.99,5.3
2002-01-22,-2.9,4.1,-7.9,-7.2,0.2,37,0.0,0.0,0.0,0.0,1.84,4.6
2002-01-23,-2.5,5.2,-7.5,-6.6,1.3,42,0.0,0.0,0.0,0.0,1.8,4.3
2002-01-24,-2.4,3.7,-7.7,-6.4,-0.6,50,0.0,0.0,0.0,0.0,2.19,5.1
2002-01-25,-1.7,6.2,-7.1,-5.5,2.6,59,0.0,0.0,0.0,0.0,2.26,4.7
2002-01-26,-1.2,3.6,-5.0,-4.9,-0.3,59,0.6,0.0,0.49,3.0,2.5,5.8
2002-01-27,-1.9,2.1,-4.5,-6.1,-2.8,52,0.5,0.0,0.42,3.0,2.69,6.8
2002-01-28,-2.8,1.5,-6.7,-7.1,-2.9,44,0.0,0.0,0.0,0.0,2.19,5.6
2002-01-29,-3.7,-0.6,-5.6,-7.5,-4.1,53,0.3,0.0,0.35,3.0,1.64,4.4
2002-01-30,-3.4,1.8,-8.0,-7.5,-2.2,57,0.0,0.0,0.0,0.0,2.69,6.0
2002-01-31,-1.5,2.7,-4.2,-5.4,-1.4,54,0.0,0.0,0.21,0.0,1.98,6.2
2002-02-01,-1.4,7.1,-6.1,-5.9,1.9,43,0.0,0.0,0.0,0.0,2.75,6.7
2002-02-02,-0.6,7.7,-6.4,-5.2,3.1,26,0.0,0.0,0.0,0.0,2.77,5.2
2002-02-03,-0.6,3.7,-4.5,-4.6,-0.2,36,0.0,0.0,0.0,0.0,1.63,4.8
2002-02-04,0.9,7.7,-4.0,-3.3,3.4,34,0.0,0.0,0.0,0.0,2.34,4.8
2002-02-05,1.7,8.6,-3.8,-2.5,4.5,32,0.0,0.0,0.0,0.0,2.75,4.9
2002-02-06,2.4,8.4,-3.5,-1.5,4.1,41,0.0,0.0,0.0,0.0,1.98,5.4
2002-02-07,1.2,5.6,-2.7,-3.2,0.4,50,0.0,0.0,0.0,0.0,3.66,8.9
2002-02-08,0.9,7.3,-3.0,-3.3,2.9,35,0.0,0.0,0.0,0.0,2.92,6.0
2002-02-09,-0.0,4.4,-3.0,-4.4,0.9,37,0.0,0.0,0.07,0.0,2.63,6.4
2002-02-10,1.0,8.3,-4.9,-3.0,4.6,40,0.0,0.0,0.0,0.0,2.15,4.4
2002-02-11,1.6,8.3,-3.4,-2.4,4.2,41,0.0,0.0,0.0,0.0,1.91,5.9
2002-02-12,4.0,13.7,-3.1,-0.0,9.4,38,0.0,0.0,0.0,0.0,3.01,6.1
2002-02-13,4.5,9.6,0.8,1.3,6.0,68,0.0,0.0,0.0,0.0,3.11,7.1
2002-02-14,5.6,13.1,1.2,2.8,9.8,63,0.5,0.0,0.42,3.0,2.81,5.7
2002-02-15,5.4,12.7,-0.1,2.2,9.9,61,0.0,0.0,0.0,0.0,3.77,8.3
2002-02-16,5.7,14.5,-0.3,2.3,11.0,50,0.0,0.0,0.0,0.0,3.11,6.0
2002-02-17,6.8,17.7,-0.9,3.1,13.6,42,0.0,0.0,0.0,0.0,3.06,5.4
2002-02-18,7.3,16.1,0.3,3.5,11.1,38,0.0,0.0,0.0,0.0,3.54,8.5
2002-02-19,6.6,13.5,0.2,3.3,10.4,57,0.0,0.0,0.0,0.0,3.2,7.5
2002-02-20,6.8,14.4,1.0,3.6,10.9,54,0.0,0.0,0.0,0.0,2.82,5.2
2002-02-21,7.3,17.3,-1.2,3.6,13.0,48,0.0,0.0,0.0,0.0,3.47,8.4
2002-02-22,8.1,15.3,1.5,5.1,11.9,53,0.6,0.1,0.35,3.0,3.41,8.0
2002-02-23,9.0,21.2,0.1,5.7,16.9,54,0.0,0.0,0.0,0.0,3.61,8.8
2002-02-24,5.8,8.1,2.3,2.0,5.0,66,0.0,0.0,0.0,0.0,5.05,10.9
2002-02-25,1.9,5.5,-1.6,-2.4,1.4,53,0.6,0.0,0.84,3.0,3.58,8.0
2002-02-26,0.4,1.9,-0.3,-3.2,-2.1,66,5.0,0.0,3.71,9.0,2.84,6.4
2002-02-27,0.9,8.7,-5.3,-2.3,5.2,69,0.1,0.0,0.14,1.0,2.61,4.5
2002-02-28,3.5,12.4,-3.4,0.0,8.8,63,0.0,0.0,0.0,0.0,3.98,7.9
2002-03-01,4.3,11.9,-1.1,0.7,7.6,64,0.0,0.0,0.0,0.0,3.26,7.9
2002-03-02,5.6,12.6,0.4,2.5,9.5,59,0.0,0.0,0.0,0.0,2.8,5.9
2002-03-03,4.9,8.5,1.6,2.0,5.7,81,4.6,1.2,2.38,12.0,4.05,9.1
2002-03-04,1.1,3.5,-1.1,-2.9,-0.4,60,2.7,0.0,1.96,11.0,2.91,8.0
2002-03-05,2.5,9.6,-3.2,-1.0,5.7,52,0.0,0.0,0.0,0.0,2.47,6.0
2002-03-06,6.0,14.8,-1.3,1.4,8.0,40,0.0,0.0,0.0,0.0,6.51,14.8
2002-03-07,6.8,16.3,-1.1,2.6,11.6,27,0.0,0.0,0.0,0.0,2.94,7.7
2002-03-08,8.2,19.7,-1.1,4.0,15.7,24,0.0,0.0,0.0,0.0,3.3,6.1
2002-03-09,9.5,15.4,3.3,5.9,12.0,37,0.0,0.0,0.0,0.0,2.83,6.9
2002-03-10,9.4,17.9,2.6,6.1,14.8,36,0.0,0.0,0.0,0.0,2.47,5.9
2002-03-11,9.7,17.3,3.7,6.5,13.1,54,0.0,0.0,0.0,0.0,4.63,10.8
2002-03-12,8.1,11.2,4.2,5.5,8.6,66,1.8,1.2,0.49,6.0,2.91,6.9
2002-03-13,8.2,16.6,-0.4,5.5,14.3,62,0.0,0.0,0.0,0.0,3.58,8.2
2002-03-14,10.2,15.9,3.6,6.4,12.1,37,0.0,0.0,0.0,0.0,4.3,10.4
2002-03-15,10.2,17.7,1.7,6.6,13.5,33,0.0,0.0,0.0,0.0,4.65,9.6
2002-03-16,8.1,13.8,2.7,4.1,9.9,37,0.0,0.0,0.0,0.0,5.89,13.1
2002-03-17,8.1,16.2,2.1,4.5,12.4,33,0.0,0.0,0.0,0.0,3.26,8.9
2002-03-18,10.4,20.0,2.1,6.7,15.2,38,0.0,0.0,0.0,0.0,3.44,8.6
2002-03-19,11.2,23.0,3.2,6.5,19.6,30,0.0,0.0,0.07,0.0,9.06,20.0
2002-03-20,6.5,12.5,2.1,2.7,9.2,45,0.5,0.0,0.77,4.0,4.0,10.1
2002-03-21,5.0,10.4,-0.6,0.4,4.5,45,0.5,0.0,0.42,4.0,6.7,15.2
2002-03-22,6.0,13.7,-0.8,2.4,9.7,40,0.0,0.0,0.07,0.0,3.18,7.9
2002-03-23,6.4,9.2,3.9,2.6,5.2,41,1.2,0.0,1.05,6.0,2.95,7.5
2002-03-24,8.4,17.5,0.5,5.8,14.8,56,0.5,0.0,0.42,2.0,3.26,5.9
2002-03-25,11.2,19.9,4.0,8.0,15.8,47,0.0,0.0,0.0,0.0,4.48,9.7
2002-03-26,12.8,21.0,4.7,9.2,17.4,43,0.0,0.0,0.0,0.0,5.58,12.7
2002-03-27,13.5,18.4,8.2,10.2,13.3,45,0.0,0.0,0.0,0.0,4.66,11.2
2002-03-28,13.4,19.8,6.9,10.2,16.4,38,0.0,0.0,0.0,0.0,4.34,10.3
2002-03-29,11.8,17.8,6.4,7.8,14.3,33,0.0,0.0,0.0,0.0,7.41,16.4
2002-03-30,12.7,22.9,3.5,8.9,18.2,26,0.0,0.0,0.0,0.0,2.97,8.5
2002-03-31,15.7,26.1,5.5,12.3,23.0,29,0.0,0.0,0.0,0.0,3.18,6.4
2002-04-01,17.2,25.4,8.8,14.9,23.9,44,0.0,0.0,0.0,0.0,3.14,7.2
2002-04-02,18.0,26.3,11.4,16.4,25.8,50,1.0,1.0,0.0,2.0,3.2,8.4
2002-04-03,14.7,19.4,7.6,13.1,18.3,67,6.9,6.8,0.07,8.0,5.55,12.8
2002-04-04,8.3,11.2,6.9,6.2,8.4,80,7.4,6.2,0.84,17.0,2.83,9.1
2002-04-05,13.6,24.2,4.6,11.1,20.3,53,0.0,0.0,0.0,0.0,3.11,7.9
2002-04-06,9.8,13.2,5.3,5.5,9.7,42,0.0,0.0,0.0,0.0,6.14,13.8
2002-04-07,8.1,13.6,3.4,4.1,9.6,34,0.0,0.0,0.0,0.0,4.76,11.6
2002-04-08,7.5,13.8,1.6,3.1,9.2,25,0.0,0.0,0.0,0.0,4.25,10.0
2002-04-09,7.9,12.7,4.4,3.9,8.3,34,0.0,0.0,0.0,0.0,3.26,7.6
2002-04-10,9.4,13.7,5.8,6.1,10.2,44,0.0,0.0,0.0,0.0,2.95,7.5
2002-04-11,12.9,20.9,4.8,9.5,17.6,36,0.0,0.0,0.0,0.0,3.35,8.5
2002-04-12,15.8,25.3,7.1,11.8,20.9,22,0.0,0.0,0.0,0.0,3.55,9.2
2002-04-13,18.5,29.5,8.3,14.0,24.6,17,0.0,0.0,0.0,0.0,5.1,12.0
2002-04-14,14.0,18.4,10.3,9.7,13.7,30,0.0,0.0,0.0,0.0,6.05,13.6
2002-04-15,10.0,16.1,6.2,5.6,12.8,32,0.0,0.0,0.0,0.0,8.35,18.4
2002-04-16,9.0,17.1,2.7,5.0,12.0,29,0.0,0.0,0.0,0.0,4.88,10.7
2002-04-17,10.4,17.1,3.9,6.4,12.7,20,0.1,0.1,0.0,1.0,2.64,6.8
2002-04-18,14.1,23.1,5.7,10.9,19.2,39,0.0,0.0,0.0,0.0,4.98,10.9
2002-04-19,17.5,25.7,9.9,15.5,23.6,44,0.2,0.2,0.0,1.0,2.72,7.5
2002-04-20,21.0,31.6,11.2,17.9,27.0,32,0.0,0.0,0.0,0.0,4.85,12.3
2002-04-21,23.2,33.1,13.7,20.0,29.3,20,0.0,0.0,0.0,0.0,6.33,9.9
2002-04-22,15.6,20.5,11.1,11.4,17.2,34,0.0,0.0,0.0,0.0,6.8,15.4
2002-04-23,13.8,20.3,10.2,10.1,15.9,36,0.0,0.0,0.0,0.0,4.59,10.6
2002-04-24,14.6,24.7,7.2,12.0,21.9,49,0.0,0.0,0.0,0.0,5.28,12.5
2002-04-25,15.2,21.8,10.8,13.3,18.8,57,2.0,2.0,0.0,6.0,3.69,9.6
2002-04-26,15.4,24.2,10.2,13.6,21.9,59,0.6,0.6,0.0,2.0,3.62,9.3
2002-04-27,14.7,24.3,10.1,13.0,22.8,61,1.7,1.7,0.0,3.0,5.93,12.6
2002-04-28,11.9,16.4,8.5,10.3,14.4,72,3.5,3.5,0.0,10.0,2.2,6.9
2002-04-29,16.0,21.4,11.1,14.2,18.9,56,0.0,0.0,0.0,0.0,4.32,10.2
2002-04-30,15.8,20.5,13.2,14.3,17.6,66,3.6,3.6,0.0,6.0,5.42,12.3
2002-05-01,11.1,16.1,6.6,9.1,14.0,73,17.6,16.9,0.49,13.0,5.02,11.7
2002-05-02,12.4,17.9,8.5,10.3,16.0,57,0.0,0.0,0.0,0.0,1.94,6.2
2002-05-03,16.3,24.0,9.5,14.7,22.4,54,0.0,0.0,0.0,0.0,3.91,9.7
2002-05-04,14.5,17.6,12.5,13.4,16.4,77,9.7,9.7,0.0,15.0,3.82,8.0
2002-05-05,15.0,20.9,10.8,13.5,18.3,60,2.4,2.4,0.0,5.0,3.45,8.0
2002-05-06,16.6,22.1,11.1,15.4,21.6,57,0.1,0.1,0.0,1.0,2.73,6.7
2002-05-07,16.8,24.2,11.6,16.1,23.8,68,2.0,2.0,0.0,4.0,4.46,10.6
2002-05-08,15.4,18.6,13.2,15.3,17.9,79,14.1,14.1,0.0,16.0,2.98,6.0
2002-05-09,17.8,24.1,12.6,17.2,24.2,60,0.0,0.0,0.0,0.0,2.33,8.0
2002-05-10,19.5,26.2,14.1,18.3,25.6,49,0.0,0.0,0.0,0.0,3.09,7.7
2002-05-11,19.2,26.9,12.8,18.3,26.9,55,1.7,1.7,0.0,2.0,5.24,12.2
2002-05-12,16.1,18.8,14.4,15.7,18.4,75,12.3,12.3,0.0,18.0,3.61,9.0
2002-05-13,15.1,19.5,11.9,14.2,17.5,76,3.3,3.3,0.0,7.0,4.6,11.1
2002-05-14,16.7,25.0,10.0,15.5,22.4,61,0.0,0.0,0.0,0.0,4.24,9.3
2002-05-15,19.2,25.5,13.6,17.9,24.8,49,0.1,0.1,0.0,1.0,3.55,8.6
2002-05-16,19.6,27.4,13.0,18.0,25.1,42,0.0,0.0,0.0,0.0,3.08,7.4
2002-05-17,19.2,26.4,14.5,18.2,25.4,59,1.7,1.7,0.0,5.0,5.2,12.9
2002-05-18,18.3,23.1,16.1,18.5,22.7,73,4.6,4.6,0.0,14.0,4.1,9.1
2002-05-19,17.0,20.3,14.2,16.9,18.9,72,11.6,11.6,0.0,12.0,3.27,8.5
2002-05-20,14.3,16.9,11.4,13.4,15.1,78,7.3,7.3,0.0,11.0,3.4,8.1
2002-05-21,13.6,15.2,12.1,11.9,13.2,77,0.4,0.4,0.0,4.0,4.8,10.6
2002-05-22,11.1,13.1,9.3,9.7,11.7,84,10.8,10.8,0.0,16.0,3.2,7.4
2002-05-23,14.3,19.8,11.1,13.6,19.0,76,0.0,0.0,0.0,0.0,3.62,7.3
2002-05-24,14.8,18.4,12.3,14.5,18.4,74,1.9,1.9,0.0,7.0,1.7,5.7
2002-05-25,15.4,20.3,10.5,14.8,21.0,68,0.9,0.9,0.0,5.0,3.05,7.7
2002-05-26,17.0,22.8,11.4,16.1,22.9,56,0.0,0.0,0.0,0.0,2.06,6.2
2002-05-27,18.5,25.0,12.0,17.5,24.5,52,0.0,0.0,0.0,0.0,2.46,6.8
2002-05-28,19.5,24.8,15.0,18.3,23.5,51,0.0,0.0,0.0,0.0,3.66,8.9
2002-05-29,19.1,23.7,14.1,17.8,22.3,52,0.2,0.2,0.0,2.0,2.68,7.2
2002-05-30,21.0,29.6,13.2,20.4,28.0,51,0.0,0.0,0.0,0.0,3.24,7.3
2002-05-31,22.2,29.0,15.7,21.6,28.6,48,0.0,0.0,0.0,0.0,3.16,7.1
2002-06-01,23.5,29.7,17.7,23.4,30.4,50,0.0,0.0,0.0,0.0,2.51,6.4
2002-06-02,23.3,29.7,16.7,23.0,30.1,46,0.4,0.4,0.0,3.0,2.44,5.6
2002-06-03,24.3,31.7,16.5,24.2,32.0,45,0.0,0.0,0.0,0.0,2.4,6.0
2002-06-04,24.9,31.6,19.5,24.1,29.8,42,0.0,0.0,0.0,0.0,2.98,6.2
2002-06-05,25.2,32.8,18.4,24.9,32.2,42,0.0,0.0,0.0,0.0,2.86,8.1
2002-06-06,25.5,32.1,18.8,25.2,32.6,47,0.0,0.0,0.0,0.0,5.3,12.7
2002-06-07,22.6,26.9,19.4,23.9,26.9,72,14.1,14.1,0.0,11.0,4.53,11.4
2002-06-08,21.2,25.5,17.6,21.7,25.4,71,0.5,0.5,0.0,2.0,5.56,12.8
2002-06-09,21.0,28.2,16.5,21.3,28.2,62,7.8,7.8,0.0,5.0,4.68,11.3
2002-06-10,20.4,23.8,16.8,19.9,22.2,59,2.1,2.1,0.0,7.0,3.94,8.8
2002-06-11,21.0,28.3,15.1,20.9,28.0,57,0.6,0.6,0.0,2.0,4.06,9.6
2002-06-12,23.2,29.9,17.8,23.5,31.3,49,1.7,1.7,0.0,2.0,3.05,8.5
2002-06-13,24.7,32.0,17.6,24.5,31.8,45,0.0,0.0,0.0,0.0,2.5,6.8
2002-06-14,25.8,32.3,18.8,24.8,29.9,38,0.0,0.0,0.0,0.0,2.86,7.6
2002-06-15,25.6,30.7,21.4,24.2,27.8,36,0.0,0.0,0.0,0.0,4.61,10.1
2002-06-16,25.3,34.3,17.5,25.0,32.9,48,0.0,0.0,0.0,0.0,5.88,13.8
2002-06-17,22.9,26.7,19.2,24.1,27.7,65,4.6,4.6,0.0,8.0,3.91,9.7
2002-06-18,24.4,29.9,18.4,25.4,31.8,57,0.2,0.2,0.0,1.0,2.93,7.6
2002-06-19,25.3,31.6,21.1,26.0,30.5,52,0.1,0.1,0.0,1.0,2.55,7.7
2002-06-20,22.9,27.4,17.6,23.5,26.9,68,12.6,12.6,0.0,20.0,5.05,12.1
2002-06-21,17.3,21.5,14.4,17.1,20.6,75,18.7,18.7,0.0,12.0,4.38,11.3
2002-06-22,18.2,20.8,16.3,18.5,20.7,72,5.8,5.8,0.0,11.0,2.33,6.6
2002-06-23,22.5,30.1,16.2,23.0,30.6,58,0.1,0.1,0.0,1.0,2.8,6.0
2002-06-24,24.9,33.0,18.6,25.0,32.9,46,0.0,0.0,0.0,0.0,3.19,6.0
2002-06-25,25.7,33.5,19.6,26.9,35.2,52,0.4,0.4,0.0,2.0,3.53,9.4
2002-06-26,22.9,26.3,18.8,24.4,27.3,73,3.7,3.7,0.0,11.0,4.88,10.1
2002-06-27,23.1,29.8,17.4,24.0,30.0,59,0.1,0.1,0.0,1.0,2.45,7.1
2002-06-28,24.9,30.5,20.4,25.1,30.5,49,0.0,0.0,0.0,0.0,2.97,7.4
2002-06-29,23.4,29.1,19.4,23.6,29.9,54,3.0,3.0,0.0,5.0,3.73,8.9
2002-06-30,24.5,33.3,17.3,24.4,32.3,48,0.0,0.0,0.0,0.0,3.13,7.2
2002-07-01,25.7,34.4,18.7,25.5,33.9,45,0.7,0.7,0.0,3.0,3.33,7.9
2002-07-02,23.1,27.6,19.2,24.2,29.1,64,4.1,4.1,0.0,11.0,2.75,6.9
2002-07-03,23.5,29.5,18.1,24.9,31.8,63,4.4,4.4,0.0,4.0,2.86,7.6
2002-07-04,25.1,31.0,19.0,26.2,33.1,54,0.0,0.0,0.0,0.0,2.13,6.1
2002-07-05,26.3,32.9,19.9,27.3,32.7,52,0.0,0.0,0.0,0.0,3.4,9.0
2002-07-06,26.4,32.2,21.6,27.4,32.1,57,0.1,0.1,0.0,1.0,4.35,10.2
2002-07-07,26.2,32.3,19.9,27.1,32.2,56,0.0,0.0,0.0,0.0,4.43,11.1
2002-07-08,26.8,32.7,20.7,28.1,34.1,56,0.5,0.5,0.0,4.0,3.91,8.5
2002-07-09,28.6,35.3,22.6,29.5,35.1,48,0.0,0.0,0.0,0.0,4.34,10.0
2002-07-10,26.7,32.0,23.1,26.6,32.3,49,0.0,0.0,0.0,0.0,6.95,15.7
2002-07-11,28.1,36.8,21.3,29.4,37.4,48,0.0,0.0,0.0,0.0,4.25,9.9
2002-07-12,30.2,39.3,23.8,30.4,37.8,41,0.0,0.0,0.0,0.0,5.6,12.5
2002-07-13,23.3,25.7,20.5,23.1,25.8,60,0.2,0.2,0.0,2.0,4.64,12.3
2002-07-14,25.4,31.0,20.6,26.6,32.9,54,0.2,0.2,0.0,1.0,3.04,6.7
2002-07-15,24.4,26.9,20.6,27.1,30.4,71,12.5,12.5,0.0,19.0,1.43,7.5
2002-07-16,22.5,24.1,19.8,24.6,26.7,75,3.5,3.5,0.0,10.0,1.8,6.1
2002-07-17,24.7,30.4,19.7,25.8,30.8,60,0.0,0.0,0.0,0.0,2.65,6.6
2002-07-18,24.3,28.6,20.7,24.3,28.1,53,0.4,0.4,0.0,2.0,3.01,8.0
2002-07-19,24.8,30.7,19.8,24.3,30.6,45,0.0,0.0,0.0,0.0,5.01,12.0
2002-07-20,23.5,28.6,19.7,23.5,28.8,47,2.8,2.8,0.0,4.0,2.97,8.3
2002-07-21,23.1,30.0,17.4,24.0,30.6,58,1.2,1.2,0.0,4.0,2.5,7.4
2002-07-22,24.0,30.5,19.4,24.4,30.8,50,1.9,1.9,0.0,4.0,2.58,7.6
2002-07-23,23.7,30.1,17.7,23.8,31.0,53,0.2,0.2,0.0,1.0,4.34,11.0
2002-07-24,23.2,29.8,18.1,21.8,26.5,42,0.1,0.1,0.0,1.0,5.02,11.7
2002-07-25,24.2,32.0,16.6,23.1,31.1,39,0.0,0.0,0.0,0.0,3.36,8.7
2002-07-26,21.0,26.2,16.9,20.2,26.0,49,4.1,4.1,0.0,8.0,4.66,12.0
2002-07-27,21.5,28.4,14.6,20.6,27.3,51,0.0,0.0,0.0,0.0,3.82,9.8
2002-07-28,23.3,32.3,15.3,23.4,32.2,50,0.0,0.0,0.0,0.0,2.98,7.8
2002-07-29,25.5,34.3,18.1,25.9,34.3,53,0.1,0.1,0.0,1.0,4.49,11.1
2002-07-30,25.6,30.6,21.8,27.1,31.5,58,0.0,0.0,0.0,0.0,2.83,7.3
2002-07-31,26.8,34.6,20.2,28.6,35.2,57,1.8,1.8,0.0,2.0,2.92,8.3
2002-08-01,28.7,35.5,22.1,29.7,35.2,50,0.0,0.0,0.0,0.0,3.81,9.5
2002-08-02,29.6,37.0,22.2,30.8,37.4,45,0.0,0.0,0.0,0.0,2.48,7.0
2002-08-03,30.7,37.8,23.3,31.4,39.4,41,0.2,0.2,0.0,1.0,4.12,9.5
2002-08-04,29.2,37.5,24.6,30.8,38.5,48,8.7,8.7,0.0,5.0,4.36,10.6
2002-08-05,25.5,30.9,22.7,27.9,32.3,71,7.4,7.4,0.0,12.0,5.3,13.0
2002-08-06,21.5,24.1,18.9,22.6,24.7,76,3.1,3.1,0.0,12.0,4.44,9.6
2002-08-07,21.2,24.9,18.7,22.7,26.6,74,6.1,6.1,0.0,12.0,2.52,6.3
2002-08-08,21.6,26.0,18.8,22.8,26.6,69,1.8,1.8,0.0,6.0,2.14,6.3
2002-08-09,23.1,29.9,17.2,23.5,30.4,54,0.0,0.0,0.0,0.0,2.28,5.4
2002-08-10,22.0,26.3,17.8,21.9,26.8,54,1.3,1.3,0.0,6.0,3.54,8.2
2002-08-11,18.7,21.0,17.5,19.5,21.3,77,12.9,12.9,0.0,18.0,1.84,7.4
2002-08-12,18.0,21.6,15.9,18.0,20.5,78,1.9,1.9,0.0,8.0,3.77,8.4
2002-08-13,18.7,24.1,15.0,19.9,25.9,78,3.2,3.2,0.0,6.0,2.0,6.8
2002-08-14,19.6,27.4,13.9,20.2,27.4,69,0.5,0.5,0.0,3.0,3.67,8.0
2002-08-15,19.9,25.2,14.7,20.6,27.7,71,1.2,1.2,0.0,6.0,3.22,8.2
2002-08-16,21.0,28.1,15.3,21.3,27.2,61,0.7,0.7,0.0,5.0,2.87,7.2
2002-08-17,21.4,27.9,14.9,21.0,27.8,55,0.0,0.0,0.0,0.0,3.54,8.5
2002-08-18,22.4,30.2,15.9,21.6,28.8,48,0.0,0.0,0.0,0.0,3.83,9.6
2002-08-19,22.6,30.4,15.1,21.2,28.9,44,0.0,0.0,0.0,0.0,4.76,11.3
2002-08-20,23.4,32.0,16.2,23.2,31.9,51,0.0,0.0,0.0,0.0,4.53,10.0
2002-08-21,24.6,32.6,16.8,24.7,32.7,51,0.0,0.0,0.0,0.0,3.42,7.8
2002-08-22,25.0,32.2,16.9,25.1,32.1,50,0.0,0.0,0.0,0.0,2.78,6.9
2002-08-23,24.8,31.3,19.7,24.8,31.7,50,0.8,0.8,0.0,3.0,3.91,9.7
2002-08-24,25.5,33.5,19.5,25.8,34.2,50,0.5,0.5,0.0,2.0,4.37,9.2
2002-08-25,25.0,31.5,19.0,22.9,28.5,31,0.3,0.3,0.0,2.0,4.11,10.6
2002-08-26,24.5,32.0,17.0,22.5,31.3,28,0.0,0.0,0.0,0.0,2.4,7.0
2002-08-27,25.6,35.4,17.1,23.9,33.9,28,0.0,0.0,0.0,0.0,2.95,5.7
2002-08-28,25.2,32.5,19.5,23.8,31.3,33,0.2,0.2,0.0,2.0,3.16,8.4
2002-08-29,25.0,33.7,18.6,25.1,33.6,46,0.8,0.8,0.0,1.0,3.01,7.7
2002-08-30,26.7,36.4,18.7,26.5,35.0,43,0.1,0.1,0.0,1.0,3.76,10.4
2002-08-31,26.8,34.6,20.1,26.4,33.4,40,0.6,0.6,0.0,2.0,3.75,8.1
2002-09-01,25.8,34.6,20.4,27.0,34.7,55,15.3,15.3,0.0,8.0,2.91,8.0
2002-09-02,19.0,20.8,17.5,20.0,22.9,85,7.1,7.1,0.0,15.0,3.2,8.3
2002-09-03,21.0,26.9,16.2,22.7,28.5,75,7.3,7.3,0.0,12.0,3.47,7.2
2002-09-04,19.7,22.5,17.7,20.8,23.3,84,2.7,2.7,0.0,13.0,5.39,12.2
2002-09-05,21.0,26.9,17.2,22.4,27.8,76,0.1,0.1,0.0,1.0,3.28,8.3
2002-09-06,21.2,25.4,18.4,22.5,26.3,77,0.0,0.0,0.0,0.0,4.96,11.4
2002-09-07,21.1,26.8,17.4,22.3,27.9,74,0.1,0.1,0.0,1.0,2.86,6.7
2002-09-08,22.3,28.2,18.3,23.1,27.9,68,0.0,0.0,0.0,0.0,3.28,7.6
2002-09-09,22.0,29.5,17.4,22.0,27.3,65,0.0,0.0,0.0,0.0,4.83,9.5
2002-09-10,18.6,23.9,15.5,18.2,22.8,72,0.0,0.0,0.0,0.0,5.52,11.0
2002-09-11,13.9,16.1,12.4,12.6,14.8,78,2.8,2.8,0.0,8.0,3.84,8.6
2002-09-12,12.5,14.5,11.3,11.9,13.8,87,14.2,14.2,0.0,15.0,1.73,4.7
2002-09-13,15.0,19.4,11.4,14.3,18.3,73,0.1,0.1,0.0,1.0,1.98,5.9
2002-09-14,15.5,20.1,12.6,15.2,19.8,74,1.3,1.3,0.0,7.0,1.89,6.0
2002-09-15,17.1,25.5,10.6,16.4,24.2,64,0.0,0.0,0.0,0.0,2.4,6.8
2002-09-16,18.9,26.9,12.7,18.2,25.3,59,0.0,0.0,0.0,0.0,3.0,7.2
2002-09-17,20.1,26.4,15.5,19.6,26.0,58,0.0,0.0,0.0,0.0,2.69,6.7
2002-09-18,14.8,19.1,11.6,12.8,16.5,68,0.6,0.6,0.0,4.0,4.88,10.7
2002-09-19,12.1,15.4,9.8,11.0,14.2,77,10.2,10.2,0.0,10.0,2.26,6.3
2002-09-20,14.6,18.2,11.5,13.4,15.9,69,0.0,0.0,0.0,0.0,3.54,8.1
2002-09-21,15.6,20.6,11.4,13.3,17.5,48,0.0,0.0,0.0,0.0,3.7,9.3
2002-09-22,14.5,22.9,8.1,12.0,20.9,41,0.0,0.0,0.0,0.0,2.58,5.3
2002-09-23,13.9,20.4,8.5,11.5,17.8,50,0.0,0.0,0.0,0.0,2.55,5.6
2002-09-24,15.6,24.4,9.1,13.3,22.4,43,0.0,0.0,0.0,0.0,2.2,5.6
2002-09-25,16.8,24.1,10.5,15.1,22.8,50,1.7,1.7,0.0,5.0,2.77,6.9
2002-09-26,16.9,21.3,13.8,15.6,19.1,57,1.6,1.6,0.0,6.0,3.83,7.5
2002-09-27,15.8,24.1,9.6,13.8,21.9,48,0.0,0.0,0.0,0.0,3.0,6.9
2002-09-28,16.3,24.8,9.8,14.1,22.2,42,0.0,0.0,0.0,0.0,2.5,6.0
2002-09-29,17.1,25.4,11.1,15.0,23.1,46,0.0,0.0,0.0,0.0,3.31,7.7
2002-09-30,16.9,23.0,13.0,15.1,20.6,45,0.0,0.0,0.0,0.0,2.02,6.2
2002-10-01,16.8,26.5,10.1,14.6,23.6,47,0.0,0.0,0.0,0.0,2.63,7.2
2002-10-02,18.3,26.2,11.0,15.5,24.0,32,0.0,0.0,0.0,0.0,3.62,8.0
2002-10-03,17.8,22.8,13.3,15.2,20.8,35,0.0,0.0,0.0,0.0,3.34,8.0
2002-10-04,15.8,22.0,10.4,13.1,19.4,43,0.7,0.7,0.0,4.0,4.3,11.0
2002-10-05,14.1,20.8,7.3,11.2,16.6,50,0.6,0.6,0.0,3.0,5.0,11.7
2002-10-06,13.5,22.5,6.3,10.0,17.9,29,0.0,0.0,0.0,0.0,2.85,7.5
2002-10-07,15.0,26.0,6.3,11.7,22.4,32,0.0,0.0,0.0,0.0,3.36,6.2
2002-10-08,16.9,26.8,7.7,14.3,23.1,39,0.0,0.0,0.0,0.0,3.41,8.9
2002-10-09,17.4,23.4,12.0,16.3,21.3,57,1.7,1.7,0.0,7.0,2.69,7.7
2002-10-10,14.2,19.7,9.9,12.2,17.8,57,2.7,2.7,0.0,7.0,2.95,7.7
2002-10-11,14.3,23.3,7.3,11.3,21.2,50,0.0,0.0,0.0,0.0,5.52,12.1
2002-10-12,14.6,21.2,8.4,11.5,18.4,37,0.0,0.0,0.0,0.0,2.82,6.1
2002-10-13,15.1,22.6,9.9,12.2,19.3,43,0.0,0.0,0.0,0.0,3.5,11.0
2002-10-14,15.3,25.7,7.7,12.8,22.5,44,0.0,0.0,0.0,0.0,3.5,7.1
2002-10-15,16.3,27.9,7.6,14.2,24.9,53,0.0,0.0,0.0,0.0,3.56,5.9
2002-10-16,16.6,26.4,9.6,15.7,25.2,62,0.0,0.0,0.0,0.0,2.58,5.6
2002-10-17,15.5,20.6,11.2,12.7,16.9,48,0.6,0.6,0.0,2.0,4.62,10.4
2002-10-18,8.3,12.9,5.7,6.2,9.8,75,11.1,10.4,0.49,16.0,2.06,5.7
2002-10-19,10.5,16.9,6.5,8.7,14.7,67,0.0,0.0,0.0,0.0,2.16,4.5
2002-10-20,9.7,12.6,7.1,6.7,8.8,60,0.0,0.0,0.0,0.0,3.54,8.4
2002-10-21,6.3,9.8,2.3,3.7,7.0,79,4.9,3.9,0.77,16.0,3.31,7.5
2002-10-22,3.9,8.4,0.4,0.8,5.2,69,0.7,0.1,0.49,4.0,2.97,7.6
2002-10-23,6.7,16.0,-1.7,3.1,12.3,51,0.0,0.0,0.0,0.0,3.11,8.5
2002-10-24,8.1,14.9,1.8,5.0,12.0,49,0.0,0.0,0.0,0.0,3.76,8.7
2002-10-25,7.7,14.3,3.6,4.9,11.3,63,0.0,0.0,0.0,0.0,2.66,6.3
2002-10-26,8.5,17.8,1.1,5.7,14.4,58,0.0,0.0,0.0,0.0,2.55,5.2
2002-10-27,9.7,17.9,3.2,6.9,14.8,57,0.0,0.0,0.0,0.0,3.47,7.8
2002-10-28,9.4,16.1,4.5,6.3,13.0,52,0.0,0.0,0.0,0.0,3.84,8.8
2002-10-29,7.3,13.0,3.6,4.8,10.4,68,0.0,0.0,0.0,0.0,1.94,6.0
2002-10-30,8.0,14.7,2.0,5.3,11.3,69,0.0,0.0,0.0,0.0,3.47,7.6
2002-10-31,8.3,12.9,3.6,5.7,9.8,66,2.4,1.7,0.49,7.0,3.68,8.2
2002-11-01,4.6,8.8,1.5,1.3,5.7,68,0.9,0.4,0.42,3.0,2.55,7.0
2002-11-02,5.4,13.7,-1.6,1.8,9.2,55,0.0,0.0,0.0,0.0,3.47,7.0
2002-11-03,6.7,15.8,-0.9,2.9,11.5,37,0.0,0.0,0.0,0.0,2.8,7.3
2002-11-04,8.0,17.6,1.0,4.2,13.7,33,0.0,0.0,0.0,0.0,2.14,5.2
2002-11-05,7.9,17.3,1.6,4.2,13.3,37,0.0,0.0,0.0,0.0,2.69,5.2
2002-11-06,7.8,16.8,1.7,4.3,13.1,45,0.0,0.0,0.0,0.0,2.51,5.6
2002-11-07,7.4,16.5,1.3,3.7,12.3,40,0.0,0.0,0.0,0.0,2.21,6.0
2002-11-08,8.3,18.3,0.4,5.0,15.4,40,0.0,0.0,0.0,0.0,2.82,4.3
2002-11-09,9.2,18.0,0.8,5.7,14.3,39,0.0,0.0,0.0,0.0,2.06,5.0
2002-11-10,9.0,16.4,3.4,5.2,11.7,39,0.0,0.0,0.0,0.0,3.42,9.2
2002-11-11,7.6,15.7,1.3,3.8,11.3,35,0.0,0.0,0.0,0.0,2.6,5.8
2002-11-12,7.5,16.1,0.3,4.1,12.6,40,0.0,0.0,0.0,0.0,1.94,5.0
2002-11-13,7.2,15.6,0.0,3.7,11.4,48,0.0,0.0,0.0,0.0,3.33,7.9
2002-11-14,6.0,8.9,4.1,3.0,5.6,57,0.0,0.0,0.0,0.0,2.06,5.0
2002-11-15,6.2,11.4,2.6,3.7,8.8,70,0.8,0.7,0.07,4.0,1.71,7.3
2002-11-16,6.2,14.3,-0.4,3.0,10.8,65,0.7,0.3,0.42,4.0,2.82,6.0
2002-11-17,5.3,13.7,-0.5,1.9,10.1,49,0.0,0.0,0.0,0.0,2.4,4.5
2002-11-18,4.3,9.3,0.3,1.2,6.4,67,0.0,0.0,0.0,0.0,2.02,5.0
2002-11-19,2.3,4.2,-0.3,-1.2,0.1,75,2.5,0.0,2.03,12.0,3.32,7.9
2002-11-20,1.8,9.0,-2.7,-1.6,5.8,69,0.0,0.0,0.0,0.0,2.41,4.8
2002-11-21,5.0,15.4,-1.7,1.1,11.2,49,0.0,0.0,0.0,0.0,2.7,5.8
2002-11-22,5.2,11.2,0.1,1.5,7.0,47,0.0,0.0,0.0,0.0,2.67,6.6
2002-11-23,2.3,4.1,0.8,-1.3,-0.3,67,0.7,0.0,1.05,5.0,3.62,8.4
2002-11-24,2.3,8.5,-2.3,-1.0,5.2,63,0.0,0.0,0.28,0.0,1.4,5.5
2002-11-25,1.6,8.8,-4.3,-1.9,5.6,54,0.0,0.0,0.0,0.0,1.61,4.6
2002-11-26,2.1,10.8,-3.6,-1.6,7.5,53,0.0,0.0,0.0,0.0,2.42,4.6
2002-11-27,3.5,11.5,-2.2,-0.6,7.4,39,0.0,0.0,0.0,0.0,2.08,5.1
2002-11-28,3.6,8.9,-0.4,-0.0,5.1,51,0.0,0.0,0.0,0.0,2.9,7.2
2002-11-29,3.1,8.5,-0.9,-0.2,5.1,56,0.0,0.0,0.0,0.0,1.91,4.3
2002-11-30,3.4,11.4,-2.8,0.1,8.2,57,0.0,0.0,0.0,0.0,1.91,4.1
2002-12-01,3.5,9.4,-0.5,0.3,6.0,60,0.1,0.0,0.21,1.0,2.48,5.9
2002-12-02,4.8,13.2,0.1,1.5,9.9,60,0.1,0.0,0.14,1.0,2.88,6.9
2002-12-03,4.9,13.8,-0.6,1.1,9.8,51,0.0,0.0,0.0,0.0,4.52,9.0
2002-12-04,1.9,5.9,-1.1,-2.3,1.2,40,0.0,0.0,0.0,0.0,2.56,6.4
2002-12-05,-0.8,3.4,-3.1,-5.5,-2.0,38,0.0,0.0,0.0,0.0,4.47,9.3
2002-12-06,-3.2,-1.0,-4.9,-8.1,-6.5,39,0.0,0.0,0.14,0.0,3.77,9.2
2002-12-07,-3.8,-0.9,-5.8,-8.1,-5.4,49,0.2,0.0,0.35,2.0,2.39,6.4
2002-12-08,-2.4,4.1,-7.7,-6.3,0.4,48,0.0,0.0,0.0,0.0,2.06,4.9
2002-12-09,0.1,7.5,-5.4,-3.9,3.7,42,0.0,0.0,0.0,0.0,1.51,4.3
2002-12-10,0.5,5.8,-3.4,-3.3,2.1,40,0.0,0.0,0.0,0.0,1.43,3.9
2002-12-11,1.7,11.0,-3.6,-2.5,6.8,36,0.0,0.0,0.0,0.0,2.5,5.1
2002-12-12,2.8,10.6,-2.1,-1.3,6.9,28,0.0,0.0,0.0,0.0,1.66,4.1
2002-12-13,3.2,12.7,-3.0,-1.0,8.8,29,0.0,0.0,0.0,0.0,2.69,4.2
2002-12-14,3.0,9.2,-0.6,-1.0,5.2,40,0.0,0.0,0.0,0.0,2.94,6.0
2002-12-15,3.0,11.2,-2.1,-0.9,7.5,43,0.0,0.0,0.0,0.0,1.84,5.2
2002-12-16,2.0,7.5,-1.1,-2.1,3.0,43,0.0,0.0,0.0,0.0,3.83,8.8
2002-12-17,1.6,7.6,-2.4,-2.1,4.2,47,0.0,0.0,0.0,0.0,1.71,5.1
2002-12-18,1.4,8.2,-3.4,-2.4,4.4,58,0.0,0.0,0.0,0.0,2.48,5.8
2002-12-19,1.7,7.8,-2.2,-1.7,4.6,57,0.0,0.0,0.42,0.0,1.84,4.4
2002-12-20,1.1,6.8,-3.9,-2.4,3.1,74,0.2,0.0,0.21,1.0,3.05,6.9
2002-12-21,0.1,5.2,-2.3,-3.6,1.1,64,0.1,0.0,0.28,1.0,3.09,7.0
2002-12-22,-2.8,-0.2,-5.6,-7.1,-4.6,65,1.1,0.0,0.98,7.0,3.19,7.9
2002-12-23,-4.9,0.2,-8.6,-8.9,-3.5,62,0.0,0.0,0.0,0.0,2.5,5.8
2002-12-24,-7.2,-4.0,-9.7,-11.9,-9.3,59,0.0,0.0,0.42,0.0,3.34,8.0
2002-12-25,-8.3,-3.0,-12.3,-12.6,-7.7,54,0.0,0.0,0.0,0.0,2.16,5.6
2002-12-26,-7.7,-1.6,-12.7,-11.9,-6.2,52,0.0,0.0,0.0,0.0,2.06,5.9
2002-12-27,-7.1,-2.9,-11.3,-11.1,-7.3,55,0.0,0.0,0.0,0.0,1.99,5.4
2002-12-28,-6.0,-0.1,-10.4,-10.0,-4.2,52,0.0,0.0,0.0,0.0,1.8,5.0
2002-12-29,-4.6,2.1,-9.9,-8.6,-2.0,51,0.0,0.0,0.0,0.0,1.7,5.0
2002-12-30,-3.1,3.1,-7.9,-7.1,-0.9,49,0.0,0.0,0.0,0.0,1.84,4.8
2002-12-31,-2.5,3.8,-7.6,-6.4,0.0,53,0.0,0.0,0.0,0.0,1.84,4.7
2003-01-01,-3.1,0.3,-6.3,-7.1,-3.8,56,0.0,0.0,0.0,0.0,1.92,5.7
2003-01-02,-4.7,1.1,-9.2,-8.8,-3.4,58,0.0,0.0,0.0,0.0,2.36,5.6
2003-01-03,-4.7,3.6,-11.2,-8.8,-0.4,52,0.0,0.0,0.0,0.0,1.91,4.7
2003-01-04,-3.5,2.6,-9.5,-7.8,-2.0,43,0.0,0.0,0.0,0.0,2.36,5.8
2003-01-05,-3.0,4.2,-8.6,-7.2,0.5,38,0.0,0.0,0.0,0.0,1.98,5.1
2003-01-06,-2.3,5.6,-7.7,-6.5,1.5,42,0.0,0.0,0.0,0.0,2.02,4.8
2003-01-07,-2.0,5.9,-7.7,-6.1,1.8,43,0.0,0.0,0.0,0.0,1.91,4.2
2003-01-08,-2.0,1.9,-6.2,-6.1,-2.7,49,0.0,0.0,0.0,0.0,3.05,7.6
2003-01-09,-1.2,6.1,-7.4,-5.2,2.6,50,0.0,0.0,0.0,0.0,2.66,5.4
2003-01-10,-0.7,6.3,-6.2,-4.8,2.4,44,0.0,0.0,0.0,0.0,2.15,4.8
2003-01-11,-0.6,5.9,-5.0,-4.6,2.5,45,0.0,0.0,0.0,0.0,2.15,5.1
2003-01-12,-0.4,8.1,-6.1,-4.8,3.5,40,0.0,0.0,0.0,0.0,2.15,5.8
2003-01-13,-0.1,7.3,-5.5,-4.7,2.3,18,0.0,0.0,0.0,0.0,2.94,5.5
2003-01-14,0.7,6.0,-3.5,-3.4,2.0,30,0.0,0.0,0.0,0.0,1.8,5.0
2003-01-15,0.4,10.9,-6.6,-4.2,6.4,33,0.0,0.0,0.0,0.0,2.64,5.7
2003-01-16,2.9,11.1,-2.4,-1.4,6.8,19,0.0,0.0,0.0,0.0,2.61,4.8
2003-01-17,3.1,12.3,-3.2,-1.3,8.3,31,0.0,0.0,0.0,0.0,4.04,9.3
2003-01-18,3.6,12.5,-2.5,-0.4,9.0,36,0.4,0.0,0.35,2.0,2.28,6.1
2003-01-19,2.8,11.3,-2.9,-1.6,7.1,31,0.0,0.0,0.0,0.0,3.82,6.9
2003-01-20,3.3,12.9,-4.9,-0.8,8.9,35,0.0,0.0,0.0,0.0,1.8,4.8
2003-01-21,1.8,7.0,-3.2,-2.6,2.2,44,0.0,0.0,0.0,0.0,3.78,10.2
2003-01-22,1.4,11.4,-5.0,-2.7,7.6,41,0.0,0.0,0.0,0.0,2.4,4.1
2003-01-23,1.2,9.3,-4.9,-2.8,5.5,43,0.0,0.0,0.0,0.0,2.55,6.0
2003-01-24,-0.4,2.6,-2.7,-4.2,-1.6,61,1.5,0.0,1.33,8.0,2.44,7.6
2003-01-25,-1.1,4.4,-4.6,-4.8,-0.2,62,0.1,0.0,0.28,1.0,4.12,9.3
2003-01-26,-4.3,-1.3,-7.0,-9.2,-5.8,52,0.0,0.0,0.56,0.0,3.86,8.8
2003-01-27,-5.2,3.3,-12.2,-9.5,-0.8,39,0.0,0.0,0.0,0.0,1.78,4.6
2003-01-28,-2.7,6.6,-10.3,-7.0,2.0,33,0.0,0.0,0.0,0.0,1.92,4.4
2003-01-29,-1.4,5.5,-7.7,-5.8,0.5,39,0.0,0.0,0.0,0.0,2.69,6.2
2003-01-30,-0.2,3.5,-2.7,-3.9,-0.3,56,2.1,0.0,1.61,11.0,1.96,4.9
2003-01-31,-0.6,8.3,-6.3,-4.5,4.5,53,0.0,0.0,0.0,0.0,2.15,4.4
2003-02-01,-0.6,6.6,-7.1,-4.2,3.2,60,0.0,0.0,0.0,0.0,1.7,5.1
2003-02-02,-0.4,4.1,-4.2,-4.2,0.1,65,0.8,0.0,1.05,5.0,2.91,7.0
2003-02-03,-0.1,5.7,-4.1,-3.8,2.0,52,0.0,0.0,0.0,0.0,2.57,4.1
2003-02-04,-0.8,6.1,-6.2,-5.2,1.4,31,0.0,0.0,0.0,0.0,2.41,5.1
2003-02-05,-0.9,6.9,-6.4,-5.2,2.8,32,0.0,0.0,0.0,0.0,2.62,4.5
2003-02-06,-0.2,9.1,-7.8,-4.4,5.5,44,0.0,0.0,0.0,0.0,2.51,4.6
2003-02-07,1.5,11.8,-6.4,-2.7,7.3,41,0.0,0.0,0.0,0.0,3.3,5.1
2003-02-08,2.4,8.3,-2.8,-1.6,3.9,53,0.0,0.0,0.0,0.0,4.35,9.7
2003-02-09,-1.0,2.3,-5.6,-5.3,-2.6,57,0.4,0.0,0.84,4.0,3.18,8.7
2003-02-10,-1.2,4.2,-5.7,-5.2,0.5,55,0.0,0.0,0.0,0.0,3.58,8.0
2003-02-11,-1.0,5.0,-6.8,-4.8,1.1,51,0.0,0.0,0.0,0.0,3.02,6.7
2003-02-12,0.5,8.0,-6.3,-3.1,4.3,52,0.0,0.0,0.0,0.0,1.82,4.7
2003-02-13,1.1,6.8,-4.2,-2.3,3.8,63,0.0,0.0,0.0,0.0,2.11,4.6
2003-02-14,3.5,7.4,0.4,0.4,4.0,61,0.1,0.0,0.21,1.0,2.13,4.4
2003-02-15,3.3,9.3,-1.0,-0.1,5.3,65,0.1,0.0,0.42,1.0,3.62,8.5
2003-02-16,3.3,8.9,-0.8,0.0,5.5,65,0.0,0.0,0.07,0.0,2.41,5.2
2003-02-17,4.1,12.7,-3.1,0.8,9.5,57,0.0,0.0,0.0,0.0,2.19,5.5
2003-02-18,5.9,15.2,-0.4,2.5,11.8,48,0.0,0.0,0.0,0.0,3.18,5.7
2003-02-19,7.0,17.9,-0.7,3.1,13.4,48,0.0,0.0,0.0,0.0,3.14,7.2
2003-02-20,7.4,16.5,0.2,3.4,13.4,49,0.0,0.0,0.0,0.0,6.71,14.5
2003-02-21,6.2,11.3,2.8,2.2,6.5,36,0.0,0.0,0.21,0.0,3.64,8.8
2003-02-22,5.3,12.3,-0.9,1.5,7.9,45,0.0,0.0,0.14,0.0,3.34,8.0
2003-02-23,6.0,13.5,-2.2,2.6,10.8,47,0.0,0.0,0.0,0.0,2.21,5.4
2003-02-24,6.3,13.9,-0.3,2.0,9.0,45,0.2,0.1,0.14,1.0,6.5,14.0
2003-02-25,6.6,11.3,3.3,2.7,7.9,38,0.0,0.0,0.0,0.0,2.52,5.3
2003-02-26,7.0,13.6,1.8,3.4,9.7,56,0.0,0.0,0.0,0.0,3.96,9.4
2003-02-27,5.6,11.3,1.0,1.9,6.7,60,0.0,0.0,0.0,0.0,4.76,11.1
2003-02-28,6.8,16.9,-0.5,3.2,13.7,39,0.0,0.0,0.0,0.0,3.16,6.5
2003-03-01,8.1,16.0,0.8,4.7,13.1,53,0.0,0.0,0.0,0.0,4.81,10.5
2003-03-02,5.3,9.1,2.0,0.3,5.0,27,0.0,0.0,0.0,0.0,4.78,9.6
2003-03-03,4.5,11.9,0.4,0.1,6.9,37,0.0,0.0,0.0,0.0,5.78,12.4
2003-03-04,1.1,3.2,-1.4,-3.1,-1.3,69,1.9,0.0,1.82,9.0,5.0,11.8
2003-03-05,-2.1,-0.5,-4.0,-6.5,-5.3,71,4.8,0.0,3.43,12.0,3.61,8.9
2003-03-06,-0.2,6.6,-5.3,-3.8,2.0,49,0.0,0.0,0.0,0.0,2.53,6.3
2003-03-07,2.3,6.7,-0.7,-1.9,2.0,44,0.0,0.0,0.0,0.0,3.04,7.5
2003-03-08,2.4,6.9,-1.1,-0.9,4.0,52,0.4,0.1,0.56,3.0,2.24,5.1
2003-03-09,5.8,15.4,-2.5,1.9,9.9,50,0.0,0.0,0.0,0.0,4.0,9.9
2003-03-10,5.6,12.4,0.0,0.8,7.5,39,0.0,0.0,0.0,0.0,6.31,14.3
2003-03-11,3.5,7.9,-0.4,-0.6,3.5,46,0.0,0.0,0.0,0.0,2.56,6.4
2003-03-12,4.6,9.7,0.4,1.0,6.5,55,0.0,0.0,0.14,0.0,2.78,6.4
2003-03-13,4.6,7.7,1.8,1.8,4.5,73,1.9,0.1,1.33,9.0,2.42,5.6
2003-03-14,6.6,12.7,1.2,4.1,11.1,69,0.0,0.0,0.0,0.0,2.53,6.5
2003-03-15,6.3,11.9,3.1,3.4,8.4,70,0.0,0.0,0.0,0.0,4.85,10.2
2003-03-16,6.2,9.6,3.1,3.1,5.7,66,0.0,0.0,0.0,0.0,3.61,8.4
2003-03-17,7.1,14.9,0.8,4.2,11.1,61,0.6,0.6,0.0,3.0,3.62,8.0
2003-03-18,6.6,10.9,4.3,3.7,6.9,69,1.6,0.3,0.98,10.0,3.22,7.9
2003-03-19,8.2,14.8,2.7,5.1,10.2,56,0.6,0.6,0.0,3.0,3.89,9.7
2003-03-20,8.9,18.0,1.1,5.9,15.3,49,0.0,0.0,0.0,0.0,4.0,9.5
2003-03-21,7.0,10.3,4.1,4.2,7.8,65,5.9,3.6,1.89,11.0,2.88,7.5
2003-03-22,8.8,17.0,0.6,5.7,13.4,56,0.0,0.0,0.0,0.0,4.66,12.0
2003-03-23,8.8,16.6,0.6,5.2,13.0,38,0.0,0.0,0.0,0.0,3.27,8.1
2003-03-24,11.0,22.1,1.1,7.4,19.0,32,0.0,0.0,0.0,0.0,3.18,5.8
2003-03-25,13.3,21.1,6.8,10.4,18.1,45,0.0,0.0,0.0,0.0,4.5,9.9
2003-03-26,14.0,20.7,8.6,10.8,18.4,29,0.0,0.0,0.0,0.0,3.23,6.6
2003-03-27,12.1,17.8,7.0,8.7,14.4,39,0.0,0.0,0.0,0.0,4.12,10.3
2003-03-28,14.6,27.0,4.5,11.1,22.0,35,0.0,0.0,0.0,0.0,3.71,9.5
2003-03-29,19.0,31.0,8.5,15.4,27.4,19,0.0,0.0,0.0,0.0,3.97,6.8
2003-03-30,18.3,25.9,10.4,15.7,22.4,45,0.0,0.0,0.0,0.0,5.52,12.8
2003-03-31,16.0,19.7,8.8,11.9,16.2,30,1.0,1.0,0.0,4.0,6.35,15.1
2003-04-01,10.8,17.3,6.0,7.7,12.6,56,0.1,0.1,0.0,1.0,5.0,11.3
2003-04-02,11.2,16.3,7.1,8.9,13.4,56,0.0,0.0,0.0,0.0,2.33,5.6
2003-04-03,11.8,18.8,4.8,9.1,16.1,53,0.0,0.0,0.0,0.0,2.65,7.0
2003-04-04,13.2,22.2,6.6,10.9,19.3,55,0.0,0.0,0.0,0.0,4.61,11.4
2003-04-05,14.0,21.8,9.1,12.1,18.3,63,0.1,0.1,0.0,1.0,4.23,10.0
2003-04-06,9.3,13.0,5.1,6.4,10.9,65,4.6,1.6,2.1,12.0,4.53,10.7
2003-04-07,12.0,19.5,5.2,9.4,17.6,50,0.0,0.0,0.0,0.0,3.8,9.4
2003-04-08,15.2,23.5,8.9,12.6,20.7,40,0.0,0.0,0.0,0.0,3.49,7.8
2003-04-09,12.0,21.0,3.8,8.3,16.6,54,1.0,0.1,0.63,2.0,9.2,20.0
2003-04-10,9.2,18.0,2.5,6.3,14.8,51,0.7,0.0,0.49,2.0,5.14,12.5
2003-04-11,13.0,19.6,7.2,9.7,16.5,37,0.0,0.0,0.0,0.0,4.61,11.4
2003-04-12,8.8,12.5,4.5,4.2,8.5,38,0.1,0.0,0.21,1.0,6.06,13.7
2003-04-13,9.8,19.0,1.9,5.6,12.6,37,0.0,0.0,0.0,0.0,5.27,11.6
2003-04-14,15.1,26.0,4.0,10.8,21.7,18,0.0,0.0,0.0,0.0,3.66,9.0
2003-04-15,19.7,33.1,7.9,17.1,30.6,34,0.0,0.0,0.0,0.0,3.56,8.5
2003-04-16,20.5,30.2,12.0,18.6,26.4,45,0.0,0.0,0.0,0.0,4.01,9.3
2003-04-17,12.1,17.7,3.1,7.8,17.5,42,1.4,0.5,0.63,3.0,6.16,14.2
2003-04-18,11.6,23.6,2.4,9.1,20.9,53,3.0,0.0,2.1,4.0,3.58,9.0
2003-04-19,12.2,17.6,7.9,8.5,14.0,48,0.0,0.0,0.0,0.0,6.89,15.6
2003-04-20,11.9,18.0,8.0,8.4,14.1,48,1.0,1.0,0.0,2.0,5.95,14.2
2003-04-21,13.5,17.7,9.7,10.4,14.0,52,0.0,0.0,0.0,0.0,5.24,12.2
2003-04-22,11.3,17.2,6.2,9.1,14.4,59,4.8,3.1,1.19,11.0,3.18,8.2
2003-04-23,10.8,14.5,8.3,7.7,10.6,54,0.9,0.9,0.0,4.0,3.83,9.0
2003-04-24,13.2,21.8,7.0,10.5,18.2,48,1.0,0.9,0.07,3.0,3.85,10.0
2003-04-25,15.7,23.6,9.4,12.7,19.3,37,0.0,0.0,0.0,0.0,3.84,10.8
2003-04-26,17.6,23.6,12.4,15.4,22.6,41,0.1,0.1,0.0,1.0,4.48,10.4
2003-04-27,18.7,25.6,12.5,17.7,24.3,52,2.2,2.2,0.0,9.0,2.94,8.4
2003-04-28,13.2,16.4,10.8,11.1,15.1,66,6.8,6.8,0.0,14.0,4.1,10.8
2003-04-29,14.7,21.1,9.4,12.4,17.9,41,0.0,0.0,0.0,0.0,2.82,7.7
2003-04-30,18.5,29.3,8.8,15.2,25.4,26,0.0,0.0,0.0,0.0,3.4,9.0
2003-05-01,20.5,30.0,10.8,18.2,27.6,35,0.0,0.0,0.0,0.0,3.22,8.8
2003-05-02,21.3,29.8,13.8,19.0,25.6,40,0.0,0.0,0.0,0.0,5.0,11.5
2003-05-03,21.6,30.6,12.9,18.6,28.0,34,0.1,0.1,0.0,1.0,7.08,15.8
2003-05-04,21.8,27.5,17.3,20.2,24.8,54,3.9,3.9,0.0,4.0,5.61,13.9
2003-05-05,10.6,16.7,7.8,8.6,17.0,83,28.1,27.8,0.21,24.0,4.7,11.7
2003-05-06,12.1,16.8,7.7,10.0,13.4,67,4.3,3.1,0.84,5.0,4.95,11.2
2003-05-07,12.9,15.4,10.2,10.4,13.2,57,0.0,0.0,0.0,0.0,5.28,12.8
2003-05-08,14.0,18.8,9.5,11.9,16.5,52,0.0,0.0,0.0,0.0,3.67,8.5
2003-05-09,16.0,21.7,12.0,14.4,19.6,49,0.0,0.0,0.0,0.0,2.42,7.3
2003-05-10,18.7,26.9,12.0,17.0,24.8,42,0.0,0.0,0.0,0.0,3.05,6.7
2003-05-11,19.5,27.1,13.1,18.6,27.1,52,0.8,0.8,0.0,2.0,3.16,9.1
2003-05-12,19.0,24.6,14.2,17.7,22.0,58,2.0,2.0,0.0,4.0,5.27,12.7
2003-05-13,15.2,20.4,10.5,13.5,19.0,60,2.2,2.2,0.0,6.0,3.8,9.2
2003-05-14,17.2,24.4,12.2,15.4,22.9,53,0.8,0.8,0.0,3.0,5.32,11.1
2003-05-15,15.9,20.0,13.1,14.8,17.8,66,3.0,3.0,0.0,13.0,3.52,8.7
2003-05-16,16.6,20.6,12.6,15.0,18.6,60,0.0,0.0,0.0,0.0,3.68,8.3
2003-05-17,13.7,16.0,12.0,12.0,14.4,69,4.7,4.7,0.0,8.0,5.28,11.2
2003-05-18,15.8,21.8,8.8,14.1,20.5,54,0.2,0.2,0.0,1.0,3.11,8.1
2003-05-19,18.0,24.8,11.4,15.6,22.3,36,0.0,0.0,0.0,0.0,3.28,8.9
2003-05-20,17.3,20.7,14.8,16.2,18.8,61,0.6,0.6,0.0,4.0,3.24,8.5
2003-05-21,19.3,26.8,11.4,18.3,26.2,53,0.0,0.0,0.0,0.0,2.56,6.7
2003-05-22,19.3,26.0,13.2,17.6,25.0,50,3.6,3.6,0.0,5.0,4.72,11.6
2003-05-23,18.5,25.8,12.5,17.5,25.0,54,2.3,2.3,0.0,6.0,3.0,8.1
2003-05-24,22.4,31.8,14.5,21.4,31.0,41,0.0,0.0,0.0,0.0,4.25,10.8
2003-05-25,21.2,26.1,17.3,21.0,25.6,60,1.7,1.7,0.0,7.0,4.47,10.5
2003-05-26,22.7,29.8,16.7,22.7,29.5,54,0.2,0.2,0.0,2.0,2.02,7.2
2003-05-27,19.0,23.4,15.0,17.5,21.5,53,0.9,0.9,0.0,2.0,3.62,9.6
2003-05-28,21.8,29.8,14.9,21.1,28.7,47,0.0,0.0,0.0,0.0,3.99,10.1
2003-05-29,23.6,30.3,16.6,21.6,28.0,44,0.0,0.0,0.0,0.0,7.29,16.3
2003-05-30,19.9,22.3,18.5,20.0,21.0,66,5.2,5.2,0.0,11.0,3.34,9.9
2003-05-31,22.7,30.1,15.2,22.2,29.3,51,0.1,0.1,0.0,1.0,3.18,8.4
2003-06-01,21.4,25.1,18.1,20.6,24.3,48,0.4,0.4,0.0,1.0,2.48,6.6
2003-06-02,23.1,31.3,16.4,21.3,28.3,39,0.0,0.0,0.0,0.0,4.7,10.8
2003-06-03,23.5,30.5,16.2,21.6,29.4,29,0.0,0.0,0.0,0.0,3.2,8.5
2003-06-04,23.0,27.3,19.1,21.7,25.5,40,0.0,0.0,0.0,0.0,3.02,8.8
2003-06-05,23.9,30.6,18.3,22.6,29.1,37,0.3,0.3,0.0,1.0,2.83,7.0
2003-06-06,24.3,30.2,17.9,23.1,30.3,38,0.0,0.0,0.0,0.0,3.49,9.6
2003-06-07,23.6,28.7,18.9,23.2,29.1,48,0.2,0.2,0.0,1.0,3.23,9.3
2003-06-08,23.9,30.7,18.4,23.5,30.2,47,0.2,0.2,0.0,1.0,4.61,9.6
2003-06-09,20.9,25.5,17.6,19.4,22.8,49,0.6,0.6,0.0,3.0,5.09,10.5
2003-06-10,16.2,18.6,14.0,14.9,16.9,62,5.7,5.7,0.0,15.0,3.27,7.0
2003-06-11,18.9,25.8,13.0,17.3,23.6,43,0.0,0.0,0.0,0.0,2.82,8.3
2003-06-12,21.4,28.5,14.8,18.5,25.5,26,0.0,0.0,0.0,0.0,4.18,9.7
2003-06-13,21.1,28.3,15.4,18.3,24.7,25,0.0,0.0,0.0,0.0,3.91,9.9
2003-06-14,22.8,30.5,14.4,20.3,29.1,23,0.0,0.0,0.0,0.0,2.68,6.4
2003-06-15,24.6,31.9,16.7,22.0,29.5,25,0.0,0.0,0.0,0.0,3.14,8.0
2003-06-16,24.3,30.5,18.2,22.9,29.9,35,0.1,0.1,0.0,1.0,2.5,5.9
2003-06-17,24.9,31.3,16.8,23.7,31.6,33,0.0,0.0,0.0,0.0,2.38,7.7
2003-06-18,24.4,31.6,17.9,23.3,31.5,33,0.8,0.8,0.0,3.0,1.9,6.9
2003-06-19,25.4,32.1,20.2,24.6,32.0,33,0.0,0.0,0.0,0.0,1.87,6.4
2003-06-20,26.4,33.5,19.2,25.3,33.6,30,0.0,0.0,0.0,0.0,3.42,9.6
2003-06-21,23.0,27.0,18.8,23.2,26.6,57,4.8,4.8,0.0,8.0,3.2,10.1
2003-06-22,23.7,31.6,16.6,23.4,30.6,50,0.0,0.0,0.0,0.0,3.22,8.7
2003-06-23,26.7,33.9,18.8,25.6,33.4,38,0.0,0.0,0.0,0.0,5.69,12.7
2003-06-24,25.2,30.4,20.4,25.5,29.8,55,4.1,4.1,0.0,11.0,5.88,12.4
2003-06-25,18.8,22.8,16.7,19.0,24.7,76,13.1,13.1,0.0,12.0,4.62,13.8
2003-06-26,21.2,27.1,16.6,21.3,27.0,57,0.0,0.0,0.0,0.0,3.69,9.1
2003-06-27,22.5,30.5,16.4,22.6,29.7,53,0.2,0.2,0.0,1.0,5.8,11.5
2003-06-28,21.1,24.8,18.2,21.8,24.1,67,15.3,15.3,0.0,11.0,3.34,7.7
2003-06-29,17.3,20.5,14.2,16.7,20.0,74,14.8,14.8,0.0,12.0,3.79,9.2
2003-06-30,21.1,29.2,14.2,22.0,29.5,63,0.0,0.0,0.0,0.0,3.68,9.7
2003-07-01,21.4,26.3,18.5,22.3,26.2,69,3.9,3.9,0.0,7.0,2.41,6.7
2003-07-02,24.1,31.6,16.3,24.4,33.1,52,0.0,0.0,0.0,0.0,4.26,10.5
2003-07-03,22.6,25.8,20.2,23.1,27.0,56,0.0,0.0,0.0,0.0,2.92,6.9
2003-07-04,23.2,29.8,16.3,23.2,30.8,51,0.0,0.0,0.0,0.0,2.94,7.6
2003-07-05,22.2,28.3,16.3,22.0,28.0,51,0.0,0.0,0.0,0.0,3.0,6.9
2003-07-06,24.4,32.2,17.8,24.1,31.2,44,0.0,0.0,0.0,0.0,2.82,7.0
2003-07-07,23.6,28.3,20.6,22.6,27.4,42,0.0,0.0,0.0,0.0,4.11,10.8
2003-07-08,23.8,30.7,18.2,24.1,31.4,52,1.5,1.5,0.0,2.0,3.62,9.4
2003-07-09,24.1,29.7,20.6,25.5,33.4,58,3.2,3.2,0.0,5.0,4.22,9.9
2003-07-10,24.2,30.5,18.5,24.8,31.4,58,0.0,0.0,0.0,0.0,5.13,11.2
2003-07-11,21.2,23.0,19.2,22.6,24.1,76,5.6,5.6,0.0,8.0,2.94,7.6
2003-07-12,22.9,28.4,16.2,24.0,29.6,63,2.2,2.2,0.0,3.0,3.83,9.2
2003-07-13,23.9,29.9,19.8,25.8,31.6,68,4.6,4.6,0.0,7.0,3.33,6.6
2003-07-14,23.4,27.1,20.4,25.6,29.6,71,1.7,1.7,0.0,7.0,3.2,9.0
2003-07-15,22.0,26.1,20.1,23.5,26.0,73,4.9,4.9,0.0,12.0,3.54,7.2
2003-07-16,22.6,27.9,19.3,23.9,28.3,65,0.0,0.0,0.0,0.0,4.16,8.7
2003-07-17,24.6,32.4,18.7,25.5,32.4,52,0.0,0.0,0.0,0.0,2.47,5.6
2003-07-18,22.6,25.3,19.7,22.4,24.1,55,0.9,0.9,0.0,5.0,4.12,9.4
2003-07-19,23.6,29.7,17.8,23.5,29.7,50,0.0,0.0,0.0,0.0,2.98,8.3
2003-07-20,24.5,31.3,19.1,24.3,31.2,47,0.0,0.0,0.0,0.0,2.7,7.7
2003-07-21,24.6,32.8,18.3,24.8,32.9,44,0.0,0.0,0.0,0.0,2.12,6.5
2003-07-22,24.3,29.6,20.5,24.4,30.1,47,0.4,0.4,0.0,2.0,2.67,7.3
2003-07-23,26.6,35.8,17.9,26.7,35.1,45,0.0,0.0,0.0,0.0,3.48,9.6
2003-07-24,28.6,38.5,20.6,29.5,38.4,45,0.7,0.7,0.0,1.0,3.81,9.1
2003-07-25,29.2,37.9,22.6,31.3,38.8,55,0.0,0.0,0.0,0.0,4.84,11.1
2003-07-26,24.9,28.1,21.9,25.0,28.3,60,0.1,0.1,0.0,1.0,5.59,12.0
2003-07-27,26.5,33.1,21.8,27.3,33.6,49,0.0,0.0,0.0,0.0,2.97,7.3
2003-07-28,28.7,37.1,21.9,30.4,37.5,52,0.0,0.0,0.0,0.0,4.75,10.5
2003-07-29,28.4,35.7,24.1,30.7,37.8,60,2.3,2.3,0.0,5.0,5.59,12.6
2003-07-30,21.4,24.8,17.5,22.3,27.1,74,4.9,4.9,0.0,12.0,4.92,10.1
2003-07-31,18.4,20.2,17.2,20.0,22.6,86,17.1,17.1,0.0,22.0,1.6,7.0
2003-08-01,21.5,25.6,18.3,23.0,26.2,75,2.5,2.5,0.0,6.0,2.2,5.6
2003-08-02,21.6,25.3,19.4,23.0,25.5,75,4.0,4.0,0.0,12.0,2.97,7.1
2003-08-03,23.7,32.9,15.9,25.1,33.9,63,0.0,0.0,0.0,0.0,3.05,6.4
2003-08-04,25.1,31.7,19.7,27.2,34.1,67,2.0,2.0,0.0,3.0,4.19,8.6
2003-08-05,26.3,31.6,22.3,29.3,34.1,66,0.5,0.5,0.0,2.0,3.61,7.8
2003-08-06,26.4,31.1,22.9,29.1,33.1,66,2.5,2.5,0.0,2.0,3.54,9.9
2003-08-07,24.2,27.4,21.3,26.8,30.1,75,10.1,10.1,0.0,11.0,5.26,11.6
2003-08-08,23.4,28.9,19.7,24.6,29.4,64,1.7,1.7,0.0,4.0,2.55,6.9
2003-08-09,21.6,26.3,17.8,21.4,25.5,63,0.0,0.0,0.0,0.0,6.01,13.3
2003-08-10,17.8,21.0,15.6,17.6,20.7,66,1.1,1.1,0.0,6.0,1.94,6.4
2003-08-11,20.2,26.1,14.9,20.0,25.9,58,0.0,0.0,0.0,0.0,1.92,6.8
2003-08-12,22.3,28.2,17.3,22.1,28.2,50,0.0,0.0,0.0,0.0,2.28,6.6
2003-08-13,23.9,30.0,18.4,23.9,30.1,50,0.0,0.0,0.0,0.0,3.61,8.7
2003-08-14,21.5,26.2,17.9,20.7,26.2,57,0.1,0.1,0.0,1.0,5.85,11.9
2003-08-15,20.0,27.8,14.2,18.8,26.7,48,0.6,0.6,0.0,3.0,4.85,8.9
2003-08-16,22.3,30.3,16.0,21.9,30.9,45,0.7,0.7,0.0,3.0,2.66,6.6
2003-08-17,23.4,32.0,17.4,23.5,32.4,48,0.7,0.7,0.0,1.0,2.4,6.4
2003-08-18,24.3,34.1,17.2,24.4,33.5,49,0.0,0.0,0.0,0.0,3.05,8.2
2003-08-19,25.7,33.9,18.8,26.0,34.7,54,0.0,0.0,0.0,0.0,5.09,11.8
2003-08-20,24.8,30.5,20.1,25.3,29.9,57,0.2,0.2,0.0,1.0,3.83,9.3
2003-08-21,20.1,23.4,18.3,21.5,24.4,80,9.0,9.0,0.0,10.0,3.88,9.4
2003-08-22,22.9,30.2,17.8,24.7,31.5,69,0.0,0.0,0.0,0.0,4.25,10.0
2003-08-23,25.1,30.2,20.8,27.4,31.7,67,0.0,0.0,0.0,0.0,3.75,8.3
2003-08-24,24.9,29.7,22.1,27.7,31.4,73,2.9,2.9,0.0,5.0,3.54,9.5
2003-08-25,22.6,26.1,19.4,25.2,28.8,81,22.4,22.4,0.0,18.0,4.54,8.3
2003-08-26,23.1,29.6,18.9,24.6,30.0,67,1.9,1.9,0.0,5.0,3.28,6.9
2003-08-27,25.1,31.8,20.1,27.0,34.0,62,0.4,0.4,0.0,3.0,3.72,9.3
2003-08-28,20.4,23.8,19.1,21.9,27.1,84,21.6,21.6,0.0,16.0,3.86,10.7
2003-08-29,19.3,21.5,17.5,20.8,22.2,84,1.1,1.1,0.0,8.0,2.76,5.3
2003-08-30,20.2,25.3,15.4,21.0,25.5,74,0.1,0.1,0.0,1.0,3.32,7.6
2003-08-31,17.8,20.5,15.7,18.7,21.5,84,13.9,13.9,0.0,22.0,2.75,6.7
2003-09-01,18.5,24.9,13.5,18.7,25.4,69,0.0,0.0,0.0,0.0,1.89,5.0
2003-09-02,19.6,26.5,14.6,19.1,25.8,60,0.0,0.0,0.0,0.0,3.47,8.1
2003-09-03,17.6,21.4,14.1,17.2,21.1,65,1.5,1.5,0.0,4.0,2.69,7.2
2003-09-04,19.0,26.8,12.8,19.4,27.1,66,0.0,0.0,0.0,0.0,2.36,6.1
2003-09-05,17.2,18.5,14.4,17.7,19.2,81,6.3,6.3,0.0,12.0,2.06,6.3
2003-09-06,17.4,23.3,12.1,17.7,24.8,75,0.7,0.7,0.0,3.0,1.75,5.7
2003-09-07,20.2,27.4,14.9,20.7,28.3,63,1.2,1.2,0.0,5.0,2.28,6.2
2003-09-08,18.6,25.0,14.4,18.2,23.6,63,7.2,7.2,0.0,9.0,2.61,6.4
2003-09-09,19.0,27.8,12.2,18.3,26.7,55,0.0,0.0,0.0,0.0,2.46,5.3
2003-09-10,20.7,30.2,14.2,20.1,29.0,51,0.0,0.0,0.0,0.0,2.84,5.8
2003-09-11,21.1,28.7,14.9,21.0,27.4,60,0.0,0.0,0.0,0.0,2.58,7.0
2003-09-12,22.1,28.6,16.7,21.3,26.4,50,0.0,0.0,0.0,0.0,3.66,8.6
2003-09-13,22.6,31.7,15.7,21.6,30.3,45,0.0,0.0,0.0,0.0,3.26,8.4
2003-09-14,22.6,32.6,15.4,22.7,31.9,58,0.3,0.3,0.0,1.0,3.33,7.8
2003-09-15,22.6,31.7,15.3,22.9,30.8,61,0.0,0.0,0.0,0.0,4.08,9.7
2003-09-16,20.1,24.3,16.9,19.8,23.1,65,0.5,0.5,0.0,3.0,3.94,9.0
2003-09-17,19.0,22.8,16.6,19.5,22.4,72,5.6,5.6,0.0,9.0,2.47,5.5
2003-09-18,16.7,19.1,13.1,16.8,19.6,78,10.3,10.3,0.0,15.0,2.34,7.1
2003-09-19,16.3,22.1,12.8,15.9,21.1,71,1.3,1.3,0.0,6.0,2.52,5.7
2003-09-20,17.5,23.6,13.0,17.3,23.4,67,0.3,0.3,0.0,2.0,1.92,5.2
2003-09-21,17.1,23.7,12.2,17.0,24.7,70,2.9,2.9,0.0,4.0,2.84,7.0
2003-09-22,18.5,26.5,12.5,17.6,25.6,58,0.6,0.6,0.0,3.0,2.61,6.6
2003-09-23,19.0,28.8,11.8,18.0,26.6,55,0.0,0.0,0.0,0.0,3.14,6.2
2003-09-24,19.2,25.7,13.2,19.0,25.5,66,1.1,1.1,0.0,1.0,3.0,6.5
2003-09-25,19.3,22.6,17.0,20.2,22.7,78,5.7,5.7,0.0,14.0,3.11,7.6
2003-09-26,16.7,20.5,12.9,15.5,18.6,68,1.4,1.4,0.0,7.0,4.44,8.9
2003-09-27,14.9,18.0,13.4,14.7,17.7,83,10.0,10.0,0.0,14.0,2.91,6.7
2003-09-28,16.4,19.7,14.1,16.9,20.0,83,4.4,4.4,0.0,8.0,2.02,4.9
2003-09-29,12.6,16.3,10.3,10.5,16.5,74,9.8,9.8,0.0,8.0,5.63,13.5
2003-09-30,8.5,10.3,6.5,6.7,8.8,82,11.0,9.4,1.12,16.0,2.44,6.6
2003-10-01,12.1,17.2,8.8,10.3,14.9,61,0.0,0.0,0.0,0.0,2.87,6.6
2003-10-02,11.0,14.0,7.8,9.0,11.7,70,4.6,4.4,0.14,10.0,2.06,5.6
2003-10-03,12.4,16.9,9.7,11.0,14.8,70,0.0,0.0,0.0,0.0,2.77,6.7
2003-10-04,11.6,14.0,9.2,10.5,12.3,79,4.6,4.6,0.0,14.0,2.24,7.0
2003-10-05,12.7,20.4,7.1,11.4,18.6,71,0.0,0.0,0.0,0.0,2.64,4.9
2003-10-06,15.2,24.6,8.2,13.7,22.8,62,0.0,0.0,0.0,0.0,3.55,6.5
2003-10-07,14.3,21.3,8.6,13.3,20.5,73,0.0,0.0,0.0,0.0,2.37,5.8
2003-10-08,16.1,23.3,9.7,15.3,22.0,70,1.9,1.9,0.0,4.0,5.24,10.7
2003-10-09,16.5,21.6,13.3,14.7,20.7,56,3.7,3.7,0.0,6.0,5.45,11.9
2003-10-10,8.9,13.2,6.5,6.9,11.8,87,10.5,10.3,0.14,20.0,3.12,6.9
2003-10-11,6.9,8.6,6.0,4.6,6.1,85,7.1,5.7,0.98,15.0,2.39,6.1
2003-10-12,7.2,9.5,5.3,5.1,6.9,83,3.4,2.4,0.7,17.0,2.76,6.6
2003-10-13,8.6,13.0,6.1,6.3,9.9,75,1.0,0.7,0.21,5.0,4.34,9.9
2003-10-14,8.5,12.1,5.1,6.2,9.9,68,0.0,0.0,0.0,0.0,2.2,5.3
2003-10-15,10.0,16.2,5.7,7.9,13.5,70,0.0,0.0,0.0,0.0,3.97,9.2
2003-10-16,10.2,18.4,4.3,8.3,15.4,73,0.0,0.0,0.0,0.0,3.67,8.5
2003-10-17,11.9,17.4,6.4,10.3,15.5,72,4.1,4.1,0.0,9.0,3.7,8.5
2003-10-18,13.2,17.2,10.0,12.1,15.9,72,0.8,0.8,0.0,4.0,1.66,5.4
2003-10-19,8.8,12.7,6.3,6.4,11.7,71,5.2,4.5,0.49,14.0,3.69,8.7
2003-10-20,8.9,17.4,3.0,6.7,14.9,67,0.0,0.0,0.0,0.0,2.55,4.8
2003-10-21,10.4,18.3,4.8,8.3,16.0,64,0.0,0.0,0.0,0.0,2.44,5.5
2003-10-22,11.6,19.5,5.1,9.6,17.3,59,0.0,0.0,0.0,0.0,1.71,5.3
2003-10-23,12.7,20.3,7.1,11.0,18.3,67,0.0,0.0,0.0,0.0,3.47,8.3
2003-10-24,10.4,15.4,6.0,8.0,12.0,60,0.0,0.0,0.0,0.0,2.2,5.0
2003-10-25,11.6,18.1,7.3,9.3,15.6,53,0.0,0.0,0.0,0.0,2.47,5.4
2003-10-26,11.6,20.3,5.3,9.4,17.7,58,0.0,0.0,0.0,0.0,2.34,4.5
2003-10-27,12.3,21.8,5.2,9.9,19.1,57,0.0,0.0,0.0,0.0,3.11,5.7
2003-10-28,11.7,16.1,7.8,9.6,13.9,66,4.1,4.1,0.0,8.0,3.44,7.4
2003-10-29,9.3,13.1,6.8,7.1,10.6,77,8.8,8.8,0.0,14.0,2.42,5.8
2003-10-30,10.3,19.9,4.7,7.9,18.0,62,0.0,0.0,0.0,0.0,2.78,5.4
2003-10-31,11.4,21.3,4.8,8.6,19.0,51,0.0,0.0,0.0,0.0,3.0,5.0
2003-11-01,11.6,20.3,5.0,8.6,18.5,53,0.0,0.0,0.0,0.0,4.0,9.0
2003-11-02,8.2,14.7,3.0,5.2,11.4,56,0.0,0.0,0.0,0.0,2.9,7.0
2003-11-03,8.5,15.9,2.6,6.2,14.1,68,0.0,0.0,0.0,0.0,1.7,4.0
2003-11-04,9.8,16.4,3.7,7.6,14.6,71,0.0,0.0,0.0,0.0,3.19,8.2
2003-11-05,10.8,19.5,3.0,9.3,18.3,73,0.0,0.0,0.0,0.0,1.92,5.0
2003-11-06,5.9,8.8,1.1,3.0,7.7,80,2.8,1.0,1.4,12.0,3.98,9.6
2003-11-07,-0.3,1.4,-2.2,-4.3,-3.0,73,1.2,0.0,0.91,6.0,3.5,8.7
2003-11-08,0.7,4.4,-3.2,-2.5,0.7,75,1.7,0.0,1.33,7.0,2.51,6.6
2003-11-09,1.7,4.0,0.5,-1.9,-0.6,77,0.6,0.0,0.63,6.0,3.75,8.4
2003-11-10,2.3,8.3,-2.7,-1.0,4.0,68,0.0,0.0,0.0,0.0,3.35,7.9
2003-11-11,2.3,5.7,0.1,-0.8,2.8,72,4.1,0.0,3.01,8.0,2.68,6.3
2003-11-12,2.9,10.3,-3.7,-0.1,7.3,69,0.0,0.0,0.0,0.0,1.43,4.7
2003-11-13,6.0,17.1,-0.8,2.8,14.0,60,0.0,0.0,0.0,0.0,2.85,5.1
2003-11-14,5.6,10.8,0.1,2.1,6.6,57,0.0,0.0,0.0,0.0,2.88,7.3
2003-11-15,6.1,12.8,0.7,3.4,9.6,66,0.0,0.0,0.0,0.0,2.08,4.7
2003-11-16,7.0,12.2,1.8,4.6,10.1,69,0.0,0.0,0.0,0.0,2.06,4.6
2003-11-17,7.1,13.5,1.1,4.7,11.0,76,0.2,0.2,0.0,1.0,2.19,5.5
2003-11-18,7.3,12.2,4.9,5.5,10.0,83,0.1,0.1,0.0,1.0,2.27,3.9
2003-11-19,5.2,6.5,3.6,2.0,4.2,74,0.3,0.1,0.14,3.0,3.11,7.5
2003-11-20,3.4,6.8,0.7,-0.1,3.3,70,0.2,0.0,0.28,1.0,4.6,10.1
2003-11-21,3.5,10.3,-1.2,0.5,7.6,65,0.0,0.0,0.0,0.0,1.34,4.8
2003-11-22,3.8,11.3,-2.4,0.9,8.8,67,0.0,0.0,0.0,0.0,2.06,4.5
2003-11-23,4.3,10.1,-0.5,1.6,7.3,69,0.0,0.0,0.0,0.0,2.02,4.8
2003-11-24,4.7,12.2,-0.2,1.6,9.6,64,0.0,0.0,0.0,0.0,2.3,5.4
2003-11-25,2.5,5.1,-1.1,-1.1,1.7,63,0.3,0.0,0.56,3.0,3.0,7.9
2003-11-26,3.2,10.7,-1.8,-0.3,7.5,62,0.0,0.0,0.0,0.0,2.82,5.2
2003-11-27,0.8,5.4,-3.2,-3.3,0.9,59,0.0,0.0,0.21,0.0,3.68,9.0
2003-11-28,0.2,5.6,-4.4,-3.6,2.2,55,0.0,0.0,0.0,0.0,1.98,5.6
2003-11-29,2.5,11.4,-4.3,-1.3,8.0,50,0.0,0.0,0.0,0.0,2.25,4.5
2003-11-30,1.7,6.9,-2.0,-2.4,2.2,47,0.2,0.0,0.14,1.0,4.06,9.3
2003-12-01,0.2,5.0,-3.1,-3.5,1.4,46,0.0,0.0,0.0,0.0,1.92,5.2
2003-12-02,1.2,5.9,-2.8,-2.4,1.9,53,0.0,0.0,0.0,0.0,1.58,5.7
2003-12-03,1.2,5.8,-3.5,-2.4,2.0,56,0.0,0.0,0.0,0.0,1.89,5.6
2003-12-04,1.9,5.8,-2.5,-1.9,1.6,54,0.1,0.0,0.21,1.0,2.34,7.3
2003-12-05,1.2,5.6,-1.4,-2.6,1.8,53,0.0,0.0,0.0,0.0,2.62,5.3
2003-12-06,-0.4,4.8,-4.6,-3.9,1.4,59,0.0,0.0,0.0,0.0,1.75,4.7
2003-12-07,-0.0,5.3,-5.4,-3.4,1.7,63,0.0,0.0,0.0,0.0,2.06,4.8
2003-12-08,0.5,6.6,-3.8,-3.1,3.4,60,0.0,0.0,0.0,0.0,2.55,4.3
2003-12-09,-0.1,4.9,-2.8,-4.0,0.8,58,0.0,0.0,0.0,0.0,2.77,7.8
2003-12-10,0.2,7.1,-4.7,-3.5,3.7,53,0.0,0.0,0.0,0.0,2.01,4.8
2003-12-11,0.5,6.8,-3.8,-3.0,3.0,57,0.0,0.0,0.0,0.0,1.84,4.7
2003-12-12,1.3,9.0,-3.4,-2.2,5.6,57,0.0,0.0,0.0,0.0,2.39,4.5
2003-12-13,2.3,9.6,-2.8,-1.3,6.0,50,0.0,0.0,0.0,0.0,2.01,4.1
2003-12-14,1.7,9.4,-3.7,-2.0,5.7,54,0.0,0.0,0.0,0.0,1.84,3.8
2003-12-15,-0.2,3.6,-2.6,-4.0,-1.0,63,0.0,0.0,0.0,0.0,3.68,8.2
2003-12-16,-1.2,4.0,-5.3,-5.2,-0.5,51,0.0,0.0,0.0,0.0,2.76,6.7
2003-12-17,-1.7,2.2,-5.1,-5.9,-2.4,53,0.0,0.0,0.0,0.0,3.56,8.2
2003-12-18,-3.3,-0.8,-5.9,-7.8,-5.3,52,0.0,0.0,0.0,0.0,3.09,8.2
2003-12-19,-3.1,2.7,-6.9,-7.1,-1.8,46,0.0,0.0,0.0,0.0,2.14,4.9
2003-12-20,-1.0,4.2,-5.2,-4.6,0.3,51,0.0,0.0,0.0,0.0,2.1,4.7
2003-12-21,0.5,5.4,-2.8,-3.2,1.4,47,0.0,0.0,0.0,0.0,1.7,5.0
2003-12-22,0.3,8.0,-4.8,-3.6,4.5,51,0.0,0.0,0.0,0.0,2.12,4.5
2003-12-23,1.4,9.2,-4.5,-2.3,5.7,50,0.0,0.0,0.0,0.0,1.92,4.9
2003-12-24,-0.3,3.5,-3.4,-5.1,-2.1,39,0.0,0.0,0.0,0.0,4.26,10.0
2003-12-25,-2.2,2.7,-5.5,-6.3,-1.6,38,0.0,0.0,0.0,0.0,2.06,4.5
2003-12-26,-1.5,4.9,-6.2,-5.3,1.6,44,0.0,0.0,0.0,0.0,1.79,4.2
2003-12-27,-1.4,2.4,-4.3,-5.5,-2.0,50,0.0,0.0,0.07,0.0,2.76,6.8
2003-12-28,-1.2,2.5,-4.1,-5.1,-1.5,44,0.2,0.0,0.49,2.0,1.93,4.9
2003-12-29,-0.7,2.7,-2.5,-4.1,-1.2,62,0.8,0.0,0.91,8.0,2.51,4.6
2003-12-30,-0.6,6.6,-6.0,-4.6,2.9,51,0.0,0.0,0.0,0.0,1.71,5.3
2003-12-31,-0.2,4.1,-4.1,-4.3,-0.8,46,0.0,0.0,0.0,0.0,3.19,7.9
2004-01-01,-0.3,4.6,-3.6,-4.7,0.4,38,0.0,0.0,0.0,0.0,2.79,6.9
2004-01-02,-1.7,5.5,-6.9,-5.9,1.0,40,0.0,0.0,0.0,0.0,2.06,5.2
2004-01-03,-0.8,5.0,-4.6,-4.9,1.0,38,0.0,0.0,0.0,0.0,2.43,5.4
2004-01-04,-1.0,5.3,-4.8,-4.9,1.4,46,0.0,0.0,0.0,0.0,2.38,4.8
2004-01-05,0.3,5.7,-2.8,-3.6,2.0,46,0.2,0.0,0.21,2.0,2.28,4.9
2004-01-06,-1.3,3.9,-5.6,-5.0,0.1,57,0.0,0.0,0.0,0.0,2.02,4.8
2004-01-07,0.1,3.6,-2.4,-3.2,-0.1,60,0.4,0.0,0.7,3.0,2.51,6.9
2004-01-08,-0.3,4.8,-3.1,-3.6,1.4,68,0.0,0.0,0.0,0.0,1.7,4.9
2004-01-09,-0.4,5.6,-4.4,-4.0,2.1,65,0.0,0.0,0.0,0.0,1.97,4.6
2004-01-10,-0.4,4.5,-5.4,-3.9,1.1,68,0.1,0.0,0.14,1.0,2.33,4.6
2004-01-11,-0.2,5.7,-4.4,-4.0,2.1,61,0.7,0.0,0.49,4.0,2.94,8.1
2004-01-12,-0.3,6.5,-4.9,-4.0,3.4,59,0.7,0.0,0.63,3.0,2.2,6.6
2004-01-13,-0.3,8.3,-6.3,-4.6,4.2,47,0.0,0.0,0.0,0.0,3.69,7.2
2004-01-14,0.3,3.6,-1.8,-3.9,-0.5,41,0.0,0.0,0.07,0.0,2.94,6.2
2004-01-15,-1.0,4.1,-5.2,-4.6,0.7,63,0.0,0.0,0.21,0.0,2.37,5.6
2004-01-16,-0.9,5.3,-5.0,-4.7,2.2,60,0.0,0.0,0.0,0.0,3.34,6.1
2004-01-17,-4.4,-2.2,-6.8,-9.0,-7.1,60,0.0,0.0,0.42,0.0,4.04,9.4
2004-01-18,-5.2,0.1,-9.5,-9.6,-4.8,42,0.0,0.0,0.0,0.0,2.51,6.0
2004-01-19,-4.6,0.5,-8.6,-8.8,-3.9,43,0.0,0.0,0.0,0.0,2.42,6.1
2004-01-20,-3.7,1.8,-7.3,-7.8,-2.3,51,0.6,0.0,0.56,6.0,2.38,4.9
2004-01-21,-3.7,3.9,-8.9,-7.8,-0.2,51,0.0,0.0,0.0,0.0,1.91,5.0
2004-01-22,-3.2,3.0,-7.4,-7.4,-1.4,50,0.0,0.0,0.0,0.0,3.01,7.3
2004-01-23,-6.3,-1.3,-10.5,-10.9,-6.2,38,0.0,0.0,0.0,0.0,2.9,5.8
2004-01-24,-5.3,2.2,-10.7,-9.6,-2.3,39,0.0,0.0,0.0,0.0,2.39,5.1
2004-01-25,-3.2,2.7,-7.6,-7.3,-1.8,41,0.0,0.0,0.0,0.0,2.66,5.3
2004-01-26,-2.4,5.6,-7.9,-6.5,1.6,45,0.0,0.0,0.0,0.0,2.19,4.8
2004-01-27,-1.8,6.8,-7.4,-6.0,2.8,39,0.0,0.0,0.0,0.0,1.98,4.6
2004-01-28,-0.8,5.8,-5.5,-4.6,2.0,49,0.0,0.0,0.0,0.0,1.88,5.3
2004-01-29,2.6,12.5,-5.4,-1.5,8.8,42,0.0,0.0,0.0,0.0,2.33,5.5
2004-01-30,1.1,4.7,-3.3,-3.3,0.3,42,0.0,0.0,0.0,0.0,3.55,8.8
2004-01-31,-2.1,0.5,-4.0,-6.5,-4.3,51,0.0,0.0,0.07,0.0,3.19,7.8
2004-02-01,-5.0,-3.0,-7.4,-9.4,-7.1,61,1.7,0.0,1.61,8.0,3.4,7.7
2004-02-02,-5.8,-1.8,-9.6,-10.1,-6.3,54,0.0,0.0,0.0,0.0,3.18,7.5
2004-02-03,-4.3,0.3,-8.4,-8.4,-4.1,43,0.0,0.0,0.0,0.0,2.66,6.4
2004-02-04,-4.6,0.6,-9.6,-9.2,-3.0,39,0.0,0.0,0.0,0.0,2.85,6.8
2004-02-05,-4.8,1.5,-10.4,-9.4,-3.0,37,0.0,0.0,0.0,0.0,2.7,6.1
2004-02-06,-3.9,2.8,-9.9,-8.2,-0.9,35,0.0,0.0,0.0,0.0,2.18,5.2
2004-02-07,-2.9,5.1,-9.7,-7.3,0.7,35,0.0,0.0,0.0,0.0,2.5,5.6
2004-02-08,-0.9,8.4,-8.4,-5.5,3.6,27,0.0,0.0,0.0,0.0,2.61,6.1
2004-02-09,1.7,10.7,-5.1,-2.8,6.3,20,0.0,0.0,0.0,0.0,2.28,4.9
2004-02-10,3.0,10.4,-2.1,-1.1,6.1,32,0.0,0.0,0.0,0.0,2.91,6.1
2004-02-11,3.5,11.3,-1.9,-0.6,7.3,24,0.0,0.0,0.0,0.0,3.2,5.9
2004-02-12,4.7,13.1,-1.5,0.1,6.5,26,0.0,0.0,0.0,0.0,4.97,11.3
2004-02-13,6.3,16.9,-3.4,1.2,11.5,13,0.0,0.0,0.0,0.0,3.54,8.8
2004-02-14,6.5,15.9,-1.9,2.3,11.8,20,0.0,0.0,0.0,0.0,2.86,4.4
2004-02-15,5.2,11.2,-1.0,0.7,6.0,27,0.0,0.0,0.0,0.0,4.82,10.4
2004-02-16,4.6,12.8,-2.8,0.6,8.7,40,0.0,0.0,0.0,0.0,2.96,6.7
2004-02-17,7.1,17.9,-2.6,2.4,11.3,31,0.0,0.0,0.0,0.0,5.6,12.0
2004-02-18,9.0,21.2,-0.9,4.5,16.4,20,0.0,0.0,0.0,0.0,4.19,7.3
2004-02-19,7.5,13.7,2.9,3.1,8.8,34,0.0,0.0,0.0,0.0,5.73,12.5
2004-02-20,4.2,7.8,1.8,0.5,3.9,49,0.0,0.0,0.14,0.0,2.7,5.9
2004-02-21,6.2,14.3,-0.8,2.6,10.5,42,0.0,0.0,0.0,0.0,3.5,7.6
2004-02-22,5.4,14.0,-2.7,1.4,9.4,30,0.0,0.0,0.0,0.0,3.11,8.3
2004-02-23,3.1,9.0,-0.8,-1.0,3.8,50,0.3,0.0,0.28,3.0,3.98,9.5
2004-02-24,3.7,10.2,-1.9,0.2,6.2,48,0.0,0.0,0.0,0.0,2.5,6.7
2004-02-25,4.2,10.9,-1.8,0.3,7.6,40,0.0,0.0,0.0,0.0,3.33,8.2
2004-02-26,5.6,14.5,-1.6,1.6,10.5,33,0.4,0.1,0.21,2.0,3.48,7.6
2004-02-27,7.4,16.2,0.9,3.3,11.5,34,0.0,0.0,0.0,0.0,4.13,9.5
2004-02-28,6.7,13.9,-0.3,2.5,9.5,41,0.0,0.0,0.07,0.0,4.88,10.4
2004-02-29,5.5,9.0,1.1,1.9,5.4,54,2.6,0.0,2.24,9.0,3.26,7.8
2004-03-01,3.5,7.4,-0.1,-0.6,3.3,44,0.0,0.0,0.0,0.0,3.62,7.6
2004-03-02,-0.5,2.7,-3.6,-5.3,-0.6,57,1.6,0.0,1.26,9.0,7.22,16.2
2004-03-03,0.1,9.8,-8.4,-4.3,4.9,29,0.0,0.0,0.0,0.0,2.89,7.7
2004-03-04,3.5,10.4,-3.8,-1.2,6.7,27,0.0,0.0,0.0,0.0,6.59,14.4
2004-03-05,2.7,11.5,-4.1,-1.6,6.6,29,0.0,0.0,0.0,0.0,4.07,8.4
2004-03-06,4.3,12.6,-2.2,0.2,7.7,24,0.0,0.0,0.0,0.0,2.94,6.6
2004-03-07,4.6,10.9,-1.1,0.8,6.8,38,0.0,0.0,0.0,0.0,2.28,6.5
2004-03-08,9.3,22.3,-2.3,4.7,16.1,31,0.0,0.0,0.0,0.0,5.16,11.9
2004-03-09,12.4,27.4,2.4,7.4,22.9,23,0.0,0.0,0.0,0.0,8.65,20.1
2004-03-10,7.5,12.2,3.2,3.2,8.1,36,0.0,0.0,0.0,0.0,5.16,11.5
2004-03-11,6.7,12.0,2.4,2.5,7.7,33,0.0,0.0,0.0,0.0,2.78,6.6
2004-03-12,8.2,18.9,-1.0,4.2,15.8,41,0.0,0.0,0.0,0.0,7.09,15.8
2004-03-13,9.8,18.6,1.6,6.1,14.1,28,0.0,0.0,0.0,0.0,3.38,7.4
2004-03-14,13.0,25.8,1.4,9.3,21.3,29,0.0,0.0,0.0,0.0,3.76,7.1
2004-03-15,12.8,21.1,4.5,8.5,16.3,32,0.0,0.0,0.0,0.0,5.39,12.3
2004-03-16,8.2,13.3,1.9,3.4,7.9,33,0.0,0.0,0.0,0.0,7.32,16.4
2004-03-17,7.5,17.9,-1.0,3.9,13.2,33,0.0,0.0,0.0,0.0,3.64,7.6
2004-03-18,10.5,18.9,1.6,6.8,15.8,38,0.0,0.0,0.0,0.0,5.68,12.9
2004-03-19,8.3,12.5,4.6,4.5,8.4,40,0.2,0.0,0.42,2.0,4.06,9.4
2004-03-20,6.8,10.2,3.6,3.8,6.6,66,5.4,0.5,3.5,9.0,3.16,7.9
2004-03-21,6.8,15.0,-0.0,3.6,11.6,60,0.0,0.0,0.0,0.0,3.35,8.2
2004-03-22,7.8,16.0,1.0,4.8,12.2,60,0.0,0.0,0.0,0.0,3.19,7.6
2004-03-23,8.4,16.1,3.6,4.9,12.2,59,1.5,0.9,0.42,7.0,6.26,13.7
2004-03-24,5.8,9.8,3.2,2.7,6.0,64,1.2,0.0,1.05,5.0,2.7,6.9
2004-03-25,8.5,16.4,2.1,5.7,13.1,55,0.0,0.0,0.0,0.0,3.33,8.1
2004-03-26,9.3,14.3,5.5,6.2,10.3,64,1.0,1.0,0.0,6.0,5.19,11.6
2004-03-27,10.5,19.1,2.6,7.2,15.6,56,0.0,0.0,0.0,0.0,5.95,13.5
2004-03-28,12.2,19.1,8.1,8.2,16.5,26,0.0,0.0,0.0,0.0,7.16,17.2
2004-03-29,9.7,16.3,3.0,5.6,12.7,23,0.0,0.0,0.0,0.0,4.4,10.6
2004-03-30,10.8,20.2,2.8,7.0,16.6,26,0.0,0.0,0.0,0.0,3.55,7.7
2004-03-31,7.7,12.2,3.8,3.9,7.7,56,0.6,0.4,0.14,3.0,7.63,17.2
2004-04-01,9.9,22.0,0.0,6.3,17.1,42,0.0,0.0,0.0,0.0,3.38,8.8
2004-04-02,13.6,23.0,4.2,9.7,18.9,18,0.0,0.0,0.0,0.0,3.14,6.5
2004-04-03,16.4,25.4,6.6,12.6,22.4,14,0.0,0.0,0.0,0.0,3.26,9.6
2004-04-04,17.2,27.2,6.9,13.6,23.6,28,0.0,0.0,0.0,0.0,3.73,8.4
2004-04-05,18.4,24.1,9.8,14.5,21.9,11,0.0,0.0,0.0,0.0,4.33,11.1
2004-04-06,11.1,16.5,4.6,6.7,12.6,41,1.8,0.6,0.84,9.0,7.25,15.6
2004-04-07,8.7,16.0,3.7,5.5,12.2,41,0.2,0.0,0.21,1.0,2.91,7.3
2004-04-08,11.1,18.7,3.4,7.8,15.8,35,0.0,0.0,0.0,0.0,2.64,7.4
2004-04-09,13.9,22.3,6.7,10.5,17.8,38,0.0,0.0,0.0,0.0,4.75,10.7
2004-04-10,15.3,23.1,8.3,12.0,20.0,29,0.0,0.0,0.0,0.0,4.48,9.4
2004-04-11,14.6,21.7,8.9,11.1,17.5,30,0.0,0.0,0.0,0.0,3.28,8.3
2004-04-12,11.1,13.9,7.0,7.1,10.0,43,0.0,0.0,0.0,0.0,6.09,13.5
2004-04-13,8.6,11.7,6.3,5.5,8.6,58,0.2,0.2,0.0,2.0,4.11,10.6
2004-04-14,10.3,16.6,5.8,7.3,13.2,45,0.0,0.0,0.0,0.0,2.25,7.1
2004-04-15,12.3,20.1,3.4,8.9,17.2,32,0.0,0.0,0.0,0.0,2.4,6.7
2004-04-16,14.3,21.0,7.1,10.9,19.3,23,0.0,0.0,0.0,0.0,2.32,6.0
2004-04-17,15.2,23.6,7.4,12.0,21.5,28,0.0,0.0,0.0,0.0,2.47,6.9
2004-04-18,17.2,27.3,8.5,13.3,22.7,20,0.0,0.0,0.0,0.0,3.45,8.8
2004-04-19,20.8,31.9,9.0,17.0,29.0,17,0.0,0.0,0.0,0.0,5.02,11.9
2004-04-20,23.2,33.2,12.9,19.7,28.9,24,0.0,0.0,0.0,0.0,4.8,11.8
2004-04-21,23.0,31.9,15.1,18.7,29.0,12,0.0,0.0,0.0,0.0,9.04,18.9
2004-04-22,19.1,23.4,15.3,15.8,20.2,21,0.0,0.0,0.0,0.0,2.4,8.7
2004-04-23,20.5,28.5,13.6,18.1,26.9,31,0.0,0.0,0.0,0.0,5.17,12.7
2004-04-24,20.1,29.9,13.4,19.4,29.7,55,0.0,0.0,0.0,0.0,4.92,10.9
2004-04-25,14.2,18.0,10.1,13.3,17.6,73,4.8,4.8,0.0,14.0,3.08,11.5
2004-04-26,17.4,28.1,8.3,15.1,24.7,50,0.0,0.0,0.0,0.0,4.08,9.4
2004-04-27,22.1,33.1,10.2,18.8,29.1,24,0.0,0.0,0.0,0.0,3.62,9.5
2004-04-28,21.9,30.0,13.6,19.3,27.9,36,0.0,0.0,0.0,0.0,6.62,14.4
2004-04-29,19.9,25.2,15.7,16.2,20.7,23,0.0,0.0,0.0,0.0,4.85,11.2
2004-04-30,19.5,25.2,14.8,17.9,24.6,39,0.2,0.2,0.0,1.0,2.62,9.1
2004-05-01,14.8,18.5,8.9,12.1,18.5,59,0.9,0.9,0.07,4.0,5.74,12.9
2004-05-02,6.1,8.5,4.7,2.5,3.9,68,8.9,2.0,4.83,19.0,4.61,11.0
2004-05-03,7.8,11.6,3.3,4.3,8.3,40,0.0,0.0,0.0,0.0,2.94,7.7
2004-05-04,12.0,20.8,2.8,8.6,16.8,36,0.0,0.0,0.0,0.0,3.69,9.4
2004-05-05,16.6,25.2,7.5,13.1,22.7,19,0.0,0.0,0.0,0.0,3.3,7.1
2004-05-06,17.2,22.9,11.6,14.4,21.7,32,0.0,0.0,0.0,0.0,2.87,6.5
2004-05-07,18.6,27.4,11.0,15.7,23.0,35,0.0,0.0,0.0,0.0,4.06,10.4
2004-05-08,22.4,33.1,12.1,19.5,30.1,23,0.0,0.0,0.0,0.0,3.61,8.7
2004-05-09,22.6,30.2,13.0,20.3,27.2,42,0.2,0.2,0.0,1.0,5.46,12.2
2004-05-10,18.9,23.4,15.2,15.8,20.8,30,0.0,0.0,0.0,0.0,5.59,13.3
2004-05-11,19.3,25.6,14.7,17.0,23.5,35,0.0,0.0,0.0,0.0,4.4,10.2
2004-05-12,18.6,23.3,14.3,15.5,20.7,27,0.0,0.0,0.0,0.0,2.55,8.0
2004-05-13,18.5,25.6,11.5,16.4,23.8,45,0.2,0.2,0.0,2.0,5.3,12.7
2004-05-14,14.1,18.7,9.3,12.1,16.4,60,7.6,7.6,0.0,12.0,4.4,11.5
2004-05-15,13.4,19.4,9.5,11.4,18.4,58,3.6,3.6,0.0,11.0,7.29,17.2
2004-05-16,14.3,22.9,7.6,11.9,19.6,41,0.0,0.0,0.0,0.0,3.06,8.2
2004-05-17,17.9,25.0,10.9,15.2,23.0,33,0.0,0.0,0.0,0.0,4.65,10.4
2004-05-18,19.5,27.2,13.3,16.5,23.0,29,0.0,0.0,0.0,0.0,5.0,11.9
2004-05-19,21.5,30.3,12.1,18.7,27.3,28,0.0,0.0,0.0,0.0,3.14,8.4
2004-05-20,22.8,30.6,13.6,19.0,27.0,19,0.0,0.0,0.0,0.0,5.25,11.8
2004-05-21,23.0,31.7,13.9,19.5,28.8,17,0.0,0.0,0.0,0.0,5.22,12.1
2004-05-22,22.6,28.1,17.4,20.0,26.7,29,0.0,0.0,0.0,0.0,4.89,11.4
2004-05-23,22.7,31.2,13.4,21.0,29.9,38,0.0,0.0,0.0,0.0,5.8,13.2
2004-05-24,18.3,21.5,15.9,16.1,18.9,53,0.0,0.0,0.0,0.0,5.7,12.3
2004-05-25,20.9,27.7,14.6,18.9,25.9,36,0.0,0.0,0.0,0.0,4.55,10.8
2004-05-26,19.8,23.9,15.5,18.0,21.2,46,1.2,1.2,0.0,4.0,4.6,10.5
2004-05-27,21.7,27.9,15.7,20.6,27.8,44,0.0,0.0,0.0,0.0,3.89,8.5
2004-05-28,22.7,32.2,16.2,21.3,31.0,39,5.3,5.3,0.0,5.0,5.41,12.5
2004-05-29,14.0,17.9,11.5,13.0,17.8,85,33.9,33.9,0.0,20.0,4.67,10.6
2004-05-30,16.9,23.5,10.8,16.0,22.1,60,0.0,0.0,0.0,0.0,2.3,6.3
2004-05-31,18.3,24.2,12.7,16.6,22.0,51,0.0,0.0,0.0,0.0,4.13,9.6
2004-06-01,21.2,31.1,10.9,20.5,30.3,50,0.0,0.0,0.0,0.0,3.55,8.1
2004-06-02,21.6,27.5,16.7,21.1,27.2,58,0.0,0.0,0.0,0.0,4.82,11.2
2004-06-03,15.6,18.7,13.1,14.3,17.1,70,5.2,5.2,0.0,12.0,4.34,10.9
2004-06-04,15.8,20.3,12.6,14.9,18.0,67,4.8,4.8,0.0,6.0,3.81,8.8
2004-06-05,16.2,23.9,11.9,15.1,24.0,63,4.4,4.4,0.0,5.0,7.16,16.8
2004-06-06,16.5,23.3,10.2,15.0,21.1,53,0.0,0.0,0.0,0.0,3.21,9.0
2004-06-07,18.7,24.3,13.0,16.9,23.5,40,0.0,0.0,0.0,0.0,4.0,8.9
2004-06-08,19.9,26.9,11.7,18.2,26.5,40,0.0,0.0,0.0,0.0,3.68,9.4
2004-06-09,18.9,23.5,14.2,17.8,22.7,59,2.1,2.1,0.0,8.0,3.61,9.6
2004-06-10,20.0,27.2,13.2,18.6,26.5,55,0.0,0.0,0.0,0.0,6.44,14.4
2004-06-11,20.5,28.3,15.4,19.4,27.5,57,0.0,0.0,0.0,0.0,6.81,15.1
2004-06-12,18.9,23.7,15.8,18.8,22.7,65,2.3,2.3,0.0,7.0,2.62,7.2
2004-06-13,21.9,28.7,16.0,21.8,27.8,56,0.4,0.4,0.0,2.0,3.14,7.6
2004-06-14,20.4,25.2,17.2,19.9,25.3,55,2.4,2.4,0.0,5.0,3.18,8.4
2004-06-15,22.2,30.1,14.0,21.0,27.7,48,0.0,0.0,0.0,0.0,3.52,9.8
2004-06-16,23.6,30.2,16.5,21.7,28.6,30,0.0,0.0,0.0,0.0,3.5,8.2
2004-06-17,23.8,29.0,18.8,21.1,27.4,22,0.0,0.0,0.0,0.0,4.46,10.8
2004-06-18,22.7,29.1,17.4,21.1,27.9,32,0.0,0.0,0.0,0.0,3.0,7.3
2004-06-19,23.1,30.1,15.5,21.4,29.7,35,0.0,0.0,0.0,0.0,2.62,6.7
2004-06-20,24.9,32.7,15.1,22.9,32.1,27,0.0,0.0,0.0,0.0,2.28,6.9
2004-06-21,26.9,34.4,18.2,24.6,33.5,21,0.0,0.0,0.0,0.0,2.88,7.7
2004-06-22,25.2,33.5,18.2,23.0,31.2,29,1.1,1.1,0.0,6.0,5.77,13.4
2004-06-23,21.6,25.5,16.3,21.3,26.5,55,4.9,4.9,0.0,11.0,3.19,8.5
2004-06-24,24.4,32.6,15.1,23.9,32.8,41,0.0,0.0,0.0,0.0,2.1,5.7
2004-06-25,27.5,35.5,20.4,26.1,33.7,25,0.0,0.0,0.0,0.0,3.29,8.4
2004-06-26,28.2,35.6,21.2,27.0,34.0,36,0.0,0.0,0.0,0.0,6.27,13.0
2004-06-27,23.9,27.2,21.5,24.4,26.6,60,3.3,3.3,0.0,9.0,4.05,9.6
2004-06-28,24.5,28.9,21.8,25.5,28.3,60,0.6,0.6,0.0,4.0,3.86,9.4
2004-06-29,22.3,24.7,19.3,21.7,25.6,59,0.2,0.2,0.0,2.0,5.9,12.3
2004-06-30,20.5,26.7,16.2,19.9,26.0,58,3.4,3.4,0.0,7.0,3.54,9.2
2004-07-01,24.8,33.0,15.5,24.1,33.2,38,0.0,0.0,0.0,0.0,2.33,6.6
2004-07-02,26.6,31.7,21.4,25.4,32.1,33,0.0,0.0,0.0,0.0,3.91,8.7
2004-07-03,26.6,34.1,17.9,25.4,33.9,32,0.0,0.0,0.0,0.0,3.14,6.5
2004-07-04,25.5,31.7,21.1,24.2,31.3,33,0.7,0.7,0.0,2.0,5.81,13.4
2004-07-05,25.7,33.6,17.1,23.9,31.3,32,0.0,0.0,0.0,0.0,3.83,9.4
2004-07-06,27.2,37.2,16.8,25.3,35.4,23,0.0,0.0,0.0,0.0,3.11,6.8
2004-07-07,28.4,35.5,21.3,26.7,34.4,28,0.0,0.0,0.0,0.0,4.2,10.0
2004-07-08,25.3,30.1,20.5,23.3,26.9,40,0.3,0.3,0.0,3.0,6.41,14.0
2004-07-09,19.0,22.3,16.4,19.5,22.9,73,19.5,19.5,0.0,16.0,2.97,8.6
2004-07-10,22.0,29.5,15.3,21.4,28.7,48,0.0,0.0,0.0,0.0,2.69,6.7
2004-07-11,23.9,32.4,15.3,22.4,31.2,37,0.0,0.0,0.0,0.0,4.6,12.0
2004-07-12,24.0,29.5,19.2,23.4,29.3,42,0.1,0.1,0.0,1.0,4.33,10.5
2004-07-13,24.2,31.1,17.4,23.6,31.8,41,0.0,0.0,0.0,0.0,2.42,6.4
2004-07-14,20.4,23.8,16.1,20.2,22.7,60,5.4,5.4,0.0,17.0,2.89,8.0
2004-07-15,21.2,28.3,15.6,21.6,26.9,61,3.0,3.0,0.0,4.0,2.11,6.3
2004-07-16,22.1,26.8,19.5,22.6,26.6,56,2.6,2.6,0.0,3.0,2.12,6.0
2004-07-17,20.9,26.0,17.6,21.6,27.1,66,5.7,5.7,0.0,8.0,4.23,9.6
2004-07-18,22.0,28.7,16.5,22.5,27.6,60,1.4,1.4,0.0,3.0,3.33,7.0
2004-07-19,23.7,30.6,16.8,23.5,30.3,51,0.0,0.0,0.0,0.0,3.69,8.9
2004-07-20,24.9,31.9,17.8,25.2,32.4,51,0.0,0.0,0.0,0.0,3.9,11.1
2004-07-21,26.4,35.0,19.9,27.5,34.7,54,0.0,0.0,0.0,0.0,4.53,11.1
2004-07-22,26.9,35.4,20.4,28.2,35.3,57,0.3,0.3,0.0,2.0,4.95,10.4
2004-07-23,25.4,30.7,20.7,26.6,30.3,62,0.3,0.3,0.0,2.0,4.88,10.2
2004-07-24,25.3,29.3,22.0,28.1,31.1,69,11.2,11.2,0.0,18.0,2.94,8.1
2004-07-25,23.0,25.5,20.8,25.8,28.6,81,18.0,18.0,0.0,16.0,3.14,11.3
2004-07-26,24.1,29.0,19.5,25.8,30.0,64,1.0,1.0,0.0,3.0,1.77,7.5
2004-07-27,24.9,30.6,20.9,25.8,31.8,55,0.9,0.9,0.0,2.0,3.76,8.9
2004-07-28,22.1,28.8,16.6,22.6,29.8,64,4.6,4.6,0.0,7.0,6.24,13.9
2004-07-29,19.6,25.2,15.6,19.9,25.4,65,5.2,5.2,0.0,10.0,2.19,8.5
2004-07-30,23.4,32.1,15.5,24.1,33.4,57,0.0,0.0,0.0,0.0,3.2,7.6
2004-07-31,25.0,33.8,17.0,25.9,33.8,58,0.0,0.0,0.0,0.0,3.62,9.4
2004-08-01,26.2,34.8,20.0,27.3,35.0,53,0.0,0.0,0.0,0.0,3.48,7.6
2004-08-02,27.2,35.1,21.3,28.6,35.1,56,0.0,0.0,0.0,0.0,3.81,8.2
2004-08-03,26.2,33.8,20.9,28.1,35.2,62,7.6,7.6,0.0,5.0,4.19,10.1
2004-08-04,26.4,34.5,19.4,27.9,35.0,62,0.0,0.0,0.0,0.0,4.82,12.1
2004-08-05,27.4,35.6,20.9,28.5,36.8,53,0.0,0.0,0.0,0.0,4.66,11.7
2004-08-06,26.1,33.2,19.7,26.2,32.4,48,0.0,0.0,0.0,0.0,2.98,7.1
2004-08-07,26.8,34.1,20.8,27.6,35.2,46,0.0,0.0,0.0,0.0,3.68,10.6
2004-08-08,27.7,36.5,20.1,28.7,36.7,49,0.3,0.3,0.0,1.0,4.02,8.9
2004-08-09,25.5,30.5,21.3,24.8,30.5,50,0.0,0.0,0.0,0.0,7.0,15.7
2004-08-10,22.7,28.9,19.3,22.8,28.6,56,0.6,0.6,0.0,1.0,3.65,8.0
2004-08-11,21.7,24.6,18.7,22.9,25.1,74,4.2,4.2,0.0,12.0,4.36,11.1
2004-08-12,21.7,26.7,18.5,22.8,27.5,69,2.5,2.5,0.0,9.0,3.51,7.1
2004-08-13,23.6,28.9,19.4,25.2,30.2,69,8.6,8.6,0.0,7.0,4.74,10.1
2004-08-14,18.0,19.4,16.8,18.9,20.2,83,10.2,10.2,0.0,24.0,2.22,6.8
2004-08-15,19.4,23.6,16.7,20.0,23.4,70,8.4,8.4,0.0,12.0,1.86,5.5
2004-08-16,22.2,30.8,13.5,21.9,31.0,50,0.0,0.0,0.0,0.0,2.33,6.3
2004-08-17,22.8,30.1,17.5,23.0,31.5,49,0.8,0.8,0.0,3.0,2.14,7.2
2004-08-18,23.3,30.5,17.7,23.9,31.8,56,2.5,2.5,0.0,4.0,3.0,8.1
2004-08-19,17.6,19.4,15.6,18.7,20.7,88,20.6,20.6,0.0,18.0,3.13,8.3
2004-08-20,19.8,27.5,12.9,20.6,28.7,70,0.2,0.2,0.0,1.0,2.26,6.1
2004-08-21,22.3,28.1,17.0,23.5,30.7,65,2.7,2.7,0.0,3.0,2.82,7.4
2004-08-22,23.3,30.5,17.0,24.3,31.3,62,0.0,0.0,0.0,0.0,3.0,8.3
2004-08-23,21.7,26.8,17.4,22.2,25.9,66,1.1,1.1,0.0,4.0,3.61,9.3
2004-08-24,19.5,21.9,17.5,20.6,22.6,78,9.3,9.3,0.0,10.0,2.33,6.2
2004-08-25,21.1,29.1,14.3,21.6,28.9,64,0.2,0.2,0.0,1.0,2.97,7.7
2004-08-26,21.7,27.9,17.2,22.4,29.1,64,4.3,4.3,0.0,12.0,2.87,7.1
2004-08-27,16.5,18.6,13.8,15.6,18.1,72,5.4,5.4,0.0,6.0,4.6,10.5
2004-08-28,18.8,25.7,13.4,19.0,25.7,66,0.0,0.0,0.0,0.0,4.03,9.9
2004-08-29,21.1,26.8,17.2,21.4,26.8,61,0.0,0.0,0.0,0.0,2.02,6.0
2004-08-30,21.5,27.6,15.9,21.4,28.1,59,0.9,0.9,0.0,5.0,5.02,11.1
2004-08-31,22.3,29.3,17.2,22.6,30.3,55,0.0,0.0,0.0,0.0,2.73,7.5
2004-09-01,24.1,30.6,18.6,24.1,29.8,56,0.0,0.0,0.0,0.0,5.1,11.7
2004-09-02,22.5,27.7,19.5,23.2,27.8,65,0.0,0.0,0.0,0.0,4.16,9.3
2004-09-03,22.2,27.7,18.3,21.9,25.2,56,0.2,0.2,0.0,1.0,4.46,9.6
2004-09-04,19.3,21.1,18.1,20.0,21.1,73,3.8,3.8,0.0,9.0,2.2,5.4
2004-09-05,20.4,27.2,14.4,20.5,28.4,64,0.0,0.0,0.0,0.0,3.36,7.9
2004-09-06,20.8,25.5,17.7,20.2,24.2,52,0.0,0.0,0.0,0.0,2.62,6.5
2004-09-07,17.4,20.0,14.9,17.0,19.8,66,7.2,7.2,0.0,11.0,2.2,6.2
2004-09-08,18.5,26.8,11.2,17.3,25.4,55,0.0,0.0,0.0,0.0,3.31,8.8
2004-09-09,19.4,26.8,12.3,17.7,25.9,45,0.0,0.0,0.0,0.0,2.86,7.2
2004-09-10,19.8,28.0,12.4,18.7,27.5,51,0.1,0.1,0.0,1.0,3.62,10.2
2004-09-11,20.0,28.6,13.5,19.8,27.6,59,0.7,0.7,0.0,3.0,3.44,9.1
2004-09-12,15.4,17.8,11.5,14.7,17.1,76,8.8,8.8,0.0,11.0,3.22,9.7
2004-09-13,15.9,24.6,9.7,14.6,22.3,61,0.2,0.2,0.0,2.0,3.11,10.1
2004-09-14,18.0,28.5,10.3,15.9,24.9,46,0.0,0.0,0.0,0.0,3.05,8.1
2004-09-15,19.5,30.6,12.0,17.7,27.7,42,0.0,0.0,0.0,0.0,3.14,8.4
2004-09-16,17.6,22.0,14.7,15.7,19.7,51,5.5,5.5,0.0,6.0,3.36,8.1
2004-09-17,17.0,21.2,13.9,16.5,19.9,68,6.0,6.0,0.0,6.0,2.71,6.1
2004-09-18,17.1,22.6,12.1,16.3,21.7,69,0.0,0.0,0.0,0.0,3.07,7.5
2004-09-19,16.0,19.9,13.7,15.2,18.1,74,1.7,1.7,0.0,7.0,5.06,11.4
2004-09-20,16.8,22.4,13.2,15.8,21.1,59,0.0,0.0,0.0,0.0,2.15,4.9
2004-09-21,16.0,22.9,11.2,15.4,23.0,69,2.7,2.7,0.0,4.0,2.9,7.4
2004-09-22,17.2,27.8,10.2,16.9,26.1,71,0.0,0.0,0.0,0.0,3.04,7.2
2004-09-23,16.9,20.9,13.7,16.3,18.4,71,2.4,2.4,0.0,8.0,4.63,12.4
2004-09-24,14.4,16.5,12.7,13.4,15.5,74,10.4,10.4,0.0,14.0,2.48,6.5
2004-09-25,16.4,23.5,10.4,15.6,22.7,65,0.0,0.0,0.0,0.0,2.37,5.9
2004-09-26,15.1,18.0,13.3,14.5,17.2,74,7.3,7.3,0.0,11.0,2.6,6.5
2004-09-27,16.9,23.4,13.5,16.5,22.4,68,0.8,0.8,0.0,5.0,2.7,6.8
2004-09-28,16.9,23.7,11.3,16.1,23.4,67,0.0,0.0,0.0,0.0,2.97,8.6
2004-09-29,16.3,24.3,11.3,15.6,25.2,70,6.0,6.0,0.0,6.0,4.52,11.5
2004-09-30,8.2,11.5,6.1,4.2,7.7,52,0.0,0.0,0.0,0.0,4.34,9.8
2004-10-01,9.3,17.4,4.2,6.5,13.7,46,0.0,0.0,0.0,0.0,2.12,6.1
2004-10-02,11.7,20.5,5.7,9.2,17.6,53,0.0,0.0,0.0,0.0,3.09,6.9
2004-10-03,13.4,22.7,6.0,11.4,20.3,58,0.1,0.1,0.0,1.0,3.23,6.4
2004-10-04,12.4,17.6,8.3,10.3,14.3,67,0.4,0.4,0.0,3.0,4.05,9.3
2004-10-05,12.7,18.2,8.9,11.2,15.9,70,2.5,2.5,0.0,7.0,2.28,5.8
2004-10-06,13.5,20.9,8.8,12.0,18.5,65,0.4,0.4,0.0,2.0,1.9,7.1
2004-10-07,14.1,23.8,7.0,12.1,21.5,57,0.0,0.0,0.0,0.0,3.3,6.1
2004-10-08,15.4,26.2,7.6,13.5,23.3,57,0.0,0.0,0.0,0.0,3.7,8.6
2004-10-09,13.8,20.5,10.2,11.4,16.2,60,0.2,0.2,0.0,2.0,6.67,14.5
2004-10-10,12.9,19.2,6.6,10.3,16.7,50,0.0,0.0,0.0,0.0,3.24,7.9
2004-10-11,13.5,20.6,8.6,10.8,17.8,41,0.0,0.0,0.0,0.0,3.0,8.1
2004-10-12,13.4,20.0,6.9,10.8,17.4,51,0.0,0.0,0.0,0.0,3.5,8.2
2004-10-13,13.5,19.1,8.4,11.5,16.3,65,0.6,0.6,0.0,3.0,4.25,9.6
2004-10-14,12.3,16.8,10.1,10.8,15.1,73,2.7,2.7,0.0,8.0,2.33,7.1
2004-10-15,12.1,15.5,9.4,10.6,13.2,73,0.0,0.0,0.0,0.0,3.41,7.1
2004-10-16,11.5,14.9,9.5,10.5,14.0,82,7.0,7.0,0.0,13.0,2.2,4.6
2004-10-17,12.6,20.4,7.9,11.2,18.6,71,0.0,0.0,0.0,0.0,2.82,6.3
2004-10-18,12.9,20.9,7.5,11.8,19.7,73,0.0,0.0,0.0,0.0,2.26,4.9
2004-10-19,14.0,22.2,9.5,13.0,20.7,74,0.0,0.0,0.0,0.0,2.97,5.4
2004-10-20,7.8,10.3,5.8,4.7,8.8,71,1.9,0.9,0.77,5.0,4.88,11.8
2004-10-21,9.1,15.1,4.8,6.8,12.4,64,0.0,0.0,0.0,0.0,3.28,7.1
2004-10-22,10.0,15.9,5.9,7.8,13.6,62,0.7,0.7,0.0,3.0,2.08,5.8
2004-10-23,9.6,14.0,7.2,7.1,11.2,59,0.2,0.2,0.0,2.0,1.84,5.8
2004-10-24,9.1,17.5,2.9,6.1,14.4,57,0.0,0.0,0.0,0.0,3.89,8.7
2004-10-25,8.0,13.7,4.5,4.2,9.1,42,0.0,0.0,0.0,0.0,3.22,7.0
2004-10-26,7.8,17.3,0.7,5.0,14.6,56,0.0,0.0,0.0,0.0,2.56,4.8
2004-10-27,10.0,20.1,3.4,7.6,17.5,63,0.0,0.0,0.0,0.0,2.72,5.4
2004-10-28,10.4,17.9,4.0,8.2,15.4,69,0.0,0.0,0.0,0.0,2.39,6.1
2004-10-29,9.3,12.2,7.3,7.0,9.9,73,0.6,0.6,0.0,3.0,4.22,8.9
2004-10-30,7.9,12.5,4.0,5.2,9.4,63,2.3,0.9,0.98,6.0,2.62,6.5
2004-10-31,7.2,15.6,0.3,4.2,11.8,63,0.3,0.3,0.0,1.0,2.69,6.1
2004-11-01,8.2,17.9,1.2,5.0,14.4,51,0.0,0.0,0.0,0.0,2.77,4.9
2004-11-02,8.8,19.4,2.3,5.4,15.6,48,0.0,0.0,0.0,0.0,3.11,5.6
2004-11-03,9.7,19.6,1.4,6.8,16.5,54,0.0,0.0,0.0,0.0,2.64,5.3
2004-11-04,8.9,16.4,2.5,5.9,13.3,56,0.0,0.0,0.0,0.0,3.0,8.0
2004-11-05,8.2,18.4,0.3,4.7,14.5,46,0.0,0.0,0.0,0.0,3.1,6.8
2004-11-06,9.7,20.7,1.4,5.8,17.0,35,0.0,0.0,0.0,0.0,2.67,5.8
2004-11-07,10.0,17.5,3.0,7.0,14.8,43,0.0,0.0,0.0,0.0,2.19,5.3
2004-11-08,10.4,20.3,3.1,7.8,17.9,60,0.0,0.0,0.0,0.0,3.35,6.3
2004-11-09,5.8,9.5,1.0,2.2,7.3,65,0.0,0.0,0.0,0.0,5.2,13.2
2004-11-10,4.1,13.7,-3.7,0.7,10.5,56,0.0,0.0,0.0,0.0,5.3,11.6
2004-11-11,4.2,11.3,-1.5,0.1,6.9,43,0.0,0.0,0.0,0.0,2.88,10.7
2004-11-12,3.9,9.4,1.7,0.8,6.4,63,0.6,0.0,0.63,6.0,2.42,5.2
2004-11-13,4.3,9.3,-0.7,1.0,5.8,61,0.0,0.0,0.0,0.0,3.12,7.5
2004-11-14,5.1,9.9,0.9,1.6,6.1,51,0.2,0.0,0.14,2.0,4.44,9.7
2004-11-15,3.6,9.3,-1.1,0.4,5.7,62,0.4,0.0,0.28,2.0,2.27,6.3
2004-11-16,3.4,10.1,-1.3,-0.2,6.1,52,0.1,0.0,0.28,1.0,2.56,7.0
2004-11-17,3.4,13.7,-3.2,-0.8,9.4,42,0.0,0.0,0.0,0.0,2.83,6.4
2004-11-18,4.0,12.7,-2.3,-0.1,8.6,35,0.0,0.0,0.0,0.0,2.48,4.8
2004-11-19,4.1,11.0,-1.7,0.5,7.2,45,0.0,0.0,0.0,0.0,2.25,5.3
2004-11-20,4.8,14.6,-2.5,1.3,11.5,52,0.0,0.0,0.0,0.0,2.55,4.2
2004-11-21,4.9,11.3,-0.8,1.5,7.7,56,0.0,0.0,0.0,0.0,2.5,5.6
2004-11-22,3.9,7.4,0.9,0.3,2.7,58,0.6,0.0,0.56,5.0,3.82,9.0
2004-11-23,3.4,9.3,-2.1,-0.3,5.2,59,0.0,0.0,0.07,0.0,4.7,11.1
2004-11-24,-3.6,1.3,-7.8,-9.1,-3.9,59,1.3,0.0,1.33,8.0,5.17,11.5
2004-11-25,-6.3,-0.6,-10.9,-10.5,-4.6,55,0.0,0.0,0.0,0.0,1.73,5.5
2004-11-26,-2.0,6.2,-8.1,-5.8,2.4,49,0.0,0.0,0.0,0.0,1.58,4.5
2004-11-27,1.6,10.1,-4.5,-2.4,6.2,40,0.0,0.0,0.0,0.0,2.15,4.4
2004-11-28,2.2,9.3,-2.6,-1.5,5.8,41,0.0,0.0,0.0,0.0,1.65,4.7
2004-11-29,3.4,11.9,-3.7,-0.4,8.1,42,0.0,0.0,0.0,0.0,1.82,3.8
2004-11-30,4.2,12.6,-0.8,0.4,8.7,41,0.0,0.0,0.0,0.0,2.97,4.5
2004-12-01,3.4,11.2,-2.3,0.0,8.1,65,0.0,0.0,0.0,0.0,2.11,4.9
2004-12-02,3.4,7.8,0.3,0.1,4.0,69,0.0,0.0,0.21,0.0,2.97,6.0
2004-12-03,3.7,10.8,-1.1,0.2,7.1,58,0.2,0.0,0.28,2.0,3.01,5.4
2004-12-04,3.2,10.3,-2.6,-0.2,7.3,57,0.0,0.0,0.0,0.0,1.75,4.3
2004-12-05,1.6,8.1,-3.5,-2.6,2.2,53,0.0,0.0,0.0,0.0,5.88,13.5
2004-12-06,1.2,6.9,-3.4,-2.5,3.6,54,0.0,0.0,0.0,0.0,2.21,5.5
2004-12-07,2.1,12.1,-4.1,-2.3,6.8,43,0.0,0.0,0.0,0.0,3.47,8.4
2004-12-08,2.7,11.6,-3.3,-1.8,7.3,25,0.0,0.0,0.0,0.0,3.62,6.3
2004-12-09,2.3,9.0,-3.6,-2.0,4.9,35,0.0,0.0,0.0,0.0,2.9,5.6
2004-12-10,0.6,6.1,-3.2,-3.3,1.7,45,0.0,0.0,0.0,0.0,2.39,5.7
2004-12-11,1.1,10.0,-5.5,-2.9,6.1,46,0.0,0.0,0.0,0.0,3.05,4.8
2004-12-12,1.8,11.4,-4.0,-2.1,7.6,47,0.0,0.0,0.0,0.0,2.62,4.3
2004-12-13,2.7,11.0,-2.6,-1.1,7.7,49,0.0,0.0,0.0,0.0,3.04,6.5
2004-12-14,2.8,11.5,-4.3,-0.9,8.0,51,0.0,0.0,0.0,0.0,2.62,4.7
2004-12-15,3.7,13.0,-2.6,-0.1,9.2,46,0.0,0.0,0.0,0.0,2.1,4.4
2004-12-16,2.6,9.2,-2.0,-1.4,5.0,46,0.0,0.0,0.0,0.0,2.52,6.2
2004-12-17,2.4,10.0,-4.4,-1.7,6.1,43,0.0,0.0,0.0,0.0,3.14,5.6
2004-12-18,3.7,13.2,-4.3,-0.1,9.2,41,0.1,0.0,0.14,1.0,1.72,4.7
2004-12-19,3.2,8.8,-1.7,-0.1,5.4,61,0.0,0.0,0.0,0.0,2.75,6.5
2004-12-20,3.1,9.2,0.1,0.0,6.1,72,0.0,0.0,0.14,0.0,3.28,6.2
2004-12-21,0.5,3.9,-1.8,-3.3,0.1,61,0.1,0.0,0.56,1.0,2.51,6.9
2004-12-22,0.8,5.3,-2.7,-2.6,1.7,64,0.0,0.0,0.14,0.0,2.47,6.4
2004-12-23,1.2,7.6,-3.6,-2.1,4.5,66,0.0,0.0,0.0,0.0,2.01,4.1
2004-12-24,0.1,6.3,-3.3,-3.4,2.9,72,0.0,0.0,0.0,0.0,2.2,5.0
2004-12-25,-1.3,2.1,-3.5,-5.2,-1.7,71,0.0,0.0,0.0,0.0,3.12,7.1
2004-12-26,-3.0,-1.3,-4.1,-7.3,-6.1,64,1.6,0.0,1.61,13.0,3.48,8.1
2004-12-27,-3.0,1.3,-5.9,-6.7,-2.7,63,0.0,0.0,0.21,0.0,2.33,5.5
2004-12-28,-3.1,4.0,-7.0,-7.5,0.3,52,0.0,0.0,0.0,0.0,3.97,10.2
2004-12-29,-5.8,-3.7,-10.2,-11.0,-7.6,59,0.3,0.0,0.7,3.0,5.16,11.5
2004-12-30,-9.6,-5.4,-12.9,-14.3,-9.6,44,0.0,0.0,0.28,0.0,3.55,7.3
2004-12-31,-7.3,-0.3,-12.1,-11.5,-4.5,41,0.0,0.0,0.0,0.0,1.24,4.4
