time,temperature_2m_mean,temperature_2m_max,temperature_2m_min,apparent_temperature_mean,apparent_temperature_max,relative_humidity_2m_mean,precipitation_sum,rain_sum,snowfall_sum,precipitation_hours,wind_speed_10m_max,wind_gusts_10m_max
2005-01-01,-3.4,0.3,-7.0,-7.9,-4.3,59,0.0,0.0,0.0,0.0,3.32,7.5
2005-01-02,-0.8,5.4,-6.1,-5.2,0.6,64,0.0,0.0,0.0,0.0,3.79,8.3
2005-01-03,2.4,8.3,-3.2,-1.3,4.8,66,0.0,0.0,0.0,0.0,3.34,6.8
2005-01-04,2.2,5.6,-1.3,-2.4,0.9,58,0.0,0.0,0.0,0.0,4.07,8.8
2005-01-05,2.1,4.3,-0.6,-1.6,1.4,77,1.1,1.1,0.0,6.0,4.01,8.8
2005-01-06,3.0,7.6,-0.8,0.1,4.7,81,0.0,0.0,0.0,0.0,2.25,5.3
2005-01-07,2.2,6.4,-0.7,-1.8,2.0,77,0.0,0.0,0.0,0.0,4.48,10.3
2005-01-08,1.6,5.4,-1.6,-2.4,1.2,62,0.0,0.0,0.0,0.0,2.72,6.3
2005-01-09,-0.0,4.4,-3.1,-4.2,0.2,61,0.0,0.0,0.0,0.0,3.22,7.3
2005-01-10,0.7,6.2,-3.9,-2.9,3.0,65,0.0,0.0,0.0,0.0,2.33,5.6
2005-01-11,1.9,6.2,-0.9,-1.7,2.7,65,0.0,0.0,0.0,0.0,2.41,5.7
2005-01-12,1.2,5.7,-3.3,-2.7,1.8,62,0.0,0.0,0.0,0.0,2.72,6.3
2005-01-13,1.6,5.8,-1.3,-2.3,1.6,57,0.0,0.0,0.0,0.0,2.62,6.5
2005-01-14,0.8,6.5,-2.8,-2.8,2.4,66,0.0,0.0,0.0,0.0,2.48,6.0
2005-01-15,0.3,5.5,-3.1,-4.1,0.4,63,0.0,0.0,0.0,0.0,4.46,9.6
2005-01-16,-0.1,6.2,-4.6,-4.2,2.1,61,0.0,0.0,0.0,0.0,2.47,6.0
2005-01-17,1.2,8.6,-4.9,-2.9,4.7,60,0.0,0.0,0.0,0.0,2.69,6.5
2005-01-18,3.4,9.6,-1.0,-0.3,5.8,62,0.0,0.0,0.0,0.0,2.93,6.2
2005-01-19,2.3,7.3,-1.2,-1.7,3.5,54,0.0,0.0,0.0,0.0,2.7,6.6
2005-01-20,2.4,8.5,-3.0,-1.7,4.4,55,0.0,0.0,0.0,0.0,3.52,7.1
2005-01-21,2.1,4.1,0.6,-2.5,-1.0,63,1.3,0.5,0.56,4.0,4.87,9.5
2005-01-22,1.5,2.5,0.8,-1.8,-0.9,94,7.6,3.6,2.8,15.0,3.92,7.4
2005-01-23,2.8,4.7,1.0,-0.4,1.3,83,0.0,0.0,0.0,0.0,3.25,6.3
2005-01-24,4.4,6.0,3.5,1.8,3.9,84,3.0,3.0,0.0,5.0,2.2,5.7
2005-01-25,2.6,4.6,-0.1,-1.0,1.9,92,6.8,6.8,0.0,12.0,4.65,9.4
2005-01-26,1.0,4.0,-2.1,-2.7,0.3,82,4.5,1.1,2.38,6.0,3.98,8.1
2005-01-27,2.4,3.9,1.0,-0.6,1.6,91,0.8,0.4,0.28,4.0,3.05,6.4
2005-01-28,5.0,7.5,2.0,2.3,4.6,84,0.0,0.0,0.0,0.0,3.22,7.1
2005-01-29,4.6,6.2,-0.0,0.9,4.0,77,0.0,0.0,0.0,0.0,4.83,9.7
2005-01-30,0.6,3.5,-0.9,-3.7,-0.6,67,0.0,0.0,0.0,0.0,3.82,7.4
2005-01-31,1.7,5.6,-2.1,-2.4,1.1,62,0.0,0.0,0.0,0.0,4.26,9.1
2005-02-01,0.6,4.0,-2.1,-3.9,-0.9,48,0.0,0.0,0.0,0.0,3.71,9.4
2005-02-02,0.6,4.9,-2.3,-3.4,0.8,51,0.0,0.0,0.0,0.0,2.55,5.1
2005-02-03,2.3,6.0,-1.5,-2.5,0.7,57,0.0,0.0,0.0,0.0,5.78,12.3
2005-02-04,4.4,7.2,0.0,1.4,4.2,83,0.0,0.0,0.0,0.0,3.26,7.3
2005-02-05,5.3,5.9,4.4,1.6,2.8,91,4.0,4.0,0.0,14.0,5.55,10.8
2005-02-06,3.5,4.2,2.6,-0.9,0.4,92,6.8,6.8,0.0,18.0,5.96,11.6
2005-02-07,2.8,3.6,2.3,-0.7,0.2,93,0.3,0.3,0.0,2.0,3.88,7.7
2005-02-08,2.8,4.5,1.1,-0.9,1.2,85,6.8,6.8,0.0,7.0,3.98,9.1
2005-02-09,1.7,3.1,0.2,-2.4,-0.5,95,12.2,5.7,4.55,11.0,4.83,8.5
2005-02-10,-0.3,1.0,-1.9,-4.6,-3.1,79,0.1,0.0,0.14,1.0,4.65,9.6
2005-02-11,0.8,4.2,-2.6,-3.3,1.0,69,0.3,0.1,0.21,2.0,4.32,9.0
2005-02-12,1.2,2.7,-0.5,-2.4,-0.0,86,4.3,0.4,2.8,10.0,3.93,8.4
2005-02-13,3.4,6.0,0.9,-0.6,1.3,86,2.3,2.3,0.0,5.0,5.85,11.1
2005-02-14,5.8,6.6,4.4,3.1,4.7,92,16.2,16.2,0.0,12.0,6.14,11.6
2005-02-15,5.2,5.8,3.3,2.4,4.1,94,13.2,13.2,0.0,13.0,4.59,9.3
2005-02-16,3.3,3.9,2.7,-0.3,0.4,88,2.3,2.3,0.0,6.0,4.14,8.1
2005-02-17,2.3,3.2,0.8,-1.8,-0.9,90,1.8,1.4,0.28,9.0,4.8,8.7
2005-02-18,1.1,2.1,0.1,-3.5,-2.7,84,2.6,0.4,1.61,5.0,4.97,10.2
2005-02-19,0.2,2.0,-2.5,-5.0,-3.1,55,0.0,0.0,0.0,0.0,5.73,12.1
2005-02-20,-1.0,2.5,-5.3,-4.9,-0.3,53,0.0,0.0,0.0,0.0,3.18,5.6
2005-02-21,2.3,8.1,-2.7,-1.8,4.8,58,0.0,0.0,0.0,0.0,3.33,7.5
2005-02-22,6.5,14.4,0.8,2.6,11.0,62,0.0,0.0,0.0,0.0,5.09,10.6
2005-02-23,7.8,14.4,1.2,4.5,11.6,74,3.6,3.6,0.0,4.0,5.55,11.2
2005-02-24,6.4,7.2,5.5,3.6,5.0,87,6.1,6.1,0.0,6.0,3.94,8.0
2005-02-25,4.5,7.1,1.4,0.9,4.6,87,1.1,1.1,0.0,8.0,4.97,9.5
2005-02-26,2.3,5.8,-0.4,-2.0,1.5,60,0.0,0.0,0.0,0.0,4.31,9.5
2005-02-27,2.9,6.9,-0.8,-1.2,3.2,65,0.0,0.0,0.0,0.0,3.74,8.2
2005-02-28,4.8,10.4,0.4,1.9,8.6,68,0.0,0.0,0.0,0.0,2.77,5.8
2005-03-01,7.2,13.7,1.7,3.6,10.7,62,0.0,0.0,0.0,0.0,3.89,8.6
2005-03-02,7.3,10.2,3.6,3.6,6.1,71,0.0,0.0,0.0,0.0,5.52,11.8
2005-03-03,5.1,9.5,0.9,1.9,7.3,63,0.0,0.0,0.0,0.0,3.8,7.1
2005-03-04,4.2,6.7,0.2,-1.2,0.9,47,0.0,0.0,0.0,0.0,8.08,15.3
2005-03-05,3.2,8.9,-2.7,-1.2,3.8,50,0.0,0.0,0.0,0.0,6.37,12.8
2005-03-06,7.2,15.5,-1.3,3.3,12.5,51,0.0,0.0,0.0,0.0,3.64,8.5
2005-03-07,11.2,21.4,3.3,8.0,19.0,52,0.0,0.0,0.0,0.0,3.44,8.0
2005-03-08,13.7,23.2,5.4,11.3,21.4,57,0.0,0.0,0.0,0.0,3.26,7.5
2005-03-09,14.8,21.7,9.9,13.1,20.6,65,0.0,0.0,0.0,0.0,3.52,8.3
2005-03-10,16.4,24.0,10.7,15.7,24.1,73,13.0,13.0,0.0,5.0,7.33,9.8
2005-03-11,3.9,9.2,1.0,-1.4,4.7,68,4.9,3.4,1.05,6.0,7.24,13.8
2005-03-12,1.3,3.4,-0.3,-3.5,-1.9,48,0.6,0.1,0.35,2.0,4.37,8.7
2005-03-13,3.0,8.5,-2.3,-1.2,4.7,51,0.0,0.0,0.0,0.0,3.62,8.1
2005-03-14,4.9,8.6,0.8,0.8,3.9,59,0.0,0.0,0.0,0.0,4.24,8.5
2005-03-15,9.6,17.1,2.6,6.9,16.6,63,0.0,0.0,0.0,0.0,2.92,6.7
2005-03-16,10.0,10.7,8.5,7.9,10.1,82,7.8,7.8,0.0,17.0,3.79,6.4
2005-03-17,11.6,17.4,6.9,8.6,15.0,66,0.3,0.3,0.0,2.0,5.6,11.4
2005-03-18,9.1,12.7,6.2,5.8,10.6,45,0.0,0.0,0.0,0.0,3.41,6.7
2005-03-19,9.6,14.8,4.4,6.1,12.4,56,0.0,0.0,0.0,0.0,4.16,9.4
2005-03-20,12.0,17.5,6.5,9.0,15.0,57,0.0,0.0,0.0,0.0,5.71,10.9
2005-03-21,10.2,13.4,8.4,7.5,12.9,83,16.0,16.0,0.0,21.0,5.99,16.2
2005-03-22,8.1,9.1,6.8,5.1,6.9,82,1.4,1.4,0.0,6.0,4.86,9.1
2005-03-23,11.0,15.8,6.7,8.5,12.7,75,1.6,1.6,0.0,4.0,4.3,8.8
2005-03-24,7.8,10.4,5.4,3.7,7.3,50,0.2,0.2,0.0,1.0,6.94,14.1
2005-03-25,8.8,15.3,1.7,5.9,13.4,57,0.0,0.0,0.0,0.0,2.72,6.6
2005-03-26,10.5,11.8,9.5,9.0,10.7,82,3.5,3.5,0.0,8.0,2.48,5.5
2005-03-27,12.5,15.5,9.9,11.9,14.7,84,0.0,0.0,0.0,0.0,1.63,3.7
2005-03-28,13.7,17.2,11.0,12.6,15.9,77,0.1,0.1,0.0,1.0,4.53,8.8
2005-03-29,9.8,13.2,7.7,6.0,10.0,55,0.0,0.0,0.0,0.0,5.1,10.0
2005-03-30,10.5,16.0,3.8,7.7,14.2,53,0.0,0.0,0.0,0.0,2.9,7.0
2005-03-31,12.8,20.0,5.6,10.4,18.5,55,0.0,0.0,0.0,0.0,3.06,6.8
2005-04-01,15.1,20.8,9.4,13.9,21.0,67,0.0,0.0,0.0,0.0,2.95,5.7
2005-04-02,17.1,23.1,11.8,16.4,23.1,66,0.0,0.0,0.0,0.0,4.25,6.0
2005-04-03,13.0,17.8,9.4,10.3,15.0,52,0.1,0.1,0.0,1.0,3.94,8.6
2005-04-04,15.0,23.1,7.2,12.5,20.9,54,0.0,0.0,0.0,0.0,4.13,9.0
2005-04-05,20.3,28.7,11.8,18.5,26.7,51,0.0,0.0,0.0,0.0,5.18,10.1
2005-04-06,22.1,26.4,19.4,20.5,25.1,58,0.2,0.2,0.0,1.0,7.95,17.0
2005-04-07,23.4,30.4,17.2,23.9,32.3,65,0.0,0.0,0.0,0.0,4.16,9.2
2005-04-08,22.7,28.3,18.0,22.8,29.5,66,0.0,0.0,0.0,0.0,4.59,10.1
2005-04-09,15.0,20.4,9.0,14.2,21.0,90,20.9,20.9,0.0,19.0,5.81,14.3
2005-04-10,12.1,15.4,9.0,10.0,14.3,66,3.4,3.4,0.0,3.0,4.87,8.9
2005-04-11,11.2,14.3,9.3,9.6,12.7,75,4.4,4.4,0.0,6.0,2.69,5.4
2005-04-12,12.8,17.5,8.5,11.0,16.7,68,0.0,0.0,0.0,0.0,3.4,7.9
2005-04-13,14.4,19.8,9.6,12.8,19.7,63,0.0,0.0,0.0,0.0,3.37,7.4
2005-04-14,16.1,23.7,8.7,14.3,23.0,57,0.0,0.0,0.0,0.0,3.16,7.4
2005-04-15,16.4,22.4,11.4,14.8,22.9,64,0.0,0.0,0.0,0.0,4.11,8.4
2005-04-16,18.0,25.1,11.5,17.6,25.9,68,0.0,0.0,0.0,0.0,4.04,7.3
2005-04-17,19.4,25.6,13.4,19.7,25.8,72,0.6,0.6,0.0,2.0,3.83,9.0
2005-04-18,21.9,28.4,15.3,22.4,29.0,66,0.0,0.0,0.0,0.0,3.89,7.6
2005-04-19,19.1,21.1,16.5,19.4,21.4,84,15.2,15.2,0.0,11.0,6.31,12.9
2005-04-20,20.2,26.5,11.8,19.3,24.9,64,0.2,0.2,0.0,1.0,8.41,16.0
2005-04-21,18.0,23.1,13.5,15.8,23.2,46,0.0,0.0,0.0,0.0,4.74,8.2
2005-04-22,17.5,20.9,14.1,14.5,17.9,51,2.8,2.8,0.0,6.0,5.0,9.9
2005-04-23,17.0,21.8,12.5,14.9,20.9,63,1.7,1.7,0.0,3.0,5.66,11.6
2005-04-24,18.9,25.4,12.6,19.0,26.5,73,0.0,0.0,0.0,0.0,4.13,7.8
2005-04-25,20.9,27.7,15.1,22.0,29.7,73,2.4,2.4,0.0,4.0,3.08,8.6
2005-04-26,22.3,29.7,14.4,22.0,30.1,58,0.0,0.0,0.0,0.0,3.72,8.2
2005-04-27,25.5,32.4,18.3,25.3,32.6,54,0.0,0.0,0.0,0.0,5.92,12.1
2005-04-28,27.0,32.6,20.6,28.2,34.2,59,0.0,0.0,0.0,0.0,5.59,12.0
2005-04-29,24.5,26.8,22.7,27.3,29.4,80,4.3,4.3,0.0,5.0,4.54,10.1
2005-04-30,23.2,25.8,21.3,26.4,30.2,88,25.7,25.7,0.0,18.0,3.76,12.2
2005-05-01,21.3,25.7,15.8,22.6,29.2,81,18.9,18.9,0.0,13.0,7.18,14.7
2005-05-02,17.8,22.1,13.4,15.9,21.7,50,0.0,0.0,0.0,0.0,3.54,7.7
2005-05-03,19.1,24.7,12.2,18.8,25.9,68,0.0,0.0,0.0,0.0,3.76,8.3
2005-05-04,21.3,25.2,18.5,22.7,27.0,86,19.7,19.7,0.0,16.0,4.43,8.7
2005-05-05,22.3,26.0,19.1,24.6,29.1,88,22.9,22.9,0.0,16.0,4.74,11.4
2005-05-06,18.0,21.5,13.2,16.5,20.6,62,0.4,0.4,0.0,3.0,6.14,12.0
2005-05-07,19.8,26.2,11.8,19.2,26.1,64,0.0,0.0,0.0,0.0,5.4,10.7
2005-05-08,21.3,26.1,16.6,21.4,27.1,65,0.0,0.0,0.0,0.0,4.55,9.5
2005-05-09,19.0,24.1,15.1,17.6,23.6,58,0.0,0.0,0.0,0.0,3.96,8.4
2005-05-10,19.6,25.5,13.5,18.7,25.8,62,0.0,0.0,0.0,0.0,5.08,10.3
2005-05-11,22.7,28.8,15.7,24.0,31.8,69,0.0,0.0,0.0,0.0,3.61,8.0
2005-05-12,22.5,28.2,17.1,22.4,30.0,64,0.0,0.0,0.0,0.0,5.78,9.9
2005-05-13,18.4,20.3,16.7,17.3,19.3,85,17.7,17.7,0.0,17.0,6.89,13.6
2005-05-14,17.5,18.6,16.6,16.4,16.9,88,0.1,0.1,0.0,1.0,7.1,14.4
2005-05-15,20.1,23.0,17.5,19.7,22.9,82,0.0,0.0,0.0,0.0,6.81,13.0
2005-05-16,22.1,23.9,19.6,23.9,26.6,90,19.2,19.2,0.0,11.0,4.85,10.6
2005-05-17,23.3,26.0,18.8,25.1,29.0,84,4.4,4.4,0.0,7.0,5.69,13.4
2005-05-18,18.9,22.3,16.1,18.5,23.4,70,0.0,0.0,0.0,0.0,6.02,10.8
2005-05-19,20.2,24.9,16.1,19.3,23.8,62,0.6,0.6,0.0,3.0,5.25,10.3
2005-05-20,21.6,25.5,16.3,19.8,23.1,53,0.0,0.0,0.0,0.0,5.86,11.3
2005-05-21,19.7,23.0,16.9,20.5,24.6,78,4.7,4.7,0.0,8.0,3.58,7.3
2005-05-22,23.6,29.1,17.3,25.9,32.9,74,0.0,0.0,0.0,0.0,2.63,6.4
2005-05-23,23.2,27.2,19.5,24.0,29.2,67,0.5,0.5,0.0,2.0,3.75,8.3
2005-05-24,21.3,25.8,17.6,21.2,26.6,65,0.0,0.0,0.0,0.0,4.88,10.6
2005-05-25,21.3,26.3,15.6,19.7,24.9,58,0.0,0.0,0.0,0.0,6.72,13.6
2005-05-26,22.3,26.5,17.7,22.1,27.4,63,0.0,0.0,0.0,0.0,4.77,9.8
2005-05-27,22.2,24.7,19.5,22.5,25.2,74,0.0,0.0,0.0,0.0,6.13,11.2
2005-05-28,22.4,26.0,18.9,22.8,26.3,71,0.0,0.0,0.0,0.0,4.82,10.8
2005-05-29,23.7,28.6,18.9,23.9,29.1,65,0.0,0.0,0.0,0.0,5.25,11.4
2005-05-30,24.8,30.1,19.3,26.0,32.3,64,0.0,0.0,0.0,0.0,4.57,9.1
2005-05-31,27.0,32.7,20.6,29.5,35.7,64,0.0,0.0,0.0,0.0,3.13,6.7
2005-06-01,27.2,31.5,23.0,30.4,34.0,71,0.2,0.2,0.0,1.0,3.94,8.6
2005-06-02,28.2,34.0,23.1,31.7,37.7,68,0.0,0.0,0.0,0.0,3.19,7.5
2005-06-03,28.6,35.0,23.2,29.6,35.0,50,0.0,0.0,0.0,0.0,4.2,8.7
2005-06-04,28.4,34.5,22.4,28.7,36.0,44,0.0,0.0,0.0,0.0,5.48,10.4
2005-06-05,26.2,31.8,20.3,26.0,32.7,49,0.0,0.0,0.0,0.0,4.91,9.2
2005-06-06,24.5,28.8,20.6,25.2,30.3,62,0.2,0.2,0.0,1.0,5.01,10.9
2005-06-07,23.2,26.7,20.5,24.0,28.1,68,0.3,0.3,0.0,3.0,4.33,8.9
2005-06-08,26.3,31.0,21.0,28.1,33.0,67,0.0,0.0,0.0,0.0,4.55,10.0
2005-06-09,26.5,31.0,23.5,29.7,33.9,75,6.1,6.1,0.0,10.0,4.75,8.9
2005-06-10,23.2,25.6,20.7,26.6,30.4,89,29.1,29.1,0.0,12.0,4.1,10.5
2005-06-11,25.0,29.4,20.3,28.1,33.5,71,0.0,0.0,0.0,0.0,2.39,6.7
2005-06-12,26.7,32.6,21.0,28.7,34.5,61,0.0,0.0,0.0,0.0,3.56,8.0
2005-06-13,26.5,31.9,20.8,28.3,34.4,63,0.0,0.0,0.0,0.0,4.1,8.8
2005-06-14,27.7,32.8,22.6,31.6,37.6,70,0.0,0.0,0.0,0.0,3.59,6.7
2005-06-15,27.4,33.1,22.6,30.0,36.0,63,0.0,0.0,0.0,0.0,3.75,7.1
2005-06-16,29.2,35.6,21.8,30.8,37.4,50,0.0,0.0,0.0,0.0,3.7,7.2
2005-06-17,29.6,34.8,23.7,30.3,35.2,46,0.0,0.0,0.0,0.0,4.11,7.4
2005-06-18,28.0,31.9,25.3,31.0,35.8,65,0.0,0.0,0.0,0.0,3.71,7.3
2005-06-19,28.2,32.9,22.2,31.6,37.2,64,0.0,0.0,0.0,0.0,2.55,5.3
2005-06-20,30.1,35.6,24.3,34.1,39.9,61,0.0,0.0,0.0,0.0,2.28,5.9
2005-06-21,29.5,34.1,25.8,33.5,38.8,62,0.0,0.0,0.0,0.0,2.42,5.4
2005-06-22,30.6,35.4,25.2,34.0,39.0,57,0.0,0.0,0.0,0.0,3.3,7.3
2005-06-23,31.3,37.4,25.4,34.0,40.6,51,0.0,0.0,0.0,0.0,3.76,8.1
2005-06-24,31.4,37.6,24.4,33.0,39.4,47,0.0,0.0,0.0,0.0,4.56,8.9
2005-06-25,31.6,35.3,26.9,35.5,39.7,59,0.1,0.1,0.0,1.0,4.17,9.6
2005-06-26,29.9,34.5,25.2,32.8,35.1,68,9.4,9.4,0.0,9.0,9.63,20.9
2005-06-27,25.2,26.5,24.0,30.1,31.4,88,49.7,49.7,0.0,24.0,2.14,10.1
2005-06-28,27.5,30.8,24.7,32.6,35.4,84,14.9,14.9,0.0,15.0,4.25,10.6
2005-06-29,30.0,34.4,26.1,35.8,42.0,76,0.2,0.2,0.0,1.0,3.58,9.3
2005-06-30,30.9,34.6,27.1,35.8,39.5,69,0.0,0.0,0.0,0.0,5.83,12.0
2005-07-01,31.1,33.8,28.8,34.4,37.2,63,0.0,0.0,0.0,0.0,7.28,14.0
2005-07-02,31.4,34.0,29.0,34.5,38.3,62,0.0,0.0,0.0,0.0,6.45,12.7
2005-07-03,31.6,34.4,29.0,34.6,38.2,62,0.0,0.0,0.0,0.0,7.04,14.1
2005-07-04,31.8,35.1,28.9,36.1,40.0,63,0.0,0.0,0.0,0.0,5.39,13.7
2005-07-05,29.3,32.7,25.5,34.5,39.1,77,24.1,24.1,0.0,11.0,4.05,13.6
2005-07-06,24.5,26.0,22.7,29.6,32.4,93,41.3,41.3,0.0,21.0,2.69,10.0
2005-07-07,27.1,30.6,24.3,32.8,37.2,91,5.3,5.3,0.0,9.0,4.13,8.2
2005-07-08,28.7,30.9,26.4,34.0,36.8,80,0.0,0.0,0.0,0.0,4.66,10.0
2005-07-09,27.7,28.6,26.7,32.7,33.7,83,4.0,4.0,0.0,11.0,5.02,12.7
2005-07-10,28.9,31.6,26.6,33.0,36.1,74,1.2,1.2,0.0,6.0,5.28,12.5
2005-07-11,24.3,27.0,22.4,28.1,30.6,90,24.4,24.4,0.0,13.0,3.88,15.8
2005-07-12,24.6,26.8,23.0,27.8,29.3,83,0.6,0.6,0.0,3.0,3.51,7.0
2005-07-13,25.6,28.9,22.5,29.0,33.2,82,0.0,0.0,0.0,0.0,5.02,9.4
2005-07-14,26.8,29.8,23.4,31.5,35.0,84,8.4,8.4,0.0,7.0,3.82,9.7
2005-07-15,28.8,32.8,25.9,34.6,39.8,80,3.3,3.3,0.0,8.0,2.59,7.0
2005-07-16,29.8,35.1,25.5,35.6,43.5,76,0.4,0.4,0.0,1.0,3.89,8.2
2005-07-17,29.4,33.0,26.0,34.1,39.0,76,0.0,0.0,0.0,0.0,5.07,9.8
2005-07-18,29.4,33.3,26.9,33.5,37.9,77,0.0,0.0,0.0,0.0,6.33,12.6
2005-07-19,28.4,32.5,26.5,32.4,37.8,80,5.6,5.6,0.0,6.0,6.26,15.7
2005-07-20,27.5,30.2,26.2,30.2,32.0,80,2.5,2.5,0.0,1.0,8.25,20.7
2005-07-21,28.8,31.4,26.9,32.2,35.7,77,2.1,2.1,0.0,2.0,6.77,14.4
2005-07-22,29.8,33.1,26.9,34.4,37.9,75,0.0,0.0,0.0,0.0,5.33,10.6
2005-07-23,30.5,34.3,27.5,36.8,41.8,76,0.6,0.6,0.0,2.0,3.81,7.4
2005-07-24,30.6,34.8,27.3,37.1,43.6,76,0.8,0.8,0.0,3.0,3.5,6.6
2005-07-25,29.2,33.5,27.1,35.1,39.7,75,2.5,2.5,0.0,1.0,3.1,7.2
2005-07-26,29.2,32.8,26.6,35.7,40.0,80,1.2,1.2,0.0,7.0,1.77,6.1
2005-07-27,30.1,34.2,27.0,36.3,41.0,78,2.7,2.7,0.0,6.0,3.55,8.8
2005-07-28,28.1,30.0,26.4,34.1,35.7,84,4.2,4.2,0.0,8.0,3.0,11.6
2005-07-29,28.5,32.2,25.3,35.2,40.4,85,14.1,14.1,0.0,13.0,2.68,7.7
2005-07-30,29.6,34.0,27.0,35.6,42.6,79,0.1,0.1,0.0,1.0,3.67,7.1
2005-07-31,29.9,33.2,26.6,34.2,38.0,73,0.0,0.0,0.0,0.0,5.59,12.6
2005-08-01,30.2,32.8,29.1,34.6,38.2,72,2.4,2.4,0.0,3.0,5.39,11.0
2005-08-02,30.3,33.1,28.0,35.8,39.1,75,1.0,1.0,0.0,4.0,4.53,9.7
2005-08-03,29.7,34.1,27.3,35.7,40.4,76,4.3,4.3,0.0,3.0,2.92,14.1
2005-08-04,27.9,30.5,26.5,33.9,37.3,86,6.3,6.3,0.0,5.0,2.51,8.0
2005-08-05,28.4,31.7,27.0,33.4,37.6,84,16.4,16.4,0.0,11.0,5.75,11.9
2005-08-06,26.2,27.6,24.2,27.6,30.1,83,14.5,14.5,0.0,16.0,10.54,25.9
2005-08-07,24.7,26.6,23.1,28.0,31.4,94,39.9,39.9,0.0,17.0,10.78,25.4
2005-08-08,25.5,28.3,23.0,28.2,31.9,82,0.1,0.1,0.0,1.0,7.57,14.4
2005-08-09,28.7,33.5,23.2,34.4,40.7,79,0.5,0.5,0.0,2.0,2.72,7.8
2005-08-10,30.7,35.0,27.0,37.1,43.4,77,0.2,0.2,0.0,2.0,3.18,7.1
2005-08-11,32.0,36.5,28.1,39.1,44.8,74,0.0,0.0,0.0,0.0,3.01,5.9
2005-08-12,31.9,35.8,28.8,37.6,42.3,71,0.0,0.0,0.0,0.0,5.8,10.7
2005-08-13,29.6,31.4,27.9,33.7,36.0,76,0.0,0.0,0.0,0.0,6.07,11.3
2005-08-14,30.9,34.5,27.5,35.4,39.9,73,0.0,0.0,0.0,0.0,5.95,12.9
2005-08-15,31.5,35.6,27.9,36.6,41.1,67,0.0,0.0,0.0,0.0,4.34,7.5
2005-08-16,32.1,36.7,28.0,38.5,44.4,68,0.1,0.1,0.0,1.0,2.1,4.7
2005-08-17,29.3,34.8,23.6,35.0,42.2,75,5.1,5.1,0.0,4.0,3.37,7.6
2005-08-18,24.2,25.7,22.2,27.6,29.2,87,1.5,1.5,0.0,7.0,4.05,7.7
2005-08-19,22.1,23.1,21.3,24.5,25.3,87,6.9,6.9,0.0,17.0,3.62,7.2
2005-08-20,23.3,26.3,20.9,25.7,28.3,77,0.6,0.6,0.0,2.0,2.66,5.9
2005-08-21,24.4,27.1,21.9,26.9,30.0,74,0.0,0.0,0.0,0.0,3.31,6.5
2005-08-22,23.5,25.1,21.7,26.8,28.9,89,10.4,10.4,0.0,20.0,3.45,6.0
2005-08-23,22.4,23.2,21.5,25.4,26.9,91,24.8,24.8,0.0,24.0,3.34,6.1
2005-08-24,21.7,22.7,20.8,24.0,25.5,93,2.6,2.6,0.0,11.0,5.38,11.1
2005-08-25,23.3,27.4,20.4,25.8,29.7,79,0.0,0.0,0.0,0.0,3.31,7.8
2005-08-26,24.0,28.3,19.8,26.8,31.8,78,0.0,0.0,0.0,0.0,2.25,5.5
2005-08-27,25.7,29.5,22.5,29.9,34.9,82,1.0,1.0,0.0,4.0,2.66,5.9
2005-08-28,25.2,26.8,24.1,29.4,31.3,88,2.4,2.4,0.0,4.0,3.19,7.0
2005-08-29,27.0,30.6,23.8,31.9,36.8,85,0.6,0.6,0.0,3.0,3.89,8.5
2005-08-30,25.2,26.8,22.5,28.7,31.8,85,14.8,14.8,0.0,9.0,4.84,10.5
2005-08-31,24.5,27.3,21.4,28.3,31.7,82,0.0,0.0,0.0,0.0,2.06,5.4
2005-09-01,27.5,31.6,24.0,32.0,37.6,83,0.3,0.3,0.0,2.0,5.2,11.9
2005-09-02,27.3,30.1,24.5,30.9,33.9,85,6.3,6.3,0.0,11.0,6.02,10.8
2005-09-03,23.7,24.8,22.2,26.2,28.0,93,59.0,59.0,0.0,24.0,6.82,11.1
2005-09-04,23.6,26.1,21.6,25.3,28.2,83,0.0,0.0,0.0,0.0,5.63,11.7
2005-09-05,23.3,27.1,20.3,25.0,29.3,78,0.0,0.0,0.0,0.0,4.46,9.1
2005-09-06,23.4,27.8,19.4,25.0,28.6,75,0.0,0.0,0.0,0.0,4.95,9.8
2005-09-07,24.1,28.8,19.9,26.1,30.2,70,0.0,0.0,0.0,0.0,2.78,6.1
2005-09-08,24.6,29.1,21.1,27.4,31.7,72,0.0,0.0,0.0,0.0,2.41,4.4
2005-09-09,24.6,29.9,20.3,27.4,33.4,72,0.0,0.0,0.0,0.0,2.42,4.3
2005-09-10,25.1,30.2,21.2,27.5,32.9,71,0.0,0.0,0.0,0.0,3.51,7.2
2005-09-11,24.0,28.3,19.9,26.6,31.4,87,5.5,5.5,0.0,7.0,5.26,11.0
2005-09-12,24.8,25.7,23.9,26.6,27.9,88,34.6,34.6,0.0,15.0,10.0,21.6
2005-09-13,27.1,31.7,23.1,31.3,36.6,78,0.0,0.0,0.0,0.0,4.3,8.5
2005-09-14,27.3,31.2,24.2,31.4,35.5,78,1.0,1.0,0.0,3.0,4.0,7.5
2005-09-15,26.7,30.2,24.2,30.5,34.7,81,0.4,0.4,0.0,1.0,5.11,10.3
2005-09-16,29.2,35.1,24.8,34.4,40.6,77,0.2,0.2,0.0,1.0,3.58,9.0
2005-09-17,28.1,31.2,25.7,33.4,37.9,82,3.1,3.1,0.0,2.0,3.55,9.6
2005-09-18,27.2,31.0,24.7,31.7,35.6,84,0.2,0.2,0.0,1.0,3.94,7.8
2005-09-19,28.5,33.0,25.3,34.6,40.2,82,0.0,0.0,0.0,0.0,2.83,5.6
2005-09-20,29.5,34.1,26.0,35.3,40.0,78,0.4,0.4,0.0,1.0,2.98,8.8
2005-09-21,25.4,28.9,20.9,28.7,34.2,84,2.9,2.9,0.0,3.0,5.54,11.4
2005-09-22,20.0,21.0,19.2,20.8,22.1,86,3.2,3.2,0.0,12.0,5.46,10.0
2005-09-23,20.9,23.1,19.1,21.8,23.9,76,0.0,0.0,0.0,0.0,3.32,7.5
2005-09-24,21.9,24.5,19.6,22.6,25.0,70,0.0,0.0,0.0,0.0,3.4,7.1
2005-09-25,21.4,23.8,19.2,21.9,24.0,76,0.8,0.8,0.0,3.0,4.41,9.1
2005-09-26,20.9,23.4,19.4,22.6,25.5,91,5.3,5.3,0.0,9.0,4.52,10.0
2005-09-27,23.2,25.1,21.7,26.4,28.8,86,0.4,0.4,0.0,4.0,2.55,6.3
2005-09-28,24.3,27.3,22.4,28.4,32.0,86,0.0,0.0,0.0,0.0,1.92,5.3
2005-09-29,26.4,31.5,22.5,30.5,36.9,81,0.0,0.0,0.0,0.0,3.41,7.5
2005-09-30,27.0,31.8,23.4,31.7,37.7,81,1.5,1.5,0.0,2.0,3.5,6.6
2005-10-01,24.3,25.9,23.0,27.6,29.5,89,0.0,0.0,0.0,0.0,4.53,8.7
2005-10-02,21.2,22.6,20.1,21.3,24.3,82,1.1,1.1,0.0,7.0,6.93,14.2
2005-10-03,18.7,20.2,16.7,17.9,20.1,78,7.3,7.3,0.0,9.0,5.75,11.6
2005-10-04,16.5,17.5,15.4,16.3,17.5,89,7.5,7.5,0.0,14.0,4.44,9.5
2005-10-05,17.1,18.0,15.9,18.0,19.6,93,3.0,3.0,0.0,9.0,3.0,5.7
2005-10-06,19.4,20.8,18.0,21.4,23.7,93,0.6,0.6,0.0,2.0,3.68,5.6
2005-10-07,19.9,22.2,16.9,20.4,23.0,80,0.0,0.0,0.0,0.0,5.76,10.8
2005-10-08,18.4,23.0,14.8,18.1,22.7,72,0.0,0.0,0.0,0.0,3.58,8.3
2005-10-09,18.1,23.3,13.2,17.8,23.0,69,0.0,0.0,0.0,0.0,2.83,7.3
2005-10-10,19.2,23.9,15.2,19.2,23.8,71,0.0,0.0,0.0,0.0,3.34,7.3
2005-10-11,19.5,24.6,14.9,19.5,24.9,74,0.0,0.0,0.0,0.0,3.81,8.3
2005-10-12,19.6,24.1,15.8,19.6,24.5,74,0.0,0.0,0.0,0.0,4.12,9.4
2005-10-13,20.8,25.0,17.0,22.1,26.8,78,0.0,0.0,0.0,0.0,3.03,6.1
2005-10-14,19.4,21.4,17.4,19.3,20.9,74,0.0,0.0,0.0,0.0,5.47,10.8
2005-10-15,17.9,21.9,14.7,16.8,20.2,60,0.0,0.0,0.0,0.0,3.31,7.4
2005-10-16,17.3,23.1,12.7,16.7,22.0,66,0.0,0.0,0.0,0.0,2.51,5.7
2005-10-17,18.4,25.3,13.6,18.0,24.6,66,0.0,0.0,0.0,0.0,2.92,5.0
2005-10-18,19.1,25.1,14.9,18.4,24.3,68,0.0,0.0,0.0,0.0,4.37,9.3
2005-10-19,18.4,24.2,13.7,17.5,22.7,69,0.0,0.0,0.0,0.0,4.22,8.6
2005-10-20,19.2,23.9,15.3,19.0,23.4,71,0.0,0.0,0.0,0.0,3.69,8.8
2005-10-21,15.9,18.6,12.2,15.0,19.2,84,2.7,2.7,0.0,9.0,6.04,11.8
2005-10-22,11.6,14.2,8.9,9.0,12.1,69,0.0,0.0,0.0,0.0,5.24,9.6
2005-10-23,12.1,16.8,9.1,10.6,15.1,73,0.0,0.0,0.0,0.0,2.75,5.6
2005-10-24,14.2,21.1,7.8,12.8,20.4,68,0.0,0.0,0.0,0.0,2.69,4.7
2005-10-25,16.6,22.4,12.7,15.4,21.0,63,0.0,0.0,0.0,0.0,2.52,6.1
2005-10-26,16.4,23.8,10.5,15.8,23.6,72,0.0,0.0,0.0,0.0,2.64,4.0
2005-10-27,18.1,23.5,12.7,18.0,24.4,74,1.1,1.1,0.0,2.0,3.42,7.2
2005-10-28,15.4,17.5,13.5,15.0,17.8,85,6.0,6.0,0.0,12.0,4.12,7.4
2005-10-29,14.2,18.1,10.8,12.6,16.0,66,0.0,0.0,0.0,0.0,2.77,6.4
2005-10-30,13.1,19.2,9.0,11.4,17.8,67,0.0,0.0,0.0,0.0,2.68,5.7
2005-10-31,12.8,19.4,7.9,10.6,17.7,61,0.0,0.0,0.0,0.0,2.97,5.5
2005-11-01,14.9,21.8,9.1,12.5,19.4,55,0.0,0.0,0.0,0.0,3.33,7.0
2005-11-02,17.1,21.2,14.0,16.5,20.6,72,0.3,0.3,0.0,1.0,2.9,5.6
2005-11-03,19.3,24.2,15.2,20.0,24.9,75,0.0,0.0,0.0,0.0,2.21,4.6
2005-11-04,20.4,23.7,17.7,22.4,26.3,85,8.1,8.1,0.0,9.0,2.22,7.2
2005-11-05,21.1,23.5,19.9,24.0,26.9,94,31.1,31.1,0.0,22.0,3.54,9.6
2005-11-06,18.4,21.6,12.9,18.8,21.7,84,1.0,1.0,0.0,4.0,3.83,8.0
2005-11-07,16.0,22.4,10.4,15.5,22.4,77,0.0,0.0,0.0,0.0,2.6,6.5
2005-11-08,16.6,21.6,12.5,16.6,21.6,81,0.1,0.1,0.0,1.0,2.81,6.7
2005-11-09,17.7,19.8,16.0,18.0,20.4,84,0.3,0.3,0.0,2.0,3.4,6.3
2005-11-10,18.1,19.2,17.2,19.9,21.1,95,9.9,9.9,0.0,18.0,2.28,4.5
2005-11-11,16.9,18.4,13.7,17.3,20.8,90,3.5,3.5,0.0,11.0,4.74,9.5
2005-11-12,17.3,21.3,13.2,16.5,20.1,81,0.3,0.3,0.0,1.0,5.42,10.9
2005-11-13,17.8,20.8,15.2,18.0,21.7,87,0.3,0.3,0.0,2.0,5.41,10.0
2005-11-14,11.9,14.7,9.6,8.8,12.4,79,3.8,3.8,0.0,10.0,6.86,12.8
2005-11-15,10.6,13.2,8.7,7.4,9.5,64,0.0,0.0,0.0,0.0,4.56,9.9
2005-11-16,10.0,14.0,5.9,7.1,11.0,66,0.0,0.0,0.0,0.0,3.26,8.2
2005-11-17,10.1,14.4,7.2,7.4,11.1,69,0.0,0.0,0.0,0.0,3.44,7.9
2005-11-18,10.9,14.8,6.5,8.3,11.7,67,0.0,0.0,0.0,0.0,3.47,8.4
2005-11-19,11.2,12.8,9.3,9.2,10.8,73,0.7,0.7,0.0,4.0,2.82,7.5
2005-11-20,10.2,14.5,6.7,8.3,12.7,79,0.1,0.1,0.0,1.0,2.61,6.4
2005-11-21,9.4,14.9,6.3,7.5,12.6,79,0.0,0.0,0.0,0.0,2.31,5.5
2005-11-22,10.3,14.9,6.9,8.6,13.2,74,0.0,0.0,0.0,0.0,2.61,3.8
2005-11-23,10.6,15.7,7.0,8.3,12.4,72,0.0,0.0,0.0,0.0,3.57,8.0
2005-11-24,9.1,16.1,4.3,6.1,12.5,67,0.0,0.0,0.0,0.0,3.21,7.5
2005-11-25,10.1,17.6,3.9,7.1,14.1,65,0.0,0.0,0.0,0.0,3.38,7.4
2005-11-26,12.3,19.6,7.0,9.6,15.9,67,0.0,0.0,0.0,0.0,5.23,10.8
2005-11-27,12.9,20.9,6.3,10.9,18.9,70,0.0,0.0,0.0,0.0,3.54,6.2
2005-11-28,11.7,15.6,8.6,8.0,10.4,54,0.0,0.0,0.0,0.0,7.17,14.0
2005-11-29,8.8,13.8,3.8,5.2,9.6,47,0.0,0.0,0.0,0.0,2.77,6.3
2005-11-30,9.3,16.5,4.9,6.1,13.0,54,0.0,0.0,0.0,0.0,3.04,6.6
2005-12-01,10.3,15.7,4.1,7.5,13.3,61,0.0,0.0,0.0,0.0,4.21,7.4
2005-12-02,10.0,12.6,8.0,6.5,8.9,66,0.0,0.0,0.0,0.0,4.69,9.6
2005-12-03,9.0,12.1,5.8,5.9,9.9,68,0.2,0.2,0.0,2.0,5.61,9.4
2005-12-04,2.3,5.3,-0.9,-3.5,-0.1,36,0.0,0.0,0.0,0.0,6.03,13.7
2005-12-05,-1.1,2.2,-3.6,-6.3,-3.3,40,0.0,0.0,0.0,0.0,4.52,9.8
2005-12-06,-0.3,4.9,-4.0,-4.5,0.4,58,0.0,0.0,0.0,0.0,2.7,6.7
2005-12-07,0.9,6.1,-4.2,-2.9,2.6,56,0.0,0.0,0.0,0.0,2.33,5.1
2005-12-08,2.8,10.1,-3.0,-1.4,6.1,55,0.0,0.0,0.0,0.0,3.69,6.2
2005-12-09,5.8,12.8,0.6,2.1,9.1,65,0.0,0.0,0.0,0.0,3.73,7.9
2005-12-10,6.8,8.2,5.4,3.9,5.5,89,2.1,2.1,0.0,11.0,6.26,12.0
2005-12-11,2.5,5.0,-0.7,-2.2,0.1,66,0.4,0.4,0.0,2.0,6.58,12.0
2005-12-12,0.4,4.7,-3.3,-3.7,0.3,61,0.0,0.0,0.0,0.0,2.82,6.9
2005-12-13,-0.0,4.0,-3.0,-4.1,-0.3,59,0.0,0.0,0.0,0.0,2.64,5.8
2005-12-14,-0.1,4.6,-3.8,-4.3,-0.3,57,0.0,0.0,0.0,0.0,3.06,7.6
2005-12-15,0.1,6.0,-4.1,-4.6,0.2,55,0.0,0.0,0.0,0.0,4.63,9.9
2005-12-16,1.6,9.0,-4.2,-3.0,3.6,52,0.0,0.0,0.0,0.0,3.93,8.9
2005-12-17,0.4,6.1,-4.3,-4.4,0.1,48,0.0,0.0,0.0,0.0,5.22,10.7
2005-12-18,-0.4,6.0,-5.4,-4.8,1.7,52,0.0,0.0,0.0,0.0,3.0,5.7
2005-12-19,1.4,9.4,-4.5,-2.4,5.9,60,0.0,0.0,0.0,0.0,2.89,3.9
2005-12-20,2.6,8.0,-2.6,-1.2,4.4,64,0.0,0.0,0.0,0.0,3.11,5.8
2005-12-21,-0.1,2.3,-3.5,-5.8,-2.7,44,0.0,0.0,0.0,0.0,8.15,17.5
2005-12-22,0.6,7.1,-5.1,-4.9,0.9,38,0.0,0.0,0.0,0.0,5.41,10.9
2005-12-23,5.6,13.6,-0.2,0.9,8.8,47,0.0,0.0,0.0,0.0,4.52,9.7
2005-12-24,5.5,8.7,3.4,1.9,5.0,68,0.0,0.0,0.0,0.0,3.48,8.3
2005-12-25,6.3,13.5,1.9,3.1,9.9,69,0.0,0.0,0.0,0.0,3.16,7.8
2005-12-26,5.0,8.7,1.2,1.4,5.2,74,0.0,0.0,0.0,0.0,3.72,10.1
2005-12-27,5.8,9.9,2.4,1.8,5.6,64,0.0,0.0,0.0,0.0,4.2,9.3
2005-12-28,6.3,8.4,4.1,2.4,4.5,75,0.0,0.0,0.0,0.0,5.28,9.9
2005-12-29,9.0,11.3,7.2,7.1,9.9,82,0.0,0.0,0.0,0.0,2.73,6.5
2005-12-30,8.8,10.0,7.7,6.4,7.8,89,4.3,4.3,0.0,15.0,3.98,7.8
2005-12-31,7.7,8.2,6.6,5.8,6.5,93,4.4,4.4,0.0,9.0,3.05,6.4
2006-01-01,6.5,7.4,5.4,4.3,5.1,90,0.0,0.0,0.0,0.0,3.19,6.9
2006-01-02,5.0,6.3,4.0,2.3,3.4,78,0.0,0.0,0.0,0.0,2.59,5.7
2006-01-03,5.5,7.1,3.7,1.6,3.1,78,2.7,2.7,0.0,6.0,4.94,10.6
2006-01-04,3.3,6.3,0.0,-1.5,2.7,92,14.4,13.3,0.84,22.0,6.59,13.0
2006-01-05,-1.7,0.3,-4.0,-6.6,-4.9,65,0.0,0.0,0.0,0.0,5.44,9.9
2006-01-06,-2.3,0.7,-4.2,-7.2,-4.7,56,0.0,0.0,0.0,0.0,4.53,10.1
2006-01-07,-1.4,2.4,-5.5,-5.2,-1.7,61,0.0,0.0,0.0,0.0,1.79,5.2
2006-01-08,-0.2,4.8,-4.5,-4.0,1.0,65,0.0,0.0,0.0,0.0,2.43,5.4
2006-01-09,1.2,8.2,-4.1,-2.7,4.6,69,0.0,0.0,0.0,0.0,2.81,6.2
2006-01-10,3.6,11.8,-2.5,0.1,9.0,68,0.0,0.0,0.0,0.0,2.83,4.8
2006-01-11,5.8,12.7,-0.3,2.5,9.8,78,0.0,0.0,0.0,0.0,3.81,7.5
2006-01-12,10.6,14.3,7.1,9.1,13.5,89,5.3,5.3,0.0,8.0,3.51,6.5
2006-01-13,5.5,7.1,4.4,2.6,4.7,86,0.0,0.0,0.0,0.0,3.38,7.3
2006-01-14,5.4,6.1,4.2,2.9,4.0,87,1.0,1.0,0.0,7.0,3.1,5.6
2006-01-15,6.1,7.6,4.6,4.1,5.2,84,0.7,0.7,0.0,2.0,2.16,3.6
2006-01-16,6.1,6.7,5.1,3.7,4.3,90,4.7,4.7,0.0,7.0,3.63,7.4
2006-01-17,6.2,6.7,5.5,2.6,3.5,89,5.9,5.9,0.0,16.0,5.16,10.2
2006-01-18,4.7,5.7,3.0,0.4,1.6,91,17.7,17.2,0.35,20.0,6.01,11.5
2006-01-19,2.3,3.6,1.4,-2.0,-0.8,96,28.4,22.7,3.99,24.0,5.76,11.3
2006-01-20,2.3,2.8,1.5,-1.7,-1.1,96,7.1,7.1,0.0,24.0,4.88,9.1
2006-01-21,1.5,2.7,-0.3,-2.1,-1.0,89,2.6,1.0,1.12,8.0,4.0,7.0
2006-01-22,1.5,6.2,-2.0,-2.2,2.1,77,0.0,0.0,0.0,0.0,3.58,8.3
2006-01-23,2.6,6.4,-0.3,-1.3,4.0,71,0.0,0.0,0.0,0.0,4.15,9.8
2006-01-24,2.5,6.4,-1.6,-1.3,2.6,75,0.0,0.0,0.0,0.0,3.81,9.0
2006-01-25,4.6,7.3,1.7,1.4,4.2,75,0.0,0.0,0.0,0.0,2.73,7.0
2006-01-26,4.7,9.1,1.7,1.8,6.3,77,0.0,0.0,0.0,0.0,2.92,5.4
2006-01-27,4.9,10.6,0.4,2.2,8.5,77,0.0,0.0,0.0,0.0,2.98,5.4
2006-01-28,6.4,12.0,2.7,3.2,10.0,77,0.0,0.0,0.0,0.0,4.14,8.3
2006-01-29,8.2,16.1,2.1,6.0,15.5,84,0.0,0.0,0.0,0.0,3.26,5.0
2006-01-30,7.3,9.5,4.7,4.2,6.8,91,0.1,0.1,0.0,1.0,4.95,9.4
2006-01-31,3.6,4.6,2.9,0.5,1.1,90,0.5,0.5,0.0,3.0,4.1,8.0
2006-02-01,4.1,5.3,2.8,1.1,2.1,85,0.0,0.0,0.0,0.0,2.91,6.4
2006-02-02,4.0,4.9,2.9,0.1,1.5,86,4.7,4.7,0.0,10.0,5.08,9.1
2006-02-03,0.5,3.2,-2.5,-4.9,-1.4,74,0.7,0.7,0.0,3.0,6.67,12.9
2006-02-04,-1.1,2.3,-4.5,-5.4,-1.7,68,0.0,0.0,0.0,0.0,3.58,8.4
2006-02-05,-0.1,0.7,-1.1,-4.3,-2.4,86,9.7,0.8,6.3,12.0,5.0,10.0
2006-02-06,0.4,2.1,-1.2,-4.0,-1.8,88,0.0,0.0,0.0,0.0,5.0,10.0
2006-02-07,2.7,6.8,-0.8,-1.5,2.7,65,0.0,0.0,0.0,0.0,4.73,9.5
2006-02-08,-0.2,2.5,-2.7,-5.1,-2.4,50,0.0,0.0,0.0,0.0,4.55,10.1
2006-02-09,-0.6,2.6,-3.6,-4.5,-0.4,58,0.0,0.0,0.0,0.0,2.64,5.5
2006-02-10,3.9,9.5,-1.0,-0.1,5.5,70,0.0,0.0,0.0,0.0,5.1,10.4
2006-02-11,5.9,11.5,1.7,2.9,8.5,79,0.0,0.0,0.0,0.0,3.75,7.3
2006-02-12,6.4,11.6,2.0,3.1,8.9,82,0.0,0.0,0.0,0.0,5.08,9.6
2006-02-13,9.8,15.1,4.2,6.8,12.6,80,1.8,1.8,0.0,2.0,5.02,9.7
2006-02-14,13.8,17.6,11.1,13.0,17.8,83,10.3,10.3,0.0,12.0,4.3,8.0
2006-02-15,7.8,12.2,6.1,4.2,10.0,91,11.3,11.3,0.0,19.0,6.23,11.7
2006-02-16,5.7,7.1,3.6,2.4,4.1,83,5.2,5.2,0.0,11.0,4.98,9.3
2006-02-17,3.4,5.8,0.8,-0.8,2.0,49,0.0,0.0,0.0,0.0,4.36,8.2
2006-02-18,3.6,5.8,1.2,0.3,2.9,69,0.7,0.0,0.49,5.0,2.91,8.0
2006-02-19,4.4,6.6,1.9,1.8,4.2,79,0.0,0.0,0.0,0.0,2.08,4.8
2006-02-20,5.4,9.9,1.2,2.4,7.7,80,0.0,0.0,0.0,0.0,3.47,6.2
2006-02-21,8.8,14.9,3.7,6.5,13.1,82,3.0,3.0,0.0,5.0,3.64,6.5
2006-02-22,8.1,10.1,4.6,4.7,7.0,75,3.4,3.4,0.0,4.0,4.78,10.9
2006-02-23,5.2,9.0,1.5,1.6,4.7,68,0.0,0.0,0.0,0.0,3.52,8.7
2006-02-24,6.7,10.8,1.9,3.1,7.3,69,0.0,0.0,0.0,0.0,4.02,8.7
2006-02-25,8.7,10.0,6.8,6.6,9.3,86,1.6,1.6,0.0,6.0,4.6,8.6
2006-02-26,6.0,9.2,1.0,1.4,7.7,70,0.0,0.0,0.0,0.0,6.73,13.7
2006-02-27,2.3,3.9,0.6,-2.9,-1.1,69,0.0,0.0,0.0,0.0,6.49,13.3
2006-02-28,1.0,1.8,0.4,-3.0,-2.3,92,6.7,2.0,3.29,16.0,4.59,9.6
2006-03-01,3.3,8.5,-1.1,-0.2,5.6,73,0.0,0.0,0.0,0.0,3.93,8.4
2006-03-02,5.9,12.9,-0.3,2.1,9.3,65,0.0,0.0,0.0,0.0,4.49,9.6
2006-03-03,8.0,14.7,1.3,4.8,12.1,61,0.0,0.0,0.0,0.0,3.91,7.6
2006-03-04,11.1,18.1,6.2,7.8,15.7,58,0.0,0.0,0.0,0.0,4.17,8.7
2006-03-05,13.3,21.0,7.1,11.4,20.0,65,0.0,0.0,0.0,0.0,2.94,7.2
2006-03-06,14.2,20.2,9.3,12.5,19.2,69,0.0,0.0,0.0,0.0,3.63,7.3
2006-03-07,11.9,17.6,7.7,10.3,17.1,81,0.0,0.0,0.0,0.0,3.42,6.9
2006-03-08,13.1,17.8,9.0,11.5,16.8,82,1.1,1.1,0.0,4.0,4.94,9.9
2006-03-09,12.5,15.2,9.7,11.5,14.7,83,0.1,0.1,0.0,1.0,2.91,6.6
2006-03-10,13.3,19.3,8.4,12.4,18.9,83,0.0,0.0,0.0,0.0,2.64,5.4
2006-03-11,12.4,16.2,5.5,10.9,16.4,87,15.9,15.9,0.0,12.0,8.06,15.2
2006-03-12,4.5,5.5,2.5,-0.9,0.9,52,1.0,1.0,0.0,2.0,6.5,13.1
2006-03-13,4.1,8.2,0.7,0.1,4.2,45,0.0,0.0,0.0,0.0,4.02,8.7
2006-03-14,7.4,13.9,1.8,4.0,12.0,59,0.0,0.0,0.0,0.0,3.22,7.0
2006-03-15,9.1,11.8,5.8,5.6,7.8,63,0.0,0.0,0.0,0.0,4.96,9.8
2006-03-16,11.8,18.4,6.9,8.4,15.8,58,0.0,0.0,0.0,0.0,5.69,10.5
2006-03-17,11.8,15.0,8.8,9.6,13.9,68,1.0,1.0,0.0,3.0,3.83,7.0
2006-03-18,13.4,18.6,8.4,11.0,16.8,66,0.0,0.0,0.0,0.0,4.85,10.0
2006-03-19,9.9,14.6,4.5,6.1,11.9,47,0.0,0.0,0.0,0.0,4.38,8.6
2006-03-20,12.5,18.0,7.0,9.9,16.5,57,0.0,0.0,0.0,0.0,4.32,8.4
2006-03-21,14.3,20.4,9.0,12.6,18.8,69,0.0,0.0,0.0,0.0,4.42,9.3
2006-03-22,13.4,17.2,10.5,12.1,16.3,75,0.0,0.0,0.0,0.0,3.91,8.3
2006-03-23,13.2,17.0,9.5,10.4,14.5,54,0.0,0.0,0.0,0.0,4.16,9.0
2006-03-24,12.5,19.0,6.5,9.8,17.3,55,0.0,0.0,0.0,0.0,3.4,7.9
2006-03-25,15.4,22.3,8.2,13.6,21.8,57,0.0,0.0,0.0,0.0,2.72,5.8
2006-03-26,14.3,20.5,8.7,13.1,20.1,69,0.0,0.0,0.0,0.0,2.98,4.8
2006-03-27,15.6,21.9,9.5,13.9,20.1,63,0.0,0.0,0.0,0.0,4.04,8.4
2006-03-28,9.8,15.3,5.3,5.7,12.2,43,0.0,0.0,0.0,0.0,9.24,19.6
2006-03-29,12.0,19.8,4.2,8.6,16.0,50,0.0,0.0,0.0,0.0,5.16,10.7
2006-03-30,16.6,24.1,9.2,15.4,24.7,58,0.0,0.0,0.0,0.0,4.24,7.4
2006-03-31,17.0,22.7,11.0,15.3,21.0,68,1.9,1.9,0.0,5.0,4.85,8.7
2006-04-01,19.0,22.4,15.8,18.9,22.4,85,13.9,13.9,0.0,15.0,6.4,14.5
2006-04-02,18.2,23.4,14.4,18.1,24.3,67,0.0,0.0,0.0,0.0,2.98,5.4
2006-04-03,21.3,29.7,13.9,21.1,30.7,66,2.6,2.6,0.0,2.0,4.71,11.4
2006-04-04,18.2,21.4,12.5,18.4,22.8,88,39.5,39.5,0.0,21.0,6.57,12.5
2006-04-05,14.8,18.5,12.3,12.1,16.9,64,0.0,0.0,0.0,0.0,6.31,12.4
2006-04-06,13.8,18.7,10.2,12.2,19.0,66,0.2,0.2,0.0,1.0,3.47,6.9
2006-04-07,18.9,25.9,12.6,18.3,25.4,71,0.0,0.0,0.0,0.0,5.61,10.9
2006-04-08,20.7,26.9,14.0,20.8,27.0,67,1.0,1.0,0.0,4.0,3.58,9.0
2006-04-09,17.5,18.9,16.1,18.2,20.6,91,25.1,25.1,0.0,18.0,3.42,14.0
2006-04-10,18.8,21.1,16.9,20.4,22.7,89,0.0,0.0,0.0,0.0,2.6,5.3
2006-04-11,19.9,24.6,16.0,21.3,28.3,82,0.0,0.0,0.0,0.0,4.96,8.9
2006-04-12,10.7,17.6,6.3,7.2,16.8,82,17.5,17.5,0.0,15.0,8.03,15.5
2006-04-13,8.0,11.3,3.8,4.8,9.1,64,1.4,1.4,0.0,4.0,5.11,9.3
2006-04-14,10.2,12.4,7.2,7.8,10.9,62,0.0,0.0,0.0,0.0,2.59,7.2
2006-04-15,12.6,16.7,9.4,10.6,15.7,57,0.0,0.0,0.0,0.0,2.4,7.0
2006-04-16,15.2,20.3,10.5,14.0,20.1,64,0.0,0.0,0.0,0.0,4.03,8.1
2006-04-17,18.2,25.0,11.4,16.6,24.0,61,0.0,0.0,0.0,0.0,5.16,10.6
2006-04-18,20.0,25.1,13.6,19.6,25.4,66,0.0,0.0,0.0,0.0,4.17,9.4
2006-04-19,18.5,23.4,12.0,16.9,23.1,59,0.0,0.0,0.0,0.0,5.73,12.5
2006-04-20,14.9,20.3,7.5,12.8,19.9,48,0.0,0.0,0.0,0.0,3.08,5.3
2006-04-21,14.9,16.3,14.1,13.3,15.9,73,21.7,21.7,0.0,19.0,5.03,11.6
2006-04-22,15.1,17.6,13.2,14.5,18.3,84,0.3,0.3,0.0,1.0,3.86,8.6
2006-04-23,16.7,21.8,12.1,16.4,22.9,77,0.0,0.0,0.0,0.0,3.66,8.7
2006-04-24,17.2,23.2,10.6,15.4,22.8,55,0.0,0.0,0.0,0.0,3.67,7.9
2006-04-25,17.1,22.1,14.1,14.9,20.2,68,17.6,17.6,0.0,8.0,7.13,13.6
2006-04-26,16.2,20.4,13.3,16.1,20.8,81,0.0,0.0,0.0,0.0,3.96,9.2
2006-04-27,18.0,22.3,14.0,18.5,24.8,81,0.1,0.1,0.0,1.0,3.31,6.0
2006-04-28,19.6,24.7,14.6,19.9,26.1,74,0.0,0.0,0.0,0.0,4.33,10.3
2006-04-29,22.2,27.9,15.2,21.4,28.0,62,0.0,0.0,0.0,0.0,7.06,13.5
2006-04-30,25.0,30.0,20.5,23.8,30.1,52,0.0,0.0,0.0,0.0,6.82,13.3
2006-05-01,24.8,28.2,21.6,25.5,29.6,63,0.0,0.0,0.0,0.0,5.33,11.0
2006-05-02,19.4,22.7,16.2,18.5,24.3,62,0.0,0.0,0.0,0.0,4.2,7.8
2006-05-03,19.9,25.8,13.8,18.5,25.8,58,0.0,0.0,0.0,0.0,5.19,10.1
2006-05-04,23.9,31.5,16.3,24.7,35.4,66,0.0,0.0,0.0,0.0,5.4,9.3
2006-05-05,23.5,28.0,21.6,25.3,29.6,77,23.7,23.7,0.0,10.0,4.32,12.5
2006-05-06,20.2,22.2,17.5,21.0,24.4,82,0.0,0.0,0.0,0.0,4.85,9.7
2006-05-07,21.4,27.0,16.2,23.0,29.6,76,0.0,0.0,0.0,0.0,4.42,7.1
2006-05-08,20.0,22.7,18.3,20.2,23.2,84,8.5,8.5,0.0,15.0,5.19,10.0
2006-05-09,18.5,19.3,17.4,19.2,20.5,95,18.3,18.3,0.0,20.0,5.45,8.3
2006-05-10,17.9,19.9,15.9,17.9,19.7,87,0.6,0.6,0.0,4.0,5.32,9.7
2006-05-11,17.7,21.2,15.1,15.9,19.7,66,0.0,0.0,0.0,0.0,5.64,11.5
2006-05-12,14.4,16.3,13.3,12.7,15.0,82,10.6,10.6,0.0,14.0,4.74,8.6
2006-05-13,16.3,20.7,13.2,15.6,20.3,77,0.0,0.0,0.0,0.0,3.44,7.3
2006-05-14,18.6,24.0,13.2,18.2,24.3,67,0.0,0.0,0.0,0.0,2.73,6.1
2006-05-15,20.1,25.5,14.2,19.3,25.3,59,0.0,0.0,0.0,0.0,3.82,8.0
2006-05-16,19.5,24.0,15.6,18.9,24.5,68,0.0,0.0,0.0,0.0,4.28,7.8
2006-05-17,19.7,23.0,17.1,20.0,23.7,78,0.0,0.0,0.0,0.0,3.67,7.4
2006-05-18,17.4,18.4,16.0,17.3,18.7,86,10.0,10.0,0.0,10.0,4.87,9.2
2006-05-19,20.0,25.3,14.4,21.1,27.6,75,0.0,0.0,0.0,0.0,3.67,7.7
2006-05-20,24.8,31.5,18.0,26.5,34.4,66,0.0,0.0,0.0,0.0,3.85,7.7
2006-05-21,25.6,31.0,19.3,27.4,33.2,67,0.0,0.0,0.0,0.0,5.59,10.9
2006-05-22,21.5,24.4,18.3,22.6,25.7,77,1.5,1.5,0.0,5.0,4.02,8.1
2006-05-23,23.2,29.1,17.1,25.0,32.3,66,0.0,0.0,0.0,0.0,2.56,5.1
2006-05-24,24.1,29.4,18.8,24.4,30.1,61,0.0,0.0,0.0,0.0,5.59,10.2
2006-05-25,19.9,21.9,18.6,20.5,22.3,88,37.2,37.2,0.0,11.0,6.41,14.1
2006-05-26,19.5,21.3,18.0,20.4,22.7,85,0.0,0.0,0.0,0.0,3.93,7.3
2006-05-27,22.7,27.6,18.8,20.4,23.5,53,0.0,0.0,0.0,0.0,9.96,18.0
2006-05-28,21.3,25.7,16.2,22.2,27.3,68,0.0,0.0,0.0,0.0,2.77,6.3
2006-05-29,23.6,29.3,18.0,25.4,32.3,64,0.0,0.0,0.0,0.0,2.37,4.6
2006-05-30,25.1,31.1,19.1,26.4,33.0,59,0.0,0.0,0.0,0.0,2.72,6.3
2006-05-31,25.7,31.3,19.7,27.5,34.1,64,0.0,0.0,0.0,0.0,4.27,8.7
2006-06-01,21.4,23.4,18.2,22.2,24.4,81,6.2,6.2,0.0,9.0,5.41,12.6
2006-06-02,21.9,27.8,15.7,23.5,30.3,72,0.0,0.0,0.0,0.0,2.6,6.5
2006-06-03,22.2,26.1,18.4,22.9,27.3,70,0.0,0.0,0.0,0.0,5.33,10.9
2006-06-04,21.8,25.3,19.0,23.1,27.4,77,0.2,0.2,0.0,1.0,4.3,9.0
2006-06-05,21.6,24.4,18.6,22.8,25.5,81,0.3,0.3,0.0,1.0,5.23,9.5
2006-06-06,23.7,28.0,20.2,25.5,30.2,76,0.0,0.0,0.0,0.0,4.7,9.3
2006-06-07,23.5,26.6,20.6,25.4,28.8,78,0.0,0.0,0.0,0.0,4.68,9.1
2006-06-08,23.8,28.4,21.0,27.8,33.7,85,2.8,2.8,0.0,6.0,2.09,6.5
2006-06-09,26.1,30.9,20.8,28.2,31.9,73,0.0,0.0,0.0,0.0,5.23,10.1
2006-06-10,26.1,30.6,21.8,26.9,30.9,59,0.0,0.0,0.0,0.0,4.75,10.1
2006-06-11,25.5,31.6,19.3,26.6,33.9,52,0.0,0.0,0.0,0.0,3.58,5.4
2006-06-12,27.2,33.1,20.8,29.0,35.4,61,0.0,0.0,0.0,0.0,4.34,8.7
2006-06-13,27.6,31.7,23.8,31.2,35.6,75,0.0,0.0,0.0,0.0,4.74,9.4
2006-06-14,25.1,27.9,23.0,28.5,30.6,80,0.4,0.4,0.0,2.0,3.61,8.8
2006-06-15,26.1,30.6,21.9,29.0,33.5,70,0.0,0.0,0.0,0.0,3.8,7.4
2006-06-16,27.6,31.4,23.8,31.1,35.1,71,0.0,0.0,0.0,0.0,3.49,7.6
2006-06-17,28.6,33.0,23.4,33.4,38.2,72,0.0,0.0,0.0,0.0,2.8,5.3
2006-06-18,29.5,34.7,23.8,34.1,40.5,68,0.0,0.0,0.0,0.0,2.69,5.8
2006-06-19,30.9,36.4,25.4,35.3,41.3,65,0.0,0.0,0.0,0.0,4.1,6.9
2006-06-20,31.6,37.3,25.6,36.3,42.5,63,0.0,0.0,0.0,0.0,3.97,6.8
2006-06-21,31.2,36.7,27.3,36.7,42.4,69,3.3,3.3,0.0,5.0,3.66,8.6
2006-06-22,28.4,30.8,26.2,34.3,36.5,80,12.0,12.0,0.0,8.0,2.92,9.2
2006-06-23,25.9,28.0,24.2,30.6,32.8,87,15.7,15.7,0.0,16.0,3.86,9.5
2006-06-24,24.7,27.6,23.2,29.4,31.9,92,43.3,43.3,0.0,22.0,3.69,7.9
2006-06-25,27.0,31.0,24.2,31.4,34.9,78,0.1,0.1,0.0,1.0,2.57,6.8
2006-06-26,29.1,33.8,25.1,34.0,39.5,74,0.1,0.1,0.0,1.0,4.1,8.6
2006-06-27,27.3,29.9,25.8,31.8,34.8,80,8.7,8.7,0.0,6.0,3.81,8.4
2006-06-28,27.8,31.7,24.1,32.2,36.9,77,14.8,14.8,0.0,8.0,4.11,9.9
2006-06-29,27.9,29.4,25.6,31.9,33.4,77,0.4,0.4,0.0,1.0,6.44,12.9
2006-06-30,29.7,33.0,27.1,34.7,38.9,73,0.0,0.0,0.0,0.0,4.28,11.4
2006-07-01,27.7,28.9,25.9,32.1,33.7,81,11.5,11.5,0.0,13.0,5.46,10.4
2006-07-02,28.9,31.9,25.9,35.1,38.9,82,4.8,4.8,0.0,15.0,3.45,8.5
2006-07-03,30.8,33.6,27.5,35.4,38.5,72,0.0,0.0,0.0,0.0,6.17,11.2
2006-07-04,29.7,32.6,24.7,34.5,38.0,75,4.1,4.1,0.0,7.0,5.95,14.8
2006-07-05,23.4,24.8,21.8,27.3,29.7,89,63.1,63.1,0.0,17.0,2.41,12.4
2006-07-06,27.0,31.8,22.5,32.1,37.7,83,3.1,3.1,0.0,4.0,3.11,7.4
2006-07-07,28.6,32.2,25.2,34.2,37.7,82,0.3,0.3,0.0,2.0,3.16,5.8
2006-07-08,27.3,29.7,25.8,32.6,36.0,88,34.8,34.8,0.0,14.0,3.71,9.1
2006-07-09,28.3,31.8,26.1,33.9,38.1,85,7.9,7.9,0.0,15.0,4.03,7.6
2006-07-10,27.5,30.8,25.9,33.1,36.9,87,14.0,14.0,0.0,8.0,3.26,7.0
2006-07-11,28.8,31.5,26.2,35.4,38.5,86,3.2,3.2,0.0,8.0,2.76,8.2
2006-07-12,30.7,35.1,27.3,37.9,44.4,80,2.9,2.9,0.0,5.0,3.22,7.1
2006-07-13,30.7,34.0,27.6,35.5,39.5,74,0.0,0.0,0.0,0.0,5.91,11.5
2006-07-14,29.7,32.6,27.4,33.0,36.1,76,0.8,0.8,0.0,5.0,8.2,16.5
2006-07-15,29.7,32.2,28.2,33.1,37.2,76,2.0,2.0,0.0,5.0,8.33,16.6
2006-07-16,28.5,30.9,27.4,32.5,35.6,80,2.4,2.4,0.0,6.0,5.81,11.8
2006-07-17,29.6,32.7,27.2,34.2,37.5,75,0.2,0.2,0.0,1.0,5.09,12.9
2006-07-18,30.8,33.4,28.1,35.7,38.8,72,0.9,0.9,0.0,4.0,5.78,13.0
2006-07-19,30.9,34.1,28.1,36.9,40.5,76,9.6,9.6,0.0,11.0,4.6,10.5
2006-07-20,28.6,30.8,27.3,35.8,38.1,89,10.9,10.9,0.0,16.0,2.16,6.7
2006-07-21,29.9,32.7,28.4,37.3,41.3,84,5.4,5.4,0.0,9.0,2.2,7.1
2006-07-22,27.3,28.4,26.0,33.4,35.2,90,22.0,22.0,0.0,23.0,2.87,8.7
2006-07-23,24.3,26.3,23.2,27.3,31.5,85,4.2,4.2,0.0,6.0,5.66,10.5
2006-07-24,24.6,26.7,22.8,27.5,30.0,82,4.8,4.8,0.0,10.0,4.33,8.5
2006-07-25,26.4,30.3,24.4,30.4,35.1,85,2.7,2.7,0.0,8.0,4.63,9.7
2006-07-26,28.1,31.1,25.7,32.9,37.1,85,4.7,4.7,0.0,9.0,5.28,9.8
2006-07-27,29.5,33.1,26.0,34.5,39.2,76,0.0,0.0,0.0,0.0,4.46,8.2
2006-07-28,29.8,33.6,27.2,35.5,41.2,75,0.4,0.4,0.0,1.0,2.91,6.4
2006-07-29,31.0,35.6,27.2,36.9,42.5,70,0.0,0.0,0.0,0.0,2.78,7.1
2006-07-30,32.0,35.9,27.4,38.4,43.3,69,0.0,0.0,0.0,0.0,2.52,5.7
2006-07-31,31.9,36.1,28.1,38.5,42.1,72,0.0,0.0,0.0,0.0,3.8,7.2
2006-08-01,30.6,34.6,26.7,36.2,39.8,71,0.0,0.0,0.0,0.0,3.05,8.2
2006-08-02,30.3,34.4,25.8,36.4,41.2,74,0.3,0.3,0.0,2.0,3.99,8.0
2006-08-03,30.2,33.3,27.7,34.4,38.8,70,0.0,0.0,0.0,0.0,5.37,10.1
2006-08-04,29.4,33.0,26.5,33.7,38.2,74,0.4,0.4,0.0,1.0,4.55,9.6
2006-08-05,29.5,33.4,26.4,34.7,39.9,76,0.8,0.8,0.0,1.0,3.67,7.9
2006-08-06,27.8,31.9,24.5,33.3,39.1,83,25.1,25.1,0.0,10.0,2.9,7.4
2006-08-07,27.4,30.7,25.1,33.0,36.7,86,15.1,15.1,0.0,14.0,2.82,6.3
2006-08-08,28.7,32.8,26.0,33.3,38.1,76,0.0,0.0,0.0,0.0,4.08,8.7
2006-08-09,29.1,32.5,26.0,33.7,37.8,75,0.0,0.0,0.0,0.0,4.44,8.8
2006-08-10,29.1,33.2,25.5,34.1,38.4,80,0.8,0.8,0.0,5.0,4.56,9.6
2006-08-11,30.3,33.6,27.2,34.9,38.3,75,0.0,0.0,0.0,0.0,6.62,13.0
2006-08-12,31.2,35.2,27.3,37.7,42.8,74,0.0,0.0,0.0,0.0,4.18,7.2
2006-08-13,31.7,35.5,27.9,39.0,44.0,74,0.0,0.0,0.0,0.0,2.09,5.9
2006-08-14,32.1,36.1,28.5,39.7,45.0,74,0.0,0.0,0.0,0.0,2.73,4.7
2006-08-15,31.0,35.0,28.6,38.3,44.6,78,3.6,3.6,0.0,8.0,2.77,5.4
2006-08-16,29.6,32.9,27.7,36.8,40.3,84,5.0,5.0,0.0,7.0,2.44,6.1
2006-08-17,28.9,32.0,26.4,33.3,36.0,75,0.0,0.0,0.0,0.0,4.87,9.5
2006-08-18,26.6,30.1,23.2,29.3,33.0,69,0.0,0.0,0.0,0.0,4.12,8.7
2006-08-19,26.2,30.4,22.1,29.1,32.8,71,0.0,0.0,0.0,0.0,3.5,7.6
2006-08-20,26.3,30.1,22.4,29.7,33.2,74,0.0,0.0,0.0,0.0,3.66,8.3
2006-08-21,27.1,30.7,23.6,31.2,34.9,76,0.0,0.0,0.0,0.0,3.14,6.6
2006-08-22,27.8,31.6,24.9,32.3,36.0,78,0.3,0.3,0.0,2.0,3.47,7.5
2006-08-23,27.9,31.6,26.0,33.1,36.5,83,2.1,2.1,0.0,7.0,3.36,8.1
2006-08-24,29.0,33.1,26.3,34.2,39.5,79,2.9,2.9,0.0,4.0,3.93,8.6
2006-08-25,29.0,33.3,26.3,33.8,37.8,77,1.9,1.9,0.0,5.0,3.79,8.9
2006-08-26,29.0,33.4,26.7,34.4,38.1,80,5.0,5.0,0.0,8.0,4.55,12.5
2006-08-27,29.5,33.6,26.3,35.6,40.3,79,5.3,5.3,0.0,3.0,2.75,8.2
2006-08-28,31.0,35.6,26.9,37.4,42.2,75,0.0,0.0,0.0,0.0,2.34,7.2
2006-08-29,31.6,35.8,28.3,37.7,41.4,72,0.0,0.0,0.0,0.0,3.74,8.6
2006-08-30,29.1,32.4,27.4,35.9,40.5,85,1.9,1.9,0.0,4.0,2.75,7.8
2006-08-31,28.8,32.6,26.5,35.2,39.5,84,4.6,4.6,0.0,10.0,2.01,8.9
2006-09-01,27.8,31.4,26.0,34.0,37.8,87,5.5,5.5,0.0,11.0,3.01,6.8
2006-09-02,27.5,29.5,26.0,32.8,34.2,85,0.0,0.0,0.0,0.0,2.84,8.0
2006-09-03,27.7,31.0,25.3,32.4,35.6,81,0.0,0.0,0.0,0.0,3.62,6.9
2006-09-04,27.4,30.5,24.5,31.3,34.5,78,0.2,0.2,0.0,1.0,5.37,9.2
2006-09-05,20.0,24.2,17.6,20.8,26.2,92,10.1,10.1,0.0,21.0,5.51,11.4
2006-09-06,20.2,24.0,17.6,21.6,26.7,77,0.0,0.0,0.0,0.0,3.04,6.5
2006-09-07,22.6,26.4,18.6,24.1,27.2,75,0.0,0.0,0.0,0.0,3.94,8.4
2006-09-08,23.0,26.6,20.3,25.0,30.3,80,7.2,7.2,0.0,9.0,4.75,9.4
2006-09-09,20.1,23.6,17.2,19.8,23.1,73,13.9,13.9,0.0,10.0,5.11,10.8
2006-09-10,19.7,24.1,15.0,19.7,24.2,66,0.0,0.0,0.0,0.0,3.24,7.6
2006-09-11,18.2,19.9,16.5,18.5,20.4,78,1.6,1.6,0.0,9.0,2.8,6.7
2006-09-12,19.6,22.6,16.3,20.9,24.3,83,1.0,1.0,0.0,2.0,3.91,9.3
2006-09-13,22.0,25.2,19.4,23.5,25.9,79,0.0,0.0,0.0,0.0,4.53,8.7
2006-09-14,22.6,26.0,20.2,24.6,27.9,84,5.7,5.7,0.0,14.0,4.16,8.5
2006-09-15,20.2,21.4,19.4,21.6,23.9,94,21.4,21.4,0.0,16.0,4.97,8.4
2006-09-16,20.8,24.2,18.9,22.5,26.3,85,0.9,0.9,0.0,5.0,2.86,6.2
2006-09-17,21.5,27.0,17.3,22.4,27.1,74,0.0,0.0,0.0,0.0,4.71,9.7
2006-09-18,21.9,28.0,17.1,23.1,29.7,71,0.0,0.0,0.0,0.0,2.56,5.9
2006-09-19,22.3,27.3,18.2,23.8,28.9,70,0.0,0.0,0.0,0.0,2.62,4.2
2006-09-20,22.7,26.8,19.7,24.4,29.0,76,0.0,0.0,0.0,0.0,2.8,6.4
2006-09-21,22.5,27.7,18.4,24.1,28.8,73,0.0,0.0,0.0,0.0,3.04,7.3
2006-09-22,22.9,27.7,18.7,24.6,29.4,75,0.0,0.0,0.0,0.0,3.5,7.2
2006-09-23,22.8,27.4,18.8,24.1,28.5,72,0.0,0.0,0.0,0.0,3.61,8.0
2006-09-24,22.5,28.1,18.2,23.8,29.7,72,0.0,0.0,0.0,0.0,3.0,7.0
2006-09-25,22.6,28.0,18.3,23.3,28.7,66,0.0,0.0,0.0,0.0,3.42,8.2
2006-09-26,22.9,27.7,19.2,24.1,29.3,71,0.0,0.0,0.0,0.0,3.49,7.5
2006-09-27,22.7,27.3,19.0,24.0,28.3,72,0.0,0.0,0.0,0.0,3.41,7.4
2006-09-28,22.1,25.3,19.2,23.4,26.1,77,0.4,0.4,0.0,2.0,3.58,7.9
2006-09-29,21.0,22.0,19.9,22.1,23.1,81,2.2,2.2,0.0,11.0,3.84,7.2
2006-09-30,18.9,20.4,18.1,20.1,22.2,91,15.9,15.9,0.0,23.0,3.67,6.5
2006-10-01,18.7,22.0,16.8,19.4,22.8,85,3.8,3.8,0.0,8.0,3.67,7.4
2006-10-02,20.4,24.7,17.0,21.5,25.0,78,0.0,0.0,0.0,0.0,2.92,6.6
2006-10-03,21.2,26.2,16.8,22.8,27.7,80,0.1,0.1,0.0,1.0,2.21,6.3
2006-10-04,21.4,26.9,17.4,22.7,27.9,76,0.0,0.0,0.0,0.0,2.78,6.3
2006-10-05,21.4,28.2,16.9,22.2,28.4,74,0.0,0.0,0.0,0.0,2.94,6.6
2006-10-06,21.1,28.1,16.6,22.0,28.7,72,0.0,0.0,0.0,0.0,2.84,6.0
2006-10-07,21.9,27.2,17.2,22.9,28.2,67,0.0,0.0,0.0,0.0,2.7,5.0
2006-10-08,23.1,28.1,19.8,24.0,28.8,63,0.0,0.0,0.0,0.0,2.47,5.7
2006-10-09,22.3,28.5,18.2,23.8,29.9,71,0.0,0.0,0.0,0.0,2.45,4.9
2006-10-10,22.1,26.7,18.5,24.3,28.6,79,0.0,0.0,0.0,0.0,2.25,4.0
2006-10-11,22.7,28.0,19.5,24.8,29.9,76,0.0,0.0,0.0,0.0,2.56,5.9
2006-10-12,22.1,26.6,18.2,23.3,27.2,78,0.0,0.0,0.0,0.0,4.08,8.2
2006-10-13,22.4,26.5,20.0,23.8,28.0,77,0.0,0.0,0.0,0.0,4.72,9.2
2006-10-14,21.7,27.1,18.5,23.0,28.5,74,0.0,0.0,0.0,0.0,2.94,6.7
2006-10-15,21.9,27.0,18.0,23.0,28.1,75,0.0,0.0,0.0,0.0,3.22,7.1
2006-10-16,23.0,29.1,18.5,24.4,31.2,75,0.0,0.0,0.0,0.0,4.22,7.8
2006-10-17,22.0,24.4,20.1,24.3,27.1,86,0.9,0.9,0.0,6.0,3.22,6.6
2006-10-18,23.0,27.6,19.3,24.3,28.7,76,0.5,0.5,0.0,1.0,4.63,9.5
2006-10-19,22.7,24.6,21.0,25.3,27.0,82,0.0,0.0,0.0,0.0,2.73,8.3
2006-10-20,21.3,23.5,19.7,22.3,23.9,82,0.2,0.2,0.0,2.0,5.11,10.1
2006-10-21,22.0,25.5,19.0,24.0,27.7,83,2.3,2.3,0.0,11.0,4.8,8.9
2006-10-22,22.3,25.4,18.8,24.2,26.3,80,0.4,0.4,0.0,2.0,4.68,9.0
2006-10-23,16.0,19.3,13.5,14.1,17.8,64,0.0,0.0,0.0,0.0,4.92,9.1
2006-10-24,16.8,22.2,12.2,16.2,21.3,71,0.0,0.0,0.0,0.0,2.64,6.7
2006-10-25,17.6,20.2,14.4,18.0,21.0,81,0.0,0.0,0.0,0.0,2.82,5.6
2006-10-26,15.2,17.6,12.3,14.7,17.9,89,3.7,3.7,0.0,8.0,4.41,8.1
2006-10-27,15.8,21.2,11.0,15.0,20.2,74,0.0,0.0,0.0,0.0,2.86,7.0
2006-10-28,18.2,22.5,15.8,18.4,22.7,72,0.0,0.0,0.0,0.0,2.28,4.8
2006-10-29,17.5,23.2,13.3,17.3,22.7,74,0.0,0.0,0.0,0.0,2.75,6.9
2006-10-30,17.2,23.3,12.1,16.8,22.8,76,0.0,0.0,0.0,0.0,2.8,6.8
2006-10-31,17.3,23.0,12.5,17.3,23.2,75,0.0,0.0,0.0,0.0,2.16,4.9
2006-11-01,17.8,24.1,14.0,17.5,23.6,70,0.0,0.0,0.0,0.0,2.55,5.6
2006-11-02,16.4,23.4,10.6,16.0,23.4,73,0.0,0.0,0.0,0.0,2.73,4.4
2006-11-03,17.5,25.4,11.8,15.9,23.0,61,0.0,0.0,0.0,0.0,3.48,7.5
2006-11-04,19.1,27.1,12.6,16.9,23.9,54,0.0,0.0,0.0,0.0,4.96,10.0
2006-11-05,16.7,20.5,12.8,15.4,18.2,68,0.0,0.0,0.0,0.0,4.15,8.3
2006-11-06,13.8,18.4,9.2,10.8,14.6,51,0.0,0.0,0.0,0.0,3.76,9.9
2006-11-07,13.2,20.4,6.5,9.8,16.5,49,0.0,0.0,0.0,0.0,3.81,8.2
2006-11-08,16.7,25.2,9.7,13.2,21.0,44,0.0,0.0,0.0,0.0,5.56,10.6
2006-11-09,18.5,26.5,13.5,16.7,24.3,55,0.0,0.0,0.0,0.0,3.83,7.2
2006-11-10,17.6,23.4,14.5,17.0,22.7,66,0.0,0.0,0.0,0.0,2.73,5.2
2006-11-11,13.2,16.9,7.8,10.2,14.7,60,0.0,0.0,0.0,0.0,5.0,10.4
2006-11-12,12.0,18.1,6.2,9.0,14.6,58,0.0,0.0,0.0,0.0,3.7,7.2
2006-11-13,14.2,19.8,10.4,11.8,17.2,59,0.3,0.3,0.0,1.0,3.64,8.0
2006-11-14,11.9,16.0,8.4,8.8,12.4,61,0.0,0.0,0.0,0.0,4.64,9.4
2006-11-15,11.1,17.7,4.2,8.6,15.4,60,1.4,1.4,0.0,2.0,2.61,5.2
2006-11-16,11.8,12.8,10.6,10.1,11.6,75,0.6,0.6,0.0,1.0,2.79,5.9
2006-11-17,13.0,14.5,11.0,11.9,14.1,85,8.6,8.6,0.0,8.0,4.03,7.0
2006-11-18,13.5,14.0,12.8,12.1,13.1,92,12.5,12.5,0.0,24.0,5.07,9.2
2006-11-19,11.9,13.0,9.7,10.4,12.0,91,7.3,7.3,0.0,14.0,4.79,9.4
2006-11-20,11.8,15.7,7.4,10.4,13.8,84,0.0,0.0,0.0,0.0,3.61,7.9
2006-11-21,14.2,16.6,12.4,13.8,16.4,83,0.0,0.0,0.0,0.0,2.91,5.9
2006-11-22,13.3,14.1,11.0,10.8,13.3,91,29.5,29.5,0.0,22.0,7.26,15.2
2006-11-23,9.6,11.3,8.2,6.4,7.8,90,10.5,10.5,0.0,19.0,6.45,14.5
2006-11-24,10.2,12.2,8.1,8.1,10.7,95,4.3,4.3,0.0,11.0,4.32,7.8
2006-11-25,13.2,14.2,11.7,12.2,15.0,95,35.1,35.1,0.0,24.0,5.12,10.3
2006-11-26,11.0,11.6,10.3,9.8,11.0,96,9.2,9.2,0.0,12.0,4.16,7.3
2006-11-27,9.5,11.1,7.6,7.0,9.0,87,0.4,0.4,0.0,2.0,4.5,9.0
2006-11-28,7.7,10.4,5.5,5.0,8.1,75,0.0,0.0,0.0,0.0,3.34,6.2
2006-11-29,6.5,9.4,4.1,4.0,6.8,83,0.8,0.8,0.0,5.0,2.77,6.5
2006-11-30,6.8,10.8,2.9,4.8,8.6,84,0.0,0.0,0.0,0.0,2.5,5.3
2006-12-01,7.7,13.2,3.5,5.3,10.0,81,0.0,0.0,0.0,0.0,3.47,8.1
2006-12-02,5.4,9.1,1.9,1.5,4.4,64,0.0,0.0,0.0,0.0,3.86,8.6
2006-12-03,3.4,7.4,0.5,-0.4,3.2,61,0.0,0.0,0.0,0.0,2.52,6.3
2006-12-04,4.8,8.3,0.6,1.3,4.5,65,0.0,0.0,0.0,0.0,3.11,7.4
2006-12-05,6.8,10.4,3.0,3.9,6.8,74,0.8,0.8,0.0,1.0,3.36,6.7
2006-12-06,11.0,15.2,7.3,9.3,14.1,84,1.7,1.7,0.0,5.0,3.67,8.4
2006-12-07,8.7,11.1,6.9,6.3,10.6,93,4.2,4.2,0.0,9.0,4.46,8.4
2006-12-08,5.2,8.0,2.3,1.8,4.6,91,9.2,9.2,0.0,19.0,4.59,8.7
2006-12-09,3.0,5.0,0.1,-0.9,0.7,79,0.0,0.0,0.0,0.0,4.09,8.5
2006-12-10,2.6,6.6,-1.3,-0.5,3.7,77,0.0,0.0,0.0,0.0,2.3,4.0
2006-12-11,3.7,7.4,0.9,0.9,4.9,84,0.0,0.0,0.0,0.0,2.62,4.9
2006-12-12,4.8,8.9,-0.0,2.4,6.5,84,0.0,0.0,0.0,0.0,1.92,4.3
2006-12-13,8.2,11.9,4.2,5.9,10.3,75,0.0,0.0,0.0,0.0,2.78,6.4
2006-12-14,6.6,12.0,2.3,3.7,8.1,78,0.0,0.0,0.0,0.0,3.28,7.7
2006-12-15,7.2,13.9,2.2,3.9,10.1,71,0.0,0.0,0.0,0.0,4.64,9.2
2006-12-16,5.9,10.2,1.7,1.5,4.6,55,0.0,0.0,0.0,0.0,6.77,13.3
2006-12-17,1.0,4.7,-2.3,-3.5,-0.3,50,0.0,0.0,0.0,0.0,3.47,8.3
2006-12-18,1.4,7.5,-3.7,-2.8,3.2,59,0.0,0.0,0.0,0.0,3.08,6.8
2006-12-19,4.3,11.6,-0.7,1.1,8.1,67,0.0,0.0,0.0,0.0,2.78,4.3
2006-12-20,5.4,11.8,-0.3,2.3,8.7,65,0.0,0.0,0.0,0.0,2.84,4.2
2006-12-21,5.2,12.5,0.7,2.0,9.7,67,0.0,0.0,0.0,0.0,2.93,4.8
2006-12-22,5.6,13.8,0.4,2.3,10.4,65,0.0,0.0,0.0,0.0,2.97,4.3
2006-12-23,6.8,14.4,1.1,3.2,10.4,59,0.0,0.0,0.0,0.0,3.11,7.1
2006-12-24,7.0,12.6,3.7,4.1,10.6,78,0.0,0.0,0.0,0.0,3.11,6.2
2006-12-25,6.7,10.8,3.2,4.7,9.1,90,0.0,0.0,0.0,0.0,2.55,4.7
2006-12-26,5.9,10.7,2.6,4.0,9.2,92,0.0,0.0,0.0,0.0,2.42,4.1
2006-12-27,5.9,7.2,3.9,2.9,4.1,86,0.0,0.0,0.0,0.0,4.3,8.0
2006-12-28,1.6,4.8,-2.7,-2.9,-0.3,60,0.0,0.0,0.0,0.0,4.12,8.4
2006-12-29,0.3,6.0,-4.5,-3.8,1.4,67,0.0,0.0,0.0,0.0,3.23,7.6
2006-12-30,4.2,9.5,-0.8,0.8,7.1,74,0.4,0.4,0.0,3.0,3.69,7.9
2006-12-31,6.5,9.6,4.3,4.2,7.3,86,1.2,1.2,0.0,3.0,4.05,6.5
2007-01-01,5.5,6.8,4.8,2.6,4.4,90,3.1,3.1,0.0,13.0,3.81,6.8
2007-01-02,4.1,5.0,3.0,0.5,1.9,85,4.9,4.9,0.0,15.0,4.07,7.9
2007-01-03,3.9,5.8,2.0,0.3,2.2,82,1.8,1.5,0.21,7.0,4.05,8.9
2007-01-04,3.8,5.7,1.8,0.6,2.6,80,0.1,0.1,0.0,1.0,3.4,6.7
2007-01-05,3.4,7.5,0.3,0.1,3.7,79,0.0,0.0,0.0,0.0,3.1,7.1
2007-01-06,2.7,5.7,0.4,-2.5,-0.7,50,0.0,0.0,0.0,0.0,6.08,12.6
2007-01-07,1.1,5.7,-2.8,-3.3,0.8,49,0.0,0.0,0.0,0.0,2.97,7.0
2007-01-08,0.8,6.6,-2.9,-3.5,2.4,58,0.0,0.0,0.0,0.0,2.97,6.3
2007-01-09,1.7,8.9,-3.0,-2.2,5.1,60,0.0,0.0,0.0,0.0,3.06,6.2
2007-01-10,3.5,11.1,-2.7,-0.6,7.0,61,0.0,0.0,0.0,0.0,3.24,6.7
2007-01-11,5.3,10.1,0.7,1.4,6.6,72,0.0,0.0,0.0,0.0,4.09,9.0
2007-01-12,3.8,5.9,1.9,0.2,1.9,80,1.7,1.7,0.0,8.0,4.34,8.0
2007-01-13,1.9,5.4,-0.6,-2.1,1.2,64,0.0,0.0,0.0,0.0,3.02,7.2
2007-01-14,2.2,5.7,-1.2,-1.5,1.6,73,1.0,1.0,0.0,5.0,3.49,7.6
2007-01-15,3.6,4.1,3.1,1.4,2.1,91,2.3,2.3,0.0,11.0,1.87,3.8
2007-01-16,2.8,4.2,1.3,0.1,1.9,94,7.0,6.6,0.28,18.0,2.36,4.8
2007-01-17,3.2,7.5,0.2,0.0,4.5,80,0.0,0.0,0.0,0.0,2.93,5.7
2007-01-18,3.3,8.6,-1.3,-0.0,5.7,73,0.0,0.0,0.0,0.0,3.13,4.6
2007-01-19,3.4,7.1,0.6,0.2,3.8,83,0.0,0.0,0.0,0.0,2.82,6.3
2007-01-20,4.1,8.2,-0.2,1.2,5.4,88,0.0,0.0,0.0,0.0,3.1,6.7
2007-01-21,6.2,10.0,3.3,3.0,6.7,75,0.0,0.0,0.0,0.0,3.11,7.9
2007-01-22,4.3,7.3,1.2,0.5,3.6,77,0.1,0.1,0.0,1.0,4.65,9.7
2007-01-23,3.3,5.1,0.4,0.1,1.9,85,2.1,2.1,0.0,13.0,3.05,6.5
2007-01-24,2.8,7.6,-2.1,-0.5,4.7,76,0.0,0.0,0.0,0.0,2.62,5.0
2007-01-25,3.0,8.5,-1.3,-0.3,5.3,77,0.0,0.0,0.0,0.0,2.83,5.3
2007-01-26,3.4,6.6,-1.1,-1.1,2.0,62,0.0,0.0,0.0,0.0,4.95,10.1
2007-01-27,3.4,9.6,-1.9,-1.2,4.0,56,0.0,0.0,0.0,0.0,6.43,12.8
2007-01-28,2.7,7.7,-1.0,-1.6,3.0,53,0.0,0.0,0.0,0.0,3.74,8.6
2007-01-29,5.5,13.1,-1.2,1.2,8.8,55,0.0,0.0,0.0,0.0,4.72,9.8
2007-01-30,5.5,10.5,2.4,1.4,6.5,56,0.0,0.0,0.0,0.0,4.25,9.4
2007-01-31,6.2,14.0,0.8,2.1,10.7,61,0.0,0.0,0.0,0.0,6.02,11.5
2007-02-01,2.3,7.2,-2.8,-1.8,3.0,53,0.0,0.0,0.0,0.0,3.72,8.0
2007-02-02,3.1,10.2,-2.9,-0.8,7.6,53,0.0,0.0,0.0,0.0,3.0,5.3
2007-02-03,7.2,16.8,0.2,3.3,13.1,53,0.0,0.0,0.0,0.0,3.7,8.4
2007-02-04,8.7,17.6,2.0,5.2,14.1,58,0.0,0.0,0.0,0.0,3.55,7.6
2007-02-05,11.9,20.8,6.2,9.0,17.7,58,0.0,0.0,0.0,0.0,3.91,8.1
2007-02-06,13.1,21.9,5.8,11.1,20.4,64,0.0,0.0,0.0,0.0,3.06,4.9
2007-02-07,12.1,16.0,9.0,10.1,14.2,76,5.0,5.0,0.0,10.0,4.12,12.0
2007-02-08,8.9,10.9,7.5,7.0,10.2,92,5.3,5.3,0.0,13.0,3.49,7.7
2007-02-09,8.2,11.2,6.3,6.2,9.2,83,0.5,0.5,0.0,2.0,2.31,5.8
2007-02-10,7.8,13.5,4.1,4.9,11.0,70,0.0,0.0,0.0,0.0,3.41,7.8
2007-02-11,6.5,12.5,1.3,3.3,10.1,66,0.0,0.0,0.0,0.0,3.34,7.5
2007-02-12,11.2,18.2,4.5,8.5,16.4,67,0.0,0.0,0.0,0.0,3.77,6.9
2007-02-13,11.9,13.8,10.1,10.4,13.7,87,13.9,13.9,0.0,20.0,4.88,10.4
2007-02-14,7.2,10.7,2.1,3.3,8.9,57,0.1,0.1,0.0,1.0,6.31,12.0
2007-02-15,5.0,9.2,0.6,0.8,5.7,67,3.0,3.0,0.0,5.0,4.87,10.3
2007-02-16,7.6,8.3,6.2,4.9,6.2,95,9.3,9.3,0.0,15.0,4.5,8.1
2007-02-17,7.9,8.6,7.1,5.6,6.3,93,0.0,0.0,0.0,0.0,3.47,7.1
2007-02-18,7.7,9.9,6.5,5.4,7.7,85,0.1,0.1,0.0,1.0,3.14,6.5
2007-02-19,8.6,12.2,4.9,6.5,10.2,77,0.0,0.0,0.0,0.0,2.1,5.1
2007-02-20,10.0,15.0,6.2,7.9,13.7,72,0.0,0.0,0.0,0.0,2.31,5.8
2007-02-21,10.1,15.4,5.2,7.7,13.4,75,0.0,0.0,0.0,0.0,4.09,8.5
2007-02-22,11.7,17.8,7.7,10.0,16.4,76,2.4,2.4,0.0,5.0,3.93,8.2
2007-02-23,11.1,16.4,7.8,7.7,13.4,66,0.0,0.0,0.0,0.0,6.5,12.0
2007-02-24,9.0,10.9,6.6,5.6,8.2,71,0.8,0.8,0.0,3.0,5.9,12.0
2007-02-25,9.0,13.0,4.9,6.6,10.5,78,0.0,0.0,0.0,0.0,3.04,6.8
2007-02-26,10.1,15.1,5.6,7.1,12.0,73,0.0,0.0,0.0,0.0,5.11,10.4
2007-02-27,11.4,14.5,8.2,8.0,11.0,76,0.2,0.2,0.0,1.0,6.1,12.4
2007-02-28,11.6,15.0,9.1,8.0,11.2,76,8.4,8.4,0.0,9.0,7.32,15.7
2007-03-01,14.2,17.1,12.5,13.5,17.3,88,4.7,4.7,0.0,7.0,6.04,11.9
2007-03-02,14.8,18.0,12.1,14.3,17.6,89,0.0,0.0,0.0,0.0,4.7,8.8
2007-03-03,16.5,20.0,13.4,15.2,19.0,85,1.4,1.4,0.0,4.0,5.91,11.4
2007-03-04,9.9,16.9,6.8,5.8,16.8,76,12.3,12.3,0.0,9.0,7.78,15.6
2007-03-05,4.9,6.7,2.2,0.0,2.1,60,0.0,0.0,0.0,0.0,5.54,11.2
2007-03-06,2.2,4.7,-0.6,-1.6,1.8,58,0.0,0.0,0.0,0.0,4.08,7.8
2007-03-07,4.3,8.8,-0.9,1.4,7.6,61,0.0,0.0,0.0,0.0,2.48,4.5
2007-03-08,6.4,10.6,1.4,3.2,8.0,62,0.0,0.0,0.0,0.0,2.18,6.3
2007-03-09,9.2,14.6,3.1,6.4,12.2,65,0.0,0.0,0.0,0.0,3.45,7.5
2007-03-10,9.8,14.9,4.5,6.3,11.2,63,0.0,0.0,0.0,0.0,6.74,12.9
2007-03-11,5.4,9.8,0.4,2.0,7.6,52,0.0,0.0,0.0,0.0,2.86,6.6
2007-03-12,7.8,11.7,3.4,4.5,8.1,63,0.0,0.0,0.0,0.0,4.47,10.0
2007-03-13,10.9,16.3,5.5,8.6,14.9,69,0.0,0.0,0.0,0.0,4.54,8.5
2007-03-14,10.0,11.3,9.1,7.3,9.0,91,14.0,14.0,0.0,18.0,4.97,9.8
2007-03-15,9.2,10.3,7.3,5.7,6.8,87,11.5,11.5,0.0,13.0,6.58,13.6
2007-03-16,7.8,9.6,6.2,3.8,6.3,76,4.2,4.2,0.0,10.0,6.5,11.9
2007-03-17,8.5,11.7,6.2,4.7,8.5,57,0.0,0.0,0.0,0.0,4.69,10.3
2007-03-18,7.9,10.0,5.5,4.4,6.6,63,0.0,0.0,0.0,0.0,4.36,9.5
2007-03-19,8.0,11.3,6.1,4.9,8.4,66,0.0,0.0,0.0,0.0,3.19,7.8
2007-03-20,9.1,15.0,4.5,6.8,13.4,65,0.0,0.0,0.0,0.0,2.97,5.9
2007-03-21,10.5,15.3,6.2,7.9,13.1,64,0.0,0.0,0.0,0.0,3.39,6.6
2007-03-22,13.4,20.5,5.7,11.4,19.5,70,0.0,0.0,0.0,0.0,4.66,8.7
2007-03-23,15.3,18.0,12.6,14.8,18.5,84,14.9,14.9,0.0,13.0,4.24,11.5
2007-03-24,16.1,19.1,13.3,15.9,18.7,83,0.8,0.8,0.0,5.0,2.97,7.2
2007-03-25,16.3,22.6,10.9,16.0,23.6,75,0.0,0.0,0.0,0.0,2.69,5.4
2007-03-26,17.3,21.3,13.8,16.6,21.1,74,1.4,1.4,0.0,5.0,3.42,6.9
2007-03-27,17.6,23.4,12.3,16.9,23.4,69,0.0,0.0,0.0,0.0,4.0,9.3
2007-03-28,19.2,26.5,13.6,18.1,25.0,67,0.0,0.0,0.0,0.0,7.07,15.0
2007-03-29,20.3,28.1,12.8,19.9,28.1,71,0.0,0.0,0.0,0.0,7.81,14.6
2007-03-30,20.0,25.5,15.1,18.7,25.6,67,0.0,0.0,0.0,0.0,6.48,12.7
2007-03-31,19.9,21.7,16.5,20.0,22.0,76,3.6,3.6,0.0,8.0,5.06,9.7
2007-04-01,11.8,15.4,10.4,8.8,12.6,76,13.0,13.0,0.0,17.0,7.07,13.3
2007-04-02,12.0,14.4,8.2,8.9,10.1,63,0.0,0.0,0.0,0.0,6.43,11.5
2007-04-03,10.1,14.3,5.8,7.3,12.3,55,0.0,0.0,0.0,0.0,3.26,7.5
2007-04-04,11.6,17.3,5.1,9.3,16.7,55,0.0,0.0,0.0,0.0,2.86,5.6
2007-04-05,12.5,14.9,9.8,10.1,13.2,62,0.0,0.0,0.0,0.0,3.91,7.0
2007-04-06,14.2,20.0,8.4,12.9,19.4,68,0.0,0.0,0.0,0.0,2.56,5.2
2007-04-07,15.9,21.8,11.2,15.0,21.8,64,0.0,0.0,0.0,0.0,2.42,4.4
2007-04-08,15.3,19.8,11.7,13.1,18.0,56,0.0,0.0,0.0,0.0,4.09,9.3
2007-04-09,14.9,19.8,9.2,12.1,17.3,49,0.0,0.0,0.0,0.0,3.91,8.5
2007-04-10,17.4,23.1,13.0,16.1,23.5,58,0.5,0.5,0.0,1.0,3.18,7.7
2007-04-11,18.6,25.0,12.0,17.5,24.6,62,0.0,0.0,0.0,0.0,4.08,8.0
2007-04-12,21.0,27.1,14.4,19.2,25.6,50,0.0,0.0,0.0,0.0,6.21,12.4
2007-04-13,18.9,23.3,14.9,18.3,23.3,65,0.0,0.0,0.0,0.0,3.83,8.6
2007-04-14,16.6,19.7,14.2,15.2,18.9,72,0.3,0.3,0.0,2.0,4.34,9.5
2007-04-15,16.4,21.4,13.6,16.1,21.5,81,14.0,14.0,0.0,8.0,5.96,12.8
2007-04-16,13.6,16.9,11.1,11.7,15.6,69,0.0,0.0,0.0,0.0,5.19,11.1
2007-04-17,9.7,11.8,8.1,7.3,9.7,77,13.2,13.2,0.0,13.0,3.99,8.6
2007-04-18,12.0,17.3,6.4,10.1,16.3,72,0.0,0.0,0.0,0.0,4.11,9.1
2007-04-19,17.9,25.2,10.0,16.1,23.6,60,0.0,0.0,0.0,0.0,5.43,10.8
2007-04-20,22.2,29.4,14.4,22.3,30.6,62,0.5,0.5,0.0,1.0,5.11,11.2
2007-04-21,23.4,27.4,19.7,25.4,30.0,73,0.7,0.7,0.0,3.0,4.04,8.9
2007-04-22,15.9,22.2,10.8,14.8,24.9,88,44.9,44.9,0.0,18.0,7.78,14.7
2007-04-23,14.1,18.3,8.4,12.1,17.1,65,0.0,0.0,0.0,0.0,3.89,8.9
2007-04-24,16.0,19.9,12.6,15.0,20.1,64,0.0,0.0,0.0,0.0,3.01,5.9
2007-04-25,18.1,24.3,13.4,17.2,23.5,65,0.0,0.0,0.0,0.0,4.7,9.0
2007-04-26,20.0,25.8,12.3,19.8,26.6,60,0.0,0.0,0.0,0.0,2.69,6.0
2007-04-27,20.1,24.3,15.7,20.5,26.7,67,0.0,0.0,0.0,0.0,2.69,6.9
2007-04-28,18.8,23.0,13.0,18.6,23.2,69,0.0,0.0,0.0,0.0,3.37,8.5
2007-04-29,16.3,18.5,13.9,15.1,18.0,82,7.8,7.8,0.0,14.0,6.28,11.9
2007-04-30,17.2,20.7,14.1,16.1,19.9,82,5.1,5.1,0.0,10.0,7.43,15.0
2007-05-01,19.5,23.5,15.7,19.7,24.3,69,0.0,0.0,0.0,0.0,3.62,9.3
2007-05-02,20.0,26.0,13.0,20.9,27.9,71,0.0,0.0,0.0,0.0,2.64,6.4
2007-05-03,21.9,26.7,17.0,23.3,28.6,74,1.2,1.2,0.0,3.0,3.11,8.0
2007-05-04,22.0,25.6,19.2,23.7,27.9,76,0.0,0.0,0.0,0.0,2.47,5.9
2007-05-05,22.8,29.2,18.2,24.5,31.6,72,1.2,1.2,0.0,4.0,4.24,7.1
2007-05-06,20.7,25.6,15.2,19.7,24.6,57,0.0,0.0,0.0,0.0,5.8,10.1
2007-05-07,21.6,28.3,14.3,21.0,28.0,56,0.0,0.0,0.0,0.0,4.0,8.6
2007-05-08,24.6,32.0,16.4,25.1,34.0,54,0.0,0.0,0.0,0.0,3.39,7.0
2007-05-09,21.6,24.8,16.6,22.4,27.0,76,0.0,0.0,0.0,0.0,5.45,10.8
2007-05-10,19.6,24.6,14.0,18.4,24.8,63,0.0,0.0,0.0,0.0,5.35,10.0
2007-05-11,23.1,30.0,16.7,24.3,34.6,70,0.6,0.6,0.0,5.0,5.48,9.4
2007-05-12,19.4,22.1,15.3,19.7,22.2,78,10.1,10.1,0.0,8.0,4.5,9.4
2007-05-13,20.0,26.1,12.5,19.6,25.9,64,0.0,0.0,0.0,0.0,4.55,9.0
2007-05-14,23.0,29.5,16.4,23.4,31.1,62,0.0,0.0,0.0,0.0,3.86,8.4
2007-05-15,22.1,26.5,19.2,23.0,28.0,72,0.6,0.6,0.0,3.0,4.8,9.7
2007-05-16,22.5,27.9,17.6,22.0,26.9,63,0.0,0.0,0.0,0.0,7.18,13.7
2007-05-17,24.7,30.9,17.4,24.2,30.7,60,0.0,0.0,0.0,0.0,8.14,16.1
2007-05-18,23.3,27.1,17.3,22.5,25.6,50,0.1,0.1,0.0,1.0,5.14,10.7
2007-05-19,21.1,26.8,14.1,20.6,28.0,51,0.0,0.0,0.0,0.0,3.5,5.6
2007-05-20,24.8,31.3,17.8,25.1,33.7,53,0.0,0.0,0.0,0.0,3.64,8.1
2007-05-21,26.9,32.4,20.6,29.1,36.0,63,0.0,0.0,0.0,0.0,3.94,7.3
2007-05-22,27.9,33.2,22.6,29.2,34.8,59,0.0,0.0,0.0,0.0,5.13,10.1
2007-05-23,26.2,28.3,24.7,29.6,32.2,78,13.7,13.7,0.0,14.0,3.92,9.9
2007-05-24,22.7,24.6,21.0,26.0,29.4,93,23.5,23.5,0.0,20.0,4.88,10.0
2007-05-25,25.7,31.4,20.3,28.9,36.1,72,0.0,0.0,0.0,0.0,2.48,5.5
2007-05-26,26.6,30.8,22.5,29.3,33.5,64,0.1,0.1,0.0,1.0,2.64,8.7
2007-05-27,27.5,32.6,22.5,31.0,36.8,67,0.0,0.0,0.0,0.0,2.3,5.4
2007-05-28,27.4,32.1,23.3,30.9,36.5,68,0.0,0.0,0.0,0.0,3.91,6.3
2007-05-29,26.7,31.7,22.3,30.2,36.5,72,0.0,0.0,0.0,0.0,3.91,6.6
2007-05-30,26.5,30.9,22.5,28.2,33.4,68,0.0,0.0,0.0,0.0,5.72,10.7
2007-05-31,21.7,24.0,20.1,22.5,24.1,84,33.5,33.5,0.0,20.0,6.06,13.5
2007-06-01,21.3,23.6,19.8,23.7,25.7,92,11.2,11.2,0.0,12.0,3.88,8.0
2007-06-02,20.2,22.1,19.1,21.3,23.3,85,0.1,0.1,0.0,1.0,3.89,7.2
2007-06-03,22.3,25.8,19.4,23.6,27.1,78,0.0,0.0,0.0,0.0,4.3,8.6
2007-06-04,21.6,23.6,19.7,23.1,24.8,83,2.3,2.3,0.0,7.0,4.3,8.6
2007-06-05,23.3,28.3,20.1,25.3,30.3,78,0.0,0.0,0.0,0.0,3.48,8.3
2007-06-06,24.4,29.3,20.3,26.8,32.6,75,0.0,0.0,0.0,0.0,3.58,7.8
2007-06-07,25.6,30.7,20.7,27.9,33.6,71,0.0,0.0,0.0,0.0,3.98,8.7
2007-06-08,26.6,32.0,21.6,29.6,35.7,72,0.0,0.0,0.0,0.0,3.69,8.4
2007-06-09,26.7,31.8,22.1,29.3,34.3,68,0.0,0.0,0.0,0.0,4.57,7.3
2007-06-10,23.8,26.7,21.0,24.8,28.4,70,0.0,0.0,0.0,0.0,4.67,9.8
2007-06-11,24.4,28.6,20.4,25.8,31.3,70,0.0,0.0,0.0,0.0,4.98,10.4
2007-06-12,22.5,23.5,21.2,24.7,26.7,84,8.5,8.5,0.0,15.0,3.71,8.4
2007-06-13,21.5,22.1,20.3,23.6,24.9,86,8.8,8.8,0.0,13.0,3.13,6.3
2007-06-14,21.5,24.4,19.6,23.2,26.0,86,4.0,4.0,0.0,11.0,4.66,8.8
2007-06-15,23.2,27.3,19.5,25.9,30.2,76,1.4,1.4,0.0,8.0,3.3,6.3
2007-06-16,22.9,26.1,19.6,24.9,28.5,79,0.5,0.5,0.0,4.0,3.89,7.6
2007-06-17,23.5,27.5,19.2,25.0,28.8,74,0.0,0.0,0.0,0.0,4.1,8.1
2007-06-18,24.7,28.5,20.2,26.5,30.4,75,0.0,0.0,0.0,0.0,4.51,9.0
2007-06-19,25.3,27.1,23.3,28.9,32.0,86,9.7,9.7,0.0,8.0,5.35,10.2
2007-06-20,25.8,28.9,23.3,30.4,34.5,87,12.0,12.0,0.0,12.0,4.03,7.1
2007-06-21,25.2,27.5,23.2,29.0,31.3,84,0.8,0.8,0.0,2.0,4.4,8.5
2007-06-22,26.8,29.6,23.7,31.5,34.9,79,0.3,0.3,0.0,2.0,3.03,5.7
2007-06-23,26.6,27.7,24.8,31.7,32.7,89,8.6,8.6,0.0,10.0,4.33,12.1
2007-06-24,27.9,33.0,22.0,32.6,38.3,78,0.0,0.0,0.0,0.0,3.97,8.5
2007-06-25,29.4,34.0,25.1,34.6,39.6,74,0.0,0.0,0.0,0.0,2.95,7.2
2007-06-26,28.1,31.2,25.9,33.0,36.2,79,6.6,6.6,0.0,13.0,3.07,6.0
2007-06-27,30.1,34.5,26.3,35.9,40.6,78,5.3,5.3,0.0,9.0,3.85,14.7
2007-06-28,26.6,28.6,24.9,31.6,35.9,89,23.3,23.3,0.0,17.0,4.19,9.3
2007-06-29,29.0,33.2,24.4,34.6,38.9,81,1.6,1.6,0.0,4.0,4.02,8.6
2007-06-30,29.0,31.1,27.3,33.4,34.9,77,2.0,2.0,0.0,3.0,6.48,14.6
2007-07-01,27.3,28.7,26.2,31.3,32.6,84,19.8,19.8,0.0,18.0,6.23,12.3
2007-07-02,26.6,28.5,24.9,31.8,34.3,88,17.8,17.8,0.0,17.0,3.11,8.3
2007-07-03,28.0,31.7,25.4,33.2,36.6,85,7.6,7.6,0.0,15.0,4.89,12.2
2007-07-04,25.3,28.2,23.7,30.1,33.8,90,24.3,24.3,0.0,14.0,3.32,10.6
2007-07-05,29.3,32.2,25.3,34.2,37.6,79,0.0,0.0,0.0,0.0,4.84,11.3
2007-07-06,29.3,31.9,26.7,34.5,38.0,78,10.1,10.1,0.0,8.0,4.47,11.2
2007-07-07,28.1,30.3,26.4,34.8,37.1,89,14.0,14.0,0.0,12.0,2.48,8.9
2007-07-08,26.6,29.6,24.1,32.4,36.6,90,13.7,13.7,0.0,13.0,3.01,11.8
2007-07-09,27.1,28.4,25.6,32.6,35.3,89,23.4,23.4,0.0,18.0,4.05,9.6
2007-07-10,27.5,31.4,25.3,33.3,38.3,85,0.4,0.4,0.0,2.0,2.36,6.6
2007-07-11,28.6,32.3,24.5,34.3,38.7,79,0.0,0.0,0.0,0.0,2.33,5.5
2007-07-12,28.4,30.8,25.8,33.3,35.7,81,0.0,0.0,0.0,0.0,4.35,8.7
2007-07-13,27.3,30.1,25.8,31.7,35.6,86,0.6,0.6,0.0,1.0,5.58,10.1
2007-07-14,26.3,28.6,24.7,30.5,32.6,86,5.0,5.0,0.0,9.0,4.01,8.5
2007-07-15,26.3,28.5,23.2,29.7,31.6,82,4.3,4.3,0.0,12.0,6.57,14.3
2007-07-16,27.8,32.0,23.4,32.7,37.1,78,0.4,0.4,0.0,1.0,2.86,4.9
2007-07-17,29.9,34.2,25.6,35.4,40.8,78,0.7,0.7,0.0,2.0,4.4,8.8
2007-07-18,31.8,35.4,27.8,37.1,41.2,71,0.2,0.2,0.0,1.0,5.62,11.4
2007-07-19,30.8,33.3,27.5,36.3,39.4,74,8.8,8.8,0.0,5.0,5.73,11.6
2007-07-20,28.8,32.7,25.5,35.6,40.5,87,17.3,17.3,0.0,15.0,2.9,8.7
2007-07-21,25.8,27.1,24.4,30.6,31.9,88,0.6,0.6,0.0,2.0,3.28,8.3
2007-07-22,26.5,30.8,24.2,31.9,37.3,85,6.1,6.1,0.0,9.0,1.94,8.3
2007-07-23,26.0,27.9,24.7,31.7,33.9,90,9.9,9.9,0.0,12.0,2.19,8.4
2007-07-24,27.9,32.0,24.2,34.1,38.7,85,2.5,2.5,0.0,3.0,2.09,8.1
2007-07-25,30.0,35.9,26.5,36.9,43.7,80,4.8,4.8,0.0,2.0,2.82,7.8
2007-07-26,30.0,35.6,26.5,36.4,43.1,75,0.5,0.5,0.0,2.0,1.94,5.3
2007-07-27,30.4,35.1,25.7,37.1,44.2,76,0.0,0.0,0.0,0.0,2.83,5.0
2007-07-28,31.5,37.0,27.7,38.6,45.6,74,0.4,0.4,0.0,1.0,2.1,6.1
2007-07-29,31.4,37.4,27.9,38.0,45.7,72,1.1,1.1,0.0,2.0,2.57,5.1
2007-07-30,31.1,36.2,26.9,37.5,44.8,72,0.2,0.2,0.0,1.0,2.28,5.5
2007-07-31,31.7,36.7,27.3,38.0,43.3,71,0.4,0.4,0.0,1.0,4.13,8.6
2007-08-01,32.3,36.5,28.4,38.6,43.2,71,0.0,0.0,0.0,0.0,3.76,8.4
2007-08-02,30.8,35.6,26.0,37.4,44.3,74,0.8,0.8,0.0,2.0,2.51,5.9
2007-08-03,27.3,30.5,25.5,33.3,36.7,88,6.1,6.1,0.0,10.0,3.1,10.2
2007-08-04,26.9,29.3,25.4,32.9,35.9,88,35.6,35.6,0.0,21.0,2.26,8.2
2007-08-05,28.2,32.8,25.6,34.4,40.1,84,8.9,8.9,0.0,13.0,3.29,6.0
2007-08-06,29.2,33.9,25.4,35.8,41.3,82,6.1,6.1,0.0,8.0,2.06,5.5
2007-08-07,30.5,34.8,26.8,37.0,42.1,77,0.0,0.0,0.0,0.0,3.01,6.2
2007-08-08,31.4,35.6,27.8,37.1,42.7,71,0.0,0.0,0.0,0.0,4.83,9.0
2007-08-09,31.2,34.3,28.0,36.4,40.2,75,0.0,0.0,0.0,0.0,5.47,10.9
2007-08-10,30.9,34.5,28.0,35.6,39.4,74,0.0,0.0,0.0,0.0,5.59,11.4
2007-08-11,28.5,30.8,26.5,33.5,36.1,81,1.5,1.5,0.0,7.0,4.44,9.2
2007-08-12,27.6,30.3,25.7,32.3,35.7,82,3.5,3.5,0.0,2.0,4.11,8.4
2007-08-13,27.1,30.5,24.5,30.9,33.8,76,0.0,0.0,0.0,0.0,3.45,8.7
2007-08-14,27.0,30.5,23.0,31.1,35.1,75,0.0,0.0,0.0,0.0,3.07,5.7
2007-08-15,25.3,26.2,24.4,28.9,30.4,87,12.9,12.9,0.0,18.0,5.08,10.3
2007-08-16,29.2,32.8,25.7,33.9,38.5,78,0.0,0.0,0.0,0.0,4.67,10.9
2007-08-17,29.5,33.2,26.1,34.3,38.5,75,0.0,0.0,0.0,0.0,4.49,9.6
2007-08-18,29.9,33.7,26.8,35.7,40.4,79,1.0,1.0,0.0,2.0,3.81,8.7
2007-08-19,28.8,32.5,26.0,33.3,38.3,81,3.8,3.8,0.0,4.0,5.59,12.5
2007-08-20,29.8,33.0,27.1,34.1,37.3,76,0.6,0.6,0.0,2.0,6.13,11.7
2007-08-21,28.8,32.0,26.7,34.2,37.9,81,3.8,3.8,0.0,6.0,4.59,8.4
2007-08-22,29.7,34.0,26.8,36.5,41.7,82,0.6,0.6,0.0,2.0,3.26,6.3
2007-08-23,29.7,33.8,27.1,36.4,41.4,83,2.4,2.4,0.0,5.0,2.59,6.2
2007-08-24,29.9,33.9,27.4,36.2,40.8,81,0.2,0.2,0.0,1.0,3.81,7.3
2007-08-25,30.1,34.1,26.5,35.1,39.0,74,0.0,0.0,0.0,0.0,4.92,10.0
2007-08-26,30.2,33.3,27.3,34.9,38.4,74,0.1,0.1,0.0,1.0,4.66,10.5
2007-08-27,27.7,30.1,25.9,33.2,36.2,83,9.6,9.6,0.0,9.0,3.57,6.3
2007-08-28,25.5,26.2,24.5,30.1,30.9,93,15.0,15.0,0.0,24.0,3.73,7.0
2007-08-29,27.2,30.4,24.9,31.5,34.3,79,0.8,0.8,0.0,3.0,3.14,6.9
2007-08-30,27.3,31.9,23.6,31.7,38.5,76,0.4,0.4,0.0,1.0,3.81,6.2
2007-08-31,25.7,27.8,24.1,30.5,34.1,88,20.9,20.9,0.0,17.0,4.0,7.0
2007-09-01,23.2,24.3,22.3,26.1,29.3,89,5.2,5.2,0.0,5.0,4.41,8.4
2007-09-02,24.6,27.7,22.3,27.6,30.5,78,0.4,0.4,0.0,3.0,2.53,6.8
2007-09-03,22.1,23.7,20.5,25.1,26.7,90,10.7,10.7,0.0,11.0,2.87,5.2
2007-09-04,22.4,25.1,20.0,24.5,27.9,82,0.2,0.2,0.0,1.0,3.32,8.5
2007-09-05,23.9,27.8,21.2,25.9,29.3,76,0.0,0.0,0.0,0.0,3.91,8.1
2007-09-06,23.7,28.4,19.7,26.1,31.1,77,0.6,0.6,0.0,3.0,3.34,7.4
2007-09-07,23.9,28.6,19.1,26.8,31.4,78,0.0,0.0,0.0,0.0,2.4,4.1
2007-09-08,24.5,28.4,21.3,27.1,30.4,74,0.0,0.0,0.0,0.0,2.2,4.8
2007-09-09,24.6,29.3,21.2,26.9,31.8,71,0.0,0.0,0.0,0.0,2.78,6.6
2007-09-10,25.0,29.3,20.7,27.4,31.7,72,0.0,0.0,0.0,0.0,3.1,7.2
2007-09-11,25.3,30.0,21.4,27.2,31.8,66,0.0,0.0,0.0,0.0,3.35,7.6
2007-09-12,25.0,30.7,19.7,26.7,31.8,67,0.0,0.0,0.0,0.0,3.51,7.5
2007-09-13,25.0,29.7,21.1,27.8,32.9,73,0.0,0.0,0.0,0.0,2.92,7.5
2007-09-14,24.0,27.2,22.0,27.1,30.9,83,0.1,0.1,0.0,1.0,4.3,8.6
2007-09-15,24.0,28.1,21.1,26.5,30.0,79,0.0,0.0,0.0,0.0,3.06,7.1
2007-09-16,24.4,29.5,19.6,26.9,32.0,74,0.0,0.0,0.0,0.0,3.07,7.5
2007-09-17,24.8,29.5,20.2,27.3,31.8,72,0.0,0.0,0.0,0.0,3.12,7.7
2007-09-18,20.7,22.7,18.0,22.4,25.7,88,32.3,32.3,0.0,15.0,4.96,9.2
2007-09-19,20.8,22.8,18.6,21.5,26.3,95,65.5,65.5,0.0,24.0,9.3,18.0
2007-09-20,22.1,25.1,20.1,23.4,26.4,83,3.0,3.0,0.0,5.0,7.6,15.8
2007-09-21,22.4,26.8,18.0,24.1,27.8,78,0.0,0.0,0.0,0.0,3.47,7.5
2007-09-22,23.0,26.6,20.3,24.6,27.7,76,0.0,0.0,0.0,0.0,4.04,8.3
2007-09-23,22.9,25.1,21.1,25.6,29.0,88,12.8,12.8,0.0,21.0,3.94,8.5
2007-09-24,25.0,28.2,22.4,28.7,32.6,85,0.4,0.4,0.0,2.0,3.24,6.5
2007-09-25,26.4,30.0,23.7,31.5,36.2,86,0.8,0.8,0.0,4.0,2.34,5.4
2007-09-26,27.0,31.2,23.9,31.6,36.2,81,0.0,0.0,0.0,0.0,2.72,6.6
2007-09-27,27.8,33.1,23.7,32.5,37.7,77,0.0,0.0,0.0,0.0,2.86,5.5
2007-09-28,22.1,25.6,20.3,23.7,29.4,88,0.1,0.1,0.0,1.0,6.05,11.5
2007-09-29,20.8,22.6,19.4,21.2,23.1,80,0.4,0.4,0.0,3.0,4.61,9.7
2007-09-30,22.4,25.2,20.1,23.6,26.6,76,0.0,0.0,0.0,0.0,4.59,8.6
2007-10-01,23.4,28.0,19.0,25.7,31.3,81,0.0,0.0,0.0,0.0,3.61,7.9
2007-10-02,24.8,28.1,22.2,28.6,32.2,86,0.4,0.4,0.0,3.0,3.04,6.9
2007-10-03,26.6,30.8,23.4,30.3,35.3,79,0.6,0.6,0.0,1.0,3.55,9.3
2007-10-04,26.4,31.1,22.9,29.3,34.7,74,0.0,0.0,0.0,0.0,3.69,8.2
2007-10-05,25.3,30.0,21.8,28.0,32.2,78,0.0,0.0,0.0,0.0,3.96,9.0
2007-10-06,24.9,29.4,21.2,27.2,31.2,77,0.0,0.0,0.0,0.0,4.42,9.4
2007-10-07,23.8,26.4,20.6,25.1,27.9,84,1.4,1.4,0.0,4.0,8.66,16.2
2007-10-08,18.0,20.7,15.9,15.1,19.8,73,4.8,4.8,0.0,6.0,9.26,18.5
2007-10-09,17.6,21.6,14.3,16.1,20.2,62,0.0,0.0,0.0,0.0,4.47,9.4
2007-10-10,18.1,23.2,12.8,17.8,23.2,68,0.0,0.0,0.0,0.0,2.37,6.3
2007-10-11,19.0,23.8,13.9,19.4,24.6,71,0.0,0.0,0.0,0.0,2.19,5.3
2007-10-12,18.2,20.6,16.3,18.1,19.9,77,0.0,0.0,0.0,0.0,4.14,8.2
2007-10-13,17.2,18.5,16.1,16.5,18.1,74,0.5,0.5,0.0,2.0,4.24,8.6
2007-10-14,17.0,18.3,15.9,16.8,17.4,77,0.0,0.0,0.0,0.0,2.92,5.9
2007-10-15,16.8,21.2,12.8,15.7,19.5,66,0.0,0.0,0.0,0.0,3.21,7.2
2007-10-16,15.4,21.8,11.0,14.1,20.1,67,0.0,0.0,0.0,0.0,2.97,6.4
2007-10-17,15.9,22.2,10.5,14.6,20.9,64,0.0,0.0,0.0,0.0,2.91,5.8
2007-10-18,16.7,22.0,11.8,15.2,19.8,60,0.0,0.0,0.0,0.0,2.7,7.6
2007-10-19,15.5,20.4,10.4,13.9,18.5,64,0.0,0.0,0.0,0.0,4.34,9.3
2007-10-20,14.8,21.0,10.4,13.0,19.2,58,0.0,0.0,0.0,0.0,2.85,5.4
2007-10-21,16.0,22.6,10.5,14.5,20.8,66,0.0,0.0,0.0,0.0,3.61,8.3
2007-10-22,17.9,23.6,14.7,17.8,24.0,70,0.0,0.0,0.0,0.0,2.55,4.4
2007-10-23,18.3,23.8,13.7,17.8,23.2,76,0.0,0.0,0.0,0.0,4.31,8.9
2007-10-24,19.5,24.8,15.4,19.9,25.6,79,0.0,0.0,0.0,0.0,4.36,8.9
2007-10-25,18.1,21.1,15.5,19.1,21.5,86,21.0,21.0,0.0,13.0,3.11,5.9
2007-10-26,16.3,21.4,13.6,16.7,21.5,86,0.0,0.0,0.0,0.0,2.82,6.6
2007-10-27,16.9,21.7,13.6,16.7,21.6,79,0.0,0.0,0.0,0.0,3.4,8.0
2007-10-28,16.3,20.1,13.1,15.1,19.4,76,0.1,0.1,0.0,1.0,6.24,11.5
2007-10-29,11.4,12.5,10.2,8.8,10.4,71,0.0,0.0,0.0,0.0,5.19,10.1
2007-10-30,12.9,15.0,10.5,11.5,13.9,81,2.0,2.0,0.0,4.0,3.21,7.7
2007-10-31,13.9,14.8,12.5,13.7,14.5,92,7.9,7.9,0.0,22.0,2.79,5.4
2007-11-01,13.3,16.7,9.3,11.5,14.3,75,1.9,1.9,0.0,4.0,3.89,8.7
2007-11-02,10.8,17.0,5.6,8.0,14.1,63,0.0,0.0,0.0,0.0,2.92,6.6
2007-11-03,11.8,19.1,5.5,9.4,17.7,64,0.0,0.0,0.0,0.0,2.84,5.3
2007-11-04,12.8,18.5,7.8,10.7,15.8,69,0.0,0.0,0.0,0.0,3.55,7.5
2007-11-05,13.9,18.7,10.5,12.0,16.2,72,0.0,0.0,0.0,0.0,4.35,8.8
2007-11-06,12.6,18.5,8.4,10.8,16.7,77,0.0,0.0,0.0,0.0,3.26,7.9
2007-11-07,12.8,19.0,7.7,11.8,18.3,80,0.0,0.0,0.0,0.0,2.44,4.5
2007-11-08,13.6,20.0,8.5,12.7,19.5,81,0.0,0.0,0.0,0.0,2.5,4.9
2007-11-09,13.0,17.9,8.9,11.5,16.1,84,0.0,0.0,0.0,0.0,4.18,9.0
2007-11-10,11.7,16.1,8.4,8.9,12.8,64,0.0,0.0,0.0,0.0,3.71,8.4
2007-11-11,10.3,15.6,6.0,7.4,12.1,64,0.0,0.0,0.0,0.0,4.08,9.1
2007-11-12,11.5,16.0,6.2,9.2,13.6,68,0.2,0.2,0.0,1.0,2.94,7.1
2007-11-13,13.7,16.7,11.8,12.5,15.9,75,0.2,0.2,0.0,1.0,2.63,6.6
2007-11-14,13.6,19.2,9.3,13.0,19.4,83,0.0,0.0,0.0,0.0,2.39,4.1
2007-11-15,14.0,17.7,11.1,12.9,16.9,89,6.1,6.1,0.0,8.0,5.03,9.6
2007-11-16,10.7,13.4,9.9,8.2,11.4,92,9.8,9.8,0.0,16.0,6.23,11.6
2007-11-17,10.3,10.9,10.0,9.0,9.8,90,0.3,0.3,0.0,2.0,2.2,4.4
2007-11-18,9.1,12.0,4.7,5.7,8.9,67,0.0,0.0,0.0,0.0,5.1,10.7
2007-11-19,7.2,12.7,2.1,4.3,9.6,73,0.0,0.0,0.0,0.0,3.11,7.2
2007-11-20,8.7,15.7,3.2,6.1,13.1,76,0.0,0.0,0.0,0.0,2.94,6.1
2007-11-21,10.5,18.3,4.6,7.9,15.4,66,0.0,0.0,0.0,0.0,2.81,5.7
2007-11-22,11.8,18.4,6.2,9.2,15.4,68,0.0,0.0,0.0,0.0,4.03,9.3
2007-11-23,12.8,19.5,7.9,11.4,18.6,74,0.0,0.0,0.0,0.0,3.19,5.5
2007-11-24,11.9,18.6,6.8,10.2,17.1,80,0.0,0.0,0.0,0.0,3.14,6.8
2007-11-25,13.3,18.8,8.9,11.7,17.4,80,0.0,0.0,0.0,0.0,4.53,9.3
2007-11-26,10.6,12.6,5.8,7.4,11.2,69,0.0,0.0,0.0,0.0,5.16,10.8
2007-11-27,5.9,11.0,1.7,2.2,6.8,59,0.0,0.0,0.0,0.0,3.21,7.2
2007-11-28,5.6,11.8,0.4,2.2,8.3,58,0.0,0.0,0.0,0.0,2.98,4.8
2007-11-29,6.4,12.9,0.5,3.0,9.1,63,0.0,0.0,0.0,0.0,2.57,6.5
2007-11-30,8.2,13.3,3.7,5.4,10.5,70,0.0,0.0,0.0,0.0,2.89,7.4
2007-12-01,9.5,14.2,6.0,7.0,12.1,79,0.0,0.0,0.0,0.0,3.85,8.2
2007-12-02,7.9,9.6,5.9,5.1,6.5,88,1.0,1.0,0.0,6.0,5.65,11.7
2007-12-03,6.4,11.0,3.3,3.7,7.7,76,0.0,0.0,0.0,0.0,2.83,5.6
2007-12-04,6.2,10.5,2.2,2.7,6.7,72,0.0,0.0,0.0,0.0,4.08,9.1
2007-12-05,5.9,9.1,1.9,2.5,5.5,69,0.0,0.0,0.0,0.0,3.42,7.7
2007-12-06,6.7,8.9,5.1,3.9,6.2,80,1.0,1.0,0.0,3.0,4.54,9.6
2007-12-07,5.5,9.5,0.9,2.2,5.6,69,0.0,0.0,0.0,0.0,2.94,7.2
2007-12-08,4.7,10.4,-0.1,0.8,6.3,62,0.0,0.0,0.0,0.0,3.61,6.8
2007-12-09,8.7,13.3,4.6,5.7,11.0,74,0.0,0.0,0.0,0.0,4.49,9.9
2007-12-10,8.4,9.6,5.2,6.5,8.7,89,2.8,2.8,0.0,4.0,3.41,6.6
2007-12-11,7.2,9.8,3.9,4.8,7.3,86,5.8,5.8,0.0,7.0,3.35,6.6
2007-12-12,6.2,7.9,4.9,3.0,5.4,91,1.5,1.5,0.0,5.0,4.48,9.1
2007-12-13,5.1,8.2,2.1,2.1,5.2,74,0.0,0.0,0.0,0.0,4.0,7.5
2007-12-14,4.1,9.6,-0.2,1.4,6.8,80,0.0,0.0,0.0,0.0,2.83,5.4
2007-12-15,5.7,11.6,0.9,2.7,8.2,73,0.0,0.0,0.0,0.0,3.1,6.6
2007-12-16,5.9,8.1,3.0,2.7,5.4,79,2.5,2.5,0.0,7.0,3.51,7.4
2007-12-17,7.0,9.1,4.1,5.0,7.4,88,0.9,0.9,0.0,5.0,2.42,4.3
2007-12-18,5.9,10.0,3.1,3.5,8.0,85,0.0,0.0,0.0,0.0,2.57,4.6
2007-12-19,5.3,11.0,1.6,2.6,8.4,86,0.0,0.0,0.0,0.0,2.88,6.8
2007-12-20,6.5,11.9,2.1,4.0,10.2,86,1.0,1.0,0.0,2.0,2.92,5.8
2007-12-21,9.0,11.0,6.6,7.1,9.4,92,1.3,1.3,0.0,5.0,3.26,7.0
2007-12-22,9.6,11.3,8.6,7.6,9.6,90,3.5,3.5,0.0,9.0,4.66,8.6
2007-12-23,9.4,12.4,6.5,6.6,9.3,77,0.0,0.0,0.0,0.0,4.66,9.6
2007-12-24,7.2,9.5,5.3,3.9,6.1,76,0.0,0.0,0.0,0.0,5.26,9.1
2007-12-25,8.3,11.2,6.6,5.7,8.7,77,0.0,0.0,0.0,0.0,2.66,6.5
2007-12-26,9.7,13.5,6.6,7.1,10.8,76,0.0,0.0,0.0,0.0,3.74,8.6
2007-12-27,7.7,8.4,7.0,5.6,6.7,91,3.4,3.4,0.0,7.0,3.51,6.4
2007-12-28,8.2,9.9,6.9,5.8,6.8,85,0.9,0.9,0.0,5.0,4.1,8.3
2007-12-29,5.0,7.8,1.7,1.3,4.9,66,0.0,0.0,0.0,0.0,3.68,7.6
2007-12-30,1.7,4.1,-0.7,-3.6,-1.7,41,0.0,0.0,0.0,0.0,5.36,11.1
2007-12-31,1.3,7.1,-3.1,-3.5,1.5,47,0.0,0.0,0.0,0.0,4.74,9.9
2008-01-01,0.6,5.4,-3.4,-4.3,-0.7,47,0.0,0.0,0.0,0.0,5.32,11.1
2008-01-02,0.4,6.8,-4.9,-3.7,3.1,52,0.0,0.0,0.0,0.0,2.82,4.8
2008-01-03,1.5,9.4,-4.1,-2.4,6.1,59,0.0,0.0,0.0,0.0,3.13,4.0
2008-01-04,3.1,10.8,-2.5,-0.6,7.2,60,0.0,0.0,0.0,0.0,2.77,6.4
2008-01-05,6.2,13.0,1.1,2.9,9.6,59,0.0,0.0,0.0,0.0,2.94,4.7
2008-01-06,7.4,12.8,2.9,4.0,9.8,62,0.0,0.0,0.0,0.0,3.32,5.9
2008-01-07,8.2,13.7,3.1,5.4,10.9,65,0.0,0.0,0.0,0.0,2.56,6.4
2008-01-08,5.1,10.5,1.9,2.2,8.1,82,0.0,0.0,0.0,0.0,2.81,6.0
2008-01-09,6.3,12.4,1.8,3.6,10.0,83,0.0,0.0,0.0,0.0,3.86,6.7
2008-01-10,6.5,8.6,4.7,3.8,7.2,94,0.1,0.1,0.0,1.0,4.48,8.6
2008-01-11,7.2,8.5,5.3,4.5,6.8,96,20.8,20.8,0.0,24.0,5.69,10.5
2008-01-12,2.6,5.2,-0.4,-2.7,0.6,81,1.9,1.8,0.07,9.0,6.72,12.5
2008-01-13,-1.1,0.1,-2.7,-6.4,-4.9,83,3.5,0.0,2.66,16.0,6.02,11.9
2008-01-14,-0.9,2.0,-3.2,-5.4,-2.2,72,0.0,0.0,0.0,0.0,3.85,8.9
2008-01-15,-0.5,0.1,-1.3,-4.9,-4.1,85,2.7,0.0,1.96,11.0,4.33,8.9
2008-01-16,-0.6,2.0,-3.4,-5.2,-2.8,79,0.0,0.0,0.0,0.0,4.53,10.3
2008-01-17,0.1,2.0,-1.4,-4.0,-1.3,75,0.0,0.0,0.0,0.0,3.8,7.4
2008-01-18,1.5,3.6,0.0,-2.7,-0.8,76,0.6,0.6,0.0,5.0,4.37,8.8
2008-01-19,1.1,1.6,0.7,-3.3,-2.7,98,22.2,11.1,7.77,24.0,5.25,9.4
2008-01-20,1.2,2.0,0.5,-3.1,-1.9,97,13.7,9.7,2.8,22.0,4.7,8.6
2008-01-21,0.4,1.7,-1.1,-3.9,-2.2,80,0.0,0.0,0.56,0.0,4.41,8.8
2008-01-22,-0.3,1.0,-1.5,-4.2,-3.5,77,0.0,0.0,0.0,0.0,3.4,8.2
2008-01-23,-0.7,1.2,-2.6,-4.9,-3.1,74,0.0,0.0,0.0,0.0,4.1,8.4
2008-01-24,-1.6,0.1,-3.3,-6.2,-4.4,55,0.0,0.0,0.0,0.0,3.71,7.2
2008-01-25,-1.2,-0.4,-2.1,-5.5,-4.7,64,0.1,0.0,0.07,1.0,3.19,6.5
2008-01-26,-0.8,0.4,-1.4,-4.9,-3.9,83,5.1,0.0,3.71,14.0,4.18,8.2
2008-01-27,-0.8,0.6,-2.1,-4.7,-3.5,87,8.8,0.0,6.44,18.0,3.22,7.6
2008-01-28,-1.3,-0.9,-1.9,-4.9,-4.0,95,11.7,0.0,8.19,24.0,2.92,5.3
2008-01-29,-1.5,1.4,-5.1,-5.3,-2.7,83,0.5,0.0,0.42,3.0,3.64,7.9
2008-01-30,-1.8,1.0,-5.3,-5.9,-2.9,73,0.0,0.0,0.0,0.0,3.48,8.4
2008-01-31,-2.5,2.1,-6.0,-6.5,-1.3,68,0.0,0.0,0.0,0.0,2.64,6.3
2008-02-01,-1.5,0.4,-3.5,-5.4,-3.7,76,2.8,0.0,2.03,9.0,2.62,6.3
2008-02-02,0.0,3.7,-3.4,-3.8,-0.5,73,1.5,0.0,1.19,5.0,2.43,6.3
2008-02-03,-0.8,3.6,-5.5,-4.5,0.4,73,0.0,0.0,0.0,0.0,2.56,6.9
2008-02-04,-0.0,5.0,-5.1,-3.6,1.5,76,0.0,0.0,0.0,0.0,3.13,6.8
2008-02-05,0.9,3.3,-1.1,-2.6,0.5,84,1.1,0.4,0.56,5.0,3.22,6.0
2008-02-06,0.2,3.0,-3.2,-3.9,-0.8,73,0.0,0.0,0.0,0.0,3.7,8.2
2008-02-07,-0.9,3.7,-4.9,-4.6,0.7,71,0.0,0.0,0.0,0.0,2.2,5.7
2008-02-08,-0.0,4.5,-4.0,-4.1,0.5,69,0.0,0.0,0.0,0.0,4.47,8.6
2008-02-09,-1.2,3.3,-4.8,-5.5,-0.9,59,0.0,0.0,0.0,0.0,3.31,7.8
2008-02-10,-0.1,4.3,-4.8,-3.9,1.5,63,0.0,0.0,0.0,0.0,2.52,4.7
2008-02-11,1.8,6.0,-1.4,-2.1,2.2,62,0.0,0.0,0.0,0.0,3.8,8.0
2008-02-12,0.2,3.7,-2.7,-4.5,-1.0,57,0.0,0.0,0.0,0.0,5.11,10.7
2008-02-13,-0.8,3.4,-5.2,-4.5,0.3,52,0.0,0.0,0.0,0.0,2.24,5.2
2008-02-14,0.6,6.3,-4.6,-3.2,3.2,57,0.0,0.0,0.0,0.0,3.04,6.3
2008-02-15,2.6,9.3,-3.6,-1.1,6.9,58,0.0,0.0,0.0,0.0,3.04,4.4
2008-02-16,4.6,11.3,-0.4,0.6,7.9,60,0.0,0.0,0.0,0.0,3.45,7.8
2008-02-17,5.0,10.7,0.5,0.6,6.6,64,0.0,0.0,0.0,0.0,5.61,10.8
2008-02-18,3.9,8.1,1.2,-0.1,4.6,65,0.0,0.0,0.0,0.0,4.81,9.5
2008-02-19,3.7,9.4,-1.2,0.6,7.4,71,0.0,0.0,0.0,0.0,2.62,5.9
2008-02-20,5.3,11.9,0.2,2.1,9.8,63,0.0,0.0,0.0,0.0,2.84,5.4
2008-02-21,8.1,15.8,1.9,5.1,13.3,62,0.0,0.0,0.0,0.0,2.86,6.5
2008-02-22,12.5,19.8,7.6,9.5,16.5,60,1.9,1.9,0.0,3.0,5.45,11.3
2008-02-23,5.8,10.8,0.5,1.2,6.1,64,0.0,0.0,0.0,0.0,6.67,13.0
2008-02-24,3.3,7.3,-0.6,-2.0,1.8,63,2.7,2.7,0.0,3.0,6.5,13.6
2008-02-25,2.2,3.1,1.3,-1.5,-0.2,92,13.1,12.3,0.56,19.0,5.0,9.2
2008-02-26,3.6,7.7,1.0,-0.3,3.6,75,1.9,1.9,0.0,5.0,4.77,9.7
2008-02-27,4.5,10.9,-1.4,0.8,7.9,59,0.0,0.0,0.0,0.0,2.94,7.0
2008-02-28,7.1,13.5,0.6,3.2,9.9,56,0.0,0.0,0.0,0.0,4.31,9.6
2008-02-29,10.1,16.7,5.7,5.8,12.5,49,0.0,0.0,0.0,0.0,5.68,11.8
2008-03-01,11.1,19.6,2.3,7.5,15.8,52,0.0,0.0,0.0,0.0,5.33,11.2
2008-03-02,11.9,16.6,7.4,7.3,10.9,38,0.0,0.0,0.0,0.0,7.64,15.1
2008-03-03,8.4,14.5,2.7,4.1,9.1,47,0.0,0.0,0.0,0.0,6.42,14.0
2008-03-04,7.5,14.0,0.8,4.3,12.1,51,0.0,0.0,0.0,0.0,3.14,4.9
2008-03-05,9.1,16.1,2.4,5.5,13.4,50,0.0,0.0,0.0,0.0,3.62,7.9
2008-03-06,8.7,11.4,6.3,5.6,8.7,61,0.3,0.3,0.0,2.0,4.55,7.4
2008-03-07,8.5,12.3,6.0,4.9,9.8,58,0.0,0.0,0.0,0.0,4.56,9.4
2008-03-08,4.9,6.2,3.9,1.9,3.4,84,6.7,6.7,0.0,11.0,3.95,7.7
2008-03-09,7.2,14.1,1.2,5.4,13.0,85,0.0,0.0,0.0,0.0,2.38,6.1
2008-03-10,12.3,20.6,4.8,10.6,20.1,72,0.0,0.0,0.0,0.0,2.69,6.0
2008-03-11,15.1,23.3,7.6,13.5,22.7,66,0.0,0.0,0.0,0.0,2.94,7.2
2008-03-12,16.7,24.0,9.7,14.7,22.1,61,0.0,0.0,0.0,0.0,5.02,9.0
2008-03-13,14.1,17.2,9.4,12.4,15.8,77,6.7,6.7,0.0,5.0,5.41,11.3
2008-03-14,10.6,16.2,5.9,8.1,14.7,67,0.0,0.0,0.0,0.0,3.37,8.4
2008-03-15,14.0,21.4,6.4,12.3,21.9,65,0.0,0.0,0.0,0.0,3.55,6.2
2008-03-16,13.3,16.2,11.0,10.0,13.0,61,0.0,0.0,0.0,0.0,5.4,9.9
2008-03-17,13.8,19.6,9.1,11.7,18.1,70,0.0,0.0,0.0,0.0,4.34,8.9
2008-03-18,14.2,18.7,12.0,13.2,18.2,84,1.1,1.1,0.0,4.0,3.83,7.3
2008-03-19,12.0,15.1,9.4,9.9,13.7,75,0.0,0.0,0.0,0.0,4.52,9.4
2008-03-20,10.9,16.7,5.2,7.5,14.0,56,0.0,0.0,0.0,0.0,5.07,9.7
2008-03-21,12.1,14.5,9.5,10.1,13.5,77,5.7,5.7,0.0,10.0,5.28,9.3
2008-03-22,11.6,13.4,9.1,10.5,12.1,90,2.8,2.8,0.0,8.0,3.52,7.0
2008-03-23,12.2,17.2,8.3,9.0,13.0,63,0.0,0.0,0.0,0.0,7.38,14.5
2008-03-24,13.4,21.3,5.3,10.5,18.6,54,0.0,0.0,0.0,0.0,4.36,9.2
2008-03-25,12.6,16.5,8.5,9.7,14.1,47,0.0,0.0,0.0,0.0,4.24,12.0
2008-03-26,14.7,22.5,5.9,11.9,19.1,53,0.4,0.4,0.0,1.0,6.01,13.0
2008-03-27,15.1,20.9,10.3,12.6,19.1,53,0.0,0.0,0.0,0.0,3.6,7.2
2008-03-28,13.8,17.6,10.0,9.6,13.1,55,0.0,0.0,0.0,0.0,7.72,15.2
2008-03-29,10.5,12.1,8.0,7.6,9.7,82,3.4,3.4,0.0,9.0,6.31,11.6
2008-03-30,10.0,13.9,7.2,7.6,13.2,77,1.4,1.4,0.0,4.0,4.8,8.5
2008-03-31,11.2,14.7,6.5,8.7,11.4,68,0.0,0.0,0.0,0.0,3.98,8.4
2008-04-01,11.4,14.8,7.9,8.2,11.0,56,0.0,0.0,0.0,0.0,4.38,9.2
2008-04-02,13.7,19.1,8.9,10.7,16.0,54,0.0,0.0,0.0,0.0,4.86,10.7
2008-04-03,14.9,20.5,7.7,12.9,19.6,49,1.2,1.2,0.0,5.0,2.22,5.5
2008-04-04,15.7,19.1,12.8,13.6,16.9,60,0.0,0.0,0.0,0.0,3.85,8.2
2008-04-05,16.0,20.1,12.2,15.3,21.3,76,6.0,6.0,0.0,5.0,4.05,7.4
2008-04-06,15.9,19.7,13.6,16.1,20.7,87,1.2,1.2,0.0,3.0,3.51,7.3
2008-04-07,18.4,24.9,12.4,17.9,25.6,75,0.0,0.0,0.0,0.0,5.79,10.9
2008-04-08,15.3,18.0,14.0,13.3,16.1,91,56.9,56.9,0.0,19.0,8.57,14.8
2008-04-09,13.8,17.2,11.7,11.0,17.9,82,0.2,0.2,0.0,1.0,8.77,16.5
2008-04-10,14.7,19.7,8.9,13.8,20.6,70,0.0,0.0,0.0,0.0,3.34,6.1
2008-04-11,16.2,19.1,13.6,14.6,18.2,69,0.0,0.0,0.0,0.0,4.73,9.4
2008-04-12,15.5,19.0,12.5,14.3,18.9,71,0.0,0.0,0.0,0.0,4.38,8.4
2008-04-13,15.2,17.6,13.4,14.9,17.2,77,0.2,0.2,0.0,1.0,1.94,4.7
2008-04-14,16.2,20.1,13.3,15.3,19.8,69,0.0,0.0,0.0,0.0,3.72,8.2
2008-04-15,14.1,16.8,12.6,13.0,15.7,80,8.3,8.3,0.0,9.0,3.57,8.1
2008-04-16,13.8,15.1,12.1,13.5,15.4,87,0.0,0.0,0.0,0.0,2.12,5.2
2008-04-17,15.5,20.6,11.9,15.5,21.2,80,0.0,0.0,0.0,0.0,2.69,6.8
2008-04-18,17.8,23.6,11.9,15.6,21.3,62,0.0,0.0,0.0,0.0,6.76,13.1
2008-04-19,15.4,16.7,13.5,12.7,13.5,76,22.1,22.1,0.0,17.0,7.2,13.6
2008-04-20,17.2,19.1,15.1,16.1,18.9,85,13.4,13.4,0.0,17.0,6.96,15.0
2008-04-21,15.2,16.9,13.7,15.2,17.3,87,1.1,1.1,0.0,3.0,2.88,6.4
2008-04-22,15.0,16.9,12.7,14.0,15.5,81,1.6,1.6,0.0,2.0,4.49,8.8
2008-04-23,14.4,17.4,8.8,12.0,14.4,61,0.0,0.0,0.0,0.0,5.68,11.1
2008-04-24,14.3,20.5,7.0,12.2,19.3,59,0.0,0.0,0.0,0.0,3.61,8.0
2008-04-25,18.9,27.3,11.4,16.4,24.6,51,0.0,0.0,0.0,0.0,7.65,15.2
2008-04-26,18.3,24.5,12.5,16.5,24.3,48,0.0,0.0,0.0,0.0,4.25,7.6
2008-04-27,20.6,27.5,15.5,19.5,26.8,61,1.0,1.0,0.0,2.0,4.65,9.8
2008-04-28,17.0,22.5,10.8,16.6,24.2,65,0.0,0.0,0.0,0.0,3.75,6.1
2008-04-29,20.7,28.5,11.7,21.0,30.4,65,0.0,0.0,0.0,0.0,3.61,7.4
2008-04-30,21.5,25.9,18.1,22.2,26.9,73,0.0,0.0,0.0,0.0,4.79,9.9
2008-05-01,23.2,29.8,16.1,24.9,33.5,70,0.0,0.0,0.0,0.0,3.26,6.1
2008-05-02,24.3,30.4,18.1,25.1,33.1,65,0.0,0.0,0.0,0.0,4.44,8.8
2008-05-03,24.7,30.7,19.5,27.0,34.7,73,6.3,6.3,0.0,7.0,4.49,10.4
2008-05-04,21.9,23.9,17.7,22.6,27.0,75,13.3,13.3,0.0,10.0,6.42,14.3
2008-05-05,20.7,25.2,15.5,20.4,25.6,61,0.0,0.0,0.0,0.0,4.43,8.2
2008-05-06,22.8,28.9,16.3,22.3,30.7,53,0.0,0.0,0.0,0.0,4.63,9.1
2008-05-07,24.0,29.6,17.7,26.0,32.0,67,1.3,1.3,0.0,2.0,3.9,8.3
2008-05-08,19.9,23.3,17.0,20.9,26.7,89,13.7,13.7,0.0,14.0,6.18,11.7
2008-05-09,17.9,20.7,16.2,17.1,19.8,80,4.2,4.2,0.0,7.0,5.38,10.5
2008-05-10,18.0,23.1,12.6,17.5,22.8,66,0.0,0.0,0.0,0.0,3.41,8.0
2008-05-11,19.7,24.7,14.6,19.1,25.0,66,0.0,0.0,0.0,0.0,4.31,9.7
2008-05-12,17.6,21.2,13.9,16.1,19.9,62,0.0,0.0,0.0,0.0,6.09,11.8
2008-05-13,16.6,21.1,12.4,14.8,18.9,59,0.0,0.0,0.0,0.0,6.22,12.0
2008-05-14,18.3,23.9,11.0,17.6,24.8,61,0.0,0.0,0.0,0.0,3.42,7.0
2008-05-15,21.0,27.4,14.5,20.9,28.9,62,0.0,0.0,0.0,0.0,3.69,6.6
2008-05-16,22.7,29.7,16.0,23.9,32.7,67,0.0,0.0,0.0,0.0,3.56,6.6
2008-05-17,24.5,31.5,17.9,26.4,34.5,65,0.0,0.0,0.0,0.0,2.9,6.2
2008-05-18,20.7,23.3,18.7,22.0,23.9,81,7.7,7.7,0.0,8.0,4.0,10.3
2008-05-19,21.2,27.2,15.1,22.2,28.2,69,0.0,0.0,0.0,0.0,2.66,6.0
2008-05-20,22.8,29.5,16.0,22.2,28.8,53,0.0,0.0,0.0,0.0,4.98,9.8
2008-05-21,24.7,31.8,17.7,25.7,34.1,56,0.0,0.0,0.0,0.0,2.69,7.2
2008-05-22,26.4,32.3,20.3,28.3,34.7,61,0.0,0.0,0.0,0.0,3.04,7.1
2008-05-23,25.3,28.8,22.0,28.4,31.9,74,1.1,1.1,0.0,4.0,2.64,6.1
2008-05-24,24.4,27.9,21.8,28.0,33.3,82,4.2,4.2,0.0,7.0,2.56,5.9
2008-05-25,25.8,30.4,21.4,29.0,34.9,73,0.0,0.0,0.0,0.0,2.72,7.0
2008-05-26,27.1,32.6,22.2,29.7,35.5,69,0.0,0.0,0.0,0.0,4.44,9.2
2008-05-27,25.7,29.6,22.7,29.6,33.8,83,31.9,31.9,0.0,9.0,3.82,11.4
2008-05-28,23.5,26.7,20.5,25.7,28.0,82,21.7,21.7,0.0,13.0,5.95,13.0
2008-05-29,23.0,28.9,18.4,24.4,31.2,65,0.0,0.0,0.0,0.0,2.56,5.1
2008-05-30,22.6,25.5,19.4,22.8,25.3,59,0.0,0.0,0.0,0.0,5.01,10.2
2008-05-31,23.4,28.6,17.8,23.6,29.2,54,0.0,0.0,0.0,0.0,3.54,7.3
2008-06-01,23.5,27.5,20.0,23.9,28.5,62,0.0,0.0,0.0,0.0,3.96,7.8
2008-06-02,24.0,28.9,20.7,25.3,31.0,66,0.0,0.0,0.0,0.0,3.81,8.4
2008-06-03,24.2,30.3,18.1,25.4,31.7,66,0.2,0.2,0.0,1.0,4.12,8.0
2008-06-04,20.8,23.8,18.6,20.3,22.5,71,1.6,1.6,0.0,2.0,7.74,14.7
2008-06-05,22.0,26.8,15.9,23.2,29.9,63,0.0,0.0,0.0,0.0,2.43,5.0
2008-06-06,24.7,30.4,18.4,26.5,33.4,68,0.0,0.0,0.0,0.0,3.94,8.9
2008-06-07,25.7,29.3,23.3,29.8,34.7,79,0.4,0.4,0.0,2.0,3.04,6.9
2008-06-08,26.0,30.4,22.0,29.8,34.5,77,0.2,0.2,0.0,1.0,2.98,6.0
2008-06-09,23.9,25.4,22.1,27.8,30.2,88,9.3,9.3,0.0,10.0,3.23,6.5
2008-06-10,21.6,22.1,20.8,23.7,24.5,94,22.1,22.1,0.0,19.0,5.11,10.5
2008-06-11,22.8,26.1,20.6,25.5,30.1,82,0.8,0.8,0.0,4.0,3.91,9.2
2008-06-12,24.5,28.5,20.9,27.1,31.9,76,0.0,0.0,0.0,0.0,3.64,8.5
2008-06-13,23.1,25.6,20.9,24.9,27.0,84,2.5,2.5,0.0,6.0,5.27,10.7
2008-06-14,20.9,22.2,19.0,22.0,24.3,91,13.1,13.1,0.0,10.0,6.03,10.7
2008-06-15,20.2,21.6,19.5,20.6,21.7,87,0.5,0.5,0.0,3.0,5.73,11.6
2008-06-16,21.5,23.9,19.3,24.5,27.4,90,1.8,1.8,0.0,4.0,2.78,5.2
2008-06-17,21.9,22.6,21.1,25.1,26.1,97,46.7,46.7,0.0,15.0,4.71,9.0
2008-06-18,22.6,25.7,20.1,25.4,28.3,87,10.1,10.1,0.0,5.0,3.04,7.4
2008-06-19,24.9,28.7,21.6,28.7,32.8,87,7.2,7.2,0.0,7.0,4.05,11.2
2008-06-20,28.6,32.7,24.7,33.5,37.5,79,2.7,2.7,0.0,7.0,5.02,12.4
2008-06-21,26.5,28.8,24.1,31.4,34.1,88,25.1,25.1,0.0,18.0,3.82,9.0
2008-06-22,24.2,25.3,23.2,28.8,30.2,96,78.6,78.6,0.0,20.0,3.13,10.3
2008-06-23,24.6,26.0,23.3,29.9,31.8,95,12.4,12.4,0.0,14.0,2.53,8.3
2008-06-24,23.7,24.8,21.7,26.4,29.3,85,0.4,0.4,0.0,2.0,4.44,8.6
2008-06-25,21.8,23.7,20.6,23.7,25.3,85,0.2,0.2,0.0,1.0,3.71,7.1
2008-06-26,23.6,27.0,20.2,25.6,30.1,81,0.0,0.0,0.0,0.0,5.33,9.8
2008-06-27,22.3,23.3,21.1,23.7,24.9,84,0.3,0.3,0.0,2.0,6.12,10.8
2008-06-28,22.2,24.7,20.4,23.7,26.9,81,0.0,0.0,0.0,0.0,4.92,8.7
2008-06-29,25.3,30.7,19.7,28.6,36.0,78,0.0,0.0,0.0,0.0,3.94,7.2
2008-06-30,26.4,30.4,23.8,30.8,34.8,87,8.5,8.5,0.0,14.0,4.83,10.1
2008-07-01,29.1,33.0,25.0,33.8,38.5,77,1.7,1.7,0.0,2.0,5.12,11.3
2008-07-02,27.3,29.0,25.4,31.1,34.5,80,1.4,1.4,0.0,7.0,8.77,17.9
2008-07-03,29.5,33.8,25.1,34.9,40.2,79,1.2,1.2,0.0,6.0,4.18,10.1
2008-07-04,31.5,35.0,27.8,36.4,40.5,68,0.0,0.0,0.0,0.0,5.04,11.0
2008-07-05,31.9,35.9,28.3,35.8,39.6,63,0.0,0.0,0.0,0.0,6.58,12.7
2008-07-06,30.9,35.8,26.4,35.7,41.7,66,0.0,0.0,0.0,0.0,3.61,9.1
2008-07-07,29.8,35.4,24.7,35.8,42.9,75,9.1,9.1,0.0,5.0,3.18,7.4
2008-07-08,30.1,34.2,26.5,34.8,40.2,72,0.2,0.2,0.0,1.0,4.1,9.7
2008-07-09,29.5,34.0,26.7,33.7,39.1,71,4.9,4.9,0.0,6.0,4.23,11.0
2008-07-10,28.7,31.8,26.3,34.0,37.3,80,8.9,8.9,0.0,15.0,3.75,10.5
2008-07-11,27.8,30.8,26.1,33.9,37.7,87,21.7,21.7,0.0,11.0,2.78,6.5
2008-07-12,28.8,32.8,25.6,35.3,40.4,83,8.0,8.0,0.0,11.0,2.01,4.8
2008-07-13,28.4,31.9,25.9,34.4,38.6,85,4.7,4.7,0.0,7.0,3.4,6.7
2008-07-14,28.5,32.3,26.2,34.8,41.2,86,3.1,3.1,0.0,5.0,3.06,6.9
2008-07-15,30.9,36.1,26.7,37.9,43.0,79,0.1,0.1,0.0,1.0,2.86,7.2
2008-07-16,30.2,34.1,27.5,37.3,41.9,80,1.5,1.5,0.0,3.0,2.24,6.7
2008-07-17,30.1,34.1,27.4,37.0,42.3,83,5.4,5.4,0.0,10.0,3.26,6.2
2008-07-18,30.9,35.3,27.6,37.9,43.7,78,0.4,0.4,0.0,3.0,3.13,6.9
2008-07-19,27.4,28.6,26.0,32.0,35.1,85,4.6,4.6,0.0,8.0,5.33,10.3
2008-07-20,26.1,28.4,23.5,28.8,31.3,79,0.0,0.0,0.0,0.0,6.2,11.9
2008-07-21,27.7,31.8,24.1,33.4,38.6,81,6.1,6.1,0.0,4.0,1.82,7.0
2008-07-22,28.7,32.8,26.2,34.8,39.5,83,10.0,10.0,0.0,9.0,3.02,8.5
2008-07-23,30.0,34.6,25.8,35.4,40.7,75,0.0,0.0,0.0,0.0,4.79,13.3
2008-07-24,29.1,32.7,26.9,34.6,38.3,80,0.5,0.5,0.0,1.0,4.98,14.3
2008-07-25,29.1,33.4,25.7,35.2,41.4,78,0.8,0.8,0.0,1.0,1.58,8.6
2008-07-26,30.0,34.8,26.1,36.9,44.4,79,1.1,1.1,0.0,3.0,1.71,7.1
2008-07-27,30.6,35.2,27.3,36.6,42.3,74,0.3,0.3,0.0,1.0,3.35,7.0
2008-07-28,30.3,33.7,27.3,35.1,39.0,75,0.0,0.0,0.0,0.0,5.14,10.3
2008-07-29,27.6,29.0,26.0,30.5,32.2,84,12.8,12.8,0.0,17.0,8.57,18.4
2008-07-30,26.2,26.6,25.8,28.7,29.3,90,55.8,55.8,0.0,22.0,8.46,16.4
2008-07-31,26.1,27.6,25.2,29.9,32.0,90,17.1,17.1,0.0,24.0,6.29,12.5
2008-08-01,26.3,27.4,25.1,30.5,32.0,91,30.2,30.2,0.0,23.0,5.38,10.4
2008-08-02,26.7,28.8,24.8,31.8,34.6,90,47.3,47.3,0.0,16.0,4.3,8.4
2008-08-03,27.0,30.0,24.7,32.7,35.6,86,6.2,6.2,0.0,10.0,1.84,5.2
2008-08-04,28.3,32.3,24.5,34.4,39.8,85,4.0,4.0,0.0,10.0,2.77,6.8
2008-08-05,29.8,33.9,26.9,35.8,40.8,79,0.0,0.0,0.0,0.0,4.2,8.0
2008-08-06,29.4,32.7,26.4,34.5,38.9,79,0.2,0.2,0.0,1.0,4.57,9.3
2008-08-07,29.0,32.9,25.7,33.9,38.7,77,0.0,0.0,0.0,0.0,4.32,9.1
2008-08-08,28.5,32.1,25.4,33.2,36.8,76,0.2,0.2,0.0,2.0,3.34,7.5
2008-08-09,27.7,31.7,24.0,32.7,37.0,79,1.1,1.1,0.0,4.0,2.7,6.5
2008-08-10,28.2,31.8,25.7,33.5,37.4,82,0.4,0.4,0.0,2.0,3.35,7.2
2008-08-11,28.5,31.4,25.9,34.6,38.4,82,1.0,1.0,0.0,5.0,1.9,4.9
2008-08-12,29.5,33.5,25.3,36.0,40.8,79,0.0,0.0,0.0,0.0,2.01,6.4
2008-08-13,30.0,34.0,26.5,36.8,41.4,79,6.0,6.0,0.0,12.0,2.26,6.5
2008-08-14,27.4,30.8,25.3,33.3,37.0,88,19.7,19.7,0.0,9.0,2.53,8.2
2008-08-15,26.8,29.3,24.8,32.6,35.3,89,6.3,6.3,0.0,14.0,2.6,6.7
2008-08-16,27.0,30.0,24.8,32.1,35.4,86,1.7,1.7,0.0,9.0,3.93,6.5
2008-08-17,27.4,32.3,23.3,32.0,37.6,85,3.6,3.6,0.0,7.0,5.66,15.6
2008-08-18,25.4,28.8,23.0,29.2,33.3,82,0.0,0.0,0.0,0.0,3.38,7.5
2008-08-19,28.3,33.0,23.5,34.2,40.0,81,0.0,0.0,0.0,0.0,1.94,5.0
2008-08-20,28.8,31.8,26.5,35.4,39.6,87,2.6,2.6,0.0,6.0,3.28,6.1
2008-08-21,30.0,34.1,26.2,36.6,42.8,83,0.0,0.0,0.0,0.0,3.84,8.4
2008-08-22,26.6,29.7,23.7,30.9,36.4,83,4.9,4.9,0.0,10.0,4.34,8.9
2008-08-23,26.2,30.6,23.1,30.7,35.4,80,0.3,0.3,0.0,2.0,2.4,4.3
2008-08-24,26.9,30.5,23.6,30.6,33.5,77,0.0,0.0,0.0,0.0,4.56,8.8
2008-08-25,24.7,26.2,22.2,28.0,29.9,83,22.7,22.7,0.0,11.0,4.0,8.7
2008-08-26,25.3,29.5,21.0,29.1,33.9,78,0.0,0.0,0.0,0.0,2.2,6.6
2008-08-27,26.6,30.7,22.7,30.6,34.8,77,0.1,0.1,0.0,1.0,2.62,5.5
2008-08-28,26.5,30.2,23.1,29.7,33.7,76,0.0,0.0,0.0,0.0,4.66,9.6
2008-08-29,22.9,25.0,20.8,24.7,27.6,87,18.8,18.8,0.0,18.0,5.97,11.2
2008-08-30,23.7,25.8,21.5,26.8,30.5,91,14.9,14.9,0.0,14.0,5.01,9.0
2008-08-31,23.4,26.2,21.1,25.2,29.3,83,8.7,8.7,0.0,4.0,6.26,11.9
2008-09-01,23.6,28.1,20.1,25.8,30.4,76,0.0,0.0,0.0,0.0,3.32,8.0
2008-09-02,23.6,29.0,18.7,25.9,31.8,72,0.0,0.0,0.0,0.0,2.28,4.0
2008-09-03,24.4,28.8,20.1,26.9,31.4,71,0.0,0.0,0.0,0.0,2.27,6.1
2008-09-04,24.1,28.1,21.1,27.2,31.4,79,1.8,1.8,0.0,4.0,2.33,4.3
2008-09-05,23.4,25.3,21.9,25.8,27.7,79,1.6,1.6,0.0,4.0,3.83,8.7
2008-09-06,24.8,27.7,22.3,27.1,30.0,77,0.0,0.0,0.0,0.0,4.6,9.3
2008-09-07,25.1,28.0,22.3,27.6,30.5,78,0.0,0.0,0.0,0.0,5.12,9.9
2008-09-08,25.2,29.0,22.4,28.1,32.7,79,1.8,1.8,0.0,6.0,3.83,9.0
2008-09-09,26.4,30.5,22.8,29.8,33.9,79,0.0,0.0,0.0,0.0,3.86,7.4
2008-09-10,27.1,32.2,23.4,31.3,36.7,77,0.0,0.0,0.0,0.0,3.67,8.2
2008-09-11,24.6,26.9,23.3,28.3,30.8,85,0.5,0.5,0.0,2.0,3.28,7.5
2008-09-12,24.6,28.0,22.5,28.2,31.5,82,0.3,0.3,0.0,3.0,2.41,5.5
2008-09-13,25.5,29.2,23.0,28.8,33.1,83,2.2,2.2,0.0,8.0,5.2,9.6
2008-09-14,25.8,28.6,23.5,28.5,31.0,79,0.0,0.0,0.0,0.0,5.28,10.0
2008-09-15,25.6,28.8,23.2,29.2,32.0,83,0.0,0.0,0.0,0.0,3.92,8.4
2008-09-16,25.8,29.4,22.7,29.7,33.4,83,0.7,0.7,0.0,4.0,3.26,6.5
2008-09-17,26.3,30.3,23.9,30.2,33.8,79,0.4,0.4,0.0,3.0,2.69,6.0
2008-09-18,26.1,31.1,22.6,30.1,34.9,79,0.0,0.0,0.0,0.0,2.62,5.6
2008-09-19,27.5,32.4,23.7,32.7,38.6,82,0.8,0.8,0.0,2.0,3.14,8.2
2008-09-20,26.6,30.2,24.2,31.9,35.5,87,4.3,4.3,0.0,8.0,4.24,9.0
2008-09-21,26.1,29.2,24.0,30.7,33.6,84,10.1,10.1,0.0,7.0,2.27,6.3
2008-09-22,28.2,33.1,23.9,34.0,40.7,83,0.3,0.3,0.0,1.0,2.5,5.9
2008-09-23,27.6,30.8,24.6,32.2,35.9,85,0.4,0.4,0.0,1.0,5.72,10.8
2008-09-24,24.7,26.7,23.3,27.7,30.2,87,0.0,0.0,0.0,0.0,5.73,11.1
2008-09-25,23.7,25.4,21.0,27.0,28.3,90,0.9,0.9,0.0,4.0,4.33,8.5
2008-09-26,19.1,20.7,17.6,18.2,21.9,77,2.9,2.9,0.0,9.0,5.91,11.4
2008-09-27,20.0,23.5,16.8,19.0,22.4,64,0.0,0.0,0.0,0.0,5.07,10.9
2008-09-28,20.5,23.5,18.2,20.0,22.6,67,0.0,0.0,0.0,0.0,5.41,11.1
2008-09-29,20.2,23.8,16.8,19.9,23.2,72,0.0,0.0,0.0,0.0,5.09,10.8
2008-09-30,19.9,23.3,16.9,20.1,22.9,73,0.0,0.0,0.0,0.0,5.05,10.4
2008-10-01,20.1,25.3,15.1,21.2,26.5,75,0.0,0.0,0.0,0.0,2.28,6.8
2008-10-02,21.0,26.8,15.6,22.6,28.6,75,0.0,0.0,0.0,0.0,2.25,5.0
2008-10-03,21.5,25.2,18.1,22.9,25.6,76,0.2,0.2,0.0,1.0,2.92,6.4
2008-10-04,20.0,21.5,18.8,22.1,24.0,89,11.0,11.0,0.0,13.0,2.22,4.6
2008-10-05,19.3,22.3,17.6,21.2,24.6,90,5.5,5.5,0.0,7.0,2.22,5.0
2008-10-06,17.3,18.7,16.2,17.0,19.0,82,0.0,0.0,0.0,0.0,3.96,7.7
2008-10-07,18.1,21.9,15.4,17.7,21.6,71,0.0,0.0,0.0,0.0,3.47,7.7
2008-10-08,19.6,24.8,15.0,20.3,26.0,77,0.0,0.0,0.0,0.0,3.86,7.8
2008-10-09,21.8,25.7,19.2,24.4,29.1,85,1.4,1.4,0.0,4.0,2.56,5.8
2008-10-10,20.7,22.3,18.6,22.1,23.4,83,0.7,0.7,0.0,2.0,3.76,8.3
2008-10-11,18.1,20.2,16.7,17.0,19.3,64,0.0,0.0,0.0,0.0,3.92,7.6
2008-10-12,18.3,22.7,13.5,18.1,23.1,65,0.0,0.0,0.0,0.0,2.14,5.4
2008-10-13,18.1,23.8,12.0,17.9,24.3,69,0.0,0.0,0.0,0.0,2.28,5.0
2008-10-14,19.0,26.2,13.0,19.1,27.2,70,0.0,0.0,0.0,0.0,2.72,4.6
2008-10-15,19.8,26.8,13.7,19.3,26.1,67,0.0,0.0,0.0,0.0,3.83,8.1
2008-10-16,20.4,25.7,16.1,20.1,24.9,72,0.0,0.0,0.0,0.0,5.28,11.2
2008-10-17,21.0,26.3,16.5,21.2,25.8,72,0.0,0.0,0.0,0.0,4.4,8.8
2008-10-18,22.7,26.7,20.1,25.2,29.4,83,0.9,0.9,0.0,4.0,3.52,8.2
2008-10-19,22.9,27.2,19.5,25.8,31.1,84,0.4,0.4,0.0,1.0,3.11,5.3
2008-10-20,22.5,25.1,19.6,24.7,27.8,86,0.7,0.7,0.0,2.0,3.83,7.6
2008-10-21,23.0,26.9,21.0,25.7,29.6,86,6.4,6.4,0.0,10.0,3.68,8.6
2008-10-22,21.8,23.9,19.8,24.5,26.7,87,1.8,1.8,0.0,8.0,2.53,6.2
2008-10-23,17.8,19.7,12.4,17.0,21.2,75,1.3,1.3,0.0,3.0,5.05,11.5
2008-10-24,14.9,19.8,9.2,13.6,18.2,63,0.0,0.0,0.0,0.0,2.28,5.0
2008-10-25,15.2,16.7,14.1,14.4,15.6,75,0.1,0.1,0.0,1.0,3.69,7.0
2008-10-26,16.1,20.2,13.0,15.5,19.1,77,0.0,0.0,0.0,0.0,2.98,6.3
2008-10-27,16.2,22.3,11.3,15.2,20.6,66,0.0,0.0,0.0,0.0,2.53,5.1
2008-10-28,16.9,20.4,13.4,15.9,19.4,67,0.0,0.0,0.0,0.0,3.24,5.6
2008-10-29,14.6,16.5,13.5,14.1,15.5,89,8.8,8.8,0.0,21.0,4.31,8.3
2008-10-30,16.3,19.9,13.6,16.5,20.1,84,0.3,0.3,0.0,2.0,2.02,5.7
2008-10-31,17.1,19.1,15.7,17.6,18.7,83,0.8,0.8,0.0,4.0,2.83,5.9
2008-11-01,15.9,18.6,13.7,16.2,18.8,87,0.0,0.0,0.0,0.0,2.78,5.5
2008-11-02,16.5,20.1,14.1,16.7,20.4,83,0.0,0.0,0.0,0.0,2.42,5.2
2008-11-03,17.2,22.4,13.7,17.5,22.6,81,0.0,0.0,0.0,0.0,2.41,5.8
2008-11-04,16.5,22.6,11.5,16.2,22.3,81,0.0,0.0,0.0,0.0,3.0,7.3
2008-11-05,17.6,23.8,13.3,18.5,25.4,85,0.0,0.0,0.0,0.0,2.33,3.2
2008-11-06,17.6,19.7,15.9,19.0,21.5,92,21.6,21.6,0.0,17.0,2.47,4.8
2008-11-07,15.4,16.8,13.3,14.9,17.7,90,20.5,20.5,0.0,22.0,5.27,9.7
2008-11-08,12.3,15.1,9.0,9.7,12.2,74,1.6,1.6,0.0,7.0,5.72,11.1
2008-11-09,10.2,14.3,7.0,7.3,11.2,68,0.0,0.0,0.0,0.0,4.11,9.5
2008-11-10,9.5,14.0,6.5,6.5,10.7,65,0.0,0.0,0.0,0.0,3.61,8.0
2008-11-11,8.8,14.5,4.3,6.2,11.8,71,0.0,0.0,0.0,0.0,2.89,5.8
2008-11-12,10.7,17.2,4.6,8.5,14.7,75,0.0,0.0,0.0,0.0,2.95,7.0
2008-11-13,13.5,19.5,9.1,12.3,18.4,76,0.0,0.0,0.0,0.0,2.48,5.4
2008-11-14,14.0,20.8,8.7,13.4,20.9,82,0.0,0.0,0.0,0.0,2.84,5.2
2008-11-15,14.1,18.6,10.6,13.2,17.1,84,0.0,0.0,0.0,0.0,3.8,7.8
2008-11-16,13.2,15.4,11.3,11.9,13.7,77,0.0,0.0,0.0,0.0,2.91,6.2
2008-11-17,12.2,14.9,8.6,10.2,12.5,71,1.8,1.8,0.0,8.0,3.76,7.3
2008-11-18,8.5,12.4,4.9,5.4,8.8,67,0.0,0.0,0.0,0.0,4.57,8.7
2008-11-19,5.9,11.0,1.5,2.4,6.9,58,0.0,0.0,0.0,0.0,2.71,6.3
2008-11-20,6.2,13.2,1.3,2.6,9.0,61,0.0,0.0,0.0,0.0,3.02,6.9
2008-11-21,8.5,15.5,2.3,5.2,12.1,58,0.0,0.0,0.0,0.0,2.86,5.3
2008-11-22,10.3,12.5,8.1,8.0,11.1,69,1.8,1.8,0.0,5.0,3.45,6.1
2008-11-23,10.8,12.8,8.9,9.8,11.9,89,2.1,2.1,0.0,10.0,3.51,6.3
2008-11-24,10.4,14.0,7.3,8.1,11.7,81,0.0,0.0,0.0,0.0,3.83,7.4
2008-11-25,8.6,14.3,4.5,5.6,10.4,69,0.0,0.0,0.0,0.0,3.19,7.6
2008-11-26,8.1,13.7,3.9,5.3,11.1,70,0.0,0.0,0.0,0.0,3.74,6.0
2008-11-27,7.0,9.6,1.3,2.1,5.6,44,0.0,0.0,0.0,0.0,6.26,12.6
2008-11-28,5.1,11.4,-0.9,0.9,6.5,57,0.0,0.0,0.0,0.0,4.12,8.5
2008-11-29,6.8,13.9,2.0,3.1,10.2,58,0.0,0.0,0.0,0.0,3.69,6.8
2008-11-30,7.1,15.3,1.2,3.5,11.3,60,0.0,0.0,0.0,0.0,3.01,7.1
2008-12-01,9.7,18.6,3.3,6.3,14.6,61,0.0,0.0,0.0,0.0,4.6,9.7
2008-12-02,9.9,18.1,3.5,7.2,15.1,66,0.0,0.0,0.0,0.0,3.83,6.4
2008-12-03,11.2,17.6,7.4,8.5,15.0,67,0.0,0.0,0.0,0.0,3.61,6.4
2008-12-04,9.0,11.0,4.5,4.7,7.8,57,0.0,0.0,0.0,0.0,6.3,12.1
2008-12-05,1.3,4.2,-1.0,-3.8,-1.2,36,0.0,0.0,0.0,0.0,4.85,10.9
2008-12-06,0.5,5.7,-3.5,-3.6,1.4,48,0.0,0.0,0.0,0.0,3.05,4.9
2008-12-07,4.4,11.7,-2.1,-0.1,7.0,47,0.0,0.0,0.0,0.0,3.64,7.9
2008-12-08,8.9,15.1,3.5,4.8,10.4,54,0.0,0.0,0.0,0.0,4.61,9.9
2008-12-09,11.8,19.4,7.1,7.8,15.1,49,0.0,0.0,0.0,0.0,5.26,10.8
2008-12-10,11.7,21.4,4.8,8.5,17.8,56,0.0,0.0,0.0,0.0,4.74,7.9
2008-12-11,7.3,10.9,4.0,4.4,8.6,72,0.0,0.0,0.0,0.0,4.62,8.4
2008-12-12,7.5,13.3,3.1,4.6,10.7,81,0.0,0.0,0.0,0.0,4.24,9.5
2008-12-13,8.1,11.6,5.8,4.4,7.4,74,0.0,0.0,0.0,0.0,5.87,11.1
2008-12-14,5.4,9.1,1.3,2.0,5.6,59,0.0,0.0,0.0,0.0,3.51,6.9
2008-12-15,4.6,11.5,-0.5,1.1,8.2,72,0.0,0.0,0.0,0.0,2.82,5.7
2008-12-16,6.8,14.8,0.6,3.4,10.8,64,0.0,0.0,0.0,0.0,3.13,7.0
2008-12-17,8.8,16.3,3.6,5.7,13.2,66,0.0,0.0,0.0,0.0,3.69,7.8
2008-12-18,6.1,11.5,2.1,2.3,7.7,58,0.0,0.0,0.0,0.0,3.5,6.7
2008-12-19,8.5,15.2,3.0,5.2,11.7,68,0.0,0.0,0.0,0.0,4.25,8.4
2008-12-20,8.1,10.2,5.6,5.3,7.8,81,0.3,0.3,0.0,2.0,4.12,9.1
2008-12-21,3.7,8.0,-3.5,-1.2,5.2,68,4.0,4.0,0.0,7.0,7.98,15.1
2008-12-22,-4.5,-2.4,-7.0,-9.7,-6.8,46,0.0,0.0,0.0,0.0,6.2,11.4
2008-12-23,-0.2,3.8,-5.3,-4.4,-0.5,43,0.0,0.0,0.0,0.0,2.3,4.3
2008-12-24,3.6,8.8,0.3,-0.6,4.0,51,0.0,0.0,0.0,0.0,3.62,8.3
2008-12-25,2.6,8.5,-1.5,-1.8,3.5,54,0.0,0.0,0.0,0.0,3.86,8.4
2008-12-26,2.6,6.2,-2.4,-1.9,1.7,60,0.0,0.0,0.0,0.0,4.72,9.1
2008-12-27,5.8,9.1,2.6,2.9,6.9,79,0.0,0.0,0.0,0.0,3.44,7.6
2008-12-28,7.1,7.6,6.1,4.9,6.2,95,7.2,7.2,0.0,9.0,3.19,6.6
2008-12-29,4.8,6.1,2.2,1.4,3.1,85,0.0,0.0,0.0,0.0,4.59,9.1
2008-12-30,3.0,6.7,-0.8,-1.0,2.1,54,0.0,0.0,0.0,0.0,2.98,6.8
2008-12-31,0.6,4.8,-2.6,-3.9,-0.4,57,0.0,0.0,0.0,0.0,4.03,8.7
2009-01-01,-1.1,2.7,-3.9,-5.6,-2.4,57,0.0,0.0,0.0,0.0,3.61,8.2
2009-01-02,-1.3,3.7,-5.3,-5.2,-0.1,69,0.0,0.0,0.0,0.0,2.55,5.7
2009-01-03,1.9,5.6,-2.2,-1.8,1.7,70,0.0,0.0,0.0,0.0,3.03,7.5
2009-01-04,2.6,3.4,1.2,-0.2,0.7,91,3.5,3.2,0.21,9.0,2.28,5.0
2009-01-05,4.2,6.1,2.2,1.0,2.8,84,0.9,0.9,0.0,5.0,3.62,7.5
2009-01-06,1.6,4.3,0.6,-2.2,0.9,97,11.7,8.1,2.52,24.0,4.05,7.9
2009-01-07,1.6,4.3,-1.0,-1.9,0.7,82,0.6,0.3,0.21,6.0,2.96,6.2
2009-01-08,1.5,4.0,-0.4,-2.0,0.3,80,0.0,0.0,0.0,0.0,2.73,5.9
2009-01-09,0.5,3.0,-2.4,-4.4,-2.9,67,0.0,0.0,0.0,0.0,6.61,13.1
2009-01-10,-1.7,2.9,-5.2,-6.1,-1.7,54,0.0,0.0,0.0,0.0,2.95,6.6
2009-01-11,0.8,7.7,-5.1,-3.5,3.4,64,0.0,0.0,0.0,0.0,4.24,8.1
2009-01-12,-1.7,1.5,-4.4,-6.5,-3.6,57,0.0,0.0,0.0,0.0,4.03,8.5
2009-01-13,-1.2,5.0,-6.5,-5.7,-0.0,54,0.0,0.0,0.0,0.0,3.21,7.5
2009-01-14,0.0,6.4,-5.3,-4.3,1.8,61,0.0,0.0,0.0,0.0,3.26,7.4
2009-01-15,-0.2,6.0,-5.2,-4.4,1.6,63,0.0,0.0,0.0,0.0,3.08,6.7
2009-01-16,3.3,11.0,-2.6,-0.3,7.7,65,0.0,0.0,0.0,0.0,2.88,6.1
2009-01-17,5.4,11.5,-0.4,2.1,8.8,63,0.0,0.0,0.0,0.0,2.6,4.9
2009-01-18,7.4,12.8,2.4,3.8,8.8,56,0.0,0.0,0.0,0.0,3.64,8.8
2009-01-19,4.9,9.6,-0.0,0.6,4.7,59,0.4,0.4,0.0,3.0,5.42,10.0
2009-01-20,6.8,10.6,2.9,4.3,8.9,79,2.0,2.0,0.0,7.0,3.2,6.7
2009-01-21,7.4,10.9,4.8,4.8,8.5,82,4.6,4.6,0.0,8.0,3.33,6.7
2009-01-22,7.6,14.7,2.2,4.3,12.2,76,0.0,0.0,0.0,0.0,8.37,17.0
2009-01-23,-2.1,2.3,-6.0,-8.4,-4.3,30,0.0,0.0,0.0,0.0,6.94,14.0
2009-01-24,-3.7,0.7,-8.1,-9.0,-5.2,38,0.0,0.0,0.0,0.0,5.6,11.4
2009-01-25,-0.2,6.5,-5.2,-5.1,1.0,52,0.0,0.0,0.0,0.0,4.38,9.6
2009-01-26,2.2,7.9,-1.6,-1.6,4.2,61,0.0,0.0,0.0,0.0,2.7,5.9
2009-01-27,3.3,10.9,-3.3,-0.8,7.1,58,0.0,0.0,0.0,0.0,3.66,6.6
2009-01-28,6.6,13.3,-0.3,3.2,10.0,69,0.0,0.0,0.0,0.0,3.5,7.4
2009-01-29,8.3,9.6,7.1,6.6,7.7,90,1.8,1.8,0.0,9.0,2.55,5.5
2009-01-30,6.8,9.3,1.9,4.1,6.3,87,0.8,0.8,0.0,4.0,3.3,7.8
2009-01-31,4.4,9.8,1.2,1.4,6.8,83,0.0,0.0,0.0,0.0,3.11,6.4
2009-02-01,6.9,11.2,2.6,3.7,8.1,80,0.0,0.0,0.0,0.0,4.79,11.1
2009-02-02,8.6,11.0,6.8,6.9,9.0,85,2.8,2.8,0.0,8.0,1.98,5.0
2009-02-03,7.2,8.4,6.2,5.1,6.1,90,0.0,0.0,0.0,0.0,3.08,6.5
2009-02-04,8.7,11.2,6.9,7.2,10.0,85,0.0,0.0,0.0,0.0,2.28,4.6
2009-02-05,9.2,12.0,6.1,7.1,9.6,82,0.0,0.0,0.0,0.0,3.0,6.5
2009-02-06,9.4,11.6,8.0,7.4,10.1,82,0.0,0.0,0.0,0.0,2.62,5.9
2009-02-07,9.3,10.4,8.1,7.0,8.1,82,0.9,0.9,0.0,6.0,3.5,6.8
2009-02-08,9.1,12.2,6.4,6.0,8.7,74,0.3,0.3,0.0,1.0,4.46,9.0
2009-02-09,8.2,11.2,5.3,5.6,9.3,82,3.7,3.7,0.0,5.0,4.27,8.6
2009-02-10,9.7,17.1,3.5,7.0,14.2,73,0.0,0.0,0.0,0.0,4.31,9.5
2009-02-11,13.3,20.8,6.3,11.2,19.6,69,0.0,0.0,0.0,0.0,4.83,8.4
2009-02-12,19.4,27.9,11.5,16.9,24.6,56,0.0,0.0,0.0,0.0,8.02,14.3
2009-02-13,15.1,19.9,8.3,12.7,17.9,70,1.6,1.6,0.0,7.0,5.32,10.5
2009-02-14,7.9,10.2,4.6,5.0,8.0,73,0.0,0.0,0.0,0.0,3.74,8.0
2009-02-15,7.4,8.8,3.0,4.1,6.8,84,6.9,6.9,0.0,12.0,5.92,12.4
2009-02-16,4.1,5.8,2.4,-0.3,1.3,79,2.5,2.5,0.0,12.0,5.8,11.3
2009-02-17,4.7,7.7,1.9,0.1,2.8,75,5.8,5.6,0.14,9.0,6.22,12.7
2009-02-18,4.4,6.0,1.9,0.4,2.4,89,5.0,5.0,0.0,11.0,5.15,10.0
2009-02-19,5.4,6.2,4.3,2.2,3.8,94,10.6,10.6,0.0,17.0,5.2,9.4
2009-02-20,5.2,9.3,2.0,1.5,5.6,66,0.0,0.0,0.0,0.0,4.18,9.3
2009-02-21,7.7,12.9,1.9,4.3,10.6,69,0.0,0.0,0.0,0.0,4.61,9.9
2009-02-22,7.9,9.3,5.8,5.5,7.4,92,12.4,12.4,0.0,15.0,5.19,10.1
2009-02-23,5.8,6.7,4.7,2.3,3.9,84,4.1,4.1,0.0,5.0,4.54,9.4
2009-02-24,7.0,8.1,6.1,4.5,5.6,90,12.7,12.7,0.0,10.0,4.7,9.4
2009-02-25,5.0,6.4,2.0,0.6,2.5,81,1.2,1.2,0.0,7.0,6.52,13.1
2009-02-26,2.1,2.5,1.8,-2.2,-1.4,90,10.9,10.9,0.0,13.0,5.69,10.4
2009-02-27,2.8,3.8,1.6,-0.4,0.7,91,3.1,3.1,0.0,12.0,3.44,7.0
2009-02-28,5.3,8.2,2.9,2.4,5.2,70,0.0,0.0,0.0,0.0,2.7,6.2
2009-03-01,6.2,8.8,3.4,2.6,4.4,66,0.0,0.0,0.0,0.0,4.46,9.0
2009-03-02,3.6,5.7,2.1,-0.2,1.3,87,15.2,14.1,0.77,19.0,4.95,9.4
2009-03-03,2.8,4.2,1.0,-0.1,1.6,86,0.0,0.0,0.0,0.0,3.12,5.8
2009-03-04,5.1,8.5,0.3,1.7,5.7,81,1.8,1.8,0.0,4.0,4.79,9.6
2009-03-05,6.6,8.6,4.0,3.8,5.3,86,2.8,2.8,0.0,5.0,4.69,9.4
2009-03-06,6.9,11.7,2.2,3.8,8.9,68,0.0,0.0,0.0,0.0,4.02,9.8
2009-03-07,5.7,9.0,3.4,2.0,4.8,67,0.0,0.0,0.0,0.0,3.62,8.6
2009-03-08,7.8,12.6,2.0,5.3,10.5,71,0.0,0.0,0.0,0.0,2.66,6.9
2009-03-09,12.5,19.3,6.4,10.5,17.9,63,0.0,0.0,0.0,0.0,3.1,7.4
2009-03-10,12.2,17.8,8.5,9.6,15.7,70,0.0,0.0,0.0,0.0,5.28,10.4
2009-03-11,10.3,13.9,7.3,6.2,9.9,66,0.0,0.0,0.0,0.0,6.45,12.5
2009-03-12,10.1,12.1,7.9,7.7,11.3,91,8.3,8.3,0.0,15.0,5.43,10.1
2009-03-13,7.9,10.9,2.8,3.5,5.7,66,2.8,2.8,0.0,5.0,6.58,12.4
2009-03-14,7.5,12.9,3.0,4.3,9.8,56,0.0,0.0,0.0,0.0,3.75,8.5
2009-03-15,11.5,18.6,4.3,8.2,15.9,57,0.0,0.0,0.0,0.0,4.88,10.6
2009-03-16,14.6,22.4,7.9,12.9,21.8,63,0.0,0.0,0.0,0.0,3.08,6.2
2009-03-17,16.9,24.6,9.7,15.5,23.8,63,0.0,0.0,0.0,0.0,4.2,9.0
2009-03-18,19.5,26.1,13.6,19.4,26.3,66,0.0,0.0,0.0,0.0,3.23,7.1
2009-03-19,18.5,24.3,10.8,18.3,25.0,74,0.4,0.4,0.0,2.0,5.61,10.7
2009-03-20,13.3,18.3,8.3,10.3,16.5,65,0.1,0.1,0.0,1.0,6.11,11.1
2009-03-21,15.5,19.6,12.2,14.9,20.5,86,28.6,28.6,0.0,12.0,5.99,14.4
2009-03-22,13.9,17.0,8.0,11.8,17.8,75,2.0,2.0,0.0,4.0,5.38,11.4
2009-03-23,6.7,7.7,4.5,3.3,4.8,72,1.2,1.2,0.0,5.0,4.64,9.2
2009-03-24,8.9,14.0,2.8,6.6,12.4,76,0.0,0.0,0.0,0.0,6.45,12.0
2009-03-25,8.5,12.8,5.0,5.6,11.2,57,0.0,0.0,0.0,0.0,5.74,11.7
2009-03-26,12.7,19.8,5.7,9.7,17.6,58,0.2,0.2,0.0,1.0,4.88,8.9
2009-03-27,9.4,12.2,7.3,5.9,9.4,85,8.6,8.6,0.0,14.0,6.09,12.9
2009-03-28,8.6,10.7,7.3,5.7,7.9,75,3.0,3.0,0.0,11.0,4.28,9.1
2009-03-29,9.8,13.5,7.0,7.4,11.4,66,0.0,0.0,0.0,0.0,3.62,7.8
2009-03-30,10.5,15.7,4.8,8.0,13.7,64,0.0,0.0,0.0,0.0,3.84,8.6
2009-03-31,9.4,13.6,6.3,6.7,13.5,77,0.0,0.0,0.0,0.0,5.44,10.5
2009-04-01,7.8,13.1,2.5,4.8,10.4,61,0.0,0.0,0.0,0.0,4.01,9.1
2009-04-02,9.3,13.0,5.1,5.6,9.7,54,0.0,0.0,0.0,0.0,5.49,11.4
2009-04-03,12.6,16.1,9.1,10.9,15.8,67,1.0,1.0,0.0,3.0,3.66,8.1
2009-04-04,12.1,13.9,10.6,11.5,13.0,90,14.9,14.9,0.0,23.0,2.0,4.7
2009-04-05,13.9,18.5,9.8,13.2,18.9,74,0.0,0.0,0.0,0.0,2.75,6.2
2009-04-06,14.7,21.9,8.1,13.2,21.2,66,0.0,0.0,0.0,0.0,2.91,6.3
2009-04-07,16.4,22.2,10.1,14.6,20.2,58,0.0,0.0,0.0,0.0,3.44,6.7
2009-04-08,16.7,22.9,10.2,15.1,22.2,56,0.0,0.0,0.0,0.0,3.91,8.1
2009-04-09,17.2,24.0,9.8,15.2,22.1,54,0.0,0.0,0.0,0.0,4.79,9.7
2009-04-10,18.0,24.3,11.2,16.1,23.0,60,0.0,0.0,0.0,0.0,4.98,10.6
2009-04-11,19.5,25.2,14.6,19.2,26.7,71,0.0,0.0,0.0,0.0,4.77,8.9
2009-04-12,20.3,25.6,15.7,21.2,28.0,75,0.3,0.3,0.0,1.0,3.4,6.5
2009-04-13,18.2,22.1,15.7,18.8,21.2,85,7.4,7.4,0.0,10.0,3.75,8.7
2009-04-14,19.1,23.7,15.4,20.2,27.4,80,0.0,0.0,0.0,0.0,3.32,5.8
2009-04-15,20.8,28.5,12.1,20.4,29.8,67,0.0,0.0,0.0,0.0,7.09,13.3
2009-04-16,12.1,14.6,10.3,9.4,12.4,75,2.1,2.1,0.0,5.0,5.38,10.7
2009-04-17,15.1,20.7,9.2,13.2,20.2,71,0.0,0.0,0.0,0.0,4.87,10.3
2009-04-18,19.9,26.2,13.4,19.5,27.7,72,0.0,0.0,0.0,0.0,4.83,9.8
2009-04-19,19.5,20.8,18.8,20.0,21.6,86,17.6,17.6,0.0,12.0,4.88,9.2
2009-04-20,18.0,20.1,14.7,17.2,20.8,81,2.1,2.1,0.0,7.0,7.47,15.5
2009-04-21,18.7,24.3,12.6,18.8,26.3,69,0.0,0.0,0.0,0.0,2.47,6.8
2009-04-22,20.1,25.4,15.3,19.2,25.5,60,0.0,0.0,0.0,0.0,5.23,9.4
2009-04-23,18.3,21.5,15.2,16.5,19.3,68,6.3,6.3,0.0,6.0,5.73,10.4
2009-04-24,17.0,19.3,15.1,16.8,19.3,85,10.5,10.5,0.0,10.0,5.14,9.4
2009-04-25,16.6,20.9,12.8,15.1,18.5,62,0.0,0.0,0.0,0.0,5.24,10.8
2009-04-26,16.0,20.7,9.9,14.3,19.3,51,0.0,0.0,0.0,0.0,3.31,7.6
2009-04-27,16.7,22.1,9.9,15.6,22.6,55,0.0,0.0,0.0,0.0,2.31,4.6
2009-04-28,19.6,26.3,12.0,18.4,26.5,51,0.0,0.0,0.0,0.0,3.41,6.5
2009-04-29,21.1,27.2,15.4,20.0,27.6,52,0.0,0.0,0.0,0.0,4.65,8.8
2009-04-30,20.4,25.7,14.8,20.0,26.2,62,0.0,0.0,0.0,0.0,3.52,7.8
2009-05-01,22.7,27.3,18.5,23.2,29.0,64,0.0,0.0,0.0,0.0,3.64,8.4
2009-05-02,17.9,20.7,15.2,18.5,20.9,83,14.4,14.4,0.0,13.0,3.2,6.5
2009-05-03,18.0,23.9,11.9,17.9,24.3,71,0.0,0.0,0.0,0.0,2.94,6.2
2009-05-04,18.4,25.3,10.2,18.0,25.6,64,0.0,0.0,0.0,0.0,3.16,6.4
2009-05-05,20.1,25.6,15.0,19.4,25.2,65,0.0,0.0,0.0,0.0,5.04,10.6
2009-05-06,21.5,27.6,15.0,20.4,26.4,54,0.0,0.0,0.0,0.0,4.34,8.9
2009-05-07,22.3,29.4,14.8,21.9,29.9,53,0.0,0.0,0.0,0.0,3.28,7.4
2009-05-08,24.0,31.4,15.2,24.0,32.7,50,0.0,0.0,0.0,0.0,3.05,6.3
2009-05-09,25.4,32.9,17.2,25.7,33.5,51,0.0,0.0,0.0,0.0,4.11,9.4
2009-05-10,26.3,33.5,19.2,27.0,34.3,55,0.0,0.0,0.0,0.0,5.14,11.0
2009-05-11,26.1,32.5,19.4,28.4,35.8,66,0.0,0.0,0.0,0.0,3.32,10.6
2009-05-12,20.5,23.5,18.4,22.0,26.5,88,7.2,7.2,0.0,12.0,3.99,8.2
2009-05-13,20.9,26.0,16.7,19.7,24.5,57,0.0,0.0,0.0,0.0,4.96,10.7
2009-05-14,19.0,21.2,16.2,16.6,18.8,52,0.4,0.4,0.0,1.0,4.83,9.8
2009-05-15,23.4,30.4,17.4,24.4,33.6,63,2.7,2.7,0.0,5.0,4.62,11.1
2009-05-16,16.0,18.5,14.0,16.2,19.3,93,18.7,18.7,0.0,13.0,3.61,12.1
2009-05-17,19.4,24.5,14.5,20.1,25.4,77,0.0,0.0,0.0,0.0,3.26,7.8
2009-05-18,22.0,26.5,16.1,23.3,28.9,67,0.0,0.0,0.0,0.0,2.5,6.7
2009-05-19,22.8,28.5,15.0,24.1,30.6,64,0.0,0.0,0.0,0.0,2.64,5.5
2009-05-20,18.3,22.7,15.3,18.5,23.2,86,13.7,13.7,0.0,15.0,4.91,10.6
2009-05-21,19.9,25.6,15.1,20.4,26.9,75,0.0,0.0,0.0,0.0,5.22,10.0
2009-05-22,23.7,30.4,16.5,25.1,33.4,67,0.0,0.0,0.0,0.0,5.12,8.7
2009-05-23,20.1,23.1,17.7,21.0,23.7,76,0.5,0.5,0.0,3.0,4.01,7.1
2009-05-24,22.2,28.6,15.4,22.6,29.6,62,0.0,0.0,0.0,0.0,3.41,7.3
2009-05-25,19.7,21.6,16.6,19.7,21.1,73,5.6,5.6,0.0,9.0,3.98,8.9
2009-05-26,20.6,25.6,15.8,20.5,24.8,73,0.0,0.0,0.0,0.0,5.21,12.1
2009-05-27,22.1,28.5,15.1,22.4,28.4,62,0.0,0.0,0.0,0.0,4.47,9.9
2009-05-28,24.3,30.5,18.4,24.4,31.1,52,0.0,0.0,0.0,0.0,3.01,7.0
2009-05-29,24.5,29.8,18.2,24.7,29.9,52,0.0,0.0,0.0,0.0,3.03,6.8
2009-05-30,26.1,30.7,21.7,26.4,31.5,49,0.0,0.0,0.0,0.0,3.11,6.7
2009-05-31,26.0,31.0,19.7,26.3,31.7,48,0.0,0.0,0.0,0.0,2.5,7.3
2009-06-01,25.8,31.8,17.9,25.8,31.6,47,0.0,0.0,0.0,0.0,3.77,8.8
2009-06-02,22.5,25.3,18.1,22.8,26.0,67,0.0,0.0,0.0,0.0,5.68,10.5
2009-06-03,24.7,32.0,17.0,26.7,35.7,64,0.0,0.0,0.0,0.0,2.09,5.0
2009-06-04,26.5,33.3,20.5,28.2,36.2,57,0.7,0.7,0.0,2.0,4.57,8.0
2009-06-05,26.0,34.3,19.2,27.0,35.3,59,1.5,1.5,0.0,3.0,5.66,11.6
2009-06-06,25.1,31.1,18.0,26.6,34.4,61,0.0,0.0,0.0,0.0,3.26,7.8
2009-06-07,28.1,33.3,23.8,30.2,37.0,56,0.0,0.0,0.0,0.0,3.32,6.8
2009-06-08,24.4,26.7,22.6,27.3,29.4,83,12.3,12.3,0.0,12.0,4.95,10.5
2009-06-09,22.6,23.9,21.7,26.2,27.5,92,37.9,37.9,0.0,13.0,3.66,7.7
2009-06-10,25.4,29.7,21.8,28.7,33.4,75,0.2,0.2,0.0,1.0,2.56,6.7
2009-06-11,26.6,30.3,21.9,29.8,34.0,72,0.1,0.1,0.0,1.0,3.61,8.0
2009-06-12,25.1,27.1,22.4,27.9,29.6,78,0.0,0.0,0.0,0.0,3.64,7.2
2009-06-13,25.9,31.6,20.1,28.9,35.0,68,0.6,0.6,0.0,1.0,2.19,5.7
2009-06-14,25.9,32.0,21.3,28.9,37.1,70,0.4,0.4,0.0,2.0,3.58,8.1
2009-06-15,26.1,31.6,21.4,29.0,34.9,68,0.0,0.0,0.0,0.0,2.62,6.8
2009-06-16,27.7,32.3,23.3,31.5,36.8,73,0.0,0.0,0.0,0.0,3.83,7.7
2009-06-17,28.2,32.7,24.0,32.6,38.6,73,0.4,0.4,0.0,1.0,3.8,7.2
2009-06-18,29.1,34.0,24.3,32.9,37.8,68,0.0,0.0,0.0,0.0,4.8,8.6
2009-06-19,30.2,34.8,25.3,34.8,40.4,70,0.0,0.0,0.0,0.0,4.55,8.2
2009-06-20,29.5,33.9,27.1,35.3,40.2,77,11.5,11.5,0.0,8.0,3.58,11.2
2009-06-21,28.6,33.2,26.0,35.0,40.5,83,14.5,14.5,0.0,13.0,2.92,10.2
2009-06-22,29.1,33.4,25.9,34.0,38.7,73,1.7,1.7,0.0,2.0,3.85,7.7
2009-06-23,27.6,32.2,22.0,30.1,35.9,58,0.0,0.0,0.0,0.0,3.31,6.0
2009-06-24,29.8,34.6,24.1,33.1,39.3,60,0.0,0.0,0.0,0.0,3.83,8.1
2009-06-25,30.7,36.0,25.2,34.7,41.1,62,0.0,0.0,0.0,0.0,3.97,7.1
2009-06-26,26.8,30.8,23.9,29.6,34.6,74,0.3,0.3,0.0,2.0,5.1,11.1
2009-06-27,28.9,34.0,23.8,33.8,40.1,76,4.0,4.0,0.0,3.0,4.16,11.7
2009-06-28,29.8,33.6,26.7,34.3,38.7,71,5.2,5.2,0.0,6.0,5.86,11.6
2009-06-29,25.6,26.7,24.7,30.6,32.0,91,32.5,32.5,0.0,23.0,3.4,7.0
2009-06-30,23.0,25.7,20.8,26.4,30.9,92,88.7,88.7,0.0,20.0,6.27,12.9
2009-07-01,25.0,30.2,19.8,29.1,35.3,79,0.0,0.0,0.0,0.0,2.16,5.5
2009-07-02,27.3,31.9,23.4,31.8,37.5,73,0.0,0.0,0.0,0.0,2.6,6.3
2009-07-03,27.6,31.9,23.3,31.8,36.8,70,0.2,0.2,0.0,1.0,2.24,4.7
2009-07-04,28.2,32.2,23.2,31.9,36.7,68,0.0,0.0,0.0,0.0,3.18,6.5
2009-07-05,28.1,32.2,24.0,31.8,37.3,72,1.9,1.9,0.0,2.0,3.92,8.0
2009-07-06,27.8,31.8,25.5,33.0,37.6,84,17.5,17.5,0.0,15.0,3.45,10.0
2009-07-07,27.5,29.8,26.4,33.6,36.1,87,10.6,10.6,0.0,18.0,2.73,9.0
2009-07-08,30.4,34.5,26.6,35.6,39.0,74,0.0,0.0,0.0,0.0,5.17,11.4
2009-07-09,30.6,33.8,27.8,35.2,38.5,70,0.0,0.0,0.0,0.0,5.39,11.6
2009-07-10,28.2,32.3,25.8,33.7,39.0,83,1.5,1.5,0.0,5.0,3.47,7.9
2009-07-11,29.8,34.3,26.5,36.4,42.2,81,3.0,3.0,0.0,4.0,3.2,8.1
2009-07-12,28.7,32.0,26.6,34.1,37.9,79,0.0,0.0,0.0,0.0,3.26,6.8
2009-07-13,30.6,35.2,26.2,36.8,43.1,77,0.0,0.0,0.0,0.0,4.79,9.9
2009-07-14,30.7,34.0,28.2,36.2,41.5,71,0.8,0.8,0.0,3.0,5.19,10.2
2009-07-15,29.0,31.6,26.6,35.5,40.0,83,2.2,2.2,0.0,8.0,2.56,5.9
2009-07-16,30.8,34.7,27.2,37.2,41.4,76,0.0,0.0,0.0,0.0,3.89,9.5
2009-07-17,32.7,36.9,28.7,38.7,43.0,69,0.0,0.0,0.0,0.0,4.92,8.9
2009-07-18,32.2,36.0,29.5,37.9,42.9,67,0.0,0.0,0.0,0.0,3.75,8.1
2009-07-19,32.0,35.8,27.9,38.8,43.9,70,0.0,0.0,0.0,0.0,2.4,4.3
2009-07-20,32.7,36.0,29.4,37.4,39.8,64,0.0,0.0,0.0,0.0,6.04,12.1
2009-07-21,31.7,35.6,27.1,36.6,40.3,68,6.2,6.2,0.0,6.0,5.24,14.1
2009-07-22,25.2,27.3,23.3,29.5,33.0,93,34.8,34.8,0.0,24.0,4.61,10.3
2009-07-23,26.7,30.2,25.1,31.9,35.1,90,20.6,20.6,0.0,23.0,4.24,10.6
2009-07-24,26.2,29.3,23.0,29.9,33.5,81,31.1,31.1,0.0,9.0,5.48,9.4
2009-07-25,26.8,30.5,23.5,30.9,35.8,76,0.0,0.0,0.0,0.0,3.54,7.2
2009-07-26,27.2,30.6,23.5,31.4,35.2,76,0.0,0.0,0.0,0.0,2.63,7.0
2009-07-27,25.0,26.1,22.9,28.7,29.9,86,18.6,18.6,0.0,15.0,4.84,9.7
2009-07-28,23.7,26.3,21.2,26.3,30.2,84,71.1,71.1,0.0,13.0,5.42,10.2
2009-07-29,24.6,26.7,21.7,28.2,29.7,85,1.0,1.0,0.0,2.0,3.49,8.0
2009-07-30,24.3,25.5,23.5,28.6,30.0,94,36.1,36.1,0.0,19.0,3.53,8.4
2009-07-31,25.8,27.5,24.1,31.1,33.9,91,10.4,10.4,0.0,20.0,2.5,6.2
2009-08-01,26.5,29.7,24.7,31.7,36.2,87,22.2,22.2,0.0,11.0,2.87,6.0
2009-08-02,25.9,28.7,24.2,29.8,32.6,85,0.7,0.7,0.0,3.0,5.37,10.3
2009-08-03,24.4,25.4,23.0,27.5,28.6,87,0.1,0.1,0.0,1.0,4.97,9.1
2009-08-04,26.0,28.7,24.2,30.3,33.2,88,7.2,7.2,0.0,9.0,4.65,9.4
2009-08-05,26.7,29.8,24.7,31.6,35.9,90,13.7,13.7,0.0,15.0,4.49,9.5
2009-08-06,26.8,28.6,25.0,30.8,32.8,85,5.1,5.1,0.0,7.0,4.73,9.9
2009-08-07,27.1,30.3,24.8,31.1,35.5,87,7.9,7.9,0.0,5.0,6.26,13.1
2009-08-08,27.8,30.4,26.3,31.5,34.2,83,2.3,2.3,0.0,7.0,6.99,14.1
2009-08-09,27.8,30.3,26.1,30.6,33.1,79,0.2,0.2,0.0,1.0,7.38,14.6
2009-08-10,25.4,26.1,24.6,27.9,28.7,92,51.5,51.5,0.0,24.0,8.06,16.9
2009-08-11,25.7,27.5,24.1,28.8,31.1,90,6.9,6.9,0.0,12.0,6.69,12.1
2009-08-12,27.9,32.0,24.3,33.2,37.1,80,0.0,0.0,0.0,0.0,2.62,6.1
2009-08-13,28.0,31.7,25.2,33.7,38.5,82,0.0,0.0,0.0,0.0,2.2,5.2
2009-08-14,28.5,32.3,25.4,34.5,38.6,81,0.1,0.1,0.0,1.0,1.84,4.8
2009-08-15,28.6,32.4,25.7,34.6,38.6,83,3.1,3.1,0.0,8.0,2.97,6.7
2009-08-16,28.7,32.4,25.8,34.4,39.6,82,3.5,3.5,0.0,7.0,3.27,6.8
2009-08-17,29.3,33.3,25.9,35.1,39.9,80,0.8,0.8,0.0,4.0,3.18,7.2
2009-08-18,29.4,32.3,26.9,35.4,38.8,80,0.4,0.4,0.0,2.0,2.94,6.6
2009-08-19,31.0,35.5,26.3,37.1,42.2,73,0.1,0.1,0.0,1.0,3.68,8.4
2009-08-20,29.9,34.4,27.3,36.3,41.9,78,4.1,4.1,0.0,6.0,2.5,6.2
2009-08-21,29.2,33.5,26.4,35.8,41.6,83,8.0,8.0,0.0,8.0,2.85,6.0
2009-08-22,28.9,33.1,26.4,35.4,42.3,84,7.2,7.2,0.0,8.0,3.4,6.5
2009-08-23,27.1,29.9,25.2,32.7,35.9,88,0.7,0.7,0.0,2.0,2.55,7.0
2009-08-24,27.2,29.8,25.5,32.6,35.5,86,2.7,2.7,0.0,7.0,3.23,6.8
2009-08-25,29.0,33.2,25.1,34.6,40.4,78,0.0,0.0,0.0,0.0,2.66,6.2
2009-08-26,30.5,35.4,26.5,36.7,42.2,77,0.8,0.8,0.0,2.0,3.42,9.2
2009-08-27,29.6,34.1,26.7,35.6,40.6,78,2.5,2.5,0.0,5.0,3.61,10.8
2009-08-28,28.1,31.6,25.6,32.1,36.2,76,0.0,0.0,0.0,0.0,4.96,9.0
2009-08-29,23.3,25.5,18.8,24.2,27.8,82,17.4,17.4,0.0,19.0,6.62,12.6
2009-08-30,18.5,19.4,17.4,19.2,21.5,92,10.1,10.1,0.0,19.0,5.69,11.6
2009-08-31,20.3,21.7,18.7,22.7,24.8,90,6.6,6.6,0.0,19.0,2.42,5.5
2009-09-01,23.2,26.2,20.5,26.8,30.3,88,5.4,5.4,0.0,11.0,2.06,5.6
2009-09-02,25.9,30.4,23.0,30.1,35.3,85,1.8,1.8,0.0,1.0,3.9,7.4
2009-09-03,26.4,30.2,22.9,29.7,33.5,79,0.0,0.0,0.0,0.0,4.63,8.7
2009-09-04,26.8,30.9,23.8,30.4,34.7,79,0.0,0.0,0.0,0.0,4.38,8.8
2009-09-05,27.6,32.0,24.1,32.1,38.0,79,0.0,0.0,0.0,0.0,3.81,8.2
2009-09-06,28.0,32.0,24.5,32.6,37.5,78,0.0,0.0,0.0,0.0,3.64,6.6
2009-09-07,26.3,29.7,23.8,30.0,34.0,78,0.0,0.0,0.0,0.0,3.31,7.3
2009-09-08,23.4,25.1,22.5,25.4,27.4,80,0.0,0.0,0.0,0.0,3.81,7.8
2009-09-09,22.4,24.4,21.1,23.4,24.6,71,0.0,0.0,0.0,0.0,3.35,7.1
2009-09-10,23.6,27.7,20.6,25.9,30.9,74,0.0,0.0,0.0,0.0,2.55,5.3
2009-09-11,25.2,29.6,21.2,28.8,34.9,76,0.0,0.0,0.0,0.0,2.43,5.4
2009-09-12,22.4,25.3,19.7,23.8,26.9,74,0.0,0.0,0.0,0.0,3.41,6.4
2009-09-13,23.2,27.7,20.0,24.6,29.8,68,0.0,0.0,0.0,0.0,3.1,7.3
2009-09-14,24.0,28.0,20.7,26.3,32.3,77,1.1,1.1,0.0,2.0,4.0,7.8
2009-09-15,21.6,22.7,20.8,24.0,24.9,89,3.3,3.3,0.0,6.0,3.18,7.4
2009-09-16,22.7,24.7,21.4,25.0,27.2,85,3.0,3.0,0.0,6.0,4.43,9.4
2009-09-17,22.4,23.9,21.6,25.8,28.6,93,21.1,21.1,0.0,22.0,2.89,9.0
2009-09-18,22.2,23.2,21.2,24.4,26.4,89,5.7,5.7,0.0,20.0,5.23,9.6
2009-09-19,23.5,28.2,19.5,24.7,28.8,74,0.0,0.0,0.0,0.0,5.03,9.7
2009-09-20,23.6,27.9,20.7,25.7,30.5,82,5.5,5.5,0.0,7.0,5.28,11.3
2009-09-21,20.5,21.9,18.6,22.2,24.2,92,17.0,17.0,0.0,14.0,4.71,8.1
2009-09-22,21.1,24.4,18.5,23.0,26.3,82,0.1,0.1,0.0,1.0,2.92,7.3
2009-09-23,22.7,26.5,18.9,25.4,29.6,84,0.0,0.0,0.0,0.0,2.62,7.0
2009-09-24,25.0,28.2,21.8,28.1,31.9,84,0.4,0.4,0.0,3.0,4.61,8.8
2009-09-25,24.3,27.4,21.0,27.2,31.3,83,8.4,8.4,0.0,7.0,5.22,10.7
2009-09-26,22.4,24.7,20.6,24.5,26.7,84,0.0,0.0,0.0,0.0,4.1,7.8
2009-09-27,22.5,24.1,21.2,25.1,26.4,86,1.3,1.3,0.0,4.0,3.71,7.5
2009-09-28,22.7,25.5,21.1,24.7,26.9,82,0.0,0.0,0.0,0.0,3.77,8.4
2009-09-29,22.1,24.9,20.3,23.3,25.2,79,0.1,0.1,0.0,1.0,5.14,10.4
2009-09-30,22.8,26.2,19.6,24.5,28.0,79,0.0,0.0,0.0,0.0,4.56,10.6
2009-10-01,22.8,27.3,19.5,25.1,29.4,81,0.0,0.0,0.0,0.0,2.52,6.1
2009-10-02,22.5,28.6,17.7,24.0,30.5,74,0.0,0.0,0.0,0.0,2.77,5.6
2009-10-03,22.2,28.5,16.4,23.3,29.6,69,0.0,0.0,0.0,0.0,2.44,5.2
2009-10-04,21.8,28.1,17.2,22.2,28.9,65,0.0,0.0,0.0,0.0,2.46,5.3
2009-10-05,21.8,28.2,16.6,22.5,29.0,67,0.0,0.0,0.0,0.0,2.6,6.3
2009-10-06,21.9,27.9,16.6,22.6,28.2,68,0.0,0.0,0.0,0.0,3.64,7.3
2009-10-07,20.8,25.5,17.3,20.4,24.3,65,0.0,0.0,0.0,0.0,4.74,9.8
2009-10-08,20.4,23.5,18.0,20.6,23.4,68,0.0,0.0,0.0,0.0,3.28,7.4
2009-10-09,19.5,22.3,17.9,19.9,22.2,70,0.0,0.0,0.0,0.0,2.42,6.4
2009-10-10,20.3,24.1,17.5,19.6,22.6,66,0.0,0.0,0.0,0.0,4.92,9.8
2009-10-11,19.5,23.2,17.1,19.2,22.4,66,0.0,0.0,0.0,0.0,3.77,7.2
2009-10-12,18.8,20.6,17.5,20.0,22.3,83,0.3,0.3,0.0,3.0,2.52,5.8
2009-10-13,18.8,22.2,16.7,20.0,23.0,85,0.6,0.6,0.0,3.0,2.66,6.9
2009-10-14,18.0,22.6,14.1,17.0,20.8,59,0.0,0.0,0.0,0.0,3.7,6.1
2009-10-15,17.4,24.1,10.2,16.6,23.8,66,0.0,0.0,0.0,0.0,2.59,5.6
2009-10-16,18.9,25.2,12.6,18.1,24.1,67,0.0,0.0,0.0,0.0,4.52,8.9
2009-10-17,18.7,24.5,13.5,17.2,22.6,50,0.0,0.0,0.0,0.0,3.67,8.7
2009-10-18,18.5,24.6,12.3,17.3,23.3,61,0.0,0.0,0.0,0.0,4.11,7.5
2009-10-19,18.0,22.0,15.0,16.1,19.1,53,0.0,0.0,0.0,0.0,4.16,8.1
2009-10-20,17.3,24.7,10.8,15.5,22.4,57,0.0,0.0,0.0,0.0,3.34,7.6
2009-10-21,20.0,27.4,13.1,19.4,26.9,58,0.0,0.0,0.0,0.0,2.36,4.6
2009-10-22,19.8,26.6,14.6,19.2,26.4,60,0.0,0.0,0.0,0.0,2.83,4.6
2009-10-23,19.1,26.1,13.8,18.7,25.1,67,0.0,0.0,0.0,0.0,3.32,6.9
2009-10-24,19.1,25.5,13.7,18.4,23.5,65,0.0,0.0,0.0,0.0,3.01,7.4
2009-10-25,18.1,25.1,13.0,17.7,24.8,69,0.0,0.0,0.0,0.0,2.69,6.1
2009-10-26,17.6,24.5,12.8,17.7,25.1,75,0.0,0.0,0.0,0.0,2.69,4.6
2009-10-27,18.4,22.7,15.2,17.7,21.4,67,0.0,0.0,0.0,0.0,3.72,9.2
2009-10-28,19.6,24.3,16.7,19.1,23.0,66,0.0,0.0,0.0,0.0,3.76,7.6
2009-10-29,19.7,23.6,15.8,20.9,25.0,79,7.8,7.8,0.0,11.0,2.31,6.7
2009-10-30,21.6,26.0,18.8,23.5,28.1,84,13.1,13.1,0.0,11.0,3.0,8.5
2009-10-31,20.3,26.4,14.2,20.8,28.8,80,4.6,4.6,0.0,9.0,7.24,13.8
2009-11-01,13.7,16.5,10.8,12.2,14.7,80,2.1,2.1,0.0,6.0,5.8,11.6
2009-11-02,7.4,12.4,2.1,2.9,9.7,61,0.0,0.0,0.0,0.0,7.89,15.0
2009-11-03,6.4,12.1,1.2,3.3,8.6,64,0.0,0.0,0.0,0.0,3.12,6.4
2009-11-04,12.0,19.3,6.5,9.6,16.3,64,0.0,0.0,0.0,0.0,3.28,7.1
2009-11-05,14.7,21.7,10.2,13.1,19.9,62,0.0,0.0,0.0,0.0,2.69,6.0
2009-11-06,15.5,23.7,9.1,14.1,22.2,68,0.0,0.0,0.0,0.0,2.93,5.9
2009-11-07,18.2,23.8,15.3,18.1,24.1,75,0.0,0.0,0.0,0.0,3.13,6.2
2009-11-08,19.6,25.7,15.3,20.6,27.1,77,0.0,0.0,0.0,0.0,2.42,3.7
2009-11-09,17.7,19.8,15.3,17.5,20.4,92,24.8,24.8,0.0,9.0,6.23,13.4
2009-11-10,10.9,15.0,8.6,7.7,12.9,86,17.5,17.5,0.0,11.0,7.18,14.4
2009-11-11,9.5,11.3,7.5,6.3,8.3,81,0.4,0.4,0.0,1.0,5.19,10.5
2009-11-12,9.2,12.5,3.8,6.4,11.0,90,12.8,12.8,0.0,10.0,6.09,11.8
2009-11-13,4.0,5.3,2.9,-0.1,1.1,85,0.2,0.2,0.0,2.0,5.47,10.4
2009-11-14,4.1,7.3,1.1,1.1,4.6,81,0.0,0.0,0.0,0.0,2.78,6.2
2009-11-15,5.1,7.1,1.4,1.2,2.7,78,7.2,7.1,0.07,9.0,5.1,10.7
2009-11-16,0.7,1.2,0.1,-4.3,-3.2,99,21.6,7.1,10.15,24.0,6.9,11.7
2009-11-17,-0.1,1.8,-2.5,-4.7,-2.5,78,0.9,0.0,0.63,3.0,5.17,10.2
2009-11-18,0.5,3.4,-3.3,-2.9,0.2,70,0.0,0.0,0.0,0.0,2.06,5.0
2009-11-19,2.7,6.1,0.4,-0.8,2.1,67,0.0,0.0,0.0,0.0,2.64,7.0
2009-11-20,4.1,8.0,1.5,0.7,4.2,68,0.0,0.0,0.0,0.0,3.26,7.2
2009-11-21,5.1,9.2,0.9,2.1,6.5,66,0.0,0.0,0.0,0.0,2.32,5.6
2009-11-22,6.0,12.8,0.9,2.7,9.3,72,0.0,0.0,0.0,0.0,2.92,6.9
2009-11-23,8.0,16.2,0.7,4.7,13.0,69,0.0,0.0,0.0,0.0,3.94,7.2
2009-11-24,10.4,18.6,5.1,8.0,16.5,73,0.0,0.0,0.0,0.0,3.33,7.0
2009-11-25,9.7,14.9,5.7,7.4,12.7,78,0.0,0.0,0.0,0.0,3.4,6.7
2009-11-26,10.2,14.6,7.1,8.5,14.0,88,0.0,0.0,0.0,0.0,3.51,8.6
2009-11-27,9.8,11.1,7.4,7.3,9.0,92,0.2,0.2,0.0,2.0,5.72,11.2
2009-11-28,5.7,7.5,3.9,2.0,3.4,89,12.9,12.9,0.0,20.0,5.3,10.3
2009-11-29,4.3,5.5,3.3,1.2,2.7,85,0.0,0.0,0.0,0.0,4.11,7.6
2009-11-30,4.9,7.5,2.5,2.3,5.2,80,0.0,0.0,0.0,0.0,2.28,5.8
2009-12-01,4.7,9.4,1.3,2.5,7.8,88,0.0,0.0,0.0,0.0,2.51,3.9
2009-12-02,4.8,7.1,2.9,2.2,4.7,90,0.0,0.0,0.0,0.0,2.68,5.5
2009-12-03,4.9,9.7,1.6,1.4,5.8,72,0.0,0.0,0.0,0.0,3.06,7.9
2009-12-04,5.7,11.1,-0.0,1.8,7.1,65,0.0,0.0,0.0,0.0,4.26,8.2
2009-12-05,5.1,9.0,1.5,1.6,5.7,58,0.0,0.0,0.0,0.0,3.75,8.0
2009-12-06,5.1,10.3,0.6,0.9,5.5,57,0.0,0.0,0.0,0.0,4.37,8.8
2009-12-07,9.2,13.4,5.3,6.0,10.2,72,0.5,0.5,0.0,2.0,5.25,10.9
2009-12-08,9.5,10.2,8.2,8.1,9.7,92,4.8,4.8,0.0,11.0,3.4,6.8
2009-12-09,8.8,10.2,7.9,6.8,7.8,88,0.4,0.4,0.0,1.0,3.05,7.8
2009-12-10,9.0,10.4,7.7,7.8,9.4,94,6.3,6.3,0.0,10.0,1.84,4.1
2009-12-11,9.4,10.2,8.1,8.2,9.1,90,0.0,0.0,0.0,0.0,2.32,3.6
2009-12-12,8.2,10.1,6.2,5.6,8.2,93,9.9,9.9,0.0,17.0,4.9,9.6
2009-12-13,5.1,6.2,4.2,2.0,3.3,89,3.9,3.9,0.0,5.0,4.85,9.4
2009-12-14,6.2,8.6,4.4,2.6,4.2,79,6.8,6.8,0.0,5.0,5.59,10.4
2009-12-15,3.6,4.9,1.9,-0.5,0.6,91,19.4,19.4,0.0,18.0,6.01,11.4
2009-12-16,3.1,5.6,0.5,-0.1,2.5,76,0.0,0.0,0.0,0.0,2.96,5.8
2009-12-17,3.2,5.9,0.3,-0.3,1.4,78,0.0,0.0,0.0,0.0,4.27,8.2
2009-12-18,0.2,3.5,-2.0,-4.0,-1.4,66,0.0,0.0,0.0,0.0,3.62,7.9
2009-12-19,-0.4,3.7,-3.8,-4.6,-1.1,63,0.0,0.0,0.0,0.0,3.5,8.0
2009-12-20,0.2,4.3,-3.1,-4.2,-1.0,60,0.0,0.0,0.0,0.0,4.52,9.3
2009-12-21,0.1,5.9,-4.6,-4.1,1.3,62,0.0,0.0,0.0,0.0,2.69,6.5
2009-12-22,4.2,11.8,-1.2,0.2,7.6,64,0.0,0.0,0.0,0.0,4.26,8.9
2009-12-23,6.7,13.0,0.9,3.8,10.0,71,0.0,0.0,0.0,0.0,3.05,5.7
2009-12-24,9.3,13.3,7.0,7.2,11.7,73,0.0,0.0,0.0,0.0,2.47,4.5
2009-12-25,5.2,7.4,0.0,1.0,4.8,60,0.0,0.0,0.0,0.0,5.77,12.0
2009-12-26,0.3,3.7,-2.7,-4.3,-1.4,56,0.0,0.0,0.0,0.0,3.75,8.2
2009-12-27,0.1,1.8,-3.8,-4.2,-2.4,73,0.0,0.0,0.21,0.0,4.28,9.4
2009-12-28,-0.3,4.9,-4.6,-4.3,0.4,68,0.0,0.0,0.0,0.0,3.2,6.2
2009-12-29,2.7,8.2,-2.2,-0.9,4.6,70,0.2,0.2,0.0,1.0,3.0,5.7
2009-12-30,3.1,8.6,-1.0,-0.5,4.9,69,0.0,0.0,0.0,0.0,2.75,6.1
2009-12-31,0.7,4.8,-2.6,-3.7,0.5,50,0.0,0.0,0.0,0.0,2.95,6.8
