time,temperature_2m_mean,temperature_2m_max,temperature_2m_min,apparent_temperature_mean,apparent_temperature_max,relative_humidity_2m_mean,precipitation_sum,rain_sum,snowfall_sum,precipitation_hours,wind_speed_10m_max,wind_gusts_10m_max
2020-01-01,1.0,4.0,-1.7,-3.5,-0.4,59,0.0,0.0,0.0,0.0,4.4,7.0
2020-01-02,3.3,6.6,0.6,-0.5,2.8,64,0.0,0.0,0.0,0.0,3.6,5.7
2020-01-03,2.6,6.7,-0.8,-1.6,2.3,61,0.0,0.0,0.0,0.0,3.26,5.3
2020-01-04,4.6,9.1,2.1,0.8,5.3,61,0.0,0.0,0.0,0.0,2.97,5.0
2020-01-05,5.5,7.4,2.7,1.6,3.8,80,4.3,4.3,0.0,9.0,5.79,7.5
2020-01-06,6.6,7.0,5.9,2.1,2.6,87,5.4,5.4,0.0,14.0,7.61,11.3
2020-01-07,3.5,5.9,1.2,-2.6,1.6,92,23.0,15.1,5.6,21.0,10.43,16.2
2020-01-08,1.6,3.9,-0.5,-5.0,-2.6,67,0.0,0.0,0.0,0.0,10.87,16.7
2020-01-09,1.3,4.2,-1.5,-2.7,0.8,65,0.0,0.0,0.0,0.0,3.85,6.6
2020-01-10,2.6,5.6,0.1,-1.2,1.6,62,0.0,0.0,0.0,0.0,3.36,5.6
2020-01-11,1.8,4.3,-0.6,-2.7,0.1,69,0.0,0.0,0.0,0.0,5.01,8.6
2020-01-12,0.6,3.7,-1.7,-4.5,-1.7,67,0.0,0.0,0.0,0.0,5.19,9.0
2020-01-13,0.6,3.1,-1.2,-3.3,-0.6,66,0.2,0.1,0.14,1.0,4.61,7.9
2020-01-14,-0.4,2.2,-2.6,-5.7,-3.2,61,0.0,0.0,0.0,0.0,5.28,9.2
2020-01-15,-0.4,2.2,-3.5,-4.5,-1.3,60,0.0,0.0,0.0,0.0,3.57,6.0
2020-01-16,1.4,3.1,-0.1,-2.9,-1.3,60,0.0,0.0,0.0,0.0,3.9,6.8
2020-01-17,1.4,4.2,-0.6,-3.2,-0.6,67,0.0,0.0,0.0,0.0,4.26,7.2
2020-01-18,1.5,4.1,-1.4,-2.9,-0.1,70,0.0,0.0,0.0,0.0,5.01,8.2
2020-01-19,3.0,6.1,1.1,-1.7,0.7,62,0.0,0.0,0.0,0.0,5.25,8.3
2020-01-20,3.0,6.6,0.7,-1.5,1.7,53,0.0,0.0,0.0,0.0,4.52,7.9
2020-01-21,4.8,7.5,0.8,0.4,3.2,68,0.0,0.0,0.0,0.0,6.04,10.6
2020-01-22,6.6,8.3,5.1,3.8,5.6,81,0.0,0.0,0.0,0.0,3.76,6.0
2020-01-23,4.6,8.6,0.7,1.9,6.1,85,0.0,0.0,0.0,0.0,4.96,7.8
2020-01-24,3.3,5.9,0.9,-2.2,-0.1,61,0.0,0.0,0.0,0.0,6.65,11.1
2020-01-25,3.1,6.5,0.4,-1.7,2.0,55,0.0,0.0,0.0,0.0,4.85,7.7
2020-01-26,3.5,6.6,0.8,-1.5,1.4,66,0.0,0.0,0.0,0.0,5.92,9.3
2020-01-27,4.6,6.9,2.8,-0.1,3.0,71,0.6,0.6,0.0,4.0,5.76,8.7
2020-01-28,4.4,6.2,3.0,0.4,2.1,83,0.0,0.0,0.0,0.0,5.61,8.1
2020-01-29,1.8,3.8,-0.1,-4.5,-2.0,73,0.0,0.0,0.0,0.0,8.47,13.6
2020-01-30,0.6,3.6,-1.8,-6.4,-3.4,62,0.0,0.0,0.0,0.0,8.68,14.2
2020-01-31,2.1,6.6,-2.3,-2.6,2.0,63,0.0,0.0,0.0,0.0,5.68,9.1
2020-02-01,4.4,8.6,1.3,0.2,4.5,63,0.0,0.0,0.0,0.0,4.33,6.6
2020-02-02,3.3,7.5,0.6,-1.2,3.8,75,0.9,0.9,0.0,4.0,7.16,11.0
2020-02-03,1.2,3.5,-1.5,-3.4,-0.3,67,0.0,0.0,0.0,0.0,7.01,10.3
2020-02-04,2.7,6.4,-1.8,-2.4,2.7,71,0.2,0.2,0.0,1.0,7.93,12.6
2020-02-05,-2.4,-0.3,-3.5,-8.5,-6.0,54,0.0,0.0,0.0,0.0,6.93,11.6
2020-02-06,-1.8,0.1,-3.8,-6.3,-3.7,63,0.0,0.0,0.0,0.0,4.95,8.2
2020-02-07,2.8,5.5,0.1,-0.8,1.5,71,0.0,0.0,0.0,0.0,3.4,6.8
2020-02-08,2.9,7.0,-0.2,-1.5,2.1,70,0.0,0.0,0.0,0.0,4.66,8.1
2020-02-09,3.9,8.8,-0.3,0.0,4.6,73,0.0,0.0,0.0,0.0,5.77,9.1
2020-02-10,6.5,10.7,2.7,3.0,7.4,78,0.0,0.0,0.0,0.0,5.22,8.2
2020-02-11,8.1,9.9,6.5,4.3,5.8,82,0.5,0.5,0.0,1.0,5.89,9.8
2020-02-12,8.6,11.8,6.5,6.0,10.3,85,0.1,0.1,0.0,1.0,4.41,6.8
2020-02-13,7.8,9.6,6.2,3.9,5.3,90,0.0,0.0,0.0,0.0,6.83,10.4
2020-02-14,8.1,8.8,6.8,4.7,5.4,93,2.2,2.2,0.0,9.0,5.82,9.2
2020-02-15,0.9,6.7,-1.4,-6.0,3.7,83,9.4,4.8,3.36,16.0,10.29,16.6
2020-02-16,-1.3,0.5,-2.7,-8.9,-7.6,60,0.0,0.0,0.0,0.0,10.84,17.6
2020-02-17,-0.3,2.6,-2.4,-7.3,-5.7,54,0.0,0.0,0.0,0.0,11.1,17.9
2020-02-18,4.3,8.6,-0.7,-0.8,2.8,57,0.0,0.0,0.0,0.0,6.76,10.4
2020-02-19,5.8,8.1,3.8,1.5,3.4,71,0.0,0.0,0.0,0.0,5.38,9.1
2020-02-20,5.9,8.7,3.0,2.5,5.8,86,0.0,0.0,0.0,0.0,6.11,9.1
2020-02-21,6.6,7.3,4.4,3.0,4.7,89,1.3,1.3,0.0,6.0,5.9,9.1
2020-02-22,4.5,7.5,2.2,-0.5,1.2,60,0.0,0.0,0.0,0.0,7.76,12.5
2020-02-23,6.1,8.6,2.1,0.9,3.2,69,0.0,0.0,0.0,0.0,8.41,13.7
2020-02-24,7.4,9.1,6.2,4.0,5.8,89,17.1,17.1,0.0,12.0,6.36,10.0
2020-02-25,8.1,10.4,5.4,4.9,7.6,89,6.2,6.2,0.0,6.0,6.4,10.2
2020-02-26,5.1,9.1,1.3,-0.1,4.4,63,0.0,0.0,0.0,0.0,6.41,9.5
2020-02-27,3.6,6.2,0.7,-0.6,3.2,59,0.0,0.0,0.0,0.0,4.92,8.2
2020-02-28,4.4,5.8,1.8,1.7,3.7,85,7.8,3.8,2.8,9.0,3.73,7.5
2020-02-29,5.5,6.4,4.3,3.0,4.4,85,0.0,0.0,0.0,0.0,2.6,6.5
2020-03-01,5.6,7.6,1.6,1.9,3.7,81,0.0,0.0,0.0,0.0,5.86,9.3
2020-03-02,3.2,6.0,0.1,-0.7,3.5,65,0.0,0.0,0.0,0.0,3.81,6.1
2020-03-03,5.6,8.8,3.2,1.1,5.3,61,0.0,0.0,0.0,0.0,6.08,10.5
2020-03-04,3.1,6.4,-0.7,-2.3,1.1,53,0.0,0.0,0.0,0.0,7.65,12.3
2020-03-05,2.5,5.3,-1.4,-2.2,0.9,60,0.0,0.0,0.0,0.0,5.7,9.2
2020-03-06,6.5,8.0,4.6,1.6,3.3,73,0.6,0.6,0.0,1.0,7.05,12.3
2020-03-07,7.9,9.6,6.7,5.7,8.3,87,1.9,1.9,0.0,4.0,5.67,9.3
2020-03-08,7.0,8.5,5.3,4.1,5.3,92,0.0,0.0,0.0,0.0,4.88,8.2
2020-03-09,7.5,8.2,6.5,4.5,5.5,90,2.2,2.2,0.0,13.0,5.15,7.4
2020-03-10,6.6,10.1,3.7,1.0,4.2,60,0.0,0.0,0.0,0.0,7.94,13.1
2020-03-11,6.8,9.9,2.5,2.3,5.7,58,0.0,0.0,0.0,0.0,7.73,12.2
2020-03-12,9.3,11.4,7.6,4.7,7.0,75,0.0,0.0,0.0,0.0,7.96,12.9
2020-03-13,6.4,8.1,4.0,1.2,4.6,45,0.0,0.0,0.0,0.0,8.44,13.7
2020-03-14,8.0,12.3,3.8,3.5,7.8,51,0.0,0.0,0.0,0.0,6.79,11.6
2020-03-15,8.5,13.7,3.4,3.7,9.8,44,0.0,0.0,0.0,0.0,5.69,11.5
2020-03-16,6.1,9.0,2.2,1.0,4.3,58,0.0,0.0,0.0,0.0,7.81,12.9
2020-03-17,10.8,15.3,7.2,8.0,14.3,63,0.0,0.0,0.0,0.0,5.31,8.5
2020-03-18,12.6,15.5,9.0,8.3,11.0,66,0.0,0.0,0.0,0.0,9.48,15.5
2020-03-19,10.3,15.0,6.7,4.1,8.8,36,0.0,0.0,0.0,0.0,11.62,20.6
2020-03-20,11.6,15.2,7.6,6.5,10.2,57,0.0,0.0,0.0,0.0,9.9,16.3
2020-03-21,13.1,18.6,9.2,10.5,16.0,69,0.0,0.0,0.0,0.0,7.57,12.0
2020-03-22,10.3,13.7,7.5,6.8,13.2,52,0.0,0.0,0.0,0.0,5.75,10.1
2020-03-23,12.1,16.8,7.7,8.9,15.5,52,0.0,0.0,0.0,0.0,4.25,6.9
2020-03-24,11.3,14.0,9.1,7.9,11.2,65,0.0,0.0,0.0,0.0,5.95,9.8
2020-03-25,10.9,12.6,9.7,6.9,8.3,72,0.3,0.3,0.0,2.0,6.82,11.8
2020-03-26,10.7,13.5,7.6,7.5,11.1,84,0.3,0.3,0.0,3.0,9.82,15.0
2020-03-27,8.2,11.2,6.3,1.5,5.2,33,0.0,0.0,0.0,0.0,9.71,14.5
2020-03-28,7.4,9.6,5.7,3.0,7.9,38,0.0,0.0,0.0,0.0,5.26,8.7
2020-03-29,7.5,9.6,4.5,3.5,5.9,59,0.0,0.0,0.0,0.0,5.87,9.5
2020-03-30,8.6,11.6,5.4,5.4,9.7,67,0.0,0.0,0.0,0.0,5.72,9.4
2020-03-31,9.4,11.8,7.0,7.2,10.4,80,0.0,0.0,0.0,0.0,3.4,7.3
2020-04-01,10.5,13.7,8.2,6.3,10.6,44,0.0,0.0,0.0,0.0,6.93,10.8
2020-04-02,9.4,12.1,7.3,5.8,10.4,43,0.0,0.0,0.0,0.0,4.0,7.0
2020-04-03,10.4,13.6,6.9,7.5,11.4,66,0.0,0.0,0.0,0.0,5.65,9.1
2020-04-04,10.2,12.7,5.9,5.4,8.4,41,0.0,0.0,0.0,0.0,8.13,13.7
2020-04-05,8.1,12.2,3.5,3.8,10.1,40,0.0,0.0,0.0,0.0,5.57,9.2
2020-04-06,10.9,13.7,7.6,6.8,9.6,59,0.0,0.0,0.0,0.0,6.67,11.0
2020-04-07,12.6,17.5,9.8,9.8,17.6,59,0.0,0.0,0.0,0.0,5.1,8.1
2020-04-08,9.9,10.8,8.8,5.5,7.1,55,1.3,1.3,0.0,6.0,6.36,9.9
2020-04-09,8.0,9.2,6.3,3.7,5.3,69,5.0,5.0,0.0,11.0,8.07,11.8
2020-04-10,8.9,11.5,6.3,5.9,10.8,70,0.0,0.0,0.0,0.0,4.2,7.2
2020-04-11,10.8,14.0,8.1,7.9,13.7,56,0.0,0.0,0.0,0.0,3.64,8.6
2020-04-12,11.4,15.4,6.7,7.0,11.3,51,0.0,0.0,0.0,0.0,7.16,12.0
2020-04-13,12.1,17.5,7.0,8.9,16.1,53,0.0,0.0,0.0,0.0,4.48,8.4
2020-04-14,13.3,17.0,8.6,10.5,14.7,63,0.0,0.0,0.0,0.0,5.5,9.1
2020-04-15,13.8,16.7,10.9,10.8,14.8,61,0.0,0.0,0.0,0.0,6.42,10.5
2020-04-16,12.4,13.4,11.3,9.6,12.1,82,6.5,6.5,0.0,8.0,7.71,15.4
2020-04-17,13.3,17.5,10.3,9.9,13.6,65,0.0,0.0,0.0,0.0,9.57,14.8
2020-04-18,12.9,16.1,10.1,10.6,17.1,67,0.0,0.0,0.0,0.0,5.5,9.1
2020-04-19,10.9,11.6,10.4,9.5,10.3,86,8.6,8.6,0.0,11.0,4.07,6.9
2020-04-20,13.2,15.9,10.7,8.9,11.1,53,0.0,0.0,0.0,0.0,8.57,13.9
2020-04-21,10.3,12.7,7.4,5.3,8.1,36,0.0,0.0,0.0,0.0,6.8,11.9
2020-04-22,9.7,12.6,7.3,4.5,6.6,37,0.0,0.0,0.0,0.0,8.38,14.2
2020-04-23,11.0,14.4,8.1,5.9,9.4,37,0.0,0.0,0.0,0.0,8.02,13.1
2020-04-24,14.6,18.9,9.3,9.1,13.5,37,0.0,0.0,0.0,0.0,8.82,14.6
2020-04-25,14.9,17.0,10.1,10.3,13.6,39,0.0,0.0,0.0,0.0,8.78,13.0
2020-04-26,11.8,13.8,8.7,8.8,11.2,57,0.0,0.0,0.0,0.0,4.65,9.1
2020-04-27,12.9,16.7,7.9,9.8,16.6,52,0.0,0.0,0.0,0.0,6.14,9.9
2020-04-28,15.6,19.2,11.5,11.8,15.8,54,0.0,0.0,0.0,0.0,8.23,13.0
2020-04-29,14.7,16.4,13.4,11.6,14.3,72,0.0,0.0,0.0,0.0,7.53,12.0
2020-04-30,17.1,20.1,13.6,15.6,19.6,78,0.0,0.0,0.0,0.0,6.3,10.5
2020-05-01,19.7,22.8,17.0,18.6,22.9,72,0.0,0.0,0.0,0.0,7.63,12.7
2020-05-02,16.2,17.6,14.7,15.0,16.2,90,3.7,3.7,0.0,7.0,6.19,10.6
2020-05-03,15.7,18.6,13.5,16.0,20.4,90,0.0,0.0,0.0,0.0,4.0,7.3
2020-05-04,15.7,17.9,14.0,13.6,15.9,67,0.0,0.0,0.0,0.0,6.57,10.1
2020-05-05,13.0,15.3,10.1,11.3,15.9,77,9.1,9.1,0.0,5.0,5.68,8.2
2020-05-06,14.6,17.4,11.5,13.7,17.2,75,0.0,0.0,0.0,0.0,3.86,7.6
2020-05-07,15.3,17.7,12.6,13.2,16.4,75,0.0,0.0,0.0,0.0,7.17,11.2
2020-05-08,14.6,15.3,14.1,12.2,14.4,91,58.8,58.8,0.0,17.0,9.2,15.9
2020-05-09,14.6,16.2,13.0,11.6,13.4,85,1.6,1.6,0.0,3.0,8.98,14.3
2020-05-10,17.1,20.1,14.1,16.9,21.1,79,0.0,0.0,0.0,0.0,4.04,7.2
2020-05-11,15.8,18.5,13.7,14.5,17.8,76,1.2,1.2,0.0,3.0,7.94,12.2
2020-05-12,17.2,20.2,14.9,13.6,16.8,48,0.0,0.0,0.0,0.0,7.8,11.9
2020-05-13,17.4,19.7,14.6,14.2,17.3,57,0.0,0.0,0.0,0.0,7.91,12.0
2020-05-14,16.4,17.5,15.2,13.8,15.4,80,6.4,6.4,0.0,10.0,8.42,13.2
2020-05-15,17.2,20.7,15.0,17.6,22.3,83,0.0,0.0,0.0,0.0,3.82,7.8
2020-05-16,17.5,20.0,14.1,17.2,20.9,86,0.0,0.0,0.0,0.0,6.73,10.3
2020-05-17,18.3,20.6,16.6,19.0,23.1,87,13.9,13.9,0.0,5.0,6.65,12.6
2020-05-18,15.8,18.7,14.0,11.9,16.9,67,9.9,9.9,0.0,3.0,10.26,17.6
2020-05-19,17.9,20.9,15.6,15.1,18.5,61,0.0,0.0,0.0,0.0,8.0,14.8
2020-05-20,17.3,19.9,14.0,16.2,19.9,72,0.0,0.0,0.0,0.0,5.68,9.2
2020-05-21,17.7,19.4,16.1,15.7,18.9,77,0.0,0.0,0.0,0.0,8.93,13.6
2020-05-22,17.9,18.7,17.1,16.5,17.9,86,6.0,6.0,0.0,5.0,8.65,13.6
2020-05-23,18.6,20.8,17.0,18.2,20.5,87,4.0,4.0,0.0,6.0,8.6,14.6
2020-05-24,18.0,21.0,15.0,18.2,23.1,79,0.0,0.0,0.0,0.0,3.96,7.5
2020-05-25,18.8,21.3,16.9,18.8,22.3,77,0.0,0.0,0.0,0.0,5.22,7.1
2020-05-26,19.4,21.8,17.0,19.1,22.0,74,0.3,0.3,0.0,2.0,6.22,9.9
2020-05-27,17.6,19.6,15.7,17.5,19.7,86,4.6,4.6,0.0,3.0,6.7,10.4
2020-05-28,18.7,22.2,14.0,18.4,23.8,76,0.0,0.0,0.0,0.0,6.4,9.4
2020-05-29,19.5,20.7,18.2,18.4,20.0,77,0.0,0.0,0.0,0.0,6.79,11.2
2020-05-30,18.6,20.3,17.5,18.0,19.7,82,1.8,1.8,0.0,6.0,5.9,11.3
2020-05-31,17.9,19.1,16.9,17.7,19.5,87,0.0,0.0,0.0,0.0,6.24,8.9
2020-06-01,19.1,21.5,15.9,19.1,21.4,81,0.0,0.0,0.0,0.0,8.7,12.6
2020-06-02,21.7,25.6,19.1,22.6,28.4,77,2.2,2.2,0.0,4.0,9.15,15.1
2020-06-03,21.3,23.4,18.9,22.0,25.3,79,0.0,0.0,0.0,0.0,6.65,10.7
2020-06-04,22.4,26.7,19.3,23.4,30.6,76,0.0,0.0,0.0,0.0,6.26,9.5
2020-06-05,19.4,21.3,18.1,19.0,21.6,84,0.0,0.0,0.0,0.0,6.41,11.5
2020-06-06,19.7,22.0,18.2,21.1,24.7,89,0.0,0.0,0.0,0.0,4.56,7.5
2020-06-07,22.7,26.3,19.1,24.2,29.4,78,0.0,0.0,0.0,0.0,5.61,9.6
2020-06-08,22.3,24.0,20.4,23.2,25.7,79,0.0,0.0,0.0,0.0,5.92,10.1
2020-06-09,21.3,22.8,19.9,22.4,24.5,87,0.2,0.2,0.0,1.0,5.44,9.8
2020-06-10,21.5,23.4,20.5,24.2,26.4,93,8.6,8.6,0.0,11.0,5.1,7.8
2020-06-11,21.9,23.8,20.5,24.9,28.0,88,0.0,0.0,0.0,0.0,3.77,6.8
2020-06-12,20.6,21.7,19.6,22.6,23.6,89,4.0,4.0,0.0,9.0,3.76,6.6
2020-06-13,21.2,22.8,19.3,23.3,25.3,88,0.0,0.0,0.0,0.0,4.18,7.4
2020-06-14,24.0,27.8,20.0,26.5,32.1,71,0.0,0.0,0.0,0.0,2.44,7.1
2020-06-15,23.3,26.5,19.6,25.6,29.8,74,0.0,0.0,0.0,0.0,3.63,5.9
2020-06-16,23.4,26.8,20.4,26.3,29.6,84,0.0,0.0,0.0,0.0,3.96,7.0
2020-06-17,21.1,22.5,19.8,22.4,25.4,83,6.1,6.1,0.0,14.0,4.91,9.9
2020-06-18,20.4,21.8,19.1,20.9,22.6,82,9.3,9.3,0.0,15.0,5.29,7.6
2020-06-19,23.3,27.0,19.7,25.2,31.3,78,0.0,0.0,0.0,0.0,4.48,7.5
2020-06-20,22.7,25.0,20.6,24.5,28.1,82,0.0,0.0,0.0,0.0,6.18,10.2
2020-06-21,22.1,23.9,20.7,23.7,26.5,85,0.0,0.0,0.0,0.0,5.2,8.9
2020-06-22,22.2,24.0,20.4,23.6,25.8,82,0.0,0.0,0.0,0.0,5.0,7.9
2020-06-23,22.0,22.5,21.5,23.8,27.2,93,34.7,34.7,0.0,15.0,7.13,12.9
2020-06-24,23.0,25.3,21.1,24.0,26.0,83,0.0,0.0,0.0,0.0,6.68,12.3
2020-06-25,22.4,25.4,19.6,23.8,28.5,79,0.0,0.0,0.0,0.0,5.73,8.8
2020-06-26,23.1,25.4,21.9,25.3,28.0,85,0.4,0.4,0.0,3.0,5.3,9.3
2020-06-27,23.5,25.7,21.8,26.9,31.1,88,0.1,0.1,0.0,1.0,5.42,8.5
2020-06-28,23.1,25.0,21.6,26.3,28.8,89,0.0,0.0,0.0,0.0,4.7,8.0
2020-06-29,21.2,22.2,20.2,21.5,24.7,85,30.2,30.2,0.0,11.0,8.78,14.8
2020-06-30,22.1,24.9,19.2,23.1,27.3,74,0.0,0.0,0.0,0.0,4.48,6.8
2020-07-01,24.0,27.0,20.3,26.4,31.5,76,0.0,0.0,0.0,0.0,3.85,6.1
2020-07-02,23.7,25.8,22.1,25.6,29.2,79,0.0,0.0,0.0,0.0,5.51,8.9
2020-07-03,21.7,23.1,20.4,23.7,25.0,86,7.1,7.1,0.0,11.0,3.98,9.4
2020-07-04,21.9,23.7,20.0,24.0,26.9,83,0.0,0.0,0.0,0.0,5.26,7.6
2020-07-05,22.5,23.6,21.4,23.8,24.7,89,1.1,1.1,0.0,5.0,7.38,11.8
2020-07-06,23.0,24.8,22.0,25.4,28.0,91,5.6,5.6,0.0,9.0,5.98,10.0
2020-07-07,23.8,26.6,21.3,27.6,31.7,86,0.0,0.0,0.0,0.0,3.0,4.6
2020-07-08,23.5,25.5,21.9,27.1,29.7,87,0.0,0.0,0.0,0.0,3.79,6.4
2020-07-09,22.8,24.2,20.8,25.8,27.8,86,0.0,0.0,0.0,0.0,4.12,6.8
2020-07-10,24.1,26.9,21.4,27.4,31.4,80,0.0,0.0,0.0,0.0,4.4,7.2
2020-07-11,24.2,26.3,22.7,27.1,29.5,81,0.0,0.0,0.0,0.0,4.06,6.7
2020-07-12,22.3,23.3,21.5,22.4,26.3,90,53.9,53.9,0.0,21.0,11.52,17.7
2020-07-13,23.3,26.1,21.5,23.9,27.4,78,1.3,1.3,0.0,8.0,9.01,13.2
2020-07-14,22.9,25.6,19.8,25.1,29.9,80,0.0,0.0,0.0,0.0,3.86,6.0
2020-07-15,24.1,26.9,21.6,28.1,33.2,87,0.2,0.2,0.0,1.0,3.4,5.8
2020-07-16,24.3,26.4,22.0,28.1,31.3,87,0.0,0.0,0.0,0.0,4.25,6.9
2020-07-17,23.7,24.8,22.8,26.2,27.7,86,0.0,0.0,0.0,0.0,5.38,8.7
2020-07-18,22.8,23.5,22.3,24.0,27.3,91,16.6,16.6,0.0,19.0,9.49,15.6
2020-07-19,22.7,23.5,21.6,25.8,27.0,96,49.3,49.3,0.0,18.0,6.39,9.8
2020-07-20,24.5,27.6,22.1,27.6,34.2,83,0.0,0.0,0.0,0.0,5.61,8.3
2020-07-21,23.9,25.8,21.5,27.6,30.5,88,0.0,0.0,0.0,0.0,3.47,6.5
2020-07-22,22.7,23.9,21.1,25.1,27.3,91,51.2,51.2,0.0,13.0,9.0,15.9
2020-07-23,23.5,25.5,21.6,22.3,24.8,82,124.5,124.5,0.0,8.0,13.02,24.6
2020-07-24,24.7,28.2,21.0,26.5,32.1,77,0.0,0.0,0.0,0.0,6.71,10.9
2020-07-25,24.8,27.4,21.3,27.7,33.2,73,0.0,0.0,0.0,0.0,4.24,6.6
2020-07-26,23.8,25.1,22.7,26.6,27.8,81,0.0,0.0,0.0,0.0,3.83,6.0
2020-07-27,23.5,24.9,21.7,26.4,28.7,85,0.0,0.0,0.0,0.0,3.81,6.8
2020-07-28,23.7,25.8,21.8,26.9,29.9,84,0.0,0.0,0.0,0.0,3.89,6.7
2020-07-29,24.2,26.4,21.9,28.1,31.3,85,0.0,0.0,0.0,0.0,3.45,6.2
2020-07-30,24.8,26.5,22.4,28.7,31.8,89,0.0,0.0,0.0,0.0,5.02,8.4
2020-07-31,25.6,26.9,24.6,30.1,31.4,94,18.2,18.2,0.0,8.0,4.82,8.8
2020-08-01,26.2,27.7,24.1,30.8,33.3,91,13.1,13.1,0.0,3.0,5.63,8.2
2020-08-02,26.8,28.2,25.2,30.2,31.5,89,16.8,16.8,0.0,9.0,7.87,10.7
2020-08-03,27.1,28.7,26.0,31.5,33.2,91,36.6,36.6,0.0,6.0,7.12,11.2
2020-08-04,26.7,27.7,25.3,30.6,31.7,90,9.6,9.6,0.0,6.0,7.07,11.3
2020-08-05,26.6,27.2,26.0,30.7,32.4,90,0.1,0.1,0.0,1.0,6.89,9.7
2020-08-06,26.0,27.2,25.0,30.7,32.7,92,4.1,4.1,0.0,7.0,5.27,7.6
2020-08-07,24.0,25.0,23.4,26.5,28.5,95,56.2,56.2,0.0,24.0,7.24,9.4
2020-08-08,25.2,26.9,24.1,29.1,31.5,91,4.9,4.9,0.0,3.0,5.6,9.0
2020-08-09,25.8,27.8,24.1,31.1,34.0,90,0.0,0.0,0.0,0.0,3.13,5.1
2020-08-10,25.9,27.9,24.1,31.3,34.8,90,0.0,0.0,0.0,0.0,3.16,5.3
2020-08-11,26.6,28.8,24.3,32.0,35.4,89,0.0,0.0,0.0,0.0,3.72,5.8
2020-08-12,26.8,27.8,25.7,31.0,31.8,91,2.2,2.2,0.0,3.0,6.52,9.9
2020-08-13,28.2,29.0,27.1,31.5,32.8,85,0.0,0.0,0.0,0.0,8.27,12.7
2020-08-14,27.6,28.8,26.6,32.0,33.6,89,16.7,16.7,0.0,11.0,6.65,10.2
2020-08-15,27.8,29.2,26.2,33.0,34.2,89,28.2,28.2,0.0,6.0,5.92,9.2
2020-08-16,28.8,30.3,27.6,34.6,37.0,89,0.0,0.0,0.0,0.0,5.85,8.6
2020-08-17,28.7,30.9,27.3,34.8,38.3,90,0.0,0.0,0.0,0.0,5.09,8.1
2020-08-18,28.4,29.9,27.3,33.7,36.0,89,0.0,0.0,0.0,0.0,6.36,10.0
2020-08-19,28.2,30.3,26.2,33.7,36.1,90,8.5,8.5,0.0,6.0,5.81,8.5
2020-08-20,25.1,26.2,23.2,29.2,31.5,92,20.0,20.0,0.0,13.0,5.72,8.9
2020-08-21,23.1,24.3,22.3,25.1,26.5,86,13.8,13.8,0.0,18.0,6.26,8.9
2020-08-22,24.6,26.8,22.6,27.9,30.8,81,3.1,3.1,0.0,4.0,3.45,6.1
2020-08-23,26.4,28.0,24.3,30.8,32.8,86,0.0,0.0,0.0,0.0,5.66,8.1
2020-08-24,27.4,28.8,25.9,31.0,32.2,87,2.7,2.7,0.0,3.0,7.91,12.3
2020-08-25,25.7,27.7,23.9,29.8,32.0,88,3.2,3.2,0.0,10.0,4.96,9.9
2020-08-26,25.4,26.8,23.9,28.1,30.0,91,12.5,12.5,0.0,16.0,8.61,13.8
2020-08-27,24.8,26.3,23.6,27.2,29.4,84,0.1,0.1,0.0,1.0,8.07,13.3
2020-08-28,25.0,27.2,22.6,28.5,30.5,82,0.2,0.2,0.0,2.0,2.92,5.4
2020-08-29,25.6,28.2,23.2,30.2,33.7,86,0.0,0.0,0.0,0.0,3.13,5.3
2020-08-30,25.7,27.1,24.2,29.4,31.2,89,1.6,1.6,0.0,8.0,5.06,8.4
2020-08-31,26.6,28.4,25.4,31.2,32.8,92,5.9,5.9,0.0,13.0,5.9,9.8
2020-09-01,25.7,27.8,23.8,29.9,32.7,80,0.3,0.3,0.0,1.0,2.77,5.0
2020-09-02,25.7,28.7,23.1,27.8,30.8,76,0.0,0.0,0.0,0.0,7.66,11.6
2020-09-03,22.7,25.5,20.3,22.4,25.7,72,1.2,1.2,0.0,4.0,7.67,12.2
2020-09-04,24.1,27.0,20.4,24.3,27.9,63,2.0,2.0,0.0,4.0,6.74,10.8
2020-09-05,26.3,28.2,24.4,28.2,30.9,76,0.8,0.8,0.0,2.0,6.26,10.7
2020-09-06,26.4,29.4,23.8,30.1,34.6,78,0.0,0.0,0.0,0.0,5.28,8.4
2020-09-07,24.9,28.2,22.5,26.7,29.9,77,0.0,0.0,0.0,0.0,6.85,11.0
2020-09-08,23.7,26.8,21.9,26.2,30.3,78,1.4,1.4,0.0,3.0,4.97,7.8
2020-09-09,25.1,28.4,22.1,26.9,29.7,70,0.5,0.5,0.0,2.0,4.11,7.5
2020-09-10,24.5,26.8,22.3,26.5,29.4,71,0.1,0.1,0.0,1.0,6.06,9.1
2020-09-11,22.1,23.8,20.7,24.2,26.3,83,11.7,11.7,0.0,20.0,5.66,8.4
2020-09-12,22.2,24.1,20.5,23.9,25.4,83,7.6,7.6,0.0,16.0,5.05,8.3
2020-09-13,22.6,24.8,19.8,24.5,27.1,79,0.0,0.0,0.0,0.0,3.92,7.1
2020-09-14,22.8,24.4,20.9,25.4,26.9,81,0.0,0.0,0.0,0.0,2.81,5.2
2020-09-15,23.0,24.1,21.6,24.4,25.2,82,2.0,2.0,0.0,6.0,6.62,10.0
2020-09-16,23.9,27.3,21.3,25.3,30.6,74,2.1,2.1,0.0,2.0,6.49,10.6
2020-09-17,22.1,25.3,19.6,21.4,24.7,54,0.0,0.0,0.0,0.0,4.35,7.2
2020-09-18,22.5,26.0,18.2,21.2,25.0,54,0.0,0.0,0.0,0.0,7.05,10.7
2020-09-19,22.6,26.0,18.2,22.6,26.7,60,0.0,0.0,0.0,0.0,5.19,9.4
2020-09-20,23.9,27.6,21.3,25.4,30.7,69,0.0,0.0,0.0,0.0,5.2,7.7
2020-09-21,22.0,24.2,19.9,22.5,24.8,71,0.0,0.0,0.0,0.0,4.63,7.4
2020-09-22,22.3,24.4,20.5,23.2,26.5,73,0.1,0.1,0.0,1.0,4.18,7.2
2020-09-23,21.8,23.7,19.7,22.0,23.5,68,0.0,0.0,0.0,0.0,4.12,6.6
2020-09-24,21.5,23.4,20.0,22.4,24.7,72,0.2,0.2,0.0,1.0,3.44,6.0
2020-09-25,21.3,23.3,19.1,22.4,24.7,72,0.1,0.1,0.0,1.0,2.75,5.6
2020-09-26,21.3,24.0,18.2,21.6,24.6,71,0.0,0.0,0.0,0.0,4.44,7.9
2020-09-27,21.3,23.8,18.5,22.0,24.9,70,0.0,0.0,0.0,0.0,3.26,5.2
2020-09-28,21.2,23.5,18.4,22.3,25.0,72,0.0,0.0,0.0,0.0,3.04,5.7
2020-09-29,21.0,23.4,18.2,21.9,24.1,73,0.0,0.0,0.0,0.0,5.81,9.4
2020-09-30,18.9,22.1,16.3,16.6,19.9,59,0.0,0.0,0.0,0.0,5.95,10.6
2020-10-01,20.3,23.4,16.5,19.2,22.4,63,0.0,0.0,0.0,0.0,6.2,9.3
2020-10-02,21.0,22.2,18.1,20.1,22.1,66,0.8,0.8,0.0,1.0,5.95,9.1
2020-10-03,18.8,20.5,16.5,17.5,20.1,57,0.0,0.0,0.0,0.0,4.44,6.4
2020-10-04,16.5,19.0,13.1,12.5,17.0,58,0.0,0.0,0.0,0.0,10.07,16.0
2020-10-05,15.7,19.4,12.5,12.1,15.6,54,0.0,0.0,0.0,0.0,5.92,10.1
2020-10-06,15.9,19.0,11.5,13.8,17.3,54,0.0,0.0,0.0,0.0,4.3,6.2
2020-10-07,17.9,20.8,15.2,16.7,19.7,58,0.0,0.0,0.0,0.0,2.55,5.8
2020-10-08,18.3,21.6,14.9,16.6,20.1,64,0.0,0.0,0.0,0.0,5.12,9.4
2020-10-09,18.8,21.8,15.9,18.0,21.4,64,0.0,0.0,0.0,0.0,4.0,6.7
2020-10-10,18.6,20.5,16.7,18.7,20.4,69,0.0,0.0,0.0,0.0,2.8,5.0
2020-10-11,19.7,22.0,17.7,19.9,21.6,69,0.0,0.0,0.0,0.0,4.22,5.5
2020-10-12,17.4,19.9,14.2,14.8,18.6,60,0.0,0.0,0.0,0.0,7.14,10.5
2020-10-13,16.9,19.1,14.5,14.9,16.5,52,0.0,0.0,0.0,0.0,3.13,5.4
2020-10-14,15.5,18.0,14.6,13.8,16.2,72,5.3,5.3,0.0,12.0,4.7,9.4
2020-10-15,16.2,17.9,14.2,14.8,16.5,67,0.0,0.0,0.0,0.0,3.14,6.1
2020-10-16,15.7,17.2,13.0,14.5,16.4,80,1.5,1.5,0.0,4.0,5.24,9.9
2020-10-17,14.6,18.3,10.7,12.1,16.7,56,0.0,0.0,0.0,0.0,3.99,6.6
2020-10-18,16.0,19.8,12.7,13.9,18.4,52,0.0,0.0,0.0,0.0,3.33,4.6
2020-10-19,16.4,20.0,13.6,14.9,19.1,58,0.0,0.0,0.0,0.0,3.31,4.8
2020-10-20,17.2,19.9,14.0,15.5,18.2,63,0.0,0.0,0.0,0.0,5.46,8.9
2020-10-21,17.8,21.0,12.9,14.8,18.5,60,0.0,0.0,0.0,0.0,6.8,11.3
2020-10-22,14.0,18.2,10.9,9.5,14.1,48,0.0,0.0,0.0,0.0,7.23,11.1
2020-10-23,11.7,15.7,9.2,7.2,10.6,51,0.0,0.0,0.0,0.0,7.63,12.7
2020-10-24,12.6,16.7,8.7,9.0,13.3,52,0.0,0.0,0.0,0.0,4.61,7.3
2020-10-25,14.7,18.6,11.1,11.9,15.7,59,0.0,0.0,0.0,0.0,4.4,8.5
2020-10-26,16.0,19.6,13.0,15.0,19.0,68,0.0,0.0,0.0,0.0,3.56,5.5
2020-10-27,16.7,20.6,13.7,16.0,20.1,71,0.0,0.0,0.0,0.0,5.51,9.0
2020-10-28,14.9,17.5,12.5,12.0,15.8,54,0.0,0.0,0.0,0.0,5.46,8.7
2020-10-29,14.1,16.4,11.7,11.8,13.9,59,0.7,0.7,0.0,3.0,3.81,7.4
2020-10-30,14.3,17.6,11.3,11.8,15.6,52,0.0,0.0,0.0,0.0,3.38,5.4
2020-10-31,15.8,17.7,12.4,13.3,15.4,67,0.0,0.0,0.0,0.0,6.64,11.9
2020-11-01,16.4,19.1,13.1,14.3,16.8,61,0.0,0.0,0.0,0.0,4.85,7.5
2020-11-02,13.5,18.3,10.6,9.6,14.2,50,0.0,0.0,0.0,0.0,9.26,14.6
2020-11-03,10.0,13.1,8.0,4.6,6.5,44,0.0,0.0,0.0,0.0,8.19,13.4
2020-11-04,11.9,15.5,7.8,8.2,11.2,48,0.0,0.0,0.0,0.0,5.57,9.0
2020-11-05,14.9,16.8,12.1,11.9,14.1,64,0.0,0.0,0.0,0.0,5.67,9.7
2020-11-06,16.9,19.6,14.1,15.3,17.2,71,0.1,0.1,0.0,1.0,4.81,8.1
2020-11-07,14.7,19.5,11.0,11.7,15.6,52,0.0,0.0,0.0,0.0,5.44,9.0
2020-11-08,11.3,14.3,7.2,6.9,9.4,51,0.0,0.0,0.0,0.0,5.83,9.7
2020-11-09,10.8,15.8,6.7,7.0,11.0,44,0.0,0.0,0.0,0.0,4.08,7.3
2020-11-10,11.6,15.5,7.7,8.8,12.9,56,0.0,0.0,0.0,0.0,3.9,4.5
2020-11-11,14.3,17.3,11.5,11.6,14.7,63,0.0,0.0,0.0,0.0,5.83,9.2
2020-11-12,14.9,17.1,13.0,12.3,14.0,73,0.0,0.0,0.0,0.0,5.98,10.1
2020-11-13,13.7,16.9,10.8,12.1,15.1,78,0.0,0.0,0.0,0.0,4.55,7.7
2020-11-14,13.0,16.1,9.8,10.9,14.4,70,0.0,0.0,0.0,0.0,3.26,5.9
2020-11-15,14.3,17.3,11.6,13.1,16.5,74,0.0,0.0,0.0,0.0,3.21,4.8
2020-11-16,14.3,17.0,12.0,13.3,15.9,81,0.0,0.0,0.0,0.0,4.0,6.4
2020-11-17,16.2,18.2,14.1,14.8,17.6,83,1.8,1.8,0.0,8.0,6.96,10.5
2020-11-18,18.3,19.4,15.4,16.4,17.9,91,38.4,38.4,0.0,21.0,9.68,17.6
2020-11-19,10.7,14.8,7.1,6.3,11.3,76,0.0,0.0,0.0,0.0,8.38,12.7
2020-11-20,6.9,8.9,5.3,1.9,3.8,62,0.0,0.0,0.0,0.0,6.61,11.5
2020-11-21,6.8,7.6,5.4,3.2,4.9,76,1.2,1.2,0.0,5.0,5.33,8.1
2020-11-22,5.6,6.8,3.3,-0.4,2.2,70,1.5,1.5,0.0,5.0,8.82,14.4
2020-11-23,4.7,7.1,2.3,-0.3,2.2,59,0.2,0.2,0.0,1.0,5.87,9.4
2020-11-24,6.2,8.5,4.1,2.1,4.5,51,0.0,0.0,0.0,0.0,4.62,7.3
2020-11-25,7.2,10.0,5.1,3.6,6.8,61,0.0,0.0,0.0,0.0,4.6,6.6
2020-11-26,7.3,8.6,6.4,2.8,4.3,66,0.0,0.0,0.0,0.0,5.91,9.1
2020-11-27,5.3,7.3,2.1,-0.4,1.1,61,0.0,0.0,0.0,0.0,7.72,12.5
2020-11-28,3.3,5.5,1.8,-2.0,-0.2,60,0.0,0.0,0.0,0.0,6.59,11.0
2020-11-29,2.9,6.2,0.5,-1.9,1.3,61,0.0,0.0,0.0,0.0,5.17,8.1
2020-11-30,3.7,7.0,1.1,-1.1,2.1,60,0.0,0.0,0.0,0.0,4.75,7.7
2020-12-01,3.8,6.1,1.5,-0.3,2.4,68,1.4,1.4,0.0,6.0,4.37,7.2
2020-12-02,4.1,5.6,2.8,-0.5,0.6,84,1.3,1.1,0.14,7.0,7.38,10.8
2020-12-03,2.9,5.2,1.1,-3.1,-0.9,66,0.0,0.0,0.0,0.0,7.61,12.1
2020-12-04,2.3,5.5,0.1,-3.1,-0.6,53,0.0,0.0,0.0,0.0,5.81,10.0
2020-12-05,2.8,5.9,0.3,-1.5,2.2,55,0.0,0.0,0.0,0.0,3.76,6.2
2020-12-06,5.5,8.8,2.0,1.6,5.2,57,0.0,0.0,0.0,0.0,3.7,7.0
2020-12-07,4.1,6.9,0.2,-1.4,0.8,60,0.0,0.0,0.0,0.0,7.93,13.0
2020-12-08,1.4,3.7,-1.4,-3.2,-0.0,54,0.0,0.0,0.0,0.0,5.6,8.9
2020-12-09,5.4,7.4,2.9,2.0,3.8,59,0.0,0.0,0.0,0.0,3.42,5.8
2020-12-10,6.4,8.5,4.2,3.4,5.9,68,0.0,0.0,0.0,0.0,3.45,5.9
2020-12-11,5.7,8.0,3.5,2.3,4.2,70,0.0,0.0,0.0,0.0,3.22,6.5
2020-12-12,5.7,9.1,2.8,2.2,5.2,67,0.0,0.0,0.0,0.0,4.21,7.0
2020-12-13,1.6,6.2,-1.9,-5.0,2.1,69,0.0,0.0,0.0,0.0,10.64,16.9
2020-12-14,-1.8,0.3,-3.2,-8.5,-6.6,51,0.0,0.0,0.0,0.0,8.88,13.8
2020-12-15,-1.6,1.5,-3.8,-7.4,-4.8,44,0.0,0.0,0.0,0.0,5.44,9.8
2020-12-16,-1.0,2.4,-3.2,-6.6,-4.1,52,0.0,0.0,0.0,0.0,5.95,10.1
2020-12-17,1.0,4.5,-2.9,-3.8,-0.5,44,0.0,0.0,0.0,0.0,3.71,6.9
2020-12-18,1.2,4.8,-2.1,-4.3,-0.8,62,0.0,0.0,0.0,0.0,6.91,11.5
2020-12-19,-0.8,2.0,-3.3,-5.9,-3.3,54,0.0,0.0,0.0,0.0,4.96,7.8
2020-12-20,1.3,5.0,-1.3,-3.4,0.1,52,0.0,0.0,0.0,0.0,3.74,7.0
2020-12-21,2.2,5.7,-0.6,-2.0,1.2,57,0.0,0.0,0.0,0.0,3.76,6.2
2020-12-22,4.9,8.5,1.6,0.2,3.6,63,0.0,0.0,0.0,0.0,5.95,9.4
2020-12-23,5.9,9.3,1.6,1.2,5.3,63,0.0,0.0,0.0,0.0,6.02,9.0
2020-12-24,1.9,5.6,-0.8,-3.7,-0.6,51,0.0,0.0,0.0,0.0,5.72,9.7
2020-12-25,3.1,7.6,-1.6,-1.7,2.5,55,0.0,0.0,0.0,0.0,5.77,10.7
2020-12-26,6.5,9.4,2.8,2.3,4.9,72,0.0,0.0,0.0,0.0,6.2,10.3
2020-12-27,5.9,8.5,2.8,3.5,6.2,87,0.0,0.0,0.0,0.0,4.74,6.8
2020-12-28,4.9,7.3,2.1,1.8,4.7,90,0.0,0.0,0.0,0.0,5.26,9.3
2020-12-29,-1.8,5.1,-6.2,-9.7,0.1,76,7.5,1.0,4.62,15.0,11.28,17.7
2020-12-30,-7.4,-6.4,-9.1,-16.3,-14.9,60,0.0,0.0,0.0,0.0,11.24,18.7
2020-12-31,-4.6,-1.0,-7.5,-11.5,-8.2,42,0.0,0.0,0.0,0.0,8.38,13.6
2021-01-01,-1.1,3.1,-5.0,-6.4,-2.0,48,0.0,0.0,0.0,0.0,5.0,8.9
2021-01-02,-0.5,3.1,-4.5,-5.0,-1.0,59,0.0,0.0,0.0,0.0,4.44,6.6
2021-01-03,1.3,4.3,-1.2,-2.4,0.7,74,0.0,0.0,0.0,0.0,3.31,4.7
2021-01-04,1.6,5.0,-1.3,-2.6,0.4,76,0.0,0.0,0.0,0.0,6.25,10.1
2021-01-05,-2.5,-0.1,-5.4,-9.1,-7.2,51,0.0,0.0,0.0,0.0,7.73,12.8
2021-01-06,-5.5,-0.2,-9.4,-12.8,-6.8,54,0.0,0.0,0.0,0.0,11.5,19.0
2021-01-07,-10.7,-8.8,-13.1,-19.2,-16.5,57,0.1,0.0,0.07,1.0,11.03,17.7
2021-01-08,-6.9,-4.2,-9.3,-14.3,-12.0,40,0.0,0.0,0.0,0.0,8.98,15.0
2021-01-09,-4.3,-0.9,-7.2,-10.8,-8.0,45,0.0,0.0,0.0,0.0,7.72,13.0
2021-01-10,-2.3,1.1,-4.1,-8.3,-5.6,49,0.0,0.0,0.0,0.0,6.65,11.6
2021-01-11,-1.2,2.5,-4.1,-6.1,-3.2,48,0.0,0.0,0.0,0.0,4.51,7.8
2021-01-12,1.3,4.9,-2.7,-4.6,-1.7,49,0.0,0.0,0.0,0.0,6.59,11.6
2021-01-13,4.5,9.2,2.0,-0.4,4.5,58,0.0,0.0,0.0,0.0,6.4,9.4
2021-01-14,5.3,8.4,1.5,0.7,4.0,80,0.0,0.0,0.0,0.0,5.95,10.7
2021-01-15,2.1,6.3,-3.0,-3.7,2.4,76,0.0,0.0,0.0,0.0,8.9,13.5
2021-01-16,-2.7,0.4,-4.8,-9.0,-6.6,55,0.0,0.0,0.0,0.0,7.47,12.1
2021-01-17,-0.5,3.5,-4.1,-6.3,-2.5,47,0.0,0.0,0.0,0.0,5.93,10.6
2021-01-18,1.2,5.6,-1.7,-4.6,-0.4,48,0.0,0.0,0.0,0.0,7.3,11.4
2021-01-19,1.5,4.9,-2.9,-4.5,-0.8,68,0.0,0.0,0.0,0.0,7.34,11.2
2021-01-20,5.6,7.4,4.3,1.6,3.4,84,0.0,0.0,0.0,0.0,6.69,10.0
2021-01-21,5.7,8.7,2.4,3.3,6.3,92,0.0,0.0,0.0,0.0,3.94,5.5
2021-01-22,2.1,4.4,0.4,-2.0,0.4,86,0.0,0.0,0.0,0.0,4.96,7.9
2021-01-23,2.0,5.9,-0.2,-2.2,1.4,77,0.0,0.0,0.0,0.0,4.2,6.8
2021-01-24,2.6,6.7,-1.5,-0.7,4.4,82,0.0,0.0,0.0,0.0,3.07,5.1
2021-01-25,5.7,7.2,3.9,3.7,5.7,90,0.3,0.3,0.0,3.0,1.7,3.5
2021-01-26,4.0,7.0,0.8,-0.5,3.2,80,1.9,1.9,0.0,6.0,6.96,9.9
2021-01-27,3.1,5.9,-0.3,-1.5,1.3,70,0.0,0.0,0.0,0.0,7.52,11.3
2021-01-28,-0.1,4.7,-4.7,-7.7,-1.1,51,0.0,0.0,0.0,0.0,12.62,20.8
2021-01-29,0.4,4.5,-5.3,-5.1,-0.9,54,0.0,0.0,0.0,0.0,6.93,11.6
2021-01-30,4.3,7.6,1.5,0.6,4.5,73,0.0,0.0,0.0,0.0,6.03,9.0
2021-01-31,6.1,9.1,3.5,2.2,5.0,82,0.0,0.0,0.0,0.0,5.9,9.6
2021-02-01,4.0,8.3,-2.4,-1.4,2.3,63,0.0,0.0,0.0,0.0,7.0,11.6
2021-02-02,-1.0,2.9,-4.1,-5.9,-2.9,50,0.0,0.0,0.0,0.0,5.45,9.5
2021-02-03,3.4,6.9,-0.7,-1.7,3.9,70,0.0,0.0,0.0,0.0,8.48,13.2
2021-02-04,2.1,5.0,-1.7,-2.9,-0.4,65,0.0,0.0,0.0,0.0,6.26,9.9
2021-02-05,6.4,9.0,4.0,1.2,3.6,68,0.0,0.0,0.0,0.0,7.58,11.8
2021-02-06,7.6,12.7,4.4,3.8,8.8,62,0.0,0.0,0.0,0.0,4.74,7.0
2021-02-07,3.4,6.4,-0.9,-2.2,1.4,61,0.0,0.0,0.0,0.0,7.3,11.5
2021-02-08,0.6,4.5,-3.1,-4.0,0.5,52,0.0,0.0,0.0,0.0,4.79,7.2
2021-02-09,3.4,6.5,0.6,-1.6,1.1,65,0.0,0.0,0.0,0.0,6.12,10.4
2021-02-10,5.5,9.4,2.9,1.9,6.6,79,0.0,0.0,0.0,0.0,5.1,7.7
2021-02-11,5.4,8.2,2.9,1.9,4.9,88,0.0,0.0,0.0,0.0,5.8,9.7
2021-02-12,7.2,10.3,4.7,3.8,6.9,83,0.0,0.0,0.0,0.0,5.0,8.7
2021-02-13,6.6,9.6,4.6,3.6,7.3,89,0.0,0.0,0.0,0.0,4.4,7.5
2021-02-14,6.6,7.6,5.2,4.0,5.6,94,5.7,5.7,0.0,11.0,7.43,10.3
2021-02-15,1.2,3.4,-1.0,-5.1,-1.9,57,0.0,0.0,0.0,0.0,8.9,13.8
2021-02-16,1.6,4.2,-2.5,-4.9,-2.3,55,0.0,0.0,0.0,0.0,8.52,14.8
2021-02-17,-2.7,-0.7,-4.0,-10.5,-9.0,45,0.0,0.0,0.0,0.0,10.39,17.1
2021-02-18,1.1,6.0,-3.9,-4.6,1.2,45,0.0,0.0,0.0,0.0,5.88,9.8
2021-02-19,8.1,12.7,3.7,2.7,7.3,60,0.0,0.0,0.0,0.0,7.57,11.8
2021-02-20,9.9,12.7,5.0,5.8,9.2,58,0.0,0.0,0.0,0.0,6.8,10.1
2021-02-21,12.9,17.3,10.1,9.0,13.6,59,0.0,0.0,0.0,0.0,6.65,11.1
2021-02-22,6.9,10.9,1.9,0.9,8.2,47,0.0,0.0,0.0,0.0,8.35,13.8
2021-02-23,2.5,4.7,1.0,-3.1,-0.9,47,0.0,0.0,0.0,0.0,5.91,11.1
2021-02-24,1.9,3.0,0.9,-2.6,-0.9,73,2.9,1.6,1.05,8.0,5.15,8.4
2021-02-25,2.7,3.9,1.6,-2.3,-0.2,87,18.6,6.8,8.26,15.0,8.14,12.0
2021-02-26,5.0,8.4,1.6,0.2,4.5,61,0.0,0.0,0.0,0.0,5.58,8.8
2021-02-27,5.9,9.1,2.2,1.8,6.2,69,0.0,0.0,0.0,0.0,5.06,8.8
2021-02-28,7.0,7.8,6.0,3.4,5.0,90,7.5,7.5,0.0,12.0,6.11,9.4
2021-03-01,2.7,6.0,-0.5,-3.8,1.3,81,12.7,12.3,0.28,14.0,9.11,14.6
2021-03-02,2.2,6.2,-1.7,-2.9,3.6,58,0.0,0.0,0.0,0.0,7.56,11.1
2021-03-03,5.5,7.4,3.4,0.3,1.9,76,0.0,0.0,0.0,0.0,7.42,12.1
2021-03-04,6.9,9.3,5.0,3.4,6.3,83,0.0,0.0,0.0,0.0,6.0,9.9
2021-03-05,7.3,10.0,4.0,3.9,7.6,84,0.0,0.0,0.0,0.0,7.9,13.7
2021-03-06,2.5,5.2,0.3,-3.9,-1.0,54,0.0,0.0,0.0,0.0,7.78,12.3
2021-03-07,2.9,6.3,-0.1,-1.3,3.9,57,0.0,0.0,0.0,0.0,4.8,7.8
2021-03-08,4.9,7.4,2.4,1.6,4.4,69,0.0,0.0,0.0,0.0,4.11,7.3
2021-03-09,6.9,10.1,3.9,4.1,8.6,80,0.0,0.0,0.0,0.0,4.2,6.8
2021-03-10,7.8,11.0,5.0,5.0,9.1,76,0.0,0.0,0.0,0.0,4.32,7.1
2021-03-11,7.8,9.0,5.5,5.2,7.0,81,1.8,1.8,0.0,6.0,4.02,6.0
2021-03-12,8.9,11.9,5.6,6.3,11.2,73,0.0,0.0,0.0,0.0,3.42,5.1
2021-03-13,8.8,11.7,6.3,6.6,11.1,78,0.0,0.0,0.0,0.0,3.73,6.0
2021-03-14,8.8,11.5,6.3,5.3,8.7,77,0.0,0.0,0.0,0.0,7.69,11.3
2021-03-15,9.0,10.4,8.3,5.8,9.2,87,0.8,0.8,0.0,5.0,7.09,11.0
2021-03-16,8.0,10.8,6.2,4.0,8.0,54,0.0,0.0,0.0,0.0,6.39,9.8
2021-03-17,6.6,9.7,3.1,3.2,7.3,58,0.0,0.0,0.0,0.0,3.16,6.9
2021-03-18,8.4,11.7,5.0,4.8,9.0,55,0.3,0.3,0.0,2.0,3.98,6.5
2021-03-19,7.6,9.9,5.4,4.3,6.9,60,0.0,0.0,0.0,0.0,3.59,5.5
2021-03-20,7.5,8.9,5.4,3.3,4.9,73,1.6,1.6,0.0,3.0,6.67,11.2
2021-03-21,6.9,8.4,4.5,0.5,3.5,42,0.0,0.0,0.0,0.0,10.01,16.1
2021-03-22,9.1,13.5,4.8,4.3,9.6,42,0.0,0.0,0.0,0.0,5.47,9.8
2021-03-23,10.9,13.7,8.0,5.8,8.6,55,0.0,0.0,0.0,0.0,8.65,14.3
2021-03-24,11.2,13.8,8.5,8.5,11.8,67,0.0,0.0,0.0,0.0,7.17,11.2
2021-03-25,10.6,13.9,6.4,8.3,12.9,72,0.0,0.0,0.0,0.0,4.87,7.5
2021-03-26,10.8,12.5,9.4,7.7,9.0,76,3.1,3.1,0.0,6.0,6.84,10.7
2021-03-27,10.7,14.0,8.4,8.2,11.3,85,16.9,16.9,0.0,12.0,6.14,10.2
2021-03-28,11.7,15.7,7.9,8.7,14.2,70,0.0,0.0,0.0,0.0,6.71,11.9
2021-03-29,11.0,14.1,8.3,8.0,11.2,53,0.0,0.0,0.0,0.0,3.26,5.7
2021-03-30,10.2,13.5,8.0,7.6,11.6,64,0.0,0.0,0.0,0.0,4.48,7.9
2021-03-31,9.9,12.6,6.4,6.8,9.9,61,0.0,0.0,0.0,0.0,4.08,7.5
2021-04-01,10.9,13.5,8.2,7.3,9.7,65,0.0,0.0,0.0,0.0,5.11,8.2
2021-04-02,10.3,11.2,9.5,7.2,8.1,85,11.2,11.2,0.0,16.0,5.58,9.2
2021-04-03,9.3,10.3,8.2,4.6,7.1,78,9.3,9.3,0.0,10.0,8.5,13.4
2021-04-04,10.1,13.9,6.8,4.5,9.3,41,0.0,0.0,0.0,0.0,7.68,12.5
2021-04-05,10.6,13.3,7.4,7.4,12.2,52,0.0,0.0,0.0,0.0,4.79,8.1
2021-04-06,11.6,14.5,8.6,8.7,13.1,54,0.0,0.0,0.0,0.0,4.62,7.6
2021-04-07,11.9,14.9,9.0,9.5,14.3,55,0.0,0.0,0.0,0.0,3.71,6.1
2021-04-08,11.2,14.5,8.2,8.4,14.5,54,0.0,0.0,0.0,0.0,4.12,6.6
2021-04-09,11.6,14.0,9.5,9.1,12.1,58,0.0,0.0,0.0,0.0,4.19,7.4
2021-04-10,11.9,13.8,10.1,9.3,11.4,73,0.0,0.0,0.0,0.0,5.26,9.3
2021-04-11,12.0,13.6,10.6,9.1,11.1,82,5.9,5.9,0.0,5.0,6.86,11.2
2021-04-12,12.9,15.9,10.5,10.2,12.2,84,4.3,4.3,0.0,7.0,7.29,11.7
2021-04-13,10.1,12.4,7.9,5.8,8.8,53,0.0,0.0,0.0,0.0,7.67,11.9
2021-04-14,10.8,14.1,7.5,6.9,11.2,57,0.0,0.0,0.0,0.0,7.37,11.8
2021-04-15,11.3,12.6,9.8,6.5,8.6,70,0.4,0.4,0.0,1.0,9.87,15.7
2021-04-16,12.6,14.9,10.7,9.3,13.6,59,2.0,2.0,0.0,2.0,7.4,13.5
2021-04-17,12.1,14.9,9.7,7.2,9.0,43,0.4,0.4,0.0,2.0,9.15,14.5
2021-04-18,12.6,15.6,8.2,8.7,13.3,48,0.0,0.0,0.0,0.0,6.8,11.0
2021-04-19,14.1,16.9,10.9,10.5,13.9,60,0.0,0.0,0.0,0.0,6.84,11.2
2021-04-20,13.2,15.4,11.1,11.3,14.5,78,0.0,0.0,0.0,0.0,4.98,8.0
2021-04-21,12.4,13.2,11.8,9.5,10.4,70,0.2,0.2,0.0,1.0,5.82,9.5
2021-04-22,13.0,13.5,12.4,10.3,11.7,92,17.9,17.9,0.0,23.0,7.29,11.5
2021-04-23,12.6,13.5,12.0,11.4,12.6,95,0.5,0.5,0.0,4.0,4.63,8.3
2021-04-24,12.6,13.3,12.2,9.4,10.9,84,0.0,0.0,0.0,0.0,8.63,15.0
2021-04-25,14.0,17.3,11.4,12.9,19.2,76,0.0,0.0,0.0,0.0,4.85,7.3
2021-04-26,12.4,14.7,10.0,10.9,13.8,83,3.7,3.7,0.0,9.0,5.22,8.6
2021-04-27,14.5,16.8,12.4,13.4,15.9,81,0.5,0.5,0.0,3.0,4.95,9.1
2021-04-28,14.3,17.1,11.6,13.1,15.9,76,0.0,0.0,0.0,0.0,3.97,7.8
2021-04-29,14.4,17.1,10.4,11.7,15.7,66,0.4,0.4,0.0,1.0,5.66,11.4
2021-04-30,11.8,14.1,8.7,8.5,11.9,61,0.8,0.8,0.0,4.0,7.22,11.5
2021-05-01,12.5,16.6,8.7,9.2,13.9,58,0.0,0.0,0.0,0.0,5.91,12.1
2021-05-02,12.8,16.9,8.4,9.7,16.7,55,0.0,0.0,0.0,0.0,5.95,9.5
2021-05-03,13.0,14.1,11.5,9.8,11.6,75,6.8,6.8,0.0,4.0,8.1,12.8
2021-05-04,15.0,18.7,12.4,13.1,16.9,76,4.4,4.4,0.0,9.0,6.26,10.7
2021-05-05,15.7,19.0,11.9,12.2,16.2,52,0.0,0.0,0.0,0.0,7.1,11.1
2021-05-06,17.2,18.7,14.8,13.1,14.6,64,0.0,0.0,0.0,0.0,10.21,16.8
2021-05-07,17.5,20.2,15.6,13.6,17.3,48,0.2,0.2,0.0,1.0,8.73,17.0
2021-05-08,17.7,22.2,13.3,13.7,20.0,47,0.0,0.0,0.0,0.0,8.78,14.8
2021-05-09,15.1,17.2,13.2,12.3,15.0,57,0.2,0.2,0.0,1.0,6.36,10.1
2021-05-10,12.9,15.2,12.0,9.0,11.3,80,2.8,2.8,0.0,7.0,8.12,15.3
2021-05-11,14.0,15.1,12.3,11.6,13.1,83,0.0,0.0,0.0,0.0,6.74,11.4
2021-05-12,14.7,15.9,13.8,14.3,15.7,92,0.4,0.4,0.0,3.0,3.92,6.3
2021-05-13,16.1,18.1,14.3,15.3,18.3,82,0.0,0.0,0.0,0.0,5.25,9.0
2021-05-14,15.7,16.4,15.1,14.5,15.3,89,13.8,13.8,0.0,16.0,6.09,8.8
2021-05-15,17.1,19.6,15.4,17.4,20.8,91,2.8,2.8,0.0,5.0,5.55,11.7
2021-05-16,14.7,15.9,13.3,12.0,15.1,81,12.0,12.0,0.0,15.0,8.15,12.6
2021-05-17,18.2,22.4,14.4,16.7,22.9,61,0.0,0.0,0.0,0.0,5.06,7.6
2021-05-18,18.4,21.6,14.1,17.0,21.6,62,0.0,0.0,0.0,0.0,6.04,9.4
2021-05-19,17.8,20.2,15.1,16.9,20.5,71,0.0,0.0,0.0,0.0,5.41,8.9
2021-05-20,16.4,18.5,14.8,15.3,17.3,72,0.4,0.4,0.0,3.0,4.16,6.2
2021-05-21,17.9,21.0,14.9,16.9,21.6,74,0.0,0.0,0.0,0.0,5.41,9.1
2021-05-22,18.7,20.8,16.1,17.9,21.4,76,0.0,0.0,0.0,0.0,6.73,10.2
2021-05-23,17.5,19.6,14.6,16.9,19.6,84,0.3,0.3,0.0,1.0,6.4,9.9
2021-05-24,17.6,20.4,14.6,16.8,20.6,73,0.1,0.1,0.0,1.0,7.01,11.6
2021-05-25,19.1,22.7,15.6,16.2,22.7,51,0.5,0.5,0.0,2.0,7.6,14.0
2021-05-26,19.1,21.5,16.7,16.2,18.1,73,0.0,0.0,0.0,0.0,11.83,20.2
2021-05-27,19.4,22.4,15.2,18.1,22.7,72,0.0,0.0,0.0,0.0,9.41,15.5
2021-05-28,20.2,22.3,17.2,17.9,20.6,54,0.1,0.1,0.0,1.0,10.75,18.1
2021-05-29,20.0,25.1,17.0,18.2,25.4,64,0.0,0.0,0.0,0.0,7.96,13.9
2021-05-30,18.1,20.5,16.1,18.1,22.2,82,0.6,0.6,0.0,1.0,6.41,10.1
2021-05-31,18.7,21.2,16.6,18.9,22.8,86,0.2,0.2,0.0,1.0,5.65,10.2
2021-06-01,18.8,19.5,17.8,18.4,20.8,86,3.7,3.7,0.0,3.0,7.41,11.4
2021-06-02,18.9,20.2,18.0,17.7,19.1,87,0.0,0.0,0.0,0.0,8.39,13.7
2021-06-03,18.3,19.6,16.1,19.0,21.1,86,5.4,5.4,0.0,10.0,5.54,10.9
2021-06-04,20.4,24.2,15.9,18.7,22.3,60,0.0,0.0,0.0,0.0,7.71,12.4
2021-06-05,21.6,24.5,17.5,22.3,26.6,63,0.0,0.0,0.0,0.0,3.67,6.3
2021-06-06,22.1,25.5,17.4,22.1,26.4,63,0.0,0.0,0.0,0.0,6.31,8.7
2021-06-07,23.5,25.8,21.3,23.6,26.2,68,0.0,0.0,0.0,0.0,7.32,11.4
2021-06-08,22.0,24.7,19.5,22.8,26.4,79,0.0,0.0,0.0,0.0,6.53,9.8
2021-06-09,20.4,21.2,19.8,21.7,22.1,94,0.4,0.4,0.0,4.0,5.61,10.0
2021-06-10,21.1,23.1,20.1,23.3,25.3,93,6.0,6.0,0.0,5.0,5.35,8.1
2021-06-11,22.0,25.2,19.8,24.4,30.0,83,0.0,0.0,0.0,0.0,4.27,7.3
2021-06-12,19.8,21.3,18.1,20.8,22.8,88,0.0,0.0,0.0,0.0,5.09,8.2
2021-06-13,20.4,22.4,18.9,21.5,24.5,89,0.0,0.0,0.0,0.0,5.95,9.8
2021-06-14,20.2,21.3,19.3,20.6,21.8,90,8.5,8.5,0.0,9.0,6.63,11.2
2021-06-15,19.8,20.6,18.8,18.7,20.9,88,43.3,43.3,0.0,11.0,9.52,17.5
2021-06-16,21.0,22.8,19.6,22.5,25.9,87,0.0,0.0,0.0,0.0,5.33,8.2
2021-06-17,20.7,21.6,19.9,22.8,23.5,93,4.5,4.5,0.0,7.0,4.47,6.8
2021-06-18,22.8,26.2,19.5,25.0,28.9,80,0.0,0.0,0.0,0.0,5.19,7.9
2021-06-19,24.7,28.4,20.8,25.6,29.9,66,0.0,0.0,0.0,0.0,5.9,9.0
2021-06-20,25.9,29.6,22.6,26.7,32.1,54,0.0,0.0,0.0,0.0,5.04,8.0
2021-06-21,23.6,26.0,20.4,25.8,30.2,76,0.0,0.0,0.0,0.0,5.2,7.7
2021-06-22,25.6,28.7,23.3,27.7,33.1,67,0.0,0.0,0.0,0.0,5.26,7.9
2021-06-23,23.4,25.6,20.8,25.2,28.7,71,0.3,0.3,0.0,1.0,5.36,8.8
2021-06-24,21.3,22.6,20.1,22.8,23.7,86,10.6,10.6,0.0,9.0,4.43,7.6
2021-06-25,22.9,24.0,21.9,24.3,25.8,86,0.0,0.0,0.0,0.0,6.73,12.0
2021-06-26,23.6,24.6,22.6,24.9,25.8,85,0.2,0.2,0.0,1.0,7.75,12.4
2021-06-27,23.1,24.1,22.2,25.2,26.3,87,0.0,0.0,0.0,0.0,6.3,10.2
2021-06-28,23.4,25.1,22.0,26.5,28.6,88,0.2,0.2,0.0,1.0,4.33,7.2
2021-06-29,22.9,24.0,22.1,25.5,26.3,91,0.4,0.4,0.0,2.0,5.12,9.5
2021-06-30,23.6,25.4,21.9,25.9,28.5,88,0.0,0.0,0.0,0.0,6.09,10.5
2021-07-01,23.7,25.2,22.0,26.7,29.2,87,0.0,0.0,0.0,0.0,4.44,9.0
2021-07-02,24.2,25.8,22.9,27.3,29.5,87,0.0,0.0,0.0,0.0,5.11,8.5
2021-07-03,23.3,24.8,22.4,24.2,26.3,89,95.8,95.8,0.0,14.0,9.76,23.2
2021-07-04,23.5,25.9,20.7,26.1,29.9,85,0.0,0.0,0.0,0.0,5.41,8.9
2021-07-05,23.6,24.5,22.4,26.3,27.3,89,0.0,0.0,0.0,0.0,5.15,10.3
2021-07-06,23.3,24.7,21.8,26.7,28.9,89,0.0,0.0,0.0,0.0,3.76,6.9
2021-07-07,23.2,24.7,21.9,26.6,28.1,88,1.4,1.4,0.0,3.0,3.86,6.4
2021-07-08,24.1,26.4,22.1,27.7,31.9,85,0.1,0.1,0.0,1.0,4.3,7.4
2021-07-09,24.7,26.7,22.6,28.6,33.2,88,0.0,0.0,0.0,0.0,4.7,7.5
2021-07-10,26.4,29.2,23.8,30.9,35.5,86,0.6,0.6,0.0,1.0,5.02,10.3
2021-07-11,27.0,28.9,25.8,31.5,34.1,87,0.0,0.0,0.0,0.0,7.06,10.7
2021-07-12,27.1,28.6,25.6,30.1,31.8,87,0.8,0.8,0.0,2.0,9.15,14.0
2021-07-13,26.4,26.8,25.7,29.5,30.6,89,31.4,31.4,0.0,21.0,8.43,13.8
2021-07-14,26.6,27.5,25.3,30.2,31.5,88,0.0,0.0,0.0,0.0,7.81,12.5
2021-07-15,25.6,26.7,24.4,29.3,30.7,91,13.1,13.1,0.0,13.0,6.26,10.8
2021-07-16,25.3,26.1,24.6,28.5,30.8,92,15.8,15.8,0.0,17.0,7.06,11.3
2021-07-17,25.8,27.6,24.4,29.0,31.5,87,0.0,0.0,0.0,0.0,6.79,12.1
2021-07-18,25.8,27.7,24.4,30.3,33.3,88,0.2,0.2,0.0,2.0,4.0,6.8
2021-07-19,25.8,27.6,23.9,30.6,32.9,87,0.2,0.2,0.0,2.0,3.52,6.2
2021-07-20,26.6,28.1,24.8,31.1,33.3,90,1.0,1.0,0.0,3.0,5.02,8.0
2021-07-21,27.0,28.6,25.6,31.8,33.7,86,0.0,0.0,0.0,0.0,4.3,8.6
2021-07-22,27.1,29.0,25.0,32.0,34.5,85,0.0,0.0,0.0,0.0,3.73,6.4
2021-07-23,27.3,29.1,25.4,32.6,35.1,83,0.0,0.0,0.0,0.0,2.84,6.1
2021-07-24,27.7,29.7,25.1,32.7,35.7,79,0.0,0.0,0.0,0.0,3.64,6.4
2021-07-25,28.1,30.0,26.2,32.9,35.3,80,0.0,0.0,0.0,0.0,4.61,7.9
2021-07-26,27.4,28.6,26.8,31.0,32.2,84,11.2,11.2,0.0,11.0,7.34,12.3
2021-07-27,27.6,28.7,26.9,30.9,31.7,82,0.2,0.2,0.0,2.0,7.0,12.8
2021-07-28,27.2,28.0,26.5,30.0,31.1,83,1.1,1.1,0.0,6.0,8.26,11.9
2021-07-29,26.4,26.8,25.9,27.8,29.0,89,17.5,17.5,0.0,21.0,12.24,19.3
2021-07-30,25.6,26.5,24.7,28.2,30.4,83,0.7,0.7,0.0,6.0,7.02,11.4
2021-07-31,27.6,29.6,25.4,32.1,35.0,84,0.0,0.0,0.0,0.0,5.66,9.4
2021-08-01,26.9,28.6,25.2,31.8,34.6,87,3.3,3.3,0.0,6.0,5.42,8.3
2021-08-02,26.6,28.7,24.4,31.9,34.6,83,0.3,0.3,0.0,1.0,2.21,5.1
2021-08-03,26.7,28.7,24.2,31.8,35.2,82,0.0,0.0,0.0,0.0,3.11,5.0
2021-08-04,27.7,29.3,26.0,33.0,35.4,87,0.8,0.8,0.0,4.0,5.12,8.2
2021-08-05,27.3,28.7,26.3,32.0,34.0,85,0.0,0.0,0.0,0.0,5.18,8.0
2021-08-06,26.7,28.1,25.4,31.6,32.5,85,2.3,2.3,0.0,9.0,4.11,7.6
2021-08-07,27.2,28.9,25.5,32.7,35.4,83,0.4,0.4,0.0,2.0,2.88,5.8
2021-08-08,27.5,30.1,25.0,32.4,36.3,77,0.0,0.0,0.0,0.0,2.75,4.9
2021-08-09,27.3,29.8,24.5,31.6,34.8,75,0.0,0.0,0.0,0.0,2.7,5.1
2021-08-10,28.0,30.1,26.3,32.8,35.6,81,0.3,0.3,0.0,1.0,5.38,8.7
2021-08-11,27.3,29.2,25.4,32.3,35.1,81,0.1,0.1,0.0,1.0,3.76,7.1
2021-08-12,26.9,28.4,25.6,31.5,33.8,81,0.1,0.1,0.0,1.0,3.89,6.1
2021-08-13,25.8,27.8,24.2,28.4,30.6,75,0.0,0.0,0.0,0.0,5.28,7.7
2021-08-14,25.8,29.0,22.3,28.3,32.0,70,0.0,0.0,0.0,0.0,4.24,7.6
2021-08-15,26.2,28.4,23.6,30.1,33.5,76,0.1,0.1,0.0,1.0,3.26,5.6
2021-08-16,26.3,27.7,24.5,30.7,32.3,81,1.2,1.2,0.0,5.0,3.96,7.2
2021-08-17,25.7,28.1,24.2,30.0,34.1,81,9.3,9.3,0.0,11.0,3.71,6.7
2021-08-18,25.3,27.7,22.4,27.8,31.1,75,0.0,0.0,0.0,0.0,4.73,9.1
2021-08-19,26.0,27.8,23.8,29.4,31.7,77,0.4,0.4,0.0,2.0,4.57,6.9
2021-08-20,25.0,26.2,23.9,28.6,30.5,83,11.9,11.9,0.0,14.0,4.6,8.6
2021-08-21,26.0,29.4,23.3,28.7,32.5,76,0.0,0.0,0.0,0.0,6.5,10.0
2021-08-22,26.3,27.5,24.7,30.0,31.3,83,0.0,0.0,0.0,0.0,5.69,8.6
2021-08-23,25.5,26.4,24.7,28.5,30.3,91,42.6,42.6,0.0,17.0,9.82,11.6
2021-08-24,26.1,28.7,24.0,29.1,32.2,81,0.6,0.6,0.0,1.0,7.56,11.0
2021-08-25,26.8,29.5,24.1,29.6,32.4,75,0.0,0.0,0.0,0.0,6.5,11.1
2021-08-26,26.1,28.5,23.4,28.4,32.5,71,1.0,1.0,0.0,3.0,7.85,12.9
2021-08-27,23.0,24.1,21.8,24.9,26.0,77,4.1,4.1,0.0,11.0,3.7,8.5
2021-08-28,23.8,26.1,22.0,26.1,29.2,77,1.4,1.4,0.0,2.0,5.49,9.3
2021-08-29,23.2,24.6,21.8,25.3,26.5,81,4.0,4.0,0.0,15.0,4.4,6.7
2021-08-30,24.0,24.6,23.2,25.9,27.3,90,30.0,30.0,0.0,23.0,7.16,11.3
2021-08-31,24.0,25.5,21.5,26.4,29.5,93,37.4,37.4,0.0,19.0,7.08,15.6
2021-09-01,23.3,26.5,21.4,25.0,29.2,79,2.8,2.8,0.0,8.0,7.06,9.6
2021-09-02,23.9,26.4,21.7,26.6,29.9,76,0.0,0.0,0.0,0.0,2.82,4.8
2021-09-03,24.1,26.9,20.9,27.2,30.7,79,0.0,0.0,0.0,0.0,2.86,4.4
2021-09-04,23.9,24.5,23.3,26.3,27.2,84,0.6,0.6,0.0,5.0,6.43,8.9
2021-09-05,23.0,23.8,21.8,21.9,24.9,86,25.1,25.1,0.0,20.0,11.79,18.8
2021-09-06,23.4,24.4,22.0,24.8,29.1,88,0.7,0.7,0.0,6.0,10.2,16.5
2021-09-07,22.8,25.5,20.5,23.0,25.3,76,0.0,0.0,0.0,0.0,7.02,12.1
2021-09-08,23.0,26.5,19.0,24.4,28.5,74,0.0,0.0,0.0,0.0,5.11,7.7
2021-09-09,24.3,25.9,22.4,26.1,27.6,83,1.1,1.1,0.0,5.0,6.24,10.8
2021-09-10,24.9,26.8,23.4,28.7,30.8,89,0.0,0.0,0.0,0.0,4.24,8.3
2021-09-11,25.2,27.5,23.5,29.0,32.0,88,0.0,0.0,0.0,0.0,4.39,7.0
2021-09-12,24.9,27.5,23.3,28.9,31.6,89,0.0,0.0,0.0,0.0,4.54,7.4
2021-09-13,24.4,26.6,22.9,26.8,29.0,83,0.0,0.0,0.0,0.0,5.22,9.4
2021-09-14,24.2,27.9,21.1,25.0,29.4,76,0.0,0.0,0.0,0.0,7.21,11.0
2021-09-15,23.7,26.8,20.8,25.4,30.1,77,0.0,0.0,0.0,0.0,4.75,7.6
2021-09-16,23.7,26.6,21.4,26.1,29.2,78,0.0,0.0,0.0,0.0,3.61,6.0
2021-09-17,23.5,25.8,21.4,25.1,27.8,76,0.0,0.0,0.0,0.0,4.23,6.8
2021-09-18,23.0,24.9,20.7,25.3,28.1,78,0.0,0.0,0.0,0.0,3.92,5.4
2021-09-19,23.7,24.8,22.6,25.1,25.9,83,3.7,3.7,0.0,11.0,10.42,14.8
2021-09-20,23.3,25.1,21.0,22.8,24.8,86,31.0,31.0,0.0,13.0,11.97,19.4
2021-09-21,23.4,27.2,19.8,24.1,28.8,77,0.0,0.0,0.0,0.0,8.14,12.5
2021-09-22,23.5,27.2,20.7,25.4,29.3,67,0.0,0.0,0.0,0.0,2.48,5.6
2021-09-23,23.0,25.6,19.9,24.8,27.4,79,0.0,0.0,0.0,0.0,4.88,7.5
2021-09-24,23.8,25.2,22.9,24.4,25.5,76,0.0,0.0,0.0,0.0,6.97,11.4
2021-09-25,22.7,23.1,22.1,23.3,24.4,84,11.9,11.9,0.0,12.0,7.8,12.3
2021-09-26,22.2,22.7,21.6,23.6,24.2,88,31.5,31.5,0.0,20.0,6.05,10.7
2021-09-27,22.5,23.6,21.6,23.7,25.6,89,7.0,7.0,0.0,11.0,7.07,10.9
2021-09-28,22.3,23.5,21.1,23.5,25.2,86,0.4,0.4,0.0,2.0,6.17,9.8
2021-09-29,22.2,25.6,20.1,24.1,27.6,80,1.7,1.7,0.0,3.0,4.4,7.6
2021-09-30,23.0,26.4,19.7,25.0,28.8,80,0.0,0.0,0.0,0.0,5.69,8.3
2021-10-01,23.4,26.6,20.4,25.5,29.4,80,0.8,0.8,0.0,1.0,4.97,7.8
2021-10-02,23.2,26.2,19.6,25.3,29.1,86,0.0,0.0,0.0,0.0,7.16,10.5
2021-10-03,24.8,25.6,24.0,25.5,26.2,85,0.0,0.0,0.0,0.0,9.79,14.6
2021-10-04,23.7,25.3,21.3,26.1,29.0,87,4.2,4.2,0.0,7.0,9.46,14.5
2021-10-05,19.2,21.2,18.2,18.1,21.4,82,0.2,0.2,0.0,2.0,7.27,12.4
2021-10-06,19.6,21.8,17.9,19.7,23.9,79,0.3,0.3,0.0,2.0,5.39,8.9
2021-10-07,17.3,18.3,16.5,16.0,17.1,79,6.1,6.1,0.0,9.0,6.25,10.0
2021-10-08,17.7,19.8,15.9,17.6,20.0,87,26.9,26.9,0.0,24.0,5.21,8.8
2021-10-09,22.5,24.4,20.1,24.7,27.7,91,10.2,10.2,0.0,17.0,5.83,9.2
2021-10-10,18.7,21.2,15.8,16.8,23.1,76,6.2,6.2,0.0,15.0,7.96,12.0
2021-10-11,16.7,19.4,14.3,13.1,15.8,54,0.0,0.0,0.0,0.0,6.67,11.2
2021-10-12,16.6,20.4,13.4,14.1,18.3,62,0.0,0.0,0.0,0.0,6.07,9.8
2021-10-13,18.7,22.3,15.4,18.5,22.5,75,0.0,0.0,0.0,0.0,4.46,6.8
2021-10-14,19.2,23.1,16.6,18.9,22.4,75,0.0,0.0,0.0,0.0,6.64,9.8
2021-10-15,18.4,21.2,16.8,17.4,20.0,80,4.8,4.8,0.0,13.0,6.07,9.5
2021-10-16,11.8,17.0,7.8,5.6,14.4,56,0.0,0.0,0.0,0.0,10.83,17.1
2021-10-17,10.4,13.8,7.3,6.5,10.1,54,0.0,0.0,0.0,0.0,5.7,9.4
2021-10-18,13.3,16.5,9.4,9.7,12.7,59,0.0,0.0,0.0,0.0,6.58,11.2
2021-10-19,11.9,14.2,9.2,7.2,9.6,61,0.0,0.0,0.0,0.0,8.46,14.4
2021-10-20,11.1,14.0,8.2,7.9,11.5,59,0.0,0.0,0.0,0.0,5.18,8.0
2021-10-21,12.4,15.9,10.2,9.1,11.5,60,0.0,0.0,0.0,0.0,5.52,9.2
2021-10-22,12.8,16.7,10.0,9.7,13.2,66,0.0,0.0,0.0,0.0,4.88,9.5
2021-10-23,12.8,16.4,8.6,10.8,15.1,61,0.0,0.0,0.0,0.0,3.54,6.2
2021-10-24,14.0,17.8,10.8,12.6,16.4,65,0.0,0.0,0.0,0.0,2.3,4.1
2021-10-25,14.8,18.5,11.4,12.8,16.5,63,0.0,0.0,0.0,0.0,3.77,6.2
2021-10-26,15.8,19.2,13.0,14.0,17.6,69,0.0,0.0,0.0,0.0,4.0,7.3
2021-10-27,15.0,19.0,11.4,12.6,16.4,59,0.0,0.0,0.0,0.0,5.19,7.7
2021-10-28,15.4,19.7,11.7,13.6,17.8,57,0.0,0.0,0.0,0.0,3.13,4.6
2021-10-29,16.2,19.3,12.9,15.0,17.3,63,0.0,0.0,0.0,0.0,2.93,5.5
2021-10-30,16.9,20.1,14.3,15.9,18.6,74,0.0,0.0,0.0,0.0,3.88,7.2
2021-10-31,16.5,20.0,13.2,15.4,18.7,78,0.0,0.0,0.0,0.0,6.74,9.2
2021-11-01,12.4,15.8,9.7,9.2,12.4,72,0.0,0.0,0.0,0.0,6.2,9.1
2021-11-02,12.2,15.0,8.5,9.7,12.8,64,0.3,0.3,0.0,1.0,4.0,6.3
2021-11-03,15.2,17.5,13.8,13.6,15.9,77,1.2,1.2,0.0,5.0,5.0,7.6
2021-11-04,15.9,19.4,12.6,14.9,18.5,79,0.0,0.0,0.0,0.0,4.25,7.2
2021-11-05,17.1,19.2,15.6,15.5,17.1,78,0.5,0.5,0.0,3.0,6.79,11.4
2021-11-06,17.3,19.1,15.3,16.0,18.0,81,1.7,1.7,0.0,8.0,7.43,10.5
2021-11-07,13.8,18.6,5.2,10.3,16.2,84,15.7,15.7,0.0,9.0,13.81,21.6
2021-11-08,4.0,6.0,1.8,-4.1,-1.7,61,0.0,0.0,0.0,0.0,12.34,20.5
2021-11-09,7.1,10.1,4.6,0.0,2.6,48,0.0,0.0,0.0,0.0,10.43,17.0
2021-11-10,8.8,11.8,6.0,2.8,5.2,56,0.0,0.0,0.0,0.0,8.94,14.5
2021-11-11,9.3,12.0,7.0,3.6,5.5,55,0.0,0.0,0.0,0.0,9.19,14.9
2021-11-12,9.0,12.6,6.8,4.1,6.8,50,0.0,0.0,0.0,0.0,6.91,10.9
2021-11-13,11.7,15.8,8.1,7.9,11.2,57,0.0,0.0,0.0,0.0,5.98,9.9
2021-11-14,11.5,16.3,7.4,8.5,12.8,63,0.0,0.0,0.0,0.0,4.4,6.5
2021-11-15,12.9,16.6,9.1,10.9,14.3,71,0.0,0.0,0.0,0.0,4.46,7.3
2021-11-16,12.3,14.6,10.9,10.5,13.0,79,0.2,0.2,0.0,1.0,4.27,7.7
2021-11-17,13.2,15.9,10.3,10.8,12.8,80,0.0,0.0,0.0,0.0,6.64,10.3
2021-11-18,13.9,17.1,10.8,11.1,13.7,79,0.0,0.0,0.0,0.0,6.57,10.2
2021-11-19,12.8,15.4,10.3,10.7,13.0,82,0.0,0.0,0.0,0.0,4.81,8.7
2021-11-20,13.8,15.3,11.9,12.3,13.9,84,0.5,0.5,0.0,4.0,4.74,7.8
2021-11-21,11.2,14.4,6.2,7.5,13.5,78,1.2,1.2,0.0,7.0,10.01,15.6
2021-11-22,4.0,6.1,1.9,-3.8,-2.3,47,0.0,0.0,0.0,0.0,10.77,17.3
2021-11-23,4.6,8.4,1.0,-1.5,2.1,42,0.0,0.0,0.0,0.0,6.71,11.0
2021-11-24,8.3,13.0,4.0,3.9,8.2,60,0.0,0.0,0.0,0.0,6.3,10.3
2021-11-25,8.9,13.5,4.7,5.8,10.6,59,0.0,0.0,0.0,0.0,3.92,5.9
2021-11-26,9.2,13.6,6.0,5.9,10.2,65,0.0,0.0,0.0,0.0,4.85,7.7
2021-11-27,8.3,12.0,5.0,4.9,8.7,67,0.0,0.0,0.0,0.0,3.81,6.6
2021-11-28,11.3,14.0,7.1,8.0,10.3,70,0.0,0.0,0.0,0.0,5.56,9.6
2021-11-29,12.0,14.0,10.5,11.1,13.7,87,5.1,5.1,0.0,12.0,3.45,5.0
2021-11-30,6.4,10.8,3.9,-0.3,9.5,72,10.5,10.5,0.0,7.0,12.16,19.7
2021-12-01,4.5,7.5,2.7,-1.3,0.7,53,0.0,0.0,0.0,0.0,7.85,12.4
2021-12-02,6.4,10.0,2.5,0.9,3.9,53,0.0,0.0,0.0,0.0,7.34,12.0
2021-12-03,6.7,9.3,4.6,2.4,5.5,59,0.0,0.0,0.0,0.0,5.6,8.7
2021-12-04,7.6,11.8,4.3,4.0,8.8,61,0.0,0.0,0.0,0.0,4.22,6.6
2021-12-05,9.8,13.1,6.9,5.8,8.7,67,0.0,0.0,0.0,0.0,6.02,9.7
2021-12-06,9.6,12.0,6.5,5.7,8.2,72,0.0,0.0,0.0,0.0,6.63,10.5
2021-12-07,6.1,9.8,3.6,1.4,5.2,61,0.0,0.0,0.0,0.0,5.76,9.6
2021-12-08,6.5,9.9,2.4,3.3,7.3,73,0.0,0.0,0.0,0.0,4.02,5.7
2021-12-09,9.9,11.4,7.7,7.5,9.1,80,0.1,0.1,0.0,1.0,4.11,7.5
2021-12-10,7.1,10.6,4.2,3.9,7.1,84,0.0,0.0,0.0,0.0,4.0,7.2
2021-12-11,7.4,9.8,5.4,3.9,6.2,72,0.0,0.0,0.0,0.0,4.89,7.7
2021-12-12,4.9,7.3,0.1,-0.8,2.6,60,0.0,0.0,0.0,0.0,7.53,12.0
2021-12-13,1.3,4.1,-1.8,-3.2,-0.7,57,0.0,0.0,0.0,0.0,5.31,8.0
2021-12-14,7.7,10.4,4.3,2.9,6.0,71,0.0,0.0,0.0,0.0,7.82,12.4
2021-12-15,6.8,10.0,3.3,4.1,7.7,83,0.0,0.0,0.0,0.0,4.39,7.1
2021-12-16,7.0,9.6,2.6,2.6,6.2,74,0.0,0.0,0.0,0.0,8.02,13.0
2021-12-17,-0.7,2.0,-3.6,-7.9,-3.6,57,0.3,0.0,0.28,2.0,11.86,19.2
2021-12-18,0.5,5.0,-4.4,-5.3,-1.1,48,0.0,0.0,0.0,0.0,7.34,12.7
2021-12-19,5.3,9.3,0.6,0.1,3.8,55,0.0,0.0,0.0,0.0,7.57,12.4
2021-12-20,7.6,12.0,4.6,3.5,8.3,66,0.0,0.0,0.0,0.0,5.81,9.4
2021-12-21,6.0,10.4,2.2,1.9,6.4,71,0.0,0.0,0.0,0.0,5.22,9.3
2021-12-22,7.8,11.2,4.7,4.4,8.1,72,0.0,0.0,0.0,0.0,4.94,8.7
2021-12-23,6.9,9.5,4.6,4.2,7.6,84,0.0,0.0,0.0,0.0,6.82,11.1
2021-12-24,-1.4,4.6,-4.7,-9.3,-1.0,71,0.0,0.0,0.21,0.0,10.11,16.8
2021-12-25,-4.7,-2.7,-6.2,-12.0,-10.1,59,0.0,0.0,0.0,0.0,9.12,14.4
2021-12-26,-4.7,-2.5,-6.8,-12.2,-10.4,51,0.0,0.0,0.0,0.0,9.57,15.6
2021-12-27,-0.6,4.3,-4.7,-6.4,-1.6,43,0.0,0.0,0.0,0.0,5.51,9.6
2021-12-28,2.0,5.1,-1.7,-3.5,-1.1,54,0.0,0.0,0.0,0.0,6.3,10.2
2021-12-29,1.2,5.3,-2.0,-4.4,-1.1,63,0.0,0.0,0.0,0.0,7.39,12.2
2021-12-30,0.9,5.3,-2.3,-4.4,-1.0,55,0.0,0.0,0.0,0.0,6.33,12.4
2021-12-31,1.5,4.9,-2.2,-2.6,1.3,59,0.0,0.0,0.0,0.0,4.22,5.5
2022-01-01,5.3,7.7,3.2,0.1,1.6,66,0.0,0.0,0.0,0.0,8.12,13.0
2022-01-02,1.3,3.6,-0.5,-3.6,-0.4,62,0.0,0.0,0.0,0.0,6.34,9.6
2022-01-03,2.7,6.9,-0.3,-1.7,3.0,70,0.0,0.0,0.0,0.0,4.61,6.9
2022-01-04,1.4,4.0,-1.1,-3.9,-1.5,67,0.0,0.0,0.0,0.0,6.46,10.6
2022-01-05,1.8,3.6,-0.1,-3.1,-0.4,63,0.0,0.0,0.0,0.0,5.14,7.9
2022-01-06,1.5,5.6,-1.2,-2.9,1.7,68,0.0,0.0,0.0,0.0,4.37,7.2
2022-01-07,1.2,4.9,-1.6,-2.7,1.2,68,0.0,0.0,0.0,0.0,3.51,5.4
2022-01-08,3.1,7.3,0.3,-0.9,3.2,77,0.0,0.0,0.0,0.0,4.0,7.2
2022-01-09,2.1,5.0,-0.4,-1.8,1.5,68,0.0,0.0,0.0,0.0,4.05,6.4
2022-01-10,1.4,3.2,-2.0,-2.8,0.3,82,3.5,2.8,0.49,9.0,7.5,11.2
2022-01-11,-1.8,1.5,-3.8,-7.3,-4.7,62,0.0,0.0,0.0,0.0,6.12,9.7
2022-01-12,0.3,3.7,-3.3,-4.6,-1.5,68,0.5,0.1,0.28,5.0,8.72,13.6
2022-01-13,-1.1,1.3,-3.0,-7.5,-5.6,54,0.0,0.0,0.0,0.0,8.99,13.6
2022-01-14,0.8,3.9,-3.5,-4.2,-2.1,54,0.0,0.0,0.0,0.0,6.33,10.6
2022-01-15,2.6,6.1,0.4,-2.5,1.4,66,0.0,0.0,0.0,0.0,6.02,8.7
2022-01-16,-0.3,2.2,-2.8,-4.8,-1.1,63,0.0,0.0,0.0,0.0,5.3,7.7
2022-01-17,0.9,4.5,-2.0,-4.1,-1.5,62,0.0,0.0,0.0,0.0,5.93,9.6
2022-01-18,1.8,5.6,-2.3,-3.0,0.2,65,0.0,0.0,0.0,0.0,5.4,8.6
2022-01-19,0.8,3.9,-4.4,-4.4,0.6,74,0.3,0.3,0.0,2.0,7.01,11.5
2022-01-20,-2.8,0.3,-5.4,-8.0,-4.3,58,0.0,0.0,0.0,0.0,5.22,8.1
2022-01-21,-0.7,2.1,-3.9,-5.0,-1.5,57,0.0,0.0,0.0,0.0,3.61,5.9
2022-01-22,2.2,4.1,0.5,-2.4,-0.8,73,0.5,0.5,0.0,5.0,5.29,8.5
2022-01-23,1.2,3.7,-1.6,-4.4,-1.9,76,0.0,0.0,0.0,0.0,6.93,10.8
2022-01-24,0.2,3.8,-2.3,-5.1,-1.5,67,0.0,0.0,0.0,0.0,5.37,8.4
2022-01-25,0.8,4.5,-1.8,-3.8,-0.1,67,0.0,0.0,0.0,0.0,4.44,6.5
2022-01-26,1.0,4.9,-2.2,-3.3,0.3,71,0.0,0.0,0.0,0.0,4.46,7.9
2022-01-27,0.4,3.6,-1.4,-5.2,-1.9,58,0.0,0.0,0.0,0.0,5.8,9.1
2022-01-28,-0.3,2.7,-3.1,-5.7,-2.3,57,0.0,0.0,0.0,0.0,5.5,8.0
2022-01-29,-0.2,3.2,-3.4,-4.8,-1.3,58,0.0,0.0,0.0,0.0,4.14,6.3
2022-01-30,-0.3,3.0,-3.9,-4.8,-0.7,59,0.0,0.0,0.0,0.0,3.86,5.5
2022-01-31,2.1,4.2,-0.1,-3.5,-2.3,59,0.0,0.0,0.0,0.0,7.4,12.1
2022-02-01,-0.7,2.6,-3.1,-6.6,-3.2,55,0.0,0.0,0.0,0.0,6.29,9.7
2022-02-02,-0.5,3.0,-4.1,-4.9,-1.0,51,0.0,0.0,0.0,0.0,3.43,5.4
2022-02-03,0.5,4.1,-2.9,-3.6,0.2,55,0.0,0.0,0.0,0.0,2.96,4.8
2022-02-04,-0.8,2.7,-4.1,-6.8,-3.5,56,0.0,0.0,0.0,0.0,8.35,13.4
2022-02-05,-2.0,1.4,-4.8,-8.4,-5.6,47,0.0,0.0,0.0,0.0,7.8,13.0
2022-02-06,0.2,4.8,-2.8,-5.2,-1.0,44,0.0,0.0,0.0,0.0,4.63,8.4
2022-02-07,0.7,3.7,-2.3,-3.3,0.2,48,0.0,0.0,0.0,0.0,2.93,4.4
2022-02-08,2.4,6.2,-1.1,-1.7,2.2,50,0.0,0.0,0.0,0.0,3.25,5.0
2022-02-09,3.3,6.7,0.1,-0.8,2.1,67,0.0,0.0,0.0,0.0,4.43,7.7
2022-02-10,4.1,7.8,0.5,0.4,5.0,72,0.0,0.0,0.0,0.0,3.66,5.7
2022-02-11,4.7,8.2,1.7,1.9,5.7,79,0.0,0.0,0.0,0.0,3.2,5.4
2022-02-12,3.7,7.2,0.6,0.7,4.3,85,0.0,0.0,0.0,0.0,3.62,6.3
2022-02-13,3.6,5.5,2.0,0.0,2.0,80,0.0,0.0,0.0,0.0,4.1,7.2
2022-02-14,1.2,4.1,-3.5,-4.4,0.5,73,0.4,0.4,0.0,4.0,7.63,12.3
2022-02-15,-2.3,1.1,-4.8,-7.1,-3.5,56,0.0,0.0,0.0,0.0,5.42,7.4
2022-02-16,-2.8,0.8,-5.0,-8.7,-5.0,55,0.0,0.0,0.0,0.0,7.77,12.4
2022-02-17,-2.7,-0.3,-5.0,-8.1,-5.1,51,0.0,0.0,0.0,0.0,5.72,9.4
2022-02-18,-0.2,2.1,-3.4,-4.0,-0.9,59,0.2,0.0,0.14,2.0,3.75,6.1
2022-02-19,-0.9,0.8,-3.5,-7.7,-4.8,52,0.0,0.0,0.0,0.0,9.2,15.0
2022-02-20,-0.4,3.1,-3.6,-6.1,-1.9,38,0.0,0.0,0.0,0.0,5.99,9.6
2022-02-21,1.2,5.3,-1.8,-3.8,0.9,46,0.0,0.0,0.0,0.0,4.76,8.5
2022-02-22,-0.6,3.3,-3.7,-6.3,-2.6,45,0.0,0.0,0.0,0.0,7.15,11.7
2022-02-23,-1.4,1.9,-5.2,-6.0,-1.5,48,0.0,0.0,0.0,0.0,4.83,6.5
2022-02-24,3.5,7.4,-0.4,-1.5,3.0,62,0.0,0.0,0.0,0.0,5.88,9.6
2022-02-25,6.2,9.3,3.1,1.1,4.3,66,0.0,0.0,0.0,0.0,7.59,12.2
2022-02-26,6.6,9.7,2.3,0.8,4.4,51,0.0,0.0,0.0,0.0,9.48,15.4
2022-02-27,5.9,9.3,2.5,0.9,3.9,54,0.0,0.0,0.0,0.0,7.03,11.5
2022-02-28,6.6,8.3,5.1,2.7,4.4,80,0.0,0.0,0.0,0.0,6.11,10.8
2022-03-01,5.4,7.9,2.2,0.4,4.6,55,0.0,0.0,0.0,0.0,7.6,11.2
2022-03-02,6.5,11.0,2.0,2.0,5.6,52,0.0,0.0,0.0,0.0,6.3,10.5
2022-03-03,7.2,11.0,2.9,3.4,7.4,58,0.0,0.0,0.0,0.0,5.9,8.2
2022-03-04,10.1,15.8,5.9,4.4,10.3,45,0.0,0.0,0.0,0.0,9.68,15.0
2022-03-05,5.2,9.4,1.6,-0.1,4.0,34,0.0,0.0,0.0,0.0,6.95,11.4
2022-03-06,4.4,6.8,1.6,0.0,3.0,45,0.0,0.0,0.0,0.0,6.12,9.7
2022-03-07,7.0,11.1,4.6,3.0,7.2,62,0.1,0.1,0.0,1.0,5.83,9.3
2022-03-08,7.2,10.8,3.5,4.0,8.2,65,0.0,0.0,0.0,0.0,4.03,7.0
2022-03-09,8.1,11.2,5.5,5.3,9.1,83,0.0,0.0,0.0,0.0,4.95,8.6
2022-03-10,8.3,10.0,6.6,5.0,6.7,86,0.3,0.3,0.0,2.0,5.77,8.8
2022-03-11,8.4,12.0,5.3,5.7,9.2,88,0.0,0.0,0.0,0.0,4.43,7.8
2022-03-12,7.6,8.9,6.4,4.8,6.6,92,3.7,3.7,0.0,8.0,5.96,8.9
2022-03-13,7.9,10.0,6.5,5.7,8.1,95,0.1,0.1,0.0,1.0,4.75,7.0
2022-03-14,9.3,13.6,6.3,5.6,9.1,75,1.4,1.4,0.0,6.0,7.11,12.8
2022-03-15,8.2,10.7,5.6,4.3,7.2,77,0.0,0.0,0.0,0.0,6.71,11.5
2022-03-16,8.5,11.9,5.8,4.4,8.5,75,0.5,0.5,0.0,2.0,8.61,13.0
2022-03-17,4.5,5.7,3.7,-2.1,-0.5,56,4.1,4.0,0.07,15.0,9.57,14.8
2022-03-18,4.3,6.6,2.5,0.0,4.0,63,3.2,2.7,0.35,7.0,5.77,8.6
2022-03-19,3.0,5.5,0.9,-3.5,-0.8,62,0.3,0.3,0.0,2.0,9.92,16.0
2022-03-20,3.0,5.6,0.2,-1.5,1.6,60,0.0,0.0,0.0,0.0,4.62,7.9
2022-03-21,5.3,7.2,2.9,1.9,4.0,66,0.0,0.0,0.0,0.0,3.06,5.5
2022-03-22,6.2,8.3,4.2,2.3,5.8,62,0.0,0.0,0.0,0.0,4.96,8.1
2022-03-23,8.9,11.6,6.4,4.5,7.7,67,0.0,0.0,0.0,0.0,7.83,11.7
2022-03-24,9.2,10.8,7.5,4.8,7.3,78,0.0,0.0,0.0,0.0,8.39,13.8
2022-03-25,9.2,9.6,8.0,5.7,7.5,95,22.7,22.7,0.0,14.0,9.39,14.0
2022-03-26,10.4,13.8,7.9,5.4,9.6,58,0.0,0.0,0.0,0.0,10.08,15.3
2022-03-27,9.0,11.2,5.5,4.4,7.3,48,0.0,0.0,0.0,0.0,9.05,13.8
2022-03-28,7.6,9.8,5.2,3.4,6.0,61,0.0,0.0,0.0,0.0,6.45,9.6
2022-03-29,8.6,10.3,7.0,4.2,6.7,76,0.0,0.0,0.0,0.0,7.29,11.8
2022-03-30,10.0,13.1,6.6,7.1,11.9,81,0.2,0.2,0.0,2.0,5.79,8.8
2022-03-31,8.6,11.7,6.0,3.7,6.4,52,0.0,0.0,0.0,0.0,6.21,9.8
2022-04-01,7.7,11.0,4.8,3.7,9.9,49,0.0,0.0,0.0,0.0,5.55,8.5
2022-04-02,8.5,10.9,5.9,5.1,8.5,65,0.0,0.0,0.0,0.0,5.31,8.6
2022-04-03,9.4,12.1,6.5,6.0,9.7,69,0.0,0.0,0.0,0.0,6.41,10.3
2022-04-04,10.4,13.1,8.3,6.2,9.5,68,0.0,0.0,0.0,0.0,7.1,11.6
2022-04-05,11.0,13.7,9.2,7.5,10.5,75,0.0,0.0,0.0,0.0,6.96,10.8
2022-04-06,9.6,11.1,7.5,4.9,7.8,62,0.0,0.0,0.0,0.0,8.79,14.1
2022-04-07,9.8,13.9,7.2,7.5,12.7,78,0.0,0.0,0.0,0.0,5.16,7.5
2022-04-08,11.5,14.3,8.2,8.7,11.9,83,0.0,0.0,0.0,0.0,6.25,10.2
2022-04-09,16.4,18.9,14.0,12.5,15.5,63,0.0,0.0,0.0,0.0,8.95,13.4
2022-04-10,14.1,15.9,12.1,10.8,13.5,76,0.0,0.0,0.0,0.0,7.98,11.6
2022-04-11,15.0,18.1,11.9,12.8,17.4,81,0.0,0.0,0.0,0.0,6.51,10.2
2022-04-12,12.9,15.4,10.6,9.6,13.7,79,3.0,3.0,0.0,5.0,7.62,12.2
2022-04-13,12.2,15.1,10.1,8.2,11.5,53,0.0,0.0,0.0,0.0,5.87,9.0
2022-04-14,11.9,15.3,9.0,9.1,14.7,64,0.0,0.0,0.0,0.0,4.85,7.7
2022-04-15,11.8,15.3,9.1,7.4,11.7,49,0.0,0.0,0.0,0.0,6.75,11.8
2022-04-16,12.2,16.2,7.5,8.4,14.4,45,0.0,0.0,0.0,0.0,5.32,8.6
2022-04-17,13.1,15.9,8.9,9.7,14.8,51,0.0,0.0,0.0,0.0,5.57,9.3
2022-04-18,13.3,15.5,11.0,10.5,13.2,63,0.0,0.0,0.0,0.0,4.82,8.1
2022-04-19,14.0,18.3,9.8,11.2,17.9,59,0.0,0.0,0.0,0.0,6.59,10.6
2022-04-20,14.7,17.2,12.1,11.3,14.5,68,0.0,0.0,0.0,0.0,7.99,13.0
2022-04-21,16.0,18.4,13.4,12.5,15.0,70,0.0,0.0,0.0,0.0,9.52,15.0
2022-04-22,16.2,18.7,12.2,14.4,18.1,65,0.0,0.0,0.0,0.0,6.88,11.1
2022-04-23,12.8,15.3,10.4,10.6,14.0,75,0.0,0.0,0.0,0.0,6.35,9.1
2022-04-24,14.6,17.5,11.4,12.5,17.0,88,0.0,0.0,0.0,0.0,7.25,11.0
2022-04-25,13.8,14.6,13.2,12.4,14.3,95,0.2,0.2,0.0,1.0,6.55,9.9
2022-04-26,16.0,20.1,13.0,15.1,19.0,81,0.0,0.0,0.0,0.0,6.01,9.5
2022-04-27,13.7,16.0,11.3,10.4,15.2,53,0.0,0.0,0.0,0.0,8.2,12.2
2022-04-28,12.9,16.9,9.7,9.8,15.0,58,2.6,2.6,0.0,6.0,5.91,9.9
2022-04-29,11.7,15.5,8.1,9.4,16.3,74,0.0,0.0,0.0,0.0,6.09,9.1
2022-04-30,13.3,15.8,11.0,10.9,12.7,65,0.0,0.0,0.0,0.0,5.3,9.5
2022-05-01,15.5,20.0,10.4,12.1,16.3,45,0.0,0.0,0.0,0.0,6.96,13.1
2022-05-02,14.8,17.9,12.0,12.2,16.7,56,0.0,0.0,0.0,0.0,6.26,10.3
2022-05-03,16.0,18.9,12.2,13.0,16.7,69,0.0,0.0,0.0,0.0,7.91,12.3
2022-05-04,18.5,20.8,16.3,15.3,18.2,64,0.0,0.0,0.0,0.0,8.92,13.8
2022-05-05,17.0,18.8,15.1,13.7,16.4,68,0.0,0.0,0.0,0.0,8.73,13.7
2022-05-06,16.5,18.6,14.8,15.1,18.5,82,0.0,0.0,0.0,0.0,7.84,12.2
2022-05-07,15.6,17.9,13.9,12.7,15.4,59,0.0,0.0,0.0,0.0,7.18,11.0
2022-05-08,14.4,16.3,12.0,11.6,14.6,49,0.0,0.0,0.0,0.0,5.15,8.5
2022-05-09,13.1,15.6,10.0,11.1,14.8,69,1.6,1.6,0.0,3.0,4.13,6.6
2022-05-10,13.1,14.0,12.2,12.2,13.1,87,1.8,1.8,0.0,11.0,3.13,6.1
2022-05-11,14.7,16.9,12.5,14.2,16.2,82,0.0,0.0,0.0,0.0,3.21,5.4
2022-05-12,15.2,17.8,12.4,15.2,19.1,79,0.0,0.0,0.0,0.0,2.78,5.7
2022-05-13,15.4,17.9,13.8,13.3,15.7,66,0.0,0.0,0.0,0.0,5.33,7.2
2022-05-14,15.7,19.0,12.2,13.0,16.3,51,0.0,0.0,0.0,0.0,4.05,8.3
2022-05-15,16.4,19.3,12.7,14.7,17.6,60,0.0,0.0,0.0,0.0,5.35,9.3
2022-05-16,18.5,22.4,14.4,16.0,19.0,55,0.0,0.0,0.0,0.0,6.96,9.9
2022-05-17,19.5,22.5,14.2,17.3,20.8,58,0.0,0.0,0.0,0.0,7.96,12.8
2022-05-18,22.6,26.3,19.6,19.7,22.9,45,0.0,0.0,0.0,0.0,8.67,15.2
2022-05-19,20.1,23.0,17.6,18.3,21.5,58,0.0,0.0,0.0,0.0,7.83,12.3
2022-05-20,18.6,21.9,16.3,18.3,23.7,74,0.0,0.0,0.0,0.0,5.6,8.7
2022-05-21,19.3,22.8,16.1,18.8,22.9,76,0.0,0.0,0.0,0.0,6.15,10.1
2022-05-22,21.6,25.0,17.1,20.9,25.4,61,0.0,0.0,0.0,0.0,6.16,9.8
2022-05-23,20.4,22.7,18.5,19.6,23.0,69,0.0,0.0,0.0,0.0,6.58,10.9
2022-05-24,19.8,21.7,18.1,18.7,21.2,76,0.0,0.0,0.0,0.0,7.06,11.1
2022-05-25,18.4,21.3,15.3,17.6,23.1,77,1.8,1.8,0.0,4.0,7.7,11.9
2022-05-26,19.4,24.7,13.5,17.4,21.0,56,0.0,0.0,0.0,0.0,7.76,12.5
2022-05-27,23.2,27.6,18.6,20.7,25.2,42,0.0,0.0,0.0,0.0,7.57,11.4
2022-05-28,22.1,24.2,20.3,20.4,23.0,59,0.0,0.0,0.0,0.0,7.71,12.2
2022-05-29,20.0,21.5,18.0,19.6,21.3,84,0.0,0.0,0.0,0.0,7.83,12.0
2022-05-30,20.7,24.0,18.3,19.7,25.4,59,0.0,0.0,0.0,0.0,6.68,9.4
2022-05-31,21.7,24.9,18.8,18.2,22.1,54,0.0,0.0,0.0,0.0,10.0,15.7
2022-06-01,21.6,24.8,18.5,21.5,26.1,64,0.0,0.0,0.0,0.0,7.03,11.1
2022-06-02,21.0,23.9,18.4,22.2,26.2,83,0.0,0.0,0.0,0.0,4.87,7.9
2022-06-03,20.5,22.8,18.7,20.8,24.6,87,0.0,0.0,0.0,0.0,7.27,11.4
2022-06-04,19.2,19.8,18.8,19.1,20.5,93,1.2,1.2,0.0,7.0,7.49,11.7
2022-06-05,20.1,22.9,18.4,21.0,25.1,87,0.0,0.0,0.0,0.0,5.4,9.0
2022-06-06,20.2,22.8,17.8,20.4,25.1,77,0.6,0.6,0.0,5.0,5.88,9.9
2022-06-07,19.2,23.1,15.8,18.4,25.3,67,0.0,0.0,0.0,0.0,7.36,11.7
2022-06-08,19.1,20.9,17.0,18.9,20.1,82,1.7,1.7,0.0,3.0,6.63,10.5
2022-06-09,20.3,22.1,18.9,21.1,23.5,86,0.1,0.1,0.0,1.0,5.73,9.3
2022-06-10,20.0,21.3,19.3,20.4,21.8,90,1.0,1.0,0.0,3.0,5.91,10.3
2022-06-11,20.8,22.5,19.0,22.0,24.3,87,0.1,0.1,0.0,1.0,4.99,8.6
2022-06-12,21.1,22.9,19.6,21.3,23.6,83,0.0,0.0,0.0,0.0,6.4,10.2
2022-06-13,20.7,22.2,19.3,21.2,23.0,86,0.4,0.4,0.0,4.0,6.4,10.1
2022-06-14,20.3,21.8,19.4,21.7,23.3,87,2.6,2.6,0.0,12.0,4.62,8.8
2022-06-15,21.5,25.1,18.6,22.6,27.7,79,0.0,0.0,0.0,0.0,5.46,9.4
2022-06-16,21.7,23.5,19.7,22.9,24.7,85,3.0,3.0,0.0,4.0,6.13,8.7
2022-06-17,22.8,24.9,21.0,24.4,27.3,86,12.3,12.3,0.0,10.0,6.21,12.2
2022-06-18,24.4,27.6,22.2,26.7,31.9,80,0.0,0.0,0.0,0.0,5.3,7.9
2022-06-19,23.0,24.8,21.5,25.2,28.0,88,0.0,0.0,0.0,0.0,5.57,9.2
2022-06-20,22.2,24.0,21.2,24.4,26.6,91,0.0,0.0,0.0,0.0,5.75,9.5
2022-06-21,22.4,24.3,20.9,24.4,27.1,89,0.0,0.0,0.0,0.0,5.56,8.5
2022-06-22,23.0,24.4,21.7,24.7,26.9,91,0.3,0.3,0.0,1.0,6.71,9.8
2022-06-23,24.1,26.1,21.8,26.5,29.0,90,50.7,50.7,0.0,17.0,6.58,13.0
2022-06-24,25.0,28.7,21.0,28.1,31.8,78,0.1,0.1,0.0,1.0,4.47,8.0
2022-06-25,26.1,28.6,22.8,29.0,33.0,81,0.0,0.0,0.0,0.0,7.72,10.9
2022-06-26,26.1,28.7,24.2,29.2,33.2,86,6.2,6.2,0.0,9.0,8.43,10.4
2022-06-27,25.2,26.0,24.2,27.7,29.4,91,76.0,76.0,0.0,24.0,9.38,21.1
2022-06-28,24.4,25.2,23.5,27.7,29.2,93,34.7,34.7,0.0,16.0,7.01,14.6
2022-06-29,24.5,26.1,22.6,28.9,31.4,92,3.0,3.0,0.0,7.0,4.12,6.5
2022-06-30,24.5,26.4,23.5,28.5,31.8,93,2.4,2.4,0.0,9.0,5.41,9.1
2022-07-01,24.6,26.3,23.3,27.4,28.7,91,15.5,15.5,0.0,12.0,7.32,11.2
2022-07-02,24.8,26.1,23.5,27.3,29.2,90,27.9,27.9,0.0,6.0,6.89,10.4
2022-07-03,24.4,24.9,24.0,27.4,28.3,93,0.0,0.0,0.0,0.0,5.84,8.7
2022-07-04,24.6,25.6,24.0,28.4,30.4,93,0.0,0.0,0.0,0.0,4.88,7.2
2022-07-05,24.9,26.2,23.7,28.8,30.7,93,0.1,0.1,0.0,1.0,5.35,7.7
2022-07-06,25.6,26.7,24.6,28.9,30.4,94,4.6,4.6,0.0,16.0,7.25,11.4
2022-07-07,25.9,27.8,24.3,29.3,31.7,87,0.9,0.9,0.0,7.0,6.53,10.8
2022-07-08,27.0,29.5,24.3,31.3,35.8,80,0.0,0.0,0.0,0.0,4.42,6.6
2022-07-09,27.1,29.4,24.7,32.0,35.8,84,0.0,0.0,0.0,0.0,4.21,6.2
2022-07-10,26.1,27.2,25.3,30.6,32.1,93,4.3,4.3,0.0,10.0,5.83,10.6
2022-07-11,26.0,27.7,25.0,30.8,33.2,89,0.4,0.4,0.0,3.0,5.92,6.9
2022-07-12,25.7,26.6,25.0,29.1,31.5,94,22.1,22.1,0.0,19.0,7.3,10.8
2022-07-13,26.9,28.6,25.6,31.5,32.8,88,0.5,0.5,0.0,5.0,5.72,8.0
2022-07-14,26.9,28.9,25.4,32.6,35.7,87,0.0,0.0,0.0,0.0,4.49,6.8
2022-07-15,27.6,30.3,24.9,33.6,37.6,84,0.0,0.0,0.0,0.0,2.86,4.9
2022-07-16,27.7,30.0,25.4,32.7,36.8,80,0.3,0.3,0.0,2.0,4.37,8.1
2022-07-17,24.6,25.7,23.3,27.4,28.6,83,20.9,20.9,0.0,21.0,6.67,11.1
2022-07-18,26.3,28.8,23.9,30.8,34.3,82,0.1,0.1,0.0,1.0,4.24,8.1
2022-07-19,25.8,27.3,23.8,30.4,32.3,87,0.0,0.0,0.0,0.0,3.91,5.9
2022-07-20,24.6,26.5,22.6,27.5,31.5,87,17.1,17.1,0.0,11.0,9.08,11.9
2022-07-21,24.6,27.1,22.2,27.7,30.9,83,0.1,0.1,0.0,1.0,5.38,7.4
2022-07-22,26.2,28.9,23.6,30.5,34.9,82,0.0,0.0,0.0,0.0,3.62,5.4
2022-07-23,24.7,26.6,23.7,27.6,29.9,88,40.7,40.7,0.0,12.0,6.68,11.1
2022-07-24,25.7,28.7,22.4,29.6,35.3,84,0.0,0.0,0.0,0.0,4.57,7.1
2022-07-25,25.9,27.7,24.1,29.8,33.0,84,0.0,0.0,0.0,0.0,4.97,7.4
2022-07-26,25.3,26.1,24.4,28.2,29.0,87,0.0,0.0,0.0,0.0,6.19,8.7
2022-07-27,25.5,27.0,24.1,30.0,32.0,92,7.1,7.1,0.0,19.0,4.75,7.7
2022-07-28,26.6,28.6,24.8,31.7,33.6,91,0.1,0.1,0.0,1.0,5.19,8.3
2022-07-29,26.6,27.4,26.0,32.3,33.2,95,6.9,6.9,0.0,15.0,4.32,7.9
2022-07-30,27.0,27.9,26.3,31.7,32.3,89,0.9,0.9,0.0,5.0,5.3,10.4
2022-07-31,27.1,28.6,25.7,31.3,32.5,87,1.9,1.9,0.0,8.0,5.71,8.5
2022-08-01,27.8,30.4,25.2,32.4,35.6,84,0.0,0.0,0.0,0.0,5.36,8.1
2022-08-02,28.1,30.5,25.7,33.9,38.2,85,0.0,0.0,0.0,0.0,4.46,6.1
2022-08-03,28.7,30.7,27.1,35.0,38.4,91,0.2,0.2,0.0,1.0,5.35,8.5
2022-08-04,28.7,30.5,27.4,35.0,38.0,90,0.0,0.0,0.0,0.0,4.16,6.7
2022-08-05,30.0,32.1,27.7,36.8,40.5,87,0.0,0.0,0.0,0.0,4.68,7.2
2022-08-06,30.1,32.1,28.7,36.8,38.9,85,0.1,0.1,0.0,1.0,4.87,7.1
2022-08-07,30.5,31.6,29.1,36.2,37.3,84,0.0,0.0,0.0,0.0,6.22,9.7
2022-08-08,30.0,31.4,27.8,37.1,38.6,87,6.4,6.4,0.0,11.0,5.35,8.4
2022-08-09,26.2,28.5,23.0,30.2,34.3,93,13.7,13.7,0.0,20.0,7.64,11.8
2022-08-10,23.9,25.3,23.0,27.3,29.8,93,39.6,39.6,0.0,24.0,4.75,8.8
2022-08-11,26.0,28.9,24.5,30.8,33.2,87,3.1,3.1,0.0,11.0,3.5,9.1
2022-08-12,27.1,28.4,25.7,32.6,34.4,92,15.3,15.3,0.0,8.0,4.07,8.5
2022-08-13,29.0,31.1,27.5,35.9,38.7,91,2.7,2.7,0.0,6.0,4.06,7.1
2022-08-14,29.3,31.3,27.0,35.3,38.9,88,2.3,2.3,0.0,1.0,6.0,8.9
2022-08-15,30.0,31.8,27.2,35.3,38.1,81,0.4,0.4,0.0,1.0,6.19,11.4
2022-08-16,26.6,27.9,25.3,30.7,33.0,79,0.5,0.5,0.0,2.0,4.41,6.9
2022-08-17,25.9,28.5,22.9,29.0,33.3,73,0.0,0.0,0.0,0.0,4.43,6.3
2022-08-18,27.2,28.8,25.0,30.0,33.1,76,0.0,0.0,0.0,0.0,7.53,11.2
2022-08-19,27.8,29.4,26.5,32.6,35.5,91,4.7,4.7,0.0,8.0,7.75,11.3
2022-08-20,25.6,28.5,23.4,27.3,30.4,72,0.0,0.0,0.0,0.0,5.96,8.7
2022-08-21,25.4,27.9,22.2,28.1,32.3,73,0.0,0.0,0.0,0.0,5.92,8.9
2022-08-22,27.3,28.3,26.0,31.6,35.0,90,42.2,42.2,0.0,12.0,7.61,10.3
2022-08-23,25.1,27.6,21.8,24.5,28.0,64,3.2,3.2,0.0,3.0,8.39,15.0
2022-08-24,24.2,27.6,20.5,25.2,29.5,62,0.0,0.0,0.0,0.0,4.8,7.7
2022-08-25,22.5,23.8,21.3,24.5,26.1,79,5.1,5.1,0.0,11.0,3.76,6.3
2022-08-26,24.2,27.1,20.6,26.8,30.1,78,0.0,0.0,0.0,0.0,4.06,7.8
2022-08-27,23.7,26.0,21.6,22.8,25.7,54,0.0,0.0,0.0,0.0,7.09,10.7
2022-08-28,22.6,23.9,21.4,23.1,24.6,65,1.2,1.2,0.0,6.0,4.42,5.9
2022-08-29,21.5,22.4,20.3,23.6,24.8,85,5.4,5.4,0.0,18.0,3.96,6.0
2022-08-30,21.7,23.2,20.8,23.1,24.9,86,6.4,6.4,0.0,11.0,5.09,7.5
2022-08-31,23.1,26.8,19.3,25.0,28.8,79,0.1,0.1,0.0,1.0,3.94,6.3
2022-09-01,23.8,27.1,20.6,26.3,29.8,79,0.0,0.0,0.0,0.0,3.81,7.0
2022-09-02,23.2,26.5,20.2,24.8,28.7,74,0.0,0.0,0.0,0.0,4.29,6.5
2022-09-03,23.6,26.0,20.7,25.3,27.6,81,1.4,1.4,0.0,3.0,5.65,8.9
2022-09-04,23.9,26.8,22.3,25.8,29.7,82,25.1,25.1,0.0,6.0,7.25,11.8
2022-09-05,23.3,25.9,21.1,25.3,27.4,82,0.0,0.0,0.0,0.0,5.13,8.6
2022-09-06,23.5,26.6,20.9,26.3,29.0,84,0.0,0.0,0.0,0.0,4.05,7.3
2022-09-07,24.2,27.9,20.9,25.5,30.1,63,0.0,0.0,0.0,0.0,3.37,4.7
2022-09-08,24.3,27.6,21.8,26.2,30.4,67,0.0,0.0,0.0,0.0,3.18,4.5
2022-09-09,24.3,27.3,21.9,26.8,30.5,72,0.0,0.0,0.0,0.0,2.97,4.5
2022-09-10,23.7,25.7,21.9,25.9,28.9,74,0.0,0.0,0.0,0.0,3.64,6.0
2022-09-11,23.6,25.6,21.5,25.7,28.5,74,0.0,0.0,0.0,0.0,3.91,6.2
2022-09-12,23.5,25.8,21.4,26.0,29.1,78,0.0,0.0,0.0,0.0,4.01,6.6
2022-09-13,24.0,26.3,21.7,25.5,27.5,75,0.0,0.0,0.0,0.0,5.26,9.3
2022-09-14,22.4,23.2,21.1,22.8,24.5,89,86.9,86.9,0.0,22.0,8.84,14.1
2022-09-15,23.2,23.9,22.2,23.8,24.4,94,102.1,102.1,0.0,24.0,10.95,17.3
2022-09-16,22.9,23.9,20.6,23.9,27.2,89,8.5,8.5,0.0,5.0,9.42,17.0
2022-09-17,22.6,25.6,19.8,25.0,29.1,78,0.0,0.0,0.0,0.0,2.55,4.9
2022-09-18,23.9,28.5,20.4,24.9,31.4,75,0.0,0.0,0.0,0.0,9.17,13.5
2022-09-19,21.2,23.5,19.0,16.6,19.7,49,0.0,0.0,0.0,0.0,9.72,15.2
2022-09-20,19.7,22.5,17.1,17.0,20.4,51,0.0,0.0,0.0,0.0,7.39,11.2
2022-09-21,20.1,22.8,17.0,19.0,22.5,55,0.0,0.0,0.0,0.0,5.06,7.9
2022-09-22,21.7,23.5,19.3,20.8,22.5,67,0.0,0.0,0.0,0.0,6.84,10.5
2022-09-23,18.9,22.3,16.6,14.9,21.4,52,0.2,0.2,0.0,2.0,10.95,16.8
2022-09-24,19.0,22.2,15.4,17.6,20.9,54,0.0,0.0,0.0,0.0,3.44,6.0
2022-09-25,20.9,23.5,17.9,20.2,23.2,63,0.0,0.0,0.0,0.0,4.99,7.6
2022-09-26,21.2,23.8,18.9,21.8,25.3,68,0.0,0.0,0.0,0.0,3.52,6.1
2022-09-27,20.8,23.6,18.3,21.4,25.0,67,0.0,0.0,0.0,0.0,3.21,4.9
2022-09-28,21.4,24.0,19.1,22.0,25.2,72,0.0,0.0,0.0,0.0,4.29,7.0
2022-09-29,22.4,25.0,20.3,23.6,26.8,79,0.0,0.0,0.0,0.0,5.32,8.5
2022-09-30,22.4,24.2,21.0,23.2,24.7,80,0.0,0.0,0.0,0.0,5.93,9.1
2022-10-01,21.9,23.5,20.9,22.6,23.9,84,4.9,4.9,0.0,9.0,7.19,11.0
2022-10-02,23.4,24.9,22.1,26.3,29.5,95,15.6,15.6,0.0,21.0,8.01,14.4
2022-10-03,20.9,23.0,15.3,21.6,26.5,94,38.8,38.8,0.0,23.0,11.65,16.2
2022-10-04,13.8,15.2,12.2,8.1,10.8,64,1.7,1.7,0.0,4.0,10.94,17.7
2022-10-05,13.3,16.0,10.9,8.7,11.6,56,0.0,0.0,0.0,0.0,7.87,12.1
2022-10-06,14.0,15.9,12.0,10.3,12.8,55,0.0,0.0,0.0,0.0,6.14,9.6
2022-10-07,14.8,17.9,11.5,12.6,16.7,58,0.0,0.0,0.0,0.0,4.05,7.2
2022-10-08,16.7,19.1,13.0,14.2,16.7,57,0.0,0.0,0.0,0.0,5.49,9.6
2022-10-09,15.3,18.1,11.2,10.3,15.3,60,0.4,0.4,0.0,3.0,11.27,18.1
2022-10-10,12.3,14.7,9.9,6.6,8.1,57,0.0,0.0,0.0,0.0,10.78,17.6
2022-10-11,14.2,18.0,10.1,11.4,15.8,53,0.0,0.0,0.0,0.0,4.49,7.8
2022-10-12,15.4,18.6,11.7,13.9,17.9,63,0.0,0.0,0.0,0.0,2.89,5.4
2022-10-13,16.5,19.1,12.6,16.0,18.8,70,0.0,0.0,0.0,0.0,2.27,4.6
2022-10-14,17.2,19.3,14.6,17.5,19.4,74,0.0,0.0,0.0,0.0,1.76,3.5
2022-10-15,17.0,20.0,14.2,17.1,20.7,77,0.0,0.0,0.0,0.0,2.06,4.4
2022-10-16,17.2,20.5,13.3,15.7,20.0,71,1.3,1.3,0.0,3.0,7.99,11.5
2022-10-17,12.6,15.7,9.4,7.4,9.4,50,0.0,0.0,0.0,0.0,9.66,15.7
2022-10-18,12.5,16.8,8.3,8.7,12.1,47,0.0,0.0,0.0,0.0,4.92,8.5
2022-10-19,14.4,18.3,9.7,11.6,15.5,50,0.0,0.0,0.0,0.0,4.1,6.0
2022-10-20,16.0,18.6,12.5,13.3,15.7,65,0.0,0.0,0.0,0.0,6.11,10.1
2022-10-21,17.5,19.7,15.2,16.5,18.5,75,0.0,0.0,0.0,0.0,5.02,7.0
2022-10-22,17.0,21.6,13.3,16.1,21.0,78,0.0,0.0,0.0,0.0,6.26,9.4
2022-10-23,14.7,18.5,10.9,12.2,15.8,58,0.0,0.0,0.0,0.0,5.28,8.3
2022-10-24,14.5,17.0,11.7,12.0,14.9,60,0.0,0.0,0.0,0.0,3.86,7.3
2022-10-25,16.3,18.8,13.6,13.9,16.3,68,0.0,0.0,0.0,0.0,6.41,10.2
2022-10-26,16.2,17.8,14.2,14.4,16.2,69,0.0,0.0,0.0,0.0,4.66,7.9
2022-10-27,15.0,18.8,12.4,12.8,16.2,73,0.0,0.0,0.0,0.0,5.68,9.2
2022-10-28,12.8,16.7,10.0,9.4,13.0,63,0.0,0.0,0.0,0.0,5.19,8.1
2022-10-29,12.7,15.6,10.0,10.3,13.6,66,0.0,0.0,0.0,0.0,4.11,6.5
2022-10-30,14.6,17.4,11.4,13.2,15.8,71,0.0,0.0,0.0,0.0,2.95,5.4
2022-10-31,15.8,18.9,12.9,15.0,18.6,73,0.0,0.0,0.0,0.0,4.33,6.7
2022-11-01,13.8,17.1,11.0,10.8,14.2,60,0.0,0.0,0.0,0.0,5.13,8.1
2022-11-02,13.9,17.2,9.7,12.0,15.5,69,0.0,0.0,0.0,0.0,3.54,6.0
2022-11-03,11.7,14.2,7.7,8.3,12.6,75,0.0,0.0,0.0,0.0,8.14,13.1
2022-11-04,9.1,13.0,5.8,5.0,8.5,61,0.0,0.0,0.0,0.0,5.78,8.6
2022-11-05,10.5,14.8,6.4,6.9,11.2,53,0.0,0.0,0.0,0.0,4.07,6.6
2022-11-06,14.1,16.5,10.5,10.5,12.9,62,0.1,0.1,0.0,1.0,7.08,11.6
2022-11-07,15.3,18.2,11.0,13.2,16.3,72,0.7,0.7,0.0,5.0,6.68,10.8
2022-11-08,12.3,15.4,9.0,11.0,14.4,86,0.0,0.0,0.0,0.0,3.94,5.0
2022-11-09,15.6,17.6,13.5,14.4,16.4,80,0.0,0.0,0.0,0.0,4.95,7.6
2022-11-10,16.7,18.3,15.1,17.1,18.8,90,0.6,0.6,0.0,6.0,3.92,5.2
2022-11-11,17.8,19.0,16.5,17.6,18.4,90,0.5,0.5,0.0,5.0,4.87,8.1
2022-11-12,15.5,18.3,9.2,13.2,18.3,92,6.1,6.1,0.0,13.0,11.36,16.4
2022-11-13,8.3,10.3,6.2,2.3,4.4,64,0.0,0.0,0.0,0.0,10.54,16.6
2022-11-14,8.0,11.0,5.0,4.2,7.2,63,0.0,0.0,0.0,0.0,5.14,7.5
2022-11-15,11.1,15.3,7.6,7.8,11.9,63,0.0,0.0,0.0,0.0,4.6,7.4
2022-11-16,12.6,15.6,9.2,9.7,12.2,57,0.0,0.0,0.0,0.0,5.17,7.3
2022-11-17,14.3,17.3,11.6,12.0,15.3,70,0.0,0.0,0.0,0.0,4.46,6.9
2022-11-18,13.6,16.3,10.9,11.3,14.0,73,0.0,0.0,0.0,0.0,5.37,8.4
2022-11-19,13.5,14.6,12.5,13.0,14.5,83,4.6,4.6,0.0,10.0,3.53,5.2
2022-11-20,13.7,15.8,12.1,13.4,15.8,89,0.9,0.9,0.0,6.0,2.5,4.1
2022-11-21,13.7,16.0,11.9,12.3,14.4,88,0.9,0.9,0.0,7.0,6.52,10.1
2022-11-22,10.2,11.8,8.8,6.9,8.2,85,12.0,12.0,0.0,19.0,7.51,11.4
2022-11-23,10.5,13.5,7.5,8.3,12.0,79,0.0,0.0,0.0,0.0,4.19,6.3
2022-11-24,13.8,15.9,11.2,11.2,12.6,81,0.0,0.0,0.0,0.0,6.93,11.3
2022-11-25,14.5,17.5,10.5,11.7,16.0,78,0.0,0.0,0.0,0.0,7.85,12.1
2022-11-26,9.4,10.6,7.9,4.8,7.6,55,0.0,0.0,0.0,0.0,7.89,10.9
2022-11-27,14.8,16.3,10.2,11.3,14.4,81,1.4,1.4,0.0,11.0,8.89,13.5
2022-11-28,13.6,16.3,9.3,11.5,15.3,94,4.6,4.6,0.0,18.0,10.49,15.0
2022-11-29,4.6,9.4,-0.2,-3.1,3.5,64,0.0,0.0,0.0,0.0,11.38,16.8
2022-11-30,-1.4,-0.4,-2.4,-8.8,-7.5,58,0.0,0.0,0.0,0.0,10.88,16.4
2022-12-01,-1.2,1.6,-3.4,-7.6,-4.9,49,0.0,0.0,0.0,0.0,6.37,10.6
2022-12-02,1.5,5.0,-3.1,-3.6,-0.2,53,0.0,0.0,0.0,0.0,5.91,9.3
2022-12-03,3.4,7.1,0.7,-1.8,1.8,61,0.0,0.0,0.0,0.0,6.0,9.3
2022-12-04,2.0,3.9,0.8,-3.7,-1.8,58,0.0,0.0,0.0,0.0,6.39,9.5
2022-12-05,2.4,5.4,-0.4,-2.5,0.8,52,0.0,0.0,0.0,0.0,5.52,8.5
2022-12-06,3.7,8.1,0.2,-0.9,3.0,58,0.0,0.0,0.0,0.0,4.69,8.0
2022-12-07,5.0,9.1,1.4,1.1,6.0,62,0.0,0.0,0.0,0.0,3.94,5.4
2022-12-08,7.0,10.6,3.9,4.2,8.1,71,0.0,0.0,0.0,0.0,3.18,5.4
2022-12-09,6.4,9.4,3.5,3.1,6.1,73,0.0,0.0,0.0,0.0,3.52,5.2
2022-12-10,5.0,7.3,1.9,-0.1,4.6,75,0.2,0.2,0.0,2.0,10.14,16.0
2022-12-11,2.6,6.0,0.2,-2.3,1.8,62,0.0,0.0,0.0,0.0,7.4,10.5
2022-12-12,3.5,5.9,1.2,-2.4,-1.3,50,0.0,0.0,0.0,0.0,8.14,12.5
2022-12-13,1.1,3.6,-2.0,-5.6,-2.5,47,0.0,0.0,0.0,0.0,10.39,17.3
2022-12-14,-0.8,2.3,-3.3,-6.6,-3.5,44,0.0,0.0,0.0,0.0,7.85,11.3
2022-12-15,2.3,5.6,-1.5,-3.8,-0.2,61,0.0,0.0,0.0,0.0,8.62,13.4
2022-12-16,-1.8,0.2,-3.2,-7.8,-5.3,58,0.0,0.0,0.0,0.0,6.6,10.3
2022-12-17,-4.2,-3.0,-5.0,-12.3,-9.9,45,0.2,0.0,0.14,2.0,11.17,18.4
2022-12-18,-2.0,0.6,-4.6,-8.1,-4.8,43,0.1,0.0,0.07,1.0,8.73,13.9
2022-12-19,1.6,5.6,-1.6,-2.8,1.8,54,0.0,0.0,0.0,0.0,5.02,7.7
2022-12-20,5.4,8.6,2.0,0.6,3.1,62,0.0,0.0,0.0,0.0,7.05,11.7
2022-12-21,1.2,4.0,-0.8,-4.6,-1.0,58,0.0,0.0,0.0,0.0,6.8,11.4
2022-12-22,-2.4,-0.6,-4.3,-10.1,-6.7,59,2.2,0.0,1.54,16.0,12.28,20.1
2022-12-23,-3.1,-0.7,-4.4,-10.6,-8.9,54,0.0,0.0,0.0,0.0,9.23,15.4
2022-12-24,-0.5,2.3,-3.5,-7.5,-4.9,63,0.0,0.0,0.0,0.0,9.19,14.3
2022-12-25,0.1,4.4,-2.9,-5.2,-0.5,66,0.0,0.0,0.0,0.0,5.73,8.7
2022-12-26,0.8,4.2,-1.7,-4.1,-0.6,61,0.0,0.0,0.0,0.0,4.23,6.7
2022-12-27,0.1,4.3,-2.7,-4.7,-0.5,62,0.0,0.0,0.0,0.0,6.59,9.8
2022-12-28,-0.3,3.1,-3.2,-5.7,-2.7,48,0.0,0.0,0.0,0.0,6.63,9.6
2022-12-29,0.4,4.4,-1.9,-4.9,-1.4,50,0.0,0.0,0.0,0.0,4.88,8.5
2022-12-30,-0.5,3.0,-3.6,-5.4,-1.9,50,0.0,0.0,0.0,0.0,4.17,5.9
2022-12-31,2.7,6.9,-0.7,-1.6,2.9,64,0.0,0.0,0.0,0.0,4.17,6.6
2023-01-01,1.6,4.8,-1.6,-2.9,0.2,65,0.0,0.0,0.0,0.0,4.92,8.4
2023-01-02,1.1,4.3,-1.5,-3.3,0.2,61,0.0,0.0,0.0,0.0,4.05,6.7
2023-01-03,0.9,4.5,-2.6,-3.4,0.3,61,0.0,0.0,0.0,0.0,3.54,5.3
2023-01-04,3.2,7.0,0.6,-0.2,4.3,75,0.0,0.0,0.0,0.0,3.68,5.3
2023-01-05,3.9,7.3,0.2,1.1,5.3,86,0.0,0.0,0.0,0.0,3.31,4.9
2023-01-06,4.9,8.6,2.3,0.0,2.7,70,0.0,0.0,0.0,0.0,7.21,12.1
2023-01-07,4.0,8.0,-0.5,-0.4,4.1,54,0.0,0.0,0.0,0.0,5.69,8.9
2023-01-08,7.5,10.8,4.1,3.8,8.1,74,0.0,0.0,0.0,0.0,5.97,9.0
2023-01-09,3.6,6.8,0.2,-2.0,0.7,62,0.0,0.0,0.0,0.0,6.8,10.8
2023-01-10,1.7,5.2,-1.3,-2.3,1.6,67,0.0,0.0,0.0,0.0,4.4,6.6
2023-01-11,5.4,8.4,1.7,1.6,4.4,82,0.0,0.0,0.0,0.0,5.32,8.1
2023-01-12,9.0,10.2,7.5,6.3,8.0,93,4.2,4.2,0.0,9.0,6.1,9.4
2023-01-13,7.6,10.3,2.8,4.1,7.8,93,1.6,1.6,0.0,6.0,8.05,12.5
2023-01-14,-1.0,2.6,-3.5,-9.2,-3.9,67,0.7,0.1,0.42,6.0,11.81,18.9
2023-01-15,-3.6,-2.0,-4.6,-11.5,-10.0,56,0.0,0.0,0.0,0.0,10.22,16.4
2023-01-16,-2.2,0.7,-4.6,-8.0,-4.8,48,0.0,0.0,0.0,0.0,6.15,9.5
2023-01-17,0.8,3.8,-1.4,-4.4,-1.3,47,0.0,0.0,0.0,0.0,4.7,7.4
2023-01-18,0.4,3.5,-3.2,-4.7,-1.8,55,0.0,0.0,0.0,0.0,5.94,9.2
2023-01-19,3.8,8.1,1.1,-1.8,2.5,54,0.0,0.0,0.0,0.0,6.94,9.9
2023-01-20,-1.1,0.8,-3.8,-6.9,-4.8,43,0.0,0.0,0.0,0.0,6.74,10.2
2023-01-21,1.8,5.0,-3.8,-3.4,0.1,61,0.0,0.0,0.0,0.0,7.37,12.2
2023-01-22,4.8,7.1,2.7,1.6,4.5,77,0.0,0.0,0.0,0.0,5.16,8.5
2023-01-23,-2.0,2.2,-7.3,-8.4,-1.2,75,0.0,0.0,0.0,0.0,9.65,15.9
2023-01-24,-8.2,-6.7,-9.7,-16.6,-14.2,55,1.0,0.0,0.7,6.0,11.53,19.3
2023-01-25,-5.4,-1.8,-10.0,-11.2,-8.1,46,0.0,0.0,0.0,0.0,6.62,11.3
2023-01-26,-2.2,0.1,-4.9,-8.3,-6.1,51,0.0,0.0,0.0,0.0,7.14,10.8
2023-01-27,-3.0,0.0,-5.2,-10.1,-8.7,51,0.0,0.0,0.0,0.0,10.93,17.0
2023-01-28,-1.4,2.8,-4.7,-7.2,-4.3,39,0.0,0.0,0.0,0.0,7.22,12.4
2023-01-29,2.1,7.1,-1.1,-3.5,1.1,41,0.0,0.0,0.0,0.0,5.83,10.0
2023-01-30,3.4,7.4,-1.4,-1.7,1.7,61,0.0,0.0,0.0,0.0,7.41,10.6
2023-01-31,5.1,9.5,1.8,1.1,6.0,70,0.0,0.0,0.0,0.0,6.6,8.9
2023-02-01,1.8,3.9,-1.6,-4.7,-1.0,49,0.0,0.0,0.0,0.0,10.04,14.7
2023-02-02,-0.2,1.7,-2.0,-5.2,-2.6,42,0.0,0.0,0.0,0.0,5.24,7.9
2023-02-03,1.6,4.7,-1.2,-2.7,-0.2,54,0.0,0.0,0.0,0.0,4.22,7.2
2023-02-04,2.5,6.9,-1.3,-1.6,3.2,64,0.0,0.0,0.0,0.0,3.73,5.5
2023-02-05,3.9,7.0,1.2,-0.3,2.1,76,0.0,0.0,0.0,0.0,5.9,9.6
2023-02-06,5.0,8.3,2.6,2.1,5.8,86,0.0,0.0,0.0,0.0,4.1,5.4
2023-02-07,3.0,5.8,0.9,-0.2,3.6,82,0.0,0.0,0.0,0.0,3.47,5.3
2023-02-08,2.9,5.9,0.6,-1.5,1.4,71,0.0,0.0,0.0,0.0,5.39,8.2
2023-02-09,2.8,4.4,0.8,-1.7,1.4,70,0.1,0.1,0.0,1.0,5.65,8.7
2023-02-10,3.9,6.9,1.4,0.4,3.9,79,0.0,0.0,0.0,0.0,4.4,6.9
2023-02-11,4.8,7.4,3.1,1.6,4.2,85,0.0,0.0,0.0,0.0,4.14,6.9
2023-02-12,3.6,4.5,2.7,-1.3,0.5,90,5.0,5.0,0.0,13.0,7.89,12.1
2023-02-13,1.1,3.4,-1.0,-6.2,-3.5,58,0.0,0.0,0.0,0.0,9.36,14.9
2023-02-14,0.8,4.6,-1.7,-5.5,-1.5,55,0.0,0.0,0.0,0.0,7.37,10.8
2023-02-15,0.2,4.1,-2.4,-5.2,-1.3,51,0.0,0.0,0.0,0.0,5.81,8.3
2023-02-16,2.0,5.8,-2.6,-2.6,1.4,63,0.0,0.0,0.0,0.0,6.02,9.9
2023-02-17,5.1,7.1,3.8,1.2,3.2,80,0.0,0.0,0.0,0.0,5.18,7.3
2023-02-18,5.8,7.3,4.2,3.0,5.1,89,0.0,0.0,0.0,0.0,7.69,10.1
2023-02-19,4.0,7.2,0.9,-1.7,2.7,55,0.0,0.0,0.0,0.0,10.18,15.7
2023-02-20,2.3,5.7,-1.6,-3.2,0.4,51,0.0,0.0,0.0,0.0,6.74,10.3
2023-02-21,0.3,3.4,-2.1,-5.0,-0.6,46,0.0,0.0,0.0,0.0,6.18,8.1
2023-02-22,2.0,4.3,-1.0,-2.7,-1.0,63,0.0,0.0,0.0,0.0,5.69,9.2
2023-02-23,3.8,7.3,0.5,0.1,4.7,65,0.0,0.0,0.0,0.0,4.13,6.2
2023-02-24,3.7,6.9,-0.8,-1.4,1.6,60,0.0,0.0,0.0,0.0,7.42,11.4
2023-02-25,1.8,6.3,-1.7,-3.9,0.5,45,0.0,0.0,0.0,0.0,5.65,9.1
2023-02-26,2.9,6.4,-1.1,-1.3,3.6,47,0.0,0.0,0.0,0.0,4.1,6.9
2023-02-27,4.8,7.5,2.0,0.2,3.0,72,0.0,0.0,0.0,0.0,6.9,11.2
2023-02-28,6.0,8.9,4.3,2.5,5.9,84,0.0,0.0,0.0,0.0,6.81,9.6
2023-03-01,6.0,10.6,3.0,1.1,6.1,60,0.0,0.0,0.0,0.0,8.06,11.9
2023-03-02,4.6,7.5,1.4,-0.0,3.0,56,0.0,0.0,0.0,0.0,7.11,9.6
2023-03-03,7.7,10.2,5.3,2.6,5.2,63,0.0,0.0,0.0,0.0,6.99,10.7
2023-03-04,7.8,10.2,5.4,3.9,7.0,73,0.0,0.0,0.0,0.0,6.0,8.8
2023-03-05,7.6,9.4,6.4,3.6,5.9,81,0.1,0.1,0.0,1.0,6.42,10.5
2023-03-06,9.6,12.2,6.8,5.6,9.0,77,0.0,0.0,0.0,0.0,7.16,10.4
2023-03-07,9.9,13.3,5.8,6.9,11.5,75,0.0,0.0,0.0,0.0,5.89,8.4
2023-03-08,11.8,16.0,7.1,8.5,14.5,69,0.0,0.0,0.0,0.0,6.85,10.4
2023-03-09,9.8,14.1,4.8,6.7,11.5,72,0.0,0.0,0.0,0.0,5.9,9.5
2023-03-10,13.7,17.8,9.8,10.3,14.9,63,0.0,0.0,0.0,0.0,7.31,11.5
2023-03-11,10.8,14.2,7.3,6.7,10.4,62,0.0,0.0,0.0,0.0,7.28,11.0
2023-03-12,5.7,7.3,2.5,-1.1,2.4,42,0.0,0.0,0.0,0.0,10.55,15.8
2023-03-13,8.1,11.2,3.4,1.8,4.5,51,0.0,0.0,0.0,0.0,9.96,16.0
2023-03-14,10.5,12.3,8.8,4.9,6.8,64,0.0,0.0,0.0,0.0,9.42,15.3
2023-03-15,8.1,10.5,4.3,2.1,6.9,39,0.0,0.0,0.0,0.0,9.12,13.5
2023-03-16,6.2,7.9,4.3,1.8,4.1,42,0.0,0.0,0.0,0.0,3.62,6.2
2023-03-17,6.1,8.2,4.5,2.0,4.2,51,0.2,0.2,0.0,2.0,5.22,7.2
2023-03-18,7.2,11.1,3.6,3.6,8.9,62,0.1,0.1,0.0,1.0,4.25,8.0
2023-03-19,8.1,11.1,5.4,4.5,8.4,66,0.0,0.0,0.0,0.0,5.73,9.0
2023-03-20,7.9,9.8,6.3,4.3,6.3,77,0.0,0.0,0.0,0.0,5.41,8.8
2023-03-21,8.2,9.6,6.2,5.3,6.4,83,0.0,0.0,0.0,0.0,4.53,7.3
2023-03-22,8.3,9.9,7.5,5.5,7.0,88,13.0,13.0,0.0,20.0,4.84,6.6
2023-03-23,10.1,12.9,7.5,4.9,7.1,54,0.4,0.4,0.0,3.0,7.74,11.8
2023-03-24,7.4,10.3,4.6,1.7,5.1,33,0.0,0.0,0.0,0.0,7.07,10.6
2023-03-25,6.8,10.4,2.8,3.4,8.6,48,0.0,0.0,0.0,0.0,5.2,7.1
2023-03-26,7.3,9.8,4.6,3.6,8.1,56,0.0,0.0,0.0,0.0,5.83,9.1
2023-03-27,9.7,14.0,6.1,6.5,10.2,66,0.1,0.1,0.0,1.0,5.63,11.0
2023-03-28,9.5,12.6,6.7,6.0,10.2,57,0.0,0.0,0.0,0.0,5.05,7.8
2023-03-29,10.7,14.0,8.0,7.3,11.2,68,0.0,0.0,0.0,0.0,5.8,9.5
2023-03-30,11.0,14.2,7.8,8.0,12.8,66,0.0,0.0,0.0,0.0,5.5,8.6
2023-03-31,10.8,14.1,6.9,8.3,12.6,68,0.0,0.0,0.0,0.0,4.16,7.3
2023-04-01,11.4,14.7,7.7,8.8,12.8,56,0.0,0.0,0.0,0.0,2.94,5.8
2023-04-02,12.1,14.9,8.0,8.9,12.7,61,0.0,0.0,0.0,0.0,6.33,8.2
2023-04-03,12.3,14.3,10.7,7.9,9.2,70,4.3,4.3,0.0,4.0,8.85,12.8
2023-04-04,11.9,12.5,11.2,7.9,10.4,93,36.0,36.0,0.0,20.0,11.7,18.5
2023-04-05,9.1,11.2,8.0,3.7,7.8,81,0.0,0.0,0.0,0.0,10.41,15.9
2023-04-06,9.4,11.5,6.9,6.1,8.7,77,0.0,0.0,0.0,0.0,5.28,7.2
2023-04-07,9.6,12.1,7.6,5.3,8.3,60,0.0,0.0,0.0,0.0,7.12,10.9
2023-04-08,11.5,15.1,7.6,7.0,12.2,49,0.0,0.0,0.0,0.0,6.88,10.0
2023-04-09,12.5,14.2,10.3,7.9,10.0,64,0.0,0.0,0.0,0.0,8.73,14.5
2023-04-10,14.8,17.5,13.1,10.7,14.5,68,0.1,0.1,0.0,1.0,8.41,12.9
2023-04-11,14.7,17.7,10.8,10.1,13.3,47,0.0,0.0,0.0,0.0,9.42,14.5
2023-04-12,11.9,14.1,9.4,8.0,11.1,46,0.0,0.0,0.0,0.0,7.84,11.7
2023-04-13,12.8,14.6,11.5,8.1,11.1,56,0.6,0.6,0.0,3.0,8.12,11.4
2023-04-14,11.9,13.3,10.8,10.6,12.6,88,3.2,3.2,0.0,14.0,4.61,7.5
2023-04-15,12.8,16.6,9.2,10.1,14.5,67,5.1,5.1,0.0,4.0,6.81,10.9
2023-04-16,12.3,16.3,8.2,10.5,15.2,71,0.0,0.0,0.0,0.0,3.31,7.7
2023-04-17,12.9,15.0,10.8,9.4,10.8,71,0.0,0.0,0.0,0.0,8.82,14.5
2023-04-18,14.9,19.0,12.0,13.4,18.7,80,0.0,0.0,0.0,0.0,5.37,7.8
2023-04-19,12.6,14.7,10.9,11.0,14.4,83,0.0,0.0,0.0,0.0,4.7,7.1
2023-04-20,14.1,18.5,11.4,12.0,19.4,75,0.1,0.1,0.0,1.0,9.45,14.5
2023-04-21,13.8,15.6,12.5,7.6,9.8,32,0.0,0.0,0.0,0.0,9.19,14.0
2023-04-22,12.9,14.6,11.7,7.5,9.5,41,0.0,0.0,0.0,0.0,7.69,11.1
2023-04-23,12.2,14.7,9.2,8.5,11.5,60,3.6,3.6,0.0,8.0,6.5,8.3
2023-04-24,13.3,16.1,11.5,10.1,14.6,49,0.1,0.1,0.0,1.0,5.39,7.6
2023-04-25,12.5,13.8,10.9,9.5,10.7,64,0.0,0.0,0.0,0.0,5.38,9.3
2023-04-26,12.4,14.9,9.4,8.8,14.1,50,0.0,0.0,0.0,0.0,6.77,10.0
2023-04-27,13.4,15.4,11.4,9.4,12.4,74,0.0,0.0,0.0,0.0,8.79,14.1
2023-04-28,14.1,15.5,12.8,12.3,14.4,85,1.8,1.8,0.0,5.0,7.95,12.1
2023-04-29,14.6,17.9,12.6,10.2,13.6,53,0.0,0.0,0.0,0.0,10.7,16.7
2023-04-30,15.9,19.3,12.7,12.4,18.1,47,0.0,0.0,0.0,0.0,6.25,9.6
2023-05-01,15.3,17.6,12.2,11.9,15.0,64,0.0,0.0,0.0,0.0,7.8,12.2
2023-05-02,16.1,18.1,14.7,11.9,14.2,66,0.0,0.0,0.0,0.0,9.78,15.2
2023-05-03,15.0,16.7,14.1,12.6,14.7,88,0.5,0.5,0.0,5.0,7.49,11.1
2023-05-04,14.1,14.5,13.8,12.4,14.6,98,17.9,17.9,0.0,22.0,8.29,10.7
2023-05-05,15.1,16.4,14.5,13.4,14.7,89,1.2,1.2,0.0,6.0,6.99,10.4
2023-05-06,16.2,19.1,14.0,12.9,17.0,63,0.0,0.0,0.0,0.0,7.8,11.0
2023-05-07,15.8,18.6,13.6,12.9,16.4,56,0.0,0.0,0.0,0.0,7.33,9.0
2023-05-08,16.1,20.4,12.4,13.3,19.7,50,0.0,0.0,0.0,0.0,4.88,6.6
2023-05-09,17.2,21.0,12.5,15.3,21.1,53,0.0,0.0,0.0,0.0,4.49,6.9
2023-05-10,16.8,19.7,13.7,15.9,20.6,65,0.0,0.0,0.0,0.0,3.51,6.3
2023-05-11,17.1,20.2,13.8,15.4,19.3,54,0.0,0.0,0.0,0.0,4.8,8.1
2023-05-12,17.8,20.5,15.6,15.5,19.3,60,0.0,0.0,0.0,0.0,7.0,11.2
2023-05-13,17.1,19.3,15.3,15.9,19.5,77,1.3,1.3,0.0,3.0,6.23,10.8
2023-05-14,17.7,20.6,14.1,17.0,21.2,81,0.1,0.1,0.0,1.0,9.04,11.3
2023-05-15,21.1,24.2,17.1,20.4,24.5,72,0.7,0.7,0.0,1.0,7.96,11.6
2023-05-16,21.4,23.8,19.5,19.4,22.4,65,0.0,0.0,0.0,0.0,8.22,13.1
2023-05-17,19.4,21.8,17.0,17.5,20.8,79,0.0,0.0,0.0,0.0,9.86,15.3
2023-05-18,18.2,20.0,16.4,18.6,22.5,82,0.0,0.0,0.0,0.0,5.41,8.3
2023-05-19,17.9,20.4,15.4,17.8,22.3,82,0.0,0.0,0.0,0.0,6.79,9.4
2023-05-20,19.4,21.5,17.0,18.7,22.4,74,0.0,0.0,0.0,0.0,7.3,11.7
2023-05-21,20.0,23.0,17.9,17.6,20.4,44,0.3,0.3,0.0,3.0,6.09,7.3
2023-05-22,19.2,22.5,16.3,17.6,23.7,53,0.0,0.0,0.0,0.0,5.51,7.1
2023-05-23,20.6,24.3,15.8,18.6,25.0,48,0.0,0.0,0.0,0.0,6.22,9.5
2023-05-24,19.8,21.9,17.8,17.6,19.4,57,0.0,0.0,0.0,0.0,7.86,12.9
2023-05-25,17.8,19.1,16.5,15.8,17.4,76,0.2,0.2,0.0,1.0,7.54,11.8
2023-05-26,18.3,20.8,16.0,18.8,22.0,86,0.3,0.3,0.0,2.0,5.73,8.6
2023-05-27,18.4,19.5,17.5,19.2,20.8,92,1.4,1.4,0.0,5.0,4.44,7.3
2023-05-28,18.3,19.3,17.2,19.2,19.8,94,17.2,17.2,0.0,15.0,4.49,6.3
2023-05-29,19.1,21.6,17.7,20.2,23.0,88,3.4,3.4,0.0,10.0,4.22,5.7
2023-05-30,20.3,22.4,18.1,20.6,21.6,74,0.1,0.1,0.0,1.0,5.94,8.5
2023-05-31,19.4,21.5,16.5,20.0,24.1,81,0.0,0.0,0.0,0.0,4.44,6.6
2023-06-01,19.8,22.1,17.9,20.7,24.4,87,0.0,0.0,0.0,0.0,5.1,8.2
2023-06-02,20.8,24.1,18.1,21.7,27.1,77,0.1,0.1,0.0,1.0,3.9,7.0
2023-06-03,21.3,24.6,16.1,20.4,25.6,56,0.0,0.0,0.0,0.0,5.95,9.3
2023-06-04,22.3,24.9,19.3,21.0,25.4,57,0.0,0.0,0.0,0.0,7.39,12.5
2023-06-05,19.8,21.3,17.8,18.8,20.9,74,0.0,0.0,0.0,0.0,7.18,11.0
2023-06-06,21.2,24.6,17.8,21.6,25.3,77,0.0,0.0,0.0,0.0,6.22,10.2
2023-06-07,23.5,25.6,20.4,23.3,25.4,70,0.0,0.0,0.0,0.0,8.68,13.3
2023-06-08,24.3,27.7,20.4,24.9,29.0,58,0.7,0.7,0.0,1.0,4.77,10.9
2023-06-09,21.9,24.4,19.5,22.2,25.4,71,0.6,0.6,0.0,4.0,6.66,11.4
2023-06-10,21.0,23.5,18.9,21.7,25.3,81,0.5,0.5,0.0,4.0,6.94,9.9
2023-06-11,20.5,23.0,17.8,22.3,26.5,85,1.9,1.9,0.0,3.0,4.03,6.8
2023-06-12,20.7,22.9,18.9,22.1,25.7,80,1.9,1.9,0.0,3.0,5.19,8.3
2023-06-13,21.2,24.1,18.9,23.0,26.5,81,0.6,0.6,0.0,2.0,3.49,6.8
2023-06-14,20.9,23.3,18.2,22.6,25.6,83,0.0,0.0,0.0,0.0,4.77,7.6
2023-06-15,21.6,23.9,19.1,22.7,25.7,81,0.0,0.0,0.0,0.0,5.76,8.6
2023-06-16,22.3,24.4,21.0,22.9,26.1,79,0.0,0.0,0.0,0.0,6.46,10.5
2023-06-17,21.4,22.4,20.4,22.4,23.2,90,0.0,0.0,0.0,0.0,6.09,9.1
2023-06-18,22.0,24.5,19.7,24.2,28.1,83,0.0,0.0,0.0,0.0,4.32,7.3
2023-06-19,20.9,22.4,19.3,22.0,24.1,89,8.4,8.4,0.0,14.0,7.1,9.8
2023-06-20,23.1,26.5,20.6,24.6,28.6,81,2.1,2.1,0.0,6.0,6.22,8.6
2023-06-21,23.9,27.7,19.9,25.8,31.6,70,0.0,0.0,0.0,0.0,3.94,7.9
2023-06-22,25.9,30.9,21.4,27.4,34.0,59,0.0,0.0,0.0,0.0,3.81,6.5
2023-06-23,25.9,30.0,22.2,28.7,34.5,71,0.0,0.0,0.0,0.0,4.53,7.3
2023-06-24,24.1,26.2,22.2,26.4,29.8,84,0.0,0.0,0.0,0.0,5.46,9.6
2023-06-25,22.8,24.0,21.9,23.5,24.3,87,6.1,6.1,0.0,12.0,8.65,12.7
2023-06-26,23.5,25.9,21.8,25.7,27.7,84,1.6,1.6,0.0,11.0,5.73,8.2
2023-06-27,24.8,26.7,23.3,26.8,29.7,82,0.3,0.3,0.0,3.0,6.79,10.3
2023-06-28,25.6,27.8,23.9,28.9,31.3,85,2.7,2.7,0.0,5.0,5.54,8.8
2023-06-29,25.3,26.8,23.8,28.2,29.9,87,36.5,36.5,0.0,11.0,6.67,12.1
2023-06-30,25.0,28.2,22.2,28.9,34.7,83,0.0,0.0,0.0,0.0,4.71,7.5
2023-07-01,24.7,27.1,22.9,28.3,32.2,83,0.0,0.0,0.0,0.0,5.0,8.9
2023-07-02,24.3,25.7,23.1,27.2,29.2,87,0.0,0.0,0.0,0.0,4.84,8.0
2023-07-03,24.6,25.6,23.6,28.3,29.4,90,1.5,1.5,0.0,8.0,5.5,7.8
2023-07-04,25.1,27.3,23.7,27.9,29.8,92,25.1,25.1,0.0,17.0,8.7,13.5
2023-07-05,27.1,30.9,22.3,28.9,32.9,70,0.0,0.0,0.0,0.0,7.66,11.1
2023-07-06,27.4,28.9,25.2,28.5,30.7,71,0.0,0.0,0.0,0.0,8.25,12.7
2023-07-07,25.2,27.3,23.1,27.8,31.1,86,0.1,0.1,0.0,1.0,6.58,13.5
2023-07-08,26.2,29.2,24.4,30.7,34.9,90,5.5,5.5,0.0,3.0,5.79,8.9
2023-07-09,27.1,30.1,24.5,31.7,35.8,82,0.1,0.1,0.0,1.0,5.47,7.3
2023-07-10,27.3,30.0,25.0,32.2,35.5,85,0.0,0.0,0.0,0.0,5.65,8.5
2023-07-11,25.8,28.7,23.4,29.8,32.6,88,23.1,23.1,0.0,7.0,5.53,10.0
2023-07-12,25.9,27.4,24.7,30.5,32.2,92,8.4,8.4,0.0,10.0,6.3,8.1
2023-07-13,27.4,29.4,25.0,32.1,34.7,89,41.2,41.2,0.0,15.0,6.18,12.5
2023-07-14,28.3,30.2,26.2,33.2,35.3,83,0.0,0.0,0.0,0.0,5.78,9.1
2023-07-15,28.4,30.7,25.7,31.8,35.0,72,0.0,0.0,0.0,0.0,5.49,8.4
2023-07-16,26.6,29.0,23.8,29.8,32.3,67,0.0,0.0,0.0,0.0,2.77,4.9
2023-07-17,26.5,28.4,24.3,29.8,31.8,76,0.0,0.0,0.0,0.0,5.3,7.5
2023-07-18,26.1,28.4,23.8,29.7,32.6,77,0.0,0.0,0.0,0.0,4.1,6.7
2023-07-19,26.2,28.5,23.9,30.5,33.4,79,0.0,0.0,0.0,0.0,4.62,7.4
2023-07-20,26.1,27.8,24.5,29.4,31.0,79,0.0,0.0,0.0,0.0,4.55,7.7
2023-07-21,26.2,27.5,24.4,29.0,30.2,85,1.8,1.8,0.0,7.0,8.07,11.1
2023-07-22,26.5,27.9,25.7,31.0,33.0,94,18.4,18.4,0.0,20.0,7.74,9.6
2023-07-23,26.7,28.6,25.1,32.4,35.4,91,1.3,1.3,0.0,4.0,4.3,6.4
2023-07-24,26.9,29.3,24.8,32.6,36.4,88,0.0,0.0,0.0,0.0,4.39,6.8
2023-07-25,27.4,28.9,25.8,33.3,36.0,89,0.0,0.0,0.0,0.0,4.06,6.9
2023-07-26,26.7,27.4,25.7,31.7,33.7,90,14.0,14.0,0.0,16.0,5.55,9.0
2023-07-27,27.3,28.9,25.4,31.7,34.4,89,11.0,11.0,0.0,13.0,7.22,11.0
2023-07-28,27.4,28.4,26.6,31.6,33.0,88,6.7,6.7,0.0,17.0,6.64,10.5
2023-07-29,27.8,28.8,26.6,30.9,32.0,87,4.2,4.2,0.0,15.0,8.44,12.7
2023-07-30,28.1,29.3,27.2,30.8,32.2,87,1.2,1.2,0.0,5.0,9.9,15.8
2023-07-31,27.7,28.7,26.8,31.5,32.9,88,0.1,0.1,0.0,1.0,7.91,11.4
2023-08-01,27.5,29.1,26.1,32.7,35.4,87,0.0,0.0,0.0,0.0,4.47,6.8
2023-08-02,27.9,29.5,26.3,33.1,35.3,86,0.0,0.0,0.0,0.0,4.7,7.7
2023-08-03,28.5,29.9,27.0,33.2,35.7,84,0.0,0.0,0.0,0.0,5.67,9.4
2023-08-04,28.6,30.3,27.2,34.0,36.5,86,0.0,0.0,0.0,0.0,5.4,8.6
2023-08-05,28.8,30.9,27.1,34.7,37.3,87,0.0,0.0,0.0,0.0,4.98,7.1
2023-08-06,26.6,28.4,24.0,30.5,34.4,84,17.6,17.6,0.0,18.0,5.7,8.2
2023-08-07,25.6,29.1,22.4,27.5,32.0,74,0.0,0.0,0.0,0.0,6.39,10.0
2023-08-08,26.5,30.1,22.9,30.2,35.6,79,0.0,0.0,0.0,0.0,4.43,6.6
2023-08-09,27.9,31.4,24.3,32.0,37.2,78,0.0,0.0,0.0,0.0,4.92,6.9
2023-08-10,27.8,31.3,24.9,29.9,34.3,71,0.0,0.0,0.0,0.0,6.71,10.3
2023-08-11,27.4,30.5,24.7,30.5,34.1,72,0.0,0.0,0.0,0.0,5.17,7.8
2023-08-12,28.4,29.7,26.8,33.2,34.2,85,0.5,0.5,0.0,4.0,6.02,9.2
2023-08-13,26.7,28.8,25.0,30.3,32.7,82,3.4,3.4,0.0,8.0,5.1,8.5
2023-08-14,27.0,29.6,24.1,30.8,33.8,78,0.1,0.1,0.0,1.0,4.85,6.9
2023-08-15,27.6,30.5,25.2,32.7,36.8,79,0.0,0.0,0.0,0.0,2.96,4.6
2023-08-16,28.1,31.1,24.7,33.1,37.2,77,0.0,0.0,0.0,0.0,3.16,4.9
2023-08-17,28.5,30.8,26.5,33.4,36.8,75,0.0,0.0,0.0,0.0,3.73,5.8
2023-08-18,28.4,30.3,26.6,32.8,35.1,77,0.0,0.0,0.0,0.0,4.54,7.3
2023-08-19,28.4,30.4,26.6,33.3,36.0,80,0.0,0.0,0.0,0.0,4.08,6.6
2023-08-20,28.0,29.3,26.9,33.1,34.3,84,1.1,1.1,0.0,7.0,4.69,8.2
2023-08-21,26.9,28.4,25.9,31.7,34.0,90,26.9,26.9,0.0,22.0,6.12,9.5
2023-08-22,27.2,30.6,25.2,31.5,35.2,79,10.0,10.0,0.0,8.0,5.08,10.1
2023-08-23,26.5,29.9,23.4,29.7,33.6,74,0.0,0.0,0.0,0.0,5.22,8.3
2023-08-24,26.3,29.1,22.5,28.9,33.6,67,0.0,0.0,0.0,0.0,4.27,6.2
2023-08-25,26.3,29.2,23.0,29.3,32.3,73,0.1,0.1,0.0,1.0,4.8,8.2
2023-08-26,26.0,27.5,24.3,29.2,30.9,74,0.3,0.3,0.0,2.0,3.42,7.0
2023-08-27,22.9,25.0,21.7,23.5,27.4,81,30.3,30.3,0.0,24.0,8.1,13.6
2023-08-28,22.0,23.3,20.6,20.7,22.9,89,98.6,98.6,0.0,20.0,11.54,19.2
2023-08-29,24.0,27.2,21.5,24.3,27.6,75,0.1,0.1,0.0,1.0,7.82,12.7
2023-08-30,24.1,27.3,20.8,25.1,28.7,67,0.0,0.0,0.0,0.0,4.94,7.6
2023-08-31,24.9,27.6,21.7,27.1,30.3,69,0.0,0.0,0.0,0.0,4.62,7.5
2023-09-01,25.8,29.0,23.4,28.8,32.4,75,0.0,0.0,0.0,0.0,3.31,5.8
2023-09-02,24.7,27.2,22.4,27.1,30.1,73,0.0,0.0,0.0,0.0,3.36,5.4
2023-09-03,25.1,27.1,23.5,27.7,30.7,67,0.0,0.0,0.0,0.0,2.56,5.3
2023-09-04,25.3,28.2,22.3,28.3,32.4,72,0.0,0.0,0.0,0.0,2.92,5.0
2023-09-05,25.6,28.6,22.6,29.4,33.1,79,0.0,0.0,0.0,0.0,3.68,6.2
2023-09-06,26.1,29.9,22.7,29.7,33.8,75,0.0,0.0,0.0,0.0,4.0,6.5
2023-09-07,25.4,28.4,22.5,28.8,32.6,76,0.0,0.0,0.0,0.0,3.58,6.0
2023-09-08,25.1,27.5,23.0,28.8,32.1,80,0.0,0.0,0.0,0.0,3.23,6.3
2023-09-09,25.2,27.1,23.2,27.9,30.0,76,0.1,0.1,0.0,1.0,3.94,7.5
2023-09-10,25.2,26.7,23.2,27.8,29.5,73,0.1,0.1,0.0,1.0,3.69,6.0
2023-09-11,25.4,27.3,23.5,29.2,30.9,82,3.7,3.7,0.0,9.0,2.82,5.8
2023-09-12,23.9,25.6,22.5,27.4,30.5,87,9.2,9.2,0.0,22.0,4.06,5.2
2023-09-13,23.3,25.7,21.6,25.0,27.3,79,9.8,9.8,0.0,14.0,4.56,8.2
2023-09-14,23.2,27.2,19.2,23.9,28.3,66,0.0,0.0,0.0,0.0,4.37,6.7
2023-09-15,23.4,25.9,21.0,25.7,28.7,74,0.0,0.0,0.0,0.0,2.56,5.1
2023-09-16,23.8,26.2,21.8,26.3,29.7,76,0.0,0.0,0.0,0.0,3.13,5.0
2023-09-17,24.4,26.9,22.4,27.3,30.5,79,0.0,0.0,0.0,0.0,5.1,7.3
2023-09-18,25.7,27.8,23.8,28.6,31.0,82,0.0,0.0,0.0,0.0,5.4,8.5
2023-09-19,24.9,27.2,22.0,28.2,32.6,89,51.0,51.0,0.0,14.0,6.87,15.0
2023-09-20,22.6,25.3,20.2,20.8,23.4,71,19.6,19.6,0.0,5.0,10.84,18.4
2023-09-21,22.3,25.0,20.2,21.4,24.4,57,0.0,0.0,0.0,0.0,6.14,9.8
2023-09-22,23.2,26.7,20.1,24.1,28.0,61,0.0,0.0,0.0,0.0,2.88,4.6
2023-09-23,22.1,24.1,20.2,22.8,25.0,74,0.1,0.1,0.0,1.0,5.14,7.8
2023-09-24,21.1,22.2,20.3,22.9,24.1,84,6.8,6.8,0.0,23.0,3.55,6.1
2023-09-25,21.2,23.2,19.9,22.2,23.9,85,6.9,6.9,0.0,18.0,5.4,8.3
2023-09-26,21.8,24.3,19.9,22.4,25.0,76,0.2,0.2,0.0,2.0,5.32,8.0
2023-09-27,22.0,24.6,19.0,23.0,25.6,73,0.0,0.0,0.0,0.0,4.6,6.6
2023-09-28,22.9,27.0,19.7,23.2,27.4,67,0.0,0.0,0.0,0.0,5.15,6.8
2023-09-29,22.2,24.3,19.7,22.3,25.4,60,0.2,0.2,0.0,1.0,4.2,7.2
2023-09-30,21.1,25.9,18.1,20.1,24.8,68,0.0,0.0,0.0,0.0,7.22,11.4
2023-10-01,20.7,24.6,16.3,19.4,23.7,54,0.0,0.0,0.0,0.0,4.41,7.3
2023-10-02,21.3,24.3,18.2,21.0,24.9,58,0.1,0.1,0.0,1.0,3.4,5.7
2023-10-03,21.4,22.6,20.5,22.4,24.0,68,0.6,0.6,0.0,6.0,2.92,6.9
2023-10-04,21.5,25.5,17.8,20.7,24.8,64,0.0,0.0,0.0,0.0,7.07,10.7
2023-10-05,18.5,21.1,16.5,15.5,18.7,49,0.0,0.0,0.0,0.0,6.77,10.1
2023-10-06,18.7,20.6,16.5,17.2,20.0,54,0.0,0.0,0.0,0.0,4.61,6.9
2023-10-07,19.3,21.8,17.5,18.6,21.0,56,0.0,0.0,0.0,0.0,2.34,3.2
2023-10-08,20.0,22.1,18.0,20.0,21.9,64,0.0,0.0,0.0,0.0,3.22,5.0
2023-10-09,19.8,23.6,16.8,18.1,20.6,62,0.0,0.0,0.0,0.0,6.61,9.5
2023-10-10,18.4,21.9,15.0,17.1,20.5,68,0.0,0.0,0.0,0.0,5.32,8.5
2023-10-11,18.7,22.4,15.2,18.0,21.7,66,0.0,0.0,0.0,0.0,4.03,5.7
2023-10-12,19.3,21.6,16.5,18.5,20.6,59,0.0,0.0,0.0,0.0,3.11,5.9
2023-10-13,19.4,22.4,16.4,18.7,21.0,63,0.3,0.3,0.0,3.0,3.66,6.4
2023-10-14,18.7,22.2,15.4,16.3,18.2,59,0.0,0.0,0.0,0.0,6.73,11.3
2023-10-15,19.4,24.0,16.1,17.8,21.9,52,0.0,0.0,0.0,0.0,5.41,8.7
2023-10-16,17.2,20.7,14.2,14.3,18.1,49,0.0,0.0,0.0,0.0,5.46,8.6
2023-10-17,18.9,22.3,14.8,17.8,21.4,66,0.0,0.0,0.0,0.0,6.38,9.7
2023-10-18,21.2,22.9,19.3,20.9,22.8,78,0.0,0.0,0.0,0.0,7.52,12.2
2023-10-19,19.1,22.2,17.1,17.3,20.4,64,0.8,0.8,0.0,6.0,6.53,9.7
2023-10-20,15.0,17.1,12.0,10.5,13.4,49,0.0,0.0,0.0,0.0,7.84,12.1
2023-10-21,15.6,20.3,11.4,11.9,16.9,43,0.0,0.0,0.0,0.0,4.89,8.3
2023-10-22,17.8,21.0,14.5,15.1,18.0,53,0.0,0.0,0.0,0.0,5.28,8.8
2023-10-23,18.3,20.9,15.2,15.7,17.8,55,0.0,0.0,0.0,0.0,5.89,9.6
2023-10-24,19.7,22.7,17.1,18.2,20.8,64,0.0,0.0,0.0,0.0,5.22,8.5
2023-10-25,20.3,23.9,17.0,20.2,23.4,75,0.0,0.0,0.0,0.0,4.84,7.1
2023-10-26,18.7,22.5,13.6,16.7,20.3,62,0.0,0.0,0.0,0.0,5.81,9.0
2023-10-27,16.2,20.4,11.8,13.6,16.7,56,0.0,0.0,0.0,0.0,4.7,7.8
2023-10-28,18.3,22.8,14.2,16.9,21.2,64,0.0,0.0,0.0,0.0,4.61,7.1
2023-10-29,19.3,22.1,16.6,17.9,19.9,68,0.0,0.0,0.0,0.0,5.98,10.1
2023-10-30,20.0,22.0,18.3,19.1,20.4,79,0.0,0.0,0.0,0.0,6.57,10.5
2023-10-31,21.1,23.3,19.2,19.9,21.7,76,0.0,0.0,0.0,0.0,7.8,12.2
2023-11-01,21.8,24.9,18.8,20.6,24.0,68,0.0,0.0,0.0,0.0,6.33,10.0
2023-11-02,21.6,23.5,19.8,19.9,21.3,68,0.0,0.0,0.0,0.0,7.97,12.8
2023-11-03,18.0,21.1,15.2,15.7,20.7,64,0.0,0.0,0.0,0.0,7.58,12.6
2023-11-04,16.6,18.4,14.1,14.5,16.3,67,0.1,0.1,0.0,1.0,5.77,9.1
2023-11-05,18.2,20.2,15.1,17.1,21.0,85,19.4,19.4,0.0,15.0,10.33,15.7
2023-11-06,10.8,14.5,7.6,3.4,9.0,50,0.3,0.3,0.0,2.0,12.31,19.8
2023-11-07,10.2,13.5,6.6,6.3,9.7,49,0.0,0.0,0.0,0.0,5.73,8.7
2023-11-08,16.3,18.9,13.0,13.4,15.6,69,0.0,0.0,0.0,0.0,7.62,12.3
2023-11-09,13.1,16.4,8.0,9.3,15.1,72,0.0,0.0,0.0,0.0,9.6,14.5
2023-11-10,7.5,9.6,5.8,2.0,4.0,56,0.0,0.0,0.0,0.0,7.32,11.7
2023-11-11,5.5,6.8,3.8,0.9,2.8,70,1.2,1.2,0.0,6.0,5.91,8.9
2023-11-12,5.3,7.8,3.1,-0.9,0.5,68,0.8,0.8,0.0,7.0,10.21,16.5
2023-11-13,5.7,8.8,3.2,0.9,4.1,56,0.0,0.0,0.0,0.0,6.4,10.0
2023-11-14,7.5,10.2,4.5,3.7,6.1,45,0.0,0.0,0.0,0.0,3.13,6.1
2023-11-15,8.9,12.1,5.5,5.6,8.6,55,0.0,0.0,0.0,0.0,4.17,6.8
2023-11-16,9.4,11.0,6.7,3.9,6.5,58,0.3,0.3,0.0,3.0,10.08,16.1
2023-11-17,7.1,8.0,5.7,-0.3,2.0,47,0.2,0.2,0.0,1.0,11.67,18.6
2023-11-18,7.5,11.2,3.1,2.1,6.3,48,0.0,0.0,0.0,0.0,8.25,11.0
2023-11-19,11.0,15.6,8.1,6.8,11.3,57,0.0,0.0,0.0,0.0,6.81,10.5
2023-11-20,11.3,14.7,7.0,7.5,10.7,63,0.0,0.0,0.0,0.0,6.01,9.0
2023-11-21,14.4,16.8,12.7,11.3,13.2,78,0.0,0.0,0.0,0.0,6.62,10.4
2023-11-22,14.1,16.5,9.7,11.4,14.4,78,0.0,0.0,0.0,0.0,6.71,9.1
2023-11-23,7.7,10.2,3.5,1.4,7.9,57,0.0,0.0,0.0,0.0,11.95,19.6
2023-11-24,3.0,5.1,1.0,-2.2,-0.2,58,0.0,0.0,0.0,0.0,7.16,10.2
2023-11-25,5.0,9.4,0.8,0.7,5.1,63,0.0,0.0,0.0,0.0,5.36,8.0
2023-11-26,9.1,10.2,8.1,7.0,8.9,85,3.8,3.8,0.0,19.0,5.41,8.2
2023-11-27,7.9,10.9,5.5,3.9,7.1,73,0.1,0.1,0.0,1.0,5.5,8.6
2023-11-28,4.9,7.1,2.7,0.1,2.0,56,0.0,0.0,0.0,0.0,6.45,10.6
2023-11-29,4.0,6.5,0.6,-1.7,1.4,56,0.0,0.0,0.0,0.0,8.54,14.4
2023-11-30,1.0,3.4,-0.4,-5.4,-4.3,51,0.0,0.0,0.0,0.0,8.59,14.1
2023-12-01,1.9,5.1,-0.9,-4.0,-0.6,46,0.0,0.0,0.0,0.0,7.14,10.9
2023-12-02,4.8,9.5,1.7,-0.4,4.4,46,0.0,0.0,0.0,0.0,5.1,8.7
2023-12-03,5.2,9.1,1.1,1.4,5.2,66,0.0,0.0,0.0,0.0,5.41,8.0
2023-12-04,9.1,12.0,6.9,4.2,6.4,62,0.0,0.0,0.0,0.0,7.21,11.5
2023-12-05,9.2,13.0,5.0,6.0,9.3,69,0.0,0.0,0.0,0.0,5.28,7.8
2023-12-06,8.4,10.4,6.0,2.8,7.1,51,0.0,0.0,0.0,0.0,9.51,15.4
2023-12-07,10.9,13.0,7.6,5.9,8.2,60,0.0,0.0,0.0,0.0,8.05,12.9
2023-12-08,13.1,16.6,10.7,9.3,12.8,68,0.0,0.0,0.0,0.0,7.07,11.1
2023-12-09,10.0,12.5,7.7,5.5,8.4,70,0.0,0.0,0.0,0.0,8.68,13.8
2023-12-10,5.7,7.3,3.9,-1.1,1.0,59,0.0,0.0,0.0,0.0,9.51,15.3
2023-12-11,2.4,4.0,1.3,-4.5,-2.3,79,5.7,4.6,0.77,12.0,10.11,16.2
2023-12-12,1.9,4.4,0.8,-3.6,-0.9,71,0.0,0.0,0.0,0.0,9.05,14.6
2023-12-13,3.2,5.4,1.0,-1.3,0.3,82,5.3,5.2,0.07,14.0,7.25,11.2
2023-12-14,5.6,6.3,3.8,0.1,0.9,92,7.5,7.5,0.0,23.0,9.24,14.3
2023-12-15,0.6,3.5,-2.3,-7.1,-2.4,78,2.4,1.0,0.98,8.0,11.51,18.9
2023-12-16,-5.0,-2.5,-6.7,-13.6,-10.9,60,0.0,0.0,0.0,0.0,11.35,18.9
2023-12-17,-5.4,-2.7,-7.1,-12.1,-8.9,54,0.0,0.0,0.0,0.0,8.68,14.0
2023-12-18,-3.0,-0.7,-5.9,-7.4,-4.2,50,0.0,0.0,0.0,0.0,3.79,5.0
2023-12-19,-1.5,0.3,-4.1,-7.6,-5.2,63,0.0,0.0,0.0,0.0,8.54,12.9
2023-12-20,-5.5,-4.1,-7.3,-12.7,-10.4,60,0.1,0.0,0.07,1.0,9.19,15.1
2023-12-21,-7.1,-5.2,-8.7,-15.5,-13.3,58,0.0,0.0,0.0,0.0,9.92,15.7
2023-12-22,-5.2,-2.0,-7.3,-11.6,-8.4,55,0.0,0.0,0.0,0.0,8.23,12.8
2023-12-23,-2.0,1.1,-4.4,-6.8,-4.0,47,0.0,0.0,0.0,0.0,4.34,7.4
2023-12-24,-2.3,0.9,-4.9,-8.1,-5.2,46,0.0,0.0,0.0,0.0,5.46,9.7
2023-12-25,-0.5,2.7,-4.2,-5.6,-2.1,51,0.0,0.0,0.0,0.0,5.74,8.5
2023-12-26,3.3,6.8,0.6,-0.8,3.8,67,0.0,0.0,0.0,0.0,5.9,8.8
2023-12-27,3.1,6.0,1.1,-0.9,2.6,79,0.0,0.0,0.0,0.0,5.22,7.5
2023-12-28,2.8,6.2,-0.1,-0.6,2.8,84,0.0,0.0,0.0,0.0,3.41,5.7
2023-12-29,3.1,6.3,-0.5,-0.1,3.1,82,0.7,0.7,0.0,5.0,3.76,7.2
2023-12-30,5.7,7.4,2.3,1.6,3.4,86,0.9,0.9,0.0,4.0,8.92,12.5
2023-12-31,1.3,3.0,-1.1,-5.3,-3.6,74,0.0,0.0,0.0,0.0,8.76,13.6
2024-01-01,-0.0,2.3,-2.6,-4.3,-1.9,71,0.0,0.0,0.0,0.0,5.51,7.9
2024-01-02,2.7,5.6,-0.1,-1.2,1.9,72,0.0,0.0,0.0,0.0,3.79,5.8
2024-01-03,1.8,4.6,0.1,-3.5,-1.6,63,0.0,0.0,0.0,0.0,7.71,11.9
2024-01-04,4.7,7.2,1.5,-0.8,2.0,75,0.0,0.0,0.0,0.0,9.01,14.1
2024-01-05,3.5,7.3,0.9,-0.5,4.0,68,0.0,0.0,0.0,0.0,4.35,6.5
2024-01-06,1.4,5.4,-1.6,-3.6,-0.6,67,0.0,0.0,0.0,0.0,7.13,11.3
2024-01-07,-0.8,2.6,-2.9,-6.1,-2.7,61,0.0,0.0,0.0,0.0,5.42,8.9
2024-01-08,1.9,4.7,-2.3,-2.9,-0.3,64,0.0,0.0,0.0,0.0,6.75,10.8
2024-01-09,3.2,4.6,-0.8,-1.3,0.8,74,0.2,0.2,0.0,2.0,6.61,10.3
2024-01-10,0.5,3.7,-2.6,-5.2,-1.4,60,0.0,0.0,0.0,0.0,6.72,9.8
2024-01-11,4.1,8.5,1.5,-0.6,4.8,67,0.0,0.0,0.0,0.0,6.73,10.6
2024-01-12,3.3,7.0,0.8,-0.2,3.8,83,0.0,0.0,0.0,0.0,3.86,6.2
2024-01-13,4.1,6.7,1.0,0.5,2.8,93,0.0,0.0,0.0,0.0,6.06,9.5
2024-01-14,2.3,6.0,-2.4,-3.7,2.2,73,0.5,0.5,0.0,5.0,9.04,13.7
2024-01-15,-0.2,3.4,-3.5,-5.2,-0.9,49,0.0,0.0,0.0,0.0,6.04,8.7
2024-01-16,2.0,4.1,-1.0,-1.7,0.3,64,0.1,0.0,0.07,1.0,3.28,4.8
2024-01-17,4.6,5.8,3.5,1.1,4.5,93,7.5,7.5,0.0,16.0,5.51,7.9
2024-01-18,2.8,3.9,-0.5,-2.1,-0.9,82,0.0,0.0,0.0,0.0,6.46,9.5
2024-01-19,1.6,4.2,-0.7,-3.7,-0.8,76,0.2,0.2,0.0,2.0,6.49,10.2
2024-01-20,1.6,2.7,-0.3,-4.3,-2.8,84,3.3,1.4,1.33,12.0,8.13,11.6
2024-01-21,-2.8,-0.4,-5.7,-10.5,-7.4,67,0.0,0.0,0.0,0.0,9.36,15.3
2024-01-22,-6.1,-4.6,-7.4,-14.0,-12.8,57,0.0,0.0,0.0,0.0,9.58,15.6
2024-01-23,-5.1,-2.9,-7.4,-12.4,-10.8,53,0.0,0.0,0.0,0.0,9.28,15.0
2024-01-24,-1.6,2.5,-4.0,-7.7,-3.0,51,0.0,0.0,0.0,0.0,7.38,11.1
2024-01-25,-0.3,3.5,-4.1,-4.8,-1.6,53,0.0,0.0,0.0,0.0,4.02,7.1
2024-01-26,1.1,5.4,-1.5,-3.7,0.1,49,0.0,0.0,0.0,0.0,3.64,6.7
2024-01-27,-0.3,3.7,-3.5,-4.8,-0.3,60,0.0,0.0,0.0,0.0,3.62,5.2
2024-01-28,0.0,4.1,-3.6,-4.5,-0.5,60,0.0,0.0,0.0,0.0,3.54,5.7
2024-01-29,3.1,6.2,-0.1,-1.2,1.9,75,0.0,0.0,0.0,0.0,4.81,7.8
2024-01-30,4.8,7.5,2.4,1.0,4.0,83,0.0,0.0,0.0,0.0,5.04,7.9
2024-01-31,3.4,5.9,-1.1,-1.0,3.6,87,1.6,0.5,0.77,12.0,8.51,12.5
2024-02-01,-2.8,-0.7,-5.0,-10.1,-7.7,58,1.2,0.0,0.84,8.0,8.66,13.6
2024-02-02,-2.4,1.5,-5.3,-8.4,-4.2,57,0.0,0.0,0.0,0.0,6.65,10.0
2024-02-03,-0.0,3.4,-2.0,-5.6,-1.5,58,0.0,0.0,0.0,0.0,5.8,8.5
2024-02-04,-0.5,2.4,-2.4,-6.1,-2.3,66,4.3,0.0,3.08,8.0,6.6,9.9
2024-02-05,-1.3,1.0,-3.2,-8.0,-6.1,76,2.8,0.0,1.96,5.0,8.72,13.6
2024-02-06,-1.0,3.5,-3.6,-6.8,-2.5,62,0.0,0.0,0.0,0.0,5.95,9.0
2024-02-07,-0.8,3.9,-3.8,-6.1,-2.2,64,0.0,0.0,0.0,0.0,5.68,9.3
2024-02-08,-0.3,3.6,-3.6,-4.9,-0.8,60,0.0,0.0,0.0,0.0,3.58,5.8
2024-02-09,2.3,6.1,-1.4,-2.0,1.8,71,0.0,0.0,0.0,0.0,4.88,7.7
2024-02-10,2.5,6.8,-0.5,-1.5,3.5,65,0.0,0.0,0.0,0.0,3.8,6.0
2024-02-11,3.4,9.3,-1.9,-0.7,5.2,62,0.0,0.0,0.0,0.0,4.61,7.7
2024-02-12,6.7,9.5,3.9,2.0,4.2,74,0.0,0.0,0.0,0.0,7.41,11.9
2024-02-13,7.8,10.6,5.7,3.7,6.3,75,0.0,0.0,0.0,0.0,6.24,10.3
2024-02-14,7.9,12.1,4.0,4.7,10.7,80,0.3,0.3,0.0,2.0,7.49,11.7
2024-02-15,2.5,5.1,0.7,-3.8,-2.5,53,3.0,1.4,1.12,7.0,9.1,13.3
2024-02-16,3.3,6.1,-0.8,-2.2,0.1,59,0.0,0.0,0.0,0.0,8.22,13.4
2024-02-17,5.9,7.7,3.9,0.6,3.0,81,0.0,0.0,0.0,0.0,7.96,12.4
2024-02-18,7.5,9.7,6.4,4.3,6.6,94,0.4,0.4,0.0,3.0,6.55,9.7
2024-02-19,3.1,7.7,-0.3,-3.6,5.1,68,1.2,0.4,0.56,6.0,9.81,16.0
2024-02-20,-1.1,-0.3,-2.0,-8.2,-6.7,54,0.9,0.9,0.0,2.0,8.73,13.8
2024-02-21,-2.5,-1.2,-3.4,-9.8,-7.9,80,9.7,1.7,5.6,18.0,9.23,15.1
2024-02-22,-2.1,0.2,-3.4,-8.9,-6.1,65,0.2,0.0,0.14,2.0,8.4,13.4
2024-02-23,-0.8,2.2,-3.2,-6.3,-2.3,56,0.0,0.0,0.0,0.0,6.92,10.9
2024-02-24,-1.0,0.6,-2.1,-5.9,-4.3,70,1.2,0.0,0.84,7.0,6.02,8.3
2024-02-25,0.7,5.8,-3.1,-5.0,0.6,59,0.0,0.0,0.0,0.0,6.3,10.1
2024-02-26,1.2,4.9,-1.2,-4.7,-0.7,50,0.0,0.0,0.0,0.0,6.87,10.7
2024-02-27,0.7,4.0,-2.1,-3.4,0.2,60,0.0,0.0,0.0,0.0,3.54,5.8
2024-02-28,2.8,5.6,0.2,-1.4,0.3,65,0.1,0.1,0.0,1.0,5.84,9.7
2024-02-29,2.0,4.6,-1.9,-4.4,-2.3,57,2.1,0.5,1.12,13.0,8.29,11.8
2024-03-01,-1.0,1.7,-3.4,-6.7,-4.6,46,0.0,0.0,0.0,0.0,7.44,12.0
2024-03-02,3.8,7.9,-0.4,-2.1,1.8,57,0.0,0.0,0.0,0.0,7.58,12.4
2024-03-03,5.6,9.4,2.1,1.5,5.6,70,0.0,0.0,0.0,0.0,5.04,8.3
2024-03-04,5.6,7.5,3.7,1.7,3.3,84,0.4,0.4,0.0,2.0,5.41,9.4
2024-03-05,5.9,8.0,3.6,1.0,3.4,75,2.1,2.1,0.0,12.0,6.96,10.4
2024-03-06,4.1,7.6,1.4,-1.2,3.1,46,0.0,0.0,0.0,0.0,6.6,10.4
2024-03-07,3.1,6.2,0.2,-0.7,2.5,62,0.5,0.5,0.0,4.0,5.16,8.5
2024-03-08,3.3,7.7,0.6,-0.8,3.8,69,0.0,0.0,0.0,0.0,4.67,8.0
2024-03-09,3.5,6.2,0.4,-0.9,2.0,56,0.0,0.0,0.0,0.0,6.13,10.2
2024-03-10,5.6,7.8,3.3,0.7,3.4,75,0.0,0.0,0.0,0.0,7.52,12.1
2024-03-11,7.1,9.4,5.9,3.4,5.9,83,2.0,2.0,0.0,5.0,6.36,9.7
2024-03-12,6.6,10.3,4.2,2.0,5.9,59,0.0,0.0,0.0,0.0,6.12,9.2
2024-03-13,7.2,10.2,4.1,2.4,5.3,57,0.0,0.0,0.0,0.0,7.11,11.3
2024-03-14,8.1,11.3,5.3,4.5,8.3,66,0.0,0.0,0.0,0.0,5.04,8.2
2024-03-15,7.7,10.6,5.7,4.4,7.7,78,0.0,0.0,0.0,0.0,5.39,8.9
2024-03-16,8.0,10.2,6.3,4.8,7.4,84,0.6,0.6,0.0,2.0,5.3,8.9
2024-03-17,7.7,10.6,4.9,2.7,5.1,48,0.0,0.0,0.0,0.0,9.24,14.8
2024-03-18,6.6,9.6,2.5,1.9,3.8,62,0.0,0.0,0.0,0.0,7.72,12.1
2024-03-19,8.9,11.0,7.3,3.2,5.5,39,0.1,0.1,0.0,1.0,8.54,13.4
2024-03-20,6.4,8.9,3.8,1.9,6.3,42,0.0,0.0,0.0,0.0,4.9,11.0
2024-03-21,7.2,8.9,4.7,2.1,3.8,72,0.0,0.0,0.0,0.0,9.55,15.4
2024-03-22,11.3,15.0,8.6,7.0,12.0,62,0.0,0.0,0.0,0.0,9.0,14.7
2024-03-23,8.4,11.0,5.9,4.7,6.8,76,0.1,0.1,0.0,1.0,6.3,10.0
2024-03-24,11.0,14.3,8.3,7.3,11.2,60,0.2,0.2,0.0,1.0,5.59,9.8
2024-03-25,8.0,9.9,4.9,3.6,6.4,82,11.8,11.8,0.0,22.0,7.4,11.7
2024-03-26,8.0,11.7,4.6,3.8,10.0,65,0.0,0.0,0.0,0.0,6.89,9.5
2024-03-27,8.4,9.6,7.7,3.9,5.0,80,0.0,0.0,0.0,0.0,8.1,12.6
2024-03-28,10.5,14.7,7.7,7.8,13.0,75,0.0,0.0,0.0,0.0,7.83,12.9
2024-03-29,12.6,15.5,10.1,8.3,11.2,54,0.5,0.5,0.0,3.0,8.68,16.1
2024-03-30,12.2,17.7,8.7,8.2,13.3,51,4.2,4.2,0.0,3.0,7.75,12.9
2024-03-31,9.0,11.2,7.2,5.4,8.6,63,0.0,0.0,0.0,0.0,5.79,8.4
2024-04-01,10.1,12.8,7.4,6.9,10.5,74,0.0,0.0,0.0,0.0,6.5,10.2
2024-04-02,10.8,12.3,9.3,8.0,9.8,89,0.5,0.5,0.0,5.0,6.91,10.3
2024-04-03,12.0,15.5,10.1,7.3,11.2,63,3.9,3.9,0.0,9.0,7.52,11.8
2024-04-04,11.8,15.4,8.9,7.6,12.6,41,0.0,0.0,0.0,0.0,5.89,9.4
2024-04-05,10.2,13.8,6.3,6.8,12.2,51,0.0,0.0,0.0,0.0,5.1,8.5
2024-04-06,11.9,14.7,10.1,8.5,12.2,57,0.0,0.0,0.0,0.0,6.2,9.7
2024-04-07,11.8,14.0,9.8,9.0,12.2,74,0.0,0.0,0.0,0.0,6.07,9.8
2024-04-08,12.6,15.8,9.6,10.8,14.7,71,0.0,0.0,0.0,0.0,5.02,7.7
2024-04-09,11.3,14.2,9.2,7.9,12.8,53,0.0,0.0,0.0,0.0,5.12,8.1
2024-04-10,11.6,13.9,9.7,7.9,10.8,65,0.0,0.0,0.0,0.0,6.6,10.9
2024-04-11,12.3,14.6,10.7,9.3,13.0,80,0.0,0.0,0.0,0.0,6.82,10.1
2024-04-12,11.9,13.6,10.2,9.8,11.8,89,0.0,0.0,0.0,0.0,5.15,8.5
2024-04-13,12.0,13.7,10.3,10.1,12.0,94,0.0,0.0,0.0,0.0,5.11,8.5
2024-04-14,11.8,13.1,9.9,9.3,12.0,94,25.1,25.1,0.0,13.0,7.81,10.9
2024-04-15,14.6,17.7,12.7,13.1,17.8,87,0.2,0.2,0.0,1.0,6.68,9.7
2024-04-16,14.6,18.9,10.9,13.4,19.1,69,0.0,0.0,0.0,0.0,3.67,6.4
2024-04-17,13.4,15.7,10.0,11.3,14.5,66,0.0,0.0,0.0,0.0,4.63,7.2
2024-04-18,15.1,19.0,11.4,13.6,19.7,66,0.0,0.0,0.0,0.0,4.88,7.9
2024-04-19,14.3,16.7,12.4,12.1,15.1,71,0.0,0.0,0.0,0.0,5.19,8.4
2024-04-20,13.8,15.7,12.4,11.6,13.5,77,0.3,0.3,0.0,2.0,5.8,8.7
2024-04-21,13.8,16.5,11.0,12.8,17.0,80,0.0,0.0,0.0,0.0,3.71,6.2
2024-04-22,13.5,16.1,11.7,12.4,16.0,82,0.0,0.0,0.0,0.0,4.75,8.4
2024-04-23,12.6,13.9,11.8,10.7,11.7,89,3.2,3.2,0.0,4.0,5.43,10.2
2024-04-24,14.3,19.0,10.9,12.0,19.6,73,0.0,0.0,0.0,0.0,6.84,9.8
2024-04-25,15.7,18.4,13.0,12.8,16.0,68,0.0,0.0,0.0,0.0,7.06,11.6
2024-04-26,15.0,17.0,13.2,12.6,15.3,74,0.0,0.0,0.0,0.0,7.12,11.5
2024-04-27,14.3,16.4,12.8,12.9,16.2,81,0.0,0.0,0.0,0.0,4.83,8.1
2024-04-28,14.5,16.9,12.5,14.1,17.4,82,0.0,0.0,0.0,0.0,3.22,5.9
2024-04-29,15.2,19.3,11.8,13.5,21.3,70,0.0,0.0,0.0,0.0,8.11,11.4
2024-04-30,14.0,17.4,10.9,10.0,14.9,54,0.0,0.0,0.0,0.0,7.86,11.7
2024-05-01,16.0,20.1,10.6,13.5,20.5,51,0.0,0.0,0.0,0.0,5.08,8.4
2024-05-02,16.1,20.1,12.6,14.3,20.9,54,0.0,0.0,0.0,0.0,4.81,7.8
2024-05-03,14.6,17.2,12.1,13.6,17.3,76,0.0,0.0,0.0,0.0,4.1,7.7
2024-05-04,14.6,17.0,12.0,13.3,15.5,77,1.8,1.8,0.0,3.0,4.16,6.9
2024-05-05,14.1,15.6,13.2,12.8,14.0,86,20.3,20.3,0.0,14.0,4.54,6.8
2024-05-06,15.3,18.1,13.4,13.3,15.8,78,0.3,0.3,0.0,3.0,6.23,10.1
2024-05-07,16.8,21.1,13.5,14.4,19.2,63,0.0,0.0,0.0,0.0,6.73,10.7
2024-05-08,16.1,19.5,11.5,14.6,21.0,62,0.0,0.0,0.0,0.0,4.52,7.0
2024-05-09,17.8,20.8,15.3,15.2,19.3,61,0.0,0.0,0.0,0.0,7.43,11.9
2024-05-10,16.5,17.8,14.9,13.7,15.6,77,0.0,0.0,0.0,0.0,8.66,14.1
2024-05-11,17.1,19.7,14.0,15.4,19.0,64,1.1,1.1,0.0,6.0,8.03,11.7
2024-05-12,17.2,20.4,12.8,15.8,21.5,55,0.0,0.0,0.0,0.0,3.61,6.8
2024-05-13,17.7,20.9,13.9,16.0,20.6,60,0.0,0.0,0.0,0.0,6.6,10.0
2024-05-14,19.2,22.0,16.4,16.9,20.2,67,0.0,0.0,0.0,0.0,7.99,13.1
2024-05-15,17.6,20.3,14.8,13.4,19.4,43,0.6,0.6,0.0,3.0,10.25,16.1
2024-05-16,19.3,23.3,15.2,15.6,20.7,44,0.0,0.0,0.0,0.0,7.58,11.6
2024-05-17,19.2,20.7,17.5,17.4,20.2,70,0.0,0.0,0.0,0.0,6.66,11.6
2024-05-18,19.0,20.8,17.4,17.5,20.5,79,0.0,0.0,0.0,0.0,7.96,12.3
2024-05-19,18.0,19.8,16.6,16.9,19.1,83,0.0,0.0,0.0,0.0,7.73,13.0
2024-05-20,17.7,20.2,15.8,18.4,22.4,88,0.1,0.1,0.0,1.0,5.13,8.8
2024-05-21,17.5,19.3,16.1,17.6,20.1,90,0.0,0.0,0.0,0.0,5.33,9.0
2024-05-22,17.7,19.6,16.6,17.5,20.1,89,0.0,0.0,0.0,0.0,6.4,10.4
2024-05-23,18.6,21.2,16.8,18.5,22.3,84,0.0,0.0,0.0,0.0,6.21,10.6
2024-05-24,17.3,19.8,15.7,18.0,21.0,90,0.0,0.0,0.0,0.0,4.11,7.3
2024-05-25,17.0,18.4,16.3,16.7,18.4,91,0.0,0.0,0.0,0.0,6.31,10.2
2024-05-26,18.4,21.9,16.7,17.9,21.9,83,9.6,9.6,0.0,8.0,6.94,10.5
2024-05-27,18.9,22.4,15.3,18.4,22.9,66,0.0,0.0,0.0,0.0,4.18,8.5
2024-05-28,19.7,23.7,14.2,19.2,25.1,61,0.0,0.0,0.0,0.0,5.44,8.4
2024-05-29,20.0,22.5,17.8,18.6,21.5,66,0.0,0.0,0.0,0.0,7.41,11.8
2024-05-30,19.1,20.6,17.7,18.3,20.1,81,0.1,0.1,0.0,1.0,6.91,10.1
2024-05-31,20.7,24.9,17.6,19.8,26.2,68,0.0,0.0,0.0,0.0,7.69,12.0
2024-06-01,20.7,24.2,16.2,19.6,24.7,55,0.0,0.0,0.0,0.0,4.62,9.0
2024-06-02,22.6,25.4,19.6,21.7,24.1,54,0.0,0.0,0.0,0.0,5.46,8.5
2024-06-03,21.8,25.2,18.4,21.5,26.2,58,0.0,0.0,0.0,0.0,4.4,8.0
2024-06-04,19.8,22.3,16.6,19.9,22.6,72,0.0,0.0,0.0,0.0,4.14,7.3
2024-06-05,19.2,20.6,18.1,19.3,20.3,85,0.0,0.0,0.0,0.0,5.14,9.1
2024-06-06,19.8,21.7,18.2,20.2,22.5,84,0.0,0.0,0.0,0.0,5.46,8.9
2024-06-07,19.9,21.6,18.5,20.1,22.9,81,0.0,0.0,0.0,0.0,5.22,9.3
2024-06-08,22.5,25.7,19.3,23.7,28.7,75,0.3,0.3,0.0,1.0,4.7,7.9
2024-06-09,24.7,28.2,20.8,25.4,29.9,66,0.0,0.0,0.0,0.0,6.65,9.8
2024-06-10,25.7,28.7,23.1,26.9,31.6,64,0.0,0.0,0.0,0.0,5.8,8.9
2024-06-11,24.1,26.6,21.0,23.8,26.7,70,0.0,0.0,0.0,0.0,8.14,12.0
2024-06-12,21.8,23.9,20.3,22.8,26.1,88,0.4,0.4,0.0,1.0,6.71,10.9
2024-06-13,21.9,23.6,20.4,22.7,25.2,88,0.0,0.0,0.0,0.0,7.86,12.5
2024-06-14,21.7,23.4,20.9,22.9,25.2,91,0.1,0.1,0.0,1.0,7.07,10.8
2024-06-15,22.4,25.0,20.5,25.4,29.0,86,17.0,17.0,0.0,7.0,3.54,7.6
2024-06-16,22.3,25.0,19.6,24.6,28.9,83,0.0,0.0,0.0,0.0,5.33,8.7
2024-06-17,23.2,26.2,20.4,24.3,28.4,74,0.0,0.0,0.0,0.0,6.5,10.1
2024-06-18,24.0,26.2,21.5,24.2,27.8,64,0.0,0.0,0.0,0.0,5.93,10.0
2024-06-19,22.9,24.2,21.6,24.0,25.7,82,0.0,0.0,0.0,0.0,6.5,10.3
2024-06-20,23.0,24.8,21.5,25.3,27.2,88,0.3,0.3,0.0,3.0,5.02,7.9
2024-06-21,23.4,25.2,21.8,27.0,29.8,91,2.0,2.0,0.0,4.0,3.77,5.7
2024-06-22,24.9,27.6,21.9,28.5,32.8,80,0.0,0.0,0.0,0.0,3.58,6.8
2024-06-23,26.1,28.6,23.8,29.5,33.5,76,3.7,3.7,0.0,4.0,4.25,8.3
2024-06-24,24.2,27.2,21.5,25.3,30.1,64,0.0,0.0,0.0,0.0,5.56,8.0
2024-06-25,23.8,26.8,20.4,25.2,29.2,71,0.0,0.0,0.0,0.0,6.59,10.3
2024-06-26,23.6,26.0,20.3,24.8,27.6,72,0.0,0.0,0.0,0.0,6.01,9.8
2024-06-27,23.2,25.8,20.4,25.4,28.0,77,0.0,0.0,0.0,0.0,4.2,7.4
2024-06-28,22.9,25.2,20.1,24.6,27.5,80,0.0,0.0,0.0,0.0,6.1,9.3
2024-06-29,23.1,24.4,22.3,25.5,26.2,91,5.8,5.8,0.0,12.0,6.64,9.1
2024-06-30,24.5,27.3,21.9,27.5,31.8,81,0.0,0.0,0.0,0.0,5.6,9.0
2024-07-01,24.9,26.8,23.2,28.8,32.5,89,0.0,0.0,0.0,0.0,4.7,7.1
2024-07-02,23.1,24.1,22.3,23.5,26.8,91,70.2,70.2,0.0,14.0,11.39,18.6
2024-07-03,23.8,26.3,21.8,26.0,30.8,82,0.0,0.0,0.0,0.0,6.22,9.3
2024-07-04,23.8,25.9,21.6,25.6,26.9,90,11.0,11.0,0.0,10.0,10.17,21.8
2024-07-05,23.8,25.4,21.2,26.4,28.3,89,0.5,0.5,0.0,2.0,8.36,12.5
2024-07-06,25.7,27.3,24.1,28.2,30.5,85,23.0,23.0,0.0,9.0,9.74,14.0
2024-07-07,24.4,25.5,22.6,28.3,29.9,93,15.1,15.1,0.0,16.0,4.27,11.8
2024-07-08,24.2,25.9,22.4,28.6,30.8,91,27.8,27.8,0.0,12.0,3.06,10.7
2024-07-09,23.7,24.1,23.2,27.2,28.8,94,81.1,81.1,0.0,18.0,6.42,14.3
2024-07-10,24.9,28.0,22.1,27.7,32.3,78,0.0,0.0,0.0,0.0,5.23,7.4
2024-07-11,24.4,27.0,21.6,27.4,31.6,76,0.0,0.0,0.0,0.0,3.57,6.0
2024-07-12,24.8,26.7,23.0,28.7,31.3,87,0.0,0.0,0.0,0.0,4.1,6.7
2024-07-13,24.4,25.8,22.9,27.6,29.6,86,0.0,0.0,0.0,0.0,4.8,8.0
2024-07-14,24.9,27.2,22.5,28.8,31.6,86,0.0,0.0,0.0,0.0,3.45,5.7
2024-07-15,25.6,27.3,23.7,30.2,32.5,90,0.2,0.2,0.0,2.0,3.28,5.6
2024-07-16,25.1,26.3,24.4,28.6,29.7,94,24.9,24.9,0.0,16.0,8.1,12.3
2024-07-17,25.7,26.7,25.0,29.3,31.7,94,47.8,47.8,0.0,23.0,8.64,10.8
2024-07-18,26.8,29.3,24.8,31.0,34.9,87,19.5,19.5,0.0,5.0,7.91,10.0
2024-07-19,26.7,28.0,25.3,30.7,32.8,89,0.0,0.0,0.0,0.0,7.25,9.5
2024-07-20,25.1,26.7,24.1,27.8,31.1,92,34.9,34.9,0.0,16.0,10.79,16.2
2024-07-21,27.0,28.6,24.7,31.3,33.7,89,0.0,0.0,0.0,0.0,6.26,9.8
2024-07-22,26.4,27.5,25.1,30.5,32.1,92,99.0,99.0,0.0,15.0,7.94,12.5
2024-07-23,25.7,26.5,25.0,30.1,30.9,94,142.1,142.1,0.0,16.0,6.21,11.6
2024-07-24,26.7,28.6,25.4,31.3,33.9,92,0.0,0.0,0.0,0.0,5.66,9.6
2024-07-25,26.8,27.8,25.9,31.0,32.2,92,0.0,0.0,0.0,0.0,6.56,10.2
2024-07-26,27.3,28.5,26.2,31.8,34.5,91,2.5,2.5,0.0,6.0,6.9,11.4
2024-07-27,27.3,28.1,26.5,30.1,31.1,91,21.0,21.0,0.0,22.0,9.97,15.0
2024-07-28,27.7,28.6,26.7,31.1,33.1,88,0.6,0.6,0.0,5.0,9.69,14.5
2024-07-29,28.6,30.3,27.2,34.0,37.1,88,0.5,0.5,0.0,2.0,6.27,9.5
2024-07-30,28.9,30.3,27.6,34.3,36.9,88,0.0,0.0,0.0,0.0,6.2,8.9
2024-07-31,29.7,30.9,28.1,35.1,37.3,86,0.0,0.0,0.0,0.0,6.6,9.5
2024-08-01,29.7,31.1,28.0,35.5,37.1,85,0.4,0.4,0.0,3.0,5.66,9.3
2024-08-02,29.1,30.6,27.9,35.4,37.8,87,0.2,0.2,0.0,2.0,5.18,8.4
2024-08-03,29.5,31.0,28.2,36.3,38.7,89,1.7,1.7,0.0,10.0,5.4,7.1
2024-08-04,29.7,31.5,27.6,35.7,37.9,89,0.7,0.7,0.0,2.0,6.89,10.7
2024-08-05,28.5,29.3,26.4,34.8,37.1,90,10.3,10.3,0.0,10.0,6.89,9.5
2024-08-06,27.4,28.5,26.1,32.9,34.9,90,18.9,18.9,0.0,12.0,4.79,7.5
2024-08-07,28.5,30.5,26.7,35.5,38.6,90,0.7,0.7,0.0,7.0,3.04,6.2
2024-08-08,26.9,27.7,25.5,32.7,34.6,91,116.7,116.7,0.0,13.0,3.73,9.8
2024-08-09,28.2,29.7,26.3,34.0,36.1,88,0.5,0.5,0.0,4.0,4.84,6.8
2024-08-10,29.4,30.9,28.2,34.5,36.9,87,0.7,0.7,0.0,3.0,6.8,10.5
2024-08-11,29.7,31.2,28.2,35.3,37.2,85,0.0,0.0,0.0,0.0,6.22,9.7
2024-08-12,29.4,31.2,27.8,36.3,38.6,85,0.6,0.6,0.0,6.0,3.66,6.0
2024-08-13,29.2,31.2,27.5,36.4,38.8,88,0.5,0.5,0.0,4.0,2.96,5.0
2024-08-14,28.0,29.4,26.6,34.5,36.5,88,17.4,17.4,0.0,15.0,2.3,4.5
2024-08-15,28.6,30.8,26.3,34.9,37.9,83,1.0,1.0,0.0,9.0,2.83,5.5
2024-08-16,28.9,30.5,27.2,35.0,37.3,81,0.9,0.9,0.0,7.0,2.59,4.6
2024-08-17,29.0,30.9,26.9,35.4,38.1,83,0.4,0.4,0.0,4.0,2.87,5.3
2024-08-18,28.8,30.3,27.0,34.5,35.8,85,2.5,2.5,0.0,12.0,4.76,7.0
2024-08-19,28.4,29.1,27.6,33.4,34.1,85,10.3,10.3,0.0,17.0,6.01,8.8
2024-08-20,27.5,28.9,26.7,32.8,34.9,89,49.9,49.9,0.0,23.0,5.08,10.6
2024-08-21,28.4,30.2,26.7,34.4,36.6,85,16.3,16.3,0.0,14.0,4.25,7.5
2024-08-22,28.9,31.5,26.9,34.6,37.3,83,1.4,1.4,0.0,9.0,5.41,7.8
2024-08-23,29.3,31.5,27.3,36.2,39.7,84,0.5,0.5,0.0,2.0,3.29,4.8
2024-08-24,29.4,31.5,27.8,36.7,39.5,86,1.4,1.4,0.0,7.0,3.46,5.2
2024-08-25,29.3,31.0,27.9,36.5,38.8,87,0.4,0.4,0.0,4.0,2.42,4.3
2024-08-26,28.5,29.5,27.4,33.0,35.2,85,4.5,4.5,0.0,16.0,9.54,12.9
2024-08-27,25.9,27.3,24.3,26.2,29.2,84,132.4,132.4,0.0,15.0,14.69,24.4
2024-08-28,26.6,29.8,23.3,29.7,33.8,78,0.0,0.0,0.0,0.0,6.07,9.0
2024-08-29,26.7,29.4,23.9,31.1,34.6,78,0.0,0.0,0.0,0.0,3.18,5.5
2024-08-30,27.5,30.4,24.3,32.5,35.9,81,0.0,0.0,0.0,0.0,3.08,5.3
2024-08-31,27.3,29.6,24.9,32.1,35.9,80,0.0,0.0,0.0,0.0,4.28,5.6
2024-09-01,28.0,30.2,26.3,33.3,35.7,86,4.9,4.9,0.0,9.0,5.13,8.4
2024-09-02,25.1,27.2,22.2,25.6,29.0,69,0.6,0.6,0.0,2.0,7.68,11.3
2024-09-03,24.7,28.2,21.1,26.7,31.2,70,0.0,0.0,0.0,0.0,4.09,7.3
2024-09-04,25.9,27.6,23.8,29.0,31.4,75,0.0,0.0,0.0,0.0,4.93,8.9
2024-09-05,26.3,28.5,23.8,29.3,33.0,82,0.3,0.3,0.0,2.0,6.65,10.1
2024-09-06,24.8,27.5,22.4,26.2,29.9,67,0.0,0.0,0.0,0.0,5.97,9.3
2024-09-07,24.8,27.5,21.9,28.1,32.1,73,0.0,0.0,0.0,0.0,2.37,4.8
2024-09-08,25.9,28.1,23.2,29.4,32.8,75,0.0,0.0,0.0,0.0,3.21,5.8
2024-09-09,26.5,28.3,24.4,29.8,32.6,78,0.0,0.0,0.0,0.0,4.61,7.6
2024-09-10,27.1,29.5,25.1,32.0,35.4,83,0.0,0.0,0.0,0.0,3.83,5.8
2024-09-11,26.6,29.0,24.7,30.2,32.5,83,0.3,0.3,0.0,3.0,5.64,10.6
2024-09-12,26.1,27.3,25.0,30.1,32.9,90,14.9,14.9,0.0,18.0,6.59,10.1
2024-09-13,27.1,28.6,26.0,32.8,33.7,89,3.2,3.2,0.0,11.0,3.29,6.0
2024-09-14,24.5,26.6,21.2,26.9,33.1,85,7.8,7.8,0.0,13.0,7.42,11.0
2024-09-15,22.6,25.8,20.2,22.7,26.7,72,0.0,0.0,0.0,0.0,6.65,10.3
2024-09-16,24.7,28.3,20.4,26.7,30.7,74,0.2,0.2,0.0,2.0,5.08,8.5
2024-09-17,26.7,28.4,25.7,31.0,32.7,90,0.1,0.1,0.0,1.0,5.84,8.6
2024-09-18,26.9,28.3,26.0,32.3,34.5,94,2.5,2.5,0.0,9.0,4.15,7.2
2024-09-19,27.6,29.1,26.3,33.3,35.1,93,1.8,1.8,0.0,13.0,4.64,6.6
2024-09-20,25.8,28.8,20.8,29.1,34.1,90,5.8,5.8,0.0,16.0,9.15,13.4
2024-09-21,19.7,22.2,17.5,15.7,18.4,69,0.0,0.0,0.0,0.0,11.8,17.9
2024-09-22,18.8,22.2,16.1,15.2,18.8,58,0.0,0.0,0.0,0.0,8.68,13.8
2024-09-23,20.1,24.0,16.2,19.4,23.7,64,0.0,0.0,0.0,0.0,5.17,8.1
2024-09-24,22.0,25.3,18.7,23.1,26.4,75,0.3,0.3,0.0,3.0,3.57,7.1
2024-09-25,23.1,26.4,19.0,24.8,28.4,69,0.0,0.0,0.0,0.0,3.1,4.7
2024-09-26,22.8,26.2,20.7,23.8,27.0,71,0.0,0.0,0.0,0.0,5.28,7.7
2024-09-27,22.0,25.3,19.0,22.1,25.6,63,0.0,0.0,0.0,0.0,4.0,7.1
2024-09-28,22.8,25.3,19.7,23.4,26.4,68,0.0,0.0,0.0,0.0,4.43,6.4
2024-09-29,24.3,26.3,21.7,26.3,28.3,81,0.0,0.0,0.0,0.0,5.55,9.4
2024-09-30,23.3,25.6,18.3,25.5,28.4,90,4.0,4.0,0.0,16.0,9.38,13.2
2024-10-01,18.0,20.3,15.9,14.2,16.6,62,0.8,0.8,0.0,4.0,8.67,13.5
2024-10-02,16.6,19.8,13.7,13.0,17.0,51,0.0,0.0,0.0,0.0,6.6,9.5
2024-10-03,17.1,21.2,13.1,14.8,19.3,55,0.0,0.0,0.0,0.0,5.19,7.7
2024-10-04,18.2,21.6,15.0,17.1,20.8,59,0.0,0.0,0.0,0.0,3.03,4.6
2024-10-05,19.5,22.4,16.0,18.9,22.2,62,0.0,0.0,0.0,0.0,3.48,6.0
2024-10-06,19.5,21.2,18.7,19.1,19.9,62,0.7,0.7,0.0,4.0,3.01,5.8
2024-10-07,17.5,20.2,14.6,15.1,17.4,73,0.0,0.0,0.0,0.0,7.16,11.6
2024-10-08,17.2,22.1,13.1,14.6,19.2,60,0.0,0.0,0.0,0.0,5.6,8.4
2024-10-09,18.7,21.8,14.8,17.3,20.6,53,0.0,0.0,0.0,0.0,4.72,6.4
2024-10-10,19.7,23.3,16.2,18.4,21.9,65,0.1,0.1,0.0,1.0,5.12,7.9
2024-10-11,18.0,22.1,13.7,17.2,21.1,67,0.0,0.0,0.0,0.0,3.6,5.3
2024-10-12,20.5,23.4,17.9,20.4,23.7,70,0.0,0.0,0.0,0.0,4.26,7.1
2024-10-13,20.7,23.0,18.7,20.1,21.6,69,5.2,5.2,0.0,9.0,5.26,9.5
2024-10-14,20.4,22.8,19.0,21.6,24.2,82,8.1,8.1,0.0,10.0,5.88,8.9
2024-10-15,19.7,23.9,16.7,19.8,24.2,78,0.0,0.0,0.0,0.0,6.05,10.1
2024-10-16,17.8,20.5,14.9,16.6,20.2,67,0.0,0.0,0.0,0.0,5.6,8.3
2024-10-17,19.9,22.1,16.6,19.1,21.4,75,3.4,3.4,0.0,3.0,6.67,10.4
2024-10-18,19.3,20.9,15.5,19.2,23.5,92,65.8,65.8,0.0,24.0,11.61,18.8
2024-10-19,11.1,14.7,8.9,4.4,9.8,63,0.0,0.0,0.0,0.0,11.71,18.6
2024-10-20,12.5,16.2,8.7,9.5,14.5,72,4.1,4.1,0.0,4.0,7.25,10.8
2024-10-21,14.6,16.4,12.5,13.0,15.3,77,8.6,8.6,0.0,11.0,5.44,7.7
2024-10-22,13.6,15.4,11.4,10.2,13.7,83,3.6,3.6,0.0,11.0,9.63,15.6
2024-10-23,13.6,17.2,10.2,10.5,14.3,67,0.0,0.0,0.0,0.0,7.94,11.5
2024-10-24,15.3,18.8,12.3,13.9,18.1,66,0.0,0.0,0.0,0.0,3.83,6.0
2024-10-25,16.1,19.2,13.3,14.9,18.0,76,0.0,0.0,0.0,0.0,4.6,8.4
2024-10-26,16.5,19.3,14.0,16.1,19.3,78,0.0,0.0,0.0,0.0,3.87,6.3
2024-10-27,15.0,17.6,11.0,12.5,15.1,78,0.0,0.0,0.0,0.0,7.08,10.7
2024-10-28,13.2,17.7,10.1,10.0,14.3,69,0.0,0.0,0.0,0.0,6.27,10.1
2024-10-29,13.5,17.5,10.5,12.0,15.8,71,0.0,0.0,0.0,0.0,3.3,4.7
2024-10-30,15.9,19.3,13.2,15.0,18.5,73,0.0,0.0,0.0,0.0,3.25,5.9
2024-10-31,16.4,19.3,14.0,15.7,18.5,78,0.0,0.0,0.0,0.0,3.81,6.0
2024-11-01,16.5,19.8,14.4,14.6,17.5,76,0.0,0.0,0.0,0.0,5.89,10.9
2024-11-02,16.9,21.8,14.0,15.7,20.9,76,0.0,0.0,0.0,0.0,5.79,8.5
2024-11-03,17.5,20.9,14.5,16.6,19.6,74,0.0,0.0,0.0,0.0,4.37,7.6
2024-11-04,13.4,16.7,9.2,8.9,14.5,59,0.0,0.0,0.0,0.0,8.19,12.6
2024-11-05,10.3,13.6,7.8,6.5,9.7,57,0.0,0.0,0.0,0.0,4.82,7.1
2024-11-06,11.0,14.5,7.9,8.1,12.5,57,0.0,0.0,0.0,0.0,4.05,6.1
2024-11-07,13.2,16.4,10.1,10.7,13.4,58,0.0,0.0,0.0,0.0,3.88,6.9
2024-11-08,14.6,17.0,13.1,12.4,14.6,66,0.0,0.0,0.0,0.0,4.55,8.0
2024-11-09,15.5,18.1,12.5,13.6,15.8,73,0.0,0.0,0.0,0.0,5.03,8.7
2024-11-10,16.9,19.1,15.4,16.7,18.5,78,0.0,0.0,0.0,0.0,3.58,5.8
2024-11-11,15.6,17.9,13.8,15.8,18.7,88,0.0,0.0,0.0,0.0,3.05,4.6
2024-11-12,15.6,18.1,13.6,15.1,18.0,84,0.0,0.0,0.0,0.0,3.35,5.2
2024-11-13,16.4,17.7,14.8,15.1,16.0,77,0.0,0.0,0.0,0.0,5.03,8.2
2024-11-14,16.7,17.3,16.2,16.5,18.2,86,5.1,5.1,0.0,10.0,5.15,7.3
2024-11-15,16.9,19.0,15.4,17.1,19.4,83,0.0,0.0,0.0,0.0,3.36,5.2
2024-11-16,15.6,17.0,12.6,13.9,16.5,82,0.7,0.7,0.0,4.0,7.67,11.2
2024-11-17,10.7,12.5,7.8,5.5,7.3,51,0.0,0.0,0.0,0.0,7.57,10.7
2024-11-18,7.3,9.0,5.4,2.2,3.9,56,0.0,0.0,0.0,0.0,6.62,10.9
2024-11-19,7.6,10.3,4.3,4.2,7.9,58,0.0,0.0,0.0,0.0,4.37,6.9
2024-11-20,10.2,12.9,8.0,7.0,9.3,61,0.0,0.0,0.0,0.0,3.92,6.5
2024-11-21,10.6,15.0,7.8,7.0,10.7,67,0.0,0.0,0.0,0.0,5.29,8.5
2024-11-22,8.9,11.7,6.9,4.4,7.0,59,0.0,0.0,0.0,0.0,5.77,9.4
2024-11-23,7.6,10.6,4.8,3.5,6.6,58,0.0,0.0,0.0,0.0,4.91,7.1
2024-11-24,9.5,12.7,5.9,6.3,9.3,63,0.0,0.0,0.0,0.0,3.87,6.1
2024-11-25,10.5,12.7,6.5,6.7,10.7,79,7.1,7.1,0.0,13.0,9.84,14.8
2024-11-26,3.6,6.1,2.1,-3.8,-1.0,46,0.0,0.0,0.0,0.0,10.66,17.4
2024-11-27,2.7,4.6,0.0,-5.2,-2.0,44,0.3,0.3,0.0,3.0,11.12,17.8
2024-11-28,4.8,6.2,3.5,-2.3,-1.1,48,0.0,0.0,0.0,0.0,10.58,16.2
2024-11-29,7.6,12.7,3.3,2.3,6.5,48,0.0,0.0,0.0,0.0,7.15,11.1
2024-11-30,10.0,15.1,5.4,6.5,11.4,61,0.0,0.0,0.0,0.0,4.61,6.9
2024-12-01,12.0,14.2,10.2,8.4,10.3,68,0.4,0.4,0.0,2.0,6.68,10.5
2024-12-02,6.4,9.9,1.9,1.5,6.4,69,0.0,0.0,0.0,0.0,7.6,12.3
2024-12-03,3.9,6.8,1.5,-0.1,3.5,58,0.0,0.0,0.0,0.0,4.38,6.8
2024-12-04,5.2,8.9,2.1,0.8,4.3,55,0.0,0.0,0.0,0.0,4.05,6.7
2024-12-05,6.2,9.8,3.4,1.4,4.3,56,0.0,0.0,0.0,0.0,6.34,9.8
2024-12-06,5.8,8.9,2.7,1.9,5.3,58,0.3,0.3,0.0,2.0,4.69,6.2
2024-12-07,3.4,5.9,0.8,-2.6,1.6,62,0.0,0.0,0.0,0.0,9.73,15.7
2024-12-08,2.3,5.9,-0.3,-3.6,-0.6,47,0.0,0.0,0.0,0.0,6.91,10.5
2024-12-09,3.6,6.9,0.8,-0.9,2.5,47,0.0,0.0,0.0,0.0,3.91,6.4
2024-12-10,4.3,7.2,1.4,-0.0,3.4,57,0.0,0.0,0.0,0.0,4.73,6.6
2024-12-11,4.7,7.8,1.5,-0.5,2.5,64,0.0,0.0,0.0,0.0,6.98,11.8
2024-12-12,2.3,4.5,-0.3,-2.2,1.0,65,0.0,0.0,0.0,0.0,5.43,7.9
2024-12-13,3.4,6.2,1.3,-2.5,-0.9,66,0.8,0.6,0.14,8.0,9.65,15.0
2024-12-14,1.8,4.7,-0.3,-4.6,-2.4,53,0.0,0.0,0.0,0.0,8.14,12.5
2024-12-15,3.0,7.0,0.5,-2.7,0.8,48,0.0,0.0,0.0,0.0,6.17,9.6
2024-12-16,3.8,8.3,0.7,-0.5,3.7,48,0.0,0.0,0.0,0.0,3.33,6.4
2024-12-17,2.9,7.1,0.5,-2.0,2.6,65,0.0,0.0,0.0,0.0,7.12,10.8
2024-12-18,0.6,2.9,-0.9,-5.9,-4.6,59,0.0,0.0,0.0,0.0,8.57,14.1
2024-12-19,0.5,2.7,-1.6,-4.0,-1.2,66,0.0,0.0,0.0,0.0,5.49,8.1
2024-12-20,2.6,5.1,0.9,-2.7,0.2,57,0.0,0.0,0.0,0.0,7.22,11.2
2024-12-21,0.4,2.1,-1.0,-6.5,-5.6,60,0.0,0.0,0.0,0.0,9.27,14.9
2024-12-22,0.5,4.4,-1.7,-4.9,-0.4,57,0.0,0.0,0.0,0.0,6.01,9.3
2024-12-23,1.7,6.0,-0.7,-3.5,0.4,50,0.0,0.0,0.0,0.0,4.77,7.7
2024-12-24,1.8,4.4,-1.5,-2.2,1.2,66,0.0,0.0,0.0,0.0,4.1,6.0
2024-12-25,4.7,7.3,2.6,0.4,2.8,60,0.0,0.0,0.0,0.0,6.0,9.6
2024-12-26,1.3,3.5,-0.9,-4.5,-2.4,58,0.0,0.0,0.0,0.0,6.67,10.4
2024-12-27,-0.2,2.9,-1.8,-7.0,-4.6,50,0.0,0.0,0.0,0.0,8.9,14.4
2024-12-28,0.7,4.7,-2.0,-5.7,-1.8,40,0.0,0.0,0.0,0.0,7.29,11.7
2024-12-29,3.8,7.2,-0.4,-1.8,0.4,52,0.0,0.0,0.0,0.0,8.16,12.6
2024-12-30,4.7,8.5,2.1,-0.8,3.2,52,0.0,0.0,0.0,0.0,6.94,11.1
2024-12-31,3.3,6.6,0.2,-1.5,1.3,59,0.0,0.0,0.0,0.0,5.66,8.5
