time,temperature_2m_mean,temperature_2m_max,temperature_2m_min,apparent_temperature_mean,apparent_temperature_max,relative_humidity_2m_mean,precipitation_sum,rain_sum,snowfall_sum,precipitation_hours,wind_speed_10m_max,wind_gusts_10m_max
2015-01-01,-6.4,-3.6,-8.0,-12.8,-10.4,42,0.0,0.0,0.0,0.0,6.18,13.9
2015-01-02,-5.3,-1.1,-7.6,-10.7,-7.7,49,0.0,0.0,0.0,0.0,6.03,12.5
2015-01-03,-3.4,2.6,-9.2,-7.5,-1.6,60,0.0,0.0,0.0,0.0,2.44,7.0
2015-01-04,2.0,8.0,-1.7,-1.4,4.7,77,0.0,0.0,0.0,0.0,2.79,7.6
2015-01-05,2.4,8.6,-2.0,-0.7,5.6,80,1.0,1.0,0.0,2.0,3.0,6.9
2015-01-06,-1.3,3.4,-6.0,-7.0,0.7,56,3.0,2.7,0.21,5.0,6.51,14.8
2015-01-07,-4.9,-0.3,-7.4,-10.5,-5.9,35,0.0,0.0,0.0,0.0,5.77,12.0
2015-01-08,-5.8,0.2,-9.8,-10.6,-4.9,53,0.0,0.0,0.0,0.0,3.08,7.8
2015-01-09,-2.9,3.4,-7.8,-7.3,-1.6,67,0.0,0.0,0.0,0.0,4.36,10.3
2015-01-10,-0.8,4.9,-5.2,-5.1,-0.1,64,0.0,0.0,0.0,0.0,4.33,9.9
2015-01-11,0.4,3.6,-3.2,-4.5,-2.3,63,0.4,0.4,0.0,2.0,5.16,11.3
2015-01-12,-3.1,2.4,-7.2,-7.4,-1.8,49,0.0,0.0,0.0,0.0,3.54,8.0
2015-01-13,-2.1,5.0,-8.0,-5.8,1.4,60,0.0,0.0,0.0,0.0,1.8,4.0
2015-01-14,1.1,5.4,-2.3,-2.7,1.7,55,0.0,0.0,0.0,0.0,2.6,3.1
2015-01-15,1.9,9.0,-1.9,-1.7,6.1,66,0.0,0.0,0.0,0.0,2.85,5.4
2015-01-16,0.5,2.8,-2.5,-4.0,-1.7,80,0.4,0.4,0.14,2.0,5.82,12.5
2015-01-17,-3.0,1.1,-5.9,-8.7,-4.8,49,0.0,0.0,0.0,0.0,5.55,11.8
2015-01-18,-2.1,3.2,-8.0,-6.5,-1.7,67,4.2,0.1,3.01,6.0,4.5,12.8
2015-01-19,1.2,3.5,-3.4,-3.1,-1.2,72,0.3,0.2,0.14,2.0,4.74,11.2
2015-01-20,-1.7,3.4,-5.8,-5.4,0.0,66,0.0,0.0,0.0,0.0,2.65,3.8
2015-01-21,1.6,6.2,-2.0,-2.0,2.9,67,0.0,0.0,0.0,0.0,2.3,4.9
2015-01-22,3.0,8.1,-0.1,-0.4,4.4,72,0.1,0.1,0.0,1.0,2.5,7.7
2015-01-23,0.1,4.8,-3.8,-3.6,0.8,81,0.0,0.0,0.0,0.0,3.48,9.0
2015-01-24,2.6,8.0,-0.9,-0.8,3.7,74,0.0,0.0,0.0,0.0,3.5,8.8
2015-01-25,2.1,4.8,-0.9,-1.2,1.8,84,6.7,6.7,0.0,11.0,3.04,6.5
2015-01-26,4.1,7.1,1.1,1.2,3.5,89,2.1,2.1,0.0,3.0,4.2,8.8
2015-01-27,-2.2,1.7,-6.2,-7.2,-2.5,56,0.0,0.0,0.0,0.0,3.91,9.3
2015-01-28,-4.4,1.7,-8.5,-8.9,-2.0,52,0.0,0.0,0.0,0.0,2.86,5.7
2015-01-29,-1.7,3.0,-5.5,-5.3,-0.2,74,0.0,0.0,0.0,0.0,2.06,5.2
2015-01-30,-2.1,1.4,-5.6,-7.2,-4.8,52,0.0,0.0,0.0,0.0,5.46,12.6
2015-01-31,-4.5,0.5,-7.9,-9.2,-4.1,50,0.0,0.0,0.0,0.0,2.82,6.8
2015-02-01,-3.4,2.5,-8.4,-7.6,-1.5,55,0.0,0.0,0.0,0.0,2.94,6.1
2015-02-02,-2.1,5.0,-6.5,-5.7,1.6,65,0.0,0.0,0.0,0.0,2.81,4.0
2015-02-03,-1.2,5.9,-6.2,-4.7,2.2,69,0.0,0.0,0.0,0.0,3.01,5.0
2015-02-04,-0.7,5.1,-5.0,-4.4,0.6,76,0.0,0.0,0.0,0.0,3.11,7.9
2015-02-05,-0.5,5.5,-5.1,-4.7,0.8,70,0.0,0.0,0.0,0.0,4.02,8.8
2015-02-06,0.1,5.4,-4.3,-3.9,0.9,65,0.0,0.0,0.0,0.0,3.52,8.5
2015-02-07,1.1,5.8,-2.5,-2.7,1.0,73,0.0,0.0,0.0,0.0,4.77,10.5
2015-02-08,-7.5,-1.6,-10.3,-14.6,-8.1,32,0.0,0.0,0.0,0.0,6.91,15.3
2015-02-09,-5.3,0.8,-11.9,-11.2,-5.6,46,0.0,0.0,0.0,0.0,8.18,17.7
2015-02-10,1.5,6.7,-2.8,-2.9,0.7,70,0.0,0.0,0.0,0.0,6.89,15.6
2015-02-11,2.0,7.2,-0.9,-1.7,2.8,69,0.0,0.0,0.0,0.0,3.34,9.0
2015-02-12,-1.3,2.8,-4.3,-6.9,-4.1,40,0.0,0.0,0.0,0.0,7.48,15.6
2015-02-13,-1.7,4.0,-6.7,-6.7,-1.7,48,0.0,0.0,0.0,0.0,5.29,11.9
2015-02-14,1.5,7.0,-4.2,-2.6,2.6,73,0.0,0.0,0.0,0.0,6.02,14.5
2015-02-15,6.8,12.8,1.2,3.4,9.1,66,0.0,0.0,0.0,0.0,4.87,9.8
2015-02-16,5.4,8.0,3.7,1.9,3.7,88,13.5,13.5,0.0,20.0,4.78,9.9
2015-02-17,2.6,3.9,1.1,-1.3,1.5,83,0.1,0.0,0.42,1.0,4.88,10.3
2015-02-18,1.6,4.2,-0.8,-1.9,0.4,77,0.0,0.0,0.0,0.0,3.1,8.1
2015-02-19,1.7,7.8,-2.2,-1.6,4.6,68,0.0,0.0,0.0,0.0,2.62,5.6
2015-02-20,3.3,10.0,-4.0,0.0,6.4,72,0.0,0.0,0.0,0.0,2.57,6.8
2015-02-21,6.1,7.3,5.2,2.8,4.7,77,4.7,4.7,0.0,8.0,4.11,8.6
2015-02-22,4.8,7.6,0.2,1.0,5.8,78,0.1,0.1,0.0,1.0,6.4,13.8
2015-02-23,1.3,5.7,-1.3,-2.7,1.5,66,0.0,0.0,0.0,0.0,4.5,10.5
2015-02-24,1.9,6.8,-2.1,-1.5,3.2,69,0.0,0.0,0.0,0.0,2.81,7.6
2015-02-25,4.1,11.6,-1.9,0.4,7.3,63,0.2,0.2,0.0,1.0,4.12,9.4
2015-02-26,2.3,5.0,-2.1,-2.7,1.8,61,0.5,0.5,0.0,2.0,7.28,16.1
2015-02-27,-1.4,3.1,-4.2,-6.5,-1.0,44,0.0,0.0,0.0,0.0,5.36,12.5
2015-02-28,1.5,6.7,-3.9,-2.4,2.7,56,0.0,0.0,0.0,0.0,2.9,6.6
2015-03-01,2.8,5.7,-1.0,-1.6,0.2,67,0.6,0.0,0.49,3.0,6.36,13.4
2015-03-02,2.9,9.5,-3.8,-1.2,5.1,61,0.0,0.0,0.0,0.0,4.47,11.2
2015-03-03,3.4,7.1,-0.8,-0.8,2.7,68,3.2,2.6,0.49,11.0,6.04,12.8
2015-03-04,-0.5,3.1,-3.3,-6.7,-3.7,41,0.0,0.0,0.0,0.0,7.7,16.8
2015-03-05,-0.6,4.8,-6.3,-4.7,1.6,49,0.0,0.0,0.0,0.0,2.7,7.0
2015-03-06,1.6,9.4,-6.0,-2.3,6.0,56,0.0,0.0,0.0,0.0,2.79,8.0
2015-03-07,2.5,10.7,-4.9,-0.8,7.6,64,0.0,0.0,0.0,0.0,2.86,7.1
2015-03-08,5.6,14.8,-3.3,2.5,12.2,61,0.0,0.0,0.0,0.0,2.91,4.7
2015-03-09,3.7,7.5,-4.3,-1.6,4.5,50,0.0,0.0,0.0,0.0,8.08,17.7
2015-03-10,-2.5,1.6,-5.7,-9.3,-5.1,34,0.0,0.0,0.0,0.0,8.07,17.4
2015-03-11,1.0,7.1,-4.7,-4.6,0.4,48,1.6,1.6,0.0,4.0,8.66,20.3
2015-03-12,2.1,7.2,-4.0,-2.5,2.1,47,0.3,0.1,0.14,1.0,5.9,13.8
2015-03-13,5.5,10.7,0.9,1.8,6.8,60,2.1,2.1,0.0,5.0,4.49,10.2
2015-03-14,3.8,10.7,-1.7,0.2,8.1,44,0.0,0.0,0.0,0.0,3.85,8.6
2015-03-15,3.8,11.2,-3.1,0.2,7.7,55,0.0,0.0,0.0,0.0,3.26,9.7
2015-03-16,7.6,17.2,-1.7,4.7,15.2,56,0.0,0.0,0.0,0.0,2.26,6.8
2015-03-17,9.3,16.2,2.9,6.5,13.2,61,0.0,0.0,0.0,0.0,2.52,5.8
2015-03-18,9.8,12.8,7.7,7.0,8.9,76,6.8,6.8,0.0,9.0,5.3,11.4
2015-03-19,11.1,19.1,5.4,9.2,18.4,67,0.0,0.0,0.0,0.0,3.11,6.9
2015-03-20,12.0,20.9,5.7,9.8,19.7,56,0.0,0.0,0.0,0.0,3.62,8.1
2015-03-21,10.1,17.5,2.8,7.2,14.9,56,0.0,0.0,0.0,0.0,4.3,10.1
2015-03-22,8.8,15.4,3.3,4.6,11.4,46,0.0,0.0,0.0,0.0,6.55,14.2
2015-03-23,5.3,11.0,-1.1,0.1,5.3,32,0.0,0.0,0.0,0.0,6.94,15.7
2015-03-24,4.4,11.7,-3.2,0.4,8.0,44,0.0,0.0,0.0,0.0,4.03,10.0
2015-03-25,5.5,13.8,-3.2,2.1,11.2,58,0.0,0.0,0.0,0.0,3.3,7.9
2015-03-26,6.9,15.0,-2.3,3.8,11.9,61,0.0,0.0,0.0,0.0,4.3,10.3
2015-03-27,7.1,15.5,-0.1,4.0,12.5,64,0.0,0.0,0.0,0.0,4.54,10.7
2015-03-28,8.4,16.5,-1.8,5.0,12.8,51,0.0,0.0,0.0,0.0,3.61,9.6
2015-03-29,11.0,17.3,7.1,8.7,15.6,61,0.0,0.0,0.0,0.0,2.52,6.9
2015-03-30,11.9,21.3,3.7,10.0,19.2,69,0.0,0.0,0.0,0.0,3.83,9.9
2015-03-31,12.4,15.4,7.8,11.2,14.5,77,2.5,2.5,0.0,5.0,2.11,6.9
2015-04-01,13.5,17.0,10.9,11.2,13.9,70,0.1,0.1,0.0,1.0,5.65,12.3
2015-04-02,15.2,21.2,10.0,12.1,17.4,67,22.4,22.4,0.0,10.0,7.83,21.4
2015-04-03,11.1,14.9,8.0,9.4,14.2,85,14.8,14.8,0.0,4.0,6.79,21.0
2015-04-04,13.8,18.8,10.0,10.8,16.3,58,1.0,1.0,0.0,4.0,5.28,10.1
2015-04-05,11.5,12.5,10.0,9.9,11.7,76,0.0,0.0,0.0,0.0,3.03,7.8
2015-04-06,10.8,15.5,6.9,8.0,12.1,63,0.0,0.0,0.0,0.0,4.52,10.2
2015-04-07,8.0,10.9,5.7,5.2,8.5,69,1.8,1.8,0.0,5.0,3.69,8.7
2015-04-08,8.9,13.2,5.7,6.0,10.1,65,0.5,0.5,0.0,2.0,2.77,6.4
2015-04-09,9.2,15.2,2.2,6.7,13.6,63,0.0,0.0,0.0,0.0,3.0,7.2
2015-04-10,10.7,18.7,3.8,8.1,16.9,58,0.0,0.0,0.0,0.0,3.72,8.0
2015-04-11,12.8,20.3,6.6,10.6,19.1,52,0.0,0.0,0.0,0.0,3.13,7.5
2015-04-12,13.9,21.0,5.6,10.4,16.4,45,0.0,0.0,0.0,0.0,5.0,10.1
2015-04-13,13.1,17.6,8.6,9.1,13.4,49,1.4,1.4,0.0,4.0,5.79,12.0
2015-04-14,8.1,9.5,6.5,5.9,7.1,85,10.7,10.7,0.0,20.0,3.06,6.5
2015-04-15,10.9,16.1,6.3,9.0,14.2,77,1.6,1.6,0.0,4.0,4.88,12.0
2015-04-16,10.8,15.5,8.0,7.4,11.2,73,1.6,1.6,0.0,4.0,7.78,20.0
2015-04-17,11.1,17.2,5.0,7.6,13.0,55,0.0,0.0,0.0,0.0,6.44,15.0
2015-04-18,13.9,22.8,3.1,11.3,21.1,47,0.2,0.2,0.0,1.0,2.92,5.3
2015-04-19,14.4,16.0,12.1,13.0,14.7,77,16.3,16.3,0.0,17.0,4.46,8.8
2015-04-20,12.3,17.3,8.1,9.9,15.8,80,12.0,12.0,0.0,13.0,5.02,10.5
2015-04-21,12.4,19.9,6.1,10.2,17.7,64,0.0,0.0,0.0,0.0,4.25,9.8
2015-04-22,13.5,19.6,8.5,11.2,18.2,56,0.1,0.1,0.0,1.0,4.02,10.0
2015-04-23,14.1,21.0,4.8,11.4,17.9,50,0.0,0.0,0.0,0.0,4.75,11.3
2015-04-24,15.6,22.5,8.9,13.6,21.0,50,0.0,0.0,0.0,0.0,4.21,9.1
2015-04-25,15.3,22.8,7.9,12.7,20.2,43,0.0,0.0,0.0,0.0,4.4,9.8
2015-04-26,16.5,24.9,7.9,13.9,23.2,45,0.0,0.0,0.0,0.0,4.43,10.4
2015-04-27,18.3,25.7,10.7,16.5,24.0,50,0.0,0.0,0.0,0.0,4.12,10.3
2015-04-28,18.9,26.8,9.5,17.6,25.7,49,0.3,0.3,0.0,1.0,2.22,6.7
2015-04-29,17.4,19.9,15.2,17.7,20.6,82,13.7,13.7,0.0,14.0,2.72,9.3
2015-04-30,20.7,27.2,14.8,21.0,27.6,64,0.0,0.0,0.0,0.0,2.72,5.9
2015-05-01,19.6,26.5,13.0,20.1,28.0,70,0.0,0.0,0.0,0.0,3.03,8.2
2015-05-02,19.9,26.4,13.2,20.4,27.4,69,1.2,1.2,0.0,3.0,3.05,8.2
2015-05-03,18.7,21.1,16.8,20.4,23.3,90,6.2,6.2,0.0,12.0,2.77,6.6
2015-05-04,16.9,21.2,11.3,14.3,17.4,53,0.0,0.0,0.0,0.0,7.54,16.4
2015-05-05,14.2,20.3,6.7,11.4,16.9,48,0.0,0.0,0.0,0.0,4.94,11.8
2015-05-06,14.7,20.4,8.5,12.1,17.0,47,0.0,0.0,0.0,0.0,2.84,9.0
2015-05-07,16.3,23.6,9.1,14.2,22.1,48,0.0,0.0,0.0,0.0,5.26,11.8
2015-05-08,16.1,22.4,10.0,15.2,20.9,68,0.0,0.0,0.0,0.0,3.8,9.1
2015-05-09,17.8,23.9,13.5,16.9,23.6,63,0.0,0.0,0.0,0.0,3.81,9.6
2015-05-10,18.7,25.8,11.6,17.2,25.4,45,0.0,0.0,0.0,0.0,2.62,7.9
2015-05-11,19.0,26.2,14.0,16.9,22.0,59,21.1,21.1,0.0,5.0,6.35,15.4
2015-05-12,15.0,18.8,11.9,12.0,16.7,76,11.5,11.5,0.0,9.0,8.53,21.6
2015-05-13,18.2,22.7,12.9,15.8,20.6,61,0.0,0.0,0.0,0.0,7.55,16.5
2015-05-14,20.3,25.9,15.1,19.9,26.4,66,0.0,0.0,0.0,0.0,5.87,13.2
2015-05-15,19.1,23.6,14.8,20.0,24.0,78,0.0,0.0,0.0,0.0,3.2,7.8
2015-05-16,18.0,25.3,10.6,16.1,22.8,50,0.0,0.0,0.0,0.0,5.41,12.3
2015-05-17,18.0,26.0,9.9,16.3,23.6,52,0.0,0.0,0.0,0.0,3.18,8.6
2015-05-18,17.6,23.6,12.4,16.1,22.6,60,0.6,0.6,0.0,1.0,5.4,11.6
2015-05-19,16.3,19.6,13.4,15.6,18.0,82,5.3,5.3,0.0,6.0,5.91,12.4
2015-05-20,16.7,22.5,10.9,15.6,21.5,64,0.0,0.0,0.0,0.0,4.0,11.0
2015-05-21,18.9,24.9,12.4,17.4,24.3,55,0.0,0.0,0.0,0.0,5.63,12.8
2015-05-22,19.4,26.3,13.2,18.3,25.0,57,0.0,0.0,0.0,0.0,5.1,11.5
2015-05-23,19.9,27.7,11.8,18.8,26.2,53,0.0,0.0,0.0,0.0,3.91,9.4
2015-05-24,20.3,28.0,13.3,18.7,26.9,45,0.0,0.0,0.0,0.0,4.06,9.3
2015-05-25,19.6,28.0,11.1,19.3,28.1,61,0.0,0.0,0.0,0.0,3.96,9.6
2015-05-26,20.4,29.4,11.8,19.9,28.6,59,0.0,0.0,0.0,0.0,4.52,10.7
2015-05-27,21.4,31.2,9.8,20.4,30.7,49,0.0,0.0,0.0,0.0,3.13,7.7
2015-05-28,23.5,31.0,14.7,22.2,30.3,39,0.0,0.0,0.0,0.0,3.96,9.4
2015-05-29,23.0,29.1,16.2,22.6,30.1,49,0.0,0.0,0.0,0.0,4.11,9.8
2015-05-30,19.6,23.1,15.5,20.2,23.0,75,0.4,0.4,0.0,2.0,3.68,8.9
2015-05-31,20.7,29.2,13.7,21.3,30.4,68,0.0,0.0,0.0,0.0,3.3,7.6
2015-06-01,21.0,27.9,13.6,21.0,27.0,63,0.0,0.0,0.0,0.0,4.59,10.5
2015-06-02,22.2,29.0,16.3,22.8,29.4,62,0.0,0.0,0.0,0.0,5.06,11.2
2015-06-03,23.3,29.3,17.6,21.2,26.2,42,0.0,0.0,0.0,0.0,6.11,14.2
2015-06-04,23.2,30.4,16.1,21.9,29.5,39,0.0,0.0,0.0,0.0,4.51,10.3
2015-06-05,19.8,22.3,17.1,19.4,21.8,58,1.0,1.0,0.0,4.0,2.21,8.9
2015-06-06,21.5,28.6,14.9,21.4,29.0,58,0.0,0.0,0.0,0.0,3.47,7.9
2015-06-07,23.0,29.8,18.3,22.9,30.7,53,0.0,0.0,0.0,0.0,4.67,10.1
2015-06-08,21.9,26.9,17.1,22.7,27.9,64,0.0,0.0,0.0,0.0,4.1,9.0
2015-06-09,21.9,27.5,17.8,23.1,29.1,73,0.0,0.0,0.0,0.0,4.42,9.8
2015-06-10,24.3,33.4,17.8,25.9,35.3,63,0.0,0.0,0.0,0.0,4.42,9.5
2015-06-11,24.8,30.9,18.4,25.4,30.1,63,4.8,4.8,0.0,5.0,5.95,13.0
2015-06-12,23.4,28.7,19.5,24.4,29.8,68,5.7,5.7,0.0,5.0,4.66,12.1
2015-06-13,24.5,29.5,20.4,25.5,31.2,64,0.3,0.3,0.0,2.0,4.65,13.7
2015-06-14,23.0,28.0,19.9,25.2,29.6,77,2.1,2.1,0.0,8.0,3.04,9.7
2015-06-15,24.7,30.0,20.6,27.2,32.1,69,0.0,0.0,0.0,0.0,3.59,8.1
2015-06-16,23.9,30.1,19.2,26.7,32.6,75,0.1,0.1,0.0,1.0,3.31,7.2
2015-06-17,23.7,29.8,19.0,26.5,32.2,77,4.0,4.0,0.0,6.0,2.19,6.9
2015-06-18,25.5,31.2,20.9,27.2,32.1,62,0.0,0.0,0.0,0.0,3.82,8.7
2015-06-19,25.1,30.3,20.7,26.2,32.7,59,1.4,1.4,0.0,1.0,3.67,7.6
2015-06-20,20.9,23.0,17.9,23.2,24.7,85,5.8,5.8,0.0,10.0,2.7,8.5
2015-06-21,22.4,29.3,17.4,24.4,31.5,75,0.2,0.2,0.0,1.0,3.26,6.9
2015-06-22,23.4,28.8,18.1,25.5,30.6,74,0.0,0.0,0.0,0.0,3.62,8.5
2015-06-23,24.1,30.7,19.6,26.6,32.7,71,0.3,0.3,0.0,2.0,3.1,7.2
2015-06-24,25.0,30.4,19.7,27.7,33.1,71,0.0,0.0,0.0,0.0,2.97,6.8
2015-06-25,25.0,30.1,20.4,27.0,31.0,66,1.1,1.1,0.0,3.0,2.87,8.0
2015-06-26,20.9,23.5,18.5,21.6,24.0,81,18.6,18.6,0.0,13.0,4.79,10.9
2015-06-27,24.5,30.1,19.4,26.2,31.7,64,0.0,0.0,0.0,0.0,3.18,6.7
2015-06-28,24.7,29.9,19.5,27.5,33.3,72,0.0,0.0,0.0,0.0,3.52,8.5
2015-06-29,25.0,29.8,19.2,27.5,32.8,71,0.0,0.0,0.0,0.0,3.63,9.3
2015-06-30,24.9,28.5,22.1,27.5,31.2,70,0.1,0.1,0.0,1.0,2.92,6.2
2015-07-01,24.0,28.0,21.1,25.2,28.8,71,0.3,0.3,0.0,2.0,6.4,13.7
2015-07-02,23.9,29.1,20.0,25.1,29.4,69,0.0,0.0,0.0,0.0,4.53,10.7
2015-07-03,23.0,27.7,18.8,24.3,28.3,69,0.0,0.0,0.0,0.0,4.9,11.4
2015-07-04,23.7,30.4,16.2,24.9,31.7,63,0.0,0.0,0.0,0.0,3.11,6.5
2015-07-05,24.2,29.5,18.4,25.6,31.0,62,0.2,0.2,0.0,2.0,3.35,7.4
2015-07-06,25.2,31.5,18.8,26.9,33.4,58,0.0,0.0,0.0,0.0,2.92,6.4
2015-07-07,24.5,29.6,20.2,25.6,30.7,59,0.0,0.0,0.0,0.0,3.21,7.0
2015-07-08,24.1,27.7,20.4,25.3,29.1,67,1.8,1.8,0.0,2.0,4.33,11.6
2015-07-09,26.3,30.3,23.4,28.3,33.0,65,0.0,0.0,0.0,0.0,3.8,8.7
2015-07-10,29.1,35.2,23.6,32.6,38.2,62,0.0,0.0,0.0,0.0,2.33,6.5
2015-07-11,30.7,37.1,24.8,34.7,41.3,61,1.4,1.4,0.0,3.0,2.53,6.6
2015-07-12,25.4,26.6,24.1,28.3,31.8,89,51.4,51.4,0.0,24.0,7.94,21.7
2015-07-13,23.8,24.9,22.7,25.6,26.9,89,8.2,8.2,0.0,15.0,7.26,17.1
2015-07-14,25.6,29.7,22.9,29.0,34.0,81,0.0,0.0,0.0,0.0,4.61,10.1
2015-07-15,26.8,32.9,21.8,30.3,37.6,73,0.0,0.0,0.0,0.0,4.78,9.6
2015-07-16,24.7,28.6,21.1,24.5,29.8,58,0.0,0.0,0.0,0.0,5.24,11.6
2015-07-17,23.6,28.4,19.1,23.5,29.6,56,0.0,0.0,0.0,0.0,3.71,8.3
2015-07-18,24.0,26.7,22.0,26.4,29.4,73,3.2,3.2,0.0,8.0,3.0,6.5
2015-07-19,25.4,29.6,22.2,29.4,33.2,80,2.0,2.0,0.0,6.0,1.92,5.7
2015-07-20,27.4,30.8,23.7,32.1,36.8,77,0.5,0.5,0.0,2.0,2.02,5.5
2015-07-21,27.2,30.6,24.3,32.3,36.3,82,5.9,5.9,0.0,6.0,2.6,7.6
2015-07-22,27.2,31.2,24.5,32.7,37.0,84,8.9,8.9,0.0,11.0,2.02,5.5
2015-07-23,27.1,29.8,25.1,32.2,34.9,85,11.4,11.4,0.0,15.0,3.45,6.9
2015-07-24,25.3,27.1,24.1,30.2,32.3,93,28.4,28.4,0.0,17.0,4.34,9.8
2015-07-25,25.4,27.2,24.5,29.5,31.8,93,34.7,34.7,0.0,24.0,5.55,14.3
2015-07-26,26.5,30.4,24.3,30.9,35.6,84,13.3,13.3,0.0,9.0,4.3,9.7
2015-07-27,26.1,28.5,24.4,31.1,33.3,88,1.1,1.1,0.0,4.0,3.58,7.9
2015-07-28,27.4,30.7,24.7,32.7,36.2,83,1.6,1.6,0.0,4.0,3.33,7.6
2015-07-29,26.4,29.2,25.0,31.6,34.8,91,27.4,27.4,0.0,15.0,4.19,11.2
2015-07-30,28.7,32.3,25.9,34.0,38.1,83,1.0,1.0,0.0,4.0,5.38,11.9
2015-07-31,28.0,31.5,25.2,33.4,37.2,83,1.9,1.9,0.0,4.0,4.02,10.0
2015-08-01,27.7,31.5,25.1,33.2,37.4,84,7.0,7.0,0.0,11.0,3.75,11.4
2015-08-02,26.9,29.6,25.0,32.1,35.6,89,10.8,10.8,0.0,18.0,3.8,11.9
2015-08-03,28.1,31.1,25.7,32.2,34.6,80,1.0,1.0,0.0,5.0,5.77,12.6
2015-08-04,28.0,31.0,25.3,31.6,35.3,78,0.0,0.0,0.0,0.0,6.6,14.3
2015-08-05,28.4,32.1,25.9,33.0,37.4,80,1.2,1.2,0.0,7.0,4.63,10.2
2015-08-06,28.3,32.7,23.9,33.9,38.9,80,0.0,0.0,0.0,0.0,2.05,6.2
2015-08-07,29.0,34.2,24.3,35.6,41.9,81,1.5,1.5,0.0,3.0,1.82,5.3
2015-08-08,27.3,32.1,24.6,33.1,39.3,86,0.8,0.8,0.0,1.0,3.75,8.3
2015-08-09,26.1,30.2,22.8,30.8,34.6,84,0.0,0.0,0.0,0.0,3.01,6.6
2015-08-10,26.1,30.5,23.1,30.9,35.9,84,0.0,0.0,0.0,0.0,3.13,6.8
2015-08-11,26.4,30.2,23.4,31.2,34.6,84,2.5,2.5,0.0,4.0,3.92,9.3
2015-08-12,26.6,31.4,22.3,31.3,36.6,79,0.0,0.0,0.0,0.0,2.55,6.9
2015-08-13,26.6,30.9,23.1,31.2,36.4,79,2.3,2.3,0.0,2.0,3.21,7.9
2015-08-14,26.3,31.2,22.3,31.0,37.1,83,0.1,0.1,0.0,1.0,2.91,6.5
2015-08-15,26.7,31.1,23.3,31.8,36.8,83,0.0,0.0,0.0,0.0,2.9,7.0
2015-08-16,25.4,29.6,21.6,29.8,34.2,84,2.1,2.1,0.0,6.0,3.91,8.1
2015-08-17,25.8,32.1,20.2,29.2,35.9,73,0.0,0.0,0.0,0.0,2.55,5.8
2015-08-18,27.4,31.9,23.0,30.8,36.7,66,0.0,0.0,0.0,0.0,2.5,5.9
2015-08-19,26.6,30.7,23.3,30.6,35.7,74,0.0,0.0,0.0,0.0,2.3,5.0
2015-08-20,25.6,28.9,23.4,29.9,33.6,83,1.0,1.0,0.0,5.0,3.72,8.3
2015-08-21,25.1,29.1,22.7,29.4,32.7,86,1.2,1.2,0.0,5.0,3.21,6.7
2015-08-22,25.4,29.5,22.5,29.2,32.9,81,1.3,1.3,0.0,5.0,3.13,8.5
2015-08-23,25.8,31.1,21.2,29.8,35.5,77,0.0,0.0,0.0,0.0,1.8,4.3
2015-08-24,26.8,31.2,22.9,29.5,33.6,68,0.8,0.8,0.0,3.0,4.88,9.3
2015-08-25,22.9,25.5,20.4,23.3,25.7,77,6.0,6.0,0.0,13.0,6.12,13.9
2015-08-26,22.7,26.1,19.6,23.8,26.5,72,0.3,0.3,0.0,1.0,4.42,9.3
2015-08-27,24.6,29.5,21.1,26.3,30.2,70,0.5,0.5,0.0,2.0,3.62,9.1
2015-08-28,23.3,29.1,17.2,25.6,31.2,75,0.0,0.0,0.0,0.0,2.72,6.6
2015-08-29,23.7,29.8,18.4,26.5,33.3,76,0.0,0.0,0.0,0.0,2.43,5.5
2015-08-30,24.4,31.0,19.0,27.1,33.7,73,0.0,0.0,0.0,0.0,2.42,5.5
2015-08-31,25.8,31.4,19.7,28.9,34.4,70,0.0,0.0,0.0,0.0,2.1,5.7
2015-09-01,26.3,30.7,22.7,28.3,32.8,63,0.0,0.0,0.0,0.0,3.48,9.5
2015-09-02,23.5,26.6,21.6,26.2,29.1,81,6.1,6.1,0.0,7.0,3.89,9.3
2015-09-03,23.7,28.3,20.4,26.8,30.5,82,0.2,0.2,0.0,2.0,4.04,8.9
2015-09-04,24.5,29.8,20.3,27.6,32.0,78,0.0,0.0,0.0,0.0,2.83,7.0
2015-09-05,22.6,24.4,20.8,25.5,27.5,85,3.6,3.6,0.0,11.0,2.92,6.4
2015-09-06,23.0,27.2,19.7,23.6,26.8,68,1.0,1.0,0.0,4.0,4.92,12.8
2015-09-07,22.8,28.9,16.1,23.0,29.8,59,0.0,0.0,0.0,0.0,3.11,6.9
2015-09-08,22.6,29.6,15.0,21.8,28.7,52,0.0,0.0,0.0,0.0,3.85,8.6
2015-09-09,22.1,29.6,14.1,20.9,28.7,50,0.0,0.0,0.0,0.0,4.56,11.0
2015-09-10,22.1,28.1,15.8,23.0,29.0,67,0.0,0.0,0.0,0.0,4.34,11.5
2015-09-11,21.7,25.1,18.9,23.3,26.5,79,0.3,0.3,0.0,2.0,3.42,7.3
2015-09-12,20.0,24.6,16.9,19.7,23.7,64,0.0,0.0,0.0,0.0,4.81,9.1
2015-09-13,19.8,26.4,13.7,19.0,24.6,61,0.0,0.0,0.0,0.0,3.89,10.4
2015-09-14,21.4,29.0,15.1,22.4,30.7,68,0.0,0.0,0.0,0.0,2.08,5.0
2015-09-15,22.9,29.6,16.3,22.0,28.2,48,0.0,0.0,0.0,0.0,2.82,7.8
2015-09-16,21.4,27.1,14.2,20.5,26.6,51,0.0,0.0,0.0,0.0,3.32,7.7
2015-09-17,22.0,28.5,15.5,20.8,27.8,50,0.0,0.0,0.0,0.0,3.8,9.0
2015-09-18,21.7,28.5,14.6,21.6,29.6,55,0.0,0.0,0.0,0.0,2.47,6.8
2015-09-19,21.9,29.2,15.4,22.5,29.3,66,0.0,0.0,0.0,0.0,3.91,8.6
2015-09-20,21.8,27.6,17.3,23.4,27.8,77,0.1,0.1,0.0,1.0,2.72,7.6
2015-09-21,21.5,29.7,15.9,22.8,30.7,72,0.0,0.0,0.0,0.0,2.31,4.4
2015-09-22,23.2,31.7,16.2,23.6,31.9,59,0.0,0.0,0.0,0.0,2.73,5.7
2015-09-23,22.0,26.5,17.7,22.7,27.0,63,0.0,0.0,0.0,0.0,2.02,5.8
2015-09-24,22.4,30.1,15.5,23.0,29.7,65,0.0,0.0,0.0,0.0,2.43,6.9
2015-09-25,22.6,29.4,17.2,23.9,30.7,69,0.0,0.0,0.0,0.0,3.28,7.1
2015-09-26,21.7,28.2,16.6,22.1,27.9,65,0.0,0.0,0.0,0.0,3.28,9.0
2015-09-27,20.5,29.9,12.2,19.6,29.0,53,0.0,0.0,0.0,0.0,2.73,6.2
2015-09-28,21.0,29.3,13.2,19.4,27.5,49,0.0,0.0,0.0,0.0,4.12,8.0
2015-09-29,22.2,28.4,15.8,19.9,26.2,39,0.0,0.0,0.0,0.0,4.11,9.6
2015-09-30,22.3,26.9,18.8,20.6,25.0,45,0.0,0.0,0.0,0.0,5.2,10.9
2015-10-01,17.6,19.7,12.5,17.0,22.6,82,34.3,34.3,0.0,14.0,7.64,16.3
2015-10-02,16.6,21.6,8.7,13.9,18.7,58,0.0,0.0,0.0,0.0,7.22,15.2
2015-10-03,19.9,24.1,13.7,18.3,22.3,57,0.0,0.0,0.0,0.0,5.08,11.2
2015-10-04,15.8,22.9,10.0,13.9,20.7,53,0.0,0.0,0.0,0.0,2.72,6.7
2015-10-05,17.2,25.2,10.4,16.4,24.2,65,0.0,0.0,0.0,0.0,2.72,6.6
2015-10-06,17.0,25.5,9.1,16.5,24.4,71,0.0,0.0,0.0,0.0,2.89,7.1
2015-10-07,18.0,24.8,11.8,18.5,25.5,80,0.0,0.0,0.0,0.0,2.47,5.6
2015-10-08,19.3,25.1,14.8,19.7,23.8,73,0.5,0.5,0.0,2.0,4.1,9.4
2015-10-09,16.4,20.4,12.4,13.9,18.2,54,0.0,0.0,0.0,0.0,5.38,11.6
2015-10-10,13.2,17.1,10.7,11.7,15.8,76,7.5,7.5,0.0,10.0,4.23,13.8
2015-10-11,11.3,14.1,8.0,9.8,12.8,86,6.0,6.0,0.0,8.0,5.09,12.3
2015-10-12,12.7,18.1,9.2,10.0,13.5,67,0.0,0.0,0.0,0.0,6.31,13.4
2015-10-13,14.7,21.3,8.2,13.1,18.9,71,0.0,0.0,0.0,0.0,5.28,12.0
2015-10-14,15.8,23.1,10.7,15.8,23.0,79,0.0,0.0,0.0,0.0,2.2,5.1
2015-10-15,15.9,24.6,9.6,15.5,24.4,76,0.0,0.0,0.0,0.0,2.55,5.1
2015-10-16,16.3,24.0,10.9,16.5,23.4,81,0.0,0.0,0.0,0.0,2.73,6.4
2015-10-17,16.7,25.4,10.5,17.0,25.8,81,0.0,0.0,0.0,0.0,2.62,6.1
2015-10-18,16.3,23.8,11.3,16.5,23.6,83,0.0,0.0,0.0,0.0,2.79,6.8
2015-10-19,16.9,24.0,11.6,16.7,23.2,80,0.0,0.0,0.0,0.0,3.09,7.5
2015-10-20,17.7,24.6,14.0,18.3,24.9,80,0.0,0.0,0.0,0.0,2.61,6.6
2015-10-21,17.2,23.2,13.2,17.6,23.0,83,0.0,0.0,0.0,0.0,3.05,8.3
2015-10-22,17.4,23.5,12.9,17.0,22.8,76,0.0,0.0,0.0,0.0,3.89,8.9
2015-10-23,16.8,20.1,14.0,16.8,19.1,83,0.0,0.0,0.0,0.0,3.45,9.1
2015-10-24,17.2,22.2,12.6,16.2,19.5,70,0.2,0.2,0.0,1.0,4.64,10.6
2015-10-25,15.4,21.9,10.6,13.7,20.2,62,0.0,0.0,0.0,0.0,3.22,7.7
2015-10-26,15.7,20.5,11.4,13.5,17.4,58,0.0,0.0,0.0,0.0,4.11,9.7
2015-10-27,13.6,16.5,8.8,10.8,15.0,70,20.2,20.2,0.0,10.0,6.67,14.0
2015-10-28,10.8,16.5,4.9,7.4,12.2,54,0.0,0.0,0.0,0.0,5.0,10.9
2015-10-29,9.3,14.0,4.6,6.0,9.5,55,1.6,1.6,0.0,3.0,4.92,11.0
2015-10-30,6.7,11.1,3.4,2.5,5.8,49,0.0,0.0,0.0,0.0,4.96,11.5
2015-10-31,5.7,11.9,0.1,1.8,7.4,55,0.0,0.0,0.0,0.0,3.97,9.8
2015-11-01,6.4,11.8,1.5,3.7,8.8,62,0.0,0.0,0.0,0.0,1.7,4.4
2015-11-02,10.2,16.1,5.5,8.0,12.7,73,0.0,0.0,0.0,0.0,4.31,9.4
2015-11-03,11.5,18.4,7.4,9.8,16.4,75,0.0,0.0,0.0,0.0,2.84,5.9
2015-11-04,10.3,19.1,3.3,8.4,17.0,75,0.0,0.0,0.0,0.0,2.77,6.0
2015-11-05,11.9,18.9,6.4,10.4,16.8,74,0.0,0.0,0.0,0.0,2.62,6.3
2015-11-06,13.9,20.2,8.5,11.1,17.0,70,2.5,2.5,0.0,4.0,5.83,12.7
2015-11-07,11.8,12.9,10.8,9.0,10.9,90,24.1,24.1,0.0,23.0,6.36,13.3
2015-11-08,12.4,13.5,11.6,10.1,11.2,87,10.6,10.6,0.0,15.0,5.72,11.9
2015-11-09,11.8,13.2,11.0,10.5,11.4,88,2.5,2.5,0.0,6.0,3.38,7.9
2015-11-10,11.0,14.4,9.0,9.4,12.7,78,0.0,0.0,0.0,0.0,2.36,6.2
2015-11-11,11.2,16.9,6.9,9.7,15.4,77,0.0,0.0,0.0,0.0,2.93,7.4
2015-11-12,14.0,19.2,9.7,12.2,17.8,70,0.0,0.0,0.0,0.0,3.77,8.4
2015-11-13,12.2,13.5,11.2,10.2,11.5,83,14.6,14.6,0.0,14.0,4.8,9.5
2015-11-14,13.6,15.9,11.7,13.5,16.3,90,3.4,3.4,0.0,4.0,2.95,6.4
2015-11-15,14.2,17.1,11.6,14.0,16.1,86,0.0,0.0,0.0,0.0,3.01,7.4
2015-11-16,12.4,15.5,9.9,11.5,13.6,89,7.6,7.6,0.0,9.0,3.13,6.6
2015-11-17,13.7,18.6,11.2,12.6,17.6,80,0.0,0.0,0.0,0.0,3.11,9.0
2015-11-18,12.0,14.1,9.0,9.3,11.8,76,6.0,6.0,0.0,8.0,5.02,11.3
2015-11-19,9.5,10.9,8.4,7.3,9.5,79,0.3,0.3,0.0,1.0,3.51,7.4
2015-11-20,9.8,13.7,7.1,8.1,11.4,85,0.0,0.0,0.0,0.0,2.73,7.1
2015-11-21,8.2,13.4,4.8,5.7,11.3,76,0.0,0.0,0.0,0.0,3.09,5.5
2015-11-22,9.9,15.3,5.1,7.4,13.6,75,3.4,3.4,0.0,3.0,4.27,9.5
2015-11-23,9.1,10.3,8.2,6.6,8.4,85,5.4,5.4,0.0,10.0,4.52,9.4
2015-11-24,6.8,9.8,3.8,3.5,6.4,73,0.4,0.4,0.0,3.0,4.25,8.5
2015-11-25,4.0,5.9,2.1,0.9,3.2,91,9.1,9.1,0.0,15.0,3.76,9.7
2015-11-26,-0.9,1.8,-3.2,-5.6,-1.6,73,0.0,0.0,0.0,0.0,5.53,12.6
2015-11-27,-1.4,2.2,-4.5,-6.0,-2.7,65,0.0,0.0,0.0,0.0,4.12,9.8
2015-11-28,1.6,5.2,-0.6,-1.5,2.6,77,0.0,0.0,0.0,0.0,1.97,5.6
2015-11-29,4.0,6.3,0.0,1.1,3.4,84,3.0,3.0,0.0,5.0,2.33,7.3
2015-11-30,4.9,8.5,1.0,1.9,4.7,80,0.6,0.6,0.0,3.0,2.86,7.2
2015-12-01,3.1,10.4,-2.4,-0.2,7.1,76,0.0,0.0,0.0,0.0,2.45,5.0
2015-12-02,6.3,8.7,4.2,2.7,5.7,77,13.4,13.4,0.0,8.0,4.95,11.5
2015-12-03,1.5,4.6,-2.3,-2.9,-0.3,77,2.2,1.4,0.7,8.0,5.64,16.5
2015-12-04,0.6,3.6,-2.5,-3.7,-0.2,69,0.0,0.0,0.0,0.0,4.66,12.0
2015-12-05,4.8,8.5,1.3,0.7,3.4,61,0.0,0.0,0.0,0.0,5.2,11.1
2015-12-06,1.4,6.0,-1.3,-2.2,2.1,63,0.0,0.0,0.0,0.0,2.26,5.1
2015-12-07,1.4,7.5,-3.1,-1.9,4.3,73,0.0,0.0,0.0,0.0,2.16,4.1
2015-12-08,2.8,9.0,-1.0,-0.1,5.9,73,0.0,0.0,0.0,0.0,1.5,4.5
2015-12-09,3.3,11.7,-2.9,0.2,9.1,78,0.0,0.0,0.0,0.0,2.42,5.6
2015-12-10,7.3,9.6,5.1,5.0,8.2,83,1.9,1.9,0.0,5.0,2.93,6.5
2015-12-11,7.3,11.7,3.0,3.8,7.2,66,0.0,0.0,0.0,0.0,4.49,11.0
2015-12-12,4.0,10.6,-1.1,0.3,7.4,65,0.0,0.0,0.0,0.0,3.31,7.5
2015-12-13,5.1,11.5,1.7,2.3,9.1,70,0.0,0.0,0.0,0.0,2.25,3.8
2015-12-14,4.7,6.9,0.7,2.3,5.0,86,3.8,3.8,0.0,12.0,1.84,3.5
2015-12-15,5.8,8.1,3.8,2.6,4.4,76,0.4,0.4,0.0,2.0,4.93,10.1
2015-12-16,0.4,3.1,-3.3,-4.4,-0.4,60,0.0,0.0,0.0,0.0,5.68,11.8
2015-12-17,-3.6,0.1,-6.2,-9.0,-5.4,51,0.0,0.0,0.0,0.0,5.17,10.7
2015-12-18,-2.7,2.4,-7.4,-6.3,-0.1,74,0.0,0.0,0.0,0.0,2.38,5.6
2015-12-19,-1.4,5.3,-5.5,-4.8,2.3,81,0.0,0.0,0.0,0.0,2.26,3.7
2015-12-20,-0.2,5.3,-5.1,-3.6,1.9,74,0.0,0.0,0.0,0.0,1.79,4.5
2015-12-21,2.3,6.1,-0.0,-0.8,2.8,83,1.8,1.8,0.0,4.0,3.97,7.7
2015-12-22,1.9,7.0,-1.8,-1.1,4.2,82,0.0,0.0,0.0,0.0,2.15,3.7
2015-12-23,5.0,10.0,1.0,2.3,7.3,80,0.9,0.9,0.0,4.0,2.97,5.8
2015-12-24,1.5,5.8,-1.0,-2.3,1.5,78,0.0,0.0,0.0,0.0,4.16,9.2
2015-12-25,-0.4,3.8,-3.2,-5.1,-1.0,50,0.0,0.0,0.07,0.0,3.69,8.7
2015-12-26,2.5,8.1,-1.6,-1.7,3.7,67,1.7,0.0,1.19,3.0,5.03,11.3
2015-12-27,-4.1,-0.2,-7.7,-9.1,-5.4,42,0.0,0.0,0.0,0.0,3.19,7.5
2015-12-28,-5.5,-0.1,-8.9,-10.7,-6.1,49,0.0,0.0,0.0,0.0,5.01,11.0
2015-12-29,-3.8,2.6,-9.5,-7.9,-1.4,58,0.0,0.0,0.0,0.0,2.22,5.1
2015-12-30,-0.1,6.0,-5.2,-4.0,1.8,74,3.0,1.7,0.98,5.0,3.24,7.6
2015-12-31,1.4,4.4,-1.9,-2.0,0.7,84,0.0,0.0,0.0,0.0,2.72,6.1
2016-01-01,0.4,5.3,-4.9,-3.0,1.6,79,0.0,0.0,0.0,0.0,3.08,7.3
2016-01-02,5.9,11.2,2.5,2.6,7.6,79,0.0,0.0,0.0,0.0,5.48,11.5
2016-01-03,5.8,9.4,4.0,3.4,6.7,89,0.0,0.0,0.0,0.0,2.83,6.6
2016-01-04,3.4,6.6,-1.5,-0.6,2.7,63,0.0,0.0,0.0,0.0,4.3,9.7
2016-01-05,-1.5,2.4,-4.1,-6.3,-3.1,43,0.0,0.0,0.0,0.0,3.61,8.7
2016-01-06,-1.0,3.4,-3.9,-5.0,-1.4,59,0.0,0.0,0.0,0.0,3.93,8.7
2016-01-07,-2.4,2.0,-4.7,-7.0,-3.5,56,0.0,0.0,0.0,0.0,4.02,9.4
2016-01-08,-2.8,2.7,-6.9,-7.3,-3.0,61,0.0,0.0,0.0,0.0,4.61,10.1
2016-01-09,-1.4,3.3,-6.0,-5.6,-2.1,62,0.0,0.0,0.0,0.0,4.41,9.7
2016-01-10,0.7,4.8,-3.2,-3.7,-0.5,55,0.0,0.0,0.0,0.0,3.77,8.6
2016-01-11,-3.5,1.3,-6.6,-8.2,-3.9,47,0.0,0.0,0.0,0.0,3.11,7.4
2016-01-12,-5.3,0.7,-9.6,-10.0,-4.8,52,0.0,0.0,0.0,0.0,3.81,8.6
2016-01-13,-3.8,0.5,-6.8,-8.2,-4.3,70,0.2,0.0,0.42,1.0,3.81,9.5
2016-01-14,-3.9,0.9,-7.7,-8.2,-3.1,54,0.0,0.0,0.0,0.0,2.64,6.7
2016-01-15,-2.0,4.8,-6.2,-5.7,1.1,74,0.0,0.0,0.0,0.0,2.63,6.2
2016-01-16,-1.3,5.5,-5.5,-5.2,2.5,75,0.0,0.0,0.0,0.0,2.72,5.7
2016-01-17,1.0,5.5,-2.6,-2.4,2.3,73,0.0,0.0,0.0,0.0,2.3,5.6
2016-01-18,-4.4,0.2,-10.6,-10.7,-3.7,64,0.0,0.0,0.07,0.0,8.05,17.7
2016-01-19,-10.7,-7.5,-13.0,-18.1,-15.6,46,0.0,0.0,0.0,0.0,8.24,18.1
2016-01-20,-10.2,-5.4,-13.8,-15.2,-10.3,51,0.0,0.0,0.0,0.0,4.32,10.3
2016-01-21,-7.1,-1.7,-10.8,-11.7,-7.1,52,0.0,0.0,0.0,0.0,3.27,8.1
2016-01-22,-6.8,-2.0,-11.6,-11.9,-7.6,45,0.0,0.0,0.0,0.0,3.75,8.6
2016-01-23,-9.2,-6.2,-14.0,-15.3,-11.9,42,0.0,0.0,0.0,0.0,6.91,15.1
2016-01-24,-13.2,-9.2,-16.3,-19.0,-15.8,50,0.0,0.0,0.0,0.0,5.16,12.0
2016-01-25,-8.7,-3.2,-14.4,-13.6,-8.7,53,0.0,0.0,0.0,0.0,4.02,9.4
2016-01-26,-2.9,2.5,-6.7,-7.3,-3.2,63,0.0,0.0,0.0,0.0,5.39,13.0
2016-01-27,-0.4,4.4,-4.0,-4.5,-0.8,66,0.0,0.0,0.0,0.0,3.88,9.0
2016-01-28,-1.4,3.7,-6.0,-5.3,0.2,66,0.0,0.0,0.0,0.0,2.75,4.8
2016-01-29,2.1,6.4,-0.9,-2.2,2.2,53,0.0,0.0,0.0,0.0,4.33,8.0
2016-01-30,1.2,6.3,-2.2,-2.4,2.4,72,0.0,0.0,0.0,0.0,2.69,6.2
2016-01-31,-2.5,1.3,-5.4,-7.4,-4.2,44,0.0,0.0,0.0,0.0,3.61,9.3
2016-02-01,-5.2,-0.6,-8.2,-10.3,-6.4,42,0.0,0.0,0.0,0.0,3.94,9.5
2016-02-02,-5.4,0.9,-10.0,-10.2,-4.2,49,0.0,0.0,0.0,0.0,2.97,8.3
2016-02-03,-3.3,4.2,-10.0,-7.6,-0.7,58,0.0,0.0,0.0,0.0,3.8,9.2
2016-02-04,-0.6,5.2,-5.0,-5.1,-0.5,60,0.0,0.0,0.0,0.0,4.52,10.1
2016-02-05,-2.2,3.7,-6.7,-7.0,-1.9,51,0.0,0.0,0.0,0.0,4.32,9.9
2016-02-06,-2.7,2.4,-6.4,-7.5,-2.7,49,0.0,0.0,0.0,0.0,3.76,9.5
2016-02-07,-3.8,3.1,-8.5,-8.2,-1.5,53,0.0,0.0,0.0,0.0,3.21,7.8
2016-02-08,1.0,7.0,-5.8,-3.8,1.2,67,0.1,0.1,0.0,1.0,7.91,19.2
2016-02-09,1.4,6.8,-2.7,-3.6,0.6,56,0.0,0.0,0.0,0.0,6.61,14.0
2016-02-10,1.2,9.8,-5.3,-2.7,6.2,52,0.0,0.0,0.0,0.0,2.42,5.4
2016-02-11,6.9,14.4,-1.5,2.3,9.7,39,0.0,0.0,0.0,0.0,4.17,9.7
2016-02-12,8.9,10.1,8.1,6.6,9.1,90,14.4,14.4,0.0,21.0,5.54,16.6
2016-02-13,10.9,15.5,5.5,9.3,14.3,93,12.2,12.2,0.0,7.0,5.74,14.5
2016-02-14,-0.1,6.4,-5.2,-5.7,2.5,76,0.0,0.0,0.07,0.0,7.21,15.4
2016-02-15,-4.7,-1.2,-7.8,-10.7,-7.6,49,0.0,0.0,0.0,0.0,6.39,14.0
2016-02-16,-1.7,2.2,-5.9,-6.5,-3.7,70,0.3,0.0,0.21,3.0,7.85,17.3
2016-02-17,0.3,5.5,-5.0,-4.1,0.5,64,0.0,0.0,0.0,0.0,4.94,11.7
2016-02-18,3.7,8.8,-1.4,-0.6,3.3,72,1.2,1.2,0.0,6.0,6.8,16.8
2016-02-19,2.6,5.0,-0.3,-0.9,1.7,68,0.0,0.0,0.0,0.0,4.4,9.5
2016-02-20,1.8,7.1,-1.5,-2.9,1.7,54,0.0,0.0,0.0,0.0,5.44,11.5
2016-02-21,-0.1,4.6,-4.6,-4.9,-1.2,47,0.0,0.0,0.0,0.0,5.49,12.4
2016-02-22,1.3,4.7,-2.3,-2.6,0.3,49,0.0,0.0,0.07,0.0,2.27,7.3
2016-02-23,2.3,5.7,-3.3,-2.1,0.9,61,1.2,0.4,0.56,5.0,6.07,13.7
2016-02-24,-2.4,2.2,-6.9,-7.1,-2.6,48,0.0,0.0,0.0,0.0,4.0,9.7
2016-02-25,-0.2,4.9,-6.1,-4.7,-0.9,60,0.3,0.2,0.07,1.0,6.95,14.7
2016-02-26,1.8,6.0,-1.8,-1.9,2.1,59,0.0,0.0,0.0,0.0,3.31,8.0
2016-02-27,3.1,8.1,-0.0,0.1,4.7,73,1.7,0.1,1.12,6.0,3.21,9.3
2016-02-28,0.9,5.7,-1.9,-2.9,2.2,81,4.0,0.4,2.52,5.0,4.84,8.7
2016-02-29,-2.3,-0.0,-4.8,-8.1,-6.3,54,0.0,0.0,0.14,0.0,7.13,16.2
2016-03-01,-2.3,2.1,-6.7,-7.0,-2.6,54,0.0,0.0,0.0,0.0,5.14,11.7
2016-03-02,2.9,8.7,-2.1,-1.4,3.3,72,0.0,0.0,0.0,0.0,6.74,15.2
2016-03-03,7.4,13.6,2.8,4.6,11.3,73,0.0,0.0,0.0,0.0,3.71,9.1
2016-03-04,11.5,16.8,5.4,9.2,14.5,68,1.0,1.0,0.0,3.0,3.35,7.4
2016-03-05,12.1,16.4,8.6,10.1,13.2,90,26.9,26.9,0.0,13.0,7.53,17.1
2016-03-06,8.4,13.3,4.7,5.7,10.2,70,0.0,0.0,0.0,0.0,2.96,8.7
2016-03-07,7.6,12.6,2.9,4.4,9.6,61,0.0,0.0,0.0,0.0,3.14,8.5
2016-03-08,4.3,6.7,0.4,-0.2,3.1,48,0.0,0.0,0.0,0.0,4.52,9.8
2016-03-09,1.5,6.0,-1.4,-3.6,1.6,42,0.0,0.0,0.0,0.0,4.88,10.7
2016-03-10,0.2,4.9,-3.2,-4.9,-0.8,42,0.0,0.0,0.0,0.0,5.74,13.5
2016-03-11,0.0,5.5,-4.4,-4.5,1.1,51,0.0,0.0,0.0,0.0,4.3,10.5
2016-03-12,1.7,7.0,-4.6,-2.4,2.1,64,0.0,0.0,0.0,0.0,5.24,11.5
2016-03-13,3.3,6.8,0.6,-0.2,3.0,71,1.1,0.8,0.21,7.0,2.9,7.1
2016-03-14,4.3,9.4,0.6,0.6,6.0,67,0.0,0.0,0.0,0.0,3.99,9.1
2016-03-15,4.9,11.9,-1.2,1.3,8.6,52,0.0,0.0,0.0,0.0,3.67,9.6
2016-03-16,7.4,13.7,2.5,4.2,10.2,53,0.0,0.0,0.0,0.0,3.72,9.0
2016-03-17,7.9,15.4,-1.5,5.0,12.5,58,0.0,0.0,0.0,0.0,2.52,6.1
2016-03-18,12.3,19.1,7.1,10.2,18.2,62,0.0,0.0,0.0,0.0,3.19,6.9
2016-03-19,10.8,16.9,6.0,8.6,15.3,72,0.0,0.0,0.0,0.0,3.54,7.9
2016-03-20,9.4,16.2,2.9,6.9,14.3,68,0.0,0.0,0.0,0.0,3.36,8.0
2016-03-21,8.5,15.6,2.5,5.6,13.0,66,0.0,0.0,0.0,0.0,4.03,10.2
2016-03-22,7.2,13.2,1.1,4.2,9.7,69,0.0,0.0,0.0,0.0,4.39,11.4
2016-03-23,8.3,13.8,3.1,5.1,10.0,58,0.3,0.3,0.0,1.0,4.88,10.4
2016-03-24,6.4,12.4,0.0,3.0,9.5,56,0.0,0.0,0.0,0.0,4.02,8.9
2016-03-25,6.1,11.9,0.2,2.7,8.5,60,0.0,0.0,0.0,0.0,3.73,9.3
2016-03-26,5.5,12.7,-1.5,2.4,10.3,67,0.1,0.1,0.0,1.0,4.22,8.8
2016-03-27,7.1,13.6,1.8,3.6,9.6,59,0.0,0.0,0.0,0.0,5.15,11.7
2016-03-28,8.6,17.3,0.4,5.4,14.3,56,0.0,0.0,0.0,0.0,3.72,9.0
2016-03-29,11.4,17.0,6.9,7.9,12.5,63,4.1,4.1,0.0,6.0,7.39,17.2
2016-03-30,11.0,17.8,5.8,8.6,15.0,65,0.0,0.0,0.0,0.0,4.31,10.0
2016-03-31,11.7,21.2,2.7,8.6,18.3,47,0.0,0.0,0.0,0.0,2.91,6.2
2016-04-01,13.3,22.8,2.9,10.6,21.3,45,0.0,0.0,0.0,0.0,3.2,7.2
2016-04-02,12.8,20.6,5.9,10.2,18.2,55,0.0,0.0,0.0,0.0,5.07,12.1
2016-04-03,11.4,13.8,9.1,9.6,11.8,75,2.6,2.6,0.0,7.0,3.9,8.2
2016-04-04,12.2,19.4,5.0,9.7,18.6,53,0.0,0.0,0.0,0.0,3.51,7.6
2016-04-05,11.1,17.6,3.8,8.0,14.0,52,0.0,0.0,0.0,0.0,5.07,11.8
2016-04-06,13.7,23.8,3.7,10.9,20.7,49,0.0,0.0,0.0,0.0,2.83,6.3
2016-04-07,14.4,20.2,10.6,12.7,18.7,71,5.7,5.7,0.0,7.0,5.04,11.1
2016-04-08,11.4,17.7,7.7,9.6,15.6,80,0.0,0.0,0.0,0.0,5.74,13.2
2016-04-09,12.1,16.8,8.3,10.4,15.2,81,0.0,0.0,0.0,0.0,4.7,11.3
2016-04-10,14.4,21.3,10.3,13.4,20.2,72,0.0,0.0,0.0,0.0,4.5,11.6
2016-04-11,12.9,18.6,7.7,10.0,17.1,47,0.0,0.0,0.0,0.0,3.85,9.4
2016-04-12,14.0,20.6,9.5,11.1,19.0,49,0.0,0.0,0.0,0.0,4.22,10.2
2016-04-13,15.4,21.3,11.8,14.7,20.2,74,4.9,4.9,0.0,8.0,3.16,7.4
2016-04-14,13.0,18.4,8.9,11.9,17.9,80,0.0,0.0,0.0,0.0,4.36,10.1
2016-04-15,14.6,24.0,6.2,12.3,21.8,56,0.0,0.0,0.0,0.0,4.68,10.6
2016-04-16,14.9,22.0,7.8,12.8,18.8,70,26.3,26.3,0.0,11.0,7.68,19.8
2016-04-17,12.5,15.8,9.4,8.6,14.6,72,20.9,20.9,0.0,9.0,9.02,19.4
2016-04-18,11.9,17.8,7.2,9.3,15.9,70,2.7,2.7,0.0,5.0,7.43,17.0
2016-04-19,12.0,17.8,6.9,10.4,17.9,68,0.0,0.0,0.0,0.0,4.15,9.3
2016-04-20,14.5,19.9,9.5,12.4,16.8,62,1.2,1.2,0.0,3.0,4.05,9.8
2016-04-21,14.0,18.5,11.3,13.3,19.1,88,16.5,16.5,0.0,15.0,4.26,8.5
2016-04-22,14.4,18.8,11.4,13.4,18.6,84,0.0,0.0,0.0,0.0,6.33,13.9
2016-04-23,13.7,19.9,8.0,12.0,17.3,67,0.0,0.0,0.0,0.0,3.51,7.9
2016-04-24,15.1,22.9,6.5,13.1,22.7,50,0.0,0.0,0.0,0.0,2.9,7.4
2016-04-25,15.9,24.8,7.1,14.2,23.9,53,0.0,0.0,0.0,0.0,3.31,7.5
2016-04-26,19.5,29.7,8.9,17.9,28.7,51,0.0,0.0,0.0,0.0,4.95,10.2
2016-04-27,17.2,19.9,14.7,14.1,17.0,46,0.0,0.0,0.0,0.0,4.9,10.2
2016-04-28,16.3,21.9,11.8,14.7,21.3,52,0.0,0.0,0.0,0.0,2.86,7.2
2016-04-29,16.4,22.5,11.5,14.5,21.6,53,0.0,0.0,0.0,0.0,4.46,10.2
2016-04-30,16.2,21.7,10.9,13.8,18.6,58,0.0,0.0,0.0,0.0,6.49,14.7
2016-05-01,18.7,26.6,12.3,16.7,24.9,50,0.0,0.0,0.0,0.0,5.34,12.1
2016-05-02,20.8,29.0,14.7,20.3,27.0,63,3.8,3.8,0.0,4.0,4.96,15.7
2016-05-03,14.8,19.1,10.7,11.7,18.2,87,55.2,55.2,0.0,24.0,11.18,23.9
2016-05-04,16.6,20.4,11.4,11.8,15.8,50,0.1,0.1,0.0,1.0,10.79,22.5
2016-05-05,18.2,26.8,8.8,17.1,24.9,57,5.9,5.9,0.0,3.0,3.13,12.8
2016-05-06,16.8,19.0,13.2,16.6,20.0,88,7.5,7.5,0.0,6.0,4.77,14.8
2016-05-07,16.6,22.1,10.7,15.5,20.6,67,0.0,0.0,0.0,0.0,4.91,10.8
2016-05-08,18.4,26.2,9.6,17.5,25.4,61,0.0,0.0,0.0,0.0,3.38,7.6
2016-05-09,18.8,23.9,13.7,18.5,24.3,61,0.0,0.0,0.0,0.0,3.45,7.3
2016-05-10,15.2,18.3,13.7,14.0,17.3,80,10.0,10.0,0.0,12.0,4.2,8.8
2016-05-11,16.2,21.8,11.3,15.8,22.6,71,0.0,0.0,0.0,0.0,3.57,8.3
2016-05-12,17.4,23.7,11.0,16.5,23.2,70,0.0,0.0,0.0,0.0,5.45,12.0
2016-05-13,18.5,24.8,14.4,17.7,24.1,59,0.0,0.0,0.0,0.0,4.18,9.4
2016-05-14,20.0,27.1,13.3,18.7,25.5,51,0.0,0.0,0.0,0.0,3.76,8.4
2016-05-15,18.0,24.7,13.3,17.3,23.6,76,28.5,28.5,0.0,10.0,6.08,16.3
2016-05-16,15.8,21.2,11.7,14.2,20.0,70,4.0,4.0,0.0,5.0,5.19,11.4
2016-05-17,17.9,25.6,9.9,17.6,26.8,66,0.0,0.0,0.0,0.0,2.69,6.6
2016-05-18,20.4,29.2,11.5,20.9,30.0,64,0.0,0.0,0.0,0.0,2.6,5.5
2016-05-19,22.8,31.5,13.7,22.4,32.0,52,0.0,0.0,0.0,0.0,3.11,5.9
2016-05-20,22.4,30.2,14.6,22.7,32.2,57,0.0,0.0,0.0,0.0,3.11,5.2
2016-05-21,22.9,30.1,14.5,21.8,29.4,43,0.0,0.0,0.0,0.0,2.91,6.3
2016-05-22,23.5,31.4,15.1,22.5,31.5,42,0.0,0.0,0.0,0.0,3.47,5.7
2016-05-23,22.0,28.4,15.7,21.7,29.5,54,0.6,0.6,0.0,2.0,3.45,7.4
2016-05-24,17.5,20.3,14.5,17.5,20.8,85,28.3,28.3,0.0,12.0,4.67,11.2
2016-05-25,19.0,23.4,15.0,19.7,25.3,77,0.0,0.0,0.0,0.0,3.97,10.5
2016-05-26,19.2,22.1,16.8,20.0,22.7,77,0.0,0.0,0.0,0.0,2.72,7.1
2016-05-27,20.9,26.6,15.6,22.4,29.4,72,0.0,0.0,0.0,0.0,2.75,6.2
2016-05-28,20.8,26.6,15.4,21.7,28.5,70,0.0,0.0,0.0,0.0,3.51,7.9
2016-05-29,20.0,25.9,15.5,21.1,27.8,76,0.3,0.3,0.0,1.0,3.73,8.4
2016-05-30,21.0,27.6,15.8,21.7,29.1,68,0.0,0.0,0.0,0.0,3.91,8.7
2016-05-31,21.0,27.1,16.3,22.4,29.2,77,0.0,0.0,0.0,0.0,4.11,9.3
2016-06-01,23.2,29.2,16.1,23.6,30.7,57,0.0,0.0,0.0,0.0,3.61,9.1
2016-06-02,22.5,29.2,16.0,22.2,29.6,54,0.0,0.0,0.0,0.0,4.2,9.4
2016-06-03,21.8,27.8,15.4,21.8,27.8,60,0.0,0.0,0.0,0.0,4.12,10.0
2016-06-04,20.9,26.1,17.6,21.4,26.1,68,0.0,0.0,0.0,0.0,3.73,7.9
2016-06-05,24.3,32.4,16.1,25.3,33.7,57,0.0,0.0,0.0,0.0,2.61,5.7
2016-06-06,23.8,28.8,19.7,23.6,29.3,52,0.0,0.0,0.0,0.0,3.91,8.6
2016-06-07,22.8,27.0,19.4,24.4,29.1,69,0.4,0.4,0.0,3.0,3.86,9.1
2016-06-08,21.6,26.8,18.6,23.1,28.3,76,0.0,0.0,0.0,0.0,3.96,9.2
2016-06-09,23.4,30.3,17.9,25.6,32.8,71,0.0,0.0,0.0,0.0,3.45,8.0
2016-06-10,24.1,31.2,18.1,25.9,33.0,68,0.0,0.0,0.0,0.0,4.9,10.9
2016-06-11,24.0,28.0,20.8,26.0,29.3,75,0.9,0.9,0.0,4.0,4.79,11.8
2016-06-12,23.6,26.7,20.7,26.9,29.5,87,5.0,5.0,0.0,13.0,3.67,8.6
2016-06-13,23.7,29.4,19.2,26.2,31.8,74,0.1,0.1,0.0,1.0,2.92,7.1
2016-06-14,23.4,28.9,19.0,25.4,32.0,73,0.0,0.0,0.0,0.0,3.8,8.5
2016-06-15,21.1,24.4,19.5,22.5,24.0,85,40.9,40.9,0.0,16.0,5.1,17.1
2016-06-16,20.9,23.7,19.0,22.0,24.3,84,1.5,1.5,0.0,8.0,5.22,11.6
2016-06-17,22.8,27.4,18.6,24.5,29.8,73,0.0,0.0,0.0,0.0,4.3,10.5
2016-06-18,23.1,28.2,18.3,25.4,31.6,76,0.0,0.0,0.0,0.0,3.71,8.5
2016-06-19,22.9,27.6,19.0,25.5,30.7,80,0.5,0.5,0.0,2.0,3.6,8.8
2016-06-20,23.4,28.2,19.4,26.2,30.7,78,0.0,0.0,0.0,0.0,2.5,5.2
2016-06-21,25.1,30.5,20.0,28.0,33.8,73,0.0,0.0,0.0,0.0,2.98,6.6
2016-06-22,25.2,30.0,21.6,28.3,34.2,76,3.3,3.3,0.0,3.0,3.94,7.8
2016-06-23,24.7,29.8,20.7,27.7,33.1,78,0.0,0.0,0.0,0.0,4.8,10.5
2016-06-24,23.0,26.5,21.2,25.8,29.1,85,23.7,23.7,0.0,15.0,5.15,10.9
2016-06-25,22.7,26.5,18.9,23.6,27.4,72,0.5,0.5,0.0,2.0,6.02,15.6
2016-06-26,24.0,29.9,18.8,25.7,31.9,70,0.0,0.0,0.0,0.0,4.69,10.2
2016-06-27,23.3,28.8,18.1,25.3,31.6,72,0.0,0.0,0.0,0.0,2.65,6.2
2016-06-28,24.0,29.6,19.0,27.1,34.0,75,0.0,0.0,0.0,0.0,2.36,6.2
2016-06-29,24.9,30.0,20.4,27.4,31.7,72,0.0,0.0,0.0,0.0,4.12,9.0
2016-06-30,24.9,27.8,22.5,27.8,29.8,81,0.5,0.5,0.0,4.0,5.45,12.2
2016-07-01,24.5,27.9,22.3,28.4,31.7,90,86.7,86.7,0.0,18.0,6.87,15.2
2016-07-02,24.1,27.0,21.9,27.4,31.3,85,41.2,41.2,0.0,4.0,4.03,9.9
2016-07-03,23.7,26.2,21.1,27.0,29.8,82,0.0,0.0,0.0,0.0,2.09,5.2
2016-07-04,22.9,25.7,21.0,24.8,27.0,83,24.8,24.8,0.0,8.0,5.02,13.4
2016-07-05,23.3,24.4,21.9,26.7,29.1,96,70.6,70.6,0.0,24.0,5.61,15.4
2016-07-06,22.8,26.3,20.0,25.5,28.6,87,0.8,0.8,0.0,3.0,3.83,9.8
2016-07-07,23.9,28.3,20.4,27.6,32.0,82,0.4,0.4,0.0,2.0,1.84,8.6
2016-07-08,26.2,31.9,20.8,30.6,37.6,79,0.0,0.0,0.0,0.0,2.8,6.1
2016-07-09,26.5,31.8,21.6,30.9,37.4,79,0.0,0.0,0.0,0.0,3.77,8.2
2016-07-10,26.7,31.5,22.6,31.6,37.6,80,0.0,0.0,0.0,0.0,2.43,6.7
2016-07-11,27.1,31.8,22.5,32.1,37.6,80,0.0,0.0,0.0,0.0,2.36,4.4
2016-07-12,25.4,28.9,23.3,29.5,33.5,80,0.4,0.4,0.0,3.0,2.91,6.9
2016-07-13,25.3,28.5,21.5,29.5,33.4,84,0.0,0.0,0.0,0.0,4.2,9.4
2016-07-14,27.0,31.0,23.2,31.0,35.3,75,1.7,1.7,0.0,9.0,2.91,7.0
2016-07-15,26.2,29.2,22.9,28.5,31.7,67,2.7,2.7,0.0,4.0,3.85,7.8
2016-07-16,21.4,23.2,19.9,22.8,25.4,91,62.5,62.5,0.0,22.0,5.85,14.6
2016-07-17,22.3,23.9,21.3,24.7,26.1,90,2.0,2.0,0.0,5.0,4.28,9.7
2016-07-18,24.0,27.5,21.0,27.5,31.0,83,0.9,0.9,0.0,5.0,3.0,6.8
2016-07-19,25.9,31.8,20.2,30.1,37.2,79,0.0,0.0,0.0,0.0,2.53,5.2
2016-07-20,27.8,32.3,23.8,32.1,37.7,74,0.0,0.0,0.0,0.0,2.92,6.8
2016-07-21,27.7,31.5,24.1,31.0,35.8,68,0.0,0.0,0.0,0.0,3.36,6.8
2016-07-22,29.0,33.5,25.3,33.5,38.3,70,0.6,0.6,0.0,3.0,3.39,7.8
2016-07-23,28.2,30.7,26.3,33.4,35.1,80,0.3,0.3,0.0,1.0,3.31,8.0
2016-07-24,27.9,30.1,25.5,33.8,35.9,86,1.7,1.7,0.0,9.0,3.64,10.2
2016-07-25,27.9,30.6,25.7,33.9,36.2,86,0.3,0.3,0.0,2.0,2.9,8.6
2016-07-26,27.8,31.0,25.0,32.8,36.1,81,0.0,0.0,0.0,0.0,4.83,10.6
2016-07-27,27.1,29.1,26.0,31.9,33.2,88,10.5,10.5,0.0,14.0,5.74,11.7
2016-07-28,27.2,29.8,24.2,32.4,34.7,86,6.8,6.8,0.0,13.0,4.54,9.5
2016-07-29,25.6,28.7,23.7,31.0,35.1,92,17.3,17.3,0.0,14.0,3.03,10.2
2016-07-30,27.9,31.6,26.0,33.9,37.6,86,17.4,17.4,0.0,17.0,3.19,9.5
2016-07-31,28.0,32.0,25.2,34.4,39.4,87,2.4,2.4,0.0,5.0,3.62,8.1
2016-08-01,27.6,31.1,24.8,33.7,37.1,85,0.0,0.0,0.0,0.0,2.6,7.3
2016-08-02,27.5,30.3,25.8,33.5,35.9,86,0.0,0.0,0.0,0.0,2.3,6.0
2016-08-03,28.3,32.8,23.9,34.0,39.3,78,0.0,0.0,0.0,0.0,2.01,4.4
2016-08-04,28.9,34.1,24.2,35.2,40.8,80,0.1,0.1,0.0,1.0,2.13,4.1
2016-08-05,29.5,34.3,25.2,35.9,41.1,80,0.1,0.1,0.0,1.0,2.72,5.6
2016-08-06,29.3,34.0,24.5,35.9,41.4,82,0.1,0.1,0.0,1.0,2.32,5.4
2016-08-07,28.8,33.8,24.8,34.5,39.5,79,0.0,0.0,0.0,0.0,3.16,7.2
2016-08-08,28.8,34.1,24.4,34.9,40.2,79,0.0,0.0,0.0,0.0,3.14,6.9
2016-08-09,29.0,33.6,25.0,34.6,40.1,77,0.5,0.5,0.0,2.0,2.95,5.8
2016-08-10,28.7,32.9,25.3,34.7,39.1,81,0.0,0.0,0.0,0.0,2.83,7.0
2016-08-11,28.8,34.3,24.4,34.9,41.2,81,0.0,0.0,0.0,0.0,3.01,6.5
2016-08-12,29.1,34.0,25.1,35.5,40.7,81,0.0,0.0,0.0,0.0,3.2,7.7
2016-08-13,29.1,33.1,25.6,35.1,38.2,82,0.0,0.0,0.0,0.0,3.32,7.7
2016-08-14,28.4,31.1,26.3,34.7,36.7,87,2.8,2.8,0.0,4.0,3.71,8.6
2016-08-15,28.5,32.2,26.0,34.7,38.5,83,0.0,0.0,0.0,0.0,3.61,7.9
2016-08-16,29.2,33.5,25.1,35.4,39.4,80,0.2,0.2,0.0,1.0,2.42,5.3
2016-08-17,28.9,33.8,24.6,34.3,38.4,76,0.0,0.0,0.0,0.0,2.11,5.3
2016-08-18,28.8,34.0,25.1,34.7,39.5,79,0.0,0.0,0.0,0.0,1.86,4.6
2016-08-19,29.2,32.7,26.0,35.2,38.8,78,0.0,0.0,0.0,0.0,2.43,5.9
2016-08-20,29.8,33.7,26.4,34.7,39.2,71,0.0,0.0,0.0,0.0,2.98,6.1
2016-08-21,29.6,34.5,26.2,33.7,39.1,64,0.0,0.0,0.0,0.0,2.92,6.3
2016-08-22,29.1,33.7,23.9,34.3,38.9,73,0.8,0.8,0.0,4.0,2.1,5.9
2016-08-23,28.8,32.7,25.1,33.5,38.1,72,1.0,1.0,0.0,5.0,3.36,7.8
2016-08-24,28.5,32.4,25.9,33.0,37.7,72,0.3,0.3,0.0,1.0,3.04,6.6
2016-08-25,27.1,31.2,23.0,31.4,35.4,78,0.8,0.8,0.0,2.0,4.64,10.0
2016-08-26,22.4,25.2,18.7,23.8,30.8,77,21.4,21.4,0.0,9.0,5.52,12.0
2016-08-27,22.1,28.2,14.7,22.2,29.8,63,0.0,0.0,0.0,0.0,4.31,10.2
2016-08-28,21.3,24.5,18.7,21.8,25.5,71,4.7,4.7,0.0,8.0,4.46,11.4
2016-08-29,21.4,25.9,17.2,21.9,25.6,70,0.2,0.2,0.0,2.0,4.0,8.8
2016-08-30,20.6,23.9,16.9,20.5,23.2,74,0.0,0.0,0.0,0.0,5.42,12.3
2016-08-31,18.5,20.3,17.1,18.0,20.4,87,29.1,29.1,0.0,19.0,6.4,16.5
2016-09-01,23.5,29.1,18.0,25.1,30.8,77,2.4,2.4,0.0,3.0,7.19,19.2
2016-09-02,24.2,27.6,21.4,26.1,29.6,76,0.9,0.9,0.0,1.0,4.83,10.5
2016-09-03,24.1,28.0,22.0,27.5,31.9,81,1.0,1.0,0.0,4.0,2.51,5.7
2016-09-04,24.9,29.4,21.0,28.9,33.3,83,0.0,0.0,0.0,0.0,1.84,4.8
2016-09-05,25.7,30.0,22.8,29.9,33.7,81,0.0,0.0,0.0,0.0,2.86,6.6
2016-09-06,23.5,27.4,19.7,27.0,30.9,87,0.0,0.0,0.0,0.0,3.83,8.5
2016-09-07,23.6,27.7,21.1,27.3,32.1,85,0.4,0.4,0.0,1.0,2.6,6.0
2016-09-08,23.4,27.0,20.4,26.8,31.6,83,6.1,6.1,0.0,6.0,2.84,7.8
2016-09-09,23.4,27.9,20.0,26.8,31.8,84,3.2,3.2,0.0,3.0,2.6,7.7
2016-09-10,23.5,28.4,19.2,27.1,33.3,83,0.2,0.2,0.0,1.0,1.84,4.8
2016-09-11,23.9,27.8,20.5,26.4,29.9,77,0.4,0.4,0.0,2.0,2.97,7.0
2016-09-12,24.0,27.3,21.1,27.1,31.6,78,0.3,0.3,0.0,2.0,2.47,6.1
2016-09-13,23.7,28.7,18.9,26.7,31.9,79,0.1,0.1,0.0,1.0,1.77,4.8
2016-09-14,24.0,28.5,20.5,26.9,31.7,79,0.2,0.2,0.0,1.0,2.5,6.5
2016-09-15,22.5,27.9,18.5,25.4,30.2,83,0.0,0.0,0.0,0.0,1.96,4.4
2016-09-16,23.4,27.8,19.9,26.6,30.1,84,0.0,0.0,0.0,0.0,2.15,4.5
2016-09-17,22.6,26.9,19.7,24.8,29.0,81,9.2,9.2,0.0,8.0,4.22,8.8
2016-09-18,22.6,26.5,18.8,23.4,28.6,69,0.0,0.0,0.0,0.0,4.14,9.0
2016-09-19,21.5,26.6,16.9,21.5,27.2,65,0.0,0.0,0.0,0.0,4.61,9.5
2016-09-20,20.2,26.0,14.9,18.9,24.9,54,0.0,0.0,0.0,0.0,3.94,9.9
2016-09-21,19.1,24.9,12.7,18.7,24.5,64,0.0,0.0,0.0,0.0,2.53,6.2
2016-09-22,20.9,26.7,16.3,21.2,27.3,62,0.0,0.0,0.0,0.0,2.12,5.5
2016-09-23,20.4,27.3,15.2,21.4,28.0,72,0.0,0.0,0.0,0.0,1.97,4.6
2016-09-24,21.2,28.4,14.7,22.5,29.6,73,0.0,0.0,0.0,0.0,2.5,5.4
2016-09-25,21.7,28.2,16.9,23.2,29.9,72,0.0,0.0,0.0,0.0,1.94,5.6
2016-09-26,22.6,28.5,18.0,24.4,30.4,74,0.1,0.1,0.0,1.0,2.56,5.7
2016-09-27,21.0,22.4,19.6,23.9,25.9,91,24.3,24.3,0.0,15.0,2.62,5.1
2016-09-28,20.7,23.2,19.1,23.2,25.6,88,0.0,0.0,0.0,0.0,1.98,6.2
2016-09-29,20.2,23.5,18.3,20.1,23.6,73,0.7,0.7,0.0,5.0,4.64,8.9
2016-09-30,19.7,23.5,17.1,20.7,25.4,78,0.0,0.0,0.0,0.0,2.86,5.7
2016-10-01,20.1,25.1,16.6,21.9,26.8,83,0.0,0.0,0.0,0.0,1.92,5.1
2016-10-02,19.1,21.2,17.1,20.3,22.5,88,8.4,8.4,0.0,10.0,5.22,14.1
2016-10-03,22.6,26.9,18.2,24.7,29.2,85,14.4,14.4,0.0,9.0,6.2,15.3
2016-10-04,21.5,29.0,15.3,22.3,29.7,72,0.0,0.0,0.0,0.0,3.76,8.5
2016-10-05,20.5,25.8,17.6,21.1,27.2,77,6.5,6.5,0.0,6.0,3.86,10.3
2016-10-06,17.7,23.2,13.7,17.3,23.2,72,0.0,0.0,0.0,0.0,2.86,7.0
2016-10-07,19.4,24.5,15.3,19.3,24.1,75,5.0,5.0,0.0,5.0,4.89,11.3
2016-10-08,17.8,22.0,12.5,16.8,20.5,74,6.6,6.6,0.0,8.0,5.75,12.2
2016-10-09,11.8,16.5,7.9,8.4,14.1,55,0.0,0.0,0.0,0.0,6.12,12.3
2016-10-10,13.1,19.5,6.7,11.2,18.5,61,0.0,0.0,0.0,0.0,2.69,6.3
2016-10-11,14.0,20.7,8.0,13.1,19.7,79,0.0,0.0,0.0,0.0,2.93,7.9
2016-10-12,14.3,20.5,9.5,13.1,19.0,72,0.0,0.0,0.0,0.0,2.97,7.0
2016-10-13,13.7,20.8,8.5,12.1,19.3,64,0.0,0.0,0.0,0.0,2.56,5.1
2016-10-14,15.1,22.9,8.4,14.7,23.2,78,0.0,0.0,0.0,0.0,2.37,4.3
2016-10-15,16.9,25.3,10.4,16.8,25.2,76,0.0,0.0,0.0,0.0,2.28,4.1
2016-10-16,16.9,19.4,14.5,17.5,20.8,86,2.4,2.4,0.0,4.0,3.0,5.9
2016-10-17,17.3,22.0,13.9,17.8,21.6,85,0.0,0.0,0.0,0.0,3.22,7.3
2016-10-18,15.7,22.6,11.3,15.7,23.0,81,0.0,0.0,0.0,0.0,2.82,4.5
2016-10-19,16.9,23.5,12.7,17.0,23.4,80,0.0,0.0,0.0,0.0,2.62,6.5
2016-10-20,17.7,26.0,11.1,17.7,25.6,76,0.0,0.0,0.0,0.0,4.59,10.1
2016-10-21,18.2,21.1,16.5,16.9,19.8,65,0.0,0.0,0.0,0.0,4.67,9.1
2016-10-22,18.0,21.6,15.0,17.5,21.2,66,0.0,0.0,0.0,0.0,2.69,6.0
2016-10-23,14.6,17.9,11.2,12.6,16.9,74,3.7,3.7,0.0,8.0,5.44,11.0
2016-10-24,14.1,20.2,7.9,12.5,18.5,70,0.2,0.2,0.0,1.0,3.42,8.4
2016-10-25,14.2,18.5,11.9,12.8,17.3,88,32.4,32.4,0.0,13.0,5.16,16.9
2016-10-26,13.3,16.9,10.3,12.7,17.2,88,0.0,0.0,0.0,0.0,2.86,6.6
2016-10-27,14.1,20.4,7.5,12.8,19.4,75,0.0,0.0,0.0,0.0,3.09,7.0
2016-10-28,15.1,18.2,11.1,13.8,17.6,70,0.0,0.0,0.0,0.0,4.62,11.0
2016-10-29,8.7,11.5,4.3,4.4,7.1,48,0.0,0.0,0.0,0.0,4.57,9.7
2016-10-30,7.2,14.2,0.2,3.8,10.7,50,0.0,0.0,0.0,0.0,2.78,5.9
2016-10-31,6.9,8.9,2.6,3.4,6.9,63,0.0,0.0,0.0,0.0,4.46,9.1
2016-11-01,2.2,7.2,-1.7,-2.4,2.4,50,0.0,0.0,0.0,0.0,4.1,8.9
2016-11-02,4.1,10.2,-3.4,0.7,6.4,61,0.1,0.1,0.0,1.0,2.66,6.9
2016-11-03,8.6,14.0,4.7,6.0,10.3,74,0.7,0.7,0.0,2.0,4.01,9.0
2016-11-04,11.8,16.9,6.3,9.2,14.2,70,0.0,0.0,0.0,0.0,6.19,12.4
2016-11-05,14.9,19.3,11.8,13.7,17.8,82,0.3,0.3,0.0,3.0,6.04,13.5
2016-11-06,15.0,18.7,12.8,12.6,15.7,67,0.1,0.1,0.0,1.0,5.53,11.8
2016-11-07,14.0,17.3,9.9,11.9,15.4,70,2.2,2.2,0.0,6.0,4.52,10.0
2016-11-08,5.4,9.3,0.9,0.8,6.5,61,0.9,0.9,0.0,3.0,4.97,10.7
2016-11-09,2.0,8.2,-2.6,-2.3,4.0,52,0.0,0.0,0.0,0.0,4.39,9.1
2016-11-10,5.2,10.3,0.5,2.5,7.8,77,1.1,1.1,0.0,5.0,2.62,6.0
2016-11-11,9.5,14.8,6.3,6.7,10.5,72,1.6,1.6,0.0,4.0,5.04,12.1
2016-11-12,10.8,17.0,4.9,8.1,14.5,70,0.0,0.0,0.0,0.0,4.5,9.7
2016-11-13,13.9,18.9,11.2,13.1,18.7,82,1.6,1.6,0.0,6.0,2.5,6.0
2016-11-14,14.1,16.7,11.7,13.5,16.4,83,2.4,2.4,0.0,9.0,3.61,7.4
2016-11-15,6.7,11.1,0.9,2.3,8.4,50,0.0,0.0,0.0,0.0,4.61,10.1
2016-11-16,4.8,11.7,-0.1,1.5,8.1,62,0.0,0.0,0.0,0.0,2.3,4.7
2016-11-17,7.4,15.4,2.3,4.8,12.7,73,0.0,0.0,0.0,0.0,2.32,6.6
2016-11-18,9.3,15.4,3.9,7.1,13.3,73,2.2,2.2,0.0,5.0,2.58,5.7
2016-11-19,12.3,15.6,9.0,11.3,14.5,83,0.6,0.6,0.0,2.0,2.93,6.4
2016-11-20,10.5,15.5,6.0,7.4,12.6,59,0.0,0.0,0.0,0.0,3.72,8.4
2016-11-21,8.7,14.5,3.5,5.7,13.1,59,0.0,0.0,0.0,0.0,3.29,7.1
2016-11-22,3.5,8.3,-1.2,-1.6,5.4,49,0.6,0.4,0.35,3.0,5.32,12.3
2016-11-23,-1.0,4.0,-4.4,-6.1,-1.5,42,0.0,0.0,0.0,0.0,4.06,8.8
2016-11-24,-1.7,3.3,-5.3,-6.9,-2.4,45,0.0,0.0,0.0,0.0,4.64,10.9
2016-11-25,0.8,6.6,-3.1,-2.9,2.3,54,0.0,0.0,0.0,0.0,2.5,6.6
2016-11-26,0.1,2.3,-3.7,-3.5,-0.9,79,1.7,0.0,1.19,7.0,2.38,5.6
2016-11-27,3.9,7.7,1.1,0.9,4.6,84,0.2,0.2,0.0,1.0,3.61,8.7
2016-11-28,1.6,6.2,-1.4,-2.4,1.5,67,0.0,0.0,0.0,0.0,3.47,8.0
2016-11-29,0.9,8.0,-4.3,-3.0,4.5,59,0.0,0.0,0.0,0.0,2.87,5.4
2016-11-30,4.9,10.2,-1.8,1.6,7.1,71,0.9,0.9,0.0,2.0,2.79,6.9
2016-12-01,5.5,7.9,-1.5,1.1,5.3,59,0.1,0.1,0.0,1.0,6.38,14.1
2016-12-02,1.4,8.1,-4.5,-2.6,3.6,60,0.0,0.0,0.0,0.0,3.14,7.5
2016-12-03,3.1,10.4,-3.0,0.2,7.5,72,0.0,0.0,0.0,0.0,1.92,4.3
2016-12-04,4.2,9.7,-1.2,1.5,7.2,76,0.0,0.0,0.0,0.0,2.12,4.5
2016-12-05,7.1,11.3,2.7,3.5,7.6,71,0.9,0.9,0.0,3.0,5.27,11.0
2016-12-06,-0.0,4.2,-3.3,-5.0,-0.6,44,0.0,0.0,0.0,0.0,5.4,10.9
2016-12-07,1.5,8.0,-3.1,-2.6,4.5,63,0.1,0.0,0.21,1.0,3.47,7.4
2016-12-08,1.6,7.0,-4.0,-1.6,3.6,80,3.6,2.9,0.49,4.0,2.34,8.6
2016-12-09,2.7,5.4,-2.5,-1.6,0.9,69,1.9,1.8,0.07,3.0,4.62,10.3
2016-12-10,-1.6,4.3,-5.6,-5.9,-0.6,57,0.0,0.0,0.0,0.0,3.19,7.4
2016-12-11,-1.8,5.2,-6.6,-5.7,1.9,55,0.0,0.0,0.0,0.0,2.44,5.0
2016-12-12,0.3,7.6,-5.4,-3.6,3.6,59,0.0,0.0,0.0,0.0,2.56,4.1
2016-12-13,2.4,8.0,-1.9,-1.2,4.5,70,0.0,0.0,0.0,0.0,3.28,7.5
2016-12-14,-0.6,0.9,-1.8,-4.8,-3.1,66,1.4,0.0,1.12,8.0,2.88,6.3
2016-12-15,-3.5,0.3,-6.7,-8.8,-5.9,45,0.0,0.0,0.0,0.0,4.94,11.4
2016-12-16,-4.2,0.9,-9.3,-9.3,-4.8,44,0.0,0.0,0.0,0.0,4.24,9.6
2016-12-17,3.1,10.2,-2.1,-0.6,6.7,67,0.0,0.0,0.0,0.0,4.48,10.6
2016-12-18,4.9,10.0,1.2,1.8,6.8,77,0.0,0.0,0.0,0.0,3.0,7.8
2016-12-19,7.0,11.2,4.1,4.5,9.1,75,0.0,0.0,0.0,0.0,2.6,5.5
2016-12-20,6.2,12.3,3.1,3.8,10.3,82,0.0,0.0,0.0,0.0,2.06,4.8
2016-12-21,7.3,13.0,1.8,4.3,9.9,81,19.7,19.7,0.0,7.0,6.3,22.2
2016-12-22,7.4,12.8,2.6,4.5,12.6,94,15.9,15.9,0.0,17.0,5.98,22.0
2016-12-23,-0.5,2.5,-2.2,-5.4,-1.8,75,0.1,0.0,0.49,1.0,5.02,11.2
2016-12-24,-1.8,0.8,-3.8,-5.5,-2.6,69,0.0,0.0,0.0,0.0,2.24,6.1
2016-12-25,-0.0,6.2,-4.8,-3.4,3.5,82,0.0,0.0,0.0,0.0,2.19,4.4
2016-12-26,1.9,3.7,0.5,-0.9,1.1,88,0.5,0.5,0.0,3.0,2.98,6.3
2016-12-27,-1.0,1.9,-6.2,-6.1,-1.4,57,0.0,0.0,0.14,0.0,6.24,13.2
2016-12-28,-3.6,2.2,-8.1,-7.8,-2.1,52,0.0,0.0,0.0,0.0,2.95,6.6
2016-12-29,-3.0,-0.0,-6.7,-8.2,-5.3,54,0.0,0.0,0.14,0.0,5.4,12.2
2016-12-30,-4.0,2.3,-9.8,-7.9,-1.9,64,0.0,0.0,0.0,0.0,2.69,6.7
2016-12-31,0.2,6.5,-3.3,-3.2,3.1,79,0.0,0.0,0.0,0.0,2.59,6.4
2017-01-01,2.0,8.4,-3.6,-1.1,5.6,84,0.0,0.0,0.0,0.0,2.88,7.4
2017-01-02,5.1,10.0,1.0,2.0,6.3,83,0.1,0.1,0.0,1.0,4.43,10.0
2017-01-03,1.6,7.2,-2.0,-2.1,2.9,73,0.0,0.0,0.0,0.0,3.13,7.3
2017-01-04,2.9,9.7,-0.9,-0.7,5.5,73,0.0,0.0,0.0,0.0,3.28,6.9
2017-01-05,3.5,9.5,-2.9,-0.4,5.5,66,0.0,0.0,0.0,0.0,4.1,9.0
2017-01-06,5.7,10.9,0.7,2.4,8.4,67,0.0,0.0,0.0,0.0,3.7,7.1
2017-01-07,2.7,9.6,-1.7,-0.4,7.2,80,0.0,0.0,0.0,0.0,2.73,3.7
2017-01-08,6.3,11.8,2.2,3.3,9.1,75,0.5,0.5,0.0,3.0,3.23,7.1
2017-01-09,3.0,5.7,-2.5,-1.5,0.8,66,0.0,0.0,0.0,0.0,5.19,11.5
2017-01-10,-2.0,2.5,-5.6,-7.1,-2.9,51,0.0,0.0,0.0,0.0,5.68,12.7
2017-01-11,-3.6,1.5,-7.9,-8.5,-4.0,47,0.0,0.0,0.0,0.0,4.97,11.8
2017-01-12,-0.9,2.3,-4.7,-5.8,-3.1,53,0.0,0.0,0.21,0.0,5.77,12.4
2017-01-13,-4.8,-0.4,-7.0,-10.3,-7.3,49,0.4,0.0,0.35,2.0,6.75,15.5
2017-01-14,-6.9,-3.9,-9.2,-13.4,-11.5,36,0.0,0.0,0.0,0.0,7.22,15.5
2017-01-15,-6.3,0.3,-10.5,-11.4,-5.4,41,0.0,0.0,0.0,0.0,3.72,9.6
2017-01-16,-4.5,2.8,-10.8,-8.9,-1.1,48,0.0,0.0,0.0,0.0,2.52,5.0
2017-01-17,-3.4,3.2,-9.8,-7.4,-1.0,59,0.0,0.0,0.0,0.0,1.94,6.0
2017-01-18,-0.6,4.6,-3.5,-4.4,0.4,74,0.0,0.0,0.0,0.0,3.5,8.9
2017-01-19,-2.0,4.0,-5.9,-5.8,0.4,71,0.0,0.0,0.07,0.0,3.06,6.2
2017-01-20,-3.4,-1.3,-7.7,-8.4,-4.9,71,2.3,0.0,1.68,7.0,6.17,13.4
2017-01-21,-5.0,-0.2,-9.7,-8.9,-4.4,75,0.5,0.0,0.49,3.0,2.62,6.5
2017-01-22,-5.9,-1.5,-8.7,-12.1,-6.9,52,0.0,0.0,0.0,0.0,6.73,14.0
2017-01-23,-7.7,-2.6,-11.3,-13.0,-8.2,50,0.0,0.0,0.0,0.0,3.91,10.4
2017-01-24,-7.3,-0.3,-13.3,-12.2,-5.5,55,0.0,0.0,0.0,0.0,3.27,8.7
2017-01-25,-5.2,1.7,-10.9,-9.6,-3.2,58,0.0,0.0,0.0,0.0,3.16,7.9
2017-01-26,-2.5,3.2,-9.6,-6.6,-1.3,75,0.0,0.0,0.0,0.0,5.22,11.9
2017-01-27,-0.5,5.4,-5.3,-5.8,-0.5,52,3.7,3.7,0.0,3.0,8.13,16.3
2017-01-28,-2.3,4.5,-8.0,-6.5,0.3,45,0.0,0.0,0.0,0.0,2.51,4.3
2017-01-29,1.2,3.1,-0.0,-2.4,-0.2,71,4.4,0.2,3.01,14.0,3.72,8.1
2017-01-30,-3.8,0.4,-7.6,-9.0,-3.7,65,0.2,0.0,0.14,2.0,5.22,10.8
2017-01-31,-5.8,-0.3,-10.4,-10.4,-4.9,52,0.0,0.0,0.0,0.0,2.93,6.4
2017-02-01,-2.5,1.5,-5.4,-7.8,-4.6,49,0.0,0.0,0.0,0.0,5.45,12.3
2017-02-02,-2.4,4.4,-8.5,-7.3,-1.1,52,0.0,0.0,0.0,0.0,4.97,11.6
2017-02-03,1.5,7.0,-1.3,-2.2,2.6,70,0.0,0.0,0.0,0.0,3.21,9.1
2017-02-04,0.9,5.2,-4.3,-2.4,2.0,71,0.0,0.0,0.0,0.0,2.0,4.6
2017-02-05,2.4,3.9,0.4,-1.5,-0.3,74,0.8,0.6,0.14,4.0,5.03,10.2
2017-02-06,-0.4,3.5,-3.5,-5.6,-1.8,52,0.0,0.0,0.0,0.0,4.75,12.0
2017-02-07,-2.2,2.6,-6.6,-6.3,-1.4,54,0.0,0.0,0.0,0.0,2.41,5.6
2017-02-08,-1.3,2.7,-4.7,-5.5,-2.3,58,0.0,0.0,0.0,0.0,3.64,7.8
2017-02-09,-3.4,-0.7,-5.4,-9.4,-7.4,48,0.0,0.0,0.0,0.0,6.85,14.3
2017-02-10,-5.0,-1.8,-7.2,-11.2,-8.5,46,0.0,0.0,0.0,0.0,6.58,14.2
2017-02-11,-3.8,1.0,-7.7,-9.3,-4.8,50,0.0,0.0,0.0,0.0,5.16,12.3
2017-02-12,-1.9,4.0,-6.8,-6.5,-1.1,60,0.0,0.0,0.0,0.0,4.52,10.4
2017-02-13,-0.2,6.0,-5.7,-4.0,1.7,63,0.0,0.0,0.0,0.0,3.67,9.6
2017-02-14,-0.1,6.1,-5.1,-4.3,2.1,59,0.0,0.0,0.0,0.0,3.18,7.9
2017-02-15,0.9,8.0,-6.1,-2.8,4.1,67,0.0,0.0,0.0,0.0,2.88,7.9
2017-02-16,5.1,11.5,-3.2,1.4,8.2,67,0.0,0.0,0.0,0.0,5.22,15.3
2017-02-17,2.9,8.9,-3.6,-1.9,6.6,62,2.5,2.5,0.0,5.0,5.85,12.9
2017-02-18,-1.7,3.6,-6.4,-6.8,-2.2,48,0.0,0.0,0.0,0.0,5.81,12.9
2017-02-19,1.9,7.2,-4.8,-2.3,2.6,68,3.5,3.5,0.0,5.0,5.3,12.3
2017-02-20,0.3,6.2,-4.4,-5.1,3.0,60,0.7,0.7,0.0,1.0,7.36,15.9
2017-02-21,-1.6,5.0,-7.7,-5.5,1.5,49,0.0,0.0,0.0,0.0,2.56,8.0
2017-02-22,2.1,3.9,-0.1,-1.5,1.5,77,5.5,4.1,0.98,13.0,4.88,10.9
2017-02-23,0.2,3.1,-3.1,-5.4,-3.1,60,0.0,0.0,0.0,0.0,6.94,15.4
2017-02-24,-0.6,4.3,-5.4,-5.1,-0.6,56,0.0,0.0,0.0,0.0,5.01,12.5
2017-02-25,2.2,8.1,-3.8,-1.7,3.7,68,0.0,0.0,0.0,0.0,4.72,10.6
2017-02-26,3.0,9.4,-2.0,-0.5,5.8,66,0.0,0.0,0.0,0.0,3.16,7.0
2017-02-27,2.6,10.2,-3.5,-1.0,7.2,57,0.0,0.0,0.0,0.0,2.9,6.5
2017-02-28,3.5,11.6,-4.3,-0.1,8.2,61,0.0,0.0,0.0,0.0,3.06,8.7
2017-03-01,5.0,10.8,1.7,1.4,7.2,64,1.8,1.8,0.0,6.0,3.9,9.1
2017-03-02,2.4,6.0,-1.9,-1.8,1.6,70,0.5,0.5,0.0,3.0,5.04,11.0
2017-03-03,2.5,9.5,-4.4,-1.3,5.6,62,0.0,0.0,0.0,0.0,4.52,11.4
2017-03-04,4.4,11.7,-2.6,1.5,10.0,69,0.0,0.0,0.0,0.0,2.56,6.1
2017-03-05,4.4,10.8,-2.0,1.6,8.3,77,0.5,0.5,0.0,3.0,3.81,8.7
2017-03-06,1.5,5.6,-2.4,-3.8,0.1,47,0.0,0.0,0.0,0.0,7.3,16.0
2017-03-07,-0.6,3.1,-3.2,-5.9,-2.7,45,0.0,0.0,0.0,0.0,6.17,13.6
2017-03-08,0.1,4.9,-5.0,-4.8,-1.0,63,0.8,0.7,0.07,5.0,6.99,16.8
2017-03-09,3.3,9.8,-3.4,-1.2,5.0,60,0.0,0.0,0.0,0.0,6.76,16.4
2017-03-10,4.6,11.8,-1.9,0.7,8.6,48,0.0,0.0,0.0,0.0,3.65,8.9
2017-03-11,5.3,15.3,-3.4,2.0,13.1,51,0.0,0.0,0.0,0.0,3.91,8.8
2017-03-12,7.2,13.6,1.0,4.3,10.6,65,0.0,0.0,0.0,0.0,4.08,10.3
2017-03-13,6.8,12.6,0.6,3.4,9.0,58,0.0,0.0,0.0,0.0,3.67,8.7
2017-03-14,5.6,11.4,-0.8,1.0,6.6,45,0.0,0.0,0.0,0.0,5.66,13.1
2017-03-15,5.4,12.2,-1.3,1.9,10.0,48,0.0,0.0,0.0,0.0,2.9,6.9
2017-03-16,4.8,12.8,-3.8,1.4,10.1,57,0.0,0.0,0.0,0.0,3.9,8.6
2017-03-17,6.9,15.1,-0.2,3.7,12.8,51,0.0,0.0,0.0,0.0,3.31,8.0
2017-03-18,8.4,15.7,3.2,4.9,11.7,45,0.0,0.0,0.0,0.0,4.51,10.7
2017-03-19,8.9,18.3,-1.1,6.1,17.0,53,0.0,0.0,0.0,0.0,3.05,5.4
2017-03-20,9.5,15.6,2.8,6.5,12.2,56,0.0,0.0,0.0,0.0,2.97,6.5
2017-03-21,7.8,11.8,4.1,4.1,8.6,56,0.1,0.1,0.0,1.0,4.49,11.0
2017-03-22,7.1,13.9,1.3,3.6,10.4,49,0.0,0.0,0.0,0.0,4.0,9.6
2017-03-23,8.8,14.9,4.1,5.0,10.4,44,0.0,0.0,0.0,0.0,3.74,9.1
2017-03-24,8.0,14.6,1.6,4.8,11.9,53,0.0,0.0,0.0,0.0,2.9,6.8
2017-03-25,7.4,11.6,3.4,4.0,7.4,58,0.1,0.1,0.0,1.0,2.85,7.5
2017-03-26,6.2,11.4,1.5,3.0,8.4,65,0.0,0.0,0.0,0.0,4.2,9.6
2017-03-27,6.6,9.9,3.3,3.5,6.6,74,0.2,0.2,0.0,2.0,6.02,14.8
2017-03-28,6.8,12.8,1.1,3.9,9.6,69,0.0,0.0,0.0,0.0,3.61,10.4
2017-03-29,8.3,14.8,1.9,5.5,12.7,63,0.0,0.0,0.0,0.0,3.51,7.9
2017-03-30,9.8,17.2,2.9,6.8,14.9,59,0.0,0.0,0.0,0.0,3.1,9.0
2017-03-31,9.9,13.1,7.5,7.6,10.6,71,2.0,2.0,0.0,6.0,3.26,9.6
2017-04-01,9.5,13.6,5.1,6.9,10.5,66,0.6,0.6,0.0,2.0,4.47,10.8
2017-04-02,8.4,15.9,1.1,5.7,13.0,66,0.0,0.0,0.0,0.0,4.4,10.0
2017-04-03,10.8,18.9,2.4,7.7,15.7,54,0.0,0.0,0.0,0.0,4.66,10.8
2017-04-04,12.6,21.7,3.2,9.6,18.8,49,0.0,0.0,0.0,0.0,4.02,10.5
2017-04-05,12.4,14.6,9.9,10.3,12.5,69,21.0,21.0,0.0,15.0,4.62,9.5
2017-04-06,11.3,12.7,9.8,9.6,11.3,90,1.2,1.2,0.0,4.0,4.36,9.6
2017-04-07,14.0,22.1,8.7,13.2,22.6,74,0.0,0.0,0.0,0.0,3.03,6.8
2017-04-08,12.2,17.9,8.0,11.1,16.8,80,0.0,0.0,0.0,0.0,3.8,8.8
2017-04-09,15.0,20.1,8.7,12.8,16.7,63,0.0,0.0,0.0,0.0,5.1,11.4
2017-04-10,16.2,22.8,9.9,12.3,18.9,26,0.0,0.0,0.0,0.0,4.46,10.4
2017-04-11,14.8,20.3,10.4,11.9,17.9,48,0.3,0.3,0.0,2.0,5.81,12.8
2017-04-12,12.5,17.0,8.1,7.6,12.2,24,0.0,0.0,0.0,0.0,6.4,14.1
2017-04-13,13.0,20.0,5.8,10.5,16.7,54,0.1,0.1,0.0,1.0,4.84,11.2
2017-04-14,13.9,18.7,10.0,10.7,14.0,60,5.1,5.1,0.0,6.0,8.8,20.2
2017-04-15,16.0,23.7,9.9,15.0,23.4,68,0.0,0.0,0.0,0.0,4.25,10.7
2017-04-16,17.7,25.0,10.9,16.7,24.6,59,0.0,0.0,0.0,0.0,2.79,8.3
2017-04-17,14.6,18.5,10.9,13.2,16.7,72,5.3,5.3,0.0,6.0,4.32,11.8
2017-04-18,12.5,17.3,9.9,10.5,14.0,80,5.8,5.8,0.0,6.0,5.32,17.6
2017-04-19,13.1,18.6,8.2,9.6,15.8,49,0.0,0.0,0.0,0.0,5.56,12.2
2017-04-20,13.0,17.0,10.0,10.4,13.4,53,0.0,0.0,0.0,0.0,3.52,8.4
2017-04-21,13.2,19.6,6.6,11.6,17.5,66,0.0,0.0,0.0,0.0,4.22,9.7
2017-04-22,14.4,22.6,6.9,12.4,19.1,59,0.0,0.0,0.0,0.0,4.72,10.5
2017-04-23,14.6,22.3,5.5,11.8,19.0,48,0.0,0.0,0.0,0.0,5.57,12.6
2017-04-24,14.7,21.9,6.3,11.2,17.9,42,0.0,0.0,0.0,0.0,6.17,14.6
2017-04-25,15.9,21.3,11.8,14.3,19.8,62,0.1,0.1,0.0,1.0,5.22,11.5
2017-04-26,16.2,21.5,11.9,12.6,17.7,34,0.0,0.0,0.0,0.0,7.02,14.7
2017-04-27,14.0,19.8,6.8,10.4,16.2,45,0.0,0.0,0.0,0.0,6.69,14.6
2017-04-28,14.6,21.4,9.0,11.9,17.7,58,0.0,0.0,0.0,0.0,6.91,15.3
2017-04-29,17.1,25.4,7.8,14.5,22.3,49,0.0,0.0,0.0,0.0,6.22,14.8
2017-04-30,18.9,27.2,12.6,17.4,25.8,57,0.0,0.0,0.0,0.0,5.2,12.5
2017-05-01,19.8,29.1,10.9,18.8,29.5,56,0.0,0.0,0.0,0.0,3.93,8.7
2017-05-02,20.2,27.8,12.0,18.4,27.2,40,0.0,0.0,0.0,0.0,3.9,9.0
2017-05-03,20.7,30.1,11.0,19.6,29.1,47,0.0,0.0,0.0,0.0,4.23,9.2
2017-05-04,20.5,28.4,12.1,19.3,27.1,50,0.0,0.0,0.0,0.0,5.55,11.7
2017-05-05,21.0,26.5,16.4,20.7,27.1,60,0.1,0.1,0.0,1.0,5.97,13.3
2017-05-06,15.7,20.2,9.5,11.9,15.9,41,0.0,0.0,0.0,0.0,8.76,19.8
2017-05-07,16.4,23.4,9.7,13.6,19.5,51,0.0,0.0,0.0,0.0,6.81,15.7
2017-05-08,17.3,23.1,10.2,15.3,21.7,53,0.0,0.0,0.0,0.0,4.88,11.8
2017-05-09,17.2,22.3,13.9,16.5,19.9,65,5.0,5.0,0.0,5.0,4.12,11.5
2017-05-10,16.2,20.4,14.0,15.8,19.0,80,0.1,0.1,0.0,1.0,5.47,12.0
2017-05-11,18.7,25.1,12.9,18.9,26.1,71,0.2,0.2,0.0,1.0,4.37,10.1
2017-05-12,18.7,22.4,14.6,19.0,22.4,80,6.5,6.5,0.0,4.0,3.81,13.7
2017-05-13,16.7,23.6,13.0,15.7,22.5,79,5.4,5.4,0.0,5.0,10.12,20.6
2017-05-14,16.3,20.4,12.6,13.4,16.8,59,0.0,0.0,0.0,0.0,7.93,17.5
2017-05-15,16.0,19.5,12.0,14.1,17.0,66,0.1,0.1,0.0,1.0,5.12,12.1
2017-05-16,16.4,21.0,12.4,15.7,20.2,72,0.0,0.0,0.0,0.0,3.67,8.7
2017-05-17,18.0,25.2,10.7,17.6,25.2,65,0.0,0.0,0.0,0.0,3.9,9.1
2017-05-18,19.6,26.8,11.3,18.8,25.7,57,0.0,0.0,0.0,0.0,5.02,11.5
2017-05-19,20.6,27.9,13.4,19.5,26.1,53,0.0,0.0,0.0,0.0,5.28,12.2
2017-05-20,20.0,26.5,12.2,19.0,25.1,54,0.0,0.0,0.0,0.0,4.72,10.7
2017-05-21,20.3,26.8,13.6,19.9,26.0,59,0.0,0.0,0.0,0.0,4.5,11.1
2017-05-22,20.9,27.6,13.9,21.1,27.8,60,0.0,0.0,0.0,0.0,4.14,9.1
2017-05-23,19.6,24.2,14.8,19.9,23.2,73,3.1,3.1,0.0,6.0,4.22,10.8
2017-05-24,21.4,27.8,17.5,22.3,28.4,70,0.8,0.8,0.0,2.0,4.18,9.4
2017-05-25,19.6,25.6,14.9,17.5,23.6,54,0.0,0.0,0.0,0.0,7.11,15.3
2017-05-26,17.7,23.2,12.1,15.5,21.4,47,0.0,0.0,0.0,0.0,4.3,11.4
2017-05-27,19.1,25.8,12.2,17.8,24.7,53,0.0,0.0,0.0,0.0,3.93,10.2
2017-05-28,20.4,27.6,12.1,19.3,26.8,58,0.0,0.0,0.0,0.0,6.03,13.6
2017-05-29,22.4,28.1,17.6,23.4,29.4,66,0.0,0.0,0.0,0.0,4.39,11.6
2017-05-30,22.5,28.7,17.1,22.2,26.3,58,0.0,0.0,0.0,0.0,4.55,10.6
2017-05-31,22.1,28.8,16.0,22.6,28.4,64,0.0,0.0,0.0,0.0,3.79,8.9
2017-06-01,23.0,27.1,19.3,23.2,27.6,61,0.5,0.5,0.0,4.0,6.18,13.9
2017-06-02,21.2,26.5,14.8,19.1,24.6,39,0.1,0.1,0.0,1.0,4.7,10.9
2017-06-03,21.2,26.9,16.4,19.5,25.4,46,0.3,0.3,0.0,1.0,5.49,12.3
2017-06-04,21.2,28.4,13.2,19.4,26.6,44,0.0,0.0,0.0,0.0,5.32,11.4
2017-06-05,23.3,30.1,15.8,22.8,31.1,44,0.0,0.0,0.0,0.0,2.9,6.8
2017-06-06,20.5,24.3,15.4,18.8,22.6,54,4.5,4.5,0.0,5.0,5.82,12.7
2017-06-07,18.3,20.2,16.2,18.4,20.5,89,5.9,5.9,0.0,10.0,5.08,12.8
2017-06-08,20.1,24.8,15.4,20.4,25.5,72,0.0,0.0,0.0,0.0,5.03,12.0
2017-06-09,21.1,25.6,17.3,21.1,25.2,73,2.4,2.4,0.0,4.0,7.16,15.3
2017-06-10,21.8,26.8,16.1,21.3,25.7,54,0.0,0.0,0.0,0.0,3.45,8.2
2017-06-11,22.2,29.3,13.1,20.8,28.9,42,0.0,0.0,0.0,0.0,4.51,9.3
2017-06-12,22.7,29.3,17.4,21.4,29.4,44,0.0,0.0,0.0,0.0,4.73,10.3
2017-06-13,21.0,25.6,17.5,21.6,26.1,70,0.0,0.0,0.0,0.0,4.8,11.6
2017-06-14,21.2,27.0,16.5,22.1,27.7,73,0.0,0.0,0.0,0.0,5.08,11.4
2017-06-15,22.6,28.7,17.2,23.4,29.0,68,0.0,0.0,0.0,0.0,5.34,12.0
2017-06-16,24.6,32.6,18.5,25.8,34.8,63,0.0,0.0,0.0,0.0,4.67,10.7
2017-06-17,23.9,29.4,19.3,24.1,30.1,53,0.0,0.0,0.0,0.0,4.34,10.6
2017-06-18,23.3,30.9,16.5,24.2,31.7,63,0.0,0.0,0.0,0.0,4.6,10.6
2017-06-19,23.9,29.5,17.4,24.9,29.8,62,0.0,0.0,0.0,0.0,3.5,9.8
2017-06-20,24.9,32.0,17.7,25.8,33.7,56,0.0,0.0,0.0,0.0,4.85,10.4
2017-06-21,24.9,30.3,20.9,25.6,31.4,57,0.7,0.7,0.0,1.0,5.54,12.0
2017-06-22,24.2,29.2,20.0,26.1,31.5,69,0.0,0.0,0.0,0.0,4.03,9.8
2017-06-23,26.0,33.3,19.6,28.1,36.5,60,0.0,0.0,0.0,0.0,5.3,11.5
2017-06-24,24.5,28.5,21.0,26.2,30.4,62,0.0,0.0,0.0,0.0,2.7,8.2
2017-06-25,24.3,28.0,21.3,26.8,31.0,70,2.6,2.6,0.0,2.0,3.03,7.8
2017-06-26,24.6,30.2,21.7,27.1,33.0,72,12.1,12.1,0.0,5.0,3.1,7.4
2017-06-27,24.9,30.1,21.7,27.9,33.3,76,5.6,5.6,0.0,7.0,3.26,7.6
2017-06-28,24.8,29.9,21.3,28.3,33.9,79,4.3,4.3,0.0,9.0,3.21,7.3
2017-06-29,24.9,30.1,20.8,28.4,34.0,78,0.0,0.0,0.0,0.0,3.21,8.0
2017-06-30,25.4,29.9,22.1,28.8,33.3,76,0.0,0.0,0.0,0.0,4.01,9.2
2017-07-01,25.2,28.9,22.2,28.5,31.1,78,1.7,1.7,0.0,3.0,3.96,8.7
2017-07-02,25.3,26.9,24.1,29.8,32.3,92,42.1,42.1,0.0,23.0,4.34,9.5
2017-07-03,24.9,27.2,23.5,28.5,31.3,91,75.8,75.8,0.0,21.0,6.74,12.3
2017-07-04,26.4,31.3,23.7,31.1,36.2,83,12.9,12.9,0.0,6.0,3.61,7.7
2017-07-05,26.7,31.9,22.9,31.3,38.1,78,0.0,0.0,0.0,0.0,2.35,4.9
2017-07-06,26.8,32.0,22.3,31.6,37.5,80,0.8,0.8,0.0,4.0,3.28,7.4
2017-07-07,26.3,27.5,24.8,30.8,32.2,87,12.2,12.2,0.0,15.0,4.5,8.5
2017-07-08,25.6,26.4,24.0,30.2,31.9,93,32.2,32.2,0.0,18.0,4.16,8.4
2017-07-09,27.0,30.6,24.6,32.6,36.8,87,9.5,9.5,0.0,12.0,2.91,7.6
2017-07-10,25.4,26.4,24.7,29.5,31.3,93,56.3,56.3,0.0,23.0,6.33,15.7
2017-07-11,26.2,30.4,22.8,30.7,36.0,85,10.6,10.6,0.0,7.0,4.25,10.5
2017-07-12,27.0,30.5,24.0,32.1,36.5,84,0.0,0.0,0.0,0.0,3.89,9.1
2017-07-13,26.6,31.0,22.6,31.5,36.7,82,0.0,0.0,0.0,0.0,3.44,7.9
2017-07-14,27.6,31.9,24.2,32.9,38.5,83,10.8,10.8,0.0,8.0,3.94,11.1
2017-07-15,25.3,27.4,23.6,29.4,31.8,90,38.2,38.2,0.0,21.0,4.55,10.7
2017-07-16,25.4,27.6,23.5,30.6,33.3,93,95.8,95.8,0.0,17.0,4.1,8.1
2017-07-17,26.4,28.9,24.3,31.4,34.1,89,11.7,11.7,0.0,10.0,3.62,10.3
2017-07-18,26.5,30.0,24.1,31.7,35.3,87,0.9,0.9,0.0,5.0,3.01,7.1
2017-07-19,27.4,31.7,24.5,33.2,38.9,83,0.0,0.0,0.0,0.0,3.11,7.0
2017-07-20,28.3,32.6,24.5,34.3,39.1,83,0.0,0.0,0.0,0.0,3.11,7.3
2017-07-21,29.0,31.9,27.0,35.2,38.2,84,0.3,0.3,0.0,2.0,4.62,10.8
2017-07-22,28.2,30.6,26.8,35.0,37.3,92,10.0,10.0,0.0,14.0,3.62,8.3
2017-07-23,26.9,28.2,25.5,32.7,34.1,94,16.0,16.0,0.0,14.0,4.43,9.9
2017-07-24,26.4,27.3,25.6,32.3,32.9,92,2.5,2.5,0.0,7.0,2.64,9.0
2017-07-25,29.0,34.0,25.0,34.6,40.6,77,0.0,0.0,0.0,0.0,3.16,5.9
2017-07-26,28.2,32.2,23.8,32.0,37.0,69,0.0,0.0,0.0,0.0,3.98,8.2
2017-07-27,26.8,29.8,23.5,30.6,34.3,72,2.1,2.1,0.0,3.0,2.76,6.4
2017-07-28,25.9,27.2,24.9,32.0,34.2,94,16.9,16.9,0.0,12.0,2.28,5.6
2017-07-29,27.1,30.3,24.9,31.8,34.9,83,0.8,0.8,0.0,3.0,3.67,7.6
2017-07-30,27.4,31.4,23.9,31.7,37.0,77,0.4,0.4,0.0,2.0,3.58,6.7
2017-07-31,25.1,26.2,24.1,30.4,31.8,93,19.8,19.8,0.0,17.0,2.47,5.9
2017-08-01,27.2,31.6,24.1,32.8,37.3,85,9.9,9.9,0.0,13.0,1.84,4.5
2017-08-02,29.3,33.7,25.2,36.1,41.8,82,0.5,0.5,0.0,4.0,2.05,5.6
2017-08-03,29.1,32.5,26.2,33.7,37.4,72,0.0,0.0,0.0,0.0,3.7,7.8
2017-08-04,29.1,33.5,24.8,34.1,40.1,72,0.0,0.0,0.0,0.0,3.11,6.6
2017-08-05,30.5,34.8,26.3,37.3,42.5,78,0.6,0.6,0.0,3.0,2.13,4.7
2017-08-06,29.4,32.9,27.3,35.8,39.7,81,7.9,7.9,0.0,13.0,2.21,7.8
2017-08-07,28.4,32.8,25.4,33.9,38.0,81,0.8,0.8,0.0,3.0,4.2,8.8
2017-08-08,27.1,29.9,24.2,32.0,34.5,82,0.1,0.1,0.0,1.0,3.49,7.9
2017-08-09,27.2,30.6,23.6,32.4,35.8,80,0.0,0.0,0.0,0.0,1.44,4.1
2017-08-10,26.2,28.9,24.9,31.9,34.7,89,9.7,9.7,0.0,12.0,1.3,4.3
2017-08-11,26.8,31.3,24.1,31.8,37.1,82,3.3,3.3,0.0,12.0,2.6,5.8
2017-08-12,27.1,30.8,23.1,31.4,35.7,75,0.0,0.0,0.0,0.0,2.72,6.2
2017-08-13,26.2,28.4,23.7,29.5,31.7,75,0.0,0.0,0.0,0.0,3.42,7.0
2017-08-14,25.0,27.7,22.6,27.6,31.0,78,7.6,7.6,0.0,14.0,4.2,11.5
2017-08-15,23.2,24.3,22.4,26.0,27.3,92,37.1,37.1,0.0,23.0,4.57,10.1
2017-08-16,24.1,26.7,21.9,27.2,30.3,87,8.8,8.8,0.0,22.0,4.24,8.5
2017-08-17,24.7,28.5,22.2,28.4,33.7,84,2.8,2.8,0.0,10.0,3.13,7.8
2017-08-18,25.3,28.6,23.1,30.3,34.5,87,6.8,6.8,0.0,13.0,1.71,6.0
2017-08-19,25.5,29.8,22.4,30.0,34.7,86,5.4,5.4,0.0,7.0,2.69,5.5
2017-08-20,24.0,25.7,22.6,27.3,29.6,92,58.7,58.7,0.0,24.0,6.56,12.2
2017-08-21,24.8,27.4,23.5,28.6,32.0,93,20.8,20.8,0.0,23.0,5.46,12.1
2017-08-22,26.6,30.3,23.8,31.6,35.5,85,0.9,0.9,0.0,5.0,2.82,7.9
2017-08-23,26.3,28.7,23.7,31.8,34.9,93,18.7,18.7,0.0,19.0,4.94,11.6
2017-08-24,26.7,27.8,23.3,31.1,33.2,92,13.1,13.1,0.0,18.0,7.85,18.1
2017-08-25,24.7,29.8,20.3,28.4,33.8,82,0.0,0.0,0.0,0.0,4.02,8.4
2017-08-26,23.1,28.3,16.6,24.2,29.4,67,0.0,0.0,0.0,0.0,3.59,8.9
2017-08-27,21.9,26.1,16.7,24.3,28.2,80,0.0,0.0,0.0,0.0,1.61,4.6
2017-08-28,21.6,25.8,18.8,24.0,29.9,86,17.8,17.8,0.0,8.0,4.11,8.3
2017-08-29,19.5,23.3,16.7,18.6,22.1,64,0.0,0.0,0.0,0.0,3.94,9.7
2017-08-30,18.9,22.9,16.1,18.4,24.5,64,0.0,0.0,0.0,0.0,3.72,6.6
2017-08-31,21.6,26.7,16.9,23.2,28.5,76,0.0,0.0,0.0,0.0,2.91,7.0
2017-09-01,21.7,28.1,15.5,22.8,30.7,69,0.0,0.0,0.0,0.0,2.75,5.8
2017-09-02,21.9,27.5,16.7,23.9,30.4,76,0.0,0.0,0.0,0.0,2.5,4.6
2017-09-03,22.4,28.2,17.2,24.6,31.3,77,0.1,0.1,0.0,1.0,2.24,4.4
2017-09-04,22.8,28.9,17.4,24.8,30.9,73,0.0,0.0,0.0,0.0,2.12,4.8
2017-09-05,20.8,23.5,18.5,22.8,26.0,81,0.0,0.0,0.0,0.0,2.01,3.6
2017-09-06,20.0,22.5,17.6,22.6,25.8,90,5.9,5.9,0.0,7.0,1.43,3.1
2017-09-07,21.8,26.5,17.9,24.3,28.7,84,0.4,0.4,0.0,4.0,3.11,7.4
2017-09-08,23.0,28.2,19.2,26.1,31.4,82,0.0,0.0,0.0,0.0,2.7,6.2
2017-09-09,22.3,27.1,18.3,25.4,30.1,86,0.0,0.0,0.0,0.0,2.94,6.5
2017-09-10,22.2,26.0,18.8,25.5,29.8,88,0.8,0.8,0.0,3.0,2.14,4.6
2017-09-11,21.5,24.5,19.5,23.6,26.2,84,25.1,25.1,0.0,11.0,3.31,8.0
2017-09-12,21.6,27.2,17.5,22.8,28.6,73,0.1,0.1,0.0,1.0,3.71,9.3
2017-09-13,19.9,26.5,14.2,20.0,27.4,68,0.0,0.0,0.0,0.0,3.12,7.2
2017-09-14,19.9,27.3,12.3,20.4,28.9,71,0.0,0.0,0.0,0.0,3.01,4.6
2017-09-15,21.8,27.1,17.2,21.8,27.1,64,0.0,0.0,0.0,0.0,4.55,10.6
2017-09-16,20.9,26.8,15.3,20.6,26.3,64,0.0,0.0,0.0,0.0,4.72,9.9
2017-09-17,21.8,27.7,17.8,22.3,29.0,66,0.0,0.0,0.0,0.0,3.68,8.0
2017-09-18,20.8,25.9,16.2,22.1,27.4,79,0.0,0.0,0.0,0.0,4.11,9.1
2017-09-19,21.8,25.9,18.1,23.1,27.4,84,7.0,7.0,0.0,4.0,6.26,15.6
2017-09-20,19.5,23.8,14.5,18.8,22.8,64,0.0,0.0,0.0,0.0,4.95,9.5
2017-09-21,18.2,24.9,11.2,18.9,26.6,76,0.0,0.0,0.0,0.0,1.82,4.4
2017-09-22,19.2,25.5,13.1,19.9,25.9,78,0.0,0.0,0.0,0.0,3.26,7.2
2017-09-23,20.2,25.6,16.0,21.9,27.4,86,0.0,0.0,0.0,0.0,2.8,6.6
2017-09-24,21.4,26.6,17.3,23.8,29.2,88,0.6,0.6,0.0,3.0,2.86,7.5
2017-09-25,21.8,28.0,17.9,24.2,31.6,80,0.0,0.0,0.0,0.0,2.15,3.6
2017-09-26,23.0,29.0,17.3,24.7,31.2,73,0.2,0.2,0.0,1.0,3.14,7.0
2017-09-27,21.7,25.7,19.6,23.6,27.5,80,8.2,8.2,0.0,9.0,3.0,6.5
2017-09-28,19.5,23.7,14.0,18.7,21.6,63,0.0,0.0,0.0,0.0,6.12,12.6
2017-09-29,16.1,21.4,11.0,14.3,19.4,57,0.0,0.0,0.0,0.0,4.22,10.1
2017-09-30,18.7,24.7,13.5,18.6,25.2,74,0.2,0.2,0.0,1.0,3.82,9.5
2017-10-01,17.2,19.8,14.8,17.5,20.6,83,5.8,5.8,0.0,6.0,3.59,9.2
2017-10-02,20.2,27.6,14.7,20.8,28.4,77,5.6,5.6,0.0,7.0,3.64,9.2
2017-10-03,18.0,23.6,13.3,17.2,23.1,68,0.1,0.1,0.0,1.0,4.02,8.3
2017-10-04,16.7,22.8,11.5,15.0,21.6,57,0.0,0.0,0.0,0.0,3.55,7.5
2017-10-05,17.3,21.7,12.8,16.6,21.7,70,0.0,0.0,0.0,0.0,3.83,8.8
2017-10-06,18.0,21.3,13.9,18.0,21.2,75,0.0,0.0,0.0,0.0,2.91,6.2
2017-10-07,20.3,25.8,15.7,21.8,27.1,79,0.0,0.0,0.0,0.0,2.18,5.0
2017-10-08,21.3,26.2,17.9,23.3,27.8,82,1.2,1.2,0.0,6.0,2.8,6.3
2017-10-09,20.6,24.9,17.0,22.7,26.5,85,0.0,0.0,0.0,0.0,2.4,7.0
2017-10-10,20.7,24.9,16.7,22.8,26.2,86,5.6,5.6,0.0,7.0,3.61,10.6
2017-10-11,16.7,20.9,12.4,16.4,22.6,86,9.0,9.0,0.0,10.0,4.3,12.2
2017-10-12,12.0,14.7,8.1,10.3,13.7,74,0.0,0.0,0.0,0.0,3.5,6.4
2017-10-13,11.7,18.1,5.4,9.5,15.8,69,0.0,0.0,0.0,0.0,3.61,8.1
2017-10-14,13.2,19.4,7.4,10.7,16.4,59,0.0,0.0,0.0,0.0,3.88,8.9
2017-10-15,14.3,21.7,7.4,12.4,20.0,63,0.0,0.0,0.0,0.0,3.3,7.1
2017-10-16,15.4,20.9,11.0,14.3,19.1,67,0.0,0.0,0.0,0.0,2.83,6.2
2017-10-17,14.0,21.9,7.4,12.7,21.8,69,0.0,0.0,0.0,0.0,3.0,3.9
2017-10-18,16.1,18.9,13.7,15.0,18.3,69,1.3,1.3,0.0,3.0,3.51,7.8
2017-10-19,15.6,21.5,10.3,14.7,20.3,71,0.0,0.0,0.0,0.0,2.55,5.4
2017-10-20,15.1,22.8,8.9,14.4,22.3,75,0.0,0.0,0.0,0.0,2.89,4.4
2017-10-21,15.1,23.9,8.5,13.8,22.7,70,0.0,0.0,0.0,0.0,3.0,5.8
2017-10-22,15.0,22.1,8.2,12.3,18.8,63,0.0,0.0,0.0,0.0,6.47,14.0
2017-10-23,12.9,19.0,8.1,10.7,16.9,61,0.0,0.0,0.0,0.0,3.68,7.5
2017-10-24,12.2,19.9,7.5,10.5,18.3,73,0.0,0.0,0.0,0.0,2.97,4.7
2017-10-25,12.6,18.9,8.2,11.1,16.6,75,0.0,0.0,0.0,0.0,2.67,7.0
2017-10-26,13.2,17.6,9.6,12.4,16.7,78,0.0,0.0,0.0,0.0,2.37,3.6
2017-10-27,15.7,22.8,11.1,14.8,21.4,67,0.0,0.0,0.0,0.0,2.21,4.1
2017-10-28,14.7,22.4,8.7,13.4,21.4,71,0.0,0.0,0.0,0.0,3.13,5.6
2017-10-29,11.4,16.3,6.3,7.6,11.9,58,0.0,0.0,0.0,0.0,7.18,15.1
2017-10-30,7.0,13.3,2.1,2.6,8.1,38,0.0,0.0,0.0,0.0,4.28,10.5
2017-10-31,9.0,16.4,0.5,6.3,13.4,66,0.0,0.0,0.0,0.0,3.7,8.5
2017-11-01,14.4,18.9,10.4,12.9,16.9,75,0.0,0.0,0.0,0.0,4.66,11.1
2017-11-02,15.2,18.4,13.0,14.8,17.3,83,0.1,0.1,0.0,1.0,3.67,8.4
2017-11-03,12.8,16.3,6.9,10.5,14.8,72,3.3,3.3,0.0,4.0,5.6,11.9
2017-11-04,8.1,13.3,3.4,4.6,9.5,57,0.0,0.0,0.0,0.0,3.64,8.6
2017-11-05,7.9,15.0,1.0,5.1,12.1,67,0.0,0.0,0.0,0.0,2.62,6.8
2017-11-06,10.4,15.9,5.6,8.5,13.9,74,0.0,0.0,0.0,0.0,2.4,6.4
2017-11-07,13.3,19.2,7.6,11.8,17.9,71,0.0,0.0,0.0,0.0,2.69,6.0
2017-11-08,14.0,17.6,6.6,11.5,15.2,63,0.1,0.1,0.0,1.0,5.15,12.1
2017-11-09,8.3,15.9,2.7,5.3,13.1,55,0.0,0.0,0.0,0.0,2.73,5.4
2017-11-10,9.8,16.0,5.8,6.2,13.1,65,2.4,2.4,0.0,5.0,7.84,16.2
2017-11-11,6.0,11.0,0.1,1.5,6.7,50,0.0,0.0,0.0,0.0,5.17,11.2
2017-11-12,4.8,11.6,-0.1,1.9,8.4,72,0.0,0.0,0.0,0.0,2.69,6.4
2017-11-13,7.7,13.2,0.9,4.8,10.3,77,3.7,3.7,0.0,5.0,4.2,10.1
2017-11-14,8.5,11.6,3.2,4.5,9.0,54,0.0,0.0,0.0,0.0,5.91,11.6
2017-11-15,3.8,7.3,-0.8,-0.7,2.3,54,0.0,0.0,0.0,0.0,7.42,15.1
2017-11-16,1.1,7.0,-3.8,-3.1,2.3,48,0.0,0.0,0.0,0.0,2.44,7.3
2017-11-17,1.5,5.0,-3.5,-2.4,1.0,61,0.1,0.1,0.0,1.0,4.25,9.8
2017-11-18,-1.0,2.0,-4.2,-6.9,-2.8,45,0.0,0.0,0.0,0.0,5.88,13.0
2017-11-19,-1.3,3.7,-6.2,-6.1,-1.7,41,0.0,0.0,0.0,0.0,3.89,9.1
2017-11-20,-0.6,4.2,-4.5,-4.5,0.2,62,0.0,0.0,0.14,0.0,2.38,5.8
2017-11-21,0.5,7.1,-4.4,-2.8,3.8,69,0.0,0.0,0.0,0.0,2.12,5.6
2017-11-22,4.2,10.3,0.1,0.0,5.8,60,0.6,0.6,0.0,3.0,5.88,13.6
2017-11-23,1.2,5.0,-1.7,-2.8,-0.1,56,0.4,0.2,0.21,2.0,4.03,11.4
2017-11-24,-0.6,3.5,-4.5,-4.5,-2.1,72,1.1,0.0,0.84,2.0,5.39,11.5
2017-11-25,2.4,8.3,-4.5,-1.6,5.4,78,8.8,8.8,0.0,9.0,5.6,14.8
2017-11-26,3.4,8.7,-2.5,0.1,4.8,78,0.0,0.0,0.0,0.0,3.08,7.3
2017-11-27,0.3,7.7,-4.5,-3.3,4.5,72,0.0,0.0,0.0,0.0,2.91,4.0
2017-11-28,4.0,10.7,-2.0,1.0,7.8,79,0.1,0.1,0.0,1.0,2.5,6.7
2017-11-29,4.1,8.4,-1.1,-0.5,6.7,51,0.0,0.0,0.0,0.0,4.98,10.3
2017-11-30,-1.4,2.7,-4.4,-7.3,-4.0,31,0.0,0.0,0.0,0.0,5.53,12.6
2017-12-01,-2.3,2.7,-6.9,-6.7,-1.4,49,0.0,0.0,0.0,0.0,3.34,7.5
2017-12-02,0.4,6.9,-6.5,-3.5,3.4,70,0.0,0.0,0.0,0.0,3.04,7.2
2017-12-03,4.8,9.3,1.4,1.8,6.8,80,2.2,2.2,0.0,6.0,3.26,6.5
2017-12-04,-0.2,2.8,-5.3,-5.3,-0.1,57,0.0,0.0,0.0,0.0,6.4,13.2
2017-12-05,-4.0,0.1,-7.1,-9.4,-5.9,41,0.0,0.0,0.07,0.0,4.97,11.1
2017-12-06,-0.3,5.0,-5.2,-4.4,0.3,72,2.0,1.8,0.28,4.0,3.92,8.2
2017-12-07,0.7,4.9,-2.7,-3.1,0.1,71,0.0,0.0,0.0,0.0,3.8,8.4
2017-12-08,-3.1,-0.0,-5.6,-8.0,-5.6,49,0.0,0.0,0.0,0.0,4.39,9.8
2017-12-09,-0.5,4.6,-4.9,-4.3,1.0,56,0.0,0.0,0.0,0.0,2.62,5.0
2017-12-10,2.0,6.8,-1.2,-2.4,2.5,73,5.3,4.1,0.91,10.0,5.73,13.0
2017-12-11,-5.3,-1.5,-9.7,-11.7,-8.1,43,0.0,0.0,0.0,0.0,8.08,14.9
2017-12-12,-8.5,-4.3,-11.7,-14.2,-10.6,44,0.0,0.0,0.0,0.0,4.74,11.1
2017-12-13,-8.1,-2.9,-11.6,-13.3,-8.8,42,0.0,0.0,0.0,0.0,4.1,10.1
2017-12-14,-7.4,-1.9,-11.8,-11.7,-5.8,50,0.0,0.0,0.0,0.0,1.63,4.5
2017-12-15,-3.9,1.0,-10.6,-7.9,-2.8,62,0.0,0.0,0.0,0.0,4.53,8.1
2017-12-16,-3.9,-1.6,-6.6,-9.5,-6.5,46,0.0,0.0,0.0,0.0,5.4,12.2
2017-12-17,-5.9,-1.3,-9.7,-11.2,-7.0,42,0.0,0.0,0.0,0.0,4.97,9.7
2017-12-18,-0.5,4.3,-5.3,-4.8,-0.8,68,0.5,0.0,0.49,3.0,4.44,13.7
2017-12-19,-3.3,-0.6,-8.1,-8.3,-5.7,54,0.0,0.0,0.0,0.0,4.6,10.7
2017-12-20,-3.7,2.0,-9.0,-7.9,-2.7,67,2.8,0.2,1.82,6.0,3.32,9.0
2017-12-21,-1.6,3.6,-5.8,-5.5,-0.7,77,0.0,0.0,0.0,0.0,3.4,8.3
2017-12-22,2.1,7.5,-3.1,-1.6,4.1,75,0.0,0.0,0.0,0.0,3.62,8.7
2017-12-23,4.7,9.5,2.1,2.0,6.7,83,0.0,0.0,0.0,0.0,2.73,5.8
2017-12-24,2.8,4.1,0.2,-0.5,1.9,89,13.2,13.0,0.14,11.0,6.26,12.1
2017-12-25,-1.4,1.4,-3.1,-6.8,-4.3,49,0.0,0.0,0.0,0.0,5.02,11.7
2017-12-26,-2.9,-0.3,-6.4,-8.4,-5.9,48,0.0,0.0,0.0,0.0,6.23,13.1
2017-12-27,-5.9,-1.8,-9.0,-11.5,-7.7,32,0.0,0.0,0.0,0.0,4.6,10.1
2017-12-28,-2.4,2.1,-6.8,-6.5,-2.2,50,0.0,0.0,0.0,0.0,2.55,6.6
2017-12-29,2.0,6.2,-0.3,-1.4,2.1,72,0.1,0.0,0.21,1.0,4.44,9.6
2017-12-30,0.9,4.8,-3.3,-2.1,1.9,85,2.1,0.7,0.98,6.0,2.47,6.1
2017-12-31,0.4,4.0,-3.7,-4.2,-1.6,65,1.5,0.0,1.05,3.0,5.24,11.8
2018-01-01,-1.8,3.9,-6.7,-6.2,-1.0,56,0.0,0.0,0.0,0.0,3.2,8.5
2018-01-02,-2.1,2.7,-5.9,-6.9,-2.9,55,0.0,0.0,0.0,0.0,4.39,10.2
2018-01-03,-4.0,0.5,-6.5,-9.1,-5.1,45,0.0,0.0,0.0,0.0,3.98,9.3
2018-01-04,-4.9,-1.6,-7.8,-9.0,-5.6,51,0.0,0.0,0.0,0.0,2.4,5.9
2018-01-05,-3.2,1.4,-5.4,-7.6,-3.9,57,0.0,0.0,0.0,0.0,4.02,9.0
2018-01-06,-3.4,2.7,-7.2,-8.0,-1.9,57,0.0,0.0,0.0,0.0,3.1,7.8
2018-01-07,-2.8,1.8,-7.6,-6.6,-1.9,60,0.0,0.0,0.0,0.0,2.38,4.0
2018-01-08,1.1,4.1,-0.9,-2.9,-0.1,64,1.5,0.2,0.98,4.0,6.53,15.0
2018-01-09,-3.0,-0.7,-4.9,-8.5,-6.1,64,0.3,0.0,0.28,2.0,6.65,14.2
2018-01-10,-6.1,-4.0,-9.0,-11.5,-8.0,54,0.1,0.0,0.07,1.0,7.39,14.1
2018-01-11,-10.2,-7.4,-12.7,-15.8,-13.8,53,0.0,0.0,0.0,0.0,5.1,11.3
2018-01-12,-10.7,-6.1,-15.2,-15.6,-11.0,48,0.0,0.0,0.0,0.0,3.55,8.9
2018-01-13,-4.1,1.2,-7.1,-7.9,-2.2,71,0.0,0.0,0.07,0.0,2.28,5.1
2018-01-14,-0.7,5.1,-6.7,-4.8,0.6,74,0.0,0.0,0.0,0.0,3.9,10.4
2018-01-15,4.1,8.2,-0.2,0.7,4.6,74,0.0,0.0,0.0,0.0,3.65,8.0
2018-01-16,1.8,5.7,-2.3,-1.1,2.9,79,0.5,0.5,0.0,3.0,1.84,3.9
2018-01-17,3.0,7.8,0.3,0.1,4.6,84,0.1,0.1,0.0,1.0,3.34,8.5
2018-01-18,2.2,5.5,-0.8,-1.6,0.9,71,0.0,0.0,0.0,0.0,3.41,9.0
2018-01-19,0.2,5.5,-3.6,-4.0,0.7,56,0.0,0.0,0.0,0.0,3.2,8.0
2018-01-20,0.7,7.1,-3.5,-3.1,2.8,78,0.0,0.0,0.0,0.0,4.4,8.8
2018-01-21,-0.7,5.3,-5.6,-4.7,0.8,57,0.0,0.0,0.0,0.0,2.32,5.8
2018-01-22,0.5,4.9,-4.2,-3.4,1.0,66,3.0,0.5,1.75,5.0,4.79,10.7
2018-01-23,-9.6,-4.2,-13.2,-16.2,-10.1,43,0.0,0.0,0.0,0.0,6.05,13.4
2018-01-24,-12.9,-9.6,-15.3,-19.3,-16.8,32,0.0,0.0,0.0,0.0,6.92,15.0
2018-01-25,-13.0,-8.5,-16.1,-19.2,-15.2,34,0.0,0.0,0.0,0.0,5.6,13.1
2018-01-26,-14.0,-9.9,-17.1,-20.0,-16.0,35,0.0,0.0,0.0,0.0,4.81,11.6
2018-01-27,-10.3,-3.8,-16.4,-14.9,-8.8,43,0.0,0.0,0.0,0.0,2.41,6.8
2018-01-28,-4.8,-0.4,-7.9,-10.1,-7.0,39,0.0,0.0,0.0,0.0,5.92,12.8
2018-01-29,-7.5,-3.4,-10.5,-13.3,-10.1,41,0.0,0.0,0.0,0.0,6.1,13.6
2018-01-30,-5.4,0.9,-13.1,-10.0,-4.4,62,0.0,0.0,0.21,0.0,4.5,14.1
2018-01-31,-1.5,1.1,-4.4,-5.9,-3.7,59,0.0,0.0,0.0,0.0,3.23,7.5
2018-02-01,-4.4,2.0,-9.3,-9.0,-2.9,52,0.0,0.0,0.0,0.0,3.1,7.8
2018-02-02,-3.6,3.8,-8.7,-8.1,-1.1,54,0.0,0.0,0.0,0.0,2.92,7.8
2018-02-03,-5.8,-3.1,-8.7,-11.8,-7.6,52,0.0,0.0,0.14,0.0,6.71,14.6
2018-02-04,-8.7,-4.7,-12.0,-14.6,-11.2,45,0.0,0.0,0.0,0.0,5.68,12.8
2018-02-05,-8.7,-4.6,-12.3,-14.6,-11.8,39,0.0,0.0,0.0,0.0,6.59,14.2
2018-02-06,-9.4,-4.9,-12.9,-15.2,-11.7,41,0.0,0.0,0.0,0.0,5.64,12.4
2018-02-07,-8.5,-2.2,-13.9,-13.2,-7.3,52,0.0,0.0,0.0,0.0,3.26,8.7
2018-02-08,-6.0,2.1,-13.3,-10.2,-2.0,56,0.0,0.0,0.0,0.0,2.5,6.2
2018-02-09,-1.0,6.3,-8.9,-5.2,1.7,54,0.0,0.0,0.0,0.0,3.44,9.6
2018-02-10,0.2,4.6,-5.8,-4.9,-0.4,54,0.0,0.0,0.0,0.0,6.45,13.7
2018-02-11,-5.3,-2.3,-8.6,-10.7,-8.6,48,0.3,0.0,0.28,2.0,5.69,14.1
2018-02-12,-6.0,-1.8,-10.0,-11.3,-8.8,52,0.0,0.0,0.0,0.0,7.38,15.0
2018-02-13,-2.0,4.3,-10.2,-6.6,-1.4,66,0.0,0.0,0.0,0.0,6.76,14.6
2018-02-14,3.7,8.8,-0.7,-1.0,4.1,62,0.0,0.0,0.0,0.0,8.37,16.8
2018-02-15,-0.1,4.7,-3.8,-5.1,-0.2,35,0.0,0.0,0.0,0.0,3.77,9.7
2018-02-16,-1.7,4.4,-7.1,-6.2,-0.8,52,0.0,0.0,0.0,0.0,4.8,10.9
2018-02-17,-2.0,2.5,-5.8,-7.7,-3.4,31,0.0,0.0,0.0,0.0,5.69,12.5
2018-02-18,-0.8,5.2,-4.1,-5.2,0.6,39,0.0,0.0,0.0,0.0,2.73,7.0
2018-02-19,1.3,6.9,-2.6,-2.4,3.1,62,0.0,0.0,0.0,0.0,2.7,6.8
2018-02-20,1.0,6.9,-5.2,-3.3,1.4,53,0.0,0.0,0.0,0.0,4.16,9.5
2018-02-21,-1.0,4.5,-5.0,-5.9,-1.2,36,0.0,0.0,0.0,0.0,3.94,9.9
2018-02-22,0.8,6.6,-5.1,-3.7,1.2,64,0.1,0.0,0.07,1.0,6.31,15.0
2018-02-23,4.2,9.4,-1.1,0.5,5.8,81,3.2,0.0,2.24,4.0,5.1,14.8
2018-02-24,2.9,7.5,-2.1,-0.9,3.6,59,0.0,0.0,0.0,0.0,3.05,7.0
2018-02-25,1.5,7.8,-2.1,-2.4,3.8,47,0.0,0.0,0.0,0.0,3.11,7.3
2018-02-26,1.8,9.8,-4.2,-1.9,6.7,51,0.0,0.0,0.0,0.0,2.4,6.1
2018-02-27,3.1,7.9,-2.2,-0.3,4.7,62,0.0,0.0,0.0,0.0,2.37,8.0
2018-02-28,4.6,8.2,2.8,0.8,4.2,78,24.1,23.0,0.77,13.0,5.72,11.9
2018-03-01,1.3,3.9,-3.1,-4.1,0.1,66,1.8,1.8,0.0,5.0,8.14,17.9
2018-03-02,-1.1,3.9,-6.7,-5.2,0.4,49,0.0,0.0,0.0,0.0,3.47,9.3
2018-03-03,6.5,15.7,-1.9,2.9,12.6,49,0.0,0.0,0.0,0.0,3.33,8.2
2018-03-04,9.6,12.5,7.3,7.5,10.3,85,14.1,14.1,0.0,5.0,7.39,15.7
2018-03-05,5.9,9.7,1.3,1.5,5.5,73,14.9,14.9,0.0,10.0,7.7,16.3
2018-03-06,3.5,10.1,-2.7,0.3,7.5,68,0.0,0.0,0.0,0.0,2.73,6.7
2018-03-07,5.9,10.8,0.9,2.1,6.7,64,1.3,1.3,0.0,4.0,4.62,10.3
2018-03-08,4.7,9.1,2.2,1.5,5.6,84,7.3,4.4,2.03,11.0,4.34,10.4
2018-03-09,4.7,9.1,1.5,1.9,6.0,78,0.0,0.0,0.0,0.0,2.57,6.2
2018-03-10,3.1,8.1,-1.3,-0.3,4.3,79,0.0,0.0,0.0,0.0,4.49,10.8
2018-03-11,5.6,11.3,0.7,2.8,8.5,70,0.0,0.0,0.0,0.0,3.52,8.3
2018-03-12,6.0,14.8,-1.6,3.0,12.3,67,0.0,0.0,0.0,0.0,3.54,9.1
2018-03-13,11.0,18.5,3.4,8.3,16.1,69,0.0,0.0,0.0,0.0,5.3,12.6
2018-03-14,14.8,21.3,9.1,13.1,19.8,70,0.0,0.0,0.0,0.0,4.31,10.9
2018-03-15,12.4,14.9,9.9,11.4,13.9,93,14.6,14.6,0.0,14.0,4.11,8.8
2018-03-16,7.2,10.9,3.5,3.2,8.0,56,0.0,0.0,0.0,0.0,5.41,13.1
2018-03-17,5.8,12.5,-1.2,2.6,10.2,60,0.0,0.0,0.0,0.0,2.82,7.4
2018-03-18,7.2,11.0,2.7,4.9,8.7,73,2.5,2.5,0.0,4.0,2.1,4.6
2018-03-19,8.4,10.6,6.5,5.0,6.5,78,6.6,6.6,0.0,16.0,6.62,12.9
2018-03-20,6.1,9.7,2.6,0.5,3.9,46,0.0,0.0,0.0,0.0,7.21,15.0
2018-03-21,3.1,4.7,1.9,-1.5,-0.1,62,1.8,0.1,1.4,10.0,4.95,10.3
2018-03-22,4.8,11.4,-0.3,1.4,8.4,67,0.0,0.0,0.0,0.0,4.85,11.1
2018-03-23,4.9,11.9,-2.3,1.9,9.6,70,0.0,0.0,0.0,0.0,3.45,8.9
2018-03-24,7.0,13.2,1.3,4.3,10.4,74,0.0,0.0,0.0,0.0,4.92,11.1
2018-03-25,8.4,15.6,4.1,6.5,14.1,77,0.0,0.0,0.0,0.0,3.58,9.4
2018-03-26,9.2,16.7,4.4,7.4,15.2,78,0.0,0.0,0.0,0.0,3.13,7.8
2018-03-27,11.7,19.2,4.3,9.8,17.9,72,0.0,0.0,0.0,0.0,4.24,9.8
2018-03-28,13.5,18.9,8.3,11.7,17.0,72,0.0,0.0,0.0,0.0,5.1,11.5
2018-03-29,14.3,20.5,11.2,13.7,19.5,77,0.0,0.0,0.0,0.0,3.01,6.6
2018-03-30,13.8,20.7,8.3,11.7,19.0,65,0.0,0.0,0.0,0.0,4.41,9.2
2018-03-31,13.6,19.4,8.4,12.0,18.4,67,0.0,0.0,0.0,0.0,4.43,10.5
2018-04-01,14.6,18.8,9.5,13.6,17.9,72,0.3,0.3,0.0,2.0,3.47,7.8
2018-04-02,17.8,23.6,12.6,17.2,22.9,72,0.0,0.0,0.0,0.0,4.6,11.5
2018-04-03,17.3,21.3,14.6,17.1,20.8,77,0.0,0.0,0.0,0.0,4.52,10.4
2018-04-04,12.9,14.7,11.0,10.8,14.6,74,13.8,13.8,0.0,7.0,4.98,12.0
2018-04-05,8.7,11.1,7.7,5.8,7.6,85,9.2,9.2,0.0,20.0,4.74,9.8
2018-04-06,6.9,9.1,3.8,3.1,6.1,78,7.1,7.1,0.0,9.0,8.7,18.2
2018-04-07,5.3,8.9,3.2,-0.3,2.8,50,0.0,0.0,0.0,0.0,8.3,18.2
2018-04-08,4.9,8.4,0.2,1.2,5.2,65,2.8,2.8,0.0,6.0,4.3,9.6
2018-04-09,7.3,14.4,1.0,4.7,12.5,68,0.0,0.0,0.0,0.0,3.03,7.4
2018-04-10,15.0,22.1,6.7,11.5,19.1,57,4.5,4.5,0.0,3.0,8.38,18.6
2018-04-11,13.1,17.1,8.7,10.4,14.2,61,0.2,0.2,0.0,1.0,7.11,15.6
2018-04-12,12.9,19.9,5.2,9.7,16.6,47,0.0,0.0,0.0,0.0,5.63,12.4
2018-04-13,13.8,19.3,5.0,10.1,15.9,38,0.0,0.0,0.0,0.0,4.51,9.4
2018-04-14,10.0,14.0,7.7,7.2,9.3,75,11.1,11.1,0.0,9.0,4.29,9.6
2018-04-15,10.0,13.8,4.9,7.2,10.2,72,0.0,0.0,0.0,0.0,5.4,12.7
2018-04-16,10.9,18.2,4.2,8.8,18.0,60,0.0,0.0,0.0,0.0,2.69,5.9
2018-04-17,11.8,19.3,4.5,9.5,18.1,58,0.0,0.0,0.0,0.0,3.62,7.9
2018-04-18,11.8,18.4,5.0,9.5,16.5,54,0.0,0.0,0.0,0.0,3.28,8.3
2018-04-19,12.8,20.4,4.3,10.3,18.2,54,0.0,0.0,0.0,0.0,4.03,10.2
2018-04-20,16.3,25.2,7.1,15.5,26.7,62,0.0,0.0,0.0,0.0,2.4,5.9
2018-04-21,17.1,24.8,8.7,15.8,23.2,57,0.0,0.0,0.0,0.0,3.38,8.5
2018-04-22,14.7,19.0,11.8,12.6,16.6,72,6.3,6.3,0.0,14.0,7.02,13.9
2018-04-23,11.1,12.5,10.4,7.8,9.1,88,31.0,31.0,0.0,20.0,7.01,14.5
2018-04-24,12.3,15.3,9.2,9.5,12.4,71,2.3,2.3,0.0,8.0,4.89,10.9
2018-04-25,13.7,22.8,4.6,11.6,22.5,53,0.0,0.0,0.0,0.0,2.73,5.8
2018-04-26,13.7,21.6,6.0,12.2,20.7,68,0.0,0.0,0.0,0.0,3.83,8.4
2018-04-27,14.4,22.4,7.6,13.6,23.7,71,0.0,0.0,0.0,0.0,2.92,6.7
2018-04-28,14.3,21.1,7.8,12.8,20.0,65,0.0,0.0,0.0,0.0,4.3,9.8
2018-04-29,14.9,22.7,6.5,13.3,21.9,61,0.0,0.0,0.0,0.0,3.93,9.5
2018-04-30,17.3,23.4,11.2,17.1,23.9,71,0.0,0.0,0.0,0.0,2.83,7.2
2018-05-01,19.8,24.7,14.8,20.8,26.3,76,0.2,0.2,0.0,1.0,2.7,7.0
2018-05-02,16.7,20.4,9.8,16.5,21.3,86,5.4,5.4,0.0,6.0,7.1,14.7
2018-05-03,12.4,15.3,8.4,9.2,11.9,65,0.9,0.9,0.0,5.0,7.23,17.5
2018-05-04,14.7,19.5,9.9,11.3,15.8,52,0.0,0.0,0.0,0.0,7.63,16.3
2018-05-05,17.7,23.7,11.3,15.8,22.1,56,0.2,0.2,0.0,1.0,4.9,11.6
2018-05-06,16.8,19.5,15.5,16.9,20.1,86,12.4,12.4,0.0,13.0,3.98,8.0
2018-05-07,18.1,24.5,14.0,18.5,26.2,77,0.0,0.0,0.0,0.0,2.72,4.7
2018-05-08,17.5,21.6,13.3,15.6,20.6,64,0.0,0.0,0.0,0.0,4.96,10.9
2018-05-09,15.2,20.6,9.6,13.9,22.1,62,0.0,0.0,0.0,0.0,4.22,6.8
2018-05-10,15.2,20.6,9.6,14.4,20.6,74,0.0,0.0,0.0,0.0,4.3,9.9
2018-05-11,15.8,21.3,11.9,15.4,21.4,72,0.0,0.0,0.0,0.0,3.11,8.9
2018-05-12,14.5,16.0,12.4,14.2,16.3,89,18.9,18.9,0.0,19.0,3.86,10.4
2018-05-13,15.9,19.9,12.9,15.8,19.4,86,0.9,0.9,0.0,2.0,4.24,9.6
2018-05-14,17.3,24.2,11.3,18.0,26.4,81,0.0,0.0,0.0,0.0,2.66,7.7
2018-05-15,22.5,29.5,14.2,23.7,30.9,68,0.0,0.0,0.0,0.0,2.6,6.2
2018-05-16,23.0,24.5,22.1,25.7,26.5,90,63.3,63.3,0.0,24.0,5.12,13.3
2018-05-17,22.5,25.4,20.2,26.0,28.3,94,72.0,72.0,0.0,24.0,3.7,10.6
2018-05-18,16.9,20.4,12.6,17.2,23.4,90,16.1,16.1,0.0,12.0,4.97,9.4
2018-05-19,17.2,23.7,10.8,15.7,23.5,63,0.0,0.0,0.0,0.0,4.44,9.0
2018-05-20,17.5,22.6,11.4,14.8,19.5,50,0.0,0.0,0.0,0.0,4.75,10.1
2018-05-21,17.4,23.5,9.7,16.3,22.6,60,0.0,0.0,0.0,0.0,4.49,8.5
2018-05-22,17.9,22.6,14.3,18.5,23.3,81,6.7,6.7,0.0,9.0,2.62,6.2
2018-05-23,17.6,23.0,11.6,17.1,22.3,71,6.5,6.5,0.0,5.0,4.51,10.4
2018-05-24,17.4,23.7,10.5,16.3,23.1,65,0.0,0.0,0.0,0.0,5.38,11.8
2018-05-25,18.7,24.0,12.2,18.1,24.5,60,0.0,0.0,0.0,0.0,3.31,8.9
2018-05-26,19.7,28.0,11.3,20.3,30.6,69,0.0,0.0,0.0,0.0,3.47,7.2
2018-05-27,19.0,23.2,14.9,19.0,23.9,66,0.0,0.0,0.0,0.0,3.04,7.8
2018-05-28,20.8,27.9,13.9,22.1,31.5,72,0.0,0.0,0.0,0.0,3.64,7.5
2018-05-29,21.0,25.0,18.4,22.6,27.0,79,1.1,1.1,0.0,5.0,3.83,9.8
2018-05-30,19.7,23.9,14.8,21.0,25.6,82,2.5,2.5,0.0,7.0,4.22,9.7
2018-05-31,19.7,26.5,13.4,20.8,29.0,75,0.0,0.0,0.0,0.0,3.61,7.3
2018-06-01,22.5,29.0,16.7,24.2,31.6,68,0.0,0.0,0.0,0.0,3.7,8.3
2018-06-02,22.5,29.0,15.3,23.6,30.9,63,0.0,0.0,0.0,0.0,3.83,8.6
2018-06-03,22.4,29.7,14.3,23.6,31.6,64,0.0,0.0,0.0,0.0,3.1,6.9
2018-06-04,21.3,25.4,16.0,22.4,27.2,71,0.0,0.0,0.0,0.0,3.74,8.0
2018-06-05,22.8,28.1,17.3,24.7,30.9,70,0.0,0.0,0.0,0.0,3.14,7.2
2018-06-06,22.2,27.4,17.7,24.5,30.7,77,0.0,0.0,0.0,0.0,3.73,8.5
2018-06-07,21.4,27.1,18.5,23.9,31.3,82,0.0,0.0,0.0,0.0,3.4,7.4
2018-06-08,20.9,25.1,18.1,22.6,27.3,82,0.0,0.0,0.0,0.0,3.71,8.3
2018-06-09,23.1,28.4,17.8,24.3,29.6,70,0.0,0.0,0.0,0.0,4.3,8.6
2018-06-10,21.6,24.6,19.2,21.5,25.2,65,0.0,0.0,0.0,0.0,5.0,10.6
2018-06-11,20.6,23.0,18.3,21.5,24.4,72,7.2,7.2,0.0,8.0,3.4,6.7
2018-06-12,21.3,25.6,18.2,23.0,27.5,78,3.8,3.8,0.0,8.0,3.7,7.9
2018-06-13,21.6,25.0,17.2,23.4,27.0,79,0.4,0.4,0.0,1.0,3.28,7.3
2018-06-14,21.5,24.1,19.4,22.5,25.1,76,4.8,4.8,0.0,12.0,4.22,8.4
2018-06-15,21.9,26.3,18.9,21.9,26.7,63,0.3,0.3,0.0,2.0,4.22,8.7
2018-06-16,21.7,27.1,16.3,22.7,29.4,65,0.0,0.0,0.0,0.0,3.33,7.1
2018-06-17,21.6,25.9,16.7,23.7,28.4,79,0.0,0.0,0.0,0.0,2.88,6.3
2018-06-18,23.2,28.7,18.6,25.9,31.7,76,0.0,0.0,0.0,0.0,3.1,7.2
2018-06-19,21.1,25.2,17.2,22.9,26.8,81,0.0,0.0,0.0,0.0,3.4,7.7
2018-06-20,22.2,27.6,18.8,24.1,29.8,79,0.3,0.3,0.0,2.0,4.37,9.2
2018-06-21,22.7,28.3,18.7,24.4,29.8,74,0.0,0.0,0.0,0.0,4.64,10.4
2018-06-22,23.7,31.2,16.0,25.4,33.9,65,0.0,0.0,0.0,0.0,3.65,8.0
2018-06-23,23.6,28.8,19.8,24.9,30.4,66,0.0,0.0,0.0,0.0,4.31,9.3
2018-06-24,24.0,29.7,20.0,26.6,32.3,75,0.0,0.0,0.0,0.0,4.46,10.0
2018-06-25,24.9,31.0,18.6,27.7,33.4,72,0.0,0.0,0.0,0.0,2.39,6.5
2018-06-26,22.4,24.3,20.1,24.5,26.5,91,56.7,56.7,0.0,19.0,7.84,20.5
2018-06-27,22.6,26.4,20.3,25.0,30.0,86,0.0,0.0,0.0,0.0,5.66,12.9
2018-06-28,24.1,28.2,21.0,27.4,31.8,84,34.0,34.0,0.0,8.0,3.83,9.0
2018-06-29,24.3,28.8,20.9,27.6,32.7,83,1.0,1.0,0.0,4.0,3.52,7.1
2018-06-30,24.4,27.5,21.2,28.3,32.2,86,4.7,4.7,0.0,13.0,2.86,7.1
2018-07-01,22.3,24.0,20.9,24.8,27.4,91,56.2,56.2,0.0,20.0,5.5,21.0
2018-07-02,22.9,24.8,21.5,26.4,29.6,96,40.8,40.8,0.0,22.0,4.63,12.3
2018-07-03,26.9,31.7,22.5,31.7,36.5,82,0.2,0.2,0.0,1.0,3.67,8.4
2018-07-04,26.8,30.6,23.5,31.3,36.7,78,0.0,0.0,0.0,0.0,3.3,7.7
2018-07-05,25.3,30.1,22.1,29.2,33.9,80,4.0,4.0,0.0,6.0,3.75,6.4
2018-07-06,24.2,26.8,21.4,25.0,27.7,70,0.0,0.0,0.0,0.0,5.22,10.6
2018-07-07,23.2,27.7,19.3,23.5,29.3,63,0.0,0.0,0.0,0.0,5.0,9.4
2018-07-08,23.2,28.2,18.3,24.2,30.6,66,0.0,0.0,0.0,0.0,4.01,8.0
2018-07-09,21.4,23.5,20.4,23.0,25.0,86,18.8,18.8,0.0,17.0,4.52,9.0
2018-07-10,24.2,27.9,20.7,27.8,32.9,88,4.4,4.4,0.0,10.0,4.83,10.1
2018-07-11,26.3,29.6,24.1,31.7,34.1,88,10.0,10.0,0.0,13.0,3.91,9.6
2018-07-12,26.6,28.9,24.1,31.8,33.7,87,0.9,0.9,0.0,5.0,4.88,11.4
2018-07-13,27.0,30.1,23.9,31.9,34.9,83,0.0,0.0,0.0,0.0,3.74,9.2
2018-07-14,27.2,31.1,23.8,32.1,36.5,81,0.0,0.0,0.0,0.0,3.58,8.4
2018-07-15,27.6,31.6,23.4,32.7,37.8,80,0.0,0.0,0.0,0.0,2.6,7.5
2018-07-16,27.6,32.2,23.2,32.9,38.3,79,0.0,0.0,0.0,0.0,3.1,7.5
2018-07-17,27.1,30.9,22.9,32.1,36.6,80,0.0,0.0,0.0,0.0,3.1,8.2
2018-07-18,26.8,31.2,22.8,31.9,37.5,80,0.0,0.0,0.0,0.0,2.83,6.8
2018-07-19,27.2,32.0,23.0,32.8,38.7,82,0.0,0.0,0.0,0.0,2.7,6.5
2018-07-20,27.7,32.9,22.9,33.4,39.4,80,0.0,0.0,0.0,0.0,2.53,6.2
2018-07-21,28.8,34.6,23.1,34.4,40.7,75,0.0,0.0,0.0,0.0,2.9,6.5
2018-07-22,29.8,35.6,23.5,35.8,42.6,75,0.0,0.0,0.0,0.0,2.42,5.2
2018-07-23,30.0,33.7,26.5,35.5,40.2,71,0.0,0.0,0.0,0.0,2.73,5.9
2018-07-24,30.1,34.9,25.0,36.2,41.7,75,0.0,0.0,0.0,0.0,3.22,7.1
2018-07-25,29.3,32.2,26.8,35.0,37.8,79,2.5,2.5,0.0,7.0,4.11,9.7
2018-07-26,29.5,33.2,26.5,35.7,39.3,80,0.0,0.0,0.0,0.0,2.43,7.5
2018-07-27,30.0,34.6,25.9,37.0,42.0,81,0.0,0.0,0.0,0.0,3.16,7.2
2018-07-28,30.0,33.7,27.3,37.8,42.4,86,4.1,4.1,0.0,8.0,2.38,7.4
2018-07-29,30.7,35.4,26.3,35.0,39.6,65,0.0,0.0,0.0,0.0,4.6,9.8
2018-07-30,30.9,35.7,25.8,35.7,41.5,64,0.0,0.0,0.0,0.0,3.49,8.3
2018-07-31,31.0,36.3,25.5,36.1,43.3,64,0.0,0.0,0.0,0.0,3.09,6.1
2018-08-01,31.5,37.6,25.8,38.1,45.1,71,0.0,0.0,0.0,0.0,3.08,6.5
2018-08-02,32.3,37.1,28.4,38.4,44.7,66,0.0,0.0,0.0,0.0,2.91,5.9
2018-08-03,31.8,36.0,28.3,37.5,42.8,67,0.0,0.0,0.0,0.0,3.75,8.2
2018-08-04,30.3,34.0,27.3,36.1,39.8,74,0.0,0.0,0.0,0.0,4.2,9.4
2018-08-05,29.5,33.3,26.6,35.4,38.6,82,0.5,0.5,0.0,3.0,4.83,11.3
2018-08-06,30.0,34.0,26.9,36.8,40.5,80,0.8,0.8,0.0,3.0,2.72,7.4
2018-08-07,30.5,34.7,27.2,35.9,41.2,71,0.6,0.6,0.0,4.0,3.09,7.2
2018-08-08,29.7,33.2,26.3,35.7,39.4,79,0.0,0.0,0.0,0.0,3.75,8.8
2018-08-09,28.7,32.2,26.3,35.0,38.1,84,2.0,2.0,0.0,7.0,3.96,10.2
2018-08-10,30.0,34.6,25.9,35.9,40.0,77,0.9,0.9,0.0,5.0,3.1,6.0
2018-08-11,30.3,34.2,26.3,34.8,38.9,66,0.0,0.0,0.0,0.0,3.41,6.9
2018-08-12,30.5,35.2,26.4,34.8,41.2,64,0.0,0.0,0.0,0.0,4.08,7.6
2018-08-13,30.7,35.6,26.7,36.7,42.0,73,0.0,0.0,0.0,0.0,2.68,8.7
2018-08-14,31.1,35.8,27.1,36.5,41.2,67,0.0,0.0,0.0,0.0,2.69,6.2
2018-08-15,31.3,38.7,27.0,36.8,43.9,69,4.2,4.2,0.0,3.0,3.64,9.9
2018-08-16,29.7,33.6,24.8,32.2,36.4,61,0.0,0.0,0.0,0.0,5.99,13.4
2018-08-17,26.9,32.6,21.1,27.0,33.4,50,0.0,0.0,0.0,0.0,5.0,11.1
2018-08-18,26.1,31.0,20.5,26.9,33.6,52,0.0,0.0,0.0,0.0,3.56,8.7
2018-08-19,27.1,32.8,22.3,29.5,36.3,58,0.0,0.0,0.0,0.0,2.46,5.3
2018-08-20,28.5,33.6,23.7,31.3,36.7,64,0.1,0.1,0.0,1.0,6.1,11.2
2018-08-21,25.9,28.6,23.7,28.9,32.4,82,8.8,8.8,0.0,14.0,6.79,16.1
2018-08-22,29.2,36.4,21.9,33.1,41.3,68,0.0,0.0,0.0,0.0,4.78,9.3
2018-08-23,29.2,32.1,25.8,31.9,34.8,67,6.8,6.8,0.0,8.0,5.43,14.3
2018-08-24,25.4,26.9,23.5,28.8,31.6,88,11.0,11.0,0.0,14.0,5.76,11.7
2018-08-25,25.3,28.2,21.9,28.0,30.6,79,0.7,0.7,0.0,4.0,5.13,11.6
2018-08-26,22.6,26.8,19.9,25.4,30.0,84,5.3,5.3,0.0,9.0,3.31,7.2
2018-08-27,22.5,25.7,20.2,26.1,30.5,92,61.1,61.1,0.0,21.0,2.42,5.1
2018-08-28,24.3,26.1,22.5,29.2,31.7,95,11.5,11.5,0.0,15.0,3.34,8.9
2018-08-29,25.0,26.6,23.8,29.0,30.6,91,14.1,14.1,0.0,17.0,4.75,11.9
2018-08-30,25.7,28.8,23.9,30.2,33.1,89,16.2,16.2,0.0,13.0,4.25,10.1
2018-08-31,24.2,28.2,20.5,27.8,31.7,85,8.0,8.0,0.0,11.0,3.76,7.9
2018-09-01,24.9,29.7,19.4,27.1,31.6,73,0.0,0.0,0.0,0.0,4.06,8.0
2018-09-02,24.4,28.6,19.1,26.0,31.4,68,0.0,0.0,0.0,0.0,3.84,7.9
2018-09-03,23.8,26.2,21.9,27.1,30.9,87,31.5,31.5,0.0,17.0,3.64,11.0
2018-09-04,23.5,27.8,20.3,25.7,29.5,79,1.3,1.3,0.0,2.0,5.59,12.0
2018-09-05,23.8,27.8,19.4,24.9,27.8,72,0.0,0.0,0.0,0.0,6.51,13.9
2018-09-06,23.3,27.0,18.2,25.6,29.5,81,0.4,0.4,0.0,1.0,4.44,10.3
2018-09-07,21.9,25.2,17.4,22.4,25.3,73,3.6,3.6,0.0,5.0,5.95,11.6
2018-09-08,20.4,26.7,15.1,20.8,27.3,68,0.0,0.0,0.0,0.0,3.09,8.3
2018-09-09,20.7,27.4,13.9,21.3,29.5,68,0.0,0.0,0.0,0.0,3.71,7.2
2018-09-10,22.2,27.3,17.3,22.7,28.0,65,0.0,0.0,0.0,0.0,4.01,7.3
2018-09-11,21.1,26.3,15.0,21.3,27.1,65,0.0,0.0,0.0,0.0,3.81,7.9
2018-09-12,21.6,27.3,15.7,22.2,28.4,68,0.0,0.0,0.0,0.0,3.37,7.7
2018-09-13,22.5,27.2,19.0,24.3,29.5,75,0.0,0.0,0.0,0.0,2.89,7.1
2018-09-14,23.1,27.5,18.9,25.1,29.7,78,0.0,0.0,0.0,0.0,3.91,7.2
2018-09-15,22.6,24.6,20.7,26.0,28.3,87,1.0,1.0,0.0,4.0,1.75,4.4
2018-09-16,22.0,23.9,20.5,25.3,27.4,92,4.2,4.2,0.0,11.0,3.35,6.5
2018-09-17,21.9,27.0,18.3,23.9,28.5,78,0.0,0.0,0.0,0.0,2.89,6.7
2018-09-18,20.8,26.8,15.0,22.5,28.0,77,0.0,0.0,0.0,0.0,2.66,6.3
2018-09-19,21.3,26.2,16.2,23.4,28.5,77,0.5,0.5,0.0,1.0,1.7,4.0
2018-09-20,19.1,20.5,17.8,19.8,21.4,86,7.7,7.7,0.0,15.0,4.26,9.6
2018-09-21,19.6,21.8,18.3,21.5,24.1,92,18.1,18.1,0.0,14.0,3.52,7.3
2018-09-22,20.8,25.6,16.5,21.6,24.7,75,0.3,0.3,0.0,1.0,5.21,11.1
2018-09-23,18.0,23.6,14.3,18.1,22.7,78,6.2,6.2,0.0,7.0,4.1,9.2
2018-09-24,17.2,22.1,11.9,16.0,20.0,65,0.0,0.0,0.0,0.0,4.16,9.2
2018-09-25,16.6,23.7,10.1,15.7,23.4,68,0.0,0.0,0.0,0.0,2.79,6.2
2018-09-26,18.6,23.7,14.9,17.8,22.9,65,0.0,0.0,0.0,0.0,3.77,8.3
2018-09-27,18.0,24.3,12.1,17.2,24.2,65,0.0,0.0,0.0,0.0,3.22,7.2
2018-09-28,16.8,21.9,12.3,16.2,21.3,73,0.0,0.0,0.0,0.0,3.35,7.8
2018-09-29,19.0,26.4,12.9,19.1,26.8,73,0.0,0.0,0.0,0.0,2.76,5.8
2018-09-30,17.3,22.2,13.0,16.0,21.7,66,0.0,0.0,0.0,0.0,5.78,12.2
2018-10-01,15.4,18.7,12.6,13.2,15.6,65,1.1,1.1,0.0,3.0,6.26,17.0
2018-10-02,15.3,21.0,10.1,14.5,20.2,73,0.0,0.0,0.0,0.0,2.9,7.4
2018-10-03,15.6,23.0,8.3,15.5,22.7,77,0.0,0.0,0.0,0.0,2.4,6.2
2018-10-04,18.3,25.9,10.5,17.8,24.8,68,0.0,0.0,0.0,0.0,3.34,7.8
2018-10-05,17.2,18.9,16.4,16.9,18.8,87,22.9,22.9,0.0,16.0,6.16,11.3
2018-10-06,18.2,21.4,14.9,17.3,21.9,86,74.3,74.3,0.0,14.0,8.16,17.0
2018-10-07,16.4,21.5,10.5,15.3,19.7,70,0.0,0.0,0.0,0.0,3.64,8.4
2018-10-08,14.5,20.5,9.7,12.7,18.1,62,0.0,0.0,0.0,0.0,2.87,7.0
2018-10-09,14.1,19.2,8.5,13.0,18.7,76,0.1,0.1,0.0,1.0,3.69,6.5
2018-10-10,13.4,16.0,7.7,10.7,14.6,66,2.3,2.3,0.0,5.0,5.66,12.4
2018-10-11,9.6,14.5,5.2,6.1,9.6,63,0.0,0.0,0.0,0.0,6.36,13.1
2018-10-12,10.2,16.6,3.5,8.1,15.0,67,0.0,0.0,0.0,0.0,2.83,6.3
2018-10-13,10.8,18.8,3.6,9.3,18.1,75,0.0,0.0,0.0,0.0,2.04,4.0
2018-10-14,11.8,19.2,5.0,10.2,18.0,75,0.0,0.0,0.0,0.0,2.71,5.6
2018-10-15,14.0,21.0,7.8,13.4,20.3,82,0.0,0.0,0.0,0.0,2.91,6.5
2018-10-16,12.9,19.6,8.4,11.6,17.8,77,0.0,0.0,0.0,0.0,3.08,6.3
2018-10-17,12.3,18.4,8.4,10.7,15.8,70,0.0,0.0,0.0,0.0,2.72,7.0
2018-10-18,10.7,17.0,3.5,9.0,15.6,82,4.3,4.3,0.0,6.0,3.32,10.0
2018-10-19,11.9,19.3,6.5,10.1,17.4,74,0.0,0.0,0.0,0.0,3.01,7.0
2018-10-20,11.9,19.9,6.2,10.5,18.5,76,0.0,0.0,0.0,0.0,2.57,5.0
2018-10-21,10.9,19.3,4.6,9.5,18.1,78,0.0,0.0,0.0,0.0,2.46,5.1
2018-10-22,11.7,18.8,6.4,10.2,17.1,76,0.0,0.0,0.0,0.0,1.8,4.9
2018-10-23,11.6,17.2,7.0,10.1,15.6,85,2.3,2.3,0.0,5.0,3.45,12.2
2018-10-24,11.9,18.5,4.9,10.4,16.6,77,0.0,0.0,0.0,0.0,3.18,6.7
2018-10-25,11.9,20.7,4.7,10.7,19.4,77,0.0,0.0,0.0,0.0,2.2,3.9
2018-10-26,11.9,14.4,10.0,10.0,13.7,82,14.9,14.9,0.0,11.0,4.7,10.8
2018-10-27,9.8,12.2,6.3,5.7,7.2,57,0.0,0.0,0.0,0.0,7.27,16.0
2018-10-28,9.1,12.9,5.5,6.8,11.6,81,6.5,6.5,0.0,12.0,6.04,15.2
2018-10-29,7.9,12.5,4.6,4.9,9.1,71,0.7,0.7,0.0,2.0,5.41,14.0
2018-10-30,6.2,11.9,0.1,2.8,8.0,64,0.0,0.0,0.0,0.0,3.67,9.1
2018-10-31,7.4,12.7,2.6,4.3,9.0,64,0.0,0.0,0.0,0.0,3.01,9.0
2018-11-01,7.3,15.3,2.0,4.6,12.2,72,0.0,0.0,0.0,0.0,2.69,6.6
2018-11-02,8.6,17.9,0.8,6.5,16.2,78,0.0,0.0,0.0,0.0,2.12,3.8
2018-11-03,9.3,18.5,1.5,7.4,16.4,79,0.0,0.0,0.0,0.0,2.62,5.3
2018-11-04,9.5,18.6,2.1,7.6,16.1,78,0.0,0.0,0.0,0.0,2.81,5.1
2018-11-05,10.7,18.0,4.7,9.3,16.7,79,0.0,0.0,0.0,0.0,2.91,5.0
2018-11-06,10.9,17.4,5.4,9.8,16.8,85,0.0,0.0,0.0,0.0,1.92,4.8
2018-11-07,12.4,14.9,10.4,11.7,14.7,89,3.7,3.7,0.0,6.0,2.1,5.2
2018-11-08,13.1,15.3,12.1,11.8,14.5,92,45.6,45.6,0.0,20.0,6.95,14.6
2018-11-09,12.8,15.7,9.2,9.7,12.0,73,1.0,1.0,0.0,4.0,6.79,16.2
2018-11-10,11.3,17.1,5.5,9.5,14.7,78,0.1,0.1,0.0,1.0,3.3,8.3
2018-11-11,7.1,10.8,3.2,5.0,9.0,83,0.0,0.0,0.0,0.0,2.51,4.1
2018-11-12,7.2,14.1,2.3,4.1,11.2,70,0.0,0.0,0.0,0.0,2.94,5.4
2018-11-13,7.7,15.0,2.2,5.2,12.9,75,0.0,0.0,0.0,0.0,2.47,4.3
2018-11-14,7.7,16.0,1.3,5.3,14.2,76,0.0,0.0,0.0,0.0,2.33,5.2
2018-11-15,7.5,15.1,1.9,5.2,13.1,78,0.0,0.0,0.0,0.0,2.18,4.1
2018-11-16,8.4,13.7,4.4,6.3,11.7,80,0.0,0.0,0.0,0.0,3.55,8.2
2018-11-17,4.5,10.3,-0.8,1.2,7.1,65,0.0,0.0,0.0,0.0,2.6,5.3
2018-11-18,5.4,10.9,0.4,2.5,7.5,67,0.0,0.0,0.0,0.0,2.46,6.9
2018-11-19,6.4,12.5,2.0,3.3,9.5,67,0.0,0.0,0.0,0.0,3.0,8.5
2018-11-20,6.1,12.4,0.7,2.2,8.1,53,0.0,0.0,0.0,0.0,3.2,7.2
2018-11-21,6.7,8.2,3.0,4.0,6.1,70,0.8,0.8,0.0,5.0,2.7,5.8
2018-11-22,2.8,7.7,-1.3,-1.5,2.8,50,0.0,0.0,0.0,0.0,3.92,9.2
2018-11-23,1.1,6.7,-4.1,-2.9,2.8,49,0.0,0.0,0.0,0.0,2.62,5.6
2018-11-24,3.2,6.6,0.6,-0.6,4.7,75,6.8,1.7,3.57,7.0,5.13,13.6
2018-11-25,4.9,10.0,1.3,2.4,7.9,85,0.0,0.0,0.0,0.0,2.21,7.0
2018-11-26,4.7,12.2,-0.3,2.1,10.2,83,0.0,0.0,0.0,0.0,2.11,4.6
2018-11-27,6.2,13.5,-0.3,3.2,11.4,76,0.3,0.3,0.0,1.0,4.46,8.8
2018-11-28,4.5,10.2,-0.3,0.2,5.8,44,0.0,0.0,0.0,0.0,3.18,7.3
2018-11-29,2.2,7.4,-2.2,-1.4,4.1,63,0.0,0.0,0.0,0.0,2.64,4.5
2018-11-30,2.5,8.2,-1.8,-1.2,4.2,61,0.0,0.0,0.0,0.0,2.71,5.6
2018-12-01,3.8,11.4,-1.3,0.8,8.8,67,0.0,0.0,0.0,0.0,2.3,3.9
2018-12-02,6.0,12.6,-0.3,2.9,10.2,71,0.0,0.0,0.0,0.0,2.89,6.8
2018-12-03,10.6,12.5,7.9,9.2,12.4,92,8.1,8.1,0.0,15.0,3.67,8.7
2018-12-04,8.0,11.9,1.1,5.1,11.7,77,6.3,6.3,0.0,7.0,5.17,11.1
2018-12-05,0.3,3.7,-3.6,-4.0,-0.5,47,0.0,0.0,0.0,0.0,3.86,8.4
2018-12-06,2.5,6.6,-0.5,-1.5,2.3,62,0.5,0.0,0.35,4.0,5.81,12.5
2018-12-07,-5.6,-0.9,-8.3,-12.1,-7.3,41,0.0,0.0,0.0,0.0,6.97,14.2
2018-12-08,-7.1,-3.6,-9.9,-12.9,-9.7,42,0.0,0.0,0.0,0.0,5.1,10.4
2018-12-09,-6.9,-1.7,-11.4,-12.0,-7.0,38,0.0,0.0,0.0,0.0,3.44,7.9
2018-12-10,-4.0,3.4,-8.2,-8.5,-1.1,50,0.0,0.0,0.0,0.0,3.04,6.0
2018-12-11,-1.4,2.8,-4.4,-5.5,-0.7,59,0.0,0.0,0.21,0.0,3.01,5.0
2018-12-12,-2.5,2.3,-5.9,-7.2,-2.8,53,0.0,0.0,0.0,0.0,3.33,8.9
2018-12-13,-2.2,2.9,-6.6,-6.8,-1.4,62,0.0,0.0,0.35,0.0,6.08,12.7
2018-12-14,-4.8,0.3,-8.3,-9.3,-4.4,54,0.0,0.0,0.0,0.0,2.56,6.7
2018-12-15,-4.1,2.4,-9.4,-8.0,-1.2,59,0.0,0.0,0.0,0.0,1.78,5.0
2018-12-16,-0.9,2.1,-4.9,-4.7,-1.3,71,0.0,0.0,0.14,0.0,2.45,6.6
2018-12-17,1.2,6.3,-3.0,-2.9,2.2,70,0.0,0.0,0.0,0.0,3.42,8.9
2018-12-18,1.0,7.9,-5.0,-2.9,3.7,69,0.0,0.0,0.0,0.0,4.54,11.2
2018-12-19,2.6,9.1,-2.1,-1.1,5.4,68,0.0,0.0,0.0,0.0,3.73,6.1
2018-12-20,0.8,9.3,-4.1,-2.8,6.1,68,0.0,0.0,0.0,0.0,2.34,4.8
2018-12-21,2.6,8.6,-3.1,-0.7,6.0,69,0.0,0.0,0.0,0.0,2.21,4.4
2018-12-22,5.1,11.0,1.0,2.0,8.0,68,0.0,0.0,0.0,0.0,2.97,6.5
2018-12-23,3.2,8.2,-3.1,-1.1,2.6,56,0.0,0.0,0.0,0.0,4.83,11.6
2018-12-24,-2.7,2.8,-6.6,-7.2,-2.1,46,0.0,0.0,0.0,0.0,2.63,7.4
2018-12-25,-0.9,4.8,-5.7,-4.9,1.2,64,0.0,0.0,0.0,0.0,2.69,7.8
2018-12-26,-0.7,2.4,-5.4,-5.7,-1.7,47,0.0,0.0,0.0,0.0,4.96,10.6
2018-12-27,-8.4,-5.6,-11.2,-15.0,-12.1,28,0.0,0.0,0.0,0.0,5.99,13.6
2018-12-28,-10.0,-5.5,-13.1,-15.8,-11.0,40,0.0,0.0,0.0,0.0,5.23,10.5
2018-12-29,-7.3,-2.5,-10.6,-13.1,-8.6,36,0.0,0.0,0.0,0.0,5.41,12.1
2018-12-30,-7.2,-2.2,-11.2,-11.9,-6.6,42,0.0,0.0,0.0,0.0,3.04,7.9
2018-12-31,-6.2,0.4,-11.9,-10.6,-4.5,50,0.0,0.0,0.0,0.0,2.66,6.2
2019-01-01,-4.9,-0.1,-8.4,-9.8,-5.7,60,0.0,0.0,0.0,0.0,5.0,10.9
2019-01-02,-5.4,0.9,-9.4,-10.1,-4.3,53,0.0,0.0,0.0,0.0,3.4,8.3
2019-01-03,-4.3,2.7,-9.8,-8.8,-1.7,52,0.0,0.0,0.0,0.0,2.9,6.4
2019-01-04,-2.9,3.9,-8.4,-6.8,-0.4,68,0.0,0.0,0.0,0.0,3.0,7.0
2019-01-05,-2.7,2.2,-7.0,-7.5,-3.4,49,0.0,0.0,0.0,0.0,4.1,9.6
2019-01-06,-3.9,2.6,-8.3,-8.2,-2.3,49,0.0,0.0,0.0,0.0,3.01,6.6
2019-01-07,-2.9,3.8,-8.2,-7.3,-1.2,61,0.0,0.0,0.0,0.0,3.89,8.8
2019-01-08,-3.4,2.0,-7.2,-8.8,-4.9,45,0.0,0.0,0.0,0.0,6.13,12.9
2019-01-09,-5.4,-0.3,-9.5,-9.9,-4.6,38,0.0,0.0,0.0,0.0,3.61,8.9
2019-01-10,-1.3,3.3,-5.3,-5.5,-1.7,53,0.0,0.0,0.0,0.0,4.22,9.3
2019-01-11,1.1,6.5,-3.1,-2.1,3.5,71,0.0,0.0,0.0,0.0,2.2,3.9
2019-01-12,1.6,7.5,-1.3,-1.9,3.8,65,0.0,0.0,0.0,0.0,2.96,6.2
2019-01-13,-0.2,7.1,-4.7,-3.9,3.1,70,0.0,0.0,0.0,0.0,3.01,6.2
2019-01-14,0.0,5.0,-4.6,-3.2,2.0,81,0.0,0.0,0.0,0.0,2.61,5.7
2019-01-15,-0.9,2.7,-6.6,-5.5,-1.3,69,0.0,0.0,0.0,0.0,5.95,13.1
2019-01-16,-5.4,-1.1,-9.6,-10.3,-6.0,49,0.0,0.0,0.0,0.0,4.22,9.6
2019-01-17,-0.3,4.6,-3.9,-5.0,-1.3,58,0.0,0.0,0.0,0.0,4.87,10.6
2019-01-18,-0.7,5.9,-5.9,-4.7,2.0,55,0.0,0.0,0.0,0.0,3.04,7.5
2019-01-19,1.7,8.0,-3.4,-1.8,4.4,72,0.0,0.0,0.0,0.0,2.75,7.2
2019-01-20,-0.5,2.3,-5.1,-5.9,-1.9,50,0.0,0.0,0.0,0.0,6.05,13.9
2019-01-21,-1.3,5.0,-8.2,-6.0,-0.5,63,0.2,0.2,0.0,2.0,6.79,16.5
2019-01-22,0.6,7.1,-4.0,-3.5,2.3,73,0.0,0.0,0.0,0.0,4.88,10.6
2019-01-23,1.3,8.1,-3.2,-3.1,2.5,60,0.0,0.0,0.0,0.0,4.81,11.2
2019-01-24,-1.3,5.9,-6.6,-5.8,1.1,44,0.0,0.0,0.0,0.0,3.11,7.3
2019-01-25,-2.2,3.1,-6.7,-7.4,-3.4,44,0.0,0.0,0.0,0.0,5.62,13.1
2019-01-26,-3.2,2.5,-6.6,-8.5,-3.1,40,0.0,0.0,0.0,0.0,4.4,9.6
2019-01-27,-1.4,4.9,-8.1,-5.5,0.3,60,0.0,0.0,0.0,0.0,3.89,8.8
2019-01-28,1.8,4.8,-4.6,-3.2,-0.8,53,0.3,0.3,0.0,1.0,6.28,14.7
2019-01-29,-1.6,5.5,-6.8,-5.8,1.6,49,0.0,0.0,0.0,0.0,2.73,6.0
2019-01-30,0.6,7.2,-4.9,-3.0,3.2,65,0.0,0.0,0.0,0.0,3.41,7.6
2019-01-31,-1.0,1.6,-5.8,-6.0,-1.7,35,0.0,0.0,0.0,0.0,3.86,8.5
2019-02-01,-2.6,3.2,-8.8,-7.2,-2.1,54,0.0,0.0,0.0,0.0,4.98,12.0
2019-02-02,0.8,6.9,-4.9,-3.2,3.0,69,0.0,0.0,0.0,0.0,3.54,8.8
2019-02-03,3.9,5.6,2.7,1.0,4.1,91,10.6,10.6,0.0,18.0,4.88,10.4
2019-02-04,-0.1,3.8,-3.7,-4.8,-1.2,52,0.0,0.0,0.0,0.0,5.06,10.4
2019-02-05,1.6,9.2,-5.4,-2.6,4.6,50,0.0,0.0,0.0,0.0,3.64,8.9
2019-02-06,3.8,9.8,-2.4,0.5,6.8,67,0.0,0.0,0.0,0.0,3.53,10.3
2019-02-07,-0.2,5.6,-7.2,-5.2,3.5,54,1.6,1.4,0.21,7.0,5.86,13.6
2019-02-08,-5.5,-0.9,-9.0,-10.6,-6.0,34,0.0,0.0,0.0,0.0,4.1,8.9
2019-02-09,-4.3,-0.6,-6.5,-9.7,-6.7,34,0.0,0.0,0.0,0.0,4.74,11.8
2019-02-10,-4.6,-0.8,-8.6,-9.1,-5.4,39,0.0,0.0,0.0,0.0,2.76,6.8
2019-02-11,-2.5,2.6,-6.5,-7.5,-3.0,41,0.0,0.0,0.0,0.0,4.39,11.1
2019-02-12,-1.0,4.4,-4.6,-5.2,-0.4,46,0.0,0.0,0.0,0.0,3.05,7.8
2019-02-13,-2.2,3.0,-6.4,-7.2,-2.6,36,0.0,0.0,0.0,0.0,4.34,10.2
2019-02-14,-1.4,5.4,-6.5,-5.7,1.6,41,0.0,0.0,0.0,0.0,2.75,5.9
2019-02-15,-0.4,1.5,-1.7,-4.2,-2.4,73,0.5,0.0,0.56,4.0,4.03,9.8
2019-02-16,-2.0,1.7,-4.7,-6.5,-3.1,65,0.0,0.0,0.0,0.0,4.0,10.3
2019-02-17,-2.1,4.5,-7.5,-6.6,-0.4,57,0.0,0.0,0.0,0.0,3.98,9.6
2019-02-18,-0.2,5.0,-7.3,-3.9,1.0,58,0.0,0.0,0.0,0.0,2.41,5.9
2019-02-19,1.2,3.6,-1.2,-2.1,-0.1,87,6.3,0.1,4.34,12.0,3.4,6.3
2019-02-20,1.7,4.8,-1.7,-2.2,0.5,78,0.0,0.0,0.0,0.0,4.72,9.6
2019-02-21,1.3,7.3,-3.4,-1.9,4.8,75,0.0,0.0,0.0,0.0,2.95,6.5
2019-02-22,2.0,9.5,-4.5,-1.2,6.8,77,0.0,0.0,0.0,0.0,2.94,7.1
2019-02-23,4.6,13.7,-2.7,1.3,10.9,67,0.0,0.0,0.0,0.0,2.92,7.1
2019-02-24,4.3,12.5,-2.0,0.8,9.2,66,0.0,0.0,0.0,0.0,3.74,9.5
2019-02-25,3.7,10.7,-0.3,0.2,6.5,69,0.0,0.0,0.0,0.0,3.28,7.5
2019-02-26,3.5,11.3,-2.6,0.1,8.0,57,0.0,0.0,0.0,0.0,2.79,6.7
2019-02-27,6.4,12.4,2.1,3.3,9.0,61,0.0,0.0,0.0,0.0,3.04,7.3
2019-02-28,5.4,12.4,-0.8,2.2,9.5,62,0.0,0.0,0.0,0.0,3.5,8.3
2019-03-01,5.1,12.7,-0.1,1.9,9.7,65,0.0,0.0,0.0,0.0,3.4,7.9
2019-03-02,5.8,14.3,-3.1,2.8,12.1,64,0.0,0.0,0.0,0.0,2.61,4.5
2019-03-03,6.9,14.7,-1.3,3.7,12.1,57,0.0,0.0,0.0,0.0,2.85,4.9
2019-03-04,8.3,15.7,4.0,5.6,13.5,65,0.0,0.0,0.0,0.0,3.3,7.5
2019-03-05,6.7,12.6,2.3,4.0,10.1,77,0.0,0.0,0.0,0.0,3.71,8.6
2019-03-06,7.6,12.2,4.2,4.9,9.6,72,0.0,0.0,0.0,0.0,3.45,10.4
2019-03-07,6.5,12.7,2.4,3.0,8.8,67,0.0,0.0,0.0,0.0,4.64,10.3
2019-03-08,4.7,12.2,-1.0,1.2,8.9,58,0.0,0.0,0.0,0.0,3.45,9.8
2019-03-09,4.8,13.5,-3.5,1.1,9.9,54,0.0,0.0,0.0,0.0,2.33,7.0
2019-03-10,8.6,15.9,3.9,5.1,12.2,50,0.0,0.0,0.0,0.0,2.79,7.2
2019-03-11,5.1,10.0,-0.5,2.1,6.2,78,0.7,0.7,0.0,3.0,4.52,9.6
2019-03-12,4.6,8.5,0.6,0.3,4.4,66,0.0,0.0,0.0,0.0,6.32,13.3
2019-03-13,3.5,8.5,-1.5,-1.8,2.3,45,0.0,0.0,0.0,0.0,7.48,16.8
2019-03-14,4.3,9.8,-2.2,0.5,5.5,52,0.2,0.2,0.0,1.0,3.31,10.6
2019-03-15,5.0,10.5,0.7,2.0,6.7,77,1.9,1.9,0.0,4.0,3.81,9.7
2019-03-16,4.2,8.8,0.2,0.9,5.0,76,0.0,0.0,0.0,0.0,4.81,11.0
2019-03-17,6.0,12.2,1.7,3.0,8.9,68,0.0,0.0,0.0,0.0,3.61,9.8
2019-03-18,5.6,13.3,-2.8,2.2,9.8,58,0.0,0.0,0.0,0.0,3.48,8.2
2019-03-19,8.2,16.5,-0.1,5.4,14.8,62,0.0,0.0,0.0,0.0,3.16,8.6
2019-03-20,9.7,15.1,4.4,7.6,12.8,82,14.7,14.7,0.0,11.0,4.35,14.6
2019-03-21,8.7,11.7,3.1,5.5,9.1,79,2.4,2.4,0.0,4.0,7.12,16.0
2019-03-22,4.1,9.1,-0.2,-0.5,4.8,49,0.0,0.0,0.0,0.0,5.19,12.8
2019-03-23,3.6,7.9,-2.3,-0.7,4.0,57,1.7,1.7,0.0,3.0,6.6,17.3
2019-03-24,4.1,9.5,-1.5,0.2,5.4,58,0.0,0.0,0.0,0.0,5.79,12.9
2019-03-25,6.8,12.1,1.7,3.2,7.6,67,0.0,0.0,0.0,0.0,6.66,14.8
2019-03-26,10.3,17.4,5.4,7.8,15.3,62,0.0,0.0,0.0,0.0,3.42,9.1
2019-03-27,11.0,15.9,7.0,7.9,12.1,71,0.0,0.0,0.0,0.0,7.38,16.0
2019-03-28,9.2,14.9,4.5,6.5,12.6,60,0.6,0.6,0.0,2.0,3.77,8.3
2019-03-29,9.4,14.3,6.1,6.2,12.1,43,0.0,0.0,0.0,0.0,3.54,8.2
2019-03-30,5.5,8.2,3.6,1.7,4.0,79,4.9,4.8,0.07,12.0,8.66,17.7
2019-03-31,5.2,8.5,2.3,0.3,2.8,57,0.4,0.4,0.0,2.0,6.67,15.9
2019-04-01,5.4,10.4,0.1,1.0,5.5,53,0.0,0.0,0.0,0.0,5.83,13.7
2019-04-02,6.9,12.7,1.7,3.2,9.2,50,0.0,0.0,0.0,0.0,4.92,11.6
2019-04-03,7.2,13.5,1.4,3.7,9.8,53,0.0,0.0,0.0,0.0,5.32,11.8
2019-04-04,8.8,15.6,1.0,5.1,11.4,56,0.0,0.0,0.0,0.0,6.24,14.4
2019-04-05,11.7,17.7,7.2,8.0,13.2,51,0.0,0.0,0.0,0.0,6.2,13.6
2019-04-06,9.4,13.9,3.2,6.3,11.2,53,5.0,5.0,0.0,9.0,3.5,12.7
2019-04-07,12.2,19.6,4.9,9.6,18.0,54,0.0,0.0,0.0,0.0,2.91,7.1
2019-04-08,11.4,17.5,5.2,7.7,13.9,38,0.0,0.0,0.0,0.0,4.46,10.7
2019-04-09,9.6,15.2,5.0,5.4,10.3,55,14.6,14.6,0.0,7.0,5.94,13.3
2019-04-10,7.4,10.2,5.1,4.7,8.0,84,11.6,11.6,0.0,12.0,5.39,13.3
2019-04-11,8.9,14.9,3.3,6.8,13.0,76,0.0,0.0,0.0,0.0,3.71,8.7
2019-04-12,10.9,17.8,4.5,8.6,15.4,63,0.1,0.1,0.0,1.0,4.26,9.9
2019-04-13,10.8,17.9,1.5,8.0,15.1,54,0.0,0.0,0.0,0.0,4.15,10.8
2019-04-14,9.5,13.5,6.3,6.1,11.0,59,2.2,2.2,0.0,9.0,6.05,14.2
2019-04-15,10.3,17.9,2.3,7.0,14.3,52,0.0,0.0,0.0,0.0,5.0,11.5
2019-04-16,13.4,21.7,3.0,10.6,19.1,47,0.0,0.0,0.0,0.0,2.83,6.0
2019-04-17,14.6,21.7,5.5,12.5,20.0,50,0.0,0.0,0.0,0.0,3.98,9.2
2019-04-18,12.9,15.9,9.4,11.2,13.4,78,0.0,0.0,0.0,0.0,6.28,13.4
2019-04-19,13.3,17.9,9.7,11.5,16.2,71,0.0,0.0,0.0,0.0,3.73,9.5
2019-04-20,14.2,19.1,9.7,12.7,17.4,69,0.0,0.0,0.0,0.0,4.06,9.9
2019-04-21,15.4,19.1,12.4,15.1,18.6,78,0.0,0.0,0.0,0.0,2.93,7.1
2019-04-22,17.3,27.7,7.8,17.2,28.4,70,0.0,0.0,0.0,0.0,3.2,4.9
2019-04-23,19.1,25.4,12.9,19.1,24.8,66,0.0,0.0,0.0,0.0,1.97,5.7
2019-04-24,18.0,23.6,14.9,18.8,24.6,82,4.4,4.4,0.0,9.0,3.55,8.0
2019-04-25,14.9,17.4,9.8,13.8,16.3,82,12.3,12.3,0.0,13.0,4.74,9.3
2019-04-26,9.7,10.9,7.6,7.7,9.2,86,3.0,3.0,0.0,8.0,3.58,8.9
2019-04-27,11.0,17.6,3.7,9.4,16.7,72,0.0,0.0,0.0,0.0,2.73,7.2
2019-04-28,12.9,16.4,10.5,11.1,15.0,63,0.0,0.0,0.0,0.0,3.37,8.7
2019-04-29,12.7,17.4,7.2,11.3,16.2,73,0.0,0.0,0.0,0.0,2.35,5.6
2019-04-30,14.4,21.4,7.9,13.6,22.0,72,0.0,0.0,0.0,0.0,3.41,7.5
2019-05-01,16.2,22.1,10.4,14.9,21.5,63,0.0,0.0,0.0,0.0,5.1,11.8
2019-05-02,16.8,25.0,9.4,14.3,23.7,43,0.0,0.0,0.0,0.0,5.89,12.5
2019-05-03,15.9,25.5,6.9,14.4,24.8,59,0.0,0.0,0.0,0.0,3.89,8.9
2019-05-04,16.9,25.8,7.6,15.9,25.1,63,0.0,0.0,0.0,0.0,2.92,6.9
2019-05-05,17.7,26.1,9.4,16.2,25.1,55,0.0,0.0,0.0,0.0,4.9,10.9
2019-05-06,14.9,19.9,9.9,10.9,16.4,35,0.0,0.0,0.0,0.0,5.22,11.6
2019-05-07,14.5,21.6,6.9,11.6,18.9,46,0.0,0.0,0.0,0.0,5.28,12.9
2019-05-08,15.3,20.5,8.9,13.1,18.5,58,0.0,0.0,0.0,0.0,5.14,11.9
2019-05-09,16.2,22.0,11.1,14.3,19.4,56,0.0,0.0,0.0,0.0,4.77,11.3
2019-05-10,16.6,25.8,7.5,15.5,26.1,61,0.0,0.0,0.0,0.0,3.92,8.9
2019-05-11,18.3,27.0,8.6,17.8,27.4,60,0.0,0.0,0.0,0.0,3.81,9.0
2019-05-12,19.6,27.6,11.0,18.9,27.2,56,0.0,0.0,0.0,0.0,3.09,6.8
2019-05-13,18.2,24.2,13.8,16.9,23.8,58,1.5,1.5,0.0,2.0,4.01,10.1
2019-05-14,19.3,26.4,12.4,19.2,26.8,64,0.0,0.0,0.0,0.0,3.61,8.3
2019-05-15,19.5,25.9,12.5,20.1,26.3,73,0.0,0.0,0.0,0.0,3.3,7.4
2019-05-16,21.6,28.9,14.4,22.3,29.9,66,0.0,0.0,0.0,0.0,3.11,8.1
2019-05-17,22.3,28.4,14.9,23.2,29.9,64,0.0,0.0,0.0,0.0,2.53,5.4
2019-05-18,22.5,26.0,18.8,22.2,25.1,60,0.2,0.2,0.0,2.0,6.09,15.8
2019-05-19,20.5,21.7,19.3,21.5,22.9,84,14.1,14.1,0.0,15.0,4.07,9.9
2019-05-20,17.2,20.1,12.6,15.6,21.6,70,5.0,5.0,0.0,6.0,7.31,15.7
2019-05-21,17.1,22.6,11.9,15.5,20.7,66,0.0,0.0,0.0,0.0,6.4,14.1
2019-05-22,18.9,25.8,11.6,17.7,24.0,60,0.0,0.0,0.0,0.0,6.0,12.7
2019-05-23,20.9,28.3,13.0,20.9,29.0,61,0.0,0.0,0.0,0.0,3.45,8.5
2019-05-24,22.7,32.1,13.7,23.6,35.0,64,0.0,0.0,0.0,0.0,3.62,7.8
2019-05-25,22.7,27.6,17.7,23.3,27.2,62,0.0,0.0,0.0,0.0,3.77,9.9
2019-05-26,23.5,29.9,16.1,23.5,30.1,53,0.0,0.0,0.0,0.0,4.61,10.3
2019-05-27,18.9,22.2,15.4,18.7,21.7,82,9.4,9.4,0.0,11.0,5.81,14.5
2019-05-28,18.5,24.3,13.5,16.8,23.3,56,0.0,0.0,0.0,0.0,5.25,12.3
2019-05-29,19.3,25.2,12.0,18.8,25.1,64,0.0,0.0,0.0,0.0,4.78,11.7
2019-05-30,19.2,24.7,12.7,17.9,23.4,61,0.0,0.0,0.0,0.0,4.88,11.5
2019-05-31,18.9,22.5,14.6,17.9,21.5,62,0.0,0.0,0.0,0.0,5.3,11.9
2019-06-01,18.3,22.5,13.5,18.2,22.0,71,0.0,0.0,0.0,0.0,3.71,9.5
2019-06-02,20.4,27.0,12.5,20.3,27.2,60,0.0,0.0,0.0,0.0,3.81,9.4
2019-06-03,21.5,27.9,13.8,22.0,30.1,59,0.0,0.0,0.0,0.0,3.49,8.6
2019-06-04,21.7,27.3,15.3,22.7,28.6,69,0.0,0.0,0.0,0.0,4.51,10.9
2019-06-05,21.1,25.9,16.8,23.3,28.9,81,0.0,0.0,0.0,0.0,3.85,8.9
2019-06-06,20.7,24.5,17.8,22.4,26.5,82,12.3,12.3,0.0,6.0,4.94,12.2
2019-06-07,20.2,24.1,18.0,20.7,24.4,82,18.7,18.7,0.0,11.0,5.52,12.6
2019-06-08,20.7,26.6,14.9,22.1,28.9,76,0.0,0.0,0.0,0.0,2.41,5.2
2019-06-09,21.3,25.4,17.7,23.5,29.0,81,9.4,9.4,0.0,4.0,2.92,7.7
2019-06-10,19.5,22.3,17.2,20.2,23.2,78,8.5,8.5,0.0,9.0,3.23,7.9
2019-06-11,20.1,24.8,16.1,20.6,27.5,66,0.0,0.0,0.0,0.0,3.42,6.2
2019-06-12,21.0,25.4,15.2,22.6,28.1,74,0.1,0.1,0.0,1.0,3.22,8.9
2019-06-13,21.9,27.7,14.6,23.6,30.4,71,0.0,0.0,0.0,0.0,2.85,7.5
2019-06-14,21.9,27.2,18.0,23.5,29.2,73,0.0,0.0,0.0,0.0,2.51,6.5
2019-06-15,21.9,27.4,17.5,22.7,28.4,70,0.0,0.0,0.0,0.0,4.53,10.1
2019-06-16,21.4,27.0,16.1,22.6,28.5,71,0.0,0.0,0.0,0.0,3.62,8.3
2019-06-17,20.9,24.7,17.5,22.3,26.7,77,0.4,0.4,0.0,2.0,3.57,9.1
2019-06-18,20.4,23.1,17.8,22.2,25.4,84,1.4,1.4,0.0,4.0,4.3,12.9
2019-06-19,21.4,24.8,19.1,23.7,27.6,85,1.0,1.0,0.0,4.0,3.91,8.9
2019-06-20,21.9,26.3,18.4,24.2,29.3,82,0.0,0.0,0.0,0.0,3.77,8.3
2019-06-21,22.3,26.1,19.8,24.7,28.6,81,0.2,0.2,0.0,1.0,3.48,7.8
2019-06-22,23.9,29.5,17.9,24.8,32.1,58,0.0,0.0,0.0,0.0,3.32,6.3
2019-06-23,24.2,30.0,17.8,24.8,31.8,54,0.0,0.0,0.0,0.0,2.97,7.6
2019-06-24,24.2,29.4,19.8,25.8,31.8,64,0.0,0.0,0.0,0.0,3.91,9.1
2019-06-25,24.2,31.4,16.7,26.1,34.5,65,0.0,0.0,0.0,0.0,3.48,7.7
2019-06-26,23.4,28.0,18.6,25.5,29.6,75,1.3,1.3,0.0,3.0,3.75,8.4
2019-06-27,25.1,31.2,21.6,28.8,36.0,79,3.6,3.6,0.0,6.0,3.67,8.1
2019-06-28,24.7,28.3,21.8,27.6,31.3,76,0.0,0.0,0.0,0.0,3.8,9.1
2019-06-29,23.4,27.3,20.9,26.4,29.7,81,3.0,3.0,0.0,7.0,2.92,6.6
2019-06-30,24.1,27.2,20.8,27.1,30.3,82,0.2,0.2,0.0,1.0,5.59,12.8
2019-07-01,23.6,28.0,19.8,25.8,29.6,76,0.0,0.0,0.0,0.0,4.04,10.0
2019-07-02,23.7,28.3,19.9,25.9,30.8,75,0.0,0.0,0.0,0.0,4.03,8.8
2019-07-03,23.9,29.1,20.3,27.0,31.8,79,0.3,0.3,0.0,1.0,3.1,7.5
2019-07-04,24.9,31.3,19.5,27.5,34.5,70,0.0,0.0,0.0,0.0,4.04,9.2
2019-07-05,26.3,34.3,19.0,28.7,36.9,63,0.0,0.0,0.0,0.0,3.32,7.5
2019-07-06,28.9,35.9,21.1,30.5,37.0,52,0.0,0.0,0.0,0.0,4.31,8.0
2019-07-07,27.3,32.1,22.8,27.5,32.0,50,0.0,0.0,0.0,0.0,5.48,11.8
2019-07-08,25.9,30.5,21.4,26.1,30.7,51,0.0,0.0,0.0,0.0,3.81,8.3
2019-07-09,25.8,31.3,19.6,26.2,32.0,52,0.0,0.0,0.0,0.0,3.85,8.8
2019-07-10,23.5,27.2,20.3,23.8,27.3,64,3.1,3.1,0.0,8.0,4.81,10.3
2019-07-11,22.2,26.0,20.2,24.1,28.7,84,9.8,9.8,0.0,10.0,4.52,9.0
2019-07-12,23.1,27.0,19.8,25.7,29.5,83,0.0,0.0,0.0,0.0,4.11,10.5
2019-07-13,24.1,28.0,21.7,27.8,31.7,84,2.1,2.1,0.0,6.0,3.16,7.7
2019-07-14,24.6,29.6,20.5,28.5,34.0,81,0.5,0.5,0.0,2.0,2.82,7.1
2019-07-15,23.7,27.5,21.3,27.5,31.0,88,17.9,17.9,0.0,12.0,2.64,9.3
2019-07-16,24.4,28.7,21.7,28.3,33.2,85,1.5,1.5,0.0,7.0,2.42,6.8
2019-07-17,25.7,28.9,22.9,30.2,32.8,83,0.1,0.1,0.0,1.0,2.12,5.9
2019-07-18,26.9,31.3,22.5,31.5,36.1,77,0.2,0.2,0.0,2.0,2.16,4.6
2019-07-19,28.4,34.5,22.9,32.9,39.6,74,0.2,0.2,0.0,1.0,3.82,9.0
2019-07-20,28.3,31.4,26.5,31.2,33.9,74,11.0,11.0,0.0,10.0,9.02,18.6
2019-07-21,25.6,27.4,24.4,30.0,31.7,90,4.7,4.7,0.0,6.0,5.42,11.8
2019-07-22,26.7,30.3,24.4,31.3,35.9,86,0.0,0.0,0.0,0.0,3.96,9.6
2019-07-23,27.7,32.0,24.5,33.0,36.9,82,1.7,1.7,0.0,6.0,2.9,9.2
2019-07-24,27.4,29.5,26.4,32.7,34.2,86,2.7,2.7,0.0,7.0,3.83,8.5
2019-07-25,26.5,27.4,25.7,32.7,33.8,96,11.9,11.9,0.0,22.0,3.7,7.4
2019-07-26,25.4,26.2,24.4,31.2,32.2,97,55.6,55.6,0.0,19.0,4.38,9.0
2019-07-27,27.6,31.5,25.4,33.9,38.7,90,3.7,3.7,0.0,12.0,2.78,6.8
2019-07-28,26.2,26.9,25.7,31.4,32.9,95,62.1,62.1,0.0,22.0,4.92,10.9
2019-07-29,28.0,30.4,25.8,32.5,34.7,82,1.8,1.8,0.0,5.0,6.0,13.4
2019-07-30,28.4,31.2,26.9,33.2,36.4,84,2.9,2.9,0.0,7.0,5.99,13.5
2019-07-31,27.0,28.3,26.1,32.2,33.7,90,35.4,35.4,0.0,23.0,4.75,11.0
2019-08-01,27.4,30.7,25.2,33.3,37.8,90,27.6,27.6,0.0,10.0,3.58,8.3
2019-08-02,28.8,33.6,25.1,35.1,40.3,81,0.0,0.0,0.0,0.0,2.72,6.1
2019-08-03,29.3,34.5,25.4,36.3,43.3,83,3.3,3.3,0.0,3.0,2.24,6.8
2019-08-04,29.1,33.2,25.7,35.7,41.2,83,2.9,2.9,0.0,1.0,2.42,6.3
2019-08-05,30.2,35.3,25.1,37.2,42.9,79,0.2,0.2,0.0,1.0,2.06,4.6
2019-08-06,31.0,35.6,26.4,36.7,41.5,69,0.0,0.0,0.0,0.0,2.7,6.1
2019-08-07,27.3,30.1,25.2,32.4,36.4,83,13.5,13.5,0.0,10.0,3.05,9.7
2019-08-08,28.1,31.3,25.6,34.2,37.4,85,0.0,0.0,0.0,0.0,2.77,7.3
2019-08-09,28.6,32.8,25.0,34.9,40.2,83,0.6,0.6,0.0,3.0,2.45,6.8
2019-08-10,30.4,35.5,25.1,36.0,42.5,73,0.0,0.0,0.0,0.0,4.19,8.3
2019-08-11,30.3,34.8,26.8,32.7,37.9,62,2.4,2.4,0.0,4.0,6.5,13.8
2019-08-12,27.1,29.6,25.6,32.0,35.6,89,16.3,16.3,0.0,16.0,7.85,16.7
2019-08-13,29.0,32.7,25.7,35.0,39.4,80,0.8,0.8,0.0,5.0,2.39,7.3
2019-08-14,30.0,33.2,25.7,36.1,39.9,77,0.4,0.4,0.0,2.0,3.1,6.7
2019-08-15,26.1,28.7,23.8,30.3,32.7,85,17.4,17.4,0.0,17.0,3.71,7.3
2019-08-16,25.8,28.9,23.6,30.1,33.3,88,0.2,0.2,0.0,2.0,5.46,11.6
2019-08-17,25.5,28.3,22.1,29.0,31.5,82,2.6,2.6,0.0,10.0,4.74,11.9
2019-08-18,24.5,28.7,20.3,27.7,31.4,79,0.0,0.0,0.0,0.0,2.43,6.7
2019-08-19,25.2,30.5,19.7,29.0,35.5,78,0.0,0.0,0.0,0.0,2.72,5.2
2019-08-20,26.8,32.0,21.7,30.9,36.8,74,0.0,0.0,0.0,0.0,2.64,6.1
2019-08-21,26.2,30.1,23.2,30.1,34.6,77,1.9,1.9,0.0,4.0,3.04,8.5
2019-08-22,26.1,30.0,23.8,30.5,33.8,81,0.0,0.0,0.0,0.0,3.88,8.5
2019-08-23,25.1,29.2,21.6,28.3,31.9,77,0.1,0.1,0.0,1.0,3.62,8.6
2019-08-24,23.3,26.9,20.8,26.3,29.7,82,0.0,0.0,0.0,0.0,3.3,8.1
2019-08-25,23.9,28.4,19.9,27.3,31.3,82,0.4,0.4,0.0,3.0,2.52,6.9
2019-08-26,24.8,30.7,19.3,28.7,35.4,80,0.0,0.0,0.0,0.0,1.81,4.6
2019-08-27,24.6,28.2,22.5,28.6,32.3,83,1.5,1.5,0.0,5.0,2.15,4.8
2019-08-28,25.0,28.8,21.9,29.1,32.7,84,0.0,0.0,0.0,0.0,3.61,8.2
2019-08-29,23.4,26.3,21.1,26.6,29.6,88,5.3,5.3,0.0,10.0,4.3,11.1
2019-08-30,22.6,26.3,18.8,24.3,27.4,76,0.6,0.6,0.0,2.0,4.9,10.7
2019-08-31,23.0,27.9,18.5,25.3,30.7,78,0.0,0.0,0.0,0.0,2.92,7.6
2019-09-01,22.6,27.1,17.6,25.6,29.9,82,0.0,0.0,0.0,0.0,2.02,3.6
2019-09-02,23.5,28.4,18.5,26.6,31.1,80,0.0,0.0,0.0,0.0,1.63,4.1
2019-09-03,23.4,26.6,20.6,26.5,29.2,84,1.2,1.2,0.0,3.0,2.71,6.5
2019-09-04,23.3,25.2,22.3,26.7,30.2,90,16.2,16.2,0.0,18.0,3.49,12.1
2019-09-05,23.7,27.2,22.3,27.9,33.0,93,50.4,50.4,0.0,21.0,2.59,9.7
2019-09-06,24.8,28.6,21.9,29.3,34.1,90,17.3,17.3,0.0,19.0,4.61,7.6
2019-09-07,26.6,29.4,23.6,27.0,29.0,78,5.2,5.2,0.0,14.0,14.37,29.9
2019-09-08,24.9,27.5,23.2,28.9,31.6,87,0.1,0.1,0.0,1.0,5.97,10.4
2019-09-09,24.8,28.2,22.1,29.3,32.5,87,4.8,4.8,0.0,3.0,2.44,6.2
2019-09-10,24.8,27.4,23.2,29.3,32.0,90,19.3,19.3,0.0,19.0,2.92,13.4
2019-09-11,24.5,27.2,22.6,27.3,29.6,82,30.1,30.1,0.0,8.0,4.4,13.7
2019-09-12,21.6,22.9,19.1,23.2,24.3,80,7.0,7.0,0.0,10.0,4.0,7.1
2019-09-13,22.8,28.1,18.2,24.9,30.9,75,0.0,0.0,0.0,0.0,3.16,7.5
2019-09-14,22.1,23.9,20.2,24.8,27.1,87,0.3,0.3,0.0,1.0,3.64,7.7
2019-09-15,24.7,29.6,21.0,28.3,33.4,80,0.3,0.3,0.0,2.0,2.42,5.5
2019-09-16,24.1,29.6,19.5,26.2,31.5,70,0.0,0.0,0.0,0.0,2.64,6.0
2019-09-17,22.2,28.4,16.1,23.2,30.3,69,0.0,0.0,0.0,0.0,3.16,6.9
2019-09-18,20.8,24.9,14.7,20.6,25.6,62,0.0,0.0,0.0,0.0,4.33,10.2
2019-09-19,18.2,25.0,10.8,17.8,25.9,67,0.0,0.0,0.0,0.0,2.63,5.9
2019-09-20,19.0,23.6,14.0,19.3,24.3,73,0.0,0.0,0.0,0.0,2.5,5.1
2019-09-21,19.7,22.3,17.6,20.5,24.0,77,1.5,1.5,0.0,8.0,2.56,7.9
2019-09-22,17.6,18.8,16.1,17.1,18.3,84,21.2,21.2,0.0,20.0,5.27,12.1
2019-09-23,19.4,23.7,15.7,19.1,24.2,66,0.0,0.0,0.0,0.0,5.29,10.9
2019-09-24,18.1,24.6,11.8,18.9,25.9,80,0.0,0.0,0.0,0.0,2.8,7.1
2019-09-25,18.6,24.8,12.5,20.1,27.1,85,0.0,0.0,0.0,0.0,1.79,3.5
2019-09-26,20.8,26.5,15.8,22.5,28.3,79,0.0,0.0,0.0,0.0,1.94,4.8
2019-09-27,21.3,26.8,16.1,22.7,28.2,75,0.0,0.0,0.0,0.0,1.99,4.6
2019-09-28,22.6,28.2,18.7,24.9,31.2,78,0.0,0.0,0.0,0.0,2.12,4.4
2019-09-29,21.2,27.2,16.3,22.8,28.8,77,0.0,0.0,0.0,0.0,2.15,6.1
2019-09-30,20.1,27.1,14.5,22.3,30.3,85,0.0,0.0,0.0,0.0,2.16,4.2
2019-10-01,21.4,28.3,16.2,23.8,31.3,83,0.0,0.0,0.0,0.0,1.9,4.5
2019-10-02,21.7,23.9,20.4,24.1,26.7,91,74.1,74.1,0.0,14.0,6.38,12.1
2019-10-03,23.2,27.9,20.3,24.7,29.4,79,9.1,9.1,0.0,8.0,6.47,14.2
2019-10-04,21.7,26.8,17.6,24.3,29.8,87,0.5,0.5,0.0,3.0,2.64,7.0
2019-10-05,19.2,22.1,15.4,19.6,23.5,78,0.1,0.1,0.0,1.0,4.83,10.1
2019-10-06,17.7,22.6,13.8,16.8,22.1,67,0.0,0.0,0.0,0.0,3.52,7.4
2019-10-07,15.2,17.5,13.8,15.6,17.1,91,11.9,11.9,0.0,14.0,2.78,6.0
2019-10-08,15.0,19.4,9.7,13.5,17.8,72,0.0,0.0,0.0,0.0,5.16,11.7
2019-10-09,13.2,19.2,8.3,11.6,17.5,65,0.0,0.0,0.0,0.0,2.52,6.9
2019-10-10,13.4,18.3,8.7,13.2,18.3,85,0.0,0.0,0.0,0.0,2.11,3.4
2019-10-11,17.9,26.1,11.7,17.6,25.9,73,0.0,0.0,0.0,0.0,3.41,7.8
2019-10-12,18.4,22.9,13.9,16.6,20.5,61,0.0,0.0,0.0,0.0,5.86,12.8
2019-10-13,16.0,22.7,10.9,15.3,22.8,73,0.0,0.0,0.0,0.0,3.01,6.4
2019-10-14,14.0,18.2,9.4,12.5,15.9,71,0.0,0.0,0.0,0.0,4.08,10.3
2019-10-15,13.6,19.8,8.6,12.1,19.1,70,0.0,0.0,0.0,0.0,3.52,7.0
2019-10-16,13.2,19.6,8.4,12.4,19.0,81,0.0,0.0,0.0,0.0,2.62,6.2
2019-10-17,14.2,20.6,10.8,13.4,19.6,78,0.0,0.0,0.0,0.0,2.25,3.8
2019-10-18,16.1,23.1,10.6,15.2,22.7,74,0.0,0.0,0.0,0.0,3.63,7.9
2019-10-19,15.8,21.8,10.7,15.6,21.6,81,0.0,0.0,0.0,0.0,2.61,5.5
2019-10-20,14.6,21.3,9.5,14.8,22.1,88,0.0,0.0,0.0,0.0,2.69,4.7
2019-10-21,15.0,23.7,8.5,14.5,23.6,81,0.0,0.0,0.0,0.0,2.56,5.5
2019-10-22,16.5,24.0,10.3,16.1,24.1,76,0.0,0.0,0.0,0.0,2.69,5.1
2019-10-23,16.1,20.7,12.0,15.6,20.7,76,0.0,0.0,0.0,0.0,2.75,5.7
2019-10-24,18.2,23.7,14.9,16.9,22.2,61,0.0,0.0,0.0,0.0,3.86,9.2
2019-10-25,16.4,21.3,11.4,15.5,20.7,72,0.0,0.0,0.0,0.0,4.48,9.2
2019-10-26,10.7,14.3,6.6,8.0,11.1,69,0.0,0.0,0.0,0.0,4.24,9.3
2019-10-27,10.3,16.8,4.4,8.3,14.4,72,0.0,0.0,0.0,0.0,3.27,8.3
2019-10-28,12.1,17.7,5.7,9.8,15.3,76,1.6,1.6,0.0,4.0,4.44,11.1
2019-10-29,13.3,17.5,7.4,11.4,14.9,70,0.5,0.5,0.0,2.0,4.15,10.2
2019-10-30,10.8,17.3,5.5,8.8,15.0,73,0.0,0.0,0.0,0.0,3.4,8.1
2019-10-31,13.5,20.3,7.3,12.1,18.6,82,0.0,0.0,0.0,0.0,5.46,11.9
2019-11-01,13.9,19.9,9.4,12.6,18.1,72,0.0,0.0,0.0,0.0,2.91,6.1
2019-11-02,12.1,19.0,5.2,10.8,18.0,80,0.0,0.0,0.0,0.0,2.28,6.1
2019-11-03,14.2,21.2,9.6,12.9,20.0,73,0.0,0.0,0.0,0.0,3.18,7.1
2019-11-04,12.9,19.4,8.9,11.4,18.5,73,0.0,0.0,0.0,0.0,2.52,6.2
2019-11-05,10.4,17.4,4.1,8.7,15.2,83,0.0,0.0,0.0,0.0,3.03,8.0
2019-11-06,10.0,15.5,5.0,8.2,13.3,76,0.0,0.0,0.0,0.0,2.62,5.7
2019-11-07,8.8,13.6,3.3,5.5,9.1,60,0.0,0.0,0.0,0.0,3.74,9.6
2019-11-08,5.3,13.2,-1.9,1.5,8.8,55,0.0,0.0,0.0,0.0,3.11,7.0
2019-11-09,7.8,16.2,2.1,5.0,13.4,64,0.0,0.0,0.0,0.0,3.04,5.4
2019-11-10,8.4,15.1,2.1,5.6,11.5,76,5.4,5.4,0.0,5.0,3.61,12.3
2019-11-11,11.7,16.1,6.8,9.6,13.0,80,0.4,0.4,0.0,2.0,5.28,11.5
2019-11-12,8.9,14.6,4.3,7.1,12.8,78,0.0,0.0,0.0,0.0,1.84,4.5
2019-11-13,7.3,12.7,3.2,4.4,10.0,86,5.4,5.4,0.0,5.0,6.26,16.8
2019-11-14,2.0,5.3,-0.5,-3.1,1.5,42,0.0,0.0,0.0,0.0,6.09,11.9
2019-11-15,6.4,11.6,0.4,3.8,11.3,85,16.2,16.2,0.0,17.0,4.91,12.0
2019-11-16,7.0,14.0,3.3,4.7,12.2,83,0.0,0.0,0.0,0.0,2.6,4.6
2019-11-17,7.6,11.4,3.9,4.8,10.0,88,33.9,33.9,0.0,13.0,5.61,13.1
2019-11-18,6.3,12.4,0.7,2.0,11.0,68,6.5,6.5,0.07,6.0,6.84,15.9
2019-11-19,1.1,5.1,-2.4,-3.3,-0.4,60,0.0,0.0,0.0,0.0,5.63,12.9
2019-11-20,0.5,6.5,-3.9,-3.6,2.1,55,0.0,0.0,0.0,0.0,2.42,7.2
2019-11-21,2.4,8.8,-2.9,-1.0,5.1,69,0.0,0.0,0.0,0.0,2.4,4.4
2019-11-22,7.4,16.5,1.0,4.1,14.2,65,0.0,0.0,0.0,0.0,3.22,5.5
2019-11-23,9.6,16.9,4.1,7.3,15.6,75,0.0,0.0,0.0,0.0,2.75,6.4
2019-11-24,10.0,16.3,4.9,7.8,15.2,81,0.3,0.3,0.0,1.0,5.45,11.1
2019-11-25,2.9,7.1,-0.7,-1.1,3.7,64,0.0,0.0,0.0,0.0,5.31,11.0
2019-11-26,5.5,13.1,-0.0,2.7,10.9,81,0.0,0.0,0.0,0.0,2.73,6.1
2019-11-27,3.7,6.7,-0.1,-0.3,2.4,60,0.0,0.0,0.0,0.0,3.91,8.7
2019-11-28,3.1,10.6,-1.6,-0.3,7.6,70,0.0,0.0,0.0,0.0,2.44,5.5
2019-11-29,0.9,7.7,-4.1,-3.0,3.5,65,0.0,0.0,0.0,0.0,2.48,6.5
2019-11-30,3.2,9.8,-3.1,-0.2,6.3,69,0.0,0.0,0.0,0.0,2.28,6.1
2019-12-01,5.2,6.9,3.2,2.8,5.3,85,3.7,3.7,0.0,12.0,2.69,5.7
2019-12-02,1.1,4.0,-2.8,-3.7,-0.7,61,0.0,0.0,0.0,0.0,6.26,14.1
2019-12-03,0.5,5.7,-5.5,-3.2,2.3,71,1.7,1.3,0.35,5.0,3.23,8.2
2019-12-04,2.0,7.3,-2.6,-1.6,3.5,67,0.0,0.0,0.0,0.0,3.01,7.0
2019-12-05,-2.9,-0.3,-7.9,-8.5,-4.8,40,0.0,0.0,0.0,0.0,5.82,12.7
2019-12-06,-6.1,-0.3,-10.2,-10.9,-5.4,47,0.0,0.0,0.0,0.0,3.18,7.4
2019-12-07,-1.4,4.7,-6.8,-5.1,1.9,73,0.0,0.0,0.0,0.0,2.98,8.5
2019-12-08,-1.5,5.1,-6.2,-4.9,1.9,76,0.0,0.0,0.0,0.0,2.43,5.4
2019-12-09,2.1,7.0,-3.5,-1.7,3.3,75,1.0,1.0,0.0,1.0,3.67,8.2
2019-12-10,6.1,11.0,3.1,3.4,9.3,88,0.9,0.9,0.0,3.0,3.81,8.1
2019-12-11,6.1,9.8,0.7,2.3,6.5,74,1.0,1.0,0.0,2.0,6.13,13.0
2019-12-12,-0.2,3.9,-3.1,-4.6,-1.0,56,0.0,0.0,0.0,0.0,3.61,9.4
2019-12-13,0.1,5.4,-5.7,-4.0,1.6,67,0.4,0.4,0.0,2.0,4.03,8.1
2019-12-14,2.4,6.0,-1.3,-1.4,2.4,73,1.7,1.7,0.0,3.0,4.16,8.5
2019-12-15,3.0,11.2,-2.9,-0.3,8.7,75,0.0,0.0,0.0,0.0,3.12,7.8
2019-12-16,6.2,12.3,0.3,3.5,9.9,76,0.0,0.0,0.0,0.0,2.68,5.2
2019-12-17,8.0,10.1,4.4,5.4,8.2,85,3.8,3.8,0.0,5.0,4.12,9.3
2019-12-18,1.2,4.1,-1.1,-2.7,0.3,69,0.0,0.0,0.0,0.0,3.61,8.2
2019-12-19,-0.5,4.4,-3.5,-4.9,-0.7,56,0.0,0.0,0.0,0.0,3.85,9.1
2019-12-20,-1.1,2.6,-3.8,-5.3,-2.1,60,0.0,0.0,0.0,0.0,3.45,8.8
2019-12-21,-1.5,3.3,-6.5,-5.4,-0.1,75,0.4,0.4,0.0,2.0,3.11,8.6
2019-12-22,2.3,8.3,-1.3,-0.9,5.6,82,0.1,0.1,0.0,1.0,2.83,4.6
2019-12-23,3.3,6.5,-0.7,0.1,3.3,85,3.2,3.2,0.0,4.0,3.36,8.6
2019-12-24,-0.2,5.5,-4.0,-3.5,2.6,82,0.0,0.0,0.0,0.0,2.35,4.0
2019-12-25,0.5,6.8,-4.7,-2.9,3.7,74,0.0,0.0,0.0,0.0,2.0,4.3
2019-12-26,1.9,4.1,-1.2,-1.8,-0.1,77,1.0,0.2,0.56,6.0,4.41,9.6
2019-12-27,-1.7,3.2,-4.9,-6.2,-1.8,59,0.0,0.0,0.0,0.0,4.1,8.9
2019-12-28,-0.6,6.2,-5.0,-4.5,2.6,69,0.0,0.0,0.0,0.0,2.62,6.2
2019-12-29,2.4,6.1,-1.7,-1.2,2.5,72,0.9,0.9,0.0,5.0,2.84,6.2
2019-12-30,2.6,6.3,-3.9,-1.0,3.7,82,0.5,0.5,0.0,3.0,6.67,13.3
2019-12-31,-6.8,-3.6,-9.4,-12.9,-9.7,47,0.0,0.0,0.0,0.0,7.18,14.4
