time,temperature_2m_mean,temperature_2m_max,temperature_2m_min,apparent_temperature_mean,apparent_temperature_max,relative_humidity_2m_mean,precipitation_sum,rain_sum,snowfall_sum,precipitation_hours,wind_speed_10m_max,wind_gusts_10m_max
2000-01-01,10.7,14.4,8.0,9.2,13.1,88,0.0,0.0,0.0,0.0,3.61,7.7
2000-01-02,6.8,8.4,3.5,3.3,5.8,85,0.0,0.0,0.0,0.0,5.88,11.5
2000-01-03,6.6,10.8,2.4,3.5,7.0,81,0.0,0.0,0.0,0.0,4.66,9.4
2000-01-04,11.2,15.5,8.0,8.3,12.4,84,0.0,0.0,0.0,0.0,6.02,11.7
2000-01-05,12.4,16.0,9.2,10.9,14.2,88,1.9,1.9,0.0,6.0,5.64,10.1
2000-01-06,7.2,9.2,5.1,3.7,7.0,89,3.2,3.2,0.0,8.0,6.53,12.2
2000-01-07,4.8,5.8,3.7,0.3,1.2,67,1.6,1.3,0.21,4.0,5.77,11.1
2000-01-08,6.8,9.7,3.6,3.5,6.9,91,16.4,16.4,0.0,20.0,5.23,8.8
2000-01-09,9.2,10.2,7.6,6.2,8.9,91,6.9,6.9,0.0,8.0,6.45,12.5
2000-01-10,8.8,10.0,7.5,5.4,6.0,86,0.2,0.2,0.0,2.0,6.28,11.3
2000-01-11,9.2,10.7,8.3,6.0,9.6,88,18.8,18.8,0.0,18.0,6.02,11.0
2000-01-12,8.1,10.6,5.6,4.5,9.6,92,0.4,0.4,0.0,1.0,6.88,12.4
2000-01-13,4.3,5.5,3.4,-0.3,0.9,78,0.0,0.0,0.0,0.0,6.0,10.8
2000-01-14,3.8,6.1,2.3,-0.4,2.0,71,0.0,0.0,0.0,0.0,4.7,8.9
2000-01-15,6.4,7.2,4.9,2.9,3.9,85,12.7,12.7,0.0,20.0,4.94,9.0
2000-01-16,5.7,7.0,4.2,1.2,3.3,84,2.4,2.4,0.0,12.0,6.71,11.9
2000-01-17,3.9,5.1,2.6,-1.0,-0.1,70,0.0,0.0,0.0,0.0,6.09,10.8
2000-01-18,2.9,4.1,1.8,-1.5,-0.7,72,0.0,0.0,0.0,0.0,4.52,9.1
2000-01-19,1.9,4.3,-1.3,-3.2,-1.9,61,0.0,0.0,0.0,0.0,7.24,13.9
2000-01-20,0.8,4.2,-2.1,-3.3,0.3,65,0.0,0.0,0.0,0.0,3.72,7.5
2000-01-21,3.8,6.4,0.6,-0.5,1.8,68,0.5,0.5,0.0,1.0,5.41,9.3
2000-01-22,7.6,9.2,5.9,4.5,6.9,86,7.5,7.5,0.0,13.0,5.59,9.6
2000-01-23,4.9,5.9,4.4,1.6,3.1,91,18.6,18.6,0.0,21.0,3.92,7.5
2000-01-24,3.6,5.4,1.0,-1.5,1.6,91,9.4,7.0,1.68,24.0,7.96,13.9
2000-01-25,-0.0,1.3,-2.2,-6.1,-4.3,70,0.0,0.0,0.0,0.0,6.9,13.0
2000-01-26,-2.0,0.3,-4.5,-8.2,-5.8,57,0.0,0.0,0.0,0.0,6.4,12.2
2000-01-27,-0.9,1.6,-3.4,-6.5,-4.3,63,0.0,0.0,0.0,0.0,5.83,11.4
2000-01-28,0.9,4.6,-2.4,-3.1,1.1,72,0.0,0.0,0.0,0.0,3.66,7.1
2000-01-29,4.2,7.0,1.8,1.1,3.9,80,0.1,0.1,0.0,1.0,3.09,5.3
2000-01-30,1.7,3.5,-0.5,-3.5,0.4,68,0.0,0.0,0.0,0.0,6.81,12.7
2000-01-31,-0.2,1.5,-1.9,-5.8,-4.4,60,0.0,0.0,0.0,0.0,6.04,12.2
2000-02-01,-0.5,1.6,-2.4,-5.1,-2.5,67,0.7,0.0,0.56,4.0,4.58,8.6
2000-02-02,0.9,3.5,-1.8,-2.7,-0.1,76,0.0,0.0,0.0,0.0,2.39,4.9
2000-02-03,2.2,3.8,0.6,-1.8,-0.7,78,0.0,0.0,0.0,0.0,3.86,7.6
2000-02-04,4.0,6.4,1.2,0.3,2.1,74,3.4,2.7,0.49,7.0,4.03,7.7
2000-02-05,4.9,6.0,3.6,1.8,4.0,90,5.1,5.1,0.0,12.0,4.82,7.9
2000-02-06,3.0,4.7,1.6,-1.0,0.6,79,0.0,0.0,0.0,0.0,5.24,9.8
2000-02-07,3.3,8.4,-0.2,-1.1,2.7,74,0.0,0.0,0.0,0.0,8.0,14.6
2000-02-08,0.9,5.0,-1.4,-4.2,-0.8,65,0.0,0.0,0.0,0.0,6.96,13.6
2000-02-09,1.0,4.1,-2.0,-2.8,1.3,70,0.0,0.0,0.0,0.0,3.11,5.7
2000-02-10,5.2,8.5,2.3,1.9,6.0,76,0.0,0.0,0.0,0.0,3.49,8.3
2000-02-11,5.5,10.9,1.9,2.6,8.5,80,0.0,0.0,0.0,0.0,3.58,7.5
2000-02-12,6.2,10.9,2.8,3.3,8.5,84,0.0,0.0,0.0,0.0,3.79,7.8
2000-02-13,6.8,9.1,5.4,3.4,4.9,86,4.5,4.5,0.0,9.0,5.35,9.1
2000-02-14,5.8,8.1,2.7,2.0,3.9,81,0.0,0.0,0.0,0.0,6.17,11.7
2000-02-15,3.5,6.9,0.9,-0.2,2.5,71,0.0,0.0,0.0,0.0,4.02,9.3
2000-02-16,3.0,5.5,1.1,-0.5,2.1,66,0.0,0.0,0.0,0.0,2.84,5.7
2000-02-17,4.5,8.5,0.7,0.7,4.8,67,0.0,0.0,0.0,0.0,4.34,9.5
2000-02-18,6.8,7.9,5.1,2.3,4.1,85,21.7,21.7,0.0,16.0,7.89,14.4
2000-02-19,7.3,8.0,5.8,3.9,5.8,91,3.6,3.6,0.0,11.0,5.38,11.5
2000-02-20,4.4,6.3,1.6,0.1,2.0,80,0.0,0.0,0.0,0.0,5.42,10.5
2000-02-21,3.7,6.3,1.4,-0.2,2.9,72,0.0,0.0,0.0,0.0,4.12,9.0
2000-02-22,4.9,7.0,3.6,1.2,2.7,78,0.8,0.8,0.0,3.0,5.03,9.4
2000-02-23,6.2,9.0,4.9,2.4,4.8,77,0.2,0.2,0.0,2.0,5.38,10.8
2000-02-24,5.7,7.5,4.1,1.0,2.3,70,0.0,0.0,0.0,0.0,7.5,14.3
2000-02-25,4.6,6.3,3.1,0.9,3.0,64,0.0,0.0,0.0,0.0,3.89,8.0
2000-02-26,6.2,10.3,3.4,1.8,5.5,57,0.0,0.0,0.0,0.0,5.83,11.4
2000-02-27,6.7,10.7,3.4,3.3,8.5,65,0.0,0.0,0.0,0.0,3.83,7.1
2000-02-28,6.7,10.3,3.3,3.0,6.9,74,0.0,0.0,0.0,0.0,7.72,14.3
2000-02-29,4.0,6.9,2.0,0.2,3.9,67,0.0,0.0,0.0,0.0,4.12,8.3
2000-03-01,5.4,8.7,2.3,2.2,5.9,75,0.0,0.0,0.0,0.0,4.28,8.9
2000-03-02,8.4,12.3,5.4,5.6,9.0,80,0.0,0.0,0.0,0.0,4.61,9.1
2000-03-03,11.2,14.3,8.1,9.7,13.7,85,0.3,0.3,0.0,2.0,3.75,6.7
2000-03-04,9.9,10.9,7.9,8.1,10.6,93,19.5,19.5,0.0,17.0,3.41,6.5
2000-03-05,8.0,9.7,6.5,5.7,7.6,90,0.6,0.6,0.0,4.0,3.94,7.4
2000-03-06,8.9,14.5,4.8,7.4,14.7,86,0.1,0.1,0.0,1.0,5.79,9.2
2000-03-07,6.8,8.4,4.7,2.6,5.3,68,0.0,0.0,0.0,0.0,6.09,11.0
2000-03-08,7.1,11.7,3.6,4.5,10.3,69,0.0,0.0,0.0,0.0,3.2,6.5
2000-03-09,8.1,10.6,6.1,4.5,6.0,66,0.0,0.0,0.0,0.0,5.08,9.8
2000-03-10,6.9,8.2,5.8,3.1,4.2,82,20.2,20.2,0.0,14.0,6.45,11.4
2000-03-11,8.0,8.9,7.3,5.2,6.2,91,14.4,14.4,0.0,21.0,5.49,9.3
2000-03-12,8.1,10.9,5.6,5.4,8.6,82,0.0,0.0,0.0,0.0,3.76,7.7
2000-03-13,9.2,12.0,6.0,6.5,8.6,82,0.0,0.0,0.0,0.0,5.09,9.9
2000-03-14,10.2,11.4,8.8,7.4,8.4,82,0.3,0.3,0.0,1.0,5.11,9.5
2000-03-15,11.0,12.4,9.8,8.9,12.0,93,10.6,10.6,0.0,19.0,5.59,10.1
2000-03-16,10.5,14.0,7.0,7.2,10.7,71,0.0,0.0,0.0,0.0,6.19,11.2
2000-03-17,10.0,15.4,6.0,6.5,11.9,58,0.0,0.0,0.0,0.0,5.19,10.3
2000-03-18,11.0,12.7,8.8,8.4,10.9,83,7.6,7.6,0.0,10.0,6.3,10.2
2000-03-19,9.4,12.5,5.4,6.0,10.1,75,0.0,0.0,0.0,0.0,7.69,14.3
2000-03-20,8.5,11.9,5.5,5.4,9.6,72,0.0,0.0,0.0,0.0,5.52,10.6
2000-03-21,11.7,14.8,9.6,9.5,13.7,82,0.0,0.0,0.0,0.0,5.46,10.0
2000-03-22,11.6,14.3,10.2,9.4,12.5,89,2.0,2.0,0.0,5.0,5.25,9.1
2000-03-23,11.1,12.7,9.4,9.0,10.5,85,4.8,4.8,0.0,9.0,6.04,11.0
2000-03-24,10.1,15.0,6.8,7.0,13.0,58,0.0,0.0,0.0,0.0,4.07,9.0
2000-03-25,11.0,15.1,6.9,7.9,13.0,62,0.0,0.0,0.0,0.0,5.02,10.7
2000-03-26,14.3,20.7,9.6,12.0,18.5,58,0.0,0.0,0.0,0.0,4.12,8.7
2000-03-27,17.2,22.6,11.9,14.1,19.4,52,0.6,0.6,0.0,2.0,7.16,13.8
2000-03-28,15.2,17.5,10.5,10.8,15.4,43,0.0,0.0,0.0,0.0,9.27,17.2
2000-03-29,12.0,16.7,7.5,9.6,15.1,54,0.0,0.0,0.0,0.0,3.3,6.8
2000-03-30,14.4,18.2,9.8,11.0,15.1,61,0.0,0.0,0.0,0.0,6.93,14.2
2000-03-31,18.0,25.3,13.2,15.9,24.7,64,0.0,0.0,0.0,0.0,6.24,11.4
2000-04-01,13.3,15.2,12.3,9.7,11.4,67,0.1,0.1,0.0,1.0,6.62,13.8
2000-04-02,12.5,13.1,11.7,11.2,12.3,92,3.1,3.1,0.0,12.0,4.04,7.2
2000-04-03,12.7,13.5,12.1,11.2,11.7,91,2.6,2.6,0.0,8.0,5.03,10.1
2000-04-04,12.8,13.6,12.3,11.6,13.0,91,8.0,8.0,0.0,16.0,4.2,7.3
2000-04-05,12.0,14.8,7.8,9.1,11.3,71,0.0,0.0,0.0,0.0,6.99,12.8
2000-04-06,10.4,14.6,5.8,7.4,13.0,62,0.0,0.0,0.0,0.0,4.93,9.4
2000-04-07,14.2,20.5,10.0,13.2,21.5,74,0.0,0.0,0.0,0.0,4.68,8.2
2000-04-08,13.6,16.4,11.9,11.2,14.4,78,0.0,0.0,0.0,0.0,6.23,11.8
2000-04-09,15.6,19.5,12.2,14.6,20.2,85,3.0,3.0,0.0,4.0,5.61,10.0
2000-04-10,11.2,16.5,6.9,6.8,14.9,56,0.0,0.0,0.0,0.0,9.4,17.5
2000-04-11,11.7,16.8,5.7,8.6,14.5,54,0.0,0.0,0.0,0.0,5.02,11.0
2000-04-12,16.4,22.2,11.9,15.2,22.5,68,0.6,0.6,0.0,3.0,4.51,7.9
2000-04-13,18.2,25.4,12.9,17.4,26.1,71,0.0,0.0,0.0,0.0,5.3,9.9
2000-04-14,13.2,15.4,10.6,10.3,13.4,89,65.2,65.2,0.0,18.0,8.08,15.0
2000-04-15,12.8,16.6,9.4,9.8,14.1,64,0.7,0.7,0.0,2.0,5.59,13.3
2000-04-16,14.1,19.1,9.3,12.3,18.7,65,0.0,0.0,0.0,0.0,4.13,7.9
2000-04-17,16.2,21.8,11.8,13.9,21.8,63,0.0,0.0,0.0,0.0,6.48,10.9
2000-04-18,18.5,22.7,14.5,16.6,21.9,71,0.9,0.9,0.0,4.0,7.07,12.6
2000-04-19,17.9,21.4,13.6,17.8,22.4,81,0.4,0.4,0.0,3.0,4.2,8.4
2000-04-20,15.1,17.7,13.2,13.9,17.0,84,0.2,0.2,0.0,1.0,4.55,8.9
2000-04-21,19.5,24.6,14.5,19.0,25.0,67,0.0,0.0,0.0,0.0,5.59,10.3
2000-04-22,18.8,22.2,13.7,17.6,21.8,63,0.0,0.0,0.0,0.0,4.75,8.9
2000-04-23,17.2,22.5,11.4,15.5,22.1,55,0.0,0.0,0.0,0.0,3.83,7.0
2000-04-24,17.7,22.6,13.5,14.9,20.9,59,0.0,0.0,0.0,0.0,8.01,14.1
2000-04-25,18.8,20.9,16.8,18.8,23.0,86,6.1,6.1,0.0,6.0,7.34,12.7
2000-04-26,18.7,21.0,14.4,17.5,21.3,64,0.0,0.0,0.0,0.0,5.76,10.5
2000-04-27,17.5,22.7,12.4,15.9,22.0,57,0.0,0.0,0.0,0.0,3.81,7.5
2000-04-28,18.4,23.6,14.6,16.4,22.3,60,0.0,0.0,0.0,0.0,5.86,11.2
2000-04-29,17.0,18.5,15.7,14.8,16.7,77,7.5,7.5,0.0,8.0,7.61,13.8
2000-04-30,18.5,22.7,15.0,18.6,23.0,80,3.4,3.4,0.0,7.0,5.17,10.0
2000-05-01,17.9,23.7,13.1,17.7,23.6,74,0.0,0.0,0.0,0.0,4.02,7.3
2000-05-02,17.2,20.9,13.5,16.6,20.7,73,0.0,0.0,0.0,0.0,4.95,10.2
2000-05-03,17.2,22.8,12.4,16.1,22.9,68,0.0,0.0,0.0,0.0,4.75,9.3
2000-05-04,20.1,26.8,14.7,19.6,28.1,69,0.0,0.0,0.0,0.0,5.15,10.0
2000-05-05,20.5,26.8,16.7,19.6,26.8,67,0.0,0.0,0.0,0.0,5.55,10.5
2000-05-06,17.2,20.3,14.5,16.5,20.0,84,2.6,2.6,0.0,4.0,7.53,14.0
2000-05-07,17.1,20.9,14.5,16.4,20.3,77,0.0,0.0,0.0,0.0,3.83,8.3
2000-05-08,18.7,22.7,15.6,18.2,22.9,78,0.0,0.0,0.0,0.0,6.29,12.2
2000-05-09,20.2,23.8,17.9,19.4,22.5,82,13.8,13.8,0.0,9.0,7.83,14.2
2000-05-10,20.8,24.8,18.2,21.8,26.9,78,1.5,1.5,0.0,3.0,4.47,8.3
2000-05-11,20.4,25.0,16.4,21.0,26.5,75,0.0,0.0,0.0,0.0,4.17,7.4
2000-05-12,22.1,28.2,18.1,22.3,29.5,69,0.5,0.5,0.0,1.0,5.61,11.2
2000-05-13,19.6,23.9,15.9,19.6,24.5,73,0.0,0.0,0.0,0.0,4.84,9.0
2000-05-14,19.3,22.9,15.6,18.8,22.7,76,0.0,0.0,0.0,0.0,6.95,13.0
2000-05-15,22.2,26.7,19.4,24.7,32.3,83,0.2,0.2,0.0,1.0,4.94,10.1
2000-05-16,19.6,22.8,16.7,20.3,23.8,86,2.1,2.1,0.0,7.0,4.63,10.0
2000-05-17,18.2,21.7,15.4,18.3,23.3,77,0.0,0.0,0.0,0.0,3.14,7.6
2000-05-18,18.8,21.2,16.4,18.2,20.2,77,0.0,0.0,0.0,0.0,5.82,10.5
2000-05-19,23.0,28.8,18.0,23.4,29.9,63,0.0,0.0,0.0,0.0,4.02,8.5
2000-05-20,22.4,28.1,17.7,23.6,29.5,71,0.0,0.0,0.0,0.0,4.23,8.7
2000-05-21,23.4,30.1,18.0,23.9,32.0,69,0.0,0.0,0.0,0.0,5.5,10.7
2000-05-22,24.3,29.9,20.2,24.8,31.1,68,0.0,0.0,0.0,0.0,6.42,11.0
2000-05-23,24.5,29.1,20.8,24.4,29.7,67,0.0,0.0,0.0,0.0,6.96,12.1
2000-05-24,24.0,28.4,21.4,24.7,29.9,77,0.0,0.0,0.0,0.0,6.93,13.5
2000-05-25,21.8,23.2,20.9,22.1,24.1,90,30.5,30.5,0.0,20.0,9.2,16.4
2000-05-26,24.3,27.2,22.0,26.2,30.8,87,25.7,25.7,0.0,15.0,9.59,17.5
2000-05-27,22.1,23.8,20.4,22.7,24.7,76,0.0,0.0,0.0,0.0,6.4,11.9
2000-05-28,22.0,25.8,19.3,23.4,28.6,75,0.0,0.0,0.0,0.0,4.39,9.1
2000-05-29,21.0,23.8,19.5,20.7,22.6,70,0.6,0.6,0.0,3.0,5.82,9.9
2000-05-30,21.6,23.6,19.5,23.6,27.4,90,21.8,21.8,0.0,19.0,5.7,9.9
2000-05-31,22.3,25.3,20.2,25.1,27.7,88,39.9,39.9,0.0,11.0,3.24,7.3
2000-06-01,23.0,26.6,20.0,25.4,30.0,88,0.0,0.0,0.0,0.0,6.06,11.6
2000-06-02,24.2,26.5,22.6,28.6,32.3,94,9.9,9.9,0.0,16.0,4.83,9.0
2000-06-03,25.9,30.3,22.8,31.3,37.2,91,19.5,19.5,0.0,7.0,2.62,9.2
2000-06-04,21.3,23.5,19.9,22.4,27.8,89,14.5,14.5,0.0,8.0,8.05,14.1
2000-06-05,21.7,24.8,19.3,23.9,28.1,82,0.0,0.0,0.0,0.0,3.49,7.6
2000-06-06,22.5,26.6,19.1,23.8,28.0,72,0.0,0.0,0.0,0.0,4.18,8.8
2000-06-07,24.1,28.1,19.8,25.5,29.6,79,3.3,3.3,0.0,2.0,6.85,13.0
2000-06-08,24.0,26.4,22.2,27.5,29.6,91,33.1,33.1,0.0,18.0,4.52,8.3
2000-06-09,22.6,25.8,20.1,25.0,29.3,83,0.0,0.0,0.0,0.0,4.84,9.3
2000-06-10,20.3,21.8,18.7,21.8,23.8,83,2.4,2.4,0.0,5.0,4.04,8.3
2000-06-11,20.5,23.8,15.8,22.3,26.3,81,0.3,0.3,0.0,2.0,2.1,4.4
2000-06-12,21.2,24.0,18.8,21.8,24.3,76,0.0,0.0,0.0,0.0,5.23,9.7
2000-06-13,22.4,26.7,18.1,23.8,28.5,72,0.0,0.0,0.0,0.0,3.83,8.0
2000-06-14,24.5,30.0,19.3,26.0,33.7,64,0.0,0.0,0.0,0.0,4.44,8.6
2000-06-15,23.4,26.6,20.9,23.6,27.0,70,0.0,0.0,0.0,0.0,7.05,12.9
2000-06-16,22.5,24.8,20.8,24.0,26.2,83,1.1,1.1,0.0,6.0,5.17,10.0
2000-06-17,23.1,25.3,21.5,24.9,26.7,77,0.4,0.4,0.0,3.0,4.53,8.3
2000-06-18,23.8,27.7,18.9,26.1,31.5,72,0.0,0.0,0.0,0.0,3.69,7.1
2000-06-19,23.9,26.9,21.3,25.9,28.8,81,1.7,1.7,0.0,7.0,5.09,9.9
2000-06-20,24.6,26.9,23.0,28.3,30.3,90,22.9,22.9,0.0,12.0,4.46,11.7
2000-06-21,24.6,26.7,22.6,28.8,31.9,93,8.7,8.7,0.0,13.0,5.89,7.2
2000-06-22,24.4,25.5,23.2,28.3,29.5,92,14.9,14.9,0.0,21.0,5.66,13.3
2000-06-23,24.6,27.3,23.0,27.7,30.1,88,28.6,28.6,0.0,17.0,5.47,12.7
2000-06-24,27.0,30.3,23.7,31.7,35.6,85,7.9,7.9,0.0,12.0,4.53,10.7
2000-06-25,28.5,32.1,25.2,34.6,38.1,85,0.3,0.3,0.0,1.0,2.91,7.3
2000-06-26,30.7,34.6,26.2,36.4,40.9,74,0.0,0.0,0.0,0.0,4.24,9.6
2000-06-27,30.7,34.1,26.8,35.9,39.8,72,3.9,3.9,0.0,5.0,4.75,12.7
2000-06-28,27.2,28.4,25.9,33.0,35.3,88,4.2,4.2,0.0,12.0,3.41,10.6
2000-06-29,30.3,35.2,26.6,36.0,40.8,76,1.5,1.5,0.0,3.0,4.82,11.3
2000-06-30,28.2,30.3,26.0,34.3,37.9,86,11.4,11.4,0.0,10.0,3.1,8.8
2000-07-01,28.1,30.4,25.6,33.8,37.2,85,23.8,23.8,0.0,10.0,4.72,9.1
2000-07-02,26.6,27.9,24.9,30.3,31.5,87,0.0,0.0,0.0,0.0,6.47,11.1
2000-07-03,26.6,28.3,24.7,30.6,32.5,88,1.5,1.5,0.0,4.0,5.58,10.1
2000-07-04,27.3,29.2,25.9,30.9,33.1,85,1.7,1.7,0.0,8.0,6.84,13.3
2000-07-05,27.1,29.4,25.5,30.4,32.5,84,0.5,0.5,0.0,3.0,7.06,12.5
2000-07-06,26.8,29.1,24.8,30.6,33.9,80,0.0,0.0,0.0,0.0,4.46,9.4
2000-07-07,26.8,29.6,24.4,31.3,34.9,79,0.0,0.0,0.0,0.0,3.76,7.8
2000-07-08,26.9,30.0,24.5,31.0,35.1,77,0.0,0.0,0.0,0.0,3.55,7.3
2000-07-09,26.9,28.7,24.9,29.8,30.8,77,3.0,3.0,0.0,5.0,6.26,12.1
2000-07-10,25.6,27.4,23.4,28.4,31.2,89,36.7,36.7,0.0,15.0,8.25,18.6
2000-07-11,26.7,30.6,21.9,31.6,37.0,80,0.0,0.0,0.0,0.0,3.72,6.5
2000-07-12,29.4,32.8,27.0,36.0,39.4,82,7.0,7.0,0.0,5.0,2.9,8.2
2000-07-13,29.5,33.7,26.9,35.5,41.3,82,0.1,0.1,0.0,1.0,5.32,9.6
2000-07-14,30.0,33.6,26.7,35.4,40.6,78,0.0,0.0,0.0,0.0,5.26,9.7
2000-07-15,29.1,32.4,26.7,32.9,38.0,78,0.0,0.0,0.0,0.0,6.99,12.4
2000-07-16,29.3,32.3,27.4,32.7,35.8,79,0.0,0.0,0.0,0.0,7.78,14.1
2000-07-17,28.8,31.0,27.2,32.4,34.6,82,0.7,0.7,0.0,4.0,7.93,13.8
2000-07-18,29.8,32.6,27.0,34.2,37.8,76,1.6,1.6,0.0,3.0,6.45,11.5
2000-07-19,29.7,33.0,27.9,33.6,37.3,77,1.0,1.0,0.0,3.0,6.84,12.5
2000-07-20,30.4,33.9,27.1,34.8,39.5,74,0.0,0.0,0.0,0.0,6.26,11.5
2000-07-21,31.0,35.0,27.0,36.5,42.5,74,0.0,0.0,0.0,0.0,4.75,8.9
2000-07-22,31.9,36.3,27.8,37.7,43.3,72,0.1,0.1,0.0,1.0,4.6,8.2
2000-07-23,32.3,36.0,29.1,38.0,41.8,69,0.0,0.0,0.0,0.0,4.6,9.9
2000-07-24,30.7,33.6,28.5,36.8,40.1,76,7.9,7.9,0.0,7.0,3.2,8.0
2000-07-25,28.5,29.9,27.3,35.0,36.9,87,19.8,19.8,0.0,21.0,3.04,7.9
2000-07-26,28.1,30.1,25.9,33.4,35.5,85,1.8,1.8,0.0,8.0,5.22,9.5
2000-07-27,27.9,30.0,26.2,33.1,35.6,84,1.2,1.2,0.0,8.0,4.21,8.7
2000-07-28,28.6,31.9,26.1,33.9,37.9,81,0.0,0.0,0.0,0.0,4.71,8.7
2000-07-29,29.0,32.4,26.7,35.0,39.4,79,1.2,1.2,0.0,2.0,3.01,5.4
2000-07-30,28.9,31.9,26.8,33.3,36.9,76,0.3,0.3,0.0,2.0,4.75,9.3
2000-07-31,29.1,32.7,25.5,33.0,36.1,67,0.0,0.0,0.0,0.0,4.6,9.0
2000-08-01,28.8,31.5,25.9,33.4,36.4,73,1.1,1.1,0.0,5.0,3.6,7.4
2000-08-02,28.2,31.3,25.7,33.0,36.1,79,0.1,0.1,0.0,1.0,4.7,9.1
2000-08-03,27.7,29.4,25.7,32.0,32.7,79,0.6,0.6,0.0,3.0,4.31,8.1
2000-08-04,28.1,30.9,26.2,32.8,35.7,77,0.0,0.0,0.0,0.0,4.18,8.3
2000-08-05,28.4,30.6,26.4,32.8,34.7,81,1.9,1.9,0.0,7.0,6.1,11.8
2000-08-06,29.0,31.6,26.9,33.1,36.2,79,0.3,0.3,0.0,2.0,5.89,11.2
2000-08-07,28.9,31.4,26.9,33.8,36.7,80,0.0,0.0,0.0,0.0,5.24,9.9
2000-08-08,28.8,31.7,26.9,33.8,37.2,80,0.0,0.0,0.0,0.0,4.93,9.7
2000-08-09,28.9,31.3,26.8,33.8,36.4,80,0.3,0.3,0.0,3.0,5.54,10.8
2000-08-10,28.4,30.3,27.1,31.3,34.2,82,3.2,3.2,0.0,11.0,11.02,19.8
2000-08-11,27.6,30.2,26.1,29.0,32.9,85,5.9,5.9,0.0,13.0,12.7,22.7
2000-08-12,28.3,30.9,26.8,31.8,34.8,84,0.3,0.3,0.0,3.0,7.43,13.6
2000-08-13,28.3,31.4,26.6,32.1,35.1,83,0.3,0.3,0.0,3.0,8.02,14.3
2000-08-14,28.1,30.8,26.0,31.1,33.9,78,0.9,0.9,0.0,3.0,7.75,13.6
2000-08-15,28.9,32.8,25.7,34.5,40.5,79,1.6,1.6,0.0,5.0,4.38,7.9
2000-08-16,28.9,31.4,27.1,35.2,38.3,82,9.8,9.8,0.0,10.0,2.3,5.7
2000-08-17,28.5,30.8,26.4,35.4,38.2,86,20.2,20.2,0.0,11.0,1.39,5.0
2000-08-18,27.9,30.9,26.5,34.4,37.9,87,6.7,6.7,0.0,11.0,1.97,5.5
2000-08-19,27.4,30.0,25.2,33.8,37.1,88,16.4,16.4,0.0,14.0,2.16,5.3
2000-08-20,26.4,30.1,24.3,30.9,34.4,85,17.2,17.2,0.0,13.0,3.64,7.0
2000-08-21,26.8,30.2,23.5,31.1,35.8,77,0.0,0.0,0.0,0.0,3.81,6.0
2000-08-22,27.4,30.3,25.0,31.3,34.4,80,0.1,0.1,0.0,1.0,6.22,11.5
2000-08-23,28.6,30.7,27.1,32.9,35.7,86,6.0,6.0,0.0,10.0,7.21,13.6
2000-08-24,26.8,27.3,26.4,29.8,30.7,91,27.5,27.5,0.0,20.0,8.23,15.2
2000-08-25,26.9,27.9,26.3,29.8,30.5,90,14.2,14.2,0.0,15.0,8.38,14.9
2000-08-26,26.2,27.4,25.4,30.6,32.2,91,54.3,54.3,0.0,22.0,7.07,14.9
2000-08-27,27.0,28.8,25.6,32.2,33.8,87,2.6,2.6,0.0,7.0,4.33,9.0
2000-08-28,27.6,30.0,25.7,32.2,35.1,86,0.1,0.1,0.0,1.0,5.64,10.9
2000-08-29,27.7,29.5,26.6,31.3,33.2,86,7.9,7.9,0.0,11.0,8.0,15.3
2000-08-30,27.0,27.9,26.5,29.2,30.1,88,27.1,27.1,0.0,18.0,11.7,21.4
2000-08-31,27.2,29.9,25.6,29.6,33.7,84,25.4,25.4,0.0,9.0,12.73,24.7
2000-09-01,27.7,30.3,25.4,33.3,36.5,86,0.3,0.3,0.0,1.0,3.88,7.7
2000-09-02,28.8,31.7,26.6,33.7,37.7,84,0.0,0.0,0.0,0.0,6.11,11.6
2000-09-03,28.7,31.6,27.0,34.2,37.9,85,0.0,0.0,0.0,0.0,5.2,9.5
2000-09-04,28.0,30.3,25.5,33.7,37.1,87,4.3,4.3,0.0,7.0,4.43,8.8
2000-09-05,26.3,28.8,24.5,30.0,32.6,81,2.2,2.2,0.0,12.0,4.83,9.3
2000-09-06,24.5,27.0,22.7,26.6,29.7,79,1.5,1.5,0.0,7.0,6.04,10.3
2000-09-07,23.5,25.4,22.3,23.7,25.8,67,0.0,0.0,0.0,0.0,5.78,10.6
2000-09-08,23.1,25.4,21.5,24.0,25.7,73,0.0,0.0,0.0,0.0,5.37,10.7
2000-09-09,23.7,26.4,21.0,24.3,26.1,72,0.0,0.0,0.0,0.0,6.62,12.0
2000-09-10,24.0,26.3,22.6,25.4,27.0,79,1.1,1.1,0.0,6.0,6.26,11.5
2000-09-11,24.0,25.2,22.6,25.4,26.5,80,2.2,2.2,0.0,6.0,6.72,11.6
2000-09-12,23.8,25.5,22.0,24.2,26.1,76,0.7,0.7,0.0,4.0,7.75,14.1
2000-09-13,21.8,22.7,20.6,20.1,20.9,81,22.5,22.5,0.0,15.0,10.66,20.3
2000-09-14,21.6,22.1,21.0,19.7,20.5,87,15.4,15.4,0.0,19.0,11.1,19.7
2000-09-15,22.0,23.5,20.8,21.7,23.2,84,13.8,13.8,0.0,15.0,9.02,15.6
2000-09-16,22.5,26.8,19.0,22.6,26.9,68,0.0,0.0,0.0,0.0,5.92,11.3
2000-09-17,23.8,30.1,19.5,24.7,31.4,63,0.0,0.0,0.0,0.0,3.71,6.7
2000-09-18,24.4,30.1,20.3,25.5,31.7,63,0.0,0.0,0.0,0.0,3.22,6.8
2000-09-19,24.6,29.4,21.4,26.4,31.7,75,0.0,0.0,0.0,0.0,4.53,9.3
2000-09-20,23.8,26.8,21.4,26.1,28.9,79,0.0,0.0,0.0,0.0,4.08,8.5
2000-09-21,22.5,24.5,20.7,25.3,27.1,83,0.6,0.6,0.0,3.0,2.26,4.6
2000-09-22,23.1,26.5,21.0,26.2,30.0,82,3.2,3.2,0.0,5.0,1.9,6.0
2000-09-23,23.5,27.5,20.9,26.7,31.3,83,0.2,0.2,0.0,1.0,3.16,6.4
2000-09-24,23.8,26.7,21.5,26.4,29.5,84,0.0,0.0,0.0,0.0,4.34,8.9
2000-09-25,24.0,25.7,23.0,25.7,28.0,84,0.9,0.9,0.0,3.0,5.54,11.0
2000-09-26,23.3,24.6,22.6,24.4,25.4,82,1.1,1.1,0.0,6.0,6.2,11.3
2000-09-27,23.6,24.7,22.8,26.0,27.4,87,6.1,6.1,0.0,14.0,4.84,8.3
2000-09-28,23.5,25.8,22.1,26.5,28.8,88,18.7,18.7,0.0,18.0,5.12,8.6
2000-09-29,22.3,24.2,20.8,25.2,27.6,90,3.1,3.1,0.0,12.0,3.47,6.4
2000-09-30,22.4,24.7,20.6,25.2,27.2,87,0.8,0.8,0.0,4.0,2.89,6.6
2000-10-01,23.4,25.0,21.9,27.3,29.3,90,2.3,2.3,0.0,7.0,2.75,5.6
2000-10-02,22.0,23.5,20.3,24.6,26.7,93,23.9,23.9,0.0,19.0,4.18,10.8
2000-10-03,21.1,23.4,19.5,21.8,23.1,80,0.0,0.0,0.0,0.0,5.6,10.7
2000-10-04,21.1,24.2,18.7,22.1,25.7,75,0.0,0.0,0.0,0.0,3.91,8.2
2000-10-05,21.8,25.0,19.6,23.3,25.7,80,0.1,0.1,0.0,1.0,4.92,8.8
2000-10-06,22.1,24.5,20.0,24.0,25.1,84,0.1,0.1,0.0,1.0,5.28,8.7
2000-10-07,22.0,24.3,20.2,24.2,26.5,87,1.4,1.4,0.0,6.0,4.67,9.9
2000-10-08,22.5,25.5,20.0,24.9,27.8,84,0.2,0.2,0.0,2.0,3.8,8.3
2000-10-09,22.5,27.0,19.6,24.6,29.4,81,0.0,0.0,0.0,0.0,3.62,7.0
2000-10-10,23.2,27.0,20.3,25.2,28.8,83,0.0,0.0,0.0,0.0,5.71,11.4
2000-10-11,23.7,27.7,21.6,26.6,31.6,84,0.1,0.1,0.0,1.0,4.52,7.8
2000-10-12,18.8,22.3,16.6,16.6,24.5,78,0.2,0.2,0.0,2.0,9.22,16.4
2000-10-13,16.4,17.6,15.5,13.5,14.0,63,0.0,0.0,0.0,0.0,6.67,12.1
2000-10-14,17.2,19.6,15.3,15.9,17.4,67,0.0,0.0,0.0,0.0,4.41,8.9
2000-10-15,18.1,20.6,16.2,16.6,18.4,66,0.0,0.0,0.0,0.0,5.42,10.3
2000-10-16,18.4,20.5,17.1,16.9,18.1,67,0.7,0.7,0.0,2.0,6.16,11.8
2000-10-17,16.5,17.4,15.2,16.0,16.7,81,3.2,3.2,0.0,8.0,3.76,7.4
2000-10-18,18.4,20.5,16.4,17.6,19.9,75,0.0,0.0,0.0,0.0,5.46,9.7
2000-10-19,20.1,22.9,17.2,21.1,23.4,81,3.5,3.5,0.0,4.0,4.72,8.5
2000-10-20,19.4,20.0,18.6,21.3,21.8,91,8.9,8.9,0.0,10.0,3.3,5.5
2000-10-21,20.2,21.5,19.5,20.8,21.8,85,0.0,0.0,0.0,0.0,5.23,10.3
2000-10-22,19.9,20.7,19.3,20.7,23.2,89,8.6,8.6,0.0,15.0,6.3,9.9
2000-10-23,20.8,22.0,19.7,23.5,24.8,94,2.5,2.5,0.0,5.0,3.4,5.6
2000-10-24,21.6,24.4,19.8,24.8,27.8,92,0.0,0.0,0.0,0.0,2.22,4.1
2000-10-25,19.8,21.0,18.1,20.1,23.9,87,0.0,0.0,0.0,0.0,6.53,11.8
2000-10-26,17.5,18.9,16.3,15.0,16.3,69,0.0,0.0,0.0,0.0,7.38,13.4
2000-10-27,17.6,20.1,16.1,16.1,17.8,70,0.0,0.0,0.0,0.0,5.78,10.7
2000-10-28,18.0,21.0,16.1,17.5,20.5,80,0.8,0.8,0.0,5.0,4.6,8.6
2000-10-29,14.6,16.1,12.7,12.4,14.9,80,1.1,1.1,0.0,7.0,5.98,11.7
2000-10-30,14.9,17.7,11.5,13.0,16.2,76,0.0,0.0,0.0,0.0,5.19,9.6
2000-10-31,16.5,17.6,15.3,15.0,16.5,81,4.8,4.8,0.0,14.0,6.04,10.7
2000-11-01,15.2,16.1,14.4,13.1,14.6,83,6.5,6.5,0.0,15.0,6.26,11.9
2000-11-02,14.7,17.2,12.6,12.5,14.5,71,0.0,0.0,0.0,0.0,5.46,9.9
2000-11-03,15.0,18.5,12.8,13.8,16.9,73,0.0,0.0,0.0,0.0,3.23,7.3
2000-11-04,15.8,20.1,12.7,15.7,21.0,78,0.0,0.0,0.0,0.0,2.55,4.8
2000-11-05,16.2,20.2,13.3,16.0,19.8,82,0.0,0.0,0.0,0.0,3.42,7.2
2000-11-06,18.3,22.3,15.6,18.5,22.2,81,0.0,0.0,0.0,0.0,4.61,7.9
2000-11-07,18.1,20.2,16.6,17.4,19.9,85,0.0,0.0,0.0,0.0,8.42,14.4
2000-11-08,13.8,16.3,12.6,11.1,12.7,82,18.4,18.4,0.0,16.0,7.86,14.1
2000-11-09,15.5,17.5,13.6,13.8,15.6,76,0.0,0.0,0.0,0.0,5.46,10.1
2000-11-10,14.2,16.4,12.0,12.2,15.1,83,0.0,0.0,0.0,0.0,6.77,12.3
2000-11-11,10.7,12.0,8.8,7.3,8.4,78,1.4,1.4,0.0,5.0,6.4,11.2
2000-11-12,7.1,8.8,5.6,3.4,5.8,80,4.9,4.9,0.0,11.0,5.83,10.2
2000-11-13,10.4,13.5,5.6,8.3,12.5,81,0.8,0.8,0.0,2.0,3.41,6.2
2000-11-14,16.2,18.5,13.5,15.9,18.4,92,7.4,7.4,0.0,16.0,4.85,9.2
2000-11-15,14.7,16.2,13.7,13.6,16.9,95,11.4,11.4,0.0,18.0,6.37,11.6
2000-11-16,13.0,14.5,10.9,11.1,13.6,90,13.9,13.9,0.0,17.0,5.4,10.1
2000-11-17,9.3,10.9,8.5,5.8,8.1,76,0.0,0.0,0.0,0.0,5.56,9.9
2000-11-18,11.0,13.7,7.5,8.4,10.7,74,0.0,0.0,0.0,0.0,4.83,8.5
2000-11-19,14.5,17.0,10.6,12.7,16.6,83,12.1,12.1,0.0,11.0,6.42,11.8
2000-11-20,8.8,10.4,6.7,3.8,6.5,72,1.5,1.5,0.0,4.0,8.5,15.6
2000-11-21,8.4,10.9,5.9,4.4,6.9,63,0.0,0.0,0.0,0.0,5.66,11.4
2000-11-22,10.2,13.9,7.2,7.6,10.7,70,0.0,0.0,0.0,0.0,3.5,7.7
2000-11-23,11.0,15.3,7.6,8.9,13.2,77,0.0,0.0,0.0,0.0,3.29,7.0
2000-11-24,13.6,18.2,10.1,12.0,15.9,81,0.0,0.0,0.0,0.0,4.39,8.6
2000-11-25,15.8,19.3,13.6,15.4,18.7,85,0.5,0.5,0.0,1.0,3.79,8.3
2000-11-26,14.2,16.0,13.1,13.4,16.4,91,3.2,3.2,0.0,10.0,5.33,9.8
2000-11-27,11.7,12.9,10.7,8.7,10.7,70,0.0,0.0,0.0,0.0,5.05,10.1
2000-11-28,11.1,13.7,9.1,8.7,10.7,73,0.0,0.0,0.0,0.0,3.89,8.4
2000-11-29,12.0,13.5,10.3,9.6,10.9,77,2.9,2.9,0.0,5.0,5.1,9.0
2000-11-30,12.3,13.2,11.4,9.6,12.1,90,26.2,26.2,0.0,18.0,7.62,13.9
2000-12-01,12.5,14.4,10.6,9.8,11.1,79,0.0,0.0,0.0,0.0,6.22,11.7
2000-12-02,11.7,12.7,10.7,9.9,11.2,83,0.0,0.0,0.0,0.0,3.19,6.0
2000-12-03,10.7,12.3,9.4,7.8,8.8,80,0.0,0.0,0.0,0.0,5.69,10.3
2000-12-04,9.5,13.4,6.6,7.3,10.9,78,0.0,0.0,0.0,0.0,3.3,5.8
2000-12-05,9.1,13.3,5.5,6.7,10.5,80,0.0,0.0,0.0,0.0,4.5,9.1
2000-12-06,11.0,13.4,9.1,8.3,10.2,72,0.0,0.0,0.0,0.0,4.8,9.1
2000-12-07,12.3,15.6,10.1,10.0,12.9,71,0.0,0.0,0.0,0.0,4.1,8.1
2000-12-08,12.3,17.1,8.3,10.5,15.1,80,0.0,0.0,0.0,0.0,4.53,7.6
2000-12-09,15.0,19.1,12.5,13.8,18.3,80,0.0,0.0,0.0,0.0,4.37,8.2
2000-12-10,10.8,13.6,7.3,7.3,13.3,81,0.2,0.2,0.0,2.0,8.81,15.7
2000-12-11,7.1,8.2,6.4,2.0,3.0,60,0.0,0.0,0.0,0.0,6.8,12.1
2000-12-12,6.1,7.6,4.5,1.9,2.7,68,0.1,0.1,0.0,1.0,5.38,9.2
2000-12-13,4.4,5.7,3.0,1.3,3.4,77,0.0,0.0,0.0,0.0,3.33,6.3
2000-12-14,4.8,8.6,1.6,2.1,6.7,83,0.0,0.0,0.0,0.0,2.3,4.9
2000-12-15,8.1,13.6,3.2,5.8,11.2,85,0.0,0.0,0.0,0.0,4.42,7.8
2000-12-16,9.9,12.5,7.4,7.5,10.3,88,4.8,4.8,0.0,11.0,4.83,9.2
2000-12-17,9.8,11.0,8.4,7.2,8.1,83,0.8,0.8,0.0,4.0,4.92,9.1
2000-12-18,11.2,15.3,8.3,9.7,13.6,86,0.0,0.0,0.0,0.0,4.05,7.8
2000-12-19,9.9,12.1,8.2,6.6,8.2,79,0.0,0.0,0.0,0.0,5.95,11.7
2000-12-20,7.1,9.4,5.5,3.1,6.4,82,8.4,8.4,0.0,10.0,6.0,10.9
2000-12-21,6.0,9.0,3.4,2.7,6.6,75,0.0,0.0,0.0,0.0,4.88,8.1
2000-12-22,7.0,12.3,3.5,3.9,8.9,75,0.0,0.0,0.0,0.0,3.61,7.2
2000-12-23,8.2,12.3,5.7,5.0,9.2,77,0.0,0.0,0.0,0.0,4.7,9.0
2000-12-24,9.7,15.4,5.7,6.6,11.6,73,0.0,0.0,0.0,0.0,5.0,9.8
2000-12-25,7.6,11.1,4.3,4.3,7.5,70,0.0,0.0,0.0,0.0,4.03,8.0
2000-12-26,8.5,10.9,6.4,4.8,6.8,69,0.0,0.0,0.0,0.0,5.1,10.0
2000-12-27,11.0,14.5,8.8,8.2,10.9,76,0.0,0.0,0.0,0.0,5.87,11.5
2000-12-28,8.8,9.6,7.8,5.5,8.1,89,0.0,0.0,0.0,0.0,6.6,10.9
2000-12-29,9.0,9.8,8.2,6.0,7.6,83,0.0,0.0,0.0,0.0,4.8,9.0
2000-12-30,9.8,11.1,8.2,7.9,9.7,87,0.1,0.1,0.0,1.0,3.94,6.3
2000-12-31,7.0,8.9,3.7,2.5,5.5,68,0.0,0.0,0.0,0.0,6.94,13.6
2001-01-01,6.1,10.6,1.5,3.0,6.6,71,0.0,0.0,0.0,0.0,4.49,8.9
2001-01-02,8.4,10.2,7.2,5.2,6.6,71,0.0,0.0,0.0,0.0,5.02,9.5
2001-01-03,8.8,12.5,6.5,6.7,9.9,72,0.0,0.0,0.0,0.0,2.06,5.3
2001-01-04,7.8,9.6,6.5,4.1,5.9,78,0.0,0.0,0.0,0.0,5.3,10.3
2001-01-05,9.1,9.8,8.4,5.3,5.7,81,3.5,3.5,0.0,10.0,6.61,11.7
2001-01-06,11.1,12.8,9.2,7.9,12.3,89,21.7,21.7,0.0,22.0,7.79,13.9
2001-01-07,8.5,12.7,6.2,4.2,12.0,82,0.1,0.1,0.0,1.0,8.97,16.8
2001-01-08,8.1,9.7,6.1,5.2,7.8,81,3.7,3.7,0.0,4.0,5.22,9.9
2001-01-09,6.2,9.7,2.8,1.8,8.3,84,3.3,3.3,0.0,7.0,7.47,13.3
2001-01-10,3.6,6.6,0.8,0.3,3.8,76,0.0,0.0,0.0,0.0,4.03,7.7
2001-01-11,5.7,11.2,1.5,2.7,7.8,78,0.0,0.0,0.0,0.0,3.61,7.0
2001-01-12,7.2,10.8,4.2,4.7,8.1,82,2.4,2.4,0.0,4.0,3.28,6.6
2001-01-13,5.5,7.3,3.0,1.4,3.9,75,0.9,0.9,0.0,3.0,5.83,10.7
2001-01-14,0.4,2.6,-1.9,-5.7,-2.9,57,0.0,0.0,0.0,0.0,6.71,13.2
2001-01-15,-1.5,0.6,-3.7,-6.9,-4.7,51,0.0,0.0,0.0,0.0,5.14,9.8
2001-01-16,-0.1,3.3,-3.5,-4.1,0.0,64,0.0,0.0,0.0,0.0,2.61,5.8
2001-01-17,5.0,9.0,-0.0,1.5,5.3,72,0.0,0.0,0.0,0.0,3.92,8.5
2001-01-18,9.0,10.7,6.9,6.5,8.5,89,4.3,4.3,0.0,9.0,4.22,8.0
2001-01-19,11.7,14.7,9.9,10.7,14.4,93,5.2,5.2,0.0,16.0,3.82,6.8
2001-01-20,7.0,9.4,5.5,3.6,7.6,87,2.2,2.2,0.0,5.0,5.99,11.1
2001-01-21,6.4,8.7,4.6,3.1,4.8,79,6.9,6.9,0.0,8.0,5.85,10.8
2001-01-22,7.3,8.4,6.7,3.1,3.8,89,9.0,9.0,0.0,11.0,7.27,13.0
2001-01-23,7.3,8.8,6.3,3.0,4.1,82,5.8,5.8,0.0,8.0,7.15,13.3
2001-01-24,9.0,9.7,7.7,6.3,8.2,94,21.2,21.2,0.0,19.0,6.45,11.5
2001-01-25,7.6,9.4,5.8,3.9,7.4,91,8.8,8.8,0.0,20.0,6.74,12.7
2001-01-26,3.4,5.8,0.9,-1.9,2.1,82,4.6,4.6,0.0,7.0,8.49,14.2
2001-01-27,1.7,4.1,-0.5,-3.0,0.5,71,0.0,0.0,0.0,0.0,8.32,14.4
2001-01-28,3.0,5.6,-0.2,-2.5,-1.5,59,0.0,0.0,0.0,0.0,9.45,17.0
2001-01-29,2.0,6.1,-1.0,-1.9,2.0,59,0.0,0.0,0.0,0.0,3.01,6.3
2001-01-30,3.8,7.7,-0.2,0.1,3.8,67,0.0,0.0,0.0,0.0,3.04,5.8
2001-01-31,6.8,8.7,5.0,3.3,5.6,77,0.0,0.0,0.0,0.0,5.8,9.6
2001-02-01,4.1,6.0,2.5,-1.1,0.3,59,0.0,0.0,0.0,0.0,7.08,12.5
2001-02-02,4.0,7.3,1.6,0.3,3.7,66,0.0,0.0,0.0,0.0,3.62,7.4
2001-02-03,6.8,8.8,4.5,3.3,5.5,82,6.1,6.1,0.0,9.0,5.57,9.3
2001-02-04,7.8,9.0,7.3,4.5,6.0,87,4.8,4.8,0.0,12.0,5.23,8.8
2001-02-05,8.2,9.4,6.8,5.8,7.6,92,0.0,0.0,0.0,0.0,3.86,6.4
2001-02-06,7.7,8.9,6.2,4.8,8.3,95,5.5,5.5,0.0,12.0,5.86,10.3
2001-02-07,4.3,6.3,2.4,-0.8,2.0,82,6.0,6.0,0.0,12.0,6.95,13.1
2001-02-08,2.5,5.1,0.2,-1.4,2.2,71,0.0,0.0,0.0,0.0,4.88,8.5
2001-02-09,4.5,8.2,1.5,1.6,5.8,78,0.0,0.0,0.0,0.0,2.95,6.1
2001-02-10,7.0,11.4,3.8,4.3,8.7,80,0.0,0.0,0.0,0.0,4.21,8.0
2001-02-11,7.5,9.7,5.2,3.9,6.3,83,5.0,5.0,0.0,8.0,6.2,11.3
2001-02-12,6.2,8.2,5.1,1.2,4.0,87,17.9,17.9,0.0,23.0,8.32,15.1
2001-02-13,4.4,5.9,2.9,-0.2,0.9,76,1.0,1.0,0.0,5.0,6.06,10.9
2001-02-14,4.8,7.8,2.7,1.1,3.7,70,0.0,0.0,0.0,0.0,4.38,8.7
2001-02-15,7.2,13.1,2.5,3.4,8.7,69,0.0,0.0,0.0,0.0,5.52,10.9
2001-02-16,4.9,7.6,1.9,0.8,3.5,63,0.0,0.0,0.0,0.0,4.63,9.3
2001-02-17,6.9,10.4,1.8,2.7,7.2,71,0.0,0.0,0.0,0.0,6.87,12.9
2001-02-18,10.2,15.9,6.6,8.2,15.3,78,0.0,0.0,0.0,0.0,3.21,6.0
2001-02-19,8.4,13.2,5.3,5.7,10.2,83,0.0,0.0,0.0,0.0,5.02,10.0
2001-02-20,9.2,12.3,6.1,6.3,9.6,84,0.7,0.7,0.0,3.0,5.55,10.7
2001-02-21,10.3,11.7,7.8,8.2,9.7,90,10.8,10.8,0.0,14.0,5.5,9.3
2001-02-22,10.3,13.6,7.6,8.1,11.5,91,0.0,0.0,0.0,0.0,5.82,10.0
2001-02-23,13.7,19.6,8.1,11.4,19.8,89,0.8,0.8,0.0,3.0,7.31,12.7
2001-02-24,5.0,8.1,2.4,-0.9,3.0,74,0.1,0.1,0.0,1.0,8.51,15.8
2001-02-25,5.0,6.7,3.2,-0.0,2.5,57,0.0,0.0,0.0,0.0,5.6,10.4
2001-02-26,7.6,9.5,6.1,4.2,7.2,76,0.6,0.6,0.0,4.0,5.81,10.2
2001-02-27,10.1,12.1,8.3,8.1,11.3,94,17.8,17.8,0.0,19.0,4.83,9.2
2001-02-28,7.6,8.2,6.8,4.5,5.5,89,0.0,0.0,0.0,0.0,4.9,8.7
2001-03-01,10.3,15.8,6.6,6.7,11.4,68,0.0,0.0,0.0,0.0,7.91,15.1
2001-03-02,9.5,14.3,5.5,6.1,11.5,64,0.0,0.0,0.0,0.0,5.59,9.7
2001-03-03,10.4,15.5,6.3,6.8,11.3,66,0.5,0.5,0.0,2.0,7.54,13.8
2001-03-04,8.6,12.0,6.1,3.8,6.3,44,0.0,0.0,0.0,0.0,7.58,14.5
2001-03-05,9.4,13.8,3.5,6.0,10.6,67,0.0,0.0,0.0,0.0,5.91,11.6
2001-03-06,12.5,19.6,7.3,10.0,18.5,67,1.1,1.1,0.0,5.0,6.52,12.4
2001-03-07,6.0,7.5,3.2,0.9,3.9,54,0.1,0.1,0.0,1.0,5.9,11.1
2001-03-08,5.0,8.8,1.0,0.1,2.5,49,0.0,0.0,0.0,0.0,8.02,16.1
2001-03-09,5.6,10.9,0.4,1.7,8.4,51,0.0,0.0,0.0,0.0,4.92,9.6
2001-03-10,10.6,17.8,5.6,8.0,16.4,67,0.0,0.0,0.0,0.0,4.46,8.2
2001-03-11,8.5,11.6,7.1,5.6,10.6,78,0.0,0.0,0.0,0.0,4.6,9.0
2001-03-12,8.6,12.6,6.0,6.1,10.9,72,0.2,0.2,0.0,1.0,3.45,8.1
2001-03-13,10.0,15.3,6.0,5.8,11.5,67,0.0,0.0,0.0,0.0,7.48,13.5
2001-03-14,15.9,24.0,10.4,13.5,22.8,66,0.1,0.1,0.0,1.0,7.71,13.3
2001-03-15,8.7,10.1,7.3,4.3,5.9,74,0.2,0.2,0.0,1.0,7.02,12.5
2001-03-16,8.3,8.9,7.5,5.0,7.0,85,10.3,10.3,0.0,21.0,6.13,12.0
2001-03-17,8.2,9.1,7.3,5.4,6.5,87,0.9,0.9,0.0,3.0,4.85,9.0
2001-03-18,11.1,16.8,5.9,9.3,17.2,75,0.0,0.0,0.0,0.0,3.72,6.0
2001-03-19,13.8,19.5,9.2,12.3,19.9,71,0.0,0.0,0.0,0.0,3.82,5.9
2001-03-20,16.8,21.3,13.0,15.2,19.9,66,0.0,0.0,0.0,0.0,5.0,10.1
2001-03-21,17.2,23.6,12.0,15.9,22.1,64,0.0,0.0,0.0,0.0,4.12,8.0
2001-03-22,14.8,20.8,10.6,12.7,19.7,69,4.3,4.3,0.0,5.0,6.02,11.7
2001-03-23,13.1,15.9,11.0,11.4,15.6,82,2.7,2.7,0.0,4.0,4.74,8.6
2001-03-24,13.4,14.2,12.7,12.1,13.2,92,12.4,12.4,0.0,14.0,5.5,9.5
2001-03-25,13.3,17.8,8.9,11.3,16.0,84,0.2,0.2,0.0,1.0,6.18,11.4
2001-03-26,10.7,14.1,7.6,8.3,13.2,75,0.0,0.0,0.0,0.0,4.68,9.3
2001-03-27,14.3,17.9,11.2,12.2,16.9,78,0.0,0.0,0.0,0.0,5.48,10.7
2001-03-28,9.3,12.1,7.0,5.4,9.0,66,0.0,0.0,0.0,0.0,7.07,12.9
2001-03-29,9.6,14.4,4.7,6.5,12.6,57,0.0,0.0,0.0,0.0,5.11,9.2
2001-03-30,13.5,22.0,8.9,10.2,19.6,63,1.3,1.3,0.0,3.0,8.1,14.3
2001-03-31,9.1,11.4,6.9,5.2,8.4,57,0.5,0.5,0.0,2.0,5.61,10.3
2001-04-01,10.0,14.3,5.7,6.8,12.1,63,0.0,0.0,0.0,0.0,5.72,11.1
2001-04-02,14.2,19.0,10.9,12.6,18.3,81,0.0,0.0,0.0,0.0,5.69,9.8
2001-04-03,11.8,14.1,9.0,8.3,12.2,72,0.0,0.0,0.0,0.0,7.85,14.7
2001-04-04,11.5,14.9,7.8,8.8,13.6,67,0.0,0.0,0.0,0.0,4.26,9.6
2001-04-05,14.6,19.2,10.8,13.3,18.6,79,0.0,0.0,0.0,0.0,3.9,8.6
2001-04-06,15.7,19.7,13.9,15.1,19.6,85,0.0,0.0,0.0,0.0,4.89,9.5
2001-04-07,15.9,19.4,13.9,15.8,20.1,87,0.0,0.0,0.0,0.0,3.93,8.5
2001-04-08,15.3,17.3,14.2,14.4,15.7,93,5.8,5.8,0.0,6.0,6.03,11.1
2001-04-09,15.8,19.0,13.5,14.9,18.6,89,0.0,0.0,0.0,0.0,6.24,10.9
2001-04-10,14.8,17.8,11.5,13.2,17.1,79,0.0,0.0,0.0,0.0,5.6,9.9
2001-04-11,10.3,11.7,9.0,6.8,8.9,78,1.0,1.0,0.0,5.0,6.18,11.1
2001-04-12,13.8,18.8,9.3,10.4,15.6,54,0.0,0.0,0.0,0.0,6.14,11.8
2001-04-13,16.0,21.6,10.6,13.4,19.7,55,0.0,0.0,0.0,0.0,5.24,11.4
2001-04-14,14.6,18.6,11.4,12.4,17.8,61,0.0,0.0,0.0,0.0,5.94,10.7
2001-04-15,14.6,20.8,9.1,12.5,20.1,60,0.0,0.0,0.0,0.0,4.21,8.3
2001-04-16,17.3,22.6,12.1,15.9,22.7,67,0.0,0.0,0.0,0.0,4.92,9.6
2001-04-17,18.2,22.6,15.2,18.3,23.5,80,0.0,0.0,0.0,0.0,4.48,9.2
2001-04-18,17.2,21.9,14.5,16.6,22.5,82,0.0,0.0,0.0,0.0,5.86,10.9
2001-04-19,19.4,25.5,15.1,19.2,27.6,77,0.0,0.0,0.0,0.0,6.0,10.2
2001-04-20,16.0,17.6,14.1,13.7,17.7,90,8.3,8.3,0.0,12.0,8.78,15.9
2001-04-21,14.0,14.6,12.4,11.2,12.3,83,4.4,4.4,0.0,13.0,7.21,12.3
2001-04-22,14.0,17.5,11.0,11.5,15.8,62,0.0,0.0,0.0,0.0,5.12,9.5
2001-04-23,14.9,18.0,11.8,13.5,15.9,76,6.7,6.7,0.0,8.0,5.41,10.4
2001-04-24,14.1,15.7,12.6,12.0,14.2,78,0.7,0.7,0.0,3.0,5.41,10.0
2001-04-25,14.2,17.8,11.2,11.7,15.9,57,0.0,0.0,0.0,0.0,4.98,9.7
2001-04-26,14.8,18.7,11.5,12.6,17.4,58,0.0,0.0,0.0,0.0,4.59,9.1
2001-04-27,16.0,19.1,12.5,13.9,16.9,76,10.5,10.5,0.0,7.0,7.44,14.0
2001-04-28,18.8,22.0,16.4,19.9,23.7,91,28.5,28.5,0.0,17.0,4.79,9.2
2001-04-29,19.9,22.3,18.3,22.3,25.0,95,22.8,22.8,0.0,17.0,3.12,10.4
2001-04-30,18.2,19.9,16.1,18.0,19.8,85,0.5,0.5,0.0,3.0,5.87,10.9
2001-05-01,16.8,18.7,14.8,16.4,18.6,83,0.2,0.2,0.0,1.0,4.94,9.1
2001-05-02,16.9,21.9,13.2,17.1,24.1,79,0.0,0.0,0.0,0.0,3.86,7.0
2001-05-03,17.8,21.6,15.1,17.0,21.6,79,0.0,0.0,0.0,0.0,6.3,11.8
2001-05-04,18.9,22.1,16.5,18.4,23.1,83,0.0,0.0,0.0,0.0,6.83,12.7
2001-05-05,17.9,18.8,16.6,16.3,18.2,88,45.5,45.5,0.0,16.0,8.06,16.8
2001-05-06,17.9,19.0,16.7,18.1,19.3,90,0.0,0.0,0.0,0.0,4.92,10.7
2001-05-07,18.1,20.4,16.4,18.8,21.3,91,3.4,3.4,0.0,8.0,4.14,8.0
2001-05-08,18.6,23.1,16.0,19.6,24.7,86,0.0,0.0,0.0,0.0,2.81,5.9
2001-05-09,18.7,21.6,15.2,18.7,22.8,75,1.1,1.1,0.0,3.0,4.78,9.0
2001-05-10,18.6,23.0,14.2,18.7,24.8,67,0.0,0.0,0.0,0.0,3.52,6.5
2001-05-11,19.5,23.8,15.4,19.1,24.5,68,0.0,0.0,0.0,0.0,3.62,7.6
2001-05-12,19.5,23.8,16.3,19.1,23.8,67,0.0,0.0,0.0,0.0,4.61,9.4
2001-05-13,20.3,24.0,16.5,19.4,23.7,69,0.0,0.0,0.0,0.0,6.73,12.2
2001-05-14,21.4,24.5,18.8,22.3,25.8,82,0.0,0.0,0.0,0.0,5.25,9.6
2001-05-15,22.1,26.0,19.5,24.6,29.6,84,0.0,0.0,0.0,0.0,3.11,6.6
2001-05-16,22.1,26.7,19.7,24.4,30.7,83,0.0,0.0,0.0,0.0,4.25,8.1
2001-05-17,22.0,24.3,20.5,24.0,26.2,86,0.5,0.5,0.0,3.0,3.92,7.5
2001-05-18,22.9,26.8,20.6,25.0,29.3,78,0.7,0.7,0.0,1.0,3.55,7.1
2001-05-19,22.2,26.8,18.8,23.9,29.6,82,0.0,0.0,0.0,0.0,4.99,9.9
2001-05-20,22.5,24.3,19.8,24.3,27.1,86,0.3,0.3,0.0,3.0,5.7,9.8
2001-05-21,23.0,27.0,19.9,26.1,32.0,87,0.7,0.7,0.0,4.0,4.7,8.0
2001-05-22,21.7,24.9,18.8,22.4,26.0,76,0.0,0.0,0.0,0.0,5.94,11.4
2001-05-23,21.8,25.9,18.3,22.3,26.3,72,0.0,0.0,0.0,0.0,6.43,12.5
2001-05-24,21.8,26.2,18.1,23.4,29.7,78,0.0,0.0,0.0,0.0,4.07,8.1
2001-05-25,22.5,25.7,19.9,23.6,27.4,81,0.0,0.0,0.0,0.0,5.19,10.1
2001-05-26,23.9,27.7,21.3,26.5,30.2,83,0.0,0.0,0.0,0.0,4.51,8.2
2001-05-27,22.2,24.0,20.6,24.4,25.7,83,0.2,0.2,0.0,1.0,3.28,6.2
2001-05-28,22.1,25.0,20.2,23.9,25.8,81,0.3,0.3,0.0,3.0,4.05,8.0
2001-05-29,20.7,23.7,17.2,21.2,24.0,79,5.4,5.4,0.0,8.0,5.4,9.7
2001-05-30,18.1,19.9,17.3,17.9,20.2,87,23.5,23.5,0.0,12.0,6.1,11.0
2001-05-31,20.7,25.3,16.5,21.8,26.4,78,0.5,0.5,0.0,2.0,4.2,8.0
2001-06-01,22.2,26.4,18.9,23.8,28.1,74,0.0,0.0,0.0,0.0,3.23,5.3
2001-06-02,23.1,27.2,19.0,24.6,28.0,73,0.0,0.0,0.0,0.0,3.57,6.1
2001-06-03,20.1,22.0,18.3,20.6,24.0,84,7.4,7.4,0.0,18.0,5.49,10.5
2001-06-04,20.0,21.6,18.8,21.3,23.3,92,37.2,37.2,0.0,21.0,5.98,10.6
2001-06-05,22.1,25.3,18.7,24.1,27.9,85,1.8,1.8,0.0,3.0,4.73,11.2
2001-06-06,22.3,25.1,19.4,25.2,28.9,86,1.5,1.5,0.0,7.0,2.78,8.5
2001-06-07,23.0,25.5,20.8,24.9,27.5,85,0.7,0.7,0.0,6.0,5.55,11.1
2001-06-08,23.2,24.4,22.1,25.1,25.9,89,0.1,0.1,0.0,1.0,6.2,11.2
2001-06-09,23.0,25.1,21.2,24.6,26.4,85,2.9,2.9,0.0,4.0,5.16,9.9
2001-06-10,21.9,22.7,21.1,24.0,24.9,94,52.8,52.8,0.0,21.0,5.36,9.3
2001-06-11,23.0,25.4,21.0,24.8,28.1,83,0.0,0.0,0.0,0.0,5.72,11.9
2001-06-12,22.7,24.7,21.0,24.5,26.3,84,0.5,0.5,0.0,1.0,4.9,8.8
2001-06-13,21.3,22.0,20.7,23.2,24.6,94,20.2,20.2,0.0,18.0,5.59,11.3
2001-06-14,21.0,21.8,20.4,22.6,23.4,92,27.9,27.9,0.0,17.0,5.12,8.3
2001-06-15,23.5,26.1,21.4,26.0,29.4,85,0.5,0.5,0.0,5.0,5.8,9.5
2001-06-16,25.3,28.5,22.8,27.3,30.7,83,0.0,0.0,0.0,0.0,7.07,13.7
2001-06-17,26.5,28.7,24.0,30.9,34.1,87,1.7,1.7,0.0,4.0,5.2,9.5
2001-06-18,27.5,31.6,24.9,32.0,37.1,83,8.3,8.3,0.0,9.0,5.41,11.4
2001-06-19,24.6,26.3,22.6,28.8,31.4,92,17.2,17.2,0.0,13.0,3.54,10.3
2001-06-20,23.5,25.0,22.6,25.9,27.1,87,0.7,0.7,0.0,3.0,5.46,9.7
2001-06-21,23.7,25.4,22.7,26.4,27.3,83,2.5,2.5,0.0,4.0,4.03,8.8
2001-06-22,21.4,22.8,20.4,23.2,26.9,90,66.4,66.4,0.0,24.0,5.2,10.6
2001-06-23,23.0,24.1,21.9,25.9,28.2,96,43.4,43.4,0.0,24.0,6.59,11.3
2001-06-24,24.3,25.4,22.4,28.4,31.1,96,27.9,27.9,0.0,18.0,6.69,11.9
2001-06-25,22.8,23.9,21.4,26.6,27.9,94,52.2,52.2,0.0,20.0,2.62,9.0
2001-06-26,23.9,25.7,22.4,27.5,28.9,91,60.1,60.1,0.0,14.0,5.03,10.3
2001-06-27,27.2,31.2,23.2,31.8,37.0,82,0.9,0.9,0.0,4.0,3.76,8.0
2001-06-28,29.7,33.4,26.2,35.0,39.5,77,0.4,0.4,0.0,1.0,4.2,9.2
2001-06-29,31.2,35.2,26.8,36.6,41.4,73,0.0,0.0,0.0,0.0,4.84,9.8
2001-06-30,31.3,35.7,27.3,36.5,41.9,71,0.0,0.0,0.0,0.0,4.32,11.7
2001-07-01,31.1,35.7,27.0,36.9,43.2,75,0.0,0.0,0.0,0.0,5.28,8.2
2001-07-02,30.6,34.2,27.0,35.3,41.0,74,0.0,0.0,0.0,0.0,6.02,10.9
2001-07-03,29.6,33.2,26.6,33.5,39.1,74,0.0,0.0,0.0,0.0,6.75,12.5
2001-07-04,29.0,32.0,26.5,32.8,36.6,77,0.0,0.0,0.0,0.0,6.4,12.3
2001-07-05,28.5,29.4,26.6,33.0,34.7,87,1.9,1.9,0.0,6.0,6.53,12.1
2001-07-06,27.3,29.2,25.7,31.6,33.8,89,7.8,7.8,0.0,21.0,6.31,11.9
2001-07-07,26.1,26.9,25.3,31.0,32.0,93,8.0,8.0,0.0,17.0,4.56,8.8
2001-07-08,27.1,30.1,25.2,32.3,37.2,88,0.0,0.0,0.0,0.0,4.14,7.4
2001-07-09,28.6,32.2,25.6,34.1,39.7,85,0.2,0.2,0.0,1.0,4.34,8.6
2001-07-10,30.8,34.4,27.7,37.3,41.5,80,0.0,0.0,0.0,0.0,3.92,7.1
2001-07-11,30.4,33.1,28.8,36.5,39.1,81,1.1,1.1,0.0,1.0,4.77,7.7
2001-07-12,29.0,30.9,27.2,35.2,39.2,83,6.2,6.2,0.0,6.0,5.12,8.2
2001-07-13,29.1,32.4,26.6,34.4,37.4,83,1.1,1.1,0.0,2.0,6.31,11.1
2001-07-14,28.2,31.1,26.8,32.6,35.7,81,4.0,4.0,0.0,4.0,6.51,11.6
2001-07-15,26.1,27.5,24.6,31.5,33.4,90,21.8,21.8,0.0,21.0,2.69,6.5
2001-07-16,25.3,27.1,24.4,29.1,30.3,85,3.1,3.1,0.0,9.0,4.37,8.9
2001-07-17,26.3,28.9,24.2,30.1,33.6,79,0.0,0.0,0.0,0.0,4.16,9.4
2001-07-18,27.3,29.0,25.7,32.1,34.6,85,0.3,0.3,0.0,3.0,4.14,8.6
2001-07-19,28.9,31.6,26.0,34.7,39.1,82,1.5,1.5,0.0,3.0,4.07,7.3
2001-07-20,30.2,32.6,27.3,35.9,39.1,79,1.1,1.1,0.0,4.0,5.58,9.4
2001-07-21,30.5,34.2,27.4,35.3,40.5,77,0.0,0.0,0.0,0.0,6.01,10.9
2001-07-22,31.2,35.4,27.5,37.6,44.4,79,0.0,0.0,0.0,0.0,5.47,9.4
2001-07-23,30.2,33.1,27.9,35.4,39.3,78,0.0,0.0,0.0,0.0,6.47,12.0
2001-07-24,30.5,33.3,28.2,35.2,38.3,78,0.0,0.0,0.0,0.0,7.43,13.6
2001-07-25,30.7,33.6,28.3,35.5,39.2,77,0.0,0.0,0.0,0.0,6.84,12.9
2001-07-26,30.4,33.6,27.8,35.6,39.7,77,0.0,0.0,0.0,0.0,5.48,10.1
2001-07-27,29.8,32.5,27.7,34.5,38.3,78,0.0,0.0,0.0,0.0,6.08,11.4
2001-07-28,30.0,33.9,27.0,34.7,40.7,76,0.6,0.6,0.0,1.0,5.89,10.1
2001-07-29,30.4,34.9,27.1,34.4,39.6,72,0.0,0.0,0.0,0.0,6.4,11.9
2001-07-30,30.3,34.0,27.7,34.3,38.9,76,0.0,0.0,0.0,0.0,7.66,14.1
2001-07-31,29.7,31.9,27.9,33.4,36.5,78,0.1,0.1,0.0,1.0,8.03,13.7
2001-08-01,27.3,29.4,25.7,30.4,33.7,85,33.4,33.4,0.0,20.0,9.42,16.4
2001-08-02,28.8,31.6,26.9,33.7,36.4,83,2.0,2.0,0.0,8.0,5.55,10.9
2001-08-03,29.1,31.3,27.0,34.1,36.5,82,0.0,0.0,0.0,0.0,5.52,10.6
2001-08-04,29.1,31.3,27.7,34.4,36.3,86,1.5,1.5,0.0,6.0,6.12,11.0
2001-08-05,28.7,30.9,26.9,33.5,35.2,85,21.9,21.9,0.0,10.0,6.53,11.4
2001-08-06,27.5,30.0,25.9,32.0,35.4,86,34.4,34.4,0.0,20.0,6.26,11.2
2001-08-07,28.7,31.9,26.6,35.2,40.6,85,8.3,8.3,0.0,9.0,2.77,6.4
2001-08-08,27.9,30.4,26.6,34.3,37.7,88,30.3,30.3,0.0,17.0,3.8,7.9
2001-08-09,26.0,26.8,24.5,30.2,33.0,89,20.5,20.5,0.0,21.0,6.17,11.3
2001-08-10,24.2,24.6,23.4,26.5,27.6,89,9.7,9.7,0.0,21.0,6.15,11.1
2001-08-11,23.7,24.7,22.6,26.8,28.1,90,4.4,4.4,0.0,15.0,4.53,9.2
2001-08-12,24.2,26.8,21.7,26.9,29.7,85,2.1,2.1,0.0,8.0,5.52,10.1
2001-08-13,25.6,28.9,22.3,29.2,33.2,77,0.0,0.0,0.0,0.0,2.61,6.1
2001-08-14,26.0,28.7,23.1,29.7,32.9,78,0.0,0.0,0.0,0.0,4.0,8.5
2001-08-15,27.0,29.9,24.6,31.5,34.3,82,0.0,0.0,0.0,0.0,4.2,8.3
2001-08-16,28.0,30.5,25.8,32.9,36.4,85,3.3,3.3,0.0,9.0,5.33,9.9
2001-08-17,28.6,30.9,26.8,33.9,36.4,83,0.4,0.4,0.0,2.0,4.44,8.4
2001-08-18,28.6,30.7,26.8,33.9,36.5,86,0.6,0.6,0.0,4.0,5.59,10.4
2001-08-19,28.2,30.1,26.4,32.7,35.2,83,1.4,1.4,0.0,6.0,5.64,10.6
2001-08-20,28.2,30.6,26.5,33.7,36.3,83,0.5,0.5,0.0,5.0,4.12,7.9
2001-08-21,28.0,32.1,25.7,33.2,36.2,78,0.0,0.0,0.0,0.0,2.78,6.7
2001-08-22,28.2,31.3,26.1,33.3,36.6,77,0.0,0.0,0.0,0.0,2.55,6.3
2001-08-23,27.9,31.7,25.5,33.0,37.9,80,0.0,0.0,0.0,0.0,3.72,7.2
2001-08-24,27.9,29.7,25.6,32.0,33.4,80,0.0,0.0,0.0,0.0,5.38,11.2
2001-08-25,23.8,25.3,22.8,25.4,28.5,87,92.2,92.2,0.0,22.0,7.91,15.8
2001-08-26,26.0,28.2,24.5,28.1,30.3,76,0.3,0.3,0.0,2.0,6.69,13.2
2001-08-27,26.2,28.6,24.3,28.8,31.4,76,0.0,0.0,0.0,0.0,5.95,11.7
2001-08-28,26.5,28.5,25.1,30.2,32.8,83,4.6,4.6,0.0,10.0,4.88,9.6
2001-08-29,24.9,25.5,23.4,28.6,29.8,91,32.0,32.0,0.0,23.0,5.17,9.8
2001-08-30,23.8,25.6,22.2,25.2,27.2,83,7.1,7.1,0.0,9.0,7.42,13.3
2001-08-31,24.2,26.5,22.3,26.7,28.8,79,0.1,0.1,0.0,1.0,4.03,8.0
2001-09-01,24.6,26.5,22.8,26.9,28.4,74,0.9,0.9,0.0,4.0,3.88,7.4
2001-09-02,25.2,27.7,23.4,27.6,29.5,77,0.1,0.1,0.0,1.0,5.52,10.9
2001-09-03,25.4,27.9,23.4,27.9,30.1,79,0.0,0.0,0.0,0.0,6.11,11.8
2001-09-04,25.9,29.0,23.3,29.7,32.9,80,0.1,0.1,0.0,1.0,3.13,6.6
2001-09-05,25.8,27.5,24.3,30.5,32.2,85,1.5,1.5,0.0,7.0,2.43,4.9
2001-09-06,25.5,28.0,23.4,29.3,31.8,83,0.0,0.0,0.0,0.0,4.61,8.8
2001-09-07,25.2,28.1,22.7,27.9,30.2,77,0.1,0.1,0.0,1.0,4.3,8.3
2001-09-08,25.5,28.1,23.5,28.5,31.2,77,0.0,0.0,0.0,0.0,3.92,8.5
2001-09-09,25.4,28.1,23.3,27.6,29.7,79,1.0,1.0,0.0,5.0,6.21,11.8
2001-09-10,25.3,27.9,22.8,27.3,29.7,78,1.3,1.3,0.0,7.0,5.85,11.2
2001-09-11,25.0,27.2,22.5,27.9,30.0,84,1.5,1.5,0.0,8.0,5.52,10.1
2001-09-12,25.5,27.2,24.1,28.9,30.0,79,1.4,1.4,0.0,8.0,4.08,8.6
2001-09-13,25.0,26.9,23.2,26.9,28.4,72,0.0,0.0,0.0,0.0,4.81,9.2
2001-09-14,24.2,25.8,22.3,25.4,26.7,79,0.2,0.2,0.0,2.0,8.0,13.6
2001-09-15,25.1,26.7,23.8,27.8,30.2,86,1.9,1.9,0.0,8.0,6.0,10.4
2001-09-16,25.1,27.7,23.0,28.0,30.7,81,0.0,0.0,0.0,0.0,4.74,8.7
2001-09-17,24.7,27.4,22.8,27.4,29.6,77,0.0,0.0,0.0,0.0,3.4,7.1
2001-09-18,24.7,27.3,22.8,26.9,29.1,76,0.0,0.0,0.0,0.0,4.95,9.7
2001-09-19,24.2,26.0,22.2,25.3,27.5,76,0.6,0.6,0.0,4.0,6.59,11.9
2001-09-20,23.7,26.1,21.9,24.3,26.8,71,0.2,0.2,0.0,1.0,5.73,10.8
2001-09-21,23.6,26.3,21.4,22.9,25.1,65,0.1,0.1,0.0,1.0,7.64,14.2
2001-09-22,22.9,24.8,21.3,22.5,24.2,69,0.8,0.8,0.0,4.0,7.14,13.0
2001-09-23,23.4,25.8,21.2,24.1,26.2,68,0.0,0.0,0.0,0.0,4.9,8.3
2001-09-24,24.1,27.0,21.4,26.9,29.2,81,0.2,0.2,0.0,1.0,4.11,7.7
2001-09-25,23.0,24.7,21.2,24.4,26.5,83,1.0,1.0,0.0,5.0,6.4,11.9
2001-09-26,22.8,24.8,21.0,23.7,25.1,78,1.2,1.2,0.0,6.0,6.26,11.7
2001-09-27,23.2,24.3,22.3,24.0,24.8,82,0.6,0.6,0.0,4.0,6.93,13.7
2001-09-28,23.6,25.9,21.8,23.3,25.2,75,0.0,0.0,0.0,0.0,8.16,14.5
2001-09-29,23.5,24.9,22.5,25.2,27.7,87,5.0,5.0,0.0,16.0,6.8,11.7
2001-09-30,21.1,22.7,19.2,21.4,24.8,87,9.6,9.6,0.0,11.0,8.16,13.8
2001-10-01,21.1,24.6,18.6,21.4,23.7,69,0.0,0.0,0.0,0.0,4.66,9.5
2001-10-02,20.9,25.0,17.2,21.8,26.5,69,0.0,0.0,0.0,0.0,3.18,6.5
2001-10-03,21.9,25.1,18.9,23.1,25.5,73,0.0,0.0,0.0,0.0,4.05,8.6
2001-10-04,19.9,22.6,17.3,19.8,22.3,75,0.1,0.1,0.0,1.0,4.44,8.8
2001-10-05,18.8,21.6,16.6,18.3,21.6,68,0.0,0.0,0.0,0.0,4.26,8.2
2001-10-06,20.1,22.5,18.4,20.1,22.5,71,0.0,0.0,0.0,0.0,4.5,9.2
2001-10-07,20.7,22.3,19.3,22.0,23.8,79,5.2,5.2,0.0,9.0,2.94,6.5
2001-10-08,20.1,21.3,19.4,21.8,22.6,91,5.0,5.0,0.0,10.0,4.34,9.1
2001-10-09,20.6,24.1,18.0,19.8,22.2,71,0.0,0.0,0.0,0.0,6.57,12.9
2001-10-10,18.9,23.0,15.4,17.7,21.1,65,0.0,0.0,0.0,0.0,6.04,11.4
2001-10-11,19.5,24.0,15.6,20.1,24.9,75,0.0,0.0,0.0,0.0,2.97,6.6
2001-10-12,19.6,23.0,16.9,19.9,23.2,75,0.0,0.0,0.0,0.0,3.86,8.4
2001-10-13,20.0,23.4,17.4,20.1,22.7,74,0.0,0.0,0.0,0.0,4.64,9.3
2001-10-14,21.0,24.0,19.3,21.4,24.5,72,0.0,0.0,0.0,0.0,4.49,8.9
2001-10-15,21.8,25.5,19.2,22.8,25.7,77,0.0,0.0,0.0,0.0,4.5,8.9
2001-10-16,21.4,23.5,20.0,21.0,22.7,80,0.0,0.0,0.0,0.0,8.04,14.8
2001-10-17,18.7,20.4,15.8,15.1,18.7,63,0.0,0.0,0.0,0.0,9.24,17.6
2001-10-18,17.0,19.7,15.0,14.8,17.0,61,0.0,0.0,0.0,0.0,5.39,10.7
2001-10-19,17.4,20.3,14.5,16.5,19.3,69,0.0,0.0,0.0,0.0,3.89,8.2
2001-10-20,19.9,22.8,18.2,20.0,22.1,72,0.0,0.0,0.0,0.0,4.04,8.3
2001-10-21,20.6,23.8,18.8,22.2,24.5,88,0.0,0.0,0.0,0.0,4.14,8.2
2001-10-22,19.6,21.6,18.2,20.7,21.8,86,0.0,0.0,0.0,0.0,4.02,7.7
2001-10-23,19.6,21.6,17.2,20.4,21.8,80,0.7,0.7,0.0,2.0,3.33,7.1
2001-10-24,19.5,23.1,16.8,20.0,23.4,79,0.0,0.0,0.0,0.0,4.17,8.5
2001-10-25,20.1,24.3,16.7,20.3,24.0,76,0.0,0.0,0.0,0.0,5.06,9.9
2001-10-26,21.3,22.9,20.0,23.0,24.7,86,3.8,3.8,0.0,9.0,4.34,8.3
2001-10-27,20.2,20.9,18.8,21.1,23.3,92,28.5,28.5,0.0,14.0,5.98,10.8
2001-10-28,19.1,21.6,16.4,18.5,20.9,78,0.0,0.0,0.0,0.0,5.86,10.6
2001-10-29,15.7,18.0,12.9,14.2,16.7,76,0.0,0.0,0.0,0.0,4.64,8.7
2001-10-30,15.4,19.0,12.1,15.0,19.6,75,0.0,0.0,0.0,0.0,2.55,4.8
2001-10-31,18.7,23.0,14.8,18.7,22.6,78,1.9,1.9,0.0,4.0,4.8,9.7
2001-11-01,18.4,20.8,16.7,17.5,20.2,80,1.2,1.2,0.0,2.0,6.28,11.7
2001-11-02,16.1,17.0,14.8,14.4,15.3,79,15.8,15.8,0.0,14.0,5.57,9.1
2001-11-03,14.9,16.7,13.3,12.7,14.0,81,15.3,15.3,0.0,10.0,6.6,12.2
2001-11-04,17.0,18.9,14.7,16.1,17.8,73,1.1,1.1,0.0,5.0,4.53,8.3
2001-11-05,15.6,16.8,12.3,14.2,17.9,85,9.8,9.8,0.0,9.0,7.36,13.5
2001-11-06,12.4,14.7,10.3,9.0,10.4,61,0.0,0.0,0.0,0.0,5.46,10.8
2001-11-07,13.6,16.0,11.1,11.6,13.6,66,0.0,0.0,0.0,0.0,3.52,7.6
2001-11-08,15.7,18.5,13.0,14.5,16.8,70,0.0,0.0,0.0,0.0,3.26,7.2
2001-11-09,15.0,16.7,12.9,12.6,14.0,74,0.1,0.1,0.0,1.0,6.2,11.4
2001-11-10,13.6,16.8,11.5,11.5,14.4,71,0.0,0.0,0.0,0.0,4.27,9.0
2001-11-11,13.6,17.9,10.9,12.0,15.1,71,0.0,0.0,0.0,0.0,3.24,6.8
2001-11-12,13.3,17.3,10.1,11.5,15.2,73,0.0,0.0,0.0,0.0,3.79,8.8
2001-11-13,13.6,17.5,10.7,10.8,14.0,67,0.0,0.0,0.0,0.0,7.29,13.2
2001-11-14,10.2,12.4,8.5,6.2,7.8,65,0.0,0.0,0.0,0.0,6.89,12.1
2001-11-15,9.6,13.7,6.5,6.7,10.2,61,0.0,0.0,0.0,0.0,3.61,7.6
2001-11-16,10.9,16.2,7.4,8.4,13.1,61,0.0,0.0,0.0,0.0,2.41,5.2
2001-11-17,10.5,15.0,7.4,7.9,12.0,67,0.0,0.0,0.0,0.0,3.23,6.5
2001-11-18,10.6,15.3,7.7,8.1,12.0,70,0.0,0.0,0.0,0.0,3.35,7.1
2001-11-19,10.8,16.3,7.1,8.3,13.3,64,0.0,0.0,0.0,0.0,2.83,6.4
2001-11-20,11.3,17.4,7.4,8.9,14.9,64,0.0,0.0,0.0,0.0,2.62,5.0
2001-11-21,11.7,17.9,7.6,9.8,15.9,69,0.0,0.0,0.0,0.0,2.63,4.9
2001-11-22,12.2,18.2,8.0,10.5,16.2,73,0.0,0.0,0.0,0.0,3.04,5.6
2001-11-23,13.1,18.3,9.0,11.6,16.7,77,0.0,0.0,0.0,0.0,3.13,6.7
2001-11-24,13.8,19.8,9.8,12.3,17.8,76,0.0,0.0,0.0,0.0,2.94,6.2
2001-11-25,12.7,15.6,9.3,10.2,12.7,77,0.0,0.0,0.0,0.0,6.11,11.5
2001-11-26,9.4,11.1,7.0,6.0,7.3,67,0.0,0.0,0.0,0.0,4.14,8.0
2001-11-27,9.5,12.1,7.1,6.6,9.5,60,0.0,0.0,0.0,0.0,3.62,5.7
2001-11-28,14.9,19.1,9.8,12.5,16.4,74,0.0,0.0,0.0,0.0,6.94,12.6
2001-11-29,16.1,18.4,13.3,15.5,18.1,89,8.4,8.4,0.0,12.0,5.02,8.9
2001-11-30,12.4,14.2,11.3,10.0,11.3,80,0.0,0.0,0.0,0.0,5.28,9.7
2001-12-01,12.7,13.7,11.7,11.3,13.1,85,1.8,1.8,0.0,6.0,4.08,6.8
2001-12-02,14.4,15.7,13.1,14.1,15.8,93,2.0,2.0,0.0,6.0,4.48,8.1
2001-12-03,15.8,19.5,11.9,15.1,20.1,90,3.2,3.2,0.0,18.0,6.82,11.6
2001-12-04,11.8,12.5,11.3,8.8,9.3,82,0.0,0.0,0.0,0.0,5.98,10.5
2001-12-05,10.6,11.6,8.9,7.5,9.7,87,9.7,9.7,0.0,20.0,6.5,11.1
2001-12-06,7.8,9.7,6.3,3.7,5.0,76,3.0,3.0,0.0,7.0,6.32,11.3
2001-12-07,8.8,11.3,5.5,5.8,9.7,71,0.0,0.0,0.0,0.0,3.77,8.4
2001-12-08,11.8,12.6,10.7,10.0,11.4,91,8.1,8.1,0.0,17.0,5.59,10.1
2001-12-09,12.3,13.2,11.0,9.4,11.2,91,12.6,12.6,0.0,23.0,6.94,11.9
2001-12-10,10.3,10.9,9.8,6.9,7.4,87,8.2,8.2,0.0,20.0,6.88,12.4
2001-12-11,10.2,11.1,9.5,7.4,9.4,83,12.6,12.6,0.0,10.0,6.3,11.6
2001-12-12,10.7,13.0,7.4,8.5,13.2,94,11.8,11.8,0.0,13.0,6.89,12.8
2001-12-13,4.5,7.3,0.8,-1.4,2.3,63,0.0,0.0,0.0,0.0,7.99,14.2
2001-12-14,1.1,4.3,-1.1,-3.9,-1.2,54,0.0,0.0,0.0,0.0,5.23,8.9
2001-12-15,4.2,8.3,-0.9,0.7,5.7,69,0.0,0.0,0.0,0.0,4.54,8.8
2001-12-16,8.7,9.7,7.1,6.6,9.3,91,11.1,11.1,0.0,22.0,4.08,7.3
2001-12-17,8.3,9.2,6.6,4.9,5.9,90,5.1,5.1,0.0,19.0,6.38,11.8
2001-12-18,7.9,8.6,7.0,3.8,5.3,78,0.6,0.6,0.0,3.0,6.59,11.9
2001-12-19,7.7,9.6,6.0,4.3,5.5,78,2.1,2.1,0.0,6.0,5.38,10.4
2001-12-20,7.6,8.8,5.3,4.4,5.7,82,5.2,5.2,0.0,12.0,4.48,7.8
2001-12-21,2.7,5.1,0.7,-3.0,1.1,69,1.2,1.2,0.0,3.0,7.57,13.7
2001-12-22,0.6,4.0,-1.6,-4.2,-1.4,59,0.0,0.0,0.0,0.0,4.92,9.5
2001-12-23,2.3,7.8,-1.5,-1.4,3.7,69,0.0,0.0,0.0,0.0,3.23,6.7
2001-12-24,3.3,7.7,0.4,-0.7,3.0,68,0.0,0.0,0.0,0.0,6.7,11.0
2001-12-25,0.3,3.5,-3.0,-5.7,-1.9,59,0.0,0.0,0.0,0.0,6.8,12.7
2001-12-26,1.7,6.1,-2.2,-2.1,3.2,71,0.0,0.0,0.0,0.0,4.19,7.0
2001-12-27,3.5,6.9,1.1,-0.2,2.2,67,0.0,0.0,0.0,0.0,3.83,8.0
2001-12-28,2.4,6.5,-0.6,-1.6,1.8,66,0.0,0.0,0.0,0.0,3.4,7.5
2001-12-29,4.7,10.6,-0.0,0.3,4.8,64,0.0,0.0,0.0,0.0,6.72,12.5
2001-12-30,4.7,10.0,0.4,1.4,6.8,66,0.0,0.0,0.0,0.0,3.14,5.6
2001-12-31,8.4,13.5,4.7,4.7,10.0,69,0.0,0.0,0.0,0.0,5.05,8.6
2002-01-01,5.6,8.0,1.1,1.4,3.3,72,0.0,0.0,0.0,0.0,5.08,9.9
2002-01-02,3.3,8.3,-0.1,-0.6,3.1,71,0.0,0.0,0.0,0.0,5.2,10.2
2002-01-03,6.7,13.3,1.1,3.0,9.6,66,0.0,0.0,0.0,0.0,4.0,8.5
2002-01-04,8.2,14.1,3.3,4.1,8.9,62,0.0,0.0,0.0,0.0,5.73,11.4
2002-01-05,8.4,15.2,4.8,5.3,12.2,69,0.0,0.0,0.0,0.0,3.51,6.5
2002-01-06,9.4,15.9,4.8,6.5,12.5,73,0.0,0.0,0.0,0.0,4.11,8.4
2002-01-07,6.3,10.1,1.2,1.6,7.2,54,0.0,0.0,0.0,0.0,5.99,11.3
2002-01-08,2.8,8.0,-0.7,-1.3,3.2,56,0.0,0.0,0.0,0.0,3.54,7.5
2002-01-09,5.1,10.8,0.2,1.1,6.2,61,0.0,0.0,0.0,0.0,4.46,8.9
2002-01-10,9.6,15.3,5.1,6.2,11.3,68,0.0,0.0,0.0,0.0,5.39,10.5
2002-01-11,10.8,18.1,5.5,8.6,16.2,76,0.0,0.0,0.0,0.0,4.43,7.3
2002-01-12,12.7,17.8,9.6,11.0,16.6,83,1.8,1.8,0.0,4.0,4.32,7.4
2002-01-13,13.2,19.2,10.2,12.6,20.0,89,0.0,0.0,0.0,0.0,3.33,5.4
2002-01-14,14.2,18.6,10.3,13.1,18.8,92,0.0,0.0,0.0,0.0,5.73,8.1
2002-01-15,15.6,16.3,14.7,15.3,16.6,97,18.1,18.1,0.0,20.0,5.63,10.2
2002-01-16,8.6,16.0,4.3,5.1,16.8,87,2.4,2.4,0.0,10.0,7.35,13.2
2002-01-17,4.0,4.9,3.2,-0.4,0.5,79,2.3,2.3,0.0,10.0,5.71,10.7
2002-01-18,4.3,5.8,2.9,0.2,1.6,84,4.6,4.6,0.0,10.0,4.87,9.4
2002-01-19,4.5,6.8,2.2,0.6,3.0,77,0.0,0.0,0.0,0.0,4.24,8.3
2002-01-20,6.0,8.8,3.9,2.1,4.2,68,0.2,0.2,0.0,1.0,5.34,10.5
2002-01-21,5.4,8.1,1.5,0.5,1.9,55,0.0,0.0,0.0,0.0,6.86,13.3
2002-01-22,3.8,8.2,0.4,-0.2,3.6,59,0.0,0.0,0.0,0.0,4.06,8.1
2002-01-23,3.1,6.5,1.2,-0.9,2.3,66,0.0,0.0,0.0,0.0,3.5,7.6
2002-01-24,3.8,6.9,0.3,0.0,2.7,70,0.0,0.0,0.0,0.0,3.68,8.0
2002-01-25,5.7,6.2,5.2,1.6,2.3,84,14.4,14.4,0.0,19.0,6.51,11.5
2002-01-26,5.6,6.4,3.2,1.1,2.3,82,3.1,3.1,0.0,7.0,6.62,12.2
2002-01-27,4.4,8.8,1.6,0.4,4.2,76,0.0,0.0,0.0,0.0,4.92,9.9
2002-01-28,3.7,7.0,1.2,0.1,2.9,74,0.0,0.0,0.0,0.0,3.73,7.5
2002-01-29,4.0,8.2,1.0,0.8,4.4,71,0.0,0.0,0.0,0.0,3.55,7.6
2002-01-30,4.8,9.6,1.2,1.3,6.3,69,0.0,0.0,0.0,0.0,3.09,7.0
2002-01-31,4.7,8.5,1.2,1.3,4.4,67,0.0,0.0,0.0,0.0,3.22,7.0
2002-02-01,6.0,9.8,2.9,3.2,7.1,71,0.0,0.0,0.0,0.0,2.2,5.1
2002-02-02,5.8,11.7,2.2,2.4,7.9,69,0.0,0.0,0.0,0.0,3.22,7.2
2002-02-03,5.5,11.8,-1.6,2.8,9.3,76,0.0,0.0,0.0,0.0,3.4,6.2
2002-02-04,7.5,10.0,4.7,4.6,6.3,80,0.7,0.7,0.0,4.0,4.64,9.3
2002-02-05,8.1,12.4,4.8,6.1,10.1,84,1.5,1.5,0.0,3.0,2.25,5.4
2002-02-06,7.6,14.8,2.9,5.3,12.8,82,0.0,0.0,0.0,0.0,2.56,5.9
2002-02-07,9.1,15.0,5.5,6.7,13.7,79,0.0,0.0,0.0,0.0,4.48,8.0
2002-02-08,10.8,17.0,7.3,7.5,13.5,75,0.0,0.0,0.0,0.0,6.84,12.2
2002-02-09,6.2,7.6,4.7,2.4,3.6,69,0.0,0.0,0.0,0.0,6.65,11.7
2002-02-10,7.4,11.2,3.8,4.0,7.8,65,0.0,0.0,0.0,0.0,4.3,9.1
2002-02-11,7.1,12.1,2.7,4.0,9.5,60,0.0,0.0,0.0,0.0,3.08,6.1
2002-02-12,10.0,15.6,6.4,6.2,12.3,51,0.0,0.0,0.0,0.0,4.22,9.2
2002-02-13,8.8,13.6,6.0,5.6,10.8,73,0.0,0.0,0.0,0.0,5.17,9.8
2002-02-14,7.5,8.7,6.6,3.4,4.2,71,0.0,0.0,0.0,0.0,5.26,10.1
2002-02-15,7.7,11.4,5.5,4.4,8.3,69,0.0,0.0,0.0,0.0,4.27,8.8
2002-02-16,8.5,11.2,5.6,5.8,8.1,81,4.3,4.3,0.0,10.0,4.43,8.5
2002-02-17,11.2,16.5,7.6,9.2,13.8,82,4.9,4.9,0.0,5.0,5.06,9.3
2002-02-18,8.0,9.9,5.9,4.3,6.5,74,0.0,0.0,0.0,0.0,5.66,11.0
2002-02-19,6.5,9.7,2.8,2.5,6.0,61,0.0,0.0,0.0,0.0,4.96,9.9
2002-02-20,7.8,13.1,2.7,4.0,9.7,70,0.0,0.0,0.0,0.0,6.02,11.3
2002-02-21,11.1,12.9,9.9,8.9,11.6,82,14.6,14.6,0.0,12.0,5.82,10.9
2002-02-22,9.3,10.6,8.1,6.4,7.8,87,4.4,4.4,0.0,8.0,5.2,10.0
2002-02-23,6.9,8.3,5.3,3.2,5.1,85,14.5,14.5,0.0,11.0,6.1,9.9
2002-02-24,7.3,11.7,3.9,4.4,9.5,77,0.0,0.0,0.0,0.0,3.78,8.3
2002-02-25,9.4,14.4,5.4,7.0,11.9,79,0.9,0.9,0.0,2.0,4.84,10.0
2002-02-26,10.4,11.7,9.6,9.0,10.4,90,0.0,0.0,0.0,0.0,3.22,5.7
2002-02-27,9.4,10.8,7.9,6.9,8.1,94,6.1,6.1,0.0,17.0,5.5,11.3
2002-02-28,9.1,10.3,8.4,6.8,8.0,89,9.0,9.0,0.0,19.0,4.41,8.2
2002-03-01,8.9,9.4,8.4,6.3,7.4,89,8.2,8.2,0.0,17.0,4.68,9.1
2002-03-02,9.1,10.2,8.5,6.2,7.7,94,16.9,16.9,0.0,14.0,5.74,10.5
2002-03-03,8.1,8.6,7.5,4.5,5.1,84,4.7,4.7,0.0,6.0,5.98,10.2
2002-03-04,8.1,9.0,7.2,4.8,6.8,90,8.2,8.2,0.0,19.0,6.21,10.5
2002-03-05,7.3,9.4,5.9,3.5,8.7,89,5.7,5.7,0.0,11.0,6.63,12.1
2002-03-06,9.1,14.0,4.7,5.2,10.0,61,0.0,0.0,0.0,0.0,6.18,11.7
2002-03-07,11.3,17.0,6.6,9.2,15.0,67,0.2,0.2,0.0,1.0,3.7,10.0
2002-03-08,12.3,18.1,7.9,10.4,17.8,69,0.1,0.1,0.0,1.0,4.44,7.5
2002-03-09,15.0,20.7,11.0,12.8,19.7,73,0.0,0.0,0.0,0.0,5.51,11.3
2002-03-10,15.9,22.2,9.9,14.5,22.0,70,0.0,0.0,0.0,0.0,4.77,8.5
2002-03-11,11.9,15.1,9.4,9.8,13.4,83,4.2,4.2,0.0,4.0,4.67,10.1
2002-03-12,13.9,17.3,11.6,13.3,17.0,91,6.1,6.1,0.0,7.0,3.67,7.7
2002-03-13,13.6,16.6,11.1,11.6,14.0,90,5.0,5.0,0.0,6.0,7.3,12.7
2002-03-14,15.5,19.0,13.4,13.9,16.5,86,8.0,8.0,0.0,8.0,7.59,13.6
2002-03-15,14.8,20.0,12.0,14.3,20.5,83,0.9,0.9,0.0,4.0,3.45,5.8
2002-03-16,14.5,19.2,10.4,13.2,18.4,71,0.0,0.0,0.0,0.0,3.54,7.4
2002-03-17,16.8,22.6,12.8,15.1,21.4,63,0.0,0.0,0.0,0.0,4.7,8.6
2002-03-18,13.3,17.3,9.1,10.2,16.0,45,0.0,0.0,0.0,0.0,5.24,7.9
2002-03-19,16.0,22.7,10.7,13.0,20.3,54,0.0,0.0,0.0,0.0,5.63,9.9
2002-03-20,18.4,24.4,14.0,17.5,24.7,74,3.6,3.6,0.0,4.0,5.47,12.1
2002-03-21,12.7,16.0,9.7,10.4,13.9,76,9.7,9.7,0.0,12.0,7.62,13.2
2002-03-22,10.4,12.5,8.5,7.9,10.1,81,15.2,15.2,0.0,15.0,6.69,12.8
2002-03-23,11.9,15.5,7.1,9.9,14.3,70,0.5,0.5,0.0,2.0,3.7,7.6
2002-03-24,9.4,11.1,8.5,6.5,8.3,82,11.2,11.2,0.0,18.0,4.79,8.5
2002-03-25,11.6,13.2,10.0,9.4,10.8,87,2.7,2.7,0.0,10.0,5.73,10.0
2002-03-26,13.0,15.3,11.2,12.6,15.4,93,13.2,13.2,0.0,13.0,3.12,6.2
2002-03-27,12.6,14.7,10.7,10.9,13.1,86,0.0,0.0,0.0,0.0,5.23,9.9
2002-03-28,12.7,13.9,11.3,11.1,13.6,92,12.6,12.6,0.0,16.0,7.11,10.5
2002-03-29,13.7,17.2,10.6,12.4,16.5,86,0.0,0.0,0.0,0.0,4.65,8.5
2002-03-30,16.1,23.1,10.3,15.6,23.0,79,0.0,0.0,0.0,0.0,4.1,9.0
2002-03-31,17.1,22.2,12.4,16.1,23.6,63,0.0,0.0,0.0,0.0,4.36,7.2
2002-04-01,18.8,25.0,13.7,17.8,25.6,71,0.0,0.0,0.0,0.0,5.7,10.4
2002-04-02,18.5,21.5,16.4,19.5,23.6,88,5.2,5.2,0.0,9.0,4.22,7.5
2002-04-03,16.7,21.1,13.2,16.9,23.0,90,0.0,0.0,0.0,0.0,4.33,8.5
2002-04-04,15.8,18.8,13.1,13.6,17.1,85,0.0,0.0,0.0,0.0,8.09,15.3
2002-04-05,19.8,23.1,17.0,18.0,21.8,84,1.7,1.7,0.0,4.0,10.53,19.9
2002-04-06,19.6,22.7,15.8,21.2,24.3,91,22.8,22.8,0.0,16.0,5.07,12.9
2002-04-07,17.9,22.5,14.1,18.4,24.3,87,0.3,0.3,0.0,1.0,5.49,10.4
2002-04-08,12.7,14.2,11.7,10.8,11.8,80,9.9,9.9,0.0,7.0,5.59,10.6
2002-04-09,14.2,16.9,11.8,11.7,15.3,56,0.0,0.0,0.0,0.0,4.52,7.8
2002-04-10,12.2,14.6,10.0,10.0,12.0,66,3.2,3.2,0.0,6.0,3.5,6.8
2002-04-11,12.0,14.7,9.8,10.4,13.3,74,0.0,0.0,0.0,0.0,3.23,5.6
2002-04-12,15.4,21.4,10.0,13.7,20.1,71,0.0,0.0,0.0,0.0,5.64,10.9
2002-04-13,19.9,26.3,13.4,18.8,25.8,63,0.0,0.0,0.0,0.0,6.61,10.8
2002-04-14,21.0,24.7,17.6,19.3,24.8,65,0.1,0.1,0.0,1.0,7.37,13.0
2002-04-15,22.1,25.1,19.0,23.0,26.7,80,4.0,4.0,0.0,8.0,6.74,11.4
2002-04-16,19.4,22.5,13.4,19.0,24.5,82,4.7,4.7,0.0,9.0,6.77,13.5
2002-04-17,15.1,18.4,11.2,13.6,17.0,71,10.6,10.6,0.0,11.0,4.33,8.2
2002-04-18,11.8,12.7,11.2,9.8,11.0,75,11.5,11.5,0.0,12.0,4.44,8.5
2002-04-19,14.3,15.9,11.8,12.6,14.8,84,14.9,14.9,0.0,10.0,5.73,9.7
2002-04-20,15.8,17.1,15.0,16.3,18.0,95,11.5,11.5,0.0,15.0,3.09,5.9
2002-04-21,17.4,21.6,13.9,18.0,23.4,85,0.0,0.0,0.0,0.0,4.48,7.5
2002-04-22,18.6,20.7,17.7,19.5,22.6,95,5.3,5.3,0.0,11.0,5.69,9.9
2002-04-23,18.4,22.6,14.0,18.9,24.0,93,4.9,4.9,0.0,5.0,7.3,12.5
2002-04-24,13.3,14.8,11.8,10.1,11.9,78,12.9,12.9,0.0,18.0,7.02,11.5
2002-04-25,12.3,13.0,11.6,9.0,10.0,67,0.0,0.0,0.0,0.0,6.23,10.8
2002-04-26,14.3,16.5,11.5,12.1,13.8,71,0.0,0.0,0.0,0.0,4.93,9.4
2002-04-27,14.9,16.8,13.3,14.0,15.8,83,4.9,4.9,0.0,19.0,3.81,6.9
2002-04-28,16.8,19.4,14.5,16.8,19.3,88,1.0,1.0,0.0,3.0,4.24,7.3
2002-04-29,21.0,27.0,16.6,22.0,30.4,82,0.0,0.0,0.0,0.0,4.81,10.2
2002-04-30,18.1,20.1,15.2,18.9,22.4,92,3.8,3.8,0.0,11.0,4.22,10.3
2002-05-01,16.4,18.3,14.9,16.4,18.9,86,3.6,3.6,0.0,8.0,3.55,6.2
2002-05-02,18.6,21.5,16.4,19.3,23.4,91,1.6,1.6,0.0,3.0,5.52,10.9
2002-05-03,19.5,23.4,17.0,21.5,26.6,94,10.1,10.1,0.0,14.0,4.9,9.5
2002-05-04,17.2,18.0,16.5,17.3,18.6,94,9.2,9.2,0.0,15.0,4.75,8.3
2002-05-05,18.2,20.6,17.0,18.7,22.0,95,4.4,4.4,0.0,10.0,5.3,9.1
2002-05-06,21.4,25.3,18.7,22.4,26.9,90,7.5,7.5,0.0,6.0,7.35,14.6
2002-05-07,17.0,20.5,14.7,16.0,22.6,84,8.1,8.1,0.0,6.0,6.53,11.5
2002-05-08,16.6,18.9,14.7,16.3,19.5,80,0.8,0.8,0.0,3.0,3.61,6.4
2002-05-09,16.4,17.1,15.7,16.7,18.0,92,26.1,26.1,0.0,21.0,3.55,6.6
2002-05-10,17.4,18.3,16.6,18.1,18.7,90,6.4,6.4,0.0,11.0,4.1,7.8
2002-05-11,17.7,20.4,15.5,18.0,20.4,83,0.2,0.2,0.0,2.0,3.8,7.3
2002-05-12,18.6,21.9,15.9,18.9,22.9,82,0.0,0.0,0.0,0.0,4.54,8.7
2002-05-13,19.1,20.9,17.6,19.0,20.8,87,1.8,1.8,0.0,5.0,6.2,11.4
2002-05-14,21.0,22.7,19.3,22.2,24.7,95,44.3,44.3,0.0,24.0,6.63,12.5
2002-05-15,20.5,22.5,18.0,20.2,23.9,79,1.2,1.2,0.0,3.0,8.36,16.6
2002-05-16,19.3,22.4,16.4,18.0,21.0,73,0.0,0.0,0.0,0.0,7.43,14.1
2002-05-17,20.0,22.6,18.1,20.8,23.5,78,0.1,0.1,0.0,1.0,3.2,8.9
2002-05-18,18.2,20.3,16.0,18.2,19.9,81,0.2,0.2,0.0,1.0,4.33,8.8
2002-05-19,18.8,23.3,16.1,19.9,26.2,78,0.2,0.2,0.0,2.0,2.47,4.2
2002-05-20,19.9,23.6,15.5,19.6,22.8,70,0.0,0.0,0.0,0.0,5.25,8.9
2002-05-21,18.0,19.8,16.3,17.0,19.4,88,24.7,24.7,0.0,20.0,7.72,14.1
2002-05-22,17.9,19.0,17.0,17.8,20.5,92,8.0,8.0,0.0,11.0,5.81,10.7
2002-05-23,19.5,23.5,16.8,19.6,23.2,77,0.0,0.0,0.0,0.0,4.49,8.9
2002-05-24,21.6,27.0,16.9,22.5,29.4,72,0.0,0.0,0.0,0.0,3.8,7.3
2002-05-25,22.0,27.8,16.1,23.2,29.1,72,0.0,0.0,0.0,0.0,3.1,4.6
2002-05-26,23.3,29.3,18.7,25.2,32.7,70,0.3,0.3,0.0,1.0,3.55,5.9
2002-05-27,23.0,28.8,18.7,24.7,32.0,69,0.0,0.0,0.0,0.0,3.2,6.8
2002-05-28,24.5,29.4,20.5,27.2,34.7,69,0.2,0.2,0.0,1.0,3.48,7.7
2002-05-29,22.9,25.0,21.5,25.9,28.7,88,8.4,8.4,0.0,8.0,5.87,10.1
2002-05-30,21.6,23.6,20.1,23.7,26.1,91,18.9,18.9,0.0,15.0,5.73,11.8
2002-05-31,22.5,27.1,19.2,25.5,32.4,83,0.0,0.0,0.0,0.0,3.4,6.8
2002-06-01,23.5,29.0,18.4,25.9,33.1,77,0.0,0.0,0.0,0.0,4.02,7.2
2002-06-02,23.5,27.4,19.9,25.3,30.5,74,0.0,0.0,0.0,0.0,4.03,7.7
2002-06-03,23.7,28.4,19.7,25.8,31.9,78,0.0,0.0,0.0,0.0,4.69,9.4
2002-06-04,23.7,26.8,21.4,25.6,29.8,80,0.0,0.0,0.0,0.0,5.09,10.4
2002-06-05,24.0,28.0,21.0,26.4,32.0,80,0.0,0.0,0.0,0.0,4.68,9.2
2002-06-06,23.9,27.0,21.3,25.7,30.5,81,0.0,0.0,0.0,0.0,5.95,11.6
2002-06-07,25.0,27.6,22.9,27.1,29.7,84,0.0,0.0,0.0,0.0,6.95,12.8
2002-06-08,25.5,27.7,23.6,28.4,31.3,85,1.5,1.5,0.0,8.0,5.5,10.4
2002-06-09,25.6,27.7,23.8,27.9,29.8,84,1.0,1.0,0.0,7.0,7.14,12.9
2002-06-10,27.5,33.1,23.7,31.6,38.7,82,8.3,8.3,0.0,6.0,5.95,12.3
2002-06-11,27.4,30.8,24.2,31.7,36.8,77,0.6,0.6,0.0,5.0,4.43,7.2
2002-06-12,28.6,32.6,24.5,31.6,34.9,65,0.0,0.0,0.0,0.0,4.23,8.2
2002-06-13,25.7,29.6,22.5,27.8,31.9,69,0.0,0.0,0.0,0.0,4.93,10.0
2002-06-14,25.8,29.7,22.2,27.0,30.9,68,0.0,0.0,0.0,0.0,6.5,12.7
2002-06-15,25.0,27.8,22.5,27.0,29.7,76,0.0,0.0,0.0,0.0,6.39,11.9
2002-06-16,24.9,26.9,22.9,27.7,29.2,82,0.0,0.0,0.0,0.0,4.89,9.6
2002-06-17,25.7,28.9,23.7,29.5,33.5,82,0.8,0.8,0.0,4.0,3.52,10.0
2002-06-18,26.4,30.6,23.3,29.3,34.3,78,0.0,0.0,0.0,0.0,6.35,11.7
2002-06-19,25.2,25.9,24.0,29.3,30.8,92,23.0,23.0,0.0,19.0,5.1,10.2
2002-06-20,25.8,26.5,24.7,30.9,32.2,94,27.1,27.1,0.0,18.0,3.55,9.1
2002-06-21,25.7,26.4,24.7,31.5,32.7,95,29.2,29.2,0.0,19.0,3.18,8.5
2002-06-22,26.2,28.4,24.9,30.6,33.2,89,1.2,1.2,0.0,2.0,4.49,8.2
2002-06-23,28.9,33.6,25.5,35.0,42.2,86,5.0,5.0,0.0,7.0,4.11,7.8
2002-06-24,25.1,27.1,22.0,27.9,32.4,86,14.0,14.0,0.0,15.0,5.8,16.9
2002-06-25,23.3,25.8,21.3,25.1,27.3,80,0.0,0.0,0.0,0.0,4.53,9.0
2002-06-26,23.9,25.6,21.7,26.3,27.8,80,0.7,0.7,0.0,3.0,3.74,7.4
2002-06-27,24.3,25.7,22.8,25.6,27.1,83,27.6,27.6,0.0,5.0,7.96,15.4
2002-06-28,22.6,24.1,21.5,23.3,25.7,93,66.9,66.9,0.0,14.0,9.86,16.2
2002-06-29,23.1,24.4,22.1,25.2,26.4,88,2.5,2.5,0.0,8.0,5.98,9.1
2002-06-30,24.2,27.1,22.6,27.9,30.8,89,11.3,11.3,0.0,13.0,3.61,6.4
2002-07-01,23.5,23.7,23.1,27.8,28.7,94,16.5,16.5,0.0,20.0,3.28,6.3
2002-07-02,25.4,28.3,22.7,30.1,33.2,88,5.4,5.4,0.0,5.0,3.54,6.9
2002-07-03,26.5,28.8,24.7,30.9,33.3,88,0.0,0.0,0.0,0.0,5.41,10.5
2002-07-04,25.4,26.3,24.3,27.0,30.1,89,26.7,26.7,0.0,18.0,12.65,24.9
2002-07-05,24.2,25.6,23.4,23.3,26.4,86,31.6,31.6,0.0,12.0,13.47,27.9
2002-07-06,27.2,31.6,23.0,30.5,36.6,73,0.8,0.8,0.0,1.0,5.51,10.7
2002-07-07,24.8,26.4,23.8,28.4,29.7,82,11.5,11.5,0.0,23.0,3.6,6.7
2002-07-08,24.8,26.0,23.6,28.2,29.2,84,2.0,2.0,0.0,3.0,4.7,9.4
2002-07-09,25.0,27.0,23.6,28.9,30.2,88,2.4,2.4,0.0,8.0,4.39,8.7
2002-07-10,25.5,28.1,23.2,29.7,32.9,85,0.0,0.0,0.0,0.0,3.32,6.9
2002-07-11,25.7,30.1,22.7,29.7,36.1,78,0.0,0.0,0.0,0.0,3.35,6.7
2002-07-12,25.5,29.5,21.9,28.6,34.0,76,0.0,0.0,0.0,0.0,4.28,8.7
2002-07-13,26.8,31.2,23.2,31.5,39.0,82,0.0,0.0,0.0,0.0,3.7,6.7
2002-07-14,29.8,34.1,25.7,36.7,43.8,83,0.2,0.2,0.0,2.0,3.94,6.9
2002-07-15,31.7,35.5,27.7,39.1,44.2,78,0.9,0.9,0.0,5.0,3.81,7.0
2002-07-16,30.0,32.8,26.8,36.3,39.5,82,11.3,11.3,0.0,9.0,4.2,9.3
2002-07-17,28.7,34.0,25.5,35.1,42.2,84,10.1,10.1,0.0,8.0,3.63,7.1
2002-07-18,25.7,26.7,24.5,30.8,32.6,91,27.2,27.2,0.0,12.0,2.95,5.6
2002-07-19,26.9,30.5,23.8,31.7,36.8,84,0.0,0.0,0.0,0.0,4.82,9.4
2002-07-20,27.5,30.1,25.7,33.1,36.1,90,9.7,9.7,0.0,13.0,4.08,7.5
2002-07-21,27.0,28.4,25.8,31.8,33.8,88,11.4,11.4,0.0,23.0,4.56,8.8
2002-07-22,27.1,28.3,26.1,32.0,33.6,90,14.5,14.5,0.0,15.0,5.55,11.9
2002-07-23,28.6,32.2,26.1,32.7,38.0,80,0.0,0.0,0.0,0.0,6.74,11.6
2002-07-24,28.8,32.7,25.9,32.8,38.9,78,0.0,0.0,0.0,0.0,6.86,11.2
2002-07-25,28.6,32.5,25.8,34.3,40.7,82,0.2,0.2,0.0,1.0,5.41,9.6
2002-07-26,27.8,31.2,25.4,33.2,37.8,82,0.0,0.0,0.0,0.0,3.39,7.2
2002-07-27,28.4,31.6,24.9,34.2,39.3,82,0.0,0.0,0.0,0.0,3.1,6.3
2002-07-28,29.9,33.0,27.5,36.6,41.1,83,0.0,0.0,0.0,0.0,4.21,7.4
2002-07-29,29.8,33.3,27.4,35.2,39.7,79,0.0,0.0,0.0,0.0,4.77,8.7
2002-07-30,29.5,32.6,27.3,34.5,38.8,79,0.0,0.0,0.0,0.0,5.38,10.5
2002-07-31,29.1,31.5,27.0,33.8,36.5,81,0.3,0.3,0.0,1.0,6.58,12.4
2002-08-01,28.7,30.3,26.9,33.4,34.6,84,0.1,0.1,0.0,1.0,6.53,12.1
2002-08-02,29.2,31.9,27.4,34.3,37.2,84,0.2,0.2,0.0,2.0,6.66,12.3
2002-08-03,29.6,32.1,27.6,34.5,37.5,82,0.0,0.0,0.0,0.0,5.97,11.5
2002-08-04,29.6,32.2,27.5,33.4,36.3,79,0.0,0.0,0.0,0.0,7.95,13.8
2002-08-05,29.6,31.3,27.5,33.1,34.7,78,0.0,0.0,0.0,0.0,7.4,14.2
2002-08-06,29.1,30.2,28.1,32.0,33.4,78,2.0,2.0,0.0,7.0,9.05,16.6
2002-08-07,27.4,28.4,25.7,32.1,33.7,86,10.4,10.4,0.0,17.0,6.71,13.8
2002-08-08,25.8,27.4,24.9,29.6,31.1,88,3.2,3.2,0.0,7.0,5.6,10.8
2002-08-09,24.6,25.4,22.5,27.4,28.6,81,6.0,6.0,0.0,13.0,4.19,10.5
2002-08-10,22.6,23.5,21.7,25.3,27.1,87,10.4,10.4,0.0,12.0,3.86,7.3
2002-08-11,22.6,23.2,22.0,26.3,26.9,90,45.9,45.9,0.0,24.0,2.46,5.2
2002-08-12,24.0,25.8,22.5,27.7,29.4,88,4.8,4.8,0.0,13.0,2.9,6.1
2002-08-13,24.4,25.3,23.6,28.1,29.0,91,9.6,9.6,0.0,18.0,4.3,8.7
2002-08-14,26.5,30.0,24.1,31.4,35.6,88,5.7,5.7,0.0,4.0,4.4,9.9
2002-08-15,24.8,26.0,23.9,28.8,29.7,92,7.7,7.7,0.0,21.0,4.17,8.1
2002-08-16,24.3,24.9,23.5,29.5,31.0,96,18.2,18.2,0.0,22.0,2.61,11.0
2002-08-17,26.6,29.4,24.6,32.3,35.5,88,11.9,11.9,0.0,19.0,2.64,7.5
2002-08-18,27.4,30.8,24.6,33.2,36.8,84,6.4,6.4,0.0,11.0,1.8,4.9
2002-08-19,27.5,30.2,25.2,33.1,35.4,84,2.3,2.3,0.0,12.0,2.62,5.8
2002-08-20,27.2,30.6,24.8,32.4,36.3,84,0.0,0.0,0.0,0.0,3.05,5.9
2002-08-21,27.4,30.8,24.7,32.7,37.2,82,0.0,0.0,0.0,0.0,3.3,5.8
2002-08-22,29.2,33.5,25.3,34.6,40.6,81,0.0,0.0,0.0,0.0,4.16,8.1
2002-08-23,31.1,36.2,26.8,37.6,44.0,78,29.4,29.4,0.0,7.0,4.65,13.0
2002-08-24,29.1,32.9,25.9,35.7,40.6,84,14.3,14.3,0.0,5.0,4.02,14.1
2002-08-25,27.2,30.8,25.9,33.0,37.1,88,4.4,4.4,0.0,6.0,2.8,7.0
2002-08-26,28.8,32.9,25.7,34.8,39.9,83,1.4,1.4,0.0,5.0,4.1,9.2
2002-08-27,26.9,29.6,25.0,32.8,37.0,90,16.7,16.7,0.0,12.0,2.77,10.7
2002-08-28,27.0,29.8,25.2,32.7,36.3,87,5.6,5.6,0.0,6.0,2.64,6.5
2002-08-29,27.0,29.7,25.3,32.5,35.8,90,8.4,8.4,0.0,14.0,4.2,8.8
2002-08-30,26.9,29.2,25.3,30.2,32.5,85,5.3,5.3,0.0,9.0,7.22,14.9
2002-08-31,27.7,31.1,25.4,31.0,34.4,78,1.5,1.5,0.0,8.0,7.72,14.3
2002-09-01,28.0,33.1,23.7,32.5,37.6,75,0.0,0.0,0.0,0.0,3.63,7.5
2002-09-02,28.6,33.3,25.0,33.6,39.0,76,0.0,0.0,0.0,0.0,3.5,6.3
2002-09-03,28.0,31.8,24.6,33.0,37.4,77,0.0,0.0,0.0,0.0,2.72,6.3
2002-09-04,27.6,30.8,25.1,32.4,35.3,81,0.0,0.0,0.0,0.0,4.47,8.9
2002-09-05,26.9,28.9,24.5,29.5,32.4,82,1.7,1.7,0.0,7.0,8.27,15.1
2002-09-06,25.0,26.7,23.4,25.2,26.8,72,0.0,0.0,0.0,0.0,7.62,13.8
2002-09-07,26.0,27.7,24.4,27.8,29.3,87,4.4,4.4,0.0,16.0,9.23,17.1
2002-09-08,27.3,29.2,25.7,31.1,33.8,90,2.9,2.9,0.0,12.0,8.1,14.3
2002-09-09,28.0,30.6,26.2,33.6,37.6,87,0.3,0.3,0.0,2.0,4.5,7.7
2002-09-10,27.5,30.0,25.9,32.5,36.8,85,1.1,1.1,0.0,4.0,4.33,8.2
2002-09-11,26.4,28.2,25.2,30.5,32.4,84,0.7,0.7,0.0,4.0,4.32,8.8
2002-09-12,26.5,28.5,25.2,30.3,32.9,82,0.9,0.9,0.0,5.0,4.43,8.7
2002-09-13,25.0,26.5,23.2,27.3,28.8,78,0.1,0.1,0.0,1.0,5.5,9.7
2002-09-14,22.1,23.3,21.1,23.4,25.3,83,10.0,10.0,0.0,23.0,5.25,10.3
2002-09-15,22.8,25.5,21.1,25.1,30.3,91,23.3,23.3,0.0,19.0,6.02,9.9
2002-09-16,22.5,25.3,21.1,24.0,27.1,86,6.6,6.6,0.0,11.0,5.61,9.6
2002-09-17,22.9,25.8,20.6,24.0,25.9,74,0.0,0.0,0.0,0.0,5.02,10.0
2002-09-18,23.6,25.9,21.2,25.4,27.3,77,2.1,2.1,0.0,9.0,5.0,9.5
2002-09-19,23.7,26.5,21.4,25.2,28.2,70,0.0,0.0,0.0,0.0,4.21,8.2
2002-09-20,23.1,25.8,20.7,24.2,26.8,72,0.0,0.0,0.0,0.0,4.41,8.8
2002-09-21,23.1,26.1,20.9,23.9,26.1,72,0.0,0.0,0.0,0.0,4.9,9.4
2002-09-22,22.0,24.7,19.5,21.6,22.9,66,0.0,0.0,0.0,0.0,6.3,11.7
2002-09-23,21.4,26.7,16.8,21.5,27.2,65,0.0,0.0,0.0,0.0,4.36,8.7
2002-09-24,21.3,25.8,18.2,22.7,27.1,73,0.0,0.0,0.0,0.0,2.35,4.2
2002-09-25,20.8,22.7,19.2,22.4,23.7,78,2.3,2.3,0.0,7.0,2.91,5.6
2002-09-26,21.4,25.0,17.9,22.7,26.2,79,0.1,0.1,0.0,1.0,4.33,7.9
2002-09-27,22.2,24.3,20.6,24.8,27.0,82,1.1,1.1,0.0,6.0,1.91,3.7
2002-09-28,23.2,27.2,20.8,24.8,28.8,74,0.0,0.0,0.0,0.0,4.18,8.2
2002-09-29,22.3,26.9,18.9,23.2,26.5,69,0.0,0.0,0.0,0.0,4.0,7.6
2002-09-30,21.6,25.6,18.7,22.4,25.6,70,0.0,0.0,0.0,0.0,3.18,6.4
2002-10-01,22.8,27.8,18.8,23.7,28.7,66,0.0,0.0,0.0,0.0,3.14,6.2
2002-10-02,22.5,26.8,19.4,23.0,27.5,65,0.0,0.0,0.0,0.0,4.78,7.3
2002-10-03,25.0,31.0,20.3,26.3,32.5,69,0.0,0.0,0.0,0.0,5.1,9.5
2002-10-04,25.7,31.7,22.0,28.3,34.6,70,0.0,0.0,0.0,0.0,3.49,6.3
2002-10-05,24.6,28.7,21.9,26.1,29.9,71,0.4,0.4,0.0,1.0,5.19,9.8
2002-10-06,20.5,22.5,18.2,20.0,21.8,70,7.5,7.5,0.0,6.0,7.11,10.9
2002-10-07,18.6,22.6,15.4,17.2,20.8,56,0.0,0.0,0.0,0.0,3.62,8.0
2002-10-08,18.4,22.3,15.4,17.4,21.1,63,0.0,0.0,0.0,0.0,4.24,8.7
2002-10-09,19.3,22.6,15.7,18.5,21.2,65,0.0,0.0,0.0,0.0,4.14,8.3
2002-10-10,20.8,23.8,18.3,20.7,22.8,68,0.0,0.0,0.0,0.0,4.51,9.1
2002-10-11,21.9,25.3,18.9,22.9,25.7,77,0.0,0.0,0.0,0.0,4.66,7.9
2002-10-12,23.2,26.7,21.0,26.0,30.0,86,0.7,0.7,0.0,3.0,4.4,7.2
2002-10-13,22.1,26.1,19.9,24.2,27.2,85,0.0,0.0,0.0,0.0,4.52,9.0
2002-10-14,22.5,27.2,19.4,24.5,29.1,82,0.0,0.0,0.0,0.0,3.9,7.4
2002-10-15,22.9,27.5,20.4,24.6,29.8,77,0.0,0.0,0.0,0.0,4.83,9.2
2002-10-16,22.5,26.4,19.0,23.4,27.6,77,0.0,0.0,0.0,0.0,5.59,10.8
2002-10-17,23.0,25.5,21.5,23.4,25.4,82,9.5,9.5,0.0,6.0,8.09,14.2
2002-10-18,22.1,24.6,20.0,22.5,25.5,88,15.2,15.2,0.0,17.0,8.66,16.0
2002-10-19,19.9,20.6,19.5,18.7,19.8,87,3.6,3.6,0.0,11.0,10.04,17.3
2002-10-20,19.3,20.9,18.1,19.4,20.8,87,6.1,6.1,0.0,13.0,5.45,10.0
2002-10-21,17.2,19.1,14.8,14.8,17.8,76,0.4,0.4,0.0,3.0,7.62,14.1
2002-10-22,15.1,16.7,13.8,12.1,13.1,62,0.0,0.0,0.0,0.0,6.53,11.8
2002-10-23,14.1,16.4,12.5,12.6,14.8,72,1.5,1.5,0.0,9.0,3.27,5.8
2002-10-24,14.4,18.8,10.6,13.5,18.8,73,0.0,0.0,0.0,0.0,2.43,5.0
2002-10-25,17.5,22.8,12.7,17.0,21.8,73,0.0,0.0,0.0,0.0,3.45,6.8
2002-10-26,13.7,16.3,10.2,10.8,15.4,66,0.0,0.0,0.0,0.0,5.96,11.9
2002-10-27,13.0,17.1,9.1,11.1,15.6,64,0.0,0.0,0.0,0.0,3.1,6.2
2002-10-28,16.1,20.1,12.5,15.1,20.0,70,0.0,0.0,0.0,0.0,4.07,7.3
2002-10-29,15.6,16.1,14.9,13.8,15.0,81,0.8,0.8,0.0,4.0,5.52,10.1
2002-10-30,15.8,16.6,15.1,14.9,16.7,85,12.6,12.6,0.0,20.0,4.21,7.7
2002-10-31,17.1,18.2,16.1,16.7,18.4,91,9.4,9.4,0.0,13.0,5.53,9.5
2002-11-01,14.4,16.1,10.7,11.5,14.4,73,0.0,0.0,0.0,0.0,6.71,13.3
2002-11-02,11.7,15.0,9.0,8.2,10.9,58,0.0,0.0,0.0,0.0,6.49,12.3
2002-11-03,11.2,15.9,7.8,6.6,10.9,52,0.4,0.4,0.0,1.0,8.51,17.2
2002-11-04,10.7,16.4,6.4,7.3,13.3,50,0.0,0.0,0.0,0.0,3.81,7.7
2002-11-05,13.7,19.6,8.9,10.9,16.6,57,0.0,0.0,0.0,0.0,4.1,7.0
2002-11-06,17.3,21.4,12.9,15.8,19.3,71,0.0,0.0,0.0,0.0,5.05,9.6
2002-11-07,18.7,22.9,13.6,17.8,21.7,71,0.0,0.0,0.0,0.0,4.41,8.8
2002-11-08,12.7,15.4,9.4,9.3,12.0,59,0.0,0.0,0.0,0.0,5.44,10.4
2002-11-09,10.6,14.0,7.4,7.8,12.2,59,0.0,0.0,0.0,0.0,3.86,5.4
2002-11-10,15.7,20.7,11.7,13.6,18.2,67,0.1,0.1,0.0,1.0,4.59,8.5
2002-11-11,18.2,24.2,14.3,17.3,23.3,71,0.0,0.0,0.0,0.0,4.61,8.5
2002-11-12,16.4,20.9,13.8,16.2,21.4,80,0.0,0.0,0.0,0.0,3.26,5.9
2002-11-13,15.7,16.3,15.1,14.7,16.0,86,2.3,2.3,0.0,7.0,6.11,10.4
2002-11-14,15.4,16.1,13.8,14.3,15.5,93,13.0,13.0,0.0,18.0,5.9,10.3
2002-11-15,12.0,13.5,10.2,9.5,10.9,83,11.2,11.2,0.0,21.0,5.8,10.7
2002-11-16,12.5,15.2,10.6,10.2,12.9,68,0.0,0.0,0.0,0.0,4.27,8.6
2002-11-17,11.6,15.9,8.0,9.0,13.6,79,0.0,0.0,0.0,0.0,6.11,10.9
2002-11-18,8.5,10.9,6.8,4.7,6.8,67,0.0,0.0,0.0,0.0,6.04,11.5
2002-11-19,11.5,15.1,7.0,8.9,11.8,73,0.0,0.0,0.0,0.0,5.33,9.1
2002-11-20,13.7,14.6,12.8,12.9,14.1,90,16.1,16.1,0.0,16.0,5.0,8.1
2002-11-21,12.4,13.3,11.7,10.2,11.5,90,13.8,13.8,0.0,18.0,5.94,10.2
2002-11-22,11.9,12.8,10.4,9.4,10.1,74,0.0,0.0,0.0,0.0,4.53,8.3
2002-11-23,12.2,15.6,10.1,10.1,13.5,77,0.0,0.0,0.0,0.0,4.33,8.5
2002-11-24,11.0,12.7,8.8,7.7,9.1,78,0.0,0.0,0.0,0.0,6.99,12.6
2002-11-25,9.3,13.0,6.6,6.2,9.0,72,0.0,0.0,0.0,0.0,4.63,8.6
2002-11-26,7.6,10.1,2.6,3.1,5.3,56,0.0,0.0,0.0,0.0,6.23,12.0
2002-11-27,6.3,10.8,1.9,3.0,7.6,59,0.0,0.0,0.0,0.0,3.11,4.8
2002-11-28,12.1,17.5,7.2,9.1,13.8,67,0.0,0.0,0.0,0.0,5.63,10.4
2002-11-29,13.4,18.5,10.5,12.2,17.6,81,0.0,0.0,0.0,0.0,3.11,6.3
2002-11-30,11.7,14.6,9.6,9.9,12.6,88,0.0,0.0,0.0,0.0,5.37,10.4
2002-12-01,12.2,16.6,8.7,10.4,14.5,78,0.0,0.0,0.0,0.0,3.83,6.6
2002-12-02,14.1,15.6,12.7,11.9,13.5,81,5.6,5.6,0.0,11.0,6.26,10.6
2002-12-03,14.4,16.4,11.9,12.4,15.6,89,14.3,14.3,0.0,12.0,6.5,11.6
2002-12-04,12.4,14.0,11.3,10.9,13.2,85,0.0,0.0,0.0,0.0,5.2,10.3
2002-12-05,13.3,14.5,11.7,11.8,14.0,91,27.3,27.3,0.0,12.0,7.17,12.2
2002-12-06,12.3,13.8,10.9,9.2,11.5,87,10.6,10.6,0.0,14.0,6.9,13.3
2002-12-07,9.4,11.5,6.4,5.2,8.8,87,6.2,6.2,0.0,16.0,7.79,14.6
2002-12-08,4.5,6.4,1.7,-1.3,1.1,70,0.2,0.2,0.0,1.0,7.74,14.4
2002-12-09,2.0,5.2,-0.1,-3.3,-0.3,62,0.0,0.0,0.0,0.0,6.44,11.5
2002-12-10,2.5,6.5,-0.3,-1.3,2.3,66,0.0,0.0,0.0,0.0,3.19,7.2
2002-12-11,4.8,8.3,1.2,2.1,5.5,70,0.8,0.8,0.0,3.0,1.87,4.1
2002-12-12,6.5,9.9,3.8,3.1,5.5,71,1.2,1.2,0.0,3.0,4.84,9.2
2002-12-13,6.8,10.7,3.4,3.8,8.2,74,0.0,0.0,0.0,0.0,3.52,7.2
2002-12-14,10.1,14.7,5.3,6.7,10.6,72,0.0,0.0,0.0,0.0,5.9,10.9
2002-12-15,12.7,16.6,10.9,11.3,15.6,85,1.7,1.7,0.0,7.0,4.46,8.3
2002-12-16,9.9,12.2,6.1,6.8,11.1,79,0.0,0.0,0.0,0.0,6.17,11.3
2002-12-17,8.3,10.7,5.3,5.3,7.6,79,20.0,20.0,0.0,9.0,5.22,9.7
2002-12-18,10.0,10.7,9.6,6.6,7.8,92,30.0,30.0,0.0,20.0,7.22,12.8
2002-12-19,10.1,11.1,9.4,6.2,7.8,81,3.8,3.8,0.0,10.0,7.41,13.3
2002-12-20,11.1,11.8,10.0,8.0,9.4,87,9.3,9.3,0.0,19.0,6.6,12.0
2002-12-21,11.5,12.6,10.1,8.8,9.7,89,0.3,0.3,0.0,1.0,6.16,11.9
2002-12-22,10.3,11.9,9.2,7.3,8.5,84,0.0,0.0,0.0,0.0,5.87,10.7
2002-12-23,9.3,10.5,7.2,6.8,8.4,90,1.0,1.0,0.0,6.0,4.84,8.8
2002-12-24,5.9,7.2,4.3,2.1,3.5,83,1.5,1.5,0.0,11.0,4.98,9.1
2002-12-25,1.7,4.2,0.1,-4.3,-0.3,70,0.3,0.3,0.14,2.0,7.75,14.3
2002-12-26,0.2,2.1,-1.7,-5.7,-3.8,62,0.0,0.0,0.0,0.0,6.38,12.0
2002-12-27,1.4,4.8,-1.6,-3.7,-0.1,60,0.0,0.0,0.0,0.0,5.32,10.0
2002-12-28,1.9,5.5,-1.2,-1.9,1.9,64,0.0,0.0,0.0,0.0,2.92,5.5
2002-12-29,4.2,6.6,2.1,0.7,3.3,61,0.0,0.0,0.0,0.0,2.3,4.4
2002-12-30,2.9,4.3,1.7,-0.7,0.7,70,0.2,0.2,0.0,1.0,2.5,5.5
2002-12-31,3.3,6.1,0.9,-1.0,1.1,68,0.0,0.0,0.0,0.0,4.83,9.9
2003-01-01,2.4,5.6,-0.3,-1.8,1.1,71,0.0,0.0,0.0,0.0,4.18,8.7
2003-01-02,4.8,7.8,2.2,1.7,4.4,79,4.9,4.9,0.0,8.0,5.12,9.7
2003-01-03,2.2,4.2,-2.1,-3.6,-1.0,64,0.2,0.2,0.0,1.0,8.26,15.2
2003-01-04,-1.9,1.0,-4.2,-7.8,-5.3,51,0.0,0.0,0.0,0.0,6.36,12.0
2003-01-05,-2.4,0.5,-5.1,-7.9,-4.9,52,0.0,0.0,0.0,0.0,5.39,9.7
2003-01-06,0.0,2.9,-3.0,-3.8,-0.6,68,0.0,0.0,0.0,0.0,2.62,5.0
2003-01-07,1.7,4.7,-0.8,-2.4,0.1,71,0.0,0.0,0.0,0.0,4.0,8.5
2003-01-08,1.5,6.2,-2.3,-2.1,2.9,75,0.0,0.0,0.0,0.0,2.83,5.6
2003-01-09,2.9,8.0,-0.7,-0.2,5.4,81,0.0,0.0,0.0,0.0,2.52,6.1
2003-01-10,4.8,9.6,0.9,1.2,5.3,74,0.0,0.0,0.0,0.0,5.32,10.3
2003-01-11,3.3,8.9,-0.3,-0.6,4.4,71,0.0,0.0,0.0,0.0,3.96,7.8
2003-01-12,4.2,11.2,-0.8,0.5,7.5,70,0.0,0.0,0.0,0.0,3.83,7.2
2003-01-13,7.9,15.3,2.9,4.4,11.3,65,0.0,0.0,0.0,0.0,4.59,9.2
2003-01-14,5.2,7.9,1.6,0.7,3.1,74,0.0,0.0,0.0,0.0,6.67,12.4
2003-01-15,3.7,6.7,1.4,-0.0,3.0,69,0.0,0.0,0.0,0.0,3.42,7.7
2003-01-16,7.2,12.9,3.5,4.0,10.0,72,0.0,0.0,0.0,0.0,3.83,6.6
2003-01-17,9.0,16.1,4.5,6.0,13.2,76,0.0,0.0,0.0,0.0,4.46,8.4
2003-01-18,6.5,9.3,3.9,3.7,6.3,83,3.4,3.4,0.0,4.0,4.51,7.6
2003-01-19,6.2,8.2,3.6,2.7,4.0,79,0.6,0.6,0.0,1.0,4.91,9.4
2003-01-20,3.5,7.1,0.6,0.4,3.5,79,0.0,0.0,0.0,0.0,3.01,6.8
2003-01-21,4.5,8.9,0.7,1.0,5.7,72,0.0,0.0,0.0,0.0,4.95,8.3
2003-01-22,6.6,7.6,5.2,2.1,3.8,83,3.8,3.8,0.0,9.0,7.4,12.9
2003-01-23,4.6,6.5,1.9,0.0,1.9,69,0.0,0.0,0.0,0.0,6.39,11.4
2003-01-24,4.6,8.8,0.5,0.7,4.4,75,0.1,0.1,0.0,1.0,5.3,10.3
2003-01-25,8.1,9.8,7.0,4.5,8.0,87,17.8,17.8,0.0,19.0,6.17,11.0
2003-01-26,7.5,9.5,4.8,3.6,7.6,91,0.5,0.5,0.0,1.0,6.58,11.0
2003-01-27,3.0,4.8,0.2,-2.9,-0.6,71,2.5,2.1,0.28,6.0,8.49,15.5
2003-01-28,1.4,6.0,-2.6,-3.3,1.0,61,0.0,0.0,0.0,0.0,5.38,10.6
2003-01-29,0.9,4.0,-1.4,-3.5,-0.3,63,0.0,0.0,0.0,0.0,3.7,8.1
2003-01-30,2.8,6.3,-1.4,-1.5,2.7,71,0.5,0.5,0.0,3.0,5.3,10.1
2003-01-31,6.3,7.2,5.4,2.4,3.9,91,18.0,18.0,0.0,23.0,6.28,10.6
2003-02-01,4.6,6.4,1.1,0.3,1.6,79,0.3,0.3,0.0,3.0,5.64,10.4
2003-02-02,2.7,6.5,0.0,-1.1,2.7,75,0.0,0.0,0.0,0.0,4.04,8.4
2003-02-03,3.6,7.3,-0.1,0.4,4.8,76,0.0,0.0,0.0,0.0,2.28,5.7
2003-02-04,5.4,10.6,1.4,1.7,5.9,72,0.0,0.0,0.0,0.0,6.0,11.7
2003-02-05,3.5,6.4,-0.0,-1.1,1.4,61,0.0,0.0,0.0,0.0,5.78,10.8
2003-02-06,3.8,8.5,-0.1,0.1,4.6,70,0.0,0.0,0.0,0.0,5.19,9.0
2003-02-07,9.0,13.0,5.6,6.0,10.3,78,1.8,1.8,0.0,4.0,5.12,8.9
2003-02-08,10.2,14.4,6.2,7.9,12.1,85,1.9,1.9,0.0,6.0,5.55,10.0
2003-02-09,9.1,12.4,5.7,6.1,9.1,86,0.0,0.0,0.0,0.0,5.97,11.5
2003-02-10,7.8,9.4,4.1,4.6,7.4,93,2.9,2.9,0.0,8.0,7.2,12.2
2003-02-11,2.5,4.0,1.4,-2.9,-1.3,79,6.0,4.5,1.05,10.0,7.1,13.2
2003-02-12,2.0,4.0,-1.0,-2.3,-0.2,69,0.0,0.0,0.0,0.0,4.83,9.0
2003-02-13,2.6,6.7,-1.6,-0.8,4.2,74,0.0,0.0,0.0,0.0,3.08,6.4
2003-02-14,5.8,6.7,4.4,2.4,3.5,87,8.7,8.7,0.0,15.0,5.1,8.9
2003-02-15,7.4,7.9,6.8,5.5,7.1,98,16.6,16.6,0.0,22.0,3.96,6.6
2003-02-16,7.5,8.8,6.5,4.6,5.8,84,0.2,0.2,0.0,1.0,4.54,8.4
2003-02-17,7.0,10.7,3.9,4.8,9.0,82,0.0,0.0,0.0,0.0,2.82,6.2
2003-02-18,8.7,11.5,6.6,6.8,9.3,80,0.0,0.0,0.0,0.0,2.56,6.6
2003-02-19,7.9,13.2,3.8,4.9,10.2,75,0.0,0.0,0.0,0.0,5.06,9.4
2003-02-20,6.8,11.0,3.5,3.1,8.1,71,0.0,0.0,0.0,0.0,6.68,10.5
2003-02-21,12.3,17.5,7.6,8.3,14.2,74,0.0,0.0,0.0,0.0,9.2,17.4
2003-02-22,11.4,13.5,6.8,9.0,12.1,82,0.2,0.2,0.0,1.0,4.81,8.8
2003-02-23,6.5,6.9,5.8,3.7,4.2,90,11.8,11.8,0.0,14.0,3.81,7.8
2003-02-24,7.2,10.8,4.6,4.3,8.4,78,0.0,0.0,0.0,0.0,4.05,8.4
2003-02-25,9.0,13.5,5.2,5.3,8.8,79,0.1,0.1,0.0,1.0,7.59,14.2
2003-02-26,9.9,11.8,8.2,7.3,9.8,90,9.6,9.6,0.0,21.0,6.23,11.1
2003-02-27,8.1,9.3,7.0,4.5,5.3,85,4.9,4.9,0.0,8.0,5.66,10.1
2003-02-28,9.5,10.3,8.4,6.9,9.7,93,12.0,12.0,0.0,18.0,5.87,10.5
2003-03-01,8.6,10.2,6.4,5.3,8.2,90,1.3,1.3,0.0,4.0,7.67,12.8
2003-03-02,10.1,13.1,6.4,7.0,12.0,85,4.6,4.6,0.0,4.0,8.51,15.6
2003-03-03,6.5,12.3,2.4,1.1,11.0,75,2.8,2.4,0.28,8.0,8.6,15.5
2003-03-04,4.5,5.7,2.9,-0.5,1.5,66,0.0,0.0,0.0,0.0,6.11,11.0
2003-03-05,6.6,8.2,4.9,2.4,4.9,89,30.1,29.8,0.21,24.0,6.31,11.9
2003-03-06,7.1,8.4,4.7,2.9,5.1,87,2.5,2.5,0.0,7.0,6.63,12.0
2003-03-07,5.4,9.1,3.2,0.9,4.3,70,0.0,0.0,0.0,0.0,6.51,12.4
2003-03-08,7.0,12.6,3.1,3.7,9.3,71,0.0,0.0,0.0,0.0,4.72,10.4
2003-03-09,6.7,11.1,2.8,3.9,9.3,73,0.0,0.0,0.0,0.0,4.27,8.7
2003-03-10,8.1,10.9,5.7,4.8,7.5,69,0.0,0.0,0.0,0.0,4.53,9.5
2003-03-11,9.6,12.5,7.0,6.0,8.2,74,0.3,0.3,0.0,1.0,6.74,12.8
2003-03-12,9.3,10.1,8.6,6.5,7.7,90,7.3,7.3,0.0,19.0,4.77,8.3
2003-03-13,9.5,12.0,7.9,6.4,8.0,82,0.0,0.0,0.0,0.0,6.38,11.9
2003-03-14,8.3,9.6,7.4,4.9,6.1,87,8.2,8.2,0.0,10.0,5.85,10.3
2003-03-15,8.0,9.4,7.2,4.7,7.1,93,8.0,8.0,0.0,16.0,6.16,10.8
2003-03-16,9.3,11.2,6.3,6.6,8.6,91,5.5,5.5,0.0,7.0,5.46,9.8
2003-03-17,6.8,7.5,6.3,3.0,4.1,85,11.4,11.4,0.0,16.0,5.68,9.8
2003-03-18,8.0,11.1,5.8,4.4,8.2,70,0.0,0.0,0.0,0.0,5.19,10.4
2003-03-19,9.3,13.0,6.6,6.2,10.3,63,0.0,0.0,0.0,0.0,3.98,8.2
2003-03-20,9.2,12.8,6.8,7.0,11.7,74,0.0,0.0,0.0,0.0,3.11,6.9
2003-03-21,10.1,16.4,5.5,7.3,15.3,74,0.1,0.1,0.0,1.0,6.42,12.4
2003-03-22,8.6,12.0,5.7,5.6,10.3,73,0.0,0.0,0.0,0.0,4.24,8.2
2003-03-23,10.9,14.6,8.0,8.8,13.5,80,1.2,1.2,0.0,4.0,4.0,9.0
2003-03-24,13.2,19.5,7.7,11.5,17.8,72,0.0,0.0,0.0,0.0,3.59,7.5
2003-03-25,13.9,20.3,8.4,12.1,20.3,70,0.0,0.0,0.0,0.0,5.16,8.8
2003-03-26,17.4,24.4,12.2,15.0,23.5,63,0.0,0.0,0.0,0.0,5.7,11.2
2003-03-27,12.4,16.0,7.1,9.0,14.6,70,7.9,7.9,0.0,5.0,8.09,14.6
2003-03-28,9.5,13.3,6.4,7.5,13.3,67,0.0,0.0,0.0,0.0,3.05,5.5
2003-03-29,11.8,17.7,6.6,8.7,15.7,69,0.0,0.0,0.0,0.0,6.84,11.9
2003-03-30,17.6,24.7,11.6,15.8,25.1,70,0.0,0.0,0.0,0.0,6.58,11.8
2003-03-31,18.6,25.0,15.3,19.1,26.9,83,20.9,20.9,0.0,10.0,3.88,9.0
2003-04-01,14.4,17.3,12.5,13.5,16.8,91,5.5,5.5,0.0,6.0,4.7,8.1
2003-04-02,12.5,13.1,11.3,10.6,12.2,93,19.5,19.5,0.0,11.0,5.38,10.1
2003-04-03,13.5,17.9,11.2,12.7,18.2,81,3.1,3.1,0.0,4.0,3.57,6.8
2003-04-04,12.5,14.8,10.2,10.8,12.2,80,3.8,3.8,0.0,10.0,4.91,9.3
2003-04-05,13.3,18.2,9.3,11.5,17.5,68,0.0,0.0,0.0,0.0,3.36,7.1
2003-04-06,14.2,19.1,10.3,11.7,16.8,67,0.0,0.0,0.0,0.0,6.55,11.4
2003-04-07,14.8,18.5,12.8,13.3,17.1,86,3.3,3.3,0.0,8.0,6.37,11.7
2003-04-08,16.1,22.0,11.1,14.8,22.8,74,0.0,0.0,0.0,0.0,5.31,9.0
2003-04-09,12.4,15.9,10.5,9.8,14.1,67,0.0,0.0,0.0,0.0,4.3,9.4
2003-04-10,11.7,12.7,10.3,8.2,10.6,83,11.6,11.6,0.0,13.0,8.27,15.6
2003-04-11,14.8,18.4,12.7,14.2,18.9,86,0.0,0.0,0.0,0.0,4.53,9.0
2003-04-12,15.5,19.1,13.3,15.4,19.4,85,1.7,1.7,0.0,4.0,3.78,8.9
2003-04-13,14.5,16.5,12.7,13.7,15.7,81,0.7,0.7,0.0,2.0,3.92,8.2
2003-04-14,14.9,19.4,11.4,13.9,20.3,66,0.0,0.0,0.0,0.0,3.0,5.2
2003-04-15,15.4,21.6,10.5,13.2,21.3,59,0.0,0.0,0.0,0.0,5.66,9.0
2003-04-16,16.7,21.8,12.5,13.9,20.9,68,0.0,0.0,0.0,0.0,7.47,13.5
2003-04-17,19.5,23.2,16.4,18.7,24.1,87,0.9,0.9,0.0,2.0,7.63,14.5
2003-04-18,20.8,26.9,11.7,21.3,30.0,86,19.9,19.9,0.0,9.0,6.91,12.7
2003-04-19,12.1,12.6,11.6,10.5,11.5,86,6.0,6.0,0.0,11.0,5.1,9.2
2003-04-20,13.2,14.7,11.7,11.9,13.6,84,7.3,7.3,0.0,16.0,3.49,7.9
2003-04-21,14.2,16.4,12.8,11.5,13.4,70,0.9,0.9,0.0,3.0,5.62,10.1
2003-04-22,17.3,22.1,13.4,16.0,22.6,76,0.0,0.0,0.0,0.0,5.91,11.6
2003-04-23,17.1,18.8,13.4,17.0,19.7,88,0.9,0.9,0.0,4.0,5.61,9.9
2003-04-24,14.1,15.6,13.3,13.4,15.2,91,4.3,4.3,0.0,10.0,3.61,12.6
2003-04-25,14.0,15.8,12.5,12.4,14.8,87,3.8,3.8,0.0,8.0,5.95,11.4
2003-04-26,16.1,20.9,11.8,15.8,21.5,77,0.0,0.0,0.0,0.0,4.8,8.8
2003-04-27,17.2,20.4,14.5,15.6,18.6,77,0.0,0.0,0.0,0.0,5.94,10.4
2003-04-28,18.2,19.9,16.7,17.2,18.7,87,0.5,0.5,0.0,2.0,7.29,12.5
2003-04-29,18.9,21.7,14.1,18.8,23.6,91,5.0,5.0,0.0,13.0,7.56,12.8
2003-04-30,16.7,21.0,12.9,15.9,22.2,68,0.0,0.0,0.0,0.0,5.02,8.7
2003-05-01,17.7,23.5,11.9,15.4,21.6,56,0.0,0.0,0.0,0.0,5.95,11.6
2003-05-02,19.5,24.4,15.1,18.3,24.8,73,0.0,0.0,0.0,0.0,6.91,13.2
2003-05-03,20.0,22.5,18.3,20.5,23.7,89,3.1,3.1,0.0,3.0,5.82,11.1
2003-05-04,20.8,24.4,18.7,23.0,28.3,91,5.9,5.9,0.0,13.0,4.96,9.7
2003-05-05,21.2,25.8,18.2,23.7,29.9,92,0.0,0.0,0.0,0.0,3.67,6.4
2003-05-06,23.9,29.4,19.4,27.3,35.3,87,0.0,0.0,0.0,0.0,4.49,7.6
2003-05-07,22.6,25.9,15.9,23.6,28.7,84,7.6,7.6,0.0,8.0,7.2,12.9
2003-05-08,15.8,18.9,12.7,13.0,17.2,68,0.0,0.0,0.0,0.0,6.59,12.2
2003-05-09,15.7,19.5,12.1,14.4,20.0,64,0.0,0.0,0.0,0.0,3.41,7.0
2003-05-10,17.6,20.7,14.4,17.0,20.1,70,0.3,0.3,0.0,2.0,3.54,6.9
2003-05-11,18.4,20.7,17.1,17.8,20.9,78,0.7,0.7,0.0,3.0,5.03,10.5
2003-05-12,17.2,18.5,15.9,16.2,18.0,89,31.3,31.3,0.0,18.0,6.02,10.5
2003-05-13,19.8,22.8,17.7,20.7,24.0,92,4.7,4.7,0.0,11.0,5.53,10.0
2003-05-14,19.2,21.6,16.8,20.6,23.7,90,2.6,2.6,0.0,5.0,3.54,7.6
2003-05-15,18.7,21.1,16.6,19.0,21.9,86,0.2,0.2,0.0,2.0,5.04,9.2
2003-05-16,18.3,19.9,17.1,18.4,19.6,87,2.5,2.5,0.0,8.0,5.86,10.4
2003-05-17,19.2,22.8,16.9,19.7,24.6,79,0.2,0.2,0.0,1.0,4.11,8.6
2003-05-18,19.7,23.8,16.7,20.5,25.5,74,0.0,0.0,0.0,0.0,3.55,7.7
2003-05-19,21.6,26.4,15.6,23.0,29.1,73,0.5,0.5,0.0,1.0,2.82,6.9
2003-05-20,21.8,25.9,18.4,22.7,26.6,74,0.6,0.6,0.0,1.0,4.57,9.4
2003-05-21,20.4,23.8,17.6,20.7,24.5,69,0.0,0.0,0.0,0.0,2.69,7.1
2003-05-22,19.0,20.2,17.4,18.8,19.7,71,0.0,0.0,0.0,0.0,3.13,7.2
2003-05-23,20.0,22.8,17.2,20.2,23.1,75,1.4,1.4,0.0,5.0,4.8,10.0
2003-05-24,20.9,23.6,18.1,21.6,23.6,82,6.0,6.0,0.0,11.0,6.42,12.0
2003-05-25,19.3,21.9,17.1,17.4,19.2,74,0.3,0.3,0.0,2.0,8.54,16.3
2003-05-26,19.8,22.7,17.5,19.8,23.0,79,0.0,0.0,0.0,0.0,5.46,10.0
2003-05-27,19.5,21.3,17.9,19.9,21.2,84,0.0,0.0,0.0,0.0,5.1,9.7
2003-05-28,20.8,23.1,19.0,22.2,24.8,88,0.0,0.0,0.0,0.0,4.41,7.7
2003-05-29,22.0,26.4,18.4,24.2,29.0,84,0.0,0.0,0.0,0.0,4.39,8.9
2003-05-30,21.3,23.6,19.5,21.3,22.5,82,0.1,0.1,0.0,1.0,8.01,14.7
2003-05-31,23.5,28.6,18.6,24.5,30.4,70,0.0,0.0,0.0,0.0,5.14,9.7
2003-06-01,22.5,28.8,16.6,23.2,29.8,63,0.0,0.0,0.0,0.0,2.94,6.6
2003-06-02,22.0,26.1,18.9,22.6,26.0,63,0.0,0.0,0.0,0.0,4.11,8.9
2003-06-03,22.3,25.8,19.8,23.2,26.9,71,0.0,0.0,0.0,0.0,4.41,7.8
2003-06-04,22.8,27.7,18.7,24.6,30.7,69,0.0,0.0,0.0,0.0,3.1,5.3
2003-06-05,23.7,29.4,18.6,24.4,30.6,66,0.0,0.0,0.0,0.0,5.02,9.0
2003-06-06,24.6,28.4,21.8,27.1,32.7,78,5.0,5.0,0.0,5.0,5.1,8.7
2003-06-07,24.2,27.9,21.2,26.8,31.1,82,0.0,0.0,0.0,0.0,5.7,11.3
2003-06-08,23.9,26.7,21.8,25.3,28.0,80,0.0,0.0,0.0,0.0,6.52,12.6
2003-06-09,23.9,26.9,21.7,25.7,29.0,81,0.2,0.2,0.0,2.0,5.76,11.4
2003-06-10,23.6,26.6,21.1,25.6,29.4,79,0.0,0.0,0.0,0.0,4.3,8.9
2003-06-11,22.1,22.9,21.4,23.9,25.0,89,24.3,24.3,0.0,12.0,6.22,12.0
2003-06-12,22.8,25.6,20.7,24.4,27.2,81,0.6,0.6,0.0,5.0,5.68,11.5
2003-06-13,22.5,24.3,20.4,24.3,26.0,87,0.4,0.4,0.0,3.0,5.36,9.7
2003-06-14,24.5,29.2,20.2,25.9,31.7,70,0.0,0.0,0.0,0.0,4.92,9.0
2003-06-15,24.2,28.3,20.8,26.4,32.4,76,0.0,0.0,0.0,0.0,4.22,8.4
2003-06-16,22.4,25.2,19.8,23.9,27.8,74,0.0,0.0,0.0,0.0,3.94,8.3
2003-06-17,21.9,25.3,18.9,23.3,27.7,75,0.0,0.0,0.0,0.0,4.5,9.6
2003-06-18,22.4,24.1,20.4,23.9,25.2,80,0.0,0.0,0.0,0.0,4.53,9.3
2003-06-19,23.8,27.2,21.4,25.8,29.3,79,0.1,0.1,0.0,1.0,5.39,9.5
2003-06-20,24.1,26.4,20.9,27.0,29.4,85,0.0,0.0,0.0,0.0,4.27,8.8
2003-06-21,24.8,25.8,23.7,28.0,29.5,90,2.4,2.4,0.0,9.0,5.55,10.5
2003-06-22,27.6,31.1,24.1,32.5,36.9,83,7.2,7.2,0.0,12.0,5.12,7.7
2003-06-23,27.3,29.3,24.6,30.6,32.4,82,21.8,21.8,0.0,16.0,6.3,13.8
2003-06-24,25.1,27.3,22.6,29.0,32.2,85,2.6,2.6,0.0,5.0,3.59,8.7
2003-06-25,25.9,30.7,21.4,28.8,34.1,75,0.0,0.0,0.0,0.0,5.13,9.7
2003-06-26,25.7,26.7,23.9,29.8,31.4,90,29.6,29.6,0.0,15.0,4.44,9.8
2003-06-27,26.0,30.5,22.1,29.4,33.7,85,19.2,19.2,0.0,12.0,6.6,13.4
2003-06-28,24.2,27.0,22.0,27.8,31.1,85,24.3,24.3,0.0,16.0,3.57,8.2
2003-06-29,26.1,27.6,24.2,31.4,33.3,93,14.3,14.3,0.0,15.0,4.24,9.1
2003-06-30,29.5,34.1,25.0,35.0,40.1,79,0.0,0.0,0.0,0.0,5.1,11.2
2003-07-01,26.9,29.0,23.3,31.0,33.7,82,3.1,3.1,0.0,9.0,4.48,9.9
2003-07-02,27.8,32.9,23.2,32.6,39.4,82,0.1,0.1,0.0,1.0,4.57,8.3
2003-07-03,28.8,32.1,25.7,34.0,39.6,80,3.1,3.1,0.0,3.0,4.88,12.9
2003-07-04,30.8,35.4,25.8,36.0,40.8,74,0.0,0.0,0.0,0.0,5.0,11.8
2003-07-05,28.9,32.1,27.1,34.7,38.8,80,1.5,1.5,0.0,6.0,3.31,11.8
2003-07-06,27.2,30.0,24.5,33.2,37.4,88,14.3,14.3,0.0,10.0,2.73,11.2
2003-07-07,25.8,29.2,24.3,30.9,35.9,91,24.3,24.3,0.0,16.0,4.03,10.9
2003-07-08,28.2,32.0,24.5,33.7,38.1,84,1.8,1.8,0.0,6.0,5.24,8.3
2003-07-09,29.0,32.6,26.6,33.9,38.7,80,5.9,5.9,0.0,3.0,5.8,11.2
2003-07-10,29.2,33.9,26.1,35.5,41.8,84,1.0,1.0,0.0,3.0,4.2,12.7
2003-07-11,27.9,30.6,26.1,34.6,38.9,89,2.6,2.6,0.0,9.0,3.01,9.0
2003-07-12,29.8,34.5,25.9,36.7,43.6,84,2.6,2.6,0.0,4.0,4.16,7.7
2003-07-13,30.9,34.7,26.1,36.5,40.2,75,0.9,0.9,0.0,1.0,5.32,12.8
2003-07-14,28.8,33.7,25.0,34.8,41.3,83,0.6,0.6,0.0,3.0,2.97,8.4
2003-07-15,27.9,30.2,24.5,32.8,36.2,83,0.2,0.2,0.0,2.0,4.53,9.7
2003-07-16,25.8,27.0,24.6,29.0,30.3,86,0.7,0.7,0.0,3.0,5.92,11.1
2003-07-17,30.3,35.2,26.1,36.6,43.5,82,1.0,1.0,0.0,3.0,5.94,10.2
2003-07-18,27.2,30.3,23.9,31.1,34.6,78,18.3,18.3,0.0,7.0,5.19,11.7
2003-07-19,29.5,34.2,25.8,35.4,41.1,80,0.0,0.0,0.0,0.0,3.54,6.9
2003-07-20,29.6,34.2,26.2,35.8,42.0,79,0.0,0.0,0.0,0.0,3.22,7.3
2003-07-21,30.5,34.5,27.7,35.4,41.3,76,0.0,0.0,0.0,0.0,6.01,11.0
2003-07-22,30.1,34.4,27.3,34.8,40.7,76,0.0,0.0,0.0,0.0,6.63,12.4
2003-07-23,30.3,33.4,27.6,35.5,40.6,78,0.0,0.0,0.0,0.0,6.3,11.5
2003-07-24,30.9,33.7,28.2,36.3,39.6,80,0.0,0.0,0.0,0.0,7.02,13.1
2003-07-25,33.0,37.7,29.4,41.2,47.1,74,3.8,3.8,0.0,2.0,2.16,4.9
2003-07-26,30.2,34.4,26.6,37.0,43.0,81,1.7,1.7,0.0,2.0,4.1,6.8
2003-07-27,29.2,33.0,26.2,34.7,40.5,82,0.0,0.0,0.0,0.0,5.37,9.9
2003-07-28,31.8,36.1,28.0,38.6,44.2,77,0.0,0.0,0.0,0.0,4.61,7.4
2003-07-29,32.5,37.4,28.0,39.3,44.4,73,0.0,0.0,0.0,0.0,3.86,7.9
2003-07-30,28.8,31.8,26.9,34.9,40.0,87,0.2,0.2,0.0,1.0,4.0,8.3
2003-07-31,29.5,33.0,27.1,35.4,40.7,85,0.0,0.0,0.0,0.0,5.08,10.2
2003-08-01,31.0,35.7,27.4,37.4,43.9,77,0.0,0.0,0.0,0.0,4.34,7.6
2003-08-02,31.8,36.2,28.3,38.8,46.2,75,0.0,0.0,0.0,0.0,3.91,7.3
2003-08-03,30.4,34.2,27.4,35.4,40.6,75,0.0,0.0,0.0,0.0,5.96,10.7
2003-08-04,30.1,32.9,27.9,35.3,38.9,81,0.0,0.0,0.0,0.0,6.55,12.6
2003-08-05,29.9,33.1,28.2,34.8,37.8,81,1.5,1.5,0.0,4.0,7.24,13.6
2003-08-06,29.8,32.4,27.2,34.8,37.7,80,0.7,0.7,0.0,3.0,5.65,10.5
2003-08-07,30.1,33.5,27.3,36.5,40.7,81,0.9,0.9,0.0,2.0,3.45,6.2
2003-08-08,29.1,32.9,26.1,34.5,38.1,77,0.0,0.0,0.0,0.0,3.31,7.8
2003-08-09,28.9,32.8,26.2,33.4,37.0,73,0.0,0.0,0.0,0.0,4.16,8.7
2003-08-10,29.6,33.0,26.3,35.7,40.1,83,12.0,12.0,0.0,8.0,4.28,7.5
2003-08-11,27.7,30.2,26.1,32.4,35.1,84,0.9,0.9,0.0,2.0,5.52,10.5
2003-08-12,25.9,26.8,23.9,29.4,30.4,84,23.7,23.7,0.0,20.0,4.84,8.9
2003-08-13,23.7,24.6,22.2,25.2,27.1,86,15.8,15.8,0.0,17.0,7.86,13.3
2003-08-14,24.6,25.2,23.8,27.0,28.0,86,3.9,3.9,0.0,8.0,6.5,11.5
2003-08-15,26.3,28.4,24.7,28.6,30.5,77,0.0,0.0,0.0,0.0,6.6,12.5
2003-08-16,26.6,29.3,24.3,31.1,33.5,84,0.0,0.0,0.0,0.0,4.33,8.4
2003-08-17,26.9,29.5,24.6,32.4,35.1,88,3.6,3.6,0.0,6.0,3.3,6.4
2003-08-18,28.3,30.9,26.5,34.1,38.2,87,3.0,3.0,0.0,12.0,4.94,9.6
2003-08-19,29.0,31.7,26.9,33.9,37.6,82,0.0,0.0,0.0,0.0,5.31,10.0
2003-08-20,28.0,30.2,27.0,32.1,34.5,88,9.6,9.6,0.0,8.0,8.87,14.4
2003-08-21,29.4,32.3,27.4,32.9,35.7,83,0.5,0.5,0.0,1.0,8.82,16.1
2003-08-22,29.7,33.0,27.2,34.2,38.2,79,0.0,0.0,0.0,0.0,6.59,12.3
2003-08-23,29.7,33.2,27.2,34.2,38.4,77,0.0,0.0,0.0,0.0,6.09,10.0
2003-08-24,29.8,32.7,27.2,34.6,39.0,77,0.0,0.0,0.0,0.0,5.91,10.1
2003-08-25,29.3,33.1,26.5,35.3,40.3,80,6.7,6.7,0.0,4.0,4.7,8.9
2003-08-26,30.4,34.5,26.6,36.7,41.4,77,0.0,0.0,0.0,0.0,3.2,7.5
2003-08-27,32.2,36.4,28.9,37.7,41.2,68,0.2,0.2,0.0,1.0,4.85,10.2
2003-08-28,29.4,33.0,27.3,35.9,40.6,84,2.5,2.5,0.0,2.0,4.14,7.9
2003-08-29,29.3,32.7,27.2,36.1,41.1,88,0.2,0.2,0.0,1.0,3.76,7.8
2003-08-30,28.3,31.4,25.3,34.8,39.1,88,1.8,1.8,0.0,4.0,3.89,9.4
2003-08-31,25.3,26.8,23.8,28.3,30.0,86,0.6,0.6,0.0,3.0,5.53,9.3
2003-09-01,26.7,29.0,24.7,30.2,32.4,82,0.0,0.0,0.0,0.0,5.08,9.8
2003-09-02,29.4,32.4,27.1,34.8,37.4,85,1.0,1.0,0.0,5.0,5.86,12.3
2003-09-03,29.4,32.6,27.5,34.5,38.0,84,0.1,0.1,0.0,1.0,5.85,11.1
2003-09-04,29.6,32.7,27.2,34.2,37.5,80,0.0,0.0,0.0,0.0,6.09,11.5
2003-09-05,30.1,34.0,27.3,35.3,40.2,77,0.0,0.0,0.0,0.0,5.14,9.0
2003-09-06,29.6,33.5,26.8,34.9,39.8,80,0.0,0.0,0.0,0.0,5.41,9.7
2003-09-07,29.8,33.5,27.2,35.0,39.8,76,0.0,0.0,0.0,0.0,5.58,9.4
2003-09-08,28.5,32.1,26.1,33.8,37.7,81,0.0,0.0,0.0,0.0,4.28,9.0
2003-09-09,25.8,28.2,22.5,29.5,32.4,85,8.2,8.2,0.0,8.0,4.94,9.1
2003-09-10,22.9,23.8,22.2,24.4,25.2,79,5.7,5.7,0.0,13.0,4.75,8.9
2003-09-11,23.9,25.7,22.9,25.2,26.3,83,5.5,5.5,0.0,10.0,7.32,14.5
2003-09-12,24.3,27.0,22.0,25.3,28.2,78,0.2,0.2,0.0,2.0,8.03,14.9
2003-09-13,25.3,30.0,20.1,28.4,34.2,75,0.0,0.0,0.0,0.0,4.24,7.7
2003-09-14,27.2,29.7,25.5,31.5,34.5,85,2.6,2.6,0.0,6.0,4.7,9.3
2003-09-15,26.5,28.8,25.6,31.0,33.4,89,8.1,8.1,0.0,11.0,5.5,11.9
2003-09-16,27.5,30.5,25.8,32.6,35.9,86,1.3,1.3,0.0,3.0,4.33,7.2
2003-09-17,27.2,29.9,25.3,32.0,34.8,86,3.2,3.2,0.0,8.0,3.91,8.7
2003-09-18,28.2,32.3,25.3,33.7,38.9,83,4.0,4.0,0.0,2.0,3.64,7.9
2003-09-19,25.4,26.9,23.7,29.0,32.6,90,9.7,9.7,0.0,11.0,6.53,11.8
2003-09-20,23.9,26.8,21.5,24.0,26.6,74,0.0,0.0,0.0,0.0,7.71,14.4
2003-09-21,22.8,25.5,20.7,22.2,24.0,62,0.0,0.0,0.0,0.0,5.63,10.8
2003-09-22,22.4,24.8,19.7,23.0,24.7,68,0.0,0.0,0.0,0.0,4.02,8.6
2003-09-23,22.6,25.6,19.5,23.1,25.6,68,0.3,0.3,0.0,2.0,4.84,9.0
2003-09-24,23.4,27.0,20.8,24.6,28.1,68,0.0,0.0,0.0,0.0,4.36,8.4
2003-09-25,23.0,26.6,20.6,24.5,28.5,72,0.0,0.0,0.0,0.0,4.48,8.6
2003-09-26,22.8,26.3,19.7,24.4,28.4,74,0.0,0.0,0.0,0.0,3.86,8.2
2003-09-27,23.3,27.5,19.4,25.5,30.4,77,0.0,0.0,0.0,0.0,3.4,6.9
2003-09-28,23.9,27.6,20.5,26.6,30.4,79,0.0,0.0,0.0,0.0,3.45,6.8
2003-09-29,23.5,26.1,21.2,25.1,27.0,77,0.1,0.1,0.0,1.0,5.02,9.8
2003-09-30,23.6,27.1,20.9,25.3,28.5,73,0.0,0.0,0.0,0.0,4.02,7.8
2003-10-01,24.6,28.4,22.0,27.6,31.7,79,0.0,0.0,0.0,0.0,3.16,6.1
2003-10-02,22.1,23.0,20.4,23.0,26.4,85,0.1,0.1,0.0,1.0,6.37,11.7
2003-10-03,19.9,20.7,19.0,19.3,20.3,76,1.5,1.5,0.0,5.0,5.23,9.3
2003-10-04,20.4,22.0,19.6,20.0,21.3,70,0.0,0.0,0.0,0.0,4.76,9.2
2003-10-05,20.4,22.6,19.3,19.4,20.9,63,0.0,0.0,0.0,0.0,5.02,9.4
2003-10-06,18.6,20.2,17.2,18.0,19.8,79,5.8,5.8,0.0,13.0,5.45,9.9
2003-10-07,18.9,20.7,17.5,19.6,21.9,88,8.9,8.9,0.0,15.0,5.28,7.4
2003-10-08,21.9,26.1,18.5,23.3,27.0,80,0.0,0.0,0.0,0.0,4.3,8.0
2003-10-09,23.2,26.9,20.6,25.1,28.3,81,0.0,0.0,0.0,0.0,4.94,9.8
2003-10-10,24.3,27.2,22.5,26.4,29.5,85,0.8,0.8,0.0,4.0,6.49,11.7
2003-10-11,23.9,25.5,22.4,25.7,27.6,85,0.2,0.2,0.0,1.0,5.97,11.1
2003-10-12,20.2,23.9,14.5,21.4,26.8,92,14.8,14.8,0.0,19.0,6.08,12.5
2003-10-13,17.2,20.4,14.8,15.9,19.5,87,0.7,0.7,0.0,3.0,7.16,13.4
2003-10-14,16.5,19.1,14.2,13.8,16.6,69,0.0,0.0,0.0,0.0,6.83,12.5
2003-10-15,14.7,18.5,11.4,11.8,15.7,56,0.0,0.0,0.0,0.0,4.6,9.0
2003-10-16,15.5,20.9,10.8,14.0,19.4,67,0.0,0.0,0.0,0.0,2.87,5.9
2003-10-17,16.7,22.1,12.8,16.3,22.4,72,0.0,0.0,0.0,0.0,2.52,4.7
2003-10-18,17.4,22.1,12.8,16.7,20.5,69,0.0,0.0,0.0,0.0,3.26,7.1
2003-10-19,17.6,21.9,13.6,16.7,20.7,71,0.0,0.0,0.0,0.0,4.1,8.3
2003-10-20,17.3,21.8,13.7,16.9,21.8,70,0.0,0.0,0.0,0.0,2.4,5.1
2003-10-21,17.7,23.3,14.1,16.8,21.8,68,0.0,0.0,0.0,0.0,3.72,7.8
2003-10-22,17.4,23.4,13.9,15.4,21.3,64,0.0,0.0,0.0,0.0,6.0,10.8
2003-10-23,14.4,17.8,11.1,11.9,15.4,63,0.0,0.0,0.0,0.0,4.98,9.5
2003-10-24,15.1,20.5,10.9,13.6,19.3,63,0.0,0.0,0.0,0.0,2.52,5.9
2003-10-25,16.5,22.5,11.7,15.4,21.4,71,0.0,0.0,0.0,0.0,4.04,8.3
2003-10-26,16.5,21.9,12.4,15.5,21.3,68,0.0,0.0,0.0,0.0,3.99,6.3
2003-10-27,19.4,25.4,14.8,17.9,22.9,67,0.2,0.2,0.0,1.0,5.1,10.6
2003-10-28,18.2,22.0,14.7,16.7,19.8,64,0.0,0.0,0.0,0.0,5.13,10.2
2003-10-29,16.9,21.7,13.3,15.9,20.4,67,0.0,0.0,0.0,0.0,3.19,6.7
2003-10-30,17.1,21.1,13.7,16.3,20.1,71,0.0,0.0,0.0,0.0,3.91,7.7
2003-10-31,17.8,21.7,13.5,17.4,20.4,77,0.0,0.0,0.0,0.0,4.16,8.0
2003-11-01,20.0,26.2,16.7,20.4,26.7,76,0.0,0.0,0.0,0.0,3.58,6.5
2003-11-02,20.8,27.2,17.1,21.8,28.2,81,0.0,0.0,0.0,0.0,3.62,7.5
2003-11-03,17.3,19.0,14.0,16.0,20.1,79,0.0,0.0,0.0,0.0,8.19,14.9
2003-11-04,16.0,19.6,12.9,14.8,18.8,71,0.0,0.0,0.0,0.0,3.1,7.3
2003-11-05,19.2,24.1,15.3,20.3,26.4,85,0.0,0.0,0.0,0.0,2.83,5.5
2003-11-06,20.2,23.4,18.1,21.3,24.2,89,0.0,0.0,0.0,0.0,5.33,10.2
2003-11-07,21.4,25.4,18.7,22.6,26.9,87,0.0,0.0,0.0,0.0,6.73,12.0
2003-11-08,14.8,18.5,12.4,12.7,20.1,86,0.6,0.6,0.0,3.0,7.01,13.0
2003-11-09,12.5,13.2,11.2,9.6,11.3,80,0.3,0.3,0.0,3.0,6.4,11.8
2003-11-10,11.5,13.1,9.4,8.6,10.9,85,0.9,0.9,0.0,5.0,5.88,10.5
2003-11-11,10.0,12.4,7.9,5.9,7.8,68,0.0,0.0,0.0,0.0,6.47,12.3
2003-11-12,9.7,12.8,7.1,5.9,8.4,63,0.0,0.0,0.0,0.0,5.62,10.7
2003-11-13,10.4,15.3,5.4,7.9,12.6,71,0.0,0.0,0.0,0.0,3.13,7.6
2003-11-14,16.1,20.0,12.0,14.2,17.4,71,0.0,0.0,0.0,0.0,6.72,13.1
2003-11-15,15.8,20.0,12.6,14.4,17.8,73,0.0,0.0,0.0,0.0,4.05,8.3
2003-11-16,14.0,17.2,12.7,11.2,13.7,69,0.0,0.0,0.0,0.0,5.94,11.4
2003-11-17,14.1,16.3,12.7,11.8,13.5,67,0.0,0.0,0.0,0.0,4.66,10.3
2003-11-18,16.1,19.2,13.5,16.1,19.1,86,6.1,6.1,0.0,8.0,3.67,8.8
2003-11-19,17.1,18.4,15.7,17.9,19.2,91,2.5,2.5,0.0,8.0,4.09,7.0
2003-11-20,15.6,17.1,12.8,15.6,18.9,96,18.2,18.2,0.0,23.0,5.26,9.3
2003-11-21,11.7,13.8,8.0,7.9,10.9,72,0.1,0.1,0.0,1.0,7.04,12.7
2003-11-22,9.0,11.9,6.6,5.3,7.9,61,0.0,0.0,0.0,0.0,4.74,9.5
2003-11-23,12.3,17.0,7.4,9.6,13.5,67,0.0,0.0,0.0,0.0,5.14,10.4
2003-11-24,15.2,20.5,11.6,14.2,19.8,74,0.0,0.0,0.0,0.0,3.47,7.3
2003-11-25,13.5,16.2,11.1,11.0,13.5,81,0.0,0.0,0.0,0.0,6.39,12.2
2003-11-26,13.2,14.8,12.3,10.8,12.0,79,0.0,0.0,0.0,0.0,5.82,11.8
2003-11-27,11.0,12.4,9.3,7.4,9.8,80,2.3,2.3,0.0,8.0,6.84,12.1
2003-11-28,9.9,12.5,7.8,6.1,8.8,71,0.0,0.0,0.0,0.0,5.55,10.9
2003-11-29,7.3,9.1,5.5,2.7,4.3,66,0.0,0.0,0.0,0.0,5.99,10.8
2003-11-30,8.1,11.7,5.3,4.4,7.8,69,0.0,0.0,0.0,0.0,4.89,9.1
2003-12-01,8.9,12.3,6.0,6.2,9.0,78,0.0,0.0,0.0,0.0,4.09,8.2
2003-12-02,9.8,12.9,6.6,7.5,10.5,77,0.0,0.0,0.0,0.0,3.08,7.0
2003-12-03,10.4,13.9,7.3,8.0,11.4,77,0.0,0.0,0.0,0.0,3.75,7.1
2003-12-04,13.2,17.3,9.3,10.9,14.5,73,0.0,0.0,0.0,0.0,5.47,10.4
2003-12-05,13.0,15.8,9.8,11.6,14.2,84,0.0,0.0,0.0,0.0,4.0,7.5
2003-12-06,9.6,12.0,5.9,5.8,8.4,78,0.0,0.0,0.0,0.0,6.51,12.1
2003-12-07,6.2,9.1,4.1,2.0,4.7,63,0.0,0.0,0.0,0.0,4.8,10.1
2003-12-08,6.8,9.0,3.7,3.5,5.6,66,0.0,0.0,0.0,0.0,3.44,6.3
2003-12-09,8.0,8.7,6.8,4.6,5.4,81,10.8,10.8,0.0,14.0,5.42,9.7
2003-12-10,9.3,11.4,7.9,6.5,7.9,80,5.0,5.0,0.0,8.0,4.7,8.3
2003-12-11,7.6,8.6,5.8,4.0,6.7,83,1.8,1.8,0.0,6.0,5.75,10.6
2003-12-12,5.0,7.5,2.3,0.6,2.5,66,0.0,0.0,0.0,0.0,5.32,10.4
2003-12-13,4.2,7.9,0.9,-0.1,3.2,62,0.0,0.0,0.0,0.0,4.25,8.5
2003-12-14,3.7,8.3,0.7,-0.3,3.6,65,0.0,0.0,0.0,0.0,3.83,8.1
2003-12-15,4.8,9.5,0.5,1.0,5.4,72,0.0,0.0,0.0,0.0,4.44,8.6
2003-12-16,5.2,9.1,3.0,1.8,5.3,71,0.0,0.0,0.0,0.0,3.12,6.7
2003-12-17,5.1,7.9,3.2,1.0,3.3,71,0.0,0.0,0.0,0.0,4.96,9.3
2003-12-18,5.4,8.1,3.4,1.1,3.6,64,0.0,0.0,0.0,0.0,4.98,9.4
2003-12-19,2.9,4.8,0.7,-3.2,-0.8,49,0.0,0.0,0.0,0.0,7.29,13.6
2003-12-20,2.6,6.8,-1.1,-2.2,1.7,54,0.0,0.0,0.0,0.0,4.58,9.2
2003-12-21,3.9,9.9,-0.2,0.6,6.9,67,0.0,0.0,0.0,0.0,2.75,4.1
2003-12-22,6.3,12.1,2.3,3.4,9.1,70,0.0,0.0,0.0,0.0,2.81,5.3
2003-12-23,8.7,16.4,4.5,5.5,12.6,64,0.0,0.0,0.0,0.0,2.91,6.1
2003-12-24,9.4,17.0,4.9,6.6,14.1,59,0.0,0.0,0.0,0.0,2.9,4.7
2003-12-25,8.1,11.3,2.9,4.0,6.7,67,0.0,0.0,0.0,0.0,6.71,13.0
2003-12-26,3.1,6.3,-0.4,-2.6,-0.4,46,0.0,0.0,0.0,0.0,6.94,13.4
2003-12-27,3.4,7.9,-0.1,-0.7,4.2,61,0.0,0.0,0.0,0.0,4.42,7.4
2003-12-28,6.4,12.6,0.7,2.7,7.9,73,0.0,0.0,0.0,0.0,5.85,11.0
2003-12-29,8.2,12.0,5.9,5.3,8.4,67,0.0,0.0,0.0,0.0,3.06,6.0
2003-12-30,8.1,11.6,5.1,5.9,9.3,81,0.0,0.0,0.0,0.0,2.47,5.9
2003-12-31,6.0,7.5,2.9,2.7,5.2,80,0.0,0.0,0.0,0.0,4.9,9.4
2004-01-01,5.1,10.9,1.0,2.1,8.4,79,0.0,0.0,0.0,0.0,2.72,5.4
2004-01-02,6.7,11.2,2.7,2.8,6.9,60,0.0,0.0,0.0,0.0,4.69,8.2
2004-01-03,6.2,12.3,1.8,2.9,9.3,64,0.0,0.0,0.0,0.0,2.73,4.4
2004-01-04,8.6,10.2,6.5,5.6,7.2,71,0.0,0.0,0.0,0.0,3.9,6.3
2004-01-05,9.2,9.9,8.5,6.7,7.3,89,8.8,8.8,0.0,15.0,4.01,7.3
2004-01-06,8.1,9.2,5.1,5.5,6.7,87,3.4,3.4,0.0,11.0,4.96,8.6
2004-01-07,6.9,11.3,3.4,4.0,7.5,81,0.0,0.0,0.0,0.0,3.86,7.9
2004-01-08,7.3,8.0,6.4,3.9,4.6,80,1.6,1.6,0.0,9.0,4.83,8.5
2004-01-09,7.0,7.7,5.8,4.4,5.2,83,0.0,0.0,0.0,0.0,2.83,5.1
2004-01-10,6.6,7.4,5.9,2.6,4.6,87,27.0,27.0,0.0,23.0,6.33,11.5
2004-01-11,5.9,8.1,3.7,2.0,4.0,76,1.9,1.9,0.0,7.0,6.13,10.9
2004-01-12,4.6,7.1,1.5,0.7,2.4,79,0.0,0.0,0.0,0.0,5.82,11.1
2004-01-13,2.2,5.0,-0.6,-2.3,0.5,59,0.0,0.0,0.0,0.0,4.66,9.7
2004-01-14,4.3,8.4,-0.5,0.5,4.7,73,0.0,0.0,0.0,0.0,5.16,10.5
2004-01-15,8.4,9.7,7.7,5.5,7.8,89,10.2,10.2,0.0,17.0,6.15,10.5
2004-01-16,7.1,8.0,5.7,3.2,4.2,89,12.9,12.9,0.0,18.0,6.55,11.8
2004-01-17,5.7,6.8,4.6,2.4,3.2,82,0.0,0.0,0.0,0.0,4.03,8.5
2004-01-18,3.3,4.7,1.6,-0.3,1.9,88,3.1,3.0,0.07,8.0,4.74,8.8
2004-01-19,1.5,4.0,-0.1,-3.0,-0.6,68,0.0,0.0,0.0,0.0,5.11,9.6
2004-01-20,2.1,4.8,-1.1,-1.8,1.5,67,0.0,0.0,0.0,0.0,3.69,5.9
2004-01-21,0.1,2.7,-3.4,-5.6,-1.8,57,0.0,0.0,0.0,0.0,7.24,14.0
2004-01-22,-2.4,0.9,-5.3,-7.4,-4.1,51,0.0,0.0,0.0,0.0,4.53,8.8
2004-01-23,0.7,5.1,-3.2,-4.0,0.6,57,0.0,0.0,0.0,0.0,7.78,12.9
2004-01-24,-1.0,1.8,-3.1,-7.7,-5.8,45,0.0,0.0,0.0,0.0,8.66,16.1
2004-01-25,-1.3,2.1,-5.0,-6.1,-3.3,51,0.0,0.0,0.0,0.0,4.18,8.4
2004-01-26,1.5,4.1,-0.9,-2.1,0.2,61,0.3,0.0,0.35,3.0,2.28,6.1
2004-01-27,1.9,6.3,-1.4,-2.2,1.4,66,0.0,0.0,0.07,0.0,4.69,9.8
2004-01-28,1.7,7.5,-2.1,-1.7,4.7,71,0.0,0.0,0.0,0.0,2.94,5.6
2004-01-29,4.8,10.3,0.8,1.5,7.4,74,0.0,0.0,0.0,0.0,3.0,6.3
2004-01-30,6.2,11.4,3.3,3.3,8.9,78,0.0,0.0,0.0,0.0,3.5,7.1
2004-01-31,7.1,12.4,3.0,3.6,8.7,78,1.2,1.2,0.0,2.0,5.98,11.7
2004-02-01,8.8,11.8,6.0,6.0,8.6,85,4.0,4.0,0.0,11.0,5.01,9.5
2004-02-02,4.7,6.1,2.5,-0.2,2.2,67,0.2,0.2,0.0,1.0,6.02,10.9
2004-02-03,3.1,6.8,0.0,-1.1,2.0,54,0.0,0.0,0.0,0.0,4.3,9.0
2004-02-04,4.1,9.5,-0.2,-0.1,5.1,57,0.0,0.0,0.0,0.0,4.51,9.2
2004-02-05,5.0,9.9,1.4,0.6,4.8,54,0.0,0.0,0.0,0.0,6.44,12.2
2004-02-06,2.9,7.0,-0.4,-1.5,2.2,53,0.0,0.0,0.0,0.0,4.18,9.4
2004-02-07,3.7,7.6,-0.2,-0.4,4.5,44,0.0,0.0,0.0,0.0,3.58,5.8
2004-02-08,5.7,10.8,1.7,1.8,6.8,47,0.0,0.0,0.0,0.0,3.2,6.1
2004-02-09,6.1,12.9,1.1,2.5,9.3,59,0.0,0.0,0.0,0.0,3.11,7.4
2004-02-10,6.3,13.5,1.0,2.6,10.1,65,0.0,0.0,0.0,0.0,4.1,8.3
2004-02-11,8.9,14.8,5.5,6.0,12.9,74,0.0,0.0,0.0,0.0,3.98,7.5
2004-02-12,8.0,10.4,4.2,5.3,7.4,86,0.0,0.0,0.0,0.0,4.3,8.4
2004-02-13,10.0,17.5,3.7,6.7,14.3,69,0.0,0.0,0.0,0.0,5.15,10.3
2004-02-14,9.4,13.0,4.6,4.7,8.4,43,0.0,0.0,0.0,0.0,5.23,10.3
2004-02-15,7.4,12.6,3.6,3.4,8.9,60,0.0,0.0,0.0,0.0,4.85,9.7
2004-02-16,10.0,14.9,6.8,6.6,11.9,78,0.0,0.0,0.0,0.0,6.6,13.2
2004-02-17,9.2,11.6,7.0,6.5,8.7,81,0.0,0.0,0.0,0.0,4.5,7.8
2004-02-18,8.6,9.4,7.9,6.2,7.6,92,7.9,7.9,0.0,10.0,3.89,8.2
2004-02-19,12.0,16.3,9.7,11.3,16.8,92,0.6,0.6,0.0,3.0,3.18,6.5
2004-02-20,14.0,18.3,11.3,12.3,16.6,92,0.0,0.0,0.0,0.0,7.38,12.3
2004-02-21,16.5,21.8,14.0,15.4,21.9,88,6.8,6.8,0.0,8.0,7.32,13.0
2004-02-22,8.8,14.1,4.9,4.7,12.2,77,10.3,10.3,0.0,8.0,7.75,13.6
2004-02-23,6.6,10.7,3.1,3.2,8.0,65,0.0,0.0,0.0,0.0,3.85,8.1
2004-02-24,9.4,12.6,6.9,6.3,9.2,74,0.0,0.0,0.0,0.0,5.12,9.1
2004-02-25,11.7,18.4,6.0,9.4,16.3,74,0.0,0.0,0.0,0.0,4.57,10.2
2004-02-26,11.6,18.6,6.5,9.0,15.8,67,0.0,0.0,0.0,0.0,4.62,9.6
2004-02-27,9.8,13.8,7.3,5.6,10.3,61,0.0,0.0,0.0,0.0,6.03,10.4
2004-02-28,13.1,17.7,10.6,12.3,18.8,93,41.4,41.4,0.0,24.0,5.2,11.9
2004-02-29,8.3,12.5,3.8,4.0,11.3,86,14.8,14.7,0.07,12.0,7.99,14.5
2004-03-01,6.0,6.9,4.1,1.4,3.0,73,0.6,0.6,0.0,2.0,6.38,11.8
2004-03-02,7.4,9.6,5.5,3.6,5.6,70,0.0,0.0,0.0,0.0,5.56,11.9
2004-03-03,5.9,7.9,3.1,1.5,3.6,65,0.0,0.0,0.0,0.0,8.18,15.0
2004-03-04,6.0,11.0,1.4,1.9,7.2,61,0.0,0.0,0.0,0.0,5.44,9.9
2004-03-05,9.8,15.7,6.1,5.4,10.8,57,0.0,0.0,0.0,0.0,8.75,16.2
2004-03-06,6.0,8.9,3.4,1.7,4.3,56,0.0,0.0,0.0,0.0,6.13,13.0
2004-03-07,5.1,9.1,0.4,1.5,6.5,56,0.0,0.0,0.0,0.0,3.03,7.4
2004-03-08,7.7,12.9,2.4,3.6,8.8,58,0.0,0.0,0.0,0.0,5.39,11.3
2004-03-09,13.1,20.4,6.8,9.5,17.5,55,0.0,0.0,0.0,0.0,6.94,11.5
2004-03-10,16.8,25.3,11.3,14.7,24.5,64,0.0,0.0,0.0,0.0,7.01,11.7
2004-03-11,10.8,12.9,8.8,5.8,7.6,62,1.0,1.0,0.0,3.0,7.68,14.3
2004-03-12,8.2,10.6,6.3,4.6,7.7,77,5.0,5.0,0.0,9.0,6.3,11.6
2004-03-13,9.7,13.7,6.6,7.7,12.5,79,0.0,0.0,0.0,0.0,4.18,8.7
2004-03-14,11.8,16.8,8.2,10.4,16.0,79,0.0,0.0,0.0,0.0,3.11,7.0
2004-03-15,12.2,18.1,7.4,8.8,15.2,67,0.0,0.0,0.0,0.0,7.7,12.8
2004-03-16,16.3,22.2,11.7,13.5,20.9,70,0.0,0.0,0.0,0.0,7.43,14.2
2004-03-17,10.5,16.7,5.1,6.5,16.3,79,9.6,9.6,0.0,10.0,10.6,19.8
2004-03-18,6.5,8.9,5.0,2.0,4.5,69,0.0,0.0,0.0,0.0,6.33,11.6
2004-03-19,8.2,9.3,5.9,4.8,7.2,73,0.0,0.0,0.0,0.0,4.81,10.0
2004-03-20,9.1,9.7,8.0,5.7,7.3,82,1.7,1.7,0.0,8.0,6.81,11.5
2004-03-21,7.9,9.0,6.6,4.7,7.5,88,18.3,18.3,0.0,20.0,5.87,10.4
2004-03-22,7.9,10.0,4.9,4.7,6.9,81,0.0,0.0,0.0,0.0,4.87,9.5
2004-03-23,9.3,11.8,7.1,7.1,9.7,80,0.0,0.0,0.0,0.0,3.31,6.0
2004-03-24,10.0,13.1,7.2,7.6,10.2,82,0.0,0.0,0.0,0.0,4.56,8.9
2004-03-25,9.3,11.0,7.8,6.3,7.4,81,8.2,8.2,0.0,9.0,4.76,9.5
2004-03-26,10.4,14.2,7.4,7.6,11.8,71,0.0,0.0,0.0,0.0,4.69,9.4
2004-03-27,11.4,14.3,9.2,9.3,11.8,80,0.4,0.4,0.0,2.0,4.72,8.1
2004-03-28,12.8,17.0,8.1,11.1,15.6,82,0.0,0.0,0.0,0.0,4.52,9.5
2004-03-29,14.1,15.2,12.6,13.8,15.7,94,4.1,4.1,0.0,9.0,3.47,6.5
2004-03-30,13.2,16.0,8.0,10.6,14.5,68,0.0,0.0,0.0,0.0,7.02,12.7
2004-03-31,12.2,16.1,8.3,8.4,12.3,58,0.0,0.0,0.0,0.0,6.61,12.7
2004-04-01,12.9,14.8,11.0,10.4,12.2,84,9.1,9.1,0.0,12.0,6.72,12.1
2004-04-02,14.8,21.7,8.9,12.6,19.3,65,0.0,0.0,0.0,0.0,5.32,10.5
2004-04-03,10.9,13.3,7.3,7.1,11.8,73,0.2,0.2,0.0,1.0,8.99,16.8
2004-04-04,9.2,13.3,5.8,6.1,11.3,60,0.0,0.0,0.0,0.0,3.86,8.7
2004-04-05,12.3,17.3,6.9,8.8,14.6,65,0.0,0.0,0.0,0.0,6.83,14.0
2004-04-06,18.0,25.8,11.7,17.0,26.5,69,1.8,1.8,0.0,3.0,5.65,9.3
2004-04-07,10.9,13.1,9.1,7.4,10.6,82,8.0,8.0,0.0,13.0,7.18,12.8
2004-04-08,12.3,17.9,6.5,10.2,16.8,62,0.0,0.0,0.0,0.0,3.28,6.4
2004-04-09,13.9,20.5,7.7,11.7,19.8,61,0.0,0.0,0.0,0.0,5.15,7.7
2004-04-10,14.1,17.5,11.4,11.7,14.8,71,1.1,1.1,0.0,2.0,5.91,11.7
2004-04-11,17.6,24.6,11.7,17.5,26.4,76,0.9,0.9,0.0,3.0,4.5,8.2
2004-04-12,15.1,16.4,13.0,14.1,16.1,92,13.6,13.6,0.0,14.0,6.11,11.7
2004-04-13,14.0,16.3,11.9,12.6,15.4,89,0.0,0.0,0.0,0.0,4.66,8.7
2004-04-14,14.1,18.4,11.3,12.6,17.7,78,0.0,0.0,0.0,0.0,5.36,10.7
2004-04-15,13.8,17.0,11.5,12.9,16.3,78,0.5,0.5,0.0,4.0,2.46,6.1
2004-04-16,15.8,22.5,9.1,14.8,23.1,67,0.0,0.0,0.0,0.0,3.56,6.7
2004-04-17,17.2,21.1,13.5,15.2,19.0,65,0.0,0.0,0.0,0.0,5.38,9.3
2004-04-18,17.2,21.4,14.5,16.2,22.7,87,25.6,25.6,0.0,19.0,7.3,13.8
2004-04-19,20.6,26.2,16.5,20.1,26.8,70,0.4,0.4,0.0,2.0,6.52,11.6
2004-04-20,22.9,30.6,16.2,24.5,35.5,69,0.0,0.0,0.0,0.0,4.27,6.7
2004-04-21,24.0,29.9,18.6,23.7,30.8,58,0.0,0.0,0.0,0.0,5.46,10.0
2004-04-22,22.6,31.2,14.5,23.1,34.8,72,4.0,4.0,0.0,7.0,7.23,13.0
2004-04-23,15.1,17.7,12.9,11.2,14.0,55,0.0,0.0,0.0,0.0,7.86,14.8
2004-04-24,13.5,16.0,11.2,10.6,13.6,62,0.0,0.0,0.0,0.0,5.91,11.6
2004-04-25,15.5,19.5,11.3,12.9,16.9,67,0.5,0.5,0.0,2.0,7.69,14.8
2004-04-26,17.4,19.3,16.2,16.7,20.4,94,26.4,26.4,0.0,20.0,6.96,12.4
2004-04-27,14.5,16.7,12.7,11.5,15.1,68,0.3,0.3,0.0,2.0,7.52,13.6
2004-04-28,15.1,19.2,9.6,12.5,17.1,63,0.0,0.0,0.0,0.0,6.52,11.7
2004-04-29,17.7,21.4,13.8,15.7,20.4,76,0.4,0.4,0.0,2.0,6.89,13.8
2004-04-30,18.5,19.4,16.6,19.3,21.4,94,37.4,37.4,0.0,21.0,6.71,11.1
2004-05-01,17.4,19.7,15.6,17.8,19.9,90,0.0,0.0,0.0,0.0,3.77,8.2
2004-05-02,19.7,24.0,16.2,21.3,27.0,88,0.0,0.0,0.0,0.0,3.83,8.8
2004-05-03,18.8,25.5,12.6,19.4,28.5,92,21.3,21.3,0.0,18.0,7.45,13.3
2004-05-04,15.0,18.8,11.1,13.3,18.0,69,4.8,4.8,0.0,3.0,6.16,10.3
2004-05-05,18.1,23.6,12.3,17.3,23.5,64,0.0,0.0,0.0,0.0,3.9,7.5
2004-05-06,20.2,26.7,14.0,20.2,28.9,65,0.0,0.0,0.0,0.0,4.0,7.0
2004-05-07,18.6,21.7,15.7,17.2,20.2,73,0.4,0.4,0.0,2.0,6.7,13.3
2004-05-08,19.2,20.3,17.7,19.7,22.8,92,9.4,9.4,0.0,24.0,7.75,11.7
2004-05-09,19.8,22.3,17.6,20.4,23.1,83,3.9,3.9,0.0,5.0,5.47,12.3
2004-05-10,21.1,27.6,16.3,22.9,32.6,78,0.0,0.0,0.0,0.0,4.55,7.8
2004-05-11,22.0,26.3,18.9,22.4,28.7,80,0.0,0.0,0.0,0.0,7.44,13.4
2004-05-12,21.5,22.5,19.5,23.0,24.6,89,22.7,22.7,0.0,17.0,6.32,13.8
2004-05-13,19.6,23.3,16.9,19.8,24.1,77,1.1,1.1,0.0,6.0,5.06,11.1
2004-05-14,18.2,22.3,15.4,17.7,22.6,74,4.6,4.6,0.0,4.0,5.1,9.7
2004-05-15,17.5,18.4,15.5,18.3,20.5,91,42.4,42.4,0.0,23.0,4.95,9.1
2004-05-16,19.4,22.3,17.1,20.0,22.5,79,20.5,20.5,0.0,10.0,4.79,9.3
2004-05-17,21.7,26.6,16.4,20.6,26.3,53,0.0,0.0,0.0,0.0,5.3,8.4
2004-05-18,22.5,27.9,17.8,23.1,29.7,67,0.0,0.0,0.0,0.0,4.95,7.6
2004-05-19,23.0,27.5,19.7,23.0,28.3,65,0.0,0.0,0.0,0.0,6.23,10.8
2004-05-20,24.2,29.7,19.3,25.2,32.0,66,0.0,0.0,0.0,0.0,5.52,10.0
2004-05-21,21.1,24.2,17.4,21.0,24.8,66,0.6,0.6,0.0,2.0,4.78,9.9
2004-05-22,19.2,23.3,16.4,18.6,24.9,68,6.1,6.1,0.0,9.0,4.53,9.4
2004-05-23,20.7,25.0,17.1,21.8,27.9,75,0.0,0.0,0.0,0.0,3.92,8.6
2004-05-24,20.6,24.7,17.2,20.1,24.7,62,0.0,0.0,0.0,0.0,4.31,8.7
2004-05-25,21.8,25.9,17.7,21.8,27.8,76,0.0,0.0,0.0,0.0,6.4,12.3
2004-05-26,24.8,28.8,21.8,27.0,32.3,80,0.0,0.0,0.0,0.0,6.04,11.3
2004-05-27,25.3,29.1,23.0,27.3,32.4,84,0.0,0.0,0.0,0.0,7.2,13.8
2004-05-28,25.7,31.3,22.5,29.5,37.7,86,9.1,9.1,0.0,8.0,6.85,11.7
2004-05-29,22.8,25.9,21.4,25.6,29.8,88,5.6,5.6,0.0,12.0,4.02,9.0
2004-05-30,23.1,27.6,19.1,25.9,32.0,90,14.3,14.3,0.0,11.0,6.11,10.2
2004-05-31,19.6,21.7,17.5,19.7,21.1,77,3.2,3.2,0.0,9.0,5.02,10.0
2004-06-01,20.2,23.7,16.4,20.0,23.4,67,0.0,0.0,0.0,0.0,5.46,10.7
2004-06-02,20.2,21.8,18.9,20.7,22.0,77,2.0,2.0,0.0,6.0,3.62,7.8
2004-06-03,21.7,25.3,18.3,22.9,27.3,77,0.0,0.0,0.0,0.0,4.75,9.7
2004-06-04,22.7,26.6,19.1,23.7,27.8,74,0.0,0.0,0.0,0.0,5.46,11.1
2004-06-05,23.1,27.3,19.4,24.2,28.8,67,0.0,0.0,0.0,0.0,3.1,7.3
2004-06-06,22.4,26.3,19.9,24.1,27.7,75,1.7,1.7,0.0,4.0,2.91,6.5
2004-06-07,22.3,25.4,19.8,24.1,26.4,74,1.6,1.6,0.0,6.0,2.16,5.7
2004-06-08,22.1,25.5,18.8,24.2,28.7,79,1.3,1.3,0.0,4.0,3.62,7.6
2004-06-09,22.5,25.6,20.2,24.4,28.7,79,0.4,0.4,0.0,2.0,3.85,8.5
2004-06-10,23.1,27.2,18.9,24.7,28.7,68,0.0,0.0,0.0,0.0,3.89,8.8
2004-06-11,24.2,29.9,18.0,26.4,33.2,67,0.0,0.0,0.0,0.0,2.28,5.7
2004-06-12,26.7,33.5,20.6,29.2,36.3,64,0.0,0.0,0.0,0.0,3.48,7.7
2004-06-13,25.0,29.5,21.4,28.4,35.3,77,0.0,0.0,0.0,0.0,3.8,6.5
2004-06-14,24.0,25.5,22.5,26.0,27.2,83,0.0,0.0,0.0,0.0,5.3,10.5
2004-06-15,23.2,24.1,22.2,24.1,25.4,89,22.3,22.3,0.0,19.0,8.41,15.4
2004-06-16,23.1,24.1,22.1,23.8,25.3,88,22.3,22.3,0.0,23.0,8.77,15.7
2004-06-17,25.1,29.1,22.6,28.9,33.2,85,14.1,14.1,0.0,6.0,5.68,12.7
2004-06-18,25.8,29.1,23.2,28.6,32.5,85,0.0,0.0,0.0,0.0,7.69,14.2
2004-06-19,24.8,26.4,23.7,27.6,30.7,89,15.3,15.3,0.0,18.0,8.19,15.0
2004-06-20,25.2,28.7,22.6,28.8,32.5,82,0.0,0.0,0.0,0.0,4.44,8.0
2004-06-21,27.4,32.3,23.3,31.4,37.2,74,0.1,0.1,0.0,1.0,4.5,7.8
2004-06-22,27.5,30.8,24.7,31.0,35.4,77,0.0,0.0,0.0,0.0,6.2,10.3
2004-06-23,26.3,29.0,23.1,29.4,33.2,79,1.6,1.6,0.0,4.0,5.1,10.6
2004-06-24,27.1,30.6,24.7,32.2,36.4,88,14.3,14.3,0.0,19.0,6.46,13.7
2004-06-25,23.7,25.0,22.8,27.7,30.0,93,34.9,34.9,0.0,24.0,3.69,10.5
2004-06-26,23.5,24.3,22.0,27.5,29.1,91,29.6,29.6,0.0,18.0,2.27,6.7
2004-06-27,25.1,28.4,22.0,29.1,33.7,84,0.0,0.0,0.0,0.0,4.02,8.3
2004-06-28,26.0,29.0,24.1,30.1,34.1,87,0.0,0.0,0.0,0.0,4.28,8.4
2004-06-29,26.8,29.7,25.1,30.9,35.1,85,0.0,0.0,0.0,0.0,4.88,9.3
2004-06-30,27.5,30.2,25.5,31.5,34.6,84,1.6,1.6,0.0,8.0,6.23,11.7
2004-07-01,28.5,31.2,26.4,32.5,36.6,81,0.0,0.0,0.0,0.0,6.12,11.9
2004-07-02,29.0,32.8,26.0,33.7,38.7,80,0.0,0.0,0.0,0.0,5.75,11.1
2004-07-03,25.4,27.1,23.1,27.7,31.4,91,64.7,64.7,0.0,18.0,10.61,17.4
2004-07-04,25.7,29.8,22.6,26.4,31.6,74,0.3,0.3,0.0,1.0,10.53,18.7
2004-07-05,28.7,33.5,24.5,32.9,39.1,74,0.0,0.0,0.0,0.0,5.31,9.0
2004-07-06,27.2,30.4,24.9,32.6,37.4,88,4.5,4.5,0.0,9.0,4.96,8.2
2004-07-07,26.4,29.3,23.7,30.5,34.1,80,1.5,1.5,0.0,2.0,3.54,11.4
2004-07-08,26.6,30.0,24.6,30.6,35.0,78,0.6,0.6,0.0,1.0,3.89,7.8
2004-07-09,27.5,31.4,23.8,32.7,39.0,78,0.0,0.0,0.0,0.0,3.0,6.5
2004-07-10,29.8,34.1,26.1,34.9,40.1,74,0.0,0.0,0.0,0.0,3.85,6.2
2004-07-11,30.9,35.3,27.1,36.4,41.0,75,0.0,0.0,0.0,0.0,4.81,11.9
2004-07-12,30.0,34.4,25.9,35.2,39.9,72,1.9,1.9,0.0,2.0,4.46,12.0
2004-07-13,28.4,31.9,25.7,33.5,37.2,78,14.2,14.2,0.0,6.0,3.04,10.8
2004-07-14,28.4,32.4,25.7,33.7,38.6,81,0.9,0.9,0.0,3.0,4.14,8.4
2004-07-15,28.5,31.4,26.3,32.6,36.0,80,0.3,0.3,0.0,1.0,7.06,12.0
2004-07-16,29.5,32.9,26.8,32.7,37.4,74,0.0,0.0,0.0,0.0,7.33,13.7
2004-07-17,29.8,33.3,26.7,33.3,38.0,74,0.0,0.0,0.0,0.0,6.79,12.6
2004-07-18,30.2,33.0,27.5,33.4,37.7,71,0.0,0.0,0.0,0.0,7.98,13.5
2004-07-19,30.0,33.7,27.4,33.8,38.6,74,0.7,0.7,0.0,1.0,7.69,13.4
2004-07-20,30.5,34.0,27.0,34.9,40.2,73,0.0,0.0,0.0,0.0,5.56,10.4
2004-07-21,30.5,34.5,27.3,35.8,42.3,74,0.0,0.0,0.0,0.0,5.67,10.4
2004-07-22,30.0,34.5,26.3,35.9,42.1,76,0.0,0.0,0.0,0.0,3.75,7.1
2004-07-23,30.3,35.0,26.2,36.7,44.0,76,0.0,0.0,0.0,0.0,3.44,6.6
2004-07-24,30.8,35.4,26.2,36.9,43.8,73,0.0,0.0,0.0,0.0,3.61,7.2
2004-07-25,29.7,33.5,26.5,35.6,39.9,79,0.0,0.0,0.0,0.0,3.76,7.6
2004-07-26,29.3,34.1,25.7,34.0,40.3,77,0.0,0.0,0.0,0.0,6.58,11.9
2004-07-27,29.6,32.8,27.2,33.6,37.4,78,0.0,0.0,0.0,0.0,7.13,13.7
2004-07-28,30.0,33.5,27.6,34.5,39.0,79,0.0,0.0,0.0,0.0,6.8,13.1
2004-07-29,30.2,33.5,27.4,35.5,40.7,77,0.0,0.0,0.0,0.0,5.79,10.6
2004-07-30,30.2,35.2,27.3,36.3,43.0,74,0.4,0.4,0.0,1.0,4.31,7.1
2004-07-31,29.5,34.2,26.5,35.4,41.3,77,1.8,1.8,0.0,3.0,3.05,8.1
2004-08-01,29.6,33.4,26.6,35.5,41.1,74,0.6,0.6,0.0,2.0,2.64,6.8
2004-08-02,29.4,33.5,26.4,34.2,39.4,74,0.0,0.0,0.0,0.0,5.02,9.7
2004-08-03,29.7,33.8,26.5,34.1,38.9,75,0.0,0.0,0.0,0.0,5.69,11.1
2004-08-04,30.0,34.6,27.2,34.3,40.9,71,0.1,0.1,0.0,1.0,5.19,9.8
2004-08-05,29.7,33.3,27.0,33.4,38.2,74,0.0,0.0,0.0,0.0,6.35,12.0
2004-08-06,30.0,34.0,27.4,34.4,39.0,75,0.0,0.0,0.0,0.0,6.13,11.9
2004-08-07,29.9,33.9,27.1,34.7,39.1,76,0.0,0.0,0.0,0.0,4.74,9.8
2004-08-08,30.3,34.5,27.4,35.2,40.7,75,0.0,0.0,0.0,0.0,5.52,11.0
2004-08-09,29.6,33.6,26.6,33.7,38.7,74,0.0,0.0,0.0,0.0,6.01,11.7
2004-08-10,29.7,32.7,27.1,34.5,38.2,77,0.0,0.0,0.0,0.0,5.01,10.0
2004-08-11,29.9,32.8,27.5,34.4,36.8,78,0.6,0.6,0.0,5.0,6.41,13.3
2004-08-12,29.7,31.6,27.9,32.9,34.5,79,1.4,1.4,0.0,8.0,10.06,18.5
2004-08-13,29.1,30.9,27.5,32.2,34.1,84,3.1,3.1,0.0,14.0,9.39,16.8
2004-08-14,30.2,32.6,28.0,34.3,37.0,78,0.1,0.1,0.0,1.0,7.51,13.8
2004-08-15,30.2,33.6,27.8,34.9,38.8,76,0.0,0.0,0.0,0.0,5.38,11.2
2004-08-16,30.5,34.4,27.3,35.1,40.2,72,0.4,0.4,0.0,1.0,4.88,10.0
2004-08-17,29.0,32.1,26.5,33.5,37.5,74,0.1,0.1,0.0,1.0,5.14,8.8
2004-08-18,27.4,29.5,24.8,29.0,31.5,75,0.0,0.0,0.0,0.0,9.02,17.0
2004-08-19,27.5,32.0,22.8,29.2,34.5,59,0.0,0.0,0.0,0.0,5.32,10.2
2004-08-20,28.0,31.8,24.0,30.6,35.1,64,0.0,0.0,0.0,0.0,5.3,10.8
2004-08-21,28.3,32.0,26.3,32.7,36.8,79,5.2,5.2,0.0,9.0,5.13,10.2
2004-08-22,27.2,30.1,25.9,32.7,35.4,88,17.4,17.4,0.0,18.0,4.68,9.0
2004-08-23,26.4,28.1,24.9,30.3,31.7,85,8.3,8.3,0.0,6.0,4.43,8.6
2004-08-24,27.2,29.1,25.6,30.6,32.2,83,1.7,1.7,0.0,10.0,6.47,12.4
2004-08-25,28.5,30.7,26.5,32.9,35.8,85,1.7,1.7,0.0,8.0,6.61,13.8
2004-08-26,29.0,31.2,27.2,33.3,35.7,80,0.0,0.0,0.0,0.0,6.23,12.6
2004-08-27,29.0,32.2,26.4,33.7,36.6,80,0.0,0.0,0.0,0.0,5.47,10.5
2004-08-28,28.9,32.6,26.8,34.2,39.4,80,0.0,0.0,0.0,0.0,4.24,8.2
2004-08-29,27.9,31.0,25.9,32.2,35.1,80,0.7,0.7,0.0,4.0,6.63,11.9
2004-08-30,26.8,29.8,23.5,28.6,31.3,66,0.0,0.0,0.0,0.0,5.42,10.7
2004-08-31,24.9,29.4,21.0,26.3,30.6,64,8.3,8.3,0.0,7.0,4.55,10.2
2004-09-01,23.0,24.7,21.2,25.0,27.5,90,25.4,25.4,0.0,18.0,6.26,11.9
2004-09-02,25.4,28.0,22.9,28.5,31.9,80,0.0,0.0,0.0,0.0,5.14,10.4
2004-09-03,24.3,26.0,21.3,25.9,28.7,77,4.4,4.4,0.0,8.0,5.64,11.7
2004-09-04,24.5,26.7,21.4,27.3,29.8,83,6.5,6.5,0.0,10.0,5.07,10.5
2004-09-05,26.6,28.4,25.2,30.0,31.8,85,0.9,0.9,0.0,4.0,6.33,12.0
2004-09-06,26.5,28.7,24.1,28.1,29.7,79,0.1,0.1,0.0,1.0,9.15,16.6
2004-09-07,25.8,30.1,23.1,27.3,31.2,71,0.3,0.3,0.0,1.0,5.9,11.9
2004-09-08,23.9,25.9,21.3,25.5,27.3,72,0.0,0.0,0.0,0.0,4.18,7.7
2004-09-09,23.0,24.1,21.8,24.9,26.2,75,2.4,2.4,0.0,10.0,3.05,7.1
2004-09-10,23.1,24.9,21.4,24.4,26.0,79,8.3,8.3,0.0,11.0,6.27,11.3
2004-09-11,22.1,23.5,20.8,21.9,23.5,87,25.0,25.0,0.0,19.0,10.51,17.6
2004-09-12,23.5,26.0,20.9,25.1,28.1,80,0.0,0.0,0.0,0.0,5.86,10.3
2004-09-13,23.6,25.0,22.2,26.1,28.9,92,13.2,13.2,0.0,23.0,5.91,11.1
2004-09-14,24.9,28.3,21.7,27.7,31.0,87,7.5,7.5,0.0,14.0,7.07,14.6
2004-09-15,23.5,26.0,21.3,26.8,29.3,86,1.5,1.5,0.0,6.0,2.77,6.4
2004-09-16,25.9,28.6,23.5,30.1,34.0,87,6.0,6.0,0.0,5.0,5.65,9.6
2004-09-17,26.6,29.3,24.8,30.4,34.5,85,0.2,0.2,0.0,2.0,5.95,9.5
2004-09-18,26.1,29.2,24.1,31.3,35.2,89,5.9,5.9,0.0,8.0,3.74,7.0
2004-09-19,25.5,28.3,22.9,28.8,31.8,83,0.0,0.0,0.0,0.0,4.25,8.7
2004-09-20,25.9,30.1,21.4,28.7,34.4,82,8.2,8.2,0.0,7.0,6.4,11.8
2004-09-21,21.1,22.6,19.0,21.6,23.0,78,7.5,7.5,0.0,14.0,4.91,9.0
2004-09-22,21.4,24.1,18.7,22.0,24.5,69,0.0,0.0,0.0,0.0,3.05,7.0
2004-09-23,21.8,24.7,19.2,22.3,24.5,71,0.0,0.0,0.0,0.0,4.37,8.4
2004-09-24,22.7,25.6,19.3,24.0,26.5,77,0.3,0.3,0.0,2.0,5.28,9.7
2004-09-25,24.0,26.8,22.3,25.6,27.0,77,0.0,0.0,0.0,0.0,5.29,10.1
2004-09-26,23.9,26.2,21.7,25.9,27.9,81,1.1,1.1,0.0,5.0,5.13,10.2
2004-09-27,23.9,26.5,21.7,25.2,27.0,78,0.0,0.0,0.0,0.0,5.89,11.3
2004-09-28,23.1,25.4,21.2,24.3,26.1,77,0.0,0.0,0.0,0.0,5.22,9.9
2004-09-29,23.0,27.0,19.8,25.0,29.2,79,0.0,0.0,0.0,0.0,4.11,8.3
2004-09-30,23.4,26.7,21.2,25.4,29.0,77,0.0,0.0,0.0,0.0,4.04,8.6
2004-10-01,20.6,23.5,16.0,20.5,25.5,80,0.4,0.4,0.0,2.0,7.99,14.8
2004-10-02,17.1,20.7,14.3,13.8,17.1,56,0.0,0.0,0.0,0.0,6.63,12.1
2004-10-03,17.6,21.4,13.3,15.8,19.4,60,0.0,0.0,0.0,0.0,4.24,8.8
2004-10-04,19.2,22.2,17.2,17.6,19.7,61,0.0,0.0,0.0,0.0,5.38,10.2
2004-10-05,19.4,22.8,16.0,18.1,20.9,63,0.0,0.0,0.0,0.0,5.83,11.2
2004-10-06,20.0,23.1,17.9,20.1,22.8,70,0.0,0.0,0.0,0.0,4.07,8.6
2004-10-07,19.8,22.6,17.3,20.5,22.7,76,0.0,0.0,0.0,0.0,3.22,6.5
2004-10-08,20.2,24.4,17.1,20.4,24.3,76,0.0,0.0,0.0,0.0,4.78,9.6
2004-10-09,20.9,26.0,17.4,20.5,24.6,69,0.0,0.0,0.0,0.0,5.6,11.2
2004-10-10,20.2,26.0,16.2,20.8,26.0,76,0.0,0.0,0.0,0.0,3.61,8.0
2004-10-11,19.7,25.8,15.7,20.9,26.4,77,0.0,0.0,0.0,0.0,2.06,3.9
2004-10-12,19.4,23.1,16.8,19.0,23.3,75,0.3,0.3,0.0,1.0,6.09,11.6
2004-10-13,19.0,23.4,16.1,18.2,22.7,58,0.0,0.0,0.0,0.0,2.56,6.2
2004-10-14,17.5,22.0,13.1,16.5,21.5,71,0.4,0.4,0.0,3.0,4.62,9.6
2004-10-15,17.8,21.4,15.6,17.0,20.9,66,0.0,0.0,0.0,0.0,3.05,8.3
2004-10-16,18.0,21.5,14.2,17.3,20.8,70,0.0,0.0,0.0,0.0,4.47,8.9
2004-10-17,20.2,23.4,16.8,20.1,22.6,72,0.0,0.0,0.0,0.0,5.32,10.0
2004-10-18,20.7,22.8,19.0,21.0,22.5,78,0.1,0.1,0.0,1.0,5.48,10.9
2004-10-19,20.1,23.1,18.3,18.7,21.4,78,0.0,0.0,0.0,0.0,8.29,16.0
2004-10-20,19.6,23.6,15.8,18.3,21.6,70,0.0,0.0,0.0,0.0,6.65,12.2
2004-10-21,18.2,24.6,14.2,17.7,23.0,71,0.0,0.0,0.0,0.0,3.38,7.4
2004-10-22,17.7,21.4,14.7,16.5,19.9,75,0.0,0.0,0.0,0.0,5.69,11.1
2004-10-23,18.0,21.5,14.6,16.6,19.7,64,0.0,0.0,0.0,0.0,5.35,10.8
2004-10-24,18.9,22.5,16.4,18.4,22.1,68,0.0,0.0,0.0,0.0,3.98,7.5
2004-10-25,18.3,19.8,17.4,18.0,18.9,86,19.5,19.5,0.0,17.0,5.81,10.2
2004-10-26,17.1,18.4,13.4,14.4,17.3,72,0.8,0.8,0.0,3.0,8.62,16.4
2004-10-27,14.8,17.9,12.0,12.5,15.3,63,0.0,0.0,0.0,0.0,4.38,8.2
2004-10-28,16.3,20.6,11.9,15.1,19.0,69,0.0,0.0,0.0,0.0,3.47,7.1
2004-10-29,19.1,22.5,16.7,18.8,21.2,73,0.0,0.0,0.0,0.0,4.67,9.0
2004-10-30,18.9,22.3,16.7,18.7,21.2,75,0.0,0.0,0.0,0.0,4.46,7.8
2004-10-31,19.1,22.4,16.4,20.5,24.0,86,1.4,1.4,0.0,6.0,2.15,5.2
2004-11-01,17.7,21.2,13.4,16.4,19.3,71,9.8,9.8,0.0,9.0,6.62,11.7
2004-11-02,14.8,19.6,10.7,12.8,17.1,61,0.0,0.0,0.0,0.0,3.34,7.2
2004-11-03,16.2,22.4,11.1,14.8,20.9,65,0.0,0.0,0.0,0.0,2.83,5.7
2004-11-04,17.5,22.1,13.4,16.2,20.1,69,0.0,0.0,0.0,0.0,4.58,9.4
2004-11-05,18.2,22.7,14.5,17.6,21.3,72,0.0,0.0,0.0,0.0,3.94,6.9
2004-11-06,16.7,19.6,14.8,16.6,19.9,84,0.2,0.2,0.0,2.0,3.81,8.0
2004-11-07,17.8,21.9,14.9,18.1,21.8,85,0.0,0.0,0.0,0.0,4.12,7.4
2004-11-08,19.6,24.2,16.5,19.7,23.9,81,0.0,0.0,0.0,0.0,4.67,9.1
2004-11-09,20.6,22.8,18.5,20.7,23.1,87,4.1,4.1,0.0,10.0,6.67,12.0
2004-11-10,20.2,22.1,18.4,21.2,22.1,86,18.6,18.6,0.0,8.0,4.98,12.2
2004-11-11,17.9,18.9,16.2,18.3,19.5,92,12.5,12.5,0.0,16.0,4.51,7.9
2004-11-12,15.1,16.3,13.7,12.4,15.0,73,0.0,0.0,0.0,0.0,6.59,12.6
2004-11-13,15.0,16.1,13.6,13.7,17.3,86,31.3,31.3,0.0,19.0,5.22,11.8
2004-11-14,14.8,16.3,13.3,13.5,17.0,90,4.2,4.2,0.0,11.0,6.18,10.4
2004-11-15,13.2,16.1,10.0,10.7,12.8,75,0.0,0.0,0.0,0.0,5.41,10.5
2004-11-16,11.5,15.1,8.5,9.1,12.7,62,0.0,0.0,0.0,0.0,2.56,5.5
2004-11-17,12.3,16.6,9.4,10.3,14.0,60,0.0,0.0,0.0,0.0,1.94,3.5
2004-11-18,12.3,18.3,8.1,10.3,15.6,65,0.0,0.0,0.0,0.0,2.47,6.3
2004-11-19,12.8,18.7,7.8,10.8,16.1,66,0.0,0.0,0.0,0.0,2.42,6.6
2004-11-20,13.9,19.6,10.3,12.1,17.1,68,0.0,0.0,0.0,0.0,2.98,6.9
2004-11-21,13.4,16.6,10.5,11.4,14.2,71,0.0,0.0,0.0,0.0,3.3,7.2
2004-11-22,13.6,18.0,9.8,12.1,16.6,74,0.0,0.0,0.0,0.0,2.77,6.1
2004-11-23,15.4,19.1,12.2,14.1,17.4,77,0.0,0.0,0.0,0.0,3.92,8.0
2004-11-24,16.9,20.2,14.9,16.4,19.5,82,0.0,0.0,0.0,0.0,4.19,8.1
2004-11-25,16.4,18.4,10.9,16.3,19.6,91,1.7,1.7,0.0,8.0,7.21,12.2
2004-11-26,6.7,9.9,4.3,1.3,5.7,64,0.7,0.7,0.0,3.0,8.06,14.3
2004-11-27,6.5,11.2,2.7,2.7,7.2,59,0.0,0.0,0.0,0.0,3.55,6.8
2004-11-28,8.9,15.6,4.1,5.9,12.2,66,0.0,0.0,0.0,0.0,2.95,6.3
2004-11-29,10.1,16.7,5.7,7.8,13.9,73,0.0,0.0,0.0,0.0,3.18,6.9
2004-11-30,11.5,16.3,6.8,9.5,14.1,75,0.0,0.0,0.0,0.0,2.97,6.3
2004-12-01,14.8,17.3,12.9,12.8,14.9,72,0.0,0.0,0.0,0.0,4.85,9.5
2004-12-02,15.6,18.9,13.5,14.0,17.0,75,0.0,0.0,0.0,0.0,5.2,10.4
2004-12-03,17.1,19.7,15.0,17.2,20.1,87,5.2,5.2,0.0,9.0,4.3,8.2
2004-12-04,13.5,16.3,9.5,10.7,17.2,82,22.8,22.8,0.0,14.0,8.44,15.1
2004-12-05,9.1,11.7,6.1,4.7,7.2,58,0.0,0.0,0.0,0.0,6.98,12.4
2004-12-06,9.1,14.1,5.6,6.5,10.6,72,0.0,0.0,0.0,0.0,4.03,7.8
2004-12-07,9.6,13.5,7.2,6.8,10.6,68,0.0,0.0,0.0,0.0,3.4,7.5
2004-12-08,7.7,13.1,3.1,5.3,10.2,72,0.0,0.0,0.0,0.0,2.65,5.2
2004-12-09,10.2,16.3,6.0,7.8,13.8,75,0.0,0.0,0.0,0.0,3.47,7.4
2004-12-10,10.2,15.9,5.7,8.2,13.5,80,0.0,0.0,0.0,0.0,2.94,6.0
2004-12-11,12.9,16.3,10.1,11.0,13.7,79,0.0,0.0,0.0,0.0,4.59,9.0
2004-12-12,12.4,15.4,9.7,10.5,12.7,80,0.0,0.0,0.0,0.0,4.71,9.1
2004-12-13,10.6,14.4,7.3,8.8,12.6,80,0.0,0.0,0.0,0.0,2.77,5.2
2004-12-14,12.9,16.8,9.8,10.4,14.0,76,0.0,0.0,0.0,0.0,5.68,10.7
2004-12-15,13.0,18.7,9.8,11.4,16.9,78,0.0,0.0,0.0,0.0,3.91,6.7
2004-12-16,11.9,14.7,9.8,9.5,12.0,79,0.0,0.0,0.0,0.0,4.6,9.4
2004-12-17,12.2,16.3,9.6,10.8,14.8,81,0.0,0.0,0.0,0.0,3.51,7.2
2004-12-18,11.3,13.4,9.0,10.2,12.1,90,1.4,1.4,0.0,4.0,2.97,6.1
2004-12-19,12.0,14.0,10.8,10.2,11.5,83,2.9,2.9,0.0,6.0,4.46,8.5
2004-12-20,8.9,11.1,6.6,4.6,8.3,73,0.0,0.0,0.0,0.0,7.24,13.3
2004-12-21,9.1,10.5,6.9,5.8,7.8,68,0.0,0.0,0.0,0.0,4.58,8.7
2004-12-22,9.7,10.9,7.3,6.0,8.0,81,13.2,13.2,0.0,14.0,7.47,13.3
2004-12-23,6.0,7.1,4.0,1.1,2.2,77,4.6,4.6,0.0,8.0,7.22,12.6
2004-12-24,4.0,6.3,2.2,-0.6,1.7,69,0.0,0.0,0.0,0.0,4.9,9.4
2004-12-25,4.5,7.5,1.4,0.6,3.9,73,0.0,0.0,0.0,0.0,3.98,7.7
2004-12-26,5.8,7.8,4.4,1.9,3.8,79,4.1,4.1,0.0,10.0,4.54,9.0
2004-12-27,5.1,5.9,4.6,0.7,1.2,82,5.3,5.3,0.0,11.0,6.0,11.1
2004-12-28,3.5,4.4,2.6,-1.0,0.3,85,9.8,9.8,0.0,16.0,5.58,10.1
2004-12-29,3.6,6.5,0.7,-0.9,2.2,72,0.0,0.0,0.0,0.0,5.89,10.9
2004-12-30,1.8,3.9,-1.4,-3.0,-0.0,87,7.9,5.2,1.96,16.0,7.82,12.5
2004-12-31,-2.3,-0.1,-4.1,-9.4,-7.5,63,0.0,0.0,0.0,0.0,8.68,15.9
