time,temperature_2m_mean,temperature_2m_max,temperature_2m_min,apparent_temperature_mean,apparent_temperature_max,relative_humidity_2m_mean,precipitation_sum,rain_sum,snowfall_sum,precipitation_hours,wind_speed_10m_max,wind_gusts_10m_max
2010-01-01,4.9,9.4,-0.4,0.9,4.7,65,0.0,0.0,0.0,0.0,4.93,9.9
2010-01-02,8.5,12.8,5.6,5.4,9.2,72,0.0,0.0,0.0,0.0,3.94,8.9
2010-01-03,8.1,11.3,5.5,4.5,7.2,72,0.0,0.0,0.0,0.0,5.15,9.4
2010-01-04,5.7,8.5,0.7,1.1,4.9,72,0.0,0.0,0.0,0.0,6.43,12.2
2010-01-05,0.8,2.7,-1.1,-4.5,-2.6,59,0.0,0.0,0.0,0.0,5.32,10.6
2010-01-06,1.7,4.3,0.1,-3.0,-0.5,64,0.0,0.0,0.0,0.0,4.61,8.9
2010-01-07,1.4,4.4,-0.9,-3.1,-0.4,67,0.0,0.0,0.0,0.0,4.3,8.4
2010-01-08,2.7,5.5,0.6,-1.2,2.2,63,0.0,0.0,0.0,0.0,3.44,6.7
2010-01-09,5.5,10.5,0.9,2.3,7.8,73,0.0,0.0,0.0,0.0,3.61,6.3
2010-01-10,6.8,7.4,6.0,3.3,4.2,87,8.7,8.7,0.0,13.0,5.87,9.5
2010-01-11,3.5,6.1,1.9,-1.4,2.2,81,2.4,2.4,0.0,12.0,6.72,11.6
2010-01-12,2.0,4.5,-0.9,-3.4,-0.6,56,0.0,0.0,0.0,0.0,5.95,10.6
2010-01-13,-1.4,2.0,-3.9,-7.3,-4.6,43,0.0,0.0,0.0,0.0,6.62,12.5
2010-01-14,1.2,7.0,-4.6,-3.0,2.1,59,0.0,0.0,0.0,0.0,4.3,9.4
2010-01-15,4.4,9.4,0.4,0.3,4.9,69,0.0,0.0,0.0,0.0,4.83,9.6
2010-01-16,5.3,8.2,3.6,2.1,4.8,71,0.3,0.3,0.0,3.0,3.16,5.8
2010-01-17,6.4,10.8,3.3,3.1,8.0,75,0.0,0.0,0.0,0.0,4.03,8.1
2010-01-18,9.1,13.9,6.2,6.1,11.2,77,0.0,0.0,0.0,0.0,5.06,8.7
2010-01-19,13.1,16.9,9.3,10.5,13.9,83,0.3,0.3,0.0,1.0,6.05,11.1
2010-01-20,14.9,19.5,9.3,13.8,18.8,84,0.0,0.0,0.0,0.0,6.97,11.6
2010-01-21,4.3,7.8,2.6,-1.3,3.1,73,0.1,0.1,0.0,1.0,7.73,14.3
2010-01-22,2.8,4.8,1.6,-2.1,-0.5,62,0.0,0.0,0.0,0.0,5.5,10.8
2010-01-23,3.2,6.2,0.9,-0.8,1.6,55,0.0,0.0,0.0,0.0,3.44,7.9
2010-01-24,5.2,8.4,1.4,1.8,4.6,68,1.2,1.2,0.0,3.0,3.85,7.5
2010-01-25,5.4,8.2,2.0,0.9,3.0,68,2.4,2.4,0.0,5.0,6.83,12.7
2010-01-26,4.4,8.2,0.7,0.7,4.5,71,0.0,0.0,0.0,0.0,5.99,9.8
2010-01-27,8.4,9.4,7.2,5.5,7.5,84,10.1,10.1,0.0,10.0,6.53,11.3
2010-01-28,7.3,9.8,5.2,4.4,6.6,82,0.0,0.0,0.0,0.0,3.83,8.1
2010-01-29,7.5,11.5,3.8,4.5,8.6,78,0.0,0.0,0.0,0.0,4.16,8.2
2010-01-30,10.4,12.5,8.6,8.3,10.7,82,0.6,0.6,0.0,2.0,4.31,6.7
2010-01-31,8.7,9.5,7.9,6.3,8.0,92,5.5,5.5,0.0,11.0,4.89,8.8
2010-02-01,6.9,8.4,4.8,3.0,4.7,78,4.3,4.3,0.0,8.0,6.15,11.1
2010-02-02,5.4,7.1,4.3,1.9,3.3,77,5.4,5.4,0.0,9.0,4.78,8.6
2010-02-03,5.7,7.0,4.0,1.8,2.6,72,0.1,0.1,0.0,1.0,4.7,9.8
2010-02-04,6.4,8.1,5.5,2.6,3.8,68,0.0,0.0,0.0,0.0,4.8,9.3
2010-02-05,7.3,8.2,6.4,3.6,4.1,71,0.0,0.0,0.0,0.0,4.85,9.3
2010-02-06,7.5,8.5,6.7,3.1,3.9,79,5.8,5.8,0.0,15.0,7.42,13.3
2010-02-07,9.4,10.7,7.4,7.3,10.0,91,1.4,1.4,0.0,4.0,5.31,9.5
2010-02-08,10.6,15.1,7.7,9.2,13.9,93,0.0,0.0,0.0,0.0,4.47,6.7
2010-02-09,13.7,18.9,10.1,12.5,19.7,89,9.0,9.0,0.0,8.0,5.66,11.1
2010-02-10,8.4,10.9,6.8,4.9,9.0,91,5.5,5.5,0.0,8.0,6.58,11.7
2010-02-11,3.5,6.9,0.2,-1.9,3.4,84,13.1,13.1,0.0,17.0,7.83,13.8
2010-02-12,0.1,1.3,-1.5,-5.8,-4.6,64,0.0,0.0,0.0,0.0,7.02,13.2
2010-02-13,1.3,3.6,-2.2,-3.3,-0.6,63,0.0,0.0,0.0,0.0,4.16,8.5
2010-02-14,3.9,5.2,2.4,0.1,1.3,85,10.6,9.3,0.91,17.0,5.02,9.3
2010-02-15,4.3,5.6,2.5,-0.7,1.2,77,0.7,0.7,0.0,4.0,7.43,14.3
2010-02-16,2.8,4.9,1.5,-2.1,0.6,63,0.0,0.0,0.0,0.0,5.75,11.1
2010-02-17,3.6,6.9,1.0,-0.1,3.4,65,0.0,0.0,0.0,0.0,3.45,6.0
2010-02-18,3.7,6.9,0.7,-0.5,2.8,57,0.0,0.0,0.0,0.0,4.48,9.0
2010-02-19,4.5,10.1,-0.5,0.7,6.6,58,0.0,0.0,0.0,0.0,3.16,7.7
2010-02-20,7.3,13.3,2.5,3.4,10.1,61,0.0,0.0,0.0,0.0,4.68,8.3
2010-02-21,10.3,17.5,5.4,7.2,15.4,66,0.0,0.0,0.0,0.0,4.49,7.4
2010-02-22,12.2,18.7,9.1,10.9,18.4,81,0.0,0.0,0.0,0.0,4.32,7.0
2010-02-23,10.9,16.0,8.9,8.9,14.7,87,0.0,0.0,0.0,0.0,6.83,10.8
2010-02-24,14.8,18.9,10.4,11.9,17.0,82,0.0,0.0,0.0,0.0,7.69,13.5
2010-02-25,15.4,19.8,8.8,15.0,21.4,89,8.4,8.4,0.0,10.0,5.18,12.1
2010-02-26,8.3,9.1,7.2,5.3,5.9,88,2.5,2.5,0.0,7.0,5.5,9.6
2010-02-27,8.7,10.5,7.5,6.2,6.8,88,2.9,2.9,0.0,8.0,5.74,10.6
2010-02-28,10.1,12.5,8.0,7.2,9.8,87,0.0,0.0,0.0,0.0,8.08,14.1
2010-03-01,8.6,13.0,5.2,5.1,11.2,86,2.7,2.7,0.0,6.0,7.12,12.0
2010-03-02,6.2,7.6,5.5,2.8,4.0,85,8.3,8.3,0.0,10.0,4.88,9.2
2010-03-03,7.3,8.1,6.3,3.8,6.5,89,18.1,18.1,0.0,18.0,6.49,12.9
2010-03-04,7.8,8.5,7.2,5.0,6.7,86,4.9,4.9,0.0,4.0,6.22,10.0
2010-03-05,7.4,8.3,6.7,4.1,5.7,91,15.3,15.3,0.0,17.0,5.41,11.3
2010-03-06,5.5,7.9,3.1,0.7,4.1,85,9.6,9.6,0.0,11.0,6.91,13.0
2010-03-07,5.2,6.8,4.2,0.3,1.5,72,0.0,0.0,0.0,0.0,6.41,12.0
2010-03-08,6.0,6.9,4.8,1.9,3.5,84,8.7,8.7,0.0,12.0,6.71,11.5
2010-03-09,2.2,4.8,-0.0,-4.1,-0.2,75,2.5,2.5,0.0,10.0,8.32,15.2
2010-03-10,1.9,6.4,-1.8,-3.5,1.8,46,0.0,0.0,0.0,0.0,6.95,12.8
2010-03-11,7.1,12.7,1.0,2.8,9.2,60,0.0,0.0,0.0,0.0,6.61,10.7
2010-03-12,13.7,22.3,7.9,11.0,20.3,62,0.0,0.0,0.0,0.0,6.35,10.6
2010-03-13,10.7,13.4,9.4,7.6,11.3,82,0.0,0.0,0.0,0.0,6.57,13.0
2010-03-14,13.0,13.9,10.2,11.0,13.8,97,15.7,15.7,0.0,11.0,8.05,14.2
2010-03-15,10.1,13.8,7.7,6.3,13.9,74,5.3,5.3,0.0,9.0,7.49,13.7
2010-03-16,8.2,12.4,5.5,4.9,11.1,55,0.0,0.0,0.0,0.0,4.89,8.8
2010-03-17,10.6,15.6,6.0,6.8,12.1,64,0.0,0.0,0.0,0.0,7.06,13.9
2010-03-18,8.0,10.4,6.1,4.4,7.9,74,0.0,0.0,0.0,0.0,5.06,10.5
2010-03-19,15.0,22.7,7.8,12.3,21.2,71,0.0,0.0,0.0,0.0,6.0,11.4
2010-03-20,17.3,22.5,13.5,14.2,20.4,51,0.0,0.0,0.0,0.0,6.24,12.9
2010-03-21,10.5,13.2,8.6,6.6,11.2,53,0.0,0.0,0.0,0.0,6.56,10.3
2010-03-22,13.7,18.0,9.1,10.4,17.6,71,1.2,1.2,0.0,5.0,7.98,15.6
2010-03-23,9.7,12.9,8.1,5.9,10.2,84,10.8,10.8,0.0,9.0,7.27,13.1
2010-03-24,7.7,8.2,6.3,3.9,4.6,88,28.3,28.3,0.0,19.0,6.51,10.0
2010-03-25,8.9,14.6,5.8,4.6,11.1,66,1.5,1.5,0.0,3.0,7.58,14.0
2010-03-26,7.6,11.8,3.5,4.2,10.1,54,0.0,0.0,0.0,0.0,5.4,9.3
2010-03-27,9.4,12.3,6.0,5.7,8.3,65,0.0,0.0,0.0,0.0,4.99,10.5
2010-03-28,11.2,16.7,6.9,9.3,16.3,70,0.0,0.0,0.0,0.0,3.65,7.4
2010-03-29,10.9,13.9,8.5,7.7,11.3,69,0.0,0.0,0.0,0.0,5.65,10.7
2010-03-30,11.9,14.0,10.3,8.6,10.5,77,3.7,3.7,0.0,9.0,7.19,15.1
2010-03-31,14.8,19.5,12.6,14.1,20.2,86,3.2,3.2,0.0,10.0,4.81,10.2
2010-04-01,12.1,15.7,8.8,9.4,15.5,89,16.6,16.6,0.0,15.0,8.04,14.9
2010-04-02,9.9,12.9,6.8,6.7,10.6,59,0.0,0.0,0.0,0.0,5.2,9.8
2010-04-03,10.7,14.3,7.1,7.7,11.5,62,0.0,0.0,0.0,0.0,5.35,10.8
2010-04-04,11.5,14.1,9.4,8.8,11.5,78,0.0,0.0,0.0,0.0,6.0,10.8
2010-04-05,12.9,19.6,8.7,12.1,20.7,83,0.0,0.0,0.0,0.0,3.86,7.0
2010-04-06,11.7,14.7,9.1,8.5,12.2,83,0.1,0.1,0.0,1.0,8.54,15.6
2010-04-07,10.0,12.6,7.9,5.6,9.5,49,0.0,0.0,0.0,0.0,6.43,12.8
2010-04-08,10.1,12.1,8.2,7.0,8.5,70,5.4,5.4,0.0,7.0,6.08,11.2
2010-04-09,11.5,13.9,10.0,9.5,11.9,81,1.6,1.6,0.0,3.0,4.44,8.9
2010-04-10,12.7,16.2,10.4,11.5,16.8,85,0.0,0.0,0.0,0.0,4.24,7.5
2010-04-11,11.5,12.8,10.7,9.3,10.9,92,30.3,30.3,0.0,13.0,6.24,11.2
2010-04-12,12.9,16.3,10.2,10.7,14.7,85,0.0,0.0,0.0,0.0,6.44,12.1
2010-04-13,9.6,12.0,8.0,5.0,8.1,58,1.1,1.1,0.0,1.0,7.0,12.8
2010-04-14,7.2,9.2,5.3,2.4,4.2,65,9.1,9.1,0.0,12.0,6.44,11.6
2010-04-15,7.5,9.0,5.9,4.1,5.3,69,1.1,1.1,0.0,4.0,4.88,8.7
2010-04-16,9.7,13.7,5.9,7.3,13.2,65,0.0,0.0,0.0,0.0,4.95,9.4
2010-04-17,12.5,17.6,8.3,9.3,15.6,72,0.0,0.0,0.0,0.0,7.29,13.1
2010-04-18,15.9,19.5,12.6,13.9,18.1,84,2.5,2.5,0.0,5.0,8.02,16.2
2010-04-19,17.4,20.0,15.4,18.3,21.7,95,8.2,8.2,0.0,12.0,4.26,8.9
2010-04-20,14.9,16.6,13.6,14.9,17.5,93,6.3,6.3,0.0,10.0,3.5,7.4
2010-04-21,16.1,21.4,13.8,15.9,24.0,94,19.6,19.6,0.0,13.0,5.91,13.1
2010-04-22,13.0,14.9,11.5,10.2,11.9,83,5.7,5.7,0.0,2.0,6.95,14.7
2010-04-23,14.7,19.9,11.0,12.7,18.9,63,0.0,0.0,0.0,0.0,4.7,9.4
2010-04-24,14.1,18.5,9.7,11.9,17.2,55,0.0,0.0,0.0,0.0,3.96,7.9
2010-04-25,14.3,17.6,11.2,10.9,14.1,62,0.1,0.1,0.0,1.0,7.12,13.8
2010-04-26,15.1,17.7,13.5,14.2,16.8,83,5.0,5.0,0.0,11.0,5.02,8.1
2010-04-27,16.3,19.9,14.0,13.4,18.1,54,0.0,0.0,0.0,0.0,7.15,13.5
2010-04-28,16.3,19.7,11.4,12.7,18.2,50,0.0,0.0,0.0,0.0,7.4,14.2
2010-04-29,14.3,19.5,7.6,11.6,17.5,50,0.0,0.0,0.0,0.0,4.27,8.9
2010-04-30,17.8,24.1,12.7,16.9,24.5,58,0.0,0.0,0.0,0.0,3.32,6.0
2010-05-01,19.4,25.0,14.3,19.6,27.1,73,0.0,0.0,0.0,0.0,4.19,9.5
2010-05-02,22.2,28.2,17.3,23.0,30.4,74,0.0,0.0,0.0,0.0,6.57,12.0
2010-05-03,23.0,28.0,19.3,22.7,29.1,70,0.0,0.0,0.0,0.0,7.45,12.9
2010-05-04,22.2,26.2,19.8,21.0,26.0,74,0.0,0.0,0.0,0.0,8.5,16.0
2010-05-05,21.1,23.0,19.8,21.7,25.2,88,5.7,5.7,0.0,9.0,8.23,13.9
2010-05-06,21.6,27.6,15.9,22.2,30.7,71,0.0,0.0,0.0,0.0,6.66,12.6
2010-05-07,18.0,22.0,14.8,17.0,22.5,61,1.0,1.0,0.0,3.0,3.72,7.8
2010-05-08,17.1,19.7,15.0,15.4,17.5,69,3.6,3.6,0.0,5.0,5.2,12.1
2010-05-09,15.5,16.6,14.5,14.3,16.3,84,7.1,7.1,0.0,9.0,5.75,10.6
2010-05-10,18.1,22.6,14.7,17.4,23.2,64,0.0,0.0,0.0,0.0,4.37,7.7
2010-05-11,19.2,24.3,14.2,18.9,25.5,62,0.0,0.0,0.0,0.0,3.0,6.0
2010-05-12,19.1,23.5,14.5,18.0,22.7,58,0.0,0.0,0.0,0.0,4.49,9.0
2010-05-13,17.1,18.1,15.5,15.9,17.2,72,0.6,0.6,0.0,2.0,4.78,9.0
2010-05-14,17.0,18.8,15.4,15.7,17.7,72,1.1,1.1,0.0,3.0,4.57,10.1
2010-05-15,19.1,22.2,16.7,18.8,22.2,80,0.0,0.0,0.0,0.0,6.16,12.1
2010-05-16,20.6,23.1,18.9,20.5,22.6,81,0.4,0.4,0.0,1.0,6.82,13.0
2010-05-17,21.3,23.8,19.3,21.5,24.1,82,2.1,2.1,0.0,4.0,7.7,15.0
2010-05-18,22.6,25.1,20.4,25.2,28.0,87,18.2,18.2,0.0,15.0,4.14,9.4
2010-05-19,23.0,26.8,20.2,25.2,29.8,76,4.1,4.1,0.0,6.0,2.92,7.9
2010-05-20,21.9,24.6,19.8,23.5,27.2,77,0.0,0.0,0.0,0.0,3.89,8.1
2010-05-21,21.0,22.6,20.0,22.3,23.9,89,0.6,0.6,0.0,2.0,5.19,9.6
2010-05-22,21.5,25.3,18.2,23.0,27.7,91,25.8,25.8,0.0,22.0,5.32,11.4
2010-05-23,18.3,20.6,16.4,16.7,18.8,78,0.8,0.8,0.0,4.0,7.95,12.8
2010-05-24,23.1,28.6,16.9,22.7,28.4,63,0.0,0.0,0.0,0.0,6.14,11.8
2010-05-25,24.1,29.4,20.0,24.8,30.8,56,0.0,0.0,0.0,0.0,4.29,7.5
2010-05-26,23.2,27.4,19.4,23.9,28.8,58,0.0,0.0,0.0,0.0,2.67,7.1
2010-05-27,22.2,26.0,19.8,22.6,26.8,69,0.0,0.0,0.0,0.0,5.78,10.9
2010-05-28,19.5,20.5,18.9,19.3,20.2,86,0.9,0.9,0.0,4.0,6.53,12.5
2010-05-29,19.8,22.0,17.4,20.2,22.4,79,0.0,0.0,0.0,0.0,4.14,8.1
2010-05-30,20.0,24.8,15.7,20.6,26.4,72,0.0,0.0,0.0,0.0,4.3,8.9
2010-05-31,20.3,23.4,18.0,20.7,24.9,74,0.0,0.0,0.0,0.0,4.42,9.2
2010-06-01,20.1,22.5,18.1,19.7,22.7,68,0.0,0.0,0.0,0.0,4.81,10.1
2010-06-02,20.4,23.6,18.1,20.4,24.3,67,0.0,0.0,0.0,0.0,4.55,9.3
2010-06-03,21.2,23.6,18.9,21.6,24.5,76,0.4,0.4,0.0,3.0,5.07,9.3
2010-06-04,21.0,22.2,19.2,21.3,22.5,81,1.8,1.8,0.0,3.0,6.5,12.4
2010-06-05,22.0,25.8,18.9,22.8,27.0,69,0.0,0.0,0.0,0.0,3.89,9.0
2010-06-06,22.7,27.2,18.6,24.1,29.6,67,0.0,0.0,0.0,0.0,4.46,8.7
2010-06-07,23.1,27.7,19.2,24.9,29.9,70,0.0,0.0,0.0,0.0,3.55,8.1
2010-06-08,22.4,24.6,21.1,23.2,24.6,76,0.0,0.0,0.0,0.0,5.35,10.0
2010-06-09,20.5,21.6,19.5,20.6,22.5,87,16.3,16.3,0.0,17.0,7.5,13.8
2010-06-10,22.0,23.2,20.9,24.3,26.1,87,2.8,2.8,0.0,7.0,4.08,9.1
2010-06-11,22.5,24.6,20.3,24.9,27.1,79,0.4,0.4,0.0,2.0,3.45,7.9
2010-06-12,23.4,26.2,21.2,25.3,27.7,76,1.1,1.1,0.0,6.0,3.74,6.4
2010-06-13,23.4,27.4,20.1,25.8,30.4,77,0.3,0.3,0.0,2.0,3.96,6.9
2010-06-14,23.6,26.1,22.1,26.5,30.1,85,3.4,3.4,0.0,10.0,4.17,8.4
2010-06-15,24.0,28.1,21.2,27.0,32.4,80,0.0,0.0,0.0,0.0,4.1,8.0
2010-06-16,23.9,27.5,20.6,26.0,29.9,80,0.0,0.0,0.0,0.0,5.17,10.4
2010-06-17,25.8,30.3,23.1,29.6,35.7,82,2.9,2.9,0.0,6.0,4.53,8.4
2010-06-18,27.2,31.6,23.9,32.1,37.6,80,0.4,0.4,0.0,3.0,3.79,7.5
2010-06-19,29.3,34.4,25.1,33.7,39.1,73,0.0,0.0,0.0,0.0,4.11,8.3
2010-06-20,24.6,26.6,22.6,28.1,31.7,84,1.4,1.4,0.0,6.0,3.16,7.0
2010-06-21,24.2,27.7,22.2,26.7,30.4,77,0.0,0.0,0.0,0.0,2.84,6.1
2010-06-22,24.5,27.9,22.1,27.3,30.8,77,0.0,0.0,0.0,0.0,3.68,6.8
2010-06-23,25.7,30.3,22.8,29.3,35.2,79,0.0,0.0,0.0,0.0,4.95,10.2
2010-06-24,23.6,24.6,22.6,25.8,26.5,87,4.5,4.5,0.0,13.0,6.22,10.9
2010-06-25,23.2,23.7,22.8,24.6,25.8,90,19.6,19.6,0.0,21.0,8.41,15.1
2010-06-26,23.6,24.4,22.2,26.4,28.0,86,0.5,0.5,0.0,3.0,4.47,7.6
2010-06-27,24.6,25.5,23.1,28.8,30.9,91,21.4,21.4,0.0,15.0,3.77,8.5
2010-06-28,25.3,25.9,24.7,30.1,31.6,92,13.7,13.7,0.0,15.0,3.13,6.9
2010-06-29,26.3,28.0,24.7,31.4,33.2,90,26.9,26.9,0.0,16.0,3.18,7.5
2010-06-30,29.4,33.7,25.5,35.4,41.2,79,4.6,4.6,0.0,6.0,3.11,7.4
2010-07-01,30.7,35.2,27.3,36.9,42.6,77,1.7,1.7,0.0,4.0,3.58,7.5
2010-07-02,31.6,35.0,28.6,37.5,41.0,73,1.2,1.2,0.0,3.0,3.75,7.6
2010-07-03,30.0,32.0,28.1,36.4,38.5,82,16.2,16.2,0.0,12.0,4.6,13.1
2010-07-04,27.8,30.6,26.4,34.0,38.0,89,55.9,55.9,0.0,22.0,4.03,9.0
2010-07-05,27.0,28.7,26.0,32.8,34.8,88,16.7,16.7,0.0,18.0,2.38,6.4
2010-07-06,26.5,29.0,24.0,31.3,35.0,84,1.9,1.9,0.0,3.0,4.11,8.2
2010-07-07,27.1,31.9,22.2,31.4,38.4,76,0.0,0.0,0.0,0.0,4.28,8.2
2010-07-08,26.4,28.7,24.7,30.1,32.5,83,0.2,0.2,0.0,1.0,4.94,8.8
2010-07-09,26.4,27.8,25.4,30.3,31.8,85,7.7,7.7,0.0,12.0,5.01,10.1
2010-07-10,28.0,30.3,25.6,33.3,35.8,85,31.4,31.4,0.0,17.0,4.86,11.3
2010-07-11,26.9,29.5,25.2,32.1,34.1,87,14.1,14.1,0.0,19.0,4.65,10.5
2010-07-12,26.2,27.6,25.0,31.2,32.6,90,27.5,27.5,0.0,13.0,5.22,9.5
2010-07-13,26.1,27.2,24.2,31.1,32.5,90,36.4,36.4,0.0,21.0,3.86,9.6
2010-07-14,24.7,26.1,23.5,28.8,30.6,88,67.3,67.3,0.0,22.0,3.33,8.9
2010-07-15,26.3,27.6,24.8,31.3,33.1,91,31.7,31.7,0.0,19.0,3.91,11.9
2010-07-16,26.5,27.3,25.8,31.2,32.6,91,45.0,45.0,0.0,23.0,4.87,8.6
2010-07-17,28.6,31.0,26.7,32.7,35.8,82,0.9,0.9,0.0,3.0,5.75,11.2
2010-07-18,29.3,33.4,26.9,33.6,38.6,78,0.0,0.0,0.0,0.0,5.92,11.5
2010-07-19,28.9,31.7,26.2,33.1,36.4,79,0.0,0.0,0.0,0.0,6.16,11.8
2010-07-20,29.5,33.5,26.8,34.8,40.2,78,0.1,0.1,0.0,1.0,5.17,8.6
2010-07-21,30.3,34.7,27.6,35.4,41.3,77,0.2,0.2,0.0,1.0,6.4,12.3
2010-07-22,29.8,33.9,27.2,34.3,39.6,76,0.5,0.5,0.0,2.0,6.74,12.5
2010-07-23,29.2,32.2,26.9,33.3,37.6,77,1.4,1.4,0.0,4.0,7.19,11.3
2010-07-24,28.3,30.1,27.0,32.1,34.5,80,6.3,6.3,0.0,7.0,6.38,12.4
2010-07-25,28.4,30.2,27.0,31.8,34.0,78,5.0,5.0,0.0,12.0,7.79,14.3
2010-07-26,27.6,30.0,26.5,30.7,33.7,80,14.6,14.6,0.0,14.0,6.58,12.9
2010-07-27,27.2,29.3,25.6,30.2,32.7,80,5.5,5.5,0.0,14.0,7.02,13.1
2010-07-28,28.2,32.0,25.0,33.3,37.8,78,1.7,1.7,0.0,4.0,3.01,7.8
2010-07-29,29.6,34.6,26.2,35.8,42.3,78,2.1,2.1,0.0,4.0,2.8,5.8
2010-07-30,29.7,34.0,26.1,35.7,42.1,78,0.2,0.2,0.0,1.0,3.66,7.3
2010-07-31,31.4,35.7,27.2,37.5,42.1,73,0.4,0.4,0.0,1.0,3.77,9.1
2010-08-01,32.9,36.1,29.5,39.4,43.3,69,0.4,0.4,0.0,3.0,3.8,8.4
2010-08-02,32.9,36.2,29.9,39.9,44.4,69,1.0,1.0,0.0,3.0,3.08,7.7
2010-08-03,32.7,36.6,29.6,39.4,44.9,69,0.0,0.0,0.0,0.0,3.62,7.1
2010-08-04,31.1,34.7,28.5,36.6,41.8,73,0.0,0.0,0.0,0.0,5.92,11.3
2010-08-05,30.2,33.4,27.8,35.1,39.2,77,0.0,0.0,0.0,0.0,5.94,11.2
2010-08-06,29.3,31.1,28.4,34.0,36.0,82,8.6,8.6,0.0,10.0,5.64,12.2
2010-08-07,29.7,32.3,27.7,33.8,36.4,75,0.2,0.2,0.0,2.0,6.18,11.5
2010-08-08,29.3,31.7,27.0,33.4,35.5,74,0.9,0.9,0.0,5.0,4.72,9.4
2010-08-09,29.8,32.3,27.5,35.1,38.9,78,0.9,0.9,0.0,5.0,4.97,9.8
2010-08-10,30.6,33.1,28.2,36.1,37.8,75,0.5,0.5,0.0,3.0,5.07,9.4
2010-08-11,31.3,34.8,28.0,38.5,43.0,78,0.2,0.2,0.0,2.0,2.83,7.3
2010-08-12,33.2,37.9,29.8,40.7,46.2,74,0.0,0.0,0.0,0.0,3.91,6.8
2010-08-13,33.6,37.4,30.8,40.5,45.4,68,0.0,0.0,0.0,0.0,3.59,6.4
2010-08-14,33.6,37.7,30.4,40.4,44.0,70,0.1,0.1,0.0,1.0,3.91,9.1
2010-08-15,32.1,36.4,28.5,39.5,45.8,75,4.4,4.4,0.0,5.0,3.45,7.6
2010-08-16,29.7,33.0,27.7,35.9,39.9,81,3.7,3.7,0.0,2.0,4.57,10.0
2010-08-17,29.6,32.4,27.7,36.0,40.3,81,15.0,15.0,0.0,10.0,3.26,7.2
2010-08-18,30.1,33.0,28.4,35.6,40.1,78,0.2,0.2,0.0,2.0,5.19,9.9
2010-08-19,29.9,32.9,27.7,33.6,37.0,73,0.0,0.0,0.0,0.0,7.1,13.0
2010-08-20,30.0,33.1,27.5,34.7,38.2,75,0.0,0.0,0.0,0.0,4.99,9.6
2010-08-21,29.7,32.1,27.8,34.7,37.1,78,0.3,0.3,0.0,3.0,5.33,10.6
2010-08-22,30.4,33.5,27.8,35.8,38.5,77,0.0,0.0,0.0,0.0,4.88,9.7
2010-08-23,30.3,32.5,28.4,35.6,38.6,77,0.2,0.2,0.0,1.0,5.25,9.9
2010-08-24,30.2,33.9,28.1,35.4,39.8,77,0.1,0.1,0.0,1.0,5.02,9.8
2010-08-25,30.0,33.6,28.0,35.5,39.9,77,2.5,2.5,0.0,4.0,4.34,9.6
2010-08-26,29.2,33.2,26.2,33.7,37.8,77,3.6,3.6,0.0,6.0,5.68,10.6
2010-08-27,27.8,30.3,26.0,32.1,34.7,80,2.0,2.0,0.0,7.0,4.75,9.1
2010-08-28,27.0,29.1,25.0,31.3,33.4,80,0.5,0.5,0.0,3.0,3.61,8.0
2010-08-29,26.6,28.3,25.2,31.0,32.9,81,7.2,7.2,0.0,11.0,3.64,6.2
2010-08-30,27.2,28.8,25.8,31.6,32.7,83,6.6,6.6,0.0,8.0,4.39,8.4
2010-08-31,27.5,29.7,26.2,32.4,34.7,86,12.2,12.2,0.0,13.0,5.09,10.1
2010-09-01,28.1,30.7,26.4,33.7,35.7,86,11.8,11.8,0.0,15.0,4.46,8.5
2010-09-02,28.3,30.1,26.9,32.8,34.4,86,9.2,9.2,0.0,11.0,5.95,11.9
2010-09-03,29.1,31.4,27.4,32.7,34.9,79,0.4,0.4,0.0,3.0,7.6,13.5
2010-09-04,28.7,31.3,26.7,33.4,36.2,79,0.0,0.0,0.0,0.0,4.8,9.3
2010-09-05,28.4,30.8,26.6,32.8,34.7,81,2.4,2.4,0.0,8.0,5.85,11.6
2010-09-06,28.4,31.3,26.4,32.5,34.6,78,0.1,0.1,0.0,1.0,5.45,10.7
2010-09-07,28.4,31.7,25.8,33.7,36.8,81,0.0,0.0,0.0,0.0,4.18,8.1
2010-09-08,29.6,32.8,27.1,34.5,38.6,79,0.0,0.0,0.0,0.0,5.88,10.8
2010-09-09,29.4,31.8,27.6,33.5,36.4,78,0.8,0.8,0.0,2.0,5.8,12.0
2010-09-10,28.1,29.8,26.8,32.2,33.4,83,11.8,11.8,0.0,11.0,7.17,14.6
2010-09-11,27.3,28.5,25.8,32.1,34.4,87,20.7,20.7,0.0,11.0,5.72,10.9
2010-09-12,25.6,26.5,25.1,30.3,31.3,90,16.8,16.8,0.0,9.0,4.04,7.5
2010-09-13,26.2,27.5,24.9,30.1,31.0,82,6.2,6.2,0.0,11.0,3.81,7.3
2010-09-14,26.4,28.7,24.3,30.9,33.1,85,19.5,19.5,0.0,16.0,4.46,10.0
2010-09-15,26.0,28.7,23.7,30.0,33.7,84,2.8,2.8,0.0,8.0,3.94,7.5
2010-09-16,25.9,28.5,23.9,29.1,31.1,79,0.0,0.0,0.0,0.0,3.98,8.0
2010-09-17,26.1,29.0,23.8,28.9,32.2,71,0.0,0.0,0.0,0.0,3.77,7.2
2010-09-18,27.2,30.4,24.5,30.6,33.2,72,0.0,0.0,0.0,0.0,4.13,8.2
2010-09-19,28.5,31.3,26.3,33.4,36.4,82,0.1,0.1,0.0,1.0,4.88,9.3
2010-09-20,29.2,31.3,27.3,33.5,35.6,81,0.5,0.5,0.0,4.0,7.24,13.3
2010-09-21,30.1,33.8,27.7,34.3,37.9,73,0.0,0.0,0.0,0.0,6.22,11.3
2010-09-22,23.9,28.5,19.7,25.5,33.7,84,5.0,5.0,0.0,5.0,7.38,13.0
2010-09-23,20.0,22.1,18.0,19.6,20.8,72,2.6,2.6,0.0,8.0,4.62,8.9
2010-09-24,22.3,25.7,19.2,22.1,24.8,62,0.0,0.0,0.0,0.0,5.48,9.5
2010-09-25,22.8,25.1,21.3,23.8,25.1,68,0.5,0.5,0.0,2.0,3.2,7.8
2010-09-26,20.5,21.7,20.1,22.1,23.5,89,12.6,12.6,0.0,13.0,4.5,8.1
2010-09-27,21.3,23.1,19.9,22.7,24.2,83,1.4,1.4,0.0,8.0,3.96,7.5
2010-09-28,21.7,23.5,20.6,22.3,24.3,76,0.1,0.1,0.0,1.0,5.91,10.5
2010-09-29,19.5,20.9,18.0,19.7,21.0,75,1.4,1.4,0.0,4.0,4.39,7.7
2010-09-30,20.4,23.4,18.1,20.5,23.2,70,0.0,0.0,0.0,0.0,4.2,8.9
2010-10-01,21.6,24.1,18.3,22.5,25.2,74,0.0,0.0,0.0,0.0,4.12,7.7
2010-10-02,22.1,24.5,19.8,25.0,28.2,90,10.6,10.6,0.0,19.0,3.82,10.5
2010-10-03,21.4,25.9,19.0,21.4,24.8,69,1.2,1.2,0.0,3.0,4.97,8.8
2010-10-04,19.6,23.9,16.2,18.3,22.3,57,0.0,0.0,0.0,0.0,4.05,8.0
2010-10-05,19.0,23.8,14.4,18.1,22.9,60,0.0,0.0,0.0,0.0,3.0,7.4
2010-10-06,19.4,23.5,14.7,19.1,23.9,61,0.0,0.0,0.0,0.0,2.67,5.1
2010-10-07,20.6,23.1,17.8,20.8,23.4,68,0.2,0.2,0.0,1.0,3.82,8.5
2010-10-08,21.5,24.5,19.6,23.0,25.9,78,0.3,0.3,0.0,3.0,3.05,6.1
2010-10-09,21.3,25.0,18.3,22.8,26.5,77,0.1,0.1,0.0,1.0,3.1,6.3
2010-10-10,21.3,24.1,18.6,22.0,24.2,77,0.0,0.0,0.0,0.0,4.63,9.2
2010-10-11,22.4,25.1,20.9,24.1,26.9,77,0.0,0.0,0.0,0.0,3.67,7.4
2010-10-12,21.4,22.6,20.0,22.8,24.0,83,1.8,1.8,0.0,7.0,4.53,8.1
2010-10-13,19.6,20.4,18.8,20.1,21.6,83,7.6,7.6,0.0,9.0,4.05,7.6
2010-10-14,17.7,18.6,16.7,18.2,19.0,84,7.4,7.4,0.0,12.0,2.72,5.3
2010-10-15,18.6,23.1,15.2,19.0,24.0,77,0.0,0.0,0.0,0.0,3.0,5.8
2010-10-16,19.3,24.3,15.4,19.6,24.6,74,0.0,0.0,0.0,0.0,3.16,6.3
2010-10-17,20.4,24.7,16.6,21.0,25.7,73,0.0,0.0,0.0,0.0,3.8,7.3
2010-10-18,20.8,23.5,18.2,20.9,23.1,72,0.0,0.0,0.0,0.0,5.67,11.1
2010-10-19,22.0,24.8,20.5,22.4,24.2,76,0.0,0.0,0.0,0.0,6.11,11.9
2010-10-20,21.3,22.6,19.6,20.3,22.1,74,0.0,0.0,0.0,0.0,7.81,13.7
2010-10-21,19.6,22.1,17.9,17.8,20.3,69,0.0,0.0,0.0,0.0,6.85,14.2
2010-10-22,20.6,23.1,17.7,19.5,21.7,73,0.1,0.1,0.0,1.0,7.38,14.3
2010-10-23,20.0,20.9,19.0,19.3,20.5,85,45.8,45.8,0.0,17.0,7.38,14.6
2010-10-24,20.7,22.5,19.5,21.4,24.0,90,4.1,4.1,0.0,7.0,6.18,12.9
2010-10-25,17.2,20.0,14.5,14.2,19.5,72,0.8,0.8,0.0,4.0,8.2,14.9
2010-10-26,13.3,14.7,11.2,8.2,9.9,58,0.0,0.0,0.0,0.0,9.46,15.4
2010-10-27,12.5,14.1,11.5,8.4,9.6,63,0.0,0.0,0.0,0.0,6.87,12.4
2010-10-28,13.1,15.2,10.9,8.8,10.5,57,0.0,0.0,0.0,0.0,7.32,13.4
2010-10-29,14.5,16.8,13.1,11.1,12.5,58,0.0,0.0,0.0,0.0,6.94,12.5
2010-10-30,15.1,18.2,11.9,12.3,14.3,60,0.0,0.0,0.0,0.0,5.66,10.3
2010-10-31,13.4,18.3,10.3,11.2,15.2,66,0.0,0.0,0.0,0.0,4.49,9.0
2010-11-01,13.8,19.5,9.0,11.8,16.9,64,0.0,0.0,0.0,0.0,2.96,6.9
2010-11-02,13.7,16.7,11.0,11.5,13.6,71,0.0,0.0,0.0,0.0,5.34,9.9
2010-11-03,12.6,15.7,10.4,10.9,14.4,70,0.0,0.0,0.0,0.0,2.47,5.9
2010-11-04,13.5,18.1,9.3,12.2,16.8,73,0.0,0.0,0.0,0.0,2.6,5.6
2010-11-05,14.3,18.6,10.2,12.9,17.2,72,0.0,0.0,0.0,0.0,3.44,7.1
2010-11-06,16.0,20.5,12.3,15.0,18.9,73,0.0,0.0,0.0,0.0,3.44,7.1
2010-11-07,16.2,21.4,13.0,15.5,20.4,75,0.0,0.0,0.0,0.0,3.54,6.9
2010-11-08,14.5,18.6,10.9,11.7,14.8,59,0.0,0.0,0.0,0.0,5.24,10.7
2010-11-09,12.7,18.3,7.8,9.9,14.8,58,0.0,0.0,0.0,0.0,4.83,7.6
2010-11-10,16.2,22.3,11.6,13.6,19.6,56,0.0,0.0,0.0,0.0,4.95,8.2
2010-11-11,17.1,22.9,13.0,14.9,20.2,57,0.0,0.0,0.0,0.0,5.1,11.7
2010-11-12,14.6,19.9,10.3,12.3,16.9,57,0.0,0.0,0.0,0.0,3.47,5.9
2010-11-13,17.0,21.7,13.5,16.1,19.9,73,0.0,0.0,0.0,0.0,4.14,8.3
2010-11-14,16.3,17.7,13.6,15.0,17.7,85,0.4,0.4,0.0,3.0,6.62,11.6
2010-11-15,12.1,13.6,9.9,8.4,9.6,64,0.0,0.0,0.0,0.0,7.02,11.8
2010-11-16,11.3,12.3,10.0,9.3,10.7,66,0.7,0.7,0.0,4.0,2.75,5.1
2010-11-17,12.5,15.0,10.7,10.6,13.0,66,0.0,0.0,0.0,0.0,2.56,5.3
2010-11-18,12.7,16.2,9.4,10.7,13.7,68,0.0,0.0,0.0,0.0,3.19,6.8
2010-11-19,13.6,17.8,10.6,12.4,16.6,77,0.0,0.0,0.0,0.0,3.04,6.7
2010-11-20,13.5,18.2,9.8,12.2,16.6,77,0.0,0.0,0.0,0.0,2.86,5.7
2010-11-21,15.1,17.5,12.9,14.2,17.1,85,3.7,3.7,0.0,9.0,4.87,8.9
2010-11-22,12.7,14.9,10.3,9.1,13.3,65,0.6,0.6,0.0,3.0,6.65,12.0
2010-11-23,11.2,13.1,9.8,8.6,10.5,65,0.0,0.0,0.0,0.0,3.77,7.6
2010-11-24,11.9,15.2,7.9,9.8,13.2,68,0.0,0.0,0.0,0.0,3.11,5.3
2010-11-25,11.8,14.9,7.7,8.7,10.8,63,0.0,0.0,0.0,0.0,5.71,10.8
2010-11-26,10.3,14.6,6.4,7.4,11.8,62,0.0,0.0,0.0,0.0,4.72,6.9
2010-11-27,13.2,19.1,9.4,10.0,16.5,63,0.0,0.0,0.0,0.0,4.88,8.5
2010-11-28,12.8,14.9,11.4,10.4,12.7,69,0.0,0.0,0.0,0.0,4.88,9.3
2010-11-29,13.8,17.2,10.5,12.8,15.8,84,0.2,0.2,0.0,2.0,3.98,8.1
2010-11-30,13.6,15.3,11.1,13.5,15.4,90,2.7,2.7,0.0,8.0,2.02,4.3
2010-12-01,13.1,17.1,10.4,12.6,16.0,86,0.0,0.0,0.0,0.0,2.83,5.4
2010-12-02,16.1,20.1,13.6,14.9,18.1,70,6.6,6.6,0.0,7.0,5.47,8.5
2010-12-03,10.8,13.6,8.1,7.6,10.6,57,0.0,0.0,0.0,0.0,5.01,8.3
2010-12-04,12.2,16.6,7.9,9.0,12.8,69,0.0,0.0,0.0,0.0,5.75,11.1
2010-12-05,14.2,20.7,11.6,12.5,19.1,76,0.0,0.0,0.0,0.0,5.61,9.0
2010-12-06,10.5,13.2,7.3,6.6,11.6,74,0.0,0.0,0.0,0.0,8.6,15.5
2010-12-07,6.1,8.7,3.1,0.9,2.4,45,0.0,0.0,0.0,0.0,6.47,12.3
2010-12-08,8.0,13.9,2.9,3.6,8.4,50,0.0,0.0,0.0,0.0,6.02,11.5
2010-12-09,8.7,12.8,4.2,5.2,9.8,56,0.0,0.0,0.0,0.0,5.03,7.8
2010-12-10,12.7,18.6,9.4,9.0,14.6,53,0.0,0.0,0.0,0.0,5.64,10.0
2010-12-11,10.5,12.2,9.0,6.5,8.2,63,0.0,0.0,0.0,0.0,6.64,12.2
2010-12-12,10.8,12.4,9.5,7.7,10.5,81,16.1,16.1,0.0,15.0,5.52,10.0
2010-12-13,12.5,13.5,10.4,10.9,12.9,92,13.1,13.1,0.0,24.0,6.14,10.2
2010-12-14,8.4,10.5,6.3,3.9,6.8,78,0.0,0.0,0.0,0.0,7.26,13.6
2010-12-15,2.8,6.3,-0.5,-3.2,1.1,67,3.7,0.9,2.03,12.0,7.07,12.8
2010-12-16,-0.0,1.8,-1.9,-5.9,-3.9,49,0.0,0.0,0.0,0.0,6.08,11.2
2010-12-17,2.6,7.0,-1.3,-2.2,2.1,62,0.0,0.0,0.0,0.0,5.73,10.8
2010-12-18,6.1,11.2,0.5,2.4,6.6,71,0.0,0.0,0.0,0.0,4.84,9.1
2010-12-19,10.3,15.7,6.6,7.0,11.9,62,0.0,0.0,0.0,0.0,4.6,8.9
2010-12-20,9.2,12.7,5.5,6.7,10.0,73,0.0,0.0,0.0,0.0,3.04,6.6
2010-12-21,9.2,13.9,5.6,6.6,10.4,75,0.0,0.0,0.0,0.0,3.67,7.8
2010-12-22,9.2,16.3,5.2,6.0,12.6,64,0.0,0.0,0.0,0.0,3.79,7.8
2010-12-23,10.0,16.6,4.4,6.9,13.7,71,0.0,0.0,0.0,0.0,7.54,13.3
2010-12-24,4.9,9.3,2.7,-1.1,4.2,65,0.0,0.0,0.0,0.0,8.25,14.3
2010-12-25,2.3,4.2,0.9,-2.9,-1.0,56,0.0,0.0,0.0,0.0,5.42,10.2
2010-12-26,2.7,6.6,-0.7,-2.7,-0.2,53,0.0,0.0,0.0,0.0,8.34,14.9
2010-12-27,5.8,11.8,1.0,1.5,7.3,59,0.0,0.0,0.0,0.0,4.6,9.6
2010-12-28,7.2,11.0,4.5,2.5,5.2,49,0.0,0.0,0.0,0.0,6.33,11.9
2010-12-29,6.8,11.3,2.1,3.3,6.8,60,0.0,0.0,0.0,0.0,4.13,8.4
2010-12-30,3.5,8.7,-0.2,-3.4,4.5,29,0.0,0.0,0.0,0.0,8.43,16.5
2010-12-31,-0.6,2.4,-3.0,-7.4,-4.9,28,0.0,0.0,0.0,0.0,7.16,14.2
2011-01-01,0.0,3.6,-3.0,-6.0,-2.5,46,0.0,0.0,0.0,0.0,5.92,11.6
2011-01-02,2.2,5.7,-0.8,-2.7,0.3,66,0.0,0.0,0.0,0.0,5.32,9.4
2011-01-03,2.3,4.6,0.6,-2.5,-1.0,65,0.0,0.0,0.14,0.0,5.7,10.6
2011-01-04,1.1,4.6,-1.5,-3.4,-0.1,58,0.0,0.0,0.0,0.0,4.78,9.4
2011-01-05,2.7,3.9,0.8,-1.0,0.3,61,0.0,0.0,0.0,0.0,3.34,6.2
2011-01-06,1.6,3.5,-0.1,-4.2,-2.7,55,0.0,0.0,0.0,0.0,6.99,12.9
2011-01-07,1.7,4.6,-0.9,-3.1,-0.4,55,0.0,0.0,0.0,0.0,4.96,10.1
2011-01-08,2.7,7.2,-2.1,-0.6,4.2,70,0.0,0.0,0.0,0.0,2.62,4.5
2011-01-09,2.8,5.7,0.7,-2.2,-0.7,65,0.0,0.0,0.0,0.0,6.82,12.9
2011-01-10,0.8,3.7,-2.0,-4.0,-1.1,57,0.0,0.0,0.0,0.0,4.77,8.5
2011-01-11,0.5,4.1,-2.9,-4.7,-1.9,43,0.0,0.0,0.0,0.0,5.28,10.7
2011-01-12,0.8,4.6,-2.9,-4.1,-0.5,50,0.0,0.0,0.0,0.0,4.14,8.7
2011-01-13,2.1,6.5,-2.6,-1.7,2.9,66,0.0,0.0,0.0,0.0,3.14,6.8
2011-01-14,5.3,7.2,3.8,1.6,3.1,75,0.6,0.6,0.0,5.0,4.65,8.1
2011-01-15,1.8,4.2,-2.5,-4.3,-0.1,58,0.0,0.0,0.0,0.0,8.41,16.0
2011-01-16,-1.9,1.0,-4.9,-7.7,-5.1,55,0.0,0.0,0.0,0.0,5.88,11.4
2011-01-17,-0.0,3.0,-3.3,-4.5,-1.3,60,0.0,0.0,0.0,0.0,4.16,7.3
2011-01-18,1.0,1.7,0.4,-3.1,-2.0,74,1.1,0.1,1.05,5.0,4.37,8.4
2011-01-19,2.0,3.2,0.8,-2.3,-1.2,79,0.8,0.1,0.56,6.0,5.69,9.6
2011-01-20,1.4,2.3,0.9,-3.0,-1.8,83,6.9,0.6,4.69,13.0,5.08,9.6
2011-01-21,1.9,4.8,0.2,-2.4,0.1,71,0.2,0.0,0.28,2.0,4.55,8.2
2011-01-22,2.6,6.7,-1.3,-1.0,3.4,70,0.0,0.0,0.0,0.0,3.1,6.0
2011-01-23,3.9,5.1,2.2,0.5,1.5,77,0.0,0.0,0.0,0.0,3.8,7.3
2011-01-24,1.5,3.6,0.0,-3.4,-2.0,60,0.0,0.0,0.0,0.0,5.5,10.7
2011-01-25,1.8,5.4,-1.7,-2.0,1.6,66,0.0,0.0,0.0,0.0,3.26,6.3
2011-01-26,3.2,5.1,1.1,-1.1,-0.1,66,0.0,0.0,0.0,0.0,5.33,10.0
2011-01-27,3.7,5.0,2.7,-1.1,-0.2,72,1.0,1.0,0.0,6.0,6.38,11.7
2011-01-28,2.3,3.7,0.5,-2.3,-1.4,80,3.0,2.2,0.56,9.0,5.85,10.7
2011-01-29,1.3,4.6,-0.9,-3.3,-0.8,67,0.0,0.0,0.0,0.0,6.4,11.7
2011-01-30,0.1,3.1,-3.2,-4.6,-2.3,56,0.0,0.0,0.0,0.0,5.02,10.1
2011-01-31,0.6,6.4,-3.7,-3.7,1.9,51,0.0,0.0,0.0,0.0,3.75,7.9
2011-02-01,2.0,6.5,-1.5,-1.9,2.1,62,0.0,0.0,0.0,0.0,2.77,7.2
2011-02-02,3.9,11.5,-1.7,0.2,7.9,60,0.0,0.0,0.0,0.0,2.72,6.3
2011-02-03,6.1,13.4,1.2,2.4,10.6,61,0.0,0.0,0.0,0.0,3.5,6.4
2011-02-04,7.2,13.8,3.2,4.4,12.2,70,0.0,0.0,0.0,0.0,2.83,5.7
2011-02-05,7.1,13.5,2.4,4.1,11.2,71,0.0,0.0,0.0,0.0,4.33,8.8
2011-02-06,9.3,17.6,5.6,5.8,14.0,62,0.0,0.0,0.0,0.0,4.74,8.9
2011-02-07,8.5,12.8,5.1,4.9,9.0,79,0.0,0.0,0.0,0.0,6.13,11.9
2011-02-08,11.6,16.2,7.3,8.6,14.0,71,0.0,0.0,0.0,0.0,5.28,9.2
2011-02-09,6.3,7.2,5.1,1.7,3.4,73,0.0,0.0,0.0,0.0,6.66,12.3
2011-02-10,3.8,5.3,2.5,-0.7,0.8,83,5.9,5.9,0.0,14.0,5.91,11.1
2011-02-11,3.3,4.9,2.1,-1.5,0.1,64,0.0,0.0,0.0,0.0,5.61,10.4
2011-02-12,1.6,3.3,0.6,-3.5,-1.5,63,0.0,0.0,0.0,0.0,6.1,11.6
2011-02-13,1.6,3.0,0.4,-2.2,-0.6,73,0.4,0.1,0.35,3.0,3.45,5.7
2011-02-14,1.3,3.5,-0.5,-3.8,-2.6,68,0.0,0.0,0.0,0.0,6.44,12.6
2011-02-15,1.6,4.4,-1.2,-2.5,-0.2,62,0.0,0.0,0.0,0.0,3.41,7.2
2011-02-16,4.9,6.3,3.3,1.8,3.2,79,3.7,3.7,0.0,7.0,3.18,5.4
2011-02-17,4.0,4.7,2.6,0.3,1.8,84,0.8,0.8,0.0,6.0,4.33,8.0
2011-02-18,4.2,6.5,2.2,0.4,2.1,73,0.0,0.0,0.0,0.0,4.16,8.7
2011-02-19,5.4,7.5,3.5,1.9,3.7,72,0.0,0.0,0.0,0.0,3.81,7.4
2011-02-20,6.5,9.8,4.4,3.1,6.4,72,0.0,0.0,0.0,0.0,4.19,8.4
2011-02-21,5.8,10.8,1.2,2.8,7.8,78,0.0,0.0,0.0,0.0,3.52,7.5
2011-02-22,8.4,12.9,5.7,5.5,10.2,78,0.0,0.0,0.0,0.0,4.27,9.2
2011-02-23,9.5,14.8,6.5,7.3,13.1,77,0.0,0.0,0.0,0.0,3.18,6.9
2011-02-24,10.4,17.4,6.0,8.0,16.3,75,0.0,0.0,0.0,0.0,4.54,8.9
2011-02-25,8.0,10.0,6.2,4.4,6.5,82,0.0,0.0,0.0,0.0,6.33,12.9
2011-02-26,10.3,13.6,6.1,7.2,10.8,80,3.2,3.2,0.0,7.0,5.46,10.1
2011-02-27,12.7,16.1,7.2,10.4,14.5,81,1.3,1.3,0.0,5.0,5.94,10.3
2011-02-28,6.0,6.9,4.7,2.0,3.1,81,0.7,0.7,0.0,3.0,5.14,9.4
2011-03-01,3.6,4.7,1.6,-1.3,0.2,76,1.7,1.7,0.0,5.0,6.59,12.6
2011-03-02,4.2,8.2,0.9,0.3,4.3,65,0.0,0.0,0.0,0.0,4.66,9.2
2011-03-03,6.0,9.2,3.6,2.3,5.7,56,0.0,0.0,0.0,0.0,3.89,8.0
2011-03-04,5.2,9.5,2.0,1.7,7.0,64,0.0,0.0,0.0,0.0,4.49,9.0
2011-03-05,7.1,10.2,3.4,3.0,6.0,66,0.8,0.8,0.0,2.0,6.24,12.4
2011-03-06,7.6,8.4,6.4,5.1,6.6,88,7.5,7.5,0.0,16.0,4.71,8.4
2011-03-07,6.5,10.1,3.1,2.3,5.7,60,0.0,0.0,0.0,0.0,5.77,12.5
2011-03-08,8.6,15.1,2.7,4.9,12.0,56,0.0,0.0,0.0,0.0,3.9,7.7
2011-03-09,8.5,12.0,6.0,5.0,7.8,62,0.0,0.0,0.0,0.0,5.24,11.1
2011-03-10,7.8,12.9,3.5,4.7,11.3,60,0.0,0.0,0.0,0.0,3.52,6.5
2011-03-11,9.4,14.7,4.7,5.3,10.7,53,0.0,0.0,0.0,0.0,5.86,11.1
2011-03-12,12.1,17.5,9.6,8.8,15.7,64,0.0,0.0,0.0,0.0,5.52,9.8
2011-03-13,11.8,17.1,8.5,9.2,14.9,84,1.8,1.8,0.0,2.0,6.54,12.5
2011-03-14,11.7,15.5,7.1,8.8,13.2,84,5.0,5.0,0.0,5.0,7.1,12.3
2011-03-15,7.3,9.7,5.2,1.9,4.5,52,0.0,0.0,0.0,0.0,6.99,13.5
2011-03-16,8.5,13.5,4.0,4.7,9.2,45,0.0,0.0,0.0,0.0,5.26,10.7
2011-03-17,9.5,15.0,4.6,6.5,13.0,59,0.0,0.0,0.0,0.0,5.28,10.2
2011-03-18,10.8,13.5,8.1,6.7,10.2,64,0.0,0.0,0.0,0.0,7.25,14.0
2011-03-19,12.3,15.1,9.9,10.6,13.4,86,1.3,1.3,0.0,4.0,5.88,10.3
2011-03-20,11.7,14.9,7.9,9.6,14.6,91,5.0,5.0,0.0,7.0,5.81,10.3
2011-03-21,6.7,8.1,5.9,2.3,4.3,86,9.5,9.5,0.0,23.0,7.18,13.0
2011-03-22,6.9,9.3,3.6,3.0,4.6,67,0.9,0.9,0.0,5.0,5.48,10.6
2011-03-23,7.8,13.0,3.4,4.7,10.7,58,0.0,0.0,0.0,0.0,4.7,9.4
2011-03-24,10.3,15.7,5.1,7.2,13.4,52,0.0,0.0,0.0,0.0,4.92,9.6
2011-03-25,8.6,11.5,5.9,4.6,8.5,45,0.0,0.0,0.0,0.0,5.17,9.0
2011-03-26,9.2,14.4,3.7,5.8,13.2,43,0.0,0.0,0.0,0.0,3.62,6.8
2011-03-27,11.0,16.5,6.2,7.5,14.9,41,0.0,0.0,0.0,0.0,4.65,8.5
2011-03-28,12.7,18.9,7.6,8.7,15.6,39,0.0,0.0,0.0,0.0,4.65,10.3
2011-03-29,10.1,13.5,6.0,6.4,9.7,55,0.0,0.0,0.0,0.0,7.38,14.8
2011-03-30,9.5,14.9,4.6,6.5,12.7,55,0.0,0.0,0.0,0.0,3.76,7.7
2011-03-31,11.5,16.7,7.5,8.0,13.6,65,0.0,0.0,0.0,0.0,5.97,12.6
2011-04-01,14.8,19.6,11.0,12.6,18.6,74,0.0,0.0,0.0,0.0,5.78,11.4
2011-04-02,12.1,15.7,8.4,9.5,14.0,84,0.0,0.0,0.0,0.0,7.12,12.7
2011-04-03,7.8,10.0,6.4,3.4,4.8,71,8.8,8.8,0.0,14.0,6.22,10.9
2011-04-04,9.6,13.4,6.3,6.5,11.0,67,0.0,0.0,0.0,0.0,4.9,9.8
2011-04-05,10.7,14.6,7.2,8.1,12.1,71,0.0,0.0,0.0,0.0,5.51,11.2
2011-04-06,13.8,17.7,10.1,11.1,14.6,73,0.0,0.0,0.0,0.0,7.79,14.3
2011-04-07,13.2,14.7,11.7,12.3,14.2,87,1.3,1.3,0.0,4.0,3.2,6.4
2011-04-08,13.8,18.7,10.5,12.7,18.6,76,0.0,0.0,0.0,0.0,3.18,7.5
2011-04-09,14.9,20.2,10.3,12.8,19.3,60,0.0,0.0,0.0,0.0,4.16,8.2
2011-04-10,16.8,22.7,12.6,15.3,22.8,63,0.0,0.0,0.0,0.0,3.98,7.7
2011-04-11,12.6,15.4,10.1,9.1,12.3,57,0.0,0.0,0.0,0.0,7.24,12.7
2011-04-12,13.1,18.5,7.9,9.7,15.5,48,0.0,0.0,0.0,0.0,5.59,10.6
2011-04-13,15.7,21.0,11.9,13.7,20.7,65,0.0,0.0,0.0,0.0,5.33,10.0
2011-04-14,19.4,25.4,14.0,19.8,27.4,74,0.0,0.0,0.0,0.0,3.36,8.1
2011-04-15,20.9,24.6,18.0,22.9,28.6,83,3.3,3.3,0.0,7.0,3.55,6.9
2011-04-16,13.2,18.1,9.5,9.5,17.0,63,0.5,0.5,0.0,2.0,6.91,13.5
2011-04-17,13.4,19.1,8.0,11.7,18.8,61,0.0,0.0,0.0,0.0,3.64,7.6
2011-04-18,14.9,19.1,11.5,12.4,15.8,54,0.0,0.0,0.0,0.0,5.4,11.5
2011-04-19,12.8,17.0,9.4,10.1,15.4,60,0.0,0.0,0.0,0.0,4.96,9.9
2011-04-20,14.7,20.2,9.8,11.8,17.7,62,0.0,0.0,0.0,0.0,6.69,12.7
2011-04-21,16.7,18.6,13.8,14.8,18.6,73,2.1,2.1,0.0,4.0,6.83,13.1
2011-04-22,14.6,16.5,10.8,13.1,17.3,84,11.9,11.9,0.0,9.0,6.38,11.9
2011-04-23,15.2,21.5,9.2,13.6,21.3,65,0.0,0.0,0.0,0.0,5.19,9.9
2011-04-24,16.1,20.8,13.0,14.9,20.2,66,0.3,0.3,0.0,2.0,4.79,9.3
2011-04-25,18.3,23.0,12.6,16.2,21.3,69,0.0,0.0,0.0,0.0,7.71,14.6
2011-04-26,24.5,31.3,18.3,23.0,30.6,47,0.0,0.0,0.0,0.0,5.66,11.9
2011-04-27,17.2,22.6,12.4,16.4,23.2,70,4.2,4.2,0.0,6.0,6.64,13.0
2011-04-28,15.5,20.5,11.1,13.8,20.3,64,0.0,0.0,0.0,0.0,6.89,11.7
2011-04-29,20.8,26.2,14.9,19.2,25.9,71,0.0,0.0,0.0,0.0,8.17,16.0
2011-04-30,24.7,28.0,21.7,24.5,28.5,63,0.5,0.5,0.0,2.0,7.61,15.4
2011-05-01,20.8,24.2,16.0,19.7,25.2,54,0.2,0.2,0.0,1.0,5.37,10.7
2011-05-02,17.2,20.1,14.5,15.1,17.2,56,0.0,0.0,0.0,0.0,4.98,10.2
2011-05-03,15.6,18.4,13.4,13.8,16.8,64,0.9,0.9,0.0,5.0,4.99,9.4
2011-05-04,16.0,18.3,12.7,15.1,16.6,71,0.0,0.0,0.0,0.0,3.47,6.9
2011-05-05,17.1,20.3,13.5,15.7,19.9,70,0.0,0.0,0.0,0.0,5.72,11.0
2011-05-06,21.2,27.0,16.2,21.3,28.1,73,0.0,0.0,0.0,0.0,5.25,9.0
2011-05-07,24.6,31.2,19.3,26.3,33.9,72,0.0,0.0,0.0,0.0,5.02,10.1
2011-05-08,25.2,30.1,20.6,27.1,33.8,75,0.0,0.0,0.0,0.0,6.87,12.1
2011-05-09,25.6,28.4,23.4,27.0,29.8,80,0.0,0.0,0.0,0.0,7.63,14.5
2011-05-10,27.1,32.5,23.5,29.4,35.7,73,0.1,0.1,0.0,1.0,6.12,11.2
2011-05-11,20.3,25.8,17.4,21.1,28.3,86,6.1,6.1,0.0,12.0,4.89,11.2
2011-05-12,21.1,25.4,18.0,20.8,25.0,67,0.0,0.0,0.0,0.0,4.36,9.7
2011-05-13,21.9,26.9,17.1,20.6,26.2,38,0.0,0.0,0.0,0.0,3.24,7.8
2011-05-14,22.0,26.4,18.0,21.0,25.6,48,0.0,0.0,0.0,0.0,3.37,6.5
2011-05-15,22.0,27.0,16.2,20.6,25.6,53,0.0,0.0,0.0,0.0,5.59,10.6
2011-05-16,22.0,26.7,18.5,22.7,28.2,70,0.0,0.0,0.0,0.0,4.49,9.0
2011-05-17,23.1,29.3,18.4,22.9,30.5,64,0.0,0.0,0.0,0.0,8.1,13.7
2011-05-18,23.2,28.4,19.1,21.2,26.8,63,0.0,0.0,0.0,0.0,10.03,18.4
2011-05-19,24.6,30.7,20.3,24.9,31.9,69,0.0,0.0,0.0,0.0,8.1,14.0
2011-05-20,25.6,32.1,21.2,27.2,35.2,72,0.0,0.0,0.0,0.0,6.24,11.8
2011-05-21,21.6,27.9,16.8,22.7,30.8,83,2.3,2.3,0.0,9.0,7.37,13.5
2011-05-22,16.7,17.9,15.6,15.1,16.3,86,8.7,8.7,0.0,16.0,6.51,13.2
2011-05-23,16.5,17.6,15.8,14.4,16.9,85,8.6,8.6,0.0,9.0,9.36,16.1
2011-05-24,19.0,22.2,16.1,17.2,21.4,64,0.0,0.0,0.0,0.0,6.26,11.6
2011-05-25,20.2,24.5,16.5,20.4,24.1,69,0.0,0.0,0.0,0.0,3.72,8.6
2011-05-26,19.6,22.2,17.6,19.0,21.4,77,0.1,0.1,0.0,1.0,6.64,11.6
2011-05-27,19.0,21.7,15.9,19.1,21.7,77,0.0,0.0,0.0,0.0,3.91,8.0
2011-05-28,18.8,21.1,17.2,18.1,20.4,76,0.0,0.0,0.0,0.0,5.9,11.8
2011-05-29,21.2,27.0,16.3,21.1,27.4,62,0.0,0.0,0.0,0.0,3.83,8.8
2011-05-30,22.8,28.2,17.2,21.6,27.2,56,0.0,0.0,0.0,0.0,6.07,12.1
2011-05-31,23.6,28.2,20.1,24.1,30.5,60,0.2,0.2,0.0,1.0,4.93,9.7
2011-06-01,22.9,26.6,19.7,24.5,27.3,74,3.0,3.0,0.0,4.0,4.72,9.6
2011-06-02,23.4,28.1,19.9,25.1,32.0,71,0.0,0.0,0.0,0.0,4.47,9.0
2011-06-03,23.9,29.5,20.3,24.9,31.0,70,0.0,0.0,0.0,0.0,6.07,11.6
2011-06-04,21.1,22.1,20.3,23.0,24.8,92,21.5,21.5,0.0,15.0,5.39,9.2
2011-06-05,21.4,22.8,20.2,23.4,25.2,92,6.6,6.6,0.0,9.0,4.88,9.3
2011-06-06,19.4,20.3,18.4,20.3,21.9,93,38.6,38.6,0.0,19.0,5.61,9.6
2011-06-07,20.5,22.1,18.8,22.5,24.5,88,4.9,4.9,0.0,6.0,3.18,5.5
2011-06-08,23.3,28.7,19.1,25.7,33.0,84,0.0,0.0,0.0,0.0,4.9,8.2
2011-06-09,27.3,34.8,22.6,31.4,41.2,76,0.0,0.0,0.0,0.0,4.14,7.3
2011-06-10,24.6,27.2,22.8,28.7,31.3,92,37.4,37.4,0.0,21.0,4.33,11.3
2011-06-11,22.9,24.6,21.0,26.4,29.7,93,32.1,32.1,0.0,24.0,3.54,8.8
2011-06-12,22.7,25.3,21.0,25.2,27.9,83,17.6,17.6,0.0,8.0,3.6,9.3
2011-06-13,23.8,26.7,21.6,26.3,31.1,79,0.0,0.0,0.0,0.0,3.83,7.8
2011-06-14,21.0,22.3,20.0,22.7,24.2,90,20.0,20.0,0.0,17.0,4.83,8.9
2011-06-15,20.2,21.1,19.6,21.4,23.2,93,108.5,108.5,0.0,24.0,6.4,12.0
2011-06-16,22.0,24.9,19.9,24.4,27.7,86,13.2,13.2,0.0,6.0,3.66,8.3
2011-06-17,22.2,23.7,20.5,25.1,28.0,93,23.3,23.3,0.0,24.0,3.98,9.7
2011-06-18,22.9,25.6,20.6,26.2,30.1,94,57.0,57.0,0.0,24.0,5.07,11.9
2011-06-19,20.7,21.7,19.7,21.9,22.9,91,71.5,71.5,0.0,14.0,6.5,11.8
2011-06-20,22.2,25.5,19.1,24.5,29.1,83,0.0,0.0,0.0,0.0,4.25,8.5
2011-06-21,24.3,26.7,21.9,27.2,30.6,90,3.7,3.7,0.0,8.0,7.03,11.4
2011-06-22,27.6,31.9,24.9,31.7,38.3,84,3.4,3.4,0.0,3.0,6.81,13.0
2011-06-23,29.0,33.4,25.7,32.7,38.8,76,0.0,0.0,0.0,0.0,6.0,12.3
2011-06-24,28.6,32.2,26.3,33.0,37.8,78,0.0,0.0,0.0,0.0,5.73,10.8
2011-06-25,25.3,28.0,22.7,27.4,30.8,89,19.8,19.8,0.0,13.0,8.68,15.9
2011-06-26,24.6,27.9,21.8,24.1,27.9,70,0.6,0.6,0.0,3.0,9.5,16.5
2011-06-27,26.5,31.3,21.3,29.5,35.1,70,0.0,0.0,0.0,0.0,4.48,8.7
2011-06-28,27.8,30.3,26.1,30.6,33.2,81,0.4,0.4,0.0,1.0,8.14,15.2
2011-06-29,27.4,30.3,25.6,29.8,32.2,81,6.9,6.9,0.0,9.0,7.98,15.5
2011-06-30,26.9,28.2,25.4,31.4,33.7,87,15.7,15.7,0.0,20.0,6.32,11.8
2011-07-01,28.4,31.0,26.1,33.7,36.3,82,7.1,7.1,0.0,12.0,4.0,8.0
2011-07-02,31.2,35.3,27.2,36.9,41.5,73,0.3,0.3,0.0,1.0,4.08,8.6
2011-07-03,32.4,36.4,28.7,37.6,41.4,66,0.0,0.0,0.0,0.0,5.24,10.9
2011-07-04,29.8,33.6,26.6,35.4,40.0,77,3.7,3.7,0.0,5.0,3.25,10.8
2011-07-05,29.0,32.9,26.5,35.3,39.8,84,4.7,4.7,0.0,11.0,3.81,10.1
2011-07-06,31.7,35.5,28.5,37.7,41.7,73,0.0,0.0,0.0,0.0,4.32,10.7
2011-07-07,31.8,35.2,28.7,37.5,41.5,72,0.0,0.0,0.0,0.0,4.71,9.7
2011-07-08,29.0,32.2,27.2,34.6,39.5,81,0.3,0.3,0.0,1.0,4.65,8.9
2011-07-09,28.5,30.4,26.6,33.8,36.1,82,0.5,0.5,0.0,3.0,4.48,9.0
2011-07-10,28.3,30.3,26.8,32.2,33.3,83,2.1,2.1,0.0,6.0,6.88,13.4
2011-07-11,27.6,29.3,26.2,31.1,32.5,85,0.2,0.2,0.0,1.0,6.76,12.6
2011-07-12,27.6,29.0,26.5,30.9,32.9,85,2.3,2.3,0.0,5.0,7.21,14.4
2011-07-13,28.3,30.6,26.9,31.9,34.3,81,0.1,0.1,0.0,1.0,6.58,11.8
2011-07-14,27.8,31.0,26.1,32.2,36.1,83,1.8,1.8,0.0,6.0,6.39,12.1
2011-07-15,27.4,30.0,25.9,32.2,35.7,85,7.8,7.8,0.0,8.0,5.83,11.3
2011-07-16,28.5,31.0,26.8,32.1,35.0,78,0.8,0.8,0.0,2.0,6.44,12.2
2011-07-17,27.9,29.6,26.8,31.7,33.7,82,2.8,2.8,0.0,6.0,5.91,11.7
2011-07-18,28.2,31.4,26.4,33.0,36.5,82,0.1,0.1,0.0,1.0,5.24,10.1
2011-07-19,27.8,29.9,26.2,33.5,36.1,86,4.1,4.1,0.0,7.0,3.01,5.8
2011-07-20,28.4,31.2,25.9,34.3,38.4,80,0.8,0.8,0.0,5.0,2.13,5.4
2011-07-21,29.3,32.2,26.6,35.5,39.1,79,1.0,1.0,0.0,6.0,3.11,5.8
2011-07-22,29.8,33.5,27.3,35.8,39.4,81,0.0,0.0,0.0,0.0,4.0,7.9
2011-07-23,30.1,33.3,27.7,36.0,40.4,79,0.3,0.3,0.0,2.0,4.48,8.9
2011-07-24,29.7,32.9,28.0,35.7,41.3,82,7.8,7.8,0.0,7.0,4.56,8.3
2011-07-25,30.6,34.7,27.6,35.9,41.8,78,0.0,0.0,0.0,0.0,6.28,11.4
2011-07-26,30.5,33.7,27.9,35.4,41.6,75,1.6,1.6,0.0,3.0,6.03,11.1
2011-07-27,30.6,34.2,28.3,33.9,38.2,70,0.3,0.3,0.0,1.0,8.1,14.8
2011-07-28,30.4,33.9,27.6,34.0,38.7,72,0.0,0.0,0.0,0.0,7.84,13.5
2011-07-29,30.8,33.9,27.9,35.1,39.0,73,0.0,0.0,0.0,0.0,6.17,11.4
2011-07-30,31.2,35.1,28.2,36.3,41.3,73,0.0,0.0,0.0,0.0,5.51,10.4
2011-07-31,30.1,34.5,27.1,36.3,42.2,77,5.8,5.8,0.0,5.0,3.14,7.1
2011-08-01,28.5,31.6,26.4,33.8,37.3,82,0.3,0.3,0.0,2.0,4.0,7.7
2011-08-02,29.5,32.6,27.5,34.3,38.4,77,0.0,0.0,0.0,0.0,5.85,10.5
2011-08-03,29.3,33.3,27.4,33.9,38.9,76,1.3,1.3,0.0,2.0,5.92,11.2
2011-08-04,28.9,31.6,27.3,34.4,37.6,79,2.2,2.2,0.0,5.0,3.8,7.6
2011-08-05,29.5,32.0,27.7,34.0,36.3,77,1.9,1.9,0.0,9.0,6.37,12.7
2011-08-06,29.2,30.8,27.9,32.5,33.7,79,2.1,2.1,0.0,7.0,9.32,17.1
2011-08-07,27.7,28.7,26.5,28.8,30.7,79,11.9,11.9,0.0,16.0,13.07,25.4
2011-08-08,28.6,32.4,25.7,33.9,37.9,81,0.2,0.2,0.0,1.0,3.68,7.5
2011-08-09,29.6,33.6,27.4,34.8,39.5,80,1.8,1.8,0.0,10.0,4.96,9.8
2011-08-10,29.5,33.0,27.4,34.2,38.9,78,0.0,0.0,0.0,0.0,5.68,10.9
2011-08-11,29.8,33.9,27.8,35.1,40.1,76,2.4,2.4,0.0,5.0,4.66,8.8
2011-08-12,27.7,29.7,26.6,32.9,34.7,87,27.8,27.8,0.0,11.0,4.57,9.5
2011-08-13,28.0,32.5,24.8,33.2,40.0,83,4.9,4.9,0.0,7.0,3.85,8.2
2011-08-14,28.2,31.5,25.9,32.6,35.9,79,2.1,2.1,0.0,2.0,5.28,9.3
2011-08-15,30.4,33.9,27.4,35.7,39.0,75,0.6,0.6,0.0,2.0,3.91,7.9
2011-08-16,31.7,35.5,28.8,37.5,41.2,72,0.0,0.0,0.0,0.0,4.24,10.9
2011-08-17,29.2,31.6,26.1,34.8,37.1,79,8.3,8.3,0.0,5.0,3.42,8.2
2011-08-18,28.5,29.8,27.7,34.7,36.7,86,0.3,0.3,0.0,2.0,3.45,5.8
2011-08-19,29.0,33.4,25.7,35.1,42.1,81,0.1,0.1,0.0,1.0,3.41,6.8
2011-08-20,29.6,33.0,26.9,35.6,40.4,78,3.1,3.1,0.0,3.0,3.73,9.2
2011-08-21,27.0,28.9,25.7,31.7,33.7,83,0.6,0.6,0.0,3.0,3.01,8.2
2011-08-22,26.2,28.7,23.6,30.1,32.5,85,17.9,17.9,0.0,16.0,5.19,11.4
2011-08-23,24.7,26.6,23.4,27.2,28.8,81,1.4,1.4,0.0,4.0,4.82,9.5
2011-08-24,24.5,26.4,22.9,26.8,28.0,82,14.3,14.3,0.0,12.0,5.69,10.8
2011-08-25,24.5,25.3,23.9,28.0,28.9,89,14.2,14.2,0.0,21.0,4.7,8.1
2011-08-26,26.0,27.5,24.8,30.2,31.4,88,9.7,9.7,0.0,10.0,4.75,9.3
2011-08-27,26.9,29.5,25.1,31.4,34.2,87,10.2,10.2,0.0,16.0,5.6,11.1
2011-08-28,27.8,30.0,26.2,32.5,34.8,87,0.5,0.5,0.0,4.0,5.06,9.5
2011-08-29,27.6,29.5,26.2,32.1,34.2,87,1.3,1.3,0.0,5.0,6.03,10.8
2011-08-30,27.5,29.6,26.2,31.3,33.1,86,1.9,1.9,0.0,9.0,6.84,12.2
2011-08-31,27.5,29.9,25.6,31.4,34.1,82,0.0,0.0,0.0,0.0,6.02,11.4
2011-09-01,27.1,30.2,25.1,31.5,35.5,80,0.0,0.0,0.0,0.0,3.86,7.7
2011-09-02,26.6,29.7,23.8,29.7,32.6,77,0.0,0.0,0.0,0.0,4.91,9.6
2011-09-03,25.9,29.4,23.1,28.5,32.3,72,0.0,0.0,0.0,0.0,4.12,8.1
2011-09-04,26.1,29.6,23.6,28.7,32.1,74,0.0,0.0,0.0,0.0,4.75,9.2
2011-09-05,25.6,29.1,23.0,27.0,30.2,66,0.0,0.0,0.0,0.0,4.71,9.1
2011-09-06,24.4,27.6,21.7,25.7,28.8,64,0.0,0.0,0.0,0.0,3.13,6.9
2011-09-07,24.5,27.5,21.3,26.1,29.5,66,0.0,0.0,0.0,0.0,4.33,7.7
2011-09-08,26.8,30.2,24.0,30.5,36.5,78,0.4,0.4,0.0,2.0,4.2,7.9
2011-09-09,24.3,25.7,23.2,28.0,30.8,90,10.6,10.6,0.0,11.0,5.02,9.1
2011-09-10,23.6,24.5,23.0,26.8,27.6,90,1.8,1.8,0.0,8.0,5.02,8.7
2011-09-11,24.7,27.2,22.7,27.9,30.1,83,0.0,0.0,0.0,0.0,3.58,8.1
2011-09-12,25.8,28.8,24.0,29.4,31.9,81,0.0,0.0,0.0,0.0,3.82,7.4
2011-09-13,27.0,30.6,24.6,31.3,35.2,83,0.0,0.0,0.0,0.0,4.14,8.5
2011-09-14,28.0,31.8,25.6,32.0,35.9,81,0.0,0.0,0.0,0.0,5.33,10.1
2011-09-15,28.4,32.4,25.8,32.8,37.3,80,0.0,0.0,0.0,0.0,4.83,9.0
2011-09-16,27.6,31.5,25.1,32.6,36.8,80,0.0,0.0,0.0,0.0,3.95,7.8
2011-09-17,26.9,30.1,24.7,30.7,33.7,78,0.1,0.1,0.0,1.0,6.31,10.5
2011-09-18,22.9,24.9,20.2,21.5,26.8,68,0.0,0.0,0.0,0.0,8.75,16.2
2011-09-19,20.6,23.6,18.0,18.2,21.1,65,0.0,0.0,0.0,0.0,7.94,15.1
2011-09-20,18.9,20.6,17.2,17.4,20.0,72,0.2,0.2,0.0,2.0,6.03,11.0
2011-09-21,20.3,23.6,18.0,18.6,21.1,60,0.0,0.0,0.0,0.0,6.12,12.4
2011-09-22,20.3,24.4,17.2,19.4,22.4,60,0.0,0.0,0.0,0.0,3.8,8.1
2011-09-23,20.3,24.8,15.9,20.3,24.5,64,0.0,0.0,0.0,0.0,2.82,7.2
2011-09-24,21.5,25.0,17.2,21.6,25.6,62,0.0,0.0,0.0,0.0,4.05,8.3
2011-09-25,22.7,25.2,20.9,23.8,25.1,74,0.0,0.0,0.0,0.0,4.44,9.4
2011-09-26,23.1,25.7,20.7,25.2,27.5,86,1.4,1.4,0.0,8.0,5.92,10.8
2011-09-27,24.1,26.3,22.4,25.8,27.4,81,0.6,0.6,0.0,3.0,5.9,12.1
2011-09-28,25.4,28.1,23.4,28.1,30.5,83,0.8,0.8,0.0,4.0,6.04,10.2
2011-09-29,24.2,27.8,20.7,27.0,31.8,88,9.9,9.9,0.0,12.0,5.79,9.5
2011-09-30,20.4,21.0,19.5,20.2,22.1,80,14.8,14.8,0.0,15.0,5.62,11.0
2011-10-01,20.0,21.4,19.1,19.1,19.9,71,0.0,0.0,0.0,0.0,6.26,12.1
2011-10-02,19.0,20.0,17.5,17.3,18.7,71,1.3,1.3,0.0,5.0,6.77,12.3
2011-10-03,18.6,20.1,17.6,16.3,17.1,61,0.0,0.0,0.0,0.0,6.16,12.4
2011-10-04,18.8,21.1,16.9,17.2,19.0,62,0.0,0.0,0.0,0.0,5.28,10.6
2011-10-05,19.1,22.0,16.8,18.6,21.2,67,0.0,0.0,0.0,0.0,3.31,7.2
2011-10-06,19.3,24.0,15.0,19.7,24.0,73,0.0,0.0,0.0,0.0,2.47,5.6
2011-10-07,20.3,24.8,16.3,21.1,24.8,75,0.0,0.0,0.0,0.0,3.63,7.7
2011-10-08,20.5,24.8,17.8,20.7,24.6,71,0.0,0.0,0.0,0.0,4.44,9.6
2011-10-09,21.4,25.4,17.3,21.9,25.5,73,0.0,0.0,0.0,0.0,4.95,10.3
2011-10-10,22.9,25.2,21.6,25.1,27.4,87,0.3,0.3,0.0,3.0,4.61,8.2
2011-10-11,21.9,24.4,19.5,22.5,24.5,76,0.0,0.0,0.0,0.0,5.38,10.7
2011-10-12,21.1,23.8,18.7,21.7,24.0,75,1.6,1.6,0.0,3.0,4.3,8.8
2011-10-13,20.7,21.3,20.0,22.6,24.3,92,28.2,28.2,0.0,24.0,4.73,8.5
2011-10-14,18.7,21.4,16.1,19.0,22.8,84,21.3,21.3,0.0,8.0,4.83,9.1
2011-10-15,18.5,22.8,15.4,17.4,19.9,68,0.0,0.0,0.0,0.0,5.94,11.8
2011-10-16,18.3,23.8,14.0,17.5,22.4,65,0.0,0.0,0.0,0.0,3.42,8.1
2011-10-17,19.6,24.2,15.8,19.4,23.7,66,0.0,0.0,0.0,0.0,2.92,7.9
2011-10-18,18.1,21.0,15.5,16.9,19.6,66,0.0,0.0,0.0,0.0,5.14,10.1
2011-10-19,18.0,21.2,15.0,17.1,19.7,67,0.0,0.0,0.0,0.0,3.64,8.4
2011-10-20,20.3,22.0,18.4,20.9,22.9,80,0.7,0.7,0.0,3.0,4.84,8.0
2011-10-21,19.7,21.5,17.9,20.6,21.8,83,3.5,3.5,0.0,10.0,3.8,7.4
2011-10-22,18.7,22.1,16.1,18.8,21.9,76,0.0,0.0,0.0,0.0,3.44,8.1
2011-10-23,19.9,22.9,17.3,19.8,21.9,75,0.1,0.1,0.0,1.0,5.28,10.1
2011-10-24,17.9,20.2,15.5,17.4,21.7,88,11.7,11.7,0.0,16.0,7.03,12.6
2011-10-25,15.6,16.6,14.8,12.0,13.0,60,0.0,0.0,0.0,0.0,7.54,13.6
2011-10-26,15.9,17.5,14.5,13.9,15.7,63,0.0,0.0,0.0,0.0,4.46,8.6
2011-10-27,17.5,20.1,15.3,16.7,18.6,68,0.0,0.0,0.0,0.0,3.38,7.0
2011-10-28,17.7,19.8,16.6,17.1,18.6,73,0.2,0.2,0.0,1.0,3.96,7.7
2011-10-29,17.3,18.4,16.6,17.1,18.0,81,0.7,0.7,0.0,3.0,3.35,7.2
2011-10-30,17.7,20.3,15.4,16.7,18.5,72,0.0,0.0,0.0,0.0,5.41,10.5
2011-10-31,17.4,20.1,14.5,16.6,19.0,73,0.0,0.0,0.0,0.0,4.44,9.4
2011-11-01,19.1,22.8,15.9,19.3,22.7,80,0.0,0.0,0.0,0.0,3.98,8.1
2011-11-02,19.2,20.5,18.7,19.8,21.0,89,7.5,7.5,0.0,13.0,5.75,12.5
2011-11-03,20.5,23.2,18.7,21.9,24.2,90,2.9,2.9,0.0,9.0,4.73,8.3
2011-11-04,21.9,23.8,21.0,24.3,26.2,93,7.4,7.4,0.0,16.0,4.81,8.6
2011-11-05,21.5,22.9,20.6,24.5,25.7,93,4.1,4.1,0.0,9.0,2.91,6.6
2011-11-06,19.6,20.7,18.0,20.5,24.4,89,0.0,0.0,0.0,0.0,5.52,9.9
2011-11-07,18.2,19.5,16.9,17.7,18.7,80,0.1,0.1,0.0,1.0,5.02,9.1
2011-11-08,17.1,18.7,16.1,15.8,17.1,76,0.0,0.0,0.0,0.0,4.55,8.3
2011-11-09,15.5,17.1,14.2,13.3,14.7,74,1.0,1.0,0.0,5.0,6.02,12.0
2011-11-10,14.5,16.2,13.4,12.6,14.1,79,3.4,3.4,0.0,9.0,4.63,9.8
2011-11-11,13.1,16.9,10.2,10.3,13.1,62,0.0,0.0,0.0,0.0,5.23,10.9
2011-11-12,13.8,19.4,9.0,12.4,17.9,66,0.0,0.0,0.0,0.0,2.42,4.1
2011-11-13,15.3,20.3,10.9,14.4,18.9,72,0.0,0.0,0.0,0.0,2.4,4.9
2011-11-14,15.6,18.2,13.9,14.1,15.8,74,0.0,0.0,0.0,0.0,4.96,9.5
2011-11-15,16.8,19.1,14.5,14.9,16.4,67,0.0,0.0,0.0,0.0,5.73,10.9
2011-11-16,18.4,20.4,16.6,17.3,18.2,78,3.0,3.0,0.0,3.0,6.89,12.6
2011-11-17,20.1,22.0,18.6,21.5,24.0,92,25.3,25.3,0.0,15.0,4.79,10.7
2011-11-18,20.7,22.4,19.5,22.9,25.0,94,6.7,6.7,0.0,12.0,4.5,8.1
2011-11-19,15.6,19.6,12.1,13.7,20.7,83,2.3,2.3,0.0,6.0,7.3,13.3
2011-11-20,12.1,14.6,9.6,9.0,10.9,64,0.0,0.0,0.0,0.0,4.67,9.6
2011-11-21,11.7,15.3,7.5,9.3,12.4,67,0.0,0.0,0.0,0.0,3.51,7.3
2011-11-22,14.4,18.4,11.7,12.2,16.2,68,0.0,0.0,0.0,0.0,5.23,11.0
2011-11-23,11.8,15.4,8.3,8.9,11.7,72,0.1,0.1,0.0,1.0,6.65,12.4
2011-11-24,9.7,13.6,6.1,7.1,11.0,68,0.0,0.0,0.0,0.0,3.09,6.2
2011-11-25,14.5,18.6,10.8,12.1,15.5,69,0.0,0.0,0.0,0.0,5.75,10.9
2011-11-26,17.0,21.0,13.7,14.8,17.8,71,0.0,0.0,0.0,0.0,6.55,12.9
2011-11-27,18.1,23.1,14.6,17.8,22.5,80,0.0,0.0,0.0,0.0,4.43,7.7
2011-11-28,18.3,21.8,15.5,19.0,22.7,89,0.0,0.0,0.0,0.0,4.08,7.2
2011-11-29,18.6,20.5,17.1,19.3,20.6,91,0.2,0.2,0.0,1.0,4.97,8.7
2011-11-30,14.8,18.3,10.4,13.0,19.4,87,1.0,1.0,0.0,2.0,8.35,15.4
2011-12-01,8.6,10.3,6.1,3.7,5.9,73,1.6,1.6,0.0,7.0,7.49,13.8
2011-12-02,5.7,8.6,4.2,1.0,4.0,65,0.0,0.0,0.0,0.0,6.52,11.9
2011-12-03,6.4,9.8,3.5,2.1,4.8,64,0.0,0.0,0.0,0.0,5.76,11.6
2011-12-04,9.2,13.2,5.0,6.2,9.9,70,0.0,0.0,0.0,0.0,3.74,7.9
2011-12-05,12.3,14.7,9.9,9.1,11.0,70,0.2,0.2,0.0,1.0,6.0,11.7
2011-12-06,13.9,15.2,12.6,12.2,13.5,80,1.0,1.0,0.0,5.0,4.56,8.2
2011-12-07,13.2,14.1,11.9,11.8,12.9,91,16.0,16.0,0.0,24.0,4.7,7.7
2011-12-08,8.6,11.9,4.1,4.1,9.3,77,3.1,3.1,0.0,8.0,8.17,14.7
2011-12-09,3.9,5.6,2.5,-1.6,0.3,64,0.0,0.0,0.0,0.0,6.5,12.3
2011-12-10,2.3,4.9,0.3,-2.8,-0.7,56,0.0,0.0,0.0,0.0,6.08,11.4
2011-12-11,2.9,7.2,-0.7,-0.8,3.0,64,0.0,0.0,0.0,0.0,2.36,6.0
2011-12-12,4.6,9.3,0.7,1.1,5.5,66,0.0,0.0,0.0,0.0,2.38,5.5
2011-12-13,6.6,13.0,2.8,4.0,11.3,78,0.0,0.0,0.0,0.0,2.83,4.6
2011-12-14,7.6,12.3,3.9,4.6,8.5,74,0.0,0.0,0.0,0.0,4.05,8.1
2011-12-15,7.2,8.6,4.3,2.6,4.4,64,0.0,0.0,0.0,0.0,6.31,11.8
2011-12-16,3.4,5.8,1.4,-2.1,-0.5,55,0.0,0.0,0.0,0.0,6.51,12.2
2011-12-17,2.5,6.7,-1.1,-1.9,2.2,59,0.0,0.0,0.0,0.0,4.08,8.0
2011-12-18,4.6,7.3,1.9,0.9,3.4,71,0.0,0.0,0.0,0.0,3.94,7.9
2011-12-19,6.4,10.5,2.9,3.0,6.7,71,0.0,0.0,0.0,0.0,3.44,7.1
2011-12-20,8.6,11.2,5.8,5.7,7.3,76,3.9,3.9,0.0,10.0,4.78,9.2
2011-12-21,9.0,10.2,7.4,6.1,7.5,79,0.0,0.0,0.0,0.0,4.44,8.7
2011-12-22,5.7,7.4,3.8,0.7,3.8,61,0.0,0.0,0.0,0.0,6.8,12.7
2011-12-23,4.2,7.3,1.8,-0.2,2.7,61,0.0,0.0,0.0,0.0,4.8,8.2
2011-12-24,3.2,7.6,0.6,-1.5,1.5,56,0.0,0.0,0.0,0.0,5.64,10.5
2011-12-25,3.5,9.3,-1.1,-0.3,5.2,60,0.0,0.0,0.0,0.0,2.73,5.4
2011-12-26,5.5,9.5,1.0,1.4,5.1,63,0.0,0.0,0.0,0.0,4.39,8.3
2011-12-27,8.4,10.0,6.9,4.4,6.3,63,0.0,0.0,0.0,0.0,5.9,11.4
2011-12-28,10.1,12.1,8.8,7.5,9.7,72,0.0,0.0,0.0,0.0,3.47,6.6
2011-12-29,8.8,10.8,5.8,5.1,6.7,74,0.0,0.0,0.0,0.0,5.13,10.1
2011-12-30,5.7,7.9,3.6,1.5,3.3,67,0.0,0.0,0.0,0.0,5.05,9.7
2011-12-31,5.3,8.8,2.4,2.5,6.1,71,0.0,0.0,0.0,0.0,2.14,4.2
2012-01-01,5.1,8.1,2.8,1.4,3.0,71,0.0,0.0,0.0,0.0,5.45,10.3
2012-01-02,5.0,8.3,2.1,1.5,5.5,64,0.0,0.0,0.0,0.0,3.4,6.3
2012-01-03,3.8,5.9,1.6,-0.8,1.0,61,0.0,0.0,0.0,0.0,5.86,11.0
2012-01-04,0.8,3.8,-1.6,-4.8,-2.7,43,0.0,0.0,0.0,0.0,6.14,11.8
2012-01-05,2.1,5.6,-0.6,-1.9,2.3,59,0.0,0.0,0.0,0.0,3.01,6.3
2012-01-06,4.0,6.8,1.7,-0.1,2.1,66,0.0,0.0,0.0,0.0,4.12,8.3
2012-01-07,4.7,7.7,1.6,0.7,3.3,69,0.0,0.0,0.0,0.0,4.64,8.9
2012-01-08,5.8,6.4,5.0,2.6,3.3,77,1.5,1.5,0.0,10.0,3.61,6.1
2012-01-09,6.4,9.0,4.8,3.1,5.4,74,0.0,0.0,0.0,0.0,3.68,6.8
2012-01-10,6.6,9.4,5.1,3.2,5.6,69,0.0,0.0,0.0,0.0,3.45,7.7
2012-01-11,4.8,7.6,2.2,0.3,2.1,68,0.0,0.0,0.0,0.0,6.97,11.9
2012-01-12,4.5,7.7,0.3,1.0,4.2,63,0.0,0.0,0.0,0.0,2.9,6.2
2012-01-13,6.7,7.9,5.9,3.7,4.6,73,0.0,0.0,0.0,0.0,3.22,6.4
2012-01-14,5.8,7.0,4.7,2.5,3.5,87,14.7,14.7,0.0,23.0,5.1,8.7
2012-01-15,6.4,7.1,5.8,2.7,3.5,84,10.6,10.6,0.0,24.0,5.24,9.1
2012-01-16,6.1,8.0,3.8,2.5,3.9,77,4.6,4.6,0.0,12.0,4.94,9.3
2012-01-17,6.0,9.4,3.0,2.8,5.8,74,0.0,0.0,0.0,0.0,3.57,7.6
2012-01-18,7.3,8.2,6.8,3.9,4.9,85,6.1,6.1,0.0,18.0,4.86,8.3
2012-01-19,7.1,8.8,4.9,3.1,4.3,77,0.4,0.4,0.0,2.0,6.11,11.1
2012-01-20,6.3,8.2,5.1,2.1,3.8,70,0.0,0.0,0.0,0.0,5.21,9.8
2012-01-21,5.3,6.6,2.8,0.3,2.0,82,1.5,1.5,0.0,8.0,7.77,13.9
2012-01-22,1.6,2.7,0.1,-4.0,-2.6,75,0.0,0.0,0.0,0.0,7.06,12.7
2012-01-23,0.4,3.3,-2.5,-4.5,-1.5,62,0.0,0.0,0.0,0.0,5.2,9.8
2012-01-24,0.9,3.7,-1.4,-3.5,-1.0,62,0.0,0.0,0.0,0.0,3.89,7.0
2012-01-25,0.4,4.1,-2.7,-4.2,-0.8,57,0.0,0.0,0.0,0.0,4.94,9.9
2012-01-26,2.3,6.8,-2.6,-1.9,2.7,64,0.0,0.0,0.0,0.0,4.5,8.8
2012-01-27,6.6,9.0,4.1,3.8,7.3,83,4.5,4.5,0.0,9.0,4.83,8.3
2012-01-28,6.7,7.3,6.2,3.0,4.0,86,8.0,8.0,0.0,23.0,5.3,9.3
2012-01-29,7.2,9.6,5.7,3.0,4.9,74,0.1,0.1,0.0,1.0,6.44,12.0
2012-01-30,5.9,7.6,3.8,1.8,2.7,72,0.5,0.5,0.0,5.0,5.38,11.0
2012-01-31,6.0,10.2,3.0,2.8,6.6,71,0.0,0.0,0.0,0.0,4.07,8.4
2012-02-01,3.9,8.2,1.2,-0.6,3.8,78,0.0,0.0,0.0,0.0,7.52,13.7
2012-02-02,0.7,2.5,-0.7,-5.0,-3.9,58,0.0,0.0,0.0,0.0,6.51,12.2
2012-02-03,0.8,5.0,-2.3,-3.1,1.9,63,0.0,0.0,0.0,0.0,3.49,6.4
2012-02-04,4.2,8.8,-0.6,0.1,4.6,72,2.1,2.1,0.0,5.0,5.17,10.0
2012-02-05,7.7,9.7,6.0,5.5,7.3,85,0.0,0.0,0.0,0.0,4.12,7.1
2012-02-06,7.3,8.3,5.7,3.9,6.5,93,20.0,20.0,0.0,20.0,7.32,12.8
2012-02-07,1.7,5.5,-1.8,-4.6,-0.3,59,0.0,0.0,0.0,0.0,8.22,14.8
2012-02-08,-0.5,2.7,-3.0,-5.5,-2.5,45,0.0,0.0,0.0,0.0,5.13,9.8
2012-02-09,1.2,4.5,-3.3,-2.6,0.8,56,0.0,0.0,0.0,0.0,3.09,7.0
2012-02-10,2.1,2.9,0.6,-1.8,-0.4,84,2.2,1.9,0.21,11.0,5.09,8.2
2012-02-11,3.5,6.0,0.2,-0.2,2.4,75,0.0,0.0,0.0,0.0,3.81,6.5
2012-02-12,6.3,7.8,5.2,2.4,6.0,80,1.6,1.6,0.0,5.0,6.49,10.2
2012-02-13,6.9,7.9,6.2,4.3,6.4,87,0.1,0.1,0.0,1.0,3.7,7.3
2012-02-14,6.3,7.1,5.6,3.5,4.9,91,1.9,1.9,0.0,7.0,5.35,8.6
2012-02-15,5.6,6.7,4.4,1.0,1.6,80,7.2,7.2,0.0,11.0,6.68,12.1
2012-02-16,4.8,6.8,3.5,0.5,1.8,71,1.6,1.6,0.0,5.0,5.44,10.5
2012-02-17,3.9,6.5,1.6,-0.3,1.7,63,0.0,0.0,0.0,0.0,4.84,10.1
2012-02-18,1.9,4.5,-0.1,-2.8,-0.5,58,0.0,0.0,0.0,0.0,5.53,10.4
2012-02-19,2.4,6.7,-1.7,-1.2,4.2,54,0.0,0.0,0.0,0.0,3.28,5.5
2012-02-20,5.6,9.1,0.6,1.1,3.7,69,3.0,3.0,0.0,7.0,6.78,12.4
2012-02-21,8.7,10.6,7.6,6.7,9.3,91,7.2,7.2,0.0,11.0,4.38,7.7
2012-02-22,10.0,11.9,7.9,8.4,11.0,95,18.7,18.7,0.0,21.0,4.62,9.0
2012-02-23,7.6,10.1,4.9,3.6,7.8,87,1.5,1.5,0.0,5.0,7.67,13.7
2012-02-24,6.0,7.4,4.5,2.4,4.1,80,2.4,2.4,0.0,6.0,5.08,8.6
2012-02-25,4.3,4.9,3.3,-0.8,0.6,73,1.3,1.3,0.0,5.0,7.24,13.2
2012-02-26,3.5,5.4,2.4,-1.5,0.1,66,0.2,0.0,0.21,2.0,5.94,10.8
2012-02-27,4.4,6.0,2.7,0.1,1.4,64,0.0,0.0,0.0,0.0,5.24,10.3
2012-02-28,4.7,5.8,4.2,0.9,1.5,76,2.1,2.1,0.0,8.0,4.61,8.5
2012-02-29,7.5,9.9,5.0,4.5,6.4,83,5.0,5.0,0.0,8.0,5.06,9.2
2012-03-01,8.6,10.1,7.7,6.9,8.4,90,2.2,2.2,0.0,7.0,3.71,6.5
2012-03-02,6.9,8.1,4.9,3.5,6.3,86,4.1,4.1,0.0,6.0,5.41,9.8
2012-03-03,6.4,7.6,4.7,3.5,5.1,86,6.9,6.9,0.0,8.0,4.04,6.7
2012-03-04,7.1,8.1,6.4,5.1,6.0,93,24.3,24.3,0.0,23.0,3.2,7.7
2012-03-05,6.1,6.8,4.7,3.6,4.9,92,20.1,20.1,0.0,19.0,3.71,6.7
2012-03-06,7.0,11.0,4.1,3.6,8.5,76,0.0,0.0,0.0,0.0,4.33,8.3
2012-03-07,6.3,6.8,5.8,3.0,4.0,84,8.9,8.9,0.0,17.0,4.74,9.0
2012-03-08,6.9,8.8,5.5,2.4,3.6,73,3.2,3.2,0.0,9.0,6.59,11.7
2012-03-09,6.1,8.1,3.7,1.1,3.3,61,0.0,0.0,0.0,0.0,6.92,12.5
2012-03-10,5.6,9.1,2.6,2.1,6.2,65,0.0,0.0,0.0,0.0,4.12,7.8
2012-03-11,4.5,8.5,1.7,-0.0,3.4,69,0.0,0.0,0.0,0.0,7.25,13.7
2012-03-12,4.1,7.7,0.4,0.3,5.0,60,0.0,0.0,0.0,0.0,3.72,7.6
2012-03-13,7.2,11.9,3.3,3.8,9.0,62,0.0,0.0,0.0,0.0,4.07,8.9
2012-03-14,10.0,15.5,5.8,6.9,13.1,69,0.0,0.0,0.0,0.0,5.11,10.3
2012-03-15,10.6,11.7,9.3,6.8,7.7,84,8.4,8.4,0.0,11.0,8.96,14.7
2012-03-16,13.9,18.1,11.5,12.0,16.2,83,4.6,4.6,0.0,10.0,7.92,16.4
2012-03-17,11.7,13.5,10.2,10.3,12.6,86,2.6,2.6,0.0,5.0,3.54,10.7
2012-03-18,10.4,12.8,7.7,7.5,9.6,82,6.7,6.7,0.0,7.0,6.6,12.5
2012-03-19,7.1,8.6,6.6,3.2,4.6,77,3.6,3.6,0.0,6.0,5.52,10.7
2012-03-20,6.9,9.5,5.6,3.1,5.7,73,4.5,4.5,0.0,7.0,5.0,9.5
2012-03-21,8.7,12.6,5.1,5.1,9.8,69,0.0,0.0,0.0,0.0,6.8,11.6
2012-03-22,13.1,19.1,9.6,11.1,19.5,81,12.2,12.2,0.0,9.0,6.74,12.0
2012-03-23,8.5,11.0,6.3,4.0,6.7,80,23.3,23.3,0.0,14.0,7.83,15.0
2012-03-24,11.5,16.1,8.0,7.4,13.1,42,0.0,0.0,0.0,0.0,6.71,11.7
2012-03-25,11.5,18.2,6.0,9.5,18.1,64,0.0,0.0,0.0,0.0,3.76,6.6
2012-03-26,11.9,16.4,9.4,9.3,15.3,72,0.0,0.0,0.0,0.0,5.61,9.9
2012-03-27,16.3,23.9,10.8,14.1,22.9,60,0.0,0.0,0.0,0.0,6.0,10.3
2012-03-28,15.9,22.7,11.3,14.6,23.3,64,0.0,0.0,0.0,0.0,4.12,8.8
2012-03-29,17.0,20.5,12.7,14.8,18.5,72,0.0,0.0,0.0,0.0,7.21,13.9
2012-03-30,14.7,17.3,10.4,13.3,16.7,85,19.5,19.5,0.0,15.0,6.0,10.8
2012-03-31,13.0,18.9,8.1,10.0,15.2,55,0.0,0.0,0.0,0.0,6.04,11.6
2012-04-01,14.6,20.0,10.0,11.2,17.4,58,0.0,0.0,0.0,0.0,8.61,14.4
2012-04-02,18.7,24.6,13.7,16.6,24.7,66,0.1,0.1,0.0,1.0,8.26,14.1
2012-04-03,12.8,17.5,8.9,8.6,13.8,57,5.1,5.1,0.0,3.0,9.9,19.9
2012-04-04,13.7,18.2,8.2,10.9,15.2,61,0.0,0.0,0.0,0.0,5.6,12.1
2012-04-05,15.7,22.6,11.1,13.5,21.3,62,0.0,0.0,0.0,0.0,5.22,9.7
2012-04-06,15.1,20.4,10.5,11.7,17.3,42,0.0,0.0,0.0,0.0,5.3,10.0
2012-04-07,15.6,19.8,12.2,12.8,18.2,58,0.0,0.0,0.0,0.0,5.97,11.9
2012-04-08,17.4,21.0,14.3,15.2,19.2,68,0.0,0.0,0.0,0.0,6.0,11.9
2012-04-09,16.4,18.1,14.9,14.8,16.5,79,3.5,3.5,0.0,8.0,6.71,12.2
2012-04-10,19.9,24.7,15.8,20.6,26.2,85,14.0,14.0,0.0,12.0,6.89,12.2
2012-04-11,17.2,20.4,12.5,16.4,21.8,81,9.9,9.9,0.0,5.0,7.0,13.4
2012-04-12,13.7,15.9,10.9,11.8,13.7,80,7.3,7.3,0.0,8.0,5.52,10.5
2012-04-13,13.5,14.5,12.6,12.4,14.0,87,10.5,10.5,0.0,8.0,5.1,9.4
2012-04-14,14.6,18.9,11.1,13.9,19.5,80,0.0,0.0,0.0,0.0,4.18,7.9
2012-04-15,15.6,19.1,13.2,14.9,19.8,77,0.2,0.2,0.0,1.0,3.68,6.9
2012-04-16,16.2,22.0,11.4,15.9,22.0,76,0.0,0.0,0.0,0.0,3.83,8.3
2012-04-17,15.0,19.2,12.5,13.6,19.0,73,0.0,0.0,0.0,0.0,4.73,9.4
2012-04-18,16.1,18.9,13.5,14.1,17.0,77,4.6,4.6,0.0,13.0,6.41,12.0
2012-04-19,18.3,22.8,15.8,18.9,24.6,80,0.0,0.0,0.0,0.0,4.19,9.0
2012-04-20,16.8,19.8,15.2,17.1,20.7,87,4.0,4.0,0.0,7.0,3.14,11.0
2012-04-21,16.1,17.9,14.9,14.7,16.2,83,8.1,8.1,0.0,9.0,7.67,14.5
2012-04-22,19.4,25.5,14.1,18.9,26.6,72,0.0,0.0,0.0,0.0,5.69,9.7
2012-04-23,21.0,25.6,16.8,20.2,26.2,74,0.0,0.0,0.0,0.0,7.85,13.5
2012-04-24,21.4,23.1,20.5,21.3,22.8,88,14.1,14.1,0.0,12.0,8.15,16.4
2012-04-25,19.0,21.3,16.9,18.4,21.9,83,14.8,14.8,0.0,6.0,8.73,15.6
2012-04-26,18.7,23.3,14.8,18.0,24.1,59,0.0,0.0,0.0,0.0,5.47,7.9
2012-04-27,19.4,24.6,15.1,17.0,24.0,58,0.0,0.0,0.0,0.0,6.74,12.8
2012-04-28,21.2,25.7,16.9,21.0,27.0,75,0.0,0.0,0.0,0.0,7.34,12.7
2012-04-29,21.2,23.0,19.8,23.4,27.1,92,19.1,19.1,0.0,17.0,6.84,11.8
2012-04-30,18.5,19.9,16.8,19.0,21.5,89,0.0,0.0,0.0,0.0,4.94,8.7
2012-05-01,18.1,20.4,16.9,18.4,21.6,88,16.0,16.0,0.0,12.0,5.06,9.0
2012-05-02,19.2,22.5,16.7,19.0,23.0,79,0.0,0.0,0.0,0.0,5.39,9.7
2012-05-03,21.3,27.4,16.1,22.9,29.1,77,0.0,0.0,0.0,0.0,2.97,6.4
2012-05-04,21.6,26.7,17.5,22.7,28.1,67,0.0,0.0,0.0,0.0,2.57,5.9
2012-05-05,22.1,29.0,15.7,22.9,31.9,64,0.0,0.0,0.0,0.0,3.01,5.6
2012-05-06,24.6,30.7,18.9,25.7,32.8,60,0.0,0.0,0.0,0.0,3.5,7.0
2012-05-07,24.7,30.7,19.5,25.2,32.7,59,0.0,0.0,0.0,0.0,5.15,9.8
2012-05-08,20.2,22.3,18.4,20.9,24.2,85,49.7,49.7,0.0,12.0,5.1,10.5
2012-05-09,18.9,21.1,17.3,19.2,21.9,82,0.0,0.0,0.0,0.0,5.07,9.7
2012-05-10,19.6,23.9,17.2,20.5,26.5,79,0.0,0.0,0.0,0.0,3.77,7.5
2012-05-11,19.4,23.5,17.1,19.2,24.9,80,0.0,0.0,0.0,0.0,5.94,10.2
2012-05-12,21.2,24.1,18.6,20.6,23.5,80,0.2,0.2,0.0,1.0,7.58,13.7
2012-05-13,20.1,21.4,18.8,20.2,21.8,84,3.8,3.8,0.0,8.0,6.22,13.7
2012-05-14,20.3,22.7,17.8,20.9,23.8,84,4.7,4.7,0.0,5.0,5.05,9.9
2012-05-15,21.2,25.9,17.3,22.6,29.8,72,2.4,2.4,0.0,3.0,3.2,5.9
2012-05-16,23.1,28.2,18.9,24.1,29.4,69,0.0,0.0,0.0,0.0,4.3,8.5
2012-05-17,23.8,29.0,20.4,24.2,28.8,57,0.0,0.0,0.0,0.0,3.84,7.2
2012-05-18,23.0,28.4,18.8,22.8,28.9,60,0.0,0.0,0.0,0.0,5.87,10.0
2012-05-19,18.3,21.5,14.9,17.1,21.1,81,9.8,9.8,0.0,17.0,7.54,13.5
2012-05-20,18.2,19.8,16.7,17.3,18.9,82,1.2,1.2,0.0,4.0,6.17,11.7
2012-05-21,20.0,23.4,17.1,20.2,24.1,73,0.0,0.0,0.0,0.0,4.75,10.0
2012-05-22,20.3,23.3,17.5,20.9,23.9,78,0.3,0.3,0.0,3.0,4.22,9.5
2012-05-23,20.7,22.5,19.5,22.1,23.9,85,3.0,3.0,0.0,10.0,3.7,7.3
2012-05-24,19.8,20.5,19.1,21.8,22.5,92,7.2,7.2,0.0,9.0,2.77,5.2
2012-05-25,20.0,22.4,18.6,20.5,22.5,82,0.3,0.3,0.0,2.0,5.74,10.1
2012-05-26,20.7,24.3,18.1,22.2,26.2,76,0.0,0.0,0.0,0.0,3.31,6.9
2012-05-27,21.4,26.5,16.6,22.1,27.9,68,0.0,0.0,0.0,0.0,3.53,7.7
2012-05-28,22.8,27.2,19.7,23.0,27.7,61,0.0,0.0,0.0,0.0,5.28,10.3
2012-05-29,23.1,26.7,19.2,23.7,27.8,73,0.6,0.6,0.0,2.0,7.07,14.0
2012-05-30,20.4,22.1,19.6,20.1,23.4,83,43.0,43.0,0.0,18.0,7.4,15.2
2012-05-31,21.3,23.6,19.8,21.8,23.5,77,0.0,0.0,0.0,0.0,6.62,11.5
2012-06-01,21.4,23.2,20.0,22.3,24.0,80,0.6,0.6,0.0,2.0,5.5,10.4
2012-06-02,21.7,24.2,19.7,22.9,25.4,79,3.2,3.2,0.0,6.0,4.57,11.3
2012-06-03,21.7,24.4,19.5,22.9,26.1,77,0.0,0.0,0.0,0.0,4.78,10.3
2012-06-04,22.7,24.6,20.7,24.7,27.0,83,1.3,1.3,0.0,5.0,4.2,8.1
2012-06-05,23.2,25.5,21.7,25.6,28.7,82,0.1,0.1,0.0,1.0,4.7,9.6
2012-06-06,22.8,25.4,21.4,24.1,27.1,81,0.7,0.7,0.0,3.0,6.27,12.1
2012-06-07,25.0,28.2,22.2,28.3,32.7,82,2.3,2.3,0.0,7.0,5.59,9.9
2012-06-08,27.1,30.9,24.4,31.4,34.6,78,1.1,1.1,0.0,7.0,3.26,7.7
2012-06-09,27.1,30.9,24.1,32.1,37.7,80,0.0,0.0,0.0,0.0,3.94,7.0
2012-06-10,26.1,29.7,23.9,30.6,35.7,84,0.2,0.2,0.0,1.0,4.12,8.4
2012-06-11,24.4,26.7,22.9,27.9,29.6,86,1.9,1.9,0.0,6.0,3.47,7.7
2012-06-12,24.4,27.9,22.3,27.6,33.0,80,1.0,1.0,0.0,5.0,3.98,7.9
2012-06-13,24.5,28.8,21.3,26.7,32.0,75,0.0,0.0,0.0,0.0,5.42,9.7
2012-06-14,25.2,28.0,22.6,26.6,29.5,78,0.5,0.5,0.0,3.0,7.64,14.2
2012-06-15,24.6,26.5,22.8,27.1,29.6,82,0.5,0.5,0.0,4.0,4.91,10.5
2012-06-16,24.1,26.3,22.2,26.2,29.0,76,0.0,0.0,0.0,0.0,3.55,8.8
2012-06-17,22.7,24.2,21.3,24.9,25.8,88,27.6,27.6,0.0,13.0,4.72,8.3
2012-06-18,22.7,23.6,22.1,26.3,27.8,94,77.3,77.3,0.0,16.0,4.61,10.7
2012-06-19,23.2,25.2,21.4,25.5,26.8,85,0.4,0.4,0.0,3.0,4.77,8.8
2012-06-20,23.5,25.5,22.0,25.8,28.1,82,0.0,0.0,0.0,0.0,4.65,9.4
2012-06-21,24.4,27.4,22.0,27.2,31.3,78,0.0,0.0,0.0,0.0,3.58,8.5
2012-06-22,23.8,25.9,22.5,25.8,27.3,86,1.7,1.7,0.0,8.0,6.73,11.4
2012-06-23,22.3,23.3,21.4,24.2,27.6,92,40.5,40.5,0.0,17.0,9.01,13.5
2012-06-24,24.3,27.0,21.8,27.6,30.6,84,4.9,4.9,0.0,6.0,3.11,6.8
2012-06-25,25.7,28.2,23.3,29.8,33.1,85,1.4,1.4,0.0,7.0,4.56,6.6
2012-06-26,23.8,25.0,23.3,27.1,28.3,95,44.0,44.0,0.0,22.0,5.25,8.6
2012-06-27,23.7,24.5,22.7,27.0,28.3,91,9.8,9.8,0.0,22.0,4.41,7.6
2012-06-28,25.1,26.7,23.5,29.0,31.4,92,12.1,12.1,0.0,16.0,5.19,10.0
2012-06-29,28.3,31.3,25.5,31.7,36.2,80,0.0,0.0,0.0,0.0,6.87,12.3
2012-06-30,29.5,34.0,26.8,35.0,41.1,79,0.7,0.7,0.0,2.0,6.59,11.7
2012-07-01,29.6,33.4,26.7,35.8,39.6,80,13.1,13.1,0.0,8.0,4.62,10.2
2012-07-02,30.9,35.1,27.1,36.5,39.5,71,0.0,0.0,0.0,0.0,4.44,11.5
2012-07-03,29.8,34.3,27.1,35.4,41.3,72,4.0,4.0,0.0,6.0,3.19,10.3
2012-07-04,29.9,33.1,26.8,35.5,40.4,77,0.4,0.4,0.0,3.0,5.97,10.0
2012-07-05,31.0,35.6,27.3,35.4,42.1,70,0.0,0.0,0.0,0.0,6.51,11.3
2012-07-06,31.1,35.0,27.9,36.3,40.7,72,3.8,3.8,0.0,5.0,5.13,11.9
2012-07-07,28.4,30.1,26.8,34.0,35.5,84,5.0,5.0,0.0,9.0,4.02,8.4
2012-07-08,27.9,29.9,26.6,33.2,35.7,86,11.5,11.5,0.0,9.0,3.74,7.6
2012-07-09,29.7,33.4,26.6,35.8,40.8,81,0.7,0.7,0.0,2.0,3.98,9.4
2012-07-10,32.1,35.3,29.1,37.3,40.0,67,0.1,0.1,0.0,1.0,5.02,9.9
2012-07-11,30.4,32.2,29.2,35.3,37.6,74,2.3,2.3,0.0,7.0,5.01,13.7
2012-07-12,30.1,32.7,28.5,35.8,38.9,77,9.1,9.1,0.0,9.0,3.41,8.7
2012-07-13,27.7,28.7,26.8,33.4,35.7,86,42.5,42.5,0.0,19.0,4.71,9.7
2012-07-14,27.6,31.7,25.4,33.1,38.2,88,14.3,14.3,0.0,16.0,3.91,11.4
2012-07-15,26.0,28.5,23.5,29.4,32.2,79,5.1,5.1,0.0,4.0,3.66,11.5
2012-07-16,26.4,28.3,25.0,30.6,32.9,84,13.1,13.1,0.0,17.0,5.0,9.6
2012-07-17,26.2,27.6,25.1,31.8,34.0,88,32.4,32.4,0.0,23.0,2.36,6.1
2012-07-18,27.3,30.1,25.3,32.4,34.9,82,1.8,1.8,0.0,6.0,3.42,6.7
2012-07-19,28.7,32.7,24.9,33.8,38.1,75,0.0,0.0,0.0,0.0,3.7,6.7
2012-07-20,29.3,31.8,27.2,34.9,39.1,82,7.5,7.5,0.0,7.0,5.09,9.0
2012-07-21,30.1,32.9,27.8,34.5,38.2,77,0.4,0.4,0.0,2.0,6.75,12.6
2012-07-22,30.4,33.1,28.2,34.2,37.5,75,0.0,0.0,0.0,0.0,7.58,14.1
2012-07-23,30.4,32.8,28.2,34.4,36.9,75,0.0,0.0,0.0,0.0,7.44,14.0
2012-07-24,30.1,32.6,28.2,34.0,36.6,75,0.0,0.0,0.0,0.0,7.27,13.4
2012-07-25,29.6,32.0,27.3,33.7,36.7,74,0.0,0.0,0.0,0.0,5.52,11.1
2012-07-26,29.6,32.5,27.2,34.4,37.7,76,0.0,0.0,0.0,0.0,4.75,9.2
2012-07-27,30.3,32.9,27.8,35.5,38.7,77,0.0,0.0,0.0,0.0,6.03,11.4
2012-07-28,30.5,33.0,28.4,34.9,37.8,76,0.0,0.0,0.0,0.0,6.77,12.6
2012-07-29,30.6,34.1,28.0,35.1,40.0,73,0.0,0.0,0.0,0.0,5.75,10.5
2012-07-30,30.3,32.9,27.8,35.0,38.0,75,0.0,0.0,0.0,0.0,5.83,11.6
2012-07-31,30.0,32.3,27.8,34.5,36.8,75,0.2,0.2,0.0,1.0,5.89,11.4
2012-08-01,29.8,32.4,28.0,33.3,35.6,71,0.4,0.4,0.0,3.0,7.06,13.3
2012-08-02,28.6,30.0,27.5,32.7,34.4,80,7.9,7.9,0.0,9.0,6.77,12.1
2012-08-03,29.1,30.9,27.8,31.8,33.3,83,2.5,2.5,0.0,12.0,10.87,19.6
2012-08-04,29.1,31.0,27.6,32.7,35.1,80,0.1,0.1,0.0,1.0,8.21,15.3
2012-08-05,29.1,31.9,26.8,33.4,36.9,78,0.6,0.6,0.0,4.0,6.02,12.2
2012-08-06,29.2,31.1,27.4,32.7,34.9,78,0.6,0.6,0.0,3.0,7.98,15.3
2012-08-07,28.6,29.7,27.8,30.9,32.0,80,4.3,4.3,0.0,11.0,10.21,18.1
2012-08-08,27.0,27.9,26.2,26.7,29.1,87,102.6,102.6,0.0,24.0,16.22,30.2
2012-08-09,28.7,30.3,27.1,31.5,33.5,84,10.9,10.9,0.0,11.0,10.18,21.1
2012-08-10,29.0,31.1,27.3,32.6,35.1,82,0.9,0.9,0.0,3.0,7.64,13.7
2012-08-11,29.3,31.9,27.2,33.7,36.5,81,0.5,0.5,0.0,2.0,6.47,13.2
2012-08-12,30.1,33.1,27.6,35.7,39.4,79,1.9,1.9,0.0,2.0,4.14,8.3
2012-08-13,30.3,34.0,28.0,37.7,42.9,81,4.7,4.7,0.0,6.0,2.84,5.2
2012-08-14,30.7,34.5,28.0,36.9,42.1,79,0.0,0.0,0.0,0.0,5.99,10.4
2012-08-15,30.2,33.8,28.3,35.1,40.7,75,0.1,0.1,0.0,1.0,6.0,11.3
2012-08-16,30.0,32.6,28.0,35.5,38.5,79,0.0,0.0,0.0,0.0,5.02,9.3
2012-08-17,30.1,32.7,28.1,35.4,38.5,79,0.0,0.0,0.0,0.0,6.05,12.4
2012-08-18,30.6,33.6,28.0,35.2,38.3,75,0.0,0.0,0.0,0.0,5.96,11.9
2012-08-19,30.6,33.3,27.9,35.7,40.8,74,1.9,1.9,0.0,4.0,5.25,9.4
2012-08-20,29.7,33.0,28.2,34.4,40.3,75,1.1,1.1,0.0,1.0,5.06,8.7
2012-08-21,29.6,32.6,27.2,34.0,36.9,76,0.0,0.0,0.0,0.0,6.26,11.6
2012-08-22,26.1,27.2,25.1,29.0,33.1,85,6.2,6.2,0.0,13.0,7.52,13.2
2012-08-23,25.4,26.7,24.5,27.4,28.0,82,2.2,2.2,0.0,10.0,7.34,11.9
2012-08-24,26.5,28.4,24.6,30.6,32.7,83,4.3,4.3,0.0,9.0,4.2,7.6
2012-08-25,27.7,30.3,26.3,32.5,34.5,83,0.5,0.5,0.0,3.0,4.33,8.5
2012-08-26,28.8,31.2,26.4,32.5,34.3,75,0.0,0.0,0.0,0.0,6.31,12.7
2012-08-27,28.7,30.7,27.6,30.6,33.0,74,2.2,2.2,0.0,6.0,9.79,19.4
2012-08-28,27.6,29.2,25.8,29.9,32.7,74,0.1,0.1,0.0,1.0,9.13,17.6
2012-08-29,27.5,30.2,25.0,32.2,35.5,81,1.1,1.1,0.0,5.0,4.74,9.2
2012-08-30,27.6,31.5,24.7,32.1,37.2,78,0.3,0.3,0.0,2.0,4.24,7.7
2012-08-31,27.1,29.2,25.4,29.8,32.0,75,0.5,0.5,0.0,4.0,6.39,12.1
2012-09-01,26.3,29.0,24.2,28.1,31.0,69,0.0,0.0,0.0,0.0,4.84,10.3
2012-09-02,26.5,30.0,23.5,28.7,32.6,72,0.0,0.0,0.0,0.0,5.95,11.3
2012-09-03,27.2,30.3,25.0,31.0,34.5,77,4.8,4.8,0.0,6.0,4.78,9.5
2012-09-04,23.1,24.6,22.0,26.2,28.6,89,13.5,13.5,0.0,22.0,3.94,7.0
2012-09-05,23.9,25.4,22.1,26.9,28.2,85,4.3,4.3,0.0,11.0,3.89,6.7
2012-09-06,25.5,28.0,23.9,28.5,30.3,81,0.1,0.1,0.0,1.0,5.6,10.6
2012-09-07,25.8,27.7,24.3,29.7,31.4,84,17.8,17.8,0.0,11.0,5.01,10.5
2012-09-08,25.6,27.8,23.4,29.7,31.8,87,1.4,1.4,0.0,4.0,4.2,7.9
2012-09-09,25.1,27.2,23.5,29.2,32.6,90,21.7,21.7,0.0,18.0,3.92,8.2
2012-09-10,24.3,26.1,22.8,26.1,27.4,78,2.2,2.2,0.0,3.0,5.08,10.1
2012-09-11,24.6,27.6,21.7,26.9,29.8,73,0.0,0.0,0.0,0.0,3.01,6.2
2012-09-12,26.3,29.5,23.6,30.5,35.6,82,4.0,4.0,0.0,5.0,3.75,9.1
2012-09-13,22.1,24.7,20.2,23.7,28.6,89,14.7,14.7,0.0,22.0,5.51,9.7
2012-09-14,21.4,23.0,19.9,21.8,22.9,77,1.1,1.1,0.0,5.0,5.16,9.6
2012-09-15,22.4,24.3,20.7,21.4,22.4,65,0.0,0.0,0.0,0.0,7.41,13.2
2012-09-16,23.0,25.5,21.0,21.4,23.8,65,0.0,0.0,0.0,0.0,9.01,17.0
2012-09-17,21.9,24.9,19.4,20.5,23.5,61,0.0,0.0,0.0,0.0,7.11,13.7
2012-09-18,21.9,26.1,18.6,21.4,26.1,60,0.0,0.0,0.0,0.0,4.56,8.8
2012-09-19,22.6,27.9,17.7,23.3,29.1,61,0.0,0.0,0.0,0.0,3.29,4.9
2012-09-20,23.6,27.6,19.5,25.0,29.5,72,0.0,0.0,0.0,0.0,4.6,8.8
2012-09-21,23.6,25.0,22.7,25.1,26.2,78,0.0,0.0,0.0,0.0,5.44,9.8
2012-09-22,20.7,22.6,19.5,21.8,23.3,82,8.1,8.1,0.0,13.0,4.38,7.0
2012-09-23,22.2,25.5,19.9,23.5,27.0,72,0.0,0.0,0.0,0.0,3.62,8.4
2012-09-24,23.1,26.5,20.8,24.4,27.3,70,0.0,0.0,0.0,0.0,4.34,8.6
2012-09-25,23.4,26.4,21.1,24.4,26.4,71,0.0,0.0,0.0,0.0,5.46,10.9
2012-09-26,24.2,26.6,22.4,26.0,27.4,77,0.3,0.3,0.0,2.0,5.1,9.9
2012-09-27,23.7,25.8,21.7,25.6,26.9,76,0.6,0.6,0.0,3.0,4.12,8.7
2012-09-28,22.5,26.4,19.4,22.7,26.9,69,0.0,0.0,0.0,0.0,6.61,11.9
2012-09-29,20.6,24.0,17.9,18.4,20.9,54,0.0,0.0,0.0,0.0,6.35,12.6
2012-09-30,19.5,23.9,15.7,17.6,21.5,55,0.0,0.0,0.0,0.0,5.92,11.6
2012-10-01,19.6,24.5,14.0,19.1,24.0,60,0.0,0.0,0.0,0.0,2.9,6.9
2012-10-02,19.8,24.4,15.6,19.8,23.9,67,0.0,0.0,0.0,0.0,3.69,7.3
2012-10-03,20.4,24.2,16.7,20.6,23.8,69,0.0,0.0,0.0,0.0,2.84,6.2
2012-10-04,20.4,24.8,16.2,20.9,25.2,70,0.0,0.0,0.0,0.0,2.94,6.7
2012-10-05,21.1,24.6,17.3,22.4,26.6,74,0.1,0.1,0.0,1.0,2.86,6.1
2012-10-06,21.9,24.1,20.4,22.9,24.8,75,0.2,0.2,0.0,1.0,4.81,9.0
2012-10-07,21.3,24.2,19.0,20.7,22.8,65,0.0,0.0,0.0,0.0,6.03,12.0
2012-10-08,21.2,24.0,18.8,21.4,24.0,67,0.0,0.0,0.0,0.0,3.81,7.9
2012-10-09,21.0,24.1,18.4,21.5,24.6,68,0.0,0.0,0.0,0.0,3.37,6.8
2012-10-10,20.6,24.9,17.5,20.5,23.8,69,0.0,0.0,0.0,0.0,5.75,11.0
2012-10-11,19.2,22.3,17.2,17.3,19.9,58,0.0,0.0,0.0,0.0,5.88,11.5
2012-10-12,19.4,22.7,16.7,18.6,21.6,64,0.0,0.0,0.0,0.0,5.06,10.1
2012-10-13,21.1,23.6,18.0,21.1,22.7,68,0.0,0.0,0.0,0.0,4.6,9.7
2012-10-14,22.0,24.5,20.3,22.0,23.6,69,0.0,0.0,0.0,0.0,5.8,11.0
2012-10-15,21.3,24.2,19.4,20.8,23.2,69,0.0,0.0,0.0,0.0,6.74,12.8
2012-10-16,21.6,25.3,18.5,22.9,26.3,76,0.0,0.0,0.0,0.0,4.22,9.4
2012-10-17,18.3,20.9,14.5,15.5,22.3,64,2.3,2.3,0.0,6.0,8.87,16.2
2012-10-18,16.3,20.2,13.0,14.4,18.5,60,0.0,0.0,0.0,0.0,4.0,8.7
2012-10-19,17.6,21.7,12.7,16.4,20.3,69,0.0,0.0,0.0,0.0,4.39,9.3
2012-10-20,21.0,24.5,18.8,20.5,23.8,69,0.0,0.0,0.0,0.0,5.67,11.5
2012-10-21,22.4,25.5,19.6,22.6,25.3,76,0.0,0.0,0.0,0.0,6.24,12.8
2012-10-22,19.5,22.5,15.8,19.5,22.9,83,4.1,4.1,0.0,8.0,5.89,11.5
2012-10-23,16.6,20.5,13.4,15.1,19.3,66,0.0,0.0,0.0,0.0,4.16,8.0
2012-10-24,18.3,21.6,14.7,17.1,19.8,67,0.0,0.0,0.0,0.0,4.88,9.4
2012-10-25,19.9,21.2,18.4,21.1,22.5,83,2.2,2.2,0.0,7.0,3.61,6.2
2012-10-26,22.3,25.7,20.4,22.9,25.8,77,0.0,0.0,0.0,0.0,6.05,11.5
2012-10-27,20.9,23.1,17.9,21.4,23.5,78,0.0,0.0,0.0,0.0,5.7,10.4
2012-10-28,18.4,22.1,15.6,18.2,20.9,75,0.0,0.0,0.0,0.0,4.39,9.1
2012-10-29,18.0,21.3,16.0,17.6,20.2,75,2.1,2.1,0.0,4.0,4.28,9.2
2012-10-30,15.6,16.8,13.9,13.9,16.1,77,2.1,2.1,0.0,6.0,5.92,11.1
2012-10-31,13.9,17.3,11.6,11.3,13.6,61,0.0,0.0,0.0,0.0,4.74,9.1
2012-11-01,14.2,17.4,11.0,12.2,14.7,66,0.0,0.0,0.0,0.0,4.32,8.5
2012-11-02,16.3,18.4,13.8,14.1,15.5,64,0.1,0.1,0.0,1.0,5.61,10.4
2012-11-03,18.3,20.2,16.7,15.9,17.1,66,2.2,2.2,0.0,4.0,7.41,13.2
2012-11-04,13.3,16.6,10.7,10.3,15.4,60,6.2,6.2,0.0,5.0,5.8,10.5
2012-11-05,12.3,16.7,8.6,8.6,11.7,46,0.0,0.0,0.0,0.0,5.63,10.8
2012-11-06,11.1,15.4,8.1,8.0,12.1,59,0.0,0.0,0.0,0.0,4.27,8.1
2012-11-07,12.3,17.5,8.2,10.6,15.9,68,0.0,0.0,0.0,0.0,2.48,5.1
2012-11-08,14.9,18.2,11.4,13.9,17.7,77,0.4,0.4,0.0,2.0,3.81,8.0
2012-11-09,16.1,17.5,15.0,14.2,15.9,86,10.9,10.9,0.0,11.0,7.38,13.2
2012-11-10,17.4,19.1,14.7,16.2,19.7,85,2.0,2.0,0.0,5.0,8.23,14.8
2012-11-11,11.9,14.6,8.7,6.8,10.9,53,0.0,0.0,0.0,0.0,8.72,15.6
2012-11-12,10.5,16.1,6.0,7.2,11.8,52,0.0,0.0,0.0,0.0,3.62,7.8
2012-11-13,12.3,17.6,8.1,8.7,13.2,54,0.0,0.0,0.0,0.0,6.64,12.8
2012-11-14,10.6,14.8,7.2,7.3,11.8,52,0.0,0.0,0.0,0.0,2.92,7.7
2012-11-15,12.0,14.9,8.6,9.2,11.7,63,0.0,0.0,0.0,0.0,4.16,8.6
2012-11-16,13.6,16.1,10.4,11.8,14.7,82,12.0,12.0,0.0,11.0,5.96,11.3
2012-11-17,10.0,13.8,7.5,6.4,9.4,67,0.1,0.1,0.0,1.0,6.3,11.0
2012-11-18,10.7,15.9,6.4,8.6,13.6,71,0.0,0.0,0.0,0.0,2.72,6.0
2012-11-19,11.9,16.5,8.1,9.6,13.5,73,0.0,0.0,0.0,0.0,4.38,8.5
2012-11-20,12.8,15.4,10.0,10.3,12.6,71,0.0,0.0,0.0,0.0,4.97,9.7
2012-11-21,14.1,14.5,13.7,12.1,13.0,84,8.0,8.0,0.0,12.0,5.51,9.6
2012-11-22,14.6,16.9,13.1,13.0,15.8,86,14.4,14.4,0.0,9.0,6.91,12.3
2012-11-23,10.9,12.8,7.9,7.2,9.4,77,6.3,6.3,0.0,11.0,7.09,12.9
2012-11-24,8.3,11.4,5.8,5.1,8.5,69,0.0,0.0,0.0,0.0,4.3,7.2
2012-11-25,11.6,13.9,8.4,8.8,12.9,82,7.5,7.5,0.0,12.0,7.76,13.2
2012-11-26,7.9,10.3,4.7,3.6,5.8,72,0.0,0.0,0.0,0.0,7.5,13.4
2012-11-27,7.6,12.6,3.7,4.6,9.0,66,0.0,0.0,0.0,0.0,4.32,6.6
2012-11-28,12.0,16.3,9.7,9.3,14.0,68,0.9,0.9,0.0,3.0,4.4,7.6
2012-11-29,11.3,13.2,9.8,8.3,9.6,72,5.3,5.3,0.0,7.0,5.22,10.6
2012-11-30,10.8,11.9,10.0,7.6,9.0,76,4.6,4.6,0.0,9.0,5.22,9.6
2012-12-01,10.1,11.9,9.2,6.2,7.7,73,5.5,5.5,0.0,10.0,6.19,10.7
2012-12-02,9.1,10.7,7.7,6.0,7.5,80,7.7,7.7,0.0,10.0,6.26,11.0
2012-12-03,9.1,11.4,6.5,5.4,6.9,70,0.0,0.0,0.0,0.0,6.74,12.3
2012-12-04,6.9,10.7,2.5,3.5,7.9,59,0.0,0.0,0.0,0.0,3.84,7.1
2012-12-05,8.8,12.6,5.7,4.2,6.1,52,0.0,0.0,0.0,0.0,8.02,14.6
2012-12-06,6.4,9.9,1.1,2.0,5.6,50,0.0,0.0,0.0,0.0,5.5,9.4
2012-12-07,9.2,14.5,5.2,5.3,9.8,57,0.0,0.0,0.0,0.0,5.36,10.0
2012-12-08,6.6,11.1,3.3,3.1,6.3,62,0.0,0.0,0.0,0.0,3.75,8.8
2012-12-09,3.7,5.9,1.6,-1.2,1.7,52,0.0,0.0,0.0,0.0,5.24,9.7
2012-12-10,4.5,7.7,1.1,0.6,3.8,60,0.0,0.0,0.0,0.0,3.1,6.8
2012-12-11,6.5,9.5,4.6,2.5,5.0,63,0.0,0.0,0.0,0.0,4.54,8.9
2012-12-12,6.5,9.9,3.3,2.9,6.2,63,0.0,0.0,0.0,0.0,3.32,6.7
2012-12-13,12.0,15.8,7.3,8.2,11.6,68,0.1,0.1,0.0,1.0,7.49,14.0
2012-12-14,13.9,17.2,9.6,12.5,15.6,82,9.3,9.3,0.0,11.0,5.95,13.5
2012-12-15,8.2,9.6,7.3,5.5,7.5,89,6.8,6.8,0.0,9.0,4.15,13.1
2012-12-16,9.5,10.1,8.8,6.8,7.7,85,2.6,2.6,0.0,7.0,4.55,7.8
2012-12-17,7.7,8.8,6.4,3.7,5.9,75,0.0,0.0,0.0,0.0,5.8,11.2
2012-12-18,3.9,6.3,1.4,-1.5,1.4,64,1.7,1.7,0.0,4.0,6.72,12.9
2012-12-19,3.3,6.3,-0.8,-0.6,2.8,65,0.0,0.0,0.0,0.0,4.33,8.1
2012-12-20,8.8,10.6,5.0,4.9,7.8,73,2.3,2.3,0.0,6.0,6.48,12.1
2012-12-21,7.8,11.3,5.4,4.0,9.6,88,6.0,6.0,0.0,10.0,7.02,13.4
2012-12-22,5.8,7.2,3.4,1.0,2.5,74,0.0,0.0,0.0,0.0,6.62,12.2
2012-12-23,1.8,4.1,-1.1,-3.7,-2.0,59,0.0,0.0,0.0,0.0,6.59,12.5
2012-12-24,0.7,4.7,-3.5,-3.1,0.8,62,0.0,0.0,0.0,0.0,2.64,5.4
2012-12-25,5.0,7.8,1.9,0.6,2.7,72,0.0,0.0,0.0,0.0,5.74,11.6
2012-12-26,5.5,5.9,5.0,0.9,1.7,78,5.2,5.2,0.0,11.0,6.22,11.0
2012-12-27,7.8,9.2,5.7,4.4,7.3,88,16.8,16.8,0.0,21.0,5.41,10.6
2012-12-28,7.9,9.1,6.6,5.1,7.0,91,1.2,1.2,0.0,7.0,5.22,9.3
2012-12-29,6.1,9.2,0.7,2.4,8.0,91,12.4,6.1,4.41,13.0,9.06,15.3
2012-12-30,-0.8,0.5,-2.2,-7.1,-5.2,61,0.1,0.0,0.14,1.0,9.13,15.8
2012-12-31,0.3,4.0,-3.1,-4.2,-0.7,62,0.0,0.0,0.0,0.0,3.67,7.2
2013-01-01,3.3,9.1,-1.0,-0.7,5.2,64,0.0,0.0,0.0,0.0,3.4,6.8
2013-01-02,3.3,6.2,0.7,-2.1,0.2,71,0.0,0.0,0.0,0.0,8.23,15.1
2013-01-03,0.6,1.5,-0.3,-4.8,-4.0,68,0.0,0.0,0.0,0.0,5.82,10.4
2013-01-04,1.6,3.8,-0.1,-2.8,-0.8,70,0.6,0.0,0.56,4.0,4.9,8.7
2013-01-05,2.8,4.4,1.7,-1.1,0.2,74,0.0,0.0,0.07,0.0,3.5,6.8
2013-01-06,2.8,4.2,1.5,-1.1,0.3,68,0.9,0.0,0.63,4.0,3.57,6.4
2013-01-07,3.0,3.5,2.4,-0.3,0.4,73,0.0,0.0,0.0,0.0,2.31,4.8
2013-01-08,4.3,7.1,2.0,0.5,2.9,74,0.0,0.0,0.0,0.0,4.18,7.7
2013-01-09,4.1,6.9,1.4,-0.2,2.3,70,0.0,0.0,0.0,0.0,4.75,9.7
2013-01-10,2.2,5.6,-0.2,-1.7,1.7,69,0.0,0.0,0.0,0.0,3.09,7.3
2013-01-11,4.2,8.5,-0.2,0.6,4.5,73,0.0,0.0,0.0,0.0,4.02,8.7
2013-01-12,5.0,9.1,0.5,1.9,6.0,79,0.2,0.2,0.0,1.0,2.84,7.0
2013-01-13,5.9,6.7,4.4,2.8,4.1,88,21.1,21.1,0.0,15.0,4.85,9.1
2013-01-14,4.9,8.1,2.7,1.4,4.1,81,0.0,0.0,0.0,0.0,4.92,9.6
2013-01-15,5.4,8.0,2.9,2.7,5.2,83,0.0,0.0,0.0,0.0,3.36,7.5
2013-01-16,4.1,4.8,2.8,0.0,1.8,75,0.0,0.0,0.0,0.0,5.31,10.0
2013-01-17,2.6,4.0,0.6,-2.9,-1.4,60,0.0,0.0,0.0,0.0,6.77,12.9
2013-01-18,1.7,5.3,-1.5,-2.3,2.9,65,0.0,0.0,0.0,0.0,3.58,6.6
2013-01-19,5.0,10.5,-0.2,1.2,6.8,73,0.0,0.0,0.0,0.0,5.32,9.4
2013-01-20,10.3,12.9,7.7,7.7,11.2,83,0.2,0.2,0.0,1.0,5.26,9.4
2013-01-21,7.8,10.3,4.2,4.8,9.0,89,3.4,3.4,0.0,10.0,5.22,10.5
2013-01-22,4.2,4.8,3.2,0.4,0.7,82,0.0,0.0,0.0,0.0,4.53,8.6
2013-01-23,4.4,7.7,2.0,0.9,3.7,72,0.0,0.0,0.0,0.0,4.81,9.5
2013-01-24,4.3,9.5,1.3,0.6,5.5,78,0.0,0.0,0.0,0.0,5.2,9.7
2013-01-25,2.9,8.0,-0.8,-0.7,5.3,68,0.0,0.0,0.0,0.0,3.2,5.7
2013-01-26,5.1,11.2,0.3,1.7,7.8,74,0.0,0.0,0.0,0.0,4.39,8.5
2013-01-27,4.6,8.0,2.5,1.2,4.8,71,0.0,0.0,0.0,0.0,3.19,6.8
2013-01-28,6.0,11.8,0.9,1.8,7.6,67,0.0,0.0,0.0,0.0,5.66,10.8
2013-01-29,9.2,14.4,5.1,6.4,12.6,72,0.0,0.0,0.0,0.0,5.57,9.3
2013-01-30,9.4,16.2,3.5,6.6,13.2,78,0.0,0.0,0.0,0.0,6.16,9.6
2013-01-31,12.8,16.1,10.6,9.8,13.4,78,0.8,0.8,0.0,4.0,6.24,11.4
2013-02-01,12.2,15.6,7.2,9.9,13.7,84,10.4,10.4,0.0,8.0,5.1,10.5
2013-02-02,6.9,8.2,5.8,2.8,3.8,78,0.0,0.0,0.0,0.0,5.16,10.0
2013-02-03,9.6,11.4,6.2,6.1,9.6,82,0.6,0.6,0.0,3.0,6.93,12.8
2013-02-04,9.3,11.1,7.2,6.0,9.9,83,0.9,0.9,0.0,2.0,6.02,10.8
2013-02-05,7.2,8.2,5.9,4.0,6.1,89,14.9,14.9,0.0,15.0,4.94,11.5
2013-02-06,4.9,5.8,4.3,1.2,1.8,77,0.0,0.0,0.0,0.0,4.7,8.6
2013-02-07,2.6,4.8,-0.3,-2.9,0.6,79,5.6,2.3,2.38,13.0,7.83,14.9
2013-02-08,-0.2,1.1,-0.9,-5.8,-4.4,73,1.5,0.0,1.12,7.0,6.96,12.9
2013-02-09,1.2,3.8,-1.3,-2.5,1.0,72,0.0,0.0,0.0,0.0,3.71,6.7
2013-02-10,3.4,6.9,-0.4,0.2,4.3,75,0.0,0.0,0.0,0.0,3.45,6.6
2013-02-11,5.8,8.1,3.5,1.7,3.4,72,0.6,0.6,0.0,1.0,5.48,10.2
2013-02-12,4.7,6.6,3.2,1.0,2.3,81,5.4,5.2,0.14,9.0,5.35,9.9
2013-02-13,5.1,7.4,2.7,1.7,3.9,71,0.2,0.2,0.0,1.0,3.94,8.0
2013-02-14,6.9,7.5,6.0,4.0,4.9,92,7.0,7.0,0.0,19.0,4.1,7.2
2013-02-15,6.0,8.1,3.8,2.1,3.6,78,1.9,1.9,0.0,3.0,5.81,9.8
2013-02-16,6.1,10.0,3.3,2.0,6.0,73,0.0,0.0,0.0,0.0,6.41,12.1
2013-02-17,9.6,12.0,7.2,7.1,11.0,86,1.7,1.7,0.0,10.0,6.8,11.7
2013-02-18,6.2,8.8,3.0,2.2,6.8,90,7.0,7.0,0.0,19.0,7.51,13.3
2013-02-19,3.0,5.6,1.3,-1.9,0.8,81,13.8,5.9,5.53,14.0,7.5,12.8
2013-02-20,5.0,8.1,2.2,1.3,4.4,65,0.0,0.0,0.0,0.0,4.13,8.3
2013-02-21,7.0,8.6,5.4,3.3,4.5,65,0.0,0.0,0.0,0.0,5.52,10.2
2013-02-22,7.9,11.6,5.3,5.9,10.4,77,0.5,0.5,0.0,4.0,2.22,5.7
2013-02-23,7.5,11.8,4.1,5.0,10.7,80,0.0,0.0,0.0,0.0,3.42,7.1
2013-02-24,9.4,13.4,6.1,5.4,8.8,71,2.5,2.5,0.0,3.0,7.94,14.9
2013-02-25,11.9,14.7,10.0,9.4,11.9,83,0.5,0.5,0.0,3.0,5.7,10.5
2013-02-26,10.8,12.1,8.4,9.1,11.0,92,9.7,9.7,0.0,10.0,4.9,9.4
2013-02-27,9.9,11.8,8.5,7.5,9.6,83,0.0,0.0,0.0,0.0,4.1,7.5
2013-02-28,11.8,15.9,7.8,9.0,12.8,77,0.9,0.9,0.0,1.0,6.93,13.1
2013-03-01,6.9,13.3,3.8,1.7,12.8,75,9.8,9.8,0.0,14.0,8.66,15.8
2013-03-02,4.0,6.3,1.8,-1.4,0.9,57,0.0,0.0,0.0,0.0,6.76,12.1
2013-03-03,4.8,10.3,0.1,1.3,7.3,63,0.0,0.0,0.0,0.0,2.91,6.5
2013-03-04,10.5,18.5,4.3,7.1,15.0,58,0.0,0.0,0.0,0.0,4.8,9.6
2013-03-05,11.3,18.0,6.5,8.8,16.0,66,0.0,0.0,0.0,0.0,3.45,7.7
2013-03-06,14.6,21.9,8.6,11.5,19.5,55,0.0,0.0,0.0,0.0,5.5,9.4
2013-03-07,16.6,23.2,12.2,14.4,21.7,60,0.0,0.0,0.0,0.0,5.6,10.0
2013-03-08,18.6,27.2,11.8,16.7,25.5,57,0.0,0.0,0.0,0.0,4.72,10.5
2013-03-09,20.7,29.1,14.9,19.2,28.7,55,0.0,0.0,0.0,0.0,4.56,8.9
2013-03-10,9.2,18.8,6.3,3.9,18.0,63,0.0,0.0,0.0,0.0,9.75,17.0
2013-03-11,7.7,8.6,6.8,4.4,5.7,78,1.0,1.0,0.0,4.0,4.74,8.9
2013-03-12,13.6,19.0,8.5,11.1,16.8,76,0.3,0.3,0.0,1.0,6.55,13.0
2013-03-13,8.0,15.5,4.7,3.4,14.1,79,9.6,9.6,0.0,16.0,7.7,13.8
2013-03-14,5.7,8.5,4.0,1.4,5.2,65,0.0,0.0,0.0,0.0,5.82,10.3
2013-03-15,8.8,13.3,4.4,5.9,11.4,72,0.0,0.0,0.0,0.0,4.52,9.5
2013-03-16,12.4,16.6,9.3,10.4,16.6,80,4.4,4.4,0.0,7.0,5.04,10.0
2013-03-17,14.0,17.0,11.9,12.7,17.1,92,21.0,21.0,0.0,22.0,6.17,10.0
2013-03-18,14.7,20.1,11.3,13.2,19.0,78,9.4,9.4,0.0,3.0,4.74,9.2
2013-03-19,14.9,21.0,11.9,13.2,20.3,81,4.7,4.7,0.0,4.0,6.71,11.9
2013-03-20,9.4,13.9,4.7,5.6,12.7,80,0.5,0.5,0.0,2.0,8.51,16.0
2013-03-21,7.5,11.1,3.3,3.8,8.8,66,0.0,0.0,0.0,0.0,5.95,10.2
2013-03-22,12.7,20.1,9.3,10.7,20.2,80,10.7,10.7,0.0,5.0,5.87,10.7
2013-03-23,10.3,11.2,9.3,7.5,9.0,83,3.8,3.8,0.0,7.0,5.66,10.2
2013-03-24,9.3,10.9,6.4,6.4,10.2,85,3.7,3.7,0.0,9.0,6.4,11.3
2013-03-25,7.3,10.1,5.2,3.3,6.9,64,0.0,0.0,0.0,0.0,5.66,11.2
2013-03-26,8.0,8.8,6.7,4.6,6.6,71,0.0,0.0,0.0,0.0,5.25,9.8
2013-03-27,10.5,12.8,8.5,8.9,11.8,76,0.0,0.0,0.0,0.0,3.19,5.1
2013-03-28,12.5,18.3,8.3,11.1,18.6,78,0.0,0.0,0.0,0.0,3.49,7.2
2013-03-29,10.3,12.2,7.4,7.2,9.1,76,0.0,0.0,0.0,0.0,5.38,10.6
2013-03-30,11.8,16.8,7.8,9.2,14.6,68,0.0,0.0,0.0,0.0,4.96,9.6
2013-03-31,10.9,13.7,8.7,8.0,11.8,73,0.0,0.0,0.0,0.0,5.15,10.6
2013-04-01,12.7,17.1,8.6,10.6,15.3,77,0.0,0.0,0.0,0.0,6.22,13.1
2013-04-02,12.1,15.2,7.9,8.8,12.2,61,0.0,0.0,0.0,0.0,6.54,11.7
2013-04-03,11.5,17.1,5.9,8.4,14.7,62,0.0,0.0,0.0,0.0,5.67,10.8
2013-04-04,14.1,16.4,12.0,11.0,13.5,76,1.1,1.1,0.0,3.0,6.7,13.8
2013-04-05,14.2,15.1,12.4,12.4,13.7,90,20.9,20.9,0.0,12.0,7.12,13.1
2013-04-06,10.1,12.6,7.9,4.9,8.9,66,1.9,1.9,0.0,7.0,9.21,17.1
2013-04-07,10.3,15.4,4.2,7.2,14.3,51,0.0,0.0,0.0,0.0,4.52,8.1
2013-04-08,13.8,19.5,9.1,11.0,17.7,62,0.1,0.1,0.0,1.0,5.46,11.4
2013-04-09,14.2,18.5,11.1,11.7,17.5,52,0.0,0.0,0.0,0.0,5.28,9.3
2013-04-10,13.0,17.7,7.3,10.3,16.4,51,0.0,0.0,0.0,0.0,4.77,8.2
2013-04-11,13.4,18.0,9.1,10.3,16.0,48,0.0,0.0,0.0,0.0,4.54,8.0
2013-04-12,14.7,21.3,9.1,12.3,22.0,54,0.0,0.0,0.0,0.0,4.6,8.8
2013-04-13,18.8,26.8,11.1,16.3,25.8,51,0.0,0.0,0.0,0.0,5.9,9.7
2013-04-14,18.5,26.4,12.1,15.9,25.6,52,0.0,0.0,0.0,0.0,6.45,12.5
2013-04-15,20.4,29.9,12.2,19.2,30.2,63,0.0,0.0,0.0,0.0,6.24,10.4
2013-04-16,22.5,27.5,19.1,20.9,26.5,54,0.0,0.0,0.0,0.0,6.4,12.3
2013-04-17,17.3,22.8,14.1,17.2,25.2,79,0.0,0.0,0.0,0.0,4.57,9.4
2013-04-18,14.5,17.7,11.0,12.1,16.5,77,0.0,0.0,0.0,0.0,8.1,15.2
2013-04-19,12.0,14.4,10.0,8.2,11.8,59,0.0,0.0,0.0,0.0,6.4,12.0
2013-04-20,10.6,13.1,8.2,7.2,12.4,82,6.9,6.9,0.0,9.0,7.62,13.6
2013-04-21,10.5,14.1,7.7,7.2,12.5,59,0.0,0.0,0.0,0.0,5.03,9.5
2013-04-22,12.8,16.0,9.2,9.5,12.9,67,3.8,3.8,0.0,6.0,7.12,14.0
2013-04-23,14.8,16.8,13.5,13.5,15.1,86,13.6,13.6,0.0,12.0,6.11,9.9
2013-04-24,14.5,17.9,12.4,13.7,17.7,80,0.0,0.0,0.0,0.0,3.4,7.1
2013-04-25,17.5,25.4,11.8,16.7,26.1,67,0.0,0.0,0.0,0.0,6.25,11.2
2013-04-26,17.3,23.0,11.9,14.9,22.4,45,0.0,0.0,0.0,0.0,5.88,9.5
2013-04-27,19.7,25.6,14.4,16.9,24.4,53,0.0,0.0,0.0,0.0,6.86,12.6
2013-04-28,20.4,24.7,16.5,19.3,25.2,75,0.0,0.0,0.0,0.0,7.34,14.9
2013-04-29,20.3,26.2,15.9,20.8,30.0,79,0.3,0.3,0.0,1.0,6.2,10.9
2013-04-30,16.0,18.8,13.6,14.6,17.8,80,15.0,15.0,0.0,12.0,6.29,12.8
2013-05-01,16.7,21.8,11.6,15.2,20.9,59,0.0,0.0,0.0,0.0,4.18,9.7
2013-05-02,15.8,20.0,12.2,14.8,20.5,68,0.0,0.0,0.0,0.0,3.91,7.7
2013-05-03,16.9,21.7,13.2,15.2,20.4,67,0.0,0.0,0.0,0.0,5.14,10.5
2013-05-04,17.5,21.0,15.1,16.8,21.6,75,0.0,0.0,0.0,0.0,5.0,10.2
2013-05-05,18.0,21.9,14.9,17.0,22.1,71,0.0,0.0,0.0,0.0,4.85,10.2
2013-05-06,17.0,18.6,15.9,16.4,17.7,85,4.2,4.2,0.0,8.0,4.88,8.4
2013-05-07,18.8,21.9,16.9,17.8,20.4,75,0.0,0.0,0.0,0.0,5.87,10.4
2013-05-08,18.2,19.2,16.8,16.8,18.4,82,4.1,4.1,0.0,14.0,7.02,12.9
2013-05-09,20.6,22.5,18.4,21.6,24.8,91,19.9,19.9,0.0,24.0,6.74,12.4
2013-05-10,20.2,23.0,18.3,21.0,23.7,82,1.2,1.2,0.0,6.0,4.49,8.2
2013-05-11,21.6,27.0,17.0,22.6,28.8,71,0.0,0.0,0.0,0.0,4.43,7.9
2013-05-12,23.2,29.7,17.4,23.6,31.5,64,0.0,0.0,0.0,0.0,5.19,8.3
2013-05-13,23.3,28.5,19.3,24.1,31.2,72,0.0,0.0,0.0,0.0,5.96,11.4
2013-05-14,23.4,27.8,20.3,24.2,29.7,79,0.0,0.0,0.0,0.0,7.33,13.9
2013-05-15,21.7,23.6,20.4,23.0,25.3,90,15.5,15.5,0.0,9.0,6.11,10.7
2013-05-16,19.9,20.4,19.4,19.8,20.7,92,15.4,15.4,0.0,19.0,7.12,13.6
2013-05-17,19.9,20.9,19.2,19.8,20.9,88,1.0,1.0,0.0,6.0,7.52,13.8
2013-05-18,21.0,22.8,19.6,22.7,25.1,90,2.4,2.4,0.0,7.0,4.31,8.2
2013-05-19,21.5,25.6,18.5,21.6,27.0,74,0.0,0.0,0.0,0.0,7.76,13.9
2013-05-20,23.2,29.2,18.0,25.1,32.5,71,0.0,0.0,0.0,0.0,2.84,6.3
2013-05-21,23.6,29.1,18.6,24.9,31.1,70,0.0,0.0,0.0,0.0,5.25,10.3
2013-05-22,23.2,26.6,20.3,24.2,27.9,80,0.0,0.0,0.0,0.0,5.86,11.3
2013-05-23,22.4,23.6,21.6,23.9,24.8,86,0.0,0.0,0.0,0.0,6.02,11.2
2013-05-24,23.7,27.4,21.0,25.4,30.4,81,0.0,0.0,0.0,0.0,5.95,11.6
2013-05-25,24.1,27.6,21.7,24.7,29.2,75,0.0,0.0,0.0,0.0,7.41,14.3
2013-05-26,23.0,24.3,21.9,22.4,23.6,83,6.7,6.7,0.0,8.0,10.1,18.1
2013-05-27,23.5,25.1,21.3,24.7,27.9,84,25.1,25.1,0.0,15.0,9.53,17.0
2013-05-28,23.9,28.2,20.2,25.0,29.8,71,0.9,0.9,0.0,3.0,5.16,10.8
2013-05-29,24.2,28.4,21.0,27.0,33.6,78,0.0,0.0,0.0,0.0,4.65,9.2
2013-05-30,18.6,21.5,17.2,18.6,22.9,85,6.9,6.9,0.0,16.0,6.31,11.5
2013-05-31,19.9,21.1,18.3,21.4,23.0,88,2.6,2.6,0.0,10.0,4.08,6.8
2013-06-01,20.9,22.4,19.0,23.3,24.9,91,6.6,6.6,0.0,15.0,3.1,8.6
2013-06-02,19.8,22.7,18.0,20.2,23.7,77,3.3,3.3,0.0,8.0,3.91,8.1
2013-06-03,21.7,26.8,16.6,23.3,29.9,74,0.0,0.0,0.0,0.0,3.98,7.8
2013-06-04,22.3,25.1,19.9,23.5,25.9,80,0.0,0.0,0.0,0.0,5.38,10.5
2013-06-05,24.1,26.9,22.0,25.8,28.7,83,0.8,0.8,0.0,4.0,6.98,13.3
2013-06-06,24.6,26.7,23.0,26.2,27.9,82,0.1,0.1,0.0,1.0,6.93,12.9
2013-06-07,22.5,23.7,21.3,22.8,25.2,92,84.3,84.3,0.0,21.0,10.53,20.4
2013-06-08,22.7,24.1,20.5,24.9,26.0,87,0.3,0.3,0.0,1.0,4.95,12.7
2013-06-09,21.2,23.2,20.0,22.4,24.6,88,0.1,0.1,0.0,1.0,5.14,9.4
2013-06-10,22.2,24.6,19.7,23.0,24.9,80,0.0,0.0,0.0,0.0,6.02,11.3
2013-06-11,21.6,23.0,20.5,23.5,24.4,84,1.9,1.9,0.0,4.0,3.64,7.3
2013-06-12,21.3,23.5,19.9,23.1,25.2,83,0.5,0.5,0.0,4.0,3.04,6.0
2013-06-13,20.9,22.6,20.0,22.5,23.7,81,1.2,1.2,0.0,7.0,3.7,7.1
2013-06-14,21.3,22.1,20.4,23.3,25.1,90,10.9,10.9,0.0,16.0,4.5,8.7
2013-06-15,23.9,26.6,22.1,27.6,30.6,91,0.0,0.0,0.0,0.0,3.32,6.9
2013-06-16,26.2,30.9,23.0,31.0,37.3,87,0.0,0.0,0.0,0.0,3.32,7.0
2013-06-17,29.2,33.2,24.6,35.0,40.8,79,1.1,1.1,0.0,4.0,3.72,7.2
2013-06-18,30.9,34.4,27.7,36.6,40.4,73,0.0,0.0,0.0,0.0,4.52,8.7
2013-06-19,29.0,32.3,25.0,34.7,39.5,81,4.5,4.5,0.0,4.0,3.8,6.8
2013-06-20,24.8,26.4,23.2,27.5,29.1,84,0.0,0.0,0.0,0.0,5.33,10.2
2013-06-21,25.2,28.3,22.3,28.2,31.5,78,0.0,0.0,0.0,0.0,4.16,8.7
2013-06-22,26.1,29.1,23.9,29.6,32.7,80,0.7,0.7,0.0,3.0,3.81,8.1
2013-06-23,27.3,30.6,25.0,32.8,36.4,86,20.6,20.6,0.0,17.0,3.47,10.2
2013-06-24,26.0,27.3,25.0,31.4,33.5,91,19.7,19.7,0.0,24.0,3.01,8.9
2013-06-25,25.6,27.8,23.7,30.2,33.4,91,30.3,30.3,0.0,22.0,4.63,10.2
2013-06-26,23.7,25.6,22.6,26.3,28.4,84,1.3,1.3,0.0,4.0,3.68,7.0
2013-06-27,22.8,23.9,22.3,25.2,27.6,91,59.8,59.8,0.0,22.0,5.85,12.6
2013-06-28,23.1,24.8,22.1,25.4,27.0,84,1.6,1.6,0.0,5.0,4.24,8.8
2013-06-29,24.2,26.3,22.7,27.0,28.6,86,9.3,9.3,0.0,7.0,4.88,9.0
2013-06-30,26.2,29.8,23.4,30.7,35.8,85,0.2,0.2,0.0,2.0,3.19,6.8
2013-07-01,29.4,34.3,25.2,35.1,41.4,80,0.0,0.0,0.0,0.0,4.22,7.4
2013-07-02,32.0,36.1,27.5,36.8,41.2,68,0.0,0.0,0.0,0.0,5.52,10.8
2013-07-03,32.3,35.5,28.9,36.5,39.8,62,0.0,0.0,0.0,0.0,5.06,9.6
2013-07-04,32.6,36.5,28.4,36.3,41.2,60,0.0,0.0,0.0,0.0,5.77,10.9
2013-07-05,29.8,33.4,25.8,33.5,36.6,70,3.3,3.3,0.0,6.0,6.37,12.6
2013-07-06,27.7,30.1,24.4,33.2,36.7,87,15.9,15.9,0.0,13.0,4.52,11.0
2013-07-07,30.4,34.5,27.2,35.4,40.7,76,0.1,0.1,0.0,1.0,5.32,11.0
2013-07-08,31.6,34.6,28.6,36.5,41.4,70,0.4,0.4,0.0,3.0,5.41,9.4
2013-07-09,31.8,35.7,28.3,37.0,42.6,68,0.0,0.0,0.0,0.0,5.18,9.2
2013-07-10,31.5,35.5,27.9,36.4,42.7,68,0.0,0.0,0.0,0.0,5.15,9.0
2013-07-11,31.1,35.8,27.8,35.7,43.2,68,0.0,0.0,0.0,0.0,5.64,10.0
2013-07-12,29.8,33.3,26.5,34.1,39.0,74,0.0,0.0,0.0,0.0,5.78,10.6
2013-07-13,30.0,32.8,28.3,33.4,36.7,76,0.0,0.0,0.0,0.0,9.38,16.7
2013-07-14,29.9,32.9,27.7,31.5,35.4,73,0.0,0.0,0.0,0.0,10.74,19.2
2013-07-15,30.5,33.4,27.8,33.0,37.0,70,0.0,0.0,0.0,0.0,8.96,16.9
2013-07-16,30.7,34.0,27.5,33.9,38.6,69,0.0,0.0,0.0,0.0,7.12,13.6
2013-07-17,30.5,33.8,28.0,34.0,39.0,68,0.2,0.2,0.0,1.0,7.16,12.9
2013-07-18,29.9,33.0,27.3,32.7,36.5,70,0.0,0.0,0.0,0.0,7.65,14.4
2013-07-19,29.9,33.2,27.1,33.0,37.6,71,0.2,0.2,0.0,1.0,7.89,14.6
2013-07-20,30.4,35.3,27.9,35.1,42.0,71,0.9,0.9,0.0,1.0,5.61,10.1
2013-07-21,29.9,34.3,26.9,35.2,40.2,76,6.2,6.2,0.0,6.0,4.35,9.6
2013-07-22,30.5,34.5,26.8,35.0,39.3,70,0.0,0.0,0.0,0.0,5.47,11.1
2013-07-23,32.1,36.8,28.7,36.7,42.6,66,0.0,0.0,0.0,0.0,5.82,9.3
2013-07-24,33.4,37.5,29.4,38.2,42.3,60,0.0,0.0,0.0,0.0,5.2,9.6
2013-07-25,33.6,38.1,29.7,39.5,44.0,61,0.0,0.0,0.0,0.0,2.63,6.2
2013-07-26,33.1,38.2,30.2,39.5,45.8,65,0.7,0.7,0.0,2.0,3.2,7.2
2013-07-27,32.7,38.0,28.8,38.5,44.1,65,0.2,0.2,0.0,1.0,3.04,6.2
2013-07-28,33.5,37.7,29.8,39.2,43.3,61,0.0,0.0,0.0,0.0,3.54,9.4
2013-07-29,33.7,38.0,30.2,40.0,43.8,63,1.0,1.0,0.0,3.0,3.26,9.6
2013-07-30,33.9,38.8,30.0,39.2,43.9,60,0.1,0.1,0.0,1.0,4.33,9.7
2013-07-31,32.6,37.8,28.6,37.5,43.9,61,1.1,1.1,0.0,2.0,3.91,7.4
2013-08-01,30.6,35.0,27.4,36.4,42.1,73,10.5,10.5,0.0,5.0,3.01,7.3
2013-08-02,29.9,33.3,27.1,34.1,38.5,75,0.0,0.0,0.0,0.0,7.25,13.4
2013-08-03,31.4,35.3,29.2,35.9,39.2,68,2.0,2.0,0.0,4.0,5.98,9.9
2013-08-04,31.3,35.2,28.9,36.4,40.4,69,0.4,0.4,0.0,2.0,4.54,10.0
2013-08-05,31.8,35.2,28.0,38.3,42.3,73,1.5,1.5,0.0,5.0,4.8,9.4
2013-08-06,33.8,38.9,29.4,39.1,44.5,62,0.0,0.0,0.0,0.0,4.88,8.7
2013-08-07,33.9,39.3,30.3,39.3,46.0,61,0.0,0.0,0.0,0.0,4.44,8.3
2013-08-08,34.3,39.5,29.4,39.4,43.8,57,0.0,0.0,0.0,0.0,4.68,8.5
2013-08-09,33.7,37.9,29.8,39.5,44.9,62,0.0,0.0,0.0,0.0,3.85,7.3
2013-08-10,32.7,37.4,29.5,38.1,43.7,67,0.0,0.0,0.0,0.0,5.45,10.2
2013-08-11,31.6,36.8,28.3,37.0,44.3,70,0.1,0.1,0.0,1.0,5.78,10.1
2013-08-12,30.9,35.3,28.0,34.8,39.9,71,0.0,0.0,0.0,0.0,7.1,13.3
2013-08-13,30.8,34.3,28.2,34.7,38.1,74,0.0,0.0,0.0,0.0,7.46,14.1
2013-08-14,31.0,34.7,28.4,35.1,39.1,74,0.0,0.0,0.0,0.0,7.85,14.4
2013-08-15,30.6,34.5,28.1,34.6,38.8,74,0.3,0.3,0.0,2.0,7.27,14.0
2013-08-16,30.2,33.7,28.0,33.8,37.2,73,0.0,0.0,0.0,0.0,6.99,13.6
2013-08-17,30.4,34.5,27.7,34.2,38.6,71,0.0,0.0,0.0,0.0,6.0,11.1
2013-08-18,29.3,32.2,27.3,34.2,36.6,78,0.8,0.8,0.0,4.0,4.44,9.7
2013-08-19,29.6,31.6,27.8,34.4,36.3,81,2.5,2.5,0.0,11.0,6.57,12.6
2013-08-20,30.1,32.5,28.2,35.3,37.7,80,1.9,1.9,0.0,7.0,6.07,11.8
2013-08-21,29.8,31.4,28.4,33.5,34.6,81,3.6,3.6,0.0,13.0,9.58,17.5
2013-08-22,29.5,31.6,28.2,32.6,34.7,81,5.7,5.7,0.0,18.0,10.48,20.1
2013-08-23,30.2,33.4,28.1,33.6,37.0,76,0.0,0.0,0.0,0.0,7.95,15.9
2013-08-24,31.3,35.4,28.0,35.7,40.0,68,0.1,0.1,0.0,1.0,6.37,11.7
2013-08-25,28.8,31.6,26.5,34.2,36.7,79,15.3,15.3,0.0,14.0,3.32,9.7
2013-08-26,27.0,27.9,26.2,31.6,32.3,81,3.6,3.6,0.0,13.0,3.62,7.8
2013-08-27,27.8,30.5,25.9,31.7,33.3,77,1.0,1.0,0.0,4.0,4.52,8.7
2013-08-28,29.9,33.8,26.8,34.7,39.4,76,0.0,0.0,0.0,0.0,5.82,10.9
2013-08-29,31.2,36.5,28.2,36.5,43.0,72,5.8,5.8,0.0,3.0,5.66,10.4
2013-08-30,28.6,30.6,25.1,32.4,36.2,78,2.1,2.1,0.0,4.0,7.43,13.4
2013-08-31,25.6,28.3,23.3,26.0,28.6,63,0.0,0.0,0.0,0.0,6.07,10.9
2013-09-01,25.5,28.4,23.1,25.5,27.1,57,0.0,0.0,0.0,0.0,6.31,11.7
2013-09-02,25.6,29.2,22.4,25.8,29.2,60,0.0,0.0,0.0,0.0,7.0,13.3
2013-09-03,26.0,28.5,23.6,25.7,27.3,58,0.0,0.0,0.0,0.0,8.44,16.1
2013-09-04,25.1,27.9,22.7,25.2,27.4,56,0.0,0.0,0.0,0.0,5.22,10.5
2013-09-05,23.5,25.4,22.2,25.1,26.2,69,0.2,0.2,0.0,1.0,2.83,5.6
2013-09-06,21.4,22.3,20.4,23.1,24.4,82,5.6,5.6,0.0,10.0,3.54,6.6
2013-09-07,23.0,26.0,21.0,25.5,27.9,80,1.4,1.4,0.0,6.0,3.14,7.1
2013-09-08,24.4,27.3,21.9,27.3,29.7,81,0.0,0.0,0.0,0.0,4.62,9.0
2013-09-09,26.2,29.6,22.8,29.5,32.6,77,0.0,0.0,0.0,0.0,4.16,8.9
2013-09-10,28.3,33.7,24.8,32.2,38.7,76,0.8,0.8,0.0,1.0,4.32,9.2
2013-09-11,27.4,30.8,25.5,31.9,35.9,81,0.3,0.3,0.0,1.0,3.98,7.5
2013-09-12,28.2,31.4,25.7,32.7,36.0,80,0.0,0.0,0.0,0.0,4.66,10.8
2013-09-13,28.5,32.1,26.2,33.5,38.1,79,2.0,2.0,0.0,4.0,4.67,8.6
2013-09-14,27.3,29.9,25.4,32.6,35.7,84,25.8,25.8,0.0,10.0,3.44,9.6
2013-09-15,26.9,29.9,24.9,30.9,33.7,81,0.0,0.0,0.0,0.0,4.94,9.5
2013-09-16,26.3,29.8,23.7,28.7,32.0,71,0.0,0.0,0.0,0.0,5.39,10.3
2013-09-17,25.7,28.3,22.9,26.6,29.0,65,0.0,0.0,0.0,0.0,6.31,12.3
2013-09-18,26.1,29.2,23.5,27.2,30.6,65,0.0,0.0,0.0,0.0,5.52,11.7
2013-09-19,26.2,28.5,24.2,28.8,30.4,75,0.0,0.0,0.0,0.0,5.2,11.0
2013-09-20,26.3,28.4,24.0,29.5,31.1,81,0.9,0.9,0.0,5.0,5.5,10.5
2013-09-21,26.3,27.7,25.1,29.1,30.0,84,0.3,0.3,0.0,2.0,6.96,12.8
2013-09-22,26.9,28.3,25.8,30.1,31.2,88,6.3,6.3,0.0,11.0,7.89,14.2
2013-09-23,27.6,30.0,26.1,31.1,33.0,82,0.0,0.0,0.0,0.0,6.74,12.8
2013-09-24,26.8,29.3,24.5,31.1,33.3,81,1.4,1.4,0.0,2.0,3.71,9.3
2013-09-25,22.2,24.4,20.6,21.2,27.8,71,2.4,2.4,0.0,5.0,7.64,14.1
2013-09-26,21.7,24.0,19.7,20.7,22.0,59,0.0,0.0,0.0,0.0,5.37,10.4
2013-09-27,21.9,24.9,18.5,21.9,24.7,63,0.0,0.0,0.0,0.0,4.3,8.8
2013-09-28,22.3,25.3,20.1,24.1,27.2,76,1.3,1.3,0.0,7.0,4.33,8.8
2013-09-29,21.8,24.4,19.7,23.0,25.3,80,1.1,1.1,0.0,3.0,4.22,8.2
2013-09-30,22.7,26.0,19.8,23.7,26.0,77,0.5,0.5,0.0,3.0,5.81,11.0
2013-10-01,22.8,26.2,19.7,24.2,26.9,72,0.0,0.0,0.0,0.0,2.91,5.6
2013-10-02,21.8,25.7,19.5,21.3,24.5,71,0.3,0.3,0.0,2.0,7.82,14.6
2013-10-03,20.8,24.0,18.1,19.1,22.1,58,0.0,0.0,0.0,0.0,6.52,12.4
2013-10-04,21.3,24.6,18.4,20.6,23.4,63,0.0,0.0,0.0,0.0,5.76,11.2
2013-10-05,22.5,25.7,19.2,22.6,25.2,73,0.2,0.2,0.0,1.0,7.0,13.1
2013-10-06,23.5,24.7,22.3,24.7,26.2,90,10.0,10.0,0.0,20.0,8.03,13.5
2013-10-07,24.1,25.0,23.4,25.4,27.2,91,22.1,22.1,0.0,20.0,8.49,14.6
2013-10-08,22.1,23.5,20.9,23.1,24.9,90,7.5,7.5,0.0,14.0,7.3,12.9
2013-10-09,22.3,24.6,20.7,24.1,26.1,82,0.0,0.0,0.0,0.0,3.91,7.7
2013-10-10,23.4,27.8,20.4,26.4,30.8,82,0.0,0.0,0.0,0.0,2.19,4.4
2013-10-11,22.2,26.9,19.2,23.5,28.3,76,0.0,0.0,0.0,0.0,5.16,9.9
2013-10-12,22.5,26.8,19.1,22.5,26.3,63,0.0,0.0,0.0,0.0,4.75,10.4
2013-10-13,22.4,25.9,18.7,22.5,25.9,66,0.0,0.0,0.0,0.0,5.28,11.2
2013-10-14,24.2,28.1,20.8,25.5,28.6,68,0.0,0.0,0.0,0.0,3.58,7.7
2013-10-15,19.1,23.2,15.4,16.3,26.1,69,0.0,0.0,0.0,0.0,10.0,18.1
2013-10-16,16.4,19.3,13.7,13.2,15.8,56,0.0,0.0,0.0,0.0,6.08,12.6
2013-10-17,18.0,20.1,15.8,16.8,19.0,66,0.0,0.0,0.0,0.0,3.62,6.5
2013-10-18,19.7,21.7,17.9,19.0,20.1,67,0.1,0.1,0.0,1.0,5.22,8.7
2013-10-19,20.4,22.8,18.9,20.6,22.5,71,0.0,0.0,0.0,0.0,3.61,7.6
2013-10-20,19.5,22.7,17.1,18.9,21.4,72,0.0,0.0,0.0,0.0,5.15,10.1
2013-10-21,18.1,21.6,15.0,16.6,19.5,66,0.0,0.0,0.0,0.0,4.85,9.5
2013-10-22,18.1,21.5,14.8,16.7,19.3,67,0.0,0.0,0.0,0.0,4.72,9.9
2013-10-23,18.8,22.7,16.0,17.4,20.6,69,0.0,0.0,0.0,0.0,5.89,11.2
2013-10-24,17.9,21.5,15.7,15.1,17.4,69,0.0,0.0,0.0,0.0,9.2,16.8
2013-10-25,16.3,18.0,15.3,12.1,13.1,58,0.0,0.0,0.0,0.0,8.33,15.0
2013-10-26,15.8,19.3,12.7,12.7,15.4,57,0.0,0.0,0.0,0.0,6.2,12.1
2013-10-27,15.5,20.9,10.5,14.5,20.2,68,0.0,0.0,0.0,0.0,2.62,5.6
2013-10-28,18.4,23.3,14.3,17.2,21.1,64,0.0,0.0,0.0,0.0,4.63,10.3
2013-10-29,19.8,24.9,15.8,19.9,24.6,73,0.0,0.0,0.0,0.0,3.61,8.2
2013-10-30,19.9,21.8,18.4,19.9,21.5,80,1.5,1.5,0.0,7.0,5.79,10.9
2013-10-31,18.7,20.3,17.9,17.9,18.8,76,0.1,0.1,0.0,1.0,5.1,10.5
2013-11-01,19.3,22.4,17.2,19.2,21.8,78,0.0,0.0,0.0,0.0,5.22,10.0
2013-11-02,19.8,22.1,17.0,21.0,23.0,87,0.0,0.0,0.0,0.0,4.19,8.2
2013-11-03,19.1,21.8,16.8,19.1,21.2,82,0.0,0.0,0.0,0.0,4.95,9.5
2013-11-04,16.7,19.6,14.4,14.2,16.5,63,0.0,0.0,0.0,0.0,5.77,11.4
2013-11-05,16.4,20.6,12.3,15.3,18.7,69,0.0,0.0,0.0,0.0,3.58,7.5
2013-11-06,17.3,22.9,13.3,16.5,21.6,70,0.0,0.0,0.0,0.0,3.64,7.4
2013-11-07,16.8,22.9,12.0,15.9,22.1,68,0.0,0.0,0.0,0.0,2.92,5.3
2013-11-08,19.0,22.8,15.0,17.9,20.3,74,0.0,0.0,0.0,0.0,7.41,14.2
2013-11-09,22.5,26.6,19.7,23.7,27.8,79,0.0,0.0,0.0,0.0,5.79,13.3
2013-11-10,16.6,21.0,13.8,14.8,22.1,78,3.3,3.3,0.0,6.0,7.47,13.2
2013-11-11,14.2,15.7,13.3,10.9,12.1,58,0.0,0.0,0.0,0.0,5.45,10.2
2013-11-12,14.0,15.7,13.0,11.3,12.6,62,0.0,0.0,0.0,0.0,4.6,8.7
2013-11-13,14.4,17.0,12.4,12.3,14.6,63,0.0,0.0,0.0,0.0,3.91,7.7
2013-11-14,14.1,14.9,12.6,13.1,14.9,81,1.6,1.6,0.0,5.0,4.19,6.8
2013-11-15,13.1,18.0,10.0,11.6,16.0,73,0.0,0.0,0.0,0.0,3.61,6.4
2013-11-16,13.7,19.7,7.9,10.6,15.8,57,0.0,0.0,0.0,0.0,5.81,9.9
2013-11-17,12.0,15.4,8.5,7.1,9.3,36,0.0,0.0,0.0,0.0,6.31,11.9
2013-11-18,9.1,14.0,5.3,4.5,7.7,42,0.0,0.0,0.0,0.0,6.34,12.0
2013-11-19,8.8,14.8,3.8,5.2,10.6,47,0.0,0.0,0.0,0.0,3.19,7.4
2013-11-20,11.7,18.5,6.6,9.2,15.8,60,0.0,0.0,0.0,0.0,2.6,5.1
2013-11-21,14.0,18.8,9.8,11.9,15.5,70,0.0,0.0,0.0,0.0,4.18,8.7
2013-11-22,15.0,17.7,12.6,13.2,14.8,77,0.1,0.1,0.0,1.0,5.61,10.0
2013-11-23,16.9,20.8,13.8,15.2,17.8,74,0.0,0.0,0.0,0.0,6.08,11.6
2013-11-24,15.5,19.0,9.9,13.3,18.8,84,6.8,6.8,0.0,12.0,8.75,14.9
2013-11-25,10.6,14.5,7.3,6.3,9.2,56,0.0,0.0,0.0,0.0,7.34,13.2
2013-11-26,10.1,14.7,5.6,7.4,11.3,60,0.0,0.0,0.0,0.0,2.33,5.8
2013-11-27,9.8,12.0,6.2,5.4,8.5,54,0.0,0.0,0.0,0.0,7.48,13.8
2013-11-28,5.3,8.7,2.1,-0.2,2.4,34,0.0,0.0,0.0,0.0,6.85,12.5
2013-11-29,5.3,10.5,1.8,0.5,4.7,42,0.0,0.0,0.0,0.0,5.1,9.6
2013-11-30,7.1,14.5,1.2,2.9,9.7,49,0.0,0.0,0.0,0.0,3.94,8.4
2013-12-01,8.0,13.8,4.3,4.4,9.6,61,0.0,0.0,0.0,0.0,4.1,8.9
2013-12-02,8.0,15.6,2.3,4.9,12.1,64,0.0,0.0,0.0,0.0,3.1,5.7
2013-12-03,12.0,18.3,7.7,9.5,14.8,68,0.0,0.0,0.0,0.0,3.82,8.0
2013-12-04,12.0,16.9,9.6,10.2,14.2,79,0.0,0.0,0.0,0.0,4.05,8.2
2013-12-05,11.2,16.9,7.7,9.8,15.5,83,0.0,0.0,0.0,0.0,2.62,6.2
2013-12-06,10.7,14.0,8.3,8.6,11.1,78,0.0,0.0,0.0,0.0,3.47,7.6
2013-12-07,10.1,14.4,6.8,8.1,12.3,82,0.0,0.0,0.0,0.0,3.18,5.9
2013-12-08,13.3,17.7,9.9,11.4,14.8,81,0.0,0.0,0.0,0.0,5.29,11.2
2013-12-09,9.6,13.8,5.7,5.5,13.1,72,0.0,0.0,0.0,0.0,8.01,14.8
2013-12-10,5.8,10.1,2.9,1.4,6.0,51,0.0,0.0,0.0,0.0,4.9,8.3
2013-12-11,5.8,10.2,2.1,1.0,3.7,46,0.0,0.0,0.0,0.0,6.04,11.6
2013-12-12,6.7,12.3,1.6,2.8,7.4,53,0.0,0.0,0.0,0.0,4.14,8.8
2013-12-13,8.0,12.0,4.7,4.5,7.9,64,0.0,0.0,0.0,0.0,4.41,9.3
2013-12-14,9.1,13.0,5.6,6.3,9.9,69,0.0,0.0,0.0,0.0,3.26,6.9
2013-12-15,10.0,12.0,9.2,6.9,8.2,69,0.0,0.0,0.0,0.0,5.33,9.7
2013-12-16,7.4,9.0,6.3,3.7,6.0,81,18.0,18.0,0.0,21.0,5.65,10.1
2013-12-17,7.3,8.2,6.7,3.2,4.5,86,16.2,16.2,0.0,24.0,6.43,11.8
2013-12-18,7.1,9.5,4.1,2.3,3.7,74,2.4,2.4,0.0,6.0,8.3,15.4
2013-12-19,3.4,6.2,1.8,-1.1,1.4,66,0.0,0.0,0.0,0.0,5.22,9.6
2013-12-20,2.7,5.6,0.4,-2.0,0.4,64,0.0,0.0,0.0,0.0,4.97,10.1
2013-12-21,3.0,6.0,0.1,-2.0,0.9,59,0.0,0.0,0.0,0.0,5.34,10.7
2013-12-22,3.9,8.5,0.3,0.0,5.0,70,0.0,0.0,0.0,0.0,4.1,7.4
2013-12-23,4.5,8.2,1.6,0.7,3.9,68,0.0,0.0,0.0,0.0,3.75,7.7
2013-12-24,4.8,8.3,2.1,0.9,3.7,68,0.0,0.0,0.0,0.0,4.44,8.8
2013-12-25,5.3,9.1,2.8,2.1,6.2,72,0.0,0.0,0.0,0.0,3.3,6.7
2013-12-26,4.6,7.5,1.4,-0.2,1.8,66,0.0,0.0,0.0,0.0,7.06,12.5
2013-12-27,1.1,4.3,-1.4,-4.8,-1.7,52,0.0,0.0,0.0,0.0,7.08,13.0
2013-12-28,0.5,5.3,-3.3,-4.4,-0.5,50,0.0,0.0,0.0,0.0,4.56,9.5
2013-12-29,1.0,6.5,-2.2,-3.3,1.7,55,0.0,0.0,0.0,0.0,3.31,7.2
2013-12-30,3.6,10.9,-2.8,-1.2,5.1,48,0.0,0.0,0.0,0.0,5.32,10.5
2013-12-31,6.9,14.6,1.0,2.1,8.7,43,0.0,0.0,0.0,0.0,5.47,11.4
2014-01-01,7.7,16.2,2.5,3.3,10.7,48,0.0,0.0,0.0,0.0,5.0,10.2
2014-01-02,9.1,16.1,2.0,5.3,11.4,60,0.0,0.0,0.0,0.0,4.7,9.9
2014-01-03,11.1,16.1,7.1,8.4,12.1,68,0.0,0.0,0.0,0.0,4.14,8.1
2014-01-04,6.7,9.4,3.3,3.4,5.3,76,0.0,0.0,0.0,0.0,4.4,8.7
2014-01-05,4.9,10.3,1.3,2.2,7.8,76,0.0,0.0,0.0,0.0,2.91,6.0
2014-01-06,8.1,12.9,3.5,4.5,8.5,72,0.0,0.0,0.0,0.0,5.45,10.7
2014-01-07,10.0,11.3,9.0,7.7,9.3,83,5.1,5.1,0.0,11.0,4.75,7.9
2014-01-08,7.2,9.8,4.3,3.0,8.0,84,3.5,3.5,0.0,9.0,7.21,13.1
2014-01-09,3.6,5.5,1.3,-1.3,0.0,56,0.0,0.0,0.0,0.0,5.6,10.7
2014-01-10,3.6,7.5,-0.1,-0.3,3.6,64,0.0,0.0,0.0,0.0,3.91,7.9
2014-01-11,5.9,6.9,5.0,2.5,3.3,80,5.1,5.1,0.0,15.0,4.8,8.0
2014-01-12,5.7,8.2,4.1,2.2,3.7,78,5.0,5.0,0.0,10.0,4.63,9.0
2014-01-13,4.8,6.2,3.7,0.6,1.5,68,0.0,0.0,0.0,0.0,4.83,9.2
2014-01-14,4.3,7.2,2.1,0.4,2.6,68,0.0,0.0,0.0,0.0,4.3,8.5
2014-01-15,3.7,7.5,0.6,-0.1,3.4,66,0.0,0.0,0.0,0.0,3.61,8.1
2014-01-16,5.2,10.9,0.6,2.0,7.7,73,0.0,0.0,0.0,0.0,2.92,6.8
2014-01-17,7.2,12.1,3.5,4.6,9.9,72,0.0,0.0,0.0,0.0,2.69,4.7
2014-01-18,5.0,7.2,1.3,1.0,3.0,74,0.0,0.0,0.0,0.0,5.32,10.1
2014-01-19,4.3,9.5,-0.4,0.9,5.9,75,0.0,0.0,0.0,0.0,4.77,9.6
2014-01-20,5.9,11.3,2.6,1.6,6.0,61,0.0,0.0,0.0,0.0,5.64,11.0
2014-01-21,3.1,5.9,-0.7,-1.8,-0.4,53,0.0,0.0,0.0,0.0,6.45,12.4
2014-01-22,1.8,6.7,-3.0,-1.9,3.4,59,0.0,0.0,0.0,0.0,2.62,4.9
2014-01-23,5.7,11.5,0.4,1.3,6.5,67,0.0,0.0,0.0,0.0,5.81,12.2
2014-01-24,10.9,17.1,5.5,6.9,12.9,67,0.0,0.0,0.0,0.0,6.06,11.4
2014-01-25,11.1,15.6,6.9,7.1,11.5,67,0.0,0.0,0.0,0.0,6.7,12.2
2014-01-26,7.0,9.3,5.1,2.5,4.3,68,0.0,0.0,0.0,0.0,6.08,11.7
2014-01-27,7.5,12.8,2.6,3.9,8.8,69,0.0,0.0,0.0,0.0,5.02,10.1
2014-01-28,8.9,13.3,6.3,5.9,9.7,78,0.0,0.0,0.0,0.0,5.78,11.1
2014-01-29,10.4,14.0,7.8,8.2,11.6,86,0.8,0.8,0.0,3.0,6.43,12.1
2014-01-30,10.5,17.4,6.7,8.9,16.2,86,0.0,0.0,0.0,0.0,4.05,7.0
2014-01-31,13.0,17.8,8.9,10.7,16.0,87,0.0,0.0,0.0,0.0,6.58,11.5
2014-02-01,16.9,24.4,13.3,15.4,23.0,76,0.0,0.0,0.0,0.0,6.1,10.7
2014-02-02,11.1,14.2,9.4,9.8,13.3,92,0.0,0.0,0.0,0.0,3.61,7.0
2014-02-03,8.1,10.4,5.0,3.8,9.1,79,0.1,0.1,0.0,1.0,8.55,15.4
2014-02-04,4.2,5.9,2.7,-1.5,0.4,52,0.0,0.0,0.0,0.0,6.62,13.0
2014-02-05,5.9,7.8,4.4,1.5,4.4,74,4.2,4.2,0.0,15.0,6.04,12.3
2014-02-06,8.4,9.0,8.0,4.9,6.3,91,11.4,11.4,0.0,18.0,6.91,12.2
2014-02-07,6.1,8.3,4.1,1.6,3.8,90,8.3,8.3,0.0,19.0,7.08,12.1
2014-02-08,3.3,4.3,2.0,-1.7,-0.7,75,0.0,0.0,0.0,0.0,5.91,11.2
2014-02-09,2.4,3.3,1.0,-3.3,-1.7,72,1.0,0.2,0.63,5.0,7.8,14.3
2014-02-10,0.6,2.2,-0.4,-5.4,-4.0,69,0.5,0.0,0.42,2.0,6.96,12.8
2014-02-11,0.9,3.1,-2.0,-4.6,-2.3,70,0.0,0.0,0.07,0.0,6.16,11.5
2014-02-12,4.1,6.2,2.0,-0.6,1.3,78,1.0,1.0,0.0,6.0,6.45,11.6
2014-02-13,5.1,7.0,3.5,0.3,1.7,72,0.0,0.0,0.0,0.0,6.71,11.2
2014-02-14,4.8,8.0,1.5,0.1,2.8,66,0.0,0.0,0.0,0.0,5.79,11.0
2014-02-15,4.3,9.3,0.0,0.9,6.4,73,0.0,0.0,0.0,0.0,3.68,7.6
2014-02-16,7.1,8.3,5.0,3.8,5.8,85,13.9,13.9,0.0,17.0,4.47,7.7
2014-02-17,8.2,9.9,6.4,5.4,7.6,92,4.1,4.1,0.0,12.0,5.82,9.9
2014-02-18,4.8,6.4,3.9,0.4,2.3,91,20.9,20.9,0.0,24.0,6.33,11.0
2014-02-19,3.9,5.3,2.4,-0.2,1.1,89,1.6,1.6,0.0,8.0,5.66,9.5
2014-02-20,4.1,8.8,0.7,0.4,4.8,74,0.0,0.0,0.0,0.0,4.64,9.3
2014-02-21,4.6,8.8,1.4,1.4,6.3,73,0.0,0.0,0.0,0.0,3.79,7.7
2014-02-22,6.9,10.7,4.2,3.4,7.7,74,0.0,0.0,0.0,0.0,4.61,10.1
2014-02-23,7.9,11.3,5.9,4.9,8.6,77,0.0,0.0,0.0,0.0,4.4,9.6
2014-02-24,8.5,10.4,6.5,6.0,8.0,90,5.0,5.0,0.0,10.0,4.34,7.4
2014-02-25,10.0,11.1,8.7,6.5,7.3,93,20.1,20.1,0.0,22.0,7.71,13.7
2014-02-26,9.7,10.9,7.9,7.4,8.4,91,2.8,2.8,0.0,5.0,4.9,9.9
2014-02-27,9.8,14.4,6.3,8.1,13.4,82,0.0,0.0,0.0,0.0,3.37,6.8
2014-02-28,8.4,9.2,7.5,5.8,6.7,90,4.8,4.8,0.0,9.0,4.4,8.3
2014-03-01,6.6,8.3,5.4,3.0,6.1,87,9.1,9.1,0.0,11.0,5.23,9.9
2014-03-02,7.5,10.7,5.3,3.6,6.6,69,0.0,0.0,0.0,0.0,5.68,11.3
2014-03-03,9.3,12.0,6.6,5.2,7.2,67,0.2,0.2,0.0,1.0,7.69,14.1
2014-03-04,9.2,10.0,8.6,6.7,7.9,85,5.4,5.4,0.0,12.0,4.7,8.6
2014-03-05,7.5,9.7,5.4,3.6,6.0,69,0.0,0.0,0.0,0.0,6.17,12.0
2014-03-06,6.3,7.9,4.9,2.3,3.0,63,0.0,0.0,0.0,0.0,5.0,10.5
2014-03-07,7.0,10.0,4.2,3.1,6.1,62,0.0,0.0,0.0,0.0,4.91,10.4
2014-03-08,6.8,8.3,4.4,3.2,3.9,69,0.5,0.5,0.0,3.0,4.93,9.1
2014-03-09,7.1,12.6,3.0,4.6,10.9,73,0.0,0.0,0.0,0.0,2.48,5.9
2014-03-10,8.4,13.3,4.9,5.7,11.7,78,0.0,0.0,0.0,0.0,4.48,8.3
2014-03-11,10.8,14.7,7.4,6.6,10.5,70,0.0,0.0,0.0,0.0,8.05,15.2
2014-03-12,12.3,15.4,8.1,9.9,14.6,89,7.6,7.6,0.0,12.0,7.02,11.7
2014-03-13,7.4,10.5,4.0,2.6,5.6,60,0.1,0.1,0.0,1.0,7.35,13.9
2014-03-14,9.5,15.7,4.0,5.9,13.4,55,0.0,0.0,0.0,0.0,4.74,9.8
2014-03-15,12.8,19.7,6.7,9.5,16.7,54,0.0,0.0,0.0,0.0,4.81,9.9
2014-03-16,15.1,22.5,8.6,12.8,21.4,62,0.0,0.0,0.0,0.0,5.59,9.1
2014-03-17,17.5,22.1,14.3,16.8,22.2,74,1.5,1.5,0.0,7.0,5.06,8.6
2014-03-18,16.2,23.6,11.4,15.4,24.0,76,0.0,0.0,0.0,0.0,5.2,9.9
2014-03-19,10.6,11.7,9.0,7.3,8.8,82,5.1,5.1,0.0,9.0,6.33,11.1
2014-03-20,9.8,12.3,7.5,5.0,7.6,55,0.5,0.5,0.0,2.0,7.4,14.5
2014-03-21,9.4,14.1,5.2,5.7,10.8,51,0.0,0.0,0.0,0.0,4.52,9.8
2014-03-22,11.0,16.8,5.0,7.1,13.3,51,0.0,0.0,0.0,0.0,5.33,10.4
2014-03-23,12.8,17.5,8.9,9.0,14.2,64,0.0,0.0,0.0,0.0,7.05,13.6
2014-03-24,15.9,20.8,12.4,13.4,18.9,71,0.0,0.0,0.0,0.0,6.24,10.7
2014-03-25,16.7,20.3,15.2,16.2,20.3,84,9.7,9.7,0.0,10.0,5.51,9.3
2014-03-26,17.4,21.1,13.6,16.8,19.8,79,0.6,0.6,0.0,2.0,4.96,9.3
2014-03-27,13.9,18.3,11.4,12.4,18.3,84,0.0,0.0,0.0,0.0,6.05,10.0
2014-03-28,15.0,17.5,12.9,13.4,17.0,93,13.5,13.5,0.0,11.0,7.11,12.8
2014-03-29,15.8,17.5,13.8,16.0,19.5,97,34.2,34.2,0.0,16.0,5.32,9.6
2014-03-30,14.5,18.9,11.7,13.1,18.3,76,0.0,0.0,0.0,0.0,4.79,9.5
2014-03-31,12.9,15.7,11.1,10.8,13.5,75,0.0,0.0,0.0,0.0,4.03,8.4
2014-04-01,13.8,16.8,11.3,12.8,15.3,86,0.0,0.0,0.0,0.0,4.12,8.7
2014-04-02,14.2,17.0,11.5,13.4,16.0,87,0.2,0.2,0.0,1.0,3.99,8.3
2014-04-03,15.0,19.0,10.8,13.2,17.6,76,0.4,0.4,0.0,1.0,6.53,10.9
2014-04-04,13.2,18.9,7.2,10.5,17.2,52,0.0,0.0,0.0,0.0,4.88,9.6
2014-04-05,12.8,19.5,9.3,9.6,17.6,60,0.0,0.0,0.0,0.0,7.47,15.0
2014-04-06,11.6,15.8,7.2,8.0,13.0,46,0.0,0.0,0.0,0.0,4.65,9.5
2014-04-07,14.0,18.8,10.9,11.1,17.0,69,0.7,0.7,0.0,4.0,6.79,12.9
2014-04-08,16.1,21.4,12.7,16.0,22.8,82,1.6,1.6,0.0,6.0,3.67,7.6
2014-04-09,16.2,21.9,12.8,16.3,23.4,82,0.0,0.0,0.0,0.0,3.76,7.6
2014-04-10,17.3,23.9,12.3,16.1,23.6,71,0.0,0.0,0.0,0.0,4.82,8.5
2014-04-11,15.7,18.3,13.6,13.6,16.0,81,3.9,3.9,0.0,5.0,6.27,12.0
2014-04-12,17.2,20.2,15.5,17.2,22.8,93,21.1,21.1,0.0,22.0,6.9,12.4
2014-04-13,14.5,16.0,12.4,12.8,15.5,86,0.4,0.4,0.0,2.0,6.23,11.8
2014-04-14,15.6,20.4,11.2,14.9,21.0,75,0.0,0.0,0.0,0.0,3.77,8.4
2014-04-15,15.9,20.2,12.1,13.8,18.2,69,0.0,0.0,0.0,0.0,6.33,12.2
2014-04-16,16.5,18.3,14.9,15.6,19.0,87,13.2,13.2,0.0,14.0,6.8,12.5
2014-04-17,18.3,21.0,16.1,19.9,23.1,90,4.8,4.8,0.0,4.0,3.26,12.0
2014-04-18,15.4,17.6,14.2,14.3,18.8,84,0.0,0.0,0.0,0.0,5.22,10.1
2014-04-19,14.1,14.7,13.7,12.5,13.4,93,19.5,19.5,0.0,15.0,6.61,11.4
2014-04-20,14.8,16.9,13.1,13.6,15.5,86,0.2,0.2,0.0,1.0,4.74,8.9
2014-04-21,13.5,14.9,12.4,12.6,13.8,89,18.1,18.1,0.0,23.0,3.85,7.2
2014-04-22,15.0,19.6,12.8,14.1,19.7,81,3.2,3.2,0.0,6.0,3.89,7.8
2014-04-23,15.6,20.4,11.8,14.4,19.2,68,0.0,0.0,0.0,0.0,4.88,10.5
2014-04-24,17.4,20.7,14.0,16.0,19.2,79,0.0,0.0,0.0,0.0,5.95,12.0
2014-04-25,18.6,21.5,16.5,16.9,19.8,78,1.2,1.2,0.0,4.0,8.41,15.6
2014-04-26,17.4,17.7,17.0,16.6,17.1,93,31.0,31.0,0.0,23.0,6.37,12.5
2014-04-27,17.8,19.8,16.6,17.5,19.2,87,4.2,4.2,0.0,8.0,5.12,11.1
2014-04-28,17.1,18.8,14.3,15.0,16.2,75,0.0,0.0,0.0,0.0,7.8,13.8
2014-04-29,17.4,22.7,13.2,16.5,21.4,71,0.0,0.0,0.0,0.0,5.44,11.1
2014-04-30,17.4,23.3,11.5,17.1,25.2,71,0.0,0.0,0.0,0.0,4.2,7.0
2014-05-01,21.1,27.6,15.7,21.5,29.6,69,0.0,0.0,0.0,0.0,4.43,7.4
2014-05-02,22.4,29.3,17.3,21.8,30.0,58,0.0,0.0,0.0,0.0,5.73,10.8
2014-05-03,17.2,18.8,15.5,14.9,17.3,58,0.0,0.0,0.0,0.0,4.87,9.8
2014-05-04,16.3,18.4,14.0,15.8,19.0,79,10.6,10.6,0.0,9.0,4.52,7.2
2014-05-05,16.2,19.6,13.5,13.5,18.3,45,0.0,0.0,0.0,0.0,4.59,8.9
2014-05-06,16.6,21.5,10.9,13.7,19.0,47,0.0,0.0,0.0,0.0,6.23,10.8
2014-05-07,19.6,25.0,14.6,18.2,24.4,67,0.0,0.0,0.0,0.0,6.17,11.9
2014-05-08,19.6,24.0,16.6,19.3,24.9,70,0.0,0.0,0.0,0.0,5.9,11.7
2014-05-09,17.5,19.7,15.8,15.7,17.2,71,0.0,0.0,0.0,0.0,5.66,10.3
2014-05-10,18.7,20.2,17.3,17.4,18.8,86,0.9,0.9,0.0,6.0,7.92,14.3
2014-05-11,20.1,21.6,18.3,20.3,23.4,91,18.6,18.6,0.0,19.0,8.15,14.2
2014-05-12,20.8,25.7,14.4,21.5,28.7,67,0.3,0.3,0.0,1.0,4.2,6.5
2014-05-13,20.6,24.5,16.7,19.6,23.6,64,7.5,7.5,0.0,6.0,5.95,11.9
2014-05-14,22.1,26.8,18.9,23.8,28.8,81,25.3,25.3,0.0,8.0,4.61,9.0
2014-05-15,21.4,25.5,17.6,21.8,26.7,66,0.0,0.0,0.0,0.0,4.1,8.8
2014-05-16,21.4,26.5,15.9,21.5,26.7,66,0.2,0.2,0.0,1.0,4.38,8.8
2014-05-17,18.7,20.3,17.7,18.4,20.3,85,6.5,6.5,0.0,13.0,5.4,11.1
2014-05-18,18.6,19.6,18.1,18.5,19.6,83,0.1,0.1,0.0,1.0,5.26,9.7
2014-05-19,19.2,21.3,17.7,20.4,22.0,89,4.8,4.8,0.0,8.0,3.88,8.0
2014-05-20,21.3,25.8,18.6,22.5,26.5,82,1.6,1.6,0.0,8.0,5.01,10.7
2014-05-21,22.7,28.2,17.0,24.2,30.9,76,0.0,0.0,0.0,0.0,4.79,7.8
2014-05-22,22.7,26.3,20.2,23.3,28.3,74,0.0,0.0,0.0,0.0,5.96,11.1
2014-05-23,22.3,25.7,19.3,22.2,26.1,73,0.0,0.0,0.0,0.0,7.37,14.7
2014-05-24,22.8,25.4,19.9,22.6,25.0,80,0.1,0.1,0.0,1.0,9.1,17.8
2014-05-25,24.5,27.5,22.4,28.0,31.4,89,11.9,11.9,0.0,19.0,5.79,12.2
2014-05-26,25.9,30.6,21.8,28.7,33.1,70,0.0,0.0,0.0,0.0,3.72,6.4
2014-05-27,26.7,32.2,22.0,28.4,33.0,62,0.0,0.0,0.0,0.0,4.58,9.2
2014-05-28,27.4,32.8,23.7,29.0,36.0,56,0.0,0.0,0.0,0.0,4.83,9.5
2014-05-29,26.4,30.7,22.5,27.9,33.5,61,0.0,0.0,0.0,0.0,4.11,9.1
2014-05-30,26.5,30.6,21.0,27.6,33.2,57,0.0,0.0,0.0,0.0,5.35,11.1
2014-05-31,23.8,26.3,21.7,24.5,27.7,74,1.1,1.1,0.0,1.0,7.1,14.0
2014-06-01,22.1,23.3,20.7,22.5,25.5,91,44.4,44.4,0.0,22.0,8.29,15.2
2014-06-02,23.9,26.0,21.0,24.8,27.5,79,0.6,0.6,0.0,2.0,7.59,15.3
2014-06-03,21.4,22.8,20.0,21.0,22.3,73,0.5,0.5,0.0,4.0,6.35,11.9
2014-06-04,22.0,24.5,19.7,22.3,24.8,74,0.3,0.3,0.0,2.0,5.77,10.7
2014-06-05,22.5,26.1,20.0,24.5,28.7,79,0.0,0.0,0.0,0.0,3.2,7.3
2014-06-06,23.5,27.0,20.3,26.0,31.4,79,0.0,0.0,0.0,0.0,4.14,8.5
2014-06-07,24.7,29.0,21.5,27.3,33.7,78,0.0,0.0,0.0,0.0,4.49,8.8
2014-06-08,23.7,26.1,21.7,25.7,28.1,82,0.0,0.0,0.0,0.0,4.68,8.9
2014-06-09,23.3,26.2,21.2,24.8,28.4,78,0.0,0.0,0.0,0.0,5.12,10.0
2014-06-10,23.6,26.8,21.8,25.7,29.2,81,0.0,0.0,0.0,0.0,5.35,10.7
2014-06-11,23.7,26.7,21.2,25.8,29.7,77,0.0,0.0,0.0,0.0,4.53,9.2
2014-06-12,24.0,28.1,20.7,26.2,29.9,73,0.1,0.1,0.0,1.0,4.06,8.0
2014-06-13,25.9,31.1,20.1,28.1,34.4,64,0.0,0.0,0.0,0.0,3.24,5.5
2014-06-14,27.3,32.1,23.0,29.9,36.1,61,0.0,0.0,0.0,0.0,3.96,6.6
2014-06-15,25.6,28.9,23.6,28.2,31.1,75,0.4,0.4,0.0,2.0,4.74,9.2
2014-06-16,23.6,24.3,22.5,24.8,26.0,85,1.5,1.5,0.0,5.0,7.21,13.4
2014-06-17,23.1,24.5,21.4,26.6,28.5,92,9.2,9.2,0.0,17.0,3.58,7.3
2014-06-18,22.5,24.6,21.3,24.4,26.7,81,0.0,0.0,0.0,0.0,4.31,8.9
2014-06-19,23.5,25.9,20.9,25.2,27.5,81,0.0,0.0,0.0,0.0,5.61,10.6
2014-06-20,24.1,26.4,22.9,27.6,31.3,91,12.5,12.5,0.0,11.0,5.36,9.3
2014-06-21,22.9,24.0,22.3,26.4,28.7,97,43.6,43.6,0.0,20.0,4.48,10.9
2014-06-22,22.8,24.1,21.8,25.6,26.9,87,3.0,3.0,0.0,12.0,3.61,8.8
2014-06-23,22.6,24.5,21.4,25.3,26.6,87,1.2,1.2,0.0,7.0,3.42,6.6
2014-06-24,24.2,27.5,20.6,26.9,30.4,81,0.0,0.0,0.0,0.0,4.56,7.8
2014-06-25,22.6,24.2,21.5,24.8,26.8,88,9.6,9.6,0.0,11.0,4.3,8.5
2014-06-26,22.5,23.6,21.9,25.7,27.4,96,41.1,41.1,0.0,24.0,4.3,9.4
2014-06-27,22.8,24.1,21.5,25.6,26.9,90,14.3,14.3,0.0,10.0,4.03,9.1
2014-06-28,23.7,27.6,20.4,26.9,31.1,83,0.3,0.3,0.0,2.0,3.92,7.1
2014-06-29,24.7,28.6,21.2,27.7,33.8,77,0.0,0.0,0.0,0.0,3.6,6.7
2014-06-30,23.9,27.1,22.3,26.1,29.1,78,1.4,1.4,0.0,6.0,4.44,9.2
2014-07-01,23.0,24.5,22.2,26.0,27.7,91,14.0,14.0,0.0,14.0,4.34,8.2
2014-07-02,25.0,27.0,23.4,28.9,31.2,91,4.3,4.3,0.0,13.0,4.48,11.0
2014-07-03,25.3,28.9,22.9,28.7,32.5,82,0.0,0.0,0.0,0.0,4.1,7.1
2014-07-04,24.3,26.7,22.9,27.2,29.6,85,3.7,3.7,0.0,10.0,5.28,8.9
2014-07-05,25.6,27.8,23.1,28.9,31.9,91,8.5,8.5,0.0,13.0,7.02,12.9
2014-07-06,25.3,27.5,23.1,28.5,31.0,82,21.5,21.5,0.0,9.0,5.87,10.7
2014-07-07,25.6,28.8,22.5,29.4,33.2,80,0.0,0.0,0.0,0.0,3.41,6.2
2014-07-08,26.0,28.7,23.8,29.5,33.1,84,0.0,0.0,0.0,0.0,6.5,11.0
2014-07-09,27.3,29.3,24.9,29.8,33.1,80,0.0,0.0,0.0,0.0,9.01,16.2
2014-07-10,28.9,33.2,25.2,35.0,41.1,81,1.0,1.0,0.0,5.0,3.49,7.7
2014-07-11,29.2,32.3,26.1,35.6,39.6,83,4.0,4.0,0.0,7.0,3.44,8.3
2014-07-12,27.9,30.2,25.5,34.4,37.7,87,31.2,31.2,0.0,17.0,2.88,7.9
2014-07-13,24.6,25.5,23.8,29.1,31.0,93,16.5,16.5,0.0,24.0,3.92,10.7
2014-07-14,26.1,29.2,23.7,30.3,33.7,83,11.0,11.0,0.0,10.0,3.96,8.2
2014-07-15,24.4,25.3,23.5,29.0,30.9,93,32.6,32.6,0.0,16.0,2.61,10.2
2014-07-16,26.9,29.8,24.1,32.1,36.2,88,5.6,5.6,0.0,11.0,4.31,9.2
2014-07-17,28.8,33.0,26.2,33.3,38.3,81,0.0,0.0,0.0,0.0,5.41,9.9
2014-07-18,29.1,31.9,27.2,34.3,38.4,84,0.0,0.0,0.0,0.0,5.66,10.4
2014-07-19,29.3,32.0,27.7,35.0,38.0,84,0.0,0.0,0.0,0.0,5.55,10.2
2014-07-20,29.8,33.4,27.1,36.0,41.3,82,0.1,0.1,0.0,1.0,4.44,8.4
2014-07-21,29.7,33.4,26.9,35.2,40.2,80,0.0,0.0,0.0,0.0,5.08,9.6
2014-07-22,30.1,33.7,27.5,35.2,40.0,79,0.0,0.0,0.0,0.0,5.6,10.5
2014-07-23,30.6,33.5,28.1,36.0,39.1,80,0.0,0.0,0.0,0.0,6.4,12.1
2014-07-24,30.3,32.4,28.9,33.8,36.0,79,0.1,0.1,0.0,1.0,10.4,19.6
2014-07-25,28.6,29.6,27.3,32.5,34.9,83,13.7,13.7,0.0,15.0,10.28,19.7
2014-07-26,28.4,31.6,26.5,34.3,39.3,86,8.7,8.7,0.0,9.0,3.94,7.0
2014-07-27,27.4,30.0,25.4,33.6,36.1,90,26.0,26.0,0.0,18.0,3.49,7.7
2014-07-28,27.5,30.0,25.0,33.5,37.3,86,7.6,7.6,0.0,11.0,2.82,7.7
2014-07-29,29.3,32.7,26.9,34.6,39.0,82,0.0,0.0,0.0,0.0,5.59,10.0
2014-07-30,29.9,33.1,27.4,35.4,39.8,81,0.0,0.0,0.0,0.0,5.11,9.5
2014-07-31,29.3,31.6,27.5,34.0,37.0,83,2.2,2.2,0.0,10.0,7.64,13.9
2014-08-01,26.8,27.7,26.2,29.3,31.5,87,28.0,28.0,0.0,17.0,9.07,15.9
2014-08-02,27.2,28.6,26.0,29.5,31.7,83,5.2,5.2,0.0,12.0,8.82,16.1
2014-08-03,29.8,32.8,26.4,34.8,39.1,77,0.7,0.7,0.0,5.0,5.45,10.5
2014-08-04,30.9,35.0,26.8,37.8,43.2,78,0.1,0.1,0.0,1.0,3.45,6.3
2014-08-05,30.4,34.0,28.0,36.7,41.5,81,0.0,0.0,0.0,0.0,4.74,8.9
2014-08-06,29.8,32.9,27.8,35.3,39.9,81,0.2,0.2,0.0,1.0,5.47,10.2
2014-08-07,29.2,31.8,27.6,34.5,37.5,81,0.0,0.0,0.0,0.0,4.9,9.2
2014-08-08,27.5,28.9,26.3,32.3,33.2,85,9.6,9.6,0.0,12.0,4.16,9.0
2014-08-09,26.6,27.7,25.8,31.7,32.3,86,4.1,4.1,0.0,15.0,2.65,6.0
2014-08-10,26.3,28.3,24.9,30.7,31.8,84,2.9,2.9,0.0,11.0,4.02,7.1
2014-08-11,26.0,28.4,24.2,29.8,31.6,82,0.0,0.0,0.0,0.0,3.64,8.3
2014-08-12,25.1,25.6,24.3,28.6,30.3,79,0.7,0.7,0.0,2.0,3.45,7.1
2014-08-13,26.4,27.8,25.2,30.2,31.8,83,4.7,4.7,0.0,8.0,4.98,9.0
2014-08-14,25.6,26.9,23.9,29.9,32.1,92,10.2,10.2,0.0,18.0,5.81,10.4
2014-08-15,24.9,26.6,23.6,28.8,30.4,86,0.0,0.0,0.0,0.0,3.14,5.4
2014-08-16,25.7,28.2,24.2,29.4,31.6,83,0.9,0.9,0.0,4.0,4.47,8.7
2014-08-17,23.2,24.6,22.6,26.0,28.2,93,29.3,29.3,0.0,15.0,5.77,11.0
2014-08-18,23.6,25.1,22.4,27.6,29.7,92,21.6,21.6,0.0,15.0,3.01,5.1
2014-08-19,23.5,24.6,22.8,27.4,28.3,91,47.8,47.8,0.0,24.0,2.56,4.8
2014-08-20,23.2,23.9,22.3,26.4,27.6,92,84.9,84.9,0.0,19.0,5.39,11.2
2014-08-21,24.7,28.9,20.6,28.7,33.7,83,0.0,0.0,0.0,0.0,3.04,5.3
2014-08-22,26.7,29.8,23.9,31.3,34.8,85,0.7,0.7,0.0,4.0,4.12,8.3
2014-08-23,27.9,30.6,25.8,34.3,36.7,87,6.3,6.3,0.0,12.0,2.6,6.5
2014-08-24,29.1,32.5,26.0,35.4,39.8,85,10.0,10.0,0.0,6.0,4.15,8.3
2014-08-25,26.7,29.6,25.0,30.4,33.5,80,0.0,0.0,0.0,0.0,5.4,9.4
2014-08-26,26.2,28.9,24.2,30.8,33.7,81,0.0,0.0,0.0,0.0,3.32,7.2
2014-08-27,23.0,24.1,22.2,25.2,28.1,83,9.3,9.3,0.0,21.0,4.88,10.5
2014-08-28,25.0,27.4,23.6,29.3,33.1,89,2.1,2.1,0.0,5.0,3.62,7.7
2014-08-29,25.0,27.3,23.6,29.8,31.8,91,18.5,18.5,0.0,13.0,2.97,9.8
2014-08-30,25.2,28.3,22.2,28.9,32.0,85,1.0,1.0,0.0,5.0,3.86,7.2
2014-08-31,25.7,27.5,23.8,29.3,30.9,84,0.4,0.4,0.0,4.0,4.53,7.9
2014-09-01,26.7,29.2,24.9,31.1,33.5,86,11.2,11.2,0.0,8.0,5.14,10.4
2014-09-02,26.8,30.9,24.1,31.4,36.5,86,9.9,9.9,0.0,6.0,4.28,10.4
2014-09-03,24.1,25.4,23.0,27.7,29.1,89,12.6,12.6,0.0,10.0,4.24,8.3
2014-09-04,24.6,27.8,21.6,27.7,31.0,80,0.0,0.0,0.0,0.0,2.87,5.4
2014-09-05,25.6,28.4,22.4,28.9,31.3,79,0.1,0.1,0.0,1.0,3.67,6.8
2014-09-06,26.5,29.7,24.6,30.4,34.0,80,0.0,0.0,0.0,0.0,4.02,8.0
2014-09-07,25.8,29.2,23.2,29.9,33.9,82,0.0,0.0,0.0,0.0,2.97,6.9
2014-09-08,25.5,28.3,23.2,29.2,32.2,79,0.0,0.0,0.0,0.0,2.85,5.5
2014-09-09,25.7,28.2,24.1,29.1,31.6,77,1.5,1.5,0.0,3.0,3.01,6.5
2014-09-10,25.3,26.9,23.8,28.4,29.3,80,0.3,0.3,0.0,3.0,4.64,8.0
2014-09-11,24.6,26.9,23.0,26.7,29.5,72,0.0,0.0,0.0,0.0,4.12,7.9
2014-09-12,24.4,26.1,23.1,27.2,29.7,84,10.4,10.4,0.0,12.0,4.78,9.2
2014-09-13,23.5,24.0,22.6,26.4,29.3,90,8.5,8.5,0.0,13.0,5.33,9.5
2014-09-14,24.5,26.6,22.9,26.7,28.2,82,0.3,0.3,0.0,3.0,6.12,11.5
2014-09-15,24.5,26.9,23.0,26.4,28.4,77,0.0,0.0,0.0,0.0,5.79,10.9
2014-09-16,24.5,27.1,22.4,26.2,27.9,75,0.0,0.0,0.0,0.0,5.4,10.1
2014-09-17,25.0,27.3,23.7,27.0,29.6,74,0.9,0.9,0.0,4.0,4.46,8.8
2014-09-18,21.5,23.9,20.1,22.3,25.4,82,11.9,11.9,0.0,21.0,5.8,9.6
2014-09-19,20.3,20.9,19.7,22.0,23.4,91,21.4,21.4,0.0,24.0,4.38,7.9
2014-09-20,22.4,25.2,19.4,24.5,26.7,84,1.4,1.4,0.0,9.0,3.89,7.5
2014-09-21,23.3,25.3,21.4,24.0,25.2,79,1.1,1.1,0.0,6.0,7.61,13.5
2014-09-22,23.3,24.6,21.6,23.1,24.9,85,17.7,17.7,0.0,17.0,10.74,21.5
2014-09-23,24.5,25.0,23.6,26.9,30.4,93,13.5,13.5,0.0,10.0,10.05,18.5
2014-09-24,23.9,26.2,21.9,25.8,28.0,83,0.0,0.0,0.0,0.0,6.51,11.8
2014-09-25,23.3,26.5,20.1,26.0,29.8,81,0.0,0.0,0.0,0.0,2.87,6.0
2014-09-26,23.8,26.8,21.5,26.4,28.8,81,0.0,0.0,0.0,0.0,3.67,7.5
2014-09-27,25.0,28.2,22.8,28.1,31.5,82,0.0,0.0,0.0,0.0,4.14,7.7
2014-09-28,25.0,28.1,23.0,27.4,31.2,81,0.0,0.0,0.0,0.0,5.31,9.8
2014-09-29,25.9,30.0,23.1,29.2,35.6,84,4.3,4.3,0.0,7.0,5.29,9.8
2014-09-30,21.2,22.9,18.6,20.8,25.0,80,0.0,0.0,0.0,0.0,7.54,13.8
2014-10-01,20.7,24.4,17.6,21.4,26.1,73,0.0,0.0,0.0,0.0,3.31,7.3
2014-10-02,22.7,26.9,18.9,24.8,28.7,76,0.0,0.0,0.0,0.0,3.32,6.7
2014-10-03,21.6,24.6,18.1,21.7,24.4,72,0.0,0.0,0.0,0.0,5.97,11.4
2014-10-04,20.7,24.2,17.6,20.1,23.5,69,0.0,0.0,0.0,0.0,6.2,11.6
2014-10-05,21.6,25.3,18.9,21.5,24.7,71,0.0,0.0,0.0,0.0,6.25,11.5
2014-10-06,20.4,23.1,16.9,19.4,20.8,68,0.0,0.0,0.0,0.0,5.94,11.4
2014-10-07,19.6,23.2,16.6,18.9,21.5,66,0.0,0.0,0.0,0.0,4.06,8.1
2014-10-08,20.5,23.6,17.8,20.7,23.0,71,0.0,0.0,0.0,0.0,3.94,7.7
2014-10-09,21.2,24.4,17.7,21.5,23.9,70,0.0,0.0,0.0,0.0,5.02,9.8
2014-10-10,21.8,24.9,19.7,22.3,25.6,79,0.0,0.0,0.0,0.0,5.9,11.5
2014-10-11,22.2,24.9,20.2,23.1,25.7,82,0.8,0.8,0.0,5.0,6.92,12.5
2014-10-12,21.9,24.3,20.4,20.4,22.0,74,0.0,0.0,0.0,0.0,9.24,17.8
2014-10-13,18.7,20.6,16.2,15.2,17.7,60,0.0,0.0,0.0,0.0,8.99,15.4
2014-10-14,16.3,20.3,12.8,13.6,17.5,58,0.0,0.0,0.0,0.0,5.27,10.4
2014-10-15,15.9,21.6,10.9,14.2,19.6,59,0.0,0.0,0.0,0.0,3.26,6.4
2014-10-16,18.3,23.4,13.1,17.7,23.1,68,0.0,0.0,0.0,0.0,4.36,8.4
2014-10-17,19.8,22.3,18.1,19.5,21.5,65,0.0,0.0,0.0,0.0,2.83,6.0
2014-10-18,20.3,23.3,18.1,20.0,22.2,70,0.0,0.0,0.0,0.0,4.48,8.9
2014-10-19,22.3,25.8,19.2,22.5,25.4,76,0.0,0.0,0.0,0.0,6.26,11.9
2014-10-20,23.7,28.6,20.5,25.4,30.6,76,0.0,0.0,0.0,0.0,5.15,9.2
2014-10-21,21.9,26.0,18.9,22.7,27.4,82,1.3,1.3,0.0,4.0,6.65,12.4
2014-10-22,19.0,22.6,16.6,18.1,21.0,75,0.0,0.0,0.0,0.0,6.14,11.6
2014-10-23,18.1,22.7,14.0,18.5,23.7,77,0.0,0.0,0.0,0.0,2.69,5.4
2014-10-24,19.1,24.1,14.7,18.8,23.3,72,0.0,0.0,0.0,0.0,3.97,8.1
2014-10-25,20.2,25.1,16.7,20.1,24.8,73,0.0,0.0,0.0,0.0,4.4,9.0
2014-10-26,21.6,27.3,18.0,23.2,29.1,77,0.0,0.0,0.0,0.0,3.09,5.8
2014-10-27,18.2,20.2,15.4,17.4,20.8,78,0.0,0.0,0.0,0.0,6.31,12.2
2014-10-28,17.6,20.9,14.2,16.5,19.4,70,0.0,0.0,0.0,0.0,4.65,9.9
2014-10-29,19.6,20.8,18.1,19.7,21.9,76,0.3,0.3,0.0,2.0,4.88,8.5
2014-10-30,20.4,21.5,19.3,22.4,23.6,91,15.4,15.4,0.0,19.0,3.91,7.1
2014-10-31,19.7,20.8,18.4,22.2,23.6,95,19.4,19.4,0.0,13.0,2.58,6.7
2014-11-01,18.8,20.4,17.8,19.6,21.2,88,0.6,0.6,0.0,4.0,4.04,8.0
2014-11-02,16.9,19.1,13.4,14.5,19.3,66,0.0,0.0,0.0,0.0,6.47,12.0
2014-11-03,13.1,17.2,10.0,10.0,13.9,57,0.0,0.0,0.0,0.0,4.74,9.1
2014-11-04,14.2,19.1,9.8,12.9,18.2,68,0.0,0.0,0.0,0.0,2.73,5.7
2014-11-05,16.6,21.4,11.9,15.4,19.7,69,0.4,0.4,0.0,2.0,3.81,8.0
2014-11-06,17.2,20.5,15.3,16.6,18.4,75,0.0,0.0,0.0,0.0,4.4,8.5
2014-11-07,15.8,17.7,14.1,13.7,15.0,70,0.0,0.0,0.0,0.0,5.73,10.6
2014-11-08,13.8,15.0,13.2,12.0,13.2,86,8.0,8.0,0.0,20.0,5.06,9.1
2014-11-09,14.8,16.8,13.5,13.1,14.3,74,0.0,0.0,0.0,0.0,4.8,9.7
2014-11-10,14.8,17.4,12.7,13.4,15.4,74,0.0,0.0,0.0,0.0,3.94,8.3
2014-11-11,15.2,18.2,12.8,14.4,16.9,71,0.0,0.0,0.0,0.0,2.66,5.1
2014-11-12,14.5,17.6,12.1,12.3,15.1,67,0.0,0.0,0.0,0.0,4.28,8.6
2014-11-13,11.7,14.6,7.5,8.5,11.2,55,0.0,0.0,0.0,0.0,3.91,8.0
2014-11-14,11.1,15.9,7.1,8.6,13.3,59,0.0,0.0,0.0,0.0,2.8,4.4
2014-11-15,13.8,17.4,9.1,11.5,14.3,66,1.2,1.2,0.0,3.0,4.83,9.7
2014-11-16,14.0,15.4,13.1,13.3,14.2,85,1.5,1.5,0.0,5.0,3.6,6.7
2014-11-17,12.2,14.9,10.0,9.0,11.8,67,0.0,0.0,0.0,0.0,6.28,11.8
2014-11-18,11.8,15.3,8.9,8.8,11.7,65,0.0,0.0,0.0,0.0,3.89,8.0
2014-11-19,12.6,16.0,8.9,10.2,13.1,68,0.2,0.2,0.0,1.0,4.13,7.1
2014-11-20,14.6,19.5,10.6,12.9,17.5,71,0.0,0.0,0.0,0.0,4.12,7.7
2014-11-21,16.7,21.7,13.0,16.0,20.7,81,0.0,0.0,0.0,0.0,4.08,7.8
2014-11-22,16.9,20.5,13.7,17.3,21.5,88,0.2,0.2,0.0,1.0,3.69,6.5
2014-11-23,18.3,21.2,15.8,18.7,21.9,89,0.0,0.0,0.0,0.0,5.32,10.2
2014-11-24,17.2,19.8,14.1,17.1,20.9,92,8.0,8.0,0.0,8.0,6.3,12.5
2014-11-25,13.4,14.2,12.1,11.7,12.8,84,4.9,4.9,0.0,11.0,4.14,9.0
2014-11-26,13.2,16.6,11.1,11.5,15.0,71,0.0,0.0,0.0,0.0,3.09,5.9
2014-11-27,15.7,19.6,10.9,13.7,16.9,75,0.0,0.0,0.0,0.0,6.61,11.7
2014-11-28,14.7,18.0,12.4,12.9,16.3,82,3.1,3.1,0.0,7.0,6.6,11.9
2014-11-29,15.2,17.7,12.5,13.9,17.4,87,5.3,5.3,0.0,8.0,5.69,10.0
2014-11-30,14.9,18.0,11.5,13.1,18.6,89,6.0,6.0,0.0,12.0,6.98,12.6
2014-12-01,7.6,11.5,3.2,2.0,7.6,56,0.0,0.0,0.0,0.0,8.22,15.4
2014-12-02,3.9,7.8,1.5,-0.4,3.7,56,0.0,0.0,0.0,0.0,4.95,9.2
2014-12-03,5.6,9.1,2.6,2.1,6.0,71,5.5,3.7,1.26,7.0,5.79,11.1
2014-12-04,4.3,6.7,2.5,-0.6,1.5,61,0.1,0.1,0.0,1.0,6.09,11.1
2014-12-05,3.7,7.3,1.2,-1.1,2.0,50,0.0,0.0,0.0,0.0,5.03,10.1
2014-12-06,4.6,9.5,-0.5,0.9,5.5,62,0.0,0.0,0.0,0.0,2.78,5.6
2014-12-07,8.3,12.8,4.6,5.0,9.2,66,0.0,0.0,0.0,0.0,3.96,7.7
2014-12-08,7.6,9.8,5.5,3.6,5.5,65,0.0,0.0,0.0,0.0,5.0,9.5
2014-12-09,9.1,10.9,7.5,5.6,7.5,67,0.0,0.0,0.0,0.0,6.0,10.4
2014-12-10,9.8,12.4,7.0,7.6,10.6,82,2.2,2.2,0.0,9.0,5.53,8.7
2014-12-11,6.6,7.9,5.6,2.1,2.9,70,1.1,1.1,0.0,4.0,6.66,11.7
2014-12-12,5.1,8.4,2.3,0.1,2.9,52,0.0,0.0,0.0,0.0,5.97,10.9
2014-12-13,3.9,8.3,0.1,-0.3,3.1,52,0.0,0.0,0.0,0.0,4.06,8.5
2014-12-14,5.1,10.5,0.3,1.5,6.9,59,0.0,0.0,0.0,0.0,3.08,4.9
2014-12-15,8.6,10.8,6.0,5.2,8.0,69,0.0,0.0,0.0,0.0,5.66,9.4
2014-12-16,4.1,7.0,1.2,-2.4,1.7,42,0.0,0.0,0.0,0.0,8.39,15.5
2014-12-17,2.3,6.5,-0.9,-3.1,0.1,42,0.0,0.0,0.0,0.0,6.52,12.4
2014-12-18,3.8,9.4,-1.8,0.3,5.6,64,0.0,0.0,0.0,0.0,3.0,6.3
2014-12-19,8.1,11.1,5.3,5.5,9.4,76,1.9,1.9,0.0,7.0,3.01,7.0
2014-12-20,5.5,8.4,3.1,1.2,3.7,67,0.0,0.0,0.0,0.0,5.24,10.1
2014-12-21,3.3,5.8,1.4,-1.8,-0.6,52,0.0,0.0,0.0,0.0,5.95,11.5
2014-12-22,2.6,8.0,-2.0,-1.6,3.7,53,0.0,0.0,0.0,0.0,3.39,7.5
2014-12-23,7.3,12.5,2.6,3.6,7.7,66,0.0,0.0,0.0,0.0,6.65,12.9
2014-12-24,8.0,12.5,5.3,4.0,7.7,60,0.0,0.0,0.0,0.0,4.48,8.9
2014-12-25,6.2,8.7,4.2,2.2,4.1,68,0.0,0.0,0.0,0.0,4.92,9.7
2014-12-26,6.6,9.8,4.0,2.8,5.7,67,0.0,0.0,0.0,0.0,4.86,9.6
2014-12-27,7.5,10.6,5.7,4.2,7.4,69,0.0,0.0,0.0,0.0,3.55,7.7
2014-12-28,6.4,10.7,3.3,3.3,7.2,73,0.0,0.0,0.0,0.0,3.61,6.8
2014-12-29,7.7,13.4,3.4,4.0,9.4,64,0.0,0.0,0.0,0.0,4.69,8.1
2014-12-30,8.5,16.0,3.7,5.4,12.9,67,0.0,0.0,0.0,0.0,3.22,6.6
2014-12-31,7.0,9.6,2.5,1.7,3.9,55,0.0,0.0,0.0,0.0,8.5,15.5
