time,temperature_2m_mean,temperature_2m_max,temperature_2m_min,apparent_temperature_mean,apparent_temperature_max,relative_humidity_2m_mean,precipitation_sum,rain_sum,snowfall_sum,precipitation_hours,wind_speed_10m_max,wind_gusts_10m_max
2015-01-01,1.6,4.8,-1.7,-4.0,-1.6,42,0.0,0.0,0.0,0.0,6.31,12.1
2015-01-02,2.2,8.8,-3.6,-1.9,4.2,56,0.0,0.0,0.0,0.0,2.76,6.6
2015-01-03,6.4,11.1,2.4,2.5,7.3,61,0.0,0.0,0.0,0.0,4.92,10.1
2015-01-04,8.9,16.5,2.9,5.9,13.9,64,0.0,0.0,0.0,0.0,3.54,5.4
2015-01-05,13.4,17.3,8.8,11.1,15.6,77,0.0,0.0,0.0,0.0,5.53,10.3
2015-01-06,6.9,13.4,2.6,2.1,9.7,73,1.5,1.5,0.0,6.0,7.67,14.1
2015-01-07,4.3,6.6,2.0,0.0,1.5,66,0.0,0.0,0.0,0.0,4.79,9.6
2015-01-08,3.4,8.2,0.4,-0.5,3.4,67,0.0,0.0,0.0,0.0,3.99,8.2
2015-01-09,5.0,11.2,-0.1,1.8,7.7,66,0.0,0.0,0.0,0.0,2.73,5.4
2015-01-10,6.1,13.5,1.8,2.8,10.1,69,0.0,0.0,0.0,0.0,2.85,5.7
2015-01-11,7.0,14.6,1.9,3.6,11.2,71,0.0,0.0,0.0,0.0,3.81,7.7
2015-01-12,6.4,8.1,4.6,2.3,3.4,71,0.0,0.0,0.0,0.0,5.46,10.5
2015-01-13,7.6,9.1,6.4,4.3,5.4,81,8.8,8.8,0.0,11.0,4.6,7.7
2015-01-14,8.4,9.9,7.6,4.7,5.4,88,23.7,23.7,0.0,13.0,6.82,13.3
2015-01-15,7.4,9.1,5.6,4.3,5.4,76,0.0,0.0,0.0,0.0,4.72,8.9
2015-01-16,6.5,8.1,5.1,3.1,3.7,74,0.0,0.0,0.0,0.0,5.11,9.3
2015-01-17,4.5,6.0,2.4,0.3,2.3,66,0.0,0.0,0.0,0.0,5.17,10.1
2015-01-18,5.8,9.9,2.0,2.0,4.9,68,0.0,0.0,0.0,0.0,5.62,10.8
2015-01-19,6.6,11.3,2.2,2.8,7.5,60,0.0,0.0,0.0,0.0,3.64,6.8
2015-01-20,8.0,11.6,5.0,4.6,7.3,72,2.6,2.6,0.0,5.0,5.04,9.4
2015-01-21,10.1,15.4,6.8,6.6,11.0,70,0.9,0.9,0.0,2.0,5.35,10.4
2015-01-22,5.6,7.8,3.4,1.4,3.7,73,0.0,0.0,0.0,0.0,5.87,10.5
2015-01-23,4.9,9.0,0.6,1.6,5.7,75,0.0,0.0,0.0,0.0,4.24,7.9
2015-01-24,9.9,14.6,6.2,6.9,11.9,79,0.0,0.0,0.0,0.0,6.15,10.3
2015-01-25,11.7,13.8,9.8,9.6,11.8,84,0.0,0.0,0.0,0.0,6.01,10.5
2015-01-26,8.2,10.2,7.2,5.2,7.3,83,0.0,0.0,0.0,0.0,4.58,8.6
2015-01-27,5.3,7.2,3.1,0.5,3.5,79,0.9,0.9,0.0,6.0,7.43,13.5
2015-01-28,4.2,5.5,3.1,-0.6,0.8,73,0.0,0.0,0.0,0.0,6.48,11.9
2015-01-29,4.1,5.3,3.2,0.2,1.7,87,7.9,7.9,0.0,23.0,4.3,8.2
2015-01-30,3.3,4.8,2.1,-1.4,-0.3,76,0.1,0.1,0.0,1.0,5.47,10.0
2015-01-31,3.4,5.2,2.1,-1.4,0.2,62,0.0,0.0,0.0,0.0,5.41,10.3
2015-02-01,4.3,5.8,2.8,0.7,2.2,71,0.1,0.1,0.0,1.0,3.42,7.4
2015-02-02,5.4,6.8,4.3,2.3,3.8,78,0.0,0.0,0.0,0.0,3.48,7.1
2015-02-03,5.9,7.5,4.7,3.1,4.3,80,0.2,0.2,0.0,1.0,2.7,5.6
2015-02-04,5.4,8.4,3.0,1.7,3.6,72,0.0,0.0,0.0,0.0,5.0,9.8
2015-02-05,3.5,6.0,0.6,-1.3,0.1,62,0.0,0.0,0.0,0.0,6.48,12.4
2015-02-06,3.6,8.6,-0.1,0.2,5.1,63,0.0,0.0,0.0,0.0,2.57,5.5
2015-02-07,5.7,11.8,0.6,2.8,9.6,64,0.0,0.0,0.0,0.0,2.37,4.9
2015-02-08,3.5,6.1,0.6,-2.2,1.6,55,0.0,0.0,0.0,0.0,7.31,13.7
2015-02-09,1.7,5.4,-0.7,-2.5,1.5,58,0.0,0.0,0.0,0.0,3.57,7.7
2015-02-10,3.3,9.6,-2.1,-0.6,6.2,60,0.0,0.0,0.0,0.0,3.28,6.9
2015-02-11,8.4,15.1,2.5,4.6,11.0,56,0.0,0.0,0.0,0.0,4.59,9.3
2015-02-12,8.4,13.0,5.5,4.8,9.9,64,0.0,0.0,0.0,0.0,4.47,8.2
2015-02-13,7.9,12.0,5.1,4.6,8.7,73,0.2,0.2,0.0,1.0,4.57,10.2
2015-02-14,11.7,17.7,6.6,8.9,15.2,77,0.0,0.0,0.0,0.0,6.48,11.5
2015-02-15,14.3,16.4,12.8,13.4,15.9,85,4.1,4.1,0.0,9.0,5.5,10.4
2015-02-16,12.2,14.2,8.4,10.1,13.4,82,0.0,0.0,0.0,0.0,5.59,10.5
2015-02-17,8.3,12.5,5.3,5.7,9.9,74,0.0,0.0,0.0,0.0,3.23,6.6
2015-02-18,6.5,10.6,3.7,2.8,6.7,69,0.0,0.0,0.0,0.0,5.88,11.6
2015-02-19,6.0,9.9,3.0,2.5,7.1,68,0.0,0.0,0.0,0.0,4.22,8.1
2015-02-20,9.1,10.9,5.9,5.0,8.4,80,13.6,13.6,0.0,13.0,8.18,15.4
2015-02-21,9.9,11.2,9.0,7.9,10.3,90,8.1,8.1,0.0,10.0,4.7,9.8
2015-02-22,8.2,9.8,6.0,5.0,7.6,78,0.0,0.0,0.0,0.0,4.37,8.4
2015-02-23,6.3,8.5,3.3,2.9,5.3,76,5.0,4.3,0.49,8.0,4.12,8.0
2015-02-24,7.9,9.4,7.0,5.1,6.8,81,1.7,1.7,0.0,4.0,3.57,7.3
2015-02-25,8.3,8.7,7.8,5.8,7.0,92,26.2,26.2,0.0,22.0,4.59,8.5
2015-02-26,8.4,9.6,7.6,5.1,6.3,84,3.0,3.0,0.0,6.0,5.95,10.9
2015-02-27,5.8,7.9,3.1,1.3,4.0,77,15.4,13.3,1.47,12.0,7.03,13.3
2015-02-28,5.0,6.2,3.2,1.1,3.0,91,18.6,18.5,0.07,19.0,6.02,10.2
2015-03-01,5.7,9.0,3.0,1.8,5.5,74,0.0,0.0,0.0,0.0,6.17,10.8
2015-03-02,7.5,11.4,2.9,3.8,7.5,71,0.3,0.3,0.0,1.0,6.35,12.3
2015-03-03,9.5,13.8,5.7,5.9,9.3,75,4.5,4.5,0.0,6.0,7.31,14.8
2015-03-04,5.0,6.1,4.0,0.2,1.4,55,0.0,0.0,0.0,0.0,5.09,9.8
2015-03-05,4.6,6.0,3.8,0.5,1.6,69,1.8,1.8,0.0,8.0,4.44,9.0
2015-03-06,6.2,7.8,4.5,2.9,4.6,73,0.0,0.0,0.0,0.0,3.18,6.1
2015-03-07,7.1,10.2,5.1,4.3,7.3,72,0.0,0.0,0.0,0.0,3.99,7.8
2015-03-08,9.0,10.7,6.3,6.7,8.4,92,8.0,8.0,0.0,10.0,6.04,9.5
2015-03-09,8.5,12.0,4.7,4.5,7.3,78,0.0,0.0,0.0,0.0,7.06,13.2
2015-03-10,4.0,6.1,2.1,-0.8,2.0,55,0.0,0.0,0.0,0.0,6.03,10.8
2015-03-11,5.5,9.4,1.5,2.1,6.4,59,0.0,0.0,0.0,0.0,2.75,6.8
2015-03-12,9.0,15.1,3.2,5.8,12.9,63,0.0,0.0,0.0,0.0,5.54,9.3
2015-03-13,12.6,19.5,6.9,10.4,18.0,67,0.0,0.0,0.0,0.0,5.18,9.3
2015-03-14,10.3,12.3,9.0,7.7,9.5,86,2.7,2.7,0.0,5.0,5.43,11.5
2015-03-15,10.9,11.6,10.0,8.9,10.4,90,4.3,4.3,0.0,6.0,4.5,8.3
2015-03-16,12.6,15.0,10.7,11.1,13.8,91,4.8,4.8,0.0,7.0,4.09,8.5
2015-03-17,15.5,20.4,12.6,14.9,20.3,91,0.0,0.0,0.0,0.0,4.96,10.0
2015-03-18,15.0,17.3,10.4,14.4,17.0,91,12.8,12.8,0.0,12.0,5.11,10.4
2015-03-19,12.2,15.8,9.8,10.3,15.2,81,5.8,5.8,0.0,3.0,4.92,8.4
2015-03-20,11.2,12.6,10.2,9.4,11.6,83,6.0,6.0,0.0,9.0,4.12,7.5
2015-03-21,13.9,19.4,10.2,13.5,20.2,81,1.2,1.2,0.0,3.0,3.44,6.6
2015-03-22,13.7,18.7,10.9,11.6,17.2,63,0.0,0.0,0.0,0.0,4.18,8.5
2015-03-23,11.2,13.5,9.4,8.1,10.5,68,0.0,0.0,0.0,0.0,5.07,10.7
2015-03-24,10.8,14.0,8.5,7.4,10.9,54,0.0,0.0,0.0,0.0,4.78,10.4
2015-03-25,11.0,14.4,8.4,7.8,11.9,59,0.0,0.0,0.0,0.0,4.77,10.1
2015-03-26,12.1,15.1,9.7,9.3,12.4,74,2.9,2.9,0.0,4.0,6.2,12.0
2015-03-27,11.3,12.9,9.5,9.4,11.0,87,9.6,9.6,0.0,8.0,4.02,9.7
2015-03-28,13.4,19.8,8.9,12.6,19.2,80,0.0,0.0,0.0,0.0,2.79,6.8
2015-03-29,16.2,22.5,10.3,15.5,22.8,73,0.0,0.0,0.0,0.0,4.88,7.8
2015-03-30,15.6,16.2,14.2,13.5,15.6,85,16.0,16.0,0.0,10.0,7.47,13.4
2015-03-31,20.5,27.3,15.3,21.8,30.4,83,0.0,0.0,0.0,0.0,3.93,7.7
2015-04-01,18.7,21.3,16.7,19.3,22.7,90,0.0,0.0,0.0,0.0,5.55,11.0
2015-04-02,21.6,28.0,16.7,22.0,29.4,80,5.4,5.4,0.0,5.0,6.76,12.8
2015-04-03,13.5,18.6,11.8,11.9,19.8,86,21.3,21.3,0.0,16.0,4.57,15.0
2015-04-04,15.9,20.9,12.9,15.2,21.4,88,0.0,0.0,0.0,0.0,5.44,12.9
2015-04-05,13.3,14.9,10.9,11.9,14.9,90,1.1,1.1,0.0,5.0,5.85,10.4
2015-04-06,11.2,12.2,9.8,8.0,9.4,88,12.0,12.0,0.0,10.0,6.98,12.6
2015-04-07,7.9,9.7,5.5,3.5,5.7,78,8.5,8.5,0.0,13.0,6.67,12.4
2015-04-08,8.8,11.6,6.5,5.1,8.7,63,0.0,0.0,0.0,0.0,5.66,11.0
2015-04-09,10.4,13.9,5.8,8.4,13.0,72,0.0,0.0,0.0,0.0,3.08,7.6
2015-04-10,12.7,16.3,9.7,11.2,14.8,75,0.0,0.0,0.0,0.0,3.85,7.5
2015-04-11,13.1,17.7,8.3,11.4,16.0,71,0.0,0.0,0.0,0.0,3.81,8.4
2015-04-12,14.5,19.3,11.7,13.1,18.2,73,0.1,0.1,0.0,1.0,3.62,8.1
2015-04-13,11.4,14.3,8.5,7.5,10.5,68,0.4,0.4,0.0,2.0,8.59,16.3
2015-04-14,11.1,16.4,7.5,6.5,12.3,69,1.3,1.3,0.0,7.0,9.55,16.6
2015-04-15,16.0,22.1,9.7,13.7,19.9,61,0.0,0.0,0.0,0.0,4.85,9.6
2015-04-16,17.5,23.9,13.0,15.7,23.7,64,0.8,0.8,0.0,4.0,6.3,11.7
2015-04-17,15.5,18.8,12.7,12.3,15.6,63,0.0,0.0,0.0,0.0,7.38,13.9
2015-04-18,19.6,25.1,16.3,19.8,26.0,80,0.0,0.0,0.0,0.0,5.69,10.5
2015-04-19,18.7,23.5,13.5,19.8,26.7,86,3.9,3.9,0.0,8.0,5.61,9.2
2015-04-20,13.3,16.4,11.6,10.0,13.1,74,2.4,2.4,0.0,5.0,6.71,13.0
2015-04-21,14.0,19.1,8.7,12.5,19.2,65,0.0,0.0,0.0,0.0,3.14,8.0
2015-04-22,16.1,23.1,8.1,15.4,25.0,68,0.0,0.0,0.0,0.0,2.91,5.1
2015-04-23,17.9,24.2,12.6,15.6,22.4,49,0.0,0.0,0.0,0.0,4.51,9.9
2015-04-24,17.6,21.2,14.7,16.6,20.5,66,0.0,0.0,0.0,0.0,3.58,7.1
2015-04-25,18.6,25.7,11.9,18.9,27.1,71,0.0,0.0,0.0,0.0,2.94,5.9
2015-04-26,19.8,25.3,15.3,18.1,25.3,55,0.0,0.0,0.0,0.0,5.51,10.5
2015-04-27,20.0,23.7,16.9,18.9,23.4,74,0.2,0.2,0.0,1.0,6.91,13.1
2015-04-28,22.8,28.7,18.6,23.8,30.7,74,0.2,0.2,0.0,2.0,5.25,10.3
2015-04-29,18.2,19.9,15.8,17.7,20.4,80,0.0,0.0,0.0,0.0,6.0,11.2
2015-04-30,19.3,25.5,15.1,19.5,26.5,75,0.0,0.0,0.0,0.0,4.34,9.2
2015-05-01,18.5,22.6,15.8,18.2,23.9,82,0.0,0.0,0.0,0.0,6.79,11.4
2015-05-02,19.8,21.4,17.9,20.2,23.0,91,18.9,18.9,0.0,15.0,7.08,12.5
2015-05-03,18.7,22.7,16.0,18.2,22.9,78,0.0,0.0,0.0,0.0,5.34,10.3
2015-05-04,18.5,23.4,14.9,17.8,22.5,66,0.0,0.0,0.0,0.0,5.64,10.7
2015-05-05,17.6,22.3,12.1,15.6,21.2,53,0.0,0.0,0.0,0.0,4.55,9.3
2015-05-06,18.9,21.4,16.7,18.2,21.2,72,0.3,0.3,0.0,2.0,4.41,8.3
2015-05-07,19.8,25.3,16.0,20.5,27.8,77,0.0,0.0,0.0,0.0,4.48,9.0
2015-05-08,19.0,22.9,17.1,17.9,21.8,78,19.4,19.4,0.0,9.0,6.93,13.4
2015-05-09,18.0,20.5,16.1,17.9,21.1,85,7.3,7.3,0.0,5.0,4.79,12.8
2015-05-10,18.5,21.3,15.8,17.8,21.0,78,0.0,0.0,0.0,0.0,5.96,11.4
2015-05-11,18.5,22.9,14.7,17.9,24.1,91,22.1,22.1,0.0,18.0,8.16,15.5
2015-05-12,19.1,25.0,13.2,16.8,22.0,60,0.0,0.0,0.0,0.0,8.15,14.9
2015-05-13,22.2,27.7,15.0,21.5,27.6,61,0.0,0.0,0.0,0.0,6.04,11.3
2015-05-14,22.7,24.0,21.7,23.8,25.7,79,4.8,4.8,0.0,8.0,5.6,10.5
2015-05-15,21.8,23.5,18.3,24.6,27.2,93,20.8,20.8,0.0,16.0,6.53,10.1
2015-05-16,19.0,21.8,16.7,18.0,20.2,69,0.0,0.0,0.0,0.0,5.46,9.5
2015-05-17,19.5,23.0,15.4,19.1,22.8,71,0.0,0.0,0.0,0.0,5.23,10.3
2015-05-18,20.0,21.1,19.2,22.7,24.9,95,34.6,34.6,0.0,17.0,4.75,7.7
2015-05-19,21.4,26.4,19.1,23.8,30.6,89,0.0,0.0,0.0,0.0,4.28,8.4
2015-05-20,20.9,25.4,16.7,20.9,25.4,69,0.0,0.0,0.0,0.0,6.16,11.6
2015-05-21,19.3,22.9,15.3,18.3,23.2,59,0.0,0.0,0.0,0.0,4.12,9.7
2015-05-22,20.0,23.8,16.1,19.5,24.1,69,0.0,0.0,0.0,0.0,5.53,10.9
2015-05-23,20.6,22.0,19.4,21.8,22.9,85,1.9,1.9,0.0,5.0,4.12,8.2
2015-05-24,21.2,23.8,19.4,22.8,25.2,82,0.1,0.1,0.0,1.0,3.57,7.3
2015-05-25,21.5,25.7,18.2,22.8,27.9,75,0.0,0.0,0.0,0.0,3.92,8.3
2015-05-26,22.0,25.5,18.3,21.7,24.8,64,0.0,0.0,0.0,0.0,5.13,10.0
2015-05-27,21.7,23.8,20.7,22.2,24.0,83,6.3,6.3,0.0,9.0,7.25,13.7
2015-05-28,21.9,24.2,20.4,24.1,26.3,89,0.0,0.0,0.0,0.0,4.85,8.1
2015-05-29,21.9,22.9,20.7,23.7,25.6,90,10.6,10.6,0.0,11.0,5.8,10.4
2015-05-30,21.9,23.5,19.6,24.1,25.9,90,13.1,13.1,0.0,11.0,5.79,11.1
2015-05-31,21.6,25.2,19.0,23.3,26.8,81,0.0,0.0,0.0,0.0,3.76,7.4
2015-06-01,23.1,27.0,19.6,24.8,30.2,81,0.1,0.1,0.0,1.0,5.82,11.1
2015-06-02,24.3,25.8,22.8,28.3,30.8,93,87.0,87.0,0.0,21.0,4.74,12.2
2015-06-03,22.2,24.8,20.5,22.6,27.2,73,27.3,27.3,0.0,4.0,6.32,12.2
2015-06-04,21.4,24.8,18.1,21.7,25.2,64,1.8,1.8,0.0,4.0,3.98,9.1
2015-06-05,22.6,27.3,18.1,24.1,29.2,68,0.0,0.0,0.0,0.0,3.7,7.1
2015-06-06,24.3,29.0,20.5,25.1,30.4,70,0.0,0.0,0.0,0.0,6.8,12.1
2015-06-07,22.8,24.6,21.8,24.5,26.3,85,4.8,4.8,0.0,7.0,5.94,10.4
2015-06-08,22.2,22.6,21.7,25.8,26.8,97,82.0,82.0,0.0,21.0,3.47,7.6
2015-06-09,22.4,25.7,21.0,25.0,28.2,87,2.4,2.4,0.0,10.0,4.2,8.3
2015-06-10,22.4,24.4,20.9,25.5,28.5,94,24.5,24.5,0.0,21.0,4.61,7.5
2015-06-11,27.0,31.3,23.4,29.8,33.8,73,5.6,5.6,0.0,7.0,5.72,11.3
2015-06-12,27.7,33.4,22.4,30.3,36.9,65,0.0,0.0,0.0,0.0,4.84,9.0
2015-06-13,27.1,30.7,24.3,29.8,34.6,71,0.2,0.2,0.0,1.0,5.03,9.3
2015-06-14,26.0,29.7,23.2,28.8,33.1,74,0.0,0.0,0.0,0.0,4.62,10.7
2015-06-15,24.1,26.6,22.8,27.9,30.5,88,16.0,16.0,0.0,24.0,3.44,11.0
2015-06-16,21.5,23.0,20.4,23.5,27.0,93,33.1,33.1,0.0,24.0,4.92,14.0
2015-06-17,22.8,24.7,21.2,26.1,29.8,95,58.0,58.0,0.0,24.0,4.39,15.1
2015-06-18,22.3,24.1,21.1,24.2,25.7,87,4.5,4.5,0.0,10.0,4.82,10.1
2015-06-19,23.4,26.8,20.0,25.9,30.1,80,0.0,0.0,0.0,0.0,3.89,8.1
2015-06-20,24.3,27.6,21.6,26.9,31.7,79,0.0,0.0,0.0,0.0,4.38,9.3
2015-06-21,23.3,25.9,20.8,25.7,28.3,85,7.0,7.0,0.0,7.0,4.93,9.6
2015-06-22,22.3,24.4,20.5,24.9,28.4,93,19.3,19.3,0.0,16.0,5.52,10.5
2015-06-23,25.0,27.5,23.1,29.8,32.4,92,3.8,3.8,0.0,7.0,3.42,7.2
2015-06-24,26.9,30.9,24.2,32.3,37.3,89,5.9,5.9,0.0,7.0,4.22,7.9
2015-06-25,29.8,33.5,26.3,35.5,39.2,80,2.3,2.3,0.0,8.0,4.47,11.0
2015-06-26,25.2,28.3,23.2,29.5,32.9,89,34.8,34.8,0.0,21.0,4.03,10.9
2015-06-27,22.6,23.4,21.8,24.8,26.6,93,57.0,57.0,0.0,24.0,6.0,15.9
2015-06-28,22.2,22.6,21.6,24.3,25.1,91,37.0,37.0,0.0,19.0,4.84,11.9
2015-06-29,24.2,26.3,22.5,27.4,30.5,91,13.9,13.9,0.0,12.0,5.38,11.6
2015-06-30,27.3,31.9,22.2,31.9,37.4,86,3.7,3.7,0.0,9.0,5.31,13.4
2015-07-01,22.9,26.4,20.6,25.8,29.1,85,36.1,36.1,0.0,13.0,3.1,8.0
2015-07-02,24.3,27.5,21.2,27.7,31.9,81,0.0,0.0,0.0,0.0,2.97,5.9
2015-07-03,24.5,27.2,21.7,27.4,30.3,79,0.0,0.0,0.0,0.0,3.79,8.1
2015-07-04,22.5,23.7,20.8,24.7,27.1,83,5.2,5.2,0.0,16.0,3.54,6.4
2015-07-05,21.6,23.2,20.0,22.9,23.7,79,1.6,1.6,0.0,5.0,5.31,9.4
2015-07-06,20.0,21.1,18.9,20.5,21.6,86,23.6,23.6,0.0,21.0,5.68,10.0
2015-07-07,21.5,23.4,19.5,22.3,24.0,86,18.5,18.5,0.0,22.0,7.49,12.7
2015-07-08,22.5,23.6,21.2,24.6,26.0,89,10.5,10.5,0.0,12.0,5.66,10.8
2015-07-09,24.9,27.0,22.9,28.2,30.2,89,0.2,0.2,0.0,2.0,5.82,10.9
2015-07-10,26.3,28.9,24.3,28.0,31.7,84,0.3,0.3,0.0,2.0,11.03,20.6
2015-07-11,24.9,26.0,24.3,24.5,25.6,91,57.7,57.7,0.0,24.0,13.16,24.6
2015-07-12,25.6,28.9,23.9,27.3,31.2,85,3.8,3.8,0.0,7.0,10.09,17.6
2015-07-13,27.8,32.0,24.4,32.8,39.7,81,2.2,2.2,0.0,5.0,3.73,6.8
2015-07-14,27.8,31.2,23.8,32.7,37.0,81,0.0,0.0,0.0,0.0,3.61,7.9
2015-07-15,26.7,29.8,24.2,31.2,36.0,83,0.0,0.0,0.0,0.0,4.22,8.6
2015-07-16,26.5,28.5,24.8,30.0,32.2,83,0.0,0.0,0.0,0.0,5.2,9.8
2015-07-17,25.9,27.5,24.8,28.4,29.1,84,0.0,0.0,0.0,0.0,7.04,12.9
2015-07-18,25.8,27.9,24.7,28.6,30.9,87,3.2,3.2,0.0,7.0,6.66,12.5
2015-07-19,26.3,29.1,24.1,30.2,33.4,84,0.0,0.0,0.0,0.0,4.4,8.1
2015-07-20,27.0,29.6,24.7,32.1,35.4,86,0.0,0.0,0.0,0.0,3.61,7.1
2015-07-21,27.1,28.5,25.6,32.6,33.9,88,0.6,0.6,0.0,4.0,3.04,6.0
2015-07-22,28.0,30.8,25.8,34.5,38.0,87,1.7,1.7,0.0,7.0,2.66,5.9
2015-07-23,27.8,30.1,26.7,33.7,36.4,89,11.6,11.6,0.0,10.0,3.48,8.2
2015-07-24,29.2,32.2,26.4,35.5,39.1,84,3.3,3.3,0.0,6.0,4.25,9.6
2015-07-25,29.8,33.7,26.6,36.9,41.8,83,4.0,4.0,0.0,8.0,2.24,6.4
2015-07-26,30.7,34.4,27.4,38.5,44.1,81,5.1,5.1,0.0,8.0,2.6,6.8
2015-07-27,32.2,35.9,28.1,39.7,44.5,75,0.1,0.1,0.0,1.0,3.4,7.3
2015-07-28,32.8,36.7,29.2,39.1,42.9,69,0.0,0.0,0.0,0.0,3.71,7.6
2015-07-29,32.3,36.7,29.0,38.2,44.0,68,0.0,0.0,0.0,0.0,4.03,6.4
2015-07-30,31.0,34.6,27.2,36.2,41.3,68,0.0,0.0,0.0,0.0,4.01,6.6
2015-07-31,31.8,36.2,28.1,37.2,42.3,66,0.0,0.0,0.0,0.0,3.22,6.2
2015-08-01,31.2,35.5,28.1,37.6,43.0,73,0.2,0.2,0.0,1.0,3.11,6.1
2015-08-02,32.0,36.8,28.1,38.0,43.6,73,0.0,0.0,0.0,0.0,5.24,8.4
2015-08-03,32.0,35.9,28.8,36.9,42.6,68,0.0,0.0,0.0,0.0,5.28,9.5
2015-08-04,32.1,37.1,28.3,37.0,44.1,66,0.0,0.0,0.0,0.0,5.66,9.8
2015-08-05,31.0,35.4,27.8,35.6,42.4,71,0.0,0.0,0.0,0.0,6.62,11.0
2015-08-06,29.8,33.3,27.2,33.8,38.1,75,0.0,0.0,0.0,0.0,6.8,12.2
2015-08-07,29.7,32.1,28.3,34.7,37.2,83,9.2,9.2,0.0,9.0,6.71,13.4
2015-08-08,29.4,31.0,28.4,33.4,35.3,82,5.8,5.8,0.0,9.0,7.62,15.0
2015-08-09,28.3,29.4,27.5,32.1,32.8,86,11.7,11.7,0.0,18.0,7.69,13.8
2015-08-10,27.3,27.7,26.7,30.5,31.8,91,24.2,24.2,0.0,22.0,9.31,16.6
2015-08-11,27.3,29.3,25.7,30.0,32.4,82,5.2,5.2,0.0,10.0,9.29,15.8
2015-08-12,26.9,30.2,24.5,30.6,33.9,78,0.0,0.0,0.0,0.0,4.69,9.2
2015-08-13,26.9,29.4,24.5,31.4,33.9,78,0.5,0.5,0.0,4.0,2.69,5.2
2015-08-14,26.8,30.2,23.0,30.1,33.6,72,0.0,0.0,0.0,0.0,3.91,8.0
2015-08-15,27.3,29.9,25.5,31.5,34.1,81,0.7,0.7,0.0,4.0,4.43,8.4
2015-08-16,26.9,28.5,25.4,31.0,32.0,82,1.2,1.2,0.0,6.0,4.57,8.8
2015-08-17,27.0,30.3,24.5,31.5,35.7,79,0.0,0.0,0.0,0.0,3.68,7.1
2015-08-18,27.1,29.6,24.1,31.1,33.3,80,0.4,0.4,0.0,3.0,4.6,8.6
2015-08-19,28.2,32.1,25.0,32.9,37.7,78,0.0,0.0,0.0,0.0,4.12,8.4
2015-08-20,28.2,31.3,26.1,33.3,37.6,83,7.6,7.6,0.0,6.0,4.21,10.0
2015-08-21,26.3,28.1,25.1,31.0,32.5,86,7.0,7.0,0.0,17.0,2.83,7.0
2015-08-22,24.8,26.0,23.7,28.2,31.4,86,19.0,19.0,0.0,24.0,5.3,9.9
2015-08-23,25.3,26.2,24.6,28.9,30.0,90,18.9,18.9,0.0,24.0,5.98,11.3
2015-08-24,24.9,26.2,23.8,27.7,30.3,90,18.4,18.4,0.0,18.0,8.27,13.5
2015-08-25,25.6,28.9,23.2,28.1,31.5,79,0.3,0.3,0.0,2.0,6.26,11.3
2015-08-26,25.7,28.9,22.6,29.6,33.0,81,0.1,0.1,0.0,1.0,2.28,5.2
2015-08-27,26.6,30.2,23.4,31.3,36.0,79,2.6,2.6,0.0,5.0,2.28,6.6
2015-08-28,26.4,29.7,23.0,31.4,36.2,82,0.3,0.3,0.0,1.0,1.91,5.3
2015-08-29,26.4,29.4,23.7,31.3,34.9,84,1.0,1.0,0.0,6.0,3.04,6.3
2015-08-30,26.1,29.0,23.6,30.2,33.0,81,1.1,1.1,0.0,6.0,4.14,8.5
2015-08-31,26.1,28.8,23.0,30.3,33.1,83,0.5,0.5,0.0,2.0,3.21,7.1
2015-09-01,26.4,29.3,23.2,30.6,33.6,81,0.0,0.0,0.0,0.0,3.83,7.7
2015-09-02,27.2,30.1,24.9,32.7,36.5,82,2.6,2.6,0.0,7.0,2.3,5.7
2015-09-03,26.8,30.2,23.8,30.4,34.1,73,0.0,0.0,0.0,0.0,3.0,6.7
2015-09-04,27.0,29.8,24.3,30.4,33.2,76,0.4,0.4,0.0,1.0,4.96,9.1
2015-09-05,26.5,28.3,24.7,30.4,32.2,87,8.9,8.9,0.0,12.0,5.85,11.9
2015-09-06,25.4,28.7,23.5,28.5,32.7,81,1.3,1.3,0.0,6.0,4.25,8.7
2015-09-07,25.3,28.2,22.9,27.9,31.2,76,1.2,1.2,0.0,5.0,4.56,8.7
2015-09-08,25.3,27.9,23.0,28.0,30.7,77,1.0,1.0,0.0,6.0,4.46,8.7
2015-09-09,24.7,27.8,21.6,26.3,29.7,66,0.0,0.0,0.0,0.0,3.7,7.3
2015-09-10,24.1,28.1,20.4,26.4,30.7,71,0.0,0.0,0.0,0.0,2.5,5.7
2015-09-11,25.0,28.4,21.7,28.1,32.8,71,0.0,0.0,0.0,0.0,2.3,4.0
2015-09-12,22.1,24.8,19.6,23.8,28.2,82,2.1,2.1,0.0,6.0,5.13,8.9
2015-09-13,22.3,25.8,19.2,22.6,26.7,62,0.0,0.0,0.0,0.0,3.55,7.8
2015-09-14,23.0,25.2,20.6,24.1,25.8,69,0.0,0.0,0.0,0.0,4.16,8.5
2015-09-15,21.5,22.5,20.2,23.6,25.1,83,4.1,4.1,0.0,11.0,2.7,5.3
2015-09-16,22.7,25.1,20.9,24.2,25.6,81,1.1,1.1,0.0,7.0,5.71,12.0
2015-09-17,23.2,26.6,19.6,24.6,27.7,73,0.0,0.0,0.0,0.0,3.86,9.0
2015-09-18,22.9,26.3,19.2,24.9,27.9,75,0.0,0.0,0.0,0.0,2.56,6.8
2015-09-19,23.7,27.1,21.2,25.9,28.6,76,0.0,0.0,0.0,0.0,3.7,7.9
2015-09-20,23.2,25.2,21.4,25.3,26.9,76,0.0,0.0,0.0,0.0,2.66,6.4
2015-09-21,23.1,26.3,19.9,24.8,27.8,77,0.0,0.0,0.0,0.0,4.75,9.3
2015-09-22,23.7,25.4,22.1,25.8,26.6,80,3.3,3.3,0.0,7.0,5.26,9.1
2015-09-23,23.4,26.4,21.7,25.8,28.1,86,12.4,12.4,0.0,12.0,4.74,9.8
2015-09-24,23.9,26.8,21.8,26.6,29.0,82,0.2,0.2,0.0,2.0,3.81,7.3
2015-09-25,23.7,25.6,22.4,26.3,27.5,81,0.3,0.3,0.0,1.0,3.81,7.1
2015-09-26,23.9,27.1,21.5,25.9,29.0,79,0.0,0.0,0.0,0.0,4.97,9.5
2015-09-27,23.7,27.1,21.1,24.6,27.7,72,0.0,0.0,0.0,0.0,5.55,10.8
2015-09-28,23.6,25.8,22.1,24.9,26.2,83,5.5,5.5,0.0,10.0,7.07,13.0
2015-09-29,23.7,24.6,22.5,24.7,25.8,89,5.0,5.0,0.0,10.0,8.95,16.0
2015-09-30,26.2,28.5,23.8,29.9,32.0,93,4.8,4.8,0.0,10.0,6.9,13.5
2015-10-01,22.8,26.0,18.6,23.3,29.7,79,2.0,2.0,0.0,10.0,7.93,13.6
2015-10-02,20.0,24.6,15.8,20.2,26.1,68,0.0,0.0,0.0,0.0,3.75,7.1
2015-10-03,22.1,26.8,17.5,23.3,29.0,73,0.0,0.0,0.0,0.0,3.49,6.1
2015-10-04,21.6,24.1,19.8,22.5,24.1,76,3.5,3.5,0.0,9.0,4.73,9.6
2015-10-05,19.4,20.2,18.5,20.4,21.8,86,17.8,17.8,0.0,17.0,4.28,8.6
2015-10-06,21.7,23.8,19.3,22.5,24.0,76,0.0,0.0,0.0,0.0,5.13,10.1
2015-10-07,21.8,22.7,21.2,22.2,23.1,75,2.0,2.0,0.0,5.0,5.6,8.8
2015-10-08,19.9,21.3,18.6,20.1,21.9,81,2.8,2.8,0.0,8.0,5.98,10.0
2015-10-09,19.8,23.3,17.4,20.5,23.6,78,0.1,0.1,0.0,1.0,3.32,7.4
2015-10-10,19.4,23.7,15.5,18.6,21.2,69,0.0,0.0,0.0,0.0,5.4,9.9
2015-10-11,17.2,21.6,13.3,15.1,18.6,56,0.0,0.0,0.0,0.0,5.01,9.8
2015-10-12,17.4,22.9,12.9,16.3,21.4,61,0.0,0.0,0.0,0.0,2.95,6.5
2015-10-13,18.3,24.6,12.2,17.6,24.2,63,0.0,0.0,0.0,0.0,2.5,5.4
2015-10-14,19.4,23.8,15.7,19.7,23.7,69,0.0,0.0,0.0,0.0,2.69,5.9
2015-10-15,20.1,24.8,16.0,20.6,25.8,74,0.0,0.0,0.0,0.0,2.97,7.3
2015-10-16,20.1,24.9,16.4,20.9,26.0,75,0.0,0.0,0.0,0.0,3.37,6.9
2015-10-17,20.3,24.8,16.2,20.7,25.1,72,0.0,0.0,0.0,0.0,3.31,7.4
2015-10-18,20.1,23.9,16.6,20.5,23.9,75,0.0,0.0,0.0,0.0,4.03,8.2
2015-10-19,20.2,23.9,17.4,20.7,23.7,72,0.0,0.0,0.0,0.0,3.45,7.0
2015-10-20,21.0,24.0,18.3,22.0,24.4,76,0.2,0.2,0.0,2.0,3.71,7.1
2015-10-21,21.0,24.7,18.1,22.0,25.5,77,0.0,0.0,0.0,0.0,4.13,8.1
2015-10-22,21.5,25.2,18.4,22.9,26.5,79,0.0,0.0,0.0,0.0,4.12,8.3
2015-10-23,21.7,24.6,19.4,23.3,26.1,82,0.0,0.0,0.0,0.0,3.96,8.5
2015-10-24,21.9,25.4,19.3,23.6,27.1,81,0.0,0.0,0.0,0.0,4.12,9.2
2015-10-25,20.7,23.2,18.6,21.5,23.4,78,0.2,0.2,0.0,2.0,4.63,9.1
2015-10-26,21.8,25.9,18.5,22.8,26.8,76,0.0,0.0,0.0,0.0,4.53,9.2
2015-10-27,17.4,21.2,14.1,16.3,23.2,77,2.9,2.9,0.0,7.0,6.28,11.4
2015-10-28,16.5,19.9,12.7,15.9,20.0,68,0.2,0.2,0.0,1.0,2.02,4.6
2015-10-29,16.6,17.8,15.6,15.9,17.9,83,14.8,14.8,0.0,19.0,5.13,10.2
2015-10-30,16.8,19.2,15.0,14.6,15.8,72,2.9,2.9,0.0,5.0,7.51,13.4
2015-10-31,16.0,18.1,14.5,13.9,15.4,62,0.0,0.0,0.0,0.0,4.66,9.5
2015-11-01,13.6,15.1,11.3,12.9,14.4,89,7.6,7.6,0.0,15.0,3.58,5.9
2015-11-02,13.2,17.6,10.5,11.3,15.1,72,0.0,0.0,0.0,0.0,3.76,7.8
2015-11-03,15.3,19.9,10.4,13.9,17.8,72,0.0,0.0,0.0,0.0,4.7,9.3
2015-11-04,18.1,20.4,16.2,18.1,20.4,86,4.5,4.5,0.0,9.0,4.25,8.5
2015-11-05,20.0,23.1,17.9,21.3,24.3,87,0.9,0.9,0.0,3.0,4.06,7.1
2015-11-06,22.5,25.4,19.5,23.8,26.4,88,2.1,2.1,0.0,5.0,7.29,13.1
2015-11-07,21.2,24.5,16.2,22.8,27.2,90,2.0,2.0,0.0,7.0,5.78,9.9
2015-11-08,14.5,16.1,13.1,13.7,16.1,90,2.6,2.6,0.0,10.0,4.47,7.8
2015-11-09,13.1,15.0,12.1,10.6,12.0,83,1.2,1.2,0.0,3.0,5.68,10.8
2015-11-10,13.2,15.8,10.4,10.8,12.7,72,0.0,0.0,0.0,0.0,4.57,8.8
2015-11-11,14.8,16.8,13.0,13.1,14.5,73,0.2,0.2,0.0,2.0,4.74,8.5
2015-11-12,15.6,17.0,14.5,16.1,18.6,88,9.6,9.6,0.0,12.0,2.21,4.7
2015-11-13,15.0,15.7,14.2,14.3,16.3,89,6.9,6.9,0.0,9.0,5.48,10.8
2015-11-14,14.6,17.7,12.4,12.9,15.4,77,0.0,0.0,0.0,0.0,4.78,9.0
2015-11-15,15.4,19.5,10.9,14.4,18.5,78,0.0,0.0,0.0,0.0,5.26,8.2
2015-11-16,17.5,18.6,15.8,17.6,19.5,92,16.8,16.8,0.0,17.0,5.6,10.1
2015-11-17,16.2,17.1,14.7,15.6,16.7,91,30.1,30.1,0.0,17.0,5.38,9.0
2015-11-18,15.8,16.9,13.9,14.5,16.0,85,3.0,3.0,0.0,4.0,5.61,10.9
2015-11-19,14.3,15.2,13.7,13.4,14.4,83,0.0,0.0,0.0,0.0,3.41,6.1
2015-11-20,14.7,15.4,13.7,14.0,15.3,85,0.1,0.1,0.0,1.0,3.31,6.6
2015-11-21,16.5,17.4,15.4,16.4,17.8,93,8.0,8.0,0.0,22.0,5.03,9.1
2015-11-22,17.5,18.8,16.4,17.4,19.8,92,6.5,6.5,0.0,12.0,5.46,9.8
2015-11-23,16.5,18.2,14.9,15.9,19.9,92,6.3,6.3,0.0,7.0,6.13,12.2
2015-11-24,14.0,15.9,11.1,11.2,14.0,83,1.3,1.3,0.0,6.0,7.35,13.6
2015-11-25,7.6,10.8,5.1,2.9,7.3,80,4.1,4.1,0.0,6.0,7.52,12.3
2015-11-26,2.8,4.9,-0.2,-3.8,-1.3,54,0.0,0.0,0.0,0.0,8.4,15.8
2015-11-27,2.6,6.9,-1.8,-1.5,3.4,55,0.0,0.0,0.0,0.0,5.59,9.3
2015-11-28,9.3,13.8,4.4,6.8,11.0,62,0.0,0.0,0.0,0.0,2.3,5.8
2015-11-29,10.6,13.0,8.0,9.7,12.3,86,1.7,1.7,0.0,8.0,1.8,4.1
2015-11-30,10.9,15.8,7.0,9.7,14.6,89,0.0,0.0,0.0,0.0,3.04,5.2
2015-12-01,14.3,17.6,10.7,12.6,15.6,80,0.0,0.0,0.0,0.0,5.11,9.8
2015-12-02,12.7,14.9,9.4,10.4,13.7,80,7.1,7.1,0.0,9.0,6.2,11.2
2015-12-03,8.5,12.7,5.2,3.7,6.4,48,0.0,0.0,0.0,0.0,7.91,14.8
2015-12-04,6.1,9.5,3.8,1.7,4.4,49,0.0,0.0,0.0,0.0,4.46,8.6
2015-12-05,5.3,8.5,3.0,2.6,5.7,75,10.0,9.3,0.49,12.0,3.22,6.3
2015-12-06,6.6,10.5,2.9,3.6,7.5,83,6.1,4.5,1.12,6.0,3.8,7.7
2015-12-07,8.0,12.7,4.3,5.2,9.6,79,0.0,0.0,0.0,0.0,4.05,7.8
2015-12-08,9.5,13.7,5.2,6.9,10.5,77,0.0,0.0,0.0,0.0,4.81,9.2
2015-12-09,12.3,13.5,10.6,10.8,13.5,86,16.1,16.1,0.0,14.0,4.19,7.0
2015-12-10,12.5,14.1,11.6,11.0,14.6,96,13.7,13.7,0.0,18.0,6.47,10.3
2015-12-11,9.9,12.0,6.3,6.7,9.6,78,0.0,0.0,0.0,0.0,5.22,10.1
2015-12-12,8.0,11.6,4.5,5.4,9.3,77,0.0,0.0,0.0,0.0,3.28,5.9
2015-12-13,8.4,9.6,7.6,6.2,7.3,90,5.8,5.8,0.0,10.0,3.32,6.0
2015-12-14,8.0,9.8,6.4,4.5,5.5,74,0.0,0.0,0.0,0.0,4.92,9.2
2015-12-15,7.4,10.4,5.6,3.7,5.8,67,0.0,0.0,0.0,0.0,5.08,9.7
2015-12-16,5.3,7.1,2.5,-0.4,3.7,46,0.0,0.0,0.0,0.0,7.78,14.6
2015-12-17,2.3,5.4,-0.2,-3.3,-0.4,47,0.0,0.0,0.0,0.0,7.27,13.5
2015-12-18,3.7,8.6,-0.7,-0.1,5.4,63,0.0,0.0,0.0,0.0,3.28,6.8
2015-12-19,7.3,10.5,3.0,4.1,6.9,71,0.0,0.0,0.0,0.0,3.92,8.4
2015-12-20,9.8,11.2,8.3,8.1,10.7,90,9.4,9.4,0.0,20.0,3.42,6.2
2015-12-21,7.4,9.3,5.1,5.0,7.1,87,0.0,0.0,0.0,0.0,3.26,6.3
2015-12-22,11.1,14.5,7.3,10.0,13.9,91,3.9,3.9,0.0,11.0,2.92,6.7
2015-12-23,10.1,11.9,8.8,8.1,10.6,93,2.1,2.1,0.0,4.0,4.61,8.0
2015-12-24,9.7,10.9,8.1,7.5,8.9,91,3.5,3.5,0.0,15.0,4.18,7.6
2015-12-25,7.4,9.6,5.2,4.4,6.1,82,0.2,0.2,0.0,2.0,3.8,7.3
2015-12-26,7.4,12.9,3.3,4.6,10.0,80,0.0,0.0,0.0,0.0,3.68,7.2
2015-12-27,7.9,11.0,5.8,4.5,7.5,82,0.3,0.3,0.0,2.0,6.8,12.4
2015-12-28,5.2,7.4,2.7,1.3,3.3,69,0.0,0.0,0.0,0.0,4.4,8.2
2015-12-29,5.9,9.7,2.5,2.9,7.3,72,0.0,0.0,0.0,0.0,2.61,5.3
2015-12-30,7.6,11.9,4.7,5.3,9.3,77,0.0,0.0,0.0,0.0,2.64,5.3
2015-12-31,6.6,9.6,3.6,3.0,5.3,74,0.0,0.0,0.0,0.0,4.34,8.9
2016-01-01,6.9,12.3,0.9,4.1,8.7,77,0.0,0.0,0.0,0.0,4.18,8.3
2016-01-02,11.7,16.9,8.8,9.4,14.2,66,0.0,0.0,0.0,0.0,3.42,6.3
2016-01-03,12.1,16.5,9.1,10.8,15.9,78,2.0,2.0,0.0,3.0,2.22,4.8
2016-01-04,12.1,14.8,10.8,10.5,13.5,90,4.1,4.1,0.0,13.0,5.06,9.4
2016-01-05,10.0,12.2,8.9,6.3,10.1,87,9.3,9.3,0.0,14.0,8.54,15.1
2016-01-06,8.5,9.5,7.1,5.3,6.0,82,6.5,6.5,0.0,11.0,5.01,9.3
2016-01-07,6.8,8.7,5.4,3.9,5.7,78,0.0,0.0,0.0,0.0,3.51,7.0
2016-01-08,4.7,7.5,2.2,0.8,3.0,65,0.0,0.0,0.0,0.0,4.14,8.4
2016-01-09,5.4,9.3,1.7,2.3,6.2,68,0.0,0.0,0.0,0.0,2.62,5.2
2016-01-10,8.7,10.3,7.4,5.9,7.4,79,3.4,3.4,0.0,11.0,4.2,7.5
2016-01-11,7.4,8.8,5.3,3.4,5.1,85,8.5,8.5,0.0,21.0,6.79,11.4
2016-01-12,4.4,5.2,2.5,0.0,0.8,72,0.0,0.0,0.0,0.0,5.89,10.5
2016-01-13,1.8,4.0,0.0,-2.5,-1.0,72,0.0,0.0,0.0,0.0,5.06,9.3
2016-01-14,2.6,6.0,-1.0,-0.5,3.4,75,0.0,0.0,0.0,0.0,2.12,4.8
2016-01-15,5.4,10.6,2.0,2.5,7.1,69,0.0,0.0,0.0,0.0,2.69,6.1
2016-01-16,6.2,10.6,1.0,2.8,7.2,71,0.2,0.2,0.0,1.0,3.7,6.8
2016-01-17,7.3,8.4,4.9,3.7,4.9,84,6.9,6.9,0.0,14.0,6.16,11.2
2016-01-18,3.4,4.7,0.2,-1.1,1.1,73,0.0,0.0,0.0,0.0,5.86,11.0
2016-01-19,0.7,3.8,-1.9,-4.0,-1.2,61,0.0,0.0,0.0,0.0,4.55,9.4
2016-01-20,2.3,4.8,-0.9,-2.0,-0.0,67,1.0,0.5,0.35,3.0,4.34,8.9
2016-01-21,2.7,3.8,1.9,-1.6,-0.2,89,5.9,5.5,0.28,20.0,5.81,10.6
2016-01-22,3.7,4.6,2.0,-1.4,0.0,79,3.6,3.3,0.21,12.0,7.59,12.8
2016-01-23,-1.4,2.1,-4.7,-8.0,-3.1,63,0.4,0.4,0.07,3.0,8.93,16.6
2016-01-24,-6.0,-4.7,-7.8,-13.8,-10.9,41,0.0,0.0,0.0,0.0,10.43,19.4
2016-01-25,-3.1,1.8,-6.8,-8.8,-4.4,49,0.0,0.0,0.0,0.0,5.92,11.1
2016-01-26,1.1,6.9,-5.3,-2.9,2.7,58,0.0,0.0,0.0,0.0,2.78,6.9
2016-01-27,5.1,6.6,3.3,2.4,4.6,82,4.0,4.0,0.0,12.0,2.66,4.7
2016-01-28,7.1,7.8,6.1,5.3,6.4,99,9.0,9.0,0.0,20.0,2.9,6.7
2016-01-29,5.8,7.4,4.0,2.3,5.5,92,6.7,6.7,0.0,17.0,5.52,9.9
2016-01-30,4.5,6.4,2.8,0.4,1.6,80,0.0,0.0,0.0,0.0,5.5,10.7
2016-01-31,3.0,5.3,0.9,-1.3,0.7,81,3.6,0.4,2.24,7.0,5.54,10.4
2016-02-01,1.2,2.5,-0.1,-3.9,-3.3,77,1.6,0.0,1.12,5.0,6.55,11.7
2016-02-02,0.9,4.7,-1.6,-3.4,0.3,68,0.0,0.0,0.0,0.0,4.03,8.0
2016-02-03,2.2,6.3,-1.3,-1.3,2.8,72,0.0,0.0,0.0,0.0,2.67,5.7
2016-02-04,2.8,5.5,-0.0,-0.4,2.5,81,0.0,0.0,0.0,0.0,2.56,5.0
2016-02-05,4.1,9.0,-0.0,0.4,5.3,66,0.0,0.0,0.0,0.0,3.73,7.5
2016-02-06,3.4,6.3,1.4,-1.3,0.3,58,0.0,0.0,0.0,0.0,6.83,13.2
2016-02-07,3.8,10.1,-1.7,-0.3,5.1,57,0.4,0.4,0.0,1.0,5.5,10.7
2016-02-08,6.7,14.9,-1.0,2.7,10.3,57,0.0,0.0,0.0,0.0,5.01,10.1
2016-02-09,9.5,17.7,3.3,6.6,15.8,63,0.0,0.0,0.0,0.0,3.86,6.0
2016-02-10,12.9,18.5,7.8,9.1,15.4,65,0.0,0.0,0.0,0.0,7.25,12.9
2016-02-11,14.4,16.2,13.5,12.3,14.8,88,1.8,1.8,0.0,3.0,7.42,13.9
2016-02-12,13.8,18.4,12.1,12.8,18.6,93,0.0,0.0,0.0,0.0,5.19,8.1
2016-02-13,12.2,15.4,6.6,9.4,14.3,89,1.7,1.7,0.0,4.0,7.98,14.3
2016-02-14,3.5,5.9,1.6,-2.4,0.6,65,0.2,0.2,0.0,1.0,8.42,15.3
2016-02-15,2.5,5.6,-0.5,-3.0,0.6,43,0.0,0.0,0.0,0.0,6.53,11.8
2016-02-16,4.7,10.1,-0.6,0.1,4.8,52,0.0,0.0,0.0,0.0,6.1,11.9
2016-02-17,5.9,11.3,0.1,2.6,8.8,56,0.0,0.0,0.0,0.0,2.91,5.0
2016-02-18,8.9,15.7,4.2,5.6,12.9,57,0.0,0.0,0.0,0.0,3.7,8.6
2016-02-19,8.4,11.3,6.6,5.8,8.0,79,0.0,0.0,0.0,0.0,3.98,7.8
2016-02-20,7.5,11.5,3.7,3.0,6.5,58,0.0,0.0,0.0,0.0,6.14,11.8
2016-02-21,6.7,10.9,1.9,2.7,7.2,64,0.2,0.2,0.0,1.0,5.82,11.0
2016-02-22,6.3,7.5,5.5,2.8,3.7,89,12.4,12.4,0.0,20.0,5.12,8.8
2016-02-23,6.5,8.6,5.4,2.6,4.3,82,0.0,0.0,0.0,0.0,5.81,10.5
2016-02-24,5.4,8.0,2.9,1.2,4.9,63,0.0,0.0,0.0,0.0,4.53,9.3
2016-02-25,5.7,10.3,1.4,2.1,7.8,65,0.0,0.0,0.0,0.0,4.44,8.4
2016-02-26,9.4,14.9,4.9,5.7,11.5,68,0.0,0.0,0.0,0.0,5.1,10.0
2016-02-27,12.5,18.8,7.4,9.3,17.0,60,0.0,0.0,0.0,0.0,5.53,9.1
2016-02-28,11.8,19.8,5.8,8.0,16.5,62,0.0,0.0,0.0,0.0,6.59,12.6
2016-02-29,6.3,10.5,3.0,1.9,5.6,57,0.0,0.0,0.0,0.0,6.22,12.6
2016-03-01,5.7,10.3,1.2,2.1,7.9,60,0.0,0.0,0.0,0.0,4.08,7.7
2016-03-02,10.3,15.7,5.6,6.7,12.7,69,0.0,0.0,0.0,0.0,5.99,11.3
2016-03-03,14.4,21.2,9.7,12.9,20.7,71,0.0,0.0,0.0,0.0,3.61,6.6
2016-03-04,16.5,21.0,13.9,14.8,19.6,77,0.0,0.0,0.0,0.0,6.31,11.5
2016-03-05,17.4,24.1,12.0,17.0,25.4,81,0.1,0.1,0.0,1.0,6.39,10.7
2016-03-06,11.0,12.1,10.0,8.9,9.9,89,0.2,0.2,0.0,2.0,4.49,8.6
2016-03-07,13.6,18.8,11.0,12.6,19.4,86,0.0,0.0,0.0,0.0,4.24,7.6
2016-03-08,9.5,12.9,6.3,4.9,11.3,91,13.5,13.5,0.0,13.0,11.1,20.2
2016-03-09,6.0,7.6,4.7,-0.2,1.3,70,9.7,9.7,0.0,7.0,10.07,18.1
2016-03-10,4.6,6.3,1.7,-0.9,0.6,59,0.6,0.4,0.14,4.0,7.31,13.2
2016-03-11,5.2,9.8,-0.1,1.8,7.2,56,0.0,0.0,0.0,0.0,3.32,5.9
2016-03-12,7.5,11.3,3.7,3.1,7.3,59,1.0,1.0,0.0,2.0,6.79,13.0
2016-03-13,8.8,10.0,6.9,6.1,8.1,86,3.3,3.3,0.0,15.0,5.02,9.0
2016-03-14,8.2,12.0,5.4,4.8,9.0,73,0.0,0.0,0.0,0.0,5.22,11.0
2016-03-15,8.8,12.4,5.0,5.4,9.4,67,0.0,0.0,0.0,0.0,5.38,10.9
2016-03-16,12.4,17.6,9.0,10.5,17.4,71,0.0,0.0,0.0,0.0,3.88,6.9
2016-03-17,13.6,17.0,10.6,12.3,16.0,89,2.7,2.7,0.0,5.0,5.17,8.6
2016-03-18,14.7,17.2,13.1,14.6,17.3,89,2.0,2.0,0.0,4.0,2.77,6.8
2016-03-19,13.0,15.6,9.6,12.0,14.5,89,0.0,0.0,0.0,0.0,3.89,7.4
2016-03-20,11.3,15.6,7.7,8.6,12.9,69,0.0,0.0,0.0,0.0,4.84,10.2
2016-03-21,11.3,14.2,8.7,9.0,11.6,76,0.0,0.0,0.0,0.0,4.13,9.1
2016-03-22,12.1,14.0,10.7,9.9,11.1,83,0.3,0.3,0.0,2.0,5.38,10.4
2016-03-23,10.8,12.4,8.2,6.5,10.1,70,0.0,0.0,0.0,0.0,7.88,14.5
2016-03-24,8.5,11.1,6.6,3.2,5.6,51,0.0,0.0,0.0,0.0,7.35,13.8
2016-03-25,9.3,13.1,6.5,5.6,10.2,54,0.0,0.0,0.0,0.0,4.32,9.5
2016-03-26,9.9,15.3,3.9,7.2,13.6,53,0.0,0.0,0.0,0.0,2.78,6.3
2016-03-27,11.2,16.5,7.2,7.7,12.8,59,0.0,0.0,0.0,0.0,5.57,12.4
2016-03-28,13.4,20.2,6.3,10.0,17.6,50,0.0,0.0,0.0,0.0,5.59,10.1
2016-03-29,16.2,22.0,10.8,13.2,20.2,49,0.0,0.0,0.0,0.0,5.61,9.6
2016-03-30,16.3,19.8,13.2,14.8,17.8,65,0.2,0.2,0.0,1.0,3.71,7.4
2016-03-31,12.7,15.4,10.6,12.0,15.0,88,2.8,2.8,0.0,7.0,2.3,7.7
2016-04-01,14.1,20.3,9.1,12.6,20.3,79,0.0,0.0,0.0,0.0,5.87,9.9
2016-04-02,14.8,17.6,13.3,12.9,15.8,87,15.3,15.3,0.0,13.0,5.75,11.8
2016-04-03,13.8,15.0,11.6,13.1,15.5,97,14.5,14.5,0.0,23.0,5.4,9.7
2016-04-04,13.4,17.1,10.8,11.1,15.1,69,0.0,0.0,0.0,0.0,4.19,9.2
2016-04-05,14.5,17.7,12.9,12.5,15.9,73,0.0,0.0,0.0,0.0,4.57,8.4
2016-04-06,15.5,17.7,13.4,14.4,17.9,95,26.9,26.9,0.0,20.0,6.88,13.4
2016-04-07,14.4,18.1,12.0,13.9,18.4,92,15.6,15.6,0.0,15.0,4.76,14.8
2016-04-08,16.2,21.1,12.3,16.5,23.3,83,0.0,0.0,0.0,0.0,3.05,7.0
2016-04-09,16.8,21.7,14.1,16.6,23.2,79,0.2,0.2,0.0,2.0,3.58,6.8
2016-04-10,16.0,19.8,13.4,16.0,21.3,82,0.0,0.0,0.0,0.0,3.51,7.5
2016-04-11,15.1,19.2,12.9,14.1,19.4,80,0.4,0.4,0.0,2.0,4.5,9.8
2016-04-12,15.5,17.7,13.8,14.7,17.7,90,3.7,3.7,0.0,9.0,5.72,10.9
2016-04-13,17.9,23.3,14.6,18.8,25.4,87,0.0,0.0,0.0,0.0,3.61,8.3
2016-04-14,16.9,23.3,13.3,17.7,26.9,88,0.0,0.0,0.0,0.0,3.62,7.3
2016-04-15,17.7,22.5,14.4,16.5,22.3,75,0.5,0.5,0.0,2.0,6.76,11.6
2016-04-16,18.3,19.8,16.2,16.8,20.1,85,9.1,9.1,0.0,10.0,8.45,16.3
2016-04-17,17.2,21.2,14.7,16.1,21.6,67,0.9,0.9,0.0,1.0,5.98,11.7
2016-04-18,15.0,19.6,11.1,13.5,20.1,67,3.2,3.2,0.0,6.0,3.93,6.9
2016-04-19,16.6,21.1,12.2,14.1,19.0,70,0.0,0.0,0.0,0.0,7.83,14.5
2016-04-20,17.9,18.8,16.5,17.0,19.9,91,25.8,25.8,0.0,16.0,8.01,13.6
2016-04-21,19.0,23.1,16.7,20.1,24.6,86,18.7,18.7,0.0,11.0,3.58,9.1
2016-04-22,19.9,25.5,15.2,20.3,27.6,76,0.0,0.0,0.0,0.0,4.74,8.4
2016-04-23,14.8,17.4,13.7,12.5,15.8,86,22.9,22.9,0.0,21.0,7.1,13.9
2016-04-24,16.0,18.4,14.6,14.8,17.2,81,1.7,1.7,0.0,6.0,6.13,10.6
2016-04-25,15.4,16.5,14.5,14.1,15.1,77,8.9,8.9,0.0,14.0,4.51,9.9
2016-04-26,15.5,15.9,14.9,15.2,16.4,95,34.3,34.3,0.0,21.0,4.9,8.6
2016-04-27,15.3,17.1,13.7,13.7,15.7,85,0.8,0.8,0.0,2.0,6.76,12.6
2016-04-28,17.6,22.2,14.7,16.3,20.9,72,0.0,0.0,0.0,0.0,6.66,13.5
2016-04-29,19.1,25.6,12.4,19.0,26.9,65,0.0,0.0,0.0,0.0,3.42,5.5
2016-04-30,20.2,25.6,15.3,18.6,24.7,57,0.0,0.0,0.0,0.0,5.48,10.6
2016-05-01,21.8,27.3,16.5,21.5,29.0,70,0.0,0.0,0.0,0.0,7.16,12.0
2016-05-02,21.1,22.0,20.4,22.0,23.3,89,44.7,44.7,0.0,17.0,6.74,12.0
2016-05-03,21.2,24.8,17.6,18.9,23.1,58,6.0,6.0,0.0,4.0,9.22,17.0
2016-05-04,21.8,28.1,14.1,21.7,28.9,64,0.0,0.0,0.0,0.0,5.64,10.6
2016-05-05,21.8,23.6,20.9,23.5,25.6,91,8.8,8.8,0.0,12.0,6.6,10.8
2016-05-06,23.4,28.6,19.7,25.9,31.7,83,5.7,5.7,0.0,5.0,4.58,8.5
2016-05-07,17.5,20.1,14.3,15.9,20.1,75,4.9,4.9,0.0,9.0,6.76,13.1
2016-05-08,16.1,17.0,15.1,15.5,16.4,86,28.6,28.6,0.0,12.0,5.15,10.3
2016-05-09,17.5,19.7,15.9,18.6,21.3,88,7.6,7.6,0.0,9.0,3.55,9.2
2016-05-10,16.4,18.0,14.5,15.5,17.5,84,30.8,30.8,0.0,9.0,5.82,11.2
2016-05-11,19.2,25.3,13.5,19.5,27.7,72,0.0,0.0,0.0,0.0,5.01,7.8
2016-05-12,21.1,26.1,16.7,20.8,27.4,73,0.0,0.0,0.0,0.0,6.55,13.0
2016-05-13,18.6,19.7,16.8,18.5,21.2,87,0.0,0.0,0.0,0.0,6.58,11.2
2016-05-14,20.9,24.4,17.3,21.0,24.7,81,0.0,0.0,0.0,0.0,6.71,12.8
2016-05-15,19.9,24.5,15.1,20.0,26.4,87,9.9,9.9,0.0,9.0,6.66,11.7
2016-05-16,18.6,23.5,14.9,17.7,22.9,66,2.8,2.8,0.0,3.0,5.08,9.8
2016-05-17,19.4,24.8,13.2,18.3,23.7,55,0.0,0.0,0.0,0.0,3.55,7.6
2016-05-18,20.3,24.6,15.9,19.3,24.1,57,0.0,0.0,0.0,0.0,4.65,9.7
2016-05-19,21.1,24.3,17.9,21.3,24.4,73,0.0,0.0,0.0,0.0,5.6,11.0
2016-05-20,20.3,22.2,19.2,20.1,20.6,84,5.7,5.7,0.0,11.0,7.52,13.2
2016-05-21,20.0,20.6,19.4,20.6,23.6,95,34.1,34.1,0.0,24.0,7.71,13.5
2016-05-22,21.1,23.5,19.1,23.4,25.8,87,1.3,1.3,0.0,4.0,2.72,6.7
2016-05-23,21.8,26.0,18.3,24.8,30.7,85,1.4,1.4,0.0,5.0,2.83,5.1
2016-05-24,21.4,23.7,19.7,23.3,25.9,84,4.9,4.9,0.0,7.0,3.26,6.4
2016-05-25,23.2,27.7,19.5,25.2,32.2,81,0.0,0.0,0.0,0.0,5.17,9.8
2016-05-26,23.0,24.7,21.7,26.6,28.4,92,17.3,17.3,0.0,15.0,3.58,7.6
2016-05-27,20.9,21.6,20.3,23.2,25.3,95,20.2,20.2,0.0,17.0,4.31,8.4
2016-05-28,20.7,21.2,20.3,23.5,24.3,96,30.2,30.2,0.0,20.0,3.1,8.2
2016-05-29,20.8,22.1,20.2,23.3,24.4,94,19.2,19.2,0.0,14.0,4.07,7.6
2016-05-30,21.6,24.7,19.0,23.7,26.8,84,0.0,0.0,0.0,0.0,3.75,7.2
2016-05-31,23.6,28.7,20.4,26.3,32.7,86,5.3,5.3,0.0,6.0,4.3,8.0
2016-06-01,20.2,22.9,19.1,20.6,25.9,88,33.4,33.4,0.0,12.0,7.79,14.5
2016-06-02,20.9,24.4,18.0,22.1,26.6,81,0.5,0.5,0.0,1.0,4.6,9.4
2016-06-03,20.0,20.6,19.2,20.6,23.5,90,28.8,28.8,0.0,16.0,6.04,10.9
2016-06-04,21.3,23.5,19.8,21.6,23.1,86,0.4,0.4,0.0,2.0,7.82,13.9
2016-06-05,21.1,24.3,18.6,22.6,26.3,84,0.1,0.1,0.0,1.0,3.93,7.7
2016-06-06,22.2,25.4,19.5,23.7,27.9,82,0.0,0.0,0.0,0.0,4.89,9.3
2016-06-07,22.9,24.9,21.3,25.3,27.7,88,0.7,0.7,0.0,3.0,4.3,8.0
2016-06-08,22.3,24.2,21.5,25.3,27.7,93,15.8,15.8,0.0,14.0,5.08,8.1
2016-06-09,21.8,23.4,20.9,23.9,25.1,90,0.3,0.3,0.0,2.0,4.53,8.9
2016-06-10,23.6,26.7,20.8,25.6,29.9,85,0.0,0.0,0.0,0.0,5.88,11.4
2016-06-11,24.9,28.0,23.3,28.9,34.3,91,1.2,1.2,0.0,6.0,5.2,9.0
2016-06-12,22.3,24.1,20.9,25.2,28.6,96,36.6,36.6,0.0,18.0,5.29,9.3
2016-06-13,23.8,27.9,20.8,26.9,31.8,84,0.0,0.0,0.0,0.0,3.58,7.0
2016-06-14,25.5,30.0,21.5,28.4,34.8,80,0.0,0.0,0.0,0.0,5.82,10.3
2016-06-15,26.5,31.2,22.6,30.9,36.3,83,13.5,13.5,0.0,8.0,5.23,8.3
2016-06-16,23.2,24.7,21.3,26.3,28.2,84,4.1,4.1,0.0,8.0,3.09,6.8
2016-06-17,25.0,29.8,21.1,27.7,33.4,79,0.0,0.0,0.0,0.0,6.09,11.0
2016-06-18,26.7,30.3,23.0,30.4,34.2,81,0.0,0.0,0.0,0.0,4.88,9.9
2016-06-19,27.5,30.4,25.3,31.7,35.1,81,17.3,17.3,0.0,8.0,6.4,12.2
2016-06-20,25.0,26.7,23.4,29.0,30.6,92,64.6,64.6,0.0,21.0,5.91,12.9
2016-06-21,28.0,32.1,24.4,34.0,39.1,88,0.1,0.1,0.0,1.0,4.48,7.2
2016-06-22,27.9,29.0,26.4,33.5,35.2,84,5.0,5.0,0.0,6.0,4.02,12.7
2016-06-23,29.0,32.8,24.6,35.2,40.3,85,0.0,0.0,0.0,0.0,4.51,8.3
2016-06-24,27.7,32.0,23.0,31.5,36.9,78,7.0,7.0,0.0,11.0,5.19,15.1
2016-06-25,21.5,23.2,20.3,24.2,26.7,89,29.0,29.0,0.0,17.0,2.93,6.7
2016-06-26,22.1,23.5,20.2,23.6,25.4,81,1.4,1.4,0.0,5.0,5.04,9.6
2016-06-27,22.9,24.0,22.0,26.6,28.9,94,32.9,32.9,0.0,23.0,4.4,7.3
2016-06-28,23.8,25.6,22.5,28.5,30.4,95,29.5,29.5,0.0,22.0,3.54,9.8
2016-06-29,24.5,25.5,23.1,28.2,29.9,92,26.5,26.5,0.0,14.0,4.6,8.7
2016-06-30,28.6,32.9,24.6,33.8,39.4,80,0.0,0.0,0.0,0.0,3.73,7.8
2016-07-01,27.8,30.2,26.2,32.9,35.7,86,2.0,2.0,0.0,9.0,5.42,10.9
2016-07-02,26.1,28.9,24.7,31.0,35.7,90,9.3,9.3,0.0,15.0,4.4,10.4
2016-07-03,27.3,29.6,24.8,33.0,35.8,92,3.9,3.9,0.0,11.0,4.24,10.0
2016-07-04,29.5,33.9,26.8,34.7,40.8,82,0.2,0.2,0.0,1.0,6.04,11.8
2016-07-05,29.2,33.4,26.8,34.6,41.2,80,7.6,7.6,0.0,4.0,6.48,12.4
2016-07-06,28.8,31.7,26.3,34.3,37.6,85,0.5,0.5,0.0,2.0,4.92,11.4
2016-07-07,28.3,30.4,26.6,33.6,36.9,88,1.5,1.5,0.0,7.0,5.71,9.6
2016-07-08,28.0,30.3,26.3,32.9,36.0,86,1.3,1.3,0.0,7.0,5.81,10.9
2016-07-09,27.5,28.9,26.0,31.9,33.4,86,1.2,1.2,0.0,8.0,5.81,10.1
2016-07-10,27.5,28.4,26.3,32.6,33.8,91,26.1,26.1,0.0,20.0,5.3,10.0
2016-07-11,27.3,28.2,26.8,32.3,33.1,91,24.9,24.9,0.0,19.0,4.88,9.3
2016-07-12,29.0,32.1,26.7,35.3,38.6,87,1.8,1.8,0.0,7.0,4.51,8.4
2016-07-13,29.6,33.0,27.4,37.2,40.7,89,12.0,12.0,0.0,9.0,2.89,6.5
2016-07-14,28.0,29.9,27.2,34.8,38.3,90,14.7,14.7,0.0,11.0,2.6,8.4
2016-07-15,30.3,35.1,26.5,37.2,43.0,83,10.8,10.8,0.0,15.0,3.68,10.0
2016-07-16,26.2,29.0,23.9,30.7,35.0,87,6.7,6.7,0.0,11.0,4.78,10.2
2016-07-17,27.7,30.9,24.0,32.4,35.5,82,0.0,0.0,0.0,0.0,4.61,9.2
2016-07-18,28.9,32.0,27.0,34.4,38.2,84,2.1,2.1,0.0,8.0,4.61,8.2
2016-07-19,29.2,32.4,26.7,34.8,38.6,84,4.8,4.8,0.0,11.0,4.85,9.2
2016-07-20,31.7,36.1,27.6,38.1,43.5,78,0.0,0.0,0.0,0.0,4.62,9.2
2016-07-21,33.1,37.6,28.8,39.8,44.5,70,0.0,0.0,0.0,0.0,3.98,7.3
2016-07-22,33.2,37.3,29.6,39.8,45.0,67,0.0,0.0,0.0,0.0,3.76,5.9
2016-07-23,33.0,37.1,29.3,39.9,44.9,72,0.0,0.0,0.0,0.0,3.86,6.3
2016-07-24,31.8,35.5,28.8,38.4,44.9,78,0.0,0.0,0.0,0.0,5.16,8.9
2016-07-25,30.8,34.4,28.0,35.6,40.7,75,0.0,0.0,0.0,0.0,5.95,11.3
2016-07-26,31.6,36.5,28.0,37.7,46.1,75,0.0,0.0,0.0,0.0,5.29,9.8
2016-07-27,32.5,37.6,29.2,40.0,46.5,74,0.2,0.2,0.0,1.0,4.46,6.9
2016-07-28,32.6,37.0,29.8,39.9,46.8,73,0.2,0.2,0.0,1.0,4.34,6.7
2016-07-29,32.0,35.7,29.5,38.9,45.5,77,0.0,0.0,0.0,0.0,4.78,9.2
2016-07-30,30.8,33.8,28.4,36.4,40.5,79,0.0,0.0,0.0,0.0,6.01,11.5
2016-07-31,30.5,33.3,28.6,35.8,39.3,77,0.0,0.0,0.0,0.0,5.52,11.0
2016-08-01,30.3,32.9,28.0,35.6,38.7,79,0.2,0.2,0.0,2.0,5.4,10.3
2016-08-02,30.8,33.8,28.6,36.7,39.9,80,2.2,2.2,0.0,7.0,5.0,9.6
2016-08-03,28.0,29.0,26.8,34.2,36.6,88,21.0,21.0,0.0,12.0,4.37,9.3
2016-08-04,28.6,32.0,26.3,34.8,39.7,81,6.2,6.2,0.0,3.0,1.9,5.7
2016-08-05,28.9,31.6,26.6,35.4,38.4,86,1.6,1.6,0.0,9.0,3.14,6.5
2016-08-06,29.5,31.8,27.1,35.4,37.8,83,1.1,1.1,0.0,5.0,4.94,9.0
2016-08-07,29.8,32.1,27.5,35.3,38.3,79,0.0,0.0,0.0,0.0,4.97,9.7
2016-08-08,29.9,32.2,27.8,35.4,39.9,79,1.1,1.1,0.0,5.0,4.71,9.0
2016-08-09,29.4,31.6,28.2,34.2,35.7,82,5.4,5.4,0.0,14.0,6.9,12.9
2016-08-10,29.9,32.5,27.9,35.8,38.5,86,4.1,4.1,0.0,14.0,5.92,11.1
2016-08-11,30.2,32.8,28.4,36.4,39.0,82,0.0,0.0,0.0,0.0,4.92,10.4
2016-08-12,30.4,32.6,28.6,36.7,39.3,84,0.9,0.9,0.0,5.0,5.33,10.0
2016-08-13,30.6,33.6,28.4,37.1,40.6,82,0.2,0.2,0.0,2.0,4.64,9.8
2016-08-14,30.3,33.4,27.8,36.1,39.7,77,0.0,0.0,0.0,0.0,3.96,7.9
2016-08-15,30.3,33.0,27.6,36.1,39.4,77,0.1,0.1,0.0,1.0,3.99,7.4
2016-08-16,30.3,33.0,28.3,36.6,39.5,79,0.1,0.1,0.0,1.0,3.6,8.5
2016-08-17,30.2,32.5,27.8,36.4,39.1,79,0.5,0.5,0.0,3.0,4.12,7.8
2016-08-18,30.4,33.4,28.1,36.1,38.9,79,0.0,0.0,0.0,0.0,5.28,10.5
2016-08-19,30.6,33.6,28.7,36.7,41.1,81,0.0,0.0,0.0,0.0,5.02,10.0
2016-08-20,30.6,34.1,28.5,37.7,43.2,83,0.3,0.3,0.0,1.0,3.86,7.1
2016-08-21,30.3,33.0,28.0,37.0,39.7,80,0.0,0.0,0.0,0.0,4.06,8.1
2016-08-22,30.4,33.5,28.2,36.6,40.1,79,0.0,0.0,0.0,0.0,4.41,8.7
2016-08-23,29.5,32.3,26.7,35.1,38.9,79,1.0,1.0,0.0,5.0,3.82,8.4
2016-08-24,28.8,32.5,25.5,33.6,37.9,73,0.0,0.0,0.0,0.0,3.8,7.5
2016-08-25,29.9,33.5,26.2,36.0,39.7,78,0.0,0.0,0.0,0.0,3.9,7.3
2016-08-26,28.6,31.1,26.4,33.0,36.5,79,1.7,1.7,0.0,6.0,5.82,10.9
2016-08-27,26.3,29.5,24.6,28.3,31.5,72,1.5,1.5,0.0,6.0,5.77,10.3
2016-08-28,26.0,29.6,22.5,25.7,29.0,58,0.0,0.0,0.0,0.0,7.84,15.1
2016-08-29,25.7,29.8,21.9,26.5,30.1,61,0.0,0.0,0.0,0.0,5.57,10.9
2016-08-30,25.3,29.7,21.5,25.6,29.8,59,0.0,0.0,0.0,0.0,5.66,11.1
2016-08-31,26.2,31.5,20.8,27.2,31.9,58,0.0,0.0,0.0,0.0,4.61,9.3
2016-09-01,27.1,31.4,23.8,29.7,33.1,68,0.0,0.0,0.0,0.0,4.4,9.2
2016-09-02,27.2,32.8,23.0,30.7,37.6,69,0.0,0.0,0.0,0.0,3.13,6.6
2016-09-03,26.7,32.1,22.0,30.8,36.1,78,0.0,0.0,0.0,0.0,3.73,8.5
2016-09-04,26.9,29.7,24.4,30.6,33.0,77,0.6,0.6,0.0,3.0,4.39,8.9
2016-09-05,27.0,29.4,25.3,31.0,33.6,75,0.7,0.7,0.0,2.0,3.23,8.0
2016-09-06,25.1,26.4,23.7,28.1,30.6,76,1.7,1.7,0.0,4.0,3.94,7.8
2016-09-07,22.1,24.1,20.6,24.8,28.0,89,15.0,15.0,0.0,15.0,3.49,6.5
2016-09-08,24.0,28.6,19.9,27.5,33.3,81,0.0,0.0,0.0,0.0,2.64,4.4
2016-09-09,25.8,30.5,21.9,29.3,34.6,75,0.0,0.0,0.0,0.0,3.54,7.5
2016-09-10,25.9,28.3,24.3,29.5,31.9,79,0.0,0.0,0.0,0.0,3.42,7.8
2016-09-11,23.7,25.2,21.3,27.1,29.0,84,3.7,3.7,0.0,10.0,3.22,6.4
2016-09-12,24.5,27.8,21.3,26.7,29.1,77,0.0,0.0,0.0,0.0,4.95,10.7
2016-09-13,24.9,27.9,22.5,27.7,30.1,80,1.1,1.1,0.0,5.0,5.05,10.5
2016-09-14,23.0,23.9,22.4,25.4,27.5,91,25.3,25.3,0.0,24.0,5.99,10.5
2016-09-15,24.6,26.0,23.4,27.7,30.3,93,47.5,47.5,0.0,24.0,6.71,11.8
2016-09-16,25.5,27.4,24.0,28.6,31.3,92,35.4,35.4,0.0,24.0,7.43,15.3
2016-09-17,24.8,27.2,22.8,27.3,29.0,86,1.6,1.6,0.0,5.0,6.7,11.7
2016-09-18,24.9,27.0,23.3,25.6,27.0,77,0.1,0.1,0.0,1.0,8.06,15.7
2016-09-19,24.1,26.7,21.9,24.2,26.9,76,0.6,0.6,0.0,4.0,8.02,14.5
2016-09-20,23.3,26.1,20.9,24.3,26.8,74,1.1,1.1,0.0,5.0,5.12,9.5
2016-09-21,23.0,25.8,20.4,24.7,27.7,73,0.2,0.2,0.0,2.0,3.1,7.3
2016-09-22,23.2,26.8,20.3,25.1,29.9,72,0.0,0.0,0.0,0.0,3.61,7.1
2016-09-23,23.2,26.3,20.5,25.0,27.8,75,0.0,0.0,0.0,0.0,3.67,7.2
2016-09-24,23.6,27.1,20.9,25.4,29.6,74,0.0,0.0,0.0,0.0,3.86,8.0
2016-09-25,24.7,28.6,20.7,27.4,31.5,78,0.0,0.0,0.0,0.0,4.27,8.5
2016-09-26,25.7,28.6,22.8,29.6,31.9,84,0.6,0.6,0.0,3.0,4.03,8.0
2016-09-27,26.9,29.5,25.0,31.3,33.8,88,0.4,0.4,0.0,3.0,5.73,10.6
2016-09-28,25.2,26.5,23.5,28.0,31.4,92,6.2,6.2,0.0,15.0,8.5,14.4
2016-09-29,22.5,23.5,22.0,23.8,26.2,92,19.2,19.2,0.0,20.0,7.99,14.6
2016-09-30,24.2,27.4,22.0,28.6,31.9,91,0.6,0.6,0.0,4.0,2.68,6.5
2016-10-01,25.8,28.9,22.7,30.8,33.9,90,1.5,1.5,0.0,3.0,3.35,7.1
2016-10-02,27.3,31.0,24.7,32.0,35.5,84,0.2,0.2,0.0,1.0,4.22,8.9
2016-10-03,23.7,25.7,22.4,26.1,29.5,86,4.0,4.0,0.0,8.0,5.69,10.7
2016-10-04,24.0,26.1,22.9,26.1,28.1,84,6.3,6.3,0.0,8.0,6.07,11.3
2016-10-05,24.0,27.1,22.1,26.4,29.7,83,0.0,0.0,0.0,0.0,4.69,8.1
2016-10-06,23.0,24.6,20.8,23.6,24.8,78,4.8,4.8,0.0,9.0,7.07,12.7
2016-10-07,22.1,23.6,20.0,24.4,28.3,89,4.3,4.3,0.0,11.0,5.4,9.2
2016-10-08,21.1,23.2,18.6,20.9,28.4,81,8.1,8.1,0.0,12.0,7.98,13.9
2016-10-09,18.9,20.7,17.7,16.2,17.6,62,0.0,0.0,0.0,0.0,7.5,14.8
2016-10-10,19.2,21.7,16.9,17.9,19.6,68,0.0,0.0,0.0,0.0,6.3,11.6
2016-10-11,20.5,23.8,18.0,20.2,22.6,70,0.0,0.0,0.0,0.0,5.16,9.7
2016-10-12,20.9,22.6,19.4,20.7,22.2,71,1.5,1.5,0.0,5.0,4.79,9.6
2016-10-13,20.5,21.2,19.9,20.4,21.0,72,0.0,0.0,0.0,0.0,4.0,7.1
2016-10-14,20.6,21.7,19.1,20.8,21.9,77,2.8,2.8,0.0,6.0,5.16,8.9
2016-10-15,21.5,22.8,19.8,22.0,24.0,79,3.1,3.1,0.0,5.0,5.91,10.9
2016-10-16,23.2,26.2,21.0,26.4,30.3,88,0.0,0.0,0.0,0.0,2.91,5.4
2016-10-17,20.8,23.0,19.2,22.0,24.1,82,0.0,0.0,0.0,0.0,3.82,6.9
2016-10-18,21.4,23.5,19.6,22.7,24.7,82,1.4,1.4,0.0,4.0,4.18,8.9
2016-10-19,21.0,22.3,19.9,22.9,23.8,89,5.2,5.2,0.0,22.0,3.9,8.6
2016-10-20,21.4,22.0,21.0,23.2,23.8,93,11.9,11.9,0.0,23.0,5.31,9.5
2016-10-21,21.3,22.2,20.8,23.3,26.2,98,77.8,77.8,0.0,24.0,6.2,11.0
2016-10-22,21.9,22.5,20.7,24.2,26.4,98,49.6,49.6,0.0,24.0,7.43,13.9
2016-10-23,20.2,21.6,19.1,20.2,21.0,88,0.6,0.6,0.0,4.0,7.85,14.1
2016-10-24,21.5,24.0,18.9,23.4,26.1,87,0.3,0.3,0.0,3.0,5.15,9.1
2016-10-25,20.1,22.1,18.0,20.9,23.5,85,0.1,0.1,0.0,1.0,5.38,9.4
2016-10-26,20.2,23.6,18.5,21.6,27.6,91,18.9,18.9,0.0,21.0,8.04,14.1
2016-10-27,20.2,22.0,18.5,21.4,24.9,90,5.3,5.3,0.0,11.0,5.11,8.9
2016-10-28,18.6,22.0,16.3,18.0,25.1,87,0.3,0.3,0.0,1.0,7.59,13.5
2016-10-29,15.6,16.4,14.7,12.8,14.7,71,0.0,0.0,0.0,0.0,7.03,13.3
2016-10-30,16.0,17.7,14.0,14.4,16.7,68,0.2,0.2,0.0,1.0,4.62,9.1
2016-10-31,15.8,16.7,14.6,15.1,16.9,85,3.9,3.9,0.0,14.0,4.82,8.3
2016-11-01,13.6,14.9,10.4,10.1,12.4,68,0.0,0.0,0.0,0.0,7.18,12.9
2016-11-02,12.7,16.4,10.0,10.8,14.3,72,0.0,0.0,0.0,0.0,3.31,7.1
2016-11-03,13.1,17.9,9.0,11.9,17.3,74,0.0,0.0,0.0,0.0,2.62,4.6
2016-11-04,15.4,20.9,10.5,13.9,19.3,73,0.0,0.0,0.0,0.0,4.0,8.5
2016-11-05,17.7,23.9,13.9,17.7,24.2,78,0.0,0.0,0.0,0.0,3.51,6.6
2016-11-06,18.4,23.1,13.9,19.1,23.7,86,0.0,0.0,0.0,0.0,3.42,7.0
2016-11-07,19.7,22.2,17.7,20.6,22.6,88,14.2,14.2,0.0,13.0,6.64,9.2
2016-11-08,13.2,17.1,11.7,8.8,14.3,77,10.0,10.0,0.0,12.0,10.36,17.5
2016-11-09,12.2,13.2,11.3,8.5,9.5,65,0.0,0.0,0.0,0.0,6.77,12.0
2016-11-10,11.5,13.6,9.3,9.1,9.9,78,0.0,0.0,0.0,0.0,6.07,11.0
2016-11-11,12.5,18.2,7.8,10.5,16.4,75,0.0,0.0,0.0,0.0,4.29,7.3
2016-11-12,17.3,21.4,13.4,16.1,20.2,78,0.0,0.0,0.0,0.0,7.11,12.9
2016-11-13,17.9,21.4,16.0,19.3,23.1,90,2.6,2.6,0.0,5.0,2.47,3.9
2016-11-14,17.2,19.5,14.6,17.7,19.8,87,0.0,0.0,0.0,0.0,3.22,6.2
2016-11-15,15.2,17.6,12.4,13.1,14.6,74,0.0,0.0,0.0,0.0,6.09,11.4
2016-11-16,14.9,17.7,11.4,13.8,16.1,77,2.6,2.6,0.0,5.0,3.77,8.3
2016-11-17,16.2,17.6,15.3,16.0,18.3,91,10.1,10.1,0.0,15.0,4.18,7.3
2016-11-18,19.7,23.2,17.7,21.2,24.7,90,3.3,3.3,0.0,9.0,4.34,9.5
2016-11-19,19.3,22.6,17.0,21.2,24.8,91,7.3,7.3,0.0,10.0,2.43,9.1
2016-11-20,17.9,19.2,16.9,18.1,20.0,93,8.3,8.3,0.0,10.0,5.29,11.0
2016-11-21,17.6,18.8,16.6,18.5,20.6,94,0.0,0.0,0.0,0.0,4.94,8.2
2016-11-22,12.2,16.5,8.5,8.4,15.7,83,0.0,0.0,0.0,0.0,8.83,16.1
2016-11-23,6.8,8.5,4.3,2.1,3.7,84,4.0,4.0,0.0,13.0,6.9,12.0
2016-11-24,5.8,9.3,2.6,1.5,5.1,72,0.0,0.0,0.0,0.0,6.04,10.9
2016-11-25,9.9,12.3,6.4,6.8,9.8,69,0.0,0.0,0.0,0.0,3.79,8.0
2016-11-26,9.3,12.1,6.8,6.2,11.8,90,13.5,13.5,0.0,15.0,7.24,12.9
2016-11-27,9.2,13.2,6.6,5.7,9.4,68,0.0,0.0,0.0,0.0,4.82,9.5
2016-11-28,9.4,12.7,6.6,6.1,8.8,71,0.0,0.0,0.0,0.0,5.31,10.6
2016-11-29,10.7,13.1,8.0,8.5,10.5,75,0.0,0.0,0.0,0.0,3.96,8.1
2016-11-30,12.2,14.3,10.5,10.3,12.6,76,0.0,0.0,0.0,0.0,3.91,7.7
2016-12-01,11.2,14.4,9.1,8.7,11.6,73,0.0,0.0,0.0,0.0,4.06,8.1
2016-12-02,10.9,14.0,8.1,8.3,11.2,70,0.0,0.0,0.0,0.0,3.83,7.7
2016-12-03,11.5,15.4,7.5,9.4,13.1,74,0.0,0.0,0.0,0.0,3.4,7.8
2016-12-04,12.6,16.7,9.6,11.2,14.4,81,3.0,3.0,0.0,6.0,3.5,6.9
2016-12-05,12.6,18.9,7.7,10.8,17.5,79,0.0,0.0,0.0,0.0,8.16,14.8
2016-12-06,9.3,11.9,6.0,6.1,9.3,67,0.0,0.0,0.0,0.0,7.91,15.0
2016-12-07,9.4,15.2,4.7,6.9,12.5,75,0.0,0.0,0.0,0.0,2.61,6.1
2016-12-08,10.8,16.4,7.8,8.5,13.2,74,0.0,0.0,0.0,0.0,3.74,7.8
2016-12-09,10.6,14.2,7.9,7.5,10.1,74,0.0,0.0,0.0,0.0,6.09,11.8
2016-12-10,10.5,12.3,8.7,7.5,9.2,68,0.0,0.0,0.0,0.0,3.96,8.2
2016-12-11,11.4,13.1,9.5,8.3,9.8,68,0.0,0.0,0.0,0.0,4.53,9.5
2016-12-12,13.3,16.2,10.6,12.6,16.5,86,0.4,0.4,0.0,3.0,3.36,4.6
2016-12-13,12.3,14.0,10.2,10.6,13.1,91,1.5,1.5,0.0,7.0,5.99,10.8
2016-12-14,6.9,9.9,3.8,1.8,6.2,67,0.0,0.0,0.0,0.0,6.87,13.4
2016-12-15,4.0,7.0,1.7,-1.2,1.1,57,0.0,0.0,0.0,0.0,6.61,12.5
2016-12-16,4.4,8.3,1.9,0.4,4.1,66,0.0,0.0,0.0,0.0,4.61,9.6
2016-12-17,7.4,12.8,1.6,3.9,8.9,72,0.0,0.0,0.0,0.0,5.68,9.7
2016-12-18,12.1,17.4,7.7,10.3,16.6,79,0.1,0.1,0.0,1.0,5.44,9.2
2016-12-19,13.9,18.2,11.5,13.4,18.2,86,0.9,0.9,0.0,5.0,3.22,5.0
2016-12-20,12.8,13.6,12.2,11.3,12.4,94,10.0,10.0,0.0,14.0,4.92,8.9
2016-12-21,14.7,17.2,10.5,13.7,17.2,97,14.3,14.3,0.0,20.0,6.55,12.1
2016-12-22,9.1,10.5,7.2,5.4,7.3,79,1.1,1.1,0.0,2.0,7.02,12.8
2016-12-23,7.4,10.1,5.1,3.6,5.8,65,0.0,0.0,0.0,0.0,4.7,9.7
2016-12-24,8.3,10.5,5.0,5.0,7.4,68,0.0,0.0,0.0,0.0,3.92,7.5
2016-12-25,11.1,12.7,10.2,8.7,12.0,84,6.1,6.1,0.0,13.0,4.7,8.4
2016-12-26,10.9,12.9,7.7,8.6,12.8,94,6.4,6.4,0.0,16.0,6.3,10.6
2016-12-27,5.4,7.6,3.5,-0.2,3.5,68,0.0,0.0,0.0,0.0,7.97,14.9
2016-12-28,4.4,6.8,2.8,0.4,3.1,67,0.0,0.0,0.0,0.0,3.83,7.8
2016-12-29,4.6,7.0,2.6,0.2,2.5,65,0.0,0.0,0.0,0.0,4.88,9.8
2016-12-30,6.1,9.9,2.4,2.9,6.4,73,0.0,0.0,0.0,0.0,3.14,7.1
2016-12-31,8.3,13.6,4.3,6.3,12.1,81,0.0,0.0,0.0,0.0,2.93,4.0
2017-01-01,10.1,14.1,6.0,7.4,10.8,84,0.0,0.0,0.0,0.0,6.21,11.4
2017-01-02,11.4,13.9,9.2,9.9,12.2,88,0.0,0.0,0.0,0.0,3.71,7.3
2017-01-03,9.8,12.7,7.6,8.1,11.5,86,0.0,0.0,0.0,0.0,3.52,6.4
2017-01-04,12.0,14.8,9.7,10.3,13.2,85,0.3,0.3,0.0,2.0,4.2,7.8
2017-01-05,10.9,11.9,10.2,8.0,9.7,89,20.4,20.4,0.0,24.0,5.51,10.2
2017-01-06,11.7,13.0,10.2,9.8,11.8,93,5.3,5.3,0.0,13.0,4.75,8.8
2017-01-07,12.0,13.1,9.3,10.0,13.6,95,16.4,16.4,0.0,21.0,6.11,11.1
2017-01-08,8.4,9.2,7.4,4.5,5.5,88,0.0,0.0,0.0,0.0,6.17,11.2
2017-01-09,6.6,7.9,5.0,2.4,4.0,68,0.0,0.0,0.0,0.0,5.87,10.9
2017-01-10,6.4,8.6,4.3,2.8,4.8,72,0.1,0.1,0.0,1.0,4.63,8.4
2017-01-11,7.2,8.6,5.9,3.8,5.1,67,0.5,0.5,0.0,5.0,3.65,8.0
2017-01-12,6.4,7.9,4.8,3.7,5.0,76,1.6,1.6,0.0,6.0,3.01,5.7
2017-01-13,6.6,10.8,3.8,2.9,6.1,70,0.0,0.0,0.0,0.0,4.62,9.2
2017-01-14,5.2,7.4,3.4,0.8,2.7,62,0.0,0.0,0.0,0.0,5.32,10.1
2017-01-15,4.9,6.7,3.4,0.7,2.2,62,0.0,0.0,0.0,0.0,4.56,9.6
2017-01-16,5.3,8.1,3.0,1.5,4.1,65,0.0,0.0,0.0,0.0,3.34,7.4
2017-01-17,6.9,9.4,4.0,3.9,5.8,73,0.0,0.0,0.0,0.0,3.61,7.7
2017-01-18,8.0,8.5,7.5,4.9,5.8,85,4.0,4.0,0.0,16.0,4.86,9.3
2017-01-19,7.7,8.5,7.0,4.7,5.9,79,0.0,0.0,0.0,0.0,5.3,9.0
2017-01-20,2.7,6.6,0.8,-3.2,2.0,50,0.0,0.0,0.0,0.0,7.25,13.6
2017-01-21,2.0,7.2,-2.5,-2.0,2.9,60,0.0,0.0,0.0,0.0,3.22,7.1
2017-01-22,3.1,6.9,0.6,-1.4,2.0,57,0.0,0.0,0.0,0.0,4.44,9.6
2017-01-23,2.8,6.4,-0.1,-1.3,2.0,62,0.0,0.0,0.0,0.0,3.96,8.3
2017-01-24,4.6,8.4,1.0,0.9,4.7,67,0.0,0.0,0.0,0.0,3.59,8.5
2017-01-25,6.6,9.9,4.2,3.3,6.6,70,0.0,0.0,0.0,0.0,3.96,7.9
2017-01-26,7.2,12.5,2.8,3.9,9.1,75,0.0,0.0,0.0,0.0,4.24,8.6
2017-01-27,6.7,9.7,4.1,3.0,5.2,80,0.0,0.0,0.0,0.0,6.7,12.0
2017-01-28,9.6,13.7,5.9,6.3,10.0,79,0.0,0.0,0.0,0.0,5.66,10.7
2017-01-29,13.1,21.4,7.4,11.1,20.6,81,0.2,0.2,0.0,2.0,7.07,12.3
2017-01-30,4.3,6.9,2.5,-1.3,2.0,66,0.3,0.3,0.0,3.0,7.52,14.1
2017-01-31,4.1,6.5,2.1,0.3,2.6,63,0.0,0.0,0.0,0.0,3.61,7.4
2017-02-01,4.6,5.3,3.8,0.2,1.8,69,0.1,0.1,0.0,1.0,5.63,10.4
2017-02-02,5.1,7.3,3.0,1.5,3.8,68,0.0,0.0,0.0,0.0,3.58,8.1
2017-02-03,8.2,9.6,5.0,5.5,7.2,78,3.2,3.2,0.0,8.0,3.66,6.8
2017-02-04,8.6,9.3,7.4,7.0,8.0,92,4.3,4.3,0.0,15.0,2.46,4.9
2017-02-05,6.9,9.7,4.3,3.7,6.2,81,0.0,0.0,0.0,0.0,5.24,10.6
2017-02-06,5.9,9.1,3.4,1.9,4.9,70,0.0,0.0,0.0,0.0,5.66,11.2
2017-02-07,6.7,8.9,4.8,3.2,5.2,66,0.0,0.0,0.0,0.0,3.98,8.8
2017-02-08,4.9,6.8,2.4,0.9,3.7,85,7.4,7.4,0.0,21.0,5.92,10.4
2017-02-09,3.0,6.0,0.9,-2.8,-0.5,61,0.0,0.0,0.0,0.0,7.21,13.7
2017-02-10,3.0,6.4,-0.5,-2.7,-0.2,40,0.0,0.0,0.0,0.0,7.22,14.2
2017-02-11,3.4,7.9,-0.5,-1.2,3.2,45,0.0,0.0,0.0,0.0,4.57,9.4
2017-02-12,4.6,11.6,-1.7,1.1,9.0,56,0.0,0.0,0.0,0.0,2.86,5.4
2017-02-13,6.9,13.9,1.5,3.5,11.0,59,0.0,0.0,0.0,0.0,2.73,6.5
2017-02-14,8.1,14.7,2.5,4.9,12.0,61,0.0,0.0,0.0,0.0,3.22,6.9
2017-02-15,9.9,15.1,5.2,6.2,11.4,68,0.0,0.0,0.0,0.0,6.09,12.2
2017-02-16,12.9,17.1,9.4,10.5,15.7,78,2.3,2.3,0.0,5.0,5.65,10.0
2017-02-17,8.6,12.5,5.9,4.8,11.1,79,0.0,0.0,0.0,0.0,7.73,14.5
2017-02-18,7.0,11.4,4.5,4.1,10.0,71,1.4,1.4,0.0,5.0,3.92,6.6
2017-02-19,12.0,17.4,5.5,8.1,14.0,72,0.4,0.4,0.0,2.0,7.61,14.8
2017-02-20,9.4,15.7,4.5,4.8,13.2,71,0.6,0.6,0.0,3.0,9.49,17.2
2017-02-21,7.2,10.7,4.5,2.5,6.7,68,0.0,0.0,0.0,0.0,6.76,12.1
2017-02-22,7.3,11.0,4.2,3.1,8.3,88,8.9,8.9,0.0,17.0,7.43,13.5
2017-02-23,4.5,7.0,3.1,-0.3,1.4,70,0.0,0.0,0.0,0.0,6.3,12.2
2017-02-24,5.2,8.7,2.9,1.6,5.1,64,0.0,0.0,0.0,0.0,2.91,6.9
2017-02-25,6.5,12.0,1.8,3.7,10.4,63,0.0,0.0,0.0,0.0,3.19,5.8
2017-02-26,8.9,14.5,5.0,6.2,12.7,59,0.0,0.0,0.0,0.0,2.73,5.5
2017-02-27,8.3,13.3,4.8,5.4,11.1,65,0.0,0.0,0.0,0.0,3.11,7.4
2017-02-28,9.2,14.0,5.4,6.2,11.2,65,0.0,0.0,0.0,0.0,4.7,9.1
2017-03-01,11.0,16.5,6.4,7.1,11.8,61,0.0,0.0,0.0,0.0,7.29,17.2
2017-03-02,6.5,9.8,3.8,1.8,5.3,53,0.0,0.0,0.0,0.0,7.0,13.2
2017-03-03,8.2,13.3,3.0,4.3,9.1,58,0.0,0.0,0.0,0.0,6.05,12.4
2017-03-04,11.7,18.5,6.4,9.8,17.8,68,0.0,0.0,0.0,0.0,3.7,7.6
2017-03-05,10.9,12.2,9.1,9.5,11.0,86,3.3,3.3,0.0,10.0,4.9,7.5
2017-03-06,8.4,11.3,5.5,4.3,7.9,60,0.0,0.0,0.0,0.0,6.3,12.0
2017-03-07,8.2,14.3,2.8,5.1,12.4,60,0.0,0.0,0.0,0.0,4.2,8.4
2017-03-08,8.4,13.9,3.9,5.1,10.1,60,0.0,0.0,0.0,0.0,5.41,11.2
2017-03-09,10.3,17.2,3.8,7.5,14.7,58,0.0,0.0,0.0,0.0,3.89,6.2
2017-03-10,12.2,15.9,9.4,9.5,13.1,67,0.0,0.0,0.0,0.0,4.32,8.9
2017-03-11,11.9,16.0,8.5,9.1,12.2,71,0.0,0.0,0.0,0.0,6.04,11.2
2017-03-12,11.6,13.0,10.1,9.2,10.7,86,10.1,10.1,0.0,12.0,6.66,11.8
2017-03-13,8.7,10.1,7.2,4.6,6.3,84,9.0,9.0,0.0,16.0,6.92,12.8
2017-03-14,8.5,12.7,5.3,4.5,8.8,61,0.0,0.0,0.0,0.0,6.45,12.4
2017-03-15,8.8,13.3,4.5,5.9,11.4,61,0.0,0.0,0.0,0.0,4.3,8.3
2017-03-16,9.5,12.3,6.9,7.1,10.0,69,0.8,0.8,0.0,2.0,3.7,7.2
2017-03-17,9.4,12.4,6.4,6.7,10.0,70,0.0,0.0,0.0,0.0,3.79,8.9
2017-03-18,10.7,11.6,10.1,8.5,9.1,80,0.3,0.3,0.0,2.0,4.1,7.8
2017-03-19,11.0,13.1,10.0,8.5,10.2,80,5.6,5.6,0.0,8.0,4.49,9.0
2017-03-20,11.4,12.8,10.2,9.8,12.1,93,13.8,13.8,0.0,12.0,4.4,8.9
2017-03-21,11.0,15.0,8.5,8.0,13.1,72,0.0,0.0,0.0,0.0,5.25,10.0
2017-03-22,8.9,9.8,8.0,5.7,6.7,78,9.2,9.2,0.0,15.0,4.69,8.6
2017-03-23,9.7,11.1,8.4,7.3,8.0,84,0.9,0.9,0.0,2.0,4.62,9.2
2017-03-24,9.8,11.4,7.7,7.7,9.2,81,6.3,6.3,0.0,8.0,2.97,6.4
2017-03-25,10.7,14.2,7.1,8.3,11.1,74,0.0,0.0,0.0,0.0,4.97,9.1
2017-03-26,12.3,17.0,6.7,9.5,13.0,62,0.5,0.5,0.0,3.0,7.02,13.8
2017-03-27,13.2,19.7,6.9,10.4,17.6,50,0.0,0.0,0.0,0.0,5.35,8.7
2017-03-28,15.8,21.3,11.2,12.6,19.0,58,0.0,0.0,0.0,0.0,7.13,14.6
2017-03-29,13.6,17.6,10.2,12.0,17.0,77,0.0,0.0,0.0,0.0,4.0,7.6
2017-03-30,10.6,11.6,9.5,8.2,9.1,87,9.2,9.2,0.0,13.0,4.88,9.5
2017-03-31,11.1,14.6,8.0,7.2,10.6,70,9.7,9.7,0.0,7.0,6.69,12.3
2017-04-01,11.4,16.3,6.7,8.4,12.7,59,0.0,0.0,0.0,0.0,4.78,9.4
2017-04-02,13.7,21.4,8.5,11.2,19.2,62,0.0,0.0,0.0,0.0,5.02,10.2
2017-04-03,15.3,22.8,8.7,12.5,20.6,55,0.0,0.0,0.0,0.0,5.06,9.4
2017-04-04,16.0,19.0,12.1,12.5,15.5,66,0.0,0.0,0.0,0.0,7.8,14.8
2017-04-05,18.5,21.7,16.7,18.4,22.5,78,3.7,3.7,0.0,11.0,7.09,12.9
2017-04-06,16.6,20.3,13.9,16.9,21.5,89,9.0,9.0,0.0,17.0,4.79,9.4
2017-04-07,13.4,14.3,12.2,12.5,13.7,96,21.4,21.4,0.0,16.0,5.52,9.1
2017-04-08,15.2,18.3,13.3,15.0,18.6,89,0.0,0.0,0.0,0.0,4.71,7.7
2017-04-09,12.6,14.4,11.6,9.5,12.8,84,6.2,6.2,0.0,9.0,7.57,13.2
2017-04-10,12.4,14.2,10.6,10.7,13.0,92,18.2,18.2,0.0,17.0,5.12,9.2
2017-04-11,12.1,14.0,10.7,10.2,12.3,85,0.0,0.0,0.0,0.0,5.08,8.7
2017-04-12,13.9,18.2,9.9,11.7,16.7,61,0.0,0.0,0.0,0.0,3.82,8.0
2017-04-13,14.6,21.1,7.4,11.4,18.8,51,0.0,0.0,0.0,0.0,5.95,9.9
2017-04-14,18.7,26.2,11.8,16.9,26.5,58,0.0,0.0,0.0,0.0,5.82,9.2
2017-04-15,21.4,29.1,14.6,22.3,33.9,69,0.0,0.0,0.0,0.0,5.3,8.5
2017-04-16,19.9,25.3,16.2,20.9,27.7,82,0.0,0.0,0.0,0.0,3.42,7.3
2017-04-17,20.6,23.8,18.2,21.2,24.4,85,7.4,7.4,0.0,7.0,7.27,11.8
2017-04-18,20.9,27.0,15.7,19.9,26.1,64,0.0,0.0,0.0,0.0,7.42,15.5
2017-04-19,18.6,23.8,13.8,16.2,21.5,54,0.2,0.2,0.0,1.0,6.91,12.5
2017-04-20,19.6,24.1,16.0,20.1,25.9,80,6.1,6.1,0.0,12.0,5.18,11.9
2017-04-21,17.4,20.9,15.1,16.9,19.4,76,0.2,0.2,0.0,1.0,4.04,7.8
2017-04-22,16.2,20.0,12.9,14.7,19.0,66,0.0,0.0,0.0,0.0,4.24,9.3
2017-04-23,16.1,21.4,11.2,14.6,21.5,65,0.0,0.0,0.0,0.0,4.6,8.7
2017-04-24,18.1,23.5,13.4,16.5,23.1,66,0.0,0.0,0.0,0.0,5.74,12.3
2017-04-25,19.2,22.8,16.3,18.7,22.8,78,7.6,7.6,0.0,5.0,5.97,10.2
2017-04-26,16.1,17.6,13.8,14.1,16.4,80,7.9,7.9,0.0,9.0,6.81,12.7
2017-04-27,15.9,20.6,12.5,13.9,18.6,59,0.0,0.0,0.0,0.0,4.78,9.0
2017-04-28,18.3,24.2,12.2,16.0,22.5,54,0.0,0.0,0.0,0.0,5.45,11.2
2017-04-29,21.2,28.2,14.5,19.9,28.2,52,0.0,0.0,0.0,0.0,4.6,9.5
2017-04-30,22.2,29.1,15.3,21.8,30.7,55,0.0,0.0,0.0,0.0,4.42,7.1
2017-05-01,20.9,25.5,16.5,21.0,26.7,75,0.5,0.5,0.0,1.0,5.48,10.5
2017-05-02,18.1,19.6,17.4,17.2,20.3,86,11.9,11.9,0.0,16.0,6.58,14.4
2017-05-03,18.9,20.7,17.6,18.0,19.9,83,0.0,0.0,0.0,0.0,6.61,12.2
2017-05-04,19.8,21.0,19.0,20.1,22.6,91,8.4,8.4,0.0,8.0,7.29,13.4
2017-05-05,20.2,22.5,18.9,21.0,22.3,84,0.0,0.0,0.0,0.0,5.82,10.8
2017-05-06,19.7,23.2,17.3,20.4,25.6,75,0.0,0.0,0.0,0.0,3.58,7.9
2017-05-07,20.5,25.4,16.9,20.8,27.6,66,0.0,0.0,0.0,0.0,3.89,7.6
2017-05-08,17.6,18.7,16.5,16.5,19.4,79,13.7,13.7,0.0,16.0,6.86,15.0
2017-05-09,19.3,22.3,15.6,18.2,19.8,76,0.7,0.7,0.0,2.0,8.66,15.6
2017-05-10,23.1,30.8,15.3,23.7,32.0,65,0.0,0.0,0.0,0.0,4.61,9.5
2017-05-11,25.1,31.7,19.7,27.2,35.5,65,0.7,0.7,0.0,3.0,3.81,6.8
2017-05-12,18.7,22.9,16.4,19.3,26.2,89,24.5,24.5,0.0,12.0,5.7,11.8
2017-05-13,21.8,28.9,15.2,22.8,30.8,74,0.0,0.0,0.0,0.0,4.71,9.3
2017-05-14,21.4,25.2,18.4,22.4,27.7,76,0.0,0.0,0.0,0.0,5.37,10.3
2017-05-15,20.1,22.3,18.2,19.1,21.1,62,0.0,0.0,0.0,0.0,4.72,9.3
2017-05-16,19.5,21.7,16.2,19.2,22.1,66,0.0,0.0,0.0,0.0,3.67,8.5
2017-05-17,19.9,25.4,14.0,20.0,26.7,65,0.0,0.0,0.0,0.0,3.62,7.1
2017-05-18,21.6,26.7,16.7,21.3,27.2,65,0.0,0.0,0.0,0.0,5.17,10.4
2017-05-19,21.5,24.8,18.7,20.5,24.0,67,0.0,0.0,0.0,0.0,5.97,11.7
2017-05-20,22.8,26.2,20.6,23.1,27.4,76,0.0,0.0,0.0,0.0,6.94,13.2
2017-05-21,22.9,26.4,19.9,23.6,27.3,76,0.0,0.0,0.0,0.0,5.88,12.2
2017-05-22,23.5,27.3,20.6,25.0,29.1,80,0.0,0.0,0.0,0.0,5.38,11.2
2017-05-23,22.6,24.1,21.1,25.0,27.6,92,17.4,17.4,0.0,15.0,5.08,10.4
2017-05-24,20.2,21.2,18.1,20.3,23.0,85,2.8,2.8,0.0,5.0,6.51,12.6
2017-05-25,22.0,27.7,16.9,22.7,28.0,64,0.0,0.0,0.0,0.0,2.86,7.2
2017-05-26,21.4,25.0,18.3,21.9,26.8,65,0.0,0.0,0.0,0.0,3.58,8.9
2017-05-27,22.8,28.5,16.9,23.0,30.5,62,0.0,0.0,0.0,0.0,4.12,8.8
2017-05-28,24.2,29.6,18.9,24.4,31.2,59,0.0,0.0,0.0,0.0,4.72,9.5
2017-05-29,23.8,28.8,19.5,24.6,31.3,68,0.0,0.0,0.0,0.0,5.66,10.8
2017-05-30,24.9,28.7,21.1,26.8,30.9,78,0.0,0.0,0.0,0.0,5.71,11.6
2017-05-31,26.8,31.4,23.8,29.9,34.9,71,1.7,1.7,0.0,6.0,3.31,6.0
2017-06-01,26.7,31.0,23.6,30.7,35.8,75,0.6,0.6,0.0,2.0,2.85,6.4
2017-06-02,24.5,28.1,21.4,25.6,28.9,68,0.0,0.0,0.0,0.0,5.1,10.8
2017-06-03,23.6,27.5,20.7,24.2,29.0,65,0.0,0.0,0.0,0.0,5.32,10.5
2017-06-04,23.1,26.2,20.8,23.1,26.8,64,0.0,0.0,0.0,0.0,5.9,12.0
2017-06-05,20.9,21.9,18.7,20.6,22.5,78,7.4,7.4,0.0,11.0,7.43,14.0
2017-06-06,23.5,27.2,20.0,25.2,30.5,84,4.4,4.4,0.0,14.0,6.79,13.5
2017-06-07,23.5,27.1,20.3,24.9,28.8,70,0.4,0.4,0.0,1.0,4.14,9.7
2017-06-08,24.4,28.5,20.1,26.5,32.3,73,0.0,0.0,0.0,0.0,4.61,9.0
2017-06-09,25.5,29.1,22.4,28.5,33.2,76,0.0,0.0,0.0,0.0,4.05,7.5
2017-06-10,24.5,26.9,22.5,28.5,31.4,93,40.0,40.0,0.0,23.0,4.61,16.6
2017-06-11,23.8,26.3,22.1,26.1,29.7,80,3.6,3.6,0.0,7.0,4.96,16.4
2017-06-12,21.4,22.6,20.0,22.7,24.5,83,16.4,16.4,0.0,13.0,4.94,9.4
2017-06-13,21.3,22.2,20.3,23.1,24.0,88,9.2,9.2,0.0,17.0,4.22,10.0
2017-06-14,22.1,24.6,20.2,23.6,25.9,78,0.0,0.0,0.0,0.0,4.39,9.3
2017-06-15,22.6,26.9,18.3,24.2,29.4,69,0.0,0.0,0.0,0.0,3.32,6.3
2017-06-16,23.0,26.1,20.0,24.2,27.5,68,0.0,0.0,0.0,0.0,3.82,8.9
2017-06-17,23.7,28.0,19.6,25.7,30.9,72,0.0,0.0,0.0,0.0,3.52,7.9
2017-06-18,24.1,27.4,21.4,25.7,28.7,76,0.0,0.0,0.0,0.0,5.47,11.0
2017-06-19,24.0,24.9,23.2,26.9,28.2,89,10.4,10.4,0.0,10.0,5.6,10.9
2017-06-20,25.0,28.6,22.9,29.1,33.1,87,0.9,0.9,0.0,6.0,3.55,6.9
2017-06-21,24.2,25.4,23.4,27.9,30.0,93,4.3,4.3,0.0,7.0,4.78,8.8
2017-06-22,23.4,24.3,22.4,26.0,27.5,90,8.3,8.3,0.0,11.0,5.63,11.5
2017-06-23,24.3,26.3,22.7,29.0,31.9,93,13.8,13.8,0.0,10.0,3.07,7.9
2017-06-24,24.3,26.3,23.1,28.9,31.8,95,28.5,28.5,0.0,17.0,3.72,8.6
2017-06-25,24.2,25.1,22.9,28.2,29.3,94,16.2,16.2,0.0,17.0,3.92,6.7
2017-06-26,24.4,28.4,22.1,28.2,34.2,86,5.6,5.6,0.0,10.0,3.21,6.9
2017-06-27,25.1,27.6,22.7,29.2,33.3,85,1.4,1.4,0.0,6.0,3.6,6.5
2017-06-28,24.0,25.9,22.6,27.1,28.7,86,0.0,0.0,0.0,0.0,3.79,7.7
2017-06-29,25.2,28.2,23.0,29.4,32.6,85,0.4,0.4,0.0,2.0,2.98,7.6
2017-06-30,27.0,31.2,24.0,32.5,38.3,86,1.7,1.7,0.0,6.0,3.41,7.0
2017-07-01,27.6,31.6,24.9,33.3,38.6,85,1.5,1.5,0.0,4.0,3.28,8.5
2017-07-02,28.6,31.6,26.0,33.3,37.7,82,0.7,0.7,0.0,2.0,6.17,12.8
2017-07-03,28.5,31.5,26.0,34.0,38.8,84,3.3,3.3,0.0,5.0,4.4,9.7
2017-07-04,29.5,32.6,26.4,34.8,39.1,77,2.3,2.3,0.0,4.0,3.41,8.2
2017-07-05,29.4,33.9,26.9,35.3,42.1,79,3.4,3.4,0.0,10.0,3.72,8.2
2017-07-06,30.0,34.1,26.2,36.0,41.8,80,0.9,0.9,0.0,5.0,5.15,9.6
2017-07-07,31.4,34.5,28.5,37.2,41.9,74,0.5,0.5,0.0,3.0,5.2,9.7
2017-07-08,30.9,33.6,28.8,37.1,41.6,76,5.8,5.8,0.0,7.0,3.72,8.1
2017-07-09,30.7,33.1,28.1,35.8,38.5,74,3.6,3.6,0.0,5.0,4.88,10.2
2017-07-10,29.4,33.5,26.3,34.2,38.3,79,6.5,6.5,0.0,11.0,6.04,15.9
2017-07-11,29.8,34.4,26.1,35.5,40.0,77,3.7,3.7,0.0,5.0,3.11,6.3
2017-07-12,31.5,35.6,27.7,38.6,44.5,75,0.4,0.4,0.0,1.0,3.13,6.5
2017-07-13,32.0,35.0,28.7,38.8,43.5,74,1.0,1.0,0.0,3.0,3.16,6.1
2017-07-14,31.7,35.8,28.8,38.7,45.8,76,0.1,0.1,0.0,1.0,3.32,5.6
2017-07-15,31.5,35.4,28.6,37.1,42.3,74,0.0,0.0,0.0,0.0,6.29,11.5
2017-07-16,31.7,35.8,28.4,36.8,43.2,72,0.2,0.2,0.0,1.0,6.45,11.9
2017-07-17,31.2,34.4,28.6,36.0,39.9,71,0.0,0.0,0.0,0.0,5.94,12.4
2017-07-18,32.5,36.6,28.4,38.5,43.0,67,0.3,0.3,0.0,2.0,3.9,7.0
2017-07-19,32.9,36.5,29.3,39.1,43.1,66,0.0,0.0,0.0,0.0,3.83,5.6
2017-07-20,33.5,37.6,29.7,39.3,43.5,63,0.3,0.3,0.0,2.0,3.71,7.1
2017-07-21,33.7,38.6,29.3,39.8,45.7,63,0.2,0.2,0.0,1.0,3.54,6.5
2017-07-22,33.3,37.6,29.8,40.1,46.5,68,0.0,0.0,0.0,0.0,3.19,7.4
2017-07-23,33.4,38.3,29.1,39.9,45.8,66,0.0,0.0,0.0,0.0,3.55,7.7
2017-07-24,33.7,38.7,28.6,40.0,47.2,63,0.0,0.0,0.0,0.0,3.38,7.2
2017-07-25,33.9,38.6,29.4,40.5,45.7,64,0.0,0.0,0.0,0.0,2.77,8.3
2017-07-26,32.1,35.7,29.1,39.3,44.3,76,0.0,0.0,0.0,0.0,3.76,7.7
2017-07-27,32.2,36.6,28.8,37.9,42.5,69,0.0,0.0,0.0,0.0,4.81,10.4
2017-07-28,31.7,35.2,28.7,37.7,41.7,75,0.1,0.1,0.0,1.0,4.79,10.0
2017-07-29,31.0,33.4,29.0,37.4,40.2,79,1.0,1.0,0.0,3.0,5.1,10.0
2017-07-30,30.4,33.4,28.7,36.2,38.7,82,8.2,8.2,0.0,13.0,5.61,13.6
2017-07-31,31.1,33.5,29.3,35.6,38.1,79,0.4,0.4,0.0,3.0,8.7,18.6
2017-08-01,30.7,33.8,28.6,34.2,37.7,77,0.3,0.3,0.0,1.0,9.38,18.1
2017-08-02,30.8,33.5,29.0,35.1,37.8,78,0.0,0.0,0.0,0.0,7.45,14.6
2017-08-03,32.0,37.3,28.6,36.9,42.6,72,0.0,0.0,0.0,0.0,7.05,12.8
2017-08-04,31.5,36.4,29.1,37.8,45.6,77,0.7,0.7,0.0,3.0,5.46,9.9
2017-08-05,30.6,34.1,28.5,37.9,41.5,81,6.5,6.5,0.0,9.0,2.83,6.2
2017-08-06,31.9,36.5,28.8,38.8,42.7,75,0.5,0.5,0.0,3.0,3.22,9.0
2017-08-07,32.6,37.8,28.8,39.2,43.4,70,0.0,0.0,0.0,0.0,3.45,7.2
2017-08-08,30.0,33.7,27.2,36.4,40.3,79,2.1,2.1,0.0,5.0,2.3,11.5
2017-08-09,27.8,30.2,26.9,33.8,36.4,89,16.8,16.8,0.0,10.0,3.51,15.0
2017-08-10,29.7,33.6,26.6,36.0,40.2,79,1.5,1.5,0.0,7.0,2.19,5.1
2017-08-11,31.1,35.5,27.0,37.3,42.8,72,0.3,0.3,0.0,1.0,3.94,6.6
2017-08-12,29.1,30.0,28.4,34.3,35.2,82,2.5,2.5,0.0,7.0,5.24,9.8
2017-08-13,30.4,33.7,27.1,37.0,40.4,83,6.7,6.7,0.0,9.0,5.28,11.0
2017-08-14,29.4,33.3,26.5,35.5,39.7,83,2.8,2.8,0.0,14.0,4.85,13.3
2017-08-15,29.3,32.8,26.9,35.1,38.0,80,1.1,1.1,0.0,5.0,3.3,8.5
2017-08-16,28.4,31.6,26.5,34.4,37.5,82,20.0,20.0,0.0,12.0,3.04,8.7
2017-08-17,28.4,31.9,25.4,34.6,39.0,81,2.5,2.5,0.0,3.0,2.97,5.8
2017-08-18,29.2,33.4,25.5,35.3,41.5,81,2.1,2.1,0.0,6.0,3.62,7.0
2017-08-19,30.8,35.2,27.4,36.7,42.3,76,0.0,0.0,0.0,0.0,3.94,7.9
2017-08-20,27.6,29.1,26.0,33.4,34.7,85,17.6,17.6,0.0,14.0,2.98,7.7
2017-08-21,28.9,31.9,26.2,35.5,39.7,85,5.8,5.8,0.0,9.0,3.58,7.0
2017-08-22,30.1,32.4,27.9,35.7,38.5,84,1.8,1.8,0.0,6.0,6.64,12.7
2017-08-23,30.5,32.5,28.5,35.1,37.0,80,0.0,0.0,0.0,0.0,7.29,14.0
2017-08-24,31.6,36.3,28.6,37.7,42.0,75,0.0,0.0,0.0,0.0,6.14,10.9
2017-08-25,29.9,33.4,27.9,36.8,42.2,82,10.2,10.2,0.0,10.0,2.91,6.8
2017-08-26,27.7,29.2,26.8,30.7,33.4,74,13.0,13.0,0.0,10.0,6.75,13.2
2017-08-27,29.0,31.8,26.8,33.6,36.9,79,0.6,0.6,0.0,3.0,4.66,9.4
2017-08-28,31.1,35.5,27.4,37.5,43.5,77,0.0,0.0,0.0,0.0,4.81,7.8
2017-08-29,28.5,30.1,26.6,33.0,37.2,82,4.5,4.5,0.0,9.0,7.22,12.9
2017-08-30,26.3,27.9,25.2,27.7,30.0,66,0.0,0.0,0.0,0.0,5.88,11.2
2017-08-31,25.5,26.7,24.6,26.8,27.6,68,0.0,0.0,0.0,0.0,5.59,10.3
2017-09-01,25.4,27.5,23.4,27.0,29.2,68,0.0,0.0,0.0,0.0,4.88,10.0
2017-09-02,25.8,28.3,23.0,27.8,30.1,72,0.6,0.6,0.0,4.0,5.25,10.6
2017-09-03,26.4,28.7,25.3,28.4,30.3,71,0.7,0.7,0.0,4.0,4.75,9.2
2017-09-04,27.0,29.6,25.3,29.7,31.8,76,0.5,0.5,0.0,2.0,5.94,11.8
2017-09-05,28.8,33.2,25.7,34.2,40.2,79,0.1,0.1,0.0,1.0,4.16,8.5
2017-09-06,27.5,30.1,25.2,33.5,36.9,88,4.0,4.0,0.0,7.0,2.55,8.1
2017-09-07,24.3,25.0,22.9,28.4,29.9,93,13.8,13.8,0.0,19.0,4.07,9.0
2017-09-08,25.2,27.8,22.2,28.3,30.9,79,0.0,0.0,0.0,0.0,3.89,7.8
2017-09-09,25.0,25.8,23.8,27.8,29.0,83,6.2,6.2,0.0,11.0,5.04,9.4
2017-09-10,28.5,31.8,25.8,33.2,37.2,82,0.3,0.3,0.0,2.0,5.2,10.6
2017-09-11,25.7,27.3,24.0,30.1,33.2,89,4.7,4.7,0.0,8.0,4.39,9.2
2017-09-12,25.2,27.9,23.2,27.7,30.2,75,0.0,0.0,0.0,0.0,4.16,9.2
2017-09-13,25.4,28.3,23.2,26.2,28.9,68,0.0,0.0,0.0,0.0,7.09,14.1
2017-09-14,25.0,27.2,23.3,24.8,26.6,69,0.4,0.4,0.0,2.0,8.03,16.0
2017-09-15,24.4,25.6,23.2,25.4,26.2,82,0.3,0.3,0.0,1.0,8.18,15.4
2017-09-16,24.3,27.0,22.0,24.3,27.1,68,0.0,0.0,0.0,0.0,6.81,14.1
2017-09-17,24.2,28.2,21.3,25.4,29.4,70,0.0,0.0,0.0,0.0,5.43,11.2
2017-09-18,25.0,30.3,20.1,27.8,34.4,73,0.0,0.0,0.0,0.0,3.8,6.6
2017-09-19,25.8,29.4,23.0,29.1,32.4,78,1.5,1.5,0.0,3.0,3.76,8.4
2017-09-20,21.6,25.0,19.8,23.2,28.6,89,43.4,43.4,0.0,24.0,5.22,9.0
2017-09-21,21.8,22.9,20.5,23.9,25.2,87,7.9,7.9,0.0,21.0,4.03,8.6
2017-09-22,22.6,25.1,20.3,25.4,27.9,84,0.1,0.1,0.0,1.0,2.26,4.8
2017-09-23,21.2,22.6,20.3,22.8,25.1,84,11.7,11.7,0.0,14.0,4.12,9.6
2017-09-24,22.1,23.7,20.7,24.5,27.6,93,36.2,36.2,0.0,23.0,5.61,10.6
2017-09-25,24.3,24.9,23.4,28.7,30.4,96,32.2,32.2,0.0,22.0,3.77,11.1
2017-09-26,27.7,33.0,24.5,33.9,39.7,89,8.9,8.9,0.0,9.0,3.14,12.9
2017-09-27,24.7,26.4,22.2,27.7,31.4,87,0.2,0.2,0.0,1.0,6.31,11.8
2017-09-28,21.9,23.8,19.9,22.8,24.8,77,1.2,1.2,0.0,5.0,5.14,9.1
2017-09-29,21.7,24.7,17.9,22.7,26.3,74,0.0,0.0,0.0,0.0,3.71,8.8
2017-09-30,21.6,22.6,20.2,22.3,24.0,84,29.4,29.4,0.0,21.0,6.71,12.3
2017-10-01,26.2,30.0,22.8,29.7,34.9,87,8.1,8.1,0.0,6.0,7.15,12.7
2017-10-02,23.8,25.8,21.5,27.0,30.8,90,2.5,2.5,0.0,9.0,4.84,9.7
2017-10-03,21.8,23.4,20.8,21.4,22.6,74,0.2,0.2,0.0,1.0,6.88,12.3
2017-10-04,20.7,22.3,19.9,19.6,20.8,67,1.4,1.4,0.0,4.0,6.17,11.5
2017-10-05,19.4,20.2,18.0,19.9,20.9,83,3.0,3.0,0.0,5.0,4.0,7.4
2017-10-06,19.7,22.8,17.3,20.6,23.6,80,0.4,0.4,0.0,1.0,3.55,7.6
2017-10-07,21.2,25.1,17.6,23.1,27.4,80,0.0,0.0,0.0,0.0,2.7,6.0
2017-10-08,23.1,26.5,20.6,25.0,29.1,79,0.0,0.0,0.0,0.0,4.12,8.8
2017-10-09,24.6,27.7,21.5,27.9,30.8,88,0.0,0.0,0.0,0.0,5.22,9.5
2017-10-10,26.2,29.0,24.6,31.1,34.4,90,1.3,1.3,0.0,8.0,3.96,8.6
2017-10-11,21.0,24.7,19.5,22.1,30.4,90,13.5,13.5,0.0,16.0,6.09,12.3
2017-10-12,18.5,19.4,17.7,17.4,19.3,81,0.6,0.6,0.0,3.0,7.03,12.3
2017-10-13,19.1,20.4,17.7,17.3,18.3,67,0.3,0.3,0.0,1.0,5.98,12.3
2017-10-14,19.1,21.3,17.0,16.8,18.6,71,6.1,6.1,0.0,13.0,8.08,15.5
2017-10-15,18.0,18.9,17.1,16.2,17.3,89,40.0,40.0,0.0,24.0,8.5,15.7
2017-10-16,18.9,19.7,17.6,17.1,18.2,88,23.7,23.7,0.0,24.0,8.54,17.2
2017-10-17,19.0,20.3,17.7,17.8,18.9,77,0.4,0.4,0.0,2.0,6.85,12.6
2017-10-18,19.9,22.7,18.5,20.2,23.4,82,0.0,0.0,0.0,0.0,4.26,8.9
2017-10-19,18.9,20.8,17.7,18.7,19.9,80,0.0,0.0,0.0,0.0,4.98,9.2
2017-10-20,18.9,21.5,17.1,18.1,19.8,74,0.0,0.0,0.0,0.0,5.39,10.7
2017-10-21,18.8,22.0,17.1,17.1,19.4,70,0.0,0.0,0.0,0.0,6.59,13.4
2017-10-22,18.8,22.3,16.4,16.7,19.4,71,0.0,0.0,0.0,0.0,7.75,14.2
2017-10-23,17.0,20.0,14.4,15.3,17.5,71,0.0,0.0,0.0,0.0,5.16,10.5
2017-10-24,15.9,20.0,12.7,14.5,18.3,72,0.0,0.0,0.0,0.0,4.16,9.1
2017-10-25,16.5,21.0,12.0,16.0,20.1,76,0.0,0.0,0.0,0.0,2.6,6.6
2017-10-26,17.8,21.7,14.2,17.9,22.4,77,0.0,0.0,0.0,0.0,2.47,5.4
2017-10-27,17.4,21.4,14.1,17.1,20.9,78,0.0,0.0,0.0,0.0,4.36,8.5
2017-10-28,18.2,21.9,15.9,16.8,19.8,73,0.0,0.0,0.0,0.0,6.28,12.2
2017-10-29,16.4,20.1,13.5,13.5,17.1,70,0.0,0.0,0.0,0.0,8.55,16.0
2017-10-30,14.0,16.3,12.1,10.8,12.4,57,0.0,0.0,0.0,0.0,5.31,10.7
2017-10-31,14.4,18.7,10.9,13.0,17.3,70,0.0,0.0,0.0,0.0,2.41,5.2
2017-11-01,16.5,21.8,12.2,15.7,21.2,72,0.0,0.0,0.0,0.0,2.84,6.4
2017-11-02,17.7,23.7,13.6,18.1,24.4,77,0.0,0.0,0.0,0.0,2.66,4.0
2017-11-03,17.0,22.9,12.7,15.8,22.1,77,0.0,0.0,0.0,0.0,7.2,13.2
2017-11-04,13.5,15.1,12.1,9.8,11.3,56,0.0,0.0,0.0,0.0,6.09,12.5
2017-11-05,14.1,16.2,11.9,12.1,13.9,67,0.0,0.0,0.0,0.0,3.71,8.5
2017-11-06,17.1,21.2,12.2,17.2,21.1,80,0.0,0.0,0.0,0.0,2.92,7.4
2017-11-07,18.6,20.2,16.7,20.2,21.9,89,0.6,0.6,0.0,3.0,2.06,4.5
2017-11-08,17.5,21.9,15.2,16.5,20.4,71,0.0,0.0,0.0,0.0,5.24,10.7
2017-11-09,16.2,20.5,12.6,15.0,18.8,72,0.0,0.0,0.0,0.0,4.11,8.8
2017-11-10,16.9,20.8,14.6,15.6,19.5,76,0.3,0.3,0.0,1.0,5.91,11.3
2017-11-11,14.6,16.8,11.8,11.9,13.7,63,0.0,0.0,0.0,0.0,5.7,11.5
2017-11-12,14.8,17.7,11.9,13.4,15.9,69,0.0,0.0,0.0,0.0,2.83,6.3
2017-11-13,16.2,19.7,13.5,16.0,19.3,79,5.7,5.7,0.0,7.0,2.3,5.0
2017-11-14,15.9,17.4,14.8,15.7,16.9,85,1.1,1.1,0.0,5.0,3.5,7.1
2017-11-15,15.6,17.8,14.3,14.9,16.5,78,1.5,1.5,0.0,7.0,3.73,7.4
2017-11-16,14.8,15.3,14.2,13.3,13.9,86,9.8,9.8,0.0,16.0,5.66,11.1
2017-11-17,16.7,18.2,15.0,15.3,18.0,90,10.3,10.3,0.0,14.0,8.3,14.5
2017-11-18,10.7,14.7,7.7,5.6,11.2,68,5.0,5.0,0.0,7.0,8.95,17.5
2017-11-19,9.2,11.9,5.7,5.7,8.5,64,0.0,0.0,0.0,0.0,5.24,8.9
2017-11-20,9.6,11.7,8.1,6.5,7.8,73,2.2,2.2,0.0,8.0,4.6,9.1
2017-11-21,11.1,13.0,8.4,9.5,12.0,85,4.8,4.8,0.0,9.0,3.49,5.7
2017-11-22,11.8,13.8,10.4,9.0,11.6,78,7.3,7.3,0.0,8.0,5.46,10.4
2017-11-23,9.8,13.2,6.8,6.1,9.5,51,0.0,0.0,0.0,0.0,4.65,8.4
2017-11-24,9.3,14.7,4.1,6.4,11.1,59,0.0,0.0,0.0,0.0,2.51,5.5
2017-11-25,11.8,16.2,8.4,8.9,12.4,60,0.0,0.0,0.0,0.0,3.69,7.9
2017-11-26,12.6,17.8,9.2,10.6,15.5,75,0.0,0.0,0.0,0.0,3.65,7.2
2017-11-27,13.3,16.4,11.1,11.0,13.8,75,0.0,0.0,0.0,0.0,4.74,9.1
2017-11-28,15.1,19.2,13.1,14.2,18.0,82,4.3,4.3,0.0,8.0,4.5,7.0
2017-11-29,13.2,14.1,10.9,11.1,13.7,86,6.2,6.2,0.0,21.0,5.88,10.2
2017-11-30,10.0,11.1,8.9,6.0,7.5,70,0.3,0.3,0.0,1.0,6.14,11.6
2017-12-01,9.0,11.4,6.5,5.4,7.4,64,0.0,0.0,0.0,0.0,4.39,10.2
2017-12-02,9.8,12.4,6.1,7.7,10.6,73,0.0,0.0,0.0,0.0,2.28,4.4
2017-12-03,12.1,15.2,8.6,10.8,14.6,77,0.0,0.0,0.0,0.0,2.5,5.1
2017-12-04,10.1,12.6,7.0,6.7,11.0,74,0.0,0.0,0.0,0.0,6.7,13.1
2017-12-05,5.8,8.4,2.7,1.5,3.1,51,0.0,0.0,0.0,0.0,4.95,10.4
2017-12-06,5.7,11.0,0.8,2.3,7.2,58,0.0,0.0,0.0,0.0,2.82,5.3
2017-12-07,7.7,10.6,3.9,4.5,7.4,65,0.0,0.0,0.0,0.0,4.36,7.3
2017-12-08,6.2,8.3,1.9,1.3,4.0,53,0.0,0.0,0.0,0.0,6.19,12.2
2017-12-09,4.4,9.5,-0.1,0.5,4.9,57,0.0,0.0,0.0,0.0,3.81,6.4
2017-12-10,8.4,13.3,5.5,4.0,7.9,54,0.0,0.0,0.0,0.0,6.17,11.5
2017-12-11,6.7,11.9,2.1,3.5,8.6,63,0.0,0.0,0.0,0.0,2.66,5.3
2017-12-12,6.5,9.2,4.5,2.5,4.8,66,0.0,0.0,0.0,0.0,4.81,9.8
2017-12-13,7.9,10.1,5.7,3.7,5.3,62,0.0,0.0,0.0,0.0,5.66,11.4
2017-12-14,7.8,8.4,6.7,4.3,5.9,78,2.0,2.0,0.0,8.0,5.37,10.1
2017-12-15,8.1,8.6,7.2,5.1,6.0,87,8.9,8.9,0.0,17.0,4.48,8.1
2017-12-16,5.6,7.0,2.4,0.7,3.4,69,0.0,0.0,0.0,0.0,6.71,12.4
2017-12-17,2.3,5.6,0.3,-2.3,0.5,54,0.0,0.0,0.0,0.0,4.48,9.3
2017-12-18,2.3,7.9,-2.0,-1.6,3.1,58,0.0,0.0,0.0,0.0,3.07,6.6
2017-12-19,4.6,9.7,1.0,0.4,4.6,63,0.0,0.0,0.0,0.0,5.46,11.3
2017-12-20,5.1,11.4,-0.5,1.2,6.3,62,0.0,0.0,0.0,0.0,4.41,8.6
2017-12-21,5.3,11.5,-0.2,2.0,8.6,64,0.0,0.0,0.0,0.0,2.92,5.3
2017-12-22,8.3,14.8,2.9,5.2,11.6,71,0.0,0.0,0.0,0.0,3.54,8.3
2017-12-23,12.3,15.9,8.5,10.2,13.6,80,0.2,0.2,0.0,2.0,4.97,8.4
2017-12-24,10.5,13.2,7.0,5.7,12.4,54,0.0,0.0,0.0,0.0,8.11,14.9
2017-12-25,6.0,9.9,3.1,2.2,5.9,58,0.0,0.0,0.0,0.0,4.17,7.3
2017-12-26,6.2,11.0,2.2,3.0,7.5,65,0.0,0.0,0.0,0.0,2.78,5.5
2017-12-27,7.1,10.7,2.8,3.5,6.8,72,0.0,0.0,0.0,0.0,5.16,10.1
2017-12-28,10.0,10.8,8.8,7.2,8.7,81,7.0,7.0,0.0,13.0,4.62,8.2
2017-12-29,10.9,12.4,10.2,9.5,10.8,87,0.0,0.0,0.0,0.0,2.7,5.6
2017-12-30,9.6,10.9,7.4,7.5,10.1,89,1.9,1.9,0.0,9.0,5.44,9.5
2017-12-31,6.3,9.7,3.7,2.9,5.8,75,0.0,0.0,0.0,0.0,5.15,8.6
2018-01-01,6.0,10.1,2.3,2.7,6.3,69,0.0,0.0,0.0,0.0,3.61,7.3
2018-01-02,10.7,13.0,8.1,7.7,10.2,74,0.6,0.6,0.0,3.0,5.16,8.8
2018-01-03,8.0,10.8,5.4,3.6,8.0,85,13.2,13.2,0.0,24.0,7.29,12.9
2018-01-04,5.6,6.3,4.6,1.2,2.3,88,28.3,28.3,0.0,24.0,6.16,11.1
2018-01-05,5.1,6.3,3.9,0.8,1.4,77,3.3,3.3,0.0,4.0,5.73,10.0
2018-01-06,5.4,7.6,2.6,1.9,4.6,75,1.2,1.2,0.0,4.0,3.91,7.1
2018-01-07,7.8,10.4,4.4,4.8,9.5,93,6.6,6.6,0.0,16.0,5.89,10.8
2018-01-08,3.5,4.5,1.0,-2.3,-0.7,77,0.5,0.5,0.0,2.0,7.65,14.0
2018-01-09,2.6,6.0,-1.0,-3.3,-0.6,50,0.0,0.0,0.0,0.0,7.05,14.0
2018-01-10,2.9,6.2,0.8,-2.5,-0.2,47,0.0,0.0,0.0,0.0,6.41,12.3
2018-01-11,1.7,5.6,-2.5,-3.0,0.8,51,0.0,0.0,0.0,0.0,4.33,8.3
2018-01-12,-0.7,3.1,-3.5,-5.4,-1.6,55,0.0,0.0,0.0,0.0,4.47,8.5
2018-01-13,0.7,5.5,-4.5,-3.0,1.8,63,0.0,0.0,0.0,0.0,2.86,5.3
2018-01-14,6.4,12.1,1.8,2.8,7.9,72,0.0,0.0,0.0,0.0,5.05,9.7
2018-01-15,8.2,15.0,2.6,5.8,12.7,83,0.0,0.0,0.0,0.0,4.0,6.8
2018-01-16,11.3,13.9,9.4,9.6,12.2,89,1.4,1.4,0.0,7.0,3.61,7.5
2018-01-17,9.0,11.6,7.6,6.9,10.1,83,0.0,0.0,0.0,0.0,3.14,5.7
2018-01-18,8.0,9.2,7.0,5.1,6.2,80,0.0,0.0,0.0,0.0,4.34,9.1
2018-01-19,7.6,8.7,6.8,5.3,6.6,84,0.0,0.0,0.0,0.0,2.86,4.7
2018-01-20,7.3,8.4,6.4,4.6,5.3,81,0.2,0.2,0.0,2.0,3.11,5.9
2018-01-21,7.2,9.4,5.2,4.2,6.0,87,8.7,8.7,0.0,11.0,4.67,8.1
2018-01-22,6.5,10.3,4.1,3.9,7.5,84,3.2,3.2,0.0,3.0,4.16,7.8
2018-01-23,5.0,6.0,3.2,0.8,3.6,79,0.0,0.0,0.0,0.0,6.17,11.4
2018-01-24,2.2,3.6,0.9,-3.4,-2.1,63,0.8,0.1,0.56,5.0,6.19,11.8
2018-01-25,1.5,2.1,1.0,-3.8,-3.1,88,10.2,1.8,5.88,24.0,7.36,13.2
2018-01-26,0.7,1.1,0.1,-4.9,-4.0,75,0.3,0.0,0.28,3.0,6.87,13.0
2018-01-27,1.7,3.3,0.5,-2.4,-0.4,85,8.7,6.2,1.75,12.0,4.84,9.3
2018-01-28,2.6,4.0,0.9,-1.9,-0.1,86,5.9,5.0,0.63,10.0,6.43,11.5
2018-01-29,0.6,2.8,-1.7,-4.5,-2.0,65,0.0,0.0,0.0,0.0,5.84,10.7
2018-01-30,0.4,4.4,-3.5,-3.5,0.9,65,0.0,0.0,0.0,0.0,3.44,6.4
2018-01-31,1.7,2.9,-0.0,-2.2,-1.2,71,0.0,0.0,0.07,0.0,3.5,6.9
2018-02-01,2.3,6.5,-1.3,-1.7,2.5,70,0.0,0.0,0.0,0.0,3.47,7.7
2018-02-02,3.7,8.2,0.4,-0.5,3.9,64,0.0,0.0,0.0,0.0,5.22,9.1
2018-02-03,1.1,2.5,-0.8,-4.5,-3.1,55,0.0,0.0,0.0,0.0,5.8,11.6
2018-02-04,0.1,3.2,-2.4,-5.0,-2.4,51,0.0,0.0,0.0,0.0,5.01,11.3
2018-02-05,1.0,5.8,-3.0,-3.7,0.6,52,0.0,0.0,0.0,0.0,4.63,9.7
2018-02-06,0.3,4.2,-2.2,-4.1,-0.6,64,0.0,0.0,0.0,0.0,4.49,10.1
2018-02-07,1.5,6.6,-3.2,-2.5,2.6,65,0.0,0.0,0.0,0.0,3.4,7.9
2018-02-08,2.3,6.3,-1.0,-1.7,3.0,64,0.0,0.0,0.0,0.0,3.8,6.9
2018-02-09,5.8,9.3,1.8,2.3,6.0,73,0.0,0.0,0.0,0.0,5.63,10.6
2018-02-10,5.1,7.0,1.6,0.8,3.6,74,0.0,0.0,0.0,0.0,7.24,13.9
2018-02-11,4.0,9.0,-1.2,-0.2,4.1,58,0.0,0.0,0.0,0.0,6.04,11.7
2018-02-12,3.6,8.2,-1.6,-1.6,2.2,35,0.0,0.0,0.0,0.0,7.06,13.4
2018-02-13,4.8,11.9,-2.4,0.2,7.7,54,0.0,0.0,0.0,0.0,5.64,9.6
2018-02-14,10.6,17.7,4.8,7.7,16.0,62,0.0,0.0,0.0,0.0,5.21,9.2
2018-02-15,7.5,11.0,5.6,3.6,8.8,79,0.7,0.7,0.0,4.0,5.52,10.6
2018-02-16,4.9,5.5,3.1,1.8,2.6,84,2.1,2.1,0.0,8.0,3.47,6.3
2018-02-17,5.5,10.1,1.2,1.9,6.7,76,0.0,0.0,0.0,0.0,5.45,10.8
2018-02-18,7.8,10.4,6.3,4.3,7.2,84,2.9,2.9,0.0,10.0,5.8,10.0
2018-02-19,6.9,8.0,5.9,3.6,4.8,92,9.9,9.9,0.0,13.0,5.44,9.6
2018-02-20,6.2,7.7,5.1,2.7,4.2,88,9.7,9.7,0.0,11.0,5.39,9.6
2018-02-21,6.0,7.7,4.9,2.7,3.9,80,0.7,0.7,0.0,2.0,4.67,10.0
2018-02-22,6.1,9.1,3.5,3.4,6.2,77,0.0,0.0,0.0,0.0,2.73,5.1
2018-02-23,7.0,13.3,2.0,3.5,10.2,72,0.0,0.0,0.0,0.0,4.8,9.4
2018-02-24,9.2,12.6,6.7,6.1,9.5,85,11.8,11.8,0.0,9.0,5.39,10.0
2018-02-25,8.1,10.1,5.9,4.9,6.7,84,4.9,4.9,0.0,5.0,4.94,9.0
2018-02-26,8.0,13.0,4.3,5.6,11.7,78,0.0,0.0,0.0,0.0,4.17,7.1
2018-02-27,10.9,16.2,6.8,7.6,13.6,79,2.5,2.5,0.0,4.0,6.76,12.8
2018-02-28,12.4,13.7,9.2,8.9,11.8,83,5.7,5.7,0.0,8.0,9.93,18.3
2018-03-01,9.0,12.7,7.2,5.6,9.5,74,0.0,0.0,0.0,0.0,6.52,13.0
2018-03-02,7.8,10.0,6.1,4.1,7.1,79,4.2,4.2,0.0,7.0,5.41,10.9
2018-03-03,12.1,14.8,10.2,10.7,14.8,91,15.2,15.2,0.0,8.0,4.88,8.3
2018-03-04,16.3,22.5,11.6,15.3,23.0,89,0.6,0.6,0.0,2.0,6.83,12.1
2018-03-05,8.3,12.0,6.2,3.6,9.4,80,10.6,10.6,0.0,15.0,8.32,14.7
2018-03-06,8.2,10.6,6.3,4.2,6.5,73,0.5,0.5,0.0,2.0,5.59,11.0
2018-03-07,8.5,9.4,7.8,5.5,6.6,91,7.3,7.3,0.0,16.0,5.28,9.6
2018-03-08,7.3,10.2,3.4,2.6,5.3,75,0.0,0.0,0.0,0.0,7.82,14.6
2018-03-09,5.8,10.3,2.5,2.2,7.6,65,0.0,0.0,0.0,0.0,4.84,9.6
2018-03-10,8.6,15.5,2.7,5.8,13.7,69,0.0,0.0,0.0,0.0,3.5,6.6
2018-03-11,10.9,16.8,6.4,8.0,14.4,69,0.0,0.0,0.0,0.0,5.05,9.3
2018-03-12,14.8,20.8,10.4,12.7,20.2,71,0.0,0.0,0.0,0.0,5.11,9.3
2018-03-13,17.0,23.7,12.1,15.8,24.3,76,0.0,0.0,0.0,0.0,5.74,10.1
2018-03-14,17.6,21.6,15.7,16.6,21.4,85,1.0,1.0,0.0,3.0,6.61,14.3
2018-03-15,16.1,18.2,10.2,15.9,19.7,91,7.0,7.0,0.0,13.0,7.34,12.4
2018-03-16,8.2,9.8,7.2,3.7,5.6,79,0.0,0.0,0.0,0.0,7.6,13.9
2018-03-17,10.7,12.9,8.3,7.2,8.9,74,0.0,0.0,0.0,0.0,6.37,12.0
2018-03-18,12.6,14.7,10.8,10.9,13.9,86,7.0,7.0,0.0,9.0,5.45,9.4
2018-03-19,9.4,12.1,7.9,6.4,10.8,88,0.7,0.7,0.0,3.0,5.63,10.6
2018-03-20,7.2,8.1,5.5,3.5,4.6,86,4.3,4.3,0.0,9.0,5.83,10.5
2018-03-21,7.0,8.1,5.6,2.9,4.3,84,3.5,3.5,0.0,15.0,7.79,13.7
2018-03-22,9.4,15.1,4.8,7.3,13.9,75,0.0,0.0,0.0,0.0,3.23,7.1
2018-03-23,12.9,19.9,7.8,11.2,18.3,72,0.0,0.0,0.0,0.0,3.35,6.0
2018-03-24,14.5,20.6,9.7,13.1,20.2,73,0.0,0.0,0.0,0.0,3.24,6.9
2018-03-25,15.4,20.1,12.0,13.7,19.1,75,0.0,0.0,0.0,0.0,4.48,9.6
2018-03-26,15.7,21.5,11.6,14.9,23.0,79,0.0,0.0,0.0,0.0,3.96,7.9
2018-03-27,15.7,21.8,11.6,14.9,22.7,78,0.0,0.0,0.0,0.0,4.42,8.3
2018-03-28,17.2,25.0,12.6,16.2,25.5,74,0.0,0.0,0.0,0.0,4.84,8.2
2018-03-29,17.2,22.4,13.2,16.5,23.2,79,0.0,0.0,0.0,0.0,4.7,8.2
2018-03-30,15.0,18.2,13.0,14.2,18.4,90,0.0,0.0,0.0,0.0,4.21,8.5
2018-03-31,16.1,21.5,12.3,15.2,22.5,79,0.0,0.0,0.0,0.0,5.41,9.2
2018-04-01,19.4,25.6,15.2,19.3,27.5,79,0.0,0.0,0.0,0.0,5.61,10.4
2018-04-02,19.3,22.8,16.7,19.7,25.0,82,1.2,1.2,0.0,3.0,4.79,9.7
2018-04-03,20.6,25.6,17.5,20.6,27.0,81,1.7,1.7,0.0,5.0,6.35,13.0
2018-04-04,14.2,18.7,11.2,12.6,19.2,90,2.4,2.4,0.0,6.0,7.31,13.5
2018-04-05,11.2,13.4,8.8,9.1,13.0,91,14.8,14.8,0.0,9.0,7.08,11.9
2018-04-06,11.9,16.5,8.3,7.7,13.1,60,2.1,2.1,0.0,6.0,7.09,12.9
2018-04-07,10.4,14.1,6.8,5.9,8.9,43,0.0,0.0,0.0,0.0,7.24,13.9
2018-04-08,13.8,20.9,5.3,10.4,17.3,53,0.0,0.0,0.0,0.0,6.75,13.2
2018-04-09,18.0,25.3,11.0,16.0,24.5,55,0.0,0.0,0.0,0.0,6.2,10.7
2018-04-10,21.0,27.1,16.2,19.9,27.1,67,0.0,0.0,0.0,0.0,6.41,12.7
2018-04-11,19.4,24.5,16.4,18.9,25.8,69,0.0,0.0,0.0,0.0,5.73,11.3
2018-04-12,16.6,18.2,15.8,13.9,16.3,68,0.8,0.8,0.0,3.0,6.5,12.4
2018-04-13,16.5,17.4,15.7,13.7,17.5,73,1.9,1.9,0.0,7.0,8.01,14.7
2018-04-14,14.1,18.0,11.9,11.9,18.7,86,6.6,6.6,0.0,7.0,7.58,13.8
2018-04-15,14.5,19.3,10.5,12.4,17.4,63,0.0,0.0,0.0,0.0,4.02,8.3
2018-04-16,12.3,15.1,9.5,10.1,13.0,64,0.0,0.0,0.0,0.0,3.13,6.4
2018-04-17,13.6,19.6,8.0,11.9,20.2,61,0.0,0.0,0.0,0.0,3.5,6.8
2018-04-18,16.3,22.5,10.3,14.6,22.7,65,0.0,0.0,0.0,0.0,4.5,8.5
2018-04-19,18.6,24.7,13.3,17.8,26.1,70,0.0,0.0,0.0,0.0,5.94,10.0
2018-04-20,19.8,24.5,16.2,18.3,24.2,74,0.0,0.0,0.0,0.0,7.28,14.1
2018-04-21,20.5,23.6,17.7,19.9,23.9,80,2.0,2.0,0.0,5.0,6.89,13.7
2018-04-22,23.0,27.6,20.2,24.6,30.5,82,1.1,1.1,0.0,2.0,5.79,11.3
2018-04-23,18.1,22.2,13.9,18.7,24.9,94,28.7,28.7,0.0,14.0,6.72,11.7
2018-04-24,13.9,15.6,11.7,11.0,12.1,81,0.0,0.0,0.0,0.0,7.7,13.7
2018-04-25,15.7,20.9,10.8,14.5,20.6,71,0.0,0.0,0.0,0.0,3.61,8.0
2018-04-26,17.3,22.0,13.1,16.7,22.9,64,0.0,0.0,0.0,0.0,3.06,5.2
2018-04-27,20.3,26.5,14.5,20.8,27.8,67,0.0,0.0,0.0,0.0,2.63,6.6
2018-04-28,19.9,25.8,15.2,20.2,28.0,70,0.0,0.0,0.0,0.0,3.71,7.0
2018-04-29,21.6,26.5,16.4,22.0,28.1,71,0.0,0.0,0.0,0.0,3.99,8.8
2018-04-30,24.0,28.7,20.0,27.1,34.3,82,4.0,4.0,0.0,5.0,3.1,6.6
2018-05-01,23.4,28.3,20.0,26.9,33.1,87,10.2,10.2,0.0,11.0,2.91,7.9
2018-05-02,20.4,24.0,14.1,20.9,26.3,83,1.0,1.0,0.0,5.0,7.32,13.5
2018-05-03,18.8,24.8,12.5,17.7,23.7,61,0.0,0.0,0.0,0.0,4.81,9.7
2018-05-04,20.4,25.0,14.8,19.8,27.0,62,0.0,0.0,0.0,0.0,5.73,9.6
2018-05-05,19.8,20.7,18.5,18.4,21.1,74,9.1,9.1,0.0,13.0,7.79,14.5
2018-05-06,22.8,25.8,20.7,24.9,29.3,87,11.7,11.7,0.0,18.0,6.1,12.3
2018-05-07,19.5,23.2,16.2,19.9,25.4,87,4.9,4.9,0.0,15.0,6.02,11.4
2018-05-08,18.5,22.3,15.7,18.1,21.8,79,0.0,0.0,0.0,0.0,4.81,10.2
2018-05-09,17.6,21.6,13.3,17.2,21.9,74,0.0,0.0,0.0,0.0,5.0,9.9
2018-05-10,17.5,20.5,14.7,16.1,19.8,73,0.0,0.0,0.0,0.0,5.77,11.2
2018-05-11,20.7,25.2,15.9,20.4,26.0,75,0.0,0.0,0.0,0.0,6.91,13.4
2018-05-12,23.8,28.1,20.9,26.8,32.1,82,6.8,6.8,0.0,9.0,4.65,9.4
2018-05-13,22.7,27.0,19.7,25.2,30.7,83,0.9,0.9,0.0,3.0,4.4,8.5
2018-05-14,24.3,29.9,19.3,26.5,34.9,81,0.0,0.0,0.0,0.0,5.28,10.0
2018-05-15,27.7,33.2,23.2,31.0,38.5,77,0.0,0.0,0.0,0.0,5.6,10.1
2018-05-16,29.2,34.4,24.4,32.9,40.1,74,0.0,0.0,0.0,0.0,5.87,10.8
2018-05-17,29.1,34.4,24.5,33.4,38.1,73,2.3,2.3,0.0,4.0,5.26,9.7
2018-05-18,25.6,30.3,20.7,29.9,36.8,85,1.6,1.6,0.0,2.0,4.81,9.3
2018-05-19,20.7,21.3,19.9,21.9,22.9,92,18.0,18.0,0.0,14.0,5.3,9.4
2018-05-20,19.5,20.2,18.9,19.2,20.3,87,0.2,0.2,0.0,1.0,7.0,12.4
2018-05-21,20.2,21.5,19.1,20.4,21.8,88,0.0,0.0,0.0,0.0,5.92,11.1
2018-05-22,22.0,24.7,19.2,23.3,28.1,89,5.4,5.4,0.0,13.0,6.33,11.3
2018-05-23,21.5,25.8,18.2,21.2,26.0,62,0.0,0.0,0.0,0.0,5.84,9.8
2018-05-24,21.8,26.6,16.4,20.5,24.2,55,0.0,0.0,0.0,0.0,5.44,11.2
2018-05-25,21.7,23.9,20.1,23.3,26.2,86,29.7,29.7,0.0,23.0,5.03,13.5
2018-05-26,21.7,23.2,20.1,24.1,26.3,92,5.3,5.3,0.0,8.0,4.44,9.5
2018-05-27,21.8,24.7,19.9,24.7,27.8,89,0.0,0.0,0.0,0.0,3.29,5.5
2018-05-28,23.7,28.4,20.3,27.3,33.1,84,0.0,0.0,0.0,0.0,3.02,6.1
2018-05-29,23.5,26.5,21.2,26.7,30.0,88,0.2,0.2,0.0,1.0,3.4,7.1
2018-05-30,23.9,26.6,22.1,27.0,30.1,83,0.3,0.3,0.0,2.0,3.85,6.9
2018-05-31,21.3,22.6,18.8,23.1,25.1,80,6.4,6.4,0.0,10.0,3.26,8.7
2018-06-01,21.6,25.4,18.0,22.7,26.5,71,0.0,0.0,0.0,0.0,4.02,8.4
2018-06-02,22.4,25.9,19.1,23.7,27.6,72,0.0,0.0,0.0,0.0,2.97,6.7
2018-06-03,22.4,24.4,20.6,23.7,24.7,75,0.7,0.7,0.0,4.0,3.76,7.9
2018-06-04,23.8,26.9,20.4,26.6,30.5,78,0.1,0.1,0.0,1.0,2.51,5.9
2018-06-05,23.6,26.1,21.7,26.0,28.1,80,3.3,3.3,0.0,8.0,3.28,7.6
2018-06-06,23.8,27.6,20.4,26.2,30.6,79,0.2,0.2,0.0,1.0,4.39,8.6
2018-06-07,24.1,27.9,21.3,26.7,31.9,80,0.0,0.0,0.0,0.0,4.07,8.4
2018-06-08,23.8,26.2,21.7,26.5,28.7,83,0.0,0.0,0.0,0.0,3.88,7.6
2018-06-09,23.0,24.4,21.7,25.0,26.6,84,0.0,0.0,0.0,0.0,4.83,8.7
2018-06-10,22.9,25.0,21.6,25.9,27.8,84,2.1,2.1,0.0,11.0,2.6,6.2
2018-06-11,24.4,29.3,19.9,26.4,30.1,73,0.0,0.0,0.0,0.0,5.03,11.0
2018-06-12,25.8,31.0,21.1,28.4,35.3,73,0.0,0.0,0.0,0.0,4.43,7.5
2018-06-13,27.4,32.4,23.0,29.2,35.8,65,0.0,0.0,0.0,0.0,6.52,10.9
2018-06-14,25.9,29.5,23.3,28.5,33.8,76,0.0,0.0,0.0,0.0,5.91,10.0
2018-06-15,25.2,28.9,21.8,27.2,32.5,72,0.0,0.0,0.0,0.0,5.63,10.7
2018-06-16,23.9,26.7,22.1,25.1,28.7,74,0.0,0.0,0.0,0.0,5.22,10.8
2018-06-17,24.5,27.4,22.0,26.1,29.4,78,0.3,0.3,0.0,3.0,5.86,11.8
2018-06-18,26.7,30.0,23.9,30.1,34.2,81,0.0,0.0,0.0,0.0,5.02,10.0
2018-06-19,26.8,30.0,24.1,31.7,36.0,88,7.8,7.8,0.0,9.0,5.52,7.1
2018-06-20,22.7,24.1,21.8,25.1,27.7,91,23.5,23.5,0.0,17.0,5.53,9.5
2018-06-21,24.1,27.6,20.8,27.0,31.8,80,0.0,0.0,0.0,0.0,4.33,8.7
2018-06-22,22.0,23.8,18.9,23.8,26.5,87,19.3,19.3,0.0,15.0,5.87,11.1
2018-06-23,21.4,24.0,19.1,22.6,25.5,83,3.8,3.8,0.0,7.0,4.85,9.6
2018-06-24,23.7,25.9,20.7,26.5,28.8,86,1.0,1.0,0.0,4.0,4.61,9.1
2018-06-25,28.3,33.0,24.1,34.1,41.0,85,0.3,0.3,0.0,1.0,4.05,7.4
2018-06-26,31.1,35.6,27.2,36.8,42.0,77,0.0,0.0,0.0,0.0,4.46,9.3
2018-06-27,31.4,34.7,28.2,36.8,41.0,72,0.0,0.0,0.0,0.0,4.47,8.8
2018-06-28,30.0,33.2,26.7,35.1,38.3,75,5.3,5.3,0.0,7.0,4.93,11.8
2018-06-29,27.5,30.8,25.5,32.7,37.0,84,10.6,10.6,0.0,11.0,3.36,8.8
2018-06-30,26.1,27.5,25.0,30.4,31.8,92,36.2,36.2,0.0,20.0,5.72,10.9
2018-07-01,26.8,28.0,25.4,31.4,33.2,91,6.4,6.4,0.0,17.0,5.43,10.9
2018-07-02,27.9,30.4,26.0,32.7,35.8,86,0.4,0.4,0.0,2.0,4.88,9.3
2018-07-03,27.5,30.2,25.6,32.8,36.3,85,1.8,1.8,0.0,6.0,3.45,5.9
2018-07-04,27.7,31.2,25.9,33.3,37.4,89,5.2,5.2,0.0,6.0,4.97,9.1
2018-07-05,26.4,27.7,25.4,31.3,32.5,94,9.0,9.0,0.0,16.0,6.08,11.1
2018-07-06,26.7,28.5,25.2,31.0,33.0,91,3.4,3.4,0.0,8.0,5.7,10.8
2018-07-07,26.5,27.2,25.8,30.2,31.4,91,2.9,2.9,0.0,6.0,7.2,13.1
2018-07-08,28.7,32.1,26.1,33.8,38.5,85,0.0,0.0,0.0,0.0,5.71,9.9
2018-07-09,29.1,32.2,26.7,33.4,38.1,81,0.0,0.0,0.0,0.0,6.93,13.6
2018-07-10,29.2,32.1,26.7,33.4,37.3,80,0.0,0.0,0.0,0.0,6.59,12.3
2018-07-11,28.7,30.2,27.6,31.4,32.7,81,2.1,2.1,0.0,8.0,10.02,18.0
2018-07-12,29.2,31.6,27.2,32.2,35.4,80,0.0,0.0,0.0,0.0,9.36,17.3
2018-07-13,29.4,32.5,27.2,33.0,37.3,78,0.0,0.0,0.0,0.0,7.16,13.6
2018-07-14,29.3,32.6,26.6,32.7,36.8,74,0.0,0.0,0.0,0.0,6.62,12.5
2018-07-15,29.3,32.7,26.8,33.3,37.5,77,0.0,0.0,0.0,0.0,5.86,11.5
2018-07-16,29.1,31.8,26.8,32.7,35.4,77,0.0,0.0,0.0,0.0,6.6,12.6
2018-07-17,29.4,32.2,27.3,33.5,36.3,78,0.0,0.0,0.0,0.0,6.36,12.3
2018-07-18,29.2,32.1,26.6,33.0,36.4,76,0.0,0.0,0.0,0.0,5.81,11.2
2018-07-19,29.5,33.0,26.9,33.8,37.9,75,0.0,0.0,0.0,0.0,5.38,10.6
2018-07-20,29.3,32.5,26.7,33.8,37.6,75,0.0,0.0,0.0,0.0,5.24,10.0
2018-07-21,29.4,31.8,27.6,34.3,36.9,81,3.7,3.7,0.0,7.0,6.95,13.0
2018-07-22,27.3,28.7,26.4,30.4,32.7,89,23.3,23.3,0.0,22.0,10.39,20.3
2018-07-23,29.2,32.0,27.5,33.5,36.3,84,1.3,1.3,0.0,3.0,8.17,15.0
2018-07-24,29.9,33.7,26.9,36.7,41.7,85,0.0,0.0,0.0,0.0,4.01,7.6
2018-07-25,31.4,35.2,27.8,38.4,43.9,80,0.9,0.9,0.0,5.0,3.71,7.3
2018-07-26,30.4,35.8,27.8,38.1,46.2,82,3.8,3.8,0.0,4.0,3.16,5.6
2018-07-27,30.5,34.3,27.0,38.2,44.7,82,2.9,2.9,0.0,6.0,2.86,5.7
2018-07-28,31.0,34.2,27.6,38.7,43.7,80,1.0,1.0,0.0,3.0,2.83,6.3
2018-07-29,30.9,34.3,27.7,38.4,43.2,79,0.4,0.4,0.0,2.0,2.28,8.1
2018-07-30,30.2,33.7,27.2,36.7,40.7,79,2.4,2.4,0.0,3.0,3.51,8.9
2018-07-31,29.5,32.1,26.5,35.2,37.7,78,1.0,1.0,0.0,4.0,3.62,8.2
2018-08-01,30.2,32.9,27.5,36.0,38.7,78,0.5,0.5,0.0,3.0,4.92,9.5
2018-08-02,29.7,32.1,27.6,35.3,38.7,82,4.6,4.6,0.0,9.0,5.8,11.8
2018-08-03,28.3,29.6,26.8,32.4,35.1,86,16.8,16.8,0.0,15.0,7.51,13.4
2018-08-04,30.3,33.1,28.1,35.8,39.0,83,0.0,0.0,0.0,0.0,6.52,13.0
2018-08-05,30.8,34.4,28.2,37.0,41.3,81,0.0,0.0,0.0,0.0,5.01,9.6
2018-08-06,30.5,34.3,28.5,37.0,42.2,81,0.2,0.2,0.0,1.0,4.13,8.7
2018-08-07,30.3,33.8,27.5,36.3,40.9,79,0.0,0.0,0.0,0.0,4.59,8.6
2018-08-08,30.4,33.2,27.5,36.9,40.2,79,1.0,1.0,0.0,5.0,4.08,8.0
2018-08-09,30.6,33.8,27.7,37.0,40.4,76,0.0,0.0,0.0,0.0,2.9,7.3
2018-08-10,31.0,34.9,27.5,37.6,41.9,75,0.0,0.0,0.0,0.0,3.29,6.9
2018-08-11,30.8,34.1,28.3,36.9,40.3,76,0.3,0.3,0.0,2.0,4.3,8.8
2018-08-12,28.6,30.1,27.5,33.4,36.3,87,24.0,24.0,0.0,15.0,7.55,14.9
2018-08-13,29.5,31.7,27.8,33.0,35.7,85,3.6,3.6,0.0,8.0,10.38,19.3
2018-08-14,29.9,32.0,28.3,34.7,37.4,84,1.9,1.9,0.0,8.0,7.77,13.8
2018-08-15,29.8,32.2,28.2,35.4,38.3,83,1.4,1.4,0.0,8.0,6.07,11.1
2018-08-16,28.8,31.1,27.2,32.6,35.0,86,16.0,16.0,0.0,14.0,9.99,18.0
2018-08-17,27.6,28.5,26.6,30.1,31.4,91,44.4,44.4,0.0,16.0,10.81,18.6
2018-08-18,28.9,31.2,27.5,32.6,34.2,84,1.3,1.3,0.0,9.0,8.56,15.6
2018-08-19,29.2,31.5,27.5,33.1,35.1,83,0.3,0.3,0.0,3.0,8.43,15.1
2018-08-20,29.8,32.9,28.0,34.8,38.1,82,0.4,0.4,0.0,3.0,7.21,12.9
2018-08-21,28.5,29.9,27.6,35.3,36.9,89,9.7,9.7,0.0,14.0,2.75,6.5
2018-08-22,28.9,32.2,26.7,34.1,37.6,83,0.0,0.0,0.0,0.0,6.46,11.8
2018-08-23,28.6,31.8,25.8,32.0,35.2,74,0.0,0.0,0.0,0.0,6.24,11.5
2018-08-24,27.8,31.4,24.5,31.7,36.9,70,0.0,0.0,0.0,0.0,3.2,5.6
2018-08-25,27.3,28.3,26.3,32.0,33.2,88,14.1,14.1,0.0,18.0,5.14,10.2
2018-08-26,28.0,29.6,26.9,33.6,35.1,91,12.1,12.1,0.0,12.0,5.44,9.5
2018-08-27,29.4,32.1,27.6,34.3,37.4,84,0.1,0.1,0.0,1.0,7.26,14.2
2018-08-28,29.6,31.9,27.6,33.7,36.1,80,0.1,0.1,0.0,1.0,7.34,14.2
2018-08-29,29.5,31.8,27.3,34.0,37.2,80,0.0,0.0,0.0,0.0,5.94,11.5
2018-08-30,30.0,32.8,27.4,34.3,37.2,76,0.0,0.0,0.0,0.0,6.61,12.7
2018-08-31,30.1,33.5,27.6,35.6,39.9,76,0.5,0.5,0.0,3.0,5.9,10.5
2018-09-01,28.3,30.7,26.7,35.2,40.1,88,6.4,6.4,0.0,11.0,2.76,4.7
2018-09-02,28.9,32.5,26.3,35.9,39.3,85,1.8,1.8,0.0,5.0,1.6,5.1
2018-09-03,29.3,32.6,27.4,36.0,39.7,86,13.2,13.2,0.0,9.0,4.11,7.6
2018-09-04,28.6,32.0,24.3,32.4,34.8,73,0.1,0.1,0.0,1.0,5.32,10.4
2018-09-05,27.5,31.8,23.1,31.5,36.3,69,0.0,0.0,0.0,0.0,3.36,4.7
2018-09-06,28.6,31.5,25.7,33.3,36.6,76,1.9,1.9,0.0,10.0,3.96,8.0
2018-09-07,24.1,26.4,22.8,28.0,30.1,86,10.5,10.5,0.0,22.0,3.05,8.4
2018-09-08,24.4,26.9,22.2,26.1,27.6,71,0.4,0.4,0.0,4.0,4.08,10.1
2018-09-09,24.5,28.4,20.7,25.7,28.7,68,0.0,0.0,0.0,0.0,5.08,10.4
2018-09-10,24.6,26.9,22.1,26.0,27.2,68,0.0,0.0,0.0,0.0,3.83,7.9
2018-09-11,25.0,26.8,23.5,27.4,28.2,76,1.9,1.9,0.0,9.0,5.84,10.4
2018-09-12,25.1,26.8,23.0,27.7,29.0,79,2.1,2.1,0.0,5.0,6.02,11.9
2018-09-13,25.9,27.6,24.1,30.2,31.4,87,0.4,0.4,0.0,2.0,4.03,7.7
2018-09-14,26.9,30.6,23.7,32.0,36.9,83,0.1,0.1,0.0,1.0,3.3,6.4
2018-09-15,27.5,30.6,24.9,32.3,36.4,81,0.0,0.0,0.0,0.0,3.57,7.3
2018-09-16,28.1,30.9,25.8,33.8,37.5,88,5.9,5.9,0.0,10.0,3.83,9.4
2018-09-17,25.3,27.0,24.3,30.7,33.6,95,77.3,77.3,0.0,18.0,2.95,7.0
2018-09-18,27.3,30.3,24.9,34.0,38.3,91,3.8,3.8,0.0,9.0,2.19,5.7
2018-09-19,28.7,32.2,26.4,35.5,38.5,87,3.7,3.7,0.0,8.0,2.3,6.9
2018-09-20,27.3,30.2,24.8,33.4,37.0,91,4.7,4.7,0.0,12.0,3.44,8.5
2018-09-21,24.8,26.0,23.3,28.8,30.0,90,2.1,2.1,0.0,6.0,4.3,9.0
2018-09-22,24.7,26.8,23.0,28.7,30.4,85,0.8,0.8,0.0,6.0,2.46,5.0
2018-09-23,25.3,28.2,23.1,28.8,31.5,80,0.0,0.0,0.0,0.0,3.33,7.2
2018-09-24,24.8,27.6,22.6,25.2,27.9,62,0.0,0.0,0.0,0.0,6.08,13.2
2018-09-25,23.3,25.4,21.2,22.5,24.0,60,0.0,0.0,0.0,0.0,5.95,12.0
2018-09-26,23.5,26.0,21.7,23.3,25.3,64,0.0,0.0,0.0,0.0,5.81,11.4
2018-09-27,23.4,26.0,21.6,24.4,26.3,73,1.0,1.0,0.0,6.0,5.69,11.9
2018-09-28,23.6,27.0,20.3,24.8,27.4,69,0.0,0.0,0.0,0.0,4.06,7.8
2018-09-29,23.6,26.3,21.4,23.4,24.9,68,0.0,0.0,0.0,0.0,7.59,14.3
2018-09-30,23.3,28.0,20.3,23.7,28.3,67,0.0,0.0,0.0,0.0,5.33,10.9
2018-10-01,21.2,25.0,18.3,20.1,22.6,56,0.0,0.0,0.0,0.0,5.66,10.6
2018-10-02,20.5,25.8,16.1,20.2,25.7,62,0.0,0.0,0.0,0.0,2.62,6.7
2018-10-03,21.0,25.4,16.2,20.9,24.6,64,0.0,0.0,0.0,0.0,4.53,9.0
2018-10-04,22.3,24.9,20.1,21.2,23.1,62,0.0,0.0,0.0,0.0,7.14,13.5
2018-10-05,21.7,22.5,20.6,19.6,21.2,75,0.9,0.9,0.0,2.0,11.34,19.3
2018-10-06,21.7,25.8,18.7,21.0,25.7,69,0.0,0.0,0.0,0.0,7.27,14.0
2018-10-07,20.9,26.0,16.4,22.0,27.3,78,0.0,0.0,0.0,0.0,4.64,8.9
2018-10-08,21.5,24.5,18.9,22.2,25.0,73,0.0,0.0,0.0,0.0,4.72,9.7
2018-10-09,21.7,24.0,19.9,23.3,25.3,74,0.6,0.6,0.0,3.0,2.78,5.4
2018-10-10,18.5,20.9,15.5,16.7,22.1,68,0.3,0.3,0.0,2.0,6.21,11.7
2018-10-11,17.2,20.6,14.2,14.6,17.0,58,0.0,0.0,0.0,0.0,6.09,12.6
2018-10-12,17.5,21.1,14.7,15.7,18.6,60,0.0,0.0,0.0,0.0,4.12,7.9
2018-10-13,18.6,22.2,14.9,17.7,21.4,62,0.0,0.0,0.0,0.0,3.3,7.5
2018-10-14,19.1,20.8,17.5,18.6,19.8,68,0.0,0.0,0.0,0.0,3.5,6.8
2018-10-15,18.8,21.9,16.4,18.4,20.2,69,0.2,0.2,0.0,1.0,4.38,9.3
2018-10-16,16.9,18.5,15.6,16.4,17.7,83,7.6,7.6,0.0,8.0,5.46,11.2
2018-10-17,17.8,21.3,14.7,17.3,20.2,76,0.5,0.5,0.0,3.0,3.72,8.6
2018-10-18,17.0,20.4,14.2,15.3,18.9,69,0.0,0.0,0.0,0.0,5.65,11.2
2018-10-19,16.8,21.0,12.4,15.3,18.5,64,0.0,0.0,0.0,0.0,4.26,9.1
2018-10-20,18.2,21.7,15.5,17.5,20.2,69,0.0,0.0,0.0,0.0,4.08,8.4
2018-10-21,18.6,20.9,16.4,18.8,20.6,77,1.4,1.4,0.0,7.0,4.32,7.3
2018-10-22,18.1,19.1,17.4,19.5,21.2,93,8.3,8.3,0.0,17.0,2.9,5.4
2018-10-23,18.3,22.1,15.6,18.4,21.5,82,0.0,0.0,0.0,0.0,4.22,8.5
2018-10-24,17.8,22.5,14.1,18.1,22.4,81,0.0,0.0,0.0,0.0,3.13,7.7
2018-10-25,19.1,22.3,16.0,18.7,21.1,75,1.7,1.7,0.0,4.0,5.06,9.7
2018-10-26,19.7,23.2,16.1,18.2,20.8,65,0.2,0.2,0.0,1.0,6.3,11.6
2018-10-27,15.2,20.1,11.6,12.1,16.4,46,0.0,0.0,0.0,0.0,4.56,9.3
2018-10-28,16.5,24.1,10.4,13.8,20.1,54,0.0,0.0,0.0,0.0,5.41,11.0
2018-10-29,18.1,25.4,12.4,16.3,22.8,57,0.0,0.0,0.0,0.0,3.81,8.0
2018-10-30,17.8,21.9,14.5,17.3,22.1,70,0.0,0.0,0.0,0.0,3.83,7.5
2018-10-31,16.6,19.4,13.6,14.6,16.7,63,0.0,0.0,0.0,0.0,4.55,8.9
2018-11-01,15.2,18.2,11.7,13.0,15.3,64,0.0,0.0,0.0,0.0,4.8,9.9
2018-11-02,16.5,19.3,13.3,14.7,16.6,63,0.0,0.0,0.0,0.0,4.55,9.6
2018-11-03,17.6,19.1,15.3,16.9,18.3,78,0.0,0.0,0.0,0.0,5.04,10.0
2018-11-04,18.6,22.3,15.0,18.8,22.5,79,0.0,0.0,0.0,0.0,4.52,8.9
2018-11-05,19.2,21.3,18.0,19.3,20.8,83,0.4,0.4,0.0,2.0,5.0,9.4
2018-11-06,18.3,19.3,17.6,18.0,19.9,80,3.1,3.1,0.0,13.0,5.11,9.5
2018-11-07,17.8,18.6,16.1,19.4,21.0,96,14.3,14.3,0.0,16.0,2.86,6.5
2018-11-08,13.2,16.0,11.0,10.7,16.3,85,11.8,11.8,0.0,14.0,7.45,16.3
2018-11-09,12.7,17.2,9.0,10.9,15.6,71,0.0,0.0,0.0,0.0,3.62,9.4
2018-11-10,14.8,19.5,10.2,13.6,17.6,78,0.1,0.1,0.0,1.0,4.21,8.7
2018-11-11,17.2,19.7,15.5,17.3,20.6,86,5.7,5.7,0.0,10.0,3.86,7.1
2018-11-12,15.4,16.8,13.4,13.8,15.1,81,3.3,3.3,0.0,6.0,5.81,10.7
2018-11-13,14.1,17.3,11.4,12.1,14.9,69,0.0,0.0,0.0,0.0,4.33,9.9
2018-11-14,14.7,17.8,11.8,13.1,15.2,71,0.0,0.0,0.0,0.0,4.43,9.1
2018-11-15,15.9,18.2,13.8,15.8,17.9,84,1.5,1.5,0.0,6.0,3.03,6.8
2018-11-16,14.4,15.7,13.6,12.5,15.6,90,1.5,1.5,0.0,6.0,7.63,14.8
2018-11-17,14.1,16.0,12.8,11.6,13.4,74,0.2,0.2,0.0,1.0,5.7,9.9
2018-11-18,12.3,13.0,11.8,10.5,11.7,91,11.0,11.0,0.0,19.0,4.32,7.4
2018-11-19,11.9,14.0,10.2,9.7,11.8,81,0.0,0.0,0.0,0.0,4.77,8.5
2018-11-20,13.9,17.2,9.9,12.3,15.9,79,0.1,0.1,0.0,1.0,5.41,9.8
2018-11-21,14.2,14.6,13.1,12.7,14.0,92,24.8,24.8,0.0,17.0,5.95,11.4
2018-11-22,12.3,15.0,9.1,9.3,11.5,70,0.0,0.0,0.0,0.0,6.49,11.3
2018-11-23,11.5,16.4,6.6,9.3,13.6,70,0.0,0.0,0.0,0.0,3.86,7.6
2018-11-24,14.4,19.5,11.1,12.9,17.7,75,0.0,0.0,0.0,0.0,4.7,8.1
2018-11-25,14.0,18.1,9.2,13.2,17.2,84,0.0,0.0,0.0,0.0,2.7,5.8
2018-11-26,15.1,18.2,13.1,15.2,18.2,92,0.3,0.3,0.0,3.0,3.2,5.5
2018-11-27,13.7,17.6,11.4,13.7,17.2,91,0.0,0.0,0.0,0.0,2.05,4.5
2018-11-28,12.6,16.5,10.2,12.0,16.1,85,0.0,0.0,0.0,0.0,2.31,5.2
2018-11-29,12.9,18.7,8.0,12.4,17.7,85,0.0,0.0,0.0,0.0,2.4,5.1
2018-11-30,14.7,18.9,10.4,14.0,17.4,87,0.0,0.0,0.0,0.0,3.69,8.1
2018-12-01,16.5,19.9,13.3,16.5,19.9,87,0.0,0.0,0.0,0.0,3.64,6.1
2018-12-02,17.7,20.2,16.5,18.2,20.2,95,16.6,16.6,0.0,12.0,5.69,10.5
2018-12-03,17.5,19.5,16.6,19.0,21.8,96,3.4,3.4,0.0,8.0,3.28,7.9
2018-12-04,14.3,17.1,10.9,12.6,18.6,90,8.5,8.5,0.0,19.0,6.8,12.0
2018-12-05,12.1,13.1,10.9,9.4,12.1,78,1.4,1.4,0.0,4.0,5.57,11.7
2018-12-06,10.4,13.1,7.9,7.1,12.0,89,23.9,23.9,0.0,23.0,6.3,11.2
2018-12-07,5.7,7.8,3.0,0.3,3.2,80,6.2,6.2,0.0,16.0,8.11,15.0
2018-12-08,3.6,4.7,2.8,-1.8,-0.8,73,0.5,0.5,0.0,3.0,6.43,12.3
2018-12-09,4.5,8.1,1.5,0.8,5.3,87,4.8,2.8,1.4,15.0,5.1,9.5
2018-12-10,9.5,10.4,8.1,6.0,6.7,87,13.2,13.2,0.0,20.0,6.53,11.9
2018-12-11,8.6,10.1,5.4,5.0,7.8,87,4.5,4.5,0.0,9.0,6.38,11.8
2018-12-12,4.9,8.2,2.3,0.2,3.3,72,0.0,0.0,0.0,0.0,6.16,11.2
2018-12-13,4.0,6.6,2.3,0.0,2.1,64,0.0,0.0,0.0,0.0,3.72,7.6
2018-12-14,6.4,9.5,3.3,2.9,5.7,71,0.0,0.0,0.0,0.0,3.7,7.6
2018-12-15,8.5,10.2,6.2,5.7,7.8,78,3.3,3.3,0.0,6.0,3.67,6.7
2018-12-16,7.5,9.2,5.5,3.4,8.0,79,3.0,3.0,0.0,5.0,6.95,12.5
2018-12-17,7.3,12.9,4.0,3.7,9.3,70,0.0,0.0,0.0,0.0,4.65,7.7
2018-12-18,8.0,15.7,2.3,5.1,12.6,75,0.0,0.0,0.0,0.0,3.48,7.5
2018-12-19,11.1,14.3,7.9,9.0,12.1,75,0.0,0.0,0.0,0.0,3.35,6.5
2018-12-20,11.5,13.9,9.7,9.7,12.0,91,2.8,2.8,0.0,8.0,4.97,8.4
2018-12-21,11.9,13.7,9.5,11.1,13.6,94,0.0,0.0,0.0,0.0,2.56,5.5
2018-12-22,12.5,13.3,11.4,11.3,12.5,97,8.4,8.4,0.0,13.0,5.54,8.1
2018-12-23,10.1,12.1,7.2,6.6,8.2,79,0.5,0.5,0.0,4.0,6.09,10.9
2018-12-24,9.1,12.0,6.2,5.8,8.6,69,0.0,0.0,0.0,0.0,4.1,8.7
2018-12-25,11.4,13.3,9.7,9.0,10.3,77,2.7,2.7,0.0,7.0,4.91,9.1
2018-12-26,9.8,11.2,7.6,6.4,9.8,89,7.8,7.8,0.0,21.0,7.41,13.3
2018-12-27,6.5,7.7,4.8,1.2,2.8,70,1.5,1.5,0.0,4.0,7.69,13.7
2018-12-28,2.2,4.7,-0.9,-3.8,-0.8,61,0.0,0.0,0.0,0.0,7.24,13.3
2018-12-29,1.0,5.2,-2.4,-4.8,-0.6,59,0.0,0.0,0.0,0.0,6.21,11.6
2018-12-30,1.8,3.7,0.6,-3.0,-1.2,74,3.8,1.0,1.96,12.0,5.18,9.5
2018-12-31,3.3,5.6,1.0,-0.8,1.1,83,1.3,0.5,0.63,6.0,5.23,9.7
2019-01-01,4.2,5.6,2.7,-0.3,0.8,65,0.0,0.0,0.0,0.0,4.93,9.0
2019-01-02,4.9,6.9,3.3,0.8,2.7,66,0.0,0.0,0.0,0.0,4.56,8.8
2019-01-03,7.2,8.7,5.2,4.0,5.4,70,0.0,0.0,0.0,0.0,3.69,8.0
2019-01-04,9.4,10.9,8.5,7.5,10.4,92,9.2,9.2,0.0,17.0,3.78,7.3
2019-01-05,8.5,9.5,7.7,6.2,6.9,94,1.2,1.2,0.0,7.0,4.0,8.1
2019-01-06,7.3,8.5,6.7,4.7,5.7,84,0.0,0.0,0.0,0.0,4.02,8.2
2019-01-07,7.3,8.8,6.5,4.1,5.4,84,4.7,4.7,0.0,11.0,4.62,7.7
2019-01-08,6.6,8.0,5.5,3.0,3.8,79,0.3,0.3,0.0,3.0,4.84,9.6
2019-01-09,5.3,5.7,4.8,1.7,3.0,83,4.2,4.2,0.0,16.0,4.56,8.0
2019-01-10,6.8,7.8,5.7,4.3,5.8,92,2.8,2.8,0.0,12.0,3.5,6.0
2019-01-11,8.3,9.9,6.7,6.2,8.5,95,12.9,12.9,0.0,19.0,3.25,6.3
2019-01-12,6.6,7.7,5.5,3.3,5.2,86,0.3,0.3,0.0,1.0,5.11,9.0
2019-01-13,6.0,7.4,4.7,3.1,4.3,76,0.0,0.0,0.0,0.0,2.72,5.9
2019-01-14,6.7,9.6,3.6,3.7,6.1,82,0.5,0.5,0.0,1.0,4.16,8.0
2019-01-15,6.8,7.9,4.9,3.2,5.3,82,4.3,4.3,0.0,8.0,5.9,10.6
2019-01-16,4.2,6.0,2.5,-0.0,1.6,63,0.0,0.0,0.0,0.0,5.21,9.2
2019-01-17,3.5,8.5,-0.0,-0.1,4.4,69,0.0,0.0,0.0,0.0,3.84,8.0
2019-01-18,5.3,10.7,-0.0,1.7,6.7,75,0.0,0.0,0.0,0.0,4.75,8.5
2019-01-19,8.7,10.8,7.2,5.6,7.6,79,0.0,0.0,0.0,0.0,4.95,8.4
2019-01-20,6.4,8.7,3.2,1.9,4.7,69,0.0,0.0,0.0,0.0,6.4,12.0
2019-01-21,4.3,9.1,1.2,0.4,4.4,64,0.0,0.0,0.0,0.0,4.22,8.8
2019-01-22,5.3,11.2,1.1,1.2,5.8,62,0.0,0.0,0.0,0.0,5.92,11.2
2019-01-23,6.2,13.8,0.8,2.6,9.9,64,0.0,0.0,0.0,0.0,3.61,7.5
2019-01-24,6.3,12.6,1.4,3.4,9.9,74,0.0,0.0,0.0,0.0,2.92,5.7
2019-01-25,6.8,10.9,3.7,3.2,7.4,77,0.0,0.0,0.0,0.0,5.61,10.3
2019-01-26,4.4,6.2,2.2,-0.6,1.1,57,0.0,0.0,0.0,0.0,5.6,11.5
2019-01-27,4.5,10.3,-0.8,1.2,6.8,70,0.0,0.0,0.0,0.0,3.67,7.2
2019-01-28,6.8,8.5,5.3,3.8,4.8,74,0.0,0.0,0.0,0.0,3.41,6.4
2019-01-29,8.0,10.3,6.2,5.1,7.1,76,0.0,0.0,0.0,0.0,3.81,6.8
2019-01-30,10.0,12.5,8.3,8.1,11.2,88,0.0,0.0,0.0,0.0,3.61,5.8
2019-01-31,6.2,9.9,3.7,1.5,7.7,81,6.8,6.8,0.0,8.0,9.53,16.8
2019-02-01,3.5,6.6,1.0,-0.2,3.2,72,0.0,0.0,0.0,0.0,4.18,8.1
2019-02-02,9.5,14.4,2.3,5.7,11.3,79,0.0,0.0,0.0,0.0,7.16,13.8
2019-02-03,10.3,13.7,6.7,7.5,12.2,85,0.1,0.1,0.0,1.0,5.52,10.3
2019-02-04,7.6,11.4,4.3,4.3,8.3,72,0.2,0.2,0.0,1.0,4.37,9.3
2019-02-05,9.2,11.3,7.5,6.9,8.8,83,0.5,0.5,0.0,1.0,4.25,8.5
2019-02-06,10.5,16.7,6.3,8.9,15.6,90,0.0,0.0,0.0,0.0,4.39,8.2
2019-02-07,8.2,12.4,4.4,3.7,11.5,85,2.6,2.6,0.0,8.0,9.05,17.2
2019-02-08,3.6,4.9,1.4,-0.8,0.9,83,10.0,5.8,2.94,10.0,6.3,11.9
2019-02-09,3.5,4.9,1.8,-1.2,-0.5,81,5.5,3.9,1.12,6.0,6.5,12.4
2019-02-10,3.5,4.4,2.4,-0.7,0.1,83,1.2,1.2,0.0,9.0,4.92,9.1
2019-02-11,3.2,4.8,1.1,-0.6,1.3,75,0.0,0.0,0.0,0.0,4.27,7.4
2019-02-12,5.8,7.2,3.7,2.2,3.2,84,12.7,12.7,0.0,11.0,5.33,9.3
2019-02-13,6.6,7.9,5.0,2.6,3.9,84,6.9,6.9,0.0,9.0,5.81,11.3
2019-02-14,6.1,7.3,4.1,2.3,4.8,86,7.7,7.2,0.35,7.0,5.76,10.7
2019-02-15,6.2,7.1,4.8,3.2,4.6,95,20.2,20.2,0.0,24.0,4.33,7.8
2019-02-16,4.4,5.2,3.4,0.1,1.8,73,0.3,0.3,0.0,2.0,5.07,10.6
2019-02-17,5.0,7.2,3.2,1.1,3.7,66,0.0,0.0,0.0,0.0,4.03,8.3
2019-02-18,6.6,8.0,5.1,3.6,6.2,88,13.3,13.3,0.0,21.0,4.83,8.3
2019-02-19,7.1,8.1,5.6,4.0,6.8,86,2.6,2.6,0.0,5.0,5.64,11.5
2019-02-20,6.1,7.4,4.8,3.2,4.5,90,4.4,4.4,0.0,15.0,4.0,8.0
2019-02-21,6.9,7.7,6.0,3.5,4.3,86,9.6,9.6,0.0,11.0,4.88,8.4
2019-02-22,5.5,6.1,4.3,2.1,3.0,87,5.5,5.5,0.0,7.0,4.96,9.2
2019-02-23,6.0,9.1,3.2,2.9,6.4,76,0.0,0.0,0.0,0.0,3.64,7.2
2019-02-24,7.2,12.4,2.8,4.5,10.1,75,0.0,0.0,0.0,0.0,3.12,6.7
2019-02-25,7.6,11.5,4.8,5.0,8.5,79,0.0,0.0,0.0,0.0,2.97,6.1
2019-02-26,8.2,11.5,5.3,5.2,8.0,82,2.9,2.9,0.0,5.0,4.94,10.5
2019-02-27,8.4,10.0,7.9,5.9,7.9,91,5.7,5.7,0.0,8.0,4.05,7.4
2019-02-28,8.6,10.5,6.8,5.9,7.2,81,0.0,0.0,0.0,0.0,3.77,7.6
2019-03-01,8.1,10.4,5.4,5.6,7.3,82,2.3,2.3,0.0,6.0,3.57,7.2
2019-03-02,7.9,8.6,6.9,5.0,5.6,84,6.9,6.9,0.0,12.0,4.25,8.1
2019-03-03,8.1,10.4,6.9,5.3,6.7,80,0.3,0.3,0.0,3.0,4.99,9.5
2019-03-04,9.4,13.7,6.8,6.4,11.5,71,0.0,0.0,0.0,0.0,4.43,10.1
2019-03-05,9.6,10.6,7.9,6.9,8.6,88,7.3,7.3,0.0,11.0,4.96,10.2
2019-03-06,11.0,13.6,9.2,8.7,11.5,83,0.6,0.6,0.0,4.0,5.0,10.0
2019-03-07,8.5,11.7,4.6,4.4,8.1,64,0.0,0.0,0.0,0.0,6.21,11.9
2019-03-08,7.9,11.6,3.7,4.8,8.5,75,0.0,0.0,0.0,0.0,4.39,9.8
2019-03-09,10.2,11.5,8.6,8.9,10.9,94,7.2,7.2,0.0,10.0,3.83,6.5
2019-03-10,10.8,12.9,8.0,8.2,10.0,87,0.0,0.0,0.0,0.0,5.99,10.7
2019-03-11,11.6,19.0,5.6,8.9,15.1,71,0.0,0.0,0.0,0.0,6.45,12.8
2019-03-12,12.4,20.8,6.6,8.9,15.3,60,0.0,0.0,0.0,0.0,7.53,14.8
2019-03-13,10.2,14.7,5.8,7.1,13.1,59,0.0,0.0,0.0,0.0,4.4,7.9
2019-03-14,9.5,11.3,7.6,6.5,8.5,78,4.5,4.5,0.0,8.0,5.88,10.7
2019-03-15,12.3,19.4,7.3,9.6,17.0,68,0.0,0.0,0.0,0.0,5.36,12.0
2019-03-16,12.5,19.0,6.1,9.7,16.9,60,0.0,0.0,0.0,0.0,4.23,9.4
2019-03-17,13.9,20.7,8.3,12.1,19.9,71,0.0,0.0,0.0,0.0,4.44,8.5
2019-03-18,11.6,12.5,9.7,10.0,10.9,85,1.5,1.5,0.0,7.0,3.64,7.9
2019-03-19,12.6,19.0,7.1,10.3,17.8,75,0.0,0.0,0.0,0.0,7.88,13.0
2019-03-20,17.6,23.5,12.7,15.8,23.5,82,12.3,12.3,0.0,8.0,9.19,16.7
2019-03-21,13.7,18.9,9.6,12.1,20.0,86,6.6,6.6,0.0,13.0,6.04,11.0
2019-03-22,9.3,11.3,8.2,5.0,7.3,65,0.1,0.1,0.0,1.0,6.17,12.3
2019-03-23,10.6,15.1,7.5,8.0,13.1,57,0.0,0.0,0.0,0.0,2.8,7.0
2019-03-24,10.6,14.7,6.2,7.8,13.3,65,0.0,0.0,0.0,0.0,4.86,8.8
2019-03-25,11.6,14.4,9.6,9.8,12.8,77,2.6,2.6,0.0,8.0,4.92,8.0
2019-03-26,14.2,20.8,8.2,12.5,20.1,71,0.0,0.0,0.0,0.0,5.0,7.9
2019-03-27,14.8,18.4,12.4,13.3,17.2,78,11.7,11.7,0.0,12.0,5.04,9.7
2019-03-28,14.3,16.8,12.9,13.8,16.6,88,2.1,2.1,0.0,7.0,4.1,8.7
2019-03-29,14.3,17.6,11.8,13.4,17.5,82,0.0,0.0,0.0,0.0,3.55,8.0
2019-03-30,13.2,18.8,10.4,10.8,17.4,72,0.6,0.6,0.0,3.0,7.22,13.7
2019-03-31,11.2,14.1,8.7,7.7,11.8,44,0.0,0.0,0.0,0.0,4.49,8.5
2019-04-01,11.6,17.7,5.4,8.5,15.6,54,0.0,0.0,0.0,0.0,4.44,8.6
2019-04-02,13.2,16.8,9.6,10.6,14.0,67,0.0,0.0,0.0,0.0,4.88,11.0
2019-04-03,13.9,18.0,10.9,13.2,18.3,80,0.0,0.0,0.0,0.0,2.85,6.4
2019-04-04,12.7,15.0,10.8,11.0,13.2,85,1.5,1.5,0.0,4.0,4.98,9.4
2019-04-05,16.6,23.3,11.5,16.2,24.5,75,0.0,0.0,0.0,0.0,3.55,7.6
2019-04-06,18.2,24.7,12.3,17.6,25.5,72,0.0,0.0,0.0,0.0,3.99,8.6
2019-04-07,20.6,28.6,14.8,20.8,29.6,70,0.0,0.0,0.0,0.0,4.1,8.9
2019-04-08,18.6,22.8,15.2,18.5,24.1,83,0.0,0.0,0.0,0.0,6.82,11.8
2019-04-09,19.0,24.0,11.0,18.3,25.1,89,9.2,9.2,0.0,9.0,9.18,15.4
2019-04-10,11.2,12.1,10.4,7.4,8.5,77,0.0,0.0,0.0,0.0,9.08,15.0
2019-04-11,11.4,13.7,9.2,9.2,11.2,71,0.3,0.3,0.0,1.0,3.26,7.2
2019-04-12,13.1,18.4,8.5,11.4,18.1,67,0.0,0.0,0.0,0.0,4.59,9.0
2019-04-13,15.2,19.1,11.1,13.3,18.0,72,0.0,0.0,0.0,0.0,5.44,11.7
2019-04-14,15.9,19.7,12.5,14.7,18.2,78,0.0,0.0,0.0,0.0,6.55,12.1
2019-04-15,14.8,19.9,9.8,12.7,18.8,56,0.0,0.0,0.0,0.0,4.36,8.3
2019-04-16,15.2,18.0,13.4,13.3,16.0,74,1.3,1.3,0.0,2.0,5.15,9.9
2019-04-17,16.6,22.4,11.6,16.4,24.1,80,0.0,0.0,0.0,0.0,5.37,8.5
2019-04-18,20.3,27.2,15.2,20.3,29.1,74,0.0,0.0,0.0,0.0,5.6,9.5
2019-04-19,19.8,23.2,17.7,20.2,24.6,84,0.0,0.0,0.0,0.0,5.5,11.3
2019-04-20,19.9,23.2,17.5,19.9,23.5,84,0.0,0.0,0.0,0.0,6.66,13.0
2019-04-21,19.8,22.3,18.5,20.3,23.4,89,5.3,5.3,0.0,6.0,5.02,11.1
2019-04-22,18.5,19.2,18.0,19.1,20.8,96,18.1,18.1,0.0,20.0,5.63,11.9
2019-04-23,21.6,24.8,19.1,24.4,27.4,90,6.1,6.1,0.0,7.0,3.2,7.5
2019-04-24,20.5,22.8,17.7,23.3,26.0,94,0.7,0.7,0.0,3.0,3.18,6.8
2019-04-25,18.8,22.7,15.3,19.9,25.1,88,0.2,0.2,0.0,2.0,5.08,9.9
2019-04-26,13.9,15.8,11.4,11.6,14.1,76,0.1,0.1,0.0,1.0,7.05,13.1
2019-04-27,14.4,17.2,11.0,12.1,16.0,67,0.0,0.0,0.0,0.0,5.67,11.1
2019-04-28,16.8,19.3,14.8,16.8,21.0,87,0.4,0.4,0.0,2.0,5.66,10.1
2019-04-29,16.5,18.2,15.1,17.3,19.4,95,10.6,10.6,0.0,11.0,4.32,10.9
2019-04-30,15.3,17.0,14.4,14.8,16.1,88,2.6,2.6,0.0,7.0,4.05,7.6
2019-05-01,17.8,22.3,14.0,17.6,23.7,77,1.0,1.0,0.0,6.0,4.88,9.4
2019-05-02,17.9,24.0,11.7,16.9,23.3,63,0.0,0.0,0.0,0.0,2.6,6.2
2019-05-03,19.1,26.4,11.8,18.3,26.2,56,0.0,0.0,0.0,0.0,2.91,7.0
2019-05-04,19.6,26.0,13.7,18.7,26.1,59,0.0,0.0,0.0,0.0,4.3,8.5
2019-05-05,19.5,23.8,15.0,19.1,24.3,69,0.0,0.0,0.0,0.0,4.74,9.9
2019-05-06,16.9,18.5,14.1,14.3,19.0,62,0.0,0.0,0.0,0.0,7.29,13.7
2019-05-07,16.4,19.6,12.5,13.5,17.0,44,0.0,0.0,0.0,0.0,5.88,11.9
2019-05-08,17.5,21.0,14.7,15.8,18.7,60,0.0,0.0,0.0,0.0,4.62,9.1
2019-05-09,19.4,24.6,14.4,19.6,26.4,70,0.0,0.0,0.0,0.0,4.33,8.9
2019-05-10,20.1,24.9,16.7,20.4,26.8,71,0.0,0.0,0.0,0.0,4.24,8.2
2019-05-11,21.3,27.8,16.1,21.5,30.2,68,0.0,0.0,0.0,0.0,4.83,9.3
2019-05-12,21.6,26.7,17.2,21.4,28.1,65,0.0,0.0,0.0,0.0,5.59,11.0
2019-05-13,19.2,21.8,16.5,18.8,21.7,78,7.3,7.3,0.0,12.0,4.76,9.0
2019-05-14,19.2,22.2,16.1,20.0,23.0,81,0.9,0.9,0.0,4.0,4.7,10.2
2019-05-15,19.3,19.9,18.7,20.6,21.4,97,27.4,27.4,0.0,22.0,5.06,8.1
2019-05-16,20.9,23.0,19.0,23.1,25.5,91,3.2,3.2,0.0,8.0,3.61,8.0
2019-05-17,21.7,23.9,20.3,24.6,27.3,95,8.1,8.1,0.0,10.0,4.38,9.0
2019-05-18,21.5,23.7,19.3,23.1,24.6,85,0.0,0.0,0.0,0.0,4.42,8.8
2019-05-19,21.0,24.1,17.8,23.3,26.8,84,0.0,0.0,0.0,0.0,1.75,4.4
2019-05-20,20.9,23.7,17.0,20.1,23.7,60,0.0,0.0,0.0,0.0,6.41,13.4
2019-05-21,21.0,27.2,14.0,20.4,27.7,51,0.0,0.0,0.0,0.0,2.9,6.3
2019-05-22,23.6,29.6,17.0,24.0,31.3,55,0.0,0.0,0.0,0.0,3.42,6.7
2019-05-23,25.2,32.4,17.9,26.5,35.4,60,0.0,0.0,0.0,0.0,3.92,6.5
2019-05-24,25.4,31.2,19.1,25.0,31.0,54,0.0,0.0,0.0,0.0,7.62,12.8
2019-05-25,24.4,27.3,22.3,24.0,27.6,71,2.9,2.9,0.0,4.0,8.02,16.2
2019-05-26,22.7,23.4,21.7,23.0,24.9,90,37.7,37.7,0.0,23.0,9.1,16.7
2019-05-27,23.1,29.1,18.9,24.6,34.2,83,7.2,7.2,0.0,10.0,8.39,15.3
2019-05-28,20.9,24.4,17.9,20.0,23.8,59,0.0,0.0,0.0,0.0,5.47,10.6
2019-05-29,21.6,27.1,16.9,21.9,27.3,59,0.0,0.0,0.0,0.0,2.42,5.1
2019-05-30,21.5,24.7,18.5,21.6,23.8,67,0.4,0.4,0.0,2.0,5.1,9.6
2019-05-31,20.6,23.9,18.4,21.5,24.6,79,3.0,3.0,0.0,6.0,4.24,8.6
2019-06-01,21.1,24.4,18.6,22.4,26.5,76,0.0,0.0,0.0,0.0,3.69,7.3
2019-06-02,21.8,25.9,19.0,23.2,28.0,75,0.0,0.0,0.0,0.0,3.61,6.8
2019-06-03,22.9,27.6,19.2,24.7,30.7,78,0.0,0.0,0.0,0.0,5.19,9.9
2019-06-04,24.5,30.1,20.8,28.0,36.2,82,0.0,0.0,0.0,0.0,4.28,7.8
2019-06-05,24.8,29.4,20.8,27.3,33.7,84,0.0,0.0,0.0,0.0,7.5,12.3
2019-06-06,26.5,30.2,24.4,28.8,34.8,83,7.1,7.1,0.0,7.0,7.58,17.3
2019-06-07,22.9,25.5,20.9,23.8,26.6,74,0.0,0.0,0.0,0.0,7.02,12.3
2019-06-08,23.0,26.6,20.1,25.0,29.9,78,0.0,0.0,0.0,0.0,4.66,9.0
2019-06-09,23.9,27.8,21.5,26.6,31.3,83,0.0,0.0,0.0,0.0,3.86,8.4
2019-06-10,24.1,27.7,21.6,27.4,32.7,83,0.8,0.8,0.0,6.0,3.54,8.3
2019-06-11,23.3,26.0,21.0,25.0,27.7,76,0.4,0.4,0.0,3.0,4.69,10.3
2019-06-12,22.3,24.5,20.5,23.5,26.0,75,0.0,0.0,0.0,0.0,4.42,8.7
2019-06-13,21.2,22.9,18.9,21.9,23.1,81,6.1,6.1,0.0,8.0,5.76,11.0
2019-06-14,21.8,25.9,17.9,22.2,26.3,74,4.3,4.3,0.0,4.0,5.51,11.7
2019-06-15,24.7,30.8,18.1,27.6,34.8,74,0.0,0.0,0.0,0.0,3.11,6.1
2019-06-16,25.7,29.7,23.0,29.0,34.2,78,0.0,0.0,0.0,0.0,3.14,7.2
2019-06-17,25.9,29.9,24.0,27.4,30.7,70,0.5,0.5,0.0,1.0,6.3,12.0
2019-06-18,22.5,23.5,21.3,25.1,28.3,94,51.9,51.9,0.0,21.0,6.07,10.9
2019-06-19,23.0,24.0,21.9,26.1,27.0,91,0.3,0.3,0.0,2.0,3.83,7.1
2019-06-20,22.7,24.0,21.7,25.3,26.2,90,14.0,14.0,0.0,10.0,5.4,10.6
2019-06-21,23.0,24.8,21.7,25.3,27.1,90,21.6,21.6,0.0,13.0,5.04,9.7
2019-06-22,23.1,24.9,21.0,25.5,28.0,84,0.0,0.0,0.0,0.0,4.2,8.8
2019-06-23,23.6,26.8,21.0,25.5,28.5,76,0.0,0.0,0.0,0.0,4.68,9.5
2019-06-24,23.8,27.0,21.2,25.4,29.1,76,0.0,0.0,0.0,0.0,5.42,11.3
2019-06-25,23.3,25.1,22.1,24.7,26.6,80,2.9,2.9,0.0,4.0,5.47,10.4
2019-06-26,22.9,24.3,21.4,26.1,28.5,92,11.3,11.3,0.0,15.0,3.9,7.3
2019-06-27,25.4,28.4,22.9,30.1,33.8,87,0.1,0.1,0.0,1.0,3.0,6.0
2019-06-28,28.0,32.6,23.6,33.5,39.3,85,0.0,0.0,0.0,0.0,3.67,7.4
2019-06-29,27.8,29.8,26.0,33.7,36.4,92,11.8,11.8,0.0,14.0,4.6,10.6
2019-06-30,25.0,26.1,23.4,29.7,32.2,92,83.0,83.0,0.0,18.0,3.54,8.7
2019-07-01,24.3,25.2,23.7,28.2,29.3,88,20.5,20.5,0.0,16.0,3.2,9.2
2019-07-02,24.5,25.8,23.5,27.4,28.2,83,1.8,1.8,0.0,9.0,4.33,9.4
2019-07-03,24.4,25.9,22.3,27.5,29.2,88,0.2,0.2,0.0,1.0,4.82,9.7
2019-07-04,24.6,27.4,22.4,28.1,32.0,83,0.0,0.0,0.0,0.0,3.44,7.0
2019-07-05,25.1,28.3,22.9,28.7,32.0,83,0.0,0.0,0.0,0.0,3.09,5.9
2019-07-06,26.1,30.5,22.8,29.5,34.6,82,0.0,0.0,0.0,0.0,5.66,10.7
2019-07-07,26.9,30.1,24.6,31.3,34.5,82,1.1,1.1,0.0,5.0,4.69,10.1
2019-07-08,26.2,30.4,22.7,30.1,35.4,81,0.2,0.2,0.0,1.0,3.8,9.3
2019-07-09,23.4,24.1,22.6,26.0,28.0,94,23.3,23.3,0.0,24.0,6.36,11.5
2019-07-10,23.6,25.5,22.0,26.7,28.4,90,7.5,7.5,0.0,14.0,4.6,8.7
2019-07-11,25.4,28.2,22.9,29.8,32.5,85,1.8,1.8,0.0,9.0,3.42,6.3
2019-07-12,25.2,27.4,24.0,29.2,31.6,92,24.0,24.0,0.0,11.0,5.0,10.3
2019-07-13,22.6,24.1,21.8,25.1,28.0,92,63.0,63.0,0.0,20.0,6.48,13.6
2019-07-14,24.8,28.3,21.8,28.8,34.0,84,1.4,1.4,0.0,3.0,3.56,6.8
2019-07-15,25.6,28.9,22.0,29.7,33.4,84,0.0,0.0,0.0,0.0,4.22,8.7
2019-07-16,25.8,26.9,24.7,30.2,31.3,91,6.3,6.3,0.0,12.0,4.62,8.7
2019-07-17,28.1,30.7,26.1,32.9,35.5,89,0.8,0.8,0.0,6.0,6.65,12.1
2019-07-18,28.4,30.8,26.8,33.8,36.7,88,1.2,1.2,0.0,5.0,6.11,11.3
2019-07-19,27.5,29.2,25.9,31.5,32.9,87,0.3,0.3,0.0,2.0,8.05,17.3
2019-07-20,28.3,31.9,25.3,33.4,37.8,82,0.0,0.0,0.0,0.0,3.86,8.0
2019-07-21,29.2,33.0,26.1,36.0,41.9,86,0.0,0.0,0.0,0.0,3.45,7.1
2019-07-22,30.1,33.6,27.3,36.6,41.6,84,0.0,0.0,0.0,0.0,4.95,8.9
2019-07-23,31.4,35.5,27.8,37.5,43.8,77,0.1,0.1,0.0,1.0,5.59,9.5
2019-07-24,31.8,34.5,29.0,38.9,42.7,77,0.1,0.1,0.0,1.0,3.05,6.7
2019-07-25,31.5,34.5,28.6,39.0,44.1,79,1.3,1.3,0.0,2.0,2.79,5.5
2019-07-26,32.1,35.6,29.3,39.9,44.8,78,0.4,0.4,0.0,3.0,2.6,6.0
2019-07-27,30.8,33.7,29.2,38.1,42.6,85,4.6,4.6,0.0,6.0,4.9,8.7
2019-07-28,30.6,33.9,28.7,35.7,39.8,81,0.1,0.1,0.0,1.0,6.57,11.5
2019-07-29,31.3,35.2,28.1,36.7,42.2,76,0.0,0.0,0.0,0.0,6.33,11.6
2019-07-30,31.7,35.5,28.8,37.5,43.9,76,0.0,0.0,0.0,0.0,5.93,10.6
2019-07-31,30.6,33.3,28.5,35.5,39.9,76,0.0,0.0,0.0,0.0,6.26,11.5
2019-08-01,30.7,33.7,27.9,35.8,39.7,80,0.0,0.0,0.0,0.0,7.0,13.1
2019-08-02,30.0,32.5,27.9,35.1,37.7,80,0.0,0.0,0.0,0.0,6.31,12.1
2019-08-03,28.9,31.6,27.3,33.7,36.2,82,2.7,2.7,0.0,9.0,6.21,11.6
2019-08-04,27.4,28.9,26.3,32.3,33.4,89,10.7,10.7,0.0,13.0,5.37,11.4
2019-08-05,29.2,32.0,27.1,34.6,37.6,84,0.9,0.9,0.0,5.0,5.5,11.1
2019-08-06,29.4,32.3,26.9,35.4,39.1,81,0.0,0.0,0.0,0.0,4.4,8.0
2019-08-07,29.6,32.4,26.8,35.3,38.7,80,0.0,0.0,0.0,0.0,5.3,10.3
2019-08-08,30.3,32.4,28.6,36.4,39.4,85,0.8,0.8,0.0,5.0,6.41,12.0
2019-08-09,28.8,30.6,26.6,32.0,34.6,87,23.7,23.7,0.0,14.0,12.18,20.9
2019-08-10,27.8,29.3,27.0,28.7,30.6,93,89.7,89.7,0.0,24.0,14.41,26.5
2019-08-11,28.9,31.5,26.7,32.3,35.4,80,25.4,25.4,0.0,9.0,9.23,21.3
2019-08-12,29.6,33.7,26.2,34.6,38.9,75,0.0,0.0,0.0,0.0,5.32,10.6
2019-08-13,29.5,32.5,27.2,36.5,42.0,82,0.8,0.8,0.0,4.0,2.26,6.3
2019-08-14,29.7,33.1,26.9,36.2,40.7,78,0.5,0.5,0.0,2.0,2.59,6.7
2019-08-15,29.1,32.2,26.7,34.5,36.8,79,0.1,0.1,0.0,1.0,5.17,10.1
2019-08-16,29.4,33.2,25.5,35.0,39.2,75,0.0,0.0,0.0,0.0,3.45,5.8
2019-08-17,30.3,35.2,25.6,36.9,42.6,77,0.0,0.0,0.0,0.0,3.35,6.0
2019-08-18,28.3,31.4,26.1,34.4,39.1,86,2.8,2.8,0.0,5.0,3.44,6.6
2019-08-19,27.8,30.1,25.7,32.6,36.5,82,0.6,0.6,0.0,2.0,4.24,9.4
2019-08-20,27.9,30.5,26.0,32.4,35.7,77,0.0,0.0,0.0,0.0,3.41,7.4
2019-08-21,28.4,31.9,25.5,33.6,38.0,77,0.0,0.0,0.0,0.0,3.64,7.6
2019-08-22,28.7,32.0,25.5,34.3,37.8,79,0.0,0.0,0.0,0.0,3.16,6.3
2019-08-23,28.9,31.4,27.4,34.9,38.7,83,3.0,3.0,0.0,7.0,3.77,8.0
2019-08-24,28.9,30.6,27.3,34.7,36.3,84,3.4,3.4,0.0,9.0,4.7,9.0
2019-08-25,29.0,31.3,27.5,35.1,38.4,88,4.9,4.9,0.0,16.0,5.13,11.6
2019-08-26,30.6,33.9,28.1,37.1,40.8,83,0.0,0.0,0.0,0.0,4.81,9.2
2019-08-27,31.0,34.9,28.7,38.3,42.9,82,0.0,0.0,0.0,0.0,4.11,8.0
2019-08-28,28.1,30.4,25.3,34.5,37.8,90,8.7,8.7,0.0,13.0,2.97,10.4
2019-08-29,22.6,25.1,20.8,25.5,29.7,90,28.4,28.4,0.0,18.0,4.65,8.9
2019-08-30,24.6,28.7,20.4,28.3,34.2,81,1.0,1.0,0.0,5.0,3.13,4.6
2019-08-31,25.4,28.2,23.4,28.5,30.6,79,1.7,1.7,0.0,7.0,4.5,8.7
2019-09-01,22.0,22.9,21.1,24.2,25.6,90,46.1,46.1,0.0,20.0,5.87,10.7
2019-09-02,23.4,24.1,22.6,26.3,27.9,95,56.7,56.7,0.0,22.0,5.91,10.5
2019-09-03,24.3,25.7,23.2,28.8,30.9,95,53.1,53.1,0.0,23.0,3.62,8.0
2019-09-04,25.0,26.3,23.8,29.7,30.8,91,14.4,14.4,0.0,13.0,3.24,6.3
2019-09-05,26.3,28.4,24.6,31.7,33.9,92,22.2,22.2,0.0,15.0,3.57,6.2
2019-09-06,26.3,27.6,25.4,30.1,31.9,90,11.5,11.5,0.0,16.0,7.5,13.8
2019-09-07,26.8,30.5,24.2,30.1,34.3,79,0.0,0.0,0.0,0.0,7.34,14.1
2019-09-08,26.3,30.0,23.0,30.6,33.7,80,0.1,0.1,0.0,1.0,3.89,7.3
2019-09-09,26.5,29.6,24.4,30.5,33.1,82,0.0,0.0,0.0,0.0,4.7,8.0
2019-09-10,27.7,31.3,24.2,33.3,37.6,84,0.7,0.7,0.0,5.0,2.87,5.7
2019-09-11,27.8,31.1,25.0,33.7,37.2,85,0.8,0.8,0.0,3.0,2.91,5.6
2019-09-12,27.0,29.7,24.9,31.9,35.7,84,0.9,0.9,0.0,5.0,4.39,8.5
2019-09-13,27.1,30.8,24.1,31.5,35.3,79,0.0,0.0,0.0,0.0,3.41,7.4
2019-09-14,27.1,29.7,25.2,31.6,34.1,80,0.0,0.0,0.0,0.0,3.7,7.6
2019-09-15,25.9,27.6,23.3,29.3,31.0,81,0.9,0.9,0.0,4.0,5.46,10.3
2019-09-16,25.5,28.7,22.7,27.3,30.4,71,0.0,0.0,0.0,0.0,5.77,11.0
2019-09-17,25.9,28.7,23.0,28.1,30.2,74,0.0,0.0,0.0,0.0,4.7,9.3
2019-09-18,25.6,28.4,23.0,26.4,28.0,68,0.0,0.0,0.0,0.0,7.34,14.0
2019-09-19,23.3,26.2,21.2,23.2,26.6,66,0.0,0.0,0.0,0.0,6.32,12.7
2019-09-20,23.5,26.5,20.9,23.8,26.8,67,0.0,0.0,0.0,0.0,5.95,11.0
2019-09-21,22.0,23.2,20.8,21.0,23.3,80,15.6,15.6,0.0,11.0,9.46,17.6
2019-09-22,22.1,23.7,21.0,20.8,22.8,77,0.1,0.1,0.0,1.0,10.85,17.9
2019-09-23,22.8,26.7,19.2,23.9,27.0,76,0.0,0.0,0.0,0.0,5.15,10.7
2019-09-24,22.2,27.4,17.6,24.1,29.1,76,0.0,0.0,0.0,0.0,2.65,5.9
2019-09-25,22.5,26.7,18.0,24.7,30.3,78,0.0,0.0,0.0,0.0,3.22,6.0
2019-09-26,22.5,25.9,18.9,24.4,28.6,76,0.0,0.0,0.0,0.0,2.53,6.4
2019-09-27,22.9,26.3,19.9,25.4,28.7,80,0.0,0.0,0.0,0.0,2.73,6.2
2019-09-28,23.1,27.0,20.4,26.0,29.4,85,0.0,0.0,0.0,0.0,3.16,7.4
2019-09-29,23.1,26.6,20.2,25.7,28.9,83,0.0,0.0,0.0,0.0,4.0,7.7
2019-09-30,23.8,26.9,20.5,26.8,29.8,84,0.0,0.0,0.0,0.0,3.85,7.4
2019-10-01,23.7,24.3,23.1,25.3,28.1,93,52.3,52.3,0.0,22.0,11.53,19.1
2019-10-02,24.0,26.6,21.5,25.5,28.7,88,10.4,10.4,0.0,10.0,10.45,18.5
2019-10-03,24.2,28.7,19.7,27.9,32.5,85,0.2,0.2,0.0,2.0,2.46,4.7
2019-10-04,25.4,28.9,22.3,29.6,33.4,87,0.9,0.9,0.0,6.0,3.26,6.5
2019-10-05,23.0,24.8,20.3,24.0,28.5,80,0.0,0.0,0.0,0.0,6.84,12.7
2019-10-06,21.3,23.5,19.6,22.1,25.4,73,0.0,0.0,0.0,0.0,3.65,7.0
2019-10-07,20.8,23.5,18.8,22.3,25.5,84,0.0,0.0,0.0,0.0,4.04,7.5
2019-10-08,18.7,20.7,17.0,18.9,20.7,83,0.0,0.0,0.0,0.0,4.14,8.3
2019-10-09,20.1,22.8,17.4,20.6,23.9,74,0.0,0.0,0.0,0.0,3.74,8.0
2019-10-10,22.4,26.3,18.7,23.6,28.7,73,0.0,0.0,0.0,0.0,3.55,8.2
2019-10-11,23.1,25.8,21.1,25.8,29.3,81,0.3,0.3,0.0,1.0,2.7,5.3
2019-10-12,22.1,24.8,20.3,23.4,25.2,78,0.0,0.0,0.0,0.0,5.01,9.5
2019-10-13,22.0,23.9,20.3,24.1,26.0,82,0.7,0.7,0.0,4.0,2.82,5.9
2019-10-14,20.8,23.3,18.1,20.9,23.7,79,0.1,0.1,0.0,1.0,7.06,13.2
2019-10-15,17.5,19.1,15.9,14.7,15.8,61,0.0,0.0,0.0,0.0,6.28,12.3
2019-10-16,18.3,21.1,15.2,17.4,20.6,67,0.0,0.0,0.0,0.0,3.42,6.8
2019-10-17,19.6,22.3,17.6,19.7,22.3,76,0.4,0.4,0.0,2.0,3.92,7.7
2019-10-18,18.9,22.1,16.1,18.4,20.7,74,0.0,0.0,0.0,0.0,4.9,9.6
2019-10-19,18.5,22.7,15.0,18.1,21.4,74,0.0,0.0,0.0,0.0,4.03,9.1
2019-10-20,18.4,22.8,14.4,18.6,23.1,77,0.0,0.0,0.0,0.0,3.12,7.7
2019-10-21,18.2,22.2,14.5,18.3,22.0,79,0.0,0.0,0.0,0.0,3.3,7.0
2019-10-22,18.9,22.2,15.2,19.1,21.8,76,0.0,0.0,0.0,0.0,3.08,6.8
2019-10-23,20.2,23.4,18.4,20.7,23.1,76,0.0,0.0,0.0,0.0,4.05,9.0
2019-10-24,19.7,23.4,17.0,20.1,22.8,80,0.0,0.0,0.0,0.0,4.21,8.3
2019-10-25,18.9,22.4,15.6,19.5,22.2,83,0.4,0.4,0.0,3.0,3.93,7.6
2019-10-26,17.2,18.9,14.6,15.9,17.9,73,0.0,0.0,0.0,0.0,4.95,9.9
2019-10-27,15.2,17.6,12.9,14.5,16.9,72,0.0,0.0,0.0,0.0,2.31,4.1
2019-10-28,16.0,20.4,12.2,15.7,19.8,79,0.0,0.0,0.0,0.0,3.06,6.9
2019-10-29,17.0,22.0,13.6,15.7,19.5,69,0.0,0.0,0.0,0.0,4.12,8.4
2019-10-30,16.7,22.3,12.2,16.1,22.4,70,0.0,0.0,0.0,0.0,2.58,4.7
2019-10-31,17.3,22.9,12.8,16.7,22.8,68,0.0,0.0,0.0,0.0,2.67,4.7
2019-11-01,17.9,23.4,12.9,17.9,23.2,74,0.0,0.0,0.0,0.0,2.77,6.0
2019-11-02,18.0,22.5,13.8,18.7,22.8,84,0.0,0.0,0.0,0.0,2.55,6.0
2019-11-03,18.7,21.7,16.4,19.3,21.6,81,0.6,0.6,0.0,3.0,3.49,6.9
2019-11-04,17.9,20.8,15.5,17.2,19.7,78,0.9,0.9,0.0,3.0,5.0,10.3
2019-11-05,16.3,20.0,13.9,15.2,18.1,74,0.0,0.0,0.0,0.0,4.07,9.2
2019-11-06,16.7,20.3,13.2,16.2,19.8,73,0.0,0.0,0.0,0.0,2.97,6.6
2019-11-07,17.4,19.4,16.0,16.8,18.2,77,0.0,0.0,0.0,0.0,4.62,9.1
2019-11-08,15.3,18.0,11.5,13.3,15.7,69,0.0,0.0,0.0,0.0,4.4,9.4
2019-11-09,14.2,18.7,10.9,12.8,17.5,73,0.0,0.0,0.0,0.0,2.77,6.8
2019-11-10,15.5,21.6,9.8,13.3,18.4,68,0.0,0.0,0.0,0.0,5.8,11.1
2019-11-11,15.4,21.4,11.0,13.3,18.7,57,0.0,0.0,0.0,0.0,3.29,5.6
2019-11-12,17.0,19.6,13.3,16.2,19.0,75,0.1,0.1,0.0,1.0,4.53,8.8
2019-11-13,18.1,20.3,15.4,16.5,19.3,68,0.2,0.2,0.0,1.0,6.44,12.2
2019-11-14,14.0,17.6,11.1,11.1,15.5,53,0.0,0.0,0.0,0.0,5.42,9.5
2019-11-15,15.2,20.5,10.4,12.8,17.9,68,0.0,0.0,0.0,0.0,5.15,9.6
2019-11-16,18.0,23.2,14.2,17.2,22.6,76,0.0,0.0,0.0,0.0,5.5,9.8
2019-11-17,20.5,24.5,17.6,20.2,25.1,74,0.3,0.3,0.0,1.0,6.48,10.7
2019-11-18,11.9,17.9,8.0,7.9,15.9,67,0.0,0.0,0.0,0.0,8.43,14.4
2019-11-19,9.7,13.6,6.3,5.7,9.3,54,0.0,0.0,0.0,0.0,4.88,9.7
2019-11-20,12.1,15.4,7.9,9.3,11.8,64,0.0,0.0,0.0,0.0,4.61,10.1
2019-11-21,14.8,17.4,13.1,13.3,15.9,71,0.0,0.0,0.0,0.0,3.88,9.8
2019-11-22,16.8,21.0,12.6,17.1,21.1,89,0.0,0.0,0.0,0.0,4.03,9.2
2019-11-23,18.7,21.3,16.3,19.9,21.9,93,0.5,0.5,0.0,4.0,5.3,9.5
2019-11-24,18.0,21.0,13.6,18.2,21.7,91,1.0,1.0,0.0,4.0,8.58,14.9
2019-11-25,10.1,13.5,8.4,5.5,9.0,72,0.0,0.0,0.0,0.0,8.4,14.9
2019-11-26,10.3,12.6,8.3,7.5,10.0,74,0.8,0.8,0.0,3.0,3.67,7.7
2019-11-27,10.1,10.8,9.5,7.2,8.2,88,9.5,9.5,0.0,12.0,5.77,10.0
2019-11-28,9.6,11.2,8.6,5.3,6.5,69,0.3,0.3,0.0,2.0,6.54,12.2
2019-11-29,10.0,11.7,8.6,6.7,8.1,70,0.0,0.0,0.0,0.0,4.81,9.0
2019-11-30,11.7,13.4,9.1,10.1,11.5,84,7.1,7.1,0.0,10.0,3.71,5.7
2019-12-01,10.1,12.3,7.2,6.7,11.4,90,13.6,13.6,0.0,9.0,7.7,14.2
2019-12-02,7.0,10.6,4.0,2.5,5.9,62,0.0,0.0,0.0,0.0,7.25,12.8
2019-12-03,5.8,10.7,2.7,2.3,6.6,65,0.0,0.0,0.0,0.0,3.26,6.6
2019-12-04,7.1,13.0,2.6,3.8,9.0,64,0.0,0.0,0.0,0.0,3.52,7.0
2019-12-05,8.9,13.0,5.0,5.6,9.1,70,0.0,0.0,0.0,0.0,4.88,9.6
2019-12-06,8.3,10.3,4.9,3.9,6.0,64,0.0,0.0,0.0,0.0,6.77,13.0
2019-12-07,6.0,10.3,3.1,2.5,6.3,69,0.0,0.0,0.0,0.0,3.7,8.0
2019-12-08,6.1,12.1,1.8,3.2,9.0,69,0.0,0.0,0.0,0.0,2.59,4.8
2019-12-09,8.9,16.3,3.8,5.9,13.0,66,0.0,0.0,0.0,0.0,3.09,6.1
2019-12-10,10.6,17.9,6.4,8.3,15.4,74,0.0,0.0,0.0,0.0,3.21,5.4
2019-12-11,10.1,14.7,7.8,7.2,11.4,72,0.0,0.0,0.0,0.0,4.65,9.5
2019-12-12,9.2,12.9,6.5,6.2,9.4,68,0.0,0.0,0.0,0.0,3.83,8.1
2019-12-13,10.6,16.5,7.0,8.1,13.5,75,0.0,0.0,0.0,0.0,4.85,10.1
2019-12-14,10.9,14.9,7.3,8.6,11.9,83,0.0,0.0,0.0,0.0,5.59,10.7
2019-12-15,13.0,16.2,10.2,10.8,13.9,80,0.0,0.0,0.0,0.0,4.66,9.6
2019-12-16,15.8,20.3,13.8,15.3,19.9,86,0.0,0.0,0.0,0.0,4.76,8.9
2019-12-17,12.7,15.7,9.5,11.0,15.8,91,6.1,6.1,0.0,15.0,5.12,9.8
2019-12-18,8.5,9.8,6.3,4.7,6.7,80,1.8,1.8,0.0,7.0,5.75,10.6
2019-12-19,6.6,8.5,5.2,3.2,5.0,82,3.7,3.7,0.0,10.0,4.68,9.3
2019-12-20,7.6,9.4,5.4,4.5,6.9,79,0.7,0.7,0.0,3.0,4.97,8.4
2019-12-21,9.6,10.1,8.8,7.2,9.0,87,18.4,18.4,0.0,17.0,5.81,10.3
2019-12-22,10.4,12.4,7.8,8.5,10.2,92,11.5,11.5,0.0,10.0,4.99,8.8
2019-12-23,9.6,12.5,5.9,7.1,9.9,86,2.0,2.0,0.0,4.0,4.82,9.0
2019-12-24,10.9,11.7,10.0,8.4,9.7,88,6.6,6.6,0.0,10.0,5.53,9.7
2019-12-25,12.7,14.2,11.1,11.7,14.0,92,7.5,7.5,0.0,7.0,4.01,6.4
2019-12-26,9.3,13.4,5.2,5.5,13.0,86,2.8,2.8,0.0,3.0,7.61,13.6
2019-12-27,4.8,8.3,2.3,0.9,4.9,62,0.0,0.0,0.0,0.0,5.46,9.8
2019-12-28,7.7,12.4,2.0,4.7,9.1,73,0.0,0.0,0.0,0.0,4.25,8.9
2019-12-29,12.2,14.4,10.3,10.5,13.5,84,1.3,1.3,0.0,5.0,4.57,7.8
2019-12-30,9.9,13.1,7.3,6.6,9.4,79,0.0,0.0,0.0,0.0,7.6,13.5
2019-12-31,4.2,7.5,1.9,-0.9,1.6,61,0.0,0.0,0.0,0.0,8.02,13.8
