time,temperature_2m_mean,temperature_2m_max,temperature_2m_min,apparent_temperature_mean,apparent_temperature_max,relative_humidity_2m_mean,precipitation_sum,rain_sum,snowfall_sum,precipitation_hours,wind_speed_10m_max,wind_gusts_10m_max
2010-01-01,16.1,18.1,14.5,14.7,16.7,77,1.3,1.3,0.0,7.0,4.79,10.4
2010-01-02,17.1,18.5,16.1,17.2,19.5,88,8.7,8.7,0.0,18.0,4.43,9.6
2010-01-03,17.3,19.3,15.4,17.5,19.8,83,0.9,0.9,0.0,2.0,3.34,6.5
2010-01-04,18.9,22.1,16.4,19.3,23.5,78,0.0,0.0,0.0,0.0,3.31,8.6
2010-01-05,18.1,19.0,17.1,17.1,19.5,81,5.3,5.3,0.0,20.0,7.12,13.8
2010-01-06,14.5,17.2,11.7,12.7,16.5,84,5.5,5.5,0.0,17.0,5.1,10.6
2010-01-07,10.9,11.6,10.5,8.2,8.8,84,6.6,6.6,0.0,22.0,4.83,9.6
2010-01-08,11.9,13.9,10.1,9.3,11.5,77,1.0,1.0,0.0,5.0,4.65,9.8
2010-01-09,15.1,18.3,12.7,13.3,16.4,76,0.0,0.0,0.0,0.0,4.62,11.0
2010-01-10,17.4,19.7,15.6,16.8,19.2,80,1.9,1.9,0.0,9.0,5.73,11.9
2010-01-11,13.7,17.8,10.8,11.5,18.3,85,6.5,6.5,0.0,18.0,6.65,13.1
2010-01-12,11.2,14.2,8.8,6.7,10.0,59,0.0,0.0,0.0,0.0,7.13,14.5
2010-01-13,12.1,16.2,8.7,8.3,12.5,47,0.0,0.0,0.0,0.0,5.08,10.1
2010-01-14,14.4,18.6,11.4,11.8,16.5,59,0.0,0.0,0.0,0.0,4.6,11.0
2010-01-15,16.2,20.2,13.4,14.6,19.1,70,0.0,0.0,0.0,0.0,4.77,11.2
2010-01-16,17.2,21.7,14.2,16.2,20.2,65,0.0,0.0,0.0,0.0,3.54,8.9
2010-01-17,16.6,20.4,13.3,15.8,20.0,72,0.0,0.0,0.0,0.0,3.26,8.9
2010-01-18,17.0,20.5,14.3,16.4,20.0,77,0.0,0.0,0.0,0.0,3.59,9.0
2010-01-19,18.5,21.7,15.5,18.3,21.9,78,0.0,0.0,0.0,0.0,4.1,8.4
2010-01-20,21.4,23.6,19.6,23.0,25.4,83,0.0,0.0,0.0,0.0,3.71,9.1
2010-01-21,22.8,25.4,20.6,25.2,27.5,85,0.1,0.1,0.0,1.0,3.72,9.1
2010-01-22,18.1,20.3,14.2,17.2,21.5,79,0.0,0.0,0.0,0.0,5.34,11.0
2010-01-23,13.3,14.3,12.6,10.9,12.0,75,0.0,0.0,0.0,0.0,4.52,9.7
2010-01-24,15.0,17.9,12.2,13.9,17.4,77,0.0,0.0,0.0,0.0,3.49,8.7
2010-01-25,17.2,19.5,15.4,16.1,17.9,75,0.0,0.0,0.0,0.0,5.44,11.3
2010-01-26,15.6,17.1,13.7,13.6,15.7,70,0.0,0.0,0.0,0.0,5.11,10.8
2010-01-27,18.0,19.8,16.6,17.8,19.7,82,0.0,0.0,0.0,0.0,4.2,9.9
2010-01-28,20.2,22.9,18.4,22.1,25.4,86,1.7,1.7,0.0,9.0,3.08,6.5
2010-01-29,19.5,21.3,18.7,20.1,21.3,86,1.7,1.7,0.0,8.0,5.58,11.7
2010-01-30,20.2,22.9,18.2,20.7,23.5,80,0.0,0.0,0.0,0.0,4.46,8.8
2010-01-31,21.7,25.1,19.6,23.3,26.1,82,0.0,0.0,0.0,0.0,4.04,8.6
2010-02-01,21.8,25.6,19.1,24.3,27.3,83,0.0,0.0,0.0,0.0,2.33,4.7
2010-02-02,20.1,21.4,19.1,21.0,22.1,87,0.0,0.0,0.0,0.0,6.26,13.0
2010-02-03,20.0,22.5,18.7,20.3,22.5,85,0.0,0.0,0.0,0.0,5.73,11.9
2010-02-04,18.9,20.3,17.9,18.3,19.2,82,0.0,0.0,0.0,0.0,5.85,13.0
2010-02-05,18.9,20.4,17.7,18.4,19.4,84,0.0,0.0,0.0,0.0,6.24,12.3
2010-02-06,19.2,20.5,18.2,19.1,20.2,87,1.3,1.3,0.0,8.0,5.69,11.5
2010-02-07,19.2,20.7,18.3,19.6,21.2,90,52.8,52.8,0.0,17.0,5.92,10.2
2010-02-08,20.1,21.7,18.4,21.7,23.6,92,7.2,7.2,0.0,15.0,4.46,9.7
2010-02-09,22.7,24.5,21.0,24.3,25.6,88,0.6,0.6,0.0,4.0,7.0,12.8
2010-02-10,23.7,25.5,22.4,25.5,26.5,85,0.5,0.5,0.0,5.0,6.73,13.2
2010-02-11,24.0,26.1,19.7,26.2,28.2,84,4.3,4.3,0.0,10.0,6.35,12.6
2010-02-12,13.3,16.6,9.7,9.6,14.6,70,0.5,0.5,0.0,4.0,7.47,15.3
2010-02-13,11.7,15.8,9.0,9.0,14.0,82,0.7,0.7,0.0,5.0,5.7,13.2
2010-02-14,15.4,16.4,12.4,14.4,15.9,89,4.0,4.0,0.0,21.0,5.73,13.2
2010-02-15,10.6,12.2,8.7,7.2,9.7,82,3.1,3.1,0.0,14.0,6.26,12.0
2010-02-16,8.5,9.2,7.6,4.6,5.8,83,8.8,8.8,0.0,24.0,7.17,13.6
2010-02-17,8.4,9.0,7.7,4.4,4.9,81,7.7,7.7,0.0,20.0,6.0,11.3
2010-02-18,8.7,9.4,7.9,4.5,5.5,70,3.4,3.4,0.0,19.0,5.74,11.0
2010-02-19,9.1,11.2,7.4,6.4,9.0,83,5.9,5.9,0.0,14.0,4.81,9.4
2010-02-20,13.1,16.4,9.2,11.8,15.8,75,0.8,0.8,0.0,2.0,3.36,6.3
2010-02-21,16.7,18.4,14.8,16.6,18.5,83,2.2,2.2,0.0,11.0,3.54,7.5
2010-02-22,18.8,20.3,17.8,20.3,21.9,90,12.8,12.8,0.0,15.0,2.72,9.1
2010-02-23,20.7,24.0,18.6,22.4,26.7,85,0.1,0.1,0.0,1.0,3.4,7.0
2010-02-24,22.3,23.9,20.8,23.2,24.4,85,0.2,0.2,0.0,2.0,7.38,14.5
2010-02-25,23.9,26.0,22.2,26.3,27.8,86,0.0,0.0,0.0,0.0,6.15,13.0
2010-02-26,24.3,26.3,22.4,27.5,28.9,88,0.1,0.1,0.0,1.0,4.73,9.4
2010-02-27,24.5,27.1,22.7,28.0,30.1,87,0.4,0.4,0.0,3.0,4.03,7.8
2010-02-28,24.3,26.8,22.4,26.9,28.6,85,0.2,0.2,0.0,2.0,5.91,11.7
2010-03-01,23.7,25.6,22.3,26.2,27.8,87,0.3,0.3,0.0,3.0,5.41,10.5
2010-03-02,24.3,25.8,23.0,27.1,27.9,87,0.5,0.5,0.0,3.0,5.52,10.8
2010-03-03,24.7,26.4,23.4,27.3,28.3,85,0.4,0.4,0.0,2.0,6.4,12.0
2010-03-04,24.2,25.4,23.1,26.7,27.4,86,1.4,1.4,0.0,7.0,6.61,12.4
2010-03-05,25.0,26.6,23.5,27.2,28.1,83,0.5,0.5,0.0,3.0,7.41,14.6
2010-03-06,24.8,26.3,23.6,27.6,28.4,85,3.3,3.3,0.0,13.0,6.53,13.2
2010-03-07,16.1,22.8,14.5,14.9,25.9,85,4.6,4.6,0.0,19.0,5.41,11.1
2010-03-08,15.0,17.5,11.3,13.6,17.3,86,4.0,4.0,0.0,13.0,6.92,13.6
2010-03-09,10.0,12.5,8.6,4.7,6.9,69,5.0,5.0,0.0,14.0,8.22,16.2
2010-03-10,11.1,15.5,7.5,6.7,11.7,45,0.0,0.0,0.0,0.0,7.46,14.3
2010-03-11,14.8,19.0,10.6,13.0,19.1,58,0.0,0.0,0.0,0.0,2.98,7.6
2010-03-12,17.1,18.0,16.6,17.1,18.1,83,1.7,1.7,0.0,8.0,3.42,8.2
2010-03-13,19.8,22.2,17.4,20.7,23.4,89,0.0,0.0,0.0,0.0,4.38,8.8
2010-03-14,22.6,25.6,20.2,24.5,27.9,88,0.4,0.4,0.0,4.0,5.82,11.8
2010-03-15,23.7,26.4,21.8,27.0,30.0,86,0.0,0.0,0.0,0.0,3.24,8.1
2010-03-16,19.4,21.6,17.8,19.0,24.6,73,0.0,0.0,0.0,0.0,6.18,11.8
2010-03-17,19.8,22.0,17.7,20.6,23.9,76,0.0,0.0,0.0,0.0,3.85,8.3
2010-03-18,21.2,25.2,18.6,23.2,29.4,78,0.0,0.0,0.0,0.0,2.5,5.9
2010-03-19,21.1,25.0,18.2,22.8,27.1,80,0.0,0.0,0.0,0.0,3.18,7.6
2010-03-20,21.8,25.4,18.9,24.0,27.8,82,0.0,0.0,0.0,0.0,3.47,8.1
2010-03-21,22.4,27.4,19.0,25.0,31.3,81,0.0,0.0,0.0,0.0,4.97,10.3
2010-03-22,22.9,26.3,20.5,24.3,28.6,76,0.0,0.0,0.0,0.0,4.88,11.3
2010-03-23,23.8,27.2,21.5,26.6,30.5,83,0.0,0.0,0.0,0.0,4.02,9.1
2010-03-24,23.9,26.7,21.9,26.7,29.6,86,2.9,2.9,0.0,3.0,5.3,10.7
2010-03-25,16.5,20.2,14.3,12.9,19.9,64,5.5,5.5,0.0,7.0,8.92,16.3
2010-03-26,17.8,21.1,15.1,14.7,19.9,44,0.0,0.0,0.0,0.0,6.04,12.8
2010-03-27,18.3,21.1,16.1,17.5,20.9,63,0.0,0.0,0.0,0.0,4.9,10.3
2010-03-28,19.8,24.6,16.0,19.2,24.1,62,0.0,0.0,0.0,0.0,4.81,9.7
2010-03-29,19.5,21.7,17.3,17.3,20.5,56,0.0,0.0,0.0,0.0,5.57,13.1
2010-03-30,20.5,22.4,18.8,19.6,21.7,76,0.0,0.0,0.0,0.0,7.69,15.4
2010-03-31,22.8,26.1,20.5,24.3,27.7,81,1.0,1.0,0.0,6.0,5.38,11.3
2010-04-01,23.7,26.3,21.8,26.4,29.3,83,0.0,0.0,0.0,0.0,4.37,9.7
2010-04-02,20.9,22.8,18.1,22.4,27.0,85,2.9,2.9,0.0,9.0,4.92,9.9
2010-04-03,19.1,20.7,17.8,18.6,20.1,82,0.0,0.0,0.0,0.0,6.11,12.5
2010-04-04,20.6,22.7,18.8,21.2,24.0,85,0.0,0.0,0.0,0.0,5.95,11.8
2010-04-05,22.3,24.7,20.3,24.6,27.6,88,1.8,1.8,0.0,9.0,4.41,9.5
2010-04-06,23.9,26.0,22.3,26.7,28.4,87,1.4,1.4,0.0,7.0,5.0,10.5
2010-04-07,21.1,23.5,19.0,22.3,27.9,87,7.9,7.9,0.0,22.0,5.4,11.0
2010-04-08,18.5,20.0,17.7,18.6,21.1,86,13.5,13.5,0.0,16.0,6.02,13.7
2010-04-09,19.7,22.2,17.6,20.8,25.0,82,0.0,0.0,0.0,0.0,3.98,7.8
2010-04-10,21.5,22.5,20.4,22.7,24.6,91,2.8,2.8,0.0,10.0,6.54,13.2
2010-04-11,24.0,26.0,22.0,26.6,28.0,89,1.3,1.3,0.0,8.0,7.32,14.2
2010-04-12,25.5,27.8,23.4,29.3,31.1,87,0.5,0.5,0.0,4.0,6.18,12.0
2010-04-13,24.7,27.7,21.3,28.6,32.1,90,9.7,9.7,0.0,17.0,6.22,13.2
2010-04-14,20.8,21.8,20.1,20.8,21.9,83,0.4,0.4,0.0,2.0,7.62,16.4
2010-04-15,16.1,21.2,12.4,14.5,22.8,84,7.0,7.0,0.0,15.0,6.26,12.1
2010-04-16,15.6,18.2,13.0,14.2,18.0,77,1.7,1.7,0.0,5.0,4.53,8.9
2010-04-17,19.6,21.4,18.2,19.9,21.3,81,4.6,4.6,0.0,15.0,4.81,11.4
2010-04-18,21.0,23.3,19.0,22.0,24.4,87,6.4,6.4,0.0,10.0,5.04,10.2
2010-04-19,23.3,26.4,21.3,26.1,30.3,86,0.4,0.4,0.0,3.0,4.09,8.3
2010-04-20,24.7,27.1,22.6,28.1,30.7,89,2.4,2.4,0.0,11.0,5.65,12.1
2010-04-21,26.0,27.9,24.3,29.4,31.4,85,1.6,1.6,0.0,9.0,6.5,13.7
2010-04-22,23.6,26.3,18.4,26.6,31.0,91,29.9,29.9,0.0,16.0,6.0,13.9
2010-04-23,20.4,23.5,17.5,19.8,24.6,69,3.5,3.5,0.0,3.0,6.59,12.6
2010-04-24,21.6,24.6,19.5,21.6,25.6,65,0.0,0.0,0.0,0.0,5.41,10.7
2010-04-25,21.0,23.3,19.9,20.5,23.2,73,6.7,6.7,0.0,7.0,5.81,13.2
2010-04-26,21.6,24.0,19.6,22.8,26.8,82,2.9,2.9,0.0,9.0,4.97,10.4
2010-04-27,21.1,24.4,17.9,22.3,27.5,75,3.2,3.2,0.0,6.0,4.16,7.8
2010-04-28,22.9,24.8,21.2,26.2,28.7,84,0.8,0.8,0.0,4.0,1.84,5.2
2010-04-29,21.5,24.1,19.0,23.9,27.7,89,26.9,26.9,0.0,13.0,5.98,12.2
2010-04-30,21.9,25.5,19.1,23.4,28.5,80,0.6,0.6,0.0,2.0,6.01,12.0
2010-05-01,23.8,27.5,21.0,27.2,33.1,79,0.2,0.2,0.0,1.0,2.42,6.9
2010-05-02,24.6,28.1,21.5,28.6,33.5,81,0.8,0.8,0.0,6.0,2.56,5.8
2010-05-03,24.4,27.8,21.5,27.7,32.0,80,0.0,0.0,0.0,0.0,3.89,7.9
2010-05-04,24.9,27.6,22.8,27.5,31.3,82,1.1,1.1,0.0,6.0,5.54,11.1
2010-05-05,25.9,27.8,24.3,29.6,31.2,85,1.1,1.1,0.0,5.0,5.51,10.6
2010-05-06,26.9,28.4,25.7,31.7,32.8,90,4.7,4.7,0.0,13.0,6.02,11.8
2010-05-07,25.9,27.6,24.9,31.1,33.2,92,23.8,23.8,0.0,19.0,4.55,10.4
2010-05-08,26.8,29.3,24.9,31.4,34.3,87,2.1,2.1,0.0,9.0,5.66,10.9
2010-05-09,27.2,29.5,25.4,31.6,33.4,84,0.3,0.3,0.0,2.0,5.77,12.5
2010-05-10,24.2,25.6,23.1,28.4,31.7,91,9.7,9.7,0.0,13.0,3.83,10.3
2010-05-11,24.8,27.2,23.2,28.4,31.9,86,0.8,0.8,0.0,5.0,4.06,10.1
2010-05-12,24.9,26.9,23.2,27.7,30.7,83,0.0,0.0,0.0,0.0,4.9,10.9
2010-05-13,25.7,27.7,24.2,28.6,31.5,83,1.0,1.0,0.0,5.0,5.62,11.1
2010-05-14,26.2,28.6,24.7,30.3,32.9,88,3.5,3.5,0.0,10.0,4.75,9.0
2010-05-15,25.8,28.5,24.4,30.0,33.5,89,6.1,6.1,0.0,18.0,4.18,8.3
2010-05-16,26.2,28.6,24.5,30.1,33.7,88,1.0,1.0,0.0,6.0,4.83,9.9
2010-05-17,26.8,29.0,25.2,31.0,33.9,84,1.1,1.1,0.0,7.0,4.72,9.9
2010-05-18,27.7,30.0,25.5,32.6,35.1,83,0.1,0.1,0.0,1.0,5.51,10.9
2010-05-19,26.6,29.2,23.8,31.3,33.1,88,14.6,14.6,0.0,18.0,5.12,11.3
2010-05-20,26.2,29.1,23.0,30.7,34.2,88,20.1,20.1,0.0,17.0,4.0,10.0
2010-05-21,28.4,30.4,26.9,33.6,35.4,86,11.1,11.1,0.0,12.0,5.76,11.1
2010-05-22,28.3,29.1,27.7,33.1,34.2,88,25.7,25.7,0.0,18.0,6.13,12.6
2010-05-23,25.1,27.0,23.9,28.5,30.6,85,37.1,37.1,0.0,17.0,6.77,12.8
2010-05-24,25.5,29.6,22.3,27.9,33.1,65,0.0,0.0,0.0,0.0,2.92,7.0
2010-05-25,26.0,29.8,22.7,29.5,34.1,75,0.0,0.0,0.0,0.0,3.84,8.1
2010-05-26,26.7,29.4,23.9,30.0,32.9,76,0.5,0.5,0.0,2.0,4.24,8.8
2010-05-27,27.0,29.3,25.4,31.8,34.6,83,3.7,3.7,0.0,6.0,3.71,7.5
2010-05-28,27.3,29.8,25.2,32.3,35.1,85,5.2,5.2,0.0,13.0,4.25,8.3
2010-05-29,27.1,29.0,25.6,33.0,34.7,90,16.5,16.5,0.0,15.0,4.17,9.2
2010-05-30,26.5,27.8,25.2,32.6,33.9,91,15.5,15.5,0.0,13.0,2.47,8.8
2010-05-31,25.9,27.1,25.2,30.2,32.5,88,9.7,9.7,0.0,16.0,4.9,9.1
2010-06-01,24.7,26.5,23.5,26.6,28.2,81,10.0,10.0,0.0,17.0,6.48,12.3
2010-06-02,22.2,24.0,20.7,23.9,26.8,91,33.0,33.0,0.0,24.0,6.08,12.3
2010-06-03,23.6,26.0,21.2,26.2,29.3,80,0.0,0.0,0.0,0.0,3.36,10.7
2010-06-04,25.5,28.5,23.2,30.0,33.4,80,1.5,1.5,0.0,8.0,1.91,6.7
2010-06-05,25.6,28.7,23.8,30.0,34.4,82,2.9,2.9,0.0,7.0,2.73,5.8
2010-06-06,25.7,28.6,23.5,29.2,33.2,78,0.4,0.4,0.0,3.0,3.42,7.6
2010-06-07,26.0,28.7,23.9,29.4,32.9,76,0.0,0.0,0.0,0.0,4.4,9.9
2010-06-08,26.4,28.7,24.6,29.1,31.8,77,0.0,0.0,0.0,0.0,5.62,11.0
2010-06-09,26.1,27.3,25.2,30.8,32.4,91,13.4,13.4,0.0,12.0,4.37,8.9
2010-06-10,25.7,26.3,25.0,31.3,31.9,93,25.5,25.5,0.0,17.0,3.01,7.5
2010-06-11,26.2,28.2,25.0,32.3,34.4,92,17.7,17.7,0.0,24.0,2.38,8.8
2010-06-12,26.8,28.8,25.1,32.8,35.0,90,12.1,12.1,0.0,21.0,2.48,8.7
2010-06-13,27.6,29.5,25.7,33.5,35.7,90,10.4,10.4,0.0,12.0,5.01,10.0
2010-06-14,28.5,29.9,27.2,34.5,35.9,89,10.4,10.4,0.0,19.0,5.28,11.1
2010-06-15,28.5,29.8,27.7,34.4,35.5,90,5.8,5.8,0.0,12.0,4.86,11.7
2010-06-16,28.2,29.4,27.3,34.0,35.1,90,15.9,15.9,0.0,20.0,4.74,11.2
2010-06-17,29.0,30.9,27.8,34.1,35.3,86,6.2,6.2,0.0,14.0,6.51,12.5
2010-06-18,29.5,31.3,28.3,34.2,36.0,81,0.0,0.0,0.0,0.0,6.62,13.9
2010-06-19,29.6,31.6,28.1,34.7,37.1,80,0.0,0.0,0.0,0.0,5.63,12.9
2010-06-20,29.3,31.0,28.1,34.7,36.4,82,0.0,0.0,0.0,0.0,5.04,12.0
2010-06-21,28.7,31.0,27.1,34.8,38.0,86,5.2,5.2,0.0,12.0,3.98,9.4
2010-06-22,28.3,31.4,26.8,34.2,37.1,86,11.3,11.3,0.0,14.0,4.1,8.5
2010-06-23,28.0,30.1,26.8,33.7,35.7,88,10.3,10.3,0.0,14.0,4.96,11.3
2010-06-24,28.8,30.8,27.4,34.4,36.3,88,10.4,10.4,0.0,12.0,5.87,12.2
2010-06-25,28.2,29.4,27.1,33.9,35.5,89,33.3,33.3,0.0,24.0,5.94,14.1
2010-06-26,26.6,27.3,25.9,32.5,33.3,93,51.5,51.5,0.0,21.0,4.43,12.8
2010-06-27,26.7,27.8,26.0,32.2,33.4,91,32.4,32.4,0.0,24.0,3.51,10.4
2010-06-28,26.6,28.1,26.0,31.6,33.3,92,23.6,23.6,0.0,21.0,4.25,11.4
2010-06-29,28.1,30.5,25.4,33.6,36.8,85,4.6,4.6,0.0,13.0,4.05,9.1
2010-06-30,29.1,32.1,26.6,35.6,39.1,82,0.7,0.7,0.0,5.0,3.24,7.0
2010-07-01,29.4,32.4,26.7,35.9,39.9,80,0.1,0.1,0.0,1.0,3.18,7.8
2010-07-02,29.8,32.4,27.5,36.0,39.5,80,0.4,0.4,0.0,3.0,3.61,8.5
2010-07-03,30.0,32.6,28.0,35.8,39.5,80,0.4,0.4,0.0,2.0,4.35,9.9
2010-07-04,30.5,33.2,28.9,36.2,40.4,79,0.4,0.4,0.0,3.0,5.2,10.8
2010-07-05,30.5,33.3,28.8,36.1,40.8,79,0.0,0.0,0.0,0.0,5.55,11.2
2010-07-06,30.4,32.8,29.1,35.8,38.7,80,0.2,0.2,0.0,2.0,6.08,12.5
2010-07-07,30.1,32.3,28.9,36.1,38.7,81,0.0,0.0,0.0,0.0,4.92,10.6
2010-07-08,30.4,33.1,28.5,36.6,40.1,81,0.1,0.1,0.0,1.0,4.95,9.8
2010-07-09,30.0,32.1,28.6,35.4,37.7,78,0.0,0.0,0.0,0.0,5.15,11.6
2010-07-10,30.0,32.8,28.1,35.1,38.5,76,0.2,0.2,0.0,2.0,4.97,11.8
2010-07-11,29.9,32.5,27.5,35.2,38.7,78,1.2,1.2,0.0,6.0,4.34,10.6
2010-07-12,30.1,32.7,27.9,35.9,39.7,78,0.9,0.9,0.0,7.0,4.2,9.6
2010-07-13,29.9,32.5,27.3,36.1,39.7,79,0.4,0.4,0.0,3.0,3.85,8.7
2010-07-14,30.0,33.1,27.9,36.3,40.6,79,4.1,4.1,0.0,7.0,4.12,8.5
2010-07-15,29.6,32.1,27.9,35.0,38.5,80,3.7,3.7,0.0,11.0,5.37,11.0
2010-07-16,28.3,31.1,26.3,32.5,35.5,82,10.1,10.1,0.0,14.0,6.53,14.5
2010-07-17,28.0,29.9,26.5,32.9,34.9,85,11.1,11.1,0.0,9.0,5.31,12.8
2010-07-18,29.0,32.1,26.0,35.0,39.4,80,0.2,0.2,0.0,1.0,3.4,7.9
2010-07-19,29.6,32.3,26.8,36.2,39.6,79,0.2,0.2,0.0,1.0,2.86,5.9
2010-07-20,30.0,33.0,27.0,36.4,39.6,77,0.0,0.0,0.0,0.0,3.11,6.9
2010-07-21,28.2,30.0,26.6,32.8,35.9,85,12.9,12.9,0.0,16.0,6.96,14.3
2010-07-22,27.3,29.2,26.3,31.0,32.5,88,15.0,15.0,0.0,22.0,7.19,15.3
2010-07-23,27.7,30.1,26.3,33.0,36.4,87,10.6,10.6,0.0,19.0,4.39,9.6
2010-07-24,28.3,31.5,26.3,34.3,38.4,84,9.3,9.3,0.0,14.0,2.97,6.4
2010-07-25,28.8,31.6,26.2,35.3,39.7,83,6.8,6.8,0.0,17.0,2.9,6.0
2010-07-26,28.5,31.0,26.5,34.8,38.5,84,10.3,10.3,0.0,12.0,3.23,7.7
2010-07-27,27.3,28.1,26.7,33.1,34.4,90,26.7,26.7,0.0,22.0,4.74,9.8
2010-07-28,26.8,27.7,26.2,32.3,33.3,91,35.2,35.2,0.0,23.0,3.89,9.8
2010-07-29,28.1,30.7,26.7,34.1,36.8,89,9.9,9.9,0.0,9.0,4.6,10.1
2010-07-30,29.3,32.1,27.1,35.7,40.4,85,0.7,0.7,0.0,5.0,4.22,8.7
2010-07-31,30.0,32.6,28.1,36.5,40.6,82,0.5,0.5,0.0,4.0,4.08,9.5
2010-08-01,29.9,32.0,27.8,36.1,39.5,80,3.4,3.4,0.0,9.0,3.89,8.2
2010-08-02,29.3,32.0,27.1,35.3,38.2,80,7.0,7.0,0.0,13.0,4.13,8.9
2010-08-03,29.3,31.9,26.9,35.4,38.2,80,1.0,1.0,0.0,6.0,3.48,7.1
2010-08-04,30.1,34.0,27.3,36.4,41.3,76,0.0,0.0,0.0,0.0,2.95,6.3
2010-08-05,29.3,33.6,26.0,35.8,42.1,81,5.5,5.5,0.0,7.0,3.44,6.4
2010-08-06,28.0,31.6,25.3,33.4,37.8,82,8.5,8.5,0.0,9.0,3.54,6.9
2010-08-07,28.8,32.0,26.5,34.7,39.5,82,9.6,9.6,0.0,14.0,3.44,9.5
2010-08-08,29.0,31.6,27.0,34.7,38.2,82,1.0,1.0,0.0,4.0,4.06,8.4
2010-08-09,29.6,32.0,27.3,35.9,38.8,81,0.6,0.6,0.0,4.0,3.5,7.7
2010-08-10,29.7,32.3,27.3,36.5,39.9,82,1.8,1.8,0.0,6.0,4.34,8.9
2010-08-11,28.9,30.9,27.5,35.2,37.2,84,16.9,16.9,0.0,15.0,4.2,8.9
2010-08-12,29.2,32.0,27.1,35.5,39.1,83,7.0,7.0,0.0,12.0,4.0,8.5
2010-08-13,29.5,32.1,27.5,35.8,39.2,83,8.3,8.3,0.0,8.0,3.76,8.3
2010-08-14,29.4,31.6,27.6,35.6,38.6,81,8.1,8.1,0.0,11.0,3.31,7.4
2010-08-15,28.5,30.4,26.8,34.6,37.9,83,7.3,7.3,0.0,16.0,3.11,6.6
2010-08-16,27.6,29.5,26.3,32.8,35.0,85,11.5,11.5,0.0,12.0,3.67,9.3
2010-08-17,27.9,30.0,25.4,33.7,36.0,85,4.4,4.4,0.0,10.0,3.48,7.7
2010-08-18,28.7,31.1,26.1,34.7,37.8,84,8.3,8.3,0.0,14.0,4.08,8.2
2010-08-19,28.3,30.9,27.0,33.7,37.7,85,6.4,6.4,0.0,12.0,4.67,10.3
2010-08-20,28.4,31.3,25.9,34.3,38.5,84,1.1,1.1,0.0,5.0,3.31,8.6
2010-08-21,29.3,32.3,26.3,35.3,38.8,78,0.0,0.0,0.0,0.0,2.61,6.3
2010-08-22,29.3,31.5,27.8,34.8,36.6,82,3.8,3.8,0.0,6.0,4.72,10.2
2010-08-23,28.4,30.8,26.5,33.1,35.5,83,5.7,5.7,0.0,9.0,5.37,10.8
2010-08-24,27.2,29.2,25.9,32.5,34.9,88,18.0,18.0,0.0,23.0,3.69,8.9
2010-08-25,27.8,29.5,26.3,33.6,35.5,86,15.2,15.2,0.0,16.0,3.27,7.3
2010-08-26,28.1,31.1,26.1,34.8,39.1,86,13.2,13.2,0.0,10.0,3.47,7.5
2010-08-27,28.2,31.1,25.4,34.9,39.8,84,1.7,1.7,0.0,6.0,2.12,5.3
2010-08-28,28.3,31.9,26.1,34.6,40.3,82,7.8,7.8,0.0,6.0,2.19,6.9
2010-08-29,29.1,32.6,26.4,35.1,38.0,79,0.1,0.1,0.0,1.0,4.03,8.0
2010-08-30,29.8,32.5,27.3,35.4,37.8,76,0.0,0.0,0.0,0.0,3.54,8.5
2010-08-31,30.3,33.0,27.9,36.1,39.0,73,0.0,0.0,0.0,0.0,3.0,7.2
2010-09-01,30.5,33.2,28.1,35.9,39.4,71,0.1,0.1,0.0,1.0,3.45,7.6
2010-09-02,29.2,31.0,27.4,34.6,35.9,79,8.8,8.8,0.0,9.0,3.68,8.1
2010-09-03,27.0,28.3,25.7,31.9,33.9,91,57.5,57.5,0.0,24.0,4.82,10.2
2010-09-04,26.9,28.4,25.8,31.5,34.0,89,15.7,15.7,0.0,17.0,5.44,10.0
2010-09-05,28.4,31.6,26.0,34.0,38.4,83,3.1,3.1,0.0,10.0,3.83,6.8
2010-09-06,29.0,31.5,26.7,35.5,39.1,84,0.1,0.1,0.0,1.0,3.48,7.9
2010-09-07,29.3,31.9,27.2,35.6,39.1,83,1.6,1.6,0.0,9.0,4.43,8.4
2010-09-08,30.2,33.7,27.4,37.6,42.1,83,7.1,7.1,0.0,10.0,2.61,6.2
2010-09-09,28.3,31.8,25.9,34.9,39.9,84,14.5,14.5,0.0,12.0,3.06,7.3
2010-09-10,28.2,31.4,25.4,34.5,38.7,85,13.9,13.9,0.0,17.0,2.82,6.8
2010-09-11,26.3,27.5,25.3,32.0,33.5,92,39.0,39.0,0.0,24.0,3.45,7.9
2010-09-12,26.2,28.6,25.4,31.2,33.7,91,42.4,42.4,0.0,22.0,4.74,11.0
2010-09-13,27.8,30.6,25.0,32.9,36.5,82,1.7,1.7,0.0,4.0,3.84,9.2
2010-09-14,27.6,30.4,25.5,32.9,36.5,84,7.0,7.0,0.0,11.0,3.62,9.0
2010-09-15,28.1,31.1,25.9,34.2,38.7,84,4.4,4.4,0.0,10.0,2.64,7.5
2010-09-16,28.5,32.1,25.6,34.9,39.7,82,0.0,0.0,0.0,0.0,2.45,4.9
2010-09-17,29.0,32.3,26.4,35.2,39.9,80,0.0,0.0,0.0,0.0,3.07,6.0
2010-09-18,29.5,33.1,27.1,35.8,40.0,79,0.2,0.2,0.0,1.0,2.73,5.4
2010-09-19,30.5,34.0,27.7,36.6,39.9,78,0.0,0.0,0.0,0.0,4.3,9.9
2010-09-20,29.1,31.4,26.3,33.8,36.4,81,59.1,59.1,0.0,9.0,5.94,12.7
2010-09-21,25.9,26.7,24.8,29.5,31.3,91,124.6,124.6,0.0,24.0,7.82,16.4
2010-09-22,26.2,27.3,25.4,30.6,32.2,90,41.4,41.4,0.0,24.0,5.01,11.4
2010-09-23,26.5,28.3,25.4,32.2,34.8,90,14.9,14.9,0.0,17.0,2.41,5.4
2010-09-24,27.4,30.3,25.6,33.0,36.2,86,3.4,3.4,0.0,9.0,2.6,6.5
2010-09-25,27.4,29.3,26.0,32.4,35.2,84,5.5,5.5,0.0,13.0,3.16,8.4
2010-09-26,28.1,30.9,25.9,33.0,36.2,78,0.0,0.0,0.0,0.0,3.18,8.0
2010-09-27,28.3,30.9,26.0,34.2,37.4,81,0.7,0.7,0.0,5.0,2.25,6.2
2010-09-28,28.6,31.6,26.2,34.6,38.4,81,0.4,0.4,0.0,4.0,2.47,7.1
2010-09-29,28.3,30.6,26.7,33.3,36.4,80,9.2,9.2,0.0,12.0,4.02,9.4
2010-09-30,27.4,29.7,25.7,32.2,35.7,81,1.9,1.9,0.0,5.0,3.3,9.8
2010-10-01,27.8,30.5,25.9,31.8,34.6,76,0.1,0.1,0.0,1.0,4.44,11.0
2010-10-02,28.5,31.7,26.0,33.0,36.3,75,0.5,0.5,0.0,2.0,4.32,10.7
2010-10-03,27.8,30.1,26.0,30.4,33.8,69,0.7,0.7,0.0,2.0,5.16,10.8
2010-10-04,25.1,26.3,24.1,25.1,26.5,59,0.4,0.4,0.0,2.0,5.49,10.6
2010-10-05,24.4,26.1,23.0,25.4,26.8,66,3.5,3.5,0.0,9.0,4.53,9.9
2010-10-06,24.1,25.8,22.3,25.9,27.0,77,2.5,2.5,0.0,10.0,4.62,11.2
2010-10-07,25.6,27.5,24.1,28.4,30.4,77,5.7,5.7,0.0,13.0,4.4,10.9
2010-10-08,25.9,27.7,24.1,29.3,31.8,78,2.8,2.8,0.0,13.0,3.61,9.1
2010-10-09,25.3,26.0,24.9,29.0,30.4,85,6.2,6.2,0.0,14.0,3.54,8.9
2010-10-10,25.8,27.4,24.7,28.8,29.8,86,7.2,7.2,0.0,19.0,6.94,12.2
2010-10-11,27.0,28.9,25.8,31.6,34.0,88,7.2,7.2,0.0,16.0,5.6,10.4
2010-10-12,27.9,30.6,25.9,33.3,36.4,82,0.1,0.1,0.0,1.0,2.86,7.9
2010-10-13,28.0,31.2,25.8,33.3,36.9,81,0.0,0.0,0.0,0.0,2.58,7.5
2010-10-14,28.1,31.1,26.1,33.6,37.2,83,1.3,1.3,0.0,3.0,2.63,8.5
2010-10-15,25.7,27.4,23.8,28.4,32.0,78,7.0,7.0,0.0,14.0,5.04,10.9
2010-10-16,25.0,27.6,23.0,27.0,29.9,73,0.0,0.0,0.0,0.0,4.88,11.4
2010-10-17,26.5,29.1,24.3,29.9,32.3,75,0.0,0.0,0.0,0.0,4.14,10.4
2010-10-18,26.8,29.9,24.9,30.1,32.7,72,0.0,0.0,0.0,0.0,3.91,7.9
2010-10-19,26.2,28.9,24.0,27.4,30.4,63,0.0,0.0,0.0,0.0,5.25,11.3
2010-10-20,26.0,28.4,24.2,25.9,28.8,61,0.0,0.0,0.0,0.0,6.89,14.0
2010-10-21,24.8,27.0,23.3,24.2,26.3,66,2.8,2.8,0.0,9.0,8.42,15.0
2010-10-22,23.7,26.0,22.1,23.0,25.7,64,0.3,0.3,0.0,2.0,6.99,14.1
2010-10-23,24.5,28.1,21.9,25.1,28.7,64,0.4,0.4,0.0,1.0,5.95,10.9
2010-10-24,25.1,27.9,22.3,27.5,30.5,69,0.0,0.0,0.0,0.0,3.2,6.8
2010-10-25,25.0,27.6,23.0,26.0,28.8,67,0.0,0.0,0.0,0.0,4.79,10.3
2010-10-26,22.1,23.8,18.9,21.3,23.6,70,1.1,1.1,0.0,5.0,6.31,13.2
2010-10-27,19.4,22.4,17.3,16.5,20.0,55,0.0,0.0,0.0,0.0,6.5,13.3
2010-10-28,18.3,21.9,15.2,14.7,18.7,48,0.0,0.0,0.0,0.0,6.6,13.3
2010-10-29,18.9,22.4,15.7,15.5,19.7,44,0.0,0.0,0.0,0.0,5.91,11.9
2010-10-30,19.1,22.8,15.6,15.7,19.9,43,0.0,0.0,0.0,0.0,5.98,12.1
2010-10-31,19.7,24.1,16.3,17.6,22.3,49,0.0,0.0,0.0,0.0,5.24,10.4
2010-11-01,20.5,25.3,17.0,19.7,23.4,59,0.0,0.0,0.0,0.0,4.18,10.0
2010-11-02,21.6,25.6,18.9,21.3,24.6,63,0.0,0.0,0.0,0.0,4.14,9.7
2010-11-03,21.6,25.4,18.4,20.6,23.8,57,0.0,0.0,0.0,0.0,5.13,10.8
2010-11-04,20.4,22.1,19.3,19.5,21.1,61,2.1,2.1,0.0,6.0,4.43,9.3
2010-11-05,19.2,20.4,18.3,19.4,21.1,75,7.7,7.7,0.0,10.0,3.67,8.2
2010-11-06,19.4,20.7,17.9,20.4,22.7,85,6.3,6.3,0.0,16.0,3.68,7.8
2010-11-07,22.4,26.8,19.3,24.3,28.3,75,0.0,0.0,0.0,0.0,3.04,7.5
2010-11-08,22.2,26.8,18.9,22.0,26.1,60,0.0,0.0,0.0,0.0,4.88,9.7
2010-11-09,21.4,25.4,18.9,20.5,24.0,55,0.0,0.0,0.0,0.0,4.65,10.0
2010-11-10,20.7,25.2,18.1,21.2,24.8,72,0.0,0.0,0.0,0.0,3.01,7.4
2010-11-11,20.8,26.5,16.8,20.7,25.4,64,0.0,0.0,0.0,0.0,3.28,7.2
2010-11-12,21.8,26.6,18.4,21.7,25.6,66,0.0,0.0,0.0,0.0,4.32,10.5
2010-11-13,22.5,26.6,19.5,23.3,27.8,69,0.0,0.0,0.0,0.0,3.64,9.2
2010-11-14,23.2,26.4,21.0,25.0,28.0,77,0.2,0.2,0.0,1.0,3.72,8.4
2010-11-15,23.9,27.2,22.2,25.8,28.9,74,0.0,0.0,0.0,0.0,3.81,9.1
2010-11-16,21.7,24.8,19.4,21.4,24.8,64,0.0,0.0,0.0,0.0,5.01,9.8
2010-11-17,20.1,23.7,16.7,19.7,23.5,66,0.0,0.0,0.0,0.0,4.3,8.5
2010-11-18,21.6,24.9,19.0,22.7,25.8,71,0.0,0.0,0.0,0.0,3.0,7.4
2010-11-19,21.6,24.8,19.1,22.6,25.1,72,0.0,0.0,0.0,0.0,3.91,8.9
2010-11-20,20.9,24.1,18.4,21.3,25.8,70,0.0,0.0,0.0,0.0,3.82,7.9
2010-11-21,22.0,25.6,19.5,23.9,27.6,79,0.0,0.0,0.0,0.0,3.01,8.1
2010-11-22,22.4,25.8,19.5,23.8,26.5,74,0.0,0.0,0.0,0.0,3.73,9.1
2010-11-23,21.3,24.9,18.8,21.5,25.1,65,0.0,0.0,0.0,0.0,3.94,7.3
2010-11-24,21.1,23.8,19.4,21.8,24.6,73,0.0,0.0,0.0,0.0,4.03,8.7
2010-11-25,20.4,24.0,17.7,19.1,22.1,59,0.0,0.0,0.0,0.0,5.2,11.2
2010-11-26,19.4,22.8,16.4,18.4,21.9,58,0.0,0.0,0.0,0.0,3.58,8.2
2010-11-27,20.2,23.2,17.5,19.8,22.2,68,0.0,0.0,0.0,0.0,4.04,9.4
2010-11-28,21.5,25.4,19.0,21.8,25.6,70,0.0,0.0,0.0,0.0,4.2,8.6
2010-11-29,21.5,25.0,18.8,22.9,26.5,75,0.0,0.0,0.0,0.0,2.98,6.7
2010-11-30,21.8,25.3,18.9,22.8,26.2,73,0.0,0.0,0.0,0.0,3.29,7.3
2010-12-01,20.7,24.2,17.8,20.9,25.4,67,0.0,0.0,0.0,0.0,4.05,7.6
2010-12-02,21.5,25.7,18.1,22.2,25.8,71,0.0,0.0,0.0,0.0,4.52,8.2
2010-12-03,21.0,24.8,17.8,19.7,23.8,55,0.0,0.0,0.0,0.0,4.74,9.7
2010-12-04,20.3,23.9,18.2,19.5,23.3,61,0.0,0.0,0.0,0.0,4.2,9.0
2010-12-05,21.7,26.7,18.4,23.1,28.9,72,0.0,0.0,0.0,0.0,2.86,7.0
2010-12-06,23.2,27.5,19.6,23.9,27.6,64,0.0,0.0,0.0,0.0,3.81,10.1
2010-12-07,19.0,21.7,16.2,15.2,20.2,45,0.0,0.0,0.0,0.0,7.23,14.0
2010-12-08,16.5,20.8,13.6,12.2,16.3,32,0.0,0.0,0.0,0.0,5.39,11.4
2010-12-09,16.4,20.9,12.2,13.5,18.4,45,0.0,0.0,0.0,0.0,4.12,8.8
2010-12-10,18.9,21.3,17.1,18.2,20.5,71,0.0,0.0,0.0,0.0,4.4,10.4
2010-12-11,19.0,20.2,17.6,18.5,19.6,74,0.8,0.8,0.0,4.0,3.89,8.8
2010-12-12,20.1,21.8,18.9,19.8,21.1,81,0.0,0.0,0.0,0.0,6.96,13.5
2010-12-13,22.2,25.4,20.0,24.5,27.6,86,0.1,0.1,0.0,1.0,4.03,8.6
2010-12-14,21.2,22.3,20.2,22.1,25.3,78,0.0,0.0,0.0,0.0,4.74,9.9
2010-12-15,16.7,20.0,9.4,15.5,20.1,86,15.9,15.9,0.0,20.0,8.67,16.0
2010-12-16,7.5,8.9,6.6,1.6,3.6,68,5.3,5.3,0.0,12.0,8.91,17.7
2010-12-17,9.2,14.8,4.6,4.5,10.5,43,0.0,0.0,0.0,0.0,5.7,11.8
2010-12-18,13.2,18.3,7.2,10.8,16.5,63,0.0,0.0,0.0,0.0,3.81,10.4
2010-12-19,18.4,22.8,15.2,18.1,23.0,72,0.0,0.0,0.0,0.0,3.66,8.2
2010-12-20,19.7,23.3,16.9,20.7,24.6,76,0.0,0.0,0.0,0.0,1.91,5.5
2010-12-21,19.7,22.9,17.6,21.0,23.7,80,0.0,0.0,0.0,0.0,2.28,4.8
2010-12-22,18.9,22.9,16.7,17.7,20.9,61,0.0,0.0,0.0,0.0,4.47,10.0
2010-12-23,18.1,22.5,14.7,17.1,20.6,66,0.0,0.0,0.0,0.0,3.48,8.2
2010-12-24,18.9,22.1,16.6,18.1,20.5,70,0.0,0.0,0.0,0.0,4.72,11.0
2010-12-25,15.0,18.4,9.4,12.4,17.2,74,2.6,2.6,0.0,5.0,7.11,13.5
2010-12-26,11.7,15.9,8.7,6.8,10.6,48,0.5,0.5,0.0,2.0,7.1,14.3
2010-12-27,11.9,17.3,7.3,9.2,15.8,53,0.0,0.0,0.0,0.0,4.3,8.1
2010-12-28,14.4,20.8,9.9,12.6,18.8,61,0.0,0.0,0.0,0.0,2.56,6.2
2010-12-29,16.1,22.0,11.6,15.3,21.8,73,0.0,0.0,0.0,0.0,2.75,7.8
2010-12-30,17.1,21.6,12.9,14.5,17.7,58,0.0,0.0,0.0,0.0,5.85,11.9
2010-12-31,15.2,19.4,11.9,10.9,15.1,33,0.0,0.0,0.0,0.0,5.51,11.4
2011-01-01,14.4,18.4,10.8,10.8,15.1,46,0.0,0.0,0.0,0.0,4.95,10.8
2011-01-02,14.4,16.3,12.8,10.8,12.7,55,0.0,0.0,0.0,0.0,5.62,11.6
2011-01-03,10.9,13.8,9.5,6.7,10.0,64,0.7,0.7,0.0,7.0,6.32,12.6
2011-01-04,9.8,11.4,7.9,6.4,8.3,76,3.2,3.2,0.0,8.0,5.35,10.3
2011-01-05,13.7,17.4,10.6,11.7,16.1,71,0.0,0.0,0.0,0.0,3.77,9.4
2011-01-06,11.6,14.3,8.7,7.3,12.3,66,0.0,0.0,0.0,0.0,6.91,14.2
2011-01-07,9.7,12.8,7.4,5.0,8.3,53,0.0,0.0,0.0,0.0,6.48,12.5
2011-01-08,12.1,16.3,8.8,9.0,14.2,54,0.0,0.0,0.0,0.0,4.52,8.6
2011-01-09,13.2,17.0,11.2,9.1,12.5,51,0.0,0.0,0.0,0.0,6.61,12.6
2011-01-10,11.9,15.5,9.0,7.3,11.5,45,0.0,0.0,0.0,0.0,6.26,11.7
2011-01-11,9.0,11.8,6.3,4.0,7.6,60,1.4,1.4,0.0,8.0,6.59,13.1
2011-01-12,7.2,9.8,5.0,3.4,7.0,76,4.1,4.1,0.0,9.0,6.15,11.4
2011-01-13,12.5,16.2,10.0,10.4,14.8,68,0.0,0.0,0.0,0.0,3.36,7.3
2011-01-14,16.2,20.9,12.9,15.1,20.1,68,0.0,0.0,0.0,0.0,2.64,7.3
2011-01-15,13.2,15.7,10.1,8.4,14.2,52,0.0,0.0,0.0,0.0,7.95,16.3
2011-01-16,10.7,13.8,8.0,6.2,10.2,47,0.0,0.0,0.0,0.0,6.5,12.6
2011-01-17,12.1,15.8,8.2,8.3,12.1,49,0.0,0.0,0.0,0.0,5.25,10.9
2011-01-18,14.9,18.2,12.4,12.3,15.4,57,0.0,0.0,0.0,0.0,4.34,9.1
2011-01-19,15.7,19.4,12.1,13.5,17.4,57,0.0,0.0,0.0,0.0,4.34,9.9
2011-01-20,14.3,15.6,11.8,11.4,15.3,63,0.0,0.0,0.0,0.0,5.66,11.1
2011-01-21,12.3,16.4,9.5,8.0,12.6,53,0.0,0.0,0.0,0.0,6.23,12.8
2011-01-22,11.6,14.8,9.0,8.5,12.5,61,0.0,0.0,0.0,0.0,4.74,9.1
2011-01-23,14.3,17.9,11.8,11.4,15.1,59,0.3,0.3,0.0,3.0,5.12,10.3
2011-01-24,12.1,14.4,10.2,8.3,11.0,58,0.0,0.0,0.0,0.0,5.66,10.8
2011-01-25,13.1,16.5,10.3,10.7,14.5,64,0.0,0.0,0.0,0.0,4.05,8.9
2011-01-26,14.7,18.3,11.5,12.7,16.9,65,0.0,0.0,0.0,0.0,4.11,9.1
2011-01-27,16.0,18.8,13.5,14.6,17.6,68,0.0,0.0,0.0,0.0,3.98,9.4
2011-01-28,14.7,16.2,12.4,11.6,16.3,61,0.0,0.0,0.0,0.0,6.63,13.3
2011-01-29,11.6,15.3,8.7,6.6,11.0,48,0.0,0.0,0.0,0.0,7.06,13.9
2011-01-30,11.5,15.3,8.3,6.7,11.0,46,0.0,0.0,0.0,0.0,6.17,11.8
2011-01-31,13.0,17.1,9.0,9.3,14.2,47,0.0,0.0,0.0,0.0,5.55,10.7
2011-02-01,14.5,16.8,12.4,11.8,13.6,56,0.0,0.0,0.0,0.0,4.04,9.3
2011-02-02,14.8,18.2,11.7,12.4,16.4,52,0.0,0.0,0.0,0.0,3.55,7.8
2011-02-03,16.7,20.8,14.3,16.2,21.3,71,0.0,0.0,0.0,0.0,3.1,8.2
2011-02-04,16.6,22.3,12.7,16.7,23.5,77,0.0,0.0,0.0,0.0,2.44,5.5
2011-02-05,16.9,22.2,13.1,16.8,23.0,76,0.0,0.0,0.0,0.0,2.88,6.5
2011-02-06,17.9,23.5,14.3,17.4,23.7,68,0.0,0.0,0.0,0.0,2.63,6.3
2011-02-07,19.2,23.7,15.9,19.0,23.6,72,0.0,0.0,0.0,0.0,3.96,8.7
2011-02-08,20.0,24.2,17.1,21.0,26.1,78,0.0,0.0,0.0,0.0,2.64,6.4
2011-02-09,20.2,24.2,17.5,21.0,25.9,82,0.0,0.0,0.0,0.0,4.78,9.2
2011-02-10,19.5,22.9,17.0,19.5,24.0,76,0.0,0.0,0.0,0.0,4.87,11.1
2011-02-11,16.9,19.0,13.6,14.6,20.5,61,0.0,0.0,0.0,0.0,5.32,10.6
2011-02-12,13.9,16.4,11.5,10.9,13.7,66,0.0,0.0,0.0,0.0,5.23,11.5
2011-02-13,12.3,14.6,9.5,9.7,12.4,83,12.3,12.3,0.0,21.0,5.9,12.0
2011-02-14,10.6,13.7,7.8,6.4,9.8,62,0.6,0.6,0.0,3.0,6.61,13.0
2011-02-15,10.8,12.1,9.8,7.9,9.8,81,5.2,5.2,0.0,10.0,5.45,11.3
2011-02-16,14.8,16.4,12.4,13.8,15.8,87,1.8,1.8,0.0,7.0,4.82,11.4
2011-02-17,15.1,16.5,13.7,14.4,15.7,87,0.7,0.7,0.0,5.0,4.32,8.5
2011-02-18,13.6,15.1,12.8,11.9,13.9,80,0.6,0.6,0.0,6.0,3.7,8.2
2011-02-19,12.3,12.9,11.8,10.2,11.0,86,7.6,7.6,0.0,23.0,4.72,9.6
2011-02-20,14.2,17.1,11.9,12.1,15.8,71,0.6,0.6,0.0,3.0,4.79,9.1
2011-02-21,15.9,17.8,14.4,14.8,16.6,72,0.8,0.8,0.0,6.0,3.94,7.6
2011-02-22,17.2,19.0,16.0,16.2,17.6,71,0.9,0.9,0.0,7.0,5.32,10.9
2011-02-23,18.5,21.7,16.7,18.9,23.1,72,0.0,0.0,0.0,0.0,2.75,6.4
2011-02-24,19.3,23.9,15.9,20.3,26.8,78,0.0,0.0,0.0,0.0,3.1,6.8
2011-02-25,20.4,24.3,18.0,21.0,25.8,78,0.0,0.0,0.0,0.0,4.69,9.2
2011-02-26,20.4,23.7,18.4,20.4,24.3,74,0.0,0.0,0.0,0.0,5.22,12.3
2011-02-27,21.4,24.7,19.2,22.9,27.0,78,0.0,0.0,0.0,0.0,3.7,7.9
2011-02-28,21.0,26.2,17.0,22.5,28.8,78,0.0,0.0,0.0,0.0,3.1,7.6
2011-03-01,21.4,24.3,18.9,22.8,26.3,75,0.6,0.6,0.0,4.0,4.88,9.8
2011-03-02,18.1,22.1,15.2,16.5,21.5,60,0.0,0.0,0.0,0.0,5.2,9.8
2011-03-03,18.8,21.6,16.6,18.0,21.9,68,0.0,0.0,0.0,0.0,4.94,9.3
2011-03-04,16.4,19.8,13.9,14.0,18.4,60,0.0,0.0,0.0,0.0,5.15,11.4
2011-03-05,17.9,20.1,16.1,16.2,18.2,70,0.0,0.0,0.0,0.0,5.63,11.7
2011-03-06,20.4,23.2,18.4,21.0,23.6,78,0.8,0.8,0.0,5.0,4.6,9.3
2011-03-07,18.9,21.7,16.0,16.9,22.4,64,0.9,0.9,0.0,4.0,6.87,13.0
2011-03-08,15.9,17.7,13.4,14.1,16.2,65,0.9,0.9,0.0,2.0,5.08,10.1
2011-03-09,15.7,16.8,14.2,13.4,15.5,67,4.3,4.3,0.0,7.0,5.2,10.2
2011-03-10,16.4,18.6,13.9,14.7,17.6,67,1.4,1.4,0.0,7.0,4.21,8.5
2011-03-11,17.2,19.6,15.5,16.6,19.3,73,0.0,0.0,0.0,0.0,3.4,7.5
2011-03-12,18.7,21.2,16.8,19.6,23.2,79,0.0,0.0,0.0,0.0,2.52,6.6
2011-03-13,20.1,24.6,16.3,21.7,27.5,82,0.0,0.0,0.0,0.0,3.71,8.7
2011-03-14,22.6,27.1,19.4,24.9,30.1,76,0.0,0.0,0.0,0.0,2.28,5.3
2011-03-15,18.6,23.9,13.4,17.8,24.6,75,0.4,0.4,0.0,3.0,8.48,16.5
2011-03-16,15.0,18.5,12.1,10.3,14.2,44,0.0,0.0,0.0,0.0,7.35,14.3
2011-03-17,16.5,18.8,14.1,13.1,16.6,43,2.5,2.5,0.0,3.0,5.02,10.8
2011-03-18,15.3,15.9,14.1,13.5,14.8,77,5.2,5.2,0.0,11.0,5.03,11.5
2011-03-19,17.7,19.5,15.0,18.1,21.7,90,4.7,4.7,0.0,17.0,5.08,9.6
2011-03-20,20.9,23.5,18.8,23.6,26.4,92,2.6,2.6,0.0,11.0,3.42,7.0
2011-03-21,23.1,26.4,20.8,26.2,29.3,87,0.0,0.0,0.0,0.0,3.95,8.2
2011-03-22,18.8,21.9,14.5,17.7,25.9,73,0.0,0.0,0.0,0.0,6.45,12.6
2011-03-23,15.5,17.9,13.2,13.0,16.3,63,0.0,0.0,0.0,0.0,5.54,11.4
2011-03-24,16.7,19.8,14.8,14.6,18.9,63,0.0,0.0,0.0,0.0,5.19,10.7
2011-03-25,17.5,20.9,14.3,15.6,20.6,54,0.0,0.0,0.0,0.0,5.03,10.7
2011-03-26,18.5,21.4,16.7,16.9,20.3,56,0.0,0.0,0.0,0.0,4.21,10.3
2011-03-27,15.2,16.7,13.8,12.7,14.5,62,0.0,0.0,0.0,0.0,4.27,9.6
2011-03-28,17.7,22.4,14.3,15.7,20.8,52,0.0,0.0,0.0,0.0,4.26,10.7
2011-03-29,19.1,23.0,15.4,17.4,20.2,52,0.0,0.0,0.0,0.0,3.75,9.4
2011-03-30,19.0,21.0,17.7,17.1,18.1,50,0.0,0.0,0.0,0.0,4.13,9.3
2011-03-31,19.6,23.5,17.0,18.2,22.2,58,0.4,0.4,0.0,2.0,3.9,9.7
2011-04-01,21.1,25.4,17.1,21.6,27.3,69,0.0,0.0,0.0,0.0,3.44,7.7
2011-04-02,22.0,27.1,18.3,23.6,30.3,76,0.0,0.0,0.0,0.0,4.12,8.5
2011-04-03,22.4,27.3,18.7,24.6,30.2,77,0.0,0.0,0.0,0.0,3.54,7.2
2011-04-04,19.9,21.5,18.7,19.1,24.2,66,0.0,0.0,0.0,0.0,4.94,9.8
2011-04-05,19.3,22.0,17.7,18.6,22.5,68,0.0,0.0,0.0,0.0,4.56,10.0
2011-04-06,20.3,23.6,18.1,19.5,23.7,65,0.0,0.0,0.0,0.0,5.14,12.0
2011-04-07,22.3,26.6,19.9,23.8,28.9,72,0.0,0.0,0.0,0.0,2.7,7.9
2011-04-08,23.0,27.8,19.4,25.3,30.3,74,0.0,0.0,0.0,0.0,2.8,6.5
2011-04-09,23.1,26.9,21.0,24.8,30.1,72,0.0,0.0,0.0,0.0,3.92,9.6
2011-04-10,23.6,28.2,20.5,26.1,31.7,75,0.0,0.0,0.0,0.0,3.45,7.4
2011-04-11,24.3,30.3,19.6,26.8,34.2,74,0.0,0.0,0.0,0.0,5.16,9.7
2011-04-12,22.6,25.0,20.9,23.1,26.7,72,0.0,0.0,0.0,0.0,5.77,11.3
2011-04-13,23.6,27.9,21.1,25.2,31.1,70,0.0,0.0,0.0,0.0,4.54,9.2
2011-04-14,23.4,27.3,20.1,25.9,30.1,78,0.0,0.0,0.0,0.0,4.31,9.2
2011-04-15,24.0,27.6,20.7,26.7,30.3,78,0.0,0.0,0.0,0.0,4.16,8.7
2011-04-16,25.0,28.3,22.4,28.3,31.6,82,0.0,0.0,0.0,0.0,5.33,10.9
2011-04-17,24.8,27.7,23.3,28.9,31.1,89,19.5,19.5,0.0,19.0,5.24,12.3
2011-04-18,23.7,27.1,21.4,25.5,29.4,74,1.0,1.0,0.0,3.0,3.91,9.3
2011-04-19,23.5,27.8,20.5,24.8,30.0,68,0.0,0.0,0.0,0.0,4.58,9.6
2011-04-20,22.6,25.3,20.4,22.9,26.3,73,0.0,0.0,0.0,0.0,6.24,13.8
2011-04-21,23.6,26.4,21.0,24.9,28.4,73,0.0,0.0,0.0,0.0,5.38,11.3
2011-04-22,24.5,28.0,22.0,27.4,31.5,76,0.9,0.9,0.0,3.0,3.81,7.8
2011-04-23,22.0,22.9,21.2,22.6,23.9,73,1.1,1.1,0.0,4.0,4.92,10.1
2011-04-24,23.3,28.5,18.9,23.4,28.6,54,0.0,0.0,0.0,0.0,2.33,7.1
2011-04-25,23.6,28.8,18.6,25.6,32.3,70,0.0,0.0,0.0,0.0,3.81,7.8
2011-04-26,24.4,28.4,20.2,26.1,30.2,67,0.0,0.0,0.0,0.0,4.18,8.4
2011-04-27,25.9,30.3,23.1,29.4,35.4,78,0.0,0.0,0.0,0.0,4.36,8.9
2011-04-28,25.1,27.6,23.7,29.1,31.2,86,0.4,0.4,0.0,3.0,4.07,8.6
2011-04-29,23.5,24.1,23.0,26.5,27.4,91,16.6,16.6,0.0,20.0,4.86,9.5
2011-04-30,24.9,26.6,23.4,28.7,31.0,87,0.0,0.0,0.0,0.0,3.89,9.0
2011-05-01,25.8,28.4,24.2,30.3,32.6,87,0.6,0.6,0.0,3.0,4.0,7.9
2011-05-02,26.5,29.5,24.6,30.8,33.8,85,0.6,0.6,0.0,3.0,5.6,11.0
2011-05-03,26.2,29.4,23.9,30.4,32.8,84,2.0,2.0,0.0,5.0,4.3,8.7
2011-05-04,23.6,26.1,22.3,26.6,29.0,83,0.3,0.3,0.0,3.0,3.47,6.9
2011-05-05,24.5,27.7,22.0,28.1,32.0,82,1.2,1.2,0.0,4.0,2.84,7.5
2011-05-06,26.3,29.2,23.8,30.3,33.4,83,0.3,0.3,0.0,3.0,5.18,10.3
2011-05-07,26.9,29.1,25.2,30.8,33.0,82,0.1,0.1,0.0,1.0,4.91,10.0
2011-05-08,27.3,30.1,25.3,30.8,34.0,78,0.0,0.0,0.0,0.0,5.11,10.6
2011-05-09,27.9,30.9,25.4,32.3,36.5,79,0.2,0.2,0.0,2.0,4.3,9.3
2011-05-10,28.5,31.7,25.9,32.8,35.9,76,0.0,0.0,0.0,0.0,4.92,10.6
2011-05-11,29.4,32.9,27.3,35.0,38.9,79,0.9,0.9,0.0,6.0,4.85,11.1
2011-05-12,29.0,32.3,26.5,35.0,38.7,82,12.7,12.7,0.0,20.0,4.2,10.2
2011-05-13,25.9,27.2,24.6,31.2,32.9,90,15.0,15.0,0.0,19.0,3.33,8.3
2011-05-14,25.3,27.8,24.0,29.1,31.8,86,12.8,12.8,0.0,21.0,4.29,7.3
2011-05-15,25.6,27.8,23.8,29.6,31.8,88,9.9,9.9,0.0,22.0,4.44,8.3
2011-05-16,25.3,27.2,23.8,30.3,32.5,91,25.4,25.4,0.0,19.0,3.22,8.6
2011-05-17,24.0,25.8,22.7,26.6,28.9,81,2.5,2.5,0.0,13.0,3.78,8.6
2011-05-18,25.2,28.5,23.0,27.2,30.7,66,0.0,0.0,0.0,0.0,4.34,9.3
2011-05-19,26.0,30.0,22.5,29.2,33.9,73,0.0,0.0,0.0,0.0,2.97,6.7
2011-05-20,26.9,30.2,23.6,31.4,35.2,78,1.0,1.0,0.0,6.0,2.55,6.9
2011-05-21,26.2,28.6,24.9,30.9,32.7,88,17.2,17.2,0.0,13.0,3.86,8.8
2011-05-22,25.6,26.8,24.3,30.3,31.1,91,18.3,18.3,0.0,16.0,4.59,9.9
2011-05-23,24.4,26.3,22.5,27.0,29.2,81,21.1,21.1,0.0,11.0,5.01,10.1
2011-05-24,22.4,24.5,20.2,23.2,26.3,73,0.2,0.2,0.0,1.0,5.0,9.0
2011-05-25,23.4,26.2,21.0,24.9,28.9,73,0.1,0.1,0.0,1.0,4.24,8.5
2011-05-26,25.6,29.2,22.8,28.1,33.3,66,0.0,0.0,0.0,0.0,4.06,8.0
2011-05-27,27.1,30.2,24.1,30.6,34.7,68,0.0,0.0,0.0,0.0,2.73,6.2
2011-05-28,27.6,31.7,23.9,31.2,35.2,66,0.0,0.0,0.0,0.0,3.08,7.5
2011-05-29,26.9,30.3,23.8,30.7,35.3,75,1.3,1.3,0.0,6.0,5.16,10.3
2011-05-30,26.3,29.4,24.1,29.0,33.1,68,0.0,0.0,0.0,0.0,3.85,9.4
2011-05-31,26.6,31.9,21.8,29.8,36.7,66,0.0,0.0,0.0,0.0,3.48,7.1
2011-06-01,28.3,32.8,24.7,32.9,39.0,70,0.0,0.0,0.0,0.0,2.89,6.3
2011-06-02,28.4,31.1,26.3,33.5,36.7,79,0.3,0.3,0.0,2.0,3.42,7.2
2011-06-03,28.5,31.2,26.6,33.0,35.8,76,0.0,0.0,0.0,0.0,4.81,10.1
2011-06-04,28.6,30.8,26.6,33.2,35.4,80,2.0,2.0,0.0,7.0,5.67,12.6
2011-06-05,29.3,32.3,27.2,34.4,37.2,79,0.4,0.4,0.0,3.0,5.33,12.1
2011-06-06,29.1,31.3,27.3,34.3,36.8,80,0.6,0.6,0.0,5.0,5.49,11.4
2011-06-07,29.2,31.7,27.4,34.3,37.3,79,0.4,0.4,0.0,4.0,5.32,11.9
2011-06-08,28.9,31.1,27.3,34.3,37.7,82,0.7,0.7,0.0,6.0,5.77,11.0
2011-06-09,29.8,32.5,27.3,35.0,38.2,77,2.3,2.3,0.0,6.0,5.1,10.4
2011-06-10,29.9,33.3,27.0,35.5,39.3,74,0.0,0.0,0.0,0.0,3.79,8.1
2011-06-11,28.8,31.6,27.1,34.3,37.7,81,3.2,3.2,0.0,8.0,5.02,10.9
2011-06-12,27.6,28.9,26.1,33.0,34.4,86,16.5,16.5,0.0,14.0,3.98,9.7
2011-06-13,28.6,31.2,26.7,34.2,37.3,83,4.6,4.6,0.0,12.0,5.01,9.5
2011-06-14,28.9,30.9,27.2,34.2,36.7,82,7.3,7.3,0.0,15.0,5.39,11.3
2011-06-15,29.0,30.9,27.3,34.0,36.0,82,2.4,2.4,0.0,9.0,6.33,12.8
2011-06-16,27.4,28.3,26.1,32.2,33.9,87,8.7,8.7,0.0,11.0,4.88,9.1
2011-06-17,27.8,29.4,26.2,33.0,34.6,88,22.0,22.0,0.0,16.0,4.89,9.4
2011-06-18,28.8,30.9,27.0,34.0,37.6,83,2.1,2.1,0.0,11.0,5.39,11.6
2011-06-19,29.2,31.6,26.8,35.1,38.8,81,0.3,0.3,0.0,2.0,3.68,7.7
2011-06-20,29.8,32.5,27.1,35.9,40.4,78,0.6,0.6,0.0,3.0,3.18,7.5
2011-06-21,29.1,31.8,27.3,34.1,36.9,79,6.2,6.2,0.0,6.0,5.28,12.6
2011-06-22,27.3,28.4,26.7,30.1,31.3,86,22.1,22.1,0.0,21.0,9.49,19.5
2011-06-23,28.1,29.6,27.1,30.9,33.5,84,7.3,7.3,0.0,17.0,9.46,20.9
2011-06-24,28.9,31.4,26.8,34.0,37.2,80,0.3,0.3,0.0,3.0,5.55,11.0
2011-06-25,28.7,31.3,26.1,34.7,38.7,83,4.1,4.1,0.0,11.0,5.5,10.4
2011-06-26,27.8,30.1,26.4,34.0,35.7,87,14.4,14.4,0.0,19.0,3.41,8.0
2011-06-27,29.2,32.1,27.1,35.8,39.2,84,4.0,4.0,0.0,16.0,4.73,8.9
2011-06-28,27.2,28.3,26.3,32.5,34.7,89,20.1,20.1,0.0,19.0,4.96,11.8
2011-06-29,26.6,27.5,26.0,31.2,32.3,92,47.4,47.4,0.0,24.0,5.46,13.3
2011-06-30,27.0,28.5,25.5,31.4,33.2,90,44.5,44.5,0.0,23.0,5.73,11.7
2011-07-01,28.3,30.5,26.6,33.6,36.8,86,3.1,3.1,0.0,10.0,5.05,10.0
2011-07-02,29.0,31.4,26.8,34.4,37.3,81,0.9,0.9,0.0,6.0,4.41,10.5
2011-07-03,29.3,31.5,27.1,34.8,37.8,80,0.3,0.3,0.0,3.0,4.08,9.1
2011-07-04,29.6,32.4,27.2,35.8,39.7,79,0.9,0.9,0.0,6.0,3.49,7.1
2011-07-05,29.8,32.4,27.4,35.6,39.3,77,1.3,1.3,0.0,6.0,3.7,7.9
2011-07-06,29.8,32.4,27.8,34.9,39.1,75,0.2,0.2,0.0,2.0,4.4,8.9
2011-07-07,30.0,32.6,27.8,35.1,38.8,73,0.2,0.2,0.0,2.0,4.07,8.3
2011-07-08,30.3,33.3,28.2,36.2,40.1,76,0.0,0.0,0.0,0.0,3.52,8.5
2011-07-09,29.5,32.3,27.6,35.9,39.8,82,1.6,1.6,0.0,3.0,3.61,7.3
2011-07-10,29.4,32.8,26.9,35.9,40.0,81,2.4,2.4,0.0,6.0,2.75,5.6
2011-07-11,28.3,31.0,26.6,35.1,37.9,86,38.0,38.0,0.0,20.0,2.21,6.2
2011-07-12,27.5,29.6,26.2,33.8,36.1,89,11.2,11.2,0.0,18.0,2.6,5.4
2011-07-13,28.2,31.1,26.4,33.5,36.9,86,11.9,11.9,0.0,19.0,4.72,9.7
2011-07-14,27.8,30.1,26.6,33.6,37.0,86,23.6,23.6,0.0,22.0,4.0,8.3
2011-07-15,27.1,28.9,26.0,32.9,35.1,90,15.5,15.5,0.0,23.0,3.69,7.2
2011-07-16,27.1,28.5,26.0,31.7,33.2,90,24.1,24.1,0.0,24.0,5.81,12.9
2011-07-17,28.0,29.7,26.8,33.8,35.9,88,9.4,9.4,0.0,15.0,3.98,8.3
2011-07-18,27.9,31.2,26.6,33.9,38.0,88,12.7,12.7,0.0,12.0,5.06,9.4
2011-07-19,27.1,28.6,25.9,32.6,33.7,90,23.1,23.1,0.0,20.0,4.66,9.2
2011-07-20,27.3,29.1,25.8,32.9,34.3,90,17.5,17.5,0.0,17.0,5.23,10.3
2011-07-21,28.4,30.8,26.4,34.2,37.1,85,4.4,4.4,0.0,8.0,4.04,8.8
2011-07-22,29.0,31.2,26.9,35.0,38.3,84,3.3,3.3,0.0,10.0,4.08,9.5
2011-07-23,29.5,32.1,27.1,35.6,39.0,79,1.0,1.0,0.0,7.0,3.3,6.8
2011-07-24,29.9,33.3,26.9,36.4,39.9,78,0.0,0.0,0.0,0.0,2.36,5.7
2011-07-25,30.4,33.9,27.8,37.1,41.6,79,0.1,0.1,0.0,1.0,3.1,6.8
2011-07-26,30.0,32.5,28.0,35.7,38.9,77,1.1,1.1,0.0,6.0,3.67,7.3
2011-07-27,30.1,33.1,27.7,36.0,40.1,76,0.3,0.3,0.0,2.0,3.33,8.7
2011-07-28,29.5,33.9,26.6,34.8,39.9,76,2.2,2.2,0.0,4.0,5.75,11.9
2011-07-29,28.2,30.0,26.4,31.6,33.8,84,11.4,11.4,0.0,20.0,8.6,17.6
2011-07-30,27.9,30.5,26.3,32.8,37.2,85,6.1,6.1,0.0,10.0,5.17,11.5
2011-07-31,28.3,31.1,26.1,34.1,37.7,82,4.2,4.2,0.0,7.0,3.16,7.0
2011-08-01,29.1,32.6,26.0,36.0,42.6,81,0.6,0.6,0.0,5.0,2.38,4.9
2011-08-02,29.5,32.9,26.6,35.8,40.0,79,0.0,0.0,0.0,0.0,2.95,5.9
2011-08-03,29.8,33.2,26.9,35.6,39.7,76,0.0,0.0,0.0,0.0,3.27,6.6
2011-08-04,29.9,33.7,27.1,36.1,41.6,76,0.0,0.0,0.0,0.0,3.14,6.5
2011-08-05,30.1,33.5,27.7,36.6,41.1,76,0.0,0.0,0.0,0.0,3.1,6.4
2011-08-06,30.3,33.5,27.5,36.6,40.8,75,0.0,0.0,0.0,0.0,3.09,6.4
2011-08-07,30.3,33.6,28.0,36.9,40.6,79,0.9,0.9,0.0,5.0,3.91,7.9
2011-08-08,29.2,31.8,27.7,35.5,39.3,83,10.5,10.5,0.0,12.0,3.4,7.8
2011-08-09,27.5,28.5,26.4,33.5,34.9,88,15.4,15.4,0.0,18.0,3.19,7.1
2011-08-10,27.2,28.2,26.2,32.1,33.4,88,15.9,15.9,0.0,18.0,5.3,11.3
2011-08-11,28.3,30.7,26.3,33.7,36.6,85,6.7,6.7,0.0,17.0,5.04,10.3
2011-08-12,29.4,31.9,27.1,35.5,38.7,81,2.0,2.0,0.0,8.0,4.05,8.5
2011-08-13,29.7,32.3,27.4,35.4,38.5,77,1.1,1.1,0.0,6.0,3.85,8.3
2011-08-14,29.9,32.8,27.4,35.7,39.7,76,0.1,0.1,0.0,1.0,3.92,7.8
2011-08-15,29.9,32.5,27.6,36.0,40.2,78,0.1,0.1,0.0,1.0,3.71,7.8
2011-08-16,29.8,32.6,27.1,35.9,40.9,77,1.0,1.0,0.0,6.0,2.73,6.5
2011-08-17,29.0,31.5,26.4,34.5,37.1,79,3.8,3.8,0.0,14.0,5.46,10.7
2011-08-18,29.2,32.2,26.7,34.7,37.3,77,5.2,5.2,0.0,7.0,3.79,8.9
2011-08-19,29.4,32.2,27.0,35.2,37.9,78,0.8,0.8,0.0,5.0,2.77,7.7
2011-08-20,29.1,31.9,26.3,35.0,38.7,78,1.0,1.0,0.0,6.0,2.42,7.9
2011-08-21,29.0,32.1,26.9,35.6,40.4,81,7.1,7.1,0.0,11.0,2.21,7.8
2011-08-22,29.4,31.9,26.6,36.1,39.4,82,3.0,3.0,0.0,12.0,3.11,6.6
2011-08-23,29.8,32.4,27.5,36.3,40.0,80,2.4,2.4,0.0,5.0,3.85,7.5
2011-08-24,29.4,31.6,27.9,35.8,39.2,80,3.3,3.3,0.0,11.0,2.6,6.3
2011-08-25,28.7,32.2,26.7,35.2,40.6,80,4.8,4.8,0.0,9.0,1.84,6.2
2011-08-26,29.2,32.4,26.3,35.3,39.5,78,1.9,1.9,0.0,5.0,3.2,8.0
2011-08-27,30.1,33.3,27.2,35.7,39.3,73,0.0,0.0,0.0,0.0,3.58,8.1
2011-08-28,30.5,33.4,27.6,36.1,39.4,71,0.0,0.0,0.0,0.0,3.69,8.2
2011-08-29,31.1,34.3,28.6,36.0,39.2,68,0.0,0.0,0.0,0.0,4.33,10.3
2011-08-30,31.5,34.9,28.8,36.5,39.4,67,0.0,0.0,0.0,0.0,4.59,11.5
2011-08-31,30.8,34.5,28.4,35.3,38.7,65,0.7,0.7,0.0,3.0,4.69,10.6
2011-09-01,28.4,30.0,27.2,32.9,33.9,75,2.5,2.5,0.0,6.0,3.36,9.4
2011-09-02,28.4,30.9,26.6,34.1,36.0,82,2.9,2.9,0.0,10.0,3.22,7.5
2011-09-03,28.3,30.3,26.6,34.0,36.0,85,3.6,3.6,0.0,12.0,3.4,7.2
2011-09-04,28.7,32.3,26.5,35.3,40.4,82,13.5,13.5,0.0,10.0,1.97,5.4
2011-09-05,28.9,32.1,26.4,35.1,39.5,81,3.0,3.0,0.0,8.0,3.06,6.8
2011-09-06,28.9,31.3,26.5,34.6,37.6,80,1.5,1.5,0.0,6.0,3.56,6.8
2011-09-07,29.4,32.0,27.4,34.8,38.5,77,0.0,0.0,0.0,0.0,3.56,7.8
2011-09-08,29.3,31.6,27.3,34.7,37.7,78,2.3,2.3,0.0,5.0,4.25,8.8
2011-09-09,29.7,32.3,27.4,34.3,37.0,74,0.4,0.4,0.0,3.0,4.57,11.2
2011-09-10,29.5,32.3,27.3,34.0,37.9,74,0.8,0.8,0.0,4.0,5.02,10.4
2011-09-11,28.6,31.0,26.9,33.0,35.8,79,1.7,1.7,0.0,9.0,5.71,11.7
2011-09-12,28.7,31.4,26.8,33.2,36.8,79,0.1,0.1,0.0,1.0,4.73,10.9
2011-09-13,29.1,32.1,26.6,34.2,37.5,74,0.0,0.0,0.0,0.0,3.58,8.8
2011-09-14,29.2,32.5,26.2,34.2,38.0,71,0.0,0.0,0.0,0.0,3.0,6.2
2011-09-15,29.0,32.2,26.2,34.2,37.3,75,2.5,2.5,0.0,4.0,3.58,7.9
2011-09-16,28.9,32.4,26.8,34.1,38.6,78,1.4,1.4,0.0,7.0,3.62,7.8
2011-09-17,29.1,32.4,26.3,34.2,38.4,77,4.8,4.8,0.0,10.0,3.83,7.9
2011-09-18,29.2,32.5,26.9,33.5,37.3,74,0.1,0.1,0.0,1.0,5.22,11.0
2011-09-19,28.6,32.2,26.1,33.6,38.2,76,9.6,9.6,0.0,8.0,4.27,8.2
2011-09-20,25.4,27.1,23.6,26.7,29.9,69,1.0,1.0,0.0,4.0,5.13,10.2
2011-09-21,25.3,27.3,22.5,25.9,29.9,62,0.0,0.0,0.0,0.0,5.2,10.6
2011-09-22,25.7,29.0,22.3,27.0,31.0,64,0.0,0.0,0.0,0.0,5.42,10.7
2011-09-23,25.7,27.5,24.3,27.4,29.5,70,0.4,0.4,0.0,2.0,5.17,11.5
2011-09-24,25.4,26.7,24.0,26.8,29.6,70,3.8,3.8,0.0,5.0,6.05,12.2
2011-09-25,24.9,26.6,23.3,26.6,29.1,77,10.8,10.8,0.0,20.0,5.66,13.9
2011-09-26,27.0,30.5,24.6,30.6,34.4,79,4.1,4.1,0.0,7.0,5.04,10.8
2011-09-27,28.2,31.7,26.0,33.2,36.8,76,0.0,0.0,0.0,0.0,2.75,8.7
2011-09-28,28.6,32.1,25.6,31.7,35.1,73,3.3,3.3,0.0,5.0,8.92,18.3
2011-09-29,27.1,28.0,26.1,28.6,30.4,87,33.9,33.9,0.0,22.0,11.91,24.7
2011-09-30,27.6,29.4,26.5,31.7,34.3,86,13.5,13.5,0.0,18.0,6.68,14.1
2011-10-01,27.1,29.0,25.9,30.5,32.1,81,10.3,10.3,0.0,9.0,6.04,12.9
2011-10-02,25.6,27.7,24.3,28.6,30.3,80,7.5,7.5,0.0,10.0,5.68,12.3
2011-10-03,23.4,25.7,21.5,22.8,25.1,74,10.0,10.0,0.0,16.0,8.55,17.9
2011-10-04,23.1,25.0,21.3,23.6,27.8,73,0.0,0.0,0.0,0.0,6.4,13.4
2011-10-05,23.7,26.1,21.1,25.1,28.8,74,0.0,0.0,0.0,0.0,5.08,10.5
2011-10-06,24.3,26.0,22.0,26.6,29.2,79,4.1,4.1,0.0,14.0,4.1,9.8
2011-10-07,25.3,27.3,23.7,28.4,30.3,79,0.6,0.6,0.0,2.0,3.94,9.1
2011-10-08,25.9,28.7,24.3,29.6,33.3,77,0.0,0.0,0.0,0.0,2.88,7.8
2011-10-09,26.5,29.5,24.1,30.2,33.8,76,0.2,0.2,0.0,1.0,3.7,10.2
2011-10-10,26.3,28.6,24.9,29.7,31.2,81,13.1,13.1,0.0,14.0,5.22,11.3
2011-10-11,25.4,27.3,24.3,28.7,30.8,88,11.9,11.9,0.0,24.0,5.15,11.7
2011-10-12,25.3,26.6,24.5,29.3,30.7,92,38.5,38.5,0.0,19.0,4.83,9.7
2011-10-13,25.6,27.4,24.8,30.1,31.7,90,20.9,20.9,0.0,18.0,3.26,7.5
2011-10-14,25.2,28.2,23.3,29.3,32.1,87,12.0,12.0,0.0,14.0,3.41,8.8
2011-10-15,24.7,28.1,22.4,26.6,29.8,73,0.8,0.8,0.0,5.0,5.0,9.5
2011-10-16,25.0,28.6,22.1,26.1,30.1,62,0.0,0.0,0.0,0.0,3.99,9.0
2011-10-17,24.8,28.7,21.9,26.1,29.4,62,0.0,0.0,0.0,0.0,3.64,8.2
2011-10-18,24.4,27.6,21.8,25.9,29.4,65,0.0,0.0,0.0,0.0,3.31,7.6
2011-10-19,24.2,26.9,22.5,25.6,28.8,68,0.0,0.0,0.0,0.0,3.42,8.6
2011-10-20,24.0,27.7,21.1,26.2,30.1,71,0.0,0.0,0.0,0.0,2.86,6.7
2011-10-21,24.6,28.6,21.4,27.2,31.2,72,0.0,0.0,0.0,0.0,2.83,6.5
2011-10-22,24.8,28.4,22.2,27.8,31.7,77,0.0,0.0,0.0,0.0,3.62,7.8
2011-10-23,25.1,27.9,23.4,28.0,31.1,78,0.0,0.0,0.0,0.0,4.11,9.0
2011-10-24,25.6,29.6,22.6,29.9,33.6,80,0.0,0.0,0.0,0.0,1.94,4.6
2011-10-25,24.3,26.4,21.9,25.6,29.0,73,0.1,0.1,0.0,1.0,5.39,11.4
2011-10-26,22.9,25.5,20.6,24.2,27.0,72,0.0,0.0,0.0,0.0,4.17,9.7
2011-10-27,23.9,26.5,22.3,25.7,28.1,72,0.0,0.0,0.0,0.0,3.9,9.1
2011-10-28,24.1,27.0,22.3,25.9,28.7,71,0.0,0.0,0.0,0.0,3.41,8.4
2011-10-29,23.8,26.9,20.9,25.1,28.9,68,0.0,0.0,0.0,0.0,3.72,8.4
2011-10-30,23.6,26.9,21.2,24.9,28.0,69,0.0,0.0,0.0,0.0,4.02,8.7
2011-10-31,24.3,27.6,22.1,26.3,29.3,72,0.0,0.0,0.0,0.0,4.27,10.1
2011-11-01,24.4,28.1,22.0,26.8,30.1,73,0.0,0.0,0.0,0.0,3.45,7.8
2011-11-02,25.3,29.1,22.3,28.1,31.0,72,0.0,0.0,0.0,0.0,3.13,7.9
2011-11-03,25.8,28.5,23.5,29.1,31.4,76,0.2,0.2,0.0,1.0,3.42,7.9
2011-11-04,26.7,29.5,24.7,30.7,32.9,77,0.5,0.5,0.0,1.0,2.82,9.4
2011-11-05,26.7,30.3,24.1,31.0,34.7,78,0.0,0.0,0.0,0.0,2.66,7.3
2011-11-06,26.9,29.9,25.7,30.4,33.7,75,1.1,1.1,0.0,1.0,4.27,10.3
2011-11-07,25.5,27.9,24.3,28.2,29.9,80,12.6,12.6,0.0,12.0,6.55,14.8
2011-11-08,23.0,24.5,21.4,25.3,27.0,90,22.5,22.5,0.0,21.0,5.7,12.4
2011-11-09,19.2,21.1,18.1,18.5,22.3,90,32.5,32.5,0.0,23.0,7.6,14.7
2011-11-10,19.1,21.2,17.3,17.6,19.9,72,0.2,0.2,0.0,2.0,6.9,13.6
2011-11-11,19.9,22.6,17.6,19.2,22.7,68,0.0,0.0,0.0,0.0,5.03,9.5
2011-11-12,21.5,25.4,18.5,23.0,27.3,73,0.0,0.0,0.0,0.0,2.12,5.6
2011-11-13,22.5,26.8,19.0,24.7,28.4,78,0.0,0.0,0.0,0.0,3.09,7.3
2011-11-14,23.3,26.2,21.2,25.5,27.8,76,0.0,0.0,0.0,0.0,3.19,7.7
2011-11-15,24.1,27.4,22.0,26.2,29.7,74,0.0,0.0,0.0,0.0,3.71,8.2
2011-11-16,23.9,26.7,21.6,26.1,28.9,77,0.0,0.0,0.0,0.0,3.63,8.4
2011-11-17,23.2,24.0,22.7,26.0,26.8,87,9.1,9.1,0.0,17.0,4.05,9.1
2011-11-18,24.0,25.8,22.7,28.8,31.5,95,6.8,6.8,0.0,20.0,3.28,8.4
2011-11-19,25.2,27.9,23.8,28.9,30.6,84,3.1,3.1,0.0,8.0,4.49,10.1
2011-11-20,23.0,25.6,20.9,23.4,25.8,68,0.0,0.0,0.0,0.0,5.41,11.1
2011-11-21,21.7,23.0,20.6,21.4,23.9,66,0.0,0.0,0.0,0.0,4.94,11.9
2011-11-22,21.8,24.2,20.1,22.3,24.3,68,0.0,0.0,0.0,0.0,3.14,9.0
2011-11-23,22.0,24.6,20.3,21.3,23.0,60,0.0,0.0,0.0,0.0,5.06,9.9
2011-11-24,20.7,23.5,18.0,19.6,22.5,59,0.0,0.0,0.0,0.0,5.0,10.5
2011-11-25,20.3,22.0,18.9,20.1,21.6,68,0.4,0.4,0.0,2.0,3.98,9.5
2011-11-26,20.5,22.0,19.0,20.5,21.8,71,2.5,2.5,0.0,8.0,4.65,9.5
2011-11-27,21.2,26.0,17.6,22.3,27.1,73,0.0,0.0,0.0,0.0,2.61,7.3
2011-11-28,21.2,25.6,18.1,23.2,28.0,83,0.0,0.0,0.0,0.0,2.2,6.0
2011-11-29,22.2,26.1,19.6,24.5,28.3,82,0.0,0.0,0.0,0.0,2.55,6.9
2011-11-30,22.7,27.0,19.8,25.0,28.5,79,0.0,0.0,0.0,0.0,4.39,11.7
2011-12-01,17.3,20.7,12.8,14.1,20.3,64,0.0,0.0,0.0,0.0,7.2,14.4
2011-12-02,13.5,17.0,11.5,9.8,13.9,61,0.0,0.0,0.0,0.0,6.6,13.1
2011-12-03,13.8,19.2,9.4,10.5,15.7,53,0.0,0.0,0.0,0.0,5.32,10.3
2011-12-04,16.9,21.0,13.0,15.0,19.2,59,0.0,0.0,0.0,0.0,4.18,10.3
2011-12-05,18.9,19.9,17.3,18.1,20.1,70,0.0,0.0,0.0,0.0,4.48,9.7
2011-12-06,20.7,22.9,18.5,21.1,23.4,72,0.7,0.7,0.0,1.0,3.86,8.6
2011-12-07,22.4,25.5,20.4,23.2,26.7,71,0.0,0.0,0.0,0.0,3.99,9.7
2011-12-08,18.5,21.0,13.8,15.4,20.5,63,0.0,0.0,0.0,0.0,7.57,14.9
2011-12-09,13.6,15.0,12.6,9.0,10.3,56,0.0,0.0,0.0,0.0,7.5,14.4
2011-12-10,12.6,16.1,10.2,6.9,10.5,40,0.0,0.0,0.0,0.0,7.4,14.7
2011-12-11,12.2,16.6,8.6,7.0,11.7,34,0.0,0.0,0.0,0.0,6.77,13.5
2011-12-12,14.3,19.5,9.8,10.3,15.5,41,0.0,0.0,0.0,0.0,5.04,10.8
2011-12-13,16.1,21.2,11.6,13.6,19.0,47,0.0,0.0,0.0,0.0,3.52,8.4
2011-12-14,18.0,20.1,16.0,16.2,18.6,53,0.0,0.0,0.0,0.0,3.49,7.0
2011-12-15,18.4,21.9,16.2,15.2,18.6,46,0.0,0.0,0.0,0.0,5.44,10.8
2011-12-16,15.5,17.0,13.5,11.5,14.0,50,0.0,0.0,0.0,0.0,6.67,12.6
2011-12-17,15.1,18.4,12.9,12.0,15.4,51,0.0,0.0,0.0,0.0,5.59,10.6
2011-12-18,16.0,20.2,12.5,13.4,17.1,54,0.0,0.0,0.0,0.0,4.1,9.3
2011-12-19,15.6,19.8,12.0,13.2,17.5,56,0.0,0.0,0.0,0.0,4.13,9.4
2011-12-20,17.6,20.0,15.7,16.4,18.7,63,0.0,0.0,0.0,0.0,4.14,8.1
2011-12-21,19.3,22.4,17.5,18.0,21.0,58,0.0,0.0,0.0,0.0,4.12,8.6
2011-12-22,17.0,20.2,14.2,13.9,17.2,52,0.0,0.0,0.0,0.0,5.68,11.7
2011-12-23,13.9,17.3,10.8,10.2,14.8,58,0.0,0.0,0.0,0.0,6.32,12.0
2011-12-24,12.9,16.1,10.3,7.3,10.5,31,0.0,0.0,0.0,0.0,6.67,13.7
2011-12-25,12.8,16.6,8.6,8.4,12.3,37,0.0,0.0,0.0,0.0,5.19,10.7
2011-12-26,15.4,18.3,13.1,12.3,15.0,48,0.0,0.0,0.0,0.0,4.39,10.5
2011-12-27,16.5,20.4,13.6,15.0,18.7,67,0.0,0.0,0.0,0.0,4.34,9.6
2011-12-28,17.7,22.4,14.0,17.5,22.3,73,0.0,0.0,0.0,0.0,2.44,7.4
2011-12-29,18.1,22.2,15.2,18.0,21.3,77,0.0,0.0,0.0,0.0,3.26,8.2
2011-12-30,16.7,18.9,14.8,14.9,17.6,67,0.0,0.0,0.0,0.0,5.06,10.2
2011-12-31,16.8,20.7,14.2,15.4,19.6,66,0.0,0.0,0.0,0.0,4.25,8.2
2012-01-01,16.4,19.4,14.1,14.8,17.6,65,0.0,0.0,0.0,0.0,3.77,8.3
2012-01-02,16.6,19.4,14.9,15.5,17.7,72,0.0,0.0,0.0,0.0,3.74,8.4
2012-01-03,16.8,19.4,14.2,15.2,17.9,68,0.0,0.0,0.0,0.0,5.73,11.1
2012-01-04,11.9,14.3,9.3,7.5,10.3,59,0.0,0.0,0.0,0.0,6.53,13.0
2012-01-05,9.3,10.6,8.3,5.6,7.2,68,2.2,2.2,0.0,8.0,5.35,10.1
2012-01-06,10.8,13.0,8.9,8.3,10.4,79,2.6,2.6,0.0,11.0,4.35,8.6
2012-01-07,12.4,14.6,10.9,9.9,12.2,72,0.1,0.1,0.0,1.0,4.25,8.3
2012-01-08,14.4,18.1,11.2,12.5,16.9,69,0.0,0.0,0.0,0.0,3.62,7.7
2012-01-09,14.9,19.5,11.5,13.0,18.3,68,0.0,0.0,0.0,0.0,4.72,9.5
2012-01-10,15.2,19.5,11.8,13.8,18.2,69,0.0,0.0,0.0,0.0,4.25,9.4
2012-01-11,15.6,17.3,13.8,13.5,15.6,67,0.6,0.6,0.0,3.0,5.37,10.2
2012-01-12,14.8,17.0,13.5,13.3,15.2,74,2.4,2.4,0.0,8.0,3.92,9.3
2012-01-13,15.1,16.4,13.7,14.5,16.0,86,2.9,2.9,0.0,15.0,3.19,6.8
2012-01-14,17.4,19.8,15.8,18.0,20.4,86,0.9,0.9,0.0,4.0,2.85,7.5
2012-01-15,16.4,17.7,14.4,17.0,19.1,95,16.8,16.8,0.0,18.0,3.91,7.8
2012-01-16,15.4,17.9,14.0,14.7,16.8,83,3.0,3.0,0.0,5.0,3.95,8.8
2012-01-17,15.7,18.6,13.7,14.3,17.0,75,0.0,0.0,0.0,0.0,4.34,9.4
2012-01-18,18.0,20.9,15.5,17.4,20.3,79,0.0,0.0,0.0,0.0,4.89,10.1
2012-01-19,19.6,22.0,17.9,21.0,23.5,84,0.0,0.0,0.0,0.0,2.91,6.1
2012-01-20,17.8,19.2,16.9,17.7,20.1,83,0.3,0.3,0.0,2.0,4.7,10.5
2012-01-21,16.9,18.0,16.3,16.0,16.7,83,1.6,1.6,0.0,11.0,5.0,10.9
2012-01-22,11.3,16.4,8.3,7.9,15.8,81,6.4,6.4,0.0,24.0,6.55,12.4
2012-01-23,8.5,9.8,7.1,4.7,6.5,82,6.0,6.0,0.0,16.0,6.84,13.1
2012-01-24,8.9,10.0,7.1,5.1,6.5,82,6.6,6.6,0.0,23.0,6.39,12.4
2012-01-25,6.9,8.4,6.1,2.5,4.5,76,2.0,2.0,0.0,10.0,6.74,12.8
2012-01-26,10.2,13.1,7.1,7.5,10.9,81,1.6,1.6,0.0,7.0,4.36,10.1
2012-01-27,14.5,16.7,12.2,13.7,16.6,84,0.1,0.1,0.0,1.0,3.64,8.6
2012-01-28,17.4,21.8,15.1,17.6,23.7,83,0.0,0.0,0.0,0.0,3.34,7.8
2012-01-29,15.2,17.6,13.3,13.4,16.1,73,0.0,0.0,0.0,0.0,4.44,9.4
2012-01-30,15.1,18.3,12.7,12.4,15.9,63,0.0,0.0,0.0,0.0,5.25,10.3
2012-01-31,14.6,18.6,11.5,12.0,16.6,58,0.0,0.0,0.0,0.0,5.63,11.4
2012-02-01,16.2,19.5,13.2,15.5,18.8,73,0.0,0.0,0.0,0.0,3.67,8.5
2012-02-02,16.4,18.0,14.2,14.9,16.3,72,0.9,0.9,0.0,6.0,4.74,9.8
2012-02-03,13.9,16.3,11.9,11.6,14.3,71,0.0,0.0,0.0,0.0,4.74,10.4
2012-02-04,16.1,18.6,13.9,14.9,17.4,76,0.0,0.0,0.0,0.0,4.36,11.2
2012-02-05,18.5,21.2,16.5,18.2,21.1,80,0.4,0.4,0.0,3.0,4.49,8.7
2012-02-06,20.7,23.7,18.4,21.6,24.6,86,3.1,3.1,0.0,14.0,4.68,11.5
2012-02-07,16.4,20.5,12.2,14.1,22.8,72,9.0,9.0,0.0,12.0,6.77,13.4
2012-02-08,12.1,13.5,10.9,8.5,10.2,68,0.2,0.2,0.0,2.0,5.82,11.2
2012-02-09,13.4,16.1,10.1,10.5,14.1,71,0.4,0.4,0.0,3.0,6.24,12.2
2012-02-10,14.9,18.0,11.1,13.0,17.3,79,0.0,0.0,0.0,0.0,5.51,10.5
2012-02-11,12.4,15.3,10.0,9.9,13.4,73,0.0,0.0,0.0,0.0,4.9,9.8
2012-02-12,15.2,17.8,12.3,14.2,17.7,78,0.0,0.0,0.0,0.0,3.45,7.6
2012-02-13,19.4,23.9,15.9,19.8,24.9,78,0.0,0.0,0.0,0.0,3.35,7.6
2012-02-14,21.1,24.2,19.1,22.5,26.1,82,0.3,0.3,0.0,3.0,3.4,7.4
2012-02-15,21.7,25.9,19.5,23.8,28.9,84,0.0,0.0,0.0,0.0,4.22,8.4
2012-02-16,16.8,19.5,14.0,15.4,20.5,75,0.4,0.4,0.0,4.0,5.02,10.5
2012-02-17,14.1,16.7,12.1,10.6,13.6,61,0.0,0.0,0.0,0.0,5.85,11.1
2012-02-18,14.0,17.0,11.1,10.8,14.5,58,0.0,0.0,0.0,0.0,5.95,11.4
2012-02-19,14.9,18.0,11.9,12.0,16.2,56,0.0,0.0,0.0,0.0,4.92,10.3
2012-02-20,16.2,19.2,13.9,14.1,17.8,69,0.0,0.0,0.0,0.0,5.01,11.9
2012-02-21,18.6,20.9,17.0,18.3,20.7,76,5.4,5.4,0.0,19.0,4.03,9.0
2012-02-22,20.0,22.1,18.5,21.5,23.7,90,3.3,3.3,0.0,15.0,4.36,9.5
2012-02-23,21.8,24.3,19.8,24.3,26.8,93,4.3,4.3,0.0,12.0,4.6,9.9
2012-02-24,20.4,22.0,18.7,22.0,25.6,93,8.8,8.8,0.0,23.0,5.29,13.5
2012-02-25,16.3,19.0,13.3,15.7,19.7,90,8.8,8.8,0.0,18.0,5.49,10.4
2012-02-26,11.8,13.0,10.7,8.6,10.5,79,2.6,2.6,0.0,12.0,6.05,11.6
2012-02-27,10.6,12.1,9.5,7.5,9.4,81,1.8,1.8,0.0,9.0,5.64,10.4
2012-02-28,11.6,13.7,9.1,9.5,12.7,87,9.6,9.6,0.0,16.0,5.41,12.3
2012-02-29,16.2,18.2,13.9,15.3,17.3,86,1.8,1.8,0.0,11.0,5.9,12.7
2012-03-01,18.3,20.8,16.7,19.2,22.5,88,0.0,0.0,0.0,0.0,3.23,8.3
2012-03-02,20.9,25.3,18.3,22.8,27.6,87,0.5,0.5,0.0,3.0,3.52,7.9
2012-03-03,19.9,21.4,18.6,20.5,22.6,88,0.9,0.9,0.0,5.0,5.98,13.1
2012-03-04,19.8,22.1,18.4,20.3,23.1,89,0.0,0.0,0.0,0.0,5.19,11.7
2012-03-05,22.2,24.8,19.4,24.1,26.6,90,0.9,0.9,0.0,4.0,5.36,12.3
2012-03-06,23.6,26.2,21.7,26.4,28.3,89,3.6,3.6,0.0,13.0,6.04,12.2
2012-03-07,21.1,22.6,19.2,22.8,25.3,94,22.2,22.2,0.0,20.0,4.98,10.2
2012-03-08,18.7,19.8,18.0,18.9,19.9,91,9.0,9.0,0.0,21.0,5.51,11.1
2012-03-09,14.7,17.4,12.5,12.7,17.1,82,1.3,1.3,0.0,9.0,5.78,11.3
2012-03-10,12.6,13.8,11.1,9.7,11.4,76,2.3,2.3,0.0,11.0,5.79,11.4
2012-03-11,12.0,13.0,11.1,9.7,10.5,86,11.2,11.2,0.0,24.0,4.94,9.4
2012-03-12,13.1,14.1,11.9,11.4,12.7,86,5.1,5.1,0.0,21.0,4.62,8.8
2012-03-13,14.6,16.2,13.2,13.6,15.4,84,3.2,3.2,0.0,15.0,3.64,7.8
2012-03-14,16.9,20.2,14.8,16.4,20.7,84,1.1,1.1,0.0,6.0,4.98,9.8
2012-03-15,18.8,21.4,16.7,18.7,21.8,85,0.0,0.0,0.0,0.0,5.61,11.4
2012-03-16,21.1,24.4,19.2,23.3,27.3,88,0.3,0.3,0.0,3.0,3.61,8.0
2012-03-17,22.0,25.9,19.3,24.8,28.9,88,0.0,0.0,0.0,0.0,3.01,6.6
2012-03-18,23.4,28.5,20.2,26.9,33.0,85,0.0,0.0,0.0,0.0,2.94,6.1
2012-03-19,22.2,25.1,20.3,24.1,26.6,86,0.0,0.0,0.0,0.0,4.92,10.8
2012-03-20,22.1,25.0,20.2,23.9,27.2,83,0.4,0.4,0.0,3.0,4.03,8.2
2012-03-21,20.5,22.3,19.4,20.4,22.8,80,0.0,0.0,0.0,0.0,6.53,13.6
2012-03-22,21.8,25.3,19.3,22.6,26.9,77,0.0,0.0,0.0,0.0,5.81,12.1
2012-03-23,21.0,25.7,15.3,21.2,28.9,75,0.3,0.3,0.0,2.0,8.32,16.3
2012-03-24,17.4,21.8,13.7,14.4,19.5,51,0.3,0.3,0.0,2.0,7.89,16.0
2012-03-25,19.0,23.5,15.6,18.1,23.4,59,0.0,0.0,0.0,0.0,3.81,8.0
2012-03-26,20.0,24.6,16.1,17.8,22.8,48,0.0,0.0,0.0,0.0,4.59,10.5
2012-03-27,21.0,25.1,17.9,20.2,25.7,61,0.0,0.0,0.0,0.0,4.51,11.2
2012-03-28,22.0,25.5,19.4,22.0,25.9,65,0.0,0.0,0.0,0.0,4.97,11.1
2012-03-29,23.1,26.8,20.3,23.8,27.3,68,0.0,0.0,0.0,0.0,5.51,12.2
2012-03-30,23.6,26.2,21.8,25.9,29.7,78,1.8,1.8,0.0,8.0,3.95,9.0
2012-03-31,22.2,25.5,19.7,22.6,25.7,72,3.0,3.0,0.0,6.0,6.65,13.2
2012-04-01,21.0,23.7,18.4,20.5,22.3,65,0.0,0.0,0.0,0.0,5.16,10.4
2012-04-02,22.8,25.9,20.2,24.6,27.5,78,0.7,0.7,0.0,5.0,4.09,8.6
2012-04-03,24.3,28.8,20.9,27.5,32.0,79,0.0,0.0,0.0,0.0,3.2,7.4
2012-04-04,22.7,24.5,21.1,23.8,26.0,79,0.0,0.0,0.0,0.0,6.16,12.3
2012-04-05,22.4,23.5,21.6,25.2,26.4,89,7.5,7.5,0.0,16.0,3.36,7.2
2012-04-06,20.8,21.9,19.1,22.1,24.8,91,15.7,15.7,0.0,22.0,5.6,10.2
2012-04-07,20.3,21.7,19.0,19.8,21.4,71,0.9,0.9,0.0,3.0,4.93,10.3
2012-04-08,21.1,22.7,20.1,22.4,24.7,86,14.0,14.0,0.0,20.0,5.52,12.0
2012-04-09,22.5,25.2,20.6,25.2,28.8,90,24.8,24.8,0.0,17.0,4.1,10.6
2012-04-10,23.9,27.1,21.8,27.1,31.0,86,0.0,0.0,0.0,0.0,3.88,7.6
2012-04-11,24.6,28.2,22.2,28.5,33.0,85,0.0,0.0,0.0,0.0,3.95,7.9
2012-04-12,25.4,28.9,22.6,29.0,32.7,84,0.0,0.0,0.0,0.0,5.71,11.7
2012-04-13,25.7,28.0,24.1,29.9,32.0,86,4.9,4.9,0.0,12.0,4.27,11.0
2012-04-14,26.4,29.6,24.0,31.5,35.8,87,4.6,4.6,0.0,13.0,4.55,9.1
2012-04-15,26.7,28.6,25.1,30.8,32.3,84,0.6,0.6,0.0,2.0,5.76,12.2
2012-04-16,25.8,28.7,23.9,30.9,34.9,87,13.8,13.8,0.0,18.0,3.36,7.7
2012-04-17,23.4,24.0,22.7,25.6,28.9,89,20.8,20.8,0.0,13.0,6.8,12.9
2012-04-18,23.5,24.5,22.1,25.6,27.2,88,4.0,4.0,0.0,10.0,5.77,12.7
2012-04-19,23.7,25.1,22.4,27.2,29.4,92,14.7,14.7,0.0,22.0,4.39,7.3
2012-04-20,22.3,23.4,21.5,26.1,27.5,95,47.4,47.4,0.0,19.0,2.47,11.4
2012-04-21,23.5,26.5,21.3,26.7,30.0,85,13.5,13.5,0.0,12.0,3.04,12.0
2012-04-22,24.2,28.3,20.6,27.4,32.4,81,0.0,0.0,0.0,0.0,4.42,9.2
2012-04-23,25.2,26.4,23.5,28.3,29.4,87,18.5,18.5,0.0,16.0,6.33,12.7
2012-04-24,27.2,28.9,25.8,30.0,31.6,82,2.7,2.7,0.0,9.0,8.26,16.1
2012-04-25,27.4,29.4,24.9,31.7,33.3,85,11.1,11.1,0.0,16.0,6.66,13.6
2012-04-26,23.4,26.0,21.4,24.9,28.2,78,1.3,1.3,0.0,3.0,4.83,11.0
2012-04-27,23.0,24.3,22.2,24.9,28.1,89,26.1,26.1,0.0,19.0,6.08,11.5
2012-04-28,24.6,26.3,22.1,27.6,29.9,91,29.5,29.5,0.0,14.0,5.41,11.8
2012-04-29,26.6,28.8,24.4,31.1,32.7,89,37.8,37.8,0.0,18.0,5.66,11.0
2012-04-30,28.4,30.4,26.4,33.2,35.2,85,10.4,10.4,0.0,14.0,6.18,12.4
2012-05-01,28.7,30.6,27.2,33.7,36.5,84,6.1,6.1,0.0,14.0,6.04,11.5
2012-05-02,28.5,31.1,27.0,34.4,38.2,86,6.0,6.0,0.0,14.0,5.22,10.3
2012-05-03,27.1,28.0,26.5,32.8,34.4,90,19.5,19.5,0.0,15.0,4.0,8.2
2012-05-04,27.4,30.3,25.1,33.2,37.2,87,9.7,9.7,0.0,9.0,2.89,6.1
2012-05-05,25.8,27.4,24.4,29.9,31.6,87,11.4,11.4,0.0,7.0,4.41,8.6
2012-05-06,26.1,28.4,24.4,30.4,33.6,83,2.2,2.2,0.0,10.0,3.92,7.6
2012-05-07,27.0,29.9,24.3,31.8,36.1,82,0.1,0.1,0.0,1.0,3.71,8.3
2012-05-08,28.6,31.4,26.0,34.1,37.4,80,0.3,0.3,0.0,2.0,4.08,10.0
2012-05-09,29.7,32.6,27.4,35.7,40.1,80,0.3,0.3,0.0,2.0,4.4,9.5
2012-05-10,29.2,31.8,26.6,35.0,38.2,80,2.8,2.8,0.0,5.0,4.14,9.2
2012-05-11,26.8,28.4,25.9,31.3,32.9,88,8.1,8.1,0.0,16.0,5.37,10.2
2012-05-12,27.6,30.2,25.3,31.7,35.3,82,2.0,2.0,0.0,8.0,5.61,10.3
2012-05-13,28.1,29.7,26.6,32.7,34.7,80,1.3,1.3,0.0,5.0,4.48,10.6
2012-05-14,28.7,31.6,26.4,34.1,37.5,82,0.8,0.8,0.0,4.0,5.02,9.5
2012-05-15,27.7,30.7,26.1,33.9,38.5,85,6.9,6.9,0.0,14.0,2.6,6.5
2012-05-16,26.8,28.7,25.5,32.0,33.8,87,19.6,19.6,0.0,19.0,2.82,6.1
2012-05-17,27.1,29.6,25.6,32.8,37.0,88,27.5,27.5,0.0,22.0,3.58,7.4
2012-05-18,26.1,27.0,25.3,30.9,32.4,92,28.9,28.9,0.0,23.0,4.83,9.3
2012-05-19,26.8,29.1,25.2,32.4,34.9,91,34.6,34.6,0.0,23.0,4.14,8.6
2012-05-20,27.3,30.5,25.5,33.6,38.3,88,9.3,9.3,0.0,18.0,2.84,6.1
2012-05-21,26.1,28.0,24.8,28.7,31.0,79,0.0,0.0,0.0,0.0,5.83,12.4
2012-05-22,25.7,27.6,24.0,27.3,30.2,73,0.0,0.0,0.0,0.0,6.22,13.0
2012-05-23,26.4,28.8,24.3,28.4,30.9,74,0.0,0.0,0.0,0.0,6.42,12.7
2012-05-24,27.6,30.3,25.5,30.9,33.7,76,0.0,0.0,0.0,0.0,6.07,12.4
2012-05-25,28.1,30.7,25.9,32.6,35.9,81,0.8,0.8,0.0,3.0,4.87,10.0
2012-05-26,27.3,28.1,26.4,32.4,33.9,87,7.6,7.6,0.0,16.0,3.91,8.5
2012-05-27,27.1,29.8,25.7,32.2,35.5,87,19.1,19.1,0.0,23.0,3.6,6.8
2012-05-28,26.7,28.2,25.7,31.3,32.8,89,14.2,14.2,0.0,19.0,5.51,11.1
2012-05-29,26.7,28.1,25.6,29.9,31.2,84,4.6,4.6,0.0,13.0,6.42,13.4
2012-05-30,27.1,29.1,25.5,32.1,34.5,86,2.2,2.2,0.0,9.0,4.33,8.3
2012-05-31,26.8,29.5,25.4,31.3,36.1,83,4.9,4.9,0.0,4.0,5.02,10.8
2012-06-01,26.3,28.4,24.4,29.1,31.5,76,0.2,0.2,0.0,1.0,5.19,11.4
2012-06-02,26.9,29.2,25.3,31.5,35.1,80,2.5,2.5,0.0,11.0,2.98,7.7
2012-06-03,26.5,28.4,25.2,30.6,32.1,82,0.8,0.8,0.0,5.0,4.03,9.3
2012-06-04,27.4,29.7,25.7,32.0,35.2,80,0.6,0.6,0.0,4.0,3.55,7.8
2012-06-05,28.3,31.7,25.2,33.7,38.3,79,0.0,0.0,0.0,0.0,3.51,7.2
2012-06-06,28.8,31.7,26.6,34.0,36.9,79,0.2,0.2,0.0,2.0,4.42,9.5
2012-06-07,29.0,31.5,26.9,34.6,39.0,80,1.2,1.2,0.0,6.0,4.06,8.2
2012-06-08,29.0,31.3,27.2,35.1,38.0,83,5.7,5.7,0.0,13.0,4.5,8.6
2012-06-09,28.7,31.0,26.8,34.4,36.3,86,7.9,7.9,0.0,16.0,5.86,10.9
2012-06-10,29.1,30.6,27.9,34.5,35.9,85,15.0,15.0,0.0,14.0,6.17,14.4
2012-06-11,29.4,30.8,28.3,34.4,35.1,83,4.8,4.8,0.0,14.0,7.07,16.7
2012-06-12,28.2,30.0,26.4,34.1,35.9,87,22.9,22.9,0.0,22.0,3.26,9.7
2012-06-13,26.9,28.4,26.0,33.0,34.8,90,28.7,28.7,0.0,19.0,2.24,9.1
2012-06-14,27.8,31.0,25.4,32.7,36.9,80,0.0,0.0,0.0,0.0,4.34,8.2
2012-06-15,27.8,29.3,26.3,33.0,35.0,86,12.8,12.8,0.0,10.0,4.2,8.6
2012-06-16,27.2,28.9,26.1,31.2,32.9,86,11.8,11.8,0.0,15.0,6.33,12.4
2012-06-17,27.2,29.1,25.8,31.4,33.8,89,26.9,26.9,0.0,24.0,5.95,12.3
2012-06-18,27.7,29.6,26.1,32.1,34.5,86,9.4,9.4,0.0,14.0,6.08,13.0
2012-06-19,28.8,31.4,26.7,33.5,37.2,81,2.8,2.8,0.0,8.0,5.86,13.2
2012-06-20,29.5,32.7,27.5,35.6,40.5,82,0.5,0.5,0.0,2.0,5.45,9.8
2012-06-21,27.3,28.5,26.6,33.1,34.9,91,23.4,23.4,0.0,23.0,4.83,10.2
2012-06-22,27.2,29.0,26.3,32.0,34.4,91,31.1,31.1,0.0,23.0,6.24,13.1
2012-06-23,27.8,29.6,26.8,32.1,33.4,87,20.7,20.7,0.0,21.0,6.77,14.4
2012-06-24,27.8,29.3,27.1,32.5,34.4,88,22.6,22.6,0.0,23.0,6.61,14.3
2012-06-25,28.2,29.6,27.1,32.7,33.7,86,9.9,9.9,0.0,16.0,6.85,13.4
2012-06-26,28.7,29.9,27.6,33.5,34.4,84,8.1,8.1,0.0,11.0,6.55,14.5
2012-06-27,29.3,31.2,27.9,34.4,36.5,81,2.5,2.5,0.0,9.0,5.46,12.0
2012-06-28,29.2,31.7,27.1,35.4,39.2,80,0.5,0.5,0.0,5.0,3.11,7.8
2012-06-29,29.4,33.1,26.7,34.7,39.8,80,2.7,2.7,0.0,5.0,8.12,19.1
2012-06-30,27.7,28.7,26.8,31.2,33.5,84,2.1,2.1,0.0,12.0,8.59,22.1
2012-07-01,28.1,30.3,26.0,32.6,36.1,82,3.5,3.5,0.0,14.0,6.38,12.8
2012-07-02,28.6,30.8,26.1,33.2,35.7,79,2.2,2.2,0.0,9.0,5.13,11.1
2012-07-03,28.7,31.4,26.1,34.3,37.9,80,0.9,0.9,0.0,5.0,3.14,7.3
2012-07-04,29.2,32.0,26.3,34.8,37.9,77,0.3,0.3,0.0,3.0,3.78,8.6
2012-07-05,28.0,29.2,26.6,33.3,34.9,85,12.7,12.7,0.0,15.0,3.98,8.4
2012-07-06,28.1,30.6,26.2,33.7,37.6,85,5.4,5.4,0.0,16.0,4.37,8.9
2012-07-07,28.3,30.5,26.7,33.7,35.7,83,10.3,10.3,0.0,15.0,4.88,10.3
2012-07-08,28.7,30.6,27.0,34.0,37.0,81,1.8,1.8,0.0,13.0,4.64,8.9
2012-07-09,29.5,31.8,27.3,35.0,38.9,79,1.0,1.0,0.0,6.0,4.21,8.2
2012-07-10,29.7,32.2,27.5,35.0,37.7,77,0.9,0.9,0.0,6.0,4.61,11.3
2012-07-11,29.7,32.2,27.6,34.9,37.7,78,0.5,0.5,0.0,4.0,4.83,11.0
2012-07-12,29.9,32.4,27.6,34.9,38.4,76,0.0,0.0,0.0,0.0,4.53,10.3
2012-07-13,29.4,31.6,27.3,34.5,37.2,80,2.0,2.0,0.0,10.0,5.35,10.5
2012-07-14,29.8,32.5,27.5,35.6,39.9,81,0.4,0.4,0.0,3.0,5.15,10.0
2012-07-15,30.3,32.8,28.6,36.3,39.1,79,1.2,1.2,0.0,6.0,4.81,9.4
2012-07-16,29.9,32.0,28.3,36.0,38.1,82,2.4,2.4,0.0,9.0,5.22,10.3
2012-07-17,29.9,32.3,28.3,35.8,38.8,81,2.7,2.7,0.0,5.0,4.3,10.4
2012-07-18,29.0,31.6,27.2,35.3,38.4,84,8.2,8.2,0.0,16.0,3.32,7.4
2012-07-19,29.4,32.7,27.0,36.4,41.1,83,9.3,9.3,0.0,12.0,2.64,6.0
2012-07-20,29.6,32.8,27.1,36.9,41.7,81,2.6,2.6,0.0,9.0,1.49,5.2
2012-07-21,30.5,34.9,27.3,37.1,42.3,78,4.8,4.8,0.0,8.0,4.34,8.2
2012-07-22,28.6,32.0,26.8,33.6,36.7,83,4.9,4.9,0.0,6.0,6.01,12.6
2012-07-23,27.2,28.0,26.8,29.1,30.7,84,31.4,31.4,0.0,15.0,13.0,25.1
2012-07-24,27.1,28.1,26.5,29.0,31.7,89,57.4,57.4,0.0,24.0,13.73,27.3
2012-07-25,26.3,27.4,25.6,30.3,32.4,91,31.1,31.1,0.0,24.0,6.42,12.1
2012-07-26,26.2,26.9,25.2,31.0,31.9,92,59.8,59.8,0.0,24.0,4.44,8.3
2012-07-27,26.7,28.3,25.9,31.9,33.0,89,11.4,11.4,0.0,12.0,4.02,8.8
2012-07-28,27.6,30.3,25.5,33.7,38.2,86,5.1,5.1,0.0,15.0,2.41,6.0
2012-07-29,28.5,32.1,25.7,35.1,40.4,83,3.9,3.9,0.0,9.0,1.75,5.9
2012-07-30,29.1,32.8,25.9,35.4,40.3,79,0.0,0.0,0.0,0.0,2.51,6.1
2012-07-31,29.7,33.5,26.8,36.5,42.5,80,0.6,0.6,0.0,3.0,2.33,6.0
2012-08-01,30.8,34.8,27.4,37.4,42.1,77,0.3,0.3,0.0,1.0,2.84,7.1
2012-08-02,31.5,34.9,28.4,37.7,42.2,71,0.0,0.0,0.0,0.0,3.61,7.4
2012-08-03,30.3,33.0,28.2,36.9,40.0,76,0.4,0.4,0.0,2.0,2.21,6.3
2012-08-04,29.2,31.0,27.9,35.6,37.4,84,1.3,1.3,0.0,6.0,2.98,6.2
2012-08-05,28.4,31.1,26.4,34.4,38.4,85,7.5,7.5,0.0,16.0,4.11,7.8
2012-08-06,28.2,30.3,25.9,34.4,37.4,85,1.2,1.2,0.0,6.0,2.89,6.4
2012-08-07,29.5,33.1,26.5,36.7,42.0,83,3.1,3.1,0.0,6.0,2.75,5.9
2012-08-08,30.1,33.6,27.4,36.9,42.2,81,6.0,6.0,0.0,8.0,2.82,7.1
2012-08-09,30.0,33.7,27.4,36.3,41.6,80,1.2,1.2,0.0,4.0,5.13,9.6
2012-08-10,29.3,31.0,27.6,34.9,37.5,80,5.6,5.6,0.0,5.0,4.88,9.7
2012-08-11,28.5,30.2,27.1,34.0,36.4,84,6.0,6.0,0.0,10.0,4.43,9.4
2012-08-12,27.5,30.5,25.6,33.2,36.6,87,14.6,14.6,0.0,20.0,3.86,7.8
2012-08-13,27.7,29.6,26.3,33.6,35.1,87,12.9,12.9,0.0,16.0,3.49,7.3
2012-08-14,28.5,31.1,26.1,35.0,38.7,85,11.1,11.1,0.0,15.0,3.68,7.3
2012-08-15,29.9,33.8,26.2,37.0,41.5,80,2.3,2.3,0.0,9.0,1.65,5.2
2012-08-16,28.6,31.8,26.6,33.5,38.0,84,26.6,26.6,0.0,19.0,9.53,19.9
2012-08-17,28.3,30.0,27.3,31.9,34.1,84,6.2,6.2,0.0,18.0,8.7,20.3
2012-08-18,28.5,31.0,26.6,34.4,37.7,86,4.3,4.3,0.0,14.0,4.12,9.5
2012-08-19,28.8,32.1,26.6,35.6,40.2,84,4.2,4.2,0.0,8.0,2.82,5.7
2012-08-20,28.9,32.1,26.6,35.5,40.0,84,1.1,1.1,0.0,3.0,2.69,5.9
2012-08-21,28.5,30.8,26.6,34.9,39.4,84,7.3,7.3,0.0,10.0,3.41,7.5
2012-08-22,27.8,29.6,26.5,34.0,37.0,86,3.6,3.6,0.0,13.0,2.62,5.6
2012-08-23,28.7,32.7,25.5,35.3,40.8,82,1.2,1.2,0.0,3.0,2.06,5.2
2012-08-24,29.5,32.5,27.0,34.7,37.8,75,0.0,0.0,0.0,0.0,4.08,8.3
2012-08-25,29.4,32.1,27.5,33.8,36.5,73,1.1,1.1,0.0,3.0,5.08,10.6
2012-08-26,30.0,32.4,28.0,34.6,36.4,71,0.0,0.0,0.0,0.0,5.69,12.0
2012-08-27,30.4,34.3,27.2,35.7,39.8,69,0.0,0.0,0.0,0.0,3.67,7.7
2012-08-28,30.5,33.5,28.0,36.8,40.9,73,0.3,0.3,0.0,2.0,2.53,6.1
2012-08-29,29.5,32.1,27.0,36.0,39.3,83,4.1,4.1,0.0,12.0,3.89,8.0
2012-08-30,29.2,32.3,27.1,36.1,41.0,83,5.8,5.8,0.0,11.0,3.04,6.8
2012-08-31,28.3,30.0,26.7,34.1,36.2,86,2.6,2.6,0.0,12.0,4.04,8.2
2012-09-01,27.9,30.5,26.2,32.8,36.9,85,0.9,0.9,0.0,5.0,5.24,10.5
2012-09-02,28.5,31.2,26.1,33.7,38.0,83,2.4,2.4,0.0,11.0,4.53,10.6
2012-09-03,28.3,31.1,26.5,33.7,38.0,81,1.2,1.2,0.0,4.0,3.83,8.0
2012-09-04,27.8,30.9,26.0,32.6,36.7,83,1.8,1.8,0.0,6.0,4.43,10.2
2012-09-05,28.1,30.7,26.0,32.7,35.9,81,0.6,0.6,0.0,4.0,5.06,12.2
2012-09-06,28.5,31.0,27.0,33.6,36.0,82,15.7,15.7,0.0,11.0,5.02,10.7
2012-09-07,28.0,30.1,26.9,33.7,36.4,87,8.0,8.0,0.0,12.0,4.07,9.2
2012-09-08,28.4,31.3,26.0,35.6,41.2,87,3.8,3.8,0.0,10.0,1.53,5.2
2012-09-09,28.9,31.9,26.7,35.8,40.5,84,2.5,2.5,0.0,8.0,1.78,4.8
2012-09-10,29.0,32.0,26.7,35.6,39.5,80,1.7,1.7,0.0,5.0,1.68,4.6
2012-09-11,29.0,31.6,26.5,34.9,38.5,80,1.3,1.3,0.0,6.0,3.44,7.9
2012-09-12,29.0,31.6,26.8,34.7,38.0,80,1.3,1.3,0.0,8.0,3.48,7.9
2012-09-13,28.4,32.4,26.2,34.5,40.7,81,3.6,3.6,0.0,8.0,3.31,10.9
2012-09-14,25.7,28.3,23.8,26.5,30.8,65,0.1,0.1,0.0,1.0,6.2,12.3
2012-09-15,25.8,29.1,22.9,27.3,31.8,64,0.3,0.3,0.0,2.0,4.71,9.5
2012-09-16,26.6,30.1,23.6,28.7,33.2,63,0.0,0.0,0.0,0.0,4.1,8.3
2012-09-17,26.2,29.8,22.9,27.4,31.4,56,0.0,0.0,0.0,0.0,4.36,9.1
2012-09-18,26.7,30.0,23.5,29.0,32.9,60,0.0,0.0,0.0,0.0,3.3,6.8
2012-09-19,26.7,29.0,25.1,30.6,32.9,74,0.7,0.7,0.0,6.0,2.45,7.4
2012-09-20,27.6,29.8,25.8,31.2,32.5,74,0.2,0.2,0.0,2.0,4.82,10.6
2012-09-21,27.7,29.7,26.0,31.9,34.2,79,5.4,5.4,0.0,13.0,5.91,12.2
2012-09-22,28.5,31.0,26.5,34.0,36.8,81,2.1,2.1,0.0,8.0,3.42,7.1
2012-09-23,28.3,31.1,26.2,34.6,38.2,84,8.8,8.8,0.0,14.0,1.9,5.2
2012-09-24,27.4,30.2,25.7,33.1,36.8,87,17.6,17.6,0.0,15.0,3.61,7.4
2012-09-25,27.0,28.7,25.5,31.2,32.8,81,1.5,1.5,0.0,5.0,4.24,9.8
2012-09-26,27.3,29.7,25.6,32.2,35.0,79,1.9,1.9,0.0,10.0,2.61,7.9
2012-09-27,28.0,31.7,24.8,31.5,34.5,68,0.0,0.0,0.0,0.0,4.53,9.1
2012-09-28,28.1,31.1,25.6,29.8,33.1,59,0.0,0.0,0.0,0.0,5.12,10.4
2012-09-29,27.2,30.2,24.8,29.1,32.7,60,0.0,0.0,0.0,0.0,5.15,10.5
2012-09-30,25.9,29.1,23.5,27.4,30.8,61,0.0,0.0,0.0,0.0,4.69,9.7
2012-10-01,25.8,28.0,24.2,27.5,28.9,66,0.0,0.0,0.0,0.0,4.39,9.2
2012-10-02,25.9,29.2,23.5,28.2,32.3,68,0.0,0.0,0.0,0.0,3.49,9.3
2012-10-03,25.8,29.2,22.9,28.7,32.6,70,0.0,0.0,0.0,0.0,3.4,9.1
2012-10-04,25.9,29.6,23.0,29.0,33.3,73,0.0,0.0,0.0,0.0,3.21,8.0
2012-10-05,26.4,29.3,24.3,28.6,31.7,69,0.0,0.0,0.0,0.0,4.73,10.5
2012-10-06,26.9,30.6,24.4,29.7,33.7,70,0.0,0.0,0.0,0.0,3.98,9.0
2012-10-07,26.8,29.6,25.0,29.4,32.9,67,0.0,0.0,0.0,0.0,4.03,8.7
2012-10-08,26.9,29.8,24.8,29.9,33.4,68,0.0,0.0,0.0,0.0,3.4,7.5
2012-10-09,26.9,30.8,23.7,30.2,33.9,68,0.0,0.0,0.0,0.0,2.66,6.9
2012-10-10,26.7,29.8,24.6,28.1,31.0,57,0.0,0.0,0.0,0.0,5.26,11.1
2012-10-11,25.8,29.3,23.2,27.8,31.6,61,0.0,0.0,0.0,0.0,3.68,8.1
2012-10-12,25.2,29.2,22.3,27.8,32.7,68,0.0,0.0,0.0,0.0,2.97,6.1
2012-10-13,25.1,29.3,21.7,27.9,33.5,72,0.0,0.0,0.0,0.0,3.13,6.4
2012-10-14,25.9,29.9,23.0,29.3,34.4,73,0.0,0.0,0.0,0.0,3.11,6.2
2012-10-15,26.3,29.6,24.1,29.7,32.9,74,0.0,0.0,0.0,0.0,3.11,6.6
2012-10-16,26.3,29.8,24.1,30.1,33.6,75,0.0,0.0,0.0,0.0,2.34,5.9
2012-10-17,26.1,29.5,23.9,27.6,30.7,69,0.0,0.0,0.0,0.0,6.86,13.6
2012-10-18,24.4,26.6,22.6,24.4,27.8,58,0.0,0.0,0.0,0.0,4.66,9.3
2012-10-19,24.6,28.0,22.4,25.6,29.1,69,0.0,0.0,0.0,0.0,5.4,12.2
2012-10-20,25.0,28.0,23.1,26.6,29.8,70,0.0,0.0,0.0,0.0,4.71,10.7
2012-10-21,24.9,28.5,22.2,26.7,30.4,70,0.0,0.0,0.0,0.0,4.1,9.1
2012-10-22,25.4,30.2,21.6,28.1,33.1,70,0.0,0.0,0.0,0.0,2.51,6.0
2012-10-23,25.7,30.6,21.7,28.7,33.7,76,0.0,0.0,0.0,0.0,4.87,10.9
2012-10-24,25.5,28.7,23.6,27.8,31.5,74,0.0,0.0,0.0,0.0,5.22,11.3
2012-10-25,25.8,30.0,23.3,28.6,32.9,75,0.0,0.0,0.0,0.0,3.95,10.0
2012-10-26,25.0,27.6,23.4,27.1,28.7,76,0.7,0.7,0.0,3.0,4.4,12.0
2012-10-27,25.8,28.0,24.2,28.5,30.9,79,2.3,2.3,0.0,8.0,5.1,12.0
2012-10-28,26.3,29.5,24.2,28.7,31.1,74,0.0,0.0,0.0,0.0,5.7,12.0
2012-10-29,25.7,27.0,24.8,27.8,28.7,80,0.1,0.1,0.0,1.0,6.4,14.1
2012-10-30,23.4,24.9,19.6,25.9,28.1,91,31.1,31.1,0.0,24.0,6.6,13.7
2012-10-31,20.2,23.3,18.3,19.0,21.6,72,22.6,22.6,0.0,12.0,6.82,13.0
2012-11-01,20.5,24.4,17.3,19.5,24.3,60,0.0,0.0,0.0,0.0,4.92,9.8
2012-11-02,22.0,25.3,19.4,22.7,26.0,70,0.0,0.0,0.0,0.0,3.39,8.6
2012-11-03,23.4,26.7,21.3,25.0,27.7,75,0.0,0.0,0.0,0.0,4.18,8.6
2012-11-04,23.5,26.9,21.3,24.4,27.3,67,0.0,0.0,0.0,0.0,5.73,11.0
2012-11-05,23.2,26.3,20.7,23.8,27.1,63,0.3,0.3,0.0,2.0,3.82,8.5
2012-11-06,23.6,27.0,21.3,24.6,27.2,65,0.0,0.0,0.0,0.0,4.03,8.7
2012-11-07,23.1,25.3,21.9,23.8,26.1,73,0.0,0.0,0.0,0.0,5.39,11.8
2012-11-08,23.7,25.7,22.0,25.2,27.0,80,0.4,0.4,0.0,2.0,5.76,12.9
2012-11-09,25.4,28.0,23.6,29.0,31.4,84,0.6,0.6,0.0,4.0,3.64,8.1
2012-11-10,25.7,28.6,24.0,30.0,32.7,85,0.7,0.7,0.0,4.0,2.72,6.4
2012-11-11,20.5,23.8,19.1,19.4,27.5,72,0.4,0.4,0.0,2.0,6.58,13.3
2012-11-12,20.8,23.3,18.5,20.7,23.6,66,0.0,0.0,0.0,0.0,4.0,7.5
2012-11-13,22.4,25.7,19.6,23.9,27.8,73,0.0,0.0,0.0,0.0,3.11,6.5
2012-11-14,23.2,26.7,20.9,25.0,27.2,78,0.0,0.0,0.0,0.0,4.47,9.6
2012-11-15,23.9,26.5,22.4,24.8,27.3,75,0.1,0.1,0.0,1.0,5.81,13.5
2012-11-16,23.6,25.3,22.5,24.8,26.4,79,1.8,1.8,0.0,8.0,6.52,14.0
2012-11-17,19.4,22.3,17.7,18.6,23.2,77,9.7,9.7,0.0,14.0,6.89,13.3
2012-11-18,19.7,22.0,18.0,19.6,22.0,70,0.0,0.0,0.0,0.0,3.53,7.7
2012-11-19,21.9,25.1,20.2,23.0,25.9,74,0.0,0.0,0.0,0.0,3.23,7.3
2012-11-20,21.7,22.2,21.2,22.6,23.6,82,1.4,1.4,0.0,8.0,5.1,10.2
2012-11-21,22.9,24.4,21.7,25.3,26.9,91,7.3,7.3,0.0,11.0,5.79,10.2
2012-11-22,24.7,27.1,22.7,28.7,30.2,90,0.0,0.0,0.0,0.0,4.59,9.2
2012-11-23,21.3,25.2,18.0,21.9,30.2,81,21.1,21.1,0.0,14.0,6.18,13.3
2012-11-24,18.1,20.6,15.7,17.4,21.2,80,1.7,1.7,0.0,8.0,5.0,11.3
2012-11-25,21.9,23.0,20.7,23.9,26.4,91,3.5,3.5,0.0,11.0,6.21,14.7
2012-11-26,18.1,22.7,13.5,18.0,27.0,88,6.0,6.0,0.0,15.0,7.09,14.4
2012-11-27,14.4,17.1,12.5,13.2,16.9,91,14.7,14.7,0.0,17.0,5.07,10.2
2012-11-28,18.7,20.0,17.2,19.5,21.4,92,11.1,11.1,0.0,17.0,5.1,10.2
2012-11-29,19.2,20.7,17.3,20.3,22.4,91,5.5,5.5,0.0,15.0,4.1,9.2
2012-11-30,20.4,22.0,18.9,22.1,24.6,95,14.0,14.0,0.0,23.0,4.46,9.3
2012-12-01,20.7,22.0,19.6,22.1,23.4,90,1.8,1.8,0.0,9.0,5.11,11.0
2012-12-02,16.7,19.3,15.5,15.6,20.3,84,4.2,4.2,0.0,17.0,5.91,11.4
2012-12-03,15.3,16.4,14.7,13.9,15.7,81,7.0,7.0,0.0,13.0,4.7,9.5
2012-12-04,15.5,16.5,14.2,14.3,16.4,80,4.9,4.9,0.0,19.0,4.66,8.7
2012-12-05,15.2,16.2,14.5,13.3,16.0,82,6.5,6.5,0.0,14.0,7.09,14.2
2012-12-06,16.6,19.1,13.8,14.9,17.8,68,0.0,0.0,0.0,0.0,4.52,9.5
2012-12-07,18.9,21.8,16.4,18.6,21.2,71,0.0,0.0,0.0,0.0,3.42,7.4
2012-12-08,19.2,20.9,18.0,18.7,20.1,69,0.0,0.0,0.0,0.0,4.33,8.3
2012-12-09,18.9,22.0,16.2,18.5,21.9,70,0.0,0.0,0.0,0.0,3.55,8.2
2012-12-10,18.5,20.6,17.1,17.5,19.5,73,0.0,0.0,0.0,0.0,4.54,10.4
2012-12-11,17.4,19.9,14.9,16.1,18.5,73,0.0,0.0,0.0,0.0,4.72,9.8
2012-12-12,16.3,19.2,13.7,14.7,17.5,72,0.6,0.6,0.0,3.0,4.56,9.5
2012-12-13,18.9,21.5,16.5,18.0,20.2,77,0.0,0.0,0.0,0.0,6.08,12.2
2012-12-14,21.0,23.6,18.7,22.4,25.3,84,0.0,0.0,0.0,0.0,3.55,9.8
2012-12-15,22.2,25.4,20.1,25.1,28.1,87,0.0,0.0,0.0,0.0,2.89,6.0
2012-12-16,22.9,26.7,20.4,26.5,30.5,88,0.2,0.2,0.0,2.0,2.6,6.4
2012-12-17,21.8,23.6,20.2,23.2,25.1,85,1.8,1.8,0.0,9.0,5.02,11.3
2012-12-18,15.9,20.0,11.5,13.8,20.4,78,2.5,2.5,0.0,9.0,7.41,14.0
2012-12-19,13.5,16.0,10.7,10.7,14.6,75,0.0,0.0,0.0,0.0,6.1,13.2
2012-12-20,18.3,20.7,15.9,17.0,19.6,82,0.0,0.0,0.0,0.0,8.18,17.1
2012-12-21,21.2,24.4,19.0,23.0,27.6,88,1.4,1.4,0.0,10.0,4.34,9.9
2012-12-22,15.8,19.3,12.3,13.2,20.5,73,0.0,0.0,0.0,0.0,6.6,12.7
2012-12-23,11.6,14.4,9.4,6.6,9.7,58,0.0,0.0,0.0,0.0,7.91,15.0
2012-12-24,11.5,15.7,7.8,8.5,13.5,64,0.0,0.0,0.0,0.0,5.42,10.5
2012-12-25,16.3,19.8,13.2,14.8,18.4,67,0.0,0.0,0.0,0.0,3.86,8.6
2012-12-26,18.1,20.1,16.7,17.1,18.6,68,0.0,0.0,0.0,0.0,4.31,8.9
2012-12-27,17.0,17.8,16.1,16.4,17.6,80,0.2,0.2,0.0,1.0,4.12,8.3
2012-12-28,18.6,22.2,15.9,18.5,22.6,76,0.0,0.0,0.0,0.0,3.49,7.9
2012-12-29,18.1,20.7,10.9,17.3,21.7,81,11.3,11.3,0.0,19.0,9.08,17.9
2012-12-30,9.2,11.6,7.5,3.0,5.7,55,0.9,0.9,0.0,4.0,9.49,18.6
2012-12-31,9.2,13.3,5.6,4.3,9.1,40,0.0,0.0,0.0,0.0,6.64,12.8
2013-01-01,12.5,15.4,9.5,9.6,12.6,51,0.0,0.0,0.0,0.0,2.86,5.7
2013-01-02,16.2,20.4,13.6,14.5,18.6,62,0.0,0.0,0.0,0.0,3.26,7.0
2013-01-03,14.8,17.3,10.2,11.8,14.7,64,0.0,0.0,0.0,0.0,6.05,12.4
2013-01-04,10.2,12.3,8.4,6.5,9.0,68,0.0,0.0,0.0,0.0,5.48,11.0
2013-01-05,11.8,15.9,8.9,9.1,13.8,70,0.0,0.0,0.0,0.0,4.69,9.1
2013-01-06,12.6,15.8,9.9,10.0,13.5,71,0.0,0.0,0.0,0.0,4.67,9.4
2013-01-07,13.9,18.3,10.2,11.9,16.8,70,0.0,0.0,0.0,0.0,3.86,7.6
2013-01-08,16.1,19.5,14.3,14.6,18.1,66,0.0,0.0,0.0,0.0,3.42,7.7
2013-01-09,14.0,16.6,12.0,10.8,13.5,61,0.0,0.0,0.0,0.0,5.41,10.8
2013-01-10,13.6,16.3,11.2,10.5,14.1,57,0.0,0.0,0.0,0.0,5.26,10.2
2013-01-11,16.0,19.5,13.7,14.2,18.3,65,0.0,0.0,0.0,0.0,3.86,8.7
2013-01-12,15.7,19.4,12.3,14.1,18.8,66,0.0,0.0,0.0,0.0,3.88,8.4
2013-01-13,16.3,20.8,12.9,15.0,19.2,71,0.0,0.0,0.0,0.0,4.7,9.8
2013-01-14,14.8,19.4,10.8,12.5,18.1,63,0.0,0.0,0.0,0.0,5.28,9.8
2013-01-15,15.5,18.6,13.0,14.2,17.4,72,0.0,0.0,0.0,0.0,4.8,11.5
2013-01-16,17.3,22.5,13.1,16.8,22.5,68,0.0,0.0,0.0,0.0,2.38,6.3
2013-01-17,16.8,20.7,13.8,14.7,18.4,65,0.0,0.0,0.0,0.0,5.69,11.8
2013-01-18,14.5,17.5,12.5,11.7,15.1,60,0.0,0.0,0.0,0.0,4.79,10.3
2013-01-19,15.1,18.0,12.4,13.1,15.7,66,0.0,0.0,0.0,0.0,4.48,10.6
2013-01-20,17.9,20.4,15.9,17.1,19.4,76,0.0,0.0,0.0,0.0,4.81,11.5
2013-01-21,19.9,23.2,17.8,20.8,24.8,80,0.2,0.2,0.0,2.0,3.48,8.4
2013-01-22,21.1,25.5,18.3,22.3,26.4,76,0.0,0.0,0.0,0.0,3.67,8.6
2013-01-23,18.8,21.7,16.9,18.8,22.1,73,0.0,0.0,0.0,0.0,4.4,9.2
2013-01-24,19.1,22.8,16.3,19.7,23.4,75,0.0,0.0,0.0,0.0,3.24,7.4
2013-01-25,17.7,21.3,14.7,16.8,21.5,67,0.0,0.0,0.0,0.0,4.69,9.1
2013-01-26,17.6,19.9,16.2,17.6,20.7,79,2.9,2.9,0.0,11.0,3.91,7.6
2013-01-27,17.0,20.3,14.9,16.1,19.1,73,0.7,0.7,0.0,4.0,4.22,8.4
2013-01-28,16.6,19.7,13.9,14.8,17.3,65,0.0,0.0,0.0,0.0,4.64,11.5
2013-01-29,18.3,22.3,16.0,17.9,22.6,70,0.0,0.0,0.0,0.0,3.21,8.0
2013-01-30,18.3,22.0,16.2,17.8,20.7,75,0.0,0.0,0.0,0.0,5.32,12.2
2013-01-31,19.0,22.2,16.8,18.4,21.9,73,0.0,0.0,0.0,0.0,4.46,11.3
2013-02-01,20.6,25.2,17.0,21.6,27.3,73,0.0,0.0,0.0,0.0,3.85,9.5
2013-02-02,20.8,26.5,17.7,21.3,27.0,74,0.0,0.0,0.0,0.0,5.08,10.6
2013-02-03,20.2,22.0,19.2,20.3,22.3,79,0.0,0.0,0.0,0.0,5.94,14.1
2013-02-04,21.5,23.8,19.6,24.0,27.3,85,0.8,0.8,0.0,5.0,2.67,6.5
2013-02-05,22.0,25.1,20.5,24.8,27.5,90,1.9,1.9,0.0,5.0,3.03,7.6
2013-02-06,22.0,25.3,20.1,24.1,27.7,85,0.0,0.0,0.0,0.0,3.94,8.9
2013-02-07,21.0,23.7,19.4,21.7,24.4,84,0.1,0.1,0.0,1.0,5.37,11.0
2013-02-08,16.7,20.2,11.6,15.1,21.2,79,0.9,0.9,0.0,3.0,5.99,11.9
2013-02-09,12.1,14.8,10.0,8.9,11.9,67,0.0,0.0,0.0,0.0,5.68,11.4
2013-02-10,14.8,17.9,11.9,13.5,17.4,68,0.0,0.0,0.0,0.0,3.48,6.4
2013-02-11,17.8,20.8,16.2,17.1,20.6,77,0.0,0.0,0.0,0.0,4.71,10.4
2013-02-12,18.7,23.1,15.0,17.7,22.8,70,0.0,0.0,0.0,0.0,5.57,11.0
2013-02-13,16.5,21.2,13.3,15.0,20.7,67,0.0,0.0,0.0,0.0,4.85,9.8
2013-02-14,19.7,23.1,17.2,20.3,24.5,77,0.0,0.0,0.0,0.0,3.32,9.0
2013-02-15,21.2,24.3,18.3,22.1,25.4,74,0.5,0.5,0.0,4.0,4.26,8.4
2013-02-16,17.1,18.8,15.1,15.9,18.1,74,0.0,0.0,0.0,0.0,4.55,10.8
2013-02-17,19.0,22.2,17.1,19.3,23.1,81,0.0,0.0,0.0,0.0,4.81,9.8
2013-02-18,21.2,24.5,19.0,23.3,26.5,84,0.2,0.2,0.0,2.0,2.82,7.0
2013-02-19,20.3,25.7,16.5,21.3,28.0,80,0.0,0.0,0.0,0.0,5.61,11.2
2013-02-20,16.5,19.1,14.5,14.7,17.4,65,0.0,0.0,0.0,0.0,4.88,10.0
2013-02-21,17.6,21.0,15.1,16.8,21.0,69,0.0,0.0,0.0,0.0,3.83,9.0
2013-02-22,18.7,23.1,15.4,17.3,22.0,65,0.0,0.0,0.0,0.0,4.72,10.1
2013-02-23,17.4,20.8,14.6,16.0,20.3,64,0.0,0.0,0.0,0.0,4.66,9.4
2013-02-24,18.7,21.9,16.0,17.9,21.2,70,0.0,0.0,0.0,0.0,4.0,10.2
2013-02-25,21.0,23.8,18.9,20.7,23.2,70,0.0,0.0,0.0,0.0,4.84,10.6
2013-02-26,21.7,24.3,19.9,23.8,26.5,84,0.0,0.0,0.0,0.0,3.36,8.5
2013-02-27,23.2,26.9,20.8,26.3,30.6,82,0.6,0.6,0.0,5.0,1.97,4.8
2013-02-28,20.9,22.4,20.0,21.5,24.4,87,0.1,0.1,0.0,1.0,6.63,12.7
2013-03-01,21.8,23.7,20.2,23.5,25.4,88,0.4,0.4,0.0,2.0,5.02,10.8
2013-03-02,17.7,22.5,13.7,16.9,26.3,81,2.1,2.1,0.0,5.0,6.3,12.8
2013-03-03,13.6,15.8,11.9,10.1,12.4,62,1.8,1.8,0.0,8.0,5.32,10.7
2013-03-04,16.3,21.4,12.2,13.9,19.8,51,0.0,0.0,0.0,0.0,4.66,9.7
2013-03-05,18.5,23.4,15.4,16.6,21.2,52,0.0,0.0,0.0,0.0,3.86,10.3
2013-03-06,18.9,23.9,15.4,18.7,25.5,67,0.0,0.0,0.0,0.0,3.13,7.6
2013-03-07,19.5,25.7,14.6,19.9,26.9,70,0.0,0.0,0.0,0.0,2.45,5.5
2013-03-08,20.3,26.8,15.6,20.7,28.1,66,0.0,0.0,0.0,0.0,3.58,7.1
2013-03-09,20.2,25.5,15.3,20.7,26.5,73,0.0,0.0,0.0,0.0,4.52,9.4
2013-03-10,20.7,26.2,16.3,22.0,29.1,73,0.0,0.0,0.0,0.0,3.32,6.8
2013-03-11,20.9,24.9,18.0,21.7,27.0,79,0.0,0.0,0.0,0.0,5.47,12.0
2013-03-12,21.2,24.8,18.7,22.3,26.6,79,0.0,0.0,0.0,0.0,5.02,10.6
2013-03-13,23.0,27.0,20.0,25.3,28.9,79,0.0,0.0,0.0,0.0,3.97,8.0
2013-03-14,20.2,22.1,18.4,20.3,25.3,77,0.7,0.7,0.0,5.0,4.88,11.1
2013-03-15,19.5,22.0,17.9,19.5,22.7,74,0.0,0.0,0.0,0.0,4.03,10.0
2013-03-16,20.4,23.6,18.6,21.0,24.7,77,0.0,0.0,0.0,0.0,4.62,11.3
2013-03-17,22.0,25.1,19.6,23.8,26.9,83,0.0,0.0,0.0,0.0,4.46,10.1
2013-03-18,23.3,26.1,21.3,26.5,28.5,87,0.4,0.4,0.0,3.0,4.02,8.1
2013-03-19,24.1,26.7,22.5,26.9,28.3,88,1.1,1.1,0.0,5.0,6.87,13.6
2013-03-20,23.7,25.7,21.9,27.0,28.8,87,14.8,14.8,0.0,14.0,4.24,10.7
2013-03-21,21.7,23.6,20.4,23.4,25.9,88,1.1,1.1,0.0,4.0,6.98,13.4
2013-03-22,22.4,25.5,20.3,24.1,28.2,84,0.0,0.0,0.0,0.0,5.29,10.3
2013-03-23,23.2,26.5,21.2,26.4,30.4,85,0.0,0.0,0.0,0.0,4.4,8.9
2013-03-24,23.2,25.8,20.8,26.5,28.7,87,2.7,2.7,0.0,9.0,4.1,10.2
2013-03-25,22.0,23.2,20.5,23.1,26.9,87,1.1,1.1,0.0,8.0,8.23,15.6
2013-03-26,20.9,21.9,20.0,21.4,23.7,89,17.0,17.0,0.0,12.0,8.6,16.2
2013-03-27,20.5,22.4,18.6,22.1,24.4,85,5.8,5.8,0.0,3.0,3.52,9.6
2013-03-28,20.1,21.1,19.3,21.4,22.3,92,36.8,36.8,0.0,19.0,5.17,13.3
2013-03-29,20.9,22.8,19.5,23.2,25.6,91,22.9,22.9,0.0,11.0,3.34,8.6
2013-03-30,19.6,20.6,18.7,19.5,21.5,90,21.8,21.8,0.0,12.0,8.49,15.1
2013-03-31,20.7,22.6,19.6,22.3,24.2,89,43.4,43.4,0.0,8.0,4.33,14.0
2013-04-01,21.0,23.3,19.5,22.2,25.6,85,1.6,1.6,0.0,7.0,4.95,10.5
2013-04-02,21.3,23.1,20.2,24.0,26.4,91,24.2,24.2,0.0,10.0,3.04,10.0
2013-04-03,20.3,21.6,19.5,20.5,22.6,87,7.9,7.9,0.0,12.0,6.32,13.4
2013-04-04,20.8,21.9,19.6,21.8,23.5,93,2.1,2.1,0.0,10.0,6.07,11.6
2013-04-05,24.0,25.9,21.7,27.0,29.5,93,14.6,14.6,0.0,21.0,7.55,14.9
2013-04-06,20.0,22.8,16.2,19.1,26.8,76,2.8,2.8,0.0,7.0,7.82,14.4
2013-04-07,17.1,19.5,14.4,15.1,18.5,63,0.0,0.0,0.0,0.0,5.47,11.0
2013-04-08,18.9,19.7,17.6,18.7,20.1,80,2.4,2.4,0.0,12.0,4.8,10.4
2013-04-09,19.7,21.7,18.0,20.5,22.5,87,6.0,6.0,0.0,16.0,4.59,9.1
2013-04-10,19.2,20.5,18.5,19.8,20.4,87,10.3,10.3,0.0,18.0,4.74,9.1
2013-04-11,18.3,19.1,17.0,18.6,20.3,86,3.2,3.2,0.0,14.0,4.27,8.9
2013-04-12,18.0,19.9,16.8,17.9,19.3,80,0.0,0.0,0.0,0.0,3.96,8.3
2013-04-13,19.6,22.4,17.1,20.1,23.4,71,0.5,0.5,0.0,1.0,2.51,6.4
2013-04-14,21.7,25.6,18.9,23.5,27.3,77,0.7,0.7,0.0,3.0,3.05,6.8
2013-04-15,22.4,27.0,18.3,25.1,31.4,82,0.0,0.0,0.0,0.0,3.98,8.1
2013-04-16,22.9,24.6,21.1,25.6,27.0,87,0.2,0.2,0.0,2.0,4.44,9.2
2013-04-17,24.2,25.8,23.1,28.3,29.8,93,6.3,6.3,0.0,15.0,4.61,8.9
2013-04-18,24.8,26.7,23.5,28.9,30.9,90,5.7,5.7,0.0,9.0,4.03,9.8
2013-04-19,25.2,27.4,23.8,30.0,32.9,93,17.1,17.1,0.0,19.0,3.8,8.4
2013-04-20,24.8,28.0,22.7,28.9,32.5,91,4.3,4.3,0.0,16.0,4.39,8.2
2013-04-21,22.0,24.1,21.1,23.4,28.8,85,2.4,2.4,0.0,5.0,5.01,9.8
2013-04-22,21.0,22.6,19.9,21.4,22.7,88,1.7,1.7,0.0,7.0,6.77,14.5
2013-04-23,23.3,26.4,21.2,25.8,29.7,87,0.0,0.0,0.0,0.0,5.09,11.1
2013-04-24,24.8,28.0,22.3,29.0,33.3,86,0.0,0.0,0.0,0.0,3.88,7.3
2013-04-25,25.1,28.6,23.0,29.9,34.6,88,12.1,12.1,0.0,7.0,3.45,9.3
2013-04-26,22.5,23.7,21.1,24.6,27.5,87,7.0,7.0,0.0,13.0,5.11,10.7
2013-04-27,21.9,23.4,19.8,22.4,23.8,80,2.5,2.5,0.0,6.0,6.2,12.0
2013-04-28,23.4,25.6,21.9,25.4,27.8,88,2.3,2.3,0.0,8.0,5.79,11.5
2013-04-29,25.0,27.1,23.3,28.5,31.1,89,2.9,2.9,0.0,9.0,5.47,9.9
2013-04-30,25.3,28.8,23.6,29.7,34.2,91,15.3,15.3,0.0,16.0,5.39,12.3
2013-05-01,23.0,26.2,21.0,24.7,29.1,83,0.7,0.7,0.0,3.0,5.85,11.8
2013-05-02,20.4,22.5,18.7,19.8,22.4,72,14.0,14.0,0.0,10.0,5.96,12.4
2013-05-03,20.6,22.5,19.3,21.4,23.8,83,7.5,7.5,0.0,12.0,4.44,11.9
2013-05-04,21.2,23.6,19.6,22.6,25.0,84,2.6,2.6,0.0,8.0,4.1,8.9
2013-05-05,22.9,25.4,20.7,25.3,28.2,85,0.0,0.0,0.0,0.0,3.96,8.7
2013-05-06,23.9,26.2,22.4,26.9,30.7,86,0.9,0.9,0.0,5.0,4.08,8.7
2013-05-07,24.6,27.0,22.8,27.8,30.5,86,2.3,2.3,0.0,3.0,4.61,10.0
2013-05-08,24.3,25.6,23.7,27.4,28.0,90,7.3,7.3,0.0,17.0,5.71,12.2
2013-05-09,25.4,28.6,23.3,30.2,34.7,91,4.0,4.0,0.0,11.0,3.42,8.0
2013-05-10,25.3,28.1,23.2,30.4,33.3,91,18.0,18.0,0.0,24.0,4.25,10.6
2013-05-11,25.5,28.1,23.8,30.6,33.2,90,14.0,14.0,0.0,14.0,2.62,8.8
2013-05-12,25.5,27.8,23.8,30.7,35.2,90,5.6,5.6,0.0,10.0,3.09,7.0
2013-05-13,26.3,29.4,23.9,31.6,36.5,89,0.5,0.5,0.0,1.0,3.2,7.4
2013-05-14,27.0,29.6,25.0,32.0,34.8,87,1.1,1.1,0.0,7.0,4.68,10.1
2013-05-15,28.0,29.8,26.6,33.2,35.6,88,3.4,3.4,0.0,12.0,5.11,11.1
2013-05-16,27.1,28.1,25.0,32.5,34.0,91,20.4,20.4,0.0,21.0,5.02,10.9
2013-05-17,26.1,28.0,24.6,31.8,34.2,92,18.3,18.3,0.0,18.0,2.87,9.7
2013-05-18,28.0,31.2,25.3,33.9,38.1,89,7.7,7.7,0.0,12.0,4.98,9.9
2013-05-19,28.4,31.0,26.3,34.8,37.5,90,8.1,8.1,0.0,13.0,4.16,8.4
2013-05-20,27.5,30.2,25.3,33.6,36.8,90,8.9,8.9,0.0,18.0,4.84,10.4
2013-05-21,25.9,27.7,24.6,31.0,32.6,93,19.6,19.6,0.0,18.0,3.96,9.4
2013-05-22,25.7,27.3,24.8,30.9,32.2,94,45.4,45.4,0.0,18.0,4.88,12.4
2013-05-23,26.9,29.5,24.5,32.8,35.3,89,6.8,6.8,0.0,9.0,3.99,8.0
2013-05-24,27.6,30.6,25.2,33.7,38.0,86,3.3,3.3,0.0,7.0,3.71,7.6
2013-05-25,26.2,27.6,25.2,31.1,32.7,90,12.7,12.7,0.0,17.0,4.67,9.1
2013-05-26,27.6,29.6,25.6,32.2,34.5,88,5.5,5.5,0.0,13.0,5.85,12.2
2013-05-27,28.2,29.0,27.5,33.9,35.2,88,27.0,27.0,0.0,14.0,5.8,11.7
2013-05-28,28.7,30.8,27.2,35.0,37.1,88,5.5,5.5,0.0,14.0,4.49,10.8
2013-05-29,28.6,31.4,26.7,34.7,38.3,85,9.9,9.9,0.0,10.0,4.46,8.9
2013-05-30,28.4,31.4,26.1,35.0,38.8,86,4.5,4.5,0.0,5.0,3.69,8.0
2013-05-31,29.1,32.3,26.3,35.5,39.5,82,0.1,0.1,0.0,1.0,3.68,7.3
2013-06-01,29.7,32.4,27.2,35.7,40.1,80,0.0,0.0,0.0,0.0,4.22,8.6
2013-06-02,30.1,33.0,27.7,35.6,38.6,76,0.0,0.0,0.0,0.0,4.35,9.0
2013-06-03,29.6,32.7,27.7,35.8,40.5,78,1.7,1.7,0.0,4.0,3.42,7.9
2013-06-04,27.9,30.2,26.3,34.0,36.2,86,14.0,14.0,0.0,16.0,3.76,7.8
2013-06-05,26.7,28.7,25.7,32.1,34.6,89,12.8,12.8,0.0,15.0,3.45,7.1
2013-06-06,27.7,30.3,25.4,33.4,36.7,87,4.9,4.9,0.0,11.0,4.44,9.2
2013-06-07,29.1,31.6,27.0,34.8,38.1,82,1.4,1.4,0.0,7.0,5.04,10.6
2013-06-08,29.1,31.3,27.6,35.0,37.3,85,1.8,1.8,0.0,7.0,4.92,9.9
2013-06-09,29.0,31.2,27.9,35.8,38.4,88,10.7,10.7,0.0,18.0,4.58,9.7
2013-06-10,28.1,29.3,27.1,34.7,36.2,89,19.7,19.7,0.0,21.0,4.1,7.5
2013-06-11,24.1,26.8,23.1,27.3,33.5,90,43.7,43.7,0.0,19.0,4.74,9.7
2013-06-12,25.0,27.5,23.2,27.0,29.7,76,5.8,5.8,0.0,10.0,5.12,10.6
2013-06-13,25.1,26.7,23.0,27.9,30.3,82,13.1,13.1,0.0,13.0,5.17,9.2
2013-06-14,25.6,27.4,24.4,29.0,31.0,88,16.9,16.9,0.0,20.0,5.19,11.9
2013-06-15,26.6,27.8,25.5,31.3,32.9,93,22.9,22.9,0.0,24.0,5.71,10.8
2013-06-16,27.7,30.1,26.3,32.8,36.0,90,14.7,14.7,0.0,21.0,5.28,10.7
2013-06-17,28.1,30.4,26.2,33.6,36.3,87,6.4,6.4,0.0,15.0,4.88,10.1
2013-06-18,29.0,32.2,26.5,35.7,40.3,83,1.3,1.3,0.0,7.0,3.14,6.0
2013-06-19,29.7,33.0,27.0,36.5,40.6,81,0.5,0.5,0.0,4.0,2.42,5.2
2013-06-20,30.2,33.5,27.5,37.0,42.6,79,0.2,0.2,0.0,1.0,3.37,7.5
2013-06-21,29.8,33.2,27.2,35.4,39.9,81,4.6,4.6,0.0,5.0,6.23,15.1
2013-06-22,28.3,29.6,27.0,32.7,34.6,86,13.5,13.5,0.0,24.0,6.63,15.5
2013-06-23,27.6,30.0,26.3,32.4,34.4,89,14.7,14.7,0.0,23.0,5.28,10.5
2013-06-24,27.0,28.5,25.9,32.1,33.4,91,29.4,29.4,0.0,24.0,4.69,11.8
2013-06-25,28.4,30.2,26.8,34.0,35.4,88,25.0,25.0,0.0,21.0,6.04,13.7
2013-06-26,29.7,31.7,28.2,35.0,36.7,83,0.3,0.3,0.0,2.0,6.84,14.4
2013-06-27,29.9,32.0,28.5,35.0,37.4,80,0.2,0.2,0.0,2.0,6.63,14.2
2013-06-28,29.8,31.7,28.4,35.0,37.8,80,1.1,1.1,0.0,5.0,6.05,12.4
2013-06-29,30.1,32.6,28.3,35.9,40.2,81,0.7,0.7,0.0,5.0,5.04,9.9
2013-06-30,30.1,32.8,27.7,35.9,39.6,75,0.7,0.7,0.0,4.0,4.02,8.4
2013-07-01,28.3,30.8,26.8,32.6,35.4,84,13.0,13.0,0.0,20.0,6.96,16.4
2013-07-02,28.5,30.0,27.0,32.6,34.8,82,2.5,2.5,0.0,10.0,6.8,15.7
2013-07-03,29.4,31.5,27.2,34.8,37.5,79,1.3,1.3,0.0,5.0,4.59,10.6
2013-07-04,29.6,32.2,27.3,35.4,39.2,77,0.0,0.0,0.0,0.0,4.08,8.8
2013-07-05,29.8,32.3,27.5,35.4,38.7,75,0.0,0.0,0.0,0.0,3.54,7.2
2013-07-06,28.4,30.4,27.0,33.8,35.9,83,13.2,13.2,0.0,17.0,4.53,9.7
2013-07-07,27.9,29.9,26.3,32.4,34.7,84,13.3,13.3,0.0,15.0,5.79,12.9
2013-07-08,28.6,31.2,25.9,33.6,37.4,80,3.0,3.0,0.0,11.0,4.33,9.5
2013-07-09,28.4,30.7,26.4,34.2,37.3,82,4.2,4.2,0.0,10.0,3.95,9.4
2013-07-10,27.7,30.6,25.9,33.4,37.0,84,11.8,11.8,0.0,16.0,3.0,6.1
2013-07-11,28.9,32.1,26.1,35.3,40.2,80,2.7,2.7,0.0,7.0,2.18,5.4
2013-07-12,29.9,33.5,27.3,36.3,40.8,78,0.4,0.4,0.0,2.0,2.69,6.3
2013-07-13,30.4,33.7,27.8,36.4,41.3,79,0.0,0.0,0.0,0.0,4.98,10.1
2013-07-14,29.0,30.0,26.8,34.1,35.2,84,5.7,5.7,0.0,13.0,5.24,10.8
2013-07-15,27.0,29.4,26.0,32.1,34.9,88,9.1,9.1,0.0,19.0,4.16,8.8
2013-07-16,27.1,28.7,25.6,32.6,34.7,87,25.4,25.4,0.0,21.0,3.18,7.0
2013-07-17,26.8,29.2,25.7,31.9,35.1,88,24.1,24.1,0.0,24.0,4.18,9.1
2013-07-18,27.8,30.4,25.4,33.5,36.8,83,1.3,1.3,0.0,8.0,2.67,5.7
2013-07-19,27.8,29.8,26.1,32.8,35.1,86,11.0,11.0,0.0,14.0,5.68,10.5
2013-07-20,27.7,30.4,26.4,32.7,36.3,87,16.8,16.8,0.0,18.0,4.95,12.1
2013-07-21,27.9,30.5,26.0,33.2,36.7,87,7.4,7.4,0.0,14.0,4.62,9.4
2013-07-22,28.1,30.6,26.7,33.3,37.2,85,9.1,9.1,0.0,11.0,4.46,10.3
2013-07-23,28.4,31.0,26.4,33.9,38.1,85,4.6,4.6,0.0,12.0,4.21,9.7
2013-07-24,26.7,27.8,25.9,31.4,32.6,90,13.2,13.2,0.0,18.0,4.98,9.7
2013-07-25,26.3,27.7,25.5,30.9,32.9,92,18.6,18.6,0.0,22.0,6.35,11.4
2013-07-26,26.5,28.2,25.5,30.7,32.1,91,32.3,32.3,0.0,24.0,6.45,13.1
2013-07-27,26.8,28.7,25.6,31.6,34.0,91,12.5,12.5,0.0,23.0,4.78,9.8
2013-07-28,27.4,30.1,25.8,32.5,35.3,88,17.4,17.4,0.0,21.0,4.63,9.7
2013-07-29,28.5,31.9,25.6,34.8,40.3,84,4.1,4.1,0.0,10.0,3.01,7.7
2013-07-30,29.3,32.7,26.5,35.7,39.8,79,0.0,0.0,0.0,0.0,2.56,6.6
2013-07-31,29.2,32.3,27.1,34.9,38.4,83,4.7,4.7,0.0,15.0,5.36,10.8
2013-08-01,28.7,31.0,27.3,33.1,35.4,81,6.4,6.4,0.0,11.0,6.6,14.7
2013-08-02,27.6,28.7,26.7,31.4,32.6,86,16.0,16.0,0.0,19.0,6.9,15.6
2013-08-03,27.9,29.9,26.6,32.2,34.4,88,12.0,12.0,0.0,20.0,6.88,14.9
2013-08-04,29.3,32.1,26.9,35.3,39.2,81,0.4,0.4,0.0,3.0,3.83,8.3
2013-08-05,29.4,32.6,26.6,36.0,40.2,79,0.3,0.3,0.0,3.0,2.22,5.2
2013-08-06,29.7,32.7,26.6,36.0,39.9,80,0.7,0.7,0.0,2.0,4.25,8.8
2013-08-07,29.1,31.2,27.5,34.4,35.8,81,8.4,8.4,0.0,11.0,5.47,11.5
2013-08-08,29.1,32.6,26.1,35.2,40.2,81,5.1,5.1,0.0,8.0,3.21,9.4
2013-08-09,29.9,33.3,27.3,36.3,40.1,79,0.0,0.0,0.0,0.0,2.73,5.4
2013-08-10,30.1,33.0,27.7,37.1,41.6,80,1.3,1.3,0.0,8.0,3.11,5.5
2013-08-11,29.4,32.5,26.6,35.0,39.4,77,3.5,3.5,0.0,7.0,3.55,7.9
2013-08-12,30.3,33.6,27.1,36.8,41.3,77,0.8,0.8,0.0,4.0,3.49,7.6
2013-08-13,28.1,29.4,26.6,32.2,36.0,85,25.9,25.9,0.0,15.0,8.26,19.2
2013-08-14,27.7,29.1,26.8,30.0,31.2,87,17.8,17.8,0.0,24.0,10.39,25.6
2013-08-15,27.6,28.4,26.6,31.1,32.7,90,42.5,42.5,0.0,24.0,8.42,17.8
2013-08-16,27.0,27.4,26.6,31.1,32.2,92,72.4,72.4,0.0,24.0,7.03,14.6
2013-08-17,27.2,28.2,26.2,32.1,33.6,92,65.7,65.7,0.0,23.0,5.5,12.8
2013-08-18,27.3,28.7,26.5,32.7,34.4,91,27.3,27.3,0.0,23.0,3.89,9.5
2013-08-19,28.1,30.4,26.2,34.1,36.7,88,11.1,11.1,0.0,17.0,3.72,8.2
2013-08-20,28.7,32.5,26.5,35.8,41.6,85,8.7,8.7,0.0,11.0,2.11,6.4
2013-08-21,28.6,31.8,26.2,35.0,38.9,86,4.8,4.8,0.0,7.0,3.26,7.3
2013-08-22,28.7,31.0,27.5,34.3,36.8,87,21.5,21.5,0.0,18.0,4.83,10.8
2013-08-23,27.9,29.4,26.5,32.6,33.9,89,33.3,33.3,0.0,23.0,6.22,14.3
2013-08-24,27.6,28.8,26.5,32.7,34.4,90,9.5,9.5,0.0,20.0,5.12,10.8
2013-08-25,28.0,30.0,26.5,33.9,36.5,89,4.0,4.0,0.0,10.0,3.89,8.7
2013-08-26,28.6,31.4,26.1,35.1,39.0,84,3.1,3.1,0.0,8.0,2.44,5.8
2013-08-27,29.3,32.6,26.7,36.1,41.0,81,0.3,0.3,0.0,2.0,2.5,5.7
2013-08-28,29.5,32.7,26.5,36.0,40.2,80,0.3,0.3,0.0,3.0,3.1,5.0
2013-08-29,29.8,33.3,27.4,36.5,41.3,79,1.1,1.1,0.0,1.0,3.0,6.5
2013-08-30,27.7,28.6,26.6,33.7,35.4,88,17.1,17.1,0.0,18.0,3.76,9.2
2013-08-31,26.9,29.2,26.0,32.9,36.1,90,24.4,24.4,0.0,21.0,2.76,5.8
2013-09-01,27.2,29.5,25.9,33.3,35.3,88,22.1,22.1,0.0,12.0,3.72,8.1
2013-09-02,27.2,29.2,25.6,32.9,35.4,87,10.7,10.7,0.0,17.0,3.45,7.8
2013-09-03,26.6,28.3,25.6,31.9,33.5,89,12.0,12.0,0.0,22.0,3.9,8.9
2013-09-04,25.9,26.6,25.3,30.5,31.4,91,32.8,32.8,0.0,24.0,5.06,10.0
2013-09-05,26.0,27.5,24.8,30.3,32.0,89,16.2,16.2,0.0,23.0,4.18,10.0
2013-09-06,27.3,30.2,25.1,32.0,36.2,81,2.3,2.3,0.0,6.0,3.34,8.0
2013-09-07,28.1,31.3,25.8,33.0,36.1,77,0.0,0.0,0.0,0.0,2.84,6.2
2013-09-08,28.4,31.4,26.3,33.5,36.6,76,0.0,0.0,0.0,0.0,2.92,7.6
2013-09-09,28.6,31.9,26.3,33.8,37.7,77,0.0,0.0,0.0,0.0,3.13,8.4
2013-09-10,28.8,31.9,26.6,34.2,38.1,79,0.4,0.4,0.0,3.0,3.76,9.1
2013-09-11,28.9,32.0,26.6,34.5,38.2,80,0.1,0.1,0.0,1.0,3.81,9.4
2013-09-12,28.6,31.6,26.5,34.0,37.3,79,1.2,1.2,0.0,4.0,3.89,7.9
2013-09-13,27.6,30.2,26.0,32.9,35.7,84,7.6,7.6,0.0,10.0,3.42,8.4
2013-09-14,28.1,31.5,25.6,33.6,37.1,81,3.4,3.4,0.0,13.0,2.64,7.4
2013-09-15,28.4,31.8,26.4,34.6,39.3,82,8.2,8.2,0.0,13.0,2.77,6.7
2013-09-16,28.5,31.6,26.2,32.9,36.0,77,1.3,1.3,0.0,6.0,5.13,11.8
2013-09-17,28.4,30.9,26.6,31.2,34.5,69,0.0,0.0,0.0,0.0,5.4,11.7
2013-09-18,28.1,30.5,26.2,30.9,33.7,71,0.0,0.0,0.0,0.0,5.64,12.3
2013-09-19,28.7,32.1,26.3,33.3,37.5,74,1.3,1.3,0.0,4.0,4.21,9.8
2013-09-20,29.4,33.1,26.2,35.2,38.7,77,0.0,0.0,0.0,0.0,2.95,7.4
2013-09-21,30.2,33.2,27.5,34.0,36.6,67,0.2,0.2,0.0,1.0,5.15,10.8
2013-09-22,28.3,29.7,26.3,30.6,33.6,75,23.4,23.4,0.0,13.0,11.36,20.7
2013-09-23,27.6,29.3,26.1,31.2,33.7,88,52.5,52.5,0.0,20.0,11.16,21.9
2013-09-24,28.2,30.7,26.8,33.1,36.9,86,2.5,2.5,0.0,10.0,5.37,10.4
2013-09-25,28.6,31.9,26.6,33.3,36.4,75,0.4,0.4,0.0,3.0,4.11,8.9
2013-09-26,26.2,28.3,24.3,28.9,32.3,74,0.0,0.0,0.0,0.0,5.24,10.5
2013-09-27,25.9,29.4,23.0,28.5,33.1,71,0.0,0.0,0.0,0.0,4.25,8.7
2013-09-28,26.3,27.8,24.5,29.7,31.3,78,1.5,1.5,0.0,4.0,4.25,8.5
2013-09-29,24.6,26.0,24.1,26.6,29.4,80,9.4,9.4,0.0,17.0,5.37,10.5
2013-09-30,25.6,27.0,24.0,28.9,31.3,85,4.5,4.5,0.0,15.0,6.08,11.4
2013-10-01,27.5,30.7,25.4,32.2,35.9,78,0.1,0.1,0.0,1.0,3.61,8.7
2013-10-02,27.5,31.2,24.6,30.6,33.3,67,0.0,0.0,0.0,0.0,3.96,8.6
2013-10-03,26.4,29.9,23.5,29.0,33.1,66,0.0,0.0,0.0,0.0,3.66,7.1
2013-10-04,26.1,29.2,23.8,29.2,31.6,69,0.0,0.0,0.0,0.0,3.52,7.8
2013-10-05,25.6,29.5,22.9,28.2,31.5,68,0.0,0.0,0.0,0.0,2.64,6.0
2013-10-06,26.1,30.3,22.5,27.3,31.4,61,0.0,0.0,0.0,0.0,4.92,9.7
2013-10-07,26.9,30.8,23.8,27.7,31.5,60,0.0,0.0,0.0,0.0,6.32,12.1
2013-10-08,26.4,28.5,24.6,28.2,30.0,66,0.1,0.1,0.0,1.0,4.65,9.4
2013-10-09,26.2,29.4,24.1,30.0,34.2,77,0.7,0.7,0.0,3.0,3.72,7.5
2013-10-10,27.1,30.2,24.9,31.9,35.8,80,0.1,0.1,0.0,1.0,3.62,7.6
2013-10-11,27.8,31.7,24.6,32.8,37.1,79,0.3,0.3,0.0,2.0,3.44,7.8
2013-10-12,27.7,31.6,25.4,32.0,36.7,74,0.0,0.0,0.0,0.0,3.48,9.2
2013-10-13,27.1,29.9,25.6,29.3,33.4,67,0.0,0.0,0.0,0.0,4.79,12.1
2013-10-14,25.6,26.8,24.2,28.4,30.5,79,6.0,6.0,0.0,15.0,5.95,12.7
2013-10-15,27.0,30.1,25.3,30.7,32.0,75,0.0,0.0,0.0,0.0,3.68,7.6
2013-10-16,25.1,27.4,23.2,26.4,29.2,70,0.2,0.2,0.0,2.0,5.7,13.2
2013-10-17,24.5,26.8,23.1,26.0,28.5,71,0.0,0.0,0.0,0.0,5.11,11.6
2013-10-18,24.5,26.8,23.0,25.5,27.0,64,0.0,0.0,0.0,0.0,4.7,9.8
2013-10-19,24.7,28.2,22.1,25.7,29.2,62,0.3,0.3,0.0,1.0,4.34,8.9
2013-10-20,24.6,28.3,21.6,26.0,30.4,63,0.0,0.0,0.0,0.0,4.43,9.3
2013-10-21,24.9,28.2,22.0,26.7,30.6,66,0.0,0.0,0.0,0.0,4.07,8.2
2013-10-22,25.2,28.8,23.0,26.5,29.9,63,0.0,0.0,0.0,0.0,4.31,8.5
2013-10-23,24.0,28.0,21.4,23.6,27.3,52,0.0,0.0,0.0,0.0,4.31,9.1
2013-10-24,23.9,28.1,20.8,22.5,26.8,43,0.0,0.0,0.0,0.0,4.84,9.5
2013-10-25,24.0,27.5,21.8,21.6,25.3,37,0.0,0.0,0.0,0.0,5.26,10.9
2013-10-26,21.6,25.4,18.6,19.9,25.0,44,0.0,0.0,0.0,0.0,4.77,9.4
2013-10-27,21.4,25.3,19.0,21.4,25.2,65,0.0,0.0,0.0,0.0,3.98,9.1
2013-10-28,22.3,26.1,19.6,22.7,26.8,67,0.0,0.0,0.0,0.0,4.37,10.1
2013-10-29,23.6,26.6,21.2,25.3,27.8,70,0.0,0.0,0.0,0.0,4.08,9.5
2013-10-30,24.3,27.5,22.6,26.5,29.8,72,0.0,0.0,0.0,0.0,3.2,8.4
2013-10-31,25.1,29.6,22.2,27.8,31.9,72,0.0,0.0,0.0,0.0,2.69,6.9
2013-11-01,25.6,30.2,21.6,27.5,31.2,67,0.0,0.0,0.0,0.0,4.17,8.9
2013-11-02,26.0,28.3,24.2,26.3,28.6,61,0.0,0.0,0.0,0.0,6.14,12.2
2013-11-03,25.6,27.7,24.0,25.5,27.4,65,0.3,0.3,0.0,2.0,7.26,13.8
2013-11-04,23.1,24.8,21.6,23.9,25.5,75,5.1,5.1,0.0,19.0,5.5,11.7
2013-11-05,22.4,24.6,20.6,24.1,25.9,81,2.7,2.7,0.0,10.0,3.76,9.0
2013-11-06,24.0,26.3,22.4,26.6,29.6,77,1.5,1.5,0.0,5.0,3.14,7.2
2013-11-07,24.3,27.7,22.3,26.8,30.5,77,0.0,0.0,0.0,0.0,3.74,9.5
2013-11-08,24.3,27.6,22.6,26.5,30.1,74,0.0,0.0,0.0,0.0,3.73,9.4
2013-11-09,25.6,29.0,22.7,27.7,30.8,73,0.0,0.0,0.0,0.0,5.47,12.9
2013-11-10,25.7,26.8,24.8,28.5,30.1,84,6.6,6.6,0.0,21.0,6.43,12.5
2013-11-11,25.2,27.0,23.4,26.6,28.0,81,0.0,0.0,0.0,0.0,7.91,16.1
2013-11-12,23.1,24.5,21.3,23.8,25.5,84,9.1,9.1,0.0,9.0,9.39,18.1
2013-11-13,19.4,21.1,18.6,19.2,22.7,81,0.6,0.6,0.0,4.0,5.41,10.0
2013-11-14,19.5,21.4,17.8,19.0,21.1,76,0.0,0.0,0.0,0.0,5.06,10.3
2013-11-15,20.6,24.7,17.6,19.7,24.2,64,0.0,0.0,0.0,0.0,5.54,11.0
2013-11-16,20.9,25.1,17.4,20.4,25.2,62,0.0,0.0,0.0,0.0,3.89,8.5
2013-11-17,21.1,24.6,18.1,19.4,23.0,48,0.0,0.0,0.0,0.0,4.53,9.2
2013-11-18,20.9,24.4,18.4,18.9,22.0,46,0.0,0.0,0.0,0.0,4.44,9.7
2013-11-19,20.5,22.9,18.4,19.3,21.3,55,0.0,0.0,0.0,0.0,3.83,8.9
2013-11-20,19.9,21.2,18.7,19.3,20.4,67,0.0,0.0,0.0,0.0,4.52,10.4
2013-11-21,20.7,23.8,18.5,20.3,22.5,63,1.0,1.0,0.0,4.0,3.3,8.3
2013-11-22,21.0,24.1,18.5,21.3,23.8,72,2.6,2.6,0.0,5.0,4.22,9.5
2013-11-23,22.0,25.0,19.6,22.3,24.6,72,0.1,0.1,0.0,1.0,4.68,11.2
2013-11-24,22.2,25.2,20.1,24.1,28.2,82,6.7,6.7,0.0,16.0,5.3,10.3
2013-11-25,18.7,22.7,15.7,15.8,19.4,49,0.0,0.0,0.0,0.0,6.24,12.3
2013-11-26,18.8,22.1,15.4,17.6,21.3,62,0.0,0.0,0.0,0.0,3.64,8.8
2013-11-27,19.3,22.4,14.9,18.3,22.2,72,0.9,0.9,0.0,4.0,6.8,12.6
2013-11-28,15.8,19.6,12.9,11.7,15.4,54,2.7,2.7,0.0,8.0,6.89,13.2
2013-11-29,14.8,18.2,12.6,9.9,13.5,33,0.0,0.0,0.0,0.0,6.57,13.2
2013-11-30,15.1,19.7,11.7,12.2,17.4,44,0.0,0.0,0.0,0.0,3.38,8.0
2013-12-01,16.9,22.1,13.0,14.0,18.8,44,0.0,0.0,0.0,0.0,3.72,8.3
2013-12-02,17.2,22.8,13.3,14.7,20.2,46,0.0,0.0,0.0,0.0,3.41,7.4
2013-12-03,17.7,22.8,14.5,16.7,21.4,66,0.0,0.0,0.0,0.0,3.66,8.6
2013-12-04,18.2,24.1,13.5,16.5,21.2,56,0.0,0.0,0.0,0.0,4.97,9.8
2013-12-05,17.3,22.0,13.7,14.9,20.4,45,0.0,0.0,0.0,0.0,3.96,8.7
2013-12-06,17.3,22.5,13.4,14.9,19.0,50,0.0,0.0,0.0,0.0,4.3,8.8
2013-12-07,17.9,22.8,14.5,16.8,22.0,59,0.0,0.0,0.0,0.0,3.09,7.3
2013-12-08,18.5,21.9,15.1,18.8,22.0,75,0.5,0.5,0.0,3.0,2.67,6.7
2013-12-09,21.7,25.5,19.0,21.4,24.9,62,0.6,0.6,0.0,3.0,4.7,10.8
2013-12-10,19.1,21.2,17.0,17.3,20.4,57,0.0,0.0,0.0,0.0,4.93,11.0
2013-12-11,18.3,19.8,16.6,15.9,20.3,51,0.0,0.0,0.0,0.0,5.17,10.8
2013-12-12,16.9,18.8,15.0,14.9,17.2,58,0.0,0.0,0.0,0.0,4.5,8.4
2013-12-13,17.7,20.0,15.7,16.8,19.6,70,0.6,0.6,0.0,3.0,4.29,7.9
2013-12-14,17.0,18.3,15.9,16.3,18.0,80,17.8,17.8,0.0,13.0,4.36,10.0
2013-12-15,15.5,16.2,14.2,14.5,15.5,92,23.8,23.8,0.0,22.0,5.46,11.2
2013-12-16,12.0,13.9,11.1,8.8,11.9,91,23.7,23.7,0.0,24.0,7.21,14.0
2013-12-17,11.0,11.6,10.5,8.3,9.2,92,30.0,30.0,0.0,19.0,5.63,10.7
2013-12-18,10.5,12.9,8.8,6.2,8.4,68,0.0,0.0,0.0,0.0,7.09,14.4
2013-12-19,11.5,14.7,9.1,7.6,11.4,61,0.0,0.0,0.0,0.0,6.14,11.8
2013-12-20,12.8,16.0,9.4,9.6,13.3,60,0.0,0.0,0.0,0.0,5.2,9.8
2013-12-21,13.6,16.3,11.7,10.2,12.8,56,0.0,0.0,0.0,0.0,5.24,10.1
2013-12-22,12.0,15.6,8.7,8.5,12.6,55,0.0,0.0,0.0,0.0,5.13,9.8
2013-12-23,13.2,17.6,9.6,10.2,14.6,56,0.0,0.0,0.0,0.0,4.02,8.3
2013-12-24,13.5,17.6,10.1,10.4,14.8,55,0.0,0.0,0.0,0.0,4.3,9.3
2013-12-25,14.0,18.0,10.8,11.1,15.2,55,0.0,0.0,0.0,0.0,4.3,8.1
2013-12-26,13.7,17.5,10.6,9.5,12.8,44,0.0,0.0,0.0,0.0,5.66,11.7
2013-12-27,12.3,15.1,10.1,7.3,10.6,38,0.0,0.0,0.0,0.0,6.48,13.0
2013-12-28,10.4,14.3,6.9,6.0,10.4,41,0.0,0.0,0.0,0.0,4.75,9.6
2013-12-29,10.9,15.2,7.0,6.9,12.2,43,0.0,0.0,0.0,0.0,5.02,9.4
2013-12-30,12.3,17.3,8.7,9.3,14.2,51,0.0,0.0,0.0,0.0,2.89,7.0
2013-12-31,13.7,19.1,10.1,10.9,16.2,50,0.0,0.0,0.0,0.0,2.89,7.1
2014-01-01,14.2,20.0,10.6,11.9,18.6,54,0.0,0.0,0.0,0.0,2.88,6.0
2014-01-02,16.0,21.0,11.8,15.5,21.1,76,0.0,0.0,0.0,0.0,2.72,6.1
2014-01-03,19.1,23.6,16.5,19.3,23.9,72,0.0,0.0,0.0,0.0,2.78,7.0
2014-01-04,17.8,21.4,15.6,15.5,18.5,52,0.0,0.0,0.0,0.0,5.1,10.0
2014-01-05,15.5,19.5,12.4,12.9,17.7,53,0.0,0.0,0.0,0.0,4.08,9.2
2014-01-06,16.4,19.8,13.8,14.6,18.2,73,0.0,0.0,0.0,0.0,5.16,11.9
2014-01-07,18.1,20.3,16.6,17.3,19.3,79,0.0,0.0,0.0,0.0,5.54,11.2
2014-01-08,18.5,21.6,14.2,18.0,21.5,77,0.2,0.2,0.0,1.0,5.69,11.2
2014-01-09,14.3,16.2,12.6,11.1,13.4,62,0.0,0.0,0.0,0.0,6.29,12.1
2014-01-10,15.5,17.7,14.1,13.6,15.9,70,0.0,0.0,0.0,0.0,5.03,11.5
2014-01-11,17.0,20.8,14.5,16.2,21.2,73,0.0,0.0,0.0,0.0,3.91,10.1
2014-01-12,17.0,20.6,13.6,15.6,18.9,70,0.0,0.0,0.0,0.0,6.2,11.5
2014-01-13,12.4,14.7,10.6,8.4,10.7,62,0.0,0.0,0.0,0.0,6.07,11.8
2014-01-14,12.8,16.8,9.7,9.2,13.7,57,0.0,0.0,0.0,0.0,5.44,11.2
2014-01-15,12.7,16.6,9.3,9.5,14.2,54,0.0,0.0,0.0,0.0,5.08,10.6
2014-01-16,13.6,17.8,10.7,11.5,15.9,66,0.0,0.0,0.0,0.0,3.72,9.1
2014-01-17,15.2,20.3,11.2,13.8,18.4,69,0.0,0.0,0.0,0.0,3.21,7.0
2014-01-18,16.2,20.4,13.0,12.3,16.6,39,0.0,0.0,0.0,0.0,5.59,11.9
2014-01-19,13.5,16.7,10.9,11.1,14.2,62,0.0,0.0,0.0,0.0,4.26,11.9
2014-01-20,15.6,20.9,10.9,12.9,18.0,51,0.0,0.0,0.0,0.0,5.11,10.4
2014-01-21,14.9,18.4,12.1,9.7,13.7,26,0.0,0.0,0.0,0.0,6.22,12.6
2014-01-22,12.8,17.5,8.7,8.7,13.8,34,0.0,0.0,0.0,0.0,4.74,10.1
2014-01-23,12.7,16.7,10.0,10.2,14.7,62,0.0,0.0,0.0,0.0,4.1,10.3
2014-01-24,15.3,19.3,12.1,13.7,18.0,75,0.0,0.0,0.0,0.0,5.06,11.1
2014-01-25,18.1,22.0,15.6,18.4,22.6,76,0.0,0.0,0.0,0.0,2.69,7.1
2014-01-26,19.2,24.1,16.5,19.4,25.2,75,0.0,0.0,0.0,0.0,4.51,9.2
2014-01-27,17.1,20.6,15.0,15.8,20.3,69,0.0,0.0,0.0,0.0,4.93,9.9
2014-01-28,16.7,21.1,14.3,16.1,20.5,75,0.0,0.0,0.0,0.0,3.95,8.9
2014-01-29,16.7,22.2,12.7,16.5,22.6,78,0.0,0.0,0.0,0.0,2.75,7.6
2014-01-30,17.3,23.0,12.9,17.8,24.3,80,0.0,0.0,0.0,0.0,2.3,4.6
2014-01-31,17.9,23.5,13.2,18.4,24.3,81,0.0,0.0,0.0,0.0,3.86,8.3
2014-02-01,19.1,23.6,16.0,20.0,24.4,81,0.0,0.0,0.0,0.0,2.66,7.0
2014-02-02,18.6,24.0,14.4,19.5,25.6,81,0.0,0.0,0.0,0.0,2.68,5.5
2014-02-03,19.7,25.4,15.1,20.5,26.8,76,0.0,0.0,0.0,0.0,2.34,5.3
2014-02-04,18.5,21.5,16.2,18.0,20.9,83,0.0,0.0,0.0,0.0,6.67,13.8
2014-02-05,18.2,20.6,16.6,17.1,19.3,78,0.0,0.0,0.0,0.0,6.04,14.0
2014-02-06,19.9,23.1,17.9,20.6,24.4,81,0.0,0.0,0.0,0.0,3.51,8.9
2014-02-07,20.6,23.8,18.1,22.1,24.7,84,1.6,1.6,0.0,4.0,4.15,8.9
2014-02-08,15.0,16.6,14.0,13.3,15.5,78,2.3,2.3,0.0,10.0,5.13,10.3
2014-02-09,13.3,16.3,8.4,10.9,15.8,87,10.3,10.3,0.0,23.0,7.16,13.9
2014-02-10,7.6,8.3,6.6,2.5,3.5,70,2.4,2.4,0.0,8.0,7.46,14.6
2014-02-11,6.7,7.9,5.7,1.7,3.1,61,0.9,0.9,0.0,8.0,5.88,11.7
2014-02-12,7.2,8.3,6.1,3.4,5.1,74,5.0,5.0,0.0,21.0,5.6,10.0
2014-02-13,7.2,8.6,6.5,2.9,4.2,83,8.6,8.6,0.0,17.0,6.2,12.1
2014-02-14,9.8,13.8,6.8,5.7,10.8,60,0.0,0.0,0.0,0.0,5.99,11.8
2014-02-15,10.6,13.6,8.1,7.8,11.8,72,0.2,0.2,0.0,2.0,4.61,9.4
2014-02-16,16.4,19.2,13.8,15.5,18.5,83,0.3,0.3,0.0,3.0,4.9,12.6
2014-02-17,19.1,22.1,16.9,20.0,23.4,86,0.3,0.3,0.0,3.0,3.64,8.2
2014-02-18,16.9,21.1,11.0,16.6,22.5,86,2.1,2.1,0.0,8.0,7.47,14.3
2014-02-19,9.0,10.8,7.4,4.2,5.8,69,4.7,4.7,0.0,11.0,7.32,14.5
2014-02-20,11.5,17.4,6.4,8.4,14.9,57,0.0,0.0,0.0,0.0,5.01,10.0
2014-02-21,14.0,16.7,11.6,11.3,13.6,69,0.0,0.0,0.0,0.0,6.2,13.6
2014-02-22,15.0,17.0,13.4,12.7,15.0,72,1.2,1.2,0.0,6.0,6.07,11.8
2014-02-23,17.1,20.8,14.7,15.7,18.9,72,0.0,0.0,0.0,0.0,4.46,10.5
2014-02-24,18.3,21.8,15.3,17.6,20.7,79,0.0,0.0,0.0,0.0,5.64,11.5
2014-02-25,19.9,22.8,17.9,20.5,23.0,83,0.4,0.4,0.0,3.0,5.32,9.9
2014-02-26,20.9,24.0,18.9,23.1,26.9,85,0.7,0.7,0.0,5.0,2.27,6.0
2014-02-27,20.6,23.8,18.6,21.6,24.7,82,0.0,0.0,0.0,0.0,5.2,10.8
2014-02-28,20.0,21.6,18.7,20.2,21.4,85,2.0,2.0,0.0,10.0,5.7,11.5
2014-03-01,21.3,23.9,19.5,22.9,25.5,85,0.1,0.1,0.0,1.0,4.1,8.1
2014-03-02,19.0,20.8,17.1,19.3,24.1,82,3.0,3.0,0.0,14.0,4.44,9.8
2014-03-03,17.9,19.4,17.0,16.5,18.1,81,0.9,0.9,0.0,4.0,6.62,14.7
2014-03-04,18.9,21.8,17.2,18.9,23.1,82,1.9,1.9,0.0,6.0,5.41,11.3
2014-03-05,16.4,17.5,15.2,15.1,16.7,77,1.7,1.7,0.0,11.0,4.92,11.1
2014-03-06,17.5,19.6,16.3,15.9,17.4,81,2.8,2.8,0.0,12.0,7.83,16.1
2014-03-07,16.3,17.4,15.5,14.4,15.3,82,1.9,1.9,0.0,9.0,6.49,14.3
2014-03-08,16.6,18.7,15.5,15.6,18.9,85,2.5,2.5,0.0,10.0,5.71,12.3
2014-03-09,14.0,15.6,12.8,11.8,14.1,79,3.0,3.0,0.0,13.0,5.33,10.2
2014-03-10,14.5,15.4,13.9,12.7,13.5,83,3.2,3.2,0.0,17.0,5.17,11.5
2014-03-11,17.0,18.8,15.1,15.6,17.5,85,3.9,3.9,0.0,9.0,6.51,14.0
2014-03-12,20.1,22.9,18.0,21.3,24.2,90,8.2,8.2,0.0,10.0,5.22,12.1
2014-03-13,20.4,22.1,18.6,20.6,23.8,75,2.5,2.5,0.0,7.0,5.77,11.5
2014-03-14,17.0,18.6,16.0,14.5,16.4,60,0.2,0.2,0.0,1.0,5.41,11.5
2014-03-15,17.1,19.5,15.2,15.9,18.2,71,0.7,0.7,0.0,1.0,3.86,9.7
2014-03-16,18.8,21.2,16.8,19.0,21.9,77,0.2,0.2,0.0,1.0,3.89,8.4
2014-03-17,20.5,23.6,18.3,22.1,25.1,85,0.0,0.0,0.0,0.0,3.25,7.2
2014-03-18,22.1,25.5,20.0,24.6,27.8,86,0.0,0.0,0.0,0.0,3.61,7.8
2014-03-19,22.6,26.2,20.3,25.6,29.7,85,0.0,0.0,0.0,0.0,2.96,6.8
2014-03-20,21.6,26.8,17.2,23.2,30.2,79,0.0,0.0,0.0,0.0,7.5,14.4
2014-03-21,15.8,16.8,14.7,13.1,14.0,65,0.2,0.2,0.0,2.0,6.19,13.1
2014-03-22,17.3,20.7,15.3,15.9,20.0,62,0.7,0.7,0.0,4.0,4.22,10.6
2014-03-23,19.2,23.6,16.7,18.0,23.1,65,0.0,0.0,0.0,0.0,4.75,11.1
2014-03-24,20.3,24.7,16.9,20.4,25.7,71,0.0,0.0,0.0,0.0,4.22,9.1
2014-03-25,22.2,26.5,19.5,23.6,28.1,75,0.2,0.2,0.0,2.0,3.55,7.7
2014-03-26,22.6,27.4,19.0,25.1,31.2,78,0.0,0.0,0.0,0.0,2.67,5.9
2014-03-27,22.8,27.0,19.2,25.3,29.9,82,0.0,0.0,0.0,0.0,3.76,8.1
2014-03-28,23.6,25.5,21.8,26.3,27.9,86,0.8,0.8,0.0,3.0,5.24,12.0
2014-03-29,23.5,25.6,22.2,27.0,29.3,87,4.1,4.1,0.0,6.0,2.86,11.3
2014-03-30,22.7,24.3,20.4,25.2,26.9,91,28.0,28.0,0.0,14.0,6.25,14.3
2014-03-31,21.8,24.4,20.2,24.2,28.2,93,31.1,31.1,0.0,22.0,5.8,14.4
2014-04-01,20.7,21.4,20.0,22.9,24.2,93,25.6,25.6,0.0,12.0,4.16,8.2
2014-04-02,20.2,21.1,19.8,21.4,22.3,91,10.8,10.8,0.0,13.0,5.92,10.8
2014-04-03,20.9,22.3,19.0,23.0,25.9,90,33.2,33.2,0.0,13.0,4.81,11.4
2014-04-04,21.0,23.5,19.5,22.1,24.1,80,0.2,0.2,0.0,1.0,4.56,10.9
2014-04-05,21.1,25.2,18.1,21.9,27.3,72,0.0,0.0,0.0,0.0,3.72,8.4
2014-04-06,19.9,21.4,18.5,20.6,22.2,87,22.1,22.1,0.0,17.0,5.41,12.2
2014-04-07,19.7,21.6,18.4,20.0,21.7,87,11.3,11.3,0.0,20.0,6.15,12.5
2014-04-08,21.5,23.8,19.8,23.6,27.2,89,2.5,2.5,0.0,9.0,4.0,9.3
2014-04-09,22.9,26.6,20.5,26.0,31.5,86,0.1,0.1,0.0,1.0,3.06,6.3
2014-04-10,23.0,25.8,21.4,24.8,28.0,81,0.0,0.0,0.0,0.0,4.37,9.8
2014-04-11,23.3,26.3,21.1,25.5,28.9,82,0.0,0.0,0.0,0.0,4.39,9.1
2014-04-12,24.5,28.1,22.1,27.8,33.4,83,0.0,0.0,0.0,0.0,3.49,8.0
2014-04-13,26.0,29.9,22.6,30.7,36.0,81,0.0,0.0,0.0,0.0,1.96,4.8
2014-04-14,24.1,25.4,22.2,26.6,30.0,82,2.5,2.5,0.0,9.0,5.2,11.4
2014-04-15,22.7,25.2,21.0,23.6,27.1,75,1.0,1.0,0.0,3.0,5.57,13.3
2014-04-16,23.5,25.5,21.9,25.5,27.7,82,0.3,0.3,0.0,2.0,5.17,11.0
2014-04-17,24.8,28.3,22.4,28.4,32.8,82,0.2,0.2,0.0,2.0,3.91,8.4
2014-04-18,24.6,27.9,21.8,28.3,32.3,83,0.0,0.0,0.0,0.0,3.95,8.5
2014-04-19,25.2,28.2,22.5,29.1,32.4,82,0.1,0.1,0.0,1.0,3.04,7.4
2014-04-20,25.4,28.5,23.2,30.2,33.6,84,2.0,2.0,0.0,9.0,2.43,5.4
2014-04-21,25.3,26.8,24.3,28.8,30.2,86,0.8,0.8,0.0,6.0,5.88,11.6
2014-04-22,25.4,27.6,23.7,30.1,33.4,85,1.3,1.3,0.0,7.0,2.68,5.3
2014-04-23,23.6,24.5,22.8,26.1,29.7,88,2.2,2.2,0.0,7.0,6.67,12.3
2014-04-24,23.7,25.0,22.4,25.6,27.2,87,0.3,0.3,0.0,2.0,6.11,12.0
2014-04-25,24.8,27.2,23.1,27.9,31.3,87,0.9,0.9,0.0,5.0,5.41,11.1
2014-04-26,24.3,26.2,22.8,27.7,29.6,86,1.7,1.7,0.0,6.0,4.22,8.3
2014-04-27,25.0,29.0,21.6,28.7,34.8,82,0.8,0.8,0.0,5.0,4.55,9.1
2014-04-28,25.2,28.9,23.0,27.5,32.7,69,0.1,0.1,0.0,1.0,4.71,8.8
2014-04-29,24.2,26.9,22.3,27.2,31.2,78,3.0,3.0,0.0,10.0,3.27,7.3
2014-04-30,22.5,24.6,20.8,25.4,28.1,86,31.3,31.3,0.0,17.0,3.23,7.1
2014-05-01,22.1,23.9,21.0,24.1,25.4,88,36.8,36.8,0.0,15.0,4.87,9.2
2014-05-02,24.2,27.1,22.5,26.6,29.8,80,0.0,0.0,0.0,0.0,4.32,9.1
2014-05-03,25.1,28.0,22.5,27.3,30.7,76,0.0,0.0,0.0,0.0,5.75,12.0
2014-05-04,24.0,24.9,23.1,26.8,28.5,87,4.6,4.6,0.0,16.0,5.53,11.9
2014-05-05,21.5,23.5,19.6,22.8,28.2,85,3.5,3.5,0.0,9.0,5.27,10.2
2014-05-06,19.8,20.9,19.0,21.1,22.2,89,8.6,8.6,0.0,21.0,3.73,9.2
2014-05-07,21.0,21.8,19.8,23.0,24.4,93,20.0,20.0,0.0,17.0,3.74,8.8
2014-05-08,23.5,25.3,21.9,26.5,28.2,92,6.0,6.0,0.0,15.0,5.56,10.5
2014-05-09,23.2,23.6,22.8,26.3,27.6,94,25.7,25.7,0.0,19.0,4.94,11.2
2014-05-10,24.9,26.6,22.5,27.5,29.2,88,11.2,11.2,0.0,13.0,7.7,12.8
2014-05-11,24.6,25.6,23.7,28.6,30.1,94,59.7,59.7,0.0,23.0,5.41,13.8
2014-05-12,25.3,27.5,23.4,30.3,32.2,92,17.2,17.2,0.0,15.0,3.59,10.2
2014-05-13,26.6,28.8,24.7,31.6,33.2,91,14.2,14.2,0.0,17.0,5.4,11.6
2014-05-14,28.2,30.0,26.7,32.8,35.0,86,1.2,1.2,0.0,6.0,7.26,13.9
2014-05-15,27.9,29.6,26.8,33.8,35.6,88,9.0,9.0,0.0,17.0,4.55,8.7
2014-05-16,27.4,29.9,25.8,33.3,36.1,90,18.6,18.6,0.0,22.0,4.26,9.7
2014-05-17,27.3,29.7,26.1,33.1,35.5,91,9.9,9.9,0.0,20.0,5.0,10.0
2014-05-18,26.7,27.9,25.8,32.4,33.5,91,18.2,18.2,0.0,19.0,3.92,9.1
2014-05-19,27.3,29.7,25.9,32.9,36.2,90,8.6,8.6,0.0,14.0,4.39,10.4
2014-05-20,26.4,28.3,25.5,31.9,34.3,90,25.6,25.6,0.0,15.0,3.34,7.3
2014-05-21,27.2,29.6,24.8,32.5,35.3,88,15.0,15.0,0.0,18.0,5.35,13.2
2014-05-22,28.0,29.3,26.5,32.6,34.2,85,4.9,4.9,0.0,12.0,5.83,12.3
2014-05-23,26.8,27.7,26.3,32.5,33.7,91,11.2,11.2,0.0,16.0,3.67,9.3
2014-05-24,28.0,30.8,26.0,33.5,36.6,87,3.9,3.9,0.0,17.0,4.51,9.5
2014-05-25,28.7,31.8,25.9,35.0,40.0,85,1.3,1.3,0.0,8.0,4.93,9.2
2014-05-26,28.6,31.2,26.8,34.8,37.3,84,0.3,0.3,0.0,2.0,3.94,8.3
2014-05-27,29.2,32.9,26.4,35.6,40.6,83,1.1,1.1,0.0,7.0,3.7,7.9
2014-05-28,28.9,31.3,27.2,35.2,39.4,85,1.7,1.7,0.0,8.0,4.72,9.8
2014-05-29,28.8,31.5,27.1,34.6,37.1,85,3.2,3.2,0.0,9.0,5.1,10.0
2014-05-30,29.0,31.3,27.1,35.1,38.2,84,0.3,0.3,0.0,3.0,4.46,9.0
2014-05-31,29.7,32.4,27.2,35.9,39.4,80,0.3,0.3,0.0,2.0,4.03,7.9
2014-06-01,30.0,32.8,27.9,36.3,39.9,80,0.1,0.1,0.0,1.0,5.02,9.9
2014-06-02,29.9,32.6,28.0,35.5,38.6,79,0.1,0.1,0.0,1.0,4.47,9.8
2014-06-03,28.4,29.5,27.2,34.7,36.0,87,5.5,5.5,0.0,8.0,3.56,9.4
2014-06-04,29.4,32.2,27.3,35.7,38.5,81,0.8,0.8,0.0,6.0,3.81,8.1
2014-06-05,29.0,30.9,27.5,35.5,37.8,86,4.3,4.3,0.0,9.0,4.15,10.0
2014-06-06,27.8,29.1,27.1,33.8,35.6,87,7.1,7.1,0.0,14.0,4.09,9.8
2014-06-07,27.1,28.2,26.0,32.9,34.1,89,22.0,22.0,0.0,18.0,3.34,8.1
2014-06-08,28.8,32.3,26.1,35.0,39.1,81,8.0,8.0,0.0,11.0,2.82,5.4
2014-06-09,28.3,31.1,26.4,33.7,37.9,82,1.6,1.6,0.0,9.0,5.3,10.7
2014-06-10,28.4,30.6,26.8,34.0,37.0,80,2.3,2.3,0.0,3.0,3.52,9.2
2014-06-11,27.8,28.9,26.7,33.0,34.0,82,2.3,2.3,0.0,13.0,3.81,7.8
2014-06-12,28.3,31.7,26.1,32.5,36.1,70,0.3,0.3,0.0,3.0,2.91,8.8
2014-06-13,28.7,33.2,24.6,32.3,36.6,65,0.4,0.4,0.0,2.0,3.47,9.0
2014-06-14,29.9,33.9,26.8,34.4,38.6,65,1.0,1.0,0.0,3.0,3.51,7.8
2014-06-15,28.5,29.8,27.0,34.5,35.7,83,6.1,6.1,0.0,7.0,3.52,8.0
2014-06-16,30.1,33.0,28.1,36.2,40.6,82,0.6,0.6,0.0,1.0,5.33,10.4
2014-06-17,29.2,30.9,27.9,35.3,37.3,85,7.3,7.3,0.0,13.0,4.34,10.2
2014-06-18,28.9,31.2,27.1,35.1,37.8,86,12.0,12.0,0.0,17.0,4.67,9.2
2014-06-19,29.5,31.7,27.6,35.7,38.6,85,4.3,4.3,0.0,9.0,5.18,10.0
2014-06-20,29.2,30.5,28.5,35.2,36.5,86,7.7,7.7,0.0,12.0,4.94,9.5
2014-06-21,29.0,31.1,27.7,35.4,37.7,88,11.9,11.9,0.0,14.0,4.32,8.7
2014-06-22,27.8,29.1,26.7,34.1,35.1,89,13.2,13.2,0.0,20.0,3.92,7.1
2014-06-23,27.9,29.8,26.5,33.9,35.4,89,14.4,14.4,0.0,21.0,4.02,10.0
2014-06-24,28.2,30.0,26.5,34.4,37.4,88,6.1,6.1,0.0,15.0,4.6,9.4
2014-06-25,28.1,29.2,27.1,33.9,34.9,89,6.9,6.9,0.0,12.0,4.48,10.1
2014-06-26,29.4,31.9,27.4,36.1,39.0,85,1.4,1.4,0.0,6.0,4.3,8.3
2014-06-27,30.0,32.5,27.7,37.2,39.8,82,2.5,2.5,0.0,11.0,3.21,7.1
2014-06-28,30.3,32.9,28.1,37.4,40.9,81,0.6,0.6,0.0,4.0,2.62,5.9
2014-06-29,29.5,31.8,27.6,35.4,37.6,81,5.3,5.3,0.0,7.0,4.3,8.5
2014-06-30,28.8,30.5,27.2,34.6,36.9,85,11.7,11.7,0.0,18.0,4.97,10.2
2014-07-01,28.4,30.0,26.8,34.4,36.2,87,4.7,4.7,0.0,15.0,4.85,9.0
2014-07-02,29.3,32.2,26.7,35.7,39.5,83,3.2,3.2,0.0,6.0,4.3,9.1
2014-07-03,30.0,32.3,28.0,36.3,39.2,80,0.9,0.9,0.0,6.0,3.74,7.7
2014-07-04,30.5,33.1,28.2,36.8,40.1,77,0.3,0.3,0.0,1.0,3.91,8.4
2014-07-05,30.7,33.3,28.2,37.5,41.8,78,0.9,0.9,0.0,4.0,3.52,6.8
2014-07-06,30.1,32.5,27.5,37.0,39.5,81,3.8,3.8,0.0,10.0,2.33,6.6
2014-07-07,29.5,30.9,28.2,36.4,37.8,83,7.8,7.8,0.0,10.0,2.24,4.6
2014-07-08,29.4,32.8,27.7,36.5,41.5,84,7.0,7.0,0.0,11.0,2.64,5.4
2014-07-09,30.2,33.8,26.8,37.0,42.1,79,3.2,3.2,0.0,6.0,3.28,7.3
2014-07-10,29.3,31.2,27.9,36.0,37.9,84,14.6,14.6,0.0,18.0,3.26,6.8
2014-07-11,28.8,30.3,27.3,35.3,37.3,85,10.2,10.2,0.0,18.0,2.84,7.9
2014-07-12,28.7,31.1,27.0,34.6,37.4,87,10.6,10.6,0.0,13.0,4.61,9.6
2014-07-13,29.4,32.6,27.0,35.8,40.2,84,9.6,9.6,0.0,14.0,4.64,9.4
2014-07-14,29.8,32.0,27.6,36.2,38.8,81,2.6,2.6,0.0,6.0,4.05,8.1
2014-07-15,30.2,32.7,28.2,37.0,40.9,79,1.6,1.6,0.0,5.0,3.61,7.9
2014-07-16,30.0,32.3,27.5,36.4,39.1,77,0.5,0.5,0.0,4.0,2.91,6.6
2014-07-17,29.2,31.7,27.3,33.9,36.5,81,9.1,9.1,0.0,13.0,8.5,16.5
2014-07-18,27.7,28.6,26.9,30.5,31.3,87,20.1,20.1,0.0,19.0,9.46,18.0
2014-07-19,28.7,30.8,27.1,33.4,36.5,85,15.1,15.1,0.0,15.0,6.38,13.4
2014-07-20,28.9,31.0,27.0,35.2,37.7,85,3.2,3.2,0.0,8.0,3.5,7.2
2014-07-21,29.1,31.8,27.0,36.0,39.5,82,2.7,2.7,0.0,7.0,1.8,5.4
2014-07-22,29.8,32.9,26.8,36.8,40.6,82,0.5,0.5,0.0,3.0,3.36,8.2
2014-07-23,30.8,34.0,28.6,37.1,41.7,81,0.1,0.1,0.0,1.0,5.6,11.2
2014-07-24,29.8,32.6,27.6,35.4,38.4,84,2.8,2.8,0.0,8.0,6.16,11.9
2014-07-25,29.2,32.3,26.6,35.6,40.9,82,2.4,2.4,0.0,9.0,3.45,8.0
2014-07-26,28.0,29.9,26.9,33.5,35.6,86,9.4,9.4,0.0,15.0,4.09,8.0
2014-07-27,28.2,30.3,26.0,33.8,35.8,85,6.6,6.6,0.0,18.0,4.61,9.9
2014-07-28,29.2,32.7,25.8,35.8,41.7,80,0.4,0.4,0.0,2.0,2.82,6.2
2014-07-29,29.9,33.2,26.6,36.3,41.0,77,0.2,0.2,0.0,1.0,2.64,6.7
2014-07-30,30.2,33.2,27.5,37.3,42.5,79,1.5,1.5,0.0,5.0,2.42,5.4
2014-07-31,31.0,34.1,28.4,37.8,41.7,76,0.0,0.0,0.0,0.0,3.58,6.9
2014-08-01,30.7,34.1,28.4,37.4,42.3,79,5.3,5.3,0.0,9.0,4.39,8.2
2014-08-02,29.4,33.6,26.6,35.8,41.8,82,15.3,15.3,0.0,14.0,3.36,7.1
2014-08-03,29.4,32.6,26.5,36.0,40.4,82,4.7,4.7,0.0,11.0,3.94,7.6
2014-08-04,29.6,32.4,27.5,36.6,41.0,82,1.9,1.9,0.0,7.0,3.18,6.5
2014-08-05,29.7,31.9,27.4,36.5,39.6,82,18.0,18.0,0.0,10.0,2.62,7.4
2014-08-06,28.6,30.4,27.3,35.0,36.8,86,9.7,9.7,0.0,11.0,3.21,7.6
2014-08-07,28.6,30.9,26.7,34.8,37.4,85,10.2,10.2,0.0,14.0,3.47,7.8
2014-08-08,29.2,31.4,27.1,35.4,37.6,83,1.8,1.8,0.0,11.0,4.77,9.7
2014-08-09,29.4,31.6,27.6,35.2,37.3,83,6.1,6.1,0.0,15.0,5.2,10.1
2014-08-10,29.8,32.1,28.1,35.6,38.8,82,2.9,2.9,0.0,8.0,5.1,10.8
2014-08-11,29.8,31.7,28.4,36.1,38.7,83,4.5,4.5,0.0,10.0,4.89,10.7
2014-08-12,29.1,30.6,27.5,35.5,37.4,88,17.6,17.6,0.0,11.0,5.02,9.5
2014-08-13,27.2,27.9,26.3,33.2,34.9,93,26.9,26.9,0.0,19.0,7.22,12.0
2014-08-14,28.1,30.1,26.3,34.1,36.4,88,15.8,15.8,0.0,20.0,4.6,12.9
2014-08-15,29.2,32.0,26.7,35.4,38.9,83,1.5,1.5,0.0,8.0,3.67,9.4
2014-08-16,29.1,31.8,27.3,35.2,38.3,83,0.8,0.8,0.0,5.0,3.83,9.1
2014-08-17,29.3,32.0,27.0,35.1,38.3,81,0.3,0.3,0.0,2.0,3.48,8.3
2014-08-18,29.6,32.3,27.3,35.4,38.7,79,0.1,0.1,0.0,1.0,3.64,9.3
2014-08-19,27.7,30.0,25.6,33.5,36.4,88,22.1,22.1,0.0,17.0,4.89,10.7
2014-08-20,26.3,27.3,25.4,31.6,32.8,91,17.4,17.4,0.0,18.0,3.9,9.0
2014-08-21,27.4,30.2,24.9,32.7,35.8,86,3.2,3.2,0.0,11.0,3.44,7.9
2014-08-22,28.1,30.7,25.9,34.5,38.6,85,4.2,4.2,0.0,12.0,3.04,7.1
2014-08-23,28.6,31.1,26.2,34.8,38.6,83,1.8,1.8,0.0,9.0,3.5,7.2
2014-08-24,29.3,32.3,26.7,35.1,39.6,76,0.0,0.0,0.0,0.0,2.94,6.3
2014-08-25,29.1,32.2,26.5,35.5,39.7,82,1.1,1.1,0.0,4.0,2.9,6.4
2014-08-26,29.4,32.0,27.0,35.6,39.5,82,0.5,0.5,0.0,2.0,3.94,9.4
2014-08-27,28.7,31.2,26.6,33.1,35.4,82,7.1,7.1,0.0,16.0,6.46,14.4
2014-08-28,28.4,30.8,27.0,33.5,36.5,86,8.6,8.6,0.0,21.0,5.87,12.4
2014-08-29,29.0,32.3,26.2,35.2,39.2,81,0.1,0.1,0.0,1.0,2.75,8.0
2014-08-30,29.0,31.9,26.6,34.9,37.7,80,4.8,4.8,0.0,4.0,3.81,8.0
2014-08-31,28.0,30.8,26.7,33.6,37.9,86,12.3,12.3,0.0,11.0,4.3,9.0
2014-09-01,29.0,32.0,26.6,34.8,38.7,80,0.4,0.4,0.0,3.0,3.45,7.5
2014-09-02,29.3,32.5,26.3,36.3,41.3,82,0.2,0.2,0.0,1.0,2.44,5.3
2014-09-03,29.7,33.2,27.3,36.0,40.4,79,0.2,0.2,0.0,2.0,2.92,6.6
2014-09-04,29.6,33.4,27.7,36.2,41.3,79,3.1,3.1,0.0,3.0,2.02,6.2
2014-09-05,28.4,30.7,26.8,34.4,38.4,84,5.1,5.1,0.0,5.0,3.37,7.7
2014-09-06,28.8,32.6,25.8,34.8,39.8,80,1.2,1.2,0.0,7.0,2.73,5.7
2014-09-07,28.8,31.6,27.3,34.3,37.6,84,4.7,4.7,0.0,6.0,5.57,10.9
2014-09-08,28.5,30.2,27.3,34.1,36.9,86,5.2,5.2,0.0,18.0,4.25,9.4
2014-09-09,29.0,31.2,26.9,35.3,38.3,83,0.5,0.5,0.0,2.0,3.32,7.1
2014-09-10,29.3,32.3,27.0,36.0,40.5,81,0.5,0.5,0.0,3.0,2.92,5.9
2014-09-11,29.3,32.1,26.9,35.7,39.1,81,2.7,2.7,0.0,10.0,3.06,6.9
2014-09-12,28.0,29.6,26.8,33.1,35.4,86,9.3,9.3,0.0,14.0,4.44,9.1
2014-09-13,28.7,31.6,26.7,34.8,39.3,86,7.2,7.2,0.0,15.0,4.3,9.5
2014-09-14,29.1,32.1,27.0,35.8,40.2,84,4.0,4.0,0.0,7.0,2.79,6.7
2014-09-15,29.1,32.9,27.0,33.6,37.4,81,7.6,7.6,0.0,12.0,10.88,24.9
2014-09-16,27.3,28.1,26.5,29.1,30.8,89,39.3,39.3,0.0,24.0,11.5,27.0
2014-09-17,28.2,30.3,26.7,32.9,34.8,86,9.0,9.0,0.0,18.0,6.23,13.7
2014-09-18,29.1,31.9,26.6,35.7,39.8,83,0.1,0.1,0.0,1.0,2.39,5.3
2014-09-19,30.0,33.6,27.1,36.4,41.1,81,0.3,0.3,0.0,2.0,3.62,6.8
2014-09-20,28.2,29.7,26.7,31.6,35.6,73,0.2,0.2,0.0,2.0,4.78,9.0
2014-09-21,26.9,28.5,25.5,29.5,31.5,68,0.1,0.1,0.0,1.0,4.62,8.8
2014-09-22,27.0,29.5,25.2,30.6,35.0,71,0.4,0.4,0.0,2.0,4.11,8.4
2014-09-23,27.5,30.4,25.3,32.0,36.3,73,0.2,0.2,0.0,1.0,2.97,6.0
2014-09-24,27.9,31.1,25.1,33.1,37.1,76,0.3,0.3,0.0,3.0,2.43,5.9
2014-09-25,28.1,31.5,25.3,33.7,38.2,78,0.0,0.0,0.0,0.0,2.1,5.2
2014-09-26,28.3,31.4,25.8,34.3,39.0,81,1.5,1.5,0.0,8.0,2.55,5.4
2014-09-27,28.8,31.9,26.3,34.6,38.6,77,0.0,0.0,0.0,0.0,2.67,5.6
2014-09-28,28.8,32.0,26.2,34.8,39.0,78,0.0,0.0,0.0,0.0,2.19,5.2
2014-09-29,29.1,32.5,26.2,35.1,38.6,78,0.0,0.0,0.0,0.0,1.84,4.3
2014-09-30,29.5,34.0,27.0,35.9,41.5,79,2.4,2.4,0.0,5.0,2.51,8.4
2014-10-01,27.8,30.9,24.9,33.0,36.5,81,12.4,12.4,0.0,11.0,3.42,8.2
2014-10-02,28.2,31.9,25.4,34.2,37.9,83,3.7,3.7,0.0,7.0,2.14,6.3
2014-10-03,27.7,31.4,25.6,33.4,38.2,84,4.8,4.8,0.0,9.0,3.8,7.1
2014-10-04,26.7,29.1,25.2,31.3,33.6,82,6.9,6.9,0.0,15.0,3.1,7.4
2014-10-05,26.9,29.7,24.6,30.1,32.9,71,0.0,0.0,0.0,0.0,4.33,8.1
2014-10-06,26.3,29.3,24.0,28.4,31.0,64,0.0,0.0,0.0,0.0,4.44,8.8
2014-10-07,25.7,28.3,24.0,27.8,30.9,65,0.0,0.0,0.0,0.0,4.1,8.9
2014-10-08,25.4,28.3,23.1,27.7,30.6,66,0.0,0.0,0.0,0.0,3.84,7.8
2014-10-09,26.3,29.3,24.3,29.0,31.6,66,0.0,0.0,0.0,0.0,2.92,6.4
2014-10-10,26.2,29.7,23.5,28.6,31.4,66,0.0,0.0,0.0,0.0,3.54,7.6
2014-10-11,27.1,31.1,23.9,29.7,34.0,64,0.0,0.0,0.0,0.0,3.83,8.0
2014-10-12,26.8,30.4,24.5,28.7,32.2,62,0.0,0.0,0.0,0.0,4.81,9.4
2014-10-13,25.7,29.0,23.2,25.9,29.8,53,0.0,0.0,0.0,0.0,6.24,12.0
2014-10-14,24.8,28.0,22.3,25.2,29.4,57,0.0,0.0,0.0,0.0,5.24,10.5
2014-10-15,24.4,27.8,21.8,26.2,30.2,68,0.0,0.0,0.0,0.0,3.75,8.1
2014-10-16,24.8,28.3,22.5,26.0,29.7,68,0.0,0.0,0.0,0.0,4.85,10.4
2014-10-17,24.5,27.6,22.2,25.5,29.3,65,0.0,0.0,0.0,0.0,4.83,10.6
2014-10-18,24.9,28.7,22.2,26.8,30.6,70,0.0,0.0,0.0,0.0,4.37,9.7
2014-10-19,25.7,29.0,23.6,28.2,31.9,73,0.0,0.0,0.0,0.0,4.79,10.2
2014-10-20,26.2,29.7,23.7,29.7,33.0,76,0.0,0.0,0.0,0.0,3.26,8.4
2014-10-21,27.3,31.5,23.9,31.7,36.1,75,0.0,0.0,0.0,0.0,1.52,5.4
2014-10-22,27.2,30.3,24.9,29.3,32.2,65,1.4,1.4,0.0,3.0,5.82,11.7
2014-10-23,24.7,26.6,23.4,27.0,28.4,74,2.0,2.0,0.0,6.0,3.49,8.6
2014-10-24,24.6,26.7,23.5,27.1,28.9,76,0.0,0.0,0.0,0.0,4.22,9.0
2014-10-25,24.8,27.0,23.2,27.3,29.2,75,0.0,0.0,0.0,0.0,3.63,8.4
2014-10-26,25.2,27.6,23.4,28.8,31.0,79,0.2,0.2,0.0,1.0,3.14,7.0
2014-10-27,26.4,30.6,23.9,29.6,33.8,75,0.0,0.0,0.0,0.0,5.38,12.9
2014-10-28,25.5,27.9,24.0,26.3,29.0,68,0.0,0.0,0.0,0.0,6.53,13.8
2014-10-29,25.7,29.1,23.8,27.6,31.3,72,0.0,0.0,0.0,0.0,5.02,11.7
2014-10-30,25.7,28.5,23.9,28.2,31.2,76,0.0,0.0,0.0,0.0,5.73,12.5
2014-10-31,25.8,29.3,23.5,29.4,33.5,77,0.0,0.0,0.0,0.0,3.21,7.0
2014-11-01,26.0,30.4,23.0,30.3,35.1,79,0.0,0.0,0.0,0.0,2.22,5.1
2014-11-02,25.4,28.2,21.9,26.5,28.8,68,0.0,0.0,0.0,0.0,6.39,12.6
2014-11-03,21.3,22.6,20.0,19.9,22.2,57,0.0,0.0,0.0,0.0,5.85,12.3
2014-11-04,22.9,24.9,21.3,24.1,27.4,66,0.0,0.0,0.0,0.0,3.49,7.9
2014-11-05,24.2,26.5,22.8,25.7,27.9,73,0.0,0.0,0.0,0.0,5.22,10.8
2014-11-06,24.1,26.5,22.3,26.4,28.7,76,0.0,0.0,0.0,0.0,3.58,7.5
2014-11-07,22.6,24.2,20.9,24.0,25.3,85,4.5,4.5,0.0,16.0,6.55,14.2
2014-11-08,20.5,22.6,19.3,21.2,24.7,86,6.6,6.6,0.0,14.0,5.6,11.4
2014-11-09,21.1,23.1,19.1,21.9,24.9,78,1.5,1.5,0.0,4.0,4.46,9.3
2014-11-10,22.4,25.0,21.3,24.2,26.1,79,0.0,0.0,0.0,0.0,5.0,9.3
2014-11-11,22.7,24.8,21.4,25.1,27.2,84,4.3,4.3,0.0,14.0,3.31,8.0
2014-11-12,20.1,21.1,18.9,20.4,23.4,82,2.9,2.9,0.0,9.0,5.1,10.3
2014-11-13,19.2,21.2,17.6,18.1,20.4,72,1.2,1.2,0.0,6.0,5.09,10.4
2014-11-14,20.2,23.0,18.1,19.9,22.7,69,0.0,0.0,0.0,0.0,4.1,8.5
2014-11-15,21.9,25.7,19.1,22.6,26.4,72,0.0,0.0,0.0,0.0,4.48,9.3
2014-11-16,22.9,27.2,19.6,23.5,27.8,67,0.0,0.0,0.0,0.0,4.52,9.5
2014-11-17,20.5,24.2,17.8,18.8,23.1,61,0.0,0.0,0.0,0.0,5.68,11.5
2014-11-18,20.0,23.5,17.1,18.6,22.8,61,0.0,0.0,0.0,0.0,5.19,10.5
2014-11-19,20.4,24.1,17.4,19.8,23.3,61,0.0,0.0,0.0,0.0,3.55,7.9
2014-11-20,21.2,24.6,19.1,21.7,25.2,71,0.0,0.0,0.0,0.0,3.58,8.4
2014-11-21,22.0,26.4,19.0,23.4,28.0,76,0.0,0.0,0.0,0.0,4.17,8.8
2014-11-22,22.7,27.0,19.8,24.4,28.1,78,0.0,0.0,0.0,0.0,3.86,8.4
2014-11-23,23.0,26.2,21.1,24.7,27.7,80,0.0,0.0,0.0,0.0,5.01,10.7
2014-11-24,23.6,27.4,21.3,25.9,29.8,79,0.0,0.0,0.0,0.0,3.31,7.3
2014-11-25,23.7,28.3,20.3,26.8,31.3,78,0.0,0.0,0.0,0.0,1.75,4.6
2014-11-26,23.1,26.2,20.6,24.6,28.4,75,0.0,0.0,0.0,0.0,4.09,9.5
2014-11-27,22.9,25.0,21.2,24.3,26.0,80,0.8,0.8,0.0,3.0,4.59,11.3
2014-11-28,24.0,27.0,22.2,26.7,29.9,80,0.0,0.0,0.0,0.0,3.59,8.7
2014-11-29,24.5,26.4,23.4,27.3,28.5,85,0.8,0.8,0.0,4.0,5.39,10.8
2014-11-30,25.4,28.1,23.5,29.3,32.4,84,0.6,0.6,0.0,1.0,4.51,8.8
2014-12-01,18.9,24.3,15.4,16.9,28.2,70,2.6,2.6,0.0,11.0,7.75,14.8
2014-12-02,15.3,16.7,13.6,13.4,15.4,79,8.1,8.1,0.0,10.0,5.58,11.7
2014-12-03,18.1,20.5,16.2,17.6,21.0,83,7.6,7.6,0.0,10.0,5.4,12.5
2014-12-04,13.5,16.4,12.1,9.8,14.9,72,3.7,3.7,0.0,12.0,8.6,16.8
2014-12-05,14.3,16.3,12.9,10.8,13.6,52,0.3,0.3,0.0,3.0,5.61,11.1
2014-12-06,16.9,19.6,14.0,14.6,17.1,60,0.0,0.0,0.0,0.0,5.51,11.6
2014-12-07,15.9,17.8,15.3,13.9,15.9,73,3.4,3.4,0.0,13.0,5.19,10.0
2014-12-08,16.3,19.0,14.1,14.6,18.0,69,0.3,0.3,0.0,3.0,5.35,10.1
2014-12-09,19.3,22.7,16.3,18.7,21.8,68,0.0,0.0,0.0,0.0,4.52,9.9
2014-12-10,19.7,21.2,17.9,19.2,21.0,67,0.0,0.0,0.0,0.0,3.67,10.4
2014-12-11,17.7,19.7,15.1,14.6,17.2,57,0.0,0.0,0.0,0.0,5.85,12.1
2014-12-12,14.1,16.7,12.2,9.3,12.0,48,0.0,0.0,0.0,0.0,7.08,13.7
2014-12-13,13.6,17.9,10.0,9.4,14.3,42,0.0,0.0,0.0,0.0,5.85,11.3
2014-12-14,15.2,19.6,11.7,12.5,17.1,51,0.0,0.0,0.0,0.0,3.96,8.7
2014-12-15,17.7,20.3,15.4,16.5,19.3,63,0.0,0.0,0.0,0.0,3.49,7.7
2014-12-16,16.0,18.4,12.8,10.9,16.5,41,0.0,0.0,0.0,0.0,8.35,16.1
2014-12-17,12.7,16.1,9.9,6.7,10.4,24,0.0,0.0,0.0,0.0,7.56,15.2
2014-12-18,12.7,14.8,10.1,8.4,11.8,39,1.0,1.0,0.0,3.0,4.89,10.2
2014-12-19,11.6,13.7,10.8,9.1,11.4,83,6.6,6.6,0.0,21.0,5.1,10.1
2014-12-20,14.2,18.6,10.6,11.5,16.2,59,0.0,0.0,0.0,0.0,4.88,9.9
2014-12-21,16.0,19.8,12.8,12.5,15.6,53,0.0,0.0,0.0,0.0,6.28,12.7
2014-12-22,12.9,16.3,9.7,8.7,12.8,42,0.0,0.0,0.0,0.0,6.15,12.3
2014-12-23,14.8,16.7,13.5,12.1,14.0,57,0.0,0.0,0.0,0.0,4.18,8.3
2014-12-24,17.5,21.7,13.8,16.7,21.9,65,0.0,0.0,0.0,0.0,3.18,6.5
2014-12-25,17.5,19.5,15.7,17.0,18.3,79,6.0,6.0,0.0,12.0,4.83,9.9
2014-12-26,16.3,17.6,15.2,15.7,17.4,84,1.9,1.9,0.0,13.0,5.39,10.1
2014-12-27,15.6,16.3,13.9,14.3,15.9,83,2.7,2.7,0.0,13.0,4.72,9.2
2014-12-28,13.2,14.1,12.1,10.5,12.5,77,0.8,0.8,0.0,6.0,5.71,10.9
2014-12-29,13.2,18.4,9.8,10.2,15.0,60,0.0,0.0,0.0,0.0,5.22,10.4
2014-12-30,13.7,19.7,9.5,12.0,17.7,65,0.0,0.0,0.0,0.0,3.05,6.4
2014-12-31,15.2,21.5,10.1,13.4,18.8,63,0.0,0.0,0.0,0.0,3.81,8.0
