time,temperature_2m_mean,temperature_2m_max,temperature_2m_min,apparent_temperature_mean,apparent_temperature_max,relative_humidity_2m_mean,precipitation_sum,rain_sum,snowfall_sum,precipitation_hours,wind_speed_10m_max,wind_gusts_10m_max
2010-01-01,4.2,8.2,-0.1,0.0,4.4,68,0.0,0.0,0.0,0.0,4.62,7.9
2010-01-02,7.0,10.0,4.2,3.9,6.9,79,0.0,0.0,0.0,0.0,4.83,8.1
2010-01-03,6.7,10.3,4.0,3.0,6.2,81,0.0,0.0,0.0,0.0,5.03,8.2
2010-01-04,5.0,6.6,0.6,0.2,3.1,72,0.0,0.0,0.0,0.0,6.95,11.6
2010-01-05,-0.2,1.7,-2.3,-5.5,-3.1,59,0.0,0.0,0.0,0.0,6.02,9.6
2010-01-06,0.9,3.4,-1.0,-3.7,-1.0,62,0.0,0.0,0.0,0.0,4.04,7.1
2010-01-07,0.6,3.2,-1.7,-3.8,-1.4,65,0.0,0.0,0.0,0.0,3.72,6.5
2010-01-08,1.9,4.2,-0.0,-1.9,1.2,61,0.0,0.0,0.0,0.0,3.2,5.3
2010-01-09,3.9,7.7,0.6,0.5,5.4,78,0.0,0.0,0.0,0.0,4.47,6.8
2010-01-10,4.6,5.3,4.0,0.5,1.6,90,12.5,12.5,0.0,16.0,6.34,9.7
2010-01-11,2.3,4.2,1.0,-2.8,-0.0,81,3.3,3.1,0.21,14.0,7.11,11.1
2010-01-12,1.5,4.7,-1.7,-4.1,-0.6,55,0.0,0.0,0.0,0.0,7.74,12.3
2010-01-13,-1.2,1.1,-3.1,-7.3,-4.9,43,0.0,0.0,0.0,0.0,7.75,12.5
2010-01-14,1.3,6.6,-3.7,-3.2,2.3,64,0.0,0.0,0.0,0.0,5.25,9.0
2010-01-15,4.0,7.9,0.6,-0.2,3.5,70,0.0,0.0,0.0,0.0,5.52,8.5
2010-01-16,3.9,6.5,1.8,0.9,4.1,77,0.7,0.4,0.21,4.0,3.28,5.3
2010-01-17,5.4,9.9,1.7,2.1,7.0,81,0.0,0.0,0.0,0.0,4.3,6.9
2010-01-18,7.8,12.5,4.2,4.9,10.4,83,0.0,0.0,0.0,0.0,5.8,8.4
2010-01-19,11.5,15.4,8.2,8.8,13.2,87,0.3,0.3,0.0,2.0,5.69,8.6
2010-01-20,13.0,17.3,10.0,11.2,16.8,87,0.6,0.6,0.0,3.0,7.13,10.2
2010-01-21,3.8,8.3,1.5,-1.8,3.5,73,1.9,1.9,0.0,9.0,8.01,12.7
2010-01-22,1.9,3.9,-0.1,-2.9,-0.9,60,0.0,0.0,0.0,0.0,5.8,9.1
2010-01-23,3.4,5.3,1.5,-0.6,1.3,53,0.0,0.0,0.0,0.0,3.14,6.2
2010-01-24,5.1,7.6,2.0,1.8,5.2,70,3.1,3.1,0.0,5.0,4.49,6.9
2010-01-25,5.7,8.4,1.7,1.3,3.5,70,1.9,1.9,0.0,5.0,6.41,10.2
2010-01-26,4.0,8.3,-0.1,-0.4,3.9,70,0.0,0.0,0.0,0.0,7.31,10.9
2010-01-27,6.9,7.7,6.1,3.8,5.6,87,10.3,10.3,0.0,13.0,7.43,11.1
2010-01-28,7.4,10.2,4.9,4.7,7.8,83,0.0,0.0,0.0,0.0,3.98,6.2
2010-01-29,7.1,11.1,3.1,3.9,8.3,80,0.0,0.0,0.0,0.0,4.86,7.2
2010-01-30,9.4,11.0,8.1,7.3,9.5,84,0.0,0.0,0.0,0.0,4.53,7.0
2010-01-31,8.7,9.5,7.9,6.1,7.5,92,10.0,10.0,0.0,15.0,5.3,8.3
2010-02-01,7.0,7.9,5.9,3.3,4.4,78,4.8,4.8,0.0,8.0,6.71,10.5
2010-02-02,5.0,6.4,3.9,1.1,2.6,78,6.5,6.5,0.0,9.0,4.44,7.4
2010-02-03,5.7,7.8,3.7,1.8,3.6,74,0.1,0.1,0.0,1.0,4.61,8.1
2010-02-04,6.4,8.8,4.7,2.5,4.7,72,0.0,0.0,0.0,0.0,5.06,8.5
2010-02-05,6.9,7.9,5.9,2.9,4.0,76,0.2,0.2,0.0,2.0,5.11,9.0
2010-02-06,7.1,8.1,6.6,2.5,3.1,83,12.2,12.2,0.0,23.0,6.99,12.4
2010-02-07,8.8,10.4,7.1,6.9,9.7,93,5.8,5.8,0.0,11.0,5.59,8.8
2010-02-08,10.5,14.4,7.3,8.8,13.0,93,0.0,0.0,0.0,0.0,4.42,6.8
2010-02-09,13.2,17.8,9.7,12.2,18.0,92,9.5,9.5,0.0,13.0,4.97,10.5
2010-02-10,8.1,11.6,6.0,3.9,9.6,91,11.4,11.4,0.0,20.0,7.43,12.1
2010-02-11,2.6,6.1,-0.3,-3.5,1.7,83,24.0,23.7,0.28,17.0,8.4,13.4
2010-02-12,-0.4,1.1,-2.3,-6.5,-4.5,63,0.0,0.0,0.0,0.0,7.76,12.1
2010-02-13,0.7,3.9,-2.4,-3.9,-0.4,62,0.3,0.1,0.14,1.0,5.22,8.9
2010-02-14,2.2,3.9,1.1,-1.9,-0.1,92,13.3,5.5,5.46,21.0,4.92,8.2
2010-02-15,3.4,4.7,1.4,-1.8,-0.1,79,0.8,0.8,0.0,5.0,7.18,11.6
2010-02-16,1.8,4.1,-0.7,-2.9,0.3,65,0.0,0.0,0.0,0.0,6.04,9.0
2010-02-17,2.6,4.5,-0.1,-1.0,1.2,67,0.0,0.0,0.0,0.0,4.58,6.0
2010-02-18,3.6,5.4,1.1,-0.7,1.8,57,0.0,0.0,0.0,0.0,5.5,8.5
2010-02-19,4.7,8.5,1.2,0.9,4.8,62,0.0,0.0,0.0,0.0,3.3,6.7
2010-02-20,6.6,11.7,1.9,3.1,8.9,66,0.0,0.0,0.0,0.0,4.81,7.4
2010-02-21,9.6,15.9,4.7,6.6,13.9,69,0.0,0.0,0.0,0.0,4.4,6.5
2010-02-22,11.4,15.9,7.8,10.2,15.6,79,0.0,0.0,0.0,0.0,3.61,5.7
2010-02-23,11.6,16.9,8.3,9.3,14.8,85,0.0,0.0,0.0,0.0,6.17,8.7
2010-02-24,15.4,20.0,11.6,12.8,18.3,77,1.1,1.1,0.0,2.0,6.96,10.5
2010-02-25,16.0,19.3,9.5,15.6,21.0,87,6.6,6.6,0.0,13.0,7.4,12.3
2010-02-26,8.7,9.8,7.9,5.5,7.0,85,8.3,8.3,0.0,16.0,6.3,10.5
2010-02-27,9.0,10.6,7.3,6.4,8.9,81,2.4,2.4,0.0,6.0,5.45,10.1
2010-02-28,11.9,15.2,8.1,9.5,14.1,84,1.3,1.3,0.0,2.0,6.52,10.7
2010-03-01,9.5,15.4,5.5,5.7,14.3,84,3.5,3.5,0.0,11.0,9.19,12.6
2010-03-02,6.0,7.3,5.1,2.2,3.8,82,7.6,7.6,0.0,15.0,5.17,9.0
2010-03-03,6.9,8.1,5.5,2.9,5.1,89,25.2,25.2,0.0,24.0,7.12,11.9
2010-03-04,7.4,8.3,6.6,4.3,5.9,85,2.2,2.2,0.0,7.0,6.84,9.9
2010-03-05,7.2,8.0,6.3,3.6,6.3,89,28.6,28.6,0.0,20.0,6.24,10.1
2010-03-06,4.6,7.4,2.5,-0.8,3.2,87,13.6,12.7,0.63,15.0,8.02,12.3
2010-03-07,4.0,6.6,1.7,-1.0,2.0,72,0.0,0.0,0.0,0.0,6.48,10.3
2010-03-08,4.4,5.7,2.0,-0.4,1.1,84,11.9,11.9,0.0,15.0,7.54,11.7
2010-03-09,1.5,2.9,0.5,-5.5,-3.7,72,3.1,2.0,0.77,9.0,9.62,15.3
2010-03-10,2.4,6.4,-0.6,-2.9,2.0,52,0.0,0.0,0.0,0.0,7.71,11.5
2010-03-11,6.9,12.3,1.3,2.6,8.6,61,0.0,0.0,0.0,0.0,5.82,8.6
2010-03-12,12.4,19.2,7.9,9.6,17.4,63,0.0,0.0,0.0,0.0,5.66,8.1
2010-03-13,11.4,15.2,8.7,8.3,13.8,80,0.0,0.0,0.0,0.0,5.92,9.9
2010-03-14,13.8,16.5,10.1,12.9,17.1,96,3.7,3.7,0.0,10.0,5.9,10.0
2010-03-15,10.9,15.3,8.2,7.1,14.2,75,5.7,5.7,0.0,8.0,8.68,13.6
2010-03-16,9.6,13.2,6.8,6.2,11.4,53,0.0,0.0,0.0,0.0,6.76,10.3
2010-03-17,12.1,17.6,7.1,8.5,16.5,59,0.0,0.0,0.0,0.0,7.11,11.0
2010-03-18,9.1,13.1,6.1,5.7,11.1,74,0.0,0.0,0.0,0.0,5.94,10.6
2010-03-19,15.9,24.2,8.0,13.4,22.7,71,0.0,0.0,0.0,0.0,6.21,9.4
2010-03-20,17.1,19.5,14.1,14.2,17.5,58,0.5,0.5,0.0,2.0,8.06,14.4
2010-03-21,11.6,15.6,8.4,7.4,13.1,52,0.0,0.0,0.0,0.0,8.43,13.0
2010-03-22,14.9,21.1,10.1,11.5,21.2,66,0.6,0.6,0.0,4.0,8.42,13.4
2010-03-23,10.1,13.6,8.4,6.1,10.4,84,20.5,20.5,0.0,21.0,7.58,12.3
2010-03-24,7.6,8.4,6.1,3.7,4.6,86,32.2,32.2,0.0,24.0,7.11,10.2
2010-03-25,8.7,13.5,5.4,4.1,9.6,67,1.1,1.1,0.0,3.0,8.44,13.7
2010-03-26,7.5,11.3,3.6,4.1,9.5,56,0.0,0.0,0.0,0.0,6.02,9.6
2010-03-27,9.4,12.6,6.4,6.0,10.4,69,0.0,0.0,0.0,0.0,5.62,8.5
2010-03-28,11.2,16.1,6.5,9.5,16.3,73,0.0,0.0,0.0,0.0,4.84,7.5
2010-03-29,11.2,14.6,8.3,7.1,11.5,68,0.0,0.0,0.0,0.0,7.93,12.2
2010-03-30,12.4,14.7,10.3,9.0,12.0,78,3.7,3.7,0.0,9.0,7.83,12.9
2010-03-31,14.8,17.2,12.6,14.7,18.4,87,5.4,5.4,0.0,13.0,5.41,7.5
2010-04-01,12.3,15.2,8.6,9.1,14.9,87,25.3,25.3,0.0,16.0,9.3,17.4
2010-04-02,10.3,13.5,7.7,7.5,11.5,56,0.0,0.0,0.0,0.0,5.0,8.6
2010-04-03,11.2,15.4,8.0,7.3,11.7,59,0.0,0.0,0.0,0.0,7.36,11.9
2010-04-04,12.4,15.0,9.9,9.7,13.5,75,0.0,0.0,0.0,0.0,5.97,9.6
2010-04-05,14.1,19.7,9.9,13.5,21.2,83,0.0,0.0,0.0,0.0,5.19,8.0
2010-04-06,11.9,15.5,9.1,8.4,11.9,80,0.2,0.2,0.0,2.0,9.4,15.7
2010-04-07,10.4,13.6,8.0,6.1,10.7,49,0.0,0.0,0.0,0.0,6.28,10.7
2010-04-08,9.7,11.3,8.1,6.1,7.9,71,3.8,3.8,0.0,8.0,6.1,9.8
2010-04-09,12.4,15.8,10.1,10.7,15.1,80,0.4,0.4,0.0,2.0,4.74,7.7
2010-04-10,13.8,17.3,10.7,12.3,18.0,84,0.0,0.0,0.0,0.0,6.68,9.6
2010-04-11,12.1,13.6,11.5,9.7,11.2,92,31.8,31.8,0.0,13.0,6.84,10.8
2010-04-12,13.3,16.1,11.3,11.1,14.4,84,0.1,0.1,0.0,1.0,6.89,10.4
2010-04-13,9.8,12.1,8.1,5.1,7.9,59,1.2,1.2,0.0,4.0,8.22,13.1
2010-04-14,7.2,9.2,5.1,2.3,4.6,68,11.2,11.2,0.0,15.0,7.25,11.8
2010-04-15,7.2,9.2,5.1,4.1,6.6,70,0.9,0.9,0.0,3.0,4.34,9.4
2010-04-16,10.1,14.4,5.8,7.6,13.2,69,0.0,0.0,0.0,0.0,6.44,9.7
2010-04-17,13.0,18.6,8.4,9.7,17.0,72,0.0,0.0,0.0,0.0,7.82,12.6
2010-04-18,16.3,19.9,13.0,15.4,21.1,85,7.1,7.1,0.0,9.0,7.57,12.2
2010-04-19,16.7,18.2,15.3,17.5,19.6,95,14.6,14.6,0.0,12.0,3.36,7.6
2010-04-20,16.3,17.7,14.7,16.3,18.6,93,10.2,10.2,0.0,15.0,4.7,7.5
2010-04-21,16.7,22.3,12.3,16.1,25.0,92,35.5,35.5,0.0,17.0,9.42,16.1
2010-04-22,13.7,15.9,11.7,10.8,14.8,82,1.5,1.5,0.0,6.0,9.01,16.5
2010-04-23,15.5,18.7,12.5,13.7,17.3,65,0.0,0.0,0.0,0.0,5.32,8.6
2010-04-24,14.6,18.8,10.1,11.9,17.5,54,0.0,0.0,0.0,0.0,6.18,9.1
2010-04-25,14.5,18.0,11.4,10.4,13.6,60,0.6,0.6,0.0,1.0,8.22,13.6
2010-04-26,15.5,17.8,13.9,14.4,16.5,79,6.2,6.2,0.0,12.0,5.26,9.1
2010-04-27,16.3,18.1,14.7,13.4,16.7,53,0.0,0.0,0.0,0.0,6.61,10.8
2010-04-28,16.1,18.1,12.0,12.7,15.5,55,0.0,0.0,0.0,0.0,7.07,12.3
2010-04-29,15.4,20.4,10.0,13.2,19.2,54,0.0,0.0,0.0,0.0,4.93,8.9
2010-04-30,18.2,23.0,13.6,17.9,23.8,61,0.0,0.0,0.0,0.0,4.69,7.3
2010-05-01,19.9,24.8,14.4,20.4,27.9,68,0.0,0.0,0.0,0.0,4.55,7.2
2010-05-02,23.6,29.6,17.8,24.8,32.5,71,0.0,0.0,0.0,0.0,5.52,8.4
2010-05-03,24.7,29.9,20.9,25.2,32.8,70,0.0,0.0,0.0,0.0,7.66,11.7
2010-05-04,23.7,28.7,20.1,22.9,29.0,72,0.0,0.0,0.0,0.0,8.78,14.4
2010-05-05,22.9,25.6,20.9,24.5,28.9,84,18.9,18.9,0.0,11.0,7.78,13.2
2010-05-06,22.9,27.1,17.2,23.9,29.8,71,0.1,0.1,0.0,1.0,7.53,12.6
2010-05-07,19.3,23.2,15.3,18.6,23.9,57,0.0,0.0,0.0,0.0,4.6,7.5
2010-05-08,17.5,20.2,15.4,15.4,18.4,69,5.6,5.6,0.0,7.0,7.08,12.5
2010-05-09,15.6,17.0,14.6,14.1,16.5,85,6.3,6.3,0.0,17.0,6.93,11.8
2010-05-10,18.0,21.1,14.8,17.5,22.3,65,0.0,0.0,0.0,0.0,4.74,7.4
2010-05-11,20.0,24.1,14.9,20.1,26.1,65,0.0,0.0,0.0,0.0,3.96,6.0
2010-05-12,20.1,25.1,15.3,18.4,24.2,54,0.0,0.0,0.0,0.0,5.8,9.3
2010-05-13,17.5,18.5,15.8,15.2,16.2,68,1.2,1.2,0.0,3.0,6.96,10.8
2010-05-14,17.0,19.5,15.3,15.1,17.3,72,0.7,0.7,0.0,2.0,5.41,9.4
2010-05-15,18.9,21.6,16.3,18.4,21.8,79,1.0,1.0,0.0,7.0,6.02,10.3
2010-05-16,20.7,23.1,18.6,20.4,22.6,84,0.0,0.0,0.0,0.0,7.5,12.3
2010-05-17,21.9,24.0,19.6,23.0,27.0,86,5.8,5.8,0.0,12.0,6.79,11.2
2010-05-18,21.8,22.5,21.2,24.3,25.4,92,22.3,22.3,0.0,19.0,5.19,7.9
2010-05-19,22.5,25.1,20.4,24.2,27.3,74,0.0,0.0,0.0,0.0,4.02,7.3
2010-05-20,23.0,25.9,20.4,24.7,28.5,75,0.0,0.0,0.0,0.0,4.32,7.7
2010-05-21,22.4,25.5,20.1,23.8,27.8,85,2.1,2.1,0.0,5.0,6.44,10.7
2010-05-22,21.9,25.1,18.6,23.3,28.4,90,19.1,19.1,0.0,20.0,7.59,12.0
2010-05-23,18.9,21.0,17.1,16.6,18.7,76,2.5,2.5,0.0,12.0,8.67,13.8
2010-05-24,22.9,27.5,18.5,23.0,28.2,68,0.0,0.0,0.0,0.0,6.32,9.8
2010-05-25,24.2,27.5,20.6,25.3,29.8,57,0.1,0.1,0.0,1.0,4.68,6.3
2010-05-26,23.3,27.0,19.4,23.3,27.0,59,0.0,0.0,0.0,0.0,4.44,6.2
2010-05-27,22.8,26.5,20.1,22.5,27.0,62,0.0,0.0,0.0,0.0,6.17,10.2
2010-05-28,20.3,21.4,19.3,20.4,21.7,85,3.0,3.0,0.0,14.0,6.39,10.8
2010-05-29,20.3,22.4,18.4,21.1,23.8,82,0.0,0.0,0.0,0.0,4.37,7.3
2010-05-30,20.6,25.7,15.8,20.9,26.9,71,0.0,0.0,0.0,0.0,5.52,8.2
2010-05-31,21.1,25.1,17.6,21.2,26.4,72,0.0,0.0,0.0,0.0,5.7,8.3
2010-06-01,20.6,23.9,17.7,20.2,24.5,69,0.0,0.0,0.0,0.0,5.2,8.7
2010-06-02,20.8,24.8,17.9,20.5,25.3,67,0.0,0.0,0.0,0.0,5.35,8.7
2010-06-03,21.0,24.5,17.7,20.9,24.2,72,0.0,0.0,0.0,0.0,5.0,7.7
2010-06-04,21.1,23.2,19.1,21.8,24.1,82,4.4,4.4,0.0,13.0,5.18,10.5
2010-06-05,21.9,25.4,18.1,22.5,26.0,69,0.0,0.0,0.0,0.0,3.61,6.5
2010-06-06,22.7,27.1,18.4,24.1,29.6,68,0.0,0.0,0.0,0.0,4.8,7.7
2010-06-07,23.5,28.5,19.1,24.5,29.9,65,0.0,0.0,0.0,0.0,4.68,7.7
2010-06-08,22.0,23.6,20.7,22.1,23.3,76,2.0,2.0,0.0,7.0,6.31,9.7
2010-06-09,20.6,21.3,19.7,20.3,22.5,87,33.4,33.4,0.0,24.0,8.39,13.8
2010-06-10,21.8,23.3,20.7,23.6,25.8,84,0.4,0.4,0.0,2.0,3.98,7.7
2010-06-11,22.3,23.9,20.4,23.8,25.0,80,0.6,0.6,0.0,4.0,3.96,8.0
2010-06-12,23.9,26.4,21.6,26.3,29.2,76,0.3,0.3,0.0,2.0,3.76,6.2
2010-06-13,24.6,27.2,21.9,27.7,31.0,76,1.0,1.0,0.0,5.0,4.0,6.1
2010-06-14,24.7,28.0,22.5,27.9,31.9,79,0.8,0.8,0.0,5.0,3.61,7.3
2010-06-15,25.0,28.6,21.7,28.0,32.7,73,0.0,0.0,0.0,0.0,4.32,8.0
2010-06-16,25.3,29.2,22.0,27.4,32.1,76,0.0,0.0,0.0,0.0,6.11,9.5
2010-06-17,26.5,30.1,23.5,31.0,36.5,82,1.2,1.2,0.0,3.0,4.27,7.6
2010-06-18,28.5,32.0,24.9,33.5,37.1,77,0.6,0.6,0.0,3.0,3.48,5.9
2010-06-19,30.3,33.6,26.9,35.7,39.2,72,0.1,0.1,0.0,1.0,3.67,6.1
2010-06-20,26.1,28.3,24.1,29.2,32.4,77,2.0,2.0,0.0,8.0,5.69,9.3
2010-06-21,25.1,28.7,22.5,27.6,30.6,73,0.0,0.0,0.0,0.0,3.67,7.1
2010-06-22,25.2,28.2,22.0,28.1,31.1,76,0.0,0.0,0.0,0.0,4.05,6.6
2010-06-23,27.4,32.2,23.8,31.1,36.5,72,0.0,0.0,0.0,0.0,5.85,9.6
2010-06-24,24.6,27.0,23.5,26.2,28.1,82,2.4,2.4,0.0,7.0,6.71,11.9
2010-06-25,24.3,25.9,23.4,25.4,26.0,85,3.5,3.5,0.0,16.0,8.56,13.4
2010-06-26,24.1,25.2,23.1,26.4,28.3,81,1.5,1.5,0.0,9.0,5.25,8.9
2010-06-27,25.1,26.8,22.8,29.1,32.1,87,3.7,3.7,0.0,7.0,4.11,6.7
2010-06-28,25.8,27.0,24.8,30.6,31.9,91,6.0,6.0,0.0,17.0,4.11,7.4
2010-06-29,26.5,28.9,24.9,31.5,34.5,90,21.3,21.3,0.0,16.0,3.64,8.1
2010-06-30,29.6,32.7,26.3,35.4,39.0,78,0.1,0.1,0.0,1.0,3.51,7.1
2010-07-01,31.5,34.6,28.6,37.8,40.9,77,0.3,0.3,0.0,1.0,4.03,6.8
2010-07-02,32.1,34.7,29.9,38.5,41.1,74,0.9,0.9,0.0,2.0,4.43,6.8
2010-07-03,30.8,32.0,29.9,37.4,38.4,80,11.7,11.7,0.0,10.0,5.08,11.9
2010-07-04,28.8,30.6,27.4,35.0,37.9,87,31.3,31.3,0.0,21.0,4.92,9.8
2010-07-05,27.7,28.7,26.6,32.9,34.9,84,31.9,31.9,0.0,23.0,4.21,8.4
2010-07-06,27.1,28.5,25.5,31.8,34.5,81,6.2,6.2,0.0,7.0,3.91,8.8
2010-07-07,27.6,31.3,23.9,31.8,36.5,76,0.0,0.0,0.0,0.0,4.6,7.0
2010-07-08,26.6,29.6,24.6,30.0,32.9,81,7.9,7.9,0.0,5.0,5.47,8.8
2010-07-09,26.6,28.2,25.0,30.4,32.9,83,6.4,6.4,0.0,14.0,5.06,8.3
2010-07-10,27.8,29.6,25.5,32.9,35.5,86,20.7,20.7,0.0,16.0,5.68,10.0
2010-07-11,26.8,29.5,25.7,31.8,33.7,89,21.3,21.3,0.0,18.0,5.55,11.8
2010-07-12,26.8,28.7,25.2,32.0,35.2,90,14.9,14.9,0.0,15.0,5.38,10.5
2010-07-13,26.5,27.7,24.9,31.7,33.2,91,37.7,37.7,0.0,19.0,4.33,10.4
2010-07-14,25.1,26.9,23.6,28.8,30.8,87,59.0,59.0,0.0,21.0,4.1,9.7
2010-07-15,26.0,27.3,24.9,30.5,32.9,91,27.7,27.7,0.0,22.0,4.34,7.7
2010-07-16,26.3,26.9,25.6,30.7,31.9,91,34.3,34.3,0.0,20.0,5.39,9.1
2010-07-17,28.7,31.0,26.6,33.5,37.3,83,0.4,0.4,0.0,1.0,5.66,9.7
2010-07-18,29.4,33.0,26.9,34.9,39.6,81,2.2,2.2,0.0,4.0,5.38,9.4
2010-07-19,29.4,32.5,26.9,34.2,38.0,80,0.0,0.0,0.0,0.0,6.89,10.9
2010-07-20,29.6,34.0,26.6,35.4,42.4,80,0.7,0.7,0.0,2.0,6.37,10.7
2010-07-21,30.5,33.9,28.2,37.0,41.7,79,2.6,2.6,0.0,4.0,4.3,8.5
2010-07-22,30.5,34.2,27.7,35.4,40.5,72,0.0,0.0,0.0,0.0,5.3,9.0
2010-07-23,29.7,33.1,27.1,33.9,38.2,75,0.0,0.0,0.0,0.0,6.84,10.2
2010-07-24,28.5,31.0,26.7,32.2,35.2,79,0.7,0.7,0.0,3.0,7.07,11.8
2010-07-25,28.4,30.4,26.7,31.6,35.3,79,1.2,1.2,0.0,9.0,7.55,13.0
2010-07-26,27.7,29.8,26.5,30.5,33.3,81,4.3,4.3,0.0,11.0,7.57,12.1
2010-07-27,27.6,29.7,25.7,31.7,34.8,80,2.2,2.2,0.0,6.0,6.12,9.6
2010-07-28,28.6,31.1,26.3,34.1,36.5,78,0.5,0.5,0.0,4.0,2.5,5.9
2010-07-29,30.1,33.8,27.2,36.2,40.5,76,0.1,0.1,0.0,1.0,3.11,5.9
2010-07-30,30.5,34.0,27.8,36.8,42.2,76,0.2,0.2,0.0,1.0,3.91,6.5
2010-07-31,31.8,34.7,28.6,37.7,40.5,71,0.0,0.0,0.0,0.0,4.2,8.4
2010-08-01,33.2,35.4,30.6,39.6,41.7,67,0.0,0.0,0.0,0.0,4.01,7.7
2010-08-02,33.6,35.9,30.9,40.1,42.5,65,0.0,0.0,0.0,0.0,3.69,7.4
2010-08-03,34.0,37.0,30.9,40.6,43.6,64,0.0,0.0,0.0,0.0,3.75,6.6
2010-08-04,32.8,36.5,30.1,39.3,45.5,71,4.2,4.2,0.0,3.0,5.46,9.5
2010-08-05,31.1,34.7,28.8,35.8,40.7,74,0.0,0.0,0.0,0.0,6.44,10.2
2010-08-06,29.0,31.1,28.2,33.4,35.6,83,17.8,17.8,0.0,9.0,6.66,10.7
2010-08-07,29.5,32.4,27.5,33.1,36.0,75,0.0,0.0,0.0,0.0,6.71,10.8
2010-08-08,29.0,31.9,26.5,32.9,35.6,76,0.0,0.0,0.0,0.0,5.96,9.4
2010-08-09,29.7,32.5,27.0,34.8,38.0,78,0.2,0.2,0.0,1.0,4.46,7.4
2010-08-10,30.3,33.1,27.7,36.1,38.6,77,0.1,0.1,0.0,1.0,3.86,6.8
2010-08-11,31.9,35.1,28.3,38.7,42.3,74,0.0,0.0,0.0,0.0,3.77,5.9
2010-08-12,33.7,37.2,30.6,40.9,45.0,69,0.0,0.0,0.0,0.0,3.88,5.8
2010-08-13,34.6,37.3,32.0,41.1,43.3,63,0.0,0.0,0.0,0.0,3.45,6.4
2010-08-14,34.6,37.9,32.1,40.6,43.3,61,0.6,0.6,0.0,3.0,4.84,9.6
2010-08-15,32.4,35.2,28.3,39.5,43.6,71,5.2,5.2,0.0,7.0,2.56,10.2
2010-08-16,30.0,33.9,28.3,35.5,40.0,77,1.4,1.4,0.0,5.0,5.04,8.6
2010-08-17,29.8,32.8,28.1,36.4,40.8,81,16.4,16.4,0.0,11.0,3.64,8.0
2010-08-18,31.0,33.1,29.1,37.3,40.3,76,1.0,1.0,0.0,4.0,4.36,7.5
2010-08-19,31.0,34.5,28.5,35.1,38.7,70,0.3,0.3,0.0,1.0,6.58,10.5
2010-08-20,30.5,34.0,27.8,34.5,38.9,70,0.0,0.0,0.0,0.0,6.4,10.2
2010-08-21,30.0,33.0,27.4,34.5,38.0,76,0.1,0.1,0.0,1.0,6.33,9.9
2010-08-22,30.6,34.5,27.8,35.4,39.4,74,0.0,0.0,0.0,0.0,5.52,8.9
2010-08-23,30.8,33.8,28.3,35.7,39.7,74,0.1,0.1,0.0,1.0,5.1,8.7
2010-08-24,30.8,35.1,28.1,36.5,41.9,75,0.0,0.0,0.0,0.0,4.8,8.4
2010-08-25,29.3,31.5,28.0,35.4,37.9,81,1.5,1.5,0.0,5.0,3.73,7.6
2010-08-26,28.2,31.7,25.6,34.1,38.6,83,9.9,9.9,0.0,9.0,3.64,7.8
2010-08-27,26.3,27.9,25.2,30.8,33.5,87,8.4,8.4,0.0,17.0,4.52,9.0
2010-08-28,26.1,28.0,24.9,29.4,30.5,81,1.2,1.2,0.0,6.0,4.98,8.5
2010-08-29,27.4,30.0,25.2,31.4,34.9,74,0.0,0.0,0.0,0.0,3.51,5.6
2010-08-30,27.4,29.7,25.3,31.2,33.8,78,1.4,1.4,0.0,6.0,5.12,8.4
2010-08-31,27.2,29.0,26.0,31.9,33.6,87,16.5,16.5,0.0,19.0,5.14,8.8
2010-09-01,27.8,30.0,26.4,32.9,35.4,86,14.8,14.8,0.0,21.0,4.44,7.0
2010-09-02,28.2,29.9,26.9,32.9,35.3,87,14.1,14.1,0.0,11.0,6.79,11.4
2010-09-03,29.1,31.9,26.8,33.0,36.2,78,0.1,0.1,0.0,1.0,6.87,10.9
2010-09-04,28.5,31.1,26.3,33.1,36.8,77,0.0,0.0,0.0,0.0,5.44,10.6
2010-09-05,28.3,30.5,26.5,33.0,36.1,83,0.5,0.5,0.0,3.0,5.28,8.9
2010-09-06,28.3,31.0,26.2,32.8,35.2,79,0.0,0.0,0.0,0.0,4.18,7.0
2010-09-07,28.6,32.2,25.9,33.5,37.8,79,0.1,0.1,0.0,1.0,5.64,8.4
2010-09-08,30.1,33.6,27.3,35.3,39.8,76,0.0,0.0,0.0,0.0,5.46,8.5
2010-09-09,29.7,32.2,27.8,33.9,37.5,74,0.2,0.2,0.0,1.0,6.35,10.3
2010-09-10,27.9,29.0,26.5,32.6,34.9,84,18.3,18.3,0.0,20.0,6.85,10.8
2010-09-11,26.9,28.2,25.8,31.4,34.2,87,16.5,16.5,0.0,19.0,5.6,9.2
2010-09-12,25.6,27.1,24.2,29.6,31.2,88,24.5,24.5,0.0,14.0,3.89,6.6
2010-09-13,26.1,27.9,24.7,29.7,31.4,83,8.4,8.4,0.0,15.0,4.44,7.1
2010-09-14,25.4,27.1,24.4,29.4,31.3,89,19.5,19.5,0.0,11.0,4.6,8.4
2010-09-15,25.9,28.5,24.1,29.7,32.6,83,0.1,0.1,0.0,1.0,4.43,6.7
2010-09-16,25.8,28.9,23.5,28.8,31.4,80,0.0,0.0,0.0,0.0,4.87,7.7
2010-09-17,25.9,29.2,23.5,28.3,32.1,75,0.0,0.0,0.0,0.0,5.07,8.2
2010-09-18,26.4,30.0,23.4,29.3,32.9,75,0.0,0.0,0.0,0.0,4.33,8.0
2010-09-19,28.1,31.4,25.3,32.5,35.8,82,0.2,0.2,0.0,1.0,5.19,8.2
2010-09-20,29.0,31.4,26.8,33.0,35.4,81,0.0,0.0,0.0,0.0,6.59,10.6
2010-09-21,29.5,32.8,26.9,34.0,38.1,76,0.0,0.0,0.0,0.0,6.4,10.1
2010-09-22,23.1,28.1,18.7,23.8,34.2,86,5.7,5.7,0.0,14.0,8.7,13.9
2010-09-23,19.5,22.2,17.0,18.5,21.1,69,3.6,3.6,0.0,9.0,6.0,9.3
2010-09-24,21.7,25.0,18.6,21.2,24.5,63,0.0,0.0,0.0,0.0,4.57,7.8
2010-09-25,21.8,23.4,20.5,22.7,24.1,74,2.3,2.3,0.0,9.0,3.6,7.0
2010-09-26,20.1,20.8,19.7,21.1,21.9,86,7.0,7.0,0.0,16.0,5.02,7.4
2010-09-27,20.2,21.3,19.4,21.2,22.2,82,1.7,1.7,0.0,7.0,3.52,6.6
2010-09-28,21.1,22.9,19.7,21.4,23.6,76,0.3,0.3,0.0,2.0,5.39,9.0
2010-09-29,18.8,19.7,17.7,18.8,20.0,78,4.1,4.1,0.0,13.0,5.09,8.1
2010-09-30,19.8,23.1,17.3,19.7,23.3,70,0.0,0.0,0.0,0.0,3.45,7.1
2010-10-01,20.4,23.6,17.0,21.0,24.4,76,0.0,0.0,0.0,0.0,3.47,6.5
2010-10-02,20.7,21.7,19.8,22.8,24.6,92,10.7,10.7,0.0,21.0,4.47,8.7
2010-10-03,21.1,24.2,19.4,20.9,23.8,73,0.2,0.2,0.0,1.0,6.11,10.1
2010-10-04,19.7,22.8,17.2,18.6,21.4,60,0.0,0.0,0.0,0.0,4.08,7.1
2010-10-05,19.3,22.9,14.9,18.8,22.6,60,0.0,0.0,0.0,0.0,3.01,5.8
2010-10-06,19.3,23.2,14.9,19.1,24.2,66,0.0,0.0,0.0,0.0,4.36,7.1
2010-10-07,20.2,23.0,17.4,19.9,23.1,69,0.0,0.0,0.0,0.0,4.25,7.5
2010-10-08,20.9,24.0,18.3,22.5,26.1,79,0.0,0.0,0.0,0.0,2.95,5.1
2010-10-09,21.1,24.7,17.5,22.6,26.4,77,0.0,0.0,0.0,0.0,4.24,6.8
2010-10-10,21.5,24.6,18.8,21.4,23.7,76,0.3,0.3,0.0,1.0,6.02,9.7
2010-10-11,21.8,23.4,20.6,23.1,25.6,79,0.5,0.5,0.0,2.0,4.74,8.4
2010-10-12,21.1,23.0,19.8,22.4,24.5,85,4.4,4.4,0.0,10.0,4.17,7.2
2010-10-13,19.2,19.9,18.4,19.3,20.7,82,6.9,6.9,0.0,17.0,4.91,7.9
2010-10-14,17.2,18.4,16.0,17.1,18.4,79,7.0,7.0,0.0,13.0,3.16,5.5
2010-10-15,18.2,21.3,15.6,18.0,21.3,71,0.0,0.0,0.0,0.0,3.54,5.5
2010-10-16,19.1,23.2,15.2,19.5,23.8,74,0.0,0.0,0.0,0.0,3.47,5.8
2010-10-17,20.1,24.6,16.5,20.8,25.8,77,0.0,0.0,0.0,0.0,4.49,7.2
2010-10-18,20.3,23.6,17.3,20.3,22.8,76,0.0,0.0,0.0,0.0,4.81,8.1
2010-10-19,21.1,24.4,19.1,21.3,24.5,78,0.0,0.0,0.0,0.0,4.99,9.1
2010-10-20,20.1,22.3,18.1,19.0,20.1,78,0.0,0.0,0.0,0.0,7.5,11.8
2010-10-21,18.9,22.5,16.9,17.2,20.9,71,0.0,0.0,0.0,0.0,6.26,10.7
2010-10-22,19.3,22.8,16.1,18.3,21.4,76,0.0,0.0,0.0,0.0,6.4,10.8
2010-10-23,19.3,19.6,18.8,18.9,20.0,86,15.5,15.5,0.0,17.0,6.54,10.7
2010-10-24,19.3,20.5,18.6,19.1,20.2,89,2.6,2.6,0.0,9.0,6.48,10.1
2010-10-25,16.7,19.3,13.9,13.3,18.7,71,0.7,0.7,0.0,3.0,8.91,14.0
2010-10-26,13.1,14.6,10.8,8.0,9.2,58,0.0,0.0,0.0,0.0,8.19,12.9
2010-10-27,11.7,13.7,10.0,7.4,9.2,63,0.0,0.0,0.0,0.0,6.61,10.6
2010-10-28,11.8,14.7,8.5,7.4,10.2,58,0.0,0.0,0.0,0.0,6.52,10.7
2010-10-29,12.9,15.4,10.8,9.6,12.9,61,0.0,0.0,0.0,0.0,5.64,8.7
2010-10-30,13.5,16.9,11.2,11.2,14.5,67,0.0,0.0,0.0,0.0,4.34,7.3
2010-10-31,13.1,17.1,9.6,11.7,15.1,73,0.0,0.0,0.0,0.0,3.05,5.4
2010-11-01,14.3,18.1,11.1,13.2,16.9,70,0.0,0.0,0.0,0.0,2.45,3.9
2010-11-02,13.7,16.3,10.9,11.5,13.8,72,0.0,0.0,0.0,0.0,4.72,7.7
2010-11-03,12.3,15.3,9.7,10.5,13.8,68,0.0,0.0,0.0,0.0,2.92,4.7
2010-11-04,13.1,17.2,9.4,12.1,16.6,77,0.0,0.0,0.0,0.0,2.51,4.6
2010-11-05,14.1,18.2,10.4,12.8,17.3,77,0.0,0.0,0.0,0.0,3.81,5.7
2010-11-06,15.3,19.3,11.7,14.6,19.2,78,0.0,0.0,0.0,0.0,3.12,5.8
2010-11-07,15.9,19.2,12.4,15.4,18.5,81,0.0,0.0,0.0,0.0,4.5,6.5
2010-11-08,15.1,18.0,12.8,11.9,14.9,53,0.0,0.0,0.0,0.0,5.14,9.2
2010-11-09,13.9,17.6,9.8,10.9,14.2,54,0.0,0.0,0.0,0.0,5.4,8.3
2010-11-10,16.1,21.0,12.1,13.6,18.8,57,0.0,0.0,0.0,0.0,5.12,8.3
2010-11-11,16.5,20.6,13.1,13.9,17.1,59,0.0,0.0,0.0,0.0,6.48,12.7
2010-11-12,14.8,19.2,11.2,12.0,16.1,55,0.0,0.0,0.0,0.0,5.46,7.6
2010-11-13,16.6,21.3,12.8,15.1,20.7,73,0.0,0.0,0.0,0.0,5.2,7.9
2010-11-14,15.2,16.6,12.7,13.0,15.5,85,2.0,2.0,0.0,12.0,7.45,12.1
2010-11-15,11.6,12.8,9.8,7.7,8.7,66,1.1,1.1,0.0,6.0,7.2,11.3
2010-11-16,10.1,11.2,8.6,8.0,10.1,71,2.8,2.8,0.0,7.0,4.05,6.3
2010-11-17,11.7,13.9,10.2,10.1,12.7,71,0.0,0.0,0.0,0.0,2.59,4.7
2010-11-18,12.8,16.2,10.3,10.8,14.5,72,0.0,0.0,0.0,0.0,3.61,7.1
2010-11-19,12.7,15.8,10.5,11.3,14.5,81,0.0,0.0,0.0,0.0,2.93,5.9
2010-11-20,13.7,17.6,10.3,12.0,16.0,77,0.0,0.0,0.0,0.0,4.46,6.7
2010-11-21,14.0,15.9,12.1,12.4,14.8,83,0.5,0.5,0.0,2.0,4.46,7.1
2010-11-22,12.2,14.6,8.8,8.1,13.0,60,0.0,0.0,0.0,0.0,7.41,11.5
2010-11-23,10.5,13.2,7.9,7.7,10.6,63,0.0,0.0,0.0,0.0,3.76,6.1
2010-11-24,11.4,14.1,7.8,9.2,11.8,67,0.0,0.0,0.0,0.0,2.81,4.8
2010-11-25,11.5,14.4,8.4,8.5,10.7,64,0.0,0.0,0.0,0.0,4.22,7.4
2010-11-26,10.2,14.7,6.3,6.7,10.5,62,0.0,0.0,0.0,0.0,5.61,7.9
2010-11-27,12.2,16.9,9.1,9.3,14.9,66,0.0,0.0,0.0,0.0,5.81,10.2
2010-11-28,12.0,14.5,10.5,9.4,12.6,71,0.0,0.0,0.0,0.0,5.44,9.0
2010-11-29,12.8,16.5,9.5,11.6,15.7,84,0.0,0.0,0.0,0.0,3.97,5.8
2010-11-30,13.0,15.9,11.2,12.4,15.7,87,0.0,0.0,0.0,0.0,3.04,4.7
2010-12-01,12.3,16.2,9.0,10.9,14.6,87,0.5,0.5,0.0,1.0,3.33,6.2
2010-12-02,15.4,18.6,13.2,13.5,16.5,72,8.0,8.0,0.0,7.0,7.43,10.5
2010-12-03,10.6,13.3,8.1,6.7,9.3,41,0.0,0.0,0.0,0.0,7.16,10.7
2010-12-04,11.2,15.9,7.5,7.6,11.9,67,0.0,0.0,0.0,0.0,5.28,9.0
2010-12-05,13.0,18.9,9.5,11.0,17.1,74,0.0,0.0,0.0,0.0,5.15,7.5
2010-12-06,10.4,12.6,6.6,6.1,10.7,70,0.0,0.0,0.0,0.0,8.51,13.7
2010-12-07,6.4,8.5,4.6,1.1,2.8,46,0.0,0.0,0.0,0.0,6.84,10.8
2010-12-08,8.8,13.1,5.8,4.2,8.1,51,0.0,0.0,0.0,0.0,6.22,9.9
2010-12-09,8.0,12.5,3.3,3.9,8.3,58,0.0,0.0,0.0,0.0,5.8,8.7
2010-12-10,11.3,16.0,7.8,7.4,12.8,58,0.0,0.0,0.0,0.0,5.63,8.6
2010-12-11,10.0,12.2,7.9,5.6,8.3,61,0.0,0.0,0.0,0.0,6.26,9.9
2010-12-12,9.7,10.6,8.5,6.1,8.1,84,26.4,26.4,0.0,17.0,6.67,9.9
2010-12-13,10.7,11.2,9.5,8.8,10.9,95,20.8,20.8,0.0,24.0,6.43,9.3
2010-12-14,7.3,9.5,5.0,2.6,5.7,80,0.6,0.6,0.0,3.0,7.28,11.4
2010-12-15,1.7,5.0,-0.7,-4.6,-0.7,66,2.8,0.2,1.96,11.0,7.43,12.1
2010-12-16,0.3,1.9,-1.6,-5.9,-3.7,50,0.0,0.0,0.0,0.0,7.28,11.5
2010-12-17,2.7,6.2,-0.1,-2.0,1.7,65,0.0,0.0,0.0,0.0,5.24,9.1
2010-12-18,4.4,9.6,0.3,0.3,4.9,71,0.0,0.0,0.0,0.0,4.88,7.9
2010-12-19,7.7,12.3,3.9,4.1,8.7,62,0.0,0.0,0.0,0.0,4.24,6.5
2010-12-20,7.3,10.4,3.6,4.7,8.2,76,0.0,0.0,0.0,0.0,3.47,5.1
2010-12-21,6.8,10.6,3.9,4.2,7.4,83,0.0,0.0,0.0,0.0,3.41,6.0
2010-12-22,8.4,13.4,6.4,5.3,10.8,70,0.0,0.0,0.0,0.0,3.71,6.1
2010-12-23,8.9,14.7,3.8,5.3,12.1,70,0.0,0.0,0.0,0.0,8.87,13.9
2010-12-24,4.3,8.0,1.6,-2.0,2.3,66,0.0,0.0,0.0,0.0,8.93,14.0
2010-12-25,1.2,2.8,-0.4,-4.1,-2.1,56,0.0,0.0,0.0,0.0,6.03,9.7
2010-12-26,3.1,6.2,-0.3,-2.4,0.3,60,0.0,0.0,0.0,0.0,8.46,13.1
2010-12-27,5.4,9.3,2.0,1.4,5.6,67,0.0,0.0,0.0,0.0,4.18,7.1
2010-12-28,6.7,9.1,5.1,1.9,4.0,55,0.0,0.0,0.0,0.0,7.47,11.7
2010-12-29,6.7,10.7,2.2,3.0,8.3,60,0.0,0.0,0.0,0.0,5.59,11.3
2010-12-30,3.4,7.4,0.4,-4.0,0.4,32,0.0,0.0,0.0,0.0,9.59,15.6
2010-12-31,-0.4,1.8,-2.2,-7.5,-5.8,33,0.0,0.0,0.0,0.0,7.66,13.5
2011-01-01,-0.5,2.3,-2.9,-6.4,-3.7,45,0.0,0.0,0.0,0.0,6.44,10.3
2011-01-02,1.4,4.2,-1.2,-3.2,-0.1,67,0.0,0.0,0.0,0.0,4.49,7.4
2011-01-03,1.5,3.2,-0.0,-3.4,-2.2,69,0.2,0.0,0.21,2.0,5.38,8.9
2011-01-04,0.7,3.3,-1.7,-3.3,-0.5,64,0.0,0.0,0.0,0.0,3.51,6.2
2011-01-05,2.0,2.9,0.5,-1.6,-0.7,66,0.0,0.0,0.14,0.0,3.47,4.6
2011-01-06,0.5,2.6,-1.4,-5.2,-3.3,54,0.0,0.0,0.0,0.0,6.54,10.9
2011-01-07,0.5,3.2,-1.6,-3.9,-0.9,56,0.0,0.0,0.0,0.0,4.25,8.0
2011-01-08,1.0,4.8,-2.8,-2.5,1.8,71,0.0,0.0,0.0,0.0,2.59,4.4
2011-01-09,2.0,4.8,-0.2,-3.3,-1.1,58,0.0,0.0,0.0,0.0,6.22,10.2
2011-01-10,-0.5,1.7,-2.9,-5.5,-3.0,52,0.0,0.0,0.0,0.0,4.92,7.9
2011-01-11,0.6,3.9,-2.6,-4.6,-1.7,48,0.0,0.0,0.0,0.0,5.46,9.5
2011-01-12,0.2,3.3,-3.0,-4.4,-1.2,52,0.0,0.0,0.0,0.0,4.61,7.0
2011-01-13,1.5,5.7,-2.6,-2.8,1.4,64,0.0,0.0,0.0,0.0,3.62,6.2
2011-01-14,4.0,5.5,2.6,0.2,1.7,80,0.9,0.9,0.0,5.0,4.27,6.8
2011-01-15,1.1,2.9,-3.6,-5.2,-1.9,56,0.0,0.0,0.0,0.0,8.41,13.8
2011-01-16,-2.7,0.1,-5.4,-8.2,-5.1,50,0.0,0.0,0.0,0.0,6.01,9.5
2011-01-17,-0.8,2.1,-3.9,-5.2,-1.9,58,0.0,0.0,0.0,0.0,3.81,6.1
2011-01-18,0.3,1.1,-0.3,-4.2,-3.7,73,2.1,0.0,1.68,10.0,4.38,7.1
2011-01-19,1.2,2.8,-0.2,-3.0,-1.0,81,0.2,0.0,0.84,2.0,4.62,7.5
2011-01-20,0.5,1.1,-0.1,-4.0,-3.3,84,7.2,0.0,5.25,18.0,5.32,8.1
2011-01-21,0.8,3.4,-0.9,-3.6,-0.5,67,0.0,0.0,0.07,0.0,4.37,7.0
2011-01-22,1.1,4.3,-2.6,-2.4,1.3,72,0.0,0.0,0.0,0.0,3.31,4.4
2011-01-23,3.2,5.1,1.7,-0.4,1.7,77,0.2,0.2,0.0,2.0,4.61,8.0
2011-01-24,1.1,3.4,-1.1,-3.8,-1.3,53,0.0,0.0,0.0,0.0,4.48,7.8
2011-01-25,1.5,5.2,-2.1,-2.5,1.7,62,0.0,0.0,0.0,0.0,3.54,6.4
2011-01-26,3.0,6.0,0.3,-1.5,1.3,66,0.0,0.0,0.0,0.0,4.56,7.4
2011-01-27,2.8,4.5,1.5,-2.1,-0.7,76,1.5,0.9,0.49,6.0,6.02,9.8
2011-01-28,2.0,3.6,1.2,-2.5,-0.8,81,3.1,0.8,1.61,10.0,6.08,9.3
2011-01-29,1.8,4.1,-0.4,-3.1,-1.5,64,0.0,0.0,0.0,0.0,5.75,9.6
2011-01-30,-0.1,2.4,-1.9,-5.1,-2.8,48,0.0,0.0,0.0,0.0,4.44,7.7
2011-01-31,1.1,4.9,-1.9,-3.1,0.8,53,0.0,0.0,0.0,0.0,3.27,6.0
2011-02-01,2.6,6.1,-1.4,-1.3,2.0,59,0.0,0.0,0.0,0.0,2.77,5.9
2011-02-02,3.7,8.6,-0.1,-0.0,5.4,64,0.0,0.0,0.0,0.0,3.33,5.4
2011-02-03,5.3,10.6,0.7,1.9,8.5,62,0.0,0.0,0.0,0.0,3.75,5.7
2011-02-04,6.3,11.2,1.7,3.6,8.7,71,0.0,0.0,0.0,0.0,3.11,5.0
2011-02-05,7.5,12.9,2.2,4.5,10.3,68,0.0,0.0,0.0,0.0,5.47,8.2
2011-02-06,9.3,15.0,6.0,5.9,12.8,61,0.0,0.0,0.0,0.0,4.79,7.8
2011-02-07,8.9,14.0,4.4,5.0,9.3,73,0.0,0.0,0.0,0.0,6.47,10.5
2011-02-08,11.5,13.7,7.8,8.6,11.2,72,0.0,0.0,0.0,0.0,6.08,10.0
2011-02-09,6.3,7.5,4.7,1.3,3.2,73,0.0,0.0,0.0,0.0,7.19,11.7
2011-02-10,3.4,4.8,1.9,-1.7,-0.3,84,9.6,9.6,0.0,15.0,7.25,11.2
2011-02-11,3.0,5.4,0.5,-2.1,0.5,64,0.0,0.0,0.0,0.0,6.08,9.3
2011-02-12,2.0,3.7,0.4,-3.3,-1.2,60,0.0,0.0,0.0,0.0,5.65,9.8
2011-02-13,1.4,3.1,-0.0,-2.7,-0.3,68,0.0,0.0,0.21,0.0,4.88,7.8
2011-02-14,1.5,3.2,-0.9,-3.6,-2.3,65,0.0,0.0,0.0,0.0,5.85,10.3
2011-02-15,1.3,4.9,-2.2,-3.4,0.7,59,0.0,0.0,0.0,0.0,5.56,7.9
2011-02-16,4.0,4.8,2.8,0.6,2.4,81,2.7,2.7,0.0,9.0,4.97,7.1
2011-02-17,3.2,4.0,2.5,-0.5,0.5,84,0.6,0.6,0.0,6.0,4.2,7.4
2011-02-18,3.5,6.1,0.9,-0.0,3.0,75,0.0,0.0,0.0,0.0,3.55,5.9
2011-02-19,4.9,6.8,2.8,1.4,3.6,73,0.0,0.0,0.0,0.0,3.28,5.4
2011-02-20,5.6,8.3,3.1,2.6,5.7,76,0.0,0.0,0.0,0.0,3.05,5.7
2011-02-21,5.6,10.0,1.3,2.8,7.6,73,0.0,0.0,0.0,0.0,3.57,5.3
2011-02-22,8.1,12.8,4.4,5.1,10.6,78,0.0,0.0,0.0,0.0,4.97,7.8
2011-02-23,9.6,14.2,5.9,7.4,13.5,78,0.0,0.0,0.0,0.0,3.83,6.0
2011-02-24,11.5,17.8,6.6,9.1,17.4,72,0.0,0.0,0.0,0.0,5.49,8.3
2011-02-25,9.3,12.5,6.5,5.1,8.6,77,0.0,0.0,0.0,0.0,6.67,11.1
2011-02-26,10.3,14.5,6.1,7.0,11.3,79,2.7,2.7,0.0,8.0,6.51,10.1
2011-02-27,11.2,13.5,7.3,8.4,10.7,84,2.3,2.3,0.0,8.0,6.62,11.6
2011-02-28,6.2,7.2,4.9,2.2,3.5,81,3.8,3.8,0.0,16.0,5.53,9.0
2011-03-01,3.5,4.8,2.1,-1.6,-0.2,75,4.6,4.6,0.0,9.0,6.8,11.2
2011-03-02,4.9,8.0,2.3,1.0,4.8,59,0.0,0.0,0.0,0.0,4.26,8.4
2011-03-03,6.5,8.9,4.1,3.2,6.0,52,0.0,0.0,0.0,0.0,2.95,6.0
2011-03-04,6.1,9.6,3.3,2.6,7.4,64,0.0,0.0,0.0,0.0,6.13,9.9
2011-03-05,7.7,11.2,3.7,3.8,8.7,68,0.6,0.6,0.0,2.0,6.35,10.5
2011-03-06,8.2,9.0,7.2,5.6,7.5,86,9.7,9.7,0.0,21.0,5.43,8.7
2011-03-07,7.4,10.4,4.6,3.5,7.1,59,0.0,0.0,0.0,0.0,5.85,9.1
2011-03-08,9.1,14.0,4.6,5.9,10.8,61,0.0,0.0,0.0,0.0,3.72,6.4
2011-03-09,10.0,13.0,6.8,6.5,8.8,58,0.0,0.0,0.0,0.0,4.66,8.3
2011-03-10,8.5,13.1,3.8,5.6,11.7,57,0.0,0.0,0.0,0.0,2.88,5.8
2011-03-11,10.0,15.3,4.9,6.1,11.9,58,0.0,0.0,0.0,0.0,6.28,9.8
2011-03-12,13.1,17.3,10.4,10.3,16.9,62,0.0,0.0,0.0,0.0,5.33,8.6
2011-03-13,13.2,18.0,9.4,10.4,15.8,77,4.7,4.7,0.0,5.0,6.64,11.2
2011-03-14,12.5,15.9,7.2,9.7,14.0,81,3.5,3.5,0.0,7.0,8.32,13.1
2011-03-15,7.9,10.1,5.4,2.0,4.5,48,0.0,0.0,0.0,0.0,8.05,12.8
2011-03-16,9.4,13.2,4.6,5.2,8.2,47,0.0,0.0,0.0,0.0,5.95,10.2
2011-03-17,11.0,15.1,7.7,8.2,14.1,49,0.0,0.0,0.0,0.0,6.72,10.2
2011-03-18,11.4,13.9,8.7,7.1,10.7,58,0.0,0.0,0.0,0.0,7.2,12.2
2011-03-19,12.8,15.8,10.1,11.1,13.9,81,3.7,3.7,0.0,7.0,4.63,7.3
2011-03-20,11.8,14.1,8.3,9.8,13.8,89,7.5,7.5,0.0,22.0,5.9,9.1
2011-03-21,7.0,8.3,5.8,2.4,4.3,85,17.3,17.3,0.0,23.0,7.46,11.8
2011-03-22,7.6,10.0,5.2,3.6,6.2,64,1.4,1.4,0.0,6.0,6.55,10.3
2011-03-23,8.9,12.5,4.5,5.7,10.1,54,0.0,0.0,0.0,0.0,4.85,7.8
2011-03-24,10.5,14.5,6.8,6.9,11.7,56,0.0,0.0,0.0,0.0,6.36,10.1
2011-03-25,9.0,12.0,6.0,5.1,9.3,43,0.0,0.0,0.0,0.0,5.96,9.7
2011-03-26,9.8,13.5,5.5,6.3,11.5,44,0.0,0.0,0.0,0.0,4.08,7.1
2011-03-27,11.7,15.6,8.0,8.3,13.9,42,0.0,0.0,0.0,0.0,4.88,8.6
2011-03-28,13.1,17.5,9.0,9.6,14.8,47,0.0,0.0,0.0,0.0,4.79,9.0
2011-03-29,11.7,14.6,8.2,8.0,10.5,55,0.0,0.0,0.0,0.0,6.8,12.3
2011-03-30,10.6,16.3,5.5,7.0,13.5,51,0.0,0.0,0.0,0.0,5.37,8.4
2011-03-31,12.8,19.1,7.5,9.5,16.9,61,0.0,0.0,0.0,0.0,5.41,9.3
2011-04-01,16.1,22.1,11.2,14.3,21.7,65,0.0,0.0,0.0,0.0,5.2,8.5
2011-04-02,12.8,15.3,8.3,9.5,14.2,80,0.8,0.8,0.0,4.0,8.06,13.0
2011-04-03,8.7,12.1,6.7,4.2,7.7,66,9.2,9.2,0.0,13.0,6.59,10.3
2011-04-04,10.0,14.1,6.5,6.4,11.5,55,0.0,0.0,0.0,0.0,5.08,8.1
2011-04-05,11.0,16.0,6.7,7.7,13.2,66,0.0,0.0,0.0,0.0,5.92,9.3
2011-04-06,13.5,18.0,9.2,10.9,17.1,78,2.9,2.9,0.0,7.0,7.29,12.2
2011-04-07,12.5,13.5,12.0,11.0,12.6,85,4.6,4.6,0.0,21.0,3.61,6.2
2011-04-08,14.6,18.2,11.5,13.6,18.6,74,0.0,0.0,0.0,0.0,3.45,6.3
2011-04-09,16.4,20.7,12.1,14.4,20.8,59,0.0,0.0,0.0,0.0,5.59,9.3
2011-04-10,18.4,23.1,14.0,17.7,24.4,61,0.0,0.0,0.0,0.0,9.6,7.6
2011-04-11,13.8,17.3,10.6,10.0,14.7,52,0.0,0.0,0.0,0.0,9.0,14.6
2011-04-12,14.5,19.6,9.2,10.6,16.0,43,0.0,0.0,0.0,0.0,5.96,10.0
2011-04-13,17.6,22.0,13.2,16.6,22.6,61,0.0,0.0,0.0,0.0,4.78,8.7
2011-04-14,20.5,24.8,15.4,21.6,26.5,74,0.0,0.0,0.0,0.0,2.93,6.6
2011-04-15,22.7,25.7,20.5,25.0,28.4,81,1.4,1.4,0.0,3.0,3.71,8.4
2011-04-16,14.9,21.9,10.8,10.8,21.4,55,0.1,0.1,0.0,1.0,9.0,15.7
2011-04-17,15.2,21.2,8.9,13.5,19.1,55,0.0,0.0,0.0,0.0,3.2,5.9
2011-04-18,16.8,19.4,14.2,13.0,17.4,42,0.0,0.0,0.0,0.0,7.08,11.6
2011-04-19,14.0,18.0,10.5,11.2,16.4,49,0.0,0.0,0.0,0.0,6.1,11.2
2011-04-20,16.2,22.1,10.7,13.4,20.6,60,0.0,0.0,0.0,0.0,6.24,10.1
2011-04-21,17.2,19.9,14.5,15.3,19.1,68,8.1,8.1,0.0,7.0,6.21,10.6
2011-04-22,16.4,19.4,11.7,14.8,18.3,77,8.0,8.0,0.0,8.0,6.87,10.6
2011-04-23,16.1,21.8,10.2,15.1,21.7,65,0.0,0.0,0.0,0.0,3.93,9.1
2011-04-24,17.5,20.8,14.1,16.4,19.6,61,0.0,0.0,0.0,0.0,4.24,7.9
2011-04-25,20.6,27.9,13.1,18.7,26.2,62,0.0,0.0,0.0,0.0,6.83,11.3
2011-04-26,25.0,30.4,20.5,24.2,29.9,50,0.2,0.2,0.0,1.0,5.71,9.6
2011-04-27,19.4,23.5,14.1,18.4,22.6,63,4.3,4.3,0.0,6.0,7.11,12.7
2011-04-28,17.1,22.5,11.9,14.9,21.5,60,0.0,0.0,0.0,0.0,7.66,12.3
2011-04-29,22.9,29.7,16.0,21.3,29.1,59,0.0,0.0,0.0,0.0,7.4,11.9
2011-04-30,25.5,27.3,23.6,26.0,28.7,65,0.0,0.0,0.0,0.0,7.03,11.7
2011-05-01,23.2,26.8,18.1,22.4,27.1,51,0.0,0.0,0.0,0.0,6.84,11.2
2011-05-02,18.7,22.2,16.3,15.8,19.4,48,0.0,0.0,0.0,0.0,5.34,9.1
2011-05-03,16.4,19.3,13.9,14.5,18.4,62,3.0,3.0,0.0,6.0,4.97,8.6
2011-05-04,15.8,17.8,13.3,14.1,15.7,71,0.0,0.0,0.0,0.0,4.85,8.4
2011-05-05,17.7,21.7,14.0,16.4,21.4,72,0.0,0.0,0.0,0.0,6.44,10.5
2011-05-06,21.6,26.8,16.5,22.3,28.3,73,0.0,0.0,0.0,0.0,5.31,8.9
2011-05-07,25.6,30.2,20.7,28.4,34.0,72,0.0,0.0,0.0,0.0,5.09,8.3
2011-05-08,27.8,32.5,23.0,30.8,36.1,71,0.0,0.0,0.0,0.0,5.99,9.3
2011-05-09,27.9,31.1,25.4,29.0,32.0,64,0.0,0.0,0.0,0.0,7.16,13.1
2011-05-10,28.8,33.7,25.1,32.0,37.4,69,1.0,1.0,0.0,4.0,5.22,8.9
2011-05-11,21.2,27.3,18.6,21.6,31.3,85,9.2,9.2,0.0,15.0,6.95,12.6
2011-05-12,21.4,24.9,19.0,21.4,24.4,73,0.0,0.0,0.0,0.0,4.95,9.0
2011-05-13,22.4,25.6,18.1,21.5,25.1,44,0.0,0.0,0.0,0.0,3.21,6.1
2011-05-14,23.3,26.2,20.7,23.2,25.6,49,0.0,0.0,0.0,0.0,3.06,6.3
2011-05-15,23.5,27.5,19.2,23.0,27.1,49,0.0,0.0,0.0,0.0,4.31,8.3
2011-05-16,23.9,27.9,19.7,24.6,29.0,59,0.0,0.0,0.0,0.0,3.7,6.6
2011-05-17,25.4,31.0,20.4,25.5,31.2,55,0.0,0.0,0.0,0.0,7.83,12.4
2011-05-18,26.4,31.9,21.8,24.0,29.5,45,0.0,0.0,0.0,0.0,7.8,12.7
2011-05-19,26.9,33.8,21.4,27.6,35.5,60,0.0,0.0,0.0,0.0,7.52,11.8
2011-05-20,28.8,35.3,23.9,31.8,39.0,61,0.0,0.0,0.0,0.0,5.17,9.2
2011-05-21,22.2,27.6,17.2,22.2,28.5,79,5.6,5.6,0.0,8.0,8.25,13.7
2011-05-22,16.4,17.2,15.3,14.7,16.1,85,14.6,14.6,0.0,22.0,6.88,10.6
2011-05-23,16.3,17.7,15.2,13.7,15.3,82,13.7,13.7,0.0,15.0,9.21,13.8
2011-05-24,19.1,22.7,15.9,17.4,21.4,62,0.0,0.0,0.0,0.0,5.47,8.5
2011-05-25,19.7,22.4,16.9,19.3,22.1,65,0.0,0.0,0.0,0.0,4.14,8.2
2011-05-26,19.9,22.4,18.3,19.4,22.0,77,0.2,0.2,0.0,2.0,6.09,9.5
2011-05-27,19.7,22.9,16.2,19.9,23.1,73,0.0,0.0,0.0,0.0,4.7,7.5
2011-05-28,19.4,23.1,16.8,18.9,21.7,74,0.0,0.0,0.0,0.0,5.12,8.8
2011-05-29,21.4,26.3,15.9,22.0,26.9,64,0.0,0.0,0.0,0.0,4.75,7.0
2011-05-30,23.8,28.6,19.4,23.2,29.1,56,0.0,0.0,0.0,0.0,5.13,8.8
2011-05-31,23.2,26.4,20.7,24.1,27.8,67,2.8,2.8,0.0,6.0,6.94,11.2
2011-06-01,23.6,27.3,19.8,25.1,28.7,72,1.4,1.4,0.0,3.0,3.95,7.0
2011-06-02,25.4,29.3,21.7,27.9,33.5,65,0.0,0.0,0.0,0.0,5.02,8.8
2011-06-03,25.7,29.8,22.2,26.6,32.0,60,0.0,0.0,0.0,0.0,6.23,10.3
2011-06-04,22.1,23.3,21.7,24.0,25.4,87,22.4,22.4,0.0,17.0,5.78,9.5
2011-06-05,22.7,25.4,21.2,24.7,26.8,88,9.9,9.9,0.0,14.0,5.12,8.5
2011-06-06,20.2,21.0,19.4,21.0,22.3,92,39.7,39.7,0.0,21.0,6.36,9.6
2011-06-07,21.5,23.6,19.6,23.8,27.0,86,4.3,4.3,0.0,6.0,3.57,5.3
2011-06-08,25.2,30.8,20.3,28.4,34.7,82,0.0,0.0,0.0,0.0,4.94,7.4
2011-06-09,28.9,33.8,24.6,33.6,40.2,73,0.0,0.0,0.0,0.0,4.46,6.6
2011-06-10,26.2,27.4,25.0,30.7,32.3,90,34.1,34.1,0.0,23.0,4.94,13.3
2011-06-11,23.5,25.8,22.6,26.9,31.2,89,42.8,42.8,0.0,23.0,4.38,10.3
2011-06-12,24.2,26.9,22.1,27.3,29.9,84,28.4,28.4,0.0,6.0,3.91,8.3
2011-06-13,25.4,28.3,23.3,28.4,31.8,77,1.1,1.1,0.0,4.0,3.89,7.2
2011-06-14,21.8,23.9,20.4,23.2,26.3,87,21.3,21.3,0.0,20.0,6.11,10.2
2011-06-15,20.2,21.0,19.4,20.9,23.0,93,87.9,87.9,0.0,23.0,7.43,12.2
2011-06-16,22.2,25.0,20.1,24.7,28.6,85,3.5,3.5,0.0,5.0,3.8,11.1
2011-06-17,23.0,24.9,21.3,26.1,29.4,93,18.7,18.7,0.0,23.0,4.83,9.8
2011-06-18,23.4,25.7,21.0,26.7,31.1,93,74.0,74.0,0.0,24.0,6.64,12.7
2011-06-19,21.4,23.8,19.9,22.6,25.2,87,47.5,47.5,0.0,12.0,6.58,9.9
2011-06-20,22.7,26.8,19.2,24.5,29.0,80,0.0,0.0,0.0,0.0,5.24,8.4
2011-06-21,24.9,27.2,22.1,28.4,32.2,89,4.3,4.3,0.0,6.0,5.4,8.9
2011-06-22,28.4,32.4,25.2,33.5,39.3,83,3.4,3.4,0.0,4.0,5.66,10.0
2011-06-23,30.2,34.4,26.6,34.5,40.0,73,0.0,0.0,0.0,0.0,6.1,10.2
2011-06-24,29.2,33.6,25.9,33.4,40.3,76,9.4,9.4,0.0,6.0,6.93,10.3
2011-06-25,25.7,28.2,22.7,27.9,30.9,89,5.7,5.7,0.0,11.0,9.96,15.1
2011-06-26,24.6,27.5,21.9,23.9,27.2,72,0.6,0.6,0.0,4.0,10.24,16.4
2011-06-27,27.1,30.8,23.5,30.0,34.6,68,0.0,0.0,0.0,0.0,5.41,8.4
2011-06-28,28.4,31.4,25.9,32.8,37.0,81,3.7,3.7,0.0,5.0,5.78,9.2
2011-06-29,27.8,29.7,26.7,31.2,34.0,81,13.4,13.4,0.0,12.0,7.05,11.7
2011-06-30,27.3,28.8,26.3,31.8,34.4,85,12.5,12.5,0.0,17.0,5.36,8.5
2011-07-01,28.9,31.8,26.5,34.2,37.1,83,3.7,3.7,0.0,11.0,4.85,8.4
2011-07-02,31.6,35.0,27.9,37.1,40.9,72,0.0,0.0,0.0,0.0,4.39,6.7
2011-07-03,32.6,35.7,29.7,38.2,41.4,67,0.0,0.0,0.0,0.0,5.22,9.4
2011-07-04,31.1,33.0,28.6,37.1,39.8,74,0.0,0.0,0.0,0.0,3.58,7.8
2011-07-05,30.3,33.6,27.5,36.6,40.8,80,0.7,0.7,0.0,3.0,3.7,11.0
2011-07-06,32.6,35.5,30.2,38.7,40.9,70,0.0,0.0,0.0,0.0,4.75,9.4
2011-07-07,32.9,36.6,30.5,38.5,40.8,68,0.2,0.2,0.0,1.0,5.16,8.4
2011-07-08,29.1,30.8,28.0,35.0,37.4,83,2.7,2.7,0.0,8.0,5.89,9.1
2011-07-09,28.7,30.6,27.3,33.9,35.7,82,4.1,4.1,0.0,13.0,4.81,7.5
2011-07-10,28.8,30.5,27.1,32.7,34.6,81,7.5,7.5,0.0,7.0,7.34,11.4
2011-07-11,28.0,30.2,26.8,31.4,34.1,82,0.8,0.8,0.0,1.0,7.08,12.1
2011-07-12,27.9,29.5,26.3,31.7,33.8,82,7.0,7.0,0.0,13.0,6.11,11.2
2011-07-13,28.4,30.6,26.6,32.9,35.5,80,1.6,1.6,0.0,4.0,5.72,9.5
2011-07-14,27.2,29.3,25.4,31.5,34.6,85,6.3,6.3,0.0,10.0,5.15,9.4
2011-07-15,26.5,28.9,24.0,31.1,34.1,88,12.7,12.7,0.0,13.0,3.97,9.5
2011-07-16,28.7,31.2,26.7,33.6,36.4,79,0.8,0.8,0.0,4.0,3.92,8.3
2011-07-17,27.8,29.0,27.1,31.4,33.4,80,5.9,5.9,0.0,14.0,5.92,10.1
2011-07-18,28.4,31.6,26.4,32.2,36.3,79,0.0,0.0,0.0,0.0,5.69,10.1
2011-07-19,27.0,28.4,25.7,32.0,33.8,86,18.2,18.2,0.0,14.0,4.18,6.5
2011-07-20,28.3,30.8,25.9,33.7,36.2,78,0.1,0.1,0.0,1.0,2.92,5.7
2011-07-21,29.9,32.7,26.8,35.7,39.5,74,0.1,0.1,0.0,1.0,4.1,6.3
2011-07-22,30.4,33.7,27.5,36.4,40.6,78,0.2,0.2,0.0,1.0,4.69,7.1
2011-07-23,30.3,33.5,27.9,36.7,40.9,81,4.0,4.0,0.0,8.0,4.19,6.8
2011-07-24,30.2,33.1,28.7,36.5,42.0,81,1.1,1.1,0.0,5.0,5.05,9.5
2011-07-25,31.6,35.9,28.4,37.6,43.2,76,0.0,0.0,0.0,0.0,5.26,8.7
2011-07-26,31.2,34.8,29.4,37.4,43.0,76,3.8,3.8,0.0,4.0,5.01,8.6
2011-07-27,31.1,34.6,28.8,35.1,39.7,71,0.0,0.0,0.0,0.0,7.62,12.7
2011-07-28,30.9,34.9,27.9,34.8,39.7,69,0.0,0.0,0.0,0.0,7.77,12.7
2011-07-29,31.2,34.7,28.3,35.5,39.6,70,0.0,0.0,0.0,0.0,6.26,9.8
2011-07-30,31.7,35.3,28.4,37.4,43.2,68,0.0,0.0,0.0,0.0,5.55,9.0
2011-07-31,30.5,32.7,27.7,36.7,39.9,78,4.2,4.2,0.0,8.0,4.05,7.7
2011-08-01,28.9,32.1,27.2,34.5,38.9,82,3.6,3.6,0.0,13.0,4.11,7.1
2011-08-02,30.1,33.8,27.5,35.5,40.6,77,0.4,0.4,0.0,1.0,5.95,10.2
2011-08-03,28.8,32.3,27.2,34.1,39.4,81,13.4,13.4,0.0,8.0,5.87,10.3
2011-08-04,28.2,30.3,26.6,34.0,36.0,83,6.1,6.1,0.0,10.0,4.46,7.3
2011-08-05,29.2,32.1,27.0,34.1,37.5,80,0.6,0.6,0.0,4.0,6.02,8.9
2011-08-06,28.3,30.3,27.0,32.0,34.8,83,4.0,4.0,0.0,5.0,7.61,12.7
2011-08-07,28.2,29.6,27.3,30.3,32.0,80,3.6,3.6,0.0,10.0,10.53,20.0
2011-08-08,29.0,31.9,26.6,34.9,38.2,78,0.3,0.3,0.0,1.0,3.2,6.8
2011-08-09,30.0,32.9,28.0,36.4,39.9,81,2.5,2.5,0.0,8.0,3.55,6.9
2011-08-10,30.6,33.3,28.4,36.1,40.3,74,0.0,0.0,0.0,0.0,4.25,8.1
2011-08-11,30.0,32.0,28.5,35.7,38.3,78,9.4,9.4,0.0,7.0,3.81,6.9
2011-08-12,28.2,29.5,26.4,33.4,34.7,85,16.7,16.7,0.0,11.0,4.24,9.8
2011-08-13,28.3,31.5,27.1,33.4,39.3,83,4.4,4.4,0.0,5.0,5.58,9.2
2011-08-14,29.1,31.9,26.9,33.8,37.2,80,1.9,1.9,0.0,2.0,5.56,12.1
2011-08-15,30.9,33.6,28.4,36.3,39.6,75,0.3,0.3,0.0,2.0,4.47,9.1
2011-08-16,31.9,34.1,29.5,37.5,40.5,71,0.0,0.0,0.0,0.0,5.32,7.7
2011-08-17,30.5,32.9,28.3,36.5,38.5,77,3.5,3.5,0.0,3.0,5.32,8.6
2011-08-18,29.9,31.2,28.5,36.5,37.9,84,0.0,0.0,0.0,0.0,3.71,5.8
2011-08-19,30.2,34.1,27.0,36.3,41.3,75,0.0,0.0,0.0,0.0,4.1,6.3
2011-08-20,29.9,31.9,27.6,35.9,39.1,78,2.4,2.4,0.0,4.0,4.32,8.5
2011-08-21,27.1,29.3,25.6,31.5,34.3,83,0.4,0.4,0.0,3.0,4.0,6.9
2011-08-22,25.8,27.3,24.0,29.2,32.2,87,13.6,13.6,0.0,14.0,6.24,12.6
2011-08-23,24.6,26.5,23.4,27.0,28.8,81,0.3,0.3,0.0,3.0,4.93,7.9
2011-08-24,23.6,24.7,22.5,25.4,26.7,88,19.9,19.9,0.0,23.0,7.12,9.9
2011-08-25,23.5,24.3,22.8,26.1,27.7,93,20.0,20.0,0.0,22.0,5.42,8.3
2011-08-26,25.3,27.1,23.5,29.2,31.4,89,6.7,6.7,0.0,11.0,4.52,7.7
2011-08-27,26.6,29.0,25.0,30.8,34.4,88,8.7,8.7,0.0,7.0,5.88,8.7
2011-08-28,27.4,29.3,26.1,32.1,34.0,88,0.3,0.3,0.0,2.0,4.88,7.9
2011-08-29,27.2,29.4,25.7,31.4,34.3,86,0.9,0.9,0.0,4.0,5.43,9.1
2011-08-30,26.6,27.9,25.9,30.3,31.8,88,6.3,6.3,0.0,23.0,5.92,9.7
2011-08-31,27.4,30.1,25.3,30.7,33.5,82,0.1,0.1,0.0,1.0,6.48,10.6
2011-09-01,27.1,30.7,24.4,31.1,35.5,80,0.0,0.0,0.0,0.0,4.63,6.9
2011-09-02,26.6,29.9,23.7,30.3,34.0,78,0.0,0.0,0.0,0.0,4.88,7.7
2011-09-03,25.7,28.6,23.2,28.4,31.7,72,0.0,0.0,0.0,0.0,4.11,6.7
2011-09-04,25.8,28.9,23.5,28.3,31.4,73,0.0,0.0,0.0,0.0,4.26,7.2
2011-09-05,25.3,28.3,22.8,26.8,30.9,68,0.0,0.0,0.0,0.0,4.88,7.6
2011-09-06,24.2,26.4,21.8,25.3,28.2,64,0.0,0.0,0.0,0.0,3.73,6.5
2011-09-07,24.7,27.9,22.1,26.0,29.1,68,0.0,0.0,0.0,0.0,4.94,7.8
2011-09-08,26.2,29.2,23.8,29.9,33.8,80,0.3,0.3,0.0,2.0,4.59,8.2
2011-09-09,23.8,25.1,22.4,26.6,28.3,91,19.5,19.5,0.0,23.0,5.82,9.3
2011-09-10,23.4,24.8,22.3,25.6,28.0,89,1.6,1.6,0.0,7.0,6.88,9.6
2011-09-11,24.5,27.0,22.4,27.7,30.9,83,0.0,0.0,0.0,0.0,4.49,7.3
2011-09-12,25.7,28.6,23.1,29.1,32.5,82,0.0,0.0,0.0,0.0,5.03,7.9
2011-09-13,26.8,30.4,24.1,30.5,35.2,82,0.0,0.0,0.0,0.0,5.81,8.8
2011-09-14,27.9,31.6,25.1,31.7,36.8,81,0.0,0.0,0.0,0.0,5.98,9.3
2011-09-15,28.3,32.2,25.7,32.2,37.0,77,0.0,0.0,0.0,0.0,6.15,9.1
2011-09-16,27.9,31.1,25.3,32.8,36.6,79,0.0,0.0,0.0,0.0,4.95,7.9
2011-09-17,27.2,30.0,24.7,30.9,33.4,76,1.4,1.4,0.0,4.0,7.49,10.8
2011-09-18,22.5,24.4,19.4,20.9,25.7,70,0.8,0.8,0.0,4.0,8.77,14.4
2011-09-19,19.2,21.6,17.3,16.7,19.2,69,0.0,0.0,0.0,0.0,8.1,12.8
2011-09-20,17.8,18.7,16.8,15.8,17.5,77,0.5,0.5,0.0,3.0,7.0,11.2
2011-09-21,19.6,22.3,17.9,18.3,20.3,67,0.0,0.0,0.0,0.0,5.74,9.6
2011-09-22,19.9,22.9,17.2,19.7,22.6,65,0.0,0.0,0.0,0.0,3.26,5.3
2011-09-23,20.6,23.9,17.0,21.3,25.0,67,0.0,0.0,0.0,0.0,2.79,5.3
2011-09-24,20.9,24.5,17.0,20.8,24.6,61,0.0,0.0,0.0,0.0,4.51,7.8
2011-09-25,22.1,25.0,19.5,22.8,25.8,74,0.0,0.0,0.0,0.0,4.09,6.7
2011-09-26,22.5,25.7,19.6,24.5,28.0,85,0.1,0.1,0.0,1.0,4.75,8.3
2011-09-27,23.8,26.3,21.7,25.2,27.3,81,0.2,0.2,0.0,2.0,5.61,9.9
2011-09-28,25.5,28.9,22.7,28.2,32.2,82,0.0,0.0,0.0,0.0,5.19,8.0
2011-09-29,24.2,26.0,20.9,27.0,30.0,89,9.8,9.8,0.0,16.0,7.07,10.4
2011-09-30,20.2,20.9,19.6,20.0,21.3,80,15.1,15.1,0.0,14.0,5.55,10.3
2011-10-01,19.2,20.1,18.3,18.3,19.2,74,0.8,0.8,0.0,4.0,5.63,9.5
2011-10-02,18.0,19.0,16.7,16.4,17.7,75,1.3,1.3,0.0,9.0,6.82,10.8
2011-10-03,17.7,19.3,16.3,15.8,17.3,66,0.0,0.0,0.0,0.0,5.78,9.3
2011-10-04,17.9,20.7,15.3,16.5,19.7,66,0.0,0.0,0.0,0.0,4.36,8.3
2011-10-05,18.1,20.5,15.9,17.7,20.0,70,0.0,0.0,0.0,0.0,2.72,5.7
2011-10-06,19.2,22.0,16.6,19.9,22.8,76,0.0,0.0,0.0,0.0,2.64,4.8
2011-10-07,19.9,24.5,15.9,20.7,25.5,76,0.0,0.0,0.0,0.0,3.89,6.0
2011-10-08,20.4,24.9,17.4,20.1,24.4,73,0.0,0.0,0.0,0.0,5.19,7.8
2011-10-09,20.8,25.3,16.6,20.9,25.9,76,0.0,0.0,0.0,0.0,5.45,9.1
2011-10-10,22.4,25.3,20.2,24.4,28.0,87,0.8,0.8,0.0,5.0,4.97,7.6
2011-10-11,21.9,24.7,19.1,22.2,25.1,76,0.0,0.0,0.0,0.0,5.3,8.6
2011-10-12,20.7,23.5,18.1,21.0,24.0,77,4.1,4.1,0.0,5.0,5.04,8.3
2011-10-13,19.9,20.5,19.0,21.4,23.7,93,30.3,30.3,0.0,23.0,5.33,8.5
2011-10-14,19.2,21.9,17.7,18.9,21.9,78,9.3,9.3,0.0,6.0,5.55,8.7
2011-10-15,19.6,22.1,17.3,18.2,19.7,65,0.0,0.0,0.0,0.0,6.61,11.4
2011-10-16,19.1,22.2,16.3,18.4,21.2,66,0.0,0.0,0.0,0.0,3.9,7.5
2011-10-17,19.6,23.4,15.5,19.7,23.4,63,0.0,0.0,0.0,0.0,2.64,4.4
2011-10-18,18.1,21.3,15.0,16.7,20.1,69,0.0,0.0,0.0,0.0,4.83,8.2
2011-10-19,16.9,20.6,13.9,15.6,18.8,69,0.0,0.0,0.0,0.0,3.81,7.2
2011-10-20,19.1,21.7,16.4,19.6,22.6,82,1.2,1.2,0.0,5.0,4.3,7.4
2011-10-21,19.3,21.4,17.6,20.3,22.4,83,1.6,1.6,0.0,6.0,3.71,6.3
2011-10-22,18.6,21.7,15.7,18.8,22.7,76,0.0,0.0,0.0,0.0,4.97,6.7
2011-10-23,19.7,22.7,16.9,19.2,21.9,76,0.0,0.0,0.0,0.0,5.74,9.3
2011-10-24,17.5,19.9,15.0,16.4,21.1,88,15.3,15.3,0.0,18.0,7.65,12.2
2011-10-25,14.9,16.2,13.7,11.2,12.0,61,0.0,0.0,0.0,0.0,7.05,11.9
2011-10-26,14.9,16.9,13.5,12.9,14.6,64,0.0,0.0,0.0,0.0,3.51,6.5
2011-10-27,16.6,19.3,14.1,15.7,19.0,70,0.0,0.0,0.0,0.0,3.54,6.8
2011-10-28,17.2,19.2,15.6,16.6,19.1,76,0.0,0.0,0.0,0.0,4.02,6.5
2011-10-29,16.1,16.6,15.5,15.8,16.5,83,4.2,4.2,0.0,14.0,3.11,5.5
2011-10-30,17.1,19.9,14.5,16.2,18.7,75,0.0,0.0,0.0,0.0,3.78,6.7
2011-10-31,16.2,19.4,13.2,15.3,18.7,76,0.0,0.0,0.0,0.0,3.35,6.8
2011-11-01,18.4,21.9,15.5,18.7,22.3,80,0.0,0.0,0.0,0.0,4.4,7.6
2011-11-02,18.4,20.2,17.0,18.4,19.8,88,10.6,10.6,0.0,13.0,5.19,9.1
2011-11-03,20.1,22.5,18.4,21.4,24.5,91,0.7,0.7,0.0,3.0,4.63,8.1
2011-11-04,21.8,23.7,20.3,24.3,27.6,91,31.2,31.2,0.0,14.0,4.31,6.4
2011-11-05,21.9,23.7,20.7,24.9,27.1,91,5.8,5.8,0.0,9.0,3.94,5.2
2011-11-06,19.3,20.5,17.5,19.7,22.3,90,0.6,0.6,0.0,5.0,5.1,8.3
2011-11-07,17.6,18.9,16.4,16.6,18.2,79,0.0,0.0,0.0,0.0,5.16,8.3
2011-11-08,16.4,17.2,15.5,14.7,15.9,78,0.5,0.5,0.0,3.0,5.13,8.3
2011-11-09,14.8,16.0,13.2,12.4,13.4,75,1.8,1.8,0.0,9.0,5.74,9.8
2011-11-10,13.8,16.4,12.4,11.2,13.7,71,1.4,1.4,0.0,6.0,4.98,9.0
2011-11-11,13.1,15.8,10.2,10.7,13.2,60,0.0,0.0,0.0,0.0,3.96,7.6
2011-11-12,13.7,17.9,9.3,12.4,16.9,71,0.0,0.0,0.0,0.0,3.03,5.2
2011-11-13,14.7,18.0,11.7,13.9,17.2,80,0.0,0.0,0.0,0.0,2.94,5.1
2011-11-14,15.2,18.0,13.1,13.6,16.7,77,0.0,0.0,0.0,0.0,5.11,8.0
2011-11-15,15.4,18.6,12.7,13.2,16.2,72,0.0,0.0,0.0,0.0,5.09,8.4
2011-11-16,17.4,20.1,14.5,16.2,18.4,82,1.9,1.9,0.0,4.0,6.67,10.5
2011-11-17,19.4,22.5,17.5,20.6,24.8,92,7.4,7.4,0.0,9.0,4.7,7.9
2011-11-18,20.2,22.3,19.1,22.1,25.2,94,1.1,1.1,0.0,5.0,6.04,8.4
2011-11-19,15.4,18.9,12.6,12.9,18.6,80,4.4,4.4,0.0,10.0,6.92,10.8
2011-11-20,12.1,13.9,10.0,9.3,10.3,63,0.0,0.0,0.0,0.0,4.3,7.9
2011-11-21,11.5,15.1,8.7,8.6,11.9,67,0.0,0.0,0.0,0.0,4.21,7.5
2011-11-22,13.4,16.6,10.8,11.5,14.9,77,0.0,0.0,0.0,0.0,4.23,8.3
2011-11-23,12.0,14.5,7.5,8.6,11.5,71,0.0,0.0,0.0,0.0,6.62,10.9
2011-11-24,9.0,12.7,5.3,5.6,8.9,64,0.0,0.0,0.0,0.0,4.31,6.4
2011-11-25,13.2,17.2,9.9,10.6,14.6,74,0.0,0.0,0.0,0.0,5.84,9.5
2011-11-26,15.6,19.3,12.5,13.0,17.2,75,0.0,0.0,0.0,0.0,6.33,10.7
2011-11-27,16.3,20.5,13.5,15.5,20.6,80,0.0,0.0,0.0,0.0,5.28,7.7
2011-11-28,17.0,20.8,13.8,17.3,21.4,89,0.0,0.0,0.0,0.0,4.08,6.1
2011-11-29,17.8,20.3,16.4,18.1,20.4,91,0.5,0.5,0.0,3.0,5.1,6.8
2011-11-30,13.3,17.4,7.5,10.6,19.2,89,6.0,6.0,0.0,19.0,9.49,15.8
2011-12-01,6.9,8.0,5.8,1.5,2.7,70,1.3,1.3,0.0,6.0,8.7,13.4
2011-12-02,5.5,7.3,4.3,0.8,2.4,61,0.0,0.0,0.0,0.0,5.71,9.7
2011-12-03,6.4,9.2,4.6,2.1,4.7,65,0.0,0.0,0.0,0.0,5.52,9.5
2011-12-04,8.0,12.2,4.1,5.1,9.4,73,0.0,0.0,0.0,0.0,3.6,6.5
2011-12-05,11.0,14.1,8.1,7.6,10.6,75,1.0,1.0,0.0,2.0,5.91,10.3
2011-12-06,12.5,14.4,11.0,10.8,12.9,85,3.0,3.0,0.0,9.0,4.21,7.4
2011-12-07,11.8,12.2,10.7,10.4,11.3,95,19.1,19.1,0.0,24.0,5.06,7.3
2011-12-08,8.0,10.7,4.1,3.0,8.0,75,4.3,4.3,0.0,8.0,9.04,14.0
2011-12-09,3.0,4.7,1.6,-2.6,-0.8,59,0.0,0.0,0.0,0.0,7.51,11.7
2011-12-10,2.5,4.5,0.7,-2.6,0.4,56,0.0,0.0,0.0,0.0,5.94,10.2
2011-12-11,3.1,5.5,-0.2,-0.6,1.6,61,0.0,0.0,0.0,0.0,3.5,5.4
2011-12-12,4.1,7.4,1.9,0.8,3.8,64,0.0,0.0,0.0,0.0,2.56,4.0
2011-12-13,4.8,9.4,1.7,2.1,7.6,82,0.0,0.0,0.0,0.0,2.88,4.2
2011-12-14,6.2,9.6,2.8,2.9,6.1,75,0.0,0.0,0.0,0.0,4.3,6.9
2011-12-15,6.2,7.7,3.8,1.8,2.8,68,0.0,0.0,0.0,0.0,5.72,9.6
2011-12-16,2.4,4.5,0.6,-3.2,-1.5,52,0.0,0.0,0.0,0.0,5.7,9.8
2011-12-17,1.4,4.7,-1.7,-2.9,0.8,55,0.0,0.0,0.0,0.0,3.55,6.2
2011-12-18,3.3,6.2,0.6,-0.3,2.8,76,0.0,0.0,0.0,0.0,3.5,6.4
2011-12-19,4.8,8.8,1.5,1.3,5.7,74,0.0,0.0,0.0,0.0,4.4,6.3
2011-12-20,6.6,8.9,4.1,3.9,6.7,84,2.2,2.2,0.0,8.0,3.71,6.6
2011-12-21,7.6,8.9,6.6,5.0,6.1,84,0.0,0.0,0.0,0.0,3.6,6.0
2011-12-22,5.1,6.8,2.8,0.4,3.4,67,0.0,0.0,0.0,0.0,6.01,9.8
2011-12-23,3.0,5.5,0.8,-1.4,1.0,60,0.0,0.0,0.0,0.0,4.42,7.0
2011-12-24,3.4,6.3,1.5,-0.9,1.5,61,0.0,0.0,0.0,0.0,5.02,8.3
2011-12-25,4.2,7.3,1.7,1.0,3.9,68,0.0,0.0,0.0,0.0,2.71,4.9
2011-12-26,4.6,8.3,0.7,0.6,4.2,67,0.0,0.0,0.0,0.0,5.12,7.6
2011-12-27,7.3,9.7,4.9,3.0,5.4,68,0.0,0.0,0.0,0.0,5.51,9.6
2011-12-28,8.5,10.1,7.1,6.2,8.4,80,0.0,0.0,0.0,0.0,3.58,6.7
2011-12-29,8.0,9.8,5.2,4.3,6.3,78,0.0,0.0,0.0,0.0,5.98,9.9
2011-12-30,5.1,7.7,2.9,0.9,3.9,70,0.0,0.0,0.0,0.0,5.27,8.6
2011-12-31,4.4,7.9,1.5,1.3,5.1,76,0.0,0.0,0.0,0.0,3.3,5.1
2012-01-01,5.0,7.8,2.6,1.4,3.2,75,0.0,0.0,0.0,0.0,4.6,8.1
2012-01-02,4.1,7.1,1.0,0.6,4.5,68,0.0,0.0,0.0,0.0,4.18,7.7
2012-01-03,3.6,4.9,1.9,-1.6,0.9,61,0.0,0.0,0.0,0.0,6.69,10.6
2012-01-04,0.9,3.2,-1.1,-5.0,-2.5,45,0.0,0.0,0.0,0.0,6.57,10.2
2012-01-05,1.1,3.6,-1.2,-2.8,-0.1,49,0.0,0.0,0.0,0.0,3.24,5.1
2012-01-06,3.1,6.1,0.8,-0.9,2.0,67,0.0,0.0,0.0,0.0,4.11,7.5
2012-01-07,3.9,7.3,0.3,-0.3,3.4,70,0.0,0.0,0.0,0.0,4.56,7.5
2012-01-08,4.5,5.1,3.9,1.2,2.0,84,2.7,2.7,0.0,13.0,3.76,6.6
2012-01-09,5.5,7.6,3.8,2.5,5.2,78,0.0,0.0,0.0,0.0,3.18,5.3
2012-01-10,5.9,7.7,4.7,3.0,4.9,74,0.0,0.0,0.0,0.0,2.55,5.1
2012-01-11,4.5,6.8,1.9,-0.1,2.0,68,0.0,0.0,0.0,0.0,6.36,9.9
2012-01-12,4.0,6.8,0.2,0.1,3.6,66,0.0,0.0,0.0,0.0,4.33,7.2
2012-01-13,6.2,7.5,5.3,3.4,4.9,74,0.6,0.6,0.0,6.0,3.35,5.3
2012-01-14,4.9,5.7,3.9,1.1,2.3,89,16.5,16.5,0.0,24.0,4.83,7.7
2012-01-15,5.5,6.0,5.0,1.6,2.4,86,12.4,12.4,0.0,24.0,5.3,8.5
2012-01-16,5.7,7.6,3.9,2.3,4.4,79,5.7,5.7,0.0,13.0,4.48,6.9
2012-01-17,5.5,8.7,2.4,2.1,5.7,76,0.0,0.0,0.0,0.0,4.3,6.2
2012-01-18,6.3,7.2,5.6,2.6,4.1,88,8.1,8.1,0.0,22.0,5.24,7.5
2012-01-19,6.4,8.0,4.1,2.7,4.2,81,0.7,0.7,0.0,4.0,4.47,7.4
2012-01-20,5.3,7.1,3.7,1.0,2.9,71,0.0,0.0,0.0,0.0,5.32,7.7
2012-01-21,4.1,5.4,1.4,-1.5,0.3,82,1.6,1.4,0.21,8.0,7.82,12.3
2012-01-22,0.4,1.8,-1.1,-5.5,-4.0,72,0.0,0.0,0.0,0.0,7.44,11.5
2012-01-23,-0.6,1.9,-2.8,-5.2,-1.9,60,0.0,0.0,0.0,0.0,4.9,8.1
2012-01-24,0.4,2.5,-1.9,-4.0,-2.4,60,0.0,0.0,0.0,0.0,4.16,6.4
2012-01-25,0.8,3.2,-1.9,-3.7,-1.2,55,0.0,0.0,0.0,0.0,4.53,7.5
2012-01-26,2.0,6.4,-2.6,-2.4,1.9,68,0.0,0.0,0.0,0.0,4.58,7.8
2012-01-27,5.2,7.5,2.5,2.4,5.1,84,4.5,4.5,0.0,9.0,3.85,6.2
2012-01-28,5.9,6.6,5.2,2.3,3.5,89,8.3,8.3,0.0,23.0,5.48,8.3
2012-01-29,6.2,8.6,4.1,2.2,4.9,75,0.3,0.3,0.0,2.0,5.52,8.8
2012-01-30,5.3,6.9,2.7,1.7,3.0,77,1.1,1.1,0.0,6.0,4.61,7.6
2012-01-31,5.6,8.6,1.9,2.4,5.3,78,0.0,0.0,0.0,0.0,4.44,7.1
2012-02-01,4.0,7.1,0.8,-0.7,3.5,79,0.0,0.0,0.0,0.0,7.86,12.7
2012-02-02,0.3,2.5,-1.6,-5.3,-3.3,60,0.0,0.0,0.0,0.0,6.11,10.4
2012-02-03,0.6,3.7,-2.6,-3.6,0.1,57,0.0,0.0,0.0,0.0,3.75,6.3
2012-02-04,3.8,8.1,-0.5,-0.3,3.6,77,1.5,1.5,0.0,6.0,5.29,8.0
2012-02-05,6.8,8.5,5.5,4.5,6.1,86,0.0,0.0,0.0,0.0,4.12,7.6
2012-02-06,6.4,7.3,5.3,2.6,4.5,94,22.8,22.8,0.0,20.0,7.2,11.2
2012-02-07,1.1,4.7,-1.1,-5.4,-1.5,54,0.0,0.0,0.0,0.0,8.86,13.9
2012-02-08,0.0,2.5,-2.6,-4.6,-1.3,44,0.0,0.0,0.0,0.0,4.0,7.4
2012-02-09,1.7,4.5,-1.9,-2.8,-0.4,56,0.0,0.0,0.0,0.0,3.68,6.0
2012-02-10,2.0,3.2,1.1,-2.0,-0.7,77,2.0,0.3,1.19,8.0,5.01,7.6
2012-02-11,2.9,5.2,-0.6,-0.4,2.4,74,0.0,0.0,0.0,0.0,2.97,5.2
2012-02-12,5.6,7.2,3.9,1.6,5.8,83,5.4,5.4,0.0,15.0,6.75,10.2
2012-02-13,5.7,6.3,4.9,2.8,4.1,90,5.4,5.4,0.0,16.0,4.7,7.6
2012-02-14,5.5,6.2,5.1,2.5,3.9,93,15.5,15.5,0.0,24.0,5.16,9.1
2012-02-15,4.7,6.4,2.9,0.1,1.5,83,8.1,8.1,0.0,13.0,6.05,9.2
2012-02-16,4.3,6.8,2.3,0.5,2.8,76,1.5,1.5,0.0,4.0,4.62,8.1
2012-02-17,4.3,6.3,2.2,0.1,1.8,62,0.0,0.0,0.0,0.0,4.57,8.0
2012-02-18,2.0,4.2,0.2,-2.5,-0.2,57,0.0,0.0,0.0,0.0,5.14,8.9
2012-02-19,2.8,6.2,-0.8,-1.2,3.4,56,0.0,0.0,0.0,0.0,5.45,7.5
2012-02-20,5.3,8.9,1.3,0.8,4.9,74,1.6,1.6,0.0,4.0,6.39,10.7
2012-02-21,7.5,8.4,6.8,5.4,6.4,91,6.3,6.3,0.0,16.0,3.82,6.0
2012-02-22,8.6,10.4,7.4,6.6,9.5,97,19.0,19.0,0.0,21.0,5.08,10.4
2012-02-23,7.4,8.8,4.3,3.1,5.5,86,1.1,1.1,0.0,5.0,7.07,11.5
2012-02-24,5.5,6.9,4.5,1.6,3.4,80,3.7,3.7,0.0,8.0,5.53,8.3
2012-02-25,3.6,4.9,2.5,-1.8,-0.2,73,0.6,0.6,0.0,5.0,6.99,11.1
2012-02-26,3.0,4.8,1.4,-2.3,-0.3,62,0.0,0.0,0.14,0.0,6.21,9.3
2012-02-27,3.9,6.2,1.7,-0.8,1.8,63,0.0,0.0,0.0,0.0,4.84,8.4
2012-02-28,4.3,6.3,2.5,0.5,2.9,78,3.1,3.1,0.0,9.0,4.39,6.9
2012-02-29,6.4,8.6,3.7,3.8,6.4,83,8.5,8.5,0.0,11.0,3.24,6.1
2012-03-01,7.8,9.4,6.7,5.9,7.7,88,3.7,3.7,0.0,10.0,3.1,7.6
2012-03-02,7.1,8.1,5.1,3.4,5.4,83,3.7,3.7,0.0,7.0,5.1,8.9
2012-03-03,6.0,7.2,4.3,2.7,4.8,84,10.1,10.1,0.0,17.0,4.82,7.4
2012-03-04,6.7,7.3,6.2,4.3,4.8,91,32.6,32.6,0.0,24.0,3.41,6.3
2012-03-05,5.9,6.4,5.5,2.8,4.2,89,18.1,18.1,0.0,18.0,4.65,7.2
2012-03-06,7.6,10.4,5.2,4.5,8.8,76,0.0,0.0,0.0,0.0,5.05,7.7
2012-03-07,5.9,6.6,5.3,2.2,3.1,80,7.2,7.2,0.0,19.0,4.89,8.0
2012-03-08,6.5,8.5,5.1,2.0,4.0,75,3.2,3.2,0.0,9.0,5.94,9.4
2012-03-09,6.3,8.4,3.9,1.6,4.5,61,0.0,0.0,0.0,0.0,5.88,9.7
2012-03-10,5.4,8.6,2.0,2.2,5.7,61,0.0,0.0,0.0,0.0,4.08,6.5
2012-03-11,5.9,9.2,1.9,1.6,4.6,69,0.0,0.0,0.0,0.0,6.8,11.1
2012-03-12,4.2,8.0,0.4,0.3,5.4,62,0.0,0.0,0.0,0.0,4.74,8.0
2012-03-13,7.6,12.2,3.6,4.1,10.2,67,0.0,0.0,0.0,0.0,4.46,8.1
2012-03-14,10.1,16.1,5.2,6.9,13.9,71,0.0,0.0,0.0,0.0,6.0,8.8
2012-03-15,10.8,12.0,9.4,6.8,8.1,87,20.5,20.5,0.0,15.0,8.71,15.1
2012-03-16,12.8,14.5,11.7,10.8,12.3,88,6.5,6.5,0.0,13.0,7.04,13.3
2012-03-17,12.4,13.6,11.0,11.2,13.2,85,5.8,5.8,0.0,23.0,3.99,7.1
2012-03-18,11.7,14.1,8.0,9.0,11.7,82,6.7,6.7,0.0,6.0,7.86,12.2
2012-03-19,7.4,8.4,6.6,3.1,4.7,78,4.9,4.9,0.0,10.0,6.14,10.0
2012-03-20,7.4,10.5,5.5,3.5,7.3,72,5.5,5.5,0.0,11.0,5.64,9.1
2012-03-21,8.6,13.4,4.2,4.4,10.2,70,0.0,0.0,0.0,0.0,7.82,12.6
2012-03-22,11.8,16.1,9.0,8.9,15.2,80,17.9,17.9,0.0,11.0,7.61,12.6
2012-03-23,9.1,12.1,6.8,4.0,7.4,77,24.3,24.3,0.0,13.0,9.18,14.9
2012-03-24,11.3,14.6,8.4,7.6,11.8,52,0.0,0.0,0.0,0.0,7.19,11.0
2012-03-25,12.1,16.7,7.7,10.4,15.7,63,0.0,0.0,0.0,0.0,2.77,5.2
2012-03-26,12.9,18.5,8.7,10.7,18.6,71,0.0,0.0,0.0,0.0,6.63,10.4
2012-03-27,16.4,22.6,11.4,14.4,22.3,59,0.0,0.0,0.0,0.0,5.69,9.6
2012-03-28,17.1,23.2,13.0,15.8,23.2,65,0.0,0.0,0.0,0.0,5.76,9.1
2012-03-29,17.5,21.1,13.0,15.9,20.4,74,0.0,0.0,0.0,0.0,7.52,12.9
2012-03-30,15.7,18.4,11.5,14.3,18.0,83,18.3,18.3,0.0,15.0,7.55,12.1
2012-03-31,13.8,18.3,8.6,10.8,14.8,54,0.0,0.0,0.0,0.0,6.69,10.9
2012-04-01,16.1,21.0,10.8,13.2,18.6,59,0.0,0.0,0.0,0.0,8.25,12.9
2012-04-02,19.0,24.4,14.1,16.5,23.8,63,4.3,4.3,0.0,3.0,12.18,16.1
2012-04-03,12.9,15.6,9.2,8.4,11.5,58,4.3,4.3,0.0,5.0,12.73,20.3
2012-04-04,14.9,18.3,9.8,12.3,15.6,61,0.0,0.0,0.0,0.0,5.36,9.1
2012-04-05,16.4,21.5,12.9,14.4,20.2,64,0.0,0.0,0.0,0.0,6.14,9.3
2012-04-06,15.9,21.1,11.0,13.1,19.6,50,0.0,0.0,0.0,0.0,5.85,9.2
2012-04-07,16.7,21.3,13.0,15.1,22.0,63,0.0,0.0,0.0,0.0,5.59,8.5
2012-04-08,18.0,21.5,14.9,16.4,20.3,72,0.0,0.0,0.0,0.0,5.46,8.8
2012-04-09,17.3,19.0,15.9,15.8,17.2,81,3.7,3.7,0.0,7.0,6.59,10.7
2012-04-10,20.3,24.9,16.8,21.8,27.2,85,16.3,16.3,0.0,9.0,5.63,9.7
2012-04-11,18.7,21.1,13.7,17.8,22.4,79,2.1,2.1,0.0,4.0,6.79,11.5
2012-04-12,14.2,16.5,11.8,12.2,14.9,81,5.7,5.7,0.0,6.0,5.7,9.6
2012-04-13,14.8,16.8,13.8,14.1,16.7,85,7.5,7.5,0.0,6.0,4.05,9.0
2012-04-14,16.1,19.9,13.5,15.5,19.6,79,0.5,0.5,0.0,2.0,4.61,8.6
2012-04-15,16.9,20.5,14.0,16.4,21.5,74,0.1,0.1,0.0,1.0,4.0,7.0
2012-04-16,17.6,22.3,12.8,17.5,23.4,74,0.0,0.0,0.0,0.0,5.36,8.7
2012-04-17,16.5,21.7,13.3,14.9,21.2,71,0.0,0.0,0.0,0.0,6.39,9.5
2012-04-18,16.6,20.0,14.2,14.5,18.5,77,3.0,3.0,0.0,5.0,6.44,11.2
2012-04-19,18.6,21.5,15.4,18.7,21.7,79,0.0,0.0,0.0,0.0,4.62,7.5
2012-04-20,17.6,20.0,15.7,17.6,20.3,85,12.2,12.2,0.0,9.0,4.9,8.5
2012-04-21,17.0,19.0,15.4,15.3,18.4,83,9.2,9.2,0.0,12.0,8.77,14.3
2012-04-22,20.3,25.0,15.9,20.3,26.1,72,0.0,0.0,0.0,0.0,5.73,8.8
2012-04-23,22.6,27.8,18.2,22.7,29.5,73,0.0,0.0,0.0,0.0,7.26,11.2
2012-04-24,22.4,23.7,21.2,23.4,25.2,88,21.7,21.7,0.0,16.0,6.99,12.4
2012-04-25,19.5,21.8,17.6,18.3,24.3,81,8.5,8.5,0.0,8.0,10.95,17.8
2012-04-26,19.2,22.7,14.5,17.3,22.0,51,0.0,0.0,0.0,0.0,6.72,10.1
2012-04-27,20.8,26.3,16.1,19.7,26.9,62,0.0,0.0,0.0,0.0,6.31,9.8
2012-04-28,22.6,27.6,17.8,22.9,28.8,71,0.0,0.0,0.0,0.0,6.33,9.2
2012-04-29,22.1,23.7,20.7,24.5,27.5,89,22.5,22.5,0.0,16.0,5.59,9.2
2012-04-30,19.6,21.5,18.1,20.0,22.5,87,0.0,0.0,0.0,0.0,5.22,8.5
2012-05-01,18.4,20.1,17.5,18.3,20.8,88,22.3,22.3,0.0,13.0,5.65,9.2
2012-05-02,20.2,23.5,17.1,20.4,24.8,75,0.0,0.0,0.0,0.0,5.3,8.4
2012-05-03,22.2,25.8,17.8,24.6,28.6,77,0.0,0.0,0.0,0.0,2.4,4.1
2012-05-04,23.4,27.3,20.2,25.0,29.1,65,0.0,0.0,0.0,0.0,2.92,5.3
2012-05-05,23.7,28.6,18.2,24.8,30.6,60,0.0,0.0,0.0,0.0,2.94,5.3
2012-05-06,25.9,29.7,21.6,27.8,31.4,60,0.0,0.0,0.0,0.0,3.33,6.1
2012-05-07,26.1,31.3,21.6,27.8,32.7,65,0.2,0.2,0.0,1.0,5.0,7.9
2012-05-08,22.2,24.3,19.8,23.5,26.2,83,61.4,61.4,0.0,10.0,6.03,10.0
2012-05-09,20.6,24.2,17.8,20.9,24.9,78,0.0,0.0,0.0,0.0,4.9,8.1
2012-05-10,20.9,25.5,17.6,21.5,27.5,76,0.0,0.0,0.0,0.0,5.22,8.6
2012-05-11,20.2,25.1,17.1,19.6,26.0,78,0.0,0.0,0.0,0.0,7.16,11.4
2012-05-12,22.1,25.3,19.0,22.1,26.1,80,1.8,1.8,0.0,3.0,7.53,12.5
2012-05-13,21.4,23.3,19.3,22.1,24.1,83,3.2,3.2,0.0,4.0,6.07,10.5
2012-05-14,20.2,22.6,18.4,20.9,23.8,83,5.3,5.3,0.0,9.0,5.15,9.0
2012-05-15,21.3,24.4,18.2,22.5,27.2,69,1.2,1.2,0.0,3.0,3.88,7.0
2012-05-16,24.2,28.3,20.1,25.2,29.1,65,0.0,0.0,0.0,0.0,4.37,8.0
2012-05-17,24.4,28.2,21.1,24.9,28.4,56,0.0,0.0,0.0,0.0,5.31,8.0
2012-05-18,24.6,29.2,19.9,23.8,28.1,52,0.0,0.0,0.0,0.0,6.72,10.4
2012-05-19,18.7,22.6,16.0,17.2,21.2,79,21.5,21.5,0.0,17.0,8.12,13.3
2012-05-20,18.1,19.8,16.7,17.1,19.0,83,3.4,3.4,0.0,12.0,5.7,11.5
2012-05-21,19.8,24.1,15.9,19.5,23.6,74,0.0,0.0,0.0,0.0,4.92,8.0
2012-05-22,20.4,24.3,16.9,20.5,24.6,76,0.0,0.0,0.0,0.0,5.06,7.8
2012-05-23,20.8,23.4,18.8,21.8,24.5,82,1.9,1.9,0.0,5.0,4.46,7.4
2012-05-24,20.1,21.2,19.7,21.7,22.8,89,9.2,9.2,0.0,16.0,3.31,6.5
2012-05-25,21.0,23.5,19.1,21.9,24.3,80,0.2,0.2,0.0,1.0,3.69,6.2
2012-05-26,21.6,25.2,18.8,22.8,27.3,74,0.0,0.0,0.0,0.0,3.85,6.2
2012-05-27,22.0,26.3,17.9,22.5,28.0,68,0.0,0.0,0.0,0.0,4.99,7.8
2012-05-28,23.0,27.5,19.5,22.5,27.4,62,0.0,0.0,0.0,0.0,6.4,10.2
2012-05-29,23.0,26.7,19.2,23.0,27.1,74,2.8,2.8,0.0,5.0,7.58,12.0
2012-05-30,20.8,22.0,19.4,20.8,23.1,84,36.6,36.6,0.0,17.0,7.0,11.4
2012-05-31,21.2,24.1,18.7,21.1,22.9,75,0.0,0.0,0.0,0.0,5.85,9.5
2012-06-01,21.4,24.1,19.2,21.7,23.9,78,1.7,1.7,0.0,4.0,5.24,8.6
2012-06-02,22.1,25.2,19.7,22.9,27.1,75,1.0,1.0,0.0,3.0,5.25,8.5
2012-06-03,22.0,25.5,19.4,22.4,25.8,75,0.0,0.0,0.0,0.0,5.8,9.5
2012-06-04,22.8,25.2,20.4,24.5,27.4,82,0.4,0.4,0.0,3.0,5.1,7.9
2012-06-05,23.7,26.8,21.2,25.9,29.6,80,0.0,0.0,0.0,0.0,4.6,7.6
2012-06-06,23.4,26.8,21.7,24.9,28.1,82,2.6,2.6,0.0,7.0,5.71,9.9
2012-06-07,25.3,28.7,21.9,29.1,33.1,82,1.4,1.4,0.0,1.0,4.55,8.0
2012-06-08,27.9,30.5,26.1,32.1,34.7,75,0.2,0.2,0.0,2.0,4.1,8.3
2012-06-09,28.7,31.3,26.1,33.7,36.8,75,0.8,0.8,0.0,2.0,2.92,6.0
2012-06-10,27.9,30.9,25.7,33.0,37.0,80,1.1,1.1,0.0,5.0,4.07,7.7
2012-06-11,26.3,27.7,24.8,29.6,31.6,74,0.7,0.7,0.0,4.0,3.5,8.5
2012-06-12,26.2,29.9,23.9,30.1,35.4,77,0.5,0.5,0.0,2.0,5.97,8.7
2012-06-13,26.0,30.7,22.8,28.2,34.1,73,0.0,0.0,0.0,0.0,6.44,10.3
2012-06-14,25.6,29.5,22.5,26.6,30.9,75,0.0,0.0,0.0,0.0,8.16,13.0
2012-06-15,25.8,28.7,23.6,28.5,31.8,78,0.0,0.0,0.0,0.0,5.97,9.6
2012-06-16,25.0,28.0,22.5,27.5,31.1,75,0.0,0.0,0.0,0.0,5.08,6.9
2012-06-17,23.1,25.3,21.2,24.8,27.0,87,17.3,17.3,0.0,11.0,5.77,8.9
2012-06-18,23.5,24.4,22.6,26.8,28.0,91,8.8,8.8,0.0,15.0,4.58,9.2
2012-06-19,23.5,26.1,21.5,25.7,28.3,84,0.4,0.4,0.0,2.0,4.63,8.0
2012-06-20,24.2,27.4,21.8,26.1,28.7,80,0.0,0.0,0.0,0.0,5.48,9.1
2012-06-21,24.9,29.0,21.8,27.6,31.5,77,0.0,0.0,0.0,0.0,5.28,7.7
2012-06-22,24.0,25.6,22.5,25.6,27.3,84,0.1,0.1,0.0,1.0,6.17,10.1
2012-06-23,22.2,23.5,21.1,23.7,25.8,87,21.0,21.0,0.0,9.0,7.2,11.9
2012-06-24,24.0,26.4,21.6,27.4,30.4,82,2.3,2.3,0.0,3.0,2.51,5.4
2012-06-25,26.6,29.8,23.8,31.2,35.8,82,2.7,2.7,0.0,9.0,4.79,7.3
2012-06-26,24.3,25.6,23.4,27.5,29.3,95,49.6,49.6,0.0,24.0,5.64,8.3
2012-06-27,23.9,25.0,22.9,27.2,29.0,93,19.1,19.1,0.0,24.0,5.33,7.4
2012-06-28,25.6,28.5,23.6,29.8,34.5,92,11.1,11.1,0.0,21.0,4.83,7.7
2012-06-29,29.0,33.0,25.4,33.4,38.0,78,0.0,0.0,0.0,0.0,5.77,9.7
2012-06-30,30.2,34.4,27.0,35.7,40.9,75,0.3,0.3,0.0,2.0,6.2,9.6
2012-07-01,30.3,33.1,28.2,35.9,38.2,77,4.4,4.4,0.0,4.0,5.84,9.5
2012-07-02,31.3,34.3,28.2,36.7,38.9,70,0.0,0.0,0.0,0.0,5.03,12.0
2012-07-03,31.0,33.9,28.5,36.3,39.9,69,0.0,0.0,0.0,0.0,3.74,9.5
2012-07-04,31.5,34.4,28.8,37.1,39.6,70,0.0,0.0,0.0,0.0,5.45,8.8
2012-07-05,32.3,36.2,28.5,36.9,42.4,65,0.0,0.0,0.0,0.0,6.22,10.0
2012-07-06,31.9,34.3,30.1,37.0,39.7,68,1.3,1.3,0.0,2.0,5.26,12.4
2012-07-07,29.4,31.7,27.8,35.5,38.3,82,25.4,25.4,0.0,12.0,4.05,7.1
2012-07-08,28.7,29.6,27.9,34.1,35.3,85,10.0,10.0,0.0,8.0,4.96,9.1
2012-07-09,30.9,34.3,27.6,36.9,41.0,76,0.3,0.3,0.0,2.0,3.49,8.1
2012-07-10,32.6,35.6,29.7,38.1,41.0,68,0.0,0.0,0.0,0.0,5.4,10.1
2012-07-11,30.9,32.8,28.5,36.4,38.4,76,3.7,3.7,0.0,7.0,5.25,11.5
2012-07-12,30.6,32.0,29.5,37.0,38.6,78,4.2,4.2,0.0,7.0,3.57,9.4
2012-07-13,28.1,29.7,27.1,33.7,36.7,85,46.6,46.6,0.0,21.0,4.98,11.9
2012-07-14,27.2,31.1,23.8,32.2,36.7,89,22.5,22.5,0.0,18.0,6.56,13.7
2012-07-15,26.2,28.7,23.7,29.4,32.4,74,0.4,0.4,0.0,1.0,4.02,9.6
2012-07-16,26.8,29.1,25.3,30.6,33.7,80,5.0,5.0,0.0,11.0,4.93,8.4
2012-07-17,25.6,27.0,24.7,30.1,31.3,89,20.4,20.4,0.0,20.0,3.54,5.6
2012-07-18,27.4,30.4,25.2,31.3,33.6,78,0.0,0.0,0.0,0.0,4.57,8.5
2012-07-19,29.0,31.8,25.9,33.9,37.0,70,0.0,0.0,0.0,0.0,3.96,6.2
2012-07-20,29.3,32.7,27.2,35.5,40.8,82,6.9,6.9,0.0,10.0,3.61,7.3
2012-07-21,30.6,33.4,28.1,35.3,39.2,76,0.0,0.0,0.0,0.0,7.1,11.3
2012-07-22,30.7,33.6,27.9,34.6,38.1,73,0.0,0.0,0.0,0.0,7.57,11.8
2012-07-23,30.3,33.1,27.8,33.9,36.7,74,0.0,0.0,0.0,0.0,7.42,11.8
2012-07-24,30.1,32.7,27.8,33.7,36.8,75,0.0,0.0,0.0,0.0,7.2,11.6
2012-07-25,29.5,32.5,26.7,33.0,37.4,74,0.0,0.0,0.0,0.0,6.66,11.0
2012-07-26,29.7,33.1,26.8,34.2,38.6,76,0.0,0.0,0.0,0.0,5.94,9.3
2012-07-27,30.3,33.3,27.7,34.8,38.2,76,0.0,0.0,0.0,0.0,6.88,11.1
2012-07-28,30.6,33.7,27.8,34.9,38.1,74,0.0,0.0,0.0,0.0,6.2,10.0
2012-07-29,30.8,34.6,28.0,34.9,40.0,70,0.0,0.0,0.0,0.0,6.04,10.2
2012-07-30,30.3,33.5,27.7,34.1,38.0,72,0.0,0.0,0.0,0.0,6.99,11.2
2012-07-31,29.8,32.8,27.1,33.9,37.0,75,0.0,0.0,0.0,0.0,6.32,10.1
2012-08-01,29.2,32.0,26.9,32.5,35.0,74,0.0,0.0,0.0,0.0,6.64,10.9
2012-08-02,28.6,31.1,27.1,32.5,35.8,80,5.0,5.0,0.0,7.0,7.33,11.7
2012-08-03,28.7,30.4,27.4,31.6,33.1,83,6.5,6.5,0.0,14.0,10.21,16.9
2012-08-04,29.0,31.2,27.4,31.9,34.3,80,0.5,0.5,0.0,3.0,8.74,14.4
2012-08-05,28.9,32.2,26.2,33.0,37.1,77,0.3,0.3,0.0,2.0,5.94,9.4
2012-08-06,28.9,31.9,26.9,32.3,36.1,79,0.9,0.9,0.0,2.0,7.85,14.6
2012-08-07,28.4,30.2,26.9,31.1,33.2,80,3.2,3.2,0.0,7.0,8.56,15.3
2012-08-08,26.7,27.8,26.0,26.4,29.8,88,133.6,133.6,0.0,24.0,16.64,27.7
2012-08-09,28.4,30.7,26.8,31.6,35.5,85,21.3,21.3,0.0,10.0,11.24,20.3
2012-08-10,29.1,31.6,27.4,33.5,36.9,83,1.4,1.4,0.0,4.0,6.94,10.5
2012-08-11,29.8,32.9,27.3,34.6,38.4,78,0.1,0.1,0.0,1.0,5.4,9.1
2012-08-12,30.4,33.3,27.9,36.3,39.8,77,0.1,0.1,0.0,1.0,4.1,7.1
2012-08-13,30.8,33.5,28.7,37.8,41.4,78,0.2,0.2,0.0,1.0,3.18,5.3
2012-08-14,31.6,35.1,28.8,38.9,43.0,78,0.3,0.3,0.0,2.0,3.72,7.7
2012-08-15,31.0,33.8,29.3,37.4,41.5,76,8.6,8.6,0.0,7.0,4.63,8.6
2012-08-16,30.4,33.1,28.3,36.1,39.0,78,0.0,0.0,0.0,0.0,5.08,8.3
2012-08-17,30.4,33.4,28.0,35.7,39.3,78,0.0,0.0,0.0,0.0,5.69,10.0
2012-08-18,30.8,33.9,27.8,36.2,40.6,75,1.0,1.0,0.0,3.0,5.3,9.6
2012-08-19,30.9,33.8,28.2,37.5,41.7,75,1.1,1.1,0.0,3.0,4.16,6.3
2012-08-20,30.3,32.5,29.0,36.8,41.0,78,2.0,2.0,0.0,7.0,4.05,7.2
2012-08-21,30.0,34.2,27.4,34.8,39.6,75,0.9,0.9,0.0,4.0,5.26,9.2
2012-08-22,25.2,27.3,23.9,27.2,32.0,88,7.2,7.2,0.0,21.0,8.48,12.8
2012-08-23,24.5,25.9,23.6,25.7,26.7,79,0.0,0.0,0.0,0.0,7.5,11.6
2012-08-24,25.7,28.6,23.2,29.1,33.0,80,1.0,1.0,0.0,4.0,4.36,7.5
2012-08-25,27.4,30.2,25.7,32.6,37.6,86,9.9,9.9,0.0,11.0,4.53,7.3
2012-08-26,28.0,30.8,25.5,31.7,33.9,78,0.0,0.0,0.0,0.0,5.31,8.8
2012-08-27,27.6,29.6,26.3,30.4,33.4,81,1.2,1.2,0.0,4.0,8.41,14.0
2012-08-28,27.0,28.9,25.8,29.5,32.6,80,1.3,1.3,0.0,4.0,8.63,13.6
2012-08-29,27.4,30.8,25.0,32.4,36.0,81,0.9,0.9,0.0,4.0,4.3,6.9
2012-08-30,28.1,31.6,25.6,32.9,36.6,76,0.0,0.0,0.0,0.0,5.79,8.7
2012-08-31,27.4,30.3,25.3,29.9,33.5,77,0.2,0.2,0.0,2.0,7.28,11.5
2012-09-01,26.3,29.3,24.2,28.0,31.0,73,0.0,0.0,0.0,0.0,6.13,9.6
2012-09-02,26.5,30.3,23.5,28.9,33.0,77,0.0,0.0,0.0,0.0,6.13,9.8
2012-09-03,26.1,28.3,24.8,29.9,32.2,83,3.1,3.1,0.0,11.0,4.8,8.3
2012-09-04,22.8,24.2,22.1,25.2,27.4,86,19.7,19.7,0.0,18.0,5.02,8.1
2012-09-05,23.6,25.9,21.5,25.9,28.6,81,1.4,1.4,0.0,5.0,4.22,7.3
2012-09-06,25.1,28.0,22.7,27.8,30.7,83,0.7,0.7,0.0,4.0,5.66,8.6
2012-09-07,25.9,27.8,24.4,29.9,32.5,87,17.6,17.6,0.0,8.0,4.83,8.0
2012-09-08,25.7,28.7,23.5,29.7,33.4,87,4.2,4.2,0.0,5.0,4.83,7.4
2012-09-09,24.1,25.5,22.6,27.4,30.6,92,13.4,13.4,0.0,12.0,5.57,10.7
2012-09-10,23.7,26.0,21.8,25.3,27.4,78,0.0,0.0,0.0,0.0,4.7,8.2
2012-09-11,24.3,27.5,21.3,26.4,30.2,77,0.0,0.0,0.0,0.0,4.53,7.4
2012-09-12,25.4,28.0,23.6,28.9,32.5,85,3.3,3.3,0.0,6.0,4.61,8.4
2012-09-13,21.4,24.1,20.2,22.0,26.9,86,18.7,18.7,0.0,21.0,6.29,10.0
2012-09-14,21.0,22.7,19.7,21.1,22.4,74,0.4,0.4,0.0,2.0,5.1,8.9
2012-09-15,21.3,24.0,19.1,20.8,22.7,69,0.0,0.0,0.0,0.0,6.01,10.1
2012-09-16,21.7,24.9,19.0,20.3,23.6,68,0.0,0.0,0.0,0.0,7.91,12.8
2012-09-17,21.1,23.9,18.9,19.5,21.9,63,0.0,0.0,0.0,0.0,7.0,11.7
2012-09-18,21.8,24.5,19.8,22.2,25.2,67,0.0,0.0,0.0,0.0,4.64,7.4
2012-09-19,22.9,26.3,19.6,24.1,27.9,65,0.0,0.0,0.0,0.0,4.14,5.8
2012-09-20,23.5,27.9,19.7,24.9,30.3,74,0.3,0.3,0.0,1.0,5.25,7.8
2012-09-21,23.5,24.9,22.4,25.0,26.5,81,0.0,0.0,0.0,0.0,5.38,8.3
2012-09-22,20.7,22.9,19.5,21.5,24.2,85,10.1,10.1,0.0,13.0,5.22,7.8
2012-09-23,21.9,25.3,19.3,23.3,26.8,76,0.0,0.0,0.0,0.0,3.49,6.9
2012-09-24,22.7,26.4,19.6,23.9,27.8,72,0.0,0.0,0.0,0.0,3.95,6.5
2012-09-25,22.7,26.2,20.0,23.6,26.5,76,0.0,0.0,0.0,0.0,4.81,9.1
2012-09-26,23.5,26.7,21.0,25.2,28.5,79,0.0,0.0,0.0,0.0,4.0,7.6
2012-09-27,23.5,25.9,21.6,25.5,27.5,79,0.4,0.4,0.0,3.0,3.72,7.6
2012-09-28,22.3,25.2,19.5,22.8,26.5,73,0.0,0.0,0.0,0.0,6.57,10.0
2012-09-29,20.0,22.9,17.6,17.2,20.1,49,0.0,0.0,0.0,0.0,6.59,10.6
2012-09-30,19.5,23.0,16.7,17.4,20.4,54,0.0,0.0,0.0,0.0,5.24,9.3
2012-10-01,19.3,23.1,14.4,18.8,23.2,58,0.0,0.0,0.0,0.0,2.79,4.7
2012-10-02,19.7,23.7,16.3,20.0,24.2,66,0.0,0.0,0.0,0.0,3.58,6.0
2012-10-03,20.3,23.5,17.3,20.4,23.7,65,0.0,0.0,0.0,0.0,3.18,5.5
2012-10-04,20.5,24.2,17.2,21.5,25.1,72,0.0,0.0,0.0,0.0,2.73,4.8
2012-10-05,21.3,24.4,17.7,22.1,25.6,70,0.2,0.2,0.0,1.0,3.96,6.4
2012-10-06,21.9,24.8,19.8,22.5,25.1,71,0.0,0.0,0.0,0.0,4.62,7.8
2012-10-07,21.0,24.4,18.7,20.2,23.4,66,0.0,0.0,0.0,0.0,5.41,9.1
2012-10-08,20.4,23.5,17.9,20.2,23.2,65,0.0,0.0,0.0,0.0,3.49,6.1
2012-10-09,20.8,23.6,17.9,21.9,24.4,73,0.0,0.0,0.0,0.0,2.43,4.6
2012-10-10,20.8,24.8,18.3,20.7,23.5,69,0.0,0.0,0.0,0.0,4.7,7.9
2012-10-11,19.1,22.4,16.6,17.5,21.0,60,0.0,0.0,0.0,0.0,5.07,8.5
2012-10-12,19.1,22.9,15.7,18.1,21.9,63,0.0,0.0,0.0,0.0,3.91,7.0
2012-10-13,20.5,23.6,17.2,20.4,23.4,70,0.0,0.0,0.0,0.0,4.03,7.6
2012-10-14,21.2,23.7,19.5,21.3,23.2,73,0.0,0.0,0.0,0.0,5.02,8.2
2012-10-15,20.8,24.6,18.5,20.4,23.9,72,0.0,0.0,0.0,0.0,5.9,10.0
2012-10-16,21.1,25.1,17.5,21.5,27.1,77,1.3,1.3,0.0,3.0,6.23,9.3
2012-10-17,18.0,20.5,13.9,15.0,18.8,61,3.0,3.0,0.0,5.0,8.67,14.4
2012-10-18,15.9,19.0,12.2,13.6,16.7,48,0.0,0.0,0.0,0.0,3.16,5.5
2012-10-19,17.6,22.0,13.2,15.9,20.6,68,0.0,0.0,0.0,0.0,5.38,8.8
2012-10-20,19.9,23.7,17.4,19.7,24.1,71,0.0,0.0,0.0,0.0,5.06,8.1
2012-10-21,21.4,25.3,17.9,22.0,25.7,76,0.0,0.0,0.0,0.0,4.61,8.4
2012-10-22,19.3,21.9,16.8,19.0,22.3,83,6.6,6.6,0.0,12.0,6.05,11.4
2012-10-23,16.6,19.4,13.8,15.0,18.6,60,0.0,0.0,0.0,0.0,6.4,7.6
2012-10-24,17.4,21.2,14.3,16.9,21.4,74,0.0,0.0,0.0,0.0,4.09,7.0
2012-10-25,18.8,20.3,17.3,19.9,22.2,83,4.0,4.0,0.0,8.0,2.55,3.7
2012-10-26,21.8,25.5,19.2,23.3,27.3,81,0.0,0.0,0.0,0.0,4.6,8.1
2012-10-27,20.2,21.6,17.3,20.6,22.7,81,0.0,0.0,0.0,0.0,5.17,9.2
2012-10-28,18.4,22.4,15.4,17.8,21.5,71,0.0,0.0,0.0,0.0,3.82,6.4
2012-10-29,17.4,20.6,15.4,16.6,19.4,78,4.4,4.4,0.0,7.0,4.71,8.8
2012-10-30,15.4,17.4,13.2,13.2,14.9,76,1.5,1.5,0.0,5.0,6.35,10.4
2012-10-31,14.2,16.5,11.9,11.8,13.8,61,0.1,0.1,0.0,1.0,3.96,7.1
2012-11-01,14.6,17.3,12.2,12.4,14.9,65,0.0,0.0,0.0,0.0,4.54,8.1
2012-11-02,15.8,19.3,12.5,13.6,16.7,70,0.0,0.0,0.0,0.0,5.7,9.1
2012-11-03,17.4,20.1,14.6,15.3,17.3,76,8.7,8.7,0.0,6.0,7.62,12.8
2012-11-04,13.5,16.5,11.0,9.8,12.3,57,2.7,2.7,0.0,3.0,7.77,12.6
2012-11-05,12.6,15.5,10.0,8.5,10.2,47,0.0,0.0,0.0,0.0,6.2,10.3
2012-11-06,11.2,13.9,8.9,8.1,10.5,59,0.0,0.0,0.0,0.0,4.44,7.2
2012-11-07,11.9,16.5,7.8,10.1,14.7,71,0.0,0.0,0.0,0.0,3.02,4.8
2012-11-08,13.3,15.5,10.4,12.1,15.1,82,0.9,0.9,0.0,5.0,4.61,6.7
2012-11-09,14.9,16.0,13.5,13.2,14.5,90,12.6,12.6,0.0,24.0,6.76,10.3
2012-11-10,15.6,16.4,14.0,13.9,16.8,89,6.0,6.0,0.0,9.0,9.64,14.9
2012-11-11,11.7,13.9,10.1,6.2,9.0,54,0.0,0.0,0.0,0.0,10.57,16.5
2012-11-12,11.1,14.6,8.1,8.0,11.2,58,0.0,0.0,0.0,0.0,3.69,6.8
2012-11-13,12.2,15.6,9.4,8.7,11.8,60,0.0,0.0,0.0,0.0,6.51,10.6
2012-11-14,10.1,13.4,7.1,6.6,10.4,49,0.0,0.0,0.0,0.0,3.99,6.3
2012-11-15,11.1,14.5,7.5,7.8,11.5,65,0.0,0.0,0.0,0.0,4.68,7.3
2012-11-16,12.1,14.2,9.6,9.6,13.1,85,10.5,10.5,0.0,14.0,7.17,10.8
2012-11-17,10.1,12.7,8.2,6.6,9.2,69,0.0,0.0,0.0,0.0,7.08,11.0
2012-11-18,10.1,14.7,5.8,7.3,11.8,71,0.0,0.0,0.0,0.0,3.99,6.4
2012-11-19,11.4,15.4,8.4,8.9,13.1,75,0.0,0.0,0.0,0.0,4.82,7.9
2012-11-20,12.0,15.9,8.7,9.2,13.5,75,0.0,0.0,0.0,0.0,5.71,9.1
2012-11-21,13.2,14.2,12.6,11.1,13.3,90,9.0,9.0,0.0,18.0,5.59,8.4
2012-11-22,13.2,15.1,12.1,11.2,13.9,88,22.2,22.2,0.0,20.0,7.56,12.3
2012-11-23,10.4,11.9,7.6,6.5,8.5,77,5.7,5.7,0.0,10.0,7.5,12.2
2012-11-24,7.7,10.4,5.0,4.4,7.3,63,0.0,0.0,0.0,0.0,4.26,6.6
2012-11-25,10.1,12.1,7.9,6.6,11.1,85,10.4,10.4,0.0,14.0,8.5,13.3
2012-11-26,7.3,9.6,6.0,2.7,5.3,69,0.0,0.0,0.0,0.0,8.2,13.3
2012-11-27,7.6,11.4,3.4,4.4,7.4,70,0.0,0.0,0.0,0.0,4.55,6.7
2012-11-28,10.5,13.3,8.8,7.7,11.6,72,1.8,1.8,0.0,2.0,5.12,8.2
2012-11-29,10.0,12.5,8.1,7.1,10.0,75,3.0,3.0,0.0,5.0,4.85,7.9
2012-11-30,9.9,11.6,8.7,6.7,9.0,77,3.6,3.6,0.0,7.0,5.25,8.2
2012-12-01,8.6,9.8,7.7,4.9,6.7,79,6.7,6.7,0.0,13.0,5.88,9.3
2012-12-02,8.5,10.2,6.9,5.5,8.0,81,5.8,5.8,0.0,8.0,7.0,11.0
2012-12-03,8.8,10.9,6.6,5.2,6.5,72,0.0,0.0,0.0,0.0,6.84,11.0
2012-12-04,6.5,9.6,2.5,2.8,5.9,53,0.0,0.0,0.0,0.0,4.2,6.8
2012-12-05,8.2,11.1,5.4,3.3,4.7,57,0.0,0.0,0.0,0.0,7.8,12.8
2012-12-06,5.7,9.4,1.2,0.9,4.5,51,0.0,0.0,0.0,0.0,6.0,9.7
2012-12-07,7.9,11.6,4.8,4.1,7.6,65,0.0,0.0,0.0,0.0,5.5,8.6
2012-12-08,6.3,10.1,3.7,2.9,6.2,65,0.0,0.0,0.0,0.0,4.46,7.5
2012-12-09,2.7,4.6,1.1,-2.6,-0.7,44,0.0,0.0,0.0,0.0,5.7,9.0
2012-12-10,3.6,6.3,0.7,-0.3,2.9,57,0.0,0.0,0.0,0.0,3.41,5.8
2012-12-11,5.5,8.3,3.1,1.6,4.5,67,0.0,0.0,0.0,0.0,4.1,7.3
2012-12-12,5.5,8.8,2.6,1.6,5.2,67,0.0,0.0,0.0,0.0,4.36,6.7
2012-12-13,9.8,13.8,5.2,5.4,9.1,75,0.9,0.9,0.0,3.0,8.46,13.0
2012-12-14,10.4,12.0,7.8,8.0,9.6,87,7.7,7.7,0.0,11.0,5.6,12.8
2012-12-15,7.1,8.2,6.0,4.1,6.1,90,6.9,6.9,0.0,11.0,4.83,11.7
2012-12-16,8.3,8.7,7.8,5.4,6.0,87,3.7,3.7,0.0,17.0,4.1,6.7
2012-12-17,6.9,7.9,5.3,3.0,4.9,78,0.1,0.1,0.0,1.0,6.68,10.6
2012-12-18,3.3,5.2,1.3,-2.3,-0.1,63,1.8,1.8,0.0,5.0,6.97,11.0
2012-12-19,2.2,5.2,-1.8,-1.9,1.2,64,0.0,0.0,0.0,0.0,4.24,6.2
2012-12-20,7.1,9.1,3.7,3.1,5.4,80,8.3,8.3,0.0,9.0,6.65,10.8
2012-12-21,6.0,9.0,4.4,1.3,6.6,89,7.1,7.1,0.0,16.0,8.41,13.8
2012-12-22,4.9,6.2,3.0,0.2,1.3,77,0.0,0.0,0.0,0.0,5.97,9.6
2012-12-23,1.4,3.1,-1.2,-4.1,-3.1,62,0.0,0.0,0.0,0.0,7.07,11.5
2012-12-24,0.6,4.4,-2.9,-3.8,-0.0,65,0.0,0.0,0.0,0.0,3.47,6.6
2012-12-25,3.4,7.2,0.2,-1.1,2.6,76,0.0,0.0,0.0,0.0,5.97,9.2
2012-12-26,3.8,4.3,3.4,-1.0,-0.4,83,6.9,6.9,0.0,18.0,6.17,9.5
2012-12-27,5.8,6.9,4.0,2.5,4.7,92,21.3,21.3,0.0,24.0,4.87,8.8
2012-12-28,5.2,6.2,4.4,1.7,4.3,94,1.3,1.3,0.0,5.0,6.14,9.4
2012-12-29,3.9,6.4,0.3,-0.7,3.9,92,14.6,6.8,5.6,15.0,9.86,14.9
2012-12-30,-0.7,0.5,-2.9,-7.5,-5.6,59,0.0,0.0,0.0,0.0,9.26,14.6
2012-12-31,1.0,3.7,-1.9,-3.8,-0.4,62,0.0,0.0,0.0,0.0,4.64,7.0
2013-01-01,2.7,7.9,-0.8,-1.1,4.5,68,0.0,0.0,0.0,0.0,2.97,6.0
2013-01-02,2.2,5.5,-1.2,-3.5,-0.4,72,0.0,0.0,0.0,0.0,8.11,13.0
2013-01-03,-1.3,0.4,-2.9,-7.2,-4.8,67,0.0,0.0,0.0,0.0,6.38,10.2
2013-01-04,-0.3,1.9,-2.6,-4.8,-2.0,73,0.5,0.0,0.63,3.0,5.22,8.5
2013-01-05,1.3,3.1,-0.3,-2.5,-0.3,76,0.0,0.0,0.0,0.0,3.35,5.5
2013-01-06,1.8,3.4,0.6,-1.7,0.2,77,1.3,0.2,0.84,5.0,2.98,5.3
2013-01-07,2.2,3.1,1.0,-0.8,0.3,75,0.0,0.0,0.14,0.0,1.92,3.6
2013-01-08,2.9,5.4,0.3,-0.8,1.5,74,0.0,0.0,0.0,0.0,3.35,5.5
2013-01-09,3.4,5.8,1.2,-0.7,1.9,73,0.0,0.0,0.0,0.0,4.26,8.0
2013-01-10,1.7,4.9,-1.2,-2.1,1.5,71,0.0,0.0,0.0,0.0,3.78,7.0
2013-01-11,3.3,7.4,-0.8,-0.6,3.5,79,0.0,0.0,0.0,0.0,4.55,7.6
2013-01-12,4.6,8.1,1.0,1.4,5.6,78,0.2,0.2,0.0,1.0,3.08,5.0
2013-01-13,5.0,5.7,3.4,2.0,3.4,91,14.9,14.9,0.0,13.0,4.27,7.4
2013-01-14,4.7,7.6,2.3,1.6,4.9,86,0.0,0.0,0.0,0.0,3.23,6.2
2013-01-15,4.3,7.8,1.1,1.2,5.5,83,0.0,0.0,0.0,0.0,4.17,7.6
2013-01-16,3.7,5.1,2.3,-0.5,1.0,76,0.0,0.0,0.0,0.0,4.72,7.6
2013-01-17,2.1,3.7,-0.4,-3.1,-1.9,64,0.0,0.0,0.0,0.0,5.85,10.1
2013-01-18,0.9,3.7,-1.7,-3.0,0.4,62,0.0,0.0,0.0,0.0,3.76,5.7
2013-01-19,4.1,9.2,-0.8,0.0,5.1,76,0.0,0.0,0.0,0.0,5.9,8.9
2013-01-20,8.4,11.0,6.5,5.4,9.3,85,0.0,0.0,0.0,0.0,6.32,9.6
2013-01-21,5.8,8.8,3.7,1.9,7.5,91,7.7,7.7,0.0,17.0,6.14,9.8
2013-01-22,4.2,5.0,3.7,0.3,1.4,82,0.2,0.2,0.0,1.0,4.72,7.9
2013-01-23,4.4,6.3,2.4,0.8,3.5,74,0.0,0.0,0.0,0.0,4.59,7.9
2013-01-24,4.7,7.4,1.9,1.3,3.8,82,0.0,0.0,0.0,0.0,4.97,7.8
2013-01-25,3.1,7.2,-0.4,-0.3,3.8,77,0.0,0.0,0.0,0.0,3.5,5.9
2013-01-26,5.2,9.9,1.5,2.0,7.0,79,0.0,0.0,0.0,0.0,5.02,8.3
2013-01-27,4.8,8.0,2.1,1.6,5.3,76,0.0,0.0,0.0,0.0,3.67,6.5
2013-01-28,6.0,11.4,1.5,1.9,7.7,74,0.0,0.0,0.0,0.0,4.97,8.8
2013-01-29,8.9,12.4,6.3,6.2,10.3,72,0.0,0.0,0.0,0.0,4.72,7.4
2013-01-30,9.8,14.8,4.3,6.7,11.7,74,0.0,0.0,0.0,0.0,7.03,11.1
2013-01-31,12.4,15.3,10.2,9.5,13.0,80,4.3,4.3,0.0,10.0,7.03,10.6
2013-02-01,11.6,12.5,8.6,9.3,10.7,89,12.5,12.5,0.0,9.0,5.41,11.9
2013-02-02,7.0,8.3,5.7,2.8,4.3,75,0.0,0.0,0.0,0.0,5.46,8.7
2013-02-03,9.2,11.7,5.7,5.5,10.0,83,3.3,3.3,0.0,5.0,7.57,12.0
2013-02-04,8.9,10.8,6.5,5.3,9.2,84,5.2,5.2,0.0,19.0,5.85,9.2
2013-02-05,7.0,8.6,5.7,3.4,6.6,89,20.9,20.9,0.0,19.0,5.86,11.9
2013-02-06,5.0,5.6,4.3,1.4,2.8,77,0.0,0.0,0.0,0.0,4.78,8.0
2013-02-07,2.0,4.5,-1.1,-4.0,-0.0,80,7.3,3.0,3.01,14.0,8.92,14.4
2013-02-08,-1.2,0.1,-2.2,-6.7,-5.3,73,1.4,0.0,1.12,5.0,7.23,11.4
2013-02-09,-0.1,2.2,-2.3,-3.9,-0.6,70,0.0,0.0,0.0,0.0,3.55,6.1
2013-02-10,2.8,6.5,-1.1,-0.8,3.3,75,0.0,0.0,0.0,0.0,4.43,7.1
2013-02-11,4.8,7.6,2.0,0.5,3.2,77,2.2,2.2,0.0,4.0,5.38,8.9
2013-02-12,4.0,5.5,2.2,0.1,2.1,84,5.8,5.3,0.35,9.0,5.3,8.5
2013-02-13,4.9,7.4,2.4,1.2,3.3,73,0.5,0.5,0.0,2.0,4.1,7.2
2013-02-14,6.3,7.2,5.2,3.6,5.2,94,11.7,11.7,0.0,24.0,4.11,6.3
2013-02-15,5.7,7.7,3.2,2.0,4.3,81,1.6,1.6,0.0,3.0,5.54,8.3
2013-02-16,5.7,9.9,2.1,1.2,5.6,77,0.0,0.0,0.0,0.0,7.67,12.3
2013-02-17,8.4,9.9,7.0,5.8,8.9,88,9.1,9.1,0.0,21.0,7.64,11.7
2013-02-18,5.8,8.2,2.3,1.4,6.0,91,17.3,17.3,0.0,24.0,8.28,13.1
2013-02-19,2.2,3.9,1.1,-2.9,-0.6,81,15.6,2.3,9.31,14.0,8.32,11.9
2013-02-20,4.4,8.3,0.9,0.5,4.8,68,0.0,0.0,0.0,0.0,3.96,6.7
2013-02-21,6.7,9.2,4.5,2.9,5.3,70,0.7,0.7,0.0,4.0,5.11,9.0
2013-02-22,7.6,10.3,5.6,5.6,8.7,80,1.1,1.1,0.0,4.0,2.18,4.8
2013-02-23,8.2,12.4,4.7,6.0,11.2,80,0.0,0.0,0.0,0.0,5.16,8.0
2013-02-24,9.5,13.6,5.9,5.2,8.9,76,2.1,2.1,0.0,3.0,7.7,12.5
2013-02-25,12.5,15.8,10.2,10.6,14.6,84,0.6,0.6,0.0,3.0,5.87,10.4
2013-02-26,11.8,13.4,9.5,10.2,11.5,90,10.9,10.9,0.0,10.0,4.52,7.8
2013-02-27,9.9,12.2,7.9,7.3,9.8,82,0.0,0.0,0.0,0.0,4.72,7.2
2013-02-28,12.8,17.3,8.4,10.5,15.8,80,0.0,0.0,0.0,0.0,6.31,10.6
2013-03-01,7.2,14.6,3.5,1.6,14.0,71,11.6,11.6,0.0,17.0,10.48,16.6
2013-03-02,4.0,6.2,2.3,-1.1,1.7,58,0.0,0.0,0.0,0.0,6.67,10.6
2013-03-03,5.1,9.1,0.9,1.7,5.8,63,0.0,0.0,0.0,0.0,3.4,6.5
2013-03-04,10.6,16.0,6.2,7.7,14.1,63,0.0,0.0,0.0,0.0,4.63,7.4
2013-03-05,11.3,17.3,5.9,8.8,15.8,69,0.0,0.0,0.0,0.0,4.25,7.0
2013-03-06,14.9,20.6,9.8,12.0,18.1,59,0.0,0.0,0.0,0.0,5.2,8.0
2013-03-07,16.3,20.5,13.2,14.5,20.0,62,0.0,0.0,0.0,0.0,5.22,8.7
2013-03-08,18.5,24.8,13.4,17.5,25.5,64,0.0,0.0,0.0,0.0,4.4,7.0
2013-03-09,21.3,27.3,15.8,20.4,26.9,59,0.0,0.0,0.0,0.0,4.55,7.7
2013-03-10,9.6,21.9,6.3,4.2,20.6,64,1.2,1.2,0.0,4.0,11.74,17.9
2013-03-11,7.9,10.7,6.1,4.2,7.0,75,0.3,0.3,0.0,1.0,5.39,8.3
2013-03-12,14.2,20.3,8.2,12.0,18.9,75,0.6,0.6,0.0,2.0,7.48,9.6
2013-03-13,8.7,15.8,4.0,3.8,12.9,76,10.5,10.5,0.0,13.0,8.27,13.0
2013-03-14,5.8,9.3,2.8,1.9,6.8,66,0.0,0.0,0.0,0.0,5.41,8.9
2013-03-15,8.8,13.9,3.9,5.8,12.4,73,0.0,0.0,0.0,0.0,4.88,8.1
2013-03-16,12.3,16.8,8.5,10.6,16.4,82,2.6,2.6,0.0,8.0,5.16,9.0
2013-03-17,13.7,16.3,12.2,12.4,16.1,93,27.2,27.2,0.0,23.0,5.01,10.1
2013-03-18,14.5,19.0,11.5,12.9,18.4,80,2.1,2.1,0.0,3.0,5.92,10.2
2013-03-19,16.2,19.5,12.6,15.9,19.5,84,3.1,3.1,0.0,6.0,4.59,7.5
2013-03-20,10.4,15.5,4.5,6.9,16.6,80,0.4,0.4,0.0,2.0,8.81,13.3
2013-03-21,7.7,12.5,3.0,3.8,9.2,70,0.0,0.0,0.0,0.0,6.08,9.6
2013-03-22,13.3,18.5,10.0,11.6,18.4,82,9.8,9.8,0.0,7.0,7.14,12.4
2013-03-23,10.5,11.8,9.4,7.6,9.6,84,5.6,5.6,0.0,16.0,6.07,9.7
2013-03-24,9.4,11.0,5.3,6.2,9.8,84,3.1,3.1,0.0,8.0,6.53,10.5
2013-03-25,7.2,11.4,4.1,3.1,8.1,66,0.0,0.0,0.0,0.0,6.28,10.2
2013-03-26,7.9,9.5,6.2,3.9,5.9,72,0.1,0.1,0.0,1.0,6.24,10.8
2013-03-27,10.3,13.0,7.6,8.7,11.6,77,0.0,0.0,0.0,0.0,3.31,4.9
2013-03-28,13.4,17.9,8.6,12.4,19.1,79,0.0,0.0,0.0,0.0,4.92,7.6
2013-03-29,11.0,13.1,8.3,7.8,10.1,77,0.0,0.0,0.0,0.0,5.2,8.9
2013-03-30,12.1,17.2,7.3,9.0,15.6,70,0.0,0.0,0.0,0.0,5.82,9.2
2013-03-31,11.8,15.8,9.0,8.8,14.2,71,0.0,0.0,0.0,0.0,5.75,9.1
2013-04-01,13.4,18.0,8.6,11.2,16.5,75,0.0,0.0,0.0,0.0,5.66,10.1
2013-04-02,13.3,15.7,9.6,10.2,14.5,57,0.0,0.0,0.0,0.0,7.81,12.2
2013-04-03,12.7,18.3,7.2,9.4,15.1,62,0.2,0.2,0.0,1.0,6.01,9.8
2013-04-04,15.1,19.5,11.7,12.6,19.1,75,0.6,0.6,0.0,2.0,7.06,10.7
2013-04-05,15.4,16.5,13.3,13.6,15.8,90,8.7,8.7,0.0,19.0,8.6,12.3
2013-04-06,10.8,13.1,8.0,4.8,8.8,63,3.5,3.5,0.0,9.0,10.47,16.7
2013-04-07,10.5,13.9,5.8,7.4,12.4,49,0.0,0.0,0.0,0.0,5.44,7.6
2013-04-08,14.2,19.5,9.2,12.0,18.8,61,0.0,0.0,0.0,0.0,5.8,8.7
2013-04-09,14.6,17.0,12.4,11.7,15.7,49,0.0,0.0,0.0,0.0,6.32,9.7
2013-04-10,13.8,17.2,9.9,11.3,15.0,48,0.0,0.0,0.0,0.0,3.67,6.6
2013-04-11,14.0,17.6,10.4,10.9,14.3,46,0.0,0.0,0.0,0.0,6.04,11.3
2013-04-12,16.2,20.9,11.2,14.5,20.6,57,0.0,0.0,0.0,0.0,5.94,9.0
2013-04-13,19.4,25.3,13.1,17.8,24.1,57,0.0,0.0,0.0,0.0,5.1,8.7
2013-04-14,19.4,25.5,13.4,17.7,25.0,58,0.0,0.0,0.0,0.0,7.16,11.9
2013-04-15,20.9,28.7,13.0,20.0,29.1,63,0.0,0.0,0.0,0.0,5.02,8.6
2013-04-16,22.7,25.6,20.1,21.2,24.8,53,0.1,0.1,0.0,1.0,6.6,10.9
2013-04-17,19.6,24.9,14.7,20.0,26.9,75,0.0,0.0,0.0,0.0,5.24,9.0
2013-04-18,16.4,20.9,11.4,13.7,18.9,72,0.0,0.0,0.0,0.0,9.64,15.8
2013-04-19,12.8,16.5,10.1,8.7,13.9,56,0.0,0.0,0.0,0.0,6.94,11.2
2013-04-20,10.3,12.2,8.6,6.0,9.5,77,5.9,5.9,0.0,10.0,8.88,12.8
2013-04-21,10.5,14.4,7.5,7.2,12.3,60,0.0,0.0,0.0,0.0,4.83,8.6
2013-04-22,12.6,16.9,8.5,8.8,13.5,69,8.4,8.4,0.0,9.0,7.64,12.8
2013-04-23,14.5,16.5,13.0,12.9,14.6,84,10.0,10.0,0.0,12.0,5.72,10.7
2013-04-24,15.7,18.3,13.1,15.2,18.3,77,0.0,0.0,0.0,0.0,2.92,5.1
2013-04-25,18.0,24.0,13.2,17.6,25.1,71,0.0,0.0,0.0,0.0,6.93,11.1
2013-04-26,17.8,22.8,13.1,15.5,22.3,50,0.0,0.0,0.0,0.0,5.96,9.5
2013-04-27,21.0,26.9,15.5,19.1,26.3,56,0.0,0.0,0.0,0.0,6.38,10.0
2013-04-28,21.9,26.8,16.9,21.4,27.7,67,0.0,0.0,0.0,0.0,5.9,10.3
2013-04-29,21.8,26.1,16.9,22.0,28.8,75,0.2,0.2,0.0,1.0,7.01,11.8
2013-04-30,17.7,21.4,14.7,16.0,19.9,69,14.4,14.4,0.0,11.0,8.58,13.4
2013-05-01,18.6,22.6,14.1,17.4,22.4,50,0.0,0.0,0.0,0.0,5.06,8.3
2013-05-02,17.3,22.1,13.0,15.8,22.1,63,0.0,0.0,0.0,0.0,6.03,9.5
2013-05-03,18.1,23.1,13.8,16.3,21.6,65,0.0,0.0,0.0,0.0,5.45,9.5
2013-05-04,19.0,24.0,15.2,18.4,24.8,73,0.0,0.0,0.0,0.0,5.75,8.9
2013-05-05,19.2,24.1,15.2,17.9,24.4,71,0.0,0.0,0.0,0.0,5.87,9.5
2013-05-06,17.6,18.5,16.9,16.5,17.8,86,10.5,10.5,0.0,11.0,6.36,10.1
2013-05-07,18.6,20.5,16.9,17.3,19.1,82,6.5,6.5,0.0,11.0,7.32,10.9
2013-05-08,18.6,19.8,17.6,17.1,18.8,85,16.1,16.1,0.0,18.0,7.82,13.1
2013-05-09,20.5,22.4,18.9,21.6,25.0,92,20.7,20.7,0.0,23.0,6.18,10.4
2013-05-10,20.3,22.5,18.7,20.9,23.3,81,0.7,0.7,0.0,4.0,5.02,9.0
2013-05-11,22.0,25.8,18.6,22.9,26.7,70,0.0,0.0,0.0,0.0,3.8,6.7
2013-05-12,23.7,29.0,18.5,25.3,30.5,68,0.0,0.0,0.0,0.0,4.97,7.9
2013-05-13,24.7,30.5,19.7,26.0,32.7,68,0.0,0.0,0.0,0.0,5.98,9.8
2013-05-14,25.0,29.7,20.8,26.6,33.4,76,0.0,0.0,0.0,0.0,6.31,9.7
2013-05-15,22.7,25.1,20.9,23.7,26.3,88,14.0,14.0,0.0,12.0,7.4,12.2
2013-05-16,20.2,20.7,19.6,20.2,21.4,95,27.8,27.8,0.0,20.0,8.1,13.0
2013-05-17,20.4,21.5,19.7,20.9,22.7,89,4.9,4.9,0.0,17.0,7.0,10.5
2013-05-18,21.3,23.3,19.9,22.7,25.3,89,3.2,3.2,0.0,8.0,5.55,8.0
2013-05-19,22.2,25.5,19.4,22.5,26.4,73,0.0,0.0,0.0,0.0,6.71,11.6
2013-05-20,24.1,27.7,20.3,26.6,31.0,71,0.0,0.0,0.0,0.0,2.97,5.0
2013-05-21,24.9,30.2,20.0,27.0,33.9,70,0.0,0.0,0.0,0.0,5.3,8.9
2013-05-22,24.7,29.7,20.8,26.5,32.3,77,0.0,0.0,0.0,0.0,6.87,10.8
2013-05-23,23.5,25.4,22.2,25.2,27.2,86,0.5,0.5,0.0,4.0,5.73,9.4
2013-05-24,24.8,28.6,21.5,26.5,31.7,78,0.0,0.0,0.0,0.0,6.22,10.5
2013-05-25,25.9,29.6,22.9,26.9,31.9,71,0.0,0.0,0.0,0.0,7.67,11.4
2013-05-26,23.3,24.2,22.4,22.5,24.3,82,13.0,13.0,0.0,13.0,10.32,16.2
2013-05-27,23.5,25.3,21.2,24.1,28.1,82,16.4,16.4,0.0,15.0,9.17,14.4
2013-05-28,23.8,28.1,21.1,24.7,29.8,72,0.0,0.0,0.0,0.0,5.81,10.2
2013-05-29,25.3,30.1,21.8,27.6,32.8,74,0.0,0.0,0.0,0.0,7.77,12.0
2013-05-30,19.1,22.2,17.5,19.1,23.5,85,10.4,10.4,0.0,20.0,6.7,10.3
2013-05-31,20.7,22.6,18.5,22.6,25.7,86,3.6,3.6,0.0,13.0,3.19,5.6
2013-06-01,21.5,22.4,20.1,24.2,25.3,89,10.9,10.9,0.0,16.0,3.36,6.7
2013-06-02,20.7,23.7,18.8,21.6,24.4,79,0.6,0.6,0.0,3.0,4.4,7.0
2013-06-03,22.3,27.9,16.9,23.5,30.0,73,0.0,0.0,0.0,0.0,4.79,7.4
2013-06-04,22.3,25.4,19.4,23.0,26.5,79,0.0,0.0,0.0,0.0,5.47,9.3
2013-06-05,24.5,27.8,21.5,26.1,30.7,82,1.0,1.0,0.0,6.0,6.99,10.9
2013-06-06,25.2,28.6,22.8,26.8,30.8,81,0.0,0.0,0.0,0.0,6.8,10.6
2013-06-07,23.0,24.1,22.1,23.8,26.0,93,84.3,84.3,0.0,24.0,11.02,18.3
2013-06-08,21.4,23.5,20.0,22.2,28.1,90,2.0,2.0,0.0,10.0,8.04,14.7
2013-06-09,20.8,22.5,19.9,21.1,23.8,87,2.8,2.8,0.0,15.0,6.74,11.3
2013-06-10,22.8,26.4,19.6,23.8,28.0,76,0.0,0.0,0.0,0.0,4.84,8.1
2013-06-11,21.6,22.4,20.5,23.0,24.3,80,0.7,0.7,0.0,6.0,4.53,7.3
2013-06-12,21.7,23.6,19.9,23.0,25.6,78,0.0,0.0,0.0,0.0,3.83,6.2
2013-06-13,21.3,23.6,19.5,22.5,24.3,80,0.0,0.0,0.0,0.0,4.53,7.1
2013-06-14,21.6,22.9,19.7,23.2,24.7,87,0.2,0.2,0.0,1.0,4.61,8.1
2013-06-15,24.9,28.7,22.0,28.6,33.5,87,0.0,0.0,0.0,0.0,4.39,6.2
2013-06-16,27.7,31.9,23.8,33.1,38.7,84,0.0,0.0,0.0,0.0,4.49,6.0
2013-06-17,30.9,34.2,27.3,37.0,40.8,75,0.3,0.3,0.0,1.0,4.0,6.8
2013-06-18,31.9,34.3,29.2,37.9,40.5,73,0.1,0.1,0.0,1.0,5.72,8.2
2013-06-19,29.9,32.0,26.6,35.8,38.6,80,4.5,4.5,0.0,8.0,5.45,7.0
2013-06-20,26.4,28.9,24.1,29.2,31.9,80,0.0,0.0,0.0,0.0,5.38,8.9
2013-06-21,26.2,30.5,22.2,29.1,33.8,73,0.0,0.0,0.0,0.0,4.93,7.9
2013-06-22,26.6,29.5,23.8,29.8,33.3,79,0.0,0.0,0.0,0.0,4.57,7.8
2013-06-23,27.2,29.6,25.4,32.7,35.3,87,14.7,14.7,0.0,14.0,4.47,10.4
2013-06-24,26.1,26.8,25.1,31.3,32.8,90,23.1,23.1,0.0,24.0,3.16,7.9
2013-06-25,25.6,28.2,23.2,30.2,34.3,93,38.2,38.2,0.0,22.0,6.17,16.9
2013-06-26,24.6,27.2,22.7,27.4,30.3,82,0.3,0.3,0.0,2.0,5.1,8.0
2013-06-27,23.1,23.8,22.6,25.7,26.9,92,71.4,71.4,0.0,21.0,6.51,12.2
2013-06-28,23.2,25.2,21.7,25.6,27.8,85,0.0,0.0,0.0,0.0,4.41,6.1
2013-06-29,24.8,27.9,22.1,27.3,30.7,82,0.4,0.4,0.0,3.0,5.16,7.5
2013-06-30,26.9,30.9,23.3,31.3,36.0,83,0.0,0.0,0.0,0.0,4.16,6.9
2013-07-01,30.5,34.5,26.6,36.2,41.1,76,0.0,0.0,0.0,0.0,4.6,7.2
2013-07-02,32.5,35.6,29.2,37.6,41.0,68,0.0,0.0,0.0,0.0,5.52,9.1
2013-07-03,32.5,35.2,29.7,37.3,39.3,66,0.0,0.0,0.0,0.0,5.34,8.9
2013-07-04,32.6,35.6,29.4,36.8,40.0,64,0.0,0.0,0.0,0.0,6.22,10.1
2013-07-05,29.8,32.3,26.0,33.6,35.8,73,10.9,10.9,0.0,10.0,7.18,14.4
2013-07-06,27.1,29.5,24.1,31.8,35.8,86,36.5,36.5,0.0,19.0,4.16,12.7
2013-07-07,30.6,34.0,28.1,35.3,38.9,73,0.0,0.0,0.0,0.0,5.93,10.1
2013-07-08,31.8,34.4,29.3,36.6,40.8,67,0.0,0.0,0.0,0.0,5.72,9.1
2013-07-09,32.4,35.4,29.2,37.3,41.4,66,0.0,0.0,0.0,0.0,5.48,8.8
2013-07-10,32.5,36.1,29.2,38.0,43.3,65,0.0,0.0,0.0,0.0,5.36,8.6
2013-07-11,32.5,36.5,29.1,37.9,44.6,65,0.0,0.0,0.0,0.0,5.62,8.9
2013-07-12,30.0,34.2,26.8,34.1,39.6,72,0.0,0.0,0.0,0.0,6.9,10.3
2013-07-13,29.8,32.5,27.9,33.0,35.9,77,0.0,0.0,0.0,0.0,9.47,14.7
2013-07-14,30.7,34.6,27.6,33.0,37.2,70,0.0,0.0,0.0,0.0,9.26,14.5
2013-07-15,31.0,34.4,28.2,33.6,38.0,66,0.0,0.0,0.0,0.0,8.25,13.4
2013-07-16,30.9,34.8,28.4,34.6,39.4,67,0.9,0.9,0.0,3.0,6.63,11.8
2013-07-17,31.5,34.8,28.5,35.5,40.0,65,0.0,0.0,0.0,0.0,6.36,10.4
2013-07-18,31.1,34.8,27.5,33.8,39.3,61,0.0,0.0,0.0,0.0,7.31,12.1
2013-07-19,31.3,35.1,27.7,34.6,40.7,61,0.0,0.0,0.0,0.0,7.04,12.0
2013-07-20,30.6,34.1,28.5,35.2,39.5,69,1.9,1.9,0.0,3.0,5.35,8.9
2013-07-21,29.7,32.9,27.5,35.2,39.1,76,7.0,7.0,0.0,8.0,4.54,8.7
2013-07-22,29.8,32.9,27.7,34.5,38.4,75,0.9,0.9,0.0,3.0,5.48,9.6
2013-07-23,32.6,36.4,29.2,37.7,42.4,63,0.0,0.0,0.0,0.0,4.91,8.2
2013-07-24,33.3,36.0,30.7,39.0,41.5,63,0.0,0.0,0.0,0.0,4.75,7.6
2013-07-25,33.6,36.2,31.2,40.2,42.6,64,0.0,0.0,0.0,0.0,2.8,5.4
2013-07-26,33.7,37.1,31.1,40.2,44.3,63,0.0,0.0,0.0,0.0,3.61,6.9
2013-07-27,33.2,35.9,30.0,39.4,42.1,66,0.0,0.0,0.0,0.0,3.76,7.3
2013-07-28,33.5,35.9,30.9,39.1,41.7,62,0.0,0.0,0.0,0.0,4.1,8.0
2013-07-29,33.6,36.6,31.3,39.7,42.1,63,0.1,0.1,0.0,1.0,3.79,8.2
2013-07-30,33.7,36.5,30.8,39.3,41.8,60,0.0,0.0,0.0,0.0,4.28,8.7
2013-07-31,33.0,36.7,30.3,38.2,43.3,61,0.3,0.3,0.0,1.0,5.26,7.5
2013-08-01,31.4,35.3,29.0,36.5,41.2,69,0.2,0.2,0.0,2.0,5.21,10.3
2013-08-02,30.8,34.5,28.7,34.8,38.2,70,0.5,0.5,0.0,3.0,6.04,9.9
2013-08-03,31.4,34.5,29.9,35.6,39.0,67,1.2,1.2,0.0,2.0,5.61,9.3
2013-08-04,31.2,33.8,29.3,36.5,38.7,72,0.0,0.0,0.0,0.0,5.19,8.5
2013-08-05,32.6,36.4,28.6,38.4,42.8,68,0.0,0.0,0.0,0.0,4.08,7.4
2013-08-06,34.6,38.8,29.9,39.9,44.5,59,0.0,0.0,0.0,0.0,6.24,10.3
2013-08-07,34.7,38.4,31.2,39.9,43.8,56,0.0,0.0,0.0,0.0,5.5,8.2
2013-08-08,34.7,37.8,30.9,40.0,42.9,57,0.0,0.0,0.0,0.0,4.82,7.4
2013-08-09,34.9,37.8,31.6,40.6,44.0,57,0.0,0.0,0.0,0.0,4.24,5.6
2013-08-10,34.8,38.5,31.9,40.5,45.4,56,1.0,1.0,0.0,3.0,4.05,6.2
2013-08-11,33.9,38.1,30.6,40.1,45.6,62,0.1,0.1,0.0,1.0,4.52,7.8
2013-08-12,32.8,37.8,29.7,36.5,41.9,59,0.0,0.0,0.0,0.0,6.31,10.9
2013-08-13,32.1,36.7,28.8,35.7,40.8,65,0.0,0.0,0.0,0.0,7.64,12.8
2013-08-14,32.1,36.1,29.2,35.8,41.2,66,0.0,0.0,0.0,0.0,7.54,12.6
2013-08-15,31.8,36.3,28.6,36.1,41.8,67,0.3,0.3,0.0,1.0,6.19,10.2
2013-08-16,31.6,36.0,28.2,35.4,40.1,67,0.0,0.0,0.0,0.0,6.94,11.5
2013-08-17,31.5,36.0,28.0,35.0,40.3,64,0.0,0.0,0.0,0.0,5.85,10.3
2013-08-18,30.4,34.2,27.4,34.5,38.3,70,0.0,0.0,0.0,0.0,4.85,8.2
2013-08-19,29.7,31.6,27.9,34.0,35.2,78,3.3,3.3,0.0,13.0,6.59,11.7
2013-08-20,30.6,34.3,27.8,35.3,39.4,75,0.5,0.5,0.0,4.0,6.55,9.8
2013-08-21,29.9,32.6,28.0,33.3,35.9,79,1.1,1.1,0.0,5.0,9.09,16.0
2013-08-22,29.4,32.6,28.2,31.8,34.5,79,3.4,3.4,0.0,12.0,10.86,20.3
2013-08-23,31.0,34.6,27.9,34.5,38.8,72,0.0,0.0,0.0,0.0,7.97,12.9
2013-08-24,31.2,34.2,28.5,35.6,39.4,69,0.0,0.0,0.0,0.0,6.28,9.9
2013-08-25,29.1,30.7,26.7,34.5,35.9,80,13.0,13.0,0.0,8.0,4.19,10.0
2013-08-26,27.0,27.7,26.2,31.6,33.4,84,14.0,14.0,0.0,22.0,4.7,8.5
2013-08-27,28.2,30.8,25.8,32.2,35.8,77,0.3,0.3,0.0,2.0,4.94,7.6
2013-08-28,30.4,34.4,26.7,35.8,40.2,75,0.0,0.0,0.0,0.0,4.69,7.8
2013-08-29,30.9,35.3,29.0,36.5,41.6,73,6.2,6.2,0.0,6.0,4.9,8.6
2013-08-30,29.2,32.0,25.3,32.4,35.7,74,1.4,1.4,0.0,7.0,7.48,11.6
2013-08-31,25.6,28.2,23.3,26.0,29.0,63,0.0,0.0,0.0,0.0,5.91,9.6
2013-09-01,25.1,29.0,22.0,25.1,28.0,56,0.0,0.0,0.0,0.0,4.67,8.1
2013-09-02,25.3,29.1,21.5,25.5,29.2,59,0.0,0.0,0.0,0.0,6.22,10.5
2013-09-03,25.9,29.4,23.3,25.9,29.1,59,0.0,0.0,0.0,0.0,6.38,11.5
2013-09-04,24.8,28.1,21.6,24.9,27.8,57,0.0,0.0,0.0,0.0,4.8,8.3
2013-09-05,22.3,23.8,20.5,23.0,24.5,75,2.3,2.3,0.0,9.0,5.41,8.9
2013-09-06,21.0,21.6,20.4,22.6,23.9,85,8.2,8.2,0.0,18.0,3.76,6.1
2013-09-07,22.5,25.0,20.5,25.2,27.8,81,1.4,1.4,0.0,5.0,2.41,4.8
2013-09-08,24.5,27.4,21.3,27.6,30.5,77,0.0,0.0,0.0,0.0,3.94,6.6
2013-09-09,26.8,30.4,23.0,30.4,34.7,76,0.0,0.0,0.0,0.0,5.25,7.4
2013-09-10,28.5,33.3,24.9,32.8,38.7,75,0.7,0.7,0.0,2.0,5.16,7.4
2013-09-11,26.7,28.0,25.4,31.3,33.1,86,7.6,7.6,0.0,9.0,5.58,8.7
2013-09-12,28.2,31.9,25.4,33.5,36.8,80,0.0,0.0,0.0,0.0,3.14,6.8
2013-09-13,28.1,30.7,25.7,34.0,37.3,82,5.7,5.7,0.0,11.0,4.05,7.6
2013-09-14,27.0,30.7,24.7,32.2,37.7,83,6.0,6.0,0.0,6.0,3.64,10.2
2013-09-15,27.2,30.7,24.8,30.9,34.0,78,0.0,0.0,0.0,0.0,5.0,8.4
2013-09-16,26.4,31.2,23.3,28.5,33.0,69,0.0,0.0,0.0,0.0,5.81,9.7
2013-09-17,25.4,29.1,22.3,26.4,30.6,67,0.0,0.0,0.0,0.0,7.09,11.7
2013-09-18,26.1,30.0,23.0,26.9,31.1,65,0.0,0.0,0.0,0.0,5.72,9.4
2013-09-19,26.2,29.7,23.0,28.2,31.7,73,0.0,0.0,0.0,0.0,5.37,8.7
2013-09-20,26.1,29.1,23.1,29.0,31.8,79,0.0,0.0,0.0,0.0,5.41,9.1
2013-09-21,26.0,28.9,23.9,28.7,31.6,84,0.8,0.8,0.0,5.0,6.63,10.9
2013-09-22,26.6,29.4,25.3,29.4,31.8,85,3.8,3.8,0.0,8.0,7.71,12.0
2013-09-23,27.8,30.8,25.9,31.0,33.6,80,0.0,0.0,0.0,0.0,6.55,11.1
2013-09-24,27.4,31.1,24.8,30.6,35.5,76,1.6,1.6,0.0,5.0,7.7,9.8
2013-09-25,21.6,24.4,20.2,20.1,26.0,71,2.5,2.5,0.0,10.0,8.53,13.8
2013-09-26,21.3,24.3,18.7,19.9,23.1,56,0.0,0.0,0.0,0.0,5.24,8.7
2013-09-27,21.8,24.9,18.3,21.6,24.8,62,0.0,0.0,0.0,0.0,3.98,7.5
2013-09-28,20.2,21.8,19.2,21.3,22.7,82,13.3,13.3,0.0,16.0,4.3,7.6
2013-09-29,21.0,23.8,18.6,21.9,24.7,80,0.0,0.0,0.0,0.0,4.74,8.0
2013-09-30,21.9,25.4,18.9,22.6,26.0,78,0.0,0.0,0.0,0.0,4.85,8.2
2013-10-01,21.8,24.8,18.4,23.1,26.2,73,0.0,0.0,0.0,0.0,3.58,5.5
2013-10-02,21.5,25.0,18.6,20.9,24.2,71,0.1,0.1,0.0,1.0,7.55,12.6
2013-10-03,20.0,24.0,16.7,18.5,22.7,61,0.0,0.0,0.0,0.0,5.05,8.4
2013-10-04,20.6,24.8,17.0,20.1,24.9,67,0.0,0.0,0.0,0.0,4.44,7.7
2013-10-05,21.5,25.4,18.0,21.5,25.7,73,0.0,0.0,0.0,0.0,6.11,10.3
2013-10-06,22.3,23.2,21.3,23.1,24.2,91,9.9,9.9,0.0,17.0,7.62,11.8
2013-10-07,23.3,24.2,22.5,23.9,25.7,92,48.0,48.0,0.0,24.0,10.19,15.2
2013-10-08,21.7,22.7,20.7,22.4,23.7,92,28.1,28.1,0.0,17.0,8.26,14.5
2013-10-09,21.8,24.2,19.5,23.9,26.8,83,0.0,0.0,0.0,0.0,3.91,6.2
2013-10-10,23.0,26.0,20.2,25.9,29.4,84,0.0,0.0,0.0,0.0,2.73,4.9
2013-10-11,22.8,27.0,20.2,24.6,29.2,78,0.0,0.0,0.0,0.0,5.08,8.4
2013-10-12,21.9,26.6,18.2,21.9,26.5,68,0.0,0.0,0.0,0.0,4.72,8.2
2013-10-13,21.7,25.8,18.1,21.7,25.9,72,0.0,0.0,0.0,0.0,4.88,8.8
2013-10-14,23.3,26.7,20.2,24.8,28.6,73,0.0,0.0,0.0,0.0,4.49,6.8
2013-10-15,18.5,22.6,14.0,15.4,23.5,71,0.1,0.1,0.0,1.0,10.22,15.9
2013-10-16,15.2,17.7,12.3,12.1,15.0,59,0.0,0.0,0.0,0.0,6.96,11.2
2013-10-17,17.1,18.8,15.4,16.0,18.2,66,0.0,0.0,0.0,0.0,3.26,5.6
2013-10-18,18.8,21.2,16.8,18.3,20.6,73,0.0,0.0,0.0,0.0,4.58,6.8
2013-10-19,19.1,20.9,17.6,19.5,21.0,79,0.0,0.0,0.0,0.0,3.02,5.2
2013-10-20,19.0,22.1,16.6,18.7,21.2,74,0.0,0.0,0.0,0.0,3.82,6.6
2013-10-21,17.5,20.4,14.5,16.1,18.3,67,0.0,0.0,0.0,0.0,4.29,7.2
2013-10-22,17.4,20.6,14.1,16.1,18.9,68,0.0,0.0,0.0,0.0,4.23,7.8
2013-10-23,17.8,21.5,15.0,16.7,20.2,72,0.0,0.0,0.0,0.0,4.51,7.7
2013-10-24,16.9,20.7,14.4,14.2,17.6,70,0.0,0.0,0.0,0.0,8.05,13.0
2013-10-25,15.1,17.6,13.2,11.3,13.5,60,0.0,0.0,0.0,0.0,7.32,11.9
2013-10-26,14.8,18.0,12.3,11.9,14.6,59,0.0,0.0,0.0,0.0,6.05,9.2
2013-10-27,14.8,19.1,10.7,12.9,17.1,65,0.0,0.0,0.0,0.0,4.04,5.8
2013-10-28,17.3,21.7,13.5,15.8,20.4,69,0.0,0.0,0.0,0.0,4.67,8.2
2013-10-29,18.6,22.8,14.5,18.3,22.8,71,0.0,0.0,0.0,0.0,3.61,5.9
2013-10-30,19.3,21.3,17.7,19.1,20.8,82,0.4,0.4,0.0,3.0,6.14,9.8
2013-10-31,18.6,21.4,17.1,17.6,20.3,78,0.3,0.3,0.0,2.0,5.42,9.2
2013-11-01,19.0,22.4,16.6,18.4,21.6,78,0.0,0.0,0.0,0.0,5.2,9.0
2013-11-02,19.3,22.1,16.6,20.4,23.5,85,0.0,0.0,0.0,0.0,3.74,5.3
2013-11-03,18.3,20.8,16.7,18.1,20.2,86,0.1,0.1,0.0,1.0,5.82,9.8
2013-11-04,16.0,19.3,13.3,13.6,16.9,67,0.0,0.0,0.0,0.0,5.43,9.1
2013-11-05,15.9,20.2,11.8,14.4,18.7,68,0.0,0.0,0.0,0.0,3.82,6.1
2013-11-06,16.5,19.8,13.7,15.8,18.6,78,0.0,0.0,0.0,0.0,3.58,7.2
2013-11-07,17.0,21.0,13.2,16.7,20.7,73,0.0,0.0,0.0,0.0,3.64,5.3
2013-11-08,18.2,22.4,13.9,16.8,21.0,74,0.0,0.0,0.0,0.0,5.66,10.3
2013-11-09,21.1,24.9,18.4,21.7,27.4,78,0.0,0.0,0.0,0.0,4.63,7.9
2013-11-10,16.3,20.4,13.6,14.1,20.6,78,4.8,4.8,0.0,11.0,7.52,11.8
2013-11-11,13.8,15.1,12.7,10.5,11.5,57,0.0,0.0,0.0,0.0,4.96,8.5
2013-11-12,13.6,15.3,12.1,11.0,13.0,62,0.1,0.1,0.0,1.0,3.82,7.4
2013-11-13,14.2,16.9,11.7,12.0,15.2,65,0.0,0.0,0.0,0.0,3.94,7.1
2013-11-14,13.7,14.3,12.4,12.2,13.7,82,3.5,3.5,0.0,11.0,4.84,7.7
2013-11-15,12.9,15.7,10.8,11.1,13.4,74,0.0,0.0,0.0,0.0,4.19,6.4
2013-11-16,14.1,18.0,9.9,11.3,14.7,65,0.0,0.0,0.0,0.0,6.13,9.6
2013-11-17,11.8,14.4,9.0,7.3,8.9,45,0.0,0.0,0.0,0.0,5.74,9.9
2013-11-18,9.5,13.2,6.4,5.4,8.1,48,0.0,0.0,0.0,0.0,4.68,8.9
2013-11-19,9.4,13.5,5.8,6.4,10.2,56,0.0,0.0,0.0,0.0,3.27,4.7
2013-11-20,11.2,16.4,6.7,8.6,14.2,61,0.0,0.0,0.0,0.0,3.38,5.4
2013-11-21,12.8,17.4,9.0,10.8,15.7,72,0.0,0.0,0.0,0.0,3.51,5.6
2013-11-22,13.9,17.8,10.9,12.3,16.6,80,0.0,0.0,0.0,0.0,4.77,7.8
2013-11-23,15.6,19.4,12.4,13.8,17.1,77,0.0,0.0,0.0,0.0,5.44,8.6
2013-11-24,14.0,16.8,10.2,11.0,16.0,86,9.2,9.2,0.0,12.0,10.49,16.6
2013-11-25,10.6,13.6,8.0,6.2,9.1,62,0.0,0.0,0.0,0.0,8.5,13.2
2013-11-26,10.3,13.8,5.9,7.9,10.8,65,0.0,0.0,0.0,0.0,3.07,6.6
2013-11-27,9.3,11.3,6.0,4.5,7.9,55,0.0,0.0,0.0,0.0,8.05,13.1
2013-11-28,5.4,8.9,2.1,0.2,2.3,42,0.0,0.0,0.0,0.0,7.72,12.7
2013-11-29,5.8,9.3,3.1,1.0,4.0,50,0.0,0.0,0.0,0.0,5.36,8.6
2013-11-30,7.2,11.9,3.1,3.4,7.9,59,0.0,0.0,0.0,0.0,3.31,6.7
2013-12-01,7.8,11.3,5.6,4.4,7.7,72,0.0,0.0,0.0,0.0,4.2,7.8
2013-12-02,8.7,14.1,4.7,5.5,10.7,64,0.0,0.0,0.0,0.0,4.03,6.1
2013-12-03,10.6,17.1,6.4,7.9,14.7,61,0.0,0.0,0.0,0.0,3.85,6.1
2013-12-04,10.1,14.3,7.4,8.1,12.2,82,0.0,0.0,0.0,0.0,3.68,6.5
2013-12-05,9.6,14.0,6.3,8.1,12.9,88,0.0,0.0,0.0,0.0,2.6,5.1
2013-12-06,9.4,11.6,7.7,6.9,8.8,83,0.0,0.0,0.0,0.0,4.47,7.2
2013-12-07,8.9,12.7,6.1,7.1,11.2,89,0.0,0.0,0.0,0.0,2.97,5.1
2013-12-08,11.4,16.3,8.3,9.7,14.7,84,0.0,0.0,0.0,0.0,3.72,7.1
2013-12-09,8.7,11.2,5.6,3.9,9.7,73,0.0,0.0,0.0,0.0,9.12,15.1
2013-12-10,5.3,7.9,2.8,1.1,3.9,54,0.0,0.0,0.0,0.0,5.08,8.3
2013-12-11,6.1,8.8,3.9,1.5,2.9,51,0.0,0.0,0.0,0.0,5.48,9.7
2013-12-12,6.8,11.3,1.7,2.9,7.1,50,0.0,0.0,0.0,0.0,4.44,7.7
2013-12-13,7.6,11.2,4.3,4.4,8.5,65,0.0,0.0,0.0,0.0,4.3,6.9
2013-12-14,8.3,12.5,4.6,5.7,10.6,74,0.0,0.0,0.0,0.0,3.2,5.5
2013-12-15,9.4,11.6,8.0,6.1,7.7,73,0.0,0.0,0.0,0.0,5.22,8.5
2013-12-16,6.5,8.1,5.6,2.6,4.7,80,15.9,15.9,0.0,21.0,5.45,9.2
2013-12-17,6.3,7.0,5.8,1.8,2.6,85,14.2,14.2,0.0,24.0,6.95,10.4
2013-12-18,6.6,9.2,3.9,1.8,3.9,73,0.3,0.3,0.0,2.0,7.74,12.9
2013-12-19,3.1,5.1,1.5,-1.5,0.2,62,0.0,0.0,0.0,0.0,5.2,8.5
2013-12-20,2.5,4.9,0.8,-2.3,-0.4,65,0.0,0.0,0.0,0.0,4.91,8.5
2013-12-21,2.2,4.5,-0.4,-2.7,0.1,58,0.0,0.0,0.0,0.0,4.98,8.7
2013-12-22,2.7,5.9,-0.4,-1.1,2.0,68,0.0,0.0,0.0,0.0,3.3,5.8
2013-12-23,3.5,6.9,0.5,0.0,3.3,74,0.0,0.0,0.0,0.0,2.75,5.5
2013-12-24,3.7,6.8,1.0,0.0,2.9,71,0.0,0.0,0.0,0.0,3.26,5.6
2013-12-25,4.1,7.2,1.7,1.0,4.2,74,0.0,0.0,0.0,0.0,2.64,4.3
2013-12-26,4.2,6.9,1.1,-0.9,1.4,64,0.0,0.0,0.0,0.0,8.58,13.0
2013-12-27,0.3,2.5,-1.8,-5.7,-2.8,52,0.0,0.0,0.0,0.0,7.56,11.6
2013-12-28,1.0,4.4,-1.8,-3.7,-0.5,56,0.0,0.0,0.0,0.0,4.24,8.1
2013-12-29,1.3,4.6,-1.3,-3.0,0.0,64,0.0,0.0,0.0,0.0,3.54,7.0
2013-12-30,3.8,8.5,-0.5,-0.7,3.3,59,0.0,0.0,0.0,0.0,4.75,7.9
2013-12-31,6.7,11.1,3.3,2.1,6.3,54,0.0,0.0,0.0,0.0,4.66,8.2
2014-01-01,7.3,12.9,3.7,3.4,9.0,58,0.0,0.0,0.0,0.0,4.03,7.0
2014-01-02,7.9,14.5,2.5,4.3,10.5,62,0.0,0.0,0.0,0.0,3.55,5.5
2014-01-03,9.0,12.3,6.6,6.0,8.7,71,0.0,0.0,0.0,0.0,4.94,6.9
2014-01-04,6.4,8.6,3.7,3.1,5.1,76,0.0,0.0,0.0,0.0,4.74,6.9
2014-01-05,5.2,9.8,1.3,2.1,7.4,78,0.0,0.0,0.0,0.0,4.02,6.3
2014-01-06,7.5,12.0,3.3,3.3,7.4,74,0.0,0.0,0.0,0.0,6.44,9.4
2014-01-07,8.9,10.6,7.8,6.2,8.9,85,7.2,7.2,0.0,13.0,5.69,8.6
2014-01-08,6.6,8.5,3.3,2.3,5.8,85,4.7,4.7,0.0,14.0,7.03,11.3
2014-01-09,3.6,5.5,1.7,-1.0,1.2,57,0.0,0.0,0.0,0.0,5.46,8.2
2014-01-10,3.7,7.6,0.3,-0.7,2.9,64,0.0,0.0,0.0,0.0,4.33,7.5
2014-01-11,5.2,6.0,4.7,1.3,2.4,83,6.7,6.7,0.0,20.0,4.67,7.5
2014-01-12,5.3,7.5,4.0,2.0,4.0,82,3.9,3.9,0.0,9.0,4.16,6.6
2014-01-13,4.2,6.0,2.8,-0.1,1.9,69,0.0,0.0,0.0,0.0,4.6,8.0
2014-01-14,3.7,6.8,0.9,-0.1,2.8,66,0.0,0.0,0.0,0.0,3.32,6.2
2014-01-15,3.3,6.9,0.1,-0.2,3.5,67,0.0,0.0,0.0,0.0,3.37,5.6
2014-01-16,4.7,9.5,0.6,1.2,6.5,74,0.0,0.0,0.0,0.0,3.99,7.3
2014-01-17,6.4,9.6,3.4,3.7,6.6,77,0.0,0.0,0.0,0.0,4.37,6.8
2014-01-18,4.4,6.3,2.7,0.4,2.0,74,0.0,0.0,0.0,0.0,4.68,8.4
2014-01-19,4.3,9.2,-0.7,0.3,4.7,73,0.0,0.0,0.0,0.0,5.03,8.8
2014-01-20,6.4,9.5,3.9,1.6,4.1,59,0.0,0.0,0.0,0.0,6.22,10.2
2014-01-21,2.9,5.9,-0.0,-2.3,-0.6,48,0.0,0.0,0.0,0.0,6.23,10.6
2014-01-22,2.2,5.8,-1.5,-1.9,2.1,55,0.0,0.0,0.0,0.0,4.52,6.1
2014-01-23,4.9,11.0,-0.1,0.2,6.0,62,0.0,0.0,0.0,0.0,5.41,8.9
2014-01-24,9.3,15.0,4.3,5.0,10.8,64,0.0,0.0,0.0,0.0,5.91,9.4
2014-01-25,9.1,12.2,5.8,5.1,7.9,71,0.0,0.0,0.0,0.0,6.52,10.5
2014-01-26,6.5,9.7,3.7,2.1,4.6,67,0.0,0.0,0.0,0.0,6.1,10.3
2014-01-27,7.3,12.3,2.6,3.6,8.3,72,0.0,0.0,0.0,0.0,5.46,9.0
2014-01-28,8.7,12.9,6.0,5.7,9.6,78,0.0,0.0,0.0,0.0,5.16,8.7
2014-01-29,9.2,12.0,6.9,6.8,10.1,89,2.5,2.5,0.0,5.0,5.42,9.2
2014-01-30,9.3,12.8,6.4,7.7,12.3,92,0.0,0.0,0.0,0.0,3.58,5.2
2014-01-31,12.6,17.9,8.8,10.2,16.2,86,0.0,0.0,0.0,0.0,5.91,9.2
2014-02-01,15.8,20.6,13.0,13.9,19.2,77,0.0,0.0,0.0,0.0,6.33,9.9
2014-02-02,12.9,16.0,11.0,12.4,16.0,92,0.0,0.0,0.0,0.0,4.52,7.0
2014-02-03,8.4,10.7,4.4,4.1,9.2,81,0.9,0.9,0.0,4.0,8.54,14.0
2014-02-04,3.9,6.5,2.0,-1.7,0.9,56,0.0,0.0,0.0,0.0,6.46,10.6
2014-02-05,5.1,7.0,3.3,0.2,3.4,79,7.9,7.9,0.0,19.0,7.45,11.2
2014-02-06,7.3,7.8,6.7,3.4,4.7,93,16.8,16.8,0.0,24.0,7.11,11.1
2014-02-07,4.8,6.9,3.1,-0.1,2.2,90,14.0,14.0,0.0,21.0,7.58,11.9
2014-02-08,2.5,4.2,0.3,-2.8,-0.9,72,0.0,0.0,0.0,0.0,6.36,10.2
2014-02-09,1.4,2.3,-0.6,-4.8,-3.4,72,0.9,0.1,0.7,5.0,7.96,12.9
2014-02-10,-0.5,1.2,-2.2,-6.9,-4.9,64,0.2,0.0,0.28,1.0,7.77,12.3
2014-02-11,0.5,3.6,-2.6,-4.8,-1.3,62,0.0,0.0,0.0,0.0,5.79,9.9
2014-02-12,2.2,4.7,0.1,-2.7,0.2,76,2.0,2.0,0.14,7.0,5.56,9.0
2014-02-13,3.8,6.0,1.5,-0.7,1.8,77,2.2,1.9,0.21,8.0,5.19,8.9
2014-02-14,3.4,6.3,1.2,-0.8,2.1,70,0.0,0.0,0.0,0.0,4.9,8.0
2014-02-15,3.9,8.2,-0.5,0.4,5.9,69,0.0,0.0,0.0,0.0,5.33,7.9
2014-02-16,6.5,7.6,5.0,2.9,6.1,89,17.7,17.7,0.0,20.0,5.5,8.2
2014-02-17,6.8,7.6,5.7,3.6,5.4,95,5.7,5.7,0.0,12.0,5.85,8.7
2014-02-18,2.9,5.6,1.9,-1.9,1.4,96,23.9,20.2,2.59,24.0,6.41,10.0
2014-02-19,2.8,5.5,1.7,-1.7,1.5,83,2.7,1.7,0.7,10.0,6.08,9.7
2014-02-20,4.6,7.5,2.0,1.2,4.7,75,0.0,0.0,0.0,0.0,4.0,6.3
2014-02-21,4.9,9.2,0.9,1.2,6.2,75,0.0,0.0,0.0,0.0,5.1,8.0
2014-02-22,7.1,11.4,4.1,3.3,8.6,75,0.0,0.0,0.0,0.0,5.16,8.8
2014-02-23,8.0,11.8,5.2,4.5,8.9,77,0.0,0.0,0.0,0.0,4.79,8.6
2014-02-24,8.4,10.4,6.1,5.3,7.6,89,8.0,8.0,0.0,13.0,4.96,7.5
2014-02-25,9.9,11.5,8.9,7.0,8.3,94,20.9,20.9,0.0,22.0,6.41,10.4
2014-02-26,9.9,11.2,8.0,7.8,9.6,90,1.6,1.6,0.0,3.0,4.55,8.0
2014-02-27,10.2,12.9,7.2,8.8,12.0,86,0.0,0.0,0.0,0.0,3.72,6.2
2014-02-28,8.8,10.6,8.1,5.6,7.9,87,10.2,10.2,0.0,19.0,5.6,8.5
2014-03-01,6.5,8.2,5.5,2.5,5.2,84,8.9,8.9,0.0,18.0,5.66,9.0
2014-03-02,7.2,10.7,4.6,3.4,7.2,66,0.0,0.0,0.0,0.0,4.71,7.7
2014-03-03,9.0,12.7,5.8,5.0,7.7,67,0.4,0.4,0.0,2.0,7.42,12.0
2014-03-04,9.6,10.7,8.8,7.4,9.6,86,6.4,6.4,0.0,11.0,4.65,7.5
2014-03-05,8.0,10.8,5.3,3.9,7.3,67,0.0,0.0,0.0,0.0,6.17,10.5
2014-03-06,6.1,7.3,4.3,1.7,2.6,67,0.5,0.5,0.0,4.0,5.43,9.0
2014-03-07,6.9,10.9,3.5,2.6,6.8,63,0.0,0.0,0.0,0.0,5.76,8.8
2014-03-08,6.5,7.1,5.4,2.5,3.3,73,1.4,1.4,0.0,6.0,5.41,9.1
2014-03-09,7.7,10.8,4.4,5.3,9.2,73,0.0,0.0,0.0,0.0,2.84,5.2
2014-03-10,8.9,13.4,5.0,6.1,11.6,74,0.0,0.0,0.0,0.0,6.08,9.1
2014-03-11,11.4,15.7,7.1,7.5,12.3,73,0.0,0.0,0.0,0.0,7.34,12.1
2014-03-12,11.8,13.7,8.0,9.4,13.6,90,19.9,19.9,0.0,23.0,8.09,11.6
2014-03-13,7.5,9.5,5.6,2.2,4.3,57,0.0,0.0,0.0,0.0,8.02,12.6
2014-03-14,10.2,14.1,6.5,7.0,12.1,60,0.0,0.0,0.0,0.0,4.81,8.5
2014-03-15,12.9,17.9,7.7,10.3,15.2,60,0.0,0.0,0.0,0.0,4.44,7.3
2014-03-16,15.0,20.7,9.4,13.2,19.6,68,0.0,0.0,0.0,0.0,4.89,7.3
2014-03-17,18.0,22.0,15.1,18.0,23.2,77,0.4,0.4,0.0,2.0,4.1,6.8
2014-03-18,18.0,24.1,12.8,17.7,24.7,75,0.0,0.0,0.0,0.0,7.0,11.0
2014-03-19,11.8,13.2,9.6,8.5,10.6,80,7.8,7.8,0.0,10.0,6.68,10.8
2014-03-20,10.5,12.9,7.8,5.8,8.3,55,0.3,0.3,0.0,1.0,7.2,11.7
2014-03-21,10.1,13.7,6.3,6.9,11.5,46,0.0,0.0,0.0,0.0,4.38,6.6
2014-03-22,11.7,16.7,6.8,7.6,13.5,51,0.0,0.0,0.0,0.0,5.72,9.3
2014-03-23,13.1,18.1,8.7,9.6,15.9,63,0.0,0.0,0.0,0.0,6.16,9.8
2014-03-24,15.6,18.9,12.6,13.9,19.5,74,0.1,0.1,0.0,1.0,5.84,9.6
2014-03-25,16.9,18.9,15.0,16.5,19.4,86,17.7,17.7,0.0,14.0,5.1,7.9
2014-03-26,17.4,19.8,15.4,16.9,18.9,82,0.1,0.1,0.0,1.0,4.9,7.8
2014-03-27,16.0,21.5,12.7,14.5,21.2,80,0.0,0.0,0.0,0.0,7.85,11.6
2014-03-28,17.4,21.7,14.5,16.6,23.0,87,6.5,6.5,0.0,9.0,7.31,11.2
2014-03-29,17.1,17.7,15.1,17.6,19.6,96,46.4,46.4,0.0,21.0,5.85,9.9
2014-03-30,15.9,19.6,13.0,14.5,19.1,71,0.0,0.0,0.0,0.0,5.31,8.8
2014-03-31,13.5,15.8,11.5,10.6,13.0,69,0.0,0.0,0.0,0.0,5.26,9.6
2014-04-01,14.4,17.6,11.0,13.5,17.6,79,0.0,0.0,0.0,0.0,3.18,5.5
2014-04-02,15.4,19.1,11.6,14.3,17.7,79,0.0,0.0,0.0,0.0,4.3,7.3
2014-04-03,16.0,19.8,11.9,14.3,18.7,74,0.2,0.2,0.0,2.0,8.1,12.5
2014-04-04,13.7,17.4,8.9,11.2,15.8,50,0.0,0.0,0.0,0.0,5.23,9.9
2014-04-05,14.0,18.6,9.6,11.0,17.2,61,0.0,0.0,0.0,0.0,7.79,13.0
2014-04-06,12.1,16.6,8.0,7.8,12.9,49,0.0,0.0,0.0,0.0,6.75,10.4
2014-04-07,14.3,18.3,10.5,11.8,17.4,73,2.6,2.6,0.0,8.0,6.4,10.2
2014-04-08,16.8,20.6,14.2,17.3,22.3,83,2.2,2.2,0.0,7.0,3.68,5.9
2014-04-09,17.3,22.7,13.4,17.3,24.0,79,0.0,0.0,0.0,0.0,4.46,7.0
2014-04-10,18.4,24.7,13.0,17.2,24.7,69,0.0,0.0,0.0,0.0,5.89,8.7
2014-04-11,17.0,20.2,15.0,15.2,19.0,77,7.1,7.1,0.0,6.0,6.19,11.6
2014-04-12,17.2,19.4,15.2,17.1,21.4,92,17.3,17.3,0.0,23.0,6.57,11.8
2014-04-13,15.4,17.6,13.3,13.6,15.7,82,0.5,0.5,0.0,4.0,6.3,10.0
2014-04-14,16.2,21.1,12.0,15.5,21.7,72,0.0,0.0,0.0,0.0,5.17,8.2
2014-04-15,16.4,20.8,12.7,13.4,17.7,64,0.0,0.0,0.0,0.0,7.6,11.9
2014-04-16,17.2,20.0,15.2,17.1,21.7,85,8.0,8.0,0.0,13.0,6.25,11.0
2014-04-17,18.5,19.9,17.0,19.5,21.6,86,0.0,0.0,0.0,0.0,3.41,6.5
2014-04-18,17.0,18.5,15.0,15.8,19.0,80,0.0,0.0,0.0,0.0,5.78,9.7
2014-04-19,14.7,15.4,14.4,12.9,14.0,91,13.4,13.4,0.0,19.0,6.53,10.5
2014-04-20,15.6,17.7,13.7,14.4,17.0,81,0.7,0.7,0.0,3.0,4.88,7.9
2014-04-21,13.7,14.5,13.0,12.3,13.4,89,22.0,22.0,0.0,24.0,5.53,8.8
2014-04-22,15.2,18.5,13.1,14.5,19.7,78,3.0,3.0,0.0,9.0,4.38,7.1
2014-04-23,16.1,20.8,11.1,13.8,18.7,65,0.0,0.0,0.0,0.0,6.22,10.4
2014-04-24,17.5,20.7,13.3,15.5,18.8,77,0.0,0.0,0.0,0.0,7.44,11.8
2014-04-25,18.2,20.0,17.1,16.0,17.4,83,9.3,9.3,0.0,14.0,9.98,14.7
2014-04-26,17.8,18.8,17.1,17.7,19.4,94,19.1,19.1,0.0,22.0,6.48,11.5
2014-04-27,18.1,19.7,17.2,17.6,19.3,87,0.7,0.7,0.0,3.0,6.74,10.9
2014-04-28,17.6,19.0,16.3,15.3,16.8,75,0.1,0.1,0.0,1.0,8.28,13.1
2014-04-29,18.3,21.7,15.1,17.3,20.9,68,0.0,0.0,0.0,0.0,5.39,9.1
2014-04-30,18.4,22.9,13.3,18.2,23.9,67,0.0,0.0,0.0,0.0,4.88,7.2
2014-05-01,21.4,26.4,16.4,22.0,28.6,69,0.0,0.0,0.0,0.0,4.27,6.5
2014-05-02,22.7,26.9,19.1,22.3,27.9,61,0.0,0.0,0.0,0.0,6.75,10.7
2014-05-03,18.3,20.6,16.4,15.8,18.3,57,0.0,0.0,0.0,0.0,6.11,10.0
2014-05-04,16.9,17.9,14.9,16.4,18.7,78,9.7,9.7,0.0,11.0,4.7,8.6
2014-05-05,16.5,19.7,12.6,14.7,19.9,51,0.0,0.0,0.0,0.0,4.53,7.6
2014-05-06,17.3,21.5,12.9,14.0,18.8,48,0.0,0.0,0.0,0.0,7.1,10.8
2014-05-07,19.8,25.1,14.1,18.5,24.6,63,0.0,0.0,0.0,0.0,6.8,10.2
2014-05-08,21.0,25.5,17.2,20.8,26.8,68,0.0,0.0,0.0,0.0,6.2,10.1
2014-05-09,18.2,20.8,16.1,15.7,17.8,70,0.0,0.0,0.0,0.0,7.57,11.5
2014-05-10,19.4,21.1,17.9,17.8,19.3,87,5.1,5.1,0.0,11.0,9.88,15.6
2014-05-11,20.4,21.6,19.0,20.2,23.0,88,15.1,15.1,0.0,16.0,7.95,13.4
2014-05-12,21.0,24.7,17.0,21.9,26.7,69,0.0,0.0,0.0,0.0,4.4,7.2
2014-05-13,21.2,24.0,17.7,20.5,22.7,66,11.0,11.0,0.0,5.0,6.94,11.3
2014-05-14,22.5,25.2,19.7,24.0,26.5,81,24.0,24.0,0.0,9.0,5.07,8.9
2014-05-15,22.6,25.2,20.1,22.7,25.4,60,0.0,0.0,0.0,0.0,4.73,8.3
2014-05-16,22.7,27.4,17.6,23.3,29.5,67,0.4,0.4,0.0,2.0,4.39,7.6
2014-05-17,19.8,21.4,18.8,20.0,22.4,85,5.7,5.7,0.0,12.0,6.01,10.7
2014-05-18,19.6,20.8,18.8,19.8,21.4,81,0.2,0.2,0.0,1.0,4.84,7.9
2014-05-19,19.8,22.1,17.5,21.4,24.2,86,5.8,5.8,0.0,9.0,3.44,5.8
2014-05-20,22.5,26.1,19.9,23.8,27.8,77,0.8,0.8,0.0,3.0,5.61,9.5
2014-05-21,23.9,28.3,19.3,25.4,30.4,73,0.0,0.0,0.0,0.0,5.5,8.2
2014-05-22,23.5,26.7,20.7,23.5,27.6,67,0.0,0.0,0.0,0.0,7.41,11.8
2014-05-23,22.7,26.0,19.6,21.8,25.6,74,0.0,0.0,0.0,0.0,8.49,14.1
2014-05-24,23.5,25.9,20.5,23.7,26.8,81,0.7,0.7,0.0,2.0,8.96,14.5
2014-05-25,25.0,27.0,23.4,28.7,31.0,88,6.4,6.4,0.0,16.0,4.59,9.1
2014-05-26,26.4,29.5,23.7,28.2,31.6,60,0.0,0.0,0.0,0.0,4.07,6.8
2014-05-27,27.2,31.3,22.7,28.3,32.3,57,0.0,0.0,0.0,0.0,5.21,8.9
2014-05-28,28.0,31.4,25.2,30.1,35.9,58,0.0,0.0,0.0,0.0,5.4,8.6
2014-05-29,28.2,33.0,24.0,30.3,36.5,60,0.0,0.0,0.0,0.0,4.81,9.4
2014-05-30,28.1,32.2,23.8,28.9,34.4,52,0.0,0.0,0.0,0.0,5.58,9.4
2014-05-31,24.9,27.9,22.5,25.4,28.7,73,1.6,1.6,0.0,7.0,7.78,12.5
2014-06-01,23.4,24.8,22.3,25.1,28.4,92,41.2,41.2,0.0,24.0,7.5,12.9
2014-06-02,23.4,24.8,21.1,23.7,28.2,80,0.5,0.5,0.0,4.0,8.42,14.1
2014-06-03,21.6,23.3,20.0,20.8,23.1,72,0.1,0.1,0.0,1.0,7.28,12.1
2014-06-04,22.6,25.1,20.4,23.4,26.4,74,0.0,0.0,0.0,0.0,5.48,8.5
2014-06-05,23.2,26.7,20.1,25.6,29.6,76,0.0,0.0,0.0,0.0,3.61,5.9
2014-06-06,24.5,28.4,20.5,27.1,32.0,76,0.0,0.0,0.0,0.0,4.6,7.7
2014-06-07,25.8,30.2,21.7,29.0,34.0,74,0.0,0.0,0.0,0.0,4.33,6.9
2014-06-08,25.2,28.7,22.5,27.6,31.2,79,0.0,0.0,0.0,0.0,5.96,9.5
2014-06-09,24.4,28.3,21.5,25.7,30.7,76,0.0,0.0,0.0,0.0,5.82,9.6
2014-06-10,24.4,28.3,21.6,26.2,31.2,76,0.0,0.0,0.0,0.0,4.81,8.2
2014-06-11,24.7,28.1,21.6,27.0,31.4,72,0.0,0.0,0.0,0.0,3.89,7.3
2014-06-12,25.2,29.1,21.4,27.3,30.6,68,0.0,0.0,0.0,0.0,4.02,7.3
2014-06-13,26.5,30.2,21.9,29.0,33.0,65,0.0,0.0,0.0,0.0,3.45,5.9
2014-06-14,28.6,32.4,24.9,31.6,36.7,59,0.0,0.0,0.0,0.0,4.62,7.0
2014-06-15,27.0,30.4,24.4,28.1,31.4,62,0.0,0.0,0.0,0.0,6.31,10.1
2014-06-16,24.3,25.4,23.6,26.0,27.5,86,9.2,9.2,0.0,18.0,7.96,12.3
2014-06-17,23.9,25.6,23.0,27.4,28.6,89,8.8,8.8,0.0,15.0,3.53,7.6
2014-06-18,23.9,27.3,21.8,26.1,29.4,80,0.0,0.0,0.0,0.0,5.88,9.2
2014-06-19,24.7,28.7,21.3,26.6,31.5,80,0.0,0.0,0.0,0.0,6.32,9.7
2014-06-20,24.6,26.2,23.4,28.1,31.1,91,12.0,12.0,0.0,13.0,5.89,8.9
2014-06-21,23.3,25.0,22.7,26.3,28.9,95,72.9,72.9,0.0,22.0,5.44,9.7
2014-06-22,23.4,25.6,21.9,25.8,27.8,82,3.7,3.7,0.0,8.0,3.64,6.9
2014-06-23,22.8,24.5,21.4,25.3,26.9,87,0.3,0.3,0.0,3.0,3.28,5.7
2014-06-24,24.5,28.1,20.9,27.5,32.0,81,0.0,0.0,0.0,0.0,5.0,7.4
2014-06-25,22.8,24.1,22.1,25.0,26.5,87,20.4,20.4,0.0,14.0,5.32,7.8
2014-06-26,22.6,23.8,21.9,25.6,27.6,97,41.8,41.8,0.0,24.0,4.36,8.9
2014-06-27,23.3,25.0,21.9,26.6,29.1,89,4.3,4.3,0.0,13.0,4.08,8.9
2014-06-28,23.7,26.3,21.7,26.8,30.5,86,1.1,1.1,0.0,5.0,5.16,8.4
2014-06-29,25.2,28.2,22.1,28.4,32.8,75,0.0,0.0,0.0,0.0,4.24,7.5
2014-06-30,24.2,26.7,22.7,26.0,28.4,75,2.4,2.4,0.0,8.0,6.13,10.2
2014-07-01,23.6,25.1,22.6,26.7,28.7,91,13.0,13.0,0.0,20.0,5.56,8.4
2014-07-02,24.5,25.5,23.5,28.2,29.4,93,7.2,7.2,0.0,12.0,4.53,10.7
2014-07-03,25.8,28.7,23.5,29.6,33.2,81,0.1,0.1,0.0,1.0,4.03,6.4
2014-07-04,24.6,26.7,23.3,27.2,29.7,87,9.8,9.8,0.0,13.0,6.74,11.7
2014-07-05,26.3,30.1,23.3,30.1,36.4,90,37.0,37.0,0.0,14.0,7.33,11.8
2014-07-06,25.1,27.1,22.9,27.6,29.8,82,7.3,7.3,0.0,9.0,6.05,11.0
2014-07-07,26.0,28.5,23.0,29.6,32.4,78,0.0,0.0,0.0,0.0,4.65,6.9
2014-07-08,26.5,29.5,23.7,29.8,33.4,82,0.0,0.0,0.0,0.0,6.45,10.2
2014-07-09,27.6,30.2,24.9,31.1,34.4,82,0.4,0.4,0.0,3.0,6.62,11.4
2014-07-10,29.4,32.4,26.1,35.4,38.9,78,0.0,0.0,0.0,0.0,2.98,6.1
2014-07-11,29.9,32.8,27.0,36.5,39.4,80,6.1,6.1,0.0,7.0,3.0,7.1
2014-07-12,27.9,29.4,26.5,34.1,36.8,88,46.2,46.2,0.0,18.0,3.94,11.8
2014-07-13,25.1,26.6,24.1,29.1,31.5,87,19.4,19.4,0.0,24.0,5.25,13.2
2014-07-14,26.9,30.1,24.2,31.0,34.6,77,0.8,0.8,0.0,4.0,4.61,8.2
2014-07-15,25.3,25.9,24.7,29.6,31.4,90,42.8,42.8,0.0,15.0,4.04,6.6
2014-07-16,26.8,28.6,25.1,31.7,35.0,88,10.6,10.6,0.0,14.0,4.1,6.2
2014-07-17,29.1,32.4,26.6,34.6,39.7,82,0.0,0.0,0.0,0.0,4.37,7.4
2014-07-18,29.6,31.9,27.7,34.8,37.7,81,0.0,0.0,0.0,0.0,4.76,8.6
2014-07-19,30.0,32.4,28.1,35.7,38.7,81,0.0,0.0,0.0,0.0,4.8,8.6
2014-07-20,30.6,34.1,27.5,37.1,42.0,79,0.0,0.0,0.0,0.0,4.43,7.7
2014-07-21,30.6,34.3,27.5,36.7,41.5,78,0.0,0.0,0.0,0.0,5.3,8.3
2014-07-22,30.7,34.4,28.0,36.0,41.0,76,0.0,0.0,0.0,0.0,6.13,10.2
2014-07-23,30.6,33.8,27.8,35.5,39.2,79,0.0,0.0,0.0,0.0,6.98,11.0
2014-07-24,29.8,31.4,28.8,33.3,34.4,81,2.4,2.4,0.0,9.0,9.66,15.6
2014-07-25,28.0,29.2,26.8,31.6,36.0,85,19.3,19.3,0.0,18.0,10.2,16.6
2014-07-26,28.0,30.9,26.4,33.6,37.9,83,8.3,8.3,0.0,10.0,3.26,6.2
2014-07-27,27.6,30.5,26.2,33.5,37.5,88,15.8,15.8,0.0,15.0,3.3,8.2
2014-07-28,28.3,31.1,26.3,34.4,38.8,82,0.4,0.4,0.0,3.0,2.67,5.2
2014-07-29,29.7,32.9,27.1,35.9,40.0,81,0.3,0.3,0.0,2.0,5.23,8.9
2014-07-30,30.3,33.4,27.8,35.0,39.5,77,0.0,0.0,0.0,0.0,6.26,9.7
2014-07-31,29.4,32.3,27.6,34.2,37.9,82,0.5,0.5,0.0,4.0,6.95,11.0
2014-08-01,26.6,27.6,26.2,29.3,31.6,88,12.4,12.4,0.0,17.0,9.56,13.7
2014-08-02,27.5,29.1,25.9,30.2,32.9,84,1.2,1.2,0.0,6.0,8.21,13.4
2014-08-03,29.5,32.3,27.0,35.2,38.8,81,0.0,0.0,0.0,0.0,5.51,9.0
2014-08-04,30.9,34.7,27.2,37.7,43.1,77,0.0,0.0,0.0,0.0,4.85,5.8
2014-08-05,31.2,34.7,28.2,38.3,43.0,80,0.0,0.0,0.0,0.0,3.77,6.9
2014-08-06,30.7,33.4,28.4,37.3,41.9,79,0.6,0.6,0.0,2.0,4.08,7.4
2014-08-07,29.7,32.1,27.9,35.6,39.3,81,3.5,3.5,0.0,9.0,4.05,7.4
2014-08-08,27.2,28.9,26.2,32.7,34.0,86,28.6,28.6,0.0,23.0,3.36,7.3
2014-08-09,27.1,29.3,26.0,32.3,34.9,84,4.3,4.3,0.0,13.0,3.05,6.1
2014-08-10,26.4,28.1,25.1,30.1,31.4,83,5.5,5.5,0.0,11.0,5.32,7.7
2014-08-11,26.2,28.3,24.6,29.8,31.7,79,0.4,0.4,0.0,1.0,3.91,6.8
2014-08-12,24.9,25.6,23.6,26.9,28.6,74,0.5,0.5,0.0,3.0,4.92,8.3
2014-08-13,25.6,27.1,24.6,28.9,31.3,85,7.6,7.6,0.0,13.0,4.94,9.2
2014-08-14,25.1,26.1,23.6,29.4,31.5,94,12.6,12.6,0.0,20.0,5.89,8.5
2014-08-15,24.9,26.9,23.3,28.7,30.9,84,0.8,0.8,0.0,3.0,3.32,5.3
2014-08-16,25.5,28.1,23.9,29.1,31.5,86,1.9,1.9,0.0,4.0,4.61,7.4
2014-08-17,22.8,24.2,21.7,24.4,26.8,90,44.6,44.6,0.0,15.0,7.5,14.4
2014-08-18,23.3,24.2,22.5,27.0,28.3,90,15.4,15.4,0.0,15.0,3.02,5.2
2014-08-19,23.5,24.7,22.7,27.3,28.7,89,21.3,21.3,0.0,24.0,2.47,4.7
2014-08-20,23.1,24.4,22.4,26.1,27.4,89,27.5,27.5,0.0,16.0,4.6,8.0
2014-08-21,25.2,28.6,22.3,29.1,33.1,82,0.0,0.0,0.0,0.0,4.55,7.0
2014-08-22,26.9,30.4,23.8,31.5,36.6,84,0.4,0.4,0.0,2.0,4.06,6.3
2014-08-23,27.9,30.9,25.8,34.1,38.4,87,2.7,2.7,0.0,7.0,2.78,4.9
2014-08-24,28.7,31.8,26.0,34.3,38.5,85,9.6,9.6,0.0,7.0,7.68,11.8
2014-08-25,26.8,29.0,24.9,30.0,32.9,78,0.0,0.0,0.0,0.0,7.5,11.7
2014-08-26,26.9,29.3,24.8,30.7,32.3,79,0.0,0.0,0.0,0.0,4.16,6.3
2014-08-27,22.8,24.8,21.5,24.3,27.3,85,15.6,15.6,0.0,20.0,5.53,10.2
2014-08-28,24.7,27.6,22.5,28.7,32.6,88,0.0,0.0,0.0,0.0,3.56,6.6
2014-08-29,24.8,27.0,23.4,29.0,30.9,89,17.6,17.6,0.0,10.0,3.98,11.6
2014-08-30,25.4,28.2,22.7,29.1,32.0,82,0.1,0.1,0.0,1.0,4.02,6.4
2014-08-31,25.7,27.6,23.6,29.1,31.3,86,0.4,0.4,0.0,2.0,5.11,8.4
2014-09-01,26.2,28.1,24.9,29.9,31.4,87,4.7,4.7,0.0,5.0,6.75,9.9
2014-09-02,26.5,30.4,24.2,30.9,36.2,85,6.4,6.4,0.0,6.0,5.34,10.2
2014-09-03,24.3,26.2,23.1,26.9,29.2,86,20.2,20.2,0.0,16.0,5.5,11.1
2014-09-04,24.6,27.0,22.4,27.5,30.2,77,0.0,0.0,0.0,0.0,3.61,5.6
2014-09-05,25.8,29.1,22.9,28.7,32.5,78,0.0,0.0,0.0,0.0,4.66,6.7
2014-09-06,26.6,29.6,24.2,30.0,33.4,80,0.4,0.4,0.0,1.0,4.4,7.3
2014-09-07,26.3,29.5,23.5,30.2,33.7,79,0.0,0.0,0.0,0.0,4.24,6.4
2014-09-08,25.9,28.3,24.0,29.5,31.5,81,1.0,1.0,0.0,4.0,3.72,6.2
2014-09-09,25.9,27.8,24.4,29.2,31.4,79,2.2,2.2,0.0,8.0,3.91,6.9
2014-09-10,25.3,27.0,24.1,27.8,28.5,80,0.0,0.0,0.0,0.0,5.12,7.9
2014-09-11,24.8,27.6,22.7,26.2,29.7,73,0.0,0.0,0.0,0.0,4.85,7.7
2014-09-12,24.5,26.7,22.9,27.4,31.2,86,11.7,11.7,0.0,12.0,4.94,9.8
2014-09-13,23.3,23.8,22.7,25.9,27.1,91,5.8,5.8,0.0,13.0,5.6,9.0
2014-09-14,24.4,27.0,22.5,26.6,29.4,82,0.0,0.0,0.0,0.0,5.42,8.6
2014-09-15,24.3,27.0,22.5,25.8,28.4,78,0.0,0.0,0.0,0.0,5.92,9.7
2014-09-16,24.0,26.4,21.8,25.5,27.4,78,0.0,0.0,0.0,0.0,5.38,9.3
2014-09-17,24.7,27.4,23.1,26.6,30.1,80,1.7,1.7,0.0,5.0,5.87,8.9
2014-09-18,21.3,23.0,19.8,22.0,24.7,85,16.3,16.3,0.0,24.0,6.58,10.5
2014-09-19,19.8,20.6,19.0,20.7,22.3,87,15.5,15.5,0.0,19.0,4.68,8.3
2014-09-20,21.6,24.5,18.9,23.5,26.6,84,0.0,0.0,0.0,0.0,3.6,6.0
2014-09-21,23.1,26.2,20.6,23.9,26.3,80,0.0,0.0,0.0,0.0,6.94,11.2
2014-09-22,22.7,23.8,21.9,22.3,23.1,83,7.6,7.6,0.0,14.0,9.51,18.0
2014-09-23,23.7,25.5,22.8,24.6,27.4,93,9.3,9.3,0.0,18.0,10.6,17.0
2014-09-24,23.5,25.4,22.0,25.4,27.6,83,0.0,0.0,0.0,0.0,6.71,10.5
2014-09-25,23.2,26.2,20.1,25.8,29.2,78,0.0,0.0,0.0,0.0,3.64,5.3
2014-09-26,23.7,26.3,21.4,25.8,28.3,82,0.0,0.0,0.0,0.0,4.38,8.0
2014-09-27,25.1,28.9,22.4,28.3,33.4,84,0.0,0.0,0.0,0.0,5.23,8.1
2014-09-28,25.4,29.1,23.1,27.5,32.2,82,0.0,0.0,0.0,0.0,6.23,10.6
2014-09-29,25.1,27.3,22.7,27.8,31.1,87,1.4,1.4,0.0,6.0,6.91,10.8
2014-09-30,21.0,22.7,18.1,20.0,23.2,77,0.0,0.0,0.0,0.0,7.76,12.8
2014-10-01,20.1,22.9,17.3,20.8,24.0,71,0.0,0.0,0.0,0.0,3.71,6.5
2014-10-02,22.1,25.1,18.5,23.8,26.5,78,0.0,0.0,0.0,0.0,4.17,7.0
2014-10-03,21.6,24.7,18.3,21.9,25.0,73,0.0,0.0,0.0,0.0,4.97,8.4
2014-10-04,20.2,24.2,17.0,19.7,23.9,70,0.0,0.0,0.0,0.0,5.28,8.7
2014-10-05,21.1,24.7,18.0,21.3,24.7,75,0.0,0.0,0.0,0.0,5.1,8.4
2014-10-06,20.1,22.8,17.6,19.1,21.0,67,0.0,0.0,0.0,0.0,5.76,9.7
2014-10-07,19.2,22.7,15.7,18.4,21.7,66,0.0,0.0,0.0,0.0,4.3,6.5
2014-10-08,19.8,23.5,16.4,19.6,23.3,72,0.0,0.0,0.0,0.0,4.22,6.8
2014-10-09,20.2,23.9,17.2,20.2,23.8,74,0.0,0.0,0.0,0.0,4.47,7.1
2014-10-10,21.0,24.2,18.7,21.2,25.0,78,0.0,0.0,0.0,0.0,5.33,8.8
2014-10-11,21.5,25.2,18.6,22.1,26.6,82,0.0,0.0,0.0,0.0,5.88,9.1
2014-10-12,21.4,24.9,19.4,20.0,22.9,74,0.0,0.0,0.0,0.0,9.24,14.2
2014-10-13,18.1,19.9,16.1,14.2,16.5,61,0.0,0.0,0.0,0.0,9.4,14.7
2014-10-14,16.0,19.1,13.8,13.0,15.4,53,0.0,0.0,0.0,0.0,5.97,10.0
2014-10-15,16.1,20.3,11.8,14.5,19.0,58,0.0,0.0,0.0,0.0,2.72,5.1
2014-10-16,18.3,22.1,14.2,17.9,22.8,69,0.0,0.0,0.0,0.0,4.24,6.9
2014-10-17,19.5,21.8,17.6,19.0,21.8,71,0.0,0.0,0.0,0.0,4.27,6.4
2014-10-18,19.9,23.5,17.9,19.1,22.4,71,0.0,0.0,0.0,0.0,5.55,8.1
2014-10-19,21.5,25.3,18.1,21.3,25.0,76,0.0,0.0,0.0,0.0,6.14,10.5
2014-10-20,22.9,27.3,19.6,24.3,29.9,75,0.0,0.0,0.0,0.0,5.0,8.3
2014-10-21,20.7,22.6,18.3,20.8,23.4,84,0.7,0.7,0.0,4.0,7.34,11.7
2014-10-22,18.2,21.3,15.8,17.3,20.4,76,0.0,0.0,0.0,0.0,6.24,10.4
2014-10-23,18.2,22.4,14.6,18.1,22.5,76,0.0,0.0,0.0,0.0,4.67,7.0
2014-10-24,19.1,24.0,15.3,18.3,23.1,72,0.0,0.0,0.0,0.0,4.94,7.3
2014-10-25,20.0,24.8,16.2,19.9,25.4,75,0.0,0.0,0.0,0.0,4.69,7.3
2014-10-26,20.9,25.6,17.0,22.3,27.1,77,0.0,0.0,0.0,0.0,3.18,5.7
2014-10-27,18.2,20.8,14.8,17.0,20.0,77,0.0,0.0,0.0,0.0,6.0,9.9
2014-10-28,17.1,20.6,13.4,15.5,19.1,71,0.0,0.0,0.0,0.0,5.08,8.3
2014-10-29,18.5,19.8,17.2,17.9,19.5,79,3.0,3.0,0.0,14.0,5.15,8.2
2014-10-30,19.0,19.7,18.5,20.6,22.3,92,21.8,21.8,0.0,21.0,4.36,6.5
2014-10-31,18.4,19.4,17.9,19.9,21.0,94,15.6,15.6,0.0,17.0,4.07,6.1
2014-11-01,18.3,19.3,17.6,18.7,19.8,89,0.3,0.3,0.0,2.0,4.44,7.1
2014-11-02,16.6,18.4,13.4,13.4,17.8,66,0.6,0.6,0.0,4.0,7.1,11.4
2014-11-03,12.7,15.5,10.6,9.3,12.4,48,0.0,0.0,0.0,0.0,6.07,9.7
2014-11-04,13.7,18.1,9.8,11.7,16.0,68,0.0,0.0,0.0,0.0,3.62,5.5
2014-11-05,15.6,20.2,11.8,14.6,19.4,76,2.9,2.9,0.0,7.0,3.39,6.2
2014-11-06,16.4,19.4,14.5,14.9,17.6,73,0.6,0.6,0.0,3.0,4.74,7.6
2014-11-07,15.0,17.4,13.3,12.5,15.2,72,0.1,0.1,0.0,1.0,5.78,9.5
2014-11-08,12.8,13.9,12.3,10.1,11.0,84,9.6,9.6,0.0,20.0,6.05,9.7
2014-11-09,13.9,16.0,12.3,12.2,14.6,76,0.0,0.0,0.0,0.0,3.79,7.1
2014-11-10,14.3,16.5,12.6,12.9,15.6,75,0.0,0.0,0.0,0.0,3.78,7.0
2014-11-11,14.5,16.6,12.7,13.7,15.7,75,0.0,0.0,0.0,0.0,3.89,6.0
2014-11-12,14.4,16.5,12.3,12.2,14.1,70,0.0,0.0,0.0,0.0,4.53,7.3
2014-11-13,11.4,13.3,8.7,7.8,9.8,47,0.0,0.0,0.0,0.0,4.71,7.7
2014-11-14,11.0,15.5,6.6,8.1,12.6,61,0.0,0.0,0.0,0.0,4.29,6.5
2014-11-15,13.0,16.9,8.8,10.5,14.0,70,2.3,2.3,0.0,4.0,5.26,8.7
2014-11-16,13.7,15.7,12.6,12.7,14.5,83,0.7,0.7,0.0,3.0,3.76,5.4
2014-11-17,11.6,14.1,9.7,8.0,10.3,64,0.0,0.0,0.0,0.0,5.62,9.4
2014-11-18,11.0,14.3,8.3,7.9,11.3,64,0.0,0.0,0.0,0.0,4.18,6.7
2014-11-19,11.8,15.2,8.3,9.4,13.5,73,0.0,0.0,0.0,0.0,3.74,6.7
2014-11-20,13.4,17.5,9.8,11.6,16.3,78,0.0,0.0,0.0,0.0,5.17,7.6
2014-11-21,15.3,19.7,12.2,14.2,19.6,80,0.0,0.0,0.0,0.0,5.04,7.5
2014-11-22,16.0,19.7,12.9,16.3,20.1,90,0.0,0.0,0.0,0.0,4.34,6.2
2014-11-23,17.6,20.7,15.3,17.8,21.4,89,0.2,0.2,0.0,1.0,5.79,9.7
2014-11-24,15.5,17.3,13.2,14.9,18.3,94,11.6,11.6,0.0,18.0,7.52,12.1
2014-11-25,12.7,13.3,11.7,10.8,11.6,84,8.2,8.2,0.0,22.0,4.52,7.1
2014-11-26,13.0,15.4,10.9,11.6,14.5,73,0.0,0.0,0.0,0.0,4.27,6.4
2014-11-27,14.7,18.1,10.8,12.2,15.3,79,0.8,0.8,0.0,4.0,6.53,10.3
2014-11-28,13.7,15.9,12.4,11.3,14.6,82,3.9,3.9,0.0,9.0,7.82,12.4
2014-11-29,14.4,16.8,11.8,12.5,15.7,88,5.8,5.8,0.0,11.0,6.44,10.7
2014-11-30,14.0,16.3,11.5,11.3,15.9,88,3.6,3.6,0.0,9.0,8.05,12.9
2014-12-01,7.3,11.6,3.1,1.4,6.9,52,0.1,0.1,0.0,1.0,8.41,14.3
2014-12-02,3.6,5.8,1.6,-0.8,2.1,47,0.0,0.0,0.0,0.0,4.82,8.6
2014-12-03,4.7,7.4,2.1,0.7,3.9,69,6.8,3.9,2.03,8.0,6.24,10.5
2014-12-04,4.6,6.5,2.9,-0.5,1.4,66,0.0,0.0,0.0,0.0,7.36,11.3
2014-12-05,3.7,6.4,1.3,-0.7,1.9,52,0.0,0.0,0.0,0.0,5.16,8.6
2014-12-06,4.7,8.6,2.0,1.3,5.0,66,0.0,0.0,0.0,0.0,3.54,5.2
2014-12-07,6.8,10.0,3.5,3.3,6.5,70,0.0,0.0,0.0,0.0,4.49,6.8
2014-12-08,6.0,8.2,3.7,2.0,4.8,66,0.0,0.0,0.0,0.0,5.12,7.8
2014-12-09,7.6,9.9,5.6,3.7,5.4,74,0.0,0.0,0.0,0.0,6.17,9.8
2014-12-10,7.8,9.9,6.2,4.9,7.5,85,2.6,2.6,0.0,10.0,6.48,8.6
2014-12-11,6.0,7.0,4.6,1.3,2.0,68,0.5,0.5,0.0,2.0,6.63,9.9
2014-12-12,4.6,7.8,2.1,-0.2,2.7,58,0.0,0.0,0.0,0.0,5.73,9.3
2014-12-13,4.1,7.2,1.1,0.3,3.7,63,0.0,0.0,0.0,0.0,3.32,6.4
2014-12-14,4.7,9.0,0.5,0.8,5.6,67,0.0,0.0,0.0,0.0,4.7,6.9
2014-12-15,6.8,8.9,4.7,2.9,5.6,73,0.0,0.0,0.0,0.0,6.44,9.0
2014-12-16,3.7,6.3,2.0,-3.0,0.6,45,0.0,0.0,0.0,0.0,9.48,15.3
2014-12-17,3.0,5.8,0.8,-2.1,0.6,49,0.0,0.0,0.0,0.0,5.86,10.4
2014-12-18,3.5,7.6,-0.9,-0.2,3.2,66,0.0,0.0,0.0,0.0,3.86,5.2
2014-12-19,5.8,7.4,4.1,2.6,4.9,78,0.5,0.5,0.0,3.0,4.13,6.1
2014-12-20,4.7,7.2,1.9,0.4,2.9,68,0.0,0.0,0.0,0.0,5.77,8.8
2014-12-21,2.9,5.2,1.3,-2.2,-0.9,58,0.0,0.0,0.0,0.0,6.93,11.1
2014-12-22,2.6,6.2,-0.4,-1.5,2.7,58,0.0,0.0,0.0,0.0,3.3,6.0
2014-12-23,5.5,10.1,1.8,1.4,6.1,65,0.0,0.0,0.0,0.0,5.77,9.9
2014-12-24,6.6,10.1,4.4,2.7,5.8,66,0.0,0.0,0.0,0.0,4.39,6.9
2014-12-25,5.1,7.9,2.8,1.2,4.0,73,0.0,0.0,0.0,0.0,4.58,7.8
2014-12-26,5.3,8.4,2.5,1.6,5.1,70,0.0,0.0,0.0,0.0,4.36,7.4
2014-12-27,6.4,9.3,4.6,3.1,6.3,73,0.0,0.0,0.0,0.0,3.74,6.2
2014-12-28,6.1,8.9,3.4,3.0,5.8,77,0.0,0.0,0.0,0.0,5.43,8.2
2014-12-29,7.5,11.4,4.5,4.0,8.6,73,0.0,0.0,0.0,0.0,5.87,9.0
2014-12-30,8.1,13.3,4.7,5.2,10.5,71,0.0,0.0,0.0,0.0,3.18,4.6
2014-12-31,6.9,8.4,2.7,1.0,4.1,56,0.0,0.0,0.0,0.0,9.17,14.7
