time,temperature_2m_mean,temperature_2m_max,temperature_2m_min,apparent_temperature_mean,apparent_temperature_max,relative_humidity_2m_mean,precipitation_sum,rain_sum,snowfall_sum,precipitation_hours,wind_speed_10m_max,wind_gusts_10m_max
2000-01-01,9.2,11.7,7.9,6.8,10.0,89,0.0,0.0,0.0,0.0,5.1,7.7
2000-01-02,7.3,9.0,4.7,3.8,5.9,85,0.0,0.0,0.0,0.0,6.5,10.5
2000-01-03,6.3,10.5,2.3,2.7,6.5,81,0.0,0.0,0.0,0.0,5.25,8.7
2000-01-04,10.3,15.0,6.9,7.5,12.1,84,0.0,0.0,0.0,0.0,4.88,8.6
2000-01-05,11.4,13.5,9.5,9.5,11.7,89,2.5,2.5,0.0,7.0,4.96,8.5
2000-01-06,7.0,9.4,4.7,3.1,6.1,87,6.5,6.5,0.0,16.0,6.82,11.2
2000-01-07,4.3,6.7,2.7,-0.4,2.0,71,1.7,1.4,0.21,4.0,5.54,9.6
2000-01-08,6.0,8.8,2.5,2.5,5.9,94,22.5,22.3,0.14,22.0,5.41,9.3
2000-01-09,7.9,8.8,7.2,4.5,7.5,92,9.4,9.4,0.0,10.0,7.22,12.2
2000-01-10,8.1,9.4,7.0,4.7,5.6,88,4.6,4.6,0.0,17.0,6.43,10.3
2000-01-11,8.6,9.9,7.7,5.1,8.9,91,24.8,24.8,0.0,24.0,7.63,12.0
2000-01-12,6.6,9.3,4.8,1.9,6.8,92,1.7,1.7,0.0,12.0,8.06,13.2
2000-01-13,3.7,4.6,3.0,-1.1,0.0,75,0.0,0.0,0.0,0.0,6.53,10.3
2000-01-14,3.3,5.5,1.4,-1.2,1.6,69,0.0,0.0,0.0,0.0,5.15,8.4
2000-01-15,5.0,6.0,3.1,0.8,2.1,87,17.5,17.0,0.35,23.0,5.61,9.2
2000-01-16,5.0,5.7,3.7,0.4,1.2,84,3.7,3.7,0.0,14.0,6.53,10.4
2000-01-17,3.3,4.6,1.8,-1.4,0.0,69,0.0,0.0,0.0,0.0,5.77,9.4
2000-01-18,2.5,4.0,0.7,-2.1,-0.7,71,0.0,0.0,0.0,0.0,4.97,8.1
2000-01-19,2.1,3.5,-0.9,-3.2,-1.3,59,0.0,0.0,0.0,0.0,6.91,11.5
2000-01-20,0.6,3.7,-2.4,-3.8,-0.2,54,0.0,0.0,0.0,0.0,4.0,6.7
2000-01-21,3.0,6.0,-0.4,-2.0,0.7,71,0.7,0.7,0.0,2.0,6.8,10.4
2000-01-22,5.8,6.8,5.1,2.4,3.8,89,9.0,9.0,0.0,17.0,6.39,9.9
2000-01-23,4.2,5.1,3.7,0.7,2.1,92,20.6,20.6,0.0,23.0,4.44,7.4
2000-01-24,2.3,4.2,-0.2,-3.2,0.0,91,12.4,8.0,3.08,24.0,8.83,13.6
2000-01-25,-1.5,-0.2,-3.4,-7.8,-6.4,70,0.0,0.0,0.07,0.0,7.69,12.2
2000-01-26,-2.4,-0.6,-4.0,-8.7,-7.1,53,0.0,0.0,0.0,0.0,6.41,11.0
2000-01-27,-1.2,1.0,-3.4,-6.6,-4.2,59,0.0,0.0,0.0,0.0,5.4,9.3
2000-01-28,0.6,3.3,-1.9,-3.0,0.4,67,0.0,0.0,0.0,0.0,2.47,5.1
2000-01-29,3.1,4.8,1.1,-0.1,1.5,81,0.0,0.0,0.0,0.0,4.2,4.7
2000-01-30,1.2,3.2,-1.5,-4.3,-1.2,62,0.0,0.0,0.0,0.0,6.86,10.6
2000-01-31,-1.0,0.9,-2.4,-6.7,-4.5,57,0.0,0.0,0.0,0.0,6.1,10.3
2000-02-01,-1.1,0.8,-2.8,-5.7,-3.3,59,0.5,0.0,0.42,3.0,4.46,7.9
2000-02-02,0.3,3.3,-2.6,-3.4,0.2,73,0.0,0.0,0.14,0.0,2.44,4.8
2000-02-03,1.7,4.0,0.1,-2.1,0.6,76,0.0,0.0,0.07,0.0,3.7,6.4
2000-02-04,3.2,5.5,0.5,-0.7,1.7,76,3.5,3.3,0.14,8.0,3.94,6.6
2000-02-05,4.0,4.6,3.4,0.5,2.6,89,4.6,4.6,0.0,11.0,5.28,8.8
2000-02-06,3.0,5.1,1.4,-0.9,2.4,76,0.0,0.0,0.0,0.0,5.47,8.6
2000-02-07,3.5,7.3,0.9,-1.3,1.2,75,0.0,0.0,0.0,0.0,8.68,14.1
2000-02-08,1.8,5.4,-1.6,-3.3,0.2,64,0.0,0.0,0.0,0.0,5.92,9.8
2000-02-09,0.7,4.4,-2.8,-3.7,0.4,68,0.0,0.0,0.0,0.0,4.75,7.7
2000-02-10,4.7,8.0,2.4,1.3,5.6,78,0.0,0.0,0.0,0.0,4.47,6.7
2000-02-11,5.7,9.5,1.8,3.2,7.2,83,0.0,0.0,0.0,0.0,3.8,5.8
2000-02-12,6.3,10.9,2.6,3.3,8.2,83,0.0,0.0,0.0,0.0,4.08,6.9
2000-02-13,7.1,9.2,5.7,3.6,5.5,89,5.6,5.6,0.0,11.0,5.57,8.6
2000-02-14,6.5,8.3,3.8,2.9,4.1,82,0.0,0.0,0.0,0.0,5.41,9.5
2000-02-15,4.0,6.6,1.2,0.6,3.3,71,0.0,0.0,0.0,0.0,3.61,6.8
2000-02-16,3.8,6.6,0.9,-0.1,2.7,67,0.0,0.0,0.0,0.0,4.46,7.0
2000-02-17,5.3,9.2,2.0,0.9,5.4,69,0.0,0.0,0.0,0.0,6.55,9.8
2000-02-18,7.2,8.0,6.0,2.3,4.3,87,30.2,30.2,0.0,19.0,8.54,13.6
2000-02-19,7.1,8.0,5.4,3.9,6.2,92,4.8,4.8,0.0,16.0,6.3,9.9
2000-02-20,4.6,6.0,2.1,0.3,1.7,80,0.0,0.0,0.0,0.0,5.61,8.5
2000-02-21,3.7,6.9,0.9,-0.4,3.2,70,0.0,0.0,0.0,0.0,5.05,8.6
2000-02-22,4.8,7.1,2.8,0.8,3.0,78,0.8,0.8,0.0,3.0,4.9,8.8
2000-02-23,6.2,9.5,4.4,2.4,6.0,76,1.0,1.0,0.0,6.0,5.1,7.8
2000-02-24,5.6,8.4,3.9,1.0,3.2,70,0.0,0.0,0.0,0.0,7.02,11.6
2000-02-25,4.7,6.4,2.6,0.8,4.2,63,0.0,0.0,0.0,0.0,4.05,7.4
2000-02-26,7.1,9.7,4.7,2.7,5.9,59,0.0,0.0,0.0,0.0,6.85,10.8
2000-02-27,7.1,10.5,3.7,4.3,8.8,67,0.0,0.0,0.0,0.0,3.83,6.4
2000-02-28,7.4,10.5,3.4,3.6,7.3,74,0.0,0.0,0.0,0.0,8.09,13.2
2000-02-29,4.5,8.1,1.7,0.8,5.3,67,0.0,0.0,0.0,0.0,4.4,7.8
2000-03-01,6.0,10.4,2.1,2.2,7.2,72,0.0,0.0,0.0,0.0,4.76,7.8
2000-03-02,8.5,12.5,4.8,5.3,9.5,79,0.0,0.0,0.0,0.0,5.2,8.0
2000-03-03,10.4,12.0,8.4,8.8,11.1,87,1.0,1.0,0.0,5.0,4.67,7.3
2000-03-04,10.7,11.6,9.8,9.3,10.7,89,17.9,17.9,0.0,15.0,3.06,4.6
2000-03-05,8.6,10.5,7.5,6.6,9.3,88,1.0,1.0,0.0,4.0,3.96,6.6
2000-03-06,9.6,13.7,6.6,7.7,13.3,86,0.0,0.0,0.0,0.0,7.38,11.7
2000-03-07,7.3,9.8,5.0,3.1,7.5,67,0.0,0.0,0.0,0.0,6.82,10.9
2000-03-08,7.9,11.7,4.5,5.2,10.0,67,0.0,0.0,0.0,0.0,4.88,7.6
2000-03-09,8.6,11.2,6.7,4.2,6.6,66,0.0,0.0,0.0,0.0,5.88,9.8
2000-03-10,7.0,8.1,6.3,2.5,3.9,84,23.7,23.7,0.0,16.0,8.03,12.3
2000-03-11,8.0,8.7,7.4,5.4,6.7,92,15.1,15.1,0.0,22.0,4.81,8.6
2000-03-12,8.5,10.9,6.5,6.0,9.2,81,0.0,0.0,0.0,0.0,4.28,6.2
2000-03-13,9.1,11.6,6.1,5.8,8.3,80,0.0,0.0,0.0,0.0,5.22,8.6
2000-03-14,10.2,11.3,8.9,7.2,8.3,82,0.0,0.0,0.0,0.0,5.49,7.9
2000-03-15,10.7,11.4,9.8,8.1,10.2,92,13.3,13.3,0.0,22.0,6.67,10.3
2000-03-16,10.5,13.3,8.1,7.7,11.5,75,0.0,0.0,0.0,0.0,7.55,11.3
2000-03-17,11.0,15.5,7.1,7.0,12.4,61,0.0,0.0,0.0,0.0,6.44,9.8
2000-03-18,11.1,13.0,9.1,8.3,11.3,80,3.4,3.4,0.0,7.0,6.66,10.0
2000-03-19,9.7,13.4,4.7,6.1,10.0,73,0.0,0.0,0.0,0.0,6.69,11.3
2000-03-20,8.5,13.3,4.1,4.9,10.4,71,0.0,0.0,0.0,0.0,5.95,9.7
2000-03-21,11.7,13.7,9.9,9.6,12.2,82,0.3,0.3,0.0,2.0,5.74,9.1
2000-03-22,11.6,13.9,9.8,9.3,12.3,87,2.0,2.0,0.0,4.0,5.55,8.9
2000-03-23,12.0,13.8,10.8,9.1,10.5,80,5.0,5.0,0.0,8.0,6.42,10.7
2000-03-24,11.7,15.0,8.5,8.9,13.5,57,0.0,0.0,0.0,0.0,5.47,8.7
2000-03-25,11.9,16.2,7.6,9.4,15.7,64,0.0,0.0,0.0,0.0,4.96,8.2
2000-03-26,14.8,18.7,11.7,12.8,17.5,63,0.0,0.0,0.0,0.0,4.32,7.2
2000-03-27,17.5,22.2,12.6,14.3,18.3,56,0.8,0.8,0.0,1.0,8.27,13.4
2000-03-28,15.8,18.6,14.1,10.5,15.4,41,0.0,0.0,0.0,0.0,10.4,17.3
2000-03-29,12.9,15.8,9.2,9.8,13.9,43,0.0,0.0,0.0,0.0,5.8,10.1
2000-03-30,15.4,19.8,10.2,12.4,17.6,61,0.0,0.0,0.0,0.0,5.98,9.6
2000-03-31,18.5,23.1,13.9,16.6,22.6,66,0.2,0.2,0.0,2.0,7.87,12.8
2000-04-01,14.4,17.1,13.1,10.4,12.8,60,0.2,0.2,0.0,1.0,7.11,12.1
2000-04-02,13.4,14.3,12.7,11.8,13.4,90,3.7,3.7,0.0,14.0,5.03,8.1
2000-04-03,13.5,14.4,12.8,11.8,12.9,90,4.5,4.5,0.0,20.0,5.92,9.7
2000-04-04,13.0,14.2,12.5,11.7,13.2,88,9.2,9.2,0.0,15.0,3.98,6.7
2000-04-05,12.6,15.5,8.6,9.6,12.1,68,0.0,0.0,0.0,0.0,6.24,10.0
2000-04-06,11.4,15.7,6.7,8.2,13.7,63,0.0,0.0,0.0,0.0,5.45,8.6
2000-04-07,15.5,20.4,11.2,14.8,21.4,74,0.0,0.0,0.0,0.0,4.47,7.6
2000-04-08,14.8,18.7,12.5,12.0,16.5,74,0.0,0.0,0.0,0.0,7.38,11.5
2000-04-09,16.2,19.3,13.0,15.3,20.5,82,3.5,3.5,0.0,5.0,7.12,10.6
2000-04-10,12.0,17.7,9.0,7.7,17.5,53,0.0,0.0,0.0,0.0,10.83,18.1
2000-04-11,12.8,17.7,8.1,9.6,14.5,56,0.0,0.0,0.0,0.0,5.02,9.6
2000-04-12,16.8,20.7,12.6,16.1,20.8,70,0.9,0.9,0.0,4.0,3.83,7.3
2000-04-13,19.3,24.8,13.7,18.9,25.1,71,0.0,0.0,0.0,0.0,5.51,9.2
2000-04-14,14.1,17.6,10.8,11.1,15.7,87,48.5,48.5,0.0,19.0,9.92,16.3
2000-04-15,13.3,16.2,10.3,10.0,13.1,61,0.7,0.7,0.0,3.0,6.21,10.4
2000-04-16,14.9,18.0,11.1,13.2,16.9,63,0.0,0.0,0.0,0.0,3.92,7.4
2000-04-17,16.7,21.8,12.0,15.1,22.3,67,0.0,0.0,0.0,0.0,5.92,9.2
2000-04-18,18.9,22.6,14.8,17.6,22.7,71,1.9,1.9,0.0,5.0,6.45,10.0
2000-04-19,19.1,21.7,16.2,19.6,23.4,80,0.1,0.1,0.0,1.0,4.82,7.7
2000-04-20,16.4,19.0,14.3,15.0,17.6,80,0.2,0.2,0.0,1.0,6.49,10.5
2000-04-21,20.1,23.5,16.2,19.7,23.7,71,0.0,0.0,0.0,0.0,6.0,10.4
2000-04-22,20.1,22.7,15.2,19.6,24.1,66,0.0,0.0,0.0,0.0,4.79,8.6
2000-04-23,18.1,22.5,13.5,16.6,22.1,59,0.0,0.0,0.0,0.0,4.44,7.8
2000-04-24,19.5,23.8,15.6,17.4,22.9,60,0.0,0.0,0.0,0.0,7.27,11.8
2000-04-25,19.9,21.6,17.6,20.4,23.3,82,7.1,7.1,0.0,9.0,6.89,11.3
2000-04-26,20.3,21.7,16.0,19.1,22.7,61,0.0,0.0,0.0,0.0,6.3,9.5
2000-04-27,18.9,22.5,15.2,17.9,21.7,56,0.0,0.0,0.0,0.0,3.81,6.4
2000-04-28,19.7,24.0,15.6,18.1,23.1,61,0.0,0.0,0.0,0.0,5.82,10.3
2000-04-29,18.2,19.7,17.0,16.6,18.5,75,3.7,3.7,0.0,9.0,6.38,10.7
2000-04-30,19.9,23.5,17.5,19.8,23.4,70,2.3,2.3,0.0,5.0,5.5,8.3
2000-05-01,19.3,23.4,15.4,19.0,22.2,72,0.0,0.0,0.0,0.0,3.93,6.4
2000-05-02,19.6,23.3,15.3,19.3,24.2,68,0.0,0.0,0.0,0.0,4.93,7.6
2000-05-03,19.2,25.0,14.4,18.5,25.7,71,0.0,0.0,0.0,0.0,5.76,8.8
2000-05-04,22.5,28.5,17.1,23.0,30.4,69,0.0,0.0,0.0,0.0,5.39,8.2
2000-05-05,23.0,28.4,19.0,23.1,29.7,66,0.0,0.0,0.0,0.0,4.85,8.2
2000-05-06,17.8,20.3,14.0,16.3,20.4,81,1.1,1.1,0.0,3.0,7.87,12.9
2000-05-07,17.6,21.8,14.0,17.0,21.9,77,0.0,0.0,0.0,0.0,5.04,7.7
2000-05-08,20.1,24.4,16.5,19.2,24.6,76,0.0,0.0,0.0,0.0,7.78,11.8
2000-05-09,21.2,24.1,19.0,21.0,24.3,82,18.6,18.6,0.0,11.0,7.57,12.5
2000-05-10,21.1,23.8,18.6,21.6,25.1,74,0.0,0.0,0.0,0.0,5.48,8.3
2000-05-11,21.5,24.8,18.1,22.0,25.5,67,0.0,0.0,0.0,0.0,5.17,7.5
2000-05-12,22.9,27.3,19.0,23.2,28.4,68,0.0,0.0,0.0,0.0,5.35,10.4
2000-05-13,20.6,24.0,17.3,20.4,23.9,70,0.0,0.0,0.0,0.0,5.79,9.3
2000-05-14,21.0,25.8,16.3,20.6,26.0,74,0.0,0.0,0.0,0.0,7.42,11.6
2000-05-15,24.0,27.4,21.3,26.8,30.8,78,0.2,0.2,0.0,1.0,5.12,8.0
2000-05-16,20.2,22.1,17.9,20.6,23.1,83,4.1,4.1,0.0,8.0,5.16,10.3
2000-05-17,19.2,23.5,15.9,19.5,24.4,74,0.0,0.0,0.0,0.0,5.11,8.3
2000-05-18,19.9,22.0,17.3,18.8,20.7,72,0.0,0.0,0.0,0.0,6.72,10.7
2000-05-19,23.6,27.6,19.6,24.5,29.3,65,0.0,0.0,0.0,0.0,4.76,9.2
2000-05-20,24.1,28.8,19.4,25.2,30.2,65,0.0,0.0,0.0,0.0,6.12,9.0
2000-05-21,25.2,31.7,19.5,25.8,33.3,63,0.0,0.0,0.0,0.0,6.17,9.2
2000-05-22,26.0,31.5,21.1,26.3,31.6,60,0.0,0.0,0.0,0.0,6.31,10.0
2000-05-23,26.7,31.5,22.8,26.4,32.2,55,0.0,0.0,0.0,0.0,7.18,11.0
2000-05-24,25.0,28.7,22.0,24.9,28.8,70,0.0,0.0,0.0,0.0,7.47,11.6
2000-05-25,22.3,23.2,21.7,22.4,23.8,90,40.9,40.9,0.0,19.0,9.57,15.6
2000-05-26,24.1,25.9,22.5,26.0,28.8,86,29.9,29.9,0.0,13.0,8.21,15.1
2000-05-27,22.1,23.8,20.4,22.2,24.7,74,0.0,0.0,0.0,0.0,6.76,11.2
2000-05-28,23.1,26.3,20.7,24.4,27.8,71,0.0,0.0,0.0,0.0,5.22,8.3
2000-05-29,20.7,23.3,19.3,19.7,22.2,72,0.0,0.0,0.0,0.0,7.48,11.9
2000-05-30,20.9,22.2,19.3,22.9,26.2,90,30.0,30.0,0.0,22.0,6.77,10.2
2000-05-31,22.4,25.0,20.3,24.8,27.9,84,34.6,34.6,0.0,8.0,4.37,6.3
2000-06-01,24.7,29.6,20.6,27.7,33.7,85,0.0,0.0,0.0,0.0,5.64,9.5
2000-06-02,25.3,27.9,23.6,29.9,32.9,93,12.1,12.1,0.0,17.0,4.88,8.5
2000-06-03,27.2,31.4,23.4,32.1,36.7,86,2.7,2.7,0.0,6.0,4.66,11.7
2000-06-04,21.8,23.1,20.1,22.5,26.7,85,11.1,11.1,0.0,12.0,7.69,14.4
2000-06-05,22.5,26.3,19.0,24.3,28.2,77,0.0,0.0,0.0,0.0,3.78,6.0
2000-06-06,23.1,27.4,19.5,24.1,28.8,71,0.0,0.0,0.0,0.0,5.16,8.0
2000-06-07,25.3,29.8,21.0,27.9,33.0,78,10.7,10.7,0.0,6.0,5.94,9.2
2000-06-08,25.3,26.5,23.7,28.5,30.8,86,19.5,19.5,0.0,18.0,5.66,9.5
2000-06-09,23.9,26.5,21.3,26.1,30.5,78,0.0,0.0,0.0,0.0,6.43,10.7
2000-06-10,20.9,22.2,19.7,21.7,23.2,80,2.0,2.0,0.0,5.0,5.6,9.6
2000-06-11,21.4,24.4,18.2,22.6,26.5,74,0.0,0.0,0.0,0.0,3.96,5.6
2000-06-12,21.6,24.5,19.1,21.9,25.2,71,0.0,0.0,0.0,0.0,4.39,7.6
2000-06-13,22.5,26.6,18.2,23.9,28.5,67,0.0,0.0,0.0,0.0,3.14,5.0
2000-06-14,25.5,29.4,21.6,27.2,32.5,61,0.0,0.0,0.0,0.0,4.78,7.0
2000-06-15,24.1,27.1,21.8,23.7,26.4,65,0.0,0.0,0.0,0.0,6.93,11.3
2000-06-16,22.8,25.1,20.3,23.4,26.3,76,0.0,0.0,0.0,0.0,6.44,10.4
2000-06-17,23.3,26.4,19.8,24.7,27.5,74,0.0,0.0,0.0,0.0,4.14,6.3
2000-06-18,24.6,28.1,21.4,27.2,31.8,70,0.0,0.0,0.0,0.0,4.61,7.3
2000-06-19,24.3,27.1,21.7,26.2,28.8,82,0.7,0.7,0.0,4.0,6.27,9.6
2000-06-20,25.0,27.6,23.4,28.9,31.5,89,12.9,12.9,0.0,11.0,4.99,10.2
2000-06-21,25.4,26.8,23.7,29.7,32.0,91,33.4,33.4,0.0,15.0,6.18,11.8
2000-06-22,24.9,25.9,23.7,28.8,29.9,91,23.3,23.3,0.0,19.0,5.08,14.4
2000-06-23,25.2,27.3,23.7,28.7,30.7,87,18.6,18.6,0.0,20.0,4.79,10.8
2000-06-24,27.0,29.9,24.5,32.1,36.5,85,15.7,15.7,0.0,9.0,4.61,8.8
2000-06-25,29.6,32.4,26.4,35.7,38.8,82,0.0,0.0,0.0,0.0,3.61,7.1
2000-06-26,31.2,33.9,27.8,36.6,39.7,72,0.0,0.0,0.0,0.0,4.38,9.8
2000-06-27,31.0,33.8,28.0,36.2,39.1,72,1.0,1.0,0.0,2.0,4.66,10.6
2000-06-28,29.0,32.6,26.4,34.9,38.7,83,1.1,1.1,0.0,4.0,4.36,7.8
2000-06-29,30.4,33.5,28.1,35.8,39.2,77,1.2,1.2,0.0,3.0,5.59,11.0
2000-06-30,28.3,30.4,26.8,34.2,36.9,86,7.4,7.4,0.0,12.0,3.61,9.8
2000-07-01,28.4,31.8,26.5,34.2,37.8,84,8.6,8.6,0.0,5.0,4.57,8.5
2000-07-02,27.6,29.7,26.5,32.0,34.7,84,1.2,1.2,0.0,3.0,5.81,8.0
2000-07-03,27.4,30.0,25.8,30.8,32.8,84,0.1,0.1,0.0,1.0,6.7,10.5
2000-07-04,27.6,30.1,25.9,30.6,33.0,82,1.2,1.2,0.0,8.0,7.74,12.3
2000-07-05,27.8,30.9,25.6,30.4,33.5,80,0.3,0.3,0.0,2.0,7.41,11.8
2000-07-06,27.2,30.7,24.8,30.4,34.3,77,0.0,0.0,0.0,0.0,5.36,8.7
2000-07-07,27.2,30.5,24.1,31.0,34.8,76,0.0,0.0,0.0,0.0,4.3,6.8
2000-07-08,26.9,30.5,24.3,30.6,34.9,76,0.0,0.0,0.0,0.0,5.42,8.3
2000-07-09,26.5,28.9,24.3,29.1,30.8,78,2.5,2.5,0.0,3.0,5.68,11.8
2000-07-10,24.7,25.7,23.5,26.8,28.5,92,42.9,42.9,0.0,18.0,8.55,13.9
2000-07-11,26.8,31.0,22.1,31.3,36.2,77,0.0,0.0,0.0,0.0,3.52,6.2
2000-07-12,29.2,32.5,27.2,35.4,38.9,82,4.0,4.0,0.0,3.0,2.94,7.4
2000-07-13,30.2,33.7,27.2,36.4,39.9,80,0.0,0.0,0.0,0.0,3.8,7.2
2000-07-14,31.5,34.9,28.8,37.6,41.1,73,0.0,0.0,0.0,0.0,4.57,8.4
2000-07-15,30.5,33.3,28.1,34.5,38.4,73,0.0,0.0,0.0,0.0,7.27,11.9
2000-07-16,29.7,33.0,27.2,32.7,36.8,76,0.0,0.0,0.0,0.0,8.98,13.9
2000-07-17,29.5,31.7,26.8,33.4,36.6,78,0.2,0.2,0.0,2.0,7.77,12.1
2000-07-18,30.2,32.2,27.8,34.6,37.8,75,1.3,1.3,0.0,5.0,5.71,9.3
2000-07-19,30.4,34.0,28.2,34.6,37.9,73,1.2,1.2,0.0,5.0,6.32,10.4
2000-07-20,31.0,33.7,27.8,35.7,39.2,72,0.0,0.0,0.0,0.0,6.2,10.4
2000-07-21,31.9,34.9,28.4,37.5,41.5,69,0.0,0.0,0.0,0.0,4.64,7.9
2000-07-22,32.6,35.5,29.7,38.3,41.3,66,0.0,0.0,0.0,0.0,3.98,7.6
2000-07-23,32.5,35.1,29.9,38.1,40.3,66,0.3,0.3,0.0,2.0,4.14,8.1
2000-07-24,31.4,33.5,28.6,37.7,40.5,72,9.9,9.9,0.0,4.0,3.66,6.5
2000-07-25,29.0,30.7,27.6,35.5,38.3,84,19.5,19.5,0.0,15.0,3.33,5.6
2000-07-26,28.6,31.4,26.7,33.6,36.8,81,1.3,1.3,0.0,6.0,5.24,8.8
2000-07-27,28.6,31.6,26.5,33.4,37.8,80,0.0,0.0,0.0,0.0,5.16,8.3
2000-07-28,29.0,32.7,26.3,33.8,38.2,79,0.0,0.0,0.0,0.0,5.52,8.7
2000-07-29,28.2,30.1,26.5,33.8,36.1,84,10.8,10.8,0.0,11.0,4.03,6.6
2000-07-30,29.0,31.5,27.2,32.8,35.4,75,0.8,0.8,0.0,2.0,6.78,10.7
2000-07-31,29.1,31.3,26.9,32.9,34.5,67,0.0,0.0,0.0,0.0,4.44,7.6
2000-08-01,29.3,32.2,26.9,33.4,36.9,68,0.0,0.0,0.0,0.0,4.95,6.8
2000-08-02,28.4,31.2,26.3,32.5,35.7,79,0.3,0.3,0.0,1.0,5.64,9.0
2000-08-03,27.9,30.7,25.9,31.4,34.2,77,0.0,0.0,0.0,0.0,5.24,8.4
2000-08-04,28.0,30.5,25.8,31.9,34.8,78,0.1,0.1,0.0,1.0,4.9,7.8
2000-08-05,28.0,31.1,25.7,32.5,36.2,82,4.2,4.2,0.0,9.0,6.23,10.1
2000-08-06,29.1,32.0,26.7,33.0,35.8,78,0.0,0.0,0.0,0.0,6.06,10.1
2000-08-07,29.3,32.8,26.7,33.6,37.9,77,0.3,0.3,0.0,1.0,6.08,9.3
2000-08-08,29.1,32.4,26.7,33.2,36.8,77,0.0,0.0,0.0,0.0,5.73,9.1
2000-08-09,28.9,32.1,26.3,33.5,37.4,78,0.0,0.0,0.0,0.0,5.3,9.0
2000-08-10,28.6,31.5,26.8,32.5,36.1,80,0.1,0.1,0.0,1.0,8.6,13.4
2000-08-11,27.7,28.7,26.9,30.3,32.0,85,3.9,3.9,0.0,15.0,9.54,16.4
2000-08-12,28.4,31.4,26.7,32.2,36.8,84,1.5,1.5,0.0,3.0,7.0,10.9
2000-08-13,29.0,32.4,26.5,33.5,37.8,81,0.7,0.7,0.0,2.0,6.62,9.6
2000-08-14,28.5,31.9,26.2,32.1,37.1,77,0.3,0.3,0.0,1.0,6.3,10.2
2000-08-15,28.6,32.0,25.9,34.5,39.2,82,1.1,1.1,0.0,2.0,4.53,6.5
2000-08-16,29.0,32.1,27.5,35.3,38.6,80,2.2,2.2,0.0,5.0,3.24,5.8
2000-08-17,28.2,30.4,26.2,34.5,36.8,84,15.1,15.1,0.0,11.0,3.07,6.5
2000-08-18,28.4,31.3,27.0,34.8,37.9,83,5.3,5.3,0.0,11.0,2.21,4.9
2000-08-19,27.4,29.0,26.2,33.7,35.3,87,18.5,18.5,0.0,17.0,1.86,5.9
2000-08-20,27.0,30.2,24.9,31.2,34.2,82,22.5,22.5,0.0,17.0,3.97,8.0
2000-08-21,27.1,29.8,24.3,31.1,34.8,73,0.0,0.0,0.0,0.0,4.66,7.4
2000-08-22,27.5,30.5,25.1,30.8,33.6,80,0.0,0.0,0.0,0.0,6.67,10.3
2000-08-23,28.4,30.4,27.0,32.1,35.4,85,3.5,3.5,0.0,9.0,8.15,13.2
2000-08-24,26.9,27.5,26.5,29.9,30.5,90,19.2,19.2,0.0,19.0,7.85,13.9
2000-08-25,26.3,27.0,25.9,29.8,30.9,90,27.6,27.6,0.0,23.0,7.5,13.4
2000-08-26,26.7,28.3,25.4,32.0,34.3,88,3.8,3.8,0.0,9.0,4.18,7.4
2000-08-27,26.7,27.9,25.3,31.6,33.7,88,12.4,12.4,0.0,16.0,4.55,7.6
2000-08-28,27.8,30.4,25.8,31.8,35.2,83,0.2,0.2,0.0,2.0,5.5,9.3
2000-08-29,27.4,29.9,26.1,30.9,34.3,86,9.0,9.0,0.0,13.0,7.6,13.6
2000-08-30,26.9,28.0,26.3,29.6,31.3,88,15.8,15.8,0.0,20.0,9.64,14.5
2000-08-31,27.4,29.0,26.2,30.3,33.4,83,0.5,0.5,0.0,3.0,10.19,15.9
2000-09-01,27.9,30.2,26.1,33.4,36.3,83,1.5,1.5,0.0,1.0,4.22,5.9
2000-09-02,29.5,32.6,27.1,34.8,38.3,82,0.0,0.0,0.0,0.0,5.52,8.6
2000-09-03,29.6,32.7,27.4,35.1,39.1,81,0.0,0.0,0.0,0.0,5.38,8.6
2000-09-04,28.3,31.2,26.1,33.7,37.3,86,4.1,4.1,0.0,6.0,4.66,7.5
2000-09-05,26.5,29.1,24.7,29.7,32.7,80,0.8,0.8,0.0,6.0,4.7,7.7
2000-09-06,24.5,26.2,23.3,26.1,28.0,80,2.1,2.1,0.0,12.0,7.34,11.5
2000-09-07,22.7,24.0,21.4,22.5,23.8,70,0.0,0.0,0.0,0.0,6.08,9.8
2000-09-08,21.8,23.2,20.9,21.9,23.4,73,0.0,0.0,0.0,0.0,5.23,8.7
2000-09-09,22.9,25.6,20.4,22.9,25.0,72,0.0,0.0,0.0,0.0,5.87,10.0
2000-09-10,23.0,25.5,20.9,23.9,26.5,78,0.1,0.1,0.0,1.0,5.39,8.6
2000-09-11,23.6,26.0,21.5,24.7,27.9,78,0.6,0.6,0.0,4.0,6.04,9.8
2000-09-12,23.5,25.8,22.1,24.0,26.2,76,0.5,0.5,0.0,4.0,7.2,11.6
2000-09-13,22.6,24.7,21.4,20.7,21.9,74,0.0,0.0,0.0,0.0,11.14,17.1
2000-09-14,21.2,21.8,20.1,19.2,20.1,83,27.3,27.3,0.0,20.0,10.11,17.4
2000-09-15,21.4,23.0,20.2,20.7,22.6,82,9.8,9.8,0.0,13.0,8.45,14.5
2000-09-16,22.4,25.9,19.6,22.8,27.0,71,0.0,0.0,0.0,0.0,6.13,9.5
2000-09-17,23.8,27.7,20.6,25.3,30.1,68,0.0,0.0,0.0,0.0,3.58,5.2
2000-09-18,24.4,29.0,20.8,25.6,31.7,65,0.0,0.0,0.0,0.0,4.19,6.7
2000-09-19,24.3,28.9,20.9,24.9,30.5,66,0.0,0.0,0.0,0.0,6.47,9.9
2000-09-20,23.6,26.8,21.4,25.1,27.9,80,0.0,0.0,0.0,0.0,5.47,8.5
2000-09-21,22.1,24.6,20.7,24.0,25.8,81,0.0,0.0,0.0,0.0,3.53,5.9
2000-09-22,23.0,26.5,20.5,25.9,30.2,81,0.0,0.0,0.0,0.0,2.84,4.5
2000-09-23,24.0,28.1,21.1,27.1,31.7,82,0.0,0.0,0.0,0.0,4.68,7.3
2000-09-24,24.7,28.3,22.0,27.2,31.2,83,0.0,0.0,0.0,0.0,5.8,9.0
2000-09-25,24.6,27.5,23.2,26.7,30.8,84,1.6,1.6,0.0,9.0,6.74,10.3
2000-09-26,23.4,25.2,22.2,24.3,26.2,84,1.0,1.0,0.0,5.0,7.5,12.3
2000-09-27,23.5,24.7,22.6,25.5,26.8,87,7.3,7.3,0.0,12.0,5.47,8.8
2000-09-28,23.3,24.4,22.4,25.5,26.6,87,7.9,7.9,0.0,9.0,4.63,8.3
2000-09-29,21.9,23.3,20.7,24.3,25.9,89,6.5,6.5,0.0,21.0,3.69,7.0
2000-09-30,22.8,24.6,21.8,25.4,27.1,83,0.6,0.6,0.0,3.0,2.97,5.8
2000-10-01,23.5,25.2,21.4,27.1,29.2,87,2.2,2.2,0.0,5.0,2.77,6.2
2000-10-02,22.2,23.8,20.4,24.5,27.5,92,32.7,32.7,0.0,21.0,4.92,10.9
2000-10-03,21.0,24.0,18.9,21.4,23.8,79,0.0,0.0,0.0,0.0,5.61,9.6
2000-10-04,20.8,24.6,17.7,21.6,25.9,77,0.0,0.0,0.0,0.0,4.03,6.7
2000-10-05,21.4,24.6,19.1,22.4,25.2,80,0.0,0.0,0.0,0.0,4.56,6.9
2000-10-06,21.8,24.6,19.5,23.4,25.7,82,0.0,0.0,0.0,0.0,4.27,7.4
2000-10-07,22.1,24.7,20.0,24.1,26.6,85,0.2,0.2,0.0,2.0,3.83,7.4
2000-10-08,22.9,26.0,20.7,25.5,28.7,81,0.6,0.6,0.0,2.0,3.67,5.6
2000-10-09,23.0,27.0,19.9,24.1,28.4,74,0.0,0.0,0.0,0.0,5.12,8.2
2000-10-10,23.2,26.8,20.4,24.3,28.0,79,0.0,0.0,0.0,0.0,5.56,9.7
2000-10-11,23.5,26.8,21.2,25.8,31.0,83,0.9,0.9,0.0,4.0,7.12,12.3
2000-10-12,17.7,21.4,15.9,14.7,21.2,79,6.1,6.1,0.0,17.0,10.74,17.0
2000-10-13,15.7,17.1,14.3,12.8,14.5,66,0.0,0.0,0.0,0.0,6.32,9.8
2000-10-14,16.1,18.1,14.6,14.1,16.0,67,0.0,0.0,0.0,0.0,4.4,7.5
2000-10-15,17.3,20.2,15.4,15.8,19.0,68,0.0,0.0,0.0,0.0,4.66,8.1
2000-10-16,17.3,19.9,15.5,16.1,18.1,72,0.8,0.8,0.0,4.0,4.9,8.2
2000-10-17,15.9,16.5,15.3,14.9,15.9,80,3.1,3.1,0.0,9.0,3.84,6.4
2000-10-18,17.4,19.6,15.0,16.6,18.4,78,0.0,0.0,0.0,0.0,4.68,8.2
2000-10-19,19.3,22.4,16.6,20.2,23.6,83,6.3,6.3,0.0,8.0,3.84,6.5
2000-10-20,19.3,20.3,18.6,21.6,22.7,93,7.5,7.5,0.0,9.0,2.81,4.7
2000-10-21,19.9,21.4,18.7,20.4,22.1,88,0.3,0.3,0.0,2.0,5.46,8.5
2000-10-22,19.6,20.0,19.2,20.0,21.9,92,10.2,10.2,0.0,21.0,6.33,9.2
2000-10-23,20.5,22.3,18.6,23.1,25.3,93,0.0,0.0,0.0,0.0,2.79,4.3
2000-10-24,21.6,23.9,19.4,24.7,26.7,91,0.1,0.1,0.0,1.0,2.91,4.5
2000-10-25,19.8,22.2,17.7,19.5,25.1,85,1.9,1.9,0.0,13.0,6.95,11.3
2000-10-26,17.1,18.5,16.2,14.5,15.8,69,0.0,0.0,0.0,0.0,6.6,10.8
2000-10-27,17.1,19.4,15.6,15.3,17.5,70,0.0,0.0,0.0,0.0,5.39,9.3
2000-10-28,17.1,19.9,14.8,16.2,20.5,79,1.7,1.7,0.0,4.0,6.44,9.4
2000-10-29,14.2,15.2,12.9,11.2,12.5,80,3.2,3.2,0.0,7.0,7.86,11.6
2000-10-30,13.9,16.3,11.1,12.1,15.8,79,0.0,0.0,0.0,0.0,6.56,10.1
2000-10-31,16.1,17.7,14.9,14.4,16.4,78,2.2,2.2,0.0,3.0,5.34,8.4
2000-11-01,14.4,15.9,13.2,11.4,12.8,79,1.8,1.8,0.0,4.0,7.96,13.0
2000-11-02,13.5,16.2,11.0,11.2,14.2,67,0.0,0.0,0.0,0.0,5.91,9.5
2000-11-03,14.0,17.7,11.0,13.1,17.1,76,0.0,0.0,0.0,0.0,2.82,4.7
2000-11-04,14.7,18.0,11.5,14.4,18.0,79,0.0,0.0,0.0,0.0,2.51,4.5
2000-11-05,15.1,19.9,11.5,14.6,19.4,86,0.0,0.0,0.0,0.0,4.52,6.6
2000-11-06,17.3,21.4,14.6,17.0,21.4,85,0.0,0.0,0.0,0.0,4.5,7.1
2000-11-07,17.5,20.6,15.4,16.6,20.2,86,0.1,0.1,0.0,1.0,7.96,12.5
2000-11-08,13.4,15.8,12.1,10.1,12.2,79,18.1,18.1,0.0,19.0,7.73,13.1
2000-11-09,14.5,16.8,12.1,12.6,15.3,78,0.0,0.0,0.0,0.0,4.92,8.5
2000-11-10,12.5,14.7,9.9,9.7,13.1,85,0.8,0.8,0.0,4.0,8.05,12.9
2000-11-11,8.4,9.9,7.0,4.3,5.6,82,7.7,7.7,0.0,18.0,6.79,10.4
2000-11-12,6.3,7.8,5.1,2.4,4.3,79,5.5,5.5,0.0,10.0,5.91,9.5
2000-11-13,8.1,10.7,4.9,6.0,9.9,77,2.7,2.7,0.0,9.0,2.72,4.4
2000-11-14,12.8,14.8,10.4,12.6,15.9,97,17.9,17.9,0.0,24.0,4.33,10.4
2000-11-15,12.7,13.6,11.5,11.1,12.0,96,25.4,25.4,0.0,24.0,5.16,9.2
2000-11-16,11.7,13.0,9.3,9.4,12.0,91,11.7,11.7,0.0,19.0,6.22,9.6
2000-11-17,8.2,9.2,7.2,4.4,5.9,76,0.0,0.0,0.0,0.0,6.13,9.8
2000-11-18,9.8,12.6,6.5,6.7,9.4,76,0.0,0.0,0.0,0.0,4.6,7.7
2000-11-19,12.6,14.6,9.6,10.0,13.8,86,20.9,20.9,0.0,13.0,8.6,12.8
2000-11-20,8.4,9.9,6.7,2.9,4.0,70,2.0,2.0,0.0,7.0,9.69,15.2
2000-11-21,7.4,10.2,5.4,3.5,5.9,62,0.0,0.0,0.0,0.0,4.34,8.3
2000-11-22,9.1,12.9,5.9,6.3,10.4,73,0.0,0.0,0.0,0.0,3.47,5.7
2000-11-23,10.2,14.3,7.1,7.7,12.1,81,0.0,0.0,0.0,0.0,4.47,6.4
2000-11-24,12.2,15.8,9.2,10.3,14.5,85,0.0,0.0,0.0,0.0,4.39,6.7
2000-11-25,14.1,17.1,11.7,13.9,17.5,88,0.8,0.8,0.0,3.0,2.55,4.1
2000-11-26,12.4,13.1,11.6,10.8,12.9,94,2.4,2.4,0.0,10.0,5.52,9.3
2000-11-27,10.9,11.9,10.1,7.9,8.9,71,0.0,0.0,0.0,0.0,4.75,7.7
2000-11-28,10.6,13.2,8.2,7.9,10.9,73,0.0,0.0,0.0,0.0,4.11,6.6
2000-11-29,11.1,12.3,9.6,8.1,9.4,80,8.3,8.3,0.0,16.0,5.8,9.0
2000-11-30,11.0,11.3,10.7,7.9,8.7,92,27.8,27.8,0.0,24.0,6.61,10.8
2000-12-01,11.4,13.3,10.1,9.0,11.0,82,0.2,0.2,0.0,1.0,4.69,7.6
2000-12-02,10.8,11.5,9.5,8.8,10.1,85,0.2,0.2,0.0,2.0,3.97,5.3
2000-12-03,9.9,11.2,8.2,6.9,8.2,82,0.0,0.0,0.0,0.0,5.16,8.7
2000-12-04,8.9,11.3,7.1,6.9,8.9,80,0.0,0.0,0.0,0.0,3.05,5.6
2000-12-05,9.2,12.5,5.7,7.0,10.2,83,0.0,0.0,0.0,0.0,3.4,6.9
2000-12-06,10.4,13.9,7.6,7.7,11.1,78,0.0,0.0,0.0,0.0,4.9,7.8
2000-12-07,11.7,14.0,9.8,9.5,12.4,77,0.0,0.0,0.0,0.0,3.69,5.7
2000-12-08,11.5,15.4,7.8,9.4,13.4,82,0.0,0.0,0.0,0.0,5.17,7.0
2000-12-09,13.5,17.1,11.5,12.2,16.7,85,0.0,0.0,0.0,0.0,5.12,7.3
2000-12-10,10.2,13.1,6.8,6.4,12.6,81,2.2,2.2,0.0,11.0,8.47,13.1
2000-12-11,6.4,7.7,5.3,1.3,2.6,63,0.0,0.0,0.0,0.0,6.36,10.0
2000-12-12,5.1,6.0,4.0,0.7,1.3,71,1.6,1.6,0.0,8.0,5.29,8.8
2000-12-13,4.0,5.3,3.2,1.0,2.5,78,0.0,0.0,0.0,0.0,3.11,5.1
2000-12-14,4.7,7.5,1.6,1.9,4.4,81,0.0,0.0,0.0,0.0,4.3,5.6
2000-12-15,7.3,11.7,4.2,4.4,10.2,82,0.0,0.0,0.0,0.0,4.55,6.9
2000-12-16,8.8,10.7,7.1,6.2,8.5,86,2.4,2.4,0.0,6.0,4.58,7.4
2000-12-17,9.0,10.1,8.1,6.5,7.8,86,3.5,3.5,0.0,8.0,4.85,7.6
2000-12-18,10.3,12.5,8.8,8.5,10.9,86,0.1,0.1,0.0,1.0,3.76,6.0
2000-12-19,9.4,11.1,7.5,6.0,7.8,81,0.1,0.1,0.0,1.0,5.55,9.3
2000-12-20,6.2,8.4,4.8,1.7,4.9,83,10.1,10.1,0.0,13.0,7.32,11.5
2000-12-21,5.1,7.0,3.5,1.7,4.0,77,0.0,0.0,0.0,0.0,5.06,6.5
2000-12-22,6.9,10.4,3.6,3.7,7.6,78,0.0,0.0,0.0,0.0,3.72,5.8
2000-12-23,8.4,10.7,5.8,5.5,8.2,78,0.0,0.0,0.0,0.0,5.12,8.5
2000-12-24,8.4,12.9,4.8,5.4,9.8,82,0.0,0.0,0.0,0.0,4.01,6.9
2000-12-25,7.4,10.7,4.5,4.2,7.6,71,0.0,0.0,0.0,0.0,4.8,7.1
2000-12-26,8.1,11.1,5.6,3.7,6.7,74,0.0,0.0,0.0,0.0,6.32,10.0
2000-12-27,10.2,14.0,8.1,7.3,12.8,81,0.0,0.0,0.0,0.0,5.76,9.0
2000-12-28,8.1,9.2,6.9,4.1,6.5,84,0.0,0.0,0.0,0.0,6.99,10.7
2000-12-29,8.3,9.8,6.9,5.5,7.1,83,0.1,0.1,0.0,1.0,4.03,6.9
2000-12-30,8.9,9.7,8.6,7.0,7.8,88,0.2,0.2,0.0,2.0,4.07,5.8
2000-12-31,6.8,9.0,3.2,2.4,5.7,69,0.0,0.0,0.0,0.0,6.21,10.2
2001-01-01,6.4,10.0,2.1,2.6,6.8,69,0.0,0.0,0.0,0.0,5.15,9.0
2001-01-02,8.3,9.8,6.9,5.3,6.7,75,0.0,0.0,0.0,0.0,4.37,7.6
2001-01-03,8.3,10.7,6.1,6.1,8.9,78,0.0,0.0,0.0,0.0,3.28,5.0
2001-01-04,7.7,10.1,5.7,3.6,7.1,78,0.0,0.0,0.0,0.0,5.95,9.5
2001-01-05,8.4,9.2,7.6,4.5,5.4,86,6.2,6.2,0.0,18.0,6.96,10.6
2001-01-06,10.5,12.0,8.6,7.0,10.7,91,21.6,21.6,0.0,24.0,7.97,15.0
2001-01-07,7.5,11.7,5.8,2.5,9.8,82,1.8,1.8,0.0,4.0,9.41,15.4
2001-01-08,7.2,8.9,5.5,3.9,6.7,81,7.1,7.1,0.0,8.0,5.77,9.2
2001-01-09,5.2,8.1,2.7,0.1,6.0,83,5.8,5.8,0.0,7.0,9.02,13.4
2001-01-10,3.5,5.7,1.1,0.0,2.7,68,0.0,0.0,0.0,0.0,3.28,6.7
2001-01-11,6.1,9.0,2.9,3.3,6.9,80,0.0,0.0,0.0,0.0,3.31,6.4
2001-01-12,6.4,10.3,2.8,3.5,8.6,86,2.4,2.4,0.0,5.0,5.97,8.4
2001-01-13,5.3,6.7,2.6,0.7,2.5,76,0.3,0.3,0.0,2.0,7.28,11.6
2001-01-14,-0.1,2.1,-1.9,-6.2,-4.0,57,0.0,0.0,0.0,0.0,7.3,11.7
2001-01-15,-1.7,0.1,-3.5,-6.9,-4.9,51,0.0,0.0,0.0,0.0,4.43,8.3
2001-01-16,-0.2,3.0,-3.3,-4.4,-1.1,59,0.0,0.0,0.0,0.0,3.98,6.0
2001-01-17,4.0,7.9,-0.1,0.3,5.0,77,0.0,0.0,0.0,0.0,3.8,6.2
2001-01-18,7.2,10.3,4.4,4.9,9.0,92,4.4,4.4,0.0,9.0,3.62,5.5
2001-01-19,8.8,11.6,7.2,7.2,10.3,95,6.1,6.1,0.0,10.0,4.2,7.2
2001-01-20,6.3,8.1,5.3,2.7,5.9,87,2.4,2.4,0.0,7.0,6.52,11.2
2001-01-21,6.1,7.8,4.5,2.1,3.8,80,12.1,12.1,0.0,11.0,6.13,10.0
2001-01-22,6.5,7.1,5.8,2.1,2.7,89,12.6,12.6,0.0,15.0,6.6,12.2
2001-01-23,6.4,8.1,4.8,1.7,3.3,84,9.3,9.3,0.0,11.0,7.65,12.4
2001-01-24,7.9,8.9,6.8,4.8,6.9,94,22.8,22.8,0.0,17.0,7.05,11.5
2001-01-25,6.9,8.1,5.0,2.8,5.0,92,14.2,14.2,0.0,23.0,6.88,11.1
2001-01-26,2.6,5.0,0.9,-3.3,0.7,82,3.5,3.5,0.0,8.0,10.07,14.7
2001-01-27,1.8,4.1,-0.2,-2.8,0.9,74,0.0,0.0,0.0,0.0,9.34,14.3
2001-01-28,3.3,4.8,1.4,-2.5,-0.0,58,0.0,0.0,0.0,0.0,9.63,15.1
2001-01-29,2.3,4.7,-0.2,-1.4,1.3,58,0.0,0.0,0.0,0.0,3.4,5.5
2001-01-30,3.7,7.7,0.3,-0.1,4.3,73,0.0,0.0,0.0,0.0,4.24,6.1
2001-01-31,5.7,7.4,4.4,2.0,3.6,82,0.0,0.0,0.0,0.0,6.35,9.0
2001-02-01,4.0,5.9,2.3,-0.9,0.9,58,0.0,0.0,0.0,0.0,5.28,8.8
2001-02-02,3.7,7.1,0.6,-0.4,3.4,65,0.0,0.0,0.0,0.0,4.7,7.1
2001-02-03,6.3,8.5,4.0,2.8,5.4,84,7.1,7.1,0.0,10.0,4.66,7.5
2001-02-04,7.3,8.4,6.8,4.3,5.8,88,5.2,5.2,0.0,11.0,4.46,7.1
2001-02-05,7.8,8.7,6.7,5.3,7.9,90,3.3,3.3,0.0,14.0,3.86,5.7
2001-02-06,6.9,7.8,5.6,3.8,6.5,96,10.8,10.8,0.0,24.0,6.26,9.1
2001-02-07,3.7,5.5,1.9,-1.3,0.5,82,5.1,5.1,0.0,11.0,6.96,11.0
2001-02-08,2.1,4.2,-0.6,-1.6,1.6,66,0.0,0.0,0.0,0.0,4.62,6.9
2001-02-09,4.6,7.9,2.0,1.4,5.1,79,0.0,0.0,0.0,0.0,3.38,5.6
2001-02-10,6.8,10.7,3.4,4.2,8.9,83,0.0,0.0,0.0,0.0,4.72,7.2
2001-02-11,7.3,9.9,4.9,3.3,5.9,84,6.3,6.3,0.0,8.0,6.96,10.9
2001-02-12,5.5,7.9,4.2,0.3,3.4,89,18.1,18.1,0.0,24.0,8.01,12.6
2001-02-13,4.3,5.4,3.1,-0.3,1.2,77,1.3,1.3,0.0,5.0,6.24,10.3
2001-02-14,4.7,6.7,3.3,0.8,4.0,71,0.2,0.2,0.0,1.0,5.1,7.9
2001-02-15,6.7,11.2,2.8,2.9,7.7,72,0.0,0.0,0.0,0.0,4.92,8.3
2001-02-16,5.0,7.7,2.5,0.7,3.9,62,0.0,0.0,0.0,0.0,5.6,8.8
2001-02-17,6.5,10.3,2.1,2.2,6.8,73,0.0,0.0,0.0,0.0,7.02,11.2
2001-02-18,9.7,13.5,6.0,8.0,12.3,80,0.0,0.0,0.0,0.0,3.35,5.4
2001-02-19,9.2,14.2,5.7,6.5,12.3,80,0.0,0.0,0.0,0.0,4.88,7.8
2001-02-20,9.6,13.0,6.2,6.5,10.0,85,2.1,2.1,0.0,5.0,5.59,9.5
2001-02-21,11.2,13.3,9.6,9.4,12.5,88,9.1,9.1,0.0,12.0,4.62,8.8
2001-02-22,11.3,14.9,8.7,9.0,13.7,88,0.0,0.0,0.0,0.0,5.15,8.4
2001-02-23,13.4,17.0,7.8,11.0,16.6,89,4.9,4.9,0.0,14.0,8.34,13.2
2001-02-24,4.9,7.6,2.2,-1.0,1.9,72,1.1,1.1,0.0,4.0,8.67,13.8
2001-02-25,4.3,6.9,1.8,-0.5,1.8,61,0.0,0.0,0.0,0.0,5.51,9.1
2001-02-26,7.2,8.7,5.5,3.1,5.5,78,1.6,1.6,0.0,6.0,6.4,10.2
2001-02-27,9.0,9.8,8.0,6.3,8.2,94,17.0,17.0,0.0,20.0,5.19,9.4
2001-02-28,7.5,8.0,7.2,4.2,4.7,88,1.4,1.4,0.0,9.0,5.27,8.3
2001-03-01,10.0,14.1,7.0,6.4,9.9,72,0.0,0.0,0.0,0.0,7.98,12.9
2001-03-02,10.2,14.2,6.5,6.8,11.6,64,0.0,0.0,0.0,0.0,5.58,9.1
2001-03-03,11.4,13.9,8.5,7.6,9.7,64,0.1,0.1,0.0,1.0,8.38,13.6
2001-03-04,9.6,11.3,7.6,4.6,8.7,45,0.0,0.0,0.0,0.0,7.62,12.9
2001-03-05,10.6,14.6,5.9,7.7,12.5,67,0.1,0.1,0.0,1.0,5.35,9.1
2001-03-06,12.4,16.8,8.1,9.8,15.3,67,1.5,1.5,0.0,5.0,7.62,11.6
2001-03-07,6.6,8.3,4.6,1.6,4.8,49,0.0,0.0,0.0,0.0,6.2,10.5
2001-03-08,5.8,8.8,2.9,0.9,2.9,49,0.0,0.0,0.0,0.0,8.18,15.1
2001-03-09,6.6,11.0,2.8,2.7,7.0,54,0.0,0.0,0.0,0.0,4.89,8.1
2001-03-10,10.3,15.2,5.8,7.9,14.2,69,0.0,0.0,0.0,0.0,6.1,10.2
2001-03-11,9.5,12.6,6.7,7.0,12.8,77,0.0,0.0,0.0,0.0,5.85,9.3
2001-03-12,10.0,13.6,6.9,7.9,12.5,71,0.0,0.0,0.0,0.0,5.47,8.5
2001-03-13,11.2,16.8,6.7,7.3,13.7,70,0.0,0.0,0.0,0.0,6.58,10.5
2001-03-14,16.1,21.5,10.7,13.8,22.2,67,0.0,0.0,0.0,0.0,9.75,15.8
2001-03-15,8.8,10.3,7.3,4.5,6.3,74,1.6,1.6,0.0,6.0,7.74,13.7
2001-03-16,8.4,9.1,7.6,4.6,5.9,85,14.0,14.0,0.0,23.0,7.81,12.5
2001-03-17,8.4,9.5,7.4,5.3,6.6,85,3.4,3.4,0.0,14.0,5.73,9.6
2001-03-18,11.3,15.3,7.5,9.7,15.0,78,0.0,0.0,0.0,0.0,3.98,6.1
2001-03-19,13.9,18.0,9.5,12.9,18.2,74,0.0,0.0,0.0,0.0,3.52,5.8
2001-03-20,16.8,19.6,14.2,15.4,18.5,72,0.0,0.0,0.0,0.0,5.22,8.8
2001-03-21,18.2,22.2,15.3,17.2,21.9,65,0.0,0.0,0.0,0.0,4.1,7.3
2001-03-22,15.7,19.1,11.2,13.8,18.7,73,6.7,6.7,0.0,7.0,6.61,10.8
2001-03-23,14.3,17.8,11.4,12.5,16.4,79,1.7,1.7,0.0,4.0,4.71,8.1
2001-03-24,14.2,15.6,13.2,12.7,14.4,90,14.7,14.7,0.0,15.0,5.38,8.5
2001-03-25,14.0,17.8,9.5,12.1,16.4,82,1.1,1.1,0.0,3.0,6.37,10.6
2001-03-26,11.5,15.7,7.6,8.8,14.2,74,0.0,0.0,0.0,0.0,6.13,9.8
2001-03-27,14.3,18.1,11.6,12.0,18.1,74,0.7,0.7,0.0,4.0,7.35,11.0
2001-03-28,9.0,11.1,6.4,5.0,8.0,65,0.0,0.0,0.0,0.0,7.97,12.7
2001-03-29,10.6,15.2,5.7,7.6,11.4,57,0.0,0.0,0.0,0.0,5.47,7.5
2001-03-30,13.7,20.3,8.9,11.0,19.4,67,1.1,1.1,0.0,3.0,9.16,14.4
2001-03-31,9.8,12.9,7.6,5.9,10.3,59,0.1,0.1,0.0,1.0,6.04,10.1
2001-04-01,11.0,15.6,7.1,7.6,13.4,65,0.0,0.0,0.0,0.0,5.85,9.1
2001-04-02,14.5,17.9,11.2,13.2,18.0,84,0.0,0.0,0.0,0.0,4.74,8.0
2001-04-03,12.6,15.3,8.8,9.2,13.0,72,0.0,0.0,0.0,0.0,7.5,12.5
2001-04-04,11.5,16.1,7.5,8.5,14.3,66,0.0,0.0,0.0,0.0,5.47,8.3
2001-04-05,14.5,18.3,10.7,13.2,18.7,77,0.0,0.0,0.0,0.0,4.94,7.7
2001-04-06,15.5,19.1,12.2,15.2,19.8,85,0.0,0.0,0.0,0.0,3.45,6.3
2001-04-07,17.0,21.0,14.1,17.0,22.1,82,0.0,0.0,0.0,0.0,5.1,7.8
2001-04-08,16.4,18.8,14.7,15.2,18.1,91,2.9,2.9,0.0,5.0,7.46,11.7
2001-04-09,17.0,19.8,15.1,16.4,20.2,86,0.0,0.0,0.0,0.0,6.15,9.0
2001-04-10,15.3,19.6,11.4,13.7,18.3,79,3.0,3.0,0.0,6.0,6.51,10.6
2001-04-11,10.8,13.3,8.6,6.8,8.9,75,4.6,4.6,0.0,13.0,7.14,11.7
2001-04-12,14.5,18.0,11.2,11.1,14.6,56,0.0,0.0,0.0,0.0,6.51,11.1
2001-04-13,16.1,20.8,11.4,14.5,19.7,64,0.0,0.0,0.0,0.0,4.46,8.6
2001-04-14,15.1,18.1,12.0,13.0,16.8,57,0.0,0.0,0.0,0.0,7.53,11.7
2001-04-15,15.7,20.9,10.4,13.8,20.2,61,0.0,0.0,0.0,0.0,5.31,8.2
2001-04-16,18.3,23.4,13.1,18.0,24.9,69,0.0,0.0,0.0,0.0,5.02,7.7
2001-04-17,19.7,24.1,16.3,20.2,26.2,79,0.7,0.7,0.0,2.0,4.84,7.8
2001-04-18,19.3,24.2,15.8,18.6,24.6,77,0.0,0.0,0.0,0.0,6.45,9.6
2001-04-19,21.6,27.4,16.6,22.1,30.5,74,0.1,0.1,0.0,1.0,6.44,9.2
2001-04-20,16.2,19.6,13.7,13.3,18.8,88,13.0,13.0,0.0,18.0,9.7,16.0
2001-04-21,13.8,14.6,11.9,10.9,12.0,84,6.5,6.5,0.0,13.0,7.61,12.4
2001-04-22,14.4,18.6,10.7,11.8,16.6,60,0.0,0.0,0.0,0.0,4.43,7.1
2001-04-23,14.7,17.7,12.0,12.7,15.2,72,7.2,7.2,0.0,10.0,5.87,8.9
2001-04-24,14.5,16.3,12.7,12.4,14.0,74,3.1,3.1,0.0,9.0,5.0,8.5
2001-04-25,14.5,17.9,11.4,12.1,17.0,52,0.0,0.0,0.0,0.0,4.65,7.4
2001-04-26,15.0,19.7,10.4,12.5,18.4,59,0.0,0.0,0.0,0.0,6.04,9.0
2001-04-27,16.1,19.7,12.7,14.1,18.1,78,17.2,17.2,0.0,10.0,6.3,10.2
2001-04-28,19.1,21.6,16.5,20.8,24.6,92,34.8,34.8,0.0,21.0,4.74,8.5
2001-04-29,19.5,20.1,18.9,21.3,22.4,97,25.6,25.6,0.0,18.0,4.3,10.0
2001-04-30,18.3,19.4,17.5,17.4,19.0,83,0.2,0.2,0.0,2.0,6.58,11.0
2001-05-01,18.2,20.2,16.5,17.9,20.7,78,0.0,0.0,0.0,0.0,4.19,7.5
2001-05-02,18.2,22.6,14.3,18.9,24.7,78,0.0,0.0,0.0,0.0,5.25,7.9
2001-05-03,19.3,24.4,15.6,18.9,25.7,77,0.0,0.0,0.0,0.0,5.9,9.4
2001-05-04,20.7,25.5,17.3,21.2,28.4,81,0.2,0.2,0.0,1.0,6.9,11.0
2001-05-05,18.9,20.3,17.4,17.1,19.9,89,53.8,53.8,0.0,20.0,10.29,19.0
2001-05-06,18.6,20.0,17.7,18.9,20.8,87,0.2,0.2,0.0,2.0,5.2,8.0
2001-05-07,18.6,20.9,16.5,19.5,22.3,89,1.9,1.9,0.0,5.0,4.02,6.6
2001-05-08,19.9,23.6,16.8,21.3,24.9,82,0.0,0.0,0.0,0.0,2.56,4.9
2001-05-09,19.7,22.5,15.5,19.7,23.6,74,2.3,2.3,0.0,5.0,5.11,8.3
2001-05-10,19.4,23.7,14.3,19.5,25.1,64,0.0,0.0,0.0,0.0,4.8,7.7
2001-05-11,20.4,25.2,16.3,20.2,26.2,66,0.0,0.0,0.0,0.0,4.81,7.4
2001-05-12,20.3,25.3,16.3,19.5,25.7,65,0.0,0.0,0.0,0.0,5.66,8.7
2001-05-13,20.8,24.9,16.8,19.7,24.3,73,0.0,0.0,0.0,0.0,7.62,12.6
2001-05-14,22.4,26.7,18.7,23.4,28.9,80,0.0,0.0,0.0,0.0,5.94,9.3
2001-05-15,23.0,27.4,20.3,25.7,31.8,83,0.0,0.0,0.0,0.0,5.0,8.6
2001-05-16,23.7,28.0,20.8,26.4,31.5,78,0.2,0.2,0.0,1.0,4.48,7.3
2001-05-17,24.0,26.8,22.1,26.9,29.6,81,0.0,0.0,0.0,0.0,3.7,6.3
2001-05-18,24.5,26.7,22.8,26.5,29.4,72,0.0,0.0,0.0,0.0,3.55,6.1
2001-05-19,24.0,27.9,20.3,25.6,29.9,78,0.0,0.0,0.0,0.0,6.34,9.8
2001-05-20,24.0,27.2,20.3,25.9,30.0,77,0.0,0.0,0.0,0.0,5.69,9.1
2001-05-21,24.5,29.0,21.6,27.6,32.3,82,0.0,0.0,0.0,0.0,5.81,9.2
2001-05-22,22.9,26.7,20.3,23.4,27.8,71,0.0,0.0,0.0,0.0,5.37,9.0
2001-05-23,23.5,27.6,20.1,24.6,28.5,67,0.6,0.6,0.0,4.0,5.26,10.0
2001-05-24,23.7,28.5,19.7,25.2,31.5,72,0.0,0.0,0.0,0.0,5.71,8.9
2001-05-25,23.9,27.9,20.2,26.0,31.1,80,0.0,0.0,0.0,0.0,5.24,8.8
2001-05-26,24.7,28.1,22.4,27.1,30.6,79,0.0,0.0,0.0,0.0,5.57,8.5
2001-05-27,23.3,24.5,21.9,25.3,26.5,77,0.7,0.7,0.0,6.0,3.89,6.8
2001-05-28,22.6,25.0,21.1,23.6,24.8,77,0.6,0.6,0.0,2.0,4.78,8.3
2001-05-29,20.7,22.7,17.7,20.6,23.3,79,8.3,8.3,0.0,9.0,6.81,10.9
2001-05-30,18.7,20.8,17.3,18.6,22.4,83,23.0,23.0,0.0,12.0,6.06,9.4
2001-05-31,21.7,26.0,18.0,22.5,26.9,75,0.0,0.0,0.0,0.0,5.17,8.3
2001-06-01,22.5,26.4,18.4,23.9,27.8,72,0.0,0.0,0.0,0.0,3.96,5.7
2001-06-02,23.8,27.3,19.9,25.5,28.5,73,0.0,0.0,0.0,0.0,3.91,5.7
2001-06-03,20.6,22.7,19.0,20.3,23.6,78,8.0,8.0,0.0,15.0,6.53,10.9
2001-06-04,19.7,20.8,19.0,21.2,23.5,92,37.4,37.4,0.0,17.0,4.97,7.5
2001-06-05,21.8,24.4,19.4,24.0,27.3,85,0.3,0.3,0.0,2.0,3.88,8.4
2001-06-06,23.2,26.0,20.4,26.0,29.0,80,0.1,0.1,0.0,1.0,3.77,6.7
2001-06-07,24.1,27.4,21.6,25.9,29.9,83,0.2,0.2,0.0,2.0,6.04,10.0
2001-06-08,24.7,27.0,23.1,27.0,30.9,86,0.3,0.3,0.0,3.0,6.68,10.9
2001-06-09,24.0,27.0,22.0,25.5,28.5,83,3.0,3.0,0.0,5.0,5.85,9.8
2001-06-10,22.2,22.8,21.6,24.3,24.9,95,39.3,39.3,0.0,20.0,5.47,9.3
2001-06-11,23.8,27.1,21.4,25.5,29.6,80,0.0,0.0,0.0,0.0,5.92,10.5
2001-06-12,23.1,25.8,20.7,24.6,27.1,84,4.6,4.6,0.0,3.0,6.34,9.3
2001-06-13,21.5,22.2,20.9,23.2,24.9,92,21.1,21.1,0.0,17.0,6.79,10.0
2001-06-14,20.8,22.3,20.0,22.2,23.0,91,39.7,39.7,0.0,17.0,5.47,9.4
2001-06-15,23.7,27.9,20.0,26.0,30.2,79,0.0,0.0,0.0,0.0,6.36,9.4
2001-06-16,26.3,30.4,22.8,29.4,34.5,82,0.0,0.0,0.0,0.0,5.64,9.8
2001-06-17,27.5,30.0,25.4,32.2,35.5,85,5.3,5.3,0.0,5.0,4.81,7.8
2001-06-18,28.2,31.5,26.3,32.8,37.1,81,7.4,7.4,0.0,8.0,5.2,10.1
2001-06-19,25.4,27.2,23.6,29.6,32.9,89,19.5,19.5,0.0,12.0,4.72,11.0
2001-06-20,23.9,25.7,22.6,26.5,28.0,85,2.0,2.0,0.0,8.0,4.39,7.5
2001-06-21,23.6,25.2,22.7,26.0,27.2,84,1.0,1.0,0.0,5.0,4.48,7.6
2001-06-22,21.6,23.0,20.6,23.4,26.2,90,72.0,72.0,0.0,24.0,5.9,9.0
2001-06-23,22.0,23.1,21.1,23.1,24.2,93,36.6,36.6,0.0,24.0,8.59,13.4
2001-06-24,23.1,25.1,21.2,25.5,27.8,92,15.9,15.9,0.0,16.0,6.82,11.8
2001-06-25,22.8,23.6,21.6,26.1,27.9,94,39.2,39.2,0.0,18.0,4.18,6.9
2001-06-26,24.2,26.8,22.2,27.9,30.9,91,66.4,66.4,0.0,12.0,4.0,9.5
2001-06-27,27.9,31.5,24.0,32.8,37.1,82,0.4,0.4,0.0,3.0,3.93,7.1
2001-06-28,30.8,34.0,27.6,36.2,40.0,73,0.0,0.0,0.0,0.0,4.8,8.6
2001-06-29,32.0,35.1,28.6,37.2,40.5,70,0.0,0.0,0.0,0.0,5.06,8.9
2001-06-30,32.3,35.6,28.7,37.5,41.1,67,0.0,0.0,0.0,0.0,4.93,11.8
2001-07-01,32.6,36.1,29.2,38.3,42.5,68,0.0,0.0,0.0,0.0,5.01,7.7
2001-07-02,32.4,35.8,29.0,38.1,43.2,70,0.0,0.0,0.0,0.0,5.86,9.8
2001-07-03,30.8,34.3,27.2,34.5,39.8,68,0.0,0.0,0.0,0.0,6.41,10.6
2001-07-04,30.0,33.3,27.0,33.8,37.7,72,0.0,0.0,0.0,0.0,6.59,9.9
2001-07-05,29.0,30.5,27.8,33.1,34.5,84,0.4,0.4,0.0,3.0,7.37,11.9
2001-07-06,27.9,30.0,26.5,32.0,34.8,88,22.3,22.3,0.0,18.0,7.57,9.8
2001-07-07,26.9,28.4,26.1,31.8,33.1,92,13.8,13.8,0.0,20.0,5.0,8.5
2001-07-08,28.4,31.7,25.5,34.1,39.1,85,0.8,0.8,0.0,5.0,4.7,6.4
2001-07-09,30.2,34.0,27.0,36.5,42.4,82,0.3,0.3,0.0,1.0,4.7,7.0
2001-07-10,31.9,34.7,29.7,38.3,41.5,75,0.3,0.3,0.0,1.0,4.79,7.0
2001-07-11,32.3,34.8,30.3,39.1,41.9,74,0.1,0.1,0.0,1.0,3.73,7.5
2001-07-12,29.6,31.5,26.5,36.0,38.4,83,9.1,9.1,0.0,8.0,4.7,10.6
2001-07-13,29.2,32.3,26.3,35.6,39.7,86,9.4,9.4,0.0,13.0,4.1,7.0
2001-07-14,27.4,28.3,26.9,32.4,34.1,86,47.7,47.7,0.0,20.0,6.0,9.5
2001-07-15,25.8,26.8,24.7,30.6,32.8,89,23.2,23.2,0.0,23.0,3.72,6.6
2001-07-16,25.7,28.1,24.2,28.9,30.9,83,2.4,2.4,0.0,9.0,5.19,8.4
2001-07-17,26.4,29.8,23.6,29.6,33.2,78,0.0,0.0,0.0,0.0,4.91,8.4
2001-07-18,27.4,29.9,24.9,31.8,35.5,81,0.9,0.9,0.0,5.0,4.65,7.0
2001-07-19,29.1,32.5,26.2,35.6,39.9,82,3.6,3.6,0.0,4.0,2.87,5.2
2001-07-20,31.1,34.1,28.1,37.7,40.6,77,0.2,0.2,0.0,1.0,5.42,8.2
2001-07-21,31.5,34.7,28.4,36.7,41.5,72,0.0,0.0,0.0,0.0,5.93,10.7
2001-07-22,32.6,36.6,28.6,39.4,44.4,73,0.1,0.1,0.0,1.0,4.66,7.5
2001-07-23,31.8,35.5,29.3,38.4,44.2,78,0.0,0.0,0.0,0.0,6.68,10.5
2001-07-24,31.0,34.0,28.4,35.5,38.9,75,0.0,0.0,0.0,0.0,7.21,10.9
2001-07-25,31.1,34.4,28.3,35.5,38.8,73,0.0,0.0,0.0,0.0,7.13,10.6
2001-07-26,31.0,34.3,28.1,35.7,40.0,72,0.0,0.0,0.0,0.0,5.46,9.0
2001-07-27,30.9,33.8,28.2,36.0,39.4,73,0.0,0.0,0.0,0.0,5.5,9.3
2001-07-28,31.4,34.4,28.9,37.0,41.2,72,0.5,0.5,0.0,1.0,4.79,8.9
2001-07-29,31.8,35.4,29.0,36.8,40.5,69,0.0,0.0,0.0,0.0,6.25,10.1
2001-07-30,31.5,35.1,28.9,35.3,40.3,69,0.0,0.0,0.0,0.0,7.25,11.2
2001-07-31,30.2,33.2,27.8,34.1,39.0,73,4.1,4.1,0.0,4.0,7.67,12.1
2001-08-01,26.3,26.9,25.8,30.0,31.6,89,45.0,45.0,0.0,19.0,9.18,12.7
2001-08-02,28.4,31.4,25.8,34.0,37.8,83,3.4,3.4,0.0,6.0,5.59,8.6
2001-08-03,29.3,32.1,27.0,33.6,36.3,79,0.0,0.0,0.0,0.0,6.36,10.4
2001-08-04,29.2,31.4,27.5,33.9,35.8,84,2.1,2.1,0.0,6.0,6.45,10.2
2001-08-05,27.9,29.4,26.5,32.1,33.1,85,21.7,21.7,0.0,16.0,6.33,11.2
2001-08-06,28.1,30.9,25.9,32.9,36.7,85,10.8,10.8,0.0,13.0,6.0,10.2
2001-08-07,29.0,30.9,27.8,35.2,37.8,83,3.4,3.4,0.0,7.0,4.8,8.1
2001-08-08,28.1,30.2,26.8,34.4,36.6,87,10.3,10.3,0.0,16.0,3.88,6.4
2001-08-09,25.4,26.7,23.7,28.9,31.8,91,44.8,44.8,0.0,23.0,7.12,11.7
2001-08-10,22.5,23.8,20.6,23.5,26.1,88,37.9,37.9,0.0,24.0,7.6,12.5
2001-08-11,22.1,23.2,21.1,24.3,26.0,90,12.9,12.9,0.0,16.0,5.04,8.8
2001-08-12,23.9,26.2,22.0,26.6,29.7,86,0.2,0.2,0.0,1.0,5.02,8.9
2001-08-13,25.6,28.2,22.6,29.7,32.5,78,0.0,0.0,0.0,0.0,2.79,4.2
2001-08-14,26.4,29.4,23.6,29.7,32.8,77,0.0,0.0,0.0,0.0,4.81,7.7
2001-08-15,27.0,30.5,24.1,30.8,34.1,81,0.0,0.0,0.0,0.0,4.51,7.5
2001-08-16,27.8,30.4,25.5,32.4,35.7,85,3.5,3.5,0.0,7.0,5.39,8.4
2001-08-17,28.6,31.4,26.3,33.1,35.8,81,0.0,0.0,0.0,0.0,5.01,7.7
2001-08-18,28.3,31.3,26.3,33.3,37.2,85,0.0,0.0,0.0,0.0,5.15,7.9
2001-08-19,28.4,30.8,26.2,32.8,35.4,81,0.5,0.5,0.0,3.0,5.23,8.6
2001-08-20,28.3,31.2,26.0,33.3,36.7,80,0.0,0.0,0.0,0.0,3.61,6.1
2001-08-21,28.3,31.4,26.0,33.3,35.7,77,0.4,0.4,0.0,2.0,3.33,6.2
2001-08-22,28.3,30.1,26.7,33.0,34.3,76,0.7,0.7,0.0,4.0,3.11,6.1
2001-08-23,28.7,31.6,26.6,33.7,37.2,78,0.0,0.0,0.0,0.0,5.26,7.6
2001-08-24,27.7,30.0,25.6,31.6,34.1,83,3.8,3.8,0.0,7.0,5.9,10.3
2001-08-25,23.8,25.1,23.1,25.0,27.3,87,157.3,157.3,0.0,19.0,9.04,16.7
2001-08-26,25.2,28.0,22.9,27.4,30.4,78,0.0,0.0,0.0,0.0,5.5,9.6
2001-08-27,25.5,28.2,23.2,28.1,30.8,78,0.0,0.0,0.0,0.0,4.95,8.4
2001-08-28,25.7,28.6,23.5,29.1,33.0,83,1.3,1.3,0.0,7.0,4.81,7.9
2001-08-29,24.9,26.2,23.4,28.4,30.2,91,30.7,30.7,0.0,20.0,7.5,8.4
2001-08-30,23.9,26.4,22.3,25.0,28.4,80,2.1,2.1,0.0,8.0,7.43,12.5
2001-08-31,23.8,25.6,22.1,26.5,28.3,81,0.3,0.3,0.0,2.0,3.18,6.2
2001-09-01,24.4,26.4,22.8,26.7,28.8,78,2.1,2.1,0.0,6.0,4.12,7.0
2001-09-02,24.8,27.5,22.5,26.9,29.2,78,0.0,0.0,0.0,0.0,5.05,8.5
2001-09-03,24.9,27.8,22.5,27.2,29.8,80,0.0,0.0,0.0,0.0,5.19,9.0
2001-09-04,25.4,28.2,22.4,29.0,32.8,78,0.0,0.0,0.0,0.0,3.2,4.9
2001-09-05,26.0,28.3,24.2,30.4,33.0,80,0.6,0.6,0.0,2.0,2.32,4.3
2001-09-06,25.7,28.1,23.9,29.2,31.7,82,0.9,0.9,0.0,5.0,5.35,7.7
2001-09-07,25.0,27.8,22.4,27.2,30.1,75,0.0,0.0,0.0,0.0,4.83,7.1
2001-09-08,25.1,27.8,22.5,27.7,30.9,74,0.0,0.0,0.0,0.0,3.45,6.1
2001-09-09,24.8,27.3,22.9,26.7,28.9,79,0.6,0.6,0.0,5.0,6.1,10.0
2001-09-10,24.6,27.4,22.0,26.1,29.3,77,0.0,0.0,0.0,0.0,5.36,9.4
2001-09-11,24.7,27.4,22.3,26.9,29.2,80,0.1,0.1,0.0,1.0,5.05,8.5
2001-09-12,24.8,27.1,23.0,28.1,31.3,82,0.6,0.6,0.0,4.0,3.42,6.0
2001-09-13,24.8,26.7,22.9,27.3,28.8,75,0.2,0.2,0.0,2.0,3.33,5.8
2001-09-14,24.3,26.7,22.3,25.5,27.0,74,0.0,0.0,0.0,0.0,6.08,10.2
2001-09-15,24.7,26.6,23.2,26.8,29.5,83,1.5,1.5,0.0,6.0,6.22,9.9
2001-09-16,25.1,27.9,22.4,28.4,31.6,81,0.0,0.0,0.0,0.0,3.76,6.4
2001-09-17,24.9,27.9,22.5,27.8,30.3,76,0.0,0.0,0.0,0.0,4.48,7.0
2001-09-18,24.3,27.6,21.6,26.3,28.7,78,0.0,0.0,0.0,0.0,5.08,8.0
2001-09-19,24.1,26.3,22.0,24.7,26.7,76,0.8,0.8,0.0,5.0,7.28,11.4
2001-09-20,23.4,25.9,21.3,23.7,26.2,72,0.4,0.4,0.0,2.0,5.46,9.0
2001-09-21,23.2,26.1,21.0,22.5,24.7,67,0.0,0.0,0.0,0.0,7.37,11.8
2001-09-22,22.3,25.3,20.1,22.0,26.2,71,0.5,0.5,0.0,3.0,6.11,9.6
2001-09-23,22.7,25.4,19.9,23.6,26.6,71,0.0,0.0,0.0,0.0,4.11,7.5
2001-09-24,23.8,26.4,21.1,26.4,30.1,81,0.4,0.4,0.0,3.0,3.55,5.5
2001-09-25,22.9,25.1,20.6,23.5,25.6,81,0.0,0.0,0.0,0.0,6.74,11.0
2001-09-26,22.3,24.9,20.0,22.7,25.2,78,0.2,0.2,0.0,2.0,5.94,10.4
2001-09-27,22.7,25.1,20.7,23.0,25.4,81,0.0,0.0,0.0,0.0,6.91,12.0
2001-09-28,23.2,26.0,21.3,22.9,25.2,74,0.0,0.0,0.0,0.0,7.25,12.0
2001-09-29,22.5,23.7,21.1,23.3,24.9,87,8.0,8.0,0.0,18.0,7.08,12.4
2001-09-30,21.0,23.8,19.4,20.9,23.4,81,3.1,3.1,0.0,8.0,7.56,12.2
2001-10-01,21.6,24.3,19.1,22.0,24.0,67,0.0,0.0,0.0,0.0,3.98,7.4
2001-10-02,21.9,25.1,19.5,22.3,25.2,66,0.0,0.0,0.0,0.0,4.97,7.3
2001-10-03,21.3,23.7,18.9,22.1,25.0,79,0.0,0.0,0.0,0.0,4.27,7.2
2001-10-04,19.9,22.0,17.9,19.1,21.6,68,0.0,0.0,0.0,0.0,5.17,8.8
2001-10-05,18.8,21.9,16.0,18.0,21.8,67,0.0,0.0,0.0,0.0,4.73,7.9
2001-10-06,20.1,23.3,17.4,19.6,22.9,72,0.0,0.0,0.0,0.0,5.01,8.1
2001-10-07,19.7,20.6,18.9,19.8,21.3,78,9.9,9.9,0.0,22.0,5.02,9.0
2001-10-08,20.0,21.4,19.3,21.4,23.2,90,5.4,5.4,0.0,13.0,4.12,6.3
2001-10-09,20.6,23.3,19.0,19.5,21.3,71,0.0,0.0,0.0,0.0,7.16,11.7
2001-10-10,19.6,22.5,16.8,18.2,21.2,63,0.0,0.0,0.0,0.0,5.98,10.0
2001-10-11,19.9,23.3,16.6,20.7,24.3,71,0.0,0.0,0.0,0.0,3.8,6.2
2001-10-12,19.7,23.4,16.8,19.8,23.7,74,0.0,0.0,0.0,0.0,3.96,6.6
2001-10-13,19.8,23.5,16.8,19.5,22.5,74,0.0,0.0,0.0,0.0,4.39,6.6
2001-10-14,20.7,24.2,18.5,21.0,24.6,74,0.0,0.0,0.0,0.0,4.41,7.4
2001-10-15,21.2,24.6,18.2,22.1,25.6,78,0.0,0.0,0.0,0.0,3.89,6.1
2001-10-16,21.1,24.3,19.2,20.4,22.9,78,0.0,0.0,0.0,0.0,7.83,12.7
2001-10-17,18.7,20.8,15.5,15.3,18.7,61,0.0,0.0,0.0,0.0,8.47,13.9
2001-10-18,16.7,20.4,13.9,14.5,18.3,61,0.0,0.0,0.0,0.0,4.7,8.2
2001-10-19,17.1,21.0,13.6,15.8,20.1,67,0.0,0.0,0.0,0.0,4.37,7.6
2001-10-20,19.0,21.9,16.5,18.7,21.6,73,0.0,0.0,0.0,0.0,4.02,7.7
2001-10-21,20.2,23.4,17.4,21.9,25.1,83,0.0,0.0,0.0,0.0,2.6,4.7
2001-10-22,20.1,22.1,18.4,21.5,23.3,84,0.0,0.0,0.0,0.0,3.2,6.0
2001-10-23,19.8,22.5,17.4,20.2,22.3,76,0.3,0.3,0.0,1.0,3.47,5.6
2001-10-24,19.8,23.8,16.9,19.9,24.0,74,0.0,0.0,0.0,0.0,4.41,7.1
2001-10-25,19.8,24.2,15.9,19.5,23.7,76,0.0,0.0,0.0,0.0,5.39,8.2
2001-10-26,21.0,23.8,19.3,22.2,25.4,86,6.2,6.2,0.0,10.0,4.55,8.5
2001-10-27,19.9,21.0,19.1,20.8,23.1,91,29.6,29.6,0.0,13.0,7.16,11.2
2001-10-28,19.2,21.3,16.6,18.2,20.4,78,0.0,0.0,0.0,0.0,6.02,9.9
2001-10-29,15.3,17.7,12.8,13.4,16.6,70,0.0,0.0,0.0,0.0,5.32,8.3
2001-10-30,15.7,19.1,12.6,14.9,18.5,76,0.0,0.0,0.0,0.0,4.28,6.3
2001-10-31,17.8,21.7,14.7,17.8,22.8,82,2.9,2.9,0.0,9.0,4.33,7.9
2001-11-01,18.0,20.3,16.0,16.6,19.0,78,1.7,1.7,0.0,3.0,6.81,10.7
2001-11-02,15.3,16.0,14.6,13.2,14.1,81,27.0,27.0,0.0,16.0,5.73,8.9
2001-11-03,14.7,16.5,13.0,12.3,14.0,79,11.1,11.1,0.0,8.0,7.2,11.3
2001-11-04,15.7,18.6,12.7,14.6,17.4,79,1.3,1.3,0.0,4.0,4.44,8.2
2001-11-05,15.3,16.3,12.4,13.4,16.9,83,13.1,13.1,0.0,10.0,8.04,12.5
2001-11-06,11.7,14.1,9.6,8.3,11.2,59,0.0,0.0,0.0,0.0,5.61,8.8
2001-11-07,12.6,15.6,9.0,10.1,13.2,67,0.0,0.0,0.0,0.0,3.81,7.0
2001-11-08,14.7,17.5,11.8,13.4,17.1,76,0.0,0.0,0.0,0.0,3.54,6.1
2001-11-09,14.3,16.5,11.7,11.9,13.7,77,0.0,0.0,0.0,0.0,6.11,10.1
2001-11-10,12.5,15.8,10.2,10.6,14.2,73,0.0,0.0,0.0,0.0,4.78,7.6
2001-11-11,13.2,16.2,10.6,11.8,14.0,75,0.0,0.0,0.0,0.0,3.37,6.0
2001-11-12,13.4,17.0,10.6,11.8,15.8,72,0.0,0.0,0.0,0.0,3.55,6.4
2001-11-13,13.0,16.7,10.1,9.7,13.3,72,0.1,0.1,0.0,1.0,8.84,14.4
2001-11-14,9.4,11.1,7.7,5.1,7.0,66,0.0,0.0,0.0,0.0,7.65,11.8
2001-11-15,9.3,12.5,6.5,6.6,9.8,65,0.0,0.0,0.0,0.0,3.1,5.5
2001-11-16,10.6,14.6,7.0,8.3,12.4,71,0.0,0.0,0.0,0.0,2.98,5.2
2001-11-17,10.2,14.0,7.2,7.6,11.1,70,0.0,0.0,0.0,0.0,2.97,5.4
2001-11-18,10.5,14.0,7.4,8.0,10.8,70,0.0,0.0,0.0,0.0,3.33,5.9
2001-11-19,11.1,14.7,8.5,9.0,12.5,72,0.0,0.0,0.0,0.0,2.77,5.0
2001-11-20,11.8,15.6,9.0,9.6,13.7,71,0.0,0.0,0.0,0.0,3.24,5.0
2001-11-21,11.9,15.7,9.3,10.5,14.1,77,0.0,0.0,0.0,0.0,3.01,4.6
2001-11-22,11.2,16.7,6.8,9.7,15.1,81,0.0,0.0,0.0,0.0,3.32,4.6
2001-11-23,12.6,17.1,9.1,10.9,16.0,80,0.0,0.0,0.0,0.0,3.28,6.4
2001-11-24,13.1,17.1,9.4,11.8,15.6,82,0.0,0.0,0.0,0.0,3.36,5.6
2001-11-25,12.6,15.6,10.4,10.0,12.6,76,0.0,0.0,0.0,0.0,5.47,9.4
2001-11-26,9.2,10.5,7.5,5.4,7.3,59,0.0,0.0,0.0,0.0,4.37,7.4
2001-11-27,9.5,12.4,7.7,6.0,8.9,57,0.0,0.0,0.0,0.0,5.14,7.7
2001-11-28,13.6,17.7,9.3,10.8,15.4,77,0.8,0.8,0.0,1.0,6.74,10.7
2001-11-29,14.3,15.3,12.9,13.0,14.5,90,7.3,7.3,0.0,12.0,5.16,8.3
2001-11-30,12.2,14.0,10.9,9.6,11.5,80,0.0,0.0,0.0,0.0,5.47,8.9
2001-12-01,12.2,13.0,10.9,10.8,12.8,87,0.6,0.6,0.0,4.0,4.5,7.0
2001-12-02,13.3,14.5,12.1,13.4,14.5,95,0.1,0.1,0.0,1.0,2.45,4.1
2001-12-03,13.8,15.5,11.2,12.6,15.3,94,9.7,9.7,0.0,19.0,7.71,12.3
2001-12-04,11.2,12.3,10.6,8.0,9.2,80,2.9,2.9,0.0,17.0,6.2,9.2
2001-12-05,9.6,10.5,8.1,5.8,7.9,88,20.2,20.2,0.0,24.0,7.51,11.5
2001-12-06,6.9,8.6,5.4,2.3,4.1,74,2.3,2.3,0.0,6.0,7.33,11.6
2001-12-07,7.5,9.8,4.5,4.3,7.5,71,2.0,2.0,0.0,9.0,4.35,7.0
2001-12-08,10.0,11.1,9.1,7.9,9.2,93,14.4,14.4,0.0,23.0,5.68,8.8
2001-12-09,10.8,11.3,10.1,7.4,8.9,93,34.2,34.2,0.0,24.0,7.82,11.9
2001-12-10,9.2,10.0,8.7,5.8,6.5,90,10.2,10.2,0.0,20.0,6.54,10.6
2001-12-11,8.8,9.5,8.0,5.8,7.1,85,13.8,13.8,0.0,10.0,5.17,8.9
2001-12-12,8.7,9.6,6.8,5.5,7.8,92,15.4,15.4,0.0,23.0,7.69,11.6
2001-12-13,3.8,6.8,1.4,-2.8,1.2,58,0.0,0.0,0.0,0.0,8.83,14.0
2001-12-14,1.7,3.5,-0.6,-3.2,0.1,52,0.0,0.0,0.0,0.0,6.28,9.5
2001-12-15,4.0,7.1,-0.2,0.2,3.5,68,0.3,0.3,0.0,2.0,4.9,7.6
2001-12-16,6.5,7.6,5.6,3.8,6.7,94,14.1,14.1,0.0,24.0,4.71,6.4
2001-12-17,7.1,8.0,5.6,3.7,4.5,93,7.1,7.1,0.0,22.0,5.33,8.3
2001-12-18,6.8,7.7,5.9,2.7,3.8,81,1.3,1.3,0.0,6.0,5.97,10.1
2001-12-19,6.5,8.6,4.6,3.1,5.0,81,1.3,1.3,0.0,5.0,4.22,7.7
2001-12-20,6.1,7.0,4.3,2.6,3.7,85,7.4,7.4,0.0,15.0,5.3,7.4
2001-12-21,2.5,4.3,0.8,-3.9,-0.5,67,0.7,0.7,0.0,3.0,8.65,13.7
2001-12-22,1.5,3.4,-0.8,-3.2,0.3,59,0.0,0.0,0.0,0.0,5.52,8.4
2001-12-23,3.0,6.0,-0.6,-0.5,3.0,72,0.0,0.0,0.0,0.0,3.2,6.1
2001-12-24,3.7,6.5,0.9,-0.3,2.4,70,0.0,0.0,0.0,0.0,8.14,12.2
2001-12-25,-0.5,2.2,-3.0,-6.4,-2.6,60,0.0,0.0,0.0,0.0,8.21,12.8
2001-12-26,0.9,3.7,-2.2,-2.5,0.7,69,0.0,0.0,0.0,0.0,2.51,5.6
2001-12-27,2.8,5.2,1.0,-0.9,0.6,70,0.0,0.0,0.0,0.0,3.76,6.8
2001-12-28,2.0,4.7,-0.4,-1.9,1.0,72,0.0,0.0,0.0,0.0,3.58,6.5
2001-12-29,4.6,8.5,1.4,0.4,4.0,71,0.0,0.0,0.0,0.0,5.51,9.0
2001-12-30,4.6,8.6,1.4,1.4,5.9,76,0.0,0.0,0.0,0.0,4.39,6.7
2001-12-31,6.4,9.7,3.5,2.8,6.7,79,0.7,0.7,0.0,2.0,4.83,6.7
2002-01-01,4.8,6.9,2.4,1.0,3.0,79,0.0,0.0,0.0,0.0,5.56,8.5
2002-01-02,4.1,7.2,1.0,0.6,3.7,76,0.0,0.0,0.0,0.0,4.61,7.7
2002-01-03,6.3,11.2,2.2,2.8,8.3,72,0.0,0.0,0.0,0.0,4.54,6.6
2002-01-04,7.9,11.6,4.5,4.1,7.7,69,0.0,0.0,0.0,0.0,4.56,7.8
2002-01-05,8.6,12.4,5.5,5.7,10.4,73,0.0,0.0,0.0,0.0,4.4,6.2
2002-01-06,8.8,13.8,4.3,5.9,11.6,77,0.0,0.0,0.0,0.0,4.36,6.3
2002-01-07,6.4,10.9,2.6,1.6,7.1,55,0.0,0.0,0.0,0.0,6.99,11.1
2002-01-08,3.9,7.2,0.5,0.3,3.6,49,0.0,0.0,0.0,0.0,3.05,4.6
2002-01-09,5.4,10.4,1.1,1.0,5.8,63,0.0,0.0,0.0,0.0,5.46,9.0
2002-01-10,9.2,12.9,5.8,6.0,9.8,74,0.0,0.0,0.0,0.0,5.08,8.3
2002-01-11,10.2,15.4,6.3,8.2,13.5,82,0.0,0.0,0.0,0.0,4.39,6.2
2002-01-12,11.5,14.2,8.9,9.7,13.4,85,2.2,2.2,0.0,7.0,4.11,7.7
2002-01-13,12.9,15.9,10.2,12.3,16.0,90,0.0,0.0,0.0,0.0,3.18,4.6
2002-01-14,14.1,17.8,10.6,13.6,18.3,93,0.0,0.0,0.0,0.0,4.2,5.7
2002-01-15,15.8,16.5,15.2,14.9,15.6,93,12.9,12.9,0.0,20.0,6.0,9.6
2002-01-16,8.8,15.3,4.1,4.9,14.6,86,4.2,4.2,0.0,18.0,7.4,11.8
2002-01-17,3.1,4.0,2.1,-1.5,-0.4,81,5.8,5.7,0.07,13.0,5.7,9.3
2002-01-18,3.9,5.6,2.3,-0.5,1.1,82,3.4,3.2,0.14,9.0,5.55,8.9
2002-01-19,4.3,6.3,2.1,0.6,2.8,72,0.0,0.0,0.0,0.0,3.99,6.9
2002-01-20,5.8,8.2,3.0,1.9,4.2,73,0.0,0.0,0.0,0.0,5.69,9.5
2002-01-21,5.7,7.8,3.0,0.5,2.5,54,0.0,0.0,0.0,0.0,6.79,10.9
2002-01-22,4.1,7.0,0.9,0.2,2.9,61,0.0,0.0,0.0,0.0,3.31,6.1
2002-01-23,3.1,5.4,1.2,-0.9,1.4,65,0.0,0.0,0.0,0.0,3.98,7.1
2002-01-24,3.4,6.8,0.1,-0.9,2.6,68,0.0,0.0,0.0,0.0,4.44,7.0
2002-01-25,4.9,5.6,4.1,0.5,1.0,87,15.4,15.4,0.0,21.0,6.63,10.1
2002-01-26,4.8,6.2,3.1,0.6,2.1,84,4.0,4.0,0.0,9.0,6.11,10.0
2002-01-27,4.8,7.9,2.5,1.1,4.2,77,0.0,0.0,0.0,0.0,4.46,7.7
2002-01-28,3.6,6.3,0.3,0.1,2.9,71,0.0,0.0,0.0,0.0,3.45,5.9
2002-01-29,5.1,7.4,2.4,1.9,4.0,72,0.0,0.0,0.0,0.0,3.55,6.3
2002-01-30,5.2,8.0,2.4,1.4,4.1,67,0.0,0.0,0.0,0.0,3.49,6.5
2002-01-31,4.8,8.0,1.0,1.4,5.0,62,0.0,0.0,0.0,0.0,3.22,5.2
2002-02-01,6.1,8.9,2.6,3.0,6.0,70,0.0,0.0,0.0,0.0,3.02,5.6
2002-02-02,6.5,10.1,4.1,3.2,6.5,67,0.0,0.0,0.0,0.0,3.44,6.0
2002-02-03,6.2,11.1,1.6,3.2,8.8,71,0.0,0.0,0.0,0.0,4.55,7.0
2002-02-04,7.9,10.2,5.4,4.9,8.2,82,0.0,0.0,0.0,0.0,4.72,8.0
2002-02-05,8.4,11.1,5.9,6.3,9.2,83,0.2,0.2,0.0,2.0,3.08,5.3
2002-02-06,8.2,12.9,3.5,6.0,11.4,81,0.0,0.0,0.0,0.0,2.73,5.2
2002-02-07,9.8,14.5,6.4,7.1,12.4,75,0.0,0.0,0.0,0.0,5.95,8.4
2002-02-08,10.6,15.3,7.1,7.2,12.1,73,0.0,0.0,0.0,0.0,7.38,12.0
2002-02-09,6.4,8.1,4.1,2.6,4.7,69,0.0,0.0,0.0,0.0,7.29,12.3
2002-02-10,8.0,11.1,5.3,4.5,6.6,65,0.0,0.0,0.0,0.0,5.26,9.0
2002-02-11,7.7,10.9,4.6,4.3,8.0,57,0.0,0.0,0.0,0.0,3.81,5.7
2002-02-12,10.2,14.6,7.2,6.9,11.9,59,0.0,0.0,0.0,0.0,4.2,7.4
2002-02-13,10.1,14.5,7.2,6.9,12.2,70,0.0,0.0,0.0,0.0,6.55,10.2
2002-02-14,7.6,8.9,6.7,3.2,4.4,71,0.0,0.0,0.0,0.0,5.87,9.5
2002-02-15,7.9,11.6,5.8,4.2,8.3,67,0.0,0.0,0.0,0.0,5.08,7.9
2002-02-16,8.1,10.4,5.4,5.1,7.8,83,7.1,7.1,0.0,14.0,4.69,8.1
2002-02-17,11.4,14.4,9.2,9.6,13.5,85,2.8,2.8,0.0,4.0,4.47,7.6
2002-02-18,8.5,11.6,6.6,4.4,7.8,73,0.0,0.0,0.0,0.0,6.31,10.6
2002-02-19,6.9,9.9,4.0,2.7,6.3,59,0.0,0.0,0.0,0.0,4.92,8.7
2002-02-20,7.8,12.4,3.0,3.6,8.4,70,0.0,0.0,0.0,0.0,6.59,10.6
2002-02-21,10.4,11.4,9.8,8.5,10.3,85,17.9,17.9,0.0,16.0,4.72,8.2
2002-02-22,10.0,12.2,8.4,7.2,9.5,85,4.8,4.8,0.0,7.0,5.29,8.6
2002-02-23,6.9,8.3,5.3,2.8,4.7,83,18.4,18.4,0.0,13.0,7.09,10.4
2002-02-24,7.3,11.2,4.1,4.5,9.3,76,0.0,0.0,0.0,0.0,4.1,6.7
2002-02-25,9.7,14.1,5.5,7.4,12.6,81,0.7,0.7,0.0,3.0,4.33,7.0
2002-02-26,10.8,11.4,9.9,9.4,10.7,89,4.1,4.1,0.0,21.0,3.22,5.5
2002-02-27,9.4,11.1,8.2,6.5,9.1,92,13.6,13.6,0.0,24.0,6.48,11.6
2002-02-28,9.0,10.4,8.2,6.6,8.4,88,8.5,8.5,0.0,20.0,4.12,6.6
2002-03-01,9.0,9.7,8.4,5.9,6.6,88,13.9,13.9,0.0,20.0,5.5,8.2
2002-03-02,8.5,9.2,8.0,4.9,5.9,92,18.8,18.8,0.0,22.0,6.88,10.7
2002-03-03,7.7,8.3,6.9,3.5,4.3,84,8.7,8.7,0.0,13.0,6.93,9.1
2002-03-04,7.7,8.4,6.9,4.0,6.3,91,20.2,20.2,0.0,24.0,7.41,11.3
2002-03-05,6.9,8.6,5.8,2.3,7.8,86,11.0,11.0,0.0,14.0,7.94,13.0
2002-03-06,9.0,12.6,6.1,5.4,9.4,71,0.0,0.0,0.0,0.0,6.8,10.6
2002-03-07,11.0,14.2,7.7,8.9,12.9,69,0.0,0.0,0.0,0.0,3.11,5.6
2002-03-08,12.1,16.4,8.1,10.4,15.8,71,0.1,0.1,0.0,1.0,4.4,6.4
2002-03-09,15.3,20.8,10.7,13.7,19.7,75,0.0,0.0,0.0,0.0,5.36,9.1
2002-03-10,16.2,20.4,10.5,15.1,20.8,75,0.0,0.0,0.0,0.0,6.39,10.3
2002-03-11,13.1,17.1,9.5,11.3,15.9,83,6.1,6.1,0.0,7.0,4.66,8.0
2002-03-12,15.2,18.5,12.6,15.0,19.1,86,2.5,2.5,0.0,3.0,4.25,6.3
2002-03-13,14.2,16.4,12.0,11.9,13.8,89,11.2,11.2,0.0,11.0,7.21,11.8
2002-03-14,15.5,16.9,14.3,14.0,14.6,87,7.3,7.3,0.0,8.0,7.08,11.9
2002-03-15,16.0,19.1,13.7,15.8,19.6,82,4.4,4.4,0.0,7.0,4.49,7.5
2002-03-16,15.7,18.9,12.2,13.9,18.1,65,0.1,0.1,0.0,1.0,5.6,7.9
2002-03-17,17.0,21.4,13.8,15.4,20.0,65,0.0,0.0,0.0,0.0,6.11,8.6
2002-03-18,14.1,17.7,10.6,10.6,15.1,44,0.0,0.0,0.0,0.0,6.07,8.9
2002-03-19,16.9,22.0,12.0,14.4,20.8,59,0.0,0.0,0.0,0.0,5.6,9.0
2002-03-20,19.0,24.9,14.7,18.1,24.2,74,8.5,8.5,0.0,7.0,10.58,11.7
2002-03-21,13.4,16.8,10.5,11.0,15.4,73,12.3,12.3,0.0,12.0,8.11,14.7
2002-03-22,11.0,13.3,9.2,8.1,11.2,79,16.3,16.3,0.0,13.0,8.11,12.9
2002-03-23,12.5,14.8,9.7,10.8,13.3,73,1.0,1.0,0.0,3.0,3.67,7.6
2002-03-24,9.6,11.4,8.8,6.0,8.6,80,9.0,9.0,0.0,18.0,6.07,8.9
2002-03-25,11.5,13.4,9.8,9.0,10.9,87,3.9,3.9,0.0,15.0,5.5,8.6
2002-03-26,12.5,14.0,10.7,11.5,13.8,94,16.5,16.5,0.0,14.0,4.44,7.1
2002-03-27,12.6,14.8,10.7,10.6,13.3,88,0.0,0.0,0.0,0.0,5.43,8.3
2002-03-28,12.7,14.3,11.0,10.9,14.2,90,11.0,11.0,0.0,15.0,6.3,9.9
2002-03-29,13.9,16.3,12.1,12.7,16.1,83,0.0,0.0,0.0,0.0,4.66,7.6
2002-03-30,16.5,22.0,11.7,15.9,22.5,81,0.0,0.0,0.0,0.0,5.2,9.2
2002-03-31,17.6,21.3,13.4,16.5,21.9,59,0.0,0.0,0.0,0.0,5.52,8.6
2002-04-01,19.6,25.1,14.3,19.0,26.2,69,0.0,0.0,0.0,0.0,5.47,8.6
2002-04-02,20.3,22.2,18.9,21.8,24.7,86,5.4,5.4,0.0,9.0,4.27,6.7
2002-04-03,19.9,24.8,14.5,20.8,26.1,85,0.0,0.0,0.0,0.0,5.94,9.7
2002-04-04,16.2,19.5,13.4,13.5,17.1,82,0.1,0.1,0.0,1.0,9.15,14.5
2002-04-05,21.4,26.2,17.1,20.8,28.2,83,14.4,14.4,0.0,16.0,9.18,15.7
2002-04-06,20.6,22.9,18.0,21.8,23.8,84,21.4,21.4,0.0,13.0,6.11,12.5
2002-04-07,18.9,23.9,14.0,19.2,24.2,84,0.0,0.0,0.0,0.0,7.5,13.0
2002-04-08,12.6,15.4,10.6,10.1,12.7,78,14.0,14.0,0.0,10.0,6.4,10.5
2002-04-09,14.3,16.3,11.4,11.6,14.7,52,0.0,0.0,0.0,0.0,6.02,8.5
2002-04-10,12.5,14.3,10.5,10.0,12.0,69,4.0,4.0,0.0,6.0,4.94,7.3
2002-04-11,12.2,14.5,10.3,10.7,12.8,72,0.0,0.0,0.0,0.0,4.21,6.3
2002-04-12,16.1,21.5,11.0,14.8,20.8,73,0.0,0.0,0.0,0.0,5.24,8.9
2002-04-13,20.2,25.6,15.4,19.6,25.2,68,0.0,0.0,0.0,0.0,5.79,8.6
2002-04-14,21.3,24.0,18.4,19.2,22.7,59,0.0,0.0,0.0,0.0,6.94,10.7
2002-04-15,23.4,26.1,20.6,24.8,28.6,79,2.9,2.9,0.0,5.0,6.87,10.1
2002-04-16,19.8,24.8,14.5,19.4,25.8,83,11.6,11.6,0.0,14.0,7.54,14.1
2002-04-17,15.4,18.6,11.2,13.7,16.6,71,11.3,11.3,0.0,11.0,4.7,8.5
2002-04-18,11.6,12.9,9.8,8.7,9.8,75,11.0,11.0,0.0,12.0,5.82,9.3
2002-04-19,13.9,15.8,11.4,12.0,14.4,87,16.8,16.8,0.0,11.0,5.63,8.8
2002-04-20,15.4,16.9,14.8,15.8,17.2,93,7.6,7.6,0.0,12.0,2.66,4.8
2002-04-21,18.1,20.9,15.3,18.8,21.8,84,0.0,0.0,0.0,0.0,5.44,8.3
2002-04-22,19.2,22.8,17.7,20.2,25.3,94,6.1,6.1,0.0,9.0,5.5,8.6
2002-04-23,19.1,23.4,14.0,19.5,25.0,91,9.5,9.5,0.0,10.0,8.39,13.3
2002-04-24,13.2,14.3,11.4,9.7,11.2,75,11.9,11.9,0.0,17.0,7.07,11.7
2002-04-25,11.8,13.1,11.2,8.5,9.9,66,0.2,0.2,0.0,2.0,5.38,9.0
2002-04-26,13.1,15.5,10.7,11.0,13.9,76,1.5,1.5,0.0,4.0,4.46,7.4
2002-04-27,14.0,15.9,12.7,12.7,14.8,86,11.3,11.3,0.0,19.0,4.4,7.2
2002-04-28,16.5,19.7,13.4,16.2,20.3,89,2.5,2.5,0.0,5.0,5.03,7.1
2002-04-29,21.5,27.5,16.1,23.5,31.7,87,2.5,2.5,0.0,4.0,4.88,8.2
2002-04-30,18.9,22.1,16.6,19.5,24.5,91,4.3,4.3,0.0,12.0,4.81,10.3
2002-05-01,17.3,19.8,15.1,17.3,20.2,83,10.3,10.3,0.0,9.0,5.01,7.3
2002-05-02,20.3,23.8,16.7,21.6,27.4,89,3.7,3.7,0.0,4.0,5.89,10.0
2002-05-03,20.2,21.8,17.7,21.9,25.6,93,17.3,17.3,0.0,13.0,5.02,9.6
2002-05-04,18.0,20.0,16.7,18.1,21.0,92,6.0,6.0,0.0,17.0,5.65,8.8
2002-05-05,19.1,21.5,17.5,19.4,22.8,93,6.0,6.0,0.0,12.0,5.92,9.5
2002-05-06,22.1,25.0,19.7,24.0,29.2,92,23.0,23.0,0.0,14.0,6.74,9.8
2002-05-07,16.7,18.5,15.0,14.9,17.4,82,7.9,7.9,0.0,6.0,8.27,13.0
2002-05-08,17.4,19.7,15.3,17.0,19.5,77,1.6,1.6,0.0,5.0,4.36,7.0
2002-05-09,16.4,17.2,15.8,15.9,17.1,91,24.4,24.4,0.0,24.0,5.53,8.3
2002-05-10,17.3,18.1,16.6,17.8,18.8,91,3.7,3.7,0.0,11.0,4.63,7.4
2002-05-11,18.3,21.3,16.0,18.5,21.8,82,0.0,0.0,0.0,0.0,4.76,7.0
2002-05-12,19.0,22.7,15.7,18.8,23.0,83,0.0,0.0,0.0,0.0,5.95,8.7
2002-05-13,18.8,20.5,17.5,18.2,20.4,89,10.8,10.8,0.0,10.0,7.38,11.8
2002-05-14,21.2,22.9,19.3,22.4,25.6,94,53.0,53.0,0.0,24.0,7.69,13.1
2002-05-15,20.1,21.3,18.5,18.7,23.7,78,2.2,2.2,0.0,7.0,9.7,16.7
2002-05-16,19.4,22.0,16.8,17.8,21.3,74,0.0,0.0,0.0,0.0,7.6,13.5
2002-05-17,19.9,22.6,18.0,20.1,22.6,76,0.0,0.0,0.0,0.0,4.86,8.0
2002-05-18,18.7,20.7,16.3,18.7,21.3,77,0.0,0.0,0.0,0.0,3.94,7.5
2002-05-19,19.4,22.3,17.7,20.4,23.9,75,2.6,2.6,0.0,6.0,2.9,4.7
2002-05-20,20.3,23.5,16.4,19.3,21.8,67,0.9,0.9,0.0,2.0,6.55,9.6
2002-05-21,18.4,19.4,17.5,17.4,19.9,91,26.1,26.1,0.0,22.0,8.96,13.4
2002-05-22,17.5,18.8,16.7,17.2,20.5,92,8.7,8.7,0.0,24.0,6.05,9.5
2002-05-23,18.8,22.2,16.3,19.0,22.3,79,1.7,1.7,0.0,6.0,3.72,6.5
2002-05-24,22.4,26.5,18.8,23.5,28.3,72,0.0,0.0,0.0,0.0,3.76,6.9
2002-05-25,23.4,27.6,18.6,25.1,29.6,71,0.0,0.0,0.0,0.0,2.68,4.6
2002-05-26,24.7,28.6,20.9,26.8,32.2,68,0.0,0.0,0.0,0.0,3.72,6.1
2002-05-27,24.7,29.2,20.8,26.6,31.8,68,0.0,0.0,0.0,0.0,4.98,5.9
2002-05-28,26.0,29.8,22.8,28.8,33.5,67,0.0,0.0,0.0,0.0,2.98,6.2
2002-05-29,24.1,26.5,21.7,26.7,29.9,81,15.9,15.9,0.0,10.0,6.02,9.5
2002-05-30,23.0,25.2,20.8,25.4,27.4,85,22.8,22.8,0.0,16.0,6.16,10.3
2002-05-31,23.6,27.9,19.9,26.7,32.3,79,0.0,0.0,0.0,0.0,4.46,6.4
2002-06-01,25.2,30.3,20.5,27.6,33.7,72,0.0,0.0,0.0,0.0,5.09,7.8
2002-06-02,24.9,29.7,20.7,26.5,31.6,69,0.0,0.0,0.0,0.0,5.28,7.9
2002-06-03,25.2,30.1,21.1,26.5,32.0,71,0.0,0.0,0.0,0.0,6.33,9.6
2002-06-04,24.9,28.9,22.3,26.2,31.4,74,0.0,0.0,0.0,0.0,6.8,10.4
2002-06-05,25.1,30.0,21.9,26.9,33.0,77,0.0,0.0,0.0,0.0,6.36,9.9
2002-06-06,24.9,29.4,21.5,26.5,32.7,79,0.0,0.0,0.0,0.0,7.02,10.7
2002-06-07,25.9,29.6,23.0,27.8,32.1,80,0.0,0.0,0.0,0.0,6.75,11.0
2002-06-08,26.2,29.9,23.4,28.5,32.7,80,0.0,0.0,0.0,0.0,6.2,10.0
2002-06-09,26.4,29.5,23.8,28.4,31.4,81,0.0,0.0,0.0,0.0,7.28,11.7
2002-06-10,27.7,32.1,24.8,30.9,37.4,79,3.8,3.8,0.0,4.0,6.31,11.7
2002-06-11,28.3,31.7,25.6,31.7,35.7,66,0.0,0.0,0.0,0.0,4.43,7.8
2002-06-12,29.2,31.9,26.2,31.9,33.4,62,0.0,0.0,0.0,0.0,4.83,7.9
2002-06-13,26.8,29.2,23.4,28.7,31.8,66,0.0,0.0,0.0,0.0,5.03,7.9
2002-06-14,26.2,30.4,22.4,27.1,32.8,66,0.0,0.0,0.0,0.0,6.5,11.3
2002-06-15,25.8,30.0,22.1,27.6,32.8,72,0.4,0.4,0.0,2.0,5.55,9.3
2002-06-16,25.4,28.8,22.7,27.8,31.1,79,0.0,0.0,0.0,0.0,5.1,9.0
2002-06-17,26.7,30.4,23.1,30.3,35.3,76,0.0,0.0,0.0,0.0,4.74,7.4
2002-06-18,27.8,32.9,23.6,30.7,35.8,72,0.0,0.0,0.0,0.0,6.02,10.0
2002-06-19,25.7,26.7,24.7,29.7,31.4,89,31.2,31.2,0.0,20.0,4.93,12.5
2002-06-20,25.7,26.3,25.2,30.8,32.4,94,55.3,55.3,0.0,24.0,4.88,11.7
2002-06-21,25.5,26.9,24.4,30.7,32.3,95,40.9,40.9,0.0,17.0,3.95,7.2
2002-06-22,27.2,31.1,24.3,31.7,36.5,87,0.1,0.1,0.0,1.0,5.44,8.1
2002-06-23,29.3,33.9,26.2,35.1,41.5,85,7.7,7.7,0.0,5.0,5.17,9.8
2002-06-24,24.5,27.1,22.5,26.8,31.8,88,13.5,13.5,0.0,17.0,6.25,14.9
2002-06-25,23.5,25.6,21.2,25.5,27.8,78,0.2,0.2,0.0,2.0,5.14,9.2
2002-06-26,24.2,27.0,21.2,26.6,30.6,79,0.0,0.0,0.0,0.0,5.42,8.4
2002-06-27,24.6,26.5,23.3,26.2,28.3,85,22.5,22.5,0.0,8.0,7.99,16.1
2002-06-28,23.2,24.6,22.0,24.1,27.3,91,49.2,49.2,0.0,13.0,10.21,21.0
2002-06-29,23.4,25.0,22.2,25.6,27.6,86,2.5,2.5,0.0,9.0,5.91,8.2
2002-06-30,24.8,28.0,22.3,28.1,31.6,83,9.4,9.4,0.0,6.0,3.94,6.7
2002-07-01,24.2,24.9,23.4,28.0,29.0,91,9.7,9.7,0.0,12.0,4.55,7.8
2002-07-02,25.6,27.9,23.4,29.9,32.5,84,1.2,1.2,0.0,2.0,3.9,6.9
2002-07-03,27.2,30.2,24.8,31.0,34.8,84,0.1,0.1,0.0,1.0,5.91,9.0
2002-07-04,25.7,26.5,24.4,27.7,30.1,88,2.2,2.2,0.0,8.0,9.52,14.6
2002-07-05,24.9,26.5,23.6,25.0,27.6,85,7.2,7.2,0.0,13.0,11.78,18.0
2002-07-06,27.3,30.4,23.9,31.4,35.3,77,0.9,0.9,0.0,3.0,5.0,8.4
2002-07-07,25.9,27.3,24.3,29.8,32.4,81,6.7,6.7,0.0,19.0,3.44,5.7
2002-07-08,25.5,27.9,24.2,28.4,29.6,77,1.7,1.7,0.0,3.0,4.44,7.6
2002-07-09,25.4,27.8,23.3,29.1,31.5,84,2.4,2.4,0.0,9.0,3.61,6.3
2002-07-10,26.7,29.9,24.3,31.0,34.0,81,0.0,0.0,0.0,0.0,3.33,5.4
2002-07-11,27.2,31.2,24.1,31.5,36.9,78,0.0,0.0,0.0,0.0,4.6,7.5
2002-07-12,26.8,31.4,23.1,29.9,35.8,73,0.0,0.0,0.0,0.0,5.39,7.8
2002-07-13,28.1,33.2,23.6,33.4,40.5,80,0.0,0.0,0.0,0.0,4.55,7.2
2002-07-14,31.7,35.7,27.7,39.3,44.5,76,0.0,0.0,0.0,0.0,3.05,5.2
2002-07-15,33.1,35.8,30.7,40.3,42.7,73,0.0,0.0,0.0,0.0,3.74,7.4
2002-07-16,30.6,31.9,27.0,36.9,39.1,82,19.6,19.6,0.0,8.0,5.54,8.3
2002-07-17,28.6,32.2,27.0,34.9,40.0,84,6.6,6.6,0.0,10.0,4.74,9.9
2002-07-18,26.7,27.7,26.0,31.5,32.8,84,4.0,4.0,0.0,9.0,3.21,7.4
2002-07-19,28.0,31.3,25.4,33.1,37.1,80,0.1,0.1,0.0,1.0,5.16,7.6
2002-07-20,28.2,30.7,27.0,33.8,37.4,88,5.2,5.2,0.0,8.0,4.52,7.7
2002-07-21,27.1,27.9,26.6,31.1,32.4,87,17.4,17.4,0.0,24.0,6.41,9.9
2002-07-22,27.1,28.7,25.7,31.8,34.3,88,21.7,21.7,0.0,15.0,6.35,14.3
2002-07-23,29.7,33.2,26.9,34.5,39.1,78,0.0,0.0,0.0,0.0,6.15,9.0
2002-07-24,29.8,33.9,26.3,34.6,40.9,76,0.0,0.0,0.0,0.0,6.04,9.1
2002-07-25,29.0,31.9,27.4,35.5,40.4,85,5.6,5.6,0.0,8.0,4.4,7.4
2002-07-26,29.0,31.8,26.6,34.4,38.7,79,1.8,1.8,0.0,5.0,4.56,7.8
2002-07-27,28.8,31.6,25.8,34.7,38.0,77,0.0,0.0,0.0,0.0,2.63,4.9
2002-07-28,31.1,34.0,28.3,38.1,41.9,78,0.0,0.0,0.0,0.0,3.2,5.8
2002-07-29,30.8,34.1,28.4,36.8,41.2,77,0.0,0.0,0.0,0.0,5.33,8.5
2002-07-30,30.1,33.5,27.6,34.6,39.3,75,0.0,0.0,0.0,0.0,6.13,9.9
2002-07-31,29.4,32.1,26.9,33.6,37.4,79,0.4,0.4,0.0,2.0,7.0,11.3
2002-08-01,28.8,30.8,27.2,32.9,34.9,83,0.0,0.0,0.0,0.0,6.74,11.1
2002-08-02,29.3,32.1,26.9,33.8,36.9,82,0.1,0.1,0.0,1.0,6.67,10.9
2002-08-03,29.6,32.7,27.1,34.0,36.9,80,0.0,0.0,0.0,0.0,6.52,10.0
2002-08-04,29.5,32.4,26.7,33.1,36.8,78,0.0,0.0,0.0,0.0,7.64,11.8
2002-08-05,29.7,32.5,26.8,33.5,36.2,75,0.0,0.0,0.0,0.0,6.66,10.3
2002-08-06,28.8,30.0,27.7,31.8,33.6,77,0.9,0.9,0.0,4.0,7.6,12.4
2002-08-07,26.8,27.9,25.8,31.1,32.7,86,18.6,18.6,0.0,19.0,5.59,10.3
2002-08-08,25.8,28.0,24.3,28.3,30.3,83,3.3,3.3,0.0,14.0,6.24,9.9
2002-08-09,24.1,25.4,22.7,26.5,27.6,83,12.9,12.9,0.0,19.0,4.54,9.1
2002-08-10,22.9,24.6,21.9,25.6,27.6,84,19.2,19.2,0.0,12.0,3.76,6.6
2002-08-11,23.0,23.5,22.6,26.0,27.1,83,10.5,10.5,0.0,11.0,2.2,5.6
2002-08-12,24.3,26.1,22.4,28.1,30.3,83,0.0,0.0,0.0,0.0,2.42,3.8
2002-08-13,24.1,25.1,23.5,27.2,28.2,89,5.4,5.4,0.0,16.0,4.97,8.2
2002-08-14,25.7,28.2,23.7,29.7,32.2,89,1.2,1.2,0.0,4.0,4.15,7.9
2002-08-15,24.2,25.9,23.4,27.4,29.2,91,24.4,24.4,0.0,22.0,5.54,9.1
2002-08-16,23.2,23.9,22.7,26.7,27.9,97,35.4,35.4,0.0,24.0,5.05,8.1
2002-08-17,25.0,27.7,23.1,29.7,32.2,89,12.8,12.8,0.0,12.0,2.69,7.3
2002-08-18,26.6,29.1,24.7,31.8,34.7,86,4.6,4.6,0.0,16.0,2.86,5.7
2002-08-19,27.6,30.2,25.5,32.9,35.9,83,0.4,0.4,0.0,4.0,3.0,5.0
2002-08-20,27.9,30.8,25.6,32.8,35.9,81,0.0,0.0,0.0,0.0,4.88,7.1
2002-08-21,28.0,30.7,25.4,33.2,37.0,79,0.0,0.0,0.0,0.0,4.39,6.9
2002-08-22,30.2,34.5,25.9,36.3,41.8,79,0.0,0.0,0.0,0.0,4.26,6.8
2002-08-23,31.9,35.6,27.7,38.3,42.6,76,11.7,11.7,0.0,7.0,6.96,13.6
2002-08-24,29.8,33.7,27.4,36.6,42.3,82,9.0,9.0,0.0,7.0,3.19,7.4
2002-08-25,28.1,31.1,26.7,33.5,38.0,85,1.7,1.7,0.0,5.0,4.65,7.9
2002-08-26,28.9,32.3,26.2,34.2,39.2,82,2.9,2.9,0.0,5.0,4.57,8.2
2002-08-27,26.3,27.9,25.2,31.2,34.5,89,35.0,35.0,0.0,14.0,4.19,9.6
2002-08-28,26.8,29.9,24.4,30.9,33.6,81,0.0,0.0,0.0,0.0,3.94,7.0
2002-08-29,26.7,29.4,25.2,31.0,33.6,87,3.0,3.0,0.0,9.0,4.81,7.9
2002-08-30,26.9,29.2,25.2,30.2,32.5,84,7.4,7.4,0.0,14.0,6.48,11.5
2002-08-31,27.6,30.6,25.1,30.6,33.6,78,0.0,0.0,0.0,0.0,7.14,12.1
2002-09-01,28.4,32.2,24.3,32.9,37.3,74,0.0,0.0,0.0,0.0,3.55,6.4
2002-09-02,28.9,33.0,24.8,33.1,37.7,70,0.0,0.0,0.0,0.0,3.77,5.9
2002-09-03,28.4,32.5,24.6,33.3,38.2,75,0.0,0.0,0.0,0.0,3.45,6.1
2002-09-04,27.5,31.1,25.2,31.9,35.9,80,0.0,0.0,0.0,0.0,4.3,7.0
2002-09-05,26.7,29.8,24.2,29.2,32.3,81,0.0,0.0,0.0,0.0,8.1,13.3
2002-09-06,24.4,26.5,23.0,24.4,25.8,72,0.0,0.0,0.0,0.0,7.4,11.7
2002-09-07,25.1,26.8,22.9,26.7,28.9,85,3.2,3.2,0.0,11.0,8.28,13.9
2002-09-08,27.0,29.3,25.4,30.1,33.2,88,2.3,2.3,0.0,9.0,8.01,13.0
2002-09-09,28.1,31.3,26.1,33.2,38.1,85,0.8,0.8,0.0,6.0,5.07,8.1
2002-09-10,27.9,30.6,26.1,32.6,36.7,84,1.5,1.5,0.0,8.0,5.8,9.1
2002-09-11,27.1,29.8,25.2,31.0,34.4,82,0.5,0.5,0.0,3.0,5.3,8.4
2002-09-12,26.5,29.1,24.9,29.5,32.5,82,0.0,0.0,0.0,0.0,5.85,9.3
2002-09-13,24.8,26.7,22.9,26.7,28.2,80,0.0,0.0,0.0,0.0,6.17,9.8
2002-09-14,21.9,22.8,21.0,22.9,24.2,85,16.3,16.3,0.0,22.0,5.55,8.8
2002-09-15,21.2,23.1,20.1,22.3,26.7,92,15.5,15.5,0.0,24.0,6.96,12.6
2002-09-16,21.3,23.6,19.6,21.9,24.2,86,5.1,5.1,0.0,9.0,6.28,10.0
2002-09-17,22.2,25.2,19.2,23.3,26.1,76,0.0,0.0,0.0,0.0,4.19,7.5
2002-09-18,22.9,25.7,20.0,24.8,28.2,79,0.2,0.2,0.0,2.0,4.01,6.9
2002-09-19,23.6,26.5,21.4,24.8,28.1,74,0.0,0.0,0.0,0.0,4.6,7.4
2002-09-20,22.6,25.7,20.3,23.5,26.8,72,0.0,0.0,0.0,0.0,4.53,7.7
2002-09-21,22.5,25.3,19.9,23.1,25.8,74,0.0,0.0,0.0,0.0,5.22,8.0
2002-09-22,21.6,24.0,19.9,21.1,23.3,68,0.0,0.0,0.0,0.0,6.44,10.3
2002-09-23,21.8,25.5,17.9,22.1,26.0,65,0.0,0.0,0.0,0.0,4.4,7.5
2002-09-24,22.5,25.2,20.8,23.6,25.2,69,0.0,0.0,0.0,0.0,2.64,4.6
2002-09-25,20.7,22.0,18.1,21.4,22.7,75,0.3,0.3,0.0,2.0,3.47,6.2
2002-09-26,21.4,24.6,18.2,22.9,26.7,73,0.0,0.0,0.0,0.0,2.67,4.3
2002-09-27,22.5,24.9,20.0,24.4,27.2,74,0.0,0.0,0.0,0.0,2.78,4.4
2002-09-28,23.7,26.2,22.1,24.6,27.3,70,0.0,0.0,0.0,0.0,5.0,8.2
2002-09-29,22.4,25.6,19.8,22.9,25.5,67,0.0,0.0,0.0,0.0,4.75,8.2
2002-09-30,22.3,24.7,19.3,23.4,25.2,65,0.0,0.0,0.0,0.0,2.47,5.0
2002-10-01,23.5,27.4,19.5,24.7,28.8,68,0.0,0.0,0.0,0.0,3.9,5.7
2002-10-02,22.4,25.3,19.5,22.4,26.7,62,0.0,0.0,0.0,0.0,6.31,9.3
2002-10-03,24.7,29.7,20.7,26.1,31.9,68,0.0,0.0,0.0,0.0,5.31,8.2
2002-10-04,26.4,30.9,23.6,29.0,33.5,68,0.0,0.0,0.0,0.0,4.19,6.6
2002-10-05,25.4,29.6,21.1,27.2,31.7,69,3.1,3.1,0.0,2.0,7.51,10.5
2002-10-06,21.1,22.9,18.8,19.8,21.3,64,5.5,5.5,0.0,4.0,7.43,10.3
2002-10-07,18.9,21.9,15.7,17.0,19.8,51,0.0,0.0,0.0,0.0,4.79,7.3
2002-10-08,18.6,22.2,15.0,17.5,21.3,57,0.0,0.0,0.0,0.0,3.71,6.5
2002-10-09,19.0,22.7,15.3,18.0,21.9,65,0.0,0.0,0.0,0.0,4.74,7.4
2002-10-10,19.8,22.9,17.1,19.4,22.4,71,0.0,0.0,0.0,0.0,4.5,7.2
2002-10-11,21.2,24.7,17.9,22.1,25.6,80,0.0,0.0,0.0,0.0,4.79,6.8
2002-10-12,23.0,26.3,20.3,25.8,30.0,85,0.0,0.0,0.0,0.0,3.97,6.3
2002-10-13,22.6,26.4,20.0,24.0,27.5,78,0.0,0.0,0.0,0.0,4.27,7.3
2002-10-14,22.3,26.6,18.9,24.2,28.1,81,0.0,0.0,0.0,0.0,3.67,6.4
2002-10-15,23.8,28.0,20.2,25.4,30.3,72,0.0,0.0,0.0,0.0,5.54,9.1
2002-10-16,23.0,27.4,19.2,23.7,28.7,79,0.0,0.0,0.0,0.0,6.32,9.9
2002-10-17,23.2,26.1,21.4,23.8,26.5,85,19.1,19.1,0.0,9.0,7.86,14.2
2002-10-18,21.7,24.3,19.3,21.3,25.0,86,14.7,14.7,0.0,21.0,10.24,16.4
2002-10-19,19.2,19.9,18.1,17.1,18.2,82,2.4,2.4,0.0,9.0,9.69,17.0
2002-10-20,17.6,18.6,16.9,16.3,17.3,91,5.6,5.6,0.0,17.0,7.16,10.5
2002-10-21,15.9,17.7,13.7,12.8,15.5,75,0.2,0.2,0.0,2.0,7.69,11.7
2002-10-22,14.3,16.6,12.4,11.1,13.3,63,0.0,0.0,0.0,0.0,6.07,10.5
2002-10-23,13.8,15.2,12.3,12.1,13.6,67,0.2,0.2,0.0,2.0,3.11,5.9
2002-10-24,14.8,18.0,12.1,14.0,17.5,72,0.0,0.0,0.0,0.0,2.84,4.1
2002-10-25,16.2,20.9,11.4,15.7,20.9,78,0.0,0.0,0.0,0.0,4.67,6.2
2002-10-26,13.2,15.7,10.9,9.8,12.9,67,0.0,0.0,0.0,0.0,6.52,10.6
2002-10-27,12.9,16.7,9.8,10.1,13.7,58,0.0,0.0,0.0,0.0,4.61,7.1
2002-10-28,14.9,18.5,11.4,13.6,17.8,74,0.0,0.0,0.0,0.0,5.0,8.9
2002-10-29,14.9,16.2,14.1,13.1,14.4,84,1.2,1.2,0.0,4.0,5.85,9.4
2002-10-30,14.8,15.8,13.9,13.6,15.4,88,12.3,12.3,0.0,21.0,4.51,7.7
2002-10-31,15.8,16.7,15.0,14.9,16.4,94,8.0,8.0,0.0,21.0,6.51,10.1
2002-11-01,14.1,15.6,10.9,11.4,12.9,74,0.2,0.2,0.0,2.0,6.81,11.1
2002-11-02,12.0,14.4,9.7,8.1,9.5,58,0.0,0.0,0.0,0.0,7.74,12.8
2002-11-03,11.8,14.6,9.6,7.0,8.8,53,0.0,0.0,0.0,0.0,9.34,15.4
2002-11-04,11.2,15.0,8.4,8.0,11.8,56,0.0,0.0,0.0,0.0,3.63,6.4
2002-11-05,12.7,17.4,9.2,9.9,15.1,62,0.0,0.0,0.0,0.0,3.91,6.2
2002-11-06,15.1,19.2,11.0,13.4,17.5,75,0.1,0.1,0.0,1.0,4.33,7.5
2002-11-07,16.4,19.6,13.3,15.4,18.1,76,0.0,0.0,0.0,0.0,4.74,7.9
2002-11-08,12.4,14.9,9.7,8.9,10.7,56,0.0,0.0,0.0,0.0,4.4,7.7
2002-11-09,10.3,13.0,7.1,6.9,9.7,54,0.0,0.0,0.0,0.0,4.86,6.9
2002-11-10,14.6,19.2,10.9,12.3,17.5,69,0.3,0.3,0.0,1.0,4.61,7.7
2002-11-11,16.7,20.9,13.5,16.0,20.6,77,0.0,0.0,0.0,0.0,3.96,5.8
2002-11-12,15.6,19.2,12.5,15.2,19.6,81,0.0,0.0,0.0,0.0,3.41,5.7
2002-11-13,15.3,16.4,14.4,14.2,15.2,88,2.5,2.5,0.0,7.0,5.21,8.6
2002-11-14,15.0,15.4,13.7,13.7,14.7,94,9.0,9.0,0.0,22.0,5.95,9.3
2002-11-15,11.5,13.4,10.2,8.8,10.9,81,10.2,10.2,0.0,20.0,6.41,10.9
2002-11-16,12.3,15.1,10.1,10.1,12.9,74,0.0,0.0,0.0,0.0,4.06,7.3
2002-11-17,11.7,14.4,8.3,8.9,11.2,79,0.0,0.0,0.0,0.0,5.87,9.6
2002-11-18,8.0,10.9,5.9,3.8,7.0,66,0.0,0.0,0.0,0.0,5.55,9.5
2002-11-19,11.0,15.0,6.3,7.8,11.8,73,0.0,0.0,0.0,0.0,5.5,8.7
2002-11-20,12.5,13.0,11.8,11.2,13.1,92,16.7,16.7,0.0,18.0,5.18,7.3
2002-11-21,11.3,12.1,10.8,8.7,9.6,91,8.3,8.3,0.0,19.0,5.74,8.9
2002-11-22,11.1,12.2,10.1,8.9,10.3,77,0.0,0.0,0.0,0.0,4.2,6.9
2002-11-23,11.5,14.1,9.3,9.4,12.3,76,0.0,0.0,0.0,0.0,3.97,6.3
2002-11-24,10.8,12.4,8.2,7.9,9.0,78,0.0,0.0,0.0,0.0,5.7,9.6
2002-11-25,9.4,12.1,6.4,6.5,9.2,75,0.0,0.0,0.0,0.0,4.73,7.6
2002-11-26,8.3,10.6,4.6,3.8,6.9,55,0.0,0.0,0.0,0.0,6.71,10.7
2002-11-27,6.9,11.0,3.1,3.0,7.1,60,0.0,0.0,0.0,0.0,4.88,6.9
2002-11-28,10.6,15.4,7.3,7.7,12.9,75,0.0,0.0,0.0,0.0,4.9,7.2
2002-11-29,11.1,15.0,8.1,9.6,14.3,84,0.0,0.0,0.0,0.0,3.0,4.6
2002-11-30,10.9,13.8,9.1,9.2,12.5,87,0.0,0.0,0.0,0.0,4.12,7.9
2002-12-01,10.9,15.0,7.5,8.8,13.2,86,0.0,0.0,0.0,0.0,5.47,8.1
2002-12-02,13.2,14.0,12.3,10.4,11.7,84,12.7,12.7,0.0,14.0,7.06,11.1
2002-12-03,13.3,14.2,12.0,10.9,13.3,91,10.8,10.8,0.0,11.0,7.03,11.2
2002-12-04,12.2,13.3,11.0,10.7,12.7,85,0.0,0.0,0.0,0.0,5.16,9.5
2002-12-05,12.6,13.2,12.0,10.4,11.3,92,24.4,24.4,0.0,19.0,7.28,11.1
2002-12-06,10.9,12.5,9.6,7.2,9.7,89,17.5,17.5,0.0,24.0,7.58,13.0
2002-12-07,8.0,9.8,5.2,2.8,6.3,85,11.0,11.0,0.0,21.0,9.08,14.6
2002-12-08,3.4,5.0,1.9,-2.7,-1.0,69,0.3,0.3,0.0,2.0,8.12,12.9
2002-12-09,1.9,4.1,0.3,-3.2,-1.1,62,0.0,0.0,0.0,0.0,6.17,9.1
2002-12-10,3.3,5.4,1.6,0.1,2.1,63,0.0,0.0,0.0,0.0,2.91,4.1
2002-12-11,4.3,7.6,0.7,1.0,4.5,72,0.7,0.7,0.0,4.0,3.09,5.2
2002-12-12,6.0,8.8,3.2,3.0,5.1,75,0.3,0.3,0.0,2.0,3.64,6.4
2002-12-13,5.9,9.2,2.4,3.2,7.0,79,0.0,0.0,0.0,0.0,3.26,5.5
2002-12-14,8.8,12.9,5.0,5.0,8.9,78,0.0,0.0,0.0,0.0,6.05,9.6
2002-12-15,11.2,14.1,9.4,9.2,12.9,83,0.0,0.0,0.0,0.0,5.41,8.5
2002-12-16,9.0,10.9,6.5,5.7,9.5,81,0.0,0.0,0.0,0.0,6.38,10.3
2002-12-17,7.3,9.0,5.0,4.0,6.0,82,16.8,16.8,0.0,12.0,5.73,8.7
2002-12-18,8.7,9.0,8.2,5.1,5.8,93,36.7,36.7,0.0,24.0,8.01,11.6
2002-12-19,8.9,10.3,8.1,5.1,6.9,83,4.3,4.3,0.0,12.0,6.85,10.7
2002-12-20,9.7,10.4,8.9,6.2,7.5,89,16.1,16.1,0.0,24.0,7.21,11.2
2002-12-21,10.3,11.5,9.1,7.1,8.1,88,4.3,4.3,0.0,21.0,6.28,11.0
2002-12-22,8.9,10.0,8.1,5.4,6.7,86,0.5,0.5,0.0,2.0,5.59,8.9
2002-12-23,7.8,8.3,6.6,4.8,5.6,92,3.0,3.0,0.0,18.0,5.38,8.1
2002-12-24,4.9,6.5,3.3,0.9,2.6,85,2.7,2.7,0.0,14.0,5.72,8.2
2002-12-25,0.6,3.1,-0.9,-5.8,-2.0,66,0.6,0.3,0.35,5.0,8.1,12.9
2002-12-26,-0.8,0.9,-2.4,-6.8,-4.7,58,0.0,0.0,0.0,0.0,6.56,10.7
2002-12-27,-0.1,2.5,-2.1,-5.1,-2.2,60,0.0,0.0,0.0,0.0,5.29,7.9
2002-12-28,0.9,3.3,-1.8,-2.8,-0.3,64,0.0,0.0,0.0,0.0,2.45,4.4
2002-12-29,2.7,4.1,1.3,-0.7,0.8,67,0.0,0.0,0.0,0.0,2.21,3.7
2002-12-30,2.5,4.1,1.3,-0.8,0.8,79,0.0,0.0,0.0,0.0,2.63,5.3
2002-12-31,2.8,5.1,0.6,-1.5,0.3,74,0.0,0.0,0.0,0.0,4.67,7.6
2003-01-01,1.7,4.7,-1.0,-2.4,0.7,72,0.0,0.0,0.0,0.0,4.0,6.6
2003-01-02,3.1,5.7,0.5,-0.7,3.6,83,4.1,4.1,0.0,8.0,6.71,10.0
2003-01-03,1.6,3.2,-1.8,-4.7,-2.4,65,0.0,0.0,0.0,0.0,9.18,14.8
2003-01-04,-1.7,0.7,-3.6,-7.6,-5.7,51,0.0,0.0,0.0,0.0,6.8,11.6
2003-01-05,-2.9,-0.8,-4.9,-8.5,-6.1,50,0.0,0.0,0.0,0.0,5.99,9.4
2003-01-06,-1.1,0.9,-3.5,-4.7,-2.3,63,0.0,0.0,0.0,0.0,2.28,3.7
2003-01-07,0.5,3.2,-1.4,-3.5,-1.3,72,0.0,0.0,0.0,0.0,3.23,6.1
2003-01-08,0.3,4.2,-3.1,-3.1,1.3,77,0.0,0.0,0.0,0.0,2.64,3.9
2003-01-09,1.8,6.1,-1.5,-1.5,3.6,85,0.0,0.0,0.0,0.0,2.73,5.0
2003-01-10,4.0,7.0,0.8,0.0,2.5,77,0.0,0.0,0.0,0.0,5.14,8.5
2003-01-11,3.1,6.6,-0.1,-0.5,3.2,77,0.0,0.0,0.0,0.0,3.26,5.7
2003-01-12,4.4,9.4,0.6,0.8,5.9,75,0.0,0.0,0.0,0.0,4.03,6.2
2003-01-13,6.9,12.0,2.5,3.5,8.8,70,0.0,0.0,0.0,0.0,3.81,7.0
2003-01-14,4.9,7.4,0.9,0.4,3.6,76,0.0,0.0,0.0,0.0,5.77,9.3
2003-01-15,3.0,6.3,-0.1,-1.0,2.7,71,0.0,0.0,0.0,0.0,4.32,6.8
2003-01-16,6.3,11.1,2.5,2.8,8.0,74,0.0,0.0,0.0,0.0,4.66,6.6
2003-01-17,7.9,12.7,4.6,4.9,10.3,80,0.0,0.0,0.0,0.0,5.56,9.0
2003-01-18,6.2,9.1,3.4,3.3,6.5,86,2.6,2.6,0.0,5.0,5.22,9.3
2003-01-19,5.9,7.1,3.8,2.4,3.5,82,0.0,0.0,0.0,0.0,5.16,8.7
2003-01-20,4.0,6.5,1.3,1.2,3.8,81,0.0,0.0,0.0,0.0,2.41,3.9
2003-01-21,4.7,9.0,0.7,0.6,4.9,74,0.0,0.0,0.0,0.0,5.9,9.0
2003-01-22,6.7,8.3,5.7,2.2,3.7,82,3.4,3.4,0.0,10.0,7.64,11.8
2003-01-23,4.4,6.1,2.1,-0.2,3.0,69,0.0,0.0,0.0,0.0,7.22,11.4
2003-01-24,4.6,8.9,0.6,0.1,3.7,75,0.0,0.0,0.0,0.0,6.55,9.9
2003-01-25,7.7,8.6,6.3,3.8,7.7,88,16.7,16.7,0.0,20.0,7.31,11.1
2003-01-26,6.7,8.0,5.3,2.6,5.3,91,0.5,0.5,0.0,3.0,8.11,10.3
2003-01-27,3.1,4.7,0.9,-3.5,-1.4,70,2.8,2.7,0.07,6.0,9.83,15.6
2003-01-28,2.4,6.2,-1.3,-2.4,1.8,59,0.0,0.0,0.0,0.0,5.5,9.3
2003-01-29,0.8,3.3,-1.9,-3.5,-0.6,61,0.0,0.0,0.0,0.0,4.62,7.8
2003-01-30,2.7,5.6,-1.0,-2.3,1.4,74,0.8,0.8,0.0,5.0,6.18,9.7
2003-01-31,5.1,6.5,3.4,1.2,2.9,94,18.6,18.6,0.0,24.0,6.49,9.9
2003-02-01,4.7,5.8,3.0,0.6,1.9,80,0.6,0.6,0.0,4.0,5.42,8.8
2003-02-02,3.6,6.2,0.7,0.1,3.3,76,0.0,0.0,0.0,0.0,3.77,6.6
2003-02-03,4.0,6.9,0.6,1.1,5.1,73,0.0,0.0,0.0,0.0,2.82,4.3
2003-02-04,5.9,9.7,2.7,1.7,4.8,70,0.0,0.0,0.0,0.0,6.46,10.1
2003-02-05,3.8,6.3,1.5,-0.9,1.5,56,0.0,0.0,0.0,0.0,5.37,8.7
2003-02-06,3.7,8.1,-0.6,-0.7,3.5,69,0.0,0.0,0.0,0.0,5.0,8.0
2003-02-07,8.1,12.1,4.6,5.2,10.2,79,2.6,2.6,0.0,6.0,4.39,7.2
2003-02-08,9.7,12.1,7.7,7.6,10.7,88,3.0,3.0,0.0,6.0,4.3,7.0
2003-02-09,9.6,13.2,5.7,6.1,9.7,85,0.0,0.0,0.0,0.0,6.46,11.0
2003-02-10,7.5,10.0,3.0,3.4,7.7,91,6.8,6.8,0.0,18.0,7.99,12.4
2003-02-11,1.8,3.0,0.8,-3.8,-2.7,79,7.2,3.8,2.45,9.0,7.43,11.7
2003-02-12,1.8,3.5,0.1,-2.3,0.2,65,0.0,0.0,0.0,0.0,4.85,7.7
2003-02-13,3.4,7.2,-0.1,-0.3,3.7,73,0.3,0.3,0.0,1.0,4.61,7.3
2003-02-14,5.4,6.3,4.1,1.5,2.6,88,12.4,12.4,0.0,21.0,5.6,9.0
2003-02-15,6.7,7.1,6.4,4.3,5.6,97,17.8,17.8,0.0,24.0,4.27,6.8
2003-02-16,7.1,8.6,6.1,4.4,6.2,86,2.3,2.3,0.0,11.0,4.88,7.2
2003-02-17,6.8,9.0,4.1,4.6,7.2,87,0.0,0.0,0.0,0.0,2.89,5.2
2003-02-18,8.9,10.4,7.5,7.3,8.6,82,0.0,0.0,0.0,0.0,1.97,4.1
2003-02-19,9.1,12.4,5.6,6.2,9.6,75,0.1,0.1,0.0,1.0,5.1,8.3
2003-02-20,6.9,11.5,2.9,2.4,7.2,67,0.0,0.0,0.0,0.0,8.06,12.1
2003-02-21,12.0,17.3,6.9,7.9,14.0,71,0.0,0.0,0.0,0.0,8.1,12.5
2003-02-22,10.7,14.1,8.3,8.0,12.7,84,7.2,7.2,0.0,16.0,6.01,9.6
2003-02-23,7.0,7.8,6.6,4.0,4.8,87,11.7,11.7,0.0,18.0,4.03,6.9
2003-02-24,8.2,11.5,5.7,5.1,9.1,71,0.0,0.0,0.0,0.0,5.45,7.8
2003-02-25,9.3,12.8,5.7,5.3,8.4,79,0.6,0.6,0.0,2.0,7.0,11.7
2003-02-26,9.8,10.9,8.4,7.2,9.3,91,12.0,12.0,0.0,22.0,6.71,10.6
2003-02-27,8.1,9.6,7.1,4.2,5.7,83,10.4,10.4,0.0,12.0,6.05,10.0
2003-02-28,9.7,10.8,7.9,7.2,10.2,94,16.0,16.0,0.0,23.0,5.77,10.1
2003-03-01,8.4,9.6,7.3,4.6,8.0,86,1.5,1.5,0.0,5.0,8.58,13.3
2003-03-02,11.6,16.2,7.3,8.5,14.9,84,6.2,6.2,0.0,5.0,7.96,12.5
2003-03-03,6.4,12.6,2.4,0.9,10.4,75,3.6,3.0,0.42,13.0,8.58,13.7
2003-03-04,4.1,5.4,2.6,-1.1,0.2,65,0.3,0.3,0.0,1.0,6.23,9.7
2003-03-05,5.5,7.4,3.2,1.1,3.9,92,35.3,34.9,0.28,24.0,7.13,11.5
2003-03-06,5.7,7.1,4.5,0.9,3.6,87,3.0,3.0,0.0,10.0,7.21,12.0
2003-03-07,5.5,8.7,2.7,0.9,4.8,70,0.0,0.0,0.0,0.0,7.14,11.4
2003-03-08,7.9,11.7,4.4,5.3,9.4,73,0.0,0.0,0.0,0.0,3.47,6.5
2003-03-09,7.5,11.4,4.3,4.5,10.3,72,0.0,0.0,0.0,0.0,5.47,8.5
2003-03-10,8.0,11.9,5.2,4.5,8.9,68,0.0,0.0,0.0,0.0,5.82,9.4
2003-03-11,9.3,11.9,6.6,5.2,7.4,76,0.6,0.6,0.0,3.0,7.0,11.4
2003-03-12,9.4,10.1,8.8,6.6,7.4,90,4.5,4.5,0.0,11.0,5.0,7.6
2003-03-13,9.6,12.0,7.6,6.4,8.3,81,0.0,0.0,0.0,0.0,5.63,9.4
2003-03-14,8.0,9.0,7.7,4.1,5.0,87,19.8,19.8,0.0,18.0,6.96,10.3
2003-03-15,7.5,8.5,6.8,3.8,5.5,92,14.4,14.4,0.0,24.0,6.62,10.4
2003-03-16,8.6,9.4,6.7,5.6,7.4,92,7.5,7.5,0.0,13.0,5.33,9.4
2003-03-17,6.3,7.2,5.6,2.3,3.6,84,14.8,14.8,0.0,20.0,6.35,10.3
2003-03-18,7.7,10.7,5.5,4.0,8.2,67,0.0,0.0,0.0,0.0,4.52,7.7
2003-03-19,8.9,12.1,5.7,6.1,10.3,61,0.0,0.0,0.0,0.0,3.68,6.5
2003-03-20,9.6,13.2,6.9,7.2,11.7,66,0.0,0.0,0.0,0.0,4.18,6.7
2003-03-21,10.3,14.7,6.1,7.0,11.5,73,0.0,0.0,0.0,0.0,7.08,11.4
2003-03-22,8.8,11.9,5.9,5.8,9.7,72,0.0,0.0,0.0,0.0,4.6,6.9
2003-03-23,11.0,14.3,8.0,9.0,14.1,79,1.3,1.3,0.0,4.0,4.74,7.4
2003-03-24,13.5,17.7,9.5,12.2,16.4,77,0.0,0.0,0.0,0.0,3.57,6.1
2003-03-25,15.1,20.4,9.7,13.6,20.4,72,0.0,0.0,0.0,0.0,5.88,9.3
2003-03-26,18.6,24.5,13.6,16.8,23.2,64,0.0,0.0,0.0,0.0,5.72,9.8
2003-03-27,13.4,17.8,8.7,9.9,16.9,67,10.8,10.8,0.0,6.0,10.24,16.3
2003-03-28,10.5,13.9,7.0,7.7,12.6,58,0.0,0.0,0.0,0.0,4.2,7.2
2003-03-29,13.5,19.7,7.8,10.9,18.6,74,0.0,0.0,0.0,0.0,6.09,9.3
2003-03-30,19.2,24.9,13.5,18.3,25.7,71,0.0,0.0,0.0,0.0,5.68,9.0
2003-03-31,20.6,24.2,18.8,21.9,27.0,85,29.3,29.3,0.0,10.0,5.15,9.1
2003-04-01,16.3,19.0,13.6,15.2,19.2,89,20.8,20.8,0.0,12.0,5.82,8.8
2003-04-02,13.4,14.2,11.5,11.3,13.2,91,13.8,13.8,0.0,20.0,6.45,10.1
2003-04-03,13.3,15.5,11.4,11.9,14.7,78,5.9,5.9,0.0,5.0,3.71,6.4
2003-04-04,12.9,15.0,11.0,10.9,12.5,80,4.1,4.1,0.0,10.0,4.46,7.5
2003-04-05,13.9,17.3,10.3,12.2,16.2,63,0.0,0.0,0.0,0.0,3.97,6.0
2003-04-06,15.6,20.3,11.0,13.1,18.3,65,0.0,0.0,0.0,0.0,5.6,8.7
2003-04-07,15.7,18.9,13.3,14.0,17.5,82,7.7,7.7,0.0,10.0,7.05,11.2
2003-04-08,17.1,21.2,12.1,15.6,20.7,73,0.0,0.0,0.0,0.0,6.36,10.0
2003-04-09,13.4,17.1,10.8,10.6,15.2,66,0.0,0.0,0.0,0.0,6.65,10.0
2003-04-10,12.1,13.2,10.4,8.1,11.4,83,13.1,13.1,0.0,14.0,9.08,16.6
2003-04-11,14.6,16.3,13.1,14.0,17.0,85,0.4,0.4,0.0,1.0,4.82,8.3
2003-04-12,17.2,20.1,14.6,17.6,21.3,83,2.0,2.0,0.0,6.0,3.89,9.6
2003-04-13,16.1,18.0,14.5,14.9,16.8,73,1.2,1.2,0.0,4.0,4.41,7.3
2003-04-14,16.1,18.7,13.5,15.1,19.0,56,0.3,0.3,0.0,1.0,3.01,4.7
2003-04-15,17.1,22.1,12.5,15.3,21.7,64,0.0,0.0,0.0,0.0,6.73,10.5
2003-04-16,18.5,24.3,13.6,16.5,24.4,66,0.0,0.0,0.0,0.0,6.93,10.6
2003-04-17,21.4,25.3,17.2,21.4,27.4,82,1.0,1.0,0.0,3.0,6.95,10.3
2003-04-18,20.8,24.5,13.2,21.3,27.3,88,10.0,10.0,0.0,17.0,7.68,11.9
2003-04-19,12.5,13.0,11.8,10.7,11.2,85,15.9,15.9,0.0,18.0,5.07,12.5
2003-04-20,13.4,15.1,11.8,12.2,15.1,84,11.1,11.1,0.0,17.0,4.11,11.0
2003-04-21,14.2,15.8,12.9,11.3,13.5,71,1.5,1.5,0.0,4.0,5.92,9.3
2003-04-22,17.7,22.7,12.8,17.3,24.4,79,0.0,0.0,0.0,0.0,5.46,9.4
2003-04-23,17.3,19.1,14.8,17.1,21.2,88,6.0,6.0,0.0,14.0,5.71,11.0
2003-04-24,14.6,15.4,13.9,13.8,15.1,91,18.5,18.5,0.0,24.0,4.22,11.5
2003-04-25,14.7,16.8,13.3,13.0,15.5,83,10.0,10.0,0.0,10.0,6.37,12.0
2003-04-26,17.0,21.4,11.8,16.5,22.3,77,0.0,0.0,0.0,0.0,5.33,8.3
2003-04-27,17.9,21.2,15.1,16.6,20.5,75,0.1,0.1,0.0,1.0,5.51,8.8
2003-04-28,18.8,21.1,16.7,18.4,21.2,87,3.1,3.1,0.0,10.0,6.8,10.6
2003-04-29,19.2,21.1,15.5,19.2,22.9,91,9.7,9.7,0.0,15.0,7.18,11.1
2003-04-30,17.2,20.6,13.8,16.3,21.2,64,0.0,0.0,0.0,0.0,5.06,8.1
2003-05-01,18.8,23.9,13.5,16.4,22.2,57,0.0,0.0,0.0,0.0,7.29,11.3
2003-05-02,20.3,25.5,15.1,19.4,26.5,72,0.0,0.0,0.0,0.0,6.8,10.9
2003-05-03,20.9,23.6,18.4,21.9,25.4,86,3.1,3.1,0.0,6.0,5.42,8.6
2003-05-04,21.7,23.7,19.7,24.3,27.9,90,6.2,6.2,0.0,12.0,4.33,8.4
2003-05-05,22.1,24.8,19.4,24.7,28.7,90,1.1,1.1,0.0,4.0,4.12,6.9
2003-05-06,25.1,29.3,20.8,28.8,34.0,86,0.7,0.7,0.0,1.0,4.63,7.5
2003-05-07,23.6,26.2,17.1,24.5,29.4,82,12.0,12.0,0.0,9.0,8.22,14.3
2003-05-08,16.3,19.0,13.6,13.6,17.4,65,0.0,0.0,0.0,0.0,6.91,11.4
2003-05-09,16.3,19.7,12.6,14.9,19.4,60,0.0,0.0,0.0,0.0,4.9,7.7
2003-05-10,17.8,20.7,15.1,16.9,20.0,69,0.4,0.4,0.0,2.0,4.43,7.2
2003-05-11,19.0,21.3,17.0,18.7,21.6,81,0.4,0.4,0.0,3.0,5.83,9.0
2003-05-12,18.0,18.6,17.5,17.2,18.0,92,29.6,29.6,0.0,17.0,7.08,10.8
2003-05-13,20.5,22.8,18.3,22.4,26.2,92,5.2,5.2,0.0,13.0,5.32,7.7
2003-05-14,20.5,22.9,18.7,22.0,24.7,88,3.1,3.1,0.0,6.0,4.03,6.7
2003-05-15,19.8,22.5,17.3,20.5,23.9,82,0.0,0.0,0.0,0.0,4.53,7.5
2003-05-16,18.6,20.2,17.4,18.5,19.8,86,3.4,3.4,0.0,12.0,5.75,8.6
2003-05-17,20.0,23.6,17.2,19.9,24.8,76,0.0,0.0,0.0,0.0,5.02,9.0
2003-05-18,20.7,24.5,17.1,22.1,26.7,70,0.0,0.0,0.0,0.0,3.16,4.8
2003-05-19,22.7,27.0,18.1,24.1,28.5,73,0.9,0.9,0.0,2.0,4.3,8.3
2003-05-20,22.9,25.4,19.7,23.6,26.2,71,0.0,0.0,0.0,0.0,5.06,8.9
2003-05-21,20.7,23.2,18.3,20.7,23.1,73,0.0,0.0,0.0,0.0,4.17,7.1
2003-05-22,18.9,20.3,17.4,17.8,19.7,72,0.7,0.7,0.0,5.0,5.84,10.0
2003-05-23,19.8,22.6,17.5,19.6,22.5,79,3.5,3.5,0.0,5.0,5.66,9.5
2003-05-24,21.0,23.8,18.6,21.5,24.2,81,3.0,3.0,0.0,5.0,7.38,10.1
2003-05-25,20.1,22.9,17.3,18.8,21.4,72,0.0,0.0,0.0,0.0,6.69,12.0
2003-05-26,20.2,23.5,17.0,20.5,24.1,76,0.0,0.0,0.0,0.0,4.61,6.6
2003-05-27,20.0,22.8,17.8,20.1,22.5,81,0.0,0.0,0.0,0.0,5.18,8.5
2003-05-28,21.5,24.0,18.7,22.7,26.2,84,0.0,0.0,0.0,0.0,4.72,7.5
2003-05-29,22.9,26.6,19.8,25.2,28.9,79,0.0,0.0,0.0,0.0,3.81,6.0
2003-05-30,22.4,25.9,19.6,22.9,25.7,79,0.0,0.0,0.0,0.0,6.94,11.6
2003-05-31,23.8,28.1,20.3,25.3,29.5,71,0.0,0.0,0.0,0.0,4.66,8.1
2003-06-01,23.8,28.4,18.8,24.5,29.4,57,0.0,0.0,0.0,0.0,3.36,5.8
2003-06-02,23.6,28.1,19.8,23.6,27.6,57,0.0,0.0,0.0,0.0,4.41,7.9
2003-06-03,23.2,27.3,20.2,23.4,28.1,64,0.0,0.0,0.0,0.0,4.92,8.0
2003-06-04,23.2,27.7,18.0,24.7,30.4,65,0.0,0.0,0.0,0.0,4.3,6.7
2003-06-05,25.0,30.4,19.7,25.9,32.2,65,0.0,0.0,0.0,0.0,5.02,8.4
2003-06-06,25.4,28.3,22.9,28.5,32.7,75,0.3,0.3,0.0,1.0,3.96,6.9
2003-06-07,25.6,29.4,22.8,28.3,32.3,78,0.1,0.1,0.0,1.0,6.71,10.5
2003-06-08,24.2,27.2,22.0,24.6,27.5,77,0.0,0.0,0.0,0.0,7.56,11.3
2003-06-09,24.5,28.1,21.8,25.6,30.3,77,0.4,0.4,0.0,3.0,7.17,11.5
2003-06-10,24.7,29.4,21.1,26.1,31.6,74,0.0,0.0,0.0,0.0,5.64,9.0
2003-06-11,21.9,22.6,21.2,23.3,24.1,91,35.4,35.4,0.0,18.0,6.85,9.7
2003-06-12,22.7,25.3,20.5,23.9,27.1,78,0.4,0.4,0.0,2.0,6.27,10.2
2003-06-13,22.9,25.0,21.1,24.4,27.5,83,0.0,0.0,0.0,0.0,6.24,9.4
2003-06-14,24.9,28.6,21.0,26.9,31.4,70,0.0,0.0,0.0,0.0,5.24,9.3
2003-06-15,25.8,28.7,22.3,27.9,32.0,69,0.0,0.0,0.0,0.0,5.64,8.5
2003-06-16,23.7,27.2,20.8,24.9,30.3,66,0.0,0.0,0.0,0.0,5.25,8.7
2003-06-17,23.0,27.2,19.7,24.2,29.2,71,0.0,0.0,0.0,0.0,4.94,8.4
2003-06-18,23.1,26.8,19.5,25.0,29.6,73,0.0,0.0,0.0,0.0,4.33,7.3
2003-06-19,24.3,28.1,20.9,26.5,30.4,74,0.0,0.0,0.0,0.0,4.14,7.4
2003-06-20,25.9,29.7,21.2,28.6,33.0,77,0.0,0.0,0.0,0.0,4.7,7.6
2003-06-21,26.6,29.4,24.8,30.0,33.3,78,2.8,2.8,0.0,9.0,5.77,9.3
2003-06-22,28.3,30.8,25.6,32.7,35.5,81,1.8,1.8,0.0,8.0,7.11,8.2
2003-06-23,27.2,28.6,25.2,30.4,32.0,82,21.9,21.9,0.0,17.0,7.52,13.6
2003-06-24,25.7,27.7,24.2,29.5,32.5,83,0.6,0.6,0.0,2.0,4.41,8.2
2003-06-25,26.4,30.5,22.5,29.0,33.3,73,0.0,0.0,0.0,0.0,5.35,8.5
2003-06-26,25.5,26.3,23.9,29.0,30.4,90,56.3,56.3,0.0,16.0,5.06,11.2
2003-06-27,25.1,28.4,21.6,28.3,32.3,88,26.6,26.6,0.0,15.0,6.27,13.9
2003-06-28,24.4,26.6,22.4,27.8,30.5,83,2.2,2.2,0.0,2.0,4.55,7.6
2003-06-29,25.9,28.9,24.5,31.1,35.7,93,22.3,22.3,0.0,14.0,3.68,10.5
2003-06-30,29.4,32.5,25.5,34.8,39.1,81,0.0,0.0,0.0,0.0,4.6,8.1
2003-07-01,27.1,29.9,24.6,31.3,34.2,84,4.2,4.2,0.0,7.0,4.74,12.1
2003-07-02,28.8,33.6,24.2,33.3,39.1,79,0.0,0.0,0.0,0.0,4.89,8.9
2003-07-03,30.1,32.1,27.5,36.3,40.0,79,0.4,0.4,0.0,2.0,5.08,9.3
2003-07-04,31.8,35.4,28.9,37.5,40.3,71,0.0,0.0,0.0,0.0,5.3,8.8
2003-07-05,29.4,31.3,27.7,35.4,38.3,83,1.4,1.4,0.0,3.0,4.7,10.6
2003-07-06,27.5,28.7,26.5,32.9,34.8,86,9.1,9.1,0.0,14.0,4.96,11.6
2003-07-07,27.0,29.4,25.4,31.6,33.7,85,22.3,22.3,0.0,11.0,4.62,10.7
2003-07-08,29.1,31.8,26.3,34.8,37.8,82,3.9,3.9,0.0,6.0,5.19,7.7
2003-07-09,29.5,32.0,27.1,34.3,37.7,79,1.3,1.3,0.0,1.0,6.32,11.8
2003-07-10,29.1,33.1,26.2,35.0,39.4,83,1.4,1.4,0.0,5.0,4.97,12.8
2003-07-11,27.9,29.6,26.6,33.8,35.5,87,5.1,5.1,0.0,14.0,3.06,8.7
2003-07-12,30.5,34.3,26.8,37.0,42.1,81,0.0,0.0,0.0,0.0,4.19,7.5
2003-07-13,31.8,34.5,29.3,37.8,40.2,73,0.6,0.6,0.0,1.0,5.12,11.1
2003-07-14,31.1,35.3,27.4,37.1,41.9,77,0.0,0.0,0.0,0.0,4.5,10.3
2003-07-15,27.9,30.9,25.2,32.3,37.3,84,0.0,0.0,0.0,0.0,4.92,8.1
2003-07-16,26.8,29.1,25.1,30.3,33.3,84,0.6,0.6,0.0,3.0,6.69,10.5
2003-07-17,30.6,35.4,26.8,36.8,43.0,81,0.3,0.3,0.0,2.0,6.94,13.3
2003-07-18,27.1,30.0,23.9,30.4,33.8,76,17.7,17.7,0.0,6.0,5.66,13.1
2003-07-19,30.0,34.1,26.3,35.8,40.9,77,0.0,0.0,0.0,0.0,3.88,7.1
2003-07-20,30.7,34.8,27.8,37.3,42.4,76,0.0,0.0,0.0,0.0,4.03,6.5
2003-07-21,31.8,34.9,29.4,38.0,41.9,73,0.0,0.0,0.0,0.0,4.85,8.7
2003-07-22,31.2,35.4,28.7,36.9,42.6,74,8.3,8.3,0.0,3.0,5.61,9.8
2003-07-23,31.3,34.4,28.6,37.7,41.3,77,0.0,0.0,0.0,0.0,5.88,10.2
2003-07-24,32.2,35.9,28.9,37.8,43.0,72,0.0,0.0,0.0,0.0,6.48,10.9
2003-07-25,33.5,37.1,30.5,41.7,45.5,73,0.0,0.0,0.0,0.0,2.98,5.2
2003-07-26,31.9,35.5,28.8,38.8,42.8,76,6.2,6.2,0.0,5.0,5.14,8.7
2003-07-27,31.4,35.4,28.8,37.2,42.3,75,0.0,0.0,0.0,0.0,6.16,10.5
2003-07-28,33.2,36.9,29.8,40.0,43.4,69,0.0,0.0,0.0,0.0,4.42,7.9
2003-07-29,33.7,36.1,31.4,40.7,43.7,69,0.0,0.0,0.0,0.0,4.0,6.8
2003-07-30,31.3,35.4,28.4,38.3,44.9,81,0.0,0.0,0.0,0.0,5.66,8.8
2003-07-31,31.7,36.1,28.8,38.3,44.5,79,0.0,0.0,0.0,0.0,5.08,8.6
2003-08-01,33.3,37.6,29.2,40.7,47.0,71,0.0,0.0,0.0,0.0,3.85,6.2
2003-08-02,34.2,37.3,31.2,42.4,46.6,70,0.0,0.0,0.0,0.0,2.84,5.3
2003-08-03,32.8,36.7,30.0,39.5,44.5,70,0.0,0.0,0.0,0.0,5.22,8.9
2003-08-04,31.4,35.0,29.2,36.6,41.0,73,0.0,0.0,0.0,0.0,6.48,11.0
2003-08-05,30.4,33.9,28.4,34.7,39.4,76,0.0,0.0,0.0,0.0,7.75,13.8
2003-08-06,30.2,33.1,27.4,34.6,37.9,76,0.3,0.3,0.0,1.0,7.05,11.1
2003-08-07,30.4,33.3,28.2,36.8,42.1,78,2.1,2.1,0.0,5.0,4.89,8.0
2003-08-08,29.8,32.9,27.3,35.4,38.4,75,0.5,0.5,0.0,3.0,4.34,6.5
2003-08-09,29.3,32.0,27.1,34.7,38.4,81,1.7,1.7,0.0,4.0,4.34,7.4
2003-08-10,29.6,32.6,28.2,35.9,39.6,86,2.1,2.1,0.0,6.0,5.54,7.5
2003-08-11,28.2,30.1,25.8,32.4,34.7,81,0.0,0.0,0.0,0.0,5.73,9.6
2003-08-12,25.2,26.0,22.3,28.2,29.5,84,26.2,26.2,0.0,21.0,5.85,10.3
2003-08-13,23.0,23.6,22.3,24.3,25.4,87,18.5,18.5,0.0,22.0,7.37,12.2
2003-08-14,23.8,24.7,22.9,26.0,27.1,90,5.4,5.4,0.0,14.0,6.74,11.5
2003-08-15,26.0,28.5,24.1,28.4,30.6,80,0.0,0.0,0.0,0.0,6.03,10.5
2003-08-16,26.4,29.6,23.8,30.1,33.6,83,0.0,0.0,0.0,0.0,4.84,8.0
2003-08-17,27.1,29.8,24.9,31.8,34.8,84,1.5,1.5,0.0,6.0,4.56,5.7
2003-08-18,27.8,30.1,26.3,33.6,37.7,88,11.8,11.8,0.0,22.0,4.0,6.8
2003-08-19,29.2,31.9,27.1,34.4,37.3,79,0.1,0.1,0.0,1.0,5.56,9.0
2003-08-20,27.7,29.8,27.0,31.6,34.1,89,9.3,9.3,0.0,8.0,8.25,13.0
2003-08-21,29.2,32.0,27.2,32.6,35.4,81,0.3,0.3,0.0,2.0,8.03,13.8
2003-08-22,30.0,33.7,27.3,34.2,39.3,76,0.0,0.0,0.0,0.0,7.0,11.1
2003-08-23,30.0,33.9,26.6,34.4,39.6,74,0.0,0.0,0.0,0.0,5.83,9.1
2003-08-24,30.5,33.8,27.5,35.2,40.0,70,0.0,0.0,0.0,0.0,5.59,8.9
2003-08-25,30.2,32.7,28.3,36.7,40.4,78,0.3,0.3,0.0,1.0,2.82,6.3
2003-08-26,31.5,35.6,28.1,37.3,41.1,71,0.0,0.0,0.0,0.0,3.13,7.0
2003-08-27,32.4,35.6,30.2,37.6,39.9,67,0.0,0.0,0.0,0.0,5.35,10.3
2003-08-28,30.1,33.9,27.7,36.7,42.2,82,2.5,2.5,0.0,8.0,5.16,8.4
2003-08-29,29.3,32.2,27.0,35.2,39.5,86,1.0,1.0,0.0,3.0,6.09,10.4
2003-08-30,28.1,32.3,25.3,33.3,38.3,85,3.3,3.3,0.0,5.0,5.3,10.2
2003-08-31,25.0,26.2,23.3,27.6,29.1,84,0.6,0.6,0.0,3.0,5.23,8.9
2003-09-01,26.5,29.4,24.0,29.7,32.7,83,0.0,0.0,0.0,0.0,5.6,8.9
2003-09-02,29.0,32.7,25.9,34.0,37.5,83,0.4,0.4,0.0,2.0,5.59,10.1
2003-09-03,29.5,32.8,27.5,33.7,37.1,80,0.0,0.0,0.0,0.0,7.21,11.1
2003-09-04,29.9,33.7,26.9,34.1,38.1,76,0.0,0.0,0.0,0.0,6.79,10.6
2003-09-05,30.5,34.3,27.4,35.4,40.9,71,0.0,0.0,0.0,0.0,5.41,9.2
2003-09-06,30.5,34.3,27.4,36.3,41.3,75,0.0,0.0,0.0,0.0,5.41,8.1
2003-09-07,29.8,33.1,27.0,34.4,39.0,75,0.4,0.4,0.0,2.0,6.2,10.9
2003-09-08,28.5,31.8,26.2,33.3,36.8,82,0.3,0.3,0.0,2.0,5.19,8.1
2003-09-09,25.6,27.3,23.2,29.4,32.7,88,12.4,12.4,0.0,19.0,5.41,8.1
2003-09-10,22.2,23.1,21.3,23.9,25.4,80,5.1,5.1,0.0,15.0,5.06,7.9
2003-09-11,23.1,24.8,21.7,24.3,24.9,80,5.1,5.1,0.0,9.0,6.4,10.9
2003-09-12,24.1,27.1,21.9,25.0,28.2,76,0.0,0.0,0.0,0.0,7.36,12.1
2003-09-13,25.4,29.5,20.3,28.4,33.4,73,0.0,0.0,0.0,0.0,3.94,6.2
2003-09-14,27.3,31.1,24.8,31.9,36.1,83,0.3,0.3,0.0,1.0,4.63,7.8
2003-09-15,26.9,29.2,25.9,32.0,35.1,87,10.4,10.4,0.0,8.0,3.7,7.0
2003-09-16,27.8,30.1,26.2,33.0,35.4,84,0.9,0.9,0.0,2.0,4.31,6.2
2003-09-17,27.4,29.1,26.0,32.4,34.0,86,2.5,2.5,0.0,8.0,3.79,7.6
2003-09-18,28.2,31.3,26.2,33.8,37.6,83,0.2,0.2,0.0,1.0,3.5,6.6
2003-09-19,25.7,27.1,23.6,28.3,32.9,86,3.2,3.2,0.0,13.0,8.35,13.4
2003-09-20,23.3,25.4,20.8,22.8,25.0,72,0.0,0.0,0.0,0.0,7.21,12.2
2003-09-21,21.5,24.2,19.1,20.4,22.6,63,0.0,0.0,0.0,0.0,5.48,9.2
2003-09-22,21.7,24.6,18.5,22.0,25.5,68,0.0,0.0,0.0,0.0,3.95,6.7
2003-09-23,22.4,26.2,18.9,23.0,27.0,69,0.0,0.0,0.0,0.0,4.75,8.0
2003-09-24,22.9,26.6,19.8,24.0,28.4,68,0.0,0.0,0.0,0.0,4.41,7.3
2003-09-25,22.8,26.5,19.5,24.2,28.8,74,0.0,0.0,0.0,0.0,4.81,7.4
2003-09-26,22.6,26.6,19.1,23.8,28.3,74,0.0,0.0,0.0,0.0,4.65,7.6
2003-09-27,23.3,27.7,19.6,25.0,30.1,76,0.0,0.0,0.0,0.0,4.52,6.7
2003-09-28,23.7,27.4,20.3,25.8,29.3,78,0.0,0.0,0.0,0.0,4.03,6.2
2003-09-29,23.5,26.6,20.9,24.7,27.4,75,0.4,0.4,0.0,3.0,4.88,8.2
2003-09-30,23.3,26.6,20.1,24.8,28.8,72,0.0,0.0,0.0,0.0,4.41,7.3
2003-10-01,24.4,27.5,21.7,27.2,32.2,80,0.0,0.0,0.0,0.0,5.72,7.8
2003-10-02,21.4,22.8,19.6,21.4,24.4,84,1.6,1.6,0.0,8.0,6.98,11.9
2003-10-03,19.1,19.9,18.5,18.2,19.2,80,5.3,5.3,0.0,21.0,6.22,9.8
2003-10-04,19.2,20.3,18.1,18.5,20.2,75,0.0,0.0,0.0,0.0,4.73,7.5
2003-10-05,19.4,20.9,18.6,18.2,19.8,69,0.0,0.0,0.0,0.0,5.83,9.6
2003-10-06,17.7,18.9,16.4,16.6,17.6,80,8.6,8.6,0.0,21.0,5.95,9.8
2003-10-07,18.0,19.8,16.8,18.5,21.0,89,9.8,9.8,0.0,12.0,4.41,6.9
2003-10-08,20.5,24.1,17.3,21.9,25.7,85,0.0,0.0,0.0,0.0,3.92,5.7
2003-10-09,22.4,26.1,19.5,23.8,27.9,84,0.0,0.0,0.0,0.0,5.14,8.3
2003-10-10,23.8,27.0,21.4,25.2,28.7,86,0.0,0.0,0.0,0.0,7.29,11.5
2003-10-11,23.8,25.8,22.4,25.2,28.1,85,0.8,0.8,0.0,4.0,7.21,10.4
2003-10-12,19.0,23.2,14.6,18.7,25.8,90,19.1,19.1,0.0,23.0,7.82,14.7
2003-10-13,15.9,17.4,14.6,13.0,15.3,87,4.2,4.2,0.0,16.0,8.86,14.5
2003-10-14,15.8,18.3,13.9,12.5,14.9,68,0.0,0.0,0.0,0.0,7.52,11.8
2003-10-15,14.4,17.3,12.0,11.7,14.2,60,0.0,0.0,0.0,0.0,4.85,8.2
2003-10-16,15.7,18.8,13.0,14.6,17.5,68,0.0,0.0,0.0,0.0,3.06,5.0
2003-10-17,16.5,20.3,13.5,16.4,20.3,72,0.0,0.0,0.0,0.0,1.94,4.3
2003-10-18,17.4,20.7,14.3,17.2,19.7,73,0.0,0.0,0.0,0.0,3.2,5.2
2003-10-19,17.3,21.2,14.7,16.5,20.4,73,0.0,0.0,0.0,0.0,3.81,6.6
2003-10-20,17.8,20.9,14.7,17.4,21.0,68,0.0,0.0,0.0,0.0,3.44,5.3
2003-10-21,18.0,21.5,15.1,17.3,20.1,70,0.0,0.0,0.0,0.0,3.69,6.7
2003-10-22,17.9,22.5,13.6,16.3,20.5,67,0.0,0.0,0.0,0.0,7.12,11.5
2003-10-23,14.1,16.7,11.2,11.7,14.5,60,0.0,0.0,0.0,0.0,5.51,9.7
2003-10-24,15.2,19.6,10.8,13.5,18.1,65,0.0,0.0,0.0,0.0,4.0,7.0
2003-10-25,16.9,20.9,13.9,15.8,19.8,71,0.0,0.0,0.0,0.0,4.19,7.2
2003-10-26,16.4,21.2,12.4,15.3,20.7,71,0.0,0.0,0.0,0.0,5.08,7.7
2003-10-27,18.9,24.3,14.6,17.5,23.2,68,0.0,0.0,0.0,0.0,5.51,9.1
2003-10-28,18.3,21.6,14.9,17.1,20.8,64,0.0,0.0,0.0,0.0,5.69,9.6
2003-10-29,17.1,21.5,12.9,15.7,20.6,67,0.0,0.0,0.0,0.0,4.14,6.5
2003-10-30,16.9,20.9,13.0,15.8,20.1,72,0.0,0.0,0.0,0.0,3.94,6.4
2003-10-31,17.3,21.4,13.7,16.9,21.2,79,0.0,0.0,0.0,0.0,3.89,6.9
2003-11-01,19.2,23.9,15.2,19.7,25.1,76,0.0,0.0,0.0,0.0,3.75,5.8
2003-11-02,20.3,25.6,16.1,21.6,27.6,78,0.0,0.0,0.0,0.0,2.8,5.1
2003-11-03,17.2,19.7,13.0,15.5,20.4,76,0.0,0.0,0.0,0.0,7.43,12.8
2003-11-04,15.6,20.0,12.1,14.0,18.2,71,0.0,0.0,0.0,0.0,4.69,7.4
2003-11-05,18.1,22.0,14.5,18.5,23.4,81,0.0,0.0,0.0,0.0,3.41,5.7
2003-11-06,19.9,24.4,17.3,20.3,24.8,86,0.0,0.0,0.0,0.0,5.83,9.3
2003-11-07,21.3,26.2,18.6,21.8,28.9,81,0.0,0.0,0.0,0.0,6.0,9.2
2003-11-08,13.8,18.6,10.9,10.9,18.4,86,4.2,4.2,0.0,19.0,8.08,12.7
2003-11-09,11.2,12.3,9.9,8.0,9.4,83,5.4,5.4,0.0,23.0,6.9,11.2
2003-11-10,10.0,11.4,8.6,6.3,8.3,87,7.4,7.4,0.0,21.0,7.22,10.5
2003-11-11,9.3,11.1,7.7,4.8,6.7,67,0.0,0.0,0.0,0.0,7.24,11.4
2003-11-12,8.9,11.4,7.1,4.9,6.8,66,0.0,0.0,0.0,0.0,6.36,10.1
2003-11-13,9.7,14.1,6.1,7.1,11.4,69,0.0,0.0,0.0,0.0,4.16,5.6
2003-11-14,13.7,18.3,9.8,11.7,16.9,78,0.0,0.0,0.0,0.0,5.89,9.6
2003-11-15,14.0,17.4,11.7,12.6,15.6,78,0.0,0.0,0.0,0.0,4.26,6.9
2003-11-16,12.6,16.1,10.3,9.7,13.5,73,0.0,0.0,0.0,0.0,5.87,9.2
2003-11-17,13.0,15.9,10.8,10.5,13.6,72,0.0,0.0,0.0,0.0,4.79,8.8
2003-11-18,14.8,18.1,11.8,14.3,18.0,88,1.6,1.6,0.0,7.0,3.88,7.0
2003-11-19,16.0,17.8,14.3,16.5,19.8,93,3.8,3.8,0.0,13.0,3.8,6.6
2003-11-20,15.0,16.4,13.2,14.6,18.0,97,17.3,17.3,0.0,22.0,5.03,7.8
2003-11-21,11.9,13.8,7.6,7.8,11.2,69,0.5,0.5,0.0,4.0,6.94,10.7
2003-11-22,8.3,11.2,5.6,4.2,7.7,59,0.0,0.0,0.0,0.0,5.51,9.1
2003-11-23,11.3,16.0,6.6,8.1,12.8,73,0.0,0.0,0.0,0.0,5.92,8.7
2003-11-24,13.5,16.9,10.8,11.7,16.0,79,0.0,0.0,0.0,0.0,5.62,8.1
2003-11-25,12.2,14.5,10.4,9.6,12.1,83,0.0,0.0,0.0,0.0,6.16,9.7
2003-11-26,12.3,14.8,10.2,9.7,12.9,79,0.2,0.2,0.0,1.0,5.55,9.2
2003-11-27,10.2,11.5,7.9,6.2,7.8,76,1.4,1.4,0.0,6.0,7.09,11.5
2003-11-28,8.2,10.3,6.5,3.9,6.1,73,0.0,0.0,0.0,0.0,5.95,9.8
2003-11-29,6.8,8.2,5.7,1.9,3.4,63,0.0,0.0,0.0,0.0,6.53,10.6
2003-11-30,7.1,10.0,5.2,3.5,6.6,67,0.0,0.0,0.0,0.0,4.35,7.2
2003-12-01,7.1,10.5,4.6,4.6,8.2,80,0.0,0.0,0.0,0.0,2.56,5.2
2003-12-02,8.2,11.6,4.8,6.0,9.5,82,0.0,0.0,0.0,0.0,2.53,4.7
2003-12-03,9.7,12.6,6.1,7.5,10.9,80,0.0,0.0,0.0,0.0,4.1,6.6
2003-12-04,11.8,15.8,8.4,8.9,12.2,76,0.0,0.0,0.0,0.0,5.97,10.2
2003-12-05,11.3,12.9,9.1,9.0,11.0,84,0.0,0.0,0.0,0.0,5.25,8.0
2003-12-06,9.2,11.1,6.1,5.1,7.3,80,0.7,0.7,0.0,3.0,6.68,10.6
2003-12-07,5.4,7.9,3.0,0.8,3.8,60,0.0,0.0,0.0,0.0,6.01,9.6
2003-12-08,6.4,8.7,3.9,2.8,5.2,66,0.5,0.5,0.0,3.0,4.83,7.4
2003-12-09,6.0,7.1,4.4,2.0,3.8,85,13.9,13.9,0.0,15.0,6.11,9.6
2003-12-10,7.7,9.3,6.5,5.0,7.1,84,10.1,10.1,0.0,9.0,3.94,6.2
2003-12-11,6.6,7.4,5.5,2.4,5.1,83,1.5,1.5,0.0,6.0,6.4,10.2
2003-12-12,4.3,6.2,2.4,-0.3,1.2,66,0.0,0.0,0.0,0.0,5.06,8.5
2003-12-13,3.5,6.4,1.1,-0.8,1.6,62,0.0,0.0,0.0,0.0,3.96,6.9
2003-12-14,3.3,6.8,0.2,-0.6,2.4,66,0.0,0.0,0.0,0.0,3.54,6.4
2003-12-15,4.3,7.9,1.0,0.8,4.2,75,0.0,0.0,0.0,0.0,3.33,6.5
2003-12-16,5.0,7.2,2.7,1.6,3.8,71,0.0,0.0,0.0,0.0,4.84,6.8
2003-12-17,4.7,6.9,2.9,0.6,2.5,71,0.0,0.0,0.0,0.0,4.94,7.8
2003-12-18,4.3,6.7,2.1,0.0,1.7,65,0.0,0.0,0.0,0.0,5.59,9.0
2003-12-19,2.8,4.7,0.7,-3.7,-0.6,52,0.0,0.0,0.0,0.0,8.27,13.2
2003-12-20,2.5,5.5,-0.1,-2.1,0.6,57,0.0,0.0,0.0,0.0,4.63,7.7
2003-12-21,3.9,7.7,0.8,0.6,4.6,67,0.0,0.0,0.0,0.0,3.14,4.1
2003-12-22,5.3,8.8,1.6,2.3,6.1,72,0.0,0.0,0.0,0.0,3.01,4.2
2003-12-23,7.3,12.2,4.0,4.4,9.2,67,0.0,0.0,0.0,0.0,2.83,4.7
2003-12-24,9.0,13.4,5.4,6.6,11.3,67,0.0,0.0,0.0,0.0,2.7,3.7
2003-12-25,7.8,10.1,3.2,3.6,6.5,68,0.0,0.0,0.0,0.0,5.9,9.7
2003-12-26,3.1,5.7,0.2,-2.9,-1.0,46,0.0,0.0,0.0,0.0,7.16,12.0
2003-12-27,3.0,6.0,-0.4,-1.0,2.4,56,0.0,0.0,0.0,0.0,4.72,7.5
2003-12-28,4.9,10.0,0.5,0.9,6.2,73,0.0,0.0,0.0,0.0,5.59,9.0
2003-12-29,7.1,9.7,4.6,4.1,6.8,70,0.0,0.0,0.0,0.0,3.0,5.2
2003-12-30,7.1,10.1,3.9,4.4,8.1,77,0.0,0.0,0.0,0.0,3.85,5.6
2003-12-31,5.6,7.2,3.9,2.0,3.8,80,0.0,0.0,0.0,0.0,5.32,9.1
2004-01-01,5.6,9.7,1.9,2.7,7.7,79,0.0,0.0,0.0,0.0,3.3,5.1
2004-01-02,6.5,9.0,4.3,2.8,5.9,70,0.0,0.0,0.0,0.0,5.47,8.3
2004-01-03,6.9,10.9,3.2,3.7,7.9,64,0.0,0.0,0.0,0.0,3.19,5.2
2004-01-04,7.8,9.0,6.1,4.6,6.0,72,0.3,0.3,0.0,1.0,3.9,5.7
2004-01-05,8.5,9.1,8.2,6.1,6.8,91,7.9,7.9,0.0,17.0,3.77,6.2
2004-01-06,7.7,8.6,5.7,5.3,6.7,88,2.4,2.4,0.0,7.0,4.37,6.8
2004-01-07,7.2,10.8,4.1,4.5,8.0,82,0.0,0.0,0.0,0.0,4.89,8.8
2004-01-08,6.8,7.4,5.9,3.2,4.7,80,2.8,2.8,0.0,10.0,5.63,8.8
2004-01-09,6.8,7.6,5.7,4.1,5.5,81,0.8,0.8,0.0,6.0,2.85,4.6
2004-01-10,5.1,7.1,3.0,0.7,4.2,91,34.5,34.4,0.07,24.0,7.18,11.6
2004-01-11,5.5,7.2,3.9,1.6,3.6,78,2.7,2.7,0.0,6.0,6.64,10.5
2004-01-12,5.0,7.2,3.3,0.6,2.6,79,0.0,0.0,0.0,0.0,6.56,10.5
2004-01-13,2.0,4.1,-0.4,-2.7,-0.1,53,0.0,0.0,0.0,0.0,5.82,9.4
2004-01-14,3.9,7.8,0.0,-0.4,3.6,73,0.0,0.0,0.0,0.0,5.6,9.4
2004-01-15,6.9,7.7,6.3,4.6,5.7,92,13.0,13.0,0.0,19.0,5.51,8.1
2004-01-16,6.2,7.0,5.3,2.3,3.3,91,17.6,17.6,0.0,19.0,6.16,10.1
2004-01-17,5.7,6.5,5.0,2.5,4.2,84,0.0,0.0,0.0,0.0,4.52,6.7
2004-01-18,3.1,4.7,1.5,-1.0,1.0,85,2.5,2.0,0.35,8.0,5.5,9.0
2004-01-19,1.5,3.1,0.0,-3.4,-1.4,64,0.0,0.0,0.0,0.0,5.23,8.4
2004-01-20,2.4,4.0,-0.2,-1.7,0.5,61,0.0,0.0,0.0,0.0,4.39,6.2
2004-01-21,0.2,3.2,-2.4,-5.6,-1.7,58,0.0,0.0,0.0,0.0,7.09,11.4
2004-01-22,-1.7,0.5,-3.9,-6.3,-3.2,50,0.0,0.0,0.0,0.0,4.22,6.8
2004-01-23,0.6,4.8,-3.0,-4.6,-0.4,63,0.0,0.0,0.0,0.0,8.56,13.5
2004-01-24,-0.9,1.2,-2.5,-7.6,-6.7,47,0.0,0.0,0.0,0.0,9.22,14.9
2004-01-25,-1.1,0.9,-3.9,-5.8,-2.5,49,0.0,0.0,0.0,0.0,4.04,6.5
2004-01-26,1.0,3.4,-1.2,-2.8,0.6,62,0.0,0.0,0.0,0.0,3.44,6.5
2004-01-27,1.5,4.9,-1.0,-2.5,0.4,70,0.0,0.0,0.0,0.0,4.47,7.8
2004-01-28,1.4,6.0,-2.6,-2.4,2.9,73,0.0,0.0,0.0,0.0,3.83,5.5
2004-01-29,3.9,8.5,-0.2,0.6,5.8,76,0.0,0.0,0.0,0.0,3.32,5.2
2004-01-30,5.5,9.3,2.8,2.6,6.7,79,0.0,0.0,0.0,0.0,4.11,6.9
2004-01-31,6.5,11.3,2.3,2.6,7.2,79,1.0,1.0,0.0,2.0,5.83,9.5
2004-02-01,8.0,10.0,6.2,5.2,6.9,86,4.1,4.1,0.0,12.0,5.44,8.8
2004-02-02,4.6,6.0,3.1,-0.5,1.7,62,0.2,0.2,0.0,1.0,6.12,9.8
2004-02-03,3.3,5.9,1.0,-1.1,1.5,53,0.0,0.0,0.0,0.0,4.3,7.4
2004-02-04,5.1,8.5,1.2,0.8,4.2,60,0.0,0.0,0.0,0.0,5.11,7.8
2004-02-05,4.8,8.8,1.2,0.1,3.6,52,0.0,0.0,0.0,0.0,5.78,9.7
2004-02-06,3.1,6.5,-0.2,-1.4,2.2,47,0.0,0.0,0.0,0.0,3.77,7.9
2004-02-07,3.9,6.7,-0.0,-0.3,3.0,49,0.0,0.0,0.0,0.0,3.89,5.8
2004-02-08,5.8,9.4,2.9,2.0,5.7,54,0.0,0.0,0.0,0.0,3.55,5.5
2004-02-09,6.4,10.4,3.1,2.9,7.0,63,0.0,0.0,0.0,0.0,3.3,5.9
2004-02-10,6.7,12.5,2.0,2.9,8.9,66,0.0,0.0,0.0,0.0,4.55,6.9
2004-02-11,8.5,14.2,4.3,5.9,12.3,72,0.0,0.0,0.0,0.0,3.8,6.1
2004-02-12,8.7,12.4,5.6,6.1,10.6,84,0.0,0.0,0.0,0.0,4.04,6.9
2004-02-13,10.0,15.8,5.0,6.7,12.6,73,0.0,0.0,0.0,0.0,5.22,7.8
2004-02-14,10.5,13.4,5.5,6.3,9.7,48,0.0,0.0,0.0,0.0,5.4,9.0
2004-02-15,8.1,13.6,4.1,3.5,9.7,54,0.0,0.0,0.0,0.0,5.92,9.3
2004-02-16,10.6,16.0,6.8,7.6,14.0,76,0.0,0.0,0.0,0.0,6.08,9.8
2004-02-17,10.3,12.3,8.2,7.3,9.5,72,0.0,0.0,0.0,0.0,4.88,7.5
2004-02-18,9.2,10.8,8.0,6.5,9.1,92,8.2,8.2,0.0,10.0,5.1,8.9
2004-02-19,11.3,14.8,8.6,10.4,14.5,93,0.3,0.3,0.0,1.0,4.3,6.5
2004-02-20,14.9,18.9,11.3,13.3,17.6,89,0.0,0.0,0.0,0.0,7.1,11.3
2004-02-21,16.9,20.6,13.6,15.4,21.5,86,6.6,6.6,0.0,11.0,7.52,11.4
2004-02-22,9.6,13.4,7.2,4.6,10.4,73,7.6,7.6,0.0,8.0,9.6,14.7
2004-02-23,7.8,11.2,4.3,4.1,7.6,60,0.0,0.0,0.0,0.0,5.9,9.4
2004-02-24,9.4,11.4,7.6,6.2,9.0,74,0.0,0.0,0.0,0.0,5.47,8.2
2004-02-25,11.9,16.4,7.8,9.8,14.3,78,0.0,0.0,0.0,0.0,4.52,8.1
2004-02-26,11.5,16.6,7.0,8.9,15.3,71,0.0,0.0,0.0,0.0,6.3,11.2
2004-02-27,10.3,14.6,7.0,5.9,11.4,60,0.2,0.2,0.0,1.0,6.84,10.5
2004-02-28,13.0,16.0,11.0,12.0,16.8,91,42.9,42.9,0.0,24.0,4.66,11.8
2004-02-29,8.4,13.1,3.6,3.7,11.4,85,17.6,17.1,0.35,12.0,9.41,15.3
2004-03-01,5.5,6.9,3.9,1.1,2.8,74,0.2,0.2,0.0,1.0,6.44,10.3
2004-03-02,7.0,9.7,4.7,3.3,5.6,70,0.0,0.0,0.0,0.0,4.35,8.4
2004-03-03,6.3,7.8,3.8,1.6,3.6,65,0.0,0.0,0.0,0.0,9.18,14.1
2004-03-04,6.7,10.8,2.2,2.7,7.1,59,0.0,0.0,0.0,0.0,5.6,9.9
2004-03-05,9.7,13.5,6.6,5.2,8.7,58,0.0,0.0,0.0,0.0,8.82,14.0
2004-03-06,6.1,8.3,4.1,1.4,3.7,53,0.0,0.0,0.0,0.0,6.3,11.6
2004-03-07,5.9,8.4,3.6,2.6,6.0,47,0.0,0.0,0.0,0.0,4.6,6.9
2004-03-08,8.2,13.1,3.1,4.2,9.7,62,0.0,0.0,0.0,0.0,5.2,9.2
2004-03-09,12.9,18.8,7.4,9.8,15.8,61,0.0,0.0,0.0,0.0,5.79,8.4
2004-03-10,16.1,22.4,11.9,13.4,22.0,60,0.0,0.0,0.0,0.0,8.46,13.0
2004-03-11,10.8,12.7,8.4,5.6,8.0,55,0.5,0.5,0.0,3.0,7.39,12.1
2004-03-12,8.2,11.0,5.7,4.8,8.4,76,6.7,6.7,0.0,9.0,6.72,10.5
2004-03-13,9.8,13.3,6.2,7.4,11.1,78,0.0,0.0,0.0,0.0,3.61,6.5
2004-03-14,11.8,15.3,7.8,10.7,15.1,80,0.0,0.0,0.0,0.0,3.26,5.3
2004-03-15,13.5,18.9,8.7,10.1,16.5,68,0.0,0.0,0.0,0.0,7.26,10.9
2004-03-16,17.1,21.9,12.0,14.0,20.2,59,0.0,0.0,0.0,0.0,6.87,11.1
2004-03-17,10.9,18.3,5.0,6.7,17.9,75,5.3,5.3,0.0,11.0,11.02,19.1
2004-03-18,6.9,9.9,4.6,2.5,6.3,66,0.0,0.0,0.0,0.0,6.16,10.0
2004-03-19,8.1,9.7,5.8,4.3,6.0,73,0.0,0.0,0.0,0.0,5.1,8.8
2004-03-20,8.3,8.9,7.6,4.6,5.8,84,7.8,7.8,0.0,19.0,6.4,10.2
2004-03-21,7.2,7.8,6.3,3.5,5.6,89,20.1,20.1,0.0,18.0,6.51,10.2
2004-03-22,7.4,9.4,5.3,4.3,6.9,79,0.0,0.0,0.0,0.0,5.19,8.1
2004-03-23,9.0,11.4,6.7,6.6,9.3,83,0.1,0.1,0.0,1.0,4.33,6.6
2004-03-24,10.0,13.2,6.7,7.5,11.3,83,0.0,0.0,0.0,0.0,4.61,7.3
2004-03-25,9.5,11.6,7.6,6.3,8.6,78,7.5,7.5,0.0,8.0,4.98,8.0
2004-03-26,10.3,14.3,7.0,7.6,12.9,71,0.0,0.0,0.0,0.0,4.6,7.1
2004-03-27,11.2,14.4,8.6,8.8,12.1,79,0.2,0.2,0.0,1.0,4.89,7.5
2004-03-28,12.5,16.7,8.1,11.1,16.8,83,0.0,0.0,0.0,0.0,5.15,8.1
2004-03-29,15.6,17.7,13.1,15.1,18.9,87,1.1,1.1,0.0,7.0,4.55,6.9
2004-03-30,14.5,17.3,9.4,11.7,15.2,65,0.0,0.0,0.0,0.0,6.17,10.3
2004-03-31,12.4,16.7,8.0,7.9,12.3,57,0.2,0.2,0.0,1.0,8.03,13.0
2004-04-01,12.9,16.6,10.9,9.9,13.0,79,10.7,10.7,0.0,15.0,8.39,13.2
2004-04-02,15.8,20.6,11.2,13.8,19.0,64,0.0,0.0,0.0,0.0,5.0,8.7
2004-04-03,10.9,13.9,6.7,6.7,13.2,71,0.4,0.4,0.0,2.0,9.3,15.3
2004-04-04,9.4,13.2,6.1,6.5,12.5,55,0.0,0.0,0.0,0.0,5.38,8.3
2004-04-05,13.1,18.8,7.4,9.9,16.8,67,0.0,0.0,0.0,0.0,5.98,10.2
2004-04-06,18.0,24.4,12.9,17.5,25.6,72,8.8,8.8,0.0,6.0,7.26,8.0
2004-04-07,11.3,13.7,9.8,7.6,10.6,78,8.2,8.2,0.0,13.0,7.62,12.2
2004-04-08,12.5,16.3,7.9,10.1,14.5,59,0.0,0.0,0.0,0.0,4.0,6.8
2004-04-09,15.0,19.7,10.5,12.8,19.4,62,0.0,0.0,0.0,0.0,6.11,9.0
2004-04-10,14.8,17.9,12.1,13.0,17.3,71,0.7,0.7,0.0,3.0,5.38,8.3
2004-04-11,18.5,23.5,13.3,18.8,25.6,75,0.0,0.0,0.0,0.0,5.22,8.0
2004-04-12,16.2,17.2,14.6,15.0,16.8,87,17.3,17.3,0.0,18.0,6.26,9.8
2004-04-13,15.5,18.2,12.9,14.3,17.3,82,0.3,0.3,0.0,3.0,4.55,7.2
2004-04-14,14.6,19.3,11.3,13.3,18.7,76,0.0,0.0,0.0,0.0,4.8,8.3
2004-04-15,14.3,16.6,12.3,13.2,15.8,72,0.8,0.8,0.0,3.0,3.18,5.1
2004-04-16,17.3,21.8,11.9,16.9,23.4,67,0.0,0.0,0.0,0.0,4.47,6.6
2004-04-17,18.0,21.2,14.9,16.5,20.4,64,0.1,0.1,0.0,1.0,5.24,7.5
2004-04-18,17.4,20.2,15.0,16.3,20.2,86,30.6,30.6,0.0,18.0,6.79,13.2
2004-04-19,20.6,25.5,16.7,20.5,27.8,74,1.6,1.6,0.0,3.0,9.19,14.3
2004-04-20,24.0,29.7,18.7,26.2,33.7,73,0.0,0.0,0.0,0.0,4.96,7.6
2004-04-21,25.7,30.5,20.9,26.4,32.7,61,0.0,0.0,0.0,0.0,5.51,9.5
2004-04-22,23.4,28.9,15.9,24.5,32.9,73,3.9,3.9,0.0,7.0,9.19,13.9
2004-04-23,15.9,18.7,13.1,11.8,14.8,52,0.0,0.0,0.0,0.0,7.49,12.1
2004-04-24,14.3,17.6,11.9,10.9,14.8,59,0.0,0.0,0.0,0.0,5.54,9.8
2004-04-25,16.3,21.4,11.4,13.6,19.2,71,0.0,0.0,0.0,0.0,7.57,13.1
2004-04-26,17.5,18.6,16.8,16.5,18.6,91,27.6,27.6,0.0,18.0,7.86,12.4
2004-04-27,15.0,17.2,12.5,12.0,15.1,66,0.1,0.1,0.0,1.0,8.46,13.3
2004-04-28,15.8,20.3,11.9,13.0,18.2,65,0.0,0.0,0.0,0.0,6.86,11.1
2004-04-29,18.6,23.0,13.9,17.4,22.8,75,2.5,2.5,0.0,5.0,6.59,10.2
2004-04-30,18.9,19.9,16.7,19.7,22.1,94,46.7,46.7,0.0,21.0,5.46,9.7
2004-05-01,17.2,18.8,15.8,17.0,19.8,89,0.0,0.0,0.0,0.0,5.25,8.8
2004-05-02,20.8,24.3,16.2,23.1,27.8,87,0.0,0.0,0.0,0.0,3.55,6.1
2004-05-03,18.8,23.0,12.4,18.8,25.6,91,15.8,15.8,0.0,21.0,9.03,13.9
2004-05-04,15.0,18.6,11.8,12.5,16.6,66,1.5,1.5,0.0,2.0,7.19,11.2
2004-05-05,18.8,22.8,14.4,17.9,22.5,62,0.0,0.0,0.0,0.0,4.24,7.7
2004-05-06,20.6,25.7,15.0,20.7,27.6,63,0.0,0.0,0.0,0.0,5.11,7.7
2004-05-07,19.2,22.7,15.7,17.5,20.4,67,1.3,1.3,0.0,3.0,6.16,10.4
2004-05-08,19.2,20.4,18.0,20.0,22.3,92,20.3,20.3,0.0,24.0,6.19,9.2
2004-05-09,19.8,22.2,17.8,20.0,21.8,81,1.6,1.6,0.0,7.0,7.05,12.6
2004-05-10,21.8,27.2,16.5,24.3,31.7,80,0.0,0.0,0.0,0.0,6.02,9.1
2004-05-11,24.0,29.4,20.3,25.3,32.6,76,0.0,0.0,0.0,0.0,5.95,10.4
2004-05-12,22.1,23.7,20.6,23.4,25.5,86,25.0,25.0,0.0,20.0,6.55,14.7
2004-05-13,20.8,24.1,18.0,21.1,25.9,74,0.3,0.3,0.0,2.0,5.22,8.2
2004-05-14,18.7,22.1,16.0,17.6,20.7,75,4.7,4.7,0.0,6.0,6.41,10.8
2004-05-15,17.6,18.5,16.2,18.4,19.8,90,49.7,49.7,0.0,24.0,5.76,10.6
2004-05-16,20.0,23.1,17.3,20.3,23.8,76,10.4,10.4,0.0,8.0,7.96,12.4
2004-05-17,22.0,25.5,18.4,21.0,25.4,54,0.0,0.0,0.0,0.0,5.02,8.5
2004-05-18,22.7,26.5,17.7,23.7,28.9,67,0.0,0.0,0.0,0.0,4.36,6.3
2004-05-19,24.3,27.5,21.1,25.5,29.1,65,0.0,0.0,0.0,0.0,4.74,8.4
2004-05-20,25.3,29.3,21.0,26.9,30.9,64,0.0,0.0,0.0,0.0,4.6,8.0
2004-05-21,22.6,25.4,18.4,22.5,26.8,65,2.8,2.8,0.0,6.0,6.48,9.3
2004-05-22,20.4,25.0,16.7,20.2,27.2,70,8.3,8.3,0.0,7.0,5.59,8.5
2004-05-23,21.8,26.5,17.4,22.9,29.1,73,0.0,0.0,0.0,0.0,5.7,8.9
2004-05-24,21.6,26.1,18.2,21.0,27.0,65,0.0,0.0,0.0,0.0,6.0,9.1
2004-05-25,22.9,27.5,18.4,23.6,30.2,72,0.0,0.0,0.0,0.0,5.94,9.3
2004-05-26,26.3,30.4,23.0,30.0,37.3,77,0.2,0.2,0.0,1.0,4.25,7.5
2004-05-27,27.3,31.7,24.3,30.6,36.7,79,0.0,0.0,0.0,0.0,6.51,10.7
2004-05-28,26.8,29.5,24.7,30.5,34.8,82,6.1,6.1,0.0,8.0,6.61,10.5
2004-05-29,23.8,24.8,22.7,27.0,28.6,91,14.8,14.8,0.0,18.0,4.22,8.9
2004-05-30,23.2,25.7,20.3,25.7,31.0,90,18.2,18.2,0.0,11.0,6.99,11.0
2004-05-31,20.7,23.0,18.0,20.6,22.4,74,6.6,6.6,0.0,10.0,4.77,8.8
2004-06-01,20.5,24.8,16.5,19.7,23.7,64,0.0,0.0,0.0,0.0,5.56,9.2
2004-06-02,19.7,21.8,18.2,19.8,22.4,78,7.2,7.2,0.0,9.0,4.55,9.0
2004-06-03,21.4,25.8,17.1,22.1,27.5,74,0.0,0.0,0.0,0.0,5.28,8.2
2004-06-04,22.0,25.2,18.7,21.9,24.3,75,0.0,0.0,0.0,0.0,6.18,9.8
2004-06-05,22.7,26.3,19.4,23.1,26.7,70,0.0,0.0,0.0,0.0,4.75,7.4
2004-06-06,21.3,22.7,20.0,22.5,23.6,76,1.4,1.4,0.0,5.0,3.61,8.2
2004-06-07,22.2,24.4,19.9,23.5,26.3,72,0.0,0.0,0.0,0.0,3.14,5.6
2004-06-08,22.8,26.1,20.0,25.1,29.2,76,0.2,0.2,0.0,1.0,3.45,5.8
2004-06-09,23.0,26.2,20.7,24.9,29.0,79,0.6,0.6,0.0,2.0,4.52,7.2
2004-06-10,23.6,27.8,19.4,25.2,30.2,70,0.0,0.0,0.0,0.0,3.77,6.0
2004-06-11,25.0,28.6,20.4,27.0,31.9,61,0.0,0.0,0.0,0.0,3.19,4.8
2004-06-12,27.7,31.5,23.9,30.4,34.6,63,0.0,0.0,0.0,0.0,3.7,6.6
2004-06-13,25.8,29.2,21.9,29.2,33.9,72,0.0,0.0,0.0,0.0,3.67,5.7
2004-06-14,24.7,26.5,23.2,26.8,28.8,80,0.0,0.0,0.0,0.0,6.96,10.5
2004-06-15,23.1,23.8,22.5,23.3,24.0,85,44.3,44.3,0.0,19.0,9.55,14.4
2004-06-16,22.6,23.5,21.9,25.2,26.6,92,41.7,41.7,0.0,24.0,7.1,12.1
2004-06-17,24.8,27.7,21.9,28.4,32.8,78,18.0,18.0,0.0,3.0,3.35,6.6
2004-06-18,26.3,30.1,22.8,29.9,34.1,84,5.6,5.6,0.0,7.0,6.31,11.5
2004-06-19,25.5,27.0,24.6,28.0,29.4,84,15.4,15.4,0.0,9.0,7.81,14.2
2004-06-20,26.3,29.1,23.9,30.2,33.5,78,0.1,0.1,0.0,1.0,3.62,6.3
2004-06-21,28.7,32.1,26.2,32.9,36.5,71,0.0,0.0,0.0,0.0,4.65,7.2
2004-06-22,28.9,32.3,26.0,33.0,37.8,73,0.0,0.0,0.0,0.0,5.96,9.2
2004-06-23,27.5,30.4,24.6,31.1,34.4,77,2.8,2.8,0.0,5.0,5.83,9.4
2004-06-24,26.6,29.4,24.4,31.3,34.2,89,22.2,22.2,0.0,24.0,7.77,16.7
2004-06-25,24.8,26.3,24.0,29.2,31.6,92,40.5,40.5,0.0,20.0,4.13,10.4
2004-06-26,24.3,25.6,22.7,27.5,28.9,86,3.5,3.5,0.0,9.0,4.72,7.5
2004-06-27,25.9,29.8,22.4,29.7,34.4,82,0.0,0.0,0.0,0.0,4.33,7.2
2004-06-28,27.0,31.4,23.9,31.0,36.1,82,0.0,0.0,0.0,0.0,4.88,7.9
2004-06-29,27.6,31.3,24.9,31.5,36.4,82,0.0,0.0,0.0,0.0,5.99,8.8
2004-06-30,28.2,31.5,25.6,32.0,36.1,81,0.1,0.1,0.0,1.0,6.41,10.5
2004-07-01,29.4,33.1,26.5,33.7,38.0,78,0.0,0.0,0.0,0.0,6.22,9.7
2004-07-02,29.6,33.3,26.7,34.6,38.7,78,0.0,0.0,0.0,0.0,6.36,10.6
2004-07-03,25.3,27.5,22.2,26.5,32.2,90,85.8,85.8,0.0,20.0,13.86,22.3
2004-07-04,25.5,28.9,22.4,27.0,32.6,76,2.2,2.2,0.0,5.0,10.75,16.8
2004-07-05,28.8,32.8,24.7,33.2,38.6,74,0.0,0.0,0.0,0.0,4.25,6.6
2004-07-06,26.8,28.6,24.8,31.0,33.8,85,68.7,68.7,0.0,14.0,7.48,10.0
2004-07-07,26.3,28.6,24.0,30.2,33.2,77,2.1,2.1,0.0,2.0,4.6,11.7
2004-07-08,27.0,30.1,24.6,31.5,35.9,79,1.8,1.8,0.0,4.0,3.83,6.4
2004-07-09,28.1,31.5,24.8,33.3,37.4,75,0.0,0.0,0.0,0.0,3.34,5.7
2004-07-10,29.8,32.4,26.8,34.9,38.2,73,0.2,0.2,0.0,1.0,4.0,6.0
2004-07-11,31.1,34.8,28.0,35.8,39.3,69,0.0,0.0,0.0,0.0,5.78,11.3
2004-07-12,30.3,34.4,27.3,35.1,38.0,71,1.9,1.9,0.0,4.0,6.76,11.5
2004-07-13,27.7,28.7,27.0,32.7,33.6,81,9.0,9.0,0.0,12.0,3.71,10.9
2004-07-14,28.4,31.6,25.9,33.6,37.7,78,1.4,1.4,0.0,3.0,3.01,5.7
2004-07-15,29.1,31.6,27.4,34.1,37.5,79,1.4,1.4,0.0,4.0,6.5,10.5
2004-07-16,30.1,33.8,27.0,34.0,39.2,73,0.0,0.0,0.0,0.0,7.02,11.2
2004-07-17,30.5,34.0,27.2,34.4,39.3,69,0.0,0.0,0.0,0.0,6.04,9.8
2004-07-18,31.3,34.7,28.4,35.1,39.2,66,0.0,0.0,0.0,0.0,6.66,10.2
2004-07-19,31.2,34.9,28.1,35.2,40.4,67,0.2,0.2,0.0,1.0,7.12,11.0
2004-07-20,31.7,35.5,28.4,36.6,41.5,67,0.0,0.0,0.0,0.0,5.61,9.5
2004-07-21,31.8,35.1,28.5,37.2,43.3,68,0.0,0.0,0.0,0.0,5.35,8.9
2004-07-22,31.5,35.1,28.1,37.9,43.2,71,0.0,0.0,0.0,0.0,3.81,6.7
2004-07-23,31.5,35.5,27.3,38.1,43.0,70,0.0,0.0,0.0,0.0,3.06,5.7
2004-07-24,32.6,36.3,29.0,39.0,43.9,66,0.0,0.0,0.0,0.0,3.28,5.2
2004-07-25,31.8,35.3,28.8,37.8,42.4,69,0.3,0.3,0.0,1.0,3.4,7.0
2004-07-26,31.0,35.6,27.0,36.4,41.9,71,0.0,0.0,0.0,0.0,5.84,9.7
2004-07-27,30.8,34.4,27.8,34.5,39.6,70,0.0,0.0,0.0,0.0,6.58,10.4
2004-07-28,31.1,34.9,28.0,36.2,41.3,72,0.2,0.2,0.0,1.0,5.75,9.5
2004-07-29,31.8,35.2,28.7,37.7,42.8,71,0.0,0.0,0.0,0.0,5.31,8.6
2004-07-30,30.7,34.6,28.5,37.4,43.7,76,2.0,2.0,0.0,3.0,5.06,9.8
2004-07-31,30.1,33.9,28.0,36.7,41.3,78,3.7,3.7,0.0,9.0,3.08,7.0
2004-08-01,29.8,33.1,27.8,36.4,39.6,78,3.0,3.0,0.0,14.0,2.02,4.7
2004-08-02,29.8,33.1,27.7,35.7,41.3,79,0.8,0.8,0.0,4.0,5.26,8.6
2004-08-03,30.5,34.5,27.4,35.9,41.0,74,0.4,0.4,0.0,2.0,4.25,8.0
2004-08-04,30.4,33.2,28.5,36.9,41.4,75,7.9,7.9,0.0,5.0,3.78,6.2
2004-08-05,30.7,34.5,27.9,35.9,41.0,71,0.0,0.0,0.0,0.0,5.44,9.3
2004-08-06,30.7,34.9,28.2,35.0,40.9,70,0.0,0.0,0.0,0.0,5.76,9.4
2004-08-07,30.5,34.7,27.6,35.4,41.0,73,0.0,0.0,0.0,0.0,5.16,9.2
2004-08-08,31.0,35.7,27.4,36.6,42.4,74,0.0,0.0,0.0,0.0,5.35,8.1
2004-08-09,30.7,35.4,27.5,35.0,41.0,68,0.0,0.0,0.0,0.0,5.64,9.1
2004-08-10,30.0,33.7,27.1,34.0,38.4,73,0.0,0.0,0.0,0.0,5.61,9.5
2004-08-11,29.8,33.0,27.2,33.8,36.3,76,0.2,0.2,0.0,2.0,6.53,11.0
2004-08-12,29.6,32.2,27.3,32.6,35.0,78,0.7,0.7,0.0,4.0,10.03,16.5
2004-08-13,29.3,31.5,27.7,32.4,34.9,84,3.9,3.9,0.0,9.0,9.6,15.7
2004-08-14,30.5,33.6,27.8,34.8,39.4,77,0.1,0.1,0.0,1.0,7.26,11.7
2004-08-15,30.8,34.5,27.6,36.0,40.6,73,0.0,0.0,0.0,0.0,5.25,8.4
2004-08-16,30.5,34.6,27.9,36.9,42.3,76,4.1,4.1,0.0,7.0,4.7,7.5
2004-08-17,28.6,31.6,26.9,34.0,37.5,82,5.9,5.9,0.0,11.0,5.65,8.0
2004-08-18,26.7,28.4,25.3,28.2,30.4,77,1.4,1.4,0.0,6.0,8.16,13.8
2004-08-19,26.8,29.8,24.0,28.8,32.5,64,0.0,0.0,0.0,0.0,5.46,9.3
2004-08-20,28.1,31.9,24.1,31.0,35.2,62,0.0,0.0,0.0,0.0,5.78,8.4
2004-08-21,28.2,31.8,25.9,32.8,38.6,78,1.5,1.5,0.0,4.0,5.7,8.7
2004-08-22,27.0,29.5,25.4,31.2,33.7,85,5.8,5.8,0.0,10.0,5.45,9.1
2004-08-23,26.4,28.9,24.8,29.5,31.5,82,5.8,5.8,0.0,3.0,5.6,9.3
2004-08-24,26.7,29.0,24.6,29.3,31.8,80,0.8,0.8,0.0,5.0,6.5,10.4
2004-08-25,28.0,30.2,25.7,31.7,35.3,83,2.1,2.1,0.0,10.0,6.62,12.4
2004-08-26,29.1,31.7,27.0,32.6,35.2,79,0.1,0.1,0.0,1.0,7.54,11.8
2004-08-27,29.0,32.3,26.4,32.7,35.7,77,0.0,0.0,0.0,0.0,6.16,10.0
2004-08-28,29.4,33.0,26.6,34.6,39.2,77,0.0,0.0,0.0,0.0,4.95,8.4
2004-08-29,27.9,30.6,25.7,31.9,35.6,80,1.1,1.1,0.0,5.0,7.34,11.7
2004-08-30,26.5,29.5,24.1,28.3,31.3,66,0.0,0.0,0.0,0.0,5.5,8.6
2004-08-31,24.8,29.1,20.7,25.4,29.9,63,15.0,15.0,0.0,9.0,5.91,9.4
2004-09-01,23.1,24.6,21.5,25.0,27.3,88,6.3,6.3,0.0,13.0,6.09,10.3
2004-09-02,25.5,29.0,23.0,28.4,32.7,80,0.0,0.0,0.0,0.0,4.95,8.1
2004-09-03,24.1,25.9,20.9,25.6,27.9,81,4.2,4.2,0.0,13.0,6.24,11.6
2004-09-04,23.2,25.8,21.0,25.6,29.7,87,11.0,11.0,0.0,15.0,6.14,10.6
2004-09-05,25.2,27.1,23.6,28.5,30.3,87,2.9,2.9,0.0,11.0,5.42,8.4
2004-09-06,26.1,28.6,24.1,28.2,30.2,79,0.0,0.0,0.0,0.0,6.93,11.0
2004-09-07,25.3,28.3,22.6,26.5,30.3,72,0.2,0.2,0.0,2.0,6.22,10.2
2004-09-08,23.3,25.2,21.2,24.3,26.5,69,0.6,0.6,0.0,2.0,4.84,7.5
2004-09-09,22.8,24.0,21.7,24.0,25.1,68,2.8,2.8,0.0,7.0,2.51,7.2
2004-09-10,22.6,24.0,21.8,24.4,25.9,81,2.3,2.3,0.0,7.0,4.67,8.0
2004-09-11,22.5,24.4,20.4,22.1,24.3,78,1.3,1.3,0.0,3.0,9.05,14.8
2004-09-12,23.1,25.4,20.7,24.6,28.4,78,0.0,0.0,0.0,0.0,6.65,10.2
2004-09-13,22.9,23.6,22.1,24.5,26.2,91,12.5,12.5,0.0,15.0,7.5,11.7
2004-09-14,23.5,25.5,21.6,25.4,26.7,87,7.5,7.5,0.0,12.0,6.3,11.6
2004-09-15,22.8,25.1,20.9,25.3,27.4,81,0.0,0.0,0.0,0.0,2.79,4.9
2004-09-16,25.2,28.5,22.2,29.6,35.0,87,0.0,0.0,0.0,0.0,3.4,5.1
2004-09-17,26.8,30.0,24.0,30.9,35.0,82,0.0,0.0,0.0,0.0,4.68,7.7
2004-09-18,26.9,30.6,24.8,31.9,35.7,84,0.5,0.5,0.0,2.0,3.82,5.9
2004-09-19,25.7,28.9,23.2,28.5,32.1,81,0.0,0.0,0.0,0.0,5.64,8.4
2004-09-20,25.5,28.7,21.5,27.7,32.2,82,5.7,5.7,0.0,7.0,7.1,11.9
2004-09-21,21.2,23.4,18.7,20.7,23.0,72,8.8,8.8,0.0,12.0,5.55,8.8
2004-09-22,21.0,23.5,18.0,21.1,24.2,64,0.0,0.0,0.0,0.0,3.4,6.4
2004-09-23,21.9,24.8,19.3,22.3,24.4,67,0.0,0.0,0.0,0.0,3.97,6.5
2004-09-24,22.2,25.9,18.5,22.9,26.2,72,0.0,0.0,0.0,0.0,4.68,7.2
2004-09-25,23.3,26.6,21.2,24.7,27.2,79,0.0,0.0,0.0,0.0,4.46,7.7
2004-09-26,23.4,26.7,20.5,25.3,28.6,79,0.0,0.0,0.0,0.0,4.3,6.9
2004-09-27,23.5,26.6,21.2,24.5,27.3,75,0.0,0.0,0.0,0.0,5.18,9.0
2004-09-28,22.6,25.8,19.9,23.6,26.6,72,0.0,0.0,0.0,0.0,3.93,7.6
2004-09-29,22.8,26.3,20.0,24.8,29.3,76,0.0,0.0,0.0,0.0,3.85,6.2
2004-09-30,23.0,26.9,19.4,24.4,29.0,78,0.0,0.0,0.0,0.0,4.75,8.6
2004-10-01,19.7,23.0,15.6,18.3,24.6,77,1.4,1.4,0.0,5.0,10.65,16.9
2004-10-02,16.6,19.9,14.1,12.6,16.5,47,0.0,0.0,0.0,0.0,7.58,11.8
2004-10-03,17.0,20.4,13.2,15.1,18.9,53,0.0,0.0,0.0,0.0,3.8,7.0
2004-10-04,18.6,21.9,16.0,17.3,20.9,62,0.0,0.0,0.0,0.0,4.04,6.3
2004-10-05,18.7,22.1,15.5,17.4,20.6,64,0.0,0.0,0.0,0.0,4.7,8.4
2004-10-06,19.5,22.4,17.4,19.5,22.9,68,0.0,0.0,0.0,0.0,3.0,5.7
2004-10-07,19.7,22.8,17.3,20.5,23.4,72,0.0,0.0,0.0,0.0,2.3,4.4
2004-10-08,19.9,24.0,16.7,20.2,23.7,72,0.0,0.0,0.0,0.0,3.33,6.0
2004-10-09,20.3,25.3,17.0,20.3,24.0,71,0.0,0.0,0.0,0.0,4.28,7.1
2004-10-10,20.9,25.7,16.9,21.0,25.2,64,0.0,0.0,0.0,0.0,3.04,5.6
2004-10-11,22.0,25.7,18.0,22.8,26.0,66,0.0,0.0,0.0,0.0,2.82,5.4
2004-10-12,20.6,24.2,17.4,19.7,23.8,67,0.0,0.0,0.0,0.0,5.86,10.2
2004-10-13,19.2,22.9,15.6,18.5,23.1,58,0.0,0.0,0.0,0.0,3.85,6.7
2004-10-14,18.7,23.0,15.5,17.8,22.9,66,0.0,0.0,0.0,0.0,5.26,8.9
2004-10-15,18.1,21.5,15.9,17.1,21.2,60,0.0,0.0,0.0,0.0,3.79,6.5
2004-10-16,17.9,22.0,14.0,16.9,21.0,66,0.0,0.0,0.0,0.0,4.77,8.2
2004-10-17,19.5,22.6,15.6,19.5,23.0,73,0.0,0.0,0.0,0.0,3.35,6.7
2004-10-18,20.7,23.1,18.8,20.9,23.2,74,0.0,0.0,0.0,0.0,5.27,8.4
2004-10-19,19.8,23.1,17.6,18.2,20.9,73,0.0,0.0,0.0,0.0,7.35,11.8
2004-10-20,19.2,23.3,16.1,18.2,22.0,74,0.0,0.0,0.0,0.0,6.22,10.0
2004-10-21,19.2,23.3,16.5,19.6,22.6,73,0.0,0.0,0.0,0.0,3.22,6.5
2004-10-22,18.2,22.0,15.9,16.6,21.6,70,0.0,0.0,0.0,0.0,6.07,10.0
2004-10-23,17.8,21.7,14.3,16.1,20.2,65,0.0,0.0,0.0,0.0,4.69,9.1
2004-10-24,18.7,22.6,15.6,18.3,23.6,71,0.0,0.0,0.0,0.0,4.0,7.3
2004-10-25,17.9,20.2,16.5,17.1,18.7,78,7.2,7.2,0.0,12.0,5.41,7.9
2004-10-26,16.7,18.8,13.3,13.7,16.1,73,1.3,1.3,0.0,3.0,8.9,15.1
2004-10-27,14.4,16.9,11.5,11.9,15.2,57,0.0,0.0,0.0,0.0,5.38,9.0
2004-10-28,15.8,20.1,11.6,14.3,18.9,69,0.0,0.0,0.0,0.0,3.99,6.3
2004-10-29,18.2,22.0,15.0,17.8,21.4,78,0.0,0.0,0.0,0.0,4.47,7.1
2004-10-30,18.2,21.8,15.4,17.9,21.5,77,0.0,0.0,0.0,0.0,3.93,6.5
2004-10-31,18.2,22.2,14.6,19.1,23.2,83,0.0,0.0,0.0,0.0,2.92,5.1
2004-11-01,18.0,20.9,14.9,16.1,18.9,69,5.9,5.9,0.0,8.0,7.83,12.7
2004-11-02,15.4,18.6,12.4,13.5,16.5,61,0.0,0.0,0.0,0.0,3.41,5.4
2004-11-03,16.5,21.1,11.9,15.1,20.2,64,0.0,0.0,0.0,0.0,3.31,5.9
2004-11-04,17.3,22.2,13.3,15.7,20.4,70,0.0,0.0,0.0,0.0,5.2,7.8
2004-11-05,18.1,21.3,15.9,17.6,20.1,72,0.0,0.0,0.0,0.0,4.18,7.0
2004-11-06,16.6,19.3,14.9,16.3,19.4,82,0.0,0.0,0.0,0.0,4.7,7.6
2004-11-07,17.4,21.9,14.5,16.8,21.2,85,0.0,0.0,0.0,0.0,5.02,7.4
2004-11-08,19.1,23.6,16.0,18.4,22.8,79,0.0,0.0,0.0,0.0,6.23,9.2
2004-11-09,20.5,23.6,18.1,20.2,23.2,85,6.9,6.9,0.0,6.0,7.43,11.4
2004-11-10,19.7,21.1,18.8,20.9,22.0,87,1.9,1.9,0.0,5.0,4.53,10.0
2004-11-11,17.5,18.2,15.8,17.4,18.6,90,13.2,13.2,0.0,12.0,5.0,8.2
2004-11-12,14.9,16.5,13.1,11.9,14.2,71,0.5,0.5,0.0,4.0,6.48,10.9
2004-11-13,14.4,15.4,13.0,12.9,16.1,88,39.1,39.1,0.0,21.0,5.7,11.4
2004-11-14,14.3,14.9,13.3,12.5,14.2,88,5.1,5.1,0.0,14.0,5.63,8.7
2004-11-15,12.9,15.3,11.3,10.0,12.0,71,0.0,0.0,0.0,0.0,5.91,9.1
2004-11-16,12.1,14.5,9.5,9.8,12.0,58,0.0,0.0,0.0,0.0,3.16,4.2
2004-11-17,12.3,16.1,9.7,10.0,13.4,66,0.0,0.0,0.0,0.0,3.2,4.7
2004-11-18,13.2,17.1,9.6,11.7,15.3,70,0.0,0.0,0.0,0.0,3.04,4.5
2004-11-19,13.9,17.4,11.4,12.6,15.8,71,0.0,0.0,0.0,0.0,2.8,5.2
2004-11-20,14.4,17.9,12.2,12.8,16.3,69,0.0,0.0,0.0,0.0,3.78,7.1
2004-11-21,13.0,16.2,10.6,10.7,13.7,69,0.0,0.0,0.0,0.0,3.84,6.4
2004-11-22,12.9,17.1,9.7,11.2,15.6,76,0.0,0.0,0.0,0.0,3.64,5.8
2004-11-23,14.7,18.5,11.8,13.1,17.1,81,0.0,0.0,0.0,0.0,4.31,7.6
2004-11-24,16.1,19.4,13.7,15.8,20.1,84,0.0,0.0,0.0,0.0,4.68,7.7
2004-11-25,14.8,18.2,8.8,13.3,19.0,90,4.7,4.7,0.0,10.0,9.12,13.9
2004-11-26,6.8,8.7,5.7,1.0,3.1,66,5.4,5.4,0.0,8.0,9.49,15.3
2004-11-27,6.8,9.5,4.5,3.0,5.7,59,0.0,0.0,0.0,0.0,4.19,6.6
2004-11-28,9.5,13.3,6.4,6.8,10.6,69,0.0,0.0,0.0,0.0,2.98,5.5
2004-11-29,10.5,14.4,7.6,8.8,12.5,78,0.0,0.0,0.0,0.0,2.93,5.3
2004-11-30,10.8,14.9,7.1,8.8,12.9,76,0.0,0.0,0.0,0.0,3.7,6.0
2004-12-01,13.5,16.6,11.0,11.1,13.9,76,0.0,0.0,0.0,0.0,5.38,8.3
2004-12-02,14.1,17.1,11.7,11.7,14.7,79,0.0,0.0,0.0,0.0,5.47,9.8
2004-12-03,15.7,18.5,13.4,15.6,19.6,90,5.7,5.7,0.0,10.0,3.79,6.2
2004-12-04,13.1,15.8,10.0,9.4,16.5,81,11.0,11.0,0.0,11.0,9.12,14.3
2004-12-05,8.8,11.1,6.8,4.5,7.3,56,0.0,0.0,0.0,0.0,8.14,11.9
2004-12-06,8.9,12.7,5.2,5.9,10.1,72,0.0,0.0,0.0,0.0,4.9,7.6
2004-12-07,9.2,11.7,7.3,5.9,8.3,62,0.0,0.0,0.0,0.0,4.31,6.7
2004-12-08,8.5,12.1,4.4,5.4,9.0,63,0.0,0.0,0.0,0.0,3.88,5.9
2004-12-09,9.1,14.2,5.6,6.0,11.5,73,0.0,0.0,0.0,0.0,3.81,7.0
2004-12-10,10.2,14.2,7.1,7.9,12.3,77,0.0,0.0,0.0,0.0,3.5,6.2
2004-12-11,11.1,15.0,8.4,9.4,13.9,85,0.0,0.0,0.0,0.0,3.31,5.6
2004-12-12,10.8,13.6,8.3,9.3,11.7,88,0.0,0.0,0.0,0.0,3.75,6.6
2004-12-13,10.1,13.5,7.4,8.3,12.3,83,0.0,0.0,0.0,0.0,4.05,5.7
2004-12-14,11.7,15.4,8.9,8.9,12.8,79,0.0,0.0,0.0,0.0,5.65,9.4
2004-12-15,11.9,15.3,9.3,10.2,13.5,82,0.1,0.1,0.0,1.0,4.4,6.6
2004-12-16,11.3,13.7,9.3,8.7,11.5,81,0.0,0.0,0.0,0.0,5.12,8.2
2004-12-17,11.8,14.8,9.9,10.0,13.8,83,0.0,0.0,0.0,0.0,4.11,6.5
2004-12-18,11.3,12.9,9.6,9.6,11.2,86,3.3,3.3,0.0,6.0,3.64,6.0
2004-12-19,11.1,12.0,10.1,9.1,10.3,86,1.3,1.3,0.0,3.0,4.52,7.9
2004-12-20,8.2,10.5,5.6,3.7,7.2,73,0.0,0.0,0.0,0.0,7.16,11.6
2004-12-21,8.3,10.1,5.8,4.3,6.5,70,0.0,0.0,0.0,0.0,5.46,9.2
2004-12-22,8.4,9.7,5.8,3.9,6.3,85,17.6,17.6,0.0,18.0,9.21,14.3
2004-12-23,4.9,5.7,2.6,-0.4,0.4,76,3.6,3.6,0.0,8.0,7.92,12.5
2004-12-24,2.7,4.8,1.0,-2.0,0.2,67,0.0,0.0,0.0,0.0,5.3,8.3
2004-12-25,3.4,5.8,0.7,-0.4,2.6,71,0.0,0.0,0.0,0.0,4.0,6.2
2004-12-26,4.5,6.1,3.3,0.5,2.4,80,5.0,5.0,0.0,11.0,5.13,7.7
2004-12-27,3.7,5.2,2.5,-0.9,0.5,85,3.3,3.3,0.0,10.0,6.05,9.2
2004-12-28,1.9,3.5,1.2,-3.0,-1.0,86,7.5,2.3,3.64,14.0,6.35,10.0
2004-12-29,2.2,5.1,-0.3,-2.2,0.6,72,0.0,0.0,0.0,0.0,5.42,8.1
2004-12-30,1.0,2.6,-1.0,-4.3,-1.7,85,5.6,1.5,2.94,15.0,9.4,13.9
2004-12-31,-2.2,-0.3,-3.9,-9.8,-8.0,61,0.0,0.0,0.0,0.0,10.08,15.8
