time,temperature_2m_mean,temperature_2m_max,temperature_2m_min,apparent_temperature_mean,apparent_temperature_max,relative_humidity_2m_mean,precipitation_sum,rain_sum,snowfall_sum,precipitation_hours,wind_speed_10m_max,wind_gusts_10m_max
2015-01-01,2.0,4.2,-0.5,-3.5,-1.3,39,0.0,0.0,0.0,0.0,6.09,9.6
2015-01-02,3.5,7.0,-0.3,-0.2,3.3,54,0.0,0.0,0.0,0.0,2.5,4.8
2015-01-03,5.9,10.6,1.9,1.7,6.9,60,0.0,0.0,0.0,0.0,4.88,7.7
2015-01-04,8.7,14.2,4.6,5.6,11.1,59,0.0,0.0,0.0,0.0,4.36,5.8
2015-01-05,10.9,14.6,6.9,7.8,12.9,75,0.0,0.0,0.0,0.0,6.08,8.3
2015-01-06,6.4,10.2,2.4,1.6,5.9,74,1.9,1.3,0.42,6.0,7.05,11.4
2015-01-07,3.8,5.8,2.0,-0.7,1.1,63,0.0,0.0,0.0,0.0,4.61,8.1
2015-01-08,3.5,6.9,0.3,-0.4,2.2,62,0.0,0.0,0.0,0.0,3.48,6.4
2015-01-09,5.6,9.1,2.9,2.7,6.0,71,0.0,0.0,0.0,0.0,2.52,4.8
2015-01-10,6.5,10.6,3.4,3.7,8.1,76,0.0,0.0,0.0,0.0,3.05,4.5
2015-01-11,7.3,12.7,3.6,4.2,9.9,74,0.0,0.0,0.0,0.0,5.02,8.0
2015-01-12,6.0,8.5,4.0,1.8,4.4,74,0.0,0.0,0.0,0.0,4.96,8.4
2015-01-13,6.6,8.3,5.4,3.1,5.0,81,7.7,7.7,0.0,12.0,4.97,7.6
2015-01-14,7.5,8.8,6.6,3.9,5.0,89,15.5,15.5,0.0,10.0,5.94,9.5
2015-01-15,7.1,7.8,6.5,4.0,5.0,78,0.0,0.0,0.0,0.0,3.91,6.6
2015-01-16,7.0,8.1,5.7,3.6,4.2,72,0.0,0.0,0.0,0.0,5.34,8.7
2015-01-17,4.7,7.0,2.2,0.3,3.6,64,0.0,0.0,0.0,0.0,5.69,9.0
2015-01-18,5.7,8.9,2.0,1.6,4.6,69,0.0,0.0,0.0,0.0,5.32,9.1
2015-01-19,6.9,10.1,3.7,3.3,6.7,60,0.0,0.0,0.0,0.0,4.46,6.7
2015-01-20,7.3,10.0,3.8,3.4,6.7,73,0.0,0.0,0.0,0.0,5.78,9.0
2015-01-21,9.1,13.1,6.3,5.0,8.5,73,0.0,0.0,0.0,0.0,7.5,11.8
2015-01-22,5.1,6.6,3.2,0.8,2.4,71,0.0,0.0,0.0,0.0,6.72,11.1
2015-01-23,5.5,9.8,1.1,1.9,5.9,76,0.0,0.0,0.0,0.0,4.63,7.5
2015-01-24,9.3,14.5,5.1,6.4,11.7,80,0.0,0.0,0.0,0.0,4.8,7.1
2015-01-25,10.1,11.5,8.6,7.6,9.5,86,0.5,0.5,0.0,4.0,4.85,7.4
2015-01-26,8.5,9.8,7.0,5.9,7.5,83,0.7,0.7,0.0,4.0,5.46,8.5
2015-01-27,4.6,6.9,2.0,-0.7,2.4,77,2.9,1.9,0.7,15.0,7.61,12.3
2015-01-28,3.2,4.8,1.7,-1.9,-0.3,74,0.5,0.1,0.35,4.0,6.24,10.4
2015-01-29,2.6,4.0,1.5,-1.5,0.2,93,10.6,10.1,0.35,24.0,4.95,8.1
2015-01-30,3.0,4.6,1.4,-1.7,-0.1,73,0.0,0.0,0.0,0.0,5.73,9.3
2015-01-31,2.7,4.8,0.5,-2.2,0.2,63,0.0,0.0,0.0,0.0,5.16,8.8
2015-02-01,3.4,5.0,1.6,-0.1,2.2,70,0.4,0.4,0.0,3.0,3.92,6.9
2015-02-02,4.9,6.5,3.5,2.2,4.3,81,0.8,0.8,0.0,2.0,3.06,6.0
2015-02-03,5.3,6.4,4.6,2.5,3.4,81,0.3,0.3,0.0,2.0,2.76,4.4
2015-02-04,5.5,7.6,4.0,1.3,3.0,72,0.1,0.1,0.0,1.0,5.17,8.7
2015-02-05,3.8,6.2,1.7,-1.1,1.0,58,0.0,0.0,0.0,0.0,6.02,10.3
2015-02-06,4.0,7.5,0.3,0.6,4.0,63,0.0,0.0,0.0,0.0,3.01,5.4
2015-02-07,5.5,9.7,1.0,2.3,7.5,68,0.0,0.0,0.0,0.0,5.52,5.7
2015-02-08,3.5,7.3,0.2,-2.0,1.7,57,0.0,0.0,0.0,0.0,7.67,12.0
2015-02-09,1.3,4.2,-1.6,-2.7,1.4,55,0.0,0.0,0.0,0.0,4.24,7.2
2015-02-10,3.9,8.7,-0.9,-0.1,5.1,59,0.0,0.0,0.0,0.0,3.45,6.4
2015-02-11,7.9,12.2,2.8,4.2,8.3,63,0.0,0.0,0.0,0.0,5.52,8.8
2015-02-12,8.3,11.1,5.8,4.8,8.9,65,0.0,0.0,0.0,0.0,5.79,8.9
2015-02-13,8.1,12.6,4.7,5.1,10.9,78,0.0,0.0,0.0,0.0,4.57,8.4
2015-02-14,11.1,17.0,5.3,8.3,14.0,76,0.2,0.2,0.0,1.0,6.2,9.7
2015-02-15,14.0,16.6,12.2,12.7,16.4,84,5.0,5.0,0.0,12.0,6.01,9.5
2015-02-16,12.1,13.7,9.9,9.6,11.8,84,0.0,0.0,0.0,0.0,6.1,10.2
2015-02-17,9.4,12.8,6.8,7.0,11.1,78,0.0,0.0,0.0,0.0,4.09,6.6
2015-02-18,7.5,11.6,4.4,3.5,7.5,64,0.0,0.0,0.0,0.0,5.66,9.2
2015-02-19,6.3,11.0,2.6,2.1,7.0,67,0.0,0.0,0.0,0.0,7.12,10.3
2015-02-20,9.1,11.3,6.3,5.2,9.6,84,14.3,14.3,0.0,16.0,7.52,12.0
2015-02-21,9.3,10.8,8.2,6.7,10.2,88,8.8,8.8,0.0,11.0,6.22,9.5
2015-02-22,8.4,9.8,5.6,5.0,6.6,76,3.2,3.2,0.0,2.0,4.46,7.8
2015-02-23,6.3,8.8,3.3,2.7,5.5,78,6.8,6.4,0.28,9.0,4.28,7.4
2015-02-24,8.2,10.0,6.8,5.2,7.4,82,2.5,2.5,0.0,5.0,5.16,8.9
2015-02-25,8.2,8.6,7.8,5.4,7.1,91,28.7,28.7,0.0,24.0,5.15,8.1
2015-02-26,8.6,10.2,7.3,5.2,6.6,81,1.7,1.7,0.0,4.0,5.83,10.1
2015-02-27,5.5,7.3,3.2,0.6,3.2,80,19.2,18.2,0.7,18.0,7.04,12.3
2015-02-28,4.0,4.8,3.1,-0.6,0.3,91,20.1,19.2,0.63,19.0,6.57,10.2
2015-03-01,5.7,8.5,3.3,1.8,5.3,74,0.0,0.0,0.0,0.0,6.31,9.9
2015-03-02,7.7,11.5,3.9,4.1,7.6,71,0.4,0.4,0.0,1.0,5.28,9.5
2015-03-03,9.4,12.4,5.8,5.5,7.8,74,3.8,3.8,0.0,6.0,7.74,13.5
2015-03-04,5.0,6.4,3.8,0.2,2.1,56,0.0,0.0,0.0,0.0,5.42,9.4
2015-03-05,4.1,5.4,3.4,-0.3,0.9,70,2.2,2.2,0.0,8.0,4.97,8.2
2015-03-06,5.6,7.4,3.6,2.6,5.1,74,0.0,0.0,0.0,0.0,3.4,5.6
2015-03-07,7.5,9.8,5.6,4.7,7.4,72,0.0,0.0,0.0,0.0,4.88,7.9
2015-03-08,8.1,9.9,5.6,5.2,7.6,89,8.8,8.8,0.0,12.0,5.58,8.2
2015-03-09,8.2,11.3,4.7,4.1,7.5,80,0.0,0.0,0.0,0.0,7.32,11.5
2015-03-10,4.2,6.1,1.8,-0.1,3.1,58,0.0,0.0,0.0,0.0,6.28,10.4
2015-03-11,6.0,9.6,2.1,2.5,6.3,62,0.0,0.0,0.0,0.0,3.77,7.3
2015-03-12,9.3,14.4,4.1,6.5,12.1,69,0.0,0.0,0.0,0.0,4.79,7.3
2015-03-13,12.0,16.8,6.9,10.1,16.0,72,0.0,0.0,0.0,0.0,4.3,7.1
2015-03-14,11.0,13.5,9.3,8.3,11.0,85,5.8,5.8,0.0,7.0,5.62,9.1
2015-03-15,11.4,12.6,10.2,9.2,10.9,89,6.1,6.1,0.0,9.0,4.77,7.2
2015-03-16,12.7,15.4,10.4,11.2,15.0,91,2.2,2.2,0.0,4.0,4.36,7.2
2015-03-17,16.2,21.1,12.4,16.0,22.2,92,1.5,1.5,0.0,7.0,4.39,6.8
2015-03-18,14.7,17.4,12.0,13.7,18.6,92,20.1,20.1,0.0,15.0,5.69,10.0
2015-03-19,13.3,16.3,10.8,11.8,15.7,77,1.3,1.3,0.0,2.0,5.59,8.3
2015-03-20,11.7,13.1,10.6,9.9,11.5,83,11.1,11.1,0.0,23.0,4.9,7.9
2015-03-21,14.3,17.6,11.8,13.6,17.8,80,0.5,0.5,0.0,2.0,4.05,6.4
2015-03-22,15.4,20.2,12.1,13.5,19.2,65,0.0,0.0,0.0,0.0,5.6,9.0
2015-03-23,12.1,15.7,9.6,8.5,12.2,63,0.0,0.0,0.0,0.0,5.61,9.8
2015-03-24,11.2,15.2,8.4,7.3,11.9,57,0.0,0.0,0.0,0.0,5.85,9.8
2015-03-25,11.3,15.5,8.3,7.3,12.1,60,0.0,0.0,0.0,0.0,6.39,10.5
2015-03-26,12.0,15.6,8.9,8.6,11.9,75,2.9,2.9,0.0,5.0,6.84,11.3
2015-03-27,11.4,13.0,10.1,9.7,11.5,87,6.8,6.8,0.0,13.0,4.23,6.6
2015-03-28,14.0,18.9,9.5,13.2,18.8,82,0.0,0.0,0.0,0.0,3.51,7.0
2015-03-29,16.9,21.7,11.6,16.6,22.8,76,0.0,0.0,0.0,0.0,5.59,8.9
2015-03-30,15.9,17.4,14.2,14.4,16.8,87,22.5,22.5,0.0,17.0,6.77,10.2
2015-03-31,21.0,26.5,15.9,22.6,29.8,85,0.3,0.3,0.0,1.0,3.91,6.5
2015-04-01,21.3,24.8,18.2,22.5,26.3,87,0.0,0.0,0.0,0.0,6.23,9.7
2015-04-02,22.3,28.5,17.5,23.1,30.5,82,4.0,4.0,0.0,7.0,7.57,14.7
2015-04-03,13.8,17.0,12.8,11.7,15.7,83,19.3,19.3,0.0,17.0,6.02,15.5
2015-04-04,15.4,19.2,13.0,14.1,19.3,88,1.7,1.7,0.0,3.0,6.86,11.2
2015-04-05,13.7,14.8,11.3,12.2,14.2,91,13.1,13.1,0.0,18.0,7.32,11.0
2015-04-06,11.3,13.0,9.2,7.8,9.7,86,15.7,15.7,0.0,20.0,7.74,12.5
2015-04-07,7.4,9.1,5.4,2.9,4.5,80,11.2,11.2,0.0,17.0,6.98,12.2
2015-04-08,8.4,11.9,5.3,5.1,10.2,66,0.0,0.0,0.0,0.0,5.41,8.5
2015-04-09,10.1,13.8,5.1,7.8,12.4,67,0.0,0.0,0.0,0.0,3.77,6.0
2015-04-10,12.9,16.1,10.2,11.7,15.3,71,0.0,0.0,0.0,0.0,4.0,6.5
2015-04-11,13.1,18.2,8.7,11.1,16.6,72,0.0,0.0,0.0,0.0,4.7,6.8
2015-04-12,15.3,20.2,11.6,13.4,20.0,71,0.3,0.3,0.0,1.0,8.35,11.5
2015-04-13,11.5,13.6,8.8,6.7,10.0,67,1.1,1.1,0.0,5.0,9.55,16.0
2015-04-14,12.0,16.5,8.5,7.4,13.1,68,1.0,1.0,0.0,4.0,10.31,16.4
2015-04-15,16.0,20.2,10.9,13.8,17.9,66,0.0,0.0,0.0,0.0,4.5,7.5
2015-04-16,17.2,21.5,13.2,15.5,21.0,68,0.0,0.0,0.0,0.0,6.02,10.1
2015-04-17,16.1,20.0,12.7,12.9,17.7,66,0.0,0.0,0.0,0.0,8.15,13.0
2015-04-18,19.6,23.5,16.5,20.4,25.3,82,0.2,0.2,0.0,1.0,5.66,9.5
2015-04-19,19.5,21.9,14.5,20.7,25.6,86,7.7,7.7,0.0,12.0,7.92,11.3
2015-04-20,14.0,17.4,12.1,10.7,14.8,71,3.8,3.8,0.0,10.0,7.6,12.0
2015-04-21,15.0,19.1,9.8,13.2,19.7,50,0.0,0.0,0.0,0.0,3.29,6.5
2015-04-22,17.1,21.8,11.1,16.3,22.5,63,0.0,0.0,0.0,0.0,2.92,5.0
2015-04-23,18.9,24.5,14.2,17.3,23.3,56,0.0,0.0,0.0,0.0,4.05,7.9
2015-04-24,18.5,21.8,15.7,17.8,21.5,61,0.0,0.0,0.0,0.0,3.26,5.2
2015-04-25,19.2,25.2,12.5,19.7,26.5,68,0.0,0.0,0.0,0.0,3.82,5.5
2015-04-26,20.8,25.7,16.3,18.9,25.6,53,0.0,0.0,0.0,0.0,6.45,10.2
2015-04-27,21.2,25.4,17.2,20.5,26.6,67,0.0,0.0,0.0,0.0,5.62,9.4
2015-04-28,23.7,28.1,19.9,25.5,31.0,74,2.5,2.5,0.0,3.0,4.9,9.3
2015-04-29,19.9,21.6,17.6,19.7,22.5,78,0.6,0.6,0.0,3.0,6.17,10.2
2015-04-30,20.9,24.9,17.5,21.9,27.1,69,0.0,0.0,0.0,0.0,5.51,8.4
2015-05-01,20.6,25.8,16.5,19.9,26.5,74,0.0,0.0,0.0,0.0,7.04,10.7
2015-05-02,20.6,22.8,17.9,21.1,25.9,89,25.0,25.0,0.0,19.0,7.52,11.7
2015-05-03,19.7,23.6,16.7,19.1,23.6,75,0.3,0.3,0.0,3.0,6.71,11.5
2015-05-04,20.0,23.5,17.1,19.4,22.2,64,0.0,0.0,0.0,0.0,5.87,9.4
2015-05-05,18.7,23.4,14.1,16.6,22.1,55,0.0,0.0,0.0,0.0,5.66,8.6
2015-05-06,19.9,22.8,17.2,19.6,23.4,68,0.0,0.0,0.0,0.0,4.9,8.3
2015-05-07,21.3,26.0,16.5,22.7,29.2,76,0.0,0.0,0.0,0.0,5.42,8.9
2015-05-08,20.3,24.3,18.0,19.7,23.8,79,26.6,26.6,0.0,12.0,6.84,11.6
2015-05-09,19.5,22.3,17.5,19.5,22.8,79,0.0,0.0,0.0,0.0,5.77,10.8
2015-05-10,19.2,22.5,16.0,18.1,21.4,79,0.0,0.0,0.0,0.0,7.08,11.5
2015-05-11,18.3,21.9,15.3,16.9,22.5,87,19.8,19.8,0.0,17.0,10.67,17.5
2015-05-12,19.5,23.9,15.4,17.1,20.9,61,0.0,0.0,0.0,0.0,8.42,13.1
2015-05-13,22.7,27.5,16.4,22.0,27.7,60,0.0,0.0,0.0,0.0,5.8,8.9
2015-05-14,23.9,25.4,22.6,25.1,27.2,76,0.0,0.0,0.0,0.0,6.22,10.8
2015-05-15,22.0,23.4,18.7,24.6,27.6,93,20.4,20.4,0.0,16.0,7.62,9.4
2015-05-16,20.2,23.1,18.0,19.2,21.6,65,0.0,0.0,0.0,0.0,6.31,9.8
2015-05-17,20.1,23.9,16.3,19.7,24.3,75,1.2,1.2,0.0,1.0,5.74,9.2
2015-05-18,21.3,22.2,20.3,24.7,26.7,95,35.9,35.9,0.0,17.0,3.58,7.0
2015-05-19,23.1,26.9,20.2,26.4,31.0,88,0.0,0.0,0.0,0.0,3.44,6.0
2015-05-20,21.9,26.0,17.5,21.4,24.7,65,0.0,0.0,0.0,0.0,6.59,10.8
2015-05-21,19.6,23.9,15.3,18.2,23.9,58,0.0,0.0,0.0,0.0,5.88,8.7
2015-05-22,20.3,24.7,16.1,19.8,25.8,70,0.0,0.0,0.0,0.0,5.83,9.0
2015-05-23,20.9,23.4,18.9,22.1,25.1,81,1.7,1.7,0.0,6.0,4.69,6.9
2015-05-24,21.8,24.6,19.4,23.5,27.4,79,0.0,0.0,0.0,0.0,4.38,6.9
2015-05-25,22.1,26.4,18.1,22.8,27.6,71,0.0,0.0,0.0,0.0,5.19,8.3
2015-05-26,22.0,25.5,18.4,20.7,24.2,63,0.1,0.1,0.0,1.0,6.22,10.1
2015-05-27,22.2,24.6,20.6,23.1,27.0,82,11.3,11.3,0.0,12.0,6.08,9.0
2015-05-28,23.0,25.8,21.1,25.6,29.0,87,0.0,0.0,0.0,0.0,5.22,7.3
2015-05-29,22.6,24.4,20.8,24.8,27.5,90,9.7,9.7,0.0,15.0,6.22,9.7
2015-05-30,23.1,25.4,21.5,25.3,27.5,86,3.7,3.7,0.0,8.0,5.52,10.3
2015-05-31,23.2,27.2,20.2,25.1,29.4,78,0.0,0.0,0.0,0.0,5.8,9.3
2015-06-01,24.4,29.1,20.0,26.8,33.4,81,0.5,0.5,0.0,2.0,5.82,9.5
2015-06-02,25.3,27.0,24.5,29.6,31.7,92,87.5,87.5,0.0,20.0,6.82,9.8
2015-06-03,22.8,25.5,20.3,22.9,25.6,71,5.0,5.0,0.0,8.0,6.57,11.4
2015-06-04,21.1,24.5,18.2,20.7,24.1,63,1.6,1.6,0.0,5.0,4.92,8.8
2015-06-05,22.5,26.1,18.9,23.3,27.0,66,0.2,0.2,0.0,2.0,3.83,6.9
2015-06-06,25.0,29.9,20.9,25.9,32.1,68,0.0,0.0,0.0,0.0,7.79,12.1
2015-06-07,22.8,24.5,21.3,24.0,26.9,82,5.2,5.2,0.0,8.0,7.0,11.2
2015-06-08,22.3,23.1,21.9,25.5,27.0,95,87.8,87.8,0.0,18.0,4.8,7.8
2015-06-09,22.6,24.9,21.2,24.8,27.0,85,1.2,1.2,0.0,6.0,5.61,9.1
2015-06-10,23.3,26.0,21.3,26.3,30.5,91,12.8,12.8,0.0,17.0,5.54,8.4
2015-06-11,27.0,30.0,24.2,29.7,32.8,73,4.2,4.2,0.0,4.0,6.05,10.3
2015-06-12,28.2,32.1,24.0,31.1,36.0,65,0.0,0.0,0.0,0.0,4.1,7.5
2015-06-13,27.7,30.2,25.3,30.5,33.9,70,0.1,0.1,0.0,1.0,5.41,8.9
2015-06-14,26.1,28.1,24.4,28.7,31.1,73,0.0,0.0,0.0,0.0,5.32,10.3
2015-06-15,24.4,25.6,23.4,28.4,30.0,89,34.2,34.2,0.0,22.0,4.62,9.8
2015-06-16,22.2,23.4,21.3,24.3,27.0,95,33.8,33.8,0.0,24.0,5.51,13.6
2015-06-17,22.5,24.0,21.1,25.2,28.9,95,71.2,71.2,0.0,24.0,5.32,16.2
2015-06-18,22.8,25.3,21.0,24.6,27.6,82,3.6,3.6,0.0,6.0,4.65,9.2
2015-06-19,23.5,27.1,20.1,25.6,29.1,79,0.0,0.0,0.0,0.0,4.88,8.2
2015-06-20,24.8,28.2,21.2,27.9,33.4,78,0.0,0.0,0.0,0.0,4.69,8.0
2015-06-21,23.6,26.3,21.2,26.1,28.5,85,14.1,14.1,0.0,13.0,5.69,9.4
2015-06-22,22.9,24.9,20.8,25.9,29.3,92,16.7,16.7,0.0,15.0,5.73,9.3
2015-06-23,25.2,27.8,23.1,29.6,32.6,90,4.5,4.5,0.0,9.0,3.81,6.6
2015-06-24,26.6,29.7,24.0,31.6,36.9,90,5.1,5.1,0.0,2.0,5.02,7.4
2015-06-25,29.7,32.3,27.0,35.5,38.5,82,2.1,2.1,0.0,3.0,4.83,9.5
2015-06-26,25.4,27.9,24.5,29.8,32.7,90,57.9,57.9,0.0,22.0,4.78,12.4
2015-06-27,23.5,25.1,22.6,26.1,29.0,95,39.4,39.4,0.0,23.0,6.74,15.8
2015-06-28,22.6,23.7,22.0,24.7,25.6,92,39.2,39.2,0.0,20.0,5.32,11.5
2015-06-29,25.3,28.7,22.5,29.3,34.9,92,8.4,8.4,0.0,13.0,5.34,10.3
2015-06-30,26.8,29.7,23.0,31.1,34.7,89,3.7,3.7,0.0,9.0,5.88,13.5
2015-07-01,23.5,26.2,21.3,26.2,29.8,82,34.2,34.2,0.0,11.0,4.06,9.7
2015-07-02,25.2,28.6,21.9,28.8,32.9,78,0.0,0.0,0.0,0.0,4.49,7.5
2015-07-03,25.4,28.3,22.4,27.8,30.3,74,0.0,0.0,0.0,0.0,4.15,7.3
2015-07-04,22.6,23.7,21.0,24.1,26.2,80,6.6,6.6,0.0,14.0,4.4,7.5
2015-07-05,21.6,23.4,20.4,22.6,23.5,81,0.7,0.7,0.0,2.0,5.73,9.2
2015-07-06,19.9,21.2,18.2,20.1,22.2,86,39.6,39.6,0.0,22.0,6.22,10.8
2015-07-07,20.9,22.9,18.4,21.6,24.2,85,5.4,5.4,0.0,15.0,6.08,9.8
2015-07-08,22.0,23.8,20.5,24.0,26.3,89,25.4,25.4,0.0,23.0,5.19,9.4
2015-07-09,24.4,27.2,21.6,27.4,30.9,89,0.3,0.3,0.0,2.0,5.02,7.8
2015-07-10,26.3,29.0,23.8,28.3,31.6,85,0.9,0.9,0.0,3.0,8.81,15.1
2015-07-11,24.8,26.1,23.7,24.8,26.7,91,25.4,25.4,0.0,22.0,12.22,19.9
2015-07-12,25.5,28.8,23.6,27.2,31.2,86,3.9,3.9,0.0,12.0,10.38,16.1
2015-07-13,27.9,31.2,25.1,33.4,37.9,82,0.8,0.8,0.0,3.0,3.89,6.3
2015-07-14,29.0,33.1,25.6,34.3,39.7,78,0.0,0.0,0.0,0.0,4.66,7.2
2015-07-15,27.6,31.3,24.5,31.4,36.4,78,0.0,0.0,0.0,0.0,5.12,8.3
2015-07-16,26.9,30.0,24.5,29.9,33.4,80,0.0,0.0,0.0,0.0,6.26,10.5
2015-07-17,26.3,28.2,25.0,28.8,30.8,84,2.4,2.4,0.0,6.0,7.11,11.2
2015-07-18,26.1,27.6,25.0,30.5,33.3,89,11.6,11.6,0.0,19.0,6.03,9.9
2015-07-19,26.7,29.6,24.5,30.4,33.3,83,1.4,1.4,0.0,4.0,5.01,8.7
2015-07-20,27.4,30.6,24.4,32.2,35.8,82,0.0,0.0,0.0,0.0,4.75,7.6
2015-07-21,27.4,29.5,25.8,32.6,34.8,85,0.0,0.0,0.0,0.0,3.31,5.5
2015-07-22,28.1,31.1,25.9,34.0,38.3,85,4.4,4.4,0.0,14.0,3.7,5.3
2015-07-23,27.9,28.9,27.3,34.2,34.7,88,12.9,12.9,0.0,17.0,3.0,7.6
2015-07-24,29.0,30.9,27.4,35.3,37.8,86,10.0,10.0,0.0,14.0,4.48,8.7
2015-07-25,29.5,32.1,27.8,36.5,40.0,83,7.5,7.5,0.0,11.0,2.25,5.2
2015-07-26,30.6,33.5,27.9,37.7,41.4,79,4.3,4.3,0.0,8.0,2.55,6.9
2015-07-27,32.2,34.7,29.5,39.1,41.0,73,0.0,0.0,0.0,0.0,3.32,7.0
2015-07-28,32.9,35.5,30.0,38.9,41.7,67,0.0,0.0,0.0,0.0,5.06,8.4
2015-07-29,32.5,35.5,29.8,37.7,41.7,64,0.0,0.0,0.0,0.0,5.61,8.3
2015-07-30,30.9,33.4,28.2,36.0,40.2,70,0.7,0.7,0.0,3.0,4.63,6.9
2015-07-31,31.8,34.3,29.0,37.1,40.2,67,0.0,0.0,0.0,0.0,3.92,6.5
2015-08-01,31.8,34.6,28.8,37.7,41.8,68,0.0,0.0,0.0,0.0,3.48,5.2
2015-08-02,32.5,36.0,28.8,38.2,42.2,68,0.0,0.0,0.0,0.0,5.03,7.8
2015-08-03,33.1,36.5,30.3,38.8,43.1,67,0.0,0.0,0.0,0.0,4.94,8.0
2015-08-04,33.1,36.5,30.0,38.6,42.3,63,0.0,0.0,0.0,0.0,4.12,7.1
2015-08-05,32.1,35.9,28.8,37.8,43.5,68,0.0,0.0,0.0,0.0,6.37,10.0
2015-08-06,30.3,34.1,28.0,33.7,38.3,71,0.0,0.0,0.0,0.0,7.05,11.3
2015-08-07,29.0,30.9,27.6,33.7,36.8,84,15.4,15.4,0.0,8.0,6.08,10.5
2015-08-08,28.7,30.7,27.4,32.5,35.6,83,3.4,3.4,0.0,12.0,7.43,13.1
2015-08-09,27.4,28.0,27.0,30.7,31.6,88,17.1,17.1,0.0,18.0,8.12,12.8
2015-08-10,26.9,27.4,26.3,29.9,30.9,91,65.2,65.2,0.0,24.0,8.88,14.7
2015-08-11,26.3,27.1,25.7,28.6,30.2,85,6.0,6.0,0.0,11.0,9.63,15.1
2015-08-12,26.7,29.4,24.0,30.7,33.5,76,0.0,0.0,0.0,0.0,4.14,8.5
2015-08-13,26.9,28.6,25.1,31.2,33.4,80,0.6,0.6,0.0,3.0,3.06,6.0
2015-08-14,26.8,30.1,23.5,30.0,33.8,74,0.0,0.0,0.0,0.0,4.47,7.2
2015-08-15,26.9,29.3,24.7,31.3,34.0,84,2.6,2.6,0.0,6.0,4.25,6.9
2015-08-16,26.9,28.9,25.5,30.9,32.5,81,9.0,9.0,0.0,7.0,4.97,9.9
2015-08-17,27.0,30.1,24.0,31.0,34.9,76,0.0,0.0,0.0,0.0,4.73,7.4
2015-08-18,27.0,30.3,24.2,30.4,33.6,80,0.0,0.0,0.0,0.0,5.28,8.2
2015-08-19,27.8,31.1,24.9,31.5,35.0,79,0.0,0.0,0.0,0.0,5.69,9.2
2015-08-20,27.5,29.2,25.8,32.0,34.1,86,4.1,4.1,0.0,9.0,5.23,8.9
2015-08-21,25.9,27.3,24.6,30.3,31.5,85,6.1,6.1,0.0,13.0,4.03,7.4
2015-08-22,24.6,25.9,23.0,27.8,31.2,86,31.4,31.4,0.0,24.0,5.39,9.4
2015-08-23,23.8,24.6,23.1,26.3,27.0,91,34.7,34.7,0.0,24.0,5.8,11.1
2015-08-24,23.5,24.4,22.3,25.6,27.5,93,97.4,97.4,0.0,18.0,8.46,13.5
2015-08-25,24.9,27.6,22.2,27.3,30.3,83,0.0,0.0,0.0,0.0,6.44,9.6
2015-08-26,25.6,28.3,23.0,29.5,32.5,81,0.0,0.0,0.0,0.0,3.11,5.2
2015-08-27,26.7,29.6,24.2,31.0,34.6,77,0.2,0.2,0.0,1.0,3.16,5.6
2015-08-28,26.5,29.4,23.7,30.4,33.7,76,0.0,0.0,0.0,0.0,3.71,5.3
2015-08-29,26.6,29.4,24.4,31.0,34.9,82,0.1,0.1,0.0,1.0,3.81,6.6
2015-08-30,26.5,29.5,24.3,30.5,33.6,78,0.2,0.2,0.0,2.0,3.91,7.0
2015-08-31,26.3,29.6,23.6,30.1,33.6,80,0.0,0.0,0.0,0.0,3.72,5.6
2015-09-01,27.0,30.2,23.8,31.2,35.1,78,0.0,0.0,0.0,0.0,3.55,5.9
2015-09-02,27.2,29.5,25.5,31.1,34.3,76,0.0,0.0,0.0,0.0,4.14,6.8
2015-09-03,26.7,28.8,23.6,29.7,32.4,69,0.0,0.0,0.0,0.0,3.14,6.3
2015-09-04,27.0,30.4,24.2,30.8,34.4,79,4.8,4.8,0.0,8.0,5.3,8.7
2015-09-05,26.4,28.4,24.8,29.6,31.8,86,6.7,6.7,0.0,14.0,7.1,12.3
2015-09-06,25.2,28.2,23.6,27.5,30.2,80,0.6,0.6,0.0,4.0,5.2,8.3
2015-09-07,24.8,27.6,22.4,27.6,30.8,80,3.6,3.6,0.0,10.0,4.05,7.1
2015-09-08,24.8,27.6,22.7,27.2,30.1,77,0.4,0.4,0.0,2.0,3.98,7.5
2015-09-09,24.5,27.5,21.9,25.9,28.3,68,0.0,0.0,0.0,0.0,4.65,7.5
2015-09-10,24.1,27.1,20.6,25.9,29.8,67,0.0,0.0,0.0,0.0,3.41,5.2
2015-09-11,24.4,27.0,20.9,26.6,31.1,72,0.0,0.0,0.0,0.0,4.55,5.7
2015-09-12,22.1,23.7,20.8,22.9,25.7,78,3.8,3.8,0.0,6.0,5.98,9.5
2015-09-13,22.1,24.6,19.4,22.1,25.6,61,0.0,0.0,0.0,0.0,4.2,6.6
2015-09-14,22.4,25.1,19.4,23.2,25.6,70,0.0,0.0,0.0,0.0,4.11,6.2
2015-09-15,21.2,21.9,20.5,23.4,24.2,85,4.8,4.8,0.0,12.0,2.6,5.8
2015-09-16,22.5,25.9,20.2,23.8,26.7,79,0.0,0.0,0.0,0.0,4.85,9.2
2015-09-17,22.7,25.5,20.1,24.2,26.5,74,0.0,0.0,0.0,0.0,3.1,6.9
2015-09-18,22.8,25.6,19.5,25.1,28.0,75,0.0,0.0,0.0,0.0,2.51,4.5
2015-09-19,23.8,26.7,21.6,25.5,28.5,73,0.0,0.0,0.0,0.0,4.12,6.5
2015-09-20,22.6,24.8,20.8,24.5,26.3,78,0.0,0.0,0.0,0.0,2.94,6.1
2015-09-21,22.9,26.5,19.6,24.4,27.7,77,0.0,0.0,0.0,0.0,4.61,7.0
2015-09-22,23.6,25.5,21.5,25.4,27.0,82,4.9,4.9,0.0,9.0,5.0,8.1
2015-09-23,23.6,26.0,22.1,26.0,27.7,85,15.0,15.0,0.0,12.0,5.32,9.8
2015-09-24,23.6,26.4,21.2,26.1,28.7,80,0.0,0.0,0.0,0.0,3.26,5.4
2015-09-25,23.4,25.6,22.0,25.9,27.7,80,1.3,1.3,0.0,3.0,3.18,5.4
2015-09-26,23.5,27.0,21.1,25.3,28.8,79,0.0,0.0,0.0,0.0,4.47,7.9
2015-09-27,22.9,26.4,20.8,23.8,27.1,74,0.0,0.0,0.0,0.0,5.13,9.1
2015-09-28,22.9,25.6,20.3,23.9,26.6,82,2.0,2.0,0.0,5.0,6.61,11.3
2015-09-29,23.5,24.9,22.4,24.3,25.5,89,7.9,7.9,0.0,20.0,8.41,14.5
2015-09-30,25.5,27.2,23.3,29.2,31.6,94,8.9,8.9,0.0,17.0,6.83,10.9
2015-10-01,22.6,26.0,19.1,22.0,29.4,76,6.1,6.1,0.0,11.0,9.67,14.7
2015-10-02,19.8,23.3,15.6,19.5,23.7,63,0.0,0.0,0.0,0.0,4.0,7.0
2015-10-03,21.2,25.3,17.0,22.7,27.9,76,0.0,0.0,0.0,0.0,3.57,5.8
2015-10-04,21.0,23.4,19.4,21.5,23.6,78,3.4,3.4,0.0,12.0,5.15,8.9
2015-10-05,19.3,20.0,18.4,19.9,21.0,87,25.4,25.4,0.0,16.0,5.69,8.7
2015-10-06,21.1,23.1,19.2,21.9,24.2,82,0.3,0.3,0.0,2.0,4.4,8.4
2015-10-07,21.2,21.7,20.6,21.4,21.9,82,6.7,6.7,0.0,18.0,6.21,9.2
2015-10-08,19.7,20.8,18.4,20.0,21.7,86,3.3,3.3,0.0,11.0,6.04,9.4
2015-10-09,19.6,21.9,17.9,20.1,21.9,79,0.0,0.0,0.0,0.0,3.61,6.3
2015-10-10,19.5,22.9,16.3,18.4,21.3,67,0.0,0.0,0.0,0.0,5.94,10.8
2015-10-11,17.5,20.4,13.6,15.8,18.4,56,0.0,0.0,0.0,0.0,4.56,7.4
2015-10-12,18.5,21.6,16.0,18.0,20.6,61,0.0,0.0,0.0,0.0,2.78,5.3
2015-10-13,19.5,22.7,16.7,19.2,22.8,59,0.0,0.0,0.0,0.0,2.33,4.5
2015-10-14,19.6,23.5,15.9,19.6,23.3,67,0.0,0.0,0.0,0.0,3.54,6.0
2015-10-15,19.7,24.3,15.7,20.3,25.2,76,0.0,0.0,0.0,0.0,3.18,6.3
2015-10-16,20.2,24.6,16.3,21.4,26.9,79,0.0,0.0,0.0,0.0,3.83,6.4
2015-10-17,20.0,24.4,16.0,20.4,25.1,73,0.0,0.0,0.0,0.0,3.64,5.9
2015-10-18,19.5,23.8,15.6,19.7,23.9,77,0.0,0.0,0.0,0.0,4.24,6.8
2015-10-19,19.8,23.2,17.2,19.9,23.0,75,0.0,0.0,0.0,0.0,3.92,6.2
2015-10-20,20.3,23.9,16.9,20.9,24.4,76,0.0,0.0,0.0,0.0,3.67,5.7
2015-10-21,20.9,24.7,18.3,21.7,25.6,79,0.0,0.0,0.0,0.0,4.22,7.0
2015-10-22,21.1,24.9,17.8,22.1,25.9,79,0.0,0.0,0.0,0.0,4.37,7.3
2015-10-23,21.5,24.5,18.8,23.3,27.2,82,0.0,0.0,0.0,0.0,3.62,6.6
2015-10-24,21.8,25.0,19.2,23.3,26.6,81,0.2,0.2,0.0,2.0,4.49,7.5
2015-10-25,21.0,23.5,19.0,21.5,23.9,79,0.2,0.2,0.0,2.0,4.83,7.8
2015-10-26,21.5,25.4,18.2,22.4,26.6,79,0.2,0.2,0.0,2.0,6.53,8.9
2015-10-27,17.1,20.4,14.3,14.9,20.3,72,4.1,4.1,0.0,9.0,8.28,13.1
2015-10-28,16.1,18.3,12.8,14.5,16.7,59,0.0,0.0,0.0,0.0,2.77,4.9
2015-10-29,15.8,16.8,14.7,14.4,15.8,82,19.8,19.8,0.0,21.0,5.24,8.5
2015-10-30,16.0,18.5,13.8,13.4,15.3,70,3.6,3.6,0.0,6.0,7.21,11.6
2015-10-31,15.1,17.5,12.9,12.6,15.2,63,0.5,0.5,0.0,2.0,4.61,7.5
2015-11-01,13.2,14.3,12.7,11.8,12.8,80,4.1,4.1,0.0,13.0,3.49,5.2
2015-11-02,13.6,16.7,10.9,11.8,14.8,69,0.0,0.0,0.0,0.0,3.53,5.9
2015-11-03,14.4,19.0,9.8,12.6,17.1,75,0.0,0.0,0.0,0.0,4.49,7.2
2015-11-04,16.3,18.0,13.9,16.2,18.5,90,0.9,0.9,0.0,5.0,3.94,6.9
2015-11-05,18.9,21.9,16.6,20.0,23.7,91,0.7,0.7,0.0,2.0,4.61,7.1
2015-11-06,21.5,24.8,18.9,22.5,26.6,90,1.9,1.9,0.0,8.0,7.03,10.5
2015-11-07,18.8,21.6,14.8,19.0,22.9,92,7.1,7.1,0.0,10.0,6.16,9.5
2015-11-08,13.8,14.8,12.7,11.8,13.3,86,2.8,2.8,0.0,10.0,5.82,8.3
2015-11-09,12.6,13.8,11.4,9.5,10.8,77,2.5,2.5,0.0,7.0,6.26,9.5
2015-11-10,12.6,15.1,10.4,9.8,12.1,69,0.0,0.0,0.0,0.0,4.9,7.6
2015-11-11,14.1,16.4,12.1,11.7,14.2,72,0.3,0.3,0.0,2.0,5.66,9.1
2015-11-12,14.7,15.9,13.6,14.4,16.7,87,10.6,10.6,0.0,14.0,3.19,5.3
2015-11-13,14.3,14.7,13.9,12.9,15.1,90,7.9,7.9,0.0,10.0,6.42,11.1
2015-11-14,13.9,15.6,12.2,12.5,14.6,81,0.0,0.0,0.0,0.0,5.6,8.4
2015-11-15,15.3,18.6,11.7,14.0,17.4,81,0.2,0.2,0.0,1.0,5.66,9.3
2015-11-16,16.5,17.3,15.8,16.4,18.4,92,16.1,16.1,0.0,17.0,6.1,10.3
2015-11-17,15.3,16.4,14.0,14.4,16.1,91,26.3,26.3,0.0,17.0,5.55,8.6
2015-11-18,15.2,15.8,13.5,13.7,14.9,85,1.1,1.1,0.0,7.0,5.1,8.4
2015-11-19,13.5,14.1,13.0,12.2,13.1,83,3.9,3.9,0.0,11.0,3.66,5.8
2015-11-20,14.0,14.9,13.1,12.9,14.1,85,1.0,1.0,0.0,6.0,3.75,6.3
2015-11-21,15.6,16.4,14.5,15.5,16.9,92,3.0,3.0,0.0,15.0,5.52,9.3
2015-11-22,16.9,18.5,15.7,16.6,19.0,93,8.6,8.6,0.0,17.0,5.87,9.5
2015-11-23,15.5,17.0,14.2,14.4,18.3,91,0.6,0.6,0.0,3.0,6.05,9.7
2015-11-24,12.6,14.4,9.8,9.2,11.7,82,5.7,5.7,0.0,16.0,8.19,13.0
2015-11-25,6.4,9.2,5.2,1.0,4.0,81,4.9,4.9,0.0,5.0,8.55,12.3
2015-11-26,2.8,4.8,0.6,-3.9,-1.6,60,0.0,0.0,0.0,0.0,8.75,14.1
2015-11-27,1.8,4.8,-1.7,-2.4,1.3,55,0.0,0.0,0.0,0.0,6.07,9.7
2015-11-28,7.8,11.4,4.0,4.8,9.0,66,0.0,0.0,0.0,0.0,3.06,4.9
2015-11-29,9.3,12.1,7.7,7.8,10.8,89,1.2,1.2,0.0,7.0,2.35,4.3
2015-11-30,9.9,12.9,6.5,9.0,12.6,92,0.0,0.0,0.0,0.0,2.64,4.5
2015-12-01,13.0,16.1,9.9,11.2,14.1,85,0.2,0.2,0.0,2.0,4.96,8.3
2015-12-02,11.8,13.5,8.5,9.0,12.7,79,10.2,10.2,0.0,11.0,6.65,10.6
2015-12-03,8.5,11.3,6.3,3.8,5.0,56,0.0,0.0,0.0,0.0,8.26,13.8
2015-12-04,6.1,8.2,4.2,1.9,4.2,50,0.0,0.0,0.0,0.0,4.43,7.3
2015-12-05,4.9,7.4,2.3,1.9,3.6,77,11.5,8.7,1.96,13.0,3.52,6.6
2015-12-06,6.0,9.1,2.4,3.0,6.2,82,3.0,2.4,0.42,5.0,3.75,6.8
2015-12-07,7.5,11.5,3.6,5.1,9.6,82,0.0,0.0,0.0,0.0,2.67,5.2
2015-12-08,8.8,12.5,4.9,5.8,9.7,79,0.0,0.0,0.0,0.0,4.0,7.2
2015-12-09,10.8,11.8,9.1,8.8,11.5,90,13.7,13.7,0.0,16.0,5.07,7.9
2015-12-10,10.6,11.2,10.1,8.2,10.7,97,14.0,14.0,0.0,24.0,6.74,9.8
2015-12-11,9.6,10.9,6.5,6.6,8.2,81,0.9,0.9,0.0,5.0,5.78,8.3
2015-12-12,7.3,10.2,4.1,4.5,7.7,73,0.0,0.0,0.0,0.0,3.09,5.8
2015-12-13,7.6,8.1,7.0,4.8,5.3,85,6.7,6.7,0.0,15.0,3.72,6.2
2015-12-14,7.7,9.2,6.7,3.9,4.9,71,0.0,0.0,0.0,0.0,5.63,9.0
2015-12-15,7.3,9.5,5.5,3.5,5.3,68,0.0,0.0,0.0,0.0,4.95,7.9
2015-12-16,5.3,7.9,3.0,-0.8,3.6,47,0.0,0.0,0.0,0.0,8.07,13.1
2015-12-17,2.3,4.7,0.1,-3.3,-0.9,48,0.0,0.0,0.0,0.0,6.74,11.2
2015-12-18,2.7,6.7,-0.8,-0.9,3.4,55,0.0,0.0,0.0,0.0,2.92,4.4
2015-12-19,5.8,9.4,1.2,2.1,5.8,75,0.0,0.0,0.0,0.0,4.02,7.5
2015-12-20,7.3,7.9,6.8,5.1,6.6,92,11.6,11.6,0.0,19.0,3.47,5.9
2015-12-21,6.1,8.4,3.7,3.7,6.4,89,0.0,0.0,0.0,0.0,3.64,5.3
2015-12-22,8.9,11.6,5.8,6.9,10.7,90,2.3,2.3,0.0,5.0,4.33,7.0
2015-12-23,8.9,9.8,7.6,6.6,8.7,92,2.5,2.5,0.0,6.0,4.83,7.4
2015-12-24,8.9,9.5,7.9,6.7,7.9,93,6.1,6.1,0.0,21.0,4.15,6.6
2015-12-25,7.5,8.9,6.1,4.7,6.3,83,0.6,0.6,0.0,3.0,3.45,5.8
2015-12-26,7.8,12.0,4.5,5.0,9.5,81,0.0,0.0,0.0,0.0,3.62,5.9
2015-12-27,7.7,10.6,5.1,4.0,6.9,80,0.0,0.0,0.0,0.0,7.24,11.8
2015-12-28,4.6,6.8,2.7,0.6,2.7,68,0.0,0.0,0.0,0.0,4.74,8.2
2015-12-29,5.3,8.5,2.0,2.0,5.6,70,0.0,0.0,0.0,0.0,3.29,5.5
2015-12-30,6.6,9.4,3.8,4.0,6.9,84,0.0,0.0,0.0,0.0,4.47,6.5
2015-12-31,5.7,8.7,3.4,2.2,5.0,75,0.0,0.0,0.0,0.0,4.52,7.0
2016-01-01,6.0,10.8,1.5,2.5,7.2,80,0.0,0.0,0.0,0.0,4.79,7.6
2016-01-02,9.8,13.0,6.8,7.6,11.1,74,0.0,0.0,0.0,0.0,3.23,5.0
2016-01-03,10.9,14.1,8.8,9.6,13.5,83,0.7,0.7,0.0,3.0,2.55,3.8
2016-01-04,11.1,11.8,10.1,9.3,10.6,93,2.6,2.6,0.0,9.0,5.24,8.4
2016-01-05,9.1,11.0,8.2,5.2,8.7,87,8.2,8.2,0.0,13.0,8.99,13.6
2016-01-06,7.9,9.2,7.1,4.7,6.3,81,4.0,4.0,0.0,10.0,5.16,8.0
2016-01-07,6.6,7.6,5.1,3.7,5.0,80,0.0,0.0,0.0,0.0,4.83,6.5
2016-01-08,4.7,6.5,2.6,0.9,3.1,61,0.0,0.0,0.0,0.0,4.6,6.7
2016-01-09,5.5,8.8,1.8,1.9,5.4,69,0.1,0.1,0.0,1.0,3.98,6.2
2016-01-10,7.8,9.2,6.6,4.7,6.4,83,5.9,5.9,0.0,14.0,4.98,7.7
2016-01-11,6.6,7.8,4.3,2.3,4.2,87,11.1,11.1,0.0,24.0,6.58,10.6
2016-01-12,3.5,4.1,2.3,-1.1,-0.5,74,0.0,0.0,0.0,0.0,6.66,10.4
2016-01-13,1.9,3.2,0.4,-2.6,-0.9,70,0.0,0.0,0.0,0.0,4.83,8.2
2016-01-14,3.0,5.1,0.5,-0.2,2.1,71,0.0,0.0,0.0,0.0,2.75,4.5
2016-01-15,5.0,8.3,2.0,1.9,5.5,72,0.0,0.0,0.0,0.0,2.8,4.9
2016-01-16,5.7,9.9,1.4,2.0,6.6,73,1.3,1.3,0.0,2.0,5.23,8.4
2016-01-17,6.3,7.9,4.4,2.5,4.5,83,10.4,10.4,0.0,13.0,6.18,9.6
2016-01-18,2.9,4.2,0.7,-1.8,0.0,73,0.0,0.0,0.0,0.0,6.14,10.5
2016-01-19,0.7,3.2,-1.3,-3.9,-1.8,55,0.0,0.0,0.0,0.0,4.26,7.3
2016-01-20,1.8,4.7,-1.0,-3.1,-0.2,65,1.8,0.3,1.05,5.0,5.14,8.3
2016-01-21,1.8,2.7,1.2,-2.9,-1.8,89,6.5,2.4,2.87,20.0,5.95,9.3
2016-01-22,2.3,3.7,1.1,-3.0,-1.8,83,5.4,3.5,1.33,14.0,7.43,11.0
2016-01-23,-1.9,1.1,-3.2,-8.9,-4.7,63,0.3,0.1,0.21,2.0,9.24,15.0
2016-01-24,-5.6,-3.3,-7.4,-13.8,-10.1,45,0.0,0.0,0.0,0.0,11.58,19.0
2016-01-25,-2.8,0.9,-5.5,-8.5,-4.0,54,0.0,0.0,0.0,0.0,6.28,10.0
2016-01-26,0.2,3.7,-4.0,-3.7,0.3,65,0.0,0.0,0.0,0.0,2.69,5.3
2016-01-27,2.8,4.4,1.3,-0.3,1.6,82,2.5,2.5,0.0,12.0,2.71,4.0
2016-01-28,4.2,5.0,3.0,1.8,2.7,98,16.6,16.6,0.0,22.0,2.97,5.2
2016-01-29,4.0,5.1,2.6,0.3,2.3,93,10.0,10.0,0.0,16.0,5.94,8.2
2016-01-30,2.9,4.7,1.8,-1.1,1.2,82,0.0,0.0,0.0,0.0,4.94,8.1
2016-01-31,1.5,3.4,-0.1,-3.0,-1.0,84,3.9,0.3,2.52,8.0,5.1,8.3
2016-02-01,-0.1,1.8,-1.8,-5.2,-3.2,74,1.2,0.0,0.91,4.0,6.17,9.6
2016-02-02,0.2,3.4,-2.3,-4.0,-1.0,70,0.0,0.0,0.0,0.0,3.88,6.5
2016-02-03,1.2,4.9,-2.0,-2.0,2.2,76,0.0,0.0,0.0,0.0,2.97,4.7
2016-02-04,1.8,5.1,-1.0,-1.4,2.6,83,0.0,0.0,0.0,0.0,2.86,4.5
2016-02-05,3.2,7.0,-0.7,-0.4,3.4,74,0.0,0.0,0.0,0.0,3.47,6.2
2016-02-06,3.0,5.8,0.6,-1.5,0.5,64,0.0,0.0,0.0,0.0,5.73,9.5
2016-02-07,4.0,8.3,-0.1,0.0,4.5,63,0.3,0.3,0.0,1.0,4.57,7.8
2016-02-08,6.4,12.1,1.1,2.7,8.4,66,0.0,0.0,0.0,0.0,4.14,7.5
2016-02-09,8.8,15.3,3.8,5.9,13.1,68,0.0,0.0,0.0,0.0,4.74,6.5
2016-02-10,11.6,17.2,6.4,7.9,13.7,66,0.0,0.0,0.0,0.0,7.39,10.6
2016-02-11,14.2,18.9,11.8,12.9,19.2,88,4.1,4.1,0.0,7.0,6.68,9.6
2016-02-12,14.8,19.6,12.2,14.3,19.9,93,0.0,0.0,0.0,0.0,4.61,6.6
2016-02-13,11.4,14.2,6.0,7.8,13.7,89,7.6,7.6,0.0,8.0,9.75,15.8
2016-02-14,3.7,5.8,2.0,-3.1,-0.8,58,0.6,0.6,0.07,2.0,9.46,15.0
2016-02-15,3.0,6.0,0.0,-2.9,-0.4,45,0.0,0.0,0.0,0.0,6.95,11.0
2016-02-16,5.4,8.9,1.7,0.6,3.7,54,0.0,0.0,0.0,0.0,6.4,10.8
2016-02-17,6.3,9.6,2.4,3.1,6.9,58,0.0,0.0,0.0,0.0,2.84,4.9
2016-02-18,8.5,12.9,4.3,5.3,11.1,61,0.0,0.0,0.0,0.0,4.12,6.5
2016-02-19,8.5,10.9,6.2,5.9,8.3,78,0.0,0.0,0.0,0.0,3.93,6.6
2016-02-20,7.6,10.3,4.5,3.3,6.1,55,0.0,0.0,0.0,0.0,7.07,10.9
2016-02-21,6.7,10.9,2.3,2.4,7.1,64,0.3,0.3,0.0,2.0,6.2,9.7
2016-02-22,6.5,7.6,5.6,2.9,4.1,88,10.0,10.0,0.0,16.0,6.14,9.0
2016-02-23,6.6,8.7,5.3,2.8,5.7,82,0.0,0.0,0.0,0.0,5.85,9.1
2016-02-24,5.5,8.2,3.2,1.9,5.5,66,0.0,0.0,0.0,0.0,5.2,8.4
2016-02-25,6.1,10.7,2.0,2.1,7.5,67,0.0,0.0,0.0,0.0,5.48,8.5
2016-02-26,9.8,14.6,5.2,6.5,11.6,68,0.0,0.0,0.0,0.0,4.48,7.7
2016-02-27,12.2,16.5,7.4,9.5,14.3,66,0.0,0.0,0.0,0.0,5.49,8.1
2016-02-28,11.7,17.0,6.4,8.5,13.3,70,0.0,0.0,0.0,0.0,6.9,11.2
2016-02-29,6.8,10.2,3.5,2.7,6.0,58,0.0,0.0,0.0,0.0,6.05,10.5
2016-03-01,6.4,11.3,2.0,2.2,8.3,65,0.0,0.0,0.0,0.0,5.76,8.9
2016-03-02,10.7,16.5,5.7,7.9,15.2,75,0.0,0.0,0.0,0.0,5.1,8.6
2016-03-03,13.9,19.1,9.7,12.8,19.5,78,0.3,0.3,0.0,3.0,3.9,5.9
2016-03-04,16.6,20.0,13.5,15.4,19.1,75,0.0,0.0,0.0,0.0,5.06,7.7
2016-03-05,17.4,21.9,13.0,16.9,22.9,77,1.6,1.6,0.0,4.0,6.36,9.1
2016-03-06,12.6,15.2,10.7,10.6,13.5,87,1.9,1.9,0.0,3.0,4.96,8.8
2016-03-07,15.1,20.8,11.4,14.1,21.6,85,0.0,0.0,0.0,0.0,6.07,9.5
2016-03-08,9.8,14.1,5.9,4.9,12.3,91,26.0,26.0,0.0,21.0,11.74,18.4
2016-03-09,5.3,7.3,3.6,-0.7,1.1,72,10.1,10.1,0.0,7.0,8.38,15.9
2016-03-10,4.4,7.1,2.0,-0.9,1.9,59,0.5,0.1,0.35,3.0,6.9,10.9
2016-03-11,5.6,8.5,1.6,2.1,6.0,52,0.0,0.0,0.0,0.0,3.31,5.4
2016-03-12,7.5,11.7,3.5,2.9,7.8,66,1.0,1.0,0.0,2.0,7.12,11.7
2016-03-13,8.5,10.1,7.1,5.6,6.9,87,4.9,4.9,0.0,16.0,5.45,9.6
2016-03-14,8.2,11.8,4.8,5.3,9.7,73,0.0,0.0,0.0,0.0,4.75,7.1
2016-03-15,8.5,12.5,4.3,4.7,9.0,70,0.0,0.0,0.0,0.0,6.17,10.2
2016-03-16,12.0,16.4,8.5,10.4,16.9,73,0.0,0.0,0.0,0.0,4.61,7.6
2016-03-17,13.6,16.7,10.3,12.1,16.5,87,1.6,1.6,0.0,5.0,5.6,8.3
2016-03-18,15.0,17.1,13.5,15.3,17.2,89,0.4,0.4,0.0,3.0,2.2,4.2
2016-03-19,14.7,17.1,11.8,14.1,16.4,86,0.7,0.7,0.0,6.0,4.46,7.5
2016-03-20,12.5,17.5,8.6,9.4,14.9,67,0.0,0.0,0.0,0.0,5.28,8.7
2016-03-21,11.6,15.4,8.5,8.7,12.4,71,0.0,0.0,0.0,0.0,4.6,7.9
2016-03-22,12.4,14.8,10.4,9.8,12.4,82,0.3,0.3,0.0,1.0,5.97,10.0
2016-03-23,11.1,12.9,8.3,6.7,9.9,68,0.0,0.0,0.0,0.0,8.01,12.8
2016-03-24,8.2,10.7,6.3,3.1,5.5,54,0.0,0.0,0.0,0.0,6.46,10.5
2016-03-25,9.2,12.7,6.0,5.7,9.7,49,0.0,0.0,0.0,0.0,5.2,8.5
2016-03-26,10.0,13.5,5.7,6.9,11.6,50,0.0,0.0,0.0,0.0,4.61,6.7
2016-03-27,11.5,15.2,8.4,8.2,12.2,66,0.0,0.0,0.0,0.0,6.32,10.7
2016-03-28,14.0,18.5,9.0,11.1,16.1,56,0.0,0.0,0.0,0.0,4.93,8.0
2016-03-29,15.9,19.4,12.2,13.2,17.1,57,0.0,0.0,0.0,0.0,5.22,8.6
2016-03-30,15.6,17.2,13.7,14.6,16.1,73,1.4,1.4,0.0,5.0,4.49,6.3
2016-03-31,14.0,16.6,12.6,13.5,16.5,85,5.0,5.0,0.0,8.0,3.01,6.0
2016-04-01,15.8,21.7,10.9,14.6,21.8,80,0.0,0.0,0.0,0.0,6.02,9.3
2016-04-02,16.0,17.9,14.2,15.5,18.3,89,16.2,16.2,0.0,15.0,5.06,9.3
2016-04-03,14.1,15.6,12.1,12.7,16.0,95,12.4,12.4,0.0,23.0,7.31,11.7
2016-04-04,14.3,18.2,11.4,12.1,17.0,69,0.0,0.0,0.0,0.0,4.33,7.2
2016-04-05,14.8,17.6,13.0,12.4,15.7,72,0.0,0.0,0.0,0.0,6.3,9.2
2016-04-06,17.2,20.8,14.1,16.7,23.7,92,23.5,23.5,0.0,19.0,7.29,13.7
2016-04-07,14.7,16.7,12.6,13.8,17.3,89,21.0,21.0,0.0,13.0,6.74,13.7
2016-04-08,17.5,22.2,13.5,17.6,23.3,80,0.0,0.0,0.0,0.0,4.66,7.0
2016-04-09,18.3,22.5,15.1,17.8,23.2,74,0.0,0.0,0.0,0.0,4.38,7.1
2016-04-10,17.8,22.3,14.3,17.7,22.3,78,0.0,0.0,0.0,0.0,3.77,6.1
2016-04-11,16.6,21.6,13.1,15.2,21.5,77,0.1,0.1,0.0,1.0,7.12,11.2
2016-04-12,16.8,20.1,14.2,15.9,21.0,88,4.2,4.2,0.0,9.0,7.43,11.9
2016-04-13,19.9,24.1,16.3,21.4,27.2,82,0.0,0.0,0.0,0.0,3.84,6.4
2016-04-14,19.5,25.4,15.5,20.1,28.0,82,0.0,0.0,0.0,0.0,5.31,8.3
2016-04-15,19.1,23.2,16.0,16.5,20.6,63,0.0,0.0,0.0,0.0,8.14,13.4
2016-04-16,18.4,20.4,16.4,16.9,20.6,85,16.9,16.9,0.0,13.0,10.85,16.9
2016-04-17,17.4,20.3,14.8,16.0,20.3,66,3.7,3.7,0.0,4.0,7.5,12.6
2016-04-18,15.8,20.1,11.8,14.2,19.6,67,4.5,4.5,0.0,4.0,5.01,8.2
2016-04-19,17.2,21.7,13.0,14.3,18.8,68,0.0,0.0,0.0,0.0,8.2,13.4
2016-04-20,18.2,20.7,16.2,18.1,22.7,91,44.7,44.7,0.0,18.0,7.94,13.0
2016-04-21,19.3,22.7,16.6,19.8,24.1,83,22.7,22.7,0.0,10.0,4.82,13.4
2016-04-22,21.2,25.6,17.1,21.8,27.5,75,0.9,0.9,0.0,2.0,6.08,9.2
2016-04-23,15.5,18.2,14.5,13.1,16.8,85,21.1,21.1,0.0,21.0,8.01,12.7
2016-04-24,16.0,17.9,14.8,14.6,16.9,80,3.1,3.1,0.0,11.0,6.45,10.0
2016-04-25,15.3,16.7,14.4,13.4,15.0,78,6.6,6.6,0.0,7.0,5.76,9.9
2016-04-26,15.3,16.5,14.6,14.5,15.9,93,37.8,37.8,0.0,20.0,5.46,8.8
2016-04-27,14.6,15.9,13.1,12.4,14.0,84,0.0,0.0,0.0,0.0,7.64,12.1
2016-04-28,17.7,21.4,15.2,16.6,20.1,75,0.0,0.0,0.0,0.0,5.87,10.1
2016-04-29,19.3,23.3,15.4,20.2,25.7,76,0.0,0.0,0.0,0.0,3.98,5.3
2016-04-30,21.3,26.4,16.7,21.1,27.8,66,0.0,0.0,0.0,0.0,5.25,7.8
2016-05-01,23.0,28.6,18.2,23.2,29.8,67,0.0,0.0,0.0,0.0,6.02,9.6
2016-05-02,22.4,23.0,21.8,24.0,25.5,88,55.8,55.8,0.0,17.0,5.7,13.7
2016-05-03,21.3,24.4,18.3,18.4,23.4,61,2.5,2.5,0.0,2.0,11.92,18.8
2016-05-04,22.8,27.9,16.8,23.0,28.4,64,0.0,0.0,0.0,0.0,5.35,8.8
2016-05-05,23.1,25.5,21.8,25.9,29.6,89,33.3,33.3,0.0,16.0,5.68,8.6
2016-05-06,24.3,29.0,20.6,27.0,32.9,82,5.0,5.0,0.0,5.0,7.17,10.5
2016-05-07,17.7,20.4,14.6,15.5,19.9,75,11.3,11.3,0.0,15.0,6.7,12.6
2016-05-08,15.9,16.7,14.8,14.7,15.7,86,27.6,27.6,0.0,16.0,6.38,9.3
2016-05-09,17.3,19.0,15.8,18.2,20.4,89,13.7,13.7,0.0,13.0,3.58,7.1
2016-05-10,16.9,18.7,14.4,15.5,18.0,80,25.3,25.3,0.0,7.0,6.28,10.5
2016-05-11,19.6,24.5,15.1,20.0,25.8,73,0.0,0.0,0.0,0.0,6.1,9.2
2016-05-12,22.1,27.7,16.9,22.6,30.2,72,0.0,0.0,0.0,0.0,6.34,9.7
2016-05-13,19.2,20.7,17.3,18.4,21.9,85,0.0,0.0,0.0,0.0,7.38,11.7
2016-05-14,21.4,24.9,17.6,21.3,25.9,81,0.0,0.0,0.0,0.0,6.69,10.7
2016-05-15,19.2,22.6,15.7,18.4,23.6,86,15.8,15.8,0.0,12.0,7.62,12.9
2016-05-16,19.1,22.9,15.5,18.2,22.6,63,2.4,2.4,0.0,3.0,5.85,9.2
2016-05-17,19.7,23.6,15.2,17.4,21.7,50,0.0,0.0,0.0,0.0,5.83,8.8
2016-05-18,20.0,24.1,15.4,17.9,22.8,57,0.0,0.0,0.0,0.0,6.06,10.4
2016-05-19,21.0,24.5,17.2,20.4,24.6,71,0.0,0.0,0.0,0.0,5.89,9.4
2016-05-20,20.2,22.6,18.9,19.6,22.4,82,11.5,11.5,0.0,9.0,7.26,11.6
2016-05-21,19.4,19.8,19.0,19.6,20.3,96,26.5,26.5,0.0,23.0,7.18,10.9
2016-05-22,19.7,21.2,18.6,20.8,22.1,89,0.0,0.0,0.0,0.0,4.14,7.6
2016-05-23,20.7,23.1,18.1,22.5,25.1,83,3.8,3.8,0.0,9.0,2.94,5.4
2016-05-24,21.5,23.7,19.4,22.9,25.7,77,3.8,3.8,0.0,8.0,3.58,5.7
2016-05-25,24.2,28.1,20.0,27.0,32.7,80,0.8,0.8,0.0,5.0,4.27,6.7
2016-05-26,24.0,24.7,23.1,28.2,29.3,90,17.8,17.8,0.0,18.0,2.25,4.8
2016-05-27,22.0,23.4,20.5,24.2,26.9,92,20.9,20.9,0.0,18.0,4.81,8.7
2016-05-28,20.9,21.5,20.5,23.8,24.9,97,35.4,35.4,0.0,21.0,3.83,8.5
2016-05-29,21.6,23.2,20.9,23.7,25.1,88,13.9,13.9,0.0,15.0,4.89,8.1
2016-05-30,22.8,26.0,20.2,25.1,28.6,82,0.0,0.0,0.0,0.0,4.79,7.6
2016-05-31,24.6,28.2,21.1,28.3,33.8,87,15.8,15.8,0.0,9.0,4.31,9.0
2016-06-01,21.1,24.4,19.5,21.9,28.3,88,28.4,28.4,0.0,20.0,8.23,13.5
2016-06-02,21.1,24.5,18.1,21.9,26.2,78,1.6,1.6,0.0,8.0,5.17,9.8
2016-06-03,19.8,20.2,19.4,20.4,22.8,91,37.9,37.9,0.0,21.0,6.62,11.0
2016-06-04,20.8,22.5,19.6,20.8,22.5,86,0.3,0.3,0.0,2.0,7.69,12.3
2016-06-05,21.5,24.7,18.3,23.0,26.6,81,0.0,0.0,0.0,0.0,5.64,8.4
2016-06-06,23.2,27.2,19.5,25.0,31.3,82,0.0,0.0,0.0,0.0,5.63,9.6
2016-06-07,23.8,26.7,21.2,26.9,31.7,86,2.8,2.8,0.0,12.0,4.03,7.0
2016-06-08,23.7,25.5,22.6,26.9,29.7,88,3.4,3.4,0.0,11.0,4.91,9.2
2016-06-09,23.5,25.9,21.8,25.6,28.8,85,0.9,0.9,0.0,6.0,5.54,9.3
2016-06-10,25.0,28.5,21.5,27.3,31.7,83,0.3,0.3,0.0,2.0,6.02,10.2
2016-06-11,26.7,30.3,24.8,31.7,37.8,85,2.4,2.4,0.0,3.0,4.14,7.4
2016-06-12,23.5,25.3,21.9,26.4,30.3,93,40.0,40.0,0.0,17.0,6.21,9.7
2016-06-13,24.6,28.2,20.9,28.1,33.0,79,0.0,0.0,0.0,0.0,4.34,6.4
2016-06-14,27.0,31.4,22.5,30.4,36.8,78,0.0,0.0,0.0,0.0,5.42,8.2
2016-06-15,27.5,30.2,24.9,31.9,35.2,81,11.2,11.2,0.0,10.0,4.84,10.0
2016-06-16,24.8,26.6,22.9,27.2,28.7,77,3.4,3.4,0.0,5.0,4.12,7.6
2016-06-17,26.3,30.4,22.4,29.1,33.1,76,0.0,0.0,0.0,0.0,6.16,8.8
2016-06-18,26.9,29.4,23.3,30.4,33.3,81,0.2,0.2,0.0,2.0,5.89,10.5
2016-06-19,26.6,28.5,25.4,30.4,31.7,86,38.4,38.4,0.0,16.0,6.77,10.6
2016-06-20,25.4,25.8,24.8,29.2,30.8,91,62.5,62.5,0.0,20.0,5.81,10.3
2016-06-21,28.9,32.8,25.5,34.7,39.8,84,0.1,0.1,0.0,1.0,4.55,7.8
2016-06-22,28.4,29.8,27.4,33.9,35.7,85,3.1,3.1,0.0,6.0,4.48,8.5
2016-06-23,30.5,34.7,26.4,36.8,41.5,80,0.0,0.0,0.0,0.0,4.84,8.9
2016-06-24,28.2,31.4,23.8,32.0,35.9,78,5.2,5.2,0.0,12.0,5.98,13.8
2016-06-25,22.0,23.4,21.3,24.3,26.8,85,34.7,34.7,0.0,19.0,3.62,7.0
2016-06-26,22.0,23.3,20.8,23.4,24.6,84,6.9,6.9,0.0,16.0,5.73,9.0
2016-06-27,22.2,22.6,21.4,25.5,26.9,94,47.7,47.7,0.0,23.0,3.69,8.1
2016-06-28,22.5,24.2,21.8,26.1,27.9,93,63.4,63.4,0.0,21.0,5.87,12.7
2016-06-29,24.6,26.3,22.6,28.1,30.3,93,16.5,16.5,0.0,11.0,5.7,9.2
2016-06-30,28.0,31.4,24.2,33.0,37.1,83,0.0,0.0,0.0,0.0,4.31,7.3
2016-07-01,28.1,30.1,26.8,32.7,35.1,84,5.5,5.5,0.0,15.0,6.4,10.3
2016-07-02,26.5,28.7,25.0,31.6,34.6,89,33.2,33.2,0.0,24.0,4.84,11.6
2016-07-03,26.9,28.8,25.3,32.1,34.6,92,15.3,15.3,0.0,14.0,4.47,9.5
2016-07-04,29.2,32.6,27.0,34.7,39.5,84,3.2,3.2,0.0,9.0,4.85,9.6
2016-07-05,29.0,31.3,27.1,34.5,38.1,79,5.7,5.7,0.0,3.0,5.41,10.0
2016-07-06,29.0,32.1,26.9,34.6,38.3,84,1.5,1.5,0.0,3.0,4.74,9.0
2016-07-07,28.4,31.0,26.7,32.9,35.4,84,1.2,1.2,0.0,2.0,5.61,9.2
2016-07-08,28.2,30.6,26.2,32.4,35.3,83,0.4,0.4,0.0,3.0,6.43,9.7
2016-07-09,27.7,30.1,25.6,31.8,35.0,84,2.3,2.3,0.0,10.0,5.74,8.8
2016-07-10,27.4,28.6,26.5,31.9,33.4,92,24.0,24.0,0.0,20.0,5.82,8.8
2016-07-11,27.9,29.6,27.0,33.4,35.6,90,9.8,9.8,0.0,18.0,5.5,7.8
2016-07-12,29.7,32.8,27.2,36.8,39.6,84,0.7,0.7,0.0,3.0,2.6,7.4
2016-07-13,29.8,31.8,28.4,37.2,39.4,86,7.7,7.7,0.0,9.0,3.28,6.4
2016-07-14,28.8,30.3,28.0,35.5,37.0,86,25.6,25.6,0.0,17.0,3.08,8.1
2016-07-15,30.3,33.6,27.8,36.6,40.1,83,7.7,7.7,0.0,16.0,6.48,11.4
2016-07-16,26.1,27.6,24.6,29.5,31.5,83,5.1,5.1,0.0,11.0,6.96,12.7
2016-07-17,28.0,31.8,24.6,32.6,36.2,79,0.0,0.0,0.0,0.0,4.92,8.0
2016-07-18,28.8,31.9,26.7,34.5,38.0,83,2.2,2.2,0.0,9.0,4.6,7.9
2016-07-19,29.4,32.1,27.1,35.1,38.8,83,11.8,11.8,0.0,9.0,4.38,7.6
2016-07-20,32.0,35.5,28.4,37.7,41.6,74,0.0,0.0,0.0,0.0,5.3,8.7
2016-07-21,33.2,36.3,30.0,39.0,42.2,67,0.0,0.0,0.0,0.0,4.48,7.4
2016-07-22,33.5,36.4,30.2,39.8,42.9,66,0.0,0.0,0.0,0.0,4.42,7.0
2016-07-23,33.6,37.0,30.1,40.1,44.4,66,0.0,0.0,0.0,0.0,4.9,7.2
2016-07-24,33.2,37.2,29.8,40.1,45.8,72,0.0,0.0,0.0,0.0,4.94,8.2
2016-07-25,32.1,36.0,28.8,38.6,43.8,77,0.0,0.0,0.0,0.0,5.64,9.1
2016-07-26,32.8,36.7,29.0,40.0,45.9,72,0.0,0.0,0.0,0.0,4.46,8.2
2016-07-27,34.0,37.5,30.9,41.0,44.3,66,0.0,0.0,0.0,0.0,3.2,7.4
2016-07-28,33.8,36.1,31.0,40.7,44.5,66,0.0,0.0,0.0,0.0,4.56,6.4
2016-07-29,33.4,36.3,30.8,40.5,45.8,69,0.3,0.3,0.0,1.0,4.9,7.2
2016-07-30,31.9,35.2,29.3,37.6,42.2,75,0.0,0.0,0.0,0.0,6.26,10.2
2016-07-31,30.7,33.9,28.4,35.2,39.0,75,0.0,0.0,0.0,0.0,6.53,10.4
2016-08-01,30.3,33.3,27.6,35.1,38.2,77,0.2,0.2,0.0,2.0,5.69,9.4
2016-08-02,30.8,33.6,28.6,36.5,39.9,77,1.7,1.7,0.0,7.0,5.24,8.2
2016-08-03,28.2,29.1,27.3,33.6,35.0,83,9.7,9.7,0.0,13.0,3.92,6.8
2016-08-04,28.8,31.2,27.1,34.9,37.1,81,2.2,2.2,0.0,7.0,2.56,6.1
2016-08-05,29.3,32.1,27.2,35.2,37.7,80,0.5,0.5,0.0,3.0,3.41,6.0
2016-08-06,29.3,31.6,27.4,35.2,38.2,82,3.6,3.6,0.0,9.0,5.03,7.7
2016-08-07,29.7,32.6,27.2,34.6,38.7,79,0.1,0.1,0.0,1.0,5.64,9.1
2016-08-08,29.5,32.4,27.1,34.4,37.8,79,0.2,0.2,0.0,2.0,5.2,8.6
2016-08-09,29.1,31.7,27.4,33.6,36.2,82,1.1,1.1,0.0,6.0,6.51,10.7
2016-08-10,29.9,32.9,27.6,35.1,39.0,83,1.0,1.0,0.0,5.0,6.41,10.0
2016-08-11,30.5,33.7,28.0,35.8,39.0,79,0.0,0.0,0.0,0.0,5.58,9.2
2016-08-12,30.8,34.0,28.2,36.3,39.9,79,0.0,0.0,0.0,0.0,5.87,9.5
2016-08-13,30.9,34.1,28.3,36.5,40.2,79,0.0,0.0,0.0,0.0,5.64,8.9
2016-08-14,30.7,34.4,27.9,35.9,40.2,76,0.0,0.0,0.0,0.0,5.41,8.7
2016-08-15,30.8,34.6,27.7,36.3,40.7,75,0.0,0.0,0.0,0.0,5.48,8.6
2016-08-16,30.8,34.6,27.9,36.1,39.6,75,0.0,0.0,0.0,0.0,4.91,8.2
2016-08-17,30.7,34.1,27.7,35.9,39.0,75,0.0,0.0,0.0,0.0,5.07,8.3
2016-08-18,31.0,34.9,27.8,36.1,40.0,74,0.0,0.0,0.0,0.0,5.68,8.9
2016-08-19,31.9,35.4,28.6,38.0,42.8,74,0.0,0.0,0.0,0.0,5.02,8.5
2016-08-20,31.4,34.3,29.1,38.7,43.7,79,1.4,1.4,0.0,5.0,4.34,7.8
2016-08-21,30.9,33.6,28.9,37.7,40.8,78,1.0,1.0,0.0,5.0,3.26,6.6
2016-08-22,30.9,34.0,28.3,36.4,39.9,75,0.0,0.0,0.0,0.0,4.73,7.9
2016-08-23,30.1,32.7,27.7,35.2,39.2,74,0.1,0.1,0.0,1.0,5.02,8.0
2016-08-24,29.3,33.1,25.8,33.2,37.1,67,0.0,0.0,0.0,0.0,5.32,8.6
2016-08-25,30.0,33.7,25.9,35.0,39.1,70,0.0,0.0,0.0,0.0,4.15,7.4
2016-08-26,28.6,30.7,26.2,32.0,34.9,77,1.8,1.8,0.0,10.0,7.56,12.1
2016-08-27,26.4,29.0,24.2,26.9,29.1,63,0.9,0.9,0.0,3.0,6.64,9.5
2016-08-28,26.0,29.8,22.8,25.2,29.0,55,0.0,0.0,0.0,0.0,7.17,12.3
2016-08-29,25.7,29.4,22.5,26.2,29.7,55,0.0,0.0,0.0,0.0,4.66,7.9
2016-08-30,25.8,29.3,23.3,26.0,28.6,56,0.0,0.0,0.0,0.0,5.52,9.4
2016-08-31,26.6,30.1,22.8,28.1,31.6,59,0.0,0.0,0.0,0.0,3.76,7.1
2016-09-01,27.6,31.0,24.5,30.0,33.3,62,0.0,0.0,0.0,0.0,4.0,7.2
2016-09-02,28.1,32.4,24.2,31.2,36.2,65,0.0,0.0,0.0,0.0,3.89,7.2
2016-09-03,27.6,32.3,22.8,30.7,35.5,67,0.0,0.0,0.0,0.0,4.21,7.0
2016-09-04,27.3,31.3,23.7,29.9,33.6,68,0.0,0.0,0.0,0.0,5.41,8.4
2016-09-05,27.7,30.8,25.6,30.3,33.3,64,0.0,0.0,0.0,0.0,3.81,8.0
2016-09-06,25.4,26.9,23.7,27.2,29.1,67,0.6,0.6,0.0,3.0,4.14,6.4
2016-09-07,22.5,24.2,21.1,24.7,27.2,83,16.9,16.9,0.0,10.0,3.74,6.3
2016-09-08,24.7,27.9,21.1,28.6,32.5,80,0.0,0.0,0.0,0.0,2.95,4.2
2016-09-09,26.3,30.4,22.2,29.1,34.1,73,0.0,0.0,0.0,0.0,4.53,6.8
2016-09-10,25.7,27.7,24.0,28.8,31.6,80,0.0,0.0,0.0,0.0,4.33,7.6
2016-09-11,23.7,24.9,21.9,26.4,28.1,80,2.5,2.5,0.0,9.0,3.98,6.1
2016-09-12,24.4,28.0,21.1,26.6,30.1,76,0.0,0.0,0.0,0.0,3.71,7.2
2016-09-13,24.9,28.7,21.7,27.5,31.3,78,0.2,0.2,0.0,1.0,4.37,7.2
2016-09-14,22.6,23.1,22.1,24.6,26.3,88,29.6,29.6,0.0,21.0,5.95,9.9
2016-09-15,23.9,25.2,22.9,26.3,28.2,94,57.6,57.6,0.0,24.0,7.1,12.0
2016-09-16,24.7,26.7,23.3,27.4,30.5,93,52.6,52.6,0.0,21.0,8.54,16.8
2016-09-17,24.3,26.8,22.7,26.2,29.0,85,0.6,0.6,0.0,4.0,6.9,10.4
2016-09-18,24.2,27.2,22.2,24.9,27.3,79,0.0,0.0,0.0,0.0,7.41,12.0
2016-09-19,23.2,25.6,21.0,23.0,25.4,76,1.0,1.0,0.0,5.0,7.32,12.1
2016-09-20,22.3,25.2,19.8,22.5,25.6,70,0.0,0.0,0.0,0.0,5.22,8.5
2016-09-21,22.1,24.5,19.7,24.1,26.8,79,1.1,1.1,0.0,6.0,2.61,5.3
2016-09-22,22.9,26.6,19.2,24.5,28.7,72,0.0,0.0,0.0,0.0,4.85,7.6
2016-09-23,23.3,26.3,20.8,24.9,28.3,77,0.0,0.0,0.0,0.0,4.62,7.3
2016-09-24,23.8,27.5,20.8,25.3,30.1,78,0.0,0.0,0.0,0.0,5.41,8.3
2016-09-25,24.4,28.2,21.0,26.5,31.3,78,0.0,0.0,0.0,0.0,4.49,7.2
2016-09-26,25.4,28.9,21.9,28.8,32.7,83,0.0,0.0,0.0,0.0,4.09,7.3
2016-09-27,27.1,30.1,24.7,31.1,34.6,85,0.0,0.0,0.0,0.0,6.17,8.7
2016-09-28,24.5,26.3,22.0,26.2,30.0,94,16.1,16.1,0.0,22.0,9.9,15.6
2016-09-29,21.3,22.1,20.8,21.0,21.7,90,17.5,17.5,0.0,23.0,8.86,15.4
2016-09-30,22.5,24.5,20.9,25.4,28.3,93,2.2,2.2,0.0,9.0,6.1,8.5
2016-10-01,24.1,26.5,22.1,28.8,31.3,92,0.0,0.0,0.0,0.0,2.0,4.4
2016-10-02,25.4,28.0,23.5,29.7,32.9,89,0.5,0.5,0.0,1.0,5.23,8.6
2016-10-03,23.0,25.2,21.3,24.9,26.8,85,9.2,9.2,0.0,10.0,4.85,8.2
2016-10-04,23.2,25.4,21.4,25.2,27.7,83,0.0,0.0,0.0,0.0,4.6,6.8
2016-10-05,23.6,26.5,21.6,25.8,29.1,82,0.0,0.0,0.0,0.0,5.12,7.7
2016-10-06,22.5,23.9,20.7,22.7,24.2,80,1.7,1.7,0.0,5.0,6.8,11.4
2016-10-07,21.4,23.3,19.7,22.7,26.5,88,3.6,3.6,0.0,14.0,5.53,8.6
2016-10-08,20.4,22.7,17.7,19.3,23.3,79,3.4,3.4,0.0,11.0,8.67,13.7
2016-10-09,18.0,20.1,16.0,15.3,17.0,63,0.0,0.0,0.0,0.0,7.21,12.6
2016-10-10,18.1,21.2,15.5,16.8,19.4,70,0.0,0.0,0.0,0.0,5.14,8.8
2016-10-11,19.1,22.3,16.3,18.7,21.6,76,0.3,0.3,0.0,1.0,4.6,7.7
2016-10-12,19.5,21.0,18.3,19.5,21.2,77,0.1,0.1,0.0,1.0,4.93,7.6
2016-10-13,19.1,19.7,18.5,18.9,19.5,78,0.0,0.0,0.0,0.0,4.06,6.4
2016-10-14,19.3,20.3,18.4,19.4,20.9,83,4.7,4.7,0.0,9.0,5.14,8.5
2016-10-15,20.2,21.5,19.0,20.7,22.2,83,5.9,5.9,0.0,15.0,4.81,8.2
2016-10-16,21.5,24.0,19.8,23.5,26.2,88,0.4,0.4,0.0,1.0,4.18,5.9
2016-10-17,20.7,22.6,18.8,21.5,23.9,78,0.0,0.0,0.0,0.0,4.18,6.6
2016-10-18,20.8,23.3,19.0,21.9,24.6,84,4.5,4.5,0.0,12.0,4.22,7.6
2016-10-19,20.7,22.1,19.7,22.3,23.6,90,5.8,5.8,0.0,19.0,4.21,7.4
2016-10-20,21.1,22.4,20.4,22.6,24.3,94,11.6,11.6,0.0,21.0,5.45,8.7
2016-10-21,20.9,21.3,20.6,22.0,24.1,97,26.0,26.0,0.0,21.0,6.76,10.8
2016-10-22,21.3,21.8,20.2,23.0,24.3,97,44.3,44.3,0.0,23.0,8.03,12.2
2016-10-23,19.8,21.3,18.3,19.5,21.6,86,1.2,1.2,0.0,3.0,8.19,12.5
2016-10-24,20.5,23.0,18.0,22.1,25.4,86,0.0,0.0,0.0,0.0,3.77,6.9
2016-10-25,18.9,21.8,17.6,19.1,23.7,85,1.1,1.1,0.0,6.0,6.54,10.6
2016-10-26,19.1,21.4,17.9,19.7,24.3,91,20.0,20.0,0.0,19.0,6.92,14.5
2016-10-27,19.5,21.3,18.0,20.3,23.3,90,2.9,2.9,0.0,7.0,5.6,8.4
2016-10-28,17.4,20.6,14.8,15.9,23.0,87,3.5,3.5,0.0,18.0,8.54,13.4
2016-10-29,14.4,15.4,13.6,11.5,12.6,77,3.1,3.1,0.0,12.0,7.44,11.7
2016-10-30,14.9,17.5,12.2,13.2,15.4,72,2.9,2.9,0.0,4.0,4.1,7.9
2016-10-31,14.9,15.6,14.2,13.8,15.0,87,9.7,9.7,0.0,13.0,6.69,9.8
2016-11-01,12.9,14.8,9.8,9.3,11.2,68,0.0,0.0,0.0,0.0,7.71,12.0
2016-11-02,12.0,15.4,9.5,9.9,13.8,68,0.0,0.0,0.0,0.0,3.28,5.4
2016-11-03,12.7,16.4,9.5,11.6,15.5,77,0.0,0.0,0.0,0.0,3.19,4.8
2016-11-04,14.6,19.2,10.8,13.2,18.2,80,0.0,0.0,0.0,0.0,3.77,6.3
2016-11-05,16.4,20.5,12.7,16.4,21.3,80,0.0,0.0,0.0,0.0,3.23,4.8
2016-11-06,17.3,21.8,13.0,17.4,22.3,85,0.0,0.0,0.0,0.0,4.62,6.9
2016-11-07,18.9,21.8,16.6,19.4,23.6,88,16.7,16.7,0.0,9.0,11.48,13.4
2016-11-08,12.4,15.8,10.5,7.6,11.2,74,9.2,9.2,0.0,11.0,11.48,17.4
2016-11-09,11.4,12.6,10.4,7.8,8.9,66,0.0,0.0,0.0,0.0,6.02,9.7
2016-11-10,11.1,12.8,10.0,8.6,9.2,77,0.1,0.1,0.0,1.0,6.11,9.6
2016-11-11,12.5,16.7,9.0,10.2,14.5,76,0.0,0.0,0.0,0.0,5.09,7.6
2016-11-12,14.8,18.0,12.0,13.2,17.2,78,0.0,0.0,0.0,0.0,5.51,8.4
2016-11-13,16.2,18.8,14.4,16.8,20.2,89,2.2,2.2,0.0,4.0,2.6,4.0
2016-11-14,16.6,18.4,15.0,17.3,19.0,89,0.2,0.2,0.0,2.0,3.74,5.7
2016-11-15,14.8,16.9,11.4,12.5,14.3,76,0.0,0.0,0.0,0.0,5.35,8.5
2016-11-16,14.0,17.2,10.8,12.3,16.0,80,2.7,2.7,0.0,7.0,4.59,7.5
2016-11-17,15.2,15.9,14.6,14.7,16.4,94,6.2,6.2,0.0,12.0,4.11,6.4
2016-11-18,17.6,20.1,15.7,18.7,21.9,94,0.7,0.7,0.0,1.0,3.91,7.2
2016-11-19,17.8,19.9,15.7,19.8,22.7,96,7.9,7.9,0.0,12.0,1.98,6.3
2016-11-20,17.6,18.9,16.6,17.7,20.2,94,14.1,14.1,0.0,18.0,5.4,9.2
2016-11-21,16.7,17.5,15.6,16.8,18.7,93,4.1,4.1,0.0,11.0,6.04,9.3
2016-11-22,11.2,15.6,6.7,6.7,14.0,82,4.3,4.3,0.0,22.0,9.81,15.0
2016-11-23,4.4,6.3,3.0,-1.0,0.8,89,7.3,7.3,0.0,22.0,7.9,12.2
2016-11-24,4.1,7.1,1.4,-0.2,3.6,70,0.0,0.0,0.0,0.0,6.45,10.5
2016-11-25,7.7,9.6,5.3,5.1,8.1,73,1.8,1.8,0.0,7.0,3.53,6.7
2016-11-26,7.7,8.9,6.3,4.1,8.0,87,18.5,18.5,0.0,15.0,7.82,12.4
2016-11-27,8.1,11.7,5.2,4.9,8.2,75,0.0,0.0,0.0,0.0,4.03,7.4
2016-11-28,8.3,11.6,5.9,5.1,8.3,73,0.0,0.0,0.0,0.0,4.27,7.8
2016-11-29,8.8,11.4,5.6,6.2,9.5,80,0.0,0.0,0.0,0.0,4.52,5.8
2016-11-30,10.4,12.0,9.2,8.5,9.6,84,0.3,0.3,0.0,1.0,4.56,7.4
2016-12-01,10.3,13.1,8.3,8.0,10.6,77,0.0,0.0,0.0,0.0,3.83,5.7
2016-12-02,10.0,13.1,7.1,7.4,11.1,74,0.0,0.0,0.0,0.0,4.02,6.3
2016-12-03,10.5,14.5,6.8,8.3,12.6,80,0.2,0.2,0.0,1.0,3.88,7.0
2016-12-04,12.5,15.5,10.8,11.2,13.8,82,2.0,2.0,0.0,5.0,3.61,6.5
2016-12-05,12.1,16.1,9.0,10.3,15.2,83,0.0,0.0,0.0,0.0,9.2,14.8
2016-12-06,8.5,10.5,6.9,5.1,7.6,68,0.0,0.0,0.0,0.0,7.41,13.7
2016-12-07,9.4,13.1,5.7,7.3,11.3,77,0.0,0.0,0.0,0.0,2.94,5.3
2016-12-08,10.4,15.1,6.5,8.1,12.9,78,0.0,0.0,0.0,0.0,3.52,6.2
2016-12-09,10.3,13.6,8.3,7.0,10.3,77,0.0,0.0,0.0,0.0,5.4,9.0
2016-12-10,9.6,11.6,7.7,6.1,8.3,71,0.0,0.0,0.0,0.0,5.13,8.3
2016-12-11,10.4,12.5,8.5,6.7,8.9,72,0.0,0.0,0.0,0.0,5.8,9.1
2016-12-12,12.4,16.4,9.1,11.1,16.0,85,0.0,0.0,0.0,0.0,4.96,7.0
2016-12-13,11.3,12.2,9.4,9.6,11.4,94,6.7,6.7,0.0,14.0,6.01,10.3
2016-12-14,6.2,9.0,3.9,1.0,4.6,67,0.4,0.4,0.0,4.0,6.86,11.4
2016-12-15,4.1,6.7,2.0,-1.1,1.6,58,0.0,0.0,0.0,0.0,6.4,10.4
2016-12-16,4.8,7.3,2.7,1.0,4.0,67,0.0,0.0,0.0,0.0,3.86,6.4
2016-12-17,6.4,11.2,1.3,2.3,7.1,74,0.0,0.0,0.0,0.0,6.13,9.7
2016-12-18,10.0,13.8,6.9,7.7,12.1,81,0.0,0.0,0.0,0.0,5.95,9.7
2016-12-19,11.8,14.5,9.3,10.7,13.8,87,0.0,0.0,0.0,0.0,4.02,5.2
2016-12-20,10.9,11.7,10.1,8.6,9.7,94,16.4,16.4,0.0,22.0,5.28,8.3
2016-12-21,12.6,15.3,9.6,10.6,14.3,98,22.1,22.1,0.0,23.0,7.26,12.4
2016-12-22,8.8,9.8,7.9,4.7,7.2,80,0.6,0.6,0.0,1.0,7.29,11.9
2016-12-23,7.2,9.2,5.1,3.7,5.3,69,0.0,0.0,0.0,0.0,4.61,7.1
2016-12-24,7.3,9.7,4.7,3.4,6.1,70,0.0,0.0,0.0,0.0,5.02,7.8
2016-12-25,9.9,10.8,9.0,7.0,8.9,88,10.9,10.9,0.0,19.0,5.79,8.5
2016-12-26,9.3,11.3,7.1,6.4,10.6,95,10.7,10.7,0.0,21.0,6.69,10.3
2016-12-27,4.6,7.0,2.5,-0.9,2.3,67,0.0,0.0,0.0,0.0,8.6,13.6
2016-12-28,3.6,6.4,1.2,-0.4,3.1,66,0.0,0.0,0.0,0.0,3.93,6.9
2016-12-29,4.0,5.9,2.0,-0.2,1.9,65,0.0,0.0,0.0,0.0,4.3,8.4
2016-12-30,5.0,9.2,1.4,1.6,5.7,74,0.0,0.0,0.0,0.0,3.62,6.1
2016-12-31,5.8,10.0,2.7,3.6,8.0,88,0.0,0.0,0.0,0.0,2.69,4.2
2017-01-01,8.6,13.3,4.3,6.3,11.2,89,0.0,0.0,0.0,0.0,4.44,7.9
2017-01-02,10.2,12.3,8.4,8.5,10.3,90,0.0,0.0,0.0,0.0,3.36,5.8
2017-01-03,8.3,11.0,6.0,6.3,9.6,89,0.0,0.0,0.0,0.0,2.86,4.6
2017-01-04,10.8,13.9,8.1,9.2,13.3,90,2.5,2.5,0.0,5.0,4.6,7.6
2017-01-05,10.1,11.1,8.9,7.0,8.6,91,28.8,28.8,0.0,24.0,5.66,9.4
2017-01-06,10.4,11.7,9.0,8.3,10.6,94,9.4,9.4,0.0,22.0,4.84,8.9
2017-01-07,10.5,11.6,8.0,7.9,11.1,96,15.2,15.2,0.0,20.0,7.34,11.7
2017-01-08,7.6,8.0,7.1,2.6,3.0,87,0.1,0.1,0.0,1.0,8.05,12.8
2017-01-09,6.0,6.8,5.3,2.0,3.3,68,0.0,0.0,0.0,0.0,6.3,9.9
2017-01-10,6.0,7.4,4.6,2.3,3.2,69,0.5,0.5,0.0,4.0,4.08,6.9
2017-01-11,6.6,8.3,5.0,3.4,5.7,69,0.0,0.0,0.0,0.0,4.29,7.0
2017-01-12,6.5,7.5,5.5,3.9,4.8,79,1.8,1.8,0.0,8.0,3.14,5.7
2017-01-13,6.7,9.6,4.7,3.1,5.7,74,0.0,0.0,0.0,0.0,4.65,7.7
2017-01-14,4.6,7.1,2.5,-0.0,2.5,64,0.0,0.0,0.0,0.0,5.09,8.6
2017-01-15,4.5,6.4,2.7,0.0,2.1,62,0.0,0.0,0.0,0.0,5.06,9.7
2017-01-16,4.6,7.5,2.1,0.6,3.8,65,0.0,0.0,0.0,0.0,4.22,7.2
2017-01-17,6.0,8.3,3.5,2.8,5.6,79,0.4,0.4,0.0,3.0,4.11,6.6
2017-01-18,7.0,7.8,6.5,3.9,4.7,90,7.6,7.6,0.0,23.0,4.96,7.9
2017-01-19,6.7,7.3,6.1,3.7,5.0,85,0.8,0.8,0.0,6.0,6.52,9.2
2017-01-20,2.1,6.9,-1.5,-4.1,1.1,47,0.0,0.0,0.0,0.0,8.26,13.2
2017-01-21,1.9,5.3,-2.3,-2.1,2.0,58,0.0,0.0,0.0,0.0,3.48,6.2
2017-01-22,2.6,5.6,0.2,-1.6,1.2,58,0.0,0.0,0.0,0.0,3.95,6.9
2017-01-23,2.4,5.9,-0.8,-1.7,1.8,61,0.0,0.0,0.0,0.0,4.4,6.8
2017-01-24,4.0,8.1,0.3,-0.1,4.2,70,0.0,0.0,0.0,0.0,4.39,7.6
2017-01-25,6.1,9.5,4.0,2.6,6.7,74,0.0,0.0,0.0,0.0,3.9,7.4
2017-01-26,6.6,11.3,2.5,3.3,8.1,81,0.0,0.0,0.0,0.0,4.75,7.1
2017-01-27,6.6,9.1,4.7,2.8,5.0,79,0.0,0.0,0.0,0.0,6.61,11.6
2017-01-28,8.8,13.4,4.8,5.4,10.5,82,0.0,0.0,0.0,0.0,6.33,9.5
2017-01-29,10.7,14.9,6.2,7.7,13.5,84,1.6,1.6,0.0,4.0,8.24,12.3
2017-01-30,3.4,5.9,1.8,-2.1,0.6,67,0.8,0.8,0.0,3.0,8.16,12.9
2017-01-31,3.5,6.5,0.5,-0.4,2.9,64,0.0,0.0,0.0,0.0,3.64,6.8
2017-02-01,4.0,5.2,2.7,-0.4,1.0,71,0.9,0.9,0.0,5.0,5.22,8.4
2017-02-02,4.6,6.9,2.0,0.6,3.4,68,0.0,0.0,0.0,0.0,4.48,7.0
2017-02-03,6.9,8.7,5.4,4.3,7.0,84,7.5,7.5,0.0,16.0,3.85,6.1
2017-02-04,6.7,7.4,6.3,4.6,5.4,93,4.7,4.7,0.0,15.0,2.88,4.6
2017-02-05,7.1,9.1,4.7,4.3,6.9,83,0.0,0.0,0.0,0.0,4.65,8.4
2017-02-06,5.9,9.7,3.3,1.9,6.2,72,0.0,0.0,0.0,0.0,5.96,9.8
2017-02-07,5.8,8.4,3.0,1.9,4.9,71,0.0,0.0,0.0,0.0,4.81,7.8
2017-02-08,4.4,6.1,2.2,-0.1,2.4,86,9.7,9.7,0.0,22.0,7.07,10.1
2017-02-09,3.0,5.5,1.3,-3.0,-1.3,64,0.0,0.0,0.0,0.0,7.96,12.7
2017-02-10,3.1,5.8,0.6,-2.5,-0.7,46,0.0,0.0,0.0,0.0,6.93,11.5
2017-02-11,3.3,6.5,-0.2,-1.1,2.4,51,0.0,0.0,0.0,0.0,4.78,7.3
2017-02-12,5.0,9.8,-0.2,1.5,7.1,59,0.0,0.0,0.0,0.0,3.16,5.9
2017-02-13,6.5,12.4,1.3,3.4,10.6,65,0.0,0.0,0.0,0.0,2.92,5.3
2017-02-14,7.8,13.4,2.8,4.6,10.5,65,0.0,0.0,0.0,0.0,4.2,6.1
2017-02-15,9.4,14.3,5.2,5.7,11.3,66,0.0,0.0,0.0,0.0,5.02,8.8
2017-02-16,12.1,15.9,8.9,9.3,13.6,76,1.1,1.1,0.0,4.0,5.82,10.9
2017-02-17,8.4,11.9,5.2,4.6,10.1,79,1.6,1.6,0.0,8.0,7.92,12.3
2017-02-18,7.0,11.0,4.0,3.9,9.0,73,2.1,2.1,0.0,5.0,5.9,9.0
2017-02-19,12.0,17.7,5.7,8.2,15.1,75,0.0,0.0,0.0,0.0,7.16,11.2
2017-02-20,9.0,15.5,4.1,4.3,12.8,74,0.8,0.8,0.0,4.0,10.35,16.4
2017-02-21,6.8,9.4,4.3,1.6,4.7,69,1.2,1.2,0.0,2.0,7.65,12.2
2017-02-22,6.3,9.5,4.3,1.5,6.7,86,11.5,11.5,0.0,19.0,7.89,12.5
2017-02-23,4.8,6.8,3.3,0.1,2.4,69,0.0,0.0,0.0,0.0,6.51,10.1
2017-02-24,5.1,7.7,2.4,1.9,4.8,60,0.0,0.0,0.0,0.0,2.98,4.8
2017-02-25,6.6,10.5,2.6,3.9,9.0,69,0.0,0.0,0.0,0.0,2.55,5.5
2017-02-26,9.1,12.8,5.7,6.5,11.1,64,0.0,0.0,0.0,0.0,4.05,7.3
2017-02-27,9.0,13.4,5.0,6.1,12.3,64,0.0,0.0,0.0,0.0,4.91,7.0
2017-02-28,9.7,14.3,5.6,6.0,11.6,61,0.0,0.0,0.0,0.0,5.02,8.8
2017-03-01,10.9,15.4,6.8,6.6,10.8,64,0.0,0.0,0.0,0.0,9.14,14.9
2017-03-02,6.2,9.0,3.5,1.4,5.1,50,0.1,0.1,0.0,1.0,9.12,14.9
2017-03-03,8.7,13.7,3.7,4.8,9.8,59,0.0,0.0,0.0,0.0,5.24,9.6
2017-03-04,11.4,16.4,6.3,9.8,16.3,70,0.4,0.4,0.0,3.0,2.73,5.7
2017-03-05,11.4,13.0,10.0,9.9,12.1,81,4.9,4.9,0.0,12.0,5.78,7.8
2017-03-06,8.8,11.1,6.8,5.0,8.3,58,0.3,0.3,0.0,2.0,7.18,11.5
2017-03-07,8.6,12.8,4.4,5.4,11.1,63,0.0,0.0,0.0,0.0,5.8,8.9
2017-03-08,8.6,12.5,5.0,5.3,8.5,61,0.0,0.0,0.0,0.0,4.8,8.7
2017-03-09,10.6,15.6,5.1,7.9,13.9,60,0.0,0.0,0.0,0.0,3.92,5.8
2017-03-10,12.7,15.3,10.3,10.0,12.9,71,0.0,0.0,0.0,0.0,4.75,9.2
2017-03-11,11.9,14.9,9.1,8.4,10.9,73,0.0,0.0,0.0,0.0,6.94,11.3
2017-03-12,12.0,13.6,10.5,9.6,12.6,86,9.5,9.5,0.0,14.0,6.58,9.8
2017-03-13,8.6,10.4,6.8,4.3,6.9,83,11.1,11.1,0.0,17.0,7.26,12.0
2017-03-14,8.1,12.2,5.4,3.9,8.3,61,0.0,0.0,0.0,0.0,5.82,9.3
2017-03-15,9.3,13.4,4.4,6.4,11.6,57,0.0,0.0,0.0,0.0,4.66,8.0
2017-03-16,9.7,11.6,7.6,7.1,9.6,66,0.6,0.6,0.0,1.0,3.91,6.0
2017-03-17,10.0,13.4,6.7,6.8,10.6,69,0.4,0.4,0.0,1.0,4.72,7.4
2017-03-18,10.8,12.7,9.7,8.5,10.7,79,3.7,3.7,0.0,10.0,4.27,6.7
2017-03-19,10.6,12.1,8.8,7.7,9.9,81,6.5,6.5,0.0,10.0,5.71,9.3
2017-03-20,11.1,12.0,10.3,8.6,11.5,91,12.8,12.8,0.0,17.0,6.38,10.2
2017-03-21,11.1,14.5,9.0,8.2,13.0,71,0.2,0.2,0.0,1.0,5.92,9.5
2017-03-22,8.7,9.2,8.3,4.7,5.7,79,13.3,13.3,0.0,18.0,6.55,10.4
2017-03-23,9.6,11.3,8.7,6.9,8.7,84,0.9,0.9,0.0,3.0,4.9,8.0
2017-03-24,9.6,11.2,8.4,7.4,9.6,83,8.7,8.7,0.0,13.0,3.72,6.4
2017-03-25,10.7,13.4,8.3,8.1,11.0,78,0.0,0.0,0.0,0.0,5.29,8.8
2017-03-26,13.0,16.9,9.0,9.8,13.1,62,0.0,0.0,0.0,0.0,7.12,12.6
2017-03-27,13.5,17.8,8.6,11.1,16.3,59,0.0,0.0,0.0,0.0,5.38,8.1
2017-03-28,15.7,20.2,11.4,13.1,18.8,63,0.0,0.0,0.0,0.0,6.04,12.8
2017-03-29,13.7,15.7,11.1,12.2,15.7,78,0.0,0.0,0.0,0.0,4.47,6.8
2017-03-30,10.7,11.4,9.8,7.8,8.8,89,21.7,21.7,0.0,17.0,6.52,11.4
2017-03-31,11.6,15.3,8.4,7.9,12.1,69,8.0,8.0,0.0,5.0,7.37,11.8
2017-04-01,12.6,16.1,8.6,9.7,12.9,57,0.0,0.0,0.0,0.0,6.11,10.8
2017-04-02,14.8,19.2,10.5,13.4,19.2,69,0.0,0.0,0.0,0.0,3.89,7.3
2017-04-03,16.0,21.5,10.1,12.8,19.3,55,0.0,0.0,0.0,0.0,6.38,9.9
2017-04-04,17.1,20.5,13.9,13.9,17.9,61,0.5,0.5,0.0,2.0,7.12,11.6
2017-04-05,18.5,21.0,17.0,18.5,22.6,76,3.6,3.6,0.0,12.0,6.77,10.5
2017-04-06,17.5,19.9,15.2,17.5,20.1,90,10.5,10.5,0.0,19.0,4.74,12.3
2017-04-07,15.2,16.7,14.0,14.8,16.5,93,12.6,12.6,0.0,14.0,4.36,7.2
2017-04-08,17.7,21.9,15.1,17.6,23.3,87,0.0,0.0,0.0,0.0,6.51,10.0
2017-04-09,12.9,15.5,11.5,9.5,13.1,83,12.8,12.8,0.0,15.0,8.41,13.6
2017-04-10,11.5,13.0,10.2,8.8,11.6,87,24.2,24.2,0.0,20.0,6.35,10.1
2017-04-11,11.9,14.4,10.3,9.4,12.7,83,1.2,1.2,0.0,8.0,6.01,9.6
2017-04-12,14.6,17.9,11.6,12.9,17.7,63,0.0,0.0,0.0,0.0,3.59,5.6
2017-04-13,15.0,20.7,8.8,12.0,18.9,55,0.0,0.0,0.0,0.0,6.03,8.9
2017-04-14,19.0,24.3,13.6,17.6,25.0,61,0.0,0.0,0.0,0.0,5.82,8.7
2017-04-15,21.7,26.8,15.6,23.2,30.5,70,0.0,0.0,0.0,0.0,4.48,7.0
2017-04-16,22.3,27.3,17.8,24.1,30.7,78,5.8,5.8,0.0,5.0,3.85,9.3
2017-04-17,21.6,23.8,19.3,21.7,24.0,82,8.4,8.4,0.0,10.0,8.97,13.4
2017-04-18,21.8,25.6,17.9,21.2,25.1,66,0.0,0.0,0.0,0.0,7.96,14.3
2017-04-19,19.7,24.3,15.1,17.6,22.6,60,3.4,3.4,0.0,3.0,7.21,11.8
2017-04-20,20.8,23.9,18.5,20.9,24.4,78,13.1,13.1,0.0,6.0,6.02,10.2
2017-04-21,18.8,20.7,17.2,18.1,19.4,71,0.4,0.4,0.0,3.0,4.8,7.8
2017-04-22,17.2,20.1,14.2,15.9,18.9,64,0.3,0.3,0.0,2.0,4.8,8.5
2017-04-23,17.4,22.0,13.0,15.6,21.5,65,0.0,0.0,0.0,0.0,6.52,9.9
2017-04-24,19.2,24.5,13.9,18.3,25.7,68,0.0,0.0,0.0,0.0,5.37,9.1
2017-04-25,19.8,23.2,16.9,19.8,24.1,79,5.2,5.2,0.0,5.0,4.91,8.4
2017-04-26,16.8,18.6,14.3,15.1,17.8,78,9.7,9.7,0.0,10.0,6.86,11.1
2017-04-27,16.6,20.3,12.9,14.5,18.0,51,0.0,0.0,0.0,0.0,4.22,7.2
2017-04-28,18.9,22.8,14.6,17.3,21.3,59,0.0,0.0,0.0,0.0,5.43,9.7
2017-04-29,21.5,26.2,17.2,20.9,26.6,58,0.0,0.0,0.0,0.0,4.21,7.7
2017-04-30,22.5,27.7,17.6,22.9,29.0,60,0.0,0.0,0.0,0.0,5.09,7.3
2017-05-01,21.9,26.8,17.5,22.3,28.0,72,1.6,1.6,0.0,4.0,5.54,10.1
2017-05-02,18.5,20.3,17.8,17.2,21.2,88,23.0,23.0,0.0,19.0,8.12,14.8
2017-05-03,19.3,21.7,17.7,17.7,20.1,83,0.0,0.0,0.0,0.0,7.84,12.1
2017-05-04,20.1,21.2,18.9,20.2,22.1,90,8.8,8.8,0.0,9.0,7.92,12.2
2017-05-05,20.2,22.0,18.7,20.8,23.5,84,0.0,0.0,0.0,0.0,5.86,9.3
2017-05-06,21.1,24.5,17.9,22.7,27.7,77,0.0,0.0,0.0,0.0,3.92,7.2
2017-05-07,21.7,25.8,18.2,22.4,28.1,71,0.2,0.2,0.0,1.0,5.06,8.2
2017-05-08,17.9,20.1,15.3,16.6,20.1,79,21.9,21.9,0.0,21.0,6.8,14.2
2017-05-09,19.9,22.8,18.8,18.4,21.4,76,0.1,0.1,0.0,1.0,9.51,15.3
2017-05-10,23.2,29.1,17.2,24.1,30.6,67,0.0,0.0,0.0,0.0,4.11,7.2
2017-05-11,25.4,30.4,20.0,27.8,34.3,65,2.9,2.9,0.0,4.0,3.28,7.1
2017-05-12,20.7,24.3,18.8,21.2,26.5,80,22.6,22.6,0.0,12.0,5.99,9.1
2017-05-13,23.1,28.6,18.1,24.3,30.1,71,0.0,0.0,0.0,0.0,4.53,8.3
2017-05-14,23.0,27.3,20.1,23.7,29.6,71,0.0,0.0,0.0,0.0,6.57,10.6
2017-05-15,20.4,22.2,18.7,19.0,21.1,63,0.5,0.5,0.0,1.0,5.06,8.2
2017-05-16,20.2,23.4,17.6,20.0,24.4,64,0.0,0.0,0.0,0.0,4.03,8.1
2017-05-17,20.8,25.6,16.0,20.7,26.6,64,0.0,0.0,0.0,0.0,5.03,7.4
2017-05-18,22.0,27.0,17.3,22.2,28.7,71,0.0,0.0,0.0,0.0,5.66,8.6
2017-05-19,22.1,25.8,19.4,22.0,27.0,74,0.0,0.0,0.0,0.0,6.26,10.3
2017-05-20,23.4,26.9,20.9,24.6,29.3,78,0.4,0.4,0.0,3.0,5.44,9.8
2017-05-21,23.4,27.0,20.5,23.9,27.9,75,0.0,0.0,0.0,0.0,6.08,10.7
2017-05-22,23.8,27.8,20.4,24.8,29.6,77,0.0,0.0,0.0,0.0,5.8,9.9
2017-05-23,22.6,23.5,21.6,25.1,27.6,91,16.3,16.3,0.0,17.0,6.36,8.2
2017-05-24,20.9,22.6,19.0,20.8,22.3,80,0.7,0.7,0.0,5.0,6.76,11.8
2017-05-25,22.3,26.9,17.5,22.7,26.9,60,0.0,0.0,0.0,0.0,3.59,6.2
2017-05-26,23.3,27.0,19.5,24.4,29.5,65,0.0,0.0,0.0,0.0,4.53,7.9
2017-05-27,24.0,29.6,18.2,25.1,32.2,67,0.0,0.0,0.0,0.0,4.72,7.4
2017-05-28,25.1,30.7,20.2,25.5,32.0,58,0.0,0.0,0.0,0.0,5.64,9.1
2017-05-29,24.3,29.5,19.7,24.7,31.3,65,0.0,0.0,0.0,0.0,6.88,10.6
2017-05-30,25.4,29.4,21.6,27.7,33.4,76,0.0,0.0,0.0,0.0,6.51,10.2
2017-05-31,26.2,28.3,24.3,30.0,32.4,77,3.6,3.6,0.0,6.0,3.61,13.0
2017-06-01,27.2,30.2,24.8,31.8,36.1,77,1.0,1.0,0.0,2.0,3.14,6.5
2017-06-02,25.9,29.9,22.5,27.3,32.5,69,0.0,0.0,0.0,0.0,5.83,9.6
2017-06-03,24.7,29.8,21.2,24.9,31.2,64,0.0,0.0,0.0,0.0,6.45,10.2
2017-06-04,23.5,27.8,20.1,22.9,27.9,63,0.0,0.0,0.0,0.0,6.64,10.8
2017-06-05,20.7,21.5,18.8,19.6,21.4,78,16.5,16.5,0.0,19.0,8.85,14.6
2017-06-06,21.9,23.6,20.1,23.0,26.2,89,9.3,9.3,0.0,17.0,8.06,13.1
2017-06-07,22.7,25.5,20.1,23.9,27.5,74,0.0,0.0,0.0,0.0,4.57,8.0
2017-06-08,24.9,28.8,20.2,27.3,32.1,71,0.0,0.0,0.0,0.0,5.89,9.2
2017-06-09,25.6,29.3,22.5,28.8,33.2,78,0.3,0.3,0.0,1.0,4.42,7.8
2017-06-10,25.0,28.6,22.2,28.8,33.6,92,35.2,35.2,0.0,23.0,5.17,16.8
2017-06-11,24.0,27.9,21.7,25.4,29.8,77,4.0,4.0,0.0,9.0,5.49,14.8
2017-06-12,21.7,23.5,20.6,22.4,24.1,81,25.5,25.5,0.0,13.0,5.91,9.5
2017-06-13,21.3,22.6,20.3,22.7,23.7,88,7.9,7.9,0.0,19.0,5.41,9.4
2017-06-14,22.7,25.9,20.0,24.3,28.1,78,0.0,0.0,0.0,0.0,3.82,6.9
2017-06-15,22.8,26.7,18.4,24.3,29.8,69,0.0,0.0,0.0,0.0,4.14,6.9
2017-06-16,23.3,26.4,20.3,24.3,27.9,71,0.0,0.0,0.0,0.0,4.64,7.7
2017-06-17,23.7,28.0,19.4,25.2,30.4,72,0.0,0.0,0.0,0.0,4.9,7.6
2017-06-18,24.1,27.6,21.1,25.1,28.5,77,0.0,0.0,0.0,0.0,6.41,10.4
2017-06-19,23.7,25.2,22.9,26.7,28.3,90,15.6,15.6,0.0,14.0,5.8,9.7
2017-06-20,24.9,27.9,23.0,29.3,32.5,87,7.6,7.6,0.0,17.0,3.28,5.5
2017-06-21,24.8,26.2,23.6,28.5,30.7,89,3.2,3.2,0.0,8.0,5.13,8.8
2017-06-22,23.8,24.8,22.5,26.0,27.5,88,3.3,3.3,0.0,9.0,6.18,10.9
2017-06-23,24.4,26.8,22.7,28.9,32.4,93,11.9,11.9,0.0,12.0,3.48,6.2
2017-06-24,25.9,28.6,23.3,30.4,34.8,86,3.6,3.6,0.0,10.0,3.4,6.2
2017-06-25,25.5,26.2,24.2,29.5,31.1,87,7.6,7.6,0.0,16.0,4.55,7.2
2017-06-26,25.5,28.2,23.7,29.2,32.3,82,0.4,0.4,0.0,4.0,4.02,6.3
2017-06-27,26.3,29.2,24.2,30.2,34.1,81,0.8,0.8,0.0,3.0,4.08,6.5
2017-06-28,24.8,26.6,22.8,27.5,29.3,81,0.0,0.0,0.0,0.0,4.66,7.8
2017-06-29,24.8,27.2,22.3,28.4,31.7,82,0.2,0.2,0.0,1.0,3.54,5.4
2017-06-30,27.5,30.4,24.5,33.0,37.0,83,0.0,0.0,0.0,0.0,3.16,7.1
2017-07-01,27.7,31.0,25.9,33.5,37.5,87,13.0,13.0,0.0,14.0,4.44,6.8
2017-07-02,28.6,30.8,26.4,33.6,37.2,84,1.0,1.0,0.0,5.0,4.94,10.0
2017-07-03,28.8,32.3,26.6,34.8,39.5,83,3.6,3.6,0.0,9.0,4.47,6.5
2017-07-04,29.2,32.0,27.8,34.2,37.2,78,0.6,0.6,0.0,3.0,3.91,7.7
2017-07-05,29.2,33.0,27.3,34.6,40.4,79,5.5,5.5,0.0,7.0,4.41,7.6
2017-07-06,30.5,33.7,27.4,36.8,41.6,79,1.4,1.4,0.0,4.0,4.43,8.4
2017-07-07,31.5,33.7,29.2,37.3,40.6,75,1.0,1.0,0.0,2.0,5.53,9.0
2017-07-08,30.9,33.0,29.6,36.8,39.5,77,7.1,7.1,0.0,7.0,4.87,7.5
2017-07-09,30.2,31.8,28.7,35.1,36.5,77,4.3,4.3,0.0,6.0,6.2,10.1
2017-07-10,28.8,31.0,27.2,33.2,35.3,80,7.2,7.2,0.0,12.0,5.97,13.2
2017-07-11,29.4,32.6,26.7,35.5,39.2,79,0.2,0.2,0.0,2.0,3.16,6.1
2017-07-12,31.7,35.1,28.4,38.3,42.6,73,0.0,0.0,0.0,0.0,3.23,5.7
2017-07-13,32.1,34.9,29.8,38.2,41.1,70,0.0,0.0,0.0,0.0,3.64,7.2
2017-07-14,31.6,34.4,28.8,38.1,43.2,73,0.2,0.2,0.0,2.0,3.31,6.2
2017-07-15,32.2,35.6,29.4,38.2,43.7,72,0.0,0.0,0.0,0.0,5.32,9.1
2017-07-16,32.2,35.4,29.4,37.7,42.8,68,0.0,0.0,0.0,0.0,5.76,8.9
2017-07-17,31.7,34.5,29.0,36.5,39.9,68,0.0,0.0,0.0,0.0,5.8,9.7
2017-07-18,32.1,34.8,29.2,38.2,41.1,70,0.0,0.0,0.0,0.0,4.52,7.7
2017-07-19,32.9,35.4,29.9,38.9,40.7,66,0.0,0.0,0.0,0.0,3.03,6.0
2017-07-20,33.5,36.4,30.4,39.5,42.0,64,0.0,0.0,0.0,0.0,4.33,6.6
2017-07-21,33.8,37.0,30.3,39.9,42.9,63,0.0,0.0,0.0,0.0,4.47,6.5
2017-07-22,33.8,37.2,30.5,40.5,44.9,64,0.0,0.0,0.0,0.0,3.67,6.2
2017-07-23,34.4,37.9,30.3,40.9,45.4,62,0.0,0.0,0.0,0.0,3.72,6.3
2017-07-24,34.5,37.9,30.0,40.8,44.7,61,0.0,0.0,0.0,0.0,2.96,6.0
2017-07-25,35.2,38.4,31.9,41.8,45.0,60,0.0,0.0,0.0,0.0,4.36,5.6
2017-07-26,33.4,36.7,30.5,39.9,44.8,68,0.0,0.0,0.0,0.0,4.83,8.0
2017-07-27,33.3,37.5,29.8,38.5,43.7,63,0.0,0.0,0.0,0.0,5.38,9.2
2017-07-28,32.4,36.7,29.1,37.7,42.5,68,0.0,0.0,0.0,0.0,5.42,9.5
2017-07-29,31.4,34.8,28.9,36.7,40.3,73,0.0,0.0,0.0,0.0,5.7,9.2
2017-07-30,29.7,33.0,28.6,35.0,39.3,84,14.1,14.1,0.0,12.0,6.15,12.1
2017-07-31,30.8,33.3,28.7,34.9,37.4,79,0.3,0.3,0.0,2.0,9.12,16.7
2017-08-01,30.8,33.5,28.9,33.9,36.9,76,0.0,0.0,0.0,0.0,8.63,15.4
2017-08-02,31.3,34.5,28.7,35.3,39.3,73,0.0,0.0,0.0,0.0,8.22,13.0
2017-08-03,32.0,35.8,28.7,37.8,42.3,72,0.0,0.0,0.0,0.0,6.65,10.3
2017-08-04,32.6,35.3,30.3,39.6,43.4,71,0.4,0.4,0.0,2.0,3.18,6.8
2017-08-05,32.2,34.4,30.3,39.3,42.0,74,1.6,1.6,0.0,3.0,2.82,8.3
2017-08-06,33.0,35.9,30.2,39.2,41.8,69,0.2,0.2,0.0,1.0,4.12,8.9
2017-08-07,33.2,36.4,30.8,39.8,42.5,68,0.2,0.2,0.0,1.0,4.97,6.4
2017-08-08,30.6,33.6,28.5,37.2,40.8,80,2.7,2.7,0.0,8.0,3.92,10.6
2017-08-09,27.8,29.2,26.9,33.3,35.3,87,12.2,12.2,0.0,11.0,5.2,14.9
2017-08-10,29.9,32.9,26.9,35.6,38.6,75,0.0,0.0,0.0,0.0,3.0,6.9
2017-08-11,31.7,34.9,27.9,37.5,41.4,68,0.0,0.0,0.0,0.0,4.74,7.1
2017-08-12,28.4,30.3,26.9,33.2,34.9,82,14.0,14.0,0.0,16.0,5.66,10.9
2017-08-13,29.4,32.5,27.7,35.5,39.1,85,5.6,5.6,0.0,12.0,5.25,9.1
2017-08-14,28.7,30.4,27.4,34.0,36.0,84,6.4,6.4,0.0,13.0,4.9,11.6
2017-08-15,28.8,31.5,26.5,34.1,36.5,80,4.2,4.2,0.0,9.0,3.91,8.4
2017-08-16,28.0,29.9,26.5,33.2,35.8,81,8.4,8.4,0.0,11.0,3.48,8.1
2017-08-17,28.8,31.7,26.2,34.6,37.9,77,1.3,1.3,0.0,1.0,2.73,4.4
2017-08-18,30.1,34.2,26.6,35.7,40.7,74,0.0,0.0,0.0,0.0,3.67,6.3
2017-08-19,31.1,34.9,28.3,37.0,42.0,72,1.8,1.8,0.0,2.0,3.96,6.8
2017-08-20,27.9,29.0,26.8,33.6,35.4,84,11.0,11.0,0.0,18.0,3.14,11.0
2017-08-21,29.0,31.9,26.5,35.2,40.3,81,0.4,0.4,0.0,2.0,4.63,7.2
2017-08-22,30.2,33.1,27.8,35.3,39.1,82,1.0,1.0,0.0,2.0,6.8,11.1
2017-08-23,30.7,33.4,28.4,35.4,38.4,78,0.0,0.0,0.0,0.0,6.52,11.2
2017-08-24,31.3,34.4,28.4,37.1,40.5,74,0.0,0.0,0.0,0.0,5.95,9.6
2017-08-25,30.4,33.0,27.7,36.5,40.5,77,7.1,7.1,0.0,9.0,5.14,7.2
2017-08-26,27.9,29.7,26.8,30.5,32.4,75,11.6,11.6,0.0,11.0,6.89,11.9
2017-08-27,29.3,32.9,26.6,33.5,38.7,76,0.0,0.0,0.0,0.0,5.14,9.3
2017-08-28,31.3,34.9,27.7,37.1,42.1,72,0.0,0.0,0.0,0.0,4.98,7.7
2017-08-29,28.2,30.5,26.1,31.8,36.3,82,6.0,6.0,0.0,10.0,7.92,12.6
2017-08-30,26.1,28.1,24.8,27.3,30.1,67,0.0,0.0,0.0,0.0,5.52,10.6
2017-08-31,24.9,26.4,24.0,25.9,26.9,68,0.0,0.0,0.0,0.0,5.05,8.2
2017-09-01,25.1,27.7,22.9,26.3,28.3,68,0.0,0.0,0.0,0.0,4.33,7.7
2017-09-02,24.9,27.8,21.7,26.7,30.0,75,0.3,0.3,0.0,3.0,4.92,8.4
2017-09-03,25.5,27.8,24.0,27.4,29.8,76,4.1,4.1,0.0,10.0,5.24,8.9
2017-09-04,27.0,29.8,24.6,29.6,32.7,76,0.0,0.0,0.0,0.0,6.44,10.5
2017-09-05,28.3,31.4,25.5,33.2,37.3,79,0.0,0.0,0.0,0.0,4.24,7.1
2017-09-06,26.8,29.9,24.7,31.0,34.4,84,6.4,6.4,0.0,9.0,5.55,10.5
2017-09-07,24.3,25.0,23.6,28.0,29.1,90,11.9,11.9,0.0,16.0,4.52,8.0
2017-09-08,25.5,28.3,22.6,28.5,31.3,80,0.0,0.0,0.0,0.0,4.47,7.1
2017-09-09,25.0,25.5,24.0,27.8,28.7,87,4.6,4.6,0.0,8.0,6.01,10.6
2017-09-10,27.9,31.4,25.1,32.9,38.1,85,7.9,7.9,0.0,5.0,5.1,8.1
2017-09-11,25.0,27.3,23.5,28.8,32.5,91,8.5,8.5,0.0,14.0,4.74,9.6
2017-09-12,25.0,28.1,22.5,27.4,30.8,76,0.0,0.0,0.0,0.0,3.95,7.1
2017-09-13,24.7,28.5,22.0,25.7,28.9,70,0.0,0.0,0.0,0.0,6.26,10.6
2017-09-14,24.6,27.8,22.1,24.5,27.6,67,0.0,0.0,0.0,0.0,7.14,11.9
2017-09-15,24.4,26.3,22.9,25.5,27.9,79,0.1,0.1,0.0,1.0,6.58,12.0
2017-09-16,24.2,27.1,21.9,24.7,27.6,71,0.0,0.0,0.0,0.0,6.67,10.9
2017-09-17,23.9,27.4,20.6,25.5,29.2,73,0.0,0.0,0.0,0.0,4.8,8.2
2017-09-18,25.6,29.1,22.8,29.0,32.7,74,0.0,0.0,0.0,0.0,4.38,6.8
2017-09-19,25.2,27.7,22.7,28.1,31.5,77,3.7,3.7,0.0,5.0,3.91,6.4
2017-09-20,21.9,24.6,20.5,23.2,28.4,87,29.7,29.7,0.0,22.0,5.83,9.8
2017-09-21,21.7,22.8,20.5,23.8,25.0,88,4.7,4.7,0.0,15.0,3.9,6.1
2017-09-22,22.6,24.4,21.0,25.6,28.2,87,3.0,3.0,0.0,5.0,2.42,4.8
2017-09-23,20.9,22.3,19.3,22.0,25.2,85,18.3,18.3,0.0,19.0,5.71,10.6
2017-09-24,21.7,23.1,20.4,23.8,26.1,95,40.1,40.1,0.0,24.0,4.9,8.7
2017-09-25,24.2,25.5,23.2,28.7,30.3,97,21.3,21.3,0.0,19.0,4.18,10.1
2017-09-26,26.2,29.5,23.6,32.0,36.2,93,6.2,6.2,0.0,5.0,4.37,7.5
2017-09-27,24.8,26.4,22.5,27.3,30.7,86,0.2,0.2,0.0,1.0,6.38,10.3
2017-09-28,21.3,23.6,19.6,21.7,24.5,76,5.9,5.9,0.0,10.0,6.69,10.2
2017-09-29,21.4,24.3,18.0,22.1,25.1,74,0.0,0.0,0.0,0.0,5.0,7.3
2017-09-30,21.6,22.9,21.0,22.4,24.2,88,25.5,25.5,0.0,18.0,7.03,12.5
2017-10-01,25.4,28.6,22.9,28.7,33.4,89,6.4,6.4,0.0,8.0,7.07,12.7
2017-10-02,23.3,24.5,21.2,25.8,28.6,90,6.7,6.7,0.0,13.0,5.58,9.9
2017-10-03,21.1,22.4,19.9,20.3,21.9,75,2.0,2.0,0.0,3.0,6.85,11.3
2017-10-04,19.6,20.7,18.6,18.2,19.6,69,0.6,0.6,0.0,5.0,6.45,9.7
2017-10-05,18.1,19.1,17.3,18.1,19.5,82,3.8,3.8,0.0,15.0,4.19,6.8
2017-10-06,18.8,21.0,16.8,19.4,21.6,80,2.8,2.8,0.0,3.0,3.31,7.1
2017-10-07,21.0,24.5,17.8,22.5,26.3,78,0.0,0.0,0.0,0.0,4.08,6.4
2017-10-08,22.7,26.6,19.6,24.4,29.4,81,0.0,0.0,0.0,0.0,4.92,7.8
2017-10-09,24.4,28.2,21.0,26.8,31.0,86,0.0,0.0,0.0,0.0,5.24,8.4
2017-10-10,26.3,29.6,24.3,30.6,36.1,88,1.2,1.2,0.0,7.0,4.88,8.4
2017-10-11,20.9,24.7,18.6,20.9,27.9,87,5.9,5.9,0.0,22.0,6.95,11.3
2017-10-12,17.6,18.6,16.6,16.0,17.6,82,3.2,3.2,0.0,16.0,7.96,12.6
2017-10-13,18.0,20.3,16.0,16.2,18.1,71,0.8,0.8,0.0,1.0,5.87,10.6
2017-10-14,18.2,19.7,16.5,16.2,17.8,74,4.6,4.6,0.0,7.0,7.36,11.6
2017-10-15,17.1,17.8,16.4,15.4,16.1,89,13.0,13.0,0.0,20.0,7.09,12.1
2017-10-16,18.1,19.1,17.2,16.6,17.4,88,11.5,11.5,0.0,24.0,8.08,12.9
2017-10-17,17.9,19.0,17.2,16.7,17.4,78,0.2,0.2,0.0,2.0,5.57,9.6
2017-10-18,17.8,19.2,17.0,17.0,18.7,82,0.3,0.3,0.0,2.0,5.6,8.0
2017-10-19,17.3,18.7,16.1,16.5,18.7,80,0.0,0.0,0.0,0.0,4.9,7.6
2017-10-20,17.9,20.6,15.9,17.3,19.7,79,0.0,0.0,0.0,0.0,4.11,7.9
2017-10-21,17.4,20.9,14.8,15.9,19.3,75,0.0,0.0,0.0,0.0,5.4,9.7
2017-10-22,17.6,21.5,14.8,15.9,19.5,76,0.0,0.0,0.0,0.0,6.48,10.5
2017-10-23,15.9,18.0,14.1,14.0,15.8,74,0.0,0.0,0.0,0.0,5.23,9.0
2017-10-24,15.3,18.9,12.4,13.6,16.9,69,0.0,0.0,0.0,0.0,3.88,6.6
2017-10-25,15.7,20.0,11.6,15.1,19.7,77,0.0,0.0,0.0,0.0,3.35,5.9
2017-10-26,17.3,20.6,14.3,17.4,21.3,80,0.0,0.0,0.0,0.0,3.23,5.6
2017-10-27,17.3,20.8,14.0,17.3,20.3,79,0.0,0.0,0.0,0.0,3.48,6.4
2017-10-28,17.4,21.1,14.5,16.1,19.4,76,0.0,0.0,0.0,0.0,5.14,8.7
2017-10-29,15.8,18.8,12.5,12.9,15.8,72,0.0,0.0,0.0,0.0,7.67,12.2
2017-10-30,13.1,15.5,10.7,9.6,12.4,57,0.0,0.0,0.0,0.0,6.23,9.8
2017-10-31,13.8,18.0,10.3,11.8,16.0,66,0.0,0.0,0.0,0.0,3.76,5.7
2017-11-01,15.4,19.8,11.8,14.9,20.2,78,0.0,0.0,0.0,0.0,3.4,5.1
2017-11-02,16.5,20.8,12.9,17.0,21.5,83,0.0,0.0,0.0,0.0,2.72,4.1
2017-11-03,16.9,21.1,13.8,15.5,20.5,77,0.2,0.2,0.0,1.0,8.32,13.4
2017-11-04,12.7,14.9,10.9,8.8,10.9,58,0.0,0.0,0.0,0.0,6.36,9.9
2017-11-05,13.4,16.2,11.0,10.8,13.5,65,0.0,0.0,0.0,0.0,4.03,7.3
2017-11-06,15.4,19.2,11.6,14.8,19.2,84,0.0,0.0,0.0,0.0,3.89,5.7
2017-11-07,16.8,18.3,15.2,17.4,18.9,87,0.6,0.6,0.0,3.0,2.87,4.3
2017-11-08,16.8,21.0,13.7,15.8,20.2,74,0.0,0.0,0.0,0.0,4.28,6.9
2017-11-09,15.6,20.6,11.8,14.1,18.9,75,0.0,0.0,0.0,0.0,4.88,6.9
2017-11-10,16.2,19.7,13.8,14.7,18.7,77,0.0,0.0,0.0,0.0,6.52,10.3
2017-11-11,14.0,16.6,11.6,11.0,14.3,61,0.0,0.0,0.0,0.0,6.3,9.6
2017-11-12,14.7,17.2,12.2,13.0,16.0,69,0.0,0.0,0.0,0.0,3.82,6.4
2017-11-13,14.9,16.6,13.3,14.6,16.8,84,5.1,5.1,0.0,10.0,3.75,5.6
2017-11-14,15.1,16.9,13.9,14.7,16.3,87,1.0,1.0,0.0,3.0,3.34,5.9
2017-11-15,15.1,17.8,13.4,14.5,17.6,80,1.8,1.8,0.0,3.0,2.83,5.5
2017-11-16,14.6,15.3,13.7,13.2,14.3,90,10.3,10.3,0.0,20.0,5.65,9.2
2017-11-17,16.1,17.6,14.4,15.4,17.7,92,10.8,10.8,0.0,13.0,9.1,14.0
2017-11-18,10.1,14.4,6.4,4.8,10.9,68,4.9,4.9,0.0,6.0,10.43,16.7
2017-11-19,8.3,11.3,4.7,4.3,8.0,62,0.0,0.0,0.0,0.0,5.36,8.9
2017-11-20,9.1,11.3,7.2,5.8,7.8,71,2.2,2.2,0.0,5.0,4.97,8.1
2017-11-21,9.2,10.6,7.1,7.0,9.3,81,6.3,6.3,0.0,9.0,4.08,5.1
2017-11-22,11.0,13.1,9.6,7.7,9.3,76,3.6,3.6,0.0,5.0,5.52,8.9
2017-11-23,9.4,11.9,7.1,5.8,7.9,55,0.0,0.0,0.0,0.0,4.46,6.9
2017-11-24,9.5,13.2,6.1,6.8,10.7,65,0.0,0.0,0.0,0.0,2.92,4.7
2017-11-25,11.3,14.5,8.8,8.3,11.5,64,0.0,0.0,0.0,0.0,4.32,6.3
2017-11-26,11.8,15.5,8.8,9.4,13.1,75,0.0,0.0,0.0,0.0,4.02,7.0
2017-11-27,12.1,15.6,9.3,9.7,13.2,81,0.0,0.0,0.0,0.0,6.02,8.9
2017-11-28,13.0,14.8,11.8,11.9,14.1,88,6.4,6.4,0.0,11.0,5.62,8.6
2017-11-29,12.5,13.6,10.5,10.0,12.9,83,1.8,1.8,0.0,9.0,6.14,9.8
2017-11-30,9.2,10.5,7.7,4.8,6.3,70,0.0,0.0,0.0,0.0,6.58,10.3
2017-12-01,8.3,10.8,6.5,4.4,7.3,64,0.0,0.0,0.0,0.0,5.06,9.0
2017-12-02,8.2,10.8,5.7,5.7,8.9,77,0.0,0.0,0.0,0.0,3.36,5.5
2017-12-03,9.7,12.1,6.6,8.3,10.6,86,0.0,0.0,0.0,0.0,2.97,4.6
2017-12-04,9.2,11.4,6.4,5.8,8.0,77,0.0,0.0,0.0,0.0,5.95,10.5
2017-12-05,5.8,7.4,4.2,1.6,3.3,55,0.0,0.0,0.0,0.0,4.65,8.5
2017-12-06,5.8,10.2,1.5,2.0,6.8,65,0.0,0.0,0.0,0.0,3.71,6.2
2017-12-07,7.3,9.9,3.8,4.3,6.8,71,0.0,0.0,0.0,0.0,4.15,6.2
2017-12-08,5.3,7.4,2.5,0.0,3.0,51,0.0,0.0,0.0,0.0,6.4,11.2
2017-12-09,5.2,8.7,2.3,1.2,3.9,57,0.0,0.0,0.0,0.0,4.0,6.6
2017-12-10,7.9,11.3,4.5,3.3,6.3,57,0.0,0.0,0.0,0.0,6.84,11.2
2017-12-11,6.1,9.6,2.0,2.9,6.4,64,0.0,0.0,0.0,0.0,3.0,5.3
2017-12-12,6.1,9.6,3.9,1.7,5.6,69,0.0,0.0,0.0,0.0,5.53,9.8
2017-12-13,7.0,9.8,4.4,2.4,5.4,67,0.0,0.0,0.0,0.0,5.89,10.2
2017-12-14,6.6,7.2,5.9,2.8,3.7,83,5.2,5.2,0.0,23.0,5.03,8.6
2017-12-15,6.9,7.3,6.3,3.6,4.1,90,12.4,12.4,0.0,23.0,4.82,7.5
2017-12-16,4.9,6.2,2.3,-0.2,2.2,68,0.0,0.0,0.0,0.0,6.58,11.1
2017-12-17,1.8,3.9,-0.2,-3.2,-1.5,49,0.0,0.0,0.0,0.0,5.02,7.7
2017-12-18,3.0,6.0,0.4,-0.8,1.4,58,0.0,0.0,0.0,0.0,3.3,6.2
2017-12-19,4.2,8.5,1.3,0.4,4.5,68,0.0,0.0,0.0,0.0,3.91,8.0
2017-12-20,4.9,9.5,0.2,0.9,4.7,67,0.0,0.0,0.0,0.0,4.95,8.3
2017-12-21,4.8,9.1,0.5,1.4,6.2,64,0.0,0.0,0.0,0.0,3.62,5.2
2017-12-22,6.8,12.3,2.5,3.3,9.0,71,0.0,0.0,0.0,0.0,3.81,5.9
2017-12-23,9.7,13.1,6.5,7.3,11.3,84,0.0,0.0,0.0,0.0,4.72,7.2
2017-12-24,9.1,11.0,6.8,3.8,7.1,58,0.0,0.0,0.0,0.0,8.32,13.8
2017-12-25,5.6,8.6,2.2,2.3,5.5,61,0.0,0.0,0.0,0.0,4.0,6.6
2017-12-26,5.8,10.1,2.2,2.6,7.4,72,0.0,0.0,0.0,0.0,3.42,5.7
2017-12-27,6.7,10.5,2.5,3.0,7.0,76,0.0,0.0,0.0,0.0,5.63,8.5
2017-12-28,9.2,10.0,8.0,6.4,8.2,87,7.0,7.0,0.0,12.0,5.5,8.4
2017-12-29,10.2,10.9,9.7,8.8,9.5,91,0.0,0.0,0.0,0.0,2.55,5.7
2017-12-30,9.0,9.8,7.5,6.6,9.1,90,2.6,2.6,0.0,9.0,5.62,8.8
2017-12-31,6.4,8.5,4.5,3.4,5.5,79,0.0,0.0,0.0,0.0,5.47,7.3
2018-01-01,6.2,10.5,2.9,2.5,6.3,75,0.0,0.0,0.0,0.0,5.0,7.5
2018-01-02,9.5,11.4,7.0,6.5,9.1,79,2.2,2.2,0.0,5.0,4.8,7.5
2018-01-03,7.0,9.7,3.6,2.2,6.7,88,18.6,18.6,0.0,24.0,8.2,13.0
2018-01-04,2.8,4.3,1.9,-1.8,-0.5,98,33.8,30.3,2.45,24.0,6.26,10.0
2018-01-05,2.9,4.5,1.6,-1.4,-0.0,86,3.0,2.5,0.35,4.0,5.9,9.2
2018-01-06,3.9,6.5,1.0,-0.0,2.6,78,3.5,3.5,0.0,6.0,5.07,8.0
2018-01-07,5.6,7.3,3.3,2.0,6.0,94,10.1,10.1,0.0,20.0,7.52,12.4
2018-01-08,2.3,3.5,0.4,-4.6,-2.7,78,0.1,0.1,0.0,1.0,9.5,14.9
2018-01-09,2.3,5.0,-0.8,-3.8,-0.9,57,0.0,0.0,0.0,0.0,8.35,13.6
2018-01-10,2.4,4.7,0.6,-3.0,-0.9,59,0.0,0.0,0.0,0.0,6.33,11.7
2018-01-11,1.1,3.9,-2.1,-3.1,-0.3,63,0.0,0.0,0.0,0.0,4.92,8.1
2018-01-12,-1.2,1.1,-3.8,-5.9,-3.6,46,0.0,0.0,0.0,0.0,4.7,7.4
2018-01-13,0.7,4.3,-3.5,-3.6,0.3,61,0.0,0.0,0.0,0.0,4.39,6.0
2018-01-14,4.6,9.4,1.1,0.5,6.5,74,0.0,0.0,0.0,0.0,5.04,8.2
2018-01-15,5.8,12.2,-0.2,3.1,10.3,86,0.0,0.0,0.0,0.0,4.0,5.7
2018-01-16,8.3,10.4,7.1,6.0,7.8,92,1.2,1.2,0.0,4.0,3.94,7.1
2018-01-17,6.9,8.6,5.9,4.8,6.9,90,0.0,0.0,0.0,0.0,4.04,6.9
2018-01-18,7.4,8.8,5.7,4.7,5.9,83,0.0,0.0,0.0,0.0,3.44,6.5
2018-01-19,6.7,7.5,5.9,4.4,5.5,85,0.3,0.3,0.0,2.0,2.64,5.0
2018-01-20,6.7,7.9,5.7,4.3,5.5,87,0.7,0.7,0.0,4.0,2.73,4.4
2018-01-21,6.5,8.4,4.9,3.4,5.9,88,13.2,13.2,0.0,11.0,5.25,8.2
2018-01-22,6.2,8.8,3.6,3.6,6.2,87,1.8,1.8,0.0,3.0,4.11,7.4
2018-01-23,4.5,5.7,2.6,-0.2,2.9,80,0.0,0.0,0.0,0.0,6.62,11.0
2018-01-24,1.8,3.7,0.7,-4.0,-2.1,65,1.1,0.0,0.91,6.0,6.5,10.7
2018-01-25,0.6,1.6,0.0,-5.2,-4.6,88,12.2,0.3,8.33,24.0,8.24,12.9
2018-01-26,-0.4,0.3,-1.0,-6.1,-5.5,76,0.5,0.0,0.42,3.0,6.71,11.3
2018-01-27,0.3,1.3,-1.0,-4.3,-2.7,88,10.6,1.2,6.65,14.0,5.19,8.8
2018-01-28,1.0,1.9,-0.5,-3.8,-2.9,93,4.8,0.9,2.73,10.0,6.58,10.1
2018-01-29,-1.6,-0.5,-3.4,-7.0,-5.7,69,0.0,0.0,0.0,0.0,5.9,9.2
2018-01-30,-2.3,0.8,-5.6,-6.2,-2.3,83,0.0,0.0,0.0,0.0,3.4,5.5
2018-01-31,0.5,1.8,-0.9,-3.6,-2.4,76,0.0,0.0,0.0,0.0,4.08,6.7
2018-02-01,1.1,4.7,-1.8,-2.9,0.5,73,0.0,0.0,0.0,0.0,3.9,6.0
2018-02-02,2.5,5.6,-0.2,-1.9,0.8,70,0.0,0.0,0.0,0.0,5.56,8.9
2018-02-03,0.2,1.5,-1.9,-5.1,-3.5,56,0.0,0.0,0.0,0.0,6.02,9.6
2018-02-04,-0.3,2.4,-2.6,-5.1,-2.9,51,0.0,0.0,0.0,0.0,4.34,8.1
2018-02-05,0.7,4.0,-2.2,-4.0,-1.3,58,0.0,0.0,0.0,0.0,5.19,8.7
2018-02-06,0.3,3.4,-2.3,-4.0,-0.7,63,0.0,0.0,0.0,0.0,3.82,7.4
2018-02-07,1.3,5.6,-3.1,-2.9,2.0,71,0.0,0.0,0.0,0.0,4.4,7.9
2018-02-08,1.9,4.3,-1.6,-2.1,1.3,61,0.0,0.0,0.0,0.0,4.88,8.5
2018-02-09,4.8,8.5,1.4,1.0,6.0,75,0.0,0.0,0.0,0.0,5.41,8.3
2018-02-10,4.8,6.4,1.7,0.6,3.0,71,0.0,0.0,0.0,0.0,5.84,10.0
2018-02-11,3.7,7.7,-0.9,-0.6,2.8,63,0.0,0.0,0.0,0.0,4.96,8.4
2018-02-12,3.6,7.2,-1.1,-1.6,1.0,42,0.0,0.0,0.0,0.0,7.47,12.3
2018-02-13,5.5,10.8,0.3,1.2,6.6,59,0.0,0.0,0.0,0.0,5.13,7.6
2018-02-14,9.9,15.3,5.1,6.7,12.9,64,0.0,0.0,0.0,0.0,5.22,7.7
2018-02-15,7.3,10.7,5.3,3.3,7.6,77,4.1,4.1,0.0,11.0,5.95,9.4
2018-02-16,5.1,6.3,4.5,2.0,3.7,83,4.4,4.4,0.0,12.0,3.72,6.3
2018-02-17,6.1,10.8,2.1,2.3,7.0,75,0.0,0.0,0.0,0.0,6.93,10.5
2018-02-18,7.6,10.0,5.9,4.3,8.7,88,7.3,7.3,0.0,14.0,6.8,10.5
2018-02-19,6.6,7.3,5.8,3.3,4.5,92,16.1,16.1,0.0,21.0,5.02,8.4
2018-02-20,5.7,7.0,4.3,2.0,3.9,88,12.2,12.2,0.0,17.0,5.8,9.4
2018-02-21,6.0,7.5,4.7,2.9,4.7,82,0.8,0.8,0.0,4.0,4.62,7.6
2018-02-22,6.2,8.3,4.8,3.5,5.5,79,0.0,0.0,0.0,0.0,3.1,4.8
2018-02-23,7.8,12.8,3.8,4.4,9.7,75,0.0,0.0,0.0,0.0,5.44,8.3
2018-02-24,8.7,12.0,6.3,5.7,9.8,84,5.2,5.2,0.0,9.0,5.58,7.7
2018-02-25,8.4,10.2,6.4,5.5,8.2,84,3.1,3.1,0.0,7.0,5.62,8.5
2018-02-26,8.2,12.9,3.6,5.4,11.3,81,0.0,0.0,0.0,0.0,5.38,8.1
2018-02-27,10.8,16.2,6.5,7.6,13.7,77,2.6,2.6,0.0,6.0,7.21,11.8
2018-02-28,12.0,13.3,10.3,8.7,11.5,85,9.1,9.1,0.0,9.0,9.73,15.6
2018-03-01,10.0,13.0,6.8,6.6,10.1,75,0.0,0.0,0.0,0.0,7.11,11.8
2018-03-02,7.5,9.4,6.0,3.3,6.4,81,6.3,6.3,0.0,8.0,6.82,10.5
2018-03-03,12.4,15.9,9.5,11.3,16.2,90,13.4,13.4,0.0,8.0,5.87,8.4
2018-03-04,17.1,23.1,12.1,16.4,25.0,88,3.7,3.7,0.0,5.0,8.71,13.2
2018-03-05,8.4,11.7,5.7,3.4,7.7,76,16.5,16.5,0.0,15.0,8.22,13.5
2018-03-06,7.8,11.1,5.1,3.7,7.1,73,1.7,1.7,0.0,4.0,5.8,9.9
2018-03-07,8.0,8.7,7.2,4.3,5.1,90,9.6,9.6,0.0,19.0,5.8,9.7
2018-03-08,7.7,10.3,3.9,2.8,5.3,73,0.3,0.3,0.0,2.0,7.88,13.0
2018-03-09,5.1,8.4,1.5,1.4,5.0,58,0.0,0.0,0.0,0.0,5.14,9.1
2018-03-10,8.8,14.3,3.6,6.0,13.3,67,0.0,0.0,0.0,0.0,3.82,6.3
2018-03-11,11.3,17.8,6.1,8.6,15.9,70,0.0,0.0,0.0,0.0,5.07,7.5
2018-03-12,14.6,20.1,10.2,13.0,19.9,69,0.0,0.0,0.0,0.0,4.02,6.7
2018-03-13,17.5,23.2,13.1,16.5,23.5,74,0.0,0.0,0.0,0.0,5.25,8.5
2018-03-14,18.0,20.1,16.3,17.6,21.1,83,3.9,3.9,0.0,7.0,4.94,9.0
2018-03-15,16.6,19.1,10.1,16.6,20.3,93,7.7,7.7,0.0,16.0,9.49,14.4
2018-03-16,8.2,9.8,7.1,3.6,4.8,76,1.2,1.2,0.0,6.0,8.74,14.0
2018-03-17,10.5,14.0,7.2,6.6,9.9,74,0.0,0.0,0.0,0.0,7.07,11.1
2018-03-18,12.2,14.1,10.7,10.3,14.3,87,8.4,8.4,0.0,12.0,6.38,9.9
2018-03-19,9.5,11.4,8.7,6.2,8.9,85,4.3,4.3,0.0,16.0,5.5,9.3
2018-03-20,7.3,8.5,5.6,2.6,4.9,81,5.5,5.5,0.0,14.0,8.81,13.4
2018-03-21,6.8,8.8,5.3,2.1,5.5,83,2.4,2.4,0.0,10.0,8.99,13.7
2018-03-22,9.3,12.9,5.4,7.4,12.0,76,0.0,0.0,0.0,0.0,2.91,5.8
2018-03-23,12.7,17.7,7.4,11.3,17.7,75,0.0,0.0,0.0,0.0,3.75,5.6
2018-03-24,14.9,20.5,10.0,13.5,19.7,74,0.0,0.0,0.0,0.0,3.86,6.0
2018-03-25,15.8,20.0,11.7,15.4,20.2,81,0.0,0.0,0.0,0.0,3.26,5.9
2018-03-26,16.6,21.0,12.4,16.5,22.2,79,0.0,0.0,0.0,0.0,3.55,5.0
2018-03-27,17.1,22.2,13.0,16.7,23.1,77,0.0,0.0,0.0,0.0,5.52,8.5
2018-03-28,18.8,25.0,13.5,18.3,26.3,73,0.0,0.0,0.0,0.0,5.4,7.8
2018-03-29,18.9,23.8,14.9,18.3,24.0,73,0.0,0.0,0.0,0.0,5.02,7.9
2018-03-30,17.6,22.2,14.3,16.6,22.0,84,0.0,0.0,0.0,0.0,5.87,9.5
2018-03-31,17.2,22.9,12.9,16.0,23.1,76,0.0,0.0,0.0,0.0,5.14,8.3
2018-04-01,20.8,26.3,15.9,21.4,28.5,70,0.0,0.0,0.0,0.0,4.3,7.6
2018-04-02,21.6,25.6,18.4,22.9,27.1,80,0.3,0.3,0.0,2.0,4.33,7.2
2018-04-03,22.9,27.0,19.8,24.1,29.5,76,0.0,0.0,0.0,0.0,4.75,9.4
2018-04-04,15.2,21.4,12.2,13.3,23.0,85,0.2,0.2,0.0,1.0,8.29,12.9
2018-04-05,11.5,13.2,8.3,8.7,11.1,87,19.8,19.8,0.0,14.0,8.25,13.0
2018-04-06,11.7,15.4,8.1,7.2,11.6,63,2.3,2.3,0.0,6.0,7.98,13.3
2018-04-07,11.1,13.5,8.6,6.0,7.9,39,0.0,0.0,0.0,0.0,8.01,13.5
2018-04-08,14.1,19.9,8.1,11.1,17.2,57,0.0,0.0,0.0,0.0,6.02,9.8
2018-04-09,17.5,23.4,11.6,15.8,22.1,61,0.0,0.0,0.0,0.0,5.47,8.5
2018-04-10,21.0,26.6,15.8,19.5,25.9,58,0.0,0.0,0.0,0.0,6.41,10.5
2018-04-11,20.9,25.2,17.7,21.0,26.7,71,0.0,0.0,0.0,0.0,6.28,10.2
2018-04-12,17.9,19.9,16.5,15.3,18.2,69,2.0,2.0,0.0,9.0,7.92,12.2
2018-04-13,16.6,17.9,15.4,13.9,18.4,75,11.3,11.3,0.0,19.0,9.23,14.4
2018-04-14,14.0,17.0,12.4,11.0,17.9,85,10.9,10.9,0.0,11.0,9.14,14.6
2018-04-15,14.8,18.0,12.2,12.6,16.4,62,0.0,0.0,0.0,0.0,5.41,8.5
2018-04-16,13.3,16.1,10.6,10.9,13.8,65,0.0,0.0,0.0,0.0,4.33,6.7
2018-04-17,14.2,19.3,8.3,12.3,19.0,60,0.0,0.0,0.0,0.0,4.39,7.3
2018-04-18,17.0,22.8,10.9,15.8,24.0,67,0.0,0.0,0.0,0.0,4.9,7.5
2018-04-19,19.4,26.0,13.5,19.0,27.6,68,0.0,0.0,0.0,0.0,5.46,8.3
2018-04-20,20.6,26.0,16.0,19.6,26.2,71,0.0,0.0,0.0,0.0,7.5,11.7
2018-04-21,21.9,25.9,18.6,21.8,27.1,77,0.0,0.0,0.0,0.0,7.09,11.4
2018-04-22,24.1,28.4,21.4,26.7,32.6,80,6.8,6.8,0.0,10.0,4.95,8.5
2018-04-23,19.0,22.5,14.3,19.5,26.0,94,25.8,25.8,0.0,21.0,7.94,12.2
2018-04-24,15.3,17.7,13.7,12.4,15.5,77,0.5,0.5,0.0,5.0,8.03,13.0
2018-04-25,17.3,20.7,13.1,16.5,20.8,67,0.0,0.0,0.0,0.0,4.12,6.4
2018-04-26,18.3,21.5,14.7,18.2,23.6,70,0.0,0.0,0.0,0.0,3.47,6.0
2018-04-27,21.1,25.0,16.6,22.0,26.2,69,0.0,0.0,0.0,0.0,3.4,5.4
2018-04-28,21.2,26.2,16.4,21.7,28.3,69,0.0,0.0,0.0,0.0,4.62,7.3
2018-04-29,23.0,27.4,18.3,24.4,30.3,71,0.0,0.0,0.0,0.0,4.03,7.0
2018-04-30,25.1,29.3,21.7,28.7,33.3,81,0.9,0.9,0.0,3.0,3.41,6.5
2018-05-01,24.6,27.7,22.2,28.1,32.3,85,2.1,2.1,0.0,7.0,4.42,8.2
2018-05-02,21.8,24.9,15.3,21.7,28.4,77,0.2,0.2,0.0,2.0,7.78,12.4
2018-05-03,19.9,24.5,14.5,18.7,22.8,54,0.0,0.0,0.0,0.0,4.9,8.8
2018-05-04,21.2,26.5,15.3,20.7,27.5,62,0.0,0.0,0.0,0.0,5.64,9.1
2018-05-05,20.6,21.9,18.9,19.0,21.5,72,16.1,16.1,0.0,13.0,7.41,11.7
2018-05-06,23.4,26.7,21.4,26.1,31.0,87,8.7,8.7,0.0,18.0,6.1,12.2
2018-05-07,19.6,24.0,17.6,19.3,25.3,83,1.7,1.7,0.0,7.0,7.53,11.9
2018-05-08,19.0,22.7,16.4,18.1,21.6,71,0.0,0.0,0.0,0.0,4.73,8.4
2018-05-09,18.0,22.8,12.8,17.7,23.9,70,0.0,0.0,0.0,0.0,5.75,9.9
2018-05-10,17.8,21.2,14.9,15.6,19.6,72,0.0,0.0,0.0,0.0,7.16,11.3
2018-05-11,20.6,25.0,15.7,20.2,25.8,72,0.0,0.0,0.0,0.0,6.74,10.6
2018-05-12,22.8,25.3,20.9,25.8,29.0,85,8.7,8.7,0.0,10.0,3.26,10.0
2018-05-13,23.6,28.0,20.5,26.5,31.5,82,0.2,0.2,0.0,1.0,5.67,8.8
2018-05-14,26.0,31.4,20.7,29.3,37.6,82,0.1,0.1,0.0,1.0,5.52,8.5
2018-05-15,29.6,33.5,25.6,34.1,39.4,76,0.0,0.0,0.0,0.0,4.78,8.2
2018-05-16,31.5,35.5,27.5,35.7,39.7,68,0.0,0.0,0.0,0.0,5.94,9.6
2018-05-17,30.1,32.8,27.4,35.0,37.6,70,0.0,0.0,0.0,0.0,3.81,8.5
2018-05-18,28.0,31.6,23.1,32.9,38.6,79,0.6,0.6,0.0,3.0,6.31,10.1
2018-05-19,21.4,22.8,20.6,22.7,24.8,91,28.9,28.9,0.0,20.0,5.6,9.0
2018-05-20,20.1,21.1,19.2,20.0,22.3,87,1.0,1.0,0.0,5.0,7.11,11.6
2018-05-21,20.8,23.2,18.9,21.1,24.2,86,0.2,0.2,0.0,2.0,6.31,9.9
2018-05-22,21.8,24.5,19.5,22.6,27.4,88,9.1,9.1,0.0,14.0,7.17,11.8
2018-05-23,21.9,25.3,19.0,21.9,26.6,61,0.0,0.0,0.0,0.0,5.78,9.8
2018-05-24,22.4,26.3,17.9,21.7,26.1,60,0.9,0.9,0.0,2.0,5.83,8.8
2018-05-25,23.1,27.1,20.5,25.5,31.4,86,26.8,26.8,0.0,21.0,4.72,10.7
2018-05-26,22.9,24.6,21.0,25.5,27.9,89,5.6,5.6,0.0,13.0,4.16,7.7
2018-05-27,22.3,24.7,20.3,24.9,28.0,85,0.5,0.5,0.0,5.0,3.54,5.9
2018-05-28,24.7,27.7,21.0,28.6,32.1,79,0.0,0.0,0.0,0.0,2.41,4.3
2018-05-29,25.3,27.5,23.4,28.6,30.2,80,0.3,0.3,0.0,1.0,3.04,6.9
2018-05-30,24.9,27.3,22.9,28.7,31.1,80,0.0,0.0,0.0,0.0,2.19,5.4
2018-05-31,22.0,23.6,20.0,23.5,27.4,78,8.6,8.6,0.0,12.0,4.97,10.4
2018-06-01,22.5,26.6,18.8,23.4,27.9,68,0.0,0.0,0.0,0.0,4.36,6.7
2018-06-02,22.1,25.4,18.6,22.8,26.9,70,0.2,0.2,0.0,1.0,4.1,7.0
2018-06-03,22.4,24.3,20.5,23.1,24.6,72,1.8,1.8,0.0,4.0,4.46,8.1
2018-06-04,23.7,26.6,20.1,26.4,30.0,75,0.0,0.0,0.0,0.0,2.82,5.6
2018-06-05,23.7,24.8,22.2,25.6,27.2,77,0.0,0.0,0.0,0.0,4.2,7.8
2018-06-06,24.1,28.1,20.8,26.0,31.2,75,0.0,0.0,0.0,0.0,5.19,8.8
2018-06-07,24.8,29.0,21.2,27.3,33.1,78,0.0,0.0,0.0,0.0,4.78,8.0
2018-06-08,24.7,28.4,21.9,27.1,31.1,79,0.0,0.0,0.0,0.0,4.61,7.7
2018-06-09,23.8,26.1,22.2,25.6,28.4,80,0.0,0.0,0.0,0.0,5.19,8.7
2018-06-10,23.5,26.0,21.6,25.8,28.3,79,1.0,1.0,0.0,6.0,3.89,7.0
2018-06-11,25.4,29.0,22.0,27.2,29.8,69,0.0,0.0,0.0,0.0,6.02,10.5
2018-06-12,26.7,31.1,22.5,29.6,34.9,72,0.0,0.0,0.0,0.0,4.31,7.2
2018-06-13,28.2,32.8,23.6,30.8,36.8,66,0.0,0.0,0.0,0.0,6.8,10.2
2018-06-14,27.0,31.0,23.5,28.8,34.5,65,0.0,0.0,0.0,0.0,6.59,10.1
2018-06-15,26.2,30.2,22.8,28.4,33.8,68,0.0,0.0,0.0,0.0,5.61,9.5
2018-06-16,24.9,29.2,22.1,25.8,30.3,70,0.0,0.0,0.0,0.0,6.67,11.0
2018-06-17,25.5,30.1,22.0,26.6,31.6,72,0.0,0.0,0.0,0.0,6.54,10.3
2018-06-18,27.4,31.6,23.6,30.4,35.8,74,0.0,0.0,0.0,0.0,5.49,9.2
2018-06-19,27.3,29.6,24.8,31.4,34.7,84,2.3,2.3,0.0,8.0,6.05,8.5
2018-06-20,23.4,24.7,22.6,25.5,27.8,87,34.4,34.4,0.0,19.0,5.81,8.8
2018-06-21,24.8,29.3,21.0,27.3,32.5,75,0.0,0.0,0.0,0.0,5.19,8.1
2018-06-22,22.4,24.1,20.2,24.1,27.0,87,17.6,17.6,0.0,13.0,5.81,11.0
2018-06-23,22.2,25.0,19.5,23.5,27.4,82,1.9,1.9,0.0,4.0,5.51,10.4
2018-06-24,24.3,27.0,21.5,27.4,31.3,87,3.1,3.1,0.0,10.0,4.6,7.7
2018-06-25,28.8,33.2,24.6,34.7,39.7,83,0.0,0.0,0.0,0.0,4.1,6.5
2018-06-26,31.9,35.1,28.6,37.7,41.5,73,0.0,0.0,0.0,0.0,4.66,8.3
2018-06-27,31.9,34.5,29.4,37.4,40.7,71,0.0,0.0,0.0,0.0,4.48,7.6
2018-06-28,30.1,32.5,27.0,35.4,38.0,76,14.2,14.2,0.0,9.0,5.16,9.9
2018-06-29,28.3,30.9,26.6,34.2,37.8,83,8.4,8.4,0.0,9.0,3.72,9.2
2018-06-30,26.8,28.6,25.8,31.3,32.9,89,46.8,46.8,0.0,19.0,5.72,9.7
2018-07-01,27.2,29.6,26.0,32.0,34.3,86,18.0,18.0,0.0,20.0,4.04,8.4
2018-07-02,27.9,30.0,26.2,33.0,35.5,87,6.4,6.4,0.0,9.0,4.74,7.7
2018-07-03,27.3,29.1,25.5,32.8,35.7,89,13.5,13.5,0.0,19.0,4.15,6.1
2018-07-04,27.9,29.6,26.6,34.0,37.1,90,12.3,12.3,0.0,13.0,4.89,7.6
2018-07-05,27.4,29.0,26.5,32.8,34.5,93,7.7,7.7,0.0,12.0,5.73,9.3
2018-07-06,27.3,29.0,26.3,31.9,34.0,91,7.2,7.2,0.0,9.0,6.12,11.4
2018-07-07,27.1,29.0,26.2,30.7,32.8,89,0.8,0.8,0.0,5.0,7.71,11.8
2018-07-08,29.0,32.4,26.1,35.3,41.3,85,2.0,2.0,0.0,8.0,5.51,8.4
2018-07-09,30.3,33.3,27.9,36.1,41.2,79,0.5,0.5,0.0,3.0,6.17,11.3
2018-07-10,29.4,32.7,27.1,33.3,37.6,78,0.0,0.0,0.0,0.0,7.24,11.6
2018-07-11,28.9,30.9,27.1,31.4,34.3,80,0.1,0.1,0.0,1.0,9.98,17.3
2018-07-12,29.7,32.7,27.0,32.8,36.7,78,0.0,0.0,0.0,0.0,8.74,14.4
2018-07-13,29.9,33.2,27.2,33.4,37.4,76,0.0,0.0,0.0,0.0,7.47,11.9
2018-07-14,29.6,33.0,26.6,32.8,37.4,72,0.0,0.0,0.0,0.0,7.08,10.6
2018-07-15,29.5,33.0,26.5,33.0,37.6,73,0.0,0.0,0.0,0.0,6.89,11.0
2018-07-16,29.3,32.3,27.0,32.7,36.8,75,0.0,0.0,0.0,0.0,6.67,10.4
2018-07-17,29.6,32.7,27.1,33.4,36.6,77,0.0,0.0,0.0,0.0,6.86,11.0
2018-07-18,29.3,33.3,26.3,32.9,37.6,75,0.0,0.0,0.0,0.0,6.7,10.8
2018-07-19,29.6,33.3,26.6,33.2,37.7,74,0.0,0.0,0.0,0.0,6.47,10.3
2018-07-20,29.4,33.1,26.2,33.1,37.8,74,0.0,0.0,0.0,0.0,6.14,9.7
2018-07-21,29.4,33.1,26.8,33.9,37.8,79,0.5,0.5,0.0,2.0,6.38,10.2
2018-07-22,27.6,28.3,26.8,29.9,32.6,87,20.0,20.0,0.0,18.0,10.44,17.1
2018-07-23,29.2,32.4,27.1,34.3,39.4,83,1.3,1.3,0.0,5.0,7.85,12.5
2018-07-24,30.2,33.4,27.2,37.0,41.3,82,0.0,0.0,0.0,0.0,3.81,7.0
2018-07-25,32.0,35.4,28.3,38.5,42.8,73,0.0,0.0,0.0,0.0,3.62,6.3
2018-07-26,31.2,35.3,29.2,38.6,45.4,78,7.8,7.8,0.0,3.0,3.73,7.9
2018-07-27,31.1,34.2,28.2,38.4,43.1,77,0.0,0.0,0.0,0.0,2.5,5.3
2018-07-28,31.8,35.2,28.7,39.4,44.2,75,0.2,0.2,0.0,1.0,3.61,6.7
2018-07-29,31.8,34.6,29.0,39.1,43.6,73,0.0,0.0,0.0,0.0,3.02,5.2
2018-07-30,30.5,33.5,28.9,37.6,41.9,80,3.3,3.3,0.0,8.0,3.81,7.6
2018-07-31,30.0,32.9,27.8,35.9,38.9,76,1.3,1.3,0.0,5.0,4.04,7.6
2018-08-01,30.2,32.6,27.6,36.0,37.9,74,0.0,0.0,0.0,0.0,3.85,6.6
2018-08-02,29.5,32.5,27.6,35.0,38.6,81,1.5,1.5,0.0,7.0,5.23,9.2
2018-08-03,27.6,29.0,26.8,31.9,34.4,89,45.5,45.5,0.0,22.0,8.49,13.1
2018-08-04,29.9,33.7,26.9,35.5,40.5,80,0.3,0.3,0.0,3.0,5.12,8.7
2018-08-05,31.1,34.5,27.9,37.4,41.6,78,0.0,0.0,0.0,0.0,4.38,7.7
2018-08-06,31.1,34.4,28.8,38.2,43.2,79,0.2,0.2,0.0,1.0,3.81,6.5
2018-08-07,30.9,34.2,28.1,37.3,42.1,79,0.1,0.1,0.0,1.0,5.92,9.3
2018-08-08,30.7,33.7,27.9,36.3,39.2,76,0.0,0.0,0.0,0.0,4.46,7.4
2018-08-09,30.8,34.5,27.6,36.6,39.9,74,0.0,0.0,0.0,0.0,3.96,6.7
2018-08-10,31.2,34.9,27.2,37.6,41.8,72,0.0,0.0,0.0,0.0,3.9,6.9
2018-08-11,31.1,34.4,28.7,36.6,40.5,72,0.0,0.0,0.0,0.0,4.98,8.3
2018-08-12,28.2,29.6,26.7,32.6,34.7,87,33.2,33.2,0.0,14.0,9.04,15.8
2018-08-13,29.4,31.8,27.4,32.5,35.5,84,7.1,7.1,0.0,12.0,9.74,16.7
2018-08-14,29.7,31.9,27.9,34.1,36.5,81,0.1,0.1,0.0,1.0,6.91,12.0
2018-08-15,29.8,32.8,27.7,35.4,39.8,81,0.7,0.7,0.0,2.0,5.76,9.3
2018-08-16,28.8,31.5,27.2,32.8,36.3,85,10.0,10.0,0.0,11.0,9.37,15.0
2018-08-17,27.6,29.4,26.6,30.2,32.1,91,24.6,24.6,0.0,19.0,11.3,17.4
2018-08-18,29.1,31.3,27.5,32.5,35.2,83,0.5,0.5,0.0,1.0,8.79,14.2
2018-08-19,29.2,31.9,27.3,33.0,36.5,82,0.0,0.0,0.0,0.0,7.52,12.9
2018-08-20,29.5,32.4,27.5,35.4,39.9,82,2.4,2.4,0.0,9.0,6.58,10.6
2018-08-21,28.5,30.3,27.5,34.6,36.9,87,3.3,3.3,0.0,14.0,3.96,6.5
2018-08-22,28.7,31.1,27.1,33.7,35.8,83,3.4,3.4,0.0,14.0,5.77,9.0
2018-08-23,28.1,30.7,25.8,30.7,33.3,72,0.0,0.0,0.0,0.0,6.17,10.3
2018-08-24,27.6,30.2,25.0,30.7,34.0,68,0.0,0.0,0.0,0.0,4.22,6.6
2018-08-25,26.6,27.4,25.6,29.4,31.4,83,7.2,7.2,0.0,18.0,7.42,15.1
2018-08-26,27.6,29.0,26.4,33.2,35.6,91,6.9,6.9,0.0,12.0,5.5,8.5
2018-08-27,29.0,31.8,26.7,34.0,37.6,84,0.1,0.1,0.0,1.0,6.62,10.7
2018-08-28,29.4,32.2,27.1,33.0,36.3,79,0.0,0.0,0.0,0.0,7.45,12.7
2018-08-29,29.5,32.3,26.6,33.8,38.1,78,0.0,0.0,0.0,0.0,6.48,10.5
2018-08-30,30.0,33.0,27.0,34.0,37.2,73,0.0,0.0,0.0,0.0,6.13,10.4
2018-08-31,29.5,32.2,27.8,34.6,38.3,76,2.6,2.6,0.0,3.0,5.9,9.0
2018-09-01,27.8,29.8,26.7,33.8,37.2,87,10.7,10.7,0.0,13.0,3.85,5.2
2018-09-02,28.8,31.5,26.4,35.2,38.9,82,1.2,1.2,0.0,6.0,3.05,4.9
2018-09-03,29.6,32.0,28.0,35.7,38.5,83,8.1,8.1,0.0,7.0,4.43,9.3
2018-09-04,28.8,31.0,26.5,31.9,34.0,68,0.0,0.0,0.0,0.0,5.48,9.6
2018-09-05,27.8,30.6,24.6,31.0,34.9,62,0.0,0.0,0.0,0.0,2.91,4.9
2018-09-06,28.0,31.4,25.6,32.2,36.6,76,2.1,2.1,0.0,2.0,5.8,10.2
2018-09-07,24.5,25.6,23.7,27.6,28.8,81,8.3,8.3,0.0,16.0,4.27,6.8
2018-09-08,24.5,27.3,22.6,25.3,27.8,65,0.0,0.0,0.0,0.0,5.1,8.8
2018-09-09,24.1,27.7,20.8,24.8,28.2,66,0.0,0.0,0.0,0.0,4.34,7.9
2018-09-10,23.9,26.5,21.5,25.0,26.9,68,0.0,0.0,0.0,0.0,3.52,6.8
2018-09-11,24.1,26.0,22.4,26.5,28.5,77,0.8,0.8,0.0,6.0,4.03,6.7
2018-09-12,24.8,27.0,22.1,27.5,30.1,78,0.0,0.0,0.0,0.0,4.22,7.4
2018-09-13,25.5,27.7,23.8,28.8,30.4,82,0.4,0.4,0.0,3.0,4.44,7.6
2018-09-14,26.7,29.7,23.4,31.4,35.2,81,0.0,0.0,0.0,0.0,3.58,5.6
2018-09-15,27.7,30.8,24.9,32.2,35.6,79,0.0,0.0,0.0,0.0,4.49,7.0
2018-09-16,27.4,30.5,25.4,32.5,36.7,87,24.8,24.8,0.0,13.0,4.2,7.4
2018-09-17,25.7,26.5,25.0,30.7,32.1,93,15.4,15.4,0.0,12.0,4.34,6.9
2018-09-18,27.4,30.4,25.1,33.1,36.5,87,1.1,1.1,0.0,5.0,3.54,4.9
2018-09-19,28.7,31.6,26.1,34.7,37.6,83,1.0,1.0,0.0,4.0,3.14,6.0
2018-09-20,27.3,28.4,25.6,32.4,34.6,88,4.1,4.1,0.0,9.0,5.5,8.7
2018-09-21,24.6,25.6,23.9,28.1,30.1,88,2.3,2.3,0.0,8.0,5.06,9.0
2018-09-22,25.0,27.2,23.4,28.9,30.9,82,0.0,0.0,0.0,0.0,3.32,5.4
2018-09-23,25.4,27.7,23.3,28.0,29.7,74,0.0,0.0,0.0,0.0,3.57,6.6
2018-09-24,24.3,27.6,22.1,24.9,28.4,67,0.0,0.0,0.0,0.0,5.41,10.1
2018-09-25,22.6,24.8,20.3,21.9,23.9,64,0.0,0.0,0.0,0.0,5.74,10.5
2018-09-26,22.7,25.4,20.9,22.1,24.5,63,0.0,0.0,0.0,0.0,5.68,9.0
2018-09-27,22.5,25.2,20.2,23.3,26.1,75,0.3,0.3,0.0,2.0,4.53,8.5
2018-09-28,22.9,26.0,19.6,24.3,27.3,71,0.0,0.0,0.0,0.0,3.22,5.5
2018-09-29,23.0,25.8,20.6,23.5,25.1,71,0.0,0.0,0.0,0.0,5.81,9.9
2018-09-30,23.1,26.9,20.0,23.6,27.0,70,0.1,0.1,0.0,1.0,4.96,8.4
2018-10-01,21.2,24.0,18.8,19.7,21.6,56,0.0,0.0,0.0,0.0,6.09,9.7
2018-10-02,21.2,24.7,17.8,21.3,24.9,56,0.0,0.0,0.0,0.0,2.38,5.3
2018-10-03,21.4,25.3,17.5,21.2,25.1,61,0.0,0.0,0.0,0.0,4.44,7.3
2018-10-04,21.6,25.3,18.6,20.6,23.8,65,0.0,0.0,0.0,0.0,6.77,11.1
2018-10-05,21.4,23.8,19.4,19.0,21.2,69,0.0,0.0,0.0,0.0,10.32,15.4
2018-10-06,21.0,24.6,18.3,20.0,24.3,67,0.0,0.0,0.0,0.0,7.78,12.8
2018-10-07,20.9,25.7,16.2,21.8,26.7,73,0.0,0.0,0.0,0.0,4.49,7.8
2018-10-08,21.5,25.4,18.3,21.8,25.3,72,0.0,0.0,0.0,0.0,4.46,7.5
2018-10-09,21.0,22.6,19.5,22.0,23.5,78,0.0,0.0,0.0,0.0,4.7,7.0
2018-10-10,18.2,20.8,15.9,15.6,20.9,59,0.3,0.3,0.0,2.0,7.7,12.9
2018-10-11,17.1,21.1,13.7,14.2,17.9,53,0.0,0.0,0.0,0.0,5.16,9.3
2018-10-12,17.2,21.2,13.8,15.4,19.5,55,0.0,0.0,0.0,0.0,3.7,7.3
2018-10-13,18.7,22.5,15.2,17.3,21.7,57,0.0,0.0,0.0,0.0,4.16,7.1
2018-10-14,19.0,20.9,17.4,18.1,20.3,69,0.0,0.0,0.0,0.0,4.12,6.6
2018-10-15,18.2,21.0,16.1,17.6,20.6,70,2.7,2.7,0.0,7.0,4.29,8.1
2018-10-16,17.6,20.1,16.0,16.8,18.8,76,1.6,1.6,0.0,4.0,4.7,8.6
2018-10-17,18.2,21.9,15.3,17.8,21.2,70,0.0,0.0,0.0,0.0,3.62,6.2
2018-10-18,17.2,20.6,14.7,15.0,18.9,66,0.0,0.0,0.0,0.0,5.66,9.5
2018-10-19,16.6,20.7,12.7,14.9,19.3,59,0.0,0.0,0.0,0.0,4.56,7.5
2018-10-20,17.9,20.2,15.5,16.9,19.4,68,0.0,0.0,0.0,0.0,3.91,7.5
2018-10-21,18.0,20.0,16.1,17.8,20.1,79,3.3,3.3,0.0,10.0,3.9,6.2
2018-10-22,17.5,18.0,17.2,18.6,19.4,93,5.0,5.0,0.0,12.0,3.45,5.8
2018-10-23,18.2,21.1,15.7,18.4,21.2,80,0.0,0.0,0.0,0.0,3.68,6.4
2018-10-24,17.8,22.5,13.8,17.9,22.3,81,0.0,0.0,0.0,0.0,4.17,6.3
2018-10-25,18.9,21.9,16.1,18.5,21.6,79,2.7,2.7,0.0,11.0,5.6,8.9
2018-10-26,19.5,22.5,16.4,17.6,20.9,67,0.7,0.7,0.0,4.0,7.16,12.1
2018-10-27,16.3,19.2,12.6,13.7,16.0,46,0.0,0.0,0.0,0.0,3.8,6.6
2018-10-28,17.9,22.9,13.1,15.3,18.8,55,0.0,0.0,0.0,0.0,5.92,10.4
2018-10-29,18.6,22.6,15.3,16.7,20.3,60,0.0,0.0,0.0,0.0,4.81,8.4
2018-10-30,17.5,21.8,13.7,17.0,22.2,72,0.0,0.0,0.0,0.0,5.07,8.6
2018-10-31,16.8,20.3,13.8,14.5,18.0,61,0.0,0.0,0.0,0.0,4.79,8.4
2018-11-01,14.9,19.1,11.4,12.3,16.3,62,0.0,0.0,0.0,0.0,4.74,8.3
2018-11-02,15.6,19.2,11.8,13.3,16.8,64,0.0,0.0,0.0,0.0,4.75,8.5
2018-11-03,17.1,19.6,15.0,16.2,18.8,76,0.0,0.0,0.0,0.0,4.39,8.0
2018-11-04,18.2,22.3,14.4,18.2,22.5,80,0.8,0.8,0.0,3.0,3.67,6.1
2018-11-05,18.3,20.8,17.2,18.1,20.5,86,2.0,2.0,0.0,7.0,5.54,8.5
2018-11-06,17.8,19.3,16.8,17.1,18.8,84,6.3,6.3,0.0,23.0,5.58,9.0
2018-11-07,16.2,17.2,15.2,16.3,18.1,95,18.3,18.3,0.0,17.0,4.74,7.7
2018-11-08,12.9,15.2,11.5,9.5,14.8,82,10.3,10.3,0.0,14.0,8.66,15.8
2018-11-09,13.0,16.2,10.0,11.2,15.1,72,0.0,0.0,0.0,0.0,4.59,7.7
2018-11-10,14.2,18.6,9.2,12.5,17.1,79,0.9,0.9,0.0,2.0,4.22,7.4
2018-11-11,15.9,17.5,14.8,15.3,16.7,87,4.3,4.3,0.0,16.0,5.11,7.5
2018-11-12,14.9,16.8,13.4,13.0,14.7,80,0.9,0.9,0.0,3.0,5.16,8.7
2018-11-13,14.1,16.5,11.8,12.1,14.3,68,0.0,0.0,0.0,0.0,3.69,7.6
2018-11-14,14.3,17.6,11.1,12.2,15.3,71,0.0,0.0,0.0,0.0,4.36,7.5
2018-11-15,14.8,16.5,13.2,13.6,15.8,83,1.5,1.5,0.0,5.0,3.95,6.3
2018-11-16,13.9,15.4,12.8,11.3,13.7,85,0.6,0.6,0.0,3.0,7.86,12.6
2018-11-17,13.4,15.6,11.8,10.6,13.1,73,2.0,2.0,0.0,5.0,5.65,9.3
2018-11-18,11.4,12.0,10.8,8.9,10.0,90,15.5,15.5,0.0,22.0,5.46,8.4
2018-11-19,10.9,12.6,9.4,8.5,10.5,78,0.0,0.0,0.0,0.0,5.28,8.1
2018-11-20,12.9,16.4,8.8,11.3,14.9,82,1.6,1.6,0.0,2.0,4.88,7.8
2018-11-21,13.7,14.4,12.3,12.1,14.8,92,24.7,24.7,0.0,15.0,7.45,11.7
2018-11-22,11.3,13.5,9.4,8.0,10.0,71,0.0,0.0,0.0,0.0,7.22,11.0
2018-11-23,11.3,15.4,8.2,8.5,11.8,71,0.0,0.0,0.0,0.0,4.85,7.9
2018-11-24,12.8,16.6,9.6,11.2,15.0,80,0.0,0.0,0.0,0.0,5.1,7.5
2018-11-25,12.5,16.8,8.6,11.8,16.8,89,0.0,0.0,0.0,0.0,2.62,4.8
2018-11-26,13.7,16.8,11.4,13.2,16.4,92,0.0,0.0,0.0,0.0,3.38,5.9
2018-11-27,12.0,14.8,10.2,11.6,14.6,93,0.0,0.0,0.0,0.0,2.25,4.0
2018-11-28,11.7,14.3,10.0,10.8,13.3,88,0.0,0.0,0.0,0.0,3.09,3.9
2018-11-29,12.5,16.7,9.3,11.6,16.3,84,0.0,0.0,0.0,0.0,3.1,4.2
2018-11-30,13.3,17.3,9.9,12.4,16.7,90,0.0,0.0,0.0,0.0,3.28,6.8
2018-12-01,14.6,17.3,11.5,14.7,17.8,90,0.0,0.0,0.0,0.0,3.05,4.9
2018-12-02,15.9,17.0,14.5,15.9,17.3,96,16.5,16.5,0.0,11.0,4.79,7.1
2018-12-03,16.6,17.7,15.9,17.8,19.0,95,3.4,3.4,0.0,11.0,3.05,6.6
2018-12-04,13.2,16.5,9.9,10.6,17.3,88,13.8,13.8,0.0,24.0,7.63,12.1
2018-12-05,11.2,12.5,10.0,8.0,9.9,79,4.2,4.2,0.0,11.0,5.71,10.0
2018-12-06,9.5,11.2,6.4,5.4,8.0,87,26.3,26.3,0.0,24.0,7.26,11.4
2018-12-07,4.2,6.2,1.9,-1.6,0.6,76,3.8,3.4,0.28,12.0,8.37,13.7
2018-12-08,1.9,2.9,0.7,-3.9,-2.6,63,0.1,0.0,0.14,1.0,6.83,11.2
2018-12-09,2.3,5.1,0.1,-2.1,2.0,78,4.7,2.7,1.47,14.0,5.32,9.5
2018-12-10,7.1,8.2,5.2,3.5,4.5,92,22.5,22.5,0.0,24.0,6.23,9.5
2018-12-11,6.5,7.5,3.5,2.4,4.6,89,8.8,8.8,0.0,14.0,7.02,11.1
2018-12-12,3.5,6.0,1.4,-1.3,1.8,72,0.0,0.0,0.0,0.0,7.15,11.2
2018-12-13,2.9,5.5,0.9,-1.2,1.2,64,0.0,0.0,0.0,0.0,3.52,6.4
2018-12-14,4.7,7.9,1.2,1.1,4.7,73,0.0,0.0,0.0,0.0,3.76,6.2
2018-12-15,6.7,8.1,4.8,3.7,5.9,83,5.5,5.5,0.0,10.0,3.9,5.8
2018-12-16,6.5,8.5,4.8,2.1,4.1,81,2.8,2.8,0.0,4.0,7.24,11.4
2018-12-17,6.9,10.2,4.8,3.2,6.4,75,0.0,0.0,0.0,0.0,4.83,7.4
2018-12-18,7.8,13.1,3.5,5.0,10.5,77,0.0,0.0,0.0,0.0,4.18,5.5
2018-12-19,9.3,12.3,6.9,6.7,10.6,75,0.0,0.0,0.0,0.0,3.96,5.5
2018-12-20,9.8,12.3,7.5,7.8,10.6,88,3.2,3.2,0.0,10.0,4.07,6.4
2018-12-21,9.7,12.4,6.6,8.6,11.8,95,0.5,0.5,0.0,5.0,3.26,4.7
2018-12-22,10.7,11.1,9.9,8.8,9.6,97,12.2,12.2,0.0,24.0,5.56,7.8
2018-12-23,9.2,11.1,7.0,5.9,7.5,81,1.4,1.4,0.0,5.0,5.87,8.7
2018-12-24,8.4,11.4,5.5,5.0,8.3,73,0.0,0.0,0.0,0.0,5.13,7.2
2018-12-25,10.2,11.6,8.6,7.8,10.9,83,4.3,4.3,0.0,13.0,5.02,7.7
2018-12-26,8.9,10.1,6.9,5.6,9.0,92,9.1,9.1,0.0,24.0,7.68,11.7
2018-12-27,5.9,7.4,3.9,0.5,1.9,71,1.6,1.6,0.0,4.0,7.99,12.1
2018-12-28,0.9,3.7,-1.8,-5.6,-2.4,58,0.0,0.0,0.0,0.0,7.7,12.5
2018-12-29,-0.1,3.0,-2.9,-5.9,-2.4,58,0.0,0.0,0.0,0.0,6.18,10.0
2018-12-30,0.2,1.3,-0.9,-5.0,-3.6,71,4.3,0.0,3.01,14.0,5.2,8.3
2018-12-31,1.8,4.6,-0.8,-2.3,1.2,79,0.9,0.0,0.7,5.0,4.92,7.7
2019-01-01,3.0,4.7,1.9,-1.3,0.3,69,0.0,0.0,0.0,0.0,4.13,6.7
2019-01-02,3.4,5.7,1.2,-0.6,2.2,68,0.0,0.0,0.0,0.0,4.0,7.6
2019-01-03,5.6,7.1,4.0,2.4,4.3,73,0.0,0.0,0.0,0.0,3.64,5.8
2019-01-04,7.1,8.1,6.0,4.5,7.0,94,12.9,12.9,0.0,20.0,4.85,7.0
2019-01-05,6.5,7.6,5.7,3.6,5.3,96,4.1,4.1,0.0,20.0,5.14,7.7
2019-01-06,5.6,6.4,4.9,2.7,4.0,92,0.1,0.1,0.0,1.0,4.78,7.4
2019-01-07,6.0,7.2,5.2,2.7,4.0,88,8.1,8.1,0.0,14.0,4.62,7.1
2019-01-08,5.7,7.0,4.4,1.9,3.1,80,0.6,0.6,0.0,4.0,5.15,8.8
2019-01-09,3.9,4.5,3.2,-0.1,0.7,86,10.3,10.3,0.0,22.0,4.62,7.4
2019-01-10,5.1,5.8,4.0,2.3,3.5,93,8.7,8.7,0.0,18.0,3.26,5.8
2019-01-11,6.1,7.2,5.3,3.5,5.4,96,14.1,14.1,0.0,24.0,4.0,9.0
2019-01-12,5.4,6.1,4.9,1.9,3.0,86,0.6,0.6,0.0,3.0,5.1,8.2
2019-01-13,5.1,6.2,4.1,2.2,3.7,77,0.0,0.0,0.0,0.0,2.67,4.9
2019-01-14,6.3,9.1,3.3,3.5,6.7,83,1.6,1.6,0.0,3.0,3.22,6.2
2019-01-15,6.1,7.2,4.0,2.3,4.0,82,5.4,5.4,0.0,11.0,5.57,9.8
2019-01-16,3.0,4.5,0.8,-1.3,0.5,63,0.0,0.0,0.0,0.0,5.64,8.9
2019-01-17,3.5,6.6,0.2,0.1,2.6,67,0.0,0.0,0.0,0.0,3.2,6.1
2019-01-18,5.0,9.8,0.4,1.0,5.4,77,0.0,0.0,0.0,0.0,5.06,7.9
2019-01-19,6.6,7.4,5.2,3.5,4.7,86,2.0,2.0,0.0,9.0,4.38,7.2
2019-01-20,5.8,8.0,3.0,1.6,3.5,73,0.1,0.1,0.0,1.0,5.32,9.0
2019-01-21,4.1,7.2,1.2,0.3,3.1,67,0.0,0.0,0.0,0.0,3.93,7.3
2019-01-22,5.8,9.6,3.0,1.8,5.1,67,0.0,0.0,0.0,0.0,5.67,9.3
2019-01-23,6.6,11.1,3.2,3.4,8.0,68,0.0,0.0,0.0,0.0,3.35,5.7
2019-01-24,6.2,11.5,1.5,3.2,8.7,74,0.0,0.0,0.0,0.0,3.24,5.0
2019-01-25,6.2,10.2,3.0,2.4,7.0,78,0.0,0.0,0.0,0.0,6.8,10.9
2019-01-26,3.3,5.3,1.2,-1.5,0.8,63,0.0,0.0,0.0,0.0,6.14,9.4
2019-01-27,4.4,8.9,-0.2,0.4,4.7,67,0.0,0.0,0.0,0.0,4.21,7.1
2019-01-28,6.1,7.3,4.2,3.2,3.9,76,0.2,0.2,0.0,2.0,3.34,5.6
2019-01-29,7.2,9.1,5.4,4.4,6.5,81,0.3,0.3,0.0,2.0,3.08,5.1
2019-01-30,8.6,10.6,7.2,6.5,8.8,91,0.9,0.9,0.0,4.0,4.48,7.3
2019-01-31,5.3,8.3,3.2,0.3,5.5,82,9.8,9.8,0.0,8.0,10.3,16.0
2019-02-01,3.0,4.2,1.8,-1.1,1.2,75,0.0,0.0,0.0,0.0,4.95,7.8
2019-02-02,8.1,12.8,2.5,4.3,10.0,81,0.0,0.0,0.0,0.0,6.09,9.2
2019-02-03,8.8,12.5,6.4,5.5,10.9,87,5.6,5.6,0.0,16.0,7.22,11.6
2019-02-04,6.9,10.5,3.1,3.7,8.0,75,0.1,0.1,0.0,1.0,4.41,6.6
2019-02-05,8.3,10.4,6.4,5.8,8.4,86,0.0,0.0,0.0,0.0,4.03,6.8
2019-02-06,10.3,15.0,6.6,8.4,14.3,91,0.0,0.0,0.0,0.0,4.59,6.9
2019-02-07,6.8,10.6,2.5,1.9,10.2,85,7.1,6.6,0.35,14.0,10.26,16.4
2019-02-08,2.7,4.5,1.2,-2.1,0.1,86,12.5,5.6,4.83,16.0,6.61,10.3
2019-02-09,2.7,4.0,1.7,-2.4,-1.1,83,4.6,2.8,1.26,9.0,6.41,11.0
2019-02-10,2.3,3.0,1.5,-2.3,-1.3,84,4.3,2.9,0.98,23.0,5.17,8.8
2019-02-11,2.1,3.9,-0.2,-1.6,0.8,72,0.0,0.0,0.0,0.0,4.4,6.8
2019-02-12,4.7,6.1,3.1,1.0,3.0,86,17.8,17.8,0.0,13.0,5.31,8.1
2019-02-13,5.7,7.4,3.8,1.7,3.5,87,8.9,8.5,0.28,12.0,6.52,10.4
2019-02-14,5.0,6.8,2.6,1.1,3.5,89,9.1,9.0,0.07,18.0,6.61,10.2
2019-02-15,5.3,5.8,4.3,2.2,3.5,95,25.6,25.6,0.0,24.0,4.13,6.6
2019-02-16,4.2,5.2,2.7,0.1,1.4,72,0.3,0.3,0.0,1.0,4.75,8.6
2019-02-17,4.4,6.5,2.3,0.5,3.5,65,0.3,0.3,0.0,2.0,4.37,6.9
2019-02-18,5.6,7.0,4.2,2.3,5.7,89,19.5,19.5,0.0,24.0,5.35,8.1
2019-02-19,5.8,6.7,5.0,1.9,4.1,87,4.4,4.4,0.0,10.0,6.26,10.9
2019-02-20,5.6,6.6,4.6,2.2,3.5,88,7.3,7.3,0.0,22.0,4.66,7.4
2019-02-21,6.1,6.9,5.2,2.7,3.7,88,10.5,10.5,0.0,22.0,5.38,8.1
2019-02-22,5.1,6.2,3.6,1.5,2.4,87,5.7,5.7,0.0,10.0,4.72,7.7
2019-02-23,5.7,7.9,3.2,2.6,5.2,76,0.0,0.0,0.0,0.0,3.36,5.8
2019-02-24,6.6,10.8,2.5,4.0,8.4,72,0.0,0.0,0.0,0.0,2.6,4.8
2019-02-25,7.6,11.3,4.2,5.0,9.1,74,0.0,0.0,0.0,0.0,3.55,6.4
2019-02-26,7.9,11.6,4.9,4.5,8.0,81,3.4,3.4,0.0,6.0,5.73,9.1
2019-02-27,8.0,9.3,7.3,5.0,6.7,88,8.4,8.4,0.0,14.0,4.9,7.8
2019-02-28,8.2,10.1,6.5,5.6,7.7,80,0.0,0.0,0.0,0.0,3.62,5.7
2019-03-01,7.9,10.4,5.4,4.9,7.3,79,4.2,4.2,0.0,10.0,4.08,7.6
2019-03-02,7.5,7.8,7.1,4.1,4.7,83,10.5,10.5,0.0,16.0,5.63,9.1
2019-03-03,7.8,9.3,6.7,4.7,5.5,78,0.5,0.5,0.0,4.0,5.22,8.5
2019-03-04,9.5,12.4,7.3,6.9,11.3,73,0.0,0.0,0.0,0.0,4.87,7.8
2019-03-05,9.5,10.4,8.1,6.1,8.9,85,5.7,5.7,0.0,10.0,7.26,11.5
2019-03-06,11.2,13.7,9.1,8.9,11.5,81,0.0,0.0,0.0,0.0,5.19,8.7
2019-03-07,8.5,11.5,5.0,4.4,8.6,63,0.0,0.0,0.0,0.0,6.26,10.8
2019-03-08,7.7,11.7,3.5,3.9,8.4,72,0.0,0.0,0.0,0.0,5.59,8.6
2019-03-09,9.9,11.3,8.7,8.0,10.0,86,3.1,3.1,0.0,8.0,5.14,7.9
2019-03-10,11.1,13.1,9.5,8.6,11.3,85,0.0,0.0,0.0,0.0,5.94,10.0
2019-03-11,12.2,17.0,8.0,9.8,13.6,74,0.0,0.0,0.0,0.0,5.85,10.3
2019-03-12,13.1,19.2,8.2,9.8,14.7,62,0.0,0.0,0.0,0.0,7.28,12.6
2019-03-13,10.7,15.7,6.3,7.4,13.6,63,0.0,0.0,0.0,0.0,5.72,8.8
2019-03-14,10.8,12.9,9.5,7.6,10.3,78,3.1,3.1,0.0,8.0,6.57,11.0
2019-03-15,13.0,17.9,9.4,10.4,15.2,69,0.0,0.0,0.0,0.0,5.82,8.5
2019-03-16,12.9,18.6,6.9,10.2,16.7,63,0.0,0.0,0.0,0.0,4.81,8.0
2019-03-17,15.3,19.9,11.0,14.1,20.2,69,0.0,0.0,0.0,0.0,5.58,8.2
2019-03-18,12.8,13.4,11.4,10.9,12.2,80,1.3,1.3,0.0,7.0,4.55,7.6
2019-03-19,13.7,19.3,9.4,11.4,18.2,77,0.0,0.0,0.0,0.0,8.43,13.3
2019-03-20,18.4,24.6,13.8,16.6,24.7,80,14.0,14.0,0.0,8.0,8.5,14.4
2019-03-21,14.3,18.6,9.8,12.5,19.1,85,9.7,9.7,0.0,15.0,7.09,11.5
2019-03-22,9.6,11.9,8.3,5.4,7.8,64,0.4,0.4,0.0,1.0,6.26,10.6
2019-03-23,10.7,13.9,7.4,7.9,11.6,53,0.0,0.0,0.0,0.0,4.26,6.8
2019-03-24,11.3,15.2,7.4,8.0,12.9,66,0.0,0.0,0.0,0.0,5.88,9.6
2019-03-25,12.3,14.9,10.6,10.6,13.6,75,2.8,2.8,0.0,8.0,5.19,8.9
2019-03-26,14.8,19.6,10.3,13.4,18.5,76,0.0,0.0,0.0,0.0,5.02,7.7
2019-03-27,15.0,17.9,12.9,14.2,18.1,82,12.0,12.0,0.0,13.0,4.49,7.4
2019-03-28,15.5,17.9,13.6,14.9,17.8,83,2.7,2.7,0.0,7.0,5.12,8.6
2019-03-29,15.0,18.3,12.1,14.3,18.3,81,0.0,0.0,0.0,0.0,3.96,6.6
2019-03-30,15.0,18.1,10.9,13.1,16.9,74,0.1,0.1,0.0,1.0,6.31,10.9
2019-03-31,11.7,14.3,9.7,8.5,13.0,47,0.0,0.0,0.0,0.0,5.12,8.9
2019-04-01,12.6,17.4,8.1,9.1,14.7,53,0.0,0.0,0.0,0.0,5.0,8.9
2019-04-02,13.6,16.7,10.3,11.4,14.6,69,0.0,0.0,0.0,0.0,4.22,7.3
2019-04-03,15.1,18.4,12.1,14.2,18.4,72,0.0,0.0,0.0,0.0,3.94,6.2
2019-04-04,12.9,14.5,11.1,10.7,11.8,83,1.6,1.6,0.0,5.0,5.77,9.2
2019-04-05,16.4,20.8,12.7,16.2,22.2,79,0.0,0.0,0.0,0.0,4.01,7.6
2019-04-06,18.9,24.0,13.2,18.9,24.5,72,0.0,0.0,0.0,0.0,4.25,6.3
2019-04-07,21.2,26.1,15.9,22.2,28.2,73,0.0,0.0,0.0,0.0,4.24,6.4
2019-04-08,20.8,26.9,16.0,20.9,29.2,79,0.0,0.0,0.0,0.0,7.1,10.8
2019-04-09,20.2,27.7,11.8,19.2,29.1,84,3.6,3.6,0.0,10.0,10.97,17.0
2019-04-10,11.8,13.3,10.6,7.9,10.3,75,0.1,0.1,0.0,1.0,10.83,16.7
2019-04-11,12.1,14.3,9.9,10.0,12.9,69,0.5,0.5,0.0,3.0,3.81,6.8
2019-04-12,14.0,18.3,9.9,12.7,18.3,70,0.0,0.0,0.0,0.0,6.53,10.8
2019-04-13,15.7,20.0,11.4,13.8,20.1,72,0.0,0.0,0.0,0.0,5.86,9.7
2019-04-14,16.2,19.6,12.5,15.0,17.4,76,0.0,0.0,0.0,0.0,5.97,9.3
2019-04-15,14.5,19.8,10.1,12.0,18.2,62,0.0,0.0,0.0,0.0,6.63,9.7
2019-04-16,15.0,17.6,13.1,12.6,16.4,71,1.1,1.1,0.0,3.0,6.09,9.6
2019-04-17,17.8,23.1,12.8,18.2,25.3,78,0.0,0.0,0.0,0.0,5.87,8.9
2019-04-18,21.3,27.5,15.8,21.8,30.0,74,0.0,0.0,0.0,0.0,5.64,8.8
2019-04-19,21.0,26.4,17.1,21.5,28.0,82,0.0,0.0,0.0,0.0,6.36,10.7
2019-04-20,21.0,23.3,18.8,20.9,22.9,84,0.1,0.1,0.0,1.0,7.23,12.0
2019-04-21,21.5,25.0,19.3,22.8,28.1,87,7.0,7.0,0.0,12.0,6.26,9.8
2019-04-22,19.7,21.0,18.8,20.8,22.5,94,11.0,11.0,0.0,15.0,5.3,8.8
2019-04-23,22.0,24.2,19.9,24.9,26.8,89,2.3,2.3,0.0,6.0,3.52,6.8
2019-04-24,22.4,24.2,20.7,25.2,26.9,87,4.1,4.1,0.0,12.0,3.73,6.0
2019-04-25,20.3,23.8,15.7,21.1,26.0,87,0.2,0.2,0.0,1.0,6.83,10.5
2019-04-26,14.0,15.6,11.6,11.5,13.4,76,0.5,0.5,0.0,3.0,7.46,12.2
2019-04-27,14.7,18.7,10.6,11.8,17.0,66,0.0,0.0,0.0,0.0,7.02,11.7
2019-04-28,16.7,18.8,15.0,16.6,19.4,85,5.0,5.0,0.0,6.0,6.44,11.4
2019-04-29,16.3,17.3,15.4,16.3,17.9,93,14.5,14.5,0.0,12.0,5.0,13.0
2019-04-30,16.0,17.8,14.6,15.6,17.8,86,2.0,2.0,0.0,7.0,4.21,6.5
2019-05-01,18.6,22.5,15.6,18.1,22.4,75,0.6,0.6,0.0,3.0,4.66,8.4
2019-05-02,19.1,23.1,15.7,18.8,23.1,62,0.0,0.0,0.0,0.0,2.95,4.6
2019-05-03,19.3,25.6,13.1,17.8,24.8,55,0.0,0.0,0.0,0.0,4.39,7.4
2019-05-04,20.4,26.0,15.9,18.3,25.2,51,0.0,0.0,0.0,0.0,5.83,8.7
2019-05-05,20.1,25.0,15.4,19.2,25.8,64,0.0,0.0,0.0,0.0,5.11,7.7
2019-05-06,17.2,19.4,14.2,14.3,17.4,63,0.0,0.0,0.0,0.0,8.09,13.1
2019-05-07,16.5,20.2,12.4,13.5,17.9,45,0.0,0.0,0.0,0.0,5.32,9.3
2019-05-08,17.2,20.0,14.9,15.5,18.8,61,0.0,0.0,0.0,0.0,4.21,7.5
2019-05-09,19.5,23.8,14.3,20.0,25.5,68,0.0,0.0,0.0,0.0,4.96,8.4
2019-05-10,21.2,26.2,17.0,21.5,27.9,69,0.0,0.0,0.0,0.0,5.24,7.9
2019-05-11,22.6,28.4,17.2,23.3,31.5,68,0.0,0.0,0.0,0.0,5.38,8.5
2019-05-12,23.1,28.6,18.3,22.8,30.5,61,0.0,0.0,0.0,0.0,6.14,9.8
2019-05-13,20.3,22.6,17.4,20.3,24.6,77,1.5,1.5,0.0,6.0,5.55,9.6
2019-05-14,20.5,25.2,17.1,21.2,26.5,77,1.8,1.8,0.0,4.0,4.65,8.1
2019-05-15,19.4,20.1,18.7,20.0,21.0,93,25.4,25.4,0.0,22.0,5.33,8.1
2019-05-16,21.2,23.9,18.8,23.5,27.1,88,6.8,6.8,0.0,8.0,4.19,6.8
2019-05-17,22.4,24.6,20.2,25.3,28.4,90,7.9,7.9,0.0,9.0,4.03,6.8
2019-05-18,21.9,23.5,19.8,23.1,26.0,83,0.0,0.0,0.0,0.0,5.63,8.6
2019-05-19,22.0,24.8,18.9,23.9,26.8,78,0.0,0.0,0.0,0.0,2.55,5.3
2019-05-20,22.7,25.0,19.4,21.8,25.0,54,0.0,0.0,0.0,0.0,7.22,12.2
2019-05-21,21.8,25.8,16.9,21.5,25.8,55,0.0,0.0,0.0,0.0,3.4,6.6
2019-05-22,24.2,28.0,19.0,25.1,29.1,56,0.0,0.0,0.0,0.0,3.27,6.0
2019-05-23,25.8,31.0,20.6,27.4,33.0,60,0.0,0.0,0.0,0.0,4.78,7.1
2019-05-24,26.3,31.4,20.9,26.3,31.3,55,0.0,0.0,0.0,0.0,7.36,11.5
2019-05-25,24.4,27.2,22.4,25.0,30.0,76,11.0,11.0,0.0,11.0,7.56,12.6
2019-05-26,23.5,24.9,22.2,24.8,27.2,90,42.5,42.5,0.0,22.0,7.98,14.2
2019-05-27,23.5,28.7,19.5,25.0,34.1,80,6.2,6.2,0.0,9.0,9.36,14.9
2019-05-28,21.0,25.0,17.4,20.2,24.8,57,0.0,0.0,0.0,0.0,5.73,9.4
2019-05-29,22.1,26.1,18.9,21.6,25.7,53,0.0,0.0,0.0,0.0,4.47,5.8
2019-05-30,20.8,22.9,19.0,20.2,22.5,61,4.2,4.2,0.0,8.0,4.94,8.2
2019-05-31,21.3,24.8,18.8,22.6,26.8,76,2.6,2.6,0.0,6.0,3.91,6.7
2019-06-01,21.6,24.9,18.5,22.5,26.8,76,0.1,0.1,0.0,1.0,4.61,7.4
2019-06-02,22.4,26.3,19.1,23.6,28.7,75,0.0,0.0,0.0,0.0,4.39,6.6
2019-06-03,23.9,29.5,19.3,26.1,33.3,79,0.0,0.0,0.0,0.0,5.39,8.2
2019-06-04,25.7,31.4,21.2,29.4,37.3,78,0.0,0.0,0.0,0.0,5.99,8.9
2019-06-05,26.7,32.2,22.4,29.6,36.4,79,0.0,0.0,0.0,0.0,7.39,11.2
2019-06-06,26.9,29.3,24.7,28.6,32.7,79,5.7,5.7,0.0,8.0,9.13,17.2
2019-06-07,23.7,26.5,21.2,25.0,29.7,70,0.0,0.0,0.0,0.0,8.0,13.5
2019-06-08,24.5,29.2,21.0,26.3,32.5,75,0.0,0.0,0.0,0.0,5.83,9.8
2019-06-09,25.4,29.7,22.0,28.2,33.8,79,0.0,0.0,0.0,0.0,5.46,8.0
2019-06-10,25.1,29.5,22.3,28.1,34.4,82,0.3,0.3,0.0,3.0,6.36,10.7
2019-06-11,23.9,27.7,20.6,25.3,29.6,71,0.0,0.0,0.0,0.0,4.59,8.5
2019-06-12,23.1,26.4,20.7,24.1,27.6,73,0.0,0.0,0.0,0.0,5.61,9.0
2019-06-13,21.7,23.3,20.2,22.1,23.2,80,3.5,3.5,0.0,9.0,6.31,11.1
2019-06-14,22.6,27.2,18.6,23.4,27.7,68,0.0,0.0,0.0,0.0,3.84,7.3
2019-06-15,25.2,29.9,20.0,28.0,33.0,71,0.0,0.0,0.0,0.0,3.04,5.7
2019-06-16,27.1,30.9,23.6,30.1,34.1,71,0.0,0.0,0.0,0.0,4.05,7.0
2019-06-17,26.1,28.6,23.7,27.3,28.8,67,2.6,2.6,0.0,3.0,6.99,10.1
2019-06-18,22.6,23.5,21.4,25.2,27.3,92,57.5,57.5,0.0,22.0,6.29,9.6
2019-06-19,23.9,26.2,22.5,27.5,30.1,88,0.5,0.5,0.0,1.0,4.48,6.8
2019-06-20,23.1,25.3,21.6,25.3,27.8,88,25.1,25.1,0.0,17.0,5.59,9.4
2019-06-21,23.6,26.2,21.7,25.6,28.6,86,22.2,22.2,0.0,14.0,5.92,9.2
2019-06-22,23.7,27.1,21.1,26.0,29.8,81,0.3,0.3,0.0,2.0,4.16,6.9
2019-06-23,23.6,27.7,20.4,25.1,29.0,74,0.0,0.0,0.0,0.0,4.48,7.9
2019-06-24,23.7,27.1,20.9,24.7,28.6,76,0.0,0.0,0.0,0.0,6.98,10.5
2019-06-25,23.0,24.7,21.7,24.3,26.4,86,11.0,11.0,0.0,12.0,6.86,11.0
2019-06-26,23.2,26.0,21.6,26.0,29.6,90,2.6,2.6,0.0,11.0,5.25,8.0
2019-06-27,25.4,28.2,22.4,29.4,32.5,83,0.0,0.0,0.0,0.0,4.57,6.6
2019-06-28,28.7,33.0,23.8,34.1,40.2,81,0.0,0.0,0.0,0.0,4.58,7.0
2019-06-29,28.2,29.3,27.2,33.8,34.9,89,13.7,13.7,0.0,16.0,6.32,11.1
2019-06-30,25.4,26.9,23.7,29.4,33.5,86,81.1,81.1,0.0,15.0,4.61,9.9
2019-07-01,24.8,26.3,23.4,28.4,29.8,83,14.2,14.2,0.0,10.0,3.33,9.6
2019-07-02,24.8,26.7,22.9,27.4,29.4,83,3.4,3.4,0.0,6.0,5.05,8.7
2019-07-03,25.2,27.7,23.4,28.3,31.2,84,0.0,0.0,0.0,0.0,4.5,7.6
2019-07-04,25.3,28.8,22.5,28.5,32.3,82,0.0,0.0,0.0,0.0,4.06,6.7
2019-07-05,25.6,28.9,23.3,29.1,33.0,82,0.0,0.0,0.0,0.0,4.11,6.5
2019-07-06,26.6,30.1,23.4,30.6,35.5,85,2.4,2.4,0.0,5.0,4.88,8.7
2019-07-07,27.0,29.1,25.1,30.6,32.1,79,0.4,0.4,0.0,3.0,5.1,9.4
2019-07-08,26.6,29.4,24.4,30.3,34.0,77,0.4,0.4,0.0,2.0,5.44,8.0
2019-07-09,23.4,24.2,22.5,25.6,27.5,92,23.6,23.6,0.0,23.0,6.91,10.3
2019-07-10,23.6,25.5,22.0,26.4,28.8,85,4.5,4.5,0.0,14.0,4.84,8.1
2019-07-11,25.8,29.3,22.2,30.1,33.9,79,0.0,0.0,0.0,0.0,4.18,6.2
2019-07-12,25.5,27.7,22.9,29.8,32.9,90,48.3,48.3,0.0,11.0,4.64,13.0
2019-07-13,22.7,23.9,21.8,24.9,27.1,88,69.4,69.4,0.0,23.0,6.02,12.8
2019-07-14,25.1,28.8,22.0,29.3,33.5,82,0.2,0.2,0.0,2.0,4.22,6.3
2019-07-15,26.0,30.3,22.4,29.8,33.3,82,0.0,0.0,0.0,0.0,4.36,7.6
2019-07-16,25.8,27.5,24.5,29.7,31.3,91,7.8,7.8,0.0,13.0,5.36,8.9
2019-07-17,28.3,30.9,26.0,33.2,36.2,86,1.5,1.5,0.0,4.0,5.44,10.7
2019-07-18,28.8,31.8,26.7,33.9,37.2,84,1.0,1.0,0.0,8.0,5.7,10.0
2019-07-19,27.9,30.0,26.4,32.1,34.0,85,1.3,1.3,0.0,11.0,6.15,11.3
2019-07-20,28.6,31.8,26.0,33.7,37.3,79,0.0,0.0,0.0,0.0,3.92,6.2
2019-07-21,30.2,33.5,27.0,36.5,40.4,79,0.0,0.0,0.0,0.0,4.81,6.3
2019-07-22,30.9,34.2,28.0,38.2,42.4,82,0.5,0.5,0.0,3.0,5.01,7.6
2019-07-23,32.0,35.0,29.2,38.7,42.1,77,0.3,0.3,0.0,1.0,4.8,7.5
2019-07-24,32.5,35.0,30.2,39.6,41.2,73,0.0,0.0,0.0,0.0,3.14,6.3
2019-07-25,32.3,34.4,30.2,39.5,41.8,75,0.0,0.0,0.0,0.0,3.45,6.0
2019-07-26,33.0,35.6,30.6,40.6,42.9,73,0.0,0.0,0.0,0.0,3.28,5.9
2019-07-27,31.9,33.4,30.8,39.5,41.8,80,0.4,0.4,0.0,1.0,4.67,6.7
2019-07-28,31.8,34.4,29.6,37.8,41.2,76,0.1,0.1,0.0,1.0,5.28,9.7
2019-07-29,32.3,35.5,28.9,38.3,43.8,73,0.0,0.0,0.0,0.0,5.66,9.7
2019-07-30,32.5,35.9,29.2,38.3,43.5,70,0.0,0.0,0.0,0.0,5.8,9.6
2019-07-31,31.6,34.5,29.3,36.5,40.6,70,0.0,0.0,0.0,0.0,6.11,9.6
2019-08-01,30.9,33.9,28.3,35.4,39.2,75,0.0,0.0,0.0,0.0,6.6,10.7
2019-08-02,30.0,33.0,27.5,34.2,37.9,77,0.0,0.0,0.0,0.0,6.96,11.1
2019-08-03,28.9,32.3,26.7,33.2,36.4,80,1.4,1.4,0.0,2.0,5.74,10.3
2019-08-04,27.2,28.7,26.3,31.9,33.1,90,10.0,10.0,0.0,14.0,5.25,10.0
2019-08-05,29.1,32.1,26.7,33.9,37.0,82,0.0,0.0,0.0,0.0,5.69,9.5
2019-08-06,29.6,33.1,26.9,34.6,38.3,79,0.0,0.0,0.0,0.0,5.82,8.5
2019-08-07,29.2,32.6,26.4,33.8,37.2,80,0.0,0.0,0.0,0.0,6.47,10.4
2019-08-08,29.9,32.7,27.8,35.4,38.2,83,1.6,1.6,0.0,5.0,5.9,9.8
2019-08-09,28.7,31.1,26.6,32.0,34.6,85,12.4,12.4,0.0,13.0,9.83,17.9
2019-08-10,27.3,28.1,26.5,29.2,32.1,93,95.1,95.1,0.0,24.0,13.47,23.3
2019-08-11,27.9,29.9,26.3,30.4,32.8,84,5.0,5.0,0.0,8.0,10.66,17.2
2019-08-12,29.3,32.3,26.9,33.4,36.1,73,0.0,0.0,0.0,0.0,5.25,9.7
2019-08-13,29.8,32.5,27.5,35.5,38.8,74,0.0,0.0,0.0,0.0,3.42,5.1
2019-08-14,29.9,33.0,27.6,36.1,40.1,78,0.2,0.2,0.0,1.0,4.2,7.7
2019-08-15,28.9,31.2,26.6,33.5,35.3,77,0.2,0.2,0.0,2.0,5.02,8.7
2019-08-16,29.7,32.4,26.6,35.2,38.7,72,0.0,0.0,0.0,0.0,3.89,6.3
2019-08-17,30.7,34.5,26.3,36.3,41.0,71,0.0,0.0,0.0,0.0,4.44,6.6
2019-08-18,28.0,30.6,26.2,33.0,36.6,85,4.1,4.1,0.0,4.0,5.16,8.4
2019-08-19,27.6,30.4,25.6,32.1,36.7,82,1.3,1.3,0.0,6.0,4.81,8.4
2019-08-20,27.7,30.5,25.2,31.6,34.6,78,0.2,0.2,0.0,1.0,4.59,7.5
2019-08-21,28.4,32.0,25.0,33.0,37.3,75,0.0,0.0,0.0,0.0,4.43,7.2
2019-08-22,28.8,31.9,25.8,34.2,38.0,77,0.1,0.1,0.0,1.0,3.18,5.6
2019-08-23,28.8,31.2,26.8,34.1,37.2,81,1.6,1.6,0.0,10.0,4.84,7.7
2019-08-24,28.6,30.6,27.0,33.4,36.2,83,3.5,3.5,0.0,8.0,5.42,8.9
2019-08-25,28.8,31.2,27.3,34.1,37.3,88,4.4,4.4,0.0,8.0,6.23,10.2
2019-08-26,30.6,33.7,27.7,37.0,40.6,81,0.0,0.0,0.0,0.0,4.8,8.3
2019-08-27,31.1,33.7,29.3,38.1,41.3,78,2.1,2.1,0.0,5.0,3.32,6.4
2019-08-28,27.6,29.0,25.6,33.2,36.1,89,6.8,6.8,0.0,14.0,6.11,9.5
2019-08-29,22.9,25.5,22.2,25.3,28.4,85,36.3,36.3,0.0,16.0,6.6,10.5
2019-08-30,24.9,28.1,21.7,28.1,32.4,77,0.4,0.4,0.0,2.0,3.1,5.4
2019-08-31,25.5,27.8,23.8,28.5,31.2,80,0.2,0.2,0.0,1.0,4.66,7.9
2019-09-01,21.5,23.6,20.4,23.0,25.8,87,34.6,34.6,0.0,17.0,5.74,9.7
2019-09-02,22.3,23.6,21.4,24.8,26.0,94,80.5,80.5,0.0,24.0,5.23,8.3
2019-09-03,22.9,24.0,22.1,26.8,28.7,95,37.4,37.4,0.0,23.0,4.12,6.4
2019-09-04,24.0,26.1,22.5,28.4,30.9,92,12.1,12.1,0.0,12.0,2.41,4.9
2019-09-05,24.8,26.1,23.6,29.3,31.3,94,21.4,21.4,0.0,18.0,3.36,6.3
2019-09-06,25.7,28.5,24.3,29.1,31.9,90,6.2,6.2,0.0,9.0,6.7,11.0
2019-09-07,26.3,29.0,23.9,29.2,32.3,78,0.0,0.0,0.0,0.0,6.79,11.3
2019-09-08,26.7,30.0,24.2,30.7,34.2,75,0.0,0.0,0.0,0.0,3.84,7.0
2019-09-09,26.2,28.7,23.8,30.4,32.2,80,0.0,0.0,0.0,0.0,2.94,5.4
2019-09-10,28.0,31.6,24.7,33.1,37.6,76,0.0,0.0,0.0,0.0,2.97,3.9
2019-09-11,28.0,31.2,25.5,33.0,36.3,83,0.0,0.0,0.0,0.0,4.84,6.5
2019-09-12,27.5,31.0,25.4,31.9,35.9,81,0.0,0.0,0.0,0.0,5.73,9.2
2019-09-13,27.1,30.4,24.1,31.2,35.2,79,0.0,0.0,0.0,0.0,4.27,6.5
2019-09-14,27.1,29.7,24.8,31.6,33.5,80,0.0,0.0,0.0,0.0,3.69,5.5
2019-09-15,26.0,28.5,23.3,29.2,31.8,81,1.4,1.4,0.0,6.0,4.88,8.3
2019-09-16,24.9,28.0,22.2,26.3,29.8,71,0.0,0.0,0.0,0.0,5.05,8.6
2019-09-17,25.2,28.3,22.3,26.9,29.9,74,0.0,0.0,0.0,0.0,5.2,8.0
2019-09-18,24.9,28.1,22.2,25.5,27.8,69,0.0,0.0,0.0,0.0,6.44,11.0
2019-09-19,22.6,25.7,20.0,22.3,26.2,68,0.0,0.0,0.0,0.0,5.89,9.6
2019-09-20,22.5,25.9,19.6,22.7,26.2,71,0.0,0.0,0.0,0.0,5.86,9.6
2019-09-21,21.8,23.4,20.9,20.7,22.4,76,0.0,0.0,0.0,0.0,8.42,13.9
2019-09-22,22.3,24.3,21.1,20.9,22.8,72,0.5,0.5,0.0,3.0,9.46,14.9
2019-09-23,22.0,25.2,18.9,22.9,26.5,73,0.0,0.0,0.0,0.0,4.42,7.3
2019-09-24,22.5,26.5,18.3,24.6,28.1,75,0.0,0.0,0.0,0.0,2.5,4.8
2019-09-25,23.0,26.5,19.6,25.5,29.4,76,0.0,0.0,0.0,0.0,4.61,8.0
2019-09-26,22.7,26.0,19.5,24.1,27.7,74,0.0,0.0,0.0,0.0,3.82,6.2
2019-09-27,22.9,26.0,19.9,24.8,28.5,75,0.0,0.0,0.0,0.0,3.27,5.9
2019-09-28,23.0,26.4,20.1,25.7,29.1,80,0.0,0.0,0.0,0.0,3.1,5.2
2019-09-29,23.4,26.7,20.7,26.0,29.0,81,0.0,0.0,0.0,0.0,4.1,6.6
2019-09-30,23.7,27.3,20.4,26.0,29.9,80,0.0,0.0,0.0,0.0,4.22,7.1
2019-10-01,23.5,25.0,22.2,25.1,27.3,92,11.5,11.5,0.0,17.0,9.62,16.5
2019-10-02,24.3,27.0,22.6,26.2,30.4,87,2.7,2.7,0.0,7.0,9.42,14.6
2019-10-03,25.0,28.9,21.2,28.8,33.1,83,0.0,0.0,0.0,0.0,3.45,5.8
2019-10-04,25.4,29.8,22.0,28.8,33.2,84,0.0,0.0,0.0,0.0,5.56,8.9
2019-10-05,22.3,24.4,19.6,22.6,26.5,81,0.4,0.4,0.0,1.0,7.57,12.5
2019-10-06,21.2,23.4,18.9,21.7,25.0,71,0.0,0.0,0.0,0.0,4.99,7.5
2019-10-07,20.4,22.3,18.3,21.0,23.4,82,0.0,0.0,0.0,0.0,5.59,8.5
2019-10-08,17.9,18.9,16.4,17.5,19.2,79,0.1,0.1,0.0,1.0,4.62,7.5
2019-10-09,20.1,23.1,17.0,20.5,23.7,76,0.0,0.0,0.0,0.0,4.49,7.4
2019-10-10,22.5,26.4,19.1,24.5,30.4,78,0.0,0.0,0.0,0.0,4.19,7.0
2019-10-11,22.6,24.2,21.3,25.1,26.3,84,0.3,0.3,0.0,3.0,3.88,6.6
2019-10-12,22.2,23.8,21.0,23.4,24.3,78,0.0,0.0,0.0,0.0,3.93,7.1
2019-10-13,21.7,23.8,19.9,23.0,25.0,77,0.0,0.0,0.0,0.0,3.41,5.7
2019-10-14,20.1,22.8,17.4,19.6,23.1,82,0.9,0.9,0.0,5.0,8.18,13.1
2019-10-15,16.9,19.0,15.1,14.1,16.2,62,0.0,0.0,0.0,0.0,6.59,10.9
2019-10-16,17.2,20.1,14.3,15.7,19.4,63,0.1,0.1,0.0,1.0,3.72,6.3
2019-10-17,18.5,20.6,16.9,17.7,19.7,68,0.0,0.0,0.0,0.0,3.92,6.7
2019-10-18,18.6,21.8,16.4,18.1,20.9,71,0.0,0.0,0.0,0.0,4.12,7.5
2019-10-19,18.3,22.1,15.1,18.3,22.3,71,0.0,0.0,0.0,0.0,3.31,5.8
2019-10-20,18.3,22.6,14.1,18.5,23.4,74,0.0,0.0,0.0,0.0,3.11,5.3
2019-10-21,18.1,22.1,14.4,18.1,22.4,77,0.0,0.0,0.0,0.0,3.68,6.1
2019-10-22,18.6,21.8,15.3,18.4,21.2,74,0.0,0.0,0.0,0.0,3.68,6.2
2019-10-23,19.8,22.6,17.8,20.1,23.0,75,0.0,0.0,0.0,0.0,3.56,6.4
2019-10-24,19.4,22.9,16.8,19.7,22.5,76,0.0,0.0,0.0,0.0,3.27,6.5
2019-10-25,18.4,21.5,16.0,18.8,21.3,82,1.0,1.0,0.0,4.0,4.88,7.8
2019-10-26,17.1,18.4,14.8,15.6,16.7,72,0.2,0.2,0.0,2.0,5.28,9.0
2019-10-27,15.2,16.8,13.4,14.0,15.9,69,0.0,0.0,0.0,0.0,2.82,4.3
2019-10-28,15.9,19.0,12.4,15.4,18.3,81,0.0,0.0,0.0,0.0,3.23,6.6
2019-10-29,17.3,21.0,14.5,16.4,19.4,69,0.0,0.0,0.0,0.0,3.62,6.1
2019-10-30,16.6,21.3,12.2,15.9,20.7,72,0.0,0.0,0.0,0.0,3.4,5.4
2019-10-31,17.5,22.4,12.8,16.9,22.2,71,0.0,0.0,0.0,0.0,3.55,5.4
2019-11-01,17.6,22.7,13.3,17.2,22.3,73,0.0,0.0,0.0,0.0,2.94,5.0
2019-11-02,17.4,21.9,13.5,17.6,22.0,82,0.0,0.0,0.0,0.0,2.98,5.3
2019-11-03,18.7,21.8,16.2,18.8,21.9,77,0.0,0.0,0.0,0.0,4.39,7.6
2019-11-04,17.6,20.8,15.2,16.7,19.5,76,0.1,0.1,0.0,1.0,4.4,8.2
2019-11-05,16.0,19.7,13.2,14.6,18.1,71,0.0,0.0,0.0,0.0,3.83,6.9
2019-11-06,16.1,19.3,12.5,15.1,18.8,71,0.0,0.0,0.0,0.0,3.14,5.6
2019-11-07,16.9,19.1,14.8,15.8,17.2,74,0.0,0.0,0.0,0.0,5.06,8.3
2019-11-08,14.8,18.0,11.6,12.8,15.2,68,0.0,0.0,0.0,0.0,4.55,7.5
2019-11-09,14.0,17.7,10.5,12.5,16.0,67,0.0,0.0,0.0,0.0,2.87,4.7
2019-11-10,15.7,20.6,11.4,13.2,17.5,67,0.0,0.0,0.0,0.0,6.54,10.6
2019-11-11,16.1,20.3,12.5,14.4,18.9,58,0.0,0.0,0.0,0.0,4.08,6.2
2019-11-12,16.3,19.2,12.8,14.8,17.6,73,0.4,0.4,0.0,1.0,5.06,8.5
2019-11-13,17.0,19.4,15.1,14.8,17.0,69,0.6,0.6,0.0,3.0,6.75,10.8
2019-11-14,13.5,16.9,9.9,10.4,14.3,52,0.0,0.0,0.0,0.0,5.64,8.8
2019-11-15,14.7,19.9,10.6,12.2,17.3,68,0.0,0.0,0.0,0.0,4.74,7.5
2019-11-16,16.7,22.0,12.8,15.7,21.6,73,0.0,0.0,0.0,0.0,4.22,6.4
2019-11-17,17.7,20.2,15.6,16.9,20.4,79,1.5,1.5,0.0,5.0,8.73,12.3
2019-11-18,11.5,16.2,8.1,6.9,13.3,62,1.1,1.1,0.0,6.0,9.49,14.8
2019-11-19,8.8,12.3,5.7,4.9,8.9,50,0.0,0.0,0.0,0.0,5.2,8.2
2019-11-20,10.8,14.8,7.1,7.8,12.0,67,0.0,0.0,0.0,0.0,4.16,7.8
2019-11-21,13.8,16.6,11.4,11.9,14.5,72,0.0,0.0,0.0,0.0,3.8,7.5
2019-11-22,15.2,19.1,11.1,15.0,19.6,85,0.0,0.0,0.0,0.0,3.18,5.1
2019-11-23,17.9,20.8,15.9,18.5,20.8,91,0.0,0.0,0.0,0.0,4.4,6.6
2019-11-24,16.5,19.6,12.5,16.0,19.6,91,1.3,1.3,0.0,5.0,9.26,15.1
2019-11-25,9.0,12.4,6.9,4.1,7.0,73,0.6,0.6,0.0,3.0,8.85,13.9
2019-11-26,9.0,11.7,6.9,6.1,9.3,73,1.2,1.2,0.0,4.0,4.3,7.0
2019-11-27,8.8,9.5,8.4,5.3,7.1,88,12.4,12.4,0.0,22.0,7.28,11.0
2019-11-28,8.2,10.0,6.5,3.6,5.5,71,0.2,0.2,0.0,1.0,7.22,11.2
2019-11-29,8.4,10.9,5.8,4.7,7.4,72,0.0,0.0,0.0,0.0,4.69,7.7
2019-11-30,10.1,11.7,7.8,8.7,10.9,87,11.5,11.5,0.0,12.0,2.55,4.9
2019-12-01,8.6,10.4,6.9,4.3,9.5,89,3.9,3.9,0.0,12.0,8.85,13.8
2019-12-02,6.7,9.4,4.7,2.2,4.7,64,0.0,0.0,0.0,0.0,7.14,11.4
2019-12-03,6.1,9.2,3.3,2.7,5.4,65,0.0,0.0,0.0,0.0,3.26,5.6
2019-12-04,7.4,11.0,4.0,4.4,7.8,69,0.0,0.0,0.0,0.0,2.9,4.8
2019-12-05,7.8,11.9,3.7,4.5,8.3,68,0.0,0.0,0.0,0.0,5.05,7.3
2019-12-06,7.3,10.0,3.6,3.1,5.5,68,0.0,0.0,0.0,0.0,6.09,10.5
2019-12-07,5.7,9.4,2.5,2.7,6.0,67,0.0,0.0,0.0,0.0,2.56,5.0
2019-12-08,6.1,10.5,1.8,3.1,7.7,72,0.0,0.0,0.0,0.0,3.52,5.3
2019-12-09,8.5,14.1,4.3,5.2,11.2,66,0.0,0.0,0.0,0.0,3.73,5.6
2019-12-10,9.6,14.8,5.3,7.2,12.8,71,0.0,0.0,0.0,0.0,2.95,4.4
2019-12-11,10.0,13.4,7.0,6.9,10.0,73,0.0,0.0,0.0,0.0,4.62,7.5
2019-12-12,8.5,12.4,5.5,5.4,9.4,71,0.0,0.0,0.0,0.0,4.52,6.9
2019-12-13,10.5,15.0,6.6,7.8,13.1,72,0.0,0.0,0.0,0.0,4.77,8.7
2019-12-14,10.3,13.9,7.4,7.6,11.4,82,0.0,0.0,0.0,0.0,4.98,8.2
2019-12-15,12.1,16.1,9.0,9.4,13.4,82,0.0,0.0,0.0,0.0,5.41,9.2
2019-12-16,14.7,18.6,12.0,13.5,18.1,84,0.0,0.0,0.0,0.0,5.1,8.2
2019-12-17,11.5,14.2,8.6,9.1,13.3,91,10.1,10.1,0.0,19.0,5.75,9.7
2019-12-18,7.8,9.2,5.3,3.6,4.7,78,4.5,4.5,0.0,17.0,6.3,9.8
2019-12-19,5.7,7.5,4.2,2.0,4.2,77,2.6,2.6,0.0,6.0,5.0,8.0
2019-12-20,6.6,8.8,4.6,3.4,5.8,80,2.0,2.0,0.0,5.0,4.61,8.1
2019-12-21,8.3,9.1,7.2,5.8,6.8,90,18.2,18.2,0.0,21.0,5.06,8.1
2019-12-22,9.0,10.0,8.2,7.0,8.1,94,12.2,12.2,0.0,9.0,3.86,6.3
2019-12-23,9.3,11.6,7.2,6.8,9.3,86,4.2,4.2,0.0,8.0,4.97,8.0
2019-12-24,9.8,11.1,8.9,7.0,8.7,88,7.3,7.3,0.0,11.0,5.66,8.7
2019-12-25,11.4,13.2,9.8,10.0,13.2,90,9.8,9.8,0.0,12.0,3.89,6.7
2019-12-26,8.3,11.7,5.3,3.6,9.7,84,1.1,1.1,0.0,5.0,8.73,13.9
2019-12-27,5.3,7.4,3.5,1.3,4.0,58,0.0,0.0,0.0,0.0,5.41,8.1
2019-12-28,6.9,11.0,1.9,3.5,7.5,75,0.0,0.0,0.0,0.0,4.17,7.3
2019-12-29,9.9,10.8,8.3,8.0,9.2,87,2.7,2.7,0.0,8.0,3.88,6.4
2019-12-30,8.6,12.2,5.7,5.2,8.8,82,0.0,0.0,0.0,0.0,8.35,13.2
2019-12-31,2.7,6.1,-0.7,-2.5,0.1,63,0.0,0.0,0.0,0.0,9.07,13.9
