time,temperature_2m_mean,temperature_2m_max,temperature_2m_min,apparent_temperature_mean,apparent_temperature_max,relative_humidity_2m_mean,precipitation_sum,rain_sum,snowfall_sum,precipitation_hours,wind_speed_10m_max,wind_gusts_10m_max
2010-01-01,2.8,8.2,-1.8,-1.4,3.5,50,0.0,0.0,0.0,0.0,4.4,9.4
2010-01-02,4.8,10.3,-0.1,0.9,6.2,51,0.0,0.0,0.0,0.0,3.84,5.6
2010-01-03,4.1,8.8,-0.2,0.1,5.2,61,0.0,0.0,0.0,0.0,6.23,8.6
2010-01-04,4.3,7.3,0.7,0.1,3.5,60,0.0,0.0,0.0,0.0,6.24,7.5
2010-01-05,7.2,12.3,3.2,2.9,7.4,60,1.4,1.4,0.0,4.0,7.21,10.0
2010-01-06,4.8,9.1,1.8,-0.1,3.8,49,0.0,0.0,0.0,0.0,6.11,9.1
2010-01-07,5.0,10.7,-0.0,0.6,5.0,56,0.0,0.0,0.0,0.0,5.74,11.1
2010-01-08,5.4,10.6,1.9,1.8,6.4,60,0.0,0.0,0.0,0.0,3.36,8.0
2010-01-09,5.1,9.2,0.7,1.5,6.0,56,0.0,0.0,0.0,0.0,3.2,4.5
2010-01-10,5.1,10.4,0.5,1.0,5.0,56,0.0,0.0,0.0,0.0,5.46,8.5
2010-01-11,3.7,6.1,1.7,0.0,2.5,70,0.0,0.0,0.0,0.0,3.66,7.0
2010-01-12,3.4,4.5,1.6,0.4,1.4,83,6.2,6.2,0.0,12.0,3.42,5.1
2010-01-13,4.3,8.1,-0.1,-0.7,1.4,56,1.4,1.4,0.0,4.0,10.1,15.4
2010-01-14,1.3,5.5,-2.1,-2.8,1.7,57,0.0,0.0,0.0,0.0,4.81,7.3
2010-01-15,2.5,7.6,-2.0,-1.1,4.1,57,0.0,0.0,0.0,0.0,3.7,6.1
2010-01-16,2.2,6.2,-0.6,-3.1,0.5,52,0.0,0.0,0.0,0.0,7.68,11.5
2010-01-17,2.9,8.0,-1.5,-1.4,4.7,53,0.0,0.0,0.0,0.0,3.77,5.5
2010-01-18,3.1,7.9,-1.0,-0.4,4.3,68,0.0,0.0,0.0,0.0,3.18,4.9
2010-01-19,6.6,13.5,-0.3,3.5,10.5,69,0.0,0.0,0.0,0.0,3.0,4.6
2010-01-20,9.3,15.7,2.9,6.2,11.4,71,0.0,0.0,0.0,0.0,7.34,9.9
2010-01-21,11.6,16.3,6.4,7.7,13.6,69,1.0,1.0,0.0,5.0,8.44,12.8
2010-01-22,5.3,7.7,2.9,-0.2,4.1,48,0.0,0.0,0.0,0.0,9.61,15.2
2010-01-23,4.6,7.9,1.0,0.8,4.6,62,0.2,0.2,0.0,1.0,5.35,8.4
2010-01-24,4.7,9.5,-1.0,1.0,5.8,64,0.0,0.0,0.0,0.0,5.02,6.6
2010-01-25,6.3,13.6,0.8,2.9,9.1,67,0.0,0.0,0.0,0.0,5.33,9.0
2010-01-26,5.6,9.0,2.0,-0.4,2.1,45,0.0,0.0,0.0,0.0,7.45,14.2
2010-01-27,5.9,11.8,0.8,2.0,6.7,54,0.0,0.0,0.0,0.0,6.55,10.6
2010-01-28,9.9,15.1,5.1,6.8,13.3,76,0.9,0.9,0.0,6.0,8.56,12.9
2010-01-29,6.8,8.8,5.1,3.9,5.3,81,4.7,4.7,0.0,7.0,5.69,9.0
2010-01-30,6.8,11.5,2.3,3.4,8.1,69,0.3,0.3,0.0,2.0,4.72,7.5
2010-01-31,7.7,11.5,3.3,4.8,8.8,72,0.3,0.3,0.0,1.0,3.5,5.6
2010-02-01,4.8,9.1,1.3,0.8,4.9,84,17.7,11.7,4.2,10.0,7.53,11.3
2010-02-02,3.8,7.5,1.6,0.1,5.0,79,1.2,1.1,0.07,3.0,5.71,10.2
2010-02-03,2.3,5.0,0.2,-1.6,1.6,68,2.3,1.4,0.7,6.0,4.22,7.5
2010-02-04,1.7,5.7,-1.9,-2.1,1.4,67,0.0,0.0,0.0,0.0,3.33,6.0
2010-02-05,3.2,8.9,-1.4,-0.7,5.5,62,0.0,0.0,0.0,0.0,3.51,7.2
2010-02-06,1.6,5.7,-1.5,-4.0,-0.9,53,0.2,0.0,0.14,1.0,10.32,16.5
2010-02-07,3.8,8.7,-1.2,-2.4,1.7,47,0.0,0.0,0.0,0.0,12.23,19.4
2010-02-08,4.7,10.0,-0.5,1.1,5.8,63,0.0,0.0,0.0,0.0,4.3,6.9
2010-02-09,9.7,18.1,2.3,7.3,15.5,74,0.0,0.0,0.0,0.0,5.53,9.0
2010-02-10,8.0,9.9,5.9,4.8,7.8,80,0.6,0.6,0.0,3.0,4.98,7.6
2010-02-11,4.3,5.4,1.4,0.1,1.7,82,13.7,11.6,1.47,13.0,6.63,10.9
2010-02-12,3.0,4.7,1.2,-0.8,1.2,79,2.3,1.4,0.63,6.0,5.22,9.8
2010-02-13,1.8,3.0,1.0,-2.2,-0.9,79,2.8,0.8,1.47,17.0,3.83,5.9
2010-02-14,3.4,7.0,-0.2,-0.0,3.1,75,0.0,0.0,0.0,0.0,4.24,6.9
2010-02-15,4.9,6.3,2.5,1.3,2.6,82,10.0,10.0,0.0,12.0,6.8,11.0
2010-02-16,4.2,5.0,3.3,-0.0,1.3,71,0.4,0.4,0.0,3.0,6.67,10.8
2010-02-17,3.0,4.4,1.7,-0.9,0.5,72,0.6,0.6,0.0,5.0,3.72,7.2
2010-02-18,3.3,6.1,0.9,-0.3,3.8,79,5.2,1.4,2.66,11.0,4.61,8.0
2010-02-19,4.1,8.1,0.8,1.0,5.0,80,1.5,1.5,0.0,6.0,3.36,6.1
2010-02-20,5.2,10.1,0.5,2.0,7.3,69,0.0,0.0,0.0,0.0,5.0,6.5
2010-02-21,4.9,8.6,1.0,0.8,4.6,60,0.0,0.0,0.0,0.0,4.34,7.2
2010-02-22,6.2,9.9,3.8,3.1,7.7,73,0.0,0.0,0.0,0.0,3.32,5.6
2010-02-23,8.1,14.5,2.3,5.7,11.8,76,0.0,0.0,0.0,0.0,3.68,5.5
2010-02-24,10.8,15.8,8.1,8.7,13.5,75,0.0,0.0,0.0,0.0,3.51,5.8
2010-02-25,11.7,17.1,6.4,9.0,12.8,79,0.0,0.0,0.0,0.0,8.12,12.2
2010-02-26,15.5,17.3,13.6,12.2,13.6,80,6.3,6.3,0.0,10.0,10.15,15.5
2010-02-27,11.8,15.1,8.0,9.5,14.0,83,20.1,20.1,0.0,12.0,6.85,17.3
2010-02-28,5.9,7.6,3.2,2.5,5.5,87,14.7,14.7,0.0,11.0,5.26,9.5
2010-03-01,9.1,14.2,6.2,6.5,11.7,84,1.6,1.6,0.0,5.0,5.58,8.6
2010-03-02,5.8,6.7,4.7,1.8,3.0,82,2.0,2.0,0.0,8.0,6.17,10.5
2010-03-03,7.6,12.4,4.0,4.9,10.0,75,0.0,0.0,0.0,0.0,3.51,5.9
2010-03-04,7.3,10.3,5.2,3.7,7.0,70,4.1,4.1,0.0,6.0,5.68,6.0
2010-03-05,11.9,18.4,5.2,10.2,18.2,82,5.9,5.9,0.0,6.0,6.16,17.0
2010-03-06,11.5,12.7,9.6,9.8,11.3,86,8.7,8.7,0.0,12.0,4.3,7.6
2010-03-07,6.2,9.2,3.5,2.2,6.6,81,11.6,11.6,0.0,22.0,6.98,11.5
2010-03-08,5.5,8.5,3.1,1.3,4.3,70,0.5,0.5,0.0,3.0,5.66,10.7
2010-03-09,3.5,5.4,1.1,-1.2,1.1,81,19.5,15.1,3.08,13.0,9.24,13.8
2010-03-10,5.8,11.6,2.1,1.6,7.0,82,13.4,13.4,0.0,7.0,9.47,13.7
2010-03-11,6.7,12.1,0.7,2.4,7.2,59,0.0,0.0,0.0,0.0,7.85,11.9
2010-03-12,8.3,13.7,1.8,4.5,11.4,67,0.0,0.0,0.0,0.0,7.62,11.5
2010-03-13,13.8,20.4,8.5,10.3,17.0,67,0.0,0.0,0.0,0.0,9.28,14.2
2010-03-14,9.3,12.4,6.3,6.5,8.6,67,0.0,0.0,0.0,0.0,4.37,7.3
2010-03-15,12.2,16.2,7.1,9.6,13.2,76,2.3,2.3,0.0,4.0,8.43,16.5
2010-03-16,15.4,20.1,10.0,13.5,19.5,80,14.7,14.7,0.0,11.0,6.99,15.5
2010-03-17,8.1,9.9,6.0,3.7,6.0,54,0.0,0.0,0.0,0.0,6.96,11.0
2010-03-18,8.4,11.9,5.1,4.9,7.9,71,0.4,0.4,0.0,2.0,6.58,9.3
2010-03-19,7.8,11.6,4.4,4.1,8.3,71,0.6,0.6,0.0,3.0,6.3,10.1
2010-03-20,13.0,19.6,4.7,9.7,15.3,72,0.0,0.0,0.0,0.0,10.55,17.4
2010-03-21,14.8,18.7,5.9,9.2,15.7,52,1.9,1.9,0.0,4.0,17.88,27.6
2010-03-22,8.2,11.5,4.1,4.0,8.9,51,0.0,0.0,0.0,0.0,6.31,9.6
2010-03-23,10.3,13.1,7.7,8.0,11.3,71,3.2,3.2,0.0,6.0,3.54,5.3
2010-03-24,7.0,9.4,3.2,3.5,7.6,83,19.4,19.4,0.0,24.0,6.6,9.9
2010-03-25,5.1,7.1,2.7,1.5,4.6,86,25.0,25.0,0.0,23.0,5.92,9.9
2010-03-26,7.4,10.1,5.4,4.1,7.9,67,2.9,2.9,0.0,7.0,5.35,9.6
2010-03-27,7.1,10.5,3.8,3.2,6.4,66,0.2,0.2,0.0,2.0,7.86,12.6
2010-03-28,5.6,7.4,4.1,1.1,3.6,72,0.8,0.8,0.0,6.0,5.6,10.3
2010-03-29,4.2,7.3,1.0,-0.6,3.5,71,3.0,3.0,0.0,10.0,7.56,11.6
2010-03-30,4.7,9.5,0.0,0.0,6.3,48,0.0,0.0,0.0,0.0,7.08,10.6
2010-03-31,8.1,14.1,0.8,5.1,9.9,67,0.0,0.0,0.0,0.0,5.0,9.0
2010-04-01,13.3,20.0,5.5,9.6,15.5,72,0.0,0.0,0.0,0.0,12.9,20.0
2010-04-02,14.6,19.4,10.1,10.7,16.6,78,15.4,15.4,0.0,18.0,13.5,24.5
2010-04-03,10.2,12.4,7.8,7.2,9.6,67,0.4,0.4,0.0,3.0,4.49,8.8
2010-04-04,8.1,10.4,4.8,5.0,7.2,67,0.0,0.0,0.0,0.0,3.6,5.5
2010-04-05,9.4,11.1,7.7,7.3,9.9,84,12.6,12.6,0.0,16.0,3.48,11.9
2010-04-06,13.3,18.5,7.9,11.7,17.2,79,0.1,0.1,0.0,1.0,7.0,11.9
2010-04-07,11.1,13.8,7.8,8.5,12.1,79,6.1,6.1,0.0,11.0,5.88,9.3
2010-04-08,8.3,12.7,4.3,4.5,9.1,59,0.0,0.0,0.0,0.0,5.0,9.1
2010-04-09,9.7,13.6,4.7,6.6,9.7,65,0.0,0.0,0.0,0.0,4.72,8.4
2010-04-10,14.0,17.6,9.2,12.4,15.9,72,0.0,0.0,0.0,0.0,4.22,7.6
2010-04-11,15.8,20.9,12.6,15.2,21.8,75,1.3,1.3,0.0,6.0,8.58,12.7
2010-04-12,8.9,13.0,6.1,4.8,11.7,80,23.3,23.3,0.0,18.0,7.73,11.9
2010-04-13,14.1,18.8,7.0,11.9,19.1,79,13.9,13.9,0.0,6.0,8.1,12.0
2010-04-14,12.5,14.2,10.4,9.4,13.5,61,0.9,0.9,0.0,4.0,6.51,11.3
2010-04-15,6.7,9.3,5.4,3.4,5.2,78,10.8,10.8,0.0,17.0,5.71,8.4
2010-04-16,5.6,7.7,2.8,1.1,3.3,74,10.4,10.4,0.0,18.0,6.17,10.6
2010-04-17,5.9,10.9,1.5,1.6,8.2,83,26.3,25.6,0.49,12.0,8.63,14.5
2010-04-18,11.0,15.3,6.2,8.8,14.5,68,0.1,0.1,0.0,1.0,4.93,7.8
2010-04-19,13.7,18.1,9.1,12.0,16.8,70,0.0,0.0,0.0,0.0,4.63,8.1
2010-04-20,14.5,17.2,11.9,13.1,15.0,78,5.7,5.7,0.0,10.0,6.07,12.3
2010-04-21,17.3,22.4,12.3,16.5,22.9,70,0.4,0.4,0.0,2.0,7.22,10.2
2010-04-22,8.9,13.1,6.8,4.6,9.0,77,26.5,26.5,0.0,17.0,7.97,12.7
2010-04-23,8.5,9.5,7.7,6.0,7.8,83,6.7,6.7,0.0,24.0,5.74,9.5
2010-04-24,10.3,14.4,7.2,7.3,10.7,63,0.8,0.8,0.0,5.0,4.8,8.4
2010-04-25,11.0,15.9,4.2,8.3,13.5,62,0.0,0.0,0.0,0.0,6.77,10.5
2010-04-26,12.9,18.5,6.6,10.4,17.3,59,0.0,0.0,0.0,0.0,5.77,9.0
2010-04-27,12.0,14.3,10.1,9.6,11.7,75,7.3,7.3,0.0,13.0,5.44,11.4
2010-04-28,14.0,15.4,12.5,12.1,14.5,86,39.0,39.0,0.0,17.0,6.86,13.3
2010-04-29,16.6,21.1,12.5,13.5,17.9,70,0.0,0.0,0.0,0.0,11.45,19.8
2010-04-30,13.8,18.7,9.4,11.3,15.6,64,0.6,0.6,0.0,3.0,5.24,10.0
2010-05-01,14.7,19.2,9.4,13.1,18.8,59,0.0,0.0,0.0,0.0,4.51,7.6
2010-05-02,15.7,20.7,9.7,14.3,20.4,62,0.0,0.0,0.0,0.0,4.29,6.8
2010-05-03,17.4,22.6,11.9,16.0,20.8,66,0.0,0.0,0.0,0.0,7.68,12.7
2010-05-04,19.1,23.9,14.7,18.8,24.6,70,0.0,0.0,0.0,0.0,5.41,8.6
2010-05-05,20.3,25.1,16.4,21.4,28.4,77,0.0,0.0,0.0,0.0,5.63,9.0
2010-05-06,21.3,26.1,17.9,20.1,24.6,70,0.0,0.0,0.0,0.0,10.01,16.3
2010-05-07,19.7,21.5,18.5,18.3,20.6,81,7.5,7.5,0.0,10.0,9.24,16.7
2010-05-08,19.1,22.3,16.4,18.3,23.3,68,0.0,0.0,0.0,0.0,7.18,11.1
2010-05-09,19.7,24.1,15.5,19.0,24.4,59,0.1,0.1,0.0,1.0,5.65,8.9
2010-05-10,17.9,20.9,15.0,17.1,21.0,68,0.0,0.0,0.0,0.0,4.23,6.6
2010-05-11,16.6,18.0,15.5,16.3,18.1,80,11.3,11.3,0.0,14.0,4.55,7.8
2010-05-12,16.0,19.8,12.0,13.6,16.9,66,6.7,6.7,0.0,13.0,6.68,11.3
2010-05-13,15.1,19.1,10.1,11.3,15.9,46,0.0,0.0,0.0,0.0,6.54,10.6
2010-05-14,14.5,17.5,11.5,12.0,14.9,59,0.1,0.1,0.0,1.0,4.32,7.7
2010-05-15,14.4,17.5,11.4,12.1,14.8,58,0.0,0.0,0.0,0.0,3.72,6.6
2010-05-16,16.4,20.5,12.2,15.4,18.3,68,0.0,0.0,0.0,0.0,5.61,9.2
2010-05-17,18.7,24.2,13.9,19.1,25.4,73,0.0,0.0,0.0,0.0,5.06,8.3
2010-05-18,20.4,24.3,16.5,19.0,22.8,65,0.0,0.0,0.0,0.0,9.73,15.0
2010-05-19,19.8,22.0,17.7,17.8,20.0,73,5.8,5.8,0.0,8.0,7.65,13.8
2010-05-20,19.9,21.5,18.7,20.3,23.8,87,19.1,19.1,0.0,23.0,7.42,11.9
2010-05-21,22.6,28.2,17.6,23.6,29.9,69,0.7,0.7,0.0,3.0,5.72,9.1
2010-05-22,21.4,25.1,17.2,22.0,27.5,68,0.0,0.0,0.0,0.0,4.31,6.3
2010-05-23,17.9,19.0,16.0,18.4,19.8,84,23.2,23.2,0.0,16.0,4.11,7.0
2010-05-24,18.3,20.6,15.9,18.7,21.8,89,20.0,20.0,0.0,19.0,5.81,10.4
2010-05-25,21.5,25.4,18.0,21.0,26.3,75,0.0,0.0,0.0,0.0,9.88,16.1
2010-05-26,17.9,20.1,14.5,17.5,19.8,81,11.3,11.3,0.0,15.0,7.41,9.4
2010-05-27,17.4,21.4,13.6,16.9,22.2,70,5.5,5.5,0.0,8.0,5.52,9.0
2010-05-28,17.6,21.4,14.1,16.1,20.1,62,0.0,0.0,0.0,0.0,5.72,7.3
2010-05-29,15.3,16.3,14.3,13.8,15.4,75,0.3,0.3,0.0,2.0,3.98,6.0
2010-05-30,14.5,16.3,12.8,12.6,14.2,71,0.5,0.5,0.0,3.0,4.38,7.8
2010-05-31,16.2,20.2,12.1,15.0,18.7,63,0.0,0.0,0.0,0.0,3.61,5.3
2010-06-01,16.9,21.4,12.9,15.8,21.5,64,0.0,0.0,0.0,0.0,3.71,7.2
2010-06-02,17.7,23.1,12.0,17.3,24.0,64,0.0,0.0,0.0,0.0,3.64,5.9
2010-06-03,19.2,24.4,13.5,19.0,25.1,66,0.0,0.0,0.0,0.0,5.39,8.6
2010-06-04,20.6,24.0,17.0,20.5,24.3,68,0.0,0.0,0.0,0.0,6.32,11.4
2010-06-05,19.5,24.5,16.3,20.0,25.7,76,1.5,1.5,0.0,6.0,4.25,8.6
2010-06-06,20.0,24.9,15.3,20.6,26.2,71,0.0,0.0,0.0,0.0,5.7,8.0
2010-06-07,21.8,26.6,17.5,23.3,29.3,72,0.0,0.0,0.0,0.0,4.54,6.1
2010-06-08,20.2,21.9,18.9,21.3,22.5,77,1.5,1.5,0.0,7.0,3.03,4.6
2010-06-09,19.2,21.3,17.5,19.4,21.7,77,6.0,6.0,0.0,8.0,3.71,7.9
2010-06-10,21.3,26.4,16.6,21.9,28.0,71,0.0,0.0,0.0,0.0,5.18,8.0
2010-06-11,21.5,25.2,18.1,22.6,26.8,75,0.0,0.0,0.0,0.0,5.39,8.2
2010-06-12,23.3,27.2,19.8,24.8,29.0,75,0.0,0.0,0.0,0.0,6.94,10.6
2010-06-13,22.3,24.5,20.3,22.6,24.1,77,0.3,0.3,0.0,2.0,7.3,12.3
2010-06-14,19.1,20.4,17.9,19.2,21.7,86,18.1,18.1,0.0,18.0,7.6,10.6
2010-06-15,22.4,26.3,17.9,23.9,29.7,79,0.2,0.2,0.0,1.0,7.03,10.8
2010-06-16,24.7,29.0,21.8,27.1,32.1,82,16.0,16.0,0.0,12.0,6.6,11.6
2010-06-17,25.2,29.7,21.9,28.0,33.1,75,0.0,0.0,0.0,0.0,4.5,7.0
2010-06-18,23.6,27.0,20.9,26.3,31.5,83,22.1,22.1,0.0,11.0,6.41,10.8
2010-06-19,24.0,27.6,21.1,26.8,31.5,83,10.7,10.7,0.0,9.0,7.12,14.9
2010-06-20,24.6,26.9,22.7,26.6,28.6,83,0.0,0.0,0.0,0.0,9.53,14.4
2010-06-21,24.6,27.4,22.7,27.2,29.9,80,1.3,1.3,0.0,2.0,6.94,9.4
2010-06-22,25.0,28.2,22.5,28.4,32.3,80,0.0,0.0,0.0,0.0,3.57,5.7
2010-06-23,23.4,24.9,22.5,26.7,28.7,88,31.3,31.3,0.0,12.0,5.32,9.4
2010-06-24,23.8,27.6,21.4,26.0,29.7,75,0.0,0.0,0.0,0.0,4.16,6.1
2010-06-25,24.4,28.7,20.8,27.0,32.5,74,0.0,0.0,0.0,0.0,5.04,7.8
2010-06-26,24.7,26.9,23.0,27.3,28.8,82,2.5,2.5,0.0,8.0,5.87,8.7
2010-06-27,25.0,27.0,23.2,28.3,30.8,87,23.5,23.5,0.0,20.0,6.14,9.8
2010-06-28,26.7,31.5,23.4,31.6,35.6,81,2.9,2.9,0.0,11.0,3.1,5.2
2010-06-29,25.5,28.3,23.3,28.9,30.9,83,2.6,2.6,0.0,9.0,4.96,6.3
2010-06-30,24.8,27.4,22.7,27.8,31.0,81,8.6,8.6,0.0,10.0,4.21,6.6
2010-07-01,25.3,28.5,22.9,29.5,33.4,81,0.0,0.0,0.0,0.0,4.04,6.9
2010-07-02,25.6,28.9,23.4,29.5,32.2,81,0.0,0.0,0.0,0.0,5.1,9.3
2010-07-03,25.3,27.9,23.5,28.8,30.9,84,7.8,7.8,0.0,10.0,6.89,10.7
2010-07-04,26.8,31.3,23.5,31.2,35.8,78,14.3,14.3,0.0,8.0,3.4,7.6
2010-07-05,26.1,29.3,24.3,30.1,32.3,83,4.7,4.7,0.0,11.0,4.92,7.3
2010-07-06,26.2,29.3,24.2,30.7,32.7,83,0.8,0.8,0.0,6.0,4.26,7.5
2010-07-07,24.8,27.0,23.0,28.6,31.1,86,25.3,25.3,0.0,23.0,4.41,7.3
2010-07-08,25.6,29.2,22.7,29.2,33.9,80,19.2,19.2,0.0,4.0,5.39,9.0
2010-07-09,24.9,26.8,23.0,27.8,30.5,85,16.9,16.9,0.0,11.0,10.22,20.8
2010-07-10,26.3,29.6,23.1,28.9,33.2,74,1.4,1.4,0.0,2.0,9.0,19.8
2010-07-11,25.4,27.8,22.9,28.2,30.9,81,2.3,2.3,0.0,8.0,10.03,16.7
2010-07-12,26.5,27.7,25.8,27.2,30.0,81,4.2,4.2,0.0,4.0,12.69,19.7
2010-07-13,23.3,25.0,20.0,26.3,29.7,85,5.3,5.3,0.0,14.0,3.74,10.4
2010-07-14,24.8,28.9,20.0,26.8,29.9,82,0.0,0.0,0.0,0.0,9.34,15.7
2010-07-15,26.6,29.6,24.2,29.1,32.0,80,0.0,0.0,0.0,0.0,7.45,12.3
2010-07-16,26.8,30.5,23.3,30.3,33.9,79,0.0,0.0,0.0,0.0,5.56,8.4
2010-07-17,27.2,30.8,24.5,30.8,34.6,78,0.0,0.0,0.0,0.0,6.5,11.4
2010-07-18,27.2,30.4,23.8,30.2,34.3,76,0.0,0.0,0.0,0.0,6.92,11.7
2010-07-19,28.1,32.1,24.5,32.2,36.5,74,0.0,0.0,0.0,0.0,4.72,7.9
2010-07-20,29.2,33.3,25.5,34.7,41.0,74,0.0,0.0,0.0,0.0,3.69,6.2
2010-07-21,30.0,34.9,25.9,35.2,40.5,71,0.0,0.0,0.0,0.0,3.77,5.7
2010-07-22,29.9,34.4,26.1,35.2,40.5,72,0.0,0.0,0.0,0.0,4.05,6.9
2010-07-23,30.1,34.6,26.7,35.6,41.5,72,0.0,0.0,0.0,0.0,3.93,6.2
2010-07-24,29.8,33.9,26.8,35.5,41.6,73,0.0,0.0,0.0,0.0,3.2,6.7
2010-07-25,28.8,33.0,25.2,34.0,39.3,74,2.4,2.4,0.0,3.0,4.33,6.4
2010-07-26,27.8,31.9,25.2,32.4,37.1,76,0.0,0.0,0.0,0.0,4.73,7.5
2010-07-27,28.5,32.7,25.5,32.2,36.2,73,0.0,0.0,0.0,0.0,6.95,11.2
2010-07-28,28.7,32.9,25.3,31.1,34.8,70,0.0,0.0,0.0,0.0,9.39,15.2
2010-07-29,25.8,27.1,25.1,26.4,27.5,80,19.8,19.8,0.0,16.0,10.6,18.2
2010-07-30,26.4,29.1,24.8,29.3,33.1,85,13.0,13.0,0.0,12.0,9.32,17.9
2010-07-31,28.3,31.7,25.5,34.1,38.4,82,1.6,1.6,0.0,6.0,3.45,7.1
2010-08-01,28.7,32.2,25.9,34.3,38.9,81,0.0,0.0,0.0,0.0,4.3,6.9
2010-08-02,28.3,30.3,26.5,32.2,34.0,82,0.0,0.0,0.0,0.0,7.01,11.3
2010-08-03,28.4,31.1,26.1,31.6,35.1,78,0.0,0.0,0.0,0.0,6.7,12.1
2010-08-04,28.7,31.6,26.2,32.1,35.5,76,0.0,0.0,0.0,0.0,7.05,12.2
2010-08-05,29.0,32.4,26.3,32.5,36.2,74,0.0,0.0,0.0,0.0,7.03,11.1
2010-08-06,28.6,31.9,26.4,32.0,35.8,75,0.0,0.0,0.0,0.0,6.81,11.8
2010-08-07,28.3,32.1,25.1,31.2,35.0,70,0.0,0.0,0.0,0.0,6.17,11.1
2010-08-08,28.3,31.5,25.0,31.8,35.1,71,0.0,0.0,0.0,0.0,5.1,8.2
2010-08-09,26.3,27.9,25.2,30.5,31.8,84,48.4,48.4,0.0,20.0,5.14,8.4
2010-08-10,27.3,29.5,25.4,31.4,33.0,82,17.2,17.2,0.0,10.0,5.33,9.5
2010-08-11,27.7,30.3,25.7,31.2,33.6,81,0.0,0.0,0.0,0.0,7.43,12.6
2010-08-12,27.6,29.6,26.2,29.6,31.4,82,5.7,5.7,0.0,9.0,11.99,20.0
2010-08-13,27.2,30.0,25.4,31.7,33.8,81,2.6,2.6,0.0,9.0,4.24,6.2
2010-08-14,27.6,30.7,25.0,32.0,34.0,82,0.0,0.0,0.0,0.0,6.11,9.4
2010-08-15,29.4,32.9,26.5,34.7,38.9,77,0.0,0.0,0.0,0.0,4.06,6.6
2010-08-16,30.3,34.4,26.7,37.1,42.2,77,0.0,0.0,0.0,0.0,3.01,5.2
2010-08-17,30.2,34.3,27.2,35.8,40.6,74,0.3,0.3,0.0,1.0,4.54,6.6
2010-08-18,29.1,33.0,26.6,34.1,39.0,76,7.6,7.6,0.0,8.0,4.93,7.4
2010-08-19,27.7,31.1,25.6,31.7,34.4,78,1.4,1.4,0.0,4.0,4.67,6.9
2010-08-20,26.8,29.9,24.7,30.0,33.1,73,0.0,0.0,0.0,0.0,4.31,6.6
2010-08-21,27.5,31.6,24.3,31.4,35.6,74,0.0,0.0,0.0,0.0,4.4,6.9
2010-08-22,28.6,32.6,25.3,33.3,38.5,77,0.0,0.0,0.0,0.0,4.13,8.0
2010-08-23,28.9,32.9,26.0,33.7,38.5,77,0.0,0.0,0.0,0.0,5.1,8.6
2010-08-24,28.7,32.6,26.4,33.0,38.0,76,0.0,0.0,0.0,0.0,5.69,10.4
2010-08-25,28.8,32.6,25.9,33.3,38.0,75,0.0,0.0,0.0,0.0,5.46,9.6
2010-08-26,28.6,32.6,25.1,33.1,37.4,75,0.0,0.0,0.0,0.0,5.12,8.4
2010-08-27,28.7,32.3,25.8,34.1,38.7,77,0.0,0.0,0.0,0.0,3.76,6.6
2010-08-28,29.0,33.1,25.9,33.2,37.5,72,0.0,0.0,0.0,0.0,5.41,10.9
2010-08-29,29.2,33.6,24.9,34.1,39.6,71,0.0,0.0,0.0,0.0,3.16,6.9
2010-08-30,29.9,34.8,26.1,34.9,39.8,70,0.0,0.0,0.0,0.0,3.5,6.5
2010-08-31,30.2,35.3,26.3,35.2,39.1,70,0.0,0.0,0.0,0.0,3.65,7.5
2010-09-01,29.9,34.5,26.6,34.6,38.6,71,0.0,0.0,0.0,0.0,4.85,7.5
2010-09-02,29.5,33.7,26.6,32.8,36.3,66,0.0,0.0,0.0,0.0,6.68,10.3
2010-09-03,29.5,34.0,25.3,33.0,37.6,67,0.0,0.0,0.0,0.0,5.87,9.7
2010-09-04,30.5,34.6,26.8,34.0,38.9,59,0.0,0.0,0.0,0.0,5.32,8.9
2010-09-05,29.7,33.3,26.9,33.2,36.3,67,0.0,0.0,0.0,0.0,6.46,10.1
2010-09-06,29.5,33.4,27.0,32.7,36.7,71,0.0,0.0,0.0,0.0,7.96,12.6
2010-09-07,30.0,34.5,26.3,32.4,36.3,65,0.3,0.3,0.0,1.0,7.25,12.0
2010-09-08,25.6,27.8,23.0,28.4,32.3,82,33.6,33.6,0.0,19.0,7.31,14.3
2010-09-09,24.5,28.2,21.8,25.3,29.9,71,1.8,1.8,0.0,5.0,7.81,12.9
2010-09-10,24.9,28.4,21.8,27.5,31.4,71,0.0,0.0,0.0,0.0,4.92,8.0
2010-09-11,27.4,31.3,23.8,32.0,35.9,78,0.0,0.0,0.0,0.0,4.51,7.2
2010-09-12,27.8,31.8,25.2,32.2,36.3,78,0.0,0.0,0.0,0.0,5.28,8.1
2010-09-13,27.8,32.3,25.1,32.3,37.8,76,4.1,4.1,0.0,6.0,5.7,7.3
2010-09-14,25.5,29.0,23.0,27.9,31.9,74,6.2,6.2,0.0,13.0,6.22,6.7
2010-09-15,22.8,25.1,21.4,23.4,25.3,71,1.8,1.8,0.0,4.0,4.89,8.1
2010-09-16,21.3,22.9,20.1,23.0,24.7,87,49.4,49.4,0.0,21.0,5.1,10.3
2010-09-17,23.3,28.0,19.0,26.3,30.9,77,0.0,0.0,0.0,0.0,1.84,4.1
2010-09-18,24.5,28.1,21.2,26.5,30.2,72,0.0,0.0,0.0,0.0,3.5,5.9
2010-09-19,24.6,28.4,20.9,27.8,31.0,78,0.0,0.0,0.0,0.0,4.03,6.5
2010-09-20,24.7,26.6,22.9,28.6,30.5,83,0.1,0.1,0.0,1.0,2.86,5.4
2010-09-21,26.2,30.6,22.0,30.6,35.6,79,0.0,0.0,0.0,0.0,3.2,4.1
2010-09-22,26.5,31.2,22.8,30.6,36.4,80,1.0,1.0,0.0,2.0,7.16,11.7
2010-09-23,19.5,22.4,17.3,19.5,24.6,86,18.3,18.3,0.0,24.0,8.01,11.4
2010-09-24,17.7,19.0,15.9,16.0,17.6,76,13.4,13.4,0.0,23.0,7.83,11.0
2010-09-25,17.8,22.8,15.2,14.9,20.7,67,10.6,10.6,0.0,12.0,10.43,16.1
2010-09-26,18.6,23.1,14.2,18.2,22.1,67,5.9,5.9,0.0,5.0,3.52,5.9
2010-09-27,16.7,17.2,16.3,15.8,17.4,87,76.0,76.0,0.0,23.0,7.15,13.2
2010-09-28,19.5,24.0,16.5,20.7,25.9,87,50.0,50.0,0.0,14.0,4.46,15.1
2010-09-29,21.0,22.1,19.3,21.4,22.6,71,0.0,0.0,0.0,0.0,3.71,6.0
2010-09-30,18.7,19.6,18.3,19.7,20.7,86,23.6,23.6,0.0,17.0,3.5,6.0
2010-10-01,20.1,23.5,17.6,20.9,24.1,81,0.0,0.0,0.0,0.0,3.67,6.5
2010-10-02,19.8,23.6,17.1,20.0,23.1,76,0.0,0.0,0.0,0.0,3.83,7.4
2010-10-03,19.4,22.7,15.3,20.1,24.0,79,0.0,0.0,0.0,0.0,2.92,6.0
2010-10-04,20.7,23.6,19.0,23.0,26.3,88,1.3,1.3,0.0,7.0,3.04,8.8
2010-10-05,21.1,23.3,19.0,22.1,24.1,77,2.4,2.4,0.0,7.0,4.4,6.6
2010-10-06,20.5,23.9,17.8,20.7,23.7,75,0.5,0.5,0.0,3.0,3.94,7.4
2010-10-07,20.1,23.4,16.9,19.9,22.6,75,0.1,0.1,0.0,1.0,5.1,8.6
2010-10-08,19.9,23.3,17.2,19.7,22.9,75,0.0,0.0,0.0,0.0,4.46,7.6
2010-10-09,17.0,18.0,16.4,16.7,17.8,89,45.2,45.2,0.0,18.0,5.42,12.2
2010-10-10,19.9,24.0,17.2,21.6,26.7,87,30.0,30.0,0.0,12.0,3.81,10.6
2010-10-11,22.1,26.8,17.1,23.3,27.6,74,0.0,0.0,0.0,0.0,4.54,6.6
2010-10-12,21.7,24.3,19.1,23.8,25.6,83,0.8,0.8,0.0,3.0,4.24,6.4
2010-10-13,21.6,24.6,19.4,23.6,26.5,81,2.9,2.9,0.0,6.0,2.63,5.0
2010-10-14,20.6,22.7,18.6,21.5,23.2,79,0.8,0.8,0.0,4.0,3.55,6.3
2010-10-15,20.6,23.7,18.6,22.1,25.0,80,0.8,0.8,0.0,4.0,2.8,5.5
2010-10-16,20.6,23.5,18.7,20.9,23.3,73,0.4,0.4,0.0,3.0,4.27,6.2
2010-10-17,19.4,22.1,17.3,19.8,22.6,76,0.7,0.7,0.0,4.0,3.4,6.3
2010-10-18,17.8,21.3,14.2,17.1,20.1,74,0.0,0.0,0.0,0.0,4.03,7.3
2010-10-19,17.3,19.8,14.8,16.1,18.8,75,0.0,0.0,0.0,0.0,5.61,8.3
2010-10-20,17.5,18.9,16.6,17.2,19.0,82,1.2,1.2,0.0,7.0,4.25,6.4
2010-10-21,17.7,18.8,16.8,17.9,19.2,85,4.1,4.1,0.0,13.0,4.2,6.3
2010-10-22,17.2,18.8,15.0,15.5,16.5,72,0.0,0.0,0.0,0.0,6.02,10.1
2010-10-23,15.6,19.0,12.1,14.2,17.7,69,0.0,0.0,0.0,0.0,3.8,6.8
2010-10-24,14.5,17.9,11.3,13.7,17.7,79,11.7,11.7,0.0,6.0,3.37,11.2
2010-10-25,17.5,20.8,14.1,18.3,22.4,84,8.1,8.1,0.0,10.0,3.4,7.3
2010-10-26,16.3,18.8,11.6,15.7,20.8,82,17.7,17.7,0.0,21.0,5.71,9.8
2010-10-27,11.3,13.7,8.8,7.7,10.0,58,0.0,0.0,0.0,0.0,5.98,8.0
2010-10-28,9.3,10.4,8.2,5.7,7.3,82,32.5,32.5,0.0,16.0,6.33,11.0
2010-10-29,13.5,15.4,10.9,11.1,13.0,74,1.5,1.5,0.0,5.0,5.36,10.3
2010-10-30,12.9,14.7,11.3,9.2,11.2,86,69.7,69.7,0.0,24.0,10.91,18.4
2010-10-31,16.0,17.7,14.5,14.6,17.0,82,1.8,1.8,0.0,6.0,7.12,14.4
2010-11-01,16.5,19.8,13.4,15.2,19.2,84,49.0,49.0,0.0,8.0,10.87,16.4
2010-11-02,14.8,19.1,10.7,12.8,16.7,66,0.0,0.0,0.0,0.0,3.86,7.6
2010-11-03,12.6,17.2,8.6,10.0,14.6,61,0.0,0.0,0.0,0.0,3.91,5.9
2010-11-04,10.5,14.5,8.0,8.2,12.3,71,0.3,0.3,0.0,3.0,3.01,5.8
2010-11-05,12.0,17.6,6.5,10.4,16.0,70,0.0,0.0,0.0,0.0,2.58,3.6
2010-11-06,13.6,18.5,8.1,12.3,16.9,74,0.0,0.0,0.0,0.0,2.77,4.4
2010-11-07,14.1,18.4,10.5,12.9,17.7,74,0.0,0.0,0.0,0.0,2.82,4.3
2010-11-08,14.6,19.5,10.9,14.0,17.9,79,0.0,0.0,0.0,0.0,3.54,7.4
2010-11-09,14.9,21.1,10.0,12.3,15.4,62,0.0,0.0,0.0,0.0,10.41,12.3
2010-11-10,11.9,17.1,6.5,9.1,15.0,59,0.0,0.0,0.0,0.0,4.98,8.9
2010-11-11,11.8,16.1,6.5,9.2,14.4,61,0.0,0.0,0.0,0.0,3.58,6.3
2010-11-12,13.1,19.4,7.5,11.6,17.6,77,0.0,0.0,0.0,0.0,4.53,9.5
2010-11-13,13.6,17.6,10.1,12.4,16.5,77,0.0,0.0,0.0,0.0,2.82,4.9
2010-11-14,14.3,17.7,11.5,13.6,17.2,79,0.0,0.0,0.0,0.0,2.9,4.5
2010-11-15,10.6,13.8,7.4,8.2,11.6,82,9.2,9.2,0.0,13.0,6.5,9.4
2010-11-16,8.8,11.3,6.3,6.0,8.1,65,0.0,0.0,0.0,0.0,3.62,7.0
2010-11-17,9.0,10.0,7.6,5.7,6.8,78,6.4,6.4,0.0,14.0,5.19,8.4
2010-11-18,10.1,13.6,6.8,6.7,9.6,70,0.9,0.9,0.0,2.0,5.19,8.8
2010-11-19,10.3,14.9,5.1,7.5,12.9,64,0.0,0.0,0.0,0.0,3.92,6.3
2010-11-20,11.9,16.0,7.7,10.0,14.7,77,0.6,0.6,0.0,4.0,3.37,6.7
2010-11-21,13.0,16.7,9.2,11.7,16.5,81,0.0,0.0,0.0,0.0,3.49,6.3
2010-11-22,13.9,15.8,12.4,13.6,15.9,87,8.9,8.9,0.0,17.0,2.93,7.5
2010-11-23,13.4,16.0,9.1,10.8,12.8,79,35.7,35.7,0.0,11.0,7.79,14.2
2010-11-24,9.6,12.2,7.2,6.9,9.6,68,0.0,0.0,0.0,0.0,3.58,5.4
2010-11-25,9.8,14.2,5.2,7.7,12.5,78,2.2,2.2,0.0,3.0,3.36,11.4
2010-11-26,12.8,16.2,10.1,11.2,14.8,75,10.8,10.8,0.0,5.0,3.4,11.7
2010-11-27,11.5,13.6,9.9,8.7,10.5,69,0.1,0.1,0.0,1.0,5.0,7.6
2010-11-28,11.8,17.9,5.9,9.4,15.6,67,0.0,0.0,0.0,0.0,4.2,7.9
2010-11-29,10.2,14.6,6.6,7.6,11.3,64,0.0,0.0,0.0,0.0,5.07,7.2
2010-11-30,9.5,13.9,4.5,6.7,10.2,63,0.0,0.0,0.0,0.0,3.76,5.9
2010-12-01,11.1,16.4,7.7,8.9,14.0,67,0.0,0.0,0.0,0.0,2.87,4.9
2010-12-02,11.7,16.6,7.0,9.8,15.0,75,0.0,0.0,0.0,0.0,3.04,5.6
2010-12-03,15.8,21.6,11.1,12.7,18.5,72,44.5,44.5,0.0,10.0,12.93,19.0
2010-12-04,10.6,14.4,6.2,7.0,12.0,53,0.0,0.0,0.0,0.0,6.94,9.9
2010-12-05,9.4,14.9,3.9,7.2,12.7,72,0.0,0.0,0.0,0.0,2.6,4.3
2010-12-06,10.3,15.7,6.1,8.6,14.3,81,0.0,0.0,0.0,0.0,3.6,6.4
2010-12-07,10.5,15.1,7.6,8.0,11.6,78,1.3,1.3,0.0,5.0,5.79,9.4
2010-12-08,8.3,12.0,6.3,3.9,7.0,62,5.7,5.7,0.0,8.0,6.94,10.4
2010-12-09,6.9,11.3,3.7,3.9,8.8,69,0.5,0.5,0.0,2.0,4.1,5.9
2010-12-10,8.6,11.4,5.5,4.9,8.2,58,0.0,0.0,0.0,0.0,5.28,7.5
2010-12-11,11.1,16.2,4.4,8.4,12.9,73,0.2,0.2,0.0,1.0,6.74,14.4
2010-12-12,10.2,12.7,6.6,7.3,10.0,71,0.0,0.0,0.0,0.0,5.02,8.3
2010-12-13,7.4,8.7,6.7,4.0,6.2,81,9.4,9.4,0.0,16.0,5.72,9.9
2010-12-14,10.9,14.2,7.6,8.8,12.3,85,3.9,3.9,0.0,9.0,4.26,8.3
2010-12-15,8.8,12.0,5.2,5.4,9.9,74,1.2,1.2,0.0,7.0,7.13,9.9
2010-12-16,4.4,5.1,3.7,0.8,1.9,76,2.7,2.7,0.0,10.0,3.86,6.4
2010-12-17,5.6,9.3,2.1,2.2,5.4,67,0.0,0.0,0.0,0.0,3.26,6.3
2010-12-18,6.5,12.3,1.9,2.7,8.8,64,0.0,0.0,0.0,0.0,6.21,9.6
2010-12-19,5.5,9.2,2.0,2.1,6.8,67,0.1,0.1,0.0,1.0,3.44,5.0
2010-12-20,8.8,15.1,3.5,6.4,13.4,72,0.0,0.0,0.0,0.0,3.34,5.6
2010-12-21,8.6,12.2,4.6,6.0,9.4,79,1.0,1.0,0.0,2.0,4.05,5.8
2010-12-22,12.8,16.5,9.4,10.2,15.2,75,32.2,32.2,0.0,9.0,8.1,15.3
2010-12-23,10.6,14.6,5.7,6.3,9.3,53,0.0,0.0,0.0,0.0,6.73,12.9
2010-12-24,6.5,12.7,2.5,2.9,9.9,64,0.7,0.7,0.0,3.0,5.44,9.2
2010-12-25,4.8,9.5,1.5,-0.5,2.9,51,0.0,0.0,0.0,0.0,8.03,12.2
2010-12-26,5.5,10.5,1.6,0.2,4.0,53,0.0,0.0,0.0,0.0,7.36,11.9
2010-12-27,5.4,9.7,1.4,1.1,5.9,49,0.0,0.0,0.0,0.0,5.02,7.4
2010-12-28,5.4,11.4,-0.5,1.8,6.7,69,0.0,0.0,0.0,0.0,7.06,12.2
2010-12-29,6.5,11.1,2.7,2.1,6.9,56,0.2,0.2,0.0,1.0,6.6,10.0
2010-12-30,3.6,6.1,1.0,0.3,2.8,70,0.0,0.0,0.0,0.0,3.85,5.8
2010-12-31,4.3,9.7,0.5,-0.1,3.6,59,0.0,0.0,0.0,0.0,5.44,8.6
2011-01-01,4.6,9.5,-0.3,0.6,5.4,57,0.0,0.0,0.0,0.0,3.94,5.9
2011-01-02,5.1,10.1,1.8,1.4,5.6,66,0.0,0.0,0.0,0.0,4.65,8.3
2011-01-03,4.0,8.4,-0.1,0.4,5.0,67,0.0,0.0,0.0,0.0,3.54,5.0
2011-01-04,4.9,9.1,2.4,0.6,4.5,61,0.0,0.0,0.0,0.0,4.53,7.4
2011-01-05,5.3,10.5,0.3,1.3,6.0,60,0.0,0.0,0.0,0.0,5.39,9.7
2011-01-06,5.0,8.7,2.0,-0.6,3.4,52,0.0,0.0,0.0,0.0,7.71,12.2
2011-01-07,2.6,6.1,-0.1,-4.1,-1.2,45,0.0,0.0,0.0,0.0,8.1,14.5
2011-01-08,3.5,8.8,-1.9,-0.5,4.5,56,0.0,0.0,0.0,0.0,5.24,6.6
2011-01-09,4.7,11.3,-1.4,0.9,8.1,67,0.4,0.4,0.0,2.0,6.52,11.6
2011-01-10,2.5,5.3,0.1,-4.2,-2.1,44,0.0,0.0,0.0,0.0,8.24,14.3
2011-01-11,2.2,5.8,-1.8,-2.2,1.5,49,0.0,0.0,0.0,0.0,4.83,6.2
2011-01-12,3.8,8.3,0.3,-0.3,5.4,64,0.8,0.7,0.07,5.0,7.31,9.7
2011-01-13,2.9,6.6,0.0,-3.3,0.5,47,0.0,0.0,0.0,0.0,8.25,11.1
2011-01-14,2.3,6.5,-1.0,-1.4,2.4,57,0.0,0.0,0.0,0.0,3.18,5.9
2011-01-15,2.4,7.0,-2.2,-1.0,4.2,77,0.6,0.1,0.35,3.0,5.12,9.9
2011-01-16,1.3,5.3,-1.8,-4.1,-1.8,56,1.5,0.0,1.05,4.0,7.62,15.3
2011-01-17,3.8,10.1,-1.9,-1.8,4.0,41,0.0,0.0,0.0,0.0,6.55,10.4
2011-01-18,3.8,9.2,-1.3,-0.1,5.4,58,0.0,0.0,0.0,0.0,4.01,6.8
2011-01-19,4.3,9.4,-0.3,0.8,5.7,61,0.0,0.0,0.0,0.0,3.79,6.2
2011-01-20,3.7,8.1,0.4,-0.8,4.4,54,0.0,0.0,0.0,0.0,6.64,9.5
2011-01-21,3.4,7.3,-0.2,-1.8,3.3,50,0.0,0.0,0.0,0.0,6.76,9.3
2011-01-22,4.2,9.3,-0.1,0.6,5.8,61,0.0,0.0,0.0,0.0,3.57,6.0
2011-01-23,3.9,7.5,-0.1,0.3,3.7,63,1.8,1.7,0.07,3.0,4.11,4.7
2011-01-24,4.0,7.9,1.0,0.4,4.9,76,1.8,1.2,0.42,4.0,4.85,6.8
2011-01-25,4.3,8.5,0.2,0.0,3.1,56,0.3,0.3,0.0,2.0,4.9,10.5
2011-01-26,3.3,7.7,-1.6,-0.6,4.2,59,0.0,0.0,0.0,0.0,5.99,10.4
2011-01-27,3.6,8.4,-1.2,-1.2,3.6,52,0.0,0.0,0.0,0.0,7.2,10.9
2011-01-28,2.3,6.6,-1.3,-2.9,1.3,50,0.0,0.0,0.0,0.0,5.89,9.0
2011-01-29,2.3,6.7,-0.7,-1.7,2.8,63,0.0,0.0,0.0,0.0,4.56,8.1
2011-01-30,1.3,5.1,-2.0,-3.3,1.3,55,0.1,0.1,0.0,1.0,5.98,10.4
2011-01-31,1.1,6.7,-4.2,-3.6,2.5,46,0.0,0.0,0.0,0.0,5.69,7.5
2011-02-01,3.7,11.0,-3.0,-0.4,7.6,52,0.0,0.0,0.0,0.0,4.78,6.7
2011-02-02,3.6,7.5,-0.8,-0.1,3.3,66,0.0,0.0,0.0,0.0,3.98,6.6
2011-02-03,5.5,10.7,0.3,2.1,6.9,67,0.0,0.0,0.0,0.0,4.05,6.3
2011-02-04,7.1,12.9,1.6,3.9,9.3,62,0.0,0.0,0.0,0.0,2.94,5.2
2011-02-05,6.4,11.2,2.1,3.2,8.7,70,0.0,0.0,0.0,0.0,4.17,5.7
2011-02-06,6.7,10.7,1.9,3.5,7.2,75,1.9,1.9,0.0,5.0,4.33,6.1
2011-02-07,7.4,13.3,3.7,2.8,7.7,58,0.2,0.2,0.0,1.0,7.06,10.3
2011-02-08,4.6,6.6,2.7,0.5,2.4,58,0.1,0.1,0.0,1.0,4.14,7.2
2011-02-09,4.4,8.3,1.7,0.7,5.5,82,6.2,5.8,0.28,12.0,6.76,9.7
2011-02-10,5.2,8.1,2.7,0.7,4.8,50,0.3,0.1,0.14,1.0,6.04,9.9
2011-02-11,1.4,3.4,1.0,-2.9,-0.7,91,15.6,4.1,8.05,24.0,5.3,9.1
2011-02-12,1.7,2.7,0.7,-2.2,-0.2,86,3.9,3.2,0.63,13.0,5.41,9.4
2011-02-13,4.2,8.8,-0.2,-0.4,4.5,53,0.0,0.0,0.0,0.0,5.88,10.6
2011-02-14,2.8,6.7,0.0,-1.3,2.7,73,14.4,5.8,6.02,8.0,5.1,7.9
2011-02-15,3.8,7.6,1.1,-0.3,3.7,74,7.7,3.1,3.22,7.0,5.8,10.1
2011-02-16,4.7,11.1,-1.2,1.7,7.1,71,0.0,0.0,0.0,0.0,4.8,7.7
2011-02-17,8.6,14.1,3.9,5.5,9.1,73,0.0,0.0,0.0,0.0,7.94,12.2
2011-02-18,10.3,13.5,4.7,4.4,10.0,62,28.4,28.4,0.0,9.0,12.15,19.4
2011-02-19,5.2,8.1,1.3,1.0,3.6,57,0.0,0.0,0.0,0.0,8.68,13.8
2011-02-20,7.0,9.7,4.5,3.4,6.4,72,1.4,1.4,0.0,8.0,5.05,6.1
2011-02-21,6.7,9.8,3.3,1.9,4.4,62,0.1,0.1,0.0,1.0,6.53,11.8
2011-02-22,5.2,10.2,0.6,1.2,5.7,70,0.0,0.0,0.0,0.0,4.44,8.8
2011-02-23,7.4,12.5,2.5,4.5,9.9,71,0.0,0.0,0.0,0.0,3.91,6.7
2011-02-24,10.2,13.9,6.3,7.7,10.6,79,2.0,2.0,0.0,7.0,5.41,12.0
2011-02-25,12.9,19.8,7.3,9.4,16.0,69,0.2,0.2,0.0,1.0,8.81,12.6
2011-02-26,6.1,9.3,2.5,1.2,5.9,46,0.0,0.0,0.0,0.0,8.65,14.3
2011-02-27,9.9,16.5,4.4,6.9,13.2,66,0.0,0.0,0.0,0.0,5.22,9.8
2011-02-28,5.2,9.4,3.3,0.9,5.8,87,30.1,29.6,0.35,19.0,6.99,13.7
2011-03-01,5.5,7.4,4.2,2.3,5.4,83,5.7,5.7,0.0,8.0,4.92,8.3
2011-03-02,5.9,9.3,1.4,1.9,5.8,65,0.6,0.6,0.0,4.0,6.53,10.3
2011-03-03,3.5,7.5,0.7,-2.9,1.0,44,0.1,0.0,0.07,1.0,9.32,14.0
2011-03-04,3.0,6.8,-1.1,-3.0,-0.1,45,0.0,0.0,0.0,0.0,8.83,14.2
2011-03-05,5.5,10.4,-0.5,1.5,7.7,51,0.0,0.0,0.0,0.0,4.69,7.7
2011-03-06,7.9,13.9,0.9,4.8,10.4,62,0.0,0.0,0.0,0.0,3.73,6.6
2011-03-07,3.4,6.7,1.0,0.1,3.8,90,30.8,16.8,9.8,18.0,4.25,7.6
2011-03-08,4.7,8.2,2.0,1.9,5.5,81,2.4,2.4,0.0,6.0,3.16,6.9
2011-03-09,5.8,11.0,1.8,2.0,6.7,69,0.2,0.2,0.0,1.0,7.65,10.4
2011-03-10,4.6,8.4,1.2,0.0,5.3,47,0.1,0.1,0.0,1.0,6.83,10.3
2011-03-11,4.6,10.0,-0.8,0.2,6.4,54,0.0,0.0,0.0,0.0,7.14,10.4
2011-03-12,6.2,11.4,-0.2,2.7,8.3,55,0.0,0.0,0.0,0.0,5.21,8.6
2011-03-13,9.6,15.5,2.8,7.2,13.5,67,0.0,0.0,0.0,0.0,4.2,7.0
2011-03-14,12.2,18.6,5.0,9.4,14.7,70,0.0,0.0,0.0,0.0,8.18,14.0
2011-03-15,10.4,12.0,8.8,7.6,9.3,75,0.0,0.0,0.0,0.0,4.58,8.0
2011-03-16,7.0,10.9,2.4,2.0,9.5,63,3.0,3.0,0.0,10.0,12.93,21.1
2011-03-17,3.3,7.1,0.1,-3.8,-1.0,42,0.0,0.0,0.0,0.0,10.76,15.7
2011-03-18,4.6,9.3,-1.0,-0.0,6.7,47,0.0,0.0,0.0,0.0,5.4,8.6
2011-03-19,10.6,17.1,5.1,7.0,13.5,58,0.0,0.0,0.0,0.0,6.14,11.6
2011-03-20,11.3,16.2,5.4,8.7,14.1,69,0.0,0.0,0.0,0.0,6.52,10.5
2011-03-21,9.8,12.3,8.0,7.4,10.9,84,10.5,10.5,0.0,15.0,5.03,8.7
2011-03-22,7.0,8.2,6.0,4.2,6.1,82,9.6,9.6,0.0,19.0,4.44,7.1
2011-03-23,6.5,8.7,3.8,2.7,4.3,72,2.5,2.5,0.0,11.0,5.38,8.7
2011-03-24,4.6,8.0,1.5,0.9,4.3,66,2.5,2.5,0.0,6.0,4.33,8.7
2011-03-25,6.3,12.3,0.1,2.4,7.4,69,0.6,0.6,0.0,2.0,9.08,14.5
2011-03-26,6.4,9.9,3.2,0.3,3.3,53,0.0,0.0,0.0,0.0,11.49,18.7
2011-03-27,5.8,9.9,-0.1,1.8,6.7,46,0.0,0.0,0.0,0.0,5.41,9.1
2011-03-28,7.1,11.0,3.1,3.8,8.7,54,0.0,0.0,0.0,0.0,4.08,6.5
2011-03-29,9.1,14.5,2.7,6.2,11.1,60,0.0,0.0,0.0,0.0,4.46,7.5
2011-03-30,10.2,15.5,4.6,6.9,13.2,62,0.0,0.0,0.0,0.0,6.9,11.0
2011-03-31,9.3,13.9,5.3,5.7,10.8,57,0.0,0.0,0.0,0.0,6.2,10.4
2011-04-01,9.4,14.7,3.3,6.1,11.0,58,0.0,0.0,0.0,0.0,7.0,11.4
2011-04-02,11.8,17.6,5.7,9.5,15.7,61,0.0,0.0,0.0,0.0,5.53,7.3
2011-04-03,7.9,9.3,6.7,4.5,5.8,57,0.0,0.0,0.0,0.0,4.0,6.7
2011-04-04,8.1,12.9,4.5,3.7,7.2,50,0.0,0.0,0.0,0.0,7.16,11.0
2011-04-05,8.1,14.4,1.2,4.7,12.2,47,0.0,0.0,0.0,0.0,4.53,6.5
2011-04-06,11.7,18.3,4.3,8.8,15.2,57,0.0,0.0,0.0,0.0,5.4,8.9
2011-04-07,14.0,19.4,8.0,10.7,15.1,61,0.0,0.0,0.0,0.0,8.19,13.3
2011-04-08,16.4,18.5,13.9,10.9,12.0,58,0.0,0.0,0.0,0.0,12.64,19.3
2011-04-09,15.5,16.8,13.8,13.0,14.9,79,8.5,8.5,0.0,15.0,10.11,17.4
2011-04-10,13.2,15.5,11.0,10.9,12.6,67,0.9,0.9,0.0,4.0,4.43,7.4
2011-04-11,12.9,17.3,9.0,10.9,15.1,72,1.4,1.4,0.0,5.0,6.58,11.3
2011-04-12,10.5,14.8,6.7,5.7,9.7,42,0.0,0.0,0.0,0.0,9.13,14.5
2011-04-13,12.5,19.6,5.0,9.5,15.9,57,0.0,0.0,0.0,0.0,6.32,11.0
2011-04-14,14.8,21.3,7.9,12.3,19.8,56,0.0,0.0,0.0,0.0,6.23,10.2
2011-04-15,17.2,22.1,11.5,13.6,18.1,61,0.9,0.9,0.0,2.0,11.42,17.8
2011-04-16,18.3,24.3,13.4,15.5,23.5,54,0.6,0.6,0.0,2.0,8.35,12.4
2011-04-17,13.0,17.0,8.8,9.7,14.3,44,0.0,0.0,0.0,0.0,5.62,8.9
2011-04-18,14.3,16.5,12.1,11.4,13.2,56,0.0,0.0,0.0,0.0,5.46,8.6
2011-04-19,11.4,13.9,6.7,8.3,12.3,76,23.0,23.0,0.0,16.0,10.13,18.9
2011-04-20,10.1,15.1,4.8,7.3,12.0,67,0.0,0.0,0.0,0.0,4.95,11.7
2011-04-21,11.7,14.7,9.3,9.6,13.2,72,0.1,0.1,0.0,1.0,4.16,6.9
2011-04-22,14.5,18.0,11.0,13.0,15.9,74,0.0,0.0,0.0,0.0,6.33,11.6
2011-04-23,16.4,17.6,14.7,12.8,13.7,82,15.8,15.8,0.0,22.0,11.8,18.2
2011-04-24,15.0,17.6,11.1,12.8,16.3,66,0.6,0.6,0.0,4.0,9.58,14.5
2011-04-25,13.7,18.0,9.1,11.5,14.9,61,0.0,0.0,0.0,0.0,6.35,10.5
2011-04-26,13.5,18.7,6.4,11.4,15.4,67,0.0,0.0,0.0,0.0,7.62,12.3
2011-04-27,18.3,22.6,13.0,15.2,18.6,73,0.3,0.3,0.0,2.0,13.0,19.5
2011-04-28,18.6,22.3,13.8,16.4,22.2,69,7.1,7.1,0.0,11.0,12.01,17.2
2011-04-29,14.2,17.0,11.1,12.4,17.2,63,0.2,0.2,0.0,2.0,5.16,7.4
2011-04-30,15.7,20.5,9.0,12.7,15.7,67,0.0,0.0,0.0,0.0,11.52,19.9
2011-05-01,17.6,20.1,15.4,14.8,17.0,73,1.4,1.4,0.0,4.0,12.82,21.5
2011-05-02,18.7,23.4,13.7,17.2,23.6,54,0.0,0.0,0.0,0.0,8.63,13.4
2011-05-03,15.1,17.6,12.5,13.2,16.0,70,2.6,2.6,0.0,9.0,4.8,8.3
2011-05-04,16.8,21.6,13.1,15.6,21.6,67,0.2,0.2,0.0,1.0,6.93,11.3
2011-05-05,14.7,15.8,13.3,12.4,15.5,69,0.7,0.7,0.0,5.0,5.2,9.1
2011-05-06,15.9,19.3,12.8,14.6,17.9,66,0.0,0.0,0.0,0.0,3.44,5.0
2011-05-07,17.1,18.9,15.2,16.7,18.6,78,2.4,2.4,0.0,8.0,5.42,10.0
2011-05-08,19.7,25.2,13.5,19.1,25.1,64,0.0,0.0,0.0,0.0,8.42,8.4
2011-05-09,18.4,22.6,13.0,16.4,19.6,55,0.0,0.0,0.0,0.0,8.01,13.5
2011-05-10,21.7,28.2,17.2,21.6,29.7,68,12.1,12.1,0.0,9.0,6.49,9.9
2011-05-11,15.5,17.2,14.1,14.7,17.0,84,33.5,33.5,0.0,24.0,4.03,7.1
2011-05-12,15.7,17.8,13.9,15.3,18.0,88,22.7,22.7,0.0,20.0,7.15,9.0
2011-05-13,19.8,24.6,15.8,20.6,26.8,80,0.1,0.1,0.0,1.0,6.4,8.8
2011-05-14,19.3,23.2,15.5,18.4,23.6,61,0.3,0.3,0.0,1.0,7.69,9.2
2011-05-15,18.8,23.6,13.1,16.0,20.6,50,0.0,0.0,0.0,0.0,8.37,13.5
2011-05-16,18.8,22.4,14.6,16.5,19.2,61,0.0,0.0,0.0,0.0,8.6,14.8
2011-05-17,17.5,19.9,16.0,17.1,19.8,73,1.2,1.2,0.0,5.0,4.58,7.0
2011-05-18,18.4,23.0,13.8,17.7,21.9,65,0.0,0.0,0.0,0.0,5.1,7.7
2011-05-19,19.3,24.6,13.7,18.7,23.1,67,0.0,0.0,0.0,0.0,7.71,12.1
2011-05-20,20.7,25.9,15.3,20.4,26.1,67,0.0,0.0,0.0,0.0,7.2,10.9
2011-05-21,21.4,26.2,17.0,21.4,26.8,73,0.0,0.0,0.0,0.0,7.44,11.6
2011-05-22,20.4,26.8,15.3,20.3,28.0,78,9.6,9.6,0.0,5.0,7.22,13.5
2011-05-23,15.6,17.1,13.4,14.3,15.5,74,3.6,3.6,0.0,12.0,4.3,6.5
2011-05-24,14.3,18.0,12.2,12.2,15.8,75,24.5,24.5,0.0,13.0,5.87,10.7
2011-05-25,17.3,22.3,12.2,16.7,21.3,68,0.0,0.0,0.0,0.0,5.49,8.7
2011-05-26,17.9,20.6,14.7,17.8,19.9,76,2.9,2.9,0.0,6.0,3.22,6.5
2011-05-27,18.5,20.7,16.5,18.5,19.2,76,1.1,1.1,0.0,6.0,4.89,7.5
2011-05-28,18.5,19.7,17.3,19.8,21.3,89,16.4,16.4,0.0,23.0,4.0,4.7
2011-05-29,18.0,18.7,17.0,18.8,20.8,96,73.4,73.4,0.0,24.0,7.69,12.2
2011-05-30,18.1,21.3,16.2,15.8,18.6,78,16.1,16.1,0.0,13.0,10.06,15.7
2011-05-31,15.4,18.2,12.5,12.2,15.7,63,0.0,0.0,0.0,0.0,7.6,13.4
2011-06-01,14.6,17.3,11.8,13.1,15.8,67,0.0,0.0,0.0,0.0,3.16,7.0
2011-06-02,16.2,17.3,14.7,16.4,18.0,85,16.8,16.8,0.0,17.0,2.9,9.9
2011-06-03,18.9,23.0,15.1,19.6,23.7,82,0.0,0.0,0.0,0.0,4.71,7.0
2011-06-04,21.0,25.5,17.4,22.1,27.1,80,0.0,0.0,0.0,0.0,7.22,10.9
2011-06-05,21.4,24.8,18.1,23.0,26.6,80,4.0,4.0,0.0,4.0,5.72,8.4
2011-06-06,22.1,26.8,17.7,23.2,28.8,72,9.4,9.4,0.0,4.0,4.87,7.5
2011-06-07,21.0,23.9,18.8,21.8,24.0,77,0.0,0.0,0.0,0.0,6.62,9.9
2011-06-08,19.4,22.6,17.1,20.0,23.4,80,0.7,0.7,0.0,4.0,4.4,7.1
2011-06-09,20.5,24.2,16.7,21.5,25.2,78,0.0,0.0,0.0,0.0,5.32,8.4
2011-06-10,21.9,24.7,19.2,23.6,25.4,83,0.0,0.0,0.0,0.0,6.0,8.9
2011-06-11,22.1,24.0,21.0,23.7,26.9,85,25.3,25.3,0.0,13.0,5.76,9.7
2011-06-12,22.4,25.4,19.7,24.3,27.2,80,0.0,0.0,0.0,0.0,4.22,6.1
2011-06-13,21.3,23.3,19.0,23.0,25.8,81,18.8,18.8,0.0,9.0,3.72,9.9
2011-06-14,21.9,25.8,19.4,23.4,27.1,78,0.8,0.8,0.0,4.0,5.51,8.0
2011-06-15,20.1,21.2,18.9,20.3,21.8,73,2.0,2.0,0.0,7.0,3.62,5.4
2011-06-16,20.1,22.8,17.6,21.1,23.0,79,3.3,3.3,0.0,6.0,4.36,6.7
2011-06-17,19.6,21.5,18.2,20.6,22.6,85,8.7,8.7,0.0,13.0,3.91,7.0
2011-06-18,20.0,22.2,17.9,21.7,23.6,83,4.1,4.1,0.0,8.0,2.51,5.3
2011-06-19,21.3,24.6,19.1,23.2,26.3,83,0.6,0.6,0.0,4.0,4.18,6.1
2011-06-20,22.7,25.4,20.0,24.6,27.1,82,0.9,0.9,0.0,5.0,4.65,8.1
2011-06-21,24.0,27.4,21.8,26.1,28.0,84,4.6,4.6,0.0,8.0,8.96,13.4
2011-06-22,25.5,30.6,20.8,29.3,35.5,79,0.0,0.0,0.0,0.0,4.65,7.4
2011-06-23,26.7,30.8,23.8,29.2,33.5,77,0.0,0.0,0.0,0.0,7.78,13.9
2011-06-24,27.6,31.7,24.5,28.6,32.6,72,0.0,0.0,0.0,0.0,10.61,16.5
2011-06-25,24.5,27.8,20.9,26.6,30.8,75,0.0,0.0,0.0,0.0,8.63,10.1
2011-06-26,21.8,23.9,20.4,23.7,26.4,81,0.0,0.0,0.0,0.0,4.22,5.9
2011-06-27,22.6,25.6,20.5,25.7,29.7,85,0.1,0.1,0.0,1.0,2.75,9.1
2011-06-28,26.4,30.9,22.0,30.6,36.3,79,0.3,0.3,0.0,2.0,3.98,6.5
2011-06-29,28.3,32.3,24.4,33.1,37.8,74,1.2,1.2,0.0,2.0,3.2,5.7
2011-06-30,27.8,31.4,25.3,32.4,35.7,76,0.1,0.1,0.0,1.0,4.8,9.7
2011-07-01,27.5,31.3,24.8,31.8,36.4,75,0.0,0.0,0.0,0.0,4.21,7.2
2011-07-02,26.4,29.3,24.1,30.2,32.9,80,1.5,1.5,0.0,6.0,4.73,7.4
2011-07-03,26.6,29.7,24.0,30.3,34.2,79,0.2,0.2,0.0,1.0,5.4,11.9
2011-07-04,28.1,31.9,25.3,29.6,32.5,75,0.0,0.0,0.0,0.0,11.73,18.6
2011-07-05,27.4,30.7,25.1,31.1,34.4,74,2.9,2.9,0.0,9.0,4.88,14.0
2011-07-06,27.3,31.2,23.4,29.9,33.5,68,0.0,0.0,0.0,0.0,5.71,9.1
2011-07-07,26.1,29.2,23.5,28.5,29.7,78,4.5,4.5,0.0,11.0,9.31,15.1
2011-07-08,26.9,29.2,25.3,30.9,33.1,80,1.1,1.1,0.0,6.0,5.46,8.8
2011-07-09,28.0,31.6,25.1,32.8,36.7,78,0.0,0.0,0.0,0.0,4.37,6.7
2011-07-10,28.7,32.9,25.5,32.7,37.9,71,0.0,0.0,0.0,0.0,4.79,8.2
2011-07-11,28.8,33.2,25.5,32.5,38.0,71,0.0,0.0,0.0,0.0,6.41,10.5
2011-07-12,28.4,32.4,24.9,31.7,35.5,71,0.0,0.0,0.0,0.0,6.01,11.8
2011-07-13,28.5,32.7,25.5,31.5,36.6,68,0.0,0.0,0.0,0.0,6.77,11.7
2011-07-14,29.2,33.9,25.5,31.6,36.4,62,0.0,0.0,0.0,0.0,7.16,11.2
2011-07-15,29.7,34.5,26.0,33.3,39.6,63,0.0,0.0,0.0,0.0,5.0,9.4
2011-07-16,29.2,33.3,25.8,32.3,37.3,66,0.0,0.0,0.0,0.0,6.59,10.9
2011-07-17,29.7,34.6,25.9,32.5,37.8,65,0.0,0.0,0.0,0.0,7.94,12.5
2011-07-18,30.0,34.1,27.1,32.9,36.2,66,0.0,0.0,0.0,0.0,6.62,14.0
2011-07-19,26.6,28.0,25.4,30.6,32.6,85,30.7,30.7,0.0,22.0,6.46,13.3
2011-07-20,26.0,27.5,22.2,28.1,30.7,85,14.9,14.9,0.0,23.0,8.82,14.3
2011-07-21,20.9,22.5,18.3,18.7,21.0,74,8.2,8.2,0.0,11.0,10.57,16.0
2011-07-22,20.2,23.5,17.5,19.2,22.7,68,0.0,0.0,0.0,0.0,5.53,8.7
2011-07-23,21.8,25.2,17.7,22.4,27.3,74,0.3,0.3,0.0,2.0,4.85,10.0
2011-07-24,24.9,28.4,21.8,27.4,30.9,76,0.0,0.0,0.0,0.0,5.26,8.6
2011-07-25,26.1,29.4,23.4,29.2,32.0,78,0.0,0.0,0.0,0.0,6.7,10.5
2011-07-26,26.1,28.7,23.7,29.2,30.5,79,0.0,0.0,0.0,0.0,7.18,11.2
2011-07-27,26.4,30.0,23.7,31.0,34.4,81,0.6,0.6,0.0,3.0,3.1,6.0
2011-07-28,26.0,28.7,23.5,30.5,32.9,82,9.2,9.2,0.0,13.0,2.71,5.7
2011-07-29,26.0,27.7,24.6,30.1,31.5,83,6.6,6.6,0.0,15.0,5.88,8.5
2011-07-30,25.1,27.2,23.5,29.2,31.2,84,10.7,10.7,0.0,18.0,2.56,5.4
2011-07-31,23.5,25.2,22.3,25.9,27.5,84,17.7,17.7,0.0,16.0,4.97,8.7
2011-08-01,23.9,27.1,21.5,25.9,28.9,76,0.0,0.0,0.0,0.0,4.03,6.1
2011-08-02,24.6,28.0,21.3,27.6,30.8,78,0.0,0.0,0.0,0.0,3.33,5.6
2011-08-03,25.7,28.5,23.2,29.6,32.8,79,1.0,1.0,0.0,5.0,2.64,6.0
2011-08-04,26.5,29.7,23.8,30.5,33.9,81,4.2,4.2,0.0,10.0,3.9,7.6
2011-08-05,26.8,29.9,24.3,30.9,33.8,82,5.2,5.2,0.0,10.0,5.57,9.4
2011-08-06,28.0,31.4,25.0,33.1,37.7,78,0.0,0.0,0.0,0.0,2.88,5.1
2011-08-07,28.0,31.9,25.5,33.9,39.0,81,5.9,5.9,0.0,4.0,2.26,5.2
2011-08-08,28.3,31.9,25.4,33.9,38.9,79,0.6,0.6,0.0,3.0,4.15,7.9
2011-08-09,28.8,32.9,25.4,34.2,39.4,78,0.0,0.0,0.0,0.0,4.55,6.9
2011-08-10,29.4,33.4,26.7,34.5,39.9,77,0.0,0.0,0.0,0.0,6.4,10.1
2011-08-11,30.0,34.1,26.6,36.2,41.2,76,1.0,1.0,0.0,1.0,3.18,5.4
2011-08-12,29.5,33.5,26.6,34.9,39.7,72,0.0,0.0,0.0,0.0,3.1,5.4
2011-08-13,29.2,33.0,26.6,34.2,38.2,74,0.0,0.0,0.0,0.0,4.34,6.8
2011-08-14,29.4,33.1,27.2,35.1,39.7,77,0.0,0.0,0.0,0.0,5.5,8.3
2011-08-15,29.3,33.0,26.3,34.1,37.9,75,0.0,0.0,0.0,0.0,4.93,8.2
2011-08-16,29.6,33.3,26.5,35.0,39.2,73,0.0,0.0,0.0,0.0,5.06,9.0
2011-08-17,30.4,34.7,26.6,35.1,39.2,69,0.0,0.0,0.0,0.0,5.2,8.9
2011-08-18,31.3,36.0,27.6,35.8,39.0,66,0.0,0.0,0.0,0.0,6.31,10.6
2011-08-19,25.7,28.5,23.1,29.6,34.4,83,53.9,53.9,0.0,12.0,7.43,13.4
2011-08-20,23.2,24.2,22.3,26.3,27.5,83,5.4,5.4,0.0,18.0,2.51,4.8
2011-08-21,21.0,22.5,20.0,22.6,25.6,87,4.7,4.7,0.0,10.0,4.88,9.2
2011-08-22,21.7,24.4,19.8,24.0,26.9,85,30.4,30.4,0.0,13.0,4.13,13.3
2011-08-23,25.4,28.9,22.3,29.0,32.6,83,0.1,0.1,0.0,1.0,6.48,12.1
2011-08-24,26.8,29.7,24.3,30.6,33.6,83,1.3,1.3,0.0,2.0,6.9,11.8
2011-08-25,26.8,28.3,25.3,30.2,31.1,83,0.4,0.4,0.0,3.0,5.91,11.6
2011-08-26,26.1,30.2,23.2,30.4,36.3,84,8.2,8.2,0.0,13.0,5.08,8.2
2011-08-27,24.3,26.8,22.5,26.9,29.2,82,8.4,8.4,0.0,12.0,4.21,7.6
2011-08-28,25.2,29.8,21.8,28.2,33.1,75,0.0,0.0,0.0,0.0,3.83,5.6
2011-08-29,25.4,29.1,22.5,28.3,32.8,76,0.0,0.0,0.0,0.0,3.9,6.4
2011-08-30,25.9,29.6,22.9,28.4,31.6,74,7.5,7.5,0.0,8.0,4.2,7.5
2011-08-31,25.8,29.1,23.3,29.8,33.6,83,15.7,15.7,0.0,16.0,3.28,8.0
2011-09-01,26.7,29.0,25.0,31.3,33.7,86,37.1,37.1,0.0,24.0,5.02,10.4
2011-09-02,27.5,30.2,24.8,31.0,33.6,84,9.5,9.5,0.0,20.0,9.26,16.6
2011-09-03,27.4,29.1,25.6,28.6,30.0,81,11.8,11.8,0.0,20.0,10.87,20.8
2011-09-04,26.5,28.4,24.8,28.9,30.8,82,2.2,2.2,0.0,7.0,7.69,13.2
2011-09-05,25.5,27.5,23.6,29.2,31.0,83,2.2,2.2,0.0,11.0,3.95,8.5
2011-09-06,25.0,28.5,22.6,27.2,29.7,71,3.4,3.4,0.0,7.0,4.44,7.4
2011-09-07,23.9,28.1,20.2,25.9,30.4,73,0.5,0.5,0.0,3.0,3.92,6.3
2011-09-08,24.5,28.6,20.2,27.0,32.3,74,0.0,0.0,0.0,0.0,4.73,8.1
2011-09-09,26.5,30.4,23.2,30.3,33.5,78,0.2,0.2,0.0,1.0,5.59,8.5
2011-09-10,27.2,30.8,24.2,31.5,35.2,80,0.0,0.0,0.0,0.0,5.91,8.8
2011-09-11,26.7,29.4,24.6,31.1,33.5,81,0.9,0.9,0.0,7.0,3.48,5.7
2011-09-12,27.1,30.6,24.2,31.4,34.6,79,0.1,0.1,0.0,1.0,4.31,6.9
2011-09-13,27.3,31.1,24.2,31.2,35.0,78,0.0,0.0,0.0,0.0,5.15,8.1
2011-09-14,27.2,31.1,23.7,31.6,37.2,78,0.0,0.0,0.0,0.0,4.44,6.1
2011-09-15,27.2,30.7,24.0,31.2,34.9,78,0.0,0.0,0.0,0.0,5.06,7.8
2011-09-16,27.3,30.2,24.6,30.7,33.0,79,0.0,0.0,0.0,0.0,6.1,9.6
2011-09-17,27.1,29.3,25.6,29.5,30.7,81,0.4,0.4,0.0,3.0,8.96,15.1
2011-09-18,27.6,31.0,25.2,30.8,33.6,76,0.0,0.0,0.0,0.0,6.25,11.8
2011-09-19,25.4,30.2,21.0,28.4,34.9,80,2.5,2.5,0.0,7.0,7.04,11.0
2011-09-20,20.3,21.8,19.3,21.1,23.5,86,15.9,15.9,0.0,21.0,5.02,11.0
2011-09-21,22.2,25.4,18.4,21.7,25.0,88,57.0,57.0,0.0,20.0,21.73,35.5
2011-09-22,22.5,26.6,19.1,24.1,29.0,80,18.7,18.7,0.0,10.0,6.37,10.2
2011-09-23,19.7,21.7,18.0,19.6,22.2,68,0.0,0.0,0.0,0.0,3.44,6.8
2011-09-24,19.4,23.4,14.6,19.0,23.2,66,0.0,0.0,0.0,0.0,3.33,5.6
2011-09-25,19.5,23.3,16.5,19.1,22.5,67,0.0,0.0,0.0,0.0,3.14,6.5
2011-09-26,17.9,19.4,16.1,17.7,19.5,79,0.5,0.5,0.0,3.0,4.54,7.0
2011-09-27,19.0,23.1,16.0,18.7,22.2,73,0.0,0.0,0.0,0.0,3.89,8.0
2011-09-28,18.7,23.5,14.8,17.9,21.8,72,0.0,0.0,0.0,0.0,4.95,9.4
2011-09-29,20.1,24.8,14.9,20.5,25.6,71,0.0,0.0,0.0,0.0,3.35,5.4
2011-09-30,22.8,27.4,18.2,24.6,29.0,77,0.4,0.4,0.0,3.0,5.63,10.4
2011-10-01,21.2,22.3,19.1,21.9,24.3,70,1.2,1.2,0.0,8.0,3.4,6.2
2011-10-02,17.7,19.0,16.7,16.8,18.6,69,2.2,2.2,0.0,8.0,3.94,6.3
2011-10-03,17.0,20.6,13.8,14.6,17.7,57,0.5,0.5,0.0,2.0,5.22,7.1
2011-10-04,16.5,20.2,12.5,15.0,18.7,61,0.0,0.0,0.0,0.0,3.61,5.9
2011-10-05,15.8,16.9,15.0,15.2,17.9,84,34.5,34.5,0.0,19.0,4.35,7.3
2011-10-06,19.8,23.8,16.4,20.5,25.0,81,5.9,5.9,0.0,6.0,4.19,12.9
2011-10-07,19.9,24.1,15.8,17.9,21.4,60,1.4,1.4,0.0,4.0,8.1,12.2
2011-10-08,17.6,21.6,13.1,16.5,20.0,61,0.0,0.0,0.0,0.0,4.34,5.2
2011-10-09,18.5,21.7,15.6,18.3,21.1,72,0.0,0.0,0.0,0.0,3.57,6.1
2011-10-10,19.7,23.7,17.3,20.8,24.9,80,0.9,0.9,0.0,7.0,3.16,5.5
2011-10-11,19.3,23.6,15.5,20.2,24.0,77,0.0,0.0,0.0,0.0,3.93,6.8
2011-10-12,19.3,22.4,17.0,19.5,23.1,74,0.0,0.0,0.0,0.0,4.13,6.8
2011-10-13,18.8,21.6,16.0,19.4,21.9,78,0.3,0.3,0.0,3.0,3.76,5.8
2011-10-14,19.5,23.4,14.8,20.3,23.4,82,1.0,1.0,0.0,2.0,5.41,13.0
2011-10-15,22.9,24.2,21.4,23.0,25.5,86,13.6,13.6,0.0,20.0,11.81,18.9
2011-10-16,23.2,26.7,19.7,23.6,28.9,78,7.2,7.2,0.0,9.0,11.62,18.8
2011-10-17,20.2,23.4,17.1,20.9,23.5,74,0.0,0.0,0.0,0.0,3.73,6.0
2011-10-18,18.1,19.4,15.6,17.7,19.5,75,2.5,2.5,0.0,8.0,4.43,8.4
2011-10-19,15.0,16.7,13.4,12.8,14.2,70,0.0,0.0,0.0,0.0,4.98,8.9
2011-10-20,16.7,19.5,14.1,14.8,18.8,72,0.0,0.0,0.0,0.0,5.47,9.2
2011-10-21,17.8,20.5,15.3,16.9,20.0,79,8.4,8.4,0.0,6.0,5.0,8.2
2011-10-22,19.5,22.6,16.8,20.5,23.9,90,34.3,34.3,0.0,15.0,6.26,11.7
2011-10-23,21.8,24.5,19.2,23.5,26.0,87,29.2,29.2,0.0,12.0,5.89,10.4
2011-10-24,20.0,22.3,18.5,21.4,24.0,85,2.8,2.8,0.0,11.0,4.78,7.9
2011-10-25,20.5,24.7,17.5,21.9,25.7,81,3.4,3.4,0.0,3.0,5.2,8.6
2011-10-26,15.1,18.0,10.9,12.2,14.9,59,0.2,0.2,0.0,2.0,5.92,8.2
2011-10-27,12.9,17.2,8.2,10.9,15.0,65,0.0,0.0,0.0,0.0,3.0,5.3
2011-10-28,13.7,18.5,9.4,12.0,17.2,71,0.0,0.0,0.0,0.0,4.18,6.9
2011-10-29,14.5,19.8,10.2,13.2,18.4,76,0.0,0.0,0.0,0.0,3.3,6.7
2011-10-30,15.3,17.9,12.4,14.2,17.4,79,1.0,1.0,0.0,3.0,4.37,7.8
2011-10-31,17.2,21.9,14.2,17.1,21.9,75,0.4,0.4,0.0,2.0,3.18,6.0
2011-11-01,14.8,19.8,10.4,13.6,17.8,71,0.0,0.0,0.0,0.0,3.04,5.0
2011-11-02,15.3,20.0,10.0,14.4,18.7,77,0.0,0.0,0.0,0.0,3.91,6.5
2011-11-03,16.8,20.8,14.0,17.1,21.1,79,0.0,0.0,0.0,0.0,2.79,3.3
2011-11-04,17.1,21.7,13.0,17.3,22.4,80,0.0,0.0,0.0,0.0,3.08,5.4
2011-11-05,17.5,21.3,13.9,18.4,22.7,86,0.9,0.9,0.0,3.0,4.34,6.1
2011-11-06,17.5,18.7,16.7,18.8,20.4,91,8.1,8.1,0.0,14.0,4.74,6.8
2011-11-07,17.7,21.2,14.8,17.7,20.5,79,0.8,0.8,0.0,2.0,3.61,8.9
2011-11-08,14.6,16.2,12.1,13.5,16.9,78,6.7,6.7,0.0,11.0,4.49,7.8
2011-11-09,12.8,15.4,10.0,11.0,13.1,68,0.0,0.0,0.0,0.0,2.89,5.9
2011-11-10,12.9,15.4,11.0,11.0,13.2,69,0.0,0.0,0.0,0.0,3.26,6.4
2011-11-11,11.5,12.9,10.6,9.1,10.9,85,19.1,19.1,0.0,14.0,5.76,9.5
2011-11-12,15.7,19.3,12.3,15.2,19.0,81,0.0,0.0,0.0,0.0,3.76,7.6
2011-11-13,16.2,19.8,13.6,16.5,19.9,83,0.0,0.0,0.0,0.0,2.37,4.0
2011-11-14,15.4,17.8,13.8,14.9,16.9,81,1.2,1.2,0.0,6.0,4.02,5.7
2011-11-15,13.0,14.7,10.5,11.1,13.0,71,0.7,0.7,0.0,2.0,5.6,7.7
2011-11-16,11.4,14.9,8.2,7.6,12.4,55,0.0,0.0,0.0,0.0,6.82,10.7
2011-11-17,12.1,17.3,7.4,9.0,13.3,61,0.0,0.0,0.0,0.0,5.5,8.5
2011-11-18,11.6,13.8,9.8,9.6,13.3,75,0.7,0.7,0.0,3.0,4.41,8.0
2011-11-19,16.0,20.3,12.5,14.9,17.9,86,41.5,41.5,0.0,19.0,11.67,21.3
2011-11-20,16.6,20.9,12.3,16.5,21.5,82,5.0,5.0,0.0,7.0,5.36,7.0
2011-11-21,10.5,13.4,6.5,7.6,11.1,64,0.1,0.1,0.0,1.0,4.46,7.4
2011-11-22,8.6,12.7,4.4,5.5,10.0,63,0.0,0.0,0.0,0.0,3.38,5.9
2011-11-23,11.1,14.2,7.7,9.1,12.4,73,1.0,1.0,0.0,4.0,4.02,6.0
2011-11-24,12.5,17.4,8.5,9.4,14.6,59,0.8,0.8,0.0,2.0,5.6,8.8
2011-11-25,9.5,14.0,6.3,6.0,11.7,52,0.0,0.0,0.0,0.0,5.31,8.7
2011-11-26,8.2,12.1,3.8,5.2,9.0,62,0.0,0.0,0.0,0.0,4.69,5.4
2011-11-27,9.5,14.5,5.0,7.3,12.9,73,0.0,0.0,0.0,0.0,2.82,5.3
2011-11-28,10.3,14.1,5.9,8.6,12.9,74,0.0,0.0,0.0,0.0,2.4,4.6
2011-11-29,13.1,16.5,10.4,12.2,15.3,74,0.0,0.0,0.0,0.0,1.84,3.7
2011-11-30,12.6,17.4,8.2,11.4,16.3,82,1.3,1.3,0.0,4.0,4.94,9.3
2011-12-01,7.9,10.9,6.7,4.3,8.1,77,4.6,4.6,0.0,15.0,5.1,7.6
2011-12-02,5.5,6.4,3.9,0.7,1.9,73,3.5,3.4,0.07,8.0,6.3,10.1
2011-12-03,10.7,14.1,6.3,7.9,12.6,89,24.1,24.1,0.0,12.0,6.62,15.6
2011-12-04,12.4,15.4,8.1,8.1,12.6,54,0.3,0.3,0.0,2.0,9.28,14.4
2011-12-05,8.8,14.0,5.1,5.5,10.5,63,0.0,0.0,0.0,0.0,5.7,8.5
2011-12-06,6.8,9.0,5.1,3.4,5.7,69,11.7,11.7,0.0,9.0,4.72,7.4
2011-12-07,8.1,11.7,4.7,5.7,9.6,76,0.0,0.0,0.0,0.0,4.11,6.6
2011-12-08,7.7,9.1,6.4,4.8,5.7,83,3.9,3.9,0.0,8.0,4.49,7.7
2011-12-09,4.6,6.5,2.4,1.0,3.3,81,4.7,4.4,0.21,11.0,5.32,8.8
2011-12-10,5.1,9.9,0.3,1.4,5.8,61,0.0,0.0,0.0,0.0,3.92,6.4
2011-12-11,6.8,12.8,0.7,3.7,10.0,65,0.0,0.0,0.0,0.0,2.85,5.2
2011-12-12,7.2,13.1,1.9,4.4,9.8,74,0.0,0.0,0.0,0.0,3.51,5.3
2011-12-13,7.5,11.2,4.4,4.3,7.8,71,0.0,0.0,0.0,0.0,4.16,6.7
2011-12-14,7.0,10.2,4.4,3.8,7.9,76,1.0,1.0,0.0,5.0,4.18,6.3
2011-12-15,8.4,14.0,3.2,6.1,11.5,79,0.0,0.0,0.0,0.0,4.32,9.4
2011-12-16,6.7,8.9,2.2,3.2,7.2,71,1.3,1.3,0.0,4.0,6.04,11.7
2011-12-17,3.8,9.1,-0.2,-0.6,4.0,54,0.0,0.0,0.0,0.0,4.2,8.4
2011-12-18,4.7,10.4,-1.1,1.3,7.2,61,0.0,0.0,0.0,0.0,3.18,6.2
2011-12-19,4.6,7.9,1.7,1.4,5.4,70,0.0,0.0,0.0,0.0,3.33,6.8
2011-12-20,4.6,8.7,0.5,0.4,4.7,63,0.2,0.2,0.0,1.0,4.59,8.7
2011-12-21,3.8,8.0,0.7,0.3,4.8,73,0.0,0.0,0.0,0.0,3.55,4.7
2011-12-22,4.4,8.9,1.8,1.6,6.9,84,0.0,0.0,0.0,0.0,3.31,5.9
2011-12-23,4.7,7.4,1.8,-1.7,0.5,52,0.0,0.0,0.0,0.0,8.35,15.2
2011-12-24,3.1,7.0,0.3,-1.1,2.8,58,0.0,0.0,0.0,0.0,5.97,6.4
2011-12-25,2.8,7.6,-0.6,-1.3,4.5,64,0.2,0.2,0.0,1.0,5.39,8.4
2011-12-26,2.4,7.5,-2.2,-2.2,2.5,53,0.0,0.0,0.0,0.0,5.66,9.4
2011-12-27,3.0,8.4,-1.3,-2.1,2.5,51,0.0,0.0,0.0,0.0,7.57,8.0
2011-12-28,4.1,7.9,0.2,-0.6,3.6,56,0.0,0.0,0.0,0.0,6.13,8.7
2011-12-29,4.5,9.2,0.2,0.7,5.4,70,0.1,0.1,0.0,1.0,4.92,8.1
2011-12-30,4.4,8.3,1.3,-1.4,1.4,51,0.0,0.0,0.0,0.0,7.62,14.2
2011-12-31,3.9,8.6,0.5,-0.4,5.1,53,0.0,0.0,0.0,0.0,5.28,7.5
2012-01-01,3.9,7.8,1.1,0.5,5.3,71,0.7,0.7,0.0,3.0,3.14,5.4
2012-01-02,4.5,10.2,0.4,-0.2,4.0,66,0.0,0.0,0.0,0.0,8.72,14.9
2012-01-03,4.7,9.3,0.2,-0.3,3.3,49,0.0,0.0,0.0,0.0,5.79,8.7
2012-01-04,4.3,10.5,-0.3,-0.2,6.4,53,0.0,0.0,0.0,0.0,8.56,14.0
2012-01-05,3.5,8.6,-0.8,-1.9,2.1,49,0.0,0.0,0.0,0.0,7.06,12.7
2012-01-06,3.8,8.4,-0.7,-0.4,4.3,58,0.0,0.0,0.0,0.0,4.44,6.9
2012-01-07,4.0,8.3,0.8,-1.9,1.6,52,0.0,0.0,0.0,0.0,7.34,13.5
2012-01-08,3.3,8.1,-0.7,-1.6,3.5,54,0.0,0.0,0.0,0.0,5.99,7.1
2012-01-09,4.4,8.9,0.8,1.0,5.8,68,0.0,0.0,0.0,0.0,3.49,4.8
2012-01-10,5.0,9.0,0.9,1.5,4.8,70,0.0,0.0,0.0,0.0,4.27,7.0
2012-01-11,4.7,9.6,1.5,0.0,4.7,67,0.3,0.3,0.0,2.0,8.9,14.2
2012-01-12,2.2,5.4,-1.4,-3.3,1.2,48,0.0,0.0,0.0,0.0,9.17,14.7
2012-01-13,3.8,10.1,-2.2,0.1,6.3,62,0.0,0.0,0.0,0.0,6.23,7.4
2012-01-14,2.9,6.4,-0.6,-1.6,2.6,57,0.0,0.0,0.0,0.0,6.36,8.3
2012-01-15,2.8,6.3,-0.5,-1.4,1.8,60,0.0,0.0,0.0,0.0,5.16,6.7
2012-01-16,2.7,4.6,0.6,-1.5,0.3,62,0.0,0.0,0.0,0.0,4.3,6.5
2012-01-17,3.2,6.6,1.1,-0.8,2.6,59,0.1,0.0,0.21,1.0,3.96,6.5
2012-01-18,3.1,8.7,-1.5,-0.5,5.1,70,0.0,0.0,0.0,0.0,3.42,6.3
2012-01-19,5.0,9.5,0.7,0.9,5.2,69,0.3,0.3,0.0,2.0,5.16,8.5
2012-01-20,3.3,4.3,2.4,-2.2,-0.4,86,11.2,10.6,0.42,21.0,7.67,12.8
2012-01-21,2.8,3.5,2.2,-2.4,-0.9,88,14.9,13.8,0.77,22.0,7.55,11.5
2012-01-22,5.0,7.6,2.3,1.6,4.9,89,8.7,8.7,0.0,12.0,5.44,8.1
2012-01-23,3.6,7.1,0.6,0.5,3.4,87,7.8,7.2,0.42,15.0,5.43,7.9
2012-01-24,1.9,4.0,-1.7,-2.4,0.5,69,1.8,0.3,1.05,5.0,5.12,7.6
2012-01-25,2.7,7.2,-1.1,-0.8,3.7,68,0.4,0.4,0.0,3.0,4.52,6.1
2012-01-26,1.7,5.4,-1.5,-2.8,-0.0,56,0.0,0.0,0.0,0.0,5.38,9.7
2012-01-27,1.6,6.9,-3.7,-2.5,1.6,55,0.0,0.0,0.0,0.0,4.75,7.8
2012-01-28,0.8,4.5,-2.5,-4.1,-0.2,58,0.0,0.0,0.14,0.0,5.96,9.5
2012-01-29,1.6,5.8,-1.9,-5.1,-2.5,45,0.0,0.0,0.0,0.0,9.59,15.3
2012-01-30,1.8,6.2,-1.5,-3.7,0.0,47,0.0,0.0,0.0,0.0,7.24,11.7
2012-01-31,1.6,6.6,-2.8,-2.6,2.9,54,0.0,0.0,0.0,0.0,4.88,9.2
2012-02-01,4.2,11.4,-1.5,-1.6,5.6,54,0.2,0.2,0.0,1.0,11.79,17.3
2012-02-02,1.0,4.4,-2.1,-5.1,-2.5,44,0.0,0.0,0.0,0.0,8.0,13.0
2012-02-03,1.4,6.2,-3.0,-2.9,2.2,49,0.0,0.0,0.0,0.0,4.61,7.5
2012-02-04,3.7,11.0,-3.1,-0.2,7.2,54,0.0,0.0,0.0,0.0,4.18,7.5
2012-02-05,4.1,8.0,-1.1,-0.1,3.7,61,0.0,0.0,0.0,0.0,4.12,7.3
2012-02-06,4.3,6.2,2.1,1.2,3.4,86,4.2,4.2,0.0,7.0,4.03,5.9
2012-02-07,7.5,8.9,4.8,5.2,6.6,91,26.2,26.2,0.0,17.0,3.86,16.1
2012-02-08,5.1,8.0,1.8,1.7,6.4,73,4.9,4.8,0.07,12.0,4.98,7.1
2012-02-09,2.5,7.4,-2.3,-1.6,3.9,53,0.0,0.0,0.0,0.0,4.49,7.3
2012-02-10,3.6,8.5,-1.1,-0.2,4.8,58,0.0,0.0,0.0,0.0,5.48,7.0
2012-02-11,3.7,7.1,-0.4,-0.4,3.5,59,0.0,0.0,0.0,0.0,5.39,7.3
2012-02-12,3.3,8.6,-2.0,-1.8,2.8,53,0.0,0.0,0.0,0.0,7.39,10.4
2012-02-13,3.8,8.2,-0.4,0.3,5.2,63,0.4,0.4,0.0,3.0,3.4,6.7
2012-02-14,4.9,6.2,2.9,1.6,2.9,86,3.3,3.3,0.0,9.0,5.15,7.9
2012-02-15,6.3,10.3,4.2,3.2,6.4,79,0.0,0.0,0.0,0.0,5.16,6.9
2012-02-16,2.8,3.9,2.1,-1.2,-0.4,67,1.3,0.9,0.63,9.0,3.96,6.7
2012-02-17,3.2,6.5,0.9,-0.6,2.4,75,2.5,1.7,0.56,9.0,4.0,11.2
2012-02-18,1.4,4.6,-1.6,-4.7,-1.7,54,1.7,0.2,1.05,6.0,8.49,16.3
2012-02-19,1.7,6.5,-3.0,-2.4,3.0,49,0.0,0.0,0.0,0.0,4.71,6.3
2012-02-20,3.6,9.4,-2.2,-0.3,5.3,58,0.0,0.0,0.0,0.0,4.57,7.8
2012-02-21,5.9,11.3,-0.8,2.4,7.9,58,0.0,0.0,0.0,0.0,3.83,5.7
2012-02-22,6.6,9.0,3.5,2.7,4.9,65,0.0,0.0,0.0,0.0,4.75,7.6
2012-02-23,7.0,9.8,4.4,3.8,7.9,85,24.5,24.5,0.0,16.0,8.39,13.5
2012-02-24,10.1,13.1,7.5,5.1,9.7,50,0.0,0.0,0.0,0.0,8.72,14.5
2012-02-25,5.6,8.6,3.3,1.9,4.7,86,11.4,11.4,0.0,17.0,6.75,9.7
2012-02-26,5.2,7.7,3.2,1.1,3.3,63,0.0,0.0,0.14,0.0,6.74,8.6
2012-02-27,3.6,7.8,0.5,-2.3,1.1,44,0.0,0.0,0.07,0.0,7.21,11.5
2012-02-28,2.4,5.9,-1.6,-1.9,1.1,55,0.0,0.0,0.0,0.0,3.85,7.1
2012-02-29,1.8,3.7,0.8,-2.8,-0.1,91,21.4,7.4,9.8,17.0,6.18,9.8
2012-03-01,6.6,11.8,1.4,3.8,10.0,80,0.0,0.0,0.0,0.0,5.19,8.1
2012-03-02,6.8,8.5,5.0,3.8,5.9,88,11.3,11.3,0.0,14.0,5.71,9.1
2012-03-03,7.0,11.2,4.0,3.1,7.2,68,0.4,0.4,0.0,3.0,6.24,9.0
2012-03-04,5.2,6.6,3.8,1.2,2.8,65,0.8,0.8,0.0,3.0,4.42,6.8
2012-03-05,5.1,7.9,2.4,1.3,6.3,92,26.3,26.3,0.0,17.0,7.57,11.4
2012-03-06,10.5,15.3,7.1,8.8,14.4,89,18.5,18.5,0.0,9.0,4.82,13.2
2012-03-07,11.1,13.5,8.4,9.2,12.0,79,1.5,1.5,0.0,8.0,3.82,5.9
2012-03-08,8.9,10.3,7.6,5.7,7.4,72,2.2,2.2,0.0,6.0,4.54,7.9
2012-03-09,7.2,7.8,5.5,3.8,5.3,87,21.1,21.1,0.0,20.0,6.97,11.1
2012-03-10,4.8,6.3,3.3,0.1,2.4,86,18.3,18.3,0.0,17.0,8.51,13.6
2012-03-11,6.4,9.9,3.8,3.0,5.7,76,0.3,0.3,0.0,2.0,6.2,9.8
2012-03-12,5.9,10.5,1.0,0.8,5.8,53,0.1,0.1,0.0,1.0,8.32,13.0
2012-03-13,5.6,9.4,1.9,0.2,4.3,47,0.0,0.0,0.0,0.0,8.07,12.3
2012-03-14,5.7,9.8,0.8,2.2,6.6,59,0.0,0.0,0.0,0.0,4.31,6.3
2012-03-15,6.1,11.9,0.6,1.2,6.8,57,0.0,0.0,0.0,0.0,8.81,14.7
2012-03-16,5.7,9.8,-0.0,1.7,5.7,55,0.0,0.0,0.0,0.0,4.85,7.8
2012-03-17,8.3,11.0,6.0,6.2,9.4,83,17.2,17.2,0.0,17.0,4.38,14.9
2012-03-18,9.1,11.8,5.9,7.4,9.7,90,2.6,2.6,0.0,10.0,4.13,6.7
2012-03-19,8.3,9.9,6.1,3.7,7.4,58,0.3,0.3,0.0,2.0,8.73,15.4
2012-03-20,6.9,11.4,3.3,3.4,7.5,60,0.0,0.0,0.0,0.0,5.14,7.5
2012-03-21,6.9,11.6,2.9,1.2,5.4,45,0.0,0.0,0.0,0.0,8.8,15.1
2012-03-22,7.9,14.5,0.9,4.8,11.8,62,0.0,0.0,0.0,0.0,3.3,7.5
2012-03-23,8.4,10.2,6.4,6.1,8.5,78,13.5,13.5,0.0,14.0,5.61,13.3
2012-03-24,8.3,11.4,6.9,5.6,9.7,80,5.5,5.5,0.0,8.0,5.51,16.4
2012-03-25,8.1,12.5,2.5,4.8,10.0,57,2.7,2.7,0.0,5.0,4.37,9.0
2012-03-26,6.4,10.6,1.1,2.6,6.4,46,0.0,0.0,0.0,0.0,6.26,9.8
2012-03-27,7.4,12.7,0.7,3.7,10.1,55,0.0,0.0,0.0,0.0,6.2,9.8
2012-03-28,9.2,15.9,3.0,5.8,14.4,61,0.2,0.2,0.0,1.0,7.94,10.8
2012-03-29,9.4,14.4,3.1,5.5,11.1,52,0.0,0.0,0.0,0.0,6.63,10.4
2012-03-30,12.8,18.2,7.3,7.8,12.0,61,0.0,0.0,0.0,0.0,11.49,17.2
2012-03-31,13.8,17.3,8.2,8.0,11.0,66,9.5,9.5,0.0,9.0,14.04,25.3
2012-04-01,8.8,14.5,4.2,4.5,11.6,48,0.3,0.3,0.0,1.0,7.04,13.1
2012-04-02,8.9,12.8,3.6,5.9,10.1,59,0.0,0.0,0.0,0.0,6.52,10.7
2012-04-03,12.8,16.3,7.4,7.6,9.7,75,9.1,9.1,0.0,7.0,21.04,33.9
2012-04-04,10.6,14.6,6.7,5.7,9.9,45,0.0,0.0,0.0,0.0,8.91,14.7
2012-04-05,12.7,18.4,7.9,7.9,14.4,50,0.0,0.0,0.0,0.0,8.77,14.5
2012-04-06,9.1,13.2,6.0,5.4,9.3,57,1.2,1.2,0.0,5.0,6.95,10.5
2012-04-07,7.1,11.6,3.6,2.3,6.9,46,0.0,0.0,0.0,0.0,7.51,12.0
2012-04-08,7.5,12.1,1.6,3.7,8.8,54,0.0,0.0,0.0,0.0,6.92,10.5
2012-04-09,14.0,21.5,5.5,11.5,19.3,56,0.0,0.0,0.0,0.0,6.04,10.2
2012-04-10,13.9,18.1,9.1,11.5,16.4,62,0.0,0.0,0.0,0.0,5.5,8.6
2012-04-11,14.3,16.5,11.7,12.0,14.6,83,21.1,21.1,0.0,12.0,9.2,17.7
2012-04-12,15.6,20.2,10.3,14.1,21.2,68,0.8,0.8,0.0,1.0,5.92,11.5
2012-04-13,15.7,20.9,11.3,15.0,21.1,72,3.3,3.3,0.0,4.0,4.66,7.3
2012-04-14,10.3,12.3,8.7,6.9,9.8,85,37.8,37.8,0.0,23.0,7.51,11.9
2012-04-15,10.5,15.5,5.7,8.1,12.5,72,0.0,0.0,0.0,0.0,4.18,6.4
2012-04-16,11.8,15.7,6.7,9.9,13.5,69,0.0,0.0,0.0,0.0,3.7,6.2
2012-04-17,13.6,17.5,11.1,12.4,17.1,76,2.0,2.0,0.0,7.0,4.69,5.5
2012-04-18,13.6,18.6,8.7,11.9,17.1,72,0.0,0.0,0.0,0.0,5.0,7.1
2012-04-19,13.5,16.4,10.6,11.6,15.3,75,0.7,0.7,0.0,4.0,4.44,8.5
2012-04-20,13.0,15.9,10.8,11.0,14.6,70,0.2,0.2,0.0,2.0,3.54,6.7
2012-04-21,11.8,13.5,9.6,9.1,10.4,71,0.2,0.2,0.0,1.0,4.75,7.5
2012-04-22,10.9,12.6,8.6,9.1,11.5,77,4.9,4.9,0.0,7.0,3.38,4.5
2012-04-23,14.3,16.4,11.4,14.3,16.7,89,13.6,13.6,0.0,17.0,3.83,11.6
2012-04-24,17.6,22.9,12.8,17.1,22.8,75,0.3,0.3,0.0,1.0,5.16,7.1
2012-04-25,16.8,20.2,13.6,16.1,19.6,76,0.2,0.2,0.0,2.0,5.25,7.9
2012-04-26,17.2,18.7,15.9,15.3,16.7,82,2.3,2.3,0.0,9.0,8.8,13.4
2012-04-27,16.4,17.4,15.6,16.5,18.1,90,17.0,17.0,0.0,19.0,4.4,7.0
2012-04-28,17.6,22.1,14.5,17.5,22.7,77,0.0,0.0,0.0,0.0,4.05,6.7
2012-04-29,18.0,23.6,12.8,18.5,25.7,78,0.0,0.0,0.0,0.0,4.71,7.4
2012-04-30,19.0,22.2,16.4,19.6,22.7,81,0.8,0.8,0.0,5.0,3.36,5.8
2012-05-01,19.3,21.6,16.9,19.5,21.6,77,0.3,0.3,0.0,2.0,5.37,8.5
2012-05-02,18.2,19.8,16.9,17.8,19.4,85,19.5,19.5,0.0,17.0,6.87,11.0
2012-05-03,18.0,19.0,16.7,17.9,21.6,90,78.2,78.2,0.0,24.0,9.36,17.5
2012-05-04,18.3,20.8,16.2,19.2,21.7,83,14.2,14.2,0.0,11.0,3.1,7.9
2012-05-05,19.8,24.2,14.9,19.1,25.0,65,0.0,0.0,0.0,0.0,6.07,12.1
2012-05-06,18.3,23.3,14.4,17.6,21.3,76,1.1,1.1,0.0,1.0,11.93,17.7
2012-05-07,17.0,21.6,11.7,15.9,21.1,68,0.0,0.0,0.0,0.0,5.18,8.2
2012-05-08,18.9,23.5,14.7,18.9,25.6,70,0.0,0.0,0.0,0.0,4.33,6.8
2012-05-09,18.2,20.8,16.0,18.6,21.1,80,6.2,6.2,0.0,10.0,4.69,5.1
2012-05-10,16.4,19.7,13.1,15.4,20.0,70,2.7,2.7,0.0,8.0,7.03,9.3
2012-05-11,15.8,20.2,11.7,12.3,16.6,55,0.0,0.0,0.0,0.0,7.3,10.3
2012-05-12,14.9,18.8,11.3,10.5,13.1,49,0.0,0.0,0.0,0.0,7.89,11.6
2012-05-13,15.0,20.0,9.0,13.0,20.2,53,0.0,0.0,0.0,0.0,4.74,6.8
2012-05-14,18.1,22.1,12.9,17.4,21.8,69,0.0,0.0,0.0,0.0,6.54,10.6
2012-05-15,17.9,18.7,16.7,17.7,20.5,85,9.8,9.8,0.0,14.0,5.92,9.2
2012-05-16,20.4,25.7,15.6,19.7,24.0,67,0.0,0.0,0.0,0.0,7.38,8.4
2012-05-17,20.2,24.2,16.4,20.4,24.8,74,0.0,0.0,0.0,0.0,7.01,10.2
2012-05-18,17.7,20.8,15.1,16.1,21.8,66,2.7,2.7,0.0,5.0,7.6,11.6
2012-05-19,18.3,23.3,11.3,17.3,24.5,60,0.0,0.0,0.0,0.0,5.77,9.5
2012-05-20,19.4,23.5,15.6,19.3,22.5,69,0.0,0.0,0.0,0.0,5.22,7.7
2012-05-21,19.4,22.7,16.3,19.0,22.1,72,0.4,0.4,0.0,3.0,5.85,9.0
2012-05-22,14.7,15.7,13.9,12.0,14.2,82,20.9,20.9,0.0,19.0,7.71,12.0
2012-05-23,18.3,23.0,14.0,17.5,23.5,74,1.6,1.6,0.0,4.0,7.1,12.0
2012-05-24,20.3,24.5,16.9,20.8,26.9,75,0.0,0.0,0.0,0.0,5.92,10.5
2012-05-25,19.3,21.5,16.7,20.3,22.0,81,3.2,3.2,0.0,8.0,3.1,6.6
2012-05-26,19.9,24.4,15.6,20.1,24.8,67,0.0,0.0,0.0,0.0,4.83,7.5
2012-05-27,20.9,25.0,17.6,20.8,24.1,63,0.0,0.0,0.0,0.0,6.25,9.8
2012-05-28,20.0,23.5,17.5,20.2,23.8,73,0.0,0.0,0.0,0.0,7.4,14.1
2012-05-29,19.5,23.9,15.5,20.1,24.1,77,9.7,9.7,0.0,9.0,6.59,10.9
2012-05-30,19.3,22.7,16.2,19.3,23.4,73,4.8,4.8,0.0,4.0,4.36,6.6
2012-05-31,19.3,22.6,16.4,19.4,22.0,73,0.0,0.0,0.0,0.0,3.5,5.7
2012-06-01,20.4,24.2,17.6,21.8,26.2,76,2.5,2.5,0.0,5.0,3.01,6.4
2012-06-02,20.5,24.9,16.5,21.3,25.3,73,0.3,0.3,0.0,1.0,3.37,4.6
2012-06-03,19.8,23.2,17.1,20.4,25.1,77,3.7,3.7,0.0,10.0,3.58,8.2
2012-06-04,20.6,25.3,16.1,21.3,27.3,74,0.0,0.0,0.0,0.0,6.36,10.2
2012-06-05,20.7,22.8,18.7,20.7,22.1,76,0.0,0.0,0.0,0.0,7.52,13.1
2012-06-06,18.8,21.2,16.6,18.2,20.6,79,10.2,10.2,0.0,16.0,7.7,12.4
2012-06-07,19.6,22.6,15.4,19.1,21.4,74,0.0,0.0,0.0,0.0,7.28,11.5
2012-06-08,22.1,26.2,18.7,23.7,29.4,78,0.0,0.0,0.0,0.0,6.46,10.0
2012-06-09,19.0,20.5,17.8,18.6,20.4,88,19.0,19.0,0.0,22.0,8.54,13.1
2012-06-10,21.3,25.0,17.8,21.7,26.7,74,0.2,0.2,0.0,1.0,6.98,10.3
2012-06-11,19.8,22.9,17.5,20.0,22.6,74,1.1,1.1,0.0,5.0,4.1,6.5
2012-06-12,16.9,18.1,15.9,16.0,17.2,84,9.4,9.4,0.0,15.0,5.74,9.0
2012-06-13,17.4,20.7,15.4,15.8,19.3,77,2.5,2.5,0.0,6.0,6.8,10.3
2012-06-14,18.1,22.1,15.3,17.4,21.5,73,0.0,0.0,0.0,0.0,4.6,6.9
2012-06-15,19.1,22.9,15.0,19.2,23.2,76,0.0,0.0,0.0,0.0,4.19,6.3
2012-06-16,19.9,21.1,18.4,21.5,23.4,87,15.3,15.3,0.0,16.0,3.94,8.7
2012-06-17,22.9,27.2,19.6,25.6,31.0,83,12.8,12.8,0.0,10.0,4.07,9.9
2012-06-18,23.5,26.6,20.4,25.2,27.3,73,0.0,0.0,0.0,0.0,4.72,7.1
2012-06-19,22.9,25.6,21.2,23.8,27.0,85,39.8,39.8,0.0,11.0,18.79,35.0
2012-06-20,25.3,28.2,21.6,24.3,28.3,76,7.9,7.9,0.0,3.0,20.69,34.8
2012-06-21,22.2,24.3,20.2,23.9,25.5,81,0.0,0.0,0.0,0.0,6.08,9.1
2012-06-22,20.4,21.4,19.0,21.7,24.5,85,53.2,53.2,0.0,13.0,5.95,12.3
2012-06-23,21.1,23.4,18.8,22.4,24.5,79,1.4,1.4,0.0,4.0,3.92,6.9
2012-06-24,21.3,23.6,19.1,22.7,25.6,82,1.2,1.2,0.0,8.0,5.01,6.4
2012-06-25,18.2,19.7,16.4,17.8,18.9,78,1.6,1.6,0.0,8.0,4.75,6.8
2012-06-26,18.7,23.4,14.9,18.3,23.1,69,0.0,0.0,0.0,0.0,4.3,6.8
2012-06-27,19.4,24.0,14.9,19.8,24.0,70,0.0,0.0,0.0,0.0,2.67,5.0
2012-06-28,20.9,24.6,16.5,22.0,25.3,77,0.0,0.0,0.0,0.0,3.75,5.9
2012-06-29,22.3,25.9,19.5,23.6,26.2,75,0.4,0.4,0.0,3.0,5.0,7.8
2012-06-30,22.1,26.0,18.6,23.5,27.8,75,0.0,0.0,0.0,0.0,4.37,7.9
2012-07-01,21.0,23.6,18.9,22.6,25.0,81,16.8,16.8,0.0,12.0,3.31,5.4
2012-07-02,22.2,26.1,19.8,23.9,27.7,83,7.0,7.0,0.0,7.0,3.55,6.9
2012-07-03,22.7,26.4,20.1,24.8,27.6,85,30.8,30.8,0.0,12.0,5.59,8.6
2012-07-04,24.3,28.9,20.8,26.6,31.3,78,0.8,0.8,0.0,2.0,6.08,9.4
2012-07-05,25.2,28.4,22.8,29.2,32.8,81,1.2,1.2,0.0,2.0,3.1,5.3
2012-07-06,24.8,28.1,22.3,27.8,30.8,81,9.2,9.2,0.0,14.0,4.26,6.5
2012-07-07,23.1,24.7,21.0,25.9,28.5,88,12.5,12.5,0.0,22.0,6.45,10.3
2012-07-08,22.4,25.5,20.2,24.4,27.3,79,0.9,0.9,0.0,5.0,2.91,6.6
2012-07-09,23.6,28.0,19.5,26.0,30.0,77,0.0,0.0,0.0,0.0,3.44,6.4
2012-07-10,25.1,28.8,21.8,28.2,32.6,78,0.0,0.0,0.0,0.0,5.23,8.7
2012-07-11,25.8,28.9,22.5,27.9,30.9,78,0.0,0.0,0.0,0.0,9.21,13.9
2012-07-12,25.8,26.7,24.9,26.2,27.0,85,1.3,1.3,0.0,7.0,11.67,19.4
2012-07-13,26.3,29.1,24.8,29.3,31.8,84,2.1,2.1,0.0,5.0,6.99,12.6
2012-07-14,26.9,30.3,24.3,30.0,34.6,82,6.1,6.1,0.0,6.0,6.39,11.8
2012-07-15,27.1,30.4,24.7,29.3,33.5,81,0.0,0.0,0.0,0.0,8.67,14.5
2012-07-16,28.0,30.9,25.5,29.9,33.3,75,0.0,0.0,0.0,0.0,9.88,15.6
2012-07-17,28.5,32.4,25.2,32.7,37.7,76,0.0,0.0,0.0,0.0,5.82,8.7
2012-07-18,27.5,31.3,24.6,32.0,36.0,78,0.0,0.0,0.0,0.0,3.4,5.6
2012-07-19,26.6,31.5,21.7,30.2,35.9,77,5.8,5.8,0.0,5.0,5.97,8.6
2012-07-20,20.7,21.7,19.1,21.4,22.9,80,5.4,5.4,0.0,13.0,4.51,6.8
2012-07-21,20.2,22.5,18.4,21.3,24.1,77,0.4,0.4,0.0,3.0,2.56,4.9
2012-07-22,21.5,24.0,19.1,23.5,27.2,81,0.8,0.8,0.0,4.0,2.59,3.9
2012-07-23,24.1,26.8,21.3,26.9,29.6,80,1.2,1.2,0.0,3.0,4.18,6.8
2012-07-24,26.2,30.0,22.4,30.7,35.9,79,0.0,0.0,0.0,0.0,2.71,3.9
2012-07-25,27.6,31.2,24.0,32.7,36.7,80,0.0,0.0,0.0,0.0,3.11,5.3
2012-07-26,29.1,33.5,25.9,34.7,39.8,76,0.0,0.0,0.0,0.0,3.05,5.4
2012-07-27,28.8,33.0,25.9,34.2,40.4,77,0.0,0.0,0.0,0.0,4.9,8.2
2012-07-28,28.6,32.8,25.9,33.7,38.7,79,0.0,0.0,0.0,0.0,6.65,10.2
2012-07-29,28.6,31.9,26.3,33.1,36.3,79,0.0,0.0,0.0,0.0,6.72,11.1
2012-07-30,28.8,32.5,26.4,32.4,36.0,75,0.0,0.0,0.0,0.0,6.83,12.7
2012-07-31,28.5,32.9,25.0,32.2,36.6,70,0.0,0.0,0.0,0.0,4.57,7.5
2012-08-01,28.4,31.7,24.9,32.7,35.6,75,2.1,2.1,0.0,10.0,4.85,7.8
2012-08-02,29.3,33.5,25.7,34.0,38.5,73,0.0,0.0,0.0,0.0,4.1,6.8
2012-08-03,29.0,32.6,25.9,33.1,36.3,70,0.7,0.7,0.0,3.0,4.57,7.7
2012-08-04,28.3,31.3,25.1,32.0,35.1,72,0.5,0.5,0.0,4.0,3.7,6.7
2012-08-05,29.0,32.9,25.5,33.2,37.1,73,0.1,0.1,0.0,1.0,6.01,9.2
2012-08-06,27.4,28.7,26.2,31.9,33.1,78,3.8,3.8,0.0,7.0,3.65,6.6
2012-08-07,28.0,31.8,23.9,31.9,37.4,71,0.7,0.7,0.0,2.0,6.93,10.4
2012-08-08,25.6,29.2,22.9,27.3,30.9,70,2.8,2.8,0.0,7.0,5.07,9.3
2012-08-09,25.4,29.9,21.7,26.8,31.2,64,0.0,0.0,0.0,0.0,5.72,8.1
2012-08-10,26.6,31.1,22.5,29.1,33.5,69,0.0,0.0,0.0,0.0,6.82,10.5
2012-08-11,27.9,31.2,26.0,31.9,34.4,76,4.2,4.2,0.0,14.0,5.76,9.8
2012-08-12,27.6,30.7,25.4,31.6,33.4,78,2.6,2.6,0.0,10.0,6.32,10.0
2012-08-13,29.0,34.2,25.6,31.6,35.6,73,0.0,0.0,0.0,0.0,10.36,16.3
2012-08-14,27.4,28.9,26.0,31.5,34.0,81,9.7,9.7,0.0,9.0,7.65,11.6
2012-08-15,27.4,31.0,24.7,31.5,34.5,81,1.5,1.5,0.0,3.0,6.34,9.7
2012-08-16,28.8,32.7,25.5,32.6,37.0,74,0.0,0.0,0.0,0.0,5.03,8.7
2012-08-17,29.2,33.9,26.0,34.6,38.8,76,2.0,2.0,0.0,2.0,4.13,7.1
2012-08-18,27.6,29.4,26.4,32.5,35.4,79,14.9,14.9,0.0,17.0,3.57,7.3
2012-08-19,27.9,31.0,25.1,31.7,34.8,75,0.2,0.2,0.0,1.0,4.9,8.7
2012-08-20,27.9,31.9,24.4,32.3,36.6,73,0.0,0.0,0.0,0.0,3.41,6.1
2012-08-21,28.2,32.4,24.2,32.4,37.3,76,0.0,0.0,0.0,0.0,6.58,10.0
2012-08-22,28.8,32.8,25.6,32.2,36.3,73,0.0,0.0,0.0,0.0,6.81,11.8
2012-08-23,29.2,33.6,25.6,33.3,38.6,70,0.0,0.0,0.0,0.0,5.57,8.6
2012-08-24,29.4,33.8,25.7,33.4,37.4,67,0.0,0.0,0.0,0.0,4.56,8.3
2012-08-25,29.4,34.5,24.7,33.2,38.0,65,0.2,0.2,0.0,2.0,4.9,7.4
2012-08-26,29.4,33.8,25.7,33.2,36.7,66,0.0,0.0,0.0,0.0,5.28,8.1
2012-08-27,29.2,33.8,25.2,32.8,37.1,67,0.4,0.4,0.0,1.0,5.74,8.9
2012-08-28,28.9,32.8,25.9,31.9,35.6,68,0.0,0.0,0.0,0.0,6.41,10.4
2012-08-29,28.6,32.3,24.9,31.9,35.2,68,0.0,0.0,0.0,0.0,5.41,9.3
2012-08-30,29.7,34.6,25.6,34.1,39.5,69,0.2,0.2,0.0,1.0,6.21,9.6
2012-08-31,29.0,32.6,26.8,33.1,36.6,73,0.5,0.5,0.0,1.0,6.51,10.7
2012-09-01,27.3,30.0,24.8,30.6,32.2,72,5.0,5.0,0.0,13.0,5.02,8.4
2012-09-02,25.3,27.8,23.4,28.2,30.6,81,18.5,18.5,0.0,24.0,6.0,9.2
2012-09-03,25.6,28.9,23.0,28.8,32.2,79,3.7,3.7,0.0,8.0,5.0,7.9
2012-09-04,26.6,30.3,24.1,30.9,34.3,79,5.6,5.6,0.0,14.0,3.5,6.4
2012-09-05,27.3,31.5,23.7,32.2,37.4,79,0.0,0.0,0.0,0.0,3.94,5.8
2012-09-06,26.7,30.4,24.6,31.4,34.6,81,8.8,8.8,0.0,5.0,3.99,6.1
2012-09-07,26.4,31.0,23.2,30.9,35.5,79,0.5,0.5,0.0,2.0,2.64,5.1
2012-09-08,26.8,30.5,23.8,31.1,34.4,80,0.3,0.3,0.0,3.0,4.4,6.8
2012-09-09,27.5,31.0,24.6,31.4,34.6,77,0.0,0.0,0.0,0.0,4.72,7.6
2012-09-10,27.4,31.6,23.9,31.1,34.6,75,0.0,0.0,0.0,0.0,4.51,7.5
2012-09-11,27.1,31.9,23.3,31.0,34.4,74,0.1,0.1,0.0,1.0,3.64,5.7
2012-09-12,26.6,30.5,23.1,30.5,34.8,73,2.4,2.4,0.0,10.0,2.64,6.0
2012-09-13,27.5,32.2,23.0,30.9,35.5,70,0.0,0.0,0.0,0.0,5.54,9.0
2012-09-14,27.6,30.9,24.7,31.0,32.6,75,0.6,0.6,0.0,2.0,6.34,11.5
2012-09-15,27.3,30.2,24.5,31.0,33.6,74,0.7,0.7,0.0,3.0,4.3,7.4
2012-09-16,26.9,29.9,23.9,30.8,33.2,81,2.5,2.5,0.0,10.0,5.7,8.6
2012-09-17,27.5,29.8,25.5,29.9,31.3,78,4.7,4.7,0.0,13.0,8.6,14.2
2012-09-18,26.7,28.9,25.1,29.3,31.1,81,2.7,2.7,0.0,8.0,7.72,13.8
2012-09-19,25.8,27.2,24.9,29.0,30.6,88,15.8,15.8,0.0,20.0,8.43,12.2
2012-09-20,25.6,28.8,23.2,30.1,34.4,85,1.7,1.7,0.0,8.0,3.16,5.4
2012-09-21,23.5,25.9,21.8,26.2,28.9,82,2.5,2.5,0.0,11.0,5.1,7.4
2012-09-22,22.3,24.5,20.9,24.2,26.5,82,4.1,4.1,0.0,16.0,4.3,8.9
2012-09-23,19.7,20.7,19.0,20.6,23.4,90,41.8,41.8,0.0,21.0,5.58,9.6
2012-09-24,22.5,26.7,18.5,23.8,28.6,72,0.4,0.4,0.0,4.0,5.32,7.6
2012-09-25,20.0,22.0,18.8,20.2,22.3,82,10.6,10.6,0.0,15.0,5.99,9.6
2012-09-26,21.0,24.8,17.4,20.9,24.4,72,0.0,0.0,0.0,0.0,4.7,9.0
2012-09-27,20.3,23.2,17.2,18.4,20.3,71,2.0,2.0,0.0,3.0,8.68,12.6
2012-09-28,21.2,23.9,18.2,20.3,24.8,78,20.6,20.6,0.0,13.0,8.45,16.1
2012-09-29,23.9,27.2,20.2,26.5,30.0,80,0.0,0.0,0.0,0.0,4.2,6.7
2012-09-30,24.8,27.2,22.3,25.6,29.1,81,14.4,14.4,0.0,11.0,19.12,31.5
2012-10-01,25.2,28.8,22.3,26.5,30.5,75,0.0,0.0,0.0,0.0,15.07,31.3
2012-10-02,22.3,24.5,20.4,24.5,26.1,85,3.4,3.4,0.0,11.0,4.76,7.2
2012-10-03,20.7,22.2,19.6,20.8,22.2,83,10.7,10.7,0.0,17.0,7.34,10.9
2012-10-04,22.5,27.2,19.2,21.9,28.2,73,16.0,16.0,0.0,11.0,9.44,14.3
2012-10-05,23.0,26.8,19.9,25.0,28.9,75,2.0,2.0,0.0,5.0,3.2,5.9
2012-10-06,22.7,26.3,20.4,24.9,28.1,79,0.6,0.6,0.0,4.0,2.96,5.4
2012-10-07,19.2,21.2,17.5,19.6,21.4,78,8.1,8.1,0.0,9.0,5.29,8.5
2012-10-08,18.6,22.0,15.4,17.7,20.5,70,0.0,0.0,0.0,0.0,4.88,8.2
2012-10-09,18.2,21.8,15.3,16.9,20.8,70,0.0,0.0,0.0,0.0,4.87,9.0
2012-10-10,18.4,21.7,14.6,17.2,20.5,71,1.7,1.7,0.0,4.0,5.33,9.1
2012-10-11,20.1,24.2,17.2,20.4,24.7,76,2.6,2.6,0.0,4.0,4.88,7.5
2012-10-12,19.5,22.8,15.6,18.8,21.8,67,3.0,3.0,0.0,7.0,5.39,6.5
2012-10-13,18.9,23.5,14.4,17.2,21.3,55,0.4,0.4,0.0,2.0,5.26,7.6
2012-10-14,17.4,20.6,14.0,16.4,19.8,70,1.6,1.6,0.0,4.0,4.25,6.5
2012-10-15,19.5,24.5,14.2,19.9,25.9,71,0.0,0.0,0.0,0.0,4.02,7.8
2012-10-16,17.6,20.9,14.7,16.3,19.1,64,0.0,0.0,0.0,0.0,4.04,7.5
2012-10-17,16.9,21.1,12.6,16.9,21.1,80,9.3,9.3,0.0,8.0,3.54,12.0
2012-10-18,17.9,20.0,15.3,18.6,21.2,86,25.6,25.6,0.0,20.0,7.22,9.0
2012-10-19,15.8,20.0,13.1,13.3,17.7,67,10.1,10.1,0.0,7.0,8.19,12.1
2012-10-20,16.1,20.6,11.5,15.2,19.1,70,0.0,0.0,0.0,0.0,4.52,8.0
2012-10-21,17.6,24.3,11.0,17.2,23.7,70,0.0,0.0,0.0,0.0,3.92,4.7
2012-10-22,17.8,22.2,13.1,17.2,22.8,75,0.0,0.0,0.0,0.0,7.6,10.6
2012-10-23,19.4,21.4,15.3,17.8,21.7,80,12.0,12.0,0.0,13.0,10.41,19.3
2012-10-24,15.5,19.2,12.1,11.8,15.5,53,0.0,0.0,0.0,0.0,8.23,12.1
2012-10-25,14.8,17.9,12.8,13.0,17.0,70,0.1,0.1,0.0,1.0,4.22,6.6
2012-10-26,16.5,21.4,11.7,15.6,20.4,73,0.0,0.0,0.0,0.0,3.72,6.9
2012-10-27,16.2,19.5,13.7,14.4,17.1,72,0.1,0.1,0.0,1.0,5.62,9.9
2012-10-28,14.5,16.0,12.2,14.0,16.9,85,14.8,14.8,0.0,14.0,4.72,6.1
2012-10-29,16.9,21.6,12.5,14.7,18.0,70,2.1,2.1,0.0,5.0,7.49,10.5
2012-10-30,13.2,16.7,9.7,11.8,15.2,72,0.0,0.0,0.0,0.0,3.01,4.8
2012-10-31,13.1,16.7,9.8,11.6,15.7,76,0.3,0.3,0.0,2.0,4.13,7.4
2012-11-01,13.8,20.4,8.7,11.4,16.2,73,0.0,0.0,0.0,0.0,7.94,12.7
2012-11-02,12.9,17.2,9.7,9.1,14.4,53,0.0,0.0,0.0,0.0,6.9,11.3
2012-11-03,11.7,16.2,8.1,8.5,12.7,58,0.0,0.0,0.0,0.0,4.89,7.0
2012-11-04,12.6,17.3,7.3,10.2,15.3,57,0.0,0.0,0.0,0.0,3.58,5.8
2012-11-05,13.3,17.1,9.1,11.8,16.6,72,0.0,0.0,0.0,0.0,2.44,4.7
2012-11-06,15.0,17.4,13.0,15.3,18.5,90,20.9,20.9,0.0,18.0,2.34,10.8
2012-11-07,15.6,19.4,11.9,15.2,18.5,77,0.1,0.1,0.0,1.0,4.05,5.2
2012-11-08,14.1,19.4,8.1,12.1,17.4,64,0.0,0.0,0.0,0.0,4.44,5.4
2012-11-09,14.3,18.7,10.2,11.9,17.0,64,0.0,0.0,0.0,0.0,5.61,7.2
2012-11-10,13.9,18.2,10.6,10.8,14.7,59,0.0,0.0,0.0,0.0,6.59,11.8
2012-11-11,12.6,15.4,9.9,11.4,15.1,83,13.1,13.1,0.0,8.0,3.75,6.6
2012-11-12,15.2,18.3,12.7,14.7,19.0,89,10.6,10.6,0.0,12.0,6.08,12.6
2012-11-13,13.5,16.6,11.5,12.5,15.1,80,0.2,0.2,0.0,1.0,2.96,6.8
2012-11-14,11.3,16.3,7.1,8.6,13.2,64,0.3,0.3,0.0,2.0,5.33,6.7
2012-11-15,9.4,14.5,4.6,5.6,10.4,57,0.0,0.0,0.0,0.0,5.83,6.6
2012-11-16,11.0,15.2,5.9,7.7,12.9,59,0.0,0.0,0.0,0.0,5.78,7.3
2012-11-17,12.8,16.5,8.9,10.0,15.3,78,23.3,23.3,0.0,11.0,9.73,21.1
2012-11-18,11.8,15.1,7.5,7.3,9.5,57,0.0,0.0,0.0,0.0,7.7,13.1
2012-11-19,7.5,8.9,5.5,4.5,6.5,73,0.5,0.5,0.0,4.0,4.65,6.7
2012-11-20,9.8,16.6,4.1,6.8,14.0,68,0.0,0.0,0.0,0.0,6.07,7.3
2012-11-21,10.0,13.7,5.9,6.1,10.2,53,0.0,0.0,0.0,0.0,6.54,9.8
2012-11-22,9.5,13.4,6.8,7.1,11.1,74,5.3,5.3,0.0,6.0,3.03,10.3
2012-11-23,9.0,11.5,6.1,7.1,9.5,87,3.9,3.9,0.0,7.0,3.06,6.7
2012-11-24,9.1,11.0,6.2,6.0,8.0,70,0.0,0.0,0.0,0.0,4.33,8.5
2012-11-25,7.5,11.1,3.4,4.4,7.8,67,0.0,0.0,0.0,0.0,3.32,5.6
2012-11-26,9.3,14.8,6.2,7.4,14.5,83,15.9,15.9,0.0,12.0,4.02,16.8
2012-11-27,9.0,11.1,4.5,4.0,8.3,56,0.0,0.0,0.0,0.0,9.08,16.0
2012-11-28,6.0,8.4,4.0,2.9,5.8,69,0.0,0.0,0.0,0.0,3.91,4.6
2012-11-29,8.2,14.0,2.1,6.1,11.6,76,1.6,1.6,0.0,4.0,2.84,5.4
2012-11-30,9.1,10.3,7.8,6.5,8.0,82,0.8,0.8,0.0,4.0,4.63,7.4
2012-12-01,6.3,8.2,3.7,2.6,5.1,74,1.0,1.0,0.0,5.0,7.82,10.3
2012-12-02,4.5,7.5,0.6,0.5,3.9,62,2.4,2.4,0.0,4.0,5.34,10.1
2012-12-03,6.2,8.5,3.4,2.2,5.2,82,1.6,1.6,0.0,4.0,6.08,10.1
2012-12-04,9.1,13.1,6.5,6.4,11.5,77,15.4,15.4,0.0,9.0,6.55,12.3
2012-12-05,8.0,11.8,3.2,4.9,8.2,61,0.0,0.0,0.0,0.0,3.0,7.5
2012-12-06,10.2,15.9,4.9,5.2,10.4,56,0.0,0.0,0.0,0.0,9.26,11.3
2012-12-07,6.5,11.1,1.8,3.2,7.6,54,0.0,0.0,0.0,0.0,3.47,5.2
2012-12-08,7.5,14.6,3.1,2.7,6.9,56,0.0,0.0,0.0,0.0,10.82,12.9
2012-12-09,5.2,10.1,1.2,-0.3,4.4,47,0.0,0.0,0.0,0.0,7.94,13.2
2012-12-10,3.0,7.9,-1.1,-1.7,2.2,51,0.0,0.0,0.0,0.0,5.44,13.3
2012-12-11,4.6,10.4,-1.0,0.3,6.4,50,0.0,0.0,0.0,0.0,4.43,5.9
2012-12-12,4.7,10.0,-0.7,0.5,6.0,53,0.0,0.0,0.0,0.0,3.98,7.2
2012-12-13,4.8,10.5,0.4,0.1,5.5,55,0.0,0.0,0.0,0.0,6.59,8.5
2012-12-14,4.7,10.5,-0.5,1.6,7.8,70,0.0,0.0,0.0,0.0,3.08,4.7
2012-12-15,7.9,11.6,5.2,6.0,10.8,81,1.8,1.8,0.0,6.0,2.78,6.8
2012-12-16,10.5,16.1,6.3,7.4,12.4,65,0.6,0.6,0.0,2.0,5.53,13.1
2012-12-17,6.6,8.2,4.4,3.0,5.1,76,3.5,3.5,0.0,7.0,5.37,9.0
2012-12-18,9.3,13.9,6.1,6.6,10.8,79,1.8,1.8,0.0,7.0,6.04,8.5
2012-12-19,4.6,7.4,2.2,-1.1,1.3,53,0.2,0.2,0.0,2.0,8.51,12.8
2012-12-20,4.1,8.6,-0.3,-0.5,5.5,53,0.0,0.0,0.0,0.0,6.04,7.6
2012-12-21,4.9,8.3,0.5,1.3,4.9,62,0.0,0.0,0.0,0.0,3.42,6.1
2012-12-22,5.4,8.7,3.7,1.8,5.0,82,20.6,20.6,0.0,12.0,7.19,14.0
2012-12-23,6.0,8.0,2.7,1.8,4.2,63,0.0,0.0,0.0,0.0,8.0,14.3
2012-12-24,3.0,6.4,0.4,-1.7,1.6,60,0.0,0.0,0.0,0.0,8.2,12.5
2012-12-25,3.1,9.2,-1.2,-0.9,4.5,59,0.0,0.0,0.0,0.0,3.99,7.3
2012-12-26,2.4,5.4,-0.3,-3.8,-1.7,52,0.0,0.0,0.0,0.0,8.22,16.3
2012-12-27,1.6,5.7,-2.7,-3.0,1.5,55,0.0,0.0,0.0,0.0,6.93,10.0
2012-12-28,2.2,5.6,-1.6,-1.1,2.5,75,1.8,1.8,0.0,8.0,3.61,5.9
2012-12-29,6.2,9.9,2.6,2.7,6.8,80,6.8,6.8,0.0,5.0,6.11,10.2
2012-12-30,6.9,8.4,5.4,4.5,6.7,91,33.2,33.2,0.0,15.0,4.47,10.4
2012-12-31,7.5,9.7,2.6,4.2,6.8,70,0.6,0.6,0.0,4.0,6.08,7.4
2013-01-01,4.2,8.8,0.1,0.6,4.6,63,0.0,0.0,0.0,0.0,3.74,6.3
2013-01-02,7.8,13.4,2.6,2.0,5.9,56,0.0,0.0,0.0,0.0,9.69,14.3
2013-01-03,3.2,5.8,-0.5,-2.0,0.8,57,0.0,0.0,0.0,0.0,6.96,11.4
2013-01-04,1.6,5.8,-1.4,-4.7,-0.8,47,0.0,0.0,0.0,0.0,7.11,12.2
2013-01-05,1.1,5.1,-2.5,-3.1,1.3,61,0.0,0.0,0.0,0.0,4.21,6.2
2013-01-06,2.7,9.0,-2.7,-1.4,4.6,66,0.0,0.0,0.0,0.0,5.16,5.7
2013-01-07,3.2,7.4,-1.1,-0.6,3.7,66,0.0,0.0,0.0,0.0,3.36,5.4
2013-01-08,5.1,10.1,1.0,1.8,7.2,70,0.0,0.0,0.0,0.0,3.26,5.1
2013-01-09,5.2,8.6,3.1,2.0,5.9,80,0.4,0.4,0.0,3.0,4.55,6.8
2013-01-10,3.8,6.5,1.4,-0.6,2.6,59,0.5,0.5,0.0,2.0,5.0,7.4
2013-01-11,3.1,8.0,-1.1,-1.4,3.4,54,0.0,0.0,0.0,0.0,4.49,9.0
2013-01-12,3.7,10.3,-0.7,-0.0,6.6,64,0.0,0.0,0.0,0.0,4.37,7.4
2013-01-13,5.8,11.8,-0.5,2.9,8.7,64,0.0,0.0,0.0,0.0,3.3,4.5
2013-01-14,3.7,6.3,1.3,-1.6,2.5,89,46.4,26.3,14.07,19.0,10.89,17.1
2013-01-15,2.7,4.5,-1.2,-2.6,-0.4,62,0.0,0.0,0.0,0.0,7.94,12.2
2013-01-16,0.1,4.0,-3.9,-3.8,1.2,76,0.0,0.0,0.0,0.0,3.61,4.9
2013-01-17,2.0,7.4,-3.8,-2.0,3.7,68,0.0,0.0,0.0,0.0,3.95,8.1
2013-01-18,0.6,5.1,-3.8,-4.8,-1.1,56,0.0,0.0,0.0,0.0,6.88,14.2
2013-01-19,2.7,8.3,-3.4,-1.6,4.1,53,0.0,0.0,0.0,0.0,3.86,7.1
2013-01-20,4.1,9.1,0.0,-0.8,2.6,59,0.0,0.0,0.0,0.0,7.17,12.7
2013-01-21,4.2,8.3,-0.4,0.7,4.1,65,0.0,0.0,0.0,0.0,4.3,7.2
2013-01-22,4.7,8.1,2.0,1.3,5.0,85,5.4,5.4,0.0,11.0,4.92,15.6
2013-01-23,4.9,8.1,1.3,0.7,3.9,67,0.2,0.2,0.0,1.0,4.34,8.0
2013-01-24,5.1,8.6,2.4,1.5,5.0,75,1.0,1.0,0.0,4.0,4.14,6.8
2013-01-25,4.5,11.2,0.2,0.6,6.3,64,0.0,0.0,0.0,0.0,6.0,12.9
2013-01-26,2.3,6.8,-0.7,-2.8,1.6,47,0.5,0.5,0.0,3.0,5.52,12.2
2013-01-27,2.9,7.9,-2.0,-2.0,4.3,44,0.0,0.0,0.0,0.0,5.22,10.3
2013-01-28,3.6,8.9,0.3,-1.6,2.2,58,1.5,0.3,0.84,6.0,7.39,12.7
2013-01-29,5.3,11.2,0.7,0.5,7.3,50,0.0,0.0,0.0,0.0,5.72,9.1
2013-01-30,5.2,12.0,-0.5,0.7,6.5,59,0.0,0.0,0.0,0.0,5.67,10.5
2013-01-31,3.4,8.1,-1.5,-0.3,4.1,57,0.0,0.0,0.0,0.0,4.44,5.8
2013-02-01,6.5,11.5,1.0,3.4,8.2,68,0.0,0.0,0.0,0.0,5.41,8.7
2013-02-02,12.5,17.1,9.3,10.2,15.9,83,1.9,1.9,0.0,4.0,6.37,11.5
2013-02-03,7.8,10.4,4.8,3.9,7.3,55,0.0,0.0,0.0,0.0,5.6,9.3
2013-02-04,8.1,13.7,4.5,5.4,11.8,77,0.3,0.3,0.0,2.0,4.8,9.2
2013-02-05,8.1,10.7,5.4,3.2,7.0,48,0.0,0.0,0.0,0.0,8.18,12.9
2013-02-06,2.8,6.5,1.0,-1.6,2.3,89,18.0,10.1,5.53,18.0,7.61,11.8
2013-02-07,5.7,12.3,1.4,2.7,7.6,80,0.0,0.0,0.0,0.0,5.82,11.0
2013-02-08,3.0,5.6,0.3,-3.1,-0.2,54,0.0,0.0,0.0,0.0,10.74,18.2
2013-02-09,3.0,7.2,-0.6,-2.3,2.6,46,0.0,0.0,0.0,0.0,7.35,10.1
2013-02-10,4.2,9.1,-0.2,0.3,5.6,59,0.2,0.2,0.0,1.0,3.77,5.9
2013-02-11,3.3,7.8,-0.3,-1.5,3.4,57,0.0,0.0,0.0,0.0,7.0,11.1
2013-02-12,2.6,6.6,-2.0,-1.7,3.6,58,0.0,0.0,0.0,0.0,5.37,8.9
2013-02-13,5.5,11.2,1.6,0.2,3.3,66,6.8,5.8,0.7,6.0,10.61,18.1
2013-02-14,4.7,8.8,0.9,1.3,5.3,72,0.0,0.0,0.0,0.0,3.48,5.5
2013-02-15,4.2,6.6,2.4,1.0,3.3,83,4.4,4.4,0.0,8.0,5.11,8.0
2013-02-16,2.1,4.6,-1.0,-5.4,-1.4,52,0.0,0.0,0.0,0.0,11.1,19.4
2013-02-17,2.4,7.0,-2.1,-2.7,3.4,46,0.0,0.0,0.0,0.0,7.0,10.1
2013-02-18,3.4,6.2,-0.3,0.1,3.5,76,7.0,7.0,0.0,14.0,3.77,6.6
2013-02-19,4.2,5.5,2.1,-0.1,3.1,72,2.9,2.8,0.07,11.0,6.62,7.3
2013-02-20,2.6,6.8,-1.0,-1.9,2.8,53,0.9,0.9,0.0,3.0,6.58,11.5
2013-02-21,2.2,6.2,-1.8,-2.9,2.9,49,0.1,0.1,0.0,1.0,5.85,8.3
2013-02-22,3.2,7.6,-1.0,-1.2,3.0,55,0.0,0.0,0.0,0.0,4.57,6.8
2013-02-23,4.4,8.6,0.4,-0.4,4.7,49,0.0,0.0,0.0,0.0,6.53,11.6
2013-02-24,2.3,7.1,-1.3,-3.8,0.0,53,0.0,0.0,0.0,0.0,9.26,14.6
2013-02-25,1.7,7.6,-3.2,-4.4,1.3,41,0.0,0.0,0.0,0.0,7.18,10.6
2013-02-26,3.2,7.7,-2.0,-1.1,3.7,55,0.0,0.0,0.0,0.0,5.53,8.7
2013-02-27,5.0,8.4,2.2,1.9,6.1,81,8.3,7.5,0.56,9.0,4.65,7.6
2013-02-28,7.9,13.3,3.0,5.2,10.8,75,0.0,0.0,0.0,0.0,4.18,6.3
2013-03-01,12.0,15.6,7.8,8.4,12.5,73,9.6,9.6,0.0,6.0,10.32,16.7
2013-03-02,8.0,11.4,3.2,0.9,9.0,45,0.5,0.5,0.0,2.0,10.61,17.9
2013-03-03,5.7,8.9,2.0,1.0,5.6,47,0.0,0.0,0.0,0.0,7.42,10.6
2013-03-04,5.9,8.9,3.0,2.0,4.9,61,2.1,2.1,0.0,6.0,3.61,6.3
2013-03-05,7.3,13.1,0.5,4.0,9.4,61,1.5,1.5,0.0,3.0,4.07,6.2
2013-03-06,8.4,15.1,1.9,5.5,12.3,60,0.0,0.0,0.0,0.0,3.8,5.7
2013-03-07,11.1,16.6,5.8,7.9,12.6,63,0.0,0.0,0.0,0.0,7.16,11.0
2013-03-08,14.9,21.0,8.4,11.7,17.5,59,0.0,0.0,0.0,0.0,7.56,12.8
2013-03-09,14.4,20.3,8.0,11.3,16.9,58,0.0,0.0,0.0,0.0,7.68,10.1
2013-03-10,12.7,24.1,5.1,8.1,19.8,57,0.3,0.3,0.0,1.0,10.63,18.5
2013-03-11,6.6,10.8,2.4,0.5,6.6,38,0.0,0.0,0.0,0.0,10.67,16.6
2013-03-12,9.6,16.1,3.8,6.1,12.5,58,0.0,0.0,0.0,0.0,6.5,9.9
2013-03-13,14.7,19.1,8.2,9.7,15.0,66,5.1,5.1,0.0,4.0,13.38,22.0
2013-03-14,7.9,14.3,4.0,3.6,11.9,63,13.6,13.6,0.0,10.0,8.35,13.6
2013-03-15,7.0,12.0,1.0,3.7,8.9,65,0.0,0.0,0.0,0.0,5.31,8.7
2013-03-16,10.9,17.6,3.5,8.2,15.5,61,0.0,0.0,0.0,0.0,6.99,9.9
2013-03-17,11.2,14.9,5.8,7.4,11.1,54,0.0,0.0,0.0,0.0,7.61,11.9
2013-03-18,16.5,19.4,12.4,11.6,14.4,69,2.3,2.3,0.0,5.0,13.1,21.4
2013-03-19,18.0,21.6,14.9,17.0,21.5,74,2.0,2.0,0.0,4.0,12.34,21.3
2013-03-20,15.6,18.3,13.5,13.2,14.4,73,0.3,0.3,0.0,1.0,8.6,13.4
2013-03-21,10.2,13.3,6.4,5.1,10.8,44,0.0,0.0,0.0,0.0,12.01,18.5
2013-03-22,11.6,16.7,6.8,8.8,13.1,62,1.4,1.4,0.0,5.0,5.91,9.7
2013-03-23,12.6,15.2,9.3,10.0,12.8,65,0.3,0.3,0.0,2.0,5.69,9.2
2013-03-24,10.3,12.0,8.3,7.2,9.8,70,1.6,1.6,0.0,8.0,4.7,9.2
2013-03-25,9.6,10.9,7.7,6.4,8.1,74,6.1,6.1,0.0,13.0,6.89,10.0
2013-03-26,8.1,10.4,3.9,3.8,7.3,52,1.0,1.0,0.0,2.0,6.24,8.9
2013-03-27,7.8,9.6,6.3,4.7,7.6,75,6.0,6.0,0.0,7.0,5.35,7.2
2013-03-28,13.0,18.5,7.9,12.2,17.3,84,0.0,0.0,0.0,0.0,4.37,7.5
2013-03-29,14.7,18.6,12.2,13.7,17.9,83,1.9,1.9,0.0,6.0,6.62,9.9
2013-03-30,8.8,10.9,7.9,5.3,7.4,71,1.0,1.0,0.0,4.0,5.33,8.3
2013-03-31,7.6,8.4,6.8,4.6,5.8,82,2.1,2.1,0.0,10.0,4.6,7.7
2013-04-01,10.2,13.5,6.3,7.2,10.0,65,0.0,0.0,0.0,0.0,5.96,9.5
2013-04-02,10.9,12.7,8.7,8.9,11.5,84,21.9,21.9,0.0,19.0,4.3,5.6
2013-04-03,13.3,15.0,12.0,8.9,11.9,79,46.4,46.4,0.0,16.0,13.01,20.8
2013-04-04,15.1,19.5,9.5,13.4,19.7,65,0.0,0.0,0.0,0.0,6.05,10.0
2013-04-05,15.8,19.8,11.7,14.7,17.7,78,0.0,0.0,0.0,0.0,6.36,10.0
2013-04-06,16.1,19.2,12.3,14.2,16.5,80,40.8,40.8,0.0,11.0,8.74,17.3
2013-04-07,17.1,20.8,10.4,13.4,18.0,66,3.4,3.4,0.0,3.0,15.34,22.5
2013-04-08,13.4,19.2,8.2,9.7,14.9,43,0.0,0.0,0.0,0.0,7.02,10.2
2013-04-09,13.9,19.5,6.8,10.4,15.1,61,0.0,0.0,0.0,0.0,10.87,16.4
2013-04-10,12.3,15.1,8.9,9.4,13.3,66,2.4,2.4,0.0,9.0,5.63,9.6
2013-04-11,8.1,12.4,4.9,4.6,7.9,70,5.1,5.1,0.0,8.0,7.6,12.0
2013-04-12,9.6,14.7,3.7,6.7,11.3,61,0.1,0.1,0.0,1.0,6.74,9.8
2013-04-13,10.2,14.6,5.2,7.2,10.7,60,0.0,0.0,0.0,0.0,5.8,9.1
2013-04-14,14.7,19.9,8.1,10.5,14.8,61,0.0,0.0,0.0,0.0,11.88,18.8
2013-04-15,15.6,19.5,11.8,13.1,19.1,64,0.0,0.0,0.0,0.0,8.42,12.4
2013-04-16,14.5,18.9,9.7,12.7,16.3,68,0.0,0.0,0.0,0.0,5.6,9.2
2013-04-17,18.2,22.6,13.5,15.6,19.4,71,0.0,0.0,0.0,0.0,10.72,18.1
2013-04-18,17.5,21.1,13.5,16.1,20.1,76,0.0,0.0,0.0,0.0,8.91,13.4
2013-04-19,13.3,15.9,9.4,9.2,14.7,51,1.0,1.0,0.0,4.0,7.4,13.7
2013-04-20,8.7,10.2,6.6,5.0,6.2,61,6.8,6.8,0.0,8.0,5.64,9.0
2013-04-21,7.2,10.3,5.4,2.6,6.4,77,22.3,22.3,0.0,16.0,7.72,10.6
2013-04-22,10.1,15.7,4.4,5.3,10.0,46,0.0,0.0,0.0,0.0,8.54,13.0
2013-04-23,12.2,16.9,5.2,9.5,14.3,57,0.0,0.0,0.0,0.0,6.44,9.8
2013-04-24,15.6,16.8,13.4,12.4,15.6,76,6.3,6.3,0.0,13.0,9.79,15.2
2013-04-25,17.5,20.7,15.1,15.1,19.8,60,5.1,5.1,0.0,4.0,6.42,10.6
2013-04-26,16.4,20.8,10.6,14.4,18.1,68,0.7,0.7,0.0,3.0,9.37,16.0
2013-04-27,14.4,19.7,9.4,10.8,16.6,49,0.0,0.0,0.0,0.0,9.13,11.7
2013-04-28,15.0,20.0,9.4,11.7,17.5,41,0.0,0.0,0.0,0.0,5.1,8.6
2013-04-29,15.2,20.6,8.1,13.1,18.9,58,0.0,0.0,0.0,0.0,6.22,9.5
2013-04-30,17.9,20.4,15.4,15.4,18.5,73,0.6,0.6,0.0,3.0,10.72,18.9
2013-05-01,13.5,16.1,11.4,11.3,13.9,70,8.4,8.4,0.0,10.0,4.83,7.2
2013-05-02,13.1,17.0,10.4,9.9,13.1,54,3.1,3.1,0.0,12.0,5.33,6.9
2013-05-03,12.9,17.4,8.3,10.5,14.8,59,0.0,0.0,0.0,0.0,5.71,9.2
2013-05-04,14.5,19.2,9.7,12.7,18.1,66,0.0,0.0,0.0,0.0,5.3,8.1
2013-05-05,16.2,21.1,10.6,14.4,21.2,60,0.0,0.0,0.0,0.0,6.33,9.6
2013-05-06,18.3,24.2,12.4,16.6,20.6,63,0.4,0.4,0.0,2.0,8.32,13.0
2013-05-07,14.6,17.5,10.2,8.3,11.7,38,0.0,0.0,0.0,0.0,10.65,16.7
2013-05-08,15.4,22.3,8.3,11.2,17.5,34,0.0,0.0,0.0,0.0,6.96,11.5
2013-05-09,17.8,23.2,11.9,16.5,21.0,60,0.0,0.0,0.0,0.0,6.76,11.6
2013-05-10,21.1,27.4,14.7,20.3,26.3,57,0.0,0.0,0.0,0.0,6.63,9.9
2013-05-11,18.6,20.4,17.2,18.7,21.1,79,19.0,19.0,0.0,14.0,5.13,13.5
2013-05-12,19.4,24.0,16.6,19.8,26.0,76,1.9,1.9,0.0,5.0,5.91,9.2
2013-05-13,18.8,22.6,16.0,18.3,21.9,79,0.1,0.1,0.0,1.0,8.0,12.1
2013-05-14,20.7,26.4,16.2,22.1,29.2,78,0.0,0.0,0.0,0.0,4.42,7.8
2013-05-15,19.2,23.3,15.8,18.5,22.4,77,0.1,0.1,0.0,1.0,8.9,13.7
2013-05-16,19.3,23.5,15.5,19.2,23.3,73,2.8,2.8,0.0,8.0,4.81,7.7
2013-05-17,17.6,22.6,13.1,16.9,23.5,66,0.1,0.1,0.0,1.0,4.41,7.5
2013-05-18,18.7,22.9,14.1,17.4,21.9,67,0.0,0.0,0.0,0.0,8.41,13.5
2013-05-19,19.4,22.3,16.7,17.7,20.3,66,1.0,1.0,0.0,3.0,8.81,13.9
2013-05-20,19.1,20.7,17.4,20.2,23.9,83,5.9,5.9,0.0,16.0,5.88,7.3
2013-05-21,22.8,26.9,20.1,24.1,27.0,72,0.9,0.9,0.0,3.0,4.68,8.0
2013-05-22,21.4,25.8,18.3,22.2,25.9,76,0.0,0.0,0.0,0.0,6.2,10.2
2013-05-23,21.8,25.0,18.8,21.4,23.8,59,0.0,0.0,0.0,0.0,4.64,9.1
2013-05-24,21.9,26.9,16.4,20.9,27.1,51,0.0,0.0,0.0,0.0,6.17,9.8
2013-05-25,18.1,21.6,14.8,16.6,19.9,67,0.0,0.0,0.0,0.0,5.79,9.5
2013-05-26,21.3,25.6,18.1,21.6,26.1,70,0.0,0.0,0.0,0.0,6.51,10.2
2013-05-27,21.4,25.0,18.3,21.5,24.6,69,0.0,0.0,0.0,0.0,6.3,10.4
2013-05-28,21.5,23.9,19.7,20.5,22.2,68,0.0,0.0,0.0,0.0,7.1,12.4
2013-05-29,20.9,22.7,19.8,19.4,20.2,75,6.9,6.9,0.0,8.0,8.68,15.3
2013-05-30,21.2,22.3,20.2,20.0,23.9,82,3.8,3.8,0.0,8.0,10.94,17.9
2013-05-31,21.6,25.9,17.0,21.6,25.2,64,5.3,5.3,0.0,6.0,5.69,8.2
2013-06-01,19.6,24.0,16.0,19.0,23.0,66,0.2,0.2,0.0,1.0,5.35,8.4
2013-06-02,18.3,21.8,14.8,16.4,19.9,67,0.3,0.3,0.0,3.0,5.5,9.0
2013-06-03,19.1,25.2,14.4,18.8,25.7,65,0.0,0.0,0.0,0.0,5.82,9.5
2013-06-04,21.8,27.6,17.0,22.5,29.4,69,0.0,0.0,0.0,0.0,7.5,11.7
2013-06-05,22.4,26.2,19.2,22.7,27.3,71,0.0,0.0,0.0,0.0,7.82,12.1
2013-06-06,21.8,24.6,19.2,22.1,24.8,68,0.0,0.0,0.0,0.0,4.63,10.3
2013-06-07,21.5,24.9,19.5,21.7,24.9,66,1.0,1.0,0.0,5.0,4.95,8.8
2013-06-08,22.1,26.5,18.1,21.8,26.4,56,0.0,0.0,0.0,0.0,3.64,6.5
2013-06-09,23.2,28.2,17.9,24.3,29.2,65,0.0,0.0,0.0,0.0,5.2,9.0
2013-06-10,22.6,25.5,21.2,23.9,26.7,71,0.8,0.8,0.0,2.0,4.81,9.6
2013-06-11,21.8,23.9,20.3,23.0,24.5,73,8.1,8.1,0.0,10.0,3.11,7.9
2013-06-12,21.2,23.7,19.5,22.5,26.0,88,12.5,12.5,0.0,24.0,5.2,8.3
2013-06-13,21.3,22.0,20.6,22.3,23.2,91,22.1,22.1,0.0,24.0,6.5,9.8
2013-06-14,22.6,25.7,20.5,25.0,28.6,88,5.0,5.0,0.0,11.0,4.42,6.8
2013-06-15,24.3,26.9,22.5,28.2,30.3,87,2.2,2.2,0.0,10.0,3.2,7.0
2013-06-16,22.6,24.5,21.0,25.7,26.9,90,18.8,18.8,0.0,16.0,4.05,6.7
2013-06-17,23.7,28.1,20.8,26.2,30.8,80,0.0,0.0,0.0,0.0,4.55,7.5
2013-06-18,25.0,28.2,22.3,28.7,33.2,82,0.6,0.6,0.0,2.0,3.4,5.3
2013-06-19,24.6,26.4,23.1,26.1,28.4,85,6.2,6.2,0.0,12.0,12.71,20.3
2013-06-20,21.8,22.7,20.8,24.2,27.3,91,15.4,15.4,0.0,24.0,5.11,8.5
2013-06-21,21.3,22.8,19.5,23.4,25.7,85,8.1,8.1,0.0,18.0,3.86,5.9
2013-06-22,21.7,24.9,18.1,23.3,27.3,77,0.2,0.2,0.0,1.0,4.62,9.9
2013-06-23,22.5,26.3,18.7,24.4,28.8,77,0.7,0.7,0.0,2.0,4.11,6.7
2013-06-24,22.7,26.7,20.1,25.2,29.7,79,0.4,0.4,0.0,3.0,2.78,5.2
2013-06-25,23.4,26.2,21.0,26.1,29.1,82,3.0,3.0,0.0,2.0,4.18,6.7
2013-06-26,21.4,22.9,19.7,23.1,25.0,90,40.8,40.8,0.0,15.0,7.91,10.0
2013-06-27,21.8,26.1,18.9,22.1,27.4,73,7.2,7.2,0.0,4.0,6.76,9.3
2013-06-28,21.2,24.1,18.3,22.5,24.5,80,0.0,0.0,0.0,0.0,4.46,6.8
2013-06-29,22.7,26.7,19.6,24.8,29.0,77,0.1,0.1,0.0,1.0,3.2,5.7
2013-06-30,23.1,25.9,20.9,25.0,28.0,79,0.2,0.2,0.0,1.0,6.4,10.7
2013-07-01,23.0,25.3,21.1,24.6,26.2,76,0.0,0.0,0.0,0.0,4.21,8.0
2013-07-02,23.3,26.4,20.3,24.8,27.6,73,0.0,0.0,0.0,0.0,5.0,7.4
2013-07-03,22.8,24.8,21.1,23.1,24.3,78,0.2,0.2,0.0,1.0,8.22,13.6
2013-07-04,24.1,26.0,22.4,25.8,27.6,87,1.0,1.0,0.0,3.0,7.21,10.3
2013-07-05,25.3,27.2,23.4,26.5,28.9,87,6.1,6.1,0.0,6.0,9.74,15.3
2013-07-06,27.4,30.8,25.0,28.7,32.5,78,0.0,0.0,0.0,0.0,10.41,17.0
2013-07-07,27.8,31.8,24.1,32.6,38.2,77,0.8,0.8,0.0,1.0,5.19,8.1
2013-07-08,28.4,34.0,25.0,33.5,39.1,76,3.3,3.3,0.0,5.0,3.49,5.4
2013-07-09,28.6,33.4,25.2,33.7,39.8,76,0.8,0.8,0.0,1.0,4.12,6.3
2013-07-10,29.1,33.1,25.9,34.6,40.4,76,0.0,0.0,0.0,0.0,4.63,7.0
2013-07-11,29.2,33.5,26.1,34.6,40.0,75,0.0,0.0,0.0,0.0,5.12,8.2
2013-07-12,29.7,33.9,26.1,34.6,38.5,71,0.0,0.0,0.0,0.0,4.98,7.6
2013-07-13,28.8,31.3,26.2,33.7,36.7,73,0.0,0.0,0.0,0.0,2.53,4.8
2013-07-14,28.8,33.4,25.7,33.0,37.3,72,0.5,0.5,0.0,2.0,3.81,6.9
2013-07-15,28.7,34.5,23.5,31.0,35.4,65,0.3,0.3,0.0,2.0,7.29,11.8
2013-07-16,25.3,29.0,22.3,27.4,30.5,69,0.0,0.0,0.0,0.0,4.53,7.7
2013-07-17,24.2,27.7,22.0,26.4,29.4,76,5.8,5.8,0.0,11.0,4.21,7.5
2013-07-18,26.5,30.5,23.3,30.1,35.1,78,7.3,7.3,0.0,7.0,6.3,10.5
2013-07-19,25.1,28.8,21.6,27.4,31.6,72,0.9,0.9,0.0,5.0,5.1,7.2
2013-07-20,23.6,28.0,20.8,24.6,28.8,66,0.0,0.0,0.0,0.0,4.9,6.8
2013-07-21,24.0,28.3,20.4,25.9,31.0,68,0.0,0.0,0.0,0.0,3.35,5.3
2013-07-22,25.9,29.6,22.8,29.2,32.5,76,0.0,0.0,0.0,0.0,5.38,9.5
2013-07-23,27.3,32.3,24.2,31.7,37.5,78,4.1,4.1,0.0,5.0,3.96,7.7
2013-07-24,24.8,26.1,24.0,28.8,30.1,88,8.5,8.5,0.0,15.0,3.71,8.4
2013-07-25,25.5,28.3,23.4,30.0,33.1,86,0.2,0.2,0.0,1.0,2.37,4.4
2013-07-26,27.0,30.3,24.4,32.1,35.4,86,2.5,2.5,0.0,5.0,5.11,7.2
2013-07-27,26.0,28.9,23.1,30.3,32.6,85,14.7,14.7,0.0,14.0,5.47,9.3
2013-07-28,26.2,30.2,22.8,30.3,35.1,77,0.2,0.2,0.0,1.0,2.86,5.4
2013-07-29,25.0,26.1,24.1,29.5,30.6,89,18.3,18.3,0.0,15.0,3.32,6.8
2013-07-30,26.9,31.2,23.4,31.3,36.0,80,0.1,0.1,0.0,1.0,3.5,5.6
2013-07-31,26.8,30.0,24.9,31.3,34.2,80,0.0,0.0,0.0,0.0,3.63,6.0
2013-08-01,26.2,28.7,24.0,30.8,34.2,86,16.1,16.1,0.0,14.0,3.84,6.5
2013-08-02,25.0,28.2,22.9,28.0,31.9,80,0.6,0.6,0.0,5.0,3.86,6.5
2013-08-03,25.4,28.8,22.7,28.4,31.9,75,0.0,0.0,0.0,0.0,4.41,7.1
2013-08-04,26.3,29.1,23.3,30.2,33.4,80,0.6,0.6,0.0,3.0,5.02,9.6
2013-08-05,27.6,30.7,24.9,31.7,34.7,81,0.0,0.0,0.0,0.0,6.43,11.9
2013-08-06,27.7,29.8,26.0,33.0,35.7,84,0.4,0.4,0.0,2.0,4.0,7.3
2013-08-07,28.5,33.2,24.5,33.5,38.3,76,0.4,0.4,0.0,1.0,3.44,6.4
2013-08-08,28.9,33.0,25.0,34.2,38.5,76,0.0,0.0,0.0,0.0,3.45,6.2
2013-08-09,29.8,33.6,26.6,35.9,40.2,79,0.0,0.0,0.0,0.0,4.81,7.6
2013-08-10,31.4,36.4,27.2,38.4,44.1,74,0.0,0.0,0.0,0.0,3.69,4.7
2013-08-11,31.8,36.9,28.9,38.0,43.1,69,0.0,0.0,0.0,0.0,3.97,7.5
2013-08-12,31.3,35.9,27.5,35.9,40.5,62,0.6,0.6,0.0,3.0,3.49,5.8
2013-08-13,29.9,34.0,26.3,33.5,37.0,63,0.9,0.9,0.0,2.0,4.38,7.1
2013-08-14,29.6,34.3,25.8,33.5,37.9,65,0.0,0.0,0.0,0.0,4.8,8.0
2013-08-15,29.3,34.4,25.4,33.4,38.7,69,0.0,0.0,0.0,0.0,6.08,10.2
2013-08-16,29.4,33.4,26.7,33.3,38.2,72,0.0,0.0,0.0,0.0,6.26,10.8
2013-08-17,29.1,32.9,26.2,31.7,35.0,70,0.0,0.0,0.0,0.0,8.39,13.7
2013-08-18,29.4,33.6,26.3,32.2,35.9,70,0.0,0.0,0.0,0.0,7.93,12.6
2013-08-19,29.8,33.9,26.8,33.4,38.0,71,0.0,0.0,0.0,0.0,8.16,11.8
2013-08-20,29.7,32.9,26.8,33.3,36.3,72,0.0,0.0,0.0,0.0,8.61,13.4
2013-08-21,28.9,33.7,26.6,34.1,39.3,74,0.9,0.9,0.0,1.0,3.16,5.5
2013-08-22,29.1,33.8,26.0,33.5,37.5,72,0.0,0.0,0.0,0.0,3.92,6.4
2013-08-23,28.7,31.5,27.0,33.9,36.3,76,1.2,1.2,0.0,4.0,3.2,5.1
2013-08-24,28.8,31.9,25.8,33.1,36.7,71,4.5,4.5,0.0,7.0,3.41,6.4
2013-08-25,24.4,26.5,22.8,27.4,30.1,78,20.5,20.5,0.0,13.0,4.43,5.6
2013-08-26,25.5,29.0,21.8,28.0,30.5,74,1.2,1.2,0.0,1.0,4.9,8.7
2013-08-27,25.0,29.9,21.4,26.8,31.5,70,7.5,7.5,0.0,6.0,6.11,9.4
2013-08-28,26.3,30.8,21.6,29.1,34.2,66,0.0,0.0,0.0,0.0,3.62,5.1
2013-08-29,26.8,30.5,23.7,30.4,34.4,76,0.1,0.1,0.0,1.0,6.44,10.2
2013-08-30,29.2,33.5,25.0,33.5,38.6,75,0.0,0.0,0.0,0.0,5.41,9.7
2013-08-31,29.3,32.6,25.9,33.1,36.5,75,0.0,0.0,0.0,0.0,9.69,14.2
2013-09-01,28.9,34.3,25.1,33.2,40.3,75,3.6,3.6,0.0,4.0,7.52,13.5
2013-09-02,27.4,30.9,24.9,30.7,32.9,76,0.2,0.2,0.0,1.0,6.92,10.6
2013-09-03,28.2,31.5,25.5,32.0,34.2,76,0.4,0.4,0.0,3.0,5.74,11.6
2013-09-04,26.7,28.9,24.8,29.6,30.5,84,8.0,8.0,0.0,13.0,10.6,14.8
2013-09-05,26.6,28.3,25.2,30.0,31.0,85,0.8,0.8,0.0,3.0,6.81,13.9
2013-09-06,25.2,26.9,23.9,28.2,29.9,81,5.8,5.8,0.0,12.0,6.22,9.3
2013-09-07,25.5,28.9,22.8,28.5,32.1,77,0.7,0.7,0.0,4.0,3.88,5.1
2013-09-08,25.0,28.3,21.9,28.5,32.7,83,24.2,24.2,0.0,12.0,5.23,8.9
2013-09-09,23.9,27.1,21.8,26.0,28.0,74,0.6,0.6,0.0,4.0,3.32,5.3
2013-09-10,24.0,27.5,20.3,26.1,28.8,73,0.0,0.0,0.0,0.0,2.91,5.0
2013-09-11,24.3,26.8,22.3,26.7,29.2,76,0.3,0.3,0.0,2.0,3.81,5.7
2013-09-12,26.1,30.4,22.0,29.8,34.2,75,0.0,0.0,0.0,0.0,3.34,5.3
2013-09-13,27.1,30.6,24.0,31.3,34.3,77,0.0,0.0,0.0,0.0,3.67,6.1
2013-09-14,27.4,30.7,24.4,31.6,34.0,78,0.0,0.0,0.0,0.0,4.1,6.5
2013-09-15,26.3,28.6,24.4,30.6,32.7,88,19.5,19.5,0.0,16.0,6.33,13.7
2013-09-16,25.8,27.8,21.3,24.8,30.8,75,13.6,13.6,0.0,12.0,17.22,32.1
2013-09-17,21.6,26.3,17.1,21.6,27.1,60,0.0,0.0,0.0,0.0,6.31,11.3
2013-09-18,21.9,26.9,17.1,22.5,27.6,67,0.0,0.0,0.0,0.0,3.18,6.3
2013-09-19,22.0,27.0,17.0,22.9,28.4,68,0.0,0.0,0.0,0.0,3.48,6.7
2013-09-20,23.0,28.0,17.5,24.5,29.1,74,0.0,0.0,0.0,0.0,4.75,7.8
2013-09-21,24.2,28.3,20.1,26.8,31.0,76,0.0,0.0,0.0,0.0,3.61,5.8
2013-09-22,24.5,28.9,21.1,26.7,31.2,73,0.0,0.0,0.0,0.0,5.44,8.4
2013-09-23,21.9,24.5,19.7,20.8,22.1,67,4.8,4.8,0.0,7.0,7.01,11.1
2013-09-24,22.0,26.2,18.6,22.7,27.9,78,6.5,6.5,0.0,17.0,5.65,9.8
2013-09-25,23.5,25.8,21.5,26.3,28.9,87,11.0,11.0,0.0,22.0,4.0,8.0
2013-09-26,21.7,23.6,16.5,21.2,26.7,73,3.1,3.1,0.0,6.0,7.71,12.6
2013-09-27,18.1,22.3,13.7,16.4,21.0,58,0.0,0.0,0.0,0.0,5.68,9.4
2013-09-28,19.0,23.5,13.7,18.6,23.0,67,0.0,0.0,0.0,0.0,3.28,5.9
2013-09-29,20.9,24.7,18.3,21.4,24.9,69,0.0,0.0,0.0,0.0,3.1,5.1
2013-09-30,21.1,24.7,17.1,21.4,24.3,71,0.0,0.0,0.0,0.0,3.92,7.4
2013-10-01,21.7,23.3,20.0,23.2,26.7,80,9.5,9.5,0.0,16.0,3.85,7.4
2013-10-02,23.0,25.6,21.9,25.0,28.4,89,11.6,11.6,0.0,13.0,7.18,10.3
2013-10-03,22.9,26.6,20.6,25.0,28.3,79,0.4,0.4,0.0,2.0,4.49,7.1
2013-10-04,18.5,20.2,17.4,17.4,20.7,74,1.5,1.5,0.0,6.0,5.19,8.5
2013-10-05,18.2,19.9,15.9,17.4,20.9,85,24.5,24.5,0.0,19.0,6.48,10.1
2013-10-06,21.6,25.1,19.3,23.6,27.4,87,0.1,0.1,0.0,1.0,3.49,6.0
2013-10-07,23.1,26.5,21.0,25.7,28.8,82,0.1,0.1,0.0,1.0,3.0,6.0
2013-10-08,23.9,27.3,21.4,26.3,28.9,82,0.0,0.0,0.0,0.0,5.28,10.4
2013-10-09,24.8,27.3,22.9,24.7,26.2,79,0.0,0.0,0.0,0.0,12.31,19.9
2013-10-10,23.7,26.5,21.3,26.1,28.9,82,0.0,0.0,0.0,0.0,5.81,8.6
2013-10-11,24.1,27.7,21.0,25.5,28.4,82,0.3,0.3,0.0,2.0,8.75,16.0
2013-10-12,24.3,28.4,18.3,24.6,30.3,70,0.0,0.0,0.0,0.0,8.1,12.6
2013-10-13,19.6,24.9,15.2,17.6,22.8,54,0.0,0.0,0.0,0.0,5.2,6.4
2013-10-14,18.7,22.9,13.6,18.2,22.4,68,0.0,0.0,0.0,0.0,3.72,5.3
2013-10-15,18.2,19.1,16.5,17.8,19.7,84,67.6,67.6,0.0,13.0,9.2,14.6
2013-10-16,19.3,23.4,15.9,15.4,21.4,69,133.9,133.9,0.0,10.0,15.92,30.0
2013-10-17,16.1,19.2,12.5,14.2,17.3,61,0.0,0.0,0.0,0.0,6.49,9.1
2013-10-18,16.1,18.8,13.4,14.5,17.3,69,0.0,0.0,0.0,0.0,4.36,7.7
2013-10-19,15.6,18.2,13.8,13.5,15.6,75,1.3,1.3,0.0,4.0,6.28,10.2
2013-10-20,15.5,16.5,14.8,13.8,16.0,88,42.7,42.7,0.0,24.0,9.21,13.3
2013-10-21,18.1,21.7,14.4,18.5,21.8,82,0.0,0.0,0.0,0.0,3.67,5.9
2013-10-22,17.6,18.6,16.5,17.1,18.0,79,0.0,0.0,0.0,0.0,4.32,8.3
2013-10-23,16.8,18.5,15.5,15.9,17.3,78,0.3,0.3,0.0,3.0,5.09,8.3
2013-10-24,15.7,16.7,14.6,14.8,16.6,87,2.0,2.0,0.0,7.0,4.81,8.0
2013-10-25,18.1,19.8,15.7,19.0,22.1,93,13.8,13.8,0.0,20.0,5.77,9.0
2013-10-26,15.6,18.1,13.7,14.3,17.1,84,37.6,37.6,0.0,15.0,6.75,10.7
2013-10-27,15.2,19.7,11.4,12.1,15.5,59,0.0,0.0,0.0,0.0,7.52,11.5
2013-10-28,14.0,18.5,8.9,12.5,16.8,69,0.0,0.0,0.0,0.0,3.71,4.9
2013-10-29,14.2,16.2,11.7,13.5,16.5,85,8.3,8.3,0.0,8.0,4.79,6.0
2013-10-30,16.8,20.9,14.2,16.7,20.1,80,0.0,0.0,0.0,0.0,5.33,6.2
2013-10-31,15.4,19.8,10.3,14.5,18.6,76,0.0,0.0,0.0,0.0,3.47,4.5
2013-11-01,15.5,19.4,11.3,14.2,18.2,70,0.0,0.0,0.0,0.0,4.22,5.4
2013-11-02,15.2,17.9,12.4,14.8,17.3,81,1.6,1.6,0.0,8.0,3.09,4.3
2013-11-03,16.6,19.5,13.7,16.8,18.9,81,2.0,2.0,0.0,4.0,2.65,5.8
2013-11-04,15.8,18.6,12.6,15.5,17.8,82,8.1,8.1,0.0,14.0,3.75,7.6
2013-11-05,14.0,18.2,10.4,11.9,16.2,64,0.0,0.0,0.0,0.0,3.85,8.5
2013-11-06,14.7,19.7,11.0,12.8,15.8,66,0.0,0.0,0.0,0.0,6.62,10.5
2013-11-07,14.1,16.4,12.5,13.2,15.8,86,25.1,25.1,0.0,9.0,6.89,10.7
2013-11-08,14.8,19.7,10.9,12.8,18.3,65,0.0,0.0,0.0,0.0,5.46,7.1
2013-11-09,12.3,14.2,9.8,10.0,12.5,74,1.1,1.1,0.0,4.0,4.79,6.8
2013-11-10,15.6,19.5,11.5,14.0,18.6,82,2.8,2.8,0.0,12.0,8.75,16.1
2013-11-11,11.2,13.7,6.8,7.9,12.2,70,4.9,4.9,0.0,14.0,7.95,13.8
2013-11-12,7.6,10.7,4.8,4.5,8.0,63,1.0,1.0,0.0,5.0,6.35,10.9
2013-11-13,8.0,12.0,4.9,3.6,6.5,58,0.4,0.4,0.0,2.0,6.44,11.8
2013-11-14,8.4,13.0,2.7,5.6,10.1,67,0.4,0.4,0.0,1.0,2.89,5.0
2013-11-15,10.0,12.5,7.8,8.2,10.5,81,0.9,0.9,0.0,5.0,3.8,5.8
2013-11-16,10.4,15.9,5.2,8.1,13.6,75,0.0,0.0,0.0,0.0,3.23,6.6
2013-11-17,12.9,18.2,8.0,11.1,14.8,72,0.0,0.0,0.0,0.0,5.46,8.8
2013-11-18,12.4,18.5,7.2,10.0,14.0,73,0.0,0.0,0.0,0.0,7.37,10.6
2013-11-19,10.8,15.4,7.1,6.8,9.5,57,0.2,0.2,0.0,1.0,7.16,11.3
2013-11-20,9.1,15.0,3.8,5.4,10.6,60,0.0,0.0,0.0,0.0,4.6,7.1
2013-11-21,9.5,14.9,4.3,6.5,11.2,62,0.0,0.0,0.0,0.0,3.42,5.3
2013-11-22,9.7,15.4,4.1,6.9,12.3,66,0.0,0.0,0.0,0.0,4.66,6.1
2013-11-23,10.2,14.5,5.7,7.5,12.1,66,0.0,0.0,0.0,0.0,4.24,6.7
2013-11-24,10.4,16.0,5.4,8.1,13.1,68,0.0,0.0,0.0,0.0,2.92,4.6
2013-11-25,12.6,18.8,6.9,9.5,13.9,77,2.4,2.4,0.0,9.0,15.08,25.2
2013-11-26,13.4,17.2,8.8,11.1,15.7,67,0.8,0.8,0.0,1.0,8.34,21.9
2013-11-27,11.2,15.0,7.3,7.3,10.9,55,0.0,0.0,0.0,0.0,8.82,14.9
2013-11-28,12.5,16.7,7.5,8.6,12.2,64,0.1,0.1,0.0,1.0,8.66,14.7
2013-11-29,8.1,12.6,4.7,4.4,7.7,57,0.0,0.0,0.0,0.0,4.88,8.8
2013-11-30,7.7,12.2,3.2,4.3,9.3,58,0.0,0.0,0.0,0.0,3.58,5.5
2013-12-01,8.7,13.9,3.2,6.3,11.6,65,0.0,0.0,0.0,0.0,2.22,3.6
2013-12-02,8.8,13.9,4.5,6.3,11.3,75,0.0,0.0,0.0,0.0,3.01,4.5
2013-12-03,9.3,14.2,4.8,7.0,12.1,74,0.0,0.0,0.0,0.0,2.69,4.5
2013-12-04,9.9,13.6,6.9,7.6,11.1,78,0.1,0.1,0.0,1.0,3.31,7.0
2013-12-05,9.7,14.4,5.2,7.4,12.3,72,0.0,0.0,0.0,0.0,3.32,5.1
2013-12-06,10.3,16.4,5.8,8.1,13.7,70,0.0,0.0,0.0,0.0,3.4,6.6
2013-12-07,8.7,11.9,6.7,6.1,9.8,68,1.0,1.0,0.0,3.0,3.45,5.3
2013-12-08,7.3,10.4,4.4,3.8,7.1,61,0.0,0.0,0.0,0.0,3.81,6.8
2013-12-09,7.0,9.8,3.7,4.1,7.9,68,0.0,0.0,0.0,0.0,3.64,4.7
2013-12-10,9.6,13.4,7.0,6.4,11.6,72,6.6,6.6,0.0,8.0,9.89,17.7
2013-12-11,7.9,11.5,4.6,4.2,7.7,60,0.0,0.0,0.0,0.0,6.08,10.5
2013-12-12,8.0,11.9,4.0,3.9,8.8,52,0.0,0.0,0.0,0.0,7.0,10.9
2013-12-13,7.7,13.6,2.0,2.8,6.6,59,0.0,0.0,0.0,0.0,11.35,16.9
2013-12-14,5.2,9.9,0.6,1.2,5.8,58,0.0,0.0,0.0,0.0,4.7,6.8
2013-12-15,4.8,10.1,0.3,0.5,5.3,58,0.0,0.0,0.0,0.0,5.36,11.8
2013-12-16,6.8,11.0,3.4,0.3,4.6,43,0.0,0.0,0.0,0.0,9.86,13.9
2013-12-17,7.6,10.8,4.3,3.7,7.0,54,0.0,0.0,0.0,0.0,5.03,6.9
2013-12-18,5.5,7.7,4.0,1.8,4.3,74,5.1,5.1,0.0,9.0,5.7,8.7
2013-12-19,6.2,7.6,4.1,1.7,3.2,87,19.1,19.1,0.0,24.0,6.56,9.6
2013-12-20,6.4,8.4,3.8,2.6,6.5,76,14.6,14.6,0.0,18.0,8.23,13.2
2013-12-21,5.0,9.7,0.3,1.8,7.3,70,0.0,0.0,0.0,0.0,3.83,5.3
2013-12-22,6.4,10.1,3.6,0.8,3.4,53,0.0,0.0,0.0,0.0,8.2,12.8
2013-12-23,4.6,7.8,1.3,0.9,4.5,59,0.1,0.1,0.0,1.0,4.39,6.7
2013-12-24,5.6,10.5,1.4,1.0,6.6,57,0.0,0.0,0.0,0.0,7.98,11.1
2013-12-25,4.5,8.4,-0.0,0.3,4.6,55,0.0,0.0,0.0,0.0,5.49,9.4
2013-12-26,5.9,11.0,1.7,2.9,8.4,75,3.0,3.0,0.0,6.0,4.55,8.3
2013-12-27,6.4,8.3,4.1,2.8,5.2,73,1.6,1.6,0.0,8.0,6.19,9.6
2013-12-28,3.7,8.6,-0.1,-1.1,3.0,48,0.0,0.0,0.0,0.0,5.72,7.6
2013-12-29,3.2,7.8,-1.2,-1.0,4.2,52,0.0,0.0,0.0,0.0,3.69,4.9
2013-12-30,4.0,9.7,-1.7,0.0,5.3,62,0.0,0.0,0.0,0.0,3.9,6.0
2013-12-31,5.0,11.1,-0.2,1.7,7.4,68,0.0,0.0,0.0,0.0,3.49,4.8
2014-01-01,7.1,14.9,0.6,3.3,10.6,64,0.0,0.0,0.0,0.0,7.4,11.9
2014-01-02,5.8,10.4,2.1,1.3,5.3,55,0.0,0.0,0.0,0.0,5.54,8.4
2014-01-03,3.9,7.8,0.6,0.2,4.5,67,0.0,0.0,0.0,0.0,3.73,5.1
2014-01-04,5.1,11.0,2.0,1.4,6.7,66,0.0,0.0,0.0,0.0,6.02,7.6
2014-01-05,3.4,6.3,0.4,-1.0,2.3,57,0.0,0.0,0.0,0.0,5.34,6.5
2014-01-06,3.5,9.2,-1.4,-2.0,1.6,53,0.0,0.0,0.0,0.0,8.75,12.2
2014-01-07,3.5,8.8,-1.3,-0.4,4.8,59,0.0,0.0,0.0,0.0,4.4,6.9
2014-01-08,6.3,12.2,0.4,3.4,9.7,77,15.6,15.6,0.0,8.0,4.36,7.9
2014-01-09,6.7,9.9,2.8,2.4,5.4,70,15.2,15.2,0.0,10.0,8.92,11.6
2014-01-10,2.2,6.2,-0.7,-3.8,0.9,45,0.0,0.0,0.0,0.0,8.41,12.3
2014-01-11,2.8,7.2,-2.5,-1.2,3.3,53,0.0,0.0,0.0,0.0,3.2,5.3
2014-01-12,3.4,9.3,-1.1,-0.3,5.4,68,0.0,0.0,0.0,0.0,3.98,7.2
2014-01-13,2.8,6.9,-0.2,-2.1,1.6,55,0.0,0.0,0.0,0.0,6.29,10.3
2014-01-14,2.0,5.9,-1.4,-2.7,1.5,52,0.0,0.0,0.0,0.0,4.41,5.7
2014-01-15,1.7,4.1,-0.1,-2.8,-0.4,59,0.0,0.0,0.0,0.0,4.78,7.3
2014-01-16,2.3,7.1,-2.7,-1.6,3.5,59,0.0,0.0,0.0,0.0,4.61,4.9
2014-01-17,3.0,7.4,-0.1,-1.2,3.3,61,0.0,0.0,0.0,0.0,4.46,6.8
2014-01-18,2.5,6.7,-0.8,-1.2,3.1,64,0.3,0.3,0.0,2.0,3.18,4.7
2014-01-19,2.7,5.9,-0.7,-3.7,-2.0,54,1.7,0.9,0.56,5.0,10.16,17.9
2014-01-20,2.6,7.7,-1.0,-1.2,3.8,60,0.0,0.0,0.0,0.0,3.44,6.6
2014-01-21,4.5,10.0,-0.8,1.1,7.4,66,0.5,0.5,0.0,3.0,4.85,6.4
2014-01-22,3.8,7.4,1.0,-0.0,3.7,64,0.8,0.5,0.21,5.0,4.34,7.0
2014-01-23,3.9,9.9,-1.1,-0.3,5.9,55,0.0,0.0,0.0,0.0,3.71,6.1
2014-01-24,4.8,12.2,-0.3,1.4,7.9,70,0.0,0.0,0.0,0.0,5.12,9.0
2014-01-25,5.7,10.9,0.5,3.1,8.2,77,0.0,0.0,0.0,0.0,3.41,6.0
2014-01-26,7.7,13.6,1.6,2.4,8.5,61,1.7,1.7,0.0,4.0,9.75,16.5
2014-01-27,2.6,6.1,-0.6,-2.3,1.5,48,0.0,0.0,0.0,0.0,5.8,10.4
2014-01-28,6.1,14.0,-0.9,2.2,9.2,60,0.0,0.0,0.0,0.0,6.26,10.1
2014-01-29,6.4,10.5,2.3,2.4,6.1,57,0.0,0.0,0.0,0.0,5.22,8.5
2014-01-30,8.0,13.6,3.0,4.8,9.3,78,2.0,2.0,0.0,5.0,6.02,12.7
2014-01-31,8.1,12.9,3.6,3.9,8.6,58,0.0,0.0,0.0,0.0,6.05,10.5
2014-02-01,5.9,10.3,2.0,2.6,7.8,61,0.0,0.0,0.0,0.0,3.18,6.5
2014-02-02,7.5,11.9,3.3,5.4,10.1,83,1.3,1.3,0.0,3.0,3.4,8.5
2014-02-03,10.4,16.2,5.4,8.9,14.6,87,0.0,0.0,0.0,0.0,4.3,7.8
2014-02-04,4.4,10.1,-0.2,0.0,7.2,82,7.3,3.8,2.45,16.0,6.45,10.0
2014-02-05,0.2,4.0,-2.1,-6.5,-2.0,48,0.0,0.0,0.0,0.0,9.28,12.0
2014-02-06,1.1,5.0,-2.9,-3.9,0.7,48,0.0,0.0,0.0,0.0,4.95,8.2
2014-02-07,2.3,6.1,-1.9,-2.2,1.7,51,0.0,0.0,0.0,0.0,4.84,7.0
2014-02-08,-0.0,1.3,-1.0,-6.7,-3.8,86,46.4,3.2,30.31,20.0,12.96,22.3
2014-02-09,3.4,6.1,1.2,-1.9,3.7,72,6.8,1.2,3.92,5.0,13.15,22.9
2014-02-10,1.8,3.9,-1.7,-2.2,0.7,69,0.0,0.0,0.0,0.0,7.29,9.3
2014-02-11,1.1,3.1,-1.6,-3.9,-1.2,69,0.0,0.0,0.7,0.0,6.02,10.2
2014-02-12,3.9,7.3,1.2,-1.0,2.6,57,0.0,0.0,0.0,0.0,6.28,10.5
2014-02-13,3.0,6.7,-1.2,-0.5,3.6,64,0.0,0.0,0.0,0.0,3.4,4.6
2014-02-14,1.3,3.2,0.4,-4.1,-1.3,85,28.0,4.5,16.52,18.0,9.12,13.8
2014-02-15,4.9,7.9,0.8,-1.3,4.8,83,96.7,90.7,4.2,18.0,11.46,18.3
2014-02-16,5.7,7.6,3.2,-1.1,0.4,53,0.0,0.0,0.0,0.0,10.3,16.0
2014-02-17,5.1,10.8,0.8,0.4,7.1,52,0.0,0.0,0.0,0.0,6.81,11.2
2014-02-18,3.2,6.6,0.5,-2.4,0.9,49,0.0,0.0,0.0,0.0,7.13,11.0
2014-02-19,2.8,7.2,-1.4,-1.9,2.2,53,0.0,0.0,0.0,0.0,5.63,8.8
2014-02-20,3.2,6.9,-1.0,-0.5,3.5,59,0.0,0.0,0.0,0.0,3.64,5.7
2014-02-21,3.9,8.7,0.0,-1.1,3.4,53,0.0,0.0,0.0,0.0,5.82,9.6
2014-02-22,3.1,7.9,-1.4,-1.2,3.8,53,0.0,0.0,0.0,0.0,4.3,6.2
2014-02-23,3.7,7.0,0.5,-0.1,3.4,64,0.0,0.0,0.0,0.0,3.61,4.9
2014-02-24,4.5,7.4,1.5,0.8,4.4,68,0.0,0.0,0.0,0.0,3.85,5.8
2014-02-25,6.5,11.8,1.6,3.4,8.6,67,0.0,0.0,0.0,0.0,3.72,6.9
2014-02-26,6.9,12.6,1.3,3.7,8.6,63,0.0,0.0,0.0,0.0,4.21,6.9
2014-02-27,9.2,12.3,5.4,6.9,10.0,80,2.9,2.9,0.0,13.0,5.98,14.0
2014-02-28,13.1,16.9,9.7,10.2,13.0,69,1.0,1.0,0.0,6.0,6.51,9.1
2014-03-01,8.3,10.6,7.0,5.4,7.7,81,3.0,3.0,0.0,16.0,5.68,7.3
2014-03-02,5.8,6.9,5.1,2.1,5.0,86,12.4,12.4,0.0,22.0,5.61,8.4
2014-03-03,5.8,9.7,2.4,1.3,4.2,66,2.0,2.0,0.0,10.0,6.83,9.5
2014-03-04,4.8,9.1,-0.8,1.0,5.0,59,0.0,0.0,0.0,0.0,3.64,7.0
2014-03-05,6.3,7.8,4.9,2.8,4.8,86,26.0,26.0,0.0,21.0,8.66,11.4
2014-03-06,4.5,7.2,1.9,-2.9,-0.3,43,0.0,0.0,0.0,0.0,12.38,18.7
2014-03-07,3.1,6.9,-0.9,-1.8,3.1,48,0.1,0.1,0.0,1.0,8.35,11.6
2014-03-08,3.7,9.8,-1.8,-0.4,6.0,52,0.0,0.0,0.0,0.0,4.5,7.1
2014-03-09,4.7,8.6,0.7,0.9,4.2,60,0.0,0.0,0.0,0.0,4.22,7.4
2014-03-10,3.6,6.8,0.0,-2.8,0.2,49,0.5,0.4,0.07,1.0,10.37,16.6
2014-03-11,4.5,9.7,-1.3,-0.1,5.1,45,0.0,0.0,0.0,0.0,5.2,8.8
2014-03-12,8.3,15.1,-0.4,4.9,11.2,61,0.0,0.0,0.0,0.0,6.31,9.9
2014-03-13,10.9,15.7,5.6,8.0,13.4,84,13.3,13.3,0.0,13.0,12.43,20.9
2014-03-14,9.0,11.4,6.1,4.7,9.5,57,1.8,1.8,0.0,12.0,7.0,10.4
2014-03-15,6.8,10.1,2.7,2.3,6.8,52,0.3,0.3,0.0,2.0,5.76,9.3
2014-03-16,9.1,16.3,2.3,5.7,13.5,60,0.0,0.0,0.0,0.0,6.17,9.4
2014-03-17,9.4,14.2,4.8,6.3,10.5,65,0.0,0.0,0.0,0.0,6.11,9.5
2014-03-18,13.0,18.3,5.5,9.7,13.3,74,0.0,0.0,0.0,0.0,11.81,21.9
2014-03-19,9.9,11.7,7.4,5.6,7.8,53,0.0,0.0,0.0,0.0,6.49,10.2
2014-03-20,7.7,8.8,6.6,4.5,6.7,85,19.0,19.0,0.0,14.0,6.18,11.1
2014-03-21,9.1,12.5,5.5,3.8,7.5,49,1.4,1.4,0.0,8.0,10.56,17.6
2014-03-22,8.0,12.6,3.2,3.7,10.1,45,0.0,0.0,0.0,0.0,7.36,11.0
2014-03-23,9.5,16.1,2.7,5.5,11.7,51,0.0,0.0,0.0,0.0,6.88,7.4
2014-03-24,10.9,16.8,3.3,7.7,15.2,55,0.0,0.0,0.0,0.0,6.5,10.1
2014-03-25,14.3,20.6,8.3,12.1,18.0,59,0.0,0.0,0.0,0.0,4.94,8.3
2014-03-26,13.6,17.6,9.4,12.1,15.7,78,1.7,1.7,0.0,5.0,6.89,10.2
2014-03-27,11.5,12.8,8.8,9.4,12.4,81,1.3,1.3,0.0,5.0,6.33,10.6
2014-03-28,12.4,19.2,5.4,9.8,18.1,65,0.0,0.0,0.0,0.0,6.43,9.8
2014-03-29,15.1,20.6,9.7,12.7,17.4,67,0.0,0.0,0.0,0.0,6.68,10.3
2014-03-30,15.3,17.3,13.9,11.8,15.4,81,11.2,11.2,0.0,17.0,14.12,20.9
2014-03-31,14.8,19.1,11.7,9.1,14.2,37,0.0,0.0,0.0,0.0,9.48,15.9
2014-04-01,11.8,15.9,8.1,8.5,12.6,48,0.0,0.0,0.0,0.0,4.61,8.2
2014-04-02,13.1,17.6,7.1,11.0,15.3,64,1.7,1.7,0.0,5.0,4.61,6.9
2014-04-03,13.1,13.8,12.1,12.3,13.4,87,45.7,45.7,0.0,24.0,3.5,9.7
2014-04-04,14.5,19.5,10.3,12.1,17.0,74,22.1,22.1,0.0,9.0,8.64,14.0
2014-04-05,10.2,12.8,7.1,5.8,10.2,49,1.0,1.0,0.0,2.0,8.6,13.6
2014-04-06,7.4,11.1,5.0,3.4,8.2,60,5.0,4.9,0.07,6.0,6.62,10.3
2014-04-07,9.5,14.7,2.8,6.0,11.9,54,0.0,0.0,0.0,0.0,6.13,10.8
2014-04-08,13.2,20.4,6.0,11.5,18.9,61,0.0,0.0,0.0,0.0,2.51,4.9
2014-04-09,13.8,18.4,8.6,11.5,16.0,65,0.2,0.2,0.0,2.0,4.66,8.1
2014-04-10,14.4,21.0,8.7,11.5,19.8,61,0.1,0.1,0.0,1.0,10.66,14.6
2014-04-11,12.1,17.2,6.7,7.3,13.7,31,0.0,0.0,0.0,0.0,8.93,13.7
2014-04-12,12.1,18.6,5.3,8.7,14.5,42,0.0,0.0,0.0,0.0,4.11,7.1
2014-04-13,12.4,17.3,6.8,9.7,14.7,50,0.0,0.0,0.0,0.0,4.61,6.4
2014-04-14,12.4,15.9,8.9,10.2,14.0,67,1.9,1.9,0.0,7.0,4.47,8.4
2014-04-15,14.2,19.4,7.2,12.3,17.7,67,0.0,0.0,0.0,0.0,6.95,11.9
2014-04-16,16.6,21.8,11.6,14.8,19.6,60,0.0,0.0,0.0,0.0,6.31,9.6
2014-04-17,15.6,20.4,10.8,14.2,19.4,66,0.0,0.0,0.0,0.0,5.51,8.7
2014-04-18,12.2,14.9,9.5,10.2,14.3,76,4.9,4.9,0.0,8.0,4.12,8.7
2014-04-19,11.6,15.8,9.0,8.0,12.5,61,0.2,0.2,0.0,1.0,7.4,11.3
2014-04-20,10.3,12.9,7.2,7.6,10.5,68,0.4,0.4,0.0,2.0,3.74,5.7
2014-04-21,13.6,16.2,11.1,12.2,15.1,83,8.3,8.3,0.0,14.0,6.32,14.9
2014-04-22,15.0,18.0,12.6,13.8,16.9,78,2.1,2.1,0.0,8.0,4.23,6.8
2014-04-23,15.1,19.3,11.2,13.9,18.2,64,1.7,1.7,0.0,4.0,4.21,6.5
2014-04-24,15.0,19.3,10.0,13.4,18.0,64,0.0,0.0,0.0,0.0,4.13,6.4
2014-04-25,16.1,21.0,10.8,14.7,20.0,67,0.0,0.0,0.0,0.0,5.26,8.1
2014-04-26,16.6,21.9,11.6,15.7,21.3,68,0.9,0.9,0.0,2.0,5.66,8.7
2014-04-27,16.8,21.3,12.3,14.6,19.6,60,0.0,0.0,0.0,0.0,7.55,11.6
2014-04-28,16.6,21.6,10.8,14.4,19.6,61,0.0,0.0,0.0,0.0,6.85,10.6
2014-04-29,16.1,19.0,13.4,15.2,19.2,75,0.2,0.2,0.0,2.0,5.22,11.1
2014-04-30,16.5,18.3,14.4,15.0,16.1,86,15.0,15.0,0.0,22.0,9.82,14.7
2014-05-01,19.4,22.8,16.6,18.6,22.7,78,4.7,4.7,0.0,8.0,9.59,14.8
2014-05-02,18.8,23.3,14.0,18.8,24.1,74,0.0,0.0,0.0,0.0,5.32,8.0
2014-05-03,19.7,24.6,14.5,19.8,24.3,71,0.0,0.0,0.0,0.0,6.2,9.1
2014-05-04,17.5,21.7,13.4,14.3,21.1,44,0.0,0.0,0.0,0.0,6.75,10.1
2014-05-05,16.9,18.7,14.4,15.4,18.1,79,0.9,0.9,0.0,5.0,7.96,11.4
2014-05-06,14.0,16.2,12.1,12.0,15.6,75,1.6,1.6,0.0,8.0,7.06,9.8
2014-05-07,15.3,20.2,9.8,13.3,17.5,67,0.0,0.0,0.0,0.0,6.93,10.3
2014-05-08,17.6,21.2,12.5,14.6,17.6,67,0.0,0.0,0.0,0.0,11.33,17.2
2014-05-09,17.9,22.8,13.1,16.6,22.4,66,1.0,1.0,0.0,1.0,10.16,16.4
2014-05-10,17.9,23.9,10.8,13.9,18.3,45,0.0,0.0,0.0,0.0,9.18,13.4
2014-05-11,19.0,25.1,11.2,16.7,23.5,43,0.0,0.0,0.0,0.0,5.62,9.0
2014-05-12,18.9,22.4,14.4,15.1,17.2,58,0.0,0.0,0.0,0.0,13.02,20.4
2014-05-13,19.8,24.0,17.2,19.9,25.1,77,8.2,8.2,0.0,9.0,7.88,14.5
2014-05-14,20.9,26.2,16.5,20.3,24.7,69,0.0,0.0,0.0,0.0,8.7,13.1
2014-05-15,19.1,20.7,16.9,18.9,21.2,72,1.1,1.1,0.0,6.0,6.51,9.9
2014-05-16,20.4,24.4,16.1,18.6,23.0,52,0.6,0.6,0.0,2.0,8.49,13.5
2014-05-17,20.1,24.5,14.6,17.0,24.3,38,0.0,0.0,0.0,0.0,8.27,12.1
2014-05-18,19.5,24.4,14.4,18.4,24.6,56,0.0,0.0,0.0,0.0,6.32,10.2
2014-05-19,19.9,24.5,15.6,19.4,24.2,62,0.0,0.0,0.0,0.0,4.42,9.5
2014-05-20,20.5,24.1,16.2,20.2,23.5,65,0.0,0.0,0.0,0.0,5.6,9.9
2014-05-21,17.4,19.0,16.6,15.9,18.6,82,38.8,38.8,0.0,18.0,9.96,16.2
2014-05-22,18.1,22.0,13.5,17.1,22.2,68,0.0,0.0,0.0,0.0,5.49,7.2
2014-05-23,17.3,21.3,13.9,16.6,20.9,72,0.0,0.0,0.0,0.0,5.09,7.6
2014-05-24,19.3,23.3,14.8,19.0,23.0,74,0.0,0.0,0.0,0.0,8.55,12.8
2014-05-25,21.6,25.9,17.9,22.1,27.2,73,0.0,0.0,0.0,0.0,5.28,8.7
2014-05-26,20.1,22.8,17.7,18.8,21.1,79,4.8,4.8,0.0,4.0,11.13,18.0
2014-05-27,21.3,27.1,18.2,22.0,29.8,81,23.5,23.5,0.0,9.0,6.5,12.9
2014-05-28,21.6,25.6,18.8,22.9,27.4,78,3.2,3.2,0.0,3.0,5.38,7.7
2014-05-29,22.1,25.9,18.9,23.8,29.0,73,0.2,0.2,0.0,1.0,3.86,7.3
2014-05-30,22.5,27.3,18.6,24.2,29.4,75,0.0,0.0,0.0,0.0,4.7,7.8
2014-05-31,23.9,30.0,19.7,25.9,33.4,70,0.0,0.0,0.0,0.0,4.8,6.7
2014-06-01,25.0,31.2,20.4,27.1,34.6,68,0.0,0.0,0.0,0.0,4.81,7.3
2014-06-02,24.1,29.2,20.0,26.2,32.5,71,0.0,0.0,0.0,0.0,4.43,7.1
2014-06-03,23.1,27.7,20.0,24.9,29.9,73,0.0,0.0,0.0,0.0,4.08,6.8
2014-06-04,23.3,26.6,20.8,25.1,28.3,77,0.0,0.0,0.0,0.0,6.03,9.0
2014-06-05,20.8,22.0,19.7,21.5,22.3,80,19.6,19.6,0.0,15.0,5.95,7.9
2014-06-06,20.1,21.0,19.4,20.4,21.4,89,77.8,77.8,0.0,24.0,6.34,11.3
2014-06-07,18.9,19.5,18.4,18.4,19.7,90,39.0,39.0,0.0,24.0,7.0,10.8
2014-06-08,20.4,22.2,18.5,21.6,25.1,88,8.8,8.8,0.0,17.0,6.26,9.9
2014-06-09,22.2,25.1,19.3,24.8,28.3,85,9.1,9.1,0.0,12.0,3.55,5.6
2014-06-10,22.4,25.8,19.9,24.9,28.5,84,2.8,2.8,0.0,9.0,3.28,5.1
2014-06-11,21.7,23.0,20.5,24.4,25.7,90,20.8,20.8,0.0,19.0,3.66,9.1
2014-06-12,21.5,23.6,20.7,22.4,25.3,89,17.6,17.6,0.0,15.0,7.55,12.5
2014-06-13,23.3,26.6,18.6,25.2,30.2,74,0.4,0.4,0.0,1.0,4.0,7.7
2014-06-14,23.1,27.2,18.3,24.7,30.4,70,0.3,0.3,0.0,1.0,4.93,7.3
2014-06-15,22.8,27.7,18.5,24.1,30.2,73,0.0,0.0,0.0,0.0,5.35,8.2
2014-06-16,23.2,27.9,18.7,25.1,30.9,74,0.0,0.0,0.0,0.0,4.98,8.3
2014-06-17,23.0,26.6,19.8,25.2,29.3,78,0.0,0.0,0.0,0.0,5.41,8.5
2014-06-18,22.0,24.1,20.5,24.3,25.9,82,0.2,0.2,0.0,2.0,4.02,6.3
2014-06-19,22.8,26.8,18.9,24.1,28.8,73,0.0,0.0,0.0,0.0,6.75,10.2
2014-06-20,23.1,26.0,20.6,24.8,27.4,76,0.0,0.0,0.0,0.0,6.51,13.5
2014-06-21,23.3,26.1,21.1,25.6,28.9,80,0.0,0.0,0.0,0.0,6.21,10.6
2014-06-22,21.7,22.8,20.7,24.3,26.2,86,7.5,7.5,0.0,10.0,2.86,5.7
2014-06-23,22.9,26.4,20.0,25.1,29.9,78,0.1,0.1,0.0,1.0,4.71,7.5
2014-06-24,21.7,23.0,20.6,24.1,25.0,85,9.3,9.3,0.0,14.0,3.22,7.7
2014-06-25,22.1,24.8,19.5,24.7,28.7,84,2.5,2.5,0.0,10.0,4.5,7.8
2014-06-26,23.1,27.0,20.3,25.8,30.2,80,1.0,1.0,0.0,5.0,4.03,6.6
2014-06-27,23.3,25.7,20.8,26.1,29.0,83,0.5,0.5,0.0,5.0,4.05,6.6
2014-06-28,22.4,24.0,21.2,24.7,26.2,87,5.8,5.8,0.0,19.0,5.1,8.1
2014-06-29,23.7,27.7,21.2,26.6,31.8,83,1.4,1.4,0.0,8.0,5.35,6.8
2014-06-30,23.2,25.9,21.0,25.6,28.1,81,2.0,2.0,0.0,8.0,4.3,7.8
2014-07-01,24.1,27.7,20.9,27.1,31.8,80,0.9,0.9,0.0,4.0,2.86,5.4
2014-07-02,24.5,28.5,21.0,27.5,32.3,77,0.0,0.0,0.0,0.0,4.61,8.0
2014-07-03,23.7,26.6,21.4,26.0,29.1,80,2.0,2.0,0.0,4.0,5.6,8.9
2014-07-04,21.5,22.9,20.5,23.1,23.9,87,12.8,12.8,0.0,13.0,5.63,8.0
2014-07-05,22.0,24.3,20.2,23.5,26.0,81,1.1,1.1,0.0,7.0,3.98,7.1
2014-07-06,23.2,26.9,19.7,25.4,28.4,80,0.0,0.0,0.0,0.0,4.44,7.3
2014-07-07,23.6,25.8,22.0,26.5,30.3,86,7.3,7.3,0.0,12.0,5.02,9.0
2014-07-08,25.1,30.1,20.8,28.3,33.3,78,0.0,0.0,0.0,0.0,4.52,7.0
2014-07-09,24.7,27.6,22.7,27.9,29.4,84,2.7,2.7,0.0,8.0,5.61,7.8
2014-07-10,25.4,27.4,23.3,27.3,28.8,87,2.9,2.9,0.0,12.0,10.92,18.7
2014-07-11,27.5,32.1,23.7,32.0,38.2,81,1.2,1.2,0.0,5.0,8.55,18.8
2014-07-12,27.8,32.2,25.0,31.3,36.2,71,1.1,1.1,0.0,4.0,5.65,9.0
2014-07-13,25.4,27.4,23.6,27.9,30.5,79,1.5,1.5,0.0,3.0,8.3,13.3
2014-07-14,26.9,30.3,23.6,31.2,36.8,78,1.7,1.7,0.0,2.0,6.1,7.0
2014-07-15,26.9,31.3,24.0,30.3,34.4,74,3.2,3.2,0.0,4.0,3.69,5.9
2014-07-16,27.1,30.7,23.9,31.7,35.9,80,0.0,0.0,0.0,0.0,5.3,9.0
2014-07-17,26.8,30.0,24.3,30.5,33.2,78,1.1,1.1,0.0,3.0,4.0,6.1
2014-07-18,24.5,27.2,22.8,27.3,29.8,82,23.1,23.1,0.0,13.0,4.14,7.2
2014-07-19,23.6,26.0,22.2,26.9,29.1,85,5.3,5.3,0.0,10.0,3.81,6.9
2014-07-20,24.3,27.8,21.8,27.7,31.4,82,8.5,8.5,0.0,8.0,3.5,5.6
2014-07-21,24.8,28.0,22.7,28.2,32.2,80,0.2,0.2,0.0,1.0,3.71,5.7
2014-07-22,26.4,30.5,23.0,30.8,35.2,79,0.0,0.0,0.0,0.0,3.86,6.4
2014-07-23,27.9,31.4,24.2,33.0,37.1,77,0.0,0.0,0.0,0.0,2.73,5.8
2014-07-24,28.9,33.5,25.9,34.6,39.5,77,0.6,0.6,0.0,1.0,3.01,5.1
2014-07-25,29.3,33.5,25.7,34.4,39.0,74,0.0,0.0,0.0,0.0,4.38,6.5
2014-07-26,29.2,32.8,26.1,34.6,38.9,79,0.0,0.0,0.0,0.0,6.71,10.3
2014-07-27,28.8,32.8,25.8,33.9,38.7,78,5.2,5.2,0.0,7.0,4.96,9.1
2014-07-28,26.1,29.0,24.2,28.4,31.3,68,1.4,1.4,0.0,4.0,3.73,6.6
2014-07-29,26.2,30.2,22.1,28.8,33.0,70,0.0,0.0,0.0,0.0,6.22,9.7
2014-07-30,26.7,30.8,22.6,29.8,34.1,72,0.0,0.0,0.0,0.0,6.82,10.6
2014-07-31,28.0,33.1,24.2,32.6,38.5,77,0.0,0.0,0.0,0.0,5.32,8.3
2014-08-01,28.6,33.0,25.3,33.5,38.1,76,0.0,0.0,0.0,0.0,5.46,9.4
2014-08-02,30.3,34.9,25.6,35.0,41.0,66,0.0,0.0,0.0,0.0,4.22,7.0
2014-08-03,30.4,34.8,26.7,34.3,38.7,65,0.0,0.0,0.0,0.0,6.91,12.5
2014-08-04,30.4,34.4,27.1,32.6,35.8,62,0.0,0.0,0.0,0.0,8.64,13.7
2014-08-05,31.0,35.7,27.3,32.3,36.6,62,0.0,0.0,0.0,0.0,10.03,15.6
2014-08-06,30.5,35.3,27.0,32.2,36.8,64,0.0,0.0,0.0,0.0,9.84,15.8
2014-08-07,29.5,34.0,26.4,32.0,36.7,67,0.0,0.0,0.0,0.0,8.42,13.0
2014-08-08,28.3,30.7,25.7,32.3,34.9,71,0.0,0.0,0.0,0.0,5.18,8.7
2014-08-09,25.4,27.3,23.4,28.1,30.4,82,9.0,9.0,0.0,15.0,6.66,9.8
2014-08-10,26.1,28.7,22.9,27.8,30.0,88,21.0,21.0,0.0,19.0,13.9,20.7
2014-08-11,28.1,30.7,26.3,28.8,32.0,77,0.0,0.0,0.0,0.0,13.34,19.8
2014-08-12,25.3,27.7,22.7,29.5,31.7,87,15.8,15.8,0.0,10.0,4.72,11.2
2014-08-13,25.8,29.9,21.8,30.1,34.8,80,3.1,3.1,0.0,3.0,2.97,5.2
2014-08-14,26.9,28.8,25.3,32.2,34.3,84,0.3,0.3,0.0,2.0,3.01,6.2
2014-08-15,28.2,31.5,25.4,31.1,33.5,79,0.0,0.0,0.0,0.0,10.12,15.7
2014-08-16,26.5,29.6,23.3,30.5,35.1,82,1.4,1.4,0.0,6.0,6.48,10.5
2014-08-17,25.7,29.8,22.9,30.1,34.0,83,0.9,0.9,0.0,6.0,3.49,7.3
2014-08-18,27.9,32.3,24.6,32.4,37.6,79,0.0,0.0,0.0,0.0,7.43,10.3
2014-08-19,28.7,32.0,25.3,32.9,36.3,77,0.0,0.0,0.0,0.0,6.91,11.0
2014-08-20,29.8,34.2,26.2,35.3,40.1,74,0.1,0.1,0.0,1.0,4.81,7.8
2014-08-21,29.8,33.2,26.5,35.1,38.4,73,0.0,0.0,0.0,0.0,3.51,5.8
2014-08-22,29.5,33.4,26.4,34.2,37.4,73,0.0,0.0,0.0,0.0,6.16,10.5
2014-08-23,27.9,30.5,25.9,30.6,32.6,72,0.0,0.0,0.0,0.0,7.08,11.8
2014-08-24,27.7,31.7,24.6,31.8,35.9,73,0.5,0.5,0.0,1.0,3.79,10.0
2014-08-25,26.6,28.6,25.4,29.9,31.2,72,1.7,1.7,0.0,5.0,4.02,7.6
2014-08-26,24.9,26.5,22.8,28.1,30.5,81,4.3,4.3,0.0,11.0,6.02,10.9
2014-08-27,21.6,22.6,20.8,22.5,24.1,82,4.3,4.3,0.0,13.0,6.44,9.9
2014-08-28,21.3,22.6,20.2,22.7,24.2,84,7.2,7.2,0.0,18.0,4.53,6.4
2014-08-29,22.9,25.4,21.0,25.3,27.8,82,6.6,6.6,0.0,21.0,3.42,5.9
2014-08-30,22.3,25.3,20.4,23.8,25.9,80,12.6,12.6,0.0,9.0,4.7,8.5
2014-08-31,22.9,25.7,20.0,24.9,28.4,79,0.6,0.6,0.0,3.0,3.22,8.3
2014-09-01,21.7,22.8,20.7,23.6,24.7,87,45.4,45.4,0.0,22.0,4.43,7.0
2014-09-02,24.0,28.6,19.6,26.0,31.3,75,4.2,4.2,0.0,4.0,4.38,6.4
2014-09-03,23.5,26.1,21.7,25.5,27.9,75,0.0,0.0,0.0,0.0,4.14,6.3
2014-09-04,24.1,26.9,21.1,26.4,28.4,77,0.0,0.0,0.0,0.0,4.06,7.8
2014-09-05,26.2,29.1,23.4,30.2,32.7,83,0.0,0.0,0.0,0.0,5.19,9.9
2014-09-06,26.7,29.8,24.7,30.9,33.0,79,0.3,0.3,0.0,3.0,4.06,5.4
2014-09-07,21.9,23.9,20.1,24.2,28.7,84,6.1,6.1,0.0,11.0,5.19,9.1
2014-09-08,21.4,23.6,19.2,23.6,25.9,83,0.6,0.6,0.0,4.0,3.61,5.0
2014-09-09,23.0,27.3,19.8,23.7,27.6,76,3.6,3.6,0.0,10.0,6.66,11.6
2014-09-10,23.0,25.7,20.8,25.2,27.1,80,3.6,3.6,0.0,8.0,4.6,8.6
2014-09-11,21.5,23.5,19.9,23.8,25.8,85,8.8,8.8,0.0,14.0,3.61,5.2
2014-09-12,22.1,25.8,17.9,23.6,28.9,74,0.1,0.1,0.0,1.0,3.51,5.2
2014-09-13,21.9,25.5,19.3,23.2,27.8,75,0.7,0.7,0.0,4.0,4.18,6.1
2014-09-14,22.2,26.2,17.9,23.5,28.0,72,0.0,0.0,0.0,0.0,4.0,6.5
2014-09-15,22.0,24.7,19.3,23.8,25.9,77,0.0,0.0,0.0,0.0,3.7,5.9
2014-09-16,23.6,27.9,19.7,26.2,30.4,74,0.0,0.0,0.0,0.0,2.51,5.2
2014-09-17,22.4,24.8,20.1,23.1,25.3,70,0.4,0.4,0.0,3.0,3.92,6.6
2014-09-18,20.9,24.5,17.8,19.8,22.9,60,0.5,0.5,0.0,2.0,5.0,8.3
2014-09-19,20.1,23.7,15.7,19.6,23.3,61,0.0,0.0,0.0,0.0,3.81,6.0
2014-09-20,19.6,22.0,17.2,19.5,21.1,70,0.0,0.0,0.0,0.0,3.5,7.3
2014-09-21,19.9,24.6,14.1,19.8,25.4,67,0.0,0.0,0.0,0.0,3.49,6.0
2014-09-22,21.3,25.5,18.5,22.4,26.4,72,0.0,0.0,0.0,0.0,3.26,5.9
2014-09-23,20.8,25.0,15.8,21.2,25.5,69,0.0,0.0,0.0,0.0,3.35,5.8
2014-09-24,21.8,24.4,18.6,22.1,23.5,75,1.8,1.8,0.0,9.0,7.41,12.9
2014-09-25,24.0,27.1,22.2,24.3,30.1,79,14.6,14.6,0.0,19.0,11.72,16.4
2014-09-26,22.1,26.0,19.2,22.6,27.2,73,3.7,3.7,0.0,10.0,6.41,9.6
2014-09-27,19.6,22.2,16.8,18.0,20.2,68,0.0,0.0,0.0,0.0,6.41,10.5
2014-09-28,20.8,25.6,16.7,19.7,24.0,67,0.0,0.0,0.0,0.0,6.71,10.8
2014-09-29,21.7,26.8,16.9,21.4,26.9,65,0.0,0.0,0.0,0.0,4.98,7.9
2014-09-30,22.7,26.7,18.8,24.3,28.5,71,0.0,0.0,0.0,0.0,2.55,5.1
2014-10-01,21.0,22.1,19.2,21.5,24.9,78,1.9,1.9,0.0,9.0,5.97,8.4
2014-10-02,20.9,22.9,18.4,22.4,24.4,80,0.5,0.5,0.0,3.0,4.51,8.4
2014-10-03,24.3,28.6,21.3,25.8,29.7,77,0.0,0.0,0.0,0.0,6.33,11.9
2014-10-04,23.3,25.1,21.9,25.0,26.3,72,0.4,0.4,0.0,3.0,2.92,5.6
2014-10-05,17.6,21.3,16.0,16.7,22.7,86,83.4,83.4,0.0,23.0,6.17,13.3
2014-10-06,21.1,26.0,16.8,20.3,27.1,80,72.4,72.4,0.0,15.0,14.05,27.0
2014-10-07,18.9,21.5,16.6,18.7,21.0,74,6.2,6.2,0.0,11.0,4.18,7.9
2014-10-08,19.0,22.5,15.7,19.1,22.4,72,0.0,0.0,0.0,0.0,2.82,5.3
2014-10-09,19.6,22.2,17.3,20.2,22.2,78,0.0,0.0,0.0,0.0,3.86,5.9
2014-10-10,20.8,24.9,17.3,21.4,25.1,75,0.0,0.0,0.0,0.0,5.54,8.1
2014-10-11,19.0,22.0,16.6,18.8,21.4,73,0.0,0.0,0.0,0.0,3.68,7.3
2014-10-12,17.6,20.0,15.6,16.9,19.0,68,0.0,0.0,0.0,0.0,2.88,5.0
2014-10-13,17.3,22.4,14.7,16.7,19.7,84,23.6,23.6,0.0,14.0,13.04,22.9
2014-10-14,22.2,25.1,17.4,19.0,23.3,60,6.4,6.4,0.0,7.0,16.24,25.7
2014-10-15,15.4,17.1,13.4,13.7,14.9,72,8.9,8.9,0.0,14.0,4.57,8.8
2014-10-16,16.1,20.3,11.9,14.9,19.6,74,3.0,3.0,0.0,6.0,4.74,7.3
2014-10-17,16.5,22.4,12.5,14.7,19.8,66,0.0,0.0,0.0,0.0,5.23,7.9
2014-10-18,14.9,20.4,9.9,13.2,18.0,62,0.0,0.0,0.0,0.0,3.51,4.7
2014-10-19,16.6,22.1,10.7,15.6,20.9,69,0.0,0.0,0.0,0.0,3.26,5.1
2014-10-20,18.3,22.3,14.1,18.4,21.9,73,0.0,0.0,0.0,0.0,4.67,8.8
2014-10-21,18.6,20.7,16.5,19.7,21.5,88,5.5,5.5,0.0,15.0,5.92,9.6
2014-10-22,16.0,18.2,13.6,15.3,19.9,89,18.0,18.0,0.0,19.0,5.55,8.8
2014-10-23,14.1,15.9,12.7,11.7,13.2,80,5.6,5.6,0.0,12.0,6.28,12.0
2014-10-24,15.1,19.3,10.6,14.2,18.9,73,0.0,0.0,0.0,0.0,3.55,6.2
2014-10-25,16.3,21.8,10.7,16.3,21.4,80,0.0,0.0,0.0,0.0,2.8,5.5
2014-10-26,18.4,22.2,14.3,19.2,22.9,83,5.2,5.2,0.0,8.0,4.0,7.4
2014-10-27,18.3,22.5,14.3,18.3,23.7,78,0.4,0.4,0.0,1.0,6.98,10.7
2014-10-28,14.4,18.6,11.3,10.3,14.6,46,0.0,0.0,0.0,0.0,6.99,9.5
2014-10-29,14.1,20.0,8.7,11.8,17.5,56,0.0,0.0,0.0,0.0,3.38,6.9
2014-10-30,14.7,20.4,8.6,13.7,19.5,71,0.0,0.0,0.0,0.0,3.06,5.7
2014-10-31,16.5,19.4,12.9,16.6,19.7,80,0.1,0.1,0.0,1.0,2.6,5.9
2014-11-01,16.5,17.9,15.3,17.1,18.7,91,17.0,17.0,0.0,18.0,3.99,9.4
2014-11-02,18.7,21.8,14.9,18.5,21.3,85,0.9,0.9,0.0,1.0,7.12,10.6
2014-11-03,17.0,19.4,12.7,14.8,17.8,63,1.8,1.8,0.0,5.0,6.56,10.2
2014-11-04,14.0,18.5,9.5,11.1,15.2,59,0.0,0.0,0.0,0.0,7.56,11.4
2014-11-05,13.6,16.7,10.4,11.0,15.0,71,0.0,0.0,0.0,0.0,5.18,8.3
2014-11-06,17.0,20.2,14.5,16.0,19.7,77,5.6,5.6,0.0,8.0,4.98,8.4
2014-11-07,16.5,19.7,13.8,13.5,15.8,57,0.0,0.0,0.0,0.0,7.92,11.1
2014-11-08,13.3,14.3,11.6,11.0,12.6,68,2.5,2.5,0.0,8.0,3.92,6.0
2014-11-09,13.9,15.6,13.0,13.4,14.9,83,1.9,1.9,0.0,10.0,2.53,4.1
2014-11-10,16.1,20.6,12.4,15.0,18.3,73,0.0,0.0,0.0,0.0,4.64,6.6
2014-11-11,13.0,15.3,10.5,10.5,12.7,74,1.6,1.6,0.0,5.0,4.7,7.2
2014-11-12,14.0,16.8,12.2,13.3,16.8,81,5.0,5.0,0.0,5.0,3.11,7.6
2014-11-13,13.9,19.3,9.3,11.0,15.2,55,0.0,0.0,0.0,0.0,4.92,8.8
2014-11-14,11.0,15.6,6.6,8.1,12.8,53,0.0,0.0,0.0,0.0,3.91,6.2
2014-11-15,10.3,16.2,5.6,7.1,12.7,59,0.0,0.0,0.0,0.0,4.3,6.7
2014-11-16,10.0,14.2,5.3,7.1,11.8,61,0.0,0.0,0.0,0.0,3.75,5.3
2014-11-17,10.9,14.3,7.2,8.7,12.6,71,1.3,1.3,0.0,2.0,3.47,5.5
2014-11-18,11.1,15.5,7.6,6.9,9.7,57,0.0,0.0,0.0,0.0,8.19,12.4
2014-11-19,9.8,15.1,5.4,5.8,10.6,55,0.0,0.0,0.0,0.0,6.8,8.8
2014-11-20,7.6,11.1,4.1,4.5,8.2,76,7.5,7.5,0.0,9.0,4.43,6.8
2014-11-21,10.8,15.6,7.0,8.7,14.1,76,0.1,0.1,0.0,1.0,3.4,6.9
2014-11-22,12.4,18.3,8.0,11.0,16.8,74,0.0,0.0,0.0,0.0,2.42,4.3
2014-11-23,12.3,18.6,6.6,10.5,16.1,73,0.0,0.0,0.0,0.0,3.2,5.9
2014-11-24,11.8,15.1,9.2,10.1,13.7,77,0.3,0.3,0.0,2.0,2.77,4.2
2014-11-25,10.4,12.0,8.4,8.4,10.1,91,16.5,16.5,0.0,16.0,5.98,9.9
2014-11-26,9.7,10.1,9.3,5.0,6.5,88,38.8,38.8,0.0,24.0,9.88,14.8
2014-11-27,11.7,16.4,7.7,9.8,14.6,77,2.5,2.5,0.0,5.0,7.04,10.4
2014-11-28,13.3,16.7,9.4,12.4,16.1,79,0.0,0.0,0.0,0.0,2.31,7.7
2014-11-29,14.2,16.1,12.8,13.5,16.4,87,5.0,5.0,0.0,5.0,4.38,9.3
2014-11-30,13.3,16.3,8.9,12.1,15.0,82,0.3,0.3,0.0,1.0,4.07,7.7
2014-12-01,14.3,16.6,12.9,14.4,17.3,92,7.6,7.6,0.0,15.0,3.13,8.5
2014-12-02,10.2,13.4,6.0,5.6,11.2,54,0.0,0.0,0.0,0.0,6.61,9.9
2014-12-03,7.9,12.5,3.9,3.0,7.8,50,0.0,0.0,0.0,0.0,6.05,9.0
2014-12-04,8.7,12.0,5.7,5.8,9.9,73,5.5,5.5,0.0,9.0,4.79,7.7
2014-12-05,7.7,11.7,3.7,4.8,8.4,68,2.4,2.4,0.0,9.0,4.34,7.5
2014-12-06,4.3,8.5,0.7,0.3,4.1,64,0.0,0.0,0.0,0.0,4.21,8.8
2014-12-07,4.6,8.8,0.0,0.6,4.5,61,0.0,0.0,0.0,0.0,4.3,7.9
2014-12-08,5.8,10.4,1.8,2.4,7.6,65,0.0,0.0,0.0,0.0,3.34,5.1
2014-12-09,6.4,12.2,1.6,2.0,8.7,61,0.0,0.0,0.0,0.0,8.03,12.2
2014-12-10,5.7,9.6,1.5,2.2,5.9,59,0.0,0.0,0.0,0.0,3.96,6.0
2014-12-11,10.1,15.7,6.1,8.0,14.2,79,3.9,3.9,0.0,7.0,5.65,15.8
2014-12-12,7.9,9.0,5.2,4.9,6.4,72,0.0,0.0,0.0,0.0,4.46,6.3
2014-12-13,6.1,11.5,2.1,2.2,6.1,66,0.0,0.0,0.0,0.0,6.47,7.4
2014-12-14,3.3,7.3,-0.3,-0.3,4.7,68,0.0,0.0,0.0,0.0,3.96,6.3
2014-12-15,3.6,9.0,-1.6,-0.3,3.8,65,0.0,0.0,0.0,0.0,5.14,7.4
2014-12-16,3.4,5.7,1.2,-0.5,3.0,79,16.4,16.2,0.14,12.0,9.94,15.2
2014-12-17,5.2,7.6,1.9,-1.5,1.9,52,0.1,0.1,0.0,1.0,10.15,15.6
2014-12-18,3.0,7.7,-0.8,-2.6,-0.3,51,0.1,0.1,0.0,1.0,9.42,14.8
2014-12-19,4.4,8.9,-0.2,0.2,5.4,53,0.0,0.0,0.0,0.0,4.25,7.4
2014-12-20,6.4,9.9,3.3,3.8,8.1,80,15.5,15.5,0.0,9.0,5.06,16.1
2014-12-21,8.0,11.8,4.5,5.1,8.5,73,0.1,0.1,0.0,1.0,3.64,7.3
2014-12-22,5.9,10.3,1.9,2.0,5.3,62,0.0,0.0,0.0,0.0,5.17,7.3
2014-12-23,5.2,10.1,0.8,0.8,5.7,56,0.0,0.0,0.0,0.0,5.39,8.4
2014-12-24,5.2,11.8,-0.3,2.2,8.7,67,0.0,0.0,0.0,0.0,2.7,5.0
2014-12-25,5.1,9.9,1.6,0.7,4.9,59,0.0,0.0,0.0,0.0,6.03,9.3
2014-12-26,4.0,8.9,-0.6,-0.7,4.1,52,0.0,0.0,0.07,0.0,5.85,8.7
2014-12-27,3.4,7.8,-0.1,-1.8,2.4,51,0.0,0.0,0.0,0.0,7.2,9.1
2014-12-28,2.7,8.1,-1.8,-0.9,4.9,68,0.0,0.0,0.0,0.0,3.0,4.6
2014-12-29,4.4,6.2,3.3,1.5,4.2,89,13.0,13.0,0.0,16.0,4.34,8.5
2014-12-30,5.9,10.7,2.9,3.7,8.9,86,0.0,0.0,0.0,0.0,2.71,5.3
2014-12-31,6.3,11.5,0.2,2.9,7.9,72,0.0,0.0,0.0,0.0,7.78,12.4
