time,temperature_2m_mean,temperature_2m_max,temperature_2m_min,apparent_temperature_mean,apparent_temperature_max,relative_humidity_2m_mean,precipitation_sum,rain_sum,snowfall_sum,precipitation_hours,wind_speed_10m_max,wind_gusts_10m_max
2000-01-01,6.9,11.6,4.1,3.2,6.2,70,0.0,0.0,0.0,0.0,6.66,10.3
2000-01-02,5.0,8.1,1.4,1.6,4.9,66,0.1,0.1,0.0,1.0,2.35,4.7
2000-01-03,8.2,14.4,3.9,4.8,11.3,70,0.1,0.1,0.0,1.0,5.62,9.7
2000-01-04,8.0,12.5,4.7,3.9,8.3,55,0.0,0.0,0.0,0.0,4.61,8.1
2000-01-05,7.3,10.7,3.3,4.3,7.8,66,0.0,0.0,0.0,0.0,2.56,4.8
2000-01-06,9.8,12.4,6.8,7.4,11.1,73,0.0,0.0,0.0,0.0,4.05,6.3
2000-01-07,13.0,18.2,9.6,11.6,16.8,80,3.6,3.6,0.0,8.0,4.9,7.5
2000-01-08,8.3,9.7,5.8,5.8,7.6,79,2.6,2.6,0.0,9.0,3.61,6.4
2000-01-09,8.0,10.8,5.3,5.0,8.4,76,0.6,0.6,0.0,3.0,3.83,6.5
2000-01-10,9.8,15.0,7.3,7.2,14.0,78,11.3,11.3,0.0,9.0,7.74,14.0
2000-01-11,6.7,9.6,3.6,1.1,3.2,50,0.0,0.0,0.0,0.0,8.19,11.9
2000-01-12,3.7,5.0,2.9,-0.5,1.2,79,12.7,12.5,0.14,15.0,5.5,9.0
2000-01-13,7.4,11.1,3.7,4.8,10.0,92,28.1,28.1,0.0,17.0,5.52,14.7
2000-01-14,9.9,14.8,7.1,7.4,10.7,78,0.0,0.0,0.0,0.0,5.32,8.4
2000-01-15,7.4,10.0,5.2,4.3,7.8,73,4.3,4.3,0.0,9.0,3.83,7.3
2000-01-16,5.9,9.0,3.4,2.7,6.0,72,0.4,0.4,0.0,2.0,3.48,6.4
2000-01-17,5.4,6.7,3.6,1.4,3.0,85,17.8,17.8,0.0,24.0,5.48,9.9
2000-01-18,6.9,10.0,4.6,3.3,6.5,68,2.1,2.1,0.0,4.0,4.31,8.3
2000-01-19,4.8,7.0,3.4,1.3,4.3,75,0.2,0.2,0.0,2.0,3.45,6.1
2000-01-20,5.7,11.1,1.0,1.9,7.4,64,0.0,0.0,0.0,0.0,6.6,10.1
2000-01-21,1.9,5.0,0.1,-4.6,-2.2,48,0.0,0.0,0.0,0.0,9.9,16.1
2000-01-22,2.8,6.6,-1.4,-1.5,3.4,53,0.0,0.0,0.0,0.0,5.66,10.1
2000-01-23,5.5,10.7,0.7,2.5,8.5,74,1.7,1.7,0.0,4.0,3.81,7.6
2000-01-24,6.7,11.8,2.3,4.0,8.7,84,0.0,0.0,0.0,0.0,4.56,8.1
2000-01-25,4.2,6.7,2.1,0.3,4.5,76,4.0,2.8,0.84,13.0,4.95,7.8
2000-01-26,2.1,5.2,-0.6,-2.4,0.9,54,0.0,0.0,0.0,0.0,4.11,6.8
2000-01-27,1.5,4.6,-1.5,-2.9,0.3,57,0.0,0.0,0.0,0.0,4.5,6.9
2000-01-28,2.2,7.5,-3.3,-2.1,3.3,57,0.0,0.0,0.0,0.0,4.25,7.2
2000-01-29,4.2,9.1,-1.2,0.7,5.6,64,0.0,0.0,0.0,0.0,3.23,5.7
2000-01-30,7.0,13.4,1.1,3.1,8.4,65,0.0,0.0,0.0,0.0,6.86,11.4
2000-01-31,4.6,7.3,2.8,-0.9,1.3,58,0.0,0.0,0.0,0.0,8.75,13.1
2000-02-01,3.9,8.0,0.9,-0.5,4.6,51,0.0,0.0,0.0,0.0,6.02,8.9
2000-02-02,5.1,10.5,1.5,1.0,5.5,53,0.0,0.0,0.0,0.0,5.82,9.1
2000-02-03,5.7,10.6,0.9,2.2,7.7,65,0.0,0.0,0.0,0.0,3.49,7.1
2000-02-04,5.5,9.6,3.1,0.8,4.2,64,0.1,0.1,0.0,1.0,7.59,14.0
2000-02-05,5.2,9.8,0.9,2.0,6.1,58,0.0,0.0,0.0,0.0,4.02,6.1
2000-02-06,6.3,9.3,3.0,3.4,6.6,74,0.8,0.8,0.0,4.0,2.85,5.6
2000-02-07,7.7,12.6,3.6,4.5,9.6,67,0.0,0.0,0.0,0.0,3.71,6.4
2000-02-08,6.5,11.9,2.5,2.3,6.4,62,0.0,0.0,0.0,0.0,6.67,12.0
2000-02-09,4.0,7.9,0.5,-3.1,0.5,46,0.0,0.0,0.0,0.0,12.81,19.0
2000-02-10,3.7,8.8,-1.2,-1.0,3.8,47,0.0,0.0,0.0,0.0,5.52,8.0
2000-02-11,4.4,10.1,-1.3,0.9,6.1,61,0.0,0.0,0.0,0.0,3.45,6.0
2000-02-12,6.3,11.1,0.7,3.3,7.8,64,0.0,0.0,0.0,0.0,2.92,6.1
2000-02-13,6.6,10.4,2.6,2.7,6.0,60,0.0,0.0,0.0,0.0,4.8,8.2
2000-02-14,5.9,8.8,3.4,2.6,6.4,73,0.6,0.6,0.0,4.0,3.86,6.7
2000-02-15,3.7,8.1,-0.1,-1.3,2.3,66,1.0,1.0,0.0,2.0,10.86,17.8
2000-02-16,1.4,5.6,-1.8,-3.8,-0.5,48,0.6,0.6,0.07,3.0,7.16,11.4
2000-02-17,2.7,7.1,-2.1,-1.6,3.7,47,0.0,0.0,0.0,0.0,3.86,7.2
2000-02-18,2.5,7.1,-1.8,-2.5,1.4,55,0.0,0.0,0.0,0.0,6.18,9.8
2000-02-19,3.4,6.8,-0.4,-0.6,3.3,56,0.0,0.0,0.0,0.0,4.03,6.8
2000-02-20,3.6,6.5,2.0,-0.1,2.7,83,7.9,6.7,0.84,10.0,6.33,9.9
2000-02-21,4.2,7.7,0.1,-1.9,0.5,45,0.0,0.0,0.0,0.0,9.26,14.3
2000-02-22,3.0,8.0,-1.0,-3.2,1.2,45,0.0,0.0,0.0,0.0,9.48,15.2
2000-02-23,4.4,8.2,-0.2,-0.4,4.5,50,0.0,0.0,0.0,0.0,6.14,10.5
2000-02-24,3.8,8.8,-0.2,-0.9,5.6,61,0.5,0.5,0.0,3.0,8.51,12.9
2000-02-25,2.1,6.8,-1.4,-3.9,0.2,42,0.0,0.0,0.0,0.0,8.13,13.7
2000-02-26,2.2,5.8,-0.5,-2.0,1.1,63,1.0,1.0,0.0,5.0,4.33,7.3
2000-02-27,4.2,8.8,0.6,0.9,5.8,70,1.3,0.9,0.28,5.0,4.33,8.2
2000-02-28,5.3,12.3,-0.6,0.1,5.5,53,0.0,0.0,0.0,0.0,9.2,15.0
2000-02-29,2.9,7.2,-1.2,-4.0,-0.7,40,0.0,0.0,0.0,0.0,9.98,16.2
2000-03-01,4.4,9.5,-0.8,0.3,5.4,46,0.0,0.0,0.0,0.0,4.31,9.3
2000-03-02,6.2,12.6,-0.2,2.8,10.3,54,0.0,0.0,0.0,0.0,3.24,5.6
2000-03-03,8.5,14.7,1.3,5.1,11.6,61,0.0,0.0,0.0,0.0,5.8,9.1
2000-03-04,10.8,15.1,5.6,8.0,10.9,71,8.4,8.4,0.0,7.0,7.69,11.8
2000-03-05,11.1,14.2,8.6,9.1,11.8,69,3.1,3.1,0.0,8.0,3.04,7.4
2000-03-06,6.1,8.7,3.8,2.4,5.3,77,4.6,4.6,0.0,13.0,6.39,9.8
2000-03-07,9.0,15.8,2.2,6.3,13.2,67,0.0,0.0,0.0,0.0,6.09,10.4
2000-03-08,5.9,10.4,2.7,2.3,6.6,58,1.2,1.2,0.0,5.0,7.2,11.8
2000-03-09,4.2,9.6,-0.2,-1.0,4.2,48,0.0,0.0,0.0,0.0,8.7,13.4
2000-03-10,4.0,9.1,0.0,-0.2,5.1,46,0.0,0.0,0.0,0.0,6.31,10.6
2000-03-11,5.6,9.6,0.5,1.9,6.2,57,0.0,0.0,0.0,0.0,5.43,8.9
2000-03-12,6.6,9.4,4.5,3.4,6.4,72,6.1,6.1,0.0,10.0,4.0,6.8
2000-03-13,7.7,14.8,3.2,3.4,11.1,61,0.4,0.4,0.0,2.0,8.8,13.7
2000-03-14,5.7,9.1,2.1,0.7,5.8,52,0.0,0.0,0.0,0.0,8.01,12.7
2000-03-15,6.7,11.3,0.4,3.1,8.3,59,0.0,0.0,0.0,0.0,6.3,10.1
2000-03-16,7.6,9.2,6.0,4.7,6.9,84,17.9,17.9,0.0,11.0,7.95,12.9
2000-03-17,7.1,11.6,3.2,1.6,6.1,56,0.0,0.0,0.0,0.0,11.58,17.8
2000-03-18,7.9,13.7,0.7,3.8,9.5,54,0.0,0.0,0.0,0.0,7.83,12.1
2000-03-19,11.2,15.5,5.1,7.1,11.4,60,0.5,0.5,0.0,1.0,7.88,12.5
2000-03-20,8.9,11.7,4.8,2.6,6.9,49,0.4,0.4,0.0,3.0,12.14,19.8
2000-03-21,6.1,9.7,1.4,1.7,4.8,56,2.8,2.8,0.0,5.0,5.79,11.3
2000-03-22,7.5,11.9,3.9,2.4,4.3,60,0.2,0.2,0.0,1.0,11.56,17.4
2000-03-23,8.5,13.3,1.7,3.9,7.4,63,0.7,0.7,0.0,2.0,11.32,16.4
2000-03-24,11.7,16.2,5.1,6.5,15.5,63,19.4,19.4,0.0,12.0,17.0,29.3
2000-03-25,7.4,12.4,3.0,3.3,8.4,50,0.0,0.0,0.0,0.0,5.8,10.0
2000-03-26,6.3,11.4,2.7,1.6,8.3,49,0.2,0.2,0.0,2.0,8.46,13.1
2000-03-27,7.3,13.3,0.5,4.1,11.4,55,0.0,0.0,0.0,0.0,4.22,6.7
2000-03-28,10.7,15.3,4.9,7.0,12.4,76,11.7,11.7,0.0,10.0,11.56,17.9
2000-03-29,14.6,17.4,8.9,9.4,11.6,62,11.5,11.5,0.0,4.0,13.34,26.3
2000-03-30,11.7,17.1,5.0,8.6,14.2,56,0.0,0.0,0.0,0.0,5.1,6.9
2000-03-31,11.0,15.6,5.7,8.5,14.6,69,0.0,0.0,0.0,0.0,6.8,10.5
2000-04-01,11.0,14.4,7.8,6.3,8.8,50,0.0,0.0,0.0,0.0,11.48,17.3
2000-04-02,10.7,14.8,5.7,6.7,12.9,44,0.0,0.0,0.0,0.0,5.91,9.7
2000-04-03,9.0,10.4,7.2,5.1,8.2,66,0.0,0.0,0.0,0.0,5.69,9.1
2000-04-04,10.7,15.2,5.6,7.4,11.9,61,0.0,0.0,0.0,0.0,4.78,7.4
2000-04-05,11.1,12.7,8.7,8.9,11.7,88,15.6,15.6,0.0,15.0,6.11,9.4
2000-04-06,13.2,16.1,10.9,9.5,12.8,57,0.0,0.0,0.0,0.0,8.06,12.7
2000-04-07,13.1,16.4,9.3,10.3,13.1,72,0.0,0.0,0.0,0.0,6.73,10.4
2000-04-08,13.5,17.8,9.7,10.0,13.7,56,0.0,0.0,0.0,0.0,9.43,16.3
2000-04-09,12.1,16.5,6.2,8.8,13.9,60,0.0,0.0,0.0,0.0,7.61,11.6
2000-04-10,14.8,17.1,11.2,11.2,12.9,75,5.5,5.5,0.0,5.0,9.82,15.3
2000-04-11,12.6,15.9,9.1,8.4,14.2,60,13.2,13.2,0.0,6.0,11.07,17.6
2000-04-12,13.0,18.5,7.4,10.1,15.0,63,0.0,0.0,0.0,0.0,7.37,11.9
2000-04-13,14.4,20.1,8.6,12.9,19.2,69,0.0,0.0,0.0,0.0,4.92,7.8
2000-04-14,15.9,21.9,10.0,14.4,20.4,67,0.0,0.0,0.0,0.0,7.26,12.0
2000-04-15,11.4,13.5,8.5,8.6,11.2,75,5.2,5.2,0.0,13.0,5.61,8.5
2000-04-16,10.6,14.8,8.1,7.2,11.8,63,3.7,3.7,0.0,8.0,5.38,7.9
2000-04-17,10.9,14.6,6.7,7.7,13.5,55,0.0,0.0,0.0,0.0,7.09,11.4
2000-04-18,12.9,17.6,6.9,10.4,16.4,61,0.0,0.0,0.0,0.0,7.54,11.5
2000-04-19,15.0,19.5,10.8,14.1,18.2,70,0.0,0.0,0.0,0.0,3.65,6.5
2000-04-20,13.0,14.4,12.0,11.3,12.6,93,50.0,50.0,0.0,19.0,7.08,12.2
2000-04-21,14.6,16.8,12.0,13.5,16.1,90,6.4,6.4,0.0,20.0,5.3,9.7
2000-04-22,17.8,22.4,13.1,16.2,22.7,70,0.3,0.3,0.0,2.0,8.19,10.7
2000-04-23,17.1,22.3,11.9,14.3,18.8,63,0.3,0.3,0.0,1.0,10.83,19.8
2000-04-24,13.5,18.2,10.0,11.7,17.1,67,1.5,1.5,0.0,6.0,5.2,8.4
2000-04-25,14.1,18.9,8.6,11.7,17.8,64,0.0,0.0,0.0,0.0,7.72,12.4
2000-04-26,13.6,15.5,11.6,12.1,14.0,78,5.3,5.3,0.0,11.0,5.06,9.2
2000-04-27,15.2,19.8,12.7,13.7,18.7,83,14.5,14.5,0.0,13.0,8.35,12.5
2000-04-28,14.8,18.3,12.0,13.3,19.4,69,1.5,1.5,0.0,4.0,5.7,8.8
2000-04-29,15.0,19.6,9.9,11.9,17.1,54,0.0,0.0,0.0,0.0,5.48,9.8
2000-04-30,15.5,20.3,10.6,13.8,18.8,68,0.0,0.0,0.0,0.0,7.13,11.0
2000-05-01,17.2,20.5,14.6,15.5,19.4,68,0.0,0.0,0.0,0.0,5.73,10.8
2000-05-02,17.3,20.4,13.5,16.9,20.2,79,0.7,0.7,0.0,4.0,6.58,10.2
2000-05-03,17.5,20.7,14.0,17.0,21.1,77,6.2,6.2,0.0,8.0,5.25,7.4
2000-05-04,16.1,19.2,12.8,15.0,18.0,71,0.0,0.0,0.0,0.0,6.36,11.0
2000-05-05,16.3,21.4,11.9,15.4,21.5,69,0.0,0.0,0.0,0.0,5.06,7.7
2000-05-06,15.9,18.7,13.2,14.6,17.1,74,0.0,0.0,0.0,0.0,5.3,8.0
2000-05-07,18.9,21.8,16.8,17.4,19.8,78,0.0,0.0,0.0,0.0,8.9,13.4
2000-05-08,19.2,22.9,16.2,17.9,21.4,76,0.0,0.0,0.0,0.0,7.84,12.9
2000-05-09,19.8,26.3,15.4,20.0,28.2,71,0.0,0.0,0.0,0.0,6.98,11.2
2000-05-10,18.2,23.0,14.9,17.4,23.0,69,0.0,0.0,0.0,0.0,4.94,8.1
2000-05-11,16.6,20.2,13.6,16.0,20.0,79,2.4,2.4,0.0,6.0,3.89,6.4
2000-05-12,18.8,22.2,15.7,19.2,22.9,81,1.2,1.2,0.0,8.0,4.52,7.4
2000-05-13,19.6,22.3,18.1,20.2,22.4,81,6.9,6.9,0.0,10.0,4.95,9.8
2000-05-14,19.7,23.9,17.0,20.7,24.7,79,0.9,0.9,0.0,3.0,4.77,8.3
2000-05-15,18.3,21.8,15.8,18.6,22.3,82,17.2,17.2,0.0,10.0,5.23,7.5
2000-05-16,18.7,22.9,14.8,18.4,23.7,69,8.2,8.2,0.0,3.0,5.3,11.7
2000-05-17,18.2,20.4,16.6,18.6,20.1,80,2.3,2.3,0.0,9.0,4.41,9.6
2000-05-18,16.6,19.1,15.2,14.9,16.7,82,1.2,1.2,0.0,6.0,7.48,11.9
2000-05-19,16.9,20.2,13.9,15.6,18.1,74,0.0,0.0,0.0,0.0,4.83,7.9
2000-05-20,15.8,17.5,14.8,15.9,18.7,90,33.7,33.7,0.0,21.0,3.16,8.4
2000-05-21,17.4,21.1,14.8,17.6,23.1,84,4.5,4.5,0.0,7.0,4.26,7.6
2000-05-22,19.0,23.7,14.5,19.4,24.5,78,0.0,0.0,0.0,0.0,5.36,8.3
2000-05-23,21.3,25.9,16.3,23.2,29.1,77,0.0,0.0,0.0,0.0,3.22,5.2
2000-05-24,21.3,25.4,18.4,23.1,28.4,78,0.4,0.4,0.0,1.0,5.63,8.7
2000-05-25,19.5,23.6,16.3,19.7,24.4,75,0.0,0.0,0.0,0.0,4.55,6.9
2000-05-26,20.6,25.1,16.6,20.7,26.6,76,0.0,0.0,0.0,0.0,7.1,11.1
2000-05-27,21.3,24.5,18.9,20.2,22.2,78,2.6,2.6,0.0,5.0,10.86,15.3
2000-05-28,22.7,27.9,18.6,22.8,27.7,81,21.1,21.1,0.0,9.0,9.81,15.0
2000-05-29,23.4,27.2,19.9,24.2,26.6,67,0.0,0.0,0.0,0.0,6.84,9.0
2000-05-30,22.9,27.6,18.8,23.5,28.3,71,0.0,0.0,0.0,0.0,7.31,11.2
2000-05-31,20.8,22.7,18.9,21.8,23.2,81,9.3,9.3,0.0,8.0,5.4,9.5
2000-06-01,21.7,25.9,18.2,23.4,27.4,79,11.5,11.5,0.0,10.0,4.24,7.2
2000-06-02,21.7,25.7,18.4,22.7,27.6,74,3.2,3.2,0.0,2.0,6.55,10.1
2000-06-03,21.5,23.6,19.6,23.2,24.8,80,1.7,1.7,0.0,5.0,4.06,7.0
2000-06-04,21.3,25.8,18.4,21.4,25.3,68,2.1,2.1,0.0,3.0,4.3,6.4
2000-06-05,19.9,23.8,16.1,20.0,24.5,72,0.0,0.0,0.0,0.0,5.67,8.7
2000-06-06,21.5,25.3,18.9,21.6,25.6,69,0.0,0.0,0.0,0.0,6.48,10.1
2000-06-07,22.8,27.8,18.4,24.2,30.1,73,0.0,0.0,0.0,0.0,5.7,9.0
2000-06-08,23.2,26.7,19.8,23.1,25.6,77,0.0,0.0,0.0,0.0,11.33,17.2
2000-06-09,22.5,24.5,19.6,22.4,25.7,88,15.1,15.1,0.0,16.0,14.88,25.2
2000-06-10,19.0,20.6,17.9,19.8,22.1,84,4.6,4.6,0.0,11.0,4.6,7.7
2000-06-11,18.0,18.8,17.2,18.9,20.3,89,30.4,30.4,0.0,24.0,3.57,7.3
2000-06-12,17.7,19.1,16.5,18.0,19.5,86,12.9,12.9,0.0,24.0,3.67,6.4
2000-06-13,18.1,19.9,16.7,18.6,21.4,89,43.2,43.2,0.0,24.0,4.61,7.2
2000-06-14,18.8,19.9,17.5,19.8,21.8,87,32.7,32.7,0.0,18.0,4.37,7.0
2000-06-15,21.2,25.7,17.7,22.7,27.1,79,0.0,0.0,0.0,0.0,4.44,6.9
2000-06-16,23.0,28.3,19.1,25.4,31.8,79,0.0,0.0,0.0,0.0,5.51,8.3
2000-06-17,21.2,24.1,18.6,23.5,26.5,86,10.9,10.9,0.0,11.0,4.62,6.9
2000-06-18,22.5,27.4,18.4,24.1,30.7,72,14.9,14.9,0.0,6.0,3.65,5.4
2000-06-19,23.9,29.0,20.3,26.8,32.8,75,0.0,0.0,0.0,0.0,3.3,5.2
2000-06-20,24.1,28.7,21.2,26.6,32.1,75,0.0,0.0,0.0,0.0,5.22,8.1
2000-06-21,23.1,26.3,20.4,25.8,29.5,84,0.0,0.0,0.0,0.0,4.93,6.8
2000-06-22,24.5,28.5,21.9,27.4,32.2,77,1.1,1.1,0.0,3.0,4.14,7.2
2000-06-23,20.9,22.0,19.8,22.7,24.2,89,14.3,14.3,0.0,21.0,4.11,7.7
2000-06-24,19.8,20.4,19.2,21.0,22.1,92,29.8,29.8,0.0,23.0,5.17,8.0
2000-06-25,20.0,22.2,18.4,20.5,22.6,83,0.0,0.0,0.0,0.0,4.88,7.3
2000-06-26,20.0,22.8,17.6,21.0,24.5,82,0.4,0.4,0.0,4.0,3.34,5.7
2000-06-27,22.3,24.9,19.4,23.9,26.2,85,1.3,1.3,0.0,4.0,5.51,8.4
2000-06-28,23.4,25.2,22.1,24.2,25.3,89,15.2,15.2,0.0,17.0,11.31,21.2
2000-06-29,24.6,28.0,21.6,26.3,28.8,82,0.2,0.2,0.0,2.0,8.56,13.8
2000-06-30,25.9,28.8,23.6,28.1,31.4,83,0.0,0.0,0.0,0.0,7.91,13.2
2000-07-01,27.2,31.0,24.5,31.7,36.7,81,0.0,0.0,0.0,0.0,5.87,9.3
2000-07-02,27.1,31.7,23.9,32.0,38.4,81,12.5,12.5,0.0,9.0,2.75,6.2
2000-07-03,26.6,30.6,23.2,30.8,35.6,76,1.7,1.7,0.0,7.0,2.24,4.9
2000-07-04,25.3,28.9,22.5,29.5,33.9,82,11.0,11.0,0.0,9.0,2.39,5.1
2000-07-05,23.7,27.6,21.1,26.7,31.1,80,7.5,7.5,0.0,9.0,4.36,6.9
2000-07-06,24.0,26.8,21.7,26.8,29.6,80,1.4,1.4,0.0,8.0,4.84,8.3
2000-07-07,23.2,25.4,21.4,24.8,26.7,86,40.1,40.1,0.0,15.0,9.23,13.8
2000-07-08,24.7,29.5,21.6,23.6,29.3,70,76.7,76.7,0.0,13.0,15.63,24.7
2000-07-09,25.4,30.0,21.1,27.7,33.6,65,0.0,0.0,0.0,0.0,4.33,6.8
2000-07-10,25.7,29.7,22.3,28.8,34.3,73,0.0,0.0,0.0,0.0,3.14,5.4
2000-07-11,25.9,30.3,22.2,29.1,34.6,74,0.0,0.0,0.0,0.0,5.25,8.3
2000-07-12,26.2,29.6,23.7,29.1,32.3,82,0.0,0.0,0.0,0.0,6.8,10.5
2000-07-13,27.3,30.8,24.9,31.6,35.7,81,0.0,0.0,0.0,0.0,5.32,8.7
2000-07-14,27.2,30.2,25.2,31.4,34.9,80,0.0,0.0,0.0,0.0,6.4,11.5
2000-07-15,26.6,29.8,24.0,31.0,34.5,80,0.8,0.8,0.0,4.0,4.0,7.2
2000-07-16,27.8,32.1,24.6,32.8,37.2,78,4.3,4.3,0.0,7.0,3.0,5.8
2000-07-17,28.3,33.1,24.8,33.1,39.1,74,0.0,0.0,0.0,0.0,4.39,6.8
2000-07-18,26.9,29.5,25.2,31.6,34.2,81,0.0,0.0,0.0,0.0,3.0,5.1
2000-07-19,27.0,30.7,24.7,32.0,37.5,82,1.6,1.6,0.0,2.0,4.81,8.6
2000-07-20,27.1,30.5,24.2,32.1,36.1,80,0.0,0.0,0.0,0.0,3.54,6.9
2000-07-21,26.9,29.7,24.3,30.1,31.9,79,2.4,2.4,0.0,10.0,7.22,10.7
2000-07-22,28.3,32.1,25.2,32.6,37.8,76,0.0,0.0,0.0,0.0,6.4,9.4
2000-07-23,29.1,33.3,25.9,33.5,39.0,76,0.0,0.0,0.0,0.0,8.73,13.4
2000-07-24,28.8,32.1,26.5,29.8,33.1,72,0.0,0.0,0.0,0.0,11.67,19.0
2000-07-25,25.9,27.9,24.4,26.6,27.9,81,0.7,0.7,0.0,2.0,9.93,15.6
2000-07-26,24.0,24.9,23.2,27.4,29.7,90,26.1,26.1,0.0,15.0,5.39,13.8
2000-07-27,24.8,27.9,22.5,28.5,32.3,84,2.1,2.1,0.0,6.0,3.81,6.3
2000-07-28,26.0,28.7,24.1,29.7,32.1,82,1.5,1.5,0.0,6.0,5.06,11.4
2000-07-29,27.0,30.6,24.2,30.3,33.0,81,0.0,0.0,0.0,0.0,7.61,11.7
2000-07-30,27.8,30.9,25.2,29.7,32.7,79,0.0,0.0,0.0,0.0,11.26,17.1
2000-07-31,28.5,31.9,25.7,30.2,33.3,75,0.0,0.0,0.0,0.0,10.63,16.6
2000-08-01,28.6,32.3,25.6,31.8,36.4,74,0.0,0.0,0.0,0.0,7.42,12.0
2000-08-02,28.1,31.6,25.9,33.0,36.7,78,3.5,3.5,0.0,8.0,4.66,7.5
2000-08-03,28.7,32.8,25.5,34.2,38.9,75,0.2,0.2,0.0,1.0,3.04,7.1
2000-08-04,28.5,32.8,25.8,33.7,39.0,75,1.7,1.7,0.0,1.0,3.52,6.2
2000-08-05,28.1,31.7,25.6,32.8,35.6,75,1.0,1.0,0.0,3.0,3.55,6.3
2000-08-06,27.8,31.7,24.7,32.6,37.4,75,0.7,0.7,0.0,4.0,4.16,6.8
2000-08-07,27.2,30.8,24.9,32.0,35.5,78,2.6,2.6,0.0,3.0,3.42,6.3
2000-08-08,27.4,31.5,24.3,32.0,36.6,75,0.6,0.6,0.0,2.0,3.26,6.2
2000-08-09,26.8,30.8,24.5,31.3,34.8,79,1.4,1.4,0.0,6.0,2.24,4.8
2000-08-10,27.6,31.7,23.9,32.0,36.6,76,0.0,0.0,0.0,0.0,4.88,8.2
2000-08-11,28.7,33.2,25.2,32.2,36.8,72,0.0,0.0,0.0,0.0,7.06,11.2
2000-08-12,28.3,31.7,26.0,31.0,34.1,71,8.5,8.5,0.0,11.0,6.41,11.1
2000-08-13,25.0,26.0,24.0,27.0,28.7,85,12.8,12.8,0.0,22.0,6.93,11.1
2000-08-14,26.6,31.7,23.3,29.1,35.0,71,0.0,0.0,0.0,0.0,5.9,10.2
2000-08-15,27.0,29.4,25.0,31.9,33.8,78,0.2,0.2,0.0,1.0,2.0,4.6
2000-08-16,26.8,30.3,24.5,31.2,35.1,79,0.1,0.1,0.0,1.0,3.22,5.4
2000-08-17,26.4,29.7,24.0,30.4,34.4,78,0.0,0.0,0.0,0.0,4.24,7.4
2000-08-18,25.6,27.9,23.9,29.0,31.0,79,1.2,1.2,0.0,5.0,5.15,8.1
2000-08-19,25.8,29.9,22.6,28.5,32.1,72,0.0,0.0,0.0,0.0,3.48,5.1
2000-08-20,25.6,29.4,22.6,28.5,31.6,75,0.0,0.0,0.0,0.0,4.55,7.1
2000-08-21,27.5,31.1,24.4,31.6,35.1,78,0.0,0.0,0.0,0.0,4.28,7.1
2000-08-22,28.5,32.7,25.4,33.6,37.2,77,0.0,0.0,0.0,0.0,3.0,5.8
2000-08-23,28.6,32.6,25.5,33.9,38.1,77,0.4,0.4,0.0,3.0,3.35,6.0
2000-08-24,27.9,29.5,26.1,32.6,34.7,75,1.7,1.7,0.0,7.0,2.62,4.8
2000-08-25,28.3,32.1,25.8,32.1,35.7,73,0.0,0.0,0.0,0.0,6.07,9.9
2000-08-26,28.2,32.5,25.1,32.0,36.5,73,0.0,0.0,0.0,0.0,5.82,10.3
2000-08-27,28.6,33.1,25.6,33.4,39.2,75,0.8,0.8,0.0,1.0,4.41,8.4
2000-08-28,28.2,32.1,25.2,31.8,34.8,71,0.0,0.0,0.0,0.0,6.15,10.0
2000-08-29,28.6,33.4,25.1,32.1,37.3,68,0.0,0.0,0.0,0.0,5.48,9.2
2000-08-30,28.2,32.0,24.7,32.1,35.5,72,0.2,0.2,0.0,1.0,5.42,9.9
2000-08-31,27.3,28.6,26.1,30.9,32.1,78,5.2,5.2,0.0,15.0,5.63,8.9
2000-09-01,27.9,30.6,26.0,30.7,33.2,79,0.1,0.1,0.0,1.0,7.32,10.5
2000-09-02,30.4,35.2,26.2,34.3,39.0,68,0.0,0.0,0.0,0.0,5.15,9.5
2000-09-03,28.8,32.3,25.3,26.7,30.7,42,0.0,0.0,0.0,0.0,10.71,17.4
2000-09-04,24.0,27.3,22.0,23.8,26.7,60,0.0,0.0,0.0,0.0,6.67,11.2
2000-09-05,21.5,23.3,20.0,21.3,23.1,77,25.6,25.6,0.0,14.0,7.03,10.6
2000-09-06,23.8,27.5,20.8,26.6,30.0,83,3.7,3.7,0.0,12.0,5.1,8.9
2000-09-07,25.1,27.8,23.5,29.5,31.4,87,37.5,37.5,0.0,13.0,3.59,7.7
2000-09-08,26.5,29.4,24.4,31.0,34.0,83,0.4,0.4,0.0,2.0,4.32,7.2
2000-09-09,26.9,29.5,24.6,30.3,32.2,84,1.1,1.1,0.0,6.0,7.7,11.9
2000-09-10,27.2,30.4,24.6,31.1,33.9,81,1.2,1.2,0.0,3.0,6.81,11.4
2000-09-11,24.0,25.3,23.1,28.3,30.5,92,24.7,24.7,0.0,22.0,3.21,9.5
2000-09-12,26.4,28.4,25.2,29.7,31.0,86,2.3,2.3,0.0,9.0,6.94,11.6
2000-09-13,26.1,28.6,24.3,30.0,32.1,84,2.2,2.2,0.0,5.0,5.51,8.2
2000-09-14,26.0,29.3,23.5,30.2,33.3,83,1.5,1.5,0.0,7.0,3.1,6.0
2000-09-15,26.7,29.6,24.0,31.4,34.6,85,1.9,1.9,0.0,9.0,5.22,7.8
2000-09-16,26.4,28.1,25.3,29.7,31.1,86,0.8,0.8,0.0,5.0,7.28,13.4
2000-09-17,25.8,27.6,24.5,29.3,32.0,88,12.4,12.4,0.0,18.0,6.5,12.7
2000-09-18,24.9,26.5,23.6,28.0,29.7,76,4.9,4.9,0.0,7.0,3.67,7.0
2000-09-19,24.8,28.6,21.6,27.7,31.4,73,0.3,0.3,0.0,2.0,2.34,3.7
2000-09-20,24.1,28.1,21.1,26.0,30.2,75,0.0,0.0,0.0,0.0,3.72,7.5
2000-09-21,23.1,27.1,19.7,24.8,29.4,72,0.0,0.0,0.0,0.0,2.62,5.5
2000-09-22,23.6,28.2,19.0,25.7,31.0,70,0.0,0.0,0.0,0.0,3.31,4.7
2000-09-23,22.7,24.8,20.8,24.8,26.7,81,5.5,5.5,0.0,15.0,4.05,6.0
2000-09-24,23.3,26.0,21.6,26.2,29.7,83,15.5,15.5,0.0,12.0,4.29,9.9
2000-09-25,24.1,28.6,19.7,26.4,30.2,70,0.0,0.0,0.0,0.0,3.2,5.6
2000-09-26,21.8,24.7,19.2,22.3,25.8,67,1.3,1.3,0.0,6.0,3.82,7.5
2000-09-27,20.8,24.9,16.9,19.6,24.3,56,0.0,0.0,0.0,0.0,4.7,8.3
2000-09-28,20.3,24.5,16.5,18.8,22.7,57,0.0,0.0,0.0,0.0,5.8,9.2
2000-09-29,19.9,23.4,16.3,20.4,23.3,70,1.1,1.1,0.0,3.0,3.52,6.3
2000-09-30,20.7,23.6,16.4,21.7,24.8,79,2.5,2.5,0.0,2.0,4.71,7.3
2000-10-01,21.1,24.7,19.3,22.1,25.1,81,14.0,14.0,0.0,15.0,5.12,7.8
2000-10-02,19.8,22.0,18.2,20.8,22.7,82,8.7,8.7,0.0,17.0,3.38,6.4
2000-10-03,20.4,24.5,17.5,21.6,27.0,80,13.4,13.4,0.0,11.0,3.01,7.5
2000-10-04,21.0,22.2,20.0,22.6,23.9,79,11.3,11.3,0.0,18.0,2.92,6.3
2000-10-05,19.8,22.1,18.1,20.0,22.1,80,5.9,5.9,0.0,9.0,5.58,8.9
2000-10-06,19.8,23.4,17.0,20.0,23.0,74,0.0,0.0,0.0,0.0,3.98,6.9
2000-10-07,19.3,22.7,16.3,18.8,22.6,66,0.0,0.0,0.0,0.0,3.98,7.0
2000-10-08,18.3,21.4,14.4,18.3,21.5,71,0.0,0.0,0.0,0.0,2.41,4.3
2000-10-09,17.7,18.9,16.7,18.5,20.4,88,13.8,13.8,0.0,17.0,3.71,12.0
2000-10-10,19.7,24.3,16.1,20.5,24.9,81,0.0,0.0,0.0,0.0,3.38,6.1
2000-10-11,21.4,25.5,17.5,23.2,27.3,80,0.0,0.0,0.0,0.0,2.6,4.2
2000-10-12,22.0,26.2,17.8,23.9,28.6,79,1.8,1.8,0.0,4.0,7.44,10.6
2000-10-13,17.1,19.2,15.5,16.3,18.7,76,3.9,3.9,0.0,13.0,4.53,7.6
2000-10-14,18.6,22.8,14.6,17.9,22.1,69,0.0,0.0,0.0,0.0,4.18,6.7
2000-10-15,17.8,19.6,15.8,18.0,20.1,74,5.8,5.8,0.0,9.0,2.82,4.9
2000-10-16,17.8,20.3,15.8,17.0,18.5,74,0.1,0.1,0.0,1.0,4.97,8.3
2000-10-17,16.6,18.9,14.2,16.0,18.6,79,0.3,0.3,0.0,1.0,3.92,6.3
2000-10-18,17.0,20.4,12.2,15.1,18.5,68,0.0,0.0,0.0,0.0,7.22,10.7
2000-10-19,15.0,19.5,9.9,13.8,18.7,67,0.0,0.0,0.0,0.0,2.95,5.6
2000-10-20,16.4,18.1,14.4,16.5,18.9,83,19.1,19.1,0.0,12.0,5.33,10.0
2000-10-21,19.6,23.9,15.6,20.2,25.0,77,7.9,7.9,0.0,4.0,4.05,7.8
2000-10-22,17.9,18.7,16.8,17.6,19.4,76,0.0,0.0,0.0,0.0,3.33,5.1
2000-10-23,16.4,16.9,15.7,16.6,17.8,87,20.7,20.7,0.0,15.0,3.32,7.1
2000-10-24,17.8,21.1,15.1,17.4,20.2,80,0.0,0.0,0.0,0.0,5.11,8.4
2000-10-25,17.4,20.8,13.5,17.2,20.0,86,1.9,1.9,0.0,4.0,7.06,10.9
2000-10-26,18.3,22.8,15.1,17.8,22.2,75,0.1,0.1,0.0,1.0,4.9,8.5
2000-10-27,14.5,17.2,12.2,12.7,15.0,65,0.0,0.0,0.0,0.0,2.83,5.4
2000-10-28,14.2,16.9,12.0,13.2,16.4,74,5.9,5.9,0.0,7.0,3.11,5.1
2000-10-29,12.9,13.5,12.2,11.5,13.1,86,7.6,7.6,0.0,8.0,4.4,7.1
2000-10-30,13.7,17.1,11.7,12.2,15.2,79,0.0,0.0,0.0,0.0,5.51,8.8
2000-10-31,13.7,17.7,9.7,12.1,16.4,70,0.0,0.0,0.0,0.0,2.63,5.3
2000-11-01,14.4,15.5,13.1,13.6,16.1,88,4.4,4.4,0.0,15.0,4.06,6.6
2000-11-02,14.9,16.1,13.9,13.8,16.0,91,11.8,11.8,0.0,21.0,6.2,9.8
2000-11-03,15.1,16.6,13.6,13.8,15.7,84,4.3,4.3,0.0,9.0,5.07,7.7
2000-11-04,14.7,18.1,11.9,13.1,16.5,75,0.0,0.0,0.0,0.0,4.25,7.3
2000-11-05,15.0,20.2,10.7,14.3,19.6,75,0.0,0.0,0.0,0.0,2.77,4.3
2000-11-06,15.0,18.1,12.0,14.0,16.9,79,0.0,0.0,0.0,0.0,3.85,6.3
2000-11-07,16.5,20.2,13.6,16.0,19.8,80,1.5,1.5,0.0,7.0,4.16,7.2
2000-11-08,15.4,19.9,12.2,14.4,18.1,79,0.0,0.0,0.0,0.0,4.96,8.0
2000-11-09,11.3,12.9,10.3,8.3,11.1,63,0.0,0.0,0.0,0.0,4.39,6.7
2000-11-10,12.1,14.4,10.3,10.1,13.8,75,1.7,1.7,0.0,4.0,3.96,7.1
2000-11-11,12.6,16.8,8.9,9.8,12.3,69,0.0,0.0,0.0,0.0,9.11,13.9
2000-11-12,10.7,12.8,9.3,8.2,11.8,73,0.0,0.0,0.0,0.0,4.32,6.7
2000-11-13,12.6,15.4,9.3,10.5,13.1,71,0.0,0.0,0.0,0.0,3.08,5.8
2000-11-14,12.7,14.2,11.0,10.4,12.6,73,2.4,2.4,0.0,8.0,4.47,7.4
2000-11-15,15.3,18.6,12.0,15.0,18.9,80,2.5,2.5,0.0,9.0,3.16,7.5
2000-11-16,12.0,14.4,10.0,9.0,13.4,72,1.6,1.6,0.0,5.0,5.77,10.3
2000-11-17,9.8,10.6,8.8,7.4,9.6,88,30.9,30.9,0.0,15.0,5.65,8.6
2000-11-18,12.7,17.8,9.1,9.3,14.7,65,0.0,0.0,0.0,0.0,9.26,14.9
2000-11-19,9.3,11.5,7.0,5.1,8.5,58,0.0,0.0,0.0,0.0,8.57,14.9
2000-11-20,11.1,18.7,8.3,8.6,16.4,81,8.4,8.4,0.0,14.0,11.72,21.7
2000-11-21,16.6,20.0,12.7,14.2,17.3,76,14.8,14.8,0.0,13.0,15.34,25.1
2000-11-22,10.1,11.6,7.4,6.8,9.8,68,0.0,0.0,0.0,0.0,4.31,8.2
2000-11-23,8.1,11.9,5.6,4.8,9.4,72,0.0,0.0,0.0,0.0,4.31,7.6
2000-11-24,10.2,15.4,5.2,8.2,13.9,76,0.0,0.0,0.0,0.0,2.72,4.3
2000-11-25,11.6,16.1,7.4,9.9,14.7,81,0.0,0.0,0.0,0.0,2.66,4.8
2000-11-26,13.1,17.5,9.1,12.1,16.7,80,0.0,0.0,0.0,0.0,2.51,3.8
2000-11-27,12.6,17.0,9.4,10.9,16.3,79,1.1,1.1,0.0,3.0,5.87,8.8
2000-11-28,9.2,12.0,5.8,4.1,6.9,59,0.1,0.1,0.0,1.0,9.97,15.6
2000-11-29,6.5,9.7,3.3,3.0,6.4,62,0.0,0.0,0.0,0.0,5.15,7.0
2000-11-30,8.3,13.3,3.9,4.4,7.9,65,0.0,0.0,0.0,0.0,7.1,11.8
2000-12-01,7.2,9.9,5.8,3.9,7.0,67,0.9,0.9,0.0,5.0,3.91,5.9
2000-12-02,7.1,10.6,3.9,4.2,7.7,69,0.0,0.0,0.0,0.0,3.13,6.0
2000-12-03,8.3,12.2,4.8,6.1,10.3,75,0.0,0.0,0.0,0.0,3.7,6.0
2000-12-04,7.8,10.0,5.2,3.8,6.0,64,0.0,0.0,0.0,0.0,5.66,9.6
2000-12-05,7.9,13.9,3.4,4.7,10.4,67,0.0,0.0,0.0,0.0,4.9,7.0
2000-12-06,8.1,11.6,5.0,3.5,8.8,55,0.0,0.0,0.0,0.0,7.84,11.4
2000-12-07,5.6,8.1,3.1,1.0,4.6,53,0.0,0.0,0.0,0.0,7.63,11.8
2000-12-08,6.8,11.7,3.0,3.8,8.8,69,0.0,0.0,0.0,0.0,2.6,4.4
2000-12-09,8.7,14.9,2.8,6.0,12.7,70,0.0,0.0,0.0,0.0,3.63,4.8
2000-12-10,11.2,16.9,5.9,8.0,13.1,69,3.2,3.2,0.0,4.0,6.66,10.2
2000-12-11,8.0,11.0,4.2,4.1,8.4,70,0.0,0.0,0.0,0.0,8.21,11.6
2000-12-12,5.0,9.5,2.8,-0.1,6.1,50,0.0,0.0,0.0,0.0,8.32,12.7
2000-12-13,6.2,10.8,2.3,3.0,7.3,57,0.0,0.0,0.0,0.0,3.62,5.2
2000-12-14,5.9,8.7,4.1,2.7,6.2,73,0.0,0.0,0.0,0.0,3.31,5.6
2000-12-15,7.1,11.1,3.0,4.0,7.8,71,0.0,0.0,0.0,0.0,4.1,5.8
2000-12-16,9.4,17.1,3.0,5.9,13.1,67,0.0,0.0,0.0,0.0,7.44,11.3
2000-12-17,7.0,9.5,4.4,3.7,6.0,69,1.2,1.2,0.0,4.0,4.5,7.2
2000-12-18,8.9,11.8,6.8,6.1,9.9,79,1.9,1.9,0.0,5.0,4.41,7.2
2000-12-19,11.8,18.8,8.3,8.6,17.4,67,4.1,4.1,0.0,6.0,9.51,14.7
2000-12-20,8.7,10.7,6.7,5.8,8.6,67,3.0,3.0,0.0,4.0,5.0,7.7
2000-12-21,9.2,13.7,6.6,6.0,9.4,69,0.7,0.7,0.0,3.0,6.4,12.2
2000-12-22,6.8,8.9,4.7,3.2,5.0,62,0.2,0.2,0.0,1.0,3.6,6.5
2000-12-23,8.5,12.7,5.7,5.1,9.6,72,0.6,0.6,0.0,3.0,5.86,11.5
2000-12-24,8.5,11.7,4.2,5.1,8.0,63,0.2,0.2,0.0,1.0,5.41,10.9
2000-12-25,6.7,11.1,3.3,2.0,5.1,65,1.1,1.1,0.0,3.0,10.29,16.4
2000-12-26,3.4,7.5,0.4,-1.6,3.3,55,0.0,0.0,0.0,0.0,6.94,10.9
2000-12-27,3.6,7.8,-0.4,-0.9,4.0,50,0.0,0.0,0.0,0.0,6.0,8.1
2000-12-28,4.2,8.6,-0.5,0.8,5.4,64,0.0,0.0,0.0,0.0,4.0,5.9
2000-12-29,4.3,7.7,0.8,0.3,3.4,65,0.0,0.0,0.0,0.0,4.32,7.9
2000-12-30,4.1,7.7,0.2,0.2,4.6,70,0.0,0.0,0.0,0.0,4.02,6.8
2000-12-31,7.6,9.7,5.3,5.0,8.2,79,0.0,0.0,0.0,0.0,4.05,6.0
2001-01-01,6.5,8.5,3.0,0.5,5.6,52,0.0,0.0,0.0,0.0,10.21,16.9
2001-01-02,6.7,12.7,1.3,1.6,5.9,57,0.0,0.0,0.0,0.0,10.78,15.6
2001-01-03,5.7,10.8,2.0,1.1,4.6,52,0.0,0.0,0.0,0.0,6.17,11.0
2001-01-04,3.3,7.6,0.7,-2.4,2.1,50,0.1,0.1,0.0,1.0,7.78,12.0
2001-01-05,3.0,8.2,-0.7,-1.6,4.5,50,0.0,0.0,0.0,0.0,4.54,8.3
2001-01-06,2.6,6.6,-0.1,-2.9,-0.4,50,0.0,0.0,0.0,0.0,7.37,14.1
2001-01-07,2.1,5.7,-1.5,-1.8,2.2,66,3.1,2.1,0.7,6.0,3.95,5.7
2001-01-08,3.0,5.4,1.0,-2.8,-0.7,87,39.4,34.6,3.36,15.0,10.5,20.0
2001-01-09,2.4,5.3,-0.4,-1.5,1.8,82,0.6,0.6,0.0,2.0,4.13,7.5
2001-01-10,5.8,11.5,2.0,2.6,8.2,83,15.7,15.7,0.0,11.0,3.83,16.5
2001-01-11,6.2,10.7,3.2,2.8,8.8,71,0.0,0.0,0.0,0.0,6.38,8.8
2001-01-12,3.7,8.1,-0.6,-0.4,3.9,64,0.0,0.0,0.0,0.0,4.62,7.7
2001-01-13,1.4,5.4,-1.7,-2.4,1.7,68,0.0,0.0,0.0,0.0,3.16,5.8
2001-01-14,0.3,3.5,-2.8,-5.0,-3.0,63,0.0,0.0,0.0,0.0,9.58,14.8
2001-01-15,-0.0,3.9,-3.2,-4.8,-1.7,52,0.0,0.0,0.0,0.0,4.85,9.8
2001-01-16,0.6,4.6,-3.8,-3.6,0.9,57,0.0,0.0,0.0,0.0,3.9,6.3
2001-01-17,0.9,5.6,-3.8,-3.6,1.9,62,0.0,0.0,0.0,0.0,5.66,9.3
2001-01-18,1.9,8.4,-2.5,-2.3,5.3,62,0.0,0.0,0.0,0.0,5.33,9.2
2001-01-19,2.3,4.6,0.1,-2.7,0.0,53,0.0,0.0,0.0,0.0,5.52,9.7
2001-01-20,1.2,3.5,0.2,-2.7,-0.2,78,10.8,2.7,6.02,10.0,3.6,6.0
2001-01-21,3.0,7.5,-1.0,-1.5,2.9,74,2.1,1.1,0.7,3.0,7.16,12.3
2001-01-22,3.9,7.5,0.1,0.5,3.7,65,0.0,0.0,0.0,0.0,3.45,6.3
2001-01-23,3.7,6.6,0.5,-0.5,2.8,71,0.2,0.2,0.0,1.0,8.17,13.0
2001-01-24,3.2,6.9,-1.1,-1.2,2.9,52,0.0,0.0,0.0,0.0,7.71,12.4
2001-01-25,3.4,5.6,1.0,-0.1,2.5,76,7.0,7.0,0.0,10.0,3.71,5.7
2001-01-26,4.6,6.2,3.7,-0.4,2.2,82,21.0,21.0,0.0,12.0,7.86,12.7
2001-01-27,2.1,3.6,1.0,-4.1,-1.8,89,43.4,16.6,18.76,20.0,13.46,19.4
2001-01-28,2.1,6.1,-2.6,-1.5,2.9,82,0.0,0.0,0.0,0.0,5.97,7.9
2001-01-29,0.1,4.9,-6.2,-4.2,-0.0,72,0.0,0.0,0.0,0.0,5.4,7.0
2001-01-30,-2.0,4.1,-8.2,-6.0,0.9,75,0.0,0.0,0.0,0.0,3.01,4.5
2001-01-31,0.3,4.4,-5.3,-3.5,0.9,78,0.1,0.1,0.0,1.0,3.51,4.9
2001-02-01,2.1,4.5,0.4,-0.9,1.7,91,3.8,3.8,0.0,5.0,3.1,4.4
2001-02-02,2.5,4.1,1.0,-1.2,1.0,72,0.5,0.5,0.0,4.0,5.39,8.3
2001-02-03,1.6,6.8,-4.2,-2.5,3.6,69,0.0,0.0,0.0,0.0,5.5,7.1
2001-02-04,2.1,6.4,-2.5,-2.2,3.5,58,0.0,0.0,0.0,0.0,4.53,6.2
2001-02-05,4.6,8.7,1.1,1.2,5.6,72,0.0,0.0,0.0,0.0,3.4,5.6
2001-02-06,6.3,10.6,2.4,3.0,7.5,75,0.0,0.0,0.0,0.0,3.82,6.1
2001-02-07,3.4,5.3,1.3,-0.2,2.5,90,14.3,12.1,1.54,19.0,4.55,7.4
2001-02-08,4.0,8.5,0.9,-0.4,2.4,74,1.7,1.3,0.28,4.0,7.78,11.9
2001-02-09,2.2,6.7,-0.6,-1.8,2.7,67,0.0,0.0,0.0,0.0,3.79,6.6
2001-02-10,3.9,9.3,-0.6,0.5,5.7,72,0.0,0.0,0.0,0.0,4.42,6.6
2001-02-11,4.3,8.9,0.3,0.7,5.1,66,0.5,0.5,0.0,3.0,5.88,9.0
2001-02-12,2.4,4.9,-0.6,-1.8,1.5,56,0.0,0.0,0.0,0.0,4.48,8.0
2001-02-13,3.3,6.5,0.3,-0.7,2.6,61,0.0,0.0,0.0,0.0,3.4,5.6
2001-02-14,2.1,3.6,1.0,-2.1,-0.2,75,2.1,0.4,1.54,7.0,5.61,8.7
2001-02-15,1.6,5.4,-2.3,-2.5,1.3,62,0.0,0.0,0.0,0.0,3.96,5.7
2001-02-16,4.2,10.0,0.7,-1.2,6.8,57,0.3,0.3,0.0,3.0,10.82,16.9
2001-02-17,3.3,7.3,-2.0,-0.7,3.7,53,0.0,0.0,0.0,0.0,4.13,7.2
2001-02-18,5.9,10.6,1.5,3.0,7.8,67,0.0,0.0,0.0,0.0,3.1,4.7
2001-02-19,6.7,12.5,1.6,3.9,10.5,70,0.0,0.0,0.0,0.0,3.4,5.8
2001-02-20,4.9,8.4,1.4,1.2,5.0,62,0.0,0.0,0.0,0.0,4.03,6.1
2001-02-21,8.4,13.3,3.6,5.4,10.2,73,0.0,0.0,0.0,0.0,5.12,7.6
2001-02-22,11.7,17.5,6.8,8.8,15.9,65,0.0,0.0,0.0,0.0,5.06,7.7
2001-02-23,10.4,16.3,5.1,8.1,13.8,73,0.8,0.8,0.0,3.0,5.02,7.5
2001-02-24,6.2,8.9,3.9,2.3,6.5,85,9.6,9.6,0.0,18.0,6.18,9.5
2001-02-25,4.7,8.1,2.4,-0.1,1.8,60,0.7,0.7,0.0,4.0,8.19,13.9
2001-02-26,4.0,9.0,0.1,-1.3,4.1,46,0.0,0.0,0.0,0.0,6.29,11.3
2001-02-27,5.8,11.8,-0.2,2.6,8.4,65,0.0,0.0,0.0,0.0,4.63,7.7
2001-02-28,8.8,14.2,3.0,5.4,9.6,76,0.0,0.0,0.0,0.0,8.25,14.5
2001-03-01,6.5,9.3,3.0,2.8,7.3,87,26.5,26.5,0.0,24.0,6.02,10.0
2001-03-02,4.6,8.9,1.7,-0.8,1.8,70,7.0,3.7,2.31,10.0,10.04,16.3
2001-03-03,5.7,9.7,-0.1,2.3,6.1,63,0.0,0.0,0.0,0.0,3.76,7.1
2001-03-04,8.9,12.6,6.3,5.3,9.4,82,24.2,24.2,0.0,17.0,10.02,21.6
2001-03-05,6.3,10.8,2.6,0.9,4.8,51,0.0,0.0,0.0,0.0,9.76,14.0
2001-03-06,7.5,13.3,0.3,4.1,10.6,61,0.0,0.0,0.0,0.0,4.48,8.6
2001-03-07,10.1,17.2,4.1,4.6,12.9,58,0.1,0.1,0.0,1.0,9.84,15.1
2001-03-08,4.4,8.6,0.9,-0.5,4.2,56,2.5,0.9,1.12,5.0,7.42,12.2
2001-03-09,3.1,6.9,-0.4,-2.0,1.4,56,0.2,0.0,0.21,1.0,6.51,12.3
2001-03-10,4.3,9.5,-1.1,-0.2,5.0,57,0.1,0.1,0.0,1.0,9.3,14.7
2001-03-11,4.2,8.1,0.3,-1.0,3.6,49,0.0,0.0,0.0,0.0,7.24,12.0
2001-03-12,3.4,6.3,1.0,-0.6,2.7,67,0.0,0.0,0.35,0.0,4.11,7.6
2001-03-13,4.1,8.1,0.7,-1.3,3.1,52,0.5,0.3,0.14,3.0,10.51,17.2
2001-03-14,8.3,14.1,3.1,4.6,8.9,58,0.0,0.0,0.0,0.0,7.21,11.4
2001-03-15,11.7,20.1,5.4,7.3,17.8,61,0.3,0.3,0.0,2.0,10.26,18.4
2001-03-16,7.9,11.3,4.2,4.3,7.3,58,0.2,0.2,0.0,1.0,5.77,9.1
2001-03-17,8.8,11.6,5.0,6.8,10.4,78,2.1,2.1,0.0,5.0,2.75,5.6
2001-03-18,12.0,16.9,8.5,9.3,12.0,66,1.9,1.9,0.0,7.0,7.84,13.1
2001-03-19,12.3,16.5,7.0,9.3,13.0,60,0.0,0.0,0.0,0.0,7.67,11.8
2001-03-20,12.8,18.8,5.0,9.9,15.8,65,0.0,0.0,0.0,0.0,8.2,12.8
2001-03-21,14.0,20.8,7.6,11.9,19.3,59,0.0,0.0,0.0,0.0,5.2,7.5
2001-03-22,12.9,17.0,7.6,10.4,14.2,68,0.0,0.0,0.0,0.0,6.34,9.6
2001-03-23,12.2,15.5,9.6,9.2,12.6,62,0.0,0.0,0.0,0.0,5.15,8.5
2001-03-24,12.9,18.0,7.4,10.5,16.0,64,0.0,0.0,0.0,0.0,5.52,8.5
2001-03-25,13.9,15.8,11.9,12.6,14.0,80,2.8,2.8,0.0,11.0,4.65,9.3
2001-03-26,13.0,17.2,8.9,9.9,13.4,70,13.6,13.6,0.0,11.0,8.35,15.0
2001-03-27,11.3,16.2,7.3,9.0,14.9,59,0.6,0.6,0.0,3.0,4.34,6.5
2001-03-28,11.3,15.3,8.5,8.4,13.6,71,0.0,0.0,0.0,0.0,7.73,12.0
2001-03-29,8.0,10.2,5.0,4.5,8.4,86,21.3,21.3,0.0,16.0,6.9,11.0
2001-03-30,7.2,11.9,4.3,4.1,8.5,66,1.2,1.2,0.0,4.0,3.95,8.9
2001-03-31,3.4,5.7,1.5,-0.6,2.5,81,11.0,8.8,1.54,17.0,6.16,10.3
2001-04-01,6.3,12.3,0.0,3.4,9.2,63,0.0,0.0,0.0,0.0,2.75,5.7
2001-04-02,9.9,15.7,2.4,6.0,11.1,63,0.0,0.0,0.0,0.0,8.71,13.3
2001-04-03,14.4,20.4,8.3,10.7,17.5,68,1.7,1.7,0.0,6.0,8.84,13.0
2001-04-04,9.4,13.6,6.8,5.0,8.0,56,0.9,0.9,0.0,4.0,7.33,11.3
2001-04-05,11.2,16.4,5.0,8.0,13.0,65,0.0,0.0,0.0,0.0,8.97,13.9
2001-04-06,13.8,18.6,8.9,11.7,17.0,69,0.0,0.0,0.0,0.0,5.25,8.9
2001-04-07,14.6,19.4,10.9,13.5,19.0,73,0.0,0.0,0.0,0.0,3.91,6.0
2001-04-08,15.2,19.5,11.2,14.2,18.0,77,0.1,0.1,0.0,1.0,3.82,5.9
2001-04-09,15.9,20.2,12.0,15.2,19.0,76,0.1,0.1,0.0,1.0,3.3,5.0
2001-04-10,16.5,21.1,13.2,15.1,19.3,74,0.0,0.0,0.0,0.0,5.66,8.6
2001-04-11,16.8,20.8,13.9,15.3,18.3,73,0.1,0.1,0.0,1.0,5.37,8.6
2001-04-12,16.4,21.0,12.9,14.2,18.2,75,1.4,1.4,0.0,5.0,11.75,18.7
2001-04-13,14.2,17.6,10.8,11.7,15.9,54,0.0,0.0,0.0,0.0,4.8,7.3
2001-04-14,14.7,19.2,9.7,11.6,16.3,62,0.0,0.0,0.0,0.0,10.56,16.0
2001-04-15,15.0,19.7,9.7,13.6,18.7,64,0.0,0.0,0.0,0.0,4.36,7.5
2001-04-16,15.1,19.8,10.3,13.3,18.3,63,0.0,0.0,0.0,0.0,6.61,10.3
2001-04-17,16.7,21.6,11.9,15.6,20.7,69,0.0,0.0,0.0,0.0,6.04,9.4
2001-04-18,17.2,20.9,14.0,16.2,19.1,69,2.9,2.9,0.0,4.0,4.55,6.8
2001-04-19,16.3,19.9,14.4,14.2,17.8,76,7.1,7.1,0.0,13.0,8.02,12.5
2001-04-20,17.9,23.4,13.3,16.5,23.0,61,0.0,0.0,0.0,0.0,6.0,8.8
2001-04-21,10.1,12.8,9.4,6.8,9.4,70,2.7,2.7,0.0,17.0,5.05,7.2
2001-04-22,12.4,17.8,8.8,7.8,14.5,55,2.6,2.6,0.0,8.0,10.7,16.8
2001-04-23,12.7,17.1,7.1,9.2,13.1,58,0.0,0.0,0.0,0.0,9.21,14.2
2001-04-24,16.4,20.4,12.7,13.0,15.8,64,0.0,0.0,0.0,0.0,9.73,13.9
2001-04-25,12.7,14.4,11.7,10.8,13.6,79,3.4,3.4,0.0,8.0,4.02,5.9
2001-04-26,13.2,17.0,10.9,10.5,14.1,57,0.0,0.0,0.0,0.0,4.46,7.1
2001-04-27,14.8,18.9,9.6,12.7,17.4,60,0.2,0.2,0.0,1.0,5.97,9.4
2001-04-28,17.1,21.5,12.3,15.6,20.0,64,0.0,0.0,0.0,0.0,6.66,10.5
2001-04-29,17.9,20.9,15.6,17.0,18.7,77,5.2,5.2,0.0,12.0,6.92,12.7
2001-04-30,15.6,16.8,11.7,14.6,17.0,85,12.8,12.8,0.0,17.0,5.8,8.9
2001-05-01,12.0,15.2,9.6,9.0,13.3,68,0.0,0.0,0.0,0.0,5.12,8.9
2001-05-02,12.3,14.2,10.7,10.0,11.8,74,3.9,3.9,0.0,5.0,4.0,6.7
2001-05-03,12.2,15.7,10.7,9.2,12.2,79,11.2,11.2,0.0,14.0,6.96,10.6
2001-05-04,13.4,18.2,10.2,11.4,17.7,67,0.0,0.0,0.0,0.0,4.52,7.5
2001-05-05,15.0,19.0,11.1,13.9,18.0,72,0.0,0.0,0.0,0.0,5.06,7.6
2001-05-06,17.3,21.1,12.5,16.2,19.8,74,0.0,0.0,0.0,0.0,7.0,10.6
2001-05-07,19.1,22.6,15.5,16.3,19.5,71,0.0,0.0,0.0,0.0,11.89,18.1
2001-05-08,19.0,20.6,17.4,17.8,20.0,82,2.5,2.5,0.0,9.0,8.1,14.3
2001-05-09,19.1,21.0,17.9,19.6,21.8,85,1.0,1.0,0.0,5.0,5.2,7.8
2001-05-10,18.1,20.2,16.7,18.4,20.5,83,3.6,3.6,0.0,13.0,3.41,5.8
2001-05-11,17.7,21.0,15.2,17.2,19.8,75,1.9,1.9,0.0,7.0,6.1,9.1
2001-05-12,17.8,22.5,12.4,17.1,23.2,67,0.0,0.0,0.0,0.0,6.2,9.6
2001-05-13,19.4,24.5,14.8,19.1,24.5,65,0.0,0.0,0.0,0.0,5.63,8.6
2001-05-14,19.9,24.7,15.9,19.5,24.7,70,0.0,0.0,0.0,0.0,7.41,12.1
2001-05-15,20.8,24.7,17.0,19.6,22.5,69,0.0,0.0,0.0,0.0,8.49,13.2
2001-05-16,19.9,22.3,18.5,20.6,22.3,82,4.2,4.2,0.0,13.0,5.1,9.0
2001-05-17,19.3,23.6,15.6,17.6,23.2,53,0.2,0.2,0.0,1.0,5.98,9.3
2001-05-18,19.8,24.0,14.9,18.6,23.0,65,0.0,0.0,0.0,0.0,8.01,13.6
2001-05-19,21.2,25.6,17.0,19.5,23.5,63,0.0,0.0,0.0,0.0,10.69,16.7
2001-05-20,21.8,26.9,16.8,22.0,27.2,66,0.0,0.0,0.0,0.0,7.05,11.3
2001-05-21,22.3,27.4,18.7,23.6,29.2,73,0.0,0.0,0.0,0.0,6.99,11.1
2001-05-22,20.5,22.2,19.3,21.9,24.0,81,6.4,6.4,0.0,13.0,3.22,7.6
2001-05-23,19.1,19.8,18.6,19.6,21.1,91,20.8,20.8,0.0,23.0,5.59,8.2
2001-05-24,19.4,20.6,18.6,19.8,22.2,87,16.8,16.8,0.0,16.0,6.41,9.1
2001-05-25,20.7,24.5,18.1,21.3,25.8,78,4.5,4.5,0.0,4.0,6.77,10.6
2001-05-26,21.4,23.5,18.9,22.2,24.4,83,0.0,0.0,0.0,0.0,6.62,10.9
2001-05-27,19.6,21.5,17.9,21.1,24.1,88,20.6,20.6,0.0,22.0,4.02,6.7
2001-05-28,19.5,23.4,16.5,20.0,24.5,74,10.6,10.6,0.0,10.0,4.1,7.5
2001-05-29,20.3,22.8,17.5,20.5,22.1,75,2.7,2.7,0.0,8.0,6.46,10.1
2001-05-30,20.7,23.7,18.1,21.2,23.3,77,2.7,2.7,0.0,10.0,5.73,8.5
2001-05-31,20.6,23.7,18.3,21.9,25.9,86,16.5,16.5,0.0,15.0,6.69,8.8
2001-06-01,21.8,24.3,19.3,22.5,24.9,67,0.0,0.0,0.0,0.0,3.89,5.7
2001-06-02,21.6,25.2,18.2,22.5,26.0,64,0.0,0.0,0.0,0.0,2.69,6.3
2001-06-03,21.6,25.8,16.8,22.0,26.7,67,0.0,0.0,0.0,0.0,6.14,9.6
2001-06-04,23.5,29.1,18.6,25.0,31.5,68,0.0,0.0,0.0,0.0,5.22,7.9
2001-06-05,22.6,26.3,19.6,23.8,27.5,75,0.5,0.5,0.0,2.0,5.98,9.3
2001-06-06,20.0,21.1,18.5,21.5,23.5,81,12.5,12.5,0.0,18.0,3.33,5.7
2001-06-07,22.1,27.2,18.8,24.1,30.9,80,10.9,10.9,0.0,4.0,6.1,8.8
2001-06-08,20.7,24.5,18.5,21.8,26.2,76,0.0,0.0,0.0,0.0,3.67,6.0
2001-06-09,20.9,24.7,18.7,21.4,26.4,73,0.0,0.0,0.0,0.0,4.24,6.9
2001-06-10,20.6,23.7,18.7,22.0,25.0,81,3.6,3.6,0.0,2.0,4.9,8.1
2001-06-11,22.1,26.5,18.3,24.2,29.4,79,1.1,1.1,0.0,5.0,4.46,8.3
2001-06-12,19.3,20.1,18.5,19.0,21.4,72,1.9,1.9,0.0,9.0,4.11,6.7
2001-06-13,20.7,23.9,17.9,21.5,25.3,76,1.8,1.8,0.0,7.0,3.58,6.2
2001-06-14,18.9,19.6,17.8,19.6,21.7,91,24.3,24.3,0.0,22.0,5.74,8.3
2001-06-15,17.6,18.6,16.5,17.1,18.1,89,36.2,36.2,0.0,24.0,5.63,10.0
2001-06-16,18.2,20.4,16.7,18.7,21.0,82,1.8,1.8,0.0,9.0,3.06,5.5
2001-06-17,21.2,24.9,17.7,22.7,26.3,77,0.0,0.0,0.0,0.0,3.31,5.5
2001-06-18,23.2,27.3,20.0,25.5,30.6,79,0.0,0.0,0.0,0.0,7.22,11.1
2001-06-19,24.0,27.2,21.4,24.8,27.9,83,0.0,0.0,0.0,0.0,9.62,17.1
2001-06-20,23.5,26.3,19.2,25.2,30.6,85,12.4,12.4,0.0,15.0,9.25,15.8
2001-06-21,18.5,19.0,18.0,19.4,19.8,87,13.4,13.4,0.0,20.0,4.11,7.0
2001-06-22,20.3,23.2,18.0,21.7,25.0,81,0.6,0.6,0.0,4.0,3.06,5.6
2001-06-23,22.1,25.7,19.8,24.4,27.5,81,0.1,0.1,0.0,1.0,3.5,5.7
2001-06-24,23.3,26.4,21.0,26.4,29.8,82,1.0,1.0,0.0,3.0,2.93,5.8
2001-06-25,25.2,28.6,21.7,29.3,32.1,83,0.0,0.0,0.0,0.0,5.1,7.9
2001-06-26,26.1,29.6,23.1,29.7,32.7,81,1.1,1.1,0.0,4.0,5.29,8.2
2001-06-27,26.9,30.7,23.6,30.8,34.4,77,0.0,0.0,0.0,0.0,6.18,10.1
2001-06-28,26.6,29.5,23.4,30.2,32.8,74,0.3,0.3,0.0,3.0,2.51,6.0
2001-06-29,26.6,30.4,23.4,30.7,35.2,74,0.0,0.0,0.0,0.0,3.26,5.3
2001-06-30,24.8,25.8,23.5,28.1,29.9,85,17.1,17.1,0.0,11.0,6.41,10.4
2001-07-01,27.6,34.0,22.6,31.1,38.9,71,0.0,0.0,0.0,0.0,6.55,10.1
2001-07-02,24.8,28.7,22.2,26.6,30.9,73,0.0,0.0,0.0,0.0,6.45,9.7
2001-07-03,25.7,29.4,22.5,28.1,32.0,77,0.0,0.0,0.0,0.0,6.6,10.4
2001-07-04,27.8,32.4,23.8,32.2,36.9,76,0.0,0.0,0.0,0.0,4.4,8.1
2001-07-05,28.8,33.7,25.7,32.6,37.2,70,0.0,0.0,0.0,0.0,5.91,9.2
2001-07-06,28.1,32.1,24.9,32.6,37.7,72,2.0,2.0,0.0,3.0,4.33,7.2
2001-07-07,25.2,28.2,22.7,26.6,28.9,67,0.9,0.9,0.0,3.0,4.69,7.3
2001-07-08,24.7,29.0,21.3,26.3,30.3,67,0.0,0.0,0.0,0.0,3.83,6.1
2001-07-09,25.6,30.7,21.4,28.2,34.1,69,0.0,0.0,0.0,0.0,5.71,9.0
2001-07-10,25.3,29.8,22.2,27.4,31.5,71,0.0,0.0,0.0,0.0,6.6,10.6
2001-07-11,26.7,31.2,22.5,28.7,32.9,74,0.0,0.0,0.0,0.0,9.01,14.0
2001-07-12,29.2,34.1,25.3,30.2,35.8,67,0.0,0.0,0.0,0.0,11.32,18.5
2001-07-13,30.2,35.1,26.3,32.4,37.0,66,0.0,0.0,0.0,0.0,8.23,14.6
2001-07-14,30.1,34.5,26.9,34.7,40.2,68,0.7,0.7,0.0,1.0,5.17,9.8
2001-07-15,29.8,34.2,27.1,33.0,37.7,68,0.0,0.0,0.0,0.0,9.33,14.8
2001-07-16,28.8,32.2,26.3,30.2,32.8,71,0.0,0.0,0.0,0.0,11.36,17.9
2001-07-17,29.0,33.4,25.8,32.2,37.0,71,0.0,0.0,0.0,0.0,7.0,12.8
2001-07-18,28.6,33.3,26.0,32.5,37.9,69,1.2,1.2,0.0,3.0,5.05,9.7
2001-07-19,26.7,30.1,24.9,30.7,34.1,78,5.6,5.6,0.0,11.0,3.35,8.2
2001-07-20,27.3,31.3,24.2,31.0,35.6,76,0.4,0.4,0.0,2.0,6.79,10.7
2001-07-21,28.7,31.6,26.6,32.5,35.1,75,0.0,0.0,0.0,0.0,6.95,10.9
2001-07-22,29.3,33.5,26.2,32.9,36.5,72,0.0,0.0,0.0,0.0,7.99,12.7
2001-07-23,31.1,35.9,27.1,35.9,40.9,66,0.0,0.0,0.0,0.0,4.92,8.5
2001-07-24,32.5,37.9,29.0,37.5,43.1,61,0.5,0.5,0.0,1.0,3.93,6.7
2001-07-25,28.7,32.9,26.1,33.1,36.4,71,14.4,14.4,0.0,15.0,3.27,6.9
2001-07-26,26.4,28.3,24.4,28.9,30.9,76,5.3,5.3,0.0,14.0,5.76,10.7
2001-07-27,24.9,27.8,22.6,24.6,27.2,67,0.7,0.7,0.0,5.0,7.64,12.4
2001-07-28,24.1,27.4,21.4,24.1,27.6,62,0.0,0.0,0.0,0.0,5.7,9.0
2001-07-29,25.0,29.5,21.7,27.0,31.7,67,0.0,0.0,0.0,0.0,5.24,8.4
2001-07-30,26.9,31.1,23.2,29.5,33.2,72,0.0,0.0,0.0,0.0,7.0,11.3
2001-07-31,29.0,33.7,25.8,33.2,38.6,71,0.3,0.3,0.0,1.0,4.4,8.9
2001-08-01,30.2,35.8,26.6,34.7,40.9,66,1.3,1.3,0.0,2.0,3.79,6.4
2001-08-02,26.8,30.1,24.5,29.5,32.5,73,0.5,0.5,0.0,2.0,5.15,7.5
2001-08-03,27.0,31.3,24.6,30.1,34.3,72,0.0,0.0,0.0,0.0,5.7,8.6
2001-08-04,29.2,35.5,26.1,33.0,38.6,69,6.2,6.2,0.0,8.0,4.3,8.0
2001-08-05,25.3,27.5,23.7,26.1,28.8,67,0.5,0.5,0.0,3.0,6.02,9.1
2001-08-06,24.6,26.9,23.2,25.6,27.9,63,0.0,0.0,0.0,0.0,4.35,6.7
2001-08-07,24.6,26.7,23.2,25.7,28.2,62,0.0,0.0,0.0,0.0,3.44,5.4
2001-08-08,25.5,28.5,23.3,27.2,30.2,64,0.0,0.0,0.0,0.0,3.34,5.4
2001-08-09,27.2,31.5,24.5,30.4,34.4,72,0.0,0.0,0.0,0.0,5.56,9.0
2001-08-10,28.4,32.1,26.4,33.2,35.4,79,2.5,2.5,0.0,7.0,5.15,8.7
2001-08-11,26.3,28.2,24.8,30.9,32.8,82,10.5,10.5,0.0,21.0,3.52,5.9
2001-08-12,25.1,27.4,23.6,28.8,31.1,85,1.2,1.2,0.0,7.0,3.61,5.8
2001-08-13,26.3,30.2,23.5,30.4,34.4,79,0.5,0.5,0.0,2.0,5.14,7.6
2001-08-14,27.8,32.1,25.0,32.7,37.3,77,0.0,0.0,0.0,0.0,3.98,7.6
2001-08-15,27.0,30.4,24.8,30.5,33.2,76,0.3,0.3,0.0,3.0,4.3,6.9
2001-08-16,26.4,30.4,24.0,28.9,31.9,71,0.5,0.5,0.0,5.0,4.7,7.4
2001-08-17,26.2,31.1,23.2,27.3,31.8,60,0.0,0.0,0.0,0.0,5.43,9.2
2001-08-18,25.1,28.6,21.9,25.0,28.6,67,2.6,2.6,0.0,7.0,8.03,13.7
2001-08-19,24.0,27.6,20.4,23.6,27.2,58,0.0,0.0,0.0,0.0,5.46,8.5
2001-08-20,25.4,28.7,21.9,26.3,29.3,57,0.0,0.0,0.0,0.0,4.9,8.3
2001-08-21,24.3,26.0,23.0,26.6,28.5,80,23.9,23.9,0.0,17.0,8.56,14.4
2001-08-22,26.0,26.6,25.4,28.1,30.9,88,23.8,23.8,0.0,18.0,11.91,20.2
2001-08-23,27.4,30.3,24.0,32.0,34.4,79,1.3,1.3,0.0,6.0,3.71,7.8
2001-08-24,27.5,31.1,25.0,31.6,35.0,74,0.0,0.0,0.0,0.0,3.12,5.6
2001-08-25,26.9,30.7,24.0,31.2,34.9,76,0.0,0.0,0.0,0.0,4.06,6.2
2001-08-26,26.8,29.2,25.0,31.5,34.8,80,1.0,1.0,0.0,4.0,3.57,6.8
2001-08-27,25.9,28.8,23.5,30.2,34.1,81,0.8,0.8,0.0,5.0,2.72,5.6
2001-08-28,25.8,29.8,23.4,29.7,34.2,79,1.5,1.5,0.0,8.0,3.7,5.2
2001-08-29,24.9,27.9,23.4,28.0,31.1,81,1.9,1.9,0.0,12.0,3.5,5.9
2001-08-30,24.7,27.6,23.0,27.5,30.3,80,5.5,5.5,0.0,15.0,4.13,6.8
2001-08-31,22.7,24.0,21.5,25.6,27.0,87,10.2,10.2,0.0,12.0,2.82,6.2
2001-09-01,23.7,26.9,21.1,25.5,28.5,74,0.4,0.4,0.0,2.0,3.96,6.8
2001-09-02,23.9,27.5,20.8,25.6,28.5,71,0.0,0.0,0.0,0.0,3.32,5.7
2001-09-03,22.7,24.9,21.1,24.8,26.7,81,9.4,9.4,0.0,15.0,3.24,5.4
2001-09-04,22.3,25.4,20.5,23.2,26.0,83,10.6,10.6,0.0,13.0,6.31,10.5
2001-09-05,22.1,25.6,19.5,22.6,25.5,71,0.0,0.0,0.0,0.0,4.42,6.8
2001-09-06,22.5,25.8,20.0,23.9,26.9,72,0.0,0.0,0.0,0.0,3.45,5.3
2001-09-07,23.0,25.5,21.4,24.8,26.3,77,0.0,0.0,0.0,0.0,4.41,8.4
2001-09-08,24.7,28.1,21.6,27.2,30.4,80,3.2,3.2,0.0,10.0,4.6,7.8
2001-09-09,26.3,29.3,24.5,29.5,31.5,84,20.0,20.0,0.0,24.0,7.61,11.9
2001-09-10,25.6,26.0,25.0,27.5,28.3,89,34.8,34.8,0.0,24.0,9.89,16.3
2001-09-11,25.5,26.3,25.0,27.8,30.4,88,19.5,19.5,0.0,17.0,10.32,17.2
2001-09-12,26.4,29.9,22.7,30.4,34.2,75,0.0,0.0,0.0,0.0,3.51,5.3
2001-09-13,24.7,26.7,23.4,28.0,30.2,82,1.2,1.2,0.0,6.0,4.1,6.8
2001-09-14,25.0,27.2,23.2,28.9,30.7,85,0.8,0.8,0.0,4.0,3.4,6.6
2001-09-15,25.7,28.1,23.8,29.0,31.1,82,3.3,3.3,0.0,6.0,5.63,10.1
2001-09-16,25.2,28.5,23.2,28.7,32.2,83,13.0,13.0,0.0,20.0,4.74,7.3
2001-09-17,24.4,27.9,22.1,26.9,30.1,77,1.2,1.2,0.0,4.0,4.3,7.0
2001-09-18,25.7,28.7,23.4,28.8,31.5,80,0.0,0.0,0.0,0.0,6.53,10.3
2001-09-19,25.2,29.0,22.4,27.7,30.7,77,1.3,1.3,0.0,5.0,4.73,7.5
2001-09-20,22.4,24.1,20.9,23.0,24.4,77,2.2,2.2,0.0,6.0,7.1,10.5
2001-09-21,19.9,21.8,16.7,20.4,23.3,81,20.5,20.5,0.0,21.0,5.96,10.2
2001-09-22,15.9,19.2,13.3,12.4,15.1,62,7.8,7.8,0.0,7.0,8.25,13.5
2001-09-23,16.2,21.1,11.8,14.0,19.2,62,0.0,0.0,0.0,0.0,5.61,9.5
2001-09-24,17.9,23.9,12.3,17.2,23.4,66,0.0,0.0,0.0,0.0,3.3,5.4
2001-09-25,19.2,24.2,13.2,19.3,25.1,71,0.0,0.0,0.0,0.0,3.81,5.8
2001-09-26,21.0,24.9,17.8,21.9,25.3,70,0.0,0.0,0.0,0.0,2.61,5.3
2001-09-27,22.1,25.3,19.2,23.4,25.6,72,0.0,0.0,0.0,0.0,3.51,5.8
2001-09-28,20.3,23.2,17.0,20.6,23.1,74,2.7,2.7,0.0,6.0,6.34,9.7
2001-09-29,17.3,20.5,14.4,16.0,19.1,64,0.0,0.0,0.0,0.0,3.31,6.3
2001-09-30,18.2,21.5,15.2,18.4,21.9,73,6.1,6.1,0.0,8.0,2.3,4.4
2001-10-01,18.8,21.8,17.1,19.6,23.5,91,48.4,48.4,0.0,23.0,5.54,11.8
2001-10-02,21.3,27.1,17.1,21.8,28.5,71,0.0,0.0,0.0,0.0,5.89,7.8
2001-10-03,20.5,24.8,16.6,19.3,23.6,58,0.0,0.0,0.0,0.0,6.02,10.2
2001-10-04,19.3,22.7,16.2,19.5,23.0,73,0.0,0.0,0.0,0.0,2.96,4.4
2001-10-05,19.9,21.8,17.8,21.3,23.6,83,1.2,1.2,0.0,5.0,3.0,5.0
2001-10-06,20.8,24.5,17.5,22.0,24.7,75,0.0,0.0,0.0,0.0,2.8,4.4
2001-10-07,19.6,22.0,17.2,18.6,21.1,67,0.0,0.0,0.0,0.0,4.83,7.1
2001-10-08,17.2,18.6,15.7,15.5,16.9,80,14.2,14.2,0.0,12.0,6.91,10.7
2001-10-09,18.9,22.3,16.4,17.0,20.4,72,1.4,1.4,0.0,4.0,7.05,11.4
2001-10-10,17.5,19.8,15.0,16.7,20.2,88,99.3,99.3,0.0,20.0,8.41,13.7
2001-10-11,21.0,25.1,18.4,21.8,25.1,81,0.2,0.2,0.0,1.0,6.0,9.4
2001-10-12,20.6,24.3,18.0,21.9,25.7,77,2.4,2.4,0.0,6.0,3.1,4.6
2001-10-13,20.0,24.3,15.5,20.0,24.6,67,0.0,0.0,0.0,0.0,3.98,5.5
2001-10-14,18.4,23.1,13.4,18.0,22.5,65,0.0,0.0,0.0,0.0,3.01,5.1
2001-10-15,17.4,21.6,13.4,16.4,21.0,67,0.0,0.0,0.0,0.0,4.52,7.1
2001-10-16,17.6,21.7,12.7,16.8,19.9,73,0.2,0.2,0.0,1.0,5.35,8.3
2001-10-17,18.1,19.5,16.4,18.7,21.0,87,26.0,26.0,0.0,24.0,3.81,6.0
2001-10-18,13.8,16.4,11.4,11.7,17.3,83,34.1,34.1,0.0,19.0,6.6,9.8
2001-10-19,13.9,18.0,9.9,11.9,16.1,65,0.0,0.0,0.0,0.0,3.67,7.0
2001-10-20,14.8,19.2,11.6,13.2,17.2,66,0.0,0.0,0.0,0.0,3.13,5.2
2001-10-21,15.5,19.0,11.7,14.9,17.8,73,0.0,0.0,0.0,0.0,2.82,4.5
2001-10-22,16.1,20.4,12.2,16.2,20.5,82,9.5,9.5,0.0,8.0,2.26,5.4
2001-10-23,19.5,25.5,15.5,19.0,25.5,70,17.9,17.9,0.0,7.0,5.59,10.1
2001-10-24,17.2,20.9,13.7,16.8,20.2,71,0.0,0.0,0.0,0.0,2.71,5.0
2001-10-25,16.9,19.8,14.4,16.4,20.0,71,1.3,1.3,0.0,6.0,3.04,4.6
2001-10-26,15.9,19.3,13.1,14.3,17.8,68,0.0,0.0,0.0,0.0,3.67,6.3
2001-10-27,16.0,20.4,11.8,15.3,19.8,73,0.0,0.0,0.0,0.0,2.8,4.9
2001-10-28,16.5,19.0,14.1,15.4,17.4,84,11.2,11.2,0.0,12.0,10.2,16.0
2001-10-29,18.3,22.3,12.9,16.5,19.2,71,0.4,0.4,0.0,2.0,8.41,13.3
2001-10-30,13.9,17.3,10.6,11.9,15.7,67,0.0,0.0,0.0,0.0,3.7,5.7
2001-10-31,15.8,20.0,13.0,14.3,18.6,69,0.0,0.0,0.0,0.0,4.44,7.2
2001-11-01,16.3,20.4,12.0,15.7,18.3,77,0.0,0.0,0.0,0.0,5.25,8.8
2001-11-02,16.4,21.2,12.2,16.1,20.4,76,0.0,0.0,0.0,0.0,3.01,5.1
2001-11-03,15.5,17.0,14.1,14.6,17.2,84,19.9,19.9,0.0,10.0,7.04,10.5
2001-11-04,13.7,17.5,9.7,10.1,12.4,60,7.4,7.4,0.0,8.0,7.95,11.7
2001-11-05,12.8,16.5,8.2,11.0,15.5,72,1.3,1.3,0.0,4.0,6.8,11.8
2001-11-06,17.3,21.5,11.9,15.3,22.4,75,17.1,17.1,0.0,14.0,10.53,16.1
2001-11-07,11.4,13.9,8.4,7.3,10.8,57,0.0,0.0,0.0,0.0,9.18,14.1
2001-11-08,11.6,16.8,7.3,8.9,14.7,72,0.0,0.0,0.0,0.0,4.78,8.3
2001-11-09,12.7,14.4,11.0,10.4,12.4,79,7.5,7.5,0.0,15.0,4.79,8.1
2001-11-10,11.5,12.4,9.6,8.5,9.6,82,15.4,15.4,0.0,20.0,6.12,11.2
2001-11-11,11.3,15.0,8.2,8.9,12.5,70,0.0,0.0,0.0,0.0,4.03,7.1
2001-11-12,10.9,12.7,9.2,8.8,11.4,79,6.0,6.0,0.0,7.0,3.4,7.8
2001-11-13,10.8,13.2,8.5,8.2,10.8,68,0.4,0.4,0.0,2.0,3.47,7.2
2001-11-14,11.0,14.9,7.5,7.9,12.4,63,0.7,0.7,0.0,3.0,4.9,8.7
2001-11-15,10.0,13.8,7.2,7.6,12.0,68,1.1,1.1,0.0,2.0,3.1,4.9
2001-11-16,11.3,16.5,6.5,8.6,14.0,65,0.0,0.0,0.0,0.0,5.39,8.9
2001-11-17,12.0,16.2,7.4,9.7,14.6,67,0.0,0.0,0.0,0.0,4.81,7.9
2001-11-18,9.9,12.2,7.8,7.0,9.9,64,0.0,0.0,0.0,0.0,4.01,5.8
2001-11-19,9.5,13.8,5.5,6.9,11.2,67,0.0,0.0,0.0,0.0,3.26,5.4
2001-11-20,10.2,15.3,5.9,7.9,13.8,72,0.0,0.0,0.0,0.0,2.86,5.3
2001-11-21,10.8,15.5,6.7,8.6,13.5,71,0.0,0.0,0.0,0.0,2.62,5.0
2001-11-22,11.2,17.4,5.8,9.2,15.6,70,0.0,0.0,0.0,0.0,2.95,4.1
2001-11-23,11.5,16.7,7.3,10.1,15.2,77,0.0,0.0,0.0,0.0,2.21,4.4
2001-11-24,11.9,16.8,8.1,10.7,15.4,79,0.0,0.0,0.0,0.0,2.83,5.2
2001-11-25,11.4,16.9,6.2,10.0,15.5,78,0.0,0.0,0.0,0.0,2.92,4.6
2001-11-26,10.0,13.0,8.0,7.7,9.8,80,5.0,5.0,0.0,11.0,4.58,8.1
2001-11-27,8.2,11.8,5.6,5.5,9.3,69,0.0,0.0,0.0,0.0,3.0,8.0
2001-11-28,8.6,13.4,3.7,6.0,10.5,67,0.0,0.0,0.0,0.0,3.01,4.5
2001-11-29,10.4,15.1,5.2,7.9,12.2,70,0.0,0.0,0.0,0.0,4.44,7.6
2001-11-30,12.7,18.3,9.2,10.1,16.2,70,1.3,1.3,0.0,4.0,6.38,10.7
2001-12-01,9.7,12.4,6.9,7.4,9.8,66,0.5,0.5,0.0,3.0,2.71,5.7
2001-12-02,9.9,15.1,5.1,7.8,12.4,73,0.0,0.0,0.0,0.0,3.11,5.0
2001-12-03,10.1,14.2,7.2,8.2,12.5,78,0.0,0.0,0.0,0.0,3.01,4.6
2001-12-04,8.6,9.8,7.8,6.0,7.6,86,10.6,10.6,0.0,10.0,6.17,9.4
2001-12-05,9.3,11.8,7.9,7.1,10.0,81,0.0,0.0,0.0,0.0,3.22,5.3
2001-12-06,8.8,9.9,7.9,6.9,9.0,89,6.6,6.6,0.0,10.0,3.5,5.9
2001-12-07,7.8,10.2,5.3,3.8,7.3,63,0.0,0.0,0.0,0.0,6.41,10.3
2001-12-08,6.5,9.8,4.1,3.3,6.8,65,0.0,0.0,0.0,0.0,2.94,4.8
2001-12-09,7.1,11.4,4.4,2.3,5.6,61,0.0,0.0,0.0,0.0,8.34,12.6
2001-12-10,6.5,9.9,4.3,0.4,2.7,49,0.0,0.0,0.0,0.0,8.82,13.6
2001-12-11,5.4,9.3,2.8,-0.3,2.5,49,0.0,0.0,0.0,0.0,8.51,14.1
2001-12-12,6.2,10.8,0.9,2.5,7.3,56,0.0,0.0,0.0,0.0,3.48,6.5
2001-12-13,9.1,13.1,4.8,6.6,12.8,79,9.6,9.6,0.0,12.0,6.89,15.3
2001-12-14,8.5,11.9,4.7,4.8,7.8,59,0.0,0.0,0.0,0.0,7.03,9.2
2001-12-15,5.7,10.0,1.3,0.0,3.8,54,0.1,0.1,0.0,1.0,8.54,12.7
2001-12-16,4.7,9.1,0.6,1.0,4.8,59,0.0,0.0,0.0,0.0,4.31,6.5
2001-12-17,5.5,10.1,0.8,2.5,7.4,69,0.0,0.0,0.0,0.0,2.57,4.0
2001-12-18,5.3,8.5,2.8,1.3,4.0,63,0.0,0.0,0.0,0.0,5.0,7.9
2001-12-19,5.5,9.4,1.3,2.2,6.5,59,0.0,0.0,0.0,0.0,3.35,5.5
2001-12-20,5.0,9.8,0.8,1.2,5.7,63,0.0,0.0,0.0,0.0,3.75,7.6
2001-12-21,4.0,5.4,3.2,0.6,2.1,79,6.2,6.2,0.0,8.0,3.42,7.0
2001-12-22,5.5,10.5,2.1,1.2,5.1,69,0.0,0.0,0.0,0.0,10.68,16.6
2001-12-23,4.9,9.2,1.4,1.1,5.8,58,0.0,0.0,0.0,0.0,3.98,6.9
2001-12-24,6.0,10.5,1.1,3.0,8.1,64,0.0,0.0,0.0,0.0,2.83,4.7
2001-12-25,5.6,7.4,3.6,1.5,3.1,72,2.3,2.3,0.0,11.0,6.6,9.7
2001-12-26,6.6,9.9,4.5,1.0,3.3,55,0.1,0.1,0.0,1.0,7.85,13.1
2001-12-27,5.0,8.2,2.3,1.7,5.3,63,0.1,0.1,0.0,1.0,4.11,7.6
2001-12-28,4.8,8.7,1.3,1.3,6.2,68,0.0,0.0,0.0,0.0,4.59,7.5
2001-12-29,4.2,8.3,0.3,0.7,4.1,69,0.1,0.1,0.0,1.0,4.16,6.6
2001-12-30,5.2,11.4,0.7,0.4,4.6,60,0.0,0.0,0.0,0.0,8.7,12.6
2001-12-31,3.5,8.5,-1.4,-0.1,5.3,58,0.0,0.0,0.0,0.0,3.11,4.7
2002-01-01,4.9,12.1,0.6,0.9,7.1,68,0.0,0.0,0.0,0.0,5.79,9.8
2002-01-02,3.0,6.7,0.7,-1.3,3.8,67,1.7,0.9,0.56,4.0,7.6,11.2
2002-01-03,1.8,6.6,-1.6,-3.5,1.2,48,0.0,0.0,0.0,0.0,7.38,9.6
2002-01-04,3.8,9.4,-2.2,-0.6,4.6,63,0.0,0.0,0.0,0.0,6.35,10.1
2002-01-05,5.0,8.5,2.9,0.4,3.5,65,0.5,0.5,0.0,1.0,6.4,10.9
2002-01-06,4.0,8.0,0.5,-1.5,2.0,49,0.0,0.0,0.0,0.0,6.44,10.2
2002-01-07,3.0,7.0,-1.1,-0.6,3.6,71,0.3,0.3,0.0,1.0,3.55,6.6
2002-01-08,7.5,11.1,3.7,3.6,8.3,69,3.1,3.1,0.0,8.0,7.32,14.5
2002-01-09,4.7,9.9,1.1,-0.1,4.7,54,0.0,0.0,0.0,0.0,6.44,10.3
2002-01-10,5.3,10.7,-0.5,2.0,7.3,65,0.0,0.0,0.0,0.0,3.04,5.5
2002-01-11,7.2,13.8,1.0,3.6,9.9,66,0.0,0.0,0.0,0.0,5.55,8.2
2002-01-12,7.8,12.9,3.5,4.8,10.3,67,0.0,0.0,0.0,0.0,4.44,5.8
2002-01-13,7.6,11.7,4.0,4.8,9.3,68,0.0,0.0,0.0,0.0,2.9,5.1
2002-01-14,6.9,10.5,3.3,3.8,6.6,70,0.0,0.0,0.0,0.0,4.07,6.8
2002-01-15,9.6,14.7,4.7,7.1,12.3,78,0.0,0.0,0.0,0.0,4.71,6.9
2002-01-16,9.4,12.0,7.2,7.2,10.4,88,5.2,5.2,0.0,11.0,6.86,10.3
2002-01-17,6.3,7.4,5.1,3.4,4.7,76,4.2,4.2,0.0,12.0,3.72,6.5
2002-01-18,5.3,8.4,3.3,1.7,5.4,63,0.0,0.0,0.0,0.0,4.13,6.7
2002-01-19,3.7,7.3,0.6,-0.4,3.2,60,0.0,0.0,0.0,0.0,3.83,6.4
2002-01-20,4.9,9.7,0.6,0.8,5.7,63,0.0,0.0,0.0,0.0,4.4,7.4
2002-01-21,9.7,14.7,5.2,5.6,11.3,84,25.7,25.7,0.0,16.0,15.69,25.7
2002-01-22,8.1,12.8,3.0,4.2,8.3,67,0.0,0.0,0.0,0.0,5.94,9.8
2002-01-23,5.0,10.1,0.7,0.7,5.2,52,0.0,0.0,0.0,0.0,4.34,7.9
2002-01-24,4.6,9.0,-0.4,1.0,6.1,54,0.0,0.0,0.0,0.0,3.83,5.8
2002-01-25,4.3,9.4,-0.1,0.0,4.8,63,0.0,0.0,0.0,0.0,5.17,7.9
2002-01-26,3.3,6.8,0.3,-0.7,3.4,72,6.6,6.6,0.0,6.0,5.82,8.8
2002-01-27,7.7,12.1,3.0,3.2,8.4,75,46.0,46.0,0.0,12.0,7.39,14.8
2002-01-28,6.9,10.9,3.4,2.4,7.7,51,0.0,0.0,0.0,0.0,6.62,9.4
2002-01-29,3.5,7.2,0.2,-1.2,2.5,61,0.0,0.0,0.0,0.0,8.56,12.7
2002-01-30,3.4,7.3,-0.8,-0.5,3.7,60,0.0,0.0,0.0,0.0,3.83,5.5
2002-01-31,3.4,7.1,0.4,-2.1,0.1,55,0.0,0.0,0.0,0.0,9.07,13.8
2002-02-01,3.5,7.9,-0.7,-0.3,4.8,62,0.0,0.0,0.0,0.0,3.5,5.5
2002-02-02,5.7,10.4,1.3,2.6,7.0,67,0.0,0.0,0.0,0.0,3.1,5.1
2002-02-03,5.1,6.7,3.9,1.2,3.7,84,22.7,22.4,0.21,18.0,5.81,10.4
2002-02-04,6.0,9.0,3.2,2.5,5.4,75,0.9,0.9,0.0,5.0,5.24,9.1
2002-02-05,6.6,9.2,3.7,3.9,6.8,74,1.4,1.4,0.0,5.0,3.63,4.0
2002-02-06,7.9,12.0,5.7,5.1,10.0,78,4.7,4.7,0.0,8.0,4.2,6.2
2002-02-07,9.2,13.7,6.1,5.7,10.1,66,0.2,0.2,0.0,1.0,6.8,10.5
2002-02-08,7.9,13.3,3.2,4.3,9.6,61,0.0,0.0,0.0,0.0,5.03,7.4
2002-02-09,7.0,11.5,2.5,1.4,6.8,51,0.0,0.0,0.0,0.0,9.52,15.2
2002-02-10,1.9,2.9,1.1,-1.7,-0.7,64,2.6,0.0,1.96,10.0,4.0,9.1
2002-02-11,2.6,6.2,-0.7,-1.1,2.7,63,0.0,0.0,0.0,0.0,3.86,6.6
2002-02-12,3.2,8.1,-1.1,-0.7,4.0,56,0.0,0.0,0.0,0.0,3.4,5.9
2002-02-13,3.7,7.8,-0.3,-0.2,4.5,60,0.0,0.0,0.0,0.0,3.52,6.1
2002-02-14,3.7,8.7,0.5,-0.8,2.8,57,0.0,0.0,0.0,0.0,5.46,8.8
2002-02-15,4.1,8.8,0.3,-1.2,2.2,49,0.0,0.0,0.0,0.0,6.72,11.8
2002-02-16,5.2,10.0,0.9,1.6,6.5,55,0.0,0.0,0.0,0.0,3.64,6.0
2002-02-17,6.9,10.0,3.2,4.3,6.6,74,6.0,6.0,0.0,8.0,3.2,6.1
2002-02-18,6.2,11.8,1.9,2.1,9.5,69,0.9,0.9,0.0,5.0,8.97,13.9
2002-02-19,4.2,8.7,-0.6,-1.4,1.6,50,0.0,0.0,0.0,0.0,8.52,14.0
2002-02-20,7.5,12.2,2.0,3.6,9.2,54,0.0,0.0,0.0,0.0,5.24,9.1
2002-02-21,7.9,13.9,1.6,5.1,10.6,66,0.0,0.0,0.0,0.0,4.71,7.4
2002-02-22,10.4,16.0,5.8,8.4,13.6,68,0.0,0.0,0.0,0.0,3.7,5.4
2002-02-23,9.1,11.2,6.4,5.8,8.6,64,2.2,2.2,0.0,4.0,4.4,6.3
2002-02-24,7.6,11.2,5.1,4.2,7.3,63,2.4,2.4,0.0,6.0,3.72,5.5
2002-02-25,6.4,10.5,2.0,2.8,7.5,61,0.0,0.0,0.0,0.0,3.67,6.0
2002-02-26,8.3,11.8,5.1,5.8,9.6,71,0.0,0.0,0.0,0.0,3.32,5.4
2002-02-27,9.5,12.6,6.3,7.2,10.0,74,0.0,0.0,0.0,0.0,2.5,4.4
2002-02-28,9.9,11.9,8.1,8.1,10.5,84,3.2,3.2,0.0,9.0,2.7,4.8
2002-03-01,11.3,14.3,9.5,9.4,11.7,74,0.1,0.1,0.0,1.0,2.8,4.7
2002-03-02,11.2,14.5,8.4,8.9,13.0,69,0.3,0.3,0.0,3.0,5.32,7.9
2002-03-03,5.6,7.5,3.8,1.0,3.4,57,0.0,0.0,0.0,0.0,5.49,9.4
2002-03-04,7.2,11.2,4.2,3.7,8.8,62,0.0,0.0,0.0,0.0,4.08,6.7
2002-03-05,8.4,12.3,4.8,6.0,9.8,71,1.4,1.4,0.0,4.0,3.01,8.3
2002-03-06,11.5,17.4,7.8,10.2,17.9,82,8.7,8.7,0.0,13.0,4.18,17.8
2002-03-07,9.7,14.6,5.3,5.5,9.9,52,0.0,0.0,0.0,0.0,6.4,11.7
2002-03-08,7.5,12.2,3.7,3.3,8.0,47,0.0,0.0,0.0,0.0,5.07,9.6
2002-03-09,8.6,14.2,3.1,5.0,9.6,62,0.0,0.0,0.0,0.0,7.06,11.6
2002-03-10,10.4,17.0,3.7,7.5,13.0,67,0.0,0.0,0.0,0.0,7.27,10.8
2002-03-11,10.5,14.4,7.0,7.5,11.7,63,0.0,0.0,0.0,0.0,6.48,10.2
2002-03-12,11.2,16.7,5.0,8.6,15.1,61,0.0,0.0,0.0,0.0,4.92,8.4
2002-03-13,10.2,14.8,5.4,6.4,11.6,51,0.0,0.0,0.0,0.0,6.06,10.1
2002-03-14,12.2,17.7,6.8,9.1,13.1,62,0.0,0.0,0.0,0.0,6.99,10.8
2002-03-15,16.3,22.1,13.1,12.8,18.3,65,3.1,3.1,0.0,6.0,8.68,14.3
2002-03-16,12.4,16.1,8.9,9.6,13.2,59,0.0,0.0,0.0,0.0,4.06,6.6
2002-03-17,13.7,18.7,8.3,10.5,14.0,67,0.0,0.0,0.0,0.0,10.65,16.4
2002-03-18,13.4,18.1,8.5,9.6,13.6,58,0.0,0.0,0.0,0.0,10.11,15.6
2002-03-19,11.7,15.7,5.6,7.0,11.4,47,0.0,0.0,0.0,0.0,8.28,13.3
2002-03-20,12.6,16.9,8.1,8.8,14.2,43,0.0,0.0,0.0,0.0,8.44,13.2
2002-03-21,14.6,19.4,7.3,10.4,13.3,61,0.0,0.0,0.0,0.0,14.49,22.0
2002-03-22,13.5,16.0,9.9,12.0,15.2,79,6.8,6.8,0.0,11.0,6.31,10.7
2002-03-23,8.9,13.2,6.7,6.2,11.2,75,7.8,7.8,0.0,11.0,5.85,10.7
2002-03-24,8.3,12.9,4.3,4.6,9.2,51,0.0,0.0,0.0,0.0,5.56,10.2
2002-03-25,8.4,12.0,4.6,4.8,8.9,57,0.0,0.0,0.0,0.0,4.0,7.2
2002-03-26,9.3,11.5,7.2,6.9,10.0,74,0.2,0.2,0.0,2.0,3.98,5.9
2002-03-27,10.6,11.6,8.1,7.5,10.1,79,32.3,32.3,0.0,10.0,8.77,15.9
2002-03-28,9.2,12.8,4.6,4.6,10.1,49,0.0,0.0,0.0,0.0,7.42,12.8
2002-03-29,12.3,14.9,8.4,8.9,10.8,75,5.9,5.9,0.0,10.0,10.71,15.9
2002-03-30,15.9,20.4,12.8,12.9,16.8,67,34.1,34.1,0.0,8.0,9.93,14.7
2002-03-31,13.7,16.9,11.2,12.0,16.2,76,6.6,6.6,0.0,11.0,4.49,6.8
2002-04-01,13.1,18.0,7.8,11.3,17.0,75,0.0,0.0,0.0,0.0,7.0,10.9
2002-04-02,16.7,23.2,10.1,15.8,22.7,68,0.0,0.0,0.0,0.0,4.33,6.3
2002-04-03,16.0,20.6,11.6,15.3,21.2,78,0.0,0.0,0.0,0.0,5.9,9.2
2002-04-04,13.8,17.1,10.6,7.8,11.9,46,2.7,2.7,0.0,6.0,11.63,17.2
2002-04-05,12.8,18.4,9.0,7.4,13.6,42,0.0,0.0,0.0,0.0,8.56,12.8
2002-04-06,11.6,16.8,6.6,8.4,14.8,53,0.0,0.0,0.0,0.0,5.3,8.9
2002-04-07,13.7,18.8,10.1,12.1,16.3,78,3.4,3.4,0.0,7.0,6.01,9.5
2002-04-08,17.4,22.0,14.0,17.4,21.8,82,0.0,0.0,0.0,0.0,5.12,8.5
2002-04-09,16.5,19.9,12.0,16.4,20.8,86,7.6,7.6,0.0,14.0,6.52,10.7
2002-04-10,11.9,13.1,10.9,9.5,10.5,70,0.6,0.6,0.0,4.0,3.67,6.9
2002-04-11,13.2,16.7,10.6,11.3,14.7,70,1.9,1.9,0.0,6.0,3.28,5.2
2002-04-12,12.7,15.1,11.0,10.8,13.4,78,14.1,14.1,0.0,12.0,5.11,8.0
2002-04-13,12.3,16.2,8.9,9.8,13.6,70,0.0,0.0,0.0,0.0,6.71,10.2
2002-04-14,13.5,19.1,7.9,12.3,17.1,74,0.0,0.0,0.0,0.0,5.2,8.5
2002-04-15,17.7,23.1,12.9,16.3,21.9,73,0.0,0.0,0.0,0.0,8.86,13.4
2002-04-16,19.2,21.7,17.3,15.7,17.1,74,0.0,0.0,0.0,0.0,12.35,19.9
2002-04-17,19.7,21.6,17.6,16.5,19.0,77,0.0,0.0,0.0,0.0,14.02,21.9
2002-04-18,14.9,17.2,12.0,12.9,15.9,69,1.2,1.2,0.0,7.0,5.54,8.2
2002-04-19,14.4,16.6,12.8,12.0,13.7,59,0.0,0.0,0.0,0.0,4.98,8.2
2002-04-20,15.7,19.1,12.3,14.0,17.3,62,0.0,0.0,0.0,0.0,4.28,6.9
2002-04-21,15.3,17.1,13.9,14.3,16.2,81,13.8,13.8,0.0,13.0,4.85,7.2
2002-04-22,16.1,19.1,13.4,13.9,16.1,76,4.1,4.1,0.0,4.0,7.1,10.6
2002-04-23,15.3,19.3,12.6,13.7,18.0,72,0.0,0.0,0.0,0.0,5.33,8.3
2002-04-24,16.1,21.2,11.3,15.5,21.6,73,0.0,0.0,0.0,0.0,3.82,6.0
2002-04-25,15.7,18.7,12.6,14.0,16.9,74,2.5,2.5,0.0,8.0,5.35,8.3
2002-04-26,12.2,14.1,10.9,8.2,9.7,62,1.0,1.0,0.0,9.0,6.79,10.2
2002-04-27,12.2,16.4,9.2,8.7,13.6,56,0.0,0.0,0.0,0.0,6.2,9.6
2002-04-28,12.4,17.1,7.7,9.5,14.5,58,0.0,0.0,0.0,0.0,4.5,7.4
2002-04-29,14.1,19.5,8.3,12.2,18.9,61,0.0,0.0,0.0,0.0,6.1,9.3
2002-04-30,16.9,19.9,14.9,13.8,16.0,73,2.3,2.3,0.0,8.0,10.07,15.2
2002-05-01,18.2,22.2,15.7,17.6,22.3,77,4.2,4.2,0.0,9.0,6.35,9.6
2002-05-02,16.9,20.3,13.8,14.8,18.1,57,0.0,0.0,0.0,0.0,5.35,8.9
2002-05-03,17.4,21.9,12.2,15.5,19.5,65,0.0,0.0,0.0,0.0,7.7,11.8
2002-05-04,18.6,21.6,16.0,17.2,20.5,72,0.0,0.0,0.0,0.0,8.25,14.8
2002-05-05,20.2,24.1,16.1,20.2,26.5,69,0.0,0.0,0.0,0.0,5.81,10.7
2002-05-06,17.3,20.3,14.3,14.7,18.4,48,0.1,0.1,0.0,1.0,5.5,10.7
2002-05-07,15.4,18.2,12.8,13.8,16.6,65,0.0,0.0,0.0,0.0,4.7,6.8
2002-05-08,19.4,25.6,14.5,19.9,25.8,77,0.6,0.6,0.0,1.0,5.7,10.4
2002-05-09,15.0,16.6,14.0,13.3,15.9,75,1.3,1.3,0.0,6.0,4.31,7.7
2002-05-10,14.2,15.3,13.6,12.8,14.5,80,15.0,15.0,0.0,17.0,4.81,6.5
2002-05-11,15.2,17.6,13.2,13.7,17.3,83,21.1,21.1,0.0,12.0,8.1,12.2
2002-05-12,16.8,20.6,13.8,16.2,20.2,76,1.4,1.4,0.0,5.0,4.85,7.4
2002-05-13,15.4,17.7,13.5,14.5,17.0,79,0.0,0.0,0.0,0.0,4.3,7.3
2002-05-14,19.2,24.1,15.2,19.7,24.8,75,0.0,0.0,0.0,0.0,4.55,5.7
2002-05-15,18.4,22.8,14.9,17.5,22.4,71,0.2,0.2,0.0,1.0,5.95,8.1
2002-05-16,14.5,16.6,12.9,12.1,14.3,72,1.8,1.8,0.0,9.0,4.91,7.3
2002-05-17,14.0,16.1,12.8,12.6,15.4,81,8.2,8.2,0.0,11.0,4.62,7.2
2002-05-18,15.6,18.7,13.5,15.1,19.0,86,9.0,9.0,0.0,11.0,5.08,9.3
2002-05-19,17.4,21.5,13.8,17.8,21.3,82,0.9,0.9,0.0,4.0,4.2,6.6
2002-05-20,15.6,17.8,14.1,14.4,16.6,79,14.0,14.0,0.0,16.0,5.1,9.7
2002-05-21,17.1,20.3,13.3,17.0,21.6,78,1.5,1.5,0.0,8.0,4.52,10.2
2002-05-22,18.3,22.9,13.3,18.0,23.6,74,0.0,0.0,0.0,0.0,6.61,10.4
2002-05-23,19.3,23.5,17.0,19.7,22.9,77,0.0,0.0,0.0,0.0,5.05,7.9
2002-05-24,19.2,22.3,16.8,19.6,22.3,76,0.4,0.4,0.0,4.0,4.11,7.8
2002-05-25,19.7,23.6,14.8,19.9,24.7,68,0.4,0.4,0.0,3.0,3.9,6.5
2002-05-26,18.9,23.0,14.9,18.1,21.4,62,0.2,0.2,0.0,2.0,6.02,9.1
2002-05-27,18.6,23.2,15.0,18.6,24.2,76,4.4,4.4,0.0,6.0,6.95,12.7
2002-05-28,19.1,23.6,15.3,19.3,24.7,72,0.0,0.0,0.0,0.0,5.15,7.8
2002-05-29,19.9,23.5,17.2,20.5,24.1,74,0.0,0.0,0.0,0.0,4.73,8.0
2002-05-30,21.0,24.9,16.8,21.5,26.0,74,0.0,0.0,0.0,0.0,7.03,10.9
2002-05-31,20.8,23.4,18.9,19.2,21.5,73,0.0,0.0,0.0,0.0,10.39,16.5
2002-06-01,21.1,25.2,18.1,22.3,25.7,77,0.0,0.0,0.0,0.0,6.33,9.9
2002-06-02,23.1,27.6,19.6,24.4,28.6,67,2.5,2.5,0.0,1.0,3.04,6.7
2002-06-03,22.1,25.4,19.1,22.3,25.4,65,0.4,0.4,0.0,3.0,4.32,6.9
2002-06-04,22.7,27.3,18.6,24.4,30.0,71,1.1,1.1,0.0,2.0,4.49,7.6
2002-06-05,23.4,28.9,19.7,24.2,30.8,63,0.1,0.1,0.0,1.0,5.4,8.5
2002-06-06,21.9,26.3,17.5,21.2,26.5,57,0.1,0.1,0.0,1.0,4.25,7.9
2002-06-07,22.8,28.7,18.1,23.5,29.1,69,0.0,0.0,0.0,0.0,7.1,11.2
2002-06-08,23.6,27.9,20.3,23.7,28.0,71,0.0,0.0,0.0,0.0,9.73,14.8
2002-06-09,24.7,28.9,20.9,22.6,24.7,43,0.0,0.0,0.0,0.0,10.24,13.6
2002-06-10,23.9,29.3,19.0,22.3,28.0,43,0.0,0.0,0.0,0.0,7.92,12.6
2002-06-11,24.5,29.3,20.4,24.7,30.4,72,0.9,0.9,0.0,4.0,11.87,18.9
2002-06-12,21.9,23.9,18.4,23.2,26.5,82,5.4,5.4,0.0,10.0,6.45,11.7
2002-06-13,19.0,20.8,17.7,19.8,21.7,84,7.8,7.8,0.0,14.0,3.55,6.6
2002-06-14,21.2,23.1,19.4,22.3,23.2,81,0.0,0.0,0.0,0.0,6.13,10.2
2002-06-15,21.9,24.7,20.0,23.8,26.1,82,5.8,5.8,0.0,9.0,4.37,5.2
2002-06-16,21.8,24.2,20.1,23.6,26.5,85,0.1,0.1,0.0,1.0,5.4,9.4
2002-06-17,22.8,26.2,20.0,24.9,28.7,79,0.5,0.5,0.0,3.0,4.43,7.0
2002-06-18,20.0,21.9,18.7,20.9,24.3,85,46.9,46.9,0.0,19.0,5.73,12.7
2002-06-19,22.6,28.4,16.3,22.9,30.3,65,0.0,0.0,0.0,0.0,5.87,9.0
2002-06-20,21.1,24.0,19.4,22.4,24.3,85,17.5,17.5,0.0,12.0,5.69,9.6
2002-06-21,22.5,26.7,19.2,23.5,28.6,76,2.6,2.6,0.0,4.0,6.26,10.2
2002-06-22,18.3,21.0,16.0,17.8,20.9,78,9.2,9.2,0.0,8.0,5.23,8.4
2002-06-23,17.1,19.2,15.7,17.2,19.6,80,3.7,3.7,0.0,14.0,2.93,5.7
2002-06-24,19.2,22.6,16.4,18.8,22.9,71,0.1,0.1,0.0,1.0,5.76,9.2
2002-06-25,17.6,18.4,16.3,17.2,18.8,87,11.4,11.4,0.0,23.0,5.26,7.4
2002-06-26,16.9,18.0,16.3,16.8,18.2,87,4.8,4.8,0.0,16.0,4.33,6.5
2002-06-27,17.2,18.9,16.0,17.2,19.3,89,11.3,11.3,0.0,22.0,4.47,6.6
2002-06-28,20.0,24.2,16.7,20.6,25.5,79,0.0,0.0,0.0,0.0,4.12,6.4
2002-06-29,20.6,23.3,18.5,21.9,24.4,82,5.0,5.0,0.0,6.0,4.08,4.8
2002-06-30,22.1,25.3,19.4,23.8,27.6,84,10.6,10.6,0.0,11.0,4.84,6.9
2002-07-01,22.9,26.2,20.9,25.7,29.7,88,5.4,5.4,0.0,15.0,4.12,7.5
2002-07-02,23.7,27.2,21.5,27.3,31.1,87,2.4,2.4,0.0,7.0,2.68,4.9
2002-07-03,24.1,27.5,21.5,27.7,31.2,85,0.9,0.9,0.0,5.0,2.77,6.1
2002-07-04,25.8,30.4,23.0,29.7,35.3,81,0.0,0.0,0.0,0.0,4.24,6.4
2002-07-05,24.9,28.2,22.9,28.5,31.2,84,0.0,0.0,0.0,0.0,3.61,6.4
2002-07-06,25.3,27.7,23.4,26.0,27.3,79,0.0,0.0,0.0,0.0,10.47,15.8
2002-07-07,26.7,30.1,24.2,27.7,30.9,75,0.0,0.0,0.0,0.0,10.6,17.7
2002-07-08,27.1,30.9,23.7,30.8,34.6,76,0.0,0.0,0.0,0.0,6.44,10.4
2002-07-09,27.2,31.0,24.6,32.2,35.5,81,12.5,12.5,0.0,11.0,3.4,7.3
2002-07-10,25.4,26.4,24.5,28.0,29.3,90,53.1,53.1,0.0,24.0,10.51,20.0
2002-07-11,27.7,31.5,24.2,31.1,38.6,74,18.6,18.6,0.0,6.0,11.31,19.5
2002-07-12,26.6,29.9,24.3,30.0,32.5,74,0.0,0.0,0.0,0.0,4.82,7.6
2002-07-13,26.2,29.2,23.5,30.1,32.6,81,0.0,0.0,0.0,0.0,4.81,7.7
2002-07-14,27.8,31.9,24.8,29.7,33.9,74,0.0,0.0,0.0,0.0,12.14,18.7
2002-07-15,27.1,29.7,25.4,28.8,30.9,79,0.7,0.7,0.0,2.0,9.08,14.3
2002-07-16,26.5,31.2,24.8,28.3,33.7,80,18.2,18.2,0.0,10.0,11.3,17.7
2002-07-17,26.4,29.5,23.6,29.5,32.1,80,0.0,0.0,0.0,0.0,6.87,11.2
2002-07-18,27.1,30.0,24.9,29.5,32.7,78,0.2,0.2,0.0,1.0,8.3,13.0
2002-07-19,27.2,29.8,25.3,29.1,32.4,82,4.2,4.2,0.0,4.0,9.63,16.6
2002-07-20,28.0,31.8,25.3,31.6,36.3,78,0.0,0.0,0.0,0.0,6.91,11.5
2002-07-21,27.9,31.5,25.4,32.6,37.0,82,0.4,0.4,0.0,2.0,5.9,10.8
2002-07-22,28.2,31.4,26.1,32.8,36.4,79,0.2,0.2,0.0,1.0,6.22,10.9
2002-07-23,28.4,32.4,26.1,33.9,37.9,78,1.6,1.6,0.0,5.0,2.98,5.5
2002-07-24,26.8,30.3,24.6,29.5,32.9,75,1.5,1.5,0.0,5.0,6.14,9.4
2002-07-25,26.2,28.6,24.1,30.1,33.9,82,6.3,6.3,0.0,12.0,4.83,7.2
2002-07-26,28.3,31.8,25.5,32.8,35.6,78,0.2,0.2,0.0,1.0,5.5,8.6
2002-07-27,28.8,32.7,25.6,34.3,39.3,78,0.0,0.0,0.0,0.0,3.57,5.6
2002-07-28,25.9,28.4,23.7,28.9,34.4,78,0.0,0.0,0.0,0.0,4.47,7.8
2002-07-29,26.2,30.0,23.5,29.8,33.9,77,0.0,0.0,0.0,0.0,2.79,4.7
2002-07-30,28.5,32.4,25.5,33.9,39.6,77,0.0,0.0,0.0,0.0,3.45,6.4
2002-07-31,29.6,34.0,26.4,34.9,38.9,74,0.0,0.0,0.0,0.0,4.74,7.7
2002-08-01,30.4,34.5,27.2,36.4,42.1,74,0.0,0.0,0.0,0.0,3.94,7.5
2002-08-02,28.7,34.2,25.2,33.7,39.4,75,5.9,5.9,0.0,7.0,3.08,5.9
2002-08-03,27.4,31.2,25.0,31.7,35.7,77,0.9,0.9,0.0,4.0,3.26,6.1
2002-08-04,26.8,30.3,24.4,31.1,34.6,79,1.4,1.4,0.0,6.0,4.47,7.8
2002-08-05,28.6,33.2,25.3,33.8,38.5,74,0.0,0.0,0.0,0.0,3.92,6.5
2002-08-06,30.7,35.4,26.8,36.3,41.2,69,0.0,0.0,0.0,0.0,4.16,7.0
2002-08-07,30.6,34.8,27.6,34.9,39.8,66,0.0,0.0,0.0,0.0,6.84,10.9
2002-08-08,30.1,35.2,26.0,32.1,36.5,64,0.0,0.0,0.0,0.0,9.48,16.2
2002-08-09,29.9,34.0,26.6,31.5,35.3,64,0.0,0.0,0.0,0.0,9.43,16.0
2002-08-10,30.3,34.7,27.1,32.1,36.4,63,0.0,0.0,0.0,0.0,9.04,16.3
2002-08-11,30.2,35.0,26.4,32.8,37.2,63,0.0,0.0,0.0,0.0,6.89,12.4
2002-08-12,28.0,32.1,26.1,32.4,36.1,74,1.1,1.1,0.0,3.0,4.34,8.9
2002-08-13,28.5,32.8,25.5,32.2,36.8,73,0.0,0.0,0.0,0.0,7.04,11.3
2002-08-14,29.0,33.2,26.3,32.2,35.6,70,0.0,0.0,0.0,0.0,7.45,12.9
2002-08-15,29.2,33.1,26.3,31.9,35.1,70,0.0,0.0,0.0,0.0,8.59,16.1
2002-08-16,27.4,32.1,24.4,31.7,37.2,77,10.0,10.0,0.0,11.0,4.12,9.1
2002-08-17,25.4,28.6,23.5,28.0,31.3,80,1.5,1.5,0.0,6.0,4.9,7.7
2002-08-18,24.7,26.7,23.8,27.2,29.2,84,8.9,8.9,0.0,23.0,5.05,8.1
2002-08-19,24.6,25.5,23.6,27.4,28.5,92,55.1,55.1,0.0,24.0,7.69,12.7
2002-08-20,25.8,29.7,21.5,24.1,27.8,59,0.0,0.0,0.0,0.0,11.1,15.5
2002-08-21,23.7,28.3,20.3,22.3,27.0,54,0.0,0.0,0.0,0.0,7.93,10.9
2002-08-22,22.8,26.7,19.6,23.5,27.7,62,0.0,0.0,0.0,0.0,3.02,5.1
2002-08-23,22.4,23.8,21.5,24.9,27.3,80,10.8,10.8,0.0,11.0,2.45,7.5
2002-08-24,24.3,27.9,21.5,27.3,30.0,82,7.2,7.2,0.0,7.0,5.61,8.8
2002-08-25,26.2,30.1,22.6,30.4,34.8,80,0.0,0.0,0.0,0.0,3.09,5.2
2002-08-26,25.7,28.9,23.7,28.7,31.4,78,0.6,0.6,0.0,4.0,4.3,7.4
2002-08-27,26.5,30.2,23.6,30.6,34.1,79,1.1,1.1,0.0,4.0,3.73,7.3
2002-08-28,27.5,30.6,25.1,32.4,35.7,82,1.9,1.9,0.0,10.0,4.77,9.0
2002-08-29,27.9,31.3,25.7,32.4,35.6,80,0.0,0.0,0.0,0.0,5.51,8.5
2002-08-30,27.9,30.9,26.0,31.6,34.6,78,0.0,0.0,0.0,0.0,6.21,9.6
2002-08-31,27.4,30.3,25.4,30.4,32.4,78,0.0,0.0,0.0,0.0,7.11,10.9
2002-09-01,27.7,30.7,25.5,30.2,32.8,73,0.0,0.0,0.0,0.0,6.81,10.5
2002-09-02,27.8,31.4,24.2,31.9,34.8,76,0.0,0.0,0.0,0.0,4.8,7.2
2002-09-03,28.3,31.8,26.1,32.7,36.1,77,0.0,0.0,0.0,0.0,5.53,8.7
2002-09-04,28.2,32.0,25.8,32.8,38.1,75,1.1,1.1,0.0,4.0,4.27,8.1
2002-09-05,26.4,29.2,24.0,29.9,32.5,79,3.4,3.4,0.0,10.0,5.03,8.5
2002-09-06,23.7,24.7,22.9,26.7,28.1,88,40.6,40.6,0.0,23.0,4.98,8.4
2002-09-07,24.3,26.9,22.9,27.4,30.2,85,4.0,4.0,0.0,11.0,3.97,6.6
2002-09-08,24.4,27.7,22.6,27.2,30.2,81,2.0,2.0,0.0,11.0,3.55,5.3
2002-09-09,24.0,26.1,22.3,27.5,29.6,85,49.3,49.3,0.0,20.0,4.12,7.2
2002-09-10,24.2,26.8,22.2,26.7,28.7,78,27.4,27.4,0.0,6.0,3.1,8.3
2002-09-11,25.4,28.7,22.5,28.6,32.1,79,0.0,0.0,0.0,0.0,5.66,9.0
2002-09-12,26.2,30.1,23.3,29.6,33.8,79,3.5,3.5,0.0,3.0,5.17,9.5
2002-09-13,22.8,24.8,19.9,24.6,26.7,82,3.7,3.7,0.0,5.0,5.11,7.8
2002-09-14,19.6,21.1,18.4,19.8,21.3,78,3.8,3.8,0.0,5.0,4.9,7.3
2002-09-15,19.4,21.5,18.1,20.0,22.4,79,2.0,2.0,0.0,11.0,3.72,5.9
2002-09-16,19.6,20.8,18.6,20.4,21.3,85,6.0,6.0,0.0,17.0,4.36,6.6
2002-09-17,20.8,22.9,18.8,23.3,26.1,89,3.2,3.2,0.0,9.0,2.91,6.3
2002-09-18,22.5,26.4,19.0,22.8,25.4,68,0.0,0.0,0.0,0.0,5.07,8.3
2002-09-19,20.0,24.5,17.0,19.9,24.7,68,0.0,0.0,0.0,0.0,3.67,6.3
2002-09-20,19.9,25.3,15.1,20.2,25.7,70,0.0,0.0,0.0,0.0,3.01,4.5
2002-09-21,20.6,25.5,16.2,20.9,25.9,71,0.0,0.0,0.0,0.0,3.91,6.6
2002-09-22,19.6,21.5,17.9,19.2,20.9,81,24.7,24.7,0.0,18.0,6.8,9.1
2002-09-23,20.1,24.0,17.8,20.3,24.2,73,5.4,5.4,0.0,9.0,6.04,9.2
2002-09-24,19.7,23.3,17.4,19.8,22.9,66,0.4,0.4,0.0,2.0,2.71,5.3
2002-09-25,20.1,24.3,15.5,20.2,24.1,65,0.0,0.0,0.0,0.0,3.93,5.5
2002-09-26,18.8,20.5,16.8,17.8,19.4,67,0.2,0.2,0.0,2.0,4.12,6.9
2002-09-27,17.6,19.3,16.1,17.4,19.1,78,14.3,14.3,0.0,13.0,4.1,6.0
2002-09-28,18.1,20.7,16.2,18.9,23.4,90,36.0,36.0,0.0,15.0,6.59,15.2
2002-09-29,21.7,26.2,17.8,24.6,29.3,85,0.0,0.0,0.0,0.0,1.62,3.6
2002-09-30,20.6,21.9,19.1,22.0,24.8,88,20.9,20.9,0.0,18.0,4.87,7.1
2002-10-01,20.1,23.6,18.4,19.9,23.3,91,100.2,100.2,0.0,24.0,14.19,29.3
2002-10-02,22.9,27.4,18.4,24.0,29.6,75,0.1,0.1,0.0,1.0,9.42,15.1
2002-10-03,22.1,25.4,19.5,23.6,26.6,74,0.0,0.0,0.0,0.0,3.1,5.2
2002-10-04,22.3,27.4,17.3,24.4,29.3,75,0.0,0.0,0.0,0.0,2.47,3.7
2002-10-05,22.0,26.2,19.0,23.6,28.6,76,0.1,0.1,0.0,1.0,3.4,6.0
2002-10-06,21.6,24.4,18.6,22.7,24.6,78,0.0,0.0,0.0,0.0,5.41,9.3
2002-10-07,24.1,27.8,21.0,24.7,27.5,78,8.8,8.8,0.0,5.0,10.03,15.6
2002-10-08,19.3,20.4,17.5,19.8,21.3,78,7.5,7.5,0.0,12.0,3.37,6.4
2002-10-09,18.0,20.6,16.4,18.4,20.2,81,8.8,8.8,0.0,14.0,3.78,7.2
2002-10-10,17.9,22.1,13.1,16.3,18.9,65,0.0,0.0,0.0,0.0,5.77,8.8
2002-10-11,15.3,19.7,11.7,13.8,18.0,66,0.0,0.0,0.0,0.0,3.25,7.2
2002-10-12,15.7,20.4,11.5,14.4,19.4,71,0.0,0.0,0.0,0.0,3.47,6.3
2002-10-13,16.6,21.4,12.2,15.0,19.6,71,0.0,0.0,0.0,0.0,5.25,9.9
2002-10-14,19.0,24.7,12.2,19.3,25.8,72,0.0,0.0,0.0,0.0,3.72,4.8
2002-10-15,21.8,25.1,18.6,20.6,22.7,71,0.5,0.5,0.0,3.0,9.47,14.1
2002-10-16,20.5,25.2,16.6,20.1,24.4,68,0.0,0.0,0.0,0.0,6.02,11.8
2002-10-17,18.5,23.3,13.9,18.4,22.9,72,0.2,0.2,0.0,1.0,3.13,5.2
2002-10-18,18.7,20.9,17.2,19.5,22.0,83,2.5,2.5,0.0,13.0,3.03,5.9
2002-10-19,19.0,21.9,16.9,20.2,22.9,86,0.3,0.3,0.0,3.0,3.81,6.0
2002-10-20,17.5,19.2,15.9,16.4,18.0,84,0.8,0.8,0.0,3.0,6.72,10.4
2002-10-21,15.5,16.6,14.6,13.4,14.6,87,33.4,33.4,0.0,20.0,9.11,13.8
2002-10-22,16.6,21.1,12.4,16.2,21.2,74,0.0,0.0,0.0,0.0,3.35,6.4
2002-10-23,15.7,17.2,14.4,14.8,16.0,75,3.4,3.4,0.0,8.0,3.35,6.2
2002-10-24,14.8,16.5,13.8,13.9,15.3,83,9.4,9.4,0.0,14.0,3.82,7.3
2002-10-25,15.7,19.4,13.2,14.9,18.4,75,0.0,0.0,0.0,0.0,3.52,5.0
2002-10-26,14.0,15.5,12.3,12.5,14.4,85,3.6,3.6,0.0,11.0,6.46,8.6
2002-10-27,14.6,18.6,10.7,13.9,18.4,82,0.5,0.5,0.0,3.0,4.62,7.4
2002-10-28,13.9,18.6,10.5,11.6,15.2,64,0.0,0.0,0.0,0.0,5.26,7.2
2002-10-29,11.9,16.1,7.4,8.6,12.7,55,0.0,0.0,0.0,0.0,4.92,7.4
2002-10-30,12.2,16.6,8.8,8.2,12.2,56,0.0,0.0,0.0,0.0,6.94,10.7
2002-10-31,11.7,15.3,6.9,9.5,12.7,68,0.5,0.5,0.0,2.0,3.6,5.8
2002-11-01,11.6,12.8,10.1,10.1,11.2,83,4.4,4.4,0.0,8.0,3.38,5.9
2002-11-02,11.5,15.0,8.7,8.3,12.0,65,2.6,2.6,0.0,5.0,8.57,13.9
2002-11-03,11.1,16.1,6.4,8.0,13.0,64,0.0,0.0,0.0,0.0,7.45,11.0
2002-11-04,10.0,15.5,5.9,7.3,12.3,67,0.5,0.5,0.0,2.0,6.11,9.8
2002-11-05,8.9,13.5,6.2,6.0,9.9,62,0.0,0.0,0.0,0.0,3.45,9.7
2002-11-06,9.0,13.2,5.6,4.8,7.7,57,0.0,0.0,0.0,0.0,7.02,11.0
2002-11-07,8.9,12.5,5.6,6.4,10.0,68,0.0,0.0,0.0,0.0,2.42,5.0
2002-11-08,11.3,17.1,6.1,9.1,14.9,81,0.0,0.0,0.0,0.0,6.93,11.0
2002-11-09,9.0,13.4,4.3,4.9,8.6,63,1.2,1.2,0.0,3.0,8.3,13.7
2002-11-10,8.5,13.7,2.6,5.4,11.1,59,0.0,0.0,0.0,0.0,3.16,4.5
2002-11-11,10.3,15.5,4.9,7.9,12.5,74,0.0,0.0,0.0,0.0,5.12,7.8
2002-11-12,14.8,19.1,11.4,13.1,18.2,82,0.0,0.0,0.0,0.0,7.32,13.9
2002-11-13,11.3,15.9,7.7,9.2,13.9,73,0.7,0.7,0.0,4.0,4.32,6.6
2002-11-14,9.9,15.1,5.3,6.9,11.2,64,0.0,0.0,0.0,0.0,4.24,8.0
2002-11-15,9.5,12.3,7.4,7.1,10.7,70,0.0,0.0,0.0,0.0,3.97,6.2
2002-11-16,8.7,10.0,7.4,5.6,7.2,72,0.0,0.0,0.0,0.0,4.33,6.2
2002-11-17,9.0,10.8,7.6,5.8,8.3,72,0.2,0.2,0.0,2.0,4.18,6.2
2002-11-18,11.6,18.4,6.9,8.7,15.5,68,0.1,0.1,0.0,1.0,9.58,13.3
2002-11-19,9.2,11.5,6.3,5.6,8.1,56,0.0,0.0,0.0,0.0,8.34,13.1
2002-11-20,9.4,11.8,8.1,6.8,10.1,74,0.6,0.6,0.0,5.0,4.11,6.8
2002-11-21,10.9,16.2,6.8,8.9,13.9,75,0.2,0.2,0.0,2.0,4.12,6.7
2002-11-22,7.7,8.8,6.6,3.8,5.2,64,0.0,0.0,0.0,0.0,4.46,7.3
2002-11-23,7.7,10.0,5.7,3.8,6.3,72,0.0,0.0,0.0,0.0,5.18,8.0
2002-11-24,10.6,13.1,9.2,7.3,9.8,79,0.5,0.5,0.0,3.0,5.85,9.4
2002-11-25,10.9,12.3,9.8,8.0,9.8,85,23.0,23.0,0.0,20.0,6.14,9.8
2002-11-26,11.2,15.0,7.9,7.5,9.5,61,11.2,11.2,0.0,5.0,6.74,13.6
2002-11-27,9.2,14.5,5.5,5.6,9.9,55,0.9,0.9,0.0,5.0,5.52,10.2
2002-11-28,7.4,12.4,3.2,3.3,8.3,56,0.0,0.0,0.0,0.0,4.61,8.0
2002-11-29,7.5,11.7,3.2,4.8,9.1,68,0.0,0.0,0.0,0.0,2.65,4.8
2002-11-30,9.8,14.7,5.8,7.8,13.2,75,0.0,0.0,0.0,0.0,3.47,5.2
2002-12-01,9.4,9.9,9.0,6.6,7.9,83,6.8,6.8,0.0,17.0,4.85,7.7
2002-12-02,9.8,13.1,6.1,7.4,10.9,77,0.9,0.9,0.0,6.0,4.47,7.7
2002-12-03,9.8,13.5,7.1,7.6,11.7,75,0.3,0.3,0.0,1.0,2.97,4.7
2002-12-04,10.0,12.3,8.4,7.7,10.6,84,18.9,18.9,0.0,15.0,6.51,12.0
2002-12-05,11.9,17.2,7.3,10.8,16.9,84,0.3,0.3,0.0,2.0,3.79,3.8
2002-12-06,10.8,12.2,8.2,8.0,10.3,68,1.1,1.1,0.0,3.0,4.4,6.5
2002-12-07,6.1,8.0,4.4,2.2,4.4,77,9.9,9.9,0.0,19.0,6.54,8.9
2002-12-08,5.4,6.5,3.6,1.4,2.4,78,1.5,1.5,0.0,6.0,5.06,8.6
2002-12-09,1.5,2.7,0.6,-3.1,-0.9,92,20.2,5.5,10.29,19.0,6.11,10.0
2002-12-10,3.1,5.7,0.9,-0.1,3.4,88,1.5,1.5,0.0,9.0,4.1,6.8
2002-12-11,3.0,8.1,-0.5,-0.5,4.4,74,0.0,0.0,0.0,0.0,3.73,5.5
2002-12-12,3.3,8.2,-0.8,0.2,5.2,71,0.0,0.0,0.0,0.0,2.94,4.7
2002-12-13,3.8,7.8,0.7,-0.7,2.3,64,0.0,0.0,0.0,0.0,5.54,11.4
2002-12-14,2.9,6.7,-0.7,-0.7,3.8,65,0.0,0.0,0.0,0.0,4.12,6.2
2002-12-15,4.8,9.2,0.2,1.9,6.4,73,0.0,0.0,0.0,0.0,2.45,3.9
2002-12-16,7.9,14.6,1.8,5.1,11.5,77,0.2,0.2,0.0,2.0,5.83,8.8
2002-12-17,9.4,12.9,4.9,4.9,9.1,64,0.1,0.1,0.0,1.0,10.93,17.4
2002-12-18,5.5,9.0,3.1,2.6,7.1,77,0.0,0.0,0.0,0.0,3.6,5.5
2002-12-19,6.7,9.3,3.9,4.4,7.1,84,2.1,2.1,0.0,9.0,2.6,5.3
2002-12-20,7.4,9.9,4.7,4.3,6.7,69,0.0,0.0,0.0,0.0,3.93,6.2
2002-12-21,3.9,4.9,2.8,-0.3,1.5,86,26.5,25.5,0.7,15.0,6.28,10.6
2002-12-22,5.8,8.4,3.8,1.8,4.5,78,1.7,1.7,0.0,7.0,5.41,9.0
2002-12-23,4.6,7.6,1.8,0.8,4.6,69,0.0,0.0,0.0,0.0,3.9,7.2
2002-12-24,4.2,6.4,1.8,0.7,3.7,80,2.1,2.1,0.0,7.0,4.3,7.5
2002-12-25,5.3,11.8,1.8,2.7,9.8,85,0.0,0.0,0.0,0.0,4.56,7.0
2002-12-26,4.6,7.9,0.5,-0.9,2.2,54,0.0,0.0,0.0,0.0,9.99,15.1
2002-12-27,1.8,6.4,-1.3,-3.3,-0.2,59,0.0,0.0,0.0,0.0,7.97,13.6
2002-12-28,1.5,4.6,-1.0,-2.2,1.4,64,0.0,0.0,0.0,0.0,3.81,6.9
2002-12-29,3.2,8.0,-0.8,-1.5,2.2,64,0.0,0.0,0.0,0.0,7.02,10.4
2002-12-30,3.5,6.9,0.9,-0.1,3.3,64,0.0,0.0,0.0,0.0,4.15,6.1
2002-12-31,4.2,7.5,0.6,0.4,3.4,69,0.2,0.2,0.0,2.0,3.89,6.7
2003-01-01,4.4,6.9,2.9,0.5,3.3,68,0.5,0.5,0.0,3.0,4.5,8.6
2003-01-02,2.8,5.1,0.1,-2.7,-0.1,62,1.7,1.2,0.35,6.0,9.24,14.2
2003-01-03,0.4,1.8,-1.4,-4.0,-2.6,75,15.3,12.6,1.89,10.0,5.32,7.4
2003-01-04,5.5,12.2,0.8,0.8,7.9,71,11.2,11.2,0.0,4.0,8.13,12.1
2003-01-05,2.6,5.9,-1.2,-2.8,-0.2,51,0.2,0.1,0.07,2.0,7.09,9.5
2003-01-06,1.6,6.8,-3.4,-3.0,2.9,54,0.0,0.0,0.0,0.0,3.92,7.6
2003-01-07,2.1,6.7,-1.6,-1.7,3.3,63,0.0,0.0,0.0,0.0,3.63,5.6
2003-01-08,3.0,7.1,-0.4,-0.7,3.7,64,0.0,0.0,0.0,0.0,3.62,5.7
2003-01-09,3.8,8.3,0.0,0.4,5.8,70,0.0,0.0,0.0,0.0,3.21,6.5
2003-01-10,5.7,11.2,0.6,2.5,7.7,67,0.0,0.0,0.0,0.0,3.3,4.3
2003-01-11,5.9,9.0,3.5,2.1,5.3,65,0.0,0.0,0.0,0.0,4.7,6.6
2003-01-12,5.5,10.9,0.4,2.1,6.7,66,0.0,0.0,0.0,0.0,4.51,7.8
2003-01-13,6.1,11.4,2.4,3.0,9.1,71,0.0,0.0,0.0,0.0,3.64,5.7
2003-01-14,6.9,12.8,2.0,3.5,9.5,72,0.0,0.0,0.0,0.0,7.88,12.5
2003-01-15,2.7,5.7,-0.9,-4.4,-0.6,48,0.0,0.0,0.0,0.0,9.88,16.5
2003-01-16,2.0,6.8,-2.6,-1.9,2.7,61,0.0,0.0,0.0,0.0,4.02,6.7
2003-01-17,5.3,12.0,-0.4,2.4,9.0,66,0.0,0.0,0.0,0.0,2.69,5.3
2003-01-18,5.0,8.1,2.4,1.8,5.1,76,0.0,0.0,0.0,0.0,3.8,6.6
2003-01-19,4.3,6.1,3.0,1.0,3.1,85,7.3,7.3,0.0,7.0,5.15,7.9
2003-01-20,5.3,8.6,2.8,1.9,5.6,74,3.0,3.0,0.0,8.0,4.52,7.6
2003-01-21,3.7,6.8,1.2,-1.2,1.4,66,5.9,4.4,1.05,9.0,6.5,13.1
2003-01-22,3.2,6.6,-1.3,-0.6,3.5,56,0.0,0.0,0.0,0.0,2.96,6.0
2003-01-23,2.6,5.5,0.6,-1.9,1.4,81,14.7,12.3,1.75,13.0,6.68,12.8
2003-01-24,4.5,7.1,0.6,-1.7,0.9,55,0.0,0.0,0.0,0.0,9.33,14.1
2003-01-25,3.7,8.0,0.8,-2.0,2.9,51,0.0,0.0,0.0,0.0,7.02,12.4
2003-01-26,3.8,7.3,0.4,0.2,3.6,62,0.3,0.3,0.0,1.0,4.2,7.3
2003-01-27,4.0,7.7,2.2,0.5,5.8,90,41.7,41.6,0.07,22.0,5.31,18.5
2003-01-28,7.6,11.2,4.6,4.4,7.4,67,1.3,1.3,0.0,3.0,4.88,9.3
2003-01-29,2.3,6.2,-2.2,-4.2,0.8,51,0.0,0.0,0.0,0.0,10.65,15.4
2003-01-30,1.2,6.9,-3.2,-4.0,2.6,50,0.0,0.0,0.0,0.0,6.44,9.9
2003-01-31,2.7,8.5,-2.8,-1.0,5.2,59,0.0,0.0,0.0,0.0,4.04,8.6
2003-02-01,3.1,6.6,-0.4,-2.5,0.2,51,0.0,0.0,0.0,0.0,7.42,12.5
2003-02-02,1.6,4.5,-1.1,-2.4,0.9,65,0.0,0.0,0.0,0.0,3.81,7.3
2003-02-03,2.9,7.5,-0.9,-1.3,3.0,63,0.0,0.0,0.0,0.0,4.34,7.7
2003-02-04,2.6,5.2,0.2,-1.2,1.5,71,0.1,0.1,0.0,1.0,3.05,4.4
2003-02-05,3.6,6.1,1.7,-0.2,2.8,73,0.8,0.4,0.35,4.0,3.95,7.6
2003-02-06,3.8,8.0,0.2,-0.8,1.3,59,0.0,0.0,0.0,0.0,7.96,13.5
2003-02-07,4.4,9.7,-0.4,0.9,5.7,63,0.0,0.0,0.0,0.0,3.75,6.7
2003-02-08,6.2,11.3,1.2,3.4,8.1,71,0.4,0.4,0.0,1.0,2.92,4.6
2003-02-09,9.4,15.0,6.1,6.5,11.9,76,9.0,9.0,0.0,5.0,4.57,11.9
2003-02-10,8.9,12.6,4.8,7.0,10.3,81,1.1,1.1,0.0,4.0,2.4,5.4
2003-02-11,9.3,11.4,8.2,7.0,10.0,86,5.8,5.8,0.0,14.0,4.08,6.0
2003-02-12,6.4,8.5,4.3,2.7,6.9,62,0.0,0.0,0.0,0.0,5.11,8.4
2003-02-13,4.8,8.3,2.0,1.2,5.0,70,0.1,0.1,0.0,1.0,4.46,7.3
2003-02-14,5.5,10.6,1.0,2.0,8.1,64,0.0,0.0,0.0,0.0,4.67,7.8
2003-02-15,5.2,9.2,1.3,1.7,5.5,65,0.0,0.0,0.0,0.0,3.32,5.6
2003-02-16,5.0,6.5,1.9,1.3,2.9,84,9.1,9.1,0.0,10.0,6.91,10.3
2003-02-17,6.0,11.7,0.8,1.7,6.7,63,0.0,0.0,0.0,0.0,6.24,9.4
2003-02-18,4.3,6.1,2.6,0.5,2.4,74,3.5,3.5,0.0,10.0,5.03,7.8
2003-02-19,5.3,9.0,2.4,1.4,5.2,70,0.0,0.0,0.0,0.0,4.82,7.2
2003-02-20,5.6,8.5,3.4,0.2,2.4,73,2.5,2.5,0.0,11.0,8.67,14.5
2003-02-21,5.8,9.6,2.3,0.8,4.8,50,0.0,0.0,0.0,0.0,7.47,13.6
2003-02-22,4.9,6.9,2.9,1.5,3.6,79,2.6,2.6,0.0,16.0,3.77,6.2
2003-02-23,6.0,9.3,4.0,2.1,5.6,77,0.8,0.8,0.0,3.0,4.9,8.6
2003-02-24,3.1,4.9,1.7,-1.0,1.3,86,8.7,7.6,0.77,15.0,5.54,7.7
2003-02-25,4.5,10.4,-0.2,1.0,6.0,71,0.0,0.0,0.0,0.0,3.61,6.2
2003-02-26,7.2,13.1,3.5,4.2,9.5,72,0.0,0.0,0.0,0.0,3.58,6.5
2003-02-27,6.5,9.4,1.8,0.3,4.3,51,0.0,0.0,0.0,0.0,9.2,15.1
2003-02-28,4.0,9.1,-1.2,-0.1,6.0,54,0.0,0.0,0.0,0.0,4.24,6.6
2003-03-01,6.2,8.6,3.1,3.8,6.7,78,48.7,48.7,0.0,13.0,3.8,19.4
2003-03-02,10.2,13.5,7.0,4.7,7.5,51,11.3,11.3,0.0,6.0,10.94,24.4
2003-03-03,9.0,14.9,3.4,5.5,11.8,70,7.4,7.4,0.0,7.0,9.32,16.6
2003-03-04,4.1,7.4,0.6,-3.4,1.3,43,0.0,0.0,0.0,0.0,10.53,17.0
2003-03-05,3.8,7.9,-1.4,-0.9,4.3,49,0.0,0.0,0.0,0.0,6.95,9.4
2003-03-06,4.9,7.9,1.6,1.1,4.8,70,3.7,3.7,0.0,8.0,4.48,6.3
2003-03-07,6.7,10.0,3.6,2.9,7.8,90,46.3,46.3,0.0,20.0,10.12,16.1
2003-03-08,8.0,13.5,3.1,3.0,7.1,57,0.2,0.2,0.0,1.0,9.34,14.4
2003-03-09,5.6,9.0,2.7,-0.9,1.8,48,0.0,0.0,0.0,0.0,10.18,15.7
2003-03-10,4.5,8.6,0.9,-1.6,2.1,47,0.0,0.0,0.0,0.0,7.28,11.1
2003-03-11,3.3,7.1,0.5,-3.1,-0.1,47,0.0,0.0,0.0,0.0,9.07,14.6
2003-03-12,4.3,9.1,0.1,-0.8,3.2,49,0.0,0.0,0.0,0.0,6.05,9.6
2003-03-13,4.4,8.6,0.3,0.7,5.4,60,0.0,0.0,0.0,0.0,3.16,5.1
2003-03-14,6.0,10.5,1.0,2.7,7.6,65,0.0,0.0,0.0,0.0,4.87,7.5
2003-03-15,7.3,9.4,5.7,4.4,6.2,77,2.6,2.6,0.0,9.0,3.36,5.9
2003-03-16,7.8,10.8,4.7,5.0,7.1,77,8.8,8.8,0.0,7.0,5.0,7.4
2003-03-17,5.6,7.2,4.3,2.0,3.4,84,6.7,6.7,0.0,17.0,6.2,9.4
2003-03-18,6.4,9.7,3.9,3.4,6.6,69,0.1,0.1,0.0,1.0,3.09,5.8
2003-03-19,6.7,9.9,4.1,3.9,7.5,69,2.3,2.3,0.0,9.0,3.48,5.1
2003-03-20,6.9,11.1,3.6,1.7,5.6,50,0.0,0.0,0.0,0.0,7.98,14.2
2003-03-21,5.8,10.4,0.6,2.2,7.6,55,0.0,0.0,0.0,0.0,3.26,6.5
2003-03-22,6.6,9.4,4.2,3.0,5.7,72,0.7,0.7,0.0,6.0,4.3,6.7
2003-03-23,9.4,13.7,3.8,6.8,11.0,71,0.0,0.0,0.0,0.0,4.23,6.8
2003-03-24,12.3,17.2,7.4,10.2,15.0,68,0.0,0.0,0.0,0.0,5.63,8.8
2003-03-25,10.6,12.2,9.9,8.6,10.4,86,22.0,22.0,0.0,23.0,4.66,8.7
2003-03-26,13.0,17.8,8.8,9.9,15.1,61,0.8,0.8,0.0,3.0,7.28,10.8
2003-03-27,13.3,18.7,6.8,9.8,14.5,72,0.0,0.0,0.0,0.0,12.16,18.8
2003-03-28,13.2,16.1,9.8,9.4,13.3,51,0.0,0.0,0.0,0.0,7.67,12.5
2003-03-29,9.0,10.6,6.3,5.7,7.1,69,4.2,4.2,0.0,9.0,4.94,8.1
2003-03-30,8.7,13.2,4.3,5.7,9.8,62,0.0,0.0,0.0,0.0,4.51,7.3
2003-03-31,12.1,17.1,5.6,10.4,16.6,69,0.0,0.0,0.0,0.0,4.26,6.9
2003-04-01,11.7,15.5,8.5,9.0,13.6,66,0.0,0.0,0.0,0.0,6.13,9.7
2003-04-02,9.3,10.5,8.3,6.4,7.5,85,13.9,13.9,0.0,18.0,6.26,8.5
2003-04-03,10.1,13.3,6.0,5.8,8.6,65,0.7,0.7,0.0,4.0,7.36,12.2
2003-04-04,8.3,11.8,3.8,5.2,9.0,69,1.1,1.1,0.0,3.0,4.12,6.8
2003-04-05,6.6,8.7,4.9,1.2,5.4,87,48.3,48.3,0.0,24.0,11.28,18.0
2003-04-06,10.4,14.5,6.7,6.1,8.0,52,1.1,1.1,0.0,3.0,9.65,16.4
2003-04-07,12.2,19.1,4.9,9.7,17.7,60,0.0,0.0,0.0,0.0,4.9,7.2
2003-04-08,15.8,18.0,13.5,11.4,13.7,73,13.7,13.7,0.0,7.0,13.83,22.3
2003-04-09,13.3,19.0,8.4,9.9,15.3,63,2.2,2.2,0.0,6.0,7.47,12.0
2003-04-10,9.9,13.9,6.2,6.7,11.6,50,0.3,0.3,0.0,2.0,4.16,7.3
2003-04-11,11.9,15.1,7.3,8.3,9.7,63,0.0,0.0,0.0,0.0,8.39,13.4
2003-04-12,15.5,18.3,12.8,13.1,17.0,80,8.4,8.4,0.0,10.0,10.19,15.3
2003-04-13,17.2,21.6,13.2,17.2,21.3,79,1.7,1.7,0.0,5.0,4.16,7.8
2003-04-14,14.0,15.8,11.4,11.7,14.4,64,1.6,1.6,0.0,5.0,4.18,7.7
2003-04-15,11.5,12.6,10.4,8.9,9.9,78,7.2,7.2,0.0,16.0,4.92,8.5
2003-04-16,14.6,19.4,11.2,12.7,17.1,73,1.8,1.8,0.0,7.0,4.36,7.6
2003-04-17,16.3,21.1,11.4,15.4,19.8,77,0.0,0.0,0.0,0.0,7.11,11.3
2003-04-18,18.4,24.4,13.1,19.0,25.3,77,0.0,0.0,0.0,0.0,3.83,6.3
2003-04-19,19.1,23.1,15.8,18.3,20.8,76,0.1,0.1,0.0,1.0,8.3,13.8
2003-04-20,14.0,17.5,10.5,12.8,18.1,89,4.7,4.7,0.0,15.0,5.94,8.3
2003-04-21,11.8,16.8,9.9,8.3,14.1,73,1.4,1.4,0.0,9.0,10.5,16.5
2003-04-22,12.2,15.8,8.5,8.5,14.3,52,0.0,0.0,0.0,0.0,6.66,10.3
2003-04-23,14.3,16.4,11.0,10.9,12.5,72,2.3,2.3,0.0,3.0,9.77,14.9
2003-04-24,17.4,21.0,15.2,16.5,22.4,79,6.3,6.3,0.0,10.0,7.67,12.5
2003-04-25,15.0,15.9,14.2,14.5,15.5,84,1.8,1.8,0.0,7.0,3.0,5.0
2003-04-26,19.5,23.5,14.9,19.3,23.8,84,5.3,5.3,0.0,10.0,7.35,19.1
2003-04-27,16.1,19.9,13.7,14.7,19.3,70,4.1,4.1,0.0,9.0,4.27,7.1
2003-04-28,16.7,21.2,12.5,15.7,19.4,71,0.0,0.0,0.0,0.0,5.77,8.9
2003-04-29,18.4,22.0,14.7,16.6,20.2,72,0.0,0.0,0.0,0.0,10.61,16.0
2003-04-30,18.3,21.3,14.4,15.9,22.4,78,16.6,16.6,0.0,16.0,11.65,17.8
2003-05-01,14.4,17.9,11.2,11.1,16.1,51,0.8,0.8,0.0,3.0,7.75,11.5
2003-05-02,16.8,20.6,12.8,15.0,19.2,64,0.0,0.0,0.0,0.0,7.33,11.2
2003-05-03,18.9,24.0,14.8,19.1,22.9,73,0.0,0.0,0.0,0.0,3.76,5.7
2003-05-04,19.7,24.2,16.5,20.5,25.4,79,0.0,0.0,0.0,0.0,4.77,7.4
2003-05-05,18.5,22.6,15.2,18.4,22.5,76,0.0,0.0,0.0,0.0,4.54,6.9
2003-05-06,18.4,22.7,14.2,18.0,21.7,75,0.0,0.0,0.0,0.0,5.0,7.5
2003-05-07,20.7,23.4,17.9,19.8,21.2,79,0.0,0.0,0.0,0.0,9.21,14.2
2003-05-08,19.8,23.5,13.1,18.6,25.6,84,17.8,17.8,0.0,18.0,10.64,17.4
2003-05-09,13.2,16.9,10.7,10.0,15.0,55,1.8,1.8,0.0,5.0,5.86,8.9
2003-05-10,14.8,19.0,10.4,13.0,17.5,61,0.0,0.0,0.0,0.0,5.26,8.4
2003-05-11,16.9,20.3,13.5,15.7,18.3,66,0.0,0.0,0.0,0.0,4.39,6.8
2003-05-12,17.4,20.0,14.5,16.9,18.6,73,0.9,0.9,0.0,5.0,4.3,7.4
2003-05-13,18.9,22.3,15.6,18.1,20.7,72,0.0,0.0,0.0,0.0,7.02,10.5
2003-05-14,19.4,22.4,17.1,17.9,20.6,70,0.6,0.6,0.0,1.0,7.33,10.7
2003-05-15,17.0,17.7,16.4,16.6,17.5,89,15.8,15.8,0.0,24.0,6.28,8.2
2003-05-16,16.8,19.1,14.9,16.3,18.5,80,2.3,2.3,0.0,9.0,4.3,6.2
2003-05-17,15.5,17.1,14.3,14.4,15.6,78,0.4,0.4,0.0,2.0,3.86,6.0
2003-05-18,16.9,19.9,14.2,15.8,19.3,74,0.0,0.0,0.0,0.0,4.52,7.7
2003-05-19,16.5,17.8,15.2,16.7,18.0,84,5.0,5.0,0.0,13.0,2.51,4.0
2003-05-20,17.5,20.7,15.3,18.4,21.2,86,12.2,12.2,0.0,12.0,2.75,5.7
2003-05-21,18.7,22.5,15.7,18.2,22.0,72,24.8,24.8,0.0,8.0,4.71,10.4
2003-05-22,18.7,24.0,15.1,18.7,25.5,75,0.4,0.4,0.0,2.0,5.55,8.5
2003-05-23,17.1,20.0,15.1,16.4,20.0,75,0.7,0.7,0.0,7.0,3.38,5.8
2003-05-24,18.3,22.8,15.2,17.7,22.6,70,0.0,0.0,0.0,0.0,5.64,8.7
2003-05-25,16.6,19.5,14.1,15.1,18.0,70,0.0,0.0,0.0,0.0,4.26,7.1
2003-05-26,16.6,18.5,14.9,16.0,19.0,78,1.0,1.0,0.0,6.0,4.16,6.6
2003-05-27,18.3,21.2,15.8,18.8,21.4,80,1.6,1.6,0.0,5.0,2.39,6.8
2003-05-28,20.3,24.5,16.2,21.1,26.1,75,0.3,0.3,0.0,3.0,4.52,7.3
2003-05-29,20.8,24.7,17.1,21.0,24.4,70,0.0,0.0,0.0,0.0,5.18,7.7
2003-05-30,20.8,23.6,17.7,20.2,22.4,67,0.0,0.0,0.0,0.0,6.41,9.6
2003-05-31,20.6,22.5,19.2,20.8,22.1,85,64.1,64.1,0.0,17.0,9.0,15.5
2003-06-01,22.1,24.7,19.4,21.8,26.1,76,1.5,1.5,0.0,4.0,7.76,12.3
2003-06-02,20.4,24.0,16.2,19.5,23.5,57,0.1,0.1,0.0,1.0,5.69,9.5
2003-06-03,21.1,25.3,17.2,22.0,26.1,72,0.1,0.1,0.0,1.0,3.14,6.1
2003-06-04,20.2,22.5,17.4,21.3,23.3,79,3.7,3.7,0.0,8.0,4.32,5.4
2003-06-05,21.4,26.2,17.4,21.3,28.7,64,1.0,1.0,0.0,3.0,6.15,9.6
2003-06-06,20.7,25.1,16.8,21.4,26.3,77,0.0,0.0,0.0,0.0,6.84,10.6
2003-06-07,21.6,23.9,19.1,22.6,24.3,77,0.5,0.5,0.0,2.0,4.63,7.3
2003-06-08,21.1,25.8,17.4,22.1,27.0,75,0.0,0.0,0.0,0.0,4.22,6.8
2003-06-09,20.0,23.0,17.8,20.0,22.8,74,0.0,0.0,0.0,0.0,4.44,7.4
2003-06-10,20.1,22.9,17.7,20.1,22.2,73,0.2,0.2,0.0,2.0,4.18,6.5
2003-06-11,20.5,22.8,18.6,21.8,23.5,77,1.3,1.3,0.0,7.0,2.24,6.3
2003-06-12,21.3,23.1,20.1,23.8,26.4,86,2.6,2.6,0.0,9.0,3.04,4.7
2003-06-13,23.8,26.4,21.8,25.5,27.1,86,0.5,0.5,0.0,3.0,8.15,13.7
2003-06-14,24.3,27.3,22.1,27.9,31.5,86,5.2,5.2,0.0,12.0,4.5,8.1
2003-06-15,21.4,22.5,20.2,23.5,25.4,80,2.1,2.1,0.0,11.0,3.71,7.3
2003-06-16,22.7,25.8,20.5,25.4,28.0,84,0.5,0.5,0.0,4.0,3.57,5.9
2003-06-17,22.8,24.7,21.9,26.0,28.0,88,5.7,5.7,0.0,11.0,3.08,4.2
2003-06-18,23.6,26.1,21.6,26.5,28.9,85,2.2,2.2,0.0,7.0,5.08,7.4
2003-06-19,25.1,28.5,22.2,27.6,32.4,80,0.0,0.0,0.0,0.0,9.4,13.8
2003-06-20,26.3,28.9,24.3,26.7,29.5,74,0.0,0.0,0.0,0.0,11.16,17.2
2003-06-21,26.5,31.2,22.2,28.7,34.1,63,0.0,0.0,0.0,0.0,4.48,6.8
2003-06-22,25.1,29.7,21.3,27.3,32.9,70,3.0,3.0,0.0,4.0,4.46,7.1
2003-06-23,21.7,23.1,20.5,23.1,25.1,82,2.8,2.8,0.0,9.0,4.55,6.3
2003-06-24,21.7,22.8,20.1,23.5,24.5,87,15.3,15.3,0.0,20.0,5.97,8.1
2003-06-25,21.9,23.7,20.7,23.6,25.9,88,23.8,23.8,0.0,13.0,7.12,12.6
2003-06-26,20.4,22.6,19.0,21.3,23.7,80,0.7,0.7,0.0,5.0,4.36,6.6
2003-06-27,22.0,25.5,18.4,23.8,26.7,78,0.0,0.0,0.0,0.0,4.9,7.8
2003-06-28,22.9,25.1,21.1,26.2,29.4,87,8.6,8.6,0.0,15.0,4.12,12.2
2003-06-29,24.1,28.0,20.7,27.1,32.4,78,0.8,0.8,0.0,4.0,3.45,6.3
2003-06-30,24.6,27.4,22.0,27.2,29.3,78,0.8,0.8,0.0,3.0,4.75,7.9
2003-07-01,21.5,23.6,19.0,23.1,25.0,84,4.6,4.6,0.0,13.0,4.42,6.8
2003-07-02,21.8,25.8,19.1,22.7,26.9,76,2.3,2.3,0.0,8.0,4.55,7.9
2003-07-03,21.7,24.8,18.9,22.3,25.1,80,3.1,3.1,0.0,5.0,6.23,12.3
2003-07-04,24.3,28.1,21.4,26.6,32.0,80,8.7,8.7,0.0,5.0,6.83,14.3
2003-07-05,23.8,27.3,20.3,25.8,29.3,75,0.8,0.8,0.0,6.0,5.41,9.0
2003-07-06,20.5,22.6,18.7,21.9,24.7,82,5.1,5.1,0.0,13.0,3.96,6.7
2003-07-07,21.5,23.4,20.2,23.6,27.0,89,14.8,14.8,0.0,17.0,4.35,7.7
2003-07-08,20.7,22.3,19.1,21.5,23.2,86,0.7,0.7,0.0,5.0,5.1,8.1
2003-07-09,20.6,23.2,19.0,22.1,25.4,80,0.3,0.3,0.0,2.0,2.69,4.9
2003-07-10,22.6,24.4,20.4,24.5,26.3,88,1.0,1.0,0.0,5.0,7.32,12.1
2003-07-11,25.9,29.7,22.6,30.1,34.9,83,0.6,0.6,0.0,3.0,7.55,10.0
2003-07-12,25.3,29.7,22.1,29.5,35.0,85,4.2,4.2,0.0,11.0,4.6,6.7
2003-07-13,21.0,22.2,19.5,22.6,24.0,86,5.3,5.3,0.0,16.0,3.54,6.1
2003-07-14,19.9,22.3,18.6,20.1,22.6,85,17.2,17.2,0.0,15.0,6.72,11.1
2003-07-15,21.0,24.5,18.0,22.1,25.6,77,0.0,0.0,0.0,0.0,5.62,8.8
2003-07-16,22.7,26.0,20.6,24.9,28.4,79,1.1,1.1,0.0,4.0,3.49,6.1
2003-07-17,22.3,25.7,20.1,23.8,27.3,76,0.0,0.0,0.0,0.0,4.3,6.6
2003-07-18,21.7,24.5,19.3,23.4,26.4,79,0.3,0.3,0.0,3.0,2.85,4.7
2003-07-19,22.6,24.8,20.8,24.6,25.8,83,0.9,0.9,0.0,6.0,4.33,8.1
2003-07-20,23.9,25.9,21.8,27.1,29.4,84,0.0,0.0,0.0,0.0,3.22,5.9
2003-07-21,23.7,26.0,21.9,27.2,28.6,86,5.1,5.1,0.0,11.0,3.92,6.2
2003-07-22,21.9,24.1,19.0,23.3,25.2,81,2.2,2.2,0.0,7.0,5.99,9.8
2003-07-23,19.9,21.5,18.9,21.1,23.3,81,7.3,7.3,0.0,14.0,3.38,4.3
2003-07-24,22.6,26.5,20.1,25.3,30.0,82,18.8,18.8,0.0,11.0,4.38,11.3
2003-07-25,23.2,26.2,20.8,25.8,28.7,84,4.7,4.7,0.0,12.0,4.07,7.1
2003-07-26,22.6,26.0,20.1,23.1,25.4,75,6.0,6.0,0.0,11.0,8.11,12.0
2003-07-27,22.1,26.3,19.1,23.0,28.0,70,0.0,0.0,0.0,0.0,5.23,8.0
2003-07-28,21.6,25.0,18.2,22.9,26.3,76,0.0,0.0,0.0,0.0,3.31,6.2
2003-07-29,23.9,25.8,21.8,26.8,29.1,82,0.2,0.2,0.0,1.0,5.0,8.8
2003-07-30,24.3,26.5,23.1,27.3,29.3,88,5.3,5.3,0.0,12.0,5.43,9.5
2003-07-31,25.2,28.7,22.4,28.7,31.6,83,0.8,0.8,0.0,3.0,4.06,6.3
2003-08-01,23.6,26.0,21.8,26.5,29.8,87,4.4,4.4,0.0,15.0,4.76,6.7
2003-08-02,26.3,29.8,23.5,30.0,34.5,82,0.0,0.0,0.0,0.0,6.93,11.2
2003-08-03,27.3,30.2,25.0,30.8,33.9,79,0.0,0.0,0.0,0.0,6.94,11.0
2003-08-04,28.1,31.5,25.6,32.8,37.7,79,0.0,0.0,0.0,0.0,5.31,8.3
2003-08-05,27.6,31.3,25.1,32.8,38.3,81,12.1,12.1,0.0,6.0,3.42,7.9
2003-08-06,27.3,30.6,24.9,32.3,35.6,80,1.1,1.1,0.0,7.0,3.3,7.0
2003-08-07,26.9,30.0,24.5,31.3,35.0,84,0.7,0.7,0.0,4.0,6.55,10.0
2003-08-08,26.4,28.4,24.8,28.5,29.9,83,3.1,3.1,0.0,11.0,8.89,14.0
2003-08-09,26.3,27.3,25.6,26.0,28.2,85,16.0,16.0,0.0,21.0,16.22,24.9
2003-08-10,27.5,30.9,24.1,31.5,36.9,78,0.0,0.0,0.0,0.0,5.02,8.1
2003-08-11,27.1,29.9,25.0,29.1,31.3,76,0.0,0.0,0.0,0.0,9.48,16.0
2003-08-12,25.5,28.1,22.5,28.9,32.9,82,4.6,4.6,0.0,11.0,5.36,8.7
2003-08-13,23.1,26.1,21.7,25.2,27.6,80,6.5,6.5,0.0,12.0,3.54,6.1
2003-08-14,20.2,21.5,19.0,20.7,23.1,89,51.5,51.5,0.0,24.0,6.04,8.7
2003-08-15,19.6,20.5,18.9,20.5,22.2,89,96.3,96.3,0.0,24.0,5.35,8.0
2003-08-16,19.8,21.3,18.6,20.7,22.0,87,60.8,60.8,0.0,24.0,5.46,8.9
2003-08-17,20.6,23.1,18.8,22.3,25.6,87,16.6,16.6,0.0,17.0,3.85,8.2
2003-08-18,22.0,25.5,19.8,24.7,29.5,88,2.7,2.7,0.0,9.0,3.45,5.1
2003-08-19,21.9,24.2,20.4,24.0,27.0,85,0.9,0.9,0.0,5.0,3.38,5.4
2003-08-20,23.4,27.1,20.6,26.5,29.7,82,0.0,0.0,0.0,0.0,2.47,4.2
2003-08-21,26.1,29.8,22.9,30.6,35.6,81,0.0,0.0,0.0,0.0,3.38,6.3
2003-08-22,27.3,31.1,23.9,32.0,37.0,80,0.0,0.0,0.0,0.0,4.62,7.1
2003-08-23,27.9,32.0,24.7,32.8,38.0,81,0.0,0.0,0.0,0.0,5.1,8.4
2003-08-24,28.6,32.5,25.8,34.5,39.4,79,0.0,0.0,0.0,0.0,3.0,5.3
2003-08-25,28.0,31.5,25.7,32.1,35.0,79,0.0,0.0,0.0,0.0,7.91,12.3
2003-08-26,27.4,30.4,25.2,32.5,35.0,83,1.0,1.0,0.0,3.0,3.57,9.6
2003-08-27,24.6,27.6,21.9,27.7,30.9,84,37.5,37.5,0.0,8.0,5.23,9.1
2003-08-28,24.2,26.7,21.6,26.7,30.8,81,0.0,0.0,0.0,0.0,6.18,9.5
2003-08-29,27.2,31.8,23.1,32.0,36.7,81,0.0,0.0,0.0,0.0,5.22,8.3
2003-08-30,24.9,26.8,22.2,27.1,30.3,73,0.5,0.5,0.0,3.0,5.0,7.2
2003-08-31,23.8,28.4,20.9,26.4,31.8,80,1.0,1.0,0.0,3.0,5.37,7.3
2003-09-01,22.6,25.2,20.7,24.7,28.2,82,0.3,0.3,0.0,2.0,3.69,5.9
2003-09-02,25.4,29.4,22.4,29.3,33.0,80,0.0,0.0,0.0,0.0,2.89,4.6
2003-09-03,27.7,31.4,25.2,33.3,38.3,82,1.0,1.0,0.0,3.0,3.48,6.9
2003-09-04,25.1,27.4,22.4,27.5,29.7,76,0.6,0.6,0.0,2.0,4.81,8.0
2003-09-05,24.5,28.7,20.6,26.5,30.5,68,0.0,0.0,0.0,0.0,4.08,6.3
2003-09-06,25.8,29.6,22.1,29.4,33.1,76,0.0,0.0,0.0,0.0,3.71,5.8
2003-09-07,23.2,25.4,21.2,24.8,29.2,78,0.0,0.0,0.0,0.0,4.81,7.5
2003-09-08,23.4,26.5,20.6,26.1,29.5,79,0.0,0.0,0.0,0.0,2.8,4.5
2003-09-09,26.8,30.8,23.2,30.9,35.3,80,0.0,0.0,0.0,0.0,5.5,8.6
2003-09-10,27.4,30.4,24.9,30.5,32.8,80,0.0,0.0,0.0,0.0,8.36,14.5
2003-09-11,28.0,31.8,25.3,33.0,36.5,79,1.0,1.0,0.0,1.0,4.64,7.6
2003-09-12,27.8,31.4,25.5,33.1,38.0,81,0.7,0.7,0.0,4.0,3.26,5.3
2003-09-13,28.1,31.7,25.6,31.2,34.3,77,0.0,0.0,0.0,0.0,8.1,14.2
2003-09-14,27.3,30.4,24.6,29.3,32.2,66,0.0,0.0,0.0,0.0,7.16,10.1
2003-09-15,26.4,30.3,22.9,29.0,33.1,68,0.0,0.0,0.0,0.0,4.39,6.3
2003-09-16,24.0,26.7,22.2,25.4,28.1,72,0.7,0.7,0.0,3.0,4.54,7.7
2003-09-17,25.0,28.2,22.1,27.5,31.1,74,0.1,0.1,0.0,1.0,4.53,7.4
2003-09-18,26.1,30.1,23.1,29.4,33.6,76,0.3,0.3,0.0,2.0,4.32,5.8
2003-09-19,26.5,30.0,23.3,29.3,32.5,74,0.4,0.4,0.0,1.0,6.49,11.7
2003-09-20,21.3,25.3,17.8,22.6,30.0,85,43.0,43.0,0.0,20.0,6.22,9.6
2003-09-21,16.4,17.7,14.9,14.4,17.5,89,81.3,81.3,0.0,24.0,9.14,14.3
2003-09-22,15.7,18.4,14.4,11.9,14.7,74,24.2,24.2,0.0,13.0,11.23,17.8
2003-09-23,17.5,21.7,12.6,15.7,19.6,68,0.0,0.0,0.0,0.0,6.24,10.2
2003-09-24,17.7,20.0,16.4,16.2,18.2,78,10.0,10.0,0.0,13.0,6.55,9.3
2003-09-25,19.4,22.8,16.5,20.9,26.1,85,2.8,2.8,0.0,9.0,4.78,9.2
2003-09-26,21.6,25.1,19.1,23.7,27.6,85,6.6,6.6,0.0,10.0,3.26,6.3
2003-09-27,21.7,25.1,18.9,22.5,25.7,75,0.0,0.0,0.0,0.0,4.7,7.1
2003-09-28,20.1,23.2,18.0,20.1,22.7,75,0.0,0.0,0.0,0.0,4.78,7.4
2003-09-29,19.8,23.6,16.9,19.5,22.9,74,1.6,1.6,0.0,3.0,5.63,8.9
2003-09-30,18.4,22.5,15.1,14.9,17.7,55,0.4,0.4,0.0,2.0,10.18,15.7
2003-10-01,19.1,23.6,14.6,18.9,23.8,64,0.0,0.0,0.0,0.0,3.2,7.1
2003-10-02,20.9,26.7,16.6,20.9,27.3,66,0.0,0.0,0.0,0.0,5.97,9.4
2003-10-03,19.1,21.6,17.0,18.1,21.2,60,0.0,0.0,0.0,0.0,4.81,6.2
2003-10-04,18.0,20.8,16.2,17.1,19.6,62,0.3,0.3,0.0,2.0,3.38,5.1
2003-10-05,17.6,20.4,15.0,16.7,19.7,65,0.0,0.0,0.0,0.0,3.78,5.9
2003-10-06,16.2,17.3,14.4,15.6,16.9,77,5.5,5.5,0.0,17.0,3.42,5.8
2003-10-07,16.5,19.7,14.1,14.9,17.3,73,0.0,0.0,0.0,0.0,5.44,8.7
2003-10-08,15.9,18.4,13.8,13.6,15.6,72,0.0,0.0,0.0,0.0,6.08,9.1
2003-10-09,15.8,19.1,13.1,13.1,16.0,69,0.0,0.0,0.0,0.0,6.36,10.2
2003-10-10,16.7,20.8,13.8,15.4,20.3,74,0.0,0.0,0.0,0.0,5.2,9.3
2003-10-11,17.7,20.9,14.1,17.1,20.6,79,0.2,0.2,0.0,1.0,4.62,7.6
2003-10-12,20.1,24.1,17.3,21.4,25.6,83,18.1,18.1,0.0,10.0,5.13,8.5
2003-10-13,21.6,25.5,18.1,22.3,26.3,85,26.9,26.9,0.0,6.0,8.98,16.3
2003-10-14,15.5,18.0,13.1,14.2,18.7,79,26.5,26.5,0.0,18.0,5.01,8.3
2003-10-15,15.1,18.3,12.7,14.1,17.7,79,4.5,4.5,0.0,5.0,5.2,9.5
2003-10-16,15.7,18.2,13.7,14.8,17.5,76,0.2,0.2,0.0,2.0,3.47,6.2
2003-10-17,14.8,18.6,11.7,12.7,16.6,68,0.0,0.0,0.0,0.0,5.24,8.3
2003-10-18,14.5,18.0,10.5,13.2,17.3,75,4.9,4.9,0.0,10.0,4.3,6.7
2003-10-19,15.4,20.0,10.7,14.4,19.0,74,0.0,0.0,0.0,0.0,3.14,6.2
2003-10-20,15.2,18.5,12.1,13.4,16.1,68,0.0,0.0,0.0,0.0,4.73,7.3
2003-10-21,15.4,19.8,10.9,13.9,19.2,74,0.0,0.0,0.0,0.0,5.0,7.9
2003-10-22,16.2,18.6,14.6,15.6,18.4,89,21.2,21.2,0.0,17.0,5.14,7.2
2003-10-23,17.1,21.0,13.1,16.6,21.7,76,1.5,1.5,0.0,7.0,6.99,10.0
2003-10-24,14.9,18.2,11.2,12.2,16.5,56,0.0,0.0,0.0,0.0,6.9,11.1
2003-10-25,14.7,17.3,13.1,13.5,16.6,76,0.4,0.4,0.0,3.0,3.73,6.6
2003-10-26,16.5,20.4,13.5,14.7,19.1,68,0.0,0.0,0.0,0.0,5.9,10.3
2003-10-27,15.5,17.2,14.3,13.6,15.4,66,0.1,0.1,0.0,1.0,4.2,5.8
2003-10-28,14.3,16.1,13.1,13.3,15.7,88,25.2,25.2,0.0,19.0,4.03,12.9
2003-10-29,18.6,23.4,14.6,18.0,23.7,79,0.0,0.0,0.0,0.0,6.98,8.7
2003-10-30,16.4,21.4,11.0,15.2,20.8,68,0.0,0.0,0.0,0.0,4.37,6.3
2003-10-31,15.2,20.0,11.6,14.6,19.6,78,0.0,0.0,0.0,0.0,2.72,5.0
2003-11-01,17.0,21.1,13.7,17.8,22.5,85,0.1,0.1,0.0,1.0,2.53,6.4
2003-11-02,18.5,22.6,15.8,19.5,23.7,83,0.0,0.0,0.0,0.0,2.43,3.7
2003-11-03,17.0,20.3,14.4,18.2,22.2,92,8.9,8.9,0.0,10.0,2.28,5.5
2003-11-04,17.5,20.1,14.5,16.7,18.7,74,1.2,1.2,0.0,3.0,5.34,7.6
2003-11-05,16.0,19.3,11.7,15.6,19.8,73,1.5,1.5,0.0,2.0,2.43,4.0
2003-11-06,17.4,21.1,15.7,18.0,22.5,86,24.5,24.5,0.0,10.0,3.29,6.2
2003-11-07,18.0,21.1,15.0,19.1,22.4,87,1.3,1.3,0.0,7.0,3.26,5.5
2003-11-08,18.5,21.8,16.2,19.5,22.6,84,0.0,0.0,0.0,0.0,3.98,5.9
2003-11-09,15.3,16.8,13.5,14.5,16.7,86,2.5,2.5,0.0,14.0,5.08,9.2
2003-11-10,12.0,13.4,10.5,9.4,11.7,83,5.2,5.2,0.0,18.0,6.28,7.9
2003-11-11,11.5,12.9,10.3,9.1,11.4,87,10.4,10.4,0.0,20.0,7.14,9.2
2003-11-12,13.2,16.3,11.2,11.2,13.9,78,1.9,1.9,0.0,6.0,5.0,8.0
2003-11-13,12.0,14.8,9.3,9.4,11.7,78,0.8,0.8,0.0,4.0,6.1,8.7
2003-11-14,10.8,14.5,7.3,8.7,12.3,72,0.0,0.0,0.0,0.0,2.53,4.9
2003-11-15,13.8,17.0,10.4,11.9,14.7,76,1.0,1.0,0.0,3.0,6.66,11.9
2003-11-16,18.5,22.9,14.8,17.0,21.8,78,0.6,0.6,0.0,2.0,7.41,13.1
2003-11-17,12.5,16.0,8.0,8.3,12.7,55,0.0,0.0,0.0,0.0,8.01,13.4
2003-11-18,10.6,14.9,6.6,8.5,13.4,70,0.0,0.0,0.0,0.0,3.16,4.5
2003-11-19,12.3,16.8,8.7,10.8,16.6,77,0.0,0.0,0.0,0.0,3.14,4.5
2003-11-20,11.6,12.6,10.6,10.1,12.0,89,14.3,14.3,0.0,16.0,4.73,10.7
2003-11-21,16.4,21.1,12.2,17.0,23.4,88,13.1,13.1,0.0,5.0,3.49,14.7
2003-11-22,13.8,16.1,9.7,11.5,16.4,69,3.0,3.0,0.0,7.0,4.93,10.0
2003-11-23,9.4,10.6,8.4,6.1,6.9,65,0.0,0.0,0.0,0.0,3.96,7.3
2003-11-24,9.3,10.9,7.6,5.8,7.8,76,0.0,0.0,0.0,0.0,5.94,8.4
2003-11-25,11.4,13.4,9.3,8.5,10.4,90,47.3,47.3,0.0,17.0,8.13,13.7
2003-11-26,11.4,14.7,7.8,8.4,11.3,70,0.0,0.0,0.0,0.0,5.15,10.0
2003-11-27,9.0,11.0,6.7,5.4,7.8,72,0.0,0.0,0.0,0.0,5.26,8.6
2003-11-28,10.4,12.3,8.9,6.6,8.8,75,0.3,0.3,0.0,2.0,6.61,10.3
2003-11-29,11.7,13.3,10.4,9.2,13.3,89,26.2,26.2,0.0,16.0,6.3,13.3
2003-11-30,15.5,17.6,13.1,15.4,18.6,89,63.4,63.4,0.0,19.0,5.46,12.6
2003-12-01,12.8,15.2,11.4,9.9,14.7,87,27.4,27.4,0.0,24.0,8.61,12.8
2003-12-02,13.0,17.4,10.2,8.7,13.0,67,1.1,1.1,0.0,3.0,9.72,15.0
2003-12-03,9.6,11.4,7.6,6.9,8.9,70,3.9,3.9,0.0,3.0,5.04,7.9
2003-12-04,9.3,12.5,6.8,6.2,9.9,72,0.0,0.0,0.0,0.0,4.94,7.1
2003-12-05,7.2,8.7,5.4,4.2,6.1,72,1.7,1.7,0.0,6.0,4.0,5.4
2003-12-06,10.2,14.7,7.1,7.0,11.3,81,0.8,0.8,0.0,3.0,8.13,11.8
2003-12-07,10.6,15.4,6.9,7.7,12.4,71,0.0,0.0,0.0,0.0,5.9,10.2
2003-12-08,7.7,10.0,5.5,4.9,7.5,71,0.0,0.0,0.0,0.0,2.96,5.7
2003-12-09,6.8,11.8,3.7,3.0,7.0,67,0.0,0.0,0.0,0.0,6.53,10.6
2003-12-10,6.7,9.6,4.2,3.4,6.2,58,0.0,0.0,0.0,0.0,3.34,4.6
2003-12-11,5.5,7.1,3.2,2.0,3.8,81,7.2,7.2,0.0,13.0,5.1,7.3
2003-12-12,8.3,10.8,5.8,5.8,9.5,85,6.8,6.8,0.0,14.0,5.16,9.2
2003-12-13,7.7,12.6,3.5,5.1,10.6,71,0.2,0.2,0.0,1.0,3.94,4.7
2003-12-14,7.5,12.2,3.2,4.2,9.7,60,0.0,0.0,0.0,0.0,4.08,5.3
2003-12-15,7.6,12.2,3.9,4.6,9.2,72,0.0,0.0,0.0,0.0,3.7,6.0
2003-12-16,7.2,11.0,4.2,2.1,3.8,61,0.0,0.0,0.0,0.0,10.4,16.7
2003-12-17,4.8,8.1,2.9,1.6,5.3,78,0.0,0.0,0.0,0.0,3.71,6.2
2003-12-18,7.0,12.3,2.8,3.2,7.5,64,0.0,0.0,0.0,0.0,5.35,8.4
2003-12-19,7.2,11.3,4.4,3.7,8.2,65,0.1,0.1,0.0,1.0,6.36,8.8
2003-12-20,4.0,6.2,1.6,-2.3,-0.6,49,0.0,0.0,0.14,0.0,9.44,14.5
2003-12-21,5.7,10.0,1.9,0.8,5.5,54,0.0,0.0,0.0,0.0,7.8,13.6
2003-12-22,4.3,11.0,-1.2,1.1,7.6,70,0.0,0.0,0.0,0.0,2.96,5.4
2003-12-23,7.1,14.3,1.4,4.4,11.2,73,0.0,0.0,0.0,0.0,2.94,4.0
2003-12-24,7.3,13.1,2.0,4.8,11.1,75,0.0,0.0,0.0,0.0,3.69,4.3
2003-12-25,7.7,13.5,2.6,5.2,11.6,77,0.0,0.0,0.0,0.0,5.94,8.1
2003-12-26,7.6,10.6,3.5,4.0,7.4,69,2.5,2.5,0.0,5.0,5.16,8.1
2003-12-27,3.2,6.6,0.5,-1.9,0.6,67,6.8,4.7,1.47,7.0,8.08,13.9
2003-12-28,4.5,9.5,0.3,0.6,6.0,54,0.0,0.0,0.0,0.0,4.04,5.4
2003-12-29,5.6,12.0,0.5,2.4,8.2,69,0.0,0.0,0.0,0.0,4.07,7.9
2003-12-30,6.8,11.2,2.4,2.5,5.4,66,0.0,0.0,0.0,0.0,8.06,12.1
2003-12-31,6.1,9.3,4.0,3.0,7.4,78,1.1,1.1,0.0,5.0,4.27,6.6
2004-01-01,7.3,10.4,3.6,3.9,7.5,72,0.0,0.0,0.0,0.0,5.07,7.8
2004-01-02,7.8,12.3,3.6,5.3,10.3,80,0.0,0.0,0.0,0.0,4.5,6.2
2004-01-03,8.6,12.0,6.1,6.3,10.5,75,0.0,0.0,0.0,0.0,3.86,5.8
2004-01-04,7.1,9.9,4.7,3.5,6.4,63,0.0,0.0,0.0,0.0,4.32,6.8
2004-01-05,6.3,9.1,4.0,2.9,5.8,66,0.0,0.0,0.0,0.0,3.38,5.3
2004-01-06,6.0,8.9,3.3,2.5,4.7,70,0.0,0.0,0.0,0.0,4.59,6.7
2004-01-07,4.2,7.6,1.5,0.6,3.9,66,0.0,0.0,0.0,0.0,3.41,5.5
2004-01-08,4.1,6.7,1.7,-2.2,0.2,54,0.0,0.0,0.0,0.0,10.74,17.5
2004-01-09,4.3,7.9,1.7,-0.9,2.9,50,0.0,0.0,0.0,0.0,7.62,12.1
2004-01-10,4.1,9.8,0.1,0.7,6.4,71,0.0,0.0,0.0,0.0,3.62,7.4
2004-01-11,4.6,8.0,2.5,-2.1,0.8,49,0.0,0.0,0.0,0.0,8.91,16.0
2004-01-12,3.2,6.6,-0.3,-0.7,2.5,64,0.0,0.0,0.0,0.0,4.9,7.8
2004-01-13,4.9,12.1,1.4,0.3,5.6,67,2.2,2.2,0.0,5.0,8.5,13.2
2004-01-14,2.6,6.8,-0.3,-3.3,-0.8,49,0.0,0.0,0.0,0.0,9.42,16.6
2004-01-15,2.9,7.9,-1.1,-2.9,1.2,48,0.0,0.0,0.0,0.0,7.3,13.1
2004-01-16,2.9,6.4,0.1,-2.9,0.7,50,0.0,0.0,0.0,0.0,7.43,12.8
2004-01-17,1.6,3.1,0.2,-2.9,-1.5,69,2.3,0.7,1.19,14.0,5.0,8.0
2004-01-18,4.3,8.3,1.9,0.7,4.8,68,0.6,0.2,0.42,3.0,4.52,6.6
2004-01-19,4.1,7.8,2.3,0.8,5.0,85,4.3,4.3,0.0,7.0,4.81,8.9
2004-01-20,5.8,10.4,1.1,1.6,6.8,63,0.0,0.0,0.0,0.0,6.04,9.6
2004-01-21,6.6,10.9,3.6,3.3,7.3,71,0.1,0.1,0.0,1.0,4.0,9.0
2004-01-22,2.6,7.0,-0.8,-2.0,3.1,62,0.0,0.0,0.0,0.0,7.91,12.1
2004-01-23,3.0,8.5,-1.0,-3.0,3.2,50,0.0,0.0,0.0,0.0,7.57,11.9
2004-01-24,2.9,7.3,-1.3,-0.9,3.2,63,0.0,0.0,0.0,0.0,3.26,6.0
2004-01-25,3.5,8.1,-0.5,-1.0,3.5,58,0.0,0.0,0.0,0.0,5.52,10.3
2004-01-26,3.8,8.0,-0.4,-0.0,4.8,55,0.0,0.0,0.0,0.0,3.0,5.3
2004-01-27,3.6,7.6,0.3,-0.6,4.3,56,0.0,0.0,0.0,0.0,4.93,9.0
2004-01-28,4.7,9.4,-0.3,0.6,5.2,55,0.0,0.0,0.0,0.0,4.25,8.2
2004-01-29,5.3,9.8,0.8,1.9,6.5,66,0.0,0.0,0.0,0.0,2.96,4.9
2004-01-30,6.4,9.2,5.1,3.3,6.1,72,0.0,0.0,0.0,0.0,3.52,5.8
2004-01-31,5.8,10.3,2.1,0.9,4.5,59,0.0,0.0,0.0,0.0,7.02,10.6
2004-02-01,5.1,9.2,0.9,1.8,5.7,64,0.0,0.0,0.0,0.0,2.92,4.9
2004-02-02,5.5,6.9,4.3,2.3,3.8,83,9.7,9.7,0.0,8.0,4.61,15.6
2004-02-03,6.6,9.5,4.6,3.8,6.7,86,3.8,3.8,0.0,10.0,6.26,8.8
2004-02-04,5.1,8.3,2.0,1.8,5.1,73,1.9,1.9,0.0,6.0,4.53,8.4
2004-02-05,4.2,9.8,-0.1,-0.3,3.8,64,0.3,0.3,0.0,2.0,7.76,14.5
2004-02-06,3.6,7.9,-0.5,-0.1,4.3,58,0.8,0.8,0.0,3.0,4.33,8.1
2004-02-07,4.5,8.7,1.1,-0.0,4.0,49,0.1,0.1,0.0,1.0,4.0,9.7
2004-02-08,3.9,9.0,-1.6,0.2,4.2,62,0.0,0.0,0.0,0.0,4.34,7.4
2004-02-09,4.6,9.7,0.2,0.7,5.9,63,0.0,0.0,0.0,0.0,5.0,7.5
2004-02-10,3.0,6.9,0.0,-1.3,2.4,61,0.0,0.0,0.0,0.0,4.2,7.1
2004-02-11,3.8,7.2,-0.1,0.2,3.2,72,1.0,0.5,0.35,4.0,4.2,7.5
2004-02-12,6.0,11.0,1.0,3.1,8.2,70,0.0,0.0,0.0,0.0,3.41,5.3
2004-02-13,6.1,10.5,1.5,2.6,6.6,67,0.5,0.5,0.0,2.0,4.72,7.7
2004-02-14,9.0,14.3,4.1,4.8,8.6,71,1.2,1.2,0.0,5.0,11.32,17.5
2004-02-15,7.7,12.3,4.0,3.0,6.8,53,0.0,0.0,0.0,0.0,8.63,12.4
2004-02-16,6.4,11.2,3.0,-0.1,6.1,45,0.0,0.0,0.0,0.0,11.03,16.8
2004-02-17,6.3,14.5,1.3,2.8,9.9,64,0.0,0.0,0.0,0.0,5.01,8.9
2004-02-18,7.0,12.0,2.6,2.4,7.3,49,0.0,0.0,0.0,0.0,5.65,10.9
2004-02-19,7.3,12.8,1.4,4.4,8.7,68,0.0,0.0,0.0,0.0,5.0,9.1
2004-02-20,7.8,11.8,4.8,4.6,8.4,75,0.0,0.0,0.0,0.0,4.67,7.5
2004-02-21,10.9,16.1,5.9,8.8,13.3,76,0.0,0.0,0.0,0.0,4.79,7.3
2004-02-22,13.6,19.1,7.0,9.9,14.2,77,1.4,1.4,0.0,3.0,15.38,25.5
2004-02-23,11.5,16.5,5.0,5.9,13.7,50,11.8,11.8,0.0,4.0,13.52,30.0
2004-02-24,7.3,11.8,2.4,3.5,7.3,57,0.0,0.0,0.0,0.0,4.63,7.6
2004-02-25,9.9,14.5,6.4,7.1,11.1,63,0.0,0.0,0.0,0.0,3.86,6.3
2004-02-26,10.0,18.1,4.0,6.5,13.2,60,0.0,0.0,0.0,0.0,7.32,12.1
2004-02-27,5.3,9.0,1.1,1.3,5.6,52,0.0,0.0,0.0,0.0,5.28,8.1
2004-02-28,6.9,11.8,2.8,3.7,8.5,61,0.0,0.0,0.0,0.0,4.26,7.5
2004-02-29,10.0,14.7,6.2,7.8,14.0,77,1.5,1.5,0.0,6.0,4.36,8.3
2004-03-01,4.6,8.5,2.5,0.6,5.3,78,5.9,3.0,2.03,8.0,6.32,8.6
2004-03-02,4.7,8.1,2.4,0.5,4.8,74,0.1,0.1,0.0,1.0,7.1,11.3
2004-03-03,4.2,7.5,0.8,-0.4,2.7,61,2.9,2.8,0.07,3.0,6.17,9.7
2004-03-04,4.6,9.1,1.6,0.7,6.4,70,3.1,2.6,0.42,6.0,8.25,13.0
2004-03-05,5.8,11.9,0.7,1.2,5.3,53,0.0,0.0,0.0,0.0,8.44,15.2
2004-03-06,6.9,12.1,3.9,2.5,6.6,55,3.6,3.6,0.0,6.0,7.94,15.4
2004-03-07,4.3,8.0,1.6,-0.7,2.8,43,0.0,0.0,0.0,0.0,7.5,12.0
2004-03-08,4.9,9.2,-0.4,0.6,5.2,46,0.0,0.0,0.0,0.0,4.65,7.4
2004-03-09,7.1,11.8,1.9,3.7,8.6,55,0.0,0.0,0.0,0.0,4.11,6.9
2004-03-10,10.7,16.8,3.6,6.8,11.7,63,0.0,0.0,0.0,0.0,8.59,13.2
2004-03-11,16.1,21.3,11.2,11.9,15.7,64,0.0,0.0,0.0,0.0,11.78,18.4
2004-03-12,9.0,10.4,8.1,6.2,7.6,71,5.3,5.3,0.0,15.0,4.38,6.8
2004-03-13,9.3,14.6,5.7,6.1,10.7,70,1.0,1.0,0.0,3.0,7.96,11.5
2004-03-14,9.3,14.2,4.2,5.9,9.9,58,0.0,0.0,0.0,0.0,5.1,8.9
2004-03-15,9.7,15.2,5.2,6.6,12.8,65,0.0,0.0,0.0,0.0,4.47,7.3
2004-03-16,11.2,16.4,6.9,8.8,12.9,71,0.0,0.0,0.0,0.0,6.92,10.7
2004-03-17,15.4,20.3,9.7,10.9,15.1,66,0.0,0.0,0.0,0.0,13.32,21.2
2004-03-18,12.1,18.1,5.5,8.0,15.4,78,12.5,12.5,0.0,15.0,10.48,15.6
2004-03-19,6.4,9.5,3.4,2.1,6.0,53,0.0,0.0,0.0,0.0,4.9,8.0
2004-03-20,5.8,7.6,4.4,2.2,4.2,76,11.0,11.0,0.0,12.0,4.55,7.5
2004-03-21,7.7,12.2,2.9,4.2,9.4,64,0.0,0.0,0.0,0.0,4.42,7.9
2004-03-22,5.8,7.3,4.2,1.9,3.8,78,19.0,18.9,0.07,15.0,6.66,10.0
2004-03-23,6.8,10.0,4.2,2.9,6.5,75,1.8,1.8,0.0,4.0,5.79,8.8
2004-03-24,8.1,11.0,5.5,5.4,8.3,78,3.5,3.5,0.0,8.0,3.71,5.5
2004-03-25,10.1,13.4,7.9,7.9,11.5,81,2.1,2.1,0.0,7.0,3.92,7.9
2004-03-26,9.7,13.3,6.7,5.1,7.9,63,6.9,6.9,0.0,12.0,8.89,13.5
2004-03-27,10.0,15.0,4.2,6.7,13.1,51,0.0,0.0,0.0,0.0,6.96,10.9
2004-03-28,10.9,16.3,5.7,8.3,13.8,62,0.0,0.0,0.0,0.0,5.22,8.1
2004-03-29,14.1,18.9,8.0,11.5,15.1,67,0.0,0.0,0.0,0.0,8.77,15.1
2004-03-30,15.4,18.0,13.6,12.2,14.3,74,29.1,29.1,0.0,9.0,10.99,16.4
2004-03-31,15.2,18.9,11.3,12.6,17.4,64,15.9,15.9,0.0,3.0,8.63,14.3
2004-04-01,12.5,15.9,8.9,9.8,13.9,53,0.4,0.4,0.0,2.0,5.39,8.6
2004-04-02,15.6,21.3,12.1,13.0,18.5,70,8.9,8.9,0.0,12.0,11.72,21.3
2004-04-03,12.7,17.9,7.0,9.8,16.0,55,0.0,0.0,0.0,0.0,7.52,11.2
2004-04-04,6.9,9.4,3.8,3.0,7.2,80,14.7,14.7,0.0,18.0,6.66,10.4
2004-04-05,9.4,14.2,4.3,6.3,12.8,66,0.9,0.9,0.0,3.0,5.54,8.1
2004-04-06,12.5,17.8,6.3,10.1,15.1,70,0.0,0.0,0.0,0.0,7.3,11.9
2004-04-07,15.1,19.7,10.0,13.3,18.9,71,0.0,0.0,0.0,0.0,7.62,10.9
2004-04-08,12.3,15.3,9.9,9.3,13.2,66,7.7,7.7,0.0,7.0,5.1,9.6
2004-04-09,13.7,18.6,9.4,11.4,15.8,66,0.0,0.0,0.0,0.0,6.7,10.4
2004-04-10,15.0,20.4,9.2,13.3,20.0,65,0.0,0.0,0.0,0.0,5.77,8.9
2004-04-11,15.6,20.5,10.9,14.7,18.8,74,0.0,0.0,0.0,0.0,5.1,7.9
2004-04-12,17.4,23.3,11.7,17.4,24.9,74,0.0,0.0,0.0,0.0,5.41,8.3
2004-04-13,11.9,16.1,9.8,8.7,15.1,71,0.0,0.0,0.0,0.0,5.95,10.9
2004-04-14,12.5,15.6,9.4,11.0,15.1,76,5.0,5.0,0.0,8.0,3.1,5.6
2004-04-15,14.6,18.6,10.5,12.7,17.7,64,0.2,0.2,0.0,1.0,4.83,8.3
2004-04-16,16.8,20.8,12.2,14.9,18.4,65,0.0,0.0,0.0,0.0,8.68,13.2
2004-04-17,19.2,25.4,13.0,17.3,24.2,53,0.0,0.0,0.0,0.0,4.71,8.1
2004-04-18,15.7,21.1,10.1,14.2,19.5,68,0.0,0.0,0.0,0.0,6.7,10.7
2004-04-19,17.9,20.4,15.1,16.6,18.3,81,4.7,4.7,0.0,8.0,9.6,15.7
2004-04-20,20.0,24.8,16.2,19.1,27.0,67,9.8,9.8,0.0,6.0,8.97,14.6
2004-04-21,17.8,21.4,13.6,14.4,19.4,47,0.0,0.0,0.0,0.0,9.33,13.9
2004-04-22,19.6,25.9,13.3,18.8,23.9,71,0.0,0.0,0.0,0.0,9.14,13.7
2004-04-23,17.7,22.3,12.6,16.7,24.1,71,3.5,3.5,0.0,7.0,7.66,13.0
2004-04-24,12.5,16.7,8.2,7.5,12.0,37,0.2,0.2,0.0,1.0,6.91,12.2
2004-04-25,12.8,17.7,6.8,8.6,15.4,42,0.0,0.0,0.0,0.0,8.51,12.9
2004-04-26,16.2,20.9,10.7,13.6,18.0,49,0.0,0.0,0.0,0.0,6.61,10.2
2004-04-27,18.0,20.4,14.8,14.0,15.9,78,20.0,20.0,0.0,13.0,16.83,25.3
2004-04-28,16.3,19.3,11.8,13.0,17.1,57,1.9,1.9,0.0,6.0,9.97,16.9
2004-04-29,16.5,22.6,11.0,12.9,20.6,42,0.0,0.0,0.0,0.0,6.38,9.9
2004-04-30,17.7,23.1,12.0,16.9,21.7,66,0.0,0.0,0.0,0.0,5.6,8.9
2004-05-01,17.8,23.7,11.5,16.1,22.6,64,0.0,0.0,0.0,0.0,7.85,12.2
2004-05-02,12.8,15.5,10.6,9.5,12.2,59,0.0,0.0,0.0,0.0,4.61,8.0
2004-05-03,15.4,19.2,11.4,13.3,16.1,74,0.0,0.0,0.0,0.0,8.51,14.1
2004-05-04,20.5,23.2,17.7,17.5,21.6,78,7.4,7.4,0.0,10.0,15.56,23.0
2004-05-05,13.6,18.7,12.1,11.6,19.0,79,9.8,9.8,0.0,12.0,5.95,8.4
2004-05-06,14.2,17.8,11.0,12.8,17.1,68,0.0,0.0,0.0,0.0,3.54,5.9
2004-05-07,18.0,24.0,12.8,18.2,24.0,73,0.0,0.0,0.0,0.0,3.73,6.1
2004-05-08,18.9,23.0,15.8,17.7,22.4,62,0.0,0.0,0.0,0.0,4.02,6.5
2004-05-09,17.8,20.8,15.7,17.5,19.9,79,6.3,6.3,0.0,11.0,5.04,11.1
2004-05-10,18.4,20.7,16.3,18.5,20.5,89,19.3,19.3,0.0,19.0,7.91,14.6
2004-05-11,22.5,28.4,16.5,24.0,31.2,70,0.0,0.0,0.0,0.0,4.19,9.4
2004-05-12,19.7,22.2,17.9,19.1,21.3,66,0.7,0.7,0.0,3.0,5.63,9.9
2004-05-13,21.0,24.4,16.8,19.5,21.4,77,4.2,4.2,0.0,3.0,11.89,17.1
2004-05-14,21.6,25.5,17.9,22.5,26.9,77,12.7,12.7,0.0,12.0,7.07,14.1
2004-05-15,18.8,22.1,14.6,18.4,22.5,70,0.5,0.5,0.0,1.0,5.1,7.9
2004-05-16,18.5,20.4,17.5,20.0,22.2,86,18.5,18.5,0.0,18.0,3.18,9.5
2004-05-17,22.3,26.0,18.4,23.7,27.9,85,0.0,0.0,0.0,0.0,10.81,18.2
2004-05-18,20.6,22.2,18.9,21.2,23.7,77,2.4,2.4,0.0,6.0,4.91,7.4
2004-05-19,18.3,20.4,15.6,19.0,21.9,82,17.0,17.0,0.0,11.0,3.9,7.4
2004-05-20,15.9,17.0,14.6,15.2,16.3,87,23.4,23.4,0.0,23.0,5.29,7.8
2004-05-21,18.7,26.3,13.9,17.8,27.9,79,45.4,45.4,0.0,11.0,9.5,14.4
2004-05-22,14.9,16.6,13.5,14.1,16.3,86,1.0,1.0,0.0,5.0,4.42,6.3
2004-05-23,14.8,16.7,13.6,14.3,16.5,86,5.9,5.9,0.0,8.0,3.3,5.2
2004-05-24,17.9,22.6,14.0,18.1,23.2,77,1.0,1.0,0.0,5.0,3.41,5.9
2004-05-25,19.0,23.4,14.8,18.7,23.9,70,0.6,0.6,0.0,1.0,4.63,6.7
2004-05-26,20.7,24.5,17.1,20.5,24.1,71,0.0,0.0,0.0,0.0,7.12,11.0
2004-05-27,21.3,24.0,18.9,22.1,24.3,78,0.5,0.5,0.0,2.0,5.7,10.9
2004-05-28,21.6,24.1,19.1,21.5,24.2,76,0.0,0.0,0.0,0.0,7.71,12.6
2004-05-29,22.7,26.4,19.6,23.3,27.8,73,0.0,0.0,0.0,0.0,6.3,9.6
2004-05-30,24.5,29.9,19.6,26.7,33.9,76,0.0,0.0,0.0,0.0,8.55,12.9
2004-05-31,24.7,27.8,19.0,24.3,29.2,79,4.3,4.3,0.0,6.0,13.22,20.1
2004-06-01,17.5,19.1,16.4,17.4,18.9,81,20.6,20.6,0.0,14.0,4.46,7.8
2004-06-02,19.4,23.9,14.8,18.9,23.7,64,0.0,0.0,0.0,0.0,3.62,6.2
2004-06-03,19.5,23.9,15.9,18.6,22.8,58,0.0,0.0,0.0,0.0,3.89,6.4
2004-06-04,20.3,26.4,13.6,19.7,26.5,55,0.0,0.0,0.0,0.0,4.88,7.5
2004-06-05,21.6,25.7,16.8,22.0,26.4,67,0.0,0.0,0.0,0.0,5.7,9.2
2004-06-06,21.0,23.0,18.9,23.7,25.9,87,26.0,26.0,0.0,13.0,1.93,6.8
2004-06-07,22.5,25.5,19.9,24.2,27.1,87,6.1,6.1,0.0,4.0,7.71,14.3
2004-06-08,22.6,26.0,16.8,24.3,29.0,84,2.3,2.3,0.0,9.0,5.99,10.0
2004-06-09,18.5,21.4,16.3,18.9,23.2,81,4.7,4.7,0.0,10.0,4.85,5.9
2004-06-10,22.1,25.8,18.2,24.2,28.6,81,0.0,0.0,0.0,0.0,4.8,6.3
2004-06-11,19.8,22.6,16.3,20.8,24.9,86,17.9,17.9,0.0,19.0,6.51,12.2
2004-06-12,21.6,26.0,16.4,23.9,30.3,82,4.4,4.4,0.0,8.0,4.85,12.9
2004-06-13,20.4,22.4,18.4,21.3,23.1,78,13.3,13.3,0.0,13.0,4.21,7.4
2004-06-14,21.2,25.9,16.7,22.2,27.7,69,0.0,0.0,0.0,0.0,4.16,6.8
2004-06-15,23.3,29.1,18.0,24.4,31.4,63,0.0,0.0,0.0,0.0,4.11,6.6
2004-06-16,20.4,24.2,17.2,20.1,24.8,67,0.0,0.0,0.0,0.0,4.9,8.1
2004-06-17,20.8,25.4,16.2,21.5,26.5,76,0.0,0.0,0.0,0.0,5.35,8.0
2004-06-18,24.0,27.1,21.5,25.0,28.4,72,0.0,0.0,0.0,0.0,7.43,12.4
2004-06-19,24.3,27.0,21.5,24.7,28.0,71,0.0,0.0,0.0,0.0,8.73,14.3
2004-06-20,25.5,28.5,22.7,26.3,27.9,80,3.9,3.9,0.0,7.0,11.54,17.9
2004-06-21,25.4,26.8,24.5,24.6,27.0,83,8.5,8.5,0.0,6.0,15.99,26.6
2004-06-22,26.9,30.1,24.1,28.2,32.4,73,0.0,0.0,0.0,0.0,14.27,22.5
2004-06-23,26.3,30.4,23.3,29.3,34.7,71,0.0,0.0,0.0,0.0,4.27,6.5
2004-06-24,26.4,30.4,23.4,29.8,35.8,75,0.0,0.0,0.0,0.0,5.51,8.6
2004-06-25,25.1,25.9,24.0,27.7,29.0,86,9.6,9.6,0.0,16.0,7.73,11.2
2004-06-26,25.4,28.8,22.0,29.3,34.4,82,2.1,2.1,0.0,9.0,5.28,8.8
2004-06-27,23.0,25.7,21.0,25.2,28.0,79,1.2,1.2,0.0,4.0,3.14,5.7
2004-06-28,24.8,28.7,22.2,28.4,31.8,82,0.3,0.3,0.0,2.0,3.98,6.8
2004-06-29,25.7,29.8,22.5,28.6,32.6,79,0.2,0.2,0.0,1.0,6.66,10.9
2004-06-30,25.6,28.3,23.6,27.9,29.9,80,0.0,0.0,0.0,0.0,7.95,12.1
2004-07-01,24.9,28.3,20.0,26.1,28.9,69,0.0,0.0,0.0,0.0,7.1,10.7
2004-07-02,22.4,26.8,19.1,22.3,27.8,59,0.0,0.0,0.0,0.0,3.93,7.5
2004-07-03,23.0,28.6,18.7,23.6,30.6,60,0.0,0.0,0.0,0.0,4.58,7.1
2004-07-04,24.3,28.6,19.7,25.2,29.9,67,0.0,0.0,0.0,0.0,7.3,11.6
2004-07-05,26.8,29.2,24.1,28.0,28.9,78,0.0,0.0,0.0,0.0,11.26,17.6
2004-07-06,28.2,32.2,25.4,31.6,36.1,75,0.0,0.0,0.0,0.0,6.87,12.0
2004-07-07,29.9,34.7,25.4,34.3,39.9,68,0.0,0.0,0.0,0.0,5.15,8.7
2004-07-08,29.9,34.1,26.1,34.1,37.1,69,0.0,0.0,0.0,0.0,6.65,10.8
2004-07-09,29.6,33.9,26.2,34.0,39.0,69,0.0,0.0,0.0,0.0,5.32,8.6
2004-07-10,28.2,32.4,25.4,30.7,34.9,69,0.0,0.0,0.0,0.0,9.32,14.6
2004-07-11,26.9,31.0,24.0,29.1,33.6,65,2.2,2.2,0.0,3.0,4.39,9.4
2004-07-12,26.0,29.7,23.1,28.2,31.4,69,0.1,0.1,0.0,1.0,5.0,8.1
2004-07-13,28.4,34.0,22.4,31.1,38.6,64,0.9,0.9,0.0,2.0,6.69,9.8
2004-07-14,25.9,31.1,21.5,28.3,33.5,69,0.0,0.0,0.0,0.0,6.01,10.1
2004-07-15,28.9,34.6,25.0,32.8,37.9,66,0.2,0.2,0.0,1.0,5.3,8.9
2004-07-16,28.9,33.7,25.2,32.9,36.9,68,0.1,0.1,0.0,1.0,4.71,7.1
2004-07-17,30.2,35.0,26.2,34.1,38.9,61,0.0,0.0,0.0,0.0,3.98,8.1
2004-07-18,29.4,33.3,25.1,32.4,37.6,59,2.8,2.8,0.0,5.0,5.12,8.7
2004-07-19,29.8,34.5,25.9,32.2,35.7,56,0.0,0.0,0.0,0.0,5.14,9.9
2004-07-20,32.1,37.6,26.4,35.2,41.6,52,0.2,0.2,0.0,1.0,3.94,7.1
2004-07-21,31.7,36.2,27.2,34.3,38.5,50,0.0,0.0,0.0,0.0,4.14,7.1
2004-07-22,28.7,32.1,26.2,31.3,34.6,63,0.7,0.7,0.0,4.0,5.04,8.5
2004-07-23,28.4,32.5,25.6,30.3,32.9,64,0.1,0.1,0.0,1.0,7.93,12.3
2004-07-24,29.0,33.6,25.9,32.3,36.0,70,0.6,0.6,0.0,1.0,7.48,12.1
2004-07-25,29.2,33.8,26.6,32.0,35.5,69,0.0,0.0,0.0,0.0,7.48,13.0
2004-07-26,27.6,30.7,25.6,30.1,32.1,71,2.2,2.2,0.0,6.0,6.32,12.8
2004-07-27,28.4,33.1,24.8,32.1,36.1,70,0.4,0.4,0.0,2.0,5.02,8.4
2004-07-28,28.0,31.7,25.2,30.2,33.0,72,0.5,0.5,0.0,4.0,7.58,12.9
2004-07-29,26.8,29.1,25.1,29.9,32.6,81,22.4,22.4,0.0,24.0,6.69,12.9
2004-07-30,27.5,30.2,25.7,31.7,33.8,82,11.8,11.8,0.0,20.0,5.45,11.2
2004-07-31,27.2,29.7,25.4,30.3,32.4,82,1.0,1.0,0.0,4.0,8.2,11.9
2004-08-01,27.2,30.2,25.0,29.3,32.2,75,0.0,0.0,0.0,0.0,7.91,12.4
2004-08-02,27.2,30.2,24.6,29.0,32.0,71,0.0,0.0,0.0,0.0,7.6,11.6
2004-08-03,27.4,30.8,24.3,30.3,34.3,73,0.0,0.0,0.0,0.0,5.52,8.1
2004-08-04,28.1,32.0,24.9,31.4,34.3,73,0.5,0.5,0.0,3.0,5.85,9.0
2004-08-05,27.7,29.8,26.2,29.8,30.7,78,0.4,0.4,0.0,3.0,9.31,14.8
2004-08-06,28.3,32.4,25.7,31.8,35.9,75,0.0,0.0,0.0,0.0,6.32,9.7
2004-08-07,27.7,31.5,25.5,31.8,35.7,77,0.3,0.3,0.0,2.0,5.59,9.7
2004-08-08,27.8,31.9,25.0,30.4,35.0,70,0.0,0.0,0.0,0.0,7.28,12.4
2004-08-09,28.4,32.8,24.8,31.3,35.9,68,0.0,0.0,0.0,0.0,7.02,11.5
2004-08-10,29.2,33.6,25.5,32.8,38.0,66,0.1,0.1,0.0,1.0,5.0,8.2
2004-08-11,28.6,31.7,26.0,31.2,33.7,63,0.0,0.0,0.0,0.0,4.7,8.7
2004-08-12,28.5,33.1,24.4,31.9,36.1,68,0.0,0.0,0.0,0.0,7.13,11.5
2004-08-13,29.5,34.3,25.8,33.3,37.4,66,0.0,0.0,0.0,0.0,6.48,10.1
2004-08-14,30.3,35.0,25.9,34.2,39.6,60,0.0,0.0,0.0,0.0,3.48,8.2
2004-08-15,21.9,28.0,19.4,22.7,31.9,73,5.8,5.8,0.0,13.0,8.97,13.9
2004-08-16,25.0,29.9,20.5,27.5,31.7,71,0.0,0.0,0.0,0.0,4.4,7.9
2004-08-17,26.1,29.2,23.3,29.7,32.9,78,7.2,7.2,0.0,11.0,4.43,9.6
2004-08-18,29.5,34.4,25.3,32.3,36.5,74,0.0,0.0,0.0,0.0,10.62,15.8
2004-08-19,29.7,33.7,26.5,31.1,35.9,69,0.0,0.0,0.0,0.0,12.21,19.3
2004-08-20,30.4,34.7,26.6,30.5,37.7,52,0.0,0.0,0.0,0.0,12.59,19.4
2004-08-21,26.2,29.5,23.4,26.5,29.3,53,0.0,0.0,0.0,0.0,5.53,9.6
2004-08-22,26.4,31.0,23.3,28.0,33.5,59,0.4,0.4,0.0,3.0,5.32,9.2
2004-08-23,22.1,23.4,21.1,23.4,25.7,71,10.1,10.1,0.0,13.0,3.8,9.0
2004-08-24,25.8,30.8,20.9,29.6,35.2,79,9.9,9.9,0.0,7.0,5.0,11.4
2004-08-25,25.1,26.5,23.5,28.1,31.3,74,4.9,4.9,0.0,9.0,2.97,8.0
2004-08-26,25.1,28.4,21.6,28.1,31.3,71,0.0,0.0,0.0,0.0,3.22,4.4
2004-08-27,24.5,28.2,22.2,26.8,30.4,76,0.4,0.4,0.0,2.0,5.54,8.6
2004-08-28,22.0,23.3,21.1,22.2,22.9,77,3.5,3.5,0.0,15.0,6.16,9.6
2004-08-29,20.6,21.3,19.8,21.0,22.3,86,30.7,30.7,0.0,24.0,5.94,9.5
2004-08-30,24.8,28.6,20.6,27.2,30.8,85,0.7,0.7,0.0,6.0,11.55,18.1
2004-08-31,28.6,32.1,26.2,29.3,34.2,77,1.0,1.0,0.0,6.0,17.68,26.6
2004-09-01,27.4,31.1,23.9,31.4,36.2,76,0.0,0.0,0.0,0.0,5.73,8.5
2004-09-02,25.4,27.0,23.4,29.3,30.8,82,1.2,1.2,0.0,5.0,4.37,8.8
2004-09-03,25.5,29.8,22.3,28.7,32.4,76,2.3,2.3,0.0,5.0,3.54,6.1
2004-09-04,24.8,27.7,22.4,28.8,32.1,83,14.3,14.3,0.0,21.0,3.8,6.1
2004-09-05,23.3,24.3,22.0,27.0,28.1,88,16.3,16.3,0.0,19.0,2.3,5.0
2004-09-06,25.5,28.7,23.1,28.9,31.5,84,0.7,0.7,0.0,3.0,6.15,9.6
2004-09-07,26.9,29.1,24.3,28.0,30.0,82,1.3,1.3,0.0,9.0,14.67,22.1
2004-09-08,28.3,31.7,25.1,28.4,31.3,71,0.0,0.0,0.0,0.0,15.52,23.2
2004-09-09,25.6,29.4,22.9,28.3,31.6,72,1.3,1.3,0.0,3.0,3.45,5.5
2004-09-10,24.2,28.2,22.1,27.3,32.5,79,9.0,9.0,0.0,14.0,3.31,5.3
2004-09-11,23.0,25.5,21.2,24.2,26.4,73,0.4,0.4,0.0,2.0,4.37,7.2
2004-09-12,23.6,27.4,20.6,25.7,29.5,74,0.0,0.0,0.0,0.0,3.32,4.9
2004-09-13,25.4,28.5,22.5,28.1,30.7,78,0.0,0.0,0.0,0.0,6.5,11.2
2004-09-14,27.1,31.7,23.2,30.7,36.2,73,0.0,0.0,0.0,0.0,4.5,6.6
2004-09-15,22.0,25.0,17.9,21.4,24.8,63,0.0,0.0,0.0,0.0,6.49,10.2
2004-09-16,20.7,25.5,15.8,20.8,25.0,65,0.0,0.0,0.0,0.0,4.02,6.7
2004-09-17,24.4,28.6,19.7,27.3,32.0,74,0.0,0.0,0.0,0.0,2.4,7.1
2004-09-18,25.3,28.9,22.0,27.5,30.7,77,0.0,0.0,0.0,0.0,8.35,13.3
2004-09-19,26.5,30.2,23.6,27.8,31.4,69,0.0,0.0,0.0,0.0,7.35,11.3
2004-09-20,26.1,29.5,23.6,28.8,31.6,76,0.0,0.0,0.0,0.0,6.76,12.8
2004-09-21,27.2,31.3,24.3,27.9,31.2,71,0.0,0.0,0.0,0.0,10.07,17.7
2004-09-22,26.0,30.5,22.3,28.3,32.7,73,6.3,6.3,0.0,7.0,6.89,10.5
2004-09-23,23.5,25.7,21.9,25.7,28.6,75,0.7,0.7,0.0,4.0,4.0,7.6
2004-09-24,22.9,25.2,20.9,25.2,27.9,81,2.0,2.0,0.0,11.0,3.73,6.6
2004-09-25,23.4,25.8,22.1,27.2,29.8,87,7.1,7.1,0.0,15.0,2.12,6.5
2004-09-26,21.3,22.1,19.9,23.2,25.4,88,0.0,0.0,0.0,0.0,4.61,8.3
2004-09-27,19.8,20.5,19.2,21.2,22.1,88,20.7,20.7,0.0,17.0,3.98,8.0
2004-09-28,21.5,24.9,19.0,22.8,26.5,81,0.3,0.3,0.0,2.0,3.94,6.5
2004-09-29,21.6,22.8,20.3,23.4,25.0,85,7.0,7.0,0.0,15.0,6.31,11.4
2004-09-30,24.6,27.6,20.2,23.2,27.3,69,2.5,2.5,0.0,6.0,12.71,21.2
2004-10-01,21.3,25.8,17.0,21.1,26.4,64,0.0,0.0,0.0,0.0,4.74,7.7
2004-10-02,22.1,26.5,17.7,23.8,28.4,77,0.0,0.0,0.0,0.0,4.8,7.4
2004-10-03,18.5,21.8,16.0,19.5,25.2,91,29.9,29.9,0.0,21.0,5.59,8.6
2004-10-04,17.2,18.3,15.9,16.8,18.3,88,15.6,15.6,0.0,24.0,5.5,8.9
2004-10-05,17.3,17.7,16.8,16.8,17.7,92,83.5,83.5,0.0,24.0,6.26,10.3
2004-10-06,19.6,24.8,16.5,18.8,22.7,73,20.6,20.6,0.0,5.0,6.89,10.7
2004-10-07,18.5,22.8,13.9,18.7,22.9,72,0.0,0.0,0.0,0.0,2.96,4.7
2004-10-08,16.8,17.9,15.7,16.3,18.2,87,32.9,32.9,0.0,13.0,7.15,9.9
2004-10-09,18.0,19.3,17.1,16.7,19.2,87,133.5,133.5,0.0,19.0,9.3,19.7
2004-10-10,19.0,20.6,17.5,19.4,21.3,81,0.8,0.8,0.0,4.0,4.82,5.4
2004-10-11,19.1,21.5,17.5,20.5,23.6,87,19.7,19.7,0.0,11.0,3.2,6.4
2004-10-12,19.8,21.5,18.6,21.8,23.0,89,19.0,19.0,0.0,15.0,2.83,6.9
2004-10-13,19.3,20.4,17.8,20.3,21.9,86,27.1,27.1,0.0,21.0,3.58,7.9
2004-10-14,16.9,19.1,15.1,15.9,18.4,75,1.2,1.2,0.0,4.0,5.2,8.0
2004-10-15,17.0,21.0,13.0,15.4,18.8,65,0.9,0.9,0.0,2.0,6.35,11.8
2004-10-16,15.0,17.5,13.4,13.6,15.6,76,0.0,0.0,0.0,0.0,4.68,7.0
2004-10-17,15.3,19.3,11.4,13.3,17.2,66,0.0,0.0,0.0,0.0,5.12,8.9
2004-10-18,15.3,19.7,9.8,13.9,18.5,72,0.1,0.1,0.0,1.0,3.42,5.6
2004-10-19,15.6,16.3,14.8,15.1,16.1,86,24.5,24.5,0.0,18.0,3.76,6.3
2004-10-20,16.9,20.3,15.6,16.0,18.9,91,108.1,108.1,0.0,24.0,10.7,21.6
2004-10-21,18.5,21.1,15.0,17.5,21.4,76,6.1,6.1,0.0,11.0,8.85,22.3
2004-10-22,17.8,23.0,13.3,18.0,22.7,78,0.0,0.0,0.0,0.0,4.02,7.7
2004-10-23,16.6,19.1,13.9,15.9,17.9,71,0.0,0.0,0.0,0.0,3.23,7.9
2004-10-24,14.9,17.7,11.6,13.6,16.5,68,0.0,0.0,0.0,0.0,3.13,5.8
2004-10-25,16.9,20.7,12.9,16.8,21.0,75,0.3,0.3,0.0,3.0,2.9,4.6
2004-10-26,15.5,17.8,13.2,14.7,18.8,87,26.2,26.2,0.0,23.0,5.69,8.2
2004-10-27,12.3,14.2,10.1,9.4,10.6,69,0.6,0.6,0.0,2.0,5.55,10.3
2004-10-28,11.3,15.1,7.3,8.9,12.6,64,0.0,0.0,0.0,0.0,3.42,6.0
2004-10-29,12.6,18.0,7.3,10.8,16.3,73,0.0,0.0,0.0,0.0,3.76,6.0
2004-10-30,13.3,14.1,12.1,11.5,12.9,85,15.2,15.2,0.0,12.0,4.95,8.5
2004-10-31,17.0,19.7,14.3,17.3,21.4,90,27.2,27.2,0.0,13.0,4.73,9.7
2004-11-01,18.3,21.1,16.6,19.7,22.4,91,12.7,12.7,0.0,8.0,3.3,7.4
2004-11-02,18.1,21.9,15.4,18.8,22.2,85,0.1,0.1,0.0,1.0,3.96,5.8
2004-11-03,18.2,21.9,15.8,18.6,21.9,80,1.0,1.0,0.0,5.0,3.8,7.6
2004-11-04,16.2,20.5,11.6,15.6,19.8,72,0.0,0.0,0.0,0.0,3.31,5.9
2004-11-05,15.9,20.1,11.5,15.1,19.3,73,0.0,0.0,0.0,0.0,3.2,5.3
2004-11-06,16.5,20.3,13.9,16.5,20.9,80,0.0,0.0,0.0,0.0,3.55,5.1
2004-11-07,16.4,21.3,12.8,16.1,21.0,79,0.0,0.0,0.0,0.0,4.3,6.7
2004-11-08,15.8,18.5,13.2,15.0,18.0,74,0.0,0.0,0.0,0.0,3.22,5.5
2004-11-09,15.9,20.4,12.0,15.9,20.6,78,0.0,0.0,0.0,0.0,2.01,4.2
2004-11-10,15.8,20.5,12.0,15.7,20.2,82,0.0,0.0,0.0,0.0,2.69,4.0
2004-11-11,17.6,20.3,14.1,17.5,19.7,84,2.7,2.7,0.0,6.0,5.63,11.2
2004-11-12,18.2,19.8,15.4,18.6,20.4,87,20.0,20.0,0.0,14.0,5.85,12.7
2004-11-13,14.1,15.8,11.6,10.7,14.4,59,0.0,0.0,0.0,0.0,7.57,12.2
2004-11-14,12.7,13.9,11.3,10.8,12.7,78,1.6,1.6,0.0,6.0,5.48,8.5
2004-11-15,12.2,14.0,11.1,11.1,14.2,89,21.4,21.4,0.0,8.0,5.28,12.3
2004-11-16,12.2,15.2,9.5,10.6,13.9,75,0.2,0.2,0.0,1.0,3.01,5.7
2004-11-17,11.7,17.0,7.4,10.0,15.6,77,0.0,0.0,0.0,0.0,2.64,5.2
2004-11-18,11.7,13.6,10.4,9.5,11.4,81,13.1,13.1,0.0,10.0,5.66,8.1
2004-11-19,13.0,14.0,11.4,11.8,13.3,89,12.0,12.0,0.0,21.0,4.58,8.2
2004-11-20,14.3,17.3,11.8,13.4,15.9,77,4.7,4.7,0.0,8.0,3.4,6.4
2004-11-21,13.0,17.0,9.7,11.6,15.6,78,0.9,0.9,0.0,4.0,3.96,6.3
2004-11-22,12.9,17.4,8.8,11.1,15.3,71,0.0,0.0,0.0,0.0,3.98,6.0
2004-11-23,12.7,17.5,8.4,11.6,16.6,79,0.0,0.0,0.0,0.0,2.61,4.1
2004-11-24,13.4,18.7,8.8,12.1,17.9,77,0.0,0.0,0.0,0.0,3.86,4.7
2004-11-25,13.2,17.7,9.5,9.8,13.2,64,0.0,0.0,0.0,0.0,7.19,10.1
2004-11-26,13.0,17.4,9.0,10.7,15.0,74,0.0,0.0,0.0,0.0,9.88,14.5
2004-11-27,15.5,18.6,11.9,11.8,15.0,53,0.0,0.0,0.0,0.0,11.38,15.4
2004-11-28,12.0,15.6,8.9,9.4,13.1,64,0.0,0.0,0.0,0.0,3.9,6.3
2004-11-29,11.0,13.4,9.2,8.6,10.9,66,0.0,0.0,0.0,0.0,3.11,4.5
2004-11-30,9.2,10.9,7.7,6.6,8.5,76,1.0,1.0,0.0,3.0,5.8,11.3
2004-12-01,9.5,13.6,6.1,6.7,11.0,64,0.0,0.0,0.0,0.0,3.32,4.1
2004-12-02,10.4,14.7,6.2,6.3,9.9,57,0.0,0.0,0.0,0.0,6.94,10.6
2004-12-03,8.7,15.3,3.0,6.2,13.7,73,0.0,0.0,0.0,0.0,3.01,7.1
2004-12-04,9.8,14.4,4.4,8.3,13.3,82,7.5,7.5,0.0,7.0,2.38,9.4
2004-12-05,18.5,24.1,11.1,15.5,22.9,66,39.5,39.5,0.0,10.0,17.91,29.5
2004-12-06,10.0,13.0,7.0,5.7,8.2,53,0.0,0.0,0.0,0.0,8.12,14.5
2004-12-07,10.3,15.6,5.9,7.3,11.4,66,0.0,0.0,0.0,0.0,6.66,11.9
2004-12-08,10.7,15.4,4.9,8.4,13.1,70,0.0,0.0,0.0,0.0,2.9,5.2
2004-12-09,9.6,10.5,8.9,6.4,7.6,73,1.0,1.0,0.0,6.0,4.5,8.0
2004-12-10,11.8,15.6,8.8,9.6,15.0,73,1.8,1.8,0.0,4.0,4.96,8.9
2004-12-11,11.0,15.9,7.1,8.9,13.4,78,0.0,0.0,0.0,0.0,4.74,6.4
2004-12-12,7.9,8.7,7.4,4.7,5.9,77,2.0,2.0,0.0,6.0,4.71,7.8
2004-12-13,10.4,16.0,7.6,7.3,11.3,68,0.0,0.0,0.0,0.0,6.4,9.6
2004-12-14,7.9,10.4,5.5,4.7,7.0,64,0.0,0.0,0.0,0.0,3.11,5.6
2004-12-15,9.0,11.3,6.6,6.1,8.8,73,0.1,0.1,0.0,1.0,3.74,7.4
2004-12-16,12.1,17.0,9.1,8.8,15.5,61,0.0,0.0,0.0,0.0,9.64,15.3
2004-12-17,9.0,12.3,6.5,4.2,7.8,50,0.0,0.0,0.0,0.0,6.75,11.9
2004-12-18,8.1,12.0,5.6,5.4,10.0,73,0.0,0.0,0.0,0.0,3.54,6.1
2004-12-19,8.8,11.8,6.1,5.8,8.0,72,0.0,0.0,0.0,0.0,4.95,8.1
2004-12-20,9.4,11.8,7.3,6.7,10.7,80,0.5,0.5,0.0,2.0,5.39,8.1
2004-12-21,9.2,11.5,7.3,4.4,6.9,55,0.0,0.0,0.0,0.0,7.35,11.9
2004-12-22,7.4,10.6,5.1,3.9,7.6,57,0.0,0.0,0.0,0.0,4.52,7.9
2004-12-23,6.1,9.5,3.9,1.0,3.7,50,0.0,0.0,0.0,0.0,6.21,11.0
2004-12-24,5.9,9.0,2.9,2.3,5.4,56,0.0,0.0,0.0,0.0,4.81,4.7
2004-12-25,6.6,10.4,2.8,3.3,7.0,66,0.0,0.0,0.0,0.0,3.32,5.3
2004-12-26,6.1,10.1,2.0,2.6,5.8,68,0.2,0.2,0.0,1.0,4.88,10.3
2004-12-27,6.0,9.5,3.8,2.4,5.4,63,0.0,0.0,0.0,0.0,4.2,6.5
2004-12-28,5.3,8.6,1.8,1.5,5.1,58,0.0,0.0,0.0,0.0,4.2,6.2
2004-12-29,2.7,5.2,1.0,-1.4,0.7,88,16.2,12.0,2.94,15.0,5.95,10.0
2004-12-30,3.9,8.0,1.0,-0.7,3.1,56,0.2,0.2,0.0,2.0,7.32,15.0
2004-12-31,1.4,3.7,-0.6,-3.0,-0.3,79,18.1,12.0,4.27,9.0,7.84,12.2
