time,temperature_2m_mean,temperature_2m_max,temperature_2m_min,apparent_temperature_mean,apparent_temperature_max,relative_humidity_2m_mean,precipitation_sum,rain_sum,snowfall_sum,precipitation_hours,wind_speed_10m_max,wind_gusts_10m_max
2015-01-01,4.5,8.9,0.5,0.3,4.5,45,0.0,0.0,0.0,0.0,4.19,6.4
2015-01-02,5.9,9.5,2.2,2.3,5.8,54,0.0,0.0,0.0,0.0,2.77,5.4
2015-01-03,8.2,14.4,3.9,5.1,11.3,61,0.0,0.0,0.0,0.0,2.8,5.9
2015-01-04,11.7,18.9,5.9,8.8,16.1,61,0.0,0.0,0.0,0.0,3.44,6.4
2015-01-05,11.9,13.0,10.4,9.4,11.1,68,0.0,0.0,0.0,0.0,4.94,7.5
2015-01-06,6.6,10.7,3.9,2.1,6.5,82,8.7,8.7,0.0,12.0,7.24,11.6
2015-01-07,5.2,9.2,1.7,2.3,6.5,72,0.0,0.0,0.0,0.0,3.01,4.9
2015-01-08,6.7,11.2,0.9,4.3,8.6,76,0.0,0.0,0.0,0.0,2.34,4.0
2015-01-09,8.0,11.9,4.0,5.8,10.0,77,0.0,0.0,0.0,0.0,2.33,4.1
2015-01-10,8.4,13.7,4.1,6.2,11.8,77,0.0,0.0,0.0,0.0,2.6,4.0
2015-01-11,8.6,14.1,1.7,6.4,11.9,78,0.0,0.0,0.0,0.0,2.7,4.7
2015-01-12,8.7,11.0,6.6,6.3,8.2,77,0.1,0.1,0.0,1.0,3.41,6.2
2015-01-13,7.7,8.9,7.0,5.4,7.1,80,0.5,0.5,0.0,3.0,2.7,6.6
2015-01-14,6.8,10.4,3.3,4.4,8.2,83,0.0,0.0,0.0,0.0,2.87,6.2
2015-01-15,6.0,10.2,2.0,3.7,8.1,87,0.0,0.0,0.0,0.0,2.24,5.4
2015-01-16,8.2,13.3,4.3,5.4,9.9,73,0.0,0.0,0.0,0.0,3.61,7.1
2015-01-17,7.2,11.1,3.2,3.6,7.6,62,0.0,0.0,0.0,0.0,3.96,7.0
2015-01-18,7.8,12.5,4.5,4.8,9.9,67,0.0,0.0,0.0,0.0,3.54,7.2
2015-01-19,8.7,13.7,3.7,6.1,11.2,69,0.0,0.0,0.0,0.0,3.14,5.3
2015-01-20,10.7,15.1,6.4,7.7,12.0,56,0.0,0.0,0.0,0.0,3.55,5.8
2015-01-21,8.9,14.6,4.6,5.0,9.4,59,0.0,0.0,0.0,0.0,5.73,10.8
2015-01-22,7.2,11.8,2.6,3.1,7.7,55,0.0,0.0,0.0,0.0,4.05,7.7
2015-01-23,8.7,12.4,5.0,4.9,9.2,54,0.0,0.0,0.0,0.0,3.99,6.8
2015-01-24,11.6,16.1,9.3,9.0,14.2,68,1.5,1.5,0.0,5.0,4.44,7.5
2015-01-25,7.6,9.6,5.5,4.4,7.8,83,1.6,1.6,0.0,4.0,4.84,8.2
2015-01-26,6.2,7.3,5.2,3.8,5.1,87,1.2,1.2,0.0,9.0,4.05,5.1
2015-01-27,4.5,6.9,0.8,-0.1,3.5,94,9.8,8.8,0.7,22.0,6.54,10.7
2015-01-28,0.8,1.3,0.3,-3.7,-2.6,97,12.1,2.7,6.58,24.0,6.4,10.2
2015-01-29,-0.1,0.9,-0.7,-4.7,-3.1,93,4.6,0.3,3.15,14.0,5.46,8.5
2015-01-30,0.5,2.8,-2.1,-3.3,-0.5,86,0.0,0.0,0.0,0.0,4.09,7.3
2015-01-31,2.5,3.2,1.6,-1.2,0.2,76,0.0,0.0,0.0,0.0,3.69,7.0
2015-02-01,1.5,2.6,0.6,-1.3,0.1,88,0.0,0.0,0.0,0.0,2.63,4.1
2015-02-02,1.7,2.5,0.3,-1.1,0.0,94,0.0,0.0,0.0,0.0,2.0,4.1
2015-02-03,3.3,6.0,1.0,-0.1,2.4,83,0.0,0.0,0.0,0.0,3.57,6.7
2015-02-04,3.7,9.2,-0.9,0.3,6.2,79,0.0,0.0,0.0,0.0,3.88,7.3
2015-02-05,4.9,10.1,0.1,1.3,6.6,65,0.0,0.0,0.0,0.0,3.3,6.7
2015-02-06,5.2,11.3,-0.1,1.9,8.4,68,0.0,0.0,0.0,0.0,2.92,5.6
2015-02-07,6.6,11.3,2.9,3.4,8.5,69,0.0,0.0,0.0,0.0,4.04,6.4
2015-02-08,6.1,10.3,2.1,2.1,7.2,62,0.0,0.0,0.0,0.0,4.44,8.3
2015-02-09,5.6,9.7,1.9,1.4,5.8,52,0.0,0.0,0.0,0.0,4.44,8.7
2015-02-10,7.1,12.1,3.3,3.7,9.0,62,0.0,0.0,0.0,0.0,3.69,6.9
2015-02-11,9.3,16.4,4.2,6.0,13.0,67,0.0,0.0,0.0,0.0,4.85,9.3
2015-02-12,11.3,18.5,4.6,8.9,16.3,70,0.0,0.0,0.0,0.0,3.91,7.5
2015-02-13,11.9,18.8,6.4,9.7,17.6,69,0.0,0.0,0.0,0.0,3.77,6.0
2015-02-14,11.7,14.2,10.3,9.1,12.5,75,5.9,5.9,0.0,12.0,4.69,11.5
2015-02-15,12.4,16.3,10.3,11.6,16.4,92,5.5,5.5,0.0,10.0,3.81,9.4
2015-02-16,12.1,16.7,7.9,10.6,14.7,80,0.0,0.0,0.0,0.0,2.79,5.4
2015-02-17,14.0,19.5,8.1,12.2,19.0,69,0.0,0.0,0.0,0.0,4.05,6.6
2015-02-18,13.5,16.0,10.5,10.6,13.4,66,2.4,2.4,0.0,10.0,5.22,9.9
2015-02-19,9.6,11.5,7.7,6.3,8.6,72,8.3,8.3,0.0,9.0,5.31,11.2
2015-02-20,6.9,8.3,5.8,4.2,6.5,97,23.2,23.2,0.0,22.0,5.52,10.6
2015-02-21,8.0,11.6,4.6,5.2,9.1,80,0.0,0.0,0.0,0.0,5.51,9.1
2015-02-22,8.9,10.8,7.3,6.4,7.9,88,6.0,6.0,0.0,10.0,5.64,9.7
2015-02-23,8.7,10.0,7.6,6.7,8.0,90,1.7,1.7,0.0,5.0,3.42,6.3
2015-02-24,9.0,11.9,5.6,7.5,10.9,90,1.1,1.1,0.0,5.0,2.5,6.0
2015-02-25,10.2,11.0,9.2,8.7,10.3,93,6.7,6.7,0.0,17.0,3.49,6.1
2015-02-26,10.5,11.2,8.9,8.4,9.4,87,4.6,4.6,0.0,9.0,4.85,9.1
2015-02-27,8.6,10.4,5.7,5.5,8.0,86,20.4,20.4,0.0,19.0,5.0,8.6
2015-02-28,4.4,5.8,3.0,-0.1,2.1,83,15.5,15.5,0.0,13.0,7.23,11.5
2015-03-01,7.5,11.7,3.0,5.3,10.7,72,0.0,0.0,0.0,0.0,2.1,5.0
2015-03-02,9.2,11.7,5.7,6.9,9.7,76,0.0,0.0,0.0,0.0,2.97,6.3
2015-03-03,10.0,13.9,7.4,6.2,8.4,62,0.0,0.0,0.0,0.0,8.42,13.0
2015-03-04,8.2,9.7,6.9,3.9,5.1,55,0.0,0.0,0.0,0.0,4.56,8.3
2015-03-05,4.7,6.8,2.5,1.3,3.3,73,5.3,4.6,0.49,12.0,4.46,6.7
2015-03-06,5.0,8.2,1.3,2.3,6.6,72,0.0,0.0,0.0,0.0,2.01,4.3
2015-03-07,8.1,12.4,3.1,5.7,9.9,74,0.0,0.0,0.0,0.0,3.02,6.6
2015-03-08,11.0,14.4,8.4,9.3,12.5,77,0.0,0.0,0.0,0.0,3.3,6.1
2015-03-09,10.6,15.1,6.5,8.1,13.3,77,0.0,0.0,0.0,0.0,5.87,8.9
2015-03-10,8.9,10.4,6.9,5.5,7.0,69,0.0,0.0,0.0,0.0,5.37,8.6
2015-03-11,8.8,11.7,6.0,6.3,8.9,65,0.0,0.0,0.0,0.0,2.56,4.6
2015-03-12,11.0,17.4,5.5,8.8,14.7,73,0.0,0.0,0.0,0.0,4.4,8.5
2015-03-13,13.4,17.3,8.1,12.0,16.2,76,0.3,0.3,0.0,2.0,3.02,5.8
2015-03-14,13.8,15.5,12.2,12.6,14.7,81,5.7,5.7,0.0,7.0,3.77,7.8
2015-03-15,13.1,14.3,11.9,12.5,14.3,91,4.0,4.0,0.0,7.0,3.0,6.4
2015-03-16,15.0,18.3,12.3,15.0,18.5,89,0.0,0.0,0.0,0.0,3.23,6.1
2015-03-17,16.3,18.7,14.3,16.2,19.7,94,25.9,25.9,0.0,18.0,5.22,14.1
2015-03-18,12.1,14.3,9.7,9.6,13.0,91,17.3,17.3,0.0,9.0,6.43,10.6
2015-03-19,10.5,11.5,9.4,8.9,10.5,90,8.0,8.0,0.0,13.0,3.92,6.1
2015-03-20,12.3,14.8,10.8,10.8,13.8,88,6.4,6.4,0.0,10.0,4.32,7.5
2015-03-21,13.6,19.6,8.6,13.2,20.1,82,0.0,0.0,0.0,0.0,2.9,4.6
2015-03-22,16.9,22.1,11.1,16.0,21.2,72,0.1,0.1,0.0,1.0,4.64,8.2
2015-03-23,16.1,20.5,13.4,15.1,20.9,74,0.3,0.3,0.0,2.0,4.3,6.7
2015-03-24,13.8,17.6,10.7,12.3,15.5,72,0.0,0.0,0.0,0.0,3.14,5.7
2015-03-25,15.8,20.6,11.3,13.9,19.5,64,0.0,0.0,0.0,0.0,4.91,9.7
2015-03-26,13.5,15.9,10.9,11.7,13.6,80,11.8,11.8,0.0,12.0,4.65,7.4
2015-03-27,14.0,18.2,9.7,13.5,19.3,80,0.0,0.0,0.0,0.0,3.16,5.1
2015-03-28,16.7,20.5,13.0,16.5,20.0,80,0.0,0.0,0.0,0.0,3.91,7.6
2015-03-29,16.2,17.6,14.0,16.3,17.6,91,27.4,27.4,0.0,17.0,4.18,7.3
2015-03-30,18.4,21.9,16.0,19.3,23.0,87,2.2,2.2,0.0,3.0,4.02,7.6
2015-03-31,24.3,30.4,18.4,26.2,33.4,76,0.0,0.0,0.0,0.0,6.63,12.0
2015-04-01,23.3,26.9,20.8,25.0,29.3,79,30.5,30.5,0.0,10.0,5.61,12.7
2015-04-02,14.5,21.3,10.9,13.5,23.8,89,38.9,38.9,0.0,13.0,5.91,20.5
2015-04-03,15.0,17.2,12.6,13.8,16.6,84,2.3,2.3,0.0,7.0,5.42,9.0
2015-04-04,13.4,14.3,12.1,12.1,13.3,91,25.5,25.5,0.0,16.0,4.6,14.5
2015-04-05,12.2,13.1,11.6,9.7,11.3,92,33.5,33.5,0.0,15.0,6.0,10.6
2015-04-06,12.0,12.6,10.7,9.5,10.6,88,14.2,14.2,0.0,13.0,5.87,10.0
2015-04-07,8.9,10.7,6.7,5.1,7.7,86,12.7,12.7,0.0,12.0,7.24,12.7
2015-04-08,9.0,12.4,5.6,6.7,10.0,77,0.0,0.0,0.0,0.0,3.35,7.7
2015-04-09,11.1,14.3,7.0,9.5,13.0,77,1.5,1.5,0.0,1.0,2.18,5.1
2015-04-10,13.9,18.9,9.2,13.0,18.6,73,0.0,0.0,0.0,0.0,2.52,4.0
2015-04-11,16.8,22.2,10.2,16.3,23.3,68,0.0,0.0,0.0,0.0,2.58,5.5
2015-04-12,17.2,23.6,11.2,14.7,20.5,57,0.0,0.0,0.0,0.0,8.39,14.4
2015-04-13,13.6,17.7,9.0,10.3,14.1,46,0.0,0.0,0.0,0.0,7.28,12.7
2015-04-14,15.6,21.9,10.8,13.6,19.0,57,0.0,0.0,0.0,0.0,4.88,9.0
2015-04-15,15.1,16.9,13.1,14.4,16.6,79,5.3,5.3,0.0,11.0,3.36,8.9
2015-04-16,18.8,25.8,12.8,19.0,26.1,79,0.0,0.0,0.0,0.0,4.6,9.5
2015-04-17,21.0,24.7,18.0,20.8,25.7,73,1.9,1.9,0.0,4.0,5.82,9.2
2015-04-18,20.9,24.2,19.0,22.6,26.4,85,9.9,9.9,0.0,12.0,3.92,7.9
2015-04-19,15.8,18.9,13.1,14.6,20.5,94,10.9,10.9,0.0,13.0,7.73,14.0
2015-04-20,15.3,18.6,12.8,13.3,17.8,76,0.0,0.0,0.0,0.0,6.24,10.9
2015-04-21,17.1,21.5,13.4,17.4,21.3,77,0.0,0.0,0.0,0.0,2.47,4.1
2015-04-22,19.5,24.4,13.9,20.1,26.8,68,0.0,0.0,0.0,0.0,2.26,4.4
2015-04-23,21.8,25.6,18.4,22.9,27.5,67,0.5,0.5,0.0,1.0,2.48,5.5
2015-04-24,21.1,24.2,18.3,22.8,27.3,76,0.0,0.0,0.0,0.0,2.64,5.7
2015-04-25,21.9,27.3,17.1,23.7,29.3,76,0.0,0.0,0.0,0.0,2.58,5.3
2015-04-26,23.7,28.7,18.7,25.3,30.7,65,0.0,0.0,0.0,0.0,2.9,5.8
2015-04-27,24.3,28.4,20.5,25.7,29.3,72,0.0,0.0,0.0,0.0,5.81,9.9
2015-04-28,24.9,29.4,20.8,27.5,32.8,77,0.0,0.0,0.0,0.0,4.82,9.5
2015-04-29,24.5,28.9,20.6,26.3,30.7,69,0.1,0.1,0.0,1.0,5.32,8.8
2015-04-30,25.4,30.4,20.4,26.6,33.0,66,0.0,0.0,0.0,0.0,4.83,9.0
2015-05-01,23.5,25.3,21.0,24.9,26.7,79,13.0,13.0,0.0,16.0,5.6,9.4
2015-05-02,21.0,22.7,19.4,21.8,24.6,85,9.3,9.3,0.0,8.0,6.82,11.5
2015-05-03,22.2,25.8,17.8,24.1,27.5,77,0.1,0.1,0.0,1.0,3.1,5.5
2015-05-04,21.3,22.6,18.3,23.0,24.6,83,0.3,0.3,0.0,2.0,4.4,7.6
2015-05-05,20.8,24.7,17.2,22.8,27.4,82,0.6,0.6,0.0,1.0,3.14,6.8
2015-05-06,23.4,28.2,20.3,25.8,29.6,76,0.0,0.0,0.0,0.0,3.05,6.3
2015-05-07,24.8,28.6,20.8,27.4,32.4,76,0.0,0.0,0.0,0.0,4.12,6.8
2015-05-08,21.6,24.2,18.9,22.7,25.8,83,27.0,27.0,0.0,9.0,6.24,9.9
2015-05-09,22.4,27.3,17.4,24.8,29.9,79,0.0,0.0,0.0,0.0,2.8,5.3
2015-05-10,24.6,28.3,21.2,27.1,31.3,76,1.1,1.1,0.0,2.0,4.72,9.1
2015-05-11,17.5,21.5,14.5,16.5,25.6,82,10.0,10.0,0.0,10.0,9.91,16.9
2015-05-12,20.7,25.9,16.1,20.1,25.3,70,0.0,0.0,0.0,0.0,6.93,12.2
2015-05-13,24.1,29.0,19.4,24.7,29.3,68,0.1,0.1,0.0,1.0,7.32,13.0
2015-05-14,25.5,29.2,23.1,28.6,31.9,82,16.8,16.8,0.0,11.0,6.8,12.2
2015-05-15,23.4,25.1,22.2,26.3,27.9,90,36.1,36.1,0.0,15.0,5.1,10.2
2015-05-16,24.5,27.9,21.4,26.8,32.1,75,0.0,0.0,0.0,0.0,5.0,8.4
2015-05-17,24.1,26.7,22.5,27.2,30.3,83,4.4,4.4,0.0,8.0,4.65,7.7
2015-05-18,24.1,27.5,22.3,28.2,31.0,88,5.4,5.4,0.0,9.0,2.57,5.6
2015-05-19,25.7,30.1,21.8,30.0,36.2,81,0.0,0.0,0.0,0.0,3.19,6.2
2015-05-20,26.2,29.7,21.7,28.3,32.2,70,0.0,0.0,0.0,0.0,7.57,12.3
2015-05-21,24.2,28.3,19.8,24.4,29.0,58,0.0,0.0,0.0,0.0,4.88,9.9
2015-05-22,23.4,27.6,20.4,24.3,29.4,67,0.4,0.4,0.0,1.0,4.81,7.8
2015-05-23,21.5,24.0,19.0,22.8,25.4,76,2.3,2.3,0.0,5.0,3.24,5.9
2015-05-24,24.3,28.6,19.9,27.4,33.5,73,0.4,0.4,0.0,1.0,1.87,3.5
2015-05-25,24.8,27.2,23.0,28.1,30.0,78,5.4,5.4,0.0,9.0,2.91,5.7
2015-05-26,22.8,24.9,20.7,25.4,28.0,87,20.6,20.6,0.0,16.0,3.98,6.8
2015-05-27,23.4,24.9,22.1,27.2,29.1,91,8.1,8.1,0.0,10.0,3.45,6.4
2015-05-28,24.8,27.9,22.2,29.2,32.4,89,3.6,3.6,0.0,11.0,2.85,5.3
2015-05-29,22.7,24.3,20.9,25.4,28.9,93,16.9,16.9,0.0,19.0,5.81,10.1
2015-05-30,24.9,28.8,20.9,27.7,31.5,77,0.2,0.2,0.0,1.0,4.0,6.6
2015-05-31,26.6,30.4,22.1,30.6,34.3,78,0.0,0.0,0.0,0.0,3.58,5.9
2015-06-01,27.1,30.0,24.7,31.3,34.4,82,7.4,7.4,0.0,9.0,3.91,7.4
2015-06-02,25.7,27.6,24.3,30.1,32.1,93,29.0,29.0,0.0,21.0,5.19,10.7
2015-06-03,22.3,24.3,19.9,23.8,27.9,86,29.5,29.5,0.0,22.0,7.92,11.8
2015-06-04,20.6,22.5,18.0,21.8,23.4,78,4.0,4.0,0.0,4.0,4.02,8.4
2015-06-05,22.6,28.2,17.7,25.0,31.3,81,0.0,0.0,0.0,0.0,3.91,7.5
2015-06-06,26.3,31.1,20.4,29.5,35.2,72,0.0,0.0,0.0,0.0,3.51,7.5
2015-06-07,22.0,25.5,19.2,24.3,28.9,88,70.0,70.0,0.0,19.0,5.94,9.0
2015-06-08,23.1,27.1,20.7,26.0,30.7,84,35.2,35.2,0.0,9.0,3.0,5.5
2015-06-09,24.4,27.1,21.3,28.3,32.8,85,0.0,0.0,0.0,0.0,2.42,4.9
2015-06-10,26.5,30.1,23.2,30.5,34.1,80,0.0,0.0,0.0,0.0,4.68,8.0
2015-06-11,27.9,32.5,24.4,31.0,35.2,67,0.0,0.0,0.0,0.0,3.31,6.0
2015-06-12,27.4,32.5,21.1,30.7,36.2,68,0.0,0.0,0.0,0.0,3.71,7.9
2015-06-13,27.8,30.7,25.4,32.6,35.7,80,0.8,0.8,0.0,4.0,3.9,7.3
2015-06-14,26.8,29.5,24.7,30.0,32.3,76,1.6,1.6,0.0,3.0,4.9,9.1
2015-06-15,25.1,26.6,24.0,29.2,30.5,90,15.5,15.5,0.0,21.0,5.31,10.5
2015-06-16,25.7,30.0,23.6,30.9,35.8,91,42.9,42.9,0.0,19.0,3.62,11.9
2015-06-17,23.2,24.5,22.1,26.7,30.0,95,63.1,63.1,0.0,24.0,4.11,13.8
2015-06-18,24.8,28.7,21.8,28.3,32.6,84,11.7,11.7,0.0,3.0,3.45,6.1
2015-06-19,25.9,29.7,22.3,29.8,35.2,77,0.0,0.0,0.0,0.0,2.94,6.3
2015-06-20,26.6,30.0,23.8,30.8,35.2,79,0.7,0.7,0.0,2.0,4.99,5.9
2015-06-21,22.2,24.8,20.5,24.2,27.0,89,46.9,46.9,0.0,22.0,5.52,9.4
2015-06-22,24.9,27.9,21.8,28.8,32.0,83,0.3,0.3,0.0,1.0,2.7,6.6
2015-06-23,27.8,31.7,24.4,32.5,37.3,83,6.9,6.9,0.0,7.0,4.83,9.3
2015-06-24,29.5,32.7,26.8,35.1,38.5,82,0.9,0.9,0.0,1.0,4.96,11.6
2015-06-25,28.2,32.1,25.1,33.6,37.4,85,8.6,8.6,0.0,7.0,6.33,13.4
2015-06-26,27.8,31.5,24.3,33.7,38.5,87,23.1,23.1,0.0,19.0,3.42,10.3
2015-06-27,30.1,33.1,27.3,35.6,38.5,80,0.8,0.8,0.0,3.0,6.77,11.8
2015-06-28,29.6,32.4,26.7,36.3,39.5,86,1.4,1.4,0.0,7.0,4.76,9.9
2015-06-29,31.3,34.0,28.6,37.8,40.9,79,0.2,0.2,0.0,1.0,5.96,11.6
2015-06-30,26.0,29.2,23.0,30.4,36.9,92,6.4,6.4,0.0,18.0,5.51,13.4
2015-07-01,26.2,31.1,22.3,30.3,36.0,78,0.6,0.6,0.0,2.0,3.86,6.6
2015-07-02,29.0,32.4,25.7,35.1,39.9,78,0.0,0.0,0.0,0.0,2.12,4.6
2015-07-03,28.5,31.0,25.9,33.0,35.7,76,0.2,0.2,0.0,1.0,4.89,9.8
2015-07-04,25.7,27.7,23.9,27.8,30.6,69,0.0,0.0,0.0,0.0,6.2,9.7
2015-07-05,25.6,28.9,23.0,29.4,33.0,78,1.8,1.8,0.0,5.0,3.4,6.5
2015-07-06,22.9,24.4,21.7,24.5,26.0,79,2.5,2.5,0.0,8.0,5.22,9.2
2015-07-07,23.7,27.2,20.5,25.7,29.5,73,0.0,0.0,0.0,0.0,3.3,5.8
2015-07-08,25.5,29.3,22.0,28.6,32.1,74,0.0,0.0,0.0,0.0,3.23,6.1
2015-07-09,24.4,25.6,22.8,27.6,28.4,82,6.5,6.5,0.0,8.0,4.22,6.6
2015-07-10,26.6,31.1,23.1,30.3,34.9,81,0.0,0.0,0.0,0.0,5.25,8.0
2015-07-11,29.0,33.3,25.2,32.5,36.4,75,0.0,0.0,0.0,0.0,6.71,12.3
2015-07-12,29.8,33.7,25.8,35.6,40.5,74,0.0,0.0,0.0,0.0,2.45,5.7
2015-07-13,31.3,35.4,26.8,38.2,43.2,74,0.0,0.0,0.0,0.0,1.93,5.6
2015-07-14,31.4,34.5,29.0,38.3,41.8,76,0.1,0.1,0.0,1.0,2.92,5.8
2015-07-15,28.1,29.9,25.9,33.6,36.5,87,17.6,17.6,0.0,17.0,5.89,9.9
2015-07-16,23.4,25.5,22.1,25.6,28.7,90,18.0,18.0,0.0,9.0,6.71,13.4
2015-07-17,24.2,25.5,23.2,27.5,29.9,88,2.2,2.2,0.0,5.0,4.78,8.9
2015-07-18,26.4,30.3,23.6,30.7,34.3,81,0.4,0.4,0.0,2.0,2.73,5.6
2015-07-19,28.0,31.3,25.2,33.9,38.8,83,0.3,0.3,0.0,2.0,2.21,5.4
2015-07-20,28.7,32.0,25.1,33.9,37.4,77,0.0,0.0,0.0,0.0,2.64,5.7
2015-07-21,29.6,33.1,26.5,36.4,41.8,81,0.8,0.8,0.0,7.0,2.0,5.5
2015-07-22,29.3,33.0,27.1,36.3,41.6,84,5.7,5.7,0.0,6.0,1.97,4.3
2015-07-23,26.1,27.4,25.1,31.4,33.8,91,54.6,54.6,0.0,24.0,3.34,7.4
2015-07-24,27.4,30.6,25.0,32.5,35.6,83,0.9,0.9,0.0,3.0,3.33,9.6
2015-07-25,29.0,32.9,25.8,35.3,40.4,80,0.0,0.0,0.0,0.0,2.46,4.8
2015-07-26,28.9,31.6,27.4,35.3,36.9,84,8.7,8.7,0.0,8.0,3.51,7.3
2015-07-27,30.9,34.4,28.1,36.7,39.7,76,0.4,0.4,0.0,2.0,5.79,11.8
2015-07-28,31.1,34.4,28.0,35.3,38.6,69,0.0,0.0,0.0,0.0,6.94,11.8
2015-07-29,31.3,34.4,28.7,35.0,38.2,64,0.0,0.0,0.0,0.0,6.71,11.2
2015-07-30,31.2,34.6,27.7,34.8,38.1,65,0.0,0.0,0.0,0.0,7.24,12.3
2015-07-31,31.3,34.4,28.3,35.0,38.2,66,0.0,0.0,0.0,0.0,7.0,12.2
2015-08-01,31.5,35.0,28.3,35.8,39.4,66,0.0,0.0,0.0,0.0,6.02,10.4
2015-08-02,32.1,35.7,28.8,36.0,39.8,63,0.0,0.0,0.0,0.0,6.66,11.5
2015-08-03,32.5,36.2,29.4,35.6,38.7,60,0.0,0.0,0.0,0.0,7.77,12.6
2015-08-04,32.1,36.1,28.8,35.8,39.5,62,0.0,0.0,0.0,0.0,7.03,12.1
2015-08-05,30.5,34.3,27.0,34.7,37.6,67,0.0,0.0,0.0,0.0,5.41,11.8
2015-08-06,29.1,32.5,25.6,35.1,38.9,77,1.0,1.0,0.0,3.0,2.12,7.3
2015-08-07,30.5,34.6,27.1,36.3,40.3,75,0.0,0.0,0.0,0.0,3.83,6.4
2015-08-08,30.7,35.4,26.7,35.3,39.3,72,0.0,0.0,0.0,0.0,5.73,9.3
2015-08-09,28.9,31.8,25.8,31.2,33.7,75,1.3,1.3,0.0,4.0,9.44,19.8
2015-08-10,26.1,27.8,24.9,28.9,31.0,88,6.3,6.3,0.0,15.0,7.18,12.2
2015-08-11,27.5,31.5,24.2,30.7,34.5,74,0.0,0.0,0.0,0.0,5.35,9.2
2015-08-12,28.0,30.9,25.0,32.9,35.4,78,0.0,0.0,0.0,0.0,3.11,5.9
2015-08-13,27.8,31.1,25.0,32.5,35.3,79,3.2,3.2,0.0,10.0,4.07,7.1
2015-08-14,29.1,33.1,25.9,35.4,40.4,81,0.8,0.8,0.0,4.0,2.28,5.4
2015-08-15,27.8,30.0,26.1,34.1,36.4,86,12.4,12.4,0.0,14.0,1.7,4.6
2015-08-16,29.3,33.3,26.2,34.9,38.7,75,1.1,1.1,0.0,2.0,2.06,4.6
2015-08-17,29.4,33.2,25.9,35.5,39.3,79,0.0,0.0,0.0,0.0,2.02,5.9
2015-08-18,28.6,31.2,27.1,34.3,37.1,85,5.6,5.6,0.0,8.0,4.7,8.6
2015-08-19,24.8,27.4,22.5,28.3,33.6,91,23.1,23.1,0.0,17.0,5.97,12.1
2015-08-20,24.7,28.3,22.0,28.0,31.8,83,0.0,0.0,0.0,0.0,4.25,7.2
2015-08-21,27.4,31.8,24.6,32.3,36.6,77,0.0,0.0,0.0,0.0,2.32,4.9
2015-08-22,28.7,33.3,25.0,33.7,38.5,74,0.0,0.0,0.0,0.0,2.83,5.8
2015-08-23,28.7,33.8,25.5,32.7,37.9,68,0.0,0.0,0.0,0.0,5.03,7.1
2015-08-24,26.7,31.5,23.9,29.9,35.4,76,1.7,1.7,0.0,2.0,6.26,10.6
2015-08-25,26.1,30.5,22.6,29.4,34.2,75,0.3,0.3,0.0,1.0,3.41,6.4
2015-08-26,27.5,32.0,23.1,31.6,36.9,71,0.0,0.0,0.0,0.0,1.84,4.3
2015-08-27,28.5,32.1,24.7,33.0,36.8,70,0.0,0.0,0.0,0.0,2.33,5.3
2015-08-28,27.8,31.9,24.7,32.4,36.9,73,0.0,0.0,0.0,0.0,2.88,6.0
2015-08-29,28.1,32.2,24.0,33.1,38.6,74,1.3,1.3,0.0,4.0,1.86,5.2
2015-08-30,28.6,33.4,25.0,33.4,37.7,73,0.0,0.0,0.0,0.0,2.7,6.1
2015-08-31,28.4,33.1,25.2,32.4,37.5,68,0.0,0.0,0.0,0.0,2.6,6.1
2015-09-01,28.5,33.2,24.5,32.2,37.9,70,0.0,0.0,0.0,0.0,4.72,7.0
2015-09-02,28.1,32.8,24.5,30.8,36.5,65,0.0,0.0,0.0,0.0,4.47,7.1
2015-09-03,28.2,32.7,24.0,31.2,35.9,65,0.0,0.0,0.0,0.0,3.89,7.5
2015-09-04,28.4,32.2,25.9,32.9,35.7,78,28.6,28.6,0.0,9.0,4.58,10.4
2015-09-05,26.6,29.2,24.8,31.7,33.2,86,29.2,29.2,0.0,9.0,2.92,9.0
2015-09-06,27.8,32.7,23.9,32.2,37.1,77,0.0,0.0,0.0,0.0,4.72,6.9
2015-09-07,26.5,29.9,24.0,29.7,33.8,75,0.0,0.0,0.0,0.0,4.25,7.0
2015-09-08,26.7,30.6,23.7,30.0,34.3,73,0.0,0.0,0.0,0.0,3.96,7.8
2015-09-09,27.4,31.3,24.0,31.1,34.5,72,0.0,0.0,0.0,0.0,3.11,6.4
2015-09-10,26.5,30.0,23.9,29.8,33.4,72,0.0,0.0,0.0,0.0,3.21,7.3
2015-09-11,24.1,26.6,22.2,26.2,28.3,77,0.0,0.0,0.0,0.0,5.2,8.7
2015-09-12,23.1,26.7,20.8,24.0,27.5,74,0.0,0.0,0.0,0.0,4.81,8.2
2015-09-13,22.4,26.0,19.3,23.1,26.9,63,0.0,0.0,0.0,0.0,3.45,6.0
2015-09-14,22.8,26.8,19.2,24.1,27.5,69,0.0,0.0,0.0,0.0,2.3,5.6
2015-09-15,23.6,28.4,19.6,25.7,30.9,73,0.0,0.0,0.0,0.0,2.44,5.6
2015-09-16,24.1,28.7,20.0,26.4,31.0,73,0.0,0.0,0.0,0.0,2.51,5.4
2015-09-17,24.5,28.0,21.8,26.2,29.2,70,0.0,0.0,0.0,0.0,3.7,7.3
2015-09-18,21.7,22.9,20.0,24.1,25.5,88,8.6,8.6,0.0,15.0,2.69,4.2
2015-09-19,22.0,25.2,20.0,24.7,27.6,86,7.5,7.5,0.0,10.0,2.66,5.5
2015-09-20,23.9,28.5,21.1,27.1,31.1,81,1.4,1.4,0.0,4.0,2.08,5.2
2015-09-21,24.5,28.6,21.1,27.1,31.2,74,0.0,0.0,0.0,0.0,3.11,7.2
2015-09-22,24.2,27.3,22.3,27.1,30.1,80,0.9,0.9,0.0,3.0,3.48,6.4
2015-09-23,23.7,27.0,21.1,26.6,30.7,77,2.7,2.7,0.0,5.0,3.0,4.7
2015-09-24,23.2,25.6,21.6,26.1,28.1,89,13.9,13.9,0.0,11.0,4.68,8.3
2015-09-25,22.9,25.7,20.9,25.3,28.8,86,5.1,5.1,0.0,5.0,4.79,7.8
2015-09-26,24.5,28.0,22.3,28.0,30.6,81,0.7,0.7,0.0,2.0,2.2,4.9
2015-09-27,25.1,29.3,22.1,28.1,31.3,76,0.0,0.0,0.0,0.0,2.9,5.9
2015-09-28,25.7,30.5,22.2,28.2,32.9,70,0.0,0.0,0.0,0.0,3.28,6.5
2015-09-29,24.4,29.0,22.0,25.2,29.9,73,0.2,0.2,0.0,1.0,7.15,12.3
2015-09-30,21.4,22.9,20.4,22.0,23.9,86,5.1,5.1,0.0,5.0,6.96,11.0
2015-10-01,21.4,25.4,17.5,20.3,23.0,63,2.2,2.2,0.0,4.0,7.86,13.8
2015-10-02,20.6,25.9,16.4,20.9,27.0,65,0.0,0.0,0.0,0.0,2.63,6.6
2015-10-03,21.3,27.2,17.3,21.8,27.5,68,0.4,0.4,0.0,2.0,3.0,5.9
2015-10-04,20.2,23.0,17.1,21.1,23.7,76,4.0,4.0,0.0,7.0,3.14,5.0
2015-10-05,20.6,23.2,18.7,22.1,24.9,83,0.2,0.2,0.0,1.0,3.93,6.3
2015-10-06,20.6,21.2,19.9,22.9,23.7,96,41.6,41.6,0.0,21.0,4.15,7.5
2015-10-07,21.5,23.2,19.5,23.6,25.1,92,6.1,6.1,0.0,13.0,5.18,8.4
2015-10-08,20.3,23.7,18.3,19.9,22.3,80,0.0,0.0,0.0,0.0,6.62,11.5
2015-10-09,19.0,22.7,16.5,18.5,22.0,71,0.0,0.0,0.0,0.0,4.53,7.2
2015-10-10,19.3,24.2,15.6,19.6,24.7,76,0.0,0.0,0.0,0.0,3.34,6.1
2015-10-11,20.0,26.3,15.1,20.5,25.9,71,0.0,0.0,0.0,0.0,2.69,5.6
2015-10-12,19.3,26.4,14.0,19.7,27.4,72,0.0,0.0,0.0,0.0,2.79,5.4
2015-10-13,19.7,24.7,15.7,19.5,23.1,69,0.0,0.0,0.0,0.0,3.47,7.2
2015-10-14,20.6,27.1,16.5,21.2,27.9,69,0.0,0.0,0.0,0.0,2.75,4.3
2015-10-15,22.0,27.8,17.3,23.5,30.3,71,0.0,0.0,0.0,0.0,2.79,4.0
2015-10-16,22.4,28.6,16.8,24.2,30.7,77,0.0,0.0,0.0,0.0,2.83,5.1
2015-10-17,21.9,28.1,17.5,22.5,28.8,69,0.0,0.0,0.0,0.0,3.22,6.9
2015-10-18,21.9,27.5,17.3,23.0,28.9,71,0.0,0.0,0.0,0.0,2.86,5.9
2015-10-19,21.7,25.7,18.2,22.6,26.5,65,0.0,0.0,0.0,0.0,2.16,5.6
2015-10-20,21.3,26.1,17.6,22.2,27.2,70,0.0,0.0,0.0,0.0,2.5,5.8
2015-10-21,21.5,26.7,17.5,22.4,27.8,70,0.0,0.0,0.0,0.0,2.72,6.3
2015-10-22,21.2,25.9,17.4,22.5,27.0,76,0.0,0.0,0.0,0.0,2.79,5.2
2015-10-23,20.4,25.0,16.9,22.1,27.8,81,0.0,0.0,0.0,0.0,2.28,4.2
2015-10-24,21.1,26.3,16.8,22.5,28.4,79,0.0,0.0,0.0,0.0,2.84,6.6
2015-10-25,22.1,26.6,19.0,23.7,28.4,79,0.0,0.0,0.0,0.0,4.22,8.4
2015-10-26,18.2,21.2,12.7,17.7,23.5,86,2.8,2.8,0.0,6.0,7.47,12.7
2015-10-27,15.4,18.8,12.1,13.8,17.6,66,0.0,0.0,0.0,0.0,6.22,10.3
2015-10-28,15.8,17.7,14.5,15.1,17.3,80,2.4,2.4,0.0,5.0,4.37,6.3
2015-10-29,14.3,14.8,13.9,13.5,14.4,94,14.2,14.2,0.0,18.0,4.79,7.4
2015-10-30,15.5,17.4,14.2,14.1,16.5,78,0.0,0.0,0.0,0.0,4.61,7.5
2015-10-31,13.9,15.1,12.1,11.3,14.0,67,0.0,0.0,0.0,0.0,4.65,7.7
2015-11-01,12.3,17.2,9.1,10.3,15.1,71,0.0,0.0,0.0,0.0,3.96,7.1
2015-11-02,13.3,19.0,8.4,12.2,18.6,77,0.0,0.0,0.0,0.0,2.51,4.1
2015-11-03,15.0,19.4,11.4,13.6,18.2,74,0.1,0.1,0.0,1.0,4.27,8.5
2015-11-04,16.5,19.5,14.2,16.7,19.2,82,1.4,1.4,0.0,5.0,2.39,6.1
2015-11-05,17.9,20.2,16.1,18.2,21.2,89,3.0,3.0,0.0,6.0,4.53,8.6
2015-11-06,18.6,25.3,10.6,19.4,28.4,90,15.1,15.1,0.0,8.0,5.9,13.2
2015-11-07,8.0,10.0,7.3,4.3,6.4,92,1.8,1.8,0.0,4.0,7.2,12.1
2015-11-08,9.1,10.8,7.7,6.3,9.3,89,4.1,4.1,0.0,8.0,5.4,8.8
2015-11-09,11.0,14.4,8.0,9.2,12.8,85,0.0,0.0,0.0,0.0,3.42,6.9
2015-11-10,11.0,12.2,9.6,9.3,10.3,88,2.4,2.4,0.0,6.0,3.83,7.4
2015-11-11,11.4,12.6,10.3,10.4,11.9,93,2.1,2.1,0.0,5.0,2.77,4.8
2015-11-12,11.6,12.1,11.2,10.8,11.7,98,14.1,14.1,0.0,18.0,3.0,4.4
2015-11-13,12.4,13.9,11.1,11.7,13.8,92,0.0,0.0,0.0,0.0,2.69,5.1
2015-11-14,13.8,15.2,12.3,13.2,14.6,84,0.0,0.0,0.0,0.0,2.5,5.1
2015-11-15,15.0,17.4,13.5,14.9,17.9,91,3.5,3.5,0.0,6.0,3.69,6.3
2015-11-16,14.8,17.0,13.7,14.2,16.6,90,0.9,0.9,0.0,5.0,4.27,7.2
2015-11-17,14.0,15.1,12.5,13.1,14.5,93,3.9,3.9,0.0,12.0,4.44,7.5
2015-11-18,11.8,12.6,11.2,10.2,11.2,93,5.8,5.8,0.0,12.0,4.8,8.4
2015-11-19,11.7,12.2,11.1,11.3,11.9,99,4.7,4.7,0.0,18.0,2.22,4.2
2015-11-20,12.9,14.4,11.3,12.7,14.6,95,0.5,0.5,0.0,2.0,2.72,4.4
2015-11-21,14.6,16.4,13.3,14.8,17.0,94,0.0,0.0,0.0,0.0,2.5,5.0
2015-11-22,14.0,17.2,8.7,13.1,17.2,92,0.8,0.8,0.0,3.0,5.77,9.7
2015-11-23,7.1,8.7,5.6,3.5,4.9,92,0.4,0.4,0.0,2.0,5.95,9.8
2015-11-24,3.7,6.9,0.5,-1.6,3.1,94,14.7,14.5,0.14,20.0,8.8,14.6
2015-11-25,2.8,5.9,0.4,-0.8,3.4,86,0.2,0.2,0.0,1.0,6.51,11.3
2015-11-26,4.8,8.8,2.1,1.2,5.2,68,0.0,0.0,0.0,0.0,3.26,6.8
2015-11-27,5.2,8.2,1.6,2.1,5.4,79,0.1,0.1,0.0,1.0,3.89,7.7
2015-11-28,8.0,9.7,6.6,6.4,8.4,85,1.1,1.1,0.0,4.0,1.84,4.2
2015-11-29,9.0,11.1,6.9,7.7,9.7,91,0.0,0.0,0.0,0.0,1.9,4.8
2015-11-30,9.4,10.5,7.3,8.0,9.1,88,0.0,0.0,0.0,0.0,1.92,4.5
2015-12-01,11.4,13.6,10.0,10.4,12.1,84,0.0,0.0,0.0,0.0,1.96,4.1
2015-12-02,10.4,14.6,5.9,7.2,10.1,69,0.0,0.0,0.0,0.0,6.55,10.9
2015-12-03,8.8,14.1,4.9,5.5,9.9,61,0.0,0.0,0.0,0.0,4.05,10.2
2015-12-04,8.8,10.9,6.6,5.5,7.5,50,0.0,0.0,0.0,0.0,2.8,5.8
2015-12-05,6.6,7.9,5.6,4.4,6.0,79,8.6,8.6,0.0,14.0,2.33,4.1
2015-12-06,5.9,9.0,3.4,3.7,7.2,92,0.0,0.0,0.0,0.0,2.66,4.1
2015-12-07,6.4,10.1,3.2,4.2,8.3,89,0.0,0.0,0.0,0.0,2.68,4.8
2015-12-08,7.1,10.1,3.9,5.2,8.9,92,0.0,0.0,0.0,0.0,2.47,5.8
2015-12-09,8.9,10.4,8.0,7.4,8.8,89,0.0,0.0,0.0,0.0,1.91,4.1
2015-12-10,9.6,10.7,8.6,7.5,8.7,83,0.0,0.0,0.0,0.0,3.88,6.5
2015-12-11,9.1,11.0,8.3,6.7,8.8,83,0.0,0.0,0.0,0.0,3.7,6.1
2015-12-12,8.6,9.7,7.5,6.6,7.5,89,0.2,0.2,0.0,2.0,2.97,5.0
2015-12-13,7.8,8.5,6.5,4.5,6.3,79,0.9,0.9,0.0,4.0,4.41,7.7
2015-12-14,8.3,10.9,5.9,5.5,8.1,73,0.0,0.0,0.0,0.0,3.61,6.2
2015-12-15,8.5,11.1,5.9,4.5,6.3,51,0.0,0.0,0.0,0.0,4.84,8.9
2015-12-16,5.1,8.1,0.4,-0.1,2.1,40,0.0,0.0,0.0,0.0,6.6,11.0
2015-12-17,3.9,8.1,-0.8,0.3,3.9,51,0.0,0.0,0.0,0.0,2.92,4.8
2015-12-18,3.9,7.8,-0.7,0.2,3.8,64,0.0,0.0,0.0,0.0,2.79,5.7
2015-12-19,5.9,7.8,4.2,3.1,4.8,68,0.4,0.4,0.0,4.0,2.24,4.7
2015-12-20,5.2,6.4,4.2,2.8,3.9,81,0.0,0.0,0.0,0.0,2.1,4.0
2015-12-21,6.4,7.5,4.8,3.9,5.3,88,0.0,0.0,0.0,0.0,3.9,6.6
2015-12-22,6.3,7.0,5.2,3.8,4.4,90,0.0,0.0,0.0,0.0,2.87,5.4
2015-12-23,6.9,8.6,5.5,4.1,5.9,87,0.0,0.0,0.0,0.0,4.5,6.9
2015-12-24,6.9,7.7,6.2,3.4,5.1,87,1.4,1.4,0.0,8.0,5.71,10.9
2015-12-25,7.0,11.9,3.1,4.2,8.2,76,0.0,0.0,0.0,0.0,2.86,5.7
2015-12-26,8.4,14.2,3.8,5.7,11.3,72,0.0,0.0,0.0,0.0,2.86,5.9
2015-12-27,6.9,10.2,4.4,3.6,6.9,85,0.0,0.0,0.0,0.0,5.15,9.0
2015-12-28,5.4,7.0,4.2,2.5,4.4,83,0.0,0.0,0.0,0.0,3.77,6.2
2015-12-29,6.6,9.0,3.9,4.4,7.1,80,0.0,0.0,0.0,0.0,2.3,4.2
2015-12-30,6.9,11.2,1.8,4.8,9.0,84,0.0,0.0,0.0,0.0,2.69,4.9
2015-12-31,7.5,13.0,2.3,4.3,9.4,71,0.0,0.0,0.0,0.0,3.8,7.6
2016-01-01,8.1,10.8,6.2,5.0,8.4,68,0.0,0.0,0.0,0.0,3.62,5.9
2016-01-02,10.1,14.7,6.5,7.9,12.2,75,1.3,1.3,0.0,2.0,2.73,5.0
2016-01-03,11.9,16.3,8.4,10.9,16.2,85,0.0,0.0,0.0,0.0,2.5,4.4
2016-01-04,9.9,11.9,6.9,7.9,10.3,92,8.4,8.4,0.0,14.0,5.61,9.2
2016-01-05,7.0,7.9,6.5,3.7,4.4,94,0.4,0.4,0.0,3.0,5.5,9.7
2016-01-06,6.9,8.4,6.0,4.0,5.5,91,0.0,0.0,0.0,0.0,4.02,7.0
2016-01-07,5.2,6.8,2.6,1.8,3.0,87,1.4,1.4,0.0,5.0,4.9,8.4
2016-01-08,4.1,6.3,1.4,1.7,4.4,83,0.0,0.0,0.0,0.0,1.81,4.0
2016-01-09,5.4,6.6,4.2,2.8,4.1,91,5.3,5.3,0.0,9.0,3.49,7.1
2016-01-10,6.2,6.8,5.6,3.7,4.3,91,3.6,3.6,0.0,7.0,3.5,5.8
2016-01-11,4.0,5.8,2.6,-0.3,2.4,91,1.8,1.8,0.0,8.0,6.23,10.6
2016-01-12,2.6,3.3,1.3,-1.3,-0.3,92,0.0,0.0,0.0,0.0,5.1,8.2
2016-01-13,3.3,6.2,0.6,0.1,4.0,80,0.0,0.0,0.0,0.0,4.1,6.6
2016-01-14,4.5,7.8,2.6,1.8,5.0,82,0.0,0.0,0.0,0.0,2.59,4.3
2016-01-15,4.2,8.8,1.5,1.2,6.2,83,0.0,0.0,0.0,0.0,2.96,5.5
2016-01-16,5.1,8.0,2.8,2.0,6.0,87,9.3,9.3,0.0,10.0,4.6,9.1
2016-01-17,6.9,11.3,3.4,3.4,7.3,76,0.0,0.0,0.0,0.0,4.5,8.3
2016-01-18,3.8,6.9,1.4,-0.3,1.6,71,0.0,0.0,0.0,0.0,5.5,10.0
2016-01-19,4.5,7.7,0.4,0.8,4.7,64,0.0,0.0,0.0,0.0,3.81,6.3
2016-01-20,3.9,5.9,1.2,0.1,1.8,66,0.8,0.8,0.0,6.0,3.79,6.2
2016-01-21,1.3,3.1,-0.1,-2.4,-0.0,86,0.0,0.0,0.0,0.0,4.32,7.0
2016-01-22,1.1,2.2,-0.1,-3.7,-1.1,91,3.0,0.9,1.61,13.0,7.74,12.7
2016-01-23,-0.4,2.2,-2.5,-5.7,-2.9,60,0.0,0.0,0.0,0.0,7.73,12.2
2016-01-24,-2.1,0.1,-4.8,-7.4,-5.1,37,0.0,0.0,0.0,0.0,5.58,11.2
2016-01-25,-1.4,4.5,-6.4,-5.8,0.6,60,0.0,0.0,0.0,0.0,3.45,7.3
2016-01-26,2.3,6.6,-2.2,-1.7,3.3,56,0.0,0.0,0.0,0.0,2.62,5.0
2016-01-27,5.0,7.8,2.4,1.3,4.0,62,0.3,0.3,0.0,1.0,3.45,6.9
2016-01-28,5.2,6.5,4.1,2.3,3.7,81,0.9,0.9,0.0,7.0,3.03,5.3
2016-01-29,4.2,5.0,3.5,0.4,1.6,85,1.2,1.2,0.0,7.0,5.01,8.6
2016-01-30,4.2,5.2,3.4,1.5,3.1,92,0.2,0.2,0.0,2.0,3.55,5.8
2016-01-31,1.6,4.1,-0.7,-2.9,1.3,95,8.7,2.4,4.55,13.0,7.02,11.7
2016-02-01,0.2,3.2,-2.3,-4.8,-1.6,77,0.0,0.0,0.0,0.0,5.78,9.6
2016-02-02,1.2,5.3,-3.0,-2.1,2.4,74,0.0,0.0,0.0,0.0,3.2,5.6
2016-02-03,3.0,8.1,-1.6,-0.2,5.0,77,0.0,0.0,0.0,0.0,2.75,6.5
2016-02-04,6.1,10.2,3.3,3.2,7.7,67,0.0,0.0,0.0,0.0,2.55,5.3
2016-02-05,5.6,12.2,0.1,1.6,7.8,60,0.0,0.0,0.0,0.0,5.6,8.9
2016-02-06,4.5,8.9,-0.2,-0.1,5.0,39,0.0,0.0,0.0,0.0,5.39,8.7
2016-02-07,6.5,14.7,0.8,2.3,11.3,60,0.0,0.0,0.0,0.0,5.55,10.5
2016-02-08,10.4,19.3,3.5,7.1,15.9,61,0.0,0.0,0.0,0.0,5.02,9.6
2016-02-09,13.5,22.3,6.1,10.5,18.8,56,0.0,0.0,0.0,0.0,4.02,7.3
2016-02-10,14.0,17.6,11.0,11.5,14.9,61,2.0,2.0,0.0,6.0,4.83,10.3
2016-02-11,14.9,18.3,11.7,14.4,18.3,85,4.9,4.9,0.0,13.0,2.78,8.9
2016-02-12,14.7,17.9,12.6,14.3,17.3,93,32.3,32.3,0.0,22.0,4.92,12.9
2016-02-13,9.2,13.4,4.1,4.1,11.0,75,4.5,4.5,0.0,8.0,8.89,14.4
2016-02-14,4.3,5.5,1.9,-0.8,0.8,73,1.5,1.5,0.0,6.0,7.38,12.4
2016-02-15,4.2,8.8,0.5,0.3,4.1,55,0.0,0.0,0.0,0.0,3.61,7.9
2016-02-16,5.5,12.1,-0.1,1.9,8.1,61,0.0,0.0,0.0,0.0,3.53,7.4
2016-02-17,7.6,12.8,2.4,4.8,11.0,64,0.0,0.0,0.0,0.0,3.1,4.0
2016-02-18,9.7,15.5,3.5,6.9,14.0,59,0.0,0.0,0.0,0.0,3.05,5.1
2016-02-19,10.4,14.1,7.5,6.5,8.5,53,0.0,0.0,0.0,0.0,6.96,12.0
2016-02-20,9.2,14.2,4.2,5.6,10.9,48,0.0,0.0,0.0,0.0,3.2,8.6
2016-02-21,7.7,9.6,5.9,3.7,5.4,62,1.4,1.4,0.0,5.0,5.35,8.7
2016-02-22,7.3,9.7,5.9,5.1,7.3,84,5.7,5.7,0.0,9.0,2.38,5.7
2016-02-23,8.7,11.7,5.8,5.7,8.5,76,0.0,0.0,0.0,0.0,5.75,10.1
2016-02-24,9.6,13.7,4.5,7.2,11.8,67,0.0,0.0,0.0,0.0,3.0,5.6
2016-02-25,10.4,15.2,5.5,8.0,13.2,68,0.0,0.0,0.0,0.0,3.2,6.1
2016-02-26,12.1,16.9,8.4,9.3,14.0,67,0.0,0.0,0.0,0.0,4.91,8.5
2016-02-27,13.1,19.0,9.0,10.6,16.5,70,0.0,0.0,0.0,0.0,5.1,9.4
2016-02-28,13.4,19.2,9.3,10.8,17.4,61,0.0,0.0,0.0,0.0,5.12,8.9
2016-02-29,11.3,16.6,6.4,8.3,13.8,55,0.0,0.0,0.0,0.0,3.58,7.2
2016-03-01,13.2,18.9,7.7,9.9,16.3,54,0.0,0.0,0.0,0.0,4.43,8.6
2016-03-02,14.0,19.0,9.4,12.6,18.2,66,2.1,2.1,0.0,3.0,3.01,6.5
2016-03-03,15.1,19.6,10.7,14.7,18.9,78,4.6,4.6,0.0,8.0,2.48,7.9
2016-03-04,17.7,23.1,13.6,17.7,23.7,78,0.0,0.0,0.0,0.0,4.06,7.5
2016-03-05,15.5,17.2,12.0,14.3,17.5,77,5.9,5.9,0.0,9.0,4.53,9.5
2016-03-06,16.2,22.4,9.9,15.8,23.5,77,0.0,0.0,0.0,0.0,3.76,7.3
2016-03-07,18.2,22.3,15.0,18.5,23.5,83,4.8,4.8,0.0,8.0,4.46,7.1
2016-03-08,10.5,16.4,6.0,6.8,17.0,90,35.8,35.8,0.0,23.0,8.45,14.6
2016-03-09,5.2,6.6,2.8,-0.4,0.8,74,2.6,2.6,0.0,8.0,7.69,13.2
2016-03-10,5.8,9.4,2.5,1.8,5.6,69,1.6,1.6,0.0,3.0,5.39,9.5
2016-03-11,7.4,11.6,3.3,5.0,9.6,73,0.0,0.0,0.0,0.0,2.86,5.3
2016-03-12,9.2,12.1,6.0,6.8,10.0,73,0.0,0.0,0.0,0.0,3.14,7.0
2016-03-13,11.7,15.5,8.6,9.2,13.4,67,0.0,0.0,0.0,0.0,4.91,10.2
2016-03-14,11.2,14.9,6.7,8.8,13.5,68,0.0,0.0,0.0,0.0,4.02,7.8
2016-03-15,12.3,14.5,9.5,9.8,12.8,65,0.0,0.0,0.0,0.0,3.96,8.3
2016-03-16,12.6,17.3,7.9,11.2,15.8,74,0.0,0.0,0.0,0.0,3.0,6.2
2016-03-17,14.0,15.8,12.4,13.8,15.5,84,3.5,3.5,0.0,8.0,2.3,6.0
2016-03-18,14.9,19.8,11.5,14.4,19.8,78,0.0,0.0,0.0,0.0,2.39,5.3
2016-03-19,17.3,23.0,12.3,16.8,23.4,75,0.0,0.0,0.0,0.0,4.18,7.2
2016-03-20,17.3,19.7,15.2,16.4,19.0,77,0.6,0.6,0.0,3.0,5.51,9.5
2016-03-21,15.5,18.3,13.1,13.6,15.7,64,2.5,2.5,0.0,6.0,4.33,8.3
2016-03-22,16.2,19.1,12.9,15.4,18.2,67,0.0,0.0,0.0,0.0,3.33,7.4
2016-03-23,14.7,15.7,13.0,11.8,15.3,69,1.3,1.3,0.0,6.0,7.12,12.4
2016-03-24,13.2,15.5,11.3,9.7,13.1,47,0.0,0.0,0.0,0.0,4.66,8.6
2016-03-25,11.8,15.4,7.6,9.4,14.4,52,0.0,0.0,0.0,0.0,3.89,8.2
2016-03-26,11.0,14.1,8.2,8.6,11.6,71,0.2,0.2,0.0,1.0,5.15,10.7
2016-03-27,13.1,19.1,7.7,11.2,17.3,66,0.0,0.0,0.0,0.0,3.31,7.2
2016-03-28,16.0,22.1,10.3,13.3,18.9,54,0.0,0.0,0.0,0.0,6.16,10.9
2016-03-29,15.3,17.4,13.1,13.3,15.0,67,2.8,2.8,0.0,10.0,4.97,7.8
2016-03-30,13.3,14.0,12.0,13.1,14.3,92,7.6,7.6,0.0,13.0,2.42,4.4
2016-03-31,15.0,19.9,11.5,15.0,19.5,86,0.0,0.0,0.0,0.0,3.11,5.3
2016-04-01,19.7,25.9,14.1,19.7,26.6,72,0.0,0.0,0.0,0.0,4.2,8.1
2016-04-02,20.7,24.2,18.5,22.4,27.3,86,35.2,35.2,0.0,19.0,4.18,8.3
2016-04-03,14.7,18.7,11.9,13.2,20.4,95,23.7,23.7,0.0,20.0,8.08,13.0
2016-04-04,14.8,17.5,11.9,14.4,17.7,85,0.0,0.0,0.0,0.0,4.44,7.0
2016-04-05,17.1,19.3,15.3,17.1,19.6,89,22.8,22.8,0.0,14.0,4.56,12.9
2016-04-06,15.3,16.5,14.0,15.4,17.7,97,32.6,32.6,0.0,19.0,4.47,13.6
2016-04-07,17.1,21.5,14.0,17.9,22.7,88,0.0,0.0,0.0,0.0,3.04,4.3
2016-04-08,19.1,23.2,14.0,21.2,26.1,88,0.0,0.0,0.0,0.0,2.46,4.6
2016-04-09,20.7,23.1,18.0,22.4,24.4,84,0.1,0.1,0.0,1.0,3.21,5.7
2016-04-10,21.8,26.6,18.5,23.7,28.4,77,0.0,0.0,0.0,0.0,2.16,4.8
2016-04-11,21.8,26.0,18.3,22.0,25.1,65,0.0,0.0,0.0,0.0,4.36,7.8
2016-04-12,20.9,25.0,17.6,22.2,27.1,79,0.0,0.0,0.0,0.0,3.45,5.9
2016-04-13,22.8,27.6,17.5,24.9,31.0,75,0.0,0.0,0.0,0.0,3.04,5.7
2016-04-14,23.0,28.0,19.5,24.6,28.9,74,0.6,0.6,0.0,3.0,4.47,8.8
2016-04-15,21.5,24.0,19.0,22.0,25.6,78,4.0,4.0,0.0,5.0,5.35,9.6
2016-04-16,18.4,21.3,15.0,17.9,22.3,84,21.9,21.9,0.0,14.0,8.73,16.5
2016-04-17,15.1,16.6,13.4,14.5,15.8,89,4.1,4.1,0.0,7.0,6.3,10.6
2016-04-18,16.6,21.9,12.2,16.6,22.2,82,0.0,0.0,0.0,0.0,3.44,7.4
2016-04-19,21.0,26.5,16.2,21.2,27.0,71,3.6,3.6,0.0,4.0,5.48,9.8
2016-04-20,18.8,20.8,17.1,20.0,22.9,96,67.3,67.3,0.0,24.0,5.89,11.8
2016-04-21,20.1,24.6,16.7,21.6,28.0,80,1.0,1.0,0.0,4.0,4.22,6.7
2016-04-22,20.8,23.3,18.0,22.3,24.5,83,0.0,0.0,0.0,0.0,3.32,6.3
2016-04-23,19.1,21.4,17.6,19.9,21.4,88,8.4,8.4,0.0,9.0,4.57,8.3
2016-04-24,18.1,19.7,16.6,18.6,20.2,81,0.8,0.8,0.0,2.0,3.45,5.4
2016-04-25,19.4,22.2,16.5,20.8,23.2,83,2.4,2.4,0.0,2.0,2.21,5.5
2016-04-26,19.1,19.8,18.4,20.4,21.8,90,2.9,2.9,0.0,8.0,4.23,6.8
2016-04-27,19.3,23.2,16.5,19.5,22.8,79,0.0,0.0,0.0,0.0,5.44,8.8
2016-04-28,19.6,24.7,14.6,20.4,26.7,75,0.0,0.0,0.0,0.0,2.62,6.1
2016-04-29,22.2,27.7,17.4,23.2,28.8,69,0.0,0.0,0.0,0.0,3.97,8.3
2016-04-30,24.8,29.5,19.9,25.9,30.1,64,0.0,0.0,0.0,0.0,4.59,9.5
2016-05-01,24.5,28.5,20.3,26.4,30.9,75,7.6,7.6,0.0,5.0,5.63,12.2
2016-05-02,21.4,24.3,16.0,23.1,28.2,90,62.1,62.1,0.0,18.0,9.37,16.3
2016-05-03,21.2,26.7,15.6,21.9,27.8,66,0.0,0.0,0.0,0.0,2.83,5.6
2016-05-04,23.9,29.2,19.4,25.2,30.3,69,0.9,0.9,0.0,2.0,4.34,8.0
2016-05-05,24.2,27.5,21.4,27.3,31.2,87,33.6,33.6,0.0,14.0,5.38,12.6
2016-05-06,25.7,30.5,22.6,29.9,35.7,85,8.2,8.2,0.0,11.0,4.53,8.2
2016-05-07,21.1,22.8,18.1,22.0,25.0,85,4.0,4.0,0.0,11.0,5.33,9.7
2016-05-08,16.8,18.2,15.4,16.5,18.1,86,13.0,13.0,0.0,7.0,4.21,10.0
2016-05-09,16.5,18.2,14.8,16.9,18.6,87,10.8,10.8,0.0,7.0,3.05,5.9
2016-05-10,19.3,24.5,16.5,20.3,25.1,82,0.0,0.0,0.0,0.0,3.09,6.4
2016-05-11,22.7,29.6,16.9,24.3,30.9,76,0.0,0.0,0.0,0.0,4.81,8.8
2016-05-12,25.5,31.3,19.8,26.1,34.7,61,0.0,0.0,0.0,0.0,10.51,16.8
2016-05-13,22.5,25.9,19.3,22.0,27.6,61,0.0,0.0,0.0,0.0,8.36,14.4
2016-05-14,21.4,26.4,15.6,22.4,30.7,83,10.8,10.8,0.0,7.0,8.77,13.7
2016-05-15,16.8,20.4,15.0,16.2,21.1,84,7.2,7.2,0.0,12.0,7.26,12.8
2016-05-16,20.1,26.3,15.4,20.9,27.5,69,0.0,0.0,0.0,0.0,2.75,4.4
2016-05-17,21.6,25.1,17.2,21.3,24.4,62,0.0,0.0,0.0,0.0,4.27,7.7
2016-05-18,22.8,26.2,19.4,23.9,27.5,68,0.0,0.0,0.0,0.0,3.36,7.2
2016-05-19,22.6,25.5,20.3,24.9,28.0,84,12.9,12.9,0.0,13.0,4.0,7.2
2016-05-20,20.2,21.5,18.8,21.3,23.8,94,9.5,9.5,0.0,17.0,5.15,8.5
2016-05-21,19.8,22.0,18.3,19.7,21.8,84,0.0,0.0,0.0,0.0,6.15,10.6
2016-05-22,20.2,22.8,17.8,20.6,23.2,80,0.0,0.0,0.0,0.0,4.39,7.7
2016-05-23,20.7,22.4,18.5,22.3,23.9,81,0.0,0.0,0.0,0.0,3.11,6.3
2016-05-24,21.9,25.1,18.1,24.1,27.8,79,0.0,0.0,0.0,0.0,3.03,5.5
2016-05-25,23.2,27.3,19.2,25.8,30.2,80,1.0,1.0,0.0,1.0,3.31,7.2
2016-05-26,19.9,21.9,17.6,21.0,24.8,91,18.1,18.1,0.0,22.0,5.71,9.4
2016-05-27,18.2,18.9,17.1,18.9,20.1,93,4.9,4.9,0.0,11.0,4.42,7.7
2016-05-28,18.9,21.1,16.8,19.6,21.9,85,0.0,0.0,0.0,0.0,4.03,6.6
2016-05-29,22.1,26.6,18.7,24.5,30.2,80,0.0,0.0,0.0,0.0,2.57,5.5
2016-05-30,24.3,28.6,20.1,27.1,31.2,77,0.0,0.0,0.0,0.0,3.62,5.7
2016-05-31,28.6,33.3,24.0,33.4,38.9,79,23.0,23.0,0.0,7.0,5.54,13.6
2016-06-01,23.7,26.6,22.0,26.9,31.6,93,40.0,40.0,0.0,22.0,5.35,11.6
2016-06-02,20.6,22.1,18.9,22.6,25.1,94,28.4,28.4,0.0,22.0,4.88,8.2
2016-06-03,19.4,21.7,17.3,20.5,24.2,88,4.0,4.0,0.0,9.0,3.61,7.6
2016-06-04,22.8,27.8,17.6,25.3,31.5,78,0.0,0.0,0.0,0.0,2.7,6.1
2016-06-05,26.1,30.8,21.8,29.6,35.3,75,0.0,0.0,0.0,0.0,3.72,7.8
2016-06-06,26.0,29.7,23.1,29.6,33.9,78,1.0,1.0,0.0,1.0,4.48,9.3
2016-06-07,24.9,27.5,23.0,28.2,30.2,79,0.0,0.0,0.0,0.0,3.22,5.6
2016-06-08,26.1,30.3,23.0,30.0,35.0,75,0.0,0.0,0.0,0.0,2.73,5.4
2016-06-09,26.4,29.5,23.3,30.4,33.3,77,0.0,0.0,0.0,0.0,2.69,5.6
2016-06-10,26.8,30.4,23.6,31.4,36.6,78,1.2,1.2,0.0,3.0,2.88,5.4
2016-06-11,25.8,27.5,24.2,29.6,31.3,83,16.6,16.6,0.0,16.0,4.11,8.2
2016-06-12,26.2,29.9,24.0,30.2,34.6,77,21.1,21.1,0.0,8.0,3.57,7.0
2016-06-13,27.3,31.1,22.9,31.8,36.0,79,0.0,0.0,0.0,0.0,3.13,6.4
2016-06-14,29.7,34.1,25.4,35.0,39.4,74,0.0,0.0,0.0,0.0,4.71,9.3
2016-06-15,26.2,29.0,23.0,29.2,35.3,76,5.0,5.0,0.0,3.0,6.61,11.7
2016-06-16,26.5,31.5,22.1,29.3,34.1,67,0.0,0.0,0.0,0.0,3.37,5.7
2016-06-17,27.7,32.4,23.1,30.3,34.3,66,0.0,0.0,0.0,0.0,5.33,9.1
2016-06-18,28.8,31.9,24.8,33.2,36.4,75,0.8,0.8,0.0,2.0,5.7,10.8
2016-06-19,25.5,28.4,22.6,29.6,32.8,90,46.0,46.0,0.0,22.0,4.33,13.7
2016-06-20,26.5,29.9,23.1,31.3,35.6,87,20.8,20.8,0.0,19.0,3.55,12.2
2016-06-21,28.8,32.1,26.8,34.6,37.9,85,37.2,37.2,0.0,19.0,6.45,13.0
2016-06-22,30.4,33.8,26.8,36.5,39.3,79,14.3,14.3,0.0,9.0,5.8,12.1
2016-06-23,32.4,35.6,29.5,37.5,40.8,68,0.0,0.0,0.0,0.0,6.74,11.8
2016-06-24,25.1,29.8,21.5,27.4,33.6,83,2.0,2.0,0.0,4.0,6.73,11.3
2016-06-25,20.3,21.4,19.2,21.8,24.3,93,40.0,40.0,0.0,20.0,5.58,8.1
2016-06-26,21.5,22.5,20.5,24.7,25.7,89,23.5,23.5,0.0,13.0,1.77,5.9
2016-06-27,20.8,21.9,19.9,23.9,24.9,93,44.4,44.4,0.0,18.0,1.82,7.9
2016-06-28,21.6,22.8,20.3,25.0,26.2,92,35.2,35.2,0.0,18.0,2.62,4.7
2016-06-29,25.4,30.2,21.8,29.9,35.8,90,6.2,6.2,0.0,10.0,4.25,10.4
2016-06-30,27.4,31.0,24.2,32.4,37.3,88,16.3,16.3,0.0,11.0,4.81,11.7
2016-07-01,25.2,26.0,24.5,28.8,30.3,91,34.7,34.7,0.0,24.0,7.57,15.6
2016-07-02,24.3,25.5,23.3,29.2,30.4,97,50.7,50.7,0.0,24.0,4.05,11.2
2016-07-03,25.9,28.2,24.4,31.0,33.1,93,3.5,3.5,0.0,9.0,3.62,7.2
2016-07-04,24.2,25.0,23.1,28.1,30.4,92,29.8,29.8,0.0,14.0,4.2,8.3
2016-07-05,24.5,26.8,22.7,29.0,31.3,91,27.3,27.3,0.0,17.0,2.85,7.2
2016-07-06,25.2,27.6,22.7,29.8,32.5,93,44.4,44.4,0.0,13.0,4.66,8.9
2016-07-07,28.3,32.5,24.9,34.4,38.9,85,0.1,0.1,0.0,1.0,2.53,6.8
2016-07-08,30.1,33.8,26.6,36.9,41.3,81,0.0,0.0,0.0,0.0,2.82,6.1
2016-07-09,30.7,34.2,27.2,37.5,41.5,79,0.0,0.0,0.0,0.0,3.6,6.7
2016-07-10,30.3,33.2,27.9,36.7,39.3,80,0.9,0.9,0.0,5.0,3.44,6.8
2016-07-11,30.2,33.2,27.4,37.2,41.4,80,0.8,0.8,0.0,4.0,1.84,5.2
2016-07-12,31.6,34.5,28.9,39.2,42.9,76,0.2,0.2,0.0,1.0,2.42,4.7
2016-07-13,29.6,31.0,27.6,37.1,38.6,88,30.9,30.9,0.0,16.0,2.57,5.4
2016-07-14,28.5,30.9,27.3,35.1,37.5,89,14.7,14.7,0.0,13.0,3.67,7.5
2016-07-15,26.3,27.6,24.6,31.5,34.7,92,16.8,16.8,0.0,19.0,5.44,11.6
2016-07-16,27.2,30.9,23.5,32.8,36.7,83,0.0,0.0,0.0,0.0,2.06,5.1
2016-07-17,28.8,31.3,26.8,34.9,37.2,85,4.2,4.2,0.0,5.0,4.66,7.9
2016-07-18,28.1,31.0,26.7,33.6,36.0,87,18.6,18.6,0.0,15.0,4.58,8.6
2016-07-19,28.6,30.4,27.1,33.6,35.3,85,21.4,21.4,0.0,17.0,6.02,12.2
2016-07-20,28.5,29.6,26.9,31.4,32.7,78,5.4,5.4,0.0,10.0,9.35,19.0
2016-07-21,30.2,33.5,26.8,35.0,38.4,77,7.4,7.4,0.0,10.0,7.87,15.1
2016-07-22,31.8,34.7,29.2,36.3,39.4,68,0.0,0.0,0.0,0.0,7.11,12.1
2016-07-23,32.3,35.5,29.2,37.9,41.5,69,0.0,0.0,0.0,0.0,5.73,10.4
2016-07-24,32.9,36.2,29.7,39.3,42.4,71,0.0,0.0,0.0,0.0,5.54,9.5
2016-07-25,33.2,37.3,29.5,40.5,43.7,73,0.0,0.0,0.0,0.0,4.65,8.2
2016-07-26,33.5,37.4,29.2,41.0,44.3,72,0.0,0.0,0.0,0.0,4.12,7.1
2016-07-27,32.9,36.8,29.1,39.6,44.3,71,0.0,0.0,0.0,0.0,4.24,7.9
2016-07-28,32.6,36.3,29.1,38.0,41.4,68,0.0,0.0,0.0,0.0,5.8,10.2
2016-07-29,33.2,36.7,30.5,38.9,42.5,66,0.0,0.0,0.0,0.0,5.47,9.4
2016-07-30,33.4,37.4,29.3,39.9,43.7,66,0.0,0.0,0.0,0.0,3.83,7.0
2016-07-31,33.4,37.7,29.8,40.2,45.4,67,0.3,0.3,0.0,1.0,3.44,5.4
2016-08-01,32.7,36.8,29.1,40.0,43.6,73,0.6,0.6,0.0,1.0,3.64,7.1
2016-08-02,31.0,34.4,27.9,37.4,41.8,78,1.5,1.5,0.0,2.0,4.48,7.9
2016-08-03,28.4,30.2,27.1,34.2,35.9,87,8.3,8.3,0.0,16.0,4.0,7.4
2016-08-04,27.5,28.7,26.6,33.9,35.0,91,8.8,8.8,0.0,15.0,2.77,4.9
2016-08-05,28.4,31.3,26.5,35.1,38.7,86,0.1,0.1,0.0,1.0,2.08,6.4
2016-08-06,28.5,30.5,26.8,35.3,37.5,87,4.2,4.2,0.0,10.0,2.13,6.4
2016-08-07,28.7,31.3,26.8,35.1,37.4,85,7.8,7.8,0.0,14.0,2.18,4.9
2016-08-08,28.4,31.5,27.0,34.6,37.4,85,5.0,5.0,0.0,12.0,3.12,6.4
2016-08-09,29.7,33.4,27.2,36.5,40.4,85,1.6,1.6,0.0,7.0,3.76,6.7
2016-08-10,30.6,33.9,27.8,37.6,41.0,81,0.1,0.1,0.0,1.0,3.48,7.1
2016-08-11,31.9,35.2,29.0,39.5,43.7,78,0.2,0.2,0.0,1.0,2.9,5.6
2016-08-12,32.7,36.1,29.2,39.9,43.2,75,0.0,0.0,0.0,0.0,3.96,8.9
2016-08-13,33.4,37.1,30.0,40.8,44.1,73,0.0,0.0,0.0,0.0,3.85,7.8
2016-08-14,33.4,36.9,30.7,40.6,44.0,71,0.0,0.0,0.0,0.0,3.93,8.8
2016-08-15,33.4,37.3,29.8,40.8,45.3,72,0.0,0.0,0.0,0.0,3.22,6.2
2016-08-16,32.8,36.7,29.7,40.0,43.8,73,0.0,0.0,0.0,0.0,3.26,6.5
2016-08-17,32.6,36.2,29.6,40.0,43.6,75,0.0,0.0,0.0,0.0,3.01,6.7
2016-08-18,33.2,37.6,29.4,39.9,44.2,69,0.0,0.0,0.0,0.0,3.67,7.4
2016-08-19,33.9,38.2,29.8,41.0,45.7,67,0.0,0.0,0.0,0.0,2.66,5.7
2016-08-20,31.7,34.5,28.9,38.5,42.5,76,0.6,0.6,0.0,2.0,5.1,8.4
2016-08-21,30.5,34.7,28.1,34.3,38.7,69,0.1,0.1,0.0,1.0,5.22,8.7
2016-08-22,30.0,33.9,27.5,35.6,39.3,77,0.0,0.0,0.0,0.0,4.61,6.8
2016-08-23,31.4,35.7,28.2,38.8,43.1,77,0.2,0.2,0.0,2.0,2.28,4.9
2016-08-24,32.5,36.9,29.4,40.1,43.8,74,0.2,0.2,0.0,1.0,2.64,4.9
2016-08-25,32.1,36.3,28.5,39.4,43.8,75,1.6,1.6,0.0,5.0,4.85,8.0
2016-08-26,25.0,28.7,22.1,26.1,34.4,81,0.8,0.8,0.0,3.0,8.09,14.0
2016-08-27,24.7,28.8,21.9,24.7,28.4,61,0.5,0.5,0.0,2.0,5.46,10.0
2016-08-28,25.4,31.8,20.0,25.9,31.8,55,0.0,0.0,0.0,0.0,3.41,7.4
2016-08-29,26.3,32.3,19.9,27.5,33.9,54,0.0,0.0,0.0,0.0,2.55,5.2
2016-08-30,26.2,31.3,21.2,28.2,33.7,61,0.0,0.0,0.0,0.0,3.18,5.6
2016-08-31,26.7,31.5,22.2,28.2,32.3,62,0.0,0.0,0.0,0.0,4.58,8.6
2016-09-01,27.5,32.6,23.3,30.0,35.2,66,0.0,0.0,0.0,0.0,4.19,7.9
2016-09-02,28.8,34.9,24.5,32.3,38.2,64,0.0,0.0,0.0,0.0,2.79,4.7
2016-09-03,29.5,35.4,25.3,32.6,37.9,61,0.0,0.0,0.0,0.0,3.11,7.3
2016-09-04,28.4,32.4,24.7,31.1,32.6,61,0.0,0.0,0.0,0.0,3.74,6.8
2016-09-05,27.3,32.2,22.3,29.8,34.3,64,0.4,0.4,0.0,1.0,2.83,6.0
2016-09-06,26.3,29.2,24.2,30.4,34.6,78,0.1,0.1,0.0,1.0,3.05,7.1
2016-09-07,27.6,33.0,22.9,31.1,36.4,67,0.0,0.0,0.0,0.0,2.47,4.8
2016-09-08,29.1,34.1,25.6,32.9,37.5,63,0.0,0.0,0.0,0.0,2.16,4.6
2016-09-09,26.8,30.9,23.9,30.9,34.2,77,5.9,5.9,0.0,8.0,3.26,6.5
2016-09-10,26.4,30.6,23.4,30.5,35.1,76,1.2,1.2,0.0,2.0,2.61,5.5
2016-09-11,28.2,33.9,24.8,32.1,37.3,70,0.0,0.0,0.0,0.0,4.43,7.7
2016-09-12,27.7,32.3,23.6,31.1,35.9,71,0.0,0.0,0.0,0.0,3.57,7.2
2016-09-13,28.0,32.2,24.2,31.0,34.9,65,0.0,0.0,0.0,0.0,3.7,7.8
2016-09-14,28.4,33.8,23.3,30.5,34.7,59,0.0,0.0,0.0,0.0,3.71,7.6
2016-09-15,27.6,31.9,24.1,29.7,34.8,66,2.2,2.2,0.0,2.0,5.87,10.2
2016-09-16,26.1,30.2,23.0,27.5,30.9,71,0.0,0.0,0.0,0.0,6.23,10.8
2016-09-17,27.3,32.1,23.0,28.5,32.9,60,0.0,0.0,0.0,0.0,4.75,9.1
2016-09-18,27.5,32.6,22.9,28.1,32.8,54,0.0,0.0,0.0,0.0,5.23,8.4
2016-09-19,25.7,30.0,22.5,25.2,29.3,55,0.0,0.0,0.0,0.0,7.09,12.2
2016-09-20,25.0,29.2,22.1,23.7,27.8,44,0.0,0.0,0.0,0.0,4.62,7.9
2016-09-21,24.3,28.6,20.8,24.3,28.8,50,0.0,0.0,0.0,0.0,3.61,6.0
2016-09-22,24.6,31.1,18.4,25.1,32.0,55,0.0,0.0,0.0,0.0,2.36,5.0
2016-09-23,25.9,31.0,21.6,26.3,31.8,50,0.0,0.0,0.0,0.0,2.97,6.4
2016-09-24,27.8,33.0,24.0,28.9,34.8,51,0.0,0.0,0.0,0.0,4.02,7.0
2016-09-25,26.7,30.3,24.3,29.4,33.2,68,0.7,0.7,0.0,1.0,3.4,6.9
2016-09-26,28.5,34.3,23.9,32.3,39.6,67,0.0,0.0,0.0,0.0,3.98,7.3
2016-09-27,26.1,30.2,23.8,28.1,32.8,78,0.0,0.0,0.0,0.0,7.12,11.4
2016-09-28,22.3,25.0,17.7,20.5,26.4,76,0.5,0.5,0.0,2.0,11.56,19.1
2016-09-29,16.7,17.4,15.7,14.4,16.2,86,24.0,24.0,0.0,21.0,8.4,13.7
2016-09-30,18.1,19.5,17.2,18.7,20.6,90,17.7,17.7,0.0,21.0,4.97,8.4
2016-10-01,19.5,23.2,17.0,21.7,25.7,90,8.7,8.7,0.0,11.0,2.24,6.5
2016-10-02,20.7,23.5,18.8,23.3,26.5,90,11.9,11.9,0.0,11.0,2.06,4.9
2016-10-03,22.3,27.7,18.8,25.2,30.3,85,0.0,0.0,0.0,0.0,2.34,5.0
2016-10-04,23.7,29.1,20.1,26.3,30.9,78,0.0,0.0,0.0,0.0,2.25,5.7
2016-10-05,23.5,28.8,19.7,25.6,30.2,77,0.0,0.0,0.0,0.0,4.11,7.5
2016-10-06,24.0,28.2,20.8,26.2,30.5,78,0.0,0.0,0.0,0.0,4.4,7.8
2016-10-07,23.8,26.9,21.7,25.7,29.5,76,0.0,0.0,0.0,0.0,5.63,9.1
2016-10-08,22.1,25.2,19.8,21.0,23.2,67,0.0,0.0,0.0,0.0,7.32,12.6
2016-10-09,20.5,24.6,17.4,18.9,23.8,56,0.0,0.0,0.0,0.0,4.91,8.4
2016-10-10,19.2,21.8,17.5,18.5,21.1,64,0.0,0.0,0.0,0.0,4.01,6.4
2016-10-11,18.3,19.8,16.9,18.4,19.8,78,0.8,0.8,0.0,4.0,3.72,5.8
2016-10-12,17.2,18.2,16.6,17.9,18.6,91,1.9,1.9,0.0,9.0,3.14,5.4
2016-10-13,16.7,17.7,16.1,16.6,17.5,86,1.1,1.1,0.0,5.0,3.8,6.2
2016-10-14,16.8,18.2,15.8,18.1,19.3,95,1.9,1.9,0.0,2.0,1.99,4.2
2016-10-15,19.4,22.7,16.9,21.0,24.5,84,0.3,0.3,0.0,2.0,2.25,4.6
2016-10-16,19.9,22.9,17.8,20.2,23.3,81,0.3,0.3,0.0,1.0,4.32,7.9
2016-10-17,20.1,23.4,17.4,21.3,25.2,80,0.0,0.0,0.0,0.0,3.42,5.5
2016-10-18,21.8,25.6,18.8,23.9,27.4,80,0.0,0.0,0.0,0.0,2.31,5.3
2016-10-19,21.2,23.2,19.5,23.8,26.1,90,3.3,3.3,0.0,11.0,2.62,5.3
2016-10-20,21.2,21.9,20.8,24.2,25.1,97,18.1,18.1,0.0,22.0,3.36,5.1
2016-10-21,21.9,25.7,20.3,24.1,28.6,90,0.6,0.6,0.0,4.0,5.02,8.8
2016-10-22,19.6,20.7,17.7,19.8,21.4,94,7.2,7.2,0.0,15.0,6.6,11.1
2016-10-23,16.6,18.3,13.8,15.4,17.4,89,0.6,0.6,0.0,2.0,6.04,9.9
2016-10-24,14.0,15.1,13.2,13.3,15.5,94,1.9,1.9,0.0,7.0,5.01,10.6
2016-10-25,13.6,14.4,12.8,12.9,14.8,89,2.7,2.7,0.0,6.0,4.18,8.0
2016-10-26,14.4,15.0,13.9,14.2,14.6,95,18.3,18.3,0.0,12.0,3.41,11.6
2016-10-27,15.2,16.2,14.2,15.6,17.1,94,12.0,12.0,0.0,17.0,4.15,8.8
2016-10-28,13.6,15.5,11.6,11.1,14.8,92,8.1,8.1,0.0,18.0,7.3,12.5
2016-10-29,10.7,11.7,10.2,8.2,9.8,94,16.6,16.6,0.0,20.0,7.02,11.3
2016-10-30,11.8,13.5,10.1,11.3,12.9,93,6.6,6.6,0.0,9.0,2.13,5.1
2016-10-31,12.6,14.4,11.4,11.0,12.4,90,6.9,6.9,0.0,10.0,5.65,9.6
2016-11-01,12.2,13.8,10.9,10.3,12.0,85,0.0,0.0,0.0,0.0,4.94,9.0
2016-11-02,12.4,14.8,10.4,11.5,13.7,84,0.0,0.0,0.0,0.0,2.21,4.8
2016-11-03,12.4,16.2,8.8,11.8,15.8,88,0.0,0.0,0.0,0.0,2.57,4.8
2016-11-04,14.0,19.8,9.4,13.2,18.6,85,0.0,0.0,0.0,0.0,3.21,6.7
2016-11-05,17.3,24.0,12.2,17.0,23.7,77,0.0,0.0,0.0,0.0,2.88,5.6
2016-11-06,18.3,22.9,15.2,18.3,22.8,81,0.0,0.0,0.0,0.0,3.8,7.8
2016-11-07,13.9,16.7,11.8,12.0,17.3,94,15.1,15.1,0.0,21.0,8.0,14.4
2016-11-08,11.1,11.9,9.6,7.3,8.4,78,4.8,4.8,0.0,9.0,6.87,11.6
2016-11-09,9.1,9.8,8.1,7.0,8.1,83,5.7,5.7,0.0,15.0,4.07,7.4
2016-11-10,9.7,13.2,7.4,7.5,10.9,85,0.0,0.0,0.0,0.0,4.22,7.6
2016-11-11,11.5,16.8,7.2,10.0,15.4,83,0.0,0.0,0.0,0.0,2.97,6.4
2016-11-12,14.0,18.4,9.5,13.6,18.6,86,0.0,0.0,0.0,0.0,2.47,4.3
2016-11-13,16.5,19.5,14.6,17.1,21.2,88,0.0,0.0,0.0,0.0,2.53,5.1
2016-11-14,17.5,20.6,15.1,18.6,21.7,88,0.0,0.0,0.0,0.0,3.52,5.3
2016-11-15,16.4,17.8,15.4,16.2,18.2,86,2.9,2.9,0.0,8.0,4.21,6.5
2016-11-16,14.4,15.7,13.5,14.1,15.5,93,12.0,12.0,0.0,17.0,4.03,6.6
2016-11-17,14.9,15.7,14.5,15.3,16.1,96,5.6,5.6,0.0,7.0,2.77,6.1
2016-11-18,14.8,16.0,13.9,15.6,17.8,99,3.6,3.6,0.0,10.0,2.47,8.9
2016-11-19,16.5,17.3,15.7,17.6,18.7,94,3.0,3.0,0.0,6.0,3.86,6.1
2016-11-20,16.1,17.4,15.0,15.8,17.7,88,0.4,0.4,0.0,3.0,4.56,7.4
2016-11-21,15.7,17.2,10.9,15.9,18.5,95,2.2,2.2,0.0,9.0,7.87,11.8
2016-11-22,4.9,10.3,0.7,-1.5,5.5,88,6.0,5.8,0.14,17.0,10.58,17.5
2016-11-23,-0.2,0.8,-1.0,-6.1,-4.9,84,3.2,2.2,0.77,12.0,8.11,13.4
2016-11-24,1.5,4.1,-1.3,-1.8,1.3,78,0.0,0.0,0.0,0.0,3.52,5.3
2016-11-25,4.5,5.3,3.5,1.6,2.6,76,0.6,0.6,0.0,5.0,3.01,4.4
2016-11-26,7.5,13.0,3.7,4.5,9.9,73,0.0,0.0,0.0,0.0,3.48,6.4
2016-11-27,8.6,14.9,3.7,6.6,12.6,75,0.0,0.0,0.0,0.0,2.55,4.1
2016-11-28,8.8,15.1,4.8,6.4,12.2,78,0.0,0.0,0.0,0.0,2.88,5.5
2016-11-29,8.1,11.0,5.2,5.9,9.0,83,3.3,3.3,0.0,4.0,2.34,4.8
2016-11-30,8.4,11.8,5.1,6.1,9.3,81,0.0,0.0,0.0,0.0,2.66,5.2
2016-12-01,8.7,12.6,4.0,7.1,11.1,86,0.0,0.0,0.0,0.0,2.42,4.5
2016-12-02,8.7,14.8,4.1,6.6,12.6,84,0.0,0.0,0.0,0.0,2.62,5.0
2016-12-03,11.7,15.3,8.3,10.2,13.5,75,0.0,0.0,0.0,0.0,2.95,5.2
2016-12-04,11.6,17.3,8.4,9.7,15.2,78,0.0,0.0,0.0,0.0,3.24,6.4
2016-12-05,12.0,19.7,7.3,9.0,16.9,70,0.0,0.0,0.0,0.0,8.09,13.6
2016-12-06,8.8,13.4,4.2,6.0,10.4,64,0.0,0.0,0.0,0.0,3.32,6.8
2016-12-07,10.3,15.3,5.5,8.2,12.9,71,0.0,0.0,0.0,0.0,2.5,4.1
2016-12-08,11.0,17.7,6.0,9.0,15.2,76,0.0,0.0,0.0,0.0,3.09,5.8
2016-12-09,10.8,17.6,6.9,8.6,15.1,78,0.0,0.0,0.0,0.0,4.1,7.6
2016-12-10,8.7,12.3,6.1,6.1,9.7,78,0.0,0.0,0.0,0.0,3.51,6.2
2016-12-11,9.2,11.4,7.2,7.3,9.3,87,0.0,0.0,0.0,0.0,3.32,7.3
2016-12-12,10.0,11.3,9.1,7.9,8.8,88,2.2,2.2,0.0,7.0,5.0,7.4
2016-12-13,9.1,10.7,7.3,5.6,7.0,85,2.4,2.4,0.0,5.0,5.64,10.0
2016-12-14,6.4,8.3,3.4,1.9,4.0,76,0.0,0.0,0.0,0.0,6.68,11.4
2016-12-15,5.4,10.0,1.8,2.3,7.2,75,0.0,0.0,0.0,0.0,3.52,5.4
2016-12-16,6.3,11.4,1.3,3.6,8.5,81,0.0,0.0,0.0,0.0,3.05,5.3
2016-12-17,7.9,13.1,4.4,4.9,10.1,70,0.0,0.0,0.0,0.0,3.05,6.2
2016-12-18,11.2,15.7,8.5,9.1,13.2,69,0.0,0.0,0.0,0.0,2.42,5.3
2016-12-19,11.0,13.0,9.7,9.1,11.4,81,5.0,5.0,0.0,7.0,3.48,5.6
2016-12-20,10.1,11.0,9.5,8.8,10.0,94,4.5,4.5,0.0,7.0,2.56,4.9
2016-12-21,8.9,10.3,6.8,6.1,9.4,91,15.8,15.8,0.0,10.0,5.47,9.3
2016-12-22,8.3,13.5,4.7,5.9,11.5,80,0.0,0.0,0.0,0.0,3.3,6.2
2016-12-23,8.7,12.5,4.5,6.3,9.9,82,0.0,0.0,0.0,0.0,3.32,6.2
2016-12-24,7.9,9.6,6.4,4.9,6.7,80,2.1,2.1,0.0,9.0,4.05,6.9
2016-12-25,5.9,6.5,5.0,2.9,4.0,95,13.0,13.0,0.0,23.0,5.64,8.3
2016-12-26,5.4,6.6,4.6,1.3,2.9,87,2.1,2.1,0.0,9.0,6.02,9.5
2016-12-27,5.0,9.3,2.4,1.5,5.2,79,0.0,0.0,0.0,0.0,4.0,8.0
2016-12-28,4.4,8.0,1.4,0.9,4.7,75,0.0,0.0,0.0,0.0,4.28,8.0
2016-12-29,4.5,8.4,2.2,1.1,4.9,78,0.0,0.0,0.0,0.0,3.9,7.9
2016-12-30,4.9,9.4,1.4,1.9,6.7,79,0.0,0.0,0.0,0.0,3.4,6.5
2016-12-31,6.4,11.8,1.8,3.7,9.5,81,0.0,0.0,0.0,0.0,2.56,4.5
2017-01-01,9.6,14.1,5.7,7.3,12.7,74,0.0,0.0,0.0,0.0,2.95,5.3
2017-01-02,10.6,14.1,7.2,8.1,11.4,71,0.0,0.0,0.0,0.0,3.32,6.2
2017-01-03,10.0,12.8,6.5,8.6,11.8,80,0.0,0.0,0.0,0.0,2.35,3.7
2017-01-04,11.1,12.1,10.2,10.1,11.2,89,3.1,3.1,0.0,10.0,2.2,4.4
2017-01-05,9.2,10.5,8.4,6.9,9.3,95,23.8,23.8,0.0,21.0,4.4,7.8
2017-01-06,8.2,9.0,7.2,5.9,6.9,96,10.4,10.4,0.0,21.0,3.51,8.2
2017-01-07,7.1,8.4,6.0,4.0,5.3,87,0.6,0.6,0.0,3.0,4.75,8.1
2017-01-08,6.9,10.6,4.8,4.2,7.8,85,0.0,0.0,0.0,0.0,4.22,9.2
2017-01-09,7.0,10.2,3.4,4.5,8.1,81,0.0,0.0,0.0,0.0,3.0,5.8
2017-01-10,6.8,8.8,5.4,3.8,6.5,85,2.4,2.4,0.0,10.0,3.94,6.7
2017-01-11,5.3,6.1,4.1,2.7,4.3,85,0.0,0.0,0.0,0.0,3.72,5.6
2017-01-12,6.4,9.4,3.9,3.8,7.1,85,1.8,1.8,0.0,5.0,2.7,6.2
2017-01-13,6.3,11.2,2.1,4.0,8.9,81,0.0,0.0,0.0,0.0,3.08,4.4
2017-01-14,7.4,10.6,4.4,4.2,7.4,67,0.0,0.0,0.0,0.0,3.2,6.6
2017-01-15,6.6,8.0,3.8,3.7,5.5,68,0.0,0.0,0.0,0.0,2.56,5.0
2017-01-16,5.3,9.2,1.2,2.5,6.6,77,0.0,0.0,0.0,0.0,2.76,5.5
2017-01-17,7.4,10.0,4.6,4.7,7.8,71,0.0,0.0,0.0,0.0,2.61,5.1
2017-01-18,6.7,7.3,6.2,4.4,5.0,83,0.0,0.0,0.0,0.0,2.32,4.4
2017-01-19,6.8,9.9,3.9,3.1,6.3,74,0.0,0.0,0.0,0.0,5.16,9.3
2017-01-20,5.0,8.4,2.2,0.2,3.8,47,0.0,0.0,0.0,0.0,4.95,9.2
2017-01-21,5.1,10.5,0.5,1.8,7.1,59,0.0,0.0,0.0,0.0,2.51,5.7
2017-01-22,6.5,11.6,-0.1,3.6,8.7,70,0.0,0.0,0.0,0.0,3.3,5.3
2017-01-23,7.3,13.2,2.4,3.6,9.0,62,0.0,0.0,0.0,0.0,4.21,8.2
2017-01-24,7.7,11.6,4.0,4.0,8.0,61,0.0,0.0,0.0,0.0,4.6,8.3
2017-01-25,9.4,13.3,6.4,7.0,10.9,62,0.0,0.0,0.0,0.0,2.8,4.5
2017-01-26,9.8,15.1,4.7,7.4,13.3,73,0.0,0.0,0.0,0.0,3.06,5.9
2017-01-27,10.4,13.8,7.1,7.4,11.1,70,0.0,0.0,0.0,0.0,5.06,8.4
2017-01-28,11.3,15.2,8.0,8.5,13.6,70,0.0,0.0,0.0,0.0,4.49,8.1
2017-01-29,7.6,10.7,4.9,3.3,8.1,79,0.0,0.0,0.0,0.0,6.9,11.1
2017-01-30,5.3,7.6,3.5,0.3,2.8,69,0.0,0.0,0.0,0.0,6.69,11.4
2017-01-31,3.7,5.4,1.8,-0.1,1.9,76,1.5,1.5,0.0,4.0,4.57,7.8
2017-02-01,2.7,4.6,1.1,-1.4,0.9,87,1.1,1.1,0.0,5.0,5.1,9.0
2017-02-02,3.3,3.9,2.8,0.5,1.3,93,1.7,1.7,0.0,9.0,3.24,5.7
2017-02-03,3.8,4.9,2.6,1.6,2.9,93,1.8,1.8,0.0,8.0,1.84,3.3
2017-02-04,5.3,7.7,3.8,3.3,5.7,91,0.0,0.0,0.0,0.0,2.16,5.5
2017-02-05,6.9,9.3,4.8,4.9,7.6,88,0.0,0.0,0.0,0.0,2.62,5.7
2017-02-06,8.1,12.2,5.3,5.6,9.6,84,0.0,0.0,0.0,0.0,4.52,8.7
2017-02-07,5.8,8.8,2.7,1.9,5.6,77,5.4,5.4,0.0,12.0,6.0,9.0
2017-02-08,3.0,5.1,0.8,-2.0,0.4,82,1.8,1.4,0.28,6.0,6.82,11.2
2017-02-09,4.1,7.9,0.9,1.1,4.7,76,0.0,0.0,0.0,0.0,2.98,6.4
2017-02-10,4.6,9.4,0.6,1.1,5.6,64,0.0,0.0,0.0,0.0,2.92,6.2
2017-02-11,6.3,11.4,1.3,3.1,8.5,55,0.0,0.0,0.0,0.0,2.52,4.9
2017-02-12,7.3,14.6,2.1,4.0,11.2,64,0.0,0.0,0.0,0.0,3.16,6.2
2017-02-13,10.0,17.4,4.0,7.0,15.7,60,0.0,0.0,0.0,0.0,3.23,5.4
2017-02-14,12.1,18.1,7.6,8.8,14.8,53,0.0,0.0,0.0,0.0,4.62,8.6
2017-02-15,12.7,19.0,6.7,10.3,16.5,63,0.0,0.0,0.0,0.0,3.18,6.3
2017-02-16,17.4,23.2,12.6,15.8,21.8,64,2.2,2.2,0.0,4.0,6.24,10.7
2017-02-17,12.0,15.5,8.9,8.6,15.1,71,0.8,0.8,0.0,3.0,7.06,11.8
2017-02-18,10.5,14.7,6.7,8.5,13.2,73,0.2,0.2,0.0,1.0,3.69,6.2
2017-02-19,15.0,21.1,9.6,13.5,18.8,77,0.0,0.0,0.0,0.0,7.2,12.4
2017-02-20,14.2,17.8,9.7,11.4,17.8,71,0.1,0.1,0.0,1.0,9.02,15.5
2017-02-21,5.7,9.6,1.4,0.8,5.0,73,16.4,16.4,0.0,15.0,7.45,14.2
2017-02-22,2.7,6.2,0.8,-1.5,3.6,83,3.2,3.2,0.0,7.0,6.65,11.1
2017-02-23,6.6,9.4,4.2,3.6,6.3,71,0.0,0.0,0.0,0.0,3.75,7.7
2017-02-24,7.9,11.8,4.2,5.6,10.0,70,0.0,0.0,0.0,0.0,2.51,5.2
2017-02-25,9.7,14.4,5.0,7.6,13.1,69,0.0,0.0,0.0,0.0,2.56,5.1
2017-02-26,11.5,16.9,5.6,9.4,15.0,64,0.0,0.0,0.0,0.0,2.88,5.3
2017-02-27,12.8,18.2,7.6,10.5,15.9,59,0.0,0.0,0.0,0.0,2.75,6.2
2017-02-28,14.6,19.4,9.9,12.6,17.9,56,0.0,0.0,0.0,0.0,3.23,7.0
2017-03-01,13.8,19.2,9.1,9.6,14.1,49,0.0,0.0,0.0,0.0,9.64,17.2
2017-03-02,9.9,14.8,5.0,6.7,12.3,49,0.0,0.0,0.0,0.0,3.67,6.4
2017-03-03,12.4,17.2,8.3,9.6,14.8,53,0.0,0.0,0.0,0.0,3.52,6.5
2017-03-04,10.8,13.0,9.7,9.2,11.6,84,7.9,7.9,0.0,10.0,3.18,5.9
2017-03-05,11.1,13.1,9.1,9.8,12.6,88,2.3,2.3,0.0,4.0,3.35,6.0
2017-03-06,11.7,14.8,8.3,9.6,13.4,73,0.1,0.1,0.0,1.0,4.81,7.5
2017-03-07,11.5,16.7,6.1,9.5,15.1,69,0.0,0.0,0.0,0.0,3.55,6.4
2017-03-08,12.0,17.4,6.7,10.0,16.5,62,0.0,0.0,0.0,0.0,2.69,5.5
2017-03-09,14.4,19.8,8.6,12.2,18.9,59,0.0,0.0,0.0,0.0,3.22,6.9
2017-03-10,13.0,14.8,11.1,11.7,13.2,84,3.3,3.3,0.0,10.0,4.18,6.9
2017-03-11,14.0,16.9,11.6,13.8,16.6,84,0.0,0.0,0.0,0.0,2.04,4.3
2017-03-12,13.3,14.5,10.4,11.8,14.7,89,11.1,11.1,0.0,17.0,6.98,11.4
2017-03-13,8.2,10.7,5.6,4.0,8.0,90,18.6,18.6,0.0,19.0,8.03,13.3
2017-03-14,9.4,13.1,5.7,6.6,11.4,64,0.0,0.0,0.0,0.0,5.52,8.9
2017-03-15,10.1,11.2,8.7,7.8,9.7,72,1.7,1.7,0.0,5.0,3.67,6.6
2017-03-16,10.0,13.9,7.1,8.2,12.9,75,0.0,0.0,0.0,0.0,2.37,4.8
2017-03-17,9.7,11.6,7.8,8.2,9.7,88,2.1,2.1,0.0,4.0,3.31,6.8
2017-03-18,11.6,14.9,8.7,10.6,13.9,84,0.4,0.4,0.0,1.0,2.0,4.8
2017-03-19,11.2,11.9,10.8,10.1,11.1,92,11.4,11.4,0.0,14.0,3.34,6.5
2017-03-20,11.5,13.9,9.9,9.1,11.0,80,2.8,2.8,0.0,4.0,4.78,8.7
2017-03-21,10.6,12.4,8.3,8.3,10.0,82,3.7,3.7,0.0,5.0,3.83,7.6
2017-03-22,10.5,11.2,10.0,9.4,10.7,91,5.9,5.9,0.0,5.0,3.04,5.1
2017-03-23,11.4,13.4,10.0,9.9,11.5,88,2.3,2.3,0.0,6.0,4.11,6.4
2017-03-24,9.5,10.3,8.6,7.0,8.4,93,17.8,17.8,0.0,14.0,6.3,9.7
2017-03-25,11.7,17.3,6.7,10.0,16.0,77,0.0,0.0,0.0,0.0,3.8,7.8
2017-03-26,14.3,20.3,8.5,12.9,18.7,71,0.0,0.0,0.0,0.0,3.13,7.9
2017-03-27,17.0,24.1,10.0,15.6,22.5,65,0.0,0.0,0.0,0.0,4.88,8.9
2017-03-28,18.8,23.3,14.8,18.1,22.9,65,0.0,0.0,0.0,0.0,3.83,8.0
2017-03-29,17.5,21.4,13.6,16.8,21.5,75,0.0,0.0,0.0,0.0,4.33,8.1
2017-03-30,14.4,17.5,11.2,12.8,16.6,89,22.3,22.3,0.0,21.0,7.52,12.9
2017-03-31,13.0,16.7,10.2,10.6,14.8,73,0.0,0.0,0.0,0.0,6.22,9.6
2017-04-01,14.4,20.3,8.8,13.6,19.6,76,0.0,0.0,0.0,0.0,3.81,9.0
2017-04-02,18.3,24.3,11.8,17.0,23.5,61,0.0,0.0,0.0,0.0,4.57,7.7
2017-04-03,18.7,22.0,15.7,17.0,20.1,62,0.7,0.7,0.0,1.0,4.7,8.4
2017-04-04,18.4,19.9,16.6,18.3,20.7,77,15.8,15.8,0.0,12.0,4.56,8.4
2017-04-05,17.2,18.6,16.0,18.3,19.7,93,16.1,16.1,0.0,17.0,2.82,9.2
2017-04-06,17.3,19.2,15.7,18.4,21.2,92,17.3,17.3,0.0,14.0,3.61,12.5
2017-04-07,19.1,22.0,16.5,20.9,24.2,90,0.0,0.0,0.0,0.0,2.7,4.4
2017-04-08,21.4,26.2,19.3,23.2,29.2,91,21.1,21.1,0.0,15.0,5.78,10.9
2017-04-09,14.9,19.0,10.2,12.8,19.7,92,22.6,22.6,0.0,21.0,7.62,12.8
2017-04-10,9.4,10.3,8.9,6.2,6.9,88,10.5,10.5,0.0,12.0,6.26,10.9
2017-04-11,12.0,16.4,7.9,10.8,15.3,82,0.0,0.0,0.0,0.0,3.32,5.8
2017-04-12,15.6,21.5,10.9,15.3,20.6,77,0.0,0.0,0.0,0.0,2.92,5.6
2017-04-13,18.1,23.7,13.3,17.9,23.5,73,0.0,0.0,0.0,0.0,4.2,8.0
2017-04-14,21.3,27.8,16.5,20.9,27.4,65,0.0,0.0,0.0,0.0,5.22,9.6
2017-04-15,23.6,29.1,17.7,25.1,31.4,69,0.0,0.0,0.0,0.0,3.27,7.0
2017-04-16,22.1,25.6,16.9,23.9,27.9,83,16.0,16.0,0.0,12.0,8.06,13.6
2017-04-17,19.8,24.6,16.1,19.1,24.3,72,1.3,1.3,0.0,3.0,5.67,8.4
2017-04-18,22.4,27.4,19.3,22.7,29.9,64,0.0,0.0,0.0,0.0,6.26,9.5
2017-04-19,21.7,26.1,18.4,22.9,26.7,78,2.6,2.6,0.0,4.0,4.4,9.0
2017-04-20,18.0,20.6,15.3,16.7,20.9,72,1.1,1.1,0.0,6.0,6.43,10.5
2017-04-21,16.5,19.3,14.3,15.6,17.7,75,0.1,0.1,0.0,1.0,3.67,7.5
2017-04-22,17.9,23.5,11.9,17.3,24.2,59,0.0,0.0,0.0,0.0,2.68,4.2
2017-04-23,20.0,25.4,14.0,19.5,25.0,62,0.0,0.0,0.0,0.0,4.22,7.9
2017-04-24,22.2,27.8,16.3,22.4,28.1,62,0.0,0.0,0.0,0.0,3.98,8.2
2017-04-25,18.8,21.5,16.6,19.3,22.7,89,26.6,26.6,0.0,21.0,7.03,11.1
2017-04-26,17.8,20.0,15.9,16.1,18.6,77,0.0,0.0,0.0,0.0,6.53,11.2
2017-04-27,18.9,22.9,15.7,17.4,22.4,56,0.0,0.0,0.0,0.0,4.62,7.9
2017-04-28,19.7,25.7,12.3,19.1,25.0,63,0.0,0.0,0.0,0.0,4.19,8.6
2017-04-29,21.5,28.0,15.5,21.0,27.8,57,0.0,0.0,0.0,0.0,4.11,8.5
2017-04-30,23.7,30.0,16.2,23.9,30.8,57,0.0,0.0,0.0,0.0,3.61,7.4
2017-05-01,20.2,22.5,18.3,21.3,24.2,84,8.1,8.1,0.0,13.0,4.31,8.3
2017-05-02,21.1,25.2,17.0,22.4,26.7,78,0.0,0.0,0.0,0.0,4.4,7.2
2017-05-03,20.0,22.2,17.4,20.0,24.4,89,36.7,36.7,0.0,13.0,10.11,15.8
2017-05-04,19.9,24.1,16.8,19.6,24.3,78,3.1,3.1,0.0,3.0,7.16,13.3
2017-05-05,21.8,26.9,16.5,23.2,28.6,74,0.0,0.0,0.0,0.0,4.37,7.8
2017-05-06,20.7,23.3,19.0,20.3,24.2,64,2.2,2.2,0.0,6.0,4.75,8.0
2017-05-07,18.9,19.9,17.7,20.2,21.7,84,16.7,16.7,0.0,11.0,2.56,6.2
2017-05-08,19.4,24.2,16.4,19.7,23.1,81,7.4,7.4,0.0,7.0,5.8,9.4
2017-05-09,22.3,28.1,16.1,23.8,30.5,74,0.0,0.0,0.0,0.0,4.11,7.4
2017-05-10,25.2,30.3,18.9,27.0,32.3,66,0.0,0.0,0.0,0.0,3.98,7.7
2017-05-11,22.2,23.7,19.5,24.5,26.9,85,11.9,11.9,0.0,13.0,5.85,9.7
2017-05-12,22.7,28.6,18.2,25.1,32.5,77,2.9,2.9,0.0,2.0,4.58,8.9
2017-05-13,26.1,32.3,21.0,28.6,34.8,69,0.0,0.0,0.0,0.0,4.0,8.2
2017-05-14,26.2,30.6,22.7,28.9,33.5,70,0.3,0.3,0.0,1.0,3.86,5.4
2017-05-15,22.9,26.2,19.7,24.6,27.1,78,2.2,2.2,0.0,7.0,4.46,7.8
2017-05-16,21.8,26.4,17.8,21.9,26.1,66,0.0,0.0,0.0,0.0,4.16,8.6
2017-05-17,23.7,30.0,18.1,25.3,31.2,68,0.0,0.0,0.0,0.0,3.35,7.0
2017-05-18,26.5,31.3,20.0,28.7,34.1,64,0.0,0.0,0.0,0.0,4.38,7.0
2017-05-19,25.4,27.9,23.5,28.0,30.3,71,0.1,0.1,0.0,1.0,4.44,7.7
2017-05-20,26.0,30.0,22.6,29.7,33.1,75,0.0,0.0,0.0,0.0,2.33,5.7
2017-05-21,27.1,31.1,23.7,31.2,35.6,75,0.0,0.0,0.0,0.0,2.91,6.3
2017-05-22,25.3,26.9,23.8,29.7,31.6,88,14.1,14.1,0.0,14.0,4.18,8.9
2017-05-23,21.3,24.0,19.5,21.6,28.6,86,19.2,19.2,0.0,11.0,8.94,16.5
2017-05-24,22.0,25.4,19.0,21.7,25.9,65,0.0,0.0,0.0,0.0,5.32,9.9
2017-05-25,23.0,28.9,16.7,23.6,29.7,57,0.0,0.0,0.0,0.0,2.95,4.6
2017-05-26,24.8,31.3,17.8,26.6,33.6,61,0.0,0.0,0.0,0.0,2.77,4.8
2017-05-27,26.7,32.1,21.7,29.0,34.8,61,0.0,0.0,0.0,0.0,3.08,4.9
2017-05-28,27.9,33.1,23.0,30.5,35.7,60,0.0,0.0,0.0,0.0,2.75,5.7
2017-05-29,28.6,33.3,23.3,30.8,35.7,56,0.0,0.0,0.0,0.0,3.41,6.9
2017-05-30,28.2,31.6,24.2,32.0,34.7,68,0.0,0.0,0.0,0.0,3.42,6.5
2017-05-31,28.2,31.3,25.4,32.7,35.8,74,0.0,0.0,0.0,0.0,3.86,6.6
2017-06-01,26.3,28.8,24.5,30.1,32.7,80,0.0,0.0,0.0,0.0,3.7,7.2
2017-06-02,27.8,32.3,23.6,33.0,38.4,78,0.0,0.0,0.0,0.0,2.55,8.3
2017-06-03,28.6,31.9,25.7,32.8,36.3,72,0.0,0.0,0.0,0.0,4.25,9.5
2017-06-04,26.0,29.2,24.0,28.4,31.5,77,7.4,7.4,0.0,6.0,6.28,12.4
2017-06-05,21.0,23.6,17.8,22.3,27.8,92,34.7,34.7,0.0,20.0,6.36,13.4
2017-06-06,21.2,25.6,17.6,22.2,27.3,78,0.0,0.0,0.0,0.0,5.1,9.6
2017-06-07,24.8,30.2,19.8,28.5,34.5,77,0.0,0.0,0.0,0.0,2.51,5.9
2017-06-08,27.2,32.1,23.0,31.1,36.5,75,0.2,0.2,0.0,1.0,3.7,7.6
2017-06-09,26.0,28.4,24.6,30.7,33.1,88,24.5,24.5,0.0,18.0,4.78,8.9
2017-06-10,25.3,27.1,23.3,29.3,31.9,89,5.1,5.1,0.0,14.0,5.77,12.8
2017-06-11,25.0,27.4,23.3,29.1,32.0,85,2.1,2.1,0.0,5.0,3.42,6.4
2017-06-12,24.3,24.9,23.6,29.0,30.0,94,29.1,29.1,0.0,24.0,2.87,4.7
2017-06-13,23.7,25.1,22.7,27.2,28.2,88,26.4,26.4,0.0,15.0,3.42,8.6
2017-06-14,24.2,27.2,22.3,27.5,31.4,82,0.0,0.0,0.0,0.0,3.19,5.9
2017-06-15,22.6,23.9,20.8,26.3,28.6,92,11.6,11.6,0.0,14.0,2.97,5.0
2017-06-16,23.9,28.2,20.0,27.0,31.2,79,0.0,0.0,0.0,0.0,2.42,5.3
2017-06-17,26.0,29.6,22.9,29.8,33.9,76,0.0,0.0,0.0,0.0,2.83,5.5
2017-06-18,26.9,30.1,23.7,30.5,34.0,74,0.0,0.0,0.0,0.0,3.41,7.2
2017-06-19,26.7,29.6,24.5,31.5,33.7,82,0.8,0.8,0.0,3.0,2.33,5.2
2017-06-20,27.9,31.2,24.9,33.0,36.0,79,0.0,0.0,0.0,0.0,1.94,4.5
2017-06-21,26.9,28.7,24.5,31.5,34.3,79,0.3,0.3,0.0,2.0,4.68,8.1
2017-06-22,27.3,30.6,23.5,32.1,35.9,79,0.0,0.0,0.0,0.0,2.9,5.0
2017-06-23,26.4,27.5,25.4,31.8,33.9,90,26.7,26.7,0.0,17.0,2.9,6.9
2017-06-24,26.2,28.2,24.6,31.4,33.5,87,9.3,9.3,0.0,5.0,2.52,5.5
2017-06-25,26.6,29.4,24.7,32.2,35.0,87,0.2,0.2,0.0,2.0,1.7,5.3
2017-06-26,26.0,28.3,23.5,31.0,33.6,88,1.3,1.3,0.0,6.0,3.7,6.4
2017-06-27,26.4,30.1,23.3,30.8,35.5,80,0.1,0.1,0.0,1.0,3.75,6.0
2017-06-28,27.1,30.3,24.5,32.2,37.5,80,0.6,0.6,0.0,1.0,3.02,6.8
2017-06-29,27.1,29.5,24.4,32.2,33.8,83,3.1,3.1,0.0,5.0,3.11,5.7
2017-06-30,24.9,26.2,23.6,29.0,31.0,93,100.8,100.8,0.0,22.0,5.24,16.0
2017-07-01,24.5,26.3,23.2,29.1,30.8,94,20.4,20.4,0.0,18.0,3.31,12.5
2017-07-02,27.2,30.3,24.3,32.8,37.1,85,2.5,2.5,0.0,9.0,2.97,7.5
2017-07-03,28.4,32.3,25.5,34.4,38.6,83,0.2,0.2,0.0,1.0,3.81,7.4
2017-07-04,29.4,32.7,26.2,35.7,39.1,81,1.7,1.7,0.0,5.0,3.71,8.7
2017-07-05,30.3,33.1,27.8,36.5,39.0,79,3.2,3.2,0.0,9.0,4.51,9.8
2017-07-06,31.1,34.3,28.6,36.3,38.3,73,0.0,0.0,0.0,0.0,6.45,13.6
2017-07-07,30.2,31.7,28.6,36.3,38.5,78,3.3,3.3,0.0,10.0,4.13,9.7
2017-07-08,30.0,31.4,28.8,36.1,37.0,81,5.1,5.1,0.0,13.0,4.4,11.3
2017-07-09,27.2,28.8,25.0,31.9,34.8,89,19.0,19.0,0.0,22.0,7.01,13.9
2017-07-10,28.0,31.0,25.5,33.3,36.7,84,0.1,0.1,0.0,1.0,4.39,8.1
2017-07-11,29.1,32.5,26.0,34.6,38.2,82,0.2,0.2,0.0,1.0,5.44,10.0
2017-07-12,30.8,33.7,28.3,35.6,38.2,75,0.0,0.0,0.0,0.0,7.46,12.1
2017-07-13,31.3,33.9,29.4,36.2,38.9,71,0.4,0.4,0.0,1.0,6.71,11.5
2017-07-14,31.1,34.8,29.1,36.7,39.2,73,2.2,2.2,0.0,4.0,5.61,9.5
2017-07-15,31.3,34.5,28.2,36.6,39.2,72,0.7,0.7,0.0,1.0,6.24,11.2
2017-07-16,32.0,35.8,28.5,38.2,42.5,71,0.0,0.0,0.0,0.0,3.7,8.3
2017-07-17,32.5,36.6,28.3,39.2,43.6,69,0.0,0.0,0.0,0.0,2.91,7.5
2017-07-18,32.1,35.0,28.9,37.8,40.7,69,0.0,0.0,0.0,0.0,4.53,8.2
2017-07-19,32.1,35.3,29.2,37.2,39.9,68,0.4,0.4,0.0,1.0,5.9,10.9
2017-07-20,32.0,35.4,29.0,36.5,39.3,66,0.0,0.0,0.0,0.0,6.51,11.1
2017-07-21,32.6,36.6,29.3,37.0,40.6,63,0.0,0.0,0.0,0.0,6.45,11.1
2017-07-22,33.3,37.6,29.3,39.3,43.5,65,0.0,0.0,0.0,0.0,4.18,7.8
2017-07-23,33.8,38.2,29.3,40.4,44.6,65,0.0,0.0,0.0,0.0,2.92,5.9
2017-07-24,33.6,38.3,29.3,40.2,44.4,66,0.0,0.0,0.0,0.0,3.86,7.4
2017-07-25,33.9,38.1,30.2,41.5,46.2,67,0.0,0.0,0.0,0.0,2.21,5.1
2017-07-26,34.5,39.1,30.2,42.1,46.2,67,0.0,0.0,0.0,0.0,2.69,5.7
2017-07-27,34.7,39.1,30.8,42.4,46.9,67,0.0,0.0,0.0,0.0,2.87,5.2
2017-07-28,32.8,37.7,29.2,39.7,45.3,72,0.4,0.4,0.0,2.0,4.79,8.5
2017-07-29,30.9,35.3,28.1,36.6,42.4,77,0.0,0.0,0.0,0.0,5.33,8.5
2017-07-30,29.3,33.1,26.9,33.8,38.4,79,0.1,0.1,0.0,1.0,6.05,10.5
2017-07-31,28.6,32.2,27.1,33.3,36.6,85,10.4,10.4,0.0,9.0,6.14,10.7
2017-08-01,28.2,31.2,26.9,33.7,37.2,89,18.4,18.4,0.0,9.0,5.95,9.9
2017-08-02,27.8,30.9,25.4,33.7,36.6,91,7.3,7.3,0.0,12.0,4.47,8.4
2017-08-03,30.7,34.9,27.2,38.2,42.8,81,0.2,0.2,0.0,2.0,2.38,7.2
2017-08-04,31.5,35.5,28.8,39.4,44.5,80,1.3,1.3,0.0,4.0,1.91,4.6
2017-08-05,31.6,35.3,28.7,39.6,43.2,82,8.4,8.4,0.0,6.0,3.5,6.8
2017-08-06,32.4,36.5,29.3,40.2,43.9,78,8.2,8.2,0.0,8.0,3.74,7.3
2017-08-07,32.9,36.9,30.0,40.6,44.2,77,1.5,1.5,0.0,4.0,4.4,8.8
2017-08-08,29.0,31.0,25.8,35.0,38.6,84,8.5,8.5,0.0,15.0,4.79,11.0
2017-08-09,27.5,30.8,25.4,32.7,35.8,85,13.0,13.0,0.0,8.0,3.96,10.0
2017-08-10,30.0,34.3,26.3,36.7,40.9,82,0.0,0.0,0.0,0.0,3.07,6.7
2017-08-11,29.0,32.5,26.1,35.1,38.4,84,6.1,6.1,0.0,10.0,3.85,6.5
2017-08-12,26.1,27.8,25.2,31.5,34.2,93,54.7,54.7,0.0,24.0,3.42,8.2
2017-08-13,25.8,27.0,25.0,31.9,33.3,96,63.9,63.9,0.0,21.0,2.94,8.7
2017-08-14,26.8,29.4,25.1,32.4,34.5,88,4.9,4.9,0.0,12.0,2.31,7.6
2017-08-15,28.1,31.7,25.4,34.5,39.4,84,1.6,1.6,0.0,3.0,1.77,3.7
2017-08-16,27.8,31.0,25.6,33.8,37.8,85,5.0,5.0,0.0,8.0,3.91,6.5
2017-08-17,28.0,32.1,25.2,33.1,37.3,83,19.7,19.7,0.0,14.0,3.93,9.8
2017-08-18,30.4,34.7,26.7,35.6,39.4,75,0.0,0.0,0.0,0.0,5.0,10.5
2017-08-19,31.5,34.8,29.2,36.7,39.2,71,0.0,0.0,0.0,0.0,6.0,11.8
2017-08-20,30.1,32.5,26.2,36.9,39.8,81,0.5,0.5,0.0,2.0,3.27,7.7
2017-08-21,30.1,33.9,27.3,37.0,40.9,83,3.1,3.1,0.0,4.0,3.03,6.6
2017-08-22,31.2,35.1,28.0,37.9,42.3,78,0.0,0.0,0.0,0.0,4.1,7.6
2017-08-23,32.3,36.0,29.2,39.4,43.1,75,0.0,0.0,0.0,0.0,3.38,6.7
2017-08-24,31.0,34.1,28.0,37.7,40.9,77,0.8,0.8,0.0,3.0,2.95,5.1
2017-08-25,29.2,32.6,27.3,36.2,40.2,86,16.1,16.1,0.0,13.0,3.31,7.3
2017-08-26,28.2,31.8,25.9,33.9,37.8,84,11.4,11.4,0.0,9.0,4.35,7.7
2017-08-27,30.3,34.1,27.0,36.0,40.7,78,0.0,0.0,0.0,0.0,3.98,7.7
2017-08-28,31.2,34.3,28.0,37.3,40.5,74,0.0,0.0,0.0,0.0,4.02,7.9
2017-08-29,27.6,31.2,24.2,32.5,38.4,86,3.0,3.0,0.0,5.0,4.81,7.3
2017-08-30,23.0,25.2,20.8,25.3,27.5,91,3.2,3.2,0.0,10.0,5.15,8.8
2017-08-31,22.4,25.3,20.4,24.4,28.0,85,0.0,0.0,0.0,0.0,4.2,7.5
2017-09-01,23.2,25.0,21.3,26.8,29.0,88,0.0,0.0,0.0,0.0,3.55,5.7
2017-09-02,23.6,25.2,21.3,27.7,29.0,94,1.4,1.4,0.0,4.0,3.5,5.9
2017-09-03,21.4,23.5,20.2,23.9,26.6,95,3.7,3.7,0.0,6.0,4.48,9.2
2017-09-04,22.9,26.1,20.3,26.0,29.6,88,0.0,0.0,0.0,0.0,3.11,5.9
2017-09-05,24.1,26.9,21.4,27.9,31.2,89,0.9,0.9,0.0,6.0,3.3,5.2
2017-09-06,23.9,26.5,22.5,27.1,29.1,89,1.9,1.9,0.0,8.0,4.4,8.0
2017-09-07,25.3,30.2,21.6,29.2,34.5,79,0.0,0.0,0.0,0.0,2.11,4.6
2017-09-08,27.2,31.6,22.8,31.7,36.0,79,0.0,0.0,0.0,0.0,3.18,6.6
2017-09-09,28.6,32.4,25.5,33.9,38.6,81,0.5,0.5,0.0,3.0,3.79,7.5
2017-09-10,24.1,27.1,21.6,27.9,33.5,92,11.3,11.3,0.0,9.0,5.37,11.1
2017-09-11,24.1,27.8,21.9,26.6,30.2,81,0.1,0.1,0.0,1.0,4.22,7.6
2017-09-12,25.5,29.7,22.3,29.2,32.7,80,0.1,0.1,0.0,1.0,2.93,5.7
2017-09-13,26.0,30.2,22.3,29.1,33.1,74,0.0,0.0,0.0,0.0,3.61,7.9
2017-09-14,26.1,30.6,22.4,28.5,32.2,66,0.0,0.0,0.0,0.0,3.21,6.4
2017-09-15,25.1,30.0,20.8,27.9,33.4,71,0.0,0.0,0.0,0.0,2.61,6.1
2017-09-16,25.5,30.0,20.7,29.0,33.3,74,0.0,0.0,0.0,0.0,2.47,4.3
2017-09-17,26.2,30.5,22.7,29.4,33.7,68,0.0,0.0,0.0,0.0,1.89,4.4
2017-09-18,25.7,28.8,23.6,29.7,32.9,80,2.5,2.5,0.0,5.0,2.28,5.6
2017-09-19,23.4,24.6,22.2,26.9,29.0,93,17.8,17.8,0.0,23.0,3.86,6.6
2017-09-20,23.2,24.4,22.2,27.0,29.0,91,7.7,7.7,0.0,9.0,2.91,6.0
2017-09-21,23.4,25.0,21.8,27.7,29.0,92,0.8,0.8,0.0,3.0,2.16,3.9
2017-09-22,24.0,25.8,22.6,28.5,30.1,90,5.8,5.8,0.0,9.0,1.48,4.1
2017-09-23,23.0,24.0,22.0,26.4,28.6,93,20.7,20.7,0.0,15.0,4.35,7.3
2017-09-24,25.3,29.4,22.4,29.9,35.4,91,4.9,4.9,0.0,8.0,3.93,9.4
2017-09-25,27.4,31.7,24.4,33.1,38.2,89,0.0,0.0,0.0,0.0,4.34,10.7
2017-09-26,26.6,30.8,23.9,31.8,36.5,91,11.0,11.0,0.0,5.0,4.7,10.1
2017-09-27,23.4,25.6,20.9,25.9,28.5,92,8.9,8.9,0.0,12.0,6.42,10.9
2017-09-28,22.5,25.8,19.9,24.2,28.4,84,11.8,11.8,0.0,8.0,5.63,10.0
2017-09-29,20.6,21.9,19.0,22.4,24.9,86,3.8,3.8,0.0,10.0,3.16,6.3
2017-09-30,22.5,26.0,19.2,25.6,31.0,91,5.7,5.7,0.0,5.0,3.53,7.3
2017-10-01,26.2,30.7,22.6,30.7,35.6,88,7.5,7.5,0.0,10.0,5.54,11.9
2017-10-02,22.0,25.0,20.5,24.0,27.0,92,6.6,6.6,0.0,16.0,4.79,10.9
2017-10-03,19.7,22.0,16.0,20.8,25.3,98,6.4,6.4,0.0,17.0,7.11,11.6
2017-10-04,15.3,16.1,14.5,14.5,16.3,96,6.0,6.0,0.0,18.0,5.54,9.6
2017-10-05,15.3,16.6,14.2,15.9,17.7,98,12.3,12.3,0.0,16.0,3.3,7.1
2017-10-06,17.8,19.9,15.8,19.5,22.2,91,0.0,0.0,0.0,0.0,1.84,3.9
2017-10-07,21.3,24.6,18.7,24.0,27.8,89,0.0,0.0,0.0,0.0,2.98,6.4
2017-10-08,23.8,28.2,20.4,27.8,33.4,90,0.0,0.0,0.0,0.0,2.62,6.1
2017-10-09,24.9,29.1,22.0,29.6,34.9,90,0.0,0.0,0.0,0.0,2.78,5.9
2017-10-10,20.5,23.3,15.1,20.4,27.6,87,0.0,0.0,0.0,0.0,8.21,13.7
2017-10-11,14.4,15.2,13.9,12.4,13.7,92,3.5,3.5,0.0,17.0,6.92,11.5
2017-10-12,13.9,14.5,13.3,12.5,13.5,97,10.6,10.6,0.0,18.0,5.77,9.9
2017-10-13,15.2,17.7,13.2,14.9,17.6,91,2.0,2.0,0.0,6.0,3.49,6.0
2017-10-14,16.3,18.7,15.0,15.6,17.3,87,1.1,1.1,0.0,3.0,5.13,8.9
2017-10-15,15.5,17.0,14.8,13.9,15.4,89,0.1,0.1,0.0,1.0,6.07,10.4
2017-10-16,15.4,16.1,14.7,13.9,14.7,92,17.5,17.5,0.0,19.0,6.15,10.1
2017-10-17,15.4,16.6,14.7,15.0,17.0,93,2.3,2.3,0.0,8.0,5.02,8.2
2017-10-18,15.2,16.2,14.6,14.9,16.4,91,0.2,0.2,0.0,1.0,3.41,6.2
2017-10-19,16.0,19.0,13.7,15.7,19.0,85,1.9,1.9,0.0,5.0,3.51,6.4
2017-10-20,16.4,19.7,13.9,16.5,19.9,84,0.0,0.0,0.0,0.0,2.82,5.6
2017-10-21,17.3,22.9,13.7,17.0,22.6,77,0.0,0.0,0.0,0.0,3.28,6.5
2017-10-22,17.4,21.9,13.5,16.9,20.7,75,0.0,0.0,0.0,0.0,3.45,7.0
2017-10-23,18.3,22.5,15.4,18.3,22.2,78,0.0,0.0,0.0,0.0,3.51,6.7
2017-10-24,17.2,21.7,14.2,17.1,20.9,79,0.0,0.0,0.0,0.0,3.32,7.4
2017-10-25,17.1,19.8,14.8,16.4,19.0,73,0.0,0.0,0.0,0.0,3.76,6.6
2017-10-26,18.4,23.1,15.8,18.4,22.3,70,0.0,0.0,0.0,0.0,2.22,5.4
2017-10-27,18.6,23.9,12.8,19.5,24.7,76,0.0,0.0,0.0,0.0,1.66,4.6
2017-10-28,17.9,24.2,13.5,17.9,24.0,77,0.0,0.0,0.0,0.0,4.03,6.3
2017-10-29,16.3,19.8,12.4,13.3,15.8,63,0.0,0.0,0.0,0.0,7.6,13.4
2017-10-30,13.8,18.4,9.8,11.0,16.0,49,0.0,0.0,0.0,0.0,5.03,8.0
2017-10-31,14.0,20.4,9.2,12.3,18.8,70,0.0,0.0,0.0,0.0,3.16,7.0
2017-11-01,15.5,21.6,11.3,14.7,21.2,72,0.0,0.0,0.0,0.0,2.91,4.1
2017-11-02,17.3,23.9,13.1,17.3,23.3,76,0.0,0.0,0.0,0.0,2.92,4.4
2017-11-03,17.8,24.6,12.7,16.9,23.1,75,0.0,0.0,0.0,0.0,5.59,9.4
2017-11-04,15.6,19.1,13.1,14.0,17.4,70,0.0,0.0,0.0,0.0,5.08,8.2
2017-11-05,14.3,19.0,11.2,12.1,16.4,63,0.0,0.0,0.0,0.0,3.94,8.0
2017-11-06,14.7,20.9,9.7,13.7,19.8,72,0.0,0.0,0.0,0.0,2.2,4.2
2017-11-07,16.1,20.1,13.3,16.0,19.4,80,0.0,0.0,0.0,0.0,2.25,4.2
2017-11-08,17.3,23.3,12.5,17.5,23.2,80,0.0,0.0,0.0,0.0,3.4,5.6
2017-11-09,18.6,24.4,14.8,17.9,23.7,72,0.0,0.0,0.0,0.0,4.74,9.1
2017-11-10,17.3,18.9,16.0,15.7,18.0,70,0.4,0.4,0.0,2.0,5.95,10.4
2017-11-11,13.5,16.0,10.2,10.3,12.2,58,2.2,2.2,0.0,4.0,5.77,9.5
2017-11-12,11.3,12.5,9.9,10.3,12.4,89,2.8,2.8,0.0,8.0,2.6,6.9
2017-11-13,12.4,13.1,11.4,12.0,13.0,93,9.7,9.7,0.0,11.0,2.33,4.3
2017-11-14,13.7,17.0,11.0,13.2,15.8,86,0.2,0.2,0.0,1.0,2.78,5.2
2017-11-15,14.6,18.9,10.4,14.3,18.4,82,0.0,0.0,0.0,0.0,2.11,5.2
2017-11-16,15.2,16.0,14.5,15.1,16.0,90,1.6,1.6,0.0,6.0,2.93,5.3
2017-11-17,14.3,16.3,12.1,12.9,15.0,94,7.4,7.4,0.0,14.0,8.43,13.5
2017-11-18,9.6,11.7,7.1,4.2,7.0,63,0.3,0.3,0.0,3.0,9.08,14.9
2017-11-19,7.1,8.7,5.9,3.6,5.9,72,1.9,1.9,0.0,5.0,4.53,7.6
2017-11-20,8.1,11.6,4.7,5.2,8.6,72,0.0,0.0,0.0,0.0,4.36,7.3
2017-11-21,10.0,11.9,7.9,8.5,10.2,79,0.0,0.0,0.0,0.0,2.42,3.6
2017-11-22,10.8,14.9,7.2,7.3,9.7,60,0.0,0.0,0.0,0.0,5.51,10.0
2017-11-23,10.8,15.8,6.4,7.8,12.6,53,0.0,0.0,0.0,0.0,3.13,5.5
2017-11-24,10.7,16.1,6.1,8.3,13.7,65,0.0,0.0,0.0,0.0,3.08,4.2
2017-11-25,11.6,17.3,7.4,9.2,14.5,67,0.0,0.0,0.0,0.0,3.05,4.8
2017-11-26,11.2,17.8,6.4,9.2,16.2,72,0.0,0.0,0.0,0.0,3.09,4.0
2017-11-27,12.4,17.7,8.1,10.0,15.3,70,0.0,0.0,0.0,0.0,4.3,8.4
2017-11-28,14.4,17.9,11.5,13.7,17.1,77,0.7,0.7,0.0,4.0,2.65,4.7
2017-11-29,11.4,14.3,5.7,8.5,12.2,78,1.8,1.8,0.0,5.0,6.73,11.0
2017-11-30,6.7,7.6,5.6,2.8,4.1,93,3.1,3.1,0.0,12.0,6.61,11.1
2017-12-01,8.2,10.3,6.3,6.0,8.8,83,0.1,0.1,0.0,1.0,4.18,6.5
2017-12-02,10.0,12.7,7.3,8.7,11.0,83,0.0,0.0,0.0,0.0,1.92,5.2
2017-12-03,10.3,12.7,8.4,9.1,11.2,87,0.0,0.0,0.0,0.0,2.21,4.4
2017-12-04,9.2,13.0,6.9,6.0,9.1,78,0.0,0.0,0.0,0.0,5.09,9.8
2017-12-05,7.5,11.4,4.1,4.1,7.9,67,0.0,0.0,0.0,0.0,4.4,7.1
2017-12-06,7.5,12.1,4.5,4.9,9.8,78,0.0,0.0,0.0,0.0,2.75,5.6
2017-12-07,9.5,11.0,7.6,6.4,7.8,64,0.0,0.0,0.0,0.0,4.81,7.4
2017-12-08,7.1,10.6,3.7,2.9,6.1,47,0.0,0.0,0.0,0.0,5.17,8.0
2017-12-09,7.2,12.7,2.1,3.7,8.1,60,0.0,0.0,0.0,0.0,3.61,6.9
2017-12-10,8.8,14.0,4.8,5.7,9.0,57,0.0,0.0,0.0,0.0,3.41,7.7
2017-12-11,7.7,14.1,2.4,4.5,10.7,59,0.0,0.0,0.0,0.0,3.02,5.0
2017-12-12,7.1,9.8,4.5,3.5,5.3,60,0.0,0.0,0.0,0.0,3.62,7.6
2017-12-13,6.6,7.6,5.5,3.3,4.6,77,4.8,4.8,0.0,12.0,4.27,6.5
2017-12-14,5.3,5.6,4.7,2.2,2.7,92,1.1,1.1,0.0,4.0,4.0,6.0
2017-12-15,5.1,6.9,4.1,1.5,3.9,88,1.1,1.1,0.0,5.0,5.18,8.4
2017-12-16,5.2,8.3,1.8,0.8,3.0,71,0.0,0.0,0.0,0.0,6.07,11.2
2017-12-17,3.4,7.8,-0.8,-0.4,3.9,58,0.0,0.0,0.0,0.0,3.1,5.5
2017-12-18,4.9,11.6,-1.3,1.3,7.7,63,0.0,0.0,0.0,0.0,2.55,5.6
2017-12-19,5.4,12.3,-0.1,1.5,8.2,57,0.0,0.0,0.0,0.0,3.01,5.8
2017-12-20,5.7,14.8,-0.2,1.9,10.8,64,0.0,0.0,0.0,0.0,3.3,6.4
2017-12-21,7.7,14.6,1.6,4.7,11.2,66,0.0,0.0,0.0,0.0,2.97,5.5
2017-12-22,9.1,15.5,3.6,6.1,12.4,63,0.0,0.0,0.0,0.0,3.0,5.4
2017-12-23,9.8,12.9,7.4,7.2,9.9,64,0.0,0.0,0.0,0.0,2.53,4.5
2017-12-24,8.3,14.4,3.8,4.5,9.3,57,0.0,0.0,0.0,0.0,5.42,10.1
2017-12-25,6.9,13.4,1.7,3.2,9.1,59,0.0,0.0,0.0,0.0,3.4,7.4
2017-12-26,8.0,14.5,2.5,4.6,10.9,57,0.0,0.0,0.0,0.0,2.97,5.1
2017-12-27,7.8,11.5,4.3,4.6,7.7,65,0.0,0.0,0.0,0.0,3.22,6.4
2017-12-28,7.7,8.8,6.9,5.6,6.7,87,2.8,2.8,0.0,5.0,2.92,7.4
2017-12-29,8.0,11.6,4.6,6.0,9.2,85,0.0,0.0,0.0,0.0,2.56,5.0
2017-12-30,9.1,12.8,6.3,5.7,8.9,63,0.0,0.0,0.0,0.0,4.22,8.4
2017-12-31,6.8,12.8,0.1,4.3,9.7,78,0.0,0.0,0.0,0.0,3.09,4.8
2018-01-01,8.3,11.4,5.8,5.1,8.2,68,0.0,0.0,0.0,0.0,4.47,8.0
2018-01-02,8.3,9.8,5.8,5.4,7.3,77,0.9,0.9,0.0,5.0,5.91,9.5
2018-01-03,4.6,5.9,1.8,0.2,2.1,93,14.4,14.4,0.0,24.0,6.49,10.4
2018-01-04,1.0,1.8,-0.3,-3.7,-3.0,93,24.8,19.5,3.71,20.0,6.09,10.4
2018-01-05,0.9,2.6,-0.7,-3.1,-1.1,87,0.0,0.0,0.0,0.0,4.83,7.9
2018-01-06,1.9,2.9,0.6,-1.9,-0.1,93,3.3,3.3,0.0,10.0,4.34,7.6
2018-01-07,1.1,2.2,0.2,-3.2,-1.7,86,1.3,0.9,0.35,5.0,4.81,8.1
2018-01-08,3.2,8.3,-0.5,-1.2,2.5,65,0.0,0.0,0.0,0.0,5.96,10.9
2018-01-09,3.4,10.6,-1.6,-0.5,6.0,73,0.0,0.0,0.0,0.0,4.67,8.6
2018-01-10,4.8,11.9,0.4,1.1,7.1,61,0.0,0.0,0.0,0.0,4.46,8.2
2018-01-11,4.9,11.9,0.2,1.4,7.4,61,0.0,0.0,0.0,0.0,4.43,7.4
2018-01-12,3.6,8.9,-0.6,-0.4,4.9,63,0.0,0.0,0.0,0.0,3.45,7.2
2018-01-13,4.9,7.8,2.2,0.5,3.5,60,0.0,0.0,0.0,0.0,4.52,8.2
2018-01-14,7.3,12.9,2.3,4.1,9.8,63,0.0,0.0,0.0,0.0,3.0,5.9
2018-01-15,7.3,10.5,4.1,4.5,7.6,74,0.0,0.0,0.0,0.0,2.85,6.3
2018-01-16,6.6,8.4,4.6,4.1,6.0,88,2.9,2.9,0.0,8.0,3.45,5.2
2018-01-17,5.0,8.7,3.5,2.5,6.6,93,0.0,0.0,0.0,0.0,2.62,6.0
2018-01-18,5.2,7.1,2.8,2.2,4.5,90,0.6,0.6,0.0,4.0,3.91,6.2
2018-01-19,6.1,8.1,4.7,3.7,6.1,93,3.8,3.8,0.0,10.0,3.47,5.4
2018-01-20,6.9,9.6,4.2,5.3,8.0,93,0.5,0.5,0.0,2.0,1.84,4.3
2018-01-21,6.3,7.4,4.5,4.4,6.2,98,8.1,8.1,0.0,15.0,2.79,4.6
2018-01-22,5.5,8.8,3.1,3.0,7.0,94,0.0,0.0,0.0,0.0,3.19,6.8
2018-01-23,4.9,7.0,3.1,1.0,2.8,87,0.0,0.0,0.0,0.0,5.46,9.2
2018-01-24,2.5,3.2,1.1,-1.6,-0.6,98,8.5,8.5,0.0,23.0,5.83,8.6
2018-01-25,-0.6,0.7,-2.0,-5.9,-4.1,93,13.4,3.8,6.86,19.0,6.36,10.7
2018-01-26,-1.0,0.5,-2.0,-5.8,-4.3,86,2.3,0.0,1.68,11.0,5.6,8.7
2018-01-27,-2.2,-1.3,-2.7,-6.7,-5.8,92,11.4,0.0,8.05,22.0,4.85,7.4
2018-01-28,-1.6,1.2,-3.8,-7.0,-4.4,79,0.0,0.0,0.0,0.0,5.81,10.3
2018-01-29,0.3,4.4,-2.5,-4.0,0.1,67,0.0,0.0,0.0,0.0,4.03,7.7
2018-01-30,1.3,6.1,-4.0,-2.2,3.0,63,0.0,0.0,0.0,0.0,3.04,6.1
2018-01-31,3.5,7.3,-0.6,-1.0,2.7,53,0.0,0.0,0.0,0.0,4.58,9.7
2018-02-01,3.0,7.8,-1.3,-0.0,5.3,66,0.0,0.0,0.0,0.0,2.37,4.4
2018-02-02,4.0,7.3,0.7,-1.3,0.5,51,0.0,0.0,0.0,0.0,7.68,13.6
2018-02-03,1.3,4.8,-1.8,-3.8,-0.8,43,0.0,0.0,0.0,0.0,3.86,7.4
2018-02-04,0.5,4.2,-3.2,-3.7,0.2,51,0.0,0.0,0.0,0.0,3.77,5.5
2018-02-05,2.0,8.5,-2.7,-1.7,4.4,61,0.0,0.0,0.0,0.0,3.22,5.6
2018-02-06,2.6,8.9,-2.5,-1.0,6.1,64,0.0,0.0,0.0,0.0,3.07,5.2
2018-02-07,4.6,9.7,0.3,1.3,6.4,61,0.0,0.0,0.0,0.0,3.07,4.3
2018-02-08,5.9,11.0,-0.5,2.0,6.9,61,0.0,0.0,0.0,0.0,5.26,10.5
2018-02-09,8.0,11.7,5.8,5.0,8.7,59,0.0,0.0,0.0,0.0,3.05,5.6
2018-02-10,7.1,9.4,3.8,3.1,5.1,62,0.0,0.0,0.0,0.0,6.18,9.3
2018-02-11,5.6,11.7,-0.7,2.3,8.2,67,0.0,0.0,0.0,0.0,3.36,7.0
2018-02-12,6.0,12.2,1.3,2.1,8.9,43,0.0,0.0,0.0,0.0,4.1,6.7
2018-02-13,9.0,16.7,2.3,5.4,13.2,60,0.0,0.0,0.0,0.0,4.74,8.7
2018-02-14,11.0,13.8,8.5,8.5,11.5,63,0.0,0.0,0.0,0.0,2.92,5.6
2018-02-15,8.9,11.2,5.7,5.7,8.7,74,0.6,0.6,0.0,4.0,5.15,8.9
2018-02-16,7.8,12.5,4.4,5.6,11.0,80,0.2,0.2,0.0,2.0,3.19,5.6
2018-02-17,9.8,12.8,7.1,6.9,10.2,82,0.0,0.0,0.0,0.0,6.57,11.2
2018-02-18,7.7,10.0,6.3,4.1,7.4,86,8.1,8.1,0.0,13.0,5.51,9.5
2018-02-19,6.0,7.3,5.1,3.0,5.1,89,6.5,6.5,0.0,12.0,4.67,7.8
2018-02-20,6.4,7.1,5.8,3.7,4.4,93,13.4,13.4,0.0,12.0,4.2,6.7
2018-02-21,6.3,7.4,5.1,3.0,4.4,87,0.3,0.3,0.0,1.0,4.7,8.7
2018-02-22,7.2,11.7,4.1,4.7,9.2,77,0.0,0.0,0.0,0.0,3.36,5.9
2018-02-23,10.4,15.8,4.6,7.8,13.6,72,1.0,1.0,0.0,3.0,4.33,7.5
2018-02-24,11.4,13.7,8.2,9.1,11.9,75,0.3,0.3,0.0,2.0,4.56,7.8
2018-02-25,8.6,12.9,4.8,5.9,11.2,76,0.0,0.0,0.0,0.0,4.53,7.0
2018-02-26,11.7,18.2,6.2,9.7,17.0,76,0.0,0.0,0.0,0.0,4.0,6.3
2018-02-27,10.8,11.9,10.0,9.0,9.9,91,22.4,22.4,0.0,15.0,4.19,9.7
2018-02-28,12.3,17.6,8.8,10.9,16.5,83,1.5,1.5,0.0,2.0,4.16,7.7
2018-03-01,12.6,16.4,10.0,10.5,14.8,86,13.0,13.0,0.0,13.0,6.32,10.6
2018-03-02,10.9,12.9,8.5,9.5,12.4,90,14.4,14.4,0.0,11.0,4.88,10.6
2018-03-03,15.5,19.6,12.2,15.1,20.5,88,2.6,2.6,0.0,2.0,4.65,11.3
2018-03-04,15.5,19.7,9.3,14.4,21.0,91,12.5,12.5,0.0,16.0,9.5,15.8
2018-03-05,10.1,12.6,8.0,6.2,10.0,78,1.8,1.8,0.0,6.0,8.4,13.9
2018-03-06,7.9,9.8,5.8,5.3,8.0,91,7.8,7.8,0.0,12.0,5.19,10.4
2018-03-07,6.5,7.9,5.7,3.0,4.3,88,5.7,5.7,0.0,6.0,5.35,9.2
2018-03-08,8.2,12.5,4.0,5.8,10.0,78,0.0,0.0,0.0,0.0,3.9,7.2
2018-03-09,8.4,14.4,3.7,6.1,12.8,76,0.0,0.0,0.0,0.0,2.97,5.8
2018-03-10,13.5,20.3,7.5,11.2,17.9,65,0.0,0.0,0.0,0.0,4.16,7.1
2018-03-11,15.4,20.6,11.0,13.3,19.2,61,0.0,0.0,0.0,0.0,4.34,7.3
2018-03-12,16.8,23.8,10.3,15.8,22.6,66,0.0,0.0,0.0,0.0,3.59,7.3
2018-03-13,17.9,22.9,13.0,17.5,22.6,74,5.1,5.1,0.0,12.0,4.98,8.5
2018-03-14,18.8,21.5,17.1,19.8,22.9,87,8.4,8.4,0.0,13.0,3.82,8.6
2018-03-15,19.3,24.7,14.8,20.2,27.1,85,9.6,9.6,0.0,10.0,6.65,10.7
2018-03-16,12.1,14.7,8.9,8.7,11.9,77,0.7,0.7,0.0,3.0,8.6,14.0
2018-03-17,11.3,13.0,9.6,8.8,11.2,81,10.7,10.7,0.0,9.0,5.66,10.5
2018-03-18,8.8,11.8,7.3,5.6,10.4,93,10.9,10.9,0.0,16.0,6.01,9.7
2018-03-19,7.9,8.7,7.4,4.2,4.9,91,7.6,7.6,0.0,9.0,5.73,10.2
2018-03-20,8.9,12.1,6.4,5.1,8.2,77,4.6,4.6,0.0,10.0,7.72,12.6
2018-03-21,8.8,14.2,3.9,6.5,11.9,67,0.0,0.0,0.0,0.0,2.51,5.0
2018-03-22,12.6,19.2,6.7,10.6,17.1,70,0.1,0.1,0.0,1.0,4.05,10.3
2018-03-23,16.8,24.5,9.3,15.5,23.3,66,0.0,0.0,0.0,0.0,3.56,7.9
2018-03-24,16.3,17.5,14.4,16.0,17.0,79,1.8,1.8,0.0,6.0,3.45,5.8
2018-03-25,15.8,19.4,12.9,15.8,19.2,86,2.1,2.1,0.0,8.0,2.78,5.7
2018-03-26,16.7,22.4,12.2,16.8,22.2,81,0.0,0.0,0.0,0.0,2.84,5.7
2018-03-27,19.2,26.0,13.9,19.1,26.1,73,0.0,0.0,0.0,0.0,3.85,7.6
2018-03-28,21.5,28.1,15.3,21.7,29.2,65,0.0,0.0,0.0,0.0,3.09,6.3
2018-03-29,20.3,24.0,17.9,21.2,24.3,74,0.7,0.7,0.0,3.0,2.79,6.2
2018-03-30,19.8,24.3,16.8,20.6,25.5,75,0.0,0.0,0.0,0.0,3.38,5.5
2018-03-31,20.7,26.6,15.8,22.0,28.2,73,0.0,0.0,0.0,0.0,2.39,4.0
2018-04-01,22.8,26.7,19.1,25.2,28.9,77,3.4,3.4,0.0,7.0,2.02,6.9
2018-04-02,23.9,28.6,20.2,26.7,30.9,78,7.6,7.6,0.0,9.0,2.63,6.8
2018-04-03,24.8,30.1,20.9,27.9,34.3,78,0.0,0.0,0.0,0.0,3.08,5.9
2018-04-04,17.3,21.0,15.0,15.5,23.6,75,0.4,0.4,0.0,1.0,7.15,11.7
2018-04-05,9.8,15.2,7.0,5.8,14.2,90,29.8,29.8,0.0,20.0,9.8,17.2
2018-04-06,13.5,19.1,9.7,10.7,15.7,64,0.0,0.0,0.0,0.0,6.81,12.5
2018-04-07,12.9,18.0,8.8,10.3,16.4,46,0.0,0.0,0.0,0.0,3.86,5.8
2018-04-08,17.0,23.9,10.3,14.0,20.6,49,0.0,0.0,0.0,0.0,6.88,11.8
2018-04-09,20.3,27.8,13.5,18.7,25.9,52,0.0,0.0,0.0,0.0,5.63,10.8
2018-04-10,23.2,29.0,18.1,22.7,28.9,57,0.0,0.0,0.0,0.0,6.52,12.1
2018-04-11,23.6,27.1,19.8,25.6,29.6,73,0.4,0.4,0.0,2.0,3.27,7.8
2018-04-12,21.4,23.6,19.5,23.2,25.3,89,18.1,18.1,0.0,18.0,4.56,8.6
2018-04-13,16.0,19.3,11.6,14.8,20.3,93,15.5,15.5,0.0,20.0,8.06,13.4
2018-04-14,13.4,15.2,11.9,11.1,14.9,79,1.4,1.4,0.0,2.0,6.22,15.2
2018-04-15,16.6,20.8,11.4,15.9,20.3,66,0.0,0.0,0.0,0.0,2.51,5.8
2018-04-16,17.3,22.5,12.5,16.8,21.9,67,0.0,0.0,0.0,0.0,2.42,5.3
2018-04-17,19.3,25.1,13.1,18.5,24.4,62,0.0,0.0,0.0,0.0,3.81,7.5
2018-04-18,21.9,28.8,15.9,21.9,28.3,62,0.0,0.0,0.0,0.0,4.37,8.1
2018-04-19,24.4,30.8,18.1,24.4,31.5,57,0.0,0.0,0.0,0.0,5.01,8.4
2018-04-20,25.2,30.4,20.8,25.8,31.5,61,0.0,0.0,0.0,0.0,5.44,9.8
2018-04-21,23.3,25.1,21.3,25.5,27.8,87,23.8,23.8,0.0,19.0,6.35,11.0
2018-04-22,22.2,26.5,16.2,24.3,29.9,90,24.3,24.3,0.0,13.0,8.1,13.1
2018-04-23,14.7,15.9,13.9,11.7,13.3,88,25.1,25.1,0.0,13.0,8.89,14.9
2018-04-24,17.8,20.9,14.5,16.7,19.9,76,0.0,0.0,0.0,0.0,5.79,10.5
2018-04-25,19.1,22.0,16.6,19.4,23.3,73,0.0,0.0,0.0,0.0,3.91,7.3
2018-04-26,19.3,22.5,16.6,20.2,24.3,75,0.0,0.0,0.0,0.0,2.53,4.8
2018-04-27,21.4,26.4,16.4,23.6,29.8,78,0.0,0.0,0.0,0.0,2.2,5.0
2018-04-28,23.2,27.7,17.8,24.9,29.2,74,0.0,0.0,0.0,0.0,3.72,7.6
2018-04-29,23.3,26.5,20.6,26.3,29.4,86,12.8,12.8,0.0,12.0,3.96,10.3
2018-04-30,25.7,30.2,22.3,29.8,34.4,82,0.1,0.1,0.0,1.0,2.53,5.9
2018-05-01,24.1,25.6,21.3,28.0,29.5,87,9.6,9.6,0.0,11.0,3.28,6.6
2018-05-02,23.6,26.9,19.9,24.9,28.4,75,0.0,0.0,0.0,0.0,5.98,10.5
2018-05-03,21.7,27.0,16.8,22.3,29.1,61,0.0,0.0,0.0,0.0,3.54,6.1
2018-05-04,22.1,26.1,18.8,22.4,26.2,66,2.2,2.2,0.0,5.0,4.46,8.2
2018-05-05,23.8,28.5,20.1,26.7,31.5,88,33.7,33.7,0.0,24.0,6.77,14.1
2018-05-06,22.1,24.6,18.6,23.8,28.9,90,25.2,25.2,0.0,17.0,7.18,13.1
2018-05-07,20.1,22.5,18.5,20.3,22.5,79,0.0,0.0,0.0,0.0,4.83,9.2
2018-05-08,20.9,24.8,17.3,22.1,25.7,76,0.4,0.4,0.0,2.0,3.38,8.3
2018-05-09,22.8,27.9,17.1,24.1,28.5,70,0.0,0.0,0.0,0.0,4.0,7.7
2018-05-10,21.4,24.8,18.4,21.7,25.2,70,0.0,0.0,0.0,0.0,4.92,8.8
2018-05-11,20.8,21.6,19.6,23.6,24.8,94,7.1,7.1,0.0,12.0,2.34,9.0
2018-05-12,23.3,27.0,20.7,26.0,29.1,83,8.2,8.2,0.0,9.0,3.34,6.3
2018-05-13,24.6,30.3,19.2,27.7,33.8,78,0.0,0.0,0.0,0.0,3.21,7.0
2018-05-14,28.3,33.2,23.0,32.2,37.1,74,0.1,0.1,0.0,1.0,5.61,10.7
2018-05-15,30.4,33.4,26.9,33.3,36.5,65,0.0,0.0,0.0,0.0,7.73,14.0
2018-05-16,31.2,34.4,27.3,33.6,37.5,62,7.3,7.3,0.0,4.0,8.72,17.1
2018-05-17,30.7,34.2,27.6,34.8,39.3,68,1.6,1.6,0.0,3.0,5.78,11.8
2018-05-18,26.9,29.0,24.5,32.2,34.5,86,9.4,9.4,0.0,8.0,2.71,8.0
2018-05-19,26.0,29.1,24.4,30.6,34.8,88,18.8,18.8,0.0,13.0,3.32,7.7
2018-05-20,25.3,27.6,24.3,29.1,31.2,89,2.1,2.1,0.0,9.0,4.55,8.0
2018-05-21,23.6,25.0,22.5,27.1,29.1,93,11.0,11.0,0.0,10.0,3.96,10.6
2018-05-22,19.8,22.2,18.1,19.5,24.5,85,12.9,12.9,0.0,12.0,7.2,11.8
2018-05-23,21.9,25.5,17.8,23.4,26.4,76,0.0,0.0,0.0,0.0,3.35,6.0
2018-05-24,25.2,30.2,21.4,28.7,33.8,80,1.6,1.6,0.0,3.0,4.39,10.8
2018-05-25,27.3,31.2,24.1,31.4,35.2,82,15.1,15.1,0.0,10.0,6.31,13.3
2018-05-26,24.8,27.4,22.5,27.5,29.8,83,12.7,12.7,0.0,7.0,5.12,8.9
2018-05-27,24.7,28.3,21.3,26.5,30.4,68,0.3,0.3,0.0,2.0,5.06,8.7
2018-05-28,24.8,28.4,21.4,27.3,31.4,69,0.0,0.0,0.0,0.0,2.33,6.6
2018-05-29,24.9,28.0,22.4,28.0,30.1,76,0.0,0.0,0.0,0.0,2.73,5.0
2018-05-30,21.6,24.0,19.8,23.1,26.4,83,33.3,33.3,0.0,21.0,5.02,7.7
2018-05-31,20.9,23.1,19.8,22.8,25.3,90,24.8,24.8,0.0,18.0,4.88,8.8
2018-06-01,23.2,27.8,18.0,25.7,30.2,78,0.0,0.0,0.0,0.0,3.49,7.0
2018-06-02,22.5,23.9,20.9,24.5,26.3,75,2.3,2.3,0.0,6.0,2.8,5.0
2018-06-03,24.0,28.3,19.7,27.1,33.0,74,0.0,0.0,0.0,0.0,1.96,4.0
2018-06-04,25.7,28.8,22.3,29.3,32.7,75,0.0,0.0,0.0,0.0,1.62,4.1
2018-06-05,24.8,27.3,22.7,28.6,31.3,82,0.0,0.0,0.0,0.0,2.4,5.4
2018-06-06,25.6,30.3,21.6,29.4,34.6,77,0.0,0.0,0.0,0.0,3.18,5.8
2018-06-07,27.7,31.7,23.6,32.2,37.1,74,0.0,0.0,0.0,0.0,2.6,5.9
2018-06-08,27.0,30.6,25.2,31.7,36.6,84,12.4,12.4,0.0,9.0,3.71,8.4
2018-06-09,25.3,27.8,22.4,27.9,31.0,79,1.2,1.2,0.0,4.0,6.07,11.6
2018-06-10,25.6,30.3,21.4,28.2,33.7,69,0.0,0.0,0.0,0.0,3.37,6.9
2018-06-11,27.1,32.0,22.1,30.5,35.7,70,0.0,0.0,0.0,0.0,3.11,6.8
2018-06-12,28.8,33.4,24.7,32.6,37.5,66,0.0,0.0,0.0,0.0,3.52,6.8
2018-06-13,27.0,30.9,22.6,30.4,34.2,70,0.0,0.0,0.0,0.0,4.21,8.4
2018-06-14,28.3,32.5,22.9,32.7,37.6,69,0.0,0.0,0.0,0.0,2.19,5.2
2018-06-15,30.3,35.2,25.1,34.3,38.9,61,0.0,0.0,0.0,0.0,2.65,5.7
2018-06-16,29.8,33.2,26.7,33.2,37.5,61,0.0,0.0,0.0,0.0,4.12,8.4
2018-06-17,29.7,33.5,26.7,33.7,38.7,65,0.0,0.0,0.0,0.0,3.22,7.5
2018-06-18,30.4,34.8,27.2,34.5,38.6,65,0.0,0.0,0.0,0.0,3.85,7.7
2018-06-19,26.9,29.1,25.4,31.5,33.9,85,8.1,8.1,0.0,7.0,4.5,12.3
2018-06-20,25.7,27.0,24.7,29.8,33.0,87,1.9,1.9,0.0,6.0,4.31,6.8
2018-06-21,27.0,30.1,24.9,31.6,33.5,80,4.4,4.4,0.0,6.0,3.99,7.9
2018-06-22,25.1,26.7,24.1,29.3,31.8,90,15.9,15.9,0.0,10.0,3.82,6.9
2018-06-23,26.7,30.1,23.6,30.9,35.4,81,1.9,1.9,0.0,4.0,3.4,6.8
2018-06-24,29.0,33.8,25.6,34.8,40.0,83,16.0,16.0,0.0,13.0,4.23,10.6
2018-06-25,31.8,36.1,27.3,37.0,40.5,70,0.0,0.0,0.0,0.0,6.32,13.4
2018-06-26,32.2,35.4,28.9,36.6,39.7,67,0.0,0.0,0.0,0.0,7.08,12.4
2018-06-27,32.3,35.7,29.7,36.2,39.3,64,0.0,0.0,0.0,0.0,7.46,12.7
2018-06-28,30.6,33.6,27.1,35.3,38.9,70,6.2,6.2,0.0,7.0,6.24,12.2
2018-06-29,29.8,33.4,26.6,36.1,39.2,79,1.6,1.6,0.0,4.0,3.1,7.6
2018-06-30,27.5,29.2,25.3,33.5,35.8,90,27.7,27.7,0.0,18.0,3.88,7.0
2018-07-01,27.7,30.9,25.2,33.8,37.4,87,10.5,10.5,0.0,16.0,3.01,6.8
2018-07-02,28.7,30.8,26.8,35.1,36.9,84,0.6,0.6,0.0,4.0,2.3,5.4
2018-07-03,29.2,32.5,27.7,36.0,38.6,84,13.4,13.4,0.0,16.0,2.52,7.9
2018-07-04,31.0,34.0,28.3,38.2,41.9,83,1.6,1.6,0.0,3.0,4.18,9.7
2018-07-05,27.6,29.3,26.2,34.1,36.6,94,32.7,32.7,0.0,20.0,4.49,10.1
2018-07-06,26.9,29.0,25.6,31.0,32.8,86,0.0,0.0,0.0,0.0,5.77,9.9
2018-07-07,26.6,28.0,25.5,31.1,32.9,88,5.5,5.5,0.0,5.0,4.31,7.0
2018-07-08,27.7,30.1,25.8,34.1,37.1,91,10.0,10.0,0.0,13.0,2.95,5.3
2018-07-09,28.9,32.3,27.0,35.6,38.9,87,3.3,3.3,0.0,5.0,4.08,10.9
2018-07-10,30.4,34.4,26.9,37.8,42.4,83,0.1,0.1,0.0,1.0,2.83,6.1
2018-07-11,31.8,35.8,28.3,38.8,42.6,78,0.0,0.0,0.0,0.0,4.48,7.7
2018-07-12,28.4,29.5,27.3,33.7,35.9,84,6.6,6.6,0.0,8.0,4.61,7.4
2018-07-13,30.3,33.7,27.0,36.1,39.9,78,0.0,0.0,0.0,0.0,5.3,11.3
2018-07-14,32.0,35.9,28.3,38.7,42.6,73,0.0,0.0,0.0,0.0,3.41,8.0
2018-07-15,32.7,36.2,29.2,38.9,41.9,68,0.0,0.0,0.0,0.0,3.55,6.9
2018-07-16,32.3,35.9,28.7,37.7,41.9,66,0.0,0.0,0.0,0.0,4.48,7.5
2018-07-17,32.3,35.6,28.9,37.9,41.9,67,0.0,0.0,0.0,0.0,4.48,7.5
2018-07-18,33.1,36.4,28.9,39.0,42.7,66,0.0,0.0,0.0,0.0,4.1,7.1
2018-07-19,33.5,37.5,29.3,39.3,43.5,64,0.0,0.0,0.0,0.0,4.09,6.8
2018-07-20,33.7,37.7,29.2,39.5,43.8,62,0.0,0.0,0.0,0.0,4.13,6.6
2018-07-21,33.7,38.0,29.3,40.4,44.5,66,0.0,0.0,0.0,0.0,2.83,5.7
2018-07-22,32.6,35.9,29.5,38.7,42.0,68,0.0,0.0,0.0,0.0,3.5,6.3
2018-07-23,32.0,35.4,28.7,37.8,42.0,67,0.0,0.0,0.0,0.0,3.44,5.8
2018-07-24,32.6,36.5,28.1,39.5,43.8,70,0.0,0.0,0.0,0.0,3.77,6.0
2018-07-25,33.4,36.8,30.2,39.8,43.3,68,0.0,0.0,0.0,0.0,4.27,7.4
2018-07-26,33.4,37.0,30.0,39.6,42.5,67,0.0,0.0,0.0,0.0,4.66,8.5
2018-07-27,31.1,35.9,28.5,36.8,42.2,72,1.4,1.4,0.0,3.0,3.41,7.3
2018-07-28,30.3,33.8,28.2,36.0,39.2,77,0.0,0.0,0.0,0.0,4.22,7.6
2018-07-29,31.3,35.9,27.7,37.4,42.2,72,0.0,0.0,0.0,0.0,2.72,7.8
2018-07-30,31.5,36.8,28.0,37.4,42.8,69,0.3,0.3,0.0,1.0,4.32,6.6
2018-07-31,31.1,35.0,28.1,37.2,42.8,72,0.4,0.4,0.0,1.0,3.2,6.2
2018-08-01,31.2,34.9,28.3,37.7,43.2,73,0.1,0.1,0.0,1.0,2.69,6.4
2018-08-02,31.5,35.6,28.3,38.1,43.1,72,0.3,0.3,0.0,2.0,2.66,5.5
2018-08-03,31.4,36.0,28.9,37.6,41.7,71,0.7,0.7,0.0,1.0,3.22,6.5
2018-08-04,29.6,31.4,27.9,35.6,36.9,78,7.4,7.4,0.0,10.0,3.11,6.5
2018-08-05,30.6,34.5,27.1,37.1,40.5,75,0.2,0.2,0.0,1.0,2.02,5.7
2018-08-06,31.3,35.5,28.8,38.2,41.5,74,1.6,1.6,0.0,1.0,2.11,5.4
2018-08-07,32.4,36.4,28.3,39.6,42.7,71,0.1,0.1,0.0,1.0,1.53,5.4
2018-08-08,32.7,36.8,29.8,40.5,44.4,72,0.6,0.6,0.0,2.0,1.9,4.8
2018-08-09,32.1,36.7,29.0,40.0,44.2,76,0.0,0.0,0.0,0.0,1.87,6.5
2018-08-10,32.6,36.6,28.9,39.2,42.1,68,0.0,0.0,0.0,0.0,2.41,6.2
2018-08-11,33.3,37.6,29.7,40.0,44.6,67,0.0,0.0,0.0,0.0,2.51,6.3
2018-08-12,33.2,37.4,29.1,39.7,44.8,68,0.0,0.0,0.0,0.0,4.3,8.2
2018-08-13,30.6,34.4,28.2,35.6,38.5,74,6.2,6.2,0.0,5.0,5.81,11.7
2018-08-14,30.2,34.2,27.3,36.3,40.6,79,3.3,3.3,0.0,7.0,3.33,5.9
2018-08-15,31.4,35.3,28.1,37.1,41.8,76,0.1,0.1,0.0,1.0,6.13,9.5
2018-08-16,29.2,32.8,25.7,32.0,34.6,72,0.9,0.9,0.0,2.0,7.12,12.9
2018-08-17,26.5,28.7,25.5,29.1,30.8,87,11.9,11.9,0.0,14.0,8.55,14.2
2018-08-18,25.7,26.9,24.7,28.9,31.1,87,29.4,29.4,0.0,18.0,6.54,14.4
2018-08-19,28.4,31.9,25.4,33.4,37.4,80,0.3,0.3,0.0,2.0,4.61,8.3
2018-08-20,28.5,32.4,24.9,33.1,38.0,77,0.0,0.0,0.0,0.0,4.12,8.5
2018-08-21,29.0,33.6,24.6,33.4,38.4,72,0.0,0.0,0.0,0.0,4.3,6.5
2018-08-22,29.3,32.8,26.6,33.4,36.6,72,0.0,0.0,0.0,0.0,5.19,8.2
2018-08-23,28.9,33.0,25.7,31.9,36.0,69,0.0,0.0,0.0,0.0,4.79,8.6
2018-08-24,28.6,33.2,24.3,31.8,36.6,64,0.0,0.0,0.0,0.0,3.53,7.1
2018-08-25,28.8,33.2,24.7,32.2,36.1,66,0.0,0.0,0.0,0.0,3.82,7.3
2018-08-26,26.8,30.1,23.7,31.0,34.1,83,7.5,7.5,0.0,10.0,4.96,7.7
2018-08-27,29.4,33.5,25.8,33.7,37.8,74,0.0,0.0,0.0,0.0,4.74,8.3
2018-08-28,30.1,34.6,26.6,35.8,40.6,77,1.2,1.2,0.0,7.0,3.72,7.2
2018-08-29,31.2,35.6,27.8,37.4,41.6,75,0.1,0.1,0.0,1.0,3.49,9.0
2018-08-30,30.2,33.5,28.6,35.8,39.6,78,1.3,1.3,0.0,1.0,4.96,9.1
2018-08-31,28.6,30.7,27.3,34.6,37.1,84,11.1,11.1,0.0,11.0,3.2,6.4
2018-09-01,28.5,31.5,26.6,35.1,37.9,85,7.8,7.8,0.0,10.0,1.82,4.6
2018-09-02,29.5,32.5,27.0,36.4,39.0,84,0.9,0.9,0.0,4.0,2.34,6.5
2018-09-03,30.1,33.4,28.0,37.3,39.9,83,1.2,1.2,0.0,6.0,2.72,6.5
2018-09-04,30.5,35.2,26.2,35.3,39.1,66,0.0,0.0,0.0,0.0,2.21,5.5
2018-09-05,29.8,34.1,26.7,33.7,37.9,66,0.0,0.0,0.0,0.0,3.51,6.7
2018-09-06,25.5,26.8,23.7,29.4,32.6,86,7.3,7.3,0.0,10.0,4.57,10.6
2018-09-07,24.1,25.5,21.6,24.6,28.7,65,0.0,0.0,0.0,0.0,7.34,12.2
2018-09-08,24.2,29.7,19.0,24.3,29.6,57,0.0,0.0,0.0,0.0,4.18,7.9
2018-09-09,24.6,29.6,18.9,25.7,30.6,60,0.0,0.0,0.0,0.0,3.06,7.1
2018-09-10,23.5,26.2,20.7,25.4,27.8,72,0.0,0.0,0.0,0.0,2.67,6.8
2018-09-11,24.1,28.3,20.4,26.3,30.0,71,0.0,0.0,0.0,0.0,2.19,5.1
2018-09-12,24.0,27.5,21.8,26.6,29.0,76,0.7,0.7,0.0,2.0,2.83,5.9
2018-09-13,24.3,26.4,22.5,27.9,30.3,83,5.5,5.5,0.0,7.0,2.88,6.2
2018-09-14,26.8,31.9,23.5,30.3,35.9,73,0.0,0.0,0.0,0.0,3.47,5.7
2018-09-15,27.4,32.2,23.8,30.1,35.8,71,0.0,0.0,0.0,0.0,6.09,10.1
2018-09-16,26.8,30.3,24.7,28.6,33.0,74,0.0,0.0,0.0,0.0,7.04,12.9
2018-09-17,26.8,31.1,23.8,29.9,35.8,78,0.8,0.8,0.0,4.0,5.95,9.4
2018-09-18,27.5,31.5,25.0,33.1,37.5,85,5.4,5.4,0.0,7.0,2.86,8.5
2018-09-19,29.2,34.3,25.8,35.2,38.7,82,9.9,9.9,0.0,5.0,4.8,10.8
2018-09-20,26.1,29.1,22.7,29.9,34.3,85,6.9,6.9,0.0,9.0,6.83,11.0
2018-09-21,22.9,25.2,21.0,24.6,27.7,81,6.9,6.9,0.0,12.0,4.92,8.5
2018-09-22,23.9,27.6,21.7,27.2,30.1,82,0.3,0.3,0.0,2.0,2.56,6.4
2018-09-23,24.7,29.8,20.7,27.4,31.7,76,0.0,0.0,0.0,0.0,2.92,6.6
2018-09-24,24.8,29.5,20.7,27.1,30.2,71,0.0,0.0,0.0,0.0,3.7,7.5
2018-09-25,22.9,24.3,19.0,23.1,25.1,71,1.2,1.2,0.0,3.0,6.47,10.1
2018-09-26,18.8,19.7,18.1,19.8,21.6,93,18.8,18.8,0.0,17.0,5.1,8.6
2018-09-27,21.7,24.8,19.0,23.0,26.5,75,0.0,0.0,0.0,0.0,3.82,6.4
2018-09-28,22.7,27.3,19.8,23.7,28.3,70,0.0,0.0,0.0,0.0,3.91,8.0
2018-09-29,22.9,29.1,17.8,23.8,28.7,65,0.0,0.0,0.0,0.0,3.5,6.8
2018-09-30,23.4,29.6,19.5,24.7,29.9,67,0.0,0.0,0.0,0.0,4.23,7.5
2018-10-01,21.4,26.3,18.0,20.2,25.1,52,0.0,0.0,0.0,0.0,4.18,7.7
2018-10-02,20.7,26.4,16.3,20.6,25.4,61,0.0,0.0,0.0,0.0,2.69,5.0
2018-10-03,21.1,27.1,15.2,21.0,26.7,61,0.0,0.0,0.0,0.0,2.79,5.2
2018-10-04,21.3,27.5,15.4,21.0,27.1,60,0.0,0.0,0.0,0.0,4.05,6.7
2018-10-05,21.1,27.3,16.3,20.1,25.9,57,0.0,0.0,0.0,0.0,4.52,8.5
2018-10-06,21.3,28.0,15.3,21.8,28.4,63,0.0,0.0,0.0,0.0,2.28,4.6
2018-10-07,21.4,26.9,15.8,21.8,27.0,65,0.2,0.2,0.0,1.0,2.64,6.1
2018-10-08,21.6,25.7,19.1,22.6,26.6,72,7.6,7.6,0.0,5.0,3.8,7.7
2018-10-09,19.6,23.2,16.6,21.0,24.1,82,0.2,0.2,0.0,1.0,2.5,5.4
2018-10-10,19.0,23.6,15.5,17.2,22.5,50,0.0,0.0,0.0,0.0,4.79,7.9
2018-10-11,18.2,23.5,13.7,16.3,20.9,52,0.0,0.0,0.0,0.0,4.03,8.3
2018-10-12,18.6,24.0,14.8,16.7,22.1,51,0.0,0.0,0.0,0.0,4.44,9.3
2018-10-13,17.7,21.5,13.7,16.7,20.5,63,0.0,0.0,0.0,0.0,3.67,7.7
2018-10-14,15.1,16.7,14.2,15.0,16.3,93,4.6,4.6,0.0,11.0,3.36,5.2
2018-10-15,15.9,16.7,15.1,16.6,17.8,93,0.3,0.3,0.0,2.0,2.08,4.2
2018-10-16,17.1,19.7,15.5,18.3,20.6,94,0.0,0.0,0.0,0.0,2.53,5.1
2018-10-17,18.6,23.8,14.6,18.7,23.1,76,0.0,0.0,0.0,0.0,3.24,6.8
2018-10-18,18.6,23.1,15.2,17.9,21.8,69,0.0,0.0,0.0,0.0,3.71,7.7
2018-10-19,16.7,19.8,14.0,15.8,18.2,72,3.0,3.0,0.0,4.0,3.16,7.0
2018-10-20,14.7,16.0,13.6,14.6,15.6,91,11.4,11.4,0.0,11.0,3.1,6.1
2018-10-21,15.3,16.2,14.1,15.8,17.1,96,2.5,2.5,0.0,10.0,2.76,4.4
2018-10-22,17.2,20.7,14.3,17.4,21.1,84,0.0,0.0,0.0,0.0,3.8,6.7
2018-10-23,17.1,23.2,13.0,17.8,24.3,84,0.0,0.0,0.0,0.0,2.52,3.8
2018-10-24,19.5,24.1,15.6,20.3,24.2,79,0.3,0.3,0.0,1.0,2.62,6.5
2018-10-25,19.0,20.4,17.2,21.2,22.5,91,1.0,1.0,0.0,4.0,1.84,4.4
2018-10-26,19.0,24.5,13.4,18.0,21.1,62,0.0,0.0,0.0,0.0,4.28,9.4
2018-10-27,16.9,23.3,11.2,14.7,20.8,50,0.0,0.0,0.0,0.0,3.19,5.6
2018-10-28,17.9,26.3,11.5,16.5,24.3,63,0.0,0.0,0.0,0.0,3.52,6.7
2018-10-29,18.7,26.8,13.3,18.0,25.5,64,0.0,0.0,0.0,0.0,2.92,4.8
2018-10-30,19.3,26.8,12.5,18.7,25.2,59,0.0,0.0,0.0,0.0,2.42,4.0
2018-10-31,19.1,26.0,14.2,17.9,24.4,56,0.0,0.0,0.0,0.0,3.14,5.6
2018-11-01,18.2,24.0,13.8,16.0,20.7,55,0.0,0.0,0.0,0.0,4.87,9.5
2018-11-02,17.6,22.1,13.9,15.2,19.5,52,0.0,0.0,0.0,0.0,4.02,8.5
2018-11-03,18.3,22.6,14.1,17.5,22.0,65,0.1,0.1,0.0,1.0,3.98,7.5
2018-11-04,19.9,23.5,17.0,20.4,24.4,71,0.0,0.0,0.0,0.0,3.22,5.4
2018-11-05,16.2,18.7,12.3,14.3,17.5,77,1.9,1.9,0.0,4.0,5.8,10.0
2018-11-06,10.3,12.1,8.9,7.1,9.6,96,16.0,16.0,0.0,23.0,7.1,11.3
2018-11-07,8.3,8.9,7.8,5.0,5.4,93,3.3,3.3,0.0,9.0,6.21,10.3
2018-11-08,9.9,13.7,7.8,7.6,12.3,85,0.5,0.5,0.0,2.0,4.2,7.3
2018-11-09,11.7,16.5,7.1,10.3,15.5,86,0.4,0.4,0.0,1.0,3.13,6.5
2018-11-10,13.4,14.5,12.3,12.4,13.8,88,4.1,4.1,0.0,6.0,4.11,8.0
2018-11-11,14.0,16.0,12.5,12.7,14.6,85,1.2,1.2,0.0,3.0,4.34,7.6
2018-11-12,13.7,17.1,11.2,12.5,16.1,81,0.0,0.0,0.0,0.0,4.08,6.4
2018-11-13,13.7,16.9,10.2,13.4,16.4,88,0.0,0.0,0.0,0.0,2.33,6.3
2018-11-14,14.2,15.5,13.5,13.8,14.5,92,2.9,2.9,0.0,11.0,3.42,7.1
2018-11-15,14.0,15.7,12.9,13.0,14.6,91,0.2,0.2,0.0,2.0,4.52,8.0
2018-11-16,13.8,15.4,12.4,11.7,13.2,82,0.2,0.2,0.0,2.0,5.65,10.1
2018-11-17,10.3,12.3,8.4,8.2,11.2,96,6.8,6.8,0.0,12.0,5.5,8.4
2018-11-18,8.9,11.3,7.8,6.1,9.4,89,9.5,9.5,0.0,8.0,5.9,9.7
2018-11-19,9.7,13.2,5.3,8.3,11.5,87,0.0,0.0,0.0,0.0,2.11,4.6
2018-11-20,12.4,14.8,9.7,11.4,14.3,83,0.7,0.7,0.0,3.0,3.35,5.2
2018-11-21,12.7,15.1,9.3,10.1,11.4,75,0.0,0.0,0.0,0.0,6.6,10.5
2018-11-22,10.7,15.3,6.2,8.1,11.9,63,0.0,0.0,0.0,0.0,3.22,5.5
2018-11-23,12.1,18.2,6.6,9.8,14.9,72,0.0,0.0,0.0,0.0,4.62,8.3
2018-11-24,12.0,18.2,7.9,10.4,16.4,79,0.0,0.0,0.0,0.0,2.9,5.6
2018-11-25,12.7,18.2,8.1,11.8,17.3,81,0.0,0.0,0.0,0.0,2.69,3.8
2018-11-26,12.8,19.2,6.4,12.0,18.5,85,0.0,0.0,0.0,0.0,3.1,4.3
2018-11-27,13.8,20.0,8.1,12.7,18.6,76,0.0,0.0,0.0,0.0,2.91,5.0
2018-11-28,13.7,19.9,8.8,12.9,19.3,81,0.0,0.0,0.0,0.0,2.62,4.2
2018-11-29,13.9,19.9,10.2,13.1,19.4,86,0.0,0.0,0.0,0.0,2.64,5.1
2018-11-30,12.9,16.3,11.0,11.7,15.3,86,0.0,0.0,0.0,0.0,3.41,6.4
2018-12-01,13.1,15.7,10.7,12.3,15.5,85,0.0,0.0,0.0,0.0,3.54,5.5
2018-12-02,12.9,13.4,12.3,13.0,13.8,97,1.4,1.4,0.0,2.0,2.69,4.1
2018-12-03,12.0,13.3,10.1,10.1,12.6,96,8.6,8.6,0.0,12.0,6.3,9.0
2018-12-04,9.3,10.5,8.0,5.5,7.1,84,4.2,4.2,0.0,5.0,7.5,12.0
2018-12-05,8.5,9.6,7.0,6.0,7.5,93,6.4,6.4,0.0,10.0,5.0,7.8
2018-12-06,5.6,7.0,4.9,1.0,3.2,94,10.5,10.5,0.0,20.0,7.62,12.9
2018-12-07,3.6,5.4,2.3,-1.4,0.7,84,3.5,3.5,0.0,12.0,6.71,11.4
2018-12-08,2.6,3.6,1.8,-2.1,-0.8,63,2.0,0.4,1.47,2.0,4.57,8.1
2018-12-09,2.5,3.0,1.8,-1.2,-0.4,65,0.0,0.0,0.0,0.0,3.06,5.6
2018-12-10,2.0,2.7,1.2,-1.7,-0.6,85,1.2,0.6,0.42,6.0,4.02,6.1
2018-12-11,2.5,5.2,0.7,-1.9,0.4,83,0.0,0.0,0.0,0.0,5.53,9.9
2018-12-12,2.9,6.0,-0.2,-1.0,2.3,67,0.0,0.0,0.0,0.0,4.0,6.8
2018-12-13,3.7,8.1,-1.0,0.6,4.6,68,0.0,0.0,0.0,0.0,2.47,4.2
2018-12-14,4.9,7.4,2.2,1.9,4.2,71,0.0,0.0,0.0,0.0,2.31,4.7
2018-12-15,4.4,5.4,3.3,1.7,2.7,80,0.0,0.0,0.0,0.0,2.35,3.7
2018-12-16,5.9,12.2,1.6,2.5,8.5,75,0.0,0.0,0.0,0.0,3.77,7.1
2018-12-17,7.2,14.6,2.2,4.3,12.2,77,0.0,0.0,0.0,0.0,3.13,5.4
2018-12-18,9.3,16.5,3.4,6.8,14.0,74,0.0,0.0,0.0,0.0,2.87,5.0
2018-12-19,9.8,11.0,8.7,7.9,9.4,79,12.5,12.5,0.0,5.0,2.52,4.7
2018-12-20,10.8,12.8,8.9,9.8,11.8,90,4.8,4.8,0.0,4.0,2.0,5.1
2018-12-21,11.6,14.1,10.2,10.3,12.8,87,1.1,1.1,0.0,4.0,3.45,6.2
2018-12-22,9.6,10.6,8.7,7.4,9.0,96,5.1,5.1,0.0,13.0,5.41,8.0
2018-12-23,9.1,11.6,7.2,5.4,7.4,77,0.0,0.0,0.0,0.0,6.08,10.4
2018-12-24,8.7,10.0,7.5,6.0,7.3,73,0.9,0.9,0.0,3.0,3.89,6.5
2018-12-25,6.7,7.4,6.1,4.2,5.1,96,3.0,3.0,0.0,13.0,4.1,6.2
2018-12-26,6.4,6.9,4.8,2.7,3.6,93,2.8,2.8,0.0,12.0,5.26,9.1
2018-12-27,4.9,6.6,2.3,0.8,2.9,90,1.4,1.4,0.0,8.0,6.49,10.5
2018-12-28,1.0,2.2,-1.1,-5.1,-3.1,71,0.6,0.4,0.21,6.0,7.82,13.3
2018-12-29,-0.5,1.3,-1.8,-6.5,-4.6,43,0.0,0.0,0.0,0.0,6.18,9.9
2018-12-30,-1.4,-0.0,-2.7,-5.6,-3.9,78,4.0,0.0,3.08,9.0,4.44,7.9
2018-12-31,-1.1,1.6,-4.2,-4.3,-1.4,84,0.0,0.0,0.0,0.0,2.21,4.6
2019-01-01,1.4,3.8,-1.4,-2.0,0.7,76,0.0,0.0,0.0,0.0,2.82,5.7
2019-01-02,3.1,4.8,1.5,0.4,2.1,78,0.0,0.0,0.0,0.0,2.06,4.4
2019-01-03,4.6,6.6,1.9,1.9,3.8,84,1.9,1.9,0.0,3.0,2.62,5.8
2019-01-04,5.3,6.8,4.4,2.3,3.6,88,3.2,3.2,0.0,7.0,4.0,6.6
2019-01-05,4.0,5.4,2.0,0.3,2.4,82,0.0,0.0,0.0,0.0,4.67,8.3
2019-01-06,3.0,5.4,0.6,-0.1,2.8,86,0.0,0.0,0.0,0.0,4.35,6.9
2019-01-07,4.5,5.9,3.6,1.1,2.1,81,0.0,0.0,0.0,0.0,4.11,7.0
2019-01-08,3.8,5.5,2.6,0.2,2.3,84,5.2,5.2,0.0,6.0,4.27,7.4
2019-01-09,1.7,2.6,1.2,-1.5,-0.7,99,14.1,11.7,1.68,22.0,3.32,6.0
2019-01-10,2.7,3.7,1.9,-0.4,0.6,93,0.4,0.4,0.0,2.0,2.79,5.0
2019-01-11,2.6,3.4,1.6,-0.3,1.0,94,4.2,4.2,0.0,10.0,2.72,4.2
2019-01-12,2.6,3.8,1.5,0.0,1.6,92,0.0,0.0,0.0,0.0,2.3,5.4
2019-01-13,5.3,8.0,2.8,3.0,5.9,89,0.0,0.0,0.0,0.0,2.5,3.9
2019-01-14,5.2,6.2,4.4,2.8,4.3,95,3.1,3.1,0.0,10.0,3.65,5.4
2019-01-15,4.1,5.9,2.3,-0.5,1.0,82,0.0,0.0,0.0,0.0,7.13,12.2
2019-01-16,1.9,5.1,-1.1,-2.1,2.0,60,0.0,0.0,0.0,0.0,5.5,8.4
2019-01-17,3.1,7.4,-1.5,0.2,4.8,85,0.0,0.0,0.0,0.0,2.92,5.1
2019-01-18,4.8,8.3,2.0,2.0,6.3,84,0.0,0.0,0.0,0.0,2.9,7.3
2019-01-19,5.9,6.6,5.1,3.5,4.9,89,0.1,0.1,0.0,1.0,3.63,5.6
2019-01-20,5.6,8.5,2.4,1.1,3.5,71,0.0,0.0,0.0,0.0,5.69,9.9
2019-01-21,5.4,10.0,1.7,1.8,6.7,64,0.0,0.0,0.0,0.0,4.32,7.1
2019-01-22,6.4,13.9,0.9,2.9,10.4,68,0.0,0.0,0.0,0.0,3.4,6.7
2019-01-23,7.5,14.9,2.1,4.2,11.8,64,0.0,0.0,0.0,0.0,3.26,5.7
2019-01-24,9.5,15.2,4.4,6.1,12.2,62,0.0,0.0,0.0,0.0,4.38,8.3
2019-01-25,10.5,12.2,7.5,6.7,8.4,57,0.0,0.0,0.0,0.0,5.82,10.3
2019-01-26,6.9,9.0,4.5,3.5,6.3,67,0.0,0.0,0.0,0.0,5.55,8.6
2019-01-27,6.2,8.3,3.8,2.9,5.6,61,0.0,0.0,0.0,0.0,3.24,6.7
2019-01-28,6.1,7.1,5.2,3.2,4.6,78,0.4,0.4,0.0,2.0,2.91,4.7
2019-01-29,5.5,6.3,4.4,3.4,4.3,93,0.6,0.6,0.0,4.0,2.4,3.8
2019-01-30,6.0,6.7,4.5,3.7,5.0,96,9.2,9.2,0.0,12.0,7.5,11.4
2019-01-31,3.3,5.2,1.6,-1.3,0.4,85,7.5,6.5,0.7,5.0,7.34,12.4
2019-02-01,4.3,7.1,1.0,1.6,4.0,82,0.0,0.0,0.0,0.0,3.14,5.8
2019-02-02,7.6,8.4,6.5,4.9,6.1,82,0.5,0.5,0.0,3.0,3.68,5.7
2019-02-03,7.7,10.3,5.0,4.6,7.3,80,2.3,2.3,0.0,6.0,5.02,8.5
2019-02-04,6.4,11.1,2.1,3.8,8.9,78,0.0,0.0,0.0,0.0,2.66,5.5
2019-02-05,7.3,12.2,2.6,5.0,9.6,85,0.0,0.0,0.0,0.0,3.51,6.6
2019-02-06,9.7,13.0,6.4,7.2,11.9,91,2.7,2.7,0.0,6.0,6.0,10.5
2019-02-07,5.4,9.4,2.8,0.4,5.7,88,8.7,8.7,0.0,12.0,7.72,13.5
2019-02-08,1.9,3.1,0.3,-2.5,-0.3,96,9.1,9.0,0.07,11.0,5.81,11.0
2019-02-09,0.5,1.0,0.1,-4.5,-3.9,90,0.0,0.0,0.07,0.0,5.97,9.3
2019-02-10,0.3,1.0,-0.2,-4.1,-3.4,90,0.6,0.0,0.7,5.0,4.72,7.5
2019-02-11,0.6,2.7,-1.7,-2.4,-0.5,92,0.0,0.0,0.0,0.0,2.94,5.6
2019-02-12,2.7,3.6,2.0,-0.3,0.9,97,1.7,1.7,0.0,8.0,3.26,5.6
2019-02-13,2.4,3.5,0.6,-0.5,1.2,95,1.5,1.5,0.0,7.0,2.84,5.5
2019-02-14,3.1,3.5,2.6,0.2,0.6,97,2.2,2.2,0.0,9.0,3.22,5.1
2019-02-15,2.5,3.1,1.7,-1.0,-0.1,98,3.8,3.8,0.0,11.0,4.0,6.2
2019-02-16,3.6,4.3,3.2,0.0,0.5,89,2.8,2.8,0.0,12.0,4.06,7.7
2019-02-17,2.7,3.3,1.7,-1.0,-0.3,75,1.9,1.8,0.07,5.0,3.72,5.8
2019-02-18,1.5,2.2,1.1,-1.8,-0.7,97,14.0,14.0,0.0,19.0,3.89,5.6
2019-02-19,2.8,4.4,0.5,0.0,2.3,86,0.0,0.0,0.0,0.0,2.56,4.3
2019-02-20,4.3,4.7,3.7,1.4,2.1,91,4.1,4.1,0.0,6.0,3.6,6.3
2019-02-21,4.4,4.9,3.3,1.5,2.4,94,6.9,6.9,0.0,16.0,3.14,5.2
2019-02-22,4.4,7.2,2.1,1.6,4.1,85,0.2,0.2,0.0,1.0,3.28,5.6
2019-02-23,4.7,6.7,3.4,2.2,4.3,91,1.3,1.3,0.0,6.0,2.76,4.4
2019-02-24,6.0,10.5,1.7,3.8,8.8,82,0.0,0.0,0.0,0.0,2.58,4.1
2019-02-25,9.1,12.6,6.4,7.2,11.4,74,0.0,0.0,0.0,0.0,2.62,5.1
2019-02-26,8.5,10.1,6.6,6.2,7.8,85,1.5,1.5,0.0,6.0,3.4,6.7
2019-02-27,6.3,7.8,4.8,3.4,5.2,91,5.6,5.6,0.0,8.0,4.21,7.8
2019-02-28,7.5,10.1,4.4,5.4,7.9,84,0.0,0.0,0.0,0.0,2.51,4.3
2019-03-01,8.2,8.8,7.5,6.3,6.9,95,6.8,6.8,0.0,12.0,2.83,5.1
2019-03-02,7.6,8.4,6.6,5.5,6.8,93,3.9,3.9,0.0,7.0,3.64,6.4
2019-03-03,8.3,13.4,4.6,6.0,10.7,79,0.0,0.0,0.0,0.0,3.1,6.1
2019-03-04,10.6,15.3,6.2,7.8,12.3,77,1.2,1.2,0.0,2.0,5.85,9.8
2019-03-05,10.7,12.6,9.5,8.9,10.9,90,12.7,12.7,0.0,10.0,4.9,6.8
2019-03-06,12.5,17.3,8.3,10.6,15.4,75,0.0,0.0,0.0,0.0,4.3,8.1
2019-03-07,11.8,14.8,9.4,8.5,11.8,55,0.0,0.0,0.0,0.0,5.03,8.8
2019-03-08,10.6,12.7,7.8,7.7,9.3,62,0.4,0.4,0.0,1.0,3.81,7.5
2019-03-09,11.3,15.7,7.2,9.8,14.8,73,0.0,0.0,0.0,0.0,2.11,4.3
2019-03-10,13.1,19.4,7.1,11.4,18.3,68,0.0,0.0,0.0,0.0,3.16,5.0
2019-03-11,14.6,20.6,9.3,12.6,19.1,62,0.0,0.0,0.0,0.0,3.14,5.1
2019-03-12,15.3,22.9,10.2,13.2,21.2,55,0.0,0.0,0.0,0.0,3.47,5.3
2019-03-13,14.5,17.9,12.0,11.9,15.6,63,1.8,1.8,0.0,3.0,5.79,8.9
2019-03-14,14.4,19.1,10.4,13.4,18.8,72,5.6,5.6,0.0,5.0,3.0,7.9
2019-03-15,16.3,21.6,10.5,15.2,20.7,63,0.0,0.0,0.0,0.0,2.5,4.8
2019-03-16,15.9,20.8,11.9,14.6,18.7,67,0.0,0.0,0.0,0.0,3.41,6.3
2019-03-17,14.9,18.5,11.5,14.5,17.3,79,0.1,0.1,0.0,1.0,2.5,5.9
2019-03-18,15.9,19.9,12.3,15.1,18.2,76,0.0,0.0,0.0,0.0,3.96,7.9
2019-03-19,17.5,22.3,12.1,16.0,20.5,75,1.5,1.5,0.0,3.0,6.15,10.8
2019-03-20,21.3,26.0,17.8,22.5,27.6,80,30.9,30.9,0.0,14.0,6.17,16.8
2019-03-21,16.0,19.7,9.4,14.1,21.4,85,4.0,4.0,0.0,14.0,9.9,16.7
2019-03-22,9.9,11.8,8.4,6.5,8.9,80,6.3,6.3,0.0,11.0,7.18,13.0
2019-03-23,11.4,15.5,6.9,9.8,14.7,75,0.0,0.0,0.0,0.0,2.6,5.5
2019-03-24,12.5,14.7,10.2,11.2,12.7,78,0.0,0.0,0.0,0.0,2.92,5.5
2019-03-25,13.4,19.3,8.9,11.8,17.7,76,0.0,0.0,0.0,0.0,3.82,8.1
2019-03-26,15.5,19.8,11.2,14.5,18.9,77,0.0,0.0,0.0,0.0,4.31,8.3
2019-03-27,15.9,18.1,13.3,15.7,18.1,82,0.0,0.0,0.0,0.0,2.69,5.3
2019-03-28,15.7,19.7,13.0,16.2,20.4,90,0.3,0.3,0.0,2.0,2.55,5.4
2019-03-29,17.0,21.7,13.9,17.7,22.6,85,0.0,0.0,0.0,0.0,2.53,7.2
2019-03-30,16.7,20.8,13.2,14.4,18.0,68,0.0,0.0,0.0,0.0,7.6,13.1
2019-03-31,14.2,18.7,10.8,12.9,18.4,71,6.4,6.4,0.0,8.0,5.16,9.5
2019-04-01,16.2,21.6,9.8,14.4,20.6,60,0.0,0.0,0.0,0.0,4.39,8.0
2019-04-02,13.4,17.2,11.5,11.6,14.5,83,23.8,23.8,0.0,18.0,5.22,8.0
2019-04-03,15.6,20.1,12.5,14.6,19.4,76,0.1,0.1,0.0,1.0,3.89,7.4
2019-04-04,16.5,19.8,13.8,16.4,20.2,75,0.0,0.0,0.0,0.0,3.14,6.1
2019-04-05,18.1,23.8,14.1,17.8,23.9,77,0.0,0.0,0.0,0.0,4.3,8.2
2019-04-06,21.8,28.6,16.2,22.0,29.0,67,0.0,0.0,0.0,0.0,5.16,9.9
2019-04-07,23.3,30.1,17.8,24.5,32.1,65,0.0,0.0,0.0,0.0,3.58,7.7
2019-04-08,26.5,33.2,19.8,27.8,34.0,63,7.6,7.6,0.0,2.0,6.29,11.1
2019-04-09,16.2,23.9,9.8,14.3,26.7,83,35.1,35.1,0.0,13.0,9.91,17.0
2019-04-10,10.0,11.8,8.2,7.0,10.8,82,3.3,3.3,0.0,5.0,7.03,11.3
2019-04-11,12.8,17.2,9.6,11.9,16.5,83,0.1,0.1,0.0,1.0,2.82,5.3
2019-04-12,16.3,21.3,11.3,15.4,20.8,75,0.0,0.0,0.0,0.0,4.94,9.2
2019-04-13,18.5,21.7,15.8,19.3,22.7,78,0.0,0.0,0.0,0.0,3.4,5.5
2019-04-14,18.0,21.4,14.5,16.9,19.2,72,0.0,0.0,0.0,0.0,6.99,10.3
2019-04-15,18.1,23.0,13.9,17.9,24.0,71,0.0,0.0,0.0,0.0,4.53,9.2
2019-04-16,18.9,24.8,14.1,18.9,24.7,75,0.0,0.0,0.0,0.0,4.42,8.4
2019-04-17,21.6,28.8,15.0,22.1,28.7,70,0.0,0.0,0.0,0.0,4.95,9.0
2019-04-18,23.9,30.1,18.8,25.4,32.4,72,6.8,6.8,0.0,4.0,5.02,8.4
2019-04-19,23.1,27.1,20.3,24.5,28.3,77,5.7,5.7,0.0,4.0,6.56,11.0
2019-04-20,21.9,24.8,19.1,23.7,27.6,81,0.6,0.6,0.0,3.0,4.03,7.2
2019-04-21,19.2,21.6,18.1,19.8,23.2,90,4.3,4.3,0.0,10.0,5.36,8.9
2019-04-22,18.3,19.1,17.2,19.8,21.6,93,6.2,6.2,0.0,10.0,3.3,5.3
2019-04-23,21.1,23.9,18.6,23.4,26.0,84,0.0,0.0,0.0,0.0,2.14,4.6
2019-04-24,24.0,28.4,20.8,26.9,31.6,81,0.0,0.0,0.0,0.0,3.1,6.1
2019-04-25,23.6,26.5,20.3,26.5,30.5,85,0.8,0.8,0.0,5.0,5.41,9.3
2019-04-26,20.1,23.0,16.6,20.5,24.2,86,0.0,0.0,0.0,0.0,7.6,12.7
2019-04-27,18.0,20.6,16.0,17.5,21.7,78,2.1,2.1,0.0,2.0,5.7,11.6
2019-04-28,13.1,15.8,12.0,11.2,13.8,90,7.1,7.1,0.0,12.0,5.54,10.3
2019-04-29,14.6,17.4,12.2,13.6,17.2,89,17.7,17.7,0.0,7.0,5.36,10.3
2019-04-30,18.0,22.8,12.3,18.8,23.5,81,0.0,0.0,0.0,0.0,3.31,6.3
2019-05-01,21.1,26.8,15.9,21.1,27.0,64,0.0,0.0,0.0,0.0,3.98,8.0
2019-05-02,20.6,25.1,16.6,20.5,26.1,61,0.0,0.0,0.0,0.0,3.31,7.6
2019-05-03,22.1,27.3,16.2,22.4,28.4,63,0.0,0.0,0.0,0.0,3.61,7.4
2019-05-04,23.6,28.2,19.6,24.8,29.7,67,0.0,0.0,0.0,0.0,3.08,5.6
2019-05-05,22.2,25.8,19.6,23.7,28.4,75,0.8,0.8,0.0,2.0,3.91,7.5
2019-05-06,20.2,22.2,18.2,20.0,21.2,73,0.0,0.0,0.0,0.0,5.7,10.1
2019-05-07,17.3,18.2,16.4,16.1,17.7,63,0.0,0.0,0.0,0.0,3.93,7.9
2019-05-08,19.3,23.7,15.4,19.2,23.7,62,0.0,0.0,0.0,0.0,2.48,5.5
2019-05-09,20.7,25.7,15.3,21.3,26.7,69,0.0,0.0,0.0,0.0,2.38,5.3
2019-05-10,22.3,28.0,15.8,23.7,30.4,67,0.0,0.0,0.0,0.0,2.42,4.7
2019-05-11,25.2,30.8,20.0,27.2,33.9,64,0.0,0.0,0.0,0.0,2.8,5.6
2019-05-12,24.6,29.1,21.2,27.8,32.6,78,6.4,6.4,0.0,9.0,2.87,6.8
2019-05-13,21.7,23.5,19.2,23.1,27.3,75,1.4,1.4,0.0,4.0,4.4,8.1
2019-05-14,20.6,23.1,18.6,22.8,25.6,88,26.5,26.5,0.0,13.0,2.73,7.9
2019-05-15,20.6,22.8,18.7,23.7,25.4,96,31.4,31.4,0.0,15.0,2.97,9.3
2019-05-16,22.2,24.1,20.5,25.8,27.4,92,6.0,6.0,0.0,8.0,1.97,3.8
2019-05-17,24.9,28.9,21.8,29.0,32.6,83,1.5,1.5,0.0,5.0,1.71,5.3
2019-05-18,25.6,28.7,22.2,29.6,32.2,85,5.5,5.5,0.0,2.0,4.03,7.5
2019-05-19,24.4,26.9,22.8,26.8,30.4,81,41.0,41.0,0.0,6.0,5.9,10.4
2019-05-20,23.2,26.1,19.9,21.4,25.3,47,0.0,0.0,0.0,0.0,8.18,13.6
2019-05-21,21.4,24.6,18.3,21.6,24.9,61,0.0,0.0,0.0,0.0,3.06,5.4
2019-05-22,22.5,29.9,15.6,23.8,31.4,67,0.0,0.0,0.0,0.0,2.79,5.7
2019-05-23,25.4,31.9,19.0,27.4,35.1,63,0.0,0.0,0.0,0.0,3.72,5.7
2019-05-24,27.2,31.7,21.6,29.3,34.8,63,0.1,0.1,0.0,1.0,4.75,9.3
2019-05-25,25.2,27.4,23.9,29.3,31.6,88,40.4,40.4,0.0,22.0,5.86,9.8
2019-05-26,25.3,29.3,22.8,28.8,33.9,89,15.1,15.1,0.0,13.0,6.78,12.9
2019-05-27,26.7,29.7,23.7,27.3,30.3,63,0.0,0.0,0.0,0.0,9.17,14.5
2019-05-28,23.7,26.6,20.8,23.6,27.6,56,0.0,0.0,0.0,0.0,5.63,9.1
2019-05-29,21.2,24.7,18.8,21.2,25.3,66,2.9,2.9,0.0,6.0,4.36,7.2
2019-05-30,19.2,20.7,18.1,21.0,22.7,88,3.4,3.4,0.0,6.0,2.4,7.4
2019-05-31,22.4,26.4,18.7,25.2,29.4,82,0.0,0.0,0.0,0.0,3.05,6.6
2019-06-01,24.1,27.1,21.9,27.3,31.1,80,0.0,0.0,0.0,0.0,2.51,6.2
2019-06-02,25.3,30.1,21.4,29.0,33.8,78,0.0,0.0,0.0,0.0,2.91,6.4
2019-06-03,27.6,33.6,21.5,31.3,37.3,71,0.0,0.0,0.0,0.0,3.72,7.5
2019-06-04,29.8,35.4,23.4,33.1,39.2,62,0.0,0.0,0.0,0.0,4.44,8.2
2019-06-05,29.7,35.4,26.3,33.4,38.9,72,13.9,13.9,0.0,7.0,6.48,14.4
2019-06-06,25.3,27.3,23.5,28.2,30.6,82,16.6,16.6,0.0,6.0,6.46,15.8
2019-06-07,27.0,30.5,23.5,31.2,35.2,75,0.0,0.0,0.0,0.0,2.95,6.2
2019-06-08,27.4,29.3,25.3,32.9,35.5,84,7.0,7.0,0.0,6.0,3.1,5.7
2019-06-09,28.4,31.9,25.2,34.8,38.1,84,0.2,0.2,0.0,1.0,1.84,3.8
2019-06-10,29.6,33.3,26.7,35.7,40.1,79,0.0,0.0,0.0,0.0,3.33,7.6
2019-06-11,28.1,31.0,25.5,30.8,33.1,64,0.0,0.0,0.0,0.0,5.32,9.3
2019-06-12,24.9,26.6,21.7,27.8,29.5,75,2.5,2.5,0.0,5.0,4.28,7.3
2019-06-13,23.7,26.7,21.1,26.6,30.2,82,4.4,4.4,0.0,10.0,3.18,6.8
2019-06-14,25.9,30.5,21.2,29.9,35.6,76,0.0,0.0,0.0,0.0,2.51,4.8
2019-06-15,27.4,31.6,22.9,30.7,35.2,69,0.0,0.0,0.0,0.0,3.72,7.5
2019-06-16,25.7,28.1,23.2,28.7,31.2,76,10.3,10.3,0.0,10.0,4.52,8.0
2019-06-17,22.6,23.7,22.0,25.3,25.9,94,20.4,20.4,0.0,23.0,4.98,10.0
2019-06-18,23.6,25.7,21.6,28.4,30.8,96,41.2,41.2,0.0,22.0,1.8,8.7
2019-06-19,25.7,28.5,23.6,31.0,34.2,94,12.1,12.1,0.0,14.0,3.83,8.6
2019-06-20,28.3,33.1,25.5,34.3,39.2,89,22.7,22.7,0.0,16.0,3.9,11.5
2019-06-21,25.0,26.0,24.2,30.0,31.5,98,103.2,103.2,0.0,24.0,4.02,11.7
2019-06-22,23.2,24.3,21.8,25.4,28.9,87,49.5,49.5,0.0,19.0,5.85,10.3
2019-06-23,26.1,31.1,20.7,29.0,33.7,70,0.0,0.0,0.0,0.0,3.86,7.3
2019-06-24,26.4,30.7,21.8,29.5,34.8,71,0.0,0.0,0.0,0.0,3.42,7.1
2019-06-25,27.4,30.2,24.7,31.7,35.6,76,0.2,0.2,0.0,2.0,2.91,6.2
2019-06-26,28.2,32.5,23.5,33.0,37.5,74,0.0,0.0,0.0,0.0,2.62,4.9
2019-06-27,30.2,34.4,26.0,35.1,40.1,70,0.0,0.0,0.0,0.0,3.45,7.2
2019-06-28,29.4,33.1,26.2,35.7,39.5,85,42.8,42.8,0.0,17.0,5.03,8.6
2019-06-29,24.6,25.9,23.7,28.5,31.3,90,15.7,15.7,0.0,15.0,4.71,14.3
2019-06-30,27.0,30.3,24.1,32.0,36.1,82,0.4,0.4,0.0,3.0,2.47,4.6
2019-07-01,29.2,33.3,26.0,33.7,37.3,72,0.0,0.0,0.0,0.0,4.09,7.4
2019-07-02,29.9,34.6,25.2,34.8,40.7,67,0.0,0.0,0.0,0.0,2.47,4.9
2019-07-03,29.9,33.4,26.0,34.6,39.5,67,0.0,0.0,0.0,0.0,3.62,5.1
2019-07-04,28.1,30.9,26.2,33.9,37.4,85,21.6,21.6,0.0,16.0,3.91,7.6
2019-07-05,28.5,31.8,25.4,33.9,37.6,80,5.6,5.6,0.0,7.0,3.9,7.1
2019-07-06,30.2,34.0,26.8,35.8,39.5,77,0.2,0.2,0.0,1.0,4.46,8.7
2019-07-07,29.6,33.4,26.7,34.6,38.1,75,0.0,0.0,0.0,0.0,4.3,8.8
2019-07-08,26.3,28.0,24.2,29.9,31.5,79,2.6,2.6,0.0,5.0,4.24,7.0
2019-07-09,25.1,27.0,23.1,28.8,31.6,87,0.9,0.9,0.0,4.0,4.49,8.3
2019-07-10,26.6,30.2,22.7,31.4,35.9,78,0.0,0.0,0.0,0.0,2.33,4.4
2019-07-11,27.4,30.6,24.2,31.9,35.8,79,0.0,0.0,0.0,0.0,3.29,5.9
2019-07-12,24.7,26.9,22.4,28.8,31.7,92,22.3,22.3,0.0,19.0,4.0,7.1
2019-07-13,24.7,27.8,22.1,28.8,32.6,85,2.3,2.3,0.0,4.0,2.77,4.9
2019-07-14,26.7,31.1,22.8,31.6,35.5,83,0.0,0.0,0.0,0.0,2.62,5.7
2019-07-15,28.3,31.6,24.9,33.4,37.6,79,0.0,0.0,0.0,0.0,3.47,6.8
2019-07-16,29.7,33.2,26.3,35.6,40.3,77,0.0,0.0,0.0,0.0,3.49,6.4
2019-07-17,29.5,32.3,27.3,36.6,39.4,86,2.0,2.0,0.0,6.0,2.88,5.8
2019-07-18,28.9,32.8,26.9,35.4,40.7,88,4.4,4.4,0.0,7.0,3.7,7.3
2019-07-19,29.7,33.1,26.9,35.2,38.6,78,0.0,0.0,0.0,0.0,4.18,7.4
2019-07-20,30.7,34.9,26.7,37.6,41.8,77,0.0,0.0,0.0,0.0,2.12,4.7
2019-07-21,31.9,34.8,29.5,39.7,43.1,78,0.1,0.1,0.0,1.0,2.14,5.3
2019-07-22,32.1,35.8,29.0,40.0,42.8,79,0.1,0.1,0.0,1.0,3.6,7.0
2019-07-23,31.6,34.9,29.2,39.4,41.8,82,24.4,24.4,0.0,11.0,4.61,8.3
2019-07-24,31.6,35.4,28.7,39.0,42.7,80,2.1,2.1,0.0,4.0,4.29,8.9
2019-07-25,32.7,36.3,29.9,39.3,42.7,73,0.0,0.0,0.0,0.0,5.06,9.9
2019-07-26,33.3,37.2,30.0,39.5,43.6,69,0.0,0.0,0.0,0.0,5.74,10.1
2019-07-27,33.5,36.9,30.7,40.0,43.6,69,0.0,0.0,0.0,0.0,5.28,9.6
2019-07-28,34.0,37.5,31.0,40.7,43.6,69,0.0,0.0,0.0,0.0,5.5,9.4
2019-07-29,33.6,37.1,30.7,40.1,43.3,69,0.4,0.4,0.0,1.0,5.42,10.8
2019-07-30,32.9,36.9,30.0,39.4,42.8,69,0.0,0.0,0.0,0.0,5.0,9.6
2019-07-31,32.0,36.4,27.8,39.2,44.1,72,0.5,0.5,0.0,1.0,1.8,6.4
2019-08-01,32.6,37.1,28.8,39.0,44.2,70,0.3,0.3,0.0,1.0,4.57,7.9
2019-08-02,31.4,35.2,28.2,37.3,42.7,71,1.0,1.0,0.0,2.0,3.5,6.8
2019-08-03,31.3,34.8,28.2,37.3,40.9,72,0.0,0.0,0.0,0.0,4.2,6.9
2019-08-04,31.3,35.2,28.0,37.6,41.1,73,0.0,0.0,0.0,0.0,2.5,5.6
2019-08-05,31.4,34.9,27.9,38.4,41.6,74,0.0,0.0,0.0,0.0,2.06,5.4
2019-08-06,32.0,35.2,29.0,39.5,44.1,75,0.4,0.4,0.0,1.0,2.5,5.2
2019-08-07,31.3,34.7,29.0,38.3,42.8,77,0.1,0.1,0.0,1.0,4.87,8.7
2019-08-08,32.0,36.2,28.2,38.4,44.2,74,0.0,0.0,0.0,0.0,3.32,7.0
2019-08-09,32.5,36.7,29.0,38.5,42.4,71,0.2,0.2,0.0,1.0,3.8,7.9
2019-08-10,31.3,35.0,28.2,35.6,38.8,70,0.3,0.3,0.0,2.0,6.91,13.0
2019-08-11,29.7,33.8,26.6,34.2,38.2,72,0.0,0.0,0.0,0.0,4.65,11.7
2019-08-12,30.2,35.3,26.2,36.0,41.1,72,0.0,0.0,0.0,0.0,3.36,6.3
2019-08-13,31.0,35.3,26.9,37.1,42.0,71,0.0,0.0,0.0,0.0,2.86,5.9
2019-08-14,31.5,35.7,28.1,37.6,41.6,70,0.0,0.0,0.0,0.0,2.34,6.2
2019-08-15,30.9,34.9,27.9,36.8,42.8,69,0.0,0.0,0.0,0.0,2.12,6.4
2019-08-16,31.9,37.6,26.9,37.5,42.5,68,0.0,0.0,0.0,0.0,3.7,7.3
2019-08-17,33.1,37.4,29.2,39.1,44.2,62,0.0,0.0,0.0,0.0,2.42,4.5
2019-08-18,33.1,38.0,29.7,37.1,42.6,57,0.0,0.0,0.0,0.0,4.46,8.6
2019-08-19,32.1,37.3,27.6,36.5,41.9,62,0.0,0.0,0.0,0.0,4.3,7.7
2019-08-20,32.2,37.0,27.9,37.7,44.0,66,0.0,0.0,0.0,0.0,4.13,7.8
2019-08-21,32.0,36.5,28.8,38.2,43.2,69,0.1,0.1,0.0,1.0,3.47,7.6
2019-08-22,30.5,34.3,27.3,36.3,41.0,74,0.2,0.2,0.0,1.0,3.24,6.4
2019-08-23,30.4,33.6,27.5,36.4,39.9,75,0.6,0.6,0.0,3.0,2.83,5.7
2019-08-24,31.9,36.6,28.0,37.5,41.3,66,0.0,0.0,0.0,0.0,3.01,6.8
2019-08-25,32.0,36.6,27.8,36.2,41.7,61,0.0,0.0,0.0,0.0,5.02,8.5
2019-08-26,31.6,34.6,28.7,36.4,39.1,69,0.0,0.0,0.0,0.0,5.55,10.2
2019-08-27,31.5,34.9,28.5,36.8,39.4,68,0.0,0.0,0.0,0.0,4.04,7.8
2019-08-28,28.0,31.0,25.2,32.7,35.6,81,3.5,3.5,0.0,6.0,4.65,9.5
2019-08-29,30.0,35.1,26.7,34.8,39.7,66,0.3,0.3,0.0,1.0,1.8,6.2
2019-08-30,29.3,34.4,24.5,30.9,35.1,54,0.0,0.0,0.0,0.0,5.27,8.1
2019-08-31,26.5,29.8,24.2,27.5,30.1,57,0.2,0.2,0.0,2.0,4.0,7.4
2019-09-01,24.3,26.6,21.1,27.5,28.9,79,3.8,3.8,0.0,11.0,2.55,5.8
2019-09-02,25.4,28.7,22.9,29.1,31.4,77,3.3,3.3,0.0,3.0,2.18,5.4
2019-09-03,26.2,30.8,22.1,29.3,34.0,71,0.0,0.0,0.0,0.0,3.0,6.0
2019-09-04,27.1,31.6,23.0,30.2,35.1,70,0.0,0.0,0.0,0.0,3.64,6.2
2019-09-05,27.3,31.8,24.0,31.0,35.9,70,0.0,0.0,0.0,0.0,3.35,5.6
2019-09-06,28.2,33.4,23.7,31.7,37.0,66,0.0,0.0,0.0,0.0,3.13,6.0
2019-09-07,28.4,33.8,23.8,31.1,37.2,60,0.0,0.0,0.0,0.0,2.89,6.3
2019-09-08,29.4,35.2,24.2,32.2,37.8,61,0.0,0.0,0.0,0.0,3.38,7.5
2019-09-09,30.2,35.9,25.0,32.0,38.5,54,0.0,0.0,0.0,0.0,4.75,9.4
2019-09-10,30.2,35.1,26.4,32.6,39.1,56,0.0,0.0,0.0,0.0,4.72,8.8
2019-09-11,30.8,35.7,27.4,34.3,39.9,60,0.0,0.0,0.0,0.0,4.79,9.6
2019-09-12,31.2,36.5,26.8,35.7,41.9,64,0.0,0.0,0.0,0.0,3.76,7.9
2019-09-13,31.7,37.1,27.1,36.0,42.9,64,0.0,0.0,0.0,0.0,6.09,10.5
2019-09-14,28.6,31.4,26.4,30.8,34.1,66,0.0,0.0,0.0,0.0,6.08,10.5
2019-09-15,26.9,30.8,22.8,29.9,34.6,75,0.2,0.2,0.0,1.0,6.12,9.9
2019-09-16,24.4,28.1,21.9,25.6,30.3,72,0.5,0.5,0.0,3.0,5.5,8.6
2019-09-17,23.7,27.1,21.8,24.8,29.6,74,0.0,0.0,0.0,0.0,6.02,10.3
2019-09-18,22.2,24.5,21.1,23.6,25.5,84,0.8,0.8,0.0,3.0,4.88,8.6
2019-09-19,25.0,29.6,20.8,26.6,32.7,66,0.0,0.0,0.0,0.0,4.78,7.7
2019-09-20,24.2,29.0,21.1,23.6,28.0,53,0.0,0.0,0.0,0.0,5.04,9.2
2019-09-21,24.2,29.5,19.2,22.6,26.8,49,0.0,0.0,0.0,0.0,7.31,12.9
2019-09-22,24.5,31.1,19.1,23.0,28.9,47,0.0,0.0,0.0,0.0,6.26,11.4
2019-09-23,24.7,31.8,18.9,24.3,32.0,49,0.0,0.0,0.0,0.0,4.08,7.6
2019-09-24,24.5,31.0,18.1,24.6,30.4,50,0.0,0.0,0.0,0.0,2.42,5.4
2019-09-25,25.4,30.3,22.2,26.3,30.5,54,0.0,0.0,0.0,0.0,2.06,5.2
2019-09-26,25.6,31.4,21.5,26.8,31.9,56,0.0,0.0,0.0,0.0,2.42,4.2
2019-09-27,25.5,32.2,19.4,26.4,33.3,56,0.0,0.0,0.0,0.0,2.56,5.6
2019-09-28,25.3,32.2,18.9,26.3,33.5,59,0.0,0.0,0.0,0.0,2.95,6.7
2019-09-29,26.3,33.6,20.0,27.6,34.5,58,0.0,0.0,0.0,0.0,2.64,6.6
2019-09-30,27.4,34.1,21.7,28.4,35.0,54,0.0,0.0,0.0,0.0,3.86,8.2
2019-10-01,27.0,33.7,21.2,28.3,35.3,55,0.0,0.0,0.0,0.0,2.97,5.9
2019-10-02,26.3,31.8,22.1,28.8,34.0,66,0.0,0.0,0.0,0.0,2.66,6.6
2019-10-03,28.3,34.3,23.3,30.8,36.1,61,0.0,0.0,0.0,0.0,3.42,6.9
2019-10-04,29.3,35.2,25.1,31.8,38.1,59,0.0,0.0,0.0,0.0,5.6,10.5
2019-10-05,21.1,25.5,16.7,20.5,26.0,82,5.8,5.8,0.0,13.0,8.1,14.2
2019-10-06,18.2,20.8,16.5,18.4,22.1,87,0.3,0.3,0.0,2.0,5.31,9.7
2019-10-07,17.1,20.4,14.9,16.5,20.5,81,0.0,0.0,0.0,0.0,5.12,9.7
2019-10-08,18.8,22.1,16.7,18.7,22.3,75,0.0,0.0,0.0,0.0,3.63,7.4
2019-10-09,21.5,26.0,17.4,22.5,27.3,72,0.0,0.0,0.0,0.0,3.89,8.0
2019-10-10,22.5,26.2,20.4,24.0,28.2,76,0.0,0.0,0.0,0.0,4.6,7.9
2019-10-11,20.7,22.6,18.5,21.2,23.5,76,6.1,6.1,0.0,7.0,4.44,8.1
2019-10-12,19.9,22.3,17.5,20.3,22.5,82,2.0,2.0,0.0,5.0,4.69,8.2
2019-10-13,20.9,23.8,18.8,22.0,24.4,82,0.0,0.0,0.0,0.0,4.24,7.5
2019-10-14,21.2,24.5,17.4,20.9,23.5,73,0.0,0.0,0.0,0.0,6.92,11.9
2019-10-15,18.1,21.8,15.8,17.0,20.9,72,0.0,0.0,0.0,0.0,6.28,10.7
2019-10-16,15.1,17.1,13.6,14.1,17.6,81,1.4,1.4,0.0,2.0,3.86,7.0
2019-10-17,16.5,21.1,12.9,15.5,20.1,71,0.0,0.0,0.0,0.0,3.86,6.7
2019-10-18,18.2,23.6,13.1,17.9,23.3,68,0.0,0.0,0.0,0.0,2.36,5.3
2019-10-19,19.3,26.2,13.2,19.5,26.3,72,0.0,0.0,0.0,0.0,2.92,7.1
2019-10-20,20.4,27.7,14.4,20.9,29.0,68,0.0,0.0,0.0,0.0,2.77,4.3
2019-10-21,22.2,28.7,16.7,22.5,28.1,64,0.0,0.0,0.0,0.0,2.82,5.8
2019-10-22,19.9,21.9,17.4,19.5,21.3,72,1.7,1.7,0.0,7.0,5.02,8.5
2019-10-23,19.5,24.2,17.1,20.2,24.0,75,0.0,0.0,0.0,0.0,2.62,5.4
2019-10-24,20.3,26.1,15.2,21.1,26.8,72,0.0,0.0,0.0,0.0,2.28,4.6
2019-10-25,16.0,20.0,13.7,13.9,19.4,75,1.2,1.2,0.0,5.0,5.83,10.1
2019-10-26,14.8,17.4,13.5,12.6,15.1,58,0.0,0.0,0.0,0.0,4.08,7.1
2019-10-27,14.3,16.5,12.3,13.4,15.1,73,0.0,0.0,0.0,0.0,2.31,4.8
2019-10-28,15.4,22.2,11.1,14.5,21.5,79,0.0,0.0,0.0,0.0,3.59,7.1
2019-10-29,17.0,24.8,11.8,16.6,23.9,75,0.0,0.0,0.0,0.0,2.89,4.7
2019-10-30,18.7,25.7,13.9,17.8,24.0,62,0.0,0.0,0.0,0.0,3.04,5.8
2019-10-31,19.0,26.6,13.6,18.3,25.5,61,0.0,0.0,0.0,0.0,2.69,5.4
2019-11-01,19.4,27.6,13.9,18.5,25.2,63,0.0,0.0,0.0,0.0,3.35,7.3
2019-11-02,20.5,24.7,16.7,20.3,24.3,59,0.0,0.0,0.0,0.0,2.68,4.7
2019-11-03,19.8,26.1,15.3,17.9,23.4,55,0.0,0.0,0.0,0.0,4.63,9.3
2019-11-04,17.7,22.7,14.6,15.8,20.6,64,0.0,0.0,0.0,0.0,4.92,9.4
2019-11-05,17.5,22.4,12.9,16.7,21.7,67,0.0,0.0,0.0,0.0,3.04,6.2
2019-11-06,17.6,20.6,15.3,17.1,20.0,68,0.0,0.0,0.0,0.0,3.05,5.8
2019-11-07,18.0,22.7,14.6,16.5,19.9,63,0.0,0.0,0.0,0.0,4.44,8.8
2019-11-08,16.7,21.8,12.4,15.8,21.3,63,0.0,0.0,0.0,0.0,3.14,6.1
2019-11-09,16.3,22.9,12.0,14.8,20.6,66,0.0,0.0,0.0,0.0,3.48,7.1
2019-11-10,17.9,24.8,12.4,16.1,20.9,58,0.0,0.0,0.0,0.0,4.4,8.9
2019-11-11,18.2,24.5,11.9,16.9,22.7,59,0.0,0.0,0.0,0.0,2.92,5.7
2019-11-12,18.5,20.4,16.2,17.9,19.4,67,1.6,1.6,0.0,4.0,3.57,7.5
2019-11-13,16.4,19.3,11.5,14.0,17.3,62,1.4,1.4,0.0,5.0,6.66,12.4
2019-11-14,14.8,21.4,10.2,12.9,18.7,61,0.0,0.0,0.0,0.0,2.62,5.4
2019-11-15,16.7,24.0,11.2,14.8,20.8,60,0.0,0.0,0.0,0.0,3.3,6.6
2019-11-16,18.8,24.4,13.9,17.7,22.5,61,0.4,0.4,0.0,1.0,3.22,8.7
2019-11-17,16.1,19.0,11.0,14.3,18.3,80,10.4,10.4,0.0,12.0,10.23,18.9
2019-11-18,9.7,12.8,6.0,5.5,7.6,56,3.4,3.4,0.0,6.0,7.62,17.4
2019-11-19,9.3,15.0,4.1,6.7,12.1,65,0.0,0.0,0.0,0.0,2.41,5.5
2019-11-20,12.6,16.0,10.1,9.7,12.1,55,0.0,0.0,0.0,0.0,4.11,7.7
2019-11-21,13.7,17.1,11.3,12.1,15.9,65,1.3,1.3,0.0,3.0,2.62,5.3
2019-11-22,15.0,20.7,9.4,13.4,18.9,69,0.0,0.0,0.0,0.0,3.58,6.0
2019-11-23,16.7,22.4,12.8,16.1,21.9,71,0.0,0.0,0.0,0.0,2.44,4.5
2019-11-24,14.6,17.5,9.7,11.6,15.8,77,1.4,1.4,0.0,7.0,9.2,15.6
2019-11-25,4.9,9.5,3.1,0.1,4.5,87,6.8,6.8,0.0,13.0,8.85,14.7
2019-11-26,5.4,6.0,4.9,2.8,3.6,93,8.0,8.0,0.0,16.0,3.27,5.4
2019-11-27,5.7,6.4,4.6,1.9,3.5,96,9.5,9.5,0.0,17.0,6.95,11.5
2019-11-28,6.8,9.0,5.5,3.8,6.1,80,0.0,0.0,0.0,0.0,4.3,7.1
2019-11-29,7.4,9.7,4.6,4.7,7.2,78,0.0,0.0,0.0,0.0,3.51,7.5
2019-11-30,6.7,8.1,5.5,3.9,5.4,89,2.7,2.7,0.0,15.0,3.86,5.7
2019-12-01,6.6,9.3,4.3,3.3,6.5,82,0.0,0.0,0.0,0.0,5.16,9.6
2019-12-02,6.3,12.3,1.1,3.4,9.0,76,0.0,0.0,0.0,0.0,2.72,7.3
2019-12-03,7.9,14.4,2.4,5.4,11.4,72,0.0,0.0,0.0,0.0,2.91,4.5
2019-12-04,10.1,16.2,5.4,8.0,13.5,65,0.0,0.0,0.0,0.0,2.5,3.6
2019-12-05,9.2,16.0,3.6,5.5,12.0,57,0.0,0.0,0.0,0.0,4.4,7.0
2019-12-06,8.7,13.0,4.4,5.7,10.4,58,0.0,0.0,0.0,0.0,3.98,6.4
2019-12-07,7.1,13.1,2.6,4.3,10.4,74,0.0,0.0,0.0,0.0,2.69,5.4
2019-12-08,8.6,16.1,3.2,5.7,12.9,73,0.0,0.0,0.0,0.0,3.05,6.1
2019-12-09,10.0,16.7,5.4,7.4,14.1,72,0.0,0.0,0.0,0.0,2.95,5.8
2019-12-10,10.8,16.8,6.1,8.9,14.9,74,0.0,0.0,0.0,0.0,3.01,4.0
2019-12-11,10.5,18.7,5.1,7.8,15.5,66,0.0,0.0,0.0,0.0,3.18,5.5
2019-12-12,11.2,17.5,6.9,7.9,13.3,60,0.0,0.0,0.0,0.0,4.73,8.8
2019-12-13,10.6,17.6,5.8,8.4,15.4,71,0.0,0.0,0.0,0.0,3.33,6.0
2019-12-14,11.0,15.3,8.4,8.4,12.1,72,0.0,0.0,0.0,0.0,3.86,7.5
2019-12-15,11.4,15.3,8.4,9.4,14.0,75,0.0,0.0,0.0,0.0,3.23,6.7
2019-12-16,10.3,11.8,9.1,7.9,9.6,79,0.0,0.0,0.0,0.0,4.14,6.9
2019-12-17,8.6,9.5,7.6,5.0,6.2,80,2.3,2.3,0.0,7.0,6.0,9.5
2019-12-18,5.6,8.2,3.4,1.2,3.5,84,4.7,4.7,0.0,12.0,6.46,9.8
2019-12-19,4.8,7.6,2.4,2.0,5.2,87,0.0,0.0,0.0,0.0,3.2,5.5
2019-12-20,6.3,9.4,4.2,4.1,7.0,86,0.0,0.0,0.0,0.0,2.53,5.3
2019-12-21,7.2,8.9,5.6,5.4,6.9,86,5.6,5.6,0.0,12.0,2.04,3.6
2019-12-22,7.0,9.6,4.6,4.9,7.5,89,0.0,0.0,0.0,0.0,2.42,5.6
2019-12-23,8.0,8.9,7.3,5.5,6.5,87,0.0,0.0,0.0,0.0,3.45,6.2
2019-12-24,8.5,9.9,7.3,6.7,8.8,87,0.0,0.0,0.0,0.0,3.4,5.5
2019-12-25,8.0,8.5,7.2,5.6,7.0,97,5.2,5.2,0.0,12.0,5.87,9.8
2019-12-26,6.8,9.8,2.6,2.6,5.4,73,0.0,0.0,0.0,0.0,6.8,11.6
2019-12-27,5.7,10.9,1.6,2.6,7.6,72,0.0,0.0,0.0,0.0,3.05,4.6
2019-12-28,6.2,9.5,3.4,3.5,6.8,80,1.3,1.3,0.0,3.0,2.98,6.1
2019-12-29,8.3,10.8,6.4,6.5,9.0,88,0.3,0.3,0.0,2.0,2.11,4.9
2019-12-30,8.5,12.4,6.3,5.0,7.9,83,0.0,0.0,0.0,0.0,7.16,12.0
2019-12-31,5.7,7.5,2.6,1.3,3.6,63,0.0,0.0,0.0,0.0,7.11,11.4
