time,temperature_2m_mean,temperature_2m_max,temperature_2m_min,apparent_temperature_mean,apparent_temperature_max,relative_humidity_2m_mean,precipitation_sum,rain_sum,snowfall_sum,precipitation_hours,wind_speed_10m_max,wind_gusts_10m_max
2010-01-01,5.9,8.1,3.1,2.9,5.3,72,0.0,0.0,0.0,0.0,2.77,7.0
2010-01-02,6.6,12.2,2.4,4.0,10.0,80,0.0,0.0,0.0,0.0,2.91,4.7
2010-01-03,6.3,12.5,2.0,3.5,10.2,84,0.0,0.0,0.0,0.0,3.6,7.5
2010-01-04,4.7,7.6,2.5,-0.3,1.3,70,0.0,0.0,0.0,0.0,7.43,13.7
2010-01-05,0.0,2.3,-1.7,-5.4,-4.0,56,5.5,0.0,4.06,10.0,6.36,10.7
2010-01-06,0.7,2.9,-1.5,-2.9,-0.2,70,0.1,0.0,0.21,1.0,3.5,6.4
2010-01-07,2.5,4.1,0.3,-0.8,0.7,70,0.0,0.0,0.0,0.0,3.1,6.3
2010-01-08,3.2,4.9,1.3,-0.0,2.0,73,0.0,0.0,0.0,0.0,2.89,5.9
2010-01-09,3.6,5.4,1.7,0.5,2.7,83,0.0,0.0,0.0,0.0,4.23,6.3
2010-01-10,2.1,4.1,0.8,-2.6,-0.4,86,0.5,0.5,0.0,3.0,5.8,9.3
2010-01-11,2.3,4.9,0.4,-2.9,-0.8,68,0.0,0.0,0.0,0.0,6.13,11.3
2010-01-12,2.2,8.2,-2.2,-1.6,4.6,72,0.0,0.0,0.0,0.0,4.25,8.1
2010-01-13,2.7,6.4,-0.8,-1.9,2.3,47,0.0,0.0,0.0,0.0,5.97,11.0
2010-01-14,5.0,12.3,-0.3,1.5,8.8,69,0.0,0.0,0.0,0.0,3.64,7.1
2010-01-15,5.5,7.2,3.6,2.0,3.6,73,1.0,1.0,0.0,6.0,3.81,6.1
2010-01-16,5.1,8.1,1.7,2.6,5.9,79,0.0,0.0,0.0,0.0,2.22,4.1
2010-01-17,5.5,10.3,1.8,2.8,8.0,84,0.0,0.0,0.0,0.0,2.56,5.1
2010-01-18,8.0,14.1,3.0,5.5,12.4,82,0.0,0.0,0.0,0.0,3.62,6.1
2010-01-19,10.9,14.8,7.9,8.7,13.6,80,0.0,0.0,0.0,0.0,3.76,7.1
2010-01-20,10.3,11.9,6.5,7.2,10.9,77,0.6,0.6,0.0,3.0,8.45,13.7
2010-01-21,4.1,6.1,2.5,-1.2,1.2,73,2.4,2.4,0.0,9.0,8.18,13.6
2010-01-22,3.8,5.7,2.3,-0.9,1.6,54,0.0,0.0,0.0,0.0,5.1,8.7
2010-01-23,4.8,7.2,2.2,1.4,4.1,62,0.0,0.0,0.0,0.0,2.69,4.7
2010-01-24,4.4,5.7,1.9,1.7,2.9,78,0.0,0.0,0.0,0.0,1.94,3.9
2010-01-25,4.9,10.8,0.3,1.0,6.3,69,0.0,0.0,0.0,0.0,5.78,10.2
2010-01-26,6.0,10.1,1.7,2.4,6.9,68,0.0,0.0,0.0,0.0,4.61,9.0
2010-01-27,7.4,8.7,5.8,5.7,7.2,87,3.8,3.8,0.0,7.0,2.2,8.6
2010-01-28,7.0,11.5,2.8,5.0,9.8,91,0.0,0.0,0.0,0.0,2.69,4.6
2010-01-29,8.7,12.3,4.4,6.6,10.3,77,0.4,0.4,0.0,1.0,2.86,4.7
2010-01-30,9.0,10.4,7.9,7.5,9.1,89,2.0,2.0,0.0,8.0,3.61,6.4
2010-01-31,7.8,8.6,6.8,4.8,5.7,88,10.3,10.3,0.0,19.0,4.42,7.5
2010-02-01,8.1,11.3,4.1,5.8,8.9,86,0.1,0.1,0.0,1.0,3.64,7.4
2010-02-02,8.0,9.5,5.6,5.4,7.7,83,1.8,1.8,0.0,4.0,3.94,6.0
2010-02-03,6.1,7.6,4.2,3.4,6.0,81,0.0,0.0,0.0,0.0,3.8,5.6
2010-02-04,6.2,7.9,4.0,4.2,5.8,88,0.0,0.0,0.0,0.0,1.92,3.8
2010-02-05,6.5,8.3,4.2,4.2,5.9,87,0.0,0.0,0.0,0.0,2.75,6.7
2010-02-06,7.0,7.6,6.6,5.0,5.9,88,0.7,0.7,0.0,3.0,3.04,4.3
2010-02-07,7.7,9.3,6.3,6.2,7.6,89,0.0,0.0,0.0,0.0,1.56,3.6
2010-02-08,10.0,12.2,8.7,8.4,11.6,90,3.5,3.5,0.0,7.0,3.61,6.4
2010-02-09,8.3,9.4,6.3,5.3,7.6,92,2.5,2.5,0.0,10.0,6.25,9.0
2010-02-10,4.5,6.5,1.1,-0.6,2.4,90,34.3,34.3,0.0,23.0,7.82,13.5
2010-02-11,-0.5,1.2,-1.7,-7.1,-5.3,78,13.3,12.7,0.42,11.0,8.99,15.5
2010-02-12,0.1,3.8,-2.2,-4.5,-0.6,64,0.0,0.0,0.0,0.0,4.81,8.9
2010-02-13,-0.0,1.7,-1.8,-4.1,-2.8,79,3.5,0.9,1.82,7.0,4.03,8.0
2010-02-14,0.8,2.2,-0.5,-3.5,-2.1,84,0.3,0.1,0.14,2.0,5.26,8.4
2010-02-15,1.0,2.5,0.1,-3.7,-2.6,86,0.1,0.1,0.0,1.0,5.59,9.6
2010-02-16,1.2,3.0,-0.8,-2.1,0.3,84,0.0,0.0,0.0,0.0,3.52,5.7
2010-02-17,3.0,8.1,-0.5,-0.6,3.9,77,0.0,0.0,0.0,0.0,5.2,9.4
2010-02-18,5.0,9.7,1.3,1.7,7.2,57,0.0,0.0,0.0,0.0,2.95,5.3
2010-02-19,6.5,13.4,1.3,3.0,9.6,64,0.0,0.0,0.0,0.0,3.54,7.4
2010-02-20,8.7,17.4,1.9,5.3,13.7,63,0.0,0.0,0.0,0.0,4.65,8.5
2010-02-21,11.1,19.2,4.7,8.5,17.2,65,0.0,0.0,0.0,0.0,2.98,6.8
2010-02-22,13.7,20.4,7.7,12.3,19.9,64,0.0,0.0,0.0,0.0,2.73,4.1
2010-02-23,16.2,23.7,9.7,14.8,23.1,70,0.0,0.0,0.0,0.0,4.78,8.8
2010-02-24,19.1,22.5,16.8,19.0,24.1,74,9.7,9.7,0.0,13.0,4.92,13.0
2010-02-25,14.8,17.6,10.4,13.1,18.1,85,9.2,9.2,0.0,12.0,7.11,11.4
2010-02-26,11.2,12.7,9.3,9.3,11.9,86,0.0,0.0,0.0,0.0,5.14,9.2
2010-02-27,11.5,14.2,9.2,10.0,14.6,80,1.0,1.0,0.0,5.0,3.81,7.2
2010-02-28,14.2,20.7,8.5,12.1,20.7,84,13.5,13.5,0.0,7.0,8.42,13.4
2010-03-01,5.3,8.1,4.4,0.5,3.0,82,4.2,4.2,0.0,7.0,8.32,13.6
2010-03-02,5.2,6.0,4.8,1.4,2.4,91,12.5,12.5,0.0,15.0,5.55,9.7
2010-03-03,5.3,5.9,4.1,2.0,3.0,90,13.3,13.3,0.0,11.0,4.4,10.6
2010-03-04,5.5,7.6,3.6,2.6,5.4,81,0.0,0.0,0.0,0.0,3.65,6.1
2010-03-05,6.5,7.4,5.8,3.1,4.5,88,7.3,7.3,0.0,10.0,6.04,9.6
2010-03-06,3.5,6.4,1.8,-1.6,1.7,86,9.5,9.5,0.0,10.0,6.75,11.4
2010-03-07,4.0,6.8,1.1,0.5,4.8,77,0.0,0.0,0.0,0.0,5.1,8.3
2010-03-08,3.4,4.6,1.5,-0.9,1.2,82,1.8,1.4,0.28,7.0,6.99,11.1
2010-03-09,3.1,6.7,0.5,-2.1,1.5,62,0.0,0.0,0.0,0.0,7.02,13.1
2010-03-10,5.0,11.3,-1.5,1.0,7.1,61,0.0,0.0,0.0,0.0,4.74,8.8
2010-03-11,10.5,18.3,4.3,6.9,14.7,56,0.0,0.0,0.0,0.0,5.36,10.1
2010-03-12,15.0,22.7,8.0,12.5,20.7,55,0.0,0.0,0.0,0.0,4.44,8.3
2010-03-13,15.5,19.5,12.0,13.9,17.8,71,0.0,0.0,0.0,0.0,4.16,7.9
2010-03-14,12.1,15.8,7.8,9.9,14.6,89,22.2,22.2,0.0,19.0,7.1,11.2
2010-03-15,11.6,16.1,7.9,7.6,12.6,65,0.0,0.0,0.0,0.0,6.89,12.4
2010-03-16,13.5,19.1,9.0,11.8,17.3,64,0.0,0.0,0.0,0.0,3.71,7.5
2010-03-17,15.8,22.4,10.5,14.6,21.3,68,0.0,0.0,0.0,0.0,4.28,7.9
2010-03-18,17.6,23.8,11.4,16.9,23.6,68,0.0,0.0,0.0,0.0,3.69,6.8
2010-03-19,21.7,29.5,14.7,20.7,28.1,60,0.0,0.0,0.0,0.0,7.21,12.3
2010-03-20,20.4,23.2,15.2,17.4,22.0,46,0.4,0.4,0.0,1.0,8.5,15.4
2010-03-21,16.9,21.2,12.2,13.6,17.9,46,0.0,0.0,0.0,0.0,6.27,10.9
2010-03-22,16.6,21.3,10.5,14.5,21.2,70,7.8,7.8,0.0,12.0,8.96,15.2
2010-03-23,9.0,10.8,7.4,5.0,7.0,85,29.4,29.4,0.0,18.0,6.94,11.2
2010-03-24,7.6,9.0,7.0,3.8,5.3,86,19.0,19.0,0.0,19.0,7.03,11.8
2010-03-25,11.1,16.6,6.5,7.8,12.4,60,0.0,0.0,0.0,0.0,6.61,12.0
2010-03-26,11.8,17.2,6.6,8.7,14.2,55,0.0,0.0,0.0,0.0,5.02,9.8
2010-03-27,14.7,20.5,11.2,13.1,19.7,58,0.1,0.1,0.0,1.0,2.64,5.7
2010-03-28,16.6,22.6,10.6,14.9,21.7,59,0.0,0.0,0.0,0.0,3.31,7.2
2010-03-29,16.4,17.9,15.2,13.6,14.9,60,0.2,0.2,0.0,1.0,7.0,12.1
2010-03-30,13.9,15.7,12.9,13.2,14.7,86,13.4,13.4,0.0,16.0,3.98,7.6
2010-03-31,14.2,16.7,11.6,14.3,16.7,93,18.1,18.1,0.0,8.0,5.94,10.4
2010-04-01,14.0,16.9,12.1,10.7,13.3,78,24.4,24.4,0.0,13.0,9.08,14.7
2010-04-02,14.1,18.0,10.8,12.5,16.8,68,0.0,0.0,0.0,0.0,3.32,5.5
2010-04-03,15.0,18.5,12.2,13.0,17.1,63,0.0,0.0,0.0,0.0,4.76,9.7
2010-04-04,15.8,19.6,12.0,15.5,20.4,72,0.0,0.0,0.0,0.0,2.58,6.2
2010-04-05,18.3,23.4,13.8,18.6,23.0,75,0.0,0.0,0.0,0.0,2.78,6.4
2010-04-06,16.7,19.7,12.7,14.1,20.5,70,0.4,0.4,0.0,2.0,9.44,15.7
2010-04-07,13.0,15.3,10.5,10.1,11.6,56,0.0,0.0,0.0,0.0,4.79,7.8
2010-04-08,14.0,18.2,9.9,12.0,16.9,57,0.0,0.0,0.0,0.0,4.0,8.2
2010-04-09,16.2,21.4,11.5,14.5,21.3,69,0.0,0.0,0.0,0.0,5.57,9.1
2010-04-10,16.2,17.7,14.6,15.0,16.3,76,0.5,0.5,0.0,1.0,4.38,7.0
2010-04-11,13.3,15.2,11.8,11.8,14.8,90,23.7,23.7,0.0,16.0,5.43,8.5
2010-04-12,12.5,15.1,10.7,9.8,13.4,85,0.6,0.6,0.0,3.0,8.09,14.3
2010-04-13,10.2,11.3,8.7,6.0,7.4,64,2.6,2.6,0.0,2.0,6.91,10.9
2010-04-14,7.0,9.2,6.1,3.5,6.4,84,15.2,15.2,0.0,14.0,6.81,11.0
2010-04-15,7.8,11.2,4.4,5.4,9.2,75,0.0,0.0,0.0,0.0,3.5,5.5
2010-04-16,12.3,18.9,6.8,10.6,16.8,73,0.0,0.0,0.0,0.0,3.89,8.0
2010-04-17,15.8,19.8,11.4,14.8,18.9,72,2.4,2.4,0.0,4.0,4.13,7.5
2010-04-18,16.0,17.0,14.5,16.8,18.2,92,7.9,7.9,0.0,15.0,1.99,7.3
2010-04-19,18.8,21.5,16.5,20.5,23.5,87,0.0,0.0,0.0,0.0,2.28,5.2
2010-04-20,19.3,20.4,18.0,20.3,22.2,92,4.7,4.7,0.0,11.0,5.69,9.1
2010-04-21,15.1,18.0,12.5,12.6,17.8,87,35.5,35.5,0.0,14.0,9.04,14.6
2010-04-22,14.3,17.7,11.6,12.1,15.4,74,0.0,0.0,0.0,0.0,6.69,10.9
2010-04-23,16.9,22.9,12.6,16.2,23.3,67,0.0,0.0,0.0,0.0,3.25,6.0
2010-04-24,18.0,22.3,13.4,16.2,21.5,58,0.0,0.0,0.0,0.0,4.9,9.7
2010-04-25,16.0,17.6,14.4,15.2,16.2,79,11.5,11.5,0.0,13.0,3.5,5.6
2010-04-26,17.5,22.3,14.1,16.8,21.1,70,0.7,0.7,0.0,2.0,3.91,7.7
2010-04-27,20.0,25.7,14.3,19.3,24.3,64,0.0,0.0,0.0,0.0,5.33,9.7
2010-04-28,20.6,24.1,16.4,18.2,21.8,47,0.0,0.0,0.0,0.0,6.08,11.1
2010-04-29,19.9,25.4,15.1,18.6,25.9,53,0.0,0.0,0.0,0.0,4.48,8.5
2010-04-30,20.9,24.4,17.6,21.1,24.8,67,3.6,3.6,0.0,5.0,3.45,8.0
2010-05-01,23.6,30.3,18.0,25.3,33.3,67,0.0,0.0,0.0,0.0,2.82,7.5
2010-05-02,25.9,32.2,20.1,27.9,34.3,67,0.0,0.0,0.0,0.0,5.55,9.7
2010-05-03,27.2,33.1,20.3,28.7,34.6,60,0.0,0.0,0.0,0.0,5.17,9.1
2010-05-04,24.5,27.3,21.1,26.1,28.9,75,45.5,45.5,0.0,11.0,5.58,14.3
2010-05-05,24.3,28.4,21.4,27.6,31.4,81,2.3,2.3,0.0,7.0,2.62,8.9
2010-05-06,22.0,24.5,17.8,21.3,28.5,65,0.4,0.4,0.0,1.0,6.91,12.2
2010-05-07,20.0,24.9,14.9,20.2,26.6,61,4.3,4.3,0.0,4.0,3.41,6.9
2010-05-08,17.8,18.6,17.3,18.6,19.2,88,19.6,19.6,0.0,13.0,3.21,5.8
2010-05-09,19.8,23.8,16.9,19.6,22.8,76,0.0,0.0,0.0,0.0,5.25,9.8
2010-05-10,22.1,26.1,18.3,23.2,28.5,65,0.0,0.0,0.0,0.0,3.01,5.2
2010-05-11,23.6,28.3,19.2,25.1,31.0,66,0.0,0.0,0.0,0.0,2.71,5.0
2010-05-12,22.5,25.8,20.3,23.4,27.5,74,5.5,5.5,0.0,8.0,4.59,8.5
2010-05-13,18.9,20.3,17.5,18.9,20.6,84,11.9,11.9,0.0,19.0,5.66,11.1
2010-05-14,19.6,22.1,17.3,20.3,24.3,74,0.5,0.5,0.0,1.0,3.49,6.4
2010-05-15,19.5,20.8,18.3,21.0,22.0,84,3.5,3.5,0.0,4.0,2.61,5.4
2010-05-16,21.1,22.7,19.8,23.3,25.5,89,9.4,9.4,0.0,8.0,4.96,9.1
2010-05-17,20.7,21.4,19.7,23.2,24.3,92,22.4,22.4,0.0,23.0,3.52,8.6
2010-05-18,20.9,24.1,17.7,22.1,25.3,81,1.0,1.0,0.0,2.0,4.8,8.5
2010-05-19,20.7,24.7,17.1,22.0,26.9,72,1.1,1.1,0.0,2.0,2.36,5.4
2010-05-20,22.3,26.7,17.3,24.4,30.5,72,2.1,2.1,0.0,3.0,1.98,5.8
2010-05-21,20.0,21.9,18.7,21.9,24.3,94,31.3,31.3,0.0,22.0,3.79,7.7
2010-05-22,18.9,20.7,17.7,18.7,19.9,84,0.0,0.0,0.0,0.0,5.23,10.5
2010-05-23,21.3,27.1,16.4,22.8,29.0,73,0.0,0.0,0.0,0.0,2.5,5.7
2010-05-24,25.0,31.5,18.4,27.2,34.3,68,0.0,0.0,0.0,0.0,3.53,7.0
2010-05-25,27.5,32.8,20.8,30.3,36.0,68,0.0,0.0,0.0,0.0,4.52,8.3
2010-05-26,25.3,27.0,23.1,27.6,30.7,76,1.8,1.8,0.0,4.0,5.22,8.9
2010-05-27,22.3,23.3,21.0,24.7,26.7,87,19.0,19.0,0.0,17.0,3.88,6.9
2010-05-28,22.4,25.7,20.3,24.8,28.0,86,5.8,5.8,0.0,9.0,4.44,7.4
2010-05-29,24.5,28.9,21.6,27.5,31.7,76,0.0,0.0,0.0,0.0,2.25,4.6
2010-05-30,25.8,30.5,21.1,28.7,34.3,69,0.0,0.0,0.0,0.0,2.72,5.9
2010-05-31,26.9,31.5,23.6,29.5,35.1,68,1.5,1.5,0.0,2.0,5.8,8.0
2010-06-01,24.2,26.0,21.3,25.9,27.8,72,0.4,0.4,0.0,1.0,5.25,9.1
2010-06-02,23.9,27.8,20.8,25.8,29.7,69,0.0,0.0,0.0,0.0,3.72,7.7
2010-06-03,25.4,28.2,22.9,27.8,30.0,67,0.2,0.2,0.0,1.0,2.32,5.4
2010-06-04,24.6,28.3,20.8,26.7,30.4,65,0.0,0.0,0.0,0.0,2.28,6.0
2010-06-05,25.1,28.9,21.3,27.5,31.2,66,0.0,0.0,0.0,0.0,2.0,6.3
2010-06-06,25.6,29.4,21.5,28.0,32.0,69,0.0,0.0,0.0,0.0,2.92,6.9
2010-06-07,23.8,26.2,21.0,25.3,27.4,75,29.4,29.4,0.0,9.0,6.41,10.3
2010-06-08,20.3,21.3,18.5,21.1,22.2,92,46.4,46.4,0.0,22.0,6.69,11.2
2010-06-09,20.0,22.2,18.2,19.8,21.9,82,0.9,0.9,0.0,3.0,6.54,10.3
2010-06-10,21.3,24.5,18.5,22.5,26.2,78,0.7,0.7,0.0,1.0,3.98,7.6
2010-06-11,23.7,28.3,18.9,26.0,30.9,72,0.0,0.0,0.0,0.0,2.1,5.4
2010-06-12,25.0,29.1,20.4,28.2,33.4,73,0.0,0.0,0.0,0.0,2.31,3.8
2010-06-13,24.3,26.0,23.4,27.6,28.8,79,0.3,0.3,0.0,1.0,3.41,5.0
2010-06-14,24.7,27.1,22.2,27.9,29.8,76,0.3,0.3,0.0,3.0,2.47,5.3
2010-06-15,26.3,30.7,21.6,29.9,34.7,73,0.0,0.0,0.0,0.0,2.24,5.1
2010-06-16,28.8,32.4,26.1,33.4,37.4,72,0.0,0.0,0.0,0.0,3.44,6.7
2010-06-17,28.5,31.3,26.2,33.3,35.4,77,0.1,0.1,0.0,1.0,3.49,6.9
2010-06-18,29.5,33.7,25.4,35.2,39.6,76,0.0,0.0,0.0,0.0,3.31,7.5
2010-06-19,29.1,31.3,27.1,34.7,36.5,78,4.9,4.9,0.0,8.0,4.02,7.3
2010-06-20,28.7,32.9,25.6,33.6,37.2,76,7.2,7.2,0.0,5.0,4.47,11.0
2010-06-21,28.6,32.1,25.9,33.7,37.5,73,0.2,0.2,0.0,1.0,2.2,5.1
2010-06-22,28.7,31.9,26.0,33.7,37.3,77,2.1,2.1,0.0,2.0,3.91,7.3
2010-06-23,28.6,32.3,26.2,34.1,38.7,78,1.8,1.8,0.0,3.0,3.31,6.8
2010-06-24,27.4,30.8,24.9,32.1,36.7,77,1.6,1.6,0.0,3.0,3.52,8.3
2010-06-25,27.0,29.8,24.6,31.1,33.8,78,0.4,0.4,0.0,1.0,4.33,9.5
2010-06-26,27.7,30.5,24.9,32.1,35.4,74,0.0,0.0,0.0,0.0,2.83,6.1
2010-06-27,28.4,31.5,25.1,32.8,36.6,74,0.1,0.1,0.0,1.0,3.35,6.9
2010-06-28,28.3,29.7,27.1,33.8,35.2,83,3.6,3.6,0.0,10.0,3.2,7.3
2010-06-29,29.7,33.0,27.2,35.2,37.2,80,0.4,0.4,0.0,3.0,5.55,10.4
2010-06-30,31.9,35.7,28.2,37.2,40.7,71,0.0,0.0,0.0,0.0,5.66,11.7
2010-07-01,32.6,35.5,30.3,36.7,39.5,65,0.0,0.0,0.0,0.0,7.51,12.6
2010-07-02,32.7,35.6,30.4,37.1,39.9,65,0.0,0.0,0.0,0.0,7.12,13.4
2010-07-03,32.3,34.9,30.4,37.7,40.4,68,4.2,4.2,0.0,4.0,6.3,12.2
2010-07-04,31.6,34.0,29.3,37.9,40.0,74,0.9,0.9,0.0,3.0,4.26,9.7
2010-07-05,28.9,30.6,27.5,35.3,37.8,85,15.4,15.4,0.0,22.0,3.53,7.0
2010-07-06,30.2,34.0,27.4,36.8,40.9,78,4.5,4.5,0.0,8.0,2.33,6.4
2010-07-07,30.6,33.5,27.9,37.0,41.0,80,0.6,0.6,0.0,3.0,3.76,6.9
2010-07-08,28.2,30.2,26.1,34.4,37.2,90,61.7,61.7,0.0,21.0,4.74,10.5
2010-07-09,27.2,28.8,25.4,33.7,35.4,93,35.9,35.9,0.0,23.0,3.2,8.8
2010-07-10,27.5,31.5,25.6,33.0,37.0,89,26.5,26.5,0.0,19.0,4.53,12.1
2010-07-11,25.1,25.7,24.1,30.1,31.1,94,42.9,42.9,0.0,24.0,3.6,15.2
2010-07-12,25.0,25.8,23.5,30.4,31.9,95,100.8,100.8,0.0,20.0,2.16,9.4
2010-07-13,25.0,25.8,23.9,30.4,31.9,94,49.4,49.4,0.0,24.0,2.05,8.0
2010-07-14,25.7,28.0,24.5,31.0,33.5,91,21.6,21.6,0.0,17.0,2.77,9.1
2010-07-15,27.0,30.2,25.3,32.6,36.5,91,13.0,13.0,0.0,15.0,3.26,11.7
2010-07-16,28.8,32.0,26.2,34.7,37.9,86,3.5,3.5,0.0,5.0,4.31,9.7
2010-07-17,29.9,32.0,28.0,35.3,36.8,78,0.0,0.0,0.0,0.0,5.0,11.2
2010-07-18,30.9,34.2,28.7,36.2,38.9,73,0.2,0.2,0.0,1.0,4.43,10.1
2010-07-19,30.6,34.1,28.4,35.8,38.8,74,0.0,0.0,0.0,0.0,5.68,12.0
2010-07-20,27.9,29.8,26.2,34.3,36.3,88,9.4,9.4,0.0,19.0,3.04,8.3
2010-07-21,28.0,30.1,26.6,33.5,36.2,88,12.5,12.5,0.0,13.0,4.3,9.6
2010-07-22,29.4,32.4,27.3,34.7,38.6,79,0.0,0.0,0.0,0.0,4.66,7.6
2010-07-23,29.9,33.6,27.4,34.9,40.2,77,1.3,1.3,0.0,5.0,4.52,7.9
2010-07-24,29.7,33.3,27.7,35.2,39.9,77,2.5,2.5,0.0,3.0,4.46,7.7
2010-07-25,29.6,33.0,27.6,35.6,39.3,80,0.6,0.6,0.0,3.0,3.31,6.5
2010-07-26,30.1,33.9,27.3,37.1,42.4,80,1.6,1.6,0.0,9.0,2.45,5.2
2010-07-27,30.4,33.4,28.0,37.2,40.6,76,0.7,0.7,0.0,2.0,2.28,4.4
2010-07-28,31.3,35.0,28.1,38.2,42.3,77,2.6,2.6,0.0,4.0,3.8,7.8
2010-07-29,32.3,35.6,29.1,38.3,41.5,72,0.0,0.0,0.0,0.0,5.24,9.7
2010-07-30,32.2,35.6,29.6,38.0,40.8,71,0.0,0.0,0.0,0.0,4.89,8.8
2010-07-31,31.9,35.3,28.4,37.5,41.3,72,3.4,3.4,0.0,4.0,5.92,10.2
2010-08-01,31.9,35.2,29.0,36.9,39.9,69,0.8,0.8,0.0,2.0,6.51,12.5
2010-08-02,32.9,36.2,29.4,39.0,41.6,68,0.0,0.0,0.0,0.0,4.97,9.2
2010-08-03,33.5,37.6,29.9,40.0,43.6,67,0.0,0.0,0.0,0.0,4.84,8.6
2010-08-04,34.6,38.8,30.2,42.0,45.5,67,0.0,0.0,0.0,0.0,3.44,6.8
2010-08-05,33.5,38.9,30.0,40.3,46.0,68,0.1,0.1,0.0,1.0,4.12,8.3
2010-08-06,29.5,33.2,27.7,35.6,40.4,81,29.7,29.7,0.0,8.0,3.93,7.8
2010-08-07,29.4,32.1,27.5,35.4,38.0,82,9.1,9.1,0.0,8.0,3.38,6.9
2010-08-08,31.1,34.7,27.9,38.1,42.9,77,0.0,0.0,0.0,0.0,2.26,5.4
2010-08-09,31.8,34.8,28.8,39.2,42.5,76,0.1,0.1,0.0,1.0,2.58,5.0
2010-08-10,32.9,36.5,30.0,40.8,45.7,74,0.0,0.0,0.0,0.0,2.26,6.1
2010-08-11,33.7,36.7,30.0,40.8,43.2,72,0.0,0.0,0.0,0.0,5.23,8.9
2010-08-12,33.9,37.0,31.5,39.5,41.9,65,0.0,0.0,0.0,0.0,6.55,11.6
2010-08-13,33.9,36.9,31.5,39.2,42.0,63,0.0,0.0,0.0,0.0,6.53,11.5
2010-08-14,33.0,37.1,29.2,37.9,41.0,65,0.1,0.1,0.0,1.0,6.34,11.3
2010-08-15,29.5,31.5,27.2,35.4,37.9,81,3.9,3.9,0.0,6.0,3.85,9.2
2010-08-16,26.3,27.8,24.3,31.7,34.1,89,47.7,47.7,0.0,16.0,3.21,9.6
2010-08-17,29.2,33.3,25.9,35.6,40.2,80,0.2,0.2,0.0,2.0,2.47,7.3
2010-08-18,30.7,34.9,27.7,37.4,42.1,79,0.1,0.1,0.0,1.0,3.13,7.8
2010-08-19,31.0,35.3,28.0,36.4,40.8,75,0.0,0.0,0.0,0.0,4.65,9.3
2010-08-20,28.4,31.9,25.0,33.5,37.9,82,8.3,8.3,0.0,6.0,4.62,9.1
2010-08-21,29.8,34.0,26.2,35.6,39.7,76,0.0,0.0,0.0,0.0,2.97,7.4
2010-08-22,30.1,33.6,27.0,35.9,40.2,77,0.5,0.5,0.0,1.0,5.43,8.0
2010-08-23,27.6,30.8,25.5,32.3,37.6,84,1.5,1.5,0.0,2.0,5.36,8.4
2010-08-24,26.2,28.9,22.7,30.0,33.8,84,2.1,2.1,0.0,4.0,5.9,8.4
2010-08-25,23.5,25.9,21.9,25.8,29.1,83,0.0,0.0,0.0,0.0,4.84,7.2
2010-08-26,21.9,22.9,20.7,24.1,26.2,90,26.6,26.6,0.0,23.0,4.15,7.9
2010-08-27,23.3,26.5,20.7,25.7,28.6,84,12.9,12.9,0.0,11.0,4.02,6.9
2010-08-28,24.9,28.9,21.6,28.0,31.6,78,0.0,0.0,0.0,0.0,3.7,6.3
2010-08-29,26.3,30.7,21.7,30.2,35.1,72,0.0,0.0,0.0,0.0,1.75,4.1
2010-08-30,27.6,31.1,23.5,31.9,35.9,70,0.0,0.0,0.0,0.0,1.63,4.0
2010-08-31,27.7,31.8,24.1,31.8,36.1,74,0.1,0.1,0.0,1.0,3.76,6.2
2010-09-01,28.1,31.8,25.1,31.0,34.7,72,0.0,0.0,0.0,0.0,5.82,10.2
2010-09-02,27.0,29.2,24.9,29.5,31.3,76,0.4,0.4,0.0,2.0,6.14,11.4
2010-09-03,23.5,24.7,22.2,25.6,27.4,88,24.2,24.2,0.0,21.0,6.59,10.6
2010-09-04,24.0,26.0,22.1,27.6,30.3,90,56.9,56.9,0.0,14.0,4.22,7.0
2010-09-05,25.7,28.7,23.8,30.5,33.7,89,6.2,6.2,0.0,8.0,3.1,5.8
2010-09-06,27.8,31.4,25.0,33.5,37.9,85,1.7,1.7,0.0,2.0,3.05,7.7
2010-09-07,27.2,30.9,24.8,32.9,38.6,88,14.7,14.7,0.0,13.0,4.47,10.0
2010-09-08,25.1,28.7,22.9,27.5,31.9,79,0.0,0.0,0.0,0.0,5.02,7.8
2010-09-09,24.2,27.1,22.3,27.0,30.9,85,0.0,0.0,0.0,0.0,4.18,6.8
2010-09-10,23.4,25.3,22.1,25.5,27.2,87,2.6,2.6,0.0,7.0,5.73,9.9
2010-09-11,24.3,27.8,21.5,27.4,31.2,80,0.4,0.4,0.0,2.0,2.94,5.7
2010-09-12,26.0,29.4,23.2,30.1,32.9,80,0.4,0.4,0.0,2.0,2.3,5.2
2010-09-13,26.5,29.1,24.2,31.0,32.8,83,5.8,5.8,0.0,8.0,3.67,7.2
2010-09-14,27.1,30.8,24.9,32.6,37.4,86,3.2,3.2,0.0,8.0,2.3,8.0
2010-09-15,28.7,32.4,25.6,34.6,39.3,81,0.0,0.0,0.0,0.0,2.73,7.5
2010-09-16,30.2,34.5,27.0,36.0,40.6,76,0.0,0.0,0.0,0.0,3.14,6.2
2010-09-17,31.3,35.8,27.9,37.1,41.4,73,0.0,0.0,0.0,0.0,3.41,7.2
2010-09-18,31.7,35.9,28.6,38.1,43.0,74,0.2,0.2,0.0,1.0,3.38,6.8
2010-09-19,30.3,33.5,27.1,36.6,39.6,78,0.0,0.0,0.0,0.0,2.91,5.8
2010-09-20,28.8,32.9,25.6,34.1,39.2,79,0.0,0.0,0.0,0.0,3.11,6.8
2010-09-21,28.8,32.4,21.9,32.4,36.6,73,4.3,4.3,0.0,6.0,9.58,14.1
2010-09-22,17.8,20.7,15.5,15.5,18.6,87,17.2,17.2,0.0,20.0,9.81,15.1
2010-09-23,17.4,20.5,15.0,17.2,20.9,81,10.3,10.3,0.0,10.0,5.6,9.6
2010-09-24,19.2,21.3,17.3,20.1,21.2,80,0.0,0.0,0.0,0.0,3.38,6.3
2010-09-25,18.4,19.1,17.7,19.4,20.2,91,2.3,2.3,0.0,6.0,3.45,5.8
2010-09-26,18.6,21.1,16.6,19.8,22.6,90,5.3,5.3,0.0,15.0,3.98,6.4
2010-09-27,20.2,22.2,18.3,22.5,24.3,87,2.7,2.7,0.0,7.0,1.63,4.0
2010-09-28,19.7,20.7,18.1,22.0,23.5,94,9.6,9.6,0.0,15.0,3.76,9.0
2010-09-29,19.0,22.3,17.1,19.8,23.5,83,6.1,6.1,0.0,6.0,4.6,8.0
2010-09-30,20.0,24.4,16.1,21.4,26.1,80,0.0,0.0,0.0,0.0,2.57,5.9
2010-10-01,20.8,23.1,19.1,22.6,24.9,84,10.5,10.5,0.0,14.0,3.7,6.6
2010-10-02,20.9,24.4,18.6,21.9,25.3,78,5.3,5.3,0.0,5.0,4.22,8.7
2010-10-03,20.4,26.3,16.0,20.7,26.2,70,0.0,0.0,0.0,0.0,3.05,6.5
2010-10-04,20.4,26.3,14.5,20.4,26.2,62,0.0,0.0,0.0,0.0,2.83,4.7
2010-10-05,20.9,26.5,16.8,21.6,27.7,67,0.0,0.0,0.0,0.0,2.86,4.2
2010-10-06,21.0,25.5,16.4,21.6,25.9,68,0.0,0.0,0.0,0.0,2.61,6.0
2010-10-07,20.9,24.5,18.0,22.0,24.8,74,0.2,0.2,0.0,1.0,2.61,4.6
2010-10-08,21.6,26.3,15.5,23.7,28.8,78,0.0,0.0,0.0,0.0,2.16,4.2
2010-10-09,22.3,27.2,17.5,23.6,28.4,73,0.0,0.0,0.0,0.0,3.62,7.0
2010-10-10,20.6,23.7,18.1,21.0,24.1,74,11.0,11.0,0.0,10.0,3.98,8.3
2010-10-11,20.1,23.4,17.8,21.0,24.1,82,1.6,1.6,0.0,3.0,4.34,6.8
2010-10-12,19.2,19.7,18.5,20.8,22.2,91,18.5,18.5,0.0,17.0,2.86,5.6
2010-10-13,17.3,18.5,16.3,17.7,19.8,96,25.6,25.6,0.0,24.0,4.55,6.9
2010-10-14,16.2,17.7,15.2,16.5,19.0,92,18.6,18.6,0.0,16.0,4.2,6.6
2010-10-15,18.1,22.2,14.1,19.1,24.1,83,0.0,0.0,0.0,0.0,2.53,3.9
2010-10-16,18.7,24.0,13.5,19.7,25.1,84,0.0,0.0,0.0,0.0,2.82,5.7
2010-10-17,20.3,26.7,16.2,21.0,27.7,75,0.0,0.0,0.0,0.0,2.97,6.4
2010-10-18,18.9,21.4,16.0,19.7,22.4,82,0.0,0.0,0.0,0.0,2.7,5.4
2010-10-19,18.9,23.7,14.8,19.4,24.1,82,0.0,0.0,0.0,0.0,3.88,7.4
2010-10-20,18.7,22.6,16.7,18.2,22.3,77,0.0,0.0,0.0,0.0,5.0,8.8
2010-10-21,18.3,22.4,15.1,18.3,23.3,78,0.0,0.0,0.0,0.0,3.94,6.8
2010-10-22,18.4,24.7,14.4,18.7,24.8,78,0.0,0.0,0.0,0.0,3.14,6.3
2010-10-23,19.0,23.5,15.3,19.5,24.3,79,0.0,0.0,0.0,0.0,3.08,6.1
2010-10-24,19.4,22.8,17.1,19.8,23.3,80,0.0,0.0,0.0,0.0,5.25,9.0
2010-10-25,15.4,19.9,11.4,12.1,18.1,78,1.5,1.5,0.0,6.0,8.95,14.4
2010-10-26,13.0,15.3,11.3,8.4,11.0,54,0.1,0.1,0.0,1.0,7.41,11.1
2010-10-27,11.8,15.0,9.2,8.3,11.7,59,0.6,0.6,0.0,3.0,5.15,9.6
2010-10-28,12.2,17.1,7.8,9.3,13.6,59,0.0,0.0,0.0,0.0,4.31,7.9
2010-10-29,14.0,17.3,10.6,11.6,14.6,59,0.0,0.0,0.0,0.0,3.53,6.0
2010-10-30,13.6,19.6,7.8,11.9,17.9,65,0.0,0.0,0.0,0.0,2.69,4.3
2010-10-31,14.3,20.4,8.9,13.0,19.5,71,0.0,0.0,0.0,0.0,2.75,5.6
2010-11-01,14.8,20.1,10.0,12.8,16.9,67,0.0,0.0,0.0,0.0,4.11,8.1
2010-11-02,14.8,18.8,12.1,13.4,16.2,74,0.0,0.0,0.0,0.0,3.76,6.6
2010-11-03,15.1,19.4,12.2,14.4,18.4,74,0.0,0.0,0.0,0.0,3.14,4.8
2010-11-04,14.9,20.3,9.7,14.4,19.9,74,0.0,0.0,0.0,0.0,2.82,4.0
2010-11-05,16.0,21.3,8.8,15.6,20.7,71,0.0,0.0,0.0,0.0,2.88,3.3
2010-11-06,15.7,21.4,10.6,15.1,20.7,74,0.0,0.0,0.0,0.0,3.0,4.6
2010-11-07,16.7,23.5,10.7,16.2,22.1,72,0.0,0.0,0.0,0.0,3.04,7.1
2010-11-08,15.8,21.8,12.4,13.4,19.3,55,0.0,0.0,0.0,0.0,3.63,7.2
2010-11-09,16.0,22.5,10.9,14.4,19.6,64,0.0,0.0,0.0,0.0,3.91,7.2
2010-11-10,17.1,24.5,12.1,15.5,22.6,63,0.0,0.0,0.0,0.0,3.75,6.8
2010-11-11,15.6,20.6,12.3,14.4,18.8,76,1.9,1.9,0.0,3.0,6.57,13.0
2010-11-12,15.5,21.6,10.1,14.1,19.2,73,0.0,0.0,0.0,0.0,3.83,7.8
2010-11-13,17.2,23.3,13.8,15.7,21.6,63,0.6,0.6,0.0,1.0,4.34,7.2
2010-11-14,13.1,15.9,8.4,9.4,13.2,65,0.7,0.7,0.0,2.0,8.1,13.0
2010-11-15,8.9,9.8,8.1,5.7,7.6,88,5.7,5.7,0.0,16.0,7.19,11.6
2010-11-16,9.8,12.7,7.3,8.1,11.0,83,0.5,0.5,0.0,2.0,2.65,4.9
2010-11-17,10.6,13.8,6.4,9.5,12.9,86,0.0,0.0,0.0,0.0,2.33,4.4
2010-11-18,11.0,15.1,8.1,9.8,14.4,86,0.0,0.0,0.0,0.0,2.36,4.4
2010-11-19,12.8,18.6,9.0,11.5,17.4,79,0.0,0.0,0.0,0.0,2.69,5.1
2010-11-20,14.8,21.2,9.7,13.4,19.7,73,0.0,0.0,0.0,0.0,3.62,5.8
2010-11-21,14.6,17.1,12.8,13.8,16.7,79,1.5,1.5,0.0,6.0,5.32,9.4
2010-11-22,12.0,16.0,8.7,8.1,12.3,45,0.0,0.0,0.0,0.0,6.14,9.6
2010-11-23,11.0,15.8,6.9,8.3,12.8,61,0.0,0.0,0.0,0.0,3.76,7.9
2010-11-24,10.5,14.6,7.2,8.4,12.6,73,0.0,0.0,0.0,0.0,2.91,5.0
2010-11-25,9.9,15.2,5.6,8.1,14.0,79,0.0,0.0,0.0,0.0,2.8,4.2
2010-11-26,11.7,17.1,7.8,9.8,15.0,76,0.0,0.0,0.0,0.0,2.92,5.1
2010-11-27,13.3,18.2,8.5,12.3,17.4,77,0.0,0.0,0.0,0.0,2.77,4.2
2010-11-28,14.1,17.9,11.9,13.2,16.9,76,0.0,0.0,0.0,0.0,2.46,5.3
2010-11-29,14.6,19.0,9.1,14.3,18.5,78,0.0,0.0,0.0,0.0,2.06,3.3
2010-11-30,14.5,20.7,10.7,13.4,18.9,74,0.0,0.0,0.0,0.0,3.01,5.1
2010-12-01,14.0,18.7,9.2,12.9,17.4,76,0.0,0.0,0.0,0.0,3.04,4.8
2010-12-02,14.5,20.5,10.3,12.7,18.3,71,0.0,0.0,0.0,0.0,3.55,7.2
2010-12-03,12.7,17.9,8.2,9.5,14.1,55,0.0,0.0,0.0,0.0,4.62,8.7
2010-12-04,13.9,20.9,8.9,11.7,17.6,64,0.0,0.0,0.0,0.0,3.91,7.3
2010-12-05,15.2,21.3,10.9,14.1,20.5,71,0.0,0.0,0.0,0.0,5.63,7.9
2010-12-06,11.4,14.6,8.4,5.8,9.9,47,0.0,0.0,0.0,0.0,8.83,14.8
2010-12-07,8.5,13.8,3.2,4.6,8.8,52,0.0,0.0,0.0,0.0,4.83,8.9
2010-12-08,10.6,17.1,6.1,7.2,13.4,58,0.0,0.0,0.0,0.0,4.2,7.9
2010-12-09,11.0,18.9,5.6,8.2,15.4,69,0.0,0.0,0.0,0.0,4.03,7.7
2010-12-10,12.6,18.7,8.0,10.6,17.1,67,0.0,0.0,0.0,0.0,3.01,4.9
2010-12-11,12.2,14.8,9.8,8.2,11.1,42,0.6,0.6,0.0,1.0,5.92,9.9
2010-12-12,9.4,11.0,8.6,7.6,8.8,85,16.8,16.8,0.0,21.0,3.21,5.0
2010-12-13,8.8,10.2,5.1,5.7,8.4,87,1.5,1.5,0.0,8.0,6.17,10.0
2010-12-14,3.3,5.1,1.0,-2.0,0.1,84,1.9,1.9,0.0,7.0,7.37,11.6
2010-12-15,0.2,1.2,-1.4,-5.5,-4.3,86,8.6,0.9,5.46,16.0,8.66,13.4
2010-12-16,1.7,5.8,-2.0,-2.8,0.7,57,0.0,0.0,0.0,0.0,4.81,9.0
2010-12-17,4.1,9.1,1.1,0.3,5.4,76,0.0,0.0,0.0,0.0,3.88,7.6
2010-12-18,5.7,10.0,1.1,2.7,7.1,77,0.0,0.0,0.0,0.0,3.45,6.5
2010-12-19,8.7,13.5,4.3,6.4,11.0,76,0.0,0.0,0.0,0.0,2.86,4.9
2010-12-20,7.9,13.0,2.0,5.8,11.3,78,0.0,0.0,0.0,0.0,2.8,4.1
2010-12-21,9.4,16.3,3.7,6.7,13.1,72,0.0,0.0,0.0,0.0,3.27,7.1
2010-12-22,9.1,16.8,4.3,6.7,14.4,75,0.0,0.0,0.0,0.0,3.12,4.9
2010-12-23,9.6,15.6,5.4,5.9,11.4,70,0.0,0.0,0.0,0.0,7.38,12.1
2010-12-24,4.2,8.4,0.1,-1.7,3.5,72,3.6,1.2,1.68,11.0,7.75,13.2
2010-12-25,0.7,2.5,-0.5,-4.2,-1.2,62,0.9,0.0,0.63,4.0,6.26,9.9
2010-12-26,2.3,5.9,-0.4,-1.7,2.2,82,0.0,0.0,0.0,0.0,4.96,8.8
2010-12-27,4.6,11.4,1.2,1.1,7.6,77,0.0,0.0,0.0,0.0,3.36,7.1
2010-12-28,4.8,9.7,-0.1,2.3,7.1,88,0.0,0.0,0.0,0.0,2.5,4.9
2010-12-29,7.8,13.1,3.2,4.1,9.3,62,0.0,0.0,0.0,0.0,5.34,9.7
2010-12-30,5.0,8.4,1.2,-0.1,3.5,31,0.0,0.0,0.0,0.0,5.96,9.6
2010-12-31,2.0,5.2,-1.8,-3.2,-0.0,32,0.0,0.0,0.0,0.0,4.26,6.6
2011-01-01,1.2,3.7,-1.1,-4.2,-1.7,34,0.0,0.0,0.0,0.0,5.11,8.2
2011-01-02,-0.6,1.0,-1.5,-5.0,-3.7,75,4.0,0.0,2.94,13.0,3.58,6.4
2011-01-03,-0.3,2.2,-3.0,-4.0,-0.9,77,0.3,0.1,0.14,1.0,2.95,7.0
2011-01-04,1.2,4.1,-1.5,-2.0,1.2,71,0.0,0.0,0.0,0.0,2.04,3.9
2011-01-05,3.0,4.4,0.9,-0.9,0.7,66,0.0,0.0,0.0,0.0,5.02,8.0
2011-01-06,1.2,3.9,-1.2,-4.2,-1.9,52,0.0,0.0,0.0,0.0,5.59,10.2
2011-01-07,0.1,4.0,-3.2,-4.2,0.6,48,0.0,0.0,0.0,0.0,3.51,5.6
2011-01-08,1.4,5.9,-3.8,-2.2,2.8,64,0.0,0.0,0.0,0.0,2.68,4.3
2011-01-09,3.0,5.5,0.1,-3.3,-0.4,36,0.0,0.0,0.0,0.0,7.86,13.2
2011-01-10,0.3,3.7,-3.0,-4.5,-0.5,38,0.0,0.0,0.0,0.0,4.88,7.9
2011-01-11,1.6,6.8,-3.5,-2.7,2.5,53,0.0,0.0,0.0,0.0,4.33,8.8
2011-01-12,1.4,7.4,-4.2,-2.8,3.0,60,0.0,0.0,0.0,0.0,3.7,6.8
2011-01-13,3.4,7.2,0.0,-0.5,3.4,54,0.0,0.0,0.0,0.0,3.08,5.9
2011-01-14,6.2,10.0,2.7,2.1,5.8,50,0.0,0.0,0.0,0.0,5.68,8.9
2011-01-15,3.3,6.0,-0.3,-2.8,-0.4,38,0.0,0.0,0.0,0.0,7.28,11.7
2011-01-16,0.4,3.8,-3.7,-4.1,-0.2,50,0.0,0.0,0.0,0.0,3.47,6.1
2011-01-17,1.5,2.8,0.2,-2.3,-0.8,54,0.0,0.0,0.0,0.0,2.28,4.6
2011-01-18,-0.3,0.6,-1.4,-3.6,-2.1,85,2.6,0.0,1.96,8.0,2.67,4.1
2011-01-19,0.8,2.2,-0.5,-2.8,-1.5,80,0.7,0.1,0.42,4.0,2.73,5.9
2011-01-20,0.5,1.7,-1.1,-3.5,-2.0,88,2.7,0.0,1.96,7.0,3.81,6.2
2011-01-21,1.2,3.7,-1.8,-2.0,1.1,81,0.0,0.0,0.0,0.0,3.24,5.7
2011-01-22,1.6,2.4,-0.3,-1.4,-0.2,87,0.0,0.0,0.0,0.0,2.77,6.1
2011-01-23,2.6,7.0,-1.3,-1.0,3.2,76,0.0,0.0,0.0,0.0,3.98,7.3
2011-01-24,3.1,6.9,-1.2,-0.7,3.7,61,0.0,0.0,0.0,0.0,3.81,7.0
2011-01-25,4.2,8.0,0.1,0.6,4.4,59,0.0,0.0,0.0,0.0,2.76,6.2
2011-01-26,5.0,6.4,3.0,1.7,2.9,61,0.0,0.0,0.0,0.0,2.56,5.8
2011-01-27,3.3,4.5,1.8,-0.2,1.4,76,0.3,0.3,0.0,3.0,4.12,6.5
2011-01-28,2.5,5.2,0.2,-2.2,0.0,76,0.0,0.0,0.0,0.0,5.45,10.0
2011-01-29,2.2,5.6,-1.5,-2.2,0.8,62,0.0,0.0,0.0,0.0,5.1,8.1
2011-01-30,2.3,5.9,-1.5,-1.8,2.3,54,0.0,0.0,0.0,0.0,3.58,5.6
2011-01-31,2.4,7.0,-3.1,-1.3,3.8,58,0.0,0.0,0.0,0.0,2.87,5.5
2011-02-01,5.3,10.1,0.4,1.6,6.3,57,0.0,0.0,0.0,0.0,3.32,7.4
2011-02-02,5.0,12.0,-0.4,1.3,8.4,63,0.0,0.0,0.0,0.0,3.4,7.1
2011-02-03,6.3,13.6,0.8,3.3,11.4,63,0.0,0.0,0.0,0.0,2.8,4.3
2011-02-04,8.3,15.2,1.3,5.3,13.6,62,0.0,0.0,0.0,0.0,3.0,4.5
2011-02-05,9.7,16.4,3.0,6.9,13.8,65,0.0,0.0,0.0,0.0,3.89,8.3
2011-02-06,12.0,18.2,6.0,9.7,15.9,61,0.0,0.0,0.0,0.0,2.91,5.9
2011-02-07,12.1,17.4,9.4,10.1,15.9,69,0.0,0.0,0.0,0.0,2.92,5.2
2011-02-08,13.8,19.0,10.1,11.9,17.7,66,0.0,0.0,0.0,0.0,4.53,6.5
2011-02-09,9.4,11.9,4.3,5.8,8.8,77,5.4,5.4,0.0,17.0,6.69,10.4
2011-02-10,3.5,5.1,2.3,-1.5,1.2,82,2.2,2.2,0.0,11.0,6.97,11.2
2011-02-11,3.7,6.5,1.9,0.2,3.4,79,0.0,0.0,0.0,0.0,4.83,7.1
2011-02-12,3.7,5.1,2.7,-0.0,0.9,78,1.3,1.3,0.0,6.0,4.2,7.8
2011-02-13,4.5,8.2,1.5,1.6,4.8,76,0.0,0.0,0.0,0.0,3.22,6.9
2011-02-14,3.7,7.1,0.4,-0.8,2.8,61,0.0,0.0,0.0,0.0,5.19,9.8
2011-02-15,2.8,4.0,1.1,-1.6,0.3,66,0.0,0.0,0.0,0.0,5.03,9.1
2011-02-16,4.5,7.4,2.7,1.6,5.0,71,0.0,0.0,0.0,0.0,2.52,5.2
2011-02-17,7.1,11.5,3.8,4.6,9.5,66,0.0,0.0,0.0,0.0,2.83,4.1
2011-02-18,7.4,10.6,4.2,4.5,7.6,68,0.0,0.0,0.0,0.0,3.13,6.0
2011-02-19,8.2,11.6,3.6,5.8,9.5,64,0.0,0.0,0.0,0.0,2.31,4.5
2011-02-20,7.7,13.4,2.1,4.9,11.2,63,0.0,0.0,0.0,0.0,2.4,4.5
2011-02-21,9.4,14.9,4.4,6.3,11.8,60,0.0,0.0,0.0,0.0,3.58,7.6
2011-02-22,11.2,14.5,8.1,8.4,12.1,55,0.0,0.0,0.0,0.0,3.41,6.4
2011-02-23,12.2,18.3,7.7,10.2,16.1,66,0.0,0.0,0.0,0.0,2.96,5.9
2011-02-24,14.8,20.9,8.9,13.1,20.0,67,0.0,0.0,0.0,0.0,4.24,7.5
2011-02-25,14.8,17.4,10.9,12.6,15.9,75,5.5,5.5,0.0,8.0,6.16,11.6
2011-02-26,10.0,13.1,6.8,7.3,11.5,86,4.9,4.9,0.0,12.0,5.2,14.4
2011-02-27,4.5,6.8,2.9,-0.1,3.1,87,1.1,1.1,0.0,5.0,6.26,14.4
2011-02-28,2.6,3.5,1.7,-2.4,-1.4,87,6.6,6.6,0.0,17.0,6.7,10.2
2011-03-01,4.2,7.5,1.6,0.1,5.0,78,0.0,0.0,0.0,0.0,6.42,10.8
2011-03-02,5.2,7.8,2.0,2.6,5.7,78,0.0,0.0,0.0,0.0,2.42,5.3
2011-03-03,8.4,12.4,5.3,5.0,9.3,63,0.0,0.0,0.0,0.0,4.06,8.4
2011-03-04,8.3,12.8,3.9,5.0,10.0,63,0.6,0.6,0.0,2.0,3.98,8.2
2011-03-05,8.9,9.8,8.2,6.6,7.2,75,0.0,0.0,0.0,0.0,3.11,5.9
2011-03-06,8.9,11.9,7.0,6.2,7.9,80,1.4,1.4,0.0,8.0,5.39,9.5
2011-03-07,9.7,15.8,5.2,7.6,15.0,71,0.0,0.0,0.0,0.0,2.92,4.5
2011-03-08,12.1,18.2,7.4,9.7,15.9,62,0.0,0.0,0.0,0.0,3.61,7.0
2011-03-09,13.6,19.3,9.1,10.3,15.3,54,0.0,0.0,0.0,0.0,6.26,11.2
2011-03-10,11.9,16.3,7.2,9.1,14.2,49,0.0,0.0,0.0,0.0,4.25,6.5
2011-03-11,11.9,16.2,8.0,10.2,15.3,67,0.0,0.0,0.0,0.0,2.34,6.0
2011-03-12,13.4,19.7,8.8,11.5,17.6,70,0.0,0.0,0.0,0.0,3.83,7.8
2011-03-13,14.4,17.7,11.7,12.9,16.2,76,2.0,2.0,0.0,4.0,4.44,8.5
2011-03-14,12.6,17.3,5.0,8.7,14.4,68,1.0,1.0,0.0,4.0,10.3,17.4
2011-03-15,8.0,12.2,4.5,3.3,6.9,57,3.0,3.0,0.0,9.0,8.33,12.9
2011-03-16,10.5,15.9,4.6,7.2,12.1,53,0.0,0.0,0.0,0.0,3.28,6.6
2011-03-17,12.8,17.9,6.5,9.8,14.9,49,0.0,0.0,0.0,0.0,4.11,8.6
2011-03-18,13.3,15.8,10.7,11.1,13.7,68,0.1,0.1,0.0,1.0,4.75,9.0
2011-03-19,12.7,14.9,11.1,11.2,14.7,85,2.6,2.6,0.0,11.0,4.56,7.4
2011-03-20,10.5,12.1,8.8,7.9,10.9,91,7.0,7.0,0.0,10.0,7.12,11.1
2011-03-21,7.5,9.1,6.6,3.0,5.3,89,24.8,24.8,0.0,24.0,8.01,13.3
2011-03-22,9.3,12.4,6.9,6.1,9.9,71,4.0,4.0,0.0,7.0,5.24,9.5
2011-03-23,9.9,13.2,6.8,8.3,12.6,74,0.0,0.0,0.0,0.0,2.1,5.6
2011-03-24,11.2,15.6,7.6,8.0,11.7,61,0.0,0.0,0.0,0.0,5.63,10.2
2011-03-25,11.1,14.5,6.5,8.1,12.2,46,0.0,0.0,0.0,0.0,3.36,6.4
2011-03-26,13.1,17.7,8.5,10.7,16.2,51,0.0,0.0,0.0,0.0,2.4,5.3
2011-03-27,14.5,19.7,10.2,12.7,18.6,53,0.0,0.0,0.0,0.0,2.84,4.8
2011-03-28,14.8,20.9,9.0,12.6,18.7,56,0.0,0.0,0.0,0.0,3.7,7.1
2011-03-29,16.2,22.1,10.3,14.4,21.6,55,0.0,0.0,0.0,0.0,3.41,5.5
2011-03-30,16.7,22.1,11.8,14.1,21.0,47,0.0,0.0,0.0,0.0,4.33,8.8
2011-03-31,17.0,21.4,13.0,15.1,18.7,55,0.0,0.0,0.0,0.0,2.94,6.2
2011-04-01,19.5,25.9,14.8,18.6,24.9,59,0.0,0.0,0.0,0.0,3.04,5.9
2011-04-02,13.3,18.3,6.8,9.5,18.1,72,6.7,6.7,0.0,9.0,8.93,15.0
2011-04-03,7.3,10.9,5.1,3.2,7.8,77,3.7,3.7,0.0,13.0,7.62,12.6
2011-04-04,10.7,14.9,4.5,8.6,14.0,60,0.0,0.0,0.0,0.0,2.61,5.7
2011-04-05,13.6,17.5,9.2,10.9,14.2,60,0.0,0.0,0.0,0.0,5.3,10.1
2011-04-06,11.5,14.0,10.1,10.5,12.8,88,4.2,4.2,0.0,12.0,2.4,3.9
2011-04-07,12.3,15.6,8.6,11.7,16.1,85,0.0,0.0,0.0,0.0,2.66,5.2
2011-04-08,15.8,20.2,11.0,15.6,21.2,74,0.2,0.2,0.0,1.0,2.24,5.2
2011-04-09,18.5,22.6,14.7,18.6,23.8,70,0.0,0.0,0.0,0.0,3.41,6.3
2011-04-10,18.9,23.2,14.6,18.8,24.8,70,0.0,0.0,0.0,0.0,6.96,11.6
2011-04-11,17.8,21.8,14.2,15.5,21.0,48,0.3,0.3,0.0,1.0,6.63,11.1
2011-04-12,14.5,16.4,12.9,14.0,16.0,76,6.3,6.3,0.0,8.0,2.11,6.6
2011-04-13,16.8,20.6,13.9,16.8,20.0,78,2.2,2.2,0.0,3.0,3.55,7.1
2011-04-14,21.2,27.6,16.2,22.9,30.1,80,4.2,4.2,0.0,5.0,3.61,11.3
2011-04-15,23.1,26.2,20.8,26.3,30.9,84,10.6,10.6,0.0,12.0,3.01,8.5
2011-04-16,20.9,23.2,17.7,21.8,25.2,74,2.9,2.9,0.0,7.0,4.32,7.6
2011-04-17,20.4,25.6,15.7,20.3,25.9,63,0.0,0.0,0.0,0.0,4.21,7.5
2011-04-18,20.4,24.1,16.8,18.8,23.3,53,0.0,0.0,0.0,0.0,6.13,10.5
2011-04-19,18.6,23.4,13.1,16.7,22.5,49,0.0,0.0,0.0,0.0,4.34,7.2
2011-04-20,20.7,26.9,14.9,19.0,25.2,50,1.5,1.5,0.0,3.0,5.3,9.3
2011-04-21,19.4,20.9,18.0,20.3,22.1,82,5.8,5.8,0.0,15.0,4.14,7.8
2011-04-22,19.5,23.7,17.0,19.0,23.2,70,0.0,0.0,0.0,0.0,5.79,10.4
2011-04-23,21.6,28.4,14.7,21.8,28.4,66,0.0,0.0,0.0,0.0,4.69,9.6
2011-04-24,22.5,27.2,18.1,23.1,29.1,60,0.0,0.0,0.0,0.0,4.32,7.8
2011-04-25,24.3,30.0,18.3,23.7,28.7,59,0.0,0.0,0.0,0.0,8.09,14.2
2011-04-26,25.7,31.2,21.1,26.5,33.7,56,0.0,0.0,0.0,0.0,5.24,9.0
2011-04-27,23.9,28.8,19.5,23.3,26.8,54,0.0,0.0,0.0,0.0,6.57,11.3
2011-04-28,23.4,29.0,18.8,22.5,28.3,49,0.0,0.0,0.0,0.0,5.81,10.2
2011-04-29,27.3,32.7,22.2,27.5,32.4,58,0.0,0.0,0.0,0.0,9.08,15.7
2011-04-30,25.2,27.9,22.2,27.7,31.4,78,4.1,4.1,0.0,8.0,5.64,10.8
2011-05-01,25.0,29.0,21.7,24.7,28.7,52,0.0,0.0,0.0,0.0,6.16,8.9
2011-05-02,17.8,22.5,13.3,14.7,18.9,57,10.8,10.8,0.0,12.0,7.86,12.8
2011-05-03,16.6,19.6,13.9,16.1,19.5,79,0.0,0.0,0.0,0.0,5.32,8.6
2011-05-04,19.1,22.1,16.6,19.5,23.5,69,0.0,0.0,0.0,0.0,2.91,6.5
2011-05-05,21.4,26.6,16.6,21.7,27.0,69,0.0,0.0,0.0,0.0,4.92,9.4
2011-05-06,25.0,30.9,19.1,27.1,33.9,69,0.0,0.0,0.0,0.0,4.88,10.2
2011-05-07,28.5,33.3,23.4,32.0,36.4,69,0.0,0.0,0.0,0.0,4.73,9.4
2011-05-08,29.3,32.9,25.8,32.3,35.7,67,3.9,3.9,0.0,3.0,7.03,12.9
2011-05-09,28.0,32.2,24.5,30.9,35.2,71,2.8,2.8,0.0,7.0,5.71,11.3
2011-05-10,23.3,29.2,16.2,25.2,34.8,83,29.2,29.2,0.0,21.0,8.22,16.6
2011-05-11,20.2,24.7,16.0,19.8,25.3,71,4.2,4.2,0.0,5.0,6.32,10.0
2011-05-12,23.4,27.5,19.3,24.2,28.9,65,0.0,0.0,0.0,0.0,4.84,8.8
2011-05-13,23.5,28.3,17.2,22.7,28.2,44,0.0,0.0,0.0,0.0,3.92,6.6
2011-05-14,22.0,24.3,20.2,21.9,24.4,56,0.7,0.7,0.0,2.0,4.33,6.1
2011-05-15,21.9,25.8,18.3,22.5,26.7,65,0.0,0.0,0.0,0.0,3.89,6.4
2011-05-16,22.0,28.3,17.2,23.2,29.4,69,0.0,0.0,0.0,0.0,3.26,6.8
2011-05-17,25.4,31.6,19.0,26.0,31.8,60,0.0,0.0,0.0,0.0,5.65,9.9
2011-05-18,28.8,34.2,24.5,28.2,33.4,44,0.0,0.0,0.0,0.0,6.98,12.2
2011-05-19,29.0,35.2,23.4,30.5,37.3,51,0.0,0.0,0.0,0.0,4.31,8.6
2011-05-20,28.5,34.2,23.0,31.1,37.9,60,0.0,0.0,0.0,0.0,7.78,7.9
2011-05-21,20.3,25.5,14.7,17.8,24.9,70,15.0,15.0,0.0,9.0,9.92,15.7
2011-05-22,13.9,15.1,12.3,11.6,13.9,90,39.2,39.2,0.0,19.0,6.73,11.2
2011-05-23,15.2,17.9,12.4,13.8,17.9,78,0.0,0.0,0.0,0.0,6.55,10.3
2011-05-24,17.6,19.4,16.0,18.3,19.7,80,0.0,0.0,0.0,0.0,1.94,3.8
2011-05-25,19.5,23.0,16.5,20.4,24.6,75,0.0,0.0,0.0,0.0,1.9,4.3
2011-05-26,21.4,26.9,16.2,22.8,29.1,70,0.0,0.0,0.0,0.0,2.59,5.3
2011-05-27,24.2,28.9,19.2,26.3,31.8,64,0.0,0.0,0.0,0.0,2.44,4.6
2011-05-28,24.9,29.8,20.2,27.2,33.4,66,0.0,0.0,0.0,0.0,2.83,6.3
2011-05-29,24.9,29.0,21.2,25.7,30.7,60,0.0,0.0,0.0,0.0,4.7,9.1
2011-05-30,25.6,31.4,19.7,27.7,34.3,62,0.0,0.0,0.0,0.0,3.4,5.4
2011-05-31,20.6,24.2,18.1,21.9,25.9,82,10.1,10.1,0.0,8.0,5.22,9.0
2011-06-01,22.8,27.9,18.1,25.6,31.1,79,0.0,0.0,0.0,0.0,2.34,4.7
2011-06-02,24.6,27.9,21.2,27.9,32.0,81,0.0,0.0,0.0,0.0,3.51,6.7
2011-06-03,23.0,26.5,20.4,25.3,29.3,79,11.3,11.3,0.0,6.0,4.31,8.0
2011-06-04,21.2,22.3,19.3,24.3,25.7,91,34.8,34.8,0.0,18.0,2.6,10.3
2011-06-05,22.5,24.4,21.1,26.2,28.1,90,1.8,1.8,0.0,7.0,1.8,4.2
2011-06-06,23.1,24.8,21.9,26.8,28.5,91,19.3,19.3,0.0,17.0,3.61,7.0
2011-06-07,25.1,30.0,21.5,28.8,34.2,82,0.0,0.0,0.0,0.0,3.38,7.6
2011-06-08,28.8,34.5,23.9,33.5,39.4,75,0.0,0.0,0.0,0.0,4.87,9.5
2011-06-09,28.7,32.0,25.5,33.9,38.3,80,36.1,36.1,0.0,14.0,4.3,10.3
2011-06-10,24.9,25.8,23.2,29.8,31.1,93,48.8,48.8,0.0,19.0,3.58,11.0
2011-06-11,26.5,28.8,24.5,31.8,33.7,85,0.0,0.0,0.0,0.0,2.24,4.9
2011-06-12,26.9,29.3,24.6,32.2,35.1,84,0.2,0.2,0.0,1.0,2.82,4.9
2011-06-13,25.1,27.5,22.8,28.2,30.8,76,4.9,4.9,0.0,7.0,3.3,10.4
2011-06-14,22.0,22.9,21.1,24.0,26.1,90,107.3,107.3,0.0,23.0,5.9,11.1
2011-06-15,23.1,25.2,20.7,26.5,28.7,87,3.0,3.0,0.0,4.0,3.22,6.0
2011-06-16,25.5,28.5,22.2,28.9,32.5,81,0.4,0.4,0.0,3.0,3.85,6.7
2011-06-17,26.4,29.5,24.3,30.9,34.8,87,19.2,19.2,0.0,19.0,3.69,8.6
2011-06-18,24.3,25.8,22.7,27.6,30.2,95,108.0,108.0,0.0,24.0,8.14,14.3
2011-06-19,24.6,27.6,21.9,27.8,30.4,83,0.2,0.2,0.0,1.0,3.91,7.9
2011-06-20,25.2,27.0,23.9,28.7,31.2,84,3.8,3.8,0.0,8.0,3.85,8.4
2011-06-21,27.3,31.2,24.7,32.6,37.1,84,1.8,1.8,0.0,3.0,3.4,6.1
2011-06-22,30.6,34.5,27.1,36.4,40.3,75,0.0,0.0,0.0,0.0,3.77,7.9
2011-06-23,30.3,33.3,27.5,35.8,39.5,75,0.3,0.3,0.0,3.0,3.76,8.2
2011-06-24,26.3,27.5,24.9,31.6,33.8,91,33.9,33.9,0.0,20.0,3.5,7.2
2011-06-25,26.5,29.4,24.2,28.6,30.6,75,0.0,0.0,0.0,0.0,7.5,13.2
2011-06-26,26.8,30.9,23.1,29.6,33.7,67,0.0,0.0,0.0,0.0,3.71,7.3
2011-06-27,28.5,32.7,24.8,32.6,36.6,69,0.0,0.0,0.0,0.0,3.42,7.0
2011-06-28,26.5,28.3,25.0,31.2,33.8,85,130.6,130.6,0.0,13.0,3.94,7.3
2011-06-29,28.2,32.1,25.4,33.6,38.4,81,0.6,0.6,0.0,5.0,3.31,7.3
2011-06-30,29.0,32.4,26.9,34.2,37.2,79,7.6,7.6,0.0,9.0,5.12,10.5
2011-07-01,30.7,34.0,27.7,35.3,38.9,72,0.5,0.5,0.0,2.0,7.15,14.6
2011-07-02,32.0,35.4,28.7,35.3,38.4,64,0.0,0.0,0.0,0.0,8.06,14.0
2011-07-03,32.3,35.1,30.1,35.2,37.9,60,0.0,0.0,0.0,0.0,7.83,13.3
2011-07-04,31.4,34.1,29.3,36.4,39.2,68,0.1,0.1,0.0,1.0,5.33,10.2
2011-07-05,32.1,35.3,29.3,37.5,40.5,67,0.0,0.0,0.0,0.0,5.52,12.0
2011-07-06,33.1,36.5,30.3,38.2,41.6,64,0.0,0.0,0.0,0.0,6.18,11.1
2011-07-07,27.7,31.0,23.7,31.2,36.7,76,1.4,1.4,0.0,4.0,6.18,10.8
2011-07-08,25.5,29.4,22.9,29.1,33.0,75,5.6,5.6,0.0,5.0,2.92,9.4
2011-07-09,28.2,33.0,23.2,33.0,38.3,70,0.0,0.0,0.0,0.0,2.02,4.2
2011-07-10,30.6,34.4,27.8,35.2,38.0,64,0.2,0.2,0.0,1.0,2.5,5.5
2011-07-11,29.9,33.7,27.9,35.4,38.8,74,1.5,1.5,0.0,5.0,4.08,6.6
2011-07-12,27.9,29.2,26.0,33.3,34.6,84,17.0,17.0,0.0,11.0,3.29,9.3
2011-07-13,27.5,28.5,25.9,32.4,34.1,80,0.0,0.0,0.0,0.0,2.68,6.1
2011-07-14,26.7,28.9,25.0,31.3,33.4,78,0.2,0.2,0.0,1.0,2.14,5.1
2011-07-15,25.9,28.1,24.3,29.1,31.6,75,0.4,0.4,0.0,2.0,4.08,7.4
2011-07-16,26.0,28.3,23.8,29.8,32.1,80,5.2,5.2,0.0,10.0,3.63,7.8
2011-07-17,27.0,29.6,24.6,32.0,34.5,84,5.8,5.8,0.0,10.0,3.81,7.3
2011-07-18,27.6,29.8,25.5,32.1,35.2,81,1.7,1.7,0.0,5.0,5.07,9.3
2011-07-19,28.0,31.1,25.2,32.2,35.3,75,0.6,0.6,0.0,4.0,4.12,7.9
2011-07-20,28.5,32.7,24.5,33.7,38.7,74,0.0,0.0,0.0,0.0,2.45,4.4
2011-07-21,30.8,34.8,26.7,36.3,40.4,70,0.0,0.0,0.0,0.0,3.01,6.1
2011-07-22,31.2,35.1,28.2,37.1,41.5,73,0.0,0.0,0.0,0.0,3.39,6.7
2011-07-23,30.9,33.3,28.4,37.7,40.0,78,3.7,3.7,0.0,4.0,3.57,8.9
2011-07-24,32.5,36.4,29.7,38.7,42.4,71,0.0,0.0,0.0,0.0,5.02,10.5
2011-07-25,33.2,36.7,30.2,38.6,42.1,65,0.3,0.3,0.0,1.0,5.8,11.1
2011-07-26,33.2,37.5,28.5,38.9,43.4,67,1.1,1.1,0.0,2.0,6.28,10.5
2011-07-27,30.2,33.7,26.7,35.8,39.0,75,2.3,2.3,0.0,5.0,4.24,11.4
2011-07-28,32.4,36.4,28.8,38.7,43.3,72,0.0,0.0,0.0,0.0,4.28,7.8
2011-07-29,33.3,37.2,29.8,39.5,43.5,66,0.0,0.0,0.0,0.0,3.72,7.5
2011-07-30,31.7,35.3,27.9,37.6,42.2,69,8.3,8.3,0.0,2.0,2.86,7.1
2011-07-31,29.7,33.1,27.4,36.0,41.0,79,8.4,8.4,0.0,9.0,3.71,6.0
2011-08-01,28.6,32.0,26.2,34.6,39.3,82,11.7,11.7,0.0,7.0,2.77,6.8
2011-08-02,27.7,31.5,25.9,32.9,36.5,83,11.1,11.1,0.0,14.0,3.45,7.4
2011-08-03,25.2,27.6,23.5,28.9,31.2,82,13.0,13.0,0.0,12.0,3.76,9.5
2011-08-04,27.0,30.4,24.1,31.6,35.1,77,0.0,0.0,0.0,0.0,2.2,4.5
2011-08-05,27.6,31.0,25.0,32.3,36.1,81,1.1,1.1,0.0,2.0,3.79,6.9
2011-08-06,26.4,28.1,25.6,30.7,32.6,89,8.4,8.4,0.0,13.0,4.46,7.2
2011-08-07,26.8,29.3,24.9,31.7,34.3,87,1.7,1.7,0.0,3.0,4.1,6.9
2011-08-08,27.5,30.8,24.1,33.0,36.3,83,6.0,6.0,0.0,11.0,2.81,4.6
2011-08-09,29.3,33.2,26.0,35.3,38.8,78,0.2,0.2,0.0,2.0,2.97,5.4
2011-08-10,28.2,31.0,25.9,34.0,36.8,86,24.2,24.2,0.0,18.0,4.85,6.6
2011-08-11,27.2,29.7,25.4,33.0,34.9,87,27.3,27.3,0.0,18.0,3.89,7.8
2011-08-12,29.8,33.8,26.6,35.8,40.0,79,0.7,0.7,0.0,5.0,3.58,8.7
2011-08-13,31.1,34.8,28.4,36.7,39.3,75,0.1,0.1,0.0,1.0,6.36,12.9
2011-08-14,32.2,35.5,29.4,37.1,39.8,68,0.0,0.0,0.0,0.0,7.02,12.3
2011-08-15,32.4,35.2,30.1,36.7,39.5,67,0.0,0.0,0.0,0.0,7.73,13.3
2011-08-16,32.1,34.5,29.5,36.1,39.3,66,0.0,0.0,0.0,0.0,7.43,12.4
2011-08-17,31.8,35.6,28.8,37.2,40.8,68,0.0,0.0,0.0,0.0,5.35,9.1
2011-08-18,32.3,35.6,29.7,37.8,40.9,68,0.0,0.0,0.0,0.0,5.64,9.7
2011-08-19,30.1,33.9,27.1,36.0,38.7,76,0.0,0.0,0.0,0.0,4.57,9.2
2011-08-20,29.2,32.9,26.2,34.9,39.3,77,0.0,0.0,0.0,0.0,3.74,8.2
2011-08-21,28.4,33.4,25.0,33.6,39.9,80,0.4,0.4,0.0,1.0,4.0,9.8
2011-08-22,24.5,26.4,22.7,27.2,29.3,87,3.7,3.7,0.0,7.0,5.26,10.0
2011-08-23,22.9,24.1,22.0,25.5,27.9,92,44.4,44.4,0.0,18.0,5.55,9.5
2011-08-24,23.7,26.6,21.2,25.3,27.9,77,0.0,0.0,0.0,0.0,5.33,10.4
2011-08-25,24.7,28.0,21.2,27.7,31.7,76,0.0,0.0,0.0,0.0,2.86,5.6
2011-08-26,25.4,28.1,23.1,29.1,31.9,81,0.5,0.5,0.0,3.0,2.64,6.4
2011-08-27,25.8,28.8,23.6,29.4,32.2,80,0.0,0.0,0.0,0.0,3.77,6.3
2011-08-28,26.8,30.9,23.7,31.0,35.5,78,0.0,0.0,0.0,0.0,3.47,6.2
2011-08-29,27.9,32.1,24.6,32.7,36.9,77,0.1,0.1,0.0,1.0,2.82,6.0
2011-08-30,28.1,32.2,25.3,32.7,36.5,78,0.0,0.0,0.0,0.0,4.4,8.6
2011-08-31,27.1,29.7,25.1,30.6,33.3,79,0.0,0.0,0.0,0.0,5.55,11.4
2011-09-01,28.7,32.8,25.2,33.4,38.0,76,0.0,0.0,0.0,0.0,3.88,7.2
2011-09-02,29.1,32.6,26.6,34.5,38.7,78,0.4,0.4,0.0,3.0,2.91,7.4
2011-09-03,29.2,33.3,26.3,34.7,39.5,77,0.0,0.0,0.0,0.0,2.83,6.9
2011-09-04,28.7,32.3,25.9,34.3,38.5,79,0.2,0.2,0.0,2.0,2.69,5.8
2011-09-05,27.1,29.9,24.9,29.9,32.5,68,0.0,0.0,0.0,0.0,4.3,9.0
2011-09-06,22.8,24.6,20.3,23.7,26.3,75,15.5,15.5,0.0,9.0,5.42,9.4
2011-09-07,21.5,23.5,20.5,23.0,25.3,82,6.7,6.7,0.0,12.0,4.22,10.5
2011-09-08,20.2,20.8,19.3,21.0,21.4,86,2.6,2.6,0.0,5.0,4.44,7.6
2011-09-09,20.8,22.5,19.3,22.3,23.9,88,0.8,0.8,0.0,3.0,4.46,7.9
2011-09-10,21.8,23.6,20.4,24.7,27.0,91,14.1,14.1,0.0,11.0,3.04,5.9
2011-09-11,23.5,25.7,21.1,26.9,29.7,88,0.0,0.0,0.0,0.0,3.16,6.8
2011-09-12,26.1,31.0,22.8,30.6,35.8,81,0.0,0.0,0.0,0.0,2.28,5.4
2011-09-13,27.5,32.4,23.7,32.6,38.1,82,0.0,0.0,0.0,0.0,2.92,6.3
2011-09-14,28.4,31.5,25.7,33.9,37.1,79,0.1,0.1,0.0,1.0,2.14,6.8
2011-09-15,27.8,30.9,25.5,33.2,36.5,81,3.2,3.2,0.0,3.0,3.75,7.3
2011-09-16,25.6,29.0,23.1,29.1,33.3,82,0.3,0.3,0.0,1.0,3.82,6.3
2011-09-17,24.5,29.0,19.4,26.8,32.9,83,0.0,0.0,0.0,0.0,7.91,13.1
2011-09-18,17.9,19.2,16.1,15.4,17.3,76,0.0,0.0,0.0,0.0,7.6,12.7
2011-09-19,13.5,16.2,12.4,10.7,12.8,84,3.1,3.1,0.0,11.0,7.6,13.0
2011-09-20,15.4,18.4,13.0,14.5,17.4,80,0.3,0.3,0.0,1.0,3.67,6.7
2011-09-21,18.4,23.4,14.1,18.2,23.5,69,0.0,0.0,0.0,0.0,2.95,6.0
2011-09-22,19.1,23.7,15.9,19.8,23.6,77,0.0,0.0,0.0,0.0,2.38,4.5
2011-09-23,20.7,25.5,16.8,21.1,26.0,67,0.0,0.0,0.0,0.0,2.43,4.2
2011-09-24,22.0,26.9,17.6,23.3,28.4,66,0.0,0.0,0.0,0.0,2.44,4.6
2011-09-25,22.9,27.3,19.3,23.9,28.1,65,0.0,0.0,0.0,0.0,2.56,4.8
2011-09-26,23.3,27.3,19.1,25.3,28.9,73,0.0,0.0,0.0,0.0,2.48,4.9
2011-09-27,24.5,28.0,22.2,27.4,30.0,76,0.0,0.0,0.0,0.0,2.9,7.1
2011-09-28,24.6,29.0,21.1,27.3,31.6,78,0.0,0.0,0.0,0.0,6.71,9.8
2011-09-29,20.2,21.8,18.7,19.4,20.9,81,3.6,3.6,0.0,3.0,6.9,11.9
2011-09-30,18.4,18.9,16.7,18.5,19.7,91,32.7,32.7,0.0,23.0,5.28,8.5
2011-10-01,17.1,18.1,16.1,16.8,19.0,90,19.5,19.5,0.0,24.0,4.9,8.6
2011-10-02,16.7,17.5,15.7,15.9,17.8,90,21.4,21.4,0.0,24.0,5.71,9.8
2011-10-03,17.0,19.6,15.2,15.9,18.4,81,5.1,5.1,0.0,10.0,5.24,8.5
2011-10-04,17.9,21.7,14.4,17.5,21.9,68,0.0,0.0,0.0,0.0,3.45,5.9
2011-10-05,19.6,24.2,16.3,19.9,24.0,70,0.0,0.0,0.0,0.0,3.0,5.5
2011-10-06,20.4,25.9,17.2,21.5,27.7,75,0.0,0.0,0.0,0.0,2.62,4.0
2011-10-07,20.6,26.0,15.2,22.2,28.3,78,0.0,0.0,0.0,0.0,2.83,5.3
2011-10-08,21.1,27.3,16.1,21.8,27.9,73,0.0,0.0,0.0,0.0,3.39,7.6
2011-10-09,23.0,28.8,18.5,24.6,31.1,72,0.0,0.0,0.0,0.0,2.56,5.9
2011-10-10,24.0,29.4,20.3,26.4,32.2,75,0.0,0.0,0.0,0.0,3.19,5.9
2011-10-11,23.0,26.6,21.2,25.3,29.0,81,0.0,0.0,0.0,0.0,3.11,6.3
2011-10-12,20.8,22.6,18.2,22.5,25.1,87,0.4,0.4,0.0,3.0,5.0,8.1
2011-10-13,18.3,19.8,17.2,18.2,19.9,83,2.3,2.3,0.0,5.0,4.9,9.3
2011-10-14,20.3,26.0,15.8,21.0,26.7,72,0.0,0.0,0.0,0.0,2.45,4.9
2011-10-15,20.4,25.2,16.6,18.8,21.9,56,0.0,0.0,0.0,0.0,6.59,10.5
2011-10-16,17.9,23.2,14.2,17.3,21.7,71,0.0,0.0,0.0,0.0,2.89,6.1
2011-10-17,20.0,26.8,14.2,20.8,28.0,70,0.0,0.0,0.0,0.0,2.6,3.8
2011-10-18,20.5,26.3,16.1,20.0,24.6,64,0.0,0.0,0.0,0.0,4.25,8.7
2011-10-19,19.5,23.7,16.6,18.2,21.6,58,0.0,0.0,0.0,0.0,5.35,9.8
2011-10-20,19.1,21.5,16.6,19.3,21.5,68,0.3,0.3,0.0,1.0,2.55,5.4
2011-10-21,20.4,24.4,16.4,21.7,25.9,72,0.0,0.0,0.0,0.0,1.66,4.3
2011-10-22,18.7,21.8,15.5,19.1,21.7,80,4.0,4.0,0.0,4.0,3.81,7.5
2011-10-23,18.5,20.0,16.6,18.8,21.7,83,4.1,4.1,0.0,9.0,4.94,8.2
2011-10-24,15.1,16.9,12.8,12.9,15.7,87,5.9,5.9,0.0,15.0,7.01,11.5
2011-10-25,14.5,17.2,11.5,12.8,16.8,75,0.0,0.0,0.0,0.0,6.2,9.3
2011-10-26,14.9,18.4,12.4,13.9,17.5,74,0.0,0.0,0.0,0.0,3.16,6.9
2011-10-27,14.4,15.2,13.4,13.0,14.0,77,1.6,1.6,0.0,3.0,3.72,6.5
2011-10-28,13.8,14.6,12.7,12.9,14.6,82,0.0,0.0,0.0,0.0,3.03,4.7
2011-10-29,14.2,17.9,11.1,13.6,17.2,83,0.0,0.0,0.0,0.0,2.28,5.5
2011-10-30,16.0,18.3,13.5,15.9,18.0,83,0.0,0.0,0.0,0.0,3.58,7.2
2011-10-31,18.0,22.4,15.1,18.5,23.0,83,0.0,0.0,0.0,0.0,3.09,6.5
2011-11-01,19.4,24.2,15.9,20.2,25.1,78,0.0,0.0,0.0,0.0,2.43,5.6
2011-11-02,19.5,24.2,15.8,20.6,25.7,80,0.0,0.0,0.0,0.0,2.28,4.9
2011-11-03,19.2,23.3,16.5,20.2,24.4,83,0.0,0.0,0.0,0.0,3.25,5.5
2011-11-04,19.2,22.2,17.0,20.2,23.9,85,0.0,0.0,0.0,0.0,3.96,6.5
2011-11-05,17.9,19.0,16.2,18.2,19.4,89,3.9,3.9,0.0,7.0,4.77,7.6
2011-11-06,17.0,18.9,16.0,16.8,19.4,88,0.8,0.8,0.0,4.0,5.12,7.9
2011-11-07,16.5,17.7,13.8,16.5,18.3,93,3.4,3.4,0.0,10.0,6.35,10.5
2011-11-08,12.6,13.6,11.6,9.3,11.1,85,2.2,2.2,0.0,5.0,7.51,11.3
2011-11-09,13.2,14.6,11.8,10.2,12.1,72,0.0,0.0,0.0,0.0,5.85,9.8
2011-11-10,13.1,17.2,9.3,11.7,16.0,72,0.0,0.0,0.0,0.0,3.04,5.9
2011-11-11,13.2,18.9,8.4,12.3,17.8,82,0.0,0.0,0.0,0.0,2.86,6.2
2011-11-12,14.1,20.2,9.3,13.3,19.2,81,0.0,0.0,0.0,0.0,2.83,5.2
2011-11-13,13.9,18.8,10.3,12.6,17.5,75,0.0,0.0,0.0,0.0,2.69,5.3
2011-11-14,14.6,20.0,10.3,13.4,18.5,73,0.0,0.0,0.0,0.0,2.73,5.2
2011-11-15,15.5,20.4,12.2,14.7,19.6,77,0.0,0.0,0.0,0.0,2.82,6.3
2011-11-16,15.9,20.5,12.9,15.6,20.3,83,0.0,0.0,0.0,0.0,3.01,6.9
2011-11-17,17.2,21.4,14.9,17.7,22.8,85,0.0,0.0,0.0,0.0,2.51,5.4
2011-11-18,16.8,19.4,15.1,16.2,18.4,85,0.5,0.5,0.0,2.0,5.8,9.2
2011-11-19,15.8,20.3,13.3,14.0,17.9,74,0.1,0.1,0.0,1.0,5.61,10.6
2011-11-20,14.4,18.2,11.7,12.8,16.4,75,0.0,0.0,0.0,0.0,4.3,7.2
2011-11-21,13.9,18.4,10.9,11.7,15.4,72,0.0,0.0,0.0,0.0,5.11,9.5
2011-11-22,13.7,18.3,10.9,12.6,16.7,78,0.0,0.0,0.0,0.0,3.31,6.0
2011-11-23,12.6,17.8,9.2,10.2,14.3,69,0.0,0.0,0.0,0.0,4.6,9.4
2011-11-24,12.8,17.6,8.9,10.0,15.2,64,0.0,0.0,0.0,0.0,4.63,8.6
2011-11-25,13.1,19.1,9.5,11.5,17.6,75,0.0,0.0,0.0,0.0,3.13,5.8
2011-11-26,14.7,20.7,10.2,13.8,20.0,75,0.0,0.0,0.0,0.0,2.55,5.2
2011-11-27,16.0,19.1,13.2,15.4,18.2,77,1.8,1.8,0.0,6.0,3.19,8.4
2011-11-28,15.7,19.6,13.4,14.6,19.3,78,6.1,6.1,0.0,4.0,4.79,7.6
2011-11-29,11.9,14.4,6.0,9.4,13.7,88,5.5,5.5,0.0,11.0,7.9,12.6
2011-11-30,4.7,6.3,3.5,-1.1,0.9,85,5.5,5.5,0.0,12.0,8.8,14.1
2011-12-01,4.3,6.0,2.0,-0.4,1.6,69,0.0,0.0,0.0,0.0,6.72,11.5
2011-12-02,5.5,10.5,1.8,2.4,7.0,73,0.0,0.0,0.0,0.0,3.24,6.5
2011-12-03,7.0,12.3,3.0,4.3,9.3,79,0.0,0.0,0.0,0.0,3.27,6.2
2011-12-04,8.5,12.1,5.8,5.5,9.4,74,0.0,0.0,0.0,0.0,4.18,7.9
2011-12-05,8.6,9.8,7.0,6.1,7.8,79,0.7,0.7,0.0,2.0,3.5,5.8
2011-12-06,7.4,8.2,6.6,4.0,4.5,87,0.6,0.6,0.0,5.0,4.9,8.3
2011-12-07,6.5,6.9,6.2,2.7,3.3,91,2.4,2.4,0.0,10.0,5.97,9.8
2011-12-08,6.6,9.2,3.7,1.4,3.1,67,0.0,0.0,0.0,0.0,7.31,12.9
2011-12-09,3.7,7.2,1.2,-1.5,1.6,51,0.0,0.0,0.0,0.0,5.24,9.7
2011-12-10,3.2,8.6,-0.6,-0.8,3.7,61,0.0,0.0,0.0,0.0,4.74,8.7
2011-12-11,4.3,9.2,-0.7,1.3,5.8,66,0.0,0.0,0.0,0.0,2.37,4.0
2011-12-12,6.8,11.4,2.3,4.0,8.4,62,0.0,0.0,0.0,0.0,2.83,3.3
2011-12-13,7.2,12.3,2.4,4.6,9.8,65,0.0,0.0,0.0,0.0,2.0,3.4
2011-12-14,7.5,12.0,2.8,4.8,9.5,71,0.0,0.0,0.0,0.0,4.71,8.2
2011-12-15,7.1,9.8,3.9,3.0,6.0,69,0.0,0.0,0.0,0.0,5.0,8.7
2011-12-16,4.6,8.9,1.4,0.3,4.5,57,0.0,0.0,0.0,0.0,3.94,7.0
2011-12-17,4.1,7.0,0.5,0.4,3.7,62,0.0,0.0,0.0,0.0,3.52,6.9
2011-12-18,6.6,9.3,4.5,3.6,5.7,57,0.0,0.0,0.0,0.0,1.7,4.9
2011-12-19,5.0,10.6,0.9,1.7,7.1,71,0.0,0.0,0.0,0.0,2.65,5.7
2011-12-20,7.2,9.8,5.1,4.1,6.2,66,0.0,0.0,0.0,0.0,2.92,6.0
2011-12-21,7.1,9.2,5.7,3.2,5.0,69,0.0,0.0,0.0,0.0,5.1,7.8
2011-12-22,6.2,9.3,3.1,1.6,4.4,58,0.0,0.0,0.0,0.0,5.13,9.1
2011-12-23,3.6,8.9,0.0,-0.1,4.4,64,0.0,0.0,0.0,0.0,3.28,6.2
2011-12-24,4.5,11.5,-0.9,1.0,7.7,60,0.0,0.0,0.0,0.0,2.72,4.8
2011-12-25,5.9,10.9,1.0,2.7,7.4,63,0.0,0.0,0.0,0.0,3.21,4.2
2011-12-26,5.8,8.7,2.9,2.3,4.5,63,0.0,0.0,0.0,0.0,3.22,6.7
2011-12-27,7.3,8.5,4.8,4.3,5.5,62,0.0,0.0,0.0,0.0,2.38,5.1
2011-12-28,5.7,9.4,1.9,2.7,6.3,68,0.0,0.0,0.0,0.0,3.07,5.0
2011-12-29,6.2,8.2,4.5,2.8,5.0,75,0.0,0.0,0.0,0.0,4.22,6.6
2011-12-30,6.4,9.4,3.9,3.7,7.0,82,0.0,0.0,0.0,0.0,3.79,5.9
2011-12-31,7.3,10.3,4.6,5.0,7.4,79,0.0,0.0,0.0,0.0,2.9,6.5
2012-01-01,5.1,9.0,2.1,2.3,6.1,86,0.0,0.0,0.0,0.0,3.42,6.2
2012-01-02,5.5,6.4,4.6,2.7,3.4,81,0.0,0.0,0.0,0.0,3.11,4.8
2012-01-03,4.5,5.9,0.6,-0.0,2.3,64,0.0,0.0,0.0,0.0,6.1,9.9
2012-01-04,2.5,6.4,-1.4,-1.4,2.3,60,0.0,0.0,0.0,0.0,2.81,5.7
2012-01-05,3.1,5.7,0.3,-0.7,1.6,58,0.0,0.0,0.0,0.0,3.54,6.9
2012-01-06,4.2,9.2,-0.1,0.5,5.2,59,0.0,0.0,0.0,0.0,2.75,5.5
2012-01-07,3.2,5.3,0.8,-0.3,2.0,63,0.0,0.0,0.0,0.0,2.78,4.9
2012-01-08,4.4,6.8,2.1,1.4,4.2,68,0.0,0.0,0.0,0.0,2.38,4.6
2012-01-09,5.6,8.7,2.5,2.7,5.9,70,0.0,0.0,0.0,0.0,2.42,4.2
2012-01-10,5.7,8.3,2.6,2.4,4.9,72,0.0,0.0,0.0,0.0,4.37,7.3
2012-01-11,5.3,6.6,3.5,1.3,3.7,70,0.0,0.0,0.0,0.0,5.82,9.9
2012-01-12,4.7,6.1,3.7,1.7,3.7,74,0.0,0.0,0.0,0.0,2.51,5.9
2012-01-13,5.1,5.8,4.3,2.2,3.3,77,0.3,0.3,0.0,2.0,2.06,4.2
2012-01-14,4.0,4.9,2.9,0.8,2.3,92,7.0,7.0,0.0,10.0,3.69,6.1
2012-01-15,4.3,5.0,3.6,1.3,2.6,87,2.6,2.6,0.0,13.0,3.44,6.4
2012-01-16,4.7,5.6,3.6,2.4,3.6,89,2.1,2.1,0.0,7.0,2.11,4.7
2012-01-17,5.0,6.2,3.9,2.9,4.3,92,0.4,0.4,0.0,4.0,1.8,4.4
2012-01-18,5.4,7.3,3.7,2.6,4.6,88,0.0,0.0,0.0,0.0,4.39,7.1
2012-01-19,6.0,7.9,4.3,2.8,5.3,84,0.0,0.0,0.0,0.0,4.28,7.0
2012-01-20,5.2,6.3,3.1,1.7,3.2,90,2.7,2.7,0.0,12.0,5.77,9.5
2012-01-21,1.5,3.3,-0.3,-3.9,-1.5,84,3.7,0.2,2.45,16.0,7.28,11.7
2012-01-22,-0.1,1.5,-2.0,-5.5,-3.5,77,0.0,0.0,0.07,0.0,6.32,11.0
2012-01-23,-0.6,2.3,-3.2,-4.2,-0.3,78,0.0,0.0,0.0,0.0,3.55,5.5
2012-01-24,1.1,4.0,-2.1,-3.4,-1.0,62,0.0,0.0,0.0,0.0,5.0,9.1
2012-01-25,0.8,5.5,-3.8,-2.9,2.7,62,0.0,0.0,0.0,0.0,2.72,4.2
2012-01-26,2.7,7.3,-1.6,-0.7,5.3,69,0.0,0.0,0.0,0.0,2.92,6.3
2012-01-27,3.5,5.5,0.3,0.5,2.4,78,0.0,0.0,0.0,0.0,2.47,5.1
2012-01-28,5.5,8.3,3.0,2.3,4.9,75,0.0,0.0,0.0,0.0,3.69,7.6
2012-01-29,4.7,6.0,3.6,1.3,2.5,87,0.0,0.0,0.0,0.0,3.81,6.9
2012-01-30,5.2,7.3,3.9,2.2,4.7,80,0.0,0.0,0.0,0.0,4.13,6.3
2012-01-31,6.0,10.4,2.8,2.9,7.3,79,0.0,0.0,0.0,0.0,4.55,8.7
2012-02-01,4.8,8.8,2.8,0.6,4.5,80,0.0,0.0,0.0,0.0,6.73,11.2
2012-02-02,3.5,5.4,1.4,-1.2,1.2,61,0.0,0.0,0.0,0.0,6.36,10.4
2012-02-03,3.3,8.5,-1.2,-0.4,4.7,63,0.0,0.0,0.0,0.0,2.85,6.6
2012-02-04,3.5,4.7,1.8,0.1,1.9,78,0.0,0.0,0.0,0.0,3.59,7.7
2012-02-05,3.9,7.0,0.2,1.2,4.1,89,5.5,5.5,0.0,8.0,2.71,5.8
2012-02-06,7.2,9.9,6.0,3.7,5.9,82,3.9,3.9,0.0,11.0,5.41,10.4
2012-02-07,4.4,7.4,1.7,-1.5,2.6,39,0.0,0.0,0.0,0.0,7.08,11.8
2012-02-08,3.2,6.4,-0.5,-1.2,2.3,39,0.0,0.0,0.0,0.0,4.2,6.7
2012-02-09,3.1,4.4,0.9,-1.3,0.6,58,0.0,0.0,0.0,0.0,4.75,7.4
2012-02-10,2.7,6.6,0.1,-1.6,2.0,61,0.0,0.0,0.0,0.0,4.59,8.8
2012-02-11,3.8,7.7,-0.3,0.2,4.9,67,0.0,0.0,0.0,0.0,3.48,6.9
2012-02-12,5.1,6.0,4.3,1.9,2.7,73,0.0,0.0,0.0,0.0,3.61,6.2
2012-02-13,4.1,5.0,3.3,0.9,2.0,82,1.6,1.6,0.0,4.0,3.57,7.4
2012-02-14,4.0,4.5,3.1,0.8,1.5,88,3.4,3.4,0.0,11.0,4.33,6.1
2012-02-15,4.4,5.4,3.9,1.0,2.3,91,3.7,3.7,0.0,10.0,4.44,7.1
2012-02-16,5.3,7.9,3.4,2.2,4.7,82,0.0,0.0,0.0,0.0,3.51,6.6
2012-02-17,5.8,9.8,2.8,1.9,6.1,65,0.0,0.0,0.0,0.0,4.56,8.5
2012-02-18,4.9,8.9,1.0,1.1,6.0,55,0.0,0.0,0.0,0.0,3.74,6.3
2012-02-19,6.5,11.1,1.5,2.7,7.6,56,0.0,0.0,0.0,0.0,4.03,7.6
2012-02-20,6.6,7.6,5.5,2.9,4.2,62,0.0,0.0,0.0,0.0,3.55,5.8
2012-02-21,7.7,8.9,5.8,5.4,7.1,81,5.4,5.4,0.0,10.0,2.85,4.9
2012-02-22,8.2,9.1,6.9,6.7,7.7,92,13.5,13.5,0.0,14.0,2.31,6.1
2012-02-23,7.6,8.6,6.0,4.3,6.2,89,7.4,7.4,0.0,14.0,5.59,8.9
2012-02-24,4.9,5.9,3.9,0.8,2.4,80,1.6,1.6,0.0,8.0,5.28,8.6
2012-02-25,4.3,6.3,2.6,-0.4,1.9,70,1.8,1.8,0.0,9.0,6.02,10.0
2012-02-26,4.1,6.5,1.8,0.6,2.9,72,0.5,0.5,0.0,3.0,4.43,6.7
2012-02-27,5.2,6.6,3.7,2.3,3.2,71,0.0,0.0,0.0,0.0,3.12,6.6
2012-02-28,5.9,9.4,1.8,2.6,6.3,71,0.0,0.0,0.0,0.0,4.21,7.9
2012-02-29,5.2,6.4,4.6,2.3,4.7,84,0.5,0.5,0.0,1.0,3.96,6.2
2012-03-01,5.5,6.8,3.0,3.5,4.5,88,0.9,0.9,0.0,2.0,1.61,5.6
2012-03-02,6.1,7.7,4.0,3.0,4.7,83,0.1,0.1,0.0,1.0,4.88,8.9
2012-03-03,5.6,6.2,4.8,2.8,3.5,90,10.1,10.1,0.0,12.0,3.73,7.0
2012-03-04,4.1,5.0,3.7,1.0,2.2,92,16.4,16.4,0.0,20.0,3.62,5.8
2012-03-05,5.7,8.8,3.5,3.1,6.4,82,0.0,0.0,0.0,0.0,3.07,5.4
2012-03-06,7.8,12.2,3.7,5.2,9.5,79,0.6,0.6,0.0,3.0,3.54,7.7
2012-03-07,7.9,8.8,7.1,5.7,6.9,89,7.2,7.2,0.0,16.0,3.64,6.3
2012-03-08,6.1,6.9,5.3,2.8,3.8,86,4.1,4.1,0.0,12.0,4.36,7.4
2012-03-09,6.1,8.7,3.4,2.8,5.6,73,0.0,0.0,0.0,0.0,4.42,7.0
2012-03-10,6.9,11.9,3.5,4.3,10.4,73,0.0,0.0,0.0,0.0,2.88,4.5
2012-03-11,8.8,13.2,4.3,6.3,10.0,73,0.0,0.0,0.0,0.0,3.26,7.1
2012-03-12,8.3,12.2,3.6,5.9,10.1,71,0.0,0.0,0.0,0.0,2.75,7.3
2012-03-13,11.0,16.6,5.6,9.1,15.4,69,0.0,0.0,0.0,0.0,3.1,5.0
2012-03-14,13.3,18.0,8.3,11.0,16.8,65,0.0,0.0,0.0,0.0,3.75,7.8
2012-03-15,12.2,14.7,10.3,11.0,12.5,88,8.7,8.7,0.0,15.0,4.2,7.5
2012-03-16,9.6,10.9,8.4,7.7,10.1,86,1.4,1.4,0.0,3.0,4.08,6.4
2012-03-17,10.5,12.3,9.0,9.6,11.6,88,3.9,3.9,0.0,6.0,1.87,10.0
2012-03-18,11.6,16.9,7.9,10.5,16.1,89,0.0,0.0,0.0,0.0,4.0,7.8
2012-03-19,9.7,12.5,5.5,6.8,11.4,88,7.1,7.1,0.0,10.0,6.86,10.5
2012-03-20,6.7,8.8,5.3,3.6,6.3,89,0.9,0.9,0.0,5.0,5.41,9.0
2012-03-21,10.4,15.0,7.7,7.9,13.5,80,6.6,6.6,0.0,3.0,5.22,13.0
2012-03-22,7.4,10.0,6.3,3.4,7.2,90,35.4,35.4,0.0,24.0,6.55,15.0
2012-03-23,10.6,16.8,6.6,7.5,13.4,69,2.0,2.0,0.0,4.0,7.65,13.1
2012-03-24,12.7,19.4,7.2,10.4,17.6,58,0.0,0.0,0.0,0.0,3.38,5.3
2012-03-25,14.4,22.0,8.6,12.3,20.9,57,0.0,0.0,0.0,0.0,3.54,5.8
2012-03-26,17.3,25.2,9.9,15.5,24.2,57,0.0,0.0,0.0,0.0,3.35,6.7
2012-03-27,18.9,26.3,12.3,17.6,25.7,56,0.0,0.0,0.0,0.0,3.34,5.6
2012-03-28,20.5,26.4,15.3,19.1,25.2,58,0.0,0.0,0.0,0.0,5.37,9.4
2012-03-29,18.1,20.3,15.9,18.3,20.2,76,1.8,1.8,0.0,5.0,3.82,7.0
2012-03-30,16.0,18.0,13.5,15.7,18.2,89,12.6,12.6,0.0,14.0,6.87,11.4
2012-03-31,15.6,21.7,10.6,14.1,19.8,62,0.0,0.0,0.0,0.0,3.23,6.4
2012-04-01,18.5,25.2,12.5,16.3,22.4,54,0.0,0.0,0.0,0.0,6.38,11.0
2012-04-02,20.7,26.9,15.1,18.6,26.5,57,0.4,0.4,0.0,1.0,10.24,16.0
2012-04-03,16.3,20.6,10.9,13.8,19.8,47,0.0,0.0,0.0,0.0,7.06,11.8
2012-04-04,15.2,18.3,12.6,14.4,17.3,72,3.1,3.1,0.0,8.0,2.6,6.7
2012-04-05,14.9,19.3,10.4,15.3,19.4,85,0.0,0.0,0.0,0.0,2.06,4.6
2012-04-06,19.2,24.5,13.3,19.3,24.6,67,0.0,0.0,0.0,0.0,2.3,4.1
2012-04-07,20.5,25.7,15.8,20.6,26.3,64,0.0,0.0,0.0,0.0,2.86,6.7
2012-04-08,19.0,20.9,17.6,18.9,20.6,73,0.0,0.0,0.0,0.0,4.2,6.6
2012-04-09,17.3,18.9,15.8,17.8,19.6,87,5.9,5.9,0.0,7.0,3.41,6.2
2012-04-10,18.5,20.4,17.2,20.0,21.7,91,7.7,7.7,0.0,8.0,2.92,8.7
2012-04-11,18.8,22.0,15.0,19.8,23.6,87,0.0,0.0,0.0,0.0,3.96,7.6
2012-04-12,16.2,18.6,10.5,14.9,19.0,85,13.2,13.2,0.0,13.0,7.86,12.6
2012-04-13,15.6,20.2,10.6,14.3,19.9,67,0.2,0.2,0.0,1.0,5.84,9.8
2012-04-14,15.3,16.6,13.9,15.3,17.0,80,0.7,0.7,0.0,1.0,2.19,3.9
2012-04-15,15.0,19.1,12.0,15.1,20.8,83,0.3,0.3,0.0,1.0,2.24,4.7
2012-04-16,17.0,21.8,12.9,17.4,22.6,81,0.0,0.0,0.0,0.0,2.62,5.0
2012-04-17,18.4,21.1,15.6,19.1,21.6,81,0.2,0.2,0.0,1.0,2.85,7.6
2012-04-18,19.4,22.2,16.3,20.8,23.5,83,0.0,0.0,0.0,0.0,1.96,3.9
2012-04-19,20.6,25.4,15.9,22.1,27.6,80,0.0,0.0,0.0,0.0,2.82,5.4
2012-04-20,18.8,21.0,14.7,18.8,22.1,82,3.7,3.7,0.0,4.0,6.18,10.1
2012-04-21,18.1,23.5,13.1,18.3,23.6,77,0.0,0.0,0.0,0.0,3.51,6.6
2012-04-22,22.6,29.0,16.8,22.8,29.0,65,0.0,0.0,0.0,0.0,5.08,9.3
2012-04-23,24.4,30.5,20.6,24.4,29.7,64,8.0,8.0,0.0,6.0,6.93,11.1
2012-04-24,21.5,22.9,16.3,23.2,25.8,90,32.0,32.0,0.0,23.0,9.14,15.9
2012-04-25,19.1,22.5,16.2,18.0,22.1,66,1.2,1.2,0.0,3.0,7.82,14.2
2012-04-26,19.7,25.7,13.1,19.3,25.1,66,0.0,0.0,0.0,0.0,3.91,7.6
2012-04-27,22.4,28.6,16.6,22.8,29.9,62,0.0,0.0,0.0,0.0,3.41,7.2
2012-04-28,23.3,28.6,19.5,24.7,30.2,74,5.7,5.7,0.0,7.0,4.7,8.8
2012-04-29,22.1,24.3,20.5,24.4,26.4,84,5.3,5.3,0.0,9.0,2.94,6.2
2012-04-30,20.6,21.2,19.8,22.7,23.2,94,15.9,15.9,0.0,18.0,4.39,7.2
2012-05-01,20.7,22.7,19.2,21.3,23.1,85,3.3,3.3,0.0,8.0,5.48,10.1
2012-05-02,20.6,23.7,18.1,22.2,25.1,83,0.0,0.0,0.0,0.0,2.83,5.1
2012-05-03,21.6,23.4,20.3,23.8,25.2,86,1.6,1.6,0.0,7.0,3.61,8.0
2012-05-04,23.2,26.6,20.3,26.0,29.1,80,0.2,0.2,0.0,1.0,2.24,4.9
2012-05-05,24.7,29.9,19.8,27.2,32.3,71,0.0,0.0,0.0,0.0,2.47,5.9
2012-05-06,26.3,31.3,20.8,29.0,34.3,67,0.0,0.0,0.0,0.0,2.88,6.1
2012-05-07,26.5,30.8,24.2,29.7,33.8,76,26.4,26.4,0.0,11.0,4.48,10.7
2012-05-08,26.0,29.8,23.4,29.5,33.0,81,16.3,16.3,0.0,9.0,4.34,7.6
2012-05-09,24.1,25.3,22.2,26.8,28.5,81,1.9,1.9,0.0,7.0,4.02,6.8
2012-05-10,25.3,29.6,21.6,29.0,34.0,76,0.0,0.0,0.0,0.0,2.31,5.0
2012-05-11,26.5,30.6,22.2,28.8,33.5,68,0.0,0.0,0.0,0.0,4.17,8.4
2012-05-12,22.4,26.0,20.0,23.8,28.5,88,82.7,82.7,0.0,20.0,7.83,14.7
2012-05-13,22.1,25.5,19.6,23.7,28.6,82,2.1,2.1,0.0,3.0,5.41,9.7
2012-05-14,19.1,20.8,16.7,19.4,22.0,88,23.6,23.6,0.0,18.0,7.18,11.3
2012-05-15,19.7,24.0,15.7,20.9,24.8,80,0.0,0.0,0.0,0.0,2.86,5.7
2012-05-16,22.8,28.4,17.3,24.6,30.2,75,0.0,0.0,0.0,0.0,3.92,7.3
2012-05-17,25.6,31.0,20.9,28.5,34.2,68,0.0,0.0,0.0,0.0,3.14,5.3
2012-05-18,25.4,28.9,22.1,27.2,30.6,68,12.7,12.7,0.0,7.0,4.56,8.2
2012-05-19,23.7,27.1,20.8,26.1,29.3,80,30.6,30.6,0.0,12.0,4.03,7.3
2012-05-20,23.5,26.6,21.2,24.8,28.3,75,0.3,0.3,0.0,2.0,5.77,8.9
2012-05-21,23.1,26.6,19.9,23.7,27.8,70,0.0,0.0,0.0,0.0,5.44,9.9
2012-05-22,23.2,26.9,20.7,24.9,29.6,73,2.3,2.3,0.0,2.0,3.82,7.5
2012-05-23,21.3,23.1,20.2,23.7,26.0,85,4.6,4.6,0.0,10.0,3.32,5.9
2012-05-24,20.9,22.6,20.0,22.9,24.6,87,11.5,11.5,0.0,15.0,3.98,6.5
2012-05-25,21.2,23.8,19.6,23.8,26.4,89,7.9,7.9,0.0,15.0,2.92,4.8
2012-05-26,23.3,27.1,20.0,26.2,30.7,79,0.1,0.1,0.0,1.0,2.31,5.1
2012-05-27,25.0,28.8,21.0,28.3,31.1,76,0.0,0.0,0.0,0.0,2.86,6.5
2012-05-28,26.0,29.7,22.0,28.8,33.0,70,0.4,0.4,0.0,1.0,4.52,8.2
2012-05-29,22.1,25.3,20.1,24.0,27.7,88,82.9,82.9,0.0,24.0,4.88,8.7
2012-05-30,23.3,28.2,19.2,24.4,29.2,77,0.0,0.0,0.0,0.0,5.97,11.0
2012-05-31,24.5,28.0,20.0,27.1,29.7,76,0.0,0.0,0.0,0.0,4.81,8.4
2012-06-01,22.0,23.6,20.9,24.4,25.3,84,0.2,0.2,0.0,1.0,3.41,6.9
2012-06-02,23.5,26.9,20.1,26.5,29.6,78,0.5,0.5,0.0,3.0,2.42,6.3
2012-06-03,23.8,26.1,21.9,26.3,27.9,79,0.0,0.0,0.0,0.0,4.21,8.4
2012-06-04,24.2,26.4,22.0,28.2,31.5,85,0.8,0.8,0.0,3.0,1.92,5.3
2012-06-05,24.8,27.3,22.3,28.8,30.6,84,4.1,4.1,0.0,8.0,2.47,4.5
2012-06-06,24.4,26.3,22.5,28.9,30.9,90,10.2,10.2,0.0,11.0,2.28,4.1
2012-06-07,26.8,30.1,24.1,31.8,35.8,81,5.1,5.1,0.0,13.0,1.91,4.7
2012-06-08,28.3,32.1,24.9,33.5,38.0,77,0.2,0.2,0.0,1.0,2.84,6.6
2012-06-09,29.4,33.0,26.5,35.2,37.8,76,0.5,0.5,0.0,1.0,2.16,4.4
2012-06-10,26.7,29.2,22.5,31.5,35.2,85,14.3,14.3,0.0,11.0,4.6,8.6
2012-06-11,26.3,29.6,22.7,30.4,33.9,78,0.1,0.1,0.0,1.0,3.21,7.0
2012-06-12,28.3,33.8,23.4,32.8,38.5,71,0.0,0.0,0.0,0.0,2.6,5.2
2012-06-13,29.2,34.3,24.6,32.6,37.3,63,0.0,0.0,0.0,0.0,3.5,6.3
2012-06-14,28.4,32.8,25.9,32.7,38.8,71,1.6,1.6,0.0,2.0,4.78,6.2
2012-06-15,28.1,33.4,23.6,31.3,36.4,67,0.0,0.0,0.0,0.0,4.46,8.6
2012-06-16,29.0,33.2,25.3,32.5,36.1,64,0.0,0.0,0.0,0.0,4.2,7.6
2012-06-17,27.4,30.7,24.5,30.7,35.1,70,0.1,0.1,0.0,1.0,3.94,7.8
2012-06-18,27.4,31.8,23.4,31.4,36.9,71,0.0,0.0,0.0,0.0,3.76,5.5
2012-06-19,29.2,32.6,26.2,33.8,37.1,70,0.0,0.0,0.0,0.0,4.19,7.0
2012-06-20,28.7,32.7,24.9,32.4,37.8,67,0.0,0.0,0.0,0.0,4.4,7.6
2012-06-21,29.2,32.8,25.6,32.9,37.5,67,0.0,0.0,0.0,0.0,3.97,7.7
2012-06-22,28.8,32.7,25.2,32.6,37.7,71,0.0,0.0,0.0,0.0,5.69,9.9
2012-06-23,27.5,31.2,24.4,31.5,36.5,74,0.0,0.0,0.0,0.0,4.34,7.8
2012-06-24,28.6,32.1,25.3,33.0,36.9,73,0.0,0.0,0.0,0.0,4.3,7.2
2012-06-25,28.6,31.7,26.0,33.0,36.3,78,2.3,2.3,0.0,5.0,4.14,7.5
2012-06-26,26.4,27.7,25.6,31.0,32.6,92,30.9,30.9,0.0,24.0,5.33,7.2
2012-06-27,26.2,28.3,25.2,30.8,33.3,92,33.9,33.9,0.0,24.0,4.85,8.0
2012-06-28,26.7,29.0,25.0,32.4,35.4,94,33.9,33.9,0.0,23.0,3.49,8.8
2012-06-29,29.4,33.6,25.7,36.3,41.3,83,0.9,0.9,0.0,2.0,2.56,7.8
2012-06-30,29.2,32.5,26.7,35.2,39.6,83,2.4,2.4,0.0,6.0,3.89,8.0
2012-07-01,29.3,32.7,26.0,35.4,37.7,81,0.0,0.0,0.0,0.0,4.28,11.1
2012-07-02,31.1,34.5,28.8,35.0,38.3,67,0.0,0.0,0.0,0.0,7.68,13.0
2012-07-03,31.7,35.1,28.5,35.7,39.2,65,0.0,0.0,0.0,0.0,6.47,11.7
2012-07-04,32.5,35.5,29.6,36.8,39.4,63,0.0,0.0,0.0,0.0,6.45,12.3
2012-07-05,31.6,34.4,28.3,35.5,38.9,66,0.0,0.0,0.0,0.0,6.33,11.4
2012-07-06,31.1,35.3,27.2,37.2,41.7,74,0.3,0.3,0.0,3.0,3.94,9.8
2012-07-07,32.4,35.7,29.6,37.8,40.7,67,0.0,0.0,0.0,0.0,5.83,11.6
2012-07-08,32.5,35.8,29.9,37.2,39.7,64,0.0,0.0,0.0,0.0,6.69,11.7
2012-07-09,32.8,35.5,30.6,36.5,39.3,60,0.0,0.0,0.0,0.0,7.42,12.2
2012-07-10,32.3,35.2,30.4,36.0,38.1,62,0.0,0.0,0.0,0.0,8.14,14.3
2012-07-11,32.3,35.1,30.0,37.7,40.2,68,0.1,0.1,0.0,1.0,5.66,12.1
2012-07-12,30.2,32.9,28.2,35.9,38.2,77,4.8,4.8,0.0,8.0,5.3,11.3
2012-07-13,26.9,28.3,25.6,32.9,35.2,93,38.2,38.2,0.0,23.0,4.02,9.9
2012-07-14,27.4,30.4,25.0,31.6,34.4,82,20.3,20.3,0.0,11.0,5.73,11.9
2012-07-15,27.8,30.6,25.8,32.8,35.7,80,0.0,0.0,0.0,0.0,2.76,5.4
2012-07-16,28.5,31.2,26.2,32.9,35.3,76,0.1,0.1,0.0,1.0,4.1,7.7
2012-07-17,28.3,31.6,26.0,33.2,36.5,81,2.7,2.7,0.0,4.0,4.1,7.8
2012-07-18,28.7,31.4,26.0,33.9,37.3,79,0.6,0.6,0.0,2.0,3.9,7.8
2012-07-19,29.0,32.6,26.3,34.9,39.7,80,7.8,7.8,0.0,9.0,3.04,6.9
2012-07-20,30.8,34.4,27.3,37.0,40.6,75,0.0,0.0,0.0,0.0,3.86,7.9
2012-07-21,32.4,36.4,28.4,38.5,42.6,70,0.0,0.0,0.0,0.0,4.04,7.7
2012-07-22,32.6,36.0,29.7,39.6,43.9,71,0.5,0.5,0.0,1.0,3.09,5.8
2012-07-23,31.9,36.2,29.0,38.1,42.7,74,0.7,0.7,0.0,3.0,4.2,8.4
2012-07-24,32.1,36.2,29.0,37.6,42.1,68,0.0,0.0,0.0,0.0,4.88,8.7
2012-07-25,32.5,36.4,29.3,37.7,42.1,66,0.0,0.0,0.0,0.0,4.47,8.1
2012-07-26,32.6,35.9,29.4,37.9,41.8,64,0.1,0.1,0.0,1.0,3.61,7.3
2012-07-27,32.2,35.9,29.1,37.6,41.7,64,0.0,0.0,0.0,0.0,2.84,6.6
2012-07-28,32.1,35.3,29.1,37.7,41.3,67,0.0,0.0,0.0,0.0,4.08,7.5
2012-07-29,32.7,36.1,29.2,38.8,40.7,68,0.0,0.0,0.0,0.0,4.08,7.6
2012-07-30,32.8,37.2,29.3,39.3,43.7,68,1.6,1.6,0.0,1.0,3.98,8.7
2012-07-31,33.1,37.4,29.2,39.3,43.8,64,0.0,0.0,0.0,0.0,2.71,5.1
2012-08-01,31.9,35.4,28.4,37.4,39.9,68,0.0,0.0,0.0,0.0,4.19,8.7
2012-08-02,31.2,35.0,28.1,35.0,38.6,65,0.0,0.0,0.0,0.0,6.31,11.0
2012-08-03,30.3,33.7,27.5,32.7,36.3,63,0.0,0.0,0.0,0.0,7.09,12.5
2012-08-04,30.3,34.9,28.0,34.6,39.9,73,13.6,13.6,0.0,7.0,6.53,11.1
2012-08-05,31.0,34.5,28.2,35.9,38.6,71,0.0,0.0,0.0,0.0,6.09,11.0
2012-08-06,31.0,34.5,27.9,35.8,38.7,67,0.0,0.0,0.0,0.0,4.12,7.5
2012-08-07,31.3,35.4,27.7,35.1,39.7,63,0.0,0.0,0.0,0.0,5.14,8.9
2012-08-08,31.0,35.0,27.3,34.1,37.6,63,0.2,0.2,0.0,1.0,6.53,11.6
2012-08-09,29.6,31.1,28.0,32.4,34.4,70,0.9,0.9,0.0,3.0,7.41,13.4
2012-08-10,28.1,29.3,27.1,30.5,31.5,77,2.8,2.8,0.0,9.0,8.45,14.3
2012-08-11,28.0,30.7,26.3,32.3,36.0,81,4.5,4.5,0.0,9.0,5.28,9.4
2012-08-12,29.2,33.2,26.4,35.3,39.2,80,7.3,7.3,0.0,10.0,2.24,6.6
2012-08-13,27.4,28.2,26.2,32.8,34.6,87,21.5,21.5,0.0,17.0,4.79,7.8
2012-08-14,27.9,31.4,25.6,33.5,39.4,84,2.5,2.5,0.0,6.0,3.18,7.1
2012-08-15,28.7,32.0,26.3,34.6,39.3,81,0.6,0.6,0.0,4.0,3.51,6.1
2012-08-16,29.7,33.6,26.7,35.0,40.4,78,0.0,0.0,0.0,0.0,3.9,6.9
2012-08-17,30.5,34.6,27.4,36.9,41.3,79,0.2,0.2,0.0,2.0,3.51,7.3
2012-08-18,32.1,36.2,29.1,38.6,42.2,73,0.0,0.0,0.0,0.0,3.47,8.2
2012-08-19,32.1,35.9,29.2,38.7,42.3,71,0.5,0.5,0.0,3.0,2.91,5.9
2012-08-20,30.6,34.5,28.1,36.6,40.0,76,2.7,2.7,0.0,6.0,4.14,5.9
2012-08-21,25.5,28.3,22.9,28.9,33.9,91,17.6,17.6,0.0,18.0,7.92,12.4
2012-08-22,23.3,25.4,22.0,24.7,26.8,81,26.1,26.1,0.0,18.0,5.82,11.1
2012-08-23,21.9,24.6,19.1,23.3,27.2,79,16.6,16.6,0.0,14.0,4.08,7.3
2012-08-24,25.4,29.2,21.9,28.1,32.2,68,0.0,0.0,0.0,0.0,2.64,5.7
2012-08-25,27.2,31.4,22.9,31.4,36.4,75,0.0,0.0,0.0,0.0,2.46,5.0
2012-08-26,27.2,30.9,25.3,32.1,36.9,83,8.7,8.7,0.0,6.0,4.53,8.3
2012-08-27,25.9,29.0,23.7,29.8,33.1,85,4.6,4.6,0.0,15.0,4.88,8.1
2012-08-28,26.9,30.4,23.7,31.6,36.6,81,0.0,0.0,0.0,0.0,3.18,6.2
2012-08-29,28.6,32.9,24.8,34.0,37.8,76,0.0,0.0,0.0,0.0,2.06,4.0
2012-08-30,29.6,33.1,26.6,35.5,38.6,76,0.0,0.0,0.0,0.0,2.25,5.2
2012-08-31,30.3,34.5,27.7,36.0,40.3,75,0.4,0.4,0.0,1.0,3.89,7.4
2012-09-01,30.5,34.6,27.8,36.3,40.6,77,0.0,0.0,0.0,0.0,4.6,8.8
2012-09-02,26.3,29.0,23.4,30.0,35.4,84,2.2,2.2,0.0,6.0,5.91,9.7
2012-09-03,24.4,27.0,22.4,26.2,27.8,74,1.5,1.5,0.0,5.0,4.42,8.9
2012-09-04,25.7,30.0,21.7,28.1,32.1,67,0.0,0.0,0.0,0.0,2.9,6.1
2012-09-05,26.0,29.9,22.3,28.2,31.8,66,0.0,0.0,0.0,0.0,3.89,7.3
2012-09-06,25.9,28.9,23.6,28.4,31.8,71,0.6,0.6,0.0,1.0,3.76,7.3
2012-09-07,27.5,31.2,24.5,31.7,36.1,75,5.2,5.2,0.0,6.0,4.1,7.1
2012-09-08,27.3,31.8,22.8,31.5,37.1,80,7.2,7.2,0.0,3.0,4.65,12.6
2012-09-09,22.3,23.6,21.2,24.5,26.0,89,47.5,47.5,0.0,16.0,4.62,10.7
2012-09-10,24.5,26.8,22.5,27.7,30.6,83,0.0,0.0,0.0,0.0,3.72,7.8
2012-09-11,26.0,30.1,23.9,30.0,35.9,82,5.5,5.5,0.0,6.0,3.18,9.1
2012-09-12,22.6,24.1,18.3,23.7,27.9,84,12.2,12.2,0.0,17.0,7.5,11.2
2012-09-13,19.9,21.8,17.9,20.4,23.6,77,9.0,9.0,0.0,8.0,7.0,11.9
2012-09-14,21.8,26.7,15.9,22.9,28.0,69,0.0,0.0,0.0,0.0,2.75,5.4
2012-09-15,23.1,27.9,18.8,24.4,28.2,66,0.0,0.0,0.0,0.0,3.42,6.9
2012-09-16,21.9,26.1,17.5,22.9,26.4,69,0.0,0.0,0.0,0.0,2.55,5.2
2012-09-17,22.5,27.4,19.1,23.3,28.4,65,0.1,0.1,0.0,1.0,2.73,5.3
2012-09-18,22.4,27.8,18.0,24.0,29.7,72,0.0,0.0,0.0,0.0,2.6,5.0
2012-09-19,24.1,29.7,19.6,26.0,31.9,69,0.0,0.0,0.0,0.0,2.67,5.4
2012-09-20,25.2,30.4,21.5,27.4,33.1,70,0.0,0.0,0.0,0.0,3.32,6.4
2012-09-21,21.9,24.1,20.2,23.2,26.2,80,0.2,0.2,0.0,1.0,5.51,10.6
2012-09-22,22.9,27.0,19.9,25.6,30.4,79,0.0,0.0,0.0,0.0,2.6,5.8
2012-09-23,23.3,25.5,21.3,26.8,29.0,85,0.1,0.1,0.0,1.0,2.28,5.1
2012-09-24,24.4,28.1,21.4,27.5,30.3,81,0.0,0.0,0.0,0.0,3.64,7.1
2012-09-25,24.7,28.7,22.0,26.2,29.5,68,0.0,0.0,0.0,0.0,4.66,8.2
2012-09-26,23.9,26.4,21.6,26.2,28.5,75,0.0,0.0,0.0,0.0,3.71,5.4
2012-09-27,25.0,29.1,22.3,26.7,31.5,70,0.0,0.0,0.0,0.0,4.02,7.3
2012-09-28,23.0,26.6,18.0,20.7,24.0,49,0.0,0.0,0.0,0.0,8.79,14.4
2012-09-29,20.0,25.9,15.0,18.1,23.7,49,0.0,0.0,0.0,0.0,4.39,7.6
2012-09-30,20.0,25.0,15.5,19.3,23.1,57,0.0,0.0,0.0,0.0,2.94,4.0
2012-10-01,20.3,26.7,15.2,20.1,26.5,62,0.0,0.0,0.0,0.0,2.94,5.9
2012-10-02,21.0,26.6,16.0,20.7,26.3,61,0.0,0.0,0.0,0.0,2.95,6.8
2012-10-03,21.3,25.6,18.9,22.1,26.9,65,0.0,0.0,0.0,0.0,2.06,4.4
2012-10-04,21.6,26.1,17.7,23.2,26.7,74,0.0,0.0,0.0,0.0,2.43,5.8
2012-10-05,20.1,21.2,17.8,21.6,24.1,83,0.3,0.3,0.0,2.0,4.44,6.9
2012-10-06,19.9,24.6,15.8,21.3,26.3,81,0.0,0.0,0.0,0.0,2.09,6.2
2012-10-07,21.7,24.6,19.7,23.4,25.1,74,0.0,0.0,0.0,0.0,2.11,6.0
2012-10-08,22.3,25.8,19.8,24.0,27.0,73,0.0,0.0,0.0,0.0,2.86,5.7
2012-10-09,22.7,26.7,19.9,23.8,26.9,68,0.0,0.0,0.0,0.0,3.59,7.0
2012-10-10,21.9,27.5,17.9,21.8,27.5,59,0.0,0.0,0.0,0.0,3.28,7.0
2012-10-11,22.1,25.4,19.5,21.7,23.3,59,0.0,0.0,0.0,0.0,4.12,7.9
2012-10-12,21.0,23.1,19.5,21.1,22.8,64,0.0,0.0,0.0,0.0,3.67,7.4
2012-10-13,19.6,21.5,17.9,20.8,21.9,77,0.0,0.0,0.0,0.0,2.31,3.2
2012-10-14,20.0,23.0,17.3,21.3,23.5,74,1.7,1.7,0.0,2.0,1.7,4.9
2012-10-15,20.9,24.0,18.9,22.3,24.5,79,0.7,0.7,0.0,2.0,3.32,7.6
2012-10-16,18.9,20.4,15.4,19.6,22.9,89,30.2,30.2,0.0,18.0,5.85,9.5
2012-10-17,17.4,22.5,13.7,14.7,19.5,48,0.0,0.0,0.0,0.0,5.1,8.5
2012-10-18,17.7,23.4,11.4,16.7,22.6,65,0.0,0.0,0.0,0.0,4.05,7.7
2012-10-19,19.6,24.5,15.9,18.8,23.9,61,0.0,0.0,0.0,0.0,3.68,5.8
2012-10-20,21.0,26.3,16.9,21.9,26.7,71,6.0,6.0,0.0,4.0,2.32,7.3
2012-10-21,21.2,24.3,18.8,23.3,27.5,85,20.0,20.0,0.0,13.0,4.22,8.3
2012-10-22,16.5,19.4,12.0,13.9,20.1,67,6.7,6.7,0.0,3.0,8.5,13.7
2012-10-23,15.7,21.3,10.1,14.8,20.0,69,0.2,0.2,0.0,2.0,2.69,6.2
2012-10-24,15.5,17.1,14.0,15.2,16.8,78,2.8,2.8,0.0,6.0,2.92,5.2
2012-10-25,15.8,18.7,13.6,16.2,19.7,82,11.0,11.0,0.0,7.0,1.7,6.8
2012-10-26,17.1,19.2,15.8,17.7,20.5,88,6.1,6.1,0.0,9.0,3.2,9.9
2012-10-27,17.3,21.5,14.7,17.7,21.9,84,0.6,0.6,0.0,3.0,2.88,5.6
2012-10-28,18.0,23.4,13.8,18.3,23.6,81,0.0,0.0,0.0,0.0,3.31,7.2
2012-10-29,16.6,19.0,15.1,16.4,19.6,88,36.3,36.3,0.0,22.0,5.2,8.4
2012-10-30,15.5,18.8,12.6,13.8,16.9,79,0.0,0.0,0.0,0.0,5.92,10.7
2012-10-31,15.3,20.7,10.8,14.4,19.3,72,0.0,0.0,0.0,0.0,2.79,5.7
2012-11-01,15.2,20.2,9.7,13.9,17.6,73,0.0,0.0,0.0,0.0,3.77,6.9
2012-11-02,16.3,21.6,12.2,14.4,19.9,64,0.0,0.0,0.0,0.0,4.34,7.6
2012-11-03,13.2,15.7,9.0,11.7,14.6,84,3.4,3.4,0.0,7.0,7.63,12.3
2012-11-04,11.6,17.4,7.2,9.2,14.4,70,0.0,0.0,0.0,0.0,3.69,8.1
2012-11-05,11.4,16.2,7.8,8.8,12.7,65,0.0,0.0,0.0,0.0,3.55,7.8
2012-11-06,11.4,17.9,6.9,8.7,15.8,59,0.0,0.0,0.0,0.0,3.21,5.1
2012-11-07,12.8,17.6,8.5,10.7,15.7,69,0.0,0.0,0.0,0.0,3.6,6.7
2012-11-08,12.9,14.0,11.7,11.5,12.7,77,0.0,0.0,0.0,0.0,3.75,4.5
2012-11-09,11.4,12.1,10.9,10.0,10.8,86,4.6,4.6,0.0,5.0,3.13,5.9
2012-11-10,11.7,13.5,8.8,9.7,11.0,87,0.0,0.0,0.0,0.0,5.66,9.5
2012-11-11,10.6,15.6,6.3,7.9,13.2,57,0.0,0.0,0.0,0.0,3.75,6.0
2012-11-12,11.6,16.8,6.0,9.3,14.6,66,0.0,0.0,0.0,0.0,3.0,5.8
2012-11-13,12.8,19.8,7.8,11.3,18.9,75,0.0,0.0,0.0,0.0,2.55,5.4
2012-11-14,14.4,19.2,11.2,12.2,17.0,70,0.0,0.0,0.0,0.0,5.07,9.7
2012-11-15,11.5,13.4,10.1,9.2,10.8,71,6.6,6.6,0.0,7.0,3.68,7.2
2012-11-16,9.6,10.8,8.2,6.6,8.9,77,2.6,2.6,0.0,6.0,5.8,9.3
2012-11-17,9.1,13.2,6.1,7.1,11.3,86,0.0,0.0,0.0,0.0,3.14,6.4
2012-11-18,10.3,16.2,6.5,8.5,15.3,84,0.0,0.0,0.0,0.0,2.92,5.9
2012-11-19,11.0,16.1,5.8,9.7,15.4,85,0.0,0.0,0.0,0.0,2.72,5.9
2012-11-20,12.5,15.1,10.5,11.0,14.3,81,1.5,1.5,0.0,5.0,3.34,6.6
2012-11-21,10.9,12.4,10.3,9.2,10.9,89,0.0,0.0,0.0,0.0,3.91,6.3
2012-11-22,11.0,11.5,10.0,8.9,10.3,92,7.6,7.6,0.0,10.0,6.65,9.8
2012-11-23,9.7,11.3,7.0,6.0,8.1,80,1.5,1.5,0.0,6.0,7.22,12.3
2012-11-24,9.3,11.7,7.1,6.2,8.2,78,0.4,0.4,0.0,1.0,4.92,8.8
2012-11-25,8.7,9.6,6.6,6.0,8.3,90,3.1,3.1,0.0,12.0,5.3,9.3
2012-11-26,9.0,13.3,5.9,5.8,9.0,60,0.0,0.0,0.0,0.0,3.76,7.2
2012-11-27,9.1,13.6,4.7,6.3,10.2,69,1.9,1.9,0.0,3.0,3.01,6.5
2012-11-28,10.9,14.6,7.5,8.8,12.1,73,0.0,0.0,0.0,0.0,5.19,7.2
2012-11-29,9.8,13.2,6.9,7.5,11.0,77,1.1,1.1,0.0,4.0,4.18,6.6
2012-11-30,10.4,12.5,8.3,8.5,10.7,84,0.8,0.8,0.0,3.0,4.0,6.0
2012-12-01,8.0,10.2,4.9,4.8,7.3,88,5.9,5.9,0.0,15.0,4.94,8.0
2012-12-02,5.0,6.9,3.8,2.4,4.9,88,0.0,0.0,0.0,0.0,4.61,6.7
2012-12-03,7.5,12.6,4.6,4.8,9.1,76,0.0,0.0,0.0,0.0,3.45,7.3
2012-12-04,7.1,10.3,3.7,4.1,7.2,75,0.0,0.0,0.0,0.0,4.34,8.3
2012-12-05,8.1,14.4,4.0,4.9,10.6,69,0.0,0.0,0.0,0.0,4.3,10.0
2012-12-06,8.5,13.1,5.3,5.4,10.4,70,0.0,0.0,0.0,0.0,4.36,7.4
2012-12-07,8.8,15.3,4.5,6.2,12.6,73,0.0,0.0,0.0,0.0,2.96,6.3
2012-12-08,8.8,14.0,5.3,5.1,9.1,61,0.0,0.0,0.0,0.0,5.6,10.3
2012-12-09,7.7,10.7,5.1,4.1,7.0,58,0.1,0.1,0.0,1.0,3.66,6.5
2012-12-10,5.8,6.9,4.5,2.9,4.0,71,1.3,1.3,0.0,9.0,2.83,5.2
2012-12-11,6.2,8.7,3.3,3.6,6.0,76,0.0,0.0,0.0,0.0,2.2,5.1
2012-12-12,6.4,9.4,3.3,3.0,6.0,72,0.0,0.0,0.0,0.0,4.0,7.9
2012-12-13,7.8,8.6,7.1,5.6,7.6,87,12.2,12.2,0.0,19.0,3.62,12.5
2012-12-14,5.1,7.4,4.1,1.5,5.4,90,14.3,14.3,0.0,17.0,5.06,8.2
2012-12-15,6.1,7.7,4.0,2.8,5.1,83,0.0,0.0,0.0,0.0,4.28,7.7
2012-12-16,6.3,7.7,5.4,3.1,4.9,82,0.0,0.0,0.0,0.0,4.03,6.4
2012-12-17,6.1,7.2,3.5,2.0,3.4,90,11.0,11.0,0.0,11.0,7.45,11.9
2012-12-18,4.4,7.2,1.8,0.0,2.6,75,1.4,1.4,0.0,3.0,6.43,10.9
2012-12-19,3.9,6.7,1.0,-0.6,1.7,66,0.0,0.0,0.0,0.0,5.2,9.6
2012-12-20,3.0,4.5,1.9,-0.9,0.2,87,4.6,4.6,0.0,14.0,4.92,7.6
2012-12-21,2.5,4.4,1.2,-1.5,0.5,80,0.0,0.0,0.0,0.0,4.9,8.0
2012-12-22,2.2,5.3,0.3,-2.5,0.2,77,0.0,0.0,0.0,0.0,5.46,9.8
2012-12-23,1.8,4.7,-0.6,-2.7,0.4,59,0.0,0.0,0.0,0.0,5.69,10.1
2012-12-24,3.1,8.5,-0.7,-0.8,4.8,74,0.0,0.0,0.0,0.0,3.96,7.8
2012-12-25,2.8,5.8,0.7,-1.6,1.2,76,0.5,0.5,0.0,1.0,5.73,9.5
2012-12-26,0.5,1.5,0.1,-3.5,-2.8,96,6.0,2.1,2.73,21.0,4.78,8.1
2012-12-27,1.1,2.0,0.2,-2.2,-0.6,89,1.3,0.0,0.98,7.0,3.21,5.5
2012-12-28,2.2,3.0,1.3,-0.8,0.3,86,0.9,0.9,0.0,3.0,4.85,6.3
2012-12-29,1.6,2.6,-0.9,-4.0,-2.0,71,7.6,3.5,3.08,10.0,7.71,13.2
2012-12-30,0.6,4.7,-3.9,-4.0,0.2,51,0.0,0.0,0.0,0.0,3.71,7.0
2012-12-31,1.7,8.0,-2.4,-2.4,3.3,68,0.0,0.0,0.0,0.0,4.58,8.6
2013-01-01,3.9,9.6,-0.6,0.4,5.9,68,0.0,0.0,0.0,0.0,3.11,5.1
2013-01-02,2.6,5.8,0.3,-2.5,0.3,70,0.0,0.0,0.0,0.0,7.96,13.5
2013-01-03,0.0,1.2,-1.4,-6.3,-4.9,42,0.0,0.0,0.0,0.0,6.72,10.8
2013-01-04,-1.6,-0.7,-2.3,-5.8,-4.5,57,0.0,0.0,0.0,0.0,4.49,7.0
2013-01-05,-0.9,2.2,-4.6,-4.5,-1.1,69,0.0,0.0,0.0,0.0,2.12,4.9
2013-01-06,1.2,3.8,-1.4,-2.1,1.0,72,0.0,0.0,0.0,0.0,2.3,4.0
2013-01-07,2.8,5.8,0.0,-0.5,2.7,69,0.0,0.0,0.0,0.0,2.6,4.3
2013-01-08,3.3,7.5,-1.4,-0.1,3.9,69,0.0,0.0,0.0,0.0,3.59,5.9
2013-01-09,3.6,7.5,-0.1,-0.1,4.4,65,0.0,0.0,0.0,0.0,3.45,5.7
2013-01-10,2.5,8.2,-1.6,-1.0,4.8,77,0.0,0.0,0.0,0.0,2.8,6.2
2013-01-11,4.8,8.5,2.1,1.9,6.2,71,0.0,0.0,0.0,0.0,2.33,5.0
2013-01-12,4.1,9.2,-2.3,1.4,6.4,80,0.0,0.0,0.0,0.0,2.87,4.4
2013-01-13,6.0,11.3,1.3,3.5,9.9,77,0.0,0.0,0.0,0.0,3.0,4.1
2013-01-14,5.0,11.3,-0.2,2.0,8.7,83,0.0,0.0,0.0,0.0,3.1,5.6
2013-01-15,6.3,8.9,3.6,3.6,6.7,81,0.0,0.0,0.0,0.0,3.08,5.3
2013-01-16,5.7,8.7,3.3,2.3,5.2,73,0.0,0.0,0.0,0.0,4.06,6.5
2013-01-17,2.7,4.8,-0.4,-1.6,0.8,77,0.0,0.0,0.0,0.0,5.16,8.3
2013-01-18,2.3,7.2,-1.4,-1.2,4.2,76,0.0,0.0,0.0,0.0,3.98,8.2
2013-01-19,5.8,9.7,1.6,1.9,5.6,71,0.0,0.0,0.0,0.0,5.37,9.2
2013-01-20,6.5,8.7,3.3,2.9,5.3,74,0.7,0.7,0.0,4.0,5.55,8.3
2013-01-21,3.0,3.6,2.1,-1.1,0.2,86,2.4,2.4,0.0,8.0,5.41,8.7
2013-01-22,2.9,4.7,1.5,-0.4,2.3,84,0.0,0.0,0.0,0.0,3.75,6.9
2013-01-23,2.5,5.4,-0.2,-0.2,2.5,92,0.0,0.0,0.0,0.0,2.38,5.1
2013-01-24,5.8,10.7,2.1,2.6,6.7,77,0.0,0.0,0.0,0.0,4.9,9.0
2013-01-25,5.9,12.0,0.5,2.7,9.5,70,0.0,0.0,0.0,0.0,3.22,5.1
2013-01-26,8.0,13.9,3.4,5.5,12.1,70,0.0,0.0,0.0,0.0,3.31,5.3
2013-01-27,6.3,11.5,2.0,3.3,9.0,73,0.0,0.0,0.0,0.0,3.06,5.4
2013-01-28,8.8,14.8,3.6,6.2,12.5,75,0.3,0.3,0.0,1.0,3.18,6.8
2013-01-29,10.9,16.8,6.7,9.2,15.5,75,0.0,0.0,0.0,0.0,2.82,4.7
2013-01-30,10.7,12.9,9.3,8.3,11.1,80,7.2,7.2,0.0,11.0,5.15,12.4
2013-01-31,9.6,11.0,7.4,8.3,10.5,95,27.3,27.3,0.0,21.0,3.64,15.7
2013-02-01,8.9,12.2,6.9,6.2,10.0,85,0.8,0.8,0.0,2.0,5.26,12.0
2013-02-02,7.4,8.2,6.7,4.5,6.2,91,4.7,4.7,0.0,10.0,4.85,7.9
2013-02-03,8.7,11.0,7.4,6.5,9.6,90,2.9,2.9,0.0,3.0,3.89,14.2
2013-02-04,7.2,8.2,5.8,4.1,5.8,88,6.9,6.9,0.0,7.0,4.85,10.6
2013-02-05,6.0,7.5,4.6,2.9,4.2,88,11.5,11.5,0.0,9.0,4.16,12.3
2013-02-06,5.7,7.3,3.9,2.9,5.0,89,1.3,1.3,0.0,3.0,3.94,6.0
2013-02-07,3.3,6.3,-0.2,-2.0,3.3,89,15.3,13.7,1.12,22.0,8.1,13.6
2013-02-08,-0.5,0.8,-1.6,-6.0,-3.1,69,2.3,0.0,1.89,8.0,7.51,12.2
2013-02-09,1.2,4.0,-1.3,-2.1,0.6,75,0.0,0.0,0.0,0.0,2.64,6.0
2013-02-10,3.6,8.1,-0.1,0.6,5.3,82,0.0,0.0,0.0,0.0,2.55,6.6
2013-02-11,4.1,7.3,1.6,0.9,4.5,85,1.6,1.6,0.0,6.0,5.0,7.5
2013-02-12,4.9,8.9,2.4,1.2,5.3,76,0.1,0.1,0.0,1.0,5.1,9.0
2013-02-13,5.3,7.8,2.3,2.5,5.0,77,0.0,0.0,0.0,0.0,3.62,7.5
2013-02-14,5.8,6.4,4.8,3.4,4.4,86,0.4,0.4,0.0,4.0,2.55,4.1
2013-02-15,6.8,11.0,3.4,3.7,8.5,74,0.0,0.0,0.0,0.0,4.21,8.1
2013-02-16,8.3,12.2,3.7,5.1,9.7,73,0.3,0.3,0.0,1.0,4.53,8.6
2013-02-17,9.0,10.1,7.7,7.5,8.6,90,0.9,0.9,0.0,5.0,2.92,5.6
2013-02-18,6.1,9.3,1.1,1.7,7.0,89,12.9,12.7,0.14,21.0,7.88,13.5
2013-02-19,3.6,6.6,0.9,-0.1,4.2,84,8.3,2.0,4.41,9.0,6.5,11.1
2013-02-20,5.5,7.9,2.4,3.2,6.0,77,0.0,0.0,0.0,0.0,3.16,5.4
2013-02-21,6.2,7.7,3.7,4.0,5.8,86,0.1,0.1,0.0,1.0,2.64,5.4
2013-02-22,8.0,14.1,3.5,5.8,12.0,75,0.0,0.0,0.0,0.0,3.01,4.2
2013-02-23,10.0,16.2,4.5,7.5,14.3,72,0.0,0.0,0.0,0.0,3.29,7.2
2013-02-24,10.5,13.5,7.2,8.4,11.5,76,0.0,0.0,0.0,0.0,3.45,5.5
2013-02-25,11.3,13.1,9.5,9.8,12.1,85,1.6,1.6,0.0,7.0,3.11,4.8
2013-02-26,10.7,11.9,9.9,8.7,9.7,87,2.1,2.1,0.0,6.0,4.3,8.2
2013-02-27,11.1,12.9,9.3,10.2,11.9,88,0.0,0.0,0.0,0.0,2.41,3.6
2013-02-28,13.0,16.4,9.8,11.9,16.3,87,3.8,3.8,0.0,6.0,4.97,9.1
2013-03-01,7.8,13.6,4.9,2.7,10.5,74,11.6,11.6,0.0,22.0,10.63,18.0
2013-03-02,7.1,10.3,5.2,3.2,7.6,50,0.0,0.0,0.0,0.0,4.65,9.0
2013-03-03,9.5,15.5,4.7,6.5,11.8,55,0.0,0.0,0.0,0.0,3.13,6.8
2013-03-04,12.1,19.9,6.0,9.4,17.2,59,0.0,0.0,0.0,0.0,3.42,7.3
2013-03-05,15.4,23.1,10.5,13.1,20.1,60,0.0,0.0,0.0,0.0,4.6,8.2
2013-03-06,17.1,25.1,10.7,15.1,23.3,59,0.0,0.0,0.0,0.0,4.72,8.8
2013-03-07,17.5,24.4,11.0,15.7,23.2,54,0.0,0.0,0.0,0.0,4.08,6.6
2013-03-08,20.8,28.1,15.5,19.4,27.2,56,0.0,0.0,0.0,0.0,5.66,10.5
2013-03-09,22.5,28.6,17.6,22.0,27.5,61,0.0,0.0,0.0,0.0,7.56,12.8
2013-03-10,13.4,21.2,9.3,9.3,22.9,62,20.4,20.4,0.0,12.0,8.95,14.7
2013-03-11,10.1,11.2,9.2,7.6,8.6,77,0.0,0.0,0.0,0.0,4.0,6.7
2013-03-12,11.6,14.7,10.3,9.6,12.9,83,4.4,4.4,0.0,13.0,4.46,7.4
2013-03-13,11.5,13.7,8.7,7.7,10.2,73,0.0,0.0,0.0,0.0,8.06,13.6
2013-03-14,10.1,13.9,7.3,7.2,11.2,68,0.0,0.0,0.0,0.0,4.85,8.8
2013-03-15,12.3,17.7,6.6,10.3,16.4,67,0.0,0.0,0.0,0.0,3.41,6.7
2013-03-16,12.8,14.3,11.8,11.5,12.8,87,16.2,16.2,0.0,16.0,3.83,10.6
2013-03-17,10.5,12.1,9.3,8.7,11.3,95,17.4,17.4,0.0,17.0,6.15,8.7
2013-03-18,14.2,20.0,10.3,13.2,19.8,85,0.0,0.0,0.0,0.0,4.33,7.6
2013-03-19,14.7,17.3,12.5,13.9,16.7,86,8.1,8.1,0.0,7.0,5.12,11.5
2013-03-20,13.1,15.9,11.1,10.5,14.8,78,0.0,0.0,0.0,0.0,8.07,13.0
2013-03-21,13.0,18.1,8.3,11.1,17.8,77,4.8,4.8,0.0,5.0,5.11,9.7
2013-03-22,16.7,21.7,13.5,15.9,21.6,79,1.7,1.7,0.0,3.0,7.58,10.2
2013-03-23,13.2,14.1,12.0,12.2,13.5,91,8.7,8.7,0.0,13.0,6.66,9.7
2013-03-24,14.0,17.2,12.1,12.5,15.7,83,3.1,3.1,0.0,6.0,5.06,9.7
2013-03-25,12.4,16.1,9.2,9.1,13.0,74,4.9,4.9,0.0,5.0,6.94,12.2
2013-03-26,10.3,14.0,7.8,7.7,11.4,78,1.6,1.6,0.0,3.0,5.47,9.6
2013-03-27,12.6,18.9,7.5,11.4,17.8,79,0.0,0.0,0.0,0.0,3.18,7.1
2013-03-28,15.8,21.2,11.6,15.2,22.0,76,0.0,0.0,0.0,0.0,3.45,6.0
2013-03-29,16.7,21.3,12.0,16.4,21.8,76,0.0,0.0,0.0,0.0,3.58,8.7
2013-03-30,16.8,20.6,14.6,16.2,21.0,78,0.0,0.0,0.0,0.0,4.49,7.3
2013-03-31,16.2,20.2,12.4,15.2,19.7,76,0.0,0.0,0.0,0.0,4.8,8.3
2013-04-01,18.5,22.5,15.3,19.0,23.4,78,0.8,0.8,0.0,3.0,3.34,6.0
2013-04-02,18.7,22.3,16.0,17.2,21.1,61,0.0,0.0,0.0,0.0,5.05,9.2
2013-04-03,16.8,19.4,14.6,15.0,18.9,62,0.0,0.0,0.0,0.0,4.11,8.0
2013-04-04,17.8,22.5,14.0,17.2,21.6,81,5.3,5.3,0.0,5.0,5.57,9.3
2013-04-05,14.6,17.6,10.1,11.9,18.3,88,15.5,15.5,0.0,20.0,10.33,16.6
2013-04-06,12.9,17.6,9.8,9.3,13.6,60,0.5,0.5,0.0,2.0,9.0,14.0
2013-04-07,14.5,20.2,7.5,12.2,18.2,58,0.0,0.0,0.0,0.0,3.62,7.6
2013-04-08,17.7,22.1,13.9,16.6,21.6,58,0.0,0.0,0.0,0.0,3.9,7.9
2013-04-09,15.1,17.8,11.3,11.3,13.2,46,0.0,0.0,0.0,0.0,6.8,12.1
2013-04-10,14.5,20.8,8.0,12.6,18.8,52,0.0,0.0,0.0,0.0,2.72,6.1
2013-04-11,16.7,22.8,12.5,15.8,23.3,63,0.0,0.0,0.0,0.0,2.89,5.7
2013-04-12,19.3,25.7,13.4,18.3,25.0,60,0.0,0.0,0.0,0.0,4.18,7.9
2013-04-13,21.0,26.5,16.8,19.6,24.5,56,0.0,0.0,0.0,0.0,6.44,11.2
2013-04-14,21.8,28.6,16.9,21.5,28.7,60,0.0,0.0,0.0,0.0,4.9,8.6
2013-04-15,24.1,30.9,18.2,24.3,30.1,59,0.0,0.0,0.0,0.0,5.41,9.8
2013-04-16,23.5,26.9,20.7,24.4,28.1,67,2.0,2.0,0.0,5.0,5.5,10.6
2013-04-17,23.2,27.6,18.6,25.1,30.2,77,0.2,0.2,0.0,1.0,4.06,7.8
2013-04-18,20.9,22.9,16.7,20.9,25.0,80,2.6,2.6,0.0,3.0,7.64,12.8
2013-04-19,13.4,17.1,6.7,10.1,14.5,73,16.1,16.1,0.0,13.0,8.97,13.8
2013-04-20,8.8,12.1,6.1,4.3,9.0,75,4.0,4.0,0.0,5.0,8.75,14.3
2013-04-21,11.3,13.9,8.5,9.1,11.9,72,0.6,0.6,0.0,1.0,4.18,6.9
2013-04-22,11.5,12.7,10.6,9.9,10.5,89,20.9,20.9,0.0,14.0,5.03,13.1
2013-04-23,12.2,13.5,10.3,11.2,13.3,88,3.9,3.9,0.0,5.0,3.11,6.4
2013-04-24,15.9,22.3,11.3,16.5,24.1,84,0.0,0.0,0.0,0.0,2.5,4.6
2013-04-25,19.3,24.7,15.8,20.6,26.0,80,0.0,0.0,0.0,0.0,2.91,4.2
2013-04-26,21.2,28.3,15.8,22.5,29.2,75,0.0,0.0,0.0,0.0,3.75,7.3
2013-04-27,23.4,29.9,16.0,24.0,31.0,64,0.0,0.0,0.0,0.0,4.74,9.1
2013-04-28,25.5,30.1,20.9,27.9,33.8,71,0.2,0.2,0.0,1.0,4.52,10.5
2013-04-29,21.9,24.5,15.9,23.2,27.5,87,42.0,42.0,0.0,21.0,8.73,11.7
2013-04-30,19.0,24.9,14.9,17.8,24.3,70,4.7,4.7,0.0,4.0,6.68,11.7
2013-05-01,20.9,26.8,14.5,21.0,26.7,65,0.0,0.0,0.0,0.0,3.61,8.0
2013-05-02,23.1,27.3,18.8,23.5,29.1,58,0.0,0.0,0.0,0.0,3.09,5.5
2013-05-03,23.0,27.0,18.6,24.8,30.3,71,0.0,0.0,0.0,0.0,2.86,5.2
2013-05-04,23.8,29.1,19.4,25.0,30.3,67,0.0,0.0,0.0,0.0,3.96,7.2
2013-05-05,22.9,24.1,21.2,23.9,25.5,74,3.6,3.6,0.0,5.0,4.63,7.7
2013-05-06,21.1,22.0,19.9,22.7,23.5,88,12.2,12.2,0.0,13.0,4.4,7.8
2013-05-07,20.9,21.6,20.3,22.8,24.2,93,21.4,21.4,0.0,16.0,4.73,8.1
2013-05-08,22.6,25.2,20.8,25.6,28.5,89,6.5,6.5,0.0,17.0,3.2,7.9
2013-05-09,20.9,23.6,18.6,21.9,24.2,85,9.9,9.9,0.0,9.0,5.81,9.7
2013-05-10,20.3,21.9,17.7,21.9,23.3,82,0.0,0.0,0.0,0.0,2.86,5.9
2013-05-11,21.5,27.7,15.8,22.0,27.6,68,0.0,0.0,0.0,0.0,4.26,8.1
2013-05-12,24.2,30.9,17.4,24.8,31.1,61,0.0,0.0,0.0,0.0,4.66,8.7
2013-05-13,27.0,33.4,20.6,28.5,34.9,59,0.0,0.0,0.0,0.0,4.58,7.3
2013-05-14,27.9,33.3,23.0,29.8,36.3,59,0.2,0.2,0.0,1.0,4.38,7.7
2013-05-15,22.8,26.7,20.2,24.2,31.2,86,21.7,21.7,0.0,14.0,6.55,11.3
2013-05-16,20.8,23.2,18.2,20.1,22.6,79,0.2,0.2,0.0,1.0,6.66,11.4
2013-05-17,20.1,23.1,17.5,21.2,24.5,80,0.4,0.4,0.0,2.0,3.45,6.8
2013-05-18,20.3,22.3,18.4,21.9,24.3,85,3.5,3.5,0.0,5.0,3.32,6.1
2013-05-19,21.8,24.7,17.7,23.8,26.5,80,0.0,0.0,0.0,0.0,2.26,5.6
2013-05-20,23.5,26.9,20.2,25.9,29.2,77,0.0,0.0,0.0,0.0,2.82,5.8
2013-05-21,25.1,30.1,20.7,28.5,33.9,77,0.0,0.0,0.0,0.0,3.2,6.7
2013-05-22,27.1,32.4,21.8,30.7,36.9,71,0.0,0.0,0.0,0.0,2.85,6.1
2013-05-23,28.9,33.7,23.7,33.1,39.0,67,0.0,0.0,0.0,0.0,2.64,6.2
2013-05-24,29.1,33.9,25.4,33.8,39.7,71,0.3,0.3,0.0,1.0,3.36,7.1
2013-05-25,27.3,30.0,24.7,31.4,34.4,82,7.4,7.4,0.0,9.0,5.14,8.8
2013-05-26,24.5,25.9,22.4,26.9,28.8,87,40.2,40.2,0.0,18.0,6.8,16.8
2013-05-27,25.1,29.1,21.2,27.6,31.9,74,0.0,0.0,0.0,0.0,4.1,8.1
2013-05-28,27.6,33.0,22.5,30.8,37.0,69,0.3,0.3,0.0,1.0,4.72,8.0
2013-05-29,21.1,26.8,18.6,20.5,30.8,79,9.7,9.7,0.0,16.0,8.37,15.5
2013-05-30,18.1,20.8,16.1,18.7,22.1,83,2.3,2.3,0.0,7.0,5.2,8.7
2013-05-31,21.8,25.3,18.5,23.8,27.2,79,0.5,0.5,0.0,1.0,3.14,6.8
2013-06-01,22.4,24.0,21.5,25.8,27.5,87,2.6,2.6,0.0,8.0,1.92,5.0
2013-06-02,24.7,28.8,20.5,28.4,34.1,77,0.0,0.0,0.0,0.0,1.96,4.1
2013-06-03,26.3,30.5,22.4,29.9,35.5,73,0.0,0.0,0.0,0.0,3.76,6.3
2013-06-04,26.7,30.2,22.7,29.5,34.6,69,0.0,0.0,0.0,0.0,3.98,8.1
2013-06-05,27.6,31.7,23.6,30.7,35.2,69,0.0,0.0,0.0,0.0,4.34,7.5
2013-06-06,26.0,27.5,24.6,29.7,31.2,85,73.3,73.3,0.0,16.0,4.9,17.1
2013-06-07,25.3,28.8,21.9,28.1,31.8,83,44.3,44.3,0.0,8.0,5.72,16.3
2013-06-08,25.2,28.6,21.9,26.9,30.2,72,0.0,0.0,0.0,0.0,5.37,9.0
2013-06-09,25.1,28.2,22.1,27.3,30.9,74,0.0,0.0,0.0,0.0,5.46,7.5
2013-06-10,22.0,23.9,19.8,22.8,25.9,84,3.4,3.4,0.0,6.0,6.68,11.4
2013-06-11,22.3,26.9,18.7,22.7,26.7,69,0.0,0.0,0.0,0.0,5.51,9.3
2013-06-12,24.4,29.2,20.1,27.0,32.8,68,0.0,0.0,0.0,0.0,2.61,5.3
2013-06-13,25.0,29.3,20.7,26.2,31.1,62,0.0,0.0,0.0,0.0,4.29,7.7
2013-06-14,27.0,31.6,22.0,29.6,35.4,67,0.0,0.0,0.0,0.0,3.98,8.0
2013-06-15,29.3,33.8,24.7,33.3,38.2,69,0.0,0.0,0.0,0.0,4.28,7.9
2013-06-16,31.4,35.1,27.2,36.8,40.6,70,0.4,0.4,0.0,2.0,4.12,10.0
2013-06-17,32.1,35.9,28.7,37.5,40.1,69,0.0,0.0,0.0,0.0,6.13,10.7
2013-06-18,32.9,36.7,29.5,38.4,41.8,67,0.0,0.0,0.0,0.0,6.67,11.6
2013-06-19,33.2,36.8,30.1,39.7,43.9,67,0.4,0.4,0.0,1.0,3.85,6.8
2013-06-20,30.6,34.7,28.1,36.4,43.1,78,4.2,4.2,0.0,3.0,5.11,8.2
2013-06-21,30.0,33.8,27.7,36.1,40.6,79,2.2,2.2,0.0,4.0,4.7,7.7
2013-06-22,30.1,33.7,26.9,35.4,41.2,71,10.2,10.2,0.0,4.0,3.41,7.2
2013-06-23,28.5,30.0,27.2,34.9,36.2,85,24.3,24.3,0.0,19.0,3.26,6.1
2013-06-24,28.7,31.4,26.7,35.0,39.6,85,19.6,19.6,0.0,17.0,3.27,6.7
2013-06-25,26.2,27.9,24.6,31.3,33.6,88,10.7,10.7,0.0,13.0,3.88,8.2
2013-06-26,25.1,26.5,24.1,30.1,31.9,90,25.8,25.8,0.0,16.0,3.01,5.6
2013-06-27,24.3,26.3,22.6,28.4,30.4,89,57.5,57.5,0.0,10.0,4.61,7.8
2013-06-28,25.4,29.0,22.5,28.6,33.1,83,0.7,0.7,0.0,3.0,5.83,10.2
2013-06-29,26.8,30.5,23.7,30.8,35.2,84,1.9,1.9,0.0,7.0,4.56,9.2
2013-06-30,29.2,33.3,25.7,34.6,39.2,84,12.4,12.4,0.0,15.0,4.78,12.7
2013-07-01,31.8,35.9,28.2,36.7,40.1,70,0.0,0.0,0.0,0.0,6.36,14.1
2013-07-02,31.9,35.5,28.8,35.8,38.9,65,0.0,0.0,0.0,0.0,7.32,12.7
2013-07-03,31.8,34.7,29.0,35.1,38.5,64,0.0,0.0,0.0,0.0,7.92,13.4
2013-07-04,31.8,34.1,30.2,34.0,37.1,62,0.0,0.0,0.0,0.0,9.19,15.6
2013-07-05,29.7,31.7,26.0,33.6,36.0,73,17.2,17.2,0.0,13.0,7.22,12.6
2013-07-06,28.2,31.2,25.7,33.7,36.9,86,19.9,19.9,0.0,22.0,4.41,12.7
2013-07-07,28.1,31.9,25.2,33.5,38.5,87,33.8,33.8,0.0,23.0,5.69,13.6
2013-07-08,31.6,34.9,28.4,36.2,39.5,70,0.0,0.0,0.0,0.0,7.31,12.8
2013-07-09,31.6,34.6,29.0,35.6,38.8,66,0.0,0.0,0.0,0.0,7.21,12.1
2013-07-10,32.0,35.2,28.7,36.8,39.6,66,0.0,0.0,0.0,0.0,6.61,11.2
2013-07-11,32.5,36.0,29.1,37.8,40.4,66,0.0,0.0,0.0,0.0,5.8,9.8
2013-07-12,32.8,36.9,28.9,39.2,43.3,67,0.0,0.0,0.0,0.0,2.78,5.6
2013-07-13,32.9,36.7,28.8,39.2,44.3,69,0.0,0.0,0.0,0.0,5.49,8.5
2013-07-14,28.9,31.0,26.8,34.0,37.1,80,1.0,1.0,0.0,3.0,4.83,7.1
2013-07-15,29.3,33.6,26.2,35.2,39.3,83,0.5,0.5,0.0,4.0,5.12,11.8
2013-07-16,30.1,32.4,28.7,35.1,37.8,76,0.9,0.9,0.0,1.0,4.9,9.3
2013-07-17,29.1,31.7,27.6,34.7,38.2,82,13.0,13.0,0.0,14.0,4.57,9.4
2013-07-18,30.0,33.3,27.3,35.8,39.2,79,0.9,0.9,0.0,4.0,4.11,9.1
2013-07-19,31.3,34.6,28.1,36.8,40.5,71,0.1,0.1,0.0,1.0,4.9,9.2
2013-07-20,30.1,32.1,28.1,35.9,37.8,78,5.4,5.4,0.0,14.0,3.72,10.8
2013-07-21,27.5,29.1,26.1,33.2,35.3,89,36.8,36.8,0.0,18.0,4.02,10.8
2013-07-22,30.6,34.6,26.8,35.8,39.7,77,0.9,0.9,0.0,2.0,6.43,11.0
2013-07-23,31.9,35.1,28.8,36.5,39.7,68,0.0,0.0,0.0,0.0,7.11,12.4
2013-07-24,32.7,35.9,29.8,38.0,41.3,67,0.0,0.0,0.0,0.0,6.22,10.3
2013-07-25,33.0,36.7,29.5,38.5,42.8,65,0.0,0.0,0.0,0.0,4.5,8.5
2013-07-26,32.0,34.9,28.6,38.0,41.2,71,0.0,0.0,0.0,0.0,4.34,7.9
2013-07-27,31.9,34.9,28.8,37.8,41.4,71,0.0,0.0,0.0,0.0,4.31,7.9
2013-07-28,32.4,35.5,29.3,37.8,41.3,67,0.0,0.0,0.0,0.0,5.07,9.1
2013-07-29,32.5,35.7,29.9,37.8,40.7,67,0.0,0.0,0.0,0.0,5.75,9.8
2013-07-30,32.2,35.6,29.6,36.8,39.8,65,0.0,0.0,0.0,0.0,6.31,11.0
2013-07-31,33.4,37.3,30.2,38.5,42.2,62,0.0,0.0,0.0,0.0,5.52,10.3
2013-08-01,33.3,37.2,29.4,38.5,42.9,62,0.0,0.0,0.0,0.0,5.48,10.3
2013-08-02,30.9,35.7,27.5,36.7,42.9,72,0.4,0.4,0.0,1.0,3.28,6.9
2013-08-03,31.5,35.6,28.8,36.5,40.2,69,1.5,1.5,0.0,4.0,5.35,9.6
2013-08-04,31.5,34.5,29.1,36.4,38.7,69,0.0,0.0,0.0,0.0,6.16,11.6
2013-08-05,32.7,35.8,29.9,36.3,39.4,61,0.0,0.0,0.0,0.0,8.54,13.8
2013-08-06,33.6,37.9,30.4,37.6,41.4,58,0.0,0.0,0.0,0.0,7.38,12.2
2013-08-07,33.7,37.6,30.5,37.2,40.6,56,0.0,0.0,0.0,0.0,7.52,12.1
2013-08-08,33.5,37.4,30.0,37.2,40.9,57,0.0,0.0,0.0,0.0,7.42,12.2
2013-08-09,33.6,38.1,29.6,37.6,41.5,57,0.0,0.0,0.0,0.0,6.21,11.3
2013-08-10,34.3,39.3,29.3,39.4,44.1,59,0.0,0.0,0.0,0.0,4.58,8.6
2013-08-11,34.0,39.7,29.5,38.9,44.8,57,0.0,0.0,0.0,0.0,5.26,7.6
2013-08-12,33.3,38.7,27.5,38.6,43.9,61,0.0,0.0,0.0,0.0,3.11,6.5
2013-08-13,33.4,38.3,28.5,38.8,44.1,61,0.0,0.0,0.0,0.0,2.86,5.5
2013-08-14,33.6,37.8,30.0,38.2,41.9,59,0.0,0.0,0.0,0.0,4.6,8.5
2013-08-15,33.1,37.3,29.4,37.1,41.8,57,0.2,0.2,0.0,1.0,4.79,8.6
2013-08-16,33.0,37.4,28.7,37.2,42.2,57,0.0,0.0,0.0,0.0,3.85,7.6
2013-08-17,33.0,37.3,28.9,38.0,42.7,59,0.0,0.0,0.0,0.0,3.44,7.0
2013-08-18,32.3,38.0,28.9,38.4,44.7,66,0.2,0.2,0.0,1.0,4.85,7.8
2013-08-19,30.8,34.3,28.2,34.9,38.0,69,0.3,0.3,0.0,1.0,5.32,8.7
2013-08-20,29.4,32.5,27.0,33.8,37.5,76,3.8,3.8,0.0,8.0,5.11,9.2
2013-08-21,31.3,35.3,27.7,35.9,40.4,70,0.0,0.0,0.0,0.0,6.0,10.0
2013-08-22,29.4,32.7,27.9,31.6,33.4,74,3.7,3.7,0.0,10.0,9.71,19.3
2013-08-23,28.4,29.8,27.5,33.1,35.6,87,18.5,18.5,0.0,20.0,7.75,12.3
2013-08-24,29.8,33.5,27.6,35.5,39.9,80,2.2,2.2,0.0,4.0,4.52,7.9
2013-08-25,28.3,30.8,26.7,34.5,37.9,86,16.4,16.4,0.0,11.0,3.38,7.5
2013-08-26,28.5,32.0,25.8,34.5,38.0,83,2.7,2.7,0.0,11.0,2.82,7.5
2013-08-27,30.2,33.9,26.9,36.8,40.6,81,0.0,0.0,0.0,0.0,3.14,7.4
2013-08-28,32.3,36.5,28.9,38.8,42.3,73,0.0,0.0,0.0,0.0,4.1,8.0
2013-08-29,29.4,32.5,26.7,34.1,38.2,74,1.4,1.4,0.0,4.0,4.9,9.0
2013-08-30,28.9,33.9,25.0,31.2,36.8,62,0.0,0.0,0.0,0.0,5.76,10.1
2013-08-31,25.6,28.5,23.9,26.4,29.4,63,0.0,0.0,0.0,0.0,5.52,8.8
2013-09-01,26.2,30.1,22.3,28.8,33.1,67,0.2,0.2,0.0,1.0,3.26,5.9
2013-09-02,25.5,27.9,23.3,27.9,30.3,69,0.2,0.2,0.0,1.0,3.26,5.8
2013-09-03,25.5,30.6,22.3,27.6,32.2,68,0.0,0.0,0.0,0.0,3.31,6.8
2013-09-04,22.5,26.6,17.9,23.4,27.5,76,12.6,12.6,0.0,10.0,5.87,9.5
2013-09-05,19.0,20.2,17.6,20.3,22.6,91,13.9,13.9,0.0,20.0,4.52,9.2
2013-09-06,21.2,23.9,19.3,23.9,26.4,87,1.6,1.6,0.0,5.0,1.8,3.5
2013-09-07,22.8,25.9,20.3,26.0,28.6,84,0.0,0.0,0.0,0.0,1.77,4.4
2013-09-08,23.8,26.7,21.5,26.9,30.0,82,2.1,2.1,0.0,3.0,3.28,6.7
2013-09-09,25.7,29.8,22.1,29.7,33.9,81,0.3,0.3,0.0,1.0,2.87,7.1
2013-09-10,23.7,25.8,22.3,26.9,28.9,90,0.1,0.1,0.0,1.0,3.81,6.9
2013-09-11,23.0,25.6,21.7,26.1,28.2,89,1.8,1.8,0.0,7.0,4.01,7.1
2013-09-12,24.1,26.9,21.8,27.6,30.9,83,0.1,0.1,0.0,1.0,2.35,5.3
2013-09-13,26.0,30.1,23.4,30.4,34.3,81,0.0,0.0,0.0,0.0,2.02,5.0
2013-09-14,27.5,32.5,23.6,32.6,37.8,79,0.0,0.0,0.0,0.0,2.59,4.4
2013-09-15,28.7,33.7,23.9,33.3,37.9,73,0.0,0.0,0.0,0.0,2.75,6.0
2013-09-16,29.0,33.6,25.2,32.9,38.0,70,0.0,0.0,0.0,0.0,4.83,9.6
2013-09-17,29.1,34.3,25.3,30.9,36.4,59,0.0,0.0,0.0,0.0,5.39,9.7
2013-09-18,27.1,32.0,23.2,28.2,33.7,60,0.0,0.0,0.0,0.0,5.41,10.5
2013-09-19,27.3,33.0,22.9,30.5,37.0,67,0.0,0.0,0.0,0.0,2.44,7.0
2013-09-20,28.1,33.5,23.5,31.5,37.6,66,0.0,0.0,0.0,0.0,2.6,4.9
2013-09-21,28.3,33.4,24.2,31.5,37.2,68,0.0,0.0,0.0,0.0,4.6,7.2
2013-09-22,28.2,32.3,24.8,31.2,36.0,71,0.0,0.0,0.0,0.0,4.98,9.6
2013-09-23,26.5,28.2,24.5,30.5,32.6,86,40.5,40.5,0.0,15.0,5.15,7.8
2013-09-24,19.6,24.8,16.9,18.7,28.0,93,29.8,29.8,0.0,24.0,8.95,15.0
2013-09-25,16.5,17.2,15.9,15.3,16.8,86,16.3,16.3,0.0,18.0,6.82,10.9
2013-09-26,19.2,23.0,16.3,19.5,23.1,68,0.0,0.0,0.0,0.0,2.44,4.2
2013-09-27,18.4,19.9,16.9,19.6,20.7,84,4.9,4.9,0.0,8.0,1.84,3.8
2013-09-28,19.0,24.0,15.8,20.1,25.1,83,0.0,0.0,0.0,0.0,2.64,6.2
2013-09-29,21.3,26.6,17.1,22.7,28.8,75,0.0,0.0,0.0,0.0,2.66,6.2
2013-09-30,22.5,27.3,18.3,24.0,29.0,74,0.0,0.0,0.0,0.0,3.4,7.6
2013-10-01,23.4,27.9,19.6,25.8,31.2,71,0.0,0.0,0.0,0.0,2.58,4.7
2013-10-02,23.4,28.1,19.6,24.0,28.1,69,0.0,0.0,0.0,0.0,5.88,10.2
2013-10-03,21.4,25.5,17.0,21.1,26.2,55,0.0,0.0,0.0,0.0,3.84,7.0
2013-10-04,20.8,26.0,16.9,21.4,26.9,67,0.0,0.0,0.0,0.0,2.64,6.8
2013-10-05,21.3,27.1,15.5,22.1,28.2,71,0.0,0.0,0.0,0.0,2.84,5.7
2013-10-06,22.7,27.5,19.0,23.1,28.1,67,0.0,0.0,0.0,0.0,5.3,9.0
2013-10-07,23.1,26.6,20.1,22.5,25.6,71,0.0,0.0,0.0,0.0,8.58,15.0
2013-10-08,24.2,28.6,20.7,24.4,28.4,69,0.0,0.0,0.0,0.0,6.63,12.2
2013-10-09,22.7,28.1,18.5,24.8,31.3,75,0.0,0.0,0.0,0.0,2.83,6.1
2013-10-10,23.9,30.0,19.3,26.0,32.0,73,0.0,0.0,0.0,0.0,3.08,6.2
2013-10-11,25.2,31.2,18.1,28.4,34.5,72,0.0,0.0,0.0,0.0,1.26,4.1
2013-10-12,25.3,31.7,20.4,26.1,32.0,62,0.0,0.0,0.0,0.0,4.53,8.8
2013-10-13,24.7,31.1,20.7,25.1,32.1,57,0.0,0.0,0.0,0.0,4.25,8.6
2013-10-14,22.8,29.3,18.3,22.2,29.2,62,0.0,0.0,0.0,0.0,9.04,13.9
2013-10-15,17.0,18.7,15.1,13.4,15.2,65,0.0,0.0,0.0,0.0,8.95,15.1
2013-10-16,14.7,16.0,13.7,12.1,14.0,58,0.0,0.0,0.0,0.0,4.08,7.3
2013-10-17,15.4,17.9,13.6,14.4,17.9,63,0.0,0.0,0.0,0.0,2.7,4.6
2013-10-18,16.3,20.5,12.2,15.8,20.3,72,0.0,0.0,0.0,0.0,2.34,4.9
2013-10-19,18.2,22.5,15.1,18.0,22.6,68,0.0,0.0,0.0,0.0,2.42,6.5
2013-10-20,19.4,24.3,15.6,18.9,23.7,67,0.0,0.0,0.0,0.0,3.36,7.5
2013-10-21,19.3,23.5,16.3,18.2,23.4,57,0.0,0.0,0.0,0.0,3.33,6.7
2013-10-22,18.5,24.0,14.4,18.0,23.5,65,0.0,0.0,0.0,0.0,3.14,5.5
2013-10-23,18.5,25.5,13.2,18.1,24.4,67,0.0,0.0,0.0,0.0,2.9,6.1
2013-10-24,20.0,26.0,16.0,18.7,24.5,58,0.0,0.0,0.0,0.0,5.3,8.9
2013-10-25,16.3,20.6,12.2,12.8,16.9,48,0.0,0.0,0.0,0.0,5.31,10.0
2013-10-26,14.2,19.8,10.1,12.2,18.4,59,0.0,0.0,0.0,0.0,3.4,6.5
2013-10-27,16.8,22.8,12.0,15.2,21.3,58,0.0,0.0,0.0,0.0,3.28,7.1
2013-10-28,19.4,24.8,15.5,18.2,23.2,55,0.0,0.0,0.0,0.0,2.76,5.6
2013-10-29,18.6,21.2,15.5,18.2,20.8,67,0.6,0.6,0.0,2.0,3.85,5.6
2013-10-30,16.5,17.7,15.7,15.8,16.6,82,4.0,4.0,0.0,6.0,4.53,8.0
2013-10-31,16.9,19.4,15.3,17.0,19.7,85,3.0,3.0,0.0,7.0,4.08,7.0
2013-11-01,16.4,18.7,14.6,15.8,18.8,89,7.1,7.1,0.0,5.0,4.95,8.3
2013-11-02,14.5,15.3,13.5,13.3,14.4,92,8.3,8.3,0.0,12.0,5.25,8.6
2013-11-03,16.6,21.2,14.1,15.6,19.7,77,0.0,0.0,0.0,0.0,4.35,7.8
2013-11-04,15.8,20.7,12.6,14.7,20.4,75,0.0,0.0,0.0,0.0,4.04,7.4
2013-11-05,15.2,20.7,11.1,14.4,20.4,73,0.0,0.0,0.0,0.0,2.55,5.5
2013-11-06,16.4,21.4,12.4,15.8,21.1,70,0.0,0.0,0.0,0.0,2.44,4.8
2013-11-07,16.5,22.5,10.2,16.4,21.7,77,0.0,0.0,0.0,0.0,2.69,5.4
2013-11-08,19.0,22.7,16.4,18.3,21.9,67,0.3,0.3,0.0,2.0,4.11,11.5
2013-11-09,19.3,24.4,15.7,19.3,26.1,76,3.5,3.5,0.0,6.0,7.21,10.9
2013-11-10,14.4,16.1,13.1,11.7,13.4,81,5.8,5.8,0.0,8.0,7.85,11.7
2013-11-11,12.7,14.2,11.0,10.6,12.2,82,11.5,11.5,0.0,13.0,4.65,8.0
2013-11-12,9.8,11.0,9.1,7.2,8.8,89,13.5,13.5,0.0,21.0,5.11,8.7
2013-11-13,11.4,13.0,10.2,10.0,11.8,84,0.0,0.0,0.0,0.0,3.14,4.8
2013-11-14,12.6,17.4,10.3,10.9,14.8,78,0.5,0.5,0.0,3.0,3.76,7.6
2013-11-15,12.7,18.6,7.7,11.3,17.2,78,0.0,0.0,0.0,0.0,2.98,4.8
2013-11-16,13.9,21.2,8.9,12.4,19.8,73,0.0,0.0,0.0,0.0,3.13,5.9
2013-11-17,12.6,19.4,8.4,10.0,16.9,57,0.0,0.0,0.0,0.0,2.97,5.1
2013-11-18,11.8,18.5,7.5,9.1,15.7,57,0.0,0.0,0.0,0.0,2.64,5.0
2013-11-19,11.5,18.9,6.0,8.9,15.9,65,0.0,0.0,0.0,0.0,2.85,5.7
2013-11-20,13.5,20.2,8.2,11.9,18.5,70,0.0,0.0,0.0,0.0,2.66,5.0
2013-11-21,14.4,19.4,10.8,12.9,17.7,70,0.0,0.0,0.0,0.0,3.45,5.5
2013-11-22,13.6,17.6,10.4,11.9,16.1,74,0.0,0.0,0.0,0.0,3.26,6.1
2013-11-23,14.1,17.0,12.2,13.5,16.9,81,7.1,7.1,0.0,10.0,3.86,8.2
2013-11-24,11.0,14.4,7.3,7.6,10.3,77,5.1,5.1,0.0,11.0,6.74,11.4
2013-11-25,10.6,17.1,6.6,8.7,15.3,81,0.0,0.0,0.0,0.0,3.01,5.0
2013-11-26,10.6,14.4,7.7,8.6,12.2,79,0.0,0.0,0.0,0.0,2.97,6.1
2013-11-27,9.6,11.6,3.9,6.0,8.7,64,0.0,0.0,0.0,0.0,7.24,12.9
2013-11-28,6.6,12.5,1.7,2.7,7.2,54,0.0,0.0,0.0,0.0,4.69,8.5
2013-11-29,6.8,13.6,1.4,3.2,9.7,61,0.0,0.0,0.0,0.0,3.31,6.6
2013-11-30,9.5,16.2,4.1,6.7,13.6,63,0.0,0.0,0.0,0.0,3.16,6.4
2013-12-01,9.1,16.6,4.0,6.2,14.0,63,0.0,0.0,0.0,0.0,3.32,4.3
2013-12-02,11.0,19.6,5.5,8.2,16.3,65,0.0,0.0,0.0,0.0,3.67,6.9
2013-12-03,11.8,18.4,6.9,9.3,14.3,65,0.0,0.0,0.0,0.0,4.34,8.6
2013-12-04,9.9,16.1,5.4,7.5,13.9,68,0.0,0.0,0.0,0.0,3.42,4.7
2013-12-05,10.6,16.4,6.7,8.2,13.5,68,0.0,0.0,0.0,0.0,4.42,7.1
2013-12-06,9.4,14.7,4.3,6.5,12.0,63,0.0,0.0,0.0,0.0,4.37,7.2
2013-12-07,9.7,15.7,4.3,7.5,13.3,75,0.0,0.0,0.0,0.0,2.93,5.1
2013-12-08,10.9,17.2,7.3,8.6,15.4,76,0.0,0.0,0.0,0.0,5.7,6.8
2013-12-09,9.6,13.1,5.0,5.5,8.4,65,1.4,1.4,0.0,5.0,8.71,14.3
2013-12-10,7.1,11.1,2.4,4.0,8.4,66,0.0,0.0,0.0,0.0,3.04,6.8
2013-12-11,7.8,12.9,3.8,3.9,8.8,53,0.0,0.0,0.0,0.0,4.24,7.5
2013-12-12,7.7,12.5,3.7,4.7,9.1,63,0.0,0.0,0.0,0.0,2.77,4.4
2013-12-13,8.1,14.3,3.0,5.1,11.1,61,0.0,0.0,0.0,0.0,3.13,4.6
2013-12-14,7.7,12.8,3.8,4.8,10.0,65,0.0,0.0,0.0,0.0,2.76,4.3
2013-12-15,9.9,12.4,8.1,6.3,8.7,54,0.3,0.3,0.0,3.0,4.05,7.0
2013-12-16,8.0,8.9,6.9,5.7,6.3,78,2.1,2.1,0.0,13.0,3.04,6.0
2013-12-17,6.2,7.4,3.7,3.5,4.9,85,3.1,3.1,0.0,17.0,4.02,6.2
2013-12-18,4.5,7.8,2.2,0.3,3.0,75,0.0,0.0,0.0,0.0,5.1,9.4
2013-12-19,3.6,7.0,0.8,0.6,3.9,76,0.0,0.0,0.0,0.0,2.95,5.1
2013-12-20,3.4,7.8,0.6,-0.2,4.4,76,0.0,0.0,0.0,0.0,3.68,6.1
2013-12-21,2.5,7.1,-1.3,-1.0,3.9,74,0.0,0.0,0.0,0.0,3.22,5.6
2013-12-22,2.6,7.4,-1.8,-0.8,4.5,68,0.0,0.0,0.0,0.0,2.6,5.8
2013-12-23,3.6,8.8,-0.7,0.2,5.3,66,0.0,0.0,0.0,0.0,2.94,4.3
2013-12-24,3.9,9.7,-0.1,0.4,6.0,65,0.0,0.0,0.0,0.0,2.8,5.0
2013-12-25,4.6,9.2,0.7,1.4,6.0,66,0.0,0.0,0.0,0.0,2.82,4.3
2013-12-26,4.7,8.0,0.6,-0.7,1.1,49,0.0,0.0,0.0,0.0,7.86,13.7
2013-12-27,1.1,5.3,-3.1,-3.6,1.0,43,0.0,0.0,0.0,0.0,4.55,7.1
2013-12-28,2.3,8.4,-4.0,-1.6,3.6,53,0.0,0.0,0.0,0.0,2.8,6.4
2013-12-29,3.4,9.3,-2.2,-0.2,5.2,64,0.0,0.0,0.0,0.0,3.23,5.3
2013-12-30,4.7,12.8,-0.6,0.7,8.5,59,0.0,0.0,0.0,0.0,3.31,6.8
2013-12-31,6.8,15.6,0.7,3.2,11.7,62,0.0,0.0,0.0,0.0,3.61,7.6
2014-01-01,8.3,16.5,2.0,5.0,13.3,59,0.0,0.0,0.0,0.0,3.3,5.4
2014-01-02,8.5,14.3,3.1,5.4,11.4,58,0.0,0.0,0.0,0.0,3.09,4.6
2014-01-03,8.4,15.3,3.4,4.7,10.4,53,0.0,0.0,0.0,0.0,3.81,7.5
2014-01-04,7.0,14.2,1.9,3.4,10.9,51,0.0,0.0,0.0,0.0,3.6,4.3
2014-01-05,8.3,15.3,1.8,4.3,11.2,53,0.0,0.0,0.0,0.0,4.57,7.2
2014-01-06,7.9,9.1,6.4,4.0,5.7,59,2.9,2.9,0.0,4.0,4.46,7.8
2014-01-07,5.7,6.5,4.9,2.2,4.0,94,14.4,14.4,0.0,18.0,5.7,9.2
2014-01-08,5.5,7.2,3.3,1.2,3.1,79,0.0,0.0,0.0,0.0,6.1,10.7
2014-01-09,4.0,7.2,1.5,0.8,4.5,82,0.0,0.0,0.0,0.0,3.31,5.4
2014-01-10,4.4,6.2,3.0,1.1,2.7,81,1.4,1.4,0.0,7.0,4.71,8.3
2014-01-11,4.8,6.1,4.2,2.2,3.4,87,3.0,3.0,0.0,9.0,2.72,5.3
2014-01-12,5.3,10.1,1.2,1.8,6.2,71,0.0,0.0,0.0,0.0,3.93,7.1
2014-01-13,5.3,9.0,1.4,2.3,6.9,72,0.0,0.0,0.0,0.0,3.65,5.7
2014-01-14,4.7,8.8,0.8,1.7,6.0,80,0.0,0.0,0.0,0.0,2.91,7.2
2014-01-15,4.4,9.2,1.2,0.6,5.3,73,0.0,0.0,0.0,0.0,4.16,8.2
2014-01-16,6.0,10.5,2.0,3.0,8.0,69,0.0,0.0,0.0,0.0,2.56,4.6
2014-01-17,7.4,12.7,2.7,4.2,9.3,66,0.0,0.0,0.0,0.0,4.47,7.0
2014-01-18,4.9,9.5,0.1,1.0,6.6,59,0.0,0.0,0.0,0.0,4.5,6.8
2014-01-19,5.9,11.8,1.1,2.3,8.8,63,0.0,0.0,0.0,0.0,3.98,6.3
2014-01-20,7.3,13.0,1.8,3.1,7.7,48,0.0,0.0,0.0,0.0,4.65,9.8
2014-01-21,5.2,10.6,0.3,1.5,7.4,51,0.0,0.0,0.0,0.0,3.19,5.8
2014-01-22,6.0,12.4,0.4,1.9,8.3,53,0.0,0.0,0.0,0.0,4.0,7.6
2014-01-23,9.4,16.7,3.7,5.2,12.8,50,0.0,0.0,0.0,0.0,4.49,8.4
2014-01-24,12.7,20.3,7.1,8.8,15.9,46,0.0,0.0,0.0,0.0,6.02,10.5
2014-01-25,9.5,13.5,5.0,5.1,8.9,48,0.0,0.0,0.0,0.0,5.31,9.5
2014-01-26,8.6,12.1,5.3,5.5,9.2,63,0.0,0.0,0.0,0.0,3.23,7.4
2014-01-27,8.4,13.4,4.7,5.8,11.1,73,0.0,0.0,0.0,0.0,3.11,6.6
2014-01-28,8.2,9.3,6.1,6.0,7.2,83,6.2,6.2,0.0,6.0,2.38,4.4
2014-01-29,8.8,10.9,6.8,6.9,8.3,88,4.0,4.0,0.0,5.0,3.78,8.1
2014-01-30,9.9,16.2,5.8,8.3,15.4,89,0.0,0.0,0.0,0.0,2.85,6.0
2014-01-31,15.6,23.4,9.8,14.3,23.1,77,0.0,0.0,0.0,0.0,5.19,10.0
2014-02-01,14.8,18.3,10.4,13.9,18.0,78,0.0,0.0,0.0,0.0,3.62,5.4
2014-02-02,13.0,18.2,8.6,12.2,17.9,83,0.0,0.0,0.0,0.0,2.38,4.8
2014-02-03,9.8,13.4,6.7,5.8,12.4,83,0.0,0.0,0.0,0.0,8.57,14.4
2014-02-04,6.0,6.9,4.0,1.7,3.2,76,1.9,1.9,0.0,8.0,6.66,11.0
2014-02-05,2.9,4.5,1.3,-1.4,0.2,88,8.1,8.1,0.0,20.0,5.4,8.5
2014-02-06,2.1,2.6,1.6,-2.3,-1.4,92,17.5,17.5,0.0,24.0,5.43,9.0
2014-02-07,1.9,3.1,0.5,-3.0,-1.6,86,5.8,4.4,0.98,10.0,6.33,10.9
2014-02-08,1.2,3.1,-0.1,-3.0,-0.7,89,3.8,3.0,0.56,9.0,5.42,8.9
2014-02-09,0.5,1.2,-0.9,-5.3,-4.4,78,1.7,0.0,1.47,8.0,7.96,12.8
2014-02-10,-1.1,0.7,-2.7,-6.4,-4.2,70,0.0,0.0,0.0,0.0,5.85,10.1
2014-02-11,-0.7,2.7,-4.2,-4.4,-0.3,67,0.0,0.0,0.0,0.0,2.88,5.3
2014-02-12,0.7,3.1,-1.4,-3.3,-0.8,73,0.0,0.0,0.0,0.0,4.98,7.9
2014-02-13,1.1,3.5,-1.0,-3.2,-0.4,78,0.0,0.0,0.0,0.0,4.5,8.2
2014-02-14,1.5,5.5,-2.3,-1.6,3.0,82,0.0,0.0,0.0,0.0,2.75,5.0
2014-02-15,4.6,7.5,1.2,1.5,4.6,78,0.0,0.0,0.0,0.0,3.97,7.6
2014-02-16,4.7,5.4,3.5,2.4,3.4,90,0.1,0.1,0.0,1.0,2.31,3.5
2014-02-17,3.7,4.7,2.3,-0.2,0.9,89,3.6,3.4,0.14,8.0,4.5,8.0
2014-02-18,1.8,2.9,0.9,-3.1,-1.8,88,10.0,4.6,3.78,13.0,7.38,11.8
2014-02-19,3.2,7.5,-0.4,0.4,5.1,82,0.0,0.0,0.0,0.0,2.5,4.7
2014-02-20,6.1,11.0,1.2,2.6,7.9,73,0.0,0.0,0.0,0.0,4.84,8.4
2014-02-21,8.9,13.2,4.6,5.4,10.3,67,0.0,0.0,0.0,0.0,4.76,8.9
2014-02-22,11.1,15.2,8.5,8.5,13.1,68,0.0,0.0,0.0,0.0,4.05,6.8
2014-02-23,10.9,12.8,9.1,9.1,11.1,76,0.1,0.1,0.0,1.0,3.01,5.2
2014-02-24,9.9,10.9,9.2,8.3,9.4,94,13.8,13.8,0.0,23.0,3.65,6.5
2014-02-25,9.2,10.0,8.6,7.6,8.6,95,0.6,0.6,0.0,3.0,3.23,5.5
2014-02-26,10.7,13.0,8.8,9.5,12.1,86,0.0,0.0,0.0,0.0,2.64,4.5
2014-02-27,10.4,11.6,9.6,9.0,10.6,92,8.4,8.4,0.0,10.0,4.05,5.7
2014-02-28,8.5,9.8,6.0,5.7,7.9,95,10.2,10.2,0.0,20.0,5.9,8.9
2014-03-01,6.0,8.0,4.9,1.9,4.3,85,0.2,0.2,0.0,2.0,6.38,10.6
2014-03-02,6.2,8.0,4.9,3.8,6.5,90,0.8,0.8,0.0,5.0,4.3,6.3
2014-03-03,8.1,11.1,5.4,5.9,8.8,84,0.0,0.0,0.0,0.0,3.55,8.6
2014-03-04,10.6,14.7,6.8,8.8,13.3,77,0.0,0.0,0.0,0.0,2.62,7.4
2014-03-05,11.2,15.2,7.8,8.3,12.4,71,0.0,0.0,0.0,0.0,5.34,9.8
2014-03-06,9.2,11.3,6.8,6.0,7.9,78,6.0,6.0,0.0,11.0,4.22,8.0
2014-03-07,7.3,8.9,5.9,3.9,5.5,76,0.0,0.0,0.0,0.0,4.67,8.8
2014-03-08,9.6,13.1,7.3,7.4,10.6,75,0.9,0.9,0.0,3.0,2.61,5.5
2014-03-09,10.3,15.1,3.8,8.6,14.8,74,0.0,0.0,0.0,0.0,2.95,5.5
2014-03-10,12.2,16.9,7.8,9.4,14.8,65,0.0,0.0,0.0,0.0,4.67,9.3
2014-03-11,12.3,15.4,9.3,10.9,13.4,80,1.2,1.2,0.0,5.0,4.34,8.6
2014-03-12,12.2,15.0,7.6,9.9,13.4,83,0.4,0.4,0.0,3.0,8.2,13.2
2014-03-13,9.1,13.4,5.9,5.7,10.6,66,0.0,0.0,0.0,0.0,5.94,9.6
2014-03-14,11.7,18.4,5.7,9.2,16.3,67,0.0,0.0,0.0,0.0,3.88,7.7
2014-03-15,13.7,19.8,8.6,11.1,17.2,60,0.0,0.0,0.0,0.0,4.44,8.2
2014-03-16,15.2,20.6,10.4,13.6,19.7,66,0.0,0.0,0.0,0.0,3.96,7.8
2014-03-17,18.8,26.7,13.3,18.4,27.0,71,0.0,0.0,0.0,0.0,5.02,9.2
2014-03-18,20.6,25.5,17.5,21.2,27.2,73,3.1,3.1,0.0,8.0,3.58,10.8
2014-03-19,14.6,18.5,11.3,12.4,19.4,82,18.9,18.9,0.0,12.0,7.79,12.5
2014-03-20,12.1,14.5,9.3,8.2,10.8,59,0.0,0.0,0.0,0.0,7.02,11.6
2014-03-21,11.4,16.4,6.4,9.2,14.9,63,0.0,0.0,0.0,0.0,2.58,6.0
2014-03-22,14.0,19.3,8.1,12.0,18.3,61,0.3,0.3,0.0,1.0,3.82,7.5
2014-03-23,14.1,15.9,11.8,13.6,15.9,78,2.5,2.5,0.0,4.0,2.15,5.5
2014-03-24,15.6,18.1,13.0,15.7,18.6,85,9.0,9.0,0.0,7.0,3.02,6.6
2014-03-25,18.3,22.7,15.3,18.5,22.8,81,1.5,1.5,0.0,3.0,6.52,11.2
2014-03-26,19.3,25.7,13.8,20.1,27.5,79,0.0,0.0,0.0,0.0,3.44,6.3
2014-03-27,21.8,27.1,17.6,22.6,28.8,73,0.0,0.0,0.0,0.0,4.56,9.3
2014-03-28,21.3,25.0,18.1,23.2,26.7,85,6.0,6.0,0.0,8.0,4.0,7.3
2014-03-29,21.5,26.4,18.3,21.4,26.7,70,27.8,27.8,0.0,9.0,6.03,9.8
2014-03-30,20.0,22.9,17.5,18.9,20.0,68,1.1,1.1,0.0,3.0,6.99,12.6
2014-03-31,18.1,21.6,14.7,16.7,19.8,65,0.0,0.0,0.0,0.0,4.68,8.3
2014-04-01,17.0,21.2,12.1,16.3,21.7,62,0.0,0.0,0.0,0.0,2.97,4.7
2014-04-02,19.2,23.1,14.2,18.9,23.0,64,0.0,0.0,0.0,0.0,3.36,6.5
2014-04-03,20.0,24.7,15.4,19.0,23.3,64,0.0,0.0,0.0,0.0,6.49,11.1
2014-04-04,18.7,23.2,14.6,18.2,24.3,63,0.0,0.0,0.0,0.0,4.4,6.9
2014-04-05,18.7,23.7,15.1,18.7,23.5,72,0.0,0.0,0.0,0.0,4.69,6.4
2014-04-06,15.5,17.3,13.1,14.0,16.3,74,3.5,3.5,0.0,8.0,4.7,8.2
2014-04-07,15.6,18.3,13.0,15.3,18.0,80,0.0,0.0,0.0,0.0,2.35,5.5
2014-04-08,18.6,23.6,14.3,19.2,24.6,78,0.0,0.0,0.0,0.0,2.66,5.1
2014-04-09,21.1,27.1,14.4,21.8,28.3,69,0.0,0.0,0.0,0.0,3.67,6.7
2014-04-10,22.4,26.8,19.1,22.4,26.9,65,1.7,1.7,0.0,2.0,4.92,9.1
2014-04-11,18.5,20.3,16.7,19.0,22.2,92,39.7,39.7,0.0,24.0,5.33,13.2
2014-04-12,14.4,16.4,13.7,12.6,15.5,91,19.2,19.2,0.0,17.0,6.11,13.8
2014-04-13,16.2,19.5,13.6,16.0,19.4,83,0.0,0.0,0.0,0.0,3.8,6.5
2014-04-14,18.7,21.5,16.0,18.3,20.5,75,0.0,0.0,0.0,0.0,4.96,8.9
2014-04-15,18.8,20.3,17.4,19.0,21.2,87,24.9,24.9,0.0,18.0,5.68,14.3
2014-04-16,17.0,18.7,15.6,17.4,20.0,96,27.9,27.9,0.0,21.0,4.0,12.0
2014-04-17,18.5,22.1,15.6,19.6,23.9,86,11.7,11.7,0.0,11.0,2.94,9.2
2014-04-18,20.5,24.5,18.5,21.6,25.8,87,30.2,30.2,0.0,20.0,5.75,11.2
2014-04-19,16.1,19.0,14.1,14.2,20.9,86,24.5,24.5,0.0,10.0,7.47,13.1
2014-04-20,15.7,18.4,13.5,15.5,18.0,85,4.3,4.3,0.0,6.0,4.41,6.5
2014-04-21,15.7,16.2,14.8,15.6,16.9,94,24.5,24.5,0.0,18.0,4.08,6.3
2014-04-22,16.6,20.1,13.6,16.2,20.8,81,0.0,0.0,0.0,0.0,4.06,6.5
2014-04-23,17.1,19.4,15.1,17.0,20.1,84,2.6,2.6,0.0,3.0,4.53,8.1
2014-04-24,17.5,20.4,14.9,17.8,21.4,88,5.7,5.7,0.0,5.0,4.5,7.8
2014-04-25,18.0,19.3,16.9,18.9,21.0,92,3.3,3.3,0.0,4.0,4.7,7.1
2014-04-26,17.4,20.4,15.1,16.5,20.1,80,2.9,2.9,0.0,6.0,5.3,9.0
2014-04-27,17.8,23.1,14.0,17.0,22.0,74,1.1,1.1,0.0,3.0,4.63,8.9
2014-04-28,18.9,24.1,13.8,18.7,24.1,69,0.0,0.0,0.0,0.0,4.03,8.0
2014-04-29,19.7,24.7,14.1,20.2,26.8,71,0.0,0.0,0.0,0.0,2.78,4.8
2014-04-30,21.5,27.0,17.1,21.7,27.5,66,0.0,0.0,0.0,0.0,4.12,7.2
2014-05-01,23.5,29.1,17.9,24.4,29.7,62,0.0,0.0,0.0,0.0,3.91,8.1
2014-05-02,21.1,23.6,17.3,19.7,24.0,60,0.0,0.0,0.0,0.0,6.81,11.9
2014-05-03,20.5,24.9,17.3,20.4,25.3,64,0.8,0.8,0.0,3.0,4.34,8.5
2014-05-04,17.5,19.6,15.3,17.7,19.4,83,6.3,6.3,0.0,10.0,4.0,7.1
2014-05-05,18.3,23.0,13.6,17.8,22.1,68,0.0,0.0,0.0,0.0,3.62,7.6
2014-05-06,20.5,26.1,14.5,20.2,26.6,62,0.0,0.0,0.0,0.0,3.81,8.0
2014-05-07,23.0,28.5,18.1,23.2,28.6,64,0.0,0.0,0.0,0.0,6.04,10.4
2014-05-08,24.5,29.9,18.7,25.4,30.5,67,0.0,0.0,0.0,0.0,5.61,9.9
2014-05-09,21.5,24.3,19.3,21.5,26.2,82,15.5,15.5,0.0,15.0,8.88,14.2
2014-05-10,20.0,20.9,18.3,20.9,22.7,95,84.5,84.5,0.0,24.0,7.51,12.4
2014-05-11,19.5,24.6,15.6,19.2,24.0,74,8.9,8.9,0.0,3.0,8.03,14.8
2014-05-12,22.6,27.5,17.7,24.3,30.1,70,0.0,0.0,0.0,0.0,2.82,4.3
2014-05-13,21.5,25.7,19.5,22.4,26.6,75,10.9,10.9,0.0,11.0,4.16,8.9
2014-05-14,21.0,23.9,19.5,22.0,26.6,81,0.2,0.2,0.0,1.0,7.01,11.5
2014-05-15,21.6,25.6,17.0,21.1,26.5,54,0.0,0.0,0.0,0.0,4.95,9.2
2014-05-16,21.6,25.0,18.7,22.7,25.7,72,1.1,1.1,0.0,3.0,4.25,7.3
2014-05-17,19.5,21.1,18.2,20.7,22.4,85,3.1,3.1,0.0,10.0,3.28,7.0
2014-05-18,21.3,24.7,18.8,23.3,26.4,80,0.0,0.0,0.0,0.0,2.26,3.8
2014-05-19,22.0,24.2,19.6,24.6,26.8,82,0.3,0.3,0.0,2.0,2.19,4.9
2014-05-20,23.9,28.2,20.4,26.8,31.9,78,0.0,0.0,0.0,0.0,2.82,5.2
2014-05-21,22.9,25.7,19.5,25.5,27.7,84,13.7,13.7,0.0,14.0,4.13,11.5
2014-05-22,24.2,28.9,19.9,26.4,30.6,77,5.1,5.1,0.0,3.0,4.91,9.2
2014-05-23,24.9,28.5,21.9,26.7,31.0,77,0.0,0.0,0.0,0.0,5.82,9.7
2014-05-24,24.2,25.3,22.6,28.2,30.7,92,56.5,56.5,0.0,18.0,5.17,8.5
2014-05-25,26.1,30.1,23.9,30.3,33.7,84,1.0,1.0,0.0,6.0,5.22,9.2
2014-05-26,25.0,28.4,22.2,26.1,30.7,59,0.0,0.0,0.0,0.0,3.86,6.3
2014-05-27,25.3,29.5,20.9,27.1,31.6,68,0.0,0.0,0.0,0.0,4.8,9.1
2014-05-28,26.4,31.2,22.0,29.6,35.3,69,0.0,0.0,0.0,0.0,2.73,5.7
2014-05-29,27.4,31.3,23.6,30.5,34.5,68,0.0,0.0,0.0,0.0,4.17,7.5
2014-05-30,26.7,30.1,23.7,30.2,34.9,76,0.4,0.4,0.0,1.0,3.75,7.2
2014-05-31,25.1,27.2,23.8,28.9,31.7,88,12.7,12.7,0.0,18.0,4.39,9.5
2014-06-01,24.6,26.3,23.0,29.0,30.3,91,37.4,37.4,0.0,15.0,3.26,9.7
2014-06-02,25.3,29.7,21.0,27.6,33.1,71,0.0,0.0,0.0,0.0,4.81,8.5
2014-06-03,24.6,28.1,21.8,26.5,30.8,69,0.0,0.0,0.0,0.0,4.53,7.7
2014-06-04,25.5,29.7,21.1,28.4,33.9,70,0.0,0.0,0.0,0.0,2.98,6.3
2014-06-05,27.0,30.9,22.8,30.5,35.6,69,0.0,0.0,0.0,0.0,2.7,6.3
2014-06-06,28.1,31.8,24.3,32.3,37.4,69,0.0,0.0,0.0,0.0,2.97,4.4
2014-06-07,28.8,32.8,25.8,32.1,37.0,67,0.0,0.0,0.0,0.0,4.95,8.6
2014-06-08,27.8,30.3,25.3,31.9,35.1,69,0.3,0.3,0.0,1.0,2.69,4.8
2014-06-09,28.0,31.6,24.4,33.2,38.1,76,0.0,0.0,0.0,0.0,2.22,5.6
2014-06-10,29.3,33.5,25.6,34.6,38.8,72,0.1,0.1,0.0,1.0,2.44,6.9
2014-06-11,29.2,33.4,25.3,34.1,39.7,70,0.0,0.0,0.0,0.0,2.34,5.6
2014-06-12,28.0,31.4,25.3,31.6,35.9,68,0.0,0.0,0.0,0.0,3.31,6.8
2014-06-13,27.2,30.3,24.2,30.9,34.9,69,0.0,0.0,0.0,0.0,2.73,6.9
2014-06-14,27.1,31.2,24.4,30.2,35.2,72,0.3,0.3,0.0,1.0,6.4,9.4
2014-06-15,24.6,26.2,23.1,27.5,30.0,82,1.7,1.7,0.0,6.0,4.8,8.4
2014-06-16,23.0,23.8,21.8,26.5,27.9,91,6.0,6.0,0.0,12.0,3.31,7.6
2014-06-17,25.1,27.9,22.9,29.2,31.6,85,1.0,1.0,0.0,2.0,2.66,6.0
2014-06-18,27.3,31.5,23.0,31.8,37.3,79,0.0,0.0,0.0,0.0,3.75,7.8
2014-06-19,29.0,32.6,25.2,33.7,38.0,75,0.3,0.3,0.0,2.0,4.25,7.7
2014-06-20,28.0,31.1,26.0,32.7,37.0,81,2.5,2.5,0.0,7.0,5.2,9.7
2014-06-21,24.9,26.2,23.5,27.0,30.0,81,8.4,8.4,0.0,12.0,6.32,11.0
2014-06-22,26.2,29.5,23.2,30.5,34.1,80,0.3,0.3,0.0,2.0,2.91,5.4
2014-06-23,27.1,29.5,25.0,31.7,33.6,79,0.9,0.9,0.0,2.0,2.47,6.0
2014-06-24,25.2,26.4,23.8,28.7,31.3,81,1.3,1.3,0.0,4.0,4.38,7.7
2014-06-25,23.4,24.2,22.2,26.8,28.4,92,22.8,22.8,0.0,24.0,3.93,10.5
2014-06-26,22.8,23.6,21.6,26.4,27.9,95,30.3,30.3,0.0,22.0,3.71,8.1
2014-06-27,24.1,25.9,22.3,28.3,30.3,90,12.2,12.2,0.0,17.0,2.82,5.9
2014-06-28,25.7,28.5,23.8,30.4,33.2,85,3.6,3.6,0.0,7.0,2.72,6.9
2014-06-29,26.1,29.0,24.0,30.8,33.9,81,3.2,3.2,0.0,4.0,2.02,4.3
2014-06-30,25.1,27.1,23.5,29.4,31.9,83,11.2,11.2,0.0,16.0,1.92,4.4
2014-07-01,24.8,25.7,23.8,29.6,31.0,93,21.3,21.3,0.0,23.0,2.86,8.3
2014-07-02,24.9,27.7,22.9,29.6,32.9,89,35.4,35.4,0.0,15.0,2.3,7.2
2014-07-03,27.6,31.1,24.1,33.1,37.5,85,0.0,0.0,0.0,0.0,2.95,6.1
2014-07-04,25.0,26.9,23.6,29.6,33.2,96,77.0,77.0,0.0,22.0,5.98,15.3
2014-07-05,23.7,25.4,22.3,27.8,30.1,93,46.9,46.9,0.0,17.0,3.7,16.4
2014-07-06,25.8,29.6,22.2,30.0,33.4,79,0.0,0.0,0.0,0.0,3.13,4.7
2014-07-07,27.4,31.2,24.6,32.0,35.3,79,0.0,0.0,0.0,0.0,3.07,6.7
2014-07-08,29.2,32.9,25.6,34.7,39.6,76,0.0,0.0,0.0,0.0,3.35,5.8
2014-07-09,29.9,33.6,26.5,36.0,40.9,76,0.0,0.0,0.0,0.0,2.47,5.4
2014-07-10,30.0,33.7,26.2,36.3,41.3,76,0.0,0.0,0.0,0.0,2.28,5.9
2014-07-11,29.1,32.2,26.9,35.4,40.7,81,18.1,18.1,0.0,8.0,3.09,6.9
2014-07-12,25.1,27.4,23.5,29.4,33.7,90,32.6,32.6,0.0,15.0,4.52,10.0
2014-07-13,24.4,26.3,22.9,28.0,29.5,85,2.2,2.2,0.0,5.0,3.33,6.9
2014-07-14,25.6,28.8,22.4,29.8,34.8,86,0.0,0.0,0.0,0.0,4.85,8.3
2014-07-15,25.5,26.9,23.5,30.0,31.9,89,12.2,12.2,0.0,8.0,4.1,8.2
2014-07-16,25.6,27.2,24.4,30.4,32.5,92,25.2,25.2,0.0,20.0,3.3,7.1
2014-07-17,26.0,26.9,25.1,30.8,32.4,93,11.8,11.8,0.0,12.0,4.25,9.5
2014-07-18,27.7,32.6,25.6,33.5,40.7,87,13.3,13.3,0.0,4.0,3.28,7.2
2014-07-19,28.9,32.9,26.3,34.9,39.9,84,21.2,21.2,0.0,11.0,3.47,7.0
2014-07-20,30.6,34.9,27.3,36.9,41.4,78,0.4,0.4,0.0,2.0,3.19,6.4
2014-07-21,31.6,35.8,27.2,38.5,42.9,75,0.0,0.0,0.0,0.0,2.8,6.4
2014-07-22,32.8,36.8,29.1,40.4,45.0,73,0.0,0.0,0.0,0.0,2.3,5.2
2014-07-23,32.7,36.8,29.3,39.5,44.3,73,0.0,0.0,0.0,0.0,5.76,8.8
2014-07-24,30.0,32.6,28.0,33.3,35.5,72,0.2,0.2,0.0,1.0,7.93,14.0
2014-07-25,27.6,29.9,25.8,31.3,34.0,72,0.0,0.0,0.0,0.0,4.25,7.4
2014-07-26,28.4,32.8,24.9,33.2,38.2,73,0.0,0.0,0.0,0.0,3.0,6.1
2014-07-27,29.7,33.9,25.5,35.5,40.1,71,0.0,0.0,0.0,0.0,1.92,3.9
2014-07-28,30.3,34.0,26.6,36.3,40.0,75,0.2,0.2,0.0,1.0,3.04,5.2
2014-07-29,31.9,36.0,28.0,37.9,42.2,72,0.0,0.0,0.0,0.0,5.78,8.5
2014-07-30,33.1,37.4,29.0,39.0,42.8,66,0.0,0.0,0.0,0.0,4.97,9.1
2014-07-31,30.3,34.2,27.8,36.5,42.4,76,2.7,2.7,0.0,6.0,4.74,7.0
2014-08-01,29.1,32.3,26.8,34.2,38.5,78,7.0,7.0,0.0,5.0,4.79,9.3
2014-08-02,29.7,33.1,26.2,35.0,39.9,75,0.2,0.2,0.0,1.0,3.61,6.2
2014-08-03,30.9,34.6,27.1,38.1,42.3,77,0.7,0.7,0.0,5.0,1.91,4.9
2014-08-04,32.3,36.1,28.3,39.4,43.5,72,0.0,0.0,0.0,0.0,2.85,5.3
2014-08-05,32.0,35.9,29.7,39.4,44.4,76,3.9,3.9,0.0,5.0,2.95,5.1
2014-08-06,31.0,34.9,28.3,37.8,43.6,79,3.5,3.5,0.0,6.0,3.82,6.4
2014-08-07,27.0,30.1,23.6,30.7,34.9,84,1.5,1.5,0.0,5.0,6.24,10.9
2014-08-08,25.5,28.2,23.0,28.2,31.9,80,0.0,0.0,0.0,0.0,5.6,9.1
2014-08-09,26.1,28.1,24.7,29.8,32.6,80,0.1,0.1,0.0,1.0,3.83,5.6
2014-08-10,24.4,27.5,21.9,28.0,31.3,86,6.2,6.2,0.0,12.0,3.6,6.0
2014-08-11,23.6,24.7,22.5,27.0,29.8,92,17.4,17.4,0.0,21.0,4.87,7.9
2014-08-12,22.5,23.4,21.4,25.1,26.8,94,28.8,28.8,0.0,24.0,4.44,7.0
2014-08-13,22.8,25.3,20.8,25.0,27.1,88,7.4,7.4,0.0,15.0,5.11,9.8
2014-08-14,24.8,28.8,22.0,28.4,33.5,82,0.6,0.6,0.0,3.0,2.83,6.4
2014-08-15,26.5,30.6,22.4,31.2,35.3,83,0.0,0.0,0.0,0.0,2.42,5.4
2014-08-16,25.7,27.1,24.3,30.8,31.9,90,2.4,2.4,0.0,4.0,2.77,5.8
2014-08-17,26.1,29.5,23.7,30.0,33.2,79,0.0,0.0,0.0,0.0,2.82,5.8
2014-08-18,23.7,25.3,22.8,27.1,29.2,86,15.6,15.6,0.0,13.0,3.04,5.1
2014-08-19,25.7,30.5,20.9,29.6,34.3,79,0.0,0.0,0.0,0.0,3.47,7.3
2014-08-20,26.7,31.2,22.7,31.4,36.4,78,0.0,0.0,0.0,0.0,2.09,4.9
2014-08-21,27.6,31.6,24.0,32.3,36.9,78,0.1,0.1,0.0,1.0,2.72,6.4
2014-08-22,28.7,32.7,24.7,33.6,37.3,75,0.0,0.0,0.0,0.0,2.75,5.5
2014-08-23,29.1,32.4,26.4,35.1,39.3,79,1.4,1.4,0.0,4.0,2.7,6.9
2014-08-24,25.9,28.7,23.4,30.1,33.3,88,18.5,18.5,0.0,15.0,4.31,10.9
2014-08-25,27.9,31.8,25.2,33.5,37.0,81,0.6,0.6,0.0,3.0,2.06,4.8
2014-08-26,25.1,27.6,22.9,29.0,34.3,84,24.4,24.4,0.0,20.0,3.77,6.9
2014-08-27,25.2,28.5,23.3,29.6,33.4,86,0.2,0.2,0.0,1.0,3.75,7.0
2014-08-28,25.1,28.1,23.5,29.5,33.1,89,3.0,3.0,0.0,5.0,4.64,7.4
2014-08-29,25.1,27.3,23.5,29.7,32.5,88,0.7,0.7,0.0,2.0,2.95,5.7
2014-08-30,27.8,31.5,24.9,33.1,37.0,84,1.9,1.9,0.0,2.0,3.47,7.9
2014-08-31,25.4,27.7,22.7,29.8,33.2,92,6.3,6.3,0.0,10.0,4.55,9.0
2014-09-01,24.6,28.1,22.2,27.9,31.9,84,0.6,0.6,0.0,2.0,3.42,6.1
2014-09-02,23.4,24.1,22.3,27.3,28.2,92,11.4,11.4,0.0,17.0,3.19,13.1
2014-09-03,24.4,28.8,21.4,27.5,32.0,80,0.0,0.0,0.0,0.0,3.98,7.0
2014-09-04,24.9,28.7,21.2,27.6,30.2,72,0.0,0.0,0.0,0.0,2.11,4.4
2014-09-05,26.0,29.1,23.5,30.0,33.6,75,0.0,0.0,0.0,0.0,1.93,4.7
2014-09-06,27.0,31.4,23.2,31.4,35.6,75,0.0,0.0,0.0,0.0,1.99,5.0
2014-09-07,28.8,32.2,25.3,34.1,37.3,75,0.0,0.0,0.0,0.0,2.22,5.2
2014-09-08,27.8,30.5,26.3,33.8,38.2,86,7.1,7.1,0.0,6.0,3.69,7.4
2014-09-09,27.7,31.4,25.7,33.4,38.7,87,1.1,1.1,0.0,5.0,3.45,7.9
2014-09-10,26.4,27.5,25.7,31.6,32.6,92,32.8,32.8,0.0,16.0,3.89,5.8
2014-09-11,27.2,29.8,25.3,31.8,34.7,86,0.6,0.6,0.0,3.0,4.48,9.4
2014-09-12,24.9,27.9,21.1,28.6,32.5,90,6.1,6.1,0.0,7.0,6.32,10.9
2014-09-13,21.9,24.2,20.4,23.2,26.6,86,0.2,0.2,0.0,1.0,5.76,9.2
2014-09-14,24.0,26.7,21.7,27.7,30.9,87,0.0,0.0,0.0,0.0,2.82,5.2
2014-09-15,24.3,27.1,22.3,28.1,30.5,92,1.9,1.9,0.0,4.0,4.62,7.4
2014-09-16,24.9,28.4,22.4,28.6,32.9,86,0.0,0.0,0.0,0.0,3.61,7.4
2014-09-17,24.2,28.7,19.5,26.8,32.8,85,1.4,1.4,0.0,4.0,6.11,9.9
2014-09-18,19.5,20.9,18.9,19.9,21.5,90,6.1,6.1,0.0,15.0,5.22,8.5
2014-09-19,20.8,23.3,19.0,22.9,26.4,91,7.8,7.8,0.0,12.0,4.9,7.8
2014-09-20,23.2,26.9,20.1,26.5,29.3,83,0.2,0.2,0.0,2.0,1.2,5.0
2014-09-21,24.4,29.4,21.2,27.6,32.5,79,0.0,0.0,0.0,0.0,3.61,6.7
2014-09-22,24.3,28.5,20.4,25.2,29.1,66,0.0,0.0,0.0,0.0,4.39,8.2
2014-09-23,24.1,28.0,21.3,25.5,29.4,70,0.0,0.0,0.0,0.0,5.02,7.9
2014-09-24,23.0,25.5,20.3,24.8,27.6,75,0.7,0.7,0.0,5.0,3.65,5.8
2014-09-25,24.1,27.1,21.8,27.4,30.8,81,0.0,0.0,0.0,0.0,2.28,5.2
2014-09-26,25.8,29.4,23.4,29.5,33.1,79,0.1,0.1,0.0,1.0,3.4,6.1
2014-09-27,26.8,31.0,24.1,31.2,35.7,82,0.3,0.3,0.0,2.0,3.08,8.9
2014-09-28,27.1,32.3,22.6,31.2,36.5,83,3.5,3.5,0.0,4.0,6.3,10.9
2014-09-29,22.2,24.6,20.7,23.1,24.6,82,9.0,9.0,0.0,7.0,5.7,10.7
2014-09-30,22.5,24.5,20.4,23.8,25.4,81,0.0,0.0,0.0,0.0,4.83,8.6
2014-10-01,21.9,25.0,19.4,24.1,27.5,84,0.0,0.0,0.0,0.0,3.67,7.7
2014-10-02,22.9,27.9,19.3,25.1,30.0,78,0.0,0.0,0.0,0.0,3.44,5.6
2014-10-03,23.2,29.0,18.6,24.6,30.0,71,0.0,0.0,0.0,0.0,3.5,7.6
2014-10-04,23.5,28.2,19.6,24.3,29.1,66,0.0,0.0,0.0,0.0,3.94,7.9
2014-10-05,23.9,28.7,20.2,25.0,29.2,67,0.0,0.0,0.0,0.0,4.12,7.1
2014-10-06,22.1,26.9,18.2,21.7,25.8,61,0.0,0.0,0.0,0.0,4.24,8.0
2014-10-07,20.5,25.7,16.4,20.6,26.4,67,0.0,0.0,0.0,0.0,3.47,7.4
2014-10-08,20.7,26.1,16.3,21.0,27.0,69,0.0,0.0,0.0,0.0,3.2,7.6
2014-10-09,21.3,26.5,16.1,22.3,27.8,71,0.0,0.0,0.0,0.0,2.72,5.6
2014-10-10,21.4,26.7,17.7,22.8,28.0,76,0.0,0.0,0.0,0.0,3.09,6.3
2014-10-11,21.8,26.8,17.9,22.9,28.3,75,0.0,0.0,0.0,0.0,5.02,7.5
2014-10-12,20.8,24.1,17.2,19.0,21.5,66,0.0,0.0,0.0,0.0,7.91,12.6
2014-10-13,16.7,20.1,14.2,14.4,18.3,65,0.0,0.0,0.0,0.0,7.22,10.9
2014-10-14,17.4,21.8,13.5,16.8,21.2,64,0.0,0.0,0.0,0.0,2.47,5.7
2014-10-15,18.7,24.3,14.2,18.9,25.2,72,0.0,0.0,0.0,0.0,2.69,5.3
2014-10-16,20.0,23.6,17.6,20.4,23.4,74,0.0,0.0,0.0,0.0,2.77,5.7
2014-10-17,20.1,23.0,18.1,21.0,23.7,72,0.0,0.0,0.0,0.0,1.89,4.5
2014-10-18,20.8,24.4,17.2,21.6,24.4,71,0.0,0.0,0.0,0.0,2.55,5.7
2014-10-19,22.9,28.7,19.2,24.0,29.8,67,0.0,0.0,0.0,0.0,3.11,6.0
2014-10-20,22.8,28.8,18.2,24.7,31.5,78,1.1,1.1,0.0,4.0,5.7,12.6
2014-10-21,18.5,20.3,15.8,17.8,19.0,85,3.6,3.6,0.0,5.0,6.61,10.9
2014-10-22,18.4,23.0,14.7,19.4,24.9,80,0.0,0.0,0.0,0.0,2.21,4.8
2014-10-23,19.6,24.5,15.7,20.3,25.5,76,0.0,0.0,0.0,0.0,2.83,6.4
2014-10-24,20.3,26.3,16.6,20.9,26.6,74,0.0,0.0,0.0,0.0,2.84,6.0
2014-10-25,21.7,28.4,16.3,22.3,28.2,70,0.0,0.0,0.0,0.0,3.3,6.8
2014-10-26,22.6,29.7,17.8,24.2,31.9,72,0.0,0.0,0.0,0.0,2.5,4.5
2014-10-27,20.4,24.8,17.8,20.5,23.7,74,0.0,0.0,0.0,0.0,4.6,8.5
2014-10-28,16.5,18.0,15.4,15.5,17.3,86,22.9,22.9,0.0,14.0,5.22,9.3
2014-10-29,15.2,15.6,14.9,15.4,16.3,96,45.0,45.0,0.0,24.0,3.61,7.1
2014-10-30,15.1,15.4,14.8,15.3,16.0,98,19.6,19.6,0.0,20.0,3.13,5.1
2014-10-31,16.3,18.6,14.7,16.3,18.7,89,0.0,0.0,0.0,0.0,3.52,6.3
2014-11-01,17.1,20.0,15.2,16.0,18.4,80,0.0,0.0,0.0,0.0,6.58,9.4
2014-11-02,14.8,17.5,10.7,11.1,12.9,50,0.0,0.0,0.0,0.0,6.8,11.8
2014-11-03,13.0,17.4,7.5,11.1,15.7,59,0.0,0.0,0.0,0.0,2.35,4.5
2014-11-04,14.3,20.0,8.5,12.7,18.4,68,0.0,0.0,0.0,0.0,2.62,6.3
2014-11-05,13.0,14.2,11.9,12.6,14.2,89,1.2,1.2,0.0,3.0,2.79,4.4
2014-11-06,13.1,17.0,9.2,12.8,16.9,90,0.0,0.0,0.0,0.0,2.2,5.3
2014-11-07,13.1,15.3,11.5,12.0,14.5,89,7.7,7.7,0.0,9.0,3.8,6.5
2014-11-08,13.1,14.9,11.7,12.0,14.3,87,1.1,1.1,0.0,6.0,3.99,6.9
2014-11-09,12.7,13.4,11.6,11.9,13.4,87,0.0,0.0,0.0,0.0,2.37,4.2
2014-11-10,13.3,15.6,11.9,12.7,15.1,85,0.0,0.0,0.0,0.0,2.2,4.3
2014-11-11,14.4,18.0,11.6,13.5,16.3,78,0.0,0.0,0.0,0.0,3.14,5.9
2014-11-12,14.3,18.3,11.1,11.6,14.2,61,0.0,0.0,0.0,0.0,5.32,10.3
2014-11-13,13.8,18.2,10.1,11.7,16.5,56,0.0,0.0,0.0,0.0,2.92,5.2
2014-11-14,13.7,18.9,8.7,11.4,16.4,67,0.0,0.0,0.0,0.0,3.83,7.4
2014-11-15,11.7,13.3,10.1,9.4,10.6,74,0.0,0.0,0.0,0.0,3.9,7.0
2014-11-16,11.8,15.5,8.6,9.6,13.1,75,0.0,0.0,0.0,0.0,3.83,7.1
2014-11-17,12.5,15.7,9.3,9.5,11.8,64,0.0,0.0,0.0,0.0,4.4,7.8
2014-11-18,10.8,15.8,6.7,8.4,13.1,66,0.0,0.0,0.0,0.0,2.9,5.0
2014-11-19,11.7,15.8,8.3,9.7,13.6,70,0.0,0.0,0.0,0.0,3.0,5.4
2014-11-20,12.2,18.4,7.7,10.4,16.7,75,0.0,0.0,0.0,0.0,2.83,4.9
2014-11-21,15.1,20.5,10.8,14.5,20.1,74,0.0,0.0,0.0,0.0,2.14,3.7
2014-11-22,16.5,21.8,13.4,15.9,20.6,74,0.0,0.0,0.0,0.0,3.4,6.4
2014-11-23,13.5,15.8,11.9,12.1,14.6,89,16.7,16.7,0.0,11.0,5.81,8.0
2014-11-24,11.4,12.0,10.8,8.8,10.1,92,16.9,16.9,0.0,17.0,5.91,10.3
2014-11-25,10.4,11.5,9.4,8.8,10.5,91,1.0,1.0,0.0,5.0,4.02,6.9
2014-11-26,12.1,14.0,9.4,11.0,13.2,86,0.0,0.0,0.0,0.0,3.71,6.7
2014-11-27,12.2,13.7,11.0,10.7,11.9,90,9.2,9.2,0.0,12.0,4.3,10.6
2014-11-28,11.0,12.1,10.1,8.7,9.9,86,4.4,4.4,0.0,7.0,5.19,9.0
2014-11-29,10.7,11.4,9.6,9.2,10.9,95,17.5,17.5,0.0,14.0,3.98,13.4
2014-11-30,10.1,12.1,7.5,6.8,8.7,80,1.3,1.3,0.0,4.0,6.81,11.9
2014-12-01,7.0,10.3,3.8,1.9,4.8,47,0.0,0.0,0.0,0.0,5.55,10.9
2014-12-02,6.3,9.8,2.9,2.8,6.0,63,0.0,0.0,0.0,0.0,3.2,6.6
2014-12-03,6.5,8.2,3.7,3.2,5.2,74,2.3,2.3,0.0,6.0,4.9,9.9
2014-12-04,6.2,10.6,1.9,2.7,7.1,53,0.0,0.0,0.0,0.0,3.85,6.9
2014-12-05,6.3,11.9,1.9,3.4,9.3,72,0.0,0.0,0.0,0.0,2.56,4.5
2014-12-06,8.3,13.2,4.2,4.7,9.3,63,0.0,0.0,0.0,0.0,4.7,8.7
2014-12-07,9.6,14.8,6.2,6.2,9.8,58,0.0,0.0,0.0,0.0,5.07,8.9
2014-12-08,7.6,12.7,3.6,3.8,8.1,57,0.0,0.0,0.0,0.0,4.14,8.3
2014-12-09,6.0,7.4,4.5,2.3,3.7,63,0.0,0.0,0.0,0.0,3.83,5.5
2014-12-10,5.9,7.5,4.6,2.6,4.8,81,1.1,1.1,0.0,4.0,4.9,8.7
2014-12-11,6.0,8.6,3.3,1.7,4.1,52,0.0,0.0,0.0,0.0,4.75,8.5
2014-12-12,5.1,10.4,1.4,1.3,6.5,57,0.0,0.0,0.0,0.0,3.1,8.1
2014-12-13,5.2,11.5,0.6,1.9,8.4,68,0.0,0.0,0.0,0.0,3.13,4.2
2014-12-14,6.5,11.7,1.9,3.0,8.0,65,0.0,0.0,0.0,0.0,3.22,7.0
2014-12-15,8.1,10.7,5.8,4.6,7.5,60,0.0,0.0,0.0,0.0,5.93,11.2
2014-12-16,5.0,8.8,0.0,-0.5,3.1,34,0.0,0.0,0.0,0.0,6.2,11.0
2014-12-17,3.9,10.2,-1.5,0.1,6.0,55,0.0,0.0,0.0,0.0,3.18,4.7
2014-12-18,5.0,8.6,0.6,1.3,4.5,60,0.0,0.0,0.0,0.0,3.05,5.8
2014-12-19,7.4,11.7,3.2,4.0,8.2,68,0.0,0.0,0.0,0.0,4.52,8.1
2014-12-20,5.6,11.5,1.6,2.5,7.8,79,0.0,0.0,0.0,0.0,4.26,7.5
2014-12-21,5.5,9.1,3.0,0.8,3.7,43,0.0,0.0,0.0,0.0,4.83,9.4
2014-12-22,4.7,10.1,-0.4,1.1,6.3,62,0.0,0.0,0.0,0.0,2.96,5.3
2014-12-23,5.5,10.8,1.6,2.0,6.8,62,0.0,0.0,0.0,0.0,3.1,6.0
2014-12-24,6.8,13.7,1.1,3.6,9.6,68,0.0,0.0,0.0,0.0,3.62,6.9
2014-12-25,6.4,9.1,4.9,3.2,5.7,69,0.0,0.0,0.0,0.0,2.87,5.3
2014-12-26,5.9,8.5,3.4,3.0,5.8,71,0.0,0.0,0.0,0.0,2.82,5.1
2014-12-27,6.3,8.8,3.8,3.1,6.0,68,0.0,0.0,0.0,0.0,3.35,5.8
2014-12-28,7.6,13.1,3.4,4.1,9.0,72,0.0,0.0,0.0,0.0,4.98,9.0
2014-12-29,8.9,15.0,5.2,5.7,11.5,73,0.0,0.0,0.0,0.0,4.95,8.6
2014-12-30,9.0,17.4,3.9,6.6,14.8,73,0.0,0.0,0.0,0.0,2.98,5.3
2014-12-31,7.4,10.7,4.5,2.4,4.3,51,0.0,0.0,0.0,0.0,7.96,13.4
