time,temperature_2m_mean,temperature_2m_max,temperature_2m_min,apparent_temperature_mean,apparent_temperature_max,relative_humidity_2m_mean,precipitation_sum,rain_sum,snowfall_sum,precipitation_hours,wind_speed_10m_max,wind_gusts_10m_max
2000-01-01,3.2,9.8,-2.9,-0.2,5.8,66,0.0,0.0,0.0,0.0,4.49,10.9
2000-01-02,3.5,9.9,-2.2,0.4,6.6,66,0.0,0.0,0.0,0.0,2.73,6.7
2000-01-03,4.4,11.5,-1.9,1.6,8.6,72,0.0,0.0,0.0,0.0,2.66,6.1
2000-01-04,4.4,8.7,0.5,1.7,6.4,77,0.0,0.0,0.0,0.0,2.28,6.0
2000-01-05,4.0,4.9,2.8,1.5,2.8,85,3.2,3.2,0.0,12.0,1.75,4.4
2000-01-06,4.3,7.8,-0.1,1.1,4.9,65,0.0,0.0,0.0,0.0,2.34,5.9
2000-01-07,0.2,3.1,-2.1,-3.9,-0.5,45,0.0,0.0,0.0,0.0,2.52,5.9
2000-01-08,0.9,4.8,-2.6,-2.3,1.8,64,0.0,0.0,0.0,0.0,1.72,4.8
2000-01-09,2.0,9.1,-4.1,-0.9,6.4,72,0.0,0.0,0.0,0.0,1.98,4.3
2000-01-10,2.1,4.8,-1.0,-1.3,0.8,79,0.4,0.4,0.28,4.0,3.74,8.7
2000-01-11,1.4,2.1,-0.3,-1.3,-0.5,87,3.1,0.0,2.31,16.0,1.8,3.9
2000-01-12,1.7,5.6,-1.9,-1.0,2.8,79,0.0,0.0,0.0,0.0,1.53,5.2
2000-01-13,0.4,2.4,-1.9,-2.8,-0.8,80,0.0,0.0,0.21,0.0,2.5,5.9
2000-01-14,0.6,3.0,-0.9,-2.9,-0.5,83,1.1,0.0,1.33,8.0,2.9,6.5
2000-01-15,0.9,2.5,-0.5,-2.0,-0.4,83,2.3,0.0,1.75,10.0,1.6,4.7
2000-01-16,1.1,2.6,-0.6,-1.6,0.1,83,0.7,0.0,0.63,5.0,1.71,3.9
2000-01-17,2.6,6.0,0.3,-0.4,3.1,74,0.0,0.0,0.0,0.0,1.8,5.8
2000-01-18,1.9,7.1,-1.8,-1.9,2.5,56,0.0,0.0,0.0,0.0,3.51,8.6
2000-01-19,0.5,4.7,-3.3,-3.7,0.1,48,0.0,0.0,0.0,0.0,3.14,7.6
2000-01-20,1.6,6.4,-2.4,-2.4,2.3,53,0.0,0.0,0.0,0.0,3.41,8.3
2000-01-21,0.7,2.2,-0.6,-3.5,-1.9,70,1.5,0.0,1.4,7.0,3.41,8.7
2000-01-22,0.5,4.4,-2.6,-2.7,1.0,72,0.0,0.0,0.0,0.0,1.84,6.1
2000-01-23,1.0,2.7,-2.2,-1.9,0.1,78,0.1,0.0,0.42,1.0,1.53,4.9
2000-01-24,1.7,3.3,-0.7,-1.6,-0.3,76,3.1,0.0,2.31,11.0,2.2,6.1
2000-01-25,0.9,2.3,-1.6,-2.4,-1.2,72,0.0,0.0,0.0,0.0,2.25,6.0
2000-01-26,-0.8,1.3,-3.4,-5.0,-2.9,44,0.0,0.0,0.0,0.0,2.15,6.1
2000-01-27,-0.9,2.3,-4.2,-5.0,-2.5,43,0.0,0.0,0.0,0.0,2.78,7.1
2000-01-28,0.2,3.5,-3.0,-3.2,-0.2,56,0.0,0.0,0.0,0.0,1.61,5.0
2000-01-29,0.6,4.3,-2.9,-3.2,0.3,54,0.0,0.0,0.0,0.0,2.72,6.0
2000-01-30,-1.3,1.4,-4.6,-6.0,-3.6,40,0.0,0.0,0.0,0.0,2.84,7.7
2000-01-31,-0.5,2.8,-3.2,-4.8,-1.7,49,0.0,0.0,0.0,0.0,2.8,7.0
2000-02-01,-0.9,3.4,-3.9,-4.8,-1.2,58,0.0,0.0,0.0,0.0,3.04,7.0
2000-02-02,0.1,4.0,-3.7,-3.2,0.7,62,0.0,0.0,0.0,0.0,1.79,5.9
2000-02-03,0.7,5.9,-3.8,-3.1,1.6,58,0.0,0.0,0.0,0.0,3.22,7.8
2000-02-04,1.6,4.9,-2.1,-1.6,1.5,62,0.0,0.0,0.14,0.0,1.46,5.3
2000-02-05,3.3,10.1,-2.9,0.4,7.5,64,0.0,0.0,0.0,0.0,1.57,5.4
2000-02-06,5.8,11.1,-0.3,2.3,8.2,54,0.0,0.0,0.0,0.0,3.86,10.7
2000-02-07,1.9,6.1,-4.4,-2.0,2.9,39,0.0,0.0,0.0,0.0,2.44,6.2
2000-02-08,2.1,9.3,-4.2,-1.7,5.0,48,0.0,0.0,0.0,0.0,2.84,6.7
2000-02-09,4.0,8.7,-0.0,0.7,5.4,54,0.0,0.0,0.0,0.0,1.92,6.0
2000-02-10,5.0,11.9,-2.2,2.3,9.8,65,0.0,0.0,0.0,0.0,1.25,5.4
2000-02-11,6.9,14.4,0.2,4.2,11.6,60,0.0,0.0,0.0,0.0,2.33,6.0
2000-02-12,7.4,12.7,1.0,4.9,10.7,67,1.0,1.0,0.0,2.0,2.02,6.1
2000-02-13,7.3,9.4,3.5,3.7,7.4,66,8.1,7.2,0.63,15.0,4.65,10.9
2000-02-14,5.7,10.8,-1.2,1.9,6.7,42,0.0,0.0,0.0,0.0,2.16,6.4
2000-02-15,5.0,10.6,-1.3,1.5,6.7,46,0.0,0.0,0.0,0.0,2.83,7.4
2000-02-16,5.0,11.9,-1.4,2.0,9.0,56,0.0,0.0,0.0,0.0,1.84,6.4
2000-02-17,6.3,12.7,0.1,3.3,9.9,64,0.0,0.0,0.0,0.0,2.66,7.1
2000-02-18,6.9,8.2,4.6,4.2,5.4,75,0.8,0.8,0.0,5.0,2.47,6.3
2000-02-19,5.4,7.7,3.6,3.4,5.9,84,0.4,0.4,0.0,3.0,1.24,4.9
2000-02-20,7.5,10.9,3.6,4.9,8.5,68,0.0,0.0,0.0,0.0,2.44,7.2
2000-02-21,6.8,11.0,2.8,3.9,7.8,63,0.0,0.0,0.0,0.0,2.12,6.2
2000-02-22,6.5,10.4,4.2,3.8,7.6,71,0.7,0.7,0.0,4.0,2.39,7.1
2000-02-23,7.5,11.2,3.2,5.0,8.2,68,0.0,0.0,0.0,0.0,2.69,6.5
2000-02-24,7.3,10.6,3.4,4.4,7.6,69,4.6,3.5,0.77,5.0,5.74,12.8
2000-02-25,4.9,9.6,0.8,0.1,4.2,42,1.4,0.4,0.7,3.0,5.84,14.1
2000-02-26,4.9,11.5,-1.6,1.3,8.7,41,0.0,0.0,0.0,0.0,2.21,7.6
2000-02-27,6.4,14.1,-1.4,3.2,11.9,49,0.0,0.0,0.0,0.0,2.16,6.5
2000-02-28,7.9,14.9,1.2,4.8,11.5,50,0.0,0.0,0.0,0.0,2.55,7.1
2000-02-29,8.6,14.4,2.4,5.7,12.4,55,0.0,0.0,0.0,0.0,2.42,7.1
2000-03-01,9.1,14.5,3.4,6.7,12.6,61,0.0,0.0,0.0,0.0,1.88,5.4
2000-03-02,9.3,15.1,4.1,6.9,13.5,63,0.0,0.0,0.0,0.0,2.25,6.4
2000-03-03,10.6,16.2,5.3,8.3,13.9,57,0.0,0.0,0.0,0.0,2.28,6.2
2000-03-04,8.6,13.9,2.9,5.5,10.3,49,0.0,0.0,0.0,0.0,2.73,7.5
2000-03-05,8.7,14.2,3.6,5.8,11.5,55,0.0,0.0,0.0,0.0,2.92,7.3
2000-03-06,9.3,13.6,2.5,6.1,9.7,45,0.1,0.1,0.0,1.0,2.26,6.4
2000-03-07,9.4,14.1,4.3,7.2,12.5,63,3.4,3.4,0.0,11.0,1.75,6.1
2000-03-08,10.2,15.7,3.9,7.0,11.8,42,0.0,0.0,0.0,0.0,3.5,8.8
2000-03-09,11.0,17.6,3.6,8.3,15.6,44,0.0,0.0,0.0,0.0,2.89,5.9
2000-03-10,11.7,16.0,6.8,9.2,13.3,50,0.0,0.0,0.0,0.0,1.7,5.5
2000-03-11,10.9,17.4,3.1,8.7,16.4,56,0.0,0.0,0.0,0.0,2.19,7.0
2000-03-12,13.0,20.3,4.4,10.8,18.8,49,0.0,0.0,0.0,0.0,1.88,5.9
2000-03-13,14.0,19.5,6.0,11.8,17.1,52,0.0,0.0,0.0,0.0,1.94,6.5
2000-03-14,12.4,15.4,9.7,10.3,12.9,63,1.6,1.6,0.0,4.0,3.03,7.7
2000-03-15,11.9,16.4,6.8,9.5,15.2,59,4.9,4.9,0.0,7.0,3.81,8.6
2000-03-16,12.1,19.4,3.8,9.9,18.1,50,0.0,0.0,0.0,0.0,1.58,6.4
2000-03-17,13.9,19.9,6.9,12.0,18.6,50,0.0,0.0,0.0,0.0,1.3,6.2
2000-03-18,16.1,22.5,9.5,14.4,22.4,46,0.0,0.0,0.0,0.0,1.71,6.5
2000-03-19,15.2,21.5,8.2,11.1,16.9,33,0.1,0.1,0.0,1.0,6.37,14.3
2000-03-20,14.1,17.5,8.7,11.4,15.3,44,0.2,0.2,0.0,1.0,3.76,9.0
2000-03-21,15.0,19.8,11.0,13.3,17.8,56,0.0,0.0,0.0,0.0,2.4,6.3
2000-03-22,10.4,14.0,7.5,8.1,12.2,72,6.4,6.4,0.0,9.0,4.79,13.6
2000-03-23,11.5,16.3,6.5,7.8,13.3,35,0.0,0.0,0.0,0.0,3.64,9.0
2000-03-24,12.4,19.5,2.8,9.1,16.8,32,0.0,0.0,0.0,0.0,2.86,8.0
2000-03-25,15.4,21.8,9.1,11.5,17.9,26,0.0,0.0,0.0,0.0,4.04,9.9
2000-03-26,15.0,23.5,5.2,11.7,21.0,28,0.0,0.0,0.0,0.0,3.2,9.7
2000-03-27,19.0,26.4,7.6,14.7,20.8,29,0.0,0.0,0.0,0.0,7.98,17.2
2000-03-28,16.4,21.8,8.9,13.0,19.7,20,0.0,0.0,0.0,0.0,2.42,6.8
2000-03-29,17.5,27.1,7.9,15.4,26.1,38,0.0,0.0,0.0,0.0,2.04,6.2
2000-03-30,19.8,28.4,11.5,19.1,28.1,49,0.0,0.0,0.0,0.0,1.96,6.8
2000-03-31,20.9,27.4,13.5,19.6,25.2,50,0.0,0.0,0.0,0.0,4.46,10.0
2000-04-01,12.8,19.4,9.8,11.3,16.6,77,13.8,13.8,0.0,14.0,3.56,9.0
2000-04-02,14.0,20.8,6.6,13.5,20.8,74,0.0,0.0,0.0,0.0,1.84,5.6
2000-04-03,14.5,17.7,10.3,13.9,17.2,71,0.0,0.0,0.0,0.0,2.11,3.9
2000-04-04,15.8,22.6,7.8,13.6,22.3,51,0.0,0.0,0.0,0.0,3.98,9.2
2000-04-05,15.0,20.0,9.9,12.1,17.3,31,0.0,0.0,0.0,0.0,3.47,8.2
2000-04-06,15.3,20.5,9.4,13.1,18.8,47,0.0,0.0,0.0,0.0,2.63,7.3
2000-04-07,16.5,24.3,7.7,14.6,22.6,47,0.0,0.0,0.0,0.0,2.52,6.8
2000-04-08,16.4,22.3,11.3,15.0,22.0,56,1.2,1.2,0.0,3.0,2.41,6.7
2000-04-09,15.8,23.0,7.9,13.2,19.5,52,0.0,0.0,0.0,0.0,5.73,13.1
2000-04-10,12.1,15.2,7.0,8.5,11.9,23,0.0,0.0,0.0,0.0,2.43,4.9
2000-04-11,15.5,21.8,8.9,14.0,21.3,48,0.0,0.0,0.0,0.0,1.97,6.3
2000-04-12,20.3,29.1,9.0,19.5,30.8,51,0.0,0.0,0.0,0.0,2.92,6.8
2000-04-13,18.2,24.5,12.0,15.3,20.4,47,0.4,0.4,0.0,4.0,7.14,15.6
2000-04-14,15.1,19.8,10.8,12.0,16.2,42,0.1,0.1,0.0,1.0,3.71,9.0
2000-04-15,14.7,20.4,7.6,11.8,19.9,33,0.0,0.0,0.0,0.0,2.71,8.1
2000-04-16,16.9,27.3,6.6,14.8,24.9,38,0.0,0.0,0.0,0.0,2.02,6.3
2000-04-17,16.8,25.3,11.4,16.1,24.6,63,5.7,5.7,0.0,8.0,2.98,8.0
2000-04-18,19.3,27.2,10.5,19.0,28.8,58,0.0,0.0,0.0,0.0,2.59,6.3
2000-04-19,20.6,27.5,13.7,18.9,27.6,44,0.0,0.0,0.0,0.0,5.83,12.9
2000-04-20,19.3,25.0,14.6,16.0,22.4,31,0.0,0.0,0.0,0.0,4.67,11.2
2000-04-21,20.0,26.7,10.3,18.0,25.2,35,0.0,0.0,0.0,0.0,1.91,7.4
2000-04-22,21.1,26.7,15.1,18.7,24.8,26,0.0,0.0,0.0,0.0,3.64,8.9
2000-04-23,21.3,27.8,13.7,20.0,27.8,39,0.0,0.0,0.0,0.0,2.47,5.9
2000-04-24,22.0,28.5,14.7,21.2,27.0,52,0.0,0.0,0.0,0.0,3.41,10.7
2000-04-25,20.9,24.1,16.0,18.0,21.0,31,0.0,0.0,0.0,0.0,4.03,8.7
2000-04-26,19.1,24.8,11.1,16.3,23.0,25,0.0,0.0,0.0,0.0,3.0,8.4
2000-04-27,19.5,28.5,10.1,17.4,27.7,36,0.0,0.0,0.0,0.0,3.93,9.0
2000-04-28,22.4,29.7,13.3,21.5,30.5,42,0.0,0.0,0.0,0.0,2.19,7.2
2000-04-29,20.4,23.5,16.3,17.6,21.9,36,0.9,0.9,0.0,4.0,5.62,14.0
2000-04-30,20.8,29.2,10.4,19.1,28.5,35,0.0,0.0,0.0,0.0,1.84,6.5
2000-05-01,22.1,30.2,12.6,20.6,30.1,33,0.0,0.0,0.0,0.0,2.06,6.5
2000-05-02,23.7,32.3,12.7,22.5,32.6,35,0.0,0.0,0.0,0.0,2.11,6.9
2000-05-03,24.3,32.3,14.2,22.6,31.6,28,0.0,0.0,0.0,0.0,2.64,6.2
2000-05-04,26.1,35.3,15.1,25.3,37.1,31,0.0,0.0,0.0,0.0,2.4,7.1
2000-05-05,26.2,32.5,19.0,25.0,32.0,38,0.0,0.0,0.0,0.0,5.45,12.1
2000-05-06,22.5,27.3,16.4,21.6,27.4,51,0.0,0.0,0.0,0.0,3.9,9.8
2000-05-07,22.1,27.3,16.8,22.6,27.1,60,3.1,3.1,0.0,12.0,2.61,7.0
2000-05-08,19.6,25.2,15.6,20.0,26.0,70,3.3,3.3,0.0,6.0,4.16,9.6
2000-05-09,22.5,30.0,13.4,21.5,29.1,49,0.0,0.0,0.0,0.0,4.2,9.8
2000-05-10,23.8,31.2,15.3,22.6,30.0,33,0.0,0.0,0.0,0.0,1.97,7.3
2000-05-11,23.7,30.1,14.9,22.4,27.9,44,14.0,14.0,0.0,8.0,5.16,11.9
2000-05-12,23.9,31.6,14.4,22.5,31.5,30,0.0,0.0,0.0,0.0,3.05,6.7
2000-05-13,25.0,33.3,17.1,25.2,33.9,43,0.0,0.0,0.0,0.0,2.33,6.7
2000-05-14,24.1,28.1,19.3,25.4,28.8,62,6.1,6.1,0.0,5.0,3.3,8.1
2000-05-15,20.1,23.5,16.1,20.5,24.0,68,1.1,1.1,0.0,4.0,3.22,9.1
2000-05-16,22.9,30.4,12.3,22.8,31.9,48,0.0,0.0,0.0,0.0,2.06,6.6
2000-05-17,23.7,29.5,16.3,22.8,27.5,48,0.0,0.0,0.0,0.0,4.4,9.3
2000-05-18,24.3,30.9,15.0,21.7,28.3,27,0.0,0.0,0.0,0.0,4.1,10.3
2000-05-19,24.5,32.4,13.2,22.5,31.6,24,0.0,0.0,0.0,0.0,2.47,7.2
2000-05-20,26.7,36.6,15.2,25.8,38.0,31,0.0,0.0,0.0,0.0,3.37,6.6
2000-05-21,28.7,37.5,18.7,28.3,39.1,33,0.0,0.0,0.0,0.0,3.04,6.4
2000-05-22,29.0,35.4,21.6,29.1,35.2,38,0.2,0.2,0.0,1.0,3.1,7.2
2000-05-23,29.0,35.6,21.3,29.8,37.2,42,0.0,0.0,0.0,0.0,3.02,7.8
2000-05-24,27.7,33.7,21.5,28.3,34.0,48,0.0,0.0,0.0,0.0,3.05,7.8
2000-05-25,27.8,32.6,21.1,29.6,35.3,53,0.0,0.0,0.0,0.0,3.42,7.9
2000-05-26,23.8,26.8,20.5,22.7,26.2,51,0.1,0.1,0.0,1.0,6.28,12.5
2000-05-27,21.8,25.0,18.5,20.6,23.4,43,0.0,0.0,0.0,0.0,2.61,6.2
2000-05-28,17.0,18.9,14.9,17.7,19.3,82,14.3,14.3,0.0,15.0,1.9,4.7
2000-05-29,21.1,26.4,14.3,22.1,29.0,66,0.0,0.0,0.0,0.0,1.6,5.9
2000-05-30,25.7,33.2,15.9,26.8,36.0,53,0.0,0.0,0.0,0.0,2.8,7.2
2000-05-31,29.8,38.0,19.5,31.2,41.8,44,0.0,0.0,0.0,0.0,3.26,7.1
2000-06-01,27.0,31.4,22.2,28.7,32.7,55,1.7,1.7,0.0,5.0,2.82,8.1
2000-06-02,22.2,24.0,19.7,25.1,26.7,88,25.1,25.1,0.0,24.0,3.3,9.7
2000-06-03,20.3,21.6,18.5,22.7,24.0,92,9.1,9.1,0.0,18.0,2.18,5.2
2000-06-04,23.7,29.8,18.0,25.9,30.9,74,0.0,0.0,0.0,0.0,3.41,7.6
2000-06-05,25.6,30.2,19.7,27.7,31.6,65,0.0,0.0,0.0,0.0,3.0,7.4
2000-06-06,27.2,33.0,19.3,29.5,36.5,58,0.0,0.0,0.0,0.0,2.11,6.1
2000-06-07,25.1,29.0,19.4,25.6,28.3,57,0.0,0.0,0.0,0.0,4.87,10.8
2000-06-08,26.6,32.9,18.8,27.9,35.1,52,0.0,0.0,0.0,0.0,2.45,7.7
2000-06-09,27.6,35.0,18.1,28.7,36.8,52,0.0,0.0,0.0,0.0,3.2,7.7
2000-06-10,28.9,34.7,22.6,29.3,35.2,42,0.0,0.0,0.0,0.0,3.85,8.7
2000-06-11,27.9,34.8,18.9,28.4,36.5,42,0.0,0.0,0.0,0.0,2.64,6.7
2000-06-12,28.2,34.1,20.7,29.1,35.2,45,0.2,0.2,0.0,1.0,3.98,9.3
2000-06-13,28.7,33.1,21.2,30.9,37.0,51,0.0,0.0,0.0,0.0,2.06,6.0
2000-06-14,27.3,30.9,21.1,28.4,31.8,52,0.0,0.0,0.0,0.0,2.92,8.1
2000-06-15,28.8,36.0,20.2,29.6,38.4,41,0.0,0.0,0.0,0.0,2.12,6.4
2000-06-16,28.7,34.9,21.5,29.8,36.0,47,3.4,3.4,0.0,4.0,3.49,8.6
2000-06-17,25.9,31.5,21.2,27.6,32.3,59,2.6,2.6,0.0,9.0,2.12,7.4
2000-06-18,24.0,26.4,21.7,26.5,28.3,73,6.3,6.3,0.0,15.0,1.92,5.6
2000-06-19,23.3,27.0,20.0,26.7,29.7,81,17.0,17.0,0.0,20.0,1.46,7.0
2000-06-20,24.2,29.7,18.4,27.1,32.5,73,5.4,5.4,0.0,9.0,1.5,6.4
2000-06-21,25.6,30.6,20.5,28.5,33.2,68,0.0,0.0,0.0,0.0,1.8,6.3
2000-06-22,27.5,33.1,20.9,30.6,36.2,63,0.0,0.0,0.0,0.0,1.91,6.0
2000-06-23,29.2,34.7,22.3,32.9,39.2,62,0.0,0.0,0.0,0.0,2.53,6.5
2000-06-24,29.8,34.3,23.9,33.9,39.1,61,0.5,0.5,0.0,1.0,1.9,7.6
2000-06-25,24.2,26.6,22.1,28.3,30.8,90,41.0,41.0,0.0,22.0,2.79,6.4
2000-06-26,22.4,23.9,21.4,26.4,28.2,95,26.5,26.5,0.0,24.0,1.75,7.2
2000-06-27,24.6,28.5,21.6,29.0,33.2,84,6.1,6.1,0.0,9.0,0.94,4.5
2000-06-28,24.6,27.8,22.0,28.3,31.9,82,15.0,15.0,0.0,12.0,2.28,6.7
2000-06-29,27.6,34.5,18.7,30.5,38.1,61,0.0,0.0,0.0,0.0,2.45,7.0
2000-06-30,28.5,35.1,19.8,31.8,40.1,58,0.0,0.0,0.0,0.0,1.2,5.6
2000-07-01,28.7,34.1,22.8,31.5,39.0,59,0.0,0.0,0.0,0.0,3.39,10.5
2000-07-02,26.4,28.9,22.4,29.0,31.3,67,0.0,0.0,0.0,0.0,3.08,7.6
2000-07-03,24.9,27.3,22.5,28.7,30.7,80,8.2,8.2,0.0,9.0,2.27,5.0
2000-07-04,26.3,30.3,20.9,30.6,34.7,76,0.0,0.0,0.0,0.0,1.65,5.4
2000-07-05,28.4,32.8,22.2,32.9,38.6,70,0.0,0.0,0.0,0.0,2.69,6.9
2000-07-06,28.9,32.5,24.4,33.7,37.1,71,2.8,2.8,0.0,6.0,2.04,6.6
2000-07-07,28.5,32.4,24.0,33.0,38.1,70,1.0,1.0,0.0,4.0,2.14,7.6
2000-07-08,26.0,28.1,23.2,30.6,32.6,80,12.6,12.6,0.0,12.0,1.97,5.7
2000-07-09,28.0,32.9,21.0,32.4,39.2,68,0.0,0.0,0.0,0.0,1.5,6.2
2000-07-10,28.4,34.2,21.1,32.2,39.0,64,0.0,0.0,0.0,0.0,1.75,6.4
2000-07-11,27.0,30.0,23.5,31.6,34.9,74,2.0,2.0,0.0,8.0,1.3,4.4
2000-07-12,25.0,27.4,23.0,28.6,30.6,78,15.1,15.1,0.0,15.0,2.12,5.7
2000-07-13,26.7,30.8,21.4,31.0,36.1,74,4.4,4.4,0.0,6.0,1.77,5.4
2000-07-14,27.5,32.2,22.3,32.4,38.6,76,16.2,16.2,0.0,11.0,1.8,6.3
2000-07-15,28.1,33.3,23.8,33.0,37.6,73,0.2,0.2,0.0,1.0,2.02,6.2
2000-07-16,30.4,35.0,24.2,35.9,42.3,68,0.0,0.0,0.0,0.0,1.77,7.4
2000-07-17,32.2,37.5,25.2,37.2,43.9,61,0.0,0.0,0.0,0.0,2.78,8.0
2000-07-18,32.3,37.6,26.2,37.2,43.7,61,0.0,0.0,0.0,0.0,3.57,8.2
2000-07-19,32.5,37.6,26.6,37.0,41.9,59,0.0,0.0,0.0,0.0,3.93,8.9
2000-07-20,31.6,36.4,25.0,36.8,42.9,62,0.0,0.0,0.0,0.0,2.61,6.9
2000-07-21,32.9,38.1,26.4,38.4,45.1,59,0.0,0.0,0.0,0.0,1.9,4.9
2000-07-22,33.6,39.8,27.1,39.1,45.0,58,0.0,0.0,0.0,0.0,2.82,5.1
2000-07-23,32.2,36.9,27.6,38.1,42.8,65,0.6,0.6,0.0,2.0,2.14,6.4
2000-07-24,32.7,38.4,26.7,38.6,45.0,64,0.5,0.5,0.0,1.0,3.11,8.0
2000-07-25,33.7,38.5,28.0,39.4,45.5,61,0.0,0.0,0.0,0.0,3.3,8.5
2000-07-26,33.9,38.5,28.5,40.2,46.0,63,0.6,0.6,0.0,2.0,3.18,6.0
2000-07-27,31.3,34.8,28.0,37.9,41.2,73,19.3,19.3,0.0,12.0,2.55,6.9
2000-07-28,30.3,32.4,26.6,35.0,36.7,66,0.8,0.8,0.0,4.0,2.3,7.2
2000-07-29,26.2,28.9,22.1,27.1,30.8,57,0.4,0.4,0.0,2.0,4.61,10.8
2000-07-30,26.8,33.1,18.6,26.7,33.7,41,0.0,0.0,0.0,0.0,3.52,8.7
2000-07-31,27.4,35.5,18.0,28.6,37.6,48,0.0,0.0,0.0,0.0,2.44,6.7
2000-08-01,28.8,35.2,23.5,31.1,39.1,54,0.0,0.0,0.0,0.0,2.52,7.6
2000-08-02,25.6,27.7,21.8,28.9,31.1,72,3.0,3.0,0.0,5.0,2.42,6.3
2000-08-03,23.9,26.3,21.3,26.6,29.2,76,0.0,0.0,0.0,0.0,2.51,6.4
2000-08-04,22.7,23.6,21.6,26.2,27.4,91,17.0,17.0,0.0,24.0,2.14,6.4
2000-08-05,22.6,24.4,21.0,25.9,27.3,94,15.7,15.7,0.0,15.0,3.5,7.8
2000-08-06,23.9,26.0,21.9,28.0,30.4,90,17.8,17.8,0.0,20.0,2.13,6.1
2000-08-07,25.8,29.2,23.2,30.4,34.0,85,10.2,10.2,0.0,14.0,2.46,7.6
2000-08-08,23.5,25.7,21.5,27.1,29.6,86,16.3,16.3,0.0,17.0,2.77,7.7
2000-08-09,26.7,31.9,21.2,31.4,38.5,76,0.0,0.0,0.0,0.0,2.02,5.1
2000-08-10,28.7,34.0,20.5,34.3,41.3,75,0.5,0.5,0.0,1.0,2.26,6.8
2000-08-11,28.4,33.0,24.1,34.1,39.5,79,5.4,5.4,0.0,8.0,1.63,5.7
2000-08-12,27.8,30.3,24.5,33.5,36.7,81,8.6,8.6,0.0,12.0,2.3,6.3
2000-08-13,28.8,33.0,23.3,34.5,40.7,76,0.0,0.0,0.0,0.0,1.51,5.8
2000-08-14,28.1,31.3,24.4,32.8,35.9,75,0.0,0.0,0.0,0.0,2.81,6.8
2000-08-15,27.7,32.3,23.9,32.4,38.5,73,2.6,2.6,0.0,7.0,1.93,5.8
2000-08-16,28.4,35.5,19.7,32.4,40.1,68,0.0,0.0,0.0,0.0,2.91,7.8
2000-08-17,25.8,29.9,21.0,29.8,34.3,81,27.3,27.3,0.0,18.0,4.02,11.4
2000-08-18,21.7,23.5,19.5,25.3,27.8,92,34.6,34.6,0.0,18.0,1.41,5.4
2000-08-19,24.7,28.5,21.6,29.0,33.1,83,1.5,1.5,0.0,8.0,1.4,5.0
2000-08-20,26.2,31.6,19.8,30.2,36.8,76,0.0,0.0,0.0,0.0,2.96,6.8
2000-08-21,27.3,31.7,22.3,30.8,35.5,69,0.3,0.3,0.0,1.0,2.22,6.9
2000-08-22,22.7,24.6,20.1,26.5,28.4,90,31.4,31.4,0.0,18.0,1.92,5.4
2000-08-23,24.2,29.4,17.5,28.1,35.2,81,0.0,0.0,0.0,0.0,2.02,5.7
2000-08-24,25.5,30.3,20.3,29.6,35.6,76,0.0,0.0,0.0,0.0,1.7,5.8
2000-08-25,25.7,31.5,18.9,29.6,36.7,74,0.0,0.0,0.0,0.0,2.37,6.4
2000-08-26,26.2,31.7,19.7,30.1,36.6,71,0.0,0.0,0.0,0.0,1.72,4.8
2000-08-27,27.0,34.6,19.2,30.3,38.3,66,0.0,0.0,0.0,0.0,2.82,7.5
2000-08-28,25.8,29.8,21.0,29.2,33.3,72,0.2,0.2,0.0,1.0,2.06,6.6
2000-08-29,26.1,31.3,20.4,29.7,35.8,70,0.3,0.3,0.0,1.0,1.92,6.4
2000-08-30,26.8,31.6,20.9,30.5,36.1,69,0.0,0.0,0.0,0.0,2.5,6.7
2000-08-31,26.7,31.9,20.3,30.7,36.9,72,0.0,0.0,0.0,0.0,2.36,6.7
2000-09-01,28.5,34.6,22.5,32.0,39.0,64,0.0,0.0,0.0,0.0,2.59,7.3
2000-09-02,29.3,35.1,23.9,31.9,39.2,58,0.0,0.0,0.0,0.0,3.77,8.9
2000-09-03,25.2,28.7,21.0,28.4,31.9,76,3.4,3.4,0.0,6.0,3.24,7.3
2000-09-04,23.3,24.1,21.9,27.1,28.2,89,9.2,9.2,0.0,20.0,2.22,5.4
2000-09-05,22.0,23.2,19.8,23.9,26.0,78,5.5,5.5,0.0,12.0,2.6,6.0
2000-09-06,19.4,21.9,16.1,21.2,23.0,84,12.3,12.3,0.0,13.0,2.22,5.1
2000-09-07,19.8,24.3,15.6,21.4,26.1,79,1.7,1.7,0.0,5.0,1.39,5.4
2000-09-08,21.4,28.7,14.2,22.4,30.5,68,0.0,0.0,0.0,0.0,2.69,6.3
2000-09-09,20.2,22.4,17.7,20.8,22.7,69,0.0,0.0,0.0,0.0,2.12,5.6
2000-09-10,20.0,24.0,16.7,20.0,23.8,63,0.0,0.0,0.0,0.0,1.7,4.9
2000-09-11,18.6,22.4,13.8,19.1,22.8,73,0.0,0.0,0.0,0.0,1.82,5.4
2000-09-12,20.3,25.6,16.4,21.2,26.9,69,0.0,0.0,0.0,0.0,1.92,5.6
2000-09-13,21.5,28.1,14.1,23.2,30.8,72,0.0,0.0,0.0,0.0,2.01,5.9
2000-09-14,22.9,29.9,16.1,23.8,31.4,61,0.0,0.0,0.0,0.0,2.12,6.0
2000-09-15,22.6,30.4,15.0,23.5,33.0,59,0.0,0.0,0.0,0.0,2.16,5.3
2000-09-16,23.3,32.6,15.0,23.7,34.2,55,0.0,0.0,0.0,0.0,2.06,5.7
2000-09-17,23.9,33.0,15.2,24.9,34.4,57,0.0,0.0,0.0,0.0,2.3,5.1
2000-09-18,22.9,29.4,18.6,24.2,30.8,66,0.0,0.0,0.0,0.0,2.52,5.4
2000-09-19,22.7,28.6,16.7,24.3,31.2,66,0.0,0.0,0.0,0.0,1.75,5.4
2000-09-20,22.1,28.7,16.9,23.8,31.1,70,1.2,1.2,0.0,2.0,2.95,7.7
2000-09-21,21.6,27.5,16.6,22.9,28.3,71,0.0,0.0,0.0,0.0,2.3,6.2
2000-09-22,23.4,28.3,18.9,25.2,29.8,70,0.8,0.8,0.0,4.0,2.42,6.1
2000-09-23,22.8,25.8,20.6,25.9,28.7,81,6.6,6.6,0.0,13.0,1.48,6.1
2000-09-24,20.6,22.1,19.2,23.6,25.6,95,51.2,51.2,0.0,23.0,1.66,5.6
2000-09-25,20.5,22.5,18.8,22.3,24.2,86,3.3,3.3,0.0,12.0,2.77,6.9
2000-09-26,20.7,23.4,18.5,21.6,24.0,78,2.4,2.4,0.0,6.0,3.69,9.3
2000-09-27,18.2,20.7,16.7,19.5,22.3,91,15.6,15.6,0.0,18.0,2.55,6.5
2000-09-28,18.1,19.6,16.1,19.6,21.2,90,4.5,4.5,0.0,17.0,1.92,5.5
2000-09-29,17.5,18.3,16.7,19.2,20.0,95,11.4,11.4,0.0,20.0,2.1,4.8
2000-09-30,18.2,20.1,17.0,19.9,21.8,89,0.9,0.9,0.0,7.0,1.41,3.7
2000-10-01,18.6,20.5,16.4,20.7,22.7,89,3.5,3.5,0.0,14.0,0.98,4.2
2000-10-02,18.9,24.7,13.1,20.3,26.9,82,0.0,0.0,0.0,0.0,1.94,5.9
2000-10-03,19.8,26.5,12.5,21.4,28.9,78,0.0,0.0,0.0,0.0,2.18,5.7
2000-10-04,19.9,24.9,14.4,21.8,27.2,82,0.0,0.0,0.0,0.0,1.6,5.3
2000-10-05,20.9,26.3,14.6,22.7,28.7,79,0.0,0.0,0.0,0.0,2.3,6.0
2000-10-06,22.4,28.6,16.5,24.1,30.8,73,0.0,0.0,0.0,0.0,1.75,5.8
2000-10-07,22.9,27.5,18.8,25.1,29.9,75,0.2,0.2,0.0,2.0,2.25,6.1
2000-10-08,21.6,26.6,17.5,22.5,27.0,71,0.1,0.1,0.0,1.0,3.89,8.7
2000-10-09,19.3,23.0,15.9,19.6,23.1,77,1.2,1.2,0.0,9.0,3.48,8.3
2000-10-10,15.2,16.0,14.2,15.7,16.8,94,31.8,31.8,0.0,24.0,2.4,8.6
2000-10-11,13.4,16.3,11.7,12.9,16.5,93,34.7,34.7,0.0,20.0,3.9,9.4
2000-10-12,12.5,13.1,10.7,12.2,13.0,88,10.2,10.2,0.0,19.0,1.33,4.2
2000-10-13,11.6,12.6,10.5,10.6,12.4,82,7.4,7.4,0.0,15.0,2.0,4.7
2000-10-14,12.9,16.5,9.4,12.2,15.8,77,0.0,0.0,0.0,0.0,1.3,5.4
2000-10-15,12.9,16.3,8.7,12.5,15.8,85,2.1,2.1,0.0,9.0,1.65,5.2
2000-10-16,14.5,17.1,11.8,14.4,16.9,83,0.9,0.9,0.0,4.0,1.5,4.2
2000-10-17,14.9,21.0,8.8,14.8,21.1,79,0.0,0.0,0.0,0.0,2.4,6.3
2000-10-18,17.6,23.9,12.0,16.9,22.9,68,0.0,0.0,0.0,0.0,3.47,8.6
2000-10-19,15.3,17.6,11.6,15.7,18.3,87,3.3,3.3,0.0,13.0,1.9,4.8
2000-10-20,14.7,20.2,10.1,14.5,19.6,82,3.7,3.7,0.0,8.0,3.18,8.8
2000-10-21,15.7,18.1,14.0,16.0,18.4,85,1.5,1.5,0.0,5.0,2.22,5.4
2000-10-22,17.0,21.5,13.7,17.3,21.9,80,0.0,0.0,0.0,0.0,2.82,7.0
2000-10-23,16.0,18.2,12.0,16.7,18.8,89,5.6,5.6,0.0,11.0,1.63,6.2
2000-10-24,11.9,16.3,8.1,10.6,16.9,81,11.2,11.2,0.0,21.0,3.71,9.5
2000-10-25,8.4,10.2,6.6,6.7,8.9,86,6.8,6.8,0.0,15.0,1.78,4.4
2000-10-26,10.7,12.7,8.5,9.6,11.5,85,0.2,0.2,0.0,2.0,1.84,4.4
2000-10-27,10.8,11.4,9.7,10.0,10.6,93,5.9,5.9,0.0,21.0,1.71,4.0
2000-10-28,12.5,15.1,10.0,10.9,13.1,77,0.7,0.7,0.0,5.0,4.49,10.3
2000-10-29,10.1,14.2,3.9,7.1,11.2,50,0.0,0.0,0.0,0.0,3.03,7.5
2000-10-30,9.8,16.6,3.6,7.3,13.9,66,0.0,0.0,0.0,0.0,4.08,10.0
2000-10-31,10.7,16.4,4.8,8.4,14.3,61,0.0,0.0,0.0,0.0,2.47,6.3
2000-11-01,9.4,17.5,3.1,7.6,15.9,69,0.0,0.0,0.0,0.0,1.52,4.8
2000-11-02,11.3,19.0,4.9,9.7,17.6,74,0.0,0.0,0.0,0.0,2.47,5.9
2000-11-03,12.4,18.9,7.8,11.0,17.1,74,0.0,0.0,0.0,0.0,3.11,8.6
2000-11-04,13.5,19.7,7.7,12.4,18.7,70,0.0,0.0,0.0,0.0,1.9,5.3
2000-11-05,13.7,19.7,8.5,13.1,19.3,77,0.0,0.0,0.0,0.0,1.5,6.7
2000-11-06,13.8,17.4,11.2,12.3,15.6,62,0.0,0.0,0.0,0.0,2.31,5.4
2000-11-07,7.4,11.3,3.6,4.8,8.6,79,16.9,14.5,1.68,23.0,3.38,8.9
2000-11-08,6.5,10.5,4.1,3.9,7.7,82,2.9,2.0,0.63,4.0,2.97,7.1
2000-11-09,5.2,7.3,3.5,2.9,5.4,85,3.6,3.6,0.0,17.0,2.06,5.4
2000-11-10,3.3,6.7,0.7,0.6,4.1,87,8.8,3.6,3.64,24.0,3.4,8.7
2000-11-11,3.3,6.4,-0.5,0.6,3.5,76,0.7,0.0,0.49,3.0,1.9,5.5
2000-11-12,4.6,10.4,-0.4,1.7,7.1,64,0.0,0.0,0.0,0.0,2.5,6.0
2000-11-13,5.2,10.7,-0.6,2.8,8.3,76,0.0,0.0,0.0,0.0,1.88,5.4
2000-11-14,7.3,8.4,6.1,5.6,6.9,85,5.1,5.1,0.0,15.0,1.36,3.7
2000-11-15,7.3,8.3,5.6,5.6,6.6,92,11.3,11.3,0.0,19.0,2.25,4.5
2000-11-16,6.0,9.9,0.9,3.9,8.0,86,1.5,1.5,0.0,7.0,2.02,5.6
2000-11-17,5.7,10.4,-0.0,3.1,7.6,76,0.0,0.0,0.0,0.0,3.11,7.1
2000-11-18,7.3,8.9,5.6,4.6,5.9,79,5.6,5.6,0.0,12.0,3.32,8.0
2000-11-19,5.9,8.6,2.5,1.7,4.1,65,3.7,1.6,1.54,9.0,4.92,11.5
2000-11-20,5.4,12.2,0.1,2.4,9.4,59,0.0,0.0,0.0,0.0,1.97,5.4
2000-11-21,4.9,11.9,-0.9,2.2,9.4,71,0.0,0.0,0.0,0.0,1.71,5.3
2000-11-22,5.5,12.4,-1.1,3.3,10.3,77,0.0,0.0,0.0,0.0,1.14,4.9
2000-11-23,5.6,11.3,1.6,3.5,9.2,83,0.0,0.0,0.0,0.0,1.8,5.0
2000-11-24,6.7,12.0,2.4,4.8,9.9,84,0.0,0.0,0.0,0.0,1.93,4.9
2000-11-25,6.6,11.1,2.3,3.8,7.5,73,0.0,0.0,0.0,0.0,3.61,9.3
2000-11-26,8.1,11.6,3.7,5.7,9.2,63,0.0,0.0,0.0,0.0,1.39,4.2
2000-11-27,8.3,13.0,4.7,6.3,10.8,69,0.0,0.0,0.0,0.0,1.3,4.2
2000-11-28,7.1,9.9,3.8,4.9,7.8,74,0.5,0.5,0.0,3.0,1.84,5.1
2000-11-29,7.8,9.2,6.0,6.1,7.5,85,3.7,3.7,0.0,23.0,1.32,4.3
2000-11-30,8.1,12.6,4.6,6.0,10.1,80,0.0,0.0,0.0,0.0,2.83,5.8
2000-12-01,7.3,9.5,3.7,4.9,7.7,82,5.8,5.6,0.14,12.0,4.97,11.3
2000-12-02,6.7,9.7,1.9,2.7,5.1,49,0.1,0.1,0.0,1.0,4.31,11.0
2000-12-03,4.4,11.6,-1.7,1.4,8.3,61,0.0,0.0,0.0,0.0,1.7,4.8
2000-12-04,4.8,12.3,-2.0,1.7,8.7,65,0.0,0.0,0.0,0.0,2.81,8.1
2000-12-05,5.8,11.3,-0.4,3.1,8.1,64,0.0,0.0,0.0,0.0,2.09,5.1
2000-12-06,6.7,12.5,1.4,4.5,10.5,71,0.0,0.0,0.0,0.0,1.43,4.4
2000-12-07,6.4,12.1,1.1,4.3,10.0,76,0.0,0.0,0.0,0.0,1.66,4.6
2000-12-08,6.2,11.9,2.0,4.0,10.0,78,0.0,0.0,0.0,0.0,1.8,5.5
2000-12-09,5.9,9.2,2.5,2.9,5.8,69,0.0,0.0,0.0,0.0,2.9,8.2
2000-12-10,5.3,8.6,1.5,1.8,4.7,48,0.1,0.0,0.14,1.0,2.76,6.2
2000-12-11,2.0,4.1,0.6,-1.0,0.9,79,7.7,0.1,5.46,18.0,2.1,4.4
2000-12-12,1.9,6.8,-2.7,-1.3,3.6,73,0.1,0.0,0.14,1.0,2.12,5.8
2000-12-13,2.6,8.7,-2.9,-0.6,6.1,68,0.0,0.0,0.0,0.0,1.8,5.8
2000-12-14,3.4,10.2,-2.1,0.6,7.7,74,0.0,0.0,0.0,0.0,1.71,5.6
2000-12-15,3.7,11.0,-1.2,1.0,8.4,73,0.0,0.0,0.0,0.0,1.51,5.4
2000-12-16,3.5,9.4,-1.6,0.7,6.4,73,0.0,0.0,0.0,0.0,2.02,5.3
2000-12-17,3.0,9.5,-1.3,0.3,7.0,80,0.0,0.0,0.0,0.0,1.79,4.7
2000-12-18,3.4,8.0,-0.8,1.0,5.8,81,0.2,0.2,0.0,1.0,1.34,4.4
2000-12-19,3.9,4.5,3.0,1.5,2.1,87,5.3,3.8,1.05,16.0,2.46,5.7
2000-12-20,4.0,9.2,-1.5,0.6,5.8,66,0.0,0.0,0.0,0.0,2.46,7.2
2000-12-21,4.5,13.2,-1.8,1.4,10.8,61,0.0,0.0,0.0,0.0,1.91,4.9
2000-12-22,5.3,13.2,0.6,2.0,10.3,59,0.0,0.0,0.0,0.0,3.04,7.5
2000-12-23,4.6,10.4,-0.6,1.7,7.6,61,0.0,0.0,0.0,0.0,2.1,5.1
2000-12-24,6.1,14.3,0.8,3.3,11.5,60,0.0,0.0,0.0,0.0,1.71,4.7
2000-12-25,5.4,11.8,-0.2,2.7,8.8,67,0.0,0.0,0.0,0.0,2.02,5.3
2000-12-26,5.7,9.1,2.5,3.2,6.6,75,0.0,0.0,0.0,0.0,2.25,5.8
2000-12-27,5.2,6.8,1.4,3.3,5.0,85,1.9,1.9,0.0,9.0,1.53,2.7
2000-12-28,4.5,9.8,0.6,1.7,6.9,80,0.0,0.0,0.0,0.0,2.97,6.5
2000-12-29,4.6,8.0,1.5,2.4,5.6,84,4.4,3.9,0.35,12.0,1.75,5.3
2000-12-30,4.8,12.2,-0.6,1.9,9.0,68,0.0,0.0,0.0,0.0,2.05,6.3
2000-12-31,4.0,8.8,-1.1,1.0,5.7,68,0.0,0.0,0.0,0.0,2.19,5.4
2001-01-01,5.9,9.1,2.1,2.4,5.5,52,0.0,0.0,0.0,0.0,2.69,6.2
2001-01-02,4.0,9.2,-0.9,1.1,6.4,64,0.0,0.0,0.0,0.0,2.27,4.7
2001-01-03,4.0,9.5,-1.3,1.0,6.4,63,0.0,0.0,0.0,0.0,2.11,5.0
2001-01-04,3.5,7.6,-1.8,0.8,5.0,72,0.0,0.0,0.0,0.0,1.49,4.9
2001-01-05,4.3,7.4,1.7,1.4,4.2,78,2.9,2.9,0.0,11.0,3.2,7.1
2001-01-06,2.5,5.1,1.2,-0.4,2.3,87,0.5,0.2,0.35,5.0,2.41,5.6
2001-01-07,2.8,4.3,-0.0,0.0,1.6,84,2.5,1.3,0.84,8.0,2.42,8.0
2001-01-08,2.4,3.9,-0.9,-0.8,1.8,86,7.7,1.1,4.62,18.0,4.3,9.9
2001-01-09,0.5,6.1,-5.0,-3.0,2.8,61,0.0,0.0,0.0,0.0,1.97,5.4
2001-01-10,1.7,8.6,-3.1,-1.7,5.4,65,0.0,0.0,0.0,0.0,2.24,6.5
2001-01-11,2.4,9.2,-3.5,-0.7,6.6,67,0.0,0.0,0.0,0.0,1.96,5.4
2001-01-12,4.5,8.6,0.5,0.3,3.7,53,0.0,0.0,0.0,0.0,4.42,10.3
2001-01-13,3.1,7.3,-1.9,-1.0,2.7,52,0.0,0.0,0.0,0.0,4.22,10.0
2001-01-14,0.1,4.0,-3.5,-3.9,-0.2,46,0.0,0.0,0.0,0.0,2.56,6.7
2001-01-15,0.0,5.4,-4.5,-3.4,2.4,60,0.0,0.0,0.0,0.0,1.5,5.4
2001-01-16,0.8,6.1,-2.9,-2.2,4.1,73,0.0,0.0,0.0,0.0,1.43,5.2
2001-01-17,1.7,8.3,-4.1,-1.4,5.4,73,0.0,0.0,0.0,0.0,2.46,6.0
2001-01-18,3.2,7.5,-1.3,0.4,5.5,75,0.0,0.0,0.0,0.0,2.0,4.9
2001-01-19,3.8,7.6,-1.8,0.8,4.2,64,0.0,0.0,0.0,0.0,2.12,5.1
2001-01-20,3.1,9.6,-2.7,-0.2,6.4,65,0.0,0.0,0.0,0.0,3.18,7.1
2001-01-21,3.5,7.3,-0.0,1.0,4.8,74,1.2,1.2,0.0,5.0,1.6,4.6
2001-01-22,2.6,6.5,-1.2,-0.7,2.8,79,1.1,0.5,0.42,4.0,3.11,7.4
2001-01-23,1.8,2.9,-0.6,-1.8,-0.9,83,7.4,0.0,5.25,23.0,3.11,7.1
2001-01-24,-0.1,1.3,-2.0,-3.3,-1.5,85,1.6,0.0,1.96,12.0,2.06,5.7
2001-01-25,0.7,2.2,-1.4,-2.0,-0.4,90,3.2,0.0,2.38,15.0,1.61,5.3
2001-01-26,0.6,6.8,-3.7,-2.4,3.4,75,0.0,0.0,0.0,0.0,2.12,5.5
2001-01-27,2.7,5.9,-0.2,-0.9,1.9,62,0.0,0.0,0.0,0.0,3.0,7.7
2001-01-28,0.5,3.8,-3.4,-3.1,-0.1,46,0.0,0.0,0.0,0.0,1.44,5.0
2001-01-29,1.5,8.1,-5.3,-2.0,4.6,62,0.0,0.0,0.0,0.0,2.97,7.0
2001-01-30,3.6,9.6,-2.1,0.4,6.6,67,0.0,0.0,0.0,0.0,2.94,7.1
2001-01-31,5.2,7.7,1.6,0.7,3.2,38,0.0,0.0,0.0,0.0,4.0,9.3
2001-02-01,4.2,8.4,0.5,1.0,4.6,53,0.0,0.0,0.0,0.0,1.84,5.7
2001-02-02,4.6,9.7,-1.2,1.5,6.4,63,0.0,0.0,0.0,0.0,2.28,6.3
2001-02-03,7.2,10.9,4.1,4.5,8.0,60,0.0,0.0,0.0,0.0,1.94,6.2
2001-02-04,6.5,13.4,-0.3,3.5,9.9,64,0.0,0.0,0.0,0.0,3.41,7.8
2001-02-05,5.3,6.9,3.4,2.0,3.6,69,0.0,0.0,0.0,0.0,2.77,7.4
2001-02-06,4.1,5.7,2.3,1.5,3.9,82,2.1,0.6,1.12,15.0,1.62,5.0
2001-02-07,4.2,6.7,1.2,1.0,3.4,69,0.0,0.0,0.0,0.0,3.77,9.3
2001-02-08,4.9,9.2,0.2,2.2,7.0,65,0.0,0.0,0.0,0.0,1.62,6.0
2001-02-09,5.2,12.6,-1.6,2.2,9.6,59,0.0,0.0,0.0,0.0,2.05,5.8
2001-02-10,6.1,14.2,-0.7,3.2,11.1,63,0.0,0.0,0.0,0.0,2.73,7.1
2001-02-11,4.5,7.7,2.2,1.5,5.8,86,12.2,7.1,3.57,24.0,3.62,8.5
2001-02-12,1.9,2.8,0.8,-1.2,-0.1,84,3.5,0.4,2.45,19.0,2.11,6.0
2001-02-13,4.3,9.1,0.1,0.6,4.9,59,0.0,0.0,0.0,0.0,3.1,8.1
2001-02-14,4.9,13.2,-1.9,1.9,10.4,58,0.0,0.0,0.0,0.0,2.0,6.3
2001-02-15,6.5,12.3,2.2,3.7,9.8,53,0.0,0.0,0.0,0.0,2.19,5.4
2001-02-16,6.2,12.6,0.1,2.4,8.0,52,0.0,0.0,0.0,0.0,4.56,10.6
2001-02-17,8.6,15.0,4.2,6.5,12.8,64,0.3,0.3,0.0,2.0,1.99,6.0
2001-02-18,8.8,15.6,2.6,6.6,13.1,68,0.0,0.0,0.0,0.0,2.61,6.7
2001-02-19,11.1,13.2,8.4,9.5,11.0,67,2.2,2.2,0.0,6.0,2.0,4.9
2001-02-20,9.7,12.1,5.6,8.9,11.2,89,3.5,3.5,0.0,8.0,1.35,4.0
2001-02-21,9.6,20.0,3.3,7.8,17.9,76,0.0,0.0,0.0,0.0,2.51,6.9
2001-02-22,9.4,11.7,6.1,7.7,10.2,83,3.4,3.4,0.0,13.0,4.08,9.6
2001-02-23,10.2,13.7,7.0,7.2,10.8,55,0.0,0.0,0.0,0.0,3.83,9.5
2001-02-24,5.5,8.8,0.8,1.3,4.8,35,0.0,0.0,0.0,0.0,3.36,7.3
2001-02-25,6.9,10.7,4.2,3.0,6.3,43,0.0,0.0,0.0,0.0,3.5,9.1
2001-02-26,6.2,7.5,5.3,2.7,4.1,55,0.0,0.0,0.0,0.0,2.94,7.0
2001-02-27,7.5,12.7,3.0,4.6,9.3,63,0.0,0.0,0.0,0.0,3.3,8.8
2001-02-28,9.7,16.9,3.5,6.8,13.1,52,0.0,0.0,0.0,0.0,3.51,9.0
2001-03-01,10.8,18.8,2.2,8.4,17.3,52,0.0,0.0,0.0,0.0,2.0,5.6
2001-03-02,12.2,16.0,9.1,9.4,13.1,52,0.0,0.0,0.0,0.0,3.79,8.1
2001-03-03,10.5,16.2,5.9,5.6,10.8,22,0.0,0.0,0.0,0.0,6.22,14.3
2001-03-04,9.7,17.1,0.9,6.7,13.8,40,0.0,0.0,0.0,0.0,2.73,7.2
2001-03-05,11.2,14.9,7.9,8.5,12.2,49,0.1,0.1,0.0,1.0,3.02,5.8
2001-03-06,9.2,12.7,5.9,5.9,9.4,36,0.0,0.0,0.0,0.0,2.75,7.5
2001-03-07,6.0,8.6,1.4,1.9,4.9,30,0.0,0.0,0.0,0.0,2.64,7.5
2001-03-08,4.7,11.2,-0.9,1.3,7.7,37,0.0,0.0,0.0,0.0,1.77,5.5
2001-03-09,7.7,18.1,-0.4,5.1,15.8,51,0.0,0.0,0.0,0.0,1.81,6.0
2001-03-10,11.4,20.4,3.7,8.6,17.2,42,0.0,0.0,0.0,0.0,1.82,6.8
2001-03-11,12.7,20.5,5.6,9.1,16.2,30,0.0,0.0,0.0,0.0,3.7,9.6
2001-03-12,13.4,23.7,4.0,10.7,21.3,37,0.0,0.0,0.0,0.0,2.11,5.7
2001-03-13,16.0,24.9,8.2,14.3,23.9,49,0.0,0.0,0.0,0.0,2.2,6.2
2001-03-14,14.7,17.9,11.7,11.4,14.9,29,0.0,0.0,0.0,0.0,3.04,7.2
2001-03-15,11.7,13.3,8.0,8.4,10.4,53,3.5,3.5,0.0,9.0,4.39,10.4
2001-03-16,7.4,9.8,5.5,5.4,7.6,80,1.7,1.7,0.0,11.0,1.91,5.0
2001-03-17,11.6,19.0,5.7,8.4,15.0,49,0.0,0.0,0.0,0.0,4.2,10.9
2001-03-18,13.0,20.2,7.8,10.4,17.5,41,0.0,0.0,0.0,0.0,2.0,5.8
2001-03-19,13.1,20.6,6.8,10.1,17.4,46,0.0,0.0,0.0,0.0,3.71,9.6
2001-03-20,16.0,24.8,9.9,13.2,22.3,34,0.0,0.0,0.0,0.0,2.39,8.1
2001-03-21,17.7,26.2,9.0,15.6,24.4,40,0.0,0.0,0.0,0.0,2.9,8.2
2001-03-22,17.5,21.5,13.0,14.6,19.2,29,0.0,0.0,0.0,0.0,3.04,8.4
2001-03-23,15.0,18.3,10.7,12.8,15.8,43,0.0,0.0,0.0,0.0,2.11,5.3
2001-03-24,17.1,21.7,12.9,14.5,18.4,43,0.0,0.0,0.0,0.0,2.97,7.7
2001-03-25,16.9,23.1,10.4,14.2,20.2,29,0.0,0.0,0.0,0.0,2.15,6.3
2001-03-26,14.5,21.7,10.0,12.3,19.4,50,1.5,1.5,0.0,4.0,3.79,9.1
2001-03-27,12.3,16.7,9.1,9.7,13.8,45,0.0,0.0,0.0,0.0,2.73,6.8
2001-03-28,12.5,19.0,7.2,8.6,14.4,18,0.0,0.0,0.0,0.0,5.53,12.5
2001-03-29,13.8,23.4,4.0,11.0,20.5,28,0.0,0.0,0.0,0.0,1.5,6.3
2001-03-30,17.8,27.6,9.5,15.6,25.7,42,0.0,0.0,0.0,0.0,3.31,9.0
2001-03-31,16.2,23.5,10.5,13.9,20.5,40,0.0,0.0,0.0,0.0,3.2,8.2
2001-04-01,17.1,26.0,9.7,16.1,25.0,55,0.0,0.0,0.0,0.0,1.44,7.4
2001-04-02,20.4,28.6,12.1,19.7,29.1,48,0.0,0.0,0.0,0.0,1.53,6.3
2001-04-03,20.2,27.1,14.3,18.1,25.4,46,0.0,0.0,0.0,0.0,4.89,10.9
2001-04-04,16.6,18.2,14.2,16.1,18.4,71,7.7,7.7,0.0,12.0,2.62,8.3
2001-04-05,15.3,21.9,11.4,14.1,18.9,70,0.7,0.7,0.0,4.0,6.82,14.6
2001-04-06,16.0,24.2,7.9,15.3,23.0,64,0.0,0.0,0.0,0.0,2.28,6.8
2001-04-07,18.1,23.9,12.8,17.9,23.8,65,2.0,2.0,0.0,2.0,2.63,7.9
2001-04-08,20.3,27.6,13.4,20.7,28.7,65,7.2,7.2,0.0,3.0,3.7,8.9
2001-04-09,8.2,19.2,2.8,4.8,18.5,74,15.9,10.0,4.13,22.0,7.54,17.2
2001-04-10,5.8,8.4,2.8,1.7,4.0,61,0.9,0.4,0.35,4.0,4.1,9.2
2001-04-11,10.5,17.8,4.2,7.1,14.0,37,0.0,0.0,0.0,0.0,4.1,10.0
2001-04-12,14.2,24.0,5.2,11.9,22.6,46,0.0,0.0,0.0,0.0,3.22,6.8
2001-04-13,16.4,22.7,10.1,14.2,21.3,42,0.0,0.0,0.0,0.0,3.04,7.2
2001-04-14,15.4,22.0,8.5,13.2,20.3,35,0.0,0.0,0.0,0.0,2.34,6.9
2001-04-15,16.8,26.2,8.1,15.5,25.3,50,0.0,0.0,0.0,0.0,1.9,6.8
2001-04-16,20.8,29.2,13.9,19.9,29.6,46,0.0,0.0,0.0,0.0,2.56,6.8
2001-04-17,22.3,32.0,13.6,20.9,30.9,41,0.0,0.0,0.0,0.0,3.65,8.5
2001-04-18,23.3,30.1,16.8,22.9,30.2,47,0.0,0.0,0.0,0.0,2.61,7.1
2001-04-19,22.0,26.4,17.4,22.4,26.9,58,2.7,2.7,0.0,9.0,2.6,7.9
2001-04-20,13.6,20.0,9.0,11.6,19.4,69,3.0,3.0,0.0,13.0,3.89,8.1
2001-04-21,9.8,11.5,7.9,8.5,10.1,85,5.2,5.2,0.0,18.0,1.91,4.6
2001-04-22,12.7,18.2,8.0,11.4,16.5,75,4.7,4.7,0.0,8.0,2.21,7.3
2001-04-23,13.5,14.8,12.4,13.3,14.1,87,6.9,6.9,0.0,16.0,2.55,6.8
2001-04-24,14.1,16.8,10.8,13.5,15.5,80,2.2,2.2,0.0,11.0,2.15,5.8
2001-04-25,15.5,19.7,11.5,14.6,18.7,65,0.0,0.0,0.0,0.0,2.0,6.7
2001-04-26,17.8,23.8,11.8,17.6,23.9,65,0.0,0.0,0.0,0.0,1.86,6.3
2001-04-27,20.5,25.6,15.9,21.0,26.2,64,0.0,0.0,0.0,0.0,1.42,7.7
2001-04-28,20.0,23.5,17.6,21.3,25.1,74,0.7,0.7,0.0,3.0,1.72,6.8
2001-04-29,20.1,25.1,16.5,19.7,26.3,61,0.1,0.1,0.0,1.0,5.66,12.6
2001-04-30,17.6,21.3,14.2,15.1,19.1,39,0.0,0.0,0.0,0.0,3.45,8.5
2001-05-01,19.5,30.1,9.1,18.7,29.0,49,0.0,0.0,0.0,0.0,2.12,5.9
2001-05-02,20.1,26.2,15.2,19.9,27.2,58,1.1,1.1,0.0,2.0,2.32,7.7
2001-05-03,19.4,25.7,12.9,19.4,24.4,62,0.0,0.0,0.0,0.0,2.37,6.4
2001-05-04,19.3,23.6,15.9,19.4,23.6,65,0.1,0.1,0.0,1.0,2.38,5.8
2001-05-05,21.6,30.4,12.9,21.5,31.0,55,0.0,0.0,0.0,0.0,3.16,7.2
2001-05-06,23.6,29.8,15.4,24.6,32.3,57,0.0,0.0,0.0,0.0,2.04,6.6
2001-05-07,23.7,28.6,19.7,22.0,27.4,36,0.0,0.0,0.0,0.0,3.96,10.1
2001-05-08,24.2,30.2,19.9,22.1,28.9,32,0.0,0.0,0.0,0.0,3.81,10.0
2001-05-09,22.9,30.0,17.1,22.0,30.3,38,0.0,0.0,0.0,0.0,2.81,6.9
2001-05-10,24.0,32.5,16.1,23.9,33.3,50,0.0,0.0,0.0,0.0,2.63,7.1
2001-05-11,24.7,32.9,17.7,25.3,34.5,50,0.3,0.3,0.0,1.0,2.7,6.5
2001-05-12,24.4,30.7,19.2,25.0,32.2,53,0.2,0.2,0.0,1.0,2.2,6.4
2001-05-13,25.3,35.0,17.1,26.2,35.5,52,0.0,0.0,0.0,0.0,1.77,6.2
2001-05-14,24.3,28.0,21.6,24.1,27.5,48,0.0,0.0,0.0,0.0,3.92,10.3
2001-05-15,22.4,25.7,18.9,20.9,24.0,36,0.0,0.0,0.0,0.0,2.4,6.4
2001-05-16,17.0,19.5,14.4,16.2,18.6,68,4.8,4.8,0.0,8.0,4.01,8.7
2001-05-17,19.4,26.9,13.1,18.9,24.9,63,0.0,0.0,0.0,0.0,2.91,7.1
2001-05-18,23.7,32.1,15.3,22.6,31.6,37,0.0,0.0,0.0,0.0,2.63,7.0
2001-05-19,24.0,33.3,13.8,23.1,32.7,37,0.0,0.0,0.0,0.0,1.7,6.5
2001-05-20,26.5,35.1,17.3,25.8,34.1,39,0.0,0.0,0.0,0.0,2.89,8.1
2001-05-21,27.4,38.1,16.4,26.8,37.4,36,0.0,0.0,0.0,0.0,3.02,6.2
2001-05-22,29.0,37.6,20.3,29.3,38.8,38,0.0,0.0,0.0,0.0,3.14,7.5
2001-05-23,26.4,32.1,18.4,27.2,32.7,55,5.3,5.3,0.0,5.0,5.7,11.7
2001-05-24,20.9,25.8,17.0,20.7,26.5,61,4.9,4.9,0.0,10.0,5.1,11.6
2001-05-25,19.7,23.0,15.2,19.9,22.5,66,0.1,0.1,0.0,1.0,2.14,4.8
2001-05-26,23.1,28.6,18.1,22.5,27.7,47,0.0,0.0,0.0,0.0,2.41,6.5
2001-05-27,24.9,32.0,18.1,25.0,32.0,45,0.0,0.0,0.0,0.0,2.41,5.6
2001-05-28,25.6,31.9,19.4,25.5,31.9,43,0.0,0.0,0.0,0.0,1.75,5.2
2001-05-29,26.1,31.3,21.2,25.6,31.1,39,0.0,0.0,0.0,0.0,3.32,7.8
2001-05-30,25.6,32.8,18.4,25.4,33.1,43,0.2,0.2,0.0,1.0,2.81,8.7
2001-05-31,23.8,28.3,19.6,23.8,27.9,49,0.0,0.0,0.0,0.0,2.32,6.7
2001-06-01,24.6,30.8,18.5,24.8,31.4,48,0.0,0.0,0.0,0.0,1.8,5.8
2001-06-02,26.2,32.7,19.2,26.7,32.4,48,0.0,0.0,0.0,0.0,2.56,7.1
2001-06-03,27.6,34.1,20.2,28.7,36.1,48,0.0,0.0,0.0,0.0,2.51,6.4
2001-06-04,27.5,35.0,20.8,28.4,36.0,47,0.3,0.3,0.0,2.0,3.98,10.4
2001-06-05,28.4,37.1,19.4,29.3,38.0,43,0.0,0.0,0.0,0.0,2.31,6.9
2001-06-06,28.2,33.9,22.9,28.8,34.5,43,0.0,0.0,0.0,0.0,3.61,9.1
2001-06-07,29.0,34.9,23.4,29.8,35.3,44,0.0,0.0,0.0,0.0,3.44,8.2
2001-06-08,25.2,27.8,22.1,26.6,29.2,59,3.9,3.9,0.0,8.0,2.75,8.2
2001-06-09,22.4,25.3,20.7,25.0,27.2,78,4.7,4.7,0.0,15.0,1.8,4.8
2001-06-10,24.6,29.2,20.8,27.3,31.2,73,1.2,1.2,0.0,6.0,2.06,6.1
2001-06-11,25.4,30.2,22.4,27.8,31.7,67,4.7,4.7,0.0,6.0,3.24,6.8
2001-06-12,24.0,29.6,20.6,26.2,31.4,70,4.8,4.8,0.0,9.0,2.28,6.9
2001-06-13,26.6,35.0,18.7,27.7,35.7,48,0.0,0.0,0.0,0.0,2.56,7.6
2001-06-14,28.3,35.0,20.4,29.9,37.0,51,0.0,0.0,0.0,0.0,4.05,10.0
2001-06-15,25.0,27.3,21.9,27.7,29.7,71,11.6,11.6,0.0,13.0,2.52,6.7
2001-06-16,25.6,31.4,19.7,28.4,34.1,68,0.0,0.0,0.0,0.0,2.09,4.6
2001-06-17,26.4,33.1,19.6,28.7,35.6,62,0.1,0.1,0.0,1.0,2.42,6.8
2001-06-18,28.7,35.6,21.6,31.2,38.6,52,0.0,0.0,0.0,0.0,1.71,5.4
2001-06-19,29.7,36.1,22.9,32.2,38.7,53,0.0,0.0,0.0,0.0,2.6,5.8
2001-06-20,29.1,32.5,25.7,29.9,31.7,44,0.0,0.0,0.0,0.0,3.18,8.3
2001-06-21,29.1,36.3,21.2,30.0,37.7,45,0.0,0.0,0.0,0.0,3.54,7.5
2001-06-22,29.9,37.1,21.9,31.0,39.6,43,0.0,0.0,0.0,0.0,2.47,7.1
2001-06-23,29.5,36.5,22.7,31.2,38.1,48,0.2,0.2,0.0,1.0,4.0,9.3
2001-06-24,28.7,35.9,22.5,30.7,37.6,52,0.0,0.0,0.0,0.0,2.78,7.1
2001-06-25,29.6,36.5,23.1,31.7,37.7,51,0.0,0.0,0.0,0.0,3.11,7.6
2001-06-26,31.0,37.8,24.8,33.9,40.9,51,0.0,0.0,0.0,0.0,2.53,6.8
2001-06-27,32.7,38.2,27.2,35.3,41.5,45,0.2,0.2,0.0,1.0,3.11,6.8
2001-06-28,25.9,31.3,22.1,30.3,35.2,85,55.1,55.1,0.0,21.0,3.49,8.6
2001-06-29,25.3,29.3,21.6,27.9,32.3,72,2.8,2.8,0.0,6.0,2.79,6.8
2001-06-30,29.2,37.9,21.1,32.8,41.5,59,0.0,0.0,0.0,0.0,2.0,5.7
2001-07-01,31.7,37.3,25.4,36.1,42.7,58,0.2,0.2,0.0,2.0,2.14,6.5
2001-07-02,29.4,34.4,25.4,33.2,39.4,60,0.6,0.6,0.0,2.0,2.88,7.3
2001-07-03,29.1,34.9,24.0,33.1,39.0,65,0.6,0.6,0.0,1.0,2.61,6.0
2001-07-04,30.3,37.3,23.2,34.3,41.6,60,0.0,0.0,0.0,0.0,2.21,6.4
2001-07-05,32.5,38.4,26.3,35.6,42.3,52,0.0,0.0,0.0,0.0,4.69,10.6
2001-07-06,32.6,38.0,27.1,35.3,41.0,49,0.0,0.0,0.0,0.0,4.69,10.8
2001-07-07,32.2,38.0,25.8,34.8,41.3,48,0.0,0.0,0.0,0.0,3.68,8.5
2001-07-08,32.7,38.8,25.5,36.4,44.1,51,0.0,0.0,0.0,0.0,2.76,7.1
2001-07-09,33.0,37.4,29.2,37.0,41.8,53,0.0,0.0,0.0,0.0,2.5,7.6
2001-07-10,28.6,33.4,23.5,31.4,35.1,60,1.1,1.1,0.0,4.0,2.82,7.2
2001-07-11,23.2,27.0,20.1,26.0,30.2,80,16.7,16.7,0.0,15.0,2.09,5.6
2001-07-12,27.7,35.5,20.1,31.0,39.3,60,0.0,0.0,0.0,0.0,1.17,5.4
2001-07-13,30.2,39.0,21.3,32.8,41.7,51,0.0,0.0,0.0,0.0,3.24,6.6
2001-07-14,31.1,38.4,24.0,33.6,42.2,50,0.0,0.0,0.0,0.0,3.33,7.6
2001-07-15,32.3,38.8,26.0,34.6,41.4,48,0.0,0.0,0.0,0.0,5.19,11.4
2001-07-16,32.4,39.1,26.0,34.7,41.9,47,0.0,0.0,0.0,0.0,4.25,10.0
2001-07-17,32.7,38.5,26.6,34.7,41.5,46,0.0,0.0,0.0,0.0,4.55,10.8
2001-07-18,32.8,38.4,26.7,34.8,42.0,44,0.0,0.0,0.0,0.0,3.98,9.4
2001-07-19,33.0,38.6,27.1,36.0,40.7,47,0.7,0.7,0.0,2.0,2.8,7.1
2001-07-20,31.4,36.3,27.9,35.9,40.5,60,0.7,0.7,0.0,3.0,2.34,7.6
2001-07-21,31.4,38.3,26.3,35.0,41.2,53,0.0,0.0,0.0,0.0,2.26,8.3
2001-07-22,32.0,38.0,26.3,35.3,41.8,52,0.4,0.4,0.0,1.0,3.4,10.4
2001-07-23,32.5,37.9,26.6,36.1,41.6,52,0.2,0.2,0.0,1.0,3.19,8.5
2001-07-24,28.9,31.0,26.7,33.2,36.1,68,12.3,12.3,0.0,11.0,3.01,9.4
2001-07-25,28.9,33.7,24.2,33.2,37.2,67,0.0,0.0,0.0,0.0,1.5,5.2
2001-07-26,31.2,35.7,26.6,36.1,41.7,62,0.8,0.8,0.0,3.0,3.0,8.3
2001-07-27,25.8,29.4,22.5,30.3,34.2,84,26.5,26.5,0.0,16.0,4.4,10.5
2001-07-28,26.8,30.6,23.5,30.4,34.6,68,0.0,0.0,0.0,0.0,1.39,5.2
2001-07-29,23.1,26.7,21.6,26.8,30.2,87,35.8,35.8,0.0,19.0,1.5,4.5
2001-07-30,25.8,31.9,21.3,29.3,35.5,72,0.0,0.0,0.0,0.0,1.39,5.1
2001-07-31,27.7,34.5,20.5,31.6,39.3,65,0.0,0.0,0.0,0.0,1.99,5.4
2001-08-01,28.6,35.5,22.9,32.6,40.1,63,0.0,0.0,0.0,0.0,2.82,6.3
2001-08-02,28.1,33.6,24.0,32.1,38.8,68,0.0,0.0,0.0,0.0,3.26,8.2
2001-08-03,29.4,35.0,24.1,32.8,39.3,62,0.0,0.0,0.0,0.0,3.74,9.2
2001-08-04,30.7,36.6,25.5,34.3,40.7,59,0.0,0.0,0.0,0.0,2.75,7.4
2001-08-05,31.3,37.2,26.0,35.9,42.3,60,0.0,0.0,0.0,0.0,1.84,5.8
2001-08-06,32.3,37.9,27.2,36.8,42.5,57,0.3,0.3,0.0,1.0,2.91,7.9
2001-08-07,29.8,35.9,26.1,34.8,41.4,68,11.7,11.7,0.0,5.0,2.51,6.9
2001-08-08,28.4,31.7,25.4,33.4,37.1,74,1.5,1.5,0.0,3.0,1.84,6.9
2001-08-09,28.4,32.3,25.6,32.3,37.1,68,1.6,1.6,0.0,5.0,3.39,8.1
2001-08-10,28.7,33.7,23.8,30.4,36.0,54,0.0,0.0,0.0,0.0,4.0,9.5
2001-08-11,28.1,34.5,21.3,29.3,36.1,50,0.0,0.0,0.0,0.0,3.61,8.7
2001-08-12,28.1,34.5,21.9,29.8,37.3,52,0.0,0.0,0.0,0.0,2.48,6.5
2001-08-13,27.9,33.6,22.0,30.0,35.5,54,0.0,0.0,0.0,0.0,2.33,5.8
2001-08-14,28.6,34.9,23.0,31.3,37.7,57,0.0,0.0,0.0,0.0,2.28,6.0
2001-08-15,29.0,35.1,23.4,31.8,37.1,58,0.0,0.0,0.0,0.0,3.18,7.5
2001-08-16,27.3,30.3,24.3,30.7,32.6,70,3.7,3.7,0.0,7.0,3.5,8.5
2001-08-17,27.0,32.0,23.7,31.2,36.5,75,3.1,3.1,0.0,7.0,2.66,8.4
2001-08-18,29.2,34.3,25.1,32.0,36.8,60,0.0,0.0,0.0,0.0,4.32,10.0
2001-08-19,21.1,26.8,19.4,22.4,29.6,83,16.9,16.9,0.0,20.0,4.92,11.1
2001-08-20,22.5,26.7,19.8,25.1,29.2,77,1.9,1.9,0.0,10.0,1.35,3.8
2001-08-21,25.5,31.7,20.2,28.6,35.5,68,0.0,0.0,0.0,0.0,1.53,5.9
2001-08-22,26.4,33.3,20.6,29.2,36.5,62,0.0,0.0,0.0,0.0,1.03,5.4
2001-08-23,28.3,36.2,20.7,30.9,39.0,55,0.0,0.0,0.0,0.0,1.77,6.2
2001-08-24,28.3,33.7,24.8,30.4,35.3,54,0.0,0.0,0.0,0.0,2.32,8.0
2001-08-25,28.9,36.5,22.2,31.1,38.8,54,0.0,0.0,0.0,0.0,3.1,7.5
2001-08-26,26.6,28.7,24.9,29.5,31.8,67,3.5,3.5,0.0,9.0,2.84,7.0
2001-08-27,24.6,26.7,22.4,27.2,29.0,75,7.3,7.3,0.0,16.0,2.94,6.6
2001-08-28,21.6,24.3,19.6,24.1,27.2,88,37.6,37.6,0.0,24.0,2.91,6.3
2001-08-29,22.5,26.0,19.4,24.5,28.1,75,0.6,0.6,0.0,3.0,2.14,5.7
2001-08-30,21.9,23.1,20.5,24.3,25.5,84,9.7,9.7,0.0,13.0,2.42,5.8
2001-08-31,22.7,26.3,19.7,25.4,29.0,80,2.5,2.5,0.0,5.0,1.65,5.5
2001-09-01,24.0,29.6,19.0,26.8,32.0,73,0.0,0.0,0.0,0.0,2.18,5.8
2001-09-02,25.4,31.9,19.7,27.2,34.0,64,0.1,0.1,0.0,1.0,3.16,8.2
2001-09-03,23.2,25.2,20.8,25.9,27.9,78,3.4,3.4,0.0,14.0,2.34,6.2
2001-09-04,23.6,30.1,18.2,26.3,33.1,73,0.0,0.0,0.0,0.0,1.77,5.6
2001-09-05,25.0,32.6,18.2,27.6,35.8,67,0.0,0.0,0.0,0.0,1.96,5.8
2001-09-06,26.6,33.5,21.0,28.2,35.7,60,0.0,0.0,0.0,0.0,4.56,10.2
2001-09-07,22.5,27.5,18.6,24.7,29.2,80,10.4,10.4,0.0,13.0,3.31,9.1
2001-09-08,23.2,30.5,15.9,24.3,31.1,65,0.0,0.0,0.0,0.0,3.42,8.2
2001-09-09,22.1,26.0,17.7,23.7,27.3,68,0.0,0.0,0.0,0.0,1.33,4.6
2001-09-10,23.3,26.4,20.4,25.2,28.2,70,1.4,1.4,0.0,7.0,2.68,6.9
2001-09-11,24.5,29.1,19.9,25.2,29.1,58,0.0,0.0,0.0,0.0,3.0,8.0
2001-09-12,22.8,24.8,21.1,24.1,25.8,65,0.6,0.6,0.0,4.0,2.18,6.2
2001-09-13,24.3,28.7,20.3,25.9,30.2,62,0.0,0.0,0.0,0.0,2.86,6.9
2001-09-14,25.1,28.1,23.3,27.1,29.7,68,3.3,3.3,0.0,5.0,3.54,8.4
2001-09-15,25.7,30.0,22.4,28.7,32.6,71,2.4,2.4,0.0,4.0,2.5,7.3
2001-09-16,23.8,27.9,20.7,25.7,30.9,73,0.5,0.5,0.0,3.0,4.5,10.4
2001-09-17,20.9,23.2,19.1,22.5,24.8,78,4.0,4.0,0.0,10.0,3.05,7.9
2001-09-18,20.7,23.2,19.3,22.0,23.7,81,2.6,2.6,0.0,14.0,3.83,8.6
2001-09-19,15.9,19.6,13.7,15.6,19.2,79,6.2,6.2,0.0,17.0,2.84,6.9
2001-09-20,14.2,15.0,13.5,14.6,15.6,95,16.3,16.3,0.0,20.0,1.75,4.2
2001-09-21,16.6,18.5,14.9,17.1,19.1,92,17.4,17.4,0.0,23.0,3.5,11.3
2001-09-22,18.9,22.4,16.5,19.2,22.5,78,0.5,0.5,0.0,2.0,3.7,9.4
2001-09-23,17.9,19.9,16.0,19.4,21.4,88,8.9,8.9,0.0,16.0,1.52,4.4
2001-09-24,19.3,22.5,17.2,21.0,24.0,86,12.3,12.3,0.0,14.0,1.97,5.2
2001-09-25,18.5,21.2,15.9,19.8,22.7,86,4.4,4.4,0.0,15.0,3.01,7.2
2001-09-26,18.7,21.3,16.6,20.3,22.9,85,2.2,2.2,0.0,10.0,1.63,5.2
2001-09-27,20.5,24.3,16.5,22.2,26.0,80,0.0,0.0,0.0,0.0,2.69,6.4
2001-09-28,20.1,21.9,17.5,20.1,22.4,69,0.9,0.9,0.0,4.0,3.76,8.9
2001-09-29,18.5,22.6,16.5,19.9,24.0,85,9.0,9.0,0.0,13.0,2.02,6.3
2001-09-30,19.0,25.4,13.9,19.9,27.1,73,0.0,0.0,0.0,0.0,2.28,5.1
2001-10-01,17.0,21.5,12.4,17.8,21.9,82,2.2,2.2,0.0,9.0,1.91,4.7
2001-10-02,18.5,22.2,16.2,20.1,23.5,88,10.5,10.5,0.0,17.0,2.38,6.5
2001-10-03,17.4,22.1,10.8,16.3,21.5,58,0.0,0.0,0.0,0.0,2.95,7.8
2001-10-04,16.5,24.4,9.6,16.1,24.0,68,0.0,0.0,0.0,0.0,2.92,7.0
2001-10-05,18.0,21.0,15.7,18.3,20.9,75,3.1,3.1,0.0,7.0,2.11,6.5
2001-10-06,17.1,17.8,16.0,17.6,18.3,84,4.8,4.8,0.0,10.0,2.14,5.3
2001-10-07,16.7,19.5,14.9,17.0,19.8,81,0.4,0.4,0.0,2.0,1.84,5.1
2001-10-08,17.6,23.2,13.0,17.0,21.5,70,1.0,1.0,0.0,3.0,3.96,9.8
2001-10-09,16.0,23.5,10.0,15.0,22.6,59,0.0,0.0,0.0,0.0,2.48,6.2
2001-10-10,18.1,24.6,12.7,17.2,23.7,59,0.0,0.0,0.0,0.0,4.03,9.2
2001-10-11,20.4,25.5,16.2,19.9,24.6,59,0.0,0.0,0.0,0.0,3.72,8.4
2001-10-12,17.7,20.2,15.5,17.4,19.1,75,4.2,4.2,0.0,12.0,3.14,8.0
2001-10-13,16.3,17.3,15.5,16.6,17.5,90,4.9,4.9,0.0,12.0,3.19,7.1
2001-10-14,15.0,16.2,14.2,15.7,16.3,93,9.6,9.6,0.0,17.0,1.98,5.3
2001-10-15,16.1,18.8,14.2,16.7,19.2,84,0.0,0.0,0.0,0.0,1.32,4.3
2001-10-16,16.7,20.4,13.1,16.9,20.6,78,0.0,0.0,0.0,0.0,1.78,6.1
2001-10-17,15.8,22.6,10.3,15.8,22.3,76,0.0,0.0,0.0,0.0,1.89,5.6
2001-10-18,17.0,21.5,13.0,17.1,22.1,75,0.0,0.0,0.0,0.0,1.8,5.2
2001-10-19,17.6,19.8,16.4,18.2,20.1,79,1.0,1.0,0.0,6.0,1.91,5.0
2001-10-20,16.5,18.1,15.0,16.6,18.1,81,1.3,1.3,0.0,6.0,2.19,5.8
2001-10-21,16.4,20.8,13.3,16.8,21.3,80,0.1,0.1,0.0,1.0,1.61,4.7
2001-10-22,16.7,23.6,10.9,17.0,23.7,79,0.0,0.0,0.0,0.0,2.58,6.2
2001-10-23,17.6,23.0,13.7,18.4,23.7,81,0.0,0.0,0.0,0.0,2.08,5.5
2001-10-24,16.9,19.2,14.9,18.3,20.3,91,17.4,17.4,0.0,15.0,2.01,5.6
2001-10-25,17.2,17.9,16.1,18.7,19.6,95,10.9,10.9,0.0,23.0,1.92,4.7
2001-10-26,16.3,17.8,15.3,17.0,19.0,90,8.3,8.3,0.0,21.0,2.24,5.2
2001-10-27,17.9,22.9,14.8,17.7,22.1,73,0.9,0.9,0.0,2.0,3.3,9.3
2001-10-28,15.5,20.8,10.7,14.1,19.5,59,0.0,0.0,0.0,0.0,3.04,7.3
2001-10-29,15.2,20.7,11.3,13.9,19.1,67,0.0,0.0,0.0,0.0,3.13,7.9
2001-10-30,14.9,18.6,11.4,14.3,18.0,74,4.8,4.8,0.0,5.0,2.44,6.1
2001-10-31,15.0,19.5,10.6,13.9,18.6,71,4.7,4.7,0.0,6.0,3.73,9.6
2001-11-01,13.4,17.2,9.3,11.8,15.4,67,2.2,2.2,0.0,7.0,2.82,7.2
2001-11-02,12.6,14.1,11.5,11.4,12.9,77,1.2,1.2,0.0,4.0,2.3,6.4
2001-11-03,12.8,16.2,10.1,11.6,14.5,79,2.0,2.0,0.0,6.0,2.84,9.5
2001-11-04,13.5,15.7,11.9,13.0,15.2,83,5.0,5.0,0.0,11.0,2.28,6.7
2001-11-05,12.1,16.9,6.6,9.8,14.9,53,0.0,0.0,0.0,0.0,2.47,6.2
2001-11-06,8.8,12.7,5.6,6.5,9.8,66,0.6,0.6,0.0,3.0,2.5,6.9
2001-11-07,9.5,14.5,5.6,8.1,13.5,77,0.0,0.0,0.0,0.0,1.24,5.5
2001-11-08,10.6,16.8,4.9,9.1,15.5,75,0.0,0.0,0.0,0.0,1.97,5.5
2001-11-09,10.9,16.7,6.2,8.9,14.0,66,0.0,0.0,0.0,0.0,3.3,7.8
2001-11-10,11.5,16.8,8.0,10.2,15.9,72,0.0,0.0,0.0,0.0,1.91,4.7
2001-11-11,11.3,18.9,5.5,9.6,17.8,67,0.0,0.0,0.0,0.0,2.05,4.7
2001-11-12,10.2,13.9,7.3,8.4,12.1,71,0.3,0.3,0.0,3.0,2.3,6.0
2001-11-13,10.6,15.4,5.1,7.3,11.7,45,0.0,0.0,0.0,0.0,2.55,7.7
2001-11-14,8.7,17.3,1.9,5.7,14.0,52,0.0,0.0,0.0,0.0,3.09,6.9
2001-11-15,8.9,15.5,3.9,6.4,12.9,57,0.0,0.0,0.0,0.0,1.49,5.4
2001-11-16,8.1,15.4,3.0,5.9,13.4,66,0.0,0.0,0.0,0.0,1.7,5.1
2001-11-17,8.1,15.6,2.7,5.8,12.8,65,0.0,0.0,0.0,0.0,2.06,6.2
2001-11-18,8.4,16.3,2.2,6.1,14.2,63,0.0,0.0,0.0,0.0,1.75,4.8
2001-11-19,8.7,16.7,3.0,6.1,13.9,62,0.0,0.0,0.0,0.0,2.6,7.4
2001-11-20,7.9,16.0,2.3,5.3,13.4,58,0.0,0.0,0.0,0.0,1.77,4.6
2001-11-21,8.0,15.3,2.3,5.7,12.9,69,0.0,0.0,0.0,0.0,2.14,5.8
2001-11-22,8.7,16.0,2.6,6.8,13.9,73,0.0,0.0,0.0,0.0,1.53,5.1
2001-11-23,10.4,15.1,5.0,8.6,13.2,74,0.0,0.0,0.0,0.0,2.48,7.1
2001-11-24,11.4,18.1,6.1,8.8,15.6,53,0.0,0.0,0.0,0.0,2.18,5.7
2001-11-25,7.5,10.7,2.4,4.3,7.9,50,0.0,0.0,0.0,0.0,3.09,7.1
2001-11-26,4.9,8.9,1.4,1.3,5.0,46,0.0,0.0,0.0,0.0,2.44,6.2
2001-11-27,6.4,10.5,3.1,3.2,7.0,51,0.0,0.0,0.0,0.0,2.51,6.4
2001-11-28,7.4,9.5,5.1,4.9,7.2,58,0.0,0.0,0.0,0.0,1.61,4.0
2001-11-29,8.5,13.7,4.0,6.4,11.4,65,0.0,0.0,0.0,0.0,1.39,4.8
2001-11-30,7.6,10.7,4.1,5.3,8.2,67,0.3,0.3,0.0,3.0,1.81,4.5
2001-12-01,7.2,11.1,2.7,4.7,8.8,67,0.0,0.0,0.0,0.0,2.56,5.7
2001-12-02,4.9,7.8,3.0,2.3,5.1,79,12.0,5.0,4.9,17.0,2.21,5.0
2001-12-03,4.7,7.1,2.3,2.2,4.5,81,1.9,1.0,0.7,7.0,2.27,5.9
2001-12-04,3.9,5.3,2.7,1.5,3.1,86,8.0,3.4,3.22,15.0,2.32,7.4
2001-12-05,2.0,3.7,-1.1,-0.8,1.5,90,2.9,0.6,1.89,13.0,2.2,5.8
2001-12-06,-0.3,4.1,-5.2,-3.6,0.2,77,0.0,0.0,0.0,0.0,2.72,6.2
2001-12-07,2.1,4.8,-0.3,-0.7,2.3,76,0.0,0.0,0.0,0.0,1.41,5.7
2001-12-08,1.6,4.4,-1.2,-1.1,1.6,83,3.2,0.6,1.89,9.0,1.58,4.6
2001-12-09,2.5,3.7,1.4,-0.1,1.0,89,4.7,0.7,2.87,13.0,1.77,4.4
2001-12-10,3.1,5.4,0.6,-0.2,1.7,75,0.0,0.0,0.21,0.0,2.97,7.6
2001-12-11,2.8,4.8,1.6,-0.3,1.4,79,2.0,0.3,1.19,8.0,3.91,9.7
2001-12-12,1.4,3.0,-0.7,-3.1,-1.0,49,0.2,0.0,0.28,2.0,4.4,10.5
2001-12-13,0.1,3.9,-3.1,-3.8,-0.2,45,0.0,0.0,0.0,0.0,1.84,6.6
2001-12-14,-0.5,5.3,-5.9,-4.1,1.5,57,0.0,0.0,0.0,0.0,2.06,5.3
2001-12-15,1.8,4.1,-0.8,-1.3,1.0,65,0.0,0.0,0.0,0.0,1.6,5.8
2001-12-16,1.5,4.3,-2.0,-1.3,2.0,78,0.8,0.1,0.63,5.0,1.33,4.0
2001-12-17,3.3,6.7,0.8,0.2,3.0,74,0.6,0.3,0.21,3.0,3.05,6.7
2001-12-18,2.9,6.1,0.3,-0.6,2.2,66,0.0,0.0,0.0,0.0,2.86,6.9
2001-12-19,2.3,4.0,0.7,-0.7,1.3,77,0.1,0.0,0.28,1.0,1.77,5.5
2001-12-20,2.0,3.5,-1.1,-2.8,0.5,44,1.1,0.2,0.77,4.0,4.5,10.4
2001-12-21,-0.7,5.1,-5.4,-4.3,1.6,52,0.0,0.0,0.0,0.0,1.8,4.7
2001-12-22,0.6,7.6,-4.8,-2.8,4.2,61,0.0,0.0,0.0,0.0,1.57,4.9
2001-12-23,1.5,7.4,-2.9,-1.6,4.1,63,0.0,0.0,0.0,0.0,1.86,5.1
2001-12-24,1.5,5.8,-1.9,-2.0,1.8,55,0.0,0.0,0.0,0.0,1.61,5.3
2001-12-25,0.0,3.5,-2.5,-3.7,-0.5,57,0.0,0.0,0.0,0.0,2.24,6.0
2001-12-26,1.2,6.0,-2.4,-1.9,3.0,64,0.0,0.0,0.0,0.0,1.34,5.2
2001-12-27,0.6,6.3,-4.3,-2.5,3.5,64,0.0,0.0,0.0,0.0,1.7,4.4
2001-12-28,2.6,9.8,-2.7,-0.6,6.9,62,0.0,0.0,0.0,0.0,1.84,4.4
2001-12-29,2.6,10.6,-2.5,-0.4,7.6,59,0.0,0.0,0.0,0.0,1.49,4.7
2001-12-30,3.5,9.7,-2.9,0.4,6.9,63,0.1,0.1,0.0,1.0,2.36,6.2
2001-12-31,6.5,13.6,1.2,3.0,9.6,53,0.0,0.0,0.0,0.0,3.59,8.3
2002-01-01,4.6,11.1,-0.1,1.4,7.5,55,0.0,0.0,0.0,0.0,2.3,6.4
2002-01-02,4.6,11.8,-1.2,1.6,8.7,59,0.0,0.0,0.0,0.0,1.4,5.3
2002-01-03,5.2,12.2,0.7,1.8,8.8,54,0.0,0.0,0.0,0.0,2.4,7.2
2002-01-04,5.6,15.1,-0.6,2.2,11.4,55,0.0,0.0,0.0,0.0,2.79,7.7
2002-01-05,6.7,14.7,-0.2,3.8,11.9,54,0.0,0.0,0.0,0.0,1.4,5.3
2002-01-06,8.9,15.4,3.5,5.3,11.6,47,0.0,0.0,0.0,0.0,4.51,11.0
2002-01-07,5.9,11.9,1.1,2.6,8.1,48,0.0,0.0,0.0,0.0,1.94,5.7
2002-01-08,4.3,11.6,-1.2,1.4,8.4,60,0.0,0.0,0.0,0.0,1.48,4.5
2002-01-09,4.8,12.9,-1.5,1.8,9.8,66,0.0,0.0,0.0,0.0,2.79,6.8
2002-01-10,7.3,16.9,0.3,4.2,14.2,48,0.0,0.0,0.0,0.0,2.33,5.4
2002-01-11,6.9,15.9,0.5,4.2,13.3,60,0.0,0.0,0.0,0.0,1.71,5.8
2002-01-12,6.8,13.8,2.2,3.8,11.5,62,0.0,0.0,0.0,0.0,3.11,8.9
2002-01-13,7.0,15.4,1.0,4.5,13.4,69,0.0,0.0,0.0,0.0,2.06,7.5
2002-01-14,7.2,13.1,2.8,4.9,11.0,77,0.0,0.0,0.0,0.0,2.6,6.6
2002-01-15,6.2,8.4,4.4,3.4,6.4,83,9.6,9.6,0.0,23.0,3.91,9.1
2002-01-16,4.6,6.0,3.5,2.2,3.8,84,1.7,1.6,0.07,5.0,3.07,6.7
2002-01-17,3.9,4.8,3.2,1.6,2.5,90,5.9,4.7,0.84,20.0,2.64,6.1
2002-01-18,4.3,5.5,3.2,2.0,2.7,89,2.5,0.9,1.12,10.0,2.05,5.5
2002-01-19,4.0,5.7,2.4,1.0,2.6,86,2.6,1.5,0.91,11.0,3.67,9.0
2002-01-20,3.7,7.6,-0.7,-0.5,3.1,52,0.0,0.0,0.0,0.0,3.7,9.3
2002-01-21,1.3,7.7,-4.0,-1.8,5.2,62,0.0,0.0,0.0,0.0,1.26,4.9
2002-01-22,1.3,8.0,-3.1,-1.9,5.1,62,0.0,0.0,0.0,0.0,2.21,5.0
2002-01-23,1.8,8.6,-4.2,-1.5,5.1,61,0.0,0.0,0.0,0.0,2.14,5.9
2002-01-24,5.1,9.0,0.4,2.3,6.0,62,0.0,0.0,0.0,0.0,1.77,5.3
2002-01-25,4.8,8.4,0.0,2.3,5.9,72,0.1,0.1,0.0,1.0,1.53,5.4
2002-01-26,3.4,9.1,-2.3,0.6,6.1,73,0.0,0.0,0.0,0.0,2.02,6.2
2002-01-27,3.8,7.3,0.6,0.8,3.8,64,0.0,0.0,0.0,0.0,2.34,4.4
2002-01-28,3.5,7.4,-0.1,0.4,4.1,62,0.0,0.0,0.0,0.0,2.06,5.2
2002-01-29,1.9,7.3,-2.5,-1.5,3.6,54,0.0,0.0,0.0,0.0,1.7,5.4
2002-01-30,3.1,8.7,-2.2,-0.2,5.8,50,0.0,0.0,0.0,0.0,1.3,5.1
2002-01-31,2.9,8.8,-1.6,-0.4,5.6,59,0.0,0.0,0.0,0.0,2.42,5.7
2002-02-01,3.3,10.9,-1.9,-0.1,7.4,55,0.0,0.0,0.0,0.0,2.5,7.1
2002-02-02,3.9,12.8,-3.2,0.4,8.9,49,0.0,0.0,0.0,0.0,2.06,5.8
2002-02-03,4.4,9.2,-0.5,1.4,6.6,62,2.0,2.0,0.0,7.0,1.73,6.0
2002-02-04,6.9,12.9,1.5,4.1,9.6,63,0.4,0.4,0.0,2.0,2.5,8.1
2002-02-05,5.4,14.8,-1.9,2.5,12.0,55,0.0,0.0,0.0,0.0,1.22,5.0
2002-02-06,6.9,12.8,2.1,4.1,9.3,56,0.0,0.0,0.0,0.0,2.06,6.6
2002-02-07,8.0,11.8,4.1,5.1,9.4,54,0.0,0.0,0.0,0.0,2.47,7.2
2002-02-08,7.5,11.5,3.5,3.9,7.1,37,0.0,0.0,0.0,0.0,2.55,7.2
2002-02-09,7.6,12.0,4.6,3.6,7.1,37,0.0,0.0,0.0,0.0,4.75,12.3
2002-02-10,6.6,14.9,-0.3,3.3,11.7,39,0.0,0.0,0.0,0.0,2.48,5.3
2002-02-11,6.4,13.3,0.5,3.2,10.2,48,0.0,0.0,0.0,0.0,1.7,5.6
2002-02-12,9.2,17.6,2.0,6.1,14.7,45,0.0,0.0,0.0,0.0,2.91,6.1
2002-02-13,8.4,12.4,4.4,4.9,8.3,48,0.0,0.0,0.0,0.0,3.62,8.8
2002-02-14,7.6,8.6,6.5,4.8,5.6,67,2.2,2.2,0.0,6.0,3.04,7.4
2002-02-15,7.4,10.9,4.2,5.1,8.2,70,0.1,0.1,0.0,1.0,2.14,5.9
2002-02-16,8.5,17.0,2.6,6.2,14.2,66,0.0,0.0,0.0,0.0,2.3,7.2
2002-02-17,10.2,19.8,2.5,7.5,16.7,52,0.0,0.0,0.0,0.0,2.16,5.9
2002-02-18,11.7,16.9,7.1,9.5,14.6,55,0.0,0.0,0.0,0.0,1.55,5.6
2002-02-19,10.6,15.2,6.9,7.4,11.8,55,0.9,0.9,0.0,3.0,4.55,10.2
2002-02-20,10.8,14.9,8.0,9.0,12.8,64,0.0,0.0,0.0,0.0,2.06,6.5
2002-02-21,11.9,18.8,6.3,9.4,15.5,51,0.0,0.0,0.0,0.0,2.98,7.5
2002-02-22,10.6,12.7,8.6,8.2,10.8,66,0.8,0.8,0.0,6.0,2.66,7.9
2002-02-23,11.3,16.3,8.4,8.5,13.0,60,0.0,0.0,0.0,0.0,4.3,9.2
2002-02-24,10.5,14.3,7.4,7.8,11.7,57,0.0,0.0,0.0,0.0,2.5,7.6
2002-02-25,8.7,10.4,6.7,6.1,8.1,75,2.2,2.2,0.0,15.0,4.16,10.1
2002-02-26,6.5,8.0,3.8,3.9,5.2,74,4.1,3.9,0.14,11.0,2.36,6.0
2002-02-27,6.6,11.0,3.0,4.3,9.0,73,0.5,0.3,0.14,3.0,2.14,6.2
2002-02-28,8.0,15.5,0.5,5.7,13.1,67,0.0,0.0,0.0,0.0,2.72,7.2
2002-03-01,10.9,17.7,5.1,8.7,15.3,64,0.0,0.0,0.0,0.0,2.75,7.2
2002-03-02,10.0,11.9,6.6,7.5,10.2,73,0.6,0.6,0.0,4.0,3.61,8.0
2002-03-03,6.3,8.4,4.2,2.7,4.3,69,0.7,0.7,0.0,5.0,3.89,8.5
2002-03-04,3.9,6.2,2.3,1.4,3.7,88,5.4,2.2,2.24,21.0,2.3,5.1
2002-03-05,8.2,14.4,4.4,4.3,9.6,45,0.0,0.0,0.0,0.0,3.91,9.6
2002-03-06,10.3,19.5,1.7,6.8,16.7,42,0.0,0.0,0.0,0.0,4.91,12.1
2002-03-07,11.3,17.8,5.2,8.2,14.3,39,0.0,0.0,0.0,0.0,3.04,7.8
2002-03-08,12.5,22.9,5.4,10.1,20.6,48,0.0,0.0,0.0,0.0,2.58,6.4
2002-03-09,14.3,22.4,6.9,12.6,20.7,55,0.0,0.0,0.0,0.0,2.3,6.7
2002-03-10,15.0,18.1,12.1,13.8,16.5,60,5.1,5.1,0.0,11.0,2.4,5.5
2002-03-11,14.0,19.6,8.6,12.7,18.3,64,0.0,0.0,0.0,0.0,2.34,6.8
2002-03-12,14.2,18.5,10.4,13.8,18.3,76,13.2,13.2,0.0,18.0,2.15,6.5
2002-03-13,15.5,18.0,13.7,15.9,18.3,83,13.2,13.2,0.0,13.0,1.7,6.7
2002-03-14,16.6,21.2,12.6,15.8,20.9,64,0.3,0.3,0.0,2.0,2.77,7.9
2002-03-15,15.1,20.2,10.4,13.5,18.2,55,0.0,0.0,0.0,0.0,1.97,5.1
2002-03-16,12.4,16.2,9.1,10.5,13.4,62,1.3,1.3,0.0,4.0,2.91,6.8
2002-03-17,12.4,18.1,8.0,10.4,16.2,53,0.0,0.0,0.0,0.0,2.47,6.8
2002-03-18,12.1,20.1,5.2,10.4,19.1,57,0.0,0.0,0.0,0.0,2.4,5.5
2002-03-19,16.0,25.8,8.3,15.3,25.4,62,0.0,0.0,0.0,0.0,1.68,5.6
2002-03-20,14.1,18.1,8.2,10.8,15.4,43,0.7,0.7,0.0,3.0,4.8,11.1
2002-03-21,12.0,16.1,7.6,9.2,13.4,49,0.0,0.0,0.0,0.0,2.83,7.1
2002-03-22,11.6,17.0,7.0,8.1,13.7,32,0.0,0.0,0.0,0.0,2.6,7.7
2002-03-23,10.4,15.4,5.0,7.4,12.5,44,0.0,0.0,0.0,0.0,1.77,5.1
2002-03-24,11.7,19.7,4.4,9.4,17.2,56,0.0,0.0,0.0,0.0,2.78,6.5
2002-03-25,12.7,18.1,8.1,11.1,17.5,61,0.0,0.0,0.0,0.0,2.02,5.5
2002-03-26,15.3,23.4,7.4,14.2,22.6,61,0.0,0.0,0.0,0.0,2.34,6.2
2002-03-27,16.4,21.0,11.8,14.8,19.4,60,0.1,0.1,0.0,1.0,3.89,10.9
2002-03-28,18.7,25.4,13.8,17.3,23.8,52,0.0,0.0,0.0,0.0,4.5,10.3
2002-03-29,19.1,26.4,11.5,17.7,25.3,48,0.9,0.9,0.0,2.0,3.44,8.3
2002-03-30,17.5,23.3,9.6,14.7,20.5,30,0.0,0.0,0.0,0.0,3.11,8.2
2002-03-31,17.7,28.5,9.5,15.8,26.2,41,0.0,0.0,0.0,0.0,3.09,6.0
2002-04-01,20.5,27.9,12.3,19.7,27.8,49,0.0,0.0,0.0,0.0,2.78,6.5
2002-04-02,22.9,31.3,15.3,22.9,31.3,52,0.0,0.0,0.0,0.0,3.3,7.2
2002-04-03,23.6,28.5,20.1,23.4,28.2,58,0.8,0.8,0.0,4.0,5.59,13.5
2002-04-04,15.5,21.1,11.4,14.5,20.5,83,19.2,19.2,0.0,24.0,5.26,12.1
2002-04-05,14.9,21.1,11.2,13.7,19.9,73,4.9,4.9,0.0,7.0,4.55,11.7
2002-04-06,17.4,24.4,11.1,16.6,24.8,61,0.0,0.0,0.0,0.0,4.17,7.7
2002-04-07,12.9,17.8,9.0,10.0,14.1,41,0.0,0.0,0.0,0.0,3.83,6.9
2002-04-08,12.3,17.2,9.2,9.7,14.1,41,0.0,0.0,0.0,0.0,2.69,7.0
2002-04-09,10.4,12.7,7.9,6.9,9.8,31,0.0,0.0,0.0,0.0,2.69,5.9
2002-04-10,13.5,18.9,9.2,11.0,17.9,40,0.0,0.0,0.0,0.0,1.92,5.9
2002-04-11,16.3,25.3,6.6,13.9,23.0,45,0.0,0.0,0.0,0.0,4.1,10.7
2002-04-12,20.4,29.3,11.8,19.0,28.8,45,0.0,0.0,0.0,0.0,3.41,6.7
2002-04-13,22.4,31.8,14.6,21.3,31.4,45,0.0,0.0,0.0,0.0,3.76,8.1
2002-04-14,21.8,28.0,15.6,20.0,26.7,41,0.0,0.0,0.0,0.0,4.9,12.1
2002-04-15,15.7,21.0,10.3,13.3,17.8,43,3.4,3.4,0.0,7.0,1.97,7.5
2002-04-16,14.7,19.7,9.3,12.9,17.0,53,0.0,0.0,0.0,0.0,2.56,6.5
2002-04-17,15.1,19.6,11.7,12.1,16.8,36,0.0,0.0,0.0,0.0,2.72,6.3
2002-04-18,16.6,24.6,9.4,15.3,24.5,50,0.0,0.0,0.0,0.0,2.24,6.0
2002-04-19,19.8,26.1,14.3,19.6,26.8,55,0.0,0.0,0.0,0.0,1.94,5.9
2002-04-20,22.0,31.3,14.0,22.3,31.6,56,0.0,0.0,0.0,0.0,2.91,6.5
2002-04-21,24.0,33.3,16.3,24.7,33.9,55,0.0,0.0,0.0,0.0,3.22,7.2
2002-04-22,23.7,27.9,19.1,22.7,26.4,48,0.0,0.0,0.0,0.0,4.2,12.9
2002-04-23,19.4,22.6,16.5,16.3,20.4,35,0.6,0.6,0.0,4.0,3.98,9.2
2002-04-24,15.5,16.9,12.6,12.1,14.3,41,0.0,0.0,0.0,0.0,4.77,10.6
2002-04-25,13.0,14.9,11.7,10.0,11.9,51,0.0,0.0,0.0,0.0,3.54,8.9
2002-04-26,13.3,15.7,11.5,10.9,13.0,55,0.0,0.0,0.0,0.0,2.94,8.0
2002-04-27,13.0,15.5,11.0,10.8,13.1,62,1.7,1.7,0.0,9.0,3.54,8.3
2002-04-28,10.8,11.4,10.1,10.0,11.3,89,6.2,6.2,0.0,16.0,2.44,6.0
2002-04-29,16.3,23.7,8.6,16.2,24.0,70,0.0,0.0,0.0,0.0,1.8,6.8
2002-04-30,19.4,24.3,13.9,18.5,22.9,61,0.0,0.0,0.0,0.0,4.27,9.9
2002-05-01,15.9,19.3,12.8,15.2,18.1,79,12.2,12.2,0.0,15.0,3.16,8.5
2002-05-02,16.4,22.1,12.2,16.7,22.6,76,0.2,0.2,0.0,2.0,1.86,6.7
2002-05-03,18.5,24.0,13.4,19.0,24.7,71,0.0,0.0,0.0,0.0,1.9,5.0
2002-05-04,17.9,21.6,15.0,17.9,20.8,76,2.3,2.3,0.0,7.0,3.61,8.8
2002-05-05,15.0,16.2,13.7,15.3,16.6,95,22.0,22.0,0.0,22.0,2.52,5.9
2002-05-06,16.1,20.1,13.5,16.2,19.9,81,4.7,4.7,0.0,5.0,2.44,5.3
2002-05-07,19.3,26.1,14.2,19.8,26.7,68,0.0,0.0,0.0,0.0,2.75,7.3
2002-05-08,20.6,25.2,16.4,21.4,26.4,70,0.3,0.3,0.0,2.0,2.15,6.0
2002-05-09,20.1,23.6,17.7,21.3,24.7,75,4.1,4.1,0.0,8.0,2.5,6.4
2002-05-10,20.8,26.3,16.2,22.5,28.4,74,0.0,0.0,0.0,0.0,0.76,4.6
2002-05-11,23.9,32.9,16.3,25.6,35.0,63,0.0,0.0,0.0,0.0,2.44,5.6
2002-05-12,24.4,29.6,20.8,26.0,31.3,62,0.3,0.3,0.0,2.0,2.11,5.7
2002-05-13,20.1,21.4,18.1,21.9,23.1,81,4.9,4.9,0.0,15.0,1.43,6.2
2002-05-14,19.4,22.4,16.5,20.8,24.1,80,7.0,7.0,0.0,14.0,2.21,8.6
2002-05-15,20.2,25.6,14.8,21.4,28.7,72,0.0,0.0,0.0,0.0,2.32,7.2
2002-05-16,21.3,27.5,16.6,21.8,28.2,60,0.0,0.0,0.0,0.0,3.12,7.7
2002-05-17,21.8,29.0,15.1,22.0,28.1,59,0.0,0.0,0.0,0.0,3.29,8.1
2002-05-18,20.0,21.7,16.9,19.7,21.2,63,1.1,1.1,0.0,4.0,2.7,7.8
2002-05-19,19.9,24.2,14.7,20.1,24.3,62,0.0,0.0,0.0,0.0,1.9,6.5
2002-05-20,17.4,19.6,16.3,18.8,20.1,88,6.8,6.8,0.0,17.0,1.33,3.8
2002-05-21,18.5,23.0,16.2,19.4,23.7,80,2.8,2.8,0.0,13.0,1.96,5.3
2002-05-22,19.1,22.5,15.0,19.6,22.8,74,0.0,0.0,0.0,0.0,2.71,6.4
2002-05-23,18.5,21.7,16.4,19.0,22.1,77,0.4,0.4,0.0,4.0,2.38,6.8
2002-05-24,21.2,26.8,15.7,21.6,26.9,64,0.0,0.0,0.0,0.0,2.75,7.9
2002-05-25,23.1,29.9,16.4,22.6,30.0,49,0.0,0.0,0.0,0.0,4.03,9.8
2002-05-26,23.7,30.5,17.2,22.8,30.0,42,0.0,0.0,0.0,0.0,3.86,9.3
2002-05-27,25.4,33.8,17.2,25.3,34.5,41,0.0,0.0,0.0,0.0,2.2,6.6
2002-05-28,24.0,28.7,17.8,25.1,30.3,58,0.0,0.0,0.0,0.0,1.93,7.5
2002-05-29,24.8,32.4,18.3,26.0,33.1,57,0.0,0.0,0.0,0.0,2.26,6.2
2002-05-30,28.1,36.6,19.8,28.2,36.7,40,0.0,0.0,0.0,0.0,3.08,7.2
2002-05-31,28.9,37.0,20.3,30.6,39.5,46,0.0,0.0,0.0,0.0,2.05,7.1
2002-06-01,29.2,36.5,22.1,30.8,38.7,46,0.0,0.0,0.0,0.0,2.45,5.8
2002-06-02,29.5,36.3,23.2,31.2,40.1,47,0.2,0.2,0.0,1.0,2.82,8.4
2002-06-03,29.4,37.1,22.5,31.1,38.9,46,0.0,0.0,0.0,0.0,2.06,7.0
2002-06-04,29.9,37.0,22.4,31.7,39.8,46,0.0,0.0,0.0,0.0,2.6,6.5
2002-06-05,30.6,37.7,23.9,33.0,40.3,49,0.0,0.0,0.0,0.0,3.07,7.3
2002-06-06,31.3,38.1,24.2,33.6,40.8,47,0.0,0.0,0.0,0.0,2.91,7.6
2002-06-07,30.7,36.5,26.5,33.0,38.9,52,0.7,0.7,0.0,1.0,3.68,9.7
2002-06-08,28.4,31.9,24.1,31.8,34.3,70,18.1,18.1,0.0,19.0,4.69,10.4
2002-06-09,22.7,26.1,20.2,24.6,28.4,81,33.7,33.7,0.0,15.0,6.24,15.3
2002-06-10,26.3,32.3,20.8,27.0,32.3,52,0.0,0.0,0.0,0.0,4.81,11.7
2002-06-11,26.6,32.5,20.6,27.5,34.0,45,0.0,0.0,0.0,0.0,3.09,6.8
2002-06-12,28.0,35.5,20.0,29.1,37.8,43,0.0,0.0,0.0,0.0,1.65,6.2
2002-06-13,29.0,36.3,21.5,31.1,39.1,48,0.0,0.0,0.0,0.0,2.32,6.7
2002-06-14,30.6,38.1,23.4,33.2,40.7,48,0.0,0.0,0.0,0.0,1.92,5.8
2002-06-15,30.7,37.4,25.8,33.5,40.0,50,0.0,0.0,0.0,0.0,3.7,8.4
2002-06-16,30.6,36.6,24.5,33.2,39.4,50,0.0,0.0,0.0,0.0,2.94,7.1
2002-06-17,29.8,34.8,25.0,31.7,36.2,51,0.9,0.9,0.0,3.0,3.66,8.9
2002-06-18,26.6,31.2,23.6,30.6,35.1,74,18.1,18.1,0.0,13.0,2.28,7.8
2002-06-19,29.5,35.0,23.9,33.5,39.5,61,0.0,0.0,0.0,0.0,1.78,5.9
2002-06-20,30.8,35.3,26.0,35.3,40.1,61,0.0,0.0,0.0,0.0,2.72,7.7
2002-06-21,27.6,31.9,22.3,30.7,35.9,69,11.9,11.9,0.0,18.0,6.32,14.5
2002-06-22,23.6,25.4,22.4,25.1,28.0,69,2.7,2.7,0.0,7.0,3.13,8.5
2002-06-23,22.4,25.7,20.2,25.1,28.4,82,7.0,7.0,0.0,16.0,2.46,5.6
2002-06-24,26.5,34.5,19.3,30.0,38.8,67,0.0,0.0,0.0,0.0,2.68,5.7
2002-06-25,29.1,36.4,22.8,33.1,40.2,63,0.0,0.0,0.0,0.0,2.33,7.2
2002-06-26,27.9,31.6,24.3,31.0,33.9,68,2.2,2.2,0.0,10.0,4.11,9.4
2002-06-27,25.9,29.8,22.3,29.4,33.2,76,23.1,23.1,0.0,12.0,2.84,7.8
2002-06-28,27.8,33.3,23.1,32.3,38.4,70,0.0,0.0,0.0,0.0,2.27,7.0
2002-06-29,29.3,36.1,23.3,33.9,41.4,64,0.0,0.0,0.0,0.0,1.48,4.9
2002-06-30,30.1,36.4,24.6,33.7,40.4,58,0.0,0.0,0.0,0.0,1.9,6.2
2002-07-01,31.1,38.1,24.5,34.9,42.0,57,0.0,0.0,0.0,0.0,3.14,7.9
2002-07-02,30.5,35.6,26.5,34.2,40.4,58,0.2,0.2,0.0,1.0,3.04,8.4
2002-07-03,30.5,35.5,26.0,33.4,39.2,53,0.0,0.0,0.0,0.0,2.77,7.9
2002-07-04,29.7,34.4,26.0,33.1,38.0,58,0.7,0.7,0.0,2.0,3.05,8.3
2002-07-05,28.0,31.7,24.9,31.9,36.9,69,7.9,7.9,0.0,14.0,2.92,7.8
2002-07-06,28.4,34.4,24.3,33.0,38.5,69,3.6,3.6,0.0,9.0,2.0,6.9
2002-07-07,30.0,36.7,23.4,33.4,39.8,58,0.0,0.0,0.0,0.0,2.5,6.4
2002-07-08,31.1,38.2,23.6,33.7,40.9,48,0.0,0.0,0.0,0.0,2.66,6.3
2002-07-09,31.9,38.7,25.2,34.9,41.4,48,0.0,0.0,0.0,0.0,2.51,5.7
2002-07-10,33.1,40.2,26.6,37.1,43.8,50,0.0,0.0,0.0,0.0,1.82,6.0
2002-07-11,34.0,40.5,28.0,37.7,45.4,46,0.0,0.0,0.0,0.0,1.99,5.9
2002-07-12,35.1,42.6,28.2,38.1,45.4,41,0.0,0.0,0.0,0.0,2.64,6.8
2002-07-13,35.2,41.8,29.1,38.0,44.5,39,0.0,0.0,0.0,0.0,2.11,7.1
2002-07-14,34.7,39.8,31.0,36.1,42.2,31,0.0,0.0,0.0,0.0,2.38,6.3
2002-07-15,33.2,38.5,30.4,35.8,40.7,42,0.0,0.0,0.0,0.0,2.06,6.7
2002-07-16,29.8,32.7,25.8,33.4,35.2,61,1.5,1.5,0.0,7.0,3.05,7.9
2002-07-17,31.5,38.8,25.0,34.9,41.3,55,0.0,0.0,0.0,0.0,2.75,7.7
2002-07-18,34.1,40.4,27.5,34.7,40.6,32,0.0,0.0,0.0,0.0,3.62,9.7
2002-07-19,33.7,40.2,26.5,33.3,39.5,24,0.0,0.0,0.0,0.0,3.24,9.9
2002-07-20,32.1,39.6,24.5,32.8,41.0,31,0.0,0.0,0.0,0.0,2.14,6.3
2002-07-21,27.2,30.0,25.2,29.6,31.1,62,4.0,4.0,0.0,7.0,3.58,7.4
2002-07-22,27.4,32.3,23.9,30.8,35.3,66,0.0,0.0,0.0,0.0,1.97,7.0
2002-07-23,28.7,34.4,24.6,31.8,37.7,60,0.0,0.0,0.0,0.0,3.4,7.9
2002-07-24,27.9,32.9,24.2,30.6,35.8,58,0.0,0.0,0.0,0.0,1.89,7.0
2002-07-25,27.8,35.3,23.7,29.6,37.4,53,2.3,2.3,0.0,4.0,4.18,9.4
2002-07-26,24.6,28.1,21.9,27.1,30.7,69,8.7,8.7,0.0,12.0,2.95,9.5
2002-07-27,24.9,29.6,20.9,27.6,32.0,69,0.0,0.0,0.0,0.0,1.53,6.9
2002-07-28,27.6,34.1,21.6,30.7,37.3,60,0.0,0.0,0.0,0.0,1.34,6.6
2002-07-29,30.0,37.1,23.6,33.3,40.8,56,0.0,0.0,0.0,0.0,2.27,6.3
2002-07-30,32.3,38.4,26.7,35.8,43.0,54,0.0,0.0,0.0,0.0,3.48,7.8
2002-07-31,33.4,38.8,28.6,37.1,43.2,51,0.2,0.2,0.0,1.0,3.41,8.7
2002-08-01,33.7,39.9,29.3,37.8,45.2,51,0.8,0.8,0.0,1.0,2.55,7.6
2002-08-02,33.4,39.3,28.1,37.6,44.0,52,0.1,0.1,0.0,1.0,2.16,6.6
2002-08-03,34.0,39.8,29.3,38.0,43.9,50,0.0,0.0,0.0,0.0,3.34,8.9
2002-08-04,35.0,41.4,29.7,39.0,45.3,46,0.0,0.0,0.0,0.0,2.36,6.0
2002-08-05,32.8,40.8,27.0,37.5,44.7,57,5.9,5.9,0.0,5.0,5.1,11.1
2002-08-06,27.2,30.2,25.6,31.6,33.7,78,20.6,20.6,0.0,15.0,2.92,10.6
2002-08-07,26.9,28.6,25.2,30.2,31.7,66,0.1,0.1,0.0,1.0,2.11,5.0
2002-08-08,21.6,25.2,20.3,24.8,28.3,91,22.9,22.9,0.0,22.0,2.0,5.1
2002-08-09,23.8,29.2,19.8,26.7,32.3,74,0.0,0.0,0.0,0.0,1.52,5.5
2002-08-10,25.3,32.0,19.8,27.1,34.3,60,0.0,0.0,0.0,0.0,2.56,6.8
2002-08-11,25.5,30.1,21.0,27.3,32.5,61,0.0,0.0,0.0,0.0,2.31,7.3
2002-08-12,25.0,27.7,22.0,26.7,28.7,63,0.0,0.0,0.0,0.0,2.78,9.1
2002-08-13,24.8,28.3,22.2,27.5,31.2,68,3.2,3.2,0.0,12.0,1.36,4.9
2002-08-14,25.6,29.8,21.9,28.6,32.8,69,2.0,2.0,0.0,8.0,1.7,6.2
2002-08-15,24.7,28.9,21.8,27.4,31.8,69,1.7,1.7,0.0,3.0,1.75,6.6
2002-08-16,22.5,26.1,20.3,25.6,29.4,83,11.0,11.0,0.0,22.0,1.14,6.2
2002-08-17,22.2,26.2,19.5,25.2,30.7,83,10.8,10.8,0.0,13.0,1.75,7.1
2002-08-18,24.0,29.4,19.8,26.6,33.6,71,0.0,0.0,0.0,0.0,1.77,5.8
2002-08-19,24.4,30.0,18.6,27.0,32.5,71,0.0,0.0,0.0,0.0,1.91,7.1
2002-08-20,23.2,24.7,22.0,26.6,27.3,87,11.9,11.9,0.0,18.0,2.34,5.4
2002-08-21,25.3,30.1,22.0,29.8,35.4,83,0.4,0.4,0.0,2.0,1.79,6.4
2002-08-22,27.3,33.4,22.7,32.5,39.1,78,0.0,0.0,0.0,0.0,1.6,7.0
2002-08-23,28.9,34.5,24.0,33.8,40.1,69,0.0,0.0,0.0,0.0,2.11,5.7
2002-08-24,29.3,35.3,24.7,34.2,40.8,68,0.5,0.5,0.0,1.0,2.25,7.7
2002-08-25,26.9,30.2,23.7,31.4,34.9,77,17.2,17.2,0.0,16.0,3.83,9.3
2002-08-26,27.3,34.5,21.1,30.1,37.8,60,0.0,0.0,0.0,0.0,2.21,5.9
2002-08-27,28.2,36.4,20.5,31.2,39.9,59,0.0,0.0,0.0,0.0,2.55,5.4
2002-08-28,29.3,36.4,23.3,32.9,41.3,60,0.0,0.0,0.0,0.0,2.06,6.1
2002-08-29,29.3,36.5,22.9,33.1,40.6,60,0.0,0.0,0.0,0.0,1.92,5.9
2002-08-30,30.5,37.6,23.8,34.1,42.9,57,0.0,0.0,0.0,0.0,2.42,6.0
2002-08-31,31.3,39.0,24.2,34.5,42.1,52,0.0,0.0,0.0,0.0,2.34,5.6
2002-09-01,31.7,39.1,24.9,34.9,42.8,49,0.0,0.0,0.0,0.0,1.7,6.4
2002-09-02,31.7,40.0,25.4,34.6,42.2,48,0.0,0.0,0.0,0.0,1.57,5.4
2002-09-03,30.8,35.9,26.5,33.3,39.5,50,0.0,0.0,0.0,0.0,4.04,9.5
2002-09-04,30.6,35.6,26.8,32.8,38.3,51,0.0,0.0,0.0,0.0,3.35,8.0
2002-09-05,28.3,31.5,25.4,29.4,32.3,55,0.0,0.0,0.0,0.0,4.88,11.6
2002-09-06,26.2,30.9,23.1,26.4,32.0,54,0.0,0.0,0.0,0.0,4.72,11.0
2002-09-07,26.5,33.0,21.9,27.6,33.4,53,0.0,0.0,0.0,0.0,2.77,7.7
2002-09-08,26.7,34.3,21.0,27.9,35.1,50,0.0,0.0,0.0,0.0,1.99,7.0
2002-09-09,25.2,31.0,20.3,25.8,30.7,49,1.5,1.5,0.0,4.0,3.36,7.1
2002-09-10,22.5,24.3,20.1,25.9,28.1,86,19.3,19.3,0.0,17.0,1.35,4.9
2002-09-11,24.5,28.4,22.2,28.5,32.8,81,1.3,1.3,0.0,6.0,1.52,5.8
2002-09-12,20.5,23.7,16.6,23.0,27.2,91,8.9,8.9,0.0,20.0,2.77,8.2
2002-09-13,15.6,16.6,14.5,16.3,17.5,94,19.6,19.6,0.0,24.0,2.22,5.6
2002-09-14,15.8,16.9,14.9,16.8,17.9,92,13.2,13.2,0.0,23.0,1.36,4.5
2002-09-15,17.3,23.7,12.4,18.3,24.8,82,0.0,0.0,0.0,0.0,2.2,5.8
2002-09-16,20.2,27.4,13.9,21.8,29.1,76,0.0,0.0,0.0,0.0,2.84,7.0
2002-09-17,23.1,27.8,19.5,24.4,28.4,66,0.0,0.0,0.0,0.0,2.01,6.2
2002-09-18,23.3,28.6,17.8,24.6,29.7,64,0.0,0.0,0.0,0.0,2.73,6.7
2002-09-19,21.0,22.7,18.9,23.1,24.9,80,7.8,7.8,0.0,9.0,2.11,5.2
2002-09-20,17.5,19.1,16.5,19.3,21.5,97,28.5,28.5,0.0,24.0,2.37,5.3
2002-09-21,18.8,22.2,16.8,19.4,22.1,76,0.8,0.8,0.0,5.0,2.69,6.3
2002-09-22,18.5,24.9,13.0,18.7,26.0,65,0.0,0.0,0.0,0.0,1.92,6.3
2002-09-23,18.1,25.7,11.6,18.5,26.7,69,0.0,0.0,0.0,0.0,1.4,6.3
2002-09-24,19.9,27.9,14.0,20.7,28.8,68,0.0,0.0,0.0,0.0,1.94,5.4
2002-09-25,20.7,28.6,13.9,21.5,29.9,66,0.0,0.0,0.0,0.0,2.06,6.2
2002-09-26,19.7,22.1,17.3,20.9,23.5,78,1.3,1.3,0.0,4.0,2.16,6.2
2002-09-27,20.3,26.2,15.4,19.7,25.8,56,0.0,0.0,0.0,0.0,2.94,8.0
2002-09-28,18.7,26.1,13.6,18.0,26.3,51,0.0,0.0,0.0,0.0,2.27,5.2
2002-09-29,18.7,26.4,12.0,18.3,26.3,56,0.0,0.0,0.0,0.0,2.0,6.3
2002-09-30,19.9,26.5,13.6,20.0,26.8,63,0.0,0.0,0.0,0.0,2.48,6.8
2002-10-01,21.3,28.9,15.9,20.4,28.3,46,0.0,0.0,0.0,0.0,2.6,6.0
2002-10-02,21.6,30.7,13.6,21.8,31.9,58,0.0,0.0,0.0,0.0,1.92,6.8
2002-10-03,22.5,29.6,16.4,22.6,29.9,57,0.0,0.0,0.0,0.0,3.66,7.8
2002-10-04,22.6,28.3,16.3,22.7,29.8,52,0.0,0.0,0.0,0.0,2.06,6.8
2002-10-05,21.4,28.5,16.0,19.5,25.0,39,0.0,0.0,0.0,0.0,4.34,10.7
2002-10-06,16.5,22.5,11.2,13.6,19.0,28,0.0,0.0,0.0,0.0,2.22,7.1
2002-10-07,16.4,25.5,9.9,14.1,23.3,36,0.0,0.0,0.0,0.0,2.4,6.1
2002-10-08,18.0,28.1,9.9,16.5,26.6,47,0.0,0.0,0.0,0.0,2.28,6.0
2002-10-09,19.1,25.9,13.8,18.4,24.3,58,0.2,0.2,0.0,2.0,2.33,6.0
2002-10-10,20.0,24.4,15.4,20.6,24.5,67,0.0,0.0,0.0,0.0,1.55,5.6
2002-10-11,20.4,25.6,15.4,21.1,27.5,66,0.0,0.0,0.0,0.0,2.02,5.4
2002-10-12,20.0,26.1,15.1,20.1,26.8,61,1.0,1.0,0.0,3.0,2.18,7.3
2002-10-13,18.1,23.5,12.7,16.9,21.7,51,0.1,0.1,0.0,1.0,2.24,7.9
2002-10-14,19.2,27.7,11.8,19.3,28.2,61,0.0,0.0,0.0,0.0,1.22,6.8
2002-10-15,20.7,29.7,13.8,20.6,30.3,59,0.0,0.0,0.0,0.0,2.58,6.0
2002-10-16,22.6,30.6,15.8,23.0,31.5,58,0.0,0.0,0.0,0.0,2.36,5.9
2002-10-17,22.9,28.5,18.6,24.0,29.8,63,0.0,0.0,0.0,0.0,1.94,6.5
2002-10-18,19.0,25.0,13.0,19.3,26.0,74,8.1,8.1,0.0,10.0,5.09,10.8
2002-10-19,11.8,13.1,10.7,11.0,13.4,92,37.7,37.7,0.0,24.0,2.83,6.4
2002-10-20,12.3,14.3,10.5,11.6,14.0,85,1.7,1.7,0.0,8.0,2.34,4.5
2002-10-21,12.8,16.0,9.8,11.4,13.1,80,4.1,4.1,0.0,6.0,4.53,9.6
2002-10-22,9.5,11.6,7.9,7.8,9.7,82,5.7,5.7,0.0,7.0,2.38,6.0
2002-10-23,12.6,19.9,6.3,10.9,19.2,64,0.0,0.0,0.0,0.0,2.52,6.3
2002-10-24,12.9,19.7,7.6,11.9,19.4,74,0.0,0.0,0.0,0.0,1.71,7.1
2002-10-25,12.8,16.4,8.4,11.3,14.4,70,0.0,0.0,0.0,0.0,2.88,7.6
2002-10-26,11.8,18.9,5.6,10.3,18.0,69,0.0,0.0,0.0,0.0,2.02,5.9
2002-10-27,13.1,20.5,6.8,12.5,20.9,76,0.0,0.0,0.0,0.0,1.84,5.6
2002-10-28,12.7,16.3,9.6,11.2,14.8,75,0.0,0.0,0.0,0.0,2.97,7.3
2002-10-29,12.6,17.3,9.6,11.0,15.8,70,0.0,0.0,0.0,0.0,2.87,6.9
2002-10-30,13.4,16.2,11.2,12.5,15.3,75,0.2,0.2,0.0,1.0,1.97,6.2
2002-10-31,13.3,15.4,12.2,12.4,14.2,78,7.8,7.8,0.0,12.0,2.5,6.7
2002-11-01,10.1,12.7,7.2,7.8,11.2,67,2.0,2.0,0.0,5.0,2.86,6.6
2002-11-02,10.1,16.6,4.4,7.5,13.6,56,0.0,0.0,0.0,0.0,2.92,7.9
2002-11-03,10.1,16.9,4.1,6.6,13.7,44,0.0,0.0,0.0,0.0,3.81,8.6
2002-11-04,10.0,19.6,2.1,7.6,18.0,59,0.0,0.0,0.0,0.0,1.7,5.4
2002-11-05,11.8,20.3,4.9,10.5,19.5,71,0.0,0.0,0.0,0.0,1.46,5.2
2002-11-06,13.2,20.6,7.7,12.0,19.8,70,0.0,0.0,0.0,0.0,2.2,6.4
2002-11-07,12.4,19.0,7.5,10.6,17.2,59,0.0,0.0,0.0,0.0,1.77,5.4
2002-11-08,11.9,18.4,6.5,9.6,16.1,54,0.0,0.0,0.0,0.0,2.55,6.1
2002-11-09,10.0,14.0,7.2,8.3,12.8,67,1.6,1.6,0.0,5.0,1.2,5.4
2002-11-10,11.4,18.4,5.0,9.9,17.5,73,0.0,0.0,0.0,0.0,2.47,5.5
2002-11-11,12.8,19.5,7.5,11.1,17.8,59,0.0,0.0,0.0,0.0,1.41,5.0
2002-11-12,11.8,18.3,6.7,9.8,15.9,59,0.0,0.0,0.0,0.0,1.79,6.7
2002-11-13,11.2,15.5,7.0,9.3,13.4,62,0.0,0.0,0.0,0.0,2.06,5.6
2002-11-14,10.7,13.1,8.9,9.0,11.3,64,0.0,0.0,0.0,0.0,1.72,3.4
2002-11-15,11.1,17.0,6.8,9.1,14.7,62,0.0,0.0,0.0,0.0,2.15,6.0
2002-11-16,12.7,20.4,5.6,9.7,16.6,49,0.0,0.0,0.0,0.0,4.22,10.0
2002-11-17,10.8,13.0,7.0,7.2,9.3,37,0.0,0.0,0.0,0.0,3.16,7.9
2002-11-18,6.9,10.2,4.2,3.9,6.9,69,1.2,1.2,0.0,9.0,3.4,7.9
2002-11-19,4.0,5.7,2.8,1.4,3.8,84,2.6,2.3,0.21,13.0,2.24,4.7
2002-11-20,7.9,12.1,4.2,5.8,9.7,72,0.1,0.1,0.0,1.0,1.79,4.8
2002-11-21,8.0,15.6,3.6,5.8,13.7,70,0.0,0.0,0.0,0.0,1.5,5.5
2002-11-22,7.5,11.6,3.7,5.6,9.9,78,0.0,0.0,0.0,0.0,1.36,5.2
2002-11-23,7.1,10.3,4.7,5.1,8.4,81,0.0,0.0,0.0,0.0,2.27,5.7
2002-11-24,8.0,13.9,4.1,5.1,10.9,63,0.0,0.0,0.0,0.0,2.28,7.3
2002-11-25,7.1,14.2,2.3,4.0,11.3,50,0.0,0.0,0.0,0.0,2.24,5.2
2002-11-26,5.9,12.0,0.5,2.9,8.5,54,0.0,0.0,0.0,0.0,2.31,6.3
2002-11-27,7.4,14.5,1.5,5.1,12.3,69,0.0,0.0,0.0,0.0,1.99,4.9
2002-11-28,8.2,14.3,2.2,6.2,12.1,74,0.0,0.0,0.0,0.0,1.63,5.4
2002-11-29,8.5,12.4,5.6,6.4,10.2,66,0.0,0.0,0.0,0.0,1.93,4.7
2002-11-30,7.2,14.2,0.9,4.5,10.9,62,0.0,0.0,0.0,0.0,2.1,5.5
2002-12-01,8.0,13.3,3.1,5.9,11.2,67,0.0,0.0,0.0,0.0,1.2,4.5
2002-12-02,7.3,8.5,5.6,5.5,6.9,77,1.4,1.4,0.0,7.0,1.2,3.8
2002-12-03,7.4,12.7,2.7,5.3,10.4,78,0.0,0.0,0.0,0.0,2.64,6.2
2002-12-04,8.3,10.1,5.9,5.6,7.0,62,0.0,0.0,0.0,0.0,3.31,9.2
2002-12-05,6.3,8.8,3.0,3.2,6.1,64,5.3,5.2,0.07,10.0,2.95,5.8
2002-12-06,2.1,2.8,1.6,-0.7,-0.0,88,5.6,1.5,2.87,22.0,2.33,5.8
2002-12-07,2.0,3.1,-0.2,-1.2,0.5,82,4.7,1.3,2.45,19.0,3.01,7.3
2002-12-08,-0.6,5.9,-6.2,-4.0,2.8,66,0.0,0.0,0.0,0.0,2.33,4.5
2002-12-09,-0.9,5.4,-5.0,-4.2,1.7,69,0.0,0.0,0.0,0.0,1.98,4.9
2002-12-10,0.5,6.0,-4.0,-2.4,3.4,78,0.0,0.0,0.0,0.0,1.52,4.4
2002-12-11,2.4,8.4,-1.6,-0.3,5.6,74,0.0,0.0,0.0,0.0,1.97,4.1
2002-12-12,2.7,8.6,-1.9,-0.5,5.0,65,0.0,0.0,0.0,0.0,2.64,6.0
2002-12-13,3.0,7.6,-0.5,0.2,4.4,76,0.0,0.0,0.0,0.0,2.19,5.5
2002-12-14,3.8,8.9,0.3,1.4,6.6,80,0.0,0.0,0.0,0.0,1.58,5.2
2002-12-15,3.3,8.8,-1.5,0.6,5.8,78,0.0,0.0,0.0,0.0,2.21,7.2
2002-12-16,2.7,7.2,-1.5,-0.0,4.3,76,0.8,0.8,0.0,3.0,2.51,5.6
2002-12-17,5.4,8.6,2.0,3.2,6.3,76,0.0,0.0,0.0,0.0,1.26,4.5
2002-12-18,6.2,11.0,2.3,3.8,8.4,73,0.0,0.0,0.0,0.0,2.34,5.6
2002-12-19,5.3,8.4,2.5,2.1,4.7,72,0.0,0.0,0.0,0.0,3.27,8.2
2002-12-20,5.3,8.9,3.3,1.9,5.2,72,0.0,0.0,0.0,0.0,3.24,7.9
2002-12-21,4.0,5.5,2.8,1.0,2.4,81,2.5,2.0,0.56,9.0,2.5,5.8
2002-12-22,2.2,2.9,1.0,-0.5,0.2,96,7.9,2.9,3.57,23.0,2.34,5.1
2002-12-23,0.4,2.2,-2.4,-3.0,-0.8,74,0.0,0.0,0.0,0.0,2.43,5.9
2002-12-24,-1.5,-0.5,-3.8,-5.3,-3.8,68,1.3,0.0,1.26,9.0,2.47,6.0
2002-12-25,-4.9,-3.1,-6.8,-8.9,-6.7,49,0.0,0.0,0.0,0.0,1.56,5.8
2002-12-26,-5.2,-2.7,-7.8,-9.2,-6.7,50,0.0,0.0,0.0,0.0,1.56,5.3
2002-12-27,-3.9,-1.9,-5.9,-7.9,-5.9,54,0.0,0.0,0.0,0.0,1.72,5.4
2002-12-28,-1.1,1.6,-3.8,-4.5,-1.9,61,0.0,0.0,0.0,0.0,1.56,5.2
2002-12-29,-0.5,2.7,-3.6,-3.8,-0.9,63,0.0,0.0,0.0,0.0,1.35,4.9
2002-12-30,-0.4,4.2,-3.6,-3.7,0.6,67,0.0,0.0,0.0,0.0,1.58,5.5
2002-12-31,-1.0,2.7,-3.9,-4.4,-0.9,64,0.0,0.0,0.0,0.0,2.25,6.2
2003-01-01,-1.2,1.6,-4.1,-4.5,-2.0,70,1.9,0.0,1.54,6.0,1.7,5.3
2003-01-02,0.7,4.3,-2.9,-2.8,0.9,68,2.4,0.0,1.75,7.0,2.51,6.7
2003-01-03,-2.5,-0.2,-4.8,-6.6,-4.6,47,0.0,0.0,0.0,0.0,2.92,6.8
2003-01-04,-2.3,0.4,-5.1,-6.4,-4.4,48,0.0,0.0,0.0,0.0,2.78,8.4
2003-01-05,-3.1,0.2,-5.4,-6.8,-3.5,49,0.0,0.0,0.0,0.0,1.3,4.6
2003-01-06,-1.8,3.4,-5.8,-5.5,-0.7,55,0.0,0.0,0.0,0.0,1.92,6.2
2003-01-07,-1.9,2.3,-5.2,-5.6,-1.9,55,0.0,0.0,0.0,0.0,2.28,6.0
2003-01-08,-1.6,3.0,-6.0,-4.9,-0.0,67,0.0,0.0,0.0,0.0,1.32,5.0
2003-01-09,1.2,6.9,-3.3,-2.2,3.4,64,0.0,0.0,0.0,0.0,2.37,7.3
2003-01-10,2.3,9.7,-3.8,-1.2,6.2,57,0.0,0.0,0.0,0.0,2.63,7.1
2003-01-11,2.2,8.5,-2.6,-0.9,5.7,62,0.0,0.0,0.0,0.0,1.12,5.1
2003-01-12,2.6,12.0,-3.2,-0.8,8.8,62,0.0,0.0,0.0,0.0,2.24,6.8
2003-01-13,3.6,12.1,-2.2,0.3,8.7,55,0.0,0.0,0.0,0.0,1.92,6.1
2003-01-14,4.6,9.3,-0.2,1.6,5.9,56,0.0,0.0,0.0,0.0,1.86,4.9
2003-01-15,3.6,10.7,-1.9,0.7,7.9,67,0.0,0.0,0.0,0.0,1.77,5.2
2003-01-16,4.0,12.4,-1.7,1.3,10.2,71,0.0,0.0,0.0,0.0,1.88,5.2
2003-01-17,5.7,11.1,0.8,3.0,7.9,68,0.0,0.0,0.0,0.0,2.69,7.1
2003-01-18,7.0,14.1,2.0,4.0,10.9,61,0.0,0.0,0.0,0.0,2.85,8.1
2003-01-19,5.1,11.8,-1.0,2.4,9.4,66,0.0,0.0,0.0,0.0,1.9,5.4
2003-01-20,6.7,13.0,1.3,4.2,10.4,67,0.0,0.0,0.0,0.0,2.19,5.4
2003-01-21,4.3,6.9,2.1,1.1,2.9,71,1.8,1.8,0.0,5.0,4.34,9.6
2003-01-22,5.7,13.0,-0.3,2.1,9.9,49,0.0,0.0,0.0,0.0,3.61,8.4
2003-01-23,3.6,11.3,-2.3,0.5,8.1,60,0.0,0.0,0.0,0.0,2.02,5.4
2003-01-24,5.0,6.7,2.9,2.5,3.7,72,6.1,6.1,0.0,12.0,2.25,5.4
2003-01-25,4.0,5.0,3.0,1.7,2.9,91,5.2,5.1,0.07,17.0,1.73,5.0
2003-01-26,3.2,4.2,0.4,-0.5,1.5,71,2.7,0.6,1.47,8.0,5.22,12.3
2003-01-27,-0.4,5.6,-4.9,-4.2,2.1,47,0.0,0.0,0.0,0.0,2.62,5.8
2003-01-28,1.2,9.5,-4.0,-2.3,6.4,52,0.0,0.0,0.0,0.0,2.41,5.1
2003-01-29,1.5,7.9,-4.3,-1.9,4.4,57,0.0,0.0,0.0,0.0,2.25,5.7
2003-01-30,2.0,2.8,1.2,-0.8,0.2,79,4.4,1.4,2.31,14.0,1.81,5.2
2003-01-31,2.3,4.3,-0.4,-0.4,1.2,86,0.3,0.0,0.35,2.0,2.16,5.7
2003-02-01,3.2,7.4,0.1,0.6,4.4,75,0.0,0.0,0.0,0.0,1.91,5.7
2003-02-02,3.0,6.9,-0.8,0.5,4.4,79,0.0,0.0,0.0,0.0,1.5,5.0
2003-02-03,6.3,11.7,3.3,2.5,7.6,57,0.0,0.0,0.0,0.0,4.62,10.6
2003-02-04,3.6,8.9,-1.4,0.3,5.9,46,0.0,0.0,0.0,0.0,2.05,6.1
2003-02-05,2.1,9.3,-3.6,-1.4,4.9,52,0.0,0.0,0.0,0.0,2.97,7.7
2003-02-06,3.7,12.0,-2.9,0.7,8.9,61,0.0,0.0,0.0,0.0,1.84,5.4
2003-02-07,5.5,13.0,0.4,2.9,10.5,69,0.0,0.0,0.0,0.0,2.22,6.1
2003-02-08,7.4,15.8,1.0,4.9,13.2,69,0.0,0.0,0.0,0.0,3.04,7.2
2003-02-09,5.5,7.8,2.6,3.3,6.3,86,8.9,8.0,0.63,18.0,2.34,4.9
2003-02-10,2.0,3.1,1.2,-0.7,0.2,86,3.5,0.6,2.17,11.0,1.68,6.2
2003-02-11,3.1,6.4,0.5,0.1,2.6,68,0.6,0.0,0.49,3.0,2.48,7.2
2003-02-12,3.4,9.3,-2.3,0.6,6.6,67,0.0,0.0,0.0,0.0,2.33,6.1
2003-02-13,4.0,8.0,-0.6,1.2,5.2,71,0.0,0.0,0.0,0.0,2.3,5.6
2003-02-14,5.6,7.7,3.7,3.2,4.9,76,0.9,0.9,0.0,5.0,2.1,5.8
2003-02-15,5.8,7.7,4.2,3.7,5.6,79,0.0,0.0,0.0,0.0,1.58,4.3
2003-02-16,6.5,11.9,1.8,4.3,9.5,75,0.0,0.0,0.0,0.0,1.39,5.0
2003-02-17,7.2,13.0,2.7,5.1,10.7,76,0.0,0.0,0.0,0.0,1.84,5.3
2003-02-18,7.4,14.7,2.4,5.5,13.1,76,0.0,0.0,0.0,0.0,1.68,5.6
2003-02-19,10.1,19.1,1.9,7.5,16.0,64,0.0,0.0,0.0,0.0,4.34,11.3
2003-02-20,12.8,16.6,9.9,9.7,13.0,57,1.5,1.5,0.0,5.0,4.51,10.9
2003-02-21,9.2,12.0,7.0,7.5,10.0,81,4.0,4.0,0.0,16.0,2.42,6.8
2003-02-22,7.8,12.0,4.0,5.9,9.7,78,0.6,0.6,0.0,3.0,1.75,4.7
2003-02-23,10.2,16.1,5.7,8.9,15.4,73,0.0,0.0,0.0,0.0,2.16,5.2
2003-02-24,11.5,18.9,5.5,9.6,16.5,68,0.0,0.0,0.0,0.0,3.04,7.4
2003-02-25,10.7,12.4,8.3,9.4,10.9,78,1.7,1.7,0.0,4.0,2.27,5.7
2003-02-26,10.5,14.3,7.3,8.2,11.7,66,0.0,0.0,0.0,0.0,3.3,8.5
2003-02-27,9.5,12.5,7.0,6.3,9.3,61,0.1,0.1,0.0,1.0,3.42,8.5
2003-02-28,7.4,11.2,5.4,5.3,8.9,76,0.2,0.2,0.0,2.0,1.94,5.2
2003-03-01,8.5,14.0,3.5,6.7,12.0,76,0.0,0.0,0.0,0.0,2.47,6.8
2003-03-02,10.5,13.8,6.9,8.3,11.0,67,0.0,0.0,0.0,0.0,3.45,8.6
2003-03-03,8.5,12.6,5.8,5.1,8.3,54,0.4,0.4,0.0,2.0,4.16,10.1
2003-03-04,3.1,5.5,0.1,-1.5,1.2,62,1.0,0.0,0.91,7.0,4.42,10.3
2003-03-05,0.4,3.0,-1.2,-3.0,-0.0,75,3.4,0.0,2.59,12.0,2.68,6.0
2003-03-06,4.4,9.5,-0.2,0.9,5.7,60,0.0,0.0,0.0,0.0,3.31,8.6
2003-03-07,6.6,12.4,1.7,3.6,9.1,53,0.0,0.0,0.0,0.0,2.3,7.5
2003-03-08,8.2,13.8,1.6,5.2,10.7,50,0.0,0.0,0.0,0.0,3.06,7.6
2003-03-09,9.6,16.4,4.0,7.0,13.8,52,0.0,0.0,0.0,0.0,2.94,7.4
2003-03-10,12.0,18.8,5.5,9.4,17.1,52,0.1,0.1,0.0,1.0,3.35,9.9
2003-03-11,9.4,12.3,6.4,7.5,10.4,75,6.3,6.3,0.0,16.0,3.11,8.1
2003-03-12,8.8,12.3,5.8,6.4,9.5,71,0.2,0.2,0.0,2.0,3.89,9.1
2003-03-13,7.6,9.5,5.2,4.2,5.9,67,0.0,0.0,0.0,0.0,3.9,8.8
2003-03-14,5.0,7.4,3.2,2.3,4.6,87,6.7,6.3,0.28,15.0,2.72,6.1
2003-03-15,6.2,8.8,4.4,3.1,5.3,74,0.0,0.0,0.0,0.0,3.37,8.5
2003-03-16,5.7,8.1,4.0,3.5,6.3,80,0.1,0.1,0.0,1.0,1.61,5.4
2003-03-17,7.5,10.7,5.4,5.4,8.2,80,2.8,2.8,0.0,13.0,2.33,6.2
2003-03-18,7.8,10.5,5.3,5.7,8.3,72,0.2,0.2,0.0,2.0,1.8,5.7
2003-03-19,8.4,15.0,3.2,6.8,13.5,74,0.0,0.0,0.0,0.0,0.82,5.0
2003-03-20,11.3,19.1,4.0,9.1,18.7,60,0.0,0.0,0.0,0.0,3.12,6.8
2003-03-21,11.7,16.7,4.9,7.8,12.8,33,0.0,0.0,0.0,0.0,4.05,9.1
2003-03-22,10.4,13.9,7.8,8.2,11.6,66,2.1,2.1,0.0,9.0,2.28,6.3
2003-03-23,11.6,19.3,5.0,9.5,16.8,61,0.0,0.0,0.0,0.0,2.61,7.2
2003-03-24,13.2,21.3,6.3,11.3,18.8,54,0.0,0.0,0.0,0.0,2.58,6.9
2003-03-25,14.8,22.6,7.3,13.5,21.6,61,0.0,0.0,0.0,0.0,2.28,6.2
2003-03-26,16.9,21.7,13.0,16.1,21.1,60,0.1,0.1,0.0,1.0,3.26,9.0
2003-03-27,16.0,23.0,8.6,14.5,22.2,54,3.0,3.0,0.0,5.0,3.31,7.2
2003-03-28,17.9,26.2,9.8,17.2,25.2,57,0.0,0.0,0.0,0.0,2.02,5.5
2003-03-29,20.0,29.8,11.2,19.9,30.4,58,0.0,0.0,0.0,0.0,1.87,5.7
2003-03-30,22.5,30.7,14.5,23.0,31.2,56,0.0,0.0,0.0,0.0,2.24,6.6
2003-03-31,22.5,28.3,18.4,23.2,28.9,62,2.1,2.1,0.0,7.0,3.75,7.1
2003-04-01,13.5,19.0,11.6,12.9,18.3,88,23.8,23.8,0.0,24.0,3.7,8.1
2003-04-02,12.5,13.5,11.1,11.5,12.4,83,3.2,3.2,0.0,10.0,2.52,6.4
2003-04-03,11.9,14.6,9.4,10.8,14.0,74,0.0,0.0,0.0,0.0,1.81,4.9
2003-04-04,14.0,20.8,8.6,12.7,18.7,68,0.0,0.0,0.0,0.0,2.69,6.3
2003-04-05,13.8,18.9,10.2,12.3,17.1,66,0.1,0.1,0.0,1.0,2.42,6.2
2003-04-06,12.5,15.2,10.4,11.1,13.7,77,3.2,3.2,0.0,11.0,4.59,9.8
2003-04-07,14.5,21.6,6.8,13.1,21.0,59,0.0,0.0,0.0,0.0,2.05,6.5
2003-04-08,15.8,22.1,9.1,14.3,20.8,59,0.6,0.6,0.0,2.0,3.1,6.7
2003-04-09,18.4,25.0,11.9,16.7,22.9,58,0.0,0.0,0.0,0.0,5.95,13.3
2003-04-10,14.5,18.2,9.1,12.4,17.0,59,5.1,5.1,0.0,5.0,8.42,18.9
2003-04-11,14.4,21.5,8.0,13.0,20.1,59,0.0,0.0,0.0,0.0,1.46,6.0
2003-04-12,14.6,17.9,9.7,12.4,15.5,49,0.0,0.0,0.0,0.0,2.51,7.0
2003-04-13,14.9,19.1,10.8,11.8,16.1,42,0.0,0.0,0.0,0.0,3.36,8.5
2003-04-14,17.4,27.4,8.0,15.6,26.2,46,0.0,0.0,0.0,0.0,2.96,5.7
2003-04-15,20.9,30.9,11.2,19.7,29.6,48,0.0,0.0,0.0,0.0,3.61,8.3
2003-04-16,24.4,33.8,15.0,24.9,35.3,50,0.0,0.0,0.0,0.0,3.16,7.5
2003-04-17,23.8,27.5,20.5,23.9,28.0,53,2.9,2.9,0.0,5.0,4.08,12.3
2003-04-18,12.3,21.0,8.4,9.3,17.0,62,6.8,6.8,0.0,9.0,5.12,11.8
2003-04-19,13.3,21.3,7.1,12.3,20.8,75,0.0,0.0,0.0,0.0,3.18,7.6
2003-04-20,15.8,20.9,11.5,14.2,18.7,61,0.2,0.2,0.0,2.0,3.55,8.0
2003-04-21,15.7,18.1,11.9,13.5,15.5,64,1.0,1.0,0.0,5.0,4.43,12.1
2003-04-22,12.8,16.7,10.2,12.2,15.8,84,4.3,4.3,0.0,14.0,2.33,5.9
2003-04-23,15.5,20.9,11.1,14.8,19.4,70,0.0,0.0,0.0,0.0,2.02,5.4
2003-04-24,17.6,23.5,12.8,16.4,22.0,56,0.0,0.0,0.0,0.0,3.06,7.7
2003-04-25,18.4,25.5,11.4,18.0,25.1,62,0.0,0.0,0.0,0.0,2.38,6.6
2003-04-26,20.1,26.2,13.8,20.3,26.8,64,0.0,0.0,0.0,0.0,2.6,6.4
2003-04-27,22.0,29.7,15.1,22.3,30.6,57,0.0,0.0,0.0,0.0,2.58,6.3
2003-04-28,19.4,26.0,16.1,18.7,25.0,65,1.5,1.5,0.0,5.0,7.58,18.2
2003-04-29,20.1,25.7,16.3,18.1,22.9,48,0.3,0.3,0.0,1.0,5.02,12.7
2003-04-30,22.2,31.3,12.3,21.0,30.4,39,0.0,0.0,0.0,0.0,2.55,6.5
2003-05-01,23.5,32.2,14.2,22.2,31.3,42,0.0,0.0,0.0,0.0,3.59,8.4
2003-05-02,24.5,32.1,16.7,24.4,32.5,46,0.0,0.0,0.0,0.0,2.87,6.0
2003-05-03,25.9,32.6,20.0,27.1,34.7,54,0.2,0.2,0.0,1.0,3.34,8.8
2003-05-04,24.6,28.0,21.3,23.9,26.7,53,0.0,0.0,0.0,0.0,5.7,12.6
2003-05-05,22.9,26.3,19.5,23.0,25.9,64,1.5,1.5,0.0,5.0,4.59,10.8
2003-05-06,16.0,19.2,14.2,15.2,20.6,86,21.4,21.4,0.0,20.0,5.96,13.8
2003-05-07,18.2,21.7,14.5,16.6,19.6,59,0.0,0.0,0.0,0.0,4.69,11.8
2003-05-08,17.4,21.6,12.8,16.4,20.6,56,0.0,0.0,0.0,0.0,1.65,6.0
2003-05-09,17.6,23.0,13.2,17.5,23.2,66,0.1,0.1,0.0,1.0,1.96,5.3
2003-05-10,20.1,28.8,12.3,20.0,28.0,59,0.0,0.0,0.0,0.0,2.55,6.3
2003-05-11,22.6,30.4,15.7,22.8,32.2,57,0.0,0.0,0.0,0.0,3.41,7.9
2003-05-12,23.9,29.9,17.8,24.4,30.1,57,0.0,0.0,0.0,0.0,3.83,9.0
2003-05-13,23.1,27.7,19.9,24.1,29.4,63,4.7,4.7,0.0,6.0,3.31,6.1
2003-05-14,22.7,29.0,16.7,23.7,30.6,62,0.0,0.0,0.0,0.0,2.8,7.0
2003-05-15,20.4,21.7,18.9,22.4,24.7,82,17.5,17.5,0.0,14.0,1.5,6.1
2003-05-16,20.6,24.0,18.2,22.3,25.8,77,0.3,0.3,0.0,1.0,1.77,5.5
2003-05-17,20.8,24.0,18.6,22.4,25.6,75,0.0,0.0,0.0,0.0,2.02,6.5
2003-05-18,22.0,28.1,17.2,22.4,28.5,60,0.0,0.0,0.0,0.0,2.62,7.5
2003-05-19,22.3,29.1,16.3,21.3,27.3,41,0.0,0.0,0.0,0.0,2.48,6.3
2003-05-20,20.5,25.2,15.2,20.3,25.1,55,0.1,0.1,0.0,1.0,1.28,5.7
2003-05-21,21.1,26.1,18.0,22.4,27.5,69,2.6,2.6,0.0,12.0,1.4,4.9
2003-05-22,23.2,30.2,16.5,24.3,31.6,61,0.0,0.0,0.0,0.0,2.41,4.9
2003-05-23,22.9,26.3,19.6,23.8,27.2,64,0.6,0.6,0.0,4.0,3.2,7.8
2003-05-24,24.2,32.9,15.2,25.2,34.3,55,0.0,0.0,0.0,0.0,2.56,6.2
2003-05-25,26.6,32.9,20.0,27.0,34.2,51,0.0,0.0,0.0,0.0,4.08,9.6
2003-05-26,24.3,25.6,22.3,24.6,26.0,57,0.7,0.7,0.0,4.0,3.71,8.5
2003-05-27,22.1,23.8,19.5,22.4,24.9,58,0.0,0.0,0.0,0.0,2.95,7.5
2003-05-28,24.8,32.8,18.2,25.5,33.7,49,0.0,0.0,0.0,0.0,1.81,5.8
2003-05-29,27.2,35.6,17.9,26.5,35.1,34,0.0,0.0,0.0,0.0,3.26,7.1
2003-05-30,28.0,35.1,20.4,26.9,34.3,34,0.0,0.0,0.0,0.0,4.56,10.2
2003-05-31,27.9,33.7,23.6,28.5,34.8,41,0.0,0.0,0.0,0.0,2.11,6.1
2003-06-01,26.8,34.9,20.6,28.3,36.3,52,0.3,0.3,0.0,2.0,3.01,6.9
2003-06-02,27.2,33.3,22.2,28.2,34.3,52,0.3,0.3,0.0,1.0,4.93,11.6
2003-06-03,24.6,28.5,21.4,25.7,29.5,56,0.1,0.1,0.0,1.0,3.2,8.1
2003-06-04,23.8,28.0,20.5,25.1,28.9,60,0.0,0.0,0.0,0.0,1.84,5.2
2003-06-05,26.8,34.7,19.2,28.3,36.6,50,0.0,0.0,0.0,0.0,1.82,6.5
2003-06-06,28.0,35.4,20.7,29.5,37.2,48,0.0,0.0,0.0,0.0,2.9,6.8
2003-06-07,28.9,34.6,22.3,30.8,36.8,50,0.0,0.0,0.0,0.0,3.16,8.0
2003-06-08,29.7,35.3,23.4,30.8,37.4,42,0.0,0.0,0.0,0.0,2.92,7.8
2003-06-09,26.6,32.0,23.2,28.3,34.2,55,1.2,1.2,0.0,5.0,3.21,8.4
2003-06-10,23.3,25.5,20.6,23.2,26.0,53,0.0,0.0,0.0,0.0,3.99,9.0
2003-06-11,25.2,32.3,16.6,24.1,31.8,36,0.0,0.0,0.0,0.0,3.63,9.4
2003-06-12,25.4,32.0,17.2,24.5,31.9,35,0.0,0.0,0.0,0.0,2.82,8.9
2003-06-13,26.8,33.4,20.1,25.6,30.8,29,0.0,0.0,0.0,0.0,3.36,8.8
2003-06-14,28.4,35.6,19.7,26.6,35.1,24,0.0,0.0,0.0,0.0,3.41,9.3
2003-06-15,29.9,37.7,22.0,29.5,38.4,29,0.0,0.0,0.0,0.0,2.86,7.4
2003-06-16,29.3,35.7,23.3,30.5,38.7,42,1.2,1.2,0.0,2.0,2.5,6.4
2003-06-17,30.2,37.4,23.0,31.5,39.1,42,0.0,0.0,0.0,0.0,2.11,6.8
2003-06-18,30.9,38.4,24.0,32.1,41.0,39,0.0,0.0,0.0,0.0,2.35,6.7
2003-06-19,31.2,39.1,24.6,32.5,41.8,38,0.0,0.0,0.0,0.0,2.61,7.3
2003-06-20,31.6,38.7,23.8,33.2,41.2,40,0.4,0.4,0.0,1.0,2.97,6.4
2003-06-21,29.0,32.6,25.5,31.9,35.3,59,5.4,5.4,0.0,8.0,3.47,8.7
2003-06-22,25.9,29.8,22.2,29.5,33.8,77,23.5,23.5,0.0,13.0,3.81,10.7
2003-06-23,29.3,37.0,21.6,32.5,39.6,58,0.0,0.0,0.0,0.0,2.11,7.1
2003-06-24,30.9,36.8,24.4,33.4,39.5,50,0.0,0.0,0.0,0.0,3.5,9.0
2003-06-25,26.5,29.4,21.4,28.6,31.5,65,6.6,6.6,0.0,9.0,3.63,8.2
2003-06-26,24.7,29.5,21.0,27.0,31.4,70,1.9,1.9,0.0,7.0,3.05,8.5
2003-06-27,28.9,35.7,20.3,30.8,39.0,48,0.0,0.0,0.0,0.0,1.61,6.4
2003-06-28,30.5,36.8,23.4,32.8,39.6,49,0.0,0.0,0.0,0.0,2.84,6.3
2003-06-29,28.9,31.7,24.2,30.7,32.8,52,1.4,1.4,0.0,2.0,3.94,9.0
2003-06-30,24.9,28.6,22.4,27.8,30.9,73,1.5,1.5,0.0,3.0,3.18,7.0
2003-07-01,23.1,24.7,21.5,25.7,27.6,82,9.8,9.8,0.0,13.0,3.05,8.2
2003-07-02,24.5,29.2,21.0,27.7,32.2,76,4.3,4.3,0.0,9.0,2.06,5.2
2003-07-03,24.2,27.9,21.3,27.4,31.0,77,0.4,0.4,0.0,2.0,2.28,6.4
2003-07-04,26.7,32.8,20.5,29.3,36.2,61,0.0,0.0,0.0,0.0,1.72,5.9
2003-07-05,28.4,34.9,21.7,30.9,36.7,57,0.0,0.0,0.0,0.0,2.92,8.2
2003-07-06,29.6,36.5,22.7,32.5,40.1,53,0.0,0.0,0.0,0.0,2.68,5.2
2003-07-07,28.4,34.9,23.5,31.9,40.1,62,5.1,5.1,0.0,6.0,2.52,7.9
2003-07-08,28.0,34.2,23.1,30.9,34.9,61,0.0,0.0,0.0,0.0,2.06,8.6
2003-07-09,26.4,30.6,22.8,28.8,33.2,62,0.0,0.0,0.0,0.0,3.0,6.9
2003-07-10,27.2,33.5,20.4,28.1,34.9,50,0.0,0.0,0.0,0.0,3.98,9.2
2003-07-11,24.2,26.8,21.8,26.6,29.0,75,14.3,14.3,0.0,17.0,3.37,8.3
2003-07-12,23.8,26.6,21.9,27.3,29.8,83,9.1,9.1,0.0,11.0,2.08,5.4
2003-07-13,22.2,24.1,20.5,25.7,27.7,93,20.3,20.3,0.0,24.0,2.14,6.3
2003-07-14,22.3,25.5,19.6,25.7,29.8,89,33.5,33.5,0.0,22.0,1.64,4.4
2003-07-15,23.8,25.2,21.5,27.4,29.1,89,18.0,18.0,0.0,21.0,2.9,7.4
2003-07-16,21.0,22.2,20.0,24.3,26.0,95,44.1,44.1,0.0,21.0,2.02,5.5
2003-07-17,25.8,32.9,19.6,29.9,37.5,75,0.0,0.0,0.0,0.0,1.97,6.7
2003-07-18,28.5,34.3,21.6,32.1,39.9,65,0.0,0.0,0.0,0.0,3.18,7.6
2003-07-19,29.8,35.8,24.9,32.5,40.0,50,1.2,1.2,0.0,4.0,2.42,6.2
2003-07-20,27.2,31.6,22.8,31.6,36.7,72,0.0,0.0,0.0,0.0,1.49,4.7
2003-07-21,28.4,34.7,22.7,32.9,39.2,68,0.0,0.0,0.0,0.0,2.31,5.8
2003-07-22,29.5,35.9,23.6,34.0,40.9,65,0.5,0.5,0.0,1.0,2.41,7.9
2003-07-23,29.4,32.5,26.5,33.8,37.1,67,0.0,0.0,0.0,0.0,2.4,5.4
2003-07-24,31.1,37.6,25.6,35.8,42.5,62,0.0,0.0,0.0,0.0,2.42,8.3
2003-07-25,33.0,39.2,27.7,37.6,44.8,58,0.6,0.6,0.0,1.0,4.17,10.6
2003-07-26,32.6,37.3,29.2,37.0,41.2,57,0.6,0.6,0.0,2.0,2.53,8.5
2003-07-27,31.2,35.1,27.9,36.3,40.1,65,0.0,0.0,0.0,0.0,2.96,8.1
2003-07-28,31.9,36.2,27.5,38.2,42.7,67,1.7,1.7,0.0,4.0,1.66,6.6
2003-07-29,33.2,39.2,27.4,38.9,44.7,61,0.0,0.0,0.0,0.0,3.01,8.8
2003-07-30,33.8,39.0,29.3,39.7,45.1,59,0.0,0.0,0.0,0.0,2.62,6.8
2003-07-31,32.0,36.3,28.7,38.0,42.6,66,6.5,6.5,0.0,4.0,1.71,6.2
2003-08-01,26.5,28.5,24.9,30.5,34.6,77,2.6,2.6,0.0,13.0,2.62,7.5
2003-08-02,24.7,26.1,23.3,28.6,30.2,82,1.0,1.0,0.0,6.0,1.97,5.0
2003-08-03,22.8,23.5,21.8,26.6,27.5,90,18.8,18.8,0.0,14.0,1.58,4.7
2003-08-04,26.4,31.5,22.4,30.4,35.1,77,0.0,0.0,0.0,0.0,3.24,7.6
2003-08-05,29.2,33.6,25.6,34.4,39.2,72,0.1,0.1,0.0,1.0,3.11,7.2
2003-08-06,30.6,35.4,26.8,36.6,40.8,71,0.1,0.1,0.0,1.0,2.39,7.9
2003-08-07,31.6,37.8,26.7,37.6,43.0,67,0.5,0.5,0.0,1.0,2.83,8.0
2003-08-08,26.7,30.6,24.3,31.5,36.8,84,19.3,19.3,0.0,14.0,3.86,9.2
2003-08-09,25.0,26.2,23.9,29.3,30.3,84,5.9,5.9,0.0,9.0,2.04,7.0
2003-08-10,23.3,25.1,19.3,25.7,29.6,81,5.1,5.1,0.0,15.0,4.3,9.8
2003-08-11,22.0,25.0,19.5,24.2,27.3,79,0.7,0.7,0.0,2.0,1.86,4.1
2003-08-12,21.1,22.3,19.8,24.0,25.1,88,6.5,6.5,0.0,11.0,1.53,4.0
2003-08-13,21.9,24.8,19.6,25.0,28.0,85,0.0,0.0,0.0,0.0,1.2,5.2
2003-08-14,22.1,24.2,20.6,25.1,26.9,87,6.6,6.6,0.0,16.0,2.41,6.3
2003-08-15,21.8,24.9,17.7,23.6,25.5,80,9.5,9.5,0.0,13.0,3.91,9.3
2003-08-16,21.3,26.3,14.8,23.0,28.5,72,0.0,0.0,0.0,0.0,1.43,4.8
2003-08-17,24.1,30.6,18.5,26.7,33.9,69,0.0,0.0,0.0,0.0,2.41,6.6
2003-08-18,25.7,33.1,19.3,28.7,36.5,67,0.0,0.0,0.0,0.0,2.26,6.0
2003-08-19,27.2,33.5,22.6,30.3,36.2,67,0.0,0.0,0.0,0.0,3.18,7.5
2003-08-20,27.5,32.0,24.3,30.3,34.2,66,0.0,0.0,0.0,0.0,3.67,8.9
2003-08-21,28.4,33.5,24.4,31.5,37.1,66,0.0,0.0,0.0,0.0,3.34,8.1
2003-08-22,28.7,34.4,23.6,33.2,38.9,67,0.0,0.0,0.0,0.0,1.43,6.0
2003-08-23,30.1,35.5,24.8,35.5,41.5,67,0.0,0.0,0.0,0.0,1.53,5.4
2003-08-24,29.6,33.4,26.9,35.1,38.8,72,5.0,5.0,0.0,5.0,2.72,6.2
2003-08-25,28.0,30.6,25.7,33.0,35.1,78,12.8,12.8,0.0,14.0,3.05,8.4
2003-08-26,25.2,28.1,23.4,29.8,32.5,88,22.8,22.8,0.0,10.0,2.6,8.1
2003-08-27,26.3,31.8,22.3,30.5,34.8,76,0.0,0.0,0.0,0.0,2.69,6.9
2003-08-28,26.8,30.3,24.7,31.4,35.1,80,6.5,6.5,0.0,10.0,2.79,8.6
2003-08-29,21.9,24.8,17.4,25.3,30.0,95,67.1,67.1,0.0,24.0,3.21,8.1
2003-08-30,18.3,20.4,16.5,19.7,22.2,90,17.5,17.5,0.0,12.0,2.45,6.0
2003-08-31,18.7,19.6,17.8,20.9,22.3,94,30.2,30.2,0.0,22.0,1.63,4.8
2003-09-01,18.0,20.1,15.8,19.9,22.1,94,26.7,26.7,0.0,18.0,1.44,4.3
2003-09-02,19.5,23.9,14.7,21.6,26.6,85,0.0,0.0,0.0,0.0,1.14,4.6
2003-09-03,20.7,22.8,19.0,23.2,25.1,90,7.2,7.2,0.0,15.0,3.11,6.8
2003-09-04,20.7,23.1,19.0,24.0,27.0,94,12.1,12.1,0.0,17.0,1.93,4.9
2003-09-05,20.5,22.2,18.7,23.3,24.9,93,25.2,25.2,0.0,19.0,2.31,7.5
2003-09-06,18.3,19.5,16.6,20.4,22.0,94,34.6,34.6,0.0,24.0,1.57,3.9
2003-09-07,22.2,27.8,18.5,25.3,32.0,80,2.1,2.1,0.0,5.0,1.66,4.5
2003-09-08,22.4,27.6,17.4,25.1,31.5,81,0.0,0.0,0.0,0.0,2.24,5.5
2003-09-09,22.7,27.7,18.6,24.8,30.1,69,0.0,0.0,0.0,0.0,2.01,4.9
2003-09-10,22.1,28.1,17.0,24.3,30.9,72,0.0,0.0,0.0,0.0,2.42,6.7
2003-09-11,23.0,29.1,18.0,25.7,32.8,75,0.0,0.0,0.0,0.0,1.97,6.0
2003-09-12,23.7,29.4,19.5,27.0,33.2,77,0.0,0.0,0.0,0.0,1.3,5.6
2003-09-13,24.7,31.7,18.8,28.3,36.5,76,0.0,0.0,0.0,0.0,1.49,5.1
2003-09-14,25.8,33.2,20.0,28.4,36.2,68,0.0,0.0,0.0,0.0,2.45,6.7
2003-09-15,26.3,31.6,21.6,29.8,35.6,71,0.0,0.0,0.0,0.0,2.3,7.2
2003-09-16,27.4,32.6,22.5,31.1,37.2,70,0.0,0.0,0.0,0.0,2.0,7.6
2003-09-17,26.1,30.7,22.8,30.3,35.5,80,12.8,12.8,0.0,9.0,3.32,7.2
2003-09-18,21.8,22.9,20.2,25.0,26.0,90,39.2,39.2,0.0,24.0,2.2,6.5
2003-09-19,19.6,20.5,19.0,22.4,23.7,96,63.0,63.0,0.0,24.0,2.2,7.2
2003-09-20,20.0,22.1,18.0,22.7,25.3,91,0.6,0.6,0.0,2.0,1.41,3.8
2003-09-21,21.0,26.7,16.1,23.5,29.9,82,0.0,0.0,0.0,0.0,1.56,5.0
2003-09-22,22.3,28.0,17.6,25.1,32.9,78,0.0,0.0,0.0,0.0,2.21,5.2
2003-09-23,22.6,29.7,17.2,25.1,32.5,75,0.0,0.0,0.0,0.0,1.84,5.7
2003-09-24,23.8,30.2,18.8,26.5,33.4,75,0.0,0.0,0.0,0.0,2.68,6.1
2003-09-25,26.1,30.9,22.1,28.3,33.1,67,0.0,0.0,0.0,0.0,3.24,8.2
2003-09-26,23.5,26.0,20.8,26.0,28.3,76,2.7,2.7,0.0,3.0,2.91,7.2
2003-09-27,22.7,26.9,20.7,25.6,29.3,82,0.8,0.8,0.0,5.0,2.4,6.0
2003-09-28,21.7,24.1,19.9,23.9,25.4,85,4.6,4.6,0.0,11.0,3.5,9.4
2003-09-29,18.5,19.8,16.5,19.9,21.2,92,14.7,14.7,0.0,20.0,3.19,9.1
2003-09-30,14.4,16.5,12.4,14.7,17.5,93,13.5,13.5,0.0,24.0,1.82,5.3
2003-10-01,12.3,13.1,11.6,11.7,12.6,94,8.3,8.3,0.0,23.0,2.84,6.0
2003-10-02,11.8,12.4,11.3,11.3,12.0,95,13.8,13.8,0.0,21.0,2.16,4.8
2003-10-03,12.1,13.0,11.4,12.0,12.6,95,14.0,14.0,0.0,18.0,1.78,4.2
2003-10-04,11.9,12.5,11.2,11.6,12.4,95,15.5,15.5,0.0,19.0,1.87,4.3
2003-10-05,13.9,17.3,11.8,13.8,16.9,82,0.2,0.2,0.0,1.0,1.32,4.7
2003-10-06,15.4,21.8,10.5,15.7,22.0,81,0.0,0.0,0.0,0.0,2.46,6.3
2003-10-07,16.7,22.3,13.0,16.9,22.6,79,0.0,0.0,0.0,0.0,3.05,7.4
2003-10-08,18.5,22.6,15.3,19.5,23.3,80,0.0,0.0,0.0,0.0,3.4,8.1
2003-10-09,19.4,20.8,18.4,21.3,22.5,86,3.6,3.6,0.0,13.0,1.68,4.4
2003-10-10,17.6,18.9,16.1,18.8,20.9,95,21.6,21.6,0.0,24.0,3.2,10.3
2003-10-11,14.7,16.7,12.7,14.1,17.7,90,16.8,16.8,0.0,24.0,4.27,10.1
2003-10-12,12.8,13.6,12.2,12.3,13.4,91,10.1,10.1,0.0,24.0,3.1,6.9
2003-10-13,13.5,14.7,12.5,13.4,14.4,88,3.3,3.3,0.0,14.0,1.92,5.0
2003-10-14,12.7,14.5,10.3,11.1,13.9,63,0.0,0.0,0.0,0.0,2.02,4.6
2003-10-15,12.7,17.9,8.1,11.4,16.9,64,0.0,0.0,0.0,0.0,1.5,5.0
2003-10-16,12.2,17.8,8.3,10.7,16.1,63,0.0,0.0,0.0,0.0,1.7,5.4
2003-10-17,13.3,20.6,6.8,12.4,20.1,69,0.0,0.0,0.0,0.0,1.0,4.9
2003-10-18,15.2,20.2,10.9,14.5,19.1,70,0.2,0.2,0.0,2.0,2.78,6.0
2003-10-19,12.9,15.3,10.0,12.0,15.0,85,10.9,10.9,0.0,16.0,5.41,12.1
2003-10-20,13.2,21.1,6.8,11.7,20.5,63,0.0,0.0,0.0,0.0,1.79,5.4
2003-10-21,14.3,22.2,7.6,13.2,22.4,60,0.0,0.0,0.0,0.0,2.01,5.8
2003-10-22,14.8,19.8,10.8,13.5,18.0,61,0.0,0.0,0.0,0.0,2.52,6.8
2003-10-23,13.9,19.9,8.5,13.4,20.3,74,0.0,0.0,0.0,0.0,1.82,5.7
2003-10-24,15.0,22.0,8.7,14.5,22.5,74,0.0,0.0,0.0,0.0,2.16,6.7
2003-10-25,15.9,22.3,10.8,15.1,21.8,65,0.0,0.0,0.0,0.0,2.11,6.0
2003-10-26,15.3,22.8,8.3,14.3,22.8,61,0.0,0.0,0.0,0.0,1.49,4.8
2003-10-27,17.0,24.8,11.8,15.6,24.4,60,0.0,0.0,0.0,0.0,3.51,7.7
2003-10-28,15.9,22.0,9.7,15.3,21.6,67,0.0,0.0,0.0,0.0,1.75,5.4
2003-10-29,16.4,18.7,14.5,17.1,19.9,82,3.7,3.7,0.0,18.0,1.77,5.4
2003-10-30,16.6,21.3,12.5,16.9,21.9,79,0.2,0.2,0.0,1.0,1.88,5.3
2003-10-31,15.6,23.3,9.7,15.1,23.3,70,0.0,0.0,0.0,0.0,1.7,5.0
2003-11-01,16.5,24.5,10.1,16.4,24.7,74,0.0,0.0,0.0,0.0,1.71,5.1
2003-11-02,15.9,18.7,10.9,14.8,17.5,59,0.2,0.2,0.0,1.0,2.01,5.6
2003-11-03,13.4,20.2,7.0,11.2,17.4,54,0.0,0.0,0.0,0.0,2.76,6.8
2003-11-04,13.0,15.5,10.4,11.9,14.4,72,2.1,2.1,0.0,5.0,2.13,6.8
2003-11-05,12.4,15.8,9.1,11.6,15.0,81,0.0,0.0,0.0,0.0,2.88,7.0
2003-11-06,14.4,19.6,11.5,13.5,18.6,81,3.8,3.8,0.0,4.0,3.9,11.1
2003-11-07,5.3,10.5,3.0,2.0,7.3,90,15.4,12.4,2.1,24.0,5.58,13.8
2003-11-08,2.7,3.3,1.8,0.2,0.7,87,3.1,1.0,1.54,12.0,1.8,5.3
2003-11-09,2.6,3.6,1.7,0.2,1.2,94,7.4,2.0,3.78,15.0,1.43,3.8
2003-11-10,4.7,7.7,2.8,2.2,5.2,77,0.0,0.0,0.0,0.0,1.51,5.2
2003-11-11,4.0,7.4,1.0,1.6,4.8,77,0.0,0.0,0.0,0.0,1.79,4.7
2003-11-12,4.2,10.7,-1.0,1.6,7.8,78,0.0,0.0,0.0,0.0,2.55,6.0
2003-11-13,7.0,10.7,4.6,5.1,8.6,82,0.0,0.0,0.0,0.0,2.3,5.4
2003-11-14,8.4,14.7,3.7,6.4,12.5,79,0.0,0.0,0.0,0.0,3.41,9.4
2003-11-15,8.6,13.1,4.1,6.6,10.7,74,0.0,0.0,0.0,0.0,2.78,6.6
2003-11-16,9.1,10.6,7.2,7.2,8.5,78,0.7,0.7,0.0,5.0,2.64,6.2
2003-11-17,8.1,9.1,6.7,5.8,6.6,83,3.5,3.5,0.0,14.0,2.82,7.3
2003-11-18,6.7,7.0,6.4,4.9,5.4,93,3.5,3.5,0.0,18.0,2.12,4.7
2003-11-19,7.5,8.7,6.5,6.0,7.2,92,1.2,1.2,0.0,9.0,1.43,4.0
2003-11-20,9.0,12.4,6.0,6.5,9.5,72,0.1,0.1,0.0,1.0,3.1,7.9
2003-11-21,6.6,9.5,2.5,3.6,6.3,58,0.0,0.0,0.0,0.0,2.53,5.9
2003-11-22,5.5,10.5,0.4,2.9,7.7,72,0.0,0.0,0.0,0.0,2.58,6.1
2003-11-23,7.0,10.5,4.6,5.5,9.2,82,0.9,0.9,0.0,5.0,0.78,3.9
2003-11-24,7.4,12.8,3.2,5.7,11.4,82,0.0,0.0,0.0,0.0,1.02,4.5
2003-11-25,6.0,9.4,2.1,3.5,7.3,88,11.4,11.4,0.0,11.0,4.61,10.6
2003-11-26,6.6,11.3,1.5,4.1,8.8,71,0.3,0.3,0.0,1.0,2.44,7.9
2003-11-27,5.3,10.3,1.0,2.4,7.1,74,0.2,0.2,0.0,1.0,2.76,7.0
2003-11-28,6.7,9.5,2.5,3.4,5.5,65,3.1,3.0,0.07,7.0,4.15,10.0
2003-11-29,4.4,10.7,-0.9,1.5,7.5,70,0.0,0.0,0.0,0.0,2.48,6.0
2003-11-30,5.1,9.6,0.6,2.7,7.0,79,0.0,0.0,0.0,0.0,1.53,5.2
2003-12-01,7.0,10.6,3.9,3.8,7.0,58,0.2,0.2,0.0,2.0,2.88,7.6
2003-12-02,5.9,10.4,2.3,3.4,7.7,65,0.0,0.0,0.0,0.0,1.14,4.1
2003-12-03,4.8,9.8,0.1,2.2,6.6,73,5.3,5.3,0.0,8.0,2.36,5.2
2003-12-04,5.5,7.0,4.5,3.5,5.1,91,6.1,6.1,0.0,12.0,1.75,4.9
2003-12-05,6.5,9.5,3.9,4.6,7.5,82,2.3,2.3,0.0,9.0,1.6,5.5
2003-12-06,3.3,5.0,1.1,-0.0,1.5,68,0.0,0.0,0.0,0.0,2.77,7.2
2003-12-07,2.7,6.3,-1.1,-0.2,3.6,66,0.0,0.0,0.0,0.0,1.32,5.0
2003-12-08,3.8,6.6,0.8,1.2,4.1,76,0.4,0.4,0.0,3.0,1.7,4.8
2003-12-09,4.1,7.4,1.2,1.1,4.2,71,0.0,0.0,0.0,0.0,2.36,6.4
2003-12-10,5.1,9.8,0.8,2.6,7.0,74,0.0,0.0,0.0,0.0,2.13,5.9
2003-12-11,3.0,7.4,-0.5,-0.0,3.7,68,0.0,0.0,0.0,0.0,2.14,6.2
2003-12-12,2.1,5.5,-0.7,-0.7,2.6,72,0.0,0.0,0.0,0.0,1.56,5.2
2003-12-13,2.2,7.4,-1.4,-0.4,4.9,79,0.0,0.0,0.0,0.0,1.84,4.7
2003-12-14,2.6,7.6,-2.3,-0.1,4.5,78,0.0,0.0,0.0,0.0,2.42,5.8
2003-12-15,3.4,6.2,0.2,0.8,3.2,79,0.0,0.0,0.0,0.0,2.02,5.7
2003-12-16,4.3,8.5,0.3,0.9,4.7,59,0.0,0.0,0.0,0.0,2.63,7.3
2003-12-17,2.1,5.0,-1.1,-1.2,1.6,57,0.0,0.0,0.0,0.0,1.72,4.3
2003-12-18,4.1,7.7,-0.1,-0.7,1.8,42,0.0,0.0,0.0,0.0,5.55,12.6
2003-12-19,-0.3,4.1,-3.7,-3.8,0.6,50,0.0,0.0,0.0,0.0,1.3,5.7
2003-12-20,0.1,4.8,-4.1,-3.3,1.0,58,0.0,0.0,0.0,0.0,1.84,5.3
2003-12-21,2.0,6.7,-1.6,-1.0,3.6,64,0.0,0.0,0.0,0.0,1.14,4.3
2003-12-22,2.9,9.6,-1.5,-0.0,6.4,69,0.0,0.0,0.0,0.0,1.77,4.6
2003-12-23,3.5,11.4,-1.4,0.7,8.7,73,0.0,0.0,0.0,0.0,1.9,6.7
2003-12-24,3.1,9.2,-1.7,-0.6,4.7,61,0.0,0.0,0.0,0.0,4.24,10.7
2003-12-25,1.1,4.2,-1.8,-2.7,-0.0,47,0.0,0.0,0.0,0.0,2.09,6.7
2003-12-26,0.0,5.6,-4.6,-3.5,1.7,55,0.0,0.0,0.0,0.0,2.02,4.8
2003-12-27,0.2,4.7,-4.9,-3.2,0.8,61,0.0,0.0,0.0,0.0,2.18,5.8
2003-12-28,4.2,8.5,0.6,0.6,4.3,51,0.0,0.0,0.0,0.0,3.03,7.7
2003-12-29,1.7,4.6,-1.6,-1.5,1.4,57,0.0,0.0,0.0,0.0,1.0,3.4
2003-12-30,1.9,8.2,-1.9,-1.0,5.4,70,0.0,0.0,0.0,0.0,1.94,4.5
2003-12-31,3.2,8.6,-2.0,0.3,6.2,70,0.0,0.0,0.0,0.0,2.22,4.7
2004-01-01,5.7,10.4,1.7,1.4,5.5,44,0.0,0.0,0.0,0.0,4.52,10.9
2004-01-02,2.6,10.1,-3.3,-0.6,6.5,59,0.0,0.0,0.0,0.0,1.98,4.7
2004-01-03,3.7,8.7,-0.3,0.8,5.6,64,0.0,0.0,0.0,0.0,2.02,5.7
2004-01-04,3.2,7.7,-1.6,0.4,4.9,65,0.0,0.0,0.0,0.0,1.24,4.7
2004-01-05,2.6,5.9,-0.6,-0.1,3.0,72,0.0,0.0,0.0,0.0,1.65,4.9
2004-01-06,3.4,8.0,-1.4,0.8,5.5,73,0.0,0.0,0.0,0.0,1.21,4.5
2004-01-07,4.3,6.4,2.1,1.6,2.9,75,1.8,1.8,0.0,10.0,2.64,5.9
2004-01-08,3.7,5.1,2.5,0.6,2.2,76,0.2,0.1,0.07,2.0,2.56,6.0
2004-01-09,3.7,6.8,0.7,1.0,3.9,75,0.1,0.1,0.0,1.0,2.39,5.7
2004-01-10,3.7,6.0,1.9,0.9,2.9,82,0.0,0.0,0.07,0.0,2.78,6.4
2004-01-11,4.2,7.3,1.1,1.8,5.6,80,0.2,0.0,0.21,2.0,1.55,5.3
2004-01-12,2.8,6.1,-0.6,-0.3,2.5,64,0.2,0.2,0.0,2.0,2.22,6.0
2004-01-13,1.5,5.4,-2.5,-2.0,1.8,60,0.0,0.0,0.0,0.0,2.51,6.1
2004-01-14,4.0,6.7,1.5,1.1,3.8,66,0.0,0.0,0.0,0.0,2.47,7.1
2004-01-15,2.8,4.3,1.6,0.1,1.4,74,0.0,0.0,0.35,0.0,1.25,4.3
2004-01-16,3.1,5.8,0.4,0.1,2.2,77,0.0,0.0,0.0,0.0,3.08,7.6
2004-01-17,2.0,2.9,-0.1,-1.0,0.0,81,2.5,0.2,1.96,13.0,2.2,6.2
2004-01-18,-0.9,1.7,-4.0,-4.4,-1.6,60,0.5,0.1,0.35,2.0,1.44,5.6
2004-01-19,-1.5,2.8,-4.5,-5.0,-0.7,57,0.0,0.0,0.0,0.0,1.57,5.4
2004-01-20,-0.6,4.6,-4.4,-4.3,1.0,52,0.0,0.0,0.0,0.0,1.9,6.6
2004-01-21,-0.8,4.5,-5.0,-4.6,0.6,49,0.0,0.0,0.0,0.0,2.11,5.6
2004-01-22,-0.2,6.0,-5.5,-3.9,2.3,56,0.0,0.0,0.0,0.0,2.69,6.2
2004-01-23,-0.5,3.9,-4.3,-5.6,-1.4,34,0.0,0.0,0.0,0.0,4.6,10.4
2004-01-24,-2.0,2.4,-6.3,-6.2,-1.4,38,0.0,0.0,0.0,0.0,2.22,6.2
2004-01-25,-1.3,3.6,-4.8,-5.4,-0.8,41,0.0,0.0,0.0,0.0,2.42,6.3
2004-01-26,1.5,7.4,-2.2,-2.2,3.8,48,0.0,0.0,0.0,0.0,2.5,7.4
2004-01-27,0.9,7.7,-4.4,-2.8,3.4,52,0.0,0.0,0.0,0.0,3.08,7.3
2004-01-28,1.2,8.4,-4.5,-2.1,5.2,58,0.0,0.0,0.0,0.0,2.1,5.6
2004-01-29,4.1,11.5,-1.5,1.1,8.3,61,0.0,0.0,0.0,0.0,2.27,6.0
2004-01-30,4.8,10.7,0.1,1.8,7.4,64,0.2,0.2,0.0,1.0,2.42,6.7
2004-01-31,5.8,8.1,4.3,2.4,4.5,57,1.9,1.9,0.0,6.0,2.93,8.2
2004-02-01,3.1,4.5,0.3,-0.8,1.1,37,0.0,0.0,0.0,0.0,2.24,5.5
2004-02-02,0.8,3.3,-1.3,-3.2,-0.7,43,0.0,0.0,0.0,0.0,2.16,5.4
2004-02-03,1.5,6.9,-3.1,-2.8,2.5,45,0.0,0.0,0.0,0.0,3.01,8.5
2004-02-04,2.7,8.1,-1.4,-1.6,3.5,37,0.0,0.0,0.0,0.0,3.45,9.4
2004-02-05,1.1,6.5,-3.4,-2.6,2.8,40,0.0,0.0,0.0,0.0,2.0,5.5
2004-02-06,0.7,7.0,-3.4,-2.9,3.7,42,0.0,0.0,0.0,0.0,2.28,6.0
2004-02-07,1.6,9.6,-3.8,-1.9,6.2,46,0.0,0.0,0.0,0.0,1.53,5.8
2004-02-08,3.1,10.4,-3.3,-0.3,6.4,50,0.0,0.0,0.0,0.0,2.48,7.0
2004-02-09,4.0,11.8,-2.2,0.9,8.6,56,0.0,0.0,0.0,0.0,1.99,6.1
2004-02-10,5.6,13.2,-0.7,2.7,10.2,62,0.0,0.0,0.0,0.0,2.56,6.0
2004-02-11,7.6,14.0,2.8,4.7,10.8,55,0.0,0.0,0.0,0.0,2.42,7.7
2004-02-12,6.9,15.0,0.1,3.1,10.9,48,0.0,0.0,0.0,0.0,4.24,10.5
2004-02-13,10.8,22.5,1.4,7.6,20.4,42,0.0,0.0,0.0,0.0,3.11,8.1
2004-02-14,10.2,17.2,3.5,7.0,12.9,39,0.0,0.0,0.0,0.0,3.58,8.3
2004-02-15,8.1,14.4,1.6,5.2,11.6,53,0.0,0.0,0.0,0.0,2.25,5.4
2004-02-16,11.8,15.0,5.8,8.1,11.3,35,0.3,0.3,0.0,2.0,3.71,8.6
2004-02-17,9.2,18.4,1.9,6.5,15.7,50,0.0,0.0,0.0,0.0,1.66,5.8
2004-02-18,11.4,20.7,3.7,8.7,17.7,51,0.0,0.0,0.0,0.0,2.7,7.1
2004-02-19,12.7,19.6,6.3,10.2,16.6,57,1.3,1.3,0.0,3.0,3.6,10.7
2004-02-20,10.1,13.3,7.2,8.0,12.7,84,21.1,21.1,0.0,23.0,5.48,12.8
2004-02-21,9.0,13.0,4.2,5.7,9.7,56,0.0,0.0,0.0,0.0,3.35,9.3
2004-02-22,8.0,15.0,2.0,5.6,12.7,61,0.0,0.0,0.0,0.0,1.84,6.2
2004-02-23,8.0,13.9,3.3,5.9,11.7,77,6.6,6.6,0.0,8.0,2.43,6.2
2004-02-24,9.7,15.0,4.3,7.5,12.8,65,0.2,0.2,0.0,1.0,2.42,7.3
2004-02-25,10.2,16.3,4.1,7.8,14.2,55,0.0,0.0,0.0,0.0,2.11,6.6
2004-02-26,9.9,16.6,4.1,7.4,13.7,55,0.0,0.0,0.0,0.0,2.27,6.6
2004-02-27,9.2,14.9,4.1,7.0,13.6,65,0.0,0.0,0.0,0.0,2.1,6.1
2004-02-28,11.8,16.8,7.7,9.4,14.6,52,0.0,0.0,0.0,0.0,2.77,7.6
2004-02-29,8.4,10.3,6.3,6.3,8.5,66,1.3,1.3,0.0,6.0,2.24,5.5
2004-03-01,8.1,12.3,3.3,6.3,10.9,72,0.0,0.0,0.0,0.0,1.4,6.0
2004-03-02,8.8,12.4,5.4,5.8,9.4,60,0.5,0.5,0.0,2.0,5.33,12.1
2004-03-03,5.8,11.3,0.6,1.4,7.2,28,0.0,0.0,0.0,0.0,4.32,11.3
2004-03-04,9.0,17.5,-0.0,5.4,14.7,37,0.0,0.0,0.0,0.0,3.35,7.9
2004-03-05,8.5,14.0,3.7,4.6,10.4,29,0.0,0.0,0.0,0.0,2.82,8.1
2004-03-06,6.7,11.6,1.5,2.9,7.6,32,0.0,0.0,0.0,0.0,2.28,7.1
2004-03-07,7.9,14.1,2.4,4.6,10.4,40,0.0,0.0,0.0,0.0,2.28,6.6
2004-03-08,14.1,23.1,5.8,11.5,21.1,45,0.0,0.0,0.0,0.0,3.06,8.5
2004-03-09,16.9,26.8,7.9,15.0,26.2,48,0.0,0.0,0.0,0.0,3.01,6.7
2004-03-10,16.8,20.4,11.4,13.5,17.9,32,0.0,0.0,0.0,0.0,3.68,9.3
2004-03-11,12.6,15.3,7.6,9.4,11.9,40,1.6,1.6,0.0,7.0,3.33,6.8
2004-03-12,11.3,20.6,3.8,9.6,18.8,63,0.0,0.0,0.0,0.0,1.35,5.3
2004-03-13,13.5,19.5,7.5,11.6,17.6,54,0.0,0.0,0.0,0.0,1.79,6.1
2004-03-14,15.7,26.0,7.4,14.1,24.9,50,0.0,0.0,0.0,0.0,1.88,5.8
2004-03-15,17.9,26.8,10.0,17.2,26.6,60,0.0,0.0,0.0,0.0,2.08,8.1
2004-03-16,19.6,26.7,13.3,17.9,25.0,40,0.0,0.0,0.0,0.0,6.8,15.7
2004-03-17,13.3,16.2,9.9,9.4,12.8,37,0.6,0.6,0.0,2.0,4.07,9.8
2004-03-18,10.0,13.4,8.4,6.5,9.8,51,0.0,0.0,0.0,0.0,3.32,7.8
2004-03-19,7.6,9.1,5.9,5.5,6.8,76,5.6,5.6,0.0,14.0,1.94,4.8
2004-03-20,6.2,7.6,4.7,4.6,6.3,92,12.9,12.9,0.0,13.0,1.3,3.3
2004-03-21,9.9,15.2,5.9,8.3,13.7,71,0.0,0.0,0.0,0.0,2.06,5.7
2004-03-22,11.4,16.3,6.6,10.1,15.8,72,0.0,0.0,0.0,0.0,1.5,5.6
2004-03-23,14.2,22.0,6.8,12.9,20.1,67,0.0,0.0,0.0,0.0,3.26,7.8
2004-03-24,13.0,15.9,10.3,11.9,14.4,80,11.1,11.1,0.0,18.0,2.69,6.4
2004-03-25,11.2,13.6,9.2,10.1,12.1,83,0.2,0.2,0.0,1.0,2.08,5.6
2004-03-26,11.4,15.1,7.2,10.3,14.1,77,0.0,0.0,0.0,0.0,1.68,6.4
2004-03-27,14.1,21.2,8.3,13.6,21.0,72,0.0,0.0,0.0,0.0,2.3,6.7
2004-03-28,15.0,19.8,10.9,14.5,19.5,73,0.0,0.0,0.0,0.0,1.84,5.8
2004-03-29,17.1,21.1,12.8,15.4,18.8,55,0.4,0.4,0.0,2.0,3.44,7.9
2004-03-30,13.3,16.3,9.6,11.1,13.4,46,0.0,0.0,0.0,0.0,1.51,5.5
2004-03-31,14.1,21.1,7.5,12.5,21.0,60,0.2,0.2,0.0,2.0,3.33,9.4
2004-04-01,16.1,22.8,10.5,12.9,20.0,31,0.0,0.0,0.0,0.0,3.72,9.3
2004-04-02,16.7,25.2,8.9,15.3,24.4,49,0.0,0.0,0.0,0.0,2.2,6.1
2004-04-03,16.3,22.0,11.4,14.1,19.7,42,0.0,0.0,0.0,0.0,3.13,8.1
2004-04-04,16.3,24.6,8.8,14.7,23.1,53,0.0,0.0,0.0,0.0,2.55,7.3
2004-04-05,20.6,29.7,13.1,19.2,27.6,49,0.0,0.0,0.0,0.0,4.0,10.3
2004-04-06,18.5,22.9,14.0,16.5,21.0,39,0.2,0.2,0.0,1.0,3.08,7.2
2004-04-07,15.5,20.0,9.4,12.3,17.8,23,0.0,0.0,0.0,0.0,2.6,7.0
2004-04-08,14.6,24.1,4.0,11.8,21.4,29,0.0,0.0,0.0,0.0,1.64,7.1
2004-04-09,15.3,19.7,11.6,13.3,18.5,47,0.1,0.1,0.0,1.0,1.84,5.7
2004-04-10,17.7,24.5,10.7,17.0,24.7,58,0.0,0.0,0.0,0.0,2.2,7.6
2004-04-11,19.0,25.3,12.3,18.4,24.6,58,0.0,0.0,0.0,0.0,2.8,6.8
2004-04-12,19.5,23.8,15.0,18.1,21.0,53,0.0,0.0,0.0,0.0,4.43,10.1
2004-04-13,18.5,22.7,14.9,16.5,21.8,37,0.0,0.0,0.0,0.0,2.47,7.5
2004-04-14,16.4,18.5,12.2,14.1,15.7,46,0.0,0.0,0.0,0.0,3.98,8.6
2004-04-15,17.1,25.5,9.2,15.2,23.0,48,0.0,0.0,0.0,0.0,2.9,8.7
2004-04-16,18.8,26.9,11.5,16.7,24.5,39,0.0,0.0,0.0,0.0,2.34,7.3
2004-04-17,20.1,29.6,10.8,18.2,28.8,38,0.0,0.0,0.0,0.0,2.75,8.1
2004-04-18,21.4,31.2,13.2,19.6,29.3,37,0.0,0.0,0.0,0.0,3.04,8.3
2004-04-19,23.9,34.3,14.4,22.4,34.0,35,0.0,0.0,0.0,0.0,3.36,7.1
2004-04-20,25.6,36.1,16.3,24.6,34.8,40,0.0,0.0,0.0,0.0,4.24,9.6
2004-04-21,27.2,36.1,19.8,26.6,36.4,35,0.0,0.0,0.0,0.0,3.3,9.1
2004-04-22,26.0,32.9,18.7,24.6,30.7,34,0.1,0.1,0.0,1.0,4.74,10.2
2004-04-23,19.0,23.8,16.4,18.9,22.1,70,18.4,18.4,0.0,13.0,3.92,9.5
2004-04-24,19.2,23.7,15.2,17.7,23.4,53,0.0,0.0,0.0,0.0,4.46,10.6
2004-04-25,17.8,20.2,15.6,17.2,20.6,66,3.6,3.6,0.0,9.0,4.3,9.3
2004-04-26,22.0,29.9,16.4,20.5,27.9,47,0.0,0.0,0.0,0.0,5.0,11.3
2004-04-27,21.7,30.7,13.0,21.8,31.4,53,0.0,0.0,0.0,0.0,2.77,7.2
2004-04-28,23.7,31.8,16.6,24.6,33.6,58,0.2,0.2,0.0,1.0,2.64,7.4
2004-04-29,25.7,32.6,19.6,26.5,32.7,52,0.0,0.0,0.0,0.0,3.41,10.3
2004-04-30,24.2,29.2,20.7,24.8,30.9,61,0.5,0.5,0.0,2.0,5.2,12.2
2004-05-01,19.8,22.7,17.8,18.9,21.9,62,2.8,2.8,0.0,8.0,3.94,10.7
2004-05-02,13.9,18.0,10.5,13.0,18.7,87,16.3,16.3,0.0,22.0,4.43,11.7
2004-05-03,13.9,18.8,10.4,10.9,15.6,56,0.0,0.0,0.0,0.0,5.04,10.9
2004-05-04,17.1,24.1,10.3,14.1,21.5,35,0.0,0.0,0.0,0.0,3.92,10.1
2004-05-05,20.2,29.7,12.2,17.7,27.3,32,0.0,0.0,0.0,0.0,3.92,10.1
2004-05-06,22.2,31.2,12.3,21.3,31.0,43,0.0,0.0,0.0,0.0,2.5,7.2
2004-05-07,23.2,28.6,18.3,23.0,28.3,50,0.0,0.0,0.0,0.0,2.08,6.3
2004-05-08,23.2,32.7,14.8,23.3,32.6,50,0.0,0.0,0.0,0.0,2.48,6.7
2004-05-09,26.0,35.2,17.4,27.2,37.1,48,0.0,0.0,0.0,0.0,1.92,6.1
2004-05-10,27.5,33.4,21.7,28.7,35.5,47,0.0,0.0,0.0,0.0,2.25,7.7
2004-05-11,23.7,27.1,20.3,25.4,29.0,66,6.1,6.1,0.0,6.0,2.97,8.3
2004-05-12,24.8,31.7,17.3,25.1,32.1,46,0.0,0.0,0.0,0.0,1.82,6.7
2004-05-13,25.0,31.1,18.2,23.6,31.1,33,0.0,0.0,0.0,0.0,5.25,10.5
2004-05-14,19.7,23.7,17.4,20.6,23.6,78,8.7,8.7,0.0,17.0,2.92,7.2
2004-05-15,21.5,27.4,14.5,20.4,25.8,52,0.0,0.0,0.0,0.0,5.17,11.0
2004-05-16,20.6,26.6,14.8,17.0,22.5,26,0.0,0.0,0.0,0.0,5.6,12.3
2004-05-17,23.1,31.8,13.9,21.5,30.6,32,0.0,0.0,0.0,0.0,3.14,7.8
2004-05-18,24.0,30.3,19.0,22.1,27.2,37,0.0,0.0,0.0,0.0,5.34,12.9
2004-05-19,25.7,34.8,16.4,23.7,32.8,27,0.0,0.0,0.0,0.0,3.55,9.8
2004-05-20,27.9,36.0,19.6,27.2,35.9,33,0.0,0.0,0.0,0.0,2.96,8.2
2004-05-21,26.8,34.7,18.3,25.6,33.4,26,0.0,0.0,0.0,0.0,1.98,5.9
2004-05-22,25.7,33.2,17.7,24.1,32.1,28,0.0,0.0,0.0,0.0,1.92,6.2
2004-05-23,26.3,32.9,17.9,26.0,34.1,37,0.0,0.0,0.0,0.0,3.41,9.6
2004-05-24,23.3,28.0,20.2,24.3,28.7,60,9.1,9.1,0.0,10.0,2.33,6.3
2004-05-25,23.9,28.3,20.2,25.5,28.8,67,4.6,4.6,0.0,4.0,3.16,7.9
2004-05-26,21.7,24.5,18.4,22.9,25.4,75,2.6,2.6,0.0,8.0,3.52,8.5
2004-05-27,19.7,23.6,17.5,21.5,26.0,83,4.5,4.5,0.0,13.0,1.96,4.9
2004-05-28,24.3,32.6,16.5,26.3,34.4,64,0.0,0.0,0.0,0.0,2.62,6.9
2004-05-29,25.1,31.0,21.0,26.3,32.8,59,0.0,0.0,0.0,0.0,4.47,10.6
2004-05-30,21.7,26.3,18.6,21.6,25.2,61,2.7,2.7,0.0,6.0,3.86,9.1
2004-05-31,22.9,30.0,14.2,23.0,32.0,53,0.0,0.0,0.0,0.0,2.91,7.2
2004-06-01,23.7,28.3,20.3,23.9,28.9,56,0.0,0.0,0.0,0.0,3.98,9.3
2004-06-02,23.6,29.7,17.1,23.9,30.9,54,0.2,0.2,0.0,1.0,3.33,8.6
2004-06-03,19.8,23.6,17.0,20.5,23.7,79,15.3,15.3,0.0,22.0,3.0,9.7
2004-06-04,16.5,17.2,15.5,17.5,18.3,92,12.4,12.4,0.0,20.0,2.1,4.9
2004-06-05,19.6,24.1,14.5,20.7,25.1,74,0.0,0.0,0.0,0.0,1.61,4.7
2004-06-06,22.2,28.3,16.9,22.8,29.2,62,0.0,0.0,0.0,0.0,3.49,8.5
2004-06-07,22.9,30.5,16.3,22.3,29.0,48,0.0,0.0,0.0,0.0,3.51,9.5
2004-06-08,24.6,33.0,16.8,25.1,33.9,45,0.0,0.0,0.0,0.0,2.14,5.9
2004-06-09,25.5,33.4,17.0,26.7,34.3,53,0.3,0.3,0.0,1.0,2.05,6.2
2004-06-10,27.6,34.6,20.8,28.6,36.1,48,0.0,0.0,0.0,0.0,2.92,8.2
2004-06-11,28.2,34.4,21.8,28.7,35.6,44,0.0,0.0,0.0,0.0,4.25,9.9
2004-06-12,25.3,28.4,23.0,25.9,28.8,52,0.1,0.1,0.0,1.0,3.16,8.2
2004-06-13,22.2,23.5,20.8,23.6,25.1,69,5.1,5.1,0.0,18.0,2.02,5.4
2004-06-14,23.6,28.2,17.6,25.2,29.5,63,0.0,0.0,0.0,0.0,1.33,6.0
2004-06-15,24.4,30.7,19.4,26.5,33.2,61,0.0,0.0,0.0,0.0,2.11,5.6
2004-06-16,25.4,32.9,18.5,27.9,37.5,64,0.0,0.0,0.0,0.0,4.05,8.4
2004-06-17,25.9,30.3,20.5,28.3,32.3,63,0.3,0.3,0.0,1.0,3.05,7.9
2004-06-18,27.5,32.8,23.0,28.0,32.4,48,0.0,0.0,0.0,0.0,3.83,9.3
2004-06-19,28.5,35.6,19.9,29.0,37.0,38,0.0,0.0,0.0,0.0,2.01,7.2
2004-06-20,30.1,38.2,21.1,30.9,40.0,40,0.0,0.0,0.0,0.0,2.24,6.7
2004-06-21,30.4,38.9,22.1,32.4,41.9,46,0.2,0.2,0.0,1.0,2.51,6.6
2004-06-22,30.3,38.3,21.9,33.0,41.8,48,0.0,0.0,0.0,0.0,1.75,5.6
2004-06-23,30.2,36.0,24.4,32.5,39.3,48,0.0,0.0,0.0,0.0,2.75,7.5
2004-06-24,30.9,38.6,23.1,32.6,40.2,44,0.0,0.0,0.0,0.0,1.7,7.4
2004-06-25,31.6,39.6,22.7,32.5,41.3,34,0.0,0.0,0.0,0.0,2.47,6.3
2004-06-26,33.0,39.5,25.9,34.9,42.4,39,0.0,0.0,0.0,0.0,2.97,7.6
2004-06-27,33.9,38.9,28.8,36.0,41.5,43,0.0,0.0,0.0,0.0,4.46,10.3
2004-06-28,33.8,38.3,29.5,37.9,43.4,50,0.5,0.5,0.0,1.0,2.84,7.4
2004-06-29,31.7,36.0,28.0,36.6,40.9,60,1.4,1.4,0.0,3.0,3.62,8.9
2004-06-30,24.4,27.5,21.9,25.6,31.0,71,12.8,12.8,0.0,12.0,5.32,11.2
2004-07-01,28.6,35.2,21.5,30.4,37.5,47,0.0,0.0,0.0,0.0,2.7,7.4
2004-07-02,29.2,36.3,23.2,31.4,38.0,52,0.0,0.0,0.0,0.0,2.0,4.5
2004-07-03,30.9,39.1,22.7,33.1,41.6,44,0.0,0.0,0.0,0.0,1.55,6.6
2004-07-04,30.3,38.2,24.0,32.0,40.7,46,0.5,0.5,0.0,1.0,4.88,11.5
2004-07-05,31.0,39.3,23.3,32.1,39.4,41,0.0,0.0,0.0,0.0,3.16,9.4
2004-07-06,30.7,38.4,22.1,31.2,39.4,36,0.0,0.0,0.0,0.0,3.81,9.5
2004-07-07,31.4,39.5,23.1,32.5,39.7,39,0.0,0.0,0.0,0.0,2.51,7.6
2004-07-08,31.2,39.3,24.7,33.5,40.8,46,0.0,0.0,0.0,0.0,2.82,6.9
2004-07-09,29.0,35.1,23.8,32.0,37.0,58,14.9,14.9,0.0,7.0,3.31,9.1
2004-07-10,23.3,25.3,21.1,26.8,28.7,86,28.4,28.4,0.0,18.0,2.25,7.2
2004-07-11,27.5,35.2,20.6,29.7,36.3,56,0.0,0.0,0.0,0.0,2.6,7.2
2004-07-12,27.6,32.6,22.1,29.6,35.0,53,0.0,0.0,0.0,0.0,2.31,7.2
2004-07-13,27.8,34.6,22.2,30.7,38.1,57,0.0,0.0,0.0,0.0,2.02,6.2
2004-07-14,27.6,33.3,23.1,30.5,36.1,63,0.0,0.0,0.0,0.0,3.19,7.1
2004-07-15,24.6,26.8,23.3,28.6,30.9,82,16.0,16.0,0.0,22.0,2.06,6.8
2004-07-16,23.1,23.6,22.4,27.0,27.7,90,16.9,16.9,0.0,23.0,2.11,4.7
2004-07-17,25.6,29.8,22.4,29.2,33.6,75,1.4,1.4,0.0,7.0,2.11,6.5
2004-07-18,26.3,31.9,21.6,29.1,34.5,65,0.0,0.0,0.0,0.0,2.4,7.0
2004-07-19,27.7,33.4,21.4,30.7,36.8,60,0.0,0.0,0.0,0.0,2.09,4.9
2004-07-20,27.0,32.8,22.4,31.0,38.1,70,4.0,4.0,0.0,3.0,3.51,7.9
2004-07-21,29.0,34.6,23.5,32.5,39.8,63,0.5,0.5,0.0,2.0,3.04,8.5
2004-07-22,31.4,36.5,26.7,34.3,39.8,53,0.0,0.0,0.0,0.0,3.71,10.0
2004-07-23,31.8,37.6,25.4,35.8,42.8,55,0.0,0.0,0.0,0.0,2.33,7.0
2004-07-24,32.4,38.6,26.6,36.7,43.2,55,0.0,0.0,0.0,0.0,2.52,5.6
2004-07-25,31.2,37.5,26.0,35.2,40.4,59,0.0,0.0,0.0,0.0,3.72,8.0
2004-07-26,27.9,30.0,26.3,32.7,34.4,76,4.7,4.7,0.0,6.0,3.01,9.4
2004-07-27,27.6,31.6,24.5,32.2,35.7,74,2.3,2.3,0.0,8.0,2.14,6.3
2004-07-28,28.8,33.7,24.4,33.5,38.2,69,0.0,0.0,0.0,0.0,2.06,6.8
2004-07-29,26.6,29.3,24.3,30.8,32.9,77,23.3,23.3,0.0,9.0,3.61,7.8
2004-07-30,26.5,29.3,24.3,29.8,32.5,68,0.1,0.1,0.0,1.0,1.86,5.6
2004-07-31,25.2,27.6,23.4,29.2,32.1,83,4.6,4.6,0.0,19.0,2.5,6.9
2004-08-01,27.4,31.4,24.1,31.5,35.6,75,0.4,0.4,0.0,3.0,2.69,8.0
2004-08-02,28.3,31.5,25.3,33.4,37.5,76,4.7,4.7,0.0,13.0,2.47,6.7
2004-08-03,29.5,34.1,25.2,35.1,39.9,74,0.3,0.3,0.0,1.0,2.59,7.0
2004-08-04,27.3,32.0,24.0,32.1,36.6,77,13.2,13.2,0.0,14.0,2.28,8.0
2004-08-05,27.6,32.4,22.9,30.2,34.7,61,0.0,0.0,0.0,0.0,3.47,8.9
2004-08-06,27.4,33.6,21.4,30.7,38.2,61,0.0,0.0,0.0,0.0,2.02,5.7
2004-08-07,29.6,36.1,23.8,33.9,40.6,62,0.0,0.0,0.0,0.0,1.77,4.9
2004-08-08,31.3,38.1,25.4,36.3,42.9,62,0.0,0.0,0.0,0.0,1.65,6.3
2004-08-09,32.5,38.7,27.5,38.3,44.8,63,0.5,0.5,0.0,2.0,2.33,6.4
2004-08-10,29.5,32.9,26.6,35.2,38.6,75,5.8,5.8,0.0,3.0,3.13,6.8
2004-08-11,30.5,36.1,26.6,35.8,41.1,69,0.3,0.3,0.0,2.0,2.78,7.1
2004-08-12,27.5,29.0,25.5,32.9,34.7,80,11.5,11.5,0.0,18.0,1.79,6.2
2004-08-13,28.4,33.2,25.5,33.3,37.9,76,4.4,4.4,0.0,10.0,2.94,8.9
2004-08-14,26.7,30.1,23.8,30.2,34.2,73,0.0,0.0,0.0,0.0,3.5,7.3
2004-08-15,24.5,27.1,23.0,27.1,29.6,72,1.8,1.8,0.0,8.0,2.06,6.1
2004-08-16,25.7,31.3,21.7,28.8,34.2,68,2.5,2.5,0.0,7.0,1.7,4.9
2004-08-17,26.8,34.1,20.0,29.7,37.6,64,0.0,0.0,0.0,0.0,2.79,6.3
2004-08-18,27.2,33.8,21.8,30.4,37.2,66,0.0,0.0,0.0,0.0,2.62,7.1
2004-08-19,27.3,31.6,24.2,29.7,35.0,64,2.0,2.0,0.0,2.0,4.78,11.0
2004-08-20,23.7,25.7,21.3,26.6,29.0,81,17.7,17.7,0.0,15.0,3.01,11.4
2004-08-21,23.8,28.5,19.2,26.4,31.5,74,0.0,0.0,0.0,0.0,2.39,6.7
2004-08-22,25.5,30.9,21.3,28.1,33.0,68,0.0,0.0,0.0,0.0,3.58,8.3
2004-08-23,26.4,31.1,21.3,29.1,33.7,65,0.0,0.0,0.0,0.0,2.02,5.9
2004-08-24,24.0,26.1,22.2,27.6,29.4,83,14.5,14.5,0.0,23.0,2.35,6.8
2004-08-25,24.0,27.7,22.0,27.4,31.0,80,3.4,3.4,0.0,8.0,2.01,4.9
2004-08-26,23.0,23.6,22.0,27.0,27.7,87,11.4,11.4,0.0,16.0,1.06,3.7
2004-08-27,22.0,22.8,21.4,25.6,26.5,92,12.2,12.2,0.0,18.0,1.66,4.7
2004-08-28,23.9,27.4,21.0,26.6,30.3,72,0.8,0.8,0.0,3.0,1.52,4.6
2004-08-29,23.0,26.8,19.8,25.5,29.4,76,1.3,1.3,0.0,5.0,2.05,5.8
2004-08-30,24.4,32.3,18.0,27.2,34.9,70,0.0,0.0,0.0,0.0,2.06,5.6
2004-08-31,26.6,32.4,21.7,29.8,36.2,65,0.0,0.0,0.0,0.0,1.6,4.9
2004-09-01,27.0,33.9,20.3,29.7,36.9,61,0.0,0.0,0.0,0.0,2.34,6.2
2004-09-02,24.9,27.2,21.7,27.4,29.5,74,13.2,13.2,0.0,21.0,3.49,9.5
2004-09-03,21.3,22.1,20.6,24.5,25.3,91,25.3,25.3,0.0,22.0,1.89,5.2
2004-09-04,21.2,22.2,20.3,24.6,25.9,94,8.6,8.6,0.0,23.0,1.5,3.9
2004-09-05,22.3,24.8,20.4,25.7,28.1,89,4.1,4.1,0.0,12.0,1.5,4.2
2004-09-06,23.8,27.0,21.6,27.2,30.0,82,1.0,1.0,0.0,7.0,2.73,8.2
2004-09-07,22.5,26.2,18.4,23.5,25.6,63,0.0,0.0,0.0,0.0,1.71,5.0
2004-09-08,22.2,29.2,16.1,23.2,30.6,59,0.0,0.0,0.0,0.0,2.22,5.8
2004-09-09,22.9,31.2,15.3,24.0,32.3,61,0.0,0.0,0.0,0.0,1.75,5.7
2004-09-10,24.4,30.7,19.3,25.2,32.4,57,0.0,0.0,0.0,0.0,3.31,8.0
2004-09-11,23.8,29.3,18.7,24.3,30.9,57,0.0,0.0,0.0,0.0,3.2,7.7
2004-09-12,24.1,30.1,18.9,25.3,31.2,59,0.0,0.0,0.0,0.0,1.98,6.2
2004-09-13,19.9,23.4,16.0,21.5,25.1,81,32.2,32.2,0.0,12.0,3.01,7.2
2004-09-14,20.4,26.2,15.9,21.8,27.5,72,0.0,0.0,0.0,0.0,2.02,6.4
2004-09-15,22.1,30.0,15.9,23.9,31.3,70,0.0,0.0,0.0,0.0,1.98,5.4
2004-09-16,23.3,29.0,19.0,26.0,32.6,75,0.3,0.3,0.0,1.0,1.93,5.6
2004-09-17,22.8,27.8,18.5,25.3,30.2,79,9.2,9.2,0.0,9.0,4.16,9.3
2004-09-18,20.0,22.1,18.4,22.3,23.9,86,5.7,5.7,0.0,15.0,1.32,4.2
2004-09-19,17.0,18.3,15.8,18.3,20.1,97,47.6,47.6,0.0,21.0,2.52,5.9
2004-09-20,19.5,24.8,15.7,20.8,27.8,77,0.0,0.0,0.0,0.0,1.7,5.9
2004-09-21,19.7,26.6,13.2,20.3,27.8,67,0.0,0.0,0.0,0.0,2.97,7.1
2004-09-22,20.8,27.3,15.9,22.4,29.2,74,0.0,0.0,0.0,0.0,2.36,6.5
2004-09-23,22.3,29.6,16.3,23.4,31.1,67,0.0,0.0,0.0,0.0,2.7,6.7
2004-09-24,19.0,21.4,16.8,20.2,22.5,84,10.8,10.8,0.0,21.0,2.2,6.3
2004-09-25,18.7,21.2,16.6,20.0,22.4,82,1.3,1.3,0.0,8.0,1.7,5.5
2004-09-26,19.5,23.9,16.1,21.2,25.4,80,0.0,0.0,0.0,0.0,1.5,5.8
2004-09-27,21.5,26.0,17.7,23.4,28.3,75,0.0,0.0,0.0,0.0,1.71,5.4
2004-09-28,21.6,28.4,15.5,23.3,31.1,73,0.0,0.0,0.0,0.0,1.5,5.3
2004-09-29,20.8,21.7,19.6,23.1,23.8,87,27.4,27.4,0.0,24.0,2.4,7.6
2004-09-30,15.6,20.6,12.5,14.6,23.8,82,30.2,30.2,0.0,19.0,7.05,16.0
2004-10-01,14.2,18.5,8.4,11.9,15.5,52,0.0,0.0,0.0,0.0,3.14,7.9
2004-10-02,12.9,21.3,5.9,11.6,20.2,61,0.0,0.0,0.0,0.0,1.44,5.5
2004-10-03,15.1,23.1,8.3,14.5,22.8,70,0.0,0.0,0.0,0.0,2.19,6.1
2004-10-04,16.6,23.5,9.9,16.4,23.7,71,0.0,0.0,0.0,0.0,2.86,7.0
2004-10-05,17.2,21.6,13.9,17.8,22.6,78,0.9,0.9,0.0,4.0,1.28,5.9
2004-10-06,17.8,24.6,13.1,18.1,25.6,72,0.0,0.0,0.0,0.0,2.22,5.5
2004-10-07,18.2,26.0,11.5,18.0,26.6,64,0.0,0.0,0.0,0.0,2.34,6.1
2004-10-08,18.6,26.6,12.1,18.3,26.3,64,0.0,0.0,0.0,0.0,2.33,6.9
2004-10-09,20.4,27.0,15.1,20.7,27.6,64,0.0,0.0,0.0,0.0,2.31,6.6
2004-10-10,17.3,20.1,14.6,17.0,21.2,77,17.3,17.3,0.0,11.0,4.43,11.7
2004-10-11,16.2,23.0,10.9,15.5,23.0,64,0.0,0.0,0.0,0.0,1.98,6.9
2004-10-12,16.1,23.6,9.7,15.3,22.9,64,0.0,0.0,0.0,0.0,2.3,6.4
2004-10-13,17.7,23.1,12.9,17.6,23.2,65,0.0,0.0,0.0,0.0,1.94,6.0
2004-10-14,16.0,16.9,13.8,15.2,17.3,68,3.5,3.5,0.0,11.0,3.0,7.1
2004-10-15,15.8,19.5,12.5,15.4,19.2,67,0.0,0.0,0.0,0.0,1.04,4.8
2004-10-16,14.9,15.7,13.9,15.1,16.1,89,10.3,10.3,0.0,23.0,2.33,5.5
2004-10-17,14.9,17.0,13.7,15.2,17.3,89,2.5,2.5,0.0,9.0,1.82,4.7
2004-10-18,15.0,20.2,10.5,15.0,19.9,80,0.0,0.0,0.0,0.0,3.08,7.5
2004-10-19,14.8,20.4,10.9,15.0,20.8,82,0.0,0.0,0.0,0.0,1.66,5.7
2004-10-20,14.6,18.8,11.7,13.8,18.4,77,0.9,0.9,0.0,5.0,5.0,11.5
2004-10-21,13.0,15.7,10.8,11.3,13.8,64,0.1,0.1,0.0,1.0,2.16,7.0
2004-10-22,11.7,13.3,9.8,10.4,11.5,77,5.4,5.4,0.0,14.0,2.53,6.2
2004-10-23,10.8,12.1,10.1,10.0,11.2,88,6.7,6.7,0.0,19.0,1.35,3.8
2004-10-24,11.8,15.9,8.5,11.1,15.4,80,0.0,0.0,0.0,0.0,1.86,6.2
2004-10-25,12.7,18.6,8.6,11.3,17.0,69,0.0,0.0,0.0,0.0,2.48,7.2
2004-10-26,11.3,16.5,7.3,8.6,13.1,48,0.0,0.0,0.0,0.0,3.05,7.8
2004-10-27,12.0,17.3,7.5,10.1,15.4,60,0.0,0.0,0.0,0.0,2.16,5.7
2004-10-28,13.4,18.7,9.3,12.3,17.5,69,0.0,0.0,0.0,0.0,2.24,6.2
2004-10-29,14.8,19.4,11.0,14.1,18.3,71,0.3,0.3,0.0,1.0,2.27,5.8
2004-10-30,15.0,17.8,13.5,15.0,17.7,81,6.2,6.2,0.0,14.0,2.67,5.7
2004-10-31,14.8,20.4,10.3,12.9,17.9,63,0.0,0.0,0.0,0.0,3.04,8.3
2004-11-01,12.3,19.5,6.9,10.6,17.7,58,0.0,0.0,0.0,0.0,2.12,4.7
2004-11-02,12.2,19.2,6.8,10.7,17.5,66,0.0,0.0,0.0,0.0,1.84,5.4
2004-11-03,13.3,20.2,7.6,12.4,19.4,72,0.0,0.0,0.0,0.0,1.89,5.6
2004-11-04,14.7,20.9,10.3,13.9,19.9,73,0.0,0.0,0.0,0.0,2.53,6.5
2004-11-05,13.9,19.3,9.5,12.9,18.4,64,0.0,0.0,0.0,0.0,1.66,5.7
2004-11-06,13.0,19.8,6.9,11.9,19.2,72,0.0,0.0,0.0,0.0,1.46,5.0
2004-11-07,14.4,21.1,8.3,13.9,21.0,77,0.9,0.9,0.0,3.0,2.0,6.7
2004-11-08,13.3,15.4,11.7,13.2,15.4,87,10.3,10.3,0.0,12.0,2.3,5.5
2004-11-09,13.4,17.3,10.6,12.7,16.6,81,1.9,1.9,0.0,5.0,4.0,10.4
2004-11-10,10.1,11.6,8.8,7.8,9.6,61,0.6,0.6,0.0,4.0,2.3,8.5
2004-11-11,10.6,14.5,6.4,7.7,11.3,53,0.4,0.4,0.0,2.0,3.47,9.1
2004-11-12,6.2,8.2,4.7,3.6,5.4,81,9.2,9.2,0.0,16.0,3.22,7.3
2004-11-13,5.4,7.1,4.0,3.5,5.2,87,0.2,0.2,0.0,2.0,1.5,4.5
2004-11-14,8.1,13.8,3.8,5.9,11.4,71,0.0,0.0,0.0,0.0,2.2,6.5
2004-11-15,7.7,14.1,3.5,5.2,11.3,60,0.0,0.0,0.0,0.0,2.12,5.6
2004-11-16,7.4,14.0,2.8,4.7,11.1,62,0.0,0.0,0.0,0.0,2.12,6.2
2004-11-17,7.5,15.7,2.0,4.9,13.6,65,0.0,0.0,0.0,0.0,2.77,5.4
2004-11-18,7.9,15.2,1.8,5.7,13.2,68,0.0,0.0,0.0,0.0,1.66,5.0
2004-11-19,8.4,13.6,3.1,6.6,11.8,76,0.0,0.0,0.0,0.0,1.66,4.5
2004-11-20,8.7,14.0,3.8,6.7,11.6,66,0.0,0.0,0.0,0.0,1.22,4.5
2004-11-21,7.8,14.1,2.1,5.6,11.5,68,0.0,0.0,0.0,0.0,2.38,6.2
2004-11-22,9.1,11.9,6.0,7.6,10.8,80,1.4,1.4,0.0,8.0,1.86,4.3
2004-11-23,8.8,12.2,4.2,7.2,10.5,80,2.6,2.6,0.0,6.0,1.55,5.2
2004-11-24,5.2,9.8,1.5,2.8,8.4,94,18.3,11.3,4.9,24.0,3.2,8.1
2004-11-25,0.7,3.0,-1.9,-2.8,-0.8,78,2.7,0.3,1.75,11.0,2.7,6.6
2004-11-26,-0.3,5.4,-4.4,-3.5,2.0,64,0.0,0.0,0.0,0.0,1.21,4.2
2004-11-27,1.7,9.4,-3.7,-1.1,6.4,70,0.0,0.0,0.0,0.0,1.2,3.9
2004-11-28,4.3,11.8,-1.3,1.6,9.2,76,0.0,0.0,0.0,0.0,2.43,5.8
2004-11-29,6.4,13.8,-0.4,3.9,11.2,67,0.0,0.0,0.0,0.0,1.84,5.1
2004-11-30,6.8,9.0,4.3,4.9,7.1,77,4.3,4.3,0.0,11.0,1.49,4.9
2004-12-01,8.7,11.7,5.8,6.7,9.3,82,0.3,0.3,0.0,2.0,3.0,7.2
2004-12-02,8.7,9.7,7.8,6.7,7.7,90,9.4,9.4,0.0,22.0,2.86,8.9
2004-12-03,9.6,13.7,6.3,7.1,10.0,73,11.1,11.1,0.0,10.0,3.49,9.0
2004-12-04,7.1,12.8,3.1,4.4,10.3,59,0.0,0.0,0.0,0.0,2.3,5.5
2004-12-05,6.0,10.1,1.1,3.5,7.5,71,0.1,0.1,0.0,1.0,3.09,5.8
2004-12-06,7.7,11.8,2.7,3.6,7.3,47,0.1,0.1,0.0,1.0,4.44,10.3
2004-12-07,5.7,14.7,-0.8,2.5,12.2,53,0.0,0.0,0.0,0.0,2.15,5.0
2004-12-08,6.1,13.9,-0.3,3.4,11.3,66,0.0,0.0,0.0,0.0,1.75,5.3
2004-12-09,6.6,12.8,1.6,3.1,9.3,60,0.0,0.0,0.0,0.0,3.93,9.9
2004-12-10,5.2,10.8,-0.8,2.5,7.6,62,0.6,0.6,0.0,3.0,1.57,5.1
2004-12-11,7.5,12.9,2.3,5.4,10.7,72,0.0,0.0,0.0,0.0,1.97,4.7
2004-12-12,6.1,13.1,1.4,3.6,10.3,72,0.0,0.0,0.0,0.0,2.28,5.7
2004-12-13,5.9,11.1,0.7,3.7,8.9,77,0.1,0.1,0.0,1.0,1.84,4.8
2004-12-14,8.0,14.4,4.0,6.2,12.1,78,1.2,1.2,0.0,3.0,2.01,7.0
2004-12-15,7.5,12.4,3.0,5.4,10.1,75,0.0,0.0,0.0,0.0,2.02,5.5
2004-12-16,6.4,7.7,5.3,4.3,5.8,87,6.4,6.4,0.0,13.0,2.47,6.2
2004-12-17,5.9,9.3,2.6,3.8,6.9,84,0.0,0.0,0.0,0.0,2.11,5.5
2004-12-18,5.3,9.4,2.0,3.1,7.1,79,0.0,0.0,0.0,0.0,1.86,5.0
2004-12-19,6.0,9.6,3.0,3.9,7.8,79,0.0,0.0,0.0,0.0,1.5,5.4
2004-12-20,3.9,5.1,1.4,-0.2,1.7,67,0.2,0.0,0.21,1.0,4.74,12.0
2004-12-21,-0.6,1.2,-1.5,-4.4,-3.2,82,7.9,0.0,5.95,17.0,3.32,8.1
2004-12-22,-0.9,0.9,-1.9,-4.4,-2.8,82,0.4,0.0,0.63,3.0,2.19,5.6
2004-12-23,-0.3,1.4,-1.3,-4.0,-2.3,83,2.8,0.0,2.24,12.0,2.69,6.7
2004-12-24,-0.2,1.6,-2.0,-3.7,-1.8,80,0.3,0.0,0.35,1.0,2.28,6.0
2004-12-25,0.9,2.5,-0.3,-1.9,0.0,81,0.0,0.0,0.07,0.0,1.3,4.4
2004-12-26,1.6,2.4,0.7,-1.3,-0.6,88,4.8,0.6,3.43,16.0,1.92,7.2
2004-12-27,0.8,2.4,-1.8,-2.1,-0.5,80,0.0,0.0,0.56,0.0,1.7,4.4
2004-12-28,-0.8,3.8,-4.2,-4.2,0.3,72,0.0,0.0,0.0,0.0,3.18,7.3
2004-12-29,-0.8,0.2,-1.7,-4.0,-2.6,85,3.5,0.0,2.52,16.0,1.92,7.4
2004-12-30,-2.5,0.3,-5.4,-7.8,-4.1,39,0.0,0.0,0.07,0.0,5.05,11.9
2004-12-31,-4.9,-0.3,-7.9,-9.0,-4.1,50,0.0,0.0,0.0,0.0,2.26,5.3
