time,temperature_2m_mean,temperature_2m_max,temperature_2m_min,apparent_temperature_mean,apparent_temperature_max,relative_humidity_2m_mean,precipitation_sum,rain_sum,snowfall_sum,precipitation_hours,wind_speed_10m_max,wind_gusts_10m_max
2000-01-01,-2.0,6.8,-9.7,-7.2,1.0,33,0.0,0.0,0.0,0.0,4.9,12.7
2000-01-02,-3.1,6.8,-11.5,-7.7,2.8,33,0.0,0.0,0.0,0.0,2.38,9.1
2000-01-03,-1.3,8.8,-10.3,-5.9,4.4,32,0.0,0.0,0.0,0.0,2.33,9.2
2000-01-04,-0.0,9.6,-8.0,-5.1,3.8,30,0.0,0.0,0.0,0.0,4.73,13.5
2000-01-05,2.4,7.1,-3.9,-2.9,2.5,32,0.0,0.0,0.0,0.0,6.7,18.0
2000-01-06,-1.5,5.9,-9.5,-6.0,1.3,38,0.0,0.0,0.0,0.0,3.1,9.5
2000-01-07,-1.6,6.4,-8.6,-5.8,2.4,34,0.0,0.0,0.0,0.0,1.8,5.8
2000-01-08,-1.3,6.3,-9.4,-5.8,1.5,30,0.0,0.0,0.0,0.0,3.72,10.5
2000-01-09,-1.8,3.6,-10.6,-5.8,-0.2,38,0.0,0.0,0.0,0.0,1.7,5.8
2000-01-10,-1.9,5.3,-8.2,-6.1,1.5,46,0.2,0.0,0.28,2.0,3.1,6.6
2000-01-11,-2.9,2.7,-7.9,-6.7,-0.8,69,0.3,0.0,0.35,3.0,2.97,5.9
2000-01-12,-3.4,3.9,-10.2,-7.2,0.0,54,0.0,0.0,0.0,0.0,1.98,5.5
2000-01-13,-2.1,3.6,-7.4,-6.4,-1.0,48,0.0,0.0,0.0,0.0,3.53,9.3
2000-01-14,-4.4,1.6,-9.3,-8.4,-3.1,62,0.0,0.0,0.28,0.0,2.97,7.8
2000-01-15,-5.2,-0.9,-9.4,-9.5,-5.6,67,0.2,0.0,0.91,1.0,3.2,8.1
2000-01-16,-6.2,-2.7,-9.2,-10.4,-7.3,71,0.7,0.0,1.05,5.0,2.64,6.5
2000-01-17,-5.7,-0.3,-11.7,-9.7,-3.8,65,0.0,0.0,0.07,0.0,2.56,6.3
2000-01-18,-5.5,1.2,-14.6,-9.8,-4.1,51,0.0,0.0,0.0,0.0,3.77,9.4
2000-01-19,-5.6,1.1,-15.6,-9.9,-2.6,39,0.0,0.0,0.0,0.0,2.1,6.1
2000-01-20,-4.9,-1.5,-9.5,-9.0,-6.0,45,0.1,0.0,0.21,1.0,2.79,7.7
2000-01-21,-4.0,2.3,-10.5,-8.2,-2.3,56,0.0,0.0,0.14,0.0,4.03,10.6
2000-01-22,-5.7,2.4,-12.5,-10.0,-1.5,53,0.0,0.0,0.0,0.0,3.05,7.2
2000-01-23,-5.8,0.0,-10.4,-9.9,-4.1,69,0.0,0.0,0.0,0.0,3.68,8.8
2000-01-24,-5.1,1.7,-15.1,-9.1,-2.5,52,0.0,0.0,0.0,0.0,1.75,6.3
2000-01-25,-5.9,0.9,-12.0,-10.0,-3.4,50,0.0,0.0,0.0,0.0,2.97,8.0
2000-01-26,-7.2,1.8,-16.7,-11.3,-2.2,64,0.0,0.0,0.0,0.0,3.0,7.0
2000-01-27,-6.2,0.8,-13.1,-10.3,-3.5,57,0.0,0.0,0.0,0.0,2.64,7.1
2000-01-28,-6.0,1.9,-11.9,-10.2,-2.2,61,0.0,0.0,0.07,0.0,4.05,10.6
2000-01-29,-8.5,-1.8,-13.5,-13.0,-6.3,64,0.0,0.0,0.0,0.0,3.77,9.9
2000-01-30,-9.1,-4.0,-13.9,-13.6,-9.1,64,0.0,0.0,0.21,0.0,3.55,8.8
2000-01-31,-8.3,-1.7,-15.4,-12.7,-6.2,51,0.0,0.0,0.0,0.0,3.88,9.3
2000-02-01,-7.8,-0.1,-16.3,-12.2,-4.6,40,0.0,0.0,0.0,0.0,3.2,7.2
2000-02-02,-6.7,1.0,-16.3,-10.9,-2.8,51,0.0,0.0,0.0,0.0,2.6,6.5
2000-02-03,-4.0,4.5,-12.7,-8.1,0.4,48,0.0,0.0,0.0,0.0,3.23,8.1
2000-02-04,-1.9,4.6,-8.6,-6.1,-0.2,47,0.0,0.0,0.0,0.0,3.26,8.9
2000-02-05,-3.1,3.5,-10.6,-7.2,-0.5,39,0.0,0.0,0.0,0.0,2.06,5.2
2000-02-06,-2.0,6.9,-9.7,-7.1,1.1,25,0.0,0.0,0.0,0.0,5.58,14.5
2000-02-07,-4.0,3.2,-12.5,-8.0,0.0,51,0.0,0.0,0.0,0.0,1.82,5.8
2000-02-08,-1.2,5.8,-9.3,-5.1,2.6,34,0.0,0.0,0.0,0.0,1.84,5.2
2000-02-09,0.2,7.7,-7.8,-4.1,3.7,33,0.0,0.0,0.0,0.0,3.19,8.9
2000-02-10,-0.5,6.6,-8.3,-4.7,3.0,35,0.0,0.0,0.0,0.0,3.02,6.6
2000-02-11,0.7,9.1,-8.1,-3.3,5.9,34,0.0,0.0,0.0,0.0,3.13,7.1
2000-02-12,-1.7,2.7,-5.2,-6.2,-2.4,53,0.7,0.0,0.91,3.0,3.76,10.5
2000-02-13,-2.6,2.2,-7.5,-7.0,-2.3,60,1.1,0.0,1.05,5.0,3.26,8.2
2000-02-14,-1.7,4.8,-8.7,-6.0,0.4,44,0.0,0.0,0.0,0.0,3.04,7.8
2000-02-15,-1.6,6.8,-10.7,-5.6,2.9,32,0.0,0.0,0.0,0.0,2.19,7.6
2000-02-16,0.5,9.3,-8.9,-4.0,6.6,19,0.0,0.0,0.0,0.0,2.56,7.2
2000-02-17,0.4,5.1,-3.9,-3.9,0.4,38,0.0,0.0,0.07,0.0,3.85,10.2
2000-02-18,-0.9,3.0,-4.7,-4.9,-1.4,68,1.2,0.0,1.75,11.0,3.65,9.7
2000-02-19,-3.8,0.9,-7.2,-8.0,-3.4,67,0.0,0.0,0.49,0.0,3.14,7.9
2000-02-20,-2.2,3.1,-7.4,-6.0,0.6,62,0.0,0.0,0.0,0.0,2.77,6.4
2000-02-21,0.8,5.9,-4.7,-2.8,3.7,50,0.0,0.0,0.14,0.0,3.35,7.3
2000-02-22,0.3,3.1,-3.8,-3.7,-1.3,62,0.3,0.0,0.84,3.0,3.77,9.4
2000-02-23,-2.9,-1.6,-5.7,-7.0,-5.8,77,6.3,0.0,4.55,21.0,3.47,8.1
2000-02-24,-5.6,-3.5,-9.3,-9.9,-7.4,69,2.9,0.0,2.1,18.0,2.8,9.0
2000-02-25,-10.6,-3.9,-21.2,-14.9,-6.7,46,0.0,0.0,0.0,0.0,2.28,7.7
2000-02-26,-9.6,-1.2,-20.0,-13.7,-3.5,36,0.0,0.0,0.0,0.0,1.39,5.0
2000-02-27,-7.5,-0.7,-17.3,-11.5,-3.3,39,0.0,0.0,0.0,0.0,1.52,4.5
2000-02-28,-6.1,1.4,-16.0,-9.9,-0.9,45,0.0,0.0,0.0,0.0,1.51,4.7
2000-02-29,-5.8,3.2,-16.8,-9.5,1.2,50,0.0,0.0,0.0,0.0,1.84,5.4
2000-03-01,-2.7,5.1,-13.6,-6.6,2.7,39,0.0,0.0,0.0,0.0,2.6,5.6
2000-03-02,-0.8,1.5,-4.7,-4.5,-2.0,65,1.3,0.0,1.26,8.0,2.69,7.0
2000-03-03,-3.9,2.2,-13.7,-7.5,-1.1,68,0.0,0.0,0.07,0.0,2.73,6.5
2000-03-04,-1.2,2.8,-6.6,-4.4,0.4,68,0.3,0.0,0.63,2.0,1.66,5.9
2000-03-05,-1.9,1.3,-6.2,-5.5,-1.7,70,0.0,0.0,0.28,0.0,2.56,6.3
2000-03-06,-2.1,2.5,-8.8,-5.5,0.4,62,0.0,0.0,0.0,0.0,2.02,5.0
2000-03-07,-1.1,4.2,-8.0,-4.7,1.1,56,0.0,0.0,0.0,0.0,2.86,7.5
2000-03-08,0.4,5.0,-6.8,-3.1,3.4,47,0.0,0.0,0.0,0.0,2.8,4.9
2000-03-09,-0.0,3.8,-6.1,-3.5,1.0,51,0.0,0.0,0.28,0.0,2.0,5.1
2000-03-10,0.5,5.0,-6.3,-2.7,3.0,63,0.9,0.0,1.05,4.0,2.69,5.4
2000-03-11,0.3,6.1,-9.5,-2.7,5.1,60,0.0,0.0,0.0,0.0,1.02,4.4
2000-03-12,0.3,7.4,-10.5,-3.3,5.5,54,0.0,0.0,0.0,0.0,3.04,6.1
2000-03-13,1.8,5.9,-4.6,-1.4,3.9,56,0.0,0.0,0.0,0.0,2.51,5.7
2000-03-14,1.2,4.8,-4.7,-2.0,2.3,69,3.5,0.2,2.73,9.0,2.93,7.0
2000-03-15,1.7,6.5,-5.0,-1.4,5.3,60,0.6,0.0,0.56,4.0,2.44,5.9
2000-03-16,1.5,7.2,-7.5,-1.7,5.7,49,0.0,0.0,0.21,0.0,2.02,4.6
2000-03-17,2.4,8.7,-7.2,-1.0,7.0,43,0.0,0.0,0.0,0.0,2.4,5.4
2000-03-18,3.2,8.9,-4.2,0.2,7.7,49,0.0,0.0,0.07,0.0,1.94,4.3
2000-03-19,3.8,9.2,-3.0,1.1,7.0,65,0.8,0.5,0.21,4.0,1.97,6.0
2000-03-20,3.3,8.4,-6.5,0.5,6.4,69,2.0,0.0,1.47,5.0,2.7,5.9
2000-03-21,4.9,11.2,-3.7,2.1,10.6,60,1.7,0.0,1.19,5.0,2.92,6.1
2000-03-22,1.2,4.0,-2.1,-2.8,0.8,62,0.8,0.0,1.19,6.0,3.05,8.2
2000-03-23,0.4,6.8,-9.2,-2.9,5.2,50,0.3,0.0,0.21,3.0,2.15,5.7
2000-03-24,0.7,5.1,-4.5,-2.9,2.0,50,1.2,0.0,1.05,7.0,2.26,6.6
2000-03-25,2.0,5.9,-2.9,-1.0,4.1,62,0.4,0.1,0.21,3.0,1.61,5.4
2000-03-26,1.6,11.4,-9.1,-3.0,7.5,34,0.0,0.0,0.0,0.0,4.55,12.2
2000-03-27,5.9,15.0,-5.1,1.7,11.9,26,0.0,0.0,0.0,0.0,3.03,12.2
2000-03-28,7.5,18.0,-4.2,4.2,16.1,33,0.0,0.0,0.0,0.0,1.81,5.9
2000-03-29,9.5,20.2,-3.0,6.3,18.2,31,0.0,0.0,0.0,0.0,1.75,5.6
2000-03-30,11.8,20.8,0.7,8.4,19.3,25,0.0,0.0,0.0,0.0,3.48,8.0
2000-03-31,11.5,18.1,2.1,8.4,15.8,35,0.0,0.0,0.0,0.0,2.56,6.9
2000-04-01,9.0,14.2,2.7,6.4,12.3,61,2.7,2.4,0.21,8.0,3.35,9.5
2000-04-02,5.6,8.3,2.7,3.0,6.3,73,7.7,0.5,5.18,18.0,2.46,7.7
2000-04-03,4.7,10.2,-2.2,2.2,8.7,71,2.7,1.6,0.77,8.0,1.73,5.6
2000-04-04,4.1,7.4,0.5,1.4,6.2,75,5.3,0.3,3.57,12.0,2.69,8.3
2000-04-05,4.3,8.8,-1.7,1.2,7.2,58,0.1,0.1,0.07,1.0,3.72,9.6
2000-04-06,5.8,10.4,-0.5,2.7,8.3,51,0.5,0.3,0.28,1.0,2.48,8.1
2000-04-07,6.2,13.3,-4.7,3.1,11.5,48,0.0,0.0,0.0,0.0,2.82,8.2
2000-04-08,8.5,15.0,0.3,4.6,11.4,31,0.0,0.0,0.0,0.0,4.36,11.3
2000-04-09,6.3,11.5,-1.3,2.7,9.6,35,0.4,0.4,0.0,4.0,3.21,9.7
2000-04-10,6.3,13.2,-2.4,2.9,10.3,38,0.0,0.0,0.0,0.0,2.82,9.0
2000-04-11,8.8,15.8,-0.8,4.6,11.9,28,0.1,0.1,0.0,1.0,5.19,14.1
2000-04-12,11.2,20.6,0.8,7.4,17.1,25,0.0,0.0,0.0,0.0,3.62,11.8
2000-04-13,5.9,10.3,0.7,1.2,6.8,37,0.2,0.1,0.14,1.0,6.61,17.4
2000-04-14,3.4,8.6,-1.9,-0.3,4.7,52,0.2,0.0,0.28,1.0,4.41,12.1
2000-04-15,8.4,17.3,-2.5,4.8,14.0,34,0.0,0.0,0.0,0.0,3.11,8.8
2000-04-16,12.5,22.1,1.1,8.9,19.9,21,0.0,0.0,0.0,0.0,4.43,10.6
2000-04-17,12.1,16.1,5.5,8.4,12.6,33,0.9,0.9,0.0,3.0,3.82,11.4
2000-04-18,12.2,20.2,1.4,9.3,18.1,38,0.3,0.3,0.0,2.0,3.0,10.2
2000-04-19,9.8,13.7,2.4,5.9,9.9,36,0.1,0.0,0.07,1.0,4.81,13.1
2000-04-20,7.5,15.8,-1.4,3.8,11.7,46,1.7,0.4,0.91,6.0,5.55,14.1
2000-04-21,9.3,15.5,1.5,5.6,13.5,25,0.0,0.0,0.0,0.0,4.04,10.2
2000-04-22,10.8,17.3,3.5,7.6,16.3,29,0.0,0.0,0.0,0.0,3.01,8.4
2000-04-23,13.1,21.3,2.2,9.1,17.1,29,0.0,0.0,0.0,0.0,6.36,17.8
2000-04-24,11.0,16.3,5.8,7.6,14.5,39,0.9,0.9,0.0,4.0,5.11,14.4
2000-04-25,8.2,11.6,3.5,5.4,8.4,60,0.1,0.0,0.14,1.0,2.7,6.9
2000-04-26,10.5,17.4,2.4,8.0,16.6,43,0.2,0.2,0.0,2.0,3.45,8.5
2000-04-27,11.4,17.2,3.4,8.5,15.2,42,3.2,3.2,0.0,6.0,2.45,8.0
2000-04-28,9.5,19.1,2.1,7.1,16.8,65,5.3,2.2,2.17,7.0,5.42,15.5
2000-04-29,8.1,14.0,1.3,5.3,11.9,52,0.2,0.1,0.07,1.0,3.62,9.6
2000-04-30,10.7,17.8,1.3,7.4,15.3,30,0.0,0.0,0.0,0.0,3.32,7.6
2000-05-01,13.2,19.9,5.5,10.0,18.0,26,0.0,0.0,0.0,0.0,2.64,7.2
2000-05-02,12.7,18.1,4.1,10.0,17.1,45,0.2,0.2,0.0,2.0,2.46,8.3
2000-05-03,14.0,22.0,3.2,11.0,19.8,35,0.0,0.0,0.0,0.0,3.0,8.5
2000-05-04,16.1,24.7,4.6,12.8,23.4,22,0.0,0.0,0.0,0.0,3.5,11.8
2000-05-05,16.4,21.8,9.1,13.6,21.3,30,0.2,0.2,0.0,2.0,3.96,11.6
2000-05-06,15.4,21.0,6.6,13.4,21.1,43,0.4,0.4,0.0,2.0,2.55,6.8
2000-05-07,15.2,20.8,8.4,13.6,20.1,56,2.9,2.9,0.0,5.0,2.48,7.9
2000-05-08,12.5,16.4,8.2,11.4,16.7,78,15.0,15.0,0.0,21.0,3.3,11.1
2000-05-09,12.4,17.9,6.3,11.1,17.8,66,3.8,3.8,0.0,9.0,2.56,8.8
2000-05-10,14.1,21.9,5.3,12.8,20.4,59,7.0,7.0,0.0,9.0,1.84,9.2
2000-05-11,14.5,20.9,5.1,11.4,17.2,45,0.0,0.0,0.0,0.0,5.48,15.4
2000-05-12,16.7,24.8,5.4,14.3,23.3,35,0.1,0.1,0.0,1.0,3.32,10.7
2000-05-13,17.4,26.6,7.1,15.7,25.8,47,0.7,0.7,0.0,2.0,5.16,13.2
2000-05-14,16.4,21.6,10.5,15.3,22.0,56,2.4,2.4,0.0,8.0,3.3,9.9
2000-05-15,11.3,14.0,8.1,9.0,11.9,67,0.3,0.3,0.0,2.0,3.71,9.8
2000-05-16,13.1,19.5,4.6,11.4,19.7,60,0.6,0.6,0.0,3.0,2.91,9.1
2000-05-17,14.1,18.1,7.6,12.0,16.6,51,0.4,0.4,0.0,2.0,3.07,8.7
2000-05-18,13.5,20.8,3.9,11.6,21.2,46,2.2,2.2,0.0,6.0,2.2,7.9
2000-05-19,14.9,22.0,6.2,12.6,21.4,38,0.0,0.0,0.0,0.0,2.16,7.7
2000-05-20,16.6,23.6,5.9,14.5,24.0,38,0.0,0.0,0.0,0.0,1.97,6.5
2000-05-21,18.1,24.9,7.6,15.7,24.4,34,0.0,0.0,0.0,0.0,3.5,9.9
2000-05-22,19.2,24.6,11.1,16.2,22.9,26,0.0,0.0,0.0,0.0,3.34,9.4
2000-05-23,18.7,25.2,10.3,16.5,24.7,32,0.0,0.0,0.0,0.0,2.76,6.7
2000-05-24,18.1,22.1,12.9,16.0,20.5,41,0.1,0.1,0.0,1.0,2.78,7.5
2000-05-25,14.0,19.4,8.8,12.1,16.4,62,15.0,15.0,0.0,10.0,5.14,13.3
2000-05-26,13.2,17.7,8.9,11.3,16.0,59,0.9,0.9,0.0,4.0,3.48,9.2
2000-05-27,13.6,17.1,9.2,11.1,14.5,45,0.0,0.0,0.0,0.0,3.09,9.3
2000-05-28,15.5,21.0,6.2,14.0,20.9,47,0.0,0.0,0.0,0.0,2.52,6.4
2000-05-29,16.1,21.6,8.2,14.3,20.0,49,1.1,1.1,0.0,4.0,4.24,11.7
2000-05-30,17.7,24.4,7.1,16.2,23.4,44,0.0,0.0,0.0,0.0,2.21,7.7
2000-05-31,17.7,25.1,8.6,15.4,23.6,39,0.0,0.0,0.0,0.0,4.07,10.9
2000-06-01,16.8,22.2,12.0,15.2,21.6,54,1.2,1.2,0.0,3.0,4.0,10.8
2000-06-02,18.2,24.1,12.6,17.7,23.3,66,2.8,2.8,0.0,8.0,3.36,11.0
2000-06-03,19.4,26.7,10.6,18.5,26.8,55,0.0,0.0,0.0,0.0,4.14,11.9
2000-06-04,19.6,26.3,11.6,19.0,26.8,58,0.2,0.2,0.0,1.0,4.08,12.0
2000-06-05,21.1,26.1,14.3,20.3,26.0,49,0.9,0.9,0.0,5.0,4.34,12.4
2000-06-06,15.6,17.9,12.4,15.3,17.6,85,6.5,6.5,0.0,17.0,3.45,8.9
2000-06-07,14.8,18.0,11.1,14.3,17.2,78,4.7,4.7,0.0,20.0,3.11,8.7
2000-06-08,17.5,22.9,10.1,16.9,22.9,63,0.4,0.4,0.0,2.0,2.94,8.0
2000-06-09,14.9,16.8,12.9,14.5,16.2,73,7.3,7.3,0.0,17.0,1.68,6.2
2000-06-10,17.0,22.3,8.9,16.2,22.0,66,0.0,0.0,0.0,0.0,3.1,8.2
2000-06-11,18.0,22.0,10.8,16.5,21.1,55,0.2,0.2,0.0,1.0,4.54,11.7
2000-06-12,16.5,19.8,12.1,15.3,17.7,65,0.0,0.0,0.0,0.0,4.24,11.4
2000-06-13,13.3,15.0,10.0,13.0,14.9,84,9.8,9.8,0.0,10.0,2.28,6.7
2000-06-14,16.4,23.1,6.9,15.4,23.6,59,0.0,0.0,0.0,0.0,3.1,8.0
2000-06-15,17.0,23.6,8.7,15.7,25.2,51,0.0,0.0,0.0,0.0,3.77,9.6
2000-06-16,14.9,20.9,8.2,14.1,20.3,66,5.2,5.2,0.0,12.0,1.9,7.9
2000-06-17,13.7,18.0,9.3,13.0,18.4,72,6.1,6.1,0.0,14.0,2.06,6.8
2000-06-18,14.1,18.9,9.3,13.9,20.8,73,5.3,5.3,0.0,12.0,1.41,7.2
2000-06-19,16.2,22.7,8.3,15.5,23.5,63,0.7,0.7,0.0,3.0,2.33,7.4
2000-06-20,17.4,22.7,11.5,17.3,24.3,62,1.3,1.3,0.0,4.0,2.69,9.0
2000-06-21,18.6,24.9,10.0,18.8,27.1,61,0.5,0.5,0.0,1.0,1.84,6.3
2000-06-22,20.2,26.8,11.9,19.9,27.6,54,0.8,0.8,0.0,4.0,3.98,10.8
2000-06-23,16.1,17.2,14.5,16.6,17.7,88,22.5,22.5,0.0,21.0,2.47,10.1
2000-06-24,15.1,16.7,13.8,15.7,17.5,92,18.7,18.7,0.0,24.0,1.88,6.6
2000-06-25,15.3,19.3,13.3,15.7,18.9,89,8.7,8.7,0.0,22.0,3.37,7.8
2000-06-26,16.1,19.0,12.6,16.4,19.2,83,3.8,3.8,0.0,15.0,2.86,7.4
2000-06-27,15.3,18.6,10.2,15.5,18.0,83,4.4,4.4,0.0,7.0,2.83,7.3
2000-06-28,18.1,24.2,13.3,18.5,25.7,69,4.0,4.0,0.0,6.0,3.32,8.0
2000-06-29,17.6,22.4,12.8,17.8,24.5,68,4.9,4.9,0.0,5.0,2.51,7.6
2000-06-30,19.0,24.5,10.3,18.9,25.3,61,0.0,0.0,0.0,0.0,2.52,7.9
2000-07-01,20.5,25.7,11.6,20.5,27.7,55,0.0,0.0,0.0,0.0,3.61,9.6
2000-07-02,18.6,21.5,15.4,18.5,21.0,68,3.8,3.8,0.0,9.0,4.59,12.4
2000-07-03,19.5,24.1,13.4,20.0,25.8,70,0.4,0.4,0.0,3.0,3.13,9.7
2000-07-04,20.9,25.7,14.6,20.7,25.6,55,0.0,0.0,0.0,0.0,3.34,9.2
2000-07-05,21.9,26.8,16.0,21.1,27.9,41,0.0,0.0,0.0,0.0,2.81,6.9
2000-07-06,21.7,27.4,16.3,20.4,25.9,45,0.0,0.0,0.0,0.0,4.68,12.0
2000-07-07,16.7,19.4,12.9,16.9,19.7,79,13.3,13.3,0.0,16.0,2.12,6.9
2000-07-08,18.2,24.4,11.9,17.9,25.4,63,0.0,0.0,0.0,0.0,2.34,7.4
2000-07-09,19.3,25.3,11.2,17.9,25.4,41,0.0,0.0,0.0,0.0,2.9,8.0
2000-07-10,18.8,23.7,13.5,17.2,22.3,46,0.0,0.0,0.0,0.0,2.91,7.8
2000-07-11,19.5,24.5,14.2,18.9,26.3,48,1.3,1.3,0.0,1.0,3.01,9.7
2000-07-12,19.7,26.4,12.5,19.6,28.5,50,4.8,4.8,0.0,5.0,1.81,6.5
2000-07-13,19.2,25.5,13.7,19.7,27.9,64,3.8,3.8,0.0,4.0,2.25,9.1
2000-07-14,20.3,26.3,12.4,20.0,27.7,55,0.0,0.0,0.0,0.0,2.6,6.2
2000-07-15,22.6,29.7,13.5,22.2,31.0,43,0.0,0.0,0.0,0.0,2.45,6.7
2000-07-16,24.7,32.2,15.3,24.0,33.0,37,0.0,0.0,0.0,0.0,3.3,8.9
2000-07-17,26.4,32.2,20.2,25.9,33.3,37,0.0,0.0,0.0,0.0,4.94,12.1
2000-07-18,25.8,32.0,20.1,26.2,34.3,45,0.0,0.0,0.0,0.0,3.81,10.1
2000-07-19,25.3,29.9,20.4,26.3,31.9,54,0.0,0.0,0.0,0.0,3.94,10.7
2000-07-20,25.5,30.9,19.3,26.4,33.4,52,0.0,0.0,0.0,0.0,3.4,9.2
2000-07-21,25.5,31.1,18.7,26.2,33.6,53,0.0,0.0,0.0,0.0,3.91,10.6
2000-07-22,25.8,32.6,18.5,26.6,34.3,49,0.0,0.0,0.0,0.0,3.79,8.8
2000-07-23,27.2,34.0,19.0,27.5,36.1,41,0.0,0.0,0.0,0.0,3.88,10.9
2000-07-24,27.8,34.8,20.9,28.3,36.5,40,0.3,0.3,0.0,2.0,3.6,10.0
2000-07-25,26.9,33.3,20.1,27.3,36.0,44,2.8,2.8,0.0,2.0,3.85,10.6
2000-07-26,26.3,33.9,20.0,27.6,35.8,51,3.6,3.6,0.0,3.0,3.75,11.1
2000-07-27,20.9,24.4,18.2,21.9,25.6,76,9.3,9.3,0.0,12.0,4.0,10.6
2000-07-28,16.2,18.0,13.3,16.4,18.5,86,5.8,5.8,0.0,20.0,3.52,9.4
2000-07-29,17.4,22.3,12.4,16.9,21.1,64,0.9,0.9,0.0,5.0,2.44,7.2
2000-07-30,17.8,24.4,11.5,16.5,25.5,45,0.2,0.2,0.0,1.0,2.6,7.2
2000-07-31,18.0,25.6,12.6,17.6,26.1,61,2.4,2.4,0.0,5.0,2.7,8.3
2000-08-01,16.4,20.6,12.9,16.2,22.1,72,3.7,3.7,0.0,11.0,1.87,7.0
2000-08-02,16.7,21.3,12.1,15.7,20.4,61,2.0,2.0,0.0,9.0,2.7,8.0
2000-08-03,18.2,24.4,11.9,16.9,23.5,52,0.0,0.0,0.0,0.0,4.39,11.4
2000-08-04,20.1,24.6,14.7,20.0,26.5,56,0.0,0.0,0.0,0.0,2.51,6.3
2000-08-05,18.5,22.9,14.6,18.9,23.3,71,6.2,6.2,0.0,9.0,1.68,6.4
2000-08-06,16.9,21.2,13.6,17.9,23.0,87,16.6,16.6,0.0,24.0,2.82,8.4
2000-08-07,18.0,23.6,13.5,18.4,25.8,73,8.0,8.0,0.0,11.0,2.72,7.2
2000-08-08,18.1,25.0,12.3,18.3,26.4,66,0.2,0.2,0.0,1.0,2.83,7.8
2000-08-09,17.8,23.7,12.7,18.1,25.7,66,1.9,1.9,0.0,4.0,1.75,6.1
2000-08-10,18.8,25.7,12.6,18.6,27.0,58,1.8,1.8,0.0,4.0,2.97,9.0
2000-08-11,19.7,25.3,13.6,19.7,28.2,59,0.0,0.0,0.0,0.0,2.28,6.6
2000-08-12,21.4,27.7,15.0,21.3,28.6,53,0.3,0.3,0.0,2.0,3.32,10.9
2000-08-13,17.4,20.0,15.0,18.2,20.4,85,16.9,16.9,0.0,21.0,2.01,6.2
2000-08-14,18.2,22.3,14.5,19.1,24.5,77,2.6,2.6,0.0,7.0,2.09,7.4
2000-08-15,19.1,24.7,13.3,19.5,26.4,67,0.0,0.0,0.0,0.0,2.8,7.4
2000-08-16,16.6,20.4,13.6,16.8,20.6,80,15.8,15.8,0.0,14.0,2.47,7.8
2000-08-17,17.6,23.2,12.6,18.1,24.4,71,1.5,1.5,0.0,2.0,2.11,7.1
2000-08-18,19.1,25.8,11.2,19.2,28.4,61,0.0,0.0,0.0,0.0,3.01,7.2
2000-08-19,19.9,26.0,12.6,19.4,26.8,58,0.1,0.1,0.0,1.0,4.85,13.2
2000-08-20,16.7,19.4,14.9,16.9,20.0,76,6.4,6.4,0.0,9.0,1.9,6.0
2000-08-21,15.3,18.7,12.7,15.5,18.7,89,14.7,14.7,0.0,13.0,4.31,11.4
2000-08-22,16.7,22.2,10.9,16.6,23.2,72,0.6,0.6,0.0,4.0,2.73,6.5
2000-08-23,17.4,22.5,12.6,17.0,23.1,66,0.1,0.1,0.0,1.0,3.42,9.2
2000-08-24,18.5,23.6,12.3,18.2,24.3,61,0.1,0.1,0.0,1.0,2.35,7.1
2000-08-25,17.4,22.1,13.6,17.4,22.6,70,7.5,7.5,0.0,9.0,2.41,6.9
2000-08-26,17.2,23.2,11.7,17.6,25.9,72,8.4,8.4,0.0,11.0,1.66,7.3
2000-08-27,15.2,20.6,10.8,14.8,21.7,73,5.4,5.4,0.0,15.0,2.06,7.1
2000-08-28,14.0,20.2,9.4,13.3,20.8,69,4.0,4.0,0.0,7.0,1.77,6.8
2000-08-29,15.6,23.2,8.5,14.8,24.3,61,2.3,2.3,0.0,4.0,1.9,7.2
2000-08-30,17.0,24.4,8.9,16.0,24.9,54,0.0,0.0,0.0,0.0,2.56,7.7
2000-08-31,19.4,26.7,10.9,18.4,28.0,44,0.1,0.1,0.0,1.0,1.97,6.4
2000-09-01,20.6,28.1,12.5,19.9,28.3,50,0.0,0.0,0.0,0.0,3.81,12.2
2000-09-02,17.7,20.2,14.7,18.2,20.8,79,9.4,9.4,0.0,15.0,2.77,8.5
2000-09-03,14.0,15.5,12.8,14.4,15.4,93,12.8,12.8,0.0,15.0,1.68,5.4
2000-09-04,14.2,16.6,11.5,14.1,16.5,89,6.9,6.9,0.0,21.0,2.91,7.4
2000-09-05,12.6,16.0,9.8,11.3,14.3,84,1.0,1.0,0.0,7.0,3.86,10.5
2000-09-06,10.1,12.3,6.8,8.4,10.5,85,10.5,9.5,0.7,16.0,2.75,8.1
2000-09-07,12.9,19.1,7.3,12.2,19.9,74,1.1,1.1,0.0,2.0,2.61,6.8
2000-09-08,14.0,19.0,9.7,12.9,17.3,75,0.0,0.0,0.0,0.0,3.26,8.7
2000-09-09,13.3,15.4,10.8,12.5,14.8,81,2.1,2.1,0.0,11.0,2.72,8.0
2000-09-10,13.9,18.0,10.7,13.2,16.9,77,1.1,1.1,0.0,7.0,2.41,6.8
2000-09-11,11.5,13.1,9.7,10.7,12.3,89,7.5,7.5,0.0,24.0,2.2,8.5
2000-09-12,12.6,17.0,8.9,11.7,15.9,80,0.6,0.6,0.0,4.0,1.75,6.4
2000-09-13,14.0,19.0,9.4,13.6,20.0,78,13.7,13.7,0.0,19.0,2.1,7.9
2000-09-14,13.6,19.7,7.3,12.8,20.9,71,0.5,0.5,0.0,1.0,1.86,6.4
2000-09-15,13.3,19.7,7.4,12.4,20.1,68,2.4,2.4,0.0,3.0,1.27,5.9
2000-09-16,13.1,19.1,6.6,12.2,19.8,71,3.1,3.1,0.0,4.0,1.8,6.3
2000-09-17,12.9,20.1,7.3,11.7,20.4,70,8.3,8.3,0.0,8.0,2.53,7.5
2000-09-18,11.0,15.9,7.2,9.8,15.6,79,7.4,7.4,0.0,17.0,1.68,7.1
2000-09-19,10.0,16.1,5.0,8.7,15.5,77,4.9,4.9,0.0,9.0,1.4,7.7
2000-09-20,11.8,19.7,4.2,10.2,17.8,65,0.0,0.0,0.0,0.0,1.65,6.6
2000-09-21,14.4,22.3,5.9,12.3,21.5,49,0.1,0.1,0.0,1.0,3.4,8.9
2000-09-22,14.0,18.3,9.4,12.5,16.7,65,3.1,3.1,0.0,8.0,2.33,6.0
2000-09-23,13.4,19.3,6.5,11.7,17.5,65,2.6,2.6,0.0,3.0,4.2,11.2
2000-09-24,12.7,15.8,10.5,11.5,14.4,79,2.5,2.5,0.0,8.0,3.23,9.2
2000-09-25,11.2,14.2,9.0,10.0,13.2,84,1.8,1.8,0.0,8.0,2.14,6.4
2000-09-26,13.0,18.7,7.4,11.9,18.3,73,0.0,0.0,0.0,0.0,1.78,5.7
2000-09-27,14.4,19.9,8.9,13.4,20.2,71,0.0,0.0,0.0,0.0,3.91,10.7
2000-09-28,11.6,12.7,10.4,10.8,11.9,91,11.3,11.3,0.0,23.0,2.46,8.0
2000-09-29,9.9,11.6,7.3,8.3,10.1,87,9.3,9.2,0.07,24.0,3.0,8.6
2000-09-30,9.8,12.9,6.2,8.6,11.7,83,3.0,2.5,0.35,8.0,1.53,4.5
2000-10-01,12.3,19.0,5.9,10.6,17.4,64,0.0,0.0,0.0,0.0,2.15,7.8
2000-10-02,12.5,21.4,4.5,10.7,20.7,54,0.3,0.3,0.0,1.0,1.61,5.3
2000-10-03,12.9,21.3,6.0,11.6,20.0,65,5.5,5.5,0.0,5.0,3.51,8.6
2000-10-04,12.6,18.5,7.1,11.5,18.6,73,1.4,1.4,0.0,5.0,1.77,7.5
2000-10-05,13.5,21.5,7.1,12.0,20.9,58,0.0,0.0,0.0,0.0,1.91,5.9
2000-10-06,13.9,22.9,6.6,11.9,21.4,55,0.0,0.0,0.0,0.0,4.09,10.6
2000-10-07,12.0,16.9,7.5,9.7,14.9,60,0.0,0.0,0.0,0.0,3.28,8.3
2000-10-08,11.8,19.6,5.0,9.9,18.6,65,0.0,0.0,0.0,0.0,3.83,10.6
2000-10-09,10.8,15.2,7.5,9.0,13.2,78,4.3,4.3,0.0,8.0,3.65,9.7
2000-10-10,6.9,8.7,4.6,4.7,6.2,89,10.5,5.5,3.64,19.0,2.73,7.8
2000-10-11,6.4,12.0,2.9,3.7,8.8,78,0.2,0.0,0.21,2.0,3.67,9.3
2000-10-12,7.0,12.2,3.1,4.4,9.6,77,0.5,0.1,0.28,3.0,4.08,10.8
2000-10-13,6.4,10.2,3.7,4.1,7.6,82,3.1,1.2,1.4,10.0,2.06,6.4
2000-10-14,7.4,13.5,2.1,5.0,11.1,72,0.0,0.0,0.0,0.0,2.2,7.6
2000-10-15,5.5,7.7,2.5,3.1,5.1,84,5.6,1.2,3.22,15.0,2.12,7.2
2000-10-16,7.4,14.3,2.0,4.4,11.0,62,0.0,0.0,0.0,0.0,4.34,12.2
2000-10-17,8.8,17.4,0.1,6.0,15.1,47,0.0,0.0,0.0,0.0,2.06,5.4
2000-10-18,9.8,16.0,5.2,7.2,13.1,55,0.1,0.1,0.0,1.0,4.14,9.2
2000-10-19,7.8,13.6,2.9,4.7,10.6,62,0.1,0.0,0.14,1.0,4.08,11.7
2000-10-20,6.7,15.2,0.7,3.6,12.4,59,0.7,0.5,0.14,5.0,3.05,8.7
2000-10-21,4.5,11.0,-1.0,1.9,9.0,72,0.4,0.4,0.0,2.0,1.68,5.2
2000-10-22,8.1,16.2,0.7,5.6,14.1,62,0.4,0.4,0.0,2.0,1.9,5.9
2000-10-23,9.2,16.0,3.5,6.9,13.8,73,1.2,1.1,0.07,5.0,4.44,11.7
2000-10-24,3.4,8.3,-0.2,-0.1,4.8,71,1.3,0.0,1.12,3.0,3.58,9.1
2000-10-25,6.7,14.7,-0.3,3.9,12.3,58,0.0,0.0,0.0,0.0,2.2,5.7
2000-10-26,6.9,14.7,0.6,4.0,12.2,58,1.0,1.0,0.0,1.0,3.26,7.7
2000-10-27,5.0,9.0,1.3,2.3,6.7,71,0.7,0.2,0.35,3.0,1.91,6.1
2000-10-28,4.3,8.9,0.1,0.1,3.5,58,2.2,0.1,1.54,7.0,7.83,21.1
2000-10-29,3.6,11.9,-4.0,-0.1,7.8,45,0.0,0.0,0.0,0.0,2.73,8.9
2000-10-30,3.7,9.3,-2.4,0.2,6.3,57,3.4,0.3,2.24,5.0,3.55,9.2
2000-10-31,0.7,10.1,-6.8,-2.6,7.1,62,0.0,0.0,0.0,0.0,1.55,6.1
2000-11-01,3.5,12.1,-2.4,0.0,8.7,43,0.0,0.0,0.0,0.0,2.06,6.3
2000-11-02,6.0,14.6,-2.5,2.7,11.7,46,0.0,0.0,0.0,0.0,2.22,6.0
2000-11-03,7.1,13.6,-0.6,2.8,7.9,42,0.0,0.0,0.0,0.0,7.02,19.3
2000-11-04,5.7,14.5,-1.0,1.7,10.4,37,0.0,0.0,0.0,0.0,2.64,7.8
2000-11-05,6.0,14.4,-0.7,1.5,10.1,32,0.2,0.2,0.0,1.0,5.0,13.3
2000-11-06,2.2,8.4,-3.2,-1.8,4.5,54,0.0,0.0,0.0,0.0,4.0,10.1
2000-11-07,1.1,9.2,-5.0,-2.3,5.7,62,0.2,0.0,0.14,1.0,2.35,5.7
2000-11-08,5.7,16.0,-2.8,2.0,12.4,43,0.0,0.0,0.0,0.0,1.75,6.7
2000-11-09,1.7,6.6,-4.5,-2.5,2.1,57,0.0,0.0,0.0,0.0,3.83,9.2
2000-11-10,-2.8,2.3,-6.5,-7.0,-2.5,60,0.0,0.0,0.0,0.0,3.22,7.4
2000-11-11,-2.1,2.6,-5.4,-5.8,-1.1,74,2.4,0.0,1.75,10.0,3.61,9.2
2000-11-12,-0.6,6.4,-7.8,-4.1,3.1,64,0.0,0.0,0.0,0.0,2.06,5.2
2000-11-13,1.3,9.0,-5.2,-2.4,5.5,57,0.0,0.0,0.0,0.0,3.45,7.7
2000-11-14,0.5,5.0,-3.2,-3.2,0.5,72,2.1,0.0,1.54,5.0,3.93,10.7
2000-11-15,0.3,5.0,-4.1,-3.4,1.3,65,1.8,0.0,1.4,5.0,2.82,8.3
2000-11-16,0.0,5.7,-4.9,-3.8,2.5,59,0.0,0.0,0.0,0.0,2.15,6.7
2000-11-17,1.0,6.5,-4.7,-2.4,3.1,48,0.0,0.0,0.0,0.0,1.75,4.9
2000-11-18,-1.0,2.5,-5.0,-4.9,-2.2,68,4.2,0.0,2.94,10.0,3.41,9.6
2000-11-19,-5.2,-1.2,-14.0,-9.5,-5.4,68,3.0,0.0,2.17,11.0,3.51,10.9
2000-11-20,-9.5,-0.5,-15.2,-14.2,-4.2,57,0.0,0.0,0.0,0.0,2.94,9.0
2000-11-21,-8.3,1.9,-18.0,-12.7,-1.7,60,0.0,0.0,0.0,0.0,2.42,7.9
2000-11-22,-6.8,3.9,-15.8,-10.9,0.5,53,0.0,0.0,0.0,0.0,1.84,7.5
2000-11-23,-4.4,6.7,-12.1,-8.6,3.3,51,0.0,0.0,0.0,0.0,1.92,6.4
2000-11-24,-2.5,7.3,-9.2,-6.5,3.9,53,0.0,0.0,0.0,0.0,1.9,6.3
2000-11-25,-4.3,1.9,-10.2,-8.3,-1.8,63,0.3,0.0,0.28,3.0,2.42,6.4
2000-11-26,-3.1,3.0,-12.8,-6.7,-0.3,67,0.0,0.0,0.0,0.0,1.44,5.5
2000-11-27,-3.5,2.7,-11.0,-7.1,-0.6,64,0.0,0.0,0.0,0.0,1.6,5.3
2000-11-28,-2.1,3.3,-8.5,-6.0,-0.1,59,0.0,0.0,0.0,0.0,2.59,6.0
2000-11-29,-2.7,1.3,-11.4,-6.2,-2.2,74,1.7,0.0,1.26,7.0,1.97,6.2
2000-11-30,-5.3,3.0,-12.8,-9.2,-0.4,66,0.0,0.0,0.0,0.0,1.68,7.6
2000-12-01,-4.3,-0.9,-9.2,-8.1,-4.5,67,3.1,0.0,2.24,13.0,2.24,5.2
2000-12-02,-5.9,-1.3,-10.3,-10.1,-5.7,66,0.0,0.0,0.35,0.0,4.06,11.6
2000-12-03,-9.8,-0.3,-17.9,-14.5,-4.2,52,0.0,0.0,0.0,0.0,2.73,10.1
2000-12-04,-7.2,2.2,-14.8,-11.1,-1.3,56,0.0,0.0,0.0,0.0,1.34,6.6
2000-12-05,-4.8,3.8,-14.4,-8.6,0.5,63,0.0,0.0,0.0,0.0,1.93,6.7
2000-12-06,-4.7,3.6,-10.8,-8.3,0.4,72,0.0,0.0,0.0,0.0,1.66,6.0
2000-12-07,-6.2,3.7,-13.0,-10.2,0.2,68,0.0,0.0,0.0,0.0,1.8,6.7
2000-12-08,-6.0,3.2,-14.0,-10.1,-0.1,63,0.0,0.0,0.0,0.0,2.1,8.4
2000-12-09,-5.5,0.7,-13.2,-9.6,-3.4,67,0.0,0.0,0.0,0.0,2.41,5.6
2000-12-10,-7.4,-2.2,-14.9,-11.3,-5.9,71,0.0,0.0,0.14,0.0,2.02,5.4
2000-12-11,-7.8,-2.1,-15.4,-11.7,-6.1,74,0.0,0.0,0.0,0.0,2.36,4.8
2000-12-12,-7.6,-1.4,-16.5,-11.8,-5.2,69,0.0,0.0,0.21,0.0,2.36,7.7
2000-12-13,-10.6,0.3,-18.5,-15.1,-3.6,62,0.0,0.0,0.0,0.0,2.47,8.9
2000-12-14,-10.5,1.0,-20.0,-14.9,-2.6,61,0.0,0.0,0.0,0.0,2.19,8.3
2000-12-15,-8.7,2.9,-17.5,-12.8,-0.1,57,0.0,0.0,0.0,0.0,1.66,7.0
2000-12-16,-7.6,2.7,-16.9,-11.8,-1.1,60,0.0,0.0,0.0,0.0,2.15,7.6
2000-12-17,-6.2,4.7,-15.7,-10.4,1.5,57,0.0,0.0,0.0,0.0,2.21,8.4
2000-12-18,-2.3,1.4,-7.1,-5.9,-2.4,54,0.0,0.0,0.07,0.0,1.36,5.2
2000-12-19,-6.3,-1.5,-14.6,-9.9,-5.1,78,2.6,0.0,1.89,11.0,1.3,4.3
2000-12-20,-6.3,-0.7,-11.4,-10.2,-4.3,75,0.0,0.0,0.0,0.0,2.56,7.5
2000-12-21,-10.5,0.1,-17.2,-15.1,-3.7,63,0.0,0.0,0.0,0.0,2.56,9.0
2000-12-22,-7.5,3.4,-14.2,-12.2,-0.7,47,0.0,0.0,0.0,0.0,2.73,10.8
2000-12-23,-5.3,4.7,-14.6,-9.9,1.1,46,0.0,0.0,0.0,0.0,2.51,9.8
2000-12-24,-6.6,4.4,-14.8,-10.9,1.1,53,0.0,0.0,0.0,0.0,2.24,8.7
2000-12-25,-7.0,4.6,-16.7,-11.4,1.4,47,0.0,0.0,0.0,0.0,2.19,7.3
2000-12-26,-5.2,3.9,-15.5,-9.1,0.5,52,0.0,0.0,0.0,0.0,1.84,7.2
2000-12-27,-6.0,4.1,-14.9,-9.9,0.7,63,0.0,0.0,0.0,0.0,1.75,7.1
2000-12-28,-5.4,4.1,-14.4,-9.4,0.7,55,0.0,0.0,0.0,0.0,1.65,7.2
2000-12-29,-5.5,3.3,-14.1,-9.4,0.1,57,0.0,0.0,0.0,0.0,1.71,6.1
2000-12-30,-6.9,3.5,-16.0,-10.8,0.1,59,0.0,0.0,0.0,0.0,1.39,6.0
2000-12-31,-5.3,5.0,-15.1,-9.8,1.1,47,0.0,0.0,0.0,0.0,3.71,10.5
2001-01-01,-5.3,2.0,-12.2,-9.4,-1.9,47,0.0,0.0,0.0,0.0,1.66,7.4
2001-01-02,-5.7,1.9,-13.0,-10.4,-2.5,45,0.0,0.0,0.0,0.0,4.03,11.7
2001-01-03,-8.4,2.7,-18.0,-13.2,-1.4,46,0.0,0.0,0.0,0.0,2.73,9.4
2001-01-04,-8.2,3.0,-17.6,-12.6,-0.6,41,0.0,0.0,0.0,0.0,2.2,7.9
2001-01-05,-7.4,0.0,-14.1,-11.6,-4.2,55,0.0,0.0,0.0,0.0,3.06,8.6
2001-01-06,-8.0,2.1,-16.9,-12.5,-2.0,52,0.0,0.0,0.0,0.0,2.8,9.0
2001-01-07,-5.7,3.9,-15.4,-10.1,0.5,51,0.0,0.0,0.0,0.0,3.19,6.9
2001-01-08,-6.3,-0.5,-11.7,-10.8,-5.6,59,0.0,0.0,0.14,0.0,3.96,11.1
2001-01-09,-11.1,-0.9,-20.4,-16.0,-5.7,49,0.0,0.0,0.0,0.0,2.94,8.5
2001-01-10,-9.2,1.7,-18.3,-14.2,-3.3,37,0.0,0.0,0.0,0.0,2.88,9.4
2001-01-11,-7.2,3.9,-17.4,-12.0,-0.5,35,0.0,0.0,0.0,0.0,2.69,10.5
2001-01-12,-4.8,0.7,-13.5,-10.5,-5.7,30,0.0,0.0,0.0,0.0,6.62,18.9
2001-01-13,-5.7,1.7,-13.9,-10.4,-2.7,33,0.0,0.0,0.0,0.0,4.12,13.3
2001-01-14,-8.2,2.5,-18.7,-12.7,-1.9,44,0.0,0.0,0.0,0.0,1.97,6.5
2001-01-15,-7.4,3.8,-16.6,-11.9,-0.5,39,0.0,0.0,0.0,0.0,2.08,7.0
2001-01-16,-6.9,4.4,-16.5,-11.5,0.2,35,0.0,0.0,0.0,0.0,2.56,8.4
2001-01-17,-5.5,6.3,-16.1,-9.9,2.2,38,0.0,0.0,0.0,0.0,1.99,6.9
2001-01-18,-4.8,0.7,-13.2,-9.1,-3.9,42,0.0,0.0,0.0,0.0,2.7,6.6
2001-01-19,-4.7,3.7,-14.2,-8.8,-0.2,49,0.0,0.0,0.0,0.0,2.4,7.4
2001-01-20,-2.5,6.6,-11.4,-6.7,3.0,40,0.0,0.0,0.0,0.0,2.53,6.0
2001-01-21,-0.1,5.9,-5.8,-4.2,1.6,40,0.0,0.0,0.14,0.0,2.82,8.8
2001-01-22,-2.2,1.6,-8.8,-6.0,-2.2,48,0.0,0.0,0.0,0.0,1.94,4.9
2001-01-23,-1.7,0.5,-6.0,-5.4,-3.0,71,0.6,0.0,1.19,5.0,3.0,8.3
2001-01-24,-4.6,-1.2,-7.7,-8.4,-5.7,77,0.5,0.0,1.26,3.0,2.92,7.7
2001-01-25,-5.3,-1.0,-10.1,-9.8,-5.5,63,0.3,0.0,0.49,2.0,4.42,11.9
2001-01-26,-7.8,1.3,-18.3,-12.4,-2.8,44,0.0,0.0,0.0,0.0,3.14,9.2
2001-01-27,-6.6,0.5,-16.1,-11.1,-3.7,52,0.0,0.0,0.0,0.0,3.22,7.9
2001-01-28,-5.9,2.3,-14.0,-10.2,-2.1,50,0.0,0.0,0.0,0.0,2.69,7.6
2001-01-29,-4.0,4.5,-13.9,-8.3,0.1,41,0.0,0.0,0.0,0.0,3.44,8.5
2001-01-30,-4.0,7.5,-14.6,-8.4,3.8,38,0.0,0.0,0.0,0.0,3.26,8.1
2001-01-31,-4.3,1.0,-9.0,-8.8,-4.0,43,0.0,0.0,0.0,0.0,3.07,7.0
2001-02-01,-3.4,5.6,-13.2,-7.7,1.2,44,0.0,0.0,0.0,0.0,3.23,7.7
2001-02-02,-3.2,5.4,-13.1,-7.5,0.9,40,0.0,0.0,0.0,0.0,3.08,7.7
2001-02-03,-2.2,4.5,-8.1,-6.4,0.1,41,0.0,0.0,0.0,0.0,2.16,7.1
2001-02-04,-2.6,4.8,-11.3,-6.8,1.0,42,0.0,0.0,0.0,0.0,2.95,7.0
2001-02-05,-0.7,7.3,-10.0,-4.6,4.0,48,0.0,0.0,0.14,0.0,2.66,7.4
2001-02-06,0.9,4.4,-1.9,-3.1,0.1,55,1.1,0.0,1.12,6.0,2.79,8.3
2001-02-07,-1.6,6.3,-8.8,-6.0,1.0,33,0.0,0.0,0.0,0.0,3.2,8.7
2001-02-08,-2.7,7.1,-11.1,-7.1,2.6,34,0.0,0.0,0.07,0.0,3.28,8.2
2001-02-09,-1.5,5.6,-7.4,-6.1,-0.5,37,0.0,0.0,0.14,0.0,5.28,14.5
2001-02-10,-1.7,7.3,-9.9,-6.3,2.8,25,0.0,0.0,0.0,0.0,3.42,7.5
2001-02-11,-1.4,2.9,-4.1,-5.5,-1.5,60,2.4,0.0,2.03,13.0,2.72,7.4
2001-02-12,-4.0,-0.9,-7.4,-8.4,-5.6,68,1.4,0.0,1.12,9.0,3.19,7.6
2001-02-13,-4.2,3.4,-12.2,-8.5,-2.0,48,0.0,0.0,0.0,0.0,4.1,11.5
2001-02-14,-2.6,8.7,-13.4,-7.3,4.2,27,0.0,0.0,0.0,0.0,2.53,8.6
2001-02-15,-1.7,6.4,-11.6,-5.6,2.6,40,0.0,0.0,0.0,0.0,3.13,6.4
2001-02-16,-0.1,8.2,-8.6,-4.1,4.2,39,0.0,0.0,0.0,0.0,2.15,6.4
2001-02-17,1.4,11.3,-9.2,-2.6,8.2,35,0.0,0.0,0.0,0.0,2.57,6.7
2001-02-18,2.9,11.6,-3.3,-1.1,6.6,36,0.0,0.0,0.0,0.0,3.42,6.7
2001-02-19,1.8,8.7,-3.0,-1.8,5.3,44,0.0,0.0,0.14,0.0,2.73,5.1
2001-02-20,3.1,11.7,-3.7,-0.8,7.5,31,0.0,0.0,0.0,0.0,1.71,5.7
2001-02-21,4.0,14.1,-4.2,-0.3,10.2,20,0.0,0.0,0.0,0.0,2.72,5.8
2001-02-22,3.0,6.8,-1.5,-1.3,2.9,35,0.0,0.0,0.28,0.0,3.0,8.0
2001-02-23,0.2,5.1,-4.3,-4.0,0.4,50,0.0,0.0,0.35,0.0,3.18,9.1
2001-02-24,-0.9,5.4,-6.2,-4.9,1.2,50,0.0,0.0,0.0,0.0,2.69,6.7
2001-02-25,1.4,8.1,-3.4,-2.3,4.4,40,0.0,0.0,0.0,0.0,3.09,6.8
2001-02-26,1.3,7.1,-2.3,-2.5,4.0,55,0.9,0.0,0.77,6.0,4.03,10.4
2001-02-27,-0.4,4.0,-4.8,-4.2,-0.2,54,0.0,0.0,0.0,0.0,2.09,6.3
2001-02-28,1.5,8.0,-3.3,-2.7,2.4,38,0.0,0.0,0.0,0.0,4.22,11.3
2001-03-01,1.0,5.9,-3.0,-3.2,1.5,28,0.3,0.0,0.42,2.0,1.71,5.6
2001-03-02,2.4,8.1,-3.0,-2.3,2.9,31,0.0,0.0,0.0,0.0,6.73,17.7
2001-03-03,-0.0,7.8,-6.2,-5.1,1.8,25,0.0,0.0,0.0,0.0,5.53,14.5
2001-03-04,1.1,7.7,-5.6,-3.6,3.2,19,0.0,0.0,0.0,0.0,2.97,8.4
2001-03-05,3.1,8.1,-1.4,-2.9,1.1,12,0.0,0.0,0.0,0.0,7.72,20.3
2001-03-06,3.0,10.8,-4.0,-2.7,4.5,7,0.0,0.0,0.0,0.0,6.43,17.0
2001-03-07,-1.0,7.7,-7.7,-5.4,3.6,31,0.0,0.0,0.0,0.0,3.3,8.5
2001-03-08,2.2,11.7,-5.8,-1.7,8.3,23,0.0,0.0,0.0,0.0,2.18,5.5
2001-03-09,4.8,13.2,-1.7,0.7,9.7,18,0.0,0.0,0.0,0.0,3.51,7.9
2001-03-10,4.4,11.3,-0.3,0.1,7.2,19,0.0,0.0,0.0,0.0,4.01,10.4
2001-03-11,3.6,12.0,-3.2,-0.1,8.4,24,0.0,0.0,0.0,0.0,1.2,6.0
2001-03-12,4.9,15.0,-3.3,0.7,10.8,13,0.0,0.0,0.0,0.0,2.42,6.6
2001-03-13,6.6,17.1,-1.2,2.3,12.7,16,0.0,0.0,0.0,0.0,4.3,9.4
2001-03-14,2.6,10.8,-3.3,-1.9,6.2,26,0.0,0.0,0.0,0.0,3.1,8.3
2001-03-15,4.7,12.4,-1.0,0.8,8.6,29,0.0,0.0,0.14,0.0,2.92,7.5
2001-03-16,3.4,8.4,0.7,-0.3,5.4,45,1.8,0.4,1.12,7.0,2.62,7.4
2001-03-17,2.9,10.2,-2.5,-0.8,7.6,45,0.0,0.0,0.07,0.0,3.45,8.3
2001-03-18,4.3,10.1,0.0,0.8,7.5,41,0.8,0.0,0.56,5.0,2.21,6.3
2001-03-19,4.9,10.0,-0.2,0.7,5.4,38,0.6,0.1,0.42,3.0,5.82,15.2
2001-03-20,6.2,16.4,-1.6,1.8,11.9,17,0.0,0.0,0.0,0.0,3.16,9.3
2001-03-21,6.3,14.3,-0.3,1.8,10.6,19,0.0,0.0,0.0,0.0,4.46,11.9
2001-03-22,7.7,15.9,0.8,3.7,11.2,30,0.0,0.0,0.0,0.0,4.15,11.3
2001-03-23,6.2,11.5,1.4,2.7,8.1,41,0.8,0.4,0.42,4.0,2.83,6.2
2001-03-24,5.3,12.1,-0.5,1.7,7.8,44,0.5,0.2,0.28,3.0,3.11,10.4
2001-03-25,5.7,13.3,-1.8,1.9,7.9,40,0.0,0.0,0.0,0.0,3.54,9.0
2001-03-26,5.8,11.0,-0.2,1.8,8.2,30,0.0,0.0,0.0,0.0,3.72,10.5
2001-03-27,4.2,9.8,-1.1,0.2,5.0,39,0.1,0.1,0.07,1.0,4.01,12.6
2001-03-28,6.0,13.5,-1.7,1.5,8.7,30,0.0,0.0,0.0,0.0,4.91,12.6
2001-03-29,7.9,17.1,0.2,3.9,13.4,18,0.0,0.0,0.0,0.0,3.57,8.6
2001-03-30,9.0,17.1,0.7,5.1,13.9,16,0.0,0.0,0.0,0.0,2.7,7.2
2001-03-31,10.4,18.6,1.3,6.5,14.8,17,0.0,0.0,0.0,0.0,3.07,8.8
2001-04-01,11.0,19.9,2.6,7.3,16.7,24,0.0,0.0,0.0,0.0,3.41,8.1
2001-04-02,11.5,16.6,5.9,7.2,12.0,25,0.0,0.0,0.0,0.0,4.28,11.3
2001-04-03,9.4,14.8,4.2,6.3,11.7,43,0.6,0.6,0.0,4.0,2.06,6.9
2001-04-04,9.5,17.7,2.3,6.6,14.7,54,1.6,1.3,0.21,6.0,4.35,11.2
2001-04-05,5.9,10.8,1.2,2.8,6.4,58,9.5,0.3,6.44,11.0,5.0,13.1
2001-04-06,6.4,19.3,-4.5,2.6,15.1,31,0.0,0.0,0.0,0.0,4.22,14.3
2001-04-07,7.3,14.2,1.2,3.7,9.7,38,0.2,0.2,0.0,1.0,4.4,12.8
2001-04-08,9.7,21.7,1.7,5.8,18.7,34,0.0,0.0,0.07,0.0,6.45,16.8
2001-04-09,-1.9,2.3,-4.7,-6.7,-2.2,61,2.7,0.0,1.96,13.0,4.89,12.3
2001-04-10,-1.5,5.4,-6.7,-6.4,-1.2,37,0.0,0.0,0.28,0.0,5.57,15.2
2001-04-11,2.5,12.0,-5.5,-1.6,7.5,19,0.0,0.0,0.0,0.0,3.28,10.4
2001-04-12,7.3,17.5,-1.9,2.7,12.2,16,0.0,0.0,0.0,0.0,4.6,12.6
2001-04-13,6.3,11.9,1.7,2.2,8.7,21,0.0,0.0,0.0,0.0,3.86,10.7
2001-04-14,6.5,15.1,-1.5,3.0,11.3,32,0.0,0.0,0.0,0.0,3.03,9.1
2001-04-15,10.4,20.0,0.9,6.9,17.1,25,0.0,0.0,0.0,0.0,3.02,8.9
2001-04-16,13.2,21.5,5.9,9.8,18.5,25,0.0,0.0,0.0,0.0,2.8,8.1
2001-04-17,14.1,23.2,5.0,11.5,20.9,41,0.5,0.5,0.0,3.0,3.8,10.3
2001-04-18,14.8,21.6,7.6,12.3,20.5,40,0.0,0.0,0.0,0.0,4.32,10.5
2001-04-19,14.3,19.2,11.1,10.8,16.2,38,0.0,0.0,0.0,0.0,6.28,15.8
2001-04-20,9.0,13.2,4.9,6.3,9.8,68,5.0,2.3,1.89,12.0,4.25,11.6
2001-04-21,10.6,17.7,4.5,8.3,15.4,60,0.0,0.0,0.0,0.0,4.19,11.3
2001-04-22,8.7,12.9,6.1,6.7,12.0,72,5.4,4.1,0.91,10.0,2.33,8.4
2001-04-23,7.1,10.6,4.3,4.7,8.7,78,5.8,2.1,2.59,18.0,3.31,8.8
2001-04-24,9.4,15.7,3.1,6.4,12.0,50,0.2,0.0,0.21,1.0,5.26,14.1
2001-04-25,10.4,19.5,4.0,8.1,16.4,61,0.7,0.2,0.35,3.0,4.16,10.7
2001-04-26,11.9,19.8,4.0,9.9,18.6,57,0.9,0.9,0.0,3.0,3.91,11.8
2001-04-27,9.8,14.4,6.8,7.8,13.1,74,10.0,7.0,2.1,12.0,4.12,11.6
2001-04-28,9.3,15.3,4.4,7.1,12.7,70,1.9,0.7,1.12,8.0,2.97,8.9
2001-04-29,8.1,11.1,4.2,4.4,6.8,46,0.5,0.5,0.0,3.0,5.19,14.2
2001-04-30,8.1,15.6,0.4,4.3,11.6,32,0.0,0.0,0.0,0.0,4.43,11.4
2001-05-01,12.4,21.4,2.9,8.5,17.6,25,0.0,0.0,0.0,0.0,5.0,13.5
2001-05-02,13.6,20.1,5.9,10.2,17.0,26,0.6,0.6,0.0,1.0,4.21,12.2
2001-05-03,12.1,16.4,7.3,9.4,14.9,47,0.9,0.9,0.0,4.0,3.01,8.5
2001-05-04,12.6,18.7,7.8,10.4,16.0,51,1.5,1.5,0.42,5.0,2.85,7.0
2001-05-05,15.7,23.9,7.2,13.1,22.0,37,0.0,0.0,0.0,0.0,2.86,8.1
2001-05-06,11.1,15.2,6.1,7.6,11.4,48,0.5,0.5,0.0,3.0,4.52,10.6
2001-05-07,8.2,11.4,5.2,6.3,11.1,75,6.3,4.3,1.47,15.0,2.25,8.1
2001-05-08,9.6,15.6,2.9,7.3,13.7,55,1.3,1.3,0.0,3.0,1.9,7.3
2001-05-09,11.8,18.5,4.6,9.0,14.8,42,0.0,0.0,0.0,0.0,2.98,8.9
2001-05-10,13.7,21.1,5.7,10.5,17.8,31,0.0,0.0,0.0,0.0,4.43,12.0
2001-05-11,14.8,19.2,10.5,11.7,15.9,34,0.0,0.0,0.0,0.0,3.5,9.4
2001-05-12,15.5,23.6,6.0,12.5,20.8,32,0.0,0.0,0.0,0.0,3.05,9.0
2001-05-13,15.6,23.5,9.1,13.2,21.5,44,5.1,5.1,0.0,8.0,4.07,10.0
2001-05-14,10.8,17.7,6.5,9.0,16.2,77,14.2,13.2,0.7,20.0,4.4,11.9
2001-05-15,8.4,11.0,5.6,6.2,8.6,75,1.0,1.0,0.0,6.0,2.55,8.3
2001-05-16,11.4,16.2,6.3,9.9,14.8,65,0.7,0.7,0.0,5.0,1.3,4.9
2001-05-17,12.0,16.0,8.3,9.8,13.5,54,0.2,0.2,0.0,2.0,2.26,7.2
2001-05-18,12.5,18.7,5.5,10.2,16.8,49,0.5,0.5,0.0,3.0,2.69,8.7
2001-05-19,13.6,20.1,8.0,11.2,17.9,48,0.4,0.4,0.0,1.0,2.77,8.8
2001-05-20,15.7,23.0,6.7,13.6,21.0,42,0.0,0.0,0.0,0.0,2.06,7.8
2001-05-21,18.4,26.6,9.5,16.1,25.2,32,0.0,0.0,0.0,0.0,2.84,6.7
2001-05-22,17.9,23.0,14.6,15.1,20.7,35,0.0,0.0,0.0,0.0,5.69,14.3
2001-05-23,11.7,15.4,7.4,9.8,13.0,69,5.8,5.4,0.28,11.0,3.26,10.4
2001-05-24,13.2,20.0,7.9,12.2,19.8,69,5.4,5.4,0.0,6.0,2.82,10.3
2001-05-25,10.8,13.1,9.2,8.5,10.8,71,3.2,3.2,0.0,13.0,3.76,10.8
2001-05-26,12.2,17.6,8.5,10.7,15.6,68,1.8,1.8,0.0,4.0,2.3,7.0
2001-05-27,14.0,19.7,8.4,13.1,20.7,64,4.1,4.1,0.0,9.0,2.16,7.4
2001-05-28,10.8,12.8,10.1,9.7,11.7,84,8.3,8.3,0.0,19.0,1.75,6.8
2001-05-29,12.4,18.2,7.8,11.3,18.6,70,5.7,5.7,0.0,11.0,2.22,8.4
2001-05-30,11.5,15.6,7.4,10.2,15.9,72,5.3,5.3,0.0,19.0,2.89,8.4
2001-05-31,13.1,18.6,6.4,11.7,18.2,62,0.8,0.8,0.0,4.0,2.36,7.0
2001-06-01,16.0,22.9,8.2,14.3,21.6,44,0.0,0.0,0.0,0.0,2.5,7.0
2001-06-02,17.1,23.4,10.3,15.6,23.5,43,0.9,0.9,0.0,3.0,2.41,6.7
2001-06-03,16.8,22.2,10.8,15.5,22.3,56,1.2,1.2,0.0,4.0,2.46,8.0
2001-06-04,18.4,25.3,9.5,16.5,23.8,42,0.0,0.0,0.0,0.0,2.66,7.9
2001-06-05,18.8,24.3,13.4,16.0,21.0,32,0.0,0.0,0.0,0.0,4.8,12.6
2001-06-06,16.6,22.2,11.1,15.6,22.1,54,0.9,0.9,0.0,6.0,1.92,6.8
2001-06-07,17.4,21.9,13.2,15.6,19.0,47,0.0,0.0,0.0,0.0,2.91,8.4
2001-06-08,18.7,23.7,13.9,17.8,24.7,46,0.7,0.7,0.0,3.0,2.42,7.4
2001-06-09,19.0,26.6,11.8,18.3,26.2,55,1.9,1.9,0.0,4.0,3.0,7.7
2001-06-10,14.7,17.6,12.1,14.5,17.5,79,16.5,16.5,0.0,17.0,1.81,7.5
2001-06-11,15.9,22.3,10.9,15.5,23.2,69,1.1,1.1,0.0,2.0,1.84,7.0
2001-06-12,16.5,23.0,9.6,15.1,21.1,56,0.0,0.0,0.0,0.0,4.05,10.6
2001-06-13,19.3,28.0,10.5,17.5,27.7,38,0.0,0.0,0.0,0.0,3.23,8.3
2001-06-14,20.0,25.9,13.8,18.6,25.6,42,2.4,2.4,0.0,3.0,4.03,10.7
2001-06-15,16.7,21.9,12.7,15.6,21.4,59,4.1,4.1,0.0,5.0,3.2,9.1
2001-06-16,15.6,21.5,11.2,14.9,22.6,65,5.3,5.3,0.0,5.0,2.33,7.3
2001-06-17,17.1,22.8,12.4,16.6,23.1,59,1.6,1.6,0.0,4.0,2.6,6.5
2001-06-18,18.7,25.4,13.3,18.2,25.6,58,1.4,1.4,0.0,3.0,3.62,10.3
2001-06-19,13.9,18.1,11.3,13.2,17.6,80,11.8,11.8,0.0,16.0,2.75,7.0
2001-06-20,14.4,19.1,10.3,13.6,18.2,70,1.2,1.2,0.0,6.0,1.61,5.0
2001-06-21,16.6,23.7,8.5,15.9,23.9,58,0.0,0.0,0.0,0.0,1.9,6.2
2001-06-22,17.8,24.6,10.2,17.5,26.0,58,0.0,0.0,0.0,0.0,2.34,6.8
2001-06-23,19.6,26.6,12.0,18.6,27.3,49,0.0,0.0,0.0,0.0,3.01,7.2
2001-06-24,21.4,28.4,13.1,20.0,27.5,37,0.0,0.0,0.0,0.0,3.18,8.1
2001-06-25,22.2,28.3,16.3,20.3,26.6,34,0.0,0.0,0.0,0.0,4.3,11.2
2001-06-26,20.3,24.5,16.5,19.6,23.5,52,0.5,0.5,0.0,3.0,2.94,7.3
2001-06-27,17.5,20.6,14.9,17.1,19.6,67,6.0,6.0,0.0,11.0,2.22,7.4
2001-06-28,14.5,18.1,12.6,14.3,17.4,82,20.9,20.9,0.0,16.0,2.52,6.3
2001-06-29,17.3,22.9,9.6,16.7,23.9,62,0.5,0.5,0.0,4.0,2.75,8.9
2001-06-30,19.6,26.7,11.4,18.6,27.7,49,0.0,0.0,0.0,0.0,3.98,11.0
2001-07-01,18.2,23.7,13.1,18.3,25.7,62,8.3,8.3,0.0,11.0,4.16,11.8
2001-07-02,16.5,20.3,12.3,16.0,21.6,65,6.2,6.2,0.0,5.0,2.84,8.4
2001-07-03,19.8,27.8,10.6,19.0,27.8,47,0.0,0.0,0.0,0.0,2.06,6.8
2001-07-04,22.6,30.6,13.1,21.9,31.0,39,0.0,0.0,0.0,0.0,2.81,8.1
2001-07-05,24.6,31.6,18.4,24.4,31.0,42,0.6,0.6,0.0,1.0,2.97,8.3
2001-07-06,23.2,27.3,19.6,23.8,29.1,57,3.6,3.6,0.0,7.0,4.81,13.1
2001-07-07,21.8,26.5,17.5,21.8,25.9,58,0.7,0.7,0.0,4.0,4.11,11.3
2001-07-08,23.4,29.7,18.9,24.3,31.3,60,3.2,3.2,0.0,3.0,4.4,13.1
2001-07-09,17.2,21.9,15.5,17.5,22.4,80,5.4,5.4,0.0,14.0,2.28,7.0
2001-07-10,16.8,21.3,14.4,17.0,21.1,76,5.8,5.8,0.0,10.0,2.3,6.2
2001-07-11,18.1,26.5,9.9,18.4,28.6,65,0.6,0.6,0.0,2.0,2.4,6.0
2001-07-12,19.3,26.2,11.6,19.7,28.7,65,2.7,2.7,0.0,4.0,1.92,7.7
2001-07-13,21.3,30.3,12.8,21.4,31.1,53,1.1,1.1,0.0,1.0,1.65,6.3
2001-07-14,23.0,29.8,15.7,22.5,30.1,43,0.0,0.0,0.0,0.0,3.32,9.3
2001-07-15,24.3,31.1,18.0,23.2,30.9,35,0.0,0.0,0.0,0.0,4.21,11.8
2001-07-16,23.8,28.1,20.0,23.6,28.7,50,2.9,2.9,0.0,4.0,4.62,12.6
2001-07-17,20.9,23.4,18.6,21.6,24.5,71,4.8,4.8,0.0,12.0,3.55,9.9
2001-07-18,19.2,21.8,17.8,20.4,22.9,80,6.4,6.4,0.0,10.0,2.63,7.5
2001-07-19,17.3,20.0,15.5,18.4,20.7,88,6.7,6.7,0.0,12.0,2.33,6.5
2001-07-20,20.7,26.4,15.3,21.2,26.5,64,0.9,0.9,0.0,3.0,2.51,9.3
2001-07-21,19.3,26.1,13.6,20.2,29.0,65,6.0,6.0,0.0,5.0,1.89,6.2
2001-07-22,20.4,28.5,12.8,21.3,30.6,63,1.7,1.7,0.0,3.0,2.62,6.7
2001-07-23,20.5,28.7,14.8,21.1,30.3,64,5.2,5.2,0.0,5.0,3.18,9.9
2001-07-24,19.5,24.8,15.6,20.2,26.5,72,3.1,3.1,0.0,12.0,2.62,9.1
2001-07-25,18.8,22.9,15.1,18.6,22.2,69,0.8,0.8,0.0,4.0,4.56,11.4
2001-07-26,19.2,24.1,16.6,19.9,24.0,72,0.6,0.6,0.0,4.0,1.81,7.1
2001-07-27,18.8,23.4,15.6,19.6,24.5,76,2.3,2.3,0.0,10.0,2.55,8.2
2001-07-28,17.6,21.2,14.7,18.0,22.5,74,2.3,2.3,0.0,7.0,2.2,7.5
2001-07-29,18.9,26.0,12.6,19.3,27.6,65,0.1,0.1,0.0,1.0,2.51,7.3
2001-07-30,21.0,28.0,14.7,20.7,28.2,52,0.0,0.0,0.0,0.0,3.5,9.6
2001-07-31,22.3,28.3,16.5,21.6,28.8,47,0.0,0.0,0.0,0.0,4.28,11.4
2001-08-01,22.4,29.2,16.3,21.4,28.6,39,0.0,0.0,0.0,0.0,4.1,11.1
2001-08-02,22.5,29.9,15.5,21.5,29.4,38,0.0,0.0,0.0,0.0,3.73,10.8
2001-08-03,23.5,30.3,17.4,22.9,30.1,42,0.0,0.0,0.0,0.0,3.73,11.0
2001-08-04,23.3,29.5,17.1,23.2,30.4,49,0.0,0.0,0.0,0.0,4.69,12.6
2001-08-05,20.3,24.5,17.3,21.3,27.9,69,9.5,9.5,0.0,13.0,2.35,6.9
2001-08-06,19.9,24.4,15.8,20.3,24.5,70,0.9,0.9,0.0,6.0,3.5,9.2
2001-08-07,16.2,20.2,13.7,16.0,20.0,75,10.4,10.4,0.0,16.0,2.15,8.8
2001-08-08,17.7,23.5,12.1,17.9,24.9,68,0.5,0.5,0.0,1.0,2.55,8.0
2001-08-09,19.5,27.6,12.0,19.6,28.0,59,0.2,0.2,0.0,1.0,2.06,6.1
2001-08-10,20.2,25.2,15.4,20.5,26.8,60,1.6,1.6,0.0,5.0,1.98,6.5
2001-08-11,20.1,27.7,12.9,20.4,29.4,60,0.7,0.7,0.0,1.0,3.26,9.6
2001-08-12,17.2,20.4,14.8,17.0,19.6,73,6.6,6.6,0.0,8.0,2.61,7.5
2001-08-13,17.6,25.9,11.0,17.6,25.9,65,0.3,0.3,0.0,2.0,2.22,5.5
2001-08-14,19.6,28.5,12.0,19.8,29.5,59,0.0,0.0,0.0,0.0,2.12,7.3
2001-08-15,21.1,29.3,13.6,21.0,30.3,56,0.3,0.3,0.0,2.0,3.62,10.2
2001-08-16,16.5,19.4,14.3,16.3,18.7,77,5.0,5.0,0.0,13.0,3.1,8.7
2001-08-17,15.8,19.3,13.0,15.5,18.6,75,1.5,1.5,0.0,8.0,3.01,8.8
2001-08-18,14.1,15.1,13.3,14.1,15.4,89,19.3,19.3,0.0,20.0,2.34,6.4
2001-08-19,15.4,21.9,10.7,14.9,20.8,72,0.0,0.0,0.0,0.0,2.47,7.4
2001-08-20,16.8,24.7,9.3,16.6,25.8,62,0.8,0.8,0.0,2.0,1.7,5.9
2001-08-21,18.0,25.1,11.4,17.6,26.5,60,0.3,0.3,0.0,1.0,2.16,7.6
2001-08-22,16.8,20.8,13.1,16.8,21.6,72,5.9,5.9,0.0,14.0,2.2,7.5
2001-08-23,16.1,22.6,11.2,16.0,23.8,73,4.7,4.7,0.0,9.0,2.32,6.2
2001-08-24,17.2,23.3,12.2,16.8,24.3,64,0.0,0.0,0.0,0.0,2.55,7.1
2001-08-25,17.3,22.0,12.9,16.0,20.9,55,0.3,0.3,0.0,1.0,3.62,9.8
2001-08-26,15.8,19.8,12.9,15.6,20.2,72,5.5,5.5,0.0,15.0,1.49,6.7
2001-08-27,16.0,22.5,10.0,15.9,24.7,72,7.8,7.8,0.0,9.0,2.53,6.8
2001-08-28,16.6,23.4,12.7,16.8,25.9,73,12.5,12.5,0.0,9.0,2.56,8.9
2001-08-29,15.7,21.7,10.7,15.4,21.3,76,4.2,4.2,0.0,7.0,3.04,9.2
2001-08-30,15.3,19.0,13.0,15.7,19.5,85,17.1,17.1,0.0,21.0,2.8,9.4
2001-08-31,16.4,22.4,10.8,15.9,21.0,70,0.0,0.0,0.0,0.0,2.47,7.3
2001-09-01,17.4,23.6,12.6,17.8,24.1,74,5.3,5.3,0.0,15.0,2.33,6.4
2001-09-02,13.0,17.1,10.6,12.8,17.4,91,38.8,38.8,0.0,23.0,2.78,7.1
2001-09-03,14.5,21.7,9.8,14.2,21.9,75,2.5,2.5,0.0,5.0,1.97,6.9
2001-09-04,14.8,21.9,8.7,14.5,23.2,71,2.7,2.7,0.0,3.0,1.91,5.9
2001-09-05,15.5,23.0,8.1,14.7,22.3,67,0.0,0.0,0.0,0.0,3.62,10.0
2001-09-06,14.7,17.3,12.4,14.5,17.3,79,10.8,10.8,0.0,12.0,1.94,5.7
2001-09-07,14.6,19.1,11.5,14.5,20.0,81,13.2,13.2,0.0,18.0,1.97,8.9
2001-09-08,15.2,22.0,8.4,14.7,22.1,72,0.2,0.2,0.0,1.0,2.42,6.8
2001-09-09,14.0,16.9,11.2,13.3,15.9,75,3.9,3.9,0.0,13.0,1.71,6.4
2001-09-10,15.2,23.3,8.6,14.4,23.3,65,0.0,0.0,0.0,0.0,2.42,6.0
2001-09-11,15.3,20.0,11.3,14.5,19.8,65,0.1,0.1,0.0,1.0,1.9,5.3
2001-09-12,16.3,22.4,10.2,16.0,23.2,69,2.1,2.1,0.0,4.0,2.92,6.9
2001-09-13,17.3,24.0,11.2,17.1,23.5,71,0.5,0.5,0.0,2.0,3.11,8.6
2001-09-14,17.5,20.8,14.2,18.1,21.1,81,12.0,12.0,0.0,11.0,2.53,8.2
2001-09-15,18.5,24.9,13.7,18.9,25.0,74,0.4,0.4,0.0,1.0,3.29,9.6
2001-09-16,14.4,18.1,12.1,14.0,18.6,89,10.3,10.3,0.0,19.0,2.63,7.9
2001-09-17,11.5,13.4,10.1,11.0,12.9,95,7.8,7.8,0.0,20.0,2.15,6.9
2001-09-18,11.0,12.2,9.9,10.2,11.7,94,5.6,5.6,0.0,14.0,1.97,5.9
2001-09-19,13.0,18.6,10.3,12.0,16.9,81,0.0,0.0,0.0,0.0,3.55,9.6
2001-09-20,13.7,20.8,9.3,13.0,19.0,78,0.0,0.0,0.0,0.0,3.37,9.7
2001-09-21,15.9,24.0,10.3,15.8,24.3,75,0.0,0.0,0.0,0.0,2.86,7.7
2001-09-22,15.7,21.1,12.3,15.6,20.6,81,7.8,7.8,0.0,9.0,3.58,10.0
2001-09-23,12.3,14.3,10.2,11.4,13.9,89,6.2,6.2,0.0,17.0,2.53,7.7
2001-09-24,11.2,15.1,8.0,9.9,13.6,83,0.1,0.1,0.0,1.0,2.81,7.3
2001-09-25,13.5,19.0,9.4,13.1,18.4,80,4.4,4.4,0.0,13.0,1.7,4.5
2001-09-26,13.6,16.6,10.4,12.9,15.0,84,1.4,1.4,0.0,7.0,3.51,9.5
2001-09-27,12.1,14.1,10.1,11.1,13.0,86,3.1,3.1,0.0,7.0,2.7,8.2
2001-09-28,11.3,12.9,9.2,10.8,12.6,91,15.2,15.2,0.0,17.0,1.64,5.8
2001-09-29,11.3,19.0,5.9,9.3,15.2,68,3.8,3.8,0.0,8.0,3.55,9.5
2001-09-30,11.8,18.9,4.9,10.1,16.9,65,0.0,0.0,0.0,0.0,2.25,5.6
2001-10-01,12.6,19.1,7.3,11.4,19.7,66,10.0,10.0,0.0,8.0,2.42,8.2
2001-10-02,8.7,13.5,4.6,6.9,12.1,83,10.4,9.3,0.77,10.0,2.72,9.5
2001-10-03,10.0,19.2,2.9,7.9,15.7,61,0.0,0.0,0.0,0.0,2.36,7.7
2001-10-04,10.1,16.6,4.4,8.0,14.8,58,0.0,0.0,0.0,0.0,2.14,5.9
2001-10-05,11.1,18.5,5.4,9.6,16.7,71,0.0,0.0,0.0,0.0,2.02,6.7
2001-10-06,12.1,17.5,9.2,11.2,16.2,79,4.5,4.5,0.0,12.0,2.2,6.8
2001-10-07,11.7,19.2,7.6,10.6,18.0,75,3.6,3.6,0.0,7.0,2.53,7.5
2001-10-08,11.7,20.2,4.2,9.0,15.6,48,0.0,0.0,0.0,0.0,4.47,12.1
2001-10-09,10.9,21.1,1.2,8.2,18.7,44,0.0,0.0,0.0,0.0,2.89,6.1
2001-10-10,11.0,17.7,5.1,8.8,16.0,62,0.2,0.2,0.0,1.0,3.07,5.8
2001-10-11,10.6,15.8,5.4,9.3,15.1,82,8.1,8.1,0.0,13.0,2.77,7.8
2001-10-12,12.3,16.1,10.0,11.6,15.3,83,1.9,1.9,0.0,9.0,2.4,7.8
2001-10-13,10.0,11.0,7.9,8.8,10.1,92,10.3,10.3,0.0,15.0,2.31,9.9
2001-10-14,9.9,16.7,5.4,7.4,12.2,64,0.7,0.7,0.0,3.0,4.21,11.2
2001-10-15,6.7,12.1,2.8,3.9,8.7,69,0.0,0.0,0.0,0.0,3.9,11.3
2001-10-16,7.3,14.1,2.4,5.0,12.2,68,0.1,0.1,0.0,1.0,1.53,5.3
2001-10-17,8.0,15.7,1.6,5.9,13.9,68,1.3,1.3,0.0,4.0,2.12,5.7
2001-10-18,8.6,12.9,4.5,6.7,10.9,75,2.0,2.0,0.0,9.0,1.53,5.6
2001-10-19,9.1,17.4,2.7,6.6,14.2,60,0.1,0.1,0.0,1.0,3.0,6.3
2001-10-20,8.5,15.6,2.9,6.4,14.5,67,2.2,2.2,0.0,3.0,3.49,10.3
2001-10-21,8.9,18.5,1.8,6.2,15.3,50,0.0,0.0,0.0,0.0,1.26,5.5
2001-10-22,9.9,18.7,3.4,7.3,16.6,49,0.1,0.1,0.0,1.0,1.5,4.8
2001-10-23,10.2,18.1,3.5,8.2,15.9,58,0.5,0.5,0.0,2.0,1.48,6.0
2001-10-24,10.1,14.5,7.2,8.9,13.7,77,9.1,9.0,0.07,20.0,1.5,5.2
2001-10-25,9.4,17.8,2.4,7.0,15.4,63,0.0,0.0,0.0,0.0,2.94,6.2
2001-10-26,8.1,15.3,0.9,6.0,14.3,71,4.2,4.1,0.07,10.0,2.69,6.3
2001-10-27,7.6,15.3,2.6,5.3,12.1,66,4.9,1.4,2.45,8.0,1.39,5.8
2001-10-28,6.6,16.6,-0.2,3.3,12.8,46,0.0,0.0,0.0,0.0,2.0,5.1
2001-10-29,7.0,16.7,-0.8,3.6,13.2,45,0.0,0.0,0.0,0.0,2.86,6.1
2001-10-30,5.2,9.0,1.5,2.6,6.2,85,10.3,1.9,5.95,17.0,3.44,8.8
2001-10-31,4.6,10.3,0.1,1.7,7.2,73,0.0,0.0,0.0,0.0,3.01,7.3
2001-11-01,4.3,10.0,-3.2,1.8,7.4,72,0.2,0.2,0.0,1.0,1.39,4.9
2001-11-02,6.5,15.4,-1.9,4.0,12.8,61,0.0,0.0,0.0,0.0,1.9,6.3
2001-11-03,5.6,10.2,2.0,3.0,7.0,74,2.5,0.5,1.4,12.0,2.97,8.2
2001-11-04,2.7,6.4,-1.0,-0.5,3.3,77,1.9,0.1,1.54,9.0,2.9,7.2
2001-11-05,3.5,7.9,-2.0,0.5,5.0,69,0.4,0.0,0.35,2.0,2.69,7.4
2001-11-06,4.4,10.9,0.4,1.5,7.8,74,0.4,0.1,0.42,3.0,2.62,7.7
2001-11-07,3.6,7.9,0.5,1.0,4.8,83,0.3,0.0,0.77,2.0,2.22,6.5
2001-11-08,3.2,7.7,0.3,-0.2,3.8,68,0.0,0.0,0.0,0.0,2.51,7.6
2001-11-09,2.6,7.8,-1.4,-0.5,5.1,62,0.2,0.1,0.21,1.0,1.39,5.0
2001-11-10,2.2,8.0,-1.8,-0.7,4.7,70,0.4,0.0,0.35,3.0,2.02,8.0
2001-11-11,2.4,10.8,-3.7,-1.2,7.0,53,0.0,0.0,0.0,0.0,2.28,5.6
2001-11-12,2.5,8.4,-1.9,-0.7,5.0,61,0.2,0.1,0.07,2.0,2.82,7.8
2001-11-13,1.2,8.6,-5.1,-2.1,5.3,63,1.1,0.3,0.56,4.0,1.8,5.7
2001-11-14,1.3,9.4,-5.1,-2.6,5.3,49,0.0,0.0,0.0,0.0,2.27,6.9
2001-11-15,1.4,9.4,-3.9,-2.4,5.6,45,0.0,0.0,0.0,0.0,1.8,5.1
2001-11-16,1.8,8.8,-4.1,-1.5,5.3,52,0.0,0.0,0.14,0.0,1.84,6.0
2001-11-17,1.2,8.6,-5.5,-2.3,5.4,56,0.0,0.0,0.0,0.0,1.75,5.1
2001-11-18,0.6,7.3,-5.0,-2.8,4.2,59,0.8,0.1,0.56,6.0,1.36,5.9
2001-11-19,-0.7,7.4,-6.1,-4.0,4.2,66,1.8,0.0,1.4,7.0,1.52,5.3
2001-11-20,-2.9,8.6,-11.0,-6.9,5.1,57,0.0,0.0,0.0,0.0,1.96,6.6
2001-11-21,-1.1,11.0,-9.3,-5.1,7.4,47,0.0,0.0,0.0,0.0,1.62,5.5
2001-11-22,0.3,11.5,-7.3,-3.5,8.1,48,0.0,0.0,0.0,0.0,2.08,4.5
2001-11-23,1.0,8.7,-7.3,-2.2,5.5,62,0.0,0.0,0.07,0.0,1.77,8.1
2001-11-24,0.5,9.3,-8.5,-4.0,4.5,44,0.0,0.0,0.0,0.0,3.45,10.2
2001-11-25,-2.3,2.3,-6.0,-6.3,-1.8,68,0.0,0.0,0.0,0.0,3.1,7.0
2001-11-26,-0.9,6.2,-6.6,-4.7,2.4,56,0.0,0.0,0.0,0.0,2.79,6.2
2001-11-27,0.7,10.3,-9.4,-2.9,7.0,52,0.0,0.0,0.0,0.0,1.99,5.2
2001-11-28,1.9,9.8,-2.6,-1.5,6.0,55,0.0,0.0,0.0,0.0,2.19,6.1
2001-11-29,0.2,7.6,-5.9,-3.5,4.2,49,0.0,0.0,0.14,0.0,2.08,5.6
2001-11-30,-0.6,9.9,-7.5,-4.7,5.4,43,0.0,0.0,0.0,0.0,2.11,6.7
2001-12-01,-0.1,6.5,-5.8,-3.9,3.1,49,0.0,0.0,0.0,0.0,2.39,6.7
2001-12-02,-1.8,2.4,-5.4,-5.9,-2.1,67,0.0,0.0,0.0,0.0,2.98,7.7
2001-12-03,-2.2,6.7,-9.8,-6.1,2.3,54,0.0,0.0,0.0,0.0,1.92,6.3
2001-12-04,-4.0,-0.9,-8.0,-8.5,-5.6,63,0.0,0.0,0.0,0.0,3.45,8.1
2001-12-05,-7.2,-2.5,-9.5,-11.8,-7.9,69,0.0,0.0,0.0,0.0,4.12,10.3
2001-12-06,-5.3,3.4,-11.8,-9.1,-0.9,62,0.0,0.0,0.14,0.0,2.2,6.3
2001-12-07,-2.2,3.7,-8.3,-6.3,-0.5,57,0.0,0.0,0.07,0.0,2.77,6.8
2001-12-08,-4.4,-0.4,-7.9,-8.4,-5.0,65,0.2,0.0,0.42,2.0,2.61,7.5
2001-12-09,-3.1,3.6,-8.7,-6.6,0.2,65,0.0,0.0,0.0,0.0,1.2,4.8
2001-12-10,-2.5,6.0,-10.4,-6.4,2.7,59,0.0,0.0,0.0,0.0,1.77,6.8
2001-12-11,-3.5,-0.6,-10.3,-7.7,-4.9,63,0.0,0.0,0.07,0.0,3.66,9.2
2001-12-12,-10.6,-5.7,-13.9,-15.3,-11.0,69,0.4,0.0,0.42,3.0,3.5,8.1
2001-12-13,-8.5,-1.7,-12.7,-12.7,-5.8,64,0.0,0.0,0.0,0.0,2.84,6.9
2001-12-14,-6.3,1.7,-14.9,-10.2,-2.1,58,0.0,0.0,0.0,0.0,1.75,5.6
2001-12-15,-2.9,5.2,-9.9,-6.9,1.6,56,0.0,0.0,0.0,0.0,2.62,7.1
2001-12-16,-3.7,2.2,-9.5,-7.3,-1.3,60,0.0,0.0,0.0,0.0,1.57,4.4
2001-12-17,-2.6,5.1,-10.4,-6.6,1.2,55,0.0,0.0,0.07,0.0,2.8,8.1
2001-12-18,-3.8,7.7,-12.1,-8.4,3.4,35,0.0,0.0,0.0,0.0,2.33,7.5
2001-12-19,-4.0,2.3,-9.5,-8.6,-2.2,54,0.0,0.0,0.0,0.0,3.49,8.2
2001-12-20,-6.1,-0.1,-10.4,-10.3,-4.1,53,0.0,0.0,0.0,0.0,2.65,5.1
2001-12-21,-6.5,3.1,-14.3,-11.4,-2.7,44,0.0,0.0,0.0,0.0,4.3,12.2
2001-12-22,-5.7,4.3,-14.4,-10.8,-0.5,40,0.0,0.0,0.0,0.0,3.26,10.1
2001-12-23,-2.2,8.1,-9.2,-6.9,3.6,33,0.0,0.0,0.0,0.0,2.68,8.9
2001-12-24,-1.9,5.5,-7.4,-6.1,1.1,36,0.0,0.0,0.0,0.0,3.01,5.8
2001-12-25,-1.6,6.4,-7.7,-5.9,2.1,44,0.0,0.0,0.0,0.0,3.22,7.1
2001-12-26,-2.1,6.0,-10.2,-6.1,1.4,54,0.0,0.0,0.28,0.0,2.38,7.1
2001-12-27,-5.0,2.7,-11.1,-9.0,-1.1,64,0.8,0.0,0.63,5.0,2.5,6.3
2001-12-28,-6.2,4.8,-14.5,-10.6,0.2,53,0.0,0.0,0.0,0.0,2.34,8.3
2001-12-29,-6.8,5.9,-15.9,-11.4,2.1,35,0.0,0.0,0.0,0.0,2.37,7.0
2001-12-30,-6.8,3.0,-16.2,-11.6,-2.2,34,0.0,0.0,0.0,0.0,3.85,10.5
2001-12-31,-5.5,2.6,-13.6,-10.4,-2.1,43,0.0,0.0,0.07,0.0,4.28,12.1
2002-01-01,-5.2,4.9,-13.8,-9.8,-0.4,37,0.0,0.0,0.0,0.0,3.99,10.7
2002-01-02,-3.9,8.8,-13.7,-8.3,5.0,35,0.0,0.0,0.0,0.0,1.99,6.7
2002-01-03,-1.8,7.2,-8.7,-5.8,3.3,36,0.0,0.0,0.0,0.0,1.52,5.4
2002-01-04,-2.3,7.7,-9.3,-6.6,3.3,36,0.0,0.0,0.0,0.0,1.62,6.1
2002-01-05,-2.2,5.6,-8.9,-7.0,0.6,37,0.0,0.0,0.07,0.0,4.74,12.5
2002-01-06,-1.8,7.7,-7.8,-6.5,3.4,32,0.0,0.0,0.0,0.0,2.51,7.9
2002-01-07,-2.6,8.2,-9.9,-7.3,3.4,23,0.0,0.0,0.0,0.0,2.12,7.1
2002-01-08,-2.6,8.5,-10.2,-7.2,3.9,23,0.0,0.0,0.0,0.0,1.75,6.3
2002-01-09,-0.7,8.1,-6.6,-5.8,2.6,20,0.0,0.0,0.0,0.0,4.0,11.0
2002-01-10,-1.0,9.6,-9.2,-6.0,5.1,20,0.0,0.0,0.0,0.0,2.78,8.9
2002-01-11,-0.6,11.1,-8.7,-5.4,6.8,18,0.0,0.0,0.0,0.0,2.34,7.3
2002-01-12,-0.7,9.4,-8.0,-5.1,5.1,20,0.0,0.0,0.0,0.0,2.41,7.4
2002-01-13,1.3,11.5,-7.0,-3.3,6.9,18,0.0,0.0,0.0,0.0,2.2,8.2
2002-01-14,1.4,9.8,-2.4,-3.0,5.2,33,0.1,0.0,0.21,1.0,4.59,12.2
2002-01-15,-4.0,-0.0,-6.9,-7.9,-4.1,70,0.2,0.0,0.35,2.0,2.06,5.9
2002-01-16,-5.9,-0.8,-10.1,-9.8,-5.6,77,0.0,0.0,0.0,0.0,3.3,8.9
2002-01-17,-5.2,-1.2,-7.3,-9.2,-5.6,78,1.8,0.0,1.54,8.0,2.68,6.1
2002-01-18,-6.9,-1.7,-11.1,-10.8,-5.9,78,0.1,0.0,0.14,1.0,2.69,7.1
2002-01-19,-7.1,-3.7,-10.9,-11.5,-8.3,77,3.4,0.0,2.52,19.0,2.73,6.8
2002-01-20,-10.3,-4.1,-18.2,-14.6,-8.7,64,0.5,0.0,0.42,3.0,2.46,7.0
2002-01-21,-12.9,-2.8,-20.3,-17.3,-7.0,43,0.0,0.0,0.0,0.0,1.36,5.8
2002-01-22,-11.6,-1.0,-21.6,-16.0,-5.1,40,0.0,0.0,0.0,0.0,1.65,6.1
2002-01-23,-9.9,1.3,-19.6,-14.2,-2.8,40,0.0,0.0,0.0,0.0,1.55,5.1
2002-01-24,-8.2,0.9,-17.3,-12.2,-2.9,44,0.0,0.0,0.0,0.0,1.26,4.7
2002-01-25,-7.7,0.8,-18.6,-12.0,-3.2,44,0.0,0.0,0.0,0.0,2.01,4.7
2002-01-26,-5.9,0.0,-10.3,-9.8,-3.9,59,0.0,0.0,0.14,0.0,2.28,6.9
2002-01-27,-6.3,-1.9,-9.1,-10.5,-6.3,71,0.2,0.0,1.26,2.0,2.97,7.2
2002-01-28,-7.3,-2.0,-10.8,-11.4,-6.1,68,0.0,0.0,0.0,0.0,3.01,7.0
2002-01-29,-7.7,-4.0,-10.5,-11.7,-8.1,70,1.0,0.0,0.84,6.0,2.14,5.7
2002-01-30,-9.8,-1.8,-17.1,-14.2,-5.1,57,0.0,0.0,0.0,0.0,2.9,6.9
2002-01-31,-7.3,-1.8,-12.8,-11.4,-6.3,63,0.1,0.0,0.14,1.0,2.86,8.0
2002-02-01,-10.5,0.6,-19.4,-14.9,-3.8,45,0.0,0.0,0.0,0.0,2.06,7.1
2002-02-02,-8.3,4.2,-18.8,-12.6,0.1,39,0.0,0.0,0.0,0.0,1.93,6.4
2002-02-03,-4.9,0.7,-11.7,-9.0,-3.2,43,0.0,0.0,0.0,0.0,1.92,4.3
2002-02-04,-5.4,3.7,-13.3,-9.8,-1.1,47,0.0,0.0,0.0,0.0,3.45,8.7
2002-02-05,-4.5,5.3,-14.5,-9.0,1.5,38,0.0,0.0,0.0,0.0,3.0,8.9
2002-02-06,-2.4,2.9,-12.0,-6.2,-0.7,41,0.0,0.0,0.0,0.0,2.28,5.0
2002-02-07,-3.6,2.8,-10.2,-7.7,-1.4,55,0.0,0.0,0.14,0.0,3.42,8.1
2002-02-08,-2.5,6.2,-10.0,-6.4,2.8,54,0.0,0.0,0.0,0.0,3.49,7.4
2002-02-09,-2.6,3.1,-6.9,-6.8,-0.8,50,0.3,0.0,0.28,3.0,2.78,6.4
2002-02-10,-3.5,4.3,-10.9,-7.4,0.3,48,0.0,0.0,0.0,0.0,2.26,4.9
2002-02-11,-1.4,9.2,-12.2,-5.7,4.4,40,0.0,0.0,0.0,0.0,3.42,10.3
2002-02-12,-0.5,9.0,-9.0,-4.6,4.9,34,0.0,0.0,0.0,0.0,2.8,6.0
2002-02-13,2.6,8.9,-2.3,-1.1,5.6,47,0.2,0.0,0.21,1.0,3.04,6.9
2002-02-14,2.8,11.9,-5.5,-0.9,6.9,49,0.0,0.0,0.0,0.0,2.82,8.0
2002-02-15,3.3,10.5,-1.6,-0.7,6.4,45,0.0,0.0,0.0,0.0,3.71,10.7
2002-02-16,2.8,11.9,-4.9,-1.6,6.6,21,0.0,0.0,0.0,0.0,4.7,13.0
2002-02-17,4.0,14.7,-4.3,-0.4,10.7,14,0.0,0.0,0.0,0.0,3.26,6.4
2002-02-18,3.5,10.6,-1.7,-0.5,6.3,36,0.0,0.0,0.0,0.0,3.26,8.5
2002-02-19,3.5,10.9,-1.7,0.1,8.0,50,0.4,0.1,0.21,2.0,1.97,4.7
2002-02-20,3.5,11.2,-1.5,0.2,7.8,57,0.1,0.1,0.07,1.0,3.4,7.1
2002-02-21,3.4,10.0,-3.2,0.3,6.8,57,0.2,0.0,0.14,1.0,1.7,5.9
2002-02-22,5.0,12.2,-1.7,2.1,8.9,55,1.6,0.0,1.12,6.0,2.09,6.1
2002-02-23,5.7,16.2,-2.4,2.0,12.2,32,0.0,0.0,0.0,0.0,2.3,7.4
2002-02-24,4.2,8.1,0.0,0.2,4.1,52,0.0,0.0,0.0,0.0,4.38,11.4
2002-02-25,-1.0,3.0,-4.1,-5.3,-1.7,65,0.1,0.0,0.35,1.0,4.88,12.4
2002-02-26,-2.0,1.5,-4.0,-5.9,-2.7,69,2.7,0.0,2.17,9.0,2.84,7.9
2002-02-27,0.1,8.5,-6.0,-3.9,3.1,55,0.1,0.0,0.14,1.0,4.33,12.2
2002-02-28,1.7,10.7,-5.4,-2.5,5.2,37,0.0,0.0,0.0,0.0,4.36,11.7
2002-03-01,3.5,12.3,-3.2,-0.7,7.8,30,0.0,0.0,0.0,0.0,3.11,7.1
2002-03-02,2.2,9.2,-2.3,-1.3,5.7,60,0.0,0.0,0.0,0.0,3.16,7.2
2002-03-03,2.3,6.6,-0.5,-0.9,2.8,73,2.1,0.0,1.54,12.0,3.57,10.4
2002-03-04,-0.9,1.0,-3.7,-4.5,-2.3,77,4.9,0.0,3.5,19.0,2.28,7.5
2002-03-05,-0.7,4.0,-4.9,-4.5,-0.6,58,1.4,0.0,1.26,8.0,4.14,12.2
2002-03-06,-0.8,8.4,-8.2,-6.0,1.8,33,0.0,0.0,0.0,0.0,6.01,15.8
2002-03-07,3.3,11.6,-3.7,-1.4,7.1,20,0.0,0.0,0.0,0.0,3.18,9.3
2002-03-08,4.8,14.9,-3.8,0.7,11.4,18,0.0,0.0,0.0,0.0,1.94,7.1
2002-03-09,4.3,11.4,-0.9,0.4,8.4,32,0.0,0.0,0.0,0.0,3.35,8.8
2002-03-10,5.2,15.0,-2.3,1.9,11.7,37,0.0,0.0,0.0,0.0,1.49,6.0
2002-03-11,5.9,13.8,1.0,2.1,10.4,31,0.0,0.0,0.0,0.0,3.92,9.1
2002-03-12,6.2,11.9,2.8,3.1,8.2,58,1.9,0.3,1.19,8.0,3.04,7.8
2002-03-13,5.6,12.9,-1.4,2.7,9.1,59,1.3,0.6,0.49,4.0,2.11,6.5
2002-03-14,4.2,9.8,-1.5,1.2,7.0,72,4.0,0.2,2.73,6.0,2.72,7.3
2002-03-15,3.3,9.2,-3.4,0.3,6.4,60,2.3,0.2,1.54,6.0,2.34,7.7
2002-03-16,4.1,9.3,-0.6,-0.6,3.5,26,0.0,0.0,0.0,0.0,6.26,16.4
2002-03-17,3.4,11.5,-4.0,-0.5,7.3,30,0.0,0.0,0.0,0.0,3.22,9.8
2002-03-18,5.7,14.3,-2.3,1.6,9.1,29,0.0,0.0,0.0,0.0,4.25,12.4
2002-03-19,7.7,17.3,0.2,3.6,13.2,29,0.0,0.0,0.0,0.0,3.92,9.4
2002-03-20,5.2,11.9,-0.7,0.6,5.2,40,0.0,0.0,0.28,0.0,6.63,17.5
2002-03-21,5.1,11.3,-0.4,1.0,8.7,42,3.6,0.3,2.31,8.0,4.64,14.3
2002-03-22,1.5,8.6,-5.3,-2.2,4.9,59,0.0,0.0,0.07,0.0,3.71,9.4
2002-03-23,1.4,4.7,-1.2,-2.5,0.7,56,0.3,0.0,0.84,3.0,2.82,8.1
2002-03-24,4.2,13.1,-3.5,1.1,10.8,54,0.0,0.0,0.07,0.0,2.92,6.9
2002-03-25,7.1,15.8,-0.0,3.9,13.1,49,0.0,0.0,0.0,0.0,3.79,9.5
2002-03-26,7.9,15.0,1.1,4.6,11.9,45,0.0,0.0,0.0,0.0,4.03,10.5
2002-03-27,8.1,14.8,1.8,5.2,12.0,58,3.0,1.6,0.98,9.0,3.14,9.1
2002-03-28,7.2,13.8,1.5,3.5,10.3,54,1.2,0.1,0.77,3.0,6.1,17.9
2002-03-29,7.1,14.2,0.8,2.5,9.4,26,0.0,0.0,0.0,0.0,6.38,16.8
2002-03-30,7.4,16.9,-0.6,4.2,13.9,36,0.0,0.0,0.0,0.0,1.4,6.3
2002-03-31,9.5,19.1,0.5,6.0,15.8,23,0.0,0.0,0.0,0.0,1.7,5.1
2002-04-01,11.0,19.8,2.1,7.5,18.6,25,0.0,0.0,0.0,0.0,3.54,8.5
2002-04-02,13.4,20.1,8.1,10.7,17.8,36,0.3,0.3,0.0,2.0,3.2,8.4
2002-04-03,11.4,16.4,6.7,9.7,14.4,68,10.9,10.9,0.0,9.0,2.41,7.6
2002-04-04,5.7,8.3,3.3,3.3,6.3,83,12.9,2.2,7.49,16.0,2.3,6.9
2002-04-05,7.5,18.4,-1.5,4.3,14.4,52,0.0,0.0,0.0,0.0,2.87,9.2
2002-04-06,10.0,18.4,4.4,6.3,15.8,36,0.0,0.0,0.0,0.0,5.91,15.5
2002-04-07,6.0,15.1,0.1,2.6,13.4,45,0.3,0.3,0.0,2.0,4.9,12.8
2002-04-08,5.2,14.0,-0.8,1.4,10.2,39,0.0,0.0,0.0,0.0,4.96,12.3
2002-04-09,5.0,11.2,0.4,1.0,7.7,37,0.4,0.0,0.35,3.0,4.46,11.8
2002-04-10,3.7,7.6,1.1,1.0,5.1,69,10.3,0.6,6.86,22.0,2.11,9.1
2002-04-11,4.5,12.9,-5.3,1.5,10.6,57,0.0,0.0,0.0,0.0,2.9,8.1
2002-04-12,8.4,16.0,-1.6,4.9,14.3,30,0.0,0.0,0.0,0.0,3.12,8.3
2002-04-13,10.2,22.3,-1.5,6.2,17.8,23,0.0,0.0,0.0,0.0,3.92,10.8
2002-04-14,9.0,13.6,5.3,5.1,11.4,39,0.5,0.5,0.0,2.0,5.32,13.8
2002-04-15,9.2,16.6,1.0,4.8,11.4,37,0.6,0.6,0.0,2.0,7.92,20.7
2002-04-16,5.0,14.7,-2.2,1.6,11.5,48,0.0,0.0,0.0,0.0,4.04,10.8
2002-04-17,6.4,14.6,0.1,3.0,12.0,37,2.3,2.3,0.0,6.0,2.72,8.9
2002-04-18,9.4,18.5,1.4,6.9,15.8,54,0.3,0.3,0.0,2.0,2.56,7.0
2002-04-19,11.9,19.2,5.3,9.4,17.3,49,0.6,0.6,0.0,1.0,3.75,10.5
2002-04-20,15.6,25.1,6.2,12.0,21.5,26,0.0,0.0,0.0,0.0,4.2,11.8
2002-04-21,16.9,25.3,7.1,13.5,23.1,20,0.0,0.0,0.0,0.0,3.7,11.0
2002-04-22,14.0,22.5,7.0,10.9,21.6,38,0.3,0.3,0.0,1.0,5.91,15.6
2002-04-23,9.8,17.5,5.2,6.7,14.2,51,0.0,0.0,0.0,0.0,4.66,12.2
2002-04-24,12.3,21.0,3.6,9.8,18.9,45,0.0,0.0,0.0,0.0,3.1,9.4
2002-04-25,14.1,19.8,9.7,11.9,17.0,54,4.2,4.2,0.0,8.0,4.27,11.3
2002-04-26,12.4,18.3,8.2,10.5,15.5,66,1.0,0.7,0.21,3.0,3.85,10.0
2002-04-27,13.5,20.8,9.2,11.9,19.7,67,0.4,0.4,0.0,2.0,4.97,13.6
2002-04-28,7.9,12.3,5.2,6.0,10.5,84,12.1,5.5,4.62,16.0,2.59,7.8
2002-04-29,10.3,15.1,6.6,8.1,12.2,72,0.0,0.0,0.0,0.0,4.11,11.6
2002-04-30,11.1,15.7,8.3,9.4,13.6,74,2.6,2.6,0.0,5.0,3.83,10.9
2002-05-01,9.7,15.8,5.2,7.4,13.0,68,8.2,6.0,1.54,12.0,2.96,8.5
2002-05-02,8.5,13.2,5.2,6.7,11.3,76,4.8,4.6,0.14,6.0,2.31,7.9
2002-05-03,10.4,16.1,4.9,8.9,15.6,68,0.8,0.8,0.0,3.0,2.13,6.7
2002-05-04,10.5,14.3,7.2,9.1,13.4,77,15.2,14.5,0.49,19.0,2.33,8.0
2002-05-05,10.5,16.7,4.5,9.1,15.7,70,5.0,4.8,0.14,10.0,2.83,8.4
2002-05-06,11.7,18.9,5.7,9.9,17.1,62,0.0,0.0,0.0,0.0,2.31,7.4
2002-05-07,13.5,21.2,7.1,11.5,19.9,55,0.0,0.0,0.0,0.0,4.78,13.4
2002-05-08,12.4,17.4,9.2,11.5,17.4,76,13.2,13.2,0.0,18.0,2.02,8.0
2002-05-09,13.4,19.1,8.2,12.0,18.4,65,0.0,0.0,0.0,0.0,2.83,7.4
2002-05-10,14.4,20.7,7.5,13.0,21.0,53,1.5,1.5,0.0,2.0,2.86,7.0
2002-05-11,14.7,21.3,8.5,12.8,21.0,51,1.3,1.3,0.0,5.0,4.12,12.1
2002-05-12,11.6,14.8,9.2,9.9,12.6,73,6.1,6.1,0.0,22.0,3.49,8.3
2002-05-13,13.5,19.3,8.8,11.0,14.6,55,1.5,1.5,0.0,3.0,5.02,13.3
2002-05-14,14.2,22.4,5.9,11.8,18.9,44,0.2,0.2,0.0,1.0,3.9,11.1
2002-05-15,15.5,22.9,8.9,13.5,21.8,46,0.8,0.8,0.0,1.0,3.4,9.8
2002-05-16,16.2,24.9,8.2,14.5,22.9,47,0.0,0.0,0.0,0.0,3.26,9.8
2002-05-17,15.6,21.2,11.1,13.8,19.4,51,3.2,3.2,0.0,6.0,2.82,7.8
2002-05-18,15.1,21.7,10.9,14.4,20.3,69,1.4,1.4,0.0,8.0,3.49,10.3
2002-05-19,12.1,14.0,9.7,10.8,12.6,81,8.6,8.6,0.0,19.0,3.85,13.9
2002-05-20,9.3,11.4,7.1,7.8,9.6,88,7.5,7.1,0.28,20.0,2.1,6.8
2002-05-21,9.9,12.3,7.3,7.7,9.2,84,3.8,3.4,0.28,18.0,5.53,14.9
2002-05-22,7.7,10.7,5.5,5.9,9.5,89,9.2,5.4,2.66,23.0,2.1,6.7
2002-05-23,11.8,17.8,7.2,10.2,16.5,69,0.8,0.8,0.0,2.0,3.31,9.9
2002-05-24,10.4,13.7,7.7,9.3,14.5,80,20.0,14.0,4.2,14.0,2.8,8.0
2002-05-25,10.5,15.8,6.4,9.4,14.5,73,2.2,2.1,0.07,5.0,2.22,6.4
2002-05-26,11.3,17.1,5.5,10.0,17.3,69,0.4,0.4,0.0,1.0,1.9,7.6
2002-05-27,12.6,18.0,6.2,11.1,17.7,63,0.0,0.0,0.0,0.0,2.7,7.8
2002-05-28,14.5,19.1,9.8,13.4,19.0,57,1.2,1.2,0.0,3.0,2.2,7.2
2002-05-29,12.2,14.9,9.8,11.3,14.1,79,8.9,8.9,0.0,17.0,1.65,7.1
2002-05-30,15.1,22.9,8.4,14.4,22.6,63,0.0,0.0,0.0,0.0,1.7,5.9
2002-05-31,16.7,22.1,10.7,15.5,20.9,56,0.0,0.0,0.0,0.0,3.47,9.6
2002-06-01,17.2,21.8,12.6,15.8,20.0,54,0.0,0.0,0.0,0.0,2.32,6.3
2002-06-02,16.5,22.2,11.6,16.1,24.2,62,5.1,5.1,0.0,7.0,2.06,6.7
2002-06-03,17.5,24.0,10.2,17.0,24.6,61,1.0,1.0,0.0,3.0,2.1,6.6
2002-06-04,18.3,23.2,13.3,17.1,21.6,54,0.0,0.0,0.0,0.0,2.83,7.8
2002-06-05,19.6,26.4,12.5,19.0,25.9,49,0.0,0.0,0.0,0.0,2.53,7.9
2002-06-06,19.3,24.2,13.9,18.2,23.8,51,0.8,0.8,0.0,3.0,4.74,13.3
2002-06-07,16.4,19.1,14.4,16.7,19.5,82,18.1,18.1,0.0,17.0,2.61,8.4
2002-06-08,18.1,23.8,12.8,18.2,25.4,67,1.8,1.8,0.0,3.0,2.36,7.2
2002-06-09,18.3,25.3,11.0,16.1,22.1,48,0.3,0.3,0.0,1.0,5.73,16.2
2002-06-10,15.6,21.4,11.5,15.3,23.1,76,5.0,5.0,0.0,7.0,3.86,9.7
2002-06-11,16.9,23.9,10.7,16.4,23.5,64,0.0,0.0,0.0,0.0,3.13,8.8
2002-06-12,17.8,23.9,13.2,17.7,25.1,60,3.3,3.3,0.0,6.0,2.02,6.5
2002-06-13,18.9,24.9,12.2,18.7,26.3,57,1.0,1.0,0.0,2.0,2.11,7.1
2002-06-14,19.2,24.4,13.7,18.0,22.4,53,0.0,0.0,0.0,0.0,3.67,10.2
2002-06-15,16.3,19.2,12.7,15.6,18.4,65,5.4,5.4,0.0,17.0,1.61,6.5
2002-06-16,18.7,25.9,11.0,17.7,25.3,55,0.0,0.0,0.0,0.0,4.16,11.7
2002-06-17,19.4,24.4,15.3,19.7,24.4,66,15.6,15.6,0.0,13.0,1.61,6.0
2002-06-18,19.0,23.5,14.5,19.7,25.5,71,3.7,3.7,0.0,4.0,3.69,11.4
2002-06-19,17.7,21.3,15.0,18.5,22.5,79,8.9,8.9,0.0,14.0,1.61,7.2
2002-06-20,16.5,19.1,14.5,16.4,18.0,83,13.7,13.7,0.0,17.0,5.15,14.1
2002-06-21,15.9,20.0,13.9,16.0,21.5,82,19.9,19.9,0.0,19.0,3.48,9.0
2002-06-22,14.0,16.0,12.4,13.8,15.9,85,8.2,8.2,0.0,21.0,1.91,6.2
2002-06-23,18.0,25.3,11.5,17.7,24.8,59,0.0,0.0,0.0,0.0,1.79,6.7
2002-06-24,19.9,28.3,11.8,19.4,28.1,46,0.0,0.0,0.0,0.0,1.6,6.9
2002-06-25,21.1,29.0,14.6,21.1,29.9,52,0.0,0.0,0.0,0.0,4.04,11.7
2002-06-26,18.8,21.1,17.2,20.2,23.0,82,10.6,10.6,0.0,14.0,1.84,7.0
2002-06-27,18.8,24.0,15.5,19.6,24.5,69,1.5,1.5,0.0,2.0,1.68,6.3
2002-06-28,18.7,23.2,13.9,18.7,24.0,63,1.3,1.3,0.0,5.0,1.63,5.5
2002-06-29,17.5,21.6,14.2,17.8,24.5,67,5.0,5.0,0.0,10.0,1.79,7.7
2002-06-30,18.8,26.8,10.4,18.7,27.0,58,0.0,0.0,0.0,0.0,1.48,5.8
2002-07-01,19.2,26.1,14.1,18.7,25.3,57,2.4,2.4,0.0,6.0,2.26,6.8
2002-07-02,19.3,25.5,14.5,20.0,26.3,69,3.9,3.9,0.0,10.0,2.2,7.9
2002-07-03,19.0,23.1,15.9,19.7,24.7,67,0.6,0.6,0.0,4.0,2.77,8.2
2002-07-04,19.7,25.7,14.0,20.3,28.0,63,0.1,0.1,0.0,1.0,2.45,8.6
2002-07-05,21.4,28.1,14.1,21.3,28.1,56,0.0,0.0,0.0,0.0,3.57,9.7
2002-07-06,21.8,26.4,17.6,21.6,26.6,57,0.3,0.3,0.0,3.0,4.39,11.6
2002-07-07,21.7,26.0,17.3,21.6,26.3,60,0.0,0.0,0.0,0.0,4.36,12.0
2002-07-08,21.9,27.2,18.3,22.3,26.8,63,2.3,2.3,0.0,5.0,3.4,10.3
2002-07-09,22.6,27.1,18.7,23.4,29.4,62,1.2,1.2,0.0,4.0,4.03,11.3
2002-07-10,21.8,25.3,18.9,22.2,25.4,63,0.3,0.3,0.0,2.0,3.73,10.4
2002-07-11,22.0,28.4,17.4,23.2,30.1,67,0.6,0.6,0.0,3.0,4.0,10.5
2002-07-12,23.7,30.1,18.7,24.1,29.9,57,0.2,0.2,0.0,1.0,5.44,14.2
2002-07-13,18.8,22.2,17.1,19.6,22.1,82,8.5,8.5,0.0,21.0,3.18,8.5
2002-07-14,18.6,22.4,15.6,19.8,23.3,82,8.0,8.0,0.0,21.0,2.3,7.0
2002-07-15,18.8,21.4,17.0,20.2,22.6,85,10.3,10.3,0.0,17.0,3.28,9.0
2002-07-16,17.7,18.9,16.0,19.0,20.3,88,4.5,4.5,0.0,17.0,2.82,8.1
2002-07-17,19.1,23.9,16.2,20.3,25.0,78,0.9,0.9,0.0,5.0,1.46,5.7
2002-07-18,17.5,21.2,15.1,18.2,22.5,78,9.3,9.3,0.0,17.0,1.8,8.0
2002-07-19,17.4,22.5,11.9,17.9,25.4,74,2.4,2.4,0.0,6.0,1.92,6.8
2002-07-20,16.4,20.3,12.8,16.7,22.1,75,5.5,5.5,0.0,9.0,1.98,6.2
2002-07-21,17.7,24.5,12.5,18.0,26.1,67,0.8,0.8,0.0,1.0,2.38,7.0
2002-07-22,18.5,24.5,12.8,18.3,26.4,59,0.0,0.0,0.0,0.0,2.5,8.0
2002-07-23,18.7,25.8,10.8,18.2,25.7,56,0.4,0.4,0.0,3.0,2.69,7.3
2002-07-24,19.0,25.0,11.6,18.1,24.7,51,0.4,0.4,0.0,1.0,3.34,9.5
2002-07-25,18.6,25.6,11.9,18.1,25.7,51,0.9,0.9,0.0,3.0,3.55,10.3
2002-07-26,15.9,21.6,11.2,14.9,20.8,62,4.2,4.2,0.0,6.0,3.81,11.3
2002-07-27,16.9,24.9,10.2,15.8,23.6,53,0.0,0.0,0.0,0.0,2.72,7.1
2002-07-28,19.4,27.2,13.0,18.5,26.9,45,0.0,0.0,0.0,0.0,2.53,6.4
2002-07-29,20.8,28.0,14.9,20.4,29.1,50,0.3,0.3,0.0,1.0,3.67,10.7
2002-07-30,20.9,26.8,16.1,21.5,29.0,59,0.1,0.1,0.0,1.0,2.21,7.2
2002-07-31,22.1,29.2,14.5,22.3,29.2,56,0.0,0.0,0.0,0.0,3.03,7.5
2002-08-01,24.0,30.1,18.1,23.7,29.8,47,0.0,0.0,0.0,0.0,3.42,9.0
2002-08-02,24.5,31.7,15.8,24.3,32.3,45,0.0,0.0,0.0,0.0,3.3,8.4
2002-08-03,24.3,31.0,17.3,24.7,33.2,49,0.0,0.0,0.0,0.0,2.89,8.0
2002-08-04,24.1,31.0,19.7,25.1,33.1,54,0.3,0.3,0.0,2.0,4.16,12.6
2002-08-05,21.7,27.9,18.4,22.5,29.5,69,5.3,5.3,0.0,7.0,4.63,13.1
2002-08-06,17.9,19.4,16.7,18.3,19.9,82,2.9,2.9,0.0,13.0,3.01,9.0
2002-08-07,17.3,20.3,14.9,18.1,20.7,83,4.4,4.4,0.0,12.0,2.1,6.5
2002-08-08,17.9,22.6,15.3,18.4,22.1,77,9.6,9.6,0.0,11.0,2.65,7.1
2002-08-09,17.8,23.9,12.7,18.0,24.5,71,1.4,1.4,0.0,7.0,2.04,7.0
2002-08-10,16.4,20.6,13.1,16.0,20.3,70,4.8,4.8,0.0,15.0,2.35,8.5
2002-08-11,14.1,15.7,12.8,13.8,15.6,82,18.8,18.8,0.0,23.0,2.06,7.6
2002-08-12,14.0,17.8,11.8,14.1,19.7,85,8.2,8.2,0.0,18.0,2.28,6.7
2002-08-13,15.2,20.1,11.8,15.5,22.3,77,5.7,5.7,0.0,10.0,1.36,8.6
2002-08-14,16.1,23.1,9.7,15.8,24.5,66,0.0,0.0,0.0,0.0,3.0,8.6
2002-08-15,16.7,23.9,11.6,16.2,23.8,66,0.4,0.4,0.0,3.0,3.4,10.3
2002-08-16,17.0,23.9,11.5,16.4,23.6,65,0.5,0.5,0.0,2.0,3.3,9.7
2002-08-17,16.9,23.6,9.7,15.8,22.8,57,0.1,0.1,0.0,1.0,3.41,9.7
2002-08-18,17.4,25.1,10.2,16.1,23.7,52,0.0,0.0,0.0,0.0,3.74,10.4
2002-08-19,17.8,25.9,10.1,16.3,24.5,45,0.0,0.0,0.0,0.0,3.32,9.3
2002-08-20,19.2,27.5,11.0,18.2,27.7,46,0.0,0.0,0.0,0.0,2.96,8.1
2002-08-21,19.6,25.3,13.4,19.0,25.9,55,0.4,0.4,0.0,1.0,3.54,9.8
2002-08-22,17.2,21.4,13.7,17.3,21.4,75,6.4,6.4,0.0,11.0,2.06,7.3
2002-08-23,17.3,22.7,13.8,17.7,23.7,75,3.3,3.3,0.0,9.0,1.64,6.4
2002-08-24,17.4,26.5,11.1,17.3,27.2,68,7.1,7.1,0.0,8.0,2.25,6.7
2002-08-25,16.6,23.0,12.0,16.0,23.3,65,3.5,3.5,0.0,5.0,2.2,8.3
2002-08-26,16.9,23.6,10.0,15.8,23.0,56,0.1,0.1,0.0,1.0,2.84,8.3
2002-08-27,18.7,27.3,10.2,17.4,26.3,46,0.0,0.0,0.0,0.0,2.88,6.5
2002-08-28,19.5,26.0,13.8,18.6,26.9,47,0.5,0.5,0.0,3.0,2.1,7.3
2002-08-29,18.1,26.4,11.8,17.8,27.3,60,2.6,2.6,0.0,3.0,1.8,6.6
2002-08-30,20.5,30.0,11.3,19.5,28.8,48,0.0,0.0,0.0,0.0,3.04,6.6
2002-08-31,20.9,28.1,14.6,20.0,28.4,45,2.2,2.2,0.0,4.0,2.19,7.5
2002-09-01,18.2,21.7,14.7,18.5,21.6,72,11.3,11.3,0.0,13.0,2.26,8.6
2002-09-02,15.5,17.4,13.8,15.9,17.5,89,22.4,22.4,0.0,20.0,1.84,6.5
2002-09-03,17.1,23.6,12.1,17.1,23.7,75,2.9,2.9,0.0,10.0,3.77,9.7
2002-09-04,16.5,19.0,14.6,16.3,18.4,83,7.8,7.8,0.0,18.0,4.1,10.6
2002-09-05,16.7,22.3,13.3,16.9,22.7,79,0.8,0.8,0.0,1.0,2.02,6.9
2002-09-06,18.2,22.5,15.8,18.7,22.3,81,0.7,0.7,0.0,4.0,4.16,11.3
2002-09-07,17.5,23.4,14.1,17.9,23.4,82,0.9,0.9,0.0,5.0,3.01,8.9
2002-09-08,18.4,22.5,15.4,18.2,21.3,74,1.4,1.4,0.0,6.0,4.24,11.6
2002-09-09,17.8,22.0,14.5,17.0,20.0,72,2.3,2.3,0.0,12.0,4.63,12.3
2002-09-10,15.7,20.7,12.8,14.6,18.8,73,0.0,0.0,0.0,0.0,3.96,11.0
2002-09-11,12.4,14.7,9.6,11.3,13.8,88,7.1,7.1,0.0,11.0,3.1,8.6
2002-09-12,11.0,14.5,8.7,9.8,13.1,87,2.5,2.5,0.0,8.0,2.77,7.8
2002-09-13,11.7,15.6,9.0,10.5,14.2,80,1.2,1.2,0.0,7.0,2.04,6.3
2002-09-14,11.9,17.1,9.0,11.2,16.6,83,9.6,9.6,0.0,20.0,1.66,6.9
2002-09-15,12.8,21.1,6.2,11.6,19.6,69,0.3,0.3,0.0,1.0,2.18,6.5
2002-09-16,13.9,20.3,7.5,12.5,19.4,61,0.0,0.0,0.0,0.0,3.28,8.6
2002-09-17,15.2,20.9,11.8,14.3,20.7,63,2.1,2.1,0.0,4.0,1.7,5.9
2002-09-18,11.0,12.6,8.9,9.2,11.5,82,7.4,7.4,0.0,15.0,4.84,11.0
2002-09-19,10.8,16.0,6.8,9.2,14.1,77,2.5,2.5,0.0,7.0,2.96,7.8
2002-09-20,11.5,15.6,8.7,9.9,13.2,77,3.0,3.0,0.0,6.0,3.34,9.6
2002-09-21,11.0,15.5,7.8,9.1,12.8,73,1.6,1.6,0.0,8.0,3.01,8.8
2002-09-22,10.5,18.5,4.2,8.1,16.1,54,0.0,0.0,0.0,0.0,2.66,6.6
2002-09-23,9.9,15.3,4.6,7.5,13.3,54,0.5,0.5,0.0,2.0,1.53,4.9
2002-09-24,11.7,18.7,5.9,9.6,16.6,59,1.5,1.5,0.0,6.0,2.16,6.7
2002-09-25,11.1,17.2,5.2,9.4,15.8,63,1.7,1.7,0.0,6.0,1.36,5.8
2002-09-26,11.6,16.6,7.6,10.3,16.3,72,9.1,9.1,0.0,12.0,2.63,8.4
2002-09-27,10.8,19.5,4.4,8.9,17.5,66,0.2,0.2,0.0,1.0,3.01,6.8
2002-09-28,11.9,19.8,5.5,10.1,18.6,57,2.6,2.6,0.0,6.0,1.99,5.6
2002-09-29,12.4,20.9,5.5,10.8,18.9,63,2.6,2.6,0.0,5.0,2.12,7.4
2002-09-30,11.3,17.0,7.2,9.7,16.7,69,5.4,5.4,0.0,9.0,2.42,7.1
2002-10-01,11.7,22.0,3.7,9.5,18.7,56,0.0,0.0,0.0,0.0,1.84,6.8
2002-10-02,12.5,20.0,6.2,9.8,17.7,41,0.2,0.2,0.0,1.0,2.5,7.0
2002-10-03,11.0,16.7,6.9,9.5,16.8,66,10.4,10.4,0.0,19.0,1.84,6.6
2002-10-04,9.8,17.9,2.8,7.6,15.9,67,1.3,1.3,0.0,4.0,3.94,10.4
2002-10-05,9.4,16.1,3.3,6.4,12.3,56,0.2,0.2,0.0,2.0,5.24,13.6
2002-10-06,9.7,17.9,1.3,6.2,14.3,40,0.0,0.0,0.0,0.0,4.27,12.0
2002-10-07,11.5,22.0,1.6,8.7,19.1,41,0.0,0.0,0.0,0.0,1.82,5.9
2002-10-08,12.5,19.8,3.9,9.6,17.0,38,0.0,0.0,0.0,0.0,2.81,7.4
2002-10-09,12.8,20.1,6.4,10.5,18.1,50,1.9,1.9,0.0,8.0,2.48,7.4
2002-10-10,10.6,18.4,5.5,8.4,15.7,63,0.9,0.9,0.0,4.0,2.47,7.9
2002-10-11,10.2,19.8,1.7,7.1,16.4,46,0.0,0.0,0.0,0.0,3.55,12.7
2002-10-12,9.6,16.0,3.9,6.6,13.8,47,0.0,0.0,0.0,0.0,2.63,6.8
2002-10-13,9.9,18.3,3.2,6.7,13.5,48,0.9,0.9,0.0,4.0,3.76,10.5
2002-10-14,9.7,20.2,0.9,6.5,15.8,39,0.0,0.0,0.0,0.0,2.64,8.0
2002-10-15,10.6,21.6,1.0,7.4,18.4,33,0.0,0.0,0.0,0.0,2.06,5.6
2002-10-16,11.3,22.2,3.7,8.3,19.0,36,0.2,0.2,0.0,1.0,1.75,5.8
2002-10-17,11.2,19.9,4.3,8.5,17.5,51,0.8,0.8,0.0,3.0,3.98,10.2
2002-10-18,7.5,12.0,4.4,4.6,8.7,66,0.0,0.0,0.0,0.0,3.42,10.0
2002-10-19,8.2,14.6,3.3,5.6,11.6,63,0.5,0.5,0.0,3.0,2.33,6.1
2002-10-20,7.6,13.7,4.0,4.6,10.5,69,0.1,0.1,0.0,1.0,4.84,12.2
2002-10-21,4.4,7.9,1.9,1.5,5.3,77,7.6,1.3,4.55,16.0,2.76,7.9
2002-10-22,0.4,2.9,-6.6,-2.8,0.3,81,7.3,0.1,5.18,18.0,2.37,8.6
2002-10-23,-1.7,10.2,-10.5,-6.0,6.1,48,0.0,0.0,0.0,0.0,3.31,10.0
2002-10-24,2.2,12.1,-7.5,-1.7,8.3,35,0.0,0.0,0.0,0.0,2.06,6.2
2002-10-25,2.5,10.6,-4.3,-0.7,7.0,55,0.0,0.0,0.0,0.0,2.0,6.1
2002-10-26,2.8,13.2,-6.9,-1.0,9.2,34,0.0,0.0,0.0,0.0,1.53,4.9
2002-10-27,4.4,11.1,-3.9,0.9,8.9,39,0.0,0.0,0.0,0.0,2.34,5.5
2002-10-28,4.0,11.0,-5.4,1.1,9.0,58,0.9,0.6,0.28,3.0,2.31,6.5
2002-10-29,3.4,11.5,-3.6,0.2,8.4,61,1.1,0.5,0.42,4.0,2.27,6.0
2002-10-30,2.8,9.3,-6.3,-0.2,7.0,65,0.9,0.5,0.42,4.0,2.02,5.9
2002-10-31,3.7,9.3,-2.1,0.7,6.7,68,2.1,0.2,1.47,6.0,2.15,8.5
2002-11-01,1.1,5.1,-2.7,-2.2,2.0,78,5.3,0.0,4.13,17.0,2.22,6.3
2002-11-02,-2.3,5.9,-13.0,-6.2,2.2,52,0.0,0.0,0.0,0.0,2.69,6.5
2002-11-03,-1.6,9.2,-9.7,-5.6,5.2,40,0.0,0.0,0.0,0.0,1.43,5.7
2002-11-04,-1.3,10.2,-8.9,-5.4,6.2,37,0.0,0.0,0.0,0.0,1.58,5.7
2002-11-05,-0.6,10.9,-9.6,-4.7,7.0,38,0.0,0.0,0.0,0.0,1.8,6.0
2002-11-06,-0.3,10.0,-7.3,-4.1,5.8,37,0.0,0.0,0.0,0.0,1.75,5.2
2002-11-07,0.1,10.9,-8.2,-3.8,6.9,36,0.0,0.0,0.0,0.0,1.7,5.4
2002-11-08,1.2,11.5,-5.5,-2.6,7.5,33,0.0,0.0,0.0,0.0,1.39,4.1
2002-11-09,2.2,12.1,-5.3,-1.6,8.8,38,0.0,0.0,0.0,0.0,1.53,5.6
2002-11-10,3.8,13.4,-4.2,0.0,10.4,44,0.0,0.0,0.0,0.0,1.97,6.6
2002-11-11,3.4,14.2,-5.7,-0.7,8.9,39,0.0,0.0,0.0,0.0,3.28,9.2
2002-11-12,3.5,14.9,-5.7,-0.3,11.2,35,0.0,0.0,0.0,0.0,1.41,5.7
2002-11-13,3.4,13.6,-5.1,-0.7,9.3,37,0.0,0.0,0.0,0.0,3.2,6.6
2002-11-14,2.8,5.3,1.0,-0.5,2.2,56,0.7,0.0,1.19,7.0,2.01,5.6
2002-11-15,2.3,7.8,-2.6,-1.1,3.5,67,1.7,0.0,1.26,9.0,3.34,10.4
2002-11-16,0.5,9.8,-7.4,-3.2,5.9,57,0.5,0.1,0.28,2.0,1.9,7.9
2002-11-17,1.6,8.7,-4.7,-1.9,5.4,44,0.0,0.0,0.0,0.0,2.31,4.2
2002-11-18,0.5,5.4,-2.3,-3.1,1.3,60,0.0,0.0,0.07,0.0,2.5,5.8
2002-11-19,-1.6,1.6,-4.1,-5.3,-2.4,81,4.3,0.0,3.08,13.0,2.9,7.5
2002-11-20,-3.5,4.5,-9.4,-7.1,1.2,70,0.0,0.0,0.0,0.0,1.87,6.7
2002-11-21,-3.7,7.4,-10.9,-7.9,3.9,49,0.0,0.0,0.0,0.0,2.11,8.3
2002-11-22,-0.6,7.7,-7.4,-4.9,3.9,44,0.0,0.0,0.0,0.0,2.56,7.8
2002-11-23,-2.4,2.5,-6.0,-6.0,-1.0,76,0.4,0.0,0.7,3.0,2.7,8.7
2002-11-24,-3.5,3.6,-8.0,-7.1,-0.1,60,0.1,0.0,0.28,1.0,2.26,5.8
2002-11-25,-3.2,4.6,-9.9,-7.1,0.8,38,0.0,0.0,0.0,0.0,1.84,4.0
2002-11-26,-3.8,6.6,-13.8,-7.9,3.1,41,0.0,0.0,0.0,0.0,1.88,6.8
2002-11-27,-1.4,10.0,-9.0,-5.6,6.3,38,0.0,0.0,0.0,0.0,2.01,7.2
2002-11-28,1.3,9.7,-4.9,-2.8,5.5,34,0.0,0.0,0.0,0.0,3.35,7.1
2002-11-29,-0.6,6.4,-5.5,-4.4,2.6,46,0.0,0.0,0.0,0.0,2.61,4.9
2002-11-30,-0.5,9.2,-10.9,-4.2,5.4,47,0.0,0.0,0.0,0.0,1.39,5.6
2002-12-01,1.0,5.6,-2.3,-2.8,1.8,46,0.0,0.0,0.0,0.0,2.32,5.8
2002-12-02,-0.1,8.3,-7.7,-4.0,4.2,51,0.0,0.0,0.0,0.0,3.11,9.3
2002-12-03,1.6,11.5,-6.5,-2.4,7.7,38,0.0,0.0,0.0,0.0,2.86,6.4
2002-12-04,-0.6,4.3,-4.5,-5.1,-0.5,45,0.0,0.0,0.0,0.0,2.77,6.7
2002-12-05,-4.1,1.0,-6.4,-8.7,-3.8,48,0.0,0.0,0.0,0.0,2.73,6.7
2002-12-06,-6.6,-3.2,-9.3,-11.4,-8.2,54,0.3,0.0,0.21,2.0,2.93,7.4
2002-12-07,-6.9,-2.0,-9.8,-11.4,-6.8,63,0.2,0.0,0.56,2.0,3.55,7.4
2002-12-08,-6.0,3.0,-13.3,-10.1,-0.9,52,0.0,0.0,0.0,0.0,1.79,7.7
2002-12-09,-5.8,4.5,-15.8,-10.2,0.5,39,0.0,0.0,0.0,0.0,1.75,6.8
2002-12-10,-3.8,4.5,-9.5,-8.1,0.3,35,0.0,0.0,0.0,0.0,2.47,7.3
2002-12-11,-4.6,6.7,-11.9,-9.0,3.0,42,0.0,0.0,0.0,0.0,2.37,7.9
2002-12-12,-2.5,8.2,-8.3,-6.7,4.5,34,0.0,0.0,0.0,0.0,1.97,5.7
2002-12-13,-1.7,9.9,-9.9,-6.1,5.9,39,0.0,0.0,0.0,0.0,2.33,7.2
2002-12-14,0.9,10.6,-6.3,-3.4,6.4,34,0.0,0.0,0.0,0.0,2.37,7.2
2002-12-15,2.2,10.2,-4.3,-1.5,6.6,38,0.0,0.0,0.0,0.0,1.84,5.9
2002-12-16,0.9,8.9,-6.6,-3.0,4.7,38,0.0,0.0,0.0,0.0,1.97,7.7
2002-12-17,-1.7,4.8,-6.5,-5.5,1.0,48,0.0,0.0,0.0,0.0,1.9,4.8
2002-12-18,-0.7,9.1,-8.7,-4.8,5.1,42,0.0,0.0,0.0,0.0,2.22,5.9
2002-12-19,0.3,8.2,-4.7,-3.3,4.7,44,0.0,0.0,0.0,0.0,1.66,5.0
2002-12-20,-0.2,8.6,-6.5,-4.4,5.0,43,0.0,0.0,0.0,0.0,3.06,6.3
2002-12-21,-0.7,4.7,-3.7,-4.4,0.6,71,0.0,0.0,0.07,0.0,3.37,7.8
2002-12-22,-2.9,2.6,-6.5,-7.1,-1.6,55,1.3,0.0,1.05,8.0,3.67,12.2
2002-12-23,-5.0,3.5,-12.2,-9.1,-0.5,53,0.0,0.0,0.0,0.0,2.75,8.4
2002-12-24,-9.4,-4.4,-13.9,-14.3,-9.4,68,0.0,0.0,0.0,0.0,3.42,8.1
2002-12-25,-10.3,-2.7,-15.8,-14.6,-7.4,63,0.0,0.0,0.0,0.0,2.5,6.1
2002-12-26,-10.7,-3.5,-16.4,-14.9,-8.2,60,0.0,0.0,0.0,0.0,2.42,6.7
2002-12-27,-8.5,1.1,-16.1,-12.7,-2.8,60,0.0,0.0,0.0,0.0,2.3,5.2
2002-12-28,-7.5,1.3,-14.0,-11.6,-2.9,58,0.0,0.0,0.0,0.0,2.53,5.2
2002-12-29,-7.0,3.0,-14.5,-11.1,-1.5,51,0.0,0.0,0.0,0.0,2.34,7.9
2002-12-30,-5.8,3.4,-12.9,-10.0,-0.8,39,0.0,0.0,0.0,0.0,2.19,5.0
2002-12-31,-4.9,4.1,-13.6,-9.0,0.1,41,0.0,0.0,0.0,0.0,1.5,5.0
2003-01-01,-3.6,3.6,-9.6,-8.0,-1.2,30,0.0,0.0,0.0,0.0,2.21,8.2
2003-01-02,-3.7,4.4,-10.1,-9.2,-1.5,23,0.0,0.0,0.0,0.0,4.91,13.5
2003-01-03,-5.1,5.1,-12.6,-9.7,0.8,22,0.0,0.0,0.0,0.0,2.46,9.1
2003-01-04,-5.0,1.9,-11.5,-9.3,-2.7,35,0.0,0.0,0.0,0.0,2.91,6.2
2003-01-05,-5.6,3.5,-12.9,-9.8,-0.9,44,0.0,0.0,0.0,0.0,1.75,6.2
2003-01-06,-5.3,4.5,-12.0,-9.9,0.3,33,0.0,0.0,0.0,0.0,2.18,7.2
2003-01-07,-4.2,5.1,-11.7,-8.7,0.9,26,0.0,0.0,0.0,0.0,1.9,5.3
2003-01-08,-3.4,1.5,-7.8,-7.6,-3.1,38,0.0,0.0,0.0,0.0,2.32,6.4
2003-01-09,-4.7,4.6,-11.8,-9.0,0.2,45,0.0,0.0,0.0,0.0,2.2,7.6
2003-01-10,-4.6,2.8,-11.0,-8.9,-1.8,41,0.0,0.0,0.0,0.0,2.41,6.1
2003-01-11,-4.5,2.9,-10.7,-9.2,-2.9,38,0.0,0.0,0.0,0.0,5.65,14.7
2003-01-12,-5.7,4.5,-12.7,-10.4,0.0,24,0.0,0.0,0.0,0.0,2.33,7.8
2003-01-13,-4.1,5.6,-13.1,-8.9,1.1,17,0.0,0.0,0.0,0.0,3.01,5.9
2003-01-14,-2.9,5.6,-10.5,-7.8,-0.2,27,0.0,0.0,0.0,0.0,3.81,11.3
2003-01-15,-2.9,8.1,-10.6,-7.9,3.2,21,0.0,0.0,0.0,0.0,2.71,9.3
2003-01-16,0.1,11.3,-7.7,-4.5,6.6,19,0.0,0.0,0.0,0.0,2.37,8.3
2003-01-17,1.1,10.5,-7.3,-3.1,6.3,24,0.0,0.0,0.0,0.0,1.7,6.9
2003-01-18,1.2,11.6,-6.6,-2.9,7.5,26,0.0,0.0,0.0,0.0,1.78,6.9
2003-01-19,1.9,11.9,-7.3,-2.5,8.0,23,0.0,0.0,0.0,0.0,2.21,5.8
2003-01-20,1.7,12.0,-7.3,-2.4,7.9,27,0.0,0.0,0.0,0.0,2.19,5.9
2003-01-21,0.5,8.9,-5.4,-3.8,4.7,32,0.0,0.0,0.0,0.0,3.26,10.9
2003-01-22,-1.6,8.7,-9.5,-5.9,3.6,29,0.0,0.0,0.0,0.0,2.37,7.3
2003-01-23,-1.2,5.6,-7.9,-5.4,0.8,29,0.0,0.0,0.0,0.0,2.21,6.2
2003-01-24,-1.7,4.1,-5.7,-5.8,0.0,51,0.0,0.0,0.42,0.0,3.45,8.8
2003-01-25,-2.9,3.0,-7.4,-6.9,-1.0,61,0.1,0.0,0.14,1.0,3.2,8.0
2003-01-26,-5.6,-1.9,-9.9,-10.1,-6.1,59,0.3,0.0,0.35,2.0,3.05,9.5
2003-01-27,-6.9,2.6,-15.0,-11.4,-2.3,33,0.0,0.0,0.0,0.0,2.33,7.7
2003-01-28,-4.4,6.3,-13.0,-8.7,1.9,25,0.0,0.0,0.0,0.0,2.79,5.5
2003-01-29,-2.9,4.1,-10.8,-7.4,-1.3,26,0.0,0.0,0.0,0.0,3.3,8.6
2003-01-30,-1.1,5.3,-6.0,-5.2,0.9,41,0.0,0.0,0.07,0.0,2.11,6.5
2003-01-31,-2.2,8.0,-10.7,-6.5,3.3,35,0.0,0.0,0.0,0.0,2.61,5.8
2003-02-01,-2.6,5.4,-9.2,-6.6,1.4,49,0.0,0.0,0.0,0.0,2.93,5.5
2003-02-02,-2.5,3.2,-7.2,-6.5,-1.5,62,1.3,0.0,1.19,9.0,3.16,8.4
2003-02-03,-2.2,4.3,-7.5,-6.4,-0.6,54,0.3,0.0,0.49,2.0,2.81,7.2
2003-02-04,-2.1,5.0,-7.1,-6.1,0.6,53,0.0,0.0,0.07,0.0,2.91,7.9
2003-02-05,-1.8,7.6,-9.9,-6.1,2.0,34,0.0,0.0,0.0,0.0,3.4,9.6
2003-02-06,-1.0,9.4,-10.5,-5.6,4.2,17,0.0,0.0,0.0,0.0,2.04,7.4
2003-02-07,1.6,12.1,-7.4,-3.2,6.7,15,0.0,0.0,0.0,0.0,2.7,8.6
2003-02-08,1.1,8.1,-4.2,-3.2,3.8,35,0.6,0.0,0.42,3.0,4.04,10.7
2003-02-09,-2.3,4.2,-7.0,-6.5,0.6,60,0.8,0.0,0.98,4.0,3.26,11.1
2003-02-10,-2.9,4.5,-9.0,-6.9,1.6,61,0.0,0.0,0.0,0.0,3.18,8.9
2003-02-11,-2.6,7.0,-10.5,-6.6,2.3,53,0.0,0.0,0.07,0.0,3.55,8.3
2003-02-12,-3.1,6.4,-11.3,-7.0,2.4,53,0.0,0.0,0.0,0.0,2.93,6.5
2003-02-13,-0.9,7.9,-7.9,-4.8,4.0,45,0.0,0.0,0.0,0.0,2.94,6.4
2003-02-14,0.6,6.7,-3.1,-3.1,2.9,57,0.0,0.0,0.07,0.0,2.86,6.1
2003-02-15,-0.6,4.8,-5.1,-4.6,1.2,62,0.5,0.0,0.49,4.0,2.78,7.9
2003-02-16,2.1,9.9,-4.3,-2.4,4.0,30,0.0,0.0,0.0,0.0,5.44,14.9
2003-02-17,2.7,12.9,-6.6,-1.2,9.0,36,0.0,0.0,0.0,0.0,2.69,6.4
2003-02-18,4.3,14.6,-4.1,0.3,10.4,28,0.0,0.0,0.0,0.0,3.28,6.9
2003-02-19,5.7,16.1,-2.1,2.2,12.2,31,0.0,0.0,0.0,0.0,2.11,5.6
2003-02-20,8.0,18.2,1.2,4.4,15.2,32,0.5,0.4,0.07,3.0,3.35,8.6
2003-02-21,2.6,8.3,-1.4,-1.2,4.5,57,0.5,0.0,0.49,3.0,3.52,9.3
2003-02-22,0.7,5.4,-3.3,-2.7,2.3,61,2.7,0.2,1.89,6.0,1.86,7.9
2003-02-23,0.7,7.2,-4.7,-2.7,4.8,60,0.0,0.0,0.0,0.0,2.43,5.7
2003-02-24,2.5,10.0,-2.5,-1.7,6.2,37,0.0,0.0,0.0,0.0,4.24,11.0
2003-02-25,1.7,7.2,-1.9,-2.4,3.3,42,0.0,0.0,0.0,0.0,3.18,9.1
2003-02-26,2.7,9.0,-2.3,-0.8,5.6,48,0.2,0.2,0.0,1.0,2.61,6.8
2003-02-27,1.8,6.0,-1.5,-2.2,1.8,53,0.6,0.0,0.63,5.0,3.81,10.0
2003-02-28,3.7,13.3,-4.3,-0.0,9.1,39,0.0,0.0,0.0,0.0,2.33,6.8
2003-03-01,6.3,14.9,-2.4,2.2,11.2,24,0.0,0.0,0.07,0.0,3.67,8.2
2003-03-02,2.9,7.8,-0.8,-1.5,3.4,40,0.0,0.0,0.14,0.0,3.79,9.2
2003-03-03,-0.0,6.3,-4.4,-4.5,1.6,35,0.0,0.0,0.07,0.0,3.96,9.4
2003-03-04,-1.4,1.6,-3.8,-6.0,-3.5,64,1.0,0.0,1.19,5.0,4.41,11.7
2003-03-05,-4.3,-0.8,-6.6,-8.7,-5.6,75,5.2,0.0,3.99,14.0,3.55,8.6
2003-03-06,-4.7,2.9,-10.2,-8.4,-0.8,62,0.0,0.0,0.0,0.0,3.31,8.4
2003-03-07,-3.2,1.3,-7.4,-7.4,-2.6,63,0.4,0.0,0.35,3.0,3.89,10.5
2003-03-08,-2.7,2.1,-6.7,-6.5,-1.3,60,0.0,0.0,0.0,0.0,2.44,6.2
2003-03-09,-1.0,7.7,-9.3,-5.1,3.0,40,0.0,0.0,0.0,0.0,3.44,9.8
2003-03-10,1.9,11.0,-4.5,-2.8,7.4,30,0.0,0.0,0.0,0.0,5.03,12.4
2003-03-11,-1.7,3.2,-6.3,-5.9,-0.5,58,0.0,0.0,0.0,0.0,3.57,9.1
2003-03-12,0.1,7.7,-5.2,-3.5,5.2,56,0.5,0.0,0.49,2.0,2.95,6.8
2003-03-13,1.7,5.9,-1.5,-1.7,3.0,65,0.0,0.0,0.14,0.0,3.24,8.2
2003-03-14,3.6,10.9,-1.8,0.2,6.7,55,0.0,0.0,0.0,0.0,3.06,8.1
2003-03-15,5.6,13.9,-0.5,1.5,8.0,44,0.6,0.6,0.07,3.0,6.02,16.7
2003-03-16,2.8,7.5,-0.3,-0.8,3.3,71,1.2,0.0,0.84,6.0,5.0,13.2
2003-03-17,3.9,11.7,-2.1,0.9,8.4,66,0.3,0.1,0.63,2.0,3.76,10.1
2003-03-18,3.4,7.4,-0.4,0.0,3.8,72,5.1,0.1,3.57,21.0,3.32,8.6
2003-03-19,4.0,11.0,-1.9,0.4,5.9,55,0.0,0.0,0.49,0.0,4.3,12.1
2003-03-20,4.4,13.0,-2.9,0.9,10.7,35,0.0,0.0,0.0,0.0,3.35,7.4
2003-03-21,3.5,7.0,1.0,0.4,3.9,64,2.8,0.0,2.17,10.0,2.62,7.2
2003-03-22,3.6,12.4,-5.4,0.1,8.2,56,0.0,0.0,0.0,0.0,4.8,13.4
2003-03-23,4.9,12.3,-2.2,1.0,6.8,34,0.1,0.1,0.0,1.0,4.81,13.1
2003-03-24,7.4,16.9,-1.3,3.7,14.0,26,0.0,0.0,0.0,0.0,2.56,6.0
2003-03-25,9.2,18.2,0.8,5.8,15.5,32,0.0,0.0,0.0,0.0,3.4,7.9
2003-03-26,9.4,16.8,0.6,6.5,14.7,39,0.0,0.0,0.07,0.0,2.43,7.2
2003-03-27,9.3,15.2,2.7,5.5,11.0,33,0.0,0.0,0.0,0.0,5.73,14.9
2003-03-28,10.9,22.5,1.4,7.0,17.7,29,0.0,0.0,0.0,0.0,4.27,11.4
2003-03-29,14.0,25.5,4.0,10.4,22.6,22,0.0,0.0,0.0,0.0,2.42,7.3
2003-03-30,13.6,22.3,5.7,10.1,19.8,30,0.0,0.0,0.0,0.0,5.44,14.4
2003-03-31,10.0,14.6,4.6,7.2,11.8,54,1.8,1.8,0.0,4.0,2.83,9.1
2003-04-01,7.6,13.2,2.9,5.0,9.6,71,0.5,0.3,0.35,5.0,2.79,8.0
2003-04-02,6.8,12.1,1.9,4.0,9.4,66,0.2,0.2,0.14,2.0,3.04,8.5
2003-04-03,7.5,12.1,1.9,4.7,9.8,59,0.1,0.1,0.0,1.0,2.62,6.5
2003-04-04,10.0,18.5,2.9,7.5,15.9,55,0.0,0.0,0.0,0.0,4.24,11.2
2003-04-05,10.5,15.7,4.8,7.9,13.5,60,0.1,0.1,0.0,1.0,4.61,11.6
2003-04-06,6.2,9.8,4.1,3.6,6.8,82,13.1,2.8,7.21,18.0,2.96,8.1
2003-04-07,8.1,17.8,-1.7,5.1,13.3,57,0.0,0.0,0.0,0.0,4.1,11.6
2003-04-08,10.7,18.5,1.3,7.2,14.4,38,0.0,0.0,0.0,0.0,5.18,14.5
2003-04-09,9.9,20.7,4.3,6.5,16.9,41,4.2,1.5,1.89,6.0,4.9,13.8
2003-04-10,7.5,14.2,0.9,2.7,9.5,24,0.0,0.0,0.0,0.0,6.2,16.4
2003-04-11,9.8,16.3,3.3,5.2,10.7,25,0.0,0.0,0.0,0.0,6.77,16.7
2003-04-12,4.0,7.4,1.3,-0.0,4.0,52,4.6,0.2,3.15,9.0,4.44,11.8
2003-04-13,3.7,10.5,-3.1,0.1,5.9,55,3.2,0.0,2.24,7.0,4.52,14.2
2003-04-14,9.2,19.3,-0.0,5.3,15.1,24,0.0,0.0,0.0,0.0,3.24,9.7
2003-04-15,14.1,26.1,3.5,10.9,24.2,26,0.0,0.0,0.0,0.0,2.42,8.5
2003-04-16,17.3,27.3,9.8,14.3,24.9,29,0.1,0.1,0.0,1.0,4.08,12.0
2003-04-17,12.1,16.4,4.0,8.2,13.0,39,0.4,0.0,0.35,3.0,5.12,13.5
2003-04-18,11.0,21.8,1.8,8.3,19.2,48,0.1,0.0,0.07,1.0,2.6,8.1
2003-04-19,12.4,23.4,5.8,8.6,21.5,34,0.1,0.1,0.0,1.0,7.08,18.6
2003-04-20,7.7,14.3,1.9,4.3,10.8,53,0.0,0.0,0.07,0.0,3.79,10.4
2003-04-21,10.5,17.1,4.6,7.6,15.3,55,1.4,1.2,0.14,7.0,5.82,14.3
2003-04-22,7.9,13.8,4.3,5.0,10.1,63,0.6,0.1,0.63,4.0,3.31,10.3
2003-04-23,7.6,13.6,4.1,5.0,11.8,64,6.2,3.7,1.75,13.0,4.32,11.9
2003-04-24,9.1,17.9,2.0,6.2,13.4,49,1.5,0.0,1.12,3.0,3.65,10.5
2003-04-25,13.0,19.9,7.0,9.9,17.0,31,0.0,0.0,0.0,0.0,3.9,10.3
2003-04-26,13.1,18.8,7.7,10.5,17.6,47,0.7,0.7,0.0,3.0,3.59,10.2
2003-04-27,13.5,20.4,8.2,12.2,20.4,61,5.1,5.1,0.0,12.0,1.92,7.5
2003-04-28,10.0,15.9,7.2,8.1,12.5,77,11.8,11.6,0.14,18.0,3.9,12.4
2003-04-29,10.8,17.6,3.3,8.2,14.6,45,0.0,0.0,0.0,0.0,2.25,7.7
2003-04-30,13.6,22.7,4.1,10.4,19.8,28,0.0,0.0,0.0,0.0,2.75,8.5
2003-05-01,15.6,23.1,7.3,12.4,21.9,25,0.0,0.0,0.0,0.0,2.37,8.3
2003-05-02,16.2,22.9,9.2,12.6,19.8,25,0.0,0.0,0.0,0.0,4.31,10.7
2003-05-03,16.7,24.0,8.3,13.3,20.9,27,0.0,0.0,0.0,0.0,5.1,12.9
2003-05-04,16.0,21.3,12.6,14.8,20.1,64,6.5,6.5,0.0,9.0,4.71,13.1
2003-05-05,9.5,12.8,6.2,8.0,11.9,92,15.3,14.2,0.77,24.0,2.56,7.5
2003-05-06,9.9,13.9,6.7,8.2,13.0,77,2.8,2.8,0.0,14.0,3.92,9.0
2003-05-07,9.1,12.4,7.1,6.9,10.0,73,3.0,3.0,0.0,10.0,3.95,11.6
2003-05-08,8.9,14.0,5.3,6.5,10.3,66,0.6,0.4,0.28,4.0,3.04,8.6
2003-05-09,11.4,17.6,6.3,9.1,14.4,51,0.9,0.4,0.35,4.0,3.22,9.2
2003-05-10,13.6,20.6,5.4,11.0,18.5,37,0.0,0.0,0.0,0.0,2.62,7.8
2003-05-11,15.3,22.1,7.6,13.1,22.1,33,0.3,0.3,0.0,1.0,2.68,7.4
2003-05-12,14.3,20.5,8.8,12.1,18.3,51,6.5,6.5,0.0,8.0,5.24,14.0
2003-05-13,11.3,17.7,6.5,10.2,17.3,72,13.0,10.1,2.03,16.0,2.14,7.7
2003-05-14,11.6,17.0,8.6,10.1,16.0,72,3.6,3.6,0.0,8.0,2.69,8.5
2003-05-15,11.5,16.4,7.8,9.8,14.3,71,1.1,1.1,0.0,8.0,2.56,8.0
2003-05-16,12.9,18.1,9.5,11.6,18.2,67,5.0,5.0,0.0,9.0,3.6,9.4
2003-05-17,9.2,11.3,7.2,7.5,9.6,86,10.5,10.0,0.35,21.0,2.9,8.2
2003-05-18,11.0,15.7,5.7,9.2,14.7,64,3.1,3.1,0.0,7.0,2.42,9.1
2003-05-19,12.9,18.5,7.9,10.9,16.8,51,0.5,0.5,0.0,2.0,2.86,7.7
2003-05-20,13.8,17.6,10.3,12.0,16.4,55,1.5,1.5,0.0,4.0,1.94,5.2
2003-05-21,14.1,19.5,7.6,13.0,20.1,61,3.3,3.3,0.0,7.0,2.21,7.4
2003-05-22,10.3,13.7,6.8,8.6,12.6,75,13.5,12.2,0.91,11.0,2.93,9.2
2003-05-23,13.2,19.3,8.2,12.6,20.3,69,4.1,4.1,0.0,6.0,1.36,6.7
2003-05-24,16.7,24.7,8.1,15.8,24.2,54,0.0,0.0,0.0,0.0,2.16,6.1
2003-05-25,15.3,19.1,12.2,14.1,17.3,61,7.3,7.3,0.0,10.0,3.28,8.3
2003-05-26,16.1,22.5,11.4,15.5,22.0,65,2.9,2.9,0.0,4.0,1.68,6.8
2003-05-27,15.4,22.0,9.1,14.3,20.9,61,0.3,0.3,0.0,2.0,2.98,9.8
2003-05-28,16.2,24.5,8.3,15.3,23.3,58,0.0,0.0,0.0,0.0,3.32,8.9
2003-05-29,18.7,24.6,13.9,17.5,22.7,50,0.3,0.3,0.0,2.0,4.37,12.2
2003-05-30,16.7,19.7,14.2,16.8,19.5,77,16.9,16.9,0.0,18.0,3.2,8.5
2003-05-31,18.5,25.5,12.8,18.0,23.8,59,2.9,2.9,0.0,3.0,2.9,8.2
2003-06-01,16.7,19.6,13.2,16.3,21.4,62,4.0,4.0,0.0,10.0,1.36,6.2
2003-06-02,17.6,25.5,9.7,16.4,23.6,53,0.0,0.0,0.0,0.0,2.94,8.9
2003-06-03,18.5,23.5,13.3,16.6,22.4,38,0.0,0.0,0.0,0.0,3.52,9.3
2003-06-04,16.6,21.3,13.1,15.1,20.2,51,2.7,2.7,0.0,8.0,3.09,8.5
2003-06-05,16.6,22.3,11.3,15.6,21.8,60,1.2,1.2,0.0,6.0,2.92,8.2
2003-06-06,17.5,22.6,12.1,16.4,21.8,54,0.2,0.2,0.0,1.0,2.42,7.4
2003-06-07,16.4,22.4,12.3,15.6,22.4,61,5.2,5.2,0.0,8.0,2.78,10.1
2003-06-08,16.7,23.3,10.8,16.2,23.5,66,1.2,1.2,0.0,1.0,3.77,10.4
2003-06-09,14.4,17.9,11.1,13.6,18.3,74,7.7,7.7,0.0,20.0,3.61,9.6
2003-06-10,10.8,13.9,7.4,9.2,11.8,83,12.5,12.1,0.28,20.0,2.69,8.3
2003-06-11,13.3,20.1,7.5,12.1,18.6,64,0.3,0.3,0.0,2.0,3.13,8.3
2003-06-12,15.5,20.4,9.0,13.8,20.3,47,0.0,0.0,0.0,0.0,2.2,7.1
2003-06-13,16.2,22.5,10.3,14.8,21.6,46,0.1,0.1,0.0,1.0,3.31,10.2
2003-06-14,16.9,23.4,9.9,15.1,21.9,41,0.0,0.0,0.0,0.0,3.01,8.6
2003-06-15,17.9,23.2,11.4,15.4,21.1,34,0.0,0.0,0.0,0.0,2.96,8.7
2003-06-16,17.5,22.5,12.9,16.1,22.7,47,0.3,0.3,0.0,1.0,2.33,5.3
2003-06-17,16.1,22.8,10.9,15.4,24.2,62,4.2,4.2,0.0,6.0,2.19,9.3
2003-06-18,15.8,21.8,9.5,15.3,23.8,64,5.1,5.1,0.0,11.0,1.7,6.6
2003-06-19,17.1,23.4,10.5,16.7,25.0,60,1.0,1.0,0.0,7.0,1.87,7.1
2003-06-20,18.7,25.5,11.0,17.8,25.9,54,0.0,0.0,0.0,0.0,3.63,10.3
2003-06-21,15.7,18.7,13.3,15.0,17.3,71,4.7,4.7,0.0,15.0,2.47,7.6
2003-06-22,17.9,25.1,10.3,17.5,25.2,60,0.2,0.2,0.0,1.0,2.93,8.5
2003-06-23,20.8,27.3,12.2,19.5,27.0,45,0.0,0.0,0.0,0.0,4.6,11.6
2003-06-24,21.2,26.8,16.2,20.5,27.5,48,2.5,2.5,0.0,7.0,4.1,10.9
2003-06-25,16.1,18.3,13.3,16.4,19.4,84,34.0,34.0,0.0,24.0,3.4,10.4
2003-06-26,15.8,21.7,11.8,15.9,23.1,76,12.6,12.6,0.0,16.0,2.83,10.3
2003-06-27,17.4,25.2,10.7,17.3,25.1,66,0.0,0.0,0.0,0.0,4.8,12.8
2003-06-28,15.4,19.0,12.9,14.7,16.8,77,12.1,12.1,0.0,11.0,3.79,9.9
2003-06-29,14.9,20.3,10.8,14.5,20.1,77,4.6,4.6,0.0,9.0,2.21,6.3
2003-06-30,17.8,25.3,10.5,17.9,25.4,67,0.1,0.1,0.0,1.0,3.22,8.7
2003-07-01,17.6,21.4,14.6,17.9,21.5,74,11.7,11.7,0.0,12.0,2.01,6.3
2003-07-02,17.8,23.7,11.7,18.2,25.3,73,6.4,6.4,0.0,7.0,3.57,9.5
2003-07-03,17.8,21.5,15.0,18.3,22.9,70,9.1,9.1,0.0,11.0,2.05,7.9
2003-07-04,16.2,22.7,11.0,16.6,24.5,76,8.2,8.2,0.0,9.0,2.06,7.3
2003-07-05,15.4,19.8,11.6,16.0,22.7,81,13.0,13.0,0.0,12.0,2.0,9.5
2003-07-06,17.2,23.3,9.8,17.5,25.3,69,1.5,1.5,0.0,3.0,1.44,6.8
2003-07-07,16.8,21.7,12.0,16.4,22.8,66,1.3,1.3,0.0,2.0,2.41,9.0
2003-07-08,16.6,23.4,10.8,17.0,25.1,73,2.2,2.2,0.0,2.0,2.2,7.8
2003-07-09,18.4,25.2,12.4,19.1,27.1,67,2.5,2.5,0.0,4.0,1.71,6.7
2003-07-10,18.2,23.8,13.4,18.8,24.8,72,9.1,9.1,0.0,9.0,3.51,10.4
2003-07-11,16.9,19.2,15.3,17.7,19.6,82,11.2,11.2,0.0,15.0,1.53,6.2
2003-07-12,16.5,21.5,12.0,17.0,22.1,81,5.7,5.7,0.0,7.0,2.82,8.0
2003-07-13,19.5,26.0,15.0,20.4,27.2,72,0.9,0.9,0.0,6.0,2.73,8.4
2003-07-14,18.0,21.3,15.6,18.5,22.5,79,10.0,10.0,0.0,11.0,4.13,12.3
2003-07-15,17.1,20.1,15.4,18.4,21.7,88,18.4,18.4,0.0,21.0,2.19,7.5
2003-07-16,18.4,23.1,14.1,18.7,25.4,73,5.2,5.2,0.0,9.0,3.89,10.2
2003-07-17,18.9,26.5,11.1,19.4,27.1,65,0.2,0.2,0.0,2.0,2.28,7.1
2003-07-18,17.1,20.3,13.9,17.1,19.8,71,2.2,2.2,0.0,9.0,1.39,5.8
2003-07-19,17.1,21.1,13.1,17.5,24.0,73,5.2,5.2,0.0,8.0,1.79,7.2
2003-07-20,16.9,23.8,10.7,17.4,26.1,73,4.8,4.8,0.0,7.0,1.66,6.2
2003-07-21,17.5,23.5,11.7,17.8,26.4,66,5.4,5.4,0.0,5.0,1.8,6.5
2003-07-22,17.0,22.1,12.0,17.1,24.7,68,5.6,5.6,0.0,5.0,1.53,7.0
2003-07-23,19.7,27.9,11.1,19.7,28.8,56,0.0,0.0,0.0,0.0,1.77,6.7
2003-07-24,22.0,30.8,13.3,22.0,31.6,47,0.4,0.4,0.0,1.0,2.65,7.2
2003-07-25,23.1,29.3,17.6,23.7,31.4,54,0.0,0.0,0.0,0.0,4.65,11.6
2003-07-26,20.4,23.3,17.4,20.9,23.4,74,3.1,3.1,0.0,12.0,4.15,10.9
2003-07-27,20.5,27.2,15.8,21.6,27.7,70,0.7,0.7,0.0,6.0,2.38,7.8
2003-07-28,22.9,30.3,14.1,23.3,31.0,54,0.0,0.0,0.0,0.0,3.23,9.0
2003-07-29,22.5,27.8,18.5,24.1,31.0,65,14.4,14.4,0.0,9.0,2.31,8.4
2003-07-30,18.3,20.0,16.4,19.5,21.7,87,14.8,14.8,0.0,21.0,3.2,7.9
2003-07-31,16.8,19.4,15.3,17.8,19.9,88,20.0,20.0,0.0,17.0,2.62,7.2
2003-08-01,18.0,22.9,13.8,18.2,23.0,74,0.1,0.1,0.0,1.0,3.22,8.4
2003-08-02,18.2,22.6,15.5,19.2,25.7,80,9.8,9.8,0.0,13.0,2.51,8.1
2003-08-03,19.9,27.6,13.5,20.9,29.1,68,0.0,0.0,0.0,0.0,2.6,7.0
2003-08-04,21.3,26.8,15.5,22.5,29.6,64,3.9,3.9,0.0,4.0,2.3,6.7
2003-08-05,21.7,26.5,17.8,23.1,28.2,69,0.4,0.4,0.0,1.0,3.51,10.6
2003-08-06,21.8,26.6,18.3,23.4,28.5,71,5.3,5.3,0.0,9.0,3.42,10.0
2003-08-07,20.4,24.2,18.1,22.7,27.9,84,16.6,16.6,0.0,17.0,3.23,10.8
2003-08-08,20.1,24.8,16.7,21.2,27.3,78,1.0,1.0,0.0,4.0,4.14,10.4
2003-08-09,17.8,20.4,14.7,17.5,19.9,75,3.8,3.8,0.0,8.0,5.01,13.1
2003-08-10,13.2,15.2,11.7,12.5,14.5,86,2.7,2.7,0.0,13.0,2.79,9.0
2003-08-11,14.3,18.3,10.4,13.7,17.8,75,0.4,0.4,0.0,2.0,2.44,7.2
2003-08-12,16.5,20.9,12.4,16.4,20.6,72,0.1,0.1,0.0,1.0,1.9,5.5
2003-08-13,18.4,23.7,13.7,18.3,23.8,68,0.3,0.3,0.0,2.0,3.09,8.3
2003-08-14,16.8,20.7,13.7,16.7,22.2,71,8.7,8.7,0.0,9.0,3.81,9.9
2003-08-15,16.0,22.3,11.0,15.3,21.6,67,7.2,7.2,0.0,12.0,3.0,7.6
2003-08-16,17.2,25.2,9.0,16.7,25.4,58,0.4,0.4,0.0,2.0,3.04,7.8
2003-08-17,17.9,25.3,11.1,17.5,26.1,56,0.7,0.7,0.0,2.0,2.53,6.3
2003-08-18,18.6,26.9,10.7,17.6,25.9,50,0.0,0.0,0.0,0.0,2.48,7.8
2003-08-19,20.0,26.9,12.0,18.7,25.1,45,0.0,0.0,0.0,0.0,2.69,7.6
2003-08-20,20.2,25.1,14.2,19.1,24.1,52,0.0,0.0,0.0,0.0,4.9,12.1
2003-08-21,17.4,20.5,15.0,17.5,20.2,75,14.8,14.8,0.0,10.0,2.91,7.9
2003-08-22,18.6,25.2,13.0,19.4,26.4,74,0.0,0.0,0.0,0.0,2.83,7.4
2003-08-23,21.0,26.8,16.1,22.2,29.1,69,1.1,1.1,0.0,1.0,3.2,10.1
2003-08-24,20.9,25.7,17.6,22.1,28.1,72,3.4,3.4,0.0,7.0,2.44,8.6
2003-08-25,18.1,19.1,16.1,19.7,20.9,89,8.3,8.3,0.0,16.0,1.73,6.8
2003-08-26,20.1,26.0,15.6,21.2,27.9,72,0.1,0.1,0.0,1.0,2.71,7.5
2003-08-27,19.5,26.1,14.5,20.5,28.6,72,8.0,8.0,0.0,7.0,3.16,9.3
2003-08-28,17.1,19.6,15.5,17.3,19.4,82,17.0,17.0,0.0,16.0,3.86,10.2
2003-08-29,16.4,20.5,14.5,17.0,21.8,87,11.4,11.4,0.0,23.0,2.53,9.9
2003-08-30,16.6,21.0,12.2,16.5,21.3,80,0.4,0.4,0.0,3.0,3.28,8.1
2003-08-31,13.3,16.2,10.4,12.8,16.2,87,16.4,16.4,0.0,24.0,2.8,7.8
2003-09-01,13.7,19.7,9.8,13.2,18.7,77,4.5,4.5,0.0,17.0,1.86,6.8
2003-09-02,14.5,21.0,8.9,13.8,20.9,73,0.0,0.0,0.0,0.0,3.41,8.9
2003-09-03,12.9,14.1,11.1,12.2,13.5,77,2.2,2.2,0.0,10.0,1.5,5.7
2003-09-04,14.8,22.3,8.4,14.2,22.5,66,0.1,0.1,0.0,1.0,1.98,7.8
2003-09-05,14.6,18.1,12.2,13.9,17.3,73,5.6,5.6,0.0,12.0,2.12,6.4
2003-09-06,13.9,19.0,9.2,13.5,19.5,77,1.8,1.8,0.0,4.0,1.68,5.6
2003-09-07,14.8,23.3,8.9,14.3,22.4,70,2.9,2.9,0.0,6.0,2.31,6.4
2003-09-08,14.4,20.5,10.4,13.4,18.8,63,7.1,7.1,0.0,7.0,1.75,6.4
2003-09-09,14.3,22.8,6.8,13.1,21.8,60,0.4,0.4,0.0,1.0,1.75,6.6
2003-09-10,16.3,25.3,8.0,14.9,24.4,50,0.0,0.0,0.0,0.0,2.18,6.4
2003-09-11,16.1,22.1,10.7,15.0,21.0,59,4.1,4.1,0.0,7.0,1.71,6.2
2003-09-12,15.8,22.2,9.9,15.7,24.8,72,5.1,5.1,0.0,8.0,1.44,6.5
2003-09-13,17.1,25.8,10.2,16.4,25.3,62,0.0,0.0,0.0,0.0,2.44,6.1
2003-09-14,18.8,27.7,10.5,18.1,28.1,51,0.0,0.0,0.0,0.0,2.3,5.9
2003-09-15,19.4,26.1,12.3,18.3,25.4,51,0.2,0.2,0.0,1.0,4.61,12.4
2003-09-16,17.1,21.0,14.3,16.4,19.6,68,1.9,1.9,0.0,4.0,4.12,10.4
2003-09-17,15.9,20.0,12.9,15.6,19.3,79,3.0,3.0,0.0,9.0,3.73,9.0
2003-09-18,12.9,15.1,11.0,12.3,14.7,87,14.6,14.6,0.0,14.0,3.0,7.8
2003-09-19,13.5,19.2,9.7,12.7,18.6,78,1.5,1.5,0.0,6.0,2.1,5.3
2003-09-20,13.6,18.8,9.6,12.9,18.7,73,3.6,3.6,0.0,4.0,1.46,7.0
2003-09-21,12.9,19.5,6.7,11.9,20.2,71,7.0,7.0,0.0,6.0,2.05,8.1
2003-09-22,12.7,19.8,6.5,11.5,19.8,69,4.5,4.5,0.0,8.0,2.51,8.1
2003-09-23,14.0,24.0,6.0,12.0,20.7,57,0.0,0.0,0.0,0.0,2.94,8.6
2003-09-24,14.5,20.4,8.6,12.6,18.1,54,0.5,0.5,0.0,2.0,2.63,7.4
2003-09-25,15.2,18.9,12.8,14.6,18.2,75,4.7,4.7,0.0,8.0,2.63,7.2
2003-09-26,14.8,20.4,11.4,13.9,19.1,79,4.6,4.6,0.0,7.0,4.9,12.7
2003-09-27,11.5,15.8,8.9,10.3,14.4,84,9.9,9.9,0.0,5.0,2.6,7.3
2003-09-28,13.8,20.0,9.8,13.2,18.8,79,9.2,9.2,0.0,9.0,2.63,7.6
2003-09-29,10.5,13.3,6.2,9.0,12.7,90,11.6,9.1,1.75,17.0,3.35,8.8
2003-09-30,6.0,7.9,4.9,3.9,5.7,89,10.4,1.8,6.09,12.0,2.42,7.0
2003-10-01,7.3,12.1,3.7,4.8,9.4,75,0.6,0.2,0.63,3.0,2.98,8.8
2003-10-02,7.1,12.0,4.3,4.7,9.2,76,1.3,0.1,1.05,6.0,2.47,7.5
2003-10-03,9.1,14.2,5.7,7.2,11.4,76,1.1,0.3,0.56,5.0,3.32,9.1
2003-10-04,8.2,10.6,6.7,6.6,8.8,86,8.7,7.9,0.56,22.0,1.77,5.5
2003-10-05,9.7,16.7,4.4,8.1,14.7,73,0.1,0.1,0.0,1.0,1.41,6.7
2003-10-06,11.1,20.2,4.1,8.5,17.1,51,0.0,0.0,0.0,0.0,2.82,9.0
2003-10-07,11.8,21.7,4.7,9.3,18.9,49,0.2,0.2,0.0,1.0,2.31,8.3
2003-10-08,12.5,21.5,5.3,10.4,19.2,55,0.4,0.4,0.0,2.0,2.53,7.6
2003-10-09,12.3,18.1,8.4,10.6,17.3,71,1.8,1.7,0.07,3.0,4.05,11.4
2003-10-10,7.6,10.5,5.9,5.4,7.7,85,3.9,2.1,1.26,17.0,3.16,8.5
2003-10-11,5.9,7.4,4.5,3.3,4.4,84,1.6,0.3,0.91,11.0,2.77,7.8
2003-10-12,5.0,8.3,3.2,2.5,5.5,83,4.7,0.7,2.87,19.0,2.73,6.6
2003-10-13,6.4,14.0,2.4,3.7,10.4,73,0.5,0.2,0.28,3.0,3.1,8.9
2003-10-14,6.0,11.2,2.7,3.2,8.4,73,0.0,0.0,0.28,0.0,2.6,6.8
2003-10-15,7.8,16.0,2.4,5.3,12.8,69,0.0,0.0,0.0,0.0,2.88,8.3
2003-10-16,8.2,16.4,2.9,6.0,13.7,72,0.0,0.0,0.0,0.0,2.62,7.1
2003-10-17,8.6,14.1,3.1,6.3,11.6,73,0.4,0.4,0.0,4.0,3.4,9.2
2003-10-18,9.6,14.3,5.6,7.6,12.3,71,1.0,1.0,0.0,5.0,2.31,5.5
2003-10-19,7.9,13.0,3.4,5.0,8.3,64,8.4,6.0,1.68,15.0,3.68,11.5
2003-10-20,6.5,15.9,-0.9,3.0,12.4,42,0.0,0.0,0.0,0.0,2.02,6.4
2003-10-21,7.1,14.7,0.1,4.3,12.3,54,0.0,0.0,0.0,0.0,2.63,6.1
2003-10-22,7.4,14.7,0.9,5.0,12.9,61,1.1,1.1,0.0,3.0,1.41,5.8
2003-10-23,8.5,17.7,1.3,5.4,13.7,52,0.5,0.5,0.0,2.0,3.0,7.7
2003-10-24,7.0,13.5,2.1,4.1,10.3,66,0.6,0.4,0.14,3.0,2.73,6.6
2003-10-25,6.8,15.9,0.1,3.9,11.6,57,0.6,0.6,0.0,2.0,2.75,7.9
2003-10-26,7.7,16.9,0.3,4.5,13.6,45,0.0,0.0,0.0,0.0,1.98,5.2
2003-10-27,8.3,16.1,0.4,5.4,14.1,45,0.0,0.0,0.0,0.0,1.92,5.2
2003-10-28,6.6,8.6,4.6,4.3,6.8,77,8.3,5.1,2.38,16.0,1.84,5.2
2003-10-29,6.8,13.4,1.4,4.0,9.6,68,0.8,0.5,0.21,5.0,2.66,7.8
2003-10-30,6.3,16.0,-0.8,3.0,12.3,51,0.0,0.0,0.0,0.0,2.12,6.6
2003-10-31,6.5,16.3,-1.2,3.0,12.5,45,0.0,0.0,0.0,0.0,2.98,8.1
2003-11-01,7.6,17.2,0.5,3.9,13.2,38,0.1,0.1,0.0,1.0,3.81,10.7
2003-11-02,4.9,13.9,-1.9,1.6,10.8,63,0.2,0.2,0.0,1.0,2.91,7.0
2003-11-03,5.4,14.1,-0.8,2.4,11.5,59,0.0,0.0,0.0,0.0,1.78,5.4
2003-11-04,7.3,17.4,0.0,3.9,14.4,46,0.1,0.1,0.0,1.0,2.62,6.7
2003-11-05,8.3,18.5,-0.3,5.3,15.5,50,0.0,0.0,0.0,0.0,2.38,6.5
2003-11-06,5.1,8.4,2.6,2.3,5.6,75,2.9,1.6,0.91,9.0,3.16,8.5
2003-11-07,0.3,4.6,-2.7,-3.4,0.4,76,1.5,0.0,1.19,5.0,3.54,8.9
2003-11-08,-0.2,4.1,-3.6,-3.4,0.7,78,0.2,0.0,0.35,2.0,2.02,6.0
2003-11-09,1.1,6.3,-2.5,-2.3,2.4,75,0.1,0.1,0.0,1.0,2.97,8.7
2003-11-10,0.5,6.8,-4.1,-3.0,2.6,69,0.2,0.0,0.21,1.0,3.35,9.2
2003-11-11,1.0,7.1,-2.9,-2.7,3.2,59,3.0,0.0,2.17,9.0,2.09,11.0
2003-11-12,1.3,9.4,-5.6,-2.4,6.0,42,0.0,0.0,0.0,0.0,1.39,5.9
2003-11-13,3.4,13.4,-2.2,-0.4,9.7,44,0.0,0.0,0.0,0.0,2.09,7.4
2003-11-14,3.2,12.1,-2.2,-0.6,8.6,49,0.0,0.0,0.0,0.0,3.2,7.4
2003-11-15,4.6,11.9,-2.3,1.3,8.9,52,0.0,0.0,0.0,0.0,2.64,4.6
2003-11-16,4.6,10.4,0.3,1.8,7.7,62,1.0,0.0,0.91,5.0,1.26,5.2
2003-11-17,4.5,11.2,-2.8,1.3,8.4,60,0.0,0.0,0.0,0.0,1.66,5.6
2003-11-18,4.5,10.5,0.3,1.9,8.0,72,1.3,0.0,1.12,7.0,2.4,6.0
2003-11-19,3.4,7.9,0.5,0.4,4.9,80,1.3,0.3,0.91,8.0,3.45,9.0
2003-11-20,2.0,8.5,-2.0,-1.8,3.6,63,0.3,0.0,0.35,3.0,4.3,10.7
2003-11-21,0.4,8.3,-4.1,-3.1,5.1,58,0.0,0.0,0.0,0.0,2.18,6.4
2003-11-22,2.0,10.5,-5.0,-1.9,7.0,39,0.0,0.0,0.0,0.0,1.97,6.2
2003-11-23,2.7,9.8,-3.3,-0.7,6.4,48,0.0,0.0,0.0,0.0,1.36,5.3
2003-11-24,2.0,9.1,-3.8,-2.0,5.4,37,0.0,0.0,0.0,0.0,2.42,5.9
2003-11-25,0.2,4.3,-2.8,-3.3,0.7,68,7.0,0.0,4.9,14.0,2.64,7.0
2003-11-26,-3.3,4.0,-10.7,-7.1,-0.1,60,1.1,0.0,0.84,2.0,1.5,6.1
2003-11-27,-3.4,3.9,-9.8,-7.8,-0.3,37,0.0,0.0,0.0,0.0,3.07,7.1
2003-11-28,-5.0,2.9,-11.5,-9.2,-1.2,59,0.0,0.0,0.0,0.0,2.43,7.1
2003-11-29,-6.6,6.3,-15.5,-10.9,2.5,44,0.0,0.0,0.0,0.0,1.96,7.0
2003-11-30,-3.5,5.9,-10.6,-8.1,1.6,39,0.0,0.0,0.0,0.0,3.42,6.8
2003-12-01,-3.3,2.3,-8.5,-7.3,-1.8,53,0.0,0.0,0.0,0.0,2.08,5.2
2003-12-02,-2.6,4.8,-9.4,-6.7,1.5,45,0.0,0.0,0.0,0.0,2.36,5.9
2003-12-03,-2.5,3.4,-8.9,-6.7,-0.5,44,0.0,0.0,0.14,0.0,2.28,5.0
2003-12-04,-2.6,3.8,-10.8,-6.6,0.2,57,0.0,0.0,0.0,0.0,2.95,6.0
2003-12-05,-2.9,3.6,-7.3,-6.9,-0.2,52,0.0,0.0,0.0,0.0,2.82,5.8
2003-12-06,-5.5,2.2,-15.7,-9.3,-1.8,57,0.0,0.0,0.0,0.0,1.98,5.5
2003-12-07,-3.9,1.5,-8.9,-7.7,-2.2,54,0.0,0.0,0.0,0.0,2.33,5.1
2003-12-08,-5.5,3.8,-15.2,-9.4,-0.2,56,0.0,0.0,0.0,0.0,1.6,6.3
2003-12-09,-3.1,4.4,-9.4,-7.1,0.7,49,0.0,0.0,0.07,0.0,2.8,6.0
2003-12-10,-5.5,4.3,-15.3,-9.3,0.5,62,0.0,0.0,0.0,0.0,1.44,6.4
2003-12-11,-4.9,4.8,-15.4,-9.0,0.8,40,0.0,0.0,0.0,0.0,1.75,5.0
2003-12-12,-3.7,7.5,-11.9,-7.9,3.8,48,0.0,0.0,0.0,0.0,2.02,7.4
2003-12-13,-3.0,6.8,-10.8,-7.0,2.6,39,0.0,0.0,0.0,0.0,1.43,5.2
2003-12-14,-2.4,8.2,-11.9,-6.3,4.1,38,0.0,0.0,0.0,0.0,1.36,5.1
2003-12-15,-2.8,2.4,-6.6,-6.8,-1.8,57,0.0,0.0,0.0,0.0,2.79,6.7
2003-12-16,-5.2,0.7,-11.9,-9.1,-3.6,70,0.0,0.0,0.0,0.0,2.5,5.9
2003-12-17,-6.3,-1.6,-11.4,-10.4,-6.1,68,0.0,0.0,0.0,0.0,3.23,7.0
2003-12-18,-6.4,-1.7,-10.3,-10.7,-5.8,64,0.0,0.0,0.07,0.0,2.53,5.8
2003-12-19,-7.1,0.5,-14.5,-11.2,-3.9,61,0.0,0.0,0.0,0.0,2.67,5.5
2003-12-20,-4.3,2.5,-11.4,-8.2,-1.2,56,0.0,0.0,0.0,0.0,2.25,4.3
2003-12-21,-3.1,3.4,-9.0,-6.7,-0.3,64,0.2,0.0,0.77,2.0,2.12,4.4
2003-12-22,-5.8,5.5,-14.1,-9.8,1.8,63,0.0,0.0,0.0,0.0,1.88,6.8
2003-12-23,-5.2,6.0,-16.0,-9.7,2.2,34,0.0,0.0,0.0,0.0,2.16,7.3
2003-12-24,-4.0,0.1,-6.6,-8.2,-4.0,45,1.0,0.0,1.12,6.0,2.24,5.5
2003-12-25,-6.0,-0.7,-11.1,-9.8,-4.2,67,0.0,0.0,0.0,0.0,1.81,3.9
2003-12-26,-7.9,1.2,-16.4,-11.7,-2.5,67,0.0,0.0,0.0,0.0,1.55,4.9
2003-12-27,-5.7,0.2,-10.9,-9.7,-3.8,60,0.0,0.0,0.0,0.0,2.28,4.8
2003-12-28,-6.2,-1.8,-9.2,-10.1,-5.9,68,2.9,0.0,2.1,15.0,1.9,5.5
2003-12-29,-5.7,-1.2,-11.0,-9.5,-4.8,74,2.3,0.0,1.75,9.0,1.92,6.0
2003-12-30,-10.0,-0.1,-17.8,-14.4,-3.8,67,0.0,0.0,0.0,0.0,2.47,8.0
2003-12-31,-8.7,-0.2,-15.8,-13.2,-4.3,59,0.0,0.0,0.0,0.0,3.16,6.3
2004-01-01,-8.3,-0.1,-16.2,-12.5,-4.6,59,0.0,0.0,0.0,0.0,2.18,7.2
2004-01-02,-12.2,-0.9,-21.8,-16.6,-5.1,47,0.0,0.0,0.0,0.0,2.02,6.8
2004-01-03,-8.8,-0.2,-17.2,-13.0,-4.0,48,0.0,0.0,0.07,0.0,1.96,4.6
2004-01-04,-7.4,1.1,-17.5,-11.6,-2.6,56,0.0,0.0,0.0,0.0,2.06,5.6
2004-01-05,-5.7,3.0,-13.7,-9.7,-0.9,57,0.0,0.0,0.0,0.0,1.44,5.8
2004-01-06,-6.6,0.7,-13.1,-10.8,-3.3,50,0.0,0.0,0.0,0.0,2.55,5.5
2004-01-07,-6.4,0.5,-11.7,-10.2,-3.2,67,0.0,0.0,0.07,0.0,2.0,7.6
2004-01-08,-6.5,4.0,-13.7,-10.8,-0.1,47,0.0,0.0,0.0,0.0,2.15,7.8
2004-01-09,-7.7,3.3,-14.9,-12.0,-0.3,43,0.0,0.0,0.0,0.0,1.77,6.5
2004-01-10,-7.0,2.4,-15.0,-11.3,-1.4,50,0.0,0.0,0.07,0.0,1.91,9.3
2004-01-11,-6.0,2.0,-13.4,-10.1,-1.8,55,0.0,0.0,0.0,0.0,2.3,6.3
2004-01-12,-4.8,3.6,-10.0,-8.5,0.4,67,0.0,0.0,0.0,0.0,2.12,6.3
2004-01-13,-4.7,5.6,-15.4,-9.1,2.1,41,0.0,0.0,0.0,0.0,3.13,6.7
2004-01-14,-3.8,-1.0,-8.0,-7.7,-5.1,57,0.3,0.0,0.28,3.0,2.2,6.2
2004-01-15,-6.4,0.5,-14.4,-10.3,-3.4,68,0.1,0.0,0.28,1.0,2.11,7.1
2004-01-16,-8.4,1.7,-17.2,-12.7,-1.9,56,0.0,0.0,0.0,0.0,2.15,7.7
2004-01-17,-8.5,-4.5,-12.6,-12.9,-9.6,68,0.1,0.0,0.28,1.0,3.74,8.3
2004-01-18,-9.2,-2.8,-15.9,-13.3,-7.1,72,0.0,0.0,0.07,0.0,2.69,5.2
2004-01-19,-8.9,-3.3,-13.9,-12.8,-7.2,72,0.5,0.0,0.49,3.0,1.9,4.4
2004-01-20,-7.1,-1.6,-11.5,-10.9,-5.1,72,1.4,0.0,1.26,7.0,1.78,4.7
2004-01-21,-11.8,-1.8,-21.2,-15.8,-5.5,65,0.0,0.0,0.0,0.0,1.62,6.4
2004-01-22,-11.8,-0.5,-20.9,-16.1,-4.7,53,0.0,0.0,0.0,0.0,1.97,6.8
2004-01-23,-12.7,-2.2,-22.5,-17.0,-5.9,44,0.0,0.0,0.0,0.0,1.5,5.9
2004-01-24,-11.9,-1.8,-22.0,-16.1,-5.8,44,0.0,0.0,0.0,0.0,1.39,5.2
2004-01-25,-7.3,2.0,-16.9,-11.3,-1.6,48,0.0,0.0,0.0,0.0,1.6,4.5
2004-01-26,-6.7,2.3,-16.0,-10.6,-1.1,57,0.0,0.0,0.0,0.0,1.87,4.7
2004-01-27,-7.8,3.8,-17.1,-11.7,0.1,55,0.0,0.0,0.0,0.0,1.58,4.9
2004-01-28,-6.4,2.9,-14.7,-10.6,-1.3,56,0.0,0.0,0.0,0.0,2.63,7.9
2004-01-29,-5.7,6.1,-16.6,-9.9,2.6,49,0.0,0.0,0.0,0.0,2.33,7.8
2004-01-30,-2.9,4.0,-8.2,-7.0,0.8,49,0.0,0.0,0.0,0.0,3.2,7.2
2004-01-31,-7.0,-3.1,-9.7,-11.4,-7.6,71,0.0,0.0,0.28,0.0,2.77,6.7
2004-02-01,-9.7,-7.1,-12.6,-14.2,-11.7,79,1.8,0.0,1.54,7.0,2.51,6.0
2004-02-02,-12.4,-5.9,-19.3,-16.8,-10.7,77,0.2,0.0,0.49,2.0,3.77,8.6
2004-02-03,-10.7,-1.9,-18.9,-15.1,-6.8,60,0.0,0.0,0.14,0.0,3.11,10.9
2004-02-04,-9.6,-2.0,-16.6,-14.0,-6.6,46,0.0,0.0,0.0,0.0,3.22,10.7
2004-02-05,-10.7,-2.1,-20.2,-14.9,-6.2,55,0.0,0.0,0.28,0.0,2.31,5.2
2004-02-06,-11.2,-2.0,-22.5,-15.2,-6.1,62,0.0,0.0,0.07,0.0,2.12,4.8
2004-02-07,-11.1,-0.1,-22.4,-15.3,-4.7,49,0.0,0.0,0.0,0.0,2.08,6.4
2004-02-08,-9.7,3.0,-21.0,-14.1,-0.7,41,0.0,0.0,0.0,0.0,2.33,8.2
2004-02-09,-5.3,6.9,-15.0,-9.3,3.5,36,0.0,0.0,0.0,0.0,1.71,5.6
2004-02-10,-1.1,7.1,-8.3,-5.0,3.5,37,0.0,0.0,0.0,0.0,2.64,5.0
2004-02-11,-1.6,6.6,-10.7,-5.2,3.5,46,0.0,0.0,0.0,0.0,2.4,4.9
2004-02-12,-1.5,6.1,-8.0,-6.2,0.4,37,0.0,0.0,0.0,0.0,4.87,13.2
2004-02-13,-2.6,10.0,-14.2,-7.2,6.0,31,0.0,0.0,0.0,0.0,2.88,9.8
2004-02-14,-0.2,10.2,-8.9,-4.3,7.0,28,0.0,0.0,0.0,0.0,1.7,6.0
2004-02-15,1.1,7.4,-5.8,-2.6,4.3,36,1.5,0.0,1.05,4.0,2.06,5.7
2004-02-16,-0.5,6.5,-8.3,-4.3,2.8,49,1.1,0.0,0.84,3.0,2.22,6.6
2004-02-17,-2.1,10.1,-12.6,-6.6,6.1,37,0.0,0.0,0.0,0.0,3.13,9.7
2004-02-18,1.0,12.0,-9.0,-3.1,9.6,26,0.0,0.0,0.0,0.0,2.02,6.6
2004-02-19,3.0,9.0,-3.4,-1.2,5.2,35,0.0,0.0,0.0,0.0,3.91,10.5
2004-02-20,0.4,3.8,-3.1,-3.2,0.2,62,1.7,0.0,1.54,9.0,2.63,6.4
2004-02-21,-0.7,5.4,-7.1,-4.0,2.4,67,2.4,0.0,1.68,9.0,1.91,6.9
2004-02-22,-1.1,7.4,-10.1,-4.9,4.8,43,0.0,0.0,0.0,0.0,2.73,5.8
2004-02-23,0.6,7.1,-6.7,-3.4,4.4,39,0.0,0.0,0.0,0.0,3.4,8.3
2004-02-24,-1.3,5.0,-9.4,-5.4,0.8,53,0.0,0.0,0.21,0.0,4.06,12.1
2004-02-25,-2.1,5.7,-10.1,-6.3,2.4,44,0.8,0.0,0.63,3.0,2.52,8.3
2004-02-26,0.1,8.9,-9.4,-3.4,5.4,53,0.9,0.0,0.63,5.0,2.3,7.0
2004-02-27,2.9,12.4,-5.8,-1.0,9.4,32,0.0,0.0,0.0,0.0,3.51,7.1
2004-02-28,1.9,8.6,-5.4,-1.9,5.1,50,0.3,0.0,0.21,2.0,3.54,8.8
2004-02-29,0.4,5.8,-5.6,-3.2,2.9,71,3.2,0.1,2.38,10.0,3.16,7.3
2004-03-01,-1.6,3.2,-6.9,-5.5,0.1,70,1.1,0.2,0.77,5.0,3.51,8.2
2004-03-02,-3.1,1.2,-6.5,-7.9,-4.5,41,0.0,0.0,0.0,0.0,6.02,15.8
2004-03-03,-5.0,5.0,-17.6,-9.5,0.6,27,0.0,0.0,0.0,0.0,3.45,10.0
2004-03-04,-0.8,6.6,-7.8,-5.9,1.5,23,0.0,0.0,0.0,0.0,6.17,16.6
2004-03-05,-2.0,7.1,-13.5,-6.2,3.2,28,0.0,0.0,0.0,0.0,3.34,7.1
2004-03-06,-0.2,7.0,-7.4,-4.1,3.7,29,0.0,0.0,0.0,0.0,3.23,7.0
2004-03-07,-0.2,6.7,-7.7,-3.9,3.1,41,1.7,0.0,1.19,5.0,1.75,6.3
2004-03-08,1.6,13.0,-9.8,-2.8,8.9,37,0.0,0.0,0.0,0.0,3.18,9.3
2004-03-09,6.9,19.6,-4.2,2.6,16.2,26,0.0,0.0,0.0,0.0,4.72,9.7
2004-03-10,2.7,6.8,-0.8,-1.1,3.4,62,0.0,0.0,0.14,0.0,3.76,9.5
2004-03-11,1.7,8.1,-2.4,-2.2,3.3,54,0.0,0.0,0.21,0.0,4.18,10.1
2004-03-12,3.6,14.4,-7.5,-0.3,11.0,44,0.0,0.0,0.0,0.0,4.67,12.1
2004-03-13,5.7,15.4,-4.4,1.6,10.7,33,0.0,0.0,0.0,0.0,5.47,15.1
2004-03-14,8.4,19.9,-1.9,4.4,15.8,18,0.0,0.0,0.0,0.0,2.56,7.8
2004-03-15,9.3,19.3,1.2,4.9,17.0,16,0.0,0.0,0.0,0.0,3.11,8.4
2004-03-16,7.5,20.4,-0.2,3.2,17.3,28,0.0,0.0,0.0,0.0,5.82,15.5
2004-03-17,6.5,19.6,-3.4,2.8,14.2,42,0.0,0.0,0.0,0.0,4.4,12.0
2004-03-18,6.9,16.3,-1.4,3.1,11.8,38,0.0,0.0,0.0,0.0,3.9,10.2
2004-03-19,5.8,11.1,1.7,2.1,6.7,52,0.8,0.0,0.7,5.0,4.51,12.1
2004-03-20,2.5,6.0,-0.3,-0.7,2.4,76,7.0,0.4,4.76,15.0,3.44,9.1
2004-03-21,4.2,11.2,-0.7,0.7,7.3,55,0.0,0.0,0.0,0.0,3.98,10.9
2004-03-22,4.4,11.5,-1.5,1.2,8.1,63,0.0,0.0,0.0,0.0,3.72,10.3
2004-03-23,4.7,10.7,0.1,1.4,6.4,66,0.0,0.0,0.14,0.0,4.14,11.3
2004-03-24,3.3,7.0,0.5,-0.2,3.0,70,2.5,0.0,1.89,11.0,3.3,8.7
2004-03-25,5.5,12.4,-0.7,2.7,10.8,61,2.5,2.0,0.35,9.0,2.92,7.7
2004-03-26,6.1,12.4,2.4,3.3,9.5,62,1.1,0.3,0.7,5.0,2.16,6.8
2004-03-27,8.7,18.6,0.8,5.3,14.1,48,0.0,0.0,0.0,0.0,4.32,11.2
2004-03-28,9.0,15.6,3.1,5.1,11.2,32,0.2,0.2,0.0,1.0,6.15,16.1
2004-03-29,5.4,12.1,-1.4,1.4,9.9,28,0.2,0.2,0.0,1.0,3.41,11.0
2004-03-30,7.1,15.2,-0.9,3.0,10.2,27,0.0,0.0,0.0,0.0,5.04,13.8
2004-03-31,6.2,10.9,1.3,0.9,5.3,22,0.0,0.0,0.0,0.0,8.78,21.9
2004-04-01,7.5,17.3,-1.8,3.2,12.2,23,0.0,0.0,0.0,0.0,4.74,12.9
2004-04-02,9.0,16.9,2.1,5.5,13.8,24,0.4,0.4,0.0,1.0,2.33,7.6
2004-04-03,10.2,19.6,1.4,6.8,16.8,26,0.0,0.0,0.0,0.0,3.45,8.3
2004-04-04,12.7,20.8,2.3,8.9,18.2,22,0.0,0.0,0.0,0.0,3.35,9.5
2004-04-05,11.3,18.2,3.7,7.4,13.8,27,0.0,0.0,0.0,0.0,4.96,13.7
2004-04-06,5.6,11.0,0.8,2.8,9.4,68,16.6,4.5,8.47,15.0,3.29,9.9
2004-04-07,1.1,5.8,-3.7,-2.1,2.9,70,1.2,0.0,1.12,3.0,3.0,7.8
2004-04-08,3.8,8.8,-1.6,1.0,7.0,53,0.0,0.0,0.07,0.0,1.22,4.1
2004-04-09,7.4,17.0,-1.8,3.8,13.1,43,0.0,0.0,0.0,0.0,3.57,10.3
2004-04-10,10.5,19.2,2.7,6.9,16.1,29,0.0,0.0,0.0,0.0,4.16,11.2
2004-04-11,10.0,15.8,4.1,7.0,14.2,42,1.6,1.2,0.28,7.0,3.47,9.2
2004-04-12,5.6,9.1,2.9,2.2,5.0,69,4.1,0.7,2.52,13.0,4.46,11.1
2004-04-13,3.4,6.3,1.3,0.3,2.9,79,4.3,0.2,3.43,15.0,3.07,8.4
2004-04-14,4.9,10.1,1.0,1.6,8.0,55,0.3,0.3,0.0,2.0,4.0,11.2
2004-04-15,5.4,12.5,-1.5,2.1,9.9,40,0.0,0.0,0.0,0.0,1.7,5.9
2004-04-16,6.7,12.2,0.6,3.0,9.5,35,0.0,0.0,0.0,0.0,3.01,8.7
2004-04-17,8.9,16.8,1.6,5.6,13.9,35,0.1,0.1,0.0,1.0,3.45,9.6
2004-04-18,11.1,20.6,2.7,7.5,16.5,29,0.0,0.0,0.0,0.0,3.45,9.7
2004-04-19,14.1,24.4,3.6,10.9,21.3,25,0.0,0.0,0.0,0.0,3.5,7.9
2004-04-20,16.4,25.4,6.6,12.6,22.1,22,0.0,0.0,0.0,0.0,4.16,11.5
2004-04-21,15.8,25.0,8.2,12.6,22.5,28,0.0,0.0,0.0,0.0,4.4,11.7
2004-04-22,14.6,19.6,10.9,11.7,17.5,37,0.0,0.0,0.0,0.0,2.69,7.3
2004-04-23,15.5,23.6,7.9,12.9,21.0,41,0.0,0.0,0.0,0.0,4.07,10.5
2004-04-24,17.3,25.6,9.2,15.2,24.6,36,0.0,0.0,0.0,0.0,3.71,8.9
2004-04-25,10.7,17.9,6.4,8.4,15.3,67,7.6,7.6,0.0,14.0,2.61,8.4
2004-04-26,12.9,22.8,3.9,10.3,19.5,46,0.0,0.0,0.0,0.0,3.41,9.6
2004-04-27,16.0,25.9,3.4,13.2,23.1,28,0.0,0.0,0.0,0.0,2.46,8.0
2004-04-28,17.1,26.9,7.3,13.9,24.7,26,0.0,0.0,0.0,0.0,5.19,14.0
2004-04-29,15.3,20.1,11.9,12.1,18.4,38,0.0,0.0,0.0,0.0,5.35,13.3
2004-04-30,13.7,20.6,7.6,11.6,19.1,49,0.6,0.4,0.14,3.0,3.28,7.9
2004-05-01,11.4,13.9,5.5,8.9,11.6,68,4.3,1.9,1.68,6.0,4.71,12.6
2004-05-02,1.8,5.1,-0.3,-1.2,2.5,91,13.9,0.4,9.52,23.0,2.42,8.9
2004-05-03,2.4,6.2,-0.8,-0.6,3.1,71,0.4,0.0,0.77,3.0,1.49,5.1
2004-05-04,4.8,13.2,-4.0,1.4,9.7,52,0.0,0.0,0.0,0.0,3.75,10.7
2004-05-05,9.4,17.4,1.9,6.7,15.9,44,0.0,0.0,0.0,0.0,2.47,7.1
2004-05-06,9.7,14.1,6.2,6.8,11.7,49,0.8,0.8,0.0,3.0,3.86,10.6
2004-05-07,11.6,20.6,2.6,8.8,16.7,49,0.0,0.0,0.0,0.0,4.44,11.8
2004-05-08,16.2,26.6,5.9,13.8,24.7,34,0.0,0.0,0.0,0.0,2.1,6.7
2004-05-09,17.5,26.4,7.2,14.5,24.6,31,0.4,0.4,0.0,1.0,4.9,12.7
2004-05-10,13.5,17.8,10.0,11.0,15.6,48,0.6,0.6,0.0,4.0,3.71,11.0
2004-05-11,13.6,20.3,8.6,11.9,18.7,59,1.9,1.9,0.0,7.0,2.77,8.6
2004-05-12,12.5,16.3,8.8,9.7,12.5,50,0.0,0.0,0.0,0.0,3.83,10.1
2004-05-13,12.1,19.3,5.7,10.1,17.6,60,4.1,4.1,0.0,6.0,4.59,12.6
2004-05-14,10.0,14.3,6.6,8.4,14.0,78,13.0,11.9,0.77,22.0,2.83,9.0
2004-05-15,9.4,15.0,3.5,6.5,11.5,61,1.4,1.0,0.28,4.0,5.13,14.1
2004-05-16,11.3,19.4,3.2,8.5,16.4,39,0.0,0.0,0.0,0.0,2.62,8.3
2004-05-17,13.3,18.9,7.9,10.0,15.6,33,0.0,0.0,0.0,0.0,4.93,13.1
2004-05-18,13.8,20.6,5.2,11.1,18.4,35,0.1,0.1,0.0,1.0,2.46,7.9
2004-05-19,15.6,23.5,7.3,12.8,21.5,36,0.0,0.0,0.0,0.0,3.04,8.8
2004-05-20,16.4,22.6,7.9,13.5,20.3,31,0.0,0.0,0.0,0.0,3.59,9.8
2004-05-21,16.8,23.6,9.2,14.0,21.9,29,0.0,0.0,0.0,0.0,3.41,9.4
2004-05-22,17.2,22.1,12.5,14.3,19.6,30,0.0,0.0,0.0,0.0,3.13,7.7
2004-05-23,17.1,24.2,8.2,15.3,24.6,40,0.0,0.0,0.0,0.0,3.45,9.0
2004-05-24,14.0,16.5,10.8,12.5,14.7,67,6.8,6.8,0.0,12.0,3.4,9.0
2004-05-25,14.4,20.2,8.9,12.5,18.4,60,2.4,2.4,0.0,4.0,5.0,13.5
2004-05-26,15.2,20.0,10.6,13.0,17.3,54,2.2,2.2,0.0,4.0,3.47,9.4
2004-05-27,16.5,22.3,11.9,15.1,21.2,53,0.0,0.0,0.0,0.0,3.4,9.7
2004-05-28,15.4,22.3,9.4,14.3,22.2,62,5.1,5.1,0.0,6.0,2.91,8.9
2004-05-29,10.6,12.9,8.8,9.6,12.7,88,16.8,16.8,0.0,22.0,2.32,6.3
2004-05-30,12.8,18.0,7.4,11.1,15.0,67,0.0,0.0,0.0,0.0,3.36,9.6
2004-05-31,14.3,20.9,7.8,13.0,21.7,56,0.0,0.0,0.0,0.0,2.43,6.2
2004-06-01,17.8,26.1,8.0,16.7,25.8,49,0.0,0.0,0.0,0.0,1.8,7.0
2004-06-02,18.4,23.6,14.5,16.5,22.5,46,0.4,0.4,0.0,4.0,5.6,15.3
2004-06-03,12.2,15.0,9.5,10.6,13.0,77,7.1,7.1,0.0,19.0,3.8,10.5
2004-06-04,13.4,19.2,9.2,11.5,16.2,60,3.5,3.5,0.0,7.0,4.0,10.9
2004-06-05,13.8,19.7,8.9,11.3,17.2,54,0.0,0.0,0.0,0.0,6.51,17.5
2004-06-06,13.2,19.6,7.1,10.8,15.6,52,0.0,0.0,0.0,0.0,4.72,12.9
2004-06-07,13.8,19.9,6.7,12.0,20.3,49,0.5,0.5,0.0,1.0,2.42,7.6
2004-06-08,14.9,21.4,6.1,13.1,20.7,51,0.0,0.0,0.0,0.0,3.3,9.0
2004-06-09,15.4,20.0,11.6,13.2,17.7,50,0.0,0.0,0.0,0.0,2.82,8.6
2004-06-10,16.7,23.7,11.2,15.9,23.2,61,0.2,0.2,0.0,1.0,3.05,8.7
2004-06-11,17.5,22.8,13.4,16.9,23.1,61,2.5,2.5,0.0,9.0,3.32,10.1
2004-06-12,15.7,19.7,13.8,15.7,19.6,77,9.8,9.8,0.0,12.0,3.0,7.5
2004-06-13,16.3,21.9,12.0,16.0,22.5,67,5.3,5.3,0.0,8.0,2.09,5.4
2004-06-14,14.4,18.3,11.4,14.2,20.6,75,9.4,9.4,0.0,12.0,2.34,7.8
2004-06-15,16.1,23.9,8.3,14.8,22.9,58,0.6,0.6,0.0,1.0,2.76,8.8
2004-06-16,17.0,23.7,10.1,15.9,23.6,53,1.3,1.3,0.0,3.0,3.2,8.6
2004-06-17,17.0,21.9,11.8,15.2,19.6,46,0.0,0.0,0.0,0.0,2.8,8.4
2004-06-18,15.3,20.8,9.5,14.3,21.7,58,5.4,5.4,0.0,6.0,1.86,7.5
2004-06-19,15.4,22.7,8.3,14.5,23.3,61,1.8,1.8,0.0,3.0,2.1,8.2
2004-06-20,17.1,25.6,8.3,16.4,26.5,55,1.5,1.5,0.0,2.0,2.48,7.3
2004-06-21,19.1,26.7,10.1,17.9,27.2,47,0.2,0.2,0.0,1.0,2.62,6.1
2004-06-22,18.5,25.6,13.1,16.4,23.5,41,1.2,1.2,0.0,4.0,4.69,12.8
2004-06-23,16.2,21.1,11.8,15.5,21.8,64,1.9,1.9,0.0,8.0,2.12,7.3
2004-06-24,18.0,24.6,10.0,17.5,25.9,56,0.5,0.5,0.0,1.0,2.52,7.3
2004-06-25,20.5,27.7,12.7,18.9,25.7,42,0.0,0.0,0.0,0.0,4.44,11.6
2004-06-26,19.8,22.5,17.1,19.1,23.1,53,5.9,5.9,0.0,10.0,2.63,8.7
2004-06-27,19.8,24.5,16.1,19.9,23.7,69,0.4,0.4,0.0,3.0,4.33,10.9
2004-06-28,19.4,23.6,17.1,20.1,23.2,73,4.0,4.0,0.0,7.0,2.92,8.2
2004-06-29,16.7,19.3,14.7,17.3,19.8,84,7.5,7.5,0.0,18.0,2.01,5.5
2004-06-30,16.7,21.7,11.4,16.4,21.5,71,15.6,15.6,0.0,10.0,2.24,6.5
2004-07-01,17.1,23.6,11.5,17.4,25.4,68,4.5,4.5,0.0,8.0,1.22,6.2
2004-07-02,17.8,23.6,11.7,18.3,26.5,69,9.8,9.8,0.0,9.0,1.8,7.6
2004-07-03,18.4,25.7,11.3,18.4,27.9,62,1.5,1.5,0.0,3.0,2.38,7.9
2004-07-04,16.3,21.6,11.6,16.3,24.1,72,4.9,4.9,0.0,8.0,2.09,7.8
2004-07-05,17.4,24.3,9.7,16.9,25.2,62,0.5,0.5,0.0,1.0,2.11,6.3
2004-07-06,19.4,27.6,10.4,18.8,28.1,49,0.0,0.0,0.0,0.0,1.91,5.2
2004-07-07,21.4,28.1,14.7,19.9,27.3,38,0.0,0.0,0.0,0.0,4.2,10.7
2004-07-08,17.8,22.1,14.2,16.6,19.4,59,7.1,7.1,0.0,7.0,4.96,12.1
2004-07-09,16.9,22.8,12.7,16.2,21.8,63,10.5,10.5,0.0,14.0,2.31,7.0
2004-07-10,17.7,25.3,10.0,17.2,25.8,54,0.0,0.0,0.0,0.0,1.28,5.6
2004-07-11,19.6,26.1,13.5,18.6,25.8,44,0.0,0.0,0.0,0.0,2.91,8.7
2004-07-12,19.2,23.4,15.2,18.1,23.4,46,0.0,0.0,0.0,0.0,2.02,6.5
2004-07-13,18.1,23.9,14.1,17.3,23.6,53,1.2,1.2,0.0,4.0,2.06,6.4
2004-07-14,14.7,16.7,12.5,14.1,17.3,74,4.2,4.2,0.0,14.0,2.91,8.5
2004-07-15,15.6,23.7,9.4,15.1,23.7,66,0.1,0.1,0.0,1.0,3.2,9.1
2004-07-16,15.4,18.8,13.2,14.9,18.6,70,6.5,6.5,0.0,13.0,2.51,7.0
2004-07-17,15.6,20.5,11.5,15.5,22.6,72,5.2,5.2,0.0,11.0,2.39,8.4
2004-07-18,16.6,21.8,10.8,16.5,23.9,67,0.1,0.1,0.0,1.0,1.84,6.6
2004-07-19,18.3,26.0,10.1,17.6,25.8,57,0.0,0.0,0.0,0.0,3.04,8.5
2004-07-20,20.4,28.3,12.0,19.9,28.0,50,0.0,0.0,0.0,0.0,2.91,7.9
2004-07-21,22.2,29.5,14.3,21.8,29.3,47,0.0,0.0,0.0,0.0,3.85,10.3
2004-07-22,22.3,27.4,16.5,22.2,28.5,55,2.6,2.6,0.0,3.0,4.57,12.7
2004-07-23,19.6,21.7,17.8,20.6,23.3,77,7.6,7.6,0.0,15.0,2.32,8.6
2004-07-24,19.8,23.4,17.0,21.4,26.5,81,3.8,3.8,0.0,13.0,3.37,9.6
2004-07-25,19.0,22.1,17.0,20.7,23.6,86,7.0,7.0,0.0,14.0,2.11,8.8
2004-07-26,19.0,24.7,15.3,20.1,25.5,76,5.1,5.1,0.0,8.0,3.0,8.4
2004-07-27,19.0,25.3,13.2,19.9,26.9,74,1.7,1.7,0.0,6.0,2.5,8.5
2004-07-28,15.9,18.5,13.1,16.2,19.7,84,23.9,23.9,0.0,14.0,2.55,6.6
2004-07-29,15.8,21.4,11.7,15.2,20.3,71,3.9,3.9,0.0,4.0,2.4,6.3
2004-07-30,18.8,26.9,10.0,18.9,28.5,59,0.0,0.0,0.0,0.0,1.5,5.8
2004-07-31,20.5,27.6,12.1,20.1,28.5,54,0.0,0.0,0.0,0.0,3.67,9.8
2004-08-01,21.6,28.1,14.8,21.1,28.0,47,0.9,0.9,0.0,5.0,3.16,9.3
2004-08-02,21.5,28.2,14.2,21.5,29.5,53,0.5,0.5,0.0,1.0,4.08,10.1
2004-08-03,20.9,27.3,14.8,21.5,29.3,65,1.5,1.5,0.0,2.0,3.4,10.3
2004-08-04,22.1,29.6,15.9,23.0,30.2,65,0.0,0.0,0.0,0.0,2.91,8.3
2004-08-05,23.1,30.1,16.6,23.8,31.7,59,0.0,0.0,0.0,0.0,4.88,13.0
2004-08-06,20.9,26.2,16.6,20.5,25.8,60,0.0,0.0,0.0,0.0,4.27,11.1
2004-08-07,20.4,25.7,16.6,21.2,27.3,64,3.3,3.3,0.0,5.0,2.0,6.1
2004-08-08,22.0,28.4,15.4,22.8,30.7,60,2.9,2.9,0.0,7.0,2.9,8.4
2004-08-09,20.6,24.8,18.0,19.6,24.1,54,0.4,0.4,0.0,2.0,5.24,14.0
2004-08-10,17.4,22.3,14.2,16.6,20.9,69,2.4,2.4,0.0,5.0,4.24,11.0
2004-08-11,17.4,20.2,16.2,18.3,21.1,82,4.9,4.9,0.0,10.0,2.06,6.1
2004-08-12,18.4,23.3,15.3,18.7,23.1,78,0.4,0.4,0.0,3.0,3.2,9.3
2004-08-13,19.0,23.4,16.3,20.0,24.2,78,7.1,7.1,0.0,10.0,2.53,7.6
2004-08-14,15.9,18.3,14.8,16.7,19.6,92,19.8,19.8,0.0,24.0,1.7,6.0
2004-08-15,16.6,21.4,13.0,16.8,21.1,78,12.2,12.2,0.0,14.0,1.43,6.0
2004-08-16,16.9,24.8,9.5,17.2,27.5,73,2.1,2.1,0.0,3.0,2.2,7.3
2004-08-17,17.1,23.5,11.5,17.6,26.0,71,3.5,3.5,0.0,7.0,1.55,6.2
2004-08-18,17.2,24.1,11.3,17.4,26.2,70,5.4,5.4,0.0,9.0,1.77,6.2
2004-08-19,14.8,16.7,11.7,14.8,16.6,82,15.7,15.7,0.0,18.0,1.52,5.9
2004-08-20,16.0,23.4,9.8,15.8,23.6,72,0.7,0.7,0.0,4.0,2.75,6.2
2004-08-21,17.7,24.2,12.2,17.8,25.8,70,0.0,0.0,0.0,0.0,2.91,7.4
2004-08-22,18.4,24.0,13.3,18.5,25.1,68,0.1,0.1,0.0,1.0,3.73,10.4
2004-08-23,17.3,20.0,15.6,17.9,20.4,81,10.8,10.8,0.0,20.0,2.21,7.4
2004-08-24,16.3,20.8,13.5,16.8,21.6,81,15.2,15.2,0.0,23.0,1.89,7.6
2004-08-25,16.1,22.7,10.9,16.5,23.6,79,4.3,4.3,0.0,7.0,1.98,6.7
2004-08-26,17.3,22.9,12.6,17.7,25.1,75,2.9,2.9,0.0,11.0,2.94,8.2
2004-08-27,14.7,18.5,11.4,14.1,17.4,82,3.9,3.9,0.0,7.0,4.44,11.9
2004-08-28,14.9,21.5,9.6,14.4,21.2,72,0.0,0.0,0.0,0.0,2.57,8.0
2004-08-29,16.5,22.3,12.3,15.8,22.8,68,0.7,0.7,0.0,1.0,2.73,7.2
2004-08-30,16.6,22.5,13.2,16.4,22.8,73,4.8,4.8,0.0,6.0,3.42,9.6
2004-08-31,17.1,23.4,12.7,16.9,22.7,68,2.4,2.4,0.0,3.0,2.33,7.3
2004-09-01,18.5,24.8,13.4,18.2,23.6,66,2.8,2.8,0.0,3.0,3.86,10.4
2004-09-02,19.2,24.6,15.6,19.9,26.4,72,2.6,2.6,0.0,5.0,2.26,7.7
2004-09-03,16.9,19.4,15.0,17.1,19.4,81,4.6,4.6,0.0,12.0,2.5,7.7
2004-09-04,15.2,18.6,12.3,15.3,18.3,81,3.5,3.5,0.0,8.0,2.7,6.9
2004-09-05,15.6,20.1,12.0,15.7,20.3,80,6.4,6.4,0.0,9.0,1.75,5.7
2004-09-06,14.8,18.8,12.2,13.9,16.7,75,4.1,4.1,0.0,7.0,3.23,8.4
2004-09-07,11.4,14.9,8.9,10.4,13.3,84,16.3,16.3,0.0,17.0,1.97,6.6
2004-09-08,12.2,19.7,6.2,11.0,19.1,72,0.7,0.7,0.0,4.0,1.82,6.9
2004-09-09,12.7,19.4,7.4,11.8,20.1,72,4.2,4.2,0.0,8.0,1.77,6.2
2004-09-10,12.8,21.0,5.8,12.1,22.1,73,3.5,3.5,0.0,5.0,1.96,6.6
2004-09-11,13.5,22.1,7.4,12.8,22.1,71,1.7,1.7,0.0,4.0,1.53,7.2
2004-09-12,11.2,15.2,6.6,10.0,14.7,80,14.3,14.3,0.0,15.0,2.25,8.6
2004-09-13,11.5,20.5,4.5,9.1,16.2,61,0.0,0.0,0.0,0.0,5.38,14.4
2004-09-14,14.1,24.6,4.5,11.5,21.1,42,0.0,0.0,0.0,0.0,2.81,7.9
2004-09-15,14.9,24.7,7.8,12.8,22.5,43,0.0,0.0,0.0,0.0,3.47,8.9
2004-09-16,13.6,17.9,9.9,11.2,15.7,56,0.0,0.0,0.0,0.0,3.49,9.8
2004-09-17,13.3,20.0,8.0,11.9,18.9,66,1.2,1.2,0.0,2.0,2.82,9.0
2004-09-18,13.6,17.9,10.0,12.3,16.4,69,0.0,0.0,0.0,0.0,2.51,6.8
2004-09-19,11.4,14.0,9.1,10.0,12.3,82,9.5,9.5,0.0,15.0,2.77,7.5
2004-09-20,11.2,17.1,7.5,9.9,16.0,77,1.3,1.3,0.0,6.0,2.62,6.4
2004-09-21,11.6,16.9,6.6,10.3,15.6,74,0.1,0.1,0.0,1.0,2.27,7.0
2004-09-22,13.3,23.2,5.0,12.1,22.1,67,0.0,0.0,0.0,0.0,3.07,7.1
2004-09-23,12.7,15.1,10.4,11.7,14.1,78,7.4,7.4,0.0,16.0,2.02,6.3
2004-09-24,10.6,13.9,7.8,9.1,11.9,82,7.1,7.1,0.0,16.0,2.55,7.3
2004-09-25,12.2,19.2,7.0,11.1,18.4,74,2.1,2.1,0.0,3.0,3.08,7.5
2004-09-26,12.8,17.8,9.2,11.7,17.1,74,4.7,4.7,0.0,9.0,2.69,8.3
2004-09-27,12.4,18.8,8.8,11.2,17.7,74,2.8,2.8,0.0,12.0,2.47,6.9
2004-09-28,12.5,20.0,6.4,11.0,20.5,65,2.9,2.9,0.0,3.0,2.92,8.9
2004-09-29,12.1,18.8,6.9,10.5,17.5,68,0.7,0.7,0.0,1.0,2.62,6.7
2004-09-30,6.6,9.8,0.5,3.3,7.9,76,0.3,0.0,0.28,3.0,4.59,11.3
2004-10-01,5.3,14.3,-0.8,2.4,11.3,69,1.5,1.5,0.0,5.0,3.03,9.5
2004-10-02,7.5,16.0,0.3,4.9,14.0,60,0.4,0.4,0.0,3.0,3.3,7.3
2004-10-03,9.1,17.7,1.1,6.6,15.6,53,0.0,0.0,0.0,0.0,2.56,6.2
2004-10-04,9.1,13.1,5.1,6.4,9.5,60,0.5,0.5,0.0,3.0,3.2,8.9
2004-10-05,8.8,14.2,5.9,7.3,13.5,77,10.1,8.2,1.33,19.0,1.3,7.3
2004-10-06,7.7,14.9,1.8,5.7,13.0,76,5.2,4.6,0.42,13.0,1.8,8.6
2004-10-07,8.7,18.8,-0.3,6.4,16.5,61,0.0,0.0,0.0,0.0,1.66,5.5
2004-10-08,11.0,20.8,2.8,8.2,17.2,45,0.0,0.0,0.0,0.0,2.71,6.9
2004-10-09,9.4,13.7,6.2,7.4,11.5,69,7.8,7.7,0.07,11.0,1.55,5.1
2004-10-10,8.9,14.4,5.0,6.9,12.3,75,2.9,2.8,0.07,10.0,2.22,6.8
2004-10-11,8.0,15.2,2.9,5.8,13.0,69,0.4,0.3,0.07,2.0,2.01,5.6
2004-10-12,9.2,15.2,2.6,6.8,13.4,61,0.0,0.0,0.0,0.0,2.6,7.2
2004-10-13,8.2,12.2,5.5,5.6,9.0,68,4.6,3.9,0.49,9.0,3.22,9.1
2004-10-14,9.0,15.3,5.7,7.1,13.4,75,4.0,2.7,0.91,8.0,2.24,5.5
2004-10-15,7.6,8.9,6.4,5.5,6.4,86,6.5,6.1,0.28,16.0,3.32,9.1
2004-10-16,7.9,13.1,4.9,5.6,9.8,75,3.9,2.4,1.05,16.0,3.13,9.4
2004-10-17,8.0,15.9,2.4,5.6,13.3,61,0.0,0.0,0.0,0.0,1.91,6.6
2004-10-18,8.3,17.1,1.9,6.2,14.8,61,0.0,0.0,0.0,0.0,1.6,4.5
2004-10-19,10.8,18.2,5.3,9.0,16.0,64,0.0,0.0,0.0,0.0,2.1,6.5
2004-10-20,7.3,9.9,2.6,4.6,7.5,79,2.9,2.8,0.07,9.0,4.21,10.3
2004-10-21,6.0,11.6,1.9,3.4,8.9,71,0.0,0.0,0.0,0.0,2.02,7.1
2004-10-22,7.1,12.4,3.1,4.6,9.8,70,1.4,0.1,0.98,4.0,2.47,5.4
2004-10-23,6.4,11.1,1.3,4.1,9.4,75,6.3,3.6,1.89,17.0,1.97,7.6
2004-10-24,5.6,15.4,-1.6,2.3,11.8,51,0.0,0.0,0.0,0.0,3.0,6.9
2004-10-25,3.7,10.3,-0.1,0.1,6.4,59,0.0,0.0,0.0,0.0,2.79,6.9
2004-10-26,3.5,11.6,-3.4,0.5,8.3,56,0.0,0.0,0.0,0.0,1.99,5.1
2004-10-27,6.0,15.9,-1.2,3.0,12.8,54,0.0,0.0,0.0,0.0,1.86,4.4
2004-10-28,6.7,13.5,0.6,3.9,10.6,63,0.0,0.0,0.0,0.0,3.29,8.9
2004-10-29,7.8,14.6,4.5,5.3,11.5,70,1.2,0.8,0.35,9.0,3.01,7.8
2004-10-30,5.6,10.2,2.3,1.9,5.7,59,3.0,0.1,2.1,9.0,4.9,13.3
2004-10-31,4.2,12.2,-2.1,-0.1,7.0,41,0.0,0.0,0.0,0.0,4.53,12.1
2004-11-01,3.7,12.8,-2.9,0.2,9.1,49,0.0,0.0,0.0,0.0,2.2,6.7
2004-11-02,3.8,13.8,-2.8,0.4,10.0,47,0.0,0.0,0.0,0.0,1.3,5.0
2004-11-03,4.7,14.5,-2.6,1.2,10.7,43,0.0,0.0,0.0,0.0,1.7,5.2
2004-11-04,4.8,13.1,-1.8,0.6,8.1,42,0.2,0.2,0.0,2.0,4.85,12.5
2004-11-05,4.2,13.4,-2.8,0.4,9.1,42,0.0,0.0,0.0,0.0,2.93,8.2
2004-11-06,4.7,14.4,-2.5,1.2,11.2,44,0.0,0.0,0.0,0.0,1.58,6.0
2004-11-07,4.8,12.9,-1.2,1.5,9.6,44,0.0,0.0,0.0,0.0,1.53,5.4
2004-11-08,4.9,14.3,-2.2,1.5,10.3,47,0.0,0.0,0.0,0.0,1.72,5.9
2004-11-09,3.4,11.4,-3.3,-0.3,7.7,53,0.1,0.0,0.14,1.0,3.44,10.2
2004-11-10,1.0,10.4,-6.7,-2.8,6.1,58,0.0,0.0,0.0,0.0,3.62,9.9
2004-11-11,1.4,8.4,-4.4,-2.8,4.8,48,0.0,0.0,0.0,0.0,2.79,7.8
2004-11-12,1.6,9.1,-2.4,-1.8,6.2,62,1.0,0.3,0.56,6.0,2.35,6.5
2004-11-13,0.7,6.2,-3.0,-2.6,3.4,68,2.8,0.1,1.89,8.0,2.42,6.2
2004-11-14,-1.0,4.0,-5.9,-4.5,0.8,73,3.7,0.1,2.8,12.0,2.24,7.3
2004-11-15,-2.6,2.0,-8.3,-6.0,-1.3,75,3.1,0.0,2.52,13.0,2.16,7.1
2004-11-16,-3.6,3.8,-10.6,-7.5,-0.2,51,0.4,0.0,0.49,2.0,1.66,5.7
2004-11-17,-6.0,6.5,-14.7,-10.2,2.8,44,0.0,0.0,0.0,0.0,1.88,6.3
2004-11-18,-3.5,6.8,-11.6,-7.7,2.8,38,0.0,0.0,0.0,0.0,1.94,5.2
2004-11-19,-1.5,5.7,-8.6,-5.5,1.4,38,0.0,0.0,0.0,0.0,1.68,4.1
2004-11-20,-3.3,8.7,-12.3,-7.2,5.2,49,0.0,0.0,0.0,0.0,2.02,6.3
2004-11-21,-0.9,8.3,-9.6,-5.2,5.0,44,0.0,0.0,0.14,0.0,3.07,6.9
2004-11-22,-0.4,3.5,-5.2,-3.9,0.1,69,0.0,0.0,0.28,0.0,2.7,5.6
2004-11-23,-2.2,3.8,-9.6,-5.9,0.6,70,2.3,0.0,1.61,5.0,3.14,6.5
2004-11-24,-7.9,-3.0,-12.5,-12.9,-7.2,76,3.1,0.0,2.52,15.0,3.45,8.7
2004-11-25,-10.4,-0.9,-18.7,-14.5,-5.0,60,0.0,0.0,0.0,0.0,1.58,6.6
2004-11-26,-9.0,1.9,-16.0,-13.4,-2.4,42,0.0,0.0,0.0,0.0,1.71,4.9
2004-11-27,-7.6,4.5,-15.4,-11.8,0.9,54,0.0,0.0,0.0,0.0,1.52,6.1
2004-11-28,-6.2,5.9,-13.4,-10.8,2.1,54,0.0,0.0,0.0,0.0,2.6,8.4
2004-11-29,-5.6,5.9,-13.6,-10.0,1.7,47,0.0,0.0,0.0,0.0,2.24,7.2
2004-11-30,-4.0,8.0,-11.6,-8.1,4.4,49,0.0,0.0,0.0,0.0,2.06,5.9
2004-12-01,-2.5,7.2,-8.7,-6.4,3.4,46,0.0,0.0,0.0,0.0,1.46,4.6
2004-12-02,-1.1,3.2,-5.8,-4.5,-0.3,62,0.0,0.0,0.21,0.0,1.61,3.8
2004-12-03,-3.6,5.9,-10.5,-7.4,2.2,67,0.0,0.0,0.0,0.0,1.7,8.0
2004-12-04,-5.4,4.2,-15.6,-9.5,0.0,56,0.0,0.0,0.0,0.0,1.99,5.6
2004-12-05,-3.3,3.5,-9.1,-7.4,-0.3,45,0.0,0.0,0.0,0.0,2.25,4.9
2004-12-06,-5.3,2.0,-12.5,-9.1,-2.0,59,0.0,0.0,0.0,0.0,1.9,6.4
2004-12-07,-7.9,3.6,-16.5,-12.3,-0.5,53,0.0,0.0,0.0,0.0,2.25,7.7
2004-12-08,-6.9,5.7,-16.1,-11.3,1.7,42,0.0,0.0,0.0,0.0,1.96,7.6
2004-12-09,-3.3,3.4,-9.1,-7.2,-0.5,42,0.0,0.0,0.0,0.0,1.61,4.4
2004-12-10,-4.3,4.1,-11.2,-8.3,0.0,44,0.0,0.0,0.07,0.0,1.3,4.6
2004-12-11,-6.1,5.4,-15.2,-10.2,1.4,54,0.0,0.0,0.0,0.0,2.06,7.8
2004-12-12,-5.3,7.2,-14.4,-9.4,3.7,46,0.0,0.0,0.0,0.0,1.68,6.3
2004-12-13,-2.0,8.6,-10.6,-6.0,4.7,45,0.0,0.0,0.0,0.0,1.71,6.9
2004-12-14,-2.4,8.4,-12.0,-6.2,4.7,54,0.0,0.0,0.0,0.0,1.84,6.6
2004-12-15,-3.3,7.0,-12.0,-7.3,3.5,51,0.0,0.0,0.0,0.0,1.65,5.8
2004-12-16,-3.3,6.0,-12.1,-7.4,2.3,39,0.0,0.0,0.0,0.0,1.75,5.2
2004-12-17,-3.1,6.4,-13.0,-7.2,2.8,51,0.2,0.0,0.28,1.0,2.12,7.5
2004-12-18,-2.3,8.9,-13.8,-6.0,5.5,57,0.0,0.0,0.0,0.0,2.02,7.7
2004-12-19,-0.3,5.1,-3.7,-4.1,1.1,51,0.0,0.0,0.0,0.0,2.44,5.9
2004-12-20,-2.6,4.3,-8.9,-6.2,1.0,67,0.0,0.0,0.0,0.0,2.22,6.5
2004-12-21,-1.5,3.9,-5.6,-5.0,0.6,77,0.0,0.0,0.28,0.0,2.6,5.4
2004-12-22,-3.1,1.3,-7.9,-6.6,-2.7,80,0.2,0.0,0.49,2.0,2.6,7.4
2004-12-23,-4.0,3.7,-10.7,-7.6,0.4,72,0.0,0.0,0.0,0.0,1.9,6.4
2004-12-24,-3.9,3.5,-9.4,-7.6,0.3,55,0.0,0.0,0.0,0.0,1.4,3.5
2004-12-25,-4.4,0.2,-7.5,-8.2,-3.8,73,0.0,0.0,0.0,0.0,2.84,6.7
2004-12-26,-6.6,-3.9,-9.0,-10.9,-8.3,77,0.8,0.0,1.33,8.0,2.83,7.5
2004-12-27,-7.9,-1.9,-13.4,-12.0,-6.1,66,0.0,0.0,0.35,0.0,2.4,7.4
2004-12-28,-8.6,0.7,-16.8,-13.0,-2.9,51,0.0,0.0,0.0,0.0,2.2,8.1
2004-12-29,-9.8,-6.5,-15.9,-14.9,-11.6,74,0.3,0.0,0.84,3.0,4.3,9.6
2004-12-30,-14.1,-8.1,-18.9,-18.6,-12.5,62,0.0,0.0,0.28,0.0,1.82,5.1
2004-12-31,-10.3,-2.3,-17.7,-14.5,-6.7,49,0.0,0.0,0.0,0.0,1.94,5.2
