city,period_month,year_start,year_end,sample_years,temperature_mean_c,daily_max_temperature_mean_c,apparent_temperature_mean_c,relative_humidity_mean_pct,precipitation_days_mean,heavy_rain_days_mean,extreme_rain_days_mean,hot_days_mean,cold_days_mean,windy_days_mean,snow_days_mean,missing_rate,source_product,source_model,spatial_resolution,spatial_method
Beijing,1,2000,2025,26,-5.2291,1.4524,-11.0733,52.4767,0.5385,0.0,0.0,0.0,31.0,0.8077,0.5385,0.0,NASA POWER Daily API,NASA POWER / MERRA-2,0.5 degree latitude x 0.625 degree longitude (~50 km),source-native model grid cell containing city-centre coordinates
Beijing,2,2000,2025,26,-1.7509,5.2645,-7.3226,49.5893,1.1923,0.0,0.0,0.0,28.0,0.6538,0.8846,0.0,NASA POWER Daily API,NASA POWER / MERRA-2,0.5 degree latitude x 0.625 degree longitude (~50 km),source-native model grid cell containing city-centre coordinates
Beijing,3,2000,2025,26,5.3109,13.6463,-0.1075,43.5465,2.2308,0.0,0.0,0.0,22.1154,1.7692,0.3077,0.0,NASA POWER Daily API,NASA POWER / MERRA-2,0.5 degree latitude x 0.625 degree longitude (~50 km),source-native model grid cell containing city-centre coordinates
Beijing,4,2000,2025,26,13.2934,21.7857,8.4208,39.6566,4.0385,0.1538,0.0,0.1923,2.7308,2.0385,0.0,0.0,NASA POWER Daily API,NASA POWER / MERRA-2,0.5 degree latitude x 0.625 degree longitude (~50 km),source-native model grid cell containing city-centre coordinates
Beijing,5,2000,2025,26,20.4773,28.6856,16.8855,39.7833,6.5,0.3846,0.0385,2.4615,0.0,1.4231,0.0,0.0,NASA POWER Daily API,NASA POWER / MERRA-2,0.5 degree latitude x 0.625 degree longitude (~50 km),source-native model grid cell containing city-centre coordinates
Beijing,6,2000,2025,26,25.1327,32.3601,24.2302,50.4517,10.5385,0.5385,0.0,8.8077,0.0,0.0769,0.0,0.0,NASA POWER Daily API,NASA POWER / MERRA-2,0.5 degree latitude x 0.625 degree longitude (~50 km),source-native model grid cell containing city-centre coordinates
Beijing,7,2000,2025,26,26.6998,32.5605,28.2844,65.0594,15.5769,2.3846,0.3077,7.8077,0.0,0.0,0.0,0.0,NASA POWER Daily API,NASA POWER / MERRA-2,0.5 degree latitude x 0.625 degree longitude (~50 km),source-native model grid cell containing city-centre coordinates
Beijing,8,2000,2025,26,24.9389,30.5716,26.3968,69.0902,13.6154,1.5385,0.1923,2.3846,0.0,0.0,0.0,0.0,NASA POWER Daily API,NASA POWER / MERRA-2,0.5 degree latitude x 0.625 degree longitude (~50 km),source-native model grid cell containing city-centre coordinates
Beijing,9,2000,2025,26,19.8565,26.5785,18.7391,62.4056,8.1538,0.5769,0.0385,0.1538,0.0,0.0385,0.0,0.0,NASA POWER Daily API,NASA POWER / MERRA-2,0.5 degree latitude x 0.625 degree longitude (~50 km),source-native model grid cell containing city-centre coordinates
Beijing,10,2000,2025,26,11.7553,19.2133,8.2877,58.5723,4.0385,0.2308,0.0,0.0,2.3462,0.3846,0.0,0.0,NASA POWER Daily API,NASA POWER / MERRA-2,0.5 degree latitude x 0.625 degree longitude (~50 km),source-native model grid cell containing city-centre coordinates
Beijing,11,2000,2025,26,2.9848,9.9628,-1.871,56.6204,2.0,0.1538,0.0,0.0,22.0,1.0769,0.5769,0.0,NASA POWER Daily API,NASA POWER / MERRA-2,0.5 degree latitude x 0.625 degree longitude (~50 km),source-native model grid cell containing city-centre coordinates
Beijing,12,2000,2025,26,-3.9228,2.3683,-9.67,53.7787,0.7692,0.0,0.0,0.0,30.8846,1.0385,0.7308,0.0,NASA POWER Daily API,NASA POWER / MERRA-2,0.5 degree latitude x 0.625 degree longitude (~50 km),source-native model grid cell containing city-centre coordinates
Shanghai,1,2000,2025,26,4.6418,8.7218,-0.366,78.3246,8.8077,0.4615,0.0,0.0,11.8846,1.5,0.1154,0.0,NASA POWER Daily API,NASA POWER / MERRA-2,0.5 degree latitude x 0.625 degree longitude (~50 km),source-native model grid cell containing city-centre coordinates
Shanghai,2,2000,2025,26,6.1251,10.4254,1.2888,79.8776,10.6154,0.5769,0.0,0.0,6.9615,1.0769,0.0385,0.0,NASA POWER Daily API,NASA POWER / MERRA-2,0.5 degree latitude x 0.625 degree longitude (~50 km),source-native model grid cell containing city-centre coordinates
Shanghai,3,2000,2025,26,10.276,15.0698,6.1019,78.3248,11.0,0.5769,0.0769,0.0,1.1538,2.1154,0.0,0.0,NASA POWER Daily API,NASA POWER / MERRA-2,0.5 degree latitude x 0.625 degree longitude (~50 km),source-native model grid cell containing city-centre coordinates
Shanghai,4,2000,2025,26,15.6028,20.6266,12.6731,76.8025,10.7308,0.9615,0.0385,0.0,0.0,2.0,0.0,0.0,NASA POWER Daily API,NASA POWER / MERRA-2,0.5 degree latitude x 0.625 degree longitude (~50 km),source-native model grid cell containing city-centre coordinates
Shanghai,5,2000,2025,26,20.7714,25.5205,19.5211,76.3778,11.2692,1.6154,0.1154,0.0,0.0,1.8846,0.0,0.0,NASA POWER Daily API,NASA POWER / MERRA-2,0.5 degree latitude x 0.625 degree longitude (~50 km),source-native model grid cell containing city-centre coordinates
Shanghai,6,2000,2025,26,24.6783,28.5795,25.8788,80.9987,16.4231,3.4615,0.3077,0.2308,0.0,0.8077,0.0,0.0,NASA POWER Daily API,NASA POWER / MERRA-2,0.5 degree latitude x 0.625 degree longitude (~50 km),source-native model grid cell containing city-centre coordinates
Shanghai,7,2000,2025,26,28.6464,32.0788,31.8029,81.6808,16.7692,2.1923,0.2308,3.6538,0.0,1.8462,0.0,0.0,NASA POWER Daily API,NASA POWER / MERRA-2,0.5 degree latitude x 0.625 degree longitude (~50 km),source-native model grid cell containing city-centre coordinates
Shanghai,8,2000,2025,26,28.7521,32.1619,31.7633,79.8624,16.7692,2.1923,0.3462,3.8077,0.0,1.9615,0.0,0.0,NASA POWER Daily API,NASA POWER / MERRA-2,0.5 degree latitude x 0.625 degree longitude (~50 km),source-native model grid cell containing city-centre coordinates
Shanghai,9,2000,2025,26,24.9716,28.5714,25.913,79.0006,12.5769,2.1154,0.4231,0.2308,0.0,1.5769,0.0,0.0,NASA POWER Daily API,NASA POWER / MERRA-2,0.5 degree latitude x 0.625 degree longitude (~50 km),source-native model grid cell containing city-centre coordinates
Shanghai,10,2000,2025,26,19.5687,23.6265,18.0805,76.3562,7.8077,0.8077,0.1923,0.0385,0.0,1.7308,0.0,0.0,NASA POWER Daily API,NASA POWER / MERRA-2,0.5 degree latitude x 0.625 degree longitude (~50 km),source-native model grid cell containing city-centre coordinates
Shanghai,11,2000,2025,26,13.7196,17.9179,10.5848,77.0431,9.5769,0.7308,0.0385,0.0,0.2308,1.8846,0.0,0.0,NASA POWER Daily API,NASA POWER / MERRA-2,0.5 degree latitude x 0.625 degree longitude (~50 km),source-native model grid cell containing city-centre coordinates
Shanghai,12,2000,2025,26,6.8547,11.0478,2.1119,76.4177,7.0,0.3077,0.0,0.0,7.1154,1.7692,0.0385,0.0,NASA POWER Daily API,NASA POWER / MERRA-2,0.5 degree latitude x 0.625 degree longitude (~50 km),source-native model grid cell containing city-centre coordinates
Guangzhou,1,2000,2025,26,14.2144,20.8463,11.4437,68.8433,5.5,0.4231,0.1154,0.0,0.1538,0.0385,0.0,0.0,NASA POWER Daily API,NASA POWER / MERRA-2,0.5 degree latitude x 0.625 degree longitude (~50 km),source-native model grid cell containing city-centre coordinates
Guangzhou,2,2000,2025,26,16.8649,23.2878,14.9498,72.0047,6.5769,0.4231,0.0,0.0,0.0385,0.1538,0.0,0.0,NASA POWER Daily API,NASA POWER / MERRA-2,0.5 degree latitude x 0.625 degree longitude (~50 km),source-native model grid cell containing city-centre coordinates
Guangzhou,3,2000,2025,26,20.3966,26.5147,19.6763,73.6604,11.0769,1.1538,0.1154,0.1154,0.0,0.3462,0.0,0.0,NASA POWER Daily API,NASA POWER / MERRA-2,0.5 degree latitude x 0.625 degree longitude (~50 km),source-native model grid cell containing city-centre coordinates
Guangzhou,4,2000,2025,26,23.9743,29.383,25.037,77.2581,14.7308,2.5385,0.2692,0.8462,0.0,0.0769,0.0,0.0,NASA POWER Daily API,NASA POWER / MERRA-2,0.5 degree latitude x 0.625 degree longitude (~50 km),source-native model grid cell containing city-centre coordinates
Guangzhou,5,2000,2025,26,26.49,30.6817,29.6449,82.7847,20.3462,4.9231,0.6923,1.7692,0.0,0.0385,0.0,0.0,NASA POWER Daily API,NASA POWER / MERRA-2,0.5 degree latitude x 0.625 degree longitude (~50 km),source-native model grid cell containing city-centre coordinates
Guangzhou,6,2000,2025,26,27.8737,31.062,32.3968,87.5153,23.4231,5.6154,0.6923,0.1538,0.0,0.0385,0.0,0.0,NASA POWER Daily API,NASA POWER / MERRA-2,0.5 degree latitude x 0.625 degree longitude (~50 km),source-native model grid cell containing city-centre coordinates
Guangzhou,7,2000,2025,26,28.4613,31.8238,33.2821,86.397,20.0,2.7692,0.2692,0.6538,0.0,0.5385,0.0,0.0,NASA POWER Daily API,NASA POWER / MERRA-2,0.5 degree latitude x 0.625 degree longitude (~50 km),source-native model grid cell containing city-centre coordinates
Guangzhou,8,2000,2025,26,28.3509,31.7826,33.3279,85.6808,21.4231,3.9231,0.3846,0.3462,0.0,0.4615,0.0,0.0,NASA POWER Daily API,NASA POWER / MERRA-2,0.5 degree latitude x 0.625 degree longitude (~50 km),source-native model grid cell containing city-centre coordinates
Guangzhou,9,2000,2025,26,27.1375,31.0389,31.0372,83.6098,15.6923,2.5,0.4231,0.0385,0.0,0.6923,0.0,0.0,NASA POWER Daily API,NASA POWER / MERRA-2,0.5 degree latitude x 0.625 degree longitude (~50 km),source-native model grid cell containing city-centre coordinates
Guangzhou,10,2000,2025,26,23.8405,29.0488,25.0751,77.0179,6.6538,0.6538,0.1538,0.0769,0.0,0.1923,0.0,0.0,NASA POWER Daily API,NASA POWER / MERRA-2,0.5 degree latitude x 0.625 degree longitude (~50 km),source-native model grid cell containing city-centre coordinates
Guangzhou,11,2000,2025,26,19.9536,26.2307,19.2233,72.7268,6.4231,0.3462,0.0,0.0,0.0,0.0385,0.0,0.0,NASA POWER Daily API,NASA POWER / MERRA-2,0.5 degree latitude x 0.625 degree longitude (~50 km),source-native model grid cell containing city-centre coordinates
Guangzhou,12,2000,2025,26,14.8993,21.6821,12.0399,66.9126,4.4615,0.2692,0.0,0.0,0.1923,0.0769,0.0,0.0,NASA POWER Daily API,NASA POWER / MERRA-2,0.5 degree latitude x 0.625 degree longitude (~50 km),source-native model grid cell containing city-centre coordinates
Shenzhen,1,2000,2025,26,16.1358,19.4497,13.3751,74.2049,4.4615,0.3846,0.0385,0.0,0.0,0.5385,0.0,0.0,NASA POWER Daily API,NASA POWER / MERRA-2,0.5 degree latitude x 0.625 degree longitude (~50 km),source-native model grid cell containing city-centre coordinates
Shenzhen,2,2000,2025,26,17.6559,20.6717,15.757,78.7187,5.5385,0.4231,0.0385,0.0,0.0,0.4231,0.0,0.0,NASA POWER Daily API,NASA POWER / MERRA-2,0.5 degree latitude x 0.625 degree longitude (~50 km),source-native model grid cell containing city-centre coordinates
Shenzhen,3,2000,2025,26,20.3047,23.0237,19.5605,80.5297,9.2692,0.7692,0.0385,0.0,0.0,0.6538,0.0,0.0,NASA POWER Daily API,NASA POWER / MERRA-2,0.5 degree latitude x 0.625 degree longitude (~50 km),source-native model grid cell containing city-centre coordinates
Shenzhen,4,2000,2025,26,23.3729,25.7528,24.2637,83.072,12.4231,1.8846,0.1538,0.0,0.0,0.4615,0.0,0.0,NASA POWER Daily API,NASA POWER / MERRA-2,0.5 degree latitude x 0.625 degree longitude (~50 km),source-native model grid cell containing city-centre coordinates
Shenzhen,5,2000,2025,26,26.4534,28.3732,29.2579,85.0143,18.6538,3.5385,0.5,0.0,0.0,0.1538,0.0,0.0,NASA POWER Daily API,NASA POWER / MERRA-2,0.5 degree latitude x 0.625 degree longitude (~50 km),source-native model grid cell containing city-centre coordinates
Shenzhen,6,2000,2025,26,28.1869,29.5289,32.0333,86.9294,22.1538,4.5385,0.7308,0.0,0.0,0.3077,0.0,0.0,NASA POWER Daily API,NASA POWER / MERRA-2,0.5 degree latitude x 0.625 degree longitude (~50 km),source-native model grid cell containing city-centre coordinates
Shenzhen,7,2000,2025,26,28.8838,30.3346,32.933,84.9498,19.8846,2.6923,0.4231,0.0,0.0,1.0769,0.0,0.0,NASA POWER Daily API,NASA POWER / MERRA-2,0.5 degree latitude x 0.625 degree longitude (~50 km),source-native model grid cell containing city-centre coordinates
Shenzhen,8,2000,2025,26,28.8038,30.3184,33.1172,84.4553,21.2308,4.1538,0.5,0.0,0.0,1.1154,0.0,0.0,NASA POWER Daily API,NASA POWER / MERRA-2,0.5 degree latitude x 0.625 degree longitude (~50 km),source-native model grid cell containing city-centre coordinates
Shenzhen,9,2000,2025,26,28.07,29.9829,31.4186,81.315,15.6538,2.5769,0.3077,0.0,0.0,1.1923,0.0,0.0,NASA POWER Daily API,NASA POWER / MERRA-2,0.5 degree latitude x 0.625 degree longitude (~50 km),source-native model grid cell containing city-centre coordinates
Shenzhen,10,2000,2025,26,25.5134,28.1152,26.5613,76.2661,6.8077,0.6538,0.1538,0.0,0.0,0.8462,0.0,0.0,NASA POWER Daily API,NASA POWER / MERRA-2,0.5 degree latitude x 0.625 degree longitude (~50 km),source-native model grid cell containing city-centre coordinates
Shenzhen,11,2000,2025,26,21.8957,25.0356,21.1958,75.0225,5.5769,0.3077,0.0,0.0,0.0,0.6154,0.0,0.0,NASA POWER Daily API,NASA POWER / MERRA-2,0.5 degree latitude x 0.625 degree longitude (~50 km),source-native model grid cell containing city-centre coordinates
Shenzhen,12,2000,2025,26,17.3451,20.8553,14.5483,71.5645,3.6923,0.2308,0.0,0.0,0.0,1.3077,0.0,0.0,NASA POWER Daily API,NASA POWER / MERRA-2,0.5 degree latitude x 0.625 degree longitude (~50 km),source-native model grid cell containing city-centre coordinates
Hangzhou,1,2000,2025,26,3.7002,9.1516,-0.3897,79.3862,9.8462,0.5769,0.0,0.0,17.7308,0.0769,0.8846,0.0,NASA POWER Daily API,NASA POWER / MERRA-2,0.5 degree latitude x 0.625 degree longitude (~50 km),source-native model grid cell containing city-centre coordinates
Hangzhou,2,2000,2025,26,5.865,11.3572,2.037,80.8738,11.6154,0.6923,0.0385,0.0,10.9231,0.0769,0.4615,0.0,NASA POWER Daily API,NASA POWER / MERRA-2,0.5 degree latitude x 0.625 degree longitude (~50 km),source-native model grid cell containing city-centre coordinates
Hangzhou,3,2000,2025,26,10.6084,16.5155,7.5729,78.8646,12.3846,1.1538,0.0385,0.0,2.8077,0.2692,0.0769,0.0,NASA POWER Daily API,NASA POWER / MERRA-2,0.5 degree latitude x 0.625 degree longitude (~50 km),source-native model grid cell containing city-centre coordinates
Hangzhou,4,2000,2025,26,16.3101,22.2941,14.6545,76.7127,12.3077,1.5385,0.0385,0.0,0.0,0.5385,0.0,0.0,NASA POWER Daily API,NASA POWER / MERRA-2,0.5 degree latitude x 0.625 degree longitude (~50 km),source-native model grid cell containing city-centre coordinates
Hangzhou,5,2000,2025,26,21.407,27.1685,21.4621,75.562,12.6923,1.7308,0.0385,0.1923,0.0,0.1154,0.0,0.0,NASA POWER Daily API,NASA POWER / MERRA-2,0.5 degree latitude x 0.625 degree longitude (~50 km),source-native model grid cell containing city-centre coordinates
Hangzhou,6,2000,2025,26,25.0094,29.7497,27.4001,80.6929,17.3846,3.7692,0.5,0.9615,0.0,0.0385,0.0,0.0,NASA POWER Daily API,NASA POWER / MERRA-2,0.5 degree latitude x 0.625 degree longitude (~50 km),source-native model grid cell containing city-centre coordinates
Hangzhou,7,2000,2025,26,28.5085,32.6481,32.77,81.7972,16.5769,2.5385,0.3846,5.8077,0.0,0.4231,0.0,0.0,NASA POWER Daily API,NASA POWER / MERRA-2,0.5 degree latitude x 0.625 degree longitude (~50 km),source-native model grid cell containing city-centre coordinates
Hangzhou,8,2000,2025,26,28.364,32.7847,32.3513,80.0659,16.7692,2.1538,0.2692,7.3077,0.0,0.3462,0.0,0.0,NASA POWER Daily API,NASA POWER / MERRA-2,0.5 degree latitude x 0.625 degree longitude (~50 km),source-native model grid cell containing city-centre coordinates
Hangzhou,9,2000,2025,26,24.2891,29.148,26.154,80.4505,12.8462,1.5385,0.2308,1.1923,0.0,0.2692,0.0,0.0,NASA POWER Daily API,NASA POWER / MERRA-2,0.5 degree latitude x 0.625 degree longitude (~50 km),source-native model grid cell containing city-centre coordinates
Hangzhou,10,2000,2025,26,18.5387,24.2218,17.8822,77.5436,8.2692,0.6923,0.1538,0.1538,0.0,0.0769,0.0,0.0,NASA POWER Daily API,NASA POWER / MERRA-2,0.5 degree latitude x 0.625 degree longitude (~50 km),source-native model grid cell containing city-centre coordinates
Hangzhou,11,2000,2025,26,12.413,18.2764,10.0212,77.8614,10.1154,0.6154,0.0385,0.0,1.3846,0.1538,0.0,0.0,NASA POWER Daily API,NASA POWER / MERRA-2,0.5 degree latitude x 0.625 degree longitude (~50 km),source-native model grid cell containing city-centre coordinates
Hangzhou,12,2000,2025,26,5.4944,11.2459,1.6104,77.3302,7.6538,0.4231,0.0,0.0,13.4231,0.1923,0.4231,0.0,NASA POWER Daily API,NASA POWER / MERRA-2,0.5 degree latitude x 0.625 degree longitude (~50 km),source-native model grid cell containing city-centre coordinates
Nanjing,1,2000,2025,26,2.3738,7.8451,-2.3409,76.3052,7.4615,0.3077,0.0,0.0,22.3846,0.1538,0.8846,0.0,NASA POWER Daily API,NASA POWER / MERRA-2,0.5 degree latitude x 0.625 degree longitude (~50 km),source-native model grid cell containing city-centre coordinates
Nanjing,2,2000,2025,26,4.7928,10.4554,0.3044,77.4712,8.8846,0.3462,0.0,0.0,14.3846,0.3077,0.6538,0.0,NASA POWER Daily API,NASA POWER / MERRA-2,0.5 degree latitude x 0.625 degree longitude (~50 km),source-native model grid cell containing city-centre coordinates
Nanjing,3,2000,2025,26,10.1047,16.2751,6.3609,74.8394,8.2692,0.6923,0.0385,0.0,4.1154,1.0,0.0,0.0,NASA POWER Daily API,NASA POWER / MERRA-2,0.5 degree latitude x 0.625 degree longitude (~50 km),source-native model grid cell containing city-centre coordinates
Nanjing,4,2000,2025,26,16.1805,22.3777,13.7727,72.1387,8.7692,1.0769,0.1154,0.0,0.0385,1.1538,0.0,0.0,NASA POWER Daily API,NASA POWER / MERRA-2,0.5 degree latitude x 0.625 degree longitude (~50 km),source-native model grid cell containing city-centre coordinates
Nanjing,5,2000,2025,26,21.6968,27.6557,21.0027,70.3621,9.2308,1.1154,0.0385,0.6923,0.0,0.4231,0.0,0.0,NASA POWER Daily API,NASA POWER / MERRA-2,0.5 degree latitude x 0.625 degree longitude (~50 km),source-native model grid cell containing city-centre coordinates
Nanjing,6,2000,2025,26,25.649,30.7865,27.2619,74.8359,12.2692,2.8846,0.7692,3.1154,0.0,0.2692,0.0,0.0,NASA POWER Daily API,NASA POWER / MERRA-2,0.5 degree latitude x 0.625 degree longitude (~50 km),source-native model grid cell containing city-centre coordinates
Nanjing,7,2000,2025,26,28.4801,32.4359,32.3712,81.6674,16.1923,3.8462,0.8846,5.8462,0.0,0.4231,0.0,0.0,NASA POWER Daily API,NASA POWER / MERRA-2,0.5 degree latitude x 0.625 degree longitude (~50 km),source-native model grid cell containing city-centre coordinates
Nanjing,8,2000,2025,26,28.0337,32.2169,31.6201,80.4284,14.5769,2.3462,0.3846,5.2308,0.0,0.4231,0.0,0.0,NASA POWER Daily API,NASA POWER / MERRA-2,0.5 degree latitude x 0.625 degree longitude (~50 km),source-native model grid cell containing city-centre coordinates
Nanjing,9,2000,2025,26,23.7082,28.7784,24.7915,78.2588,9.3462,1.3077,0.1923,0.2308,0.0,0.3462,0.0,0.0,NASA POWER Daily API,NASA POWER / MERRA-2,0.5 degree latitude x 0.625 degree longitude (~50 km),source-native model grid cell containing city-centre coordinates
Nanjing,10,2000,2025,26,17.754,23.6321,16.3207,74.234,7.6923,0.5769,0.0385,0.1154,0.0,0.2308,0.0,0.0,NASA POWER Daily API,NASA POWER / MERRA-2,0.5 degree latitude x 0.625 degree longitude (~50 km),source-native model grid cell containing city-centre coordinates
Nanjing,11,2000,2025,26,11.1636,17.2109,7.9513,75.0039,6.7308,0.6538,0.0,0.0,2.6154,0.4231,0.0385,0.0,NASA POWER Daily API,NASA POWER / MERRA-2,0.5 degree latitude x 0.625 degree longitude (~50 km),source-native model grid cell containing city-centre coordinates
Nanjing,12,2000,2025,26,4.1076,9.8553,-0.3988,74.8467,6.2308,0.1923,0.0,0.0,17.5769,0.2692,0.1923,0.0,NASA POWER Daily API,NASA POWER / MERRA-2,0.5 degree latitude x 0.625 degree longitude (~50 km),source-native model grid cell containing city-centre coordinates
Suzhou,1,2000,2025,26,3.4569,8.4234,-1.2383,78.4875,8.2692,0.1923,0.0,0.0,17.9615,0.5,0.3846,0.0,NASA POWER Daily API,NASA POWER / MERRA-2,0.5 degree latitude x 0.625 degree longitude (~50 km),source-native model grid cell containing city-centre coordinates
Suzhou,2,2000,2025,26,5.3673,10.6391,0.9206,79.6259,10.1923,0.4615,0.0,0.0,11.8462,0.3462,0.1923,0.0,NASA POWER Daily API,NASA POWER / MERRA-2,0.5 degree latitude x 0.625 degree longitude (~50 km),source-native model grid cell containing city-centre coordinates
Suzhou,3,2000,2025,26,9.9883,15.7555,6.2417,77.7336,9.9615,0.7692,0.0385,0.0,3.2692,0.6538,0.0385,0.0,NASA POWER Daily API,NASA POWER / MERRA-2,0.5 degree latitude x 0.625 degree longitude (~50 km),source-native model grid cell containing city-centre coordinates
Suzhou,4,2000,2025,26,15.7178,21.6665,13.244,75.4001,9.9615,1.0,0.0385,0.0,0.0,0.9615,0.0,0.0,NASA POWER Daily API,NASA POWER / MERRA-2,0.5 degree latitude x 0.625 degree longitude (~50 km),source-native model grid cell containing city-centre coordinates
Suzhou,5,2000,2025,26,21.1234,26.8735,20.2745,73.7651,10.5385,0.9615,0.1154,0.1538,0.0,0.7692,0.0,0.0,NASA POWER Daily API,NASA POWER / MERRA-2,0.5 degree latitude x 0.625 degree longitude (~50 km),source-native model grid cell containing city-centre coordinates
Suzhou,6,2000,2025,26,25.0988,29.9502,26.6217,78.0647,15.4231,3.0769,0.3077,1.1923,0.0,0.3077,0.0,0.0,NASA POWER Daily API,NASA POWER / MERRA-2,0.5 degree latitude x 0.625 degree longitude (~50 km),source-native model grid cell containing city-centre coordinates
Suzhou,7,2000,2025,26,28.5785,32.3882,32.357,81.9473,17.4615,2.8846,0.3077,5.1154,0.0,0.8077,0.0,0.0,NASA POWER Daily API,NASA POWER / MERRA-2,0.5 degree latitude x 0.625 degree longitude (~50 km),source-native model grid cell containing city-centre coordinates
Suzhou,8,2000,2025,26,28.3808,32.3415,31.9749,80.8533,16.5,1.7692,0.2308,5.2308,0.0,0.6538,0.0,0.0,NASA POWER Daily API,NASA POWER / MERRA-2,0.5 degree latitude x 0.625 degree longitude (~50 km),source-native model grid cell containing city-centre coordinates
Suzhou,9,2000,2025,26,24.2001,28.7362,25.5613,80.4297,12.0,1.4231,0.3462,0.5,0.0,0.5769,0.0,0.0,NASA POWER Daily API,NASA POWER / MERRA-2,0.5 degree latitude x 0.625 degree longitude (~50 km),source-native model grid cell containing city-centre coordinates
Suzhou,10,2000,2025,26,18.5319,23.8243,17.3943,77.4406,7.8462,0.6154,0.1154,0.0769,0.0,0.1538,0.0,0.0,NASA POWER Daily API,NASA POWER / MERRA-2,0.5 degree latitude x 0.625 degree longitude (~50 km),source-native model grid cell containing city-centre coordinates
Suzhou,11,2000,2025,26,12.3853,17.7499,9.431,77.6413,8.6923,0.5769,0.0385,0.0,1.1538,0.8077,0.0,0.0,NASA POWER Daily API,NASA POWER / MERRA-2,0.5 degree latitude x 0.625 degree longitude (~50 km),source-native model grid cell containing city-centre coordinates
Suzhou,12,2000,2025,26,5.4042,10.5467,0.932,76.827,6.4615,0.0769,0.0,0.0,12.9231,0.5769,0.1154,0.0,NASA POWER Daily API,NASA POWER / MERRA-2,0.5 degree latitude x 0.625 degree longitude (~50 km),source-native model grid cell containing city-centre coordinates
Qingdao,1,2000,2025,26,1.6702,3.7263,-4.4792,70.5013,2.0385,0.0769,0.0,0.0,16.2308,2.9615,0.0769,0.0,NASA POWER Daily API,NASA POWER / MERRA-2,0.5 degree latitude x 0.625 degree longitude (~50 km),source-native model grid cell containing city-centre coordinates
Qingdao,2,2000,2025,26,2.4443,4.7402,-3.3652,71.464,3.3077,0.0769,0.0,0.0,12.4231,2.8846,0.3462,0.0,NASA POWER Daily API,NASA POWER / MERRA-2,0.5 degree latitude x 0.625 degree longitude (~50 km),source-native model grid cell containing city-centre coordinates
Qingdao,3,2000,2025,26,5.9866,8.8252,0.7363,73.1753,3.1538,0.1538,0.0,0.0,3.0385,2.9231,0.0,0.0,NASA POWER Daily API,NASA POWER / MERRA-2,0.5 degree latitude x 0.625 degree longitude (~50 km),source-native model grid cell containing city-centre coordinates
Qingdao,4,2000,2025,26,10.7271,13.6928,6.4137,74.7368,4.8846,0.3462,0.0,0.0,0.0,1.9615,0.0,0.0,NASA POWER Daily API,NASA POWER / MERRA-2,0.5 degree latitude x 0.625 degree longitude (~50 km),source-native model grid cell containing city-centre coordinates
Qingdao,5,2000,2025,26,16.0812,18.9019,13.5078,77.1791,6.5769,0.8462,0.1154,0.0,0.0,1.1923,0.0,0.0,NASA POWER Daily API,NASA POWER / MERRA-2,0.5 degree latitude x 0.625 degree longitude (~50 km),source-native model grid cell containing city-centre coordinates
Qingdao,6,2000,2025,26,20.939,23.3027,20.9191,83.1174,8.9615,1.2692,0.3077,0.0,0.0,0.6538,0.0,0.0,NASA POWER Daily API,NASA POWER / MERRA-2,0.5 degree latitude x 0.625 degree longitude (~50 km),source-native model grid cell containing city-centre coordinates
Qingdao,7,2000,2025,26,24.9713,26.719,27.2154,87.1202,15.8462,2.9615,0.5,0.0,0.0,0.6538,0.0,0.0,NASA POWER Daily API,NASA POWER / MERRA-2,0.5 degree latitude x 0.625 degree longitude (~50 km),source-native model grid cell containing city-centre coordinates
Qingdao,8,2000,2025,26,26.129,27.7594,28.5456,82.8058,17.1154,2.3077,0.5,0.0,0.0,0.7692,0.0,0.0,NASA POWER Daily API,NASA POWER / MERRA-2,0.5 degree latitude x 0.625 degree longitude (~50 km),source-native model grid cell containing city-centre coordinates
Qingdao,9,2000,2025,26,22.7862,24.8299,22.7818,74.671,8.2308,1.2692,0.2692,0.0,0.0,1.0769,0.0,0.0,NASA POWER Daily API,NASA POWER / MERRA-2,0.5 degree latitude x 0.625 degree longitude (~50 km),source-native model grid cell containing city-centre coordinates
Qingdao,10,2000,2025,26,17.5082,19.7409,14.8455,69.4964,4.8462,0.5,0.0385,0.0,0.0,2.2308,0.0,0.0,NASA POWER Daily API,NASA POWER / MERRA-2,0.5 degree latitude x 0.625 degree longitude (~50 km),source-native model grid cell containing city-centre coordinates
Qingdao,11,2000,2025,26,11.0939,13.2793,6.3937,70.5259,4.1538,0.2692,0.0385,0.0,0.1154,4.1923,0.0,0.0,NASA POWER Daily API,NASA POWER / MERRA-2,0.5 degree latitude x 0.625 degree longitude (~50 km),source-native model grid cell containing city-centre coordinates
Qingdao,12,2000,2025,26,4.323,6.3575,-1.7848,70.9565,2.8077,0.0769,0.0,0.0,7.5385,4.1538,0.0385,0.0,NASA POWER Daily API,NASA POWER / MERRA-2,0.5 degree latitude x 0.625 degree longitude (~50 km),source-native model grid cell containing city-centre coordinates
Dalian,1,2000,2025,26,-2.0305,0.0188,-9.2233,71.7133,1.9231,0.0,0.0,0.0,27.4231,6.0,1.0769,0.0,NASA POWER Daily API,NASA POWER / MERRA-2,0.5 degree latitude x 0.625 degree longitude (~50 km),source-native model grid cell containing city-centre coordinates
Dalian,2,2000,2025,26,-0.7117,1.2486,-7.5125,70.3983,2.1538,0.0385,0.0,0.0,21.3462,5.4615,0.8077,0.0,NASA POWER Daily API,NASA POWER / MERRA-2,0.5 degree latitude x 0.625 degree longitude (~50 km),source-native model grid cell containing city-centre coordinates
Dalian,3,2000,2025,26,3.3352,5.546,-2.7493,70.6387,2.3846,0.0769,0.0769,0.0,8.0769,5.1154,0.0769,0.0,NASA POWER Daily API,NASA POWER / MERRA-2,0.5 degree latitude x 0.625 degree longitude (~50 km),source-native model grid cell containing city-centre coordinates
Dalian,4,2000,2025,26,8.6883,11.0833,3.5057,72.4829,5.0,0.5385,0.0769,0.0,0.0,3.4615,0.0,0.0,NASA POWER Daily API,NASA POWER / MERRA-2,0.5 degree latitude x 0.625 degree longitude (~50 km),source-native model grid cell containing city-centre coordinates
Dalian,5,2000,2025,26,14.5812,16.9348,11.1561,74.7039,6.6154,0.6923,0.0769,0.0,0.0,2.4615,0.0,0.0,NASA POWER Daily API,NASA POWER / MERRA-2,0.5 degree latitude x 0.625 degree longitude (~50 km),source-native model grid cell containing city-centre coordinates
Dalian,6,2000,2025,26,19.9366,21.8978,19.1696,80.2992,9.0385,1.0,0.1538,0.0,0.0,0.9231,0.0,0.0,NASA POWER Daily API,NASA POWER / MERRA-2,0.5 degree latitude x 0.625 degree longitude (~50 km),source-native model grid cell containing city-centre coordinates
Dalian,7,2000,2025,26,23.8656,25.4468,25.2382,84.9989,13.0385,2.6538,0.6538,0.0,0.0,0.9615,0.0,0.0,NASA POWER Daily API,NASA POWER / MERRA-2,0.5 degree latitude x 0.625 degree longitude (~50 km),source-native model grid cell containing city-centre coordinates
Dalian,8,2000,2025,26,25.043,26.5875,26.7856,81.3887,13.5,2.6538,0.4615,0.0,0.0,1.2308,0.0,0.0,NASA POWER Daily API,NASA POWER / MERRA-2,0.5 degree latitude x 0.625 degree longitude (~50 km),source-native model grid cell containing city-centre coordinates
Dalian,9,2000,2025,26,21.7507,23.6049,20.8926,72.7154,7.6538,0.8846,0.2308,0.0,0.0,2.0769,0.0,0.0,NASA POWER Daily API,NASA POWER / MERRA-2,0.5 degree latitude x 0.625 degree longitude (~50 km),source-native model grid cell containing city-centre coordinates
Dalian,10,2000,2025,26,15.3839,17.3621,11.4449,68.4395,6.0,0.6538,0.0769,0.0,0.0,5.0769,0.0,0.0,NASA POWER Daily API,NASA POWER / MERRA-2,0.5 degree latitude x 0.625 degree longitude (~50 km),source-native model grid cell containing city-centre coordinates
Dalian,11,2000,2025,26,7.9928,10.0687,2.0341,69.8762,3.9615,0.5385,0.0769,0.0,2.3462,8.0769,0.0,0.0,NASA POWER Daily API,NASA POWER / MERRA-2,0.5 degree latitude x 0.625 degree longitude (~50 km),source-native model grid cell containing city-centre coordinates
Dalian,12,2000,2025,26,0.9805,3.0856,-6.1705,71.3137,2.5769,0.0385,0.0,0.0,20.0769,8.2308,0.9615,0.0,NASA POWER Daily API,NASA POWER / MERRA-2,0.5 degree latitude x 0.625 degree longitude (~50 km),source-native model grid cell containing city-centre coordinates
Tianjin,1,2000,2025,26,-4.7822,1.1402,-10.3087,59.634,0.8462,0.0,0.0,0.0,31.0,0.2692,0.7692,0.0,NASA POWER Daily API,NASA POWER / MERRA-2,0.5 degree latitude x 0.625 degree longitude (~50 km),source-native model grid cell containing city-centre coordinates
Tianjin,2,2000,2025,26,-1.3353,5.0695,-6.7559,58.0921,1.4231,0.0,0.0,0.0,28.0385,0.3462,0.9231,0.0,NASA POWER Daily API,NASA POWER / MERRA-2,0.5 degree latitude x 0.625 degree longitude (~50 km),source-native model grid cell containing city-centre coordinates
Tianjin,3,2000,2025,26,5.2951,13.5277,0.0313,52.9021,2.0769,0.0385,0.0,0.0,21.8462,1.0,0.2308,0.0,NASA POWER Daily API,NASA POWER / MERRA-2,0.5 degree latitude x 0.625 degree longitude (~50 km),source-native model grid cell containing city-centre coordinates
Tianjin,4,2000,2025,26,13.2368,21.7265,8.6274,48.4815,3.9615,0.3077,0.0,0.0,2.3077,1.8462,0.0,0.0,NASA POWER Daily API,NASA POWER / MERRA-2,0.5 degree latitude x 0.625 degree longitude (~50 km),source-native model grid cell containing city-centre coordinates
Tianjin,5,2000,2025,26,20.3563,28.743,17.2095,48.2618,5.5385,0.3077,0.0,2.1538,0.0,1.3077,0.0,0.0,NASA POWER Daily API,NASA POWER / MERRA-2,0.5 degree latitude x 0.625 degree longitude (~50 km),source-native model grid cell containing city-centre coordinates
Tianjin,6,2000,2025,26,25.1724,32.5977,24.7056,57.0051,10.0769,1.1538,0.0385,8.2692,0.0,0.1154,0.0,0.0,NASA POWER Daily API,NASA POWER / MERRA-2,0.5 degree latitude x 0.625 degree longitude (~50 km),source-native model grid cell containing city-centre coordinates
Tianjin,7,2000,2025,26,27.208,33.1759,29.2714,69.0922,14.5,2.7308,0.5385,8.7308,0.0,0.0385,0.0,0.0,NASA POWER Daily API,NASA POWER / MERRA-2,0.5 degree latitude x 0.625 degree longitude (~50 km),source-native model grid cell containing city-centre coordinates
Tianjin,8,2000,2025,26,25.6575,31.1481,27.7862,72.9972,13.4231,2.5385,0.4231,2.6923,0.0,0.0385,0.0,0.0,NASA POWER Daily API,NASA POWER / MERRA-2,0.5 degree latitude x 0.625 degree longitude (~50 km),source-native model grid cell containing city-centre coordinates
Tianjin,9,2000,2025,26,20.7036,27.3911,20.1832,67.1986,6.7308,0.6923,0.0769,0.1154,0.0,0.0385,0.0,0.0,NASA POWER Daily API,NASA POWER / MERRA-2,0.5 degree latitude x 0.625 degree longitude (~50 km),source-native model grid cell containing city-centre coordinates
Tianjin,10,2000,2025,26,12.4968,19.6287,9.3592,63.7617,4.2308,0.3462,0.0769,0.0,1.9231,0.2692,0.0,0.0,NASA POWER Daily API,NASA POWER / MERRA-2,0.5 degree latitude x 0.625 degree longitude (~50 km),source-native model grid cell containing city-centre coordinates
Tianjin,11,2000,2025,26,3.6743,10.2445,-0.9612,62.3301,2.1538,0.1154,0.0,0.0,20.5385,0.5769,0.4231,0.0,NASA POWER Daily API,NASA POWER / MERRA-2,0.5 degree latitude x 0.625 degree longitude (~50 km),source-native model grid cell containing city-centre coordinates
Tianjin,12,2000,2025,26,-3.2016,2.4308,-8.5991,59.6878,0.8462,0.0,0.0,0.0,30.8077,0.2692,0.7308,0.0,NASA POWER Daily API,NASA POWER / MERRA-2,0.5 degree latitude x 0.625 degree longitude (~50 km),source-native model grid cell containing city-centre coordinates
Chengdu,1,2000,2025,26,5.483,11.554,2.0229,74.15,4.1923,0.0,0.0,0.0,10.9615,0.0769,0.1154,0.0,NASA POWER Daily API,NASA POWER / MERRA-2,0.5 degree latitude x 0.625 degree longitude (~50 km),source-native model grid cell containing city-centre coordinates
Chengdu,2,2000,2025,26,8.376,14.7243,5.2006,72.0149,4.8462,0.0,0.0,0.0,3.6154,0.1538,0.0,0.0,NASA POWER Daily API,NASA POWER / MERRA-2,0.5 degree latitude x 0.625 degree longitude (~50 km),source-native model grid cell containing city-centre coordinates
Chengdu,3,2000,2025,26,13.8934,20.4374,11.4191,66.8987,9.7308,0.0,0.0,0.0,0.1154,0.6538,0.0,0.0,NASA POWER Daily API,NASA POWER / MERRA-2,0.5 degree latitude x 0.625 degree longitude (~50 km),source-native model grid cell containing city-centre coordinates
Chengdu,4,2000,2025,26,19.2433,25.8434,17.8493,63.6874,13.8462,0.1538,0.0,0.3077,0.0,1.2308,0.0,0.0,NASA POWER Daily API,NASA POWER / MERRA-2,0.5 degree latitude x 0.625 degree longitude (~50 km),source-native model grid cell containing city-centre coordinates
Chengdu,5,2000,2025,26,23.261,29.7292,23.0448,62.6188,16.9231,0.5385,0.0,1.6538,0.0,1.5,0.0,0.0,NASA POWER Daily API,NASA POWER / MERRA-2,0.5 degree latitude x 0.625 degree longitude (~50 km),source-native model grid cell containing city-centre coordinates
Chengdu,6,2000,2025,26,26.232,32.3549,27.8429,66.6518,19.0769,0.8077,0.0,5.1923,0.0,0.1538,0.0,0.0,NASA POWER Daily API,NASA POWER / MERRA-2,0.5 degree latitude x 0.625 degree longitude (~50 km),source-native model grid cell containing city-centre coordinates
Chengdu,7,2000,2025,26,27.8047,32.7457,31.1725,73.7782,21.8077,2.8462,0.2308,6.2692,0.0,0.1538,0.0,0.0,NASA POWER Daily API,NASA POWER / MERRA-2,0.5 degree latitude x 0.625 degree longitude (~50 km),source-native model grid cell containing city-centre coordinates
Chengdu,8,2000,2025,26,26.8368,31.433,30.0738,76.7518,20.6154,2.3462,0.1923,3.9231,0.0,0.0385,0.0,0.0,NASA POWER Daily API,NASA POWER / MERRA-2,0.5 degree latitude x 0.625 degree longitude (~50 km),source-native model grid cell containing city-centre coordinates
Chengdu,9,2000,2025,26,22.9054,27.8218,24.3761,78.1033,19.4615,0.9615,0.0,0.6538,0.0,0.3077,0.0,0.0,NASA POWER Daily API,NASA POWER / MERRA-2,0.5 degree latitude x 0.625 degree longitude (~50 km),source-native model grid cell containing city-centre coordinates
Chengdu,10,2000,2025,26,17.7523,22.8395,17.2806,77.782,15.9231,0.0385,0.0,0.0,0.0,0.2692,0.0,0.0,NASA POWER Daily API,NASA POWER / MERRA-2,0.5 degree latitude x 0.625 degree longitude (~50 km),source-native model grid cell containing city-centre coordinates
Chengdu,11,2000,2025,26,12.2965,17.8303,10.2433,75.7011,6.6154,0.0,0.0,0.0,0.3462,0.3077,0.0,0.0,NASA POWER Daily API,NASA POWER / MERRA-2,0.5 degree latitude x 0.625 degree longitude (~50 km),source-native model grid cell containing city-centre coordinates
Chengdu,12,2000,2025,26,6.6797,12.4898,3.4609,74.1834,3.3846,0.0,0.0,0.0,5.8077,0.1154,0.0,0.0,NASA POWER Daily API,NASA POWER / MERRA-2,0.5 degree latitude x 0.625 degree longitude (~50 km),source-native model grid cell containing city-centre coordinates
Chongqing,1,2000,2025,26,5.7458,10.8101,2.5856,78.9403,7.3462,0.0,0.0,0.0,8.2692,0.0,0.0769,0.0,NASA POWER Daily API,NASA POWER / MERRA-2,0.5 degree latitude x 0.625 degree longitude (~50 km),source-native model grid cell containing city-centre coordinates
Chongqing,2,2000,2025,26,8.3756,13.7966,5.4852,77.2092,6.7308,0.0,0.0,0.0,3.0769,0.0769,0.0,0.0,NASA POWER Daily API,NASA POWER / MERRA-2,0.5 degree latitude x 0.625 degree longitude (~50 km),source-native model grid cell containing city-centre coordinates
Chongqing,3,2000,2025,26,13.4737,19.0892,11.4488,74.3373,11.7692,0.2692,0.0,0.0,0.0,0.1154,0.0,0.0,NASA POWER Daily API,NASA POWER / MERRA-2,0.5 degree latitude x 0.625 degree longitude (~50 km),source-native model grid cell containing city-centre coordinates
Chongqing,4,2000,2025,26,18.3486,23.7989,17.6297,73.8327,15.6923,1.0769,0.0385,0.0769,0.0,0.0769,0.0,0.0,NASA POWER Daily API,NASA POWER / MERRA-2,0.5 degree latitude x 0.625 degree longitude (~50 km),source-native model grid cell containing city-centre coordinates
Chongqing,5,2000,2025,26,21.8824,26.9685,22.5647,75.1164,18.6923,1.8462,0.0385,0.1538,0.0,0.1154,0.0,0.0,NASA POWER Daily API,NASA POWER / MERRA-2,0.5 degree latitude x 0.625 degree longitude (~50 km),source-native model grid cell containing city-centre coordinates
Chongqing,6,2000,2025,26,24.6748,29.045,27.1854,78.8674,19.0,3.0,0.2692,0.1923,0.0,0.0,0.0,0.0,NASA POWER Daily API,NASA POWER / MERRA-2,0.5 degree latitude x 0.625 degree longitude (~50 km),source-native model grid cell containing city-centre coordinates
Chongqing,7,2000,2025,26,27.4594,31.8455,30.9115,77.3707,16.3846,2.6538,0.2308,3.1538,0.0,0.0,0.0,0.0,NASA POWER Daily API,NASA POWER / MERRA-2,0.5 degree latitude x 0.625 degree longitude (~50 km),source-native model grid cell containing city-centre coordinates
Chongqing,8,2000,2025,26,27.1891,31.9013,30.3193,75.5537,15.3846,1.7692,0.1154,4.8077,0.0,0.0,0.0,0.0,NASA POWER Daily API,NASA POWER / MERRA-2,0.5 degree latitude x 0.625 degree longitude (~50 km),source-native model grid cell containing city-centre coordinates
Chongqing,9,2000,2025,26,23.4781,28.4201,25.0443,77.3355,15.2308,1.8077,0.1923,1.3077,0.0,0.0,0.0,0.0,NASA POWER Daily API,NASA POWER / MERRA-2,0.5 degree latitude x 0.625 degree longitude (~50 km),source-native model grid cell containing city-centre coordinates
Chongqing,10,2000,2025,26,18.0338,22.7011,17.9555,79.7338,16.7308,0.5385,0.0,0.0,0.0,0.0,0.0,0.0,NASA POWER Daily API,NASA POWER / MERRA-2,0.5 degree latitude x 0.625 degree longitude (~50 km),source-native model grid cell containing city-centre coordinates
Chongqing,11,2000,2025,26,12.6467,17.4775,11.0156,80.2251,10.5385,0.1154,0.0,0.0,0.0385,0.0,0.0,0.0,NASA POWER Daily API,NASA POWER / MERRA-2,0.5 degree latitude x 0.625 degree longitude (~50 km),source-native model grid cell containing city-centre coordinates
Chongqing,12,2000,2025,26,7.1061,11.9592,4.2614,79.4703,6.3846,0.0,0.0,0.0,3.5,0.0,0.0,0.0,NASA POWER Daily API,NASA POWER / MERRA-2,0.5 degree latitude x 0.625 degree longitude (~50 km),source-native model grid cell containing city-centre coordinates
Wuhan,1,2000,2025,26,4.4415,9.3287,0.1501,73.3102,7.6923,0.3846,0.0,0.0,13.8462,0.2692,0.6538,0.0,NASA POWER Daily API,NASA POWER / MERRA-2,0.5 degree latitude x 0.625 degree longitude (~50 km),source-native model grid cell containing city-centre coordinates
Wuhan,2,2000,2025,26,7.0724,11.8233,3.1822,75.4807,10.1154,0.5385,0.0,0.0,6.9615,0.6538,0.4615,0.0,NASA POWER Daily API,NASA POWER / MERRA-2,0.5 degree latitude x 0.625 degree longitude (~50 km),source-native model grid cell containing city-centre coordinates
Wuhan,3,2000,2025,26,12.509,17.4841,9.5766,74.3703,11.3462,1.0385,0.0,0.0,0.6154,0.9615,0.0,0.0,NASA POWER Daily API,NASA POWER / MERRA-2,0.5 degree latitude x 0.625 degree longitude (~50 km),source-native model grid cell containing city-centre coordinates
Wuhan,4,2000,2025,26,18.1815,23.1092,16.6517,74.0195,11.5769,2.5,0.1154,0.0,0.0,1.6923,0.0,0.0,NASA POWER Daily API,NASA POWER / MERRA-2,0.5 degree latitude x 0.625 degree longitude (~50 km),source-native model grid cell containing city-centre coordinates
Wuhan,5,2000,2025,26,22.8422,27.3219,23.2379,74.5838,12.9615,2.6538,0.5,0.2692,0.0,0.8462,0.0,0.0,NASA POWER Daily API,NASA POWER / MERRA-2,0.5 degree latitude x 0.625 degree longitude (~50 km),source-native model grid cell containing city-centre coordinates
Wuhan,6,2000,2025,26,26.5839,30.3125,29.2772,77.9232,14.9231,3.5769,0.9615,0.3077,0.0,0.0769,0.0,0.0,NASA POWER Daily API,NASA POWER / MERRA-2,0.5 degree latitude x 0.625 degree longitude (~50 km),source-native model grid cell containing city-centre coordinates
Wuhan,7,2000,2025,26,29.2237,32.4903,33.3629,79.9971,15.3077,3.2308,0.8462,4.0,0.0,0.1538,0.0,0.0,NASA POWER Daily API,NASA POWER / MERRA-2,0.5 degree latitude x 0.625 degree longitude (~50 km),source-native model grid cell containing city-centre coordinates
Wuhan,8,2000,2025,26,29.1026,32.8868,32.9552,76.0301,13.3077,1.6154,0.0385,7.1154,0.0,0.1538,0.0,0.0,NASA POWER Daily API,NASA POWER / MERRA-2,0.5 degree latitude x 0.625 degree longitude (~50 km),source-native model grid cell containing city-centre coordinates
Wuhan,9,2000,2025,26,25.4069,30.0664,26.8459,71.8044,8.8462,0.9231,0.0769,1.8077,0.0,0.3462,0.0,0.0,NASA POWER Daily API,NASA POWER / MERRA-2,0.5 degree latitude x 0.625 degree longitude (~50 km),source-native model grid cell containing city-centre coordinates
Wuhan,10,2000,2025,26,19.2208,24.2572,18.1962,70.5917,9.0385,0.6923,0.0385,0.3077,0.0,0.3462,0.0,0.0,NASA POWER Daily API,NASA POWER / MERRA-2,0.5 degree latitude x 0.625 degree longitude (~50 km),source-native model grid cell containing city-centre coordinates
Wuhan,11,2000,2025,26,12.6835,17.8191,9.8781,72.2591,8.3846,0.5769,0.0,0.0,0.7308,0.7692,0.0385,0.0,NASA POWER Daily API,NASA POWER / MERRA-2,0.5 degree latitude x 0.625 degree longitude (~50 km),source-native model grid cell containing city-centre coordinates
Wuhan,12,2000,2025,26,6.0928,11.165,1.9501,71.0778,6.1923,0.0385,0.0,0.0,8.5769,0.5769,0.0769,0.0,NASA POWER Daily API,NASA POWER / MERRA-2,0.5 degree latitude x 0.625 degree longitude (~50 km),source-native model grid cell containing city-centre coordinates
Changsha,1,2000,2025,26,5.6506,11.1745,1.9177,77.9998,11.1923,0.3846,0.0,0.0,12.0,0.0769,0.9231,0.0,NASA POWER Daily API,NASA POWER / MERRA-2,0.5 degree latitude x 0.625 degree longitude (~50 km),source-native model grid cell containing city-centre coordinates
Changsha,2,2000,2025,26,8.2467,13.5948,4.9124,79.8301,13.5385,0.8846,0.0,0.0,5.8846,0.2308,0.3462,0.0,NASA POWER Daily API,NASA POWER / MERRA-2,0.5 degree latitude x 0.625 degree longitude (~50 km),source-native model grid cell containing city-centre coordinates
Changsha,3,2000,2025,26,13.3149,18.6828,11.1057,79.548,16.8462,1.5385,0.0,0.0,0.5769,0.7308,0.0,0.0,NASA POWER Daily API,NASA POWER / MERRA-2,0.5 degree latitude x 0.625 degree longitude (~50 km),source-native model grid cell containing city-centre coordinates
Changsha,4,2000,2025,26,18.558,23.7633,17.8829,80.1295,17.3462,2.7308,0.0385,0.0,0.0,0.6923,0.0,0.0,NASA POWER Daily API,NASA POWER / MERRA-2,0.5 degree latitude x 0.625 degree longitude (~50 km),source-native model grid cell containing city-centre coordinates
Changsha,5,2000,2025,26,22.7725,27.5672,23.9869,81.0635,17.5385,3.8077,0.3077,0.0,0.0,0.3846,0.0,0.0,NASA POWER Daily API,NASA POWER / MERRA-2,0.5 degree latitude x 0.625 degree longitude (~50 km),source-native model grid cell containing city-centre coordinates
Changsha,6,2000,2025,26,26.0915,30.022,29.3589,84.1909,18.4615,3.9615,0.6154,0.0,0.0,0.0385,0.0,0.0,NASA POWER Daily API,NASA POWER / MERRA-2,0.5 degree latitude x 0.625 degree longitude (~50 km),source-native model grid cell containing city-centre coordinates
Changsha,7,2000,2025,26,28.4748,32.2877,32.659,83.0101,14.1923,2.3462,0.4615,2.1154,0.0,0.0769,0.0,0.0,NASA POWER Daily API,NASA POWER / MERRA-2,0.5 degree latitude x 0.625 degree longitude (~50 km),source-native model grid cell containing city-centre coordinates
Changsha,8,2000,2025,26,28.1007,32.3324,32.2552,81.3756,15.6154,1.1538,0.1538,2.8846,0.0,0.0769,0.0,0.0,NASA POWER Daily API,NASA POWER / MERRA-2,0.5 degree latitude x 0.625 degree longitude (~50 km),source-native model grid cell containing city-centre coordinates
Changsha,9,2000,2025,26,25.0892,30.2715,27.3137,78.2601,10.2692,0.8846,0.1154,1.8462,0.0,0.0385,0.0,0.0,NASA POWER Daily API,NASA POWER / MERRA-2,0.5 degree latitude x 0.625 degree longitude (~50 km),source-native model grid cell containing city-centre coordinates
Changsha,10,2000,2025,26,19.5304,25.502,19.0332,75.0201,9.9231,0.5769,0.0,0.8077,0.0,0.0,0.0,0.0,NASA POWER Daily API,NASA POWER / MERRA-2,0.5 degree latitude x 0.625 degree longitude (~50 km),source-native model grid cell containing city-centre coordinates
Changsha,11,2000,2025,26,13.5059,19.4376,11.3653,76.2548,10.3462,1.3077,0.0385,0.0,0.3846,0.1923,0.0,0.0,NASA POWER Daily API,NASA POWER / MERRA-2,0.5 degree latitude x 0.625 degree longitude (~50 km),source-native model grid cell containing city-centre coordinates
Changsha,12,2000,2025,26,7.1391,13.1281,3.5438,74.9407,8.5769,0.2308,0.0385,0.0,7.6923,0.0385,0.2308,0.0,NASA POWER Daily API,NASA POWER / MERRA-2,0.5 degree latitude x 0.625 degree longitude (~50 km),source-native model grid cell containing city-centre coordinates
Xian,1,2000,2025,26,0.1551,5.9261,-4.1397,61.4736,2.5,0.0,0.0,0.0,29.3077,0.0,1.8077,0.0,NASA POWER Daily API,NASA POWER / MERRA-2,0.5 degree latitude x 0.625 degree longitude (~50 km),source-native model grid cell containing city-centre coordinates
Xian,2,2000,2025,26,3.58,10.1714,-0.5383,60.8856,3.7308,0.0,0.0,0.0,19.6154,0.0,1.0769,0.0,NASA POWER Daily API,NASA POWER / MERRA-2,0.5 degree latitude x 0.625 degree longitude (~50 km),source-native model grid cell containing city-centre coordinates
Xian,3,2000,2025,26,9.9187,17.3164,6.3262,54.6198,5.4615,0.0,0.0,0.0,5.6154,0.0769,0.0385,0.0,NASA POWER Daily API,NASA POWER / MERRA-2,0.5 degree latitude x 0.625 degree longitude (~50 km),source-native model grid cell containing city-centre coordinates
Xian,4,2000,2025,26,16.1891,23.7133,13.4706,52.1633,6.9615,0.2308,0.0,0.2692,0.3077,0.1538,0.0,0.0,NASA POWER Daily API,NASA POWER / MERRA-2,0.5 degree latitude x 0.625 degree longitude (~50 km),source-native model grid cell containing city-centre coordinates
Xian,5,2000,2025,26,21.2816,28.4519,19.7361,51.6731,9.5,0.4615,0.0,2.0769,0.0,0.1154,0.0,0.0,NASA POWER Daily API,NASA POWER / MERRA-2,0.5 degree latitude x 0.625 degree longitude (~50 km),source-native model grid cell containing city-centre coordinates
Xian,6,2000,2025,26,25.8475,32.5251,26.0481,53.7649,10.5769,0.7692,0.0385,8.9231,0.0,0.0,0.0,0.0,NASA POWER Daily API,NASA POWER / MERRA-2,0.5 degree latitude x 0.625 degree longitude (~50 km),source-native model grid cell containing city-centre coordinates
Xian,7,2000,2025,26,27.5178,33.4443,29.436,62.5821,14.9615,1.8462,0.0385,10.9231,0.0,0.0,0.0,0.0,NASA POWER Daily API,NASA POWER / MERRA-2,0.5 degree latitude x 0.625 degree longitude (~50 km),source-native model grid cell containing city-centre coordinates
Xian,8,2000,2025,26,26.2357,32.0758,27.9071,64.7858,14.3077,1.5,0.0,7.7308,0.0,0.0,0.0,0.0,NASA POWER Daily API,NASA POWER / MERRA-2,0.5 degree latitude x 0.625 degree longitude (~50 km),source-native model grid cell containing city-centre coordinates
Xian,9,2000,2025,26,20.7375,26.466,20.7206,69.2704,13.3846,1.6923,0.0769,0.5769,0.0,0.0,0.0,0.0,NASA POWER Daily API,NASA POWER / MERRA-2,0.5 degree latitude x 0.625 degree longitude (~50 km),source-native model grid cell containing city-centre coordinates
Xian,10,2000,2025,26,14.337,20.3667,12.6438,68.9749,10.6538,0.4231,0.0,0.0,0.0,0.0,0.0,0.0,NASA POWER Daily API,NASA POWER / MERRA-2,0.5 degree latitude x 0.625 degree longitude (~50 km),source-native model grid cell containing city-centre coordinates
Xian,11,2000,2025,26,7.384,13.9216,4.1319,65.3413,5.3846,0.0,0.0,0.0,8.2692,0.0769,0.3462,0.0,NASA POWER Daily API,NASA POWER / MERRA-2,0.5 degree latitude x 0.625 degree longitude (~50 km),source-native model grid cell containing city-centre coordinates
Xian,12,2000,2025,26,1.2861,7.3176,-2.8891,60.9946,1.9231,0.0,0.0,0.0,27.8077,0.0,0.6154,0.0,NASA POWER Daily API,NASA POWER / MERRA-2,0.5 degree latitude x 0.625 degree longitude (~50 km),source-native model grid cell containing city-centre coordinates
Zhengzhou,1,2000,2025,26,0.0221,5.9579,-5.1247,64.4067,2.9231,0.0385,0.0,0.0,29.8077,0.4615,1.9231,0.0,NASA POWER Daily API,NASA POWER / MERRA-2,0.5 degree latitude x 0.625 degree longitude (~50 km),source-native model grid cell containing city-centre coordinates
Zhengzhou,2,2000,2025,26,3.1791,9.8699,-1.7043,64.2745,3.5,0.0385,0.0,0.0,21.5,0.6154,1.1154,0.0,NASA POWER Daily API,NASA POWER / MERRA-2,0.5 degree latitude x 0.625 degree longitude (~50 km),source-native model grid cell containing city-centre coordinates
Zhengzhou,3,2000,2025,26,9.7501,17.3019,5.2332,56.595,3.6923,0.1154,0.0,0.0,7.1923,1.6154,0.0769,0.0,NASA POWER Daily API,NASA POWER / MERRA-2,0.5 degree latitude x 0.625 degree longitude (~50 km),source-native model grid cell containing city-centre coordinates
Zhengzhou,4,2000,2025,26,16.4272,24.0889,12.8906,53.921,4.8462,0.5,0.0,0.4231,0.1923,1.8077,0.0,0.0,NASA POWER Daily API,NASA POWER / MERRA-2,0.5 degree latitude x 0.625 degree longitude (~50 km),source-native model grid cell containing city-centre coordinates
Zhengzhou,5,2000,2025,26,22.4114,29.7678,20.2361,51.8718,6.2692,1.1154,0.0385,3.5385,0.0,0.6923,0.0,0.0,NASA POWER Daily API,NASA POWER / MERRA-2,0.5 degree latitude x 0.625 degree longitude (~50 km),source-native model grid cell containing city-centre coordinates
Zhengzhou,6,2000,2025,26,27.298,33.9476,27.4445,55.2714,8.6538,1.0,0.0385,12.6538,0.0,0.1154,0.0,0.0,NASA POWER Daily API,NASA POWER / MERRA-2,0.5 degree latitude x 0.625 degree longitude (~50 km),source-native model grid cell containing city-centre coordinates
Zhengzhou,7,2000,2025,26,28.5187,33.9289,31.1476,69.4161,15.0,2.4615,0.5385,12.3462,0.0,0.0,0.0,0.0,NASA POWER Daily API,NASA POWER / MERRA-2,0.5 degree latitude x 0.625 degree longitude (~50 km),source-native model grid cell containing city-centre coordinates
Zhengzhou,8,2000,2025,26,26.9325,32.1535,29.2985,72.2776,13.1923,2.1538,0.2692,6.1538,0.0,0.1538,0.0,0.0,NASA POWER Daily API,NASA POWER / MERRA-2,0.5 degree latitude x 0.625 degree longitude (~50 km),source-native model grid cell containing city-centre coordinates
Zhengzhou,9,2000,2025,26,21.9445,27.7947,21.9172,70.093,9.8077,1.4615,0.1154,0.6154,0.0,0.4231,0.0,0.0,NASA POWER Daily API,NASA POWER / MERRA-2,0.5 degree latitude x 0.625 degree longitude (~50 km),source-native model grid cell containing city-centre coordinates
Zhengzhou,10,2000,2025,26,15.445,21.9589,13.091,66.5689,6.1538,0.5769,0.0385,0.0,0.0,0.4231,0.0,0.0,NASA POWER Daily API,NASA POWER / MERRA-2,0.5 degree latitude x 0.625 degree longitude (~50 km),source-native model grid cell containing city-centre coordinates
Zhengzhou,11,2000,2025,26,7.9533,14.688,3.8017,66.1778,4.2692,0.2308,0.0,0.0,7.4231,0.6923,0.4231,0.0,NASA POWER Daily API,NASA POWER / MERRA-2,0.5 degree latitude x 0.625 degree longitude (~50 km),source-native model grid cell containing city-centre coordinates
Zhengzhou,12,2000,2025,26,1.4263,7.7821,-3.7017,63.5081,2.4615,0.0,0.0,0.0,27.3077,0.5385,0.9231,0.0,NASA POWER Daily API,NASA POWER / MERRA-2,0.5 degree latitude x 0.625 degree longitude (~50 km),source-native model grid cell containing city-centre coordinates
Jinan,1,2000,2025,26,-2.4044,3.1271,-7.6685,66.3064,1.8462,0.0385,0.0,0.0,30.6154,0.4231,1.2308,0.0,NASA POWER Daily API,NASA POWER / MERRA-2,0.5 degree latitude x 0.625 degree longitude (~50 km),source-native model grid cell containing city-centre coordinates
Jinan,2,2000,2025,26,0.6605,6.991,-4.6716,63.975,3.0,0.0385,0.0,0.0,25.8846,0.6923,1.3077,0.0,NASA POWER Daily API,NASA POWER / MERRA-2,0.5 degree latitude x 0.625 degree longitude (~50 km),source-native model grid cell containing city-centre coordinates
Jinan,3,2000,2025,26,7.0826,14.6362,1.9121,56.6966,2.5385,0.1154,0.0385,0.0,14.3462,1.9615,0.1538,0.0,NASA POWER Daily API,NASA POWER / MERRA-2,0.5 degree latitude x 0.625 degree longitude (~50 km),source-native model grid cell containing city-centre coordinates
Jinan,4,2000,2025,26,14.1578,21.8884,9.8452,54.1096,4.9615,0.3462,0.0385,0.0,1.5,2.0385,0.0,0.0,NASA POWER Daily API,NASA POWER / MERRA-2,0.5 degree latitude x 0.625 degree longitude (~50 km),source-native model grid cell containing city-centre coordinates
Jinan,5,2000,2025,26,20.5894,28.1425,17.8028,53.1681,6.6154,0.6923,0.0,1.3846,0.0,1.3462,0.0,0.0,NASA POWER Daily API,NASA POWER / MERRA-2,0.5 degree latitude x 0.625 degree longitude (~50 km),source-native model grid cell containing city-centre coordinates
Jinan,6,2000,2025,26,25.807,32.6187,25.4185,56.5326,10.4231,1.2308,0.1154,7.5769,0.0,0.1154,0.0,0.0,NASA POWER Daily API,NASA POWER / MERRA-2,0.5 degree latitude x 0.625 degree longitude (~50 km),source-native model grid cell containing city-centre coordinates
Jinan,7,2000,2025,26,27.0899,32.3049,29.4167,72.6714,17.0769,3.2308,0.6923,5.9615,0.0,0.1923,0.0,0.0,NASA POWER Daily API,NASA POWER / MERRA-2,0.5 degree latitude x 0.625 degree longitude (~50 km),source-native model grid cell containing city-centre coordinates
Jinan,8,2000,2025,26,25.3066,30.0744,27.6391,77.8881,15.8846,2.9615,0.4231,1.3077,0.0,0.1538,0.0,0.0,NASA POWER Daily API,NASA POWER / MERRA-2,0.5 degree latitude x 0.625 degree longitude (~50 km),source-native model grid cell containing city-centre coordinates
Jinan,9,2000,2025,26,20.6753,26.489,20.5013,72.1782,8.1154,0.9231,0.1154,0.1154,0.0,0.0769,0.0,0.0,NASA POWER Daily API,NASA POWER / MERRA-2,0.5 degree latitude x 0.625 degree longitude (~50 km),source-native model grid cell containing city-centre coordinates
Jinan,10,2000,2025,26,13.824,20.2948,11.1194,68.1283,4.7308,0.5,0.0769,0.0,0.3462,0.2308,0.0,0.0,NASA POWER Daily API,NASA POWER / MERRA-2,0.5 degree latitude x 0.625 degree longitude (~50 km),source-native model grid cell containing city-centre coordinates
Jinan,11,2000,2025,26,5.7509,12.1533,1.3802,68.5698,4.0385,0.3077,0.0385,0.0,13.6538,0.5385,0.3462,0.0,NASA POWER Daily API,NASA POWER / MERRA-2,0.5 degree latitude x 0.625 degree longitude (~50 km),source-native model grid cell containing city-centre coordinates
Jinan,12,2000,2025,26,-1.0481,4.5754,-6.212,67.3024,2.2692,0.0,0.0,0.0,29.5,0.4615,1.1154,0.0,NASA POWER Daily API,NASA POWER / MERRA-2,0.5 degree latitude x 0.625 degree longitude (~50 km),source-native model grid cell containing city-centre coordinates
Hefei,1,2000,2025,26,2.2535,7.8796,-2.4655,75.0033,6.9615,0.3462,0.0,0.0,23.2308,0.1154,1.0769,0.0,NASA POWER Daily API,NASA POWER / MERRA-2,0.5 degree latitude x 0.625 degree longitude (~50 km),source-native model grid cell containing city-centre coordinates
Hefei,2,2000,2025,26,4.8724,10.6232,0.4353,76.2758,8.6538,0.1538,0.0,0.0,14.3462,0.4231,0.8462,0.0,NASA POWER Daily API,NASA POWER / MERRA-2,0.5 degree latitude x 0.625 degree longitude (~50 km),source-native model grid cell containing city-centre coordinates
Hefei,3,2000,2025,26,10.3994,16.626,6.7368,73.5243,8.0769,0.8846,0.0385,0.0,3.6154,0.9615,0.0,0.0,NASA POWER Daily API,NASA POWER / MERRA-2,0.5 degree latitude x 0.625 degree longitude (~50 km),source-native model grid cell containing city-centre coordinates
Hefei,4,2000,2025,26,16.4816,22.7158,14.1742,71.1904,8.8462,1.0,0.0769,0.0,0.0385,1.1154,0.0,0.0,NASA POWER Daily API,NASA POWER / MERRA-2,0.5 degree latitude x 0.625 degree longitude (~50 km),source-native model grid cell containing city-centre coordinates
Hefei,5,2000,2025,26,21.9134,27.881,21.3371,69.7057,9.7692,1.8077,0.0385,0.6923,0.0,0.4615,0.0,0.0,NASA POWER Daily API,NASA POWER / MERRA-2,0.5 degree latitude x 0.625 degree longitude (~50 km),source-native model grid cell containing city-centre coordinates
Hefei,6,2000,2025,26,25.9458,31.1439,27.6766,73.6235,12.2692,3.0385,0.5,3.4615,0.0,0.1923,0.0,0.0,NASA POWER Daily API,NASA POWER / MERRA-2,0.5 degree latitude x 0.625 degree longitude (~50 km),source-native model grid cell containing city-centre coordinates
Hefei,7,2000,2025,26,28.5102,32.5508,32.3955,81.0128,16.8077,3.4615,0.6154,6.1538,0.0,0.1154,0.0,0.0,NASA POWER Daily API,NASA POWER / MERRA-2,0.5 degree latitude x 0.625 degree longitude (~50 km),source-native model grid cell containing city-centre coordinates
Hefei,8,2000,2025,26,27.9018,32.1616,31.5223,80.0984,15.3846,2.0769,0.1538,5.5385,0.0,0.3462,0.0,0.0,NASA POWER Daily API,NASA POWER / MERRA-2,0.5 degree latitude x 0.625 degree longitude (~50 km),source-native model grid cell containing city-centre coordinates
Hefei,9,2000,2025,26,23.5825,28.8076,24.5534,76.7848,9.6538,1.1154,0.1154,0.5,0.0,0.1154,0.0,0.0,NASA POWER Daily API,NASA POWER / MERRA-2,0.5 degree latitude x 0.625 degree longitude (~50 km),source-native model grid cell containing city-centre coordinates
Hefei,10,2000,2025,26,17.5428,23.5278,16.0055,72.7166,8.0385,0.5,0.0385,0.1154,0.0,0.0769,0.0,0.0,NASA POWER Daily API,NASA POWER / MERRA-2,0.5 degree latitude x 0.625 degree longitude (~50 km),source-native model grid cell containing city-centre coordinates
Hefei,11,2000,2025,26,10.8773,17.0298,7.6018,73.6163,7.1154,0.4231,0.0,0.0,2.7308,0.4615,0.0769,0.0,NASA POWER Daily API,NASA POWER / MERRA-2,0.5 degree latitude x 0.625 degree longitude (~50 km),source-native model grid cell containing city-centre coordinates
Hefei,12,2000,2025,26,3.9222,9.7954,-0.612,73.5856,5.9231,0.1154,0.0,0.0,18.2692,0.3077,0.3077,0.0,NASA POWER Daily API,NASA POWER / MERRA-2,0.5 degree latitude x 0.625 degree longitude (~50 km),source-native model grid cell containing city-centre coordinates
Fuzhou,1,2000,2025,26,9.9842,14.5123,6.675,81.8746,8.1154,0.4615,0.0769,0.0,1.0385,0.0,0.0,0.0,NASA POWER Daily API,NASA POWER / MERRA-2,0.5 degree latitude x 0.625 degree longitude (~50 km),source-native model grid cell containing city-centre coordinates
Fuzhou,2,2000,2025,26,11.2512,15.838,8.3278,83.4985,11.3077,0.5,0.0,0.0,0.1154,0.0,0.0,0.0,NASA POWER Daily API,NASA POWER / MERRA-2,0.5 degree latitude x 0.625 degree longitude (~50 km),source-native model grid cell containing city-centre coordinates
Fuzhou,3,2000,2025,26,14.0937,18.9583,12.1019,82.4961,15.4231,1.4615,0.0385,0.0,0.0385,0.0,0.0,0.0,NASA POWER Daily API,NASA POWER / MERRA-2,0.5 degree latitude x 0.625 degree longitude (~50 km),source-native model grid cell containing city-centre coordinates
Fuzhou,4,2000,2025,26,18.3668,22.9236,17.928,82.9949,16.0769,1.9615,0.0385,0.0,0.0,0.0,0.0,0.0,NASA POWER Daily API,NASA POWER / MERRA-2,0.5 degree latitude x 0.625 degree longitude (~50 km),source-native model grid cell containing city-centre coordinates
Fuzhou,5,2000,2025,26,22.1949,26.1257,23.5543,85.0723,19.1154,3.0769,0.0769,0.0,0.0,0.0385,0.0,0.0,NASA POWER Daily API,NASA POWER / MERRA-2,0.5 degree latitude x 0.625 degree longitude (~50 km),source-native model grid cell containing city-centre coordinates
Fuzhou,6,2000,2025,26,25.5112,28.8181,28.5094,87.1418,20.3077,4.0385,0.4231,0.0,0.0,0.0,0.0,0.0,NASA POWER Daily API,NASA POWER / MERRA-2,0.5 degree latitude x 0.625 degree longitude (~50 km),source-native model grid cell containing city-centre coordinates
Fuzhou,7,2000,2025,26,27.5154,30.9394,31.2852,85.0451,14.6923,2.0769,0.7692,0.3846,0.0,0.8077,0.0,0.0,NASA POWER Daily API,NASA POWER / MERRA-2,0.5 degree latitude x 0.625 degree longitude (~50 km),source-native model grid cell containing city-centre coordinates
Fuzhou,8,2000,2025,26,27.3037,30.5382,31.2097,85.442,19.3462,2.5,0.5385,0.1923,0.0,0.6923,0.0,0.0,NASA POWER Daily API,NASA POWER / MERRA-2,0.5 degree latitude x 0.625 degree longitude (~50 km),source-native model grid cell containing city-centre coordinates
Fuzhou,9,2000,2025,26,25.3617,28.7723,27.8078,84.3514,14.5769,1.2308,0.4231,0.0,0.0,0.9231,0.0,0.0,NASA POWER Daily API,NASA POWER / MERRA-2,0.5 degree latitude x 0.625 degree longitude (~50 km),source-native model grid cell containing city-centre coordinates
Fuzhou,10,2000,2025,26,21.0039,24.7092,20.8244,83.203,7.3846,0.3846,0.0769,0.0,0.0,0.3462,0.0,0.0,NASA POWER Daily API,NASA POWER / MERRA-2,0.5 degree latitude x 0.625 degree longitude (~50 km),source-native model grid cell containing city-centre coordinates
Fuzhou,11,2000,2025,26,16.8052,20.7071,15.2631,83.8595,8.9231,0.5769,0.0769,0.0,0.0,0.1154,0.0,0.0,NASA POWER Daily API,NASA POWER / MERRA-2,0.5 degree latitude x 0.625 degree longitude (~50 km),source-native model grid cell containing city-centre coordinates
Fuzhou,12,2000,2025,26,11.7247,16.0062,8.5665,81.1028,6.9231,0.5,0.0,0.0,0.3462,0.0,0.0,0.0,NASA POWER Daily API,NASA POWER / MERRA-2,0.5 degree latitude x 0.625 degree longitude (~50 km),source-native model grid cell containing city-centre coordinates
Xiamen,1,2000,2025,26,13.0853,17.543,9.1352,76.8256,6.1154,0.3462,0.1538,0.0,0.0385,0.5385,0.0,0.0,NASA POWER Daily API,NASA POWER / MERRA-2,0.5 degree latitude x 0.625 degree longitude (~50 km),source-native model grid cell containing city-centre coordinates
Xiamen,2,2000,2025,26,14.1196,18.5122,10.777,78.9386,8.2692,0.8462,0.0385,0.0,0.0,1.0,0.0,0.0,NASA POWER Daily API,NASA POWER / MERRA-2,0.5 degree latitude x 0.625 degree longitude (~50 km),source-native model grid cell containing city-centre coordinates
Xiamen,3,2000,2025,26,16.6444,20.9308,14.4035,78.9833,13.4615,1.1154,0.0385,0.0,0.0,1.0385,0.0,0.0,NASA POWER Daily API,NASA POWER / MERRA-2,0.5 degree latitude x 0.625 degree longitude (~50 km),source-native model grid cell containing city-centre coordinates
Xiamen,4,2000,2025,26,20.4715,24.3207,19.9913,80.6359,15.0,2.0,0.0769,0.0,0.0,0.5,0.0,0.0,NASA POWER Daily API,NASA POWER / MERRA-2,0.5 degree latitude x 0.625 degree longitude (~50 km),source-native model grid cell containing city-centre coordinates
Xiamen,5,2000,2025,26,23.9089,27.1683,25.337,83.4889,18.0385,2.6923,0.1923,0.0,0.0,0.3077,0.0,0.0,NASA POWER Daily API,NASA POWER / MERRA-2,0.5 degree latitude x 0.625 degree longitude (~50 km),source-native model grid cell containing city-centre coordinates
Xiamen,6,2000,2025,26,26.5983,29.1443,29.6955,87.1959,20.9615,3.0385,0.3462,0.0,0.0,0.2308,0.0,0.0,NASA POWER Daily API,NASA POWER / MERRA-2,0.5 degree latitude x 0.625 degree longitude (~50 km),source-native model grid cell containing city-centre coordinates
Xiamen,7,2000,2025,26,27.9283,30.6539,31.7377,85.2207,15.7308,1.8846,0.6538,0.2692,0.0,1.1538,0.0,0.0,NASA POWER Daily API,NASA POWER / MERRA-2,0.5 degree latitude x 0.625 degree longitude (~50 km),source-native model grid cell containing city-centre coordinates
Xiamen,8,2000,2025,26,27.8115,30.4701,31.7015,84.9372,19.4615,2.7308,0.3846,0.0,0.0,1.0,0.0,0.0,NASA POWER Daily API,NASA POWER / MERRA-2,0.5 degree latitude x 0.625 degree longitude (~50 km),source-native model grid cell containing city-centre coordinates
Xiamen,9,2000,2025,26,26.7058,29.7623,29.0735,81.6008,14.0385,1.7308,0.3846,0.0,0.0,1.5769,0.0,0.0,NASA POWER Daily API,NASA POWER / MERRA-2,0.5 degree latitude x 0.625 degree longitude (~50 km),source-native model grid cell containing city-centre coordinates
Xiamen,10,2000,2025,26,23.2729,26.9735,22.3819,77.727,5.5769,0.4231,0.0769,0.0,0.0,3.0,0.0,0.0,NASA POWER Daily API,NASA POWER / MERRA-2,0.5 degree latitude x 0.625 degree longitude (~50 km),source-native model grid cell containing city-centre coordinates
Xiamen,11,2000,2025,26,19.4541,23.4463,17.1508,77.6757,6.6923,0.6923,0.1154,0.0,0.0,2.1923,0.0,0.0,NASA POWER Daily API,NASA POWER / MERRA-2,0.5 degree latitude x 0.625 degree longitude (~50 km),source-native model grid cell containing city-centre coordinates
Xiamen,12,2000,2025,26,14.7948,19.1035,10.8103,75.6479,5.1154,0.5,0.0769,0.0,0.0,1.6538,0.0,0.0,NASA POWER Daily API,NASA POWER / MERRA-2,0.5 degree latitude x 0.625 degree longitude (~50 km),source-native model grid cell containing city-centre coordinates
Kunming,1,2000,2025,26,7.6833,15.3005,3.4299,74.372,3.2692,0.1154,0.0,0.0,4.5385,0.3462,0.0769,0.0,NASA POWER Daily API,NASA POWER / MERRA-2,0.5 degree latitude x 0.625 degree longitude (~50 km),source-native model grid cell containing city-centre coordinates
Kunming,2,2000,2025,26,10.0327,18.0179,5.4332,66.465,1.9615,0.0,0.0,0.0,1.2308,1.6154,0.0,0.0,NASA POWER Daily API,NASA POWER / MERRA-2,0.5 degree latitude x 0.625 degree longitude (~50 km),source-native model grid cell containing city-centre coordinates
Kunming,3,2000,2025,26,13.4927,21.3321,9.1823,61.356,3.7308,0.0385,0.0,0.0,0.1538,1.3077,0.0,0.0,NASA POWER Daily API,NASA POWER / MERRA-2,0.5 degree latitude x 0.625 degree longitude (~50 km),source-native model grid cell containing city-centre coordinates
Kunming,4,2000,2025,26,16.9173,24.2719,13.433,60.6803,5.8077,0.0769,0.0,0.0,0.0,1.5385,0.0,0.0,NASA POWER Daily API,NASA POWER / MERRA-2,0.5 degree latitude x 0.625 degree longitude (~50 km),source-native model grid cell containing city-centre coordinates
Kunming,5,2000,2025,26,19.3487,25.9879,17.3189,64.8806,12.3846,0.5385,0.0385,0.0,0.0,0.3077,0.0,0.0,NASA POWER Daily API,NASA POWER / MERRA-2,0.5 degree latitude x 0.625 degree longitude (~50 km),source-native model grid cell containing city-centre coordinates
Kunming,6,2000,2025,26,20.7895,26.61,20.1593,73.0478,19.0385,1.4231,0.0,0.0,0.0,0.0,0.0,0.0,NASA POWER Daily API,NASA POWER / MERRA-2,0.5 degree latitude x 0.625 degree longitude (~50 km),source-native model grid cell containing city-centre coordinates
Kunming,7,2000,2025,26,20.7192,26.2964,20.5612,75.4015,21.8077,1.4231,0.0385,0.0,0.0,0.0,0.0,0.0,NASA POWER Daily API,NASA POWER / MERRA-2,0.5 degree latitude x 0.625 degree longitude (~50 km),source-native model grid cell containing city-centre coordinates
Kunming,8,2000,2025,26,20.3785,26.184,20.4497,76.0624,21.6538,1.1923,0.0385,0.0,0.0,0.0385,0.0,0.0,NASA POWER Daily API,NASA POWER / MERRA-2,0.5 degree latitude x 0.625 degree longitude (~50 km),source-native model grid cell containing city-centre coordinates
Kunming,9,2000,2025,26,18.8229,24.8256,18.3104,76.9349,15.6923,0.8462,0.0,0.0,0.0,0.0385,0.0,0.0,NASA POWER Daily API,NASA POWER / MERRA-2,0.5 degree latitude x 0.625 degree longitude (~50 km),source-native model grid cell containing city-centre coordinates
Kunming,10,2000,2025,26,15.9243,22.1096,14.4164,78.2046,11.8462,0.2692,0.0385,0.0,0.0,0.0,0.0,0.0,NASA POWER Daily API,NASA POWER / MERRA-2,0.5 degree latitude x 0.625 degree longitude (~50 km),source-native model grid cell containing city-centre coordinates
Kunming,11,2000,2025,26,11.7734,18.8147,8.9727,76.5175,4.4615,0.1538,0.0,0.0,0.2692,0.0,0.0,0.0,NASA POWER Daily API,NASA POWER / MERRA-2,0.5 degree latitude x 0.625 degree longitude (~50 km),source-native model grid cell containing city-centre coordinates
Kunming,12,2000,2025,26,8.3516,15.5487,4.718,78.2545,2.8846,0.0,0.0,0.0,3.2692,0.0385,0.0385,0.0,NASA POWER Daily API,NASA POWER / MERRA-2,0.5 degree latitude x 0.625 degree longitude (~50 km),source-native model grid cell containing city-centre coordinates
Guiyang,1,2000,2025,26,4.2486,9.6603,0.0071,83.9959,7.3462,0.0769,0.0,0.0,15.7692,0.5,1.0385,0.0,NASA POWER Daily API,NASA POWER / MERRA-2,0.5 degree latitude x 0.625 degree longitude (~50 km),source-native model grid cell containing city-centre coordinates
Guiyang,2,2000,2025,26,7.0307,12.9927,2.86,81.8057,7.3077,0.0,0.0,0.0,8.8077,1.5385,0.2308,0.0,NASA POWER Daily API,NASA POWER / MERRA-2,0.5 degree latitude x 0.625 degree longitude (~50 km),source-native model grid cell containing city-centre coordinates
Guiyang,3,2000,2025,26,11.6538,17.8312,8.2208,79.3039,12.2308,0.1154,0.0,0.0,1.5385,1.5,0.0,0.0,NASA POWER Daily API,NASA POWER / MERRA-2,0.5 degree latitude x 0.625 degree longitude (~50 km),source-native model grid cell containing city-centre coordinates
Guiyang,4,2000,2025,26,16.2307,22.3446,13.8739,77.3344,16.5,0.4231,0.0,0.0,0.0,1.5,0.0,0.0,NASA POWER Daily API,NASA POWER / MERRA-2,0.5 degree latitude x 0.625 degree longitude (~50 km),source-native model grid cell containing city-centre coordinates
Guiyang,5,2000,2025,26,19.2768,24.6695,18.2934,79.9447,20.5,2.0385,0.1154,0.0,0.0,0.5769,0.0,0.0,NASA POWER Daily API,NASA POWER / MERRA-2,0.5 degree latitude x 0.625 degree longitude (~50 km),source-native model grid cell containing city-centre coordinates
Guiyang,6,2000,2025,26,21.4865,25.9368,21.9736,84.6169,21.5385,3.9231,0.1923,0.0,0.0,0.0385,0.0,0.0,NASA POWER Daily API,NASA POWER / MERRA-2,0.5 degree latitude x 0.625 degree longitude (~50 km),source-native model grid cell containing city-centre coordinates
Guiyang,7,2000,2025,26,22.7626,26.9539,23.5372,84.8828,17.1154,2.0769,0.1923,0.0,0.0,0.1538,0.0,0.0,NASA POWER Daily API,NASA POWER / MERRA-2,0.5 degree latitude x 0.625 degree longitude (~50 km),source-native model grid cell containing city-centre coordinates
Guiyang,8,2000,2025,26,22.3325,26.916,23.4282,84.361,17.0769,1.5385,0.0,0.0,0.0,0.0385,0.0,0.0,NASA POWER Daily API,NASA POWER / MERRA-2,0.5 degree latitude x 0.625 degree longitude (~50 km),source-native model grid cell containing city-centre coordinates
Guiyang,9,2000,2025,26,19.8693,24.9906,19.8419,83.6522,12.5769,1.2692,0.0385,0.0,0.0,0.0385,0.0,0.0,NASA POWER Daily API,NASA POWER / MERRA-2,0.5 degree latitude x 0.625 degree longitude (~50 km),source-native model grid cell containing city-centre coordinates
Guiyang,10,2000,2025,26,15.4415,20.5683,13.9202,83.9707,14.5385,0.4615,0.0385,0.0,0.0,0.0769,0.0,0.0,NASA POWER Daily API,NASA POWER / MERRA-2,0.5 degree latitude x 0.625 degree longitude (~50 km),source-native model grid cell containing city-centre coordinates
Guiyang,11,2000,2025,26,10.8264,16.4474,7.9433,82.9289,7.9615,0.2308,0.0,0.0,0.6923,0.2692,0.0,0.0,NASA POWER Daily API,NASA POWER / MERRA-2,0.5 degree latitude x 0.625 degree longitude (~50 km),source-native model grid cell containing city-centre coordinates
Guiyang,12,2000,2025,26,5.3297,10.763,1.367,82.961,5.7308,0.0769,0.0,0.0,11.3077,0.1923,0.4615,0.0,NASA POWER Daily API,NASA POWER / MERRA-2,0.5 degree latitude x 0.625 degree longitude (~50 km),source-native model grid cell containing city-centre coordinates
Nanning,1,2000,2025,26,12.6291,18.8515,9.5086,72.2486,6.9615,0.3462,0.0,0.0,0.5,0.1154,0.0,0.0,NASA POWER Daily API,NASA POWER / MERRA-2,0.5 degree latitude x 0.625 degree longitude (~50 km),source-native model grid cell containing city-centre coordinates
Nanning,2,2000,2025,26,15.4961,22.0229,13.0367,73.3148,7.2692,0.2692,0.0385,0.0,0.2308,0.1538,0.0,0.0,NASA POWER Daily API,NASA POWER / MERRA-2,0.5 degree latitude x 0.625 degree longitude (~50 km),source-native model grid cell containing city-centre coordinates
Nanning,3,2000,2025,26,19.6746,26.2183,18.3931,72.9654,11.5,0.3077,0.0,0.7308,0.0,0.4615,0.0,0.0,NASA POWER Daily API,NASA POWER / MERRA-2,0.5 degree latitude x 0.625 degree longitude (~50 km),source-native model grid cell containing city-centre coordinates
Nanning,4,2000,2025,26,24.0489,30.5713,24.2782,71.4882,13.3462,0.7692,0.0385,4.5385,0.0,0.4615,0.0,0.0,NASA POWER Daily API,NASA POWER / MERRA-2,0.5 degree latitude x 0.625 degree longitude (~50 km),source-native model grid cell containing city-centre coordinates
Nanning,5,2000,2025,26,26.399,31.653,28.6335,77.249,19.9231,2.2692,0.1538,3.9231,0.0,0.0385,0.0,0.0,NASA POWER Daily API,NASA POWER / MERRA-2,0.5 degree latitude x 0.625 degree longitude (~50 km),source-native model grid cell containing city-centre coordinates
Nanning,6,2000,2025,26,27.4391,31.2194,31.411,85.5127,23.8077,3.3462,0.1923,1.1154,0.0,0.0,0.0,0.0,NASA POWER Daily API,NASA POWER / MERRA-2,0.5 degree latitude x 0.625 degree longitude (~50 km),source-native model grid cell containing city-centre coordinates
Nanning,7,2000,2025,26,27.7323,31.3387,32.0129,86.4081,22.1538,3.3077,0.4231,0.5769,0.0,0.2308,0.0,0.0,NASA POWER Daily API,NASA POWER / MERRA-2,0.5 degree latitude x 0.625 degree longitude (~50 km),source-native model grid cell containing city-centre coordinates
Nanning,8,2000,2025,26,27.4263,31.0669,31.8613,86.1564,22.6923,2.6923,0.3077,0.1154,0.0,0.4231,0.0,0.0,NASA POWER Daily API,NASA POWER / MERRA-2,0.5 degree latitude x 0.625 degree longitude (~50 km),source-native model grid cell containing city-centre coordinates
Nanning,9,2000,2025,26,26.0529,30.4122,29.1347,82.9521,15.6154,1.5,0.2308,0.3077,0.0,0.4231,0.0,0.0,NASA POWER Daily API,NASA POWER / MERRA-2,0.5 degree latitude x 0.625 degree longitude (~50 km),source-native model grid cell containing city-centre coordinates
Nanning,10,2000,2025,26,22.5617,27.8541,23.2245,77.9709,9.0769,0.9615,0.2308,0.0,0.0,0.4231,0.0,0.0,NASA POWER Daily API,NASA POWER / MERRA-2,0.5 degree latitude x 0.625 degree longitude (~50 km),source-native model grid cell containing city-centre coordinates
Nanning,11,2000,2025,26,18.4816,24.5775,17.3637,74.5741,7.7692,0.2692,0.0385,0.0,0.0,0.1154,0.0,0.0,NASA POWER Daily API,NASA POWER / MERRA-2,0.5 degree latitude x 0.625 degree longitude (~50 km),source-native model grid cell containing city-centre coordinates
Nanning,12,2000,2025,26,13.5125,19.8768,10.4587,69.5457,5.0,0.1538,0.0,0.0,0.2308,0.3077,0.0385,0.0,NASA POWER Daily API,NASA POWER / MERRA-2,0.5 degree latitude x 0.625 degree longitude (~50 km),source-native model grid cell containing city-centre coordinates
Haikou,1,2000,2025,26,18.5186,21.5479,16.8539,81.7517,6.1923,0.1154,0.0,0.0,0.0,0.2308,0.0,0.0,NASA POWER Daily API,NASA POWER / MERRA-2,0.5 degree latitude x 0.625 degree longitude (~50 km),source-native model grid cell containing city-centre coordinates
Haikou,2,2000,2025,26,19.9179,23.5815,19.0405,81.9235,5.3077,0.1538,0.0,0.0,0.0,0.0385,0.0,0.0,NASA POWER Daily API,NASA POWER / MERRA-2,0.5 degree latitude x 0.625 degree longitude (~50 km),source-native model grid cell containing city-centre coordinates
Haikou,3,2000,2025,26,22.8032,26.9283,23.1489,80.0478,7.1923,0.1923,0.0,0.0769,0.0,0.3077,0.0,0.0,NASA POWER Daily API,NASA POWER / MERRA-2,0.5 degree latitude x 0.625 degree longitude (~50 km),source-native model grid cell containing city-centre coordinates
Haikou,4,2000,2025,26,25.8942,29.9971,27.7604,78.4266,12.1154,0.6154,0.0,1.4615,0.0,0.2692,0.0,0.0,NASA POWER Daily API,NASA POWER / MERRA-2,0.5 degree latitude x 0.625 degree longitude (~50 km),source-native model grid cell containing city-centre coordinates
Haikou,5,2000,2025,26,27.8964,30.9571,31.487,81.8153,21.7692,1.8846,0.1538,1.2692,0.0,0.0385,0.0,0.0,NASA POWER Daily API,NASA POWER / MERRA-2,0.5 degree latitude x 0.625 degree longitude (~50 km),source-native model grid cell containing city-centre coordinates
Haikou,6,2000,2025,26,28.7137,31.0004,32.985,84.4217,23.8462,1.9231,0.2308,0.3462,0.0,0.3462,0.0,0.0,NASA POWER Daily API,NASA POWER / MERRA-2,0.5 degree latitude x 0.625 degree longitude (~50 km),source-native model grid cell containing city-centre coordinates
Haikou,7,2000,2025,26,28.7679,30.8836,32.7994,84.2719,24.5769,2.9615,0.5385,0.3462,0.0,1.1923,0.0,0.0,NASA POWER Daily API,NASA POWER / MERRA-2,0.5 degree latitude x 0.625 degree longitude (~50 km),source-native model grid cell containing city-centre coordinates
Haikou,8,2000,2025,26,28.5186,30.3553,32.7444,85.0464,26.0,3.5,0.8846,0.0,0.0,1.3846,0.0,0.0,NASA POWER Daily API,NASA POWER / MERRA-2,0.5 degree latitude x 0.625 degree longitude (~50 km),source-native model grid cell containing city-centre coordinates
Haikou,9,2000,2025,26,27.7886,29.7346,31.2937,84.6055,22.0769,3.8462,0.6923,0.0,0.0,1.3077,0.0,0.0,NASA POWER Daily API,NASA POWER / MERRA-2,0.5 degree latitude x 0.625 degree longitude (~50 km),source-native model grid cell containing city-centre coordinates
Haikou,10,2000,2025,26,25.8849,27.9841,27.3035,83.1022,16.1538,4.2692,1.5,0.0,0.0,2.1538,0.0,0.0,NASA POWER Daily API,NASA POWER / MERRA-2,0.5 degree latitude x 0.625 degree longitude (~50 km),source-native model grid cell containing city-centre coordinates
Haikou,11,2000,2025,26,23.2196,25.6214,23.2328,82.2421,10.1923,0.8462,0.1538,0.0,0.0,0.5,0.0,0.0,NASA POWER Daily API,NASA POWER / MERRA-2,0.5 degree latitude x 0.625 degree longitude (~50 km),source-native model grid cell containing city-centre coordinates
Haikou,12,2000,2025,26,19.6875,22.2903,17.9233,80.2446,6.2692,0.3077,0.0385,0.0,0.0,0.6538,0.0,0.0,NASA POWER Daily API,NASA POWER / MERRA-2,0.5 degree latitude x 0.625 degree longitude (~50 km),source-native model grid cell containing city-centre coordinates
Sanya,1,2000,2025,26,19.1083,24.6685,19.443,80.9636,4.9615,0.0385,0.0,0.0,0.0,0.0,0.0,0.0,NASA POWER Daily API,NASA POWER / MERRA-2,0.5 degree latitude x 0.625 degree longitude (~50 km),source-native model grid cell containing city-centre coordinates
Sanya,2,2000,2025,26,20.8319,26.9282,21.7085,78.9965,3.5769,0.0385,0.0,0.0,0.0,0.0,0.0,0.0,NASA POWER Daily API,NASA POWER / MERRA-2,0.5 degree latitude x 0.625 degree longitude (~50 km),source-native model grid cell containing city-centre coordinates
Sanya,3,2000,2025,26,23.4279,29.469,25.2264,77.8007,6.1923,0.1923,0.0,0.0,0.0,0.0,0.0,0.0,NASA POWER Daily API,NASA POWER / MERRA-2,0.5 degree latitude x 0.625 degree longitude (~50 km),source-native model grid cell containing city-centre coordinates
Sanya,4,2000,2025,26,25.9254,31.39,28.9413,77.96,9.8077,1.0,0.0,0.3077,0.0,0.0,0.0,0.0,NASA POWER Daily API,NASA POWER / MERRA-2,0.5 degree latitude x 0.625 degree longitude (~50 km),source-native model grid cell containing city-centre coordinates
Sanya,5,2000,2025,26,27.0609,31.2267,31.3168,82.2314,19.3846,1.8462,0.0769,0.2692,0.0,0.0,0.0,0.0,NASA POWER Daily API,NASA POWER / MERRA-2,0.5 degree latitude x 0.625 degree longitude (~50 km),source-native model grid cell containing city-centre coordinates
Sanya,6,2000,2025,26,27.0474,30.0418,31.7355,86.7918,19.5385,2.1923,0.4615,0.1923,0.0,0.0385,0.0,0.0,NASA POWER Daily API,NASA POWER / MERRA-2,0.5 degree latitude x 0.625 degree longitude (~50 km),source-native model grid cell containing city-centre coordinates
Sanya,7,2000,2025,26,26.7367,29.6382,31.354,87.8182,21.1538,3.8846,0.8462,0.1538,0.0,0.0,0.0,0.0,NASA POWER Daily API,NASA POWER / MERRA-2,0.5 degree latitude x 0.625 degree longitude (~50 km),source-native model grid cell containing city-centre coordinates
Sanya,8,2000,2025,26,26.6561,29.5972,31.3539,88.2418,22.6923,3.4615,0.8077,0.1154,0.0,0.0385,0.0,0.0,NASA POWER Daily API,NASA POWER / MERRA-2,0.5 degree latitude x 0.625 degree longitude (~50 km),source-native model grid cell containing city-centre coordinates
Sanya,9,2000,2025,26,26.2638,29.7536,30.6475,87.1005,22.2308,5.0,1.0385,0.1538,0.0,0.0,0.0,0.0,NASA POWER Daily API,NASA POWER / MERRA-2,0.5 degree latitude x 0.625 degree longitude (~50 km),source-native model grid cell containing city-centre coordinates
Sanya,10,2000,2025,26,24.4374,28.2531,27.5196,87.1832,18.6154,6.3462,2.4615,0.0385,0.0,0.0385,0.0,0.0,NASA POWER Daily API,NASA POWER / MERRA-2,0.5 degree latitude x 0.625 degree longitude (~50 km),source-native model grid cell containing city-centre coordinates
Sanya,11,2000,2025,26,22.3193,26.7372,24.2213,85.8809,10.7692,1.1923,0.5385,0.0,0.0,0.0385,0.0,0.0,NASA POWER Daily API,NASA POWER / MERRA-2,0.5 degree latitude x 0.625 degree longitude (~50 km),source-native model grid cell containing city-centre coordinates
Sanya,12,2000,2025,26,19.5251,24.4448,20.0164,83.1045,5.5385,0.3077,0.0385,0.0,0.0,0.0,0.0,0.0,NASA POWER Daily API,NASA POWER / MERRA-2,0.5 degree latitude x 0.625 degree longitude (~50 km),source-native model grid cell containing city-centre coordinates
Harbin,1,2000,2025,26,-18.8936,-13.3155,-25.1488,87.8384,1.3077,0.0,0.0,0.0,31.0,0.1154,1.3077,0.0,NASA POWER Daily API,NASA POWER / MERRA-2,0.5 degree latitude x 0.625 degree longitude (~50 km),source-native model grid cell containing city-centre coordinates
Harbin,2,2000,2025,26,-14.1871,-7.8288,-20.5451,83.3309,1.4231,0.0,0.0,0.0,28.2692,0.6154,1.4231,0.0,NASA POWER Daily API,NASA POWER / MERRA-2,0.5 degree latitude x 0.625 degree longitude (~50 km),source-native model grid cell containing city-centre coordinates
Harbin,3,2000,2025,26,-3.4567,2.5842,-9.7629,67.7205,3.2308,0.0,0.0,0.0,30.4231,2.7692,2.0769,0.0,NASA POWER Daily API,NASA POWER / MERRA-2,0.5 degree latitude x 0.625 degree longitude (~50 km),source-native model grid cell containing city-centre coordinates
Harbin,4,2000,2025,26,6.6575,13.4419,0.6982,56.0849,4.8846,0.0,0.0,0.0,16.5769,4.9231,0.3077,0.0,NASA POWER Daily API,NASA POWER / MERRA-2,0.5 degree latitude x 0.625 degree longitude (~50 km),source-native model grid cell containing city-centre coordinates
Harbin,5,2000,2025,26,14.8141,21.5196,10.4181,56.636,9.4615,0.2692,0.0,0.0769,0.2308,3.7308,0.0,0.0,NASA POWER Daily API,NASA POWER / MERRA-2,0.5 degree latitude x 0.625 degree longitude (~50 km),source-native model grid cell containing city-centre coordinates
Harbin,6,2000,2025,26,21.0179,27.1036,19.4522,63.787,15.1154,0.7308,0.0,1.0385,0.0,0.4615,0.0,0.0,NASA POWER Daily API,NASA POWER / MERRA-2,0.5 degree latitude x 0.625 degree longitude (~50 km),source-native model grid cell containing city-centre coordinates
Harbin,7,2000,2025,26,23.889,29.187,24.3584,71.6181,17.0,1.4615,0.0769,1.2692,0.0,0.2308,0.0,0.0,NASA POWER Daily API,NASA POWER / MERRA-2,0.5 degree latitude x 0.625 degree longitude (~50 km),source-native model grid cell containing city-centre coordinates
Harbin,8,2000,2025,26,21.7602,27.0777,21.7274,73.7403,13.9615,1.3077,0.1154,0.1154,0.0,0.1154,0.0,0.0,NASA POWER Daily API,NASA POWER / MERRA-2,0.5 degree latitude x 0.625 degree longitude (~50 km),source-native model grid cell containing city-centre coordinates
Harbin,9,2000,2025,26,15.4383,22.0452,12.6953,68.2754,7.8462,0.1154,0.0769,0.0,0.3077,0.5769,0.0,0.0,NASA POWER Daily API,NASA POWER / MERRA-2,0.5 degree latitude x 0.625 degree longitude (~50 km),source-native model grid cell containing city-centre coordinates
Harbin,10,2000,2025,26,5.3241,11.8737,0.3541,67.7178,4.6154,0.0385,0.0,0.0,17.1538,1.0385,0.1923,0.0,NASA POWER Daily API,NASA POWER / MERRA-2,0.5 degree latitude x 0.625 degree longitude (~50 km),source-native model grid cell containing city-centre coordinates
Harbin,11,2000,2025,26,-5.9349,-1.0259,-11.9465,75.3851,3.5,0.0769,0.0,0.0,29.5385,0.7308,2.6923,0.0,NASA POWER Daily API,NASA POWER / MERRA-2,0.5 degree latitude x 0.625 degree longitude (~50 km),source-native model grid cell containing city-centre coordinates
Harbin,12,2000,2025,26,-16.7355,-11.7276,-23.1142,85.3806,2.0769,0.0,0.0,0.0,31.0,0.3077,2.0769,0.0,NASA POWER Daily API,NASA POWER / MERRA-2,0.5 degree latitude x 0.625 degree longitude (~50 km),source-native model grid cell containing city-centre coordinates
Changchun,1,2000,2025,26,-16.3317,-10.5075,-22.6402,85.7876,2.0385,0.0,0.0,0.0,31.0,0.7692,2.0385,0.0,NASA POWER Daily API,NASA POWER / MERRA-2,0.5 degree latitude x 0.625 degree longitude (~50 km),source-native model grid cell containing city-centre coordinates
Changchun,2,2000,2025,26,-11.5633,-5.3647,-18.0917,78.5601,2.1154,0.0,0.0,0.0,28.2692,2.1538,2.0385,0.0,NASA POWER Daily API,NASA POWER / MERRA-2,0.5 degree latitude x 0.625 degree longitude (~50 km),source-native model grid cell containing city-centre coordinates
Changchun,3,2000,2025,26,-1.9454,4.1174,-8.3844,64.6102,3.4615,0.0,0.0,0.0,29.8077,4.9231,1.9615,0.0,NASA POWER Daily API,NASA POWER / MERRA-2,0.5 degree latitude x 0.625 degree longitude (~50 km),source-native model grid cell containing city-centre coordinates
Changchun,4,2000,2025,26,7.3757,14.3813,1.3494,55.9959,5.3077,0.0769,0.0,0.0,15.2692,6.6923,0.3077,0.0,NASA POWER Daily API,NASA POWER / MERRA-2,0.5 degree latitude x 0.625 degree longitude (~50 km),source-native model grid cell containing city-centre coordinates
Changchun,5,2000,2025,26,15.0982,21.9443,10.7161,58.1982,9.9615,0.4615,0.0769,0.0385,0.2308,5.0769,0.0,0.0,NASA POWER Daily API,NASA POWER / MERRA-2,0.5 degree latitude x 0.625 degree longitude (~50 km),source-native model grid cell containing city-centre coordinates
Changchun,6,2000,2025,26,20.6959,26.664,19.2125,66.8088,15.7692,0.8846,0.0385,0.6154,0.0,0.7308,0.0,0.0,NASA POWER Daily API,NASA POWER / MERRA-2,0.5 degree latitude x 0.625 degree longitude (~50 km),source-native model grid cell containing city-centre coordinates
Changchun,7,2000,2025,26,23.74,28.8072,24.366,74.8354,17.3462,1.8846,0.1923,0.6154,0.0,0.4615,0.0,0.0,NASA POWER Daily API,NASA POWER / MERRA-2,0.5 degree latitude x 0.625 degree longitude (~50 km),source-native model grid cell containing city-centre coordinates
Changchun,8,2000,2025,26,22.0306,27.0997,22.3619,76.6838,14.6538,2.2308,0.2308,0.0769,0.0,0.3462,0.0,0.0,NASA POWER Daily API,NASA POWER / MERRA-2,0.5 degree latitude x 0.625 degree longitude (~50 km),source-native model grid cell containing city-centre coordinates
Changchun,9,2000,2025,26,16.1249,22.5552,13.7481,69.855,8.3462,0.4231,0.0769,0.0,0.3077,0.5769,0.0,0.0,NASA POWER Daily API,NASA POWER / MERRA-2,0.5 degree latitude x 0.625 degree longitude (~50 km),source-native model grid cell containing city-centre coordinates
Changchun,10,2000,2025,26,6.6023,13.3124,1.7602,68.2321,5.6538,0.0769,0.0,0.0,14.2692,1.6538,0.3077,0.0,NASA POWER Daily API,NASA POWER / MERRA-2,0.5 degree latitude x 0.625 degree longitude (~50 km),source-native model grid cell containing city-centre coordinates
Changchun,11,2000,2025,26,-4.1138,1.1676,-10.1849,75.0227,4.9615,0.1154,0.0,0.0,28.4615,1.6923,3.5769,0.0,NASA POWER Daily API,NASA POWER / MERRA-2,0.5 degree latitude x 0.625 degree longitude (~50 km),source-native model grid cell containing city-centre coordinates
Changchun,12,2000,2025,26,-14.0398,-8.6959,-20.5399,82.7873,2.5,0.0,0.0,0.0,30.9615,0.8462,2.5,0.0,NASA POWER Daily API,NASA POWER / MERRA-2,0.5 degree latitude x 0.625 degree longitude (~50 km),source-native model grid cell containing city-centre coordinates
Shenyang,1,2000,2025,26,-12.3116,-6.2874,-18.4117,75.1677,1.5,0.0,0.0,0.0,31.0,0.5769,1.5,0.0,NASA POWER Daily API,NASA POWER / MERRA-2,0.5 degree latitude x 0.625 degree longitude (~50 km),source-native model grid cell containing city-centre coordinates
Shenyang,2,2000,2025,26,-7.4689,-1.1622,-13.8063,67.8555,2.1538,0.0,0.0,0.0,28.2308,1.9231,1.7692,0.0,NASA POWER Daily API,NASA POWER / MERRA-2,0.5 degree latitude x 0.625 degree longitude (~50 km),source-native model grid cell containing city-centre coordinates
Shenyang,3,2000,2025,26,0.8902,7.8293,-5.3797,58.3921,2.9615,0.0385,0.0,0.0,28.3077,4.4231,0.7692,0.0,NASA POWER Daily API,NASA POWER / MERRA-2,0.5 degree latitude x 0.625 degree longitude (~50 km),source-native model grid cell containing city-centre coordinates
Shenyang,4,2000,2025,26,9.2423,17.0589,3.5787,55.1177,5.5385,0.2692,0.0385,0.0,9.9615,5.9615,0.0,0.0,NASA POWER Daily API,NASA POWER / MERRA-2,0.5 degree latitude x 0.625 degree longitude (~50 km),source-native model grid cell containing city-centre coordinates
Shenyang,5,2000,2025,26,16.949,24.6061,12.9054,56.192,8.5769,0.5385,0.0769,0.3077,0.0,4.4615,0.0,0.0,NASA POWER Daily API,NASA POWER / MERRA-2,0.5 degree latitude x 0.625 degree longitude (~50 km),source-native model grid cell containing city-centre coordinates
Shenyang,6,2000,2025,26,22.3407,28.8585,21.0963,64.4603,13.3462,0.9231,0.0385,1.7692,0.0,0.8077,0.0,0.0,NASA POWER Daily API,NASA POWER / MERRA-2,0.5 degree latitude x 0.625 degree longitude (~50 km),source-native model grid cell containing city-centre coordinates
Shenyang,7,2000,2025,26,25.3671,30.8097,26.4083,72.7215,14.8846,2.1538,0.3462,2.4231,0.0,0.3077,0.0,0.0,NASA POWER Daily API,NASA POWER / MERRA-2,0.5 degree latitude x 0.625 degree longitude (~50 km),source-native model grid cell containing city-centre coordinates
Shenyang,8,2000,2025,26,23.811,29.0565,24.8205,75.445,13.9231,2.2692,0.2692,0.6538,0.0,0.1154,0.0,0.0,NASA POWER Daily API,NASA POWER / MERRA-2,0.5 degree latitude x 0.625 degree longitude (~50 km),source-native model grid cell containing city-centre coordinates
Shenyang,9,2000,2025,26,18.251,24.9253,16.4935,68.2119,7.9231,0.4231,0.0,0.0385,0.0385,0.2692,0.0,0.0,NASA POWER Daily API,NASA POWER / MERRA-2,0.5 degree latitude x 0.625 degree longitude (~50 km),source-native model grid cell containing city-centre coordinates
Shenyang,10,2000,2025,26,9.1628,16.1945,4.8307,65.9929,6.0769,0.3077,0.0385,0.0,8.6538,0.9615,0.0769,0.0,NASA POWER Daily API,NASA POWER / MERRA-2,0.5 degree latitude x 0.625 degree longitude (~50 km),source-native model grid cell containing city-centre coordinates
Shenyang,11,2000,2025,26,-0.8896,4.8164,-6.52,69.3176,4.7308,0.1923,0.0,0.0,26.1923,1.1154,2.5385,0.0,NASA POWER Daily API,NASA POWER / MERRA-2,0.5 degree latitude x 0.625 degree longitude (~50 km),source-native model grid cell containing city-centre coordinates
Shenyang,12,2000,2025,26,-9.8093,-4.3839,-15.9582,72.2843,2.0,0.0,0.0,0.0,30.8846,0.4231,1.8462,0.0,NASA POWER Daily API,NASA POWER / MERRA-2,0.5 degree latitude x 0.625 degree longitude (~50 km),source-native model grid cell containing city-centre coordinates
Hohhot,1,2000,2025,26,-13.2266,-6.5879,-19.4969,70.2586,0.7692,0.0,0.0,0.0,31.0,2.1923,0.7692,0.0,NASA POWER Daily API,NASA POWER / MERRA-2,0.5 degree latitude x 0.625 degree longitude (~50 km),source-native model grid cell containing city-centre coordinates
Hohhot,2,2000,2025,26,-9.107,-2.1612,-15.5249,60.5302,1.3462,0.0,0.0,0.0,28.2692,2.3846,1.3462,0.0,NASA POWER Daily API,NASA POWER / MERRA-2,0.5 degree latitude x 0.625 degree longitude (~50 km),source-native model grid cell containing city-centre coordinates
Hohhot,3,2000,2025,26,-1.5298,5.5833,-8.1552,47.2549,2.2308,0.0,0.0,0.0,30.2308,5.4231,1.5385,0.0,NASA POWER Daily API,NASA POWER / MERRA-2,0.5 degree latitude x 0.625 degree longitude (~50 km),source-native model grid cell containing city-centre coordinates
Hohhot,4,2000,2025,26,5.9269,13.8409,-0.5729,41.9564,3.3077,0.0769,0.0,0.0,20.3462,6.5,0.4231,0.0,NASA POWER Daily API,NASA POWER / MERRA-2,0.5 degree latitude x 0.625 degree longitude (~50 km),source-native model grid cell containing city-centre coordinates
Hohhot,5,2000,2025,26,12.8522,20.7708,7.2138,40.8487,5.6538,0.2308,0.0385,0.0,4.1538,5.6923,0.0,0.0,NASA POWER Daily API,NASA POWER / MERRA-2,0.5 degree latitude x 0.625 degree longitude (~50 km),source-native model grid cell containing city-centre coordinates
Hohhot,6,2000,2025,26,18.459,25.7778,14.9475,47.3743,8.6923,0.2308,0.0385,0.1154,0.0,1.1154,0.0,0.0,NASA POWER Daily API,NASA POWER / MERRA-2,0.5 degree latitude x 0.625 degree longitude (~50 km),source-native model grid cell containing city-centre coordinates
Hohhot,7,2000,2025,26,21.1153,27.9697,19.3012,56.0097,12.9615,1.0769,0.1154,0.1923,0.0,0.1538,0.0,0.0,NASA POWER Daily API,NASA POWER / MERRA-2,0.5 degree latitude x 0.625 degree longitude (~50 km),source-native model grid cell containing city-centre coordinates
Hohhot,8,2000,2025,26,18.954,25.7324,17.0083,59.777,11.5769,0.8077,0.0,0.0,0.0,0.1923,0.0,0.0,NASA POWER Daily API,NASA POWER / MERRA-2,0.5 degree latitude x 0.625 degree longitude (~50 km),source-native model grid cell containing city-centre coordinates
Hohhot,9,2000,2025,26,13.0184,20.0686,9.4937,59.3953,8.5385,0.5,0.0385,0.0,1.5769,0.5769,0.0,0.0,NASA POWER Daily API,NASA POWER / MERRA-2,0.5 degree latitude x 0.625 degree longitude (~50 km),source-native model grid cell containing city-centre coordinates
Hohhot,10,2000,2025,26,4.6374,11.7321,-0.378,59.1374,4.0,0.0769,0.0,0.0,19.6923,1.4231,0.3077,0.0,NASA POWER Daily API,NASA POWER / MERRA-2,0.5 degree latitude x 0.625 degree longitude (~50 km),source-native model grid cell containing city-centre coordinates
Hohhot,11,2000,2025,26,-4.2802,1.9285,-10.1876,63.5058,1.9615,0.0385,0.0,0.0,29.5,2.2308,1.1154,0.0,NASA POWER Daily API,NASA POWER / MERRA-2,0.5 degree latitude x 0.625 degree longitude (~50 km),source-native model grid cell containing city-centre coordinates
Hohhot,12,2000,2025,26,-12.2205,-5.9162,-18.559,70.6192,0.7692,0.0,0.0,0.0,31.0,2.4231,0.7692,0.0,NASA POWER Daily API,NASA POWER / MERRA-2,0.5 degree latitude x 0.625 degree longitude (~50 km),source-native model grid cell containing city-centre coordinates
Urumqi,1,2000,2025,26,-6.5324,-1.3169,-11.3404,63.2123,3.1923,0.0,0.0,0.0,30.6538,0.2692,3.1538,0.0,NASA POWER Daily API,NASA POWER / MERRA-2,0.5 degree latitude x 0.625 degree longitude (~50 km),source-native model grid cell containing city-centre coordinates
Urumqi,2,2000,2025,26,-3.1913,2.3422,-7.9229,59.3629,2.9615,0.0,0.0,0.0,27.4615,0.2692,2.6154,0.0,NASA POWER Daily API,NASA POWER / MERRA-2,0.5 degree latitude x 0.625 degree longitude (~50 km),source-native model grid cell containing city-centre coordinates
Urumqi,3,2000,2025,26,4.6399,11.5053,-0.0984,48.7538,3.6154,0.0385,0.0,0.0,17.4615,0.7692,1.0,0.0,NASA POWER Daily API,NASA POWER / MERRA-2,0.5 degree latitude x 0.625 degree longitude (~50 km),source-native model grid cell containing city-centre coordinates
Urumqi,4,2000,2025,26,12.6119,19.5418,8.1729,42.8583,5.1923,0.0385,0.0,0.0385,3.7308,1.2308,0.1923,0.0,NASA POWER Daily API,NASA POWER / MERRA-2,0.5 degree latitude x 0.625 degree longitude (~50 km),source-native model grid cell containing city-centre coordinates
Urumqi,5,2000,2025,26,18.9465,25.654,15.1943,38.8734,5.7692,0.1923,0.0,1.0385,0.0,1.0769,0.0,0.0,NASA POWER Daily API,NASA POWER / MERRA-2,0.5 degree latitude x 0.625 degree longitude (~50 km),source-native model grid cell containing city-centre coordinates
Urumqi,6,2000,2025,26,24.4823,30.9913,21.723,37.243,6.1154,0.1154,0.0,5.7308,0.0,0.7308,0.0,0.0,NASA POWER Daily API,NASA POWER / MERRA-2,0.5 degree latitude x 0.625 degree longitude (~50 km),source-native model grid cell containing city-centre coordinates
Urumqi,7,2000,2025,26,26.8061,33.4136,24.5138,35.7506,5.9615,0.2692,0.0,11.5385,0.0,0.3846,0.0,0.0,NASA POWER Daily API,NASA POWER / MERRA-2,0.5 degree latitude x 0.625 degree longitude (~50 km),source-native model grid cell containing city-centre coordinates
Urumqi,8,2000,2025,26,25.2672,32.074,22.6799,35.4257,4.9615,0.1923,0.0,8.1154,0.0,0.5769,0.0,0.0,NASA POWER Daily API,NASA POWER / MERRA-2,0.5 degree latitude x 0.625 degree longitude (~50 km),source-native model grid cell containing city-centre coordinates
Urumqi,9,2000,2025,26,19.076,26.1199,15.4736,36.3954,3.9231,0.1538,0.0,1.1538,0.0385,0.3462,0.0,0.0,NASA POWER Daily API,NASA POWER / MERRA-2,0.5 degree latitude x 0.625 degree longitude (~50 km),source-native model grid cell containing city-centre coordinates
Urumqi,10,2000,2025,26,10.4701,17.3005,6.3153,45.0709,3.9231,0.0385,0.0,0.0,3.3846,0.1154,0.0385,0.0,NASA POWER Daily API,NASA POWER / MERRA-2,0.5 degree latitude x 0.625 degree longitude (~50 km),source-native model grid cell containing city-centre coordinates
Urumqi,11,2000,2025,26,1.9603,7.6825,-2.5832,54.2983,4.6923,0.0385,0.0,0.0,20.1538,0.5,2.1154,0.0,NASA POWER Daily API,NASA POWER / MERRA-2,0.5 degree latitude x 0.625 degree longitude (~50 km),source-native model grid cell containing city-centre coordinates
Urumqi,12,2000,2025,26,-4.7701,0.2056,-9.4906,60.6675,3.7308,0.0385,0.0,0.0,30.5769,0.2308,3.4615,0.0,NASA POWER Daily API,NASA POWER / MERRA-2,0.5 degree latitude x 0.625 degree longitude (~50 km),source-native model grid cell containing city-centre coordinates
Lanzhou,1,2000,2025,26,-5.8937,1.0466,-10.808,60.4209,0.9231,0.0,0.0,0.0,31.0,0.1154,0.9231,0.0,NASA POWER Daily API,NASA POWER / MERRA-2,0.5 degree latitude x 0.625 degree longitude (~50 km),source-native model grid cell containing city-centre coordinates
Lanzhou,2,2000,2025,26,-2.6285,4.4822,-7.6259,58.0672,2.3077,0.0,0.0,0.0,28.2308,0.2308,2.0769,0.0,NASA POWER Daily API,NASA POWER / MERRA-2,0.5 degree latitude x 0.625 degree longitude (~50 km),source-native model grid cell containing city-centre coordinates
Lanzhou,3,2000,2025,26,2.7695,10.6403,-2.1728,51.3711,3.5385,0.0,0.0,0.0,27.1538,1.0,1.1538,0.0,NASA POWER Daily API,NASA POWER / MERRA-2,0.5 degree latitude x 0.625 degree longitude (~50 km),source-native model grid cell containing city-centre coordinates
Lanzhou,4,2000,2025,26,8.6962,16.8174,4.1115,48.1612,6.9615,0.0,0.0,0.0,10.3077,1.2692,0.0385,0.0,NASA POWER Daily API,NASA POWER / MERRA-2,0.5 degree latitude x 0.625 degree longitude (~50 km),source-native model grid cell containing city-centre coordinates
Lanzhou,5,2000,2025,26,13.9265,21.5874,10.0507,49.0113,10.5,0.1538,0.0,0.0,0.7308,1.2692,0.0,0.0,NASA POWER Daily API,NASA POWER / MERRA-2,0.5 degree latitude x 0.625 degree longitude (~50 km),source-native model grid cell containing city-centre coordinates
Lanzhou,6,2000,2025,26,18.2604,25.4424,15.7205,53.0747,13.0769,0.1923,0.0,0.0,0.0,0.0769,0.0,0.0,NASA POWER Daily API,NASA POWER / MERRA-2,0.5 degree latitude x 0.625 degree longitude (~50 km),source-native model grid cell containing city-centre coordinates
Lanzhou,7,2000,2025,26,20.6201,27.8811,19.0624,57.8669,14.3462,0.1923,0.0,0.4615,0.0,0.0769,0.0,0.0,NASA POWER Daily API,NASA POWER / MERRA-2,0.5 degree latitude x 0.625 degree longitude (~50 km),source-native model grid cell containing city-centre coordinates
Lanzhou,8,2000,2025,26,19.2976,26.4771,17.7646,62.0047,15.2308,0.3846,0.0,0.0,0.0,0.0769,0.0,0.0,NASA POWER Daily API,NASA POWER / MERRA-2,0.5 degree latitude x 0.625 degree longitude (~50 km),source-native model grid cell containing city-centre coordinates
Lanzhou,9,2000,2025,26,14.3366,21.3814,11.9406,66.2909,14.0385,0.0385,0.0,0.0,0.0385,0.1154,0.0,0.0,NASA POWER Daily API,NASA POWER / MERRA-2,0.5 degree latitude x 0.625 degree longitude (~50 km),source-native model grid cell containing city-centre coordinates
Lanzhou,10,2000,2025,26,7.9018,15.3547,4.4467,64.3149,10.1154,0.0,0.0,0.0,7.2308,0.0769,0.1923,0.0,NASA POWER Daily API,NASA POWER / MERRA-2,0.5 degree latitude x 0.625 degree longitude (~50 km),source-native model grid cell containing city-centre coordinates
Lanzhou,11,2000,2025,26,0.9451,8.1974,-3.4538,58.8223,2.2308,0.0,0.0,0.0,27.5,0.0385,1.0769,0.0,NASA POWER Daily API,NASA POWER / MERRA-2,0.5 degree latitude x 0.625 degree longitude (~50 km),source-native model grid cell containing city-centre coordinates
Lanzhou,12,2000,2025,26,-4.6584,2.0817,-9.4654,59.5349,0.2308,0.0,0.0,0.0,31.0,0.0385,0.2308,0.0,NASA POWER Daily API,NASA POWER / MERRA-2,0.5 degree latitude x 0.625 degree longitude (~50 km),source-native model grid cell containing city-centre coordinates
Xining,1,2000,2025,26,-7.6647,0.7554,-12.877,54.1416,0.5385,0.0,0.0,0.0,31.0,0.5385,0.5385,0.0,NASA POWER Daily API,NASA POWER / MERRA-2,0.5 degree latitude x 0.625 degree longitude (~50 km),source-native model grid cell containing city-centre coordinates
Xining,2,2000,2025,26,-4.1112,3.9716,-9.3582,51.7484,1.0769,0.0,0.0,0.0,28.2692,0.3077,1.0769,0.0,NASA POWER Daily API,NASA POWER / MERRA-2,0.5 degree latitude x 0.625 degree longitude (~50 km),source-native model grid cell containing city-centre coordinates
Xining,3,2000,2025,26,1.1996,9.511,-3.9312,46.0636,2.4615,0.0,0.0,0.0,30.5385,1.1538,1.3077,0.0,NASA POWER Daily API,NASA POWER / MERRA-2,0.5 degree latitude x 0.625 degree longitude (~50 km),source-native model grid cell containing city-centre coordinates
Xining,4,2000,2025,26,6.3795,15.1504,1.6713,45.2105,5.8077,0.0,0.0,0.0,20.4231,1.0385,0.3462,0.0,NASA POWER Daily API,NASA POWER / MERRA-2,0.5 degree latitude x 0.625 degree longitude (~50 km),source-native model grid cell containing city-centre coordinates
Xining,5,2000,2025,26,10.9663,19.223,7.104,49.1983,11.0,0.0,0.0,0.0,3.8846,0.3077,0.0385,0.0,NASA POWER Daily API,NASA POWER / MERRA-2,0.5 degree latitude x 0.625 degree longitude (~50 km),source-native model grid cell containing city-centre coordinates
Xining,6,2000,2025,26,14.7776,22.2955,12.1321,55.8322,14.0769,0.3077,0.0,0.0,0.0385,0.0,0.0,0.0,NASA POWER Daily API,NASA POWER / MERRA-2,0.5 degree latitude x 0.625 degree longitude (~50 km),source-native model grid cell containing city-centre coordinates
Xining,7,2000,2025,26,16.932,24.1218,15.1509,61.8902,15.7308,0.5,0.0,0.0385,0.0,0.0,0.0,0.0,NASA POWER Daily API,NASA POWER / MERRA-2,0.5 degree latitude x 0.625 degree longitude (~50 km),source-native model grid cell containing city-centre coordinates
Xining,8,2000,2025,26,15.7276,22.9211,13.99,66.2378,16.7692,0.7308,0.0,0.0,0.0,0.0,0.0,0.0,NASA POWER Daily API,NASA POWER / MERRA-2,0.5 degree latitude x 0.625 degree longitude (~50 km),source-native model grid cell containing city-centre coordinates
Xining,9,2000,2025,26,11.0001,18.3076,8.521,69.7825,15.7308,0.4231,0.0,0.0,0.3846,0.0,0.0,0.0,NASA POWER Daily API,NASA POWER / MERRA-2,0.5 degree latitude x 0.625 degree longitude (~50 km),source-native model grid cell containing city-centre coordinates
Xining,10,2000,2025,26,5.0979,13.0451,1.4124,62.8244,7.5,0.0385,0.0,0.0,20.5385,0.1154,0.3846,0.0,NASA POWER Daily API,NASA POWER / MERRA-2,0.5 degree latitude x 0.625 degree longitude (~50 km),source-native model grid cell containing city-centre coordinates
Xining,11,2000,2025,26,-0.9864,6.6039,-5.7302,54.1343,1.8462,0.0,0.0,0.0,29.9615,0.2308,1.4231,0.0,NASA POWER Daily API,NASA POWER / MERRA-2,0.5 degree latitude x 0.625 degree longitude (~50 km),source-native model grid cell containing city-centre coordinates
Xining,12,2000,2025,26,-6.342,1.6821,-11.4961,53.6132,0.4231,0.0,0.0,0.0,31.0,0.4615,0.4231,0.0,NASA POWER Daily API,NASA POWER / MERRA-2,0.5 degree latitude x 0.625 degree longitude (~50 km),source-native model grid cell containing city-centre coordinates
Yinchuan,1,2000,2025,26,-7.0341,-0.4972,-12.4655,54.7434,0.3462,0.0,0.0,0.0,31.0,0.7308,0.3462,0.0,NASA POWER Daily API,NASA POWER / MERRA-2,0.5 degree latitude x 0.625 degree longitude (~50 km),source-native model grid cell containing city-centre coordinates
Yinchuan,2,2000,2025,26,-2.8584,3.8381,-8.42,47.7765,0.6154,0.0,0.0,0.0,28.0769,1.1923,0.5769,0.0,NASA POWER Daily API,NASA POWER / MERRA-2,0.5 degree latitude x 0.625 degree longitude (~50 km),source-native model grid cell containing city-centre coordinates
Yinchuan,3,2000,2025,26,3.8134,11.5549,-1.9403,37.3806,1.0769,0.0385,0.0,0.0,24.6154,3.3077,0.1923,0.0,NASA POWER Daily API,NASA POWER / MERRA-2,0.5 degree latitude x 0.625 degree longitude (~50 km),source-native model grid cell containing city-centre coordinates
Yinchuan,4,2000,2025,26,10.8806,18.8409,5.3861,34.6872,2.4231,0.0385,0.0,0.0,7.8077,3.7308,0.0385,0.0,NASA POWER Daily API,NASA POWER / MERRA-2,0.5 degree latitude x 0.625 degree longitude (~50 km),source-native model grid cell containing city-centre coordinates
Yinchuan,5,2000,2025,26,17.3632,24.9916,12.6288,34.1204,3.6538,0.0385,0.0,0.1538,0.1923,2.6538,0.0,0.0,NASA POWER Daily API,NASA POWER / MERRA-2,0.5 degree latitude x 0.625 degree longitude (~50 km),source-native model grid cell containing city-centre coordinates
Yinchuan,6,2000,2025,26,22.7926,29.9592,19.6431,37.6646,5.1923,0.3846,0.0,1.7308,0.0,0.6538,0.0,0.0,NASA POWER Daily API,NASA POWER / MERRA-2,0.5 degree latitude x 0.625 degree longitude (~50 km),source-native model grid cell containing city-centre coordinates
Yinchuan,7,2000,2025,26,25.1237,32.1627,23.3648,44.7731,6.5385,0.3846,0.1154,6.6154,0.0,0.1923,0.0,0.0,NASA POWER Daily API,NASA POWER / MERRA-2,0.5 degree latitude x 0.625 degree longitude (~50 km),source-native model grid cell containing city-centre coordinates
Yinchuan,8,2000,2025,26,22.9611,29.9817,21.3203,50.1249,7.7692,0.3077,0.0,2.3077,0.0,0.1923,0.0,0.0,NASA POWER Daily API,NASA POWER / MERRA-2,0.5 degree latitude x 0.625 degree longitude (~50 km),source-native model grid cell containing city-centre coordinates
Yinchuan,9,2000,2025,26,17.0658,24.1121,14.3512,54.6555,6.9615,0.1538,0.0,0.0,0.0769,0.5,0.0,0.0,NASA POWER Daily API,NASA POWER / MERRA-2,0.5 degree latitude x 0.625 degree longitude (~50 km),source-native model grid cell containing city-centre coordinates
Yinchuan,10,2000,2025,26,9.4837,16.9387,5.4172,51.6965,3.3846,0.0,0.0,0.0,6.1923,0.5385,0.0769,0.0,NASA POWER Daily API,NASA POWER / MERRA-2,0.5 degree latitude x 0.625 degree longitude (~50 km),source-native model grid cell containing city-centre coordinates
Yinchuan,11,2000,2025,26,1.0945,7.9814,-4.1094,51.6143,1.1538,0.0,0.0,0.0,25.6923,1.2692,0.3077,0.0,NASA POWER Daily API,NASA POWER / MERRA-2,0.5 degree latitude x 0.625 degree longitude (~50 km),source-native model grid cell containing city-centre coordinates
Yinchuan,12,2000,2025,26,-5.9191,0.3807,-11.5127,54.1515,0.2692,0.0,0.0,0.0,31.0,1.5,0.2692,0.0,NASA POWER Daily API,NASA POWER / MERRA-2,0.5 degree latitude x 0.625 degree longitude (~50 km),source-native model grid cell containing city-centre coordinates
Lhasa,1,2000,2025,26,-5.2095,2.0679,-11.0455,32.229,0.2308,0.0,0.0,0.0,31.0,0.7308,0.2308,0.0,NASA POWER Daily API,NASA POWER / MERRA-2,0.5 degree latitude x 0.625 degree longitude (~50 km),source-native model grid cell containing city-centre coordinates
Lhasa,2,2000,2025,26,-2.8222,3.9013,-8.8727,28.9157,0.3077,0.0,0.0,0.0,28.2692,0.8846,0.3077,0.0,NASA POWER Daily API,NASA POWER / MERRA-2,0.5 degree latitude x 0.625 degree longitude (~50 km),source-native model grid cell containing city-centre coordinates
Lhasa,3,2000,2025,26,0.8318,7.9084,-4.9228,29.295,0.8077,0.0,0.0,0.0,30.8846,0.4231,0.3846,0.0,NASA POWER Daily API,NASA POWER / MERRA-2,0.5 degree latitude x 0.625 degree longitude (~50 km),source-native model grid cell containing city-centre coordinates
Lhasa,4,2000,2025,26,4.6789,12.3658,-0.5223,34.0986,2.3846,0.0,0.0,0.0,27.1538,0.3077,0.0,0.0,NASA POWER Daily API,NASA POWER / MERRA-2,0.5 degree latitude x 0.625 degree longitude (~50 km),source-native model grid cell containing city-centre coordinates
Lhasa,5,2000,2025,26,8.7083,16.5801,4.373,43.1249,7.8462,0.0385,0.0,0.0,7.7308,0.1154,0.0,0.0,NASA POWER Daily API,NASA POWER / MERRA-2,0.5 degree latitude x 0.625 degree longitude (~50 km),source-native model grid cell containing city-centre coordinates
Lhasa,6,2000,2025,26,12.3364,20.436,9.1076,53.8719,14.2308,0.1923,0.0,0.0,0.0769,0.0,0.0,0.0,NASA POWER Daily API,NASA POWER / MERRA-2,0.5 degree latitude x 0.625 degree longitude (~50 km),source-native model grid cell containing city-centre coordinates
Lhasa,7,2000,2025,26,12.327,19.4166,9.9428,65.2787,21.5769,0.5,0.0,0.0,0.0,0.0,0.0,0.0,NASA POWER Daily API,NASA POWER / MERRA-2,0.5 degree latitude x 0.625 degree longitude (~50 km),source-native model grid cell containing city-centre coordinates
Lhasa,8,2000,2025,26,11.431,18.2128,9.1621,68.3255,19.4231,0.4615,0.0,0.0,0.0,0.0,0.0,0.0,NASA POWER Daily API,NASA POWER / MERRA-2,0.5 degree latitude x 0.625 degree longitude (~50 km),source-native model grid cell containing city-centre coordinates
Lhasa,9,2000,2025,26,9.4038,16.601,6.6517,66.4603,12.4615,0.0,0.0,0.0,2.0,0.0,0.0,0.0,NASA POWER Daily API,NASA POWER / MERRA-2,0.5 degree latitude x 0.625 degree longitude (~50 km),source-native model grid cell containing city-centre coordinates
Lhasa,10,2000,2025,26,4.8161,12.7314,0.7553,54.7722,2.3846,0.0,0.0,0.0,22.2308,0.0,0.0385,0.0,NASA POWER Daily API,NASA POWER / MERRA-2,0.5 degree latitude x 0.625 degree longitude (~50 km),source-native model grid cell containing city-centre coordinates
Lhasa,11,2000,2025,26,0.3868,7.4743,-4.6107,39.0982,0.4231,0.0,0.0,0.0,29.9615,0.0769,0.1154,0.0,NASA POWER Daily API,NASA POWER / MERRA-2,0.5 degree latitude x 0.625 degree longitude (~50 km),source-native model grid cell containing city-centre coordinates
Lhasa,12,2000,2025,26,-3.1466,3.9442,-8.6009,32.9202,0.1154,0.0,0.0,0.0,31.0,0.2308,0.0769,0.0,NASA POWER Daily API,NASA POWER / MERRA-2,0.5 degree latitude x 0.625 degree longitude (~50 km),source-native model grid cell containing city-centre coordinates
Taiyuan,1,2000,2025,26,-7.0518,-0.0277,-12.7007,61.8451,0.9231,0.0,0.0,0.0,31.0,1.1923,0.9231,0.0,NASA POWER Daily API,NASA POWER / MERRA-2,0.5 degree latitude x 0.625 degree longitude (~50 km),source-native model grid cell containing city-centre coordinates
Taiyuan,2,2000,2025,26,-3.3428,3.6542,-8.8947,58.0403,1.6923,0.0,0.0,0.0,28.2308,0.9615,1.5,0.0,NASA POWER Daily API,NASA POWER / MERRA-2,0.5 degree latitude x 0.625 degree longitude (~50 km),source-native model grid cell containing city-centre coordinates
Taiyuan,3,2000,2025,26,3.0858,11.1274,-2.5453,48.0962,2.0385,0.0385,0.0,0.0,26.9615,2.5769,0.5769,0.0,NASA POWER Daily API,NASA POWER / MERRA-2,0.5 degree latitude x 0.625 degree longitude (~50 km),source-native model grid cell containing city-centre coordinates
Taiyuan,4,2000,2025,26,9.8542,18.2848,4.6401,45.326,4.4615,0.0769,0.0,0.0,10.7308,3.4615,0.1538,0.0,NASA POWER Daily API,NASA POWER / MERRA-2,0.5 degree latitude x 0.625 degree longitude (~50 km),source-native model grid cell containing city-centre coordinates
Taiyuan,5,2000,2025,26,16.5166,24.6081,12.3516,43.2993,6.3077,0.2692,0.0,0.1154,0.2692,2.0,0.0,0.0,NASA POWER Daily API,NASA POWER / MERRA-2,0.5 degree latitude x 0.625 degree longitude (~50 km),source-native model grid cell containing city-centre coordinates
Taiyuan,6,2000,2025,26,21.4684,28.8996,19.453,49.7278,9.7692,0.4231,0.0,1.1154,0.0,0.3462,0.0,0.0,NASA POWER Daily API,NASA POWER / MERRA-2,0.5 degree latitude x 0.625 degree longitude (~50 km),source-native model grid cell containing city-centre coordinates
Taiyuan,7,2000,2025,26,23.1373,29.7054,23.035,62.8646,14.2692,1.5,0.1154,1.8846,0.0,0.0,0.0,0.0,NASA POWER Daily API,NASA POWER / MERRA-2,0.5 degree latitude x 0.625 degree longitude (~50 km),source-native model grid cell containing city-centre coordinates
Taiyuan,8,2000,2025,26,21.0985,27.4671,20.8899,67.4343,13.8462,1.0385,0.0385,0.0,0.0,0.0,0.0,0.0,NASA POWER Daily API,NASA POWER / MERRA-2,0.5 degree latitude x 0.625 degree longitude (~50 km),source-native model grid cell containing city-centre coordinates
Taiyuan,9,2000,2025,26,15.8718,22.5711,13.9568,65.8199,9.6923,0.5769,0.0385,0.0385,0.0385,0.1154,0.0,0.0,NASA POWER Daily API,NASA POWER / MERRA-2,0.5 degree latitude x 0.625 degree longitude (~50 km),source-native model grid cell containing city-centre coordinates
Taiyuan,10,2000,2025,26,8.7363,16.1025,5.0259,63.3348,5.4615,0.4615,0.0385,0.0,7.7692,0.4231,0.0,0.0,NASA POWER Daily API,NASA POWER / MERRA-2,0.5 degree latitude x 0.625 degree longitude (~50 km),source-native model grid cell containing city-centre coordinates
Taiyuan,11,2000,2025,26,0.7273,7.7659,-4.3685,62.5199,2.5769,0.0769,0.0,0.0,26.4231,1.5769,1.0,0.0,NASA POWER Daily API,NASA POWER / MERRA-2,0.5 degree latitude x 0.625 degree longitude (~50 km),source-native model grid cell containing city-centre coordinates
Taiyuan,12,2000,2025,26,-6.0866,0.6162,-11.8715,61.8767,0.9615,0.0,0.0,0.0,31.0,1.8462,0.8846,0.0,NASA POWER Daily API,NASA POWER / MERRA-2,0.5 degree latitude x 0.625 degree longitude (~50 km),source-native model grid cell containing city-centre coordinates
Shijiazhuang,1,2000,2025,26,-2.394,3.5158,-7.3479,55.3989,1.0385,0.0,0.0,0.0,30.8846,0.2692,0.9615,0.0,NASA POWER Daily API,NASA POWER / MERRA-2,0.5 degree latitude x 0.625 degree longitude (~50 km),source-native model grid cell containing city-centre coordinates
Shijiazhuang,2,2000,2025,26,0.8987,7.6371,-3.9338,53.3226,1.8077,0.0385,0.0,0.0,25.6154,0.1923,1.1923,0.0,NASA POWER Daily API,NASA POWER / MERRA-2,0.5 degree latitude x 0.625 degree longitude (~50 km),source-native model grid cell containing city-centre coordinates
Shijiazhuang,3,2000,2025,26,8.1739,16.3243,3.35,44.1453,1.8846,0.0385,0.0,0.0,12.0385,0.5385,0.1538,0.0,NASA POWER Daily API,NASA POWER / MERRA-2,0.5 degree latitude x 0.625 degree longitude (~50 km),source-native model grid cell containing city-centre coordinates
Shijiazhuang,4,2000,2025,26,15.6716,23.9041,11.4216,40.8502,4.8462,0.1923,0.0,0.7692,0.8462,0.9231,0.0,0.0,NASA POWER Daily API,NASA POWER / MERRA-2,0.5 degree latitude x 0.625 degree longitude (~50 km),source-native model grid cell containing city-centre coordinates
Shijiazhuang,5,2000,2025,26,22.3717,30.2928,19.3645,40.3087,6.3462,0.3462,0.0,5.7692,0.0,0.6154,0.0,0.0,NASA POWER Daily API,NASA POWER / MERRA-2,0.5 degree latitude x 0.625 degree longitude (~50 km),source-native model grid cell containing city-centre coordinates
Shijiazhuang,6,2000,2025,26,27.1195,34.2734,26.4172,46.664,9.7308,0.3846,0.0,13.9231,0.0,0.0,0.0,0.0,NASA POWER Daily API,NASA POWER / MERRA-2,0.5 degree latitude x 0.625 degree longitude (~50 km),source-native model grid cell containing city-centre coordinates
Shijiazhuang,7,2000,2025,26,28.241,34.2295,30.1895,62.4909,15.6538,1.9615,0.3462,14.1923,0.0,0.0769,0.0,0.0,NASA POWER Daily API,NASA POWER / MERRA-2,0.5 degree latitude x 0.625 degree longitude (~50 km),source-native model grid cell containing city-centre coordinates
Shijiazhuang,8,2000,2025,26,26.1777,31.8495,28.1008,67.7395,14.9615,1.5769,0.2308,5.5769,0.0,0.0385,0.0,0.0,NASA POWER Daily API,NASA POWER / MERRA-2,0.5 degree latitude x 0.625 degree longitude (~50 km),source-native model grid cell containing city-centre coordinates
Shijiazhuang,9,2000,2025,26,21.1012,27.3851,20.6642,64.0613,7.8846,0.8846,0.0,0.4615,0.0,0.0,0.0,0.0,NASA POWER Daily API,NASA POWER / MERRA-2,0.5 degree latitude x 0.625 degree longitude (~50 km),source-native model grid cell containing city-centre coordinates
Shijiazhuang,10,2000,2025,26,13.9235,20.9526,11.2413,60.0137,4.3846,0.5385,0.0385,0.0,0.3846,0.0769,0.0,0.0,NASA POWER Daily API,NASA POWER / MERRA-2,0.5 degree latitude x 0.625 degree longitude (~50 km),source-native model grid cell containing city-centre coordinates
Shijiazhuang,11,2000,2025,26,5.5643,12.5234,1.349,58.3595,2.9615,0.1154,0.0,0.0,13.5769,0.2308,0.4615,0.0,NASA POWER Daily API,NASA POWER / MERRA-2,0.5 degree latitude x 0.625 degree longitude (~50 km),source-native model grid cell containing city-centre coordinates
Shijiazhuang,12,2000,2025,26,-1.0405,4.9948,-6.0171,55.0332,1.0385,0.0,0.0,0.0,30.1538,0.2308,0.8077,0.0,NASA POWER Daily API,NASA POWER / MERRA-2,0.5 degree latitude x 0.625 degree longitude (~50 km),source-native model grid cell containing city-centre coordinates
Ningbo,1,2000,2025,26,5.0491,9.611,0.7146,79.8984,9.5,0.4615,0.0,0.0,11.4615,0.3077,0.1923,0.0,NASA POWER Daily API,NASA POWER / MERRA-2,0.5 degree latitude x 0.625 degree longitude (~50 km),source-native model grid cell containing city-centre coordinates
Ningbo,2,2000,2025,26,6.5886,11.3852,2.4966,81.5823,11.3846,0.6538,0.0,0.0,6.7308,0.2308,0.0769,0.0,NASA POWER Daily API,NASA POWER / MERRA-2,0.5 degree latitude x 0.625 degree longitude (~50 km),source-native model grid cell containing city-centre coordinates
Ningbo,3,2000,2025,26,10.604,15.8649,7.2253,79.9493,13.1154,1.0769,0.0385,0.0,1.2692,0.4615,0.0,0.0,NASA POWER Daily API,NASA POWER / MERRA-2,0.5 degree latitude x 0.625 degree longitude (~50 km),source-native model grid cell containing city-centre coordinates
Ningbo,4,2000,2025,26,15.7918,21.1975,13.7716,78.9166,12.4615,1.4231,0.0,0.0,0.0,0.6154,0.0,0.0,NASA POWER Daily API,NASA POWER / MERRA-2,0.5 degree latitude x 0.625 degree longitude (~50 km),source-native model grid cell containing city-centre coordinates
Ningbo,5,2000,2025,26,20.5734,25.5372,20.3345,79.7512,13.1538,1.5769,0.0769,0.0769,0.0,0.1154,0.0,0.0,NASA POWER Daily API,NASA POWER / MERRA-2,0.5 degree latitude x 0.625 degree longitude (~50 km),source-native model grid cell containing city-centre coordinates
Ningbo,6,2000,2025,26,24.3212,28.2423,26.5296,84.8048,17.7692,4.1538,0.3077,0.1154,0.0,0.0385,0.0,0.0,NASA POWER Daily API,NASA POWER / MERRA-2,0.5 degree latitude x 0.625 degree longitude (~50 km),source-native model grid cell containing city-centre coordinates
Ningbo,7,2000,2025,26,28.2115,31.9716,31.9222,83.0064,15.9231,1.6923,0.3077,3.0769,0.0,1.0,0.0,0.0,NASA POWER Daily API,NASA POWER / MERRA-2,0.5 degree latitude x 0.625 degree longitude (~50 km),source-native model grid cell containing city-centre coordinates
Ningbo,8,2000,2025,26,28.2059,32.0741,31.8397,81.9536,16.5,2.1923,0.4231,4.1923,0.0,0.9615,0.0,0.0,NASA POWER Daily API,NASA POWER / MERRA-2,0.5 degree latitude x 0.625 degree longitude (~50 km),source-native model grid cell containing city-centre coordinates
Ningbo,9,2000,2025,26,24.67,28.5672,26.3757,81.7621,13.4231,2.0769,0.3846,0.6923,0.0,0.7308,0.0,0.0,NASA POWER Daily API,NASA POWER / MERRA-2,0.5 degree latitude x 0.625 degree longitude (~50 km),source-native model grid cell containing city-centre coordinates
Ningbo,10,2000,2025,26,19.3986,23.7385,18.6353,79.1742,8.4615,0.8846,0.2692,0.0769,0.0,0.5,0.0,0.0,NASA POWER Daily API,NASA POWER / MERRA-2,0.5 degree latitude x 0.625 degree longitude (~50 km),source-native model grid cell containing city-centre coordinates
Ningbo,11,2000,2025,26,13.8317,18.382,11.4526,79.249,10.2308,0.8077,0.0385,0.0,0.1923,0.4615,0.0,0.0,NASA POWER Daily API,NASA POWER / MERRA-2,0.5 degree latitude x 0.625 degree longitude (~50 km),source-native model grid cell containing city-centre coordinates
Ningbo,12,2000,2025,26,7.1914,11.7779,3.112,78.2713,8.2308,0.5769,0.0,0.0,6.7692,0.5769,0.0769,0.0,NASA POWER Daily API,NASA POWER / MERRA-2,0.5 degree latitude x 0.625 degree longitude (~50 km),source-native model grid cell containing city-centre coordinates
Wenzhou,1,2000,2025,26,7.1366,12.1454,3.5644,79.2571,9.0385,0.3077,0.0,0.0,7.1538,0.0385,0.0385,0.0,NASA POWER Daily API,NASA POWER / MERRA-2,0.5 degree latitude x 0.625 degree longitude (~50 km),source-native model grid cell containing city-centre coordinates
Wenzhou,2,2000,2025,26,8.6663,13.6406,5.505,81.4399,12.0769,0.5,0.0,0.0,3.6923,0.0,0.0,0.0,NASA POWER Daily API,NASA POWER / MERRA-2,0.5 degree latitude x 0.625 degree longitude (~50 km),source-native model grid cell containing city-centre coordinates
Wenzhou,3,2000,2025,26,12.0376,17.1675,9.7557,80.8167,15.3077,1.3462,0.0,0.0,0.4231,0.0,0.0,0.0,NASA POWER Daily API,NASA POWER / MERRA-2,0.5 degree latitude x 0.625 degree longitude (~50 km),source-native model grid cell containing city-centre coordinates
Wenzhou,4,2000,2025,26,16.656,21.5587,15.8902,81.7922,16.0769,1.3846,0.0,0.0,0.0,0.1154,0.0,0.0,NASA POWER Daily API,NASA POWER / MERRA-2,0.5 degree latitude x 0.625 degree longitude (~50 km),source-native model grid cell containing city-centre coordinates
Wenzhou,5,2000,2025,26,20.9051,25.1382,21.915,83.9351,17.3846,2.5769,0.1154,0.0,0.0,0.0,0.0,0.0,NASA POWER Daily API,NASA POWER / MERRA-2,0.5 degree latitude x 0.625 degree longitude (~50 km),source-native model grid cell containing city-centre coordinates
Wenzhou,6,2000,2025,26,24.5579,28.1392,27.5852,87.2591,20.1923,4.9615,0.3462,0.0,0.0,0.0385,0.0,0.0,NASA POWER Daily API,NASA POWER / MERRA-2,0.5 degree latitude x 0.625 degree longitude (~50 km),source-native model grid cell containing city-centre coordinates
Wenzhou,7,2000,2025,26,27.3393,30.7272,31.4372,86.4386,14.7692,1.8846,0.4615,0.1923,0.0,1.0,0.0,0.0,NASA POWER Daily API,NASA POWER / MERRA-2,0.5 degree latitude x 0.625 degree longitude (~50 km),source-native model grid cell containing city-centre coordinates
Wenzhou,8,2000,2025,26,27.1539,30.3791,31.1719,86.1932,19.5,2.8846,0.5769,0.0769,0.0,0.9231,0.0,0.0,NASA POWER Daily API,NASA POWER / MERRA-2,0.5 degree latitude x 0.625 degree longitude (~50 km),source-native model grid cell containing city-centre coordinates
Wenzhou,9,2000,2025,26,24.5041,28.2155,26.7541,84.2213,14.2692,2.1923,0.5,0.0,0.0,0.8077,0.0,0.0,NASA POWER Daily API,NASA POWER / MERRA-2,0.5 degree latitude x 0.625 degree longitude (~50 km),source-native model grid cell containing city-centre coordinates
Wenzhou,10,2000,2025,26,19.5724,23.9971,19.3751,81.5291,8.3846,0.7308,0.1923,0.0,0.0,0.2692,0.0,0.0,NASA POWER Daily API,NASA POWER / MERRA-2,0.5 degree latitude x 0.625 degree longitude (~50 km),source-native model grid cell containing city-centre coordinates
Wenzhou,11,2000,2025,26,14.6338,19.1777,12.9884,81.7681,11.1538,0.8462,0.0385,0.0,0.1154,0.1538,0.0,0.0,NASA POWER Daily API,NASA POWER / MERRA-2,0.5 degree latitude x 0.625 degree longitude (~50 km),source-native model grid cell containing city-centre coordinates
Wenzhou,12,2000,2025,26,8.7935,13.8866,5.3855,78.3649,8.0,0.3846,0.0,0.0,5.4615,0.1923,0.0769,0.0,NASA POWER Daily API,NASA POWER / MERRA-2,0.5 degree latitude x 0.625 degree longitude (~50 km),source-native model grid cell containing city-centre coordinates
Zhuhai,1,2000,2025,26,16.1358,19.4497,13.3751,74.2049,4.4615,0.3846,0.0385,0.0,0.0,0.5385,0.0,0.0,NASA POWER Daily API,NASA POWER / MERRA-2,0.5 degree latitude x 0.625 degree longitude (~50 km),source-native model grid cell containing city-centre coordinates
Zhuhai,2,2000,2025,26,17.6559,20.6717,15.757,78.7187,5.5385,0.4231,0.0385,0.0,0.0,0.4231,0.0,0.0,NASA POWER Daily API,NASA POWER / MERRA-2,0.5 degree latitude x 0.625 degree longitude (~50 km),source-native model grid cell containing city-centre coordinates
Zhuhai,3,2000,2025,26,20.3047,23.0237,19.5605,80.5297,9.2692,0.7692,0.0385,0.0,0.0,0.6538,0.0,0.0,NASA POWER Daily API,NASA POWER / MERRA-2,0.5 degree latitude x 0.625 degree longitude (~50 km),source-native model grid cell containing city-centre coordinates
Zhuhai,4,2000,2025,26,23.3729,25.7528,24.2637,83.072,12.4231,1.8846,0.1538,0.0,0.0,0.4615,0.0,0.0,NASA POWER Daily API,NASA POWER / MERRA-2,0.5 degree latitude x 0.625 degree longitude (~50 km),source-native model grid cell containing city-centre coordinates
Zhuhai,5,2000,2025,26,26.4534,28.3732,29.2579,85.0143,18.6538,3.5385,0.5,0.0,0.0,0.1538,0.0,0.0,NASA POWER Daily API,NASA POWER / MERRA-2,0.5 degree latitude x 0.625 degree longitude (~50 km),source-native model grid cell containing city-centre coordinates
Zhuhai,6,2000,2025,26,28.1869,29.5289,32.0333,86.9294,22.1538,4.5385,0.7308,0.0,0.0,0.3077,0.0,0.0,NASA POWER Daily API,NASA POWER / MERRA-2,0.5 degree latitude x 0.625 degree longitude (~50 km),source-native model grid cell containing city-centre coordinates
Zhuhai,7,2000,2025,26,28.8838,30.3346,32.933,84.9498,19.8846,2.6923,0.4231,0.0,0.0,1.0769,0.0,0.0,NASA POWER Daily API,NASA POWER / MERRA-2,0.5 degree latitude x 0.625 degree longitude (~50 km),source-native model grid cell containing city-centre coordinates
Zhuhai,8,2000,2025,26,28.8038,30.3184,33.1172,84.4553,21.2308,4.1538,0.5,0.0,0.0,1.1154,0.0,0.0,NASA POWER Daily API,NASA POWER / MERRA-2,0.5 degree latitude x 0.625 degree longitude (~50 km),source-native model grid cell containing city-centre coordinates
Zhuhai,9,2000,2025,26,28.07,29.9829,31.4186,81.315,15.6538,2.5769,0.3077,0.0,0.0,1.1923,0.0,0.0,NASA POWER Daily API,NASA POWER / MERRA-2,0.5 degree latitude x 0.625 degree longitude (~50 km),source-native model grid cell containing city-centre coordinates
Zhuhai,10,2000,2025,26,25.5134,28.1152,26.5613,76.2661,6.8077,0.6538,0.1538,0.0,0.0,0.8462,0.0,0.0,NASA POWER Daily API,NASA POWER / MERRA-2,0.5 degree latitude x 0.625 degree longitude (~50 km),source-native model grid cell containing city-centre coordinates
Zhuhai,11,2000,2025,26,21.8957,25.0356,21.1958,75.0225,5.5769,0.3077,0.0,0.0,0.0,0.6154,0.0,0.0,NASA POWER Daily API,NASA POWER / MERRA-2,0.5 degree latitude x 0.625 degree longitude (~50 km),source-native model grid cell containing city-centre coordinates
Zhuhai,12,2000,2025,26,17.3451,20.8553,14.5483,71.5645,3.6923,0.2308,0.0,0.0,0.0,1.3077,0.0,0.0,NASA POWER Daily API,NASA POWER / MERRA-2,0.5 degree latitude x 0.625 degree longitude (~50 km),source-native model grid cell containing city-centre coordinates
Hong Kong,1,2000,2025,26,16.0985,19.894,13.1918,73.3427,4.6538,0.3462,0.0,0.0,0.0,0.5769,0.0,0.0,NASA POWER Daily API,NASA POWER / MERRA-2,0.5 degree latitude x 0.625 degree longitude (~50 km),source-native model grid cell containing city-centre coordinates
Hong Kong,2,2000,2025,26,17.7371,21.2922,15.6926,77.3037,5.8846,0.2308,0.0385,0.0,0.0,0.3077,0.0,0.0,NASA POWER Daily API,NASA POWER / MERRA-2,0.5 degree latitude x 0.625 degree longitude (~50 km),source-native model grid cell containing city-centre coordinates
Hong Kong,3,2000,2025,26,20.3797,23.7063,19.49,78.6235,9.8846,0.6154,0.1154,0.0,0.0,0.5,0.0,0.0,NASA POWER Daily API,NASA POWER / MERRA-2,0.5 degree latitude x 0.625 degree longitude (~50 km),source-native model grid cell containing city-centre coordinates
Hong Kong,4,2000,2025,26,23.4182,26.3988,24.2091,81.1268,13.0769,1.6923,0.1923,0.0,0.0,0.3462,0.0,0.0,NASA POWER Daily API,NASA POWER / MERRA-2,0.5 degree latitude x 0.625 degree longitude (~50 km),source-native model grid cell containing city-centre coordinates
Hong Kong,5,2000,2025,26,26.2846,28.7258,28.9439,83.7639,19.3846,3.0769,0.4615,0.0,0.0,0.1923,0.0,0.0,NASA POWER Daily API,NASA POWER / MERRA-2,0.5 degree latitude x 0.625 degree longitude (~50 km),source-native model grid cell containing city-centre coordinates
Hong Kong,6,2000,2025,26,27.98,29.7498,31.6564,86.0016,22.8846,4.3077,0.9231,0.0,0.0,0.3462,0.0,0.0,NASA POWER Daily API,NASA POWER / MERRA-2,0.5 degree latitude x 0.625 degree longitude (~50 km),source-native model grid cell containing city-centre coordinates
Hong Kong,7,2000,2025,26,28.6491,30.513,32.5661,84.3813,20.8462,2.4231,0.3846,0.0385,0.0,1.1923,0.0,0.0,NASA POWER Daily API,NASA POWER / MERRA-2,0.5 degree latitude x 0.625 degree longitude (~50 km),source-native model grid cell containing city-centre coordinates
Hong Kong,8,2000,2025,26,28.4474,30.3489,32.6375,84.6167,23.3846,3.4615,0.5769,0.0,0.0,1.2692,0.0,0.0,NASA POWER Daily API,NASA POWER / MERRA-2,0.5 degree latitude x 0.625 degree longitude (~50 km),source-native model grid cell containing city-centre coordinates
Hong Kong,9,2000,2025,26,27.7316,30.0723,30.8928,81.3057,16.9231,2.0769,0.5769,0.0,0.0,1.3077,0.0,0.0,NASA POWER Daily API,NASA POWER / MERRA-2,0.5 degree latitude x 0.625 degree longitude (~50 km),source-native model grid cell containing city-centre coordinates
Hong Kong,10,2000,2025,26,25.1721,28.1961,25.9803,76.3753,7.2308,0.5769,0.1923,0.0,0.0,1.0385,0.0,0.0,NASA POWER Daily API,NASA POWER / MERRA-2,0.5 degree latitude x 0.625 degree longitude (~50 km),source-native model grid cell containing city-centre coordinates
Hong Kong,11,2000,2025,26,21.6138,25.2001,20.6764,75.0052,5.3462,0.4615,0.0385,0.0,0.0,0.8077,0.0,0.0,NASA POWER Daily API,NASA POWER / MERRA-2,0.5 degree latitude x 0.625 degree longitude (~50 km),source-native model grid cell containing city-centre coordinates
Hong Kong,12,2000,2025,26,17.1964,21.1513,14.251,71.3662,3.7692,0.1154,0.0385,0.0,0.0,1.2308,0.0,0.0,NASA POWER Daily API,NASA POWER / MERRA-2,0.5 degree latitude x 0.625 degree longitude (~50 km),source-native model grid cell containing city-centre coordinates
Macau,1,2000,2025,26,17.3542,18.5063,14.4939,78.744,4.3462,0.4231,0.0769,0.0,0.0,3.0769,0.0,0.0,NASA POWER Daily API,NASA POWER / MERRA-2,0.5 degree latitude x 0.625 degree longitude (~50 km),source-native model grid cell containing city-centre coordinates
Macau,2,2000,2025,26,18.245,19.2282,16.3676,84.0509,5.2692,0.3462,0.1154,0.0,0.0,2.0385,0.0,0.0,NASA POWER Daily API,NASA POWER / MERRA-2,0.5 degree latitude x 0.625 degree longitude (~50 km),source-native model grid cell containing city-centre coordinates
Macau,3,2000,2025,26,20.391,21.2129,19.7921,86.1407,9.6154,0.8462,0.2692,0.0,0.0,1.5769,0.0,0.0,NASA POWER Daily API,NASA POWER / MERRA-2,0.5 degree latitude x 0.625 degree longitude (~50 km),source-native model grid cell containing city-centre coordinates
Macau,4,2000,2025,26,23.2514,23.9362,24.3129,87.866,12.8846,1.7308,0.3462,0.0,0.0,0.7308,0.0,0.0,NASA POWER Daily API,NASA POWER / MERRA-2,0.5 degree latitude x 0.625 degree longitude (~50 km),source-native model grid cell containing city-centre coordinates
Macau,5,2000,2025,26,26.4049,26.9854,29.1714,87.6511,19.5769,3.5769,0.9615,0.0,0.0,0.3462,0.0,0.0,NASA POWER Daily API,NASA POWER / MERRA-2,0.5 degree latitude x 0.625 degree longitude (~50 km),source-native model grid cell containing city-centre coordinates
Macau,6,2000,2025,26,28.4506,28.8991,31.8212,86.2834,22.7308,4.5769,0.9231,0.0,0.0,0.6923,0.0,0.0,NASA POWER Daily API,NASA POWER / MERRA-2,0.5 degree latitude x 0.625 degree longitude (~50 km),source-native model grid cell containing city-centre coordinates
Macau,7,2000,2025,26,29.125,29.663,32.5878,83.7919,20.6538,2.9231,0.8077,0.0,0.0,2.0769,0.0,0.0,NASA POWER Daily API,NASA POWER / MERRA-2,0.5 degree latitude x 0.625 degree longitude (~50 km),source-native model grid cell containing city-centre coordinates
Macau,8,2000,2025,26,29.0148,29.6097,32.8132,83.6347,23.3077,3.7692,0.8077,0.0,0.0,1.7692,0.0,0.0,NASA POWER Daily API,NASA POWER / MERRA-2,0.5 degree latitude x 0.625 degree longitude (~50 km),source-native model grid cell containing city-centre coordinates
Macau,9,2000,2025,26,28.4114,29.1293,31.2822,80.584,17.5385,3.1154,0.6923,0.0,0.0,1.9615,0.0,0.0,NASA POWER Daily API,NASA POWER / MERRA-2,0.5 degree latitude x 0.625 degree longitude (~50 km),source-native model grid cell containing city-centre coordinates
Macau,10,2000,2025,26,26.248,27.1169,26.8286,76.7682,7.6923,1.0769,0.2692,0.0,0.0,2.9231,0.0,0.0,NASA POWER Daily API,NASA POWER / MERRA-2,0.5 degree latitude x 0.625 degree longitude (~50 km),source-native model grid cell containing city-centre coordinates
Macau,11,2000,2025,26,22.8529,23.8943,21.8403,77.711,5.8077,0.4615,0.0769,0.0,0.0,3.6154,0.0,0.0,NASA POWER Daily API,NASA POWER / MERRA-2,0.5 degree latitude x 0.625 degree longitude (~50 km),source-native model grid cell containing city-centre coordinates
Macau,12,2000,2025,26,18.8817,20.1296,15.8849,75.2936,3.6154,0.1538,0.0385,0.0,0.0,5.2692,0.0,0.0,NASA POWER Daily API,NASA POWER / MERRA-2,0.5 degree latitude x 0.625 degree longitude (~50 km),source-native model grid cell containing city-centre coordinates
Taipei,1,2000,2025,26,17.0681,18.4678,13.8346,81.1915,16.1154,0.6154,0.0385,0.0,0.0,2.5,0.0,0.0,NASA POWER Daily API,NASA POWER / MERRA-2,0.5 degree latitude x 0.625 degree longitude (~50 km),source-native model grid cell containing city-centre coordinates
Taipei,2,2000,2025,26,17.8237,19.4452,15.1977,82.5258,15.8077,0.8462,0.0,0.0,0.0,2.5,0.0,0.0,NASA POWER Daily API,NASA POWER / MERRA-2,0.5 degree latitude x 0.625 degree longitude (~50 km),source-native model grid cell containing city-centre coordinates
Taipei,3,2000,2025,26,19.3034,21.2168,17.5668,81.6827,17.1923,1.1538,0.0769,0.0,0.0,1.9615,0.0,0.0,NASA POWER Daily API,NASA POWER / MERRA-2,0.5 degree latitude x 0.625 degree longitude (~50 km),source-native model grid cell containing city-centre coordinates
Taipei,4,2000,2025,26,22.1073,24.0087,22.0366,82.6567,18.5385,1.0769,0.0,0.0,0.0,0.7692,0.0,0.0,NASA POWER Daily API,NASA POWER / MERRA-2,0.5 degree latitude x 0.625 degree longitude (~50 km),source-native model grid cell containing city-centre coordinates
Taipei,5,2000,2025,26,24.8776,26.6146,26.6923,84.5293,21.4231,2.8846,0.3077,0.0,0.0,0.3846,0.0,0.0,NASA POWER Daily API,NASA POWER / MERRA-2,0.5 degree latitude x 0.625 degree longitude (~50 km),source-native model grid cell containing city-centre coordinates
Taipei,6,2000,2025,26,27.1904,28.7773,31.0335,86.6142,23.0,3.5385,0.5769,0.0,0.0,0.6538,0.0,0.0,NASA POWER Daily API,NASA POWER / MERRA-2,0.5 degree latitude x 0.625 degree longitude (~50 km),source-native model grid cell containing city-centre coordinates
Taipei,7,2000,2025,26,28.38,29.8797,32.0687,84.7726,19.0769,2.0385,0.4231,0.0,0.0,2.6923,0.0,0.0,NASA POWER Daily API,NASA POWER / MERRA-2,0.5 degree latitude x 0.625 degree longitude (~50 km),source-native model grid cell containing city-centre coordinates
Taipei,8,2000,2025,26,28.2342,29.6128,31.7887,84.4399,22.7308,3.0385,0.8462,0.0,0.0,2.7308,0.0,0.0,NASA POWER Daily API,NASA POWER / MERRA-2,0.5 degree latitude x 0.625 degree longitude (~50 km),source-native model grid cell containing city-centre coordinates
Taipei,9,2000,2025,26,26.9237,28.1711,28.8792,83.9492,19.2692,2.3462,0.7308,0.0,0.0,3.6154,0.0,0.0,NASA POWER Daily API,NASA POWER / MERRA-2,0.5 degree latitude x 0.625 degree longitude (~50 km),source-native model grid cell containing city-centre coordinates
Taipei,10,2000,2025,26,24.4317,25.6641,24.2444,81.635,14.5769,1.7308,0.3462,0.0,0.0,3.1538,0.0,0.0,NASA POWER Daily API,NASA POWER / MERRA-2,0.5 degree latitude x 0.625 degree longitude (~50 km),source-native model grid cell containing city-centre coordinates
Taipei,11,2000,2025,26,21.9858,23.2922,20.7309,81.7045,17.4615,1.1154,0.1538,0.0,0.0,2.5769,0.0,0.0,NASA POWER Daily API,NASA POWER / MERRA-2,0.5 degree latitude x 0.625 degree longitude (~50 km),source-native model grid cell containing city-centre coordinates
Taipei,12,2000,2025,26,18.6192,19.9528,15.6237,80.5286,16.0,0.9231,0.0385,0.0,0.0,4.0385,0.0,0.0,NASA POWER Daily API,NASA POWER / MERRA-2,0.5 degree latitude x 0.625 degree longitude (~50 km),source-native model grid cell containing city-centre coordinates
Mohe,1,2000,2025,26,-27.1593,-22.3299,-32.7314,98.0667,1.6538,0.0,0.0,0.0,31.0,0.0,1.6538,0.0,NASA POWER Daily API,NASA POWER / MERRA-2,0.5 degree latitude x 0.625 degree longitude (~50 km),source-native model grid cell containing city-centre coordinates
Mohe,2,2000,2025,26,-22.9935,-17.411,-28.5127,97.9505,1.9231,0.0,0.0,0.0,28.2692,0.0,1.9231,0.0,NASA POWER Daily API,NASA POWER / MERRA-2,0.5 degree latitude x 0.625 degree longitude (~50 km),source-native model grid cell containing city-centre coordinates
Mohe,3,2000,2025,26,-12.5196,-7.0005,-17.6222,94.7672,3.9231,0.0,0.0,0.0,31.0,0.0,3.9231,0.0,NASA POWER Daily API,NASA POWER / MERRA-2,0.5 degree latitude x 0.625 degree longitude (~50 km),source-native model grid cell containing city-centre coordinates
Mohe,4,2000,2025,26,-0.8788,4.6968,-5.2398,76.7348,7.6538,0.0769,0.0,0.0,28.3462,0.0,4.1538,0.0,NASA POWER Daily API,NASA POWER / MERRA-2,0.5 degree latitude x 0.625 degree longitude (~50 km),source-native model grid cell containing city-centre coordinates
Mohe,5,2000,2025,26,8.3622,14.648,5.3575,69.9251,11.3462,0.2308,0.0,0.0,10.0,0.0,0.1923,0.0,NASA POWER Daily API,NASA POWER / MERRA-2,0.5 degree latitude x 0.625 degree longitude (~50 km),source-native model grid cell containing city-centre coordinates
Mohe,6,2000,2025,26,16.6622,22.8035,15.8358,70.3294,12.9615,0.4615,0.0,0.3462,0.0769,0.0,0.0,0.0,NASA POWER Daily API,NASA POWER / MERRA-2,0.5 degree latitude x 0.625 degree longitude (~50 km),source-native model grid cell containing city-centre coordinates
Mohe,7,2000,2025,26,19.4417,25.4088,19.7762,73.9397,16.6154,1.1923,0.0,0.2308,0.0,0.0,0.0,0.0,NASA POWER Daily API,NASA POWER / MERRA-2,0.5 degree latitude x 0.625 degree longitude (~50 km),source-native model grid cell containing city-centre coordinates
Mohe,8,2000,2025,26,16.5331,22.4686,16.0396,75.2548,14.1154,1.1154,0.0,0.0385,0.0385,0.0,0.0,0.0,NASA POWER Daily API,NASA POWER / MERRA-2,0.5 degree latitude x 0.625 degree longitude (~50 km),source-native model grid cell containing city-centre coordinates
Mohe,9,2000,2025,26,8.9652,15.0859,6.595,76.096,10.4615,0.4231,0.0,0.0,6.5,0.0,0.0385,0.0,NASA POWER Daily API,NASA POWER / MERRA-2,0.5 degree latitude x 0.625 degree longitude (~50 km),source-native model grid cell containing city-centre coordinates
Mohe,10,2000,2025,26,-1.8947,3.1595,-5.8927,80.6289,7.2308,0.0769,0.0,0.0,28.7692,0.0,4.6154,0.0,NASA POWER Daily API,NASA POWER / MERRA-2,0.5 degree latitude x 0.625 degree longitude (~50 km),source-native model grid cell containing city-centre coordinates
Mohe,11,2000,2025,26,-15.2613,-10.9317,-20.1904,92.2899,4.8462,0.0,0.0,0.0,30.0,0.0,4.8462,0.0,NASA POWER Daily API,NASA POWER / MERRA-2,0.5 degree latitude x 0.625 degree longitude (~50 km),source-native model grid cell containing city-centre coordinates
Mohe,12,2000,2025,26,-25.846,-21.4536,-31.3274,97.1284,2.5,0.0,0.0,0.0,31.0,0.0,2.5,0.0,NASA POWER Daily API,NASA POWER / MERRA-2,0.5 degree latitude x 0.625 degree longitude (~50 km),source-native model grid cell containing city-centre coordinates
Heihe,1,2000,2025,26,-24.1096,-18.6513,-30.1686,93.5058,2.2308,0.0,0.0,0.0,31.0,0.0,2.2308,0.0,NASA POWER Daily API,NASA POWER / MERRA-2,0.5 degree latitude x 0.625 degree longitude (~50 km),source-native model grid cell containing city-centre coordinates
Heihe,2,2000,2025,26,-19.2689,-12.9796,-25.347,92.2269,2.4615,0.0,0.0,0.0,28.2692,0.0385,2.4615,0.0,NASA POWER Daily API,NASA POWER / MERRA-2,0.5 degree latitude x 0.625 degree longitude (~50 km),source-native model grid cell containing city-centre coordinates
Heihe,3,2000,2025,26,-8.1779,-2.3849,-13.9993,83.3188,3.7308,0.0,0.0,0.0,30.9615,0.3077,3.2692,0.0,NASA POWER Daily API,NASA POWER / MERRA-2,0.5 degree latitude x 0.625 degree longitude (~50 km),source-native model grid cell containing city-centre coordinates
Heihe,4,2000,2025,26,3.4864,9.6123,-1.6423,64.8154,6.5,0.0769,0.0,0.0,23.7308,0.3462,1.4615,0.0,NASA POWER Daily API,NASA POWER / MERRA-2,0.5 degree latitude x 0.625 degree longitude (~50 km),source-native model grid cell containing city-centre coordinates
Heihe,5,2000,2025,26,11.9807,18.2966,8.5123,63.9407,10.8462,0.3462,0.0,0.0,2.1538,0.0,0.0,0.0,NASA POWER Daily API,NASA POWER / MERRA-2,0.5 degree latitude x 0.625 degree longitude (~50 km),source-native model grid cell containing city-centre coordinates
Heihe,6,2000,2025,26,18.7237,24.3986,17.7899,70.1511,14.8462,0.7308,0.0385,0.3462,0.0,0.0,0.0,0.0,NASA POWER Daily API,NASA POWER / MERRA-2,0.5 degree latitude x 0.625 degree longitude (~50 km),source-native model grid cell containing city-centre coordinates
Heihe,7,2000,2025,26,21.889,27.1958,22.5343,74.3929,17.3846,1.3077,0.0385,0.3462,0.0,0.0,0.0,0.0,NASA POWER Daily API,NASA POWER / MERRA-2,0.5 degree latitude x 0.625 degree longitude (~50 km),source-native model grid cell containing city-centre coordinates
Heihe,8,2000,2025,26,19.4778,24.8857,19.3101,75.4643,15.3462,1.1154,0.0,0.1154,0.0,0.0,0.0,0.0,NASA POWER Daily API,NASA POWER / MERRA-2,0.5 degree latitude x 0.625 degree longitude (~50 km),source-native model grid cell containing city-centre coordinates
Heihe,9,2000,2025,26,12.4564,18.7949,9.8866,72.2885,9.1923,0.3846,0.0,0.0,1.6538,0.0,0.0,0.0,NASA POWER Daily API,NASA POWER / MERRA-2,0.5 degree latitude x 0.625 degree longitude (~50 km),source-native model grid cell containing city-centre coordinates
Heihe,10,2000,2025,26,1.8908,7.6499,-2.6188,73.2568,6.1538,0.0385,0.0,0.0,24.1923,0.0,1.7308,0.0,NASA POWER Daily API,NASA POWER / MERRA-2,0.5 degree latitude x 0.625 degree longitude (~50 km),source-native model grid cell containing city-centre coordinates
Heihe,11,2000,2025,26,-10.6197,-5.9143,-16.0965,82.8447,4.6923,0.0,0.0,0.0,29.9615,0.0,4.5769,0.0,NASA POWER Daily API,NASA POWER / MERRA-2,0.5 degree latitude x 0.625 degree longitude (~50 km),source-native model grid cell containing city-centre coordinates
Heihe,12,2000,2025,26,-22.4882,-17.5953,-28.4951,91.6816,3.0,0.0,0.0,0.0,31.0,0.0,3.0,0.0,NASA POWER Daily API,NASA POWER / MERRA-2,0.5 degree latitude x 0.625 degree longitude (~50 km),source-native model grid cell containing city-centre coordinates
Hulunbuir,1,2000,2025,26,-23.4172,-18.7411,-30.0374,94.2503,1.6538,0.0,0.0,0.0,31.0,0.5385,1.6538,0.0,NASA POWER Daily API,NASA POWER / MERRA-2,0.5 degree latitude x 0.625 degree longitude (~50 km),source-native model grid cell containing city-centre coordinates
Hulunbuir,2,2000,2025,26,-19.5297,-13.6815,-26.2276,92.9711,1.5,0.0,0.0,0.0,28.2692,0.6538,1.5,0.0,NASA POWER Daily API,NASA POWER / MERRA-2,0.5 degree latitude x 0.625 degree longitude (~50 km),source-native model grid cell containing city-centre coordinates
Hulunbuir,3,2000,2025,26,-9.2892,-3.1934,-15.8685,79.6446,2.9615,0.0,0.0,0.0,31.0,2.3077,2.7308,0.0,NASA POWER Daily API,NASA POWER / MERRA-2,0.5 degree latitude x 0.625 degree longitude (~50 km),source-native model grid cell containing city-centre coordinates
Hulunbuir,4,2000,2025,26,2.1634,8.4065,-4.3393,56.4892,4.7692,0.0,0.0,0.0,26.4615,5.0,1.4231,0.0,NASA POWER Daily API,NASA POWER / MERRA-2,0.5 degree latitude x 0.625 degree longitude (~50 km),source-native model grid cell containing city-centre coordinates
Hulunbuir,5,2000,2025,26,10.5806,17.3102,5.2709,53.5533,7.4231,0.0385,0.0,0.0,6.2308,4.8077,0.0769,0.0,NASA POWER Daily API,NASA POWER / MERRA-2,0.5 degree latitude x 0.625 degree longitude (~50 km),source-native model grid cell containing city-centre coordinates
Hulunbuir,6,2000,2025,26,17.8757,24.2951,15.0853,59.0582,12.0769,0.4615,0.0,0.5,0.0,0.5385,0.0,0.0,NASA POWER Daily API,NASA POWER / MERRA-2,0.5 degree latitude x 0.625 degree longitude (~50 km),source-native model grid cell containing city-centre coordinates
Hulunbuir,7,2000,2025,26,20.5676,26.4315,19.2377,66.4373,15.6154,1.2308,0.0385,0.3846,0.0,0.4615,0.0,0.0,NASA POWER Daily API,NASA POWER / MERRA-2,0.5 degree latitude x 0.625 degree longitude (~50 km),source-native model grid cell containing city-centre coordinates
Hulunbuir,8,2000,2025,26,18.0196,23.9899,16.012,67.3273,12.5769,0.4615,0.0769,0.0769,0.0,0.2308,0.0,0.0,NASA POWER Daily API,NASA POWER / MERRA-2,0.5 degree latitude x 0.625 degree longitude (~50 km),source-native model grid cell containing city-centre coordinates
Hulunbuir,9,2000,2025,26,10.9238,17.6795,6.6587,64.7351,7.5769,0.3077,0.0385,0.0,3.6538,1.2692,0.0769,0.0,NASA POWER Daily API,NASA POWER / MERRA-2,0.5 degree latitude x 0.625 degree longitude (~50 km),source-native model grid cell containing city-centre coordinates
Hulunbuir,10,2000,2025,26,0.6516,6.5178,-5.111,67.6276,4.5385,0.0385,0.0,0.0,26.6538,1.4615,1.7308,0.0,NASA POWER Daily API,NASA POWER / MERRA-2,0.5 degree latitude x 0.625 degree longitude (~50 km),source-native model grid cell containing city-centre coordinates
Hulunbuir,11,2000,2025,26,-10.71,-6.2618,-17.2444,80.8845,3.1154,0.0,0.0,0.0,30.0,0.7308,3.1154,0.0,NASA POWER Daily API,NASA POWER / MERRA-2,0.5 degree latitude x 0.625 degree longitude (~50 km),source-native model grid cell containing city-centre coordinates
Hulunbuir,12,2000,2025,26,-21.0272,-16.8744,-27.787,91.7961,2.2308,0.0,0.0,0.0,31.0,0.3462,2.2308,0.0,NASA POWER Daily API,NASA POWER / MERRA-2,0.5 degree latitude x 0.625 degree longitude (~50 km),source-native model grid cell containing city-centre coordinates
Genhe,1,2000,2025,26,-26.0519,-20.8596,-32.0733,97.1222,1.5,0.0,0.0,0.0,31.0,0.0,1.5,0.0,NASA POWER Daily API,NASA POWER / MERRA-2,0.5 degree latitude x 0.625 degree longitude (~50 km),source-native model grid cell containing city-centre coordinates
Genhe,2,2000,2025,26,-22.1167,-16.3553,-28.1425,96.5995,1.6538,0.0,0.0,0.0,28.2692,0.0,1.6538,0.0,NASA POWER Daily API,NASA POWER / MERRA-2,0.5 degree latitude x 0.625 degree longitude (~50 km),source-native model grid cell containing city-centre coordinates
Genhe,3,2000,2025,26,-12.42,-6.8916,-18.2217,91.0364,3.4615,0.0,0.0,0.0,31.0,0.1538,3.4615,0.0,NASA POWER Daily API,NASA POWER / MERRA-2,0.5 degree latitude x 0.625 degree longitude (~50 km),source-native model grid cell containing city-centre coordinates
Genhe,4,2000,2025,26,-1.2546,4.374,-6.5364,71.0045,7.3462,0.0769,0.0,0.0,29.0,0.0385,4.3077,0.0,NASA POWER Daily API,NASA POWER / MERRA-2,0.5 degree latitude x 0.625 degree longitude (~50 km),source-native model grid cell containing city-centre coordinates
Genhe,5,2000,2025,26,7.5567,13.9285,3.49,64.6803,10.0,0.1923,0.0,0.0,13.9231,0.0,0.5385,0.0,NASA POWER Daily API,NASA POWER / MERRA-2,0.5 degree latitude x 0.625 degree longitude (~50 km),source-native model grid cell containing city-centre coordinates
Genhe,6,2000,2025,26,15.2552,21.3023,13.3513,67.7636,14.0385,0.4231,0.0,0.1538,0.3462,0.0,0.0,0.0,NASA POWER Daily API,NASA POWER / MERRA-2,0.5 degree latitude x 0.625 degree longitude (~50 km),source-native model grid cell containing city-centre coordinates
Genhe,7,2000,2025,26,18.078,23.7554,17.4014,73.2109,17.5,1.4615,0.0769,0.0,0.0,0.0,0.0,0.0,NASA POWER Daily API,NASA POWER / MERRA-2,0.5 degree latitude x 0.625 degree longitude (~50 km),source-native model grid cell containing city-centre coordinates
Genhe,8,2000,2025,26,15.3113,21.0498,13.9332,74.8308,14.7692,0.6538,0.0,0.0,0.0769,0.0,0.0,0.0,NASA POWER Daily API,NASA POWER / MERRA-2,0.5 degree latitude x 0.625 degree longitude (~50 km),source-native model grid cell containing city-centre coordinates
Genhe,9,2000,2025,26,8.0996,14.3383,4.8433,73.8841,10.1538,0.4231,0.0,0.0,8.6923,0.0,0.2308,0.0,NASA POWER Daily API,NASA POWER / MERRA-2,0.5 degree latitude x 0.625 degree longitude (~50 km),source-native model grid cell containing city-centre coordinates
Genhe,10,2000,2025,26,-2.0268,3.3039,-6.7612,76.7255,5.6154,0.0385,0.0,0.0,29.4615,0.0,3.5385,0.0,NASA POWER Daily API,NASA POWER / MERRA-2,0.5 degree latitude x 0.625 degree longitude (~50 km),source-native model grid cell containing city-centre coordinates
Genhe,11,2000,2025,26,-14.1254,-9.701,-19.6759,89.4396,4.0,0.0,0.0,0.0,30.0,0.0,4.0,0.0,NASA POWER Daily API,NASA POWER / MERRA-2,0.5 degree latitude x 0.625 degree longitude (~50 km),source-native model grid cell containing city-centre coordinates
Genhe,12,2000,2025,26,-24.0631,-19.63,-30.0804,95.7233,1.9231,0.0,0.0,0.0,31.0,0.0,1.9231,0.0,NASA POWER Daily API,NASA POWER / MERRA-2,0.5 degree latitude x 0.625 degree longitude (~50 km),source-native model grid cell containing city-centre coordinates
Altay,1,2000,2025,26,-16.8517,-11.1026,-22.4153,77.7716,6.0,0.0,0.0,0.0,31.0,0.0385,6.0,0.0,NASA POWER Daily API,NASA POWER / MERRA-2,0.5 degree latitude x 0.625 degree longitude (~50 km),source-native model grid cell containing city-centre coordinates
Altay,2,2000,2025,26,-14.5526,-8.424,-20.1013,77.9575,4.4231,0.0,0.0,0.0,28.2692,0.1923,4.4231,0.0,NASA POWER Daily API,NASA POWER / MERRA-2,0.5 degree latitude x 0.625 degree longitude (~50 km),source-native model grid cell containing city-centre coordinates
Altay,3,2000,2025,26,-7.3294,-1.5215,-12.7675,68.9083,5.5,0.0,0.0,0.0,30.9231,0.3462,5.1154,0.0,NASA POWER Daily API,NASA POWER / MERRA-2,0.5 degree latitude x 0.625 degree longitude (~50 km),source-native model grid cell containing city-centre coordinates
Altay,4,2000,2025,26,1.9288,7.6304,-3.1137,57.8693,6.1154,0.0385,0.0,0.0,23.1923,0.6154,2.1923,0.0,NASA POWER Daily API,NASA POWER / MERRA-2,0.5 degree latitude x 0.625 degree longitude (~50 km),source-native model grid cell containing city-centre coordinates
Altay,5,2000,2025,26,8.703,14.601,4.1299,51.9133,6.6538,0.0,0.0,0.0,9.4231,0.5769,0.3846,0.0,NASA POWER Daily API,NASA POWER / MERRA-2,0.5 degree latitude x 0.625 degree longitude (~50 km),source-native model grid cell containing city-centre coordinates
Altay,6,2000,2025,26,14.7702,20.7031,11.2429,50.4969,7.0769,0.0,0.0,0.0,0.5,0.1154,0.0,0.0,NASA POWER Daily API,NASA POWER / MERRA-2,0.5 degree latitude x 0.625 degree longitude (~50 km),source-native model grid cell containing city-centre coordinates
Altay,7,2000,2025,26,16.9524,22.9496,13.7076,48.1197,7.1538,0.0385,0.0,0.0,0.0,0.0,0.0,0.0,NASA POWER Daily API,NASA POWER / MERRA-2,0.5 degree latitude x 0.625 degree longitude (~50 km),source-native model grid cell containing city-centre coordinates
Altay,8,2000,2025,26,15.1609,21.4829,11.5073,45.7793,6.4615,0.0,0.0,0.0,0.0385,0.0,0.0,0.0,NASA POWER Daily API,NASA POWER / MERRA-2,0.5 degree latitude x 0.625 degree longitude (~50 km),source-native model grid cell containing city-centre coordinates
Altay,9,2000,2025,26,8.3726,14.6163,4.0366,48.6696,5.9615,0.0769,0.0,0.0,7.0,0.0769,0.3846,0.0,NASA POWER Daily API,NASA POWER / MERRA-2,0.5 degree latitude x 0.625 degree longitude (~50 km),source-native model grid cell containing city-centre coordinates
Altay,10,2000,2025,26,-0.0064,5.2644,-4.6891,60.8596,6.7308,0.0769,0.0,0.0,26.0,0.0769,3.8462,0.0,NASA POWER Daily API,NASA POWER / MERRA-2,0.5 degree latitude x 0.625 degree longitude (~50 km),source-native model grid cell containing city-centre coordinates
Altay,11,2000,2025,26,-9.3697,-4.2989,-14.5125,74.1967,7.8462,0.0,0.0,0.0,29.9231,0.2692,7.6923,0.0,NASA POWER Daily API,NASA POWER / MERRA-2,0.5 degree latitude x 0.625 degree longitude (~50 km),source-native model grid cell containing city-centre coordinates
Altay,12,2000,2025,26,-15.3868,-10.1372,-20.7764,76.4668,6.3462,0.0,0.0,0.0,31.0,0.0769,6.3462,0.0,NASA POWER Daily API,NASA POWER / MERRA-2,0.5 degree latitude x 0.625 degree longitude (~50 km),source-native model grid cell containing city-centre coordinates
New York,1,2000,2025,26,1.2021,3.6531,-5.4211,81.9766,9.4615,1.4231,0.1538,0.0,18.1538,7.0,1.8846,0.0,NASA POWER Daily API,NASA POWER / MERRA-2,0.5 degree latitude x 0.625 degree longitude (~50 km),source-native model grid cell containing city-centre coordinates
New York,2,2000,2025,26,1.6084,4.2076,-4.8392,81.0005,9.3077,1.3462,0.0385,0.0,16.0385,6.2308,1.5769,0.0,NASA POWER Daily API,NASA POWER / MERRA-2,0.5 degree latitude x 0.625 degree longitude (~50 km),source-native model grid cell containing city-centre coordinates
New York,3,2000,2025,26,4.5263,7.2866,-1.3327,80.7299,10.5769,1.8462,0.3077,0.0,8.6923,5.4231,0.5,0.0,NASA POWER Daily API,NASA POWER / MERRA-2,0.5 degree latitude x 0.625 degree longitude (~50 km),source-native model grid cell containing city-centre coordinates
New York,4,2000,2025,26,9.1759,12.1057,4.579,81.5054,11.0385,1.4615,0.1538,0.0,0.4231,3.0,0.0,0.0,NASA POWER Daily API,NASA POWER / MERRA-2,0.5 degree latitude x 0.625 degree longitude (~50 km),source-native model grid cell containing city-centre coordinates
New York,5,2000,2025,26,14.3706,17.1017,11.7258,83.6523,12.4615,1.2308,0.0385,0.0,0.0,1.1923,0.0,0.0,NASA POWER Daily API,NASA POWER / MERRA-2,0.5 degree latitude x 0.625 degree longitude (~50 km),source-native model grid cell containing city-centre coordinates
New York,6,2000,2025,26,19.9302,22.4444,19.3641,82.84,13.1538,1.2308,0.1154,0.0,0.0,0.4615,0.0,0.0,NASA POWER Daily API,NASA POWER / MERRA-2,0.5 degree latitude x 0.625 degree longitude (~50 km),source-native model grid cell containing city-centre coordinates
New York,7,2000,2025,26,23.7953,26.2123,24.7132,79.8208,14.0769,1.3462,0.1154,0.0,0.0,0.4615,0.0,0.0,NASA POWER Daily API,NASA POWER / MERRA-2,0.5 degree latitude x 0.625 degree longitude (~50 km),source-native model grid cell containing city-centre coordinates
New York,8,2000,2025,26,23.6242,26.0731,24.2703,77.9295,13.5,1.0,0.1538,0.0,0.0,0.2692,0.0,0.0,NASA POWER Daily API,NASA POWER / MERRA-2,0.5 degree latitude x 0.625 degree longitude (~50 km),source-native model grid cell containing city-centre coordinates
New York,9,2000,2025,26,20.5858,23.1408,19.5448,77.371,9.6538,1.5,0.1923,0.0,0.0,1.5385,0.0,0.0,NASA POWER Daily API,NASA POWER / MERRA-2,0.5 degree latitude x 0.625 degree longitude (~50 km),source-native model grid cell containing city-centre coordinates
New York,10,2000,2025,26,15.0481,17.7476,11.6432,77.8138,9.1154,1.8846,0.2692,0.0,0.0,3.4231,0.0,0.0,NASA POWER Daily API,NASA POWER / MERRA-2,0.5 degree latitude x 0.625 degree longitude (~50 km),source-native model grid cell containing city-centre coordinates
New York,11,2000,2025,26,9.2876,11.9597,4.2955,78.6084,8.1538,1.5769,0.1538,0.0,1.0385,4.4231,0.0,0.0,NASA POWER Daily API,NASA POWER / MERRA-2,0.5 degree latitude x 0.625 degree longitude (~50 km),source-native model grid cell containing city-centre coordinates
New York,12,2000,2025,26,4.4214,6.7885,-1.6006,81.4623,10.2308,2.3077,0.2308,0.0,8.6538,6.0769,0.4615,0.0,NASA POWER Daily API,NASA POWER / MERRA-2,0.5 degree latitude x 0.625 degree longitude (~50 km),source-native model grid cell containing city-centre coordinates
Boston,1,2000,2025,26,-3.3804,0.5625,-8.1698,87.5779,9.5769,1.1154,0.0769,0.0,28.1538,0.0,5.2692,0.0,NASA POWER Daily API,NASA POWER / MERRA-2,0.5 degree latitude x 0.625 degree longitude (~50 km),source-native model grid cell containing city-centre coordinates
Boston,2,2000,2025,26,-2.4238,1.7986,-7.2124,86.716,9.0385,1.0,0.0385,0.0,26.1923,0.0,5.1923,0.0,NASA POWER Daily API,NASA POWER / MERRA-2,0.5 degree latitude x 0.625 degree longitude (~50 km),source-native model grid cell containing city-centre coordinates
Boston,3,2000,2025,26,1.6999,6.4583,-2.6032,82.2127,10.2692,1.5385,0.3846,0.0,23.4231,0.0,2.0,0.0,NASA POWER Daily API,NASA POWER / MERRA-2,0.5 degree latitude x 0.625 degree longitude (~50 km),source-native model grid cell containing city-centre coordinates
Boston,4,2000,2025,26,7.5152,12.8525,4.3603,79.1731,11.3846,1.5,0.0769,0.0,7.8077,0.0,0.3462,0.0,NASA POWER Daily API,NASA POWER / MERRA-2,0.5 degree latitude x 0.625 degree longitude (~50 km),source-native model grid cell containing city-centre coordinates
Boston,5,2000,2025,26,13.5188,18.8315,12.0582,78.7722,12.1538,1.1154,0.0769,0.0,0.0385,0.0,0.0,0.0,NASA POWER Daily API,NASA POWER / MERRA-2,0.5 degree latitude x 0.625 degree longitude (~50 km),source-native model grid cell containing city-centre coordinates
Boston,6,2000,2025,26,18.7223,23.7342,19.0644,79.0734,13.3846,1.0385,0.0769,0.0,0.0,0.0,0.0,0.0,NASA POWER Daily API,NASA POWER / MERRA-2,0.5 degree latitude x 0.625 degree longitude (~50 km),source-native model grid cell containing city-centre coordinates
Boston,7,2000,2025,26,22.4176,27.5453,23.9138,75.6764,13.0769,1.0769,0.0385,0.4231,0.0,0.0,0.0,0.0,NASA POWER Daily API,NASA POWER / MERRA-2,0.5 degree latitude x 0.625 degree longitude (~50 km),source-native model grid cell containing city-centre coordinates
Boston,8,2000,2025,26,21.9853,27.4839,23.1259,73.5362,11.6923,0.9231,0.0385,0.5769,0.0,0.0,0.0,0.0,NASA POWER Daily API,NASA POWER / MERRA-2,0.5 degree latitude x 0.625 degree longitude (~50 km),source-native model grid cell containing city-centre coordinates
Boston,9,2000,2025,26,18.1358,23.841,17.9466,75.0199,9.6154,1.2692,0.2308,0.0385,0.0,0.0,0.0,0.0,NASA POWER Daily API,NASA POWER / MERRA-2,0.5 degree latitude x 0.625 degree longitude (~50 km),source-native model grid cell containing city-centre coordinates
Boston,10,2000,2025,26,11.6786,16.7996,9.6608,78.5371,10.1538,2.0385,0.1154,0.0,1.5769,0.0,0.0385,0.0,NASA POWER Daily API,NASA POWER / MERRA-2,0.5 degree latitude x 0.625 degree longitude (~50 km),source-native model grid cell containing city-centre coordinates
Boston,11,2000,2025,26,5.3593,9.9317,2.0132,80.7136,9.3077,1.1923,0.0769,0.0,12.1154,0.0,0.2308,0.0,NASA POWER Daily API,NASA POWER / MERRA-2,0.5 degree latitude x 0.625 degree longitude (~50 km),source-native model grid cell containing city-centre coordinates
Boston,12,2000,2025,26,0.0179,3.7832,-4.2003,85.5572,10.9231,1.6154,0.1923,0.0,24.8462,0.0,3.5,0.0,NASA POWER Daily API,NASA POWER / MERRA-2,0.5 degree latitude x 0.625 degree longitude (~50 km),source-native model grid cell containing city-centre coordinates
San Francisco,1,2000,2025,26,9.5006,13.5352,6.5465,84.3844,9.3846,1.4615,0.1538,0.0,0.1923,0.5385,0.0,0.0,NASA POWER Daily API,NASA POWER / MERRA-2,0.5 degree latitude x 0.625 degree longitude (~50 km),source-native model grid cell containing city-centre coordinates
San Francisco,2,2000,2025,26,10.319,14.4384,7.268,82.1833,9.4615,1.3846,0.0385,0.0,0.0,0.3846,0.0,0.0,NASA POWER Daily API,NASA POWER / MERRA-2,0.5 degree latitude x 0.625 degree longitude (~50 km),source-native model grid cell containing city-centre coordinates
San Francisco,3,2000,2025,26,11.2939,15.6792,8.3949,81.571,9.8077,0.7308,0.0,0.0,0.0,0.1923,0.0,0.0,NASA POWER Daily API,NASA POWER / MERRA-2,0.5 degree latitude x 0.625 degree longitude (~50 km),source-native model grid cell containing city-centre coordinates
San Francisco,4,2000,2025,26,12.2829,17.1156,9.3915,79.4671,5.3462,0.2692,0.0,0.0,0.0,0.0385,0.0,0.0,NASA POWER Daily API,NASA POWER / MERRA-2,0.5 degree latitude x 0.625 degree longitude (~50 km),source-native model grid cell containing city-centre coordinates
San Francisco,5,2000,2025,26,14.0762,19.2942,11.359,77.1126,2.8077,0.1154,0.0,0.0,0.0,0.0,0.0,0.0,NASA POWER Daily API,NASA POWER / MERRA-2,0.5 degree latitude x 0.625 degree longitude (~50 km),source-native model grid cell containing city-centre coordinates
San Francisco,6,2000,2025,26,16.0367,21.6643,13.6168,73.4187,1.2308,0.0,0.0,0.0385,0.0,0.0,0.0,0.0,NASA POWER Daily API,NASA POWER / MERRA-2,0.5 degree latitude x 0.625 degree longitude (~50 km),source-native model grid cell containing city-centre coordinates
San Francisco,7,2000,2025,26,16.8375,22.3832,14.8606,73.9107,0.1154,0.0,0.0,0.0,0.0,0.0,0.0,0.0,NASA POWER Daily API,NASA POWER / MERRA-2,0.5 degree latitude x 0.625 degree longitude (~50 km),source-native model grid cell containing city-centre coordinates
San Francisco,8,2000,2025,26,17.4646,23.2863,15.7797,73.7302,0.1538,0.0,0.0,0.0769,0.0,0.0,0.0,0.0,NASA POWER Daily API,NASA POWER / MERRA-2,0.5 degree latitude x 0.625 degree longitude (~50 km),source-native model grid cell containing city-centre coordinates
San Francisco,9,2000,2025,26,17.7031,24.107,16.0341,70.2664,1.1154,0.0,0.0,0.1923,0.0,0.0,0.0,0.0,NASA POWER Daily API,NASA POWER / MERRA-2,0.5 degree latitude x 0.625 degree longitude (~50 km),source-native model grid cell containing city-centre coordinates
San Francisco,10,2000,2025,26,15.8948,22.0824,13.8794,70.0463,3.7308,0.2692,0.0769,0.0769,0.0,0.0769,0.0,0.0,NASA POWER Daily API,NASA POWER / MERRA-2,0.5 degree latitude x 0.625 degree longitude (~50 km),source-native model grid cell containing city-centre coordinates
San Francisco,11,2000,2025,26,12.306,17.2879,9.8356,76.7914,6.9231,0.5769,0.0385,0.0,0.0,0.1538,0.0,0.0,NASA POWER Daily API,NASA POWER / MERRA-2,0.5 degree latitude x 0.625 degree longitude (~50 km),source-native model grid cell containing city-centre coordinates
San Francisco,12,2000,2025,26,9.7077,13.5829,6.6724,82.8857,11.7308,1.6923,0.2308,0.0,0.0769,0.6538,0.0,0.0,NASA POWER Daily API,NASA POWER / MERRA-2,0.5 degree latitude x 0.625 degree longitude (~50 km),source-native model grid cell containing city-centre coordinates
Los Angeles,1,2000,2025,26,12.0058,18.1609,8.3852,60.1966,5.0,1.3077,0.1538,0.0,0.1154,0.6923,0.0,0.0,NASA POWER Daily API,NASA POWER / MERRA-2,0.5 degree latitude x 0.625 degree longitude (~50 km),source-native model grid cell containing city-centre coordinates
Los Angeles,2,2000,2025,26,12.1654,18.0703,8.8488,63.7848,6.4231,1.4231,0.2692,0.0,0.0385,0.3077,0.0,0.0,NASA POWER Daily API,NASA POWER / MERRA-2,0.5 degree latitude x 0.625 degree longitude (~50 km),source-native model grid cell containing city-centre coordinates
Los Angeles,3,2000,2025,26,13.5346,19.5756,10.6986,65.2881,5.7308,0.6923,0.0769,0.0,0.0,0.1923,0.0,0.0,NASA POWER Daily API,NASA POWER / MERRA-2,0.5 degree latitude x 0.625 degree longitude (~50 km),source-native model grid cell containing city-centre coordinates
Los Angeles,4,2000,2025,26,15.1742,21.4613,12.6133,63.2788,2.5,0.1538,0.0,0.0,0.0,0.0385,0.0,0.0,NASA POWER Daily API,NASA POWER / MERRA-2,0.5 degree latitude x 0.625 degree longitude (~50 km),source-native model grid cell containing city-centre coordinates
Los Angeles,5,2000,2025,26,17.4659,23.8431,15.5844,62.6807,1.4615,0.0385,0.0,0.0385,0.0,0.0,0.0,0.0,NASA POWER Daily API,NASA POWER / MERRA-2,0.5 degree latitude x 0.625 degree longitude (~50 km),source-native model grid cell containing city-centre coordinates
Los Angeles,6,2000,2025,26,20.4199,27.0558,19.0984,57.4256,0.0769,0.0,0.0,0.3462,0.0,0.0,0.0,0.0,NASA POWER Daily API,NASA POWER / MERRA-2,0.5 degree latitude x 0.625 degree longitude (~50 km),source-native model grid cell containing city-centre coordinates
Los Angeles,7,2000,2025,26,23.411,29.9775,22.5361,51.1892,0.3077,0.0,0.0,0.8462,0.0,0.0,0.0,0.0,NASA POWER Daily API,NASA POWER / MERRA-2,0.5 degree latitude x 0.625 degree longitude (~50 km),source-native model grid cell containing city-centre coordinates
Los Angeles,8,2000,2025,26,24.0361,30.8124,23.1024,48.5936,0.2692,0.0385,0.0385,1.9231,0.0,0.0385,0.0,0.0,NASA POWER Daily API,NASA POWER / MERRA-2,0.5 degree latitude x 0.625 degree longitude (~50 km),source-native model grid cell containing city-centre coordinates
Los Angeles,9,2000,2025,26,22.9974,29.8223,21.9372,51.1425,0.5769,0.0385,0.0,2.6154,0.0,0.0,0.0,0.0,NASA POWER Daily API,NASA POWER / MERRA-2,0.5 degree latitude x 0.625 degree longitude (~50 km),source-native model grid cell containing city-centre coordinates
Los Angeles,10,2000,2025,26,19.4591,26.2416,17.4837,53.102,2.1154,0.1923,0.0,0.5769,0.0,0.1538,0.0,0.0,NASA POWER Daily API,NASA POWER / MERRA-2,0.5 degree latitude x 0.625 degree longitude (~50 km),source-native model grid cell containing city-centre coordinates
Los Angeles,11,2000,2025,26,15.4138,22.0055,12.3147,52.8849,3.0769,0.3462,0.0,0.0,0.0,0.1538,0.0,0.0,NASA POWER Daily API,NASA POWER / MERRA-2,0.5 degree latitude x 0.625 degree longitude (~50 km),source-native model grid cell containing city-centre coordinates
Los Angeles,12,2000,2025,26,12.1621,18.1711,8.6571,58.9159,5.6923,1.0769,0.2308,0.0,0.0,0.5385,0.0,0.0,NASA POWER Daily API,NASA POWER / MERRA-2,0.5 degree latitude x 0.625 degree longitude (~50 km),source-native model grid cell containing city-centre coordinates
Seattle,1,2000,2025,26,4.2925,7.3248,1.1704,90.5099,19.2308,1.7308,0.0769,0.0,7.6923,0.0,0.6154,0.0,NASA POWER Daily API,NASA POWER / MERRA-2,0.5 degree latitude x 0.625 degree longitude (~50 km),source-native model grid cell containing city-centre coordinates
Seattle,2,2000,2025,26,4.5025,8.1863,1.4129,87.7038,16.6923,0.6538,0.0385,0.0,7.5769,0.0,0.8077,0.0,NASA POWER Daily API,NASA POWER / MERRA-2,0.5 degree latitude x 0.625 degree longitude (~50 km),source-native model grid cell containing city-centre coordinates
Seattle,3,2000,2025,26,6.6087,10.5823,3.7125,85.5492,19.5385,0.7308,0.0,0.0,3.0,0.0,0.0385,0.0,NASA POWER Daily API,NASA POWER / MERRA-2,0.5 degree latitude x 0.625 degree longitude (~50 km),source-native model grid cell containing city-centre coordinates
Seattle,4,2000,2025,26,8.9624,13.4129,6.5989,81.957,16.8077,0.2692,0.0,0.0,0.3077,0.0,0.0,0.0,NASA POWER Daily API,NASA POWER / MERRA-2,0.5 degree latitude x 0.625 degree longitude (~50 km),source-native model grid cell containing city-centre coordinates
Seattle,5,2000,2025,26,12.6519,17.2627,11.3124,80.1564,12.6923,0.1154,0.0,0.0,0.0385,0.0,0.0,0.0,NASA POWER Daily API,NASA POWER / MERRA-2,0.5 degree latitude x 0.625 degree longitude (~50 km),source-native model grid cell containing city-centre coordinates
Seattle,6,2000,2025,26,15.2637,19.8372,14.7001,80.0927,10.9231,0.0769,0.0,0.1154,0.0,0.0,0.0,0.0,NASA POWER Daily API,NASA POWER / MERRA-2,0.5 degree latitude x 0.625 degree longitude (~50 km),source-native model grid cell containing city-centre coordinates
Seattle,7,2000,2025,26,18.1851,23.1711,18.5032,77.6893,3.7692,0.0,0.0,0.0385,0.0,0.0,0.0,0.0,NASA POWER Daily API,NASA POWER / MERRA-2,0.5 degree latitude x 0.625 degree longitude (~50 km),source-native model grid cell containing city-centre coordinates
Seattle,8,2000,2025,26,18.2488,23.5213,18.427,76.5462,5.0769,0.2308,0.0,0.0,0.0,0.0,0.0,0.0,NASA POWER Daily API,NASA POWER / MERRA-2,0.5 degree latitude x 0.625 degree longitude (~50 km),source-native model grid cell containing city-centre coordinates
Seattle,9,2000,2025,26,15.3509,20.5708,14.6399,78.6712,9.4615,0.4615,0.0,0.0,0.0,0.0,0.0,0.0,NASA POWER Daily API,NASA POWER / MERRA-2,0.5 degree latitude x 0.625 degree longitude (~50 km),source-native model grid cell containing city-centre coordinates
Seattle,10,2000,2025,26,10.7278,15.1186,8.8928,84.399,15.3077,1.0769,0.0385,0.0,0.3846,0.0,0.0,0.0,NASA POWER Daily API,NASA POWER / MERRA-2,0.5 degree latitude x 0.625 degree longitude (~50 km),source-native model grid cell containing city-centre coordinates
Seattle,11,2000,2025,26,6.5214,9.8834,3.7649,89.215,19.2308,2.0769,0.1154,0.0,3.5,0.0,0.1538,0.0,NASA POWER Daily API,NASA POWER / MERRA-2,0.5 degree latitude x 0.625 degree longitude (~50 km),source-native model grid cell containing city-centre coordinates
Seattle,12,2000,2025,26,3.9358,6.7245,0.7473,90.8761,19.7308,1.9615,0.1154,0.0,7.7308,0.0769,0.8077,0.0,NASA POWER Daily API,NASA POWER / MERRA-2,0.5 degree latitude x 0.625 degree longitude (~50 km),source-native model grid cell containing city-centre coordinates
Toronto,1,2000,2025,26,-2.4947,-0.2048,-9.8454,84.8711,13.1538,0.0385,0.0,0.0,25.5385,11.0769,6.8077,0.0,NASA POWER Daily API,NASA POWER / MERRA-2,0.5 degree latitude x 0.625 degree longitude (~50 km),source-native model grid cell containing city-centre coordinates
Toronto,2,2000,2025,26,-2.4254,0.1143,-9.7271,83.4773,11.3077,0.0,0.0,0.0,24.8846,9.6538,7.0385,0.0,NASA POWER Daily API,NASA POWER / MERRA-2,0.5 degree latitude x 0.625 degree longitude (~50 km),source-native model grid cell containing city-centre coordinates
Toronto,3,2000,2025,26,1.1562,4.0612,-5.1527,79.8945,12.0769,0.0,0.0,0.0,19.5769,6.8846,3.5,0.0,NASA POWER Daily API,NASA POWER / MERRA-2,0.5 degree latitude x 0.625 degree longitude (~50 km),source-native model grid cell containing city-centre coordinates
Toronto,4,2000,2025,26,5.7179,9.0426,0.4356,78.6508,13.7692,0.2308,0.0,0.0,5.6154,3.8462,0.5769,0.0,NASA POWER Daily API,NASA POWER / MERRA-2,0.5 degree latitude x 0.625 degree longitude (~50 km),source-native model grid cell containing city-centre coordinates
Toronto,5,2000,2025,26,11.5205,15.1187,8.101,77.5867,14.0,0.1538,0.0,0.0,0.0385,0.8077,0.0,0.0,NASA POWER Daily API,NASA POWER / MERRA-2,0.5 degree latitude x 0.625 degree longitude (~50 km),source-native model grid cell containing city-centre coordinates
Toronto,6,2000,2025,26,17.7839,21.164,15.9761,75.1082,15.1923,0.1538,0.0,0.0,0.0,0.3846,0.0,0.0,NASA POWER Daily API,NASA POWER / MERRA-2,0.5 degree latitude x 0.625 degree longitude (~50 km),source-native model grid cell containing city-centre coordinates
Toronto,7,2000,2025,26,21.8122,24.9818,21.3087,71.8117,15.2308,0.3077,0.0,0.0,0.0,0.3462,0.0,0.0,NASA POWER Daily API,NASA POWER / MERRA-2,0.5 degree latitude x 0.625 degree longitude (~50 km),source-native model grid cell containing city-centre coordinates
Toronto,8,2000,2025,26,21.7919,24.7818,21.155,71.9762,13.5769,0.0385,0.0,0.0,0.0,0.4615,0.0,0.0,NASA POWER Daily API,NASA POWER / MERRA-2,0.5 degree latitude x 0.625 degree longitude (~50 km),source-native model grid cell containing city-centre coordinates
Toronto,9,2000,2025,26,18.4779,21.472,16.4755,73.4722,12.3462,0.1923,0.0,0.0,0.0,1.9231,0.0,0.0,NASA POWER Daily API,NASA POWER / MERRA-2,0.5 degree latitude x 0.625 degree longitude (~50 km),source-native model grid cell containing city-centre coordinates
Toronto,10,2000,2025,26,11.9064,14.5401,7.633,77.2649,15.6923,0.1154,0.0,0.0,0.1154,4.0385,0.0,0.0,NASA POWER Daily API,NASA POWER / MERRA-2,0.5 degree latitude x 0.625 degree longitude (~50 km),source-native model grid cell containing city-centre coordinates
Toronto,11,2000,2025,26,5.5479,7.886,-0.2331,79.9005,13.7692,0.0769,0.0,0.0,5.0769,6.0385,0.6923,0.0,NASA POWER Daily API,NASA POWER / MERRA-2,0.5 degree latitude x 0.625 degree longitude (~50 km),source-native model grid cell containing city-centre coordinates
Toronto,12,2000,2025,26,0.5303,2.5454,-6.3126,83.4416,15.0385,0.0769,0.0,0.0,19.2308,8.2308,5.0769,0.0,NASA POWER Daily API,NASA POWER / MERRA-2,0.5 degree latitude x 0.625 degree longitude (~50 km),source-native model grid cell containing city-centre coordinates
Vancouver,1,2000,2025,26,-0.609,1.4191,-4.3134,93.6452,20.3462,5.1538,0.6154,0.0,19.6923,0.0,6.4231,0.0,NASA POWER Daily API,NASA POWER / MERRA-2,0.5 degree latitude x 0.625 degree longitude (~50 km),source-native model grid cell containing city-centre coordinates
Vancouver,2,2000,2025,26,-0.6504,1.8817,-4.3242,91.9161,16.9615,2.0385,0.1923,0.0,19.5385,0.0,5.0385,0.0,NASA POWER Daily API,NASA POWER / MERRA-2,0.5 degree latitude x 0.625 degree longitude (~50 km),source-native model grid cell containing city-centre coordinates
Vancouver,3,2000,2025,26,1.6285,3.8837,-1.6786,90.8001,20.2692,3.5,0.1923,0.0,16.6538,0.0,3.0385,0.0,NASA POWER Daily API,NASA POWER / MERRA-2,0.5 degree latitude x 0.625 degree longitude (~50 km),source-native model grid cell containing city-centre coordinates
Vancouver,4,2000,2025,26,4.8943,7.9513,2.0562,83.7154,17.2308,1.4231,0.0,0.0,7.1923,0.0,0.2308,0.0,NASA POWER Daily API,NASA POWER / MERRA-2,0.5 degree latitude x 0.625 degree longitude (~50 km),source-native model grid cell containing city-centre coordinates
Vancouver,5,2000,2025,26,9.9994,13.6354,8.1401,78.662,16.0769,0.6923,0.0,0.0,0.3846,0.0,0.0,0.0,NASA POWER Daily API,NASA POWER / MERRA-2,0.5 degree latitude x 0.625 degree longitude (~50 km),source-native model grid cell containing city-centre coordinates
Vancouver,6,2000,2025,26,13.3158,16.9152,12.2104,78.1837,15.0,0.3846,0.0,0.0769,0.0,0.0,0.0,0.0,NASA POWER Daily API,NASA POWER / MERRA-2,0.5 degree latitude x 0.625 degree longitude (~50 km),source-native model grid cell containing city-centre coordinates
Vancouver,7,2000,2025,26,16.5864,20.3837,16.4139,76.7219,9.4231,0.2692,0.0,0.0,0.0,0.0,0.0,0.0,NASA POWER Daily API,NASA POWER / MERRA-2,0.5 degree latitude x 0.625 degree longitude (~50 km),source-native model grid cell containing city-centre coordinates
Vancouver,8,2000,2025,26,16.5227,20.4333,16.4121,77.848,9.2692,0.6538,0.0,0.0,0.0,0.0,0.0,0.0,NASA POWER Daily API,NASA POWER / MERRA-2,0.5 degree latitude x 0.625 degree longitude (~50 km),source-native model grid cell containing city-centre coordinates
Vancouver,9,2000,2025,26,12.9871,16.8509,11.9685,81.3515,12.2692,1.7692,0.1923,0.0,0.0,0.0,0.0,0.0,NASA POWER Daily API,NASA POWER / MERRA-2,0.5 degree latitude x 0.625 degree longitude (~50 km),source-native model grid cell containing city-centre coordinates
Vancouver,10,2000,2025,26,7.6225,10.7931,5.3928,85.9498,17.9615,4.0,0.3462,0.0,1.3077,0.0,0.0,0.0,NASA POWER Daily API,NASA POWER / MERRA-2,0.5 degree latitude x 0.625 degree longitude (~50 km),source-native model grid cell containing city-centre coordinates
Vancouver,11,2000,2025,26,2.23,4.4975,-1.0108,91.2723,20.5385,6.2692,0.6923,0.0,11.0769,0.0,1.9615,0.0,NASA POWER Daily API,NASA POWER / MERRA-2,0.5 degree latitude x 0.625 degree longitude (~50 km),source-native model grid cell containing city-centre coordinates
Vancouver,12,2000,2025,26,-1.0522,1.0266,-4.8242,93.9115,21.3462,5.1154,0.3846,0.0,20.7308,0.0,8.3846,0.0,NASA POWER Daily API,NASA POWER / MERRA-2,0.5 degree latitude x 0.625 degree longitude (~50 km),source-native model grid cell containing city-centre coordinates
London,1,2000,2025,26,4.039,6.8887,-1.3624,93.4315,13.5,0.0,0.0,0.0,11.5385,6.3077,0.5,0.0,NASA POWER Daily API,NASA POWER / MERRA-2,0.5 degree latitude x 0.625 degree longitude (~50 km),source-native model grid cell containing city-centre coordinates
London,2,2000,2025,26,4.6215,8.0654,-0.858,90.0216,11.5,0.0385,0.0,0.0,9.8846,5.1538,0.3077,0.0,NASA POWER Daily API,NASA POWER / MERRA-2,0.5 degree latitude x 0.625 degree longitude (~50 km),source-native model grid cell containing city-centre coordinates
London,3,2000,2025,26,6.3098,10.6437,1.3241,86.0075,11.2308,0.0,0.0,0.0,6.2308,4.5,0.1923,0.0,NASA POWER Daily API,NASA POWER / MERRA-2,0.5 degree latitude x 0.625 degree longitude (~50 km),source-native model grid cell containing city-centre coordinates
London,4,2000,2025,26,8.922,13.8439,4.7264,81.1682,10.4231,0.0,0.0,0.0,2.6154,1.8077,0.0,0.0,NASA POWER Daily API,NASA POWER / MERRA-2,0.5 degree latitude x 0.625 degree longitude (~50 km),source-native model grid cell containing city-centre coordinates
London,5,2000,2025,26,12.3505,17.0999,8.8741,79.5525,11.7308,0.1538,0.0,0.0,0.0385,2.1538,0.0,0.0,NASA POWER Daily API,NASA POWER / MERRA-2,0.5 degree latitude x 0.625 degree longitude (~50 km),source-native model grid cell containing city-centre coordinates
London,6,2000,2025,26,15.6852,20.4368,13.2129,77.7084,10.5769,0.2692,0.0,0.0,0.0,0.9615,0.0,0.0,NASA POWER Daily API,NASA POWER / MERRA-2,0.5 degree latitude x 0.625 degree longitude (~50 km),source-native model grid cell containing city-centre coordinates
London,7,2000,2025,26,17.6866,22.5597,15.6844,75.724,12.3846,0.1154,0.0,0.0,0.0,0.9615,0.0,0.0,NASA POWER Daily API,NASA POWER / MERRA-2,0.5 degree latitude x 0.625 degree longitude (~50 km),source-native model grid cell containing city-centre coordinates
London,8,2000,2025,26,17.4591,22.4873,15.4324,77.1745,11.0769,0.2308,0.0,0.0,0.0,1.0385,0.0,0.0,NASA POWER Daily API,NASA POWER / MERRA-2,0.5 degree latitude x 0.625 degree longitude (~50 km),source-native model grid cell containing city-centre coordinates
London,9,2000,2025,26,14.8907,19.9328,12.1982,80.8836,10.0,0.0769,0.0,0.0,0.0,1.7308,0.0,0.0,NASA POWER Daily API,NASA POWER / MERRA-2,0.5 degree latitude x 0.625 degree longitude (~50 km),source-native model grid cell containing city-centre coordinates
London,10,2000,2025,26,11.4644,15.5453,7.79,87.1339,13.9231,0.1538,0.0,0.0,0.1538,2.9231,0.0,0.0,NASA POWER Daily API,NASA POWER / MERRA-2,0.5 degree latitude x 0.625 degree longitude (~50 km),source-native model grid cell containing city-centre coordinates
London,11,2000,2025,26,7.3993,10.5736,2.9312,92.3505,13.9231,0.2692,0.0,0.0,2.9615,4.0,0.0385,0.0,NASA POWER Daily API,NASA POWER / MERRA-2,0.5 degree latitude x 0.625 degree longitude (~50 km),source-native model grid cell containing city-centre coordinates
London,12,2000,2025,26,5.0783,7.6369,-0.0523,94.3481,13.1923,0.0385,0.0,0.0,7.1923,5.8846,0.6154,0.0,NASA POWER Daily API,NASA POWER / MERRA-2,0.5 degree latitude x 0.625 degree longitude (~50 km),source-native model grid cell containing city-centre coordinates
Paris,1,2000,2025,26,3.0181,6.2763,-2.1112,92.2989,12.4231,0.0769,0.0,0.0,14.6538,4.0769,1.0,0.0,NASA POWER Daily API,NASA POWER / MERRA-2,0.5 degree latitude x 0.625 degree longitude (~50 km),source-native model grid cell containing city-centre coordinates
Paris,2,2000,2025,26,4.0639,8.3684,-1.1402,87.4401,10.5385,0.0,0.0,0.0,11.8846,3.5769,0.6538,0.0,NASA POWER Daily API,NASA POWER / MERRA-2,0.5 degree latitude x 0.625 degree longitude (~50 km),source-native model grid cell containing city-centre coordinates
Paris,3,2000,2025,26,6.9078,12.1519,2.2962,82.0337,11.3846,0.0,0.0,0.0,7.8462,2.4231,0.2308,0.0,NASA POWER Daily API,NASA POWER / MERRA-2,0.5 degree latitude x 0.625 degree longitude (~50 km),source-native model grid cell containing city-centre coordinates
Paris,4,2000,2025,26,10.2441,15.8252,6.505,76.9478,9.5769,0.0769,0.0,0.0,2.2692,0.8462,0.0,0.0,NASA POWER Daily API,NASA POWER / MERRA-2,0.5 degree latitude x 0.625 degree longitude (~50 km),source-native model grid cell containing city-centre coordinates
Paris,5,2000,2025,26,13.899,19.1074,11.1171,76.5447,12.0385,0.1538,0.0,0.0,0.0,0.3846,0.0,0.0,NASA POWER Daily API,NASA POWER / MERRA-2,0.5 degree latitude x 0.625 degree longitude (~50 km),source-native model grid cell containing city-centre coordinates
Paris,6,2000,2025,26,17.6272,22.8033,16.0372,74.5801,10.9231,0.2308,0.0,0.0,0.0,0.2308,0.0,0.0,NASA POWER Daily API,NASA POWER / MERRA-2,0.5 degree latitude x 0.625 degree longitude (~50 km),source-native model grid cell containing city-centre coordinates
Paris,7,2000,2025,26,19.3274,24.6448,18.0165,71.9035,10.7308,0.2692,0.0,0.2692,0.0,0.1538,0.0,0.0,NASA POWER Daily API,NASA POWER / MERRA-2,0.5 degree latitude x 0.625 degree longitude (~50 km),source-native model grid cell containing city-centre coordinates
Paris,8,2000,2025,26,19.1196,24.7696,17.8654,72.2317,9.9615,0.1923,0.0,0.3462,0.0,0.1538,0.0,0.0,NASA POWER Daily API,NASA POWER / MERRA-2,0.5 degree latitude x 0.625 degree longitude (~50 km),source-native model grid cell containing city-centre coordinates
Paris,9,2000,2025,26,15.8817,21.6177,13.7467,75.737,9.1538,0.1538,0.0,0.0,0.0,0.6538,0.0,0.0,NASA POWER Daily API,NASA POWER / MERRA-2,0.5 degree latitude x 0.625 degree longitude (~50 km),source-native model grid cell containing city-centre coordinates
Paris,10,2000,2025,26,11.8949,16.9577,8.7254,83.9536,12.2308,0.1538,0.0385,0.0,0.5769,1.3077,0.0,0.0,NASA POWER Daily API,NASA POWER / MERRA-2,0.5 degree latitude x 0.625 degree longitude (~50 km),source-native model grid cell containing city-centre coordinates
Paris,11,2000,2025,26,7.0161,10.7821,2.8356,90.7342,12.0385,0.0385,0.0,0.0,3.5769,2.2308,0.1154,0.0,NASA POWER Daily API,NASA POWER / MERRA-2,0.5 degree latitude x 0.625 degree longitude (~50 km),source-native model grid cell containing city-centre coordinates
Paris,12,2000,2025,26,3.9139,6.9605,-1.0286,93.1098,12.5769,0.0,0.0,0.0,12.6154,3.2308,0.9231,0.0,NASA POWER Daily API,NASA POWER / MERRA-2,0.5 degree latitude x 0.625 degree longitude (~50 km),source-native model grid cell containing city-centre coordinates
Berlin,1,2000,2025,26,-0.3466,2.3572,-6.1205,93.6337,12.6923,0.0769,0.0,0.0,21.4231,4.0769,3.7308,0.0,NASA POWER Daily API,NASA POWER / MERRA-2,0.5 degree latitude x 0.625 degree longitude (~50 km),source-native model grid cell containing city-centre coordinates
Berlin,2,2000,2025,26,0.9034,4.5383,-4.6672,90.359,10.2308,0.0,0.0,0.0,19.2308,3.5385,2.3846,0.0,NASA POWER Daily API,NASA POWER / MERRA-2,0.5 degree latitude x 0.625 degree longitude (~50 km),source-native model grid cell containing city-centre coordinates
Berlin,3,2000,2025,26,4.0733,8.8366,-0.9128,84.74,10.2308,0.0,0.0,0.0,14.2692,2.3846,1.3077,0.0,NASA POWER Daily API,NASA POWER / MERRA-2,0.5 degree latitude x 0.625 degree longitude (~50 km),source-native model grid cell containing city-centre coordinates
Berlin,4,2000,2025,26,9.0764,14.4927,5.0772,77.8185,7.8077,0.0385,0.0,0.0,4.5385,0.8077,0.0385,0.0,NASA POWER Daily API,NASA POWER / MERRA-2,0.5 degree latitude x 0.625 degree longitude (~50 km),source-native model grid cell containing city-centre coordinates
Berlin,5,2000,2025,26,14.1145,19.4038,11.0611,72.3872,10.4231,0.1154,0.0,0.0,0.0769,0.6154,0.0,0.0,NASA POWER Daily API,NASA POWER / MERRA-2,0.5 degree latitude x 0.625 degree longitude (~50 km),source-native model grid cell containing city-centre coordinates
Berlin,6,2000,2025,26,18.6085,23.9441,16.3344,65.3265,11.3462,0.2692,0.0385,0.2692,0.0,0.6538,0.0,0.0,NASA POWER Daily API,NASA POWER / MERRA-2,0.5 degree latitude x 0.625 degree longitude (~50 km),source-native model grid cell containing city-centre coordinates
Berlin,7,2000,2025,26,20.4024,25.6595,18.6682,65.1899,13.6154,0.5769,0.0,0.6154,0.0,0.4231,0.0,0.0,NASA POWER Daily API,NASA POWER / MERRA-2,0.5 degree latitude x 0.625 degree longitude (~50 km),source-native model grid cell containing city-centre coordinates
Berlin,8,2000,2025,26,19.9989,25.5384,18.4,66.2722,11.9615,0.3077,0.0,0.5,0.0,0.3077,0.0,0.0,NASA POWER Daily API,NASA POWER / MERRA-2,0.5 degree latitude x 0.625 degree longitude (~50 km),source-native model grid cell containing city-centre coordinates
Berlin,9,2000,2025,26,15.5371,21.2185,12.8202,71.7119,8.8462,0.1538,0.0,0.0,0.0,0.6538,0.0,0.0,NASA POWER Daily API,NASA POWER / MERRA-2,0.5 degree latitude x 0.625 degree longitude (~50 km),source-native model grid cell containing city-centre coordinates
Berlin,10,2000,2025,26,10.047,14.8694,6.344,83.1241,10.5769,0.1154,0.0,0.0,1.3846,1.4231,0.0,0.0,NASA POWER Daily API,NASA POWER / MERRA-2,0.5 degree latitude x 0.625 degree longitude (~50 km),source-native model grid cell containing city-centre coordinates
Berlin,11,2000,2025,26,4.6676,7.9,0.1076,91.9699,10.3846,0.0769,0.0,0.0,8.1923,1.3077,0.5,0.0,NASA POWER Daily API,NASA POWER / MERRA-2,0.5 degree latitude x 0.625 degree longitude (~50 km),source-native model grid cell containing city-centre coordinates
Berlin,12,2000,2025,26,1.0585,3.4039,-4.3361,94.2627,12.1538,0.0,0.0,0.0,17.9231,2.3846,2.9615,0.0,NASA POWER Daily API,NASA POWER / MERRA-2,0.5 degree latitude x 0.625 degree longitude (~50 km),source-native model grid cell containing city-centre coordinates
Amsterdam,1,2000,2025,26,3.6886,5.56,-2.5025,91.2269,14.9231,0.1154,0.0,0.0,8.7692,8.8846,0.6154,0.0,NASA POWER Daily API,NASA POWER / MERRA-2,0.5 degree latitude x 0.625 degree longitude (~50 km),source-native model grid cell containing city-centre coordinates
Amsterdam,2,2000,2025,26,3.8386,6.2136,-2.2382,89.7375,12.2692,0.0769,0.0,0.0,8.3846,6.7308,0.4231,0.0,NASA POWER Daily API,NASA POWER / MERRA-2,0.5 degree latitude x 0.625 degree longitude (~50 km),source-native model grid cell containing city-centre coordinates
Amsterdam,3,2000,2025,26,5.8184,8.9878,0.3947,86.0453,11.4231,0.0,0.0,0.0,4.6923,5.1154,0.1538,0.0,NASA POWER Daily API,NASA POWER / MERRA-2,0.5 degree latitude x 0.625 degree longitude (~50 km),source-native model grid cell containing city-centre coordinates
Amsterdam,4,2000,2025,26,9.0971,12.7178,4.6074,81.3464,9.6538,0.0385,0.0,0.0,0.5385,2.3077,0.0,0.0,NASA POWER Daily API,NASA POWER / MERRA-2,0.5 degree latitude x 0.625 degree longitude (~50 km),source-native model grid cell containing city-centre coordinates
Amsterdam,5,2000,2025,26,12.8207,16.2325,9.1712,79.9227,11.8077,0.0769,0.0,0.0,0.0,2.0769,0.0,0.0,NASA POWER Daily API,NASA POWER / MERRA-2,0.5 degree latitude x 0.625 degree longitude (~50 km),source-native model grid cell containing city-centre coordinates
Amsterdam,6,2000,2025,26,16.0253,19.2663,13.4284,79.1904,11.4231,0.3462,0.0,0.0,0.0,1.4231,0.0,0.0,NASA POWER Daily API,NASA POWER / MERRA-2,0.5 degree latitude x 0.625 degree longitude (~50 km),source-native model grid cell containing city-centre coordinates
Amsterdam,7,2000,2025,26,17.9256,21.0367,15.9955,79.4487,14.8846,0.0769,0.0,0.0,0.0,1.6154,0.0,0.0,NASA POWER Daily API,NASA POWER / MERRA-2,0.5 degree latitude x 0.625 degree longitude (~50 km),source-native model grid cell containing city-centre coordinates
Amsterdam,8,2000,2025,26,18.076,21.2553,16.2593,80.1501,14.2692,0.2308,0.0,0.0,0.0,1.3077,0.0,0.0,NASA POWER Daily API,NASA POWER / MERRA-2,0.5 degree latitude x 0.625 degree longitude (~50 km),source-native model grid cell containing city-centre coordinates
Amsterdam,9,2000,2025,26,15.6126,18.7934,12.9133,82.0115,12.9615,0.1923,0.0,0.0,0.0,2.3077,0.0,0.0,NASA POWER Daily API,NASA POWER / MERRA-2,0.5 degree latitude x 0.625 degree longitude (~50 km),source-native model grid cell containing city-centre coordinates
Amsterdam,10,2000,2025,26,11.8196,14.6591,7.7042,86.3108,14.9615,0.2308,0.0,0.0,0.0,4.0769,0.0,0.0,NASA POWER Daily API,NASA POWER / MERRA-2,0.5 degree latitude x 0.625 degree longitude (~50 km),source-native model grid cell containing city-centre coordinates
Amsterdam,11,2000,2025,26,7.7474,9.8532,2.726,90.1693,16.3846,0.0769,0.0,0.0,0.8462,5.1538,0.0385,0.0,NASA POWER Daily API,NASA POWER / MERRA-2,0.5 degree latitude x 0.625 degree longitude (~50 km),source-native model grid cell containing city-centre coordinates
Amsterdam,12,2000,2025,26,4.7661,6.4831,-1.0555,91.9195,15.2308,0.1923,0.0,0.0,6.0,7.6923,0.7308,0.0,NASA POWER Daily API,NASA POWER / MERRA-2,0.5 degree latitude x 0.625 degree longitude (~50 km),source-native model grid cell containing city-centre coordinates
Zurich,1,2000,2025,26,-0.5825,2.7249,-5.1345,88.2428,14.7692,0.3846,0.0,0.0,23.3462,1.5,5.6154,0.0,NASA POWER Daily API,NASA POWER / MERRA-2,0.5 degree latitude x 0.625 degree longitude (~50 km),source-native model grid cell containing city-centre coordinates
Zurich,2,2000,2025,26,0.7435,4.7142,-3.7585,85.8942,12.3846,0.0769,0.0,0.0,19.8077,1.2308,3.3462,0.0,NASA POWER Daily API,NASA POWER / MERRA-2,0.5 degree latitude x 0.625 degree longitude (~50 km),source-native model grid cell containing city-centre coordinates
Zurich,3,2000,2025,26,4.6503,9.3505,0.5977,81.8742,14.1923,0.2308,0.0,0.0,13.1923,1.1923,1.9615,0.0,NASA POWER Daily API,NASA POWER / MERRA-2,0.5 degree latitude x 0.625 degree longitude (~50 km),source-native model grid cell containing city-centre coordinates
Zurich,4,2000,2025,26,8.8245,13.741,5.6748,78.7985,13.1923,0.5385,0.0,0.0,4.5769,0.2308,0.1154,0.0,NASA POWER Daily API,NASA POWER / MERRA-2,0.5 degree latitude x 0.625 degree longitude (~50 km),source-native model grid cell containing city-centre coordinates
Zurich,5,2000,2025,26,13.1103,17.5506,10.9677,79.1511,18.4615,1.5385,0.0385,0.0,0.0385,0.3077,0.0,0.0,NASA POWER Daily API,NASA POWER / MERRA-2,0.5 degree latitude x 0.625 degree longitude (~50 km),source-native model grid cell containing city-centre coordinates
Zurich,6,2000,2025,26,17.4784,21.7307,16.7707,77.9817,17.6154,1.2308,0.0,0.0,0.0,0.1154,0.0,0.0,NASA POWER Daily API,NASA POWER / MERRA-2,0.5 degree latitude x 0.625 degree longitude (~50 km),source-native model grid cell containing city-centre coordinates
Zurich,7,2000,2025,26,18.6867,22.9044,18.3479,77.4022,18.0769,1.4231,0.0385,0.0,0.0,0.0769,0.0,0.0,NASA POWER Daily API,NASA POWER / MERRA-2,0.5 degree latitude x 0.625 degree longitude (~50 km),source-native model grid cell containing city-centre coordinates
Zurich,8,2000,2025,26,18.4263,22.6587,18.2581,78.7914,16.4615,1.6538,0.0769,0.0,0.0,0.0385,0.0,0.0,NASA POWER Daily API,NASA POWER / MERRA-2,0.5 degree latitude x 0.625 degree longitude (~50 km),source-native model grid cell containing city-centre coordinates
Zurich,9,2000,2025,26,14.3477,18.8765,12.9912,81.6177,13.5,1.2308,0.0,0.0,0.0,0.2308,0.0,0.0,NASA POWER Daily API,NASA POWER / MERRA-2,0.5 degree latitude x 0.625 degree longitude (~50 km),source-native model grid cell containing city-centre coordinates
Zurich,10,2000,2025,26,10.1412,14.8338,7.7796,84.7846,13.1923,0.7692,0.0,0.0,1.3846,0.3846,0.0769,0.0,NASA POWER Daily API,NASA POWER / MERRA-2,0.5 degree latitude x 0.625 degree longitude (~50 km),source-native model grid cell containing city-centre coordinates
Zurich,11,2000,2025,26,4.3194,8.1546,0.8574,88.3805,13.3077,0.5385,0.0,0.0,9.8846,0.5,1.8846,0.0,NASA POWER Daily API,NASA POWER / MERRA-2,0.5 degree latitude x 0.625 degree longitude (~50 km),source-native model grid cell containing city-centre coordinates
Zurich,12,2000,2025,26,0.542,3.6851,-3.7201,88.1774,14.8462,0.6923,0.0,0.0,20.8846,1.0385,5.3846,0.0,NASA POWER Daily API,NASA POWER / MERRA-2,0.5 degree latitude x 0.625 degree longitude (~50 km),source-native model grid cell containing city-centre coordinates
Copenhagen,1,2000,2025,26,1.3042,2.7521,-5.3729,92.4159,13.4615,0.0385,0.0,0.0,14.3846,9.0,2.0769,0.0,NASA POWER Daily API,NASA POWER / MERRA-2,0.5 degree latitude x 0.625 degree longitude (~50 km),source-native model grid cell containing city-centre coordinates
Copenhagen,2,2000,2025,26,1.2037,3.0013,-5.2927,91.2526,11.1538,0.0769,0.0385,0.0,14.1538,6.6154,2.0385,0.0,NASA POWER Daily API,NASA POWER / MERRA-2,0.5 degree latitude x 0.625 degree longitude (~50 km),source-native model grid cell containing city-centre coordinates
Copenhagen,3,2000,2025,26,2.9486,5.6081,-2.9781,87.8956,10.2692,0.1923,0.1154,0.0,11.9615,5.1923,0.7692,0.0,NASA POWER Daily API,NASA POWER / MERRA-2,0.5 degree latitude x 0.625 degree longitude (~50 km),source-native model grid cell containing city-centre coordinates
Copenhagen,4,2000,2025,26,6.7325,10.0607,1.8244,83.0384,8.1538,0.0385,0.0385,0.0,2.0769,2.6538,0.0,0.0,NASA POWER Daily API,NASA POWER / MERRA-2,0.5 degree latitude x 0.625 degree longitude (~50 km),source-native model grid cell containing city-centre coordinates
Copenhagen,5,2000,2025,26,11.5143,14.7752,7.6753,80.4754,10.5769,0.0769,0.0,0.0,0.0,1.6538,0.0,0.0,NASA POWER Daily API,NASA POWER / MERRA-2,0.5 degree latitude x 0.625 degree longitude (~50 km),source-native model grid cell containing city-centre coordinates
Copenhagen,6,2000,2025,26,15.3835,18.2988,12.5194,79.773,11.5385,0.4231,0.0,0.0,0.0,1.6923,0.0,0.0,NASA POWER Daily API,NASA POWER / MERRA-2,0.5 degree latitude x 0.625 degree longitude (~50 km),source-native model grid cell containing city-centre coordinates
Copenhagen,7,2000,2025,26,17.8513,20.7466,15.8715,79.4151,14.0769,0.3462,0.0,0.0,0.0,1.1923,0.0,0.0,NASA POWER Daily API,NASA POWER / MERRA-2,0.5 degree latitude x 0.625 degree longitude (~50 km),source-native model grid cell containing city-centre coordinates
Copenhagen,8,2000,2025,26,17.7506,20.6623,15.6998,80.4836,14.7308,0.5,0.0,0.0,0.0,1.3846,0.0,0.0,NASA POWER Daily API,NASA POWER / MERRA-2,0.5 degree latitude x 0.625 degree longitude (~50 km),source-native model grid cell containing city-centre coordinates
Copenhagen,9,2000,2025,26,14.7333,17.5808,11.4839,83.0376,11.1538,0.1923,0.0,0.0,0.0,2.6923,0.0,0.0,NASA POWER Daily API,NASA POWER / MERRA-2,0.5 degree latitude x 0.625 degree longitude (~50 km),source-native model grid cell containing city-centre coordinates
Copenhagen,10,2000,2025,26,10.3541,12.5893,5.814,87.7824,13.7692,0.3077,0.0,0.0,0.0385,5.0385,0.0,0.0,NASA POWER Daily API,NASA POWER / MERRA-2,0.5 degree latitude x 0.625 degree longitude (~50 km),source-native model grid cell containing city-centre coordinates
Copenhagen,11,2000,2025,26,6.2544,7.7439,0.8853,91.481,13.8077,0.0385,0.0,0.0,1.7692,5.0769,0.3077,0.0,NASA POWER Daily API,NASA POWER / MERRA-2,0.5 degree latitude x 0.625 degree longitude (~50 km),source-native model grid cell containing city-centre coordinates
Copenhagen,12,2000,2025,26,2.9224,4.2381,-3.1749,93.0376,14.2308,0.0385,0.0,0.0,8.7692,6.6923,1.3077,0.0,NASA POWER Daily API,NASA POWER / MERRA-2,0.5 degree latitude x 0.625 degree longitude (~50 km),source-native model grid cell containing city-centre coordinates
Stockholm,1,2000,2025,26,-2.9028,-0.9357,-7.3512,96.0596,10.8077,0.0,0.0,0.0,26.1154,0.0,6.0385,0.0,NASA POWER Daily API,NASA POWER / MERRA-2,0.5 degree latitude x 0.625 degree longitude (~50 km),source-native model grid cell containing city-centre coordinates
Stockholm,2,2000,2025,26,-2.5222,-0.1264,-6.8167,95.111,9.8846,0.0769,0.0,0.0,24.5385,0.0,6.3077,0.0,NASA POWER Daily API,NASA POWER / MERRA-2,0.5 degree latitude x 0.625 degree longitude (~50 km),source-native model grid cell containing city-centre coordinates
Stockholm,3,2000,2025,26,0.3734,3.6268,-3.7134,88.5929,9.2308,0.0,0.0,0.0,23.1538,0.0,3.3077,0.0,NASA POWER Daily API,NASA POWER / MERRA-2,0.5 degree latitude x 0.625 degree longitude (~50 km),source-native model grid cell containing city-centre coordinates
Stockholm,4,2000,2025,26,5.0329,9.1977,1.5047,81.2957,8.5769,0.0,0.0,0.0,10.9231,0.0,0.3846,0.0,NASA POWER Daily API,NASA POWER / MERRA-2,0.5 degree latitude x 0.625 degree longitude (~50 km),source-native model grid cell containing city-centre coordinates
Stockholm,5,2000,2025,26,10.4933,14.7439,7.9645,77.1559,9.8462,0.2308,0.0,0.0,0.6154,0.0,0.0,0.0,NASA POWER Daily API,NASA POWER / MERRA-2,0.5 degree latitude x 0.625 degree longitude (~50 km),source-native model grid cell containing city-centre coordinates
Stockholm,6,2000,2025,26,15.4473,19.5116,13.9304,73.2388,11.4231,0.5769,0.0385,0.0,0.0,0.0,0.0,0.0,NASA POWER Daily API,NASA POWER / MERRA-2,0.5 degree latitude x 0.625 degree longitude (~50 km),source-native model grid cell containing city-centre coordinates
Stockholm,7,2000,2025,26,18.4329,22.52,17.8142,72.9565,12.9615,0.2308,0.0,0.0,0.0,0.0,0.0,0.0,NASA POWER Daily API,NASA POWER / MERRA-2,0.5 degree latitude x 0.625 degree longitude (~50 km),source-native model grid cell containing city-centre coordinates
Stockholm,8,2000,2025,26,17.3155,21.3968,16.5398,76.7347,13.4615,0.3077,0.0,0.0,0.0,0.0,0.0,0.0,NASA POWER Daily API,NASA POWER / MERRA-2,0.5 degree latitude x 0.625 degree longitude (~50 km),source-native model grid cell containing city-centre coordinates
Stockholm,9,2000,2025,26,12.9305,16.8063,11.043,81.8778,9.7308,0.1538,0.0,0.0,0.0385,0.0,0.0,0.0,NASA POWER Daily API,NASA POWER / MERRA-2,0.5 degree latitude x 0.625 degree longitude (~50 km),source-native model grid cell containing city-centre coordinates
Stockholm,10,2000,2025,26,7.2331,9.9779,4.2602,89.1968,11.3462,0.3077,0.0,0.0,2.5769,0.0,0.0769,0.0,NASA POWER Daily API,NASA POWER / MERRA-2,0.5 degree latitude x 0.625 degree longitude (~50 km),source-native model grid cell containing city-centre coordinates
Stockholm,11,2000,2025,26,2.6514,4.2994,-0.9415,95.0221,12.6923,0.1154,0.0,0.0,11.8077,0.0,2.3077,0.0,NASA POWER Daily API,NASA POWER / MERRA-2,0.5 degree latitude x 0.625 degree longitude (~50 km),source-native model grid cell containing city-centre coordinates
Stockholm,12,2000,2025,26,-1.1632,0.6092,-5.3241,96.5439,12.6923,0.0,0.0,0.0,21.9231,0.0,5.4231,0.0,NASA POWER Daily API,NASA POWER / MERRA-2,0.5 degree latitude x 0.625 degree longitude (~50 km),source-native model grid cell containing city-centre coordinates
Helsinki,1,2000,2025,26,-2.7061,-1.2402,-9.203,93.0037,14.4615,0.0,0.0,0.0,24.1538,3.4231,7.8462,0.0,NASA POWER Daily API,NASA POWER / MERRA-2,0.5 degree latitude x 0.625 degree longitude (~50 km),source-native model grid cell containing city-centre coordinates
Helsinki,2,2000,2025,26,-3.6238,-2.1302,-9.8108,93.5327,10.9615,0.0769,0.0,0.0,24.2308,2.1538,6.8462,0.0,NASA POWER Daily API,NASA POWER / MERRA-2,0.5 degree latitude x 0.625 degree longitude (~50 km),source-native model grid cell containing city-centre coordinates
Helsinki,3,2000,2025,26,-1.1986,0.6,-6.9361,89.99,9.8462,0.0,0.0,0.0,24.1923,1.4231,4.5,0.0,NASA POWER Daily API,NASA POWER / MERRA-2,0.5 degree latitude x 0.625 degree longitude (~50 km),source-native model grid cell containing city-centre coordinates
Helsinki,4,2000,2025,26,3.2007,5.4706,-1.5496,84.8887,8.5769,0.0385,0.0,0.0,8.7692,0.5385,0.8846,0.0,NASA POWER Daily API,NASA POWER / MERRA-2,0.5 degree latitude x 0.625 degree longitude (~50 km),source-native model grid cell containing city-centre coordinates
Helsinki,5,2000,2025,26,8.6833,11.0585,5.1138,80.9841,8.2692,0.1923,0.0,0.0,0.1538,0.1154,0.0,0.0,NASA POWER Daily API,NASA POWER / MERRA-2,0.5 degree latitude x 0.625 degree longitude (~50 km),source-native model grid cell containing city-centre coordinates
Helsinki,6,2000,2025,26,13.8513,15.8669,11.4189,80.509,9.7308,0.3462,0.0,0.0,0.0,0.3846,0.0,0.0,NASA POWER Daily API,NASA POWER / MERRA-2,0.5 degree latitude x 0.625 degree longitude (~50 km),source-native model grid cell containing city-centre coordinates
Helsinki,7,2000,2025,26,17.6951,19.5549,16.5043,80.9796,10.8077,0.3462,0.0,0.0,0.0,0.2308,0.0,0.0,NASA POWER Daily API,NASA POWER / MERRA-2,0.5 degree latitude x 0.625 degree longitude (~50 km),source-native model grid cell containing city-centre coordinates
Helsinki,8,2000,2025,26,17.3074,19.1075,15.6022,80.6719,13.5,0.4231,0.0,0.0,0.0,0.3462,0.0,0.0,NASA POWER Daily API,NASA POWER / MERRA-2,0.5 degree latitude x 0.625 degree longitude (~50 km),source-native model grid cell containing city-centre coordinates
Helsinki,9,2000,2025,26,13.3925,15.0674,10.1736,83.0223,11.6538,0.1923,0.0,0.0,0.0,1.1538,0.0,0.0,NASA POWER Daily API,NASA POWER / MERRA-2,0.5 degree latitude x 0.625 degree longitude (~50 km),source-native model grid cell containing city-centre coordinates
Helsinki,10,2000,2025,26,7.7683,9.0973,2.9119,86.494,14.3077,0.2308,0.0,0.0,0.7308,2.1154,0.0,0.0,NASA POWER Daily API,NASA POWER / MERRA-2,0.5 degree latitude x 0.625 degree longitude (~50 km),source-native model grid cell containing city-centre coordinates
Helsinki,11,2000,2025,26,3.5602,4.6746,-2.2177,90.0557,16.2692,0.0769,0.0,0.0,7.1154,3.3846,1.6154,0.0,NASA POWER Daily API,NASA POWER / MERRA-2,0.5 degree latitude x 0.625 degree longitude (~50 km),source-native model grid cell containing city-centre coordinates
Helsinki,12,2000,2025,26,-0.1258,1.2127,-6.5469,91.8281,15.6923,0.0385,0.0,0.0,17.7308,4.1154,4.9231,0.0,NASA POWER Daily API,NASA POWER / MERRA-2,0.5 degree latitude x 0.625 degree longitude (~50 km),source-native model grid cell containing city-centre coordinates
Dublin,1,2000,2025,26,5.8035,7.5807,-0.5322,90.9207,16.5385,0.2692,0.0,0.0,0.5,11.5769,0.0,0.0,NASA POWER Daily API,NASA POWER / MERRA-2,0.5 degree latitude x 0.625 degree longitude (~50 km),source-native model grid cell containing city-centre coordinates
Dublin,2,2000,2025,26,5.8845,7.8792,-0.3591,89.8093,14.8462,0.0769,0.0,0.0,0.1154,9.6538,0.0385,0.0,NASA POWER Daily API,NASA POWER / MERRA-2,0.5 degree latitude x 0.625 degree longitude (~50 km),source-native model grid cell containing city-centre coordinates
Dublin,3,2000,2025,26,6.6436,9.0351,1.1019,88.2088,14.5,0.1538,0.0,0.0,0.3462,7.4615,0.0385,0.0,NASA POWER Daily API,NASA POWER / MERRA-2,0.5 degree latitude x 0.625 degree longitude (~50 km),source-native model grid cell containing city-centre coordinates
Dublin,4,2000,2025,26,8.3888,10.9492,3.7009,85.7932,13.3077,0.1538,0.0,0.0,0.0,3.7308,0.0,0.0,NASA POWER Daily API,NASA POWER / MERRA-2,0.5 degree latitude x 0.625 degree longitude (~50 km),source-native model grid cell containing city-centre coordinates
Dublin,5,2000,2025,26,11.0857,13.7541,7.1484,84.2537,13.7308,0.1538,0.0,0.0,0.0,2.8077,0.0,0.0,NASA POWER Daily API,NASA POWER / MERRA-2,0.5 degree latitude x 0.625 degree longitude (~50 km),source-native model grid cell containing city-centre coordinates
Dublin,6,2000,2025,26,13.6963,16.3618,10.6683,84.2377,14.3846,0.2692,0.0,0.0,0.0,2.0769,0.0,0.0,NASA POWER Daily API,NASA POWER / MERRA-2,0.5 degree latitude x 0.625 degree longitude (~50 km),source-native model grid cell containing city-centre coordinates
Dublin,7,2000,2025,26,15.2313,17.8794,12.8616,85.2428,17.0385,0.2692,0.0,0.0,0.0,1.1923,0.0,0.0,NASA POWER Daily API,NASA POWER / MERRA-2,0.5 degree latitude x 0.625 degree longitude (~50 km),source-native model grid cell containing city-centre coordinates
Dublin,8,2000,2025,26,15.1617,17.8603,12.5311,86.0507,16.7692,0.5385,0.0385,0.0,0.0,2.1538,0.0,0.0,NASA POWER Daily API,NASA POWER / MERRA-2,0.5 degree latitude x 0.625 degree longitude (~50 km),source-native model grid cell containing city-centre coordinates
Dublin,9,2000,2025,26,13.6574,16.2805,10.2589,87.2268,13.8462,0.4231,0.0,0.0,0.0,4.1154,0.0,0.0,NASA POWER Daily API,NASA POWER / MERRA-2,0.5 degree latitude x 0.625 degree longitude (~50 km),source-native model grid cell containing city-centre coordinates
Dublin,10,2000,2025,26,11.2797,13.4901,6.6778,88.4797,17.5385,0.6923,0.0,0.0,0.0,7.2308,0.0,0.0,NASA POWER Daily API,NASA POWER / MERRA-2,0.5 degree latitude x 0.625 degree longitude (~50 km),source-native model grid cell containing city-centre coordinates
Dublin,11,2000,2025,26,8.4403,10.2654,2.929,90.5411,18.5769,0.4615,0.0,0.0,0.0385,8.8462,0.0,0.0,NASA POWER Daily API,NASA POWER / MERRA-2,0.5 degree latitude x 0.625 degree longitude (~50 km),source-native model grid cell containing city-centre coordinates
Dublin,12,2000,2025,26,6.6827,8.3387,0.5792,91.3253,18.2308,0.4615,0.0385,0.0,0.5385,10.8077,0.0385,0.0,NASA POWER Daily API,NASA POWER / MERRA-2,0.5 degree latitude x 0.625 degree longitude (~50 km),source-native model grid cell containing city-centre coordinates
Barcelona,1,2000,2025,26,7.4983,12.8045,3.7045,74.7041,4.9615,0.2308,0.0385,0.0,2.0,1.0,0.0385,0.0,NASA POWER Daily API,NASA POWER / MERRA-2,0.5 degree latitude x 0.625 degree longitude (~50 km),source-native model grid cell containing city-centre coordinates
Barcelona,2,2000,2025,26,8.5332,13.9786,4.8747,72.8301,5.0,0.1154,0.0,0.0,2.3077,0.7308,0.0,0.0,NASA POWER Daily API,NASA POWER / MERRA-2,0.5 degree latitude x 0.625 degree longitude (~50 km),source-native model grid cell containing city-centre coordinates
Barcelona,3,2000,2025,26,10.9251,16.5316,7.4234,70.8344,7.4615,0.4231,0.0,0.0,0.5769,1.0769,0.0,0.0,NASA POWER Daily API,NASA POWER / MERRA-2,0.5 degree latitude x 0.625 degree longitude (~50 km),source-native model grid cell containing city-centre coordinates
Barcelona,4,2000,2025,26,13.6909,19.1169,10.8414,68.9229,7.6538,0.3462,0.0769,0.0,0.0,0.5385,0.0,0.0,NASA POWER Daily API,NASA POWER / MERRA-2,0.5 degree latitude x 0.625 degree longitude (~50 km),source-native model grid cell containing city-centre coordinates
Barcelona,5,2000,2025,26,17.581,23.0003,15.7503,65.9842,8.1154,0.3462,0.0385,0.0,0.0,0.1923,0.0,0.0,NASA POWER Daily API,NASA POWER / MERRA-2,0.5 degree latitude x 0.625 degree longitude (~50 km),source-native model grid cell containing city-centre coordinates
Barcelona,6,2000,2025,26,22.28,27.6847,21.7161,62.6275,5.8462,0.1154,0.0,0.1538,0.0,0.0,0.0,0.0,NASA POWER Daily API,NASA POWER / MERRA-2,0.5 degree latitude x 0.625 degree longitude (~50 km),source-native model grid cell containing city-centre coordinates
Barcelona,7,2000,2025,26,24.8402,30.3428,25.1231,62.209,5.6923,0.1154,0.0,0.7692,0.0,0.0385,0.0,0.0,NASA POWER Daily API,NASA POWER / MERRA-2,0.5 degree latitude x 0.625 degree longitude (~50 km),source-native model grid cell containing city-centre coordinates
Barcelona,8,2000,2025,26,24.839,30.2406,25.3147,63.7346,6.6538,0.2692,0.0,1.1154,0.0,0.0,0.0,0.0,NASA POWER Daily API,NASA POWER / MERRA-2,0.5 degree latitude x 0.625 degree longitude (~50 km),source-native model grid cell containing city-centre coordinates
Barcelona,9,2000,2025,26,21.1572,26.179,20.8678,69.4672,9.1923,0.4615,0.0,0.0385,0.0,0.1923,0.0,0.0,NASA POWER Daily API,NASA POWER / MERRA-2,0.5 degree latitude x 0.625 degree longitude (~50 km),source-native model grid cell containing city-centre coordinates
Barcelona,10,2000,2025,26,17.298,22.1982,15.9734,74.4269,8.8077,0.6538,0.0,0.0,0.0,0.5,0.0,0.0,NASA POWER Daily API,NASA POWER / MERRA-2,0.5 degree latitude x 0.625 degree longitude (~50 km),source-native model grid cell containing city-centre coordinates
Barcelona,11,2000,2025,26,11.7113,16.731,8.7677,74.5638,6.5385,0.5385,0.0385,0.0,0.1923,0.7308,0.0,0.0,NASA POWER Daily API,NASA POWER / MERRA-2,0.5 degree latitude x 0.625 degree longitude (~50 km),source-native model grid cell containing city-centre coordinates
Barcelona,12,2000,2025,26,8.4164,13.4966,4.8924,76.5633,5.1538,0.1154,0.0385,0.0,1.5,0.7692,0.0,0.0,NASA POWER Daily API,NASA POWER / MERRA-2,0.5 degree latitude x 0.625 degree longitude (~50 km),source-native model grid cell containing city-centre coordinates
Rome,1,2000,2025,26,7.1307,11.5897,3.543,81.1081,10.5769,0.3846,0.0,0.0,4.0385,0.5,0.0,0.0,NASA POWER Daily API,NASA POWER / MERRA-2,0.5 degree latitude x 0.625 degree longitude (~50 km),source-native model grid cell containing city-centre coordinates
Rome,2,2000,2025,26,7.9106,12.7373,4.2601,78.5049,9.5769,0.7308,0.0,0.0,3.8846,0.8077,0.0385,0.0,NASA POWER Daily API,NASA POWER / MERRA-2,0.5 degree latitude x 0.625 degree longitude (~50 km),source-native model grid cell containing city-centre coordinates
Rome,3,2000,2025,26,10.3935,15.5725,7.0745,76.3138,9.9615,0.4231,0.0385,0.0,0.9615,1.1154,0.0,0.0,NASA POWER Daily API,NASA POWER / MERRA-2,0.5 degree latitude x 0.625 degree longitude (~50 km),source-native model grid cell containing city-centre coordinates
Rome,4,2000,2025,26,13.8052,19.1932,11.171,72.0484,9.3462,0.1154,0.0,0.0,0.1923,0.1923,0.0,0.0,NASA POWER Daily API,NASA POWER / MERRA-2,0.5 degree latitude x 0.625 degree longitude (~50 km),source-native model grid cell containing city-centre coordinates
Rome,5,2000,2025,26,18.1276,23.5561,16.5692,68.3143,9.8462,0.2692,0.0,0.0,0.0,0.2692,0.0,0.0,NASA POWER Daily API,NASA POWER / MERRA-2,0.5 degree latitude x 0.625 degree longitude (~50 km),source-native model grid cell containing city-centre coordinates
Rome,6,2000,2025,26,23.1418,28.8584,22.6956,61.1252,6.2308,0.0769,0.0,1.2308,0.0,0.1538,0.0,0.0,NASA POWER Daily API,NASA POWER / MERRA-2,0.5 degree latitude x 0.625 degree longitude (~50 km),source-native model grid cell containing city-centre coordinates
Rome,7,2000,2025,26,26.2613,32.3568,26.0616,53.939,4.1538,0.1538,0.0,6.1154,0.0,0.0,0.0,0.0,NASA POWER Daily API,NASA POWER / MERRA-2,0.5 degree latitude x 0.625 degree longitude (~50 km),source-native model grid cell containing city-centre coordinates
Rome,8,2000,2025,26,26.411,32.5595,26.3264,53.9651,4.6154,0.1538,0.0,7.3077,0.0,0.0385,0.0,0.0,NASA POWER Daily API,NASA POWER / MERRA-2,0.5 degree latitude x 0.625 degree longitude (~50 km),source-native model grid cell containing city-centre coordinates
Rome,9,2000,2025,26,21.7009,27.3829,20.9555,63.3566,9.1154,0.5385,0.0385,0.0769,0.0,0.1923,0.0,0.0,NASA POWER Daily API,NASA POWER / MERRA-2,0.5 degree latitude x 0.625 degree longitude (~50 km),source-native model grid cell containing city-centre coordinates
Rome,10,2000,2025,26,17.4033,22.7212,15.93,72.205,9.9231,0.8077,0.0385,0.0,0.0,0.4615,0.0,0.0,NASA POWER Daily API,NASA POWER / MERRA-2,0.5 degree latitude x 0.625 degree longitude (~50 km),source-native model grid cell containing city-centre coordinates
Rome,11,2000,2025,26,12.5675,17.0867,9.954,79.1067,13.0385,1.3077,0.0385,0.0,0.0769,1.3077,0.0,0.0,NASA POWER Daily API,NASA POWER / MERRA-2,0.5 degree latitude x 0.625 degree longitude (~50 km),source-native model grid cell containing city-centre coordinates
Rome,12,2000,2025,26,8.45,12.914,5.0902,81.016,11.4615,1.1154,0.0,0.0,2.4231,1.1154,0.0769,0.0,NASA POWER Daily API,NASA POWER / MERRA-2,0.5 degree latitude x 0.625 degree longitude (~50 km),source-native model grid cell containing city-centre coordinates
Madrid,1,2000,2025,26,3.7483,9.4292,-0.4886,83.5935,8.3846,0.0769,0.0,0.0,17.5769,1.0,0.4231,0.0,NASA POWER Daily API,NASA POWER / MERRA-2,0.5 degree latitude x 0.625 degree longitude (~50 km),source-native model grid cell containing city-centre coordinates
Madrid,2,2000,2025,26,5.1654,11.5218,0.8864,78.1648,7.0385,0.0385,0.0,0.0,12.9231,1.1538,0.1923,0.0,NASA POWER Daily API,NASA POWER / MERRA-2,0.5 degree latitude x 0.625 degree longitude (~50 km),source-native model grid cell containing city-centre coordinates
Madrid,3,2000,2025,26,8.0114,14.5347,3.8953,73.2222,9.4231,0.2308,0.0,0.0,6.6538,1.3846,0.0,0.0,NASA POWER Daily API,NASA POWER / MERRA-2,0.5 degree latitude x 0.625 degree longitude (~50 km),source-native model grid cell containing city-centre coordinates
Madrid,4,2000,2025,26,11.2281,17.8298,7.7327,68.8213,10.2692,0.1538,0.0,0.0,1.8462,0.5,0.0,0.0,NASA POWER Daily API,NASA POWER / MERRA-2,0.5 degree latitude x 0.625 degree longitude (~50 km),source-native model grid cell containing city-centre coordinates
Madrid,5,2000,2025,26,15.8404,22.749,13.0311,59.8166,8.0769,0.0769,0.0,0.0,0.0385,0.1538,0.0,0.0,NASA POWER Daily API,NASA POWER / MERRA-2,0.5 degree latitude x 0.625 degree longitude (~50 km),source-native model grid cell containing city-centre coordinates
Madrid,6,2000,2025,26,21.8479,29.3934,19.5321,47.161,5.4231,0.0,0.0,3.5385,0.0,0.0,0.0,0.0,NASA POWER Daily API,NASA POWER / MERRA-2,0.5 degree latitude x 0.625 degree longitude (~50 km),source-native model grid cell containing city-centre coordinates
Madrid,7,2000,2025,26,25.4574,33.6832,22.7492,34.8164,1.9231,0.0385,0.0,11.8077,0.0,0.0385,0.0,0.0,NASA POWER Daily API,NASA POWER / MERRA-2,0.5 degree latitude x 0.625 degree longitude (~50 km),source-native model grid cell containing city-centre coordinates
Madrid,8,2000,2025,26,25.1285,33.2181,22.4678,35.5011,2.5769,0.1538,0.0,9.8846,0.0,0.0769,0.0,0.0,NASA POWER Daily API,NASA POWER / MERRA-2,0.5 degree latitude x 0.625 degree longitude (~50 km),source-native model grid cell containing city-centre coordinates
Madrid,9,2000,2025,26,19.9282,27.3191,17.4361,49.0512,4.8462,0.2692,0.0,0.5385,0.0,0.1923,0.0,0.0,NASA POWER Daily API,NASA POWER / MERRA-2,0.5 degree latitude x 0.625 degree longitude (~50 km),source-native model grid cell containing city-centre coordinates
Madrid,10,2000,2025,26,14.3998,21.0988,11.5587,65.3725,9.1923,0.6154,0.0385,0.0,0.1538,0.9231,0.0,0.0,NASA POWER Daily API,NASA POWER / MERRA-2,0.5 degree latitude x 0.625 degree longitude (~50 km),source-native model grid cell containing city-centre coordinates
Madrid,11,2000,2025,26,7.7521,13.6691,4.0094,79.831,9.0769,0.0769,0.0,0.0,4.4231,0.5769,0.0,0.0,NASA POWER Daily API,NASA POWER / MERRA-2,0.5 degree latitude x 0.625 degree longitude (~50 km),source-native model grid cell containing city-centre coordinates
Madrid,12,2000,2025,26,4.6302,10.216,0.7374,84.1434,7.5,0.2692,0.0,0.0,12.6923,0.6923,0.2692,0.0,NASA POWER Daily API,NASA POWER / MERRA-2,0.5 degree latitude x 0.625 degree longitude (~50 km),source-native model grid cell containing city-centre coordinates
Tokyo,1,2000,2025,26,2.4261,7.7898,-2.3181,76.8566,5.0769,0.9615,0.0,0.0,25.2308,1.0,0.3462,0.0,NASA POWER Daily API,NASA POWER / MERRA-2,0.5 degree latitude x 0.625 degree longitude (~50 km),source-native model grid cell containing city-centre coordinates
Tokyo,2,2000,2025,26,3.4422,8.9847,-1.3455,76.3559,6.6923,0.7308,0.0385,0.0,21.3846,1.7308,0.2692,0.0,NASA POWER Daily API,NASA POWER / MERRA-2,0.5 degree latitude x 0.625 degree longitude (~50 km),source-native model grid cell containing city-centre coordinates
Tokyo,3,2000,2025,26,7.1473,12.819,2.8401,76.7787,10.4231,2.1538,0.0385,0.0,10.9615,2.5385,0.0,0.0,NASA POWER Daily API,NASA POWER / MERRA-2,0.5 degree latitude x 0.625 degree longitude (~50 km),source-native model grid cell containing city-centre coordinates
Tokyo,4,2000,2025,26,12.2469,17.7592,8.9779,77.6667,11.3846,2.1538,0.2308,0.0,0.6538,2.4615,0.0,0.0,NASA POWER Daily API,NASA POWER / MERRA-2,0.5 degree latitude x 0.625 degree longitude (~50 km),source-native model grid cell containing city-centre coordinates
Tokyo,5,2000,2025,26,17.1241,22.195,15.5584,79.5631,12.6923,2.1154,0.3846,0.0,0.0,1.2692,0.0,0.0,NASA POWER Daily API,NASA POWER / MERRA-2,0.5 degree latitude x 0.625 degree longitude (~50 km),source-native model grid cell containing city-centre coordinates
Tokyo,6,2000,2025,26,20.9441,25.3113,21.4407,83.3623,15.1538,2.9231,0.5385,0.0,0.0,0.7308,0.0,0.0,NASA POWER Daily API,NASA POWER / MERRA-2,0.5 degree latitude x 0.625 degree longitude (~50 km),source-native model grid cell containing city-centre coordinates
Tokyo,7,2000,2025,26,24.9755,29.1043,27.2755,84.4098,17.1154,2.3462,0.5385,0.2308,0.0,0.7308,0.0,0.0,NASA POWER Daily API,NASA POWER / MERRA-2,0.5 degree latitude x 0.625 degree longitude (~50 km),source-native model grid cell containing city-centre coordinates
Tokyo,8,2000,2025,26,26.0074,30.3691,28.7783,82.7692,15.8077,1.9615,0.5769,1.0,0.0,0.8846,0.0,0.0,NASA POWER Daily API,NASA POWER / MERRA-2,0.5 degree latitude x 0.625 degree longitude (~50 km),source-native model grid cell containing city-centre coordinates
Tokyo,9,2000,2025,26,22.3808,26.5936,23.5417,84.3538,14.8846,3.5385,0.7692,0.1538,0.0,1.0,0.0,0.0,NASA POWER Daily API,NASA POWER / MERRA-2,0.5 degree latitude x 0.625 degree longitude (~50 km),source-native model grid cell containing city-centre coordinates
Tokyo,10,2000,2025,26,16.2363,20.7363,14.9089,84.1069,12.5385,3.0385,0.8462,0.0,0.0,1.0385,0.0,0.0,NASA POWER Daily API,NASA POWER / MERRA-2,0.5 degree latitude x 0.625 degree longitude (~50 km),source-native model grid cell containing city-centre coordinates
Tokyo,11,2000,2025,26,10.6137,15.7757,7.757,82.1359,8.9231,1.5769,0.2308,0.0,0.7308,0.5769,0.0,0.0,NASA POWER Daily API,NASA POWER / MERRA-2,0.5 degree latitude x 0.625 degree longitude (~50 km),source-native model grid cell containing city-centre coordinates
Tokyo,12,2000,2025,26,4.953,10.5004,0.7732,78.9556,6.4231,0.9615,0.0769,0.0,14.2692,0.9231,0.0769,0.0,NASA POWER Daily API,NASA POWER / MERRA-2,0.5 degree latitude x 0.625 degree longitude (~50 km),source-native model grid cell containing city-centre coordinates
Seoul,1,2000,2025,26,-3.1611,0.7348,-8.8953,76.8496,3.9615,0.1154,0.0385,0.0,29.6923,1.7308,2.1538,0.0,NASA POWER Daily API,NASA POWER / MERRA-2,0.5 degree latitude x 0.625 degree longitude (~50 km),source-native model grid cell containing city-centre coordinates
Seoul,2,2000,2025,26,-0.8839,3.443,-6.4377,74.2296,3.7308,0.2308,0.0,0.0,26.0385,1.6154,1.1923,0.0,NASA POWER Daily API,NASA POWER / MERRA-2,0.5 degree latitude x 0.625 degree longitude (~50 km),source-native model grid cell containing city-centre coordinates
Seoul,3,2000,2025,26,3.9944,9.2478,-0.977,74.4545,6.5,0.3077,0.0385,0.0,18.1538,2.7308,0.6538,0.0,NASA POWER Daily API,NASA POWER / MERRA-2,0.5 degree latitude x 0.625 degree longitude (~50 km),source-native model grid cell containing city-centre coordinates
Seoul,4,2000,2025,26,10.0501,15.613,6.1551,74.2287,7.3462,0.8846,0.1154,0.0,1.5385,2.0769,0.0,0.0,NASA POWER Daily API,NASA POWER / MERRA-2,0.5 degree latitude x 0.625 degree longitude (~50 km),source-native model grid cell containing city-centre coordinates
Seoul,5,2000,2025,26,15.8334,21.1659,13.67,75.4388,8.0385,1.4615,0.0385,0.0,0.0,1.1154,0.0,0.0,NASA POWER Daily API,NASA POWER / MERRA-2,0.5 degree latitude x 0.625 degree longitude (~50 km),source-native model grid cell containing city-centre coordinates
Seoul,6,2000,2025,26,20.9876,25.6012,21.132,77.1235,10.5769,1.7692,0.5,0.0,0.0,0.5769,0.0,0.0,NASA POWER Daily API,NASA POWER / MERRA-2,0.5 degree latitude x 0.625 degree longitude (~50 km),source-native model grid cell containing city-centre coordinates
Seoul,7,2000,2025,26,24.4079,27.8211,26.4171,84.3438,18.2692,5.3462,1.7692,0.0,0.0,1.2692,0.0,0.0,NASA POWER Daily API,NASA POWER / MERRA-2,0.5 degree latitude x 0.625 degree longitude (~50 km),source-native model grid cell containing city-centre coordinates
Seoul,8,2000,2025,26,25.1371,28.4306,27.5528,83.4955,17.7692,3.9615,1.1154,0.0385,0.0,1.0385,0.0,0.0,NASA POWER Daily API,NASA POWER / MERRA-2,0.5 degree latitude x 0.625 degree longitude (~50 km),source-native model grid cell containing city-centre coordinates
Seoul,9,2000,2025,26,20.6713,24.7023,20.7129,79.4712,10.6538,2.4615,0.6538,0.0,0.0,0.6154,0.0,0.0,NASA POWER Daily API,NASA POWER / MERRA-2,0.5 degree latitude x 0.625 degree longitude (~50 km),source-native model grid cell containing city-centre coordinates
Seoul,10,2000,2025,26,14.0895,18.5903,11.6939,75.7579,7.2308,0.8462,0.0385,0.0,0.1154,0.7308,0.0,0.0,NASA POWER Daily API,NASA POWER / MERRA-2,0.5 degree latitude x 0.625 degree longitude (~50 km),source-native model grid cell containing city-centre coordinates
Seoul,11,2000,2025,26,6.676,10.8988,2.3524,75.7447,7.2692,0.5385,0.0,0.0,8.7308,1.5385,0.1923,0.0,NASA POWER Daily API,NASA POWER / MERRA-2,0.5 degree latitude x 0.625 degree longitude (~50 km),source-native model grid cell containing city-centre coordinates
Seoul,12,2000,2025,26,-0.9287,2.7898,-6.5218,76.6215,5.0769,0.1538,0.0,0.0,25.9231,1.7692,1.8077,0.0,NASA POWER Daily API,NASA POWER / MERRA-2,0.5 degree latitude x 0.625 degree longitude (~50 km),source-native model grid cell containing city-centre coordinates
Singapore,1,2000,2025,26,25.9437,28.4105,29.0816,88.3395,20.7692,4.0,1.3077,0.0,0.0,0.0,0.0,0.0,NASA POWER Daily API,NASA POWER / MERRA-2,0.5 degree latitude x 0.625 degree longitude (~50 km),source-native model grid cell containing city-centre coordinates
Singapore,2,2000,2025,26,26.1842,29.1422,29.2841,86.4933,14.1923,1.8462,0.4231,0.0,0.0,0.0,0.0,0.0,NASA POWER Daily API,NASA POWER / MERRA-2,0.5 degree latitude x 0.625 degree longitude (~50 km),source-native model grid cell containing city-centre coordinates
Singapore,3,2000,2025,26,26.9978,29.8415,30.9487,84.6151,21.6923,2.7692,0.6923,0.0,0.0,0.0,0.0,0.0,NASA POWER Daily API,NASA POWER / MERRA-2,0.5 degree latitude x 0.625 degree longitude (~50 km),source-native model grid cell containing city-centre coordinates
Singapore,4,2000,2025,26,27.8644,30.4189,32.5722,82.3958,25.4615,2.0,0.0385,0.0,0.0,0.0,0.0,0.0,NASA POWER Daily API,NASA POWER / MERRA-2,0.5 degree latitude x 0.625 degree longitude (~50 km),source-native model grid cell containing city-centre coordinates
Singapore,5,2000,2025,26,28.1437,30.3326,32.9623,82.97,25.9615,2.3462,0.4615,0.0,0.0,0.0,0.0,0.0,NASA POWER Daily API,NASA POWER / MERRA-2,0.5 degree latitude x 0.625 degree longitude (~50 km),source-native model grid cell containing city-centre coordinates
Singapore,6,2000,2025,26,27.6263,29.6878,31.991,83.8503,23.1154,1.5385,0.2692,0.0,0.0,0.0,0.0,0.0,NASA POWER Daily API,NASA POWER / MERRA-2,0.5 degree latitude x 0.625 degree longitude (~50 km),source-native model grid cell containing city-centre coordinates
Singapore,7,2000,2025,26,27.2277,29.273,31.2583,85.0046,23.5385,2.1923,0.4231,0.0,0.0,0.0,0.0,0.0,NASA POWER Daily API,NASA POWER / MERRA-2,0.5 degree latitude x 0.625 degree longitude (~50 km),source-native model grid cell containing city-centre coordinates
Singapore,8,2000,2025,26,27.1251,29.3122,31.0012,84.6884,23.8462,2.1154,0.4231,0.0,0.0,0.0,0.0,0.0,NASA POWER Daily API,NASA POWER / MERRA-2,0.5 degree latitude x 0.625 degree longitude (~50 km),source-native model grid cell containing city-centre coordinates
Singapore,9,2000,2025,26,27.1907,29.4764,31.2012,83.7492,22.3077,2.0385,0.2692,0.0,0.0,0.0,0.0,0.0,NASA POWER Daily API,NASA POWER / MERRA-2,0.5 degree latitude x 0.625 degree longitude (~50 km),source-native model grid cell containing city-centre coordinates
Singapore,10,2000,2025,26,27.3788,29.7001,31.6989,82.7514,25.6538,2.8077,0.4231,0.0,0.0,0.0,0.0,0.0,NASA POWER Daily API,NASA POWER / MERRA-2,0.5 degree latitude x 0.625 degree longitude (~50 km),source-native model grid cell containing city-centre coordinates
Singapore,11,2000,2025,26,27.034,29.1494,31.4511,85.1043,28.1538,3.6538,0.3846,0.0,0.0,0.0,0.0,0.0,NASA POWER Daily API,NASA POWER / MERRA-2,0.5 degree latitude x 0.625 degree longitude (~50 km),source-native model grid cell containing city-centre coordinates
Singapore,12,2000,2025,26,26.3769,28.5024,30.151,88.2533,26.6923,4.4615,1.0385,0.0,0.0,0.0,0.0,0.0,NASA POWER Daily API,NASA POWER / MERRA-2,0.5 degree latitude x 0.625 degree longitude (~50 km),source-native model grid cell containing city-centre coordinates
Bangkok,1,2000,2025,26,26.1483,33.0987,27.5102,64.1045,2.6923,0.0,0.0,6.4615,0.0,0.0,0.0,0.0,NASA POWER Daily API,NASA POWER / MERRA-2,0.5 degree latitude x 0.625 degree longitude (~50 km),source-native model grid cell containing city-centre coordinates
Bangkok,2,2000,2025,26,28.7526,35.8542,30.6765,60.7051,3.6154,0.0385,0.0,20.4231,0.0,0.0,0.0,0.0,NASA POWER Daily API,NASA POWER / MERRA-2,0.5 degree latitude x 0.625 degree longitude (~50 km),source-native model grid cell containing city-centre coordinates
Bangkok,3,2000,2025,26,30.2652,36.9168,32.8232,62.223,7.4615,0.2308,0.0,24.8462,0.0,0.0,0.0,0.0,NASA POWER Daily API,NASA POWER / MERRA-2,0.5 degree latitude x 0.625 degree longitude (~50 km),source-native model grid cell containing city-centre coordinates
Bangkok,4,2000,2025,26,30.7351,36.5631,34.2821,66.6034,12.2308,0.3846,0.0385,19.8846,0.0,0.0,0.0,0.0,NASA POWER Daily API,NASA POWER / MERRA-2,0.5 degree latitude x 0.625 degree longitude (~50 km),source-native model grid cell containing city-centre coordinates
Bangkok,5,2000,2025,26,29.5214,33.947,33.873,75.9253,22.5385,1.3077,0.0,9.7692,0.0,0.0,0.0,0.0,NASA POWER Daily API,NASA POWER / MERRA-2,0.5 degree latitude x 0.625 degree longitude (~50 km),source-native model grid cell containing city-centre coordinates
Bangkok,6,2000,2025,26,28.4266,32.3733,32.5315,80.0957,23.8462,1.1538,0.0,2.9615,0.0,0.0,0.0,0.0,NASA POWER Daily API,NASA POWER / MERRA-2,0.5 degree latitude x 0.625 degree longitude (~50 km),source-native model grid cell containing city-centre coordinates
Bangkok,7,2000,2025,26,27.8306,31.7531,31.6657,81.3464,25.1538,1.0,0.0385,1.3846,0.0,0.0,0.0,0.0,NASA POWER Daily API,NASA POWER / MERRA-2,0.5 degree latitude x 0.625 degree longitude (~50 km),source-native model grid cell containing city-centre coordinates
Bangkok,8,2000,2025,26,27.6821,31.6075,31.5949,82.0579,25.5,1.1538,0.0,0.4231,0.0,0.0,0.0,0.0,NASA POWER Daily API,NASA POWER / MERRA-2,0.5 degree latitude x 0.625 degree longitude (~50 km),source-native model grid cell containing city-centre coordinates
Bangkok,9,2000,2025,26,27.2124,30.6283,31.6267,85.4879,27.0769,3.4615,0.0385,0.0,0.0,0.0,0.0,0.0,NASA POWER Daily API,NASA POWER / MERRA-2,0.5 degree latitude x 0.625 degree longitude (~50 km),source-native model grid cell containing city-centre coordinates
Bangkok,10,2000,2025,26,26.9682,30.56,31.4244,84.9407,22.9615,2.1923,0.0385,0.0,0.0,0.0,0.0,0.0,NASA POWER Daily API,NASA POWER / MERRA-2,0.5 degree latitude x 0.625 degree longitude (~50 km),source-native model grid cell containing city-centre coordinates
Bangkok,11,2000,2025,26,25.8279,30.4178,28.9181,80.6874,7.9231,0.1154,0.0,0.2692,0.0,0.0,0.0,0.0,NASA POWER Daily API,NASA POWER / MERRA-2,0.5 degree latitude x 0.625 degree longitude (~50 km),source-native model grid cell containing city-centre coordinates
Bangkok,12,2000,2025,26,24.8986,30.8295,26.3793,71.8237,2.0,0.0385,0.0,1.2308,0.0,0.0,0.0,0.0,NASA POWER Daily API,NASA POWER / MERRA-2,0.5 degree latitude x 0.625 degree longitude (~50 km),source-native model grid cell containing city-centre coordinates
Sydney,1,2000,2025,26,22.8295,25.6594,22.7823,75.3321,12.5385,0.7692,0.0769,0.5,0.0,0.5385,0.0,0.0,NASA POWER Daily API,NASA POWER / MERRA-2,0.5 degree latitude x 0.625 degree longitude (~50 km),source-native model grid cell containing city-centre coordinates
Sydney,2,2000,2025,26,22.7989,25.2378,22.8708,76.4662,12.7308,1.6154,0.2308,0.1538,0.0,0.2692,0.0,0.0,NASA POWER Daily API,NASA POWER / MERRA-2,0.5 degree latitude x 0.625 degree longitude (~50 km),source-native model grid cell containing city-centre coordinates
Sydney,3,2000,2025,26,21.9173,24.2886,21.6302,75.4369,14.1154,1.8077,0.1538,0.0,0.0,0.4615,0.0,0.0,NASA POWER Daily API,NASA POWER / MERRA-2,0.5 degree latitude x 0.625 degree longitude (~50 km),source-native model grid cell containing city-centre coordinates
Sydney,4,2000,2025,26,19.8246,22.1956,18.7415,73.4713,10.1923,0.7308,0.0769,0.0,0.0,0.2692,0.0,0.0,NASA POWER Daily API,NASA POWER / MERRA-2,0.5 degree latitude x 0.625 degree longitude (~50 km),source-native model grid cell containing city-centre coordinates
Sydney,5,2000,2025,26,17.1345,19.5583,14.9563,71.8466,8.4231,0.4231,0.0385,0.0,0.0,0.1923,0.0,0.0,NASA POWER Daily API,NASA POWER / MERRA-2,0.5 degree latitude x 0.625 degree longitude (~50 km),source-native model grid cell containing city-centre coordinates
Sydney,6,2000,2025,26,14.8752,17.1274,12.0566,74.3598,9.4231,0.8462,0.0769,0.0,0.0,0.5769,0.0,0.0,NASA POWER Daily API,NASA POWER / MERRA-2,0.5 degree latitude x 0.625 degree longitude (~50 km),source-native model grid cell containing city-centre coordinates
Sydney,7,2000,2025,26,14.047,16.5996,10.8805,72.3871,7.3077,0.3846,0.0769,0.0,0.0,0.5,0.0,0.0,NASA POWER Daily API,NASA POWER / MERRA-2,0.5 degree latitude x 0.625 degree longitude (~50 km),source-native model grid cell containing city-centre coordinates
Sydney,8,2000,2025,26,14.6527,17.5011,11.5251,69.7196,6.7692,0.5,0.0,0.0,0.0,0.7308,0.0,0.0,NASA POWER Daily API,NASA POWER / MERRA-2,0.5 degree latitude x 0.625 degree longitude (~50 km),source-native model grid cell containing city-centre coordinates
Sydney,9,2000,2025,26,16.6769,19.8655,14.0633,68.1952,6.5769,0.4231,0.0,0.0,0.0,0.2692,0.0,0.0,NASA POWER Daily API,NASA POWER / MERRA-2,0.5 degree latitude x 0.625 degree longitude (~50 km),source-native model grid cell containing city-centre coordinates
Sydney,10,2000,2025,26,18.4577,21.7409,16.4633,69.392,9.1923,0.4615,0.0385,0.0,0.0,0.5385,0.0,0.0,NASA POWER Daily API,NASA POWER / MERRA-2,0.5 degree latitude x 0.625 degree longitude (~50 km),source-native model grid cell containing city-centre coordinates
Sydney,11,2000,2025,26,19.9168,22.9324,18.6546,73.3396,11.5,0.9615,0.0385,0.0,0.0,0.5385,0.0,0.0,NASA POWER Daily API,NASA POWER / MERRA-2,0.5 degree latitude x 0.625 degree longitude (~50 km),source-native model grid cell containing city-centre coordinates
Sydney,12,2000,2025,26,21.4724,24.5459,20.811,73.201,10.8846,0.5,0.0769,0.1538,0.0,0.3077,0.0,0.0,NASA POWER Daily API,NASA POWER / MERRA-2,0.5 degree latitude x 0.625 degree longitude (~50 km),source-native model grid cell containing city-centre coordinates
Melbourne,1,2000,2025,26,20.0467,25.8685,17.9555,65.554,7.6923,0.4231,0.0,1.8462,0.0,0.8462,0.0,0.0,NASA POWER Daily API,NASA POWER / MERRA-2,0.5 degree latitude x 0.625 degree longitude (~50 km),source-native model grid cell containing city-centre coordinates
Melbourne,2,2000,2025,26,19.9515,25.5071,17.986,67.1218,6.1923,0.2692,0.0769,0.9231,0.0,0.7692,0.0,0.0,NASA POWER Daily API,NASA POWER / MERRA-2,0.5 degree latitude x 0.625 degree longitude (~50 km),source-native model grid cell containing city-centre coordinates
Melbourne,3,2000,2025,26,18.5839,23.8538,16.4027,68.4718,7.5,0.3077,0.0,0.3462,0.0,0.9615,0.0,0.0,NASA POWER Daily API,NASA POWER / MERRA-2,0.5 degree latitude x 0.625 degree longitude (~50 km),source-native model grid cell containing city-centre coordinates
Melbourne,4,2000,2025,26,15.6336,20.2491,13.0641,73.5811,8.5385,0.5385,0.0385,0.0,0.0,0.8846,0.0,0.0,NASA POWER Daily API,NASA POWER / MERRA-2,0.5 degree latitude x 0.625 degree longitude (~50 km),source-native model grid cell containing city-centre coordinates
Melbourne,5,2000,2025,26,12.6131,16.5374,9.327,79.297,11.4231,0.0769,0.0385,0.0,0.0,1.5,0.0,0.0,NASA POWER Daily API,NASA POWER / MERRA-2,0.5 degree latitude x 0.625 degree longitude (~50 km),source-native model grid cell containing city-centre coordinates
Melbourne,6,2000,2025,26,10.289,13.719,6.5294,83.8829,13.0385,0.1538,0.0,0.0,0.0,2.1538,0.0,0.0,NASA POWER Daily API,NASA POWER / MERRA-2,0.5 degree latitude x 0.625 degree longitude (~50 km),source-native model grid cell containing city-centre coordinates
Melbourne,7,2000,2025,26,9.4675,12.9167,5.2696,84.2451,14.1154,0.0769,0.0,0.0,0.0,3.6154,0.0,0.0,NASA POWER Daily API,NASA POWER / MERRA-2,0.5 degree latitude x 0.625 degree longitude (~50 km),source-native model grid cell containing city-centre coordinates
Melbourne,8,2000,2025,26,10.0483,13.7558,5.8403,81.265,13.9615,0.0769,0.0,0.0,0.0,3.6538,0.0,0.0,NASA POWER Daily API,NASA POWER / MERRA-2,0.5 degree latitude x 0.625 degree longitude (~50 km),source-native model grid cell containing city-centre coordinates
Melbourne,9,2000,2025,26,11.8041,15.924,7.8652,77.2782,12.1538,0.2308,0.0,0.0,0.0,3.0,0.0,0.0,NASA POWER Daily API,NASA POWER / MERRA-2,0.5 degree latitude x 0.625 degree longitude (~50 km),source-native model grid cell containing city-centre coordinates
Melbourne,10,2000,2025,26,13.8376,18.5452,10.4225,73.2103,11.8846,0.4231,0.0385,0.0,0.0,2.0385,0.0,0.0,NASA POWER Daily API,NASA POWER / MERRA-2,0.5 degree latitude x 0.625 degree longitude (~50 km),source-native model grid cell containing city-centre coordinates
Melbourne,11,2000,2025,26,16.2461,21.2933,13.517,71.1654,10.6154,0.6154,0.0,0.0769,0.0,1.1538,0.0,0.0,NASA POWER Daily API,NASA POWER / MERRA-2,0.5 degree latitude x 0.625 degree longitude (~50 km),source-native model grid cell containing city-centre coordinates
Melbourne,12,2000,2025,26,18.1103,23.6203,15.5024,66.7313,9.0769,0.5,0.0,0.8462,0.0,1.5385,0.0,0.0,NASA POWER Daily API,NASA POWER / MERRA-2,0.5 degree latitude x 0.625 degree longitude (~50 km),source-native model grid cell containing city-centre coordinates
Auckland,1,2000,2025,26,19.8663,23.1665,17.7717,73.9787,8.1923,0.7308,0.1538,0.0,0.0,3.6923,0.0,0.0,NASA POWER Daily API,NASA POWER / MERRA-2,0.5 degree latitude x 0.625 degree longitude (~50 km),source-native model grid cell containing city-centre coordinates
Auckland,2,2000,2025,26,20.3904,23.7072,18.774,74.3054,8.5385,0.7692,0.1154,0.0,0.0,2.3462,0.0,0.0,NASA POWER Daily API,NASA POWER / MERRA-2,0.5 degree latitude x 0.625 degree longitude (~50 km),source-native model grid cell containing city-centre coordinates
Auckland,3,2000,2025,26,19.0202,22.2678,16.9544,75.1506,9.1538,0.7308,0.0769,0.0,0.0,2.3077,0.0,0.0,NASA POWER Daily API,NASA POWER / MERRA-2,0.5 degree latitude x 0.625 degree longitude (~50 km),source-native model grid cell containing city-centre coordinates
Auckland,4,2000,2025,26,17.1253,19.9624,14.5403,78.3584,11.3846,1.0,0.1154,0.0,0.0,3.8462,0.0,0.0,NASA POWER Daily API,NASA POWER / MERRA-2,0.5 degree latitude x 0.625 degree longitude (~50 km),source-native model grid cell containing city-centre coordinates
Auckland,5,2000,2025,26,14.7967,17.2852,11.4141,81.7907,14.8462,1.0769,0.1923,0.0,0.0,5.9231,0.0,0.0,NASA POWER Daily API,NASA POWER / MERRA-2,0.5 degree latitude x 0.625 degree longitude (~50 km),source-native model grid cell containing city-centre coordinates
Auckland,6,2000,2025,26,12.747,14.9759,8.7071,84.116,15.2308,1.1923,0.0385,0.0,0.0,5.8846,0.0,0.0,NASA POWER Daily API,NASA POWER / MERRA-2,0.5 degree latitude x 0.625 degree longitude (~50 km),source-native model grid cell containing city-centre coordinates
Auckland,7,2000,2025,26,11.6085,13.96,7.2341,84.4195,15.1538,1.0385,0.0769,0.0,0.0,7.1538,0.0,0.0,NASA POWER Daily API,NASA POWER / MERRA-2,0.5 degree latitude x 0.625 degree longitude (~50 km),source-native model grid cell containing city-centre coordinates
Auckland,8,2000,2025,26,11.7677,14.2505,7.5771,83.359,15.1154,0.7308,0.0,0.0,0.0,5.5385,0.0,0.0,NASA POWER Daily API,NASA POWER / MERRA-2,0.5 degree latitude x 0.625 degree longitude (~50 km),source-native model grid cell containing city-centre coordinates
Auckland,9,2000,2025,26,12.9852,15.6524,8.7344,81.466,13.2308,0.7692,0.0,0.0,0.0,6.2308,0.0,0.0,NASA POWER Daily API,NASA POWER / MERRA-2,0.5 degree latitude x 0.625 degree longitude (~50 km),source-native model grid cell containing city-centre coordinates
Auckland,10,2000,2025,26,14.3678,17.144,10.2384,79.2526,12.7308,0.5,0.0385,0.0,0.0,7.1538,0.0,0.0,NASA POWER Daily API,NASA POWER / MERRA-2,0.5 degree latitude x 0.625 degree longitude (~50 km),source-native model grid cell containing city-centre coordinates
Auckland,11,2000,2025,26,16.2144,19.2574,12.7699,76.4665,10.1923,0.3846,0.0,0.0,0.0,5.5385,0.0,0.0,NASA POWER Daily API,NASA POWER / MERRA-2,0.5 degree latitude x 0.625 degree longitude (~50 km),source-native model grid cell containing city-centre coordinates
Auckland,12,2000,2025,26,18.496,21.5354,15.8433,76.0805,11.4231,0.7692,0.0385,0.0,0.0,3.7692,0.0,0.0,NASA POWER Daily API,NASA POWER / MERRA-2,0.5 degree latitude x 0.625 degree longitude (~50 km),source-native model grid cell containing city-centre coordinates
Dubai,1,2000,2025,26,20.2924,23.3641,18.4103,62.7258,2.6154,0.1538,0.0,0.0,0.0,0.6154,0.0,0.0,NASA POWER Daily API,NASA POWER / MERRA-2,0.5 degree latitude x 0.625 degree longitude (~50 km),source-native model grid cell containing city-centre coordinates
Dubai,2,2000,2025,26,20.9416,24.5328,19.0978,62.2767,1.1923,0.1154,0.0385,0.0,0.0,0.9231,0.0,0.0,NASA POWER Daily API,NASA POWER / MERRA-2,0.5 degree latitude x 0.625 degree longitude (~50 km),source-native model grid cell containing city-centre coordinates
Dubai,3,2000,2025,26,23.4062,27.453,22.167,60.5455,2.3846,0.0769,0.0,0.1538,0.0,0.8846,0.0,0.0,NASA POWER Daily API,NASA POWER / MERRA-2,0.5 degree latitude x 0.625 degree longitude (~50 km),source-native model grid cell containing city-centre coordinates
Dubai,4,2000,2025,26,26.9777,31.3144,26.9778,57.8116,1.7308,0.0385,0.0385,2.3846,0.0,0.3462,0.0,0.0,NASA POWER Daily API,NASA POWER / MERRA-2,0.5 degree latitude x 0.625 degree longitude (~50 km),source-native model grid cell containing city-centre coordinates
Dubai,5,2000,2025,26,30.6597,35.2778,32.3492,58.5654,0.4615,0.0769,0.0,17.8077,0.0,0.1923,0.0,0.0,NASA POWER Daily API,NASA POWER / MERRA-2,0.5 degree latitude x 0.625 degree longitude (~50 km),source-native model grid cell containing city-centre coordinates
Dubai,6,2000,2025,26,33.1771,37.8039,36.5447,59.8513,0.4615,0.0385,0.0,27.9231,0.0,0.1538,0.0,0.0,NASA POWER Daily API,NASA POWER / MERRA-2,0.5 degree latitude x 0.625 degree longitude (~50 km),source-native model grid cell containing city-centre coordinates
Dubai,7,2000,2025,26,35.1653,39.3722,39.0682,56.3768,0.2692,0.0,0.0,30.8077,0.0,0.1154,0.0,0.0,NASA POWER Daily API,NASA POWER / MERRA-2,0.5 degree latitude x 0.625 degree longitude (~50 km),source-native model grid cell containing city-centre coordinates
Dubai,8,2000,2025,26,35.5138,39.7751,38.9954,52.3478,0.5769,0.0769,0.0385,31.0,0.0,0.0769,0.0,0.0,NASA POWER Daily API,NASA POWER / MERRA-2,0.5 degree latitude x 0.625 degree longitude (~50 km),source-native model grid cell containing city-centre coordinates
Dubai,9,2000,2025,26,33.5503,37.785,36.7845,55.9975,0.2692,0.0385,0.0,29.0769,0.0,0.0,0.0,0.0,NASA POWER Daily API,NASA POWER / MERRA-2,0.5 degree latitude x 0.625 degree longitude (~50 km),source-native model grid cell containing city-centre coordinates
Dubai,10,2000,2025,26,30.7997,34.5899,32.828,56.3452,0.2308,0.0,0.0,12.1154,0.0,0.0385,0.0,0.0,NASA POWER Daily API,NASA POWER / MERRA-2,0.5 degree latitude x 0.625 degree longitude (~50 km),source-native model grid cell containing city-centre coordinates
Dubai,11,2000,2025,26,26.7561,29.9075,26.9331,57.063,1.5385,0.0,0.0,0.0385,0.0,0.0385,0.0,0.0,NASA POWER Daily API,NASA POWER / MERRA-2,0.5 degree latitude x 0.625 degree longitude (~50 km),source-native model grid cell containing city-centre coordinates
Dubai,12,2000,2025,26,22.6815,25.6482,21.7546,61.585,2.2308,0.2692,0.0,0.0,0.0,0.2308,0.0,0.0,NASA POWER Daily API,NASA POWER / MERRA-2,0.5 degree latitude x 0.625 degree longitude (~50 km),source-native model grid cell containing city-centre coordinates
Istanbul,1,2000,2025,26,6.0364,8.5666,0.8875,83.2714,12.7308,0.4615,0.0,0.0,4.0385,4.5769,0.7692,0.0,NASA POWER Daily API,NASA POWER / MERRA-2,0.5 degree latitude x 0.625 degree longitude (~50 km),source-native model grid cell containing city-centre coordinates
Istanbul,2,2000,2025,26,6.5361,9.385,1.3657,82.0423,11.3462,0.3846,0.0,0.0,2.6154,4.3462,0.3077,0.0,NASA POWER Daily API,NASA POWER / MERRA-2,0.5 degree latitude x 0.625 degree longitude (~50 km),source-native model grid cell containing city-centre coordinates
Istanbul,3,2000,2025,26,8.5209,11.8492,3.8767,79.2532,10.0769,0.0769,0.0,0.0,0.6538,3.4231,0.0385,0.0,NASA POWER Daily API,NASA POWER / MERRA-2,0.5 degree latitude x 0.625 degree longitude (~50 km),source-native model grid cell containing city-centre coordinates
Istanbul,4,2000,2025,26,12.2486,16.0034,8.6773,76.6054,8.0385,0.1538,0.0,0.0,0.0,1.9615,0.0,0.0,NASA POWER Daily API,NASA POWER / MERRA-2,0.5 degree latitude x 0.625 degree longitude (~50 km),source-native model grid cell containing city-centre coordinates
Istanbul,5,2000,2025,26,17.2954,21.0666,15.1882,74.0421,6.4615,0.0385,0.0,0.0,0.0,0.9615,0.0,0.0,NASA POWER Daily API,NASA POWER / MERRA-2,0.5 degree latitude x 0.625 degree longitude (~50 km),source-native model grid cell containing city-centre coordinates
Istanbul,6,2000,2025,26,22.2922,25.9922,21.4293,69.4082,7.0,0.0769,0.0,0.0769,0.0,0.6923,0.0,0.0,NASA POWER Daily API,NASA POWER / MERRA-2,0.5 degree latitude x 0.625 degree longitude (~50 km),source-native model grid cell containing city-centre coordinates
Istanbul,7,2000,2025,26,25.3186,29.1741,24.6874,65.1716,3.5,0.1538,0.0,0.3846,0.0,1.3077,0.0,0.0,NASA POWER Daily API,NASA POWER / MERRA-2,0.5 degree latitude x 0.625 degree longitude (~50 km),source-native model grid cell containing city-centre coordinates
Istanbul,8,2000,2025,26,25.5977,29.3837,24.7777,66.128,3.5385,0.1538,0.0,0.2692,0.0,2.4615,0.0,0.0,NASA POWER Daily API,NASA POWER / MERRA-2,0.5 degree latitude x 0.625 degree longitude (~50 km),source-native model grid cell containing city-centre coordinates
Istanbul,9,2000,2025,26,21.9971,25.4992,20.3001,67.8377,7.1154,0.3462,0.0,0.0,0.0,1.9615,0.0,0.0,NASA POWER Daily API,NASA POWER / MERRA-2,0.5 degree latitude x 0.625 degree longitude (~50 km),source-native model grid cell containing city-centre coordinates
Istanbul,10,2000,2025,26,16.9827,20.1141,14.3062,75.5584,8.3846,0.6538,0.0385,0.0,0.0,2.0769,0.0,0.0,NASA POWER Daily API,NASA POWER / MERRA-2,0.5 degree latitude x 0.625 degree longitude (~50 km),source-native model grid cell containing city-centre coordinates
Istanbul,11,2000,2025,26,12.6341,15.551,9.0839,79.7212,9.2692,0.3846,0.0,0.0,0.0,3.1154,0.0,0.0,NASA POWER Daily API,NASA POWER / MERRA-2,0.5 degree latitude x 0.625 degree longitude (~50 km),source-native model grid cell containing city-centre coordinates
Istanbul,12,2000,2025,26,8.2423,10.714,3.6082,82.6189,12.1538,0.4231,0.0,0.0,0.9615,4.1154,0.0,0.0,NASA POWER Daily API,NASA POWER / MERRA-2,0.5 degree latitude x 0.625 degree longitude (~50 km),source-native model grid cell containing city-centre coordinates
Cape Town,1,2000,2025,26,19.896,21.6782,16.9876,78.4009,2.6923,0.0385,0.0,0.0,0.0,8.5385,0.0,0.0,NASA POWER Daily API,NASA POWER / MERRA-2,0.5 degree latitude x 0.625 degree longitude (~50 km),source-native model grid cell containing city-centre coordinates
Cape Town,2,2000,2025,26,20.1054,21.9369,17.5199,78.9117,2.0385,0.0,0.0,0.0,0.0,6.0385,0.0,0.0,NASA POWER Daily API,NASA POWER / MERRA-2,0.5 degree latitude x 0.625 degree longitude (~50 km),source-native model grid cell containing city-centre coordinates
Cape Town,3,2000,2025,26,19.1153,20.9337,16.5952,80.0522,4.3462,0.1154,0.0,0.0,0.0,6.0769,0.0,0.0,NASA POWER Daily API,NASA POWER / MERRA-2,0.5 degree latitude x 0.625 degree longitude (~50 km),source-native model grid cell containing city-centre coordinates
Cape Town,4,2000,2025,26,17.5407,19.3953,14.7918,79.8251,6.1923,0.2692,0.0385,0.0,0.0,4.0385,0.0,0.0,NASA POWER Daily API,NASA POWER / MERRA-2,0.5 degree latitude x 0.625 degree longitude (~50 km),source-native model grid cell containing city-centre coordinates
Cape Town,5,2000,2025,26,16.3914,17.9698,13.5709,80.8416,9.9231,0.3846,0.0385,0.0,0.0,3.6923,0.0,0.0,NASA POWER Daily API,NASA POWER / MERRA-2,0.5 degree latitude x 0.625 degree longitude (~50 km),source-native model grid cell containing city-centre coordinates
Cape Town,6,2000,2025,26,15.1819,16.5852,11.5605,78.7687,11.5769,1.0769,0.1538,0.0,0.0,5.4231,0.0,0.0,NASA POWER Daily API,NASA POWER / MERRA-2,0.5 degree latitude x 0.625 degree longitude (~50 km),source-native model grid cell containing city-centre coordinates
Cape Town,7,2000,2025,26,14.3514,15.7468,10.4939,79.4534,11.3077,0.9615,0.1154,0.0,0.0,5.2692,0.0,0.0,NASA POWER Daily API,NASA POWER / MERRA-2,0.5 degree latitude x 0.625 degree longitude (~50 km),source-native model grid cell containing city-centre coordinates
Cape Town,8,2000,2025,26,14.2537,15.6348,10.2832,79.5924,11.7308,0.5,0.0385,0.0,0.0,5.5769,0.0,0.0,NASA POWER Daily API,NASA POWER / MERRA-2,0.5 degree latitude x 0.625 degree longitude (~50 km),source-native model grid cell containing city-centre coordinates
Cape Town,9,2000,2025,26,14.9021,16.4137,11.0761,79.4993,8.7308,0.1923,0.0385,0.0,0.0,4.4615,0.0,0.0,NASA POWER Daily API,NASA POWER / MERRA-2,0.5 degree latitude x 0.625 degree longitude (~50 km),source-native model grid cell containing city-centre coordinates
Cape Town,10,2000,2025,26,16.1949,17.9174,12.5154,79.5827,5.9615,0.1538,0.0385,0.0,0.0,6.1923,0.0,0.0,NASA POWER Daily API,NASA POWER / MERRA-2,0.5 degree latitude x 0.625 degree longitude (~50 km),source-native model grid cell containing city-centre coordinates
Cape Town,11,2000,2025,26,17.4346,19.1784,13.8607,78.13,4.7692,0.2308,0.0385,0.0,0.0,6.1923,0.0,0.0,NASA POWER Daily API,NASA POWER / MERRA-2,0.5 degree latitude x 0.625 degree longitude (~50 km),source-native model grid cell containing city-centre coordinates
Cape Town,12,2000,2025,26,18.9548,20.6585,15.7999,77.7292,3.2692,0.0385,0.0,0.0,0.0,6.5385,0.0,0.0,NASA POWER Daily API,NASA POWER / MERRA-2,0.5 degree latitude x 0.625 degree longitude (~50 km),source-native model grid cell containing city-centre coordinates
Nairobi,1,2000,2025,26,20.491,28.0332,18.0988,63.3828,8.3077,0.0385,0.0,0.0,0.0,0.0385,0.0,0.0,NASA POWER Daily API,NASA POWER / MERRA-2,0.5 degree latitude x 0.625 degree longitude (~50 km),source-native model grid cell containing city-centre coordinates
Nairobi,2,2000,2025,26,21.502,29.5271,18.9628,58.4147,6.5385,0.0769,0.0,0.0385,0.0,0.0,0.0,0.0,NASA POWER Daily API,NASA POWER / MERRA-2,0.5 degree latitude x 0.625 degree longitude (~50 km),source-native model grid cell containing city-centre coordinates
Nairobi,3,2000,2025,26,21.7505,29.498,19.7106,62.2141,12.0769,0.2692,0.0,0.0,0.0,0.0,0.0,0.0,NASA POWER Daily API,NASA POWER / MERRA-2,0.5 degree latitude x 0.625 degree longitude (~50 km),source-native model grid cell containing city-centre coordinates
Nairobi,4,2000,2025,26,20.5494,27.4538,19.4194,72.7414,20.8077,0.6154,0.0385,0.0,0.0,0.0,0.0,0.0,NASA POWER Daily API,NASA POWER / MERRA-2,0.5 degree latitude x 0.625 degree longitude (~50 km),source-native model grid cell containing city-centre coordinates
Nairobi,5,2000,2025,26,19.4591,26.3291,18.534,74.3636,14.3077,0.1923,0.0,0.0,0.0,0.0,0.0,0.0,NASA POWER Daily API,NASA POWER / MERRA-2,0.5 degree latitude x 0.625 degree longitude (~50 km),source-native model grid cell containing city-centre coordinates
Nairobi,6,2000,2025,26,18.8449,26.0932,17.6242,69.4559,6.3077,0.0,0.0,0.0,0.0,0.0,0.0,0.0,NASA POWER Daily API,NASA POWER / MERRA-2,0.5 degree latitude x 0.625 degree longitude (~50 km),source-native model grid cell containing city-centre coordinates
Nairobi,7,2000,2025,26,18.7394,26.2916,16.9951,64.1851,4.4615,0.0,0.0,0.0,0.0,0.0,0.0,0.0,NASA POWER Daily API,NASA POWER / MERRA-2,0.5 degree latitude x 0.625 degree longitude (~50 km),source-native model grid cell containing city-centre coordinates
Nairobi,8,2000,2025,26,19.1887,27.0324,17.1913,62.8548,6.3077,0.0,0.0,0.0,0.0,0.0,0.0,0.0,NASA POWER Daily API,NASA POWER / MERRA-2,0.5 degree latitude x 0.625 degree longitude (~50 km),source-native model grid cell containing city-centre coordinates
Nairobi,9,2000,2025,26,20.3982,28.7084,18.0929,59.2052,4.9231,0.0,0.0,0.0,0.0,0.0,0.0,0.0,NASA POWER Daily API,NASA POWER / MERRA-2,0.5 degree latitude x 0.625 degree longitude (~50 km),source-native model grid cell containing city-centre coordinates
Nairobi,10,2000,2025,26,20.9785,29.1041,18.5697,61.1685,12.1538,0.0769,0.0,0.0,0.0,0.0,0.0,0.0,NASA POWER Daily API,NASA POWER / MERRA-2,0.5 degree latitude x 0.625 degree longitude (~50 km),source-native model grid cell containing city-centre coordinates
Nairobi,11,2000,2025,26,20.2496,27.1235,18.4209,72.0792,20.1923,0.0769,0.0,0.0,0.0,0.0,0.0,0.0,NASA POWER Daily API,NASA POWER / MERRA-2,0.5 degree latitude x 0.625 degree longitude (~50 km),source-native model grid cell containing city-centre coordinates
Nairobi,12,2000,2025,26,20.0194,26.8543,18.0102,71.5408,14.7692,0.1154,0.0,0.0,0.0,0.0769,0.0,0.0,NASA POWER Daily API,NASA POWER / MERRA-2,0.5 degree latitude x 0.625 degree longitude (~50 km),source-native model grid cell containing city-centre coordinates
